DBRep_DrawableShape

CASCADE Topology V1, (c) Matra-Datavision
Locations 3
1
              1               0               0           -8.25 
              0               1               0           119.5 
              0               0               1            68.1 
1
              1               0               0 2.22044604925031e-16 
              0               1               0               0 
              0               0               1               0 
2  2 -1 0
Curve2ds 2874
1 6.2831853071795862 0 0 1 
1 0 0 0 1 
1 0 0.010000000000000009 1 0 
2 2.1499999999999986 2.1499999999999999 -1 0 0 1 0.11241838985786501
1 3.1415926535897931 0 0 1 
1 3.1415926535897931 0 0 1 
1 0 0 1 0 
2 0 0 1 0 -0 1 0.11241838985786501
1 0.31917245847980569 0.10349624557799997 1 0 
1 0.01 0 -0 -1 
1 0.34600172677248864 0.10349624557799997 0.36354248565270658 -0.93157761948506024 
1 0 -0.01 -1 0 
1 0.42405050726029353 -0.096503754422000071 -1 0 
1 -0.01 0 0 1 
1 0.39478221457736673 -0.096503754422000071 -0.3393303772748778 0.94066726054354055 
1 -0 -0.01 -1 0 
1 0.37454593408956183 -0.040406193446390307 -1 0 
1 -0.01 0 0 1 
1 0.29192398287004961 -0.040406193446390307 -0.32220248560611264 -0.94667077607225347 
1 0 -0.01 -1 0 
1 0.27283099506517161 -0.096503754422000071 -1 0 
1 -0.01 0 0 1 
1 0.24356270238224476 -0.096503754422000071 0.35362239232907561 0.93538826358013571 
1 0 -0.01 -1 0 
1 -2.5000000000000009 -2.5 0 1 
1 -1 0 0 1 
1 2.4999999999999991 -2.5 -1 0 
1 -1 0 0 1 
1 2.4999999999999991 -2.5 0 -1 
1 1 0 0 -1 
1 2.4999999999999991 2.5 1 0 
1 1 0 0 -1 
7 0 0  3 19 17  0.22892855604078122 0.006011489480438963  0.22884778260025221 0.0022339725791690498  0.2286894514808448 -0.0051706702791930754  0.22724229575443933 -0.015977109294938726  0.22493215653774054 -0.02621651588339247  0.22168940416572297 -0.035883072851147196  0.21749098694367419 -0.044969807921037372  0.21228557501094178 -0.053443523325696157  0.20621346492311535 -0.061368828345228915  0.19923305500944127 -0.068637139798846739  0.19151322469580859 -0.075142252628567038  0.18325825743977489 -0.080927615080549173  0.17439722198778765 -0.085734480212977568  0.16500580029528522 -0.089661917735590124  0.15510041798059326 -0.092780068348247119  0.14463814643403494 -0.094903064039462234  0.1336665343269578 -0.09629874776113824  0.12616371163170476 -0.096434493346768957  0.12233556823590315 -0.096503754422000071 
 0 4 0.068068695844994018 1 0.13342743281895506 1 0.19614603381315651 1 0.25704859244931272 1 0.31688266315916197 1 0.37618720866632144 1 0.43596033536354611 1 0.49653523686272621 1 0.55746534348073307 1 0.61768686341014678 1 0.67794364069690605 1 0.73880528480604024 1 0.80094933676658409 1 0.86481466747022662 1 0.93102478107865716 1 1 4
1 -6.3344813021208566e-18 1.0000000000000002 1 0 
1 0.12233556823590315 -0.096503754422000071 -1 0 
1 -0.01 0 0 1 
1 0.067952946284683638 -0.096503754422000071 0 1 
1 -0.01 0 0 1 
1 0.067952946284683638 0.10349624557799997 1 0 
1 0.01 0 -0 -1 
7 0 0  3 19 17  0.12439349506517146 0.10349624557799997  0.12806786787844138 0.1034143471874835  0.13527228100268957 0.10325376744517736  0.14583710983991585 0.10203397639658834  0.15591627844188288 0.099917242434826123  0.16553750384797836 0.09702954268890332  0.17471193065771309 0.093340537779871197  0.1833531282186755 0.088719199434822829  0.19155590902960404 0.083326141715041407  0.19921353152315188 0.077149668058266105  0.20619318663484482 0.070282037160697627  0.21227761081667471 0.062771102428095485  0.21748682288440779 0.054717321507506599  0.22167886774262535 0.046057013936845102  0.22493386543249216 0.036836841452648095  0.22723882826294964 0.027063489863216751  0.22869261780311051 0.016725889645832877  0.22884872246202634 0.0096368827946357958  0.22892855604078122 0.006011489480438963 
 0 4 0.068631178676601165 1 0.13456646603867722 1 0.19832815401088114 1 0.26078976664084502 1 0.32199915148415842 1 0.38272174650301966 1 0.44353747403572874 1 0.5051334294849249 1 0.56621387476467178 1 0.62610586461754558 1 0.68534932216051658 1 0.74499587034779735 1 0.80541584181456272 1 0.86763626634595314 1 0.93230778230232925 1 1 4
1 -3.2609895359474498e-16 1.0000000000000007 1 0 
1 -0.051559248837267556 -0.074552534909804957 1 0 
1 0.01 0 -0 -1 
1 0.028928556040781241 -0.074552534909804957 -0 -1 
1 0.01 0 -0 -1 
1 0.028928556040781241 -0.096503754422000071 -1 0 
1 -0.01 0 0 1 
1 -0.0783885171299505 -0.096503754422000071 0 1 
1 -0.01 0 0 1 
1 -0.0783885171299505 0.10349624557799997 1 0 
1 0.01 0 -0 -1 
1 0.024050507260293438 0.10349624557799997 -0 -1 
1 0.01 0 -0 -1 
1 0.024050507260293438 0.08154502606580484 -1 0 
1 -0.01 0 0 1 
1 -0.051559248837267556 0.08154502606580484 -0 -1 
1 0.01 0 -0 -1 
1 -0.051559248837267556 0.015691367529219458 1 0 
1 0.01 0 -0 -1 
1 0.019172458479805619 0.015691367529219458 -0 -1 
1 0.01 0 -0 -1 
1 0.019172458479805619 -0.0062598519829756743 -1 0 
1 -0.01 0 0 1 
1 -0.051559248837267556 -0.0062598519829756743 -0 -1 
1 0.01 0 -0 -1 
7 0 0  3 11 9  -0.16874674883726759 -0.076991559300048848  -0.16633166472411628 -0.076959851190564754  -0.16156974902529778 -0.07689733107231711  -0.15454737265709523 -0.076255736082545003  -0.14774532690073203 -0.075290092219539362  -0.14119317673000864 -0.073868749275149817  -0.1348684579344748 -0.072089548705150788  -0.12880702733758126 -0.069854736483676405  -0.12294411564660435 -0.067302118806360237  -0.11925137339962025 -0.065222192086875852  -0.11741290737385296 -0.064186681251268349 
 0 4 0.13529460476342914 1 0.26676565792474827 1 0.39481601883587236 1 0.52005165443424617 1 0.64217570297082172 1 0.7626518205584234 1 0.88183400438050219 1 1 4
1 -6.2331799335728355e-16 1.0000000000000007 1 -4.4408920985006143e-16 
1 -0.11741290737385296 -0.064186681251268349 -0 -1 
1 0.01 0 -0 -1 
7 0 0  3 11 9  -0.11741290737385297 -0.08613790076346349  -0.1192895855288508 -0.087173750697442057  -0.12307016024333861 -0.089260474016501432  -0.12911609314025779 -0.09183529203893985  -0.13547787972484146 -0.094056193760998399  -0.14221120222071382 -0.095827163673272459  -0.14927129948330856 -0.097250446823089781  -0.15669558133037817 -0.098214487500443218  -0.16445463511660793 -0.098849084102725776  -0.16974899645201258 -0.098911178050165346  -0.172443395178731 -0.098942778812243962 
 0 4 0.11244838990880067 1 0.22652767521267789 1 0.34440194932602819 1 0.46586497248745873 1 0.5916594493521169 1 0.72216848702488767 1 0.85860638755492646 1 1 4
1 -4.9987649382212535e-15 1.0000000000000007 1 0 
7 0 0  3 19 17  -0.172443395178731 -0.098942778812243962  -0.17591520748903125 -0.098865347395273709  -0.18270472642203509 -0.098713921562152168  -0.19262321879513009 -0.097440211110363731  -0.20200647415114487 -0.095313708131014863  -0.21085123339860395 -0.092325893268627945  -0.21918843965037901 -0.088550477728719129  -0.22697490534664364 -0.083883691649815642  -0.23415910308095861 -0.078288782573750215  -0.24083609867930308 -0.071991284367189365  -0.24679376900629335 -0.064945262954973729  -0.25200858507090512 -0.05732392599146173  -0.25642029478631967 -0.049150978465993117  -0.26000009908624166 -0.040421933528532288  -0.26278982577000953 -0.031154510410035214  -0.26474073313505792 -0.021340367123527965  -0.26600856059509675 -0.010993272746417239  -0.26613088548037028 -0.0039009134150296779  -0.26619339517873103 -0.00027662027565857658 
 0 4 0.067833248455773584 1 0.13265553650790413 1 0.19505088405082785 1 0.25558293306877716 1 0.31479983414728996 1 0.37360047282637454 1 0.43254559532674353 1 0.4924306292835654 1 0.5526712559629694 1 0.61251304418811636 1 0.67261025035700639 1 0.73383836931394597 1 0.79659423856777389 1 0.8614497992905733 1 0.9291989423509055 1 1 4
1 1.18181965081649e-16 1.0000000000000007 1 0 
7 0 0  3 19 17  -0.26619339517873103 -0.00027662027565857658  -0.26610629048769846 0.0036144819463008329  -0.26593581802771993 0.011229752260018348  -0.26458079489055514 0.022365143935444896  -0.26235742320986416 0.032923943026483923  -0.25917548634200249 0.042890121562372659  -0.2551235482982907 0.052277149479122396  -0.25019816533564798 0.061097517057907641  -0.24431930510065469 0.069305779015364527  -0.23758059020252356 0.076846144219429161  -0.23020499925800525 0.08368084551967625  -0.22224676782268679 0.089644930081195479  -0.21380189184105505 0.094685079859125526  -0.20488232462128259 0.098834531141141324  -0.19545527635433216 0.10200198371408561  -0.18556485359813549 0.10427676401161874  -0.1751769939732627 0.10568634968987967  -0.16809069154828354 0.1058512249655532  -0.16447845615434079 0.10593526996824387 
 0 4 0.070643718575354147 1 0.1382567155089047 1 0.20336412421758021 1 0.26632409380305683 1 0.32790476154298948 1 0.3887377151730923 1 0.44942352810930247 1 0.51086101145931562 1 0.57207939604751468 1 0.63173442873144536 1 0.6911172105788379 1 0.75036002949017067 1 0.81003290053126209 1 0.8713624508287362 1 0.93442714123115345 1 1 4
1 9.0228447626977982e-19 1.0000000000000007 1 0 
7 0 0  3 11 9  -0.16447845615434079 0.10593526996824387  -0.16215308402957651 0.10591860108112218  -0.15761335145997726 0.10588605906818611  -0.15095350246624301 0.10547797921502765  -0.14460404704063587 0.10490123747139589  -0.13855579677252083 0.10400191312421052  -0.13280906287635319 0.10293136124583446  -0.12738537348411844 0.10153584554075495  -0.12225063421724064 0.099972180683687781  -0.11900493207598375 0.098654678626125883  -0.11741290737385297 0.098008440699951196 
 0 4 0.14518686647246976 1 0.28344261091972972 1 0.41652436592882869 1 0.54318112353508274 1 0.66515308263771378 1 0.78136020631271541 1 0.89275665564180906 1 1 4
1 -7.5021485792164727e-16 1.0000000000000007 1 0 
1 -0.11741290737385296 0.098008440699951183 -0 -1 
1 0.01 0 -0 -1 
7 0 0  3 11 9  -0.11741290737385296 0.071179172407268246  -0.1191889844994047 0.072211207005564063  -0.12272498527394024 0.074265889815460479  -0.12828647159670023 0.076834647700679853  -0.13395512022689082 0.079062675335497656  -0.13977061453787479 0.08084127550143437  -0.14569635353671162 0.082277508785683545  -0.15176341060475648 0.083240830928246357  -0.15796029081832236 0.083888957646057749  -0.16213937167587095 0.083952142336780985  -0.16424979761775541 0.083984050456048731 
 0 4 0.12527969673562597 1 0.2494199707420513 1 0.37335679949281936 1 0.49668127878228613 1 0.62020291574398256 1 0.74508632016145604 1 0.87126919501909783 1 1 4
1 8.4123924189508092e-17 1.0000000000000007 1 0 
7 0 0  3 19 17  -0.16424979761775541 0.083984050456048731  -0.16695966999065745 0.083925783238853233  -0.17227431814069355 0.08381150857367986  -0.18003861368299393 0.082689542636591007  -0.18744409231934869 0.081010954790136896  -0.19446105858307297 0.078554211334358096  -0.20108154467643288 0.075383405265319031  -0.2072998094761774 0.071486643802897154  -0.21315404168758856 0.066947473327987631  -0.2185549369875078 0.061709265877166464  -0.22347665494267835 0.055916645121857129  -0.22770122100976803 0.049531302987808223  -0.23136456105395961 0.04272606697025165  -0.23429815663873232 0.035381540923604939  -0.23657005648760659 0.027554076149777486  -0.23820988929350681 0.01925435321656602  -0.23915998582999778 0.010467064532735361  -0.23929486399015909 0.0044513174251002109  -0.23936412688604811 0.0013620992365365415 
 0 4 0.064603970288392112 1 0.12670241396294715 1 0.18675681403561817 1 0.24550568736543732 1 0.3036520244499753 1 0.36150307397062531 1 0.42024022292846747 1 0.48003334077669618 1 0.54067813477551596 1 0.60119180638078173 1 0.66233350247744238 1 0.72473951029723183 1 0.78946773617288668 1 0.85650486004383075 1 0.92631209583919027 1 1 4
1 -1.5744302000322397e-16 1.0000000000000007 1 0 
7 0 0  3 19 17  -0.23936412688604811 0.0013620992365365415  -0.23930856291602279 -0.0015621419026177062  -0.23920004779337747 -0.0072731158613653151  -0.23826773046871691 -0.015608651445929796  -0.2367574816200626 -0.023489995814863825  -0.23463501328051994 -0.030910202050782126  -0.23186739224273248 -0.03786240326608846  -0.22852420302558377 -0.044365071436822355  -0.22452699947495566 -0.05038884176369969  -0.21996401951547512 -0.055905513613077835  -0.21489790984460391 -0.060852644035107449  -0.20943475825663563 -0.06519733609961112  -0.20356266222915229 -0.068823801465766166  -0.1973363780938886 -0.071830981642047056  -0.1907277742834175 -0.074155946680668425  -0.18372448022119203 -0.075785828710030659  -0.17635999900406985 -0.076795342571583908  -0.171316083839511 -0.07692533968327217  -0.16874674883726759 -0.076991559300048848 
 0 4 0.073774119374063613 1 0.14407911472604137 1 0.21134851830891152 1 0.27607688573988381 1 0.33852091581967658 1 0.39988511669313359 1 0.46025406746521308 1 0.52058896439124791 1 0.58020768456304417 1 0.63863290855254573 1 0.69636454949052384 1 0.7540017746600125 1 0.81280568137449793 1 0.87275442552556037 1 0.93518199697826709 1 1 4
1 3.7127761912065007e-18 1.0000000000000007 1 0 
1 -0.35887632200799924 -0.074552534909804957 1 0 
1 0.01 0 -0 -1 
1 -0.28326656591043831 -0.074552534909804957 -0 -1 
1 0.01 0 -0 -1 
1 -0.28326656591043831 -0.096503754422000071 -1 0 
1 -0.01 0 0 1 
1 -0.38570559030068224 -0.096503754422000071 0 1 
1 -0.01 0 0 1 
1 -0.38570559030068224 0.10349624557799997 1 0 
1 0.01 0 -0 -1 
1 -0.35887632200799924 0.10349624557799997 -0 -1 
1 0.01 0 -0 -1 
1 -0.010454874722776165 0.24885234500886505 -0 -1 
1 0.010000000000000009 0 0 -1 
1 -0.010454874722776165 0.2049499059844748 1 0 
1 0.010000000000000009 0 0 -1 
1 0.14076463747234583 0.2049499059844748 -0 -1 
1 0.010000000000000009 0 0 -1 
1 0.14076463747234583 0.06836454013081622 -1 0 
1 -0.010000000000000009 0 0 1 
1 -0.00069877716180052961 0.06836454013081622 -0 -1 
1 0.010000000000000009 0 0 -1 
1 -0.00069877716180052961 0.024462101106425962 1 0 
1 0.010000000000000009 0 0 -1 
1 0.14076463747234583 0.024462101106425962 -0 -1 
1 0.010000000000000009 0 0 -1 
1 0.14076463747234583 -0.15114765499113503 1 0 
1 0.010000000000000009 0 0 -1 
1 0.1944231740577117 -0.15114765499113503 0 1 
1 -0.010000000000000009 0 0 1 
1 0.1944231740577117 0.24885234500886505 -1 0 
1 -0.010000000000000009 0 0 1 
1 -0.50313780155204479 -0.13529399645454965 0 1 
1 -0.010000000000000009 0 0 1 
7 0 0  3 11 9  -0.50313780155204479 -0.081635459869183802  -0.50652563892388647 -0.084087865366455308  -0.51324450062141214 -0.08895155023497095  -0.52399069888592609 -0.095067517915534583  -0.53498391920834298 -0.10040997652039019  -0.5463646438193831 -0.10462443626043369  -0.55801411260927236 -0.10805613868053354  -0.57001277380524196 -0.11035925835813989  -0.58234087501322584 -0.11189257389068848  -0.59068387144954237 -0.11204574694402505  -0.59490609423497154 -0.11212326474723258 
 0 4 0.12736348106366838 1 0.25259111363925685 1 0.37621931245981655 1 0.4994590020152484 1 0.62197425529753736 1 0.74587610478869792 1 0.8713930050344274 1 1 4
1 2.82568496461979e-16 1.0000000000000022 1 2.2204460492503146e-16 
7 0 0  3 19 17  -0.59490609423497154 -0.11212326474723258  -0.59823664146625188 -0.11206806570442578  -0.60473302020844577 -0.11196039754559835  -0.61418244545210365 -0.11102923998153193  -0.62311503440448801 -0.10953892619533086  -0.63148500819575371 -0.10729965814523904  -0.63937883129403894 -0.10457375384604166  -0.64675094729461691 -0.10125490646938619  -0.65347196825325105 -0.097126262695415869  -0.65976598487750793 -0.092596178579209154  -0.66536774302566937 -0.087452148109052025  -0.67021018396635379 -0.081819645379637859  -0.67436906548421249 -0.075828317496548087  -0.6778454150251404 -0.069413970280528342  -0.68042045293484987 -0.062500529821873055  -0.68222511893689697 -0.055208866209729063  -0.68342731462817119 -0.04752857045574136  -0.68355845467654197 -0.042260079740116197  -0.68362560643009351 -0.039562289137476475 
 0 4 0.077336974205732184 1 0.15084916691681133 1 0.22030879536953885 1 0.28743582609259188 1 0.35181986518922381 1 0.41413447771823841 1 0.47475246156232431 1 0.53470913327527181 1 0.59401179757910139 1 0.6509112765374313 1 0.70689151875724954 1 0.76312310780344694 1 0.81989393097850838 1 0.87771308771341217 1 0.937381595489167 1 1 4
1 -3.9526905931442937e-16 1.0000000000000024 1 -1.1213252548714076e-14 
7 0 0  3 19 17  -0.68362560643009351 -0.039562289137476475  -0.6835272742979438 -0.036586335167242717  -0.68333564289930193 -0.030786743425032539  -0.68215315074514749 -0.022356852779896116  -0.67998192662420698 -0.014513292766162162  -0.67705013627809463 -0.0072337665832331154  -0.67313754090735844 -0.00058405311588823321  -0.66849773314014871 0.0055485333369380873  -0.66294777875953814 0.011073368838218004  -0.65653176530233082 0.015992824202676042  -0.64927927410066077 0.02030320856358438  -0.64119526517054648 0.024088893770007898  -0.63224095666473434 0.027111399133005951  -0.62252694115303586 0.029872940296139586  -0.611897135470577 0.031750968003168137  -0.60045431015665596 0.033222660910443395  -0.58815950740003686 0.034033222945541355  -0.57968865870751052 0.034155238391953502  -0.57531767960082514 0.03421819866740157 
 0 4 0.060020573545180637 1 0.11696915549671819 1 0.17115928556705273 1 0.22377165343762032 1 0.2747368622464707 1 0.32627819887891646 1 0.3784446699555189 1 0.43214092470301468 1 0.48890022382699627 1 0.54826342140296969 1 0.61177909355208504 1 0.67926976690993335 1 0.75171776474957552 1 0.8291802767448383 1 0.91185659566593158 1 0.99999999999999989 4
1 7.5397424739473236e-17 0.99999999999998002 1 1.0991207943789053e-14 
1 -0.57531767960082514 0.03421819866740157 1 0 
1 0.010000000000000009 0 0 -1 
1 -0.54216219179594716 0.03421819866740157 0 1 
1 -0.010000000000000009 0 0 1 
1 -0.54216219179594716 0.078120637691791839 -1 0 
1 -0.010000000000000009 0 0 1 
7 0 0  3 19 17  -0.57364085033253254 0.078120637691791839  -0.57747797638293907 0.078191652198522477  -0.58493119370145197 0.078329590474325195  -0.59575633211301859 0.079033964704378318  -0.60582296824475435 0.080448394786572452  -0.61519492135408793 0.082209267332706296  -0.62376962913861633 0.084663360218774616  -0.63165634241418822 0.087538894766207159  -0.6387663918820331 0.091036384063132317  -0.64511420786506157 0.095125329644243486  -0.65086086040229951 0.09957336480279122  -0.6556449934135169 0.10477950005660477  -0.65986224382498648 0.11036907975399773  -0.66320229485941373 0.11660159933887228  -0.66581739239756355 0.12336057600997576  -0.66759426275227662 0.13064062268229998  -0.66880099670395921 0.13842122199476975  -0.6689265836052376 0.1437915310825485  -0.66899146008863009 0.14656575964301133 
 0 4 0.086186631538145861 1 0.16740854649179757 1 0.24342110420875179 1 0.31436505675731052 1 0.38137511636661531 1 0.44348105915766312 1 0.50268050661790264 1 0.55886956135349719 1 0.61286933299762392 1 0.66534336992306786 1 0.71715246015654355 1 0.76974733733767386 1 0.82357501455829107 1 0.87948235989238188 1 0.93774222791254169 1 1 4
1 3.7014378104493013e-16 1.0000000000000022 1 -1.0991207943789053e-14 
7 0 0  3 19 17  -0.66899146008863009 0.14656575964301133  -0.66892914132961223 0.14913385021480199  -0.66880847290292533 0.15410646927479879  -0.66798961718979699 0.16130828889027959  -0.66652575701092731 0.16798885999874907  -0.66454589050045765 0.17419554556356612  -0.66205269315562809 0.1799522661336351  -0.65891465540679373 0.18519492899537598  -0.65509359017057134 0.18985941590429303  -0.65087612126743466 0.19416434805630914  -0.64596703091854124 0.19785476372486097  -0.64053241475622169 0.20103971929884012  -0.63455058088607075 0.20382482165346755  -0.62796091751649075 0.20597995640555281  -0.62083626989635332 0.20777042368461374  -0.61312672667257584 0.20892448016383722  -0.60485727689926827 0.20973313661656456  -0.59915116921877132 0.20979564549883004  -0.59620182594228865 0.20982795476496255 
 0 4 0.069731631019115489 1 0.13502204373132426 1 0.19645546758452884 1 0.25514321129202605 1 0.31167058328698166 1 0.36644915094685115 1 0.42042690242007863 1 0.47506192810670944 1 0.52970130909054425 1 0.58661047121561727 1 0.64587520087437278 1 0.70848649202300573 1 0.77457746620684642 1 0.84512335034520913 1 0.91994816240415511 1 0.99999999999999989 4
1 2.3125888451048256e-16 1.0000000000000022 1 -1.0991207943789053e-14 
7 0 0  3 11 9  -0.59620182594228865 0.20982795476496255  -0.59274075850710717 0.20974975681088553  -0.58586392973453827 0.20959438453033219  -0.5756426102228861 0.20804108371438251  -0.56556858875831917 0.20573766754585965  -0.55567626248788793 0.2022959400031884  -0.54588386237800068 0.19804786773532596  -0.53629509600852132 0.19275056529202042  -0.52682729634042036 0.18654647065980995  -0.52083506562718707 0.18177780417304606  -0.51777194789350811 0.1793401498869138 
 0 4 0.12078858530291969 1 0.23999602271992554 1 0.36030459309244922 1 0.48123974084634302 1 0.60520633102099808 1 0.73267047423339571 1 0.86334608090051224 1 0.99999999999999989 4
1 5.114367992510074e-16 1.0000000000000024 1 -2.2204460492503155e-16 
1 -0.51777194789350811 0.1793401498869138 0 1 
1 -0.010000000000000009 0 0 1 
7 0 0  3 11 9  -0.51777194789350811 0.22324258891130408  -0.52105639899779066 0.22569551623465475  -0.52758289316179763 0.2305696992723342  -0.53811971453182128 0.23671289486464031  -0.5489922023367878 0.24199011123118644  -0.56029665900311931 0.24627687067818285  -0.57198895078268419 0.24966645173361401  -0.58413854195350678 0.2519737833284087  -0.59667112016784352 0.25349839842442445  -0.60516574992997796 0.25365244595027947  -0.60946402106423991 0.2537303937893528 
 0 4 0.12480808531088299 1 0.24800467857179326 1 0.37090910558759493 1 0.49267476715690262 1 0.61590783249437964 1 0.74130264464697415 1 0.86909948918780655 1 1 4
1 -2.2040189508487103e-16 1.0000000000000024 1 0 
7 0 0  3 19 17  -0.60946402106423991 0.2537303937893528  -0.61363466496394914 0.25367571383060256  -0.62176887146948989 0.25356906888874603  -0.63363558437039913 0.2522013351641828  -0.64487177336907953 0.25016514049012162  -0.65553551756843398 0.24738257277435305  -0.6655412898995644 0.24364222257889345  -0.67488613299997524 0.23902925651541826  -0.68363943123742277 0.23368239254464454  -0.6916992236594578 0.22753988078527443  -0.69891092183198045 0.22067743390039476  -0.70528717105647531 0.21335731999879232  -0.71068982474821729 0.20552301669362158  -0.71504586957606375 0.19713645906224617  -0.71848296794850286 0.18829536831345453  -0.72093623048504984 0.17896622454060013  -0.72241862518145261 0.16914932245716127  -0.72257176697597669 0.1624246941102144  -0.72264999667399599 0.15898954013081623 
 0 4 0.075440593977085843 1 0.14713540284583457 1 0.2158551651153319 1 0.28199144316034186 1 0.34629961038298923 1 0.40881075987514559 1 0.47031959335376589 1 0.53165805860940674 1 0.59182733591457237 1 0.65017720281031743 1 0.70705751660545335 1 0.76361355350109805 1 0.82082184928072288 1 0.87836911648240434 1 0.93786707726042751 1 1 4
1 3.4183093643556366e-17 1.0000000000000022 1 -1.099120794378905e-14 
7 0 0  3 19 17  -0.72264999667399599 0.15898954013081623  -0.72260171333766698 0.15583612946935882  -0.72250722899127284 0.14966530599456027  -0.72146510096258376 0.14062397734911569  -0.71989127063676117 0.13200755305268402  -0.71768182158685589 0.12378639683710711  -0.71480604052544805 0.11602342408793592  -0.71122193072889883 0.10871122043627299  -0.70717644473791808 0.10174865730232732  -0.70228071728819119 0.095333752224632334  -0.6968793238447053 0.089260915100226323  -0.69074668373027448 0.083703521733470232  -0.68398877657747281 0.078594211818251922  -0.67665565273239581 0.073825229299346207  -0.66861193928643914 0.069598923078309394  -0.65999593650885868 0.065699796258293613  -0.65073181386741308 0.062238909040989207  -0.64425971230766699 0.06039293956533983  -0.64094267960082518 0.059446857203986937 
 0 4 0.067390246732760117 1 0.13187413919593594 1 0.19430523069725289 1 0.25452311050832305 1 0.31364823141475912 1 0.37098214746696728 1 0.42845997675762798 1 0.48549463166515322 1 0.54319021474927109 1 0.60201766323865191 1 0.66209573799586097 1 0.72417136395005266 1 0.78881063951191521 1 0.85615270811392397 1 0.92627647023582294 1 1 4
1 1.4873686381958394e-16 1.0000000000000022 1 -1.0991207943789051e-14 
1 -0.64094267960082518 0.059446857203986937 -0 -1 
1 0.010000000000000009 0 0 -1 
7 0 0  3 19 17  -0.64094267960082518 0.058456003545450365  -0.64455733107645385 0.057994068812621209  -0.65164728228322699 0.057088007816546112  -0.66195398493240121 0.054971910815732945  -0.67166632939652671 0.052108322324351315  -0.68085767916578344 0.048765554858082746  -0.68934418179891621 0.044478854954714285  -0.69732953097977735 0.039717300889190135  -0.70465945874505842 0.034166569780650594  -0.71144280861936293 0.028097849940319563  -0.71755123455906411 0.021486163601652949  -0.72282872662365438 0.014374427842481049  -0.7272626721931098 0.006847783097681066  -0.73096303265201767 -0.0010224189611375792  -0.73376694330640058 -0.0093167544462427511  -0.73584990189381461 -0.017983435391271608  -0.73708846543765016 -0.027077069070497072  -0.73721820339867727 -0.033283073252735912  -0.73728414301545941 -0.036437289137476472 
 0 4 0.073056815191308438 1 0.14329715009066465 1 0.21068803270440151 1 0.27597998089694159 1 0.3390909043869263 1 0.40103752264173403 1 0.46217227879473555 1 0.52313910828239385 1 0.58335201556408278 1 0.64234784714740067 1 0.70036326694836015 1 0.7582555282612643 1 0.8164161627718215 1 0.87560525102145759 1 0.93677608301822246 1 1 4
1 4.5104952731824466e-16 1.0000000000000024 1 -1.1213252548714086e-14 
7 0 0  3 19 17  -0.73728414301545941 -0.036437289137476472  -0.73717306428033613 -0.040813945305582355  -0.73695569903501168 -0.0493784373357221  -0.73507313081621983 -0.061897655385254866  -0.7320336398956403 -0.073784188626102018  -0.7277636253636961 -0.085049659038654551  -0.72222640059463483 -0.095616475626246186  -0.71554081532796876 -0.10556643205970422  -0.70756254039852318 -0.11480319061885587  -0.69841668336658991 -0.12330905733074214  -0.68829347647278705 -0.13097431200171675  -0.67734754706735623 -0.13775042005169363  -0.66553776664383801 -0.14335832425960926  -0.65297967808806023 -0.14805777804011638  -0.63956606824077822 -0.15159857796153881  -0.62537505409737182 -0.15418791718477348  -0.61038658828805992 -0.15571471520234959  -0.60014334207307851 -0.15592049238712072  -0.59490609423497165 -0.15602570377162286 
 0 4 0.062762801274436925 1 0.12281785241009482 1 0.18116727397800714 1 0.2385060406396679 1 0.29524265290811846 1 0.35195818525302225 1 0.41011602003894027 1 0.46994831387152741 1 0.53082189831441873 1 0.59202525812627749 1 0.65430352859789154 1 0.7180837371812151 1 0.78413277799526182 1 0.85305428880463707 1 0.92486843602846869 1 1 4
1 8.7018912404017105e-18 1.0000000000000024 1 -1.1213252548714081e-14 
7 0 0  3 11 9  -0.59490609423497165 -0.15602570377162286  -0.59027996819857065 -0.15597797227147284  -0.58124514743751399 -0.1558847526866369  -0.56804462140809098 -0.1548446951706523  -0.5555128275561475 -0.15330238855266407  -0.54368421227595054 -0.15099036226933099  -0.53250697929818847 -0.1481412665088408  -0.52205624521077398 -0.14452154506488618  -0.51221336899138503 -0.14039971538103568  -0.50613198397877268 -0.13697845905015879  -0.50313780155204479 -0.13529399645454965 
 0 4 0.14576530528004075 1 0.28467953445781879 1 0.41706897315674685 1 0.54348306759648235 1 0.66428226347514152 1 0.7802560815042977 1 0.89180862948561457 1 1 4
1 -1.4784924039704573e-15 0.99999999999999101 1 1.143529715363909e-14 
1 0.73100853991137038 0.24885234500886505 -1 0 
1 -0.010000000000000009 0 0 1 
1 0.67735000332600448 0.24885234500886505 0.33342144682504771 -0.94277788412599706 
1 0 0.010000000000000009 1 0 
1 0.81881341796015084 -0.15114765499113503 1 0 
1 0.010000000000000009 0 0 -1 
1 0.87735000332600444 -0.15114765499113503 0.34358153126353241 0.93912285212032109 
1 0 0.010000000000000009 1 0 
1 1.0236914667406387 0.24885234500886505 -1 0 
1 -0.010000000000000009 0 0 1 
1 0.965154881374785 0.24885234500886505 -0.33166973518633824 -0.94339556219086829 
1 0 0.010000000000000009 1 0 
7 0 0  3 7 5  0.85593232039917522 -0.061818386698452091  0.85503304515380263 -0.064475413831410172  0.8531832083881451 -0.069941000150156168  0.85102285663361288 -0.078585093837120881  0.84917249175787335 -0.08781673409221806  0.8483009193312131 -0.094205948982741414  0.84785305210649231 -0.097489118405769154 
 0 4 0.22956016513208116 1 0.47221230160270727 1 0.72879039711149562 1 1 4
1 9.745306500954754e-16 1.0000000000000133 1 -1.1102230246251576e-14 
1 0.84785305210649231 -0.097489118405769154 -1 0 
1 -0.010000000000000009 0 0 1 
7 0 0  3 7 5  0.84663353991137036 -0.097489118405769154  0.84625225379648261 -0.094507511723523507  0.84548129056781141 -0.088478681864220587  0.84337191075178508 -0.079510321523137931  0.84102204225671173 -0.070355016603610321  0.83888160965402259 -0.064344401782639643  0.83779207649673626 -0.061284850113086244 
 0 4 0.24126114393387008 1 0.48783174424018916 1 0.73929368480991253 1 1 4
1 -3.8364808388147982e-16 1.0000000000000022 1 2.2204460492503136e-16 
1 0.83779207649673626 -0.061284850113086244 -0.32555380805841155 0.94552351533881329 
1 0 0.010000000000000009 1 0 
1 -2.5000000000000009 -2.5 0 1 
1 0 0 0 1 
1 2.4999999999999991 2.5 1 0 
1 0 0 0 -1 
1 2.4999999999999991 -2.5 0 -1 
1 0 0 0 -1 
1 2.4999999999999991 -2.5 -1 0 
1 0 0 0 1 
2 2.1499999999999986 2.1499999999999999 -1 0 0 1 0.11241838985786501
1 0 0.010000000000000009 1 0 
7 0 0  3 19 17  -0.90931158203984963 0.028577954764962547  -0.91311640696337215 0.031244705948509231  -0.92047103958604026 0.036399470134844951  -0.93081452509720797 0.044296036959560886  -0.94034219389755014 0.051808158441715733  -0.94880409474505356 0.059193825789375723  -0.95645933665561766 0.06620694902857388  -0.96305722060775167 0.073067102838361611  -0.96882947027013577 0.079617071814551368  -0.97372429038699326 0.086017423004784044  -0.97782690059878041 0.092457413503311672  -0.98132965913919568 0.099012566259420023  -0.98432259188553506 0.10575813312776289  -0.98679742572766183 0.11270275312373666  -0.9885740879453444 0.1199163039660547  -0.99000305675435574 0.12731039648829229  -0.99072568140637041 0.13494080761022964  -0.99086997182271275 0.14008593874381153  -0.99094267960082516 0.14267856452106015 
 0 4 0.094946371017354092 1 0.18352899061692016 1 0.26591751175453798 1 0.34285033249917984 1 0.41302406155960092 1 0.47801987115271499 1 0.53726967090678668 1 0.59137494931431034 1 0.64250848309247577 1 0.693149292468768 1 0.74312827715637153 1 0.79321503336467103 1 0.84358894508116467 1 0.89481466600410953 1 0.9469972287924171 1 1 4
1 -2.3733204663579842e-16 0.99999999999993572 1 -1.1102230246251562e-14 
7 0 0  3 19 17  -0.99094267960082516 0.14267856452106015  -0.9908943173447976 0.14522303973318298  -0.99079961982457521 0.15020534437832306  -0.98976219046362135 0.15744803577464536  -0.98821036500304316 0.16428836960400137  -0.9858734539722751 0.1706583051757172  -0.98298505908815847 0.17666575360508727  -0.9793801268659752 0.18222792979559752  -0.97516685826759608 0.18739965272337009  -0.97025316957557672 0.19202232194202065  -0.96484663587066311 0.19621548759188215  -0.95896340713767758 0.19990133290407  -0.95258041838207352 0.20294400007311522  -0.94576653495143126 0.20545668314121451  -0.93848165444413589 0.20746920105346869  -0.93071609039941872 0.2087802184067393  -0.9224918887348541 0.2096536502472999  -0.91685972311799269 0.20976872720495976  -0.91396097228375195 0.20982795476496255 
 0 4 0.066030844719483506 1 0.1292941596762224 1 0.18962713968533612 1 0.24785630263689085 1 0.30510155844685516 1 0.3623848231952147 1 0.41957682405436392 1 0.47791055459673148 1 0.5371660732874084 1 0.59703186811431419 1 0.65782128283272223 1 0.72044835239245386 1 0.78543257792967969 1 0.8537700764726841 1 0.92473869881476523 1 1 4
1 -6.2079421898626996e-17 1.0000000000000022 1 -1.099120794378905e-14 
7 0 0  3 11 9  -0.91396097228375195 0.20982795476496255  -0.90975804080467015 0.20968394222983644  -0.90126148401708139 0.20939280955519898  -0.88852056814706459 0.20689378992098809  -0.87571740005378718 0.20290644076063619  -0.86298535177646263 0.19730333654318613  -0.85038740406808566 0.19037118167449482  -0.83817359749320608 0.18201676959207605  -0.82635541474793306 0.17230098170715905  -0.81905661809341945 0.16495014852909531  -0.81533292350326425 0.16119990598447478 
 0 4 0.11155484117844976 1 0.22551689165539895 1 0.34355421976993655 1 0.46717002874627328 1 0.59433257377544435 1 0.72498392980844439 1 0.85969250805955544 1 0.99999999999999989 4
1 -2.2949346401270417e-16 1.0000000000000131 1 -1.0880185641326536e-14 
1 -0.81533292350326425 0.16119990598447478 0 1 
1 -0.010000000000000009 0 0 1 
7 0 0  3 11 9  -0.81533292350326425 0.21013283281374306  -0.81867983266735733 0.21349674208127478  -0.82530246247975125 0.22015301050957556  -0.83614706878070988 0.22897726962789802  -0.84778487092638388 0.23637943467848807  -0.86005668830278359 0.24273592829435026  -0.87326263349772049 0.24773741830350685  -0.88752003917377109 0.25120050670264943  -0.9028157732036064 0.25338894476615903  -0.91339423415994658 0.25361436755134292  -0.91883902106423987 0.2537303937893528 
 0 4 0.12288158857152263 1 0.24314949464384233 1 0.36127492563479685 1 0.47960921109552973 1 0.60063117782680686 1 0.72610307956526443 1 0.85902388148293041 1 0.99999999999999989 4
1 8.3035088950883588e-17 0.99999999999998013 1 2.2093438190040609e-14 
7 0 0  3 19 17  -0.91883902106423987 0.2537303937893528  -0.92326396637130004 0.25364894747693467  -0.93193263435786589 0.25348939046727925  -0.94458783208616215 0.25205515518286775  -0.95662345733624787 0.24992989056599116  -0.96792475738614336 0.24667179699284006  -0.97863091674756075 0.24266393445314433  -0.98860847723410705 0.23759370886558598  -0.9979834090808406 0.23171955455676702  -1.0065816769025906 0.22493435590045843  -1.0143488569913792 0.21740298872258992  -1.0212103351786617 0.20921836492158244  -1.0269483464273934 0.20032404991956909  -1.031607367166723 0.19079276227811309  -1.0353123420699077 0.18066166187520777  -1.0378717033610987 0.16986681197063547  -1.039418246635184 0.1584246783080718  -1.0396198241577739 0.15058496492603879  -1.0397231674057033 0.14656575964301133 
 0 4 0.072853708443201423 1 0.14272370984484697 1 0.20953183511143653 1 0.27390800694681139 1 0.33615739324984567 1 0.39753857241228235 1 0.45790725651810954 1 0.51809729383580083 1 0.57757768208397775 1 0.6358160475721929 1 0.69361832272754875 1 0.75144482728932604 1 0.8102189150181166 1 0.87091158883001896 1 0.93381992441955031 1 1 4
1 8.6567292469078466e-18 1.0000000000000133 1 -2.2315482794965646e-14 
7 0 0  3 19 17  -1.0397231674057033 0.14656575964301133  -1.0396748205411732 0.14295526886381141  -1.0395792993918924 0.1358218542763277  -1.0385176120645607 0.12534306980592538  -1.0370432238941654 0.11519708550465163  -1.0348339660964365 0.10543476462820001  -1.0319209040422126 0.096044940307309201  -1.0284146930085725 0.087023641284130079  -1.0242882943074649 0.078386235098479903  -1.0195068087762371 0.070048851066224924  -1.0139320160731664 0.061887074924545774  -1.0075286886179111 0.053726898480388321  -1.0001540190068907 0.045596261965589149  -0.99198064038369593 0.037311865780022983  -0.98283950453156832 0.029055729598355239  -0.97281166523237206 0.020761901440856701  -0.96199557151169579 0.01230863159183148  -0.95428293945862597 0.0069451915124627683  -0.95031767960082514 0.0041877108625235273 
 0 4 0.061423136907629697 1 0.12135654890745634 1 0.17908288559970031 1 0.23583094656470646 1 0.29149463448377927 1 0.34625591479353346 1 0.4004078115217285 1 0.45425329830609229 1 0.50965945012896674 1 0.56847822251565128 1 0.63063508955860115 1 0.69637052906816566 1 0.76646638681270285 1 0.84015233423837665 1 0.91781825866366118 1 0.99999999999999989 4
1 -2.3997797903967384e-18 0.99999999999998013 1 -1.1102230246251567e-14 
7 0 0  3 19 17  -0.95031767960082514 0.0041877108625235273  -0.94632212343253408 0.0014280190295703425  -0.93863754133119648 -0.0038796471804606264  -0.92771871306672737 -0.011648370928929045  -0.91778495180975539 -0.018727191325181965  -0.90890018998266953 -0.025209255549047415  -0.90109735816969838 -0.031167719831154055  -0.89421371066431021 -0.036389263230601009  -0.88841165617706686 -0.041031442218208106  -0.88222429122296742 -0.046298908340775838  -0.87576323126334654 -0.052436226169960978  -0.86915072332611276 -0.059648942565213185  -0.8638250652527445 -0.066751155949070551  -0.85970956650439467 -0.073851653176051996  -0.85675376618539711 -0.081283034271220772  -0.85459488175196485 -0.089252310323082257  -0.85342001531162559 -0.09801352724879181  -0.85323420971716213 -0.10409154205817006  -0.85313780155204466 -0.10724521596674479 
 0 4 0.094117563362147119 1 0.18101463535265358 1 0.25972515726515422 1 0.33054119216379102 1 0.39416402987668631 1 0.45000889007670342 1 0.49799759811934763 1 0.53816322972876196 1 0.60747722920557956 1 0.67057959466057038 1 0.72760392946593289 1 0.77921535677302534 1 0.82914315291103902 1 0.88217965014147137 1 0.93886705200608067 1 1 4
1 -2.3776979412501674e-16 1.0000000000000022 1 -1.0991207943789047e-14 
1 -0.85313780155204466 -0.10724521596674479 -1 0 
1 -0.010000000000000009 0 0 1 
1 -1.0494792649666789 -0.10724521596674479 -0 -1 
1 0.010000000000000009 0 0 -1 
1 -1.0494792649666789 -0.15114765499113503 1 0 
1 0.010000000000000009 0 0 -1 
1 -0.80069877716180082 -0.15114765499113503 0 1 
1 -0.010000000000000009 0 0 1 
7 0 0  3 19 17  -0.80069877716180082 -0.1313305818204033  -0.80081569380490925 -0.12581292036893241  -0.80104153920438015 -0.11515457078307775  -0.80276568778657575 -0.09981384905296696  -0.80572466698495626 -0.085772572284346885  -0.80986641617081112 -0.072834857321627464  -0.81553021573543327 -0.060662394206102643  -0.82266420279863772 -0.048878775282801226  -0.83125937411021122 -0.03719361782794877  -0.83973444276962073 -0.027799192557626969  -0.84731264819776386 -0.020037184859111785  -0.85399061323371284 -0.014009728522000333  -0.86130862358062577 -0.0075457292884415564  -0.86947477680651131 -0.00090709493203523653  -0.8782980797900497 0.006137830812698598  -0.88794692884443516 0.013384060006462774  -0.89836809705180998 0.020890893476842504  -0.90559688520485082 0.025968630379848534  -0.90931158203984963 0.028577954764962547 
 0 4 0.081358462719601912 1 0.15715841666981534 1 0.22726263074032996 1 0.292665763214008 1 0.3570391333086475 1 0.42476416576315318 1 0.49550426326091473 1 0.57061493905500094 1 0.61115027516899789 1 0.65543263209721458 1 0.70322609924133872 1 0.75513233095359245 1 0.81060363101099486 1 0.86972663112515747 1 0.93305571268672027 1 0.99999999999999989 4
1 1.4019199544768256e-16 1.0000000000000022 1 -1.0991207943789053e-14 
1 -0.41533292350326395 0.24885234500886505 -0 -1 
1 0.010000000000000009 0 0 -1 
1 -0.41533292350326395 -0.15114765499113503 1 0 
1 0.010000000000000009 0 0 -1 
1 -0.35168963082033711 -0.15114765499113503 0.53413351626682459 0.84540013413793458 
1 0 0.010000000000000009 1 0 
7 0 0  3 5 3  -0.15550060643009322 0.15937063769179183  -0.15290403220868251 0.16368612337089908  -0.1478595522280205 0.17207000892887167  -0.14402362844621266 0.18107022690117067  -0.14216219179594691 0.18543771086252359 
 0 4 0.5147357569788642 1 1 4
1 -8.7279007195834218e-16 0.99999999999998013 1 1.1102230246251565e-14 
1 -0.14216219179594689 0.18543771086252356 1 0 
1 0.010000000000000009 0 0 -1 
7 0 0  3 11 9  -0.14056158203984931 0.18543771086252356  -0.14069886720398181 0.18416823727771756  -0.1410058932946224 0.18132917222376713  -0.1412601033615884 0.1765966764983069  -0.14159130820654312 0.17098449913510558  -0.14180859896198128 0.16445317606054646  -0.14193348296489122 0.15700786595202598  -0.14211046613289241 0.1486497923896499  -0.14217732184016499 0.13937581591856477  -0.14216740363242264 0.13289705768035384  -0.14216219179594689 0.12949258891130405 
 0 4 0.068405408252566219 1 0.15298262712630942 1 0.25386725867935844 1 0.36965137893138045 1 0.50308837148621377 1 0.65285815617669052 1 0.81758332040289472 1 1 4
1 -1.0034587567884883e-17 1.0000000000000024 1 -2.2204460492503136e-16 
1 -0.14216219179594689 0.12949258891130405 -0 -1 
1 0.010000000000000009 0 0 -1 
1 -0.14216219179594689 -0.15114765499113503 1 0 
1 0.010000000000000009 0 0 -1 
1 -0.088503655210581025 -0.15114765499113503 0 1 
1 -0.010000000000000009 0 0 1 
1 -0.088503655210581025 0.24885234500886505 -1 0 
1 -0.010000000000000009 0 0 1 
1 -0.15679633813741028 0.24885234500886505 -0.5303998435916556 -0.8477476074386453 
1 0 0.010000000000000009 1 0 
7 0 0  3 11 9  -0.34711646008862979 -0.055339728161866719  -0.34818092315001653 -0.05706899330250069  -0.35020254348617591 -0.060353200807421466  -0.35310703074601935 -0.064981768847567289  -0.35565628733466798 -0.06914365501961954  -0.35783682670980999 -0.072830616667431916  -0.35967636253279089 -0.076026855552923281  -0.36113600366498472 -0.078728063303611387  -0.3622942612653352 -0.080931849195458427  -0.36292306264444019 -0.082268765790119686  -0.3631987771618006 -0.082854972064305754 
 0 4 0.19104376725050345 1 0.36282890311570315 1 0.51409851060298262 1 0.6501981344949076 1 0.76582489239913942 1 0.86101723428008303 1 0.93905934776029165 1 1 4
1 -1.8277564625845294e-15 0.99999999999998013 1 3.2973623831367105e-14 
1 -0.3631987771618006 -0.082854972064305754 -1 0 
1 -0.010000000000000009 0 0 1 
7 0 0  3 11 9  -0.36426585033253228 -0.082854972064305754  -0.36405120040253042 -0.081331927139659629  -0.36358355548903509 -0.078013760616010716  -0.36309245675827689 -0.072646217661628459  -0.3625995329046679 -0.066500061211960754  -0.36236349124581052 -0.059607608444184071  -0.36202552709214991 -0.05196279666286116  -0.36178518626409445 -0.04357797207742805  -0.36175826650556264 -0.03443005810610901  -0.3617030825197674 -0.028078503844936847  -0.36167438691789816 -0.024775703771622814 
 0 4 0.079299964594997746 1 0.1727660711694386 1 0.27786620732108963 1 0.39719790136866029 1 0.52830989431260256 1 0.67247143017139799 1 0.82968556357059109 1 1 4
1 -6.1774959876203378e-17 1.0000000000000022 1 0 
1 -0.36167438691789816 -0.024775703771622814 0 1 
1 -0.010000000000000009 0 0 1 
1 -0.36167438691789816 0.24885234500886505 -1 0 
1 -0.010000000000000009 0 0 1 
7 0 0  3 19 17  0.45966707649673599 -0.15602570377162284  0.46661358238350947 -0.15589066078921965  0.48020487320247501 -0.15562644040607759  0.50003257661735223 -0.15279602359412159  0.51887883262412993 -0.14867905482557661  0.53659138753854096 -0.14245745038319491  0.55333875891992679 -0.1347508645875212  0.56884991851048894 -0.12498676672873353  0.583484166964512 -0.1137677690015543  0.59680743884417287 -0.10073203545505791  0.60882462497134171 -0.086332278144983218  0.61942385568170655 -0.07082690400603614  0.62826510873264141 -0.054184556525582184  0.63555233967481595 -0.0365498607156588  0.641184152092795 -0.017857091692093964  0.64522069230620305 0.0018841956077509845  0.64758169135221788 0.022677029839629565  0.64791277662866797 0.036879845163552236  0.64808171064307751 0.044126735252767432 
 0 4 0.067285917427685027 1 0.13164927615217778 1 0.19378127125042052 1 0.25398428053623523 1 0.3132568206837188 1 0.37209649699929431 1 0.43125688949720947 1 0.49168914864994651 1 0.55235578977167676 1 0.6128061105703646 1 0.67340273246219251 1 0.73468605174127311 1 0.79747830035758482 1 0.86234241732049211 1 0.92976115306201668 1 1 4
1 9.5068785144018792e-17 0.99999999999999112 1 1.1102230246251568e-16 
7 0 0  3 19 17  0.64808171064307751 0.044126735252767432  0.6479224655607696 0.05193294384042426  0.64761197755495015 0.067153094455230058  0.64514353025691251 0.089387404516685767  0.64104452460086336 0.11039674807765293  0.63536897311948437 0.13022553202909018  0.62794981173307751 0.148800065424426  0.61880987124888953 0.16611459179680571  0.60813954697953776 0.18227305142225961  0.59582517837252869 0.19707083516242324  0.58217027862807746 0.21044265630197367  0.56710199055202148 0.22195682508102649  0.55102456737778205 0.231922594875618  0.53368508662689007 0.23992822457296817  0.51517169403584939 0.24612102928117613  0.49552762694846769 0.25048555417386592  0.47473391739193849 0.25322618016015946  0.46048885341397777 0.25355954701615457  0.45318841796015064 0.2537303937893528 
 0 4 0.072406929923509361 1 0.14117536914579165 1 0.20723123191935758 1 0.27078602106105354 1 0.33223736355604022 1 0.39243925645280675 1 0.45212399551723242 1 0.51154566521087497 1 0.57071811956346041 1 0.62903565709025311 1 0.6871260247148121 1 0.74586311828066221 1 0.8057898438946417 1 0.86788869474217945 1 0.93229443839299375 1 1 4
1 3.1679684666018984e-17 1.0000000000000022 1 -1.099120794378905e-14 
7 0 0  3 19 17  0.45318841796015064 0.2537303937893528  0.44636973213254882 0.2535919621003333  0.4330329837341661 0.25332120191963359  0.41356523670988793 0.25053985012972224  0.39512654178965018 0.2462377445814746  0.37765878680062226 0.24022182769705064  0.36128860539188978 0.23228893575148987  0.34585904298624098 0.22274579005923689  0.33152385278635155 0.21135177609934566  0.31833008023424458 0.19834069684360869  0.30637739791938984 0.18398408170467609  0.29598117679630837 0.16843996444866191  0.28715383123092619 0.15187527560539565  0.27997874214937973 0.13424777208757885  0.27440111100488779 0.11556046720828343  0.27050678268988138 0.095805183905038727  0.2679655847510789 0.07503646947890201  0.26771945699864502 0.060826529731601825  0.26759390576502867 0.053577954764962556 
 0 4 0.06656691929222551 1 0.13019902613229653 1 0.1916593199628952 1 0.25130916690521382 1 0.31025009250233143 1 0.36899266456563207 1 0.42817760551191841 1 0.48872265882319538 1 0.54970003567605352 1 0.61034063728079613 1 0.67107055210974398 1 0.73273394164289418 1 0.79594067723043549 1 0.8612574132165538 1 0.92922657947537468 1 1 4
1 9.6376462359899532e-17 1.0000000000000131 1 -2.2093438190040618e-14 
7 0 0  3 11 9  0.26759390576502867 0.053577954764962556  0.26775165891992181 0.045745934360508465  0.26805976979822355 0.030449056860167776  0.27055504071860664 0.0081246403263152099  0.27451860467432926 -0.012984011126894108  0.28025060451451894 -0.032844440952179491  0.28763938323923427 -0.051442250000032302  0.29670740850413219 -0.068760366767411166  0.30726314039968844 -0.084961506596585676  0.31567320628419049 -0.094632659629480573  0.31988049113088235 -0.09947082572284234 
 0 4 0.14181919789446243 1 0.27698994453007647 1 0.40631415105670105 1 0.53039153759149549 1 0.65078963242762122 1 0.76810750786378812 1 0.88399166170336807 1 1 4
1 -4.5004850856638706e-19 1.0000000000000022 1 2.2204460492503126e-16 
7 0 0  3 5 3  0.31988049113088235 -0.09947082572284234  0.32407258001198214 -0.10377811481690359  0.33236985249043327 -0.11230339953069306  0.34186130211126942 -0.11947460681236514  0.34655732039917508 -0.12302265499113506 
 0 4 0.50523697901775921 1 1 4
1 9.5405047794219766e-16 1.0000000000000022 1 -1.0991207943789084e-14 
1 0.34655732039917503 -0.12302265499113503 -0.81036232485160764 -0.58592909337316368 
1 0 0.010000000000000009 1 0 
1 0.23344756430161404 -0.2048061915765009 1 0 
1 0.010000000000000009 0 0 -1 
1 0.31888963747234572 -0.2048061915765009 0.79721991120596836 0.60368900369043332 
1 0 0.010000000000000009 1 0 
7 0 0  3 7 5  0.39518536917966285 -0.14703180133259844  0.4001939478714765 -0.14844960854506192  0.41034304350141942 -0.1513225714891471  0.42621791118689289 -0.15388561761213465  0.44270001072935961 -0.15578832458784003  0.45394454910564486 -0.15594564226305699  0.45966707649673599 -0.15602570377162284 
 0 4 0.23883109989224202 1 0.48395359669054455 1 0.73737564147226276 1 1 4
1 -2.4900363075706228e-15 1.0000000000000131 1 0 
1 0 5 -1 0 
1 0 5 1 0 
1 0 0 -1 0 
1 0 5 -1 0 
1 0 0 1 0 
1 0 5 1 0 
1 0 0 1 0 
1 0 0 -1 0 
1 -0.82000000000000106 4.4408920985006262e-16 5.4210108624275232e-16 1 
1 -1.8999999999999988 -2.0009999999999994 1 0 
1 0 2.0999999999999992 -1 0 
1 -0.81999999999999995 -2.0009999999999994 1 0 
1 -0.88 0 0 -1 
1 1.8999999999999992 -2.0009999999999994 1 0 
1 0 1.8999999999999992 1 0 
1 0.82000000000000006 -2.0009999999999994 1 0 
1 -0.81999999999999995 0 0 1 
1 -2.899999999999999 -2.0009999999999994 1 0 
1 0 3.0999999999999996 -1 0 
1 -0.82000000000000006 -2.0009999999999994 1 0 
1 -0.88 0 0 -1 
1 2.899999999999999 -2.0009999999999994 1 0 
1 0 2.8999999999999995 1 0 
1 0.82000000000000006 -2.0009999999999994 1 0 
1 0 0 -1 0 
1 0.32800579794233742 0 0 1 
1 0 0 0 1 
1 0.11990026916768914 0.32828082728761626 1 0 
1 0 0.053658536585365901 -1 0 
1 0 0 0 1 
1 0 0 1 0 
1 0.17355880575305505 0.32828082728761626 -0.33342144682504771 -0.94277788412599706 
1 0.42427809003052758 0 0 1 
1 0 0 1 -0 
1 0 0 0 -1 
1 0.032095391118908689 -0.071719172712383816 -1 0 
1 0 -0.0585365853658536 1 -0 
1 0 0 0 1 
1 0 0 1 0 
1 -0.02644119424694491 -0.071719172712383816 -0.34358153126353241 0.93912285212032109 
1 0.42592936493547473 0 0 1 
1 0 0 -1 0 
1 0 0 0 1 
1 -0.17278265766157919 0.32828082728761626 1 0 
1 0 0.058536585365853711 -1 0 
1 0 0 0 1 
1 0 0 1 0 
1 -0.11424607229572548 0.32828082728761626 0.33166973518633824 -0.94339556219086829 
1 0.32931120747042703 0 0 1 
7 0 0  1 2 2  7.3800976158376486e-16 1.4016457265675343e-14  7.8051560303724141e-17 1.0000000000000133 
 0 2 0.010000000000000009 2
1 2.082648975036371e-17 1.4016457265675343e-14 1 -1.6653345369377339e-14 
7 0 0  3 7 5  -0.0050235113201156922 0.01761009558029912  -0.0041242360747431039 0.014953068447341039  -0.002274399309085573 0.0094874821285950428  -0.00011404755455335369 0.00084338844163033  0.001736317321186176 -0.0083882518134668488  0.0026078897478464258 -0.014777466703990202  0.003055756972567214 -0.018060636127017943 
 0 4 0.22956016513208116 1 0.47221230160270727 1 0.72879039711149562 1 1 4
7 0 0  1 2 2  1 -2.6368881037019953e-15  1 1.0000000000000022 
 0 2 0.010000000000000009 2
1 0 0 -1 0 
1 0 0 0 1 
1 0.003055756972567214 -0.018060636127017943 1 0 
1 0 0.0012195121951219523 -1 0 
7 0 0  1 2 2  -3.8364808388147982e-16 -2.636888178112801e-15  -3.9213178696326195e-16 1.0000000000000022 
 0 2 0.010000000000000009 2
1 -3.9213178696326195e-16 -2.6368881781128034e-15 1 1.23015203457423e-22 
7 0 0  3 7 5  0.0042752691676891663 -0.018060636127017943  0.004656555282576913 -0.015079029444772296  0.0054275185112481195 -0.0090501995854693762  0.0075368983272744439 -8.1839244386719412e-05  0.0098867668223477922 0.0090734656751408904  0.012027199425036939 0.015084080496111568  0.013116732582323265 0.018143632165664968 
 0 4 0.24126114393387008 1 0.48783174424018916 1 0.73929368480991253 1 1 4
7 0 0  1 2 2  0.999999999999999 -2.6368880550977206e-15  0.99999999999999944 1.0000000000000024 
 0 2 0.010000000000000009 2
1 0 0 0 1 
1 0 0 1 0 
1 0.013116732582323265 0.018143632165664968 0.32555380805841155 0.94552351533881329 
1 0 0 1 0 
2 0 0 1 0 -0 1 0.11241838985786501
7 0 0  1 2 2  -2.3733204663579842e-16 -2.5897253091988759e-15  -1.55949067643309e-16 0.99999999999993572 
 0 2 0.010000000000000009 2
7 0 0  1 2 2  0.99999999999999989 -2.6368881037019953e-15  0.99999999999999989 0.99999999999999123 
 0 2 0.010000000000000009 2
1 -1.55949067643309e-16 -2.5897253091988759e-15 1 0 
7 0 0  3 19 17  0.056050563009774623 -0.04713542487959712  0.052245738086252103 -0.04446867369605044  0.044891105463583991 -0.039313909509714716  0.034547619952416286 -0.031417342684998781  0.025019951152074116 -0.023905221202843933  0.016558050304570693 -0.016519553855183944  0.0089028083940065894 -0.0095064306159857864  0.0023049244418725801 -0.0026462768061980557  -0.003467325220511519 0.0039036921699917015  -0.0083621453373690091 0.010304043360224377  -0.012464755549156159 0.016744033858752005  -0.015967514089571422 0.023299186614860357  -0.018960446835910805 0.030044753483203221  -0.021435280678037572 0.036989373479176996  -0.02321194289572015 0.04420292432149503  -0.024640911704731483 0.051597016843732621  -0.025363536356746152 0.059227427965669974  -0.025507826773088493 0.064372559099251866  -0.025580534551200906 0.06696518487650048 
 0 4 0.094946371017354092 1 0.18352899061692016 1 0.26591751175453798 1 0.34285033249917984 1 0.41302406155960092 1 0.47801987115271499 1 0.53726967090678668 1 0.59137494931431034 1 0.64250848309247577 1 0.693149292468768 1 0.74312827715637153 1 0.79321503336467103 1 0.84358894508116467 1 0.89481466600410953 1 0.9469972287924171 1 1 4
7 0 0  1 2 2  1 -2.5897253091988759e-15  1 0.99999999999992462 
 0 2 0.010000000000000009 2
7 0 0  1 2 2  -6.2079421898626996e-17 -2.6368881037019953e-15  -6.2079421898626996e-17 1.0000000000000022 
 0 2 0.010000000000000009 2
1 -6.2079421898626996e-17 -2.6368881037019953e-15 1 0 
7 0 0  3 19 17  -0.025580534551200906 0.06696518487650048  -0.02553217229517335 0.069509660088623318  -0.025437474774950952 0.074491964733763391  -0.024400045413997096 0.081734656130085695  -0.022848219953418902 0.0885749899594417  -0.02051130892265085 0.094944925531157534  -0.017622914038534221 0.1009523739605276  -0.014017981816350944 0.10651455015103785  -0.0098047132179718277 0.11168627307881042  -0.0048910245259524698 0.11630894229746098  0.00051550917896114878 0.12050210794732248  0.0063987379119466725 0.12418795325951033  0.01278172666755073 0.12723062042855554  0.019595610098192995 0.12974330349665486  0.026880490605488361 0.13175582140890901  0.034646054650205538 0.13306683876217962  0.04287025631477015 0.13394027060274022  0.048502421931631567 0.13405534756040011  0.051401172765872305 0.13411457512040287 
 0 4 0.066030844719483506 1 0.1292941596762224 1 0.18962713968533612 1 0.24785630263689085 1 0.30510155844685516 1 0.3623848231952147 1 0.41957682405436392 1 0.47791055459673148 1 0.5371660732874084 1 0.59703186811431419 1 0.65782128283272223 1 0.72044835239245386 1 0.78543257792967969 1 0.8537700764726841 1 0.92473869881476523 1 1 4
7 0 0  1 2 2  1 -2.6368881037019953e-15  1 0.99999999999999123 
 0 2 0.010000000000000009 2
7 0 0  1 2 2  -2.2949346401270417e-16 8.4653931180460692e-15  -2.2949346401270417e-16 1.0000000000000131 
 0 2 0.010000000000000009 2
1 -2.2949346401270417e-16 8.4653931180460692e-15 1 -1.1135180027614624e-14 
7 0 0  3 11 9  0.051401172765872305 0.13411457512040287  0.0556041042449541 0.13397056258527679  0.064100661032542861 0.1336794299106393  0.076841576902559661 0.13118041027642841  0.089644744995837078 0.12719306111607653  0.10237679327316163 0.12158995689862646  0.11497474098153859 0.11465780202993515  0.12718854755641817 0.10630338994751638  0.13900673030169119 0.096587602062599379  0.1463055269562048 0.089236768884535647  0.15002922154636 0.085486526339915117 
 0 4 0.11155484117844976 1 0.22551689165539895 1 0.34355421976993655 1 0.46717002874627328 1 0.59433257377544435 1 0.72498392980844439 1 0.85969250805955544 1 0.99999999999999989 4
7 0 0  1 2 2  0.99999999999999989 -2.6697869095686356e-15  0.99999999999999967 1.0000000000000022 
 0 2 0.010000000000000009 2
1 0 0 -1 0 
1 0 0 0 1 
1 0.15002922154636 0.085486526339915117 0 1 
1 0 0.048932926829268281 -1 0 
7 0 0  1 2 2  8.3035088950883588e-17 -2.6593116858905091e-15  -8.680347364180725e-17 0.99999999999998013 
 0 2 0.010000000000000009 2
1 -8.680347364180725e-17 -2.659311685890601e-15 1 2.2209332206970404e-14 
7 0 0  3 11 9  0.15002922154636 0.13441945316918341  0.14668231238226692 0.13778336243671513  0.140059682569873 0.14443963086501588  0.12921507626891438 0.15326388998333834  0.11757727412324037 0.16066605503392839  0.10530545674684066 0.1670225486497906  0.092099511551903768 0.17202403865894716  0.077842105875853163 0.17548712705808978  0.062546371846017856 0.17767556512159938  0.051967910889677671 0.17790098790678327  0.046523123985384385 0.17801701414479315 
 0 4 0.12288158857152263 1 0.24314949464384233 1 0.36127492563479685 1 0.47960921109552973 1 0.60063117782680686 1 0.72610307956526443 1 0.85902388148293041 1 0.99999999999999989 4
7 0 0  1 2 2  1.0000000000000002 1.9550020521079817e-14  1.0000000000000002 1.0000000000000022 
 0 2 0.010000000000000009 2
7 0 0  1 2 2  5.8777267014324373e-16 1.4016457265675389e-14  1.4262291059782904e-17 1.0000000000000133 
 0 2 0.010000000000000009 2
1 5.9337823195611878e-16 1.4016457265675389e-14 1 -2.7755684035846216e-14 
7 0 0  3 19 17  0.046523123985384385 0.17801701414479315  0.042098178678324216 0.17793556783237502  0.033429510691758368 0.1777760108227196  0.020774312963462105 0.1763417755383081  0.0087386877133763807 0.17421651092143148  -0.00256261233651911 0.17095841734828038  -0.013268771697936499 0.16695055480858467  -0.023246332184482799 0.1618803292210263  -0.032621264031216346 0.15600617491220736  -0.04121953185296634 0.14922097625589875  -0.048986711941754968 0.14168960907803024  -0.055848190129037412 0.13350498527702276  -0.061586201377769156 0.12461067027500942  -0.066245222117098712 0.11507938263355343  -0.069950197020283489 0.1049482822306481  -0.072509558311474431 0.0941534323260758  -0.074056101585559753 0.082711298663512137  -0.074257679108149621 0.074871585281479122  -0.074361022356078998 0.070852379998451662 
 0 4 0.072853708443201423 1 0.14272370984484697 1 0.20953183511143653 1 0.27390800694681139 1 0.33615739324984567 1 0.39753857241228235 1 0.45790725651810954 1 0.51809729383580083 1 0.57757768208397775 1 0.6358160475721929 1 0.69361832272754875 1 0.75144482728932604 1 0.8102189150181166 1 0.87091158883001896 1 0.93381992441955031 1 1 4
7 0 0  1 2 2  0.99999999999999989 -1.3739226770170809e-14  1 0.99999999999999101 
 0 2 0.010000000000000009 2
7 0 0  1 2 2  -8.2813303451417583e-17 -2.6211690303178764e-15  -2.3997797903967384e-18 0.99999999999998013 
 0 2 0.010000000000000009 2
1 -8.2813303451417583e-17 -2.6211690303178764e-15 1 1.8581169208423229e-21 
7 0 0  3 19 17  -0.074361022356078998 0.070852379998451662  -0.074312675491548963 0.067241889219251741  -0.074217154342268166 0.060108474631768036  -0.073155467014936471 0.049629690161365717  -0.071681078844541113 0.039483705860091964  -0.069471821046812265 0.029721384983640339  -0.06655875899258834 0.020331560662749534  -0.063052547958948213 0.011310261639570413  -0.058926149257840676 0.0026728554539202365  -0.054144663726612863 -0.0056645285783347432  -0.048569871023542155 -0.013826304720013893  -0.042166543568286863 -0.021986481164171345  -0.034791873957266461 -0.030117117678970518  -0.026618495334071679 -0.038401513864536684  -0.017477359481944066 -0.046657650046204424  -0.0074495201827478041 -0.054951478203702969  0.0033665735379284634 -0.063404748052728194  0.011079205590998287 -0.068768188132096897  0.015044465448799116 -0.071525668782036145 
 0 4 0.061423136907629697 1 0.12135654890745634 1 0.17908288559970031 1 0.23583094656470646 1 0.29149463448377927 1 0.34625591479353346 1 0.4004078115217285 1 0.45425329830609229 1 0.50965945012896674 1 0.56847822251565128 1 0.63063508955860115 1 0.69637052906816566 1 0.76646638681270285 1 0.84015233423837665 1 0.91781825866366118 1 0.99999999999999989 4
7 0 0  1 2 2  0.99999999999999989 -2.6211671722009555e-15  0.99999999999999989 0.99999999999996902 
 0 2 0.010000000000000009 2
7 0 0  1 2 2  -2.1833802350235691e-16 2.9142269812758009e-15  -1.6133854980246641e-16 1.0000000000000022 
 0 2 0.010000000000000009 2
1 -1.4827604954001911e-16 2.9142269812758506e-15 1 -5.5511150849778443e-15 
7 0 0  3 19 17  0.015044465448799116 -0.071525668782036145  0.019040021617090175 -0.074285360614989318  0.026724603718427775 -0.079593026825020299  0.03764343198289688 -0.087361750573488717  0.047577193239868865 -0.094440570969741636  0.056461955066954728 -0.10092263519360709  0.064264786879925873 -0.10688109947571373  0.071148434385314041 -0.11210264287516067  0.076950488872557399 -0.11674482186276777  0.083137853826656838 -0.1220122879853355  0.089598913786277712 -0.12814960581452065  0.096211421723511492 -0.13536232220977285  0.10153707979687976 -0.1424645355936302  0.10565257854522958 -0.14956503282061168  0.10860837886422714 -0.15699641391578045  0.1107672632976594 -0.16496568996764194  0.11194212973799866 -0.17372690689335146  0.11212793533246213 -0.17980492170272971  0.11222434349757959 -0.18295859561130445 
 0 4 0.094117563362147119 1 0.18101463535265358 1 0.25972515726515422 1 0.33054119216379102 1 0.39416402987668631 1 0.45000889007670342 1 0.49799759811934763 1 0.53816322972876196 1 0.60747722920557956 1 0.67057959466057038 1 0.72760392946593289 1 0.77921535677302534 1 0.82914315291103902 1 0.88217965014147137 1 0.93886705200608067 1 1 4
7 0 0  1 2 2  1 -2.6368881037018979e-15  1 0.99999999999999123 
 0 2 0.010000000000000009 2
1 0 0 -1 0 
1 0 0 0 1 
1 0.11222434349757959 -0.18295859561130445 -1 0 
1 0 0.19634146341463421 -1 0 
1 0 0 1 0 
1 0 0 0 -1 
1 -0.084117119917054617 -0.18295859561130445 -0 -1 
1 0 -0.043902439024390241 1 0 
1 0 0 1 -0 
1 0 0 0 -1 
1 -0.084117119917054617 -0.22686103463569468 1 0 
1 0 -0.24878048780487805 1 -0 
1 0 0 -1 0 
1 0 0 0 1 
1 0.16466336788782343 -0.22686103463569468 0 1 
1 0 0.019817073170731725 -1 0 
7 0 0  1 2 2  1.4019199544768256e-16 -2.6368881037019953e-15  1.5174947128187207e-16 1.0000000000000022 
 0 2 0.010000000000000009 2
1 1.5174947128187207e-16 -2.6368881037019953e-15 1 0 
7 0 0  3 19 17  0.16466336788782343 -0.20704396146496296  0.16454645124471501 -0.20152630001349209  0.16432060584524411 -0.19086795042763743  0.1625964572630485 -0.17552722869752663  0.15963747806466799 -0.16148595192890655  0.15549572887881313 -0.14854823696618713  0.14983192931419098 -0.1363757738506623  0.14269794225098653 -0.12459215492736089  0.13410277093941303 -0.11290699747250843  0.12562770228000353 -0.10351257220218664  0.11804949685186039 -0.095750564503671448  0.11137153181591142 -0.089723108166559998  0.10405352146899849 -0.08325910893300123  0.095887368243112947 -0.076620474576594905  0.087064065259574552 -0.069575548831861067  0.077415216205189097 -0.062329319638096889  0.066994047997814277 -0.054822486167717163  0.059765259844773433 -0.049744749264711133  0.056050563009774623 -0.04713542487959712 
 0 4 0.081358462719601912 1 0.15715841666981534 1 0.22726263074032996 1 0.292665763214008 1 0.3570391333086475 1 0.42476416576315318 1 0.49550426326091473 1 0.57061493905500094 1 0.61115027516899789 1 0.65543263209721458 1 0.70322609924133872 1 0.75513233095359245 1 0.81060363101099486 1 0.86972663112515747 1 0.93305571268672027 1 0.99999999999999989 4
1 0 0 -1 0 
7 0 0  1 2 2  1.0000000000000002 -2.6005327098083237e-15  1.0000000000000004 1.0000000000000024 
 0 2 0.010000000000000009 2
1 0 0 0 1 
1 -0.030775903358102763 -0.04334326316081305 1 -1.2306692935323891e-26 
1 0 0.053658536585365846 -1 0 
7 0 0  1 2 2  2.82568496461979e-16 -2.6369041407414547e-15  2.82568496461979e-16 1.0000000000000022 
 0 2 0.010000000000000009 2
1 2.82568496461979e-16 -2.6369041407414547e-15 1 1.6038339841309265e-20 
7 0 0  3 11 9  0.022882633227263083 -0.04334326316081305  0.020430227729991576 -0.039955425788971377  0.015566542861475935 -0.033236564091445708  0.0094505751809123018 -0.022490365826931757  0.0041081165760566973 -0.011497145504514861  -0.0001063431639868051 -0.0001164208934747446  -0.0035380455840866576 0.011533047896414517  -0.0058411652616930099 0.023531709092384112  -0.0073744807942415919 0.035859810300368  -0.0075276538475781696 0.04420280673668453  -0.007605171650785697 0.048425029522113694 
 0 4 0.12736348106366838 1 0.25259111363925685 1 0.37621931245981655 1 0.4994590020152484 1 0.62197425529753736 1 0.74587610478869792 1 0.8713930050344274 1 1 4
7 0 0  1 2 2  0.99999999999999967 -2.6368881024016134e-15  0.99999999999999967 1.0000000000000024 
 0 2 0.010000000000000009 2
7 0 0  1 2 2  -3.9526905931442937e-16 -2.6368881037019555e-15  -3.9704884307824941e-16 1.0000000000000024 
 0 2 0.010000000000000009 2
1 -3.9704884307824941e-16 -2.6368881037019555e-15 1 -3.9837475713661079e-29 
7 0 0  3 19 17  -0.007605171650785697 0.048425029522113694  -0.0075499726079788915 0.051755576753394039  -0.0074423044491514628 0.058251955495587926  -0.0065111468850850424 0.067701380739245809  -0.0050208330988839728 0.076633969691630166  -0.0027815650487921506 0.085003943482895861  -5.5660749594774184e-05 0.092897766581181096  0.0032631866270606963 0.10026988258175906  0.007391830401031016 0.1069909035403932  0.011921914517237731 0.11328492016465008  0.01706594498739486 0.11888667831281152  0.022698447716809025 0.12372911925349594  0.028689775599898798 0.12788800077135465  0.035104122815918543 0.13136435031228255  0.04201756327457383 0.13393938822199203  0.049309226886717829 0.13574405422403912  0.056989522640705531 0.13694624991531335  0.062258013356330695 0.13707738996368413  0.064955803958970409 0.13714454171723567 
 0 4 0.077336974205732184 1 0.15084916691681133 1 0.22030879536953885 1 0.28743582609259188 1 0.35181986518922381 1 0.41413447771823841 1 0.47475246156232431 1 0.53470913327527181 1 0.59401179757910139 1 0.6509112765374313 1 0.70689151875724954 1 0.76312310780344694 1 0.81989393097850838 1 0.87771308771341217 1 0.937381595489167 1 1 4
7 0 0  1 2 2  1 -2.6368881037019953e-15  1 0.99999999999999123 
 0 2 0.010000000000000009 2
7 0 0  1 2 2  8.3331218396934744e-17 2.9299458802590116e-15  5.3434559819269605e-17 0.99999999999998002 
 0 2 0.010000000000000009 2
1 6.1368353476731113e-17 2.9299458802589871e-15 1 5.5511171937916243e-15 
7 0 0  3 19 17  0.064955803958970409 0.13714454171723567  0.067931757929204167 0.13704620958508595  0.073731349671414356 0.13685457818644409  0.082161240316550782 0.13567208603228964  0.090004800330284726 0.13350086191134913  0.097284326513213781 0.13056907156523678  0.10393403998055865 0.1266564761945006  0.11006662643338498 0.12201666842729086  0.11559146193466489 0.1164667140466803  0.12051091729912293 0.11005070058947297  0.12482130166003128 0.10279820938780293  0.12860698686645478 0.094714200457688635  0.13162949222945283 0.085759891951876499  0.13439103339258648 0.076045876440178017  0.13626906109961504 0.065416070757719158  0.13774075400689029 0.053973245443798112  0.13855131604198825 0.041678442687179018  0.13867333148840039 0.033207593994652673  0.13873629176384847 0.028836614887967293 
 0 4 0.060020573545180637 1 0.11696915549671819 1 0.17115928556705273 1 0.22377165343762032 1 0.2747368622464707 1 0.32627819887891646 1 0.3784446699555189 1 0.43214092470301468 1 0.48890022382699627 1 0.54826342140296969 1 0.61177909355208504 1 0.67926976690993335 1 0.75171776474957552 1 0.8291802767448383 1 0.91185659566593158 1 0.99999999999999989 4
7 0 0  1 2 2  0.99999999999999989 8.4810630740506099e-15  0.99999999999999989 0.99999999999999101 
 0 2 0.010000000000000009 2
1 0 0 1 -0 
1 0 0 0 -1 
1 0.13873629176384844 0.028836614887967293 0 -1 
1 0 -0.033155487804877981 1 -0 
1 0 0 -1 0 
1 0 0 0 1 
1 0.13873629176384844 -0.0043188729169106876 1 -1.2306692935323891e-26 
1 0 0.043902439024390269 -1 0 
1 0 0 -1 0 
1 0 0 0 1 
1 0.18263873078823872 -0.0043188729169106876 0 1 
1 0 0.03147865853658538 -1 0 
7 0 0  1 2 2  4.172930230208935e-16 2.9142268940205852e-15  3.7014378104493013e-16 1.0000000000000022 
 0 2 0.010000000000000009 2
1 4.172930230208935e-16 2.9142268940205852e-15 1 -5.5511149977225833e-15 
7 0 0  3 19 17  0.18263873078823872 0.027159785619674692  0.18270974529496936 0.030996911670081229  0.18284768357077208 0.038450128988594123  0.1835520578008252 0.049275267400160749  0.18496648788301934 0.0593419035318965  0.18672736042915317 0.068713856641230087  0.18918145331522151 0.077288564425758488  0.19205698786265404 0.085175277701330376  0.19555447715957919 0.092285327169175257  0.19964342274069036 0.098633143152203728  0.2040914578992381 0.10437979568944167  0.20929759315305166 0.10916392870065905  0.21488717285044462 0.11338117911212864  0.22111969243531915 0.11672123014655589  0.22787866910642263 0.1193363276847057  0.23515871577874686 0.12111319803941878  0.24293931509121663 0.12231993199110136  0.24830962417899538 0.12244551889237976  0.25108385273945821 0.12251039537577224 
 0 4 0.086186631538145861 1 0.16740854649179757 1 0.24342110420875179 1 0.31436505675731052 1 0.38137511636661531 1 0.44348105915766312 1 0.50268050661790264 1 0.55886956135349719 1 0.61286933299762392 1 0.66534336992306786 1 0.71715246015654355 1 0.76974733733767386 1 0.82357501455829107 1 0.87948235989238188 1 0.93774222791254169 1 1 4
7 0 0  1 2 2  1 -2.6368881037019953e-15  1 0.99999999999999123 
 0 2 0.010000000000000009 2
7 0 0  1 2 2  2.3125888451048256e-16 -2.6368881037019953e-15  2.3125888451048256e-16 1.0000000000000022 
 0 2 0.010000000000000009 2
1 2.3125888451048256e-16 -2.6368881037019953e-15 1 0 
7 0 0  3 19 17  0.25108385273945821 0.12251039537577224  0.25365194331124891 0.12244807661675439  0.2586245623712457 0.12232740819006749  0.26582638198672648 0.12150855247693915  0.27250695309519596 0.12004469229806947  0.27871363866001303 0.1180648257875998  0.28447035923008201 0.11557162844277025  0.28971302209182287 0.11243359069393588  0.29437750900073995 0.10861252545771349  0.29868244115275605 0.10439505655457681  0.30237285682130788 0.099485966205683396  0.30555781239528701 0.094051350043363846  0.30834291474991443 0.088069516173212903  0.31049804950199972 0.081479852803632902  0.31228851678106062 0.074355205183495476  0.31344257326028413 0.066645661959717994  0.31425122971301145 0.058376212186410426  0.31431373859527695 0.052670104505913473  0.31434604786140946 0.04972076122943081 
 0 4 0.069731631019115489 1 0.13502204373132426 1 0.19645546758452884 1 0.25514321129202605 1 0.31167058328698166 1 0.36644915094685115 1 0.42042690242007863 1 0.47506192810670944 1 0.52970130909054425 1 0.58661047121561727 1 0.64587520087437278 1 0.70848649202300573 1 0.77457746620684642 1 0.84512335034520913 1 0.91994816240415511 1 0.99999999999999989 4
7 0 0  1 2 2  0.99999999999999989 -2.6368881037019953e-15  0.99999999999999989 0.99999999999999123 
 0 2 0.010000000000000009 2
7 0 0  1 2 2  5.114367992510074e-16 -2.6065037798580778e-15  5.114367992510074e-16 1.0000000000000024 
 0 2 0.010000000000000009 2
1 5.114367992510074e-16 -2.6065037798580778e-15 1 -3.0384323843917593e-17 
7 0 0  3 11 9  0.31434604786140946 0.04972076122943081  0.31426784990733242 0.046259693794249324  0.31411247762677907 0.039382865021680424  0.3125591768108294 0.029161545510028253  0.31025576064230653 0.019087524045461324  0.30681403309963529 0.009195197775030084  0.30256596083177284 -0.0005972023348571609  0.29726865838846733 -0.010185968704336523  0.29106456375625683 -0.019653768372437486  0.28629589726949295 -0.025645999085670779  0.28385824298336071 -0.028709116819349734 
 0 4 0.12078858530291969 1 0.23999602271992554 1 0.36030459309244922 1 0.48123974084634302 1 0.60520633102099808 1 0.73267047423339571 1 0.86334608090051224 1 0.99999999999999989 4
7 0 0  1 2 2  0.99999999999999967 -2.6368881037019953e-15  0.99999999999999944 1.0000000000000022 
 0 2 0.010000000000000009 2
1 0 0 -1 0 
1 0 0 0 1 
1 0.28385824298336071 -0.028709116819349734 1 -1.2306692935323891e-26 
1 0 0.043902439024390283 -1 0 
7 0 0  1 2 2  -2.2040189508487103e-16 -2.6368713671102644e-15  -5.1850820137098843e-17 1.0000000000000024 
 0 2 0.010000000000000009 2
1 -5.1850820137098843e-17 -2.6368713671102644e-15 1 -1.4381884070987396e-21 
7 0 0  3 11 9  0.32776068200775099 -0.028709116819349734  0.33021360933110167 -0.025424665715067185  0.33508779236878111 -0.018898171551060217  0.3412309879610872 -0.0083613501810365642  0.34650820432763335 0.0025111376239299599  0.35079496377462976 0.013815594290261468  0.3541845448300609 0.025507886069826347  0.35649187642485558 0.03765747724064894  0.35801649152087134 0.050190055454985671  0.35817053904672636 0.058684685217120114  0.35824848688579969 0.062982956351382069 
 0 4 0.12480808531088299 1 0.24800467857179326 1 0.37090910558759493 1 0.49267476715690262 1 0.61590783249437964 1 0.74130264464697415 1 0.86909948918780655 1 1 4
7 0 0  1 2 2  1.0000000000000009 -2.6368728052986715e-15  1.0000000000000009 1.0000000000000024 
 0 2 0.010000000000000009 2
7 0 0  1 2 2  3.4183093643556366e-17 -2.6368881037019953e-15  3.4183093643556366e-17 1.0000000000000022 
 0 2 0.010000000000000009 2
1 3.4183093643556366e-17 -2.6368881037019953e-15 1 0 
7 0 0  3 19 17  0.35824848688579969 0.062982956351382069  0.35819380692704944 0.067153600251091294  0.35808716198519291 0.075287806756632047  0.35671942826062969 0.087154519657541285  0.3546832335865685 0.098390708656221681  0.35190066587079993 0.10905445285557613  0.34816031567534034 0.11906022518670656  0.34354734961186517 0.1284050682871174  0.33820048564109145 0.13715836652456492  0.33205797388172131 0.14521815894659995  0.32519552699684168 0.1524298571191226  0.3178754130952392 0.15880610634361747  0.31004110979006849 0.16420876003535945  0.30165455215869308 0.16856480486320591  0.29281346140990144 0.17200190323564502  0.28348431763704701 0.174455165772192  0.27366741555360818 0.17593756046859477  0.26694278720666131 0.17609070226311885  0.26350763322726312 0.17616893196113814 
 0 4 0.075440593977085843 1 0.14713540284583457 1 0.2158551651153319 1 0.28199144316034186 1 0.34629961038298923 1 0.40881075987514559 1 0.47031959335376589 1 0.53165805860940674 1 0.59182733591457237 1 0.65017720281031743 1 0.70705751660545335 1 0.76361355350109805 1 0.82082184928072288 1 0.87836911648240434 1 0.93786707726042751 1 1 4
7 0 0  1 2 2  1 -2.6368881037019953e-15  1 0.99999999999999123 
 0 2 0.010000000000000009 2
7 0 0  1 2 2  5.6517206342552997e-18 2.9142244355191397e-15  1.6084341453303077e-16 1.0000000000000022 
 0 2 0.010000000000000009 2
1 1.7758271347702119e-17 2.9142244355191516e-15 1 -5.5511125392211473e-15 
7 0 0  3 19 17  0.26350763322726312 0.17616893196113814  0.2603542225658057 0.17612064862480914  0.25418339909100718 0.176026164278415  0.24514207044556258 0.17498403624972592  0.23652564614913091 0.17341020592390333  0.22830448993355401 0.17120075687399805  0.22054151718438281 0.16832497581259021  0.21322931353271987 0.16474086601604099  0.20626675039877421 0.16069538002506023  0.19985184532107922 0.15579965257533335  0.19377900819667321 0.15039825913184746  0.18822161482991712 0.14426561901741664  0.18311230491469882 0.13750771186461497  0.17834332239579309 0.13017458801953796  0.17411701617475628 0.12213087457358129  0.1702178893547405 0.11351487179600084  0.16675700213743611 0.10425074915455523  0.16491103266178672 0.097778647594809143  0.16396495030043384 0.094461614887967338 
 0 4 0.067390246732760117 1 0.13187413919593594 1 0.19430523069725289 1 0.25452311050832305 1 0.31364823141475912 1 0.37098214746696728 1 0.42845997675762798 1 0.48549463166515322 1 0.54319021474927109 1 0.60201766323865191 1 0.66209573799586097 1 0.72417136395005266 1 0.78881063951191521 1 0.85615270811392397 1 0.92627647023582294 1 1 4
7 0 0  1 2 2  1 -2.6368881037019953e-15  1 0.99999999999999123 
 0 2 0.010000000000000009 2
1 0 0 1 0 
1 0 0 0 -1 
1 0.16396495030043381 0.094461614887967338 -1 1.2306692935323891e-26 
1 0 -0.00099085365853657237 1 0 
7 0 0  1 2 2  4.5104952731824466e-16 -2.6368881037019835e-15  4.4517135835940927e-16 1.0000000000000024 
 0 2 0.010000000000000009 2
1 4.4517135835940927e-16 -2.6368881037019835e-15 1 -1.1832913578315183e-29 
7 0 0  3 19 17  0.16297409664189727 0.094461614887967338  0.16251216190906809 0.09807626636359601  0.16160610091299299 0.10516621757036915  0.15949000391217982 0.11547292021954336  0.15662641542079819 0.12518526468366886  0.15328364795452964 0.13437661445292559  0.14899694805116118 0.14286311708605837  0.14423539398563703 0.1508484662669195  0.13868466287709749 0.15817839403220058  0.13261594303676646 0.16496174390650509  0.12600425669809984 0.17107016984620627  0.11889252093892794 0.17634766191079654  0.11136587619412795 0.18078160748025196  0.10349567413530932 0.18448196793915983  0.095201338650204137 0.18728587859354273  0.08653465770517528 0.18936883718095676  0.077441024025949823 0.19060740072479232  0.071235019843710973 0.19073713868581943  0.068080803958970426 0.19080307830260157 
 0 4 0.073056815191308438 1 0.14329715009066465 1 0.21068803270440151 1 0.27597998089694159 1 0.3390909043869263 1 0.40103752264173403 1 0.46217227879473555 1 0.52313910828239385 1 0.58335201556408278 1 0.64234784714740067 1 0.70036326694836015 1 0.7582555282612643 1 0.8164161627718215 1 0.87560525102145759 1 0.93677608301822246 1 1 4
7 0 0  1 2 2  1 -2.6368881037019953e-15  1 0.99999999999999123 
 0 2 0.010000000000000009 2
7 0 0  1 2 2  8.7018912404017105e-18 -2.6368881037018845e-15  8.7018912404017105e-18 1.0000000000000024 
 0 2 0.010000000000000009 2
1 8.7018912404017105e-18 -2.6368881037018845e-15 1 -1.1083495718355216e-28 
7 0 0  3 19 17  0.068080803958970426 0.19080307830260157  0.063704147790864529 0.19069199956747829  0.055139655760724791 0.19047463432215384  0.042620437711192026 0.18859206610336199  0.030733904470344867 0.18555257518278245  0.019468434057792333 0.18128256065083825  0.0089016174702006984 0.17574533588177699  -0.0010483389632573309 0.16905975061511092  -0.010285097522408984 0.16108147568566533  -0.018790964234295257 0.15193561865373206  -0.026456218905269849 0.1418124117599292  -0.033232326955246735 0.13086648235449838  -0.038840231163162361 0.11905670193098017  -0.043539684943669485 0.10649861337520239  -0.047080484865091907 0.093085003527920374  -0.049669824088326583 0.078893989384513974  -0.051196622105902687 0.063905523575202072  -0.05140239929067382 0.053662277360220667  -0.051507610675175966 0.048425029522113805 
 0 4 0.062762801274436925 1 0.12281785241009482 1 0.18116727397800714 1 0.2385060406396679 1 0.29524265290811846 1 0.35195818525302225 1 0.41011602003894027 1 0.46994831387152741 1 0.53082189831441873 1 0.59202525812627749 1 0.65430352859789154 1 0.7180837371812151 1 0.78413277799526182 1 0.85305428880463707 1 0.92486843602846869 1 1 4
7 0 0  1 2 2  1 -2.6368881037019977e-15  1 0.99999999999999123 
 0 2 0.010000000000000009 2
7 0 0  1 2 2  -1.4784924039704573e-15 -1.3739237996425184e-14  -1.4784924039704573e-15 0.99999999999999101 
 0 2 0.010000000000000009 2
1 -1.4784924039704573e-15 -1.3739237996425184e-14 1 1.1138705286617014e-14 
7 0 0  3 11 9  -0.051507610675175966 0.048425029522113805  -0.051459879175025938 0.043798903485712803  -0.051366659590190003 0.034764082724656142  -0.050326602074205404 0.021563556695233133  -0.048784295456217167 0.0090317628432896591  -0.046472269172884093 -0.0027968524369073045  -0.043623173412393898 -0.013974085414669379  -0.040003451968439283 -0.024424819502083861  -0.035881622284588785 -0.034267695721472813  -0.032460365953711892 -0.040349080734085163  -0.030775903358102749 -0.04334326316081305 
 0 4 0.14576530528004075 1 0.28467953445781879 1 0.41706897315674685 1 0.54348306759648235 1 0.66428226347514152 1 0.7802560815042977 1 0.89180862948561457 1 1 4
1 0 0 1 0 
1 0 0.05365853658536579 -1 0 
1 0 0 0 -1 
1 0.26710554757348176 0.076756206938204896 0 -1 
1 0 -0.40000000000000008 1 0 
1 0 0 1 -0 
1 0 0 0 -1 
1 0.26710554757348176 -0.32324379306179518 -1 1.1341478085271015e-26 
1 0 -0.063643292682926844 1 -0 
1 0 0 0 1 
1 0 0 1 0 
1 0.20346225489055492 -0.32324379306179518 -0.53413351626682459 0.84540013413793458 
1 0.36730333973694756 0 0 1 
7 0 0  1 2 2  -8.7279007195834218e-16 -2.6211671722009555e-15  -7.0801344436379947e-16 0.99999999999998013 
 0 2 0.010000000000000009 2
1 -7.0801344436379947e-16 -2.6211671722009555e-15 1 2.2204460462730807e-14 
7 0 0  3 5 3  0.0072732305003110342 -0.012725500378868326  0.0046766562789003208 -0.0084100146997610759  -0.00036782370176169366 -2.6129141788483468e-05  -0.0042037474835695254 0.0089740888305105126  -0.0060651841338352774 0.013341572791863432 
 0 4 0.5147357569788642 1 1 4
7 0 0  1 2 2  0.99999999999999911 1.9583293290529845e-14  0.99999999999999911 0.99999999999999123 
 0 2 0.010000000000000009 2
1 2.2204460492503131e-16 2.7755575615628914e-17 1 -0 
1 0 0 0 -1 
1 -0.0060651841338353052 0.013341572791863404 -1 1.1341478085271015e-26 
1 0 -0.0016006097560975763 1 -0 
7 0 0  1 2 2  -1.0034587567884883e-17 -2.6368880921936258e-15  -1.0034587567884883e-17 1.0000000000000024 
 0 2 0.010000000000000009 2
1 -1.0034587567884883e-17 -2.6368880921936258e-15 1 -1.3410196387663448e-23 
7 0 0  3 11 9  -0.0076657938899328815 0.013341572791863404  -0.0075285087258003813 0.012072099207057402  -0.0072214826351597872 0.0092330341531069726  -0.0069672725681937941 0.0045005384276467497  -0.0066360677232390752 -0.0011116389355545764  -0.0064187769678009099 -0.0076429620101136908  -0.0062938929648909681 -0.015088272118634172  -0.0061169097968897801 -0.023446345681010256  -0.0060500540896172017 -0.032720322152095388  -0.0060599722973595505 -0.039199080390306312  -0.0060651841338353052 -0.042603549159356102 
 0 4 0.068405408252566219 1 0.15298262712630942 1 0.25386725867935844 1 0.36965137893138045 1 0.50308837148621377 1 0.65285815617669052 1 0.81758332040289472 1 1 4
7 0 0  1 2 2  0.99999999999999989 -2.6368881056038222e-15  0.99999999999999989 1.0000000000000022 
 0 2 0.010000000000000009 2
1 0 0 1 0 
1 0 0 0 -1 
1 -0.0060651841338353052 -0.042603549159356102 0 -1 
1 0 -0.28064024390243908 1 0 
1 0 0 1 -0 
1 0 0 0 -1 
1 -0.0060651841338353052 -0.32324379306179518 -1 1.1341478085271015e-26 
1 0 -0.05365853658536586 1 -0 
1 0 0 -1 0 
1 0 0 0 1 
1 -0.059723720719201165 -0.32324379306179518 0 1 
1 0 0.40000000000000008 -1 0 
1 0 0 -1 0 
1 0 0 0 1 
1 -0.059723720719201165 0.076756206938204896 1 -1.1341478085271015e-26 
1 0 0.06829268292682926 -1 0 
1 0 0 0 1 
1 0 0 1 0 
1 0.0085689622076280947 0.076756206938204896 0.5303998435916556 -0.8477476074386453 
1 0.35882386514756082 0 0 1 
7 0 0  1 2 2  -1.8277564625845294e-15 -2.6211671722009555e-15  -1.6284466673214497e-15 0.99999999999998013 
 0 2 0.010000000000000009 2
1 -1.6284466673214497e-15 -2.6211671722009555e-15 1 3.3306691628199349e-14 
7 0 0  3 11 9  0.19888908415884757 -0.22743586623252687  0.19995354722023431 -0.22916513137316086  0.20197516755639369 -0.23244933887808164  0.20487965481623713 -0.23707790691822744  0.20742891140488576 -0.24123979309027971  0.20960945078002777 -0.24492675473809208  0.21144898660300868 -0.24812299362358345  0.2129086277352025 -0.25082420137427153  0.21406688533555299 -0.25302798726611858  0.21469568671465797 -0.25436490386077987  0.21497140123201838 -0.25495111013496591 
 0 4 0.19104376725050345 1 0.36282890311570315 1 0.51409851060298262 1 0.6501981344949076 1 0.76582489239913942 1 0.86101723428008303 1 0.93905934776029165 1 1 4
7 0 0  1 2 2  0.99999999999999978 3.0685524455998854e-14  0.99999999999999956 1.0000000000000131 
 0 2 0.010000000000000009 2
1 0 0 -1 0 
1 0 0 0 1 
1 0.21497140123201841 -0.25495111013496591 1 -1.1341478085271015e-26 
1 0 0.0010670731707316805 -1 0 
7 0 0  1 2 2  -6.1774959876203378e-17 -2.6368881037019953e-15  -6.1774959876203378e-17 1.0000000000000022 
 0 2 0.010000000000000009 2
1 -6.1774959876203378e-17 -2.6368881037019953e-15 1 -2.3846848357680301e-18 
7 0 0  3 11 9  0.21603847440275006 -0.25495111013496591  0.2158238244727482 -0.2534280652103198  0.21535617955925287 -0.25010989868667088  0.21486508082849468 -0.24474235573228864  0.21437215697488568 -0.23859619928262094  0.2141361153160283 -0.23170374651484424  0.21379815116236769 -0.22405893473352134  0.21355781033431223 -0.21567411014808821  0.21353089057578042 -0.20652619617676918  0.21347570658998519 -0.20017464191559703  0.21344701098811594 -0.19687184184228299 
 0 4 0.079299964594997746 1 0.1727660711694386 1 0.27786620732108963 1 0.39719790136866029 1 0.52830989431260256 1 0.67247143017139799 1 0.82968556357059109 1 1 4
7 0 0  1 2 2  0.99999999999999989 -2.6392727885377835e-15  0.99999999999999989 1.0000000000000022 
 0 2 0.010000000000000009 2
1 0 0 -1 0 
1 0 0 0 1 
1 0.21344701098811597 -0.19687184184228296 0 1 
1 0 0.27362804878048785 -1 0 
1 0 0 -1 0 
1 0 0 0 1 
1 0.21344701098811597 0.076756206938204896 1 -1.1341478085271015e-26 
1 0 0 1 0 
1 0 0.20487804878048788 -1 0 
1 0 0 0 -1 
1 -0.010454874722776165 0.24885234500886505 0 -1 
1 0 -0.043902439024390255 1 0 
1 0 0 1 -0 
1 0 0 0 -1 
1 -0.010454874722776165 0.2049499059844748 1 0 
1 0 -0.151219512195122 1 -0 
1 0 0 1 0 
1 0 0 0 -1 
1 0.14076463747234583 0.2049499059844748 0 -1 
1 0 -0.13658536585365857 1 0 
1 0 0 -1 0 
1 0 0 0 1 
1 0.14076463747234583 0.06836454013081622 -1 0 
1 0 0.14146341463414636 -1 0 
1 0 0 1 0 
1 0 0 0 -1 
1 -0.00069877716180052961 0.06836454013081622 0 -1 
1 0 -0.043902439024390255 1 0 
1 0 0 1 -0 
1 0 0 0 -1 
1 -0.00069877716180052961 0.024462101106425962 1 0 
1 0 -0.14146341463414636 1 -0 
1 0 0 1 0 
1 0 0 0 -1 
1 0.14076463747234583 0.024462101106425962 0 -1 
1 0 -0.17560975609756099 1 0 
1 0 0 1 -0 
1 0 0 0 -1 
1 0.14076463747234583 -0.15114765499113503 1 0 
1 0 -0.053658536585365874 1 -0 
1 0 0 -1 0 
1 0 0 0 1 
1 0.1944231740577117 -0.15114765499113503 0 1 
1 0 0.40000000000000008 -1 0 
1 0 0 -1 0 
1 0 0 0 1 
1 0.1944231740577117 0.24885234500886505 -1 0 
7 0 0  1 2 2  1.0661384421509491e-16 -8.1880574369364575e-15  9.3327265952534066e-17 0.99999999999999112 
 0 2 0.010000000000000009 2
7 0 0  1 2 2  1.0000000000000004 8.4587329080924022e-15  1.0000000000000022 1.0000000000000131 
 0 2 0.010000000000000009 2
1 1.0487232502361018e-16 -8.1880574369364575e-15 1 5.551169333234463e-15 
7 0 0  3 19 17  0.13862378778300277 -0.057389829012881602  0.13167728189622929 -0.057254786030478413  0.11808599107726375 -0.056990565647336358  0.098258287662386534 -0.054160148835380353  0.079412031655608839 -0.050043180066835377  0.061699476741197801 -0.043821575624453671  0.044952105359811978 -0.036114989828779961  0.029440945769249827 -0.026350891969992296  0.014806697315226769 -0.015131894242813068  0.0014834254355658993 -0.0020961606963166707  -0.010533760691602945 0.012303596613758017  -0.021132991401967782 0.027808970752705095  -0.029974244452902643 0.044451318233159051  -0.037261475395077182 0.062086014043082435  -0.042893287813056236 0.080778783066647264  -0.046929828026464282 0.10052007036649221  -0.049290827072479115 0.1213129045983708  -0.049621912348929209 0.13551571992229347  -0.049790846363338748 0.14276261001150867 
 0 4 0.067285917427685027 1 0.13164927615217778 1 0.19378127125042052 1 0.25398428053623523 1 0.3132568206837188 1 0.37209649699929431 1 0.43125688949720947 1 0.49168914864994651 1 0.55235578977167676 1 0.6128061105703646 1 0.67340273246219251 1 0.73468605174127311 1 0.79747830035758482 1 0.86234241732049211 1 0.92976115306201668 1 1 4
7 0 0  1 2 2  1 -2.6368881037019953e-15  1 0.99999999999999123 
 0 2 0.010000000000000009 2
7 0 0  1 2 2  3.1679684666018984e-17 -2.6368881037019867e-15  3.1679684666018984e-17 1.0000000000000022 
 0 2 0.010000000000000009 2
1 3.1679684666018984e-17 -2.6368881037019867e-15 1 -8.6774699574311299e-30 
7 0 0  3 19 17  -0.049790846363338748 0.14276261001150867  -0.049631601281030835 0.15056881859916549  -0.049321113275211381 0.16578896921397129  -0.046852665977173746 0.188023279275427  -0.042753660321124598 0.20903262283639418  -0.037078108839745605 0.2288614067878314  -0.029658947453338746 0.24743594018316722  -0.020519006969150766 0.26475046655554696  -0.009848682699798994 0.28090892618100083  0.0024656859072100801 0.29570670992116449  0.016120585651661301 0.30907853106071492  0.031188873727717281 0.32059269983976774  0.047266296901956717 0.33055846963435925  0.064605777652848695 0.33856409933170939  0.083119170243889373 0.34475690403991738  0.10276323733127107 0.34912142893260717  0.12355694688780028 0.35186205491890071  0.13780201086576099 0.35219542177489582  0.14510244631958813 0.35236626854809405 
 0 4 0.072406929923509361 1 0.14117536914579165 1 0.20723123191935758 1 0.27078602106105354 1 0.33223736355604022 1 0.39243925645280675 1 0.45212399551723242 1 0.51154566521087497 1 0.57071811956346041 1 0.62903565709025311 1 0.6871260247148121 1 0.74586311828066221 1 0.8057898438946417 1 0.86788869474217945 1 0.93229443839299375 1 1 4
7 0 0  1 2 2  1 -2.6368881037019953e-15  1 0.99999999999999123 
 0 2 0.010000000000000009 2
7 0 0  1 2 2  7.2979718290841248e-17 8.4652896679086903e-15  9.6376462359899532e-17 1.0000000000000131 
 0 2 0.010000000000000009 2
1 7.2979718290841248e-17 8.4652896679086903e-15 1 -2.2204516438079503e-14 
7 0 0  3 19 17  0.14510244631958813 0.35236626854809405  0.15192113214718994 0.35222783685907455  0.16525788054557267 0.35195707667837484  0.18472562756985084 0.34917572488846349  0.20316432249008859 0.34487361934021582  0.22063207747911651 0.33885770245579189  0.23700225888784898 0.33092481051023109  0.25243182129349778 0.32138166481797814  0.26676701149338722 0.30998765085808688  0.27996078404549418 0.29697657160234991  0.29191346636034893 0.28261995646341731  0.3023096874834304 0.26707583920740313  0.31113703304881257 0.2505111503641369  0.31831212213035903 0.23288364684632007  0.32388975327485098 0.21419634196702467  0.32778408158985739 0.19444105866377998  0.33032527952865987 0.17367234423764324  0.33057140728109374 0.15946240449034305  0.33069695851471009 0.1522138295237038 
 0 4 0.06656691929222551 1 0.13019902613229653 1 0.1916593199628952 1 0.25130916690521382 1 0.31025009250233143 1 0.36899266456563207 1 0.42817760551191841 1 0.48872265882319538 1 0.54970003567605352 1 0.61034063728079613 1 0.67107055210974398 1 0.73273394164289418 1 0.79594067723043549 1 0.8612574132165538 1 0.92922657947537468 1 1 4
7 0 0  1 2 2  1 -1.3739226770170849e-14  1 0.99999999999999101 
 0 2 0.010000000000000009 2
7 0 0  1 2 2  -4.5004850856638706e-19 -2.6368881037019953e-15  -4.5004850856638706e-19 1.0000000000000022 
 0 2 0.010000000000000009 2
1 -4.5004850856638706e-19 -2.6368881037019953e-15 1 4.1154762984853448e-24 
7 0 0  3 11 9  0.33069695851471009 0.1522138295237038  0.33053920535981696 0.14438180911924969  0.33023109448151522 0.12908493161890902  0.32773582356113212 0.10676051508505645  0.32377225960540951 0.085651863631847125  0.31804025976521982 0.065791433806561744  0.3106514810405045 0.047193624758708932  0.30158345577560658 0.029875507991330069  0.29102772388005033 0.013674368162155559  0.28261765799554828 0.0040032151292606621  0.27841037314885642 -0.00083495096410110548 
 0 4 0.14181919789446243 1 0.27698994453007647 1 0.40631415105670105 1 0.53039153759149549 1 0.65078963242762122 1 0.76810750786378812 1 0.88399166170336807 1 1 4
7 0 0  1 2 2  1 -2.636888099586519e-15  1.0000000000000002 1.0000000000000024 
 0 2 0.010000000000000009 2
7 0 0  1 2 2  9.5405047794219766e-16 -2.6368881037019953e-15  3.9673119783313095e-16 1.0000000000000022 
 0 2 0.010000000000000009 2
1 3.9673119783313095e-16 -2.6368881037019953e-15 1 3.560535748913299e-18 
7 0 0  3 5 3  0.27841037314885642 -0.00083495096410110548  0.27421828426775663 -0.0051422400581623562  0.26592101178930549 -0.013667524771951822  0.25642956216846935 -0.02083873205362391  0.25173354388056368 -0.024386780232393823 
 0 4 0.50523697901775921 1 1 4
7 0 0  1 2 2  0.99999999999999856 -2.6333275679531767e-15  0.99999999999999789 0.99999999999999123 
 0 2 0.010000000000000009 2
1 -8.1313996282578708e-18 2.2204460492503131e-16 0 1 
1 0 0 1 0 
1 0.25173354388056374 -0.024386780232393795 0.81036232485160764 -0.58592909337316368 
1 0.13957923835893221 0 0 1 
1 0 0 1 -0 
1 0 0 0 -1 
1 0.3648432999781247 -0.10617031681775967 -1 0 
1 0 -0.085442073170731686 1 -0 
1 0 0 0 1 
1 0 0 1 0 
1 0.27940122680739304 -0.10617031681775967 -0.79721991120596836 0.60368900369043332 
1 0.095702240542265518 0 0 1 
7 0 0  1 2 2  -2.4900363075706228e-15 8.4653429252498897e-15  -6.2503606385645492e-16 1.0000000000000131 
 0 2 0.010000000000000009 2
1 -6.2503606385645492e-16 8.4653429252498897e-15 1 -6.6100171579182586e-18 
7 0 0  3 7 5  0.20310549510007592 -0.048395926573857204  0.19809691640826227 -0.049813733786320688  0.18794782077831934 -0.052686696730405866  0.17207295309284587 -0.055249742853393416  0.15559085355037916 -0.057152449829098798  0.14434631517409391 -0.057309767504315753  0.13862378778300277 -0.057389829012881602 
 0 4 0.23883109989224202 1 0.48395359669054455 1 0.73737564147226276 1 1 4
7 0 0  3 19 17  0.27703842192934419 0.14634492708467942  0.27695614344525205 0.15262498437208497  0.27679590410720156 0.16485554785117923  0.27497241859943922 0.18265355940186173  0.27219377478173384 0.19936638556929423  0.26837494771797371 0.21501161766725729  0.26320967543692092 0.22947581991794658  0.25707790081345033 0.24289929209174882  0.24970390075297466 0.25518671640866725  0.24124561123664939 0.26633289912385771  0.23180272395785068 0.27624611953992723  0.22147074086547153 0.28488578980734308  0.21031868309314272 0.29224669660652108  0.19827853389283745 0.29820631614479509  0.185408543683794 0.30281391902382604  0.17173033487802625 0.30604365941026213  0.15720615869214793 0.30808426838815334  0.14724359966020872 0.30833508635435919  0.14212988534397836 0.30846382952370377 
 0 4 0.078823679906267444 1 0.15351102332821034 1 0.22436120637511081 1 0.29143919872762175 1 0.3554056791366248 1 0.41691984670657289 1 0.47644148217115628 1 0.53494662534553794 1 0.59225594757418598 1 0.64796622723174091 1 0.70370572429246225 1 0.75962839409402882 1 0.8162347051269695 1 0.87495945873844894 1 0.93581753403835033 1 1 4
1 2.6714425712484957e-17 -8.1880574369364181e-15 1 5.5511693332344228e-15 
7 0 0  3 19 17  0.13877622680739299 -0.013487389988491347  0.14401640975885899 -0.013356210961444334  0.15425608884302999 -0.013099878090631262  0.16916486604901226 -0.01108633785701918  0.18321277852830858 -0.0078200631898720091  0.19642460604289103 -0.0032517287647652465  0.20875071112624577 0.0027175845934505199  0.2201964927188198 0.010025077177846287  0.23077239656907111 0.01860126789152361  0.24040463841877135 0.028482113243980214  0.24900814394511345 0.039572608677393588  0.25658632933244208 0.05170950698311394  0.26292652430289615 0.064938698949881121  0.26811003211362455 0.079187717086478815  0.27212814650399242 0.094499650896313125  0.27501789252723657 0.11086189006467255  0.27666701711765396 0.12827240274627066  0.27691251895561764 0.14021849984051776  0.27703842192934419 0.14634492708467942 
 0 4 0.065639884264478462 1 0.12826486331022929 1 0.18810705394250404 1 0.24609675466812506 1 0.30304697594563806 1 0.359299845023828 1 0.41587784156166041 1 0.47328178602336168 1 0.53180205316050932 1 0.59142709162227713 1 0.65222270484779143 1 0.71526620176683686 1 0.78113110249549256 1 0.85032080201867499 1 0.92323863524944449 1 1 4
1 1.4653034526673317e-16 4.1787645392588058e-14 1 -4.4408812564789019e-14 
7 0 0  3 19 17  0.0038676902220270426 0.14710712220663064  0.0039835373452328238 0.14118259573081807  0.0042097936161072935 0.12961164575796041  0.0060084343229752646 0.11272321552841756  0.008830287342268206 0.096718337674952942  0.013024266370286974 0.081657148291683107  0.018093506197644049 0.067386320264496161  0.024700895059165839 0.054166841475218809  0.032208573576524402 0.041710305517611491  0.04098500055207388 0.030340740361922164  0.050617543657123343 0.020027141093771822  0.06111195982365214 0.011070961541742419  0.072312266009015524 0.0034362986292993947  0.084253827356398525 -0.0027322491868055354  0.096872466331124119 -0.0076010727016680851  0.11020144601412551 -0.010995963573623244  0.12425179312815526 -0.013118534882593111  0.13386502754277607 -0.013362667678152543  0.13877622680739299 -0.013487389988491347 
 0 4 0.075376535614279955 1 0.14721482405064806 1 0.21589525640711368 1 0.28193761662880845 1 0.34596683609296824 1 0.40828680118356125 1 0.46966963409862955 1 0.5307793875761978 1 0.59070508107431285 1 0.64895365416571293 1 0.70598626760042094 1 0.76281691055087686 1 0.81961811614990598 1 0.87772564371369022 1 0.93753260320361331 1 0.99999999999999989 4
1 -1.7304682521106812e-17 -2.5897253091988759e-15 1 4.4408812564789019e-14 
7 0 0  3 19 17  0.14212988534397836 0.30846382952370377  0.13709070406246854 0.30834743064859421  0.1272190594918125 0.30811940782914893  0.11282694902619861 0.3058800110222808  0.099133772662395314 0.30249949117374686  0.086173118303913609 0.29760927660614217  0.074007249108450801 0.29119198324807621  0.062466726434450837 0.28356437810944601  0.051770039688524117 0.27440760339101045  0.041894121963660602 0.26395879467037575  0.032932472190224327 0.25243667695785083  0.025126365647796467 0.2399449990965396  0.018524287725638966 0.22659701157406631  0.013216890610518117 0.2123537455107655  0.0090199366969011541 0.19725737790475287  0.0059634626990405781 0.18130622475050659  0.0042254408652917519 0.16447315113692931  0.0039886746382374882 0.15297998061116258  0.0038676902220270426 0.14710712220663064 
 0 4 0.063282943207204928 1 0.12396988475464467 1 0.18258994024729089 1 0.24028802985101136 1 0.29755428990672317 1 0.355113519331545 1 0.41377877148124653 1 0.47407897217794243 1 0.53551716296165308 1 0.59690970779874075 1 0.65887986950472588 1 0.72233253168409883 1 0.78763626150832655 1 0.85557716147603347 1 0.92620183620087271 1 1 4
1 4.2936331320767198e-17 -2.5897253091988759e-15 1 2.2204460492503131e-14 
1 4.0253997565799956e-17 0.99999999999993572 1 5.5511151231257827e-14 
7 0 0  3 19 17  0.45616097893576041 0.20982795476496255  0.46120016021727023 0.20971155588985299  0.47107180478792626 0.20948353307040768  0.48546391525354016 0.20724413626353955  0.49915709161734345 0.20386361641500561  0.51211774597582516 0.19897340184740092  0.52428361517128796 0.19255610848933499  0.53582413784528793 0.18492850335070479  0.54652082459121465 0.17577172863226923  0.55639674231607816 0.1653229199116345  0.56535839208951444 0.15380080219910958  0.5731644986319423 0.14130912433779835  0.5797665765540998 0.12796113681532506  0.58507397366922065 0.11371787075202426  0.58927092758283761 0.098621503146011633  0.59232740158069819 0.082670349991765354  0.59406542341444701 0.065837276378188078  0.59430218964150128 0.054344105852421339  0.59442317405771172 0.048471247447889408 
 0 4 0.063282943207204928 1 0.12396988475464467 1 0.18258994024729089 1 0.24028802985101136 1 0.29755428990672317 1 0.355113519331545 1 0.41377877148124653 1 0.47407897217794243 1 0.53551716296165308 1 0.59690970779874075 1 0.65887986950472588 1 0.72233253168409883 1 0.78763626150832655 1 0.85557716147603347 1 0.92620183620087271 1 1 4
7 0 0  1 2 2  4.0253997565799956e-17 -2.5897253091988759e-15  4.2936331320767198e-17 0.99999999999993572 
 0 2 0.010000000000000009 2
7 0 0  1 2 2  1 -2.6368881037019953e-15  1 0.99999999999999123 
 0 2 0.010000000000000009 2
7 0 0  1 2 2  1 1.9614735183304255e-14  1 0.99999999999999123 
 0 2 0.010000000000000453 2
7 0 0  1 2 2  -1.7304682521106812e-17 -2.5897253091988759e-15  -1.7304682521106812e-17 0.99999999999996902 
 0 2 0.010000000000000453 2
1 1.0166790054924945e-17 0.99999999999999112 1 1.1102230246251565e-16 
7 0 0  3 19 17  0.32125244235039457 0.047709052325938181  0.32133472083448672 0.05398910961334373  0.3214949601725372 0.066219673092437994  0.32331844568029955 0.084017684643120497  0.32609708949800492 0.100730510810553  0.32991591656176505 0.11637574290851606  0.33508118884281785 0.13083994515920536  0.34121296346628843 0.14426341733300757  0.3485869635267641 0.15655084164992603  0.35704525304308937 0.16769702436511649  0.36648814032188809 0.17761024478118598  0.37682012341426724 0.18624991504860183  0.38797218118659604 0.19361082184777983  0.40001233038690132 0.19957044138605384  0.41288232059594476 0.20417804426508482  0.42656052940171252 0.20740778465152088  0.44108470558759083 0.20944839362941209  0.45104726461953004 0.20969921159561794  0.45616097893576041 0.20982795476496255 
 0 4 0.078823679906267444 1 0.15351102332821034 1 0.22436120637511081 1 0.29143919872762175 1 0.3554056791366248 1 0.41691984670657289 1 0.47644148217115628 1 0.53494662534553794 1 0.59225594757418598 1 0.64796622723174091 1 0.70370572429246225 1 0.75962839409402882 1 0.8162347051269695 1 0.87495945873844894 1 0.93581753403835033 1 1 4
7 0 0  1 2 2  2.6714425712484957e-17 -8.1880574369364181e-15  1.0166790054924945e-17 0.99999999999999112 
 0 2 0.010000000000000009 2
7 0 0  1 2 2  1 -2.6211671722009555e-15  1 0.99999999999996902 
 0 2 0.010000000000000009 2
1 1.4653034526673317e-16 0.99999999999999123 1 -2.2204460492503134e-14 
7 0 0  3 19 17  0.45951463747234578 -0.11212326474723258  0.45427445452087978 -0.11199208572018557  0.44403477543670877 -0.1117357528493725  0.4291259982307265 -0.10972221261576041  0.41507808575143018 -0.10645593794861324  0.40186625823684774 -0.10188760352350648  0.389540153153493 -0.095918290165290715  0.37809437156091896 -0.088610797580894948  0.36751846771066765 -0.080034606867217625  0.35788622586096741 -0.070153761514761021  0.34928272033462532 -0.059063266081347647  0.34170453494729669 -0.046926367775627295  0.33536433997684262 -0.033697175808860114  0.33018083216611421 -0.019448157672262417  0.32616271777574635 -0.0041362238624281025  0.32327297175250219 0.012226015305931313  0.32162384716208481 0.029636527987529422  0.32137834532412113 0.041582625081776535  0.32125244235039457 0.047709052325938181 
 0 4 0.065639884264478462 1 0.12826486331022929 1 0.18810705394250404 1 0.24609675466812506 1 0.30304697594563806 1 0.359299845023828 1 0.41587784156166041 1 0.47328178602336168 1 0.53180205316050932 1 0.59142709162227713 1 0.65222270484779143 1 0.71526620176683686 1 0.78113110249549256 1 0.85032080201867499 1 0.92323863524944449 1 1 4
7 0 0  1 2 2  1.4653034526673317e-16 4.1787645392588058e-14  1.4653034526673317e-16 0.99999999999999123 
 4.4408920985006262e-16 2 0.010000000000000231 2
7 0 0  1 2 2  0.99999999999999989 4.1819087255590137e-14  0.99999999999999989 0.99999999999994682 
 4.4408920985006262e-16 2 0.010000000000000231 2
1 -1.7304682521106812e-17 0.99999999999996902 1 -2.2204460492503134e-14 
7 0 0  3 19 17  0.59442317405771172 0.048471247447889408  0.59430732693450594 0.042546720972076825  0.59408107066363147 0.030975770999219186  0.5922824299567635 0.014087340769676323  0.58946057693747056 -0.0019175370837882923  0.58526659790945179 -0.016978726467058131  0.58019735808209472 -0.031249554494245074  0.57358996922057293 -0.044469033283522426  0.56608229070321436 -0.056925569241129743  0.55730586372766489 -0.068295134396819071  0.54767332062261542 -0.078608733664969413  0.53717890445608663 -0.087564913216998816  0.52597859827072324 -0.09519957612944184  0.51403703692334024 -0.10136812394554677  0.50141839794861465 -0.10623694746040932  0.48808941826561325 -0.10963183833236448  0.4740390711515835 -0.11175440964133435  0.46442583673696269 -0.11199854243689378  0.45951463747234578 -0.11212326474723258 
 0 4 0.075376535614279955 1 0.14721482405064806 1 0.21589525640711368 1 0.28193761662880845 1 0.34596683609296824 1 0.40828680118356125 1 0.46966963409862955 1 0.5307793875761978 1 0.59070508107431285 1 0.64895365416571293 1 0.70598626760042094 1 0.76281691055087686 1 0.81961811614990598 1 0.87772564371369022 1 0.93753260320361331 1 0.99999999999999989 4
1 0 0 0 -1 
1 0.20000000000000001 0 0 -1 
1 0 -2.0019999999999998 -1 0 
1 -0.17999999999999999 0.60000000000000009 -1 0 
1 0.059999999999999998 0 0 -1 
1 -0.20000000000000001 0 -0 -1 
1 -0 -2.0019999999999998 -1 0 
1 -0.12 0.40000000000000008 0 1 
1 0 0 -0 -1 
1 -0.059999999999999998 0 0 -1 
1 0 -2.0019999999999998 -1 0 
1 -0.17999999999999999 0.40000000000000008 1 0 
1 0 0 0 -1 
1 0 0 0 -1 
1 0 -2.0019999999999998 -1 0 
1 -0.17999999999999999 0.40000000000000008 0 -1 
1 0 0 0 -1 
1 0.20000000000000001 0 0 -1 
1 0 -2.0019999999999998 -1 0 
1 -0.18000000000000002 -0.39999999999999986 -1 0 
1 0.059999999999999998 0 0 -1 
1 -0.20000000000000001 0 -0 -1 
1 -0 -2.0019999999999998 -1 0 
1 -0.12000000000000002 -0.59999999999999987 0 1 
1 0 0 -0 -1 
1 -0.059999999999999887 0 0 -1 
1 0 -2.0019999999999998 -1 0 
1 -0.17999999999999991 -0.59999999999999987 1 0 
1 0 0 0 -1 
1 0 0 0 -1 
1 0 -2.0019999999999998 -1 0 
1 -0.17999999999999991 -0.59999999999999987 5.4210108624275232e-16 -1 
1 0 0 0 -1 
1 -0 -0.026829268292682951 1 0 
1 0 0 -1 0 
1 -0.34600172677248864 0.10349624557799997 -0.36354248565270658 -0.93157761948506024 
1 -0.21468957155771112 0 0 -1 
1 0 0 -1 0 
1 0 0 0 1 
1 -0.42405050726029353 -0.096503754422000071 1 0 
1 0 0.0292682926829268 -1 0 
1 0 0 0 -1 
1 0 0 -1 0 
1 -0.39478221457736673 -0.096503754422000071 0.3393303772748778 0.94066726054354055 
1 -0.059635923698668158 0 0 -1 
1 0 0 -1 0 
1 0 0 0 1 
1 -0.37454593408956183 -0.040406193446390307 1 0 
1 0 0.082621951219512213 -1 0 
1 0 0 0 -1 
1 0 0 -1 0 
1 -0.29192398287004961 -0.040406193446390307 0.32220248560611264 -0.94667077607225347 
1 -0.059257729712919954 0 0 -1 
1 0 0 -1 0 
1 0 0 0 1 
1 -0.27283099506517161 -0.096503754422000071 1 0 
1 0 0.029268292682926855 -1 0 
1 0 0 0 -1 
1 0 0 -1 0 
1 -0.24356270238224476 -0.096503754422000071 -0.35362239232907561 0.93538826358013571 
1 -0.21381495555066457 0 0 -1 
1 0 0 1 0 
1 0 0 -0 -1 
1 -0.31917245847980569 0.10349624557799997 -1 0 
1 -0.29866940969931793 -0.018454973934195183 -1 0 
1 0 0 -0 -1 
1 -0.32850934872370818 0.06508161143165847 0.33639082766544864 -0.94172247029714362 
1 0 0 -1 0 
7 0 0  3 7 5  -0.33171056823590322 0.079106001675560922  -0.33147735174141191 0.077681823217916737  -0.33103678639622913 0.074991431720682761  -0.33029308875466801 0.071221636229238203  -0.32946506063683983 0.067963673984564016  -0.32881163350966974 0.065993187033010908  -0.32850934872370818 0.06508161143165847 
 0 4 0.30054111315850784 1 0.56774714648359859 1 0.80003361373697957 1 1 4
1 -1.8373425520006691e-15 -8.4567769453869346e-18 1 0 
1 -0.33235843408956184 0.079106001675560922 1 0 
1 0 0 0 1 
7 0 0  3 7 5  -0.33544532433346425 0.06508161143165847  -0.3351957433087861 0.065879578322280571  -0.33462602992823332 0.067701080639660946  -0.33387946833438381 0.070844892554432104  -0.33314751154490596 0.074731622950274287  -0.33263577329004052 0.077568526881362204  -0.33235843408956184 0.079106001675560922 
 0 4 0.17448171531705051 1 0.3982857591281122 1 0.67389784739866643 1 1 4
1 -1.222174662245412e-15 -8.4567769453869346e-18 1 0 
1 -0.36555203165053746 -0.018454973934195183 0.33905379548536946 0.94076698696699879 
1 0 0 -1 0 
1 0.01 0 -0 -1 
1 0.29866940969931793 -0.018454973934195183 1 0 
1 0 0 1 0 
1 -0.088706161316821075 0 0 -1 
1 -0 -0.066882621951219523 1 0 
1 0 0 0 -1 
1 0 -0.01 -1 0 
1 0.32850934872370818 0.06508161143165847 -0.33639082766544864 -0.94172247029714362 
1 0 0 0 -1 
7 0 0  1 2 2  0.99999999999999911 -8.4567769453869346e-18  0.99999999999999911 1.0000000000000007 
 -0 2 0.01 2
1 -1.2146111106996629e-15 1.0000000000000007 1 0 
7 0 0  3 7 5  0.33171056823590322 0.079106001675560922  0.33147735174141191 0.077681823217916737  0.33103678639622913 0.074991431720682761  0.33029308875466801 0.071221636229238203  0.32946506063683983 0.067963673984564016  0.32881163350966974 0.065993187033010908  0.32850934872370818 0.06508161143165847 
 0 4 0.30054111315850784 1 0.56774714648359859 1 0.80003361373697957 1 1 4
7 0 0  1 2 2  -1.2146111106996629e-15 -8.4567769453869346e-18  -1.8373425520006691e-15 1.0000000000000007 
 -0 2 0.01 2
1 0 0.00064786585365861349 -1 0 
1 -0.01 0 0 1 
1 0.33235843408956184 0.079106001675560922 -1 0 
1 0 0 -1 0 
7 0 0  1 2 2  1 -8.4567769453869346e-18  1 1.0000000000000007 
 -0 2 0.01 2
1 -9.9083467514312729e-16 1.0000000000000007 1 0 
7 0 0  3 7 5  0.33544532433346425 0.06508161143165847  0.3351957433087861 0.065879578322280571  0.33462602992823332 0.067701080639660946  0.33387946833438381 0.070844892554432104  0.33314751154490596 0.074731622950274287  0.33263577329004052 0.077568526881362204  0.33235843408956184 0.079106001675560922 
 0 4 0.17448171531705051 1 0.3982857591281122 1 0.67389784739866643 1 1 4
7 0 0  1 2 2  -9.9083467514312729e-16 -8.4567769453869346e-18  -1.222174662245412e-15 1.0000000000000007 
 -0 2 0.01 2
1 -0.088796255101566454 0 0 -1 
1 -0 -0.01 -1 0 
1 0.36555203165053746 -0.018454973934195183 -0.33905379548536946 0.94076698696699879 
1 0 0 -1 0 
7 0 0  1 2 2  0.99999999999999989 -8.1315162936412833e-18  1 1.0000000000000002 
 -0 2 0.0099999999999999985 2
1 0 0 0 1 
1 -0.076173295569330043 -0.17406014008587081 -1 0 
1 0 0.054382621951219512 -1 0 
1 0 0 -1 0 
1 0 0 0 1 
1 -0.13055591752054957 -0.17406014008587081 0 1 
1 0 0.20000000000000004 -1 0 
1 0 0 1 0 
1 0 0 -0 -1 
1 -0.13055591752054957 0.025939859914129226 1 0 
1 -0 -0.05644054878048782 1 0 
7 0 0  1 2 2  -3.2609895359474498e-16 -8.4567769453869346e-18  -3.2417402923167976e-16 1.0000000000000007 
 -0 2 0.01 2
1 -3.2417402923167976e-16 -8.4567769453869346e-18 1 0 
7 0 0  3 19 17  -0.074115368740061735 0.025939859914129226  -0.070440995926791816 0.025857961523612763  -0.063236582802543628 0.025697381781306622  -0.052671753965317342 0.024477590732717602  -0.04259258536335031 0.022360856770955381  -0.032971359957254837 0.019473157025032578  -0.0237969331475201 0.015784152116000455  -0.015155735586557695 0.011162813770952087  -0.0069529547756291554 0.0057697560511706658  0.00070466771791868887 -0.00040671760560463677  0.0076843228296116228 -0.0072743485031731142  0.013768747011441512 -0.014785283235775257  0.0189779590791746 -0.022839064156364143  0.023170003937392158 -0.031499371727025639  0.026425001627258971 -0.040719544211222647  0.028729964457716445 -0.05049289580065399  0.030183753997877316 -0.060830496018037861  0.030339858656793145 -0.067919502869234941  0.030419692235548024 -0.07154489618343178 
 0 4 0.068631178676601165 1 0.13456646603867722 1 0.19832815401088114 1 0.26078976664084502 1 0.32199915148415842 1 0.38272174650301966 1 0.44353747403572874 1 0.5051334294849249 1 0.56621387476467178 1 0.62610586461754558 1 0.68534932216051658 1 0.74499587034779735 1 0.80541584181456272 1 0.86763626634595314 1 0.93230778230232925 1 1 4
7 0 0  1 2 2  1 -8.4567769453869346e-18  1 1.0000000000000007 
 -0 2 0.01 2
7 0 0  1 2 2  -6.3344813021208566e-18 -8.1315162936412833e-18  -9.8976274913273372e-18 1.0000000000000002 
 -0 2 0.01 2
1 -9.8976274913273372e-18 -8.1315162936412833e-18 1 0 
7 0 0  3 19 17  0.030419692235548024 -0.07154489618343178  0.030338918795019015 -0.075322413084701695  0.030180587675611603 -0.082727055943063815  0.028733431949206134 -0.093533494958809471  0.026423292732507347 -0.10377290154726321  0.023180540360489776 -0.11343945851501794  0.018982123138440998 -0.12252619358490811  0.013776711205708586 -0.1309999089895669  0.0077046011178821538 -0.13892521400909966  0.00072419120420808003 -0.14619352546271747  -0.0069956391094246062 -0.15269863829243779  -0.015250606365458302 -0.15848400074441993  -0.024111641817445545 -0.16329086587684832  -0.033503063509947972 -0.16721830339946087  -0.04340844582463993 -0.17033645401211786  -0.053870717371198251 -0.17245944970333299  -0.064842329478275396 -0.17385513342500897  -0.072345152173528438 -0.1739908790106397  -0.076173295569330043 -0.17406014008587081 
 0 4 0.068068695844994018 1 0.13342743281895506 1 0.19614603381315651 1 0.25704859244931272 1 0.31688266315916197 1 0.37618720866632144 1 0.43596033536354611 1 0.49653523686272621 1 0.55746534348073307 1 0.61768686341014678 1 0.67794364069690605 1 0.73880528480604024 1 0.80094933676658409 1 0.86481466747022662 1 0.93102478107865716 1 1 4
7 0 0  3 19 17  0.0035904239428651008 -0.072116542524895189  0.0035248678263828936 -0.069052365497388593  0.0033974734697886644 -0.063097789755920314  0.0024062306295113689 -0.054461588182483492  0.00074503362028810471 -0.046404193155319101  -0.0016167285144738086 -0.038944443793523444  -0.0046312345864888971 -0.032053575804009991  -0.0083432008865283735 -0.025771070118190978  -0.012723854297361503 -0.020066126765156872  -0.017772563982622031 -0.015004212285605223  -0.023365368950947069 -0.010554058927566418  -0.02936476784133904 -0.0066377048972762892  -0.035822803746724557 -0.0033493768271164043  -0.042688890123431689 -0.00064719161996751318  -0.049986264679303338 0.0014613190933321779  -0.057692539499153539 0.0029248392807498108  -0.065824607666223445 0.0038156932362739121  -0.071381842767066439 0.0039300415681152168  -0.074229698008354439 0.0039886404019340987 
 0 4 0.074303796442815956 1 0.14439361036441789 1 0.21049949610327967 1 0.27354260650346801 1 0.33382474457907346 1 0.39252967240850267 1 0.45008745459958555 1 0.50782061155578817 1 0.56546491277684674 1 0.62314872233361973 1 0.6812971927909357 1 0.74091349815658081 1 0.80185575219585792 1 0.8652412377209433 1 0.93094165704674403 1 1 4
1 -7.5147101032277037e-18 -8.4567769453869346e-18 1 0 
7 0 0  3 19 17  -0.075334880935183687 -0.1521089205736757  -0.072321367180869123 -0.15204377879031783  -0.066442580911990456 -0.15191669968839372  -0.057875269603089891 -0.15090753936580631  -0.049811896574718489 -0.1492870204625138  -0.042251394048643892 -0.14701692149737849  -0.035226516652344886 -0.14400779735555355  -0.028680594066822301 -0.14039667766029407  -0.022658587683143772 -0.13609951381778079  -0.017184908712610525 -0.13116450167535773  -0.01230595993405012 -0.12561621553161723  -0.008001486761125054 -0.11954144685999306  -0.004425184729408671 -0.11289758776176623  -0.0014636866863629583 -0.10575052989276587  0.00079931707907926475 -0.098068777872285268  0.0024397725506908607 -0.089883105227997681  0.0033872861618356731 -0.081170817502110207  0.0035214007387857904 -0.075193050825693775  0.0035904239428651008 -0.072116542524895189 
 0 4 0.070826572555162795 1 0.1381690332797996 1 0.20247533153384231 1 0.26397375441351939 1 0.32338032059803723 1 0.38179762271318524 1 0.43939007451938883 1 0.49690272454599715 1 0.55466216960936987 1 0.61274187849219708 1 0.67153883639117218 1 0.73165572209019791 1 0.79429781161395296 1 0.85948220497935834 1 0.92768132545278981 1 1 4
1 2.0021556200974211e-16 -8.4567769453869346e-18 1 0 
1 -0.10372664922786662 -0.1521089205736757 1 0 
1 0 0 -0 -1 
1 -0.10372664922786662 0.0039886404019340987 -0 -1 
1 0 0 -0 -1 
1 -0.074229698008354439 0.0039886404019340987 -1 0 
1 0 0 0 1 
1 -0.01 0 0 1 
1 0.12427916579687875 0.08154502606580484 -1 0 
1 0 0 -1 0 
7 0 0  1 2 2  0.99999999999999989 -8.4567769453869346e-18  1 1.0000000000000007 
 -0 2 0.01 2
1 0 0.02949695121951218 -1 0 
1 0 0 1 -0 
1 -9.7248109100256113e-18 1.0000000000000007 1 0 
7 0 0  3 19 17  0.20209928774809829 0.0054398431389755478  0.20203373163161609 0.0085040201664821503  0.20190633727502186 0.014458595907950424  0.20091509443474456 0.023094797481387253  0.1992538974255213 0.031152192508551637  0.19689213529075938 0.038611941870347298  0.1938776292187443 0.04550280985986075  0.19016566291870482 0.051785315545679764  0.18578500950787169 0.05749025889871387  0.18073629982261116 0.062552173378265519  0.17514349485428612 0.067002326736304324  0.16914409596389415 0.070918680766594452  0.16268606005850864 0.074207008836754337  0.1558199736818015 0.076909194043903228  0.14852259912592986 0.07901770475720292  0.14081632430607965 0.080481224944620552  0.13268425613900975 0.081372078900144654  0.12712702103816675 0.081486427231985958  0.12427916579687875 0.08154502606580484 
 0 4 0.074303796442815956 1 0.14439361036441789 1 0.21049949610327967 1 0.27354260650346801 1 0.33382474457907346 1 0.39252967240850267 1 0.45008745459958555 1 0.50782061155578817 1 0.56546491277684674 1 0.62314872233361973 1 0.6812971927909357 1 0.74091349815658081 1 0.80185575219585792 1 0.8652412377209433 1 0.93094165704674403 1 1 4
7 0 0  1 2 2  -9.7248109100256113e-18 -8.4567769453869346e-18  -7.5147101032277037e-18 1.0000000000000007 
 -0 2 0.01 2
7 0 0  1 2 2  1 -8.4567769453869346e-18  1 1.0000000000000007 
 -0 2 0.01 2
1 9.1543189585675385e-17 1.0000000000000007 1 0 
7 0 0  3 19 17  0.12317398287004951 -0.074552534909804957  0.12618749662436407 -0.074487393126447088  0.13206628289324274 -0.074360314024522964  0.1406335942021433 -0.073351153701935567  0.1486969672305147 -0.071730634798643042  0.1562574697565893 -0.069460535833507739  0.16328234715288831 -0.06645141169168281  0.16982826973841089 -0.062840291996423325  0.17585027612208942 -0.058543128153910037  0.18132395509262267 -0.053608116011486996  0.18620290387118307 -0.048059829867746477  0.19050737704410814 -0.041985061196122317  0.19408367907582452 -0.035341202097895492  0.19704517711887024 -0.028194144228895133  0.19930818088431246 -0.020512392208414523  0.20094863635592405 -0.012326719564126939  0.20189614996706887 -0.003614431838239467  0.20203026454401898 0.0023633348381769631  0.20209928774809829 0.0054398431389755478 
 0 4 0.070826572555162795 1 0.1381690332797996 1 0.20247533153384231 1 0.26397375441351939 1 0.32338032059803723 1 0.38179762271318524 1 0.43939007451938883 1 0.49690272454599715 1 0.55466216960936987 1 0.61274187849219708 1 0.67153883639117218 1 0.73165572209019791 1 0.79429781161395296 1 0.85948220497935834 1 0.92768132545278981 1 1 4
7 0 0  1 2 2  9.1543189585675385e-17 -8.4567769453869346e-18  2.0021556200974211e-16 1.0000000000000007 
 -0 2 0.01 2
1 -0 -0.028391768292682931 1 0 
1 0.01 0 -0 -1 
1 0.094782214577366575 -0.074552534909804957 1 0 
1 0 0 1 0 
1 -0 -0.15609756097560978 1 -0 
1 0.01 0 -0 -1 
1 0.094782214577366575 0.08154502606580484 -0 -1 
1 0 0 1 -0 
1 -0 -0.080487804878048796 1 0 
1 0 0 -0 -1 
1 -0.028928556040781241 -0.074552534909804957 0 -1 
1 -0 -0.021951219512195114 1 -0 
1 0 0 -1 0 
1 0 0 0 1 
1 -0.028928556040781241 -0.096503754422000071 1 0 
1 0 0.10731707317073175 -1 0 
1 0 0 -1 0 
1 0 0 0 1 
1 0.0783885171299505 -0.096503754422000071 0 1 
1 0 0.20000000000000004 -1 0 
1 0 0 1 0 
1 0 0 -0 -1 
1 0.0783885171299505 0.10349624557799997 -1 0 
1 -0 -0.10243902439024394 1 0 
1 0 0 1 -0 
1 0 0 -0 -1 
1 -0.024050507260293438 0.10349624557799997 0 -1 
1 -0 -0.021951219512195128 1 -0 
1 0 0 -1 0 
1 0 0 0 1 
1 -0.024050507260293438 0.08154502606580484 1 0 
1 0 0.075609756097560987 -1 0 
1 0 0 1 -0 
1 0 0 -0 -1 
1 0.051559248837267556 0.08154502606580484 0 -1 
1 -0 -0.065853658536585383 1 -0 
1 0 0 1 0 
1 0 0 -0 -1 
1 0.051559248837267556 0.015691367529219458 -1 0 
1 -0 -0.070731707317073178 1 0 
1 0 0 1 -0 
1 0 0 -0 -1 
1 -0.019172458479805619 0.015691367529219458 0 -1 
1 -0 -0.021951219512195131 1 -0 
1 0 0 -1 0 
1 0 0 0 1 
1 -0.019172458479805619 -0.0062598519829756743 1 0 
1 0 0.070731707317073178 -1 0 
1 0 0 1 -0 
1 0 0 -0 -1 
1 0.051559248837267556 -0.0062598519829756743 0 -1 
1 -0 -0.068292682926829287 1 -0 
1 0 0 1 0 
1 0 0 -0 -1 
1 0.051559248837267556 -0.074552534909804957 -1 0 
1 0 0 1 -0 
7 0 0  1 2 2  1 -8.4567769453869346e-18  1.000000000000002 1.0000000000000002 
 -0 2 0.0099999999999999967 2
1 0 0 -0 -1 
1 0.026637608717814787 0.031981564271714696 -0 -1 
1 -0 -0.021951219512195141 1 -0 
7 0 0  1 2 2  -4.9987649382212535e-15 -8.4567769453869346e-18  2.1052647582821455e-16 1.0000000000000007 
 -0 2 0.01 2
1 2.1052647582821455e-16 -8.4567769453869346e-18 1 0 
7 0 0  3 11 9  0.026637608717814773 0.010030344759519555  0.024760930562816946 0.0089944948255409884  0.020980355848329135 0.0069077715064816136  0.014934422951409954 0.0043329534840431949  0.0085726363668262862 0.0021120517619846457  0.0018393138709539292 0.00034108184971058664  -0.0052207833916408097 -0.001082201300106736  -0.012645065238710423 -0.0020462419774601726  -0.020404119024940187 -0.0026808385797427309  -0.025698480360344833 -0.0027429325271823013  -0.028392879087063255 -0.0027745332892609165 
 0 4 0.11244838990880067 1 0.22652767521267789 1 0.34440194932602819 1 0.46586497248745873 1 0.5916594493521169 1 0.72216848702488767 1 0.85860638755492646 1 1 4
7 0 0  1 2 2  0.99999999999999989 -8.4567769453869346e-18  1.0000000000000013 1.0000000000000007 
 -0 2 0.01 2
7 0 0  1 2 2  1.18181965081649e-16 -8.4567769453869346e-18  1.1616717241979418e-16 1.0000000000000007 
 -0 2 0.01 2
1 1.1616717241979418e-16 -8.4567769453869346e-18 1 0 
7 0 0  3 19 17  -0.028392879087063255 -0.0027745332892609165  -0.031864691397363504 -0.0026971018722906637  -0.038654210330367339 -0.002545676039169123  -0.048572702703462339 -0.0012719655873806857  -0.05795595805947712 0.00085453739196818257  -0.066800717306936208 0.0038423522543550997  -0.075137923558711267 0.007617767794263916  -0.082924389254975889 0.012284553873167403  -0.090108586989290862 0.01787946294923283  -0.096785582587635338 0.02417696115579368  -0.1027432529146256 0.031222982568009316  -0.10795806897923738 0.038844319531521315  -0.11236977869465192 0.047017267056989928  -0.11594958299457392 0.055746311994450758  -0.11873930967834179 0.065013735112947835  -0.12069021704339017 0.074827878399455081  -0.12195804450342901 0.085174972776565799  -0.12208036938870254 0.092267332107953362  -0.12214287908706328 0.095891625247324475 
 0 4 0.067833248455773584 1 0.13265553650790413 1 0.19505088405082785 1 0.25558293306877716 1 0.31479983414728996 1 0.37360047282637454 1 0.43254559532674353 1 0.4924306292835654 1 0.5526712559629694 1 0.61251304418811636 1 0.67261025035700639 1 0.73383836931394597 1 0.79659423856777389 1 0.8614497992905733 1 0.9291989423509055 1 1 4
7 0 0  1 2 2  1 -8.4567769453869346e-18  1 1.0000000000000007 
 -0 2 0.01 2
7 0 0  1 2 2  9.0228447626977982e-19 -8.4567769453869346e-18  1.5580858965041456e-18 1.0000000000000007 
 -0 2 0.01 2
1 1.5580858965041456e-18 -8.4567769453869346e-18 1 0 
7 0 0  3 19 17  -0.12214287908706328 0.095891625247324475  -0.12205577439603071 0.099782727469283877  -0.12188530193605218 0.10739799778300139  -0.12053027879888739 0.11853338945842794  -0.11830690711819641 0.12909218854946697  -0.11512497025033475 0.13905836708535571  -0.11107303220662296 0.14844539500210543  -0.10614764924398024 0.1572657625808907  -0.10026878900898695 0.16547402453834759  -0.093530074110855815 0.17301438974241221  -0.086154483166337503 0.17984909104265928  -0.078196251731019045 0.18581317560417854  -0.069751375749387307 0.19085332538210859  -0.060831808529614839 0.19500277666412436  -0.051404760262664412 0.19817022923706867  -0.041514337506467741 0.20044500953460179  -0.031126477881594949 0.2018545952128627  -0.024040175456615798 0.20201947048853625  -0.020427940062673039 0.2021035154912269 
 0 4 0.070643718575354147 1 0.1382567155089047 1 0.20336412421758021 1 0.26632409380305683 1 0.32790476154298948 1 0.3887377151730923 1 0.44942352810930247 1 0.51086101145931562 1 0.57207939604751468 1 0.63173442873144536 1 0.6911172105788379 1 0.75036002949017067 1 0.81003290053126209 1 0.8713624508287362 1 0.93442714123115345 1 1 4
7 0 0  1 2 2  1 -8.4567769453869346e-18  1 1.0000000000000007 
 -0 2 0.01 2
7 0 0  1 2 2  -7.5021485792164727e-16 -8.4567769453869346e-18  -7.52285121712947e-16 1.0000000000000007 
 -0 2 0.01 2
1 -7.52285121712947e-16 -8.4567769453869346e-18 1 0 
7 0 0  3 11 9  -0.020427940062673039 0.2021035154912269  -0.018102567937908765 0.20208684660410522  -0.013562835368309517 0.20205430459116916  -0.0069029863745752595 0.20164622473801069  -0.00055353094896812283 0.20106948299437893  0.0054947193191469124 0.20017015864719356  0.011241453215314556 0.19909960676881749  0.01666514260754931 0.19770409106373799  0.021799881874427107 0.19614042620667083  0.025045584015683992 0.19482292414910893  0.026637608717814773 0.19417668622293424 
 0 4 0.14518686647246976 1 0.28344261091972972 1 0.41652436592882869 1 0.54318112353508274 1 0.66515308263771378 1 0.78136020631271541 1 0.89275665564180906 1 1 4
7 0 0  1 2 2  0.99999999999999989 -8.4567769453869346e-18  1 1.0000000000000007 
 -0 2 0.01 2
1 0 1.3877787807814457e-17 1 -0 
1 0 0 -0 -1 
1 0.026637608717814787 0.19417668622293421 -0 -1 
1 -0 -0.026829268292682937 1 -0 
7 0 0  1 2 2  8.4123924189508092e-17 -8.4567769453869346e-18  3.2805989253766842e-16 1.0000000000000007 
 -0 2 0.01 2
1 3.2805989253766842e-16 -8.4567769453869346e-18 1 0 
7 0 0  3 11 9  0.026637608717814787 0.16734741793025129  0.02486153159226305 0.16837945252854711  0.021325530817727506 0.17043413533844354  0.015764044494967516 0.17300289322366291  0.010095395864776924 0.17523092085848069  0.0042799015537929586 0.17700952102441742  -0.001645837445043874 0.1784457543086666  -0.0077128945130887361 0.17940907645122939  -0.013909774726654611 0.18005720316904078  -0.018088855584203201 0.18012038785976403  -0.020199281526087659 0.18015229597903176 
 0 4 0.12527969673562597 1 0.2494199707420513 1 0.37335679949281936 1 0.49668127878228613 1 0.62020291574398256 1 0.74508632016145604 1 0.87126919501909783 1 1 4
7 0 0  1 2 2  1.0000000000000004 -8.4567769453869346e-18  1.0000000000000004 1.0000000000000007 
 -0 2 0.01 2
7 0 0  1 2 2  -1.5744302000322397e-16 -8.4567769453869346e-18  -1.5744302000322397e-16 1.0000000000000007 
 -0 2 0.01 2
1 -1.5744302000322397e-16 -8.4567769453869346e-18 1 0 
7 0 0  3 19 17  -0.020199281526087659 0.18015229597903176  -0.022909153898989704 0.18009402876183628  -0.028223802049025803 0.17997975409666289  -0.035988097591326179 0.17885778815957404  -0.043393576227680947 0.17717920031311996  -0.050410542491405225 0.17472245685734114  -0.057031028584765137 0.17155165078830209  -0.063249293384509658 0.16765488932588019  -0.069103525595920812 0.16311571885097068  -0.074504420895840057 0.1578775114001495  -0.079426138851010603 0.15208489064484018  -0.083650704918100283 0.14569954851079125  -0.087314044962291865 0.1388943124932347  -0.090247640547064578 0.13154978644658799  -0.092519540395938848 0.12372232167276054  -0.094159373201839064 0.11542259873954906  -0.095109469738330038 0.10663531005571841  -0.095244347898491344 0.10061956294808326  -0.09531361079438036 0.097530344759519591 
 0 4 0.064603970288392112 1 0.12670241396294715 1 0.18675681403561817 1 0.24550568736543732 1 0.3036520244499753 1 0.36150307397062531 1 0.42024022292846747 1 0.48003334077669618 1 0.54067813477551596 1 0.60119180638078173 1 0.66233350247744238 1 0.72473951029723183 1 0.78946773617288668 1 0.85650486004383075 1 0.92631209583919027 1 1 4
7 0 0  1 2 2  1 -8.4567769453869346e-18  1 1.0000000000000007 
 -0 2 0.01 2
7 0 0  1 2 2  3.7127761912065007e-18 -8.4567769453869346e-18  -3.5786601052758624e-18 1.0000000000000007 
 -0 2 0.01 2
1 -3.5786601052758624e-18 -8.4567769453869346e-18 1 0 
7 0 0  3 19 17  -0.09531361079438036 0.097530344759519591  -0.095258046824355042 0.094606103620365339  -0.095149531701709728 0.088895129661617736  -0.094217214377049163 0.080559594077053251  -0.092706965528394858 0.072678249708119216  -0.090584497188852198 0.065258043472200919  -0.087816876151064732 0.058305842256894586  -0.08447368693391602 0.05180317408616069  -0.080476483383287917 0.045779403759283355  -0.075913503423807371 0.04026273190990521  -0.070847393752936166 0.035315601487875596  -0.065384242164967882 0.030970909423371926  -0.05951214613748454 0.02734444405721688  -0.053285862002220852 0.024337263880935989  -0.046677258191749754 0.02201229884231462  -0.039673964129524286 0.020382416812952386  -0.032309482912402099 0.019372902951399137  -0.02726556774784325 0.019242905839710875  -0.024696232745599844 0.019176686222934197 
 0 4 0.073774119374063613 1 0.14407911472604137 1 0.21134851830891152 1 0.27607688573988381 1 0.33852091581967658 1 0.39988511669313359 1 0.46025406746521308 1 0.52058896439124791 1 0.58020768456304417 1 0.63863290855254573 1 0.69636454949052384 1 0.7540017746600125 1 0.81280568137449793 1 0.87275442552556037 1 0.93518199697826709 1 1 4
7 0 0  1 2 2  1 -8.4567769453869346e-18  1 1.0000000000000007 
 -0 2 0.01 2
7 0 0  1 2 2  -6.2331799335728355e-16 -8.4567769453869346e-18  4.130937882162136e-16 1.0000000000000007 
 -0 2 0.01 2
1 4.130937882162136e-16 -8.4567769453869346e-18 1 0 
7 0 0  3 11 9  -0.024696232745599844 0.019176686222934197  -0.022281148632448539 0.019208394332418291  -0.01751923293363003 0.019270914450665935  -0.010496856565427481 0.019912509440438042  -0.0036948108090642806 0.020878153303443683  0.0028573393616591058 0.022299496247833228  0.009182058157192946 0.024078696817832257  0.015243488754086487 0.02631350903930664  0.0211064004450634 0.028866126716622809  0.024799142692047499 0.030946053436107193  0.026637608717814787 0.031981564271714696 
 0 4 0.13529460476342914 1 0.26676565792474827 1 0.39481601883587236 1 0.52005165443424617 1 0.64217570297082172 1 0.7626518205584234 1 0.88183400438050219 1 1 4
1 0 0 1 -0 
1 -0 -0.075609756097560932 1 0 
1 0 0 -0 -1 
1 0.28326656591043831 -0.074552534909804957 0 -1 
1 -0 -0.021951219512195114 1 -0 
1 0 0 -1 0 
1 0 0 0 1 
1 0.28326656591043831 -0.096503754422000071 1 0 
1 0 0.10243902439024394 -1 0 
1 0 0 -1 0 
1 0 0 0 1 
1 0.38570559030068224 -0.096503754422000071 0 1 
1 0 0.20000000000000004 -1 0 
1 0 0 1 0 
1 0 0 -0 -1 
1 0.38570559030068224 0.10349624557799997 -1 0 
1 -0 -0.026829268292683006 1 0 
1 0 0 1 -0 
1 0 0 -0 -1 
1 0.35887632200799924 0.10349624557799997 0 -1 
1 -0 -0.17804878048780493 1 -0 
1 0 0 1 0 
1 0 0 -0 -1 
1 0.35887632200799924 -0.074552534909804957 -1 0 
1 0 -0.20000000000000001 -1 0 
1 -0.099999999999999867 -3.4914813388431289e-16 -1.3552527156068766e-16 1 
1 0 0 0 -1 
1 3.1415926535897976 0 0 1 
1 0 0 -1 0 
1 -0.099999999999999867 -3.4914813388431289e-16 -1.3552527156068766e-16 1 
1 0.19999999999999973 0 0 -1 
1 -0.19999999999999973 0 0 -1 
1 6.2831853071795862 0.20000000000000001 -1 0 
2 0 -0 1 -8.4532735109888201e-16 -8.4532735109888201e-16 -1 0.10000000000000009
1 0 0 0 1 
1 0 0 -0 -1 
1 6.2831853071795862 0 -1 0 
2 0 -0 1 -8.4532735109888201e-16 -8.4532735109888201e-16 -1 0.10000000000000009
1 -0 -0.20000000000000001 -1 0 
1 0.10000000000000009 -9.4941075965748985e-17 -4.0657581468206495e-16 -1 
1 -0.20000000000000018 0 -0 -1 
1 0 0 0 -1 
1 0 0 -1 0 
1 0.10000000000000009 -9.4941075965748985e-17 -4.0657581468206495e-16 -1 
1 0 -0.20000000000000001 -1 0 
1 0.099999999999999895 -0.20000000000000026 -1 1.3552527156068805e-16 
1 0 0 -1 0 
1 0.099999999999999895 -0.20000000000000026 -1 1.3552527156068805e-16 
1 -0 -0.20000000000000001 -1 0 
1 -0.10000000000000009 0 -1.3552527156068808e-16 1 
1 0 0 0 -1 
1 3.1415926535897931 0 0 1 
1 0 0 -1 0 
1 -0.10000000000000009 0 -1.3552527156068808e-16 1 
1 0.20000000000000018 0 0 -1 
1 -0.20000000000000018 0 0 -1 
1 6.2831853071795862 0.20000000000000001 -1 0 
2 0 0 1 0 0 -1 0.10000000000000009
1 0 0 0 1 
1 0 0 0 -1 
1 6.2831853071795862 0 -1 0 
2 0 0 1 0 0 -1 0.10000000000000009
1 0 -0.20000000000000001 -1 0 
1 0.10000000000000009 0 -4.0657581468206426e-16 -1 
1 -0.20000000000000018 0 0 -1 
1 0 0 0 -1 
1 0 0 -1 0 
1 0.10000000000000009 0 -4.0657581468206426e-16 -1 
1 -0 -0.20000000000000001 -1 0 
1 0.10000000000000009 -0.20000000000000018 -1 1.3552527156068805e-16 
1 0 0 -1 0 
1 0.10000000000000009 -0.20000000000000018 -1 1.3552527156068805e-16 
1 0 -0.20000000000000001 -1 0 
1 -0.10000000000000009 -3.4914813388431363e-16 -1.3552527156068766e-16 1 
1 0 0 0 -1 
1 3.1415926535897976 0 0 1 
1 0 0 -1 0 
1 -0.10000000000000009 -3.4914813388431363e-16 -1.3552527156068766e-16 1 
1 0.19999999999999973 0 0 -1 
1 -0.19999999999999996 0 0 -1 
1 6.2831853071795862 0.20000000000000001 -1 0 
2 0 -0 1 -8.4532735109888201e-16 -8.4532735109888201e-16 -1 0.10000000000000009
1 0 0 0 1 
1 0 0 -0 -1 
1 6.2831853071795862 0 -1 0 
2 0 -0 1 -8.4532735109888201e-16 -8.4532735109888201e-16 -1 0.10000000000000009
1 -0 -0.20000000000000001 -1 0 
1 0.10000000000000009 -9.4941075965748985e-17 -4.0657581468206495e-16 -1 
1 -0.20000000000000018 0 -0 -1 
1 0 0 0 -1 
1 0 0 -1 0 
1 0.10000000000000009 -9.4941075965748985e-17 -4.0657581468206495e-16 -1 
1 0 -0.20000000000000001 -1 0 
1 0.099999999999999895 -0.20000000000000026 -1 1.3552527156068805e-16 
1 0 0 -1 0 
1 0.099999999999999895 -0.20000000000000026 -1 1.3552527156068805e-16 
1 0 -0.20000000000000001 -1 0 
1 -0.10000000000000009 -3.4914813388431363e-16 -1.3552527156068766e-16 1 
1 0 0 0 -1 
1 3.1415926535897976 0 0 1 
1 0 0 -1 0 
1 -0.10000000000000009 -3.4914813388431363e-16 -1.3552527156068766e-16 1 
1 0.19999999999999973 0 0 -1 
1 -0.19999999999999996 0 0 -1 
1 6.2831853071795862 0.20000000000000001 -1 0 
2 0 -0 1 -8.4532735109888201e-16 -8.4532735109888201e-16 -1 0.10000000000000009
1 0 0 0 1 
1 0 0 -0 -1 
1 6.2831853071795862 0 -1 0 
2 0 -0 1 -8.4532735109888201e-16 -8.4532735109888201e-16 -1 0.10000000000000009
1 -0 -0.20000000000000001 -1 0 
1 0.10000000000000009 -9.4941075965748985e-17 -4.0657581468206495e-16 -1 
1 -0.20000000000000018 0 -0 -1 
1 0 0 0 -1 
1 0 0 -1 0 
1 0.10000000000000009 -9.4941075965748985e-17 -4.0657581468206495e-16 -1 
1 0 -0.20000000000000001 -1 0 
1 0.099999999999999895 -0.20000000000000026 -1 1.3552527156068805e-16 
1 0 0 -1 0 
1 0.099999999999999895 -0.20000000000000026 -1 1.3552527156068805e-16 
1 0 -0.20000000000000001 -1 0 
1 -0.10000000000000003 -3.4914813388431343e-16 -1.3552527156068766e-16 1 
1 0 0 0 -1 
1 3.1415926535897976 0 0 1 
1 0 0 -1 0 
1 -0.10000000000000003 -3.4914813388431343e-16 -1.3552527156068766e-16 1 
1 0.19999999999999973 0 0 -1 
1 -0.20000000000000004 0 0 -1 
1 6.2831853071795862 0.20000000000000001 -1 0 
2 0 -0 1 -8.4532735109888201e-16 -8.4532735109888201e-16 -1 0.10000000000000006
1 0 0 0 1 
1 0 0 -0 -1 
1 6.2831853071795862 0 -1 0 
2 0 -0 1 -8.4532735109888201e-16 -8.4532735109888201e-16 -1 0.10000000000000006
1 -0 -0.20000000000000001 -1 0 
1 0.10000000000000006 -9.4941075965749083e-17 -4.0657581468206495e-16 -1 
1 -0.20000000000000018 0 -0 -1 
1 0 0 0 -1 
1 0 0 -1 0 
1 0.10000000000000006 -9.4941075965749083e-17 -4.0657581468206495e-16 -1 
1 0 -0.20000000000000001 -1 0 
1 0.099999999999999978 -0.20000000000000026 -1 1.3552527156068805e-16 
1 0 0 -1 0 
1 0.099999999999999978 -0.20000000000000026 -1 1.3552527156068805e-16 
1 0 -0.20000000000000001 -1 0 
1 -0.10000000000000003 -3.4914813388431343e-16 -1.3552527156068766e-16 1 
1 0 0 0 -1 
1 3.1415926535897976 0 0 1 
1 0 0 -1 0 
1 -0.10000000000000003 -3.4914813388431343e-16 -1.3552527156068766e-16 1 
1 0.19999999999999973 0 0 -1 
1 -0.20000000000000007 0 0 -1 
1 6.2831853071795862 0.20000000000000001 -1 0 
2 0 -0 1 -8.4532735109888201e-16 -8.4532735109888201e-16 -1 0.10000000000000003
1 0 0 0 1 
1 0 0 -0 -1 
1 6.2831853071795862 0 -1 0 
2 0 -0 1 -8.4532735109888201e-16 -8.4532735109888201e-16 -1 0.10000000000000003
1 -0 -0.20000000000000001 -1 0 
1 0.10000000000000006 -9.4941075965749083e-17 -4.0657581468206495e-16 -1 
1 -0.20000000000000018 0 -0 -1 
1 0 0 0 -1 
1 0 0 -1 0 
1 0.10000000000000006 -9.4941075965749083e-17 -4.0657581468206495e-16 -1 
1 0 -0.20000000000000001 -1 0 
1 0.10000000000000001 -0.20000000000000026 -1 1.3552527156068805e-16 
1 0 0 -1 0 
1 0.10000000000000001 -0.20000000000000026 -1 1.3552527156068805e-16 
1 0 -0.20000000000000001 -1 0 
1 -0.10000000000000009 -3.4914813388431363e-16 -1.3552527156068766e-16 1 
1 0 0 0 -1 
1 3.1415926535897976 0 0 1 
1 0 0 -1 0 
1 -0.10000000000000009 -3.4914813388431363e-16 -1.3552527156068766e-16 1 
1 0.19999999999999973 0 0 -1 
1 -0.19999999999999996 0 0 -1 
1 6.2831853071795862 0.20000000000000001 -1 0 
2 0 -0 1 -8.4532735109888201e-16 -8.4532735109888201e-16 -1 0.10000000000000009
1 0 0 0 1 
1 0 0 -0 -1 
1 6.2831853071795862 0 -1 0 
2 0 -0 1 -8.4532735109888201e-16 -8.4532735109888201e-16 -1 0.10000000000000009
1 -0 -0.20000000000000001 -1 0 
1 0.10000000000000009 -9.4941075965748985e-17 -4.0657581468206495e-16 -1 
1 -0.20000000000000018 0 -0 -1 
1 0 0 0 -1 
1 0 0 -1 0 
1 0.10000000000000009 -9.4941075965748985e-17 -4.0657581468206495e-16 -1 
1 0 -0.20000000000000001 -1 0 
1 0.099999999999999895 -0.20000000000000026 -1 1.3552527156068805e-16 
1 0 0 -1 0 
1 0.099999999999999895 -0.20000000000000026 -1 1.3552527156068805e-16 
1 0 -0.20000000000000001 -1 0 
1 -0.10000000000000009 -3.4914813388431363e-16 -1.3552527156068766e-16 1 
1 0 0 0 -1 
1 3.1415926535897976 0 0 1 
1 0 0 -1 0 
1 -0.10000000000000009 -3.4914813388431363e-16 -1.3552527156068766e-16 1 
1 0.19999999999999973 0 0 -1 
1 -0.19999999999999996 0 0 -1 
1 6.2831853071795862 0.20000000000000001 -1 0 
2 0 -0 1 -8.4532735109888201e-16 -8.4532735109888201e-16 -1 0.10000000000000009
1 0 0 0 1 
1 0 0 -0 -1 
1 6.2831853071795862 0 -1 0 
2 0 -0 1 -8.4532735109888201e-16 -8.4532735109888201e-16 -1 0.10000000000000009
1 -0 -0.20000000000000001 -1 0 
1 0.10000000000000009 -9.4941075965748985e-17 -4.0657581468206495e-16 -1 
1 -0.20000000000000018 0 -0 -1 
1 0 0 0 -1 
1 0 0 -1 0 
1 0.10000000000000009 -9.4941075965748985e-17 -4.0657581468206495e-16 -1 
1 0 -0.20000000000000001 -1 0 
1 0.099999999999999895 -0.20000000000000026 -1 1.3552527156068805e-16 
1 0 0 -1 0 
1 0.099999999999999895 -0.20000000000000026 -1 1.3552527156068805e-16 
1 0 -0.20000000000000001 -1 0 
1 -0.10000000000000009 -3.4914813388431363e-16 -1.3552527156068766e-16 1 
1 0 0 0 -1 
1 3.1415926535897976 0 0 1 
1 0 0 -1 0 
1 -0.10000000000000009 -3.4914813388431363e-16 -1.3552527156068766e-16 1 
1 0.19999999999999973 0 0 -1 
1 -0.19999999999999996 0 0 -1 
1 6.2831853071795862 0.20000000000000001 -1 0 
2 0 -0 1 -8.4532735109888201e-16 -8.4532735109888201e-16 -1 0.10000000000000009
1 0 0 0 1 
1 0 0 -0 -1 
1 6.2831853071795862 0 -1 0 
2 0 -0 1 -8.4532735109888201e-16 -8.4532735109888201e-16 -1 0.10000000000000009
1 -0 -0.20000000000000001 -1 0 
1 0.099999999999999867 -9.4941075965749724e-17 -4.0657581468206495e-16 -1 
1 -0.20000000000000018 0 -0 -1 
1 0 0 0 -1 
1 0 0 -1 0 
1 0.099999999999999867 -9.4941075965749724e-17 -4.0657581468206495e-16 -1 
1 0 -0.20000000000000001 -1 0 
1 0.099999999999999895 -0.20000000000000026 -1 1.3552527156068805e-16 
1 0 0 -1 0 
1 0.099999999999999895 -0.20000000000000026 -1 1.3552527156068805e-16 
1 -0 -0.20000000000000001 -1 0 
1 -0.10000000000000009 0 -1.3552527156068808e-16 1 
1 0 0 0 -1 
1 3.1415926535897931 0 0 1 
1 0 0 -1 0 
1 -0.10000000000000009 0 -1.3552527156068808e-16 1 
1 0.20000000000000018 0 0 -1 
1 -0.20000000000000018 0 0 -1 
1 6.2831853071795862 0.20000000000000001 -1 0 
2 0 0 1 0 0 -1 0.10000000000000009
1 0 0 0 1 
1 0 0 0 -1 
1 6.2831853071795862 0 -1 0 
2 0 0 1 0 0 -1 0.10000000000000009
1 0 -0.20000000000000001 -1 0 
1 0.10000000000000009 0 -4.0657581468206426e-16 -1 
1 -0.20000000000000018 0 0 -1 
1 0 0 0 -1 
1 0 0 -1 0 
1 0.10000000000000009 0 -4.0657581468206426e-16 -1 
1 -0 -0.20000000000000001 -1 0 
1 0.10000000000000009 -0.20000000000000018 -1 1.3552527156068805e-16 
1 0 0 -1 0 
1 0.10000000000000009 -0.20000000000000018 -1 1.3552527156068805e-16 
1 -0 -0.20000000000000001 -1 0 
1 -0.099999999999999978 0 -1.3552527156068808e-16 1 
1 0 0 0 -1 
1 3.1415926535897931 0 0 1 
1 0 0 -1 0 
1 -0.099999999999999978 0 -1.3552527156068808e-16 1 
1 0.20000000000000018 0 0 -1 
1 -0.19999999999999996 0 0 -1 
1 6.2831853071795862 0.20000000000000001 -1 0 
2 0 0 1 0 0 -1 0.10000000000000009
1 0 0 0 1 
1 0 0 0 -1 
1 6.2831853071795862 0 -1 0 
2 0 0 1 0 0 -1 0.10000000000000009
1 0 -0.20000000000000001 -1 0 
1 0.10000000000000009 0 -4.0657581468206426e-16 -1 
1 -0.20000000000000018 0 0 -1 
1 0 0 0 -1 
1 0 0 -1 0 
1 0.10000000000000009 0 -4.0657581468206426e-16 -1 
1 -0 -0.20000000000000001 -1 0 
1 0.099999999999999978 -0.20000000000000018 -1 1.3552527156068805e-16 
1 0 0 -1 0 
1 0.099999999999999978 -0.20000000000000018 -1 1.3552527156068805e-16 
1 -0 -0.20000000000000001 -1 0 
1 -0.10000000000000003 0 -1.3552527156068808e-16 1 
1 0 0 0 -1 
1 3.1415926535897931 0 0 1 
1 0 0 -1 0 
1 -0.10000000000000003 0 -1.3552527156068808e-16 1 
1 0.20000000000000018 0 0 -1 
1 -0.20000000000000001 0 0 -1 
1 6.2831853071795862 0.20000000000000001 -1 0 
2 0 0 1 0 0 -1 0.10000000000000003
1 0 0 0 1 
1 0 0 0 -1 
1 6.2831853071795862 0 -1 0 
2 0 0 1 0 0 -1 0.10000000000000003
1 0 -0.20000000000000001 -1 0 
1 0.10000000000000006 0 -4.0657581468206426e-16 -1 
1 -0.20000000000000018 0 0 -1 
1 0 0 0 -1 
1 0 0 -1 0 
1 0.10000000000000006 0 -4.0657581468206426e-16 -1 
1 -0 -0.20000000000000001 -1 0 
1 0.099999999999999978 -0.20000000000000018 -1 1.3552527156068805e-16 
1 0 0 -1 0 
1 0.099999999999999978 -0.20000000000000018 -1 1.3552527156068805e-16 
1 -0 -0.20000000000000001 -1 0 
1 -0.10000000000000006 0 -1.3552527156068808e-16 1 
1 0 0 0 -1 
1 3.1415926535897931 0 0 1 
1 0 0 -1 0 
1 -0.10000000000000006 0 -1.3552527156068808e-16 1 
1 0.20000000000000018 0 0 -1 
1 -0.19999999999999998 0 0 -1 
1 6.2831853071795862 0.20000000000000001 -1 0 
2 0 0 1 0 0 -1 0.10000000000000006
1 0 0 0 1 
1 0 0 0 -1 
1 6.2831853071795862 0 -1 0 
2 0 0 1 0 0 -1 0.10000000000000006
1 0 -0.20000000000000001 -1 0 
1 0.10000000000000006 0 -4.0657581468206426e-16 -1 
1 -0.20000000000000018 0 0 -1 
1 0 0 0 -1 
1 0 0 -1 0 
1 0.10000000000000006 0 -4.0657581468206426e-16 -1 
1 -0 -0.20000000000000001 -1 0 
1 0.09999999999999995 -0.20000000000000018 -1 1.3552527156068805e-16 
1 0 0 -1 0 
1 0.09999999999999995 -0.20000000000000018 -1 1.3552527156068805e-16 
1 -0 -0.20000000000000001 -1 0 
1 -0.099999999999999978 0 -1.3552527156068808e-16 1 
1 0 0 0 -1 
1 3.1415926535897931 0 0 1 
1 0 0 -1 0 
1 -0.099999999999999978 0 -1.3552527156068808e-16 1 
1 0.20000000000000018 0 0 -1 
1 -0.19999999999999996 0 0 -1 
1 6.2831853071795862 0.20000000000000001 -1 0 
2 0 0 1 0 0 -1 0.10000000000000009
1 0 0 0 1 
1 0 0 0 -1 
1 6.2831853071795862 0 -1 0 
2 0 0 1 0 0 -1 0.10000000000000009
1 0 -0.20000000000000001 -1 0 
1 0.10000000000000009 0 -4.0657581468206426e-16 -1 
1 -0.20000000000000018 0 0 -1 
1 0 0 0 -1 
1 0 0 -1 0 
1 0.10000000000000009 0 -4.0657581468206426e-16 -1 
1 -0 -0.20000000000000001 -1 0 
1 0.099999999999999978 -0.20000000000000018 -1 1.3552527156068805e-16 
1 0 0 -1 0 
1 0.099999999999999978 -0.20000000000000018 -1 1.3552527156068805e-16 
1 -0 -0.20000000000000001 -1 0 
1 -0.10000000000000009 0 -1.3552527156068808e-16 1 
1 0 0 0 -1 
1 3.1415926535897931 0 0 1 
1 0 0 -1 0 
1 -0.10000000000000009 0 -1.3552527156068808e-16 1 
1 0.20000000000000018 0 0 -1 
1 -0.20000000000000018 0 0 -1 
1 6.2831853071795862 0.20000000000000001 -1 0 
2 0 0 1 0 0 -1 0.10000000000000009
1 0 0 0 1 
1 0 0 0 -1 
1 6.2831853071795862 0 -1 0 
2 0 0 1 0 0 -1 0.10000000000000009
1 0 -0.20000000000000001 -1 0 
1 0.10000000000000009 0 -4.0657581468206426e-16 -1 
1 -0.20000000000000018 0 0 -1 
1 0 0 0 -1 
1 0 0 -1 0 
1 0.10000000000000009 0 -4.0657581468206426e-16 -1 
1 -0 -0.20000000000000001 -1 0 
1 0.10000000000000009 -0.20000000000000018 -1 1.3552527156068805e-16 
1 0 0 -1 0 
1 0.10000000000000009 -0.20000000000000018 -1 1.3552527156068805e-16 
1 -0 -0.20000000000000001 -1 0 
1 -0.10000000000000009 0 -1.3552527156068808e-16 1 
1 0 0 0 -1 
1 3.1415926535897931 0 0 1 
1 0 0 -1 0 
1 -0.10000000000000009 0 -1.3552527156068808e-16 1 
1 0.20000000000000018 0 0 -1 
1 -0.20000000000000018 0 0 -1 
1 6.2831853071795862 0.20000000000000001 -1 0 
2 0 0 1 0 0 -1 0.10000000000000009
1 0 0 0 1 
1 0 0 0 -1 
1 6.2831853071795862 0 -1 0 
2 0 0 1 0 0 -1 0.10000000000000009
1 0 -0.20000000000000001 -1 0 
1 0.10000000000000009 0 -4.0657581468206426e-16 -1 
1 -0.20000000000000018 0 0 -1 
1 0 0 0 -1 
1 0 0 -1 0 
1 0.10000000000000009 0 -4.0657581468206426e-16 -1 
1 -0 -0.20000000000000001 -1 0 
1 0.10000000000000009 -0.20000000000000018 -1 1.3552527156068805e-16 
1 0 0 -1 0 
1 0.10000000000000009 -0.20000000000000018 -1 1.3552527156068805e-16 
1 0 -0.20000000000000001 -1 -0 
1 -0.099999999999999867 -3.4914813388431289e-16 -1.3552527156068766e-16 1 
1 0 0 0 -1 
1 3.1415926535897976 0 0 1 
1 0 0 -1 -0 
1 -0.099999999999999867 -3.4914813388431289e-16 -1.3552527156068766e-16 1 
1 0.19999999999999973 0 0 -1 
1 -0.19999999999999973 0 0 -1 
1 6.2831853071795862 0.20000000000000001 -1 0 
2 0 0 1 -8.4532735109888201e-16 -8.4532735109888201e-16 -1 0.10000000000000009
1 0 0 0 1 
1 0 0 0 -1 
1 6.2831853071795862 0 -1 0 
2 0 0 1 -8.4532735109888201e-16 -8.4532735109888201e-16 -1 0.10000000000000009
1 0 -0.20000000000000001 -1 0 
1 0.10000000000000009 -9.4941075965748985e-17 -4.0657581468206495e-16 -1 
1 -0.20000000000000018 0 0 -1 
1 0 0 0 -1 
1 0 0 -1 0 
1 0.10000000000000009 -9.4941075965748985e-17 -4.0657581468206495e-16 -1 
1 0 -0.20000000000000001 -1 0 
1 0.099999999999999895 -0.20000000000000026 -1 1.3552527156068805e-16 
1 0 0 -1 0 
1 0.099999999999999895 -0.20000000000000026 -1 1.3552527156068805e-16 
1 0 -0.20000000000000001 -1 -0 
1 -0.10000000000000009 -3.4914813388431363e-16 -1.3552527156068766e-16 1 
1 0 0 0 -1 
1 3.1415926535897976 0 0 1 
1 0 0 -1 -0 
1 -0.10000000000000009 -3.4914813388431363e-16 -1.3552527156068766e-16 1 
1 0.19999999999999973 0 0 -1 
1 -0.19999999999999996 0 0 -1 
1 6.2831853071795862 0.20000000000000001 -1 0 
2 0 0 1 -8.4532735109888201e-16 -8.4532735109888201e-16 -1 0.10000000000000009
1 0 0 0 1 
1 0 0 0 -1 
1 6.2831853071795862 0 -1 0 
2 0 0 1 -8.4532735109888201e-16 -8.4532735109888201e-16 -1 0.10000000000000009
1 0 -0.20000000000000001 -1 0 
1 0.10000000000000009 -9.4941075965748985e-17 -4.0657581468206495e-16 -1 
1 -0.20000000000000018 0 0 -1 
1 0 0 0 -1 
1 0 0 -1 0 
1 0.10000000000000009 -9.4941075965748985e-17 -4.0657581468206495e-16 -1 
1 0 -0.20000000000000001 -1 0 
1 0.099999999999999895 -0.20000000000000026 -1 1.3552527156068805e-16 
1 0 0 -1 0 
1 0.099999999999999895 -0.20000000000000026 -1 1.3552527156068805e-16 
1 0 -0.20000000000000001 -1 -0 
1 -0.10000000000000009 -3.4914813388431363e-16 -1.3552527156068766e-16 1 
1 0 0 0 -1 
1 3.1415926535897976 0 0 1 
1 0 0 -1 -0 
1 -0.10000000000000009 -3.4914813388431363e-16 -1.3552527156068766e-16 1 
1 0.19999999999999973 0 0 -1 
1 -0.19999999999999996 0 0 -1 
1 6.2831853071795862 0.20000000000000001 -1 0 
2 0 0 1 -8.4532735109888201e-16 -8.4532735109888201e-16 -1 0.10000000000000009
1 0 0 0 1 
1 0 0 0 -1 
1 6.2831853071795862 0 -1 0 
2 0 0 1 -8.4532735109888201e-16 -8.4532735109888201e-16 -1 0.10000000000000009
1 0 -0.20000000000000001 -1 0 
1 0.10000000000000009 -9.4941075965748985e-17 -4.0657581468206495e-16 -1 
1 -0.20000000000000018 0 0 -1 
1 0 0 0 -1 
1 0 0 -1 0 
1 0.10000000000000009 -9.4941075965748985e-17 -4.0657581468206495e-16 -1 
1 0 -0.20000000000000001 -1 0 
1 0.099999999999999895 -0.20000000000000026 -1 1.3552527156068805e-16 
1 0 0 -1 0 
1 0.099999999999999895 -0.20000000000000026 -1 1.3552527156068805e-16 
1 0 -0.20000000000000001 -1 -0 
1 -0.10000000000000003 -3.4914813388431343e-16 -1.3552527156068766e-16 1 
1 0 0 0 -1 
1 3.1415926535897976 0 0 1 
1 0 0 -1 -0 
1 -0.10000000000000003 -3.4914813388431343e-16 -1.3552527156068766e-16 1 
1 0.19999999999999973 0 0 -1 
1 -0.20000000000000004 0 0 -1 
1 6.2831853071795862 0.20000000000000001 -1 0 
2 0 0 1 -8.4532735109888201e-16 -8.4532735109888201e-16 -1 0.10000000000000006
1 0 0 0 1 
1 0 0 0 -1 
1 6.2831853071795862 0 -1 0 
2 0 0 1 -8.4532735109888201e-16 -8.4532735109888201e-16 -1 0.10000000000000006
1 0 -0.20000000000000001 -1 0 
1 0.10000000000000006 -9.4941075965749083e-17 -4.0657581468206495e-16 -1 
1 -0.20000000000000018 0 0 -1 
1 0 0 0 -1 
1 0 0 -1 0 
1 0.10000000000000006 -9.4941075965749083e-17 -4.0657581468206495e-16 -1 
1 0 -0.20000000000000001 -1 0 
1 0.099999999999999978 -0.20000000000000026 -1 1.3552527156068805e-16 
1 0 0 -1 0 
1 0.099999999999999978 -0.20000000000000026 -1 1.3552527156068805e-16 
1 0 -0.20000000000000001 -1 -0 
1 -0.10000000000000003 -3.4914813388431343e-16 -1.3552527156068766e-16 1 
1 0 0 0 -1 
1 3.1415926535897976 0 0 1 
1 0 0 -1 -0 
1 -0.10000000000000003 -3.4914813388431343e-16 -1.3552527156068766e-16 1 
1 0.19999999999999973 0 0 -1 
1 -0.20000000000000007 0 0 -1 
1 6.2831853071795862 0.20000000000000001 -1 0 
2 0 0 1 -8.4532735109888201e-16 -8.4532735109888201e-16 -1 0.10000000000000003
1 0 0 0 1 
1 0 0 0 -1 
1 6.2831853071795862 0 -1 0 
2 0 0 1 -8.4532735109888201e-16 -8.4532735109888201e-16 -1 0.10000000000000003
1 0 -0.20000000000000001 -1 0 
1 0.10000000000000006 -9.4941075965749083e-17 -4.0657581468206495e-16 -1 
1 -0.20000000000000018 0 0 -1 
1 0 0 0 -1 
1 0 0 -1 0 
1 0.10000000000000006 -9.4941075965749083e-17 -4.0657581468206495e-16 -1 
1 0 -0.20000000000000001 -1 0 
1 0.10000000000000001 -0.20000000000000026 -1 1.3552527156068805e-16 
1 0 0 -1 0 
1 0.10000000000000001 -0.20000000000000026 -1 1.3552527156068805e-16 
1 0 -0.20000000000000001 -1 -0 
1 -0.10000000000000009 -3.4914813388431363e-16 -1.3552527156068766e-16 1 
1 0 0 0 -1 
1 3.1415926535897976 0 0 1 
1 0 0 -1 -0 
1 -0.10000000000000009 -3.4914813388431363e-16 -1.3552527156068766e-16 1 
1 0.19999999999999973 0 0 -1 
1 -0.19999999999999996 0 0 -1 
1 6.2831853071795862 0.20000000000000001 -1 0 
2 0 0 1 -8.4532735109888201e-16 -8.4532735109888201e-16 -1 0.10000000000000009
1 0 0 0 1 
1 0 0 0 -1 
1 6.2831853071795862 0 -1 0 
2 0 0 1 -8.4532735109888201e-16 -8.4532735109888201e-16 -1 0.10000000000000009
1 0 -0.20000000000000001 -1 0 
1 0.10000000000000009 -9.4941075965748985e-17 -4.0657581468206495e-16 -1 
1 -0.20000000000000018 0 0 -1 
1 0 0 0 -1 
1 0 0 -1 0 
1 0.10000000000000009 -9.4941075965748985e-17 -4.0657581468206495e-16 -1 
1 0 -0.20000000000000001 -1 0 
1 0.099999999999999895 -0.20000000000000026 -1 1.3552527156068805e-16 
1 0 0 -1 0 
1 0.099999999999999895 -0.20000000000000026 -1 1.3552527156068805e-16 
1 0 -0.20000000000000001 -1 -0 
1 -0.10000000000000009 -3.4914813388431363e-16 -1.3552527156068766e-16 1 
1 0 0 0 -1 
1 3.1415926535897976 0 0 1 
1 0 0 -1 -0 
1 -0.10000000000000009 -3.4914813388431363e-16 -1.3552527156068766e-16 1 
1 0.19999999999999973 0 0 -1 
1 -0.19999999999999996 0 0 -1 
1 6.2831853071795862 0.20000000000000001 -1 0 
2 0 0 1 -8.4532735109888201e-16 -8.4532735109888201e-16 -1 0.10000000000000009
1 0 0 0 1 
1 0 0 0 -1 
1 6.2831853071795862 0 -1 0 
2 0 0 1 -8.4532735109888201e-16 -8.4532735109888201e-16 -1 0.10000000000000009
1 0 -0.20000000000000001 -1 0 
1 0.10000000000000009 -9.4941075965748985e-17 -4.0657581468206495e-16 -1 
1 -0.20000000000000018 0 0 -1 
1 0 0 0 -1 
1 0 0 -1 0 
1 0.10000000000000009 -9.4941075965748985e-17 -4.0657581468206495e-16 -1 
1 0 -0.20000000000000001 -1 0 
1 0.099999999999999895 -0.20000000000000026 -1 1.3552527156068805e-16 
1 0 0 -1 0 
1 0.099999999999999895 -0.20000000000000026 -1 1.3552527156068805e-16 
1 0 -0.20000000000000001 -1 -0 
1 -0.10000000000000009 -3.4914813388431363e-16 -1.3552527156068766e-16 1 
1 0 0 0 -1 
1 3.1415926535897976 0 0 1 
1 0 0 -1 -0 
1 -0.10000000000000009 -3.4914813388431363e-16 -1.3552527156068766e-16 1 
1 0.19999999999999973 0 0 -1 
1 -0.19999999999999996 0 0 -1 
1 6.2831853071795862 0.20000000000000001 -1 0 
2 0 0 1 -8.4532735109888201e-16 -8.4532735109888201e-16 -1 0.10000000000000009
1 0 0 0 1 
1 0 0 0 -1 
1 6.2831853071795862 0 -1 0 
2 0 0 1 -8.4532735109888201e-16 -8.4532735109888201e-16 -1 0.10000000000000009
1 0 -0.20000000000000001 -1 0 
1 0.099999999999999867 -9.4941075965749724e-17 -4.0657581468206495e-16 -1 
1 -0.20000000000000018 0 0 -1 
1 0 0 0 -1 
1 0 0 -1 0 
1 0.099999999999999867 -9.4941075965749724e-17 -4.0657581468206495e-16 -1 
1 0 -0.20000000000000001 -1 0 
1 0.099999999999999895 -0.20000000000000026 -1 1.3552527156068805e-16 
1 0 0 -1 0 
1 0.099999999999999895 -0.20000000000000026 -1 1.3552527156068805e-16 
1 0 -0.20000000000000001 -1 -0 
1 -0.10000000000000009 0 -1.3552527156068808e-16 1 
1 0 0 0 -1 
1 3.1415926535897931 0 0 1 
1 0 0 -1 -0 
1 -0.10000000000000009 0 -1.3552527156068808e-16 1 
1 0.20000000000000018 0 0 -1 
1 -0.20000000000000018 0 0 -1 
1 6.2831853071795862 0.20000000000000001 -1 0 
2 0 0 1 0 0 -1 0.10000000000000009
1 0 0 0 1 
1 0 0 0 -1 
1 6.2831853071795862 0 -1 0 
2 0 0 1 0 0 -1 0.10000000000000009
1 0 -0.20000000000000001 -1 0 
1 0.10000000000000009 0 -4.0657581468206426e-16 -1 
1 -0.20000000000000018 0 0 -1 
1 0 0 0 -1 
1 0 0 -1 0 
1 0.10000000000000009 0 -4.0657581468206426e-16 -1 
1 0 -0.20000000000000001 -1 -0 
1 0.10000000000000009 -0.20000000000000018 -1 1.3552527156068805e-16 
1 0 0 -1 -0 
1 0.10000000000000009 -0.20000000000000018 -1 1.3552527156068805e-16 
1 0 -0.20000000000000001 -1 -0 
1 -0.10000000000000009 0 -1.3552527156068808e-16 1 
1 0 0 0 -1 
1 3.1415926535897931 0 0 1 
1 0 0 -1 -0 
1 -0.10000000000000009 0 -1.3552527156068808e-16 1 
1 0.20000000000000018 0 0 -1 
1 -0.20000000000000018 0 0 -1 
1 6.2831853071795862 0.20000000000000001 -1 0 
2 0 0 1 0 0 -1 0.10000000000000009
1 0 0 0 1 
1 0 0 0 -1 
1 6.2831853071795862 0 -1 0 
2 0 0 1 0 0 -1 0.10000000000000009
1 0 -0.20000000000000001 -1 0 
1 0.10000000000000009 0 -4.0657581468206426e-16 -1 
1 -0.20000000000000018 0 0 -1 
1 0 0 0 -1 
1 0 0 -1 0 
1 0.10000000000000009 0 -4.0657581468206426e-16 -1 
1 0 -0.20000000000000001 -1 -0 
1 0.10000000000000009 -0.20000000000000018 -1 1.3552527156068805e-16 
1 0 0 -1 -0 
1 0.10000000000000009 -0.20000000000000018 -1 1.3552527156068805e-16 
1 0 -0.20000000000000001 -1 -0 
1 -0.099999999999999978 0 -1.3552527156068808e-16 1 
1 0 0 0 -1 
1 3.1415926535897931 0 0 1 
1 0 0 -1 -0 
1 -0.099999999999999978 0 -1.3552527156068808e-16 1 
1 0.20000000000000018 0 0 -1 
1 -0.19999999999999996 0 0 -1 
1 6.2831853071795862 0.20000000000000001 -1 0 
2 0 0 1 0 0 -1 0.10000000000000009
1 0 0 0 1 
1 0 0 0 -1 
1 6.2831853071795862 0 -1 0 
2 0 0 1 0 0 -1 0.10000000000000009
1 0 -0.20000000000000001 -1 0 
1 0.10000000000000009 0 -4.0657581468206426e-16 -1 
1 -0.20000000000000018 0 0 -1 
1 0 0 0 -1 
1 0 0 -1 0 
1 0.10000000000000009 0 -4.0657581468206426e-16 -1 
1 0 -0.20000000000000001 -1 -0 
1 0.099999999999999978 -0.20000000000000018 -1 1.3552527156068805e-16 
1 0 0 -1 -0 
1 0.099999999999999978 -0.20000000000000018 -1 1.3552527156068805e-16 
1 0 -0.20000000000000001 -1 -0 
1 -0.10000000000000003 0 -1.3552527156068808e-16 1 
1 0 0 0 -1 
1 3.1415926535897931 0 0 1 
1 0 0 -1 -0 
1 -0.10000000000000003 0 -1.3552527156068808e-16 1 
1 0.20000000000000018 0 0 -1 
1 -0.20000000000000001 0 0 -1 
1 6.2831853071795862 0.20000000000000001 -1 0 
2 0 0 1 0 0 -1 0.10000000000000003
1 0 0 0 1 
1 0 0 0 -1 
1 6.2831853071795862 0 -1 0 
2 0 0 1 0 0 -1 0.10000000000000003
1 0 -0.20000000000000001 -1 0 
1 0.10000000000000006 0 -4.0657581468206426e-16 -1 
1 -0.20000000000000018 0 0 -1 
1 0 0 0 -1 
1 0 0 -1 0 
1 0.10000000000000006 0 -4.0657581468206426e-16 -1 
1 0 -0.20000000000000001 -1 -0 
1 0.099999999999999978 -0.20000000000000018 -1 1.3552527156068805e-16 
1 0 0 -1 -0 
1 0.099999999999999978 -0.20000000000000018 -1 1.3552527156068805e-16 
1 0 -0.20000000000000001 -1 -0 
1 -0.10000000000000006 0 -1.3552527156068808e-16 1 
1 0 0 0 -1 
1 3.1415926535897931 0 0 1 
1 0 0 -1 -0 
1 -0.10000000000000006 0 -1.3552527156068808e-16 1 
1 0.20000000000000018 0 0 -1 
1 -0.19999999999999998 0 0 -1 
1 6.2831853071795862 0.20000000000000001 -1 0 
2 0 0 1 0 0 -1 0.10000000000000006
1 0 0 0 1 
1 0 0 0 -1 
1 6.2831853071795862 0 -1 0 
2 0 0 1 0 0 -1 0.10000000000000006
1 0 -0.20000000000000001 -1 0 
1 0.10000000000000006 0 -4.0657581468206426e-16 -1 
1 -0.20000000000000018 0 0 -1 
1 0 0 0 -1 
1 0 0 -1 0 
1 0.10000000000000006 0 -4.0657581468206426e-16 -1 
1 0 -0.20000000000000001 -1 -0 
1 0.09999999999999995 -0.20000000000000018 -1 1.3552527156068805e-16 
1 0 0 -1 -0 
1 0.09999999999999995 -0.20000000000000018 -1 1.3552527156068805e-16 
1 0 -0.20000000000000001 -1 -0 
1 -0.099999999999999978 0 -1.3552527156068808e-16 1 
1 0 0 0 -1 
1 3.1415926535897931 0 0 1 
1 0 0 -1 -0 
1 -0.099999999999999978 0 -1.3552527156068808e-16 1 
1 0.20000000000000018 0 0 -1 
1 -0.19999999999999996 0 0 -1 
1 6.2831853071795862 0.20000000000000001 -1 0 
2 0 0 1 0 0 -1 0.10000000000000009
1 0 0 0 1 
1 0 0 0 -1 
1 6.2831853071795862 0 -1 0 
2 0 0 1 0 0 -1 0.10000000000000009
1 0 -0.20000000000000001 -1 0 
1 0.10000000000000009 0 -4.0657581468206426e-16 -1 
1 -0.20000000000000018 0 0 -1 
1 0 0 0 -1 
1 0 0 -1 0 
1 0.10000000000000009 0 -4.0657581468206426e-16 -1 
1 0 -0.20000000000000001 -1 -0 
1 0.099999999999999978 -0.20000000000000018 -1 1.3552527156068805e-16 
1 0 0 -1 -0 
1 0.099999999999999978 -0.20000000000000018 -1 1.3552527156068805e-16 
1 0 -0.20000000000000001 -1 -0 
1 -0.10000000000000009 0 -1.3552527156068808e-16 1 
1 0 0 0 -1 
1 3.1415926535897931 0 0 1 
1 0 0 -1 -0 
1 -0.10000000000000009 0 -1.3552527156068808e-16 1 
1 0.20000000000000018 0 0 -1 
1 -0.20000000000000018 0 0 -1 
1 6.2831853071795862 0.20000000000000001 -1 0 
2 0 0 1 0 0 -1 0.10000000000000009
1 0 0 0 1 
1 0 0 0 -1 
1 6.2831853071795862 0 -1 0 
2 0 0 1 0 0 -1 0.10000000000000009
1 0 -0.20000000000000001 -1 0 
1 0.10000000000000009 0 -4.0657581468206426e-16 -1 
1 -0.20000000000000018 0 0 -1 
1 0 0 0 -1 
1 0 0 -1 0 
1 0.10000000000000009 0 -4.0657581468206426e-16 -1 
1 0 -0.20000000000000001 -1 -0 
1 0.10000000000000009 -0.20000000000000018 -1 1.3552527156068805e-16 
1 0 0 -1 -0 
1 0.10000000000000009 -0.20000000000000018 -1 1.3552527156068805e-16 
1 0 -0.20000000000000001 -1 -0 
1 -0.10000000000000009 0 -1.3552527156068808e-16 1 
1 0 0 0 -1 
1 3.1415926535897931 0 0 1 
1 0 0 -1 -0 
1 -0.10000000000000009 0 -1.3552527156068808e-16 1 
1 0.20000000000000018 0 0 -1 
1 -0.20000000000000018 0 0 -1 
1 6.2831853071795862 0.20000000000000001 -1 0 
2 0 0 1 0 0 -1 0.10000000000000009
1 0 0 0 1 
1 0 0 0 -1 
1 6.2831853071795862 0 -1 0 
2 0 0 1 0 0 -1 0.10000000000000009
1 0 -0.20000000000000001 -1 0 
1 0.10000000000000009 0 -4.0657581468206426e-16 -1 
1 -0.20000000000000018 0 0 -1 
1 0 0 0 -1 
1 0 0 -1 0 
1 0.10000000000000009 0 -4.0657581468206426e-16 -1 
1 0 -0.20000000000000001 -1 -0 
1 0.10000000000000009 -0.20000000000000018 -1 1.3552527156068805e-16 
1 0 0 -1 -0 
1 0.10000000000000009 -0.20000000000000018 -1 1.3552527156068805e-16 
1 -0.00099999999999988987 0 0 1 
1 -1.5942430877456366 -1.9456146994380261 0 1 
1 0 0 -1 0 
1 0 0.04049857084083075 1 0 
1 0 0 0 1 
1 -1.5942430877456366 -1.9456146994380261 0 1 
1 0 -0.011593300766891801 -1 0 
1 0 0 -1 0 
1 0.00099999999999988987 0 0 -1 
1 -1.5537445169048059 -1.9456146994380261 1 0 
1 0 0 1 0 
1 0 -0.090095023448775624 -1 0 
1 0 0 0 -1 
1 -1.5537445169048059 -1.9456146994380261 1 0 
1 -0.00099999999999988987 0 0 1 
1 -1.5537445169048059 -1.8555196759892505 0 1 
1 0 0 -1 0 
1 0 0.013126943693446691 1 0 
1 0 0 0 1 
1 -1.5537445169048059 -1.8555196759892505 0 1 
1 0.00099999999999988987 0 0 -1 
1 -1.5406175732113592 -1.8555196759892505 1 0 
1 0 0 1 0 
1 0 0.10168832421566742 1 0 
1 0 0 0 -1 
1 -1.5406175732113592 -1.8555196759892505 1 0 
1 0.00099999999999988987 0 0 -1 
1 -1.5406175732113592 -1.9572080002049179 0 -1 
1 0 0 1 0 
1 0 -0.053625514534277441 -1 0 
1 0 0 0 -1 
1 -1.5406175732113592 -1.9572080002049179 0 -1 
1 -0.00099999999999988987 0 0 1 
1 -1.5942430877456366 -1.9572080002049179 -1 0 
1 0 0 0 1 
1 -1.5942430877456366 -1.9572080002049179 -1 0 
7 0 0  1 2 2  -6.1627342415227247e-14 4.0930800415672763e-15  -6.1627342415227247e-14 0.99999999999988531 
 -0 2 0.00099999999999988987 2
7 0 0  1 2 2  2.0000000000000071 4.0679265511656126e-15  2.0000000000000071 0.99999999999999523 
 -0 2 0.00099999999999988987 2
1 3.9806875085080653e-15 4.0930800415672763e-15 1 2.2204460492503416e-13 
7 0 0  3 4 2  -0.015498891440111295 -0.0014816550307090726  -0.0042175180481076602 -0.0014816550307090726  0.0051662971467056895 0.00049388501012104236  0.012652554144317874 0.0044449650924749395 
 0 4 1 4
7 0 0  1 2 2  0.99999999999999478 2.2613768496659858e-13  0.99999999999999112 1.0000000000001075 
 -0 2 0.00099999999999988987 2
1 0 -0.01258107078765347 -1 0 
1 -6.1627342415227247e-14 0.99999999999988531 1 2.221556272274813e-13 
7 0 0  3 4 2  -0.015498891440111295 -0.0014816550307090726  -0.0042175180481076602 -0.0014816550307090726  0.0051662971467056895 0.00049388501012104236  0.012652554144317874 0.0044449650924749395 
 0 4 1 4
1 -0.00099999999999988987 0 0 1 
1 0.012652554144317874 0.01702603588012841 0 1 
1 0 0 -1 0 
7 0 0  1 2 2  11.999999999999995 2.2613768496659858e-13  11.999999999999995 1.0000000000001075 
 -0 2 0.00099999999999988987 2
1 0 0 0 1 
1 0.012652554144317874 0.01702603588012841 0 1 
1 -1.7763568394002505e-15 2.8906729440668983e-12 1 -2.22044604925025e-13 
7 0 0  3 4 2  0.012652554144317874 0.01702603588012841  0.0052182850424602467 0.012503088943758955  -0.0035416754025754393 0.010215621527696284  -0.013601333242917457 0.010215621527696284 
 12 4 13 4
7 0 0  1 2 2  12.999999999999996 4.0930800415672763e-15  13.000000000000027 0.99999999999988531 
 -0 2 0.00099999999999988987 2
7 0 0  1 2 2  10.999999999999959 4.0679265511656126e-15  10.999999999999959 0.99999999999999523 
 -0 2 0.00099999999999988987 2
1 -5.3290705182007514e-15 1.0000000000027733 1 -2.2215562722749342e-13 
7 0 0  3 4 2  0.012652554144317874 0.01702603588012841  0.0052182850424602467 0.012503088943758955  -0.0035416754025754393 0.010215621527696284  -0.013601333242917457 0.010215621527696284 
 12 4 13 4
1 0 4.0679265511656126e-15 1 0 
7 0 0  3 4 2  -0.013601333242917457 0.010215621527696284  -0.024362827676660981 0.010215621527696284  -0.033070800225942776 0.013802786339060402  -0.039725250890412012 0.020925128066033416 
 11 4 12 4
7 0 0  1 2 2  11.999999999999998 4.0679265511656126e-15  12.000000000000009 0.99999999999999523 
 -0 2 0.00099999999999988987 2
7 0 0  1 2 2  10.000000000000002 4.0679265511656126e-15  10.000000000000002 0.99999999999999523 
 -0 2 0.00099999999999988987 2
1 -4.0856207306205761e-14 0.99999999999999523 1 0 
7 0 0  3 4 2  -0.013601333242917457 0.010215621527696284  -0.024362827676660981 0.010215621527696284  -0.033070800225942776 0.013802786339060402  -0.039725250890412012 0.020925128066033416 
 11 4 12 4
1 1.7763568394002505e-15 4.0679265511656126e-15 1 0 
7 0 0  3 4 2  -0.039725250890412012 0.020925128066033416  -0.046379701554881914 0.028099457688761209  -0.049706926886771363 0.037769206310579451  -0.049706926886771363 0.049934373931486808 
 10 4 11 4
7 0 0  1 2 2  11.000000000000002 4.0679265511656126e-15  11.000000000000044 0.99999999999999523 
 -0 2 0.00099999999999988987 2
7 0 0  1 2 2  8.9999999999999734 4.0679265511656126e-15  8.9999999999999734 0.99999999999999523 
 -0 2 0.00099999999999988987 2
1 1.7763568394002505e-15 0.99999999999999523 1 0 
7 0 0  3 4 2  -0.039725250890412012 0.020925128066033416  -0.046379701554881914 0.028099457688761209  -0.049706926886771363 0.037769206310579451  -0.049706926886771363 0.049934373931486808 
 10 4 11 4
1 1.7763568394002505e-15 4.0679265511656126e-15 1 0 
7 0 0  3 4 2  -0.049706926886771363 0.049934373931486808  -0.049706926886771363 0.062723396302166723  -0.046145756023630469 0.072913023881551187  -0.039023414296659675 0.080503256671025758 
 9 4 10 4
7 0 0  1 2 2  10 4.0679265511656126e-15  10 0.99999999999999523 
 -0 2 0.00099999999999988987 2
7 0 0  1 2 2  7.9999999999999893 4.0679265511656126e-15  7.9999999999999893 0.99999999999999523 
 -0 2 0.00099999999999988987 2
1 -2.6645352591003757e-14 0.99999999999999523 1 0 
7 0 0  3 4 2  -0.049706926886771363 0.049934373931486808  -0.049706926886771363 0.062723396302166723  -0.046145756023630469 0.072913023881551187  -0.039023414296659675 0.080503256671025758 
 9 4 10 4
1 -8.8817841970012523e-16 4.0679265511656126e-15 1 0 
7 0 0  3 4 2  -0.039023414296659675 0.080503256671025758  -0.03187507862215444 0.08804150156405055  -0.02264722711461653 0.09178463006268478  -0.011313865826854341 0.09178463006268478 
 8 4 9 4
7 0 0  1 2 2  8.9999999999999982 4.0679265511656126e-15  9.0000000000000249 0.99999999999999523 
 -0 2 0.00099999999999988987 2
7 0 0  1 2 2  6.9999999999999885 4.0679265511656126e-15  6.9999999999999885 0.99999999999999523 
 -0 2 0.00099999999999988987 2
1 -1.0658141036401503e-14 0.99999999999999523 1 0 
7 0 0  3 4 2  -0.039023414296659675 0.080503256671025758  -0.03187507862215444 0.08804150156405055  -0.02264722711461653 0.09178463006268478  -0.011313865826854341 0.09178463006268478 
 8 4 9 4
1 -2.6645352591003757e-15 4.0679265511656126e-15 1 0 
7 0 0  3 4 2  -0.011313865826854341 0.09178463006268478  -0.002605893277919602 0.09178463006268478  0.0053742487300794117 0.089809090021854665  0.012652554144317874 0.085754034148680658 
 7 4 8 4
7 0 0  1 2 2  7.9999999999999956 4.0679265511656126e-15  8.0000000000000036 0.99999999999999523 
 -0 2 0.00099999999999988987 2
1 2.2204460492503131e-16 -0.013724804494992027 -1 0 
1 -1.1546319456101628e-14 0.99999999999999523 1 0 
7 0 0  3 4 2  -0.011313865826854341 0.09178463006268478  -0.002605893277919602 0.09178463006268478  0.0053742487300794117 0.089809090021854665  0.012652554144317874 0.085754034148680658 
 7 4 8 4
1 -0.00099999999999988987 0 0 1 
1 0.012652554144317874 0.099478838643672685 0 1 
1 0 0 -1 0 
7 0 0  1 2 2  5.0000000000000853 2.2613768496659858e-13  5.0000000000000853 1.0000000000001075 
 -0 2 0.00099999999999988987 2
1 0 0 0 1 
1 0.012652554144317874 0.099478838643672685 0 1 
1 3.5527136788005009e-15 1.3363607095916012e-12 1 -2.2204460492500054e-13 
7 0 0  3 4 2  0.012652554144317874 0.099478838643672685  0.006310030854735027 0.10223419712223825  -0.0017220990490176558 0.10363787030905303  -0.011443835566591787 0.10363787030905303 
 5 4 6 4
7 0 0  1 2 2  6.0000000000000053 4.0930800415672763e-15  6.0000000000001421 0.99999999999988531 
 -0 2 0.00099999999999988987 2
7 0 0  1 2 2  4.0000000000000062 4.0679265511656126e-15  4.0000000000000062 0.99999999999999523 
 -0 2 0.00099999999999988987 2
1 8.5265128291212022e-14 1.0000000000012184 1 -2.2215562722751157e-13 
7 0 0  3 4 2  0.012652554144317874 0.099478838643672685  0.006310030854735027 0.10223419712223825  -0.0017220990490176558 0.10363787030905303  -0.011443835566591787 0.10363787030905303 
 5 4 6 4
1 6.2172489379008766e-15 4.0679265511656126e-15 1 0 
7 0 0  3 4 2  -0.011443835566591787 0.10363787030905303  -0.026546319300867927 0.10363787030905303  -0.038997420348782841 0.098647032310873906  -0.04879713871033875 0.088665356313823773 
 4 4 5 4
7 0 0  1 2 2  5.0000000000000062 4.0679265511656126e-15  5.0000000000000027 0.99999999999999523 
 -0 2 0.00099999999999988987 2
7 0 0  1 2 2  3.0000000000000044 4.0679265511656126e-15  3.0000000000000044 0.99999999999999523 
 -0 2 0.00099999999999988987 2
1 6.2172489379008766e-15 0.99999999999999523 1 0 
7 0 0  3 4 2  -0.011443835566591787 0.10363787030905303  -0.026546319300867927 0.10363787030905303  -0.038997420348782841 0.098647032310873906  -0.04879713871033875 0.088665356313823773 
 4 4 5 4
1 4.4408920985006262e-15 4.0679265511656126e-15 1 0 
7 0 0  3 4 2  -0.04879713871033875 0.088665356313823773  -0.058596857071549158 0.078683680317465088  -0.063483719278211614 0.065530742675796283  -0.063483719278211614 0.049154555493751584 
 3 4 4 4
7 0 0  1 2 2  4.0000000000000027 4.0679265511656126e-15  4.0000000000000027 0.99999999999999523 
 -0 2 0.00099999999999988987 2
7 0 0  1 2 2  2 4.0679265511656126e-15  2 0.99999999999999523 
 -0 2 0.00099999999999988987 2
1 4.4408920985006262e-15 0.99999999999999523 1 0 
7 0 0  3 4 2  -0.04879713871033875 0.088665356313823773  -0.058596857071549158 0.078683680317465088  -0.063483719278211614 0.065530742675796283  -0.063483719278211614 0.049154555493751584 
 3 4 4 4
1 0 4.0679265511656126e-15 1 0 
7 0 0  3 4 2  -0.063483719278211614 0.049154555493751584  -0.063483719278211614 0.033922102019738665  -0.05914272997768677 0.02165295860731864  -0.050434757428404975 0.012399113152245622 
 2 4 3 4
7 0 0  1 2 2  2.9999999999999964 4.0679265511656126e-15  2.9999999999999964 0.99999999999999523 
 -0 2 0.00099999999999988987 2
7 0 0  1 2 2  1.0000000000000013 4.0679265511656126e-15  1.0000000000000013 0.99999999999999523 
 -0 2 0.00099999999999988987 2
1 0 0.99999999999999523 1 0 
7 0 0  3 4 2  -0.063483719278211614 0.049154555493751584  -0.063483719278211614 0.033922102019738665  -0.05914272997768677 0.02165295860731864  -0.050434757428404975 0.012399113152245622 
 2 4 3 4
1 1.1102230246251565e-15 4.0679265511656126e-15 1 0 
7 0 0  3 4 2  -0.050434757428404975 0.012399113152245622  -0.041726784879122958 0.0031452676971734927  -0.030081496216474157 -0.0014816550307090726  -0.015498891440111295 -0.0014816550307090726 
 1 4 2 4
1 1.3322676295501878e-15 0.99999999999999523 1 0 
7 0 0  3 4 2  -0.050434757428404975 0.012399113152245622  -0.041726784879122958 0.0031452676971734927  -0.030081496216474157 -0.0014816550307090726  -0.015498891440111295 -0.0014816550307090726 
 1 4 2 4
1 -0.00099999999999988987 0 0 1 
1 -1.7495829204431146 -1.9456146994380261 0 1 
1 0 0 -1 0 
1 0 0.041564322704538581 1 0 
1 0 0 0 1 
1 -1.7495829204431146 -1.9456146994380261 0 1 
1 0 -0.011593300766891801 -1 0 
1 0 0 -1 0 
1 0.00099999999999988987 0 0 -1 
1 -1.708018597738576 -1.9456146994380261 1 0 
1 0 0 1 0 
1 0 -0.034208035446659846 -1 0 
1 0 0 0 -1 
1 -1.708018597738576 -1.9456146994380261 1 0 
1 -0.00099999999999988987 0 0 1 
1 -1.708018597738576 -1.9114066639913663 0 1 
1 0 0 -1 0 
1 0 -0.036365533122985516 -1 0 
1 0 0 0 1 
1 -1.708018597738576 -1.9114066639913663 0 1 
1 -0.00099999999999988987 0 0 1 
1 -1.7443841308615615 -1.9114066639913663 -1 0 
1 0 0 -1 0 
1 0 -0.011645288662648356 -1 0 
1 0 0 0 1 
1 -1.7443841308615615 -1.9114066639913663 -1 0 
1 -0.00099999999999988987 0 0 1 
1 -1.7443841308615615 -1.8997613753287179 0 1 
1 0 0 -1 0 
1 0 0.036365533122985516 1 0 
1 0 0 0 1 
1 -1.7443841308615615 -1.8997613753287179 0 1 
1 0.00099999999999988987 0 0 -1 
1 -1.708018597738576 -1.8997613753287179 1 0 
1 0 0 1 0 
1 0 -0.032544422781062066 -1 0 
1 0 0 0 -1 
1 -1.708018597738576 -1.8997613753287179 1 0 
1 -0.00099999999999988987 0 0 1 
1 -1.708018597738576 -1.8672169525476559 0 1 
1 0 0 -1 0 
1 0 -0.039250861340944576 -1 0 
1 0 0 0 1 
1 -1.708018597738576 -1.8672169525476559 0 1 
1 -0.00099999999999988987 0 0 1 
1 -1.7472694590795206 -1.8672169525476559 -1 0 
1 0 0 -1 0 
1 0 -0.011697276558405356 -1 0 
1 0 0 0 1 
1 -1.7472694590795206 -1.8672169525476559 -1 0 
1 -0.00099999999999988987 0 0 1 
1 -1.7472694590795206 -1.8555196759892505 0 1 
1 0 0 -1 0 
1 0 0.052377805034387048 1 0 
1 0 0 0 1 
1 -1.7472694590795206 -1.8555196759892505 0 1 
1 0.00099999999999988987 0 0 -1 
1 -1.6948916540451335 -1.8555196759892505 1 0 
1 0 0 1 0 
1 0 0.10168832421566742 1 0 
1 0 0 0 -1 
1 -1.6948916540451335 -1.8555196759892505 1 0 
1 0.00099999999999988987 0 0 -1 
1 -1.6948916540451335 -1.9572080002049179 0 -1 
1 0 0 1 0 
1 0 -0.054691266397981053 -1 0 
1 0 0 0 -1 
1 -1.6948916540451335 -1.9572080002049179 0 -1 
1 -0.00099999999999988987 0 0 1 
1 -1.7495829204431146 -1.9572080002049179 -1 0 
1 0 0 0 1 
1 -1.7495829204431146 -1.9572080002049179 -1 0 
1 -0.022211828487308072 -0.098328606448671252 1 0 
1 0 0 0 1 
7 0 0  3 4 2  -0.022211828487307628 -0.098328606448671252  -0.0061215747326164305 -0.098328606448671252  0.0070573568569312073 -0.093597707929275575  0.017272978384883952 -0.084083922995420224 
 5 4 6 4
1 0 4.0679265511656126e-15 1 0 
7 0 0  3 4 2  0.017272978384883952 -0.084083922995420224  0.027488599912840916 -0.074570138060871871  0.032609407650411093 -0.061937079377461846  0.032609407650411093 -0.046184746945189703 
 4 4 5 4
1 -7.9936057773011271e-15 4.0679265511656126e-15 1 0 
7 0 0  3 4 2  0.032609407650411093 -0.046184746945189703  0.032609407650411093 -0.031108257159140118  0.027488599912840916 -0.019099053225501983  0.017272978384883952 -0.010105147249212854 
 3 4 4 4
1 1.3322676295501878e-15 4.0679265511656126e-15 1 0 
7 0 0  3 4 2  0.017272978384883952 -0.010105147249212854  0.0070573568569312073 -0.0011112412729237242  -0.0057576594616286503 0.0033597177669961731  -0.021172070570791623 0.0033597177669961731 
 2 4 3 4
1 -2.2204460492503131e-15 -4.3999612980849534e-13 1 2.2204460492503131e-13 
1 -0.05018131643624546 0.0033597177669961731 -1 0 
1 0 0 0 -1 
1 -0.05018131643624546 -0.098328606448671252 0 -1 
1 0 0 0 -1 
1 -0.037054372742451713 -0.0083375587914091831 0 -1 
1 0 0 -0 -1 
1 -0.021691949529741184 -0.0083375587914091831 -1 0 
1 0 0 -0 -1 
7 0 0  3 4 2  0.0076552176588238208 -0.017903331621713869  0.00022094855661891621 -0.011508820436027412  -0.0095787698045908254 -0.0083375587914089611  -0.021691949529741184 -0.0083375587914089611 
 5 4 6 4
1 2.6645352591003757e-15 4.0679265511656126e-15 1 0 
7 0 0  3 4 2  0.018806621311783012 -0.046548662216179038  0.018806621311783012 -0.033863615637012456  0.01508948676033417 -0.024297842806707548  0.0076552176588238208 -0.017903331621713869 
 4 4 5 4
1 2.6645352591003757e-15 4.0679265511656126e-15 1 0 
7 0 0  3 4 2  0.0079411510861795431 -0.076129774935649319  0.015193462552540948 -0.069111409000190305  0.018806621311783012 -0.059233708795345619  0.018806621311783012 -0.046548662216179038 
 3 4 4 4
1 3.1086244689504383e-15 4.0679265511656126e-15 1 0 
7 0 0  3 4 2  -0.022289810330943682 -0.086735305681779451  -0.0093708182208707136 -0.086735305681779451  0.0007148335676914197 -0.083200128766171666  0.0079411510861795431 -0.076129774935649319 
 2 4 3 4
1 -5.773159728050814e-15 6.702268948166616e-13 1 -2.2204460492503151e-13 
1 -0.037054372742451713 -0.086735305681779451 1 0 
1 0 0 0 1 
1 -0.022211828487308072 -0.098328606448671252 1 0 
1 -0.00099999999999988987 0 0 1 
1 -0.05018131643624546 -0.098328606448671252 0 -1 
1 0.00099999999999988987 0 0 -1 
1 -0.05018131643624546 0.0033597177669961731 -1 0 
1 0.00099999999999988987 0 0 -1 
7 0 0  3 4 2  0.017272978384883952 -0.010105147249212854  0.0070573568569312073 -0.0011112412729237242  -0.0057576594616286503 0.0033597177669961731  -0.021172070570791623 0.0033597177669961731 
 2 4 3 4
1 1.3322676295501878e-15 0.999999999999441 1 2.2215562722749461e-13 
7 0 0  3 4 2  0.032609407650411093 -0.046184746945189703  0.032609407650411093 -0.031108257159140118  0.027488599912840916 -0.019099053225501983  0.017272978384883952 -0.010105147249212854 
 3 4 4 4
1 1.3322676295501878e-15 0.99999999999999523 1 0 
7 0 0  3 4 2  0.017272978384883952 -0.084083922995420224  0.027488599912840916 -0.074570138060871871  0.032609407650411093 -0.061937079377461846  0.032609407650411093 -0.046184746945189703 
 4 4 5 4
1 -4.4408920985006262e-15 0.99999999999999523 1 0 
7 0 0  3 4 2  -0.022211828487307628 -0.098328606448671252  -0.0061215747326164305 -0.098328606448671252  0.0070573568569312073 -0.093597707929275575  0.017272978384883952 -0.084083922995420224 
 5 4 6 4
1 0 0.99999999999999523 1 0 
1 -0.021691949529741184 -0.0083375587914091831 -1 0 
1 0.00099999999999988987 0 -0 -1 
1 -0.037054372742451713 -0.0083375587914091831 0 -1 
1 0.00099999999999988987 0 -0 -1 
1 -0.037054372742451713 -0.086735305681779451 1 0 
1 -0.00099999999999988987 0 0 1 
7 0 0  3 4 2  -0.022289810330943682 -0.086735305681779451  -0.0093708182208707136 -0.086735305681779451  0.0007148335676914197 -0.083200128766171666  0.0079411510861795431 -0.076129774935649319 
 2 4 3 4
1 -5.1514348342607263e-14 1.0000000000005518 1 -2.2215562722748385e-13 
7 0 0  3 4 2  0.0079411510861795431 -0.076129774935649319  0.015193462552540948 -0.069111409000190305  0.018806621311783012 -0.059233708795345619  0.018806621311783012 -0.046548662216179038 
 3 4 4 4
1 -2.2204460492503131e-15 0.99999999999999523 1 0 
7 0 0  3 4 2  0.018806621311783012 -0.046548662216179038  0.018806621311783012 -0.033863615637012456  0.01508948676033417 -0.024297842806707548  0.0076552176588238208 -0.017903331621713869 
 4 4 5 4
1 -7.3274719625260332e-14 0.99999999999999523 1 0 
7 0 0  3 4 2  0.0076552176588238208 -0.017903331621713869  0.00022094855661891621 -0.011508820436027412  -0.0095787698045908254 -0.0083375587914089611  -0.021691949529741184 -0.0083375587914089611 
 5 4 6 4
1 2.6645352591003757e-15 0.99999999999999523 1 0 
1 2.2204460492503131e-16 4.4408920985006262e-16 -1 0 
7 0 0  1 2 2  5 4.0679265511656126e-15  5 0.99999999999999523 
 -0 2 0.00099999999999988987 2
1 0 -0.027969487948937388 -1 0 
1 0 0 1 0 
7 0 0  1 2 2  6 4.0679265511656126e-15  5.9999999999999964 0.99999999999999523 
 -0 2 0.00099999999999988987 2
7 0 0  1 2 2  3.9999999999999956 4.0679265511656126e-15  3.9999999999999956 0.99999999999999523 
 -0 2 0.00099999999999988987 2
7 0 0  1 2 2  4.999999999999992 4.0679265511656126e-15  4.999999999999992 0.99999999999999523 
 -0 2 0.00099999999999988987 2
7 0 0  1 2 2  3.0000000000000013 4.0679265511656126e-15  3.0000000000000013 0.99999999999999523 
 -0 2 0.00099999999999988987 2
7 0 0  1 2 2  4.000000000000008 4.0679265511656126e-15  4.000000000000008 0.99999999999999523 
 -0 2 0.00099999999999988987 2
7 0 0  1 2 2  2.0000000000000013 4.0930800415672763e-15  2.0000000000000013 0.99999999999988531 
 -0 2 0.00099999999999988987 2
7 0 0  1 2 2  2.9999999999999978 2.2613768496659858e-13  2.9999999999999978 1.0000000000001075 
 -0 2 0.00099999999999988987 2
1 0 0.029009245865453837 1 0 
1 0 0 1 0 
1 0 0.10168832421566742 1 0 
1 -2.2204460492503131e-16 0 1 0 
7 0 0  1 2 2  6.0000000000000036 4.0679265511656126e-15  6.00000000000004 0.99999999999999523 
 -0 2 0.00099999999999988987 2
1 -0 -0.01536242321271053 1 0 
1 0 0 1 -0 
1 -0 -0.078397746890370268 1 -0 
1 0 0 -1 0 
1 0 0.014764562411508031 -1 0 
7 0 0  1 2 2  1.9999999999999485 2.2613768496659858e-13  1.9999999999999942 1.0000000000001075 
 -0 2 0.00099999999999988987 2
7 0 0  1 2 2  2.9999999999999933 4.0930800415672763e-15  2.9999999999999933 0.99999999999988531 
 -0 2 0.00099999999999988987 2
7 0 0  1 2 2  2.9999999999999978 4.0679265511656126e-15  3.0000000000000031 0.99999999999999523 
 -0 2 0.00099999999999988987 2
7 0 0  1 2 2  3.9999999999999978 4.0679265511656126e-15  4.0000000000000444 0.99999999999999523 
 -0 2 0.00099999999999988987 2
7 0 0  1 2 2  3.9999999999999267 4.0679265511656126e-15  4.0000000000000027 0.99999999999999523 
 -0 2 0.00099999999999988987 2
7 0 0  1 2 2  4.9999999999999947 4.0679265511656126e-15  5 0.99999999999999523 
 -0 2 0.00099999999999988987 2
7 0 0  1 2 2  5.0000000000000027 4.0679265511656126e-15  5.0000000000000027 0.99999999999999523 
 -0 2 0.00099999999999988987 2
1 -1.9099915729830974 -1.8555196759892505 0.35593572436987486 0.934510438741747 
1 0 0 -1 0 
1 -1.8959548411128722 -1.8555196759892505 1 0 
1 0 0 0 -1 
1 -1.8572238587305379 -1.9572080002049179 0.35593572436430776 -0.93451043874386741 
1 0 0 -1 0 
1 -1.8717284816625714 -1.9572080002049179 -1 0 
1 0 0 0 1 
1 -1.8815022060759041 -1.9293944759432518 -0.33152841835040298 0.9434452330824934 
1 0 0 -1 0 
1 -1.9238463472181737 -1.9293944759432518 -1 0 
1 0 0 0 1 
1 -1.9342179324333988 -1.9572080002049179 -0.34939547946915228 -0.93697534595448206 
1 0 0 -1 0 
1 -1.9487225553661252 -1.9572080002049179 -1 0 
1 0 0 0 1 
1 -1.8856612377412836 -1.9179051509678731 -1 0 
1 0 0 0 1 
1 -1.9008676972674161 -1.8756389916699285 0.33853503431415366 -0.94095378767605531 
1 0 0 -1 0 
7 0 0  3 4 2  -1.9025313099337062 -1.8685166499429571  -1.9020374249233265 -1.8715839357960622  -1.9014915520171891 -1.8739753790036386  -1.9008676972674163 -1.8756389916699288 
 3 4 4 4
1 3.5527136788005009e-14 -1.1061299445836809e-12 1 4.4408920985009316e-13 
1 -1.9028432373082456 -1.8685166499429571 1 0 
1 0 0 -0 -1 
7 0 0  3 4 2  -1.9044288681309034 -1.8756389916699285  -1.9039349831205208 -1.8742353184831146  -1.9034151041622642 -1.871895863171295  -1.902843237308246 -1.8685166499429571 
 1 4 2 4
1 2.7222668563808838e-13 4.4818228989169007e-13 1 -2.2204460492509146e-13 
1 -1.9197912913443078 -1.9179051509678731 0.34160383068154826 0.93984404177698133 
1 0 0 -1 0 
1 -1.9099915729830974 -1.8555196759892505 0.35593572436987486 0.934510438741747 
1 0 -0.00099999999999988987 -1 0 
1 -1.9487225553661252 -1.9572080002049179 -1 0 
1 -0.00099999999999988987 0 0 1 
1 -1.9342179324333988 -1.9572080002049179 -0.34939547946915228 -0.93697534595448206 
1 0 -0.00099999999999988987 -1 0 
1 -1.9238463472181737 -1.9293944759432518 -1 0 
1 -0.00099999999999988987 0 0 1 
1 -1.8815022060759041 -1.9293944759432518 -0.33152841835040298 0.9434452330824934 
1 -0 -0.00099999999999988987 -1 0 
1 -1.8717284816625714 -1.9572080002049179 -1 0 
1 -0.00099999999999988987 0 0 1 
1 -1.8572238587305379 -1.9572080002049179 0.35593572436430776 -0.93451043874386741 
1 0 -0.00099999999999988987 -1 0 
1 -1.8959548411128722 -1.8555196759892505 1 0 
1 0.00099999999999988987 0 0 -1 
1 -1.9008676972674161 -1.8756389916699285 0.33853503431415366 -0.94095378767605531 
1 0 -0.00099999999999988987 -1 0 
1 -1.8856612377412836 -1.9179051509678731 -1 0 
1 -0.00099999999999988987 0 0 1 
1 -1.9197912913443078 -1.9179051509678731 0.34160383068154826 0.93984404177698133 
1 0 -0.00099999999999988987 -1 0 
7 0 0  3 4 2  -1.9044288681309034 -1.8756389916699285  -1.9039349831205208 -1.8742353184831146  -1.9034151041622642 -1.871895863171295  -1.902843237308246 -1.8685166499429571 
 1 4 2 4
1 2.7222668563808838e-13 1.0000000000003297 1 -2.22155627227554e-13 
1 -1.9028432373082456 -1.8685166499429571 1 0 
1 0.00099999999999988987 0 -0 -1 
7 0 0  3 4 2  -1.9025313099337062 -1.8685166499429571  -1.9020374249233265 -1.8715839357960622  -1.9014915520171891 -1.8739753790036386  -1.9008676972674159 -1.8756389916699283 
 3 4 4 4
1 3.5527136788005009e-14 1.000000000000774 1 -2.2215562722751889e-13 
1 0 0 0 -1 
1 0 0.01403673187022525 1 0 
1 0.1088145407477563 0 0 -1 
1 0 0 -1 0 
1 0 0 1 0 
1 0.1088145407475094 0 0 -1 
1 0 0 0 -1 
1 0 -0.014504622932033584 -1 0 
1 0 0 -1 0 
1 0.029480804276038129 0 0 -1 
1 0 0 0 -1 
1 0 -0.042344141142269587 -1 0 
1 0 0 -1 0 
1 0.029684371506416698 0 0 -1 
1 0 0 0 -1 
1 0 -0.014504622932726363 -1 0 
1 0 0 -1 0 
1 -0.044918421979396495 0 0 -1 
1 0 0.034130053603024235 -1 0 
1 0 0 0 -1 
1 -0.044971460603219937 0 0 -1 
7 0 0  1 2 2  1.0000000000002722 2.2613768496659858e-13  1.0000000000002722 1.0000000000001075 
 -0 2 0.00099999999999988987 2
7 0 0  1 2 2  1.9999999999999978 4.0930800415672763e-15  2.0000000000000013 0.99999999999988531 
 -0 2 0.00099999999999988987 2
1 -2.2204460492503131e-16 4.4408920985006262e-16 1 0 
1 -0 -0.00031192737453933361 1 0 
7 0 0  1 2 2  3.0000000000000355 2.2613768496659858e-13  3.0000000000000355 1.0000000000001075 
 -0 2 0.00099999999999988987 2
7 0 0  1 2 2  3.9999999999999227 6.702268948166612e-13  3.9999999999999227 0.99999999999988531 
 6.6613381477509392e-16 2 0.00099999999999988987 2
1 2.0893371203724149e-16 2.2204460492503131e-16 0 -1 
1 -0.00099999999999988987 0 0 1 
1 -1.5953088396096875 -2.1069331401544407 0 1 
1 0 0 -1 0 
1 0 0.04156432270488164 1 0 
1 0 0 0 1 
1 -1.5953088396096875 -2.1069331401544407 0 1 
1 0 -0.011593300766894021 -1 0 
1 0 0 -1 0 
1 0.00099999999999988987 0 0 -1 
1 -1.5537445169048059 -2.1069331401544407 1 0 
1 0 0 1 0 
1 0 -0.034208035446656293 -1 0 
1 0 0 0 -1 
1 -1.5537445169048059 -2.1069331401544407 1 0 
1 -0.00099999999999988987 0 0 1 
1 -1.5537445169048059 -2.0727251047077844 0 1 
1 0 0 -1 0 
1 0 -0.036365533123328353 -1 0 
1 0 0 0 1 
1 -1.5537445169048059 -2.0727251047077844 0 1 
1 -0.00099999999999988987 0 0 1 
1 -1.5901100500281342 -2.0727251047077844 -1 0 
1 0 0 -1 0 
1 0 -0.011645288662648579 -1 0 
1 0 0 0 1 
1 -1.5901100500281342 -2.0727251047077844 -1 0 
1 -0.00099999999999988987 0 0 1 
1 -1.5901100500281342 -2.0610798160451358 0 1 
1 0 0 -1 0 
1 0 0.036365533123328353 1 0 
1 0 0 0 1 
1 -1.5901100500281342 -2.0610798160451358 0 1 
1 0.00099999999999988987 0 0 -1 
1 -1.5537445169048059 -2.0610798160451358 1 0 
1 0 0 1 0 
1 0 -0.03254442278106362 -1 0 
1 0 0 0 -1 
1 -1.5537445169048059 -2.0610798160451358 1 0 
1 -0.00099999999999988987 0 0 1 
1 -1.5537445169048059 -2.0285353932640722 0 1 
1 0 0 -1 0 
1 0 -0.039250861340941023 -1 0 
1 0 0 0 1 
1 -1.5537445169048059 -2.0285353932640722 0 1 
1 -0.00099999999999988987 0 0 1 
1 -1.5929953782457469 -2.0285353932640722 -1 0 
1 0 0 -1 0 
1 0 -0.011697276558404468 -1 0 
1 0 0 0 1 
1 -1.5929953782457469 -2.0285353932640722 -1 0 
1 -0.00099999999999988987 0 0 1 
1 -1.5929953782457469 -2.0168381167056677 0 1 
1 0 0 -1 0 
1 0 0.052377805034387714 1 0 
1 0 0 0 1 
1 -1.5929953782457469 -2.0168381167056677 0 1 
1 0.00099999999999988987 0 0 -1 
1 -1.5406175732113592 -2.0168381167056677 1 0 
1 0 0 1 0 
1 0 0.10168832421566698 1 0 
1 0 0 0 -1 
1 -1.5406175732113592 -2.0168381167056677 1 0 
1 0.00099999999999988987 0 0 -1 
1 -1.5406175732113592 -2.1185264409213347 0 -1 
1 0 0 1 0 
1 0 -0.054691266398328331 -1 0 
1 0 0 0 -1 
1 -1.5406175732113592 -2.1185264409213347 0 -1 
1 -0.00099999999999988987 0 0 1 
1 -1.5953088396096875 -2.1185264409213347 -1 0 
1 0 0 0 1 
1 -1.5953088396096875 -2.1185264409213347 -1 0 
7 0 0  3 4 2  0.013351141494286178 0.0016831081271133641  0.0038893444558403267 0.0016831081271133641  -0.0044547128228002997 -0.00055237139319519457  -0.011655036393406704 -0.0050753183288696491 
 0 4 1 4
1 -2.8416937988432159e-16 4.0930800415672763e-15 1 2.2204460492502929e-13 
1 -0.011655036393406704 -0.017448437533498673 0 -1 
1 0 0 0 -1 
7 0 0  3 4 2  -0.011655036393406704 -0.017448437533498673  -0.0044807067706771342 -0.011625793201824663  0.0034474473412158257 -0.0086624831402337676  0.012155419890498065 -0.0086624831402337676 
 12 4 13 4
1 -1.2434497875801753e-14 2.890672944066946e-12 1 -2.2204460492502894e-13 
7 0 0  3 4 2  0.012155419890498065 -0.0086624831402337676  0.021955138251707806 -0.0086624831402337676  0.026867994406250872 -0.014589103263420444  0.026867994406250872 -0.026442343509092137 
 11 4 12 4
1 1.7763568394002505e-15 4.0679265511656126e-15 1 0 
1 0.005345005538409886 -0.029457641466442031 -0.99032860398812605 -0.13874168848233534 
1 0 0 -1 0 
7 0 0  3 4 2  0.005345005538409886 -0.029457641466442031  -0.010719254268400258 -0.031693120986746148  -0.018751384172154051 -0.039595281150762496  -0.018751384172154051 -0.053164121958486632 
 9 4 10 4
1 5.3290705182007514e-15 2.2245391292918662e-12 1 -2.2204460492502974e-13 
7 0 0  3 4 2  -0.018751384172154051 -0.053164121958486632  -0.018751384172154051 -0.059662608935683537  -0.016671868339463769 -0.064809410621824881  -0.012512836674084316 -0.068604527016216554 
 8 4 9 4
1 -8.8817841970012523e-15 4.0679265511656126e-15 1 0 
7 0 0  3 4 2  -0.012512836674084316 -0.068604527016216554  -0.0083538050090514737 -0.072399643410607784  -0.0027651062086293532 -0.074323195555682897  0.0042792536743587739 -0.074323195555682897 
 7 4 8 4
1 1.7763568394002505e-15 4.0679265511656126e-15 1 0 
7 0 0  3 4 2  0.0042792536743587739 -0.074323195555682897  0.01407897203556896 -0.074323195555682897  0.021513241137426586 -0.070008200203030668  0.026530073083487204 -0.061378209497732428 
 6 4 7 4
1 8.8817841970012523e-16 4.0679265511656126e-15 1 0 
1 0.02686799440625065 -0.061378209497732428 1 -0 
1 0 0 0 1 
1 0.02686799440625065 -0.07260759499363445 0 -1 
1 0 0 0 -1 
1 0.039605028881174897 -0.07260759499363445 1 -0 
1 0 0 0 1 
1 0.039605028881174897 -0.025870476655770691 0 1 
1 0 0 0 1 
7 0 0  3 4 2  0.039605028881174897 -0.025870476655770691  0.039605028881175119 -0.0074667615364458761  0.030845068436134992 0.0016831081271133641  0.013351141494286178 0.0016831081271133641 
 1 4 2 4
1 1.3322676295501878e-15 4.481822898916305e-13 1 -2.2204460492503189e-13 
7 0 0  3 4 2  -0.0024531788337425198 -0.042922506483342282  -0.0046886583540508564 -0.045105998107198619  -0.0058323920617378011 -0.048173283960307067  -0.0058323920617378011 -0.052124364042659188 
 1 4 2 4
1 1.2212453270876722e-14 4.0679265511656126e-15 1 0 
7 0 0  3 4 2  0.0098679524744340608 -0.038451547442733158  0.0039153384037173833 -0.039283353776222718  -0.00019170536590706888 -0.040739014858796274  -0.0024531788337425198 -0.042922506483342282 
 0 4 1 4
1 -7.5593524073628471e-15 2.2611339883793491e-13 1 -2.2204547228677495e-13 
1 0.02686799440625065 -0.036164080026670042 -0.9910683662997869 -0.13335476489376558 
1 0 0 -1 0 
1 0.02686799440625065 -0.043130458066368949 0 1 
1 0 0 0 1 
7 0 0  3 4 2  0.021409265345570416 -0.057947008373635533  0.02504841805268998 -0.054047916187734302  0.026867994406250872 -0.049109066085310182  0.02686799440625065 -0.043130458066368949 
 5 4 6 4
1 7.9936057773011271e-15 -1.1061299445832363e-12 1 2.220446049249607e-13 
7 0 0  3 4 2  0.0075804850587177786 -0.063873628496821766  0.013169183858790179 -0.063873628496821766  0.017796106586324134 -0.061898088455992539  0.021409265345570416 -0.057947008373635533 
 4 4 5 4
1 8.8817841970012523e-15 4.0679265511656126e-15 1 0 
7 0 0  3 4 2  -0.0021412514588596832 -0.060598391060691092  0.00030217964447531998 -0.062781882684546986  0.003551423132729159 -0.063873628496821766  0.0075804850587177786 -0.063873628496821766 
 3 4 4 4
1 -4.8849813083506888e-15 4.0679265511656126e-15 1 0 
7 0 0  3 4 2  -0.0058323920617378011 -0.052124364042659188  -0.0058323920617378011 -0.05560755306181786  -0.0046106765100681901 -0.058414899436141088  -0.0021412514588596832 -0.060598391060691092 
 2 4 3 4
1 1.3766765505351941e-14 4.0679265511656126e-15 1 0 
7 0 0  3 4 2  0.013351141494286178 0.0016831081271133641  0.0038893444558403267 0.0016831081271133641  -0.0044547128228002997 -0.00055237139319519457  -0.011655036393406704 -0.0050753183288696491 
 0 4 1 4
1 -1.5929161130944026e-14 0.99999999999988531 1 2.2215562722749037e-13 
7 0 0  3 4 2  0.039605028881174897 -0.025870476655770691  0.039605028881175119 -0.0074667615364458761  0.030845068436134992 0.0016831081271133641  0.013351141494286178 0.0016831081271133641 
 1 4 2 4
1 -3.8857805861880479e-14 1.0000000000003295 1 -2.2215562722748549e-13 
1 0.039605028881174897 -0.025870476655770691 0 1 
1 -0.00099999999999988987 0 0 1 
1 0.039605028881174897 -0.07260759499363445 1 -0 
1 -0.00099999999999988987 0 0 1 
1 0.02686799440625065 -0.07260759499363445 0 -1 
1 0.00099999999999988987 0 0 -1 
1 0.02686799440625065 -0.061378209497732428 1 -0 
1 -0.00099999999999988987 0 0 1 
7 0 0  3 4 2  0.0042792536743587739 -0.074323195555682897  0.01407897203556896 -0.074323195555682897  0.021513241137426586 -0.070008200203030668  0.026530073083487204 -0.061378209497732428 
 6 4 7 4
1 -7.460698725481052e-14 0.99999999999999523 1 0 
7 0 0  3 4 2  -0.012512836674084316 -0.068604527016216554  -0.0083538050090514737 -0.072399643410607784  -0.0027651062086293532 -0.074323195555682897  0.0042792536743587739 -0.074323195555682897 
 7 4 8 4
1 1.1546319456101628e-14 0.99999999999999523 1 0 
7 0 0  3 4 2  -0.018751384172154051 -0.053164121958486632  -0.018751384172154051 -0.059662608935683537  -0.016671868339463769 -0.064809410621824881  -0.012512836674084316 -0.068604527016216554 
 8 4 9 4
1 -8.8817841970012523e-15 0.99999999999999523 1 0 
7 0 0  3 4 2  0.005345005538409886 -0.029457641466442031  -0.010719254268400258 -0.031693120986746148  -0.018751384172154051 -0.039595281150762496  -0.018751384172154051 -0.053164121958486632 
 9 4 10 4
1 7.1054273576010019e-15 1.0000000000021068 1 -2.2215562722749264e-13 
1 0.005345005538409886 -0.029457641466442031 -0.99032860398812605 -0.13874168848233534 
1 0 -0.00099999999999988987 -1 0 
7 0 0  3 4 2  0.012155419890498065 -0.0086624831402337676  0.021955138251707806 -0.0086624831402337676  0.026867994406250872 -0.014589103263420444  0.026867994406250872 -0.026442343509092137 
 11 4 12 4
1 1.7763568394002505e-15 0.99999999999999523 1 0 
7 0 0  3 4 2  -0.011655036393406704 -0.017448437533498673  -0.0044807067706771342 -0.011625793201824663  0.0034474473412158257 -0.0086624831402337676  0.012155419890498065 -0.0086624831402337676 
 12 4 13 4
1 -2.8421709430404007e-14 1.0000000000027733 1 -2.2215562722748792e-13 
1 -0.011655036393406704 -0.017448437533498673 0 -1 
1 0.00099999999999988987 0 0 -1 
7 0 0  3 4 2  0.0098679524744340608 -0.038451547442733158  0.0039153384037173833 -0.039283353776222718  -0.00019170536590706888 -0.040739014858796274  -0.0024531788337425198 -0.042922506483342282 
 0 4 1 4
1 -4.1509008218518529e-15 0.99999999999999523 1 0 
7 0 0  3 4 2  -0.0024531788337425198 -0.042922506483342282  -0.0046886583540508564 -0.045105998107198619  -0.0058323920617378011 -0.048173283960307067  -0.0058323920617378011 -0.052124364042659188 
 1 4 2 4
1 1.2212453270876722e-14 0.99999999999999523 1 0 
7 0 0  3 4 2  -0.0058323920617378011 -0.052124364042659188  -0.0058323920617378011 -0.05560755306181786  -0.0046106765100681901 -0.058414899436141088  -0.0021412514588596832 -0.060598391060691092 
 2 4 3 4
1 1.3766765505351941e-14 0.99999999999999523 1 0 
7 0 0  3 4 2  -0.0021412514588596832 -0.060598391060691092  0.00030217964447531998 -0.062781882684546986  0.003551423132729159 -0.063873628496821766  0.0075804850587177786 -0.063873628496821766 
 3 4 4 4
1 -4.8849813083506888e-15 0.99999999999999523 1 0 
7 0 0  3 4 2  0.0075804850587177786 -0.063873628496821766  0.013169183858790179 -0.063873628496821766  0.017796106586324134 -0.061898088455992539  0.021409265345570416 -0.057947008373635533 
 4 4 5 4
1 -2.957634137601417e-13 0.99999999999999523 1 0 
7 0 0  3 4 2  0.021409265345570416 -0.057947008373635533  0.02504841805268998 -0.054047916187734302  0.026867994406250872 -0.049109066085310182  0.02686799440625065 -0.043130458066368949 
 5 4 6 4
1 -4.0856207306205761e-14 0.99999999999877454 1 2.2215562722741234e-13 
1 0.02686799440625065 -0.043130458066368949 0 1 
1 -0.00099999999999988987 0 0 1 
1 0.02686799440625065 -0.036164080026670042 -0.9910683662997869 -0.13335476489376558 
1 0 -0.00099999999999988987 -1 0 
7 0 0  1 2 2  -1.5929161130944026e-14 4.0930800415672763e-15  -1.5929161130944026e-14 0.99999999999988531 
 -0 2 0.00099999999999988987 2
7 0 0  1 2 2  1.9999999999999987 4.0930800415672763e-15  1.9999999999999987 0.99999999999988531 
 -0 2 0.00099999999999988987 2
7 0 0  1 2 2  0.99999999999999967 2.2613768496659858e-13  1.0000000000000089 1.0000000000001075 
 -0 2 0.00099999999999988987 2
1 0 0.012373119204629024 1 0 
1 0 0 1 0 
7 0 0  1 2 2  11.999999999999972 2.2613768496659858e-13  11.999999999999972 1.0000000000001075 
 -0 2 0.00099999999999988987 2
7 0 0  1 2 2  12.999999999999998 4.0930800415672763e-15  12.999999999999998 0.99999999999988531 
 -0 2 0.00099999999999988987 2
7 0 0  1 2 2  11.000000000000002 4.0679265511656126e-15  11.000000000000002 0.99999999999999523 
 -0 2 0.00099999999999988987 2
7 0 0  1 2 2  11.999999999999998 4.0679265511656126e-15  11.999999999999998 0.99999999999999523 
 -0 2 0.00099999999999988987 2
1 0.021733179049021004 2.2204460492503131e-16 0 -1 
1 0 0 0 -1 
7 0 0  1 2 2  9.0000000000000071 2.2613768496659858e-13  9.0000000000000071 1.0000000000001075 
 -0 2 0.00099999999999988987 2
7 0 0  1 2 2  10.000000000000012 4.0930800415672763e-15  10.000000000000012 0.99999999999988531 
 -0 2 0.00099999999999988987 2
7 0 0  1 2 2  7.9999999999999911 4.0679265511656126e-15  7.9999999999999911 0.99999999999999523 
 -0 2 0.00099999999999988987 2
7 0 0  1 2 2  8.9999999999999858 4.0679265511656126e-15  9.0000000000000497 0.99999999999999523 
 -0 2 0.00099999999999988987 2
7 0 0  1 2 2  7.0000000000000115 4.0679265511656126e-15  7.0000000000000115 0.99999999999999523 
 -0 2 0.00099999999999988987 2
7 0 0  1 2 2  7.9999999999999973 4.0679265511656126e-15  7.9999999999999973 0.99999999999999523 
 -0 2 0.00099999999999988987 2
7 0 0  1 2 2  5.9999999999999254 4.0679265511656126e-15  5.9999999999999254 0.99999999999999523 
 -0 2 0.00099999999999988987 2
7 0 0  1 2 2  6.9999999999999885 4.0679265511656126e-15  7.0000000000000879 0.99999999999999523 
 -0 2 0.00099999999999988987 2
1 2.2204460492503131e-16 -0.00033792132276344589 -1 0 
1 0 0 -1 0 
1 0 0.011229385495902022 1 0 
1 0 0 1 0 
1 0 -0.012737034474924247 -1 0 
1 0 0 -1 0 
1 0 -0.046737118337863759 -1 0 
1 0 0 -1 0 
7 0 0  1 2 2  0.99999999999996114 2.2613768496659858e-13  0.99999999999996114 1.0000000000001075 
 -0 2 0.00099999999999988987 2
7 0 0  1 2 2  -4.1509008218518529e-15 2.2611339883793491e-13  -7.5593524073628471e-15 0.99999999999999523 
 -0 2 0.00099999999999966782 2
1 -0.017153248463864589 0 0 -1 
7 0 0  1 2 2  0.99999999999996703 4.0679265511656126e-15  0.99999999999996703 0.99999999999999523 
 -0 2 0.00099999999999988987 2
7 0 0  1 2 2  1.0000000000000122 4.0679265511656126e-15  1.0000000000000122 0.99999999999999523 
 -0 2 0.00099999999999988987 2
7 0 0  1 2 2  2.0000000000000178 4.0679265511656126e-15  2.0000000000000178 0.99999999999999523 
 -0 2 0.00099999999999988987 2
7 0 0  1 2 2  2.0000000000000138 4.0679265511656126e-15  2.0000000000000138 0.99999999999999523 
 -0 2 0.00099999999999988987 2
7 0 0  1 2 2  3.0000000000000075 4.0679265511656126e-15  3.0000000000000075 0.99999999999999523 
 -0 2 0.00099999999999988987 2
7 0 0  1 2 2  2.9999999999999951 4.0679265511656126e-15  2.9999999999999951 0.99999999999999523 
 -0 2 0.00099999999999988987 2
7 0 0  1 2 2  3.999999999999996 4.0679265511656126e-15  3.999999999999996 0.99999999999999523 
 -0 2 0.00099999999999988987 2
7 0 0  1 2 2  3.9999999999997042 4.0679265511656126e-15  4.0000000000000089 0.99999999999999523 
 -0 2 0.00099999999999988987 2
7 0 0  1 2 2  4.9999999999999991 4.0679265511656126e-15  5.0000000000001759 0.99999999999999523 
 -0 2 0.00099999999999988987 2
7 0 0  1 2 2  4.9999999999999591 4.0930800415672763e-15  5.000000000000008 0.99999999999988531 
 -0 2 0.00099999999999988987 2
7 0 0  1 2 2  6.0000000000000044 2.2613768496659858e-13  6.000000000000326 1.0000000000001075 
 -0 2 0.00099999999999988987 2
1 0 0 -1 0 
1 0 0.0069663780396989061 -1 0 
1 0 0 0 -1 
7 0 0  1 2 2  -1.0766005652976214e-14 4.0930800415672763e-15  -1.0766005652976214e-14 0.99999999999988531 
 -0 2 0.00099999999999988987 2
7 0 0  1 2 2  1.9999999999999938 4.0679265511656126e-15  1.9999999999999938 0.99999999999999523 
 -0 2 0.00099999999999988987 2
1 -8.7924003273122387e-16 4.0930800415672763e-15 1 2.2204460492502391e-13 
7 0 0  3 4 2  -0.010845974764696731 -0.0017545914837766574  -0.0033597177670812162 -0.0017545914837766574  0.0036066602722713004 0.00058486382804057158  0.010105147249125812 0.0052637744509871354 
 0 4 1 4
7 0 0  1 2 2  1.0000000000000067 2.2613768496659858e-13  1.0000000000000324 1.0000000000001075 
 -0 2 0.00099999999999988987 2
1 0 0.013152937640973583 1 0 
1 -1.0766005652976214e-14 0.99999999999988531 1 2.2215562722748999e-13 
7 0 0  3 4 2  -0.010845974764696731 -0.0017545914837766574  -0.0033597177670812162 -0.0017545914837766574  0.0036066602722713004 0.00058486382804057158  0.010105147249125812 0.0052637744509871354 
 0 4 1 4
1 0.00099999999999988987 0 0 -1 
1 0.010105147249125812 -0.0078891631899864478 0 -1 
1 0 0 1 0 
7 0 0  1 2 2  19 2.2613768496659858e-13  19 1.0000000000001075 
 -0 2 0.00099999999999988987 2
1 0 0 0 -1 
1 0.010105147249125812 -0.0078891631899864478 0 -1 
1 0 4.4449851785417588e-12 1 -2.2204460492500844e-13 
7 0 0  3 4 2  0.010105147249125812 -0.0078891631899864478  0.0044904545011730246 -0.010696509564309231  -0.0020600203717833221 -0.012152170646883231  -0.009598265265153838 -0.012152170646883231 
 19 4 20 4
7 0 0  1 2 2  20.000000000000004 4.0930800415672763e-15  20.000000000000103 0.99999999999988531 
 -0 2 0.00099999999999988987 2
7 0 0  1 2 2  17.999999999999805 4.0679265511656126e-15  17.999999999999805 0.99999999999999523 
 -0 2 0.00099999999999988987 2
1 0 1.0000000000043283 1 -2.2215562722749304e-13 
7 0 0  3 4 2  0.010105147249125812 -0.0078891631899864478  0.0044904545011730246 -0.010696509564309231  -0.0020600203717833221 -0.012152170646883231  -0.009598265265153838 -0.012152170646883231 
 19 4 20 4
1 -7.1054273576010019e-15 4.0679265511656126e-15 1 0 
7 0 0  3 4 2  -0.009598265265153838 -0.012152170646883231  -0.018254249918330245 -0.012152170646883231  -0.025324603749199648 -0.010228618501808118  -0.030757338862003492 -0.0063815142116623313 
 18 4 19 4
7 0 0  1 2 2  18.999999999999989 4.0679265511656126e-15  18.999999999999989 0.99999999999999523 
 -0 2 0.00099999999999988987 2
7 0 0  1 2 2  16.999999999999712 4.0679265511656126e-15  16.999999999999712 0.99999999999999523 
 -0 2 0.00099999999999988987 2
1 -1.9539925233402755e-13 0.99999999999999523 1 0 
7 0 0  3 4 2  -0.009598265265153838 -0.012152170646883231  -0.018254249918330245 -0.012152170646883231  -0.025324603749199648 -0.010228618501808118  -0.030757338862003492 -0.0063815142116623313 
 18 4 19 4
1 -7.1054273576010019e-15 4.0679265511656126e-15 1 0 
7 0 0  3 4 2  -0.030757338862003492 -0.0063815142116623313  -0.036216067922684392 -0.0025863978165769907  -0.038945432453025397 0.0026643796603833536  -0.038945432453025397 0.0093188303248532556 
 17 4 18 4
7 0 0  1 2 2  18.000000000000004 4.0679265511656126e-15  18.000000000000291 0.99999999999999523 
 -0 2 0.00099999999999988987 2
7 0 0  1 2 2  15.999999999999467 4.0679265511656126e-15  15.999999999999467 0.99999999999999523 
 -0 2 0.00099999999999988987 2
1 -2.8776980798284058e-13 0.99999999999999523 1 0 
7 0 0  3 4 2  -0.030757338862003492 -0.0063815142116623313  -0.036216067922684392 -0.0025863978165769907  -0.038945432453025397 0.0026643796603833536  -0.038945432453025397 0.0093188303248532556 
 17 4 18 4
1 -7.1054273576010019e-15 4.0679265511656126e-15 1 0 
7 0 0  3 4 2  -0.038945432453025397 0.0093188303248532556  -0.038945432453025397 0.014101716740006154  -0.037515765317986505 0.018104784718117717  -0.034682424996132388 0.021328034258493833 
 16 4 17 4
7 0 0  1 2 2  16.999999999999982 4.0679265511656126e-15  17.000000000000057 0.99999999999999523 
 -0 2 0.00099999999999988987 2
7 0 0  1 2 2  15.000000000000016 4.0679265511656126e-15  15.000000000000016 0.99999999999999523 
 -0 2 0.00099999999999988987 2
1 -5.3290705182007514e-13 0.99999999999999523 1 0 
7 0 0  3 4 2  -0.038945432453025397 0.0093188303248532556  -0.038945432453025397 0.014101716740006154  -0.037515765317986505 0.018104784718117717  -0.034682424996132388 0.021328034258493833 
 16 4 17 4
1 5.3290705182007514e-15 4.0679265511656126e-15 1 0 
7 0 0  3 4 2  -0.034682424996132388 0.021328034258493833  -0.031823090726400771 0.024551283798866841  -0.026364361665720093 0.027722545443484847  -0.018254249918330245 0.030737843400834297 
 15 4 16 4
7 0 0  1 2 2  16.000000000000004 4.0679265511656126e-15  15.999999999999998 0.99999999999999523 
 -0 2 0.00099999999999988987 2
7 0 0  1 2 2  14.000000000000011 4.0679265511656126e-15  14.000000000000011 0.99999999999999523 
 -0 2 0.00099999999999988987 2
1 1.5987211554602254e-14 0.99999999999999523 1 0 
7 0 0  3 4 2  -0.034682424996132388 0.021328034258493833  -0.031823090726400771 0.024551283798866841  -0.026364361665720093 0.027722545443484847  -0.018254249918330245 0.030737843400834297 
 15 4 16 4
1 8.8817841970012523e-15 4.0679265511656126e-15 1 0 
7 0 0  3 4 2  -0.018254249918330245 0.030737843400834297  -0.011859738732992842 0.033233262399924524  -0.0077526949637150011 0.035312778232961417  -0.0058811307140516078 0.036976390899250422 
 14 4 15 4
7 0 0  1 2 2  15.000000000000032 4.0679265511656126e-15  15.000000000000032 0.99999999999999523 
 -0 2 0.00099999999999988987 2
7 0 0  1 2 2  12.999999999999989 4.0679265511656126e-15  12.999999999999989 0.99999999999999523 
 -0 2 0.00099999999999988987 2
1 1.0658141036401503e-14 0.99999999999999523 1 0 
7 0 0  3 4 2  -0.018254249918330245 0.030737843400834297  -0.011859738732992842 0.033233262399924524  -0.0077526949637150011 0.035312778232961417  -0.0058811307140516078 0.036976390899250422 
 14 4 15 4
1 -1.0658141036401503e-14 4.0679265511656126e-15 1 0 
7 0 0  3 4 2  -0.0058811307140516078 0.036976390899250422  -0.0040355604126129929 0.038588015669092091  -0.0030997782879529368 0.040823495189396652  -0.0030997782879529368 0.043734817355233435 
 13 4 14 4
7 0 0  1 2 2  13.999999999999998 4.0679265511656126e-15  13.999999999999998 0.99999999999999523 
 -0 2 0.00099999999999988987 2
7 0 0  1 2 2  11.999999999999998 4.0679265511656126e-15  11.999999999999998 0.99999999999999523 
 -0 2 0.00099999999999988987 2
1 -1.0658141036401503e-14 0.99999999999999523 1 0 
7 0 0  3 4 2  -0.0058811307140516078 0.036976390899250422  -0.0040355604126129929 0.038588015669092091  -0.0030997782879529368 0.040823495189396652  -0.0030997782879529368 0.043734817355233435 
 13 4 14 4
1 -1.7763568394002505e-15 4.0679265511656126e-15 1 0 
7 0 0  3 4 2  -0.0030997782879529368 0.043734817355233435  -0.0030997782879529368 0.046646139520376106  -0.0043994756836007731 0.049037582727953222  -0.0069728765263266101 0.050805171185755338 
 12 4 13 4
7 0 0  1 2 2  13.000000000000016 4.0679265511656126e-15  13.000000000000016 0.99999999999999523 
 -0 2 0.00099999999999988987 2
7 0 0  1 2 2  10.999999999999995 4.0679265511656126e-15  10.999999999999995 0.99999999999999523 
 -0 2 0.00099999999999988987 2
1 -1.7763568394002505e-15 0.99999999999999523 1 0 
7 0 0  3 4 2  -0.0030997782879529368 0.043734817355233435  -0.0030997782879529368 0.046646139520376106  -0.0043994756836007731 0.049037582727953222  -0.0069728765263266101 0.050805171185755338 
 12 4 13 4
1 -5.3290705182007514e-15 4.0679265511656126e-15 1 0 
7 0 0  3 4 2  -0.0069728765263266101 0.050805171185755338  -0.0095462773690488945 0.05262474753931734  -0.012899496649509068 0.053508541768565898  -0.017006540418787353 0.053508541768565898 
 11 4 12 4
7 0 0  1 2 2  11.999999999999988 4.0679265511656126e-15  11.999999999999988 0.99999999999999523 
 -0 2 0.00099999999999988987 2
7 0 0  1 2 2  9.999999999999952 4.0679265511656126e-15  9.999999999999952 0.99999999999999523 
 -0 2 0.00099999999999988987 2
1 -5.3290705182007514e-15 0.99999999999999523 1 0 
7 0 0  3 4 2  -0.0069728765263266101 0.050805171185755338  -0.0095462773690488945 0.05262474753931734  -0.012899496649509068 0.053508541768565898  -0.017006540418787353 0.053508541768565898 
 11 4 12 4
1 -5.3290705182007514e-15 4.0679265511656126e-15 1 0 
7 0 0  3 4 2  -0.017006540418787353 0.053508541768565898  -0.023894936614507589 0.053508541768565898  -0.030029508320716491 0.051740953310762894  -0.035462243433520335 0.048257764290911442 
 10 4 11 4
7 0 0  1 2 2  10.999999999999998 4.0679265511656126e-15  11.000000000000007 0.99999999999999523 
 -0 2 0.00099999999999988987 2
1 2.2204460492503131e-16 -0.01237311920393136 -1 0 
1 -4.7961634663806763e-14 0.99999999999999523 1 0 
7 0 0  3 4 2  -0.017006540418787353 0.053508541768565898  -0.023894936614507589 0.053508541768565898  -0.030029508320716491 0.051740953310762894  -0.035462243433520335 0.048257764290911442 
 10 4 11 4
1 -0.00099999999999988987 0 0 1 
1 -0.035462243433520335 0.060630883494842802 0 1 
1 0 0 -1 0 
7 0 0  1 2 2  8.0000000000000071 2.2613768496659858e-13  8.0000000000000071 1.0000000000001075 
 -0 2 0.00099999999999988987 2
1 0 0 0 1 
1 -0.035462243433520335 0.060630883494842802 0 1 
1 7.1054273576010019e-15 2.0024945243667986e-12 1 -2.22044604925025e-13 
7 0 0  3 4 2  -0.035462243433520335 0.060630883494842802  -0.030159478060110878 0.062814375119392807  -0.024440809520297924 0.06385413303591303  -0.018254249918330245 0.06385413303591303 
 8 4 9 4
7 0 0  1 2 2  9 4.0930800415672763e-15  9.0000000000000355 0.99999999999988531 
 -0 2 0.00099999999999988987 2
7 0 0  1 2 2  6.9999999999998801 4.0679265511656126e-15  6.9999999999998801 0.99999999999999523 
 -0 2 0.00099999999999988987 2
1 7.1054273576010019e-15 1.0000000000018847 1 -2.2215562722749541e-13 
7 0 0  3 4 2  -0.035462243433520335 0.060630883494842802  -0.030159478060110878 0.062814375119392807  -0.024440809520297924 0.06385413303591303  -0.018254249918330245 0.06385413303591303 
 8 4 9 4
1 8.8817841970012523e-16 4.0679265511656126e-15 1 0 
7 0 0  3 4 2  -0.018254249918330245 0.06385413303591303  -0.010300101858559119 0.06385413303591303  -0.0035936632983351036 0.06193058089083836  0.0018650657623455746 0.058083476599998463 
 7 4 8 4
7 0 0  1 2 2  8.0000000000000071 4.0679265511656126e-15  7.9999999999999982 0.99999999999999523 
 -0 2 0.00099999999999988987 2
7 0 0  1 2 2  5.9999999999996794 4.0679265511656126e-15  5.9999999999996794 0.99999999999999523 
 -0 2 0.00099999999999988987 2
1 -1.1990408665951691e-13 0.99999999999999523 1 0 
7 0 0  3 4 2  -0.018254249918330245 0.06385413303591303  -0.010300101858559119 0.06385413303591303  -0.0035936632983351036 0.06193058089083836  0.0018650657623455746 0.058083476599998463 
 7 4 8 4
1 -1.0658141036401503e-14 4.0679265511656126e-15 1 0 
7 0 0  3 4 2  0.0018650657623455746 0.058083476599998463  0.0072978008751491963 0.054184384414093678  0.010027165405490202 0.049037582727953222  0.010027165405490202 0.042591083647203654 
 6 4 7 4
7 0 0  1 2 2  7.000000000000008 4.0679265511656126e-15  7.000000000000238 0.99999999999999523 
 -0 2 0.00099999999999988987 2
7 0 0  1 2 2  4.9999999999996145 4.0679265511656126e-15  4.9999999999996145 0.99999999999999523 
 -0 2 0.00099999999999988987 2
1 -3.2063240951174521e-13 0.99999999999999523 1 0 
7 0 0  3 4 2  0.0018650657623455746 0.058083476599998463  0.0072978008751491963 0.054184384414093678  0.010027165405490202 0.049037582727953222  0.010027165405490202 0.042591083647203654 
 6 4 7 4
1 1.1546319456101628e-14 4.0679265511656126e-15 1 0 
7 0 0  3 4 2  0.010027165405490202 0.042591083647203654  0.010027165405490202 0.038120124606590977  0.0088314438017011998 0.03427302031644075  0.0064140066462481382 0.031101758671822743 
 5 4 6 4
7 0 0  1 2 2  6.0000000000000151 4.0679265511656126e-15  6.0000000000000266 0.99999999999999523 
 -0 2 0.00099999999999988987 2
7 0 0  1 2 2  3.9999999999999933 4.0679265511656126e-15  3.9999999999999933 0.99999999999999523 
 -0 2 0.00099999999999988987 2
1 -3.8546943414985435e-13 0.99999999999999523 1 0 
7 0 0  3 4 2  0.010027165405490202 0.042591083647203654  0.010027165405490202 0.038120124606590977  0.0088314438017011998 0.03427302031644075  0.0064140066462481382 0.031101758671822743 
 5 4 6 4
1 -6.6613381477509392e-15 4.0679265511656126e-15 1 0 
7 0 0  3 4 2  0.0064140066462481382 0.031101758671822743  0.004022563438671023 0.027930497027204293  -0.0012282140386368212 0.024707247486138506  -0.009260343942389726 0.02148399794576239 
 4 4 5 4
7 0 0  1 2 2  4.9999999999999982 4.0679265511656126e-15  4.9999999999999982 0.99999999999999523 
 -0 2 0.00099999999999988987 2
7 0 0  1 2 2  3.0000000000000058 4.0679265511656126e-15  3.0000000000000058 0.99999999999999523 
 -0 2 0.00099999999999988987 2
1 -6.6613381477509392e-15 0.99999999999999523 1 0 
7 0 0  3 4 2  0.0064140066462481382 0.031101758671822743  0.004022563438671023 0.027930497027204293  -0.0012282140386368212 0.024707247486138506  -0.009260343942389726 0.02148399794576239 
 4 4 5 4
1 5.773159728050814e-15 4.0679265511656126e-15 1 0 
7 0 0  3 4 2  -0.009260343942389726 0.02148399794576239  -0.015966782502613741 0.018988578946672163  -0.020411747594655916 0.016805087322122159  -0.022595239218859309 0.014985510968561488 
 3 4 4 4
7 0 0  1 2 2  4.0000000000000115 4.0679265511656126e-15  4.0000000000000115 0.99999999999999523 
 -0 2 0.00099999999999988987 2
7 0 0  1 2 2  1.9999999999999822 4.0679265511656126e-15  1.9999999999999822 0.99999999999999523 
 -0 2 0.00099999999999988987 2
1 5.773159728050814e-15 0.99999999999999523 1 0 
7 0 0  3 4 2  -0.009260343942389726 0.02148399794576239  -0.015966782502613741 0.018988578946672163  -0.020411747594655916 0.016805087322122159  -0.022595239218859309 0.014985510968561488 
 3 4 4 4
1 -1.7763568394002505e-14 4.0679265511656126e-15 1 0 
7 0 0  3 4 2  -0.022595239218859309 0.014985510968561488  -0.024778730843408869 0.013165934615003483  -0.025870476655337038 0.01087846719963359  -0.025870476655337038 0.0080711208253094746 
 2 4 3 4
7 0 0  1 2 2  2.9999999999999987 4.0679265511656126e-15  2.9999999999999987 0.99999999999999523 
 -0 2 0.00099999999999988987 2
7 0 0  1 2 2  1.0000000000000135 4.0679265511656126e-15  1.0000000000000135 0.99999999999999523 
 -0 2 0.00099999999999988987 2
1 -1.7763568394002505e-14 0.99999999999999523 1 0 
7 0 0  3 4 2  -0.022595239218859309 0.014985510968561488  -0.024778730843408869 0.013165934615003483  -0.025870476655337038 0.01087846719963359  -0.025870476655337038 0.0080711208253094746 
 2 4 3 4
1 1.354472090042691e-14 4.0679265511656126e-15 1 0 
7 0 0  3 4 2  -0.025870476655337038 0.0080711208253094746  -0.025870476655337038 0.0015206459523544602  -0.020853644709279973 -0.0017545914837766574  -0.010845974764696731 -0.0017545914837766574 
 1 4 2 4
1 1.354472090042691e-14 0.99999999999999523 1 0 
7 0 0  3 4 2  -0.025870476655337038 0.0080711208253094746  -0.025870476655337038 0.0015206459523544602  -0.020853644709279973 -0.0017545914837766574  -0.010845974764696731 -0.0017545914837766574 
 1 4 2 4
1 0.00099999999999988987 0 0 -1 
1 0.030832071462670863 0.10102547854425259 -1 0 
1 0 0 1 0 
1 0.058176435709717027 0 0 -1 
1 0 0 0 -1 
1 0.030832071462670863 0.10102547854425259 -1 0 
1 0 0.01320492553673569 1 0 
1 0 0 0 -1 
1 0 -0.00099999999999988987 -1 0 
1 0.010998689208653767 0.046334212145924702 -0.34091779621872809 -0.94009311039990395 
1 0 2.2204460492503131e-16 0 -1 
7 0 0  1 2 2  11.999999999999989 4.0930800415672763e-15  11.999999999999989 0.99999999999988531 
 -0 2 0.00099999999999988987 2
1 0 0 -1 0 
1 0.010998689208653767 0.046334212145924702 -0.34091779621872809 -0.94009311039990395 
1 -1.0658141036401503e-14 -2.6604421790596558e-12 1 2.2204460492510191e-13 
7 0 0  3 4 2  0.010998689208653989 0.046334212145924702  0.010218870771612432 0.043786805251076366  0.0096989918126622054 0.041811265210246695  0.0094390523338769849 0.040459579918497024 
 12 4 13 4
7 0 0  1 2 2  12.999999999999671 2.2613768496659858e-13  12.999999999999671 1.0000000000001075 
 -0 2 0.00099999999999988987 2
1 0 0.00033792132241727835 1 0 
1 -1.0658141036401503e-14 0.99999999999721945 1 2.2215562722756446e-13 
7 0 0  3 4 2  0.010998689208653989 0.046334212145924702  0.010218870771612432 0.043786805251076366  0.0096989918126622054 0.041811265210246695  0.0094390523338769849 0.040459579918497024 
 12 4 13 4
1 0.00099999999999988987 0 0 -1 
1 0.0091011310114597066 0.040459579918497024 -1 0 
1 0 0 1 0 
1 0.0061786908828091684 0 0 -1 
1 0 0 0 -1 
1 0.0091011310114597066 0.040459579918497024 -1 0 
1 0 -0.00099999999999988987 -1 0 
1 0.0075414941366838129 0.046438187937438258 -0.25242189718783903 0.967617272386191 
1 0 0 0 -1 
1 0.057791392153100335 0 0 -1 
1 0 0 -1 0 
1 0.0075414941366838129 0.046438187937438258 -0.25242189718783903 0.967617272386191 
1 0 -0.00099999999999988987 -1 0 
1 -0.01143408783596267 0.10102547854425259 -0.328346164812512 0.94455746042944089 
1 0 0 0 -1 
1 0 0.014244683453598972 1 0 
1 0 0 -1 0 
1 -0.01143408783596267 0.10102547854425259 -0.328346164812512 0.94455746042944089 
1 0.00099999999999988987 0 0 -1 
1 -0.025678771289561642 0.10102547854425259 -1 0 
1 0 0 1 0 
1 0.077869815985901647 0 0 -1 
1 0 0 0 -1 
1 -0.025678771289561642 0.10102547854425259 -1 0 
1 0 -0.00099999999999988987 -1 0 
1 0.0028105956176314173 0.028554351777066778 0.36585892166935408 -0.93067032263575344 
1 0 0 0 -1 
1 0.014338884640405229 0 0 -1 
1 0 0 -1 0 
1 0.0028105956176314173 0.028554351777066778 0.36585892166935408 -0.93067032263575344 
1 0 -0.00099999999999988987 -1 0 
1 -0.0027781031827864844 0.01534942623963742 -0.38975826506545697 -0.92091720301727731 
1 0 2.2204460492503131e-16 0 -1 
7 0 0  1 2 2  4.9999999999999725 4.0679265511656126e-15  4.9999999999999725 0.99999999999999523 
 -0 2 0.00099999999999988987 2
1 0 0 -1 0 
1 -0.0027781031827864844 0.01534942623963742 -0.38975826506545697 -0.92091720301727731 
1 -2.3980817331903381e-14 4.0679265511656126e-15 1 0 
7 0 0  3 4 2  -0.0027781031827864844 0.01534942623963742  -0.005663431400394936 0.008487023992141296  -0.010004420700923777 0.0051078107638033998  -0.015827065032596455 0.0051078107638033998 
 5 4 6 4
7 0 0  1 2 2  5.9999999999999893 4.0679265511656126e-15  6.0000000000000018 0.99999999999999523 
 -0 2 0.00099999999999988987 2
7 0 0  1 2 2  3.9999999999999738 4.0930800415672763e-15  3.9999999999999738 0.99999999999988531 
 -0 2 0.00099999999999988987 2
1 -2.7533531010703882e-14 0.99999999999999523 1 0 
7 0 0  3 4 2  -0.0027781031827864844 0.01534942623963742  -0.005663431400394936 0.008487023992141296  -0.010004420700923777 0.0051078107638033998  -0.015827065032596455 0.0051078107638033998 
 5 4 6 4
1 -2.6201263381153694e-14 -8.8408533965853069e-13 1 2.2204460492502449e-13 
7 0 0  3 4 2  -0.015827065032596455 0.0051078107638033998  -0.018166520344068626 0.0051078107638033998  -0.020557963551644409 0.0055757018263085101  -0.023053382550734192 0.0065634718470706233 
 4 4 5 4
7 0 0  1 2 2  5.0000000000000044 2.2613768496659858e-13  5.0000000000000044 1.0000000000001075 
 -0 2 0.00099999999999988987 2
1 0 0.011333361288108801 1 0 
1 -2.6201263381153694e-14 0.99999999999899669 1 2.2215562722748701e-13 
7 0 0  3 4 2  -0.015827065032596455 0.0051078107638033998  -0.018166520344068626 0.0051078107638033998  -0.020557963551644409 0.0055757018263085101  -0.023053382550734192 0.0065634718470706233 
 4 4 5 4
1 0.00099999999999988987 0 0 -1 
1 -0.023053382550734192 -0.0047698894410381776 0 -1 
1 -2.2204460492503131e-16 0 1 0 
7 0 0  1 2 2  2.0000000000000311 4.0679265511656126e-15  2.0000000000000311 0.99999999999999523 
 -0 2 0.00099999999999988987 2
1 0 0 0 -1 
1 -0.023053382550734192 -0.0047698894410381776 0 -1 
1 3.1086244689504383e-14 4.0679265511656126e-15 1 0 
7 0 0  3 4 2  -0.02305338255073397 -0.0047698894410381776  -0.020791909082894966 -0.0054457320865668457  -0.01803655060467757 -0.0058096473575584007  -0.014839295011835674 -0.0058096473575584007 
 2 4 3 4
7 0 0  1 2 2  2.9999999999999902 4.0679265511656126e-15  2.9999999999999902 0.99999999999999523 
 -0 2 0.00099999999999988987 2
7 0 0  1 2 2  0.99999999999999967 4.0930800415672763e-15  0.99999999999999967 0.99999999999988531 
 -0 2 0.00099999999999988987 2
1 3.1086244689504383e-14 0.99999999999999523 1 0 
7 0 0  3 4 2  -0.02305338255073397 -0.0047698894410381776  -0.020791909082894966 -0.0054457320865668457  -0.01803655060467757 -0.0058096473575584007  -0.014839295011835674 -0.0058096473575584007 
 2 4 3 4
1 -3.3306690738754696e-16 -2.1795152488346519e-13 1 2.2204460492503247e-13 
7 0 0  3 4 2  -0.014839295011835674 -0.0058096473575584007  -0.0036878913595652651 -0.0058096473575584007  0.0049420993460804752 0.0019365491191858375  0.011076671052289377 0.01742894207267387 
 1 4 2 4
7 0 0  1 2 2  1.9999999999999929 2.2613768496659858e-13  1.9999999999999944 1.0000000000001075 
 -0 2 0.00099999999999988987 2
1 0.08985969061032982 0 0 -1 
1 -3.3306690738754696e-16 0.99999999999966316 1 2.2215562722749534e-13 
7 0 0  3 4 2  -0.014839295011835674 -0.0058096473575584007  -0.0036878913595652651 -0.0058096473575584007  0.0049420993460804752 0.0019365491191858375  0.011076671052289377 0.01742894207267387 
 1 4 2 4
1 -0 -0.00099999999999988987 -1 0 
1 0.044036996999406552 0.10102547854425259 0.3667976789509258 0.93030073778118316 
1 0 0 -1 0 
1 0.044036996999406552 0.10102547854425259 0.3667976789509258 0.93030073778118316 
1 -0.00099999999999988987 0 0 1 
1 -1.8769272712444713 -2.1069331401544407 0 1 
1 0 0 -1 0 
1 0 0.041564322704538803 1 0 
1 0 0 0 1 
1 -1.8769272712444713 -2.1069331401544407 0 1 
1 0 -0.011593300766894021 -1 0 
1 0 0 -1 0 
1 0.00099999999999988987 0 0 -1 
1 -1.8353629485399325 -2.1069331401544407 1 0 
1 0 0 1 0 
1 0 -0.034208035446656293 -1 0 
1 0 0 0 -1 
1 -1.8353629485399325 -2.1069331401544407 1 0 
1 -0.00099999999999988987 0 0 1 
1 -1.8353629485399325 -2.0727251047077844 0 1 
1 0 0 -1 0 
1 0 -0.036365533122638904 -1 0 
1 0 0 0 1 
1 -1.8353629485399325 -2.0727251047077844 0 1 
1 -0.00099999999999988987 0 0 1 
1 -1.8717284816625714 -2.0727251047077844 -1 0 
1 0 0 -1 0 
1 0 -0.011645288662648579 -1 0 
1 0 0 0 1 
1 -1.8717284816625714 -2.0727251047077844 -1 0 
1 -0.00099999999999988987 0 0 1 
1 -1.8717284816625714 -2.0610798160451358 0 1 
1 0 0 -1 0 
1 0 0.036365533122638904 1 0 
1 0 0 0 1 
1 -1.8717284816625714 -2.0610798160451358 0 1 
1 0.00099999999999988987 0 0 -1 
1 -1.8353629485399325 -2.0610798160451358 1 0 
1 0 0 1 0 
1 0 -0.03254442278106362 -1 0 
1 0 0 0 -1 
1 -1.8353629485399325 -2.0610798160451358 1 0 
1 -0.00099999999999988987 0 0 1 
1 -1.8353629485399325 -2.0285353932640722 0 1 
1 0 0 -1 0 
1 0 -0.039250861340594412 -1 0 
1 0 0 0 1 
1 -1.8353629485399325 -2.0285353932640722 0 1 
1 -0.00099999999999988987 0 0 1 
1 -1.8746138098805269 -2.0285353932640722 -1 0 
1 0 0 -1 0 
1 0 -0.011697276558404468 -1 0 
1 0 0 0 1 
1 -1.8746138098805269 -2.0285353932640722 -1 0 
1 -0.00099999999999988987 0 0 1 
1 -1.8746138098805269 -2.0168381167056677 0 1 
1 0 0 -1 0 
1 0 0.052377805034383496 1 0 
1 0 0 0 1 
1 -1.8746138098805269 -2.0168381167056677 0 1 
1 0.00099999999999988987 0 0 -1 
1 -1.8222360048461435 -2.0168381167056677 1 0 
1 0 0 1 0 
1 0 0.10168832421566698 1 0 
1 0 0 0 -1 
1 -1.8222360048461435 -2.0168381167056677 1 0 
1 0.00099999999999988987 0 0 -1 
1 -1.8222360048461435 -2.1185264409213347 0 -1 
1 0 0 1 0 
1 0 -0.054691266398327887 -1 0 
1 0 0 0 -1 
1 -1.8222360048461435 -2.1185264409213347 0 -1 
1 -0.00099999999999988987 0 0 1 
1 -1.8769272712444713 -2.1185264409213347 -1 0 
1 0 0 0 1 
1 -1.8769272712444713 -2.1185264409213347 -1 0 
1 -0.022211828486873531 -0.098328606448411016 1 0 
1 0 0 0 1 
7 0 0  3 4 2  -0.022211828486873308 -0.098328606448411016  -0.0061215747321863301 -0.098328606448411016  0.0070573568573621959 -0.093597707929705898  0.017272978384625493 -0.084083922995159543 
 5 4 6 4
1 -4.4408920985006262e-15 4.0679265511656126e-15 1 0 
7 0 0  3 4 2  0.017272978384625493 -0.084083922995159543  0.027488599912581346 -0.074570138060611413  0.032609407650845634 -0.061937079377893944  0.032609407650845634 -0.046184746945621136 
 4 4 5 4
1 2.6645352591003757e-15 4.0679265511656126e-15 1 0 
7 0 0  3 4 2  0.032609407650845634 -0.046184746945621136  0.032609407650845634 -0.031108257158879216  0.027488599912581346 -0.019099053225242191  0.017272978384625493 -0.010105147248953283 
 3 4 4 4
1 5.773159728050814e-15 4.0679265511656126e-15 1 0 
7 0 0  3 4 2  0.017272978384625493 -0.010105147248953283  0.0070573568573621959 -0.0011112412733567112  -0.0057576594618871102 0.0033597177672559653  -0.021172070571050305 0.0033597177672559653 
 2 4 3 4
1 4.4408920985006262e-16 -4.3999612980849418e-13 1 2.2204460492503073e-13 
1 -0.050181316435810253 0.0033597177672559653 -1 0 
1 0 0 0 -1 
1 -0.050181316435810253 -0.098328606448411016 0 -1 
1 0 0 0 -1 
1 -0.037054372742714392 -0.0083375587911485027 0 -1 
1 0 0 -0 -1 
1 -0.021691949529309973 -0.0083375587911485027 -1 0 
1 0 0 -0 -1 
7 0 0  3 4 2  0.0076552176585646947 -0.017903331621454299  0.00022094855705012684 -0.011508820436460621  -0.0095787698041562841 -0.0083375587911485027  -0.021691949529309973 -0.0083375587911485027 
 5 4 6 4
1 -4.4408920985006262e-15 4.0679265511656126e-15 1 0 
7 0 0  3 4 2  0.01880662131083044 -0.046548662215919467  0.01880662131083044 -0.033863615636750666  0.015089486760075488 -0.024297842807138093  0.0076552176585646947 -0.017903331621454299 
 4 4 5 4
1 -4.4408920985006262e-16 4.0679265511656126e-15 1 0 
7 0 0  3 4 2  0.0079411510859166423 -0.076129774935388195  0.015193462552282488 -0.069111408999930291  0.01880662131083044 -0.059233708795084716  0.01880662131083044 -0.046548662215919467 
 3 4 4 4
1 3.1086244689504383e-15 4.0679265511656126e-15 1 0 
7 0 0  3 4 2  -0.022289810331202808 -0.086735305681516994  -0.0093708182211331703 -0.086735305681516994  0.00071483356743273774 -0.083200128766604209  0.0079411510859166423 -0.076129774935388195 
 2 4 3 4
1 -3.5527136788005009e-15 6.7022689481666059e-13 1 -2.2204460492503101e-13 
1 -0.037054372742714392 -0.086735305681516994 1 0 
1 0 0 0 1 
1 -0.022211828486873531 -0.098328606448411016 1 0 
1 -0.00099999999999988987 0 0 1 
1 -0.050181316435810253 -0.098328606448411016 0 -1 
1 0.00099999999999988987 0 0 -1 
1 -0.050181316435810253 0.0033597177672559653 -1 0 
1 0.00099999999999988987 0 0 -1 
7 0 0  3 4 2  0.017272978384625493 -0.010105147248953283  0.0070573568573621959 -0.0011112412733567112  -0.0057576594618871102 0.0033597177672559653  -0.021172070571050305 0.0033597177672559653 
 2 4 3 4
1 4.4408920985006262e-16 0.999999999999441 1 2.2215562722749324e-13 
7 0 0  3 4 2  0.032609407650845634 -0.046184746945621136  0.032609407650845634 -0.031108257158879216  0.027488599912581346 -0.019099053225242191  0.017272978384625493 -0.010105147248953283 
 3 4 4 4
1 5.773159728050814e-15 0.99999999999999523 1 0 
7 0 0  3 4 2  0.017272978384625493 -0.084083922995159543  0.027488599912581346 -0.074570138060611413  0.032609407650845634 -0.061937079377893944  0.032609407650845634 -0.046184746945621136 
 4 4 5 4
1 2.6645352591003757e-15 0.99999999999999523 1 0 
7 0 0  3 4 2  -0.022211828486873308 -0.098328606448411016  -0.0061215747321863301 -0.098328606448411016  0.0070573568573621959 -0.093597707929705898  0.017272978384625493 -0.084083922995159543 
 5 4 6 4
1 -4.4408920985006262e-15 0.99999999999999523 1 0 
1 -0.021691949529309973 -0.0083375587911485027 -1 0 
1 0.00099999999999988987 0 -0 -1 
1 -0.037054372742714392 -0.0083375587911485027 0 -1 
1 0.00099999999999988987 0 -0 -1 
1 -0.037054372742714392 -0.086735305681516994 1 0 
1 -0.00099999999999988987 0 0 1 
7 0 0  3 4 2  -0.022289810331202808 -0.086735305681516994  -0.0093708182211331703 -0.086735305681516994  0.00071483356743273774 -0.083200128766604209  0.0079411510859166423 -0.076129774935388195 
 2 4 3 4
1 -4.929390229335695e-14 1.0000000000005518 1 -2.2215562722748337e-13 
7 0 0  3 4 2  0.0079411510859166423 -0.076129774935388195  0.015193462552282488 -0.069111408999930291  0.01880662131083044 -0.059233708795084716  0.01880662131083044 -0.046548662215919467 
 3 4 4 4
1 3.1086244689504383e-15 0.99999999999999523 1 0 
7 0 0  3 4 2  0.01880662131083044 -0.046548662215919467  0.01880662131083044 -0.033863615636750666  0.015089486760075488 -0.024297842807138093  0.0076552176585646947 -0.017903331621454299 
 4 4 5 4
1 -8.2156503822261584e-14 0.99999999999999523 1 0 
7 0 0  3 4 2  0.0076552176585646947 -0.017903331621454299  0.00022094855705012684 -0.011508820436460621  -0.0095787698041562841 -0.0083375587911485027  -0.021691949529309973 -0.0083375587911485027 
 5 4 6 4
1 -9.7699626167013776e-15 0.99999999999999523 1 0 
1 2.2204460492503131e-16 2.2204460492503131e-16 -1 0 
7 0 0  1 2 2  4.9999999999999956 4.0679265511656126e-15  4.9999999999999956 0.99999999999999523 
 -0 2 0.00099999999999988987 2
1 0 -0.027969487948936722 -1 0 
1 0 0 1 0 
7 0 0  1 2 2  5.9999999999999929 4.0679265511656126e-15  5.9999999999999929 0.99999999999999523 
 -0 2 0.00099999999999988987 2
7 0 0  1 2 2  4.0000000000000027 4.0679265511656126e-15  4.0000000000000027 0.99999999999999523 
 -0 2 0.00099999999999988987 2
7 0 0  1 2 2  5.0000000000000018 4.0679265511656126e-15  5.0000000000000018 0.99999999999999523 
 -0 2 0.00099999999999988987 2
7 0 0  1 2 2  3.0000000000000058 4.0679265511656126e-15  3.0000000000000058 0.99999999999999523 
 -0 2 0.00099999999999988987 2
7 0 0  1 2 2  3.9999999999999996 4.0679265511656126e-15  3.9999999999999996 0.99999999999999523 
 -0 2 0.00099999999999988987 2
7 0 0  1 2 2  2.0000000000000004 4.0930800415672763e-15  2.0000000000000004 0.99999999999988531 
 -0 2 0.00099999999999988987 2
7 0 0  1 2 2  3.0000000000000031 2.2613768496659858e-13  3.0000000000000031 1.0000000000001075 
 -0 2 0.00099999999999988987 2
1 0 0.029009245864759947 1 0 
1 0 0 1 0 
1 0 0.10168832421566698 1 0 
1 -2.2204460492503131e-16 0 1 0 
7 0 0  1 2 2  5.9999999999999991 4.0679265511656126e-15  6.0000000000000355 0.99999999999999523 
 -0 2 0.00099999999999988987 2
1 -0 -0.015362423213404419 1 0 
1 0 0 1 -0 
1 -0 -0.078397746890368492 1 -0 
1 0 0 -1 0 
1 0 0.014764562411511584 -1 0 
7 0 0  1 2 2  1.9999999999999507 2.2613768496659858e-13  1.9999999999999964 1.0000000000001075 
 -0 2 0.00099999999999988987 2
7 0 0  1 2 2  2.9999999999999978 4.0930800415672763e-15  2.9999999999999978 0.99999999999988531 
 -0 2 0.00099999999999988987 2
7 0 0  1 2 2  3.0000000000000031 4.0679265511656126e-15  3.0000000000000031 0.99999999999999523 
 -0 2 0.00099999999999988987 2
7 0 0  1 2 2  3.9999999999999978 4.0679265511656126e-15  4.0000000000000444 0.99999999999999523 
 -0 2 0.00099999999999988987 2
7 0 0  1 2 2  3.9999999999999178 4.0679265511656126e-15  3.9999999999999996 0.99999999999999523 
 -0 2 0.00099999999999988987 2
7 0 0  1 2 2  4.9999999999999947 4.0679265511656126e-15  4.9999999999999947 0.99999999999999523 
 -0 2 0.00099999999999988987 2
7 0 0  1 2 2  4.9999999999999902 4.0679265511656126e-15  4.9999999999999956 0.99999999999999523 
 -0 2 0.00099999999999988987 2
1 -2.0373359237844548 -2.0168381167056677 0.35593572436430904 0.93451043874386697 
1 0 0 -1 0 
1 -2.0232991919135355 -2.0168381167056677 1 0 
1 0 0 0 -1 
1 -1.9845682095305075 -2.1185264409213347 0.35593572436987797 -0.93451043874174577 
1 0 0 -1 0 
1 -1.9990728324632348 -2.1185264409213347 -1 0 
1 0 0 0 1 
1 -2.0088465568765637 -2.0907129166603626 -0.33152841835765579 0.94344523307994466 
1 0 0 -1 0 
1 -2.0511906980188366 -2.0907129166603626 -1 0 
1 0 0 0 1 
1 -2.0615622832347555 -2.1185264409213347 -0.34939547949732275 -0.93697534594397724 
1 0 0 -1 0 
1 -2.0760669061667887 -2.1185264409213347 -1 0 
1 0 0 0 1 
1 -2.0130055885426366 -2.0792235916849822 -1 0 
1 0 0 0 1 
1 -2.0282120480680796 -2.036957432386346 0.3385350342956594 -0.9409537876827091 
1 0 0 -1 0 
7 0 0  3 4 2  -2.0298756607343686 -2.0298350906600673  -2.0293817757239898 -2.0329023765131722  -2.0288359028185465 -2.0352938197207489  -2.0282120480680796 -2.0369574323863464 
 3 4 4 4
1 1.0480505352461478e-13 -1.1061299445838686e-12 1 4.4408920985015571e-13 
1 -2.0301875881096021 -2.0298350906600673 1 0 
1 0 0 -0 -1 
7 0 0  3 4 2  -2.031773218931566 -2.036957432386346  -2.0312793339218773 -2.0355537591995319  -2.030759454962928 -2.033214303887712  -2.0301875881096021 -2.0298350906600668 
 1 4 2 4
1 4.8094861426761781e-13 4.4818228989173304e-13 1 -2.2204460492513445e-13 
1 -2.0471356421456641 -2.0792235916849822 0.34160383069023792 0.93984404177382286 
1 0 0 -1 0 
1 -2.0373359237844548 -2.0168381167056677 0.35593572436430904 0.93451043874386697 
1 0 -0.00099999999999988987 -1 0 
1 -2.0760669061667887 -2.1185264409213347 -1 0 
1 -0.00099999999999988987 0 0 1 
1 -2.0615622832347555 -2.1185264409213347 -0.34939547949732275 -0.93697534594397724 
1 0 -0.00099999999999988987 -1 0 
1 -2.0511906980188366 -2.0907129166603626 -1 0 
1 -0.00099999999999988987 0 0 1 
1 -2.0088465568765637 -2.0907129166603626 -0.33152841835765579 0.94344523307994466 
1 -0 -0.00099999999999988987 -1 0 
1 -1.9990728324632348 -2.1185264409213347 -1 0 
1 -0.00099999999999988987 0 0 1 
1 -1.9845682095305075 -2.1185264409213347 0.35593572436987797 -0.93451043874174577 
1 0 -0.00099999999999988987 -1 0 
1 -2.0232991919135355 -2.0168381167056677 1 0 
1 0.00099999999999988987 0 0 -1 
1 -2.0282120480680796 -2.036957432386346 0.3385350342956594 -0.9409537876827091 
1 0 -0.00099999999999988987 -1 0 
1 -2.0130055885426366 -2.0792235916849822 -1 0 
1 -0.00099999999999988987 0 0 1 
1 -2.0471356421456641 -2.0792235916849822 0.34160383069023792 0.93984404177382286 
1 0 -0.00099999999999988987 -1 0 
7 0 0  3 4 2  -2.031773218931566 -2.036957432386346  -2.0312793339218773 -2.0355537591995319  -2.030759454962928 -2.033214303887712  -2.0301875881096021 -2.0298350906600668 
 1 4 2 4
1 4.8094861426761781e-13 1.0000000000003297 1 -2.2215562722759702e-13 
1 -2.0301875881096021 -2.0298350906600673 1 0 
1 0.00099999999999988987 0 -0 -1 
7 0 0  3 4 2  -2.0298756607343686 -2.0298350906600673  -2.0293817757239898 -2.0329023765131722  -2.0288359028185465 -2.0352938197207489  -2.0282120480680796 -2.0369574323863464 
 3 4 4 4
1 1.0480505352461478e-13 1.000000000000774 1 -2.221556272275404e-13 
1 0 0 0 -1 
1 0 0.014036731870919361 1 0 
1 0.10881454074750899 0 0 -1 
1 0 0 -1 0 
1 0 0 1 0 
1 0.10881454074775587 0 0 -1 
1 0 0 0 -1 
1 0 -0.014504622932727251 -1 0 
1 0 0 -1 0 
1 0.029480804275382022 0 0 -1 
1 0 0 0 -1 
1 0 -0.042344141142272917 -1 0 
1 0 0 -1 0 
1 0.029684371506008691 0 0 -1 
1 0 0 0 -1 
1 0 -0.01450462293203314 -1 0 
1 0 0 -1 0 
1 -0.044918421979813911 0 0 -1 
1 0 0.034130053603027566 -1 0 
1 0 0 0 -1 
1 -0.044971460604107033 0 0 -1 
7 0 0  1 2 2  1.0000000000004809 2.2613768496659858e-13  1.0000000000004809 1.0000000000001075 
 -0 2 0.00099999999999988987 2
7 0 0  1 2 2  2.0000000000000164 4.0930800415672763e-15  2.0000000000000164 0.99999999999988531 
 -0 2 0.00099999999999988987 2
1 -2.2204460492503131e-16 0 1 0 
1 -0 -0.00031192737523344505 1 0 
7 0 0  1 2 2  3.0000000000001048 2.2613768496659858e-13  3.0000000000001048 1.0000000000001075 
 -0 2 0.00099999999999988987 2
7 0 0  1 2 2  3.9999999999998952 6.702268948166612e-13  3.9999999999998952 0.99999999999988531 
 6.6613381477509392e-16 2 0.00099999999999988987 2
1 -4.1786742407743786e-16 2.2204460492503131e-16 0 -1 
7 0 0  3 4 2  -0.02060531304379043 -0.058743208119502066  -0.019882330490327726 -0.015363620582297344  0.0097604230544083848 0.022955047711669563  0.050971035351548455 0.035968926731387407 
 35 4 36 4
1 0 4.0679265511656126e-15 1 0 
7 0 0  3 4 2  0.050971035351548455 0.035968926731387407  0.058923953757651581 0.057658734289306901  0.072660842910160062 0.077179559713542734  0.090012699988988087 0.093085420657920359 
 0 4 1 4
1 -1.1349546337115495e-15 4.0679265511656126e-15 1 0 
7 0 0  3 4 2  0.090012699988988087 0.093085420657920359  0.11748645071398589 0.11694421121373844  0.1521901372919694 0.13068108916160392  0.18833981655620757 0.13068108916160392 
 1 4 2 4
1 -3.1086244689504383e-15 4.0679265511656126e-15 1 0 
7 0 0  3 4 2  0.18833981655620757 0.13068108916160392  0.22015153155065326 0.13068108916160392  0.24979427130537912 0.12055917914005887  0.27509904679065711 0.10248433864563045 
 2 4 3 4
1 -4.4408920985006262e-16 4.0679265511656126e-15 1 0 
7 0 0  3 4 2  0.27509904679065711 0.10248433864563045  0.28738994325656453 0.093808413553892356  0.29751185069239683 0.082963509774932165  0.30691076178510168 0.070672620204029535 
 3 4 4 4
1 -8.8817841970012523e-16 4.0679265511656126e-15 1 0 
7 0 0  3 4 2  0.30691076178510168 0.070672620204029535  0.31269470495148677 0.071395616547156981  0.31775566556440782 0.072118605995280083  0.3235396087307929 0.072118605995280083 
 4 4 5 4
1 2.6645352591003757e-15 4.0679265511656126e-15 1 0 
7 0 0  3 4 2  0.3235396087307929 0.072118605995280083  0.35462833427711504 0.072118605995280083  0.38427106713683701 0.05982771642507001  0.40668387103857562 0.037414912522637289 
 5 4 6 4
1 -8.8817841970012523e-16 4.0679265511656126e-15 1 0 
7 0 0  3 4 2  0.40668387103857562 0.037414912522637289  0.42837369755862476 0.01572511185903025  0.440664588853105 -0.01391762789604245  0.440664588853105 -0.045006346546666576 
 6 4 7 4
1 0 4.0679265511656126e-15 1 0 
7 0 0  3 4 2  0.440664588853105 -0.045006346546666576  0.440664588853105 -0.073926089958612051  0.42981968507414536 -0.10212285081674399  0.4102988596499102 -0.12381263079533755 
 7 4 8 4
1 0 4.0679265511656126e-15 1 0 
7 0 0  3 4 2  0.4102988596499102 -0.12381263079533755  0.39439300215303419 -0.14116448787451241  0.37487216983414062 -0.15273237420659247  0.35245937282740614 -0.15851631737297622 
 8 4 9 4
1 5.3290705182007514e-15 4.0679265511656126e-15 1 0 
7 0 0  3 4 2  0.35245937282740614 -0.15851631737297622  0.34306045483969627 -0.18743606078492081  0.31558670411469936 -0.20767987565658408  0.28377497532989793 -0.20767987565658408 
 9 4 10 4
1 0 4.0679265511656126e-15 1 0 
7 0 0  3 4 2  0.28377497532989793 -0.20767987565658408  0.24401032813933976 -0.20767987565658408  0.21147561680107474 -0.17514516431901339  0.21147561680107474 -0.13538051712811039 
 10 4 11 4
1 0 4.0679265511656126e-15 1 0 
7 0 0  3 4 2  0.21147561680107474 -0.13538051712811039  0.21147561680107474 -0.13321154188804152  0.21147561680107474 -0.13104256664797709  0.21147561680107474 -0.12815058127477719 
 11 4 12 4
7 0 0  3 4 2  0 0  0 0.0021689752400688711  0 0.0043379504801333013  0 0.0072299358533332025 
 11 4 12 4
1 0.21147561680107474 -0.12815058127477719 -0.88409495024788065 0.46730730675455695 
1 0 0 -1 0 
1 0.11025651486099974 -0.074649058721719674 0.50488304864992462 0.86318775894121547 
1 0 0 -1 0 
1 0.13266930497307605 -0.036330390427753212 0.88634884279586212 -0.46301806538669316 
1 0 0 -1 0 
7 0 0  3 4 2  0.22955044264335744 -0.086939941397615295  0.2425643216627289 -0.071757073348517109  0.26208515398127585 -0.062358162255812699  0.28377496153988813 -0.062358162255812699 
 15 4 16 4
1 -7.1054273576010019e-15 3.5568067588420448e-12 1 -2.2204460492502974e-13 
7 0 0  3 4 2  0.28377496153988813 -0.062358162255812699  0.31486369398121528 -0.062358162255812699  0.3416144483627388 -0.082601977127476856  0.35173635579891771 -0.11007574164248157 
 16 4 17 4
1 -1.7763568394002505e-15 4.0679265511656126e-15 1 0 
7 0 0  3 4 2  0.35173635579891771 -0.11007574164248157  0.37704113128384975 -0.098507841520396822  0.39511597091614292 -0.073203066035465225  0.39511597091614292 -0.043560326280392525 
 17 4 18 4
1 -3.5527136788005009e-15 4.0679265511656126e-15 1 0 
7 0 0  3 4 2  0.39511597091614292 -0.043560326280392525  0.39511597091614292 -0.0037956790894881909  0.36258125957822451 0.028739032248083829  0.32281661238766568 0.028739032248083829 
 18 4 19 4
1 0 4.0679265511656126e-15 1 0 
7 0 0  3 4 2  0.32281661238766568 0.028739032248083829  0.30907973702482061 0.028739032248083829  0.29534286166232171 0.024401067978636837  0.28449795788336218 0.017894128468431303 
 19 4 20 4
1 3.5527136788005009e-15 4.0679265511656126e-15 1 0 
7 0 0  3 4 2  0.28449795788336218 0.017894128468431303  0.27076109631087308 0.058381730633127349  0.2331654243600334 0.087301474044379379  0.18761683400274354 0.087301474044379379 
 20 4 21 4
1 0 4.0679265511656126e-15 1 0 
7 0 0  3 4 2  0.18761683400274354 0.087301474044379379  0.13556129034593178 0.087301474044379379  0.092181675229053628 0.047536826853474379  0.086397732062669208 -0.0030727241163899244 
 21 4 22 4
1 0 4.0679265511656126e-15 1 0 
7 0 0  3 4 2  0.086397732062669208 -0.0030727241163899244  0.084228756822950501 -0.0030727241163899244  0.082782764136348552 -0.0030727241163899244  0.080613788896283456 -0.0030727241163899244 
 22 4 23 4
7 0 0  3 4 2  0 0  0 0.0021689752397187068  0 0.0036149679263206558  0 0.0057839431663857521 
 22 4 23 4
7 0 0  3 4 2  0.080613788896283456 -0.0030727241163899244  0.049525070244965885 -0.0030727241163899244  0.024220294760034067 -0.028377499601321965  0.024220294760034067 -0.059466218252639758 
 23 4 24 4
1 0 4.0679265511656126e-15 1 0 
7 0 0  3 4 2  0.024220294760034067 -0.059466218252639758  0.024220294760034067 -0.089108958007710681  0.046633084872110153 -0.11369073714882361  0.076275838416499431 -0.11585971238888804 
 24 4 25 4
1 3.5527136788005009e-15 4.0679265511656126e-15 1 0 
1 0.076275838416499431 -0.11585971238888804 1 0 
1 0 0 -0 -1 
7 0 0  3 4 2  0.10881054975441762 -0.11585971238888804  0.1102565424410189 -0.11585971238888804  0.11170253512761996 -0.11513672983577172  0.11314850023420253 -0.11513672983577172 
 26 4 27 4
1 -7.1054273576010019e-15 5.9992974130174126e-12 1 -2.2204460492503131e-13 
7 0 0  3 4 2  0.11314850023420253 -0.11513672983577172  0.12543939670010906 -0.11513672983577172  0.13556129034593178 -0.12525865106161116  0.13556129034593178 -0.13754951994749987 
 27 4 28 4
1 3.5527136788005009e-15 4.0679265511656126e-15 1 0 
7 0 0  3 4 2  0.13556129034593178 -0.13754951994749987  0.13556129034593178 -0.14911740628026826  0.12616237925357332 -0.15923932750680492  0.11459446534078355 -0.15996231005992123 
 28 4 29 4
1 0 4.0679265511656126e-15 1 0 
1 0.11459446534078355 -0.15996231005992123 -1 0 
1 0 -0.040487629744022202 0 1 
7 0 0  3 4 2  0.071937860356696692 -0.15996231005992123  0.046633084872110153 -0.1577933348198568  0.023497284626552206 -0.14622542090706925  0.0061454551280886172 -0.12742759872165688 
 33 4 34 4
1 0 7.5536096474926318e-12 1 -2.2204460492503131e-13 
7 0 0  3 4 2  0.0061454551280886172 -0.12742759872165688  -0.011206401951086686 -0.10862977653624895  -0.02060531304379043 -0.084047983604433663  -0.02060531304379043 -0.058743208119502066 
 34 4 35 4
1 0 4.0679265511656126e-15 1 0 
7 0 0  3 7 3  0.28449797167337176 -0.16430031569939829  0.26859212107115416 -0.16430031569939829  0.25630122460524696 -0.15128640910035585  0.25630122460524696 -0.13610355484126679  0.25630122460524696 -0.12019769044903561  0.26931510362427247 -0.10790679398313263  0.28449797167337176 -0.10790679398313263 
 0 4 1 3 2 4
1 -1.2128671769682309e-15 4.0679265511656126e-15 1 0 
7 0 0  3 6 3  0.28449797167337176 -0.10790679398313263  0.29968083972212511 -0.10790679398313263  0.31269471874149657 -0.12019769044903561  0.31269471874149657 -0.15200941923348998  0.29968083972212511 -0.16430031569939829  0.28449797167337176 -0.16430031569939829 
 2 4 3 2 4 4
1 -4.2188474935755949e-15 4.0679265511656126e-15 1 0 
7 0 0  3 4 2  -0.02060531304379043 -0.058743208119502066  -0.019882330490327726 -0.015363620582297344  0.0097604230544083848 0.022955047711669563  0.050971035351548455 0.035968926731387407 
 35 4 36 4
1 0 0.99999999999999523 1 0 
7 0 0  3 4 2  0.0061454551280886172 -0.12742759872165688  -0.011206401951086686 -0.10862977653624895  -0.02060531304379043 -0.084047983604433663  -0.02060531304379043 -0.058743208119502066 
 34 4 35 4
1 0 0.99999999999999523 1 0 
7 0 0  3 4 2  0.071937860356696692 -0.15996231005992123  0.046633084872110153 -0.1577933348198568  0.023497284626552206 -0.14622542090706925  0.0061454551280886172 -0.12742759872165688 
 33 4 34 4
1 0 1.0000000000074385 1 -2.2215562722749382e-13 
1 0.074106835596761345 -0.15996231005992123 -1 0 
1 -0.00099999999999988987 0 0 1 
7 0 0  3 4 2  0.13556129034593178 -0.13754951994749987  0.13556129034593178 -0.14911740628026826  0.12616237925357332 -0.15923932750680492  0.11459446534078355 -0.15996231005992123 
 28 4 29 4
1 0 0.99999999999999523 1 0 
7 0 0  3 4 2  0.11314850023420253 -0.11513672983577172  0.12543939670010906 -0.11513672983577172  0.13556129034593178 -0.12525865106161116  0.13556129034593178 -0.13754951994749987 
 27 4 28 4
1 3.5527136788005009e-15 0.99999999999999523 1 0 
7 0 0  3 4 2  0.10881054975441762 -0.11585971238888804  0.1102565424410189 -0.11585971238888804  0.11170253512761996 -0.11513672983577172  0.11314850023420253 -0.11513672983577172 
 26 4 27 4
1 -7.1054273576010019e-15 1.0000000000058835 1 -2.2215562722749382e-13 
1 0.076275838416499431 -0.11585971238888804 1 0 
1 0.00099999999999988987 0 -0 -1 
7 0 0  3 4 2  0.024220294760034067 -0.059466218252639758  0.024220294760034067 -0.089108958007710681  0.046633084872110153 -0.11369073714882361  0.076275838416499431 -0.11585971238888804 
 24 4 25 4
1 3.5527136788005009e-15 0.99999999999999523 1 0 
7 0 0  3 4 2  0.080613788896283456 -0.0030727241163899244  0.049525070244965885 -0.0030727241163899244  0.024220294760034067 -0.028377499601321965  0.024220294760034067 -0.059466218252639758 
 23 4 24 4
1 0 0.99999999999999523 1 0 
7 0 0  3 4 2  0.086397732062669208 -0.0030727241163899244  0.084228756822950501 -0.0030727241163899244  0.082782764136348552 -0.0030727241163899244  0.080613788896283456 -0.0030727241163899244 
 22 4 23 4
7 0 0  3 4 2  -0.00099999999999988987 0  -0.00099999999999988987 0.0021689752397187068  -0.00099999999999988987 0.0036149679263206558  -0.00099999999999988987 0.0057839431663857521 
 22 4 23 4
7 0 0  3 4 2  0.18761683400274354 0.087301474044379379  0.13556129034593178 0.087301474044379379  0.092181675229053628 0.047536826853474379  0.086397732062669208 -0.0030727241163899244 
 21 4 22 4
1 0 0.99999999999999523 1 0 
7 0 0  3 4 2  0.28449795788336218 0.017894128468431303  0.27076109631087308 0.058381730633127349  0.2331654243600334 0.087301474044379379  0.18761683400274354 0.087301474044379379 
 20 4 21 4
1 0 0.99999999999999523 1 0 
7 0 0  3 4 2  0.32281661238766568 0.028739032248083829  0.30907973702482061 0.028739032248083829  0.29534286166232171 0.024401067978636837  0.28449795788336218 0.017894128468431303 
 19 4 20 4
1 3.5527136788005009e-15 0.99999999999999523 1 0 
7 0 0  3 4 2  0.39511597091614292 -0.043560326280392525  0.39511597091614292 -0.0037956790894881909  0.36258125957822451 0.028739032248083829  0.32281661238766568 0.028739032248083829 
 18 4 19 4
1 -3.5527136788005009e-15 0.99999999999999523 1 0 
7 0 0  3 4 2  0.35173635579891771 -0.11007574164248157  0.37704113128384975 -0.098507841520396822  0.39511597091614292 -0.073203066035465225  0.39511597091614292 -0.043560326280392525 
 17 4 18 4
1 0 0.99999999999999523 1 0 
7 0 0  3 4 2  0.28377496153988813 -0.062358162255812699  0.31486369398121528 -0.062358162255812699  0.3416144483627388 -0.082601977127476856  0.35173635579891771 -0.11007574164248157 
 16 4 17 4
1 0 0.99999999999999523 1 0 
7 0 0  3 4 2  0.22955044264335744 -0.086939941397615295  0.2425643216627289 -0.071757073348517109  0.26208515398127585 -0.062358162255812699  0.28377496153988813 -0.062358162255812699 
 15 4 16 4
1 -3.5527136788005009e-15 1.0000000000034397 1 -2.2215562722749304e-13 
1 0.13266930497307605 -0.036330390427753212 0.88634884279586212 -0.46301806538669316 
1 0 -0.00099999999999988987 -1 0 
1 0.11025651486099974 -0.074649058721719674 0.50488304864992462 0.86318775894121547 
1 0 -0.00099999999999988987 -1 0 
1 0.21147561680107474 -0.12815058127477719 -0.88409495024788065 0.46730730675455695 
1 -0 -0.00099999999999988987 -1 0 
7 0 0  3 4 2  0.21147561680107474 -0.13538051712811039  0.21147561680107474 -0.13321154188804152  0.21147561680107474 -0.13104256664797709  0.21147561680107474 -0.12815058127477719 
 11 4 12 4
7 0 0  3 4 2  -0.00099999999999988987 0  -0.00099999999999988987 0.0021689752400688711  -0.00099999999999988987 0.0043379504801333013  -0.00099999999999988987 0.0072299358533332025 
 11 4 12 4
7 0 0  3 4 2  0.28377497532989793 -0.20767987565658408  0.24401032813933976 -0.20767987565658408  0.21147561680107474 -0.17514516431901339  0.21147561680107474 -0.13538051712811039 
 10 4 11 4
1 0 0.99999999999999523 1 0 
7 0 0  3 4 2  0.35245937282740614 -0.15851631737297622  0.34306045483969627 -0.18743606078492081  0.31558670411469936 -0.20767987565658408  0.28377497532989793 -0.20767987565658408 
 9 4 10 4
1 0 0.99999999999999523 1 0 
7 0 0  3 4 2  0.4102988596499102 -0.12381263079533755  0.39439300215303419 -0.14116448787451241  0.37487216983414062 -0.15273237420659247  0.35245937282740614 -0.15851631737297622 
 8 4 9 4
1 5.3290705182007514e-15 0.99999999999999523 1 0 
7 0 0  3 4 2  0.440664588853105 -0.045006346546666576  0.440664588853105 -0.073926089958612051  0.42981968507414536 -0.10212285081674399  0.4102988596499102 -0.12381263079533755 
 7 4 8 4
1 0 0.99999999999999523 1 0 
7 0 0  3 4 2  0.40668387103857562 0.037414912522637289  0.42837369755862476 0.01572511185903025  0.440664588853105 -0.01391762789604245  0.440664588853105 -0.045006346546666576 
 6 4 7 4
1 0 0.99999999999999523 1 0 
7 0 0  3 4 2  0.3235396087307929 0.072118605995280083  0.35462833427711504 0.072118605995280083  0.38427106713683701 0.05982771642507001  0.40668387103857562 0.037414912522637289 
 5 4 6 4
1 -8.8817841970012523e-16 0.99999999999999523 1 0 
7 0 0  3 4 2  0.30691076178510168 0.070672620204029535  0.31269470495148677 0.071395616547156981  0.31775566556440782 0.072118605995280083  0.3235396087307929 0.072118605995280083 
 4 4 5 4
1 -1.7674750552032492e-13 0.99999999999999523 1 0 
7 0 0  3 4 2  0.27509904679065711 0.10248433864563045  0.28738994325656453 0.093808413553892356  0.29751185069239683 0.082963509774932165  0.30691076178510168 0.070672620204029535 
 3 4 4 4
1 3.1086244689504383e-15 0.99999999999999523 1 0 
7 0 0  3 4 2  0.18833981655620757 0.13068108916160392  0.22015153155065326 0.13068108916160392  0.24979427130537912 0.12055917914005887  0.27509904679065711 0.10248433864563045 
 2 4 3 4
1 -4.4408920985006262e-16 0.99999999999999523 1 0 
7 0 0  3 4 2  0.090012699988988087 0.093085420657920359  0.11748645071398589 0.11694421121373844  0.1521901372919694 0.13068108916160392  0.18833981655620757 0.13068108916160392 
 1 4 2 4
1 -1.7763568394002505e-15 0.99999999999999523 1 0 
7 0 0  3 4 2  0.050971035351548455 0.035968926731387407  0.058923953757651581 0.057658734289306901  0.072660842910160062 0.077179559713542734  0.090012699988988087 0.093085420657920359 
 0 4 1 4
1 -1.1349546337115495e-15 0.99999999999999523 1 0 
7 0 0  3 6 3  0.28449797167337176 -0.10790679398313263  0.29968083972212511 -0.10790679398313263  0.31269471874149657 -0.12019769044903561  0.31269471874149657 -0.15200941923348998  0.29968083972212511 -0.16430031569939829  0.28449797167337176 -0.16430031569939829 
 2 4 3 2 4 4
1 -4.2188474935755949e-15 0.99999999999999523 1 0 
7 0 0  3 7 3  0.28449797167337176 -0.16430031569939829  0.26859212107115416 -0.16430031569939829  0.25630122460524696 -0.15128640910035585  0.25630122460524696 -0.13610355484126679  0.25630122460524696 -0.12019769044903561  0.26931510362427247 -0.10790679398313263  0.28449797167337176 -0.10790679398313263 
 0 4 1 3 2 4
1 -1.2128671769682309e-15 0.99999999999999523 1 0 
7 0 0  1 2 2  35 4.0679265511656126e-15  35 0.99999999999999523 
 -0 2 0.00099999999999988987 2
7 0 0  1 2 2  35 4.0679265511656126e-15  35 0.99999999999999523 
 -0 2 0.00099999999999988987 2
7 0 0  1 2 2  36 4.0679265511656126e-15  36 0.99999999999999523 
 -0 2 0.00099999999999988987 2
7 0 0  1 2 2  -1.1349546337115495e-15 4.0679265511656126e-15  -1.1349546337115495e-15 0.99999999999999523 
 -0 2 0.00099999999999988987 2
7 0 0  1 2 2  0.999999999999999 4.0679265511656126e-15  0.999999999999999 0.99999999999999523 
 -0 2 0.00099999999999988987 2
7 0 0  1 2 2  0.99999999999999822 4.0679265511656126e-15  0.99999999999999822 0.99999999999999523 
 -0 2 0.00099999999999988987 2
7 0 0  1 2 2  1.9999999999999996 4.0679265511656126e-15  1.9999999999999996 0.99999999999999523 
 -0 2 0.00099999999999988987 2
7 0 0  1 2 2  1.9999999999999996 4.0679265511656126e-15  1.9999999999999996 0.99999999999999523 
 -0 2 0.00099999999999988987 2
7 0 0  1 2 2  3 4.0679265511656126e-15  3 0.99999999999999523 
 -0 2 0.00099999999999988987 2
7 0 0  1 2 2  3.0000000000000031 4.0679265511656126e-15  3.0000000000000031 0.99999999999999523 
 -0 2 0.00099999999999988987 2
7 0 0  1 2 2  4.0000000000000036 4.0679265511656126e-15  4.0000000000000036 0.99999999999999523 
 -0 2 0.00099999999999988987 2
7 0 0  1 2 2  3.9999999999998233 4.0679265511656126e-15  3.9999999999998233 0.99999999999999523 
 -0 2 0.00099999999999988987 2
7 0 0  1 2 2  5.0000000000000053 4.0679265511656126e-15  5.0000000000001847 0.99999999999999523 
 -0 2 0.00099999999999988987 2
7 0 0  1 2 2  4.9999999999999991 4.0679265511656126e-15  4.9999999999999991 0.99999999999999523 
 -0 2 0.00099999999999988987 2
7 0 0  1 2 2  6.0000000000000009 4.0679265511656126e-15  5.9999999999999991 0.99999999999999523 
 -0 2 0.00099999999999988987 2
7 0 0  1 2 2  6 4.0679265511656126e-15  6 0.99999999999999523 
 -0 2 0.00099999999999988987 2
7 0 0  1 2 2  6.9999999999999982 4.0679265511656126e-15  6.9999999999999982 0.99999999999999523 
 -0 2 0.00099999999999988987 2
7 0 0  1 2 2  7 4.0679265511656126e-15  7 0.99999999999999523 
 -0 2 0.00099999999999988987 2
7 0 0  1 2 2  7.9999999999999982 4.0679265511656126e-15  7.9999999999999982 0.99999999999999523 
 -0 2 0.00099999999999988987 2
7 0 0  1 2 2  8.0000000000000053 4.0679265511656126e-15  8.0000000000000053 0.99999999999999523 
 -0 2 0.00099999999999988987 2
7 0 0  1 2 2  9.0000000000000018 4.0679265511656126e-15  9 0.99999999999999523 
 -0 2 0.00099999999999988987 2
7 0 0  1 2 2  9 4.0679265511656126e-15  9 0.99999999999999523 
 -0 2 0.00099999999999988987 2
7 0 0  1 2 2  10 4.0679265511656126e-15  10 0.99999999999999523 
 -0 2 0.00099999999999988987 2
7 0 0  1 2 2  10 4.0679265511656126e-15  10 0.99999999999999523 
 -0 2 0.00099999999999988987 2
7 0 0  1 2 2  11.000000000000002 4.0679265511656126e-15  11.000000000000002 0.99999999999999523 
 -0 2 0.00099999999999988987 2
1 0 0 -1 0 
1 0 0.0072299358533332025 -1 0 
1 0 2.2204460492503131e-16 0 -1 
1 -0.11448894930538327 0 0 -1 
1 0 0 0 -1 
1 -0.04439204321081669 0 0 -1 
1 0 0 0 -1 
1 -0.10930362064295529 0 0 -1 
7 0 0  1 2 2  14.999999999999996 2.2613768496659858e-13  14.999999999999996 1.0000000000001075 
 -0 2 0.00099999999999988987 2
7 0 0  1 2 2  16 4.0930800415672763e-15  16 0.99999999999988531 
 -0 2 0.00099999999999988987 2
7 0 0  1 2 2  16 4.0679265511656126e-15  16 0.99999999999999523 
 -0 2 0.00099999999999988987 2
7 0 0  1 2 2  17 4.0679265511656126e-15  17 0.99999999999999523 
 -0 2 0.00099999999999988987 2
7 0 0  1 2 2  17 4.0679265511656126e-15  17 0.99999999999999523 
 -0 2 0.00099999999999988987 2
7 0 0  1 2 2  18 4.0679265511656126e-15  18.000000000000004 0.99999999999999523 
 -0 2 0.00099999999999988987 2
7 0 0  1 2 2  17.999999999999996 4.0679265511656126e-15  17.999999999999996 0.99999999999999523 
 -0 2 0.00099999999999988987 2
7 0 0  1 2 2  19 4.0679265511656126e-15  19 0.99999999999999523 
 -0 2 0.00099999999999988987 2
7 0 0  1 2 2  19.000000000000004 4.0679265511656126e-15  19.000000000000004 0.99999999999999523 
 -0 2 0.00099999999999988987 2
7 0 0  1 2 2  20 4.0679265511656126e-15  20.000000000000004 0.99999999999999523 
 -0 2 0.00099999999999988987 2
7 0 0  1 2 2  20 4.0679265511656126e-15  20 0.99999999999999523 
 -0 2 0.00099999999999988987 2
7 0 0  1 2 2  21 4.0679265511656126e-15  21 0.99999999999999523 
 -0 2 0.00099999999999988987 2
7 0 0  1 2 2  21 4.0679265511656126e-15  21 0.99999999999999523 
 -0 2 0.00099999999999988987 2
7 0 0  1 2 2  22 4.0679265511656126e-15  22 0.99999999999999523 
 -0 2 0.00099999999999988987 2
1 0 0 -1 0 
1 0 0.0057839431663857521 -1 0 
7 0 0  1 2 2  23 4.0679265511656126e-15  23 0.99999999999999523 
 -0 2 0.00099999999999988987 2
7 0 0  1 2 2  24 4.0679265511656126e-15  24 0.99999999999999523 
 -0 2 0.00099999999999988987 2
7 0 0  1 2 2  24.000000000000004 4.0679265511656126e-15  24.000000000000004 0.99999999999999523 
 -0 2 0.00099999999999988987 2
7 0 0  1 2 2  25 4.0679265511656126e-15  25 0.99999999999999523 
 -0 2 0.00099999999999988987 2
1 -2.2204460492503131e-16 0 1 0 
1 -0 -0.032534711337918187 1 0 
7 0 0  1 2 2  25.999999999999993 2.2613768496659858e-13  25.999999999999993 1.0000000000001075 
 -0 2 0.00099999999999988987 2
7 0 0  1 2 2  26.999999999999993 4.0930800415672763e-15  26.999999999999993 0.99999999999988531 
 -0 2 0.00099999999999988987 2
7 0 0  1 2 2  27.000000000000004 4.0679265511656126e-15  27.000000000000004 0.99999999999999523 
 -0 2 0.00099999999999988987 2
7 0 0  1 2 2  27.999999999999993 4.0679265511656126e-15  27.999999999999993 0.99999999999999523 
 -0 2 0.00099999999999988987 2
7 0 0  1 2 2  28 4.0679265511656126e-15  28 0.99999999999999523 
 -0 2 0.00099999999999988987 2
7 0 0  1 2 2  29.000000000000004 4.0679265511656126e-15  29.000000000000004 0.99999999999999523 
 -0 2 0.00099999999999988987 2
1 2.2204460492503131e-16 -0.040487629744022202 -1 0 
1 0 0.0021689752400646523 -1 0 
7 0 0  1 2 2  33 2.2613768496659858e-13  33 1.0000000000001075 
 -0 2 0.00099999999999988987 2
7 0 0  1 2 2  34 4.0930800415672763e-15  34 0.99999999999988531 
 -0 2 0.00099999999999988987 2
7 0 0  1 2 2  34 4.0679265511656126e-15  34 0.99999999999999523 
 -0 2 0.00099999999999988987 2
7 0 0  1 2 2  -1.2128671769682309e-15 4.0679265511656126e-15  -1.2128671769682309e-15 0.99999999999999523 
 -0 2 0.00099999999999988987 2
7 0 0  1 2 2  3.9999999999999996 4.0679265511656126e-15  3.9999999999999996 0.99999999999999523 
 -0 2 0.00099999999999988987 2
7 0 0  1 2 2  2 4.0679265511656126e-15  2 0.99999999999999523 
 -0 2 0.00099999999999988987 2
7 0 0  1 2 2  1.9999999999999958 4.0679265511656126e-15  1.9999999999999958 0.99999999999999523 
 -0 2 0.00099999999999988987 2
Curves 1437
1 -2.0375816101421336 2.1499999999999999 0.98999999999999999 -0 -0 1 
2 -2.1499999999999986 2.1499999999999999 1 0 0 1 1 0 -0 -0 1 0 0.11241838985786515
1 -2.262418389857864 2.1499999999999999 0.98999999999999999 -0 -0 1 
2 -2.1499999999999986 2.1499999999999999 0.98999999999999999 0 0 1 1 0 -0 -0 1 0 0.11241838985786515
1 -0.31917245847980569 0.10349624557799997 0 -1 0 0 
1 -0.34600172677248864 0.10349624557799997 0 -0.36354248565270653 -0.93157761948506013 0 
1 -0.42405050726029353 -0.096503754422000071 0 1 0 0 
1 -0.39478221457736673 -0.096503754422000071 0 0.33933037727487775 0.94066726054354044 0 
1 -0.37454593408956183 -0.040406193446390307 0 1 0 0 
1 -0.29192398287004961 -0.040406193446390307 0 0.32220248560611264 -0.94667077607225347 0 
1 -0.27283099506517161 -0.096503754422000071 0 1 0 0 
1 -0.24356270238224476 -0.096503754422000071 0 -0.35362239232907561 0.93538826358013571 0 
1 2.5000000000000009 -2.5 0 0 1 0 
1 -2.4999999999999991 -2.5 0 1 0 0 
1 -2.4999999999999991 -2.5 0 -0 -1 -0 
1 -2.4999999999999991 2.5 0 -1 -0 -0 
7 0 0  3 19 17  -0.22892855604078122 0.006011489480438963 0  -0.22884778260025221 0.0022339725791690498 -0  -0.2286894514808448 -0.0051706702791930754 0  -0.22724229575443933 -0.015977109294938726 0  -0.22493215653774054 -0.02621651588339247 0  -0.22168940416572297 -0.035883072851147196 0  -0.21749098694367419 -0.044969807921037372 0  -0.21228557501094178 -0.053443523325696157 0  -0.20621346492311535 -0.061368828345228915 0  -0.19923305500944127 -0.068637139798846739 0  -0.19151322469580859 -0.075142252628567038 0  -0.18325825743977489 -0.080927615080549173 0  -0.17439722198778765 -0.085734480212977568 0  -0.16500580029528522 -0.089661917735590124 0  -0.15510041798059326 -0.092780068348247119 0  -0.14463814643403494 -0.094903064039462234 0  -0.1336665343269578 -0.09629874776113824 0  -0.12616371163170476 -0.096434493346768957 -0  -0.12233556823590315 -0.096503754422000071 1.6940658945086007e-18 
 0 4 0.068068695844994018 1 0.13342743281895506 1 0.19614603381315651 1 0.25704859244931272 1 0.31688266315916197 1 0.37618720866632144 1 0.43596033536354611 1 0.49653523686272621 1 0.55746534348073307 1 0.61768686341014678 1 0.67794364069690605 1 0.73880528480604024 1 0.80094933676658409 1 0.86481466747022662 1 0.93102478107865716 1 1 4
1 -0.12233556823590315 -0.096503754422000071 0 1 0 0 
1 -0.067952946284683638 -0.096503754422000071 0 0 1 0 
1 -0.067952946284683638 0.10349624557799997 0 -1 0 0 
7 0 0  3 19 17  -0.12439349506517146 0.10349624557799997 0  -0.12806786787844138 0.1034143471874835 -0  -0.13527228100268957 0.10325376744517736 0  -0.14583710983991585 0.10203397639658834 0  -0.15591627844188288 0.099917242434826123 0  -0.16553750384797836 0.09702954268890332 0  -0.17471193065771309 0.093340537779871197 0  -0.1833531282186755 0.088719199434822829 0  -0.19155590902960404 0.083326141715041407 0  -0.19921353152315188 0.077149668058266105 0  -0.20619318663484482 0.070282037160697627 0  -0.21227761081667471 0.062771102428095485 0  -0.21748682288440779 0.054717321507506599 0  -0.22167886774262535 0.046057013936845102 0  -0.22493386543249216 0.036836841452648095 0  -0.22723882826294964 0.027063489863216751 0  -0.22869261780311051 0.016725889645832877 0  -0.22884872246202634 0.0096368827946357958 -0  -0.22892855604078122 0.006011489480438963 0 
 0 4 0.068631178676601165 1 0.13456646603867722 1 0.19832815401088114 1 0.26078976664084502 1 0.32199915148415842 1 0.38272174650301966 1 0.44353747403572874 1 0.5051334294849249 1 0.56621387476467178 1 0.62610586461754558 1 0.68534932216051658 1 0.74499587034779735 1 0.80541584181456272 1 0.86763626634595314 1 0.93230778230232925 1 1 4
1 0.051559248837267556 -0.074552534909804957 0 -1 0 0 
1 -0.028928556040781241 -0.074552534909804957 0 0 -1 0 
1 -0.028928556040781241 -0.096503754422000071 0 1 0 0 
1 0.0783885171299505 -0.096503754422000071 0 0 1 0 
1 0.0783885171299505 0.10349624557799997 0 -1 0 0 
1 -0.024050507260293438 0.10349624557799997 0 0 -1 0 
1 -0.024050507260293438 0.08154502606580484 0 1 0 0 
1 0.051559248837267556 0.08154502606580484 0 0 -1 0 
1 0.051559248837267556 0.015691367529219458 0 -1 0 0 
1 -0.019172458479805619 0.015691367529219458 0 0 -1 0 
1 -0.019172458479805619 -0.0062598519829756743 0 1 0 0 
1 0.051559248837267556 -0.0062598519829756743 0 0 -1 0 
7 0 0  3 11 9  0.16874674883726759 -0.076991559300048848 0  0.16633166472411628 -0.076959851190564754 -0  0.16156974902529778 -0.07689733107231711 0  0.15454737265709523 -0.076255736082545003 0  0.14774532690073203 -0.075290092219539362 0  0.14119317673000864 -0.073868749275149817 0  0.1348684579344748 -0.072089548705150788 0  0.12880702733758126 -0.069854736483676405 0  0.12294411564660435 -0.067302118806360237 0  0.11925137339962025 -0.065222192086875852 -0  0.11741290737385296 -0.064186681251268349 3.3881317890172014e-18 
 0 4 0.13529460476342914 1 0.26676565792474827 1 0.39481601883587236 1 0.52005165443424617 1 0.64217570297082172 1 0.7626518205584234 1 0.88183400438050219 1 1 4
1 0.11741290737385296 -0.064186681251268349 0 0 -1 0 
7 0 0  3 11 9  0.11741290737385297 -0.08613790076346349 0  0.1192895855288508 -0.087173750697442057 -0  0.12307016024333861 -0.089260474016501432 0  0.12911609314025779 -0.09183529203893985 0  0.13547787972484146 -0.094056193760998399 0  0.14221120222071382 -0.095827163673272459 0  0.14927129948330856 -0.097250446823089781 0  0.15669558133037817 -0.098214487500443218 0  0.16445463511660793 -0.098849084102725776 0  0.16974899645201258 -0.098911178050165346 -0  0.172443395178731 -0.098942778812243962 0 
 0 4 0.11244838990880067 1 0.22652767521267789 1 0.34440194932602819 1 0.46586497248745873 1 0.5916594493521169 1 0.72216848702488767 1 0.85860638755492646 1 1 4
7 0 0  3 19 17  0.172443395178731 -0.098942778812243962 0  0.17591520748903125 -0.098865347395273709 -0  0.18270472642203509 -0.098713921562152168 0  0.19262321879513009 -0.097440211110363731 0  0.20200647415114487 -0.095313708131014863 0  0.21085123339860395 -0.092325893268627945 0  0.21918843965037901 -0.088550477728719129 0  0.22697490534664364 -0.083883691649815642 0  0.23415910308095861 -0.078288782573750215 0  0.24083609867930308 -0.071991284367189365 0  0.24679376900629335 -0.064945262954973729 0  0.25200858507090512 -0.05732392599146173 0  0.25642029478631967 -0.049150978465993117 0  0.26000009908624166 -0.040421933528532288 0  0.26278982577000953 -0.031154510410035214 0  0.26474073313505792 -0.021340367123527965 0  0.26600856059509675 -0.010993272746417239 0  0.26613088548037028 -0.0039009134150296779 -0  0.26619339517873103 -0.00027662027565857658 0 
 0 4 0.067833248455773584 1 0.13265553650790413 1 0.19505088405082785 1 0.25558293306877716 1 0.31479983414728996 1 0.37360047282637454 1 0.43254559532674353 1 0.4924306292835654 1 0.5526712559629694 1 0.61251304418811636 1 0.67261025035700639 1 0.73383836931394597 1 0.79659423856777389 1 0.8614497992905733 1 0.9291989423509055 1 1 4
7 0 0  3 19 17  0.26619339517873103 -0.00027662027565857658 0  0.26610629048769846 0.0036144819463008329 -0  0.26593581802771993 0.011229752260018348 0  0.26458079489055514 0.022365143935444896 0  0.26235742320986416 0.032923943026483923 0  0.25917548634200249 0.042890121562372659 0  0.2551235482982907 0.052277149479122396 0  0.25019816533564798 0.061097517057907641 0  0.24431930510065469 0.069305779015364527 0  0.23758059020252356 0.076846144219429161 0  0.23020499925800525 0.08368084551967625 0  0.22224676782268679 0.089644930081195479 0  0.21380189184105505 0.094685079859125526 0  0.20488232462128259 0.098834531141141324 0  0.19545527635433216 0.10200198371408561 0  0.18556485359813549 0.10427676401161874 0  0.1751769939732627 0.10568634968987967 0  0.16809069154828354 0.1058512249655532 -0  0.16447845615434079 0.10593526996824387 0 
 0 4 0.070643718575354147 1 0.1382567155089047 1 0.20336412421758021 1 0.26632409380305683 1 0.32790476154298948 1 0.3887377151730923 1 0.44942352810930247 1 0.51086101145931562 1 0.57207939604751468 1 0.63173442873144536 1 0.6911172105788379 1 0.75036002949017067 1 0.81003290053126209 1 0.8713624508287362 1 0.93442714123115345 1 1 4
7 0 0  3 11 9  0.16447845615434079 0.10593526996824387 0  0.16215308402957651 0.10591860108112218 -0  0.15761335145997726 0.10588605906818611 0  0.15095350246624301 0.10547797921502765 0  0.14460404704063587 0.10490123747139589 0  0.13855579677252083 0.10400191312421052 0  0.13280906287635319 0.10293136124583446 0  0.12738537348411844 0.10153584554075495 0  0.12225063421724064 0.099972180683687781 0  0.11900493207598375 0.098654678626125883 -0  0.11741290737385297 0.098008440699951196 0 
 0 4 0.14518686647246976 1 0.28344261091972972 1 0.41652436592882869 1 0.54318112353508274 1 0.66515308263771378 1 0.78136020631271541 1 0.89275665564180906 1 1 4
1 0.11741290737385296 0.098008440699951183 0 0 -1 0 
7 0 0  3 11 9  0.11741290737385296 0.071179172407268246 0  0.1191889844994047 0.072211207005564063 -0  0.12272498527394024 0.074265889815460479 0  0.12828647159670023 0.076834647700679853 0  0.13395512022689082 0.079062675335497656 0  0.13977061453787479 0.08084127550143437 0  0.14569635353671162 0.082277508785683545 0  0.15176341060475648 0.083240830928246357 0  0.15796029081832236 0.083888957646057749 0  0.16213937167587095 0.083952142336780985 -0  0.16424979761775541 0.083984050456048731 0 
 0 4 0.12527969673562597 1 0.2494199707420513 1 0.37335679949281936 1 0.49668127878228613 1 0.62020291574398256 1 0.74508632016145604 1 0.87126919501909783 1 1 4
7 0 0  3 19 17  0.16424979761775541 0.083984050456048731 0  0.16695966999065745 0.083925783238853233 -0  0.17227431814069355 0.08381150857367986 0  0.18003861368299393 0.082689542636591007 0  0.18744409231934869 0.081010954790136896 0  0.19446105858307297 0.078554211334358096 0  0.20108154467643288 0.075383405265319031 0  0.2072998094761774 0.071486643802897154 0  0.21315404168758856 0.066947473327987631 0  0.2185549369875078 0.061709265877166464 0  0.22347665494267835 0.055916645121857129 0  0.22770122100976803 0.049531302987808223 0  0.23136456105395961 0.04272606697025165 0  0.23429815663873232 0.035381540923604939 0  0.23657005648760659 0.027554076149777486 0  0.23820988929350681 0.01925435321656602 0  0.23915998582999778 0.010467064532735361 0  0.23929486399015909 0.0044513174251002109 -0  0.23936412688604811 0.0013620992365365415 0 
 0 4 0.064603970288392112 1 0.12670241396294715 1 0.18675681403561817 1 0.24550568736543732 1 0.3036520244499753 1 0.36150307397062531 1 0.42024022292846747 1 0.48003334077669618 1 0.54067813477551596 1 0.60119180638078173 1 0.66233350247744238 1 0.72473951029723183 1 0.78946773617288668 1 0.85650486004383075 1 0.92631209583919027 1 1 4
7 0 0  3 19 17  0.23936412688604811 0.0013620992365365415 0  0.23930856291602279 -0.0015621419026177062 -0  0.23920004779337747 -0.0072731158613653151 0  0.23826773046871691 -0.015608651445929796 0  0.2367574816200626 -0.023489995814863825 0  0.23463501328051994 -0.030910202050782126 0  0.23186739224273248 -0.03786240326608846 0  0.22852420302558377 -0.044365071436822355 0  0.22452699947495566 -0.05038884176369969 0  0.21996401951547512 -0.055905513613077835 0  0.21489790984460391 -0.060852644035107449 0  0.20943475825663563 -0.06519733609961112 0  0.20356266222915229 -0.068823801465766166 0  0.1973363780938886 -0.071830981642047056 0  0.1907277742834175 -0.074155946680668425 0  0.18372448022119203 -0.075785828710030659 0  0.17635999900406985 -0.076795342571583908 0  0.171316083839511 -0.07692533968327217 -0  0.16874674883726759 -0.076991559300048848 0 
 0 4 0.073774119374063613 1 0.14407911472604137 1 0.21134851830891152 1 0.27607688573988381 1 0.33852091581967658 1 0.39988511669313359 1 0.46025406746521308 1 0.52058896439124791 1 0.58020768456304417 1 0.63863290855254573 1 0.69636454949052384 1 0.7540017746600125 1 0.81280568137449793 1 0.87275442552556037 1 0.93518199697826709 1 1 4
1 0.35887632200799924 -0.074552534909804957 0 -1 0 0 
1 0.28326656591043831 -0.074552534909804957 0 0 -1 0 
1 0.28326656591043831 -0.096503754422000071 0 1 0 0 
1 0.38570559030068224 -0.096503754422000071 0 0 1 0 
1 0.38570559030068224 0.10349624557799997 0 -1 0 0 
1 0.35887632200799924 0.10349624557799997 0 0 -1 0 
1 0.010454874722776165 0.24885234500886505 1 0 -1 0 
1 0.010454874722776165 0.2049499059844748 1 -1 0 0 
1 -0.14076463747234583 0.2049499059844748 1 0 -1 0 
1 -0.14076463747234583 0.06836454013081622 1 1 0 0 
1 0.00069877716180052961 0.06836454013081622 1 0 -1 0 
1 0.00069877716180052961 0.024462101106425962 1 -1 0 0 
1 -0.14076463747234583 0.024462101106425962 1 0 -1 0 
1 -0.14076463747234583 -0.15114765499113503 1 -1 0 0 
1 -0.1944231740577117 -0.15114765499113503 1 0 1 0 
1 -0.1944231740577117 0.24885234500886505 1 1 0 0 
1 0.50313780155204479 -0.13529399645454965 1 0 1 0 
7 0 0  3 11 9  0.50313780155204479 -0.081635459869183802 1  0.50652563892388647 -0.084087865366455308 1  0.51324450062141214 -0.08895155023497095 0.99999999999999978  0.52399069888592609 -0.095067517915534583 1.0000000000000002  0.53498391920834298 -0.10040997652039019 1  0.5463646438193831 -0.10462443626043369 1.0000000000000002  0.55801411260927236 -0.10805613868053354 0.99999999999999956  0.57001277380524196 -0.11035925835813989 1.0000000000000002  0.58234087501322584 -0.11189257389068848 1  0.59068387144954237 -0.11204574694402505 1  0.59490609423497154 -0.11212326474723258 1 
 0 4 0.12736348106366838 1 0.25259111363925685 1 0.37621931245981655 1 0.4994590020152484 1 0.62197425529753736 1 0.74587610478869792 1 0.8713930050344274 1 1 4
7 0 0  3 19 17  0.59490609423497154 -0.11212326474723258 1  0.59823664146625188 -0.11206806570442578 1  0.60473302020844577 -0.11196039754559835 1.0000000000000002  0.61418244545210365 -0.11102923998153193 0.99999999999999978  0.62311503440448801 -0.10953892619533086 0.99999999999999978  0.63148500819575371 -0.10729965814523904 1  0.63937883129403894 -0.10457375384604166 1.0000000000000004  0.64675094729461691 -0.10125490646938619 0.99999999999999978  0.65347196825325105 -0.097126262695415869 1  0.65976598487750793 -0.092596178579209154 1.0000000000000002  0.66536774302566937 -0.087452148109052025 1.0000000000000002  0.67021018396635379 -0.081819645379637859 1  0.67436906548421249 -0.075828317496548087 1.0000000000000002  0.6778454150251404 -0.069413970280528342 1  0.68042045293484987 -0.062500529821873055 0.99999999999999978  0.68222511893689697 -0.055208866209729063 1.0000000000000002  0.68342731462817119 -0.04752857045574136 1  0.68355845467654197 -0.042260079740116197 1  0.68362560643009351 -0.039562289137476475 1 
 0 4 0.077336974205732184 1 0.15084916691681133 1 0.22030879536953885 1 0.28743582609259188 1 0.35181986518922381 1 0.41413447771823841 1 0.47475246156232431 1 0.53470913327527181 1 0.59401179757910139 1 0.6509112765374313 1 0.70689151875724954 1 0.76312310780344694 1 0.81989393097850838 1 0.87771308771341217 1 0.937381595489167 1 1 4
7 0 0  3 19 17  0.68362560643009351 -0.039562289137476475 1  0.6835272742979438 -0.036586335167242717 1  0.68333564289930193 -0.030786743425032539 1.0000000000000002  0.68215315074514749 -0.022356852779896116 0.99999999999999978  0.67998192662420698 -0.014513292766162162 1  0.67705013627809463 -0.0072337665832331154 1  0.67313754090735844 -0.00058405311588823321 1.0000000000000002  0.66849773314014871 0.0055485333369380873 0.99999999999999978  0.66294777875953814 0.011073368838218004 0.99999999999999978  0.65653176530233082 0.015992824202676042 1  0.64927927410066077 0.02030320856358438 1  0.64119526517054648 0.024088893770007898 1.0000000000000004  0.63224095666473434 0.027111399133005951 1.0000000000000002  0.62252694115303586 0.029872940296139586 0.99999999999999978  0.611897135470577 0.031750968003168137 1.0000000000000002  0.60045431015665596 0.033222660910443395 0.99999999999999956  0.58815950740003686 0.034033222945541355 1.0000000000000004  0.57968865870751052 0.034155238391953502 1.0000000000000002  0.57531767960082514 0.03421819866740157 1 
 0 4 0.060020573545180637 1 0.11696915549671819 1 0.17115928556705273 1 0.22377165343762032 1 0.2747368622464707 1 0.32627819887891646 1 0.3784446699555189 1 0.43214092470301468 1 0.48890022382699627 1 0.54826342140296969 1 0.61177909355208504 1 0.67926976690993335 1 0.75171776474957552 1 0.8291802767448383 1 0.91185659566593158 1 0.99999999999999989 4
1 0.57531767960082514 0.03421819866740157 1 -1 0 0 
1 0.54216219179594716 0.03421819866740157 1 0 1 0 
1 0.54216219179594716 0.078120637691791839 1 1 0 0 
7 0 0  3 19 17  0.57364085033253254 0.078120637691791839 1  0.57747797638293907 0.078191652198522477 0.99999999999999978  0.58493119370145197 0.078329590474325195 1  0.59575633211301859 0.079033964704378318 1.0000000000000002  0.60582296824475435 0.080448394786572452 1  0.61519492135408793 0.082209267332706296 1  0.62376962913861633 0.084663360218774616 1.0000000000000002  0.63165634241418822 0.087538894766207159 0.99999999999999956  0.6387663918820331 0.091036384063132317 1.0000000000000004  0.64511420786506157 0.095125329644243486 0.99999999999999978  0.65086086040229951 0.09957336480279122 1.0000000000000002  0.6556449934135169 0.10477950005660477 1  0.65986224382498648 0.11036907975399773 1  0.66320229485941373 0.11660159933887228 0.99999999999999978  0.66581739239756355 0.12336057600997576 1  0.66759426275227662 0.13064062268229998 1.0000000000000002  0.66880099670395921 0.13842122199476975 0.99999999999999956  0.6689265836052376 0.1437915310825485 1  0.66899146008863009 0.14656575964301133 1 
 0 4 0.086186631538145861 1 0.16740854649179757 1 0.24342110420875179 1 0.31436505675731052 1 0.38137511636661531 1 0.44348105915766312 1 0.50268050661790264 1 0.55886956135349719 1 0.61286933299762392 1 0.66534336992306786 1 0.71715246015654355 1 0.76974733733767386 1 0.82357501455829107 1 0.87948235989238188 1 0.93774222791254169 1 1 4
7 0 0  3 19 17  0.66899146008863009 0.14656575964301133 1  0.66892914132961223 0.14913385021480199 1  0.66880847290292533 0.15410646927479879 1  0.66798961718979699 0.16130828889027959 1  0.66652575701092731 0.16798885999874907 0.99999999999999978  0.66454589050045765 0.17419554556356612 0.99999999999999978  0.66205269315562809 0.1799522661336351 1  0.65891465540679373 0.18519492899537598 1.0000000000000002  0.65509359017057134 0.18985941590429303 1  0.65087612126743466 0.19416434805630914 1  0.64596703091854124 0.19785476372486097 1.0000000000000002  0.64053241475622169 0.20103971929884012 1.0000000000000002  0.63455058088607075 0.20382482165346755 0.99999999999999978  0.62796091751649075 0.20597995640555281 1  0.62083626989635332 0.20777042368461374 1  0.61312672667257584 0.20892448016383722 0.99999999999999978  0.60485727689926827 0.20973313661656456 1.0000000000000002  0.59915116921877132 0.20979564549883004 1  0.59620182594228865 0.20982795476496255 1 
 0 4 0.069731631019115489 1 0.13502204373132426 1 0.19645546758452884 1 0.25514321129202605 1 0.31167058328698166 1 0.36644915094685115 1 0.42042690242007863 1 0.47506192810670944 1 0.52970130909054425 1 0.58661047121561727 1 0.64587520087437278 1 0.70848649202300573 1 0.77457746620684642 1 0.84512335034520913 1 0.91994816240415511 1 0.99999999999999989 4
7 0 0  3 11 9  0.59620182594228865 0.20982795476496255 1  0.59274075850710717 0.20974975681088553 1.0000000000000002  0.58586392973453827 0.20959438453033219 1.0000000000000007  0.5756426102228861 0.20804108371438251 0.99999999999999956  0.56556858875831917 0.20573766754585965 1.0000000000000004  0.55567626248788793 0.2022959400031884 1.0000000000000002  0.54588386237800068 0.19804786773532596 1.0000000000000002  0.53629509600852132 0.19275056529202042 1  0.52682729634042036 0.18654647065980995 1  0.52083506562718707 0.18177780417304606 1  0.51777194789350811 0.1793401498869138 1 
 0 4 0.12078858530291969 1 0.23999602271992554 1 0.36030459309244922 1 0.48123974084634302 1 0.60520633102099808 1 0.73267047423339571 1 0.86334608090051224 1 0.99999999999999989 4
1 0.51777194789350811 0.1793401498869138 1 0 1 0 
7 0 0  3 11 9  0.51777194789350811 0.22324258891130408 1  0.52105639899779066 0.22569551623465475 1  0.52758289316179763 0.2305696992723342 1.0000000000000002  0.53811971453182128 0.23671289486464031 0.99999999999999978  0.5489922023367878 0.24199011123118644 1.0000000000000002  0.56029665900311931 0.24627687067818285 0.99999999999999978  0.57198895078268419 0.24966645173361401 1.0000000000000002  0.58413854195350678 0.2519737833284087 0.99999999999999978  0.59667112016784352 0.25349839842442445 1.0000000000000002  0.60516574992997796 0.25365244595027947 1  0.60946402106423991 0.2537303937893528 1 
 0 4 0.12480808531088299 1 0.24800467857179326 1 0.37090910558759493 1 0.49267476715690262 1 0.61590783249437964 1 0.74130264464697415 1 0.86909948918780655 1 1 4
7 0 0  3 19 17  0.60946402106423991 0.2537303937893528 1  0.61363466496394914 0.25367571383060256 1  0.62176887146948989 0.25356906888874603 1  0.63363558437039913 0.2522013351641828 1  0.64487177336907953 0.25016514049012162 1  0.65553551756843398 0.24738257277435305 1  0.6655412898995644 0.24364222257889345 1  0.67488613299997524 0.23902925651541826 1.0000000000000002  0.68363943123742277 0.23368239254464454 1  0.6916992236594578 0.22753988078527443 0.99999999999999978  0.69891092183198045 0.22067743390039476 1.0000000000000004  0.70528717105647531 0.21335731999879232 1  0.71068982474821729 0.20552301669362158 0.99999999999999978  0.71504586957606375 0.19713645906224617 1  0.71848296794850286 0.18829536831345453 0.99999999999999978  0.72093623048504984 0.17896622454060013 1.0000000000000002  0.72241862518145261 0.16914932245716127 0.99999999999999978  0.72257176697597669 0.1624246941102144 0.99999999999999978  0.72264999667399599 0.15898954013081623 1 
 0 4 0.075440593977085843 1 0.14713540284583457 1 0.2158551651153319 1 0.28199144316034186 1 0.34629961038298923 1 0.40881075987514559 1 0.47031959335376589 1 0.53165805860940674 1 0.59182733591457237 1 0.65017720281031743 1 0.70705751660545335 1 0.76361355350109805 1 0.82082184928072288 1 0.87836911648240434 1 0.93786707726042751 1 1 4
7 0 0  3 19 17  0.72264999667399599 0.15898954013081623 1  0.72260171333766698 0.15583612946935882 0.99999999999999978  0.72250722899127284 0.14966530599456027 1  0.72146510096258376 0.14062397734911569 1  0.71989127063676117 0.13200755305268402 1.0000000000000002  0.71768182158685589 0.12378639683710711 1  0.71480604052544805 0.11602342408793592 0.99999999999999978  0.71122193072889883 0.10871122043627299 1  0.70717644473791808 0.10174865730232732 1.0000000000000002  0.70228071728819119 0.095333752224632334 0.99999999999999978  0.6968793238447053 0.089260915100226323 1.0000000000000002  0.69074668373027448 0.083703521733470232 0.99999999999999978  0.68398877657747281 0.078594211818251922 1  0.67665565273239581 0.073825229299346207 0.99999999999999978  0.66861193928643914 0.069598923078309394 1.0000000000000002  0.65999593650885868 0.065699796258293613 0.99999999999999978  0.65073181386741308 0.062238909040989207 0.99999999999999978  0.64425971230766699 0.06039293956533983 0.99999999999999978  0.64094267960082518 0.059446857203986937 1 
 0 4 0.067390246732760117 1 0.13187413919593594 1 0.19430523069725289 1 0.25452311050832305 1 0.31364823141475912 1 0.37098214746696728 1 0.42845997675762798 1 0.48549463166515322 1 0.54319021474927109 1 0.60201766323865191 1 0.66209573799586097 1 0.72417136395005266 1 0.78881063951191521 1 0.85615270811392397 1 0.92627647023582294 1 1 4
1 0.64094267960082518 0.059446857203986937 1 0 -1 0 
7 0 0  3 19 17  0.64094267960082518 0.058456003545450365 1  0.64455733107645385 0.057994068812621209 1  0.65164728228322699 0.057088007816546112 1.0000000000000002  0.66195398493240121 0.054971910815732945 0.99999999999999978  0.67166632939652671 0.052108322324351315 1.0000000000000002  0.68085767916578344 0.048765554858082746 0.99999999999999978  0.68934418179891621 0.044478854954714285 1.0000000000000002  0.69732953097977735 0.039717300889190135 1  0.70465945874505842 0.034166569780650594 1.0000000000000002  0.71144280861936293 0.028097849940319563 1  0.71755123455906411 0.021486163601652949 1.0000000000000002  0.72282872662365438 0.014374427842481049 1  0.7272626721931098 0.006847783097681066 1.0000000000000002  0.73096303265201767 -0.0010224189611375792 0.99999999999999978  0.73376694330640058 -0.0093167544462427511 1.0000000000000004  0.73584990189381461 -0.017983435391271608 1  0.73708846543765016 -0.027077069070497072 1.0000000000000002  0.73721820339867727 -0.033283073252735912 1  0.73728414301545941 -0.036437289137476472 1 
 0 4 0.073056815191308438 1 0.14329715009066465 1 0.21068803270440151 1 0.27597998089694159 1 0.3390909043869263 1 0.40103752264173403 1 0.46217227879473555 1 0.52313910828239385 1 0.58335201556408278 1 0.64234784714740067 1 0.70036326694836015 1 0.7582555282612643 1 0.8164161627718215 1 0.87560525102145759 1 0.93677608301822246 1 1 4
7 0 0  3 19 17  0.73728414301545941 -0.036437289137476472 1  0.73717306428033613 -0.040813945305582355 1  0.73695569903501168 -0.0493784373357221 1.0000000000000002  0.73507313081621983 -0.061897655385254866 0.99999999999999978  0.7320336398956403 -0.073784188626102018 1.0000000000000002  0.7277636253636961 -0.085049659038654551 1  0.72222640059463483 -0.095616475626246186 1  0.71554081532796876 -0.10556643205970422 0.99999999999999978  0.70756254039852318 -0.11480319061885587 1.0000000000000002  0.69841668336658991 -0.12330905733074214 0.99999999999999978  0.68829347647278705 -0.13097431200171675 1.0000000000000002  0.67734754706735623 -0.13775042005169363 1  0.66553776664383801 -0.14335832425960926 1.0000000000000002  0.65297967808806023 -0.14805777804011638 0.99999999999999978  0.63956606824077822 -0.15159857796153881 1  0.62537505409737182 -0.15418791718477348 1  0.61038658828805992 -0.15571471520234959 1  0.60014334207307851 -0.15592049238712072 1  0.59490609423497165 -0.15602570377162286 1.0000000000000002 
 0 4 0.062762801274436925 1 0.12281785241009482 1 0.18116727397800714 1 0.2385060406396679 1 0.29524265290811846 1 0.35195818525302225 1 0.41011602003894027 1 0.46994831387152741 1 0.53082189831441873 1 0.59202525812627749 1 0.65430352859789154 1 0.7180837371812151 1 0.78413277799526182 1 0.85305428880463707 1 0.92486843602846869 1 1 4
7 0 0  3 11 9  0.59490609423497165 -0.15602570377162286 1.0000000000000002  0.59027996819857065 -0.15597797227147284 1.0000000000000002  0.58124514743751399 -0.1558847526866369 1  0.56804462140809098 -0.1548446951706523 1.0000000000000002  0.5555128275561475 -0.15330238855266407 1  0.54368421227595054 -0.15099036226933099 0.99999999999999978  0.53250697929818847 -0.1481412665088408 1.0000000000000002  0.52205624521077398 -0.14452154506488618 1.0000000000000002  0.51221336899138503 -0.14039971538103568 1  0.50613198397877268 -0.13697845905015879 1.0000000000000002  0.50313780155204479 -0.13529399645454965 1 
 0 4 0.14576530528004075 1 0.28467953445781879 1 0.41706897315674685 1 0.54348306759648235 1 0.66428226347514152 1 0.7802560815042977 1 0.89180862948561457 1 1 4
1 -0.73100853991137038 0.24885234500886505 1 1 0 0 
1 -0.67735000332600448 0.24885234500886505 1 -0.33342144682504771 -0.94277788412599706 0 
1 -0.81881341796015084 -0.15114765499113503 1 -1 0 0 
1 -0.87735000332600444 -0.15114765499113503 1 -0.34358153126353236 0.93912285212032098 0 
1 -1.0236914667406387 0.24885234500886505 1 1 0 0 
1 -0.965154881374785 0.24885234500886505 1 0.33166973518633819 -0.94339556219086818 0 
7 0 0  3 7 5  -0.85593232039917522 -0.061818386698452091 1  -0.85503304515380263 -0.064475413831410172 1  -0.8531832083881451 -0.069941000150156168 1.0000000000000002  -0.85102285663361288 -0.078585093837120881 1  -0.84917249175787335 -0.08781673409221806 1  -0.8483009193312131 -0.094205948982741414 1  -0.84785305210649231 -0.097489118405769154 1 
 0 4 0.22956016513208116 1 0.47221230160270727 1 0.72879039711149562 1 1 4
1 -0.84785305210649231 -0.097489118405769154 1 1 0 0 
7 0 0  3 7 5  -0.84663353991137036 -0.097489118405769154 1  -0.84625225379648261 -0.094507511723523507 0.99999999999999978  -0.84548129056781141 -0.088478681864220587 1  -0.84337191075178508 -0.079510321523137931 0.99999999999999978  -0.84102204225671173 -0.070355016603610321 1  -0.83888160965402259 -0.064344401782639643 1.0000000000000002  -0.83779207649673626 -0.061284850113086244 1 
 0 4 0.24126114393387008 1 0.48783174424018916 1 0.73929368480991253 1 1 4
1 -0.83779207649673626 -0.061284850113086244 1 0.32555380805841155 0.94552351533881329 0 
1 2.5000000000000009 -2.5 1 0 1 0 
1 -2.4999999999999991 2.5 1 -1 -0 -0 
1 -2.4999999999999991 -2.5 1 -0 -1 -0 
1 -2.4999999999999991 -2.5 1 1 0 0 
2 -2.1499999999999986 2.1499999999999999 1 0 0 1 1 0 -0 -0 1 0 0.11241838985786515
7 0 0  3 19 17  0.90931158203984963 0.028577954764962547 1  0.91311640696337215 0.031244705948509231 1  0.92047103958604026 0.036399470134844951 1  0.93081452509720797 0.044296036959560886 1  0.94034219389755014 0.051808158441715733 0.99999999999999978  0.94880409474505356 0.059193825789375723 1  0.95645933665561766 0.06620694902857388 1.0000000000000002  0.96305722060775167 0.073067102838361611 1  0.96882947027013577 0.079617071814551368 0.99999999999999956  0.97372429038699326 0.086017423004784044 1.0000000000000002  0.97782690059878041 0.092457413503311672 1.0000000000000002  0.98132965913919568 0.099012566259420023 0.99999999999999978  0.98432259188553506 0.10575813312776289 1.0000000000000002  0.98679742572766183 0.11270275312373666 1.0000000000000002  0.9885740879453444 0.1199163039660547 0.99999999999999978  0.99000305675435574 0.12731039648829229 1  0.99072568140637041 0.13494080761022964 1  0.99086997182271275 0.14008593874381153 1  0.99094267960082516 0.14267856452106015 1 
 0 4 0.094946371017354092 1 0.18352899061692016 1 0.26591751175453798 1 0.34285033249917984 1 0.41302406155960092 1 0.47801987115271499 1 0.53726967090678668 1 0.59137494931431034 1 0.64250848309247577 1 0.693149292468768 1 0.74312827715637153 1 0.79321503336467103 1 0.84358894508116467 1 0.89481466600410953 1 0.9469972287924171 1 1 4
7 0 0  3 19 17  0.99094267960082516 0.14267856452106015 1  0.9908943173447976 0.14522303973318298 1  0.99079961982457521 0.15020534437832306 1  0.98976219046362135 0.15744803577464536 0.99999999999999978  0.98821036500304316 0.16428836960400137 1  0.9858734539722751 0.1706583051757172 1  0.98298505908815847 0.17666575360508727 0.99999999999999978  0.9793801268659752 0.18222792979559752 0.99999999999999956  0.97516685826759608 0.18739965272337009 1.0000000000000004  0.97025316957557672 0.19202232194202065 1.0000000000000002  0.96484663587066311 0.19621548759188215 1  0.95896340713767758 0.19990133290407 1  0.95258041838207352 0.20294400007311522 0.99999999999999978  0.94576653495143126 0.20545668314121451 1.0000000000000002  0.93848165444413589 0.20746920105346869 0.99999999999999956  0.93071609039941872 0.2087802184067393 1  0.9224918887348541 0.2096536502472999 0.99999999999999978  0.91685972311799269 0.20976872720495976 1  0.91396097228375195 0.20982795476496255 1 
 0 4 0.066030844719483506 1 0.1292941596762224 1 0.18962713968533612 1 0.24785630263689085 1 0.30510155844685516 1 0.3623848231952147 1 0.41957682405436392 1 0.47791055459673148 1 0.5371660732874084 1 0.59703186811431419 1 0.65782128283272223 1 0.72044835239245386 1 0.78543257792967969 1 0.8537700764726841 1 0.92473869881476523 1 1 4
7 0 0  3 11 9  0.91396097228375195 0.20982795476496255 1  0.90975804080467015 0.20968394222983644 1  0.90126148401708139 0.20939280955519898 1.0000000000000004  0.88852056814706459 0.20689378992098809 0.99999999999999956  0.87571740005378718 0.20290644076063619 1.0000000000000002  0.86298535177646263 0.19730333654318613 0.99999999999999978  0.85038740406808566 0.19037118167449482 0.99999999999999978  0.83817359749320608 0.18201676959207605 1  0.82635541474793306 0.17230098170715905 1  0.81905661809341945 0.16495014852909531 0.99999999999999978  0.81533292350326425 0.16119990598447478 1 
 0 4 0.11155484117844976 1 0.22551689165539895 1 0.34355421976993655 1 0.46717002874627328 1 0.59433257377544435 1 0.72498392980844439 1 0.85969250805955544 1 0.99999999999999989 4
1 0.81533292350326425 0.16119990598447478 1 0 1 0 
7 0 0  3 11 9  0.81533292350326425 0.21013283281374306 1  0.81867983266735733 0.21349674208127478 1  0.82530246247975125 0.22015301050957556 1.0000000000000002  0.83614706878070988 0.22897726962789802 1  0.84778487092638388 0.23637943467848807 1.0000000000000002  0.86005668830278359 0.24273592829435026 1.0000000000000002  0.87326263349772049 0.24773741830350685 0.99999999999999978  0.88752003917377109 0.25120050670264943 1  0.9028157732036064 0.25338894476615903 0.99999999999999978  0.91339423415994658 0.25361436755134292 0.99999999999999978  0.91883902106423987 0.2537303937893528 1 
 0 4 0.12288158857152263 1 0.24314949464384233 1 0.36127492563479685 1 0.47960921109552973 1 0.60063117782680686 1 0.72610307956526443 1 0.85902388148293041 1 0.99999999999999989 4
7 0 0  3 19 17  0.91883902106423987 0.2537303937893528 1  0.92326396637130004 0.25364894747693467 1  0.93193263435786589 0.25348939046727925 1.0000000000000002  0.94458783208616215 0.25205515518286775 1  0.95662345733624787 0.24992989056599116 1  0.96792475738614336 0.24667179699284006 0.99999999999999978  0.97863091674756075 0.24266393445314433 1.0000000000000002  0.98860847723410705 0.23759370886558598 1  0.9979834090808406 0.23171955455676702 0.99999999999999978  1.0065816769025906 0.22493435590045843 1.0000000000000002  1.0143488569913792 0.21740298872258992 0.99999999999999978  1.0212103351786617 0.20921836492158244 1  1.0269483464273934 0.20032404991956909 1.0000000000000004  1.031607367166723 0.19079276227811309 0.99999999999999956  1.0353123420699077 0.18066166187520777 1.0000000000000004  1.0378717033610987 0.16986681197063547 0.99999999999999956  1.039418246635184 0.1584246783080718 1.0000000000000002  1.0396198241577739 0.15058496492603879 1  1.0397231674057033 0.14656575964301133 1 
 0 4 0.072853708443201423 1 0.14272370984484697 1 0.20953183511143653 1 0.27390800694681139 1 0.33615739324984567 1 0.39753857241228235 1 0.45790725651810954 1 0.51809729383580083 1 0.57757768208397775 1 0.6358160475721929 1 0.69361832272754875 1 0.75144482728932604 1 0.8102189150181166 1 0.87091158883001896 1 0.93381992441955031 1 1 4
7 0 0  3 19 17  1.0397231674057033 0.14656575964301133 1  1.0396748205411732 0.14295526886381141 0.99999999999999978  1.0395792993918924 0.1358218542763277 0.99999999999999978  1.0385176120645607 0.12534306980592538 0.99999999999999978  1.0370432238941654 0.11519708550465163 1  1.0348339660964365 0.10543476462820001 1.0000000000000002  1.0319209040422126 0.096044940307309201 1.0000000000000004  1.0284146930085725 0.087023641284130079 1  1.0242882943074649 0.078386235098479903 0.99999999999999978  1.0195068087762371 0.070048851066224924 1  1.0139320160731664 0.061887074924545774 0.99999999999999978  1.0075286886179111 0.053726898480388321 1.0000000000000004  1.0001540190068907 0.045596261965589149 0.99999999999999978  0.99198064038369593 0.037311865780022983 1.0000000000000002  0.98283950453156832 0.029055729598355239 0.99999999999999978  0.97281166523237206 0.020761901440856701 1.0000000000000002  0.96199557151169579 0.01230863159183148 1  0.95428293945862597 0.0069451915124627683 1  0.95031767960082514 0.0041877108625235273 1 
 0 4 0.061423136907629697 1 0.12135654890745634 1 0.17908288559970031 1 0.23583094656470646 1 0.29149463448377927 1 0.34625591479353346 1 0.4004078115217285 1 0.45425329830609229 1 0.50965945012896674 1 0.56847822251565128 1 0.63063508955860115 1 0.69637052906816566 1 0.76646638681270285 1 0.84015233423837665 1 0.91781825866366118 1 0.99999999999999989 4
7 0 0  3 19 17  0.95031767960082514 0.0041877108625235273 1  0.94632212343253408 0.0014280190295703425 0.99999999999999978  0.93863754133119648 -0.0038796471804606264 1  0.92771871306672737 -0.011648370928929045 1.0000000000000002  0.91778495180975539 -0.018727191325181965 1.0000000000000002  0.90890018998266953 -0.025209255549047415 0.99999999999999978  0.90109735816969838 -0.031167719831154055 1.0000000000000004  0.89421371066431021 -0.036389263230601009 1  0.88841165617706686 -0.041031442218208106 0.99999999999999978  0.88222429122296742 -0.046298908340775838 0.99999999999999978  0.87576323126334654 -0.052436226169960978 1.0000000000000002  0.86915072332611276 -0.059648942565213185 1  0.8638250652527445 -0.066751155949070551 0.99999999999999978  0.85970956650439467 -0.073851653176051996 1.0000000000000002  0.85675376618539711 -0.081283034271220772 1.0000000000000002  0.85459488175196485 -0.089252310323082257 0.99999999999999978  0.85342001531162559 -0.09801352724879181 1  0.85323420971716213 -0.10409154205817006 1.0000000000000002  0.85313780155204466 -0.10724521596674479 1 
 0 4 0.094117563362147119 1 0.18101463535265358 1 0.25972515726515422 1 0.33054119216379102 1 0.39416402987668631 1 0.45000889007670342 1 0.49799759811934763 1 0.53816322972876196 1 0.60747722920557956 1 0.67057959466057038 1 0.72760392946593289 1 0.77921535677302534 1 0.82914315291103902 1 0.88217965014147137 1 0.93886705200608067 1 1 4
1 0.85313780155204466 -0.10724521596674479 1 1 0 0 
1 1.0494792649666789 -0.10724521596674479 1 0 -1 0 
1 1.0494792649666789 -0.15114765499113503 1 -1 0 0 
1 0.80069877716180082 -0.15114765499113503 1 0 1 0 
7 0 0  3 19 17  0.80069877716180082 -0.1313305818204033 1  0.80081569380490925 -0.12581292036893241 1  0.80104153920438015 -0.11515457078307775 1  0.80276568778657575 -0.09981384905296696 1.0000000000000002  0.80572466698495626 -0.085772572284346885 1  0.80986641617081112 -0.072834857321627464 1.0000000000000002  0.81553021573543327 -0.060662394206102643 1  0.82266420279863772 -0.048878775282801226 1  0.83125937411021122 -0.03719361782794877 1.0000000000000002  0.83973444276962073 -0.027799192557626969 1  0.84731264819776386 -0.020037184859111785 1  0.85399061323371284 -0.014009728522000333 1  0.86130862358062577 -0.0075457292884415564 1  0.86947477680651131 -0.00090709493203523653 1  0.8782980797900497 0.006137830812698598 1.0000000000000004  0.88794692884443516 0.013384060006462774 0.99999999999999978  0.89836809705180998 0.020890893476842504 1.0000000000000002  0.90559688520485082 0.025968630379848534 1  0.90931158203984963 0.028577954764962547 1 
 0 4 0.081358462719601912 1 0.15715841666981534 1 0.22726263074032996 1 0.292665763214008 1 0.3570391333086475 1 0.42476416576315318 1 0.49550426326091473 1 0.57061493905500094 1 0.61115027516899789 1 0.65543263209721458 1 0.70322609924133872 1 0.75513233095359245 1 0.81060363101099486 1 0.86972663112515747 1 0.93305571268672027 1 0.99999999999999989 4
1 0.41533292350326395 0.24885234500886505 1 0 -1 0 
1 0.41533292350326395 -0.15114765499113503 1 -1 0 0 
1 0.35168963082033711 -0.15114765499113503 1 -0.53413351626682459 0.84540013413793458 0 
7 0 0  3 5 3  0.15550060643009322 0.15937063769179183 1  0.15290403220868251 0.16368612337089908 1.0000000000000002  0.1478595522280205 0.17207000892887167 1.0000000000000002  0.14402362844621266 0.18107022690117067 1  0.14216219179594691 0.18543771086252359 1.0000000000000002 
 0 4 0.5147357569788642 1 1 4
1 0.14216219179594689 0.18543771086252356 1 -1 0 0 
7 0 0  3 11 9  0.14056158203984931 0.18543771086252356 1  0.14069886720398181 0.18416823727771756 1  0.1410058932946224 0.18132917222376713 1.0000000000000002  0.1412601033615884 0.1765966764983069 0.99999999999999978  0.14159130820654312 0.17098449913510558 1.0000000000000002  0.14180859896198128 0.16445317606054646 1.0000000000000002  0.14193348296489122 0.15700786595202598 1.0000000000000002  0.14211046613289241 0.1486497923896499 1  0.14217732184016499 0.13937581591856477 0.99999999999999978  0.14216740363242264 0.13289705768035384 1  0.14216219179594689 0.12949258891130405 1 
 0 4 0.068405408252566219 1 0.15298262712630942 1 0.25386725867935844 1 0.36965137893138045 1 0.50308837148621377 1 0.65285815617669052 1 0.81758332040289472 1 1 4
1 0.14216219179594689 0.12949258891130405 1 0 -1 0 
1 0.14216219179594689 -0.15114765499113503 1 -1 0 0 
1 0.088503655210581025 -0.15114765499113503 1 0 1 0 
1 0.088503655210581025 0.24885234500886505 1 1 0 0 
1 0.15679633813741028 0.24885234500886505 1 0.5303998435916556 -0.8477476074386453 0 
7 0 0  3 11 9  0.34711646008862979 -0.055339728161866719 1  0.34818092315001653 -0.05706899330250069 1.0000000000000002  0.35020254348617591 -0.060353200807421466 1.0000000000000002  0.35310703074601935 -0.064981768847567289 0.99999999999999978  0.35565628733466798 -0.06914365501961954 1  0.35783682670980999 -0.072830616667431916 1  0.35967636253279089 -0.076026855552923281 0.99999999999999978  0.36113600366498472 -0.078728063303611387 0.99999999999999978  0.3622942612653352 -0.080931849195458427 1.0000000000000002  0.36292306264444019 -0.082268765790119686 1.0000000000000002  0.3631987771618006 -0.082854972064305754 1 
 0 4 0.19104376725050345 1 0.36282890311570315 1 0.51409851060298262 1 0.6501981344949076 1 0.76582489239913942 1 0.86101723428008303 1 0.93905934776029165 1 1 4
1 0.3631987771618006 -0.082854972064305754 1 1 0 0 
7 0 0  3 11 9  0.36426585033253228 -0.082854972064305754 1  0.36405120040253042 -0.081331927139659629 1  0.36358355548903509 -0.078013760616010716 1  0.36309245675827689 -0.072646217661628459 1  0.3625995329046679 -0.066500061211960754 1  0.36236349124581052 -0.059607608444184071 1.0000000000000002  0.36202552709214991 -0.05196279666286116 1  0.36178518626409445 -0.04357797207742805 1.0000000000000002  0.36175826650556264 -0.03443005810610901 1  0.3617030825197674 -0.028078503844936847 0.99999999999999978  0.36167438691789816 -0.024775703771622814 1 
 0 4 0.079299964594997746 1 0.1727660711694386 1 0.27786620732108963 1 0.39719790136866029 1 0.52830989431260256 1 0.67247143017139799 1 0.82968556357059109 1 1 4
1 0.36167438691789816 -0.024775703771622814 1 0 1 0 
1 0.36167438691789816 0.24885234500886505 1 1 0 0 
7 0 0  3 19 17  -0.45966707649673599 -0.15602570377162284 1  -0.46661358238350947 -0.15589066078921965 1  -0.48020487320247501 -0.15562644040607759 0.99999999999999978  -0.50003257661735223 -0.15279602359412159 1  -0.51887883262412993 -0.14867905482557661 1.0000000000000002  -0.53659138753854096 -0.14245745038319491 0.99999999999999978  -0.55333875891992679 -0.1347508645875212 1  -0.56884991851048894 -0.12498676672873353 1  -0.583484166964512 -0.1137677690015543 1  -0.59680743884417287 -0.10073203545505791 1.0000000000000002  -0.60882462497134171 -0.086332278144983218 1  -0.61942385568170655 -0.07082690400603614 1.0000000000000002  -0.62826510873264141 -0.054184556525582184 1  -0.63555233967481595 -0.0365498607156588 1  -0.641184152092795 -0.017857091692093964 1.0000000000000002  -0.64522069230620305 0.0018841956077509845 0.99999999999999956  -0.64758169135221788 0.022677029839629565 1  -0.64791277662866797 0.036879845163552236 1.0000000000000002  -0.64808171064307751 0.044126735252767432 1 
 0 4 0.067285917427685027 1 0.13164927615217778 1 0.19378127125042052 1 0.25398428053623523 1 0.3132568206837188 1 0.37209649699929431 1 0.43125688949720947 1 0.49168914864994651 1 0.55235578977167676 1 0.6128061105703646 1 0.67340273246219251 1 0.73468605174127311 1 0.79747830035758482 1 0.86234241732049211 1 0.92976115306201668 1 1 4
7 0 0  3 19 17  -0.64808171064307751 0.044126735252767432 1  -0.6479224655607696 0.05193294384042426 1  -0.64761197755495015 0.067153094455230058 1.0000000000000002  -0.64514353025691251 0.089387404516685767 0.99999999999999978  -0.64104452460086336 0.11039674807765293 1  -0.63536897311948437 0.13022553202909018 1  -0.62794981173307751 0.148800065424426 0.99999999999999978  -0.61880987124888953 0.16611459179680571 1.0000000000000002  -0.60813954697953776 0.18227305142225961 0.99999999999999978  -0.59582517837252869 0.19707083516242324 1  -0.58217027862807746 0.21044265630197367 0.99999999999999978  -0.56710199055202148 0.22195682508102649 1.0000000000000007  -0.55102456737778205 0.231922594875618 0.99999999999999956  -0.53368508662689007 0.23992822457296817 1  -0.51517169403584939 0.24612102928117613 1.0000000000000002  -0.49552762694846769 0.25048555417386592 1.0000000000000002  -0.47473391739193849 0.25322618016015946 0.99999999999999978  -0.46048885341397777 0.25355954701615457 1  -0.45318841796015064 0.2537303937893528 1 
 0 4 0.072406929923509361 1 0.14117536914579165 1 0.20723123191935758 1 0.27078602106105354 1 0.33223736355604022 1 0.39243925645280675 1 0.45212399551723242 1 0.51154566521087497 1 0.57071811956346041 1 0.62903565709025311 1 0.6871260247148121 1 0.74586311828066221 1 0.8057898438946417 1 0.86788869474217945 1 0.93229443839299375 1 1 4
7 0 0  3 19 17  -0.45318841796015064 0.2537303937893528 1  -0.44636973213254882 0.2535919621003333 1.0000000000000002  -0.4330329837341661 0.25332120191963359 1.0000000000000002  -0.41356523670988793 0.25053985012972224 0.99999999999999978  -0.39512654178965018 0.2462377445814746 1.0000000000000002  -0.37765878680062226 0.24022182769705064 0.99999999999999956  -0.36128860539188978 0.23228893575148987 1  -0.34585904298624098 0.22274579005923689 1  -0.33152385278635155 0.21135177609934566 0.99999999999999978  -0.31833008023424458 0.19834069684360869 1.0000000000000002  -0.30637739791938984 0.18398408170467609 1  -0.29598117679630837 0.16843996444866191 1.0000000000000002  -0.28715383123092619 0.15187527560539565 1  -0.27997874214937973 0.13424777208757885 1.0000000000000002  -0.27440111100488779 0.11556046720828343 0.99999999999999978  -0.27050678268988138 0.095805183905038727 1  -0.2679655847510789 0.07503646947890201 1.0000000000000002  -0.26771945699864502 0.060826529731601825 0.99999999999999978  -0.26759390576502867 0.053577954764962556 1 
 0 4 0.06656691929222551 1 0.13019902613229653 1 0.1916593199628952 1 0.25130916690521382 1 0.31025009250233143 1 0.36899266456563207 1 0.42817760551191841 1 0.48872265882319538 1 0.54970003567605352 1 0.61034063728079613 1 0.67107055210974398 1 0.73273394164289418 1 0.79594067723043549 1 0.8612574132165538 1 0.92922657947537468 1 1 4
7 0 0  3 11 9  -0.26759390576502867 0.053577954764962556 1  -0.26775165891992181 0.045745934360508465 1  -0.26805976979822355 0.030449056860167776 1  -0.27055504071860664 0.0081246403263152099 1  -0.27451860467432926 -0.012984011126894108 1  -0.28025060451451894 -0.032844440952179491 1.0000000000000004  -0.28763938323923427 -0.051442250000032302 0.99999999999999978  -0.29670740850413219 -0.068760366767411166 1.0000000000000002  -0.30726314039968844 -0.084961506596585676 1  -0.31567320628419049 -0.094632659629480573 1  -0.31988049113088235 -0.09947082572284234 1 
 0 4 0.14181919789446243 1 0.27698994453007647 1 0.40631415105670105 1 0.53039153759149549 1 0.65078963242762122 1 0.76810750786378812 1 0.88399166170336807 1 1 4
7 0 0  3 5 3  -0.31988049113088235 -0.09947082572284234 1  -0.32407258001198214 -0.10377811481690359 1  -0.33236985249043327 -0.11230339953069306 1  -0.34186130211126942 -0.11947460681236514 1  -0.34655732039917508 -0.12302265499113506 1.0000000000000002 
 0 4 0.50523697901775921 1 1 4
1 -0.34655732039917503 -0.12302265499113503 1 0.81036232485160764 -0.58592909337316368 0 
1 -0.23344756430161404 -0.2048061915765009 1 -1 0 0 
1 -0.31888963747234572 -0.2048061915765009 1 -0.79721991120596836 0.60368900369043332 0 
7 0 0  3 7 5  -0.39518536917966285 -0.14703180133259844 1  -0.4001939478714765 -0.14844960854506192 1  -0.41034304350141942 -0.1513225714891471 1.0000000000000002  -0.42621791118689289 -0.15388561761213465 1.0000000000000002  -0.44270001072935961 -0.15578832458784003 0.99999999999999956  -0.45394454910564486 -0.15594564226305699 0.99999999999999978  -0.45966707649673599 -0.15602570377162284 1 
 0 4 0.23883109989224202 1 0.48395359669054455 1 0.73737564147226276 1 1 4
1 2.5000000000000009 2.5 1 -0 -0 -1 
1 2.5000000000000009 -2.5 1 -0 -0 -1 
1 -2.4999999999999991 2.5 1 -0 -0 -1 
1 -2.4999999999999991 -2.5 1 -0 -0 -1 
1 -2.4999999999999987 -2.5 0.17999999999999897 1 -0 5.4210108624275232e-16 
1 -0.39999999999999974 -2.5 1 0 0 -1 
1 -2.4999999999999991 -2.5 0.12 -1 0 0 
1 -0.59999999999999987 -2.5 1 0 0 1 
1 -2.4999999999999991 -2.5 0.18000000000000005 1 -0 0 
1 0.60000000000000031 -2.5 1 0 0 -1 
1 -2.4999999999999991 -2.5 0.12 -1 0 0 
1 0.40000000000000019 -2.5 1 0 0 1 
1 -0.73100853991137038 0.24885234500886505 0.98999999999999999 -0 -0 1 
1 -0.73100853991137038 0.24885234500886505 0.98999999999999999 1 0 0 
1 -0.67735000332600448 0.24885234500886505 0.98999999999999999 -0 -0 1 
1 -0.67735000332600448 0.24885234500886505 0.98999999999999999 -0.33342144682504771 -0.94277788412599706 0 
1 -0.81881341796015084 -0.15114765499113503 0.98999999999999999 -0 -0 1 
1 -0.81881341796015084 -0.15114765499113503 0.98999999999999999 -1 0 0 
1 -0.87735000332600444 -0.15114765499113503 0.98999999999999999 -0 -0 1 
1 -0.87735000332600444 -0.15114765499113503 0.98999999999999999 -0.34358153126353236 0.93912285212032098 0 
1 -1.0236914667406387 0.24885234500886505 0.98999999999999999 -0 -0 1 
1 -1.0236914667406387 0.24885234500886505 0.98999999999999999 1 0 0 
1 -0.965154881374785 0.24885234500886505 0.98999999999999999 -0 -0 1 
1 -0.965154881374785 0.24885234500886505 0.98999999999999999 0.33166973518633819 -0.94339556219086818 0 
1 -0.85593232039917522 -0.061818386698452091 0.98999999999999999 -0 -0 1 
7 0 0  3 7 5  -0.85593232039917522 -0.061818386698452091 0.98999999999999999  -0.85503304515380263 -0.064475413831410172 0.98999999999999999  -0.8531832083881451 -0.069941000150156168 0.99000000000000021  -0.85102285663361288 -0.078585093837120881 0.98999999999999999  -0.84917249175787335 -0.08781673409221806 0.98999999999999999  -0.8483009193312131 -0.094205948982741414 0.98999999999999999  -0.84785305210649231 -0.097489118405769154 0.98999999999999999 
 0 4 0.22956016513208116 1 0.47221230160270727 1 0.72879039711149562 1 1 4
1 -0.84785305210649231 -0.097489118405769154 0.98999999999999999 -0 -0 1 
1 -0.84785305210649231 -0.097489118405769154 0.98999999999999999 1 0 0 
1 -0.84663353991137036 -0.097489118405769154 0.98999999999999999 -0 -0 1 
7 0 0  3 7 5  -0.84663353991137036 -0.097489118405769154 0.98999999999999999  -0.84625225379648261 -0.094507511723523507 0.98999999999999977  -0.84548129056781141 -0.088478681864220587 0.98999999999999999  -0.84337191075178508 -0.079510321523137931 0.98999999999999977  -0.84102204225671173 -0.070355016603610321 0.98999999999999999  -0.83888160965402259 -0.064344401782639643 0.99000000000000021  -0.83779207649673626 -0.061284850113086244 0.98999999999999999 
 0 4 0.24126114393387008 1 0.48783174424018916 1 0.73929368480991253 1 1 4
1 -0.83779207649673626 -0.061284850113086244 0.98999999999999999 -0 -0 1 
1 -0.83779207649673626 -0.061284850113086244 0.98999999999999999 0.32555380805841155 0.94552351533881329 0 
2 -2.1499999999999986 2.1499999999999999 0.98999999999999999 0 0 1 1 0 -0 -0 1 0 0.11241838985786515
1 0.90931158203984963 0.028577954764962547 0.98999999999999999 -0 -0 1 
7 0 0  3 19 17  0.90931158203984963 0.028577954764962547 0.98999999999999999  0.91311640696337215 0.031244705948509231 0.98999999999999999  0.92047103958604026 0.036399470134844951 0.98999999999999999  0.93081452509720797 0.044296036959560886 0.98999999999999999  0.94034219389755014 0.051808158441715733 0.98999999999999977  0.94880409474505356 0.059193825789375723 0.98999999999999999  0.95645933665561766 0.06620694902857388 0.99000000000000021  0.96305722060775167 0.073067102838361611 0.98999999999999999  0.96882947027013577 0.079617071814551368 0.98999999999999955  0.97372429038699326 0.086017423004784044 0.99000000000000021  0.97782690059878041 0.092457413503311672 0.99000000000000021  0.98132965913919568 0.099012566259420023 0.98999999999999977  0.98432259188553506 0.10575813312776289 0.99000000000000021  0.98679742572766183 0.11270275312373666 0.99000000000000021  0.9885740879453444 0.1199163039660547 0.98999999999999977  0.99000305675435574 0.12731039648829229 0.98999999999999999  0.99072568140637041 0.13494080761022964 0.98999999999999999  0.99086997182271275 0.14008593874381153 0.98999999999999999  0.99094267960082516 0.14267856452106015 0.98999999999999999 
 0 4 0.094946371017354092 1 0.18352899061692016 1 0.26591751175453798 1 0.34285033249917984 1 0.41302406155960092 1 0.47801987115271499 1 0.53726967090678668 1 0.59137494931431034 1 0.64250848309247577 1 0.693149292468768 1 0.74312827715637153 1 0.79321503336467103 1 0.84358894508116467 1 0.89481466600410953 1 0.9469972287924171 1 1 4
1 0.99094267960082516 0.14267856452106015 0.98999999999999999 -0 -0 1 
7 0 0  3 19 17  0.99094267960082516 0.14267856452106015 0.98999999999999999  0.9908943173447976 0.14522303973318298 0.98999999999999999  0.99079961982457521 0.15020534437832306 0.98999999999999999  0.98976219046362135 0.15744803577464536 0.98999999999999977  0.98821036500304316 0.16428836960400137 0.98999999999999999  0.9858734539722751 0.1706583051757172 0.98999999999999999  0.98298505908815847 0.17666575360508727 0.98999999999999977  0.9793801268659752 0.18222792979559752 0.98999999999999955  0.97516685826759608 0.18739965272337009 0.99000000000000044  0.97025316957557672 0.19202232194202065 0.99000000000000021  0.96484663587066311 0.19621548759188215 0.98999999999999999  0.95896340713767758 0.19990133290407 0.98999999999999999  0.95258041838207352 0.20294400007311522 0.98999999999999977  0.94576653495143126 0.20545668314121451 0.99000000000000021  0.93848165444413589 0.20746920105346869 0.98999999999999955  0.93071609039941872 0.2087802184067393 0.98999999999999999  0.9224918887348541 0.2096536502472999 0.98999999999999977  0.91685972311799269 0.20976872720495976 0.98999999999999999  0.91396097228375195 0.20982795476496255 0.98999999999999999 
 0 4 0.066030844719483506 1 0.1292941596762224 1 0.18962713968533612 1 0.24785630263689085 1 0.30510155844685516 1 0.3623848231952147 1 0.41957682405436392 1 0.47791055459673148 1 0.5371660732874084 1 0.59703186811431419 1 0.65782128283272223 1 0.72044835239245386 1 0.78543257792967969 1 0.8537700764726841 1 0.92473869881476523 1 1 4
1 0.91396097228375195 0.20982795476496255 0.98999999999999999 -0 -0 1 
7 0 0  3 11 9  0.91396097228375195 0.20982795476496255 0.98999999999999999  0.90975804080467015 0.20968394222983644 0.98999999999999999  0.90126148401708139 0.20939280955519898 0.99000000000000044  0.88852056814706459 0.20689378992098809 0.98999999999999955  0.87571740005378718 0.20290644076063619 0.99000000000000021  0.86298535177646263 0.19730333654318613 0.98999999999999977  0.85038740406808566 0.19037118167449482 0.98999999999999977  0.83817359749320608 0.18201676959207605 0.98999999999999999  0.82635541474793306 0.17230098170715905 0.98999999999999999  0.81905661809341945 0.16495014852909531 0.98999999999999977  0.81533292350326425 0.16119990598447478 0.98999999999999999 
 0 4 0.11155484117844976 1 0.22551689165539895 1 0.34355421976993655 1 0.46717002874627328 1 0.59433257377544435 1 0.72498392980844439 1 0.85969250805955544 1 0.99999999999999989 4
1 0.81533292350326425 0.16119990598447478 0.98999999999999999 -0 -0 1 
1 0.81533292350326425 0.16119990598447478 0.98999999999999999 0 1 0 
1 0.81533292350326425 0.21013283281374306 0.98999999999999999 -0 -0 1 
7 0 0  3 11 9  0.81533292350326425 0.21013283281374306 0.98999999999999999  0.81867983266735733 0.21349674208127478 0.98999999999999999  0.82530246247975125 0.22015301050957556 0.99000000000000021  0.83614706878070988 0.22897726962789802 0.98999999999999999  0.84778487092638388 0.23637943467848807 0.99000000000000021  0.86005668830278359 0.24273592829435026 0.99000000000000021  0.87326263349772049 0.24773741830350685 0.98999999999999977  0.88752003917377109 0.25120050670264943 0.98999999999999999  0.9028157732036064 0.25338894476615903 0.98999999999999977  0.91339423415994658 0.25361436755134292 0.98999999999999977  0.91883902106423987 0.2537303937893528 0.98999999999999999 
 0 4 0.12288158857152263 1 0.24314949464384233 1 0.36127492563479685 1 0.47960921109552973 1 0.60063117782680686 1 0.72610307956526443 1 0.85902388148293041 1 0.99999999999999989 4
1 0.91883902106423987 0.2537303937893528 0.98999999999999999 -0 -0 1 
7 0 0  3 19 17  0.91883902106423987 0.2537303937893528 0.98999999999999999  0.92326396637130004 0.25364894747693467 0.98999999999999999  0.93193263435786589 0.25348939046727925 0.99000000000000021  0.94458783208616215 0.25205515518286775 0.98999999999999999  0.95662345733624787 0.24992989056599116 0.98999999999999999  0.96792475738614336 0.24667179699284006 0.98999999999999977  0.97863091674756075 0.24266393445314433 0.99000000000000021  0.98860847723410705 0.23759370886558598 0.98999999999999999  0.9979834090808406 0.23171955455676702 0.98999999999999977  1.0065816769025906 0.22493435590045843 0.99000000000000021  1.0143488569913792 0.21740298872258992 0.98999999999999977  1.0212103351786617 0.20921836492158244 0.98999999999999999  1.0269483464273934 0.20032404991956909 0.99000000000000044  1.031607367166723 0.19079276227811309 0.98999999999999955  1.0353123420699077 0.18066166187520777 0.99000000000000044  1.0378717033610987 0.16986681197063547 0.98999999999999955  1.039418246635184 0.1584246783080718 0.99000000000000021  1.0396198241577739 0.15058496492603879 0.98999999999999999  1.0397231674057033 0.14656575964301133 0.98999999999999999 
 0 4 0.072853708443201423 1 0.14272370984484697 1 0.20953183511143653 1 0.27390800694681139 1 0.33615739324984567 1 0.39753857241228235 1 0.45790725651810954 1 0.51809729383580083 1 0.57757768208397775 1 0.6358160475721929 1 0.69361832272754875 1 0.75144482728932604 1 0.8102189150181166 1 0.87091158883001896 1 0.93381992441955031 1 1 4
1 1.0397231674057033 0.14656575964301133 0.98999999999999999 -0 -0 1 
7 0 0  3 19 17  1.0397231674057033 0.14656575964301133 0.98999999999999999  1.0396748205411732 0.14295526886381141 0.98999999999999977  1.0395792993918924 0.1358218542763277 0.98999999999999977  1.0385176120645607 0.12534306980592538 0.98999999999999977  1.0370432238941654 0.11519708550465163 0.98999999999999999  1.0348339660964365 0.10543476462820001 0.99000000000000021  1.0319209040422126 0.096044940307309201 0.99000000000000044  1.0284146930085725 0.087023641284130079 0.98999999999999999  1.0242882943074649 0.078386235098479903 0.98999999999999977  1.0195068087762371 0.070048851066224924 0.98999999999999999  1.0139320160731664 0.061887074924545774 0.98999999999999977  1.0075286886179111 0.053726898480388321 0.99000000000000044  1.0001540190068907 0.045596261965589149 0.98999999999999977  0.99198064038369593 0.037311865780022983 0.99000000000000021  0.98283950453156832 0.029055729598355239 0.98999999999999977  0.97281166523237206 0.020761901440856701 0.99000000000000021  0.96199557151169579 0.01230863159183148 0.98999999999999999  0.95428293945862597 0.0069451915124627683 0.98999999999999999  0.95031767960082514 0.0041877108625235273 0.98999999999999999 
 0 4 0.061423136907629697 1 0.12135654890745634 1 0.17908288559970031 1 0.23583094656470646 1 0.29149463448377927 1 0.34625591479353346 1 0.4004078115217285 1 0.45425329830609229 1 0.50965945012896674 1 0.56847822251565128 1 0.63063508955860115 1 0.69637052906816566 1 0.76646638681270285 1 0.84015233423837665 1 0.91781825866366118 1 0.99999999999999989 4
1 0.95031767960082514 0.0041877108625235273 0.98999999999999999 -0 -0 1 
7 0 0  3 19 17  0.95031767960082514 0.0041877108625235273 0.98999999999999999  0.94632212343253408 0.0014280190295703425 0.98999999999999977  0.93863754133119648 -0.0038796471804606264 0.98999999999999999  0.92771871306672737 -0.011648370928929045 0.99000000000000021  0.91778495180975539 -0.018727191325181965 0.99000000000000021  0.90890018998266953 -0.025209255549047415 0.98999999999999977  0.90109735816969838 -0.031167719831154055 0.99000000000000044  0.89421371066431021 -0.036389263230601009 0.98999999999999999  0.88841165617706686 -0.041031442218208106 0.98999999999999977  0.88222429122296742 -0.046298908340775838 0.98999999999999977  0.87576323126334654 -0.052436226169960978 0.99000000000000021  0.86915072332611276 -0.059648942565213185 0.98999999999999999  0.8638250652527445 -0.066751155949070551 0.98999999999999977  0.85970956650439467 -0.073851653176051996 0.99000000000000021  0.85675376618539711 -0.081283034271220772 0.99000000000000021  0.85459488175196485 -0.089252310323082257 0.98999999999999977  0.85342001531162559 -0.09801352724879181 0.98999999999999999  0.85323420971716213 -0.10409154205817006 0.99000000000000021  0.85313780155204466 -0.10724521596674479 0.98999999999999999 
 0 4 0.094117563362147119 1 0.18101463535265358 1 0.25972515726515422 1 0.33054119216379102 1 0.39416402987668631 1 0.45000889007670342 1 0.49799759811934763 1 0.53816322972876196 1 0.60747722920557956 1 0.67057959466057038 1 0.72760392946593289 1 0.77921535677302534 1 0.82914315291103902 1 0.88217965014147137 1 0.93886705200608067 1 1 4
1 0.85313780155204466 -0.10724521596674479 0.98999999999999999 -0 -0 1 
1 0.85313780155204466 -0.10724521596674479 0.98999999999999999 1 0 0 
1 1.0494792649666789 -0.10724521596674479 0.98999999999999999 -0 -0 1 
1 1.0494792649666789 -0.10724521596674479 0.98999999999999999 0 -1 0 
1 1.0494792649666789 -0.15114765499113503 0.98999999999999999 -0 -0 1 
1 1.0494792649666789 -0.15114765499113503 0.98999999999999999 -1 0 0 
1 0.80069877716180082 -0.15114765499113503 0.98999999999999999 -0 -0 1 
1 0.80069877716180082 -0.15114765499113503 0.98999999999999999 0 1 0 
1 0.80069877716180082 -0.1313305818204033 0.98999999999999999 -0 -0 1 
7 0 0  3 19 17  0.80069877716180082 -0.1313305818204033 0.98999999999999999  0.80081569380490925 -0.12581292036893241 0.98999999999999999  0.80104153920438015 -0.11515457078307775 0.98999999999999999  0.80276568778657575 -0.09981384905296696 0.99000000000000021  0.80572466698495626 -0.085772572284346885 0.98999999999999999  0.80986641617081112 -0.072834857321627464 0.99000000000000021  0.81553021573543327 -0.060662394206102643 0.98999999999999999  0.82266420279863772 -0.048878775282801226 0.98999999999999999  0.83125937411021122 -0.03719361782794877 0.99000000000000021  0.83973444276962073 -0.027799192557626969 0.98999999999999999  0.84731264819776386 -0.020037184859111785 0.98999999999999999  0.85399061323371284 -0.014009728522000333 0.98999999999999999  0.86130862358062577 -0.0075457292884415564 0.98999999999999999  0.86947477680651131 -0.00090709493203523653 0.98999999999999999  0.8782980797900497 0.006137830812698598 0.99000000000000044  0.88794692884443516 0.013384060006462774 0.98999999999999977  0.89836809705180998 0.020890893476842504 0.99000000000000021  0.90559688520485082 0.025968630379848534 0.98999999999999999  0.90931158203984963 0.028577954764962547 0.98999999999999999 
 0 4 0.081358462719601912 1 0.15715841666981534 1 0.22726263074032996 1 0.292665763214008 1 0.3570391333086475 1 0.42476416576315318 1 0.49550426326091473 1 0.57061493905500094 1 0.61115027516899789 1 0.65543263209721458 1 0.70322609924133872 1 0.75513233095359245 1 0.81060363101099486 1 0.86972663112515747 1 0.93305571268672027 1 0.99999999999999989 4
1 0.50313780155204479 -0.13529399645454965 0.98999999999999999 -0 -0 1 
1 0.50313780155204479 -0.13529399645454965 0.98999999999999999 0 1 0 
1 0.50313780155204479 -0.081635459869183802 0.98999999999999999 -0 -0 1 
7 0 0  3 11 9  0.50313780155204479 -0.081635459869183802 0.98999999999999999  0.50652563892388647 -0.084087865366455308 0.98999999999999999  0.51324450062141214 -0.08895155023497095 0.98999999999999977  0.52399069888592609 -0.095067517915534583 0.99000000000000021  0.53498391920834298 -0.10040997652039019 0.98999999999999999  0.5463646438193831 -0.10462443626043369 0.99000000000000021  0.55801411260927236 -0.10805613868053354 0.98999999999999955  0.57001277380524196 -0.11035925835813989 0.99000000000000021  0.58234087501322584 -0.11189257389068848 0.98999999999999999  0.59068387144954237 -0.11204574694402505 0.98999999999999999  0.59490609423497154 -0.11212326474723258 0.98999999999999999 
 0 4 0.12736348106366838 1 0.25259111363925685 1 0.37621931245981655 1 0.4994590020152484 1 0.62197425529753736 1 0.74587610478869792 1 0.8713930050344274 1 1 4
1 0.59490609423497154 -0.11212326474723258 0.98999999999999999 -0 -0 1 
7 0 0  3 19 17  0.59490609423497154 -0.11212326474723258 0.98999999999999999  0.59823664146625188 -0.11206806570442578 0.98999999999999999  0.60473302020844577 -0.11196039754559835 0.99000000000000021  0.61418244545210365 -0.11102923998153193 0.98999999999999977  0.62311503440448801 -0.10953892619533086 0.98999999999999977  0.63148500819575371 -0.10729965814523904 0.98999999999999999  0.63937883129403894 -0.10457375384604166 0.99000000000000044  0.64675094729461691 -0.10125490646938619 0.98999999999999977  0.65347196825325105 -0.097126262695415869 0.98999999999999999  0.65976598487750793 -0.092596178579209154 0.99000000000000021  0.66536774302566937 -0.087452148109052025 0.99000000000000021  0.67021018396635379 -0.081819645379637859 0.98999999999999999  0.67436906548421249 -0.075828317496548087 0.99000000000000021  0.6778454150251404 -0.069413970280528342 0.98999999999999999  0.68042045293484987 -0.062500529821873055 0.98999999999999977  0.68222511893689697 -0.055208866209729063 0.99000000000000021  0.68342731462817119 -0.04752857045574136 0.98999999999999999  0.68355845467654197 -0.042260079740116197 0.98999999999999999  0.68362560643009351 -0.039562289137476475 0.98999999999999999 
 0 4 0.077336974205732184 1 0.15084916691681133 1 0.22030879536953885 1 0.28743582609259188 1 0.35181986518922381 1 0.41413447771823841 1 0.47475246156232431 1 0.53470913327527181 1 0.59401179757910139 1 0.6509112765374313 1 0.70689151875724954 1 0.76312310780344694 1 0.81989393097850838 1 0.87771308771341217 1 0.937381595489167 1 1 4
1 0.68362560643009351 -0.039562289137476475 0.98999999999999999 -0 -0 1 
7 0 0  3 19 17  0.68362560643009351 -0.039562289137476475 0.98999999999999999  0.6835272742979438 -0.036586335167242717 0.98999999999999999  0.68333564289930193 -0.030786743425032539 0.99000000000000021  0.68215315074514749 -0.022356852779896116 0.98999999999999977  0.67998192662420698 -0.014513292766162162 0.98999999999999999  0.67705013627809463 -0.0072337665832331154 0.98999999999999999  0.67313754090735844 -0.00058405311588823321 0.99000000000000021  0.66849773314014871 0.0055485333369380873 0.98999999999999977  0.66294777875953814 0.011073368838218004 0.98999999999999977  0.65653176530233082 0.015992824202676042 0.98999999999999999  0.64927927410066077 0.02030320856358438 0.98999999999999999  0.64119526517054648 0.024088893770007898 0.99000000000000044  0.63224095666473434 0.027111399133005951 0.99000000000000021  0.62252694115303586 0.029872940296139586 0.98999999999999977  0.611897135470577 0.031750968003168137 0.99000000000000021  0.60045431015665596 0.033222660910443395 0.98999999999999955  0.58815950740003686 0.034033222945541355 0.99000000000000044  0.57968865870751052 0.034155238391953502 0.99000000000000021  0.57531767960082514 0.03421819866740157 0.98999999999999999 
 0 4 0.060020573545180637 1 0.11696915549671819 1 0.17115928556705273 1 0.22377165343762032 1 0.2747368622464707 1 0.32627819887891646 1 0.3784446699555189 1 0.43214092470301468 1 0.48890022382699627 1 0.54826342140296969 1 0.61177909355208504 1 0.67926976690993335 1 0.75171776474957552 1 0.8291802767448383 1 0.91185659566593158 1 0.99999999999999989 4
1 0.57531767960082514 0.03421819866740157 0.98999999999999999 -0 -0 1 
1 0.57531767960082514 0.03421819866740157 0.98999999999999999 -1 0 0 
1 0.54216219179594716 0.03421819866740157 0.98999999999999999 -0 -0 1 
1 0.54216219179594716 0.03421819866740157 0.98999999999999999 0 1 0 
1 0.54216219179594716 0.078120637691791839 0.98999999999999999 -0 -0 1 
1 0.54216219179594716 0.078120637691791839 0.98999999999999999 1 0 0 
1 0.57364085033253254 0.078120637691791839 0.98999999999999999 -0 -0 1 
7 0 0  3 19 17  0.57364085033253254 0.078120637691791839 0.98999999999999999  0.57747797638293907 0.078191652198522477 0.98999999999999977  0.58493119370145197 0.078329590474325195 0.98999999999999999  0.59575633211301859 0.079033964704378318 0.99000000000000021  0.60582296824475435 0.080448394786572452 0.98999999999999999  0.61519492135408793 0.082209267332706296 0.98999999999999999  0.62376962913861633 0.084663360218774616 0.99000000000000021  0.63165634241418822 0.087538894766207159 0.98999999999999955  0.6387663918820331 0.091036384063132317 0.99000000000000044  0.64511420786506157 0.095125329644243486 0.98999999999999977  0.65086086040229951 0.09957336480279122 0.99000000000000021  0.6556449934135169 0.10477950005660477 0.98999999999999999  0.65986224382498648 0.11036907975399773 0.98999999999999999  0.66320229485941373 0.11660159933887228 0.98999999999999977  0.66581739239756355 0.12336057600997576 0.98999999999999999  0.66759426275227662 0.13064062268229998 0.99000000000000021  0.66880099670395921 0.13842122199476975 0.98999999999999955  0.6689265836052376 0.1437915310825485 0.98999999999999999  0.66899146008863009 0.14656575964301133 0.98999999999999999 
 0 4 0.086186631538145861 1 0.16740854649179757 1 0.24342110420875179 1 0.31436505675731052 1 0.38137511636661531 1 0.44348105915766312 1 0.50268050661790264 1 0.55886956135349719 1 0.61286933299762392 1 0.66534336992306786 1 0.71715246015654355 1 0.76974733733767386 1 0.82357501455829107 1 0.87948235989238188 1 0.93774222791254169 1 1 4
1 0.66899146008863009 0.14656575964301133 0.98999999999999999 -0 -0 1 
7 0 0  3 19 17  0.66899146008863009 0.14656575964301133 0.98999999999999999  0.66892914132961223 0.14913385021480199 0.98999999999999999  0.66880847290292533 0.15410646927479879 0.98999999999999999  0.66798961718979699 0.16130828889027959 0.98999999999999999  0.66652575701092731 0.16798885999874907 0.98999999999999977  0.66454589050045765 0.17419554556356612 0.98999999999999977  0.66205269315562809 0.1799522661336351 0.98999999999999999  0.65891465540679373 0.18519492899537598 0.99000000000000021  0.65509359017057134 0.18985941590429303 0.98999999999999999  0.65087612126743466 0.19416434805630914 0.98999999999999999  0.64596703091854124 0.19785476372486097 0.99000000000000021  0.64053241475622169 0.20103971929884012 0.99000000000000021  0.63455058088607075 0.20382482165346755 0.98999999999999977  0.62796091751649075 0.20597995640555281 0.98999999999999999  0.62083626989635332 0.20777042368461374 0.98999999999999999  0.61312672667257584 0.20892448016383722 0.98999999999999977  0.60485727689926827 0.20973313661656456 0.99000000000000021  0.59915116921877132 0.20979564549883004 0.98999999999999999  0.59620182594228865 0.20982795476496255 0.98999999999999999 
 0 4 0.069731631019115489 1 0.13502204373132426 1 0.19645546758452884 1 0.25514321129202605 1 0.31167058328698166 1 0.36644915094685115 1 0.42042690242007863 1 0.47506192810670944 1 0.52970130909054425 1 0.58661047121561727 1 0.64587520087437278 1 0.70848649202300573 1 0.77457746620684642 1 0.84512335034520913 1 0.91994816240415511 1 0.99999999999999989 4
1 0.59620182594228865 0.20982795476496255 0.98999999999999999 -0 -0 1 
7 0 0  3 11 9  0.59620182594228865 0.20982795476496255 0.98999999999999999  0.59274075850710717 0.20974975681088553 0.99000000000000021  0.58586392973453827 0.20959438453033219 0.99000000000000066  0.5756426102228861 0.20804108371438251 0.98999999999999955  0.56556858875831917 0.20573766754585965 0.99000000000000044  0.55567626248788793 0.2022959400031884 0.99000000000000021  0.54588386237800068 0.19804786773532596 0.99000000000000021  0.53629509600852132 0.19275056529202042 0.98999999999999999  0.52682729634042036 0.18654647065980995 0.98999999999999999  0.52083506562718707 0.18177780417304606 0.98999999999999999  0.51777194789350811 0.1793401498869138 0.98999999999999999 
 0 4 0.12078858530291969 1 0.23999602271992554 1 0.36030459309244922 1 0.48123974084634302 1 0.60520633102099808 1 0.73267047423339571 1 0.86334608090051224 1 0.99999999999999989 4
1 0.51777194789350811 0.1793401498869138 0.98999999999999999 -0 -0 1 
1 0.51777194789350811 0.1793401498869138 0.98999999999999999 0 1 0 
1 0.51777194789350811 0.22324258891130408 0.98999999999999999 -0 -0 1 
7 0 0  3 11 9  0.51777194789350811 0.22324258891130408 0.98999999999999999  0.52105639899779066 0.22569551623465475 0.98999999999999999  0.52758289316179763 0.2305696992723342 0.99000000000000021  0.53811971453182128 0.23671289486464031 0.98999999999999977  0.5489922023367878 0.24199011123118644 0.99000000000000021  0.56029665900311931 0.24627687067818285 0.98999999999999977  0.57198895078268419 0.24966645173361401 0.99000000000000021  0.58413854195350678 0.2519737833284087 0.98999999999999977  0.59667112016784352 0.25349839842442445 0.99000000000000021  0.60516574992997796 0.25365244595027947 0.98999999999999999  0.60946402106423991 0.2537303937893528 0.98999999999999999 
 0 4 0.12480808531088299 1 0.24800467857179326 1 0.37090910558759493 1 0.49267476715690262 1 0.61590783249437964 1 0.74130264464697415 1 0.86909948918780655 1 1 4
1 0.60946402106423991 0.2537303937893528 0.98999999999999999 -0 -0 1 
7 0 0  3 19 17  0.60946402106423991 0.2537303937893528 0.98999999999999999  0.61363466496394914 0.25367571383060256 0.98999999999999999  0.62176887146948989 0.25356906888874603 0.98999999999999999  0.63363558437039913 0.2522013351641828 0.98999999999999999  0.64487177336907953 0.25016514049012162 0.98999999999999999  0.65553551756843398 0.24738257277435305 0.98999999999999999  0.6655412898995644 0.24364222257889345 0.98999999999999999  0.67488613299997524 0.23902925651541826 0.99000000000000021  0.68363943123742277 0.23368239254464454 0.98999999999999999  0.6916992236594578 0.22753988078527443 0.98999999999999977  0.69891092183198045 0.22067743390039476 0.99000000000000044  0.70528717105647531 0.21335731999879232 0.98999999999999999  0.71068982474821729 0.20552301669362158 0.98999999999999977  0.71504586957606375 0.19713645906224617 0.98999999999999999  0.71848296794850286 0.18829536831345453 0.98999999999999977  0.72093623048504984 0.17896622454060013 0.99000000000000021  0.72241862518145261 0.16914932245716127 0.98999999999999977  0.72257176697597669 0.1624246941102144 0.98999999999999977  0.72264999667399599 0.15898954013081623 0.98999999999999999 
 0 4 0.075440593977085843 1 0.14713540284583457 1 0.2158551651153319 1 0.28199144316034186 1 0.34629961038298923 1 0.40881075987514559 1 0.47031959335376589 1 0.53165805860940674 1 0.59182733591457237 1 0.65017720281031743 1 0.70705751660545335 1 0.76361355350109805 1 0.82082184928072288 1 0.87836911648240434 1 0.93786707726042751 1 1 4
1 0.72264999667399599 0.15898954013081623 0.98999999999999999 -0 -0 1 
7 0 0  3 19 17  0.72264999667399599 0.15898954013081623 0.98999999999999999  0.72260171333766698 0.15583612946935882 0.98999999999999977  0.72250722899127284 0.14966530599456027 0.98999999999999999  0.72146510096258376 0.14062397734911569 0.98999999999999999  0.71989127063676117 0.13200755305268402 0.99000000000000021  0.71768182158685589 0.12378639683710711 0.98999999999999999  0.71480604052544805 0.11602342408793592 0.98999999999999977  0.71122193072889883 0.10871122043627299 0.98999999999999999  0.70717644473791808 0.10174865730232732 0.99000000000000021  0.70228071728819119 0.095333752224632334 0.98999999999999977  0.6968793238447053 0.089260915100226323 0.99000000000000021  0.69074668373027448 0.083703521733470232 0.98999999999999977  0.68398877657747281 0.078594211818251922 0.98999999999999999  0.67665565273239581 0.073825229299346207 0.98999999999999977  0.66861193928643914 0.069598923078309394 0.99000000000000021  0.65999593650885868 0.065699796258293613 0.98999999999999977  0.65073181386741308 0.062238909040989207 0.98999999999999977  0.64425971230766699 0.06039293956533983 0.98999999999999977  0.64094267960082518 0.059446857203986937 0.98999999999999999 
 0 4 0.067390246732760117 1 0.13187413919593594 1 0.19430523069725289 1 0.25452311050832305 1 0.31364823141475912 1 0.37098214746696728 1 0.42845997675762798 1 0.48549463166515322 1 0.54319021474927109 1 0.60201766323865191 1 0.66209573799586097 1 0.72417136395005266 1 0.78881063951191521 1 0.85615270811392397 1 0.92627647023582294 1 1 4
1 0.64094267960082518 0.059446857203986937 0.98999999999999999 -0 -0 1 
1 0.64094267960082518 0.059446857203986937 0.98999999999999999 0 -1 0 
1 0.64094267960082518 0.058456003545450365 0.98999999999999999 -0 -0 1 
7 0 0  3 19 17  0.64094267960082518 0.058456003545450365 0.98999999999999999  0.64455733107645385 0.057994068812621209 0.98999999999999999  0.65164728228322699 0.057088007816546112 0.99000000000000021  0.66195398493240121 0.054971910815732945 0.98999999999999977  0.67166632939652671 0.052108322324351315 0.99000000000000021  0.68085767916578344 0.048765554858082746 0.98999999999999977  0.68934418179891621 0.044478854954714285 0.99000000000000021  0.69732953097977735 0.039717300889190135 0.98999999999999999  0.70465945874505842 0.034166569780650594 0.99000000000000021  0.71144280861936293 0.028097849940319563 0.98999999999999999  0.71755123455906411 0.021486163601652949 0.99000000000000021  0.72282872662365438 0.014374427842481049 0.98999999999999999  0.7272626721931098 0.006847783097681066 0.99000000000000021  0.73096303265201767 -0.0010224189611375792 0.98999999999999977  0.73376694330640058 -0.0093167544462427511 0.99000000000000044  0.73584990189381461 -0.017983435391271608 0.98999999999999999  0.73708846543765016 -0.027077069070497072 0.99000000000000021  0.73721820339867727 -0.033283073252735912 0.98999999999999999  0.73728414301545941 -0.036437289137476472 0.98999999999999999 
 0 4 0.073056815191308438 1 0.14329715009066465 1 0.21068803270440151 1 0.27597998089694159 1 0.3390909043869263 1 0.40103752264173403 1 0.46217227879473555 1 0.52313910828239385 1 0.58335201556408278 1 0.64234784714740067 1 0.70036326694836015 1 0.7582555282612643 1 0.8164161627718215 1 0.87560525102145759 1 0.93677608301822246 1 1 4
1 0.73728414301545941 -0.036437289137476472 0.98999999999999999 -0 -0 1 
7 0 0  3 19 17  0.73728414301545941 -0.036437289137476472 0.98999999999999999  0.73717306428033613 -0.040813945305582355 0.98999999999999999  0.73695569903501168 -0.0493784373357221 0.99000000000000021  0.73507313081621983 -0.061897655385254866 0.98999999999999977  0.7320336398956403 -0.073784188626102018 0.99000000000000021  0.7277636253636961 -0.085049659038654551 0.98999999999999999  0.72222640059463483 -0.095616475626246186 0.98999999999999999  0.71554081532796876 -0.10556643205970422 0.98999999999999977  0.70756254039852318 -0.11480319061885587 0.99000000000000021  0.69841668336658991 -0.12330905733074214 0.98999999999999977  0.68829347647278705 -0.13097431200171675 0.99000000000000021  0.67734754706735623 -0.13775042005169363 0.98999999999999999  0.66553776664383801 -0.14335832425960926 0.99000000000000021  0.65297967808806023 -0.14805777804011638 0.98999999999999977  0.63956606824077822 -0.15159857796153881 0.98999999999999999  0.62537505409737182 -0.15418791718477348 0.98999999999999999  0.61038658828805992 -0.15571471520234959 0.98999999999999999  0.60014334207307851 -0.15592049238712072 0.98999999999999999  0.59490609423497165 -0.15602570377162286 0.99000000000000021 
 0 4 0.062762801274436925 1 0.12281785241009482 1 0.18116727397800714 1 0.2385060406396679 1 0.29524265290811846 1 0.35195818525302225 1 0.41011602003894027 1 0.46994831387152741 1 0.53082189831441873 1 0.59202525812627749 1 0.65430352859789154 1 0.7180837371812151 1 0.78413277799526182 1 0.85305428880463707 1 0.92486843602846869 1 1 4
1 0.59490609423497165 -0.15602570377162286 0.99000000000000021 -0 -0 1 
7 0 0  3 11 9  0.59490609423497165 -0.15602570377162286 0.99000000000000021  0.59027996819857065 -0.15597797227147284 0.99000000000000021  0.58124514743751399 -0.1558847526866369 0.98999999999999999  0.56804462140809098 -0.1548446951706523 0.99000000000000021  0.5555128275561475 -0.15330238855266407 0.98999999999999999  0.54368421227595054 -0.15099036226933099 0.98999999999999977  0.53250697929818847 -0.1481412665088408 0.99000000000000021  0.52205624521077398 -0.14452154506488618 0.99000000000000021  0.51221336899138503 -0.14039971538103568 0.98999999999999999  0.50613198397877268 -0.13697845905015879 0.99000000000000021  0.50313780155204479 -0.13529399645454965 0.98999999999999999 
 0 4 0.14576530528004075 1 0.28467953445781879 1 0.41706897315674685 1 0.54348306759648235 1 0.66428226347514152 1 0.7802560815042977 1 0.89180862948561457 1 1 4
1 0.41533292350326395 0.24885234500886505 0.98999999999999999 -0 -0 1 
1 0.41533292350326395 0.24885234500886505 0.98999999999999999 0 -1 0 
1 0.41533292350326395 -0.15114765499113503 0.98999999999999999 -0 -0 1 
1 0.41533292350326395 -0.15114765499113503 0.98999999999999999 -1 0 0 
1 0.35168963082033711 -0.15114765499113503 0.98999999999999999 -0 -0 1 
1 0.35168963082033711 -0.15114765499113503 0.98999999999999999 -0.53413351626682459 0.84540013413793458 0 
1 0.15550060643009322 0.15937063769179183 0.98999999999999999 -0 -0 1 
7 0 0  3 5 3  0.15550060643009322 0.15937063769179183 0.98999999999999999  0.15290403220868251 0.16368612337089908 0.99000000000000021  0.1478595522280205 0.17207000892887167 0.99000000000000021  0.14402362844621266 0.18107022690117067 0.98999999999999999  0.14216219179594691 0.18543771086252359 0.99000000000000021 
 0 4 0.5147357569788642 1 1 4
1 0.14216219179594691 0.18543771086252359 0.99000000000000021 -0 -0 1 
1 0.14216219179594689 0.18543771086252356 0.98999999999999999 -1 0 0 
1 0.14056158203984931 0.18543771086252356 0.98999999999999999 -0 -0 1 
7 0 0  3 11 9  0.14056158203984931 0.18543771086252356 0.98999999999999999  0.14069886720398181 0.18416823727771756 0.98999999999999999  0.1410058932946224 0.18132917222376713 0.99000000000000021  0.1412601033615884 0.1765966764983069 0.98999999999999977  0.14159130820654312 0.17098449913510558 0.99000000000000021  0.14180859896198128 0.16445317606054646 0.99000000000000021  0.14193348296489122 0.15700786595202598 0.99000000000000021  0.14211046613289241 0.1486497923896499 0.98999999999999999  0.14217732184016499 0.13937581591856477 0.98999999999999977  0.14216740363242264 0.13289705768035384 0.98999999999999999  0.14216219179594689 0.12949258891130405 0.98999999999999999 
 0 4 0.068405408252566219 1 0.15298262712630942 1 0.25386725867935844 1 0.36965137893138045 1 0.50308837148621377 1 0.65285815617669052 1 0.81758332040289472 1 1 4
1 0.14216219179594689 0.12949258891130405 0.98999999999999999 -0 -0 1 
1 0.14216219179594689 0.12949258891130405 0.98999999999999999 0 -1 0 
1 0.14216219179594689 -0.15114765499113503 0.98999999999999999 -0 -0 1 
1 0.14216219179594689 -0.15114765499113503 0.98999999999999999 -1 0 0 
1 0.088503655210581025 -0.15114765499113503 0.98999999999999999 -0 -0 1 
1 0.088503655210581025 -0.15114765499113503 0.98999999999999999 0 1 0 
1 0.088503655210581025 0.24885234500886505 0.98999999999999999 -0 -0 1 
1 0.088503655210581025 0.24885234500886505 0.98999999999999999 1 0 0 
1 0.15679633813741028 0.24885234500886505 0.98999999999999999 -0 -0 1 
1 0.15679633813741028 0.24885234500886505 0.98999999999999999 0.5303998435916556 -0.8477476074386453 0 
1 0.34711646008862979 -0.055339728161866719 0.98999999999999999 -0 -0 1 
7 0 0  3 11 9  0.34711646008862979 -0.055339728161866719 0.98999999999999999  0.34818092315001653 -0.05706899330250069 0.99000000000000021  0.35020254348617591 -0.060353200807421466 0.99000000000000021  0.35310703074601935 -0.064981768847567289 0.98999999999999977  0.35565628733466798 -0.06914365501961954 0.98999999999999999  0.35783682670980999 -0.072830616667431916 0.98999999999999999  0.35967636253279089 -0.076026855552923281 0.98999999999999977  0.36113600366498472 -0.078728063303611387 0.98999999999999977  0.3622942612653352 -0.080931849195458427 0.99000000000000021  0.36292306264444019 -0.082268765790119686 0.99000000000000021  0.3631987771618006 -0.082854972064305754 0.98999999999999999 
 0 4 0.19104376725050345 1 0.36282890311570315 1 0.51409851060298262 1 0.6501981344949076 1 0.76582489239913942 1 0.86101723428008303 1 0.93905934776029165 1 1 4
1 0.3631987771618006 -0.082854972064305754 0.98999999999999999 -0 -0 1 
1 0.3631987771618006 -0.082854972064305754 0.98999999999999999 1 0 0 
1 0.36426585033253228 -0.082854972064305754 0.98999999999999999 -0 -0 1 
7 0 0  3 11 9  0.36426585033253228 -0.082854972064305754 0.98999999999999999  0.36405120040253042 -0.081331927139659629 0.98999999999999999  0.36358355548903509 -0.078013760616010716 0.98999999999999999  0.36309245675827689 -0.072646217661628459 0.98999999999999999  0.3625995329046679 -0.066500061211960754 0.98999999999999999  0.36236349124581052 -0.059607608444184071 0.99000000000000021  0.36202552709214991 -0.05196279666286116 0.98999999999999999  0.36178518626409445 -0.04357797207742805 0.99000000000000021  0.36175826650556264 -0.03443005810610901 0.98999999999999999  0.3617030825197674 -0.028078503844936847 0.98999999999999977  0.36167438691789816 -0.024775703771622814 0.98999999999999999 
 0 4 0.079299964594997746 1 0.1727660711694386 1 0.27786620732108963 1 0.39719790136866029 1 0.52830989431260256 1 0.67247143017139799 1 0.82968556357059109 1 1 4
1 0.36167438691789816 -0.024775703771622814 0.98999999999999999 -0 -0 1 
1 0.36167438691789816 -0.024775703771622814 0.98999999999999999 0 1 0 
1 0.36167438691789816 0.24885234500886505 0.98999999999999999 -0 -0 1 
1 0.36167438691789816 0.24885234500886505 0.98999999999999999 1 0 0 
1 0.010454874722776165 0.24885234500886505 0.98999999999999999 -0 -0 1 
1 0.010454874722776165 0.24885234500886505 0.98999999999999999 0 -1 0 
1 0.010454874722776165 0.2049499059844748 0.98999999999999999 -0 -0 1 
1 0.010454874722776165 0.2049499059844748 0.98999999999999999 -1 0 0 
1 -0.14076463747234583 0.2049499059844748 0.98999999999999999 -0 -0 1 
1 -0.14076463747234583 0.2049499059844748 0.98999999999999999 0 -1 0 
1 -0.14076463747234583 0.06836454013081622 0.98999999999999999 -0 -0 1 
1 -0.14076463747234583 0.06836454013081622 0.98999999999999999 1 0 0 
1 0.00069877716180052961 0.06836454013081622 0.98999999999999999 -0 -0 1 
1 0.00069877716180052961 0.06836454013081622 0.98999999999999999 0 -1 0 
1 0.00069877716180052961 0.024462101106425962 0.98999999999999999 -0 -0 1 
1 0.00069877716180052961 0.024462101106425962 0.98999999999999999 -1 0 0 
1 -0.14076463747234583 0.024462101106425962 0.98999999999999999 -0 -0 1 
1 -0.14076463747234583 0.024462101106425962 0.98999999999999999 0 -1 0 
1 -0.14076463747234583 -0.15114765499113503 0.98999999999999999 -0 -0 1 
1 -0.14076463747234583 -0.15114765499113503 0.98999999999999999 -1 0 0 
1 -0.1944231740577117 -0.15114765499113503 0.98999999999999999 -0 -0 1 
1 -0.1944231740577117 -0.15114765499113503 0.98999999999999999 0 1 0 
1 -0.1944231740577117 0.24885234500886505 0.98999999999999999 -0 -0 1 
1 -0.1944231740577117 0.24885234500886505 0.98999999999999999 1 0 0 
1 -0.45966707649673599 -0.15602570377162284 0.98999999999999999 -0 -0 1 
7 0 0  3 19 17  -0.45966707649673599 -0.15602570377162284 0.98999999999999999  -0.46661358238350947 -0.15589066078921965 0.98999999999999999  -0.48020487320247501 -0.15562644040607759 0.98999999999999977  -0.50003257661735223 -0.15279602359412159 0.98999999999999999  -0.51887883262412993 -0.14867905482557661 0.99000000000000021  -0.53659138753854096 -0.14245745038319491 0.98999999999999977  -0.55333875891992679 -0.1347508645875212 0.98999999999999999  -0.56884991851048894 -0.12498676672873353 0.98999999999999999  -0.583484166964512 -0.1137677690015543 0.98999999999999999  -0.59680743884417287 -0.10073203545505791 0.99000000000000021  -0.60882462497134171 -0.086332278144983218 0.98999999999999999  -0.61942385568170655 -0.07082690400603614 0.99000000000000021  -0.62826510873264141 -0.054184556525582184 0.98999999999999999  -0.63555233967481595 -0.0365498607156588 0.98999999999999999  -0.641184152092795 -0.017857091692093964 0.99000000000000021  -0.64522069230620305 0.0018841956077509845 0.98999999999999955  -0.64758169135221788 0.022677029839629565 0.98999999999999999  -0.64791277662866797 0.036879845163552236 0.99000000000000021  -0.64808171064307751 0.044126735252767432 0.98999999999999999 
 0 4 0.067285917427685027 1 0.13164927615217778 1 0.19378127125042052 1 0.25398428053623523 1 0.3132568206837188 1 0.37209649699929431 1 0.43125688949720947 1 0.49168914864994651 1 0.55235578977167676 1 0.6128061105703646 1 0.67340273246219251 1 0.73468605174127311 1 0.79747830035758482 1 0.86234241732049211 1 0.92976115306201668 1 1 4
1 -0.64808171064307751 0.044126735252767432 0.98999999999999999 -0 -0 1 
7 0 0  3 19 17  -0.64808171064307751 0.044126735252767432 0.98999999999999999  -0.6479224655607696 0.05193294384042426 0.98999999999999999  -0.64761197755495015 0.067153094455230058 0.99000000000000021  -0.64514353025691251 0.089387404516685767 0.98999999999999977  -0.64104452460086336 0.11039674807765293 0.98999999999999999  -0.63536897311948437 0.13022553202909018 0.98999999999999999  -0.62794981173307751 0.148800065424426 0.98999999999999977  -0.61880987124888953 0.16611459179680571 0.99000000000000021  -0.60813954697953776 0.18227305142225961 0.98999999999999977  -0.59582517837252869 0.19707083516242324 0.98999999999999999  -0.58217027862807746 0.21044265630197367 0.98999999999999977  -0.56710199055202148 0.22195682508102649 0.99000000000000066  -0.55102456737778205 0.231922594875618 0.98999999999999955  -0.53368508662689007 0.23992822457296817 0.98999999999999999  -0.51517169403584939 0.24612102928117613 0.99000000000000021  -0.49552762694846769 0.25048555417386592 0.99000000000000021  -0.47473391739193849 0.25322618016015946 0.98999999999999977  -0.46048885341397777 0.25355954701615457 0.98999999999999999  -0.45318841796015064 0.2537303937893528 0.98999999999999999 
 0 4 0.072406929923509361 1 0.14117536914579165 1 0.20723123191935758 1 0.27078602106105354 1 0.33223736355604022 1 0.39243925645280675 1 0.45212399551723242 1 0.51154566521087497 1 0.57071811956346041 1 0.62903565709025311 1 0.6871260247148121 1 0.74586311828066221 1 0.8057898438946417 1 0.86788869474217945 1 0.93229443839299375 1 1 4
1 -0.45318841796015064 0.2537303937893528 0.98999999999999999 -0 -0 1 
7 0 0  3 19 17  -0.45318841796015064 0.2537303937893528 0.98999999999999999  -0.44636973213254882 0.2535919621003333 0.99000000000000021  -0.4330329837341661 0.25332120191963359 0.99000000000000021  -0.41356523670988793 0.25053985012972224 0.98999999999999977  -0.39512654178965018 0.2462377445814746 0.99000000000000021  -0.37765878680062226 0.24022182769705064 0.98999999999999955  -0.36128860539188978 0.23228893575148987 0.98999999999999999  -0.34585904298624098 0.22274579005923689 0.98999999999999999  -0.33152385278635155 0.21135177609934566 0.98999999999999977  -0.31833008023424458 0.19834069684360869 0.99000000000000021  -0.30637739791938984 0.18398408170467609 0.98999999999999999  -0.29598117679630837 0.16843996444866191 0.99000000000000021  -0.28715383123092619 0.15187527560539565 0.98999999999999999  -0.27997874214937973 0.13424777208757885 0.99000000000000021  -0.27440111100488779 0.11556046720828343 0.98999999999999977  -0.27050678268988138 0.095805183905038727 0.98999999999999999  -0.2679655847510789 0.07503646947890201 0.99000000000000021  -0.26771945699864502 0.060826529731601825 0.98999999999999977  -0.26759390576502867 0.053577954764962556 0.98999999999999999 
 0 4 0.06656691929222551 1 0.13019902613229653 1 0.1916593199628952 1 0.25130916690521382 1 0.31025009250233143 1 0.36899266456563207 1 0.42817760551191841 1 0.48872265882319538 1 0.54970003567605352 1 0.61034063728079613 1 0.67107055210974398 1 0.73273394164289418 1 0.79594067723043549 1 0.8612574132165538 1 0.92922657947537468 1 1 4
1 -0.26759390576502867 0.053577954764962556 0.98999999999999999 -0 -0 1 
7 0 0  3 11 9  -0.26759390576502867 0.053577954764962556 0.98999999999999999  -0.26775165891992181 0.045745934360508465 0.98999999999999999  -0.26805976979822355 0.030449056860167776 0.98999999999999999  -0.27055504071860664 0.0081246403263152099 0.98999999999999999  -0.27451860467432926 -0.012984011126894108 0.98999999999999999  -0.28025060451451894 -0.032844440952179491 0.99000000000000044  -0.28763938323923427 -0.051442250000032302 0.98999999999999977  -0.29670740850413219 -0.068760366767411166 0.99000000000000021  -0.30726314039968844 -0.084961506596585676 0.98999999999999999  -0.31567320628419049 -0.094632659629480573 0.98999999999999999  -0.31988049113088235 -0.09947082572284234 0.98999999999999999 
 0 4 0.14181919789446243 1 0.27698994453007647 1 0.40631415105670105 1 0.53039153759149549 1 0.65078963242762122 1 0.76810750786378812 1 0.88399166170336807 1 1 4
1 -0.31988049113088235 -0.09947082572284234 0.98999999999999999 -0 -0 1 
7 0 0  3 5 3  -0.31988049113088235 -0.09947082572284234 0.98999999999999999  -0.32407258001198214 -0.10377811481690359 0.98999999999999999  -0.33236985249043327 -0.11230339953069306 0.98999999999999999  -0.34186130211126942 -0.11947460681236514 0.98999999999999999  -0.34655732039917508 -0.12302265499113506 0.99000000000000021 
 0 4 0.50523697901775921 1 1 4
1 -0.34655732039917508 -0.12302265499113506 0.99000000000000021 -0 -0 1 
1 -0.34655732039917503 -0.12302265499113503 0.98999999999999999 0.81036232485160764 -0.58592909337316368 0 
1 -0.23344756430161404 -0.2048061915765009 0.98999999999999999 -0 -0 1 
1 -0.23344756430161404 -0.2048061915765009 0.98999999999999999 -1 0 0 
1 -0.31888963747234572 -0.2048061915765009 0.98999999999999999 -0 -0 1 
1 -0.31888963747234572 -0.2048061915765009 0.98999999999999999 -0.79721991120596836 0.60368900369043332 0 
1 -0.39518536917966285 -0.14703180133259844 0.98999999999999999 -0 -0 1 
7 0 0  3 7 5  -0.39518536917966285 -0.14703180133259844 0.98999999999999999  -0.4001939478714765 -0.14844960854506192 0.98999999999999999  -0.41034304350141942 -0.1513225714891471 0.99000000000000021  -0.42621791118689289 -0.15388561761213465 0.99000000000000021  -0.44270001072935961 -0.15578832458784003 0.98999999999999955  -0.45394454910564486 -0.15594564226305699 0.98999999999999977  -0.45966707649673599 -0.15602570377162284 0.98999999999999999 
 0 4 0.23883109989224202 1 0.48395359669054455 1 0.73737564147226276 1 1 4
7 0 0  3 19 17  -0.32125244235039457 0.047709052325938181 0.98999999999999999  -0.32133472083448672 0.05398910961334373 0.98999999999999999  -0.3214949601725372 0.066219673092437994 0.98999999999999977  -0.32331844568029955 0.084017684643120497 0.98999999999999999  -0.32609708949800492 0.100730510810553 0.99000000000000044  -0.32991591656176505 0.11637574290851606 0.98999999999999999  -0.33508118884281785 0.13083994515920536 0.99000000000000021  -0.34121296346628843 0.14426341733300757 0.98999999999999999  -0.3485869635267641 0.15655084164992603 0.99000000000000021  -0.35704525304308937 0.16769702436511649 0.98999999999999999  -0.36648814032188809 0.17761024478118598 0.98999999999999977  -0.37682012341426724 0.18624991504860183 0.98999999999999999  -0.38797218118659604 0.19361082184777983 0.99000000000000021  -0.40001233038690132 0.19957044138605384 0.98999999999999999  -0.41288232059594476 0.20417804426508482 0.98999999999999977  -0.42656052940171252 0.20740778465152088 0.99000000000000021  -0.44108470558759083 0.20944839362941209 0.98999999999999999  -0.45104726461953004 0.20969921159561794 0.98999999999999999  -0.45616097893576041 0.20982795476496255 0.98999999999999999 
 0 4 0.078823679906267444 1 0.15351102332821034 1 0.22436120637511081 1 0.29143919872762175 1 0.3554056791366248 1 0.41691984670657289 1 0.47644148217115628 1 0.53494662534553794 1 0.59225594757418598 1 0.64796622723174091 1 0.70370572429246225 1 0.75962839409402882 1 0.8162347051269695 1 0.87495945873844894 1 0.93581753403835033 1 1 4
7 0 0  3 19 17  -0.45951463747234578 -0.11212326474723258 0.99000000000000044  -0.45427445452087978 -0.11199208572018557 0.98999999999999999  -0.44403477543670877 -0.1117357528493725 0.98999999999999999  -0.4291259982307265 -0.10972221261576041 0.98999999999999999  -0.41507808575143018 -0.10645593794861324 0.99000000000000021  -0.40186625823684774 -0.10188760352350648 0.98999999999999999  -0.389540153153493 -0.095918290165290715 0.99000000000000021  -0.37809437156091896 -0.088610797580894948 0.98999999999999999  -0.36751846771066765 -0.080034606867217625 0.99000000000000044  -0.35788622586096741 -0.070153761514761021 0.98999999999999977  -0.34928272033462532 -0.059063266081347647 0.98999999999999977  -0.34170453494729669 -0.046926367775627295 0.99000000000000044  -0.33536433997684262 -0.033697175808860114 0.98999999999999999  -0.33018083216611421 -0.019448157672262417 0.98999999999999977  -0.32616271777574635 -0.0041362238624281025 0.98999999999999999  -0.32327297175250219 0.012226015305931313 0.98999999999999977  -0.32162384716208481 0.029636527987529422 0.99000000000000021  -0.32137834532412113 0.041582625081776535 0.98999999999999999  -0.32125244235039457 0.047709052325938181 0.98999999999999999 
 0 4 0.065639884264478462 1 0.12826486331022929 1 0.18810705394250404 1 0.24609675466812506 1 0.30304697594563806 1 0.359299845023828 1 0.41587784156166041 1 0.47328178602336168 1 0.53180205316050932 1 0.59142709162227713 1 0.65222270484779143 1 0.71526620176683686 1 0.78113110249549256 1 0.85032080201867499 1 0.92323863524944449 1 1 4
7 0 0  3 19 17  -0.59442317405771172 0.048471247447889408 0.99000000000000021  -0.59430732693450594 0.042546720972076825 0.99000000000000021  -0.59408107066363147 0.030975770999219186 0.99000000000000021  -0.5922824299567635 0.014087340769676323 0.99000000000000021  -0.58946057693747056 -0.0019175370837882923 0.98999999999999999  -0.58526659790945179 -0.016978726467058131 0.98999999999999977  -0.58019735808209472 -0.031249554494245074 0.99000000000000021  -0.57358996922057293 -0.044469033283522426 0.99000000000000021  -0.56608229070321436 -0.056925569241129743 0.98999999999999955  -0.55730586372766489 -0.068295134396819071 0.98999999999999999  -0.54767332062261542 -0.078608733664969413 0.98999999999999999  -0.53717890445608663 -0.087564913216998816 0.99000000000000021  -0.52597859827072324 -0.09519957612944184 0.98999999999999999  -0.51403703692334024 -0.10136812394554677 0.98999999999999999  -0.50141839794861465 -0.10623694746040932 0.99000000000000021  -0.48808941826561325 -0.10963183833236448 0.98999999999999999  -0.4740390711515835 -0.11175440964133435 0.99000000000000021  -0.46442583673696269 -0.11199854243689378 0.99000000000000021  -0.45951463747234578 -0.11212326474723258 0.99000000000000044 
 0 4 0.075376535614279955 1 0.14721482405064806 1 0.21589525640711368 1 0.28193761662880845 1 0.34596683609296824 1 0.40828680118356125 1 0.46966963409862955 1 0.5307793875761978 1 0.59070508107431285 1 0.64895365416571293 1 0.70598626760042094 1 0.76281691055087686 1 0.81961811614990598 1 0.87772564371369022 1 0.93753260320361331 1 0.99999999999999989 4
7 0 0  3 19 17  -0.45616097893576041 0.20982795476496255 0.98999999999999999  -0.46120016021727023 0.20971155588985299 0.98999999999999999  -0.47107180478792626 0.20948353307040768 0.98999999999999999  -0.48546391525354016 0.20724413626353955 0.99000000000000021  -0.49915709161734345 0.20386361641500561 0.98999999999999999  -0.51211774597582516 0.19897340184740092 0.99000000000000044  -0.52428361517128796 0.19255610848933499 0.98999999999999977  -0.53582413784528793 0.18492850335070479 0.99000000000000044  -0.54652082459121465 0.17577172863226923 0.98999999999999999  -0.55639674231607816 0.1653229199116345 0.99000000000000021  -0.56535839208951444 0.15380080219910958 0.98999999999999999  -0.5731644986319423 0.14130912433779835 0.98999999999999977  -0.5797665765540998 0.12796113681532506 0.99000000000000021  -0.58507397366922065 0.11371787075202426 0.98999999999999977  -0.58927092758283761 0.098621503146011633 0.99000000000000021  -0.59232740158069819 0.082670349991765354 0.98999999999999977  -0.59406542341444701 0.065837276378188078 0.99000000000000044  -0.59430218964150128 0.054344105852421339 0.98999999999999999  -0.59442317405771172 0.048471247447889408 0.99000000000000021 
 0 4 0.063282943207204928 1 0.12396988475464467 1 0.18258994024729089 1 0.24028802985101136 1 0.29755428990672317 1 0.355113519331545 1 0.41377877148124653 1 0.47407897217794243 1 0.53551716296165308 1 0.59690970779874075 1 0.65887986950472588 1 0.72233253168409883 1 0.78763626150832655 1 0.85557716147603347 1 0.92620183620087271 1 1 4
7 0 0  3 19 17  -0.45616097893576041 0.20982795476496255 1  -0.46120016021727023 0.20971155588985299 1  -0.47107180478792626 0.20948353307040768 1  -0.48546391525354016 0.20724413626353955 1.0000000000000002  -0.49915709161734345 0.20386361641500561 1  -0.51211774597582516 0.19897340184740092 1.0000000000000004  -0.52428361517128796 0.19255610848933499 0.99999999999999978  -0.53582413784528793 0.18492850335070479 1.0000000000000004  -0.54652082459121465 0.17577172863226923 1  -0.55639674231607816 0.1653229199116345 1.0000000000000002  -0.56535839208951444 0.15380080219910958 1  -0.5731644986319423 0.14130912433779835 0.99999999999999978  -0.5797665765540998 0.12796113681532506 1.0000000000000002  -0.58507397366922065 0.11371787075202426 0.99999999999999978  -0.58927092758283761 0.098621503146011633 1.0000000000000002  -0.59232740158069819 0.082670349991765354 0.99999999999999978  -0.59406542341444701 0.065837276378188078 1.0000000000000004  -0.59430218964150128 0.054344105852421339 1  -0.59442317405771172 0.048471247447889408 1.0000000000000007 
 0 4 0.063282943207204928 1 0.12396988475464467 1 0.18258994024729089 1 0.24028802985101136 1 0.29755428990672317 1 0.355113519331545 1 0.41377877148124653 1 0.47407897217794243 1 0.53551716296165308 1 0.59690970779874075 1 0.65887986950472588 1 0.72233253168409883 1 0.78763626150832655 1 0.85557716147603347 1 0.92620183620087271 1 1 4
1 -0.45616097893576041 0.20982795476496255 0.98999999999999999 -0 -0 1 
1 -0.59442317405771172 0.048471247447889408 0.99000000000000021 -0 -0 1 
7 0 0  3 19 17  -0.32125244235039457 0.047709052325938181 1  -0.32133472083448672 0.05398910961334373 1  -0.3214949601725372 0.066219673092437994 0.99999999999999978  -0.32331844568029955 0.084017684643120497 1  -0.32609708949800492 0.100730510810553 1.0000000000000004  -0.32991591656176505 0.11637574290851606 1  -0.33508118884281785 0.13083994515920536 1.0000000000000002  -0.34121296346628843 0.14426341733300757 1  -0.3485869635267641 0.15655084164992603 1.0000000000000002  -0.35704525304308937 0.16769702436511649 1  -0.36648814032188809 0.17761024478118598 0.99999999999999978  -0.37682012341426724 0.18624991504860183 1  -0.38797218118659604 0.19361082184777983 1.0000000000000002  -0.40001233038690132 0.19957044138605384 1  -0.41288232059594476 0.20417804426508482 0.99999999999999978  -0.42656052940171252 0.20740778465152088 1.0000000000000002  -0.44108470558759083 0.20944839362941209 1  -0.45104726461953004 0.20969921159561794 1  -0.45616097893576041 0.20982795476496255 1 
 0 4 0.078823679906267444 1 0.15351102332821034 1 0.22436120637511081 1 0.29143919872762175 1 0.3554056791366248 1 0.41691984670657289 1 0.47644148217115628 1 0.53494662534553794 1 0.59225594757418598 1 0.64796622723174091 1 0.70370572429246225 1 0.75962839409402882 1 0.8162347051269695 1 0.87495945873844894 1 0.93581753403835033 1 1 4
1 -0.32125244235039457 0.047709052325938181 0.98999999999999999 -0 -0 1 
7 0 0  3 19 17  -0.45951463747234578 -0.11212326474723258 1.0000000000000002  -0.45427445452087978 -0.11199208572018557 1  -0.44403477543670877 -0.1117357528493725 1  -0.4291259982307265 -0.10972221261576041 1  -0.41507808575143018 -0.10645593794861324 1.0000000000000002  -0.40186625823684774 -0.10188760352350648 1  -0.389540153153493 -0.095918290165290715 1.0000000000000002  -0.37809437156091896 -0.088610797580894948 1  -0.36751846771066765 -0.080034606867217625 1.0000000000000004  -0.35788622586096741 -0.070153761514761021 0.99999999999999978  -0.34928272033462532 -0.059063266081347647 0.99999999999999978  -0.34170453494729669 -0.046926367775627295 1.0000000000000004  -0.33536433997684262 -0.033697175808860114 1  -0.33018083216611421 -0.019448157672262417 0.99999999999999978  -0.32616271777574635 -0.0041362238624281025 1  -0.32327297175250219 0.012226015305931313 0.99999999999999978  -0.32162384716208481 0.029636527987529422 1.0000000000000002  -0.32137834532412113 0.041582625081776535 1  -0.32125244235039457 0.047709052325938181 1 
 0 4 0.065639884264478462 1 0.12826486331022929 1 0.18810705394250404 1 0.24609675466812506 1 0.30304697594563806 1 0.359299845023828 1 0.41587784156166041 1 0.47328178602336168 1 0.53180205316050932 1 0.59142709162227713 1 0.65222270484779143 1 0.71526620176683686 1 0.78113110249549256 1 0.85032080201867499 1 0.92323863524944449 1 1 4
1 -0.45951463747234578 -0.11212326474723258 0.98999999999999999 -0 -0 1 
7 0 0  3 19 17  -0.59442317405771172 0.048471247447889408 1.0000000000000007  -0.59430732693450594 0.042546720972076825 1.0000000000000002  -0.59408107066363147 0.030975770999219186 1.0000000000000002  -0.5922824299567635 0.014087340769676323 1.0000000000000002  -0.58946057693747056 -0.0019175370837882923 1  -0.58526659790945179 -0.016978726467058131 0.99999999999999978  -0.58019735808209472 -0.031249554494245074 1.0000000000000002  -0.57358996922057293 -0.044469033283522426 1.0000000000000002  -0.56608229070321436 -0.056925569241129743 0.99999999999999956  -0.55730586372766489 -0.068295134396819071 1  -0.54767332062261542 -0.078608733664969413 1  -0.53717890445608663 -0.087564913216998816 1.0000000000000002  -0.52597859827072324 -0.09519957612944184 1  -0.51403703692334024 -0.10136812394554677 1  -0.50141839794861465 -0.10623694746040932 1.0000000000000002  -0.48808941826561325 -0.10963183833236448 1  -0.4740390711515835 -0.11175440964133435 1.0000000000000002  -0.46442583673696269 -0.11199854243689378 1.0000000000000002  -0.45951463747234578 -0.11212326474723258 1.0000000000000002 
 0 4 0.075376535614279955 1 0.14721482405064806 1 0.21589525640711368 1 0.28193761662880845 1 0.34596683609296824 1 0.40828680118356125 1 0.46966963409862955 1 0.5307793875761978 1 0.59070508107431285 1 0.64895365416571293 1 0.70598626760042094 1 0.76281691055087686 1 0.81961811614990598 1 0.87772564371369022 1 0.93753260320361331 1 0.99999999999999989 4
1 0.60000000000000009 -0.49900000000000033 0.17999999999999999 0 -1 0 
1 0.60000000000000009 -2.5010000000000003 0.17999999999999999 -0 -0 1 
1 0.60000000000000009 -0.49900000000000033 0.12 0 -1 0 
1 0.40000000000000008 -2.5010000000000003 0.12 1 0 0 
1 0.40000000000000008 -0.49900000000000033 0.12 0 -1 0 
1 0.40000000000000008 -2.5010000000000003 0.17999999999999999 0 0 -1 
1 0.40000000000000008 -0.49900000000000033 0.17999999999999999 0 -1 0 
1 0.40000000000000008 -2.5010000000000003 0.17999999999999999 -1 -0 -0 
1 -0.39999999999999986 -0.49900000000000033 0.18000000000000002 0 -1 0 
1 -0.39999999999999986 -2.5010000000000003 0.18000000000000002 -0 -0 1 
1 -0.39999999999999986 -0.49900000000000033 0.12000000000000002 0 -1 0 
1 -0.59999999999999987 -2.5010000000000003 0.12000000000000002 1 0 0 
1 -0.59999999999999987 -0.49900000000000033 0.12000000000000002 0 -1 0 
1 -0.59999999999999987 -2.5010000000000003 0.17999999999999991 0 0 -1 
1 -0.59999999999999987 -0.49900000000000033 0.17999999999999991 0 -1 0 
1 -0.59999999999999987 -2.5010000000000003 0.17999999999999991 -1 -0 -5.4210108624275232e-16 
1 -0.34600172677248864 0.10349624557799997 0.01 -0 -0 -1 
1 -0.34600172677248864 0.10349624557799997 0.01 -0.36354248565270653 -0.93157761948506013 0 
1 -0.42405050726029353 -0.096503754422000071 0.01 -0 -0 -1 
1 -0.42405050726029353 -0.096503754422000071 0.01 1 0 0 
1 -0.39478221457736673 -0.096503754422000071 0.01 -0 -0 -1 
1 -0.39478221457736673 -0.096503754422000071 0.01 0.33933037727487775 0.94066726054354044 0 
1 -0.37454593408956183 -0.040406193446390307 0.01 -0 -0 -1 
1 -0.37454593408956183 -0.040406193446390307 0.01 1 0 0 
1 -0.29192398287004961 -0.040406193446390307 0.01 -0 -0 -1 
1 -0.29192398287004961 -0.040406193446390307 0.01 0.32220248560611264 -0.94667077607225347 0 
1 -0.27283099506517161 -0.096503754422000071 0.01 -0 -0 -1 
1 -0.27283099506517161 -0.096503754422000071 0.01 1 0 0 
1 -0.24356270238224476 -0.096503754422000071 0.01 -0 -0 -1 
1 -0.24356270238224476 -0.096503754422000071 0.01 -0.35362239232907561 0.93538826358013571 0 
1 -0.31917245847980569 0.10349624557799997 0.01 -0 -0 -1 
1 -0.31917245847980569 0.10349624557799997 0.01 -1 0 0 
1 -0.29866940969931793 -0.018454973934195183 0.01 -1 0 0 
1 -0.32850934872370818 0.06508161143165847 0.01 0.33639082766544859 -0.94172247029714351 0 
7 0 0  3 7 5  -0.33171056823590322 0.079106001675560922 0.01  -0.33147735174141191 0.077681823217916737 0.01  -0.33103678639622913 0.074991431720682761 0.01  -0.33029308875466801 0.071221636229238203 0.01  -0.32946506063683983 0.067963673984564016 0.01  -0.32881163350966974 0.065993187033010908 0.01  -0.32850934872370818 0.06508161143165847 0.01 
 0 4 0.30054111315850784 1 0.56774714648359859 1 0.80003361373697957 1 1 4
1 -0.33235843408956184 0.079106001675560922 0.01 1 0 0 
7 0 0  3 7 5  -0.33544532433346425 0.06508161143165847 0.01  -0.3351957433087861 0.065879578322280571 0.01  -0.33462602992823332 0.067701080639660946 0.01  -0.33387946833438381 0.070844892554432104 0.01  -0.33314751154490596 0.074731622950274287 0.01  -0.33263577329004052 0.077568526881362204 0.01  -0.33235843408956184 0.079106001675560922 0.01 
 0 4 0.17448171531705051 1 0.3982857591281122 1 0.67389784739866643 1 1 4
1 -0.36555203165053746 -0.018454973934195183 0.01 0.33905379548536946 0.94076698696699879 0 
1 -0.29866940969931793 -0.018454973934195183 0 -1 0 0 
1 -0.29866940969931793 -0.018454973934195183 0.01 -0 -0 -1 
1 -0.36555203165053746 -0.018454973934195183 0.01 -0 -0 -1 
1 -0.32850934872370818 0.06508161143165847 0 0.33639082766544859 -0.94172247029714351 0 
1 -0.32850934872370818 0.06508161143165847 0.01 -0 -0 -1 
7 0 0  3 7 5  -0.33171056823590322 0.079106001675560922 0  -0.33147735174141191 0.077681823217916737 -0  -0.33103678639622913 0.074991431720682761 0  -0.33029308875466801 0.071221636229238203 0  -0.32946506063683983 0.067963673984564016 0  -0.32881163350966974 0.065993187033010908 -0  -0.32850934872370818 0.06508161143165847 0 
 0 4 0.30054111315850784 1 0.56774714648359859 1 0.80003361373697957 1 1 4
1 -0.33171056823590322 0.079106001675560922 0.01 -0 -0 -1 
1 -0.33235843408956184 0.079106001675560922 0 1 0 0 
1 -0.33235843408956184 0.079106001675560922 0.01 -0 -0 -1 
7 0 0  3 7 5  -0.33544532433346425 0.06508161143165847 0  -0.3351957433087861 0.065879578322280571 -0  -0.33462602992823332 0.067701080639660946 0  -0.33387946833438381 0.070844892554432104 0  -0.33314751154490596 0.074731622950274287 0  -0.33263577329004052 0.077568526881362204 -0  -0.33235843408956184 0.079106001675560922 0 
 0 4 0.17448171531705051 1 0.3982857591281122 1 0.67389784739866643 1 1 4
1 -0.33544532433346425 0.06508161143165847 0.01 -0 -0 -1 
1 -0.36555203165053746 -0.018454973934195183 0 0.33905379548536946 0.94076698696699879 0 
1 -0.12233556823590315 -0.096503754422000071 0.01 -0 -0 -1 
1 -0.12233556823590315 -0.096503754422000071 0.01 1 0 0 
1 -0.067952946284683638 -0.096503754422000071 0.01 -0 -0 -1 
1 -0.067952946284683638 -0.096503754422000071 0.01 0 1 0 
1 -0.067952946284683638 0.10349624557799997 0.01 -0 -0 -1 
1 -0.067952946284683638 0.10349624557799997 0.01 -1 0 0 
1 -0.12439349506517146 0.10349624557799997 0.01 -0 -0 -1 
7 0 0  3 19 17  -0.12439349506517146 0.10349624557799997 0.01  -0.12806786787844138 0.1034143471874835 0.01  -0.13527228100268957 0.10325376744517736 0.01  -0.14583710983991585 0.10203397639658834 0.01  -0.15591627844188288 0.099917242434826123 0.01  -0.16553750384797836 0.09702954268890332 0.01  -0.17471193065771309 0.093340537779871197 0.01  -0.1833531282186755 0.088719199434822829 0.01  -0.19155590902960404 0.083326141715041407 0.01  -0.19921353152315188 0.077149668058266105 0.01  -0.20619318663484482 0.070282037160697627 0.01  -0.21227761081667471 0.062771102428095485 0.01  -0.21748682288440779 0.054717321507506599 0.01  -0.22167886774262535 0.046057013936845102 0.01  -0.22493386543249216 0.036836841452648095 0.01  -0.22723882826294964 0.027063489863216751 0.01  -0.22869261780311051 0.016725889645832877 0.01  -0.22884872246202634 0.0096368827946357958 0.01  -0.22892855604078122 0.006011489480438963 0.01 
 0 4 0.068631178676601165 1 0.13456646603867722 1 0.19832815401088114 1 0.26078976664084502 1 0.32199915148415842 1 0.38272174650301966 1 0.44353747403572874 1 0.5051334294849249 1 0.56621387476467178 1 0.62610586461754558 1 0.68534932216051658 1 0.74499587034779735 1 0.80541584181456272 1 0.86763626634595314 1 0.93230778230232925 1 1 4
1 -0.22892855604078122 0.006011489480438963 0.01 -0 -0 -1 
7 0 0  3 19 17  -0.22892855604078122 0.006011489480438963 0.01  -0.22884778260025221 0.0022339725791690498 0.01  -0.2286894514808448 -0.0051706702791930754 0.01  -0.22724229575443933 -0.015977109294938726 0.01  -0.22493215653774054 -0.02621651588339247 0.01  -0.22168940416572297 -0.035883072851147196 0.01  -0.21749098694367419 -0.044969807921037372 0.01  -0.21228557501094178 -0.053443523325696157 0.01  -0.20621346492311535 -0.061368828345228915 0.01  -0.19923305500944127 -0.068637139798846739 0.01  -0.19151322469580859 -0.075142252628567038 0.01  -0.18325825743977489 -0.080927615080549173 0.01  -0.17439722198778765 -0.085734480212977568 0.01  -0.16500580029528522 -0.089661917735590124 0.01  -0.15510041798059326 -0.092780068348247119 0.01  -0.14463814643403494 -0.094903064039462234 0.01  -0.1336665343269578 -0.09629874776113824 0.01  -0.12616371163170476 -0.096434493346768957 0.01  -0.12233556823590315 -0.096503754422000071 0.01 
 0 4 0.068068695844994018 1 0.13342743281895506 1 0.19614603381315651 1 0.25704859244931272 1 0.31688266315916197 1 0.37618720866632144 1 0.43596033536354611 1 0.49653523686272621 1 0.55746534348073307 1 0.61768686341014678 1 0.67794364069690605 1 0.73880528480604024 1 0.80094933676658409 1 0.86481466747022662 1 0.93102478107865716 1 1 4
7 0 0  3 19 17  -0.20209928774809829 0.0054398431389755478 0.01  -0.20203373163161609 0.0085040201664821503 0.01  -0.20190633727502186 0.014458595907950424 0.01  -0.20091509443474456 0.023094797481387253 0.01  -0.1992538974255213 0.031152192508551637 0.01  -0.19689213529075938 0.038611941870347298 0.01  -0.1938776292187443 0.04550280985986075 0.01  -0.19016566291870482 0.051785315545679764 0.01  -0.18578500950787169 0.05749025889871387 0.01  -0.18073629982261116 0.062552173378265519 0.01  -0.17514349485428612 0.067002326736304324 0.01  -0.16914409596389415 0.070918680766594452 0.01  -0.16268606005850864 0.074207008836754337 0.01  -0.1558199736818015 0.076909194043903228 0.01  -0.14852259912592986 0.07901770475720292 0.01  -0.14081632430607965 0.080481224944620552 0.01  -0.13268425613900975 0.081372078900144654 0.01  -0.12712702103816675 0.081486427231985958 0.01  -0.12427916579687875 0.08154502606580484 0.01 
 0 4 0.074303796442815956 1 0.14439361036441789 1 0.21049949610327967 1 0.27354260650346801 1 0.33382474457907346 1 0.39252967240850267 1 0.45008745459958555 1 0.50782061155578817 1 0.56546491277684674 1 0.62314872233361973 1 0.6812971927909357 1 0.74091349815658081 1 0.80185575219585792 1 0.8652412377209433 1 0.93094165704674403 1 1 4
7 0 0  3 19 17  -0.12317398287004951 -0.074552534909804957 0.01  -0.12618749662436407 -0.074487393126447088 0.01  -0.13206628289324274 -0.074360314024522964 0.01  -0.1406335942021433 -0.073351153701935567 0.01  -0.1486969672305147 -0.071730634798643042 0.01  -0.1562574697565893 -0.069460535833507739 0.01  -0.16328234715288831 -0.06645141169168281 0.01  -0.16982826973841089 -0.062840291996423325 0.01  -0.17585027612208942 -0.058543128153910037 0.01  -0.18132395509262267 -0.053608116011486996 0.01  -0.18620290387118307 -0.048059829867746477 0.01  -0.19050737704410814 -0.041985061196122317 0.01  -0.19408367907582452 -0.035341202097895492 0.01  -0.19704517711887024 -0.028194144228895133 0.01  -0.19930818088431246 -0.020512392208414523 0.01  -0.20094863635592405 -0.012326719564126939 0.01  -0.20189614996706887 -0.003614431838239467 0.01  -0.20203026454401898 0.0023633348381769631 0.01  -0.20209928774809829 0.0054398431389755478 0.01 
 0 4 0.070826572555162795 1 0.1381690332797996 1 0.20247533153384231 1 0.26397375441351939 1 0.32338032059803723 1 0.38179762271318524 1 0.43939007451938883 1 0.49690272454599715 1 0.55466216960936987 1 0.61274187849219708 1 0.67153883639117218 1 0.73165572209019791 1 0.79429781161395296 1 0.85948220497935834 1 0.92768132545278981 1 1 4
1 -0.094782214577366575 -0.074552534909804957 0.01 -1 0 0 
1 -0.094782214577366575 0.08154502606580484 0.01 0 -1 0 
1 -0.12427916579687875 0.08154502606580484 0.01 1 0 0 
1 -0.12427916579687875 0.08154502606580484 0 1 0 0 
1 -0.12427916579687875 0.08154502606580484 0.01 -0 -0 -1 
1 -0.094782214577366575 0.08154502606580484 0.01 -0 -0 -1 
7 0 0  3 19 17  -0.20209928774809829 0.0054398431389755478 0  -0.20203373163161609 0.0085040201664821503 -0  -0.20190633727502186 0.014458595907950424 0  -0.20091509443474456 0.023094797481387253 0  -0.1992538974255213 0.031152192508551637 0  -0.19689213529075938 0.038611941870347298 0  -0.1938776292187443 0.04550280985986075 0  -0.19016566291870482 0.051785315545679764 0  -0.18578500950787169 0.05749025889871387 0  -0.18073629982261116 0.062552173378265519 0  -0.17514349485428612 0.067002326736304324 0  -0.16914409596389415 0.070918680766594452 0  -0.16268606005850864 0.074207008836754337 0  -0.1558199736818015 0.076909194043903228 0  -0.14852259912592986 0.07901770475720292 0  -0.14081632430607965 0.080481224944620552 0  -0.13268425613900975 0.081372078900144654 0  -0.12712702103816675 0.081486427231985958 -0  -0.12427916579687875 0.08154502606580484 0 
 0 4 0.074303796442815956 1 0.14439361036441789 1 0.21049949610327967 1 0.27354260650346801 1 0.33382474457907346 1 0.39252967240850267 1 0.45008745459958555 1 0.50782061155578817 1 0.56546491277684674 1 0.62314872233361973 1 0.6812971927909357 1 0.74091349815658081 1 0.80185575219585792 1 0.8652412377209433 1 0.93094165704674403 1 1 4
1 -0.20209928774809829 0.0054398431389755478 0.01 -0 -0 -1 
7 0 0  3 19 17  -0.12317398287004951 -0.074552534909804957 0  -0.12618749662436407 -0.074487393126447088 -0  -0.13206628289324274 -0.074360314024522964 0  -0.1406335942021433 -0.073351153701935567 0  -0.1486969672305147 -0.071730634798643042 0  -0.1562574697565893 -0.069460535833507739 0  -0.16328234715288831 -0.06645141169168281 0  -0.16982826973841089 -0.062840291996423325 0  -0.17585027612208942 -0.058543128153910037 0  -0.18132395509262267 -0.053608116011486996 0  -0.18620290387118307 -0.048059829867746477 0  -0.19050737704410814 -0.041985061196122317 0  -0.19408367907582452 -0.035341202097895492 0  -0.19704517711887024 -0.028194144228895133 0  -0.19930818088431246 -0.020512392208414523 0  -0.20094863635592405 -0.012326719564126939 0  -0.20189614996706887 -0.003614431838239467 0  -0.20203026454401898 0.0023633348381769631 -0  -0.20209928774809829 0.0054398431389755478 0 
 0 4 0.070826572555162795 1 0.1381690332797996 1 0.20247533153384231 1 0.26397375441351939 1 0.32338032059803723 1 0.38179762271318524 1 0.43939007451938883 1 0.49690272454599715 1 0.55466216960936987 1 0.61274187849219708 1 0.67153883639117218 1 0.73165572209019791 1 0.79429781161395296 1 0.85948220497935834 1 0.92768132545278981 1 1 4
1 -0.12317398287004951 -0.074552534909804957 0.01 -0 -0 -1 
1 -0.094782214577366575 -0.074552534909804957 0 -1 0 0 
1 -0.094782214577366575 -0.074552534909804957 0.01 -0 -0 -1 
1 -0.094782214577366575 0.08154502606580484 0 0 -1 0 
1 -0.028928556040781241 -0.074552534909804957 0.01 -0 -0 -1 
1 -0.028928556040781241 -0.074552534909804957 0.01 0 -1 0 
1 -0.028928556040781241 -0.096503754422000071 0.01 -0 -0 -1 
1 -0.028928556040781241 -0.096503754422000071 0.01 1 0 0 
1 0.0783885171299505 -0.096503754422000071 0.01 -0 -0 -1 
1 0.0783885171299505 -0.096503754422000071 0.01 0 1 0 
1 0.0783885171299505 0.10349624557799997 0.01 -0 -0 -1 
1 0.0783885171299505 0.10349624557799997 0.01 -1 0 0 
1 -0.024050507260293438 0.10349624557799997 0.01 -0 -0 -1 
1 -0.024050507260293438 0.10349624557799997 0.01 0 -1 0 
1 -0.024050507260293438 0.08154502606580484 0.01 -0 -0 -1 
1 -0.024050507260293438 0.08154502606580484 0.01 1 0 0 
1 0.051559248837267556 0.08154502606580484 0.01 -0 -0 -1 
1 0.051559248837267556 0.08154502606580484 0.01 0 -1 0 
1 0.051559248837267556 0.015691367529219458 0.01 -0 -0 -1 
1 0.051559248837267556 0.015691367529219458 0.01 -1 0 0 
1 -0.019172458479805619 0.015691367529219458 0.01 -0 -0 -1 
1 -0.019172458479805619 0.015691367529219458 0.01 0 -1 0 
1 -0.019172458479805619 -0.0062598519829756743 0.01 -0 -0 -1 
1 -0.019172458479805619 -0.0062598519829756743 0.01 1 0 0 
1 0.051559248837267556 -0.0062598519829756743 0.01 -0 -0 -1 
1 0.051559248837267556 -0.0062598519829756743 0.01 0 -1 0 
1 0.051559248837267556 -0.074552534909804957 0.01 -0 -0 -1 
1 0.051559248837267556 -0.074552534909804957 0.01 -1 0 0 
1 0.11741290737385296 -0.064186681251268349 0.01 -0 -0 -1 
1 0.11741290737385296 -0.064186681251268349 0.01 0 -1 0 
1 0.11741290737385297 -0.08613790076346349 0.01 -0 -0 -1 
7 0 0  3 11 9  0.11741290737385297 -0.08613790076346349 0.01  0.1192895855288508 -0.087173750697442057 0.01  0.12307016024333861 -0.089260474016501432 0.01  0.12911609314025779 -0.09183529203893985 0.01  0.13547787972484146 -0.094056193760998399 0.01  0.14221120222071382 -0.095827163673272459 0.01  0.14927129948330856 -0.097250446823089781 0.01  0.15669558133037817 -0.098214487500443218 0.01  0.16445463511660793 -0.098849084102725776 0.01  0.16974899645201258 -0.098911178050165346 0.01  0.172443395178731 -0.098942778812243962 0.01 
 0 4 0.11244838990880067 1 0.22652767521267789 1 0.34440194932602819 1 0.46586497248745873 1 0.5916594493521169 1 0.72216848702488767 1 0.85860638755492646 1 1 4
1 0.172443395178731 -0.098942778812243962 0.01 -0 -0 -1 
7 0 0  3 19 17  0.172443395178731 -0.098942778812243962 0.01  0.17591520748903125 -0.098865347395273709 0.01  0.18270472642203509 -0.098713921562152168 0.01  0.19262321879513009 -0.097440211110363731 0.01  0.20200647415114487 -0.095313708131014863 0.01  0.21085123339860395 -0.092325893268627945 0.01  0.21918843965037901 -0.088550477728719129 0.01  0.22697490534664364 -0.083883691649815642 0.01  0.23415910308095861 -0.078288782573750215 0.01  0.24083609867930308 -0.071991284367189365 0.01  0.24679376900629335 -0.064945262954973729 0.01  0.25200858507090512 -0.05732392599146173 0.01  0.25642029478631967 -0.049150978465993117 0.01  0.26000009908624166 -0.040421933528532288 0.01  0.26278982577000953 -0.031154510410035214 0.01  0.26474073313505792 -0.021340367123527965 0.01  0.26600856059509675 -0.010993272746417239 0.01  0.26613088548037028 -0.0039009134150296779 0.01  0.26619339517873103 -0.00027662027565857658 0.01 
 0 4 0.067833248455773584 1 0.13265553650790413 1 0.19505088405082785 1 0.25558293306877716 1 0.31479983414728996 1 0.37360047282637454 1 0.43254559532674353 1 0.4924306292835654 1 0.5526712559629694 1 0.61251304418811636 1 0.67261025035700639 1 0.73383836931394597 1 0.79659423856777389 1 0.8614497992905733 1 0.9291989423509055 1 1 4
1 0.26619339517873103 -0.00027662027565857658 0.01 -0 -0 -1 
7 0 0  3 19 17  0.26619339517873103 -0.00027662027565857658 0.01  0.26610629048769846 0.0036144819463008329 0.01  0.26593581802771993 0.011229752260018348 0.01  0.26458079489055514 0.022365143935444896 0.01  0.26235742320986416 0.032923943026483923 0.01  0.25917548634200249 0.042890121562372659 0.01  0.2551235482982907 0.052277149479122396 0.01  0.25019816533564798 0.061097517057907641 0.01  0.24431930510065469 0.069305779015364527 0.01  0.23758059020252356 0.076846144219429161 0.01  0.23020499925800525 0.08368084551967625 0.01  0.22224676782268679 0.089644930081195479 0.01  0.21380189184105505 0.094685079859125526 0.01  0.20488232462128259 0.098834531141141324 0.01  0.19545527635433216 0.10200198371408561 0.01  0.18556485359813549 0.10427676401161874 0.01  0.1751769939732627 0.10568634968987967 0.01  0.16809069154828354 0.1058512249655532 0.01  0.16447845615434079 0.10593526996824387 0.01 
 0 4 0.070643718575354147 1 0.1382567155089047 1 0.20336412421758021 1 0.26632409380305683 1 0.32790476154298948 1 0.3887377151730923 1 0.44942352810930247 1 0.51086101145931562 1 0.57207939604751468 1 0.63173442873144536 1 0.6911172105788379 1 0.75036002949017067 1 0.81003290053126209 1 0.8713624508287362 1 0.93442714123115345 1 1 4
1 0.16447845615434079 0.10593526996824387 0.01 -0 -0 -1 
7 0 0  3 11 9  0.16447845615434079 0.10593526996824387 0.01  0.16215308402957651 0.10591860108112218 0.01  0.15761335145997726 0.10588605906818611 0.01  0.15095350246624301 0.10547797921502765 0.01  0.14460404704063587 0.10490123747139589 0.01  0.13855579677252083 0.10400191312421052 0.01  0.13280906287635319 0.10293136124583446 0.01  0.12738537348411844 0.10153584554075495 0.01  0.12225063421724064 0.099972180683687781 0.01  0.11900493207598375 0.098654678626125883 0.01  0.11741290737385297 0.098008440699951196 0.01 
 0 4 0.14518686647246976 1 0.28344261091972972 1 0.41652436592882869 1 0.54318112353508274 1 0.66515308263771378 1 0.78136020631271541 1 0.89275665564180906 1 1 4
1 0.11741290737385297 0.098008440699951196 0.01 -0 -0 -1 
1 0.11741290737385296 0.098008440699951183 0.01 0 -1 0 
1 0.11741290737385296 0.071179172407268246 0.01 -0 -0 -1 
7 0 0  3 11 9  0.11741290737385296 0.071179172407268246 0.01  0.1191889844994047 0.072211207005564063 0.01  0.12272498527394024 0.074265889815460479 0.01  0.12828647159670023 0.076834647700679853 0.01  0.13395512022689082 0.079062675335497656 0.01  0.13977061453787479 0.08084127550143437 0.01  0.14569635353671162 0.082277508785683545 0.01  0.15176341060475648 0.083240830928246357 0.01  0.15796029081832236 0.083888957646057749 0.01  0.16213937167587095 0.083952142336780985 0.01  0.16424979761775541 0.083984050456048731 0.01 
 0 4 0.12527969673562597 1 0.2494199707420513 1 0.37335679949281936 1 0.49668127878228613 1 0.62020291574398256 1 0.74508632016145604 1 0.87126919501909783 1 1 4
1 0.16424979761775541 0.083984050456048731 0.01 -0 -0 -1 
7 0 0  3 19 17  0.16424979761775541 0.083984050456048731 0.01  0.16695966999065745 0.083925783238853233 0.01  0.17227431814069355 0.08381150857367986 0.01  0.18003861368299393 0.082689542636591007 0.01  0.18744409231934869 0.081010954790136896 0.01  0.19446105858307297 0.078554211334358096 0.01  0.20108154467643288 0.075383405265319031 0.01  0.2072998094761774 0.071486643802897154 0.01  0.21315404168758856 0.066947473327987631 0.01  0.2185549369875078 0.061709265877166464 0.01  0.22347665494267835 0.055916645121857129 0.01  0.22770122100976803 0.049531302987808223 0.01  0.23136456105395961 0.04272606697025165 0.01  0.23429815663873232 0.035381540923604939 0.01  0.23657005648760659 0.027554076149777486 0.01  0.23820988929350681 0.01925435321656602 0.01  0.23915998582999778 0.010467064532735361 0.01  0.23929486399015909 0.0044513174251002109 0.01  0.23936412688604811 0.0013620992365365415 0.01 
 0 4 0.064603970288392112 1 0.12670241396294715 1 0.18675681403561817 1 0.24550568736543732 1 0.3036520244499753 1 0.36150307397062531 1 0.42024022292846747 1 0.48003334077669618 1 0.54067813477551596 1 0.60119180638078173 1 0.66233350247744238 1 0.72473951029723183 1 0.78946773617288668 1 0.85650486004383075 1 0.92631209583919027 1 1 4
1 0.23936412688604811 0.0013620992365365415 0.01 -0 -0 -1 
7 0 0  3 19 17  0.23936412688604811 0.0013620992365365415 0.01  0.23930856291602279 -0.0015621419026177062 0.01  0.23920004779337747 -0.0072731158613653151 0.01  0.23826773046871691 -0.015608651445929796 0.01  0.2367574816200626 -0.023489995814863825 0.01  0.23463501328051994 -0.030910202050782126 0.01  0.23186739224273248 -0.03786240326608846 0.01  0.22852420302558377 -0.044365071436822355 0.01  0.22452699947495566 -0.05038884176369969 0.01  0.21996401951547512 -0.055905513613077835 0.01  0.21489790984460391 -0.060852644035107449 0.01  0.20943475825663563 -0.06519733609961112 0.01  0.20356266222915229 -0.068823801465766166 0.01  0.1973363780938886 -0.071830981642047056 0.01  0.1907277742834175 -0.074155946680668425 0.01  0.18372448022119203 -0.075785828710030659 0.01  0.17635999900406985 -0.076795342571583908 0.01  0.171316083839511 -0.07692533968327217 0.01  0.16874674883726759 -0.076991559300048848 0.01 
 0 4 0.073774119374063613 1 0.14407911472604137 1 0.21134851830891152 1 0.27607688573988381 1 0.33852091581967658 1 0.39988511669313359 1 0.46025406746521308 1 0.52058896439124791 1 0.58020768456304417 1 0.63863290855254573 1 0.69636454949052384 1 0.7540017746600125 1 0.81280568137449793 1 0.87275442552556037 1 0.93518199697826709 1 1 4
1 0.16874674883726759 -0.076991559300048848 0.01 -0 -0 -1 
7 0 0  3 11 9  0.16874674883726759 -0.076991559300048848 0.01  0.16633166472411628 -0.076959851190564754 0.01  0.16156974902529778 -0.07689733107231711 0.01  0.15454737265709523 -0.076255736082545003 0.01  0.14774532690073203 -0.075290092219539362 0.01  0.14119317673000864 -0.073868749275149817 0.01  0.1348684579344748 -0.072089548705150788 0.01  0.12880702733758126 -0.069854736483676405 0.01  0.12294411564660435 -0.067302118806360237 0.01  0.11925137339962025 -0.065222192086875852 0.01  0.11741290737385296 -0.064186681251268349 0.01 
 0 4 0.13529460476342914 1 0.26676565792474827 1 0.39481601883587236 1 0.52005165443424617 1 0.64217570297082172 1 0.7626518205584234 1 0.88183400438050219 1 1 4
1 0.28326656591043831 -0.074552534909804957 0.01 -0 -0 -1 
1 0.28326656591043831 -0.074552534909804957 0.01 0 -1 0 
1 0.28326656591043831 -0.096503754422000071 0.01 -0 -0 -1 
1 0.28326656591043831 -0.096503754422000071 0.01 1 0 0 
1 0.38570559030068224 -0.096503754422000071 0.01 -0 -0 -1 
1 0.38570559030068224 -0.096503754422000071 0.01 0 1 0 
1 0.38570559030068224 0.10349624557799997 0.01 -0 -0 -1 
1 0.38570559030068224 0.10349624557799997 0.01 -1 0 0 
1 0.35887632200799924 0.10349624557799997 0.01 -0 -0 -1 
1 0.35887632200799924 0.10349624557799997 0.01 0 -1 0 
1 0.35887632200799924 -0.074552534909804957 0.01 -0 -0 -1 
1 0.35887632200799924 -0.074552534909804957 0.01 -1 0 0 
1 2.3100000000000174 -1.6499999999999797 -0.020000000000000052 -1 -3.3559560672824457e-15 0 
1 2.3100000000000174 -1.6499999999999797 0.17999999999999997 0 0 -1 
1 2.3100000000000174 -1.6499999999999797 0.17999999999999997 -1 -3.3559560672824457e-15 0 
1 2.5100000000000171 -1.649999999999979 0.17999999999999997 0 0 -1 
2 2.3100000000000174 -1.7499999999999796 -0.020000000000000052 0 0 1 4.3368086899420154e-15 -1 0 1 4.3368086899420154e-15 -0 0.10000000000000005
1 2.3100000000000178 -1.8499999999999797 0.17999999999999997 0 0 -1 
2 2.3100000000000174 -1.7499999999999796 0.17999999999999997 0 0 1 4.3368086899420154e-15 -1 0 1 4.3368086899420154e-15 -0 0.10000000000000005
1 2.3100000000000178 -1.8499999999999797 -0.020000000000000052 1 3.8980571535251983e-15 0 
1 2.510000000000018 -1.8499999999999788 0.17999999999999997 0 0 -1 
1 2.3100000000000178 -1.8499999999999797 0.17999999999999997 1 3.8980571535251983e-15 0 
1 2.510000000000018 -1.8499999999999788 -0.020000000000000052 -3.6270066104038214e-15 1 0 
1 2.510000000000018 -1.8499999999999788 0.17999999999999997 -3.6270066104038214e-15 1 0 
1 1.8500000000000014 -2.3100000000000001 -0.020000000000000052 1.3552527156068808e-16 1 -0 
1 1.8500000000000014 -2.3100000000000001 0.17999999999999997 -0 -0 -1 
1 1.8500000000000014 -2.3100000000000001 0.17999999999999997 1.3552527156068808e-16 1 -0 
1 1.8500000000000014 -2.5100000000000002 0.17999999999999997 -0 -0 -1 
2 1.7500000000000013 -2.3100000000000001 -0.020000000000000052 0 0 1 -1 0 0 0 -1 0 0.10000000000000005
1 1.6500000000000012 -2.3100000000000001 0.17999999999999997 -0 -0 -1 
2 1.7500000000000013 -2.3100000000000001 0.17999999999999997 0 0 1 -1 0 0 0 -1 0 0.10000000000000005
1 1.6500000000000012 -2.3100000000000001 -0.020000000000000052 4.0657581468206426e-16 -1 0 
1 1.6500000000000012 -2.5100000000000002 0.17999999999999997 -0 -0 -1 
1 1.6500000000000012 -2.3100000000000001 0.17999999999999997 4.0657581468206426e-16 -1 0 
1 1.6500000000000012 -2.5100000000000002 -0.020000000000000052 1 1.3552527156068805e-16 0 
1 1.6500000000000012 -2.5100000000000002 0.17999999999999997 1 1.3552527156068805e-16 0 
1 2.310000000000008 -1.1499999999999921 -0.020000000000000052 -1 -3.3559560672824457e-15 0 
1 2.310000000000008 -1.1499999999999921 0.17999999999999997 0 0 -1 
1 2.310000000000008 -1.1499999999999921 0.17999999999999997 -1 -3.3559560672824457e-15 0 
1 2.5100000000000078 -1.1499999999999915 0.17999999999999997 0 0 -1 
2 2.310000000000008 -1.2499999999999922 -0.020000000000000052 0 0 1 4.3368086899420154e-15 -1 0 1 4.3368086899420154e-15 -0 0.10000000000000005
1 2.3100000000000085 -1.3499999999999923 0.17999999999999997 0 0 -1 
2 2.310000000000008 -1.2499999999999922 0.17999999999999997 0 0 1 4.3368086899420154e-15 -1 0 1 4.3368086899420154e-15 -0 0.10000000000000005
1 2.3100000000000085 -1.3499999999999923 -0.020000000000000052 1 3.8980571535251983e-15 0 
1 2.5100000000000087 -1.3499999999999914 0.17999999999999997 0 0 -1 
1 2.3100000000000085 -1.3499999999999923 0.17999999999999997 1 3.8980571535251983e-15 0 
1 2.5100000000000087 -1.3499999999999914 -0.020000000000000052 -3.6270066104038214e-15 1 0 
1 2.5100000000000087 -1.3499999999999914 0.17999999999999997 -3.6270066104038214e-15 1 0 
1 2.3100000000000143 -0.64999999999998403 -0.020000000000000052 -1 -3.3559560672824457e-15 0 
1 2.3100000000000143 -0.64999999999998403 0.17999999999999997 0 0 -1 
1 2.3100000000000143 -0.64999999999998403 0.17999999999999997 -1 -3.3559560672824457e-15 0 
1 2.510000000000014 -0.64999999999998337 0.17999999999999997 0 0 -1 
2 2.3100000000000143 -0.74999999999998412 -0.020000000000000052 0 0 1 4.3368086899420154e-15 -1 0 1 4.3368086899420154e-15 -0 0.10000000000000005
1 2.3100000000000147 -0.84999999999998421 0.17999999999999997 0 0 -1 
2 2.3100000000000143 -0.74999999999998412 0.17999999999999997 0 0 1 4.3368086899420154e-15 -1 0 1 4.3368086899420154e-15 -0 0.10000000000000005
1 2.3100000000000147 -0.84999999999998421 -0.020000000000000052 1 3.8980571535251983e-15 0 
1 2.5100000000000149 -0.84999999999998332 0.17999999999999997 0 0 -1 
1 2.3100000000000147 -0.84999999999998421 0.17999999999999997 1 3.8980571535251983e-15 0 
1 2.5100000000000149 -0.84999999999998332 -0.020000000000000052 -3.6270066104038214e-15 1 0 
1 2.5100000000000149 -0.84999999999998332 0.17999999999999997 -3.6270066104038214e-15 1 0 
1 2.310000000000008 -0.14999999999999211 -0.020000000000000052 -1 -3.3559560672824457e-15 0 
1 2.310000000000008 -0.14999999999999211 0.17999999999999997 0 0 -1 
1 2.310000000000008 -0.14999999999999211 0.17999999999999997 -1 -3.3559560672824457e-15 0 
1 2.5100000000000078 -0.14999999999999139 0.17999999999999997 0 0 -1 
2 2.310000000000008 -0.24999999999999215 -0.020000000000000052 0 0 1 4.3368086899420154e-15 -1 0 1 4.3368086899420154e-15 -0 0.10000000000000005
1 2.3100000000000085 -0.34999999999999221 0.17999999999999997 0 0 -1 
2 2.310000000000008 -0.24999999999999215 0.17999999999999997 0 0 1 4.3368086899420154e-15 -1 0 1 4.3368086899420154e-15 -0 0.10000000000000005
1 2.3100000000000085 -0.34999999999999221 -0.020000000000000052 1 3.8980571535251983e-15 0 
1 2.5100000000000087 -0.34999999999999143 0.17999999999999997 0 0 -1 
1 2.3100000000000085 -0.34999999999999221 0.17999999999999997 1 3.8980571535251983e-15 0 
1 2.5100000000000087 -0.34999999999999143 -0.020000000000000052 -3.6270066104038214e-15 1 0 
1 2.5100000000000087 -0.34999999999999143 0.17999999999999997 -3.6270066104038214e-15 1 0 
1 2.310000000000008 0.35000000000000792 -0.020000000000000052 -1 -3.3559560672824457e-15 0 
1 2.310000000000008 0.35000000000000792 0.17999999999999997 0 0 -1 
1 2.310000000000008 0.35000000000000792 0.17999999999999997 -1 -3.3559560672824457e-15 0 
1 2.5100000000000078 0.35000000000000864 0.17999999999999997 0 0 -1 
2 2.310000000000008 0.25000000000000788 -0.020000000000000052 0 0 1 4.3368086899420154e-15 -1 0 1 4.3368086899420154e-15 -0 0.10000000000000005
1 2.3100000000000085 0.15000000000000782 0.17999999999999997 0 0 -1 
2 2.310000000000008 0.25000000000000788 0.17999999999999997 0 0 1 4.3368086899420154e-15 -1 0 1 4.3368086899420154e-15 -0 0.10000000000000005
1 2.3100000000000085 0.15000000000000782 -0.020000000000000052 1 3.8980571535251983e-15 0 
1 2.5100000000000087 0.15000000000000857 0.17999999999999997 0 0 -1 
1 2.3100000000000085 0.15000000000000782 0.17999999999999997 1 3.8980571535251983e-15 0 
1 2.5100000000000087 0.15000000000000857 -0.020000000000000052 -3.6270066104038214e-15 1 0 
1 2.5100000000000087 0.15000000000000857 0.17999999999999997 -3.6270066104038214e-15 1 0 
1 2.310000000000008 0.85000000000000797 -0.020000000000000052 -1 -3.3559560672824457e-15 0 
1 2.310000000000008 0.85000000000000797 0.17999999999999997 0 0 -1 
1 2.310000000000008 0.85000000000000797 0.17999999999999997 -1 -3.3559560672824457e-15 0 
1 2.5100000000000078 0.85000000000000864 0.17999999999999997 0 0 -1 
2 2.310000000000008 0.75000000000000788 -0.020000000000000052 0 0 1 4.3368086899420154e-15 -1 0 1 4.3368086899420154e-15 -0 0.10000000000000005
1 2.3100000000000085 0.65000000000000779 0.17999999999999997 0 0 -1 
2 2.310000000000008 0.75000000000000788 0.17999999999999997 0 0 1 4.3368086899420154e-15 -1 0 1 4.3368086899420154e-15 -0 0.10000000000000005
1 2.3100000000000085 0.65000000000000779 -0.020000000000000052 1 3.8980571535251983e-15 0 
1 2.5100000000000087 0.65000000000000868 0.17999999999999997 0 0 -1 
1 2.3100000000000085 0.65000000000000779 0.17999999999999997 1 3.8980571535251983e-15 0 
1 2.5100000000000087 0.65000000000000868 -0.020000000000000052 -3.6270066104038214e-15 1 0 
1 2.5100000000000087 0.65000000000000868 0.17999999999999997 -3.6270066104038214e-15 1 0 
1 2.310000000000008 1.3500000000000079 -0.020000000000000052 -1 -3.3559560672824457e-15 0 
1 2.310000000000008 1.3500000000000079 0.17999999999999997 0 0 -1 
1 2.310000000000008 1.3500000000000079 0.17999999999999997 -1 -3.3559560672824457e-15 0 
1 2.5100000000000078 1.3500000000000085 0.17999999999999997 0 0 -1 
2 2.310000000000008 1.2500000000000078 -0.020000000000000052 0 0 1 4.3368086899420154e-15 -1 0 1 4.3368086899420154e-15 -0 0.10000000000000005
1 2.3100000000000085 1.1500000000000077 0.17999999999999997 0 0 -1 
2 2.310000000000008 1.2500000000000078 0.17999999999999997 0 0 1 4.3368086899420154e-15 -1 0 1 4.3368086899420154e-15 -0 0.10000000000000005
1 2.3100000000000085 1.1500000000000077 -0.020000000000000052 1 3.8980571535251983e-15 0 
1 2.5100000000000087 1.1500000000000086 0.17999999999999997 0 0 -1 
1 2.3100000000000085 1.1500000000000077 0.17999999999999997 1 3.8980571535251983e-15 0 
1 2.5100000000000087 1.1500000000000086 -0.020000000000000052 -3.6270066104038214e-15 1 0 
1 2.5100000000000087 1.1500000000000086 0.17999999999999997 -3.6270066104038214e-15 1 0 
1 2.310000000000008 1.8500000000000079 -0.020000000000000052 -1 -3.3559560672824457e-15 0 
1 2.310000000000008 1.8500000000000079 0.17999999999999997 0 0 -1 
1 2.310000000000008 1.8500000000000079 0.17999999999999997 -1 -3.3559560672824457e-15 0 
1 2.5100000000000078 1.8500000000000085 0.17999999999999997 0 0 -1 
2 2.310000000000008 1.7500000000000078 -0.020000000000000052 0 0 1 4.3368086899420154e-15 -1 0 1 4.3368086899420154e-15 -0 0.10000000000000005
1 2.3100000000000085 1.6500000000000079 0.17999999999999997 0 0 -1 
2 2.310000000000008 1.7500000000000078 0.17999999999999997 0 0 1 4.3368086899420154e-15 -1 0 1 4.3368086899420154e-15 -0 0.10000000000000005
1 2.3100000000000085 1.6500000000000079 -0.020000000000000052 1 3.8980571535251983e-15 0 
1 2.5100000000000087 1.6500000000000086 0.17999999999999997 0 0 -1 
1 2.3100000000000085 1.6500000000000079 0.17999999999999997 1 3.8980571535251983e-15 0 
1 2.5100000000000087 1.6500000000000086 -0.020000000000000052 -3.6270066104038214e-15 1 0 
1 2.5100000000000087 1.6500000000000086 0.17999999999999997 -3.6270066104038214e-15 1 0 
1 1.3500000000000014 -2.3100000000000001 -0.020000000000000052 1.3552527156068808e-16 1 -0 
1 1.3500000000000014 -2.3100000000000001 0.17999999999999997 -0 -0 -1 
1 1.3500000000000014 -2.3100000000000001 0.17999999999999997 1.3552527156068808e-16 1 -0 
1 1.3500000000000014 -2.5100000000000002 0.17999999999999997 -0 -0 -1 
2 1.2500000000000013 -2.3100000000000001 -0.020000000000000052 0 0 1 -1 0 0 0 -1 0 0.10000000000000005
1 1.1500000000000012 -2.3100000000000001 0.17999999999999997 -0 -0 -1 
2 1.2500000000000013 -2.3100000000000001 0.17999999999999997 0 0 1 -1 0 0 0 -1 0 0.10000000000000005
1 1.1500000000000012 -2.3100000000000001 -0.020000000000000052 4.0657581468206426e-16 -1 0 
1 1.1500000000000012 -2.5100000000000002 0.17999999999999997 -0 -0 -1 
1 1.1500000000000012 -2.3100000000000001 0.17999999999999997 4.0657581468206426e-16 -1 0 
1 1.1500000000000012 -2.5100000000000002 -0.020000000000000052 1 1.3552527156068805e-16 0 
1 1.1500000000000012 -2.5100000000000002 0.17999999999999997 1 1.3552527156068805e-16 0 
1 0.85000000000000131 -2.3100000000000001 -0.020000000000000052 1.3552527156068808e-16 1 -0 
1 0.85000000000000131 -2.3100000000000001 0.17999999999999997 -0 -0 -1 
1 0.85000000000000131 -2.3100000000000001 0.17999999999999997 1.3552527156068808e-16 1 -0 
1 0.85000000000000131 -2.5100000000000002 0.17999999999999997 -0 -0 -1 
2 0.75000000000000133 -2.3100000000000001 -0.020000000000000052 0 0 1 -1 0 0 0 -1 0 0.10000000000000005
1 0.65000000000000124 -2.3100000000000001 0.17999999999999997 -0 -0 -1 
2 0.75000000000000133 -2.3100000000000001 0.17999999999999997 0 0 1 -1 0 0 0 -1 0 0.10000000000000005
1 0.65000000000000124 -2.3100000000000001 -0.020000000000000052 4.0657581468206426e-16 -1 0 
1 0.65000000000000135 -2.5100000000000002 0.17999999999999997 -0 -0 -1 
1 0.65000000000000124 -2.3100000000000001 0.17999999999999997 4.0657581468206426e-16 -1 0 
1 0.65000000000000135 -2.5100000000000002 -0.020000000000000052 1 1.3552527156068805e-16 0 
1 0.65000000000000135 -2.5100000000000002 0.17999999999999997 1 1.3552527156068805e-16 0 
1 0.35000000000000137 -2.3100000000000001 -0.020000000000000052 1.3552527156068808e-16 1 -0 
1 0.35000000000000137 -2.3100000000000001 0.17999999999999997 -0 -0 -1 
1 0.35000000000000137 -2.3100000000000001 0.17999999999999997 1.3552527156068808e-16 1 -0 
1 0.35000000000000137 -2.5100000000000002 0.17999999999999997 -0 -0 -1 
2 0.25000000000000133 -2.3100000000000001 -0.020000000000000052 0 0 1 -1 0 0 0 -1 0 0.10000000000000005
1 0.15000000000000127 -2.3100000000000001 0.17999999999999997 -0 -0 -1 
2 0.25000000000000133 -2.3100000000000001 0.17999999999999997 0 0 1 -1 0 0 0 -1 0 0.10000000000000005
1 0.15000000000000127 -2.3100000000000001 -0.020000000000000052 4.0657581468206426e-16 -1 0 
1 0.15000000000000135 -2.5100000000000002 0.17999999999999997 -0 -0 -1 
1 0.15000000000000127 -2.3100000000000001 0.17999999999999997 4.0657581468206426e-16 -1 0 
1 0.15000000000000135 -2.5100000000000002 -0.020000000000000052 1 1.3552527156068805e-16 0 
1 0.15000000000000135 -2.5100000000000002 0.17999999999999997 1 1.3552527156068805e-16 0 
1 -0.14999999999999863 -2.3100000000000001 -0.020000000000000052 1.3552527156068808e-16 1 -0 
1 -0.14999999999999863 -2.3100000000000001 0.17999999999999997 -0 -0 -1 
1 -0.14999999999999863 -2.3100000000000001 0.17999999999999997 1.3552527156068808e-16 1 -0 
1 -0.14999999999999866 -2.5100000000000002 0.17999999999999997 -0 -0 -1 
2 -0.2499999999999987 -2.3100000000000001 -0.020000000000000052 0 0 1 -1 0 0 0 -1 0 0.10000000000000005
1 -0.34999999999999876 -2.3100000000000001 0.17999999999999997 -0 -0 -1 
2 -0.2499999999999987 -2.3100000000000001 0.17999999999999997 0 0 1 -1 0 0 0 -1 0 0.10000000000000005
1 -0.34999999999999876 -2.3100000000000001 -0.020000000000000052 4.0657581468206426e-16 -1 0 
1 -0.34999999999999865 -2.5100000000000002 0.17999999999999997 -0 -0 -1 
1 -0.34999999999999876 -2.3100000000000001 0.17999999999999997 4.0657581468206426e-16 -1 0 
1 -0.34999999999999865 -2.5100000000000002 -0.020000000000000052 1 1.3552527156068805e-16 0 
1 -0.34999999999999865 -2.5100000000000002 0.17999999999999997 1 1.3552527156068805e-16 0 
1 -0.64999999999999869 -2.3100000000000001 -0.020000000000000052 1.3552527156068808e-16 1 -0 
1 -0.64999999999999869 -2.3100000000000001 0.17999999999999997 -0 -0 -1 
1 -0.64999999999999869 -2.3100000000000001 0.17999999999999997 1.3552527156068808e-16 1 -0 
1 -0.64999999999999869 -2.5100000000000002 0.17999999999999997 -0 -0 -1 
2 -0.74999999999999867 -2.3100000000000001 -0.020000000000000052 0 0 1 -1 0 0 0 -1 0 0.10000000000000005
1 -0.84999999999999876 -2.3100000000000001 0.17999999999999997 -0 -0 -1 
2 -0.74999999999999867 -2.3100000000000001 0.17999999999999997 0 0 1 -1 0 0 0 -1 0 0.10000000000000005
1 -0.84999999999999876 -2.3100000000000001 -0.020000000000000052 4.0657581468206426e-16 -1 0 
1 -0.84999999999999865 -2.5100000000000002 0.17999999999999997 -0 -0 -1 
1 -0.84999999999999876 -2.3100000000000001 0.17999999999999997 4.0657581468206426e-16 -1 0 
1 -0.84999999999999865 -2.5100000000000002 -0.020000000000000052 1 1.3552527156068805e-16 0 
1 -0.84999999999999865 -2.5100000000000002 0.17999999999999997 1 1.3552527156068805e-16 0 
1 -1.1499999999999986 -2.3100000000000001 -0.020000000000000052 1.3552527156068808e-16 1 -0 
1 -1.1499999999999986 -2.3100000000000001 0.17999999999999997 -0 -0 -1 
1 -1.1499999999999986 -2.3100000000000001 0.17999999999999997 1.3552527156068808e-16 1 -0 
1 -1.1499999999999986 -2.5100000000000002 0.17999999999999997 -0 -0 -1 
2 -1.2499999999999987 -2.3100000000000001 -0.020000000000000052 0 0 1 -1 0 0 0 -1 0 0.10000000000000005
1 -1.3499999999999988 -2.3100000000000001 0.17999999999999997 -0 -0 -1 
2 -1.2499999999999987 -2.3100000000000001 0.17999999999999997 0 0 1 -1 0 0 0 -1 0 0.10000000000000005
1 -1.3499999999999988 -2.3100000000000001 -0.020000000000000052 4.0657581468206426e-16 -1 0 
1 -1.3499999999999988 -2.5100000000000002 0.17999999999999997 -0 -0 -1 
1 -1.3499999999999988 -2.3100000000000001 0.17999999999999997 4.0657581468206426e-16 -1 0 
1 -1.3499999999999988 -2.5100000000000002 -0.020000000000000052 1 1.3552527156068805e-16 0 
1 -1.3499999999999988 -2.5100000000000002 0.17999999999999997 1 1.3552527156068805e-16 0 
1 -1.6499999999999986 -2.3100000000000001 -0.020000000000000052 1.3552527156068808e-16 1 -0 
1 -1.6499999999999986 -2.3100000000000001 0.17999999999999997 -0 -0 -1 
1 -1.6499999999999986 -2.3100000000000001 0.17999999999999997 1.3552527156068808e-16 1 -0 
1 -1.6499999999999986 -2.5100000000000002 0.17999999999999997 -0 -0 -1 
2 -1.7499999999999987 -2.3100000000000001 -0.020000000000000052 0 0 1 -1 0 0 0 -1 0 0.10000000000000005
1 -1.8499999999999988 -2.3100000000000001 0.17999999999999997 -0 -0 -1 
2 -1.7499999999999987 -2.3100000000000001 0.17999999999999997 0 0 1 -1 0 0 0 -1 0 0.10000000000000005
1 -1.8499999999999988 -2.3100000000000001 -0.020000000000000052 4.0657581468206426e-16 -1 0 
1 -1.8499999999999988 -2.5100000000000002 0.17999999999999997 -0 -0 -1 
1 -1.8499999999999988 -2.3100000000000001 0.17999999999999997 4.0657581468206426e-16 -1 0 
1 -1.8499999999999988 -2.5100000000000002 -0.020000000000000052 1 1.3552527156068805e-16 0 
1 -1.8499999999999988 -2.5100000000000002 0.17999999999999997 1 1.3552527156068805e-16 0 
1 -2.3100000000000178 -1.6499999999999797 0.17999999999999997 1 -3.3559560672824457e-15 0 
1 -2.3100000000000178 -1.6499999999999797 -0.020000000000000052 -0 0 1 
1 -2.3100000000000178 -1.6499999999999797 -0.020000000000000052 1 -3.3559560672824457e-15 0 
1 -2.5100000000000176 -1.649999999999979 -0.020000000000000052 -0 0 1 
2 -2.3100000000000178 -1.7499999999999796 0.17999999999999997 0 0 -1 -4.3368086899420154e-15 -1 -0 -1 4.3368086899420154e-15 0 0.10000000000000005
1 -2.3100000000000183 -1.8499999999999797 -0.020000000000000052 -0 0 1 
2 -2.3100000000000178 -1.7499999999999796 -0.020000000000000052 0 0 -1 -4.3368086899420154e-15 -1 -0 -1 4.3368086899420154e-15 0 0.10000000000000005
1 -2.3100000000000183 -1.8499999999999797 0.17999999999999997 -1 3.8980571535251983e-15 0 
1 -2.5100000000000184 -1.8499999999999788 -0.020000000000000052 -0 0 1 
1 -2.3100000000000183 -1.8499999999999797 -0.020000000000000052 -1 3.8980571535251983e-15 0 
1 -2.5100000000000184 -1.8499999999999788 0.17999999999999997 3.6270066104038214e-15 1 0 
1 -2.5100000000000184 -1.8499999999999788 -0.020000000000000052 3.6270066104038214e-15 1 0 
1 -2.310000000000008 -1.1499999999999921 0.17999999999999997 1 -3.3559560672824457e-15 0 
1 -2.310000000000008 -1.1499999999999921 -0.020000000000000052 -0 0 1 
1 -2.310000000000008 -1.1499999999999921 -0.020000000000000052 1 -3.3559560672824457e-15 0 
1 -2.5100000000000078 -1.1499999999999915 -0.020000000000000052 -0 0 1 
2 -2.310000000000008 -1.2499999999999922 0.17999999999999997 0 0 -1 -4.3368086899420154e-15 -1 -0 -1 4.3368086899420154e-15 0 0.10000000000000005
1 -2.3100000000000085 -1.3499999999999923 -0.020000000000000052 -0 0 1 
2 -2.310000000000008 -1.2499999999999922 -0.020000000000000052 0 0 -1 -4.3368086899420154e-15 -1 -0 -1 4.3368086899420154e-15 0 0.10000000000000005
1 -2.3100000000000085 -1.3499999999999923 0.17999999999999997 -1 3.8980571535251983e-15 0 
1 -2.5100000000000087 -1.3499999999999914 -0.020000000000000052 -0 0 1 
1 -2.3100000000000085 -1.3499999999999923 -0.020000000000000052 -1 3.8980571535251983e-15 0 
1 -2.5100000000000087 -1.3499999999999914 0.17999999999999997 3.6270066104038214e-15 1 0 
1 -2.5100000000000087 -1.3499999999999914 -0.020000000000000052 3.6270066104038214e-15 1 0 
1 -2.3100000000000143 -0.64999999999998403 0.17999999999999997 1 -3.3559560672824457e-15 0 
1 -2.3100000000000143 -0.64999999999998403 -0.020000000000000052 -0 0 1 
1 -2.3100000000000143 -0.64999999999998403 -0.020000000000000052 1 -3.3559560672824457e-15 0 
1 -2.510000000000014 -0.64999999999998337 -0.020000000000000052 -0 0 1 
2 -2.3100000000000143 -0.74999999999998412 0.17999999999999997 0 0 -1 -4.3368086899420154e-15 -1 -0 -1 4.3368086899420154e-15 0 0.10000000000000005
1 -2.3100000000000147 -0.84999999999998421 -0.020000000000000052 -0 0 1 
2 -2.3100000000000143 -0.74999999999998412 -0.020000000000000052 0 0 -1 -4.3368086899420154e-15 -1 -0 -1 4.3368086899420154e-15 0 0.10000000000000005
1 -2.3100000000000147 -0.84999999999998421 0.17999999999999997 -1 3.8980571535251983e-15 0 
1 -2.5100000000000149 -0.84999999999998332 -0.020000000000000052 -0 0 1 
1 -2.3100000000000147 -0.84999999999998421 -0.020000000000000052 -1 3.8980571535251983e-15 0 
1 -2.5100000000000149 -0.84999999999998332 0.17999999999999997 3.6270066104038214e-15 1 0 
1 -2.5100000000000149 -0.84999999999998332 -0.020000000000000052 3.6270066104038214e-15 1 0 
1 -2.310000000000008 -0.14999999999999211 0.17999999999999997 1 -3.3559560672824457e-15 0 
1 -2.310000000000008 -0.14999999999999211 -0.020000000000000052 -0 0 1 
1 -2.310000000000008 -0.14999999999999211 -0.020000000000000052 1 -3.3559560672824457e-15 0 
1 -2.5100000000000078 -0.14999999999999139 -0.020000000000000052 -0 0 1 
2 -2.310000000000008 -0.24999999999999215 0.17999999999999997 0 0 -1 -4.3368086899420154e-15 -1 -0 -1 4.3368086899420154e-15 0 0.10000000000000005
1 -2.3100000000000085 -0.34999999999999221 -0.020000000000000052 -0 0 1 
2 -2.310000000000008 -0.24999999999999215 -0.020000000000000052 0 0 -1 -4.3368086899420154e-15 -1 -0 -1 4.3368086899420154e-15 0 0.10000000000000005
1 -2.3100000000000085 -0.34999999999999221 0.17999999999999997 -1 3.8980571535251983e-15 0 
1 -2.5100000000000087 -0.34999999999999143 -0.020000000000000052 -0 0 1 
1 -2.3100000000000085 -0.34999999999999221 -0.020000000000000052 -1 3.8980571535251983e-15 0 
1 -2.5100000000000087 -0.34999999999999143 0.17999999999999997 3.6270066104038214e-15 1 0 
1 -2.5100000000000087 -0.34999999999999143 -0.020000000000000052 3.6270066104038214e-15 1 0 
1 -2.310000000000008 0.35000000000000792 0.17999999999999997 1 -3.3559560672824457e-15 0 
1 -2.310000000000008 0.35000000000000792 -0.020000000000000052 -0 0 1 
1 -2.310000000000008 0.35000000000000792 -0.020000000000000052 1 -3.3559560672824457e-15 0 
1 -2.5100000000000078 0.35000000000000864 -0.020000000000000052 -0 0 1 
2 -2.310000000000008 0.25000000000000788 0.17999999999999997 0 0 -1 -4.3368086899420154e-15 -1 -0 -1 4.3368086899420154e-15 0 0.10000000000000005
1 -2.3100000000000085 0.15000000000000782 -0.020000000000000052 -0 0 1 
2 -2.310000000000008 0.25000000000000788 -0.020000000000000052 0 0 -1 -4.3368086899420154e-15 -1 -0 -1 4.3368086899420154e-15 0 0.10000000000000005
1 -2.3100000000000085 0.15000000000000782 0.17999999999999997 -1 3.8980571535251983e-15 0 
1 -2.5100000000000087 0.15000000000000857 -0.020000000000000052 -0 0 1 
1 -2.3100000000000085 0.15000000000000782 -0.020000000000000052 -1 3.8980571535251983e-15 0 
1 -2.5100000000000087 0.15000000000000857 0.17999999999999997 3.6270066104038214e-15 1 0 
1 -2.5100000000000087 0.15000000000000857 -0.020000000000000052 3.6270066104038214e-15 1 0 
1 -2.310000000000008 0.85000000000000797 0.17999999999999997 1 -3.3559560672824457e-15 0 
1 -2.310000000000008 0.85000000000000797 -0.020000000000000052 -0 0 1 
1 -2.310000000000008 0.85000000000000797 -0.020000000000000052 1 -3.3559560672824457e-15 0 
1 -2.5100000000000078 0.85000000000000864 -0.020000000000000052 -0 0 1 
2 -2.310000000000008 0.75000000000000788 0.17999999999999997 0 0 -1 -4.3368086899420154e-15 -1 -0 -1 4.3368086899420154e-15 0 0.10000000000000005
1 -2.3100000000000085 0.65000000000000779 -0.020000000000000052 -0 0 1 
2 -2.310000000000008 0.75000000000000788 -0.020000000000000052 0 0 -1 -4.3368086899420154e-15 -1 -0 -1 4.3368086899420154e-15 0 0.10000000000000005
1 -2.3100000000000085 0.65000000000000779 0.17999999999999997 -1 3.8980571535251983e-15 0 
1 -2.5100000000000087 0.65000000000000868 -0.020000000000000052 -0 0 1 
1 -2.3100000000000085 0.65000000000000779 -0.020000000000000052 -1 3.8980571535251983e-15 0 
1 -2.5100000000000087 0.65000000000000868 0.17999999999999997 3.6270066104038214e-15 1 0 
1 -2.5100000000000087 0.65000000000000868 -0.020000000000000052 3.6270066104038214e-15 1 0 
1 -2.310000000000008 1.3500000000000079 0.17999999999999997 1 -3.3559560672824457e-15 0 
1 -2.310000000000008 1.3500000000000079 -0.020000000000000052 -0 0 1 
1 -2.310000000000008 1.3500000000000079 -0.020000000000000052 1 -3.3559560672824457e-15 0 
1 -2.5100000000000078 1.3500000000000085 -0.020000000000000052 -0 0 1 
2 -2.310000000000008 1.2500000000000078 0.17999999999999997 0 0 -1 -4.3368086899420154e-15 -1 -0 -1 4.3368086899420154e-15 0 0.10000000000000005
1 -2.3100000000000085 1.1500000000000077 -0.020000000000000052 -0 0 1 
2 -2.310000000000008 1.2500000000000078 -0.020000000000000052 0 0 -1 -4.3368086899420154e-15 -1 -0 -1 4.3368086899420154e-15 0 0.10000000000000005
1 -2.3100000000000085 1.1500000000000077 0.17999999999999997 -1 3.8980571535251983e-15 0 
1 -2.5100000000000087 1.1500000000000086 -0.020000000000000052 -0 0 1 
1 -2.3100000000000085 1.1500000000000077 -0.020000000000000052 -1 3.8980571535251983e-15 0 
1 -2.5100000000000087 1.1500000000000086 0.17999999999999997 3.6270066104038214e-15 1 0 
1 -2.5100000000000087 1.1500000000000086 -0.020000000000000052 3.6270066104038214e-15 1 0 
1 -2.310000000000008 1.8500000000000079 0.17999999999999997 1 -3.3559560672824457e-15 0 
1 -2.310000000000008 1.8500000000000079 -0.020000000000000052 -0 0 1 
1 -2.310000000000008 1.8500000000000079 -0.020000000000000052 1 -3.3559560672824457e-15 0 
1 -2.5100000000000078 1.8500000000000085 -0.020000000000000052 -0 0 1 
2 -2.310000000000008 1.7500000000000078 0.17999999999999997 0 0 -1 -4.3368086899420154e-15 -1 -0 -1 4.3368086899420154e-15 0 0.10000000000000005
1 -2.3100000000000085 1.6500000000000079 -0.020000000000000052 -0 0 1 
2 -2.310000000000008 1.7500000000000078 -0.020000000000000052 0 0 -1 -4.3368086899420154e-15 -1 -0 -1 4.3368086899420154e-15 0 0.10000000000000005
1 -2.3100000000000085 1.6500000000000079 0.17999999999999997 -1 3.8980571535251983e-15 0 
1 -2.5100000000000087 1.6500000000000086 -0.020000000000000052 -0 0 1 
1 -2.3100000000000085 1.6500000000000079 -0.020000000000000052 -1 3.8980571535251983e-15 0 
1 -2.5100000000000087 1.6500000000000086 0.17999999999999997 3.6270066104038214e-15 1 0 
1 -2.5100000000000087 1.6500000000000086 -0.020000000000000052 3.6270066104038214e-15 1 0 
1 1.8500000000000014 2.3100000000000001 0.17999999999999997 1.3552527156068808e-16 -1 0 
1 1.8500000000000014 2.3100000000000001 -0.020000000000000052 -0 0 1 
1 1.8500000000000014 2.3100000000000001 -0.020000000000000052 1.3552527156068808e-16 -1 0 
1 1.8500000000000014 2.5100000000000002 -0.020000000000000052 -0 0 1 
2 1.7500000000000013 2.3100000000000001 0.17999999999999997 0 0 -1 -1 0 0 0 1 0 0.10000000000000005
1 1.6500000000000012 2.3100000000000001 -0.020000000000000052 -0 0 1 
2 1.7500000000000013 2.3100000000000001 -0.020000000000000052 0 0 -1 -1 0 0 0 1 0 0.10000000000000005
1 1.6500000000000012 2.3100000000000001 0.17999999999999997 4.0657581468206426e-16 1 0 
1 1.6500000000000012 2.5100000000000002 -0.020000000000000052 -0 0 1 
1 1.6500000000000012 2.3100000000000001 -0.020000000000000052 4.0657581468206426e-16 1 0 
1 1.6500000000000012 2.5100000000000002 0.17999999999999997 1 -1.3552527156068805e-16 0 
1 1.6500000000000012 2.5100000000000002 -0.020000000000000052 1 -1.3552527156068805e-16 0 
1 1.3500000000000014 2.3100000000000001 0.17999999999999997 1.3552527156068808e-16 -1 0 
1 1.3500000000000014 2.3100000000000001 -0.020000000000000052 -0 0 1 
1 1.3500000000000014 2.3100000000000001 -0.020000000000000052 1.3552527156068808e-16 -1 0 
1 1.3500000000000014 2.5100000000000002 -0.020000000000000052 -0 0 1 
2 1.2500000000000013 2.3100000000000001 0.17999999999999997 0 0 -1 -1 0 0 0 1 0 0.10000000000000005
1 1.1500000000000012 2.3100000000000001 -0.020000000000000052 -0 0 1 
2 1.2500000000000013 2.3100000000000001 -0.020000000000000052 0 0 -1 -1 0 0 0 1 0 0.10000000000000005
1 1.1500000000000012 2.3100000000000001 0.17999999999999997 4.0657581468206426e-16 1 0 
1 1.1500000000000012 2.5100000000000002 -0.020000000000000052 -0 0 1 
1 1.1500000000000012 2.3100000000000001 -0.020000000000000052 4.0657581468206426e-16 1 0 
1 1.1500000000000012 2.5100000000000002 0.17999999999999997 1 -1.3552527156068805e-16 0 
1 1.1500000000000012 2.5100000000000002 -0.020000000000000052 1 -1.3552527156068805e-16 0 
1 0.85000000000000131 2.3100000000000001 0.17999999999999997 1.3552527156068808e-16 -1 0 
1 0.85000000000000131 2.3100000000000001 -0.020000000000000052 -0 0 1 
1 0.85000000000000131 2.3100000000000001 -0.020000000000000052 1.3552527156068808e-16 -1 0 
1 0.85000000000000131 2.5100000000000002 -0.020000000000000052 -0 0 1 
2 0.75000000000000133 2.3100000000000001 0.17999999999999997 0 0 -1 -1 0 0 0 1 0 0.10000000000000005
1 0.65000000000000124 2.3100000000000001 -0.020000000000000052 -0 0 1 
2 0.75000000000000133 2.3100000000000001 -0.020000000000000052 0 0 -1 -1 0 0 0 1 0 0.10000000000000005
1 0.65000000000000124 2.3100000000000001 0.17999999999999997 4.0657581468206426e-16 1 0 
1 0.65000000000000135 2.5100000000000002 -0.020000000000000052 -0 0 1 
1 0.65000000000000124 2.3100000000000001 -0.020000000000000052 4.0657581468206426e-16 1 0 
1 0.65000000000000135 2.5100000000000002 0.17999999999999997 1 -1.3552527156068805e-16 0 
1 0.65000000000000135 2.5100000000000002 -0.020000000000000052 1 -1.3552527156068805e-16 0 
1 0.35000000000000137 2.3100000000000001 0.17999999999999997 1.3552527156068808e-16 -1 0 
1 0.35000000000000137 2.3100000000000001 -0.020000000000000052 -0 0 1 
1 0.35000000000000137 2.3100000000000001 -0.020000000000000052 1.3552527156068808e-16 -1 0 
1 0.35000000000000137 2.5100000000000002 -0.020000000000000052 -0 0 1 
2 0.25000000000000133 2.3100000000000001 0.17999999999999997 0 0 -1 -1 0 0 0 1 0 0.10000000000000005
1 0.15000000000000127 2.3100000000000001 -0.020000000000000052 -0 0 1 
2 0.25000000000000133 2.3100000000000001 -0.020000000000000052 0 0 -1 -1 0 0 0 1 0 0.10000000000000005
1 0.15000000000000127 2.3100000000000001 0.17999999999999997 4.0657581468206426e-16 1 0 
1 0.15000000000000135 2.5100000000000002 -0.020000000000000052 -0 0 1 
1 0.15000000000000127 2.3100000000000001 -0.020000000000000052 4.0657581468206426e-16 1 0 
1 0.15000000000000135 2.5100000000000002 0.17999999999999997 1 -1.3552527156068805e-16 0 
1 0.15000000000000135 2.5100000000000002 -0.020000000000000052 1 -1.3552527156068805e-16 0 
1 -0.14999999999999863 2.3100000000000001 0.17999999999999997 1.3552527156068808e-16 -1 0 
1 -0.14999999999999863 2.3100000000000001 -0.020000000000000052 -0 0 1 
1 -0.14999999999999863 2.3100000000000001 -0.020000000000000052 1.3552527156068808e-16 -1 0 
1 -0.14999999999999866 2.5100000000000002 -0.020000000000000052 -0 0 1 
2 -0.2499999999999987 2.3100000000000001 0.17999999999999997 0 0 -1 -1 0 0 0 1 0 0.10000000000000005
1 -0.34999999999999876 2.3100000000000001 -0.020000000000000052 -0 0 1 
2 -0.2499999999999987 2.3100000000000001 -0.020000000000000052 0 0 -1 -1 0 0 0 1 0 0.10000000000000005
1 -0.34999999999999876 2.3100000000000001 0.17999999999999997 4.0657581468206426e-16 1 0 
1 -0.34999999999999865 2.5100000000000002 -0.020000000000000052 -0 0 1 
1 -0.34999999999999876 2.3100000000000001 -0.020000000000000052 4.0657581468206426e-16 1 0 
1 -0.34999999999999865 2.5100000000000002 0.17999999999999997 1 -1.3552527156068805e-16 0 
1 -0.34999999999999865 2.5100000000000002 -0.020000000000000052 1 -1.3552527156068805e-16 0 
1 -0.64999999999999869 2.3100000000000001 0.17999999999999997 1.3552527156068808e-16 -1 0 
1 -0.64999999999999869 2.3100000000000001 -0.020000000000000052 -0 0 1 
1 -0.64999999999999869 2.3100000000000001 -0.020000000000000052 1.3552527156068808e-16 -1 0 
1 -0.64999999999999869 2.5100000000000002 -0.020000000000000052 -0 0 1 
2 -0.74999999999999867 2.3100000000000001 0.17999999999999997 0 0 -1 -1 0 0 0 1 0 0.10000000000000005
1 -0.84999999999999876 2.3100000000000001 -0.020000000000000052 -0 0 1 
2 -0.74999999999999867 2.3100000000000001 -0.020000000000000052 0 0 -1 -1 0 0 0 1 0 0.10000000000000005
1 -0.84999999999999876 2.3100000000000001 0.17999999999999997 4.0657581468206426e-16 1 0 
1 -0.84999999999999865 2.5100000000000002 -0.020000000000000052 -0 0 1 
1 -0.84999999999999876 2.3100000000000001 -0.020000000000000052 4.0657581468206426e-16 1 0 
1 -0.84999999999999865 2.5100000000000002 0.17999999999999997 1 -1.3552527156068805e-16 0 
1 -0.84999999999999865 2.5100000000000002 -0.020000000000000052 1 -1.3552527156068805e-16 0 
1 -1.1499999999999986 2.3100000000000001 0.17999999999999997 1.3552527156068808e-16 -1 0 
1 -1.1499999999999986 2.3100000000000001 -0.020000000000000052 -0 0 1 
1 -1.1499999999999986 2.3100000000000001 -0.020000000000000052 1.3552527156068808e-16 -1 0 
1 -1.1499999999999986 2.5100000000000002 -0.020000000000000052 -0 0 1 
2 -1.2499999999999987 2.3100000000000001 0.17999999999999997 0 0 -1 -1 0 0 0 1 0 0.10000000000000005
1 -1.3499999999999988 2.3100000000000001 -0.020000000000000052 -0 0 1 
2 -1.2499999999999987 2.3100000000000001 -0.020000000000000052 0 0 -1 -1 0 0 0 1 0 0.10000000000000005
1 -1.3499999999999988 2.3100000000000001 0.17999999999999997 4.0657581468206426e-16 1 0 
1 -1.3499999999999988 2.5100000000000002 -0.020000000000000052 -0 0 1 
1 -1.3499999999999988 2.3100000000000001 -0.020000000000000052 4.0657581468206426e-16 1 0 
1 -1.3499999999999988 2.5100000000000002 0.17999999999999997 1 -1.3552527156068805e-16 0 
1 -1.3499999999999988 2.5100000000000002 -0.020000000000000052 1 -1.3552527156068805e-16 0 
1 -1.6499999999999986 2.3100000000000001 0.17999999999999997 1.3552527156068808e-16 -1 0 
1 -1.6499999999999986 2.3100000000000001 -0.020000000000000052 -0 0 1 
1 -1.6499999999999986 2.3100000000000001 -0.020000000000000052 1.3552527156068808e-16 -1 0 
1 -1.6499999999999986 2.5100000000000002 -0.020000000000000052 -0 0 1 
2 -1.7499999999999987 2.3100000000000001 0.17999999999999997 0 0 -1 -1 0 0 0 1 0 0.10000000000000005
1 -1.8499999999999988 2.3100000000000001 -0.020000000000000052 -0 0 1 
2 -1.7499999999999987 2.3100000000000001 -0.020000000000000052 0 0 -1 -1 0 0 0 1 0 0.10000000000000005
1 -1.8499999999999988 2.3100000000000001 0.17999999999999997 4.0657581468206426e-16 1 0 
1 -1.8499999999999988 2.5100000000000002 -0.020000000000000052 -0 0 1 
1 -1.8499999999999988 2.3100000000000001 -0.020000000000000052 4.0657581468206426e-16 1 0 
1 -1.8499999999999988 2.5100000000000002 0.17999999999999997 1 -1.3552527156068805e-16 0 
1 -1.8499999999999988 2.5100000000000002 -0.020000000000000052 1 -1.3552527156068805e-16 0 
1 1.5942430877456366 -1.9456146994380261 1 -0 1 -0 
1 1.5942430877456366 -1.9456146994380261 1.0009999999999999 -0 -0 -1 
1 1.5942430877456366 -1.9456146994380261 1.0009999999999999 -0 1 -0 
1 1.5942430877456366 -1.9572080002049179 1.0009999999999999 -0 -0 -1 
1 1.5537445169048059 -1.9456146994380261 1 -1 -0 -0 
1 1.5537445169048059 -1.9456146994380261 1.0009999999999999 -0 -0 -1 
1 1.5537445169048059 -1.9456146994380261 1.0009999999999999 -1 -0 -0 
1 1.5537445169048059 -1.8555196759892505 1 -0 1 -0 
1 1.5537445169048059 -1.8555196759892505 1.0009999999999999 -0 -0 -1 
1 1.5537445169048059 -1.8555196759892505 1.0009999999999999 -0 1 -0 
1 1.5406175732113592 -1.8555196759892505 1 -1 -0 -0 
1 1.5406175732113592 -1.8555196759892505 1.0009999999999999 -0 -0 -1 
1 1.5406175732113592 -1.8555196759892505 1.0009999999999999 -1 -0 -0 
1 1.5406175732113592 -1.9572080002049179 1 -0 -1 -0 
1 1.5406175732113592 -1.9572080002049179 1.0009999999999999 -0 -0 -1 
1 1.5406175732113592 -1.9572080002049179 1.0009999999999999 -0 -1 -0 
1 1.5942430877456366 -1.9572080002049179 1 1 -0 -0 
1 1.5942430877456366 -1.9572080002049179 1.0009999999999999 1 -0 -0 
1 1.6463869472487733 -1.9589236007669653 1.0010000000000001 -0 -0 -1 
7 0 0  3 4 2  1.6463869472487733 -1.9589236007669653 1.0010000000000001  1.657668320640777 -1.9589236007669653 1.0010000000000001  1.6670521358355903 -1.9569480607261351 1.0010000000000001  1.6745383928332025 -1.9529969806437812 1.0009999999999999 
 0 4 1 4
1 1.6745383928332025 -1.9529969806437812 1.0009999999999999 -0 -0 -1 
7 0 0  3 4 2  1.6463869472487733 -1.9589236007669653 1.0000000000000002  1.657668320640777 -1.9589236007669653 1.0000000000000002  1.6670521358355903 -1.9569480607261351 1.0000000000000002  1.6745383928332025 -1.9529969806437812 1 
 0 4 1 4
1 1.6745383928332025 -1.9404159098561278 1 -0 1 -0 
1 1.6745383928332025 -1.9404159098561278 1.0009999999999999 -0 -0 -1 
1 1.6745383928332025 -1.9404159098561278 1.0009999999999999 -0 1 -0 
7 0 0  3 4 2  1.6745383928332025 -1.9404159098561278 1.0009999999999999  1.6671041237313449 -1.9449388567924972 1.0010000000000001  1.6583441632863092 -1.9472263242085599 1.0010000000000001  1.6482845054459672 -1.9472263242085599 1.0010000000000001 
 12 4 13 4
1 1.6482845054459672 -1.9472263242085599 1.0010000000000001 -0 -0 -1 
7 0 0  3 4 2  1.6745383928332025 -1.9404159098561278 1  1.6671041237313449 -1.9449388567924972 1.0000000000000002  1.6583441632863092 -1.9472263242085599 1.0000000000000002  1.6482845054459672 -1.9472263242085599 1.0000000000000002 
 12 4 13 4
7 0 0  3 4 2  1.6482845054459672 -1.9472263242085599 1.0010000000000001  1.6375230110122236 -1.9472263242085599 1.0010000000000001  1.6288150384629418 -1.9436391593971958 1.0010000000000001  1.6221605877984726 -1.9365168176702228 1.0010000000000001 
 11 4 12 4
1 1.6221605877984726 -1.9365168176702228 1.0010000000000001 -0 -0 -1 
7 0 0  3 4 2  1.6482845054459672 -1.9472263242085599 1.0000000000000002  1.6375230110122236 -1.9472263242085599 1.0000000000000002  1.6288150384629418 -1.9436391593971958 1.0000000000000002  1.6221605877984726 -1.9365168176702228 1.0000000000000002 
 11 4 12 4
7 0 0  3 4 2  1.6221605877984726 -1.9365168176702228 1.0010000000000001  1.6155061371340027 -1.929342488047495 1.0010000000000001  1.6121789118021133 -1.9196727394256767 1.0010000000000001  1.6121789118021133 -1.9075075718047694 1.0010000000000001 
 10 4 11 4
1 1.6121789118021133 -1.9075075718047694 1.0010000000000001 -0 -0 -1 
7 0 0  3 4 2  1.6221605877984726 -1.9365168176702228 1.0000000000000002  1.6155061371340027 -1.929342488047495 1.0000000000000002  1.6121789118021133 -1.9196727394256767 1.0000000000000002  1.6121789118021133 -1.9075075718047694 1.0000000000000002 
 10 4 11 4
7 0 0  3 4 2  1.6121789118021133 -1.9075075718047694 1.0010000000000001  1.6121789118021133 -1.8947185494340895 1.0010000000000001  1.6157400826652542 -1.884528921854705 1.0010000000000001  1.6228624243922249 -1.8769386890652304 1.0010000000000001 
 9 4 10 4
1 1.6228624243922249 -1.8769386890652304 1.0010000000000001 -0 -0 -1 
7 0 0  3 4 2  1.6121789118021133 -1.9075075718047694 1.0000000000000002  1.6121789118021133 -1.8947185494340895 1.0000000000000002  1.6157400826652542 -1.884528921854705 1.0000000000000002  1.6228624243922249 -1.8769386890652304 1.0000000000000002 
 9 4 10 4
7 0 0  3 4 2  1.6228624243922249 -1.8769386890652304 1.0010000000000001  1.6300107600667302 -1.8694004441722056 1.0010000000000001  1.6392386115742681 -1.8656573156735714 1.0010000000000001  1.6505719728620303 -1.8656573156735714 1.0010000000000001 
 8 4 9 4
1 1.6505719728620303 -1.8656573156735714 1.0010000000000001 -0 -0 -1 
7 0 0  3 4 2  1.6228624243922249 -1.8769386890652304 1.0000000000000002  1.6300107600667302 -1.8694004441722056 1.0000000000000002  1.6392386115742681 -1.8656573156735714 1.0000000000000002  1.6505719728620303 -1.8656573156735714 1.0000000000000002 
 8 4 9 4
7 0 0  3 4 2  1.6505719728620303 -1.8656573156735714 1.0010000000000001  1.659279945410965 -1.8656573156735714 1.0010000000000001  1.667260087418964 -1.8676328557144015 1.0010000000000001  1.6745383928332025 -1.8716879115875755 1.0010000000000001 
 7 4 8 4
1 1.6745383928332025 -1.8716879115875755 1.0010000000000001 -0 -0 -1 
7 0 0  3 4 2  1.6505719728620303 -1.8656573156735714 1.0000000000000002  1.659279945410965 -1.8656573156735714 1.0000000000000002  1.667260087418964 -1.8676328557144015 1.0000000000000002  1.6745383928332025 -1.8716879115875755 1.0000000000000002 
 7 4 8 4
1 1.6745383928332025 -1.8579631070925835 1 -0 1 -0 
1 1.6745383928332025 -1.8579631070925835 1.0009999999999999 -0 -0 -1 
1 1.6745383928332025 -1.8579631070925835 1.0009999999999999 -0 1 -0 
7 0 0  3 4 2  1.6745383928332025 -1.8579631070925835 1.0009999999999999  1.6681958695436196 -1.8552077486140179 1.0010000000000001  1.660163739639867 -1.8538040754272032 1.0010000000000001  1.6504420031222928 -1.8538040754272032 1.0010000000000001 
 5 4 6 4
1 1.6504420031222928 -1.8538040754272032 1.0010000000000001 -0 -0 -1 
7 0 0  3 4 2  1.6745383928332025 -1.8579631070925835 1  1.6681958695436196 -1.8552077486140179 1.0000000000000002  1.660163739639867 -1.8538040754272032 1.0000000000000002  1.6504420031222928 -1.8538040754272032 1.0000000000000002 
 5 4 6 4
7 0 0  3 4 2  1.6504420031222928 -1.8538040754272032 1.0010000000000001  1.6353395193880167 -1.8538040754272032 1.0010000000000001  1.6228884183401018 -1.8587949134253823 1.0010000000000001  1.6130886999785459 -1.8687765894224324 1.0010000000000001 
 4 4 5 4
1 1.6130886999785459 -1.8687765894224324 1.0010000000000001 -0 -0 -1 
7 0 0  3 4 2  1.6504420031222928 -1.8538040754272032 1.0000000000000002  1.6353395193880167 -1.8538040754272032 1.0000000000000002  1.6228884183401018 -1.8587949134253823 1.0000000000000002  1.6130886999785459 -1.8687765894224324 1.0000000000000002 
 4 4 5 4
7 0 0  3 4 2  1.6130886999785459 -1.8687765894224324 1.0010000000000001  1.6032889816173355 -1.8787582654187911 1.0010000000000001  1.598402119410673 -1.8919112030604599 1.0010000000000001  1.598402119410673 -1.9082873902425046 1.0010000000000001 
 3 4 4 4
1 1.598402119410673 -1.9082873902425046 1.0010000000000001 -0 -0 -1 
7 0 0  3 4 2  1.6130886999785459 -1.8687765894224324 1.0000000000000002  1.6032889816173355 -1.8787582654187911 1.0000000000000002  1.598402119410673 -1.8919112030604599 1.0000000000000002  1.598402119410673 -1.9082873902425046 1.0000000000000002 
 3 4 4 4
7 0 0  3 4 2  1.598402119410673 -1.9082873902425046 1.0010000000000001  1.598402119410673 -1.9235198437165175 1.0010000000000001  1.6027431087111979 -1.9357889871289375 1.0010000000000001  1.6114510812604796 -1.9450428325840106 1.0010000000000001 
 2 4 3 4
1 1.6114510812604796 -1.9450428325840106 1.0010000000000001 -0 -0 -1 
7 0 0  3 4 2  1.598402119410673 -1.9082873902425046 1.0000000000000002  1.598402119410673 -1.9235198437165175 1.0000000000000002  1.6027431087111979 -1.9357889871289375 1.0000000000000002  1.6114510812604796 -1.9450428325840106 1.0000000000000002 
 2 4 3 4
7 0 0  3 4 2  1.6114510812604796 -1.9450428325840106 1.0010000000000001  1.6201590538097617 -1.9542966780390827 1.0010000000000001  1.6318043424724105 -1.9589236007669653 1.0010000000000001  1.6463869472487733 -1.9589236007669653 1.0010000000000001 
 1 4 2 4
7 0 0  3 4 2  1.6114510812604796 -1.9450428325840106 1.0000000000000002  1.6201590538097617 -1.9542966780390827 1.0000000000000002  1.6318043424724105 -1.9589236007669653 1.0000000000000002  1.6463869472487733 -1.9589236007669653 1.0000000000000002 
 1 4 2 4
1 1.7495829204431146 -1.9456146994380261 1 -0 1 -0 
1 1.7495829204431146 -1.9456146994380261 1.0009999999999999 -0 -0 -1 
1 1.7495829204431146 -1.9456146994380261 1.0009999999999999 -0 1 -0 
1 1.7495829204431146 -1.9572080002049179 1.0009999999999999 -0 -0 -1 
1 1.708018597738576 -1.9456146994380261 1 -1 -0 -0 
1 1.708018597738576 -1.9456146994380261 1.0009999999999999 -0 -0 -1 
1 1.708018597738576 -1.9456146994380261 1.0009999999999999 -1 -0 -0 
1 1.708018597738576 -1.9114066639913663 1 -0 1 -0 
1 1.708018597738576 -1.9114066639913663 1.0009999999999999 -0 -0 -1 
1 1.708018597738576 -1.9114066639913663 1.0009999999999999 -0 1 -0 
1 1.7443841308615615 -1.9114066639913663 1 1 -0 -0 
1 1.7443841308615615 -1.9114066639913663 1.0009999999999999 -0 -0 -1 
1 1.7443841308615615 -1.9114066639913663 1.0009999999999999 1 -0 -0 
1 1.7443841308615615 -1.8997613753287179 1 -0 1 -0 
1 1.7443841308615615 -1.8997613753287179 1.0009999999999999 -0 -0 -1 
1 1.7443841308615615 -1.8997613753287179 1.0009999999999999 -0 1 -0 
1 1.708018597738576 -1.8997613753287179 1 -1 -0 -0 
1 1.708018597738576 -1.8997613753287179 1.0009999999999999 -0 -0 -1 
1 1.708018597738576 -1.8997613753287179 1.0009999999999999 -1 -0 -0 
1 1.708018597738576 -1.8672169525476559 1 -0 1 -0 
1 1.708018597738576 -1.8672169525476559 1.0009999999999999 -0 -0 -1 
1 1.708018597738576 -1.8672169525476559 1.0009999999999999 -0 1 -0 
1 1.7472694590795206 -1.8672169525476559 1 1 -0 -0 
1 1.7472694590795206 -1.8672169525476559 1.0009999999999999 -0 -0 -1 
1 1.7472694590795206 -1.8672169525476559 1.0009999999999999 1 -0 -0 
1 1.7472694590795206 -1.8555196759892505 1 -0 1 -0 
1 1.7472694590795206 -1.8555196759892505 1.0009999999999999 -0 -0 -1 
1 1.7472694590795206 -1.8555196759892505 1.0009999999999999 -0 1 -0 
1 1.6948916540451335 -1.8555196759892505 1 -1 -0 -0 
1 1.6948916540451335 -1.8555196759892505 1.0009999999999999 -0 -0 -1 
1 1.6948916540451335 -1.8555196759892505 1.0009999999999999 -1 -0 -0 
1 1.6948916540451335 -1.9572080002049179 1 -0 -1 -0 
1 1.6948916540451335 -1.9572080002049179 1.0009999999999999 -0 -0 -1 
1 1.6948916540451335 -1.9572080002049179 1.0009999999999999 -0 -1 -0 
1 1.7495829204431146 -1.9572080002049179 1 1 -0 -0 
1 1.7495829204431146 -1.9572080002049179 1.0009999999999999 1 -0 -0 
1 1.7967619358962954 -1.9572080002049179 1.0009999999999999 1 -0 -0 
7 0 0  3 4 2  1.7967619358962958 -1.9572080002049179 1.0010000000000001  1.812852189650987 -1.9572080002049179 1.0010000000000001  1.8260311212405347 -1.9524771016855222 1.0010000000000001  1.8362467427684874 -1.9429633167516669 1.0010000000000001 
 5 4 6 4
7 0 0  3 4 2  1.8362467427684874 -1.9429633167516669 1.0010000000000001  1.8464623642964444 -1.9334495318171185 1.0010000000000001  1.8515831720340146 -1.9208164731337085 1.0010000000000001  1.8515831720340146 -1.9050641407014364 1.0010000000000001 
 4 4 5 4
7 0 0  3 4 2  1.8515831720340146 -1.9050641407014364 1.0010000000000001  1.8515831720340146 -1.8899876509153868 1.0010000000000001  1.8464623642964444 -1.8779784469817487 1.0010000000000001  1.8362467427684874 -1.8689845410054595 1.0010000000000001 
 3 4 4 4
7 0 0  3 4 2  1.8362467427684874 -1.8689845410054595 1.0010000000000001  1.8260311212405347 -1.8599906350291704 1.0010000000000001  1.8132161049219748 -1.8555196759892505 1.0010000000000001  1.7978016938128119 -1.8555196759892505 1.0009999999999999 
 2 4 3 4
1 1.768792447947358 -1.8555196759892505 1.0009999999999999 -1 -0 -0 
1 1.768792447947358 -1.9572080002049179 1.0009999999999999 -0 -1 -0 
1 1.7819193916411518 -1.8672169525476559 1.0009999999999999 0 -1 0 
1 1.7972818148538623 -1.8672169525476559 1.0009999999999999 -1 0 0 
7 0 0  3 4 2  1.8266289820424273 -1.8767827253779605 1.0010000000000001  1.8191947129402224 -1.8703882141922741 1.0010000000000001  1.8093949945790126 -1.8672169525476556 1.0010000000000001  1.7972818148538623 -1.8672169525476556 1.0010000000000001 
 5 4 6 4
7 0 0  3 4 2  1.8377803856953865 -1.9054280559724257 1.0010000000000001  1.8377803856953865 -1.8927430093932591 1.0010000000000001  1.8340632511439376 -1.8831772365629542 1.0010000000000001  1.8266289820424273 -1.8767827253779605 1.0010000000000001 
 4 4 5 4
7 0 0  3 4 2  1.826914915469783 -1.935009168691896 1.0010000000000001  1.8341672269361444 -1.927990802756437 1.0010000000000001  1.8377803856953865 -1.9181131025515923 1.0010000000000001  1.8377803856953865 -1.9054280559724257 1.0010000000000001 
 3 4 4 4
7 0 0  3 4 2  1.7966839540526598 -1.9456146994380261 1.0009999999999999  1.8096029461627328 -1.9456146994380261 1.0010000000000001  1.8196885979512949 -1.9420795225224183 1.0010000000000001  1.826914915469783 -1.935009168691896 1.0010000000000001 
 2 4 3 4
1 1.7819193916411518 -1.9456146994380261 1.0009999999999999 1 0 0 
1 1.7967619358962954 -1.9572080002049179 1 1 -0 -0 
1 1.768792447947358 -1.9572080002049179 1 -0 -1 -0 
1 1.768792447947358 -1.8555196759892505 1 -1 -0 -0 
7 0 0  3 4 2  1.8362467427684874 -1.8689845410054595 1.0000000000000002  1.8260311212405347 -1.8599906350291704 1.0000000000000002  1.8132161049219748 -1.8555196759892505 1.0000000000000002  1.7978016938128119 -1.8555196759892505 1 
 2 4 3 4
7 0 0  3 4 2  1.8515831720340146 -1.9050641407014364 1.0000000000000002  1.8515831720340146 -1.8899876509153868 1.0000000000000002  1.8464623642964444 -1.8779784469817487 1.0000000000000002  1.8362467427684874 -1.8689845410054595 1.0000000000000002 
 3 4 4 4
7 0 0  3 4 2  1.8362467427684874 -1.9429633167516669 1.0000000000000002  1.8464623642964444 -1.9334495318171185 1.0000000000000002  1.8515831720340146 -1.9208164731337085 1.0000000000000002  1.8515831720340146 -1.9050641407014364 1.0000000000000002 
 4 4 5 4
7 0 0  3 4 2  1.7967619358962958 -1.9572080002049179 1.0000000000000002  1.812852189650987 -1.9572080002049179 1.0000000000000002  1.8260311212405347 -1.9524771016855222 1.0000000000000002  1.8362467427684874 -1.9429633167516669 1.0000000000000002 
 5 4 6 4
1 1.7972818148538623 -1.8672169525476559 1 -1 0 0 
1 1.7819193916411518 -1.8672169525476559 1 0 -1 0 
1 1.7819193916411518 -1.9456146994380261 1 1 0 0 
7 0 0  3 4 2  1.7966839540526598 -1.9456146994380261 1  1.8096029461627328 -1.9456146994380261 1.0000000000000002  1.8196885979512949 -1.9420795225224183 1.0000000000000002  1.826914915469783 -1.935009168691896 1.0000000000000002 
 2 4 3 4
7 0 0  3 4 2  1.826914915469783 -1.935009168691896 1.0000000000000002  1.8341672269361444 -1.927990802756437 1.0000000000000002  1.8377803856953865 -1.9181131025515923 1.0000000000000002  1.8377803856953865 -1.9054280559724257 1.0000000000000002 
 3 4 4 4
7 0 0  3 4 2  1.8377803856953865 -1.9054280559724257 1.0000000000000002  1.8377803856953865 -1.8927430093932591 1.0000000000000002  1.8340632511439376 -1.8831772365629542 1.0000000000000002  1.8266289820424273 -1.8767827253779605 1.0000000000000002 
 4 4 5 4
7 0 0  3 4 2  1.8266289820424273 -1.8767827253779605 1.0000000000000002  1.8191947129402224 -1.8703882141922741 1.0000000000000002  1.8093949945790126 -1.8672169525476556 1.0000000000000002  1.7972818148538623 -1.8672169525476556 1.0000000000000002 
 5 4 6 4
1 1.7967619358962958 -1.9572080002049179 1.0010000000000001 -0 -0 -1 
1 1.768792447947358 -1.9572080002049179 1.0009999999999999 -0 -0 -1 
1 1.8362467427684874 -1.9429633167516669 1.0010000000000001 -0 -0 -1 
1 1.8515831720340146 -1.9050641407014364 1.0010000000000001 -0 -0 -1 
1 1.8362467427684874 -1.8689845410054595 1.0010000000000001 -0 -0 -1 
1 1.7978016938128119 -1.8555196759892505 1.0009999999999999 -0 -0 -1 
1 1.768792447947358 -1.8555196759892505 1.0009999999999999 -0 -0 -1 
1 1.7972818148538623 -1.8672169525476556 1.0010000000000001 -0 -0 -1 
1 1.7819193916411518 -1.8672169525476559 1.0009999999999999 -0 -0 -1 
1 1.7819193916411518 -1.9456146994380261 1.0009999999999999 -0 -0 -1 
1 1.7966839540526598 -1.9456146994380261 1.0009999999999999 -0 -0 -1 
1 1.826914915469783 -1.935009168691896 1.0010000000000001 -0 -0 -1 
1 1.8377803856953865 -1.9054280559724257 1.0010000000000001 -0 -0 -1 
1 1.8266289820424273 -1.8767827253779605 1.0010000000000001 -0 -0 -1 
1 1.9099915729830974 -1.8555196759892505 1.0009999999999999 -0.35593572436987486 0.934510438741747 -0 
1 1.8959548411128722 -1.8555196759892505 1.0009999999999999 -1 -0 -0 
1 1.8572238587305379 -1.9572080002049179 1.0009999999999999 -0.3559357243643077 -0.9345104387438673 -0 
1 1.8717284816625714 -1.9572080002049179 1.0009999999999999 1 -0 -0 
1 1.8815022060759041 -1.9293944759432518 1.0009999999999999 0.33152841835040298 0.9434452330824934 -0 
1 1.9238463472181737 -1.9293944759432518 1.0009999999999999 1 -0 -0 
1 1.9342179324333988 -1.9572080002049179 1.0009999999999999 0.34939547946915228 -0.93697534595448206 -0 
1 1.9487225553661252 -1.9572080002049179 1.0009999999999999 1 -0 -0 
1 1.8856612377412836 -1.9179051509678731 1.0009999999999999 1 0 0 
1 1.9008676972674161 -1.8756389916699285 1.0009999999999999 -0.33853503431415366 -0.94095378767605531 0 
7 0 0  3 4 2  1.9025313099337062 -1.8685166499429571 1.0009999999999999  1.9020374249233265 -1.8715839357960622 1.0010000000000001  1.9014915520171891 -1.8739753790036386 1.0010000000000001  1.9008676972674163 -1.8756389916699288 1.0009999999999994 
 3 4 4 4
1 1.9028432373082456 -1.8685166499429571 1.0009999999999999 -1 0 0 
7 0 0  3 4 2  1.9044288681309034 -1.8756389916699285 1.0009999999999999  1.9039349831205208 -1.8742353184831146 1.0010000000000001  1.9034151041622642 -1.871895863171295 1.0010000000000001  1.902843237308246 -1.8685166499429571 1.0010000000000001 
 1 4 2 4
1 1.9197912913443078 -1.9179051509678731 1.0009999999999999 -0.34160383068154826 0.93984404177698133 0 
1 1.9099915729830974 -1.8555196759892505 1 -0.35593572436987486 0.934510438741747 -0 
1 1.9487225553661252 -1.9572080002049179 1 1 -0 -0 
1 1.9342179324333988 -1.9572080002049179 1 0.34939547946915228 -0.93697534595448206 -0 
1 1.9238463472181737 -1.9293944759432518 1 1 -0 -0 
1 1.8815022060759041 -1.9293944759432518 1 0.33152841835040298 0.9434452330824934 -0 
1 1.8717284816625714 -1.9572080002049179 1 1 -0 -0 
1 1.8572238587305379 -1.9572080002049179 1 -0.3559357243643077 -0.9345104387438673 -0 
1 1.8959548411128722 -1.8555196759892505 1 -1 -0 -0 
1 1.9008676972674161 -1.8756389916699285 1 -0.33853503431415366 -0.94095378767605531 0 
1 1.8856612377412836 -1.9179051509678731 1 1 0 0 
1 1.9197912913443078 -1.9179051509678731 1 -0.34160383068154826 0.93984404177698133 0 
7 0 0  3 4 2  1.9044288681309034 -1.8756389916699285 1  1.9039349831205208 -1.8742353184831146 1.0000000000000002  1.9034151041622642 -1.871895863171295 1.0000000000000002  1.902843237308246 -1.8685166499429571 1.0000000000000002 
 1 4 2 4
1 1.9028432373082456 -1.8685166499429571 1 -1 0 0 
7 0 0  3 4 2  1.9025313099337062 -1.8685166499429571 1  1.9020374249233265 -1.8715839357960622 1.0000000000000002  1.9014915520171891 -1.8739753790036386 1.0000000000000002  1.9008676972674159 -1.8756389916699283 1.0000000000000002 
 3 4 4 4
1 1.9099915729830974 -1.8555196759892505 1.0009999999999999 -0 -0 -1 
1 1.9487225553661252 -1.9572080002049179 1.0009999999999999 -0 -0 -1 
1 1.8959548411128722 -1.8555196759892505 1.0009999999999999 -0 -0 -1 
1 1.8572238587305379 -1.9572080002049179 1.0009999999999999 -0 -0 -1 
1 1.8717284816625714 -1.9572080002049179 1.0009999999999999 -0 -0 -1 
1 1.8815022060759041 -1.9293944759432518 1.0009999999999999 -0 -0 -1 
1 1.9238463472181737 -1.9293944759432518 1.0009999999999999 -0 -0 -1 
1 1.9342179324333988 -1.9572080002049179 1.0009999999999999 -0 -0 -1 
1 1.8856612377412836 -1.9179051509678731 1.0009999999999999 -0 -0 -1 
1 1.9197912913443078 -1.9179051509678731 1.0009999999999999 -0 -0 -1 
1 1.9044288681309034 -1.8756389916699285 1.0009999999999999 -0 -0 -1 
1 1.902843237308246 -1.8685166499429571 1.0010000000000001 -0 -0 -1 
1 1.9025313099337062 -1.8685166499429571 1.0009999999999999 -0 -0 -1 
1 1.9008676972674159 -1.8756389916699283 1.0010000000000001 -0 -0 -1 
1 1.5953088396096875 -2.1069331401544407 1 -0 1 -0 
1 1.5953088396096875 -2.1069331401544407 1.0009999999999999 -0 -0 -1 
1 1.5953088396096875 -2.1069331401544407 1.0009999999999999 -0 1 -0 
1 1.5953088396096875 -2.1185264409213347 1.0009999999999999 -0 -0 -1 
1 1.5537445169048059 -2.1069331401544407 1 -1 -0 -0 
1 1.5537445169048059 -2.1069331401544407 1.0009999999999999 -0 -0 -1 
1 1.5537445169048059 -2.1069331401544407 1.0009999999999999 -1 -0 -0 
1 1.5537445169048059 -2.0727251047077844 1 -0 1 -0 
1 1.5537445169048059 -2.0727251047077844 1.0009999999999999 -0 -0 -1 
1 1.5537445169048059 -2.0727251047077844 1.0009999999999999 -0 1 -0 
1 1.5901100500281342 -2.0727251047077844 1 1 -0 -0 
1 1.5901100500281342 -2.0727251047077844 1.0009999999999999 -0 -0 -1 
1 1.5901100500281342 -2.0727251047077844 1.0009999999999999 1 -0 -0 
1 1.5901100500281342 -2.0610798160451358 1 -0 1 -0 
1 1.5901100500281342 -2.0610798160451358 1.0009999999999999 -0 -0 -1 
1 1.5901100500281342 -2.0610798160451358 1.0009999999999999 -0 1 -0 
1 1.5537445169048059 -2.0610798160451358 1 -1 -0 -0 
1 1.5537445169048059 -2.0610798160451358 1.0009999999999999 -0 -0 -1 
1 1.5537445169048059 -2.0610798160451358 1.0009999999999999 -1 -0 -0 
1 1.5537445169048059 -2.0285353932640722 1 -0 1 -0 
1 1.5537445169048059 -2.0285353932640722 1.0009999999999999 -0 -0 -1 
1 1.5537445169048059 -2.0285353932640722 1.0009999999999999 -0 1 -0 
1 1.5929953782457469 -2.0285353932640722 1 1 -0 -0 
1 1.5929953782457469 -2.0285353932640722 1.0009999999999999 -0 -0 -1 
1 1.5929953782457469 -2.0285353932640722 1.0009999999999999 1 -0 -0 
1 1.5929953782457469 -2.0168381167056677 1 -0 1 -0 
1 1.5929953782457469 -2.0168381167056677 1.0009999999999999 -0 -0 -1 
1 1.5929953782457469 -2.0168381167056677 1.0009999999999999 -0 1 -0 
1 1.5406175732113592 -2.0168381167056677 1 -1 -0 -0 
1 1.5406175732113592 -2.0168381167056677 1.0009999999999999 -0 -0 -1 
1 1.5406175732113592 -2.0168381167056677 1.0009999999999999 -1 -0 -0 
1 1.5406175732113592 -2.1185264409213347 1 -0 -1 -0 
1 1.5406175732113592 -2.1185264409213347 1.0009999999999999 -0 -0 -1 
1 1.5406175732113592 -2.1185264409213347 1.0009999999999999 -0 -1 -0 
1 1.5953088396096875 -2.1185264409213347 1 1 -0 -0 
1 1.5953088396096875 -2.1185264409213347 1.0009999999999999 1 -0 -0 
7 0 0  3 4 2  1.6396025268449135 -2.0442357378005869 1.0010000000000001  1.6301407298064676 -2.0442357378005869 1.0010000000000001  1.621796672527827 -2.0464712173208954 1.0010000000000001  1.6145963489572206 -2.0509941642565699 1.0009999999999999 
 0 4 1 4
1 1.6145963489572206 -2.0633672834611989 1.0009999999999999 -0 -1 -0 
7 0 0  3 4 2  1.6145963489572206 -2.0633672834611989 1.0009999999999999  1.6217706785799502 -2.0575446391295249 1.0010000000000001  1.6296988326918431 -2.054581329067934 1.0010000000000001  1.6384068052411254 -2.054581329067934 1.0010000000000001 
 12 4 13 4
7 0 0  3 4 2  1.6384068052411254 -2.054581329067934 1.0010000000000001  1.6482065236023351 -2.054581329067934 1.0010000000000001  1.6531193797568782 -2.0605079491911207 1.0010000000000001  1.6531193797568782 -2.0723611894367924 1.0010000000000001 
 11 4 12 4
1 1.6315963908890372 -2.0753764873941423 1.0009999999999999 -0.99032860398812605 -0.13874168848233534 -0 
7 0 0  3 4 2  1.6315963908890372 -2.0753764873941423 1.0009999999999999  1.615532131082227 -2.0776119669144464 1.0010000000000001  1.6075000011784732 -2.0855141270784627 1.0010000000000001  1.6075000011784732 -2.0990829678861869 1.0010000000000001 
 9 4 10 4
7 0 0  3 4 2  1.6075000011784732 -2.0990829678861869 1.0010000000000001  1.6075000011784732 -2.1055814548633838 1.0010000000000001  1.6095795170111635 -2.1107282565495251 1.0010000000000001  1.613738548676543 -2.1145233729439168 1.0010000000000001 
 8 4 9 4
7 0 0  3 4 2  1.613738548676543 -2.1145233729439168 1.0010000000000001  1.6178975803415758 -2.118318489338308 1.0010000000000001  1.6234862791419979 -2.1202420414833831 1.0010000000000001  1.6305306390249861 -2.1202420414833831 1.0010000000000001 
 7 4 8 4
7 0 0  3 4 2  1.6305306390249861 -2.1202420414833831 1.0010000000000001  1.6403303573861963 -2.1202420414833831 1.0010000000000001  1.6477646264880539 -2.1159270461307309 1.0010000000000001  1.6527814584341145 -2.1072970554254327 1.0010000000000001 
 6 4 7 4
1 1.6531193797568779 -2.1072970554254327 1.0009999999999999 1 -0 -0 
1 1.6531193797568779 -2.1185264409213347 1.0009999999999999 -0 -1 -0 
1 1.6658564142318022 -2.1185264409213347 1.0009999999999999 1 -0 -0 
1 1.6658564142318022 -2.0717893225834709 1.0009999999999999 -0 1 -0 
7 0 0  3 4 2  1.6658564142318022 -2.0717893225834709 1.0009999999999999  1.6658564142318024 -2.0533856074641461 1.0010000000000001  1.6570964537867623 -2.0442357378005869 1.0010000000000001  1.6396025268449135 -2.0442357378005869 1.0010000000000001 
 1 4 2 4
7 0 0  3 4 2  1.6237982065168848 -2.0888413524110425 1.0010000000000001  1.6215627269965764 -2.0910248440348989 1.0010000000000001  1.6204189932888895 -2.0940921298880073 1.0010000000000001  1.6204189932888895 -2.0980432099703594 1.0010000000000001 
 1 4 2 4
7 0 0  3 4 2  1.6361193378250614 -2.0843703933704334 1.0009999999999999  1.6301667237543447 -2.085202199703923 1.0010000000000001  1.6260596799847202 -2.0866578607864965 1.0010000000000001  1.6237982065168848 -2.0888413524110425 1.0010000000000001 
 0 4 1 4
1 1.6531193797568779 -2.0820829259543703 1.0009999999999999 -0.99106836629978678 -0.13335476489376555 0 
1 1.6531193797568779 -2.0890493039940692 1.0009999999999999 0 1 0 
7 0 0  3 4 2  1.6476606506961977 -2.1038658543013358 1.0010000000000001  1.6512998034033173 -2.0999667621154345 1.0010000000000001  1.6531193797568782 -2.0950279120130104 1.0010000000000001  1.6531193797568779 -2.0890493039940692 1.0009999999999999 
 5 4 6 4
7 0 0  3 4 2  1.6338318704093451 -2.109792474424522 1.0010000000000001  1.6394205692094175 -2.109792474424522 1.0010000000000001  1.6440474919369514 -2.1078169343836928 1.0010000000000001  1.6476606506961977 -2.1038658543013358 1.0010000000000001 
 4 4 5 4
7 0 0  3 4 2  1.6241101338917676 -2.1065172369883913 1.0010000000000001  1.6265535649951026 -2.1087007286122472 1.0010000000000001  1.6298028084833565 -2.109792474424522 1.0010000000000001  1.6338318704093451 -2.109792474424522 1.0010000000000001 
 3 4 4 4
7 0 0  3 4 2  1.6204189932888895 -2.0980432099703594 1.0010000000000001  1.6204189932888895 -2.1015263989895181 1.0010000000000001  1.6216407088405591 -2.1043337453638413 1.0010000000000001  1.6241101338917676 -2.1065172369883913 1.0010000000000001 
 2 4 3 4
7 0 0  3 4 2  1.6396025268449135 -2.0442357378005869 1.0000000000000002  1.6301407298064676 -2.0442357378005869 1.0000000000000002  1.621796672527827 -2.0464712173208954 1.0000000000000002  1.6145963489572206 -2.0509941642565699 1 
 0 4 1 4
7 0 0  3 4 2  1.6658564142318022 -2.0717893225834709 1  1.6658564142318024 -2.0533856074641461 1.0000000000000002  1.6570964537867623 -2.0442357378005869 1.0000000000000002  1.6396025268449135 -2.0442357378005869 1.0000000000000002 
 1 4 2 4
1 1.6658564142318022 -2.0717893225834709 1 -0 1 -0 
1 1.6658564142318022 -2.1185264409213347 1 1 -0 -0 
1 1.6531193797568779 -2.1185264409213347 1 -0 -1 -0 
1 1.6531193797568779 -2.1072970554254327 1 1 -0 -0 
7 0 0  3 4 2  1.6305306390249861 -2.1202420414833831 1.0000000000000002  1.6403303573861963 -2.1202420414833831 1.0000000000000002  1.6477646264880539 -2.1159270461307309 1.0000000000000002  1.6527814584341145 -2.1072970554254327 1.0000000000000002 
 6 4 7 4
7 0 0  3 4 2  1.613738548676543 -2.1145233729439168 1.0000000000000002  1.6178975803415758 -2.118318489338308 1.0000000000000002  1.6234862791419979 -2.1202420414833831 1.0000000000000002  1.6305306390249861 -2.1202420414833831 1.0000000000000002 
 7 4 8 4
7 0 0  3 4 2  1.6075000011784732 -2.0990829678861869 1.0000000000000002  1.6075000011784732 -2.1055814548633838 1.0000000000000002  1.6095795170111635 -2.1107282565495251 1.0000000000000002  1.613738548676543 -2.1145233729439168 1.0000000000000002 
 8 4 9 4
7 0 0  3 4 2  1.6315963908890372 -2.0753764873941423 1  1.615532131082227 -2.0776119669144464 1.0000000000000002  1.6075000011784732 -2.0855141270784627 1.0000000000000002  1.6075000011784732 -2.0990829678861869 1.0000000000000002 
 9 4 10 4
1 1.6315963908890372 -2.0753764873941423 1 -0.99032860398812605 -0.13874168848233534 -0 
7 0 0  3 4 2  1.6384068052411254 -2.054581329067934 1.0000000000000002  1.6482065236023351 -2.054581329067934 1.0000000000000002  1.6531193797568782 -2.0605079491911207 1.0000000000000002  1.6531193797568782 -2.0723611894367924 1.0000000000000002 
 11 4 12 4
7 0 0  3 4 2  1.6145963489572206 -2.0633672834611989 1  1.6217706785799502 -2.0575446391295249 1.0000000000000002  1.6296988326918431 -2.054581329067934 1.0000000000000002  1.6384068052411254 -2.054581329067934 1.0000000000000002 
 12 4 13 4
1 1.6145963489572206 -2.0633672834611989 1 -0 -1 -0 
7 0 0  3 4 2  1.6361193378250614 -2.0843703933704334 1.0000000000000002  1.6301667237543447 -2.085202199703923 1.0000000000000002  1.6260596799847202 -2.0866578607864965 1.0000000000000002  1.6237982065168848 -2.0888413524110425 1.0000000000000002 
 0 4 1 4
7 0 0  3 4 2  1.6237982065168848 -2.0888413524110425 1.0000000000000002  1.6215627269965764 -2.0910248440348989 1.0000000000000002  1.6204189932888895 -2.0940921298880073 1.0000000000000002  1.6204189932888895 -2.0980432099703594 1.0000000000000002 
 1 4 2 4
7 0 0  3 4 2  1.6204189932888895 -2.0980432099703594 1.0000000000000002  1.6204189932888895 -2.1015263989895181 1.0000000000000002  1.6216407088405591 -2.1043337453638413 1.0000000000000002  1.6241101338917676 -2.1065172369883913 1.0000000000000002 
 2 4 3 4
7 0 0  3 4 2  1.6241101338917676 -2.1065172369883913 1.0000000000000002  1.6265535649951026 -2.1087007286122472 1.0000000000000002  1.6298028084833565 -2.109792474424522 1.0000000000000002  1.6338318704093451 -2.109792474424522 1.0000000000000002 
 3 4 4 4
7 0 0  3 4 2  1.6338318704093451 -2.109792474424522 1.0000000000000002  1.6394205692094175 -2.109792474424522 1.0000000000000002  1.6440474919369514 -2.1078169343836928 1.0000000000000002  1.6476606506961977 -2.1038658543013358 1.0000000000000002 
 4 4 5 4
7 0 0  3 4 2  1.6476606506961977 -2.1038658543013358 1.0000000000000002  1.6512998034033173 -2.0999667621154345 1.0000000000000002  1.6531193797568782 -2.0950279120130104 1.0000000000000002  1.6531193797568779 -2.0890493039940692 1 
 5 4 6 4
1 1.6531193797568779 -2.0890493039940692 1 0 1 0 
1 1.6531193797568779 -2.0820829259543703 1 -0.99106836629978678 -0.13335476489376555 0 
1 1.6396025268449135 -2.0442357378005869 1.0010000000000001 -0 -0 -1 
1 1.6145963489572206 -2.0509941642565699 1.0009999999999999 -0 -0 -1 
1 1.6145963489572206 -2.0633672834611989 1.0009999999999999 -0 -0 -1 
1 1.6384068052411254 -2.054581329067934 1.0010000000000001 -0 -0 -1 
1 1.6531193797568782 -2.0723611894367924 1.0010000000000001 -0 -0 -1 
1 1.6315963908890372 -2.0753764873941423 1.0009999999999999 -0 -0 -1 
1 1.6075000011784732 -2.0990829678861869 1.0010000000000001 -0 -0 -1 
1 1.613738548676543 -2.1145233729439168 1.0010000000000001 -0 -0 -1 
1 1.6305306390249861 -2.1202420414833831 1.0010000000000001 -0 -0 -1 
1 1.6527814584341145 -2.1072970554254327 1.0010000000000001 -0 -0 -1 
1 1.6531193797568779 -2.1072970554254327 1.0009999999999999 -0 -0 -1 
1 1.6531193797568779 -2.1185264409213347 1.0009999999999999 -0 -0 -1 
1 1.6658564142318022 -2.1185264409213347 1.0009999999999999 -0 -0 -1 
1 1.6658564142318022 -2.0717893225834709 1.0009999999999999 -0 -0 -1 
1 1.6361193378250614 -2.0843703933704334 1.0009999999999999 -0 -0 -1 
1 1.6237982065168848 -2.0888413524110425 1.0010000000000001 -0 -0 -1 
1 1.6204189932888895 -2.0980432099703594 1.0010000000000001 -0 -0 -1 
1 1.6241101338917676 -2.1065172369883913 1.0010000000000001 -0 -0 -1 
1 1.6338318704093451 -2.109792474424522 1.0010000000000001 -0 -0 -1 
1 1.6476606506961977 -2.1038658543013358 1.0010000000000001 -0 -0 -1 
1 1.6531193797568779 -2.0890493039940692 1.0009999999999999 -0 -0 -1 
1 1.6531193797568779 -2.0820829259543703 1.0009999999999999 -0 -0 -1 
1 1.7040675176565696 -2.1098444623202766 1.0010000000000001 -0 -0 -1 
7 0 0  3 4 2  1.7040675176565696 -2.1098444623202766 1.0010000000000001  1.6965812606589541 -2.1098444623202766 1.0010000000000001  1.6896148826196016 -2.1075050070084593 1.0010000000000001  1.6831163956427471 -2.1028260963855128 1.0009999999999999 
 0 4 1 4
1 1.6831163956427471 -2.1028260963855128 1.0009999999999999 -0 -0 -1 
7 0 0  3 4 2  1.7040675176565696 -2.1098444623202766 1.0000000000000002  1.6965812606589541 -2.1098444623202766 1.0000000000000002  1.6896148826196016 -2.1075050070084593 1.0000000000000002  1.6831163956427471 -2.1028260963855128 1 
 0 4 1 4
1 1.6831163956427471 -2.1159790340264863 1 -0 -1 -0 
1 1.6831163956427471 -2.1159790340264863 1.0009999999999999 -0 -0 -1 
1 1.6831163956427471 -2.1159790340264863 1.0009999999999999 -0 -1 -0 
7 0 0  3 4 2  1.6831163956427471 -2.1159790340264863 1.0009999999999999  1.6887310883906999 -2.1187863804008091 1.0010000000000001  1.6952815632636562 -2.1202420414833831 1.0010000000000001  1.7028198081570267 -2.1202420414833831 1.0010000000000001 
 19 4 20 4
1 1.7028198081570267 -2.1202420414833831 1.0010000000000001 -0 -0 -1 
7 0 0  3 4 2  1.6831163956427471 -2.1159790340264863 1  1.6887310883906999 -2.1187863804008091 1.0000000000000002  1.6952815632636562 -2.1202420414833831 1.0000000000000002  1.7028198081570267 -2.1202420414833831 1.0000000000000002 
 19 4 20 4
7 0 0  3 4 2  1.7028198081570267 -2.1202420414833831 1.0010000000000001  1.7114757928102031 -2.1202420414833831 1.0010000000000001  1.7185461466410725 -2.118318489338308 1.0010000000000001  1.7239788817538764 -2.1144713850481622 1.0010000000000001 
 18 4 19 4
1 1.7239788817538764 -2.1144713850481622 1.0010000000000001 -0 -0 -1 
7 0 0  3 4 2  1.7028198081570267 -2.1202420414833831 1.0000000000000002  1.7114757928102031 -2.1202420414833831 1.0000000000000002  1.7185461466410725 -2.118318489338308 1.0000000000000002  1.7239788817538764 -2.1144713850481622 1.0000000000000002 
 18 4 19 4
7 0 0  3 4 2  1.7239788817538764 -2.1144713850481622 1.0010000000000001  1.7294376108145573 -2.1106762686530769 1.0010000000000001  1.7321669753448983 -2.1054254911761165 1.0010000000000001  1.7321669753448983 -2.0987710405116466 1.0010000000000001 
 17 4 18 4
1 1.7321669753448983 -2.0987710405116466 1.0010000000000001 -0 -0 -1 
7 0 0  3 4 2  1.7239788817538764 -2.1144713850481622 1.0000000000000002  1.7294376108145573 -2.1106762686530769 1.0000000000000002  1.7321669753448983 -2.1054254911761165 1.0000000000000002  1.7321669753448983 -2.0987710405116466 1.0000000000000002 
 17 4 18 4
7 0 0  3 4 2  1.7321669753448983 -2.0987710405116466 1.0010000000000001  1.7321669753448983 -2.0939881540964937 1.0010000000000001  1.7307373082098594 -2.0899850861183822 1.0010000000000001  1.7279039678880053 -2.0867618365780061 1.0010000000000001 
 16 4 17 4
1 1.7279039678880053 -2.0867618365780061 1.0010000000000001 -0 -0 -1 
7 0 0  3 4 2  1.7321669753448983 -2.0987710405116466 1.0000000000000002  1.7321669753448983 -2.0939881540964937 1.0000000000000002  1.7307373082098594 -2.0899850861183822 1.0000000000000002  1.7279039678880053 -2.0867618365780061 1.0000000000000002 
 16 4 17 4
7 0 0  3 4 2  1.7279039678880053 -2.0867618365780061 1.0010000000000001  1.7250446336182736 -2.0835385870376331 1.0010000000000001  1.719585904557593 -2.0803673253930151 1.0010000000000001  1.7114757928102031 -2.0773520274356656 1.0010000000000001 
 15 4 16 4
1 1.7114757928102031 -2.0773520274356656 1.0010000000000001 -0 -0 -1 
7 0 0  3 4 2  1.7279039678880053 -2.0867618365780061 1.0000000000000002  1.7250446336182736 -2.0835385870376331 1.0000000000000002  1.719585904557593 -2.0803673253930151 1.0000000000000002  1.7114757928102031 -2.0773520274356656 1.0000000000000002 
 15 4 16 4
7 0 0  3 4 2  1.7114757928102031 -2.0773520274356656 1.0010000000000001  1.7050812816248657 -2.0748566084365754 1.0010000000000001  1.7009742378555879 -2.0727770926035385 1.0010000000000001  1.6991026736059245 -2.0711134799372495 1.0010000000000001 
 14 4 15 4
1 1.6991026736059245 -2.0711134799372495 1.0010000000000001 -0 -0 -1 
7 0 0  3 4 2  1.7114757928102031 -2.0773520274356656 1.0000000000000002  1.7050812816248657 -2.0748566084365754 1.0000000000000002  1.7009742378555879 -2.0727770926035385 1.0000000000000002  1.6991026736059245 -2.0711134799372495 1.0000000000000002 
 14 4 15 4
7 0 0  3 4 2  1.6991026736059245 -2.0711134799372495 1.0010000000000001  1.6972571033044859 -2.0695018551674078 1.0010000000000001  1.6963213211798258 -2.0672663756471032 1.0010000000000001  1.6963213211798258 -2.0643550534812665 1.0010000000000001 
 13 4 14 4
1 1.6963213211798258 -2.0643550534812665 1.0010000000000001 -0 -0 -1 
7 0 0  3 4 2  1.6991026736059245 -2.0711134799372495 1.0000000000000002  1.6972571033044859 -2.0695018551674078 1.0000000000000002  1.6963213211798258 -2.0672663756471032 1.0000000000000002  1.6963213211798258 -2.0643550534812665 1.0000000000000002 
 13 4 14 4
7 0 0  3 4 2  1.6963213211798258 -2.0643550534812665 1.0010000000000001  1.6963213211798258 -2.0614437313161238 1.0010000000000001  1.6976210185754737 -2.0590522881085467 1.0010000000000001  1.7001944194181995 -2.0572846996507446 1.0010000000000001 
 12 4 13 4
1 1.7001944194181995 -2.0572846996507446 1.0010000000000001 -0 -0 -1 
7 0 0  3 4 2  1.6963213211798258 -2.0643550534812665 1.0000000000000002  1.6963213211798258 -2.0614437313161238 1.0000000000000002  1.6976210185754737 -2.0590522881085467 1.0000000000000002  1.7001944194181995 -2.0572846996507446 1.0000000000000002 
 12 4 13 4
7 0 0  3 4 2  1.7001944194181995 -2.0572846996507446 1.0010000000000001  1.7027678202609218 -2.0554651232971826 1.0010000000000001  1.7061210395413819 -2.054581329067934 1.0010000000000001  1.7102280833106602 -2.054581329067934 1.0010000000000001 
 11 4 12 4
1 1.7102280833106602 -2.054581329067934 1.0010000000000001 -0 -0 -1 
7 0 0  3 4 2  1.7001944194181995 -2.0572846996507446 1.0000000000000002  1.7027678202609218 -2.0554651232971826 1.0000000000000002  1.7061210395413819 -2.054581329067934 1.0000000000000002  1.7102280833106602 -2.054581329067934 1.0000000000000002 
 11 4 12 4
7 0 0  3 4 2  1.7102280833106602 -2.054581329067934 1.0010000000000001  1.7171164795063805 -2.054581329067934 1.0010000000000001  1.7232510512125894 -2.056348917525737 1.0010000000000001  1.7286837863253932 -2.0598321065455885 1.0010000000000001 
 10 4 11 4
1 1.7286837863253932 -2.0598321065455885 1.0010000000000001 -0 -0 -1 
7 0 0  3 4 2  1.7102280833106602 -2.054581329067934 1.0000000000000002  1.7171164795063805 -2.054581329067934 1.0000000000000002  1.7232510512125894 -2.056348917525737 1.0000000000000002  1.7286837863253932 -2.0598321065455885 1.0000000000000002 
 10 4 11 4
1 1.7286837863253932 -2.0474589873416571 1 -0 1 -0 
1 1.7286837863253932 -2.0474589873416571 1.0009999999999999 -0 -0 -1 
1 1.7286837863253932 -2.0474589873416571 1.0009999999999999 -0 1 -0 
7 0 0  3 4 2  1.7286837863253932 -2.0474589873416571 1.0009999999999999  1.7233810209519838 -2.0452754957171071 1.0010000000000001  1.7176623524121708 -2.0442357378005869 1.0010000000000001  1.7114757928102031 -2.0442357378005869 1.0010000000000001 
 8 4 9 4
1 1.7114757928102031 -2.0442357378005869 1.0010000000000001 -0 -0 -1 
7 0 0  3 4 2  1.7286837863253932 -2.0474589873416571 1  1.7233810209519838 -2.0452754957171071 1.0000000000000002  1.7176623524121708 -2.0442357378005869 1.0000000000000002  1.7114757928102031 -2.0442357378005869 1.0000000000000002 
 8 4 9 4
7 0 0  3 4 2  1.7114757928102031 -2.0442357378005869 1.0010000000000001  1.703521644750432 -2.0442357378005869 1.0010000000000001  1.696815206190208 -2.0461592899456615 1.0010000000000001  1.6913564771295273 -2.0500063942365014 1.0010000000000001 
 7 4 8 4
1 1.6913564771295273 -2.0500063942365014 1.0010000000000001 -0 -0 -1 
7 0 0  3 4 2  1.7114757928102031 -2.0442357378005869 1.0000000000000002  1.703521644750432 -2.0442357378005869 1.0000000000000002  1.696815206190208 -2.0461592899456615 1.0000000000000002  1.6913564771295273 -2.0500063942365014 1.0000000000000002 
 7 4 8 4
7 0 0  3 4 2  1.6913564771295273 -2.0500063942365014 1.0010000000000001  1.6859237420167237 -2.0539054864224062 1.0010000000000001  1.6831943774863827 -2.0590522881085467 1.0010000000000001  1.6831943774863827 -2.0654987871892962 1.0010000000000001 
 6 4 7 4
1 1.6831943774863827 -2.0654987871892962 1.0010000000000001 -0 -0 -1 
7 0 0  3 4 2  1.6913564771295273 -2.0500063942365014 1.0000000000000002  1.6859237420167237 -2.0539054864224062 1.0000000000000002  1.6831943774863827 -2.0590522881085467 1.0000000000000002  1.6831943774863827 -2.0654987871892962 1.0000000000000002 
 6 4 7 4
7 0 0  3 4 2  1.6831943774863827 -2.0654987871892962 1.0010000000000001  1.6831943774863827 -2.0699697462299089 1.0010000000000001  1.6843900990901717 -2.0738168505200592 1.0010000000000001  1.6868075362456247 -2.0769881121646772 1.0010000000000001 
 5 4 6 4
1 1.6868075362456247 -2.0769881121646772 1.0010000000000001 -0 -0 -1 
7 0 0  3 4 2  1.6831943774863827 -2.0654987871892962 1.0000000000000002  1.6831943774863827 -2.0699697462299089 1.0000000000000002  1.6843900990901717 -2.0738168505200592 1.0000000000000002  1.6868075362456247 -2.0769881121646772 1.0000000000000002 
 5 4 6 4
7 0 0  3 4 2  1.6868075362456247 -2.0769881121646772 1.0010000000000001  1.6891989794532019 -2.0801593738092956 1.0010000000000001  1.6944497569305097 -2.0833826233503614 1.0010000000000001  1.7024818868342626 -2.0866058728907375 1.0010000000000001 
 4 4 5 4
1 1.7024818868342626 -2.0866058728907375 1.0010000000000001 -0 -0 -1 
7 0 0  3 4 2  1.6868075362456247 -2.0769881121646772 1.0000000000000002  1.6891989794532019 -2.0801593738092956 1.0000000000000002  1.6944497569305097 -2.0833826233503614 1.0000000000000002  1.7024818868342626 -2.0866058728907375 1.0000000000000002 
 4 4 5 4
7 0 0  3 4 2  1.7024818868342626 -2.0866058728907375 1.0010000000000001  1.7091883253944866 -2.0891012918898277 1.0010000000000001  1.7136332904865288 -2.0912847835143777 1.0010000000000001  1.7158167821107322 -2.0931043598679384 1.0010000000000001 
 3 4 4 4
1 1.7158167821107322 -2.0931043598679384 1.0010000000000001 -0 -0 -1 
7 0 0  3 4 2  1.7024818868342626 -2.0866058728907375 1.0000000000000002  1.7091883253944866 -2.0891012918898277 1.0000000000000002  1.7136332904865288 -2.0912847835143777 1.0000000000000002  1.7158167821107322 -2.0931043598679384 1.0000000000000002 
 3 4 4 4
7 0 0  3 4 2  1.7158167821107322 -2.0931043598679384 1.0010000000000001  1.7180002737352817 -2.0949239362214964 1.0010000000000001  1.7190920195472099 -2.0972114036368663 1.0010000000000001  1.7190920195472099 -2.1000187500111904 1.0010000000000001 
 2 4 3 4
1 1.7190920195472099 -2.1000187500111904 1.0010000000000001 -0 -0 -1 
7 0 0  3 4 2  1.7158167821107322 -2.0931043598679384 1.0000000000000002  1.7180002737352817 -2.0949239362214964 1.0000000000000002  1.7190920195472099 -2.0972114036368663 1.0000000000000002  1.7190920195472099 -2.1000187500111904 1.0000000000000002 
 2 4 3 4
7 0 0  3 4 2  1.7190920195472099 -2.1000187500111904 1.0010000000000001  1.7190920195472099 -2.1065692248841454 1.0010000000000001  1.7140751876011528 -2.1098444623202766 1.0010000000000001  1.7040675176565696 -2.1098444623202766 1.0010000000000001 
 1 4 2 4
7 0 0  3 4 2  1.7190920195472099 -2.1000187500111904 1.0000000000000002  1.7190920195472099 -2.1065692248841454 1.0000000000000002  1.7140751876011528 -2.1098444623202766 1.0000000000000002  1.7040675176565696 -2.1098444623202766 1.0000000000000002 
 1 4 2 4
1 1.7953062748137223 -2.0458993504668768 1 -1 -0 -0 
1 1.7953062748137223 -2.0458993504668768 1.0009999999999999 -0 -0 -1 
1 1.7953062748137223 -2.0458993504668768 1.0009999999999999 -1 -0 -0 
1 1.808511200350458 -2.0458993504668768 1.0009999999999999 -0 -0 -1 
1 1.7754728925597052 -2.1005906168652047 1 -0.34091779621872803 -0.94009311039990384 -0 
1 1.7754728925597054 -2.1005906168652047 1.0010000000000001 -0 -0 -1 
1 1.7754728925597052 -2.1005906168652047 1.0009999999999999 -0.34091779621872803 -0.94009311039990384 -0 
7 0 0  3 4 2  1.7754728925597054 -2.1005906168652047 1.0010000000000001  1.7746930741226639 -2.103138023760053 1.0010000000000001  1.7741731951637136 -2.1051135638008827 1.0010000000000001  1.7739132556849284 -2.1064652490926323 1.0009999999999999 
 12 4 13 4
1 1.7739132556849284 -2.1064652490926323 1.0009999999999999 -0 -0 -1 
7 0 0  3 4 2  1.7754728925597054 -2.1005906168652047 1.0000000000000002  1.7746930741226639 -2.103138023760053 1.0000000000000002  1.7741731951637136 -2.1051135638008827 1.0000000000000002  1.7739132556849284 -2.1064652490926323 1 
 12 4 13 4
1 1.7735753343625111 -2.1064652490926323 1 -1 -0 -0 
1 1.7735753343625111 -2.1064652490926323 1.0009999999999999 -0 -0 -1 
1 1.7735753343625111 -2.1064652490926323 1.0009999999999999 -1 -0 -0 
1 1.7720156974877352 -2.1004866410736911 1 -0.25242189718783897 0.96761727238619089 -0 
1 1.7720156974877352 -2.1004866410736911 1.0009999999999999 -0 -0 -1 
1 1.7720156974877352 -2.1004866410736911 1.0009999999999999 -0.25242189718783897 0.96761727238619089 -0 
1 1.7530401155150888 -2.0458993504668768 1 -0.328346164812512 0.94455746042944089 -0 
1 1.7530401155150888 -2.0458993504668768 1.0009999999999999 -0 -0 -1 
1 1.7530401155150888 -2.0458993504668768 1.0009999999999999 -0.328346164812512 0.94455746042944089 -0 
1 1.7387954320614898 -2.0458993504668768 1 -1 -0 -0 
1 1.7387954320614898 -2.0458993504668768 1.0009999999999999 -0 -0 -1 
1 1.7387954320614898 -2.0458993504668768 1.0009999999999999 -1 -0 -0 
1 1.7672847989686828 -2.1183704772340626 1 0.36585892166935408 -0.93067032263575344 -0 
1 1.7672847989686828 -2.1183704772340626 1.0009999999999999 -0 -0 -1 
1 1.7672847989686828 -2.1183704772340626 1.0009999999999999 0.36585892166935408 -0.93067032263575344 -0 
1 1.7616961001682649 -2.1315754027714919 1 -0.38975826506545691 -0.9209172030172772 -0 
1 1.7616961001682649 -2.1315754027714919 1.0010000000000001 -0 -0 -1 
1 1.7616961001682649 -2.1315754027714919 1.0009999999999999 -0.38975826506545691 -0.9209172030172772 -0 
7 0 0  3 4 2  1.7616961001682649 -2.1315754027714919 1.0010000000000001  1.7588107719506565 -2.1384378050189881 1.0010000000000001  1.7544697826501277 -2.141817018247326 1.0010000000000001  1.748647138318455 -2.141817018247326 1.0010000000000001 
 5 4 6 4
1 1.748647138318455 -2.141817018247326 1.0010000000000001 -0 -0 -1 
7 0 0  3 4 2  1.7616961001682649 -2.1315754027714919 1.0000000000000002  1.7588107719506565 -2.1384378050189881 1.0000000000000002  1.7544697826501277 -2.141817018247326 1.0000000000000002  1.748647138318455 -2.141817018247326 1.0000000000000002 
 5 4 6 4
7 0 0  3 4 2  1.748647138318455 -2.141817018247326 1.0010000000000001  1.7463076830069828 -2.141817018247326 1.0010000000000001  1.743916239799407 -2.1413491271848208 1.0010000000000001  1.7414208208003172 -2.1403613571640587 1.0009999999999999 
 4 4 5 4
1 1.7414208208003172 -2.1403613571640587 1.0009999999999999 -0 -0 -1 
7 0 0  3 4 2  1.748647138318455 -2.141817018247326 1.0000000000000002  1.7463076830069828 -2.141817018247326 1.0000000000000002  1.743916239799407 -2.1413491271848208 1.0000000000000002  1.7414208208003172 -2.1403613571640587 1 
 4 4 5 4
1 1.7414208208003172 -2.1516947184521675 1 -0 -1 -0 
1 1.7414208208003175 -2.1516947184521675 1.0010000000000001 -0 -0 -1 
1 1.7414208208003172 -2.1516947184521675 1.0009999999999999 -0 -1 -0 
7 0 0  3 4 2  1.7414208208003175 -2.1516947184521675 1.0010000000000001  1.7436822942681565 -2.1523705610976962 1.0010000000000001  1.7464376527463739 -2.1527344763686878 1.0010000000000001  1.7496349083392158 -2.1527344763686878 1.0010000000000001 
 2 4 3 4
1 1.7496349083392158 -2.1527344763686878 1.0010000000000001 -0 -0 -1 
7 0 0  3 4 2  1.7414208208003175 -2.1516947184521675 1.0000000000000002  1.7436822942681565 -2.1523705610976962 1.0000000000000002  1.7464376527463739 -2.1527344763686878 1.0000000000000002  1.7496349083392158 -2.1527344763686878 1.0000000000000002 
 2 4 3 4
7 0 0  3 4 2  1.7496349083392158 -2.1527344763686878 1.0010000000000001  1.7607863119914862 -2.1527344763686878 1.0010000000000001  1.7694163026971319 -2.1449882798919435 1.0010000000000001  1.7755508744033408 -2.1294958869384555 1.0009999999999999 
 1 4 2 4
1 1.7755508744033408 -2.1294958869384555 1.0009999999999999 -0 -0 -1 
7 0 0  3 4 2  1.7496349083392158 -2.1527344763686878 1.0000000000000002  1.7607863119914862 -2.1527344763686878 1.0000000000000002  1.7694163026971319 -2.1449882798919435 1.0000000000000002  1.7755508744033408 -2.1294958869384555 1 
 1 4 2 4
1 1.808511200350458 -2.0458993504668768 1 0.3667976789509258 0.93030073778118316 -0 
1 1.808511200350458 -2.0458993504668768 1.0009999999999999 0.3667976789509258 0.93030073778118316 -0 
1 1.8769272712444713 -2.1069331401544407 1 -0 1 -0 
1 1.8769272712444713 -2.1069331401544407 1.0009999999999999 -0 -0 -1 
1 1.8769272712444713 -2.1069331401544407 1.0009999999999999 -0 1 -0 
1 1.8769272712444713 -2.1185264409213347 1.0009999999999999 -0 -0 -1 
1 1.8353629485399325 -2.1069331401544407 1 -1 -0 -0 
1 1.8353629485399325 -2.1069331401544407 1.0009999999999999 -0 -0 -1 
1 1.8353629485399325 -2.1069331401544407 1.0009999999999999 -1 -0 -0 
1 1.8353629485399325 -2.0727251047077844 1 -0 1 -0 
1 1.8353629485399325 -2.0727251047077844 1.0009999999999999 -0 -0 -1 
1 1.8353629485399325 -2.0727251047077844 1.0009999999999999 -0 1 -0 
1 1.8717284816625714 -2.0727251047077844 1 1 -0 -0 
1 1.8717284816625714 -2.0727251047077844 1.0009999999999999 -0 -0 -1 
1 1.8717284816625714 -2.0727251047077844 1.0009999999999999 1 -0 -0 
1 1.8717284816625714 -2.0610798160451358 1 -0 1 -0 
1 1.8717284816625714 -2.0610798160451358 1.0009999999999999 -0 -0 -1 
1 1.8717284816625714 -2.0610798160451358 1.0009999999999999 -0 1 -0 
1 1.8353629485399325 -2.0610798160451358 1 -1 -0 -0 
1 1.8353629485399325 -2.0610798160451358 1.0009999999999999 -0 -0 -1 
1 1.8353629485399325 -2.0610798160451358 1.0009999999999999 -1 -0 -0 
1 1.8353629485399325 -2.0285353932640722 1 -0 1 -0 
1 1.8353629485399325 -2.0285353932640722 1.0009999999999999 -0 -0 -1 
1 1.8353629485399325 -2.0285353932640722 1.0009999999999999 -0 1 -0 
1 1.8746138098805269 -2.0285353932640722 1 1 -0 -0 
1 1.8746138098805269 -2.0285353932640722 1.0009999999999999 -0 -0 -1 
1 1.8746138098805269 -2.0285353932640722 1.0009999999999999 1 -0 -0 
1 1.8746138098805269 -2.0168381167056677 1 -0 1 -0 
1 1.8746138098805269 -2.0168381167056677 1.0009999999999999 -0 -0 -1 
1 1.8746138098805269 -2.0168381167056677 1.0009999999999999 -0 1 -0 
1 1.8222360048461435 -2.0168381167056677 1 -1 -0 -0 
1 1.8222360048461435 -2.0168381167056677 1.0009999999999999 -0 -0 -1 
1 1.8222360048461435 -2.0168381167056677 1.0009999999999999 -1 -0 -0 
1 1.8222360048461435 -2.1185264409213347 1 -0 -1 -0 
1 1.8222360048461435 -2.1185264409213347 1.0009999999999999 -0 -0 -1 
1 1.8222360048461435 -2.1185264409213347 1.0009999999999999 -0 -1 -0 
1 1.8769272712444713 -2.1185264409213347 1 1 -0 -0 
1 1.8769272712444713 -2.1185264409213347 1.0009999999999999 1 -0 -0 
1 1.9241062866976519 -2.1185264409213347 1.0009999999999999 1 -0 -0 
7 0 0  3 4 2  1.9241062866976522 -2.1185264409213347 1.0010000000000001  1.9401965404523391 -2.1185264409213347 1.0010000000000001  1.9533754720418877 -2.1137955424026296 1.0010000000000001  1.963591093569151 -2.1042817574680832 1.0010000000000001 
 5 4 6 4
7 0 0  3 4 2  1.963591093569151 -2.1042817574680832 1.0010000000000001  1.9738067150971068 -2.0947679725335351 1.0010000000000001  1.9789275228353711 -2.0821349138508176 1.0010000000000001  1.9789275228353711 -2.0663825814185448 1.0010000000000001 
 4 4 5 4
7 0 0  3 4 2  1.9789275228353711 -2.0663825814185448 1.0010000000000001  1.9789275228353711 -2.0513060916318029 1.0010000000000001  1.9738067150971068 -2.0392968876981659 1.0010000000000001  1.963591093569151 -2.030302981721877 1.0010000000000001 
 3 4 4 4
7 0 0  3 4 2  1.963591093569151 -2.030302981721877 1.0010000000000001  1.9533754720418877 -2.0213090757462804 1.0010000000000001  1.9405604557226384 -2.0168381167056677 1.0010000000000001  1.9251460446134752 -2.0168381167056677 1.0009999999999999 
 2 4 3 4
1 1.8961367987487152 -2.0168381167056677 1.0009999999999999 -1 -0 -0 
1 1.8961367987487152 -2.1185264409213347 1.0009999999999999 -0 -1 -0 
1 1.9092637424418111 -2.0285353932640722 1.0009999999999999 0 -1 0 
1 1.9246261656552155 -2.0285353932640722 1.0009999999999999 -1 0 0 
7 0 0  3 4 2  1.9539733328430902 -2.038101166094378 1.0010000000000001  1.9465390637415756 -2.0317066549093843 1.0010000000000001  1.9367393453803692 -2.0285353932640722 1.0010000000000001  1.9246261656552155 -2.0285353932640722 1.0010000000000001 
 5 4 6 4
7 0 0  3 4 2  1.9651247364953559 -2.0667464966888431 1.0010000000000001  1.9651247364953559 -2.0540614501096743 1.0010000000000001  1.961407601944601 -2.0444956772800618 1.0010000000000001  1.9539733328430902 -2.038101166094378 1.0010000000000001 
 4 4 5 4
7 0 0  3 4 2  1.9542592662704421 -2.0963276094083119 1.0010000000000001  1.961511577736808 -2.089309243472854 1.0010000000000001  1.9651247364953559 -2.0794315432680084 1.0010000000000001  1.9651247364953559 -2.0667464966888431 1.0010000000000001 
 3 4 4 4
7 0 0  3 4 2  1.9240283048533227 -2.1069331401544407 1.0009999999999999  1.9369472969633923 -2.1069331401544407 1.0010000000000001  1.9470329487519582 -2.1033979632395279 1.0010000000000001  1.9542592662704421 -2.0963276094083119 1.0010000000000001 
 2 4 3 4
1 1.9092637424418111 -2.1069331401544407 1.0009999999999999 1 0 0 
1 1.9241062866976519 -2.1185264409213347 1 1 -0 -0 
1 1.8961367987487152 -2.1185264409213347 1 -0 -1 -0 
1 1.8961367987487152 -2.0168381167056677 1 -1 -0 -0 
7 0 0  3 4 2  1.963591093569151 -2.030302981721877 1.0000000000000002  1.9533754720418877 -2.0213090757462804 1.0000000000000002  1.9405604557226384 -2.0168381167056677 1.0000000000000002  1.9251460446134752 -2.0168381167056677 1 
 2 4 3 4
7 0 0  3 4 2  1.9789275228353711 -2.0663825814185448 1.0000000000000002  1.9789275228353711 -2.0513060916318029 1.0000000000000002  1.9738067150971068 -2.0392968876981659 1.0000000000000002  1.963591093569151 -2.030302981721877 1.0000000000000002 
 3 4 4 4
7 0 0  3 4 2  1.963591093569151 -2.1042817574680832 1.0000000000000002  1.9738067150971068 -2.0947679725335351 1.0000000000000002  1.9789275228353711 -2.0821349138508176 1.0000000000000002  1.9789275228353711 -2.0663825814185448 1.0000000000000002 
 4 4 5 4
7 0 0  3 4 2  1.9241062866976522 -2.1185264409213347 1.0000000000000002  1.9401965404523391 -2.1185264409213347 1.0000000000000002  1.9533754720418877 -2.1137955424026296 1.0000000000000002  1.963591093569151 -2.1042817574680832 1.0000000000000002 
 5 4 6 4
1 1.9246261656552155 -2.0285353932640722 1 -1 0 0 
1 1.9092637424418111 -2.0285353932640722 1 0 -1 0 
1 1.9092637424418111 -2.1069331401544407 1 1 0 0 
7 0 0  3 4 2  1.9240283048533227 -2.1069331401544407 1  1.9369472969633923 -2.1069331401544407 1.0000000000000002  1.9470329487519582 -2.1033979632395279 1.0000000000000002  1.9542592662704421 -2.0963276094083119 1.0000000000000002 
 2 4 3 4
7 0 0  3 4 2  1.9542592662704421 -2.0963276094083119 1.0000000000000002  1.961511577736808 -2.089309243472854 1.0000000000000002  1.9651247364953559 -2.0794315432680084 1.0000000000000002  1.9651247364953559 -2.0667464966888431 1.0000000000000002 
 3 4 4 4
7 0 0  3 4 2  1.9651247364953559 -2.0667464966888431 1.0000000000000002  1.9651247364953559 -2.0540614501096743 1.0000000000000002  1.961407601944601 -2.0444956772800618 1.0000000000000002  1.9539733328430902 -2.038101166094378 1.0000000000000002 
 4 4 5 4
7 0 0  3 4 2  1.9539733328430902 -2.038101166094378 1.0000000000000002  1.9465390637415756 -2.0317066549093843 1.0000000000000002  1.9367393453803692 -2.0285353932640722 1.0000000000000002  1.9246261656552155 -2.0285353932640722 1.0000000000000002 
 5 4 6 4
1 1.9241062866976522 -2.1185264409213347 1.0010000000000001 -0 -0 -1 
1 1.8961367987487152 -2.1185264409213347 1.0009999999999999 -0 -0 -1 
1 1.963591093569151 -2.1042817574680832 1.0010000000000001 -0 -0 -1 
1 1.9789275228353711 -2.0663825814185448 1.0010000000000001 -0 -0 -1 
1 1.963591093569151 -2.030302981721877 1.0010000000000001 -0 -0 -1 
1 1.9251460446134752 -2.0168381167056677 1.0009999999999999 -0 -0 -1 
1 1.8961367987487152 -2.0168381167056677 1.0009999999999999 -0 -0 -1 
1 1.9246261656552155 -2.0285353932640722 1.0010000000000001 -0 -0 -1 
1 1.9092637424418111 -2.0285353932640722 1.0009999999999999 -0 -0 -1 
1 1.9092637424418111 -2.1069331401544407 1.0009999999999999 -0 -0 -1 
1 1.9240283048533227 -2.1069331401544407 1.0009999999999999 -0 -0 -1 
1 1.9542592662704421 -2.0963276094083119 1.0010000000000001 -0 -0 -1 
1 1.9651247364953559 -2.0667464966888431 1.0010000000000001 -0 -0 -1 
1 1.9539733328430902 -2.038101166094378 1.0010000000000001 -0 -0 -1 
1 2.0373359237844548 -2.0168381167056677 1.0009999999999999 -0.35593572436430898 0.93451043874386686 -0 
1 2.0232991919135355 -2.0168381167056677 1.0009999999999999 -1 -0 -0 
1 1.9845682095305075 -2.1185264409213347 1.0009999999999999 -0.35593572436987797 -0.93451043874174577 -0 
1 1.9990728324632348 -2.1185264409213347 1.0009999999999999 1 -0 -0 
1 2.0088465568765637 -2.0907129166603626 1.0009999999999999 0.33152841835765579 0.94344523307994466 -0 
1 2.0511906980188366 -2.0907129166603626 1.0009999999999999 1 -0 -0 
1 2.0615622832347555 -2.1185264409213347 1.0009999999999999 0.34939547949732275 -0.93697534594397724 -0 
1 2.0760669061667887 -2.1185264409213347 1.0009999999999999 1 -0 -0 
1 2.0130055885426366 -2.0792235916849822 1.0009999999999999 1 0 0 
1 2.0282120480680796 -2.036957432386346 1.0009999999999999 -0.3385350342956594 -0.9409537876827091 0 
7 0 0  3 4 2  2.0298756607343686 -2.0298350906600673 1.0009999999999999  2.0293817757239898 -2.0329023765131722 1.0010000000000001  2.0288359028185465 -2.0352938197207489 1.0010000000000001  2.0282120480680796 -2.0369574323863464 1.0009999999999994 
 3 4 4 4
1 2.0301875881096021 -2.0298350906600673 1.0009999999999999 -1 0 0 
7 0 0  3 4 2  2.031773218931566 -2.036957432386346 1.0009999999999999  2.0312793339218773 -2.0355537591995319 1.0010000000000001  2.030759454962928 -2.033214303887712 1.0010000000000001  2.0301875881096021 -2.0298350906600668 1.0010000000000001 
 1 4 2 4
1 2.0471356421456641 -2.0792235916849822 1.0009999999999999 -0.34160383069023792 0.93984404177382286 0 
1 2.0373359237844548 -2.0168381167056677 1 -0.35593572436430898 0.93451043874386686 -0 
1 2.0760669061667887 -2.1185264409213347 1 1 -0 -0 
1 2.0615622832347555 -2.1185264409213347 1 0.34939547949732275 -0.93697534594397724 -0 
1 2.0511906980188366 -2.0907129166603626 1 1 -0 -0 
1 2.0088465568765637 -2.0907129166603626 1 0.33152841835765579 0.94344523307994466 -0 
1 1.9990728324632348 -2.1185264409213347 1 1 -0 -0 
1 1.9845682095305075 -2.1185264409213347 1 -0.35593572436987797 -0.93451043874174577 -0 
1 2.0232991919135355 -2.0168381167056677 1 -1 -0 -0 
1 2.0282120480680796 -2.036957432386346 1 -0.3385350342956594 -0.9409537876827091 0 
1 2.0130055885426366 -2.0792235916849822 1 1 0 0 
1 2.0471356421456641 -2.0792235916849822 1 -0.34160383069023792 0.93984404177382286 0 
7 0 0  3 4 2  2.031773218931566 -2.036957432386346 1  2.0312793339218773 -2.0355537591995319 1.0000000000000002  2.030759454962928 -2.033214303887712 1.0000000000000002  2.0301875881096021 -2.0298350906600668 1.0000000000000002 
 1 4 2 4
1 2.0301875881096021 -2.0298350906600673 1 -1 0 0 
7 0 0  3 4 2  2.0298756607343686 -2.0298350906600673 1  2.0293817757239898 -2.0329023765131722 1.0000000000000002  2.0288359028185465 -2.0352938197207489 1.0000000000000002  2.0282120480680796 -2.0369574323863464 1.0000000000000002 
 3 4 4 4
1 2.0373359237844548 -2.0168381167056677 1.0009999999999999 -0 -0 -1 
1 2.0760669061667887 -2.1185264409213347 1.0009999999999999 -0 -0 -1 
1 2.0232991919135355 -2.0168381167056677 1.0009999999999999 -0 -0 -1 
1 1.9845682095305075 -2.1185264409213347 1.0009999999999999 -0 -0 -1 
1 1.9990728324632348 -2.1185264409213347 1.0009999999999999 -0 -0 -1 
1 2.0088465568765637 -2.0907129166603626 1.0009999999999999 -0 -0 -1 
1 2.0511906980188366 -2.0907129166603626 1.0009999999999999 -0 -0 -1 
1 2.0615622832347555 -2.1185264409213347 1.0009999999999999 -0 -0 -1 
1 2.0130055885426366 -2.0792235916849822 1.0009999999999999 -0 -0 -1 
1 2.0471356421456641 -2.0792235916849822 1.0009999999999999 -0 -0 -1 
1 2.031773218931566 -2.036957432386346 1.0009999999999999 -0 -0 -1 
1 2.0301875881096021 -2.0298350906600668 1.0010000000000001 -0 -0 -1 
1 2.0298756607343686 -2.0298350906600673 1.0009999999999999 -0 -0 -1 
1 2.0282120480680796 -2.0369574323863464 1.0010000000000001 -0 -0 -1 
7 0 0  3 4 2  1.4573368080639313 -2.0176600107021594 1.0010000000000001  1.4566138255104686 -1.9742804231649547 1.0010000000000001  1.4269710719657325 -1.9359617548709878 1.0010000000000001  1.3857604596685924 -1.9229478758512699 1.0010000000000001 
 35 4 36 4
7 0 0  3 4 2  1.3857604596685924 -1.9229478758512699 1.0010000000000001  1.3778075412624893 -1.9012580682933504 1.0010000000000001  1.3640706521099808 -1.8817372428691146 1.0010000000000001  1.3467187950311528 -1.865831381924737 1.0010000000000001 
 0 4 1 4
7 0 0  3 4 2  1.3467187950311528 -1.865831381924737 1.0010000000000001  1.319245044306155 -1.8419725913689189 1.0010000000000001  1.2845413577281715 -1.8282357134210534 1.0010000000000001  1.2483916784639333 -1.8282357134210534 1.0010000000000001 
 1 4 2 4
7 0 0  3 4 2  1.2483916784639333 -1.8282357134210534 1.0010000000000001  1.2165799634694876 -1.8282357134210534 1.0010000000000001  1.1869372237147617 -1.8383576234425985 1.0010000000000001  1.1616324482294837 -1.8564324639370269 1.0010000000000001 
 2 4 3 4
7 0 0  3 4 2  1.1616324482294837 -1.8564324639370269 1.0010000000000001  1.1493415517635763 -1.865108389028765 1.0010000000000001  1.139219644327744 -1.8759532928077252 1.0010000000000001  1.1298207332350392 -1.8882441823786278 1.0010000000000001 
 3 4 4 4
7 0 0  3 4 2  1.1298207332350392 -1.8882441823786278 1.0010000000000001  1.1240367900686541 -1.8875211860355003 1.0010000000000001  1.118975829455733 -1.8867981965873772 1.0010000000000001  1.113191886289348 -1.8867981965873772 1.0010000000000001 
 4 4 5 4
7 0 0  3 4 2  1.113191886289348 -1.8867981965873772 1.0010000000000001  1.0821031607430258 -1.8867981965873772 1.0010000000000001  1.0524604278833039 -1.8990890861575873 1.0010000000000001  1.0300476239815652 -1.92150189006002 1.0010000000000001 
 5 4 6 4
7 0 0  3 4 2  1.0300476239815652 -1.92150189006002 1.0010000000000001  1.0083577974615161 -1.9431916907236271 1.0010000000000001  0.99606690616703586 -1.9728344304786998 1.0010000000000001  0.99606690616703586 -2.0039231491293239 1.0010000000000001 
 6 4 7 4
7 0 0  3 4 2  0.99606690616703586 -2.0039231491293239 1.0010000000000001  0.99606690616703586 -2.0328428925412694 1.0010000000000001  1.0069118099459955 -2.0610396533994013 1.0010000000000001  1.0264326353702307 -2.0827294333779949 1.0010000000000001 
 7 4 8 4
7 0 0  3 4 2  1.0264326353702307 -2.0827294333779949 1.0010000000000001  1.0423384928671067 -2.1000812904571697 1.0010000000000001  1.0618593251860002 -2.1116491767892498 1.0010000000000001  1.0842721221927347 -2.1174331199556335 1.0010000000000001 
 8 4 9 4
7 0 0  3 4 2  1.0842721221927347 -2.1174331199556335 1.0010000000000001  1.0936710401804446 -2.1463528633675781 1.0010000000000001  1.1211447909054415 -2.1665966782392414 1.0010000000000001  1.1529565196902429 -2.1665966782392414 1.0010000000000001 
 9 4 10 4
7 0 0  3 4 2  1.1529565196902429 -2.1665966782392414 1.0010000000000001  1.1927211668808011 -2.1665966782392414 1.0010000000000001  1.2252558782190661 -2.1340619669016707 1.0010000000000001  1.2252558782190661 -2.0942973197107677 1.0010000000000001 
 10 4 11 4
7 0 0  3 4 2  1.2252558782190661 -2.0942973197107677 1.0010000000000001  1.2252558782190661 -2.0921283444706988 1.0010000000000001  1.2252558782190661 -2.0899593692306344 1.0010000000000001  1.2252558782190661 -2.0870673838574345 1.0010000000000001 
 11 4 12 4
1 1.2252558782190661 -2.0870673838574345 1.0009999999999999 0.88409495024788054 0.46730730675455689 0 
1 1.3264749801591411 -2.033565861304377 1.0009999999999999 -0.50488304864992462 0.86318775894121547 0 
1 1.3040621900470648 -1.9952471930104105 1.0009999999999999 -0.88634884279586212 -0.46301806538669316 0 
7 0 0  3 4 2  1.2071810523767834 -2.0458567439802726 1.0009999999999999  1.194167173357412 -2.0306738759311744 1.0010000000000001  1.174646341038865 -2.02127496483847 1.0010000000000001  1.1529565334802527 -2.02127496483847 1.0010000000000001 
 15 4 16 4
7 0 0  3 4 2  1.1529565334802527 -2.02127496483847 1.0010000000000001  1.1218678010389256 -2.02127496483847 1.0010000000000001  1.0951170466574021 -2.0415187797101342 1.0010000000000001  1.0849951392212231 -2.0689925442251389 1.0010000000000001 
 16 4 17 4
7 0 0  3 4 2  1.0849951392212231 -2.0689925442251389 1.0010000000000001  1.0596903637362911 -2.0574246441030541 1.0010000000000001  1.0416155241039979 -2.0321198686181225 1.0010000000000001  1.0416155241039979 -2.0024771288630498 1.0010000000000001 
 17 4 18 4
7 0 0  3 4 2  1.0416155241039979 -2.0024771288630498 1.0010000000000001  1.0416155241039979 -1.9627124816721455 1.0010000000000001  1.0741502354419163 -1.9301777703345735 1.0010000000000001  1.1139148826324752 -1.9301777703345735 1.0010000000000001 
 18 4 19 4
7 0 0  3 4 2  1.1139148826324752 -1.9301777703345735 1.0010000000000001  1.1276517579953202 -1.9301777703345735 1.0010000000000001  1.1413886333578191 -1.9345157346040205 1.0010000000000001  1.1522335371367787 -1.941022674114226 1.0010000000000001 
 19 4 20 4
7 0 0  3 4 2  1.1522335371367787 -1.941022674114226 1.0010000000000001  1.1659703987092678 -1.90053507194953 1.0010000000000001  1.2035660706601075 -1.8716153285382779 1.0010000000000001  1.2491146610173973 -1.8716153285382779 1.0010000000000001 
 20 4 21 4
7 0 0  3 4 2  1.2491146610173973 -1.8716153285382779 1.0010000000000001  1.3011702046742091 -1.8716153285382779 1.0010000000000001  1.3445498197910872 -1.9113799757291829 1.0010000000000001  1.3503337629574717 -1.9619895266990472 1.0010000000000001 
 21 4 22 4
7 0 0  3 4 2  1.3503337629574717 -1.9619895266990472 1.0010000000000001  1.3525027381971904 -1.9619895266990472 1.0010000000000001  1.3539487308837923 -1.9619895266990472 1.0010000000000001  1.3561177061238574 -1.9619895266990472 1.0010000000000001 
 22 4 23 4
7 0 0  3 4 2  1.3561177061238574 -1.9619895266990472 1.0010000000000001  1.387206424775175 -1.9619895266990472 1.0010000000000001  1.4125112002601068 -1.9872943021839793 1.0010000000000001  1.4125112002601068 -2.0183830208352971 1.0010000000000001 
 23 4 24 4
7 0 0  3 4 2  1.4125112002601068 -2.0183830208352971 1.0010000000000001  1.4125112002601068 -2.048025760590368 1.0010000000000001  1.3900984101480307 -2.0726075397314809 1.0010000000000001  1.3604556566036414 -2.0747765149715454 1.0010000000000001 
 24 4 25 4
1 1.3604556566036414 -2.0747765149715454 1.0009999999999999 -1 0 0 
7 0 0  3 4 2  1.3279209452657232 -2.0747765149715454 1.0009999999999999  1.326474952579122 -2.0747765149715454 1.0010000000000001  1.3250289598925209 -2.074053532418429 1.0010000000000001  1.3235829947859383 -2.074053532418429 1.0010000000000001 
 26 4 27 4
7 0 0  3 4 2  1.3235829947859383 -2.074053532418429 1.0010000000000001  1.3112920983200318 -2.074053532418429 1.0010000000000001  1.3011702046742091 -2.0841754536442685 1.0010000000000001  1.3011702046742091 -2.0964663225301572 1.0010000000000001 
 27 4 28 4
7 0 0  3 4 2  1.3011702046742091 -2.0964663225301572 1.0010000000000001  1.3011702046742091 -2.1080342088629256 1.0010000000000001  1.3105691157665675 -2.1181561300894622 1.0010000000000001  1.3221370296793573 -2.1188791126425786 1.0010000000000001 
 28 4 29 4
1 1.3221370296793573 -2.1188791126425786 1.0009999999999999 1 0 0 
7 0 0  3 4 2  1.3647936346634442 -2.1188791126425786 1.0009999999999999  1.3900984101480307 -2.1167101374025141 1.0010000000000001  1.4132342103935887 -2.1051422234897266 1.0010000000000001  1.4305860398920522 -2.0863444013043142 1.0010000000000001 
 33 4 34 4
7 0 0  3 4 2  1.4305860398920522 -2.0863444013043142 1.0010000000000001  1.4479378969712275 -2.0675465791189063 1.0010000000000001  1.4573368080639313 -2.042964786187091 1.0010000000000001  1.4573368080639313 -2.0176600107021594 1.0010000000000001 
 34 4 35 4
7 0 0  3 7 3  1.1522335233467691 -2.1232171182820556 1.0010000000000001  1.1681393739489867 -2.1232171182820556 1.0010000000000001  1.1804302704148939 -2.1102032116830132 1.0010000000000001  1.1804302704148939 -2.0950203574239241 1.0010000000000001  1.1804302704148939 -2.0791144930316929 1.0010000000000001  1.1674163913958684 -2.06682359656579 1.0010000000000001  1.1522335233467691 -2.06682359656579 1.0010000000000001 
 0 4 1 3 2 4
7 0 0  3 6 3  1.1522335233467691 -2.06682359656579 1.0010000000000001  1.1370506552980157 -2.06682359656579 1.0010000000000001  1.1240367762786443 -2.0791144930316929 1.0010000000000001  1.1240367762786443 -2.1109262218161473 1.0010000000000001  1.1370506552980157 -2.1232171182820556 1.0010000000000001  1.1522335233467691 -2.1232171182820556 1.0010000000000001 
 2 4 3 2 4 4
7 0 0  3 4 2  1.4573368080639313 -2.0176600107021594 1.0000000000000002  1.4566138255104686 -1.9742804231649547 1.0000000000000002  1.4269710719657325 -1.9359617548709878 1.0000000000000002  1.3857604596685924 -1.9229478758512699 1.0000000000000002 
 35 4 36 4
7 0 0  3 4 2  1.4305860398920522 -2.0863444013043142 1.0000000000000002  1.4479378969712275 -2.0675465791189063 1.0000000000000002  1.4573368080639313 -2.042964786187091 1.0000000000000002  1.4573368080639313 -2.0176600107021594 1.0000000000000002 
 34 4 35 4
7 0 0  3 4 2  1.3647936346634442 -2.1188791126425786 1  1.3900984101480307 -2.1167101374025141 1.0000000000000002  1.4132342103935887 -2.1051422234897266 1.0000000000000002  1.4305860398920522 -2.0863444013043142 1.0000000000000002 
 33 4 34 4
1 1.3626246594233795 -2.1188791126425786 1 1 0 0 
7 0 0  3 4 2  1.3011702046742091 -2.0964663225301572 1.0000000000000002  1.3011702046742091 -2.1080342088629256 1.0000000000000002  1.3105691157665675 -2.1181561300894622 1.0000000000000002  1.3221370296793573 -2.1188791126425786 1.0000000000000002 
 28 4 29 4
7 0 0  3 4 2  1.3235829947859383 -2.074053532418429 1.0000000000000002  1.3112920983200318 -2.074053532418429 1.0000000000000002  1.3011702046742091 -2.0841754536442685 1.0000000000000002  1.3011702046742091 -2.0964663225301572 1.0000000000000002 
 27 4 28 4
7 0 0  3 4 2  1.3279209452657232 -2.0747765149715454 1  1.326474952579122 -2.0747765149715454 1.0000000000000002  1.3250289598925209 -2.074053532418429 1.0000000000000002  1.3235829947859383 -2.074053532418429 1.0000000000000002 
 26 4 27 4
1 1.3604556566036414 -2.0747765149715454 1 -1 0 0 
7 0 0  3 4 2  1.4125112002601068 -2.0183830208352971 1.0000000000000002  1.4125112002601068 -2.048025760590368 1.0000000000000002  1.3900984101480307 -2.0726075397314809 1.0000000000000002  1.3604556566036414 -2.0747765149715454 1.0000000000000002 
 24 4 25 4
7 0 0  3 4 2  1.3561177061238574 -1.9619895266990472 1.0000000000000002  1.387206424775175 -1.9619895266990472 1.0000000000000002  1.4125112002601068 -1.9872943021839793 1.0000000000000002  1.4125112002601068 -2.0183830208352971 1.0000000000000002 
 23 4 24 4
7 0 0  3 4 2  1.3503337629574717 -1.9619895266990472 1.0000000000000002  1.3525027381971904 -1.9619895266990472 1.0000000000000002  1.3539487308837923 -1.9619895266990472 1.0000000000000002  1.3561177061238574 -1.9619895266990472 1.0000000000000002 
 22 4 23 4
7 0 0  3 4 2  1.2491146610173973 -1.8716153285382779 1.0000000000000002  1.3011702046742091 -1.8716153285382779 1.0000000000000002  1.3445498197910872 -1.9113799757291829 1.0000000000000002  1.3503337629574717 -1.9619895266990472 1.0000000000000002 
 21 4 22 4
7 0 0  3 4 2  1.1522335371367787 -1.941022674114226 1.0000000000000002  1.1659703987092678 -1.90053507194953 1.0000000000000002  1.2035660706601075 -1.8716153285382779 1.0000000000000002  1.2491146610173973 -1.8716153285382779 1.0000000000000002 
 20 4 21 4
7 0 0  3 4 2  1.1139148826324752 -1.9301777703345735 1.0000000000000002  1.1276517579953202 -1.9301777703345735 1.0000000000000002  1.1413886333578191 -1.9345157346040205 1.0000000000000002  1.1522335371367787 -1.941022674114226 1.0000000000000002 
 19 4 20 4
7 0 0  3 4 2  1.0416155241039979 -2.0024771288630498 1.0000000000000002  1.0416155241039979 -1.9627124816721455 1.0000000000000002  1.0741502354419163 -1.9301777703345735 1.0000000000000002  1.1139148826324752 -1.9301777703345735 1.0000000000000002 
 18 4 19 4
7 0 0  3 4 2  1.0849951392212231 -2.0689925442251389 1.0000000000000002  1.0596903637362911 -2.0574246441030541 1.0000000000000002  1.0416155241039979 -2.0321198686181225 1.0000000000000002  1.0416155241039979 -2.0024771288630498 1.0000000000000002 
 17 4 18 4
7 0 0  3 4 2  1.1529565334802527 -2.02127496483847 1.0000000000000002  1.1218678010389256 -2.02127496483847 1.0000000000000002  1.0951170466574021 -2.0415187797101342 1.0000000000000002  1.0849951392212231 -2.0689925442251389 1.0000000000000002 
 16 4 17 4
7 0 0  3 4 2  1.2071810523767834 -2.0458567439802726 1  1.194167173357412 -2.0306738759311744 1.0000000000000002  1.174646341038865 -2.02127496483847 1.0000000000000002  1.1529565334802527 -2.02127496483847 1.0000000000000002 
 15 4 16 4
1 1.3040621900470648 -1.9952471930104105 1 -0.88634884279586212 -0.46301806538669316 0 
1 1.3264749801591411 -2.033565861304377 1 -0.50488304864992462 0.86318775894121547 0 
1 1.2252558782190661 -2.0870673838574345 1 0.88409495024788054 0.46730730675455689 0 
7 0 0  3 4 2  1.2252558782190661 -2.0942973197107677 1.0000000000000002  1.2252558782190661 -2.0921283444706988 1.0000000000000002  1.2252558782190661 -2.0899593692306344 1.0000000000000002  1.2252558782190661 -2.0870673838574345 1.0000000000000002 
 11 4 12 4
7 0 0  3 4 2  1.1529565196902429 -2.1665966782392414 1.0000000000000002  1.1927211668808011 -2.1665966782392414 1.0000000000000002  1.2252558782190661 -2.1340619669016707 1.0000000000000002  1.2252558782190661 -2.0942973197107677 1.0000000000000002 
 10 4 11 4
7 0 0  3 4 2  1.0842721221927347 -2.1174331199556335 1.0000000000000002  1.0936710401804446 -2.1463528633675781 1.0000000000000002  1.1211447909054415 -2.1665966782392414 1.0000000000000002  1.1529565196902429 -2.1665966782392414 1.0000000000000002 
 9 4 10 4
7 0 0  3 4 2  1.0264326353702307 -2.0827294333779949 1.0000000000000002  1.0423384928671067 -2.1000812904571697 1.0000000000000002  1.0618593251860002 -2.1116491767892498 1.0000000000000002  1.0842721221927347 -2.1174331199556335 1.0000000000000002 
 8 4 9 4
7 0 0  3 4 2  0.99606690616703586 -2.0039231491293239 1.0000000000000002  0.99606690616703586 -2.0328428925412694 1.0000000000000002  1.0069118099459955 -2.0610396533994013 1.0000000000000002  1.0264326353702307 -2.0827294333779949 1.0000000000000002 
 7 4 8 4
7 0 0  3 4 2  1.0300476239815652 -1.92150189006002 1.0000000000000002  1.0083577974615161 -1.9431916907236271 1.0000000000000002  0.99606690616703586 -1.9728344304786998 1.0000000000000002  0.99606690616703586 -2.0039231491293239 1.0000000000000002 
 6 4 7 4
7 0 0  3 4 2  1.113191886289348 -1.8867981965873772 1.0000000000000002  1.0821031607430258 -1.8867981965873772 1.0000000000000002  1.0524604278833039 -1.8990890861575873 1.0000000000000002  1.0300476239815652 -1.92150189006002 1.0000000000000002 
 5 4 6 4
7 0 0  3 4 2  1.1298207332350392 -1.8882441823786278 1.0000000000000002  1.1240367900686541 -1.8875211860355003 1.0000000000000002  1.118975829455733 -1.8867981965873772 1.0000000000000002  1.113191886289348 -1.8867981965873772 1.0000000000000002 
 4 4 5 4
7 0 0  3 4 2  1.1616324482294837 -1.8564324639370269 1.0000000000000002  1.1493415517635763 -1.865108389028765 1.0000000000000002  1.139219644327744 -1.8759532928077252 1.0000000000000002  1.1298207332350392 -1.8882441823786278 1.0000000000000002 
 3 4 4 4
7 0 0  3 4 2  1.2483916784639333 -1.8282357134210534 1.0000000000000002  1.2165799634694876 -1.8282357134210534 1.0000000000000002  1.1869372237147617 -1.8383576234425985 1.0000000000000002  1.1616324482294837 -1.8564324639370269 1.0000000000000002 
 2 4 3 4
7 0 0  3 4 2  1.3467187950311528 -1.865831381924737 1.0000000000000002  1.319245044306155 -1.8419725913689189 1.0000000000000002  1.2845413577281715 -1.8282357134210534 1.0000000000000002  1.2483916784639333 -1.8282357134210534 1.0000000000000002 
 1 4 2 4
7 0 0  3 4 2  1.3857604596685924 -1.9229478758512699 1.0000000000000002  1.3778075412624893 -1.9012580682933504 1.0000000000000002  1.3640706521099808 -1.8817372428691146 1.0000000000000002  1.3467187950311528 -1.865831381924737 1.0000000000000002 
 0 4 1 4
7 0 0  3 6 3  1.1522335233467691 -2.06682359656579 1.0000000000000002  1.1370506552980157 -2.06682359656579 1.0000000000000002  1.1240367762786443 -2.0791144930316929 1.0000000000000002  1.1240367762786443 -2.1109262218161473 1.0000000000000002  1.1370506552980157 -2.1232171182820556 1.0000000000000002  1.1522335233467691 -2.1232171182820556 1.0000000000000002 
 2 4 3 2 4 4
7 0 0  3 7 3  1.1522335233467691 -2.1232171182820556 1.0000000000000002  1.1681393739489867 -2.1232171182820556 1.0000000000000002  1.1804302704148939 -2.1102032116830132 1.0000000000000002  1.1804302704148939 -2.0950203574239241 1.0000000000000002  1.1804302704148939 -2.0791144930316929 1.0000000000000002  1.1674163913958684 -2.06682359656579 1.0000000000000002  1.1522335233467691 -2.06682359656579 1.0000000000000002 
 0 4 1 3 2 4
1 1.4573368080639313 -2.0176600107021594 1.0010000000000001 -0 -0 -1 
1 1.3857604596685924 -1.9229478758512699 1.0010000000000001 -0 -0 -1 
1 1.3467187950311528 -1.865831381924737 1.0010000000000001 -0 -0 -1 
1 1.2483916784639333 -1.8282357134210534 1.0010000000000001 -0 -0 -1 
1 1.1616324482294837 -1.8564324639370269 1.0010000000000001 -0 -0 -1 
1 1.1298207332350392 -1.8882441823786278 1.0010000000000001 -0 -0 -1 
1 1.113191886289348 -1.8867981965873772 1.0010000000000001 -0 -0 -1 
1 1.0300476239815652 -1.92150189006002 1.0010000000000001 -0 -0 -1 
1 0.99606690616703586 -2.0039231491293239 1.0010000000000001 -0 -0 -1 
1 1.0264326353702307 -2.0827294333779949 1.0010000000000001 -0 -0 -1 
1 1.0842721221927347 -2.1174331199556335 1.0010000000000001 -0 -0 -1 
1 1.1529565196902429 -2.1665966782392414 1.0010000000000001 -0 -0 -1 
1 1.2252558782190661 -2.0942973197107677 1.0010000000000001 -0 -0 -1 
1 1.2252558782190661 -2.0870673838574345 1.0010000000000001 -0 -0 -1 
1 1.3264749801591411 -2.033565861304377 1.0009999999999999 -0 -0 -1 
1 1.3040621900470648 -1.9952471930104105 1.0009999999999999 -0 -0 -1 
1 1.2071810523767834 -2.0458567439802726 1.0009999999999999 -0 -0 -1 
1 1.1529565334802527 -2.02127496483847 1.0010000000000001 -0 -0 -1 
1 1.0849951392212231 -2.0689925442251389 1.0010000000000001 -0 -0 -1 
1 1.0416155241039979 -2.0024771288630498 1.0010000000000001 -0 -0 -1 
1 1.1139148826324752 -1.9301777703345735 1.0010000000000001 -0 -0 -1 
1 1.1522335371367787 -1.941022674114226 1.0010000000000001 -0 -0 -1 
1 1.2491146610173973 -1.8716153285382779 1.0010000000000001 -0 -0 -1 
1 1.3503337629574717 -1.9619895266990472 1.0010000000000001 -0 -0 -1 
1 1.3561177061238574 -1.9619895266990472 1.0010000000000001 -0 -0 -1 
1 1.4125112002601068 -2.0183830208352971 1.0010000000000001 -0 -0 -1 
1 1.3604556566036414 -2.0747765149715454 1.0010000000000001 -0 -0 -1 
1 1.3279209452657232 -2.0747765149715454 1.0009999999999999 -0 -0 -1 
1 1.3235829947859383 -2.074053532418429 1.0010000000000001 -0 -0 -1 
1 1.3011702046742091 -2.0964663225301572 1.0010000000000001 -0 -0 -1 
1 1.3221370296793573 -2.1188791126425786 1.0010000000000001 -0 -0 -1 
1 1.3647936346634442 -2.1188791126425786 1.0009999999999999 -0 -0 -1 
1 1.4305860398920522 -2.0863444013043142 1.0010000000000001 -0 -0 -1 
1 1.1522335233467691 -2.1232171182820556 1.0010000000000001 -0 -0 -1 
1 1.1522335233467691 -2.06682359656579 1.0010000000000001 -0 -0 -1 
Polygon3D 0
PolygonOnTriangulations 0
Surfaces 588
2 -2.1499999999999986 2.1499999999999999 0.98999999999999999 -0 -0 1 1 0 0 -0 1 0 0.11241838985786515
2 -2.1499999999999986 2.1499999999999999 0.98999999999999999 -0 -0 1 1 0 0 -0 1 0 0.11241838985786515
1 0 0 1 0 0 -1 -1 0 -0 0 1 0 
1 -2.1499999999999986 2.1499999999999999 0.98999999999999999 0 0 1 1 0 -0 -0 1 0 
1 0 0 0 0 0 -1 -1 0 -0 0 1 0 
1 -0.31917245847980569 0.10349624557799997 0.01 0 -1 0 0 -0 -1 1 0 0 
1 -0.34600172677248864 0.10349624557799997 0.01 0.93157761948506024 -0.36354248565270658 0 0.36354248565270658 0.93157761948506024 0 -0 0 1 
1 -0.42405050726029353 -0.096503754422000071 0.01 0 1 0 0 -0 1 1 0 -0 
1 -0.39478221457736673 -0.096503754422000071 0.01 -0.94066726054354055 0.3393303772748778 0 -0.3393303772748778 -0.94066726054354055 0 0 0 1 
1 -0.37454593408956183 -0.040406193446390307 0.01 0 1 0 0 -0 1 1 0 -0 
1 -0.29192398287004961 -0.040406193446390307 0.01 0.94667077607225358 0.32220248560611264 -0 -0.32220248560611264 0.94667077607225358 0 0 0 1 
1 -0.27283099506517161 -0.096503754422000071 0.01 0 1 0 0 -0 1 1 0 -0 
1 -0.24356270238224476 -0.096503754422000071 0.01 -0.93538826358013571 -0.35362239232907561 0 0.35362239232907561 -0.93538826358013571 0 0 0 1 
1 2.5000000000000009 -2.5 1 -1 0 0 0 0 1 0 1 -0 
1 -2.4999999999999991 -2.5 1 0 1 0 0 -0 1 1 0 -0 
1 -2.4999999999999991 -2.5 1 1 0 0 0 0 -1 -0 1 0 
1 -2.4999999999999991 2.5 1 0 -1 0 0 -0 -1 1 0 0 
9 0 0 0 0 3 1 19 2 17 2 -0.22892855604078122 0.006011489480438963 0.01  -0.22892855604078122 0.006011489480438963 3.3881317890172014e-18  
-0.22884778260025221 0.0022339725791690498 0.01  -0.22884778260025221 0.0022339725791690498 3.3881317890172014e-18  
-0.2286894514808448 -0.0051706702791930754 0.01  -0.2286894514808448 -0.0051706702791930754 3.3881317890172014e-18  
-0.22724229575443933 -0.015977109294938726 0.01  -0.22724229575443933 -0.015977109294938726 3.3881317890172014e-18  
-0.22493215653774054 -0.02621651588339247 0.01  -0.22493215653774054 -0.02621651588339247 3.3881317890172014e-18  
-0.22168940416572297 -0.035883072851147196 0.01  -0.22168940416572297 -0.035883072851147196 3.3881317890172014e-18  
-0.21749098694367419 -0.044969807921037372 0.01  -0.21749098694367419 -0.044969807921037372 3.3881317890172014e-18  
-0.21228557501094178 -0.053443523325696157 0.01  -0.21228557501094178 -0.053443523325696157 3.3881317890172014e-18  
-0.20621346492311535 -0.061368828345228915 0.01  -0.20621346492311535 -0.061368828345228915 3.3881317890172014e-18  
-0.19923305500944127 -0.068637139798846739 0.01  -0.19923305500944127 -0.068637139798846739 3.3881317890172014e-18  
-0.19151322469580859 -0.075142252628567038 0.01  -0.19151322469580859 -0.075142252628567038 3.3881317890172014e-18  
-0.18325825743977489 -0.080927615080549173 0.01  -0.18325825743977489 -0.080927615080549173 3.3881317890172014e-18  
-0.17439722198778765 -0.085734480212977568 0.01  -0.17439722198778765 -0.085734480212977568 3.3881317890172014e-18  
-0.16500580029528522 -0.089661917735590124 0.01  -0.16500580029528522 -0.089661917735590124 3.3881317890172014e-18  
-0.15510041798059326 -0.092780068348247119 0.01  -0.15510041798059326 -0.092780068348247119 3.3881317890172014e-18  
-0.14463814643403494 -0.094903064039462234 0.01  -0.14463814643403494 -0.094903064039462234 3.3881317890172014e-18  
-0.1336665343269578 -0.09629874776113824 0.01  -0.1336665343269578 -0.09629874776113824 3.3881317890172014e-18  
-0.12616371163170476 -0.096434493346768957 0.01  -0.12616371163170476 -0.096434493346768957 3.3881317890172014e-18  
-0.12233556823590315 -0.096503754422000071 0.01  -0.12233556823590315 -0.096503754422000071 3.3881317890172014e-18  

0 4
0.068068695844994018 1
0.13342743281895506 1
0.19614603381315651 1
0.25704859244931272 1
0.31688266315916197 1
0.37618720866632144 1
0.43596033536354611 1
0.49653523686272621 1
0.55746534348073307 1
0.61768686341014678 1
0.67794364069690605 1
0.73880528480604024 1
0.80094933676658409 1
0.86481466747022662 1
0.93102478107865716 1
1 4

0 2
1 2

1 -0.12233556823590315 -0.096503754422000071 0.01 0 1 0 0 -0 1 1 0 -0 
1 -0.067952946284683638 -0.096503754422000071 0.01 -1 0 0 0 0 1 0 1 -0 
1 -0.067952946284683638 0.10349624557799997 0.01 0 -1 0 0 -0 -1 1 0 0 
9 0 0 0 0 3 1 19 2 17 2 -0.12439349506517149 0.10349624557799998 0.01  -0.12439349506517149 0.10349624557799998 6.7762635780344027e-18  
-0.12806786787844138 0.1034143471874835 0.01  -0.12806786787844138 0.1034143471874835 6.7762635780344027e-18  
-0.13527228100268957 0.10325376744517736 0.01  -0.13527228100268957 0.10325376744517736 6.7762635780344027e-18  
-0.14583710983991585 0.10203397639658834 0.01  -0.14583710983991585 0.10203397639658834 6.7762635780344027e-18  
-0.15591627844188288 0.099917242434826123 0.01  -0.15591627844188288 0.099917242434826123 6.7762635780344027e-18  
-0.16553750384797836 0.09702954268890332 0.01  -0.16553750384797836 0.09702954268890332 6.7762635780344027e-18  
-0.17471193065771309 0.093340537779871197 0.01  -0.17471193065771309 0.093340537779871197 6.7762635780344027e-18  
-0.1833531282186755 0.088719199434822829 0.01  -0.1833531282186755 0.088719199434822829 6.7762635780344027e-18  
-0.19155590902960404 0.083326141715041407 0.01  -0.19155590902960404 0.083326141715041407 6.7762635780344027e-18  
-0.19921353152315188 0.077149668058266105 0.01  -0.19921353152315188 0.077149668058266105 6.7762635780344027e-18  
-0.20619318663484482 0.070282037160697627 0.01  -0.20619318663484482 0.070282037160697627 6.7762635780344027e-18  
-0.21227761081667471 0.062771102428095485 0.01  -0.21227761081667471 0.062771102428095485 6.7762635780344027e-18  
-0.21748682288440779 0.054717321507506599 0.01  -0.21748682288440779 0.054717321507506599 6.7762635780344027e-18  
-0.22167886774262535 0.046057013936845102 0.01  -0.22167886774262535 0.046057013936845102 6.7762635780344027e-18  
-0.22493386543249216 0.036836841452648095 0.01  -0.22493386543249216 0.036836841452648095 6.7762635780344027e-18  
-0.22723882826294964 0.027063489863216751 0.01  -0.22723882826294964 0.027063489863216751 6.7762635780344027e-18  
-0.22869261780311051 0.016725889645832877 0.01  -0.22869261780311051 0.016725889645832877 6.7762635780344027e-18  
-0.22884872246202634 0.0096368827946357958 0.01  -0.22884872246202634 0.0096368827946357958 6.7762635780344027e-18  
-0.22892855604078122 0.006011489480438963 0.01  -0.22892855604078122 0.006011489480438963 6.7762635780344027e-18  

0 4
0.068631178676601165 1
0.13456646603867722 1
0.19832815401088114 1
0.26078976664084502 1
0.32199915148415842 1
0.38272174650301966 1
0.44353747403572874 1
0.5051334294849249 1
0.56621387476467178 1
0.62610586461754558 1
0.68534932216051658 1
0.74499587034779735 1
0.80541584181456272 1
0.86763626634595314 1
0.93230778230232925 1
1 4

0 2
1 2

1 0.051559248837267556 -0.074552534909804957 0.01 0 -1 0 0 -0 -1 1 0 0 
1 -0.028928556040781241 -0.074552534909804957 0.01 1 0 -0 -0 0 -1 0 1 0 
1 -0.028928556040781241 -0.096503754422000071 0.01 0 1 0 0 -0 1 1 0 -0 
1 0.0783885171299505 -0.096503754422000071 0.01 -1 0 0 0 0 1 0 1 -0 
1 0.0783885171299505 0.10349624557799997 0.01 0 -1 0 0 -0 -1 1 0 0 
1 -0.024050507260293438 0.10349624557799997 0.01 1 0 -0 -0 0 -1 0 1 0 
1 -0.024050507260293438 0.08154502606580484 0.01 0 1 0 0 -0 1 1 0 -0 
1 0.051559248837267556 0.08154502606580484 0.01 1 0 -0 -0 0 -1 0 1 0 
1 0.051559248837267556 0.015691367529219458 0.01 0 -1 0 0 -0 -1 1 0 0 
1 -0.019172458479805619 0.015691367529219458 0.01 1 0 -0 -0 0 -1 0 1 0 
1 -0.019172458479805619 -0.0062598519829756743 0.01 0 1 0 0 -0 1 1 0 -0 
1 0.051559248837267556 -0.0062598519829756743 0.01 1 0 -0 -0 0 -1 0 1 0 
9 0 0 0 0 3 1 11 2 9 2 0.16874674883726759 -0.076991559300048848 0.01  0.16874674883726759 -0.076991559300048848 6.7762635780344027e-18  
0.16633166472411628 -0.076959851190564754 0.01  0.16633166472411628 -0.076959851190564754 6.7762635780344027e-18  
0.16156974902529778 -0.07689733107231711 0.01  0.16156974902529778 -0.07689733107231711 6.7762635780344027e-18  
0.15454737265709523 -0.076255736082545003 0.01  0.15454737265709523 -0.076255736082545003 6.7762635780344027e-18  
0.14774532690073203 -0.075290092219539362 0.01  0.14774532690073203 -0.075290092219539362 6.7762635780344027e-18  
0.14119317673000864 -0.073868749275149817 0.01  0.14119317673000864 -0.073868749275149817 6.7762635780344027e-18  
0.1348684579344748 -0.072089548705150788 0.01  0.1348684579344748 -0.072089548705150788 6.7762635780344027e-18  
0.12880702733758126 -0.069854736483676405 0.01  0.12880702733758126 -0.069854736483676405 6.7762635780344027e-18  
0.12294411564660435 -0.067302118806360237 0.01  0.12294411564660435 -0.067302118806360237 6.7762635780344027e-18  
0.11925137339962025 -0.065222192086875852 0.01  0.11925137339962025 -0.065222192086875852 6.7762635780344027e-18  
0.11741290737385296 -0.064186681251268349 0.01  0.11741290737385296 -0.064186681251268349 6.7762635780344027e-18  

0 4
0.13529460476342914 1
0.26676565792474827 1
0.39481601883587236 1
0.52005165443424617 1
0.64217570297082172 1
0.7626518205584234 1
0.88183400438050219 1
1 4

0 2
1 2

1 0.11741290737385296 -0.064186681251268349 0.01 1 0 -0 -0 0 -1 0 1 0 
9 0 0 0 0 3 1 11 2 9 2 0.11741290737385297 -0.08613790076346349 0.01  0.11741290737385297 -0.08613790076346349 6.7762635780344027e-18  
0.1192895855288508 -0.087173750697442057 0.01  0.1192895855288508 -0.087173750697442057 6.7762635780344027e-18  
0.12307016024333861 -0.089260474016501432 0.01  0.12307016024333861 -0.089260474016501432 6.7762635780344027e-18  
0.12911609314025779 -0.09183529203893985 0.01  0.12911609314025779 -0.09183529203893985 6.7762635780344027e-18  
0.13547787972484146 -0.094056193760998399 0.01  0.13547787972484146 -0.094056193760998399 6.7762635780344027e-18  
0.14221120222071382 -0.095827163673272459 0.01  0.14221120222071382 -0.095827163673272459 6.7762635780344027e-18  
0.14927129948330856 -0.097250446823089781 0.01  0.14927129948330856 -0.097250446823089781 6.7762635780344027e-18  
0.15669558133037817 -0.098214487500443218 0.01  0.15669558133037817 -0.098214487500443218 6.7762635780344027e-18  
0.16445463511660793 -0.098849084102725776 0.01  0.16445463511660793 -0.098849084102725776 6.7762635780344027e-18  
0.16974899645201258 -0.098911178050165346 0.01  0.16974899645201258 -0.098911178050165346 6.7762635780344027e-18  
0.172443395178731 -0.098942778812243962 0.01  0.172443395178731 -0.098942778812243962 6.7762635780344027e-18  

0 4
0.11244838990880067 1
0.22652767521267789 1
0.34440194932602819 1
0.46586497248745873 1
0.5916594493521169 1
0.72216848702488767 1
0.85860638755492646 1
1 4

0 2
1 2

9 0 0 0 0 3 1 19 2 17 2 0.172443395178731 -0.098942778812243962 0.01  0.172443395178731 -0.098942778812243962 6.7762635780344027e-18  
0.17591520748903125 -0.098865347395273709 0.01  0.17591520748903125 -0.098865347395273709 6.7762635780344027e-18  
0.18270472642203509 -0.098713921562152168 0.01  0.18270472642203509 -0.098713921562152168 6.7762635780344027e-18  
0.19262321879513009 -0.097440211110363731 0.01  0.19262321879513009 -0.097440211110363731 6.7762635780344027e-18  
0.20200647415114487 -0.095313708131014863 0.01  0.20200647415114487 -0.095313708131014863 6.7762635780344027e-18  
0.21085123339860395 -0.092325893268627945 0.01  0.21085123339860395 -0.092325893268627945 6.7762635780344027e-18  
0.21918843965037901 -0.088550477728719129 0.01  0.21918843965037901 -0.088550477728719129 6.7762635780344027e-18  
0.22697490534664364 -0.083883691649815642 0.01  0.22697490534664364 -0.083883691649815642 6.7762635780344027e-18  
0.23415910308095861 -0.078288782573750215 0.01  0.23415910308095861 -0.078288782573750215 6.7762635780344027e-18  
0.24083609867930308 -0.071991284367189365 0.01  0.24083609867930308 -0.071991284367189365 6.7762635780344027e-18  
0.24679376900629335 -0.064945262954973729 0.01  0.24679376900629335 -0.064945262954973729 6.7762635780344027e-18  
0.25200858507090512 -0.05732392599146173 0.01  0.25200858507090512 -0.05732392599146173 6.7762635780344027e-18  
0.25642029478631967 -0.049150978465993117 0.01  0.25642029478631967 -0.049150978465993117 6.7762635780344027e-18  
0.26000009908624166 -0.040421933528532288 0.01  0.26000009908624166 -0.040421933528532288 6.7762635780344027e-18  
0.26278982577000953 -0.031154510410035214 0.01  0.26278982577000953 -0.031154510410035214 6.7762635780344027e-18  
0.26474073313505792 -0.021340367123527965 0.01  0.26474073313505792 -0.021340367123527965 6.7762635780344027e-18  
0.26600856059509675 -0.010993272746417239 0.01  0.26600856059509675 -0.010993272746417239 6.7762635780344027e-18  
0.26613088548037028 -0.0039009134150296779 0.01  0.26613088548037028 -0.0039009134150296779 6.7762635780344027e-18  
0.26619339517873103 -0.00027662027565857658 0.01  0.26619339517873103 -0.00027662027565857658 6.7762635780344027e-18  

0 4
0.067833248455773584 1
0.13265553650790413 1
0.19505088405082785 1
0.25558293306877716 1
0.31479983414728996 1
0.37360047282637454 1
0.43254559532674353 1
0.4924306292835654 1
0.5526712559629694 1
0.61251304418811636 1
0.67261025035700639 1
0.73383836931394597 1
0.79659423856777389 1
0.8614497992905733 1
0.9291989423509055 1
1 4

0 2
1 2

9 0 0 0 0 3 1 19 2 17 2 0.26619339517873103 -0.00027662027565857658 0.01  0.26619339517873103 -0.00027662027565857658 6.7762635780344027e-18  
0.26610629048769846 0.0036144819463008329 0.01  0.26610629048769846 0.0036144819463008329 6.7762635780344027e-18  
0.26593581802771993 0.011229752260018348 0.01  0.26593581802771993 0.011229752260018348 6.7762635780344027e-18  
0.26458079489055514 0.022365143935444896 0.01  0.26458079489055514 0.022365143935444896 6.7762635780344027e-18  
0.26235742320986416 0.032923943026483923 0.01  0.26235742320986416 0.032923943026483923 6.7762635780344027e-18  
0.25917548634200249 0.042890121562372659 0.01  0.25917548634200249 0.042890121562372659 6.7762635780344027e-18  
0.2551235482982907 0.052277149479122396 0.01  0.2551235482982907 0.052277149479122396 6.7762635780344027e-18  
0.25019816533564798 0.061097517057907641 0.01  0.25019816533564798 0.061097517057907641 6.7762635780344027e-18  
0.24431930510065469 0.069305779015364527 0.01  0.24431930510065469 0.069305779015364527 6.7762635780344027e-18  
0.23758059020252356 0.076846144219429161 0.01  0.23758059020252356 0.076846144219429161 6.7762635780344027e-18  
0.23020499925800525 0.08368084551967625 0.01  0.23020499925800525 0.08368084551967625 6.7762635780344027e-18  
0.22224676782268679 0.089644930081195479 0.01  0.22224676782268679 0.089644930081195479 6.7762635780344027e-18  
0.21380189184105505 0.094685079859125526 0.01  0.21380189184105505 0.094685079859125526 6.7762635780344027e-18  
0.20488232462128259 0.098834531141141324 0.01  0.20488232462128259 0.098834531141141324 6.7762635780344027e-18  
0.19545527635433216 0.10200198371408561 0.01  0.19545527635433216 0.10200198371408561 6.7762635780344027e-18  
0.18556485359813549 0.10427676401161874 0.01  0.18556485359813549 0.10427676401161874 6.7762635780344027e-18  
0.1751769939732627 0.10568634968987967 0.01  0.1751769939732627 0.10568634968987967 6.7762635780344027e-18  
0.16809069154828354 0.1058512249655532 0.01  0.16809069154828354 0.1058512249655532 6.7762635780344027e-18  
0.16447845615434079 0.10593526996824387 0.01  0.16447845615434079 0.10593526996824387 6.7762635780344027e-18  

0 4
0.070643718575354147 1
0.1382567155089047 1
0.20336412421758021 1
0.26632409380305683 1
0.32790476154298948 1
0.3887377151730923 1
0.44942352810930247 1
0.51086101145931562 1
0.57207939604751468 1
0.63173442873144536 1
0.6911172105788379 1
0.75036002949017067 1
0.81003290053126209 1
0.8713624508287362 1
0.93442714123115345 1
1 4

0 2
1 2

9 0 0 0 0 3 1 11 2 9 2 0.16447845615434079 0.10593526996824387 0.01  0.16447845615434079 0.10593526996824387 6.7762635780344027e-18  
0.16215308402957651 0.10591860108112218 0.01  0.16215308402957651 0.10591860108112218 6.7762635780344027e-18  
0.15761335145997726 0.10588605906818611 0.01  0.15761335145997726 0.10588605906818611 6.7762635780344027e-18  
0.15095350246624301 0.10547797921502765 0.01  0.15095350246624301 0.10547797921502765 6.7762635780344027e-18  
0.14460404704063587 0.10490123747139589 0.01  0.14460404704063587 0.10490123747139589 6.7762635780344027e-18  
0.13855579677252083 0.10400191312421052 0.01  0.13855579677252083 0.10400191312421052 6.7762635780344027e-18  
0.13280906287635319 0.10293136124583446 0.01  0.13280906287635319 0.10293136124583446 6.7762635780344027e-18  
0.12738537348411844 0.10153584554075495 0.01  0.12738537348411844 0.10153584554075495 6.7762635780344027e-18  
0.12225063421724064 0.099972180683687781 0.01  0.12225063421724064 0.099972180683687781 6.7762635780344027e-18  
0.11900493207598375 0.098654678626125883 0.01  0.11900493207598375 0.098654678626125883 6.7762635780344027e-18  
0.11741290737385297 0.098008440699951196 0.01  0.11741290737385297 0.098008440699951196 6.7762635780344027e-18  

0 4
0.14518686647246976 1
0.28344261091972972 1
0.41652436592882869 1
0.54318112353508274 1
0.66515308263771378 1
0.78136020631271541 1
0.89275665564180906 1
1 4

0 2
1 2

1 0.11741290737385296 0.098008440699951183 0.01 1 0 -0 -0 0 -1 0 1 0 
9 0 0 0 0 3 1 11 2 9 2 0.11741290737385296 0.071179172407268246 0.01  0.11741290737385296 0.071179172407268246 6.7762635780344027e-18  
0.1191889844994047 0.072211207005564063 0.01  0.1191889844994047 0.072211207005564063 6.7762635780344027e-18  
0.12272498527394024 0.074265889815460479 0.01  0.12272498527394024 0.074265889815460479 6.7762635780344027e-18  
0.12828647159670023 0.076834647700679853 0.01  0.12828647159670023 0.076834647700679853 6.7762635780344027e-18  
0.13395512022689082 0.079062675335497656 0.01  0.13395512022689082 0.079062675335497656 6.7762635780344027e-18  
0.13977061453787479 0.08084127550143437 0.01  0.13977061453787479 0.08084127550143437 6.7762635780344027e-18  
0.14569635353671162 0.082277508785683545 0.01  0.14569635353671162 0.082277508785683545 6.7762635780344027e-18  
0.15176341060475648 0.083240830928246357 0.01  0.15176341060475648 0.083240830928246357 6.7762635780344027e-18  
0.15796029081832236 0.083888957646057749 0.01  0.15796029081832236 0.083888957646057749 6.7762635780344027e-18  
0.16213937167587095 0.083952142336780985 0.01  0.16213937167587095 0.083952142336780985 6.7762635780344027e-18  
0.16424979761775541 0.083984050456048731 0.01  0.16424979761775541 0.083984050456048731 6.7762635780344027e-18  

0 4
0.12527969673562597 1
0.2494199707420513 1
0.37335679949281936 1
0.49668127878228613 1
0.62020291574398256 1
0.74508632016145604 1
0.87126919501909783 1
1 4

0 2
1 2

9 0 0 0 0 3 1 19 2 17 2 0.16424979761775541 0.083984050456048731 0.01  0.16424979761775541 0.083984050456048731 6.7762635780344027e-18  
0.16695966999065745 0.083925783238853233 0.01  0.16695966999065745 0.083925783238853233 6.7762635780344027e-18  
0.17227431814069355 0.08381150857367986 0.01  0.17227431814069355 0.08381150857367986 6.7762635780344027e-18  
0.18003861368299393 0.082689542636591007 0.01  0.18003861368299393 0.082689542636591007 6.7762635780344027e-18  
0.18744409231934869 0.081010954790136896 0.01  0.18744409231934869 0.081010954790136896 6.7762635780344027e-18  
0.19446105858307297 0.078554211334358096 0.01  0.19446105858307297 0.078554211334358096 6.7762635780344027e-18  
0.20108154467643288 0.075383405265319031 0.01  0.20108154467643288 0.075383405265319031 6.7762635780344027e-18  
0.2072998094761774 0.071486643802897154 0.01  0.2072998094761774 0.071486643802897154 6.7762635780344027e-18  
0.21315404168758856 0.066947473327987631 0.01  0.21315404168758856 0.066947473327987631 6.7762635780344027e-18  
0.2185549369875078 0.061709265877166464 0.01  0.2185549369875078 0.061709265877166464 6.7762635780344027e-18  
0.22347665494267835 0.055916645121857129 0.01  0.22347665494267835 0.055916645121857129 6.7762635780344027e-18  
0.22770122100976803 0.049531302987808223 0.01  0.22770122100976803 0.049531302987808223 6.7762635780344027e-18  
0.23136456105395961 0.04272606697025165 0.01  0.23136456105395961 0.04272606697025165 6.7762635780344027e-18  
0.23429815663873232 0.035381540923604939 0.01  0.23429815663873232 0.035381540923604939 6.7762635780344027e-18  
0.23657005648760659 0.027554076149777486 0.01  0.23657005648760659 0.027554076149777486 6.7762635780344027e-18  
0.23820988929350681 0.01925435321656602 0.01  0.23820988929350681 0.01925435321656602 6.7762635780344027e-18  
0.23915998582999778 0.010467064532735361 0.01  0.23915998582999778 0.010467064532735361 6.7762635780344027e-18  
0.23929486399015909 0.0044513174251002109 0.01  0.23929486399015909 0.0044513174251002109 6.7762635780344027e-18  
0.23936412688604811 0.0013620992365365415 0.01  0.23936412688604811 0.0013620992365365415 6.7762635780344027e-18  

0 4
0.064603970288392112 1
0.12670241396294715 1
0.18675681403561817 1
0.24550568736543732 1
0.3036520244499753 1
0.36150307397062531 1
0.42024022292846747 1
0.48003334077669618 1
0.54067813477551596 1
0.60119180638078173 1
0.66233350247744238 1
0.72473951029723183 1
0.78946773617288668 1
0.85650486004383075 1
0.92631209583919027 1
1 4

0 2
1 2

9 0 0 0 0 3 1 19 2 17 2 0.23936412688604811 0.0013620992365365415 0.01  0.23936412688604811 0.0013620992365365415 6.7762635780344027e-18  
0.23930856291602279 -0.0015621419026177062 0.01  0.23930856291602279 -0.0015621419026177062 6.7762635780344027e-18  
0.23920004779337747 -0.0072731158613653151 0.01  0.23920004779337747 -0.0072731158613653151 6.7762635780344027e-18  
0.23826773046871691 -0.015608651445929796 0.01  0.23826773046871691 -0.015608651445929796 6.7762635780344027e-18  
0.2367574816200626 -0.023489995814863825 0.01  0.2367574816200626 -0.023489995814863825 6.7762635780344027e-18  
0.23463501328051994 -0.030910202050782126 0.01  0.23463501328051994 -0.030910202050782126 6.7762635780344027e-18  
0.23186739224273248 -0.03786240326608846 0.01  0.23186739224273248 -0.03786240326608846 6.7762635780344027e-18  
0.22852420302558377 -0.044365071436822355 0.01  0.22852420302558377 -0.044365071436822355 6.7762635780344027e-18  
0.22452699947495566 -0.05038884176369969 0.01  0.22452699947495566 -0.05038884176369969 6.7762635780344027e-18  
0.21996401951547512 -0.055905513613077835 0.01  0.21996401951547512 -0.055905513613077835 6.7762635780344027e-18  
0.21489790984460391 -0.060852644035107449 0.01  0.21489790984460391 -0.060852644035107449 6.7762635780344027e-18  
0.20943475825663563 -0.06519733609961112 0.01  0.20943475825663563 -0.06519733609961112 6.7762635780344027e-18  
0.20356266222915229 -0.068823801465766166 0.01  0.20356266222915229 -0.068823801465766166 6.7762635780344027e-18  
0.1973363780938886 -0.071830981642047056 0.01  0.1973363780938886 -0.071830981642047056 6.7762635780344027e-18  
0.1907277742834175 -0.074155946680668425 0.01  0.1907277742834175 -0.074155946680668425 6.7762635780344027e-18  
0.18372448022119203 -0.075785828710030659 0.01  0.18372448022119203 -0.075785828710030659 6.7762635780344027e-18  
0.17635999900406985 -0.076795342571583908 0.01  0.17635999900406985 -0.076795342571583908 6.7762635780344027e-18  
0.171316083839511 -0.07692533968327217 0.01  0.171316083839511 -0.07692533968327217 6.7762635780344027e-18  
0.16874674883726759 -0.076991559300048848 0.01  0.16874674883726759 -0.076991559300048848 6.7762635780344027e-18  

0 4
0.073774119374063613 1
0.14407911472604137 1
0.21134851830891152 1
0.27607688573988381 1
0.33852091581967658 1
0.39988511669313359 1
0.46025406746521308 1
0.52058896439124791 1
0.58020768456304417 1
0.63863290855254573 1
0.69636454949052384 1
0.7540017746600125 1
0.81280568137449793 1
0.87275442552556037 1
0.93518199697826709 1
1 4

0 2
1 2

1 0.35887632200799924 -0.074552534909804957 0.01 0 -1 0 0 -0 -1 1 0 0 
1 0.28326656591043831 -0.074552534909804957 0.01 1 0 -0 -0 0 -1 0 1 0 
1 0.28326656591043831 -0.096503754422000071 0.01 0 1 0 0 -0 1 1 0 -0 
1 0.38570559030068224 -0.096503754422000071 0.01 -1 0 0 0 0 1 0 1 -0 
1 0.38570559030068224 0.10349624557799997 0.01 0 -1 0 0 -0 -1 1 0 0 
1 0.35887632200799924 0.10349624557799997 0.01 1 0 -0 -0 0 -1 0 1 0 
1 0.010454874722776165 0.24885234500886505 0.98999999999999999 -1 0 -0 0 0 1 0 1 -0 
1 0.010454874722776165 0.2049499059844748 0.98999999999999999 0 1 0 0 -0 1 1 0 -0 
1 -0.14076463747234583 0.2049499059844748 0.98999999999999999 -1 0 -0 0 0 1 0 1 -0 
1 -0.14076463747234583 0.06836454013081622 0.98999999999999999 0 -1 0 0 -0 -1 1 0 0 
1 0.00069877716180052961 0.06836454013081622 0.98999999999999999 -1 0 -0 0 0 1 0 1 -0 
1 0.00069877716180052961 0.024462101106425962 0.98999999999999999 0 1 0 0 -0 1 1 0 -0 
1 -0.14076463747234583 0.024462101106425962 0.98999999999999999 -1 0 -0 0 0 1 0 1 -0 
1 -0.14076463747234583 -0.15114765499113503 0.98999999999999999 0 1 0 0 -0 1 1 0 -0 
1 -0.1944231740577117 -0.15114765499113503 0.98999999999999999 1 -0 0 0 0 -1 0 1 0 
1 -0.1944231740577117 0.24885234500886505 0.98999999999999999 0 -1 0 0 -0 -1 1 0 0 
1 0.50313780155204479 -0.13529399645454965 0.98999999999999999 1 -0 0 0 0 -1 0 1 0 
9 0 0 0 0 3 1 11 2 9 2 0.50313780155204479 -0.081635459869183802 0.98999999999999999  0.50313780155204479 -0.081635459869183802 1  
0.50652563892388647 -0.084087865366455308 0.98999999999999999  0.50652563892388647 -0.084087865366455308 1  
0.51324450062141214 -0.08895155023497095 0.98999999999999977  0.51324450062141214 -0.08895155023497095 0.99999999999999978  
0.52399069888592609 -0.095067517915534583 0.99000000000000021  0.52399069888592609 -0.095067517915534583 1.0000000000000002  
0.53498391920834298 -0.10040997652039019 0.98999999999999999  0.53498391920834298 -0.10040997652039019 1  
0.5463646438193831 -0.10462443626043369 0.99000000000000021  0.5463646438193831 -0.10462443626043369 1.0000000000000002  
0.55801411260927236 -0.10805613868053354 0.98999999999999955  0.55801411260927236 -0.10805613868053354 0.99999999999999956  
0.57001277380524196 -0.11035925835813989 0.99000000000000021  0.57001277380524196 -0.11035925835813989 1.0000000000000002  
0.58234087501322584 -0.11189257389068848 0.98999999999999999  0.58234087501322584 -0.11189257389068848 1  
0.59068387144954237 -0.11204574694402505 0.98999999999999999  0.59068387144954237 -0.11204574694402505 1  
0.59490609423497154 -0.11212326474723258 0.98999999999999999  0.59490609423497154 -0.11212326474723258 1  

0 4
0.12736348106366838 1
0.25259111363925685 1
0.37621931245981655 1
0.4994590020152484 1
0.62197425529753736 1
0.74587610478869792 1
0.8713930050344274 1
1 4

0 2
1 2

9 0 0 0 0 3 1 19 2 17 2 0.59490609423497154 -0.11212326474723258 0.98999999999999999  0.59490609423497154 -0.11212326474723258 1  
0.59823664146625188 -0.11206806570442578 0.98999999999999999  0.59823664146625188 -0.11206806570442578 1  
0.60473302020844577 -0.11196039754559835 0.99000000000000021  0.60473302020844577 -0.11196039754559835 1.0000000000000002  
0.61418244545210365 -0.11102923998153193 0.98999999999999977  0.61418244545210365 -0.11102923998153193 0.99999999999999978  
0.62311503440448801 -0.10953892619533086 0.98999999999999977  0.62311503440448801 -0.10953892619533086 0.99999999999999978  
0.63148500819575371 -0.10729965814523904 0.98999999999999999  0.63148500819575371 -0.10729965814523904 1  
0.63937883129403894 -0.10457375384604166 0.99000000000000044  0.63937883129403894 -0.10457375384604166 1.0000000000000004  
0.64675094729461691 -0.10125490646938619 0.98999999999999977  0.64675094729461691 -0.10125490646938619 0.99999999999999978  
0.65347196825325105 -0.097126262695415869 0.98999999999999999  0.65347196825325105 -0.097126262695415869 1  
0.65976598487750793 -0.092596178579209154 0.99000000000000021  0.65976598487750793 -0.092596178579209154 1.0000000000000002  
0.66536774302566937 -0.087452148109052025 0.99000000000000021  0.66536774302566937 -0.087452148109052025 1.0000000000000002  
0.67021018396635379 -0.081819645379637859 0.98999999999999999  0.67021018396635379 -0.081819645379637859 1  
0.67436906548421249 -0.075828317496548087 0.99000000000000021  0.67436906548421249 -0.075828317496548087 1.0000000000000002  
0.6778454150251404 -0.069413970280528342 0.98999999999999999  0.6778454150251404 -0.069413970280528342 1  
0.68042045293484987 -0.062500529821873055 0.98999999999999977  0.68042045293484987 -0.062500529821873055 0.99999999999999978  
0.68222511893689697 -0.055208866209729063 0.99000000000000021  0.68222511893689697 -0.055208866209729063 1.0000000000000002  
0.68342731462817119 -0.04752857045574136 0.98999999999999999  0.68342731462817119 -0.04752857045574136 1  
0.68355845467654197 -0.042260079740116197 0.98999999999999999  0.68355845467654197 -0.042260079740116197 1  
0.68362560643009351 -0.039562289137476475 0.98999999999999999  0.68362560643009351 -0.039562289137476475 1  

0 4
0.077336974205732184 1
0.15084916691681133 1
0.22030879536953885 1
0.28743582609259188 1
0.35181986518922381 1
0.41413447771823841 1
0.47475246156232431 1
0.53470913327527181 1
0.59401179757910139 1
0.6509112765374313 1
0.70689151875724954 1
0.76312310780344694 1
0.81989393097850838 1
0.87771308771341217 1
0.937381595489167 1
1 4

0 2
1 2

9 0 0 0 0 3 1 19 2 17 2 0.68362560643009362 -0.039562289137476482 0.98999999999999999  0.68362560643009362 -0.039562289137476482 1.0000000000000002  
0.6835272742979438 -0.036586335167242717 0.98999999999999977  0.6835272742979438 -0.036586335167242717 1  
0.68333564289930193 -0.030786743425032539 0.98999999999999999  0.68333564289930193 -0.030786743425032539 1.0000000000000002  
0.68215315074514749 -0.022356852779896116 0.98999999999999955  0.68215315074514749 -0.022356852779896116 0.99999999999999978  
0.67998192662420698 -0.014513292766162162 0.98999999999999977  0.67998192662420698 -0.014513292766162162 1  
0.67705013627809463 -0.0072337665832331154 0.98999999999999977  0.67705013627809463 -0.0072337665832331154 1  
0.67313754090735844 -0.00058405311588823321 0.98999999999999999  0.67313754090735844 -0.00058405311588823321 1.0000000000000002  
0.66849773314014871 0.0055485333369380873 0.98999999999999955  0.66849773314014871 0.0055485333369380873 0.99999999999999978  
0.66294777875953814 0.011073368838218004 0.98999999999999955  0.66294777875953814 0.011073368838218004 0.99999999999999978  
0.65653176530233082 0.015992824202676042 0.98999999999999977  0.65653176530233082 0.015992824202676042 1  
0.64927927410066077 0.02030320856358438 0.98999999999999977  0.64927927410066077 0.02030320856358438 1  
0.64119526517054648 0.024088893770007898 0.99000000000000021  0.64119526517054648 0.024088893770007898 1.0000000000000004  
0.63224095666473434 0.027111399133005951 0.98999999999999999  0.63224095666473434 0.027111399133005951 1.0000000000000002  
0.62252694115303586 0.029872940296139586 0.98999999999999955  0.62252694115303586 0.029872940296139586 0.99999999999999978  
0.611897135470577 0.031750968003168137 0.98999999999999999  0.611897135470577 0.031750968003168137 1.0000000000000002  
0.60045431015665596 0.033222660910443395 0.98999999999999932  0.60045431015665596 0.033222660910443395 0.99999999999999956  
0.58815950740003686 0.034033222945541355 0.99000000000000021  0.58815950740003686 0.034033222945541355 1.0000000000000004  
0.57968865870751052 0.034155238391953502 0.98999999999999999  0.57968865870751052 0.034155238391953502 1.0000000000000002  
0.57531767960082514 0.03421819866740157 0.98999999999999977  0.57531767960082514 0.03421819866740157 1  

0 4
0.060020573545180637 1
0.11696915549671819 1
0.17115928556705273 1
0.22377165343762032 1
0.2747368622464707 1
0.32627819887891646 1
0.3784446699555189 1
0.43214092470301468 1
0.48890022382699627 1
0.54826342140296969 1
0.61177909355208504 1
0.67926976690993335 1
0.75171776474957552 1
0.8291802767448383 1
0.91185659566593158 1
0.99999999999999989 4

0 2
1 2

1 0.57531767960082514 0.03421819866740157 0.98999999999999999 0 1 0 0 -0 1 1 0 -0 
1 0.54216219179594716 0.03421819866740157 0.98999999999999999 1 -0 0 0 0 -1 0 1 0 
1 0.54216219179594716 0.078120637691791839 0.98999999999999999 0 -1 0 0 -0 -1 1 0 0 
9 0 0 0 0 3 1 19 2 17 2 0.57364085033253254 0.078120637691791839 0.98999999999999999  0.57364085033253254 0.078120637691791839 1  
0.57747797638293907 0.078191652198522477 0.98999999999999977  0.57747797638293907 0.078191652198522477 0.99999999999999978  
0.58493119370145197 0.078329590474325195 0.98999999999999999  0.58493119370145197 0.078329590474325195 1  
0.59575633211301859 0.079033964704378318 0.99000000000000021  0.59575633211301859 0.079033964704378318 1.0000000000000002  
0.60582296824475435 0.080448394786572452 0.98999999999999999  0.60582296824475435 0.080448394786572452 1  
0.61519492135408793 0.082209267332706296 0.98999999999999999  0.61519492135408793 0.082209267332706296 1  
0.62376962913861633 0.084663360218774616 0.99000000000000021  0.62376962913861633 0.084663360218774616 1.0000000000000002  
0.63165634241418822 0.087538894766207159 0.98999999999999955  0.63165634241418822 0.087538894766207159 0.99999999999999956  
0.6387663918820331 0.091036384063132317 0.99000000000000044  0.6387663918820331 0.091036384063132317 1.0000000000000004  
0.64511420786506157 0.095125329644243486 0.98999999999999977  0.64511420786506157 0.095125329644243486 0.99999999999999978  
0.65086086040229951 0.09957336480279122 0.99000000000000021  0.65086086040229951 0.09957336480279122 1.0000000000000002  
0.6556449934135169 0.10477950005660477 0.98999999999999999  0.6556449934135169 0.10477950005660477 1  
0.65986224382498648 0.11036907975399773 0.98999999999999999  0.65986224382498648 0.11036907975399773 1  
0.66320229485941373 0.11660159933887228 0.98999999999999977  0.66320229485941373 0.11660159933887228 0.99999999999999978  
0.66581739239756355 0.12336057600997576 0.98999999999999999  0.66581739239756355 0.12336057600997576 1  
0.66759426275227662 0.13064062268229998 0.99000000000000021  0.66759426275227662 0.13064062268229998 1.0000000000000002  
0.66880099670395921 0.13842122199476975 0.98999999999999955  0.66880099670395921 0.13842122199476975 0.99999999999999956  
0.6689265836052376 0.1437915310825485 0.98999999999999999  0.6689265836052376 0.1437915310825485 1  
0.66899146008863009 0.14656575964301133 0.98999999999999999  0.66899146008863009 0.14656575964301133 1  

0 4
0.086186631538145861 1
0.16740854649179757 1
0.24342110420875179 1
0.31436505675731052 1
0.38137511636661531 1
0.44348105915766312 1
0.50268050661790264 1
0.55886956135349719 1
0.61286933299762392 1
0.66534336992306786 1
0.71715246015654355 1
0.76974733733767386 1
0.82357501455829107 1
0.87948235989238188 1
0.93774222791254169 1
1 4

0 2
1 2

9 0 0 0 0 3 1 19 2 17 2 0.66899146008863009 0.14656575964301133 0.98999999999999999  0.66899146008863009 0.14656575964301133 1  
0.66892914132961223 0.14913385021480199 0.98999999999999999  0.66892914132961223 0.14913385021480199 1  
0.66880847290292533 0.15410646927479879 0.98999999999999999  0.66880847290292533 0.15410646927479879 1  
0.66798961718979699 0.16130828889027959 0.98999999999999999  0.66798961718979699 0.16130828889027959 1  
0.66652575701092731 0.16798885999874907 0.98999999999999977  0.66652575701092731 0.16798885999874907 0.99999999999999978  
0.66454589050045765 0.17419554556356612 0.98999999999999977  0.66454589050045765 0.17419554556356612 0.99999999999999978  
0.66205269315562809 0.1799522661336351 0.98999999999999999  0.66205269315562809 0.1799522661336351 1  
0.65891465540679373 0.18519492899537598 0.99000000000000021  0.65891465540679373 0.18519492899537598 1.0000000000000002  
0.65509359017057134 0.18985941590429303 0.98999999999999999  0.65509359017057134 0.18985941590429303 1  
0.65087612126743466 0.19416434805630914 0.98999999999999999  0.65087612126743466 0.19416434805630914 1  
0.64596703091854124 0.19785476372486097 0.99000000000000021  0.64596703091854124 0.19785476372486097 1.0000000000000002  
0.64053241475622169 0.20103971929884012 0.99000000000000021  0.64053241475622169 0.20103971929884012 1.0000000000000002  
0.63455058088607075 0.20382482165346755 0.98999999999999977  0.63455058088607075 0.20382482165346755 0.99999999999999978  
0.62796091751649075 0.20597995640555281 0.98999999999999999  0.62796091751649075 0.20597995640555281 1  
0.62083626989635332 0.20777042368461374 0.98999999999999999  0.62083626989635332 0.20777042368461374 1  
0.61312672667257584 0.20892448016383722 0.98999999999999977  0.61312672667257584 0.20892448016383722 0.99999999999999978  
0.60485727689926827 0.20973313661656456 0.99000000000000021  0.60485727689926827 0.20973313661656456 1.0000000000000002  
0.59915116921877132 0.20979564549883004 0.98999999999999999  0.59915116921877132 0.20979564549883004 1  
0.59620182594228865 0.20982795476496255 0.98999999999999999  0.59620182594228865 0.20982795476496255 1  

0 4
0.069731631019115489 1
0.13502204373132426 1
0.19645546758452884 1
0.25514321129202605 1
0.31167058328698166 1
0.36644915094685115 1
0.42042690242007863 1
0.47506192810670944 1
0.52970130909054425 1
0.58661047121561727 1
0.64587520087437278 1
0.70848649202300573 1
0.77457746620684642 1
0.84512335034520913 1
0.91994816240415511 1
0.99999999999999989 4

0 2
1 2

9 0 0 0 0 3 1 11 2 9 2 0.59620182594228865 0.20982795476496255 0.98999999999999999  0.59620182594228865 0.20982795476496255 1  
0.59274075850710717 0.20974975681088553 0.99000000000000021  0.59274075850710717 0.20974975681088553 1.0000000000000002  
0.58586392973453827 0.20959438453033219 0.99000000000000066  0.58586392973453827 0.20959438453033219 1.0000000000000007  
0.5756426102228861 0.20804108371438251 0.98999999999999955  0.5756426102228861 0.20804108371438251 0.99999999999999956  
0.56556858875831917 0.20573766754585965 0.99000000000000044  0.56556858875831917 0.20573766754585965 1.0000000000000004  
0.55567626248788793 0.2022959400031884 0.99000000000000021  0.55567626248788793 0.2022959400031884 1.0000000000000002  
0.54588386237800068 0.19804786773532596 0.99000000000000021  0.54588386237800068 0.19804786773532596 1.0000000000000002  
0.53629509600852132 0.19275056529202042 0.98999999999999999  0.53629509600852132 0.19275056529202042 1  
0.52682729634042036 0.18654647065980995 0.98999999999999999  0.52682729634042036 0.18654647065980995 1  
0.52083506562718707 0.18177780417304606 0.98999999999999999  0.52083506562718707 0.18177780417304606 1  
0.51777194789350811 0.1793401498869138 0.98999999999999999  0.51777194789350811 0.1793401498869138 1  

0 4
0.12078858530291969 1
0.23999602271992554 1
0.36030459309244922 1
0.48123974084634302 1
0.60520633102099808 1
0.73267047423339571 1
0.86334608090051224 1
0.99999999999999989 4

0 2
1 2

1 0.51777194789350811 0.1793401498869138 0.98999999999999999 1 -0 0 0 0 -1 0 1 0 
9 0 0 0 0 3 1 11 2 9 2 0.51777194789350811 0.22324258891130408 0.98999999999999999  0.51777194789350811 0.22324258891130408 1  
0.52105639899779066 0.22569551623465475 0.98999999999999999  0.52105639899779066 0.22569551623465475 1  
0.52758289316179763 0.2305696992723342 0.99000000000000021  0.52758289316179763 0.2305696992723342 1.0000000000000002  
0.53811971453182128 0.23671289486464031 0.98999999999999977  0.53811971453182128 0.23671289486464031 0.99999999999999978  
0.5489922023367878 0.24199011123118644 0.99000000000000021  0.5489922023367878 0.24199011123118644 1.0000000000000002  
0.56029665900311931 0.24627687067818285 0.98999999999999977  0.56029665900311931 0.24627687067818285 0.99999999999999978  
0.57198895078268419 0.24966645173361401 0.99000000000000021  0.57198895078268419 0.24966645173361401 1.0000000000000002  
0.58413854195350678 0.2519737833284087 0.98999999999999977  0.58413854195350678 0.2519737833284087 0.99999999999999978  
0.59667112016784352 0.25349839842442445 0.99000000000000021  0.59667112016784352 0.25349839842442445 1.0000000000000002  
0.60516574992997796 0.25365244595027947 0.98999999999999999  0.60516574992997796 0.25365244595027947 1  
0.60946402106423991 0.2537303937893528 0.98999999999999999  0.60946402106423991 0.2537303937893528 1  

0 4
0.12480808531088299 1
0.24800467857179326 1
0.37090910558759493 1
0.49267476715690262 1
0.61590783249437964 1
0.74130264464697415 1
0.86909948918780655 1
1 4

0 2
1 2

9 0 0 0 0 3 1 19 2 17 2 0.60946402106423991 0.2537303937893528 0.98999999999999999  0.60946402106423991 0.2537303937893528 1  
0.61363466496394914 0.25367571383060256 0.98999999999999999  0.61363466496394914 0.25367571383060256 1  
0.62176887146948989 0.25356906888874603 0.98999999999999999  0.62176887146948989 0.25356906888874603 1  
0.63363558437039913 0.2522013351641828 0.98999999999999999  0.63363558437039913 0.2522013351641828 1  
0.64487177336907953 0.25016514049012162 0.98999999999999999  0.64487177336907953 0.25016514049012162 1  
0.65553551756843398 0.24738257277435305 0.98999999999999999  0.65553551756843398 0.24738257277435305 1  
0.6655412898995644 0.24364222257889345 0.98999999999999999  0.6655412898995644 0.24364222257889345 1  
0.67488613299997524 0.23902925651541826 0.99000000000000021  0.67488613299997524 0.23902925651541826 1.0000000000000002  
0.68363943123742277 0.23368239254464454 0.98999999999999999  0.68363943123742277 0.23368239254464454 1  
0.6916992236594578 0.22753988078527443 0.98999999999999977  0.6916992236594578 0.22753988078527443 0.99999999999999978  
0.69891092183198045 0.22067743390039476 0.99000000000000044  0.69891092183198045 0.22067743390039476 1.0000000000000004  
0.70528717105647531 0.21335731999879232 0.98999999999999999  0.70528717105647531 0.21335731999879232 1  
0.71068982474821729 0.20552301669362158 0.98999999999999977  0.71068982474821729 0.20552301669362158 0.99999999999999978  
0.71504586957606375 0.19713645906224617 0.98999999999999999  0.71504586957606375 0.19713645906224617 1  
0.71848296794850286 0.18829536831345453 0.98999999999999977  0.71848296794850286 0.18829536831345453 0.99999999999999978  
0.72093623048504984 0.17896622454060013 0.99000000000000021  0.72093623048504984 0.17896622454060013 1.0000000000000002  
0.72241862518145261 0.16914932245716127 0.98999999999999977  0.72241862518145261 0.16914932245716127 0.99999999999999978  
0.72257176697597669 0.1624246941102144 0.98999999999999977  0.72257176697597669 0.1624246941102144 0.99999999999999978  
0.72264999667399599 0.15898954013081623 0.98999999999999999  0.72264999667399599 0.15898954013081623 1  

0 4
0.075440593977085843 1
0.14713540284583457 1
0.2158551651153319 1
0.28199144316034186 1
0.34629961038298923 1
0.40881075987514559 1
0.47031959335376589 1
0.53165805860940674 1
0.59182733591457237 1
0.65017720281031743 1
0.70705751660545335 1
0.76361355350109805 1
0.82082184928072288 1
0.87836911648240434 1
0.93786707726042751 1
1 4

0 2
1 2

9 0 0 0 0 3 1 19 2 17 2 0.72264999667399599 0.15898954013081623 0.98999999999999999  0.72264999667399599 0.15898954013081623 1  
0.72260171333766698 0.15583612946935882 0.98999999999999977  0.72260171333766698 0.15583612946935882 0.99999999999999978  
0.72250722899127284 0.14966530599456027 0.98999999999999999  0.72250722899127284 0.14966530599456027 1  
0.72146510096258376 0.14062397734911569 0.98999999999999999  0.72146510096258376 0.14062397734911569 1  
0.71989127063676117 0.13200755305268402 0.99000000000000021  0.71989127063676117 0.13200755305268402 1.0000000000000002  
0.71768182158685589 0.12378639683710711 0.98999999999999999  0.71768182158685589 0.12378639683710711 1  
0.71480604052544805 0.11602342408793592 0.98999999999999977  0.71480604052544805 0.11602342408793592 0.99999999999999978  
0.71122193072889883 0.10871122043627299 0.98999999999999999  0.71122193072889883 0.10871122043627299 1  
0.70717644473791808 0.10174865730232732 0.99000000000000021  0.70717644473791808 0.10174865730232732 1.0000000000000002  
0.70228071728819119 0.095333752224632334 0.98999999999999977  0.70228071728819119 0.095333752224632334 0.99999999999999978  
0.6968793238447053 0.089260915100226323 0.99000000000000021  0.6968793238447053 0.089260915100226323 1.0000000000000002  
0.69074668373027448 0.083703521733470232 0.98999999999999977  0.69074668373027448 0.083703521733470232 0.99999999999999978  
0.68398877657747281 0.078594211818251922 0.98999999999999999  0.68398877657747281 0.078594211818251922 1  
0.67665565273239581 0.073825229299346207 0.98999999999999977  0.67665565273239581 0.073825229299346207 0.99999999999999978  
0.66861193928643914 0.069598923078309394 0.99000000000000021  0.66861193928643914 0.069598923078309394 1.0000000000000002  
0.65999593650885868 0.065699796258293613 0.98999999999999977  0.65999593650885868 0.065699796258293613 0.99999999999999978  
0.65073181386741308 0.062238909040989207 0.98999999999999977  0.65073181386741308 0.062238909040989207 0.99999999999999978  
0.64425971230766699 0.06039293956533983 0.98999999999999977  0.64425971230766699 0.06039293956533983 0.99999999999999978  
0.64094267960082518 0.059446857203986937 0.98999999999999999  0.64094267960082518 0.059446857203986937 1  

0 4
0.067390246732760117 1
0.13187413919593594 1
0.19430523069725289 1
0.25452311050832305 1
0.31364823141475912 1
0.37098214746696728 1
0.42845997675762798 1
0.48549463166515322 1
0.54319021474927109 1
0.60201766323865191 1
0.66209573799586097 1
0.72417136395005266 1
0.78881063951191521 1
0.85615270811392397 1
0.92627647023582294 1
1 4

0 2
1 2

1 0.64094267960082518 0.059446857203986937 0.98999999999999999 -1 0 -0 0 0 1 0 1 -0 
9 0 0 0 0 3 1 19 2 17 2 0.64094267960082518 0.058456003545450365 0.98999999999999999  0.64094267960082518 0.058456003545450365 1  
0.64455733107645385 0.057994068812621209 0.98999999999999999  0.64455733107645385 0.057994068812621209 1  
0.65164728228322699 0.057088007816546112 0.99000000000000021  0.65164728228322699 0.057088007816546112 1.0000000000000002  
0.66195398493240121 0.054971910815732945 0.98999999999999977  0.66195398493240121 0.054971910815732945 0.99999999999999978  
0.67166632939652671 0.052108322324351315 0.99000000000000021  0.67166632939652671 0.052108322324351315 1.0000000000000002  
0.68085767916578344 0.048765554858082746 0.98999999999999977  0.68085767916578344 0.048765554858082746 0.99999999999999978  
0.68934418179891621 0.044478854954714285 0.99000000000000021  0.68934418179891621 0.044478854954714285 1.0000000000000002  
0.69732953097977735 0.039717300889190135 0.98999999999999999  0.69732953097977735 0.039717300889190135 1  
0.70465945874505842 0.034166569780650594 0.99000000000000021  0.70465945874505842 0.034166569780650594 1.0000000000000002  
0.71144280861936293 0.028097849940319563 0.98999999999999999  0.71144280861936293 0.028097849940319563 1  
0.71755123455906411 0.021486163601652949 0.99000000000000021  0.71755123455906411 0.021486163601652949 1.0000000000000002  
0.72282872662365438 0.014374427842481049 0.98999999999999999  0.72282872662365438 0.014374427842481049 1  
0.7272626721931098 0.006847783097681066 0.99000000000000021  0.7272626721931098 0.006847783097681066 1.0000000000000002  
0.73096303265201767 -0.0010224189611375792 0.98999999999999977  0.73096303265201767 -0.0010224189611375792 0.99999999999999978  
0.73376694330640058 -0.0093167544462427511 0.99000000000000044  0.73376694330640058 -0.0093167544462427511 1.0000000000000004  
0.73584990189381461 -0.017983435391271608 0.98999999999999999  0.73584990189381461 -0.017983435391271608 1  
0.73708846543765016 -0.027077069070497072 0.99000000000000021  0.73708846543765016 -0.027077069070497072 1.0000000000000002  
0.73721820339867727 -0.033283073252735912 0.98999999999999999  0.73721820339867727 -0.033283073252735912 1  
0.73728414301545941 -0.036437289137476472 0.98999999999999999  0.73728414301545941 -0.036437289137476472 1  

0 4
0.073056815191308438 1
0.14329715009066465 1
0.21068803270440151 1
0.27597998089694159 1
0.3390909043869263 1
0.40103752264173403 1
0.46217227879473555 1
0.52313910828239385 1
0.58335201556408278 1
0.64234784714740067 1
0.70036326694836015 1
0.7582555282612643 1
0.8164161627718215 1
0.87560525102145759 1
0.93677608301822246 1
1 4

0 2
1 2

9 0 0 0 0 3 1 19 2 17 2 0.73728414301545941 -0.036437289137476472 0.98999999999999999  0.73728414301545941 -0.036437289137476472 1  
0.73717306428033613 -0.040813945305582355 0.98999999999999999  0.73717306428033613 -0.040813945305582355 1  
0.73695569903501168 -0.0493784373357221 0.99000000000000021  0.73695569903501168 -0.0493784373357221 1.0000000000000002  
0.73507313081621983 -0.061897655385254866 0.98999999999999977  0.73507313081621983 -0.061897655385254866 0.99999999999999978  
0.7320336398956403 -0.073784188626102018 0.99000000000000021  0.7320336398956403 -0.073784188626102018 1.0000000000000002  
0.7277636253636961 -0.085049659038654551 0.98999999999999999  0.7277636253636961 -0.085049659038654551 1  
0.72222640059463483 -0.095616475626246186 0.98999999999999999  0.72222640059463483 -0.095616475626246186 1  
0.71554081532796876 -0.10556643205970422 0.98999999999999977  0.71554081532796876 -0.10556643205970422 0.99999999999999978  
0.70756254039852318 -0.11480319061885587 0.99000000000000021  0.70756254039852318 -0.11480319061885587 1.0000000000000002  
0.69841668336658991 -0.12330905733074214 0.98999999999999977  0.69841668336658991 -0.12330905733074214 0.99999999999999978  
0.68829347647278705 -0.13097431200171675 0.99000000000000021  0.68829347647278705 -0.13097431200171675 1.0000000000000002  
0.67734754706735623 -0.13775042005169363 0.98999999999999999  0.67734754706735623 -0.13775042005169363 1  
0.66553776664383801 -0.14335832425960926 0.99000000000000021  0.66553776664383801 -0.14335832425960926 1.0000000000000002  
0.65297967808806023 -0.14805777804011638 0.98999999999999977  0.65297967808806023 -0.14805777804011638 0.99999999999999978  
0.63956606824077822 -0.15159857796153881 0.98999999999999999  0.63956606824077822 -0.15159857796153881 1  
0.62537505409737182 -0.15418791718477348 0.98999999999999999  0.62537505409737182 -0.15418791718477348 1  
0.61038658828805992 -0.15571471520234959 0.98999999999999999  0.61038658828805992 -0.15571471520234959 1  
0.60014334207307851 -0.15592049238712072 0.98999999999999999  0.60014334207307851 -0.15592049238712072 1  
0.59490609423497165 -0.15602570377162286 0.99000000000000021  0.59490609423497165 -0.15602570377162286 1.0000000000000002  

0 4
0.062762801274436925 1
0.12281785241009482 1
0.18116727397800714 1
0.2385060406396679 1
0.29524265290811846 1
0.35195818525302225 1
0.41011602003894027 1
0.46994831387152741 1
0.53082189831441873 1
0.59202525812627749 1
0.65430352859789154 1
0.7180837371812151 1
0.78413277799526182 1
0.85305428880463707 1
0.92486843602846869 1
1 4

0 2
1 2

9 0 0 0 0 3 1 11 2 9 2 0.59490609423497165 -0.15602570377162286 0.99000000000000021  0.59490609423497165 -0.15602570377162286 1.0000000000000002  
0.59027996819857065 -0.15597797227147284 0.99000000000000021  0.59027996819857065 -0.15597797227147284 1.0000000000000002  
0.58124514743751399 -0.1558847526866369 0.98999999999999999  0.58124514743751399 -0.1558847526866369 1  
0.56804462140809098 -0.1548446951706523 0.99000000000000021  0.56804462140809098 -0.1548446951706523 1.0000000000000002  
0.5555128275561475 -0.15330238855266407 0.98999999999999999  0.5555128275561475 -0.15330238855266407 1  
0.54368421227595054 -0.15099036226933099 0.98999999999999977  0.54368421227595054 -0.15099036226933099 0.99999999999999978  
0.53250697929818847 -0.1481412665088408 0.99000000000000021  0.53250697929818847 -0.1481412665088408 1.0000000000000002  
0.52205624521077398 -0.14452154506488618 0.99000000000000021  0.52205624521077398 -0.14452154506488618 1.0000000000000002  
0.51221336899138503 -0.14039971538103568 0.98999999999999999  0.51221336899138503 -0.14039971538103568 1  
0.50613198397877268 -0.13697845905015879 0.99000000000000021  0.50613198397877268 -0.13697845905015879 1.0000000000000002  
0.50313780155204479 -0.13529399645454965 0.98999999999999999  0.50313780155204479 -0.13529399645454965 1  

0 4
0.14576530528004075 1
0.28467953445781879 1
0.41706897315674685 1
0.54348306759648235 1
0.66428226347514152 1
0.7802560815042977 1
0.89180862948561457 1
1 4

0 2
1 2

1 -0.73100853991137038 0.24885234500886505 0.98999999999999999 0 -1 0 0 -0 -1 1 0 0 
1 -0.67735000332600448 0.24885234500886505 0.98999999999999999 -0.94277788412599706 0.33342144682504771 0 -0.33342144682504771 -0.94277788412599706 0 0 0 1 
1 -0.81881341796015084 -0.15114765499113503 0.98999999999999999 0 1 0 0 -0 1 1 0 -0 
1 -0.87735000332600444 -0.15114765499113503 0.98999999999999999 0.93912285212032109 0.3435815312635323 0 -0.3435815312635323 0.93912285212032109 0 0 -0 1 
1 -1.0236914667406387 0.24885234500886505 0.98999999999999999 0 -1 0 0 -0 -1 1 0 0 
1 -0.965154881374785 0.24885234500886505 0.98999999999999999 -0.94339556219086829 -0.33166973518633824 0 0.33166973518633824 -0.94339556219086829 0 0 0 1 
9 0 0 0 0 3 1 7 2 5 2 -0.85593232039917522 -0.061818386698452091 0.98999999999999999  -0.85593232039917522 -0.061818386698452091 1  
-0.85503304515380263 -0.064475413831410172 0.98999999999999999  -0.85503304515380263 -0.064475413831410172 1  
-0.8531832083881451 -0.069941000150156168 0.99000000000000021  -0.8531832083881451 -0.069941000150156168 1.0000000000000002  
-0.85102285663361288 -0.078585093837120881 0.98999999999999999  -0.85102285663361288 -0.078585093837120881 1  
-0.84917249175787335 -0.08781673409221806 0.98999999999999999  -0.84917249175787335 -0.08781673409221806 1  
-0.8483009193312131 -0.094205948982741414 0.98999999999999999  -0.8483009193312131 -0.094205948982741414 1  
-0.84785305210649231 -0.097489118405769154 0.98999999999999999  -0.84785305210649231 -0.097489118405769154 1  

0 4
0.22956016513208116 1
0.47221230160270727 1
0.72879039711149562 1
1 4

0 2
1 2

1 -0.84785305210649231 -0.097489118405769154 0.98999999999999999 0 -1 0 0 -0 -1 1 0 0 
9 0 0 0 0 3 1 7 2 5 2 -0.84663353991137036 -0.097489118405769154 0.98999999999999999  -0.84663353991137036 -0.097489118405769154 1  
-0.84625225379648261 -0.094507511723523507 0.98999999999999977  -0.84625225379648261 -0.094507511723523507 0.99999999999999978  
-0.84548129056781141 -0.088478681864220587 0.98999999999999999  -0.84548129056781141 -0.088478681864220587 1  
-0.84337191075178508 -0.079510321523137931 0.98999999999999977  -0.84337191075178508 -0.079510321523137931 0.99999999999999978  
-0.84102204225671173 -0.070355016603610321 0.98999999999999999  -0.84102204225671173 -0.070355016603610321 1  
-0.83888160965402259 -0.064344401782639643 0.99000000000000021  -0.83888160965402259 -0.064344401782639643 1.0000000000000002  
-0.83779207649673626 -0.061284850113086244 0.98999999999999999  -0.83779207649673626 -0.061284850113086244 1  

0 4
0.24126114393387008 1
0.48783174424018916 1
0.73929368480991253 1
1 4

0 2
1 2

1 -0.83779207649673626 -0.061284850113086244 0.98999999999999999 0.94552351533881329 -0.32555380805841155 0 0.32555380805841155 0.94552351533881329 0 -0 0 1 
9 0 0 0 0 3 1 19 2 17 2 0.90931158203984963 0.028577954764962547 0.98999999999999999  0.90931158203984963 0.028577954764962547 1.0000000000000007  
0.91311640696337215 0.031244705948509231 0.98999999999999999  0.91311640696337215 0.031244705948509231 1.0000000000000007  
0.92047103958604026 0.036399470134844951 0.98999999999999999  0.92047103958604026 0.036399470134844951 1.0000000000000007  
0.93081452509720797 0.044296036959560886 0.98999999999999999  0.93081452509720797 0.044296036959560886 1.0000000000000007  
0.94034219389755014 0.051808158441715733 0.98999999999999977  0.94034219389755014 0.051808158441715733 1.0000000000000004  
0.94880409474505356 0.059193825789375723 0.98999999999999999  0.94880409474505356 0.059193825789375723 1.0000000000000007  
0.95645933665561766 0.06620694902857388 0.99000000000000021  0.95645933665561766 0.06620694902857388 1.0000000000000009  
0.96305722060775167 0.073067102838361611 0.98999999999999999  0.96305722060775167 0.073067102838361611 1.0000000000000007  
0.96882947027013577 0.079617071814551368 0.98999999999999955  0.96882947027013577 0.079617071814551368 1.0000000000000002  
0.97372429038699326 0.086017423004784044 0.99000000000000021  0.97372429038699326 0.086017423004784044 1.0000000000000009  
0.97782690059878041 0.092457413503311672 0.99000000000000021  0.97782690059878041 0.092457413503311672 1.0000000000000009  
0.98132965913919568 0.099012566259420023 0.98999999999999977  0.98132965913919568 0.099012566259420023 1.0000000000000004  
0.98432259188553506 0.10575813312776289 0.99000000000000021  0.98432259188553506 0.10575813312776289 1.0000000000000009  
0.98679742572766183 0.11270275312373666 0.99000000000000021  0.98679742572766183 0.11270275312373666 1.0000000000000009  
0.9885740879453444 0.1199163039660547 0.98999999999999977  0.9885740879453444 0.1199163039660547 1.0000000000000004  
0.99000305675435574 0.12731039648829229 0.98999999999999999  0.99000305675435574 0.12731039648829229 1.0000000000000007  
0.99072568140637041 0.13494080761022964 0.98999999999999999  0.99072568140637041 0.13494080761022964 1.0000000000000007  
0.99086997182271275 0.14008593874381153 0.98999999999999999  0.99086997182271275 0.14008593874381153 1.0000000000000007  
0.99094267960082516 0.14267856452106015 0.98999999999999999  0.99094267960082516 0.14267856452106015 1.0000000000000007  

0 4
0.094946371017354092 1
0.18352899061692016 1
0.26591751175453798 1
0.34285033249917984 1
0.41302406155960092 1
0.47801987115271499 1
0.53726967090678668 1
0.59137494931431034 1
0.64250848309247577 1
0.693149292468768 1
0.74312827715637153 1
0.79321503336467103 1
0.84358894508116467 1
0.89481466600410953 1
0.9469972287924171 1
1 4

0 2
1 2

9 0 0 0 0 3 1 19 2 17 2 0.99094267960082516 0.14267856452106015 0.98999999999999999  0.99094267960082516 0.14267856452106015 1  
0.9908943173447976 0.14522303973318298 0.98999999999999999  0.9908943173447976 0.14522303973318298 1  
0.99079961982457521 0.15020534437832306 0.98999999999999999  0.99079961982457521 0.15020534437832306 1  
0.98976219046362135 0.15744803577464536 0.98999999999999977  0.98976219046362135 0.15744803577464536 0.99999999999999978  
0.98821036500304316 0.16428836960400137 0.98999999999999999  0.98821036500304316 0.16428836960400137 1  
0.9858734539722751 0.1706583051757172 0.98999999999999999  0.9858734539722751 0.1706583051757172 1  
0.98298505908815847 0.17666575360508727 0.98999999999999977  0.98298505908815847 0.17666575360508727 0.99999999999999978  
0.9793801268659752 0.18222792979559752 0.98999999999999955  0.9793801268659752 0.18222792979559752 0.99999999999999956  
0.97516685826759608 0.18739965272337009 0.99000000000000044  0.97516685826759608 0.18739965272337009 1.0000000000000004  
0.97025316957557672 0.19202232194202065 0.99000000000000021  0.97025316957557672 0.19202232194202065 1.0000000000000002  
0.96484663587066311 0.19621548759188215 0.98999999999999999  0.96484663587066311 0.19621548759188215 1  
0.95896340713767758 0.19990133290407 0.98999999999999999  0.95896340713767758 0.19990133290407 1  
0.95258041838207352 0.20294400007311522 0.98999999999999977  0.95258041838207352 0.20294400007311522 0.99999999999999978  
0.94576653495143126 0.20545668314121451 0.99000000000000021  0.94576653495143126 0.20545668314121451 1.0000000000000002  
0.93848165444413589 0.20746920105346869 0.98999999999999955  0.93848165444413589 0.20746920105346869 0.99999999999999956  
0.93071609039941872 0.2087802184067393 0.98999999999999999  0.93071609039941872 0.2087802184067393 1  
0.9224918887348541 0.2096536502472999 0.98999999999999977  0.9224918887348541 0.2096536502472999 0.99999999999999978  
0.91685972311799269 0.20976872720495976 0.98999999999999999  0.91685972311799269 0.20976872720495976 1  
0.91396097228375195 0.20982795476496255 0.98999999999999999  0.91396097228375195 0.20982795476496255 1  

0 4
0.066030844719483506 1
0.1292941596762224 1
0.18962713968533612 1
0.24785630263689085 1
0.30510155844685516 1
0.3623848231952147 1
0.41957682405436392 1
0.47791055459673148 1
0.5371660732874084 1
0.59703186811431419 1
0.65782128283272223 1
0.72044835239245386 1
0.78543257792967969 1
0.8537700764726841 1
0.92473869881476523 1
1 4

0 2
1 2

9 0 0 0 0 3 1 11 2 9 2 0.91396097228375195 0.20982795476496255 0.98999999999999999  0.91396097228375195 0.20982795476496255 1  
0.90975804080467015 0.20968394222983644 0.98999999999999999  0.90975804080467015 0.20968394222983644 1  
0.90126148401708139 0.20939280955519898 0.99000000000000044  0.90126148401708139 0.20939280955519898 1.0000000000000004  
0.88852056814706459 0.20689378992098809 0.98999999999999955  0.88852056814706459 0.20689378992098809 0.99999999999999956  
0.87571740005378718 0.20290644076063619 0.99000000000000021  0.87571740005378718 0.20290644076063619 1.0000000000000002  
0.86298535177646263 0.19730333654318613 0.98999999999999977  0.86298535177646263 0.19730333654318613 0.99999999999999978  
0.85038740406808566 0.19037118167449482 0.98999999999999977  0.85038740406808566 0.19037118167449482 0.99999999999999978  
0.83817359749320608 0.18201676959207605 0.98999999999999999  0.83817359749320608 0.18201676959207605 1  
0.82635541474793306 0.17230098170715905 0.98999999999999999  0.82635541474793306 0.17230098170715905 1  
0.81905661809341945 0.16495014852909531 0.98999999999999977  0.81905661809341945 0.16495014852909531 0.99999999999999978  
0.81533292350326425 0.16119990598447478 0.98999999999999999  0.81533292350326425 0.16119990598447478 1  

0 4
0.11155484117844976 1
0.22551689165539895 1
0.34355421976993655 1
0.46717002874627328 1
0.59433257377544435 1
0.72498392980844439 1
0.85969250805955544 1
0.99999999999999989 4

0 2
1 2

1 0.81533292350326425 0.16119990598447478 0.98999999999999999 1 -0 0 0 0 -1 0 1 0 
9 0 0 0 0 3 1 11 2 9 2 0.81533292350326425 0.21013283281374309 0.98999999999999999  0.81533292350326425 0.21013283281374309 1.0000000000000002  
0.81867983266735733 0.21349674208127478 0.98999999999999977  0.81867983266735733 0.21349674208127478 1  
0.82530246247975125 0.22015301050957556 0.98999999999999999  0.82530246247975125 0.22015301050957556 1.0000000000000002  
0.83614706878070988 0.22897726962789802 0.98999999999999977  0.83614706878070988 0.22897726962789802 1  
0.84778487092638388 0.23637943467848807 0.98999999999999999  0.84778487092638388 0.23637943467848807 1.0000000000000002  
0.86005668830278359 0.24273592829435026 0.98999999999999999  0.86005668830278359 0.24273592829435026 1.0000000000000002  
0.87326263349772049 0.24773741830350685 0.98999999999999955  0.87326263349772049 0.24773741830350685 0.99999999999999978  
0.88752003917377109 0.25120050670264943 0.98999999999999977  0.88752003917377109 0.25120050670264943 1  
0.9028157732036064 0.25338894476615903 0.98999999999999955  0.9028157732036064 0.25338894476615903 0.99999999999999978  
0.91339423415994658 0.25361436755134292 0.98999999999999955  0.91339423415994658 0.25361436755134292 0.99999999999999978  
0.91883902106423987 0.2537303937893528 0.98999999999999977  0.91883902106423987 0.2537303937893528 1  

0 4
0.12288158857152263 1
0.24314949464384233 1
0.36127492563479685 1
0.47960921109552973 1
0.60063117782680686 1
0.72610307956526443 1
0.85902388148293041 1
0.99999999999999989 4

0 2
1 2

9 0 0 0 0 3 1 19 2 17 2 0.91883902106423987 0.2537303937893528 0.98999999999999999  0.91883902106423987 0.2537303937893528 1  
0.92326396637130004 0.25364894747693467 0.98999999999999999  0.92326396637130004 0.25364894747693467 1  
0.93193263435786589 0.25348939046727925 0.99000000000000021  0.93193263435786589 0.25348939046727925 1.0000000000000002  
0.94458783208616215 0.25205515518286775 0.98999999999999999  0.94458783208616215 0.25205515518286775 1  
0.95662345733624787 0.24992989056599116 0.98999999999999999  0.95662345733624787 0.24992989056599116 1  
0.96792475738614336 0.24667179699284006 0.98999999999999977  0.96792475738614336 0.24667179699284006 0.99999999999999978  
0.97863091674756075 0.24266393445314433 0.99000000000000021  0.97863091674756075 0.24266393445314433 1.0000000000000002  
0.98860847723410705 0.23759370886558598 0.98999999999999999  0.98860847723410705 0.23759370886558598 1  
0.9979834090808406 0.23171955455676702 0.98999999999999977  0.9979834090808406 0.23171955455676702 0.99999999999999978  
1.0065816769025906 0.22493435590045843 0.99000000000000021  1.0065816769025906 0.22493435590045843 1.0000000000000002  
1.0143488569913792 0.21740298872258992 0.98999999999999977  1.0143488569913792 0.21740298872258992 0.99999999999999978  
1.0212103351786617 0.20921836492158244 0.98999999999999999  1.0212103351786617 0.20921836492158244 1  
1.0269483464273934 0.20032404991956909 0.99000000000000044  1.0269483464273934 0.20032404991956909 1.0000000000000004  
1.031607367166723 0.19079276227811309 0.98999999999999955  1.031607367166723 0.19079276227811309 0.99999999999999956  
1.0353123420699077 0.18066166187520777 0.99000000000000044  1.0353123420699077 0.18066166187520777 1.0000000000000004  
1.0378717033610987 0.16986681197063547 0.98999999999999955  1.0378717033610987 0.16986681197063547 0.99999999999999956  
1.039418246635184 0.1584246783080718 0.99000000000000021  1.039418246635184 0.1584246783080718 1.0000000000000002  
1.0396198241577739 0.15058496492603879 0.98999999999999999  1.0396198241577739 0.15058496492603879 1  
1.0397231674057033 0.14656575964301133 0.98999999999999999  1.0397231674057033 0.14656575964301133 1  

0 4
0.072853708443201423 1
0.14272370984484697 1
0.20953183511143653 1
0.27390800694681139 1
0.33615739324984567 1
0.39753857241228235 1
0.45790725651810954 1
0.51809729383580083 1
0.57757768208397775 1
0.6358160475721929 1
0.69361832272754875 1
0.75144482728932604 1
0.8102189150181166 1
0.87091158883001896 1
0.93381992441955031 1
1 4

0 2
1 2

9 0 0 0 0 3 1 19 2 17 2 1.0397231674057033 0.14656575964301133 0.98999999999999999  1.0397231674057033 0.14656575964301133 1.0000000000000002  
1.0396748205411732 0.14295526886381141 0.98999999999999977  1.0396748205411732 0.14295526886381141 1  
1.0395792993918924 0.1358218542763277 0.98999999999999977  1.0395792993918924 0.1358218542763277 1  
1.0385176120645607 0.12534306980592538 0.98999999999999977  1.0385176120645607 0.12534306980592538 1  
1.0370432238941654 0.11519708550465163 0.98999999999999999  1.0370432238941654 0.11519708550465163 1.0000000000000002  
1.0348339660964365 0.10543476462820001 0.99000000000000021  1.0348339660964365 0.10543476462820001 1.0000000000000004  
1.0319209040422126 0.096044940307309201 0.99000000000000044  1.0319209040422126 0.096044940307309201 1.0000000000000007  
1.0284146930085725 0.087023641284130079 0.98999999999999999  1.0284146930085725 0.087023641284130079 1.0000000000000002  
1.0242882943074649 0.078386235098479903 0.98999999999999977  1.0242882943074649 0.078386235098479903 1  
1.0195068087762371 0.070048851066224924 0.98999999999999999  1.0195068087762371 0.070048851066224924 1.0000000000000002  
1.0139320160731664 0.061887074924545774 0.98999999999999977  1.0139320160731664 0.061887074924545774 1  
1.0075286886179111 0.053726898480388321 0.99000000000000044  1.0075286886179111 0.053726898480388321 1.0000000000000007  
1.0001540190068907 0.045596261965589149 0.98999999999999977  1.0001540190068907 0.045596261965589149 1  
0.99198064038369593 0.037311865780022983 0.99000000000000021  0.99198064038369593 0.037311865780022983 1.0000000000000004  
0.98283950453156832 0.029055729598355239 0.98999999999999977  0.98283950453156832 0.029055729598355239 1  
0.97281166523237206 0.020761901440856701 0.99000000000000021  0.97281166523237206 0.020761901440856701 1.0000000000000004  
0.96199557151169579 0.01230863159183148 0.98999999999999999  0.96199557151169579 0.01230863159183148 1.0000000000000002  
0.95428293945862597 0.0069451915124627683 0.98999999999999999  0.95428293945862597 0.0069451915124627683 1.0000000000000002  
0.95031767960082514 0.0041877108625235273 0.98999999999999999  0.95031767960082514 0.0041877108625235273 1.0000000000000002  

0 4
0.061423136907629697 1
0.12135654890745634 1
0.17908288559970031 1
0.23583094656470646 1
0.29149463448377927 1
0.34625591479353346 1
0.4004078115217285 1
0.45425329830609229 1
0.50965945012896674 1
0.56847822251565128 1
0.63063508955860115 1
0.69637052906816566 1
0.76646638681270285 1
0.84015233423837665 1
0.91781825866366118 1
0.99999999999999989 4

0 2
1 2

9 0 0 0 0 3 1 19 2 17 2 0.95031767960082514 0.0041877108625235273 0.98999999999999999  0.95031767960082514 0.0041877108625235273 1  
0.94632212343253408 0.0014280190295703425 0.98999999999999977  0.94632212343253408 0.0014280190295703425 0.99999999999999978  
0.93863754133119648 -0.0038796471804606264 0.98999999999999999  0.93863754133119648 -0.0038796471804606264 1  
0.92771871306672737 -0.011648370928929045 0.99000000000000021  0.92771871306672737 -0.011648370928929045 1.0000000000000002  
0.91778495180975539 -0.018727191325181965 0.99000000000000021  0.91778495180975539 -0.018727191325181965 1.0000000000000002  
0.90890018998266953 -0.025209255549047415 0.98999999999999977  0.90890018998266953 -0.025209255549047415 0.99999999999999978  
0.90109735816969838 -0.031167719831154055 0.99000000000000044  0.90109735816969838 -0.031167719831154055 1.0000000000000004  
0.89421371066431021 -0.036389263230601009 0.98999999999999999  0.89421371066431021 -0.036389263230601009 1  
0.88841165617706686 -0.041031442218208106 0.98999999999999977  0.88841165617706686 -0.041031442218208106 0.99999999999999978  
0.88222429122296742 -0.046298908340775838 0.98999999999999977  0.88222429122296742 -0.046298908340775838 0.99999999999999978  
0.87576323126334654 -0.052436226169960978 0.99000000000000021  0.87576323126334654 -0.052436226169960978 1.0000000000000002  
0.86915072332611276 -0.059648942565213185 0.98999999999999999  0.86915072332611276 -0.059648942565213185 1  
0.8638250652527445 -0.066751155949070551 0.98999999999999977  0.8638250652527445 -0.066751155949070551 0.99999999999999978  
0.85970956650439467 -0.073851653176051996 0.99000000000000021  0.85970956650439467 -0.073851653176051996 1.0000000000000002  
0.85675376618539711 -0.081283034271220772 0.99000000000000021  0.85675376618539711 -0.081283034271220772 1.0000000000000002  
0.85459488175196485 -0.089252310323082257 0.98999999999999977  0.85459488175196485 -0.089252310323082257 0.99999999999999978  
0.85342001531162559 -0.09801352724879181 0.98999999999999999  0.85342001531162559 -0.09801352724879181 1  
0.85323420971716213 -0.10409154205817006 0.99000000000000021  0.85323420971716213 -0.10409154205817006 1.0000000000000002  
0.85313780155204466 -0.10724521596674479 0.98999999999999999  0.85313780155204466 -0.10724521596674479 1  

0 4
0.094117563362147119 1
0.18101463535265358 1
0.25972515726515422 1
0.33054119216379102 1
0.39416402987668631 1
0.45000889007670342 1
0.49799759811934763 1
0.53816322972876196 1
0.60747722920557956 1
0.67057959466057038 1
0.72760392946593289 1
0.77921535677302534 1
0.82914315291103902 1
0.88217965014147137 1
0.93886705200608067 1
1 4

0 2
1 2

1 0.85313780155204466 -0.10724521596674479 0.98999999999999999 0 -1 0 0 -0 -1 1 0 0 
1 1.0494792649666789 -0.10724521596674479 0.98999999999999999 -1 0 -0 0 0 1 0 1 -0 
1 1.0494792649666789 -0.15114765499113503 0.98999999999999999 0 1 0 0 -0 1 1 0 -0 
1 0.80069877716180082 -0.15114765499113503 0.98999999999999999 1 -0 0 0 0 -1 0 1 0 
9 0 0 0 0 3 1 19 2 17 2 0.80069877716180082 -0.1313305818204033 0.98999999999999999  0.80069877716180082 -0.1313305818204033 1  
0.80081569380490925 -0.12581292036893241 0.98999999999999999  0.80081569380490925 -0.12581292036893241 1  
0.80104153920438015 -0.11515457078307775 0.98999999999999999  0.80104153920438015 -0.11515457078307775 1  
0.80276568778657575 -0.09981384905296696 0.99000000000000021  0.80276568778657575 -0.09981384905296696 1.0000000000000002  
0.80572466698495626 -0.085772572284346885 0.98999999999999999  0.80572466698495626 -0.085772572284346885 1  
0.80986641617081112 -0.072834857321627464 0.99000000000000021  0.80986641617081112 -0.072834857321627464 1.0000000000000002  
0.81553021573543327 -0.060662394206102643 0.98999999999999999  0.81553021573543327 -0.060662394206102643 1  
0.82266420279863772 -0.048878775282801226 0.98999999999999999  0.82266420279863772 -0.048878775282801226 1  
0.83125937411021122 -0.03719361782794877 0.99000000000000021  0.83125937411021122 -0.03719361782794877 1.0000000000000002  
0.83973444276962073 -0.027799192557626969 0.98999999999999999  0.83973444276962073 -0.027799192557626969 1  
0.84731264819776386 -0.020037184859111785 0.98999999999999999  0.84731264819776386 -0.020037184859111785 1  
0.85399061323371284 -0.014009728522000333 0.98999999999999999  0.85399061323371284 -0.014009728522000333 1  
0.86130862358062577 -0.0075457292884415564 0.98999999999999999  0.86130862358062577 -0.0075457292884415564 1  
0.86947477680651131 -0.00090709493203523653 0.98999999999999999  0.86947477680651131 -0.00090709493203523653 1  
0.8782980797900497 0.006137830812698598 0.99000000000000044  0.8782980797900497 0.006137830812698598 1.0000000000000004  
0.88794692884443516 0.013384060006462774 0.98999999999999977  0.88794692884443516 0.013384060006462774 0.99999999999999978  
0.89836809705180998 0.020890893476842504 0.99000000000000021  0.89836809705180998 0.020890893476842504 1.0000000000000002  
0.90559688520485082 0.025968630379848534 0.98999999999999999  0.90559688520485082 0.025968630379848534 1  
0.90931158203984963 0.028577954764962547 0.98999999999999999  0.90931158203984963 0.028577954764962547 1  

0 4
0.081358462719601912 1
0.15715841666981534 1
0.22726263074032996 1
0.292665763214008 1
0.3570391333086475 1
0.42476416576315318 1
0.49550426326091473 1
0.57061493905500094 1
0.61115027516899789 1
0.65543263209721458 1
0.70322609924133872 1
0.75513233095359245 1
0.81060363101099486 1
0.86972663112515747 1
0.93305571268672027 1
0.99999999999999989 4

0 2
1 2

1 0.41533292350326395 0.24885234500886505 0.98999999999999999 -1 0 -0 0 0 1 0 1 -0 
1 0.41533292350326395 -0.15114765499113503 0.98999999999999999 0 1 0 0 -0 1 1 0 -0 
1 0.35168963082033711 -0.15114765499113503 0.98999999999999999 0.84540013413793458 0.53413351626682459 0 -0.53413351626682459 0.84540013413793458 0 0 -0 1 
9 0 0 0 0 3 1 5 2 3 2 0.15550060643009325 0.15937063769179186 0.98999999999999999  0.15550060643009325 0.15937063769179186 1.0000000000000002  
0.15290403220868251 0.16368612337089908 0.98999999999999999  0.15290403220868251 0.16368612337089908 1.0000000000000002  
0.1478595522280205 0.17207000892887167 0.98999999999999999  0.1478595522280205 0.17207000892887167 1.0000000000000002  
0.14402362844621266 0.18107022690117067 0.98999999999999977  0.14402362844621266 0.18107022690117067 1  
0.14216219179594691 0.18543771086252359 0.98999999999999999  0.14216219179594691 0.18543771086252359 1.0000000000000002  

0 4
0.5147357569788642 1
1 4

0 2
1 2

1 0.14216219179594689 0.18543771086252356 0.98999999999999999 0 1 0 0 -0 1 1 0 -0 
9 0 0 0 0 3 1 11 2 9 2 0.14056158203984931 0.18543771086252356 0.98999999999999999  0.14056158203984931 0.18543771086252356 1  
0.14069886720398181 0.18416823727771756 0.98999999999999999  0.14069886720398181 0.18416823727771756 1  
0.1410058932946224 0.18132917222376713 0.99000000000000021  0.1410058932946224 0.18132917222376713 1.0000000000000002  
0.1412601033615884 0.1765966764983069 0.98999999999999977  0.1412601033615884 0.1765966764983069 0.99999999999999978  
0.14159130820654312 0.17098449913510558 0.99000000000000021  0.14159130820654312 0.17098449913510558 1.0000000000000002  
0.14180859896198128 0.16445317606054646 0.99000000000000021  0.14180859896198128 0.16445317606054646 1.0000000000000002  
0.14193348296489122 0.15700786595202598 0.99000000000000021  0.14193348296489122 0.15700786595202598 1.0000000000000002  
0.14211046613289241 0.1486497923896499 0.98999999999999999  0.14211046613289241 0.1486497923896499 1  
0.14217732184016499 0.13937581591856477 0.98999999999999977  0.14217732184016499 0.13937581591856477 0.99999999999999978  
0.14216740363242264 0.13289705768035384 0.98999999999999999  0.14216740363242264 0.13289705768035384 1  
0.14216219179594689 0.12949258891130405 0.98999999999999999  0.14216219179594689 0.12949258891130405 1  

0 4
0.068405408252566219 1
0.15298262712630942 1
0.25386725867935844 1
0.36965137893138045 1
0.50308837148621377 1
0.65285815617669052 1
0.81758332040289472 1
1 4

0 2
1 2

1 0.14216219179594689 0.12949258891130405 0.98999999999999999 -1 0 -0 0 0 1 0 1 -0 
1 0.14216219179594689 -0.15114765499113503 0.98999999999999999 0 1 0 0 -0 1 1 0 -0 
1 0.088503655210581025 -0.15114765499113503 0.98999999999999999 1 -0 0 0 0 -1 0 1 0 
1 0.088503655210581025 0.24885234500886505 0.98999999999999999 0 -1 0 0 -0 -1 1 0 0 
1 0.15679633813741028 0.24885234500886505 0.98999999999999999 -0.8477476074386453 -0.53039984359165548 0 0.53039984359165548 -0.8477476074386453 0 0 0 1 
9 0 0 0 0 3 1 11 2 9 2 0.34711646008862984 -0.055339728161866726 0.98999999999999999  0.34711646008862984 -0.055339728161866726 1.0000000000000002  
0.34818092315001653 -0.05706899330250069 0.98999999999999999  0.34818092315001653 -0.05706899330250069 1.0000000000000002  
0.35020254348617591 -0.060353200807421466 0.98999999999999999  0.35020254348617591 -0.060353200807421466 1.0000000000000002  
0.35310703074601935 -0.064981768847567289 0.98999999999999955  0.35310703074601935 -0.064981768847567289 0.99999999999999978  
0.35565628733466798 -0.06914365501961954 0.98999999999999977  0.35565628733466798 -0.06914365501961954 1  
0.35783682670980999 -0.072830616667431916 0.98999999999999977  0.35783682670980999 -0.072830616667431916 1  
0.35967636253279089 -0.076026855552923281 0.98999999999999955  0.35967636253279089 -0.076026855552923281 0.99999999999999978  
0.36113600366498472 -0.078728063303611387 0.98999999999999955  0.36113600366498472 -0.078728063303611387 0.99999999999999978  
0.3622942612653352 -0.080931849195458427 0.98999999999999999  0.3622942612653352 -0.080931849195458427 1.0000000000000002  
0.36292306264444019 -0.082268765790119686 0.98999999999999999  0.36292306264444019 -0.082268765790119686 1.0000000000000002  
0.3631987771618006 -0.082854972064305754 0.98999999999999977  0.3631987771618006 -0.082854972064305754 1  

0 4
0.19104376725050345 1
0.36282890311570315 1
0.51409851060298262 1
0.6501981344949076 1
0.76582489239913942 1
0.86101723428008303 1
0.93905934776029165 1
1 4

0 2
1 2

1 0.3631987771618006 -0.082854972064305754 0.98999999999999999 0 -1 0 0 -0 -1 1 0 0 
9 0 0 0 0 3 1 11 2 9 2 0.36426585033253228 -0.082854972064305754 0.98999999999999999  0.36426585033253228 -0.082854972064305754 1  
0.36405120040253042 -0.081331927139659629 0.98999999999999999  0.36405120040253042 -0.081331927139659629 1  
0.36358355548903509 -0.078013760616010716 0.98999999999999999  0.36358355548903509 -0.078013760616010716 1  
0.36309245675827689 -0.072646217661628459 0.98999999999999999  0.36309245675827689 -0.072646217661628459 1  
0.3625995329046679 -0.066500061211960754 0.98999999999999999  0.3625995329046679 -0.066500061211960754 1  
0.36236349124581052 -0.059607608444184071 0.99000000000000021  0.36236349124581052 -0.059607608444184071 1.0000000000000002  
0.36202552709214991 -0.05196279666286116 0.98999999999999999  0.36202552709214991 -0.05196279666286116 1  
0.36178518626409445 -0.04357797207742805 0.99000000000000021  0.36178518626409445 -0.04357797207742805 1.0000000000000002  
0.36175826650556264 -0.03443005810610901 0.98999999999999999  0.36175826650556264 -0.03443005810610901 1  
0.3617030825197674 -0.028078503844936847 0.98999999999999977  0.3617030825197674 -0.028078503844936847 0.99999999999999978  
0.36167438691789816 -0.024775703771622814 0.98999999999999999  0.36167438691789816 -0.024775703771622814 1  

0 4
0.079299964594997746 1
0.1727660711694386 1
0.27786620732108963 1
0.39719790136866029 1
0.52830989431260256 1
0.67247143017139799 1
0.82968556357059109 1
1 4

0 2
1 2

1 0.36167438691789816 -0.024775703771622814 0.98999999999999999 1 -0 0 0 0 -1 0 1 0 
1 0.36167438691789816 0.24885234500886505 0.98999999999999999 0 -1 0 0 -0 -1 1 0 0 
9 0 0 0 0 3 1 19 2 17 2 -0.45966707649673599 -0.15602570377162284 0.98999999999999999  -0.45966707649673599 -0.15602570377162284 1  
-0.46661358238350947 -0.15589066078921965 0.98999999999999999  -0.46661358238350947 -0.15589066078921965 1  
-0.48020487320247501 -0.15562644040607759 0.98999999999999977  -0.48020487320247501 -0.15562644040607759 0.99999999999999978  
-0.50003257661735223 -0.15279602359412159 0.98999999999999999  -0.50003257661735223 -0.15279602359412159 1  
-0.51887883262412993 -0.14867905482557661 0.99000000000000021  -0.51887883262412993 -0.14867905482557661 1.0000000000000002  
-0.53659138753854096 -0.14245745038319491 0.98999999999999977  -0.53659138753854096 -0.14245745038319491 0.99999999999999978  
-0.55333875891992679 -0.1347508645875212 0.98999999999999999  -0.55333875891992679 -0.1347508645875212 1  
-0.56884991851048894 -0.12498676672873353 0.98999999999999999  -0.56884991851048894 -0.12498676672873353 1  
-0.583484166964512 -0.1137677690015543 0.98999999999999999  -0.583484166964512 -0.1137677690015543 1  
-0.59680743884417287 -0.10073203545505791 0.99000000000000021  -0.59680743884417287 -0.10073203545505791 1.0000000000000002  
-0.60882462497134171 -0.086332278144983218 0.98999999999999999  -0.60882462497134171 -0.086332278144983218 1  
-0.61942385568170655 -0.07082690400603614 0.99000000000000021  -0.61942385568170655 -0.07082690400603614 1.0000000000000002  
-0.62826510873264141 -0.054184556525582184 0.98999999999999999  -0.62826510873264141 -0.054184556525582184 1  
-0.63555233967481595 -0.0365498607156588 0.98999999999999999  -0.63555233967481595 -0.0365498607156588 1  
-0.641184152092795 -0.017857091692093964 0.99000000000000021  -0.641184152092795 -0.017857091692093964 1.0000000000000002  
-0.64522069230620305 0.0018841956077509845 0.98999999999999955  -0.64522069230620305 0.0018841956077509845 0.99999999999999956  
-0.64758169135221788 0.022677029839629565 0.98999999999999999  -0.64758169135221788 0.022677029839629565 1  
-0.64791277662866797 0.036879845163552236 0.99000000000000021  -0.64791277662866797 0.036879845163552236 1.0000000000000002  
-0.64808171064307751 0.044126735252767432 0.98999999999999999  -0.64808171064307751 0.044126735252767432 1  

0 4
0.067285917427685027 1
0.13164927615217778 1
0.19378127125042052 1
0.25398428053623523 1
0.3132568206837188 1
0.37209649699929431 1
0.43125688949720947 1
0.49168914864994651 1
0.55235578977167676 1
0.6128061105703646 1
0.67340273246219251 1
0.73468605174127311 1
0.79747830035758482 1
0.86234241732049211 1
0.92976115306201668 1
1 4

0 2
1 2

9 0 0 0 0 3 1 19 2 17 2 -0.64808171064307751 0.044126735252767432 0.98999999999999999  -0.64808171064307751 0.044126735252767432 1  
-0.6479224655607696 0.05193294384042426 0.98999999999999999  -0.6479224655607696 0.05193294384042426 1  
-0.64761197755495015 0.067153094455230058 0.99000000000000021  -0.64761197755495015 0.067153094455230058 1.0000000000000002  
-0.64514353025691251 0.089387404516685767 0.98999999999999977  -0.64514353025691251 0.089387404516685767 0.99999999999999978  
-0.64104452460086336 0.11039674807765293 0.98999999999999999  -0.64104452460086336 0.11039674807765293 1  
-0.63536897311948437 0.13022553202909018 0.98999999999999999  -0.63536897311948437 0.13022553202909018 1  
-0.62794981173307751 0.148800065424426 0.98999999999999977  -0.62794981173307751 0.148800065424426 0.99999999999999978  
-0.61880987124888953 0.16611459179680571 0.99000000000000021  -0.61880987124888953 0.16611459179680571 1.0000000000000002  
-0.60813954697953776 0.18227305142225961 0.98999999999999977  -0.60813954697953776 0.18227305142225961 0.99999999999999978  
-0.59582517837252869 0.19707083516242324 0.98999999999999999  -0.59582517837252869 0.19707083516242324 1  
-0.58217027862807746 0.21044265630197367 0.98999999999999977  -0.58217027862807746 0.21044265630197367 0.99999999999999978  
-0.56710199055202148 0.22195682508102649 0.99000000000000066  -0.56710199055202148 0.22195682508102649 1.0000000000000007  
-0.55102456737778205 0.231922594875618 0.98999999999999955  -0.55102456737778205 0.231922594875618 0.99999999999999956  
-0.53368508662689007 0.23992822457296817 0.98999999999999999  -0.53368508662689007 0.23992822457296817 1  
-0.51517169403584939 0.24612102928117613 0.99000000000000021  -0.51517169403584939 0.24612102928117613 1.0000000000000002  
-0.49552762694846769 0.25048555417386592 0.99000000000000021  -0.49552762694846769 0.25048555417386592 1.0000000000000002  
-0.47473391739193849 0.25322618016015946 0.98999999999999977  -0.47473391739193849 0.25322618016015946 0.99999999999999978  
-0.46048885341397777 0.25355954701615457 0.98999999999999999  -0.46048885341397777 0.25355954701615457 1  
-0.45318841796015064 0.2537303937893528 0.98999999999999999  -0.45318841796015064 0.2537303937893528 1  

0 4
0.072406929923509361 1
0.14117536914579165 1
0.20723123191935758 1
0.27078602106105354 1
0.33223736355604022 1
0.39243925645280675 1
0.45212399551723242 1
0.51154566521087497 1
0.57071811956346041 1
0.62903565709025311 1
0.6871260247148121 1
0.74586311828066221 1
0.8057898438946417 1
0.86788869474217945 1
0.93229443839299375 1
1 4

0 2
1 2

9 0 0 0 0 3 1 19 2 17 2 -0.45318841796015064 0.2537303937893528 0.98999999999999999  -0.45318841796015064 0.2537303937893528 1  
-0.44636973213254882 0.2535919621003333 0.99000000000000021  -0.44636973213254882 0.2535919621003333 1.0000000000000002  
-0.4330329837341661 0.25332120191963359 0.99000000000000021  -0.4330329837341661 0.25332120191963359 1.0000000000000002  
-0.41356523670988793 0.25053985012972224 0.98999999999999977  -0.41356523670988793 0.25053985012972224 0.99999999999999978  
-0.39512654178965018 0.2462377445814746 0.99000000000000021  -0.39512654178965018 0.2462377445814746 1.0000000000000002  
-0.37765878680062226 0.24022182769705064 0.98999999999999955  -0.37765878680062226 0.24022182769705064 0.99999999999999956  
-0.36128860539188978 0.23228893575148987 0.98999999999999999  -0.36128860539188978 0.23228893575148987 1  
-0.34585904298624098 0.22274579005923689 0.98999999999999999  -0.34585904298624098 0.22274579005923689 1  
-0.33152385278635155 0.21135177609934566 0.98999999999999977  -0.33152385278635155 0.21135177609934566 0.99999999999999978  
-0.31833008023424458 0.19834069684360869 0.99000000000000021  -0.31833008023424458 0.19834069684360869 1.0000000000000002  
-0.30637739791938984 0.18398408170467609 0.98999999999999999  -0.30637739791938984 0.18398408170467609 1  
-0.29598117679630837 0.16843996444866191 0.99000000000000021  -0.29598117679630837 0.16843996444866191 1.0000000000000002  
-0.28715383123092619 0.15187527560539565 0.98999999999999999  -0.28715383123092619 0.15187527560539565 1  
-0.27997874214937973 0.13424777208757885 0.99000000000000021  -0.27997874214937973 0.13424777208757885 1.0000000000000002  
-0.27440111100488779 0.11556046720828343 0.98999999999999977  -0.27440111100488779 0.11556046720828343 0.99999999999999978  
-0.27050678268988138 0.095805183905038727 0.98999999999999999  -0.27050678268988138 0.095805183905038727 1  
-0.2679655847510789 0.07503646947890201 0.99000000000000021  -0.2679655847510789 0.07503646947890201 1.0000000000000002  
-0.26771945699864502 0.060826529731601825 0.98999999999999977  -0.26771945699864502 0.060826529731601825 0.99999999999999978  
-0.26759390576502867 0.053577954764962556 0.98999999999999999  -0.26759390576502867 0.053577954764962556 1  

0 4
0.06656691929222551 1
0.13019902613229653 1
0.1916593199628952 1
0.25130916690521382 1
0.31025009250233143 1
0.36899266456563207 1
0.42817760551191841 1
0.48872265882319538 1
0.54970003567605352 1
0.61034063728079613 1
0.67107055210974398 1
0.73273394164289418 1
0.79594067723043549 1
0.8612574132165538 1
0.92922657947537468 1
1 4

0 2
1 2

9 0 0 0 0 3 1 11 2 9 2 -0.26759390576502867 0.053577954764962556 0.98999999999999999  -0.26759390576502867 0.053577954764962556 1  
-0.26775165891992181 0.045745934360508465 0.98999999999999999  -0.26775165891992181 0.045745934360508465 1  
-0.26805976979822355 0.030449056860167776 0.98999999999999999  -0.26805976979822355 0.030449056860167776 1  
-0.27055504071860664 0.0081246403263152099 0.98999999999999999  -0.27055504071860664 0.0081246403263152099 1  
-0.27451860467432926 -0.012984011126894108 0.98999999999999999  -0.27451860467432926 -0.012984011126894108 1  
-0.28025060451451894 -0.032844440952179491 0.99000000000000044  -0.28025060451451894 -0.032844440952179491 1.0000000000000004  
-0.28763938323923427 -0.051442250000032302 0.98999999999999977  -0.28763938323923427 -0.051442250000032302 0.99999999999999978  
-0.29670740850413219 -0.068760366767411166 0.99000000000000021  -0.29670740850413219 -0.068760366767411166 1.0000000000000002  
-0.30726314039968844 -0.084961506596585676 0.98999999999999999  -0.30726314039968844 -0.084961506596585676 1  
-0.31567320628419049 -0.094632659629480573 0.98999999999999999  -0.31567320628419049 -0.094632659629480573 1  
-0.31988049113088235 -0.09947082572284234 0.98999999999999999  -0.31988049113088235 -0.09947082572284234 1  

0 4
0.14181919789446243 1
0.27698994453007647 1
0.40631415105670105 1
0.53039153759149549 1
0.65078963242762122 1
0.76810750786378812 1
0.88399166170336807 1
1 4

0 2
1 2

9 0 0 0 0 3 1 5 2 3 2 -0.31988049113088235 -0.09947082572284234 0.98999999999999999  -0.31988049113088235 -0.09947082572284234 1  
-0.32407258001198214 -0.10377811481690359 0.98999999999999999  -0.32407258001198214 -0.10377811481690359 1  
-0.33236985249043327 -0.11230339953069306 0.98999999999999999  -0.33236985249043327 -0.11230339953069306 1  
-0.34186130211126942 -0.11947460681236514 0.98999999999999999  -0.34186130211126942 -0.11947460681236514 1  
-0.34655732039917508 -0.12302265499113506 0.99000000000000021  -0.34655732039917508 -0.12302265499113506 1.0000000000000002  

0 4
0.50523697901775921 1
1 4

0 2
1 2

1 -0.34655732039917503 -0.12302265499113503 0.98999999999999999 -0.58592909337316379 -0.81036232485160764 0 0.81036232485160764 -0.58592909337316379 0 0 0 1 
1 -0.23344756430161404 -0.2048061915765009 0.98999999999999999 0 1 0 0 -0 1 1 0 -0 
1 -0.31888963747234572 -0.2048061915765009 0.98999999999999999 0.60368900369043332 0.79721991120596836 0 -0.79721991120596836 0.60368900369043332 0 0 -0 1 
9 0 0 0 0 3 1 7 2 5 2 -0.39518536917966285 -0.14703180133259844 0.98999999999999999  -0.39518536917966285 -0.14703180133259844 1  
-0.4001939478714765 -0.14844960854506192 0.98999999999999999  -0.4001939478714765 -0.14844960854506192 1  
-0.41034304350141942 -0.1513225714891471 0.99000000000000021  -0.41034304350141942 -0.1513225714891471 1.0000000000000002  
-0.42621791118689289 -0.15388561761213465 0.99000000000000021  -0.42621791118689289 -0.15388561761213465 1.0000000000000002  
-0.44270001072935961 -0.15578832458784003 0.98999999999999955  -0.44270001072935961 -0.15578832458784003 0.99999999999999956  
-0.45394454910564486 -0.15594564226305699 0.98999999999999977  -0.45394454910564486 -0.15594564226305699 0.99999999999999978  
-0.45966707649673599 -0.15602570377162284 0.98999999999999999  -0.45966707649673599 -0.15602570377162284 1  

0 4
0.23883109989224202 1
0.48395359669054455 1
0.73737564147226276 1
1 4

0 2
1 2

1 -0.59999999999999987 -0.49900000000000033 0.17999999999999991 -5.4210108624275232e-16 0 1 1 0 5.4210108624275232e-16 0 1 -0 
1 -0.39999999999999986 -0.49900000000000033 0.18000000000000002 1 0 0 0 0 -1 -0 1 0 
1 -0.59999999999999987 -0.49900000000000033 0.12000000000000002 0 0 -1 -1 0 -0 0 1 0 
1 -0.59999999999999987 -0.49900000000000033 0.17999999999999991 -1 0 -0 0 0 1 0 1 -0 
1 0.40000000000000008 -0.49900000000000033 0.17999999999999999 -0 0 1 1 0 0 0 1 -0 
1 0.60000000000000009 -0.49900000000000033 0.17999999999999999 1 0 0 0 0 -1 -0 1 0 
1 0.40000000000000008 -0.49900000000000033 0.12 0 0 -1 -1 0 -0 0 1 0 
1 0.40000000000000008 -0.49900000000000033 0.17999999999999999 -1 0 -0 0 0 1 0 1 -0 
1 -0.85090880907905952 -0.079428482278751211 0.98999999999999999 0 0 1 1 0 -0 -0 1 0 
1 0.96536214504962425 0.075713379644559667 0.98999999999999977 0 0 -1 -1 0 -0 0 1 0 
1 0.54648106471285784 -0.10451809309644688 0.98999999999999999 9.4385557538243229e-14 1.3038745816951341e-13 -1 0 1 1.3038745816951341e-13 1 -1.2306692935323891e-26 9.4385557538243229e-14 
1 0.14822737592978219 0.17209613807066015 0.98999999999999999 1.3729328557497461e-13 8.2607667503721714e-14 1 1 0 -1.3729328557497461e-13 -1.1341478085271015e-26 1 -8.2607667503721714e-14 
1 0 0 0.98999999999999999 -0 0 -1 -1 0 0 0 1 0 
1 -0.59829086427973877 -0.098635874758741235 0.99000000000000021 0 0 1 1 0 -0 -0 1 0 
9 0 0 0 0 3 1 19 2 17 2 -0.32125244235039457 0.047709052325938181 0.98999999999999999  -0.32125244235039457 0.047709052325938181 1  
-0.32133472083448672 0.05398910961334373 0.98999999999999999  -0.32133472083448672 0.05398910961334373 1  
-0.3214949601725372 0.066219673092437994 0.98999999999999977  -0.3214949601725372 0.066219673092437994 0.99999999999999978  
-0.32331844568029955 0.084017684643120497 0.98999999999999999  -0.32331844568029955 0.084017684643120497 1  
-0.32609708949800492 0.100730510810553 0.99000000000000044  -0.32609708949800492 0.100730510810553 1.0000000000000004  
-0.32991591656176505 0.11637574290851606 0.98999999999999999  -0.32991591656176505 0.11637574290851606 1  
-0.33508118884281785 0.13083994515920536 0.99000000000000021  -0.33508118884281785 0.13083994515920536 1.0000000000000002  
-0.34121296346628843 0.14426341733300757 0.98999999999999999  -0.34121296346628843 0.14426341733300757 1  
-0.3485869635267641 0.15655084164992603 0.99000000000000021  -0.3485869635267641 0.15655084164992603 1.0000000000000002  
-0.35704525304308937 0.16769702436511649 0.98999999999999999  -0.35704525304308937 0.16769702436511649 1  
-0.36648814032188809 0.17761024478118598 0.98999999999999977  -0.36648814032188809 0.17761024478118598 0.99999999999999978  
-0.37682012341426724 0.18624991504860183 0.98999999999999999  -0.37682012341426724 0.18624991504860183 1  
-0.38797218118659604 0.19361082184777983 0.99000000000000021  -0.38797218118659604 0.19361082184777983 1.0000000000000002  
-0.40001233038690132 0.19957044138605384 0.98999999999999999  -0.40001233038690132 0.19957044138605384 1  
-0.41288232059594476 0.20417804426508482 0.98999999999999977  -0.41288232059594476 0.20417804426508482 0.99999999999999978  
-0.42656052940171252 0.20740778465152088 0.99000000000000021  -0.42656052940171252 0.20740778465152088 1.0000000000000002  
-0.44108470558759083 0.20944839362941209 0.98999999999999999  -0.44108470558759083 0.20944839362941209 1  
-0.45104726461953004 0.20969921159561794 0.98999999999999999  -0.45104726461953004 0.20969921159561794 1  
-0.45616097893576041 0.20982795476496255 0.98999999999999999  -0.45616097893576041 0.20982795476496255 1  

0 4
0.078823679906267444 1
0.15351102332821034 1
0.22436120637511081 1
0.29143919872762175 1
0.3554056791366248 1
0.41691984670657289 1
0.47644148217115628 1
0.53494662534553794 1
0.59225594757418598 1
0.64796622723174091 1
0.70370572429246225 1
0.75962839409402882 1
0.8162347051269695 1
0.87495945873844894 1
0.93581753403835033 1
1 4

0 2
1 2

9 0 0 0 0 3 1 19 2 17 2 -0.45951463747234578 -0.11212326474723258 0.98999999999999999  -0.45951463747234578 -0.11212326474723258 1.0000000000000002  
-0.45427445452087978 -0.11199208572018557 0.98999999999999999  -0.45427445452087978 -0.11199208572018557 1.0000000000000002  
-0.44403477543670877 -0.1117357528493725 0.98999999999999999  -0.44403477543670877 -0.1117357528493725 1.0000000000000002  
-0.4291259982307265 -0.10972221261576041 0.98999999999999999  -0.4291259982307265 -0.10972221261576041 1.0000000000000002  
-0.41507808575143018 -0.10645593794861324 0.99000000000000021  -0.41507808575143018 -0.10645593794861324 1.0000000000000004  
-0.40186625823684774 -0.10188760352350648 0.98999999999999999  -0.40186625823684774 -0.10188760352350648 1.0000000000000002  
-0.389540153153493 -0.095918290165290715 0.99000000000000021  -0.389540153153493 -0.095918290165290715 1.0000000000000004  
-0.37809437156091896 -0.088610797580894948 0.98999999999999999  -0.37809437156091896 -0.088610797580894948 1.0000000000000002  
-0.36751846771066765 -0.080034606867217625 0.99000000000000044  -0.36751846771066765 -0.080034606867217625 1.0000000000000007  
-0.35788622586096741 -0.070153761514761021 0.98999999999999977  -0.35788622586096741 -0.070153761514761021 1  
-0.34928272033462532 -0.059063266081347647 0.98999999999999977  -0.34928272033462532 -0.059063266081347647 1  
-0.34170453494729669 -0.046926367775627295 0.99000000000000044  -0.34170453494729669 -0.046926367775627295 1.0000000000000007  
-0.33536433997684262 -0.033697175808860114 0.98999999999999999  -0.33536433997684262 -0.033697175808860114 1.0000000000000002  
-0.33018083216611421 -0.019448157672262417 0.98999999999999977  -0.33018083216611421 -0.019448157672262417 1  
-0.32616271777574635 -0.0041362238624281025 0.98999999999999999  -0.32616271777574635 -0.0041362238624281025 1.0000000000000002  
-0.32327297175250219 0.012226015305931313 0.98999999999999977  -0.32327297175250219 0.012226015305931313 1  
-0.32162384716208481 0.029636527987529422 0.99000000000000021  -0.32162384716208481 0.029636527987529422 1.0000000000000004  
-0.32137834532412113 0.041582625081776535 0.98999999999999999  -0.32137834532412113 0.041582625081776535 1.0000000000000002  
-0.32125244235039457 0.047709052325938181 0.98999999999999999  -0.32125244235039457 0.047709052325938181 1.0000000000000002  

0 4
0.065639884264478462 1
0.12826486331022929 1
0.18810705394250404 1
0.24609675466812506 1
0.30304697594563806 1
0.359299845023828 1
0.41587784156166041 1
0.47328178602336168 1
0.53180205316050932 1
0.59142709162227713 1
0.65222270484779143 1
0.71526620176683686 1
0.78113110249549256 1
0.85032080201867499 1
0.92323863524944449 1
1 4

0 2
1 2

9 0 0 0 0 3 1 19 2 17 2 -0.59442317405771172 0.048471247447889408 0.99000000000000021  -0.59442317405771172 0.048471247447889408 1.0000000000000009  
-0.59430732693450594 0.042546720972076825 0.99000000000000021  -0.59430732693450594 0.042546720972076825 1.0000000000000009  
-0.59408107066363147 0.030975770999219186 0.99000000000000021  -0.59408107066363147 0.030975770999219186 1.0000000000000009  
-0.5922824299567635 0.014087340769676323 0.99000000000000021  -0.5922824299567635 0.014087340769676323 1.0000000000000009  
-0.58946057693747056 -0.0019175370837882923 0.98999999999999999  -0.58946057693747056 -0.0019175370837882923 1.0000000000000007  
-0.58526659790945179 -0.016978726467058131 0.98999999999999977  -0.58526659790945179 -0.016978726467058131 1.0000000000000004  
-0.58019735808209472 -0.031249554494245074 0.99000000000000021  -0.58019735808209472 -0.031249554494245074 1.0000000000000009  
-0.57358996922057293 -0.044469033283522426 0.99000000000000021  -0.57358996922057293 -0.044469033283522426 1.0000000000000009  
-0.56608229070321436 -0.056925569241129743 0.98999999999999955  -0.56608229070321436 -0.056925569241129743 1.0000000000000002  
-0.55730586372766489 -0.068295134396819071 0.98999999999999999  -0.55730586372766489 -0.068295134396819071 1.0000000000000007  
-0.54767332062261542 -0.078608733664969413 0.98999999999999999  -0.54767332062261542 -0.078608733664969413 1.0000000000000007  
-0.53717890445608663 -0.087564913216998816 0.99000000000000021  -0.53717890445608663 -0.087564913216998816 1.0000000000000009  
-0.52597859827072324 -0.09519957612944184 0.98999999999999999  -0.52597859827072324 -0.09519957612944184 1.0000000000000007  
-0.51403703692334024 -0.10136812394554677 0.98999999999999999  -0.51403703692334024 -0.10136812394554677 1.0000000000000007  
-0.50141839794861465 -0.10623694746040932 0.99000000000000021  -0.50141839794861465 -0.10623694746040932 1.0000000000000009  
-0.48808941826561325 -0.10963183833236448 0.98999999999999999  -0.48808941826561325 -0.10963183833236448 1.0000000000000007  
-0.4740390711515835 -0.11175440964133435 0.99000000000000021  -0.4740390711515835 -0.11175440964133435 1.0000000000000009  
-0.46442583673696269 -0.11199854243689378 0.99000000000000021  -0.46442583673696269 -0.11199854243689378 1.0000000000000009  
-0.45951463747234578 -0.11212326474723258 0.98999999999999999  -0.45951463747234578 -0.11212326474723258 1.0000000000000007  

0 4
0.075376535614279955 1
0.14721482405064806 1
0.21589525640711368 1
0.28193761662880845 1
0.34596683609296824 1
0.40828680118356125 1
0.46966963409862955 1
0.5307793875761978 1
0.59070508107431285 1
0.64895365416571293 1
0.70598626760042094 1
0.76281691055087686 1
0.81961811614990598 1
0.87772564371369022 1
0.93753260320361331 1
0.99999999999999989 4

0 2
1 2

9 0 0 0 0 3 1 19 2 17 2 -0.45616097893576041 0.20982795476496255 0.98999999999999999  -0.45616097893576041 0.20982795476496255 1.0000000000000007  
-0.46120016021727023 0.20971155588985299 0.98999999999999999  -0.46120016021727023 0.20971155588985299 1.0000000000000007  
-0.47107180478792626 0.20948353307040768 0.98999999999999999  -0.47107180478792626 0.20948353307040768 1.0000000000000007  
-0.48546391525354016 0.20724413626353955 0.99000000000000021  -0.48546391525354016 0.20724413626353955 1.0000000000000009  
-0.49915709161734345 0.20386361641500561 0.98999999999999999  -0.49915709161734345 0.20386361641500561 1.0000000000000007  
-0.51211774597582516 0.19897340184740092 0.99000000000000044  -0.51211774597582516 0.19897340184740092 1.0000000000000011  
-0.52428361517128796 0.19255610848933499 0.98999999999999977  -0.52428361517128796 0.19255610848933499 1.0000000000000004  
-0.53582413784528793 0.18492850335070479 0.99000000000000044  -0.53582413784528793 0.18492850335070479 1.0000000000000011  
-0.54652082459121465 0.17577172863226923 0.98999999999999999  -0.54652082459121465 0.17577172863226923 1.0000000000000007  
-0.55639674231607816 0.1653229199116345 0.99000000000000021  -0.55639674231607816 0.1653229199116345 1.0000000000000009  
-0.56535839208951444 0.15380080219910958 0.98999999999999999  -0.56535839208951444 0.15380080219910958 1.0000000000000007  
-0.5731644986319423 0.14130912433779835 0.98999999999999977  -0.5731644986319423 0.14130912433779835 1.0000000000000004  
-0.5797665765540998 0.12796113681532506 0.99000000000000021  -0.5797665765540998 0.12796113681532506 1.0000000000000009  
-0.58507397366922065 0.11371787075202426 0.98999999999999977  -0.58507397366922065 0.11371787075202426 1.0000000000000004  
-0.58927092758283761 0.098621503146011633 0.99000000000000021  -0.58927092758283761 0.098621503146011633 1.0000000000000009  
-0.59232740158069819 0.082670349991765354 0.98999999999999977  -0.59232740158069819 0.082670349991765354 1.0000000000000004  
-0.59406542341444701 0.065837276378188078 0.99000000000000044  -0.59406542341444701 0.065837276378188078 1.0000000000000011  
-0.59430218964150128 0.054344105852421339 0.98999999999999999  -0.59430218964150128 0.054344105852421339 1.0000000000000007  
-0.59442317405771172 0.048471247447889401 0.98999999999999999  -0.59442317405771172 0.048471247447889401 1.0000000000000007  

0 4
0.063282943207204928 1
0.12396988475464467 1
0.18258994024729089 1
0.24028802985101136 1
0.29755428990672317 1
0.355113519331545 1
0.41377877148124653 1
0.47407897217794243 1
0.53551716296165308 1
0.59690970779874075 1
0.65887986950472588 1
0.72233253168409883 1
0.78763626150832655 1
0.85557716147603347 1
0.92620183620087271 1
1 4

0 2
1 2

1 0 0 1 0 0 -1 -1 0 -0 0 1 0 
1 0 -2.5010000000000003 0 0 -1 0 0 -0 -1 1 0 0 
1 0 -2.5010000000000003 0 0 -1 0 0 -0 -1 1 0 0 
1 0 0 0.01 -0 0 1 1 0 0 0 1 -0 
1 -0.29866940969931793 -0.018454973934195183 0.01 0 -1 0 0 -0 -1 1 0 0 
1 -0.32850934872370818 0.06508161143165847 0.01 0.94172247029714362 0.33639082766544848 -0 -0.33639082766544848 0.94172247029714362 0 0 0 1 
9 0 0 0 0 3 1 7 2 5 2 -0.33171056823590322 0.079106001675560922 0.01  -0.33171056823590322 0.079106001675560922 6.7762635780344027e-18  
-0.33147735174141191 0.077681823217916737 0.01  -0.33147735174141191 0.077681823217916737 6.7762635780344027e-18  
-0.33103678639622913 0.074991431720682761 0.01  -0.33103678639622913 0.074991431720682761 6.7762635780344027e-18  
-0.33029308875466801 0.071221636229238203 0.01  -0.33029308875466801 0.071221636229238203 6.7762635780344027e-18  
-0.32946506063683983 0.067963673984564016 0.01  -0.32946506063683983 0.067963673984564016 6.7762635780344027e-18  
-0.32881163350966974 0.065993187033010908 0.01  -0.32881163350966974 0.065993187033010908 6.7762635780344027e-18  
-0.32850934872370818 0.06508161143165847 0.01  -0.32850934872370818 0.06508161143165847 6.7762635780344027e-18  

0 4
0.30054111315850784 1
0.56774714648359859 1
0.80003361373697957 1
1 4

0 2
1 2

1 -0.33235843408956184 0.079106001675560922 0.01 0 1 0 0 -0 1 1 0 -0 
9 0 0 0 0 3 1 7 2 5 2 -0.33544532433346425 0.06508161143165847 0.01  -0.33544532433346425 0.06508161143165847 6.7762635780344027e-18  
-0.3351957433087861 0.065879578322280571 0.01  -0.3351957433087861 0.065879578322280571 6.7762635780344027e-18  
-0.33462602992823332 0.067701080639660946 0.01  -0.33462602992823332 0.067701080639660946 6.7762635780344027e-18  
-0.33387946833438381 0.070844892554432104 0.01  -0.33387946833438381 0.070844892554432104 6.7762635780344027e-18  
-0.33314751154490596 0.074731622950274287 0.01  -0.33314751154490596 0.074731622950274287 6.7762635780344027e-18  
-0.33263577329004052 0.077568526881362204 0.01  -0.33263577329004052 0.077568526881362204 6.7762635780344027e-18  
-0.33235843408956184 0.079106001675560922 0.01  -0.33235843408956184 0.079106001675560922 6.7762635780344027e-18  

0 4
0.17448171531705051 1
0.3982857591281122 1
0.67389784739866643 1
1 4

0 2
1 2

1 -0.36555203165053746 -0.018454973934195183 0.01 -0.9407669869669989 0.33905379548536935 0 -0.33905379548536935 -0.9407669869669989 0 0 0 1 
1 0 0 0 0 0 -1 -1 0 -0 0 1 0 
1 -0.19850886380523319 0.077556385663870742 0.01 0 0 -1 -1 0 -0 0 1 0 
9 0 0 0 0 3 1 19 2 17 2 -0.20209928774809829 0.0054398431389755478 0.01  -0.20209928774809829 0.0054398431389755478 6.7762635780344027e-18  
-0.20203373163161609 0.0085040201664821503 0.01  -0.20203373163161609 0.0085040201664821503 6.7762635780344027e-18  
-0.20190633727502186 0.014458595907950424 0.01  -0.20190633727502186 0.014458595907950424 6.7762635780344027e-18  
-0.20091509443474456 0.023094797481387253 0.01  -0.20091509443474456 0.023094797481387253 6.7762635780344027e-18  
-0.1992538974255213 0.031152192508551637 0.01  -0.1992538974255213 0.031152192508551637 6.7762635780344027e-18  
-0.19689213529075938 0.038611941870347298 0.01  -0.19689213529075938 0.038611941870347298 6.7762635780344027e-18  
-0.1938776292187443 0.04550280985986075 0.01  -0.1938776292187443 0.04550280985986075 6.7762635780344027e-18  
-0.19016566291870482 0.051785315545679764 0.01  -0.19016566291870482 0.051785315545679764 6.7762635780344027e-18  
-0.18578500950787169 0.05749025889871387 0.01  -0.18578500950787169 0.05749025889871387 6.7762635780344027e-18  
-0.18073629982261116 0.062552173378265519 0.01  -0.18073629982261116 0.062552173378265519 6.7762635780344027e-18  
-0.17514349485428612 0.067002326736304324 0.01  -0.17514349485428612 0.067002326736304324 6.7762635780344027e-18  
-0.16914409596389415 0.070918680766594452 0.01  -0.16914409596389415 0.070918680766594452 6.7762635780344027e-18  
-0.16268606005850864 0.074207008836754337 0.01  -0.16268606005850864 0.074207008836754337 6.7762635780344027e-18  
-0.1558199736818015 0.076909194043903228 0.01  -0.1558199736818015 0.076909194043903228 6.7762635780344027e-18  
-0.14852259912592986 0.07901770475720292 0.01  -0.14852259912592986 0.07901770475720292 6.7762635780344027e-18  
-0.14081632430607965 0.080481224944620552 0.01  -0.14081632430607965 0.080481224944620552 6.7762635780344027e-18  
-0.13268425613900975 0.081372078900144654 0.01  -0.13268425613900975 0.081372078900144654 6.7762635780344027e-18  
-0.12712702103816675 0.081486427231985958 0.01  -0.12712702103816675 0.081486427231985958 6.7762635780344027e-18  
-0.12427916579687875 0.08154502606580484 0.01  -0.12427916579687875 0.08154502606580484 6.7762635780344027e-18  

0 4
0.074303796442815956 1
0.14439361036441789 1
0.21049949610327967 1
0.27354260650346801 1
0.33382474457907346 1
0.39252967240850267 1
0.45008745459958555 1
0.50782061155578817 1
0.56546491277684674 1
0.62314872233361973 1
0.6812971927909357 1
0.74091349815658081 1
0.80185575219585792 1
0.8652412377209433 1
0.93094165704674403 1
1 4

0 2
1 2

9 0 0 0 0 3 1 19 2 17 2 -0.12317398287004951 -0.074552534909804957 0.01  -0.12317398287004951 -0.074552534909804957 6.7762635780344027e-18  
-0.12618749662436407 -0.074487393126447088 0.01  -0.12618749662436407 -0.074487393126447088 6.7762635780344027e-18  
-0.13206628289324274 -0.074360314024522964 0.01  -0.13206628289324274 -0.074360314024522964 6.7762635780344027e-18  
-0.1406335942021433 -0.073351153701935567 0.01  -0.1406335942021433 -0.073351153701935567 6.7762635780344027e-18  
-0.1486969672305147 -0.071730634798643042 0.01  -0.1486969672305147 -0.071730634798643042 6.7762635780344027e-18  
-0.1562574697565893 -0.069460535833507739 0.01  -0.1562574697565893 -0.069460535833507739 6.7762635780344027e-18  
-0.16328234715288831 -0.06645141169168281 0.01  -0.16328234715288831 -0.06645141169168281 6.7762635780344027e-18  
-0.16982826973841089 -0.062840291996423325 0.01  -0.16982826973841089 -0.062840291996423325 6.7762635780344027e-18  
-0.17585027612208942 -0.058543128153910037 0.01  -0.17585027612208942 -0.058543128153910037 6.7762635780344027e-18  
-0.18132395509262267 -0.053608116011486996 0.01  -0.18132395509262267 -0.053608116011486996 6.7762635780344027e-18  
-0.18620290387118307 -0.048059829867746477 0.01  -0.18620290387118307 -0.048059829867746477 6.7762635780344027e-18  
-0.19050737704410814 -0.041985061196122317 0.01  -0.19050737704410814 -0.041985061196122317 6.7762635780344027e-18  
-0.19408367907582452 -0.035341202097895492 0.01  -0.19408367907582452 -0.035341202097895492 6.7762635780344027e-18  
-0.19704517711887024 -0.028194144228895133 0.01  -0.19704517711887024 -0.028194144228895133 6.7762635780344027e-18  
-0.19930818088431246 -0.020512392208414523 0.01  -0.19930818088431246 -0.020512392208414523 6.7762635780344027e-18  
-0.20094863635592405 -0.012326719564126939 0.01  -0.20094863635592405 -0.012326719564126939 6.7762635780344027e-18  
-0.20189614996706887 -0.003614431838239467 0.01  -0.20189614996706887 -0.003614431838239467 6.7762635780344027e-18  
-0.20203026454401898 0.0023633348381769631 0.01  -0.20203026454401898 0.0023633348381769631 6.7762635780344027e-18  
-0.20209928774809829 0.0054398431389755478 0.01  -0.20209928774809829 0.0054398431389755478 6.7762635780344027e-18  

0 4
0.070826572555162795 1
0.1381690332797996 1
0.20247533153384231 1
0.26397375441351939 1
0.32338032059803723 1
0.38179762271318524 1
0.43939007451938883 1
0.49690272454599715 1
0.55466216960936987 1
0.61274187849219708 1
0.67153883639117218 1
0.73165572209019791 1
0.79429781161395296 1
0.85948220497935834 1
0.92768132545278981 1
1 4

0 2
1 2

1 -0.094782214577366575 -0.074552534909804957 0.01 0 -1 0 0 -0 -1 1 0 0 
1 -0.094782214577366575 0.08154502606580484 0.01 1 0 -0 -0 0 -1 0 1 0 
1 -0.12427916579687875 0.08154502606580484 0.01 0 1 0 0 -0 1 1 0 -0 
1 0 0 0 0 0 -1 -1 0 -0 0 1 0 
1 0 0 0.01 -0 0 1 1 0 0 0 1 -0 
1 0.14405051609166775 -0.096168245522983045 0.01 0 0 -1 -1 0 -0 0 1 0 
1 0 0 0.01 -0 0 1 1 0 0 0 1 -0 
1 2.3100000000000174 -1.6499999999999797 0.17999999999999997 3.3559560672824453e-15 -1 0 1 3.3559560672824453e-15 0 -0 0 1 
1 2.3100000000000174 -1.7499999999999796 -0.020000000000000052 0 0 -1 3.4914813388431334e-15 -1 0 -1 -3.4914813388431334e-15 -0 
2 2.3100000000000174 -1.7499999999999796 0.17999999999999997 0 0 -1 4.3368086899420154e-15 -1 0 -1 -4.3368086899420154e-15 -0 0.10000000000000005
1 2.3100000000000174 -1.7499999999999796 0.17999999999999997 0 0 -1 3.4914813388431334e-15 -1 0 -1 -3.4914813388431334e-15 -0 
1 2.510000000000018 -1.8499999999999788 0.17999999999999997 -1 -3.6270066104038214e-15 0 3.6270066104038214e-15 -1 0 0 0 1 
1 2.3100000000000178 -1.8499999999999797 0.17999999999999997 -3.8980571535251975e-15 1 0 -1 -3.8980571535251975e-15 0 0 0 1 
1 1.8500000000000014 -2.3100000000000001 0.17999999999999997 -1 1.3552527156068808e-16 0 -1.3552527156068808e-16 -1 0 0 0 1 
1 1.7500000000000013 -2.3100000000000001 -0.020000000000000052 -0 0 -1 -1 0 0 0 1 0 
2 1.7500000000000013 -2.3100000000000001 0.17999999999999997 -0 -0 -1 -1 0 0 0 1 -0 0.10000000000000005
1 1.7500000000000013 -2.3100000000000001 0.17999999999999997 -0 0 -1 -1 0 0 0 1 0 
1 1.6500000000000012 -2.5100000000000002 0.17999999999999997 -1.3552527156068805e-16 1 0 -1 -1.3552527156068805e-16 0 0 0 1 
1 1.6500000000000012 -2.3100000000000001 0.17999999999999997 1 4.0657581468206426e-16 -0 -4.0657581468206426e-16 1 0 0 0 1 
1 2.310000000000008 -1.1499999999999921 0.17999999999999997 3.3559560672824453e-15 -1 0 1 3.3559560672824453e-15 0 -0 0 1 
1 2.310000000000008 -1.2499999999999922 -0.020000000000000052 0 0 -1 3.4914813388431334e-15 -1 0 -1 -3.4914813388431334e-15 -0 
2 2.310000000000008 -1.2499999999999922 0.17999999999999997 0 0 -1 4.3368086899420154e-15 -1 0 -1 -4.3368086899420154e-15 -0 0.10000000000000005
1 2.310000000000008 -1.2499999999999922 0.17999999999999997 0 0 -1 3.4914813388431334e-15 -1 0 -1 -3.4914813388431334e-15 -0 
1 2.5100000000000087 -1.3499999999999914 0.17999999999999997 -1 -3.6270066104038214e-15 0 3.6270066104038214e-15 -1 0 0 0 1 
1 2.3100000000000085 -1.3499999999999923 0.17999999999999997 -3.8980571535251975e-15 1 0 -1 -3.8980571535251975e-15 0 0 0 1 
1 2.3100000000000143 -0.64999999999998403 0.17999999999999997 3.3559560672824453e-15 -1 0 1 3.3559560672824453e-15 0 -0 0 1 
1 2.3100000000000143 -0.74999999999998412 -0.020000000000000052 0 0 -1 3.4914813388431334e-15 -1 0 -1 -3.4914813388431334e-15 -0 
2 2.3100000000000143 -0.74999999999998412 0.17999999999999997 0 0 -1 4.3368086899420154e-15 -1 0 -1 -4.3368086899420154e-15 -0 0.10000000000000005
1 2.3100000000000143 -0.74999999999998412 0.17999999999999997 0 0 -1 3.4914813388431334e-15 -1 0 -1 -3.4914813388431334e-15 -0 
1 2.5100000000000149 -0.84999999999998332 0.17999999999999997 -1 -3.6270066104038214e-15 0 3.6270066104038214e-15 -1 0 0 0 1 
1 2.3100000000000147 -0.84999999999998421 0.17999999999999997 -3.8980571535251975e-15 1 0 -1 -3.8980571535251975e-15 0 0 0 1 
1 2.310000000000008 -0.14999999999999211 0.17999999999999997 3.3559560672824453e-15 -1 0 1 3.3559560672824453e-15 0 -0 0 1 
1 2.310000000000008 -0.24999999999999215 -0.020000000000000052 0 0 -1 3.4914813388431334e-15 -1 0 -1 -3.4914813388431334e-15 -0 
2 2.310000000000008 -0.24999999999999215 0.17999999999999997 0 0 -1 4.3368086899420154e-15 -1 0 -1 -4.3368086899420154e-15 -0 0.10000000000000005
1 2.310000000000008 -0.24999999999999215 0.17999999999999997 0 0 -1 3.4914813388431334e-15 -1 0 -1 -3.4914813388431334e-15 -0 
1 2.5100000000000087 -0.34999999999999143 0.17999999999999997 -1 -3.6270066104038214e-15 0 3.6270066104038214e-15 -1 0 0 0 1 
1 2.3100000000000085 -0.34999999999999221 0.17999999999999997 -3.8980571535251975e-15 1 0 -1 -3.8980571535251975e-15 0 0 0 1 
1 2.310000000000008 0.35000000000000792 0.17999999999999997 3.3559560672824453e-15 -1 0 1 3.3559560672824453e-15 0 -0 0 1 
1 2.310000000000008 0.25000000000000788 -0.020000000000000052 0 0 -1 3.4914813388431334e-15 -1 0 -1 -3.4914813388431334e-15 -0 
2 2.310000000000008 0.25000000000000788 0.17999999999999997 0 0 -1 4.3368086899420154e-15 -1 0 -1 -4.3368086899420154e-15 -0 0.10000000000000005
1 2.310000000000008 0.25000000000000788 0.17999999999999997 0 0 -1 3.4914813388431334e-15 -1 0 -1 -3.4914813388431334e-15 -0 
1 2.5100000000000087 0.15000000000000857 0.17999999999999997 -1 -3.6270066104038214e-15 0 3.6270066104038214e-15 -1 0 0 0 1 
1 2.3100000000000085 0.15000000000000782 0.17999999999999997 -3.8980571535251975e-15 1 0 -1 -3.8980571535251975e-15 0 0 0 1 
1 2.310000000000008 0.85000000000000797 0.17999999999999997 3.3559560672824453e-15 -1 0 1 3.3559560672824453e-15 0 -0 0 1 
1 2.310000000000008 0.75000000000000788 -0.020000000000000052 0 0 -1 3.4914813388431334e-15 -1 0 -1 -3.4914813388431334e-15 -0 
2 2.310000000000008 0.75000000000000788 0.17999999999999997 0 0 -1 4.3368086899420154e-15 -1 0 -1 -4.3368086899420154e-15 -0 0.10000000000000005
1 2.310000000000008 0.75000000000000788 0.17999999999999997 0 0 -1 3.4914813388431334e-15 -1 0 -1 -3.4914813388431334e-15 -0 
1 2.5100000000000087 0.65000000000000868 0.17999999999999997 -1 -3.6270066104038214e-15 0 3.6270066104038214e-15 -1 0 0 0 1 
1 2.3100000000000085 0.65000000000000779 0.17999999999999997 -3.8980571535251975e-15 1 0 -1 -3.8980571535251975e-15 0 0 0 1 
1 2.310000000000008 1.3500000000000079 0.17999999999999997 3.3559560672824453e-15 -1 0 1 3.3559560672824453e-15 0 -0 0 1 
1 2.310000000000008 1.2500000000000078 -0.020000000000000052 0 0 -1 3.4914813388431334e-15 -1 0 -1 -3.4914813388431334e-15 -0 
2 2.310000000000008 1.2500000000000078 0.17999999999999997 0 0 -1 4.3368086899420154e-15 -1 0 -1 -4.3368086899420154e-15 -0 0.10000000000000005
1 2.310000000000008 1.2500000000000078 0.17999999999999997 0 0 -1 3.4914813388431334e-15 -1 0 -1 -3.4914813388431334e-15 -0 
1 2.5100000000000087 1.1500000000000086 0.17999999999999997 -1 -3.6270066104038214e-15 0 3.6270066104038214e-15 -1 0 0 0 1 
1 2.3100000000000085 1.1500000000000077 0.17999999999999997 -3.8980571535251975e-15 1 0 -1 -3.8980571535251975e-15 0 0 0 1 
1 2.310000000000008 1.8500000000000079 0.17999999999999997 3.3559560672824453e-15 -1 0 1 3.3559560672824453e-15 0 -0 0 1 
1 2.310000000000008 1.7500000000000078 -0.020000000000000052 0 0 -1 3.4914813388431334e-15 -1 0 -1 -3.4914813388431334e-15 -0 
2 2.310000000000008 1.7500000000000078 0.17999999999999997 0 0 -1 4.3368086899420154e-15 -1 0 -1 -4.3368086899420154e-15 -0 0.10000000000000005
1 2.310000000000008 1.7500000000000078 0.17999999999999997 0 0 -1 3.4914813388431334e-15 -1 0 -1 -3.4914813388431334e-15 -0 
1 2.5100000000000087 1.6500000000000086 0.17999999999999997 -1 -3.6270066104038214e-15 0 3.6270066104038214e-15 -1 0 0 0 1 
1 2.3100000000000085 1.6500000000000079 0.17999999999999997 -3.8980571535251975e-15 1 0 -1 -3.8980571535251975e-15 0 0 0 1 
1 1.3500000000000014 -2.3100000000000001 0.17999999999999997 -1 1.3552527156068808e-16 0 -1.3552527156068808e-16 -1 0 0 0 1 
1 1.2500000000000013 -2.3100000000000001 -0.020000000000000052 -0 0 -1 -1 0 0 0 1 0 
2 1.2500000000000013 -2.3100000000000001 0.17999999999999997 -0 -0 -1 -1 0 0 0 1 -0 0.10000000000000005
1 1.2500000000000013 -2.3100000000000001 0.17999999999999997 -0 0 -1 -1 0 0 0 1 0 
1 1.1500000000000012 -2.5100000000000002 0.17999999999999997 -1.3552527156068805e-16 1 0 -1 -1.3552527156068805e-16 0 0 0 1 
1 1.1500000000000012 -2.3100000000000001 0.17999999999999997 1 4.0657581468206426e-16 -0 -4.0657581468206426e-16 1 0 0 0 1 
1 0.85000000000000131 -2.3100000000000001 0.17999999999999997 -1 1.3552527156068808e-16 0 -1.3552527156068808e-16 -1 0 0 0 1 
1 0.75000000000000133 -2.3100000000000001 -0.020000000000000052 -0 0 -1 -1 0 0 0 1 0 
2 0.75000000000000133 -2.3100000000000001 0.17999999999999997 -0 -0 -1 -1 0 0 0 1 -0 0.10000000000000005
1 0.75000000000000133 -2.3100000000000001 0.17999999999999997 -0 0 -1 -1 0 0 0 1 0 
1 0.65000000000000135 -2.5100000000000002 0.17999999999999997 -1.3552527156068805e-16 1 0 -1 -1.3552527156068805e-16 0 0 0 1 
1 0.65000000000000124 -2.3100000000000001 0.17999999999999997 1 4.0657581468206426e-16 -0 -4.0657581468206426e-16 1 0 0 0 1 
1 0.35000000000000137 -2.3100000000000001 0.17999999999999997 -1 1.3552527156068808e-16 0 -1.3552527156068808e-16 -1 0 0 0 1 
1 0.25000000000000133 -2.3100000000000001 -0.020000000000000052 -0 0 -1 -1 0 0 0 1 0 
2 0.25000000000000133 -2.3100000000000001 0.17999999999999997 -0 -0 -1 -1 0 0 0 1 -0 0.10000000000000005
1 0.25000000000000133 -2.3100000000000001 0.17999999999999997 -0 0 -1 -1 0 0 0 1 0 
1 0.15000000000000135 -2.5100000000000002 0.17999999999999997 -1.3552527156068805e-16 1 0 -1 -1.3552527156068805e-16 0 0 0 1 
1 0.15000000000000127 -2.3100000000000001 0.17999999999999997 1 4.0657581468206426e-16 -0 -4.0657581468206426e-16 1 0 0 0 1 
1 -0.14999999999999863 -2.3100000000000001 0.17999999999999997 -1 1.3552527156068808e-16 0 -1.3552527156068808e-16 -1 0 0 0 1 
1 -0.2499999999999987 -2.3100000000000001 -0.020000000000000052 -0 0 -1 -1 0 0 0 1 0 
2 -0.2499999999999987 -2.3100000000000001 0.17999999999999997 -0 -0 -1 -1 0 0 0 1 -0 0.10000000000000005
1 -0.2499999999999987 -2.3100000000000001 0.17999999999999997 -0 0 -1 -1 0 0 0 1 0 
1 -0.34999999999999865 -2.5100000000000002 0.17999999999999997 -1.3552527156068805e-16 1 0 -1 -1.3552527156068805e-16 0 0 0 1 
1 -0.34999999999999876 -2.3100000000000001 0.17999999999999997 1 4.0657581468206426e-16 -0 -4.0657581468206426e-16 1 0 0 0 1 
1 -0.64999999999999869 -2.3100000000000001 0.17999999999999997 -1 1.3552527156068808e-16 0 -1.3552527156068808e-16 -1 0 0 0 1 
1 -0.74999999999999867 -2.3100000000000001 -0.020000000000000052 -0 0 -1 -1 0 0 0 1 0 
2 -0.74999999999999867 -2.3100000000000001 0.17999999999999997 -0 -0 -1 -1 0 0 0 1 -0 0.10000000000000005
1 -0.74999999999999867 -2.3100000000000001 0.17999999999999997 -0 0 -1 -1 0 0 0 1 0 
1 -0.84999999999999865 -2.5100000000000002 0.17999999999999997 -1.3552527156068805e-16 1 0 -1 -1.3552527156068805e-16 0 0 0 1 
1 -0.84999999999999876 -2.3100000000000001 0.17999999999999997 1 4.0657581468206426e-16 -0 -4.0657581468206426e-16 1 0 0 0 1 
1 -1.1499999999999986 -2.3100000000000001 0.17999999999999997 -1 1.3552527156068808e-16 0 -1.3552527156068808e-16 -1 0 0 0 1 
1 -1.2499999999999987 -2.3100000000000001 -0.020000000000000052 -0 0 -1 -1 0 0 0 1 0 
2 -1.2499999999999987 -2.3100000000000001 0.17999999999999997 -0 -0 -1 -1 0 0 0 1 -0 0.10000000000000005
1 -1.2499999999999987 -2.3100000000000001 0.17999999999999997 -0 0 -1 -1 0 0 0 1 0 
1 -1.3499999999999988 -2.5100000000000002 0.17999999999999997 -1.3552527156068805e-16 1 0 -1 -1.3552527156068805e-16 0 0 0 1 
1 -1.3499999999999988 -2.3100000000000001 0.17999999999999997 1 4.0657581468206426e-16 -0 -4.0657581468206426e-16 1 0 0 0 1 
1 -1.6499999999999986 -2.3100000000000001 0.17999999999999997 -1 1.3552527156068808e-16 0 -1.3552527156068808e-16 -1 0 0 0 1 
1 -1.7499999999999987 -2.3100000000000001 -0.020000000000000052 -0 0 -1 -1 0 0 0 1 0 
2 -1.7499999999999987 -2.3100000000000001 0.17999999999999997 -0 -0 -1 -1 0 0 0 1 -0 0.10000000000000005
1 -1.7499999999999987 -2.3100000000000001 0.17999999999999997 -0 0 -1 -1 0 0 0 1 0 
1 -1.8499999999999988 -2.5100000000000002 0.17999999999999997 -1.3552527156068805e-16 1 0 -1 -1.3552527156068805e-16 0 0 0 1 
1 -1.8499999999999988 -2.3100000000000001 0.17999999999999997 1 4.0657581468206426e-16 -0 -4.0657581468206426e-16 1 0 0 0 1 
1 -2.3100000000000178 -1.6499999999999797 -0.020000000000000052 -3.3559560672824453e-15 -1 0 -1 3.3559560672824453e-15 0 -0 0 -1 
1 -2.3100000000000178 -1.7499999999999796 0.17999999999999997 0 0 1 -3.4914813388431334e-15 -1 0 1 -3.4914813388431334e-15 0 
2 -2.3100000000000178 -1.7499999999999796 -0.020000000000000052 -0 0 1 -4.3368086899420154e-15 -1 0 1 -4.3368086899420154e-15 0 0.10000000000000005
1 -2.3100000000000178 -1.7499999999999796 -0.020000000000000052 0 0 1 -3.4914813388431334e-15 -1 0 1 -3.4914813388431334e-15 0 
1 -2.5100000000000184 -1.8499999999999788 -0.020000000000000052 1 -3.6270066104038214e-15 0 -3.6270066104038214e-15 -1 0 0 -0 -1 
1 -2.3100000000000183 -1.8499999999999797 -0.020000000000000052 3.8980571535251975e-15 1 0 1 -3.8980571535251975e-15 0 0 0 -1 
1 -2.310000000000008 -1.1499999999999921 -0.020000000000000052 -3.3559560672824453e-15 -1 0 -1 3.3559560672824453e-15 0 -0 0 -1 
1 -2.310000000000008 -1.2499999999999922 0.17999999999999997 0 0 1 -3.4914813388431334e-15 -1 0 1 -3.4914813388431334e-15 0 
2 -2.310000000000008 -1.2499999999999922 -0.020000000000000052 -0 0 1 -4.3368086899420154e-15 -1 0 1 -4.3368086899420154e-15 0 0.10000000000000005
1 -2.310000000000008 -1.2499999999999922 -0.020000000000000052 0 0 1 -3.4914813388431334e-15 -1 0 1 -3.4914813388431334e-15 0 
1 -2.5100000000000087 -1.3499999999999914 -0.020000000000000052 1 -3.6270066104038214e-15 0 -3.6270066104038214e-15 -1 0 0 -0 -1 
1 -2.3100000000000085 -1.3499999999999923 -0.020000000000000052 3.8980571535251975e-15 1 0 1 -3.8980571535251975e-15 0 0 0 -1 
1 -2.3100000000000143 -0.64999999999998403 -0.020000000000000052 -3.3559560672824453e-15 -1 0 -1 3.3559560672824453e-15 0 -0 0 -1 
1 -2.3100000000000143 -0.74999999999998412 0.17999999999999997 0 0 1 -3.4914813388431334e-15 -1 0 1 -3.4914813388431334e-15 0 
2 -2.3100000000000143 -0.74999999999998412 -0.020000000000000052 -0 0 1 -4.3368086899420154e-15 -1 0 1 -4.3368086899420154e-15 0 0.10000000000000005
1 -2.3100000000000143 -0.74999999999998412 -0.020000000000000052 0 0 1 -3.4914813388431334e-15 -1 0 1 -3.4914813388431334e-15 0 
1 -2.5100000000000149 -0.84999999999998332 -0.020000000000000052 1 -3.6270066104038214e-15 0 -3.6270066104038214e-15 -1 0 0 -0 -1 
1 -2.3100000000000147 -0.84999999999998421 -0.020000000000000052 3.8980571535251975e-15 1 0 1 -3.8980571535251975e-15 0 0 0 -1 
1 -2.310000000000008 -0.14999999999999211 -0.020000000000000052 -3.3559560672824453e-15 -1 0 -1 3.3559560672824453e-15 0 -0 0 -1 
1 -2.310000000000008 -0.24999999999999215 0.17999999999999997 0 0 1 -3.4914813388431334e-15 -1 0 1 -3.4914813388431334e-15 0 
2 -2.310000000000008 -0.24999999999999215 -0.020000000000000052 -0 0 1 -4.3368086899420154e-15 -1 0 1 -4.3368086899420154e-15 0 0.10000000000000005
1 -2.310000000000008 -0.24999999999999215 -0.020000000000000052 0 0 1 -3.4914813388431334e-15 -1 0 1 -3.4914813388431334e-15 0 
1 -2.5100000000000087 -0.34999999999999143 -0.020000000000000052 1 -3.6270066104038214e-15 0 -3.6270066104038214e-15 -1 0 0 -0 -1 
1 -2.3100000000000085 -0.34999999999999221 -0.020000000000000052 3.8980571535251975e-15 1 0 1 -3.8980571535251975e-15 0 0 0 -1 
1 -2.310000000000008 0.35000000000000792 -0.020000000000000052 -3.3559560672824453e-15 -1 0 -1 3.3559560672824453e-15 0 -0 0 -1 
1 -2.310000000000008 0.25000000000000788 0.17999999999999997 0 0 1 -3.4914813388431334e-15 -1 0 1 -3.4914813388431334e-15 0 
2 -2.310000000000008 0.25000000000000788 -0.020000000000000052 -0 0 1 -4.3368086899420154e-15 -1 0 1 -4.3368086899420154e-15 0 0.10000000000000005
1 -2.310000000000008 0.25000000000000788 -0.020000000000000052 0 0 1 -3.4914813388431334e-15 -1 0 1 -3.4914813388431334e-15 0 
1 -2.5100000000000087 0.15000000000000857 -0.020000000000000052 1 -3.6270066104038214e-15 0 -3.6270066104038214e-15 -1 0 0 -0 -1 
1 -2.3100000000000085 0.15000000000000782 -0.020000000000000052 3.8980571535251975e-15 1 0 1 -3.8980571535251975e-15 0 0 0 -1 
1 -2.310000000000008 0.85000000000000797 -0.020000000000000052 -3.3559560672824453e-15 -1 0 -1 3.3559560672824453e-15 0 -0 0 -1 
1 -2.310000000000008 0.75000000000000788 0.17999999999999997 0 0 1 -3.4914813388431334e-15 -1 0 1 -3.4914813388431334e-15 0 
2 -2.310000000000008 0.75000000000000788 -0.020000000000000052 -0 0 1 -4.3368086899420154e-15 -1 0 1 -4.3368086899420154e-15 0 0.10000000000000005
1 -2.310000000000008 0.75000000000000788 -0.020000000000000052 0 0 1 -3.4914813388431334e-15 -1 0 1 -3.4914813388431334e-15 0 
1 -2.5100000000000087 0.65000000000000868 -0.020000000000000052 1 -3.6270066104038214e-15 0 -3.6270066104038214e-15 -1 0 0 -0 -1 
1 -2.3100000000000085 0.65000000000000779 -0.020000000000000052 3.8980571535251975e-15 1 0 1 -3.8980571535251975e-15 0 0 0 -1 
1 -2.310000000000008 1.3500000000000079 -0.020000000000000052 -3.3559560672824453e-15 -1 0 -1 3.3559560672824453e-15 0 -0 0 -1 
1 -2.310000000000008 1.2500000000000078 0.17999999999999997 0 0 1 -3.4914813388431334e-15 -1 0 1 -3.4914813388431334e-15 0 
2 -2.310000000000008 1.2500000000000078 -0.020000000000000052 -0 0 1 -4.3368086899420154e-15 -1 0 1 -4.3368086899420154e-15 0 0.10000000000000005
1 -2.310000000000008 1.2500000000000078 -0.020000000000000052 0 0 1 -3.4914813388431334e-15 -1 0 1 -3.4914813388431334e-15 0 
1 -2.5100000000000087 1.1500000000000086 -0.020000000000000052 1 -3.6270066104038214e-15 0 -3.6270066104038214e-15 -1 0 0 -0 -1 
1 -2.3100000000000085 1.1500000000000077 -0.020000000000000052 3.8980571535251975e-15 1 0 1 -3.8980571535251975e-15 0 0 0 -1 
1 -2.310000000000008 1.8500000000000079 -0.020000000000000052 -3.3559560672824453e-15 -1 0 -1 3.3559560672824453e-15 0 -0 0 -1 
1 -2.310000000000008 1.7500000000000078 0.17999999999999997 0 0 1 -3.4914813388431334e-15 -1 0 1 -3.4914813388431334e-15 0 
2 -2.310000000000008 1.7500000000000078 -0.020000000000000052 -0 0 1 -4.3368086899420154e-15 -1 0 1 -4.3368086899420154e-15 0 0.10000000000000005
1 -2.310000000000008 1.7500000000000078 -0.020000000000000052 0 0 1 -3.4914813388431334e-15 -1 0 1 -3.4914813388431334e-15 0 
1 -2.5100000000000087 1.6500000000000086 -0.020000000000000052 1 -3.6270066104038214e-15 0 -3.6270066104038214e-15 -1 0 0 -0 -1 
1 -2.3100000000000085 1.6500000000000079 -0.020000000000000052 3.8980571535251975e-15 1 0 1 -3.8980571535251975e-15 0 0 0 -1 
1 1.8500000000000014 2.3100000000000001 -0.020000000000000052 -1 -1.3552527156068808e-16 0 -1.3552527156068808e-16 1 0 -0 0 -1 
1 1.7500000000000013 2.3100000000000001 0.17999999999999997 0 0 1 -1 0 0 0 -1 0 
2 1.7500000000000013 2.3100000000000001 -0.020000000000000052 -0 0 1 -1 0 -0 -0 -1 0 0.10000000000000005
1 1.7500000000000013 2.3100000000000001 -0.020000000000000052 0 0 1 -1 0 0 0 -1 0 
1 1.6500000000000012 2.5100000000000002 -0.020000000000000052 -1.3552527156068805e-16 -1 0 -1 1.3552527156068805e-16 0 -0 0 -1 
1 1.6500000000000012 2.3100000000000001 -0.020000000000000052 1 -4.0657581468206426e-16 0 -4.0657581468206426e-16 -1 0 0 -0 -1 
1 1.3500000000000014 2.3100000000000001 -0.020000000000000052 -1 -1.3552527156068808e-16 0 -1.3552527156068808e-16 1 0 -0 0 -1 
1 1.2500000000000013 2.3100000000000001 0.17999999999999997 0 0 1 -1 0 0 0 -1 0 
2 1.2500000000000013 2.3100000000000001 -0.020000000000000052 -0 0 1 -1 0 -0 -0 -1 0 0.10000000000000005
1 1.2500000000000013 2.3100000000000001 -0.020000000000000052 0 0 1 -1 0 0 0 -1 0 
1 1.1500000000000012 2.5100000000000002 -0.020000000000000052 -1.3552527156068805e-16 -1 0 -1 1.3552527156068805e-16 0 -0 0 -1 
1 1.1500000000000012 2.3100000000000001 -0.020000000000000052 1 -4.0657581468206426e-16 0 -4.0657581468206426e-16 -1 0 0 -0 -1 
1 0.85000000000000131 2.3100000000000001 -0.020000000000000052 -1 -1.3552527156068808e-16 0 -1.3552527156068808e-16 1 0 -0 0 -1 
1 0.75000000000000133 2.3100000000000001 0.17999999999999997 0 0 1 -1 0 0 0 -1 0 
2 0.75000000000000133 2.3100000000000001 -0.020000000000000052 -0 0 1 -1 0 -0 -0 -1 0 0.10000000000000005
1 0.75000000000000133 2.3100000000000001 -0.020000000000000052 0 0 1 -1 0 0 0 -1 0 
1 0.65000000000000135 2.5100000000000002 -0.020000000000000052 -1.3552527156068805e-16 -1 0 -1 1.3552527156068805e-16 0 -0 0 -1 
1 0.65000000000000124 2.3100000000000001 -0.020000000000000052 1 -4.0657581468206426e-16 0 -4.0657581468206426e-16 -1 0 0 -0 -1 
1 0.35000000000000137 2.3100000000000001 -0.020000000000000052 -1 -1.3552527156068808e-16 0 -1.3552527156068808e-16 1 0 -0 0 -1 
1 0.25000000000000133 2.3100000000000001 0.17999999999999997 0 0 1 -1 0 0 0 -1 0 
2 0.25000000000000133 2.3100000000000001 -0.020000000000000052 -0 0 1 -1 0 -0 -0 -1 0 0.10000000000000005
1 0.25000000000000133 2.3100000000000001 -0.020000000000000052 0 0 1 -1 0 0 0 -1 0 
1 0.15000000000000135 2.5100000000000002 -0.020000000000000052 -1.3552527156068805e-16 -1 0 -1 1.3552527156068805e-16 0 -0 0 -1 
1 0.15000000000000127 2.3100000000000001 -0.020000000000000052 1 -4.0657581468206426e-16 0 -4.0657581468206426e-16 -1 0 0 -0 -1 
1 -0.14999999999999863 2.3100000000000001 -0.020000000000000052 -1 -1.3552527156068808e-16 0 -1.3552527156068808e-16 1 0 -0 0 -1 
1 -0.2499999999999987 2.3100000000000001 0.17999999999999997 0 0 1 -1 0 0 0 -1 0 
2 -0.2499999999999987 2.3100000000000001 -0.020000000000000052 -0 0 1 -1 0 -0 -0 -1 0 0.10000000000000005
1 -0.2499999999999987 2.3100000000000001 -0.020000000000000052 0 0 1 -1 0 0 0 -1 0 
1 -0.34999999999999865 2.5100000000000002 -0.020000000000000052 -1.3552527156068805e-16 -1 0 -1 1.3552527156068805e-16 0 -0 0 -1 
1 -0.34999999999999876 2.3100000000000001 -0.020000000000000052 1 -4.0657581468206426e-16 0 -4.0657581468206426e-16 -1 0 0 -0 -1 
1 -0.64999999999999869 2.3100000000000001 -0.020000000000000052 -1 -1.3552527156068808e-16 0 -1.3552527156068808e-16 1 0 -0 0 -1 
1 -0.74999999999999867 2.3100000000000001 0.17999999999999997 0 0 1 -1 0 0 0 -1 0 
2 -0.74999999999999867 2.3100000000000001 -0.020000000000000052 -0 0 1 -1 0 -0 -0 -1 0 0.10000000000000005
1 -0.74999999999999867 2.3100000000000001 -0.020000000000000052 0 0 1 -1 0 0 0 -1 0 
1 -0.84999999999999865 2.5100000000000002 -0.020000000000000052 -1.3552527156068805e-16 -1 0 -1 1.3552527156068805e-16 0 -0 0 -1 
1 -0.84999999999999876 2.3100000000000001 -0.020000000000000052 1 -4.0657581468206426e-16 0 -4.0657581468206426e-16 -1 0 0 -0 -1 
1 -1.1499999999999986 2.3100000000000001 -0.020000000000000052 -1 -1.3552527156068808e-16 0 -1.3552527156068808e-16 1 0 -0 0 -1 
1 -1.2499999999999987 2.3100000000000001 0.17999999999999997 0 0 1 -1 0 0 0 -1 0 
2 -1.2499999999999987 2.3100000000000001 -0.020000000000000052 -0 0 1 -1 0 -0 -0 -1 0 0.10000000000000005
1 -1.2499999999999987 2.3100000000000001 -0.020000000000000052 0 0 1 -1 0 0 0 -1 0 
1 -1.3499999999999988 2.5100000000000002 -0.020000000000000052 -1.3552527156068805e-16 -1 0 -1 1.3552527156068805e-16 0 -0 0 -1 
1 -1.3499999999999988 2.3100000000000001 -0.020000000000000052 1 -4.0657581468206426e-16 0 -4.0657581468206426e-16 -1 0 0 -0 -1 
1 -1.6499999999999986 2.3100000000000001 -0.020000000000000052 -1 -1.3552527156068808e-16 0 -1.3552527156068808e-16 1 0 -0 0 -1 
1 -1.7499999999999987 2.3100000000000001 0.17999999999999997 0 0 1 -1 0 0 0 -1 0 
2 -1.7499999999999987 2.3100000000000001 -0.020000000000000052 -0 0 1 -1 0 -0 -0 -1 0 0.10000000000000005
1 -1.7499999999999987 2.3100000000000001 -0.020000000000000052 0 0 1 -1 0 0 0 -1 0 
1 -1.8499999999999988 2.5100000000000002 -0.020000000000000052 -1.3552527156068805e-16 -1 0 -1 1.3552527156068805e-16 0 -0 0 -1 
1 -1.8499999999999988 2.3100000000000001 -0.020000000000000052 1 -4.0657581468206426e-16 0 -4.0657581468206426e-16 -1 0 0 -0 -1 
1 1.5942430877456366 -1.9456146994380261 1.0009999999999999 -1 0 0 0 0 1 0 1 -0 
1 0 0 1 -0 0 -1 -1 0 0 0 1 0 
1 1.5537445169048059 -1.9456146994380261 1.0009999999999999 0 -1 0 0 -0 -1 1 0 0 
1 0 0 1.0009999999999999 -0 0 -1 -1 0 0 0 1 0 
1 1.5942430877456366 -1.9572080002049179 1.0009999999999999 0 1 -0 0 0 1 1 -0 0 
1 1.5537445169048059 -1.8555196759892505 1.0009999999999999 -1 0 0 0 0 1 0 1 -0 
1 1.5406175732113592 -1.8555196759892505 1.0009999999999999 0 -1 0 0 -0 -1 1 0 0 
1 1.5406175732113592 -1.9572080002049179 1.0009999999999999 1 0 0 0 0 -1 -0 1 0 
9 0 0 0 0 3 1 4 2 2 2 1.6463869472487733 -1.9589236007669653 1.0010000000000001  1.6463869472487733 -1.9589236007669653 1  
1.657668320640777 -1.9589236007669653 1.0010000000000001  1.657668320640777 -1.9589236007669653 1  
1.6670521358355903 -1.9569480607261351 1.0010000000000001  1.6670521358355903 -1.9569480607261351 1  
1.6745383928332025 -1.9529969806437812 1.0010000000000001  1.6745383928332025 -1.9529969806437812 1  

0 4
1 4

0 2
1 2

9 0 0 0 0 3 1 4 2 2 2 1.6114510812604796 -1.9450428325840106 1.0010000000000001  1.6114510812604796 -1.9450428325840106 1.0000000000000002  
1.6201590538097617 -1.9542966780390827 1.0010000000000001  1.6201590538097617 -1.9542966780390827 1.0000000000000002  
1.6318043424724105 -1.9589236007669653 1.0010000000000001  1.6318043424724105 -1.9589236007669653 1.0000000000000002  
1.6463869472487733 -1.9589236007669653 1.0010000000000001  1.6463869472487733 -1.9589236007669653 1.0000000000000002  

1 4
2 4

0 2
1 2

1 1.6618858386888846 -1.9574419457362562 1.0010000000000001 0 0 1 1 0 -0 -0 1 0 
1 1.6745383928332025 -1.9404159098561278 1.0009999999999999 -1 0 0 0 0 1 0 1 -0 
1 1.6618858386888846 -1.9574419457362562 1.0000000000000002 0 0 1 1 0 -0 -0 1 0 
9 0 0 0 0 3 1 4 2 2 2 1.6745383928332025 -1.940415909856128 1.0010000000000001  1.6745383928332025 -1.940415909856128 1  
1.6671041237313449 -1.9449388567924972 1.0010000000000001  1.6671041237313449 -1.9449388567924972 1  
1.6583441632863092 -1.9472263242085599 1.0010000000000001  1.6583441632863092 -1.9472263242085599 1  
1.6482845054459672 -1.9472263242085599 1.0010000000000001  1.6482845054459672 -1.9472263242085599 1  

12 4
13 4

0 2
1 2

9 0 0 0 0 3 1 4 2 2 2 1.6482845054459672 -1.9472263242085599 1.0010000000000001  1.6482845054459672 -1.9472263242085599 1.0000000000000002  
1.6375230110122236 -1.9472263242085599 1.0010000000000001  1.6375230110122236 -1.9472263242085599 1.0000000000000002  
1.6288150384629418 -1.9436391593971958 1.0010000000000001  1.6288150384629418 -1.9436391593971958 1.0000000000000002  
1.6221605877984726 -1.9365168176702228 1.0010000000000001  1.6221605877984726 -1.9365168176702228 1.0000000000000002  

11 4
12 4

0 2
1 2

9 0 0 0 0 3 1 4 2 2 2 1.6221605877984726 -1.9365168176702228 1.0010000000000001  1.6221605877984726 -1.9365168176702228 1.0000000000000002  
1.6155061371340027 -1.929342488047495 1.0010000000000001  1.6155061371340027 -1.929342488047495 1.0000000000000002  
1.6121789118021133 -1.9196727394256767 1.0010000000000001  1.6121789118021133 -1.9196727394256767 1.0000000000000002  
1.6121789118021133 -1.9075075718047694 1.0010000000000001  1.6121789118021133 -1.9075075718047694 1.0000000000000002  

10 4
11 4

0 2
1 2

9 0 0 0 0 3 1 4 2 2 2 1.6121789118021133 -1.9075075718047694 1.0010000000000001  1.6121789118021133 -1.9075075718047694 1.0000000000000002  
1.6121789118021133 -1.8947185494340895 1.0010000000000001  1.6121789118021133 -1.8947185494340895 1.0000000000000002  
1.6157400826652542 -1.884528921854705 1.0010000000000001  1.6157400826652542 -1.884528921854705 1.0000000000000002  
1.6228624243922249 -1.8769386890652304 1.0010000000000001  1.6228624243922249 -1.8769386890652304 1.0000000000000002  

9 4
10 4

0 2
1 2

9 0 0 0 0 3 1 4 2 2 2 1.6228624243922249 -1.8769386890652304 1.0010000000000001  1.6228624243922249 -1.8769386890652304 1.0000000000000002  
1.6300107600667302 -1.8694004441722056 1.0010000000000001  1.6300107600667302 -1.8694004441722056 1.0000000000000002  
1.6392386115742681 -1.8656573156735714 1.0010000000000001  1.6392386115742681 -1.8656573156735714 1.0000000000000002  
1.6505719728620303 -1.8656573156735714 1.0010000000000001  1.6505719728620303 -1.8656573156735714 1.0000000000000002  

8 4
9 4

0 2
1 2

9 0 0 0 0 3 1 4 2 2 2 1.6505719728620303 -1.8656573156735714 1.0010000000000001  1.6505719728620303 -1.8656573156735714 1.0000000000000002  
1.659279945410965 -1.8656573156735714 1.0010000000000001  1.659279945410965 -1.8656573156735714 1.0000000000000002  
1.667260087418964 -1.8676328557144015 1.0010000000000001  1.667260087418964 -1.8676328557144015 1.0000000000000002  
1.6745383928332025 -1.8716879115875755 1.0010000000000001  1.6745383928332025 -1.8716879115875755 1.0000000000000002  

7 4
8 4

0 2
1 2

1 1.6745383928332025 -1.8579631070925835 1.0009999999999999 -1 0 0 0 0 1 0 1 -0 
9 0 0 0 0 3 1 4 2 2 2 1.6745383928332025 -1.8579631070925835 1.0010000000000001  1.6745383928332025 -1.8579631070925835 1  
1.6681958695436196 -1.8552077486140179 1.0010000000000001  1.6681958695436196 -1.8552077486140179 1  
1.660163739639867 -1.8538040754272032 1.0010000000000001  1.660163739639867 -1.8538040754272032 1  
1.6504420031222928 -1.8538040754272032 1.0010000000000001  1.6504420031222928 -1.8538040754272032 1  

5 4
6 4

0 2
1 2

9 0 0 0 0 3 1 4 2 2 2 1.6504420031222928 -1.8538040754272032 1.0010000000000001  1.6504420031222928 -1.8538040754272032 1.0000000000000002  
1.6353395193880167 -1.8538040754272032 1.0010000000000001  1.6353395193880167 -1.8538040754272032 1.0000000000000002  
1.6228884183401018 -1.8587949134253823 1.0010000000000001  1.6228884183401018 -1.8587949134253823 1.0000000000000002  
1.6130886999785459 -1.8687765894224324 1.0010000000000001  1.6130886999785459 -1.8687765894224324 1.0000000000000002  

4 4
5 4

0 2
1 2

9 0 0 0 0 3 1 4 2 2 2 1.6130886999785459 -1.8687765894224324 1.0010000000000001  1.6130886999785459 -1.8687765894224324 1.0000000000000002  
1.6032889816173355 -1.8787582654187911 1.0010000000000001  1.6032889816173355 -1.8787582654187911 1.0000000000000002  
1.598402119410673 -1.8919112030604599 1.0010000000000001  1.598402119410673 -1.8919112030604599 1.0000000000000002  
1.598402119410673 -1.9082873902425046 1.0010000000000001  1.598402119410673 -1.9082873902425046 1.0000000000000002  

3 4
4 4

0 2
1 2

9 0 0 0 0 3 1 4 2 2 2 1.598402119410673 -1.9082873902425046 1.0010000000000001  1.598402119410673 -1.9082873902425046 1.0000000000000002  
1.598402119410673 -1.9235198437165175 1.0010000000000001  1.598402119410673 -1.9235198437165175 1.0000000000000002  
1.6027431087111979 -1.9357889871289375 1.0010000000000001  1.6027431087111979 -1.9357889871289375 1.0000000000000002  
1.6114510812604796 -1.9450428325840106 1.0010000000000001  1.6114510812604796 -1.9450428325840106 1.0000000000000002  

2 4
3 4

0 2
1 2

1 1.7495829204431146 -1.9456146994380261 1.0009999999999999 -1 0 0 0 0 1 0 1 -0 
1 0 0 1 -0 0 -1 -1 0 0 0 1 0 
1 1.708018597738576 -1.9456146994380261 1.0009999999999999 0 -1 0 0 -0 -1 1 0 0 
1 0 0 1.0009999999999999 -0 0 -1 -1 0 0 0 1 0 
1 1.7495829204431146 -1.9572080002049179 1.0009999999999999 0 1 -0 0 0 1 1 -0 0 
1 1.708018597738576 -1.9114066639913663 1.0009999999999999 -1 0 0 0 0 1 0 1 -0 
1 1.7443841308615615 -1.9114066639913663 1.0009999999999999 0 1 -0 0 0 1 1 -0 0 
1 1.7443841308615615 -1.8997613753287179 1.0009999999999999 -1 0 0 0 0 1 0 1 -0 
1 1.708018597738576 -1.8997613753287179 1.0009999999999999 0 -1 0 0 -0 -1 1 0 0 
1 1.708018597738576 -1.8672169525476559 1.0009999999999999 -1 0 0 0 0 1 0 1 -0 
1 1.7472694590795206 -1.8672169525476559 1.0009999999999999 0 1 -0 0 0 1 1 -0 0 
1 1.7472694590795206 -1.8555196759892505 1.0009999999999999 -1 0 0 0 0 1 0 1 -0 
1 1.6948916540451335 -1.8555196759892505 1.0009999999999999 0 -1 0 0 -0 -1 1 0 0 
1 1.6948916540451335 -1.9572080002049179 1.0009999999999999 1 0 0 0 0 -1 -0 1 0 
1 1.8189737643836035 -1.8588793937562467 1.0010000000000001 -0 0 1 1 0 0 0 1 -0 
1 1.7967619358962954 -1.9572080002049179 1.0009999999999999 0 1 -0 0 0 1 1 -0 0 
9 0 0 0 0 3 1 4 2 2 2 1.7967619358962958 -1.9572080002049179 1.0010000000000001  1.7967619358962958 -1.9572080002049179 1.0000000000000002  
1.812852189650987 -1.9572080002049179 1.0010000000000001  1.812852189650987 -1.9572080002049179 1.0000000000000002  
1.8260311212405347 -1.9524771016855222 1.0010000000000001  1.8260311212405347 -1.9524771016855222 1.0000000000000002  
1.8362467427684874 -1.9429633167516669 1.0010000000000001  1.8362467427684874 -1.9429633167516669 1.0000000000000002  

5 4
6 4

0 2
1 2

9 0 0 0 0 3 1 4 2 2 2 1.8362467427684874 -1.9429633167516669 1.0010000000000001  1.8362467427684874 -1.9429633167516669 1.0000000000000002  
1.8464623642964444 -1.9334495318171185 1.0010000000000001  1.8464623642964444 -1.9334495318171185 1.0000000000000002  
1.8515831720340146 -1.9208164731337085 1.0010000000000001  1.8515831720340146 -1.9208164731337085 1.0000000000000002  
1.8515831720340146 -1.9050641407014364 1.0010000000000001  1.8515831720340146 -1.9050641407014364 1.0000000000000002  

4 4
5 4

0 2
1 2

9 0 0 0 0 3 1 4 2 2 2 1.8515831720340146 -1.9050641407014364 1.0010000000000001  1.8515831720340146 -1.9050641407014364 1.0000000000000002  
1.8515831720340146 -1.8899876509153868 1.0010000000000001  1.8515831720340146 -1.8899876509153868 1.0000000000000002  
1.8464623642964444 -1.8779784469817487 1.0010000000000001  1.8464623642964444 -1.8779784469817487 1.0000000000000002  
1.8362467427684874 -1.8689845410054595 1.0010000000000001  1.8362467427684874 -1.8689845410054595 1.0000000000000002  

3 4
4 4

0 2
1 2

9 0 0 0 0 3 1 4 2 2 2 1.8362467427684874 -1.8689845410054595 1.0010000000000001  1.8362467427684874 -1.8689845410054595 1  
1.8260311212405347 -1.8599906350291704 1.0010000000000001  1.8260311212405347 -1.8599906350291704 1  
1.8132161049219748 -1.8555196759892505 1.0010000000000001  1.8132161049219748 -1.8555196759892505 1  
1.7978016938128119 -1.8555196759892505 1.0010000000000001  1.7978016938128119 -1.8555196759892505 1  

2 4
3 4

0 2
1 2

1 1.768792447947358 -1.8555196759892505 1.0009999999999999 0 -1 0 0 -0 -1 1 0 0 
1 1.768792447947358 -1.9572080002049179 1.0009999999999999 1 0 0 0 0 -1 -0 1 0 
1 1.7819193916411518 -1.8672169525476559 1.0009999999999999 1 0 -0 -0 0 -1 0 1 0 
1 1.7972818148538623 -1.8672169525476559 1.0009999999999999 0 -1 0 0 -0 -1 1 0 0 
9 0 0 0 0 3 1 4 2 2 2 1.8266289820424273 -1.8767827253779605 1.0010000000000001  1.8266289820424273 -1.8767827253779605 1.0000000000000002  
1.8191947129402224 -1.8703882141922741 1.0010000000000001  1.8191947129402224 -1.8703882141922741 1.0000000000000002  
1.8093949945790126 -1.8672169525476556 1.0010000000000001  1.8093949945790126 -1.8672169525476556 1.0000000000000002  
1.7972818148538623 -1.8672169525476556 1.0010000000000001  1.7972818148538623 -1.8672169525476556 1.0000000000000002  

5 4
6 4

0 2
1 2

9 0 0 0 0 3 1 4 2 2 2 1.8377803856953865 -1.9054280559724257 1.0010000000000001  1.8377803856953865 -1.9054280559724257 1.0000000000000002  
1.8377803856953865 -1.8927430093932591 1.0010000000000001  1.8377803856953865 -1.8927430093932591 1.0000000000000002  
1.8340632511439376 -1.8831772365629542 1.0010000000000001  1.8340632511439376 -1.8831772365629542 1.0000000000000002  
1.8266289820424273 -1.8767827253779605 1.0010000000000001  1.8266289820424273 -1.8767827253779605 1.0000000000000002  

4 4
5 4

0 2
1 2

9 0 0 0 0 3 1 4 2 2 2 1.826914915469783 -1.935009168691896 1.0010000000000001  1.826914915469783 -1.935009168691896 1.0000000000000002  
1.8341672269361444 -1.927990802756437 1.0010000000000001  1.8341672269361444 -1.927990802756437 1.0000000000000002  
1.8377803856953865 -1.9181131025515923 1.0010000000000001  1.8377803856953865 -1.9181131025515923 1.0000000000000002  
1.8377803856953865 -1.9054280559724257 1.0010000000000001  1.8377803856953865 -1.9054280559724257 1.0000000000000002  

3 4
4 4

0 2
1 2

9 0 0 0 0 3 1 4 2 2 2 1.7966839540526598 -1.9456146994380261 1.0010000000000001  1.7966839540526598 -1.9456146994380261 1  
1.8096029461627328 -1.9456146994380261 1.0010000000000001  1.8096029461627328 -1.9456146994380261 1  
1.8196885979512949 -1.9420795225224183 1.0010000000000001  1.8196885979512949 -1.9420795225224183 1  
1.826914915469783 -1.935009168691896 1.0010000000000001  1.826914915469783 -1.935009168691896 1  

2 4
3 4

0 2
1 2

1 1.7819193916411518 -1.9456146994380261 1.0009999999999999 0 1 0 0 -0 1 1 0 -0 
1 1.8189737643836035 -1.8588793937562467 1.0000000000000002 -0 0 1 1 0 0 0 1 -0 
1 0 0 1.0009999999999994 -0 0 -1 -1 0 0 0 1 0 
1 1.9099915729830974 -1.8555196759892505 1.0009999999999999 -0.934510438741747 -0.35593572436987492 0 0.35593572436987492 -0.934510438741747 0 0 0 1 
1 1.8959548411128722 -1.8555196759892505 1.0009999999999999 0 -1 0 0 -0 -1 1 0 0 
1 1.8572238587305379 -1.9572080002049179 1.0009999999999999 0.93451043874386741 -0.3559357243643077 0 0.3559357243643077 0.93451043874386741 0 -0 0 1 
1 1.8717284816625714 -1.9572080002049179 1.0009999999999999 0 1 -0 0 0 1 1 -0 0 
1 1.8815022060759041 -1.9293944759432518 1.0009999999999999 -0.9434452330824934 0.33152841835040298 0 -0.33152841835040298 -0.9434452330824934 0 0 0 1 
1 1.9238463472181737 -1.9293944759432518 1.0009999999999999 0 1 -0 0 0 1 1 -0 0 
1 1.9342179324333988 -1.9572080002049179 1.0009999999999999 0.93697534595448206 0.34939547946915223 -0 -0.34939547946915223 0.93697534595448206 0 0 0 1 
1 1.9487225553661252 -1.9572080002049179 1.0009999999999999 0 1 -0 0 0 1 1 -0 0 
1 1.8856612377412836 -1.9179051509678731 1.0009999999999999 0 1 0 0 -0 1 1 0 -0 
1 1.9008676972674161 -1.8756389916699285 1.0009999999999999 0.94095378767605531 -0.33853503431415366 0 0.33853503431415366 0.94095378767605531 0 -0 0 1 
9 0 0 0 0 3 1 4 2 2 2 1.902531309933706 -1.8685166499429571 1.0010000000000001  1.902531309933706 -1.8685166499429571 1  
1.9020374249233265 -1.8715839357960622 1.0010000000000001  1.9020374249233265 -1.8715839357960622 1  
1.9014915520171891 -1.8739753790036386 1.0010000000000001  1.9014915520171891 -1.8739753790036386 1  
1.9008676972674159 -1.8756389916699283 1.0010000000000001  1.9008676972674159 -1.8756389916699283 1  

3 4
4 4

0 2
1 2

1 1.9028432373082456 -1.8685166499429571 1.0009999999999999 0 -1 0 0 -0 -1 1 0 0 
9 0 0 0 0 3 1 4 2 2 2 1.9044288681309034 -1.8756389916699283 1.0010000000000001  1.9044288681309034 -1.8756389916699283 1  
1.9039349831205208 -1.8742353184831146 1.0010000000000001  1.9039349831205208 -1.8742353184831146 1  
1.9034151041622642 -1.871895863171295 1.0010000000000001  1.9034151041622642 -1.871895863171295 1  
1.902843237308246 -1.8685166499429571 1.0010000000000001  1.902843237308246 -1.8685166499429571 1  

1 4
2 4

0 2
1 2

1 1.9197912913443078 -1.9179051509678731 1.0009999999999999 -0.93984404177698133 -0.34160383068154826 0 0.34160383068154826 -0.93984404177698133 0 0 0 1 
1 0 0 0.99999999999999956 -0 0 -1 -1 0 0 0 1 0 
1 1.5953088396096875 -2.1069331401544407 1.0009999999999999 -1 0 0 0 0 1 0 1 -0 
1 0 0 1 -0 0 -1 -1 0 0 0 1 0 
1 1.5537445169048059 -2.1069331401544407 1.0009999999999999 0 -1 0 0 -0 -1 1 0 0 
1 0 0 1.0009999999999999 -0 0 -1 -1 0 0 0 1 0 
1 1.5953088396096875 -2.1185264409213347 1.0009999999999999 0 1 -0 0 0 1 1 -0 0 
1 1.5537445169048059 -2.0727251047077844 1.0009999999999999 -1 0 0 0 0 1 0 1 -0 
1 1.5901100500281342 -2.0727251047077844 1.0009999999999999 0 1 -0 0 0 1 1 -0 0 
1 1.5901100500281342 -2.0610798160451358 1.0009999999999999 -1 0 0 0 0 1 0 1 -0 
1 1.5537445169048059 -2.0610798160451358 1.0009999999999999 0 -1 0 0 -0 -1 1 0 0 
1 1.5537445169048059 -2.0285353932640722 1.0009999999999999 -1 0 0 0 0 1 0 1 -0 
1 1.5929953782457469 -2.0285353932640722 1.0009999999999999 0 1 -0 0 0 1 1 -0 0 
1 1.5929953782457469 -2.0168381167056677 1.0009999999999999 -1 0 0 0 0 1 0 1 -0 
1 1.5406175732113592 -2.0168381167056677 1.0009999999999999 0 -1 0 0 -0 -1 1 0 0 
1 1.5406175732113592 -2.1185264409213347 1.0009999999999999 1 0 0 0 0 -1 -0 1 0 
1 1.6262513853506273 -2.0459188459277002 1.0010000000000001 0 0 1 1 0 -0 -0 1 0 
9 0 0 0 0 3 1 4 2 2 2 1.6396025268449135 -2.0442357378005869 1.0010000000000001  1.6396025268449135 -2.0442357378005869 1  
1.6301407298064676 -2.0442357378005869 1.0010000000000001  1.6301407298064676 -2.0442357378005869 1  
1.621796672527827 -2.0464712173208954 1.0010000000000001  1.621796672527827 -2.0464712173208954 1  
1.6145963489572208 -2.0509941642565699 1.0010000000000001  1.6145963489572208 -2.0509941642565699 1  

0 4
1 4

0 2
1 2

1 1.6145963489572206 -2.0633672834611989 1.0009999999999999 1 0 0 0 0 -1 -0 1 0 
9 0 0 0 0 3 1 4 2 2 2 1.6145963489572208 -2.0633672834611989 1.0010000000000001  1.6145963489572208 -2.0633672834611989 1  
1.6217706785799502 -2.0575446391295249 1.0010000000000001  1.6217706785799502 -2.0575446391295249 1  
1.6296988326918431 -2.054581329067934 1.0010000000000001  1.6296988326918431 -2.054581329067934 1  
1.6384068052411254 -2.054581329067934 1.0010000000000001  1.6384068052411254 -2.054581329067934 1  

12 4
13 4

0 2
1 2

9 0 0 0 0 3 1 4 2 2 2 1.6384068052411254 -2.054581329067934 1.0010000000000001  1.6384068052411254 -2.054581329067934 1.0000000000000002  
1.6482065236023351 -2.054581329067934 1.0010000000000001  1.6482065236023351 -2.054581329067934 1.0000000000000002  
1.6531193797568782 -2.0605079491911207 1.0010000000000001  1.6531193797568782 -2.0605079491911207 1.0000000000000002  
1.6531193797568782 -2.0723611894367924 1.0010000000000001  1.6531193797568782 -2.0723611894367924 1.0000000000000002  

11 4
12 4

0 2
1 2

1 1.6315963908890372 -2.0753764873941423 1.0009999999999999 0.13874168848233534 -0.99032860398812617 0 0.99032860398812617 0.13874168848233534 0 -0 0 1 
9 0 0 0 0 3 1 4 2 2 2 1.6315963908890374 -2.0753764873941418 1.0010000000000001  1.6315963908890374 -2.0753764873941418 1  
1.615532131082227 -2.0776119669144464 1.0010000000000001  1.615532131082227 -2.0776119669144464 1  
1.6075000011784732 -2.0855141270784627 1.0010000000000001  1.6075000011784732 -2.0855141270784627 1  
1.6075000011784732 -2.0990829678861869 1.0010000000000001  1.6075000011784732 -2.0990829678861869 1  

9 4
10 4

0 2
1 2

9 0 0 0 0 3 1 4 2 2 2 1.6075000011784732 -2.0990829678861869 1.0010000000000001  1.6075000011784732 -2.0990829678861869 1.0000000000000002  
1.6075000011784732 -2.1055814548633838 1.0010000000000001  1.6075000011784732 -2.1055814548633838 1.0000000000000002  
1.6095795170111635 -2.1107282565495251 1.0010000000000001  1.6095795170111635 -2.1107282565495251 1.0000000000000002  
1.613738548676543 -2.1145233729439168 1.0010000000000001  1.613738548676543 -2.1145233729439168 1.0000000000000002  

8 4
9 4

0 2
1 2

9 0 0 0 0 3 1 4 2 2 2 1.613738548676543 -2.1145233729439168 1.0010000000000001  1.613738548676543 -2.1145233729439168 1.0000000000000002  
1.6178975803415758 -2.118318489338308 1.0010000000000001  1.6178975803415758 -2.118318489338308 1.0000000000000002  
1.6234862791419979 -2.1202420414833831 1.0010000000000001  1.6234862791419979 -2.1202420414833831 1.0000000000000002  
1.6305306390249861 -2.1202420414833831 1.0010000000000001  1.6305306390249861 -2.1202420414833831 1.0000000000000002  

7 4
8 4

0 2
1 2

9 0 0 0 0 3 1 4 2 2 2 1.6305306390249861 -2.1202420414833831 1.0010000000000001  1.6305306390249861 -2.1202420414833831 1.0000000000000002  
1.6403303573861963 -2.1202420414833831 1.0010000000000001  1.6403303573861963 -2.1202420414833831 1.0000000000000002  
1.6477646264880539 -2.1159270461307309 1.0010000000000001  1.6477646264880539 -2.1159270461307309 1.0000000000000002  
1.6527814584341145 -2.1072970554254327 1.0010000000000001  1.6527814584341145 -2.1072970554254327 1.0000000000000002  

6 4
7 4

0 2
1 2

1 1.6531193797568779 -2.1072970554254327 1.0009999999999999 0 1 -0 0 0 1 1 -0 0 
1 1.6531193797568779 -2.1185264409213347 1.0009999999999999 1 0 0 0 0 -1 -0 1 0 
1 1.6658564142318022 -2.1185264409213347 1.0009999999999999 0 1 -0 0 0 1 1 -0 0 
1 1.6658564142318022 -2.0717893225834709 1.0009999999999999 -1 0 0 0 0 1 0 1 -0 
9 0 0 0 0 3 1 4 2 2 2 1.6658564142318024 -2.0717893225834709 1.0010000000000001  1.6658564142318024 -2.0717893225834709 1  
1.6658564142318024 -2.0533856074641461 1.0010000000000001  1.6658564142318024 -2.0533856074641461 1  
1.6570964537867623 -2.0442357378005869 1.0010000000000001  1.6570964537867623 -2.0442357378005869 1  
1.6396025268449135 -2.0442357378005869 1.0010000000000001  1.6396025268449135 -2.0442357378005869 1  

1 4
2 4

0 2
1 2

9 0 0 0 0 3 1 4 2 2 2 1.6237982065168848 -2.0888413524110425 1.0010000000000001  1.6237982065168848 -2.0888413524110425 1.0000000000000002  
1.6215627269965764 -2.0910248440348989 1.0010000000000001  1.6215627269965764 -2.0910248440348989 1.0000000000000002  
1.6204189932888895 -2.0940921298880073 1.0010000000000001  1.6204189932888895 -2.0940921298880073 1.0000000000000002  
1.6204189932888895 -2.0980432099703594 1.0010000000000001  1.6204189932888895 -2.0980432099703594 1.0000000000000002  

1 4
2 4

0 2
1 2

9 0 0 0 0 3 1 4 2 2 2 1.6361193378250614 -2.0843703933704334 1.0010000000000001  1.6361193378250614 -2.0843703933704334 1.0000000000000002  
1.6301667237543447 -2.085202199703923 1.0010000000000001  1.6301667237543447 -2.085202199703923 1.0000000000000002  
1.6260596799847202 -2.0866578607864965 1.0010000000000001  1.6260596799847202 -2.0866578607864965 1.0000000000000002  
1.6237982065168848 -2.0888413524110425 1.0010000000000001  1.6237982065168848 -2.0888413524110425 1.0000000000000002  

0 4
1 4

0 2
1 2

1 1.6531193797568779 -2.0820829259543703 1.0009999999999999 0.13335476489376558 -0.9910683662997869 0 0.9910683662997869 0.13335476489376558 0 -0 0 1 
1 1.6531193797568779 -2.0890493039940692 1.0009999999999999 -1 0 0 0 0 1 0 1 -0 
9 0 0 0 0 3 1 4 2 2 2 1.6476606506961977 -2.1038658543013358 1.0010000000000001  1.6476606506961977 -2.1038658543013358 1  
1.6512998034033173 -2.0999667621154345 1.0010000000000001  1.6512998034033173 -2.0999667621154345 1  
1.6531193797568782 -2.0950279120130104 1.0010000000000001  1.6531193797568782 -2.0950279120130104 1  
1.6531193797568782 -2.0890493039940692 1.0010000000000001  1.6531193797568782 -2.0890493039940692 1  

5 4
6 4

0 2
1 2

9 0 0 0 0 3 1 4 2 2 2 1.6338318704093451 -2.109792474424522 1.0010000000000001  1.6338318704093451 -2.109792474424522 1.0000000000000002  
1.6394205692094175 -2.109792474424522 1.0010000000000001  1.6394205692094175 -2.109792474424522 1.0000000000000002  
1.6440474919369514 -2.1078169343836928 1.0010000000000001  1.6440474919369514 -2.1078169343836928 1.0000000000000002  
1.6476606506961977 -2.1038658543013358 1.0010000000000001  1.6476606506961977 -2.1038658543013358 1.0000000000000002  

4 4
5 4

0 2
1 2

9 0 0 0 0 3 1 4 2 2 2 1.6241101338917676 -2.1065172369883913 1.0010000000000001  1.6241101338917676 -2.1065172369883913 1.0000000000000002  
1.6265535649951026 -2.1087007286122472 1.0010000000000001  1.6265535649951026 -2.1087007286122472 1.0000000000000002  
1.6298028084833565 -2.109792474424522 1.0010000000000001  1.6298028084833565 -2.109792474424522 1.0000000000000002  
1.6338318704093451 -2.109792474424522 1.0010000000000001  1.6338318704093451 -2.109792474424522 1.0000000000000002  

3 4
4 4

0 2
1 2

9 0 0 0 0 3 1 4 2 2 2 1.6204189932888895 -2.0980432099703594 1.0010000000000001  1.6204189932888895 -2.0980432099703594 1.0000000000000002  
1.6204189932888895 -2.1015263989895181 1.0010000000000001  1.6204189932888895 -2.1015263989895181 1.0000000000000002  
1.6216407088405591 -2.1043337453638413 1.0010000000000001  1.6216407088405591 -2.1043337453638413 1.0000000000000002  
1.6241101338917676 -2.1065172369883913 1.0010000000000001  1.6241101338917676 -2.1065172369883913 1.0000000000000002  

2 4
3 4

0 2
1 2

1 1.6262513853506273 -2.0459188459277002 1.0000000000000002 0 0 1 1 0 -0 -0 1 0 
9 0 0 0 0 3 1 4 2 2 2 1.7040675176565696 -2.1098444623202766 1.0010000000000001  1.7040675176565696 -2.1098444623202766 1  
1.6965812606589541 -2.1098444623202766 1.0010000000000001  1.6965812606589541 -2.1098444623202766 1  
1.6896148826196016 -2.1075050070084593 1.0010000000000001  1.6896148826196016 -2.1075050070084593 1  
1.6831163956427473 -2.1028260963855128 1.0010000000000001  1.6831163956427473 -2.1028260963855128 1  

0 4
1 4

0 2
1 2

9 0 0 0 0 3 1 4 2 2 2 1.7190920195472099 -2.1000187500111904 1.0010000000000001  1.7190920195472099 -2.1000187500111904 1.0000000000000002  
1.7190920195472099 -2.1065692248841454 1.0010000000000001  1.7190920195472099 -2.1065692248841454 1.0000000000000002  
1.7140751876011528 -2.1098444623202766 1.0010000000000001  1.7140751876011528 -2.1098444623202766 1.0000000000000002  
1.7040675176565696 -2.1098444623202766 1.0010000000000001  1.7040675176565696 -2.1098444623202766 1.0000000000000002  

1 4
2 4

0 2
1 2

1 1.6932215428918729 -2.1080898708364999 1.0010000000000001 0 0 -1 -1 0 -0 0 1 0 
1 1.6831163956427471 -2.1159790340264863 1.0009999999999999 1 0 0 0 0 -1 -0 1 0 
1 1.6932215428918729 -2.1080898708364999 1.0000000000000002 0 0 -1 -1 0 -0 0 1 0 
9 0 0 0 0 3 1 4 2 2 2 1.6831163956427473 -2.1159790340264863 1.0010000000000001  1.6831163956427473 -2.1159790340264863 1  
1.6887310883906999 -2.1187863804008091 1.0010000000000001  1.6887310883906999 -2.1187863804008091 1  
1.6952815632636562 -2.1202420414833831 1.0010000000000001  1.6952815632636562 -2.1202420414833831 1  
1.7028198081570267 -2.1202420414833831 1.0010000000000001  1.7028198081570267 -2.1202420414833831 1  

19 4
20 4

0 2
1 2

9 0 0 0 0 3 1 4 2 2 2 1.7028198081570267 -2.1202420414833831 1.0010000000000001  1.7028198081570267 -2.1202420414833831 1.0000000000000002  
1.7114757928102031 -2.1202420414833831 1.0010000000000001  1.7114757928102031 -2.1202420414833831 1.0000000000000002  
1.7185461466410725 -2.118318489338308 1.0010000000000001  1.7185461466410725 -2.118318489338308 1.0000000000000002  
1.7239788817538764 -2.1144713850481622 1.0010000000000001  1.7239788817538764 -2.1144713850481622 1.0000000000000002  

18 4
19 4

0 2
1 2

9 0 0 0 0 3 1 4 2 2 2 1.7239788817538764 -2.1144713850481622 1.0010000000000001  1.7239788817538764 -2.1144713850481622 1.0000000000000002  
1.7294376108145573 -2.1106762686530769 1.0010000000000001  1.7294376108145573 -2.1106762686530769 1.0000000000000002  
1.7321669753448983 -2.1054254911761165 1.0010000000000001  1.7321669753448983 -2.1054254911761165 1.0000000000000002  
1.7321669753448983 -2.0987710405116466 1.0010000000000001  1.7321669753448983 -2.0987710405116466 1.0000000000000002  

17 4
18 4

0 2
1 2

9 0 0 0 0 3 1 4 2 2 2 1.7321669753448983 -2.0987710405116466 1.0010000000000001  1.7321669753448983 -2.0987710405116466 1.0000000000000002  
1.7321669753448983 -2.0939881540964937 1.0010000000000001  1.7321669753448983 -2.0939881540964937 1.0000000000000002  
1.7307373082098594 -2.0899850861183822 1.0010000000000001  1.7307373082098594 -2.0899850861183822 1.0000000000000002  
1.7279039678880053 -2.0867618365780061 1.0010000000000001  1.7279039678880053 -2.0867618365780061 1.0000000000000002  

16 4
17 4

0 2
1 2

9 0 0 0 0 3 1 4 2 2 2 1.7279039678880053 -2.0867618365780061 1.0010000000000001  1.7279039678880053 -2.0867618365780061 1.0000000000000002  
1.7250446336182736 -2.0835385870376331 1.0010000000000001  1.7250446336182736 -2.0835385870376331 1.0000000000000002  
1.719585904557593 -2.0803673253930151 1.0010000000000001  1.719585904557593 -2.0803673253930151 1.0000000000000002  
1.7114757928102031 -2.0773520274356656 1.0010000000000001  1.7114757928102031 -2.0773520274356656 1.0000000000000002  

15 4
16 4

0 2
1 2

9 0 0 0 0 3 1 4 2 2 2 1.7114757928102031 -2.0773520274356656 1.0010000000000001  1.7114757928102031 -2.0773520274356656 1.0000000000000002  
1.7050812816248657 -2.0748566084365754 1.0010000000000001  1.7050812816248657 -2.0748566084365754 1.0000000000000002  
1.7009742378555879 -2.0727770926035385 1.0010000000000001  1.7009742378555879 -2.0727770926035385 1.0000000000000002  
1.6991026736059245 -2.0711134799372495 1.0010000000000001  1.6991026736059245 -2.0711134799372495 1.0000000000000002  

14 4
15 4

0 2
1 2

9 0 0 0 0 3 1 4 2 2 2 1.6991026736059245 -2.0711134799372495 1.0010000000000001  1.6991026736059245 -2.0711134799372495 1.0000000000000002  
1.6972571033044859 -2.0695018551674078 1.0010000000000001  1.6972571033044859 -2.0695018551674078 1.0000000000000002  
1.6963213211798258 -2.0672663756471032 1.0010000000000001  1.6963213211798258 -2.0672663756471032 1.0000000000000002  
1.6963213211798258 -2.0643550534812665 1.0010000000000001  1.6963213211798258 -2.0643550534812665 1.0000000000000002  

13 4
14 4

0 2
1 2

9 0 0 0 0 3 1 4 2 2 2 1.6963213211798258 -2.0643550534812665 1.0010000000000001  1.6963213211798258 -2.0643550534812665 1.0000000000000002  
1.6963213211798258 -2.0614437313161238 1.0010000000000001  1.6963213211798258 -2.0614437313161238 1.0000000000000002  
1.6976210185754737 -2.0590522881085467 1.0010000000000001  1.6976210185754737 -2.0590522881085467 1.0000000000000002  
1.7001944194181995 -2.0572846996507446 1.0010000000000001  1.7001944194181995 -2.0572846996507446 1.0000000000000002  

12 4
13 4

0 2
1 2

9 0 0 0 0 3 1 4 2 2 2 1.7001944194181995 -2.0572846996507446 1.0010000000000001  1.7001944194181995 -2.0572846996507446 1.0000000000000002  
1.7027678202609218 -2.0554651232971826 1.0010000000000001  1.7027678202609218 -2.0554651232971826 1.0000000000000002  
1.7061210395413819 -2.054581329067934 1.0010000000000001  1.7061210395413819 -2.054581329067934 1.0000000000000002  
1.7102280833106602 -2.054581329067934 1.0010000000000001  1.7102280833106602 -2.054581329067934 1.0000000000000002  

11 4
12 4

0 2
1 2

9 0 0 0 0 3 1 4 2 2 2 1.7102280833106602 -2.054581329067934 1.0010000000000001  1.7102280833106602 -2.054581329067934 1.0000000000000002  
1.7171164795063805 -2.054581329067934 1.0010000000000001  1.7171164795063805 -2.054581329067934 1.0000000000000002  
1.7232510512125894 -2.056348917525737 1.0010000000000001  1.7232510512125894 -2.056348917525737 1.0000000000000002  
1.7286837863253932 -2.0598321065455885 1.0010000000000001  1.7286837863253932 -2.0598321065455885 1.0000000000000002  

10 4
11 4

0 2
1 2

1 1.7286837863253932 -2.0474589873416571 1.0009999999999999 -1 0 0 0 0 1 0 1 -0 
9 0 0 0 0 3 1 4 2 2 2 1.7286837863253932 -2.0474589873416571 1.0010000000000001  1.7286837863253932 -2.0474589873416571 1  
1.7233810209519838 -2.0452754957171071 1.0010000000000001  1.7233810209519838 -2.0452754957171071 1  
1.7176623524121708 -2.0442357378005869 1.0010000000000001  1.7176623524121708 -2.0442357378005869 1  
1.7114757928102031 -2.0442357378005869 1.0010000000000001  1.7114757928102031 -2.0442357378005869 1  

8 4
9 4

0 2
1 2

9 0 0 0 0 3 1 4 2 2 2 1.7114757928102031 -2.0442357378005869 1.0010000000000001  1.7114757928102031 -2.0442357378005869 1.0000000000000002  
1.703521644750432 -2.0442357378005869 1.0010000000000001  1.703521644750432 -2.0442357378005869 1.0000000000000002  
1.696815206190208 -2.0461592899456615 1.0010000000000001  1.696815206190208 -2.0461592899456615 1.0000000000000002  
1.6913564771295273 -2.0500063942365014 1.0010000000000001  1.6913564771295273 -2.0500063942365014 1.0000000000000002  

7 4
8 4

0 2
1 2

9 0 0 0 0 3 1 4 2 2 2 1.6913564771295273 -2.0500063942365014 1.0010000000000001  1.6913564771295273 -2.0500063942365014 1.0000000000000002  
1.6859237420167237 -2.0539054864224062 1.0010000000000001  1.6859237420167237 -2.0539054864224062 1.0000000000000002  
1.6831943774863827 -2.0590522881085467 1.0010000000000001  1.6831943774863827 -2.0590522881085467 1.0000000000000002  
1.6831943774863827 -2.0654987871892962 1.0010000000000001  1.6831943774863827 -2.0654987871892962 1.0000000000000002  

6 4
7 4

0 2
1 2

9 0 0 0 0 3 1 4 2 2 2 1.6831943774863827 -2.0654987871892962 1.0010000000000001  1.6831943774863827 -2.0654987871892962 1.0000000000000002  
1.6831943774863827 -2.0699697462299089 1.0010000000000001  1.6831943774863827 -2.0699697462299089 1.0000000000000002  
1.6843900990901717 -2.0738168505200592 1.0010000000000001  1.6843900990901717 -2.0738168505200592 1.0000000000000002  
1.6868075362456247 -2.0769881121646772 1.0010000000000001  1.6868075362456247 -2.0769881121646772 1.0000000000000002  

5 4
6 4

0 2
1 2

9 0 0 0 0 3 1 4 2 2 2 1.6868075362456247 -2.0769881121646772 1.0010000000000001  1.6868075362456247 -2.0769881121646772 1.0000000000000002  
1.6891989794532019 -2.0801593738092956 1.0010000000000001  1.6891989794532019 -2.0801593738092956 1.0000000000000002  
1.6944497569305097 -2.0833826233503614 1.0010000000000001  1.6944497569305097 -2.0833826233503614 1.0000000000000002  
1.7024818868342626 -2.0866058728907375 1.0010000000000001  1.7024818868342626 -2.0866058728907375 1.0000000000000002  

4 4
5 4

0 2
1 2

9 0 0 0 0 3 1 4 2 2 2 1.7024818868342626 -2.0866058728907375 1.0010000000000001  1.7024818868342626 -2.0866058728907375 1.0000000000000002  
1.7091883253944866 -2.0891012918898277 1.0010000000000001  1.7091883253944866 -2.0891012918898277 1.0000000000000002  
1.7136332904865288 -2.0912847835143777 1.0010000000000001  1.7136332904865288 -2.0912847835143777 1.0000000000000002  
1.7158167821107322 -2.0931043598679384 1.0010000000000001  1.7158167821107322 -2.0931043598679384 1.0000000000000002  

3 4
4 4

0 2
1 2

9 0 0 0 0 3 1 4 2 2 2 1.7158167821107322 -2.0931043598679384 1.0010000000000001  1.7158167821107322 -2.0931043598679384 1.0000000000000002  
1.7180002737352817 -2.0949239362214964 1.0010000000000001  1.7180002737352817 -2.0949239362214964 1.0000000000000002  
1.7190920195472099 -2.0972114036368663 1.0010000000000001  1.7190920195472099 -2.0972114036368663 1.0000000000000002  
1.7190920195472099 -2.1000187500111904 1.0010000000000001  1.7190920195472099 -2.1000187500111904 1.0000000000000002  

2 4
3 4

0 2
1 2

1 1.7953062748137223 -2.0458993504668768 1.0009999999999999 0 -1 0 0 -0 -1 1 0 0 
1 1.7644742033510514 -2.1469248290111294 1.0000000000000002 0 0 1 1 0 -0 -0 1 0 
1 1.7754728925597052 -2.1005906168652047 1.0009999999999999 0.94009311039990395 -0.34091779621872803 0 0.34091779621872803 0.94009311039990395 0 -0 0 1 
1 1.7644742033510514 -2.1469248290111294 1.0010000000000001 0 0 1 1 0 -0 -0 1 0 
1 1.808511200350458 -2.0458993504668768 1.0009999999999999 -0.93030073778118316 0.3667976789509258 0 -0.3667976789509258 -0.93030073778118316 0 0 0 1 
9 0 0 0 0 3 1 4 2 2 2 1.7754728925597054 -2.1005906168652047 1.0010000000000001  1.7754728925597054 -2.1005906168652047 1  
1.7746930741226639 -2.103138023760053 1.0010000000000001  1.7746930741226639 -2.103138023760053 1  
1.7741731951637136 -2.1051135638008827 1.0010000000000001  1.7741731951637136 -2.1051135638008827 1  
1.7739132556849286 -2.1064652490926323 1.0010000000000001  1.7739132556849286 -2.1064652490926323 1  

12 4
13 4

0 2
1 2

1 1.7735753343625111 -2.1064652490926323 1.0009999999999999 0 -1 0 0 -0 -1 1 0 0 
1 1.7720156974877352 -2.1004866410736911 1.0009999999999999 -0.967617272386191 -0.25242189718783903 0 0.25242189718783903 -0.967617272386191 0 0 0 1 
1 1.7530401155150888 -2.0458993504668768 1.0009999999999999 -0.94455746042944089 -0.328346164812512 0 0.328346164812512 -0.94455746042944089 0 0 0 1 
1 1.7387954320614898 -2.0458993504668768 1.0009999999999999 0 -1 0 0 -0 -1 1 0 0 
1 1.7672847989686828 -2.1183704772340626 1.0009999999999999 0.93067032263575356 0.36585892166935408 -0 -0.36585892166935408 0.93067032263575356 0 0 0 1 
1 1.7616961001682649 -2.1315754027714919 1.0009999999999999 0.92091720301727731 -0.38975826506545697 0 0.38975826506545697 0.92091720301727731 0 -0 0 1 
9 0 0 0 0 3 1 4 2 2 2 1.7616961001682649 -2.1315754027714919 1.0010000000000001  1.7616961001682649 -2.1315754027714919 1.0000000000000002  
1.7588107719506565 -2.1384378050189881 1.0010000000000001  1.7588107719506565 -2.1384378050189881 1.0000000000000002  
1.7544697826501277 -2.141817018247326 1.0010000000000001  1.7544697826501277 -2.141817018247326 1.0000000000000002  
1.748647138318455 -2.141817018247326 1.0010000000000001  1.748647138318455 -2.141817018247326 1.0000000000000002  

5 4
6 4

0 2
1 2

9 0 0 0 0 3 1 4 2 2 2 1.748647138318455 -2.141817018247326 1.0010000000000001  1.748647138318455 -2.141817018247326 1  
1.7463076830069828 -2.141817018247326 1.0010000000000001  1.7463076830069828 -2.141817018247326 1  
1.743916239799407 -2.1413491271848208 1.0010000000000001  1.743916239799407 -2.1413491271848208 1  
1.7414208208003175 -2.1403613571640587 1.0010000000000001  1.7414208208003175 -2.1403613571640587 1  

4 4
5 4

0 2
1 2

1 1.7414208208003172 -2.1516947184521675 1.0009999999999999 1 0 0 0 0 -1 -0 1 0 
9 0 0 0 0 3 1 4 2 2 2 1.7414208208003175 -2.1516947184521675 1.0010000000000001  1.7414208208003175 -2.1516947184521675 1.0000000000000002  
1.7436822942681565 -2.1523705610976962 1.0010000000000001  1.7436822942681565 -2.1523705610976962 1.0000000000000002  
1.7464376527463739 -2.1527344763686878 1.0010000000000001  1.7464376527463739 -2.1527344763686878 1.0000000000000002  
1.7496349083392158 -2.1527344763686878 1.0010000000000001  1.7496349083392158 -2.1527344763686878 1.0000000000000002  

2 4
3 4

0 2
1 2

9 0 0 0 0 3 1 4 2 2 2 1.7496349083392158 -2.1527344763686878 1.0010000000000001  1.7496349083392158 -2.1527344763686878 1  
1.7607863119914862 -2.1527344763686878 1.0010000000000001  1.7607863119914862 -2.1527344763686878 1  
1.7694163026971319 -2.1449882798919435 1.0010000000000001  1.7694163026971319 -2.1449882798919435 1  
1.775550874403341 -2.129495886938455 1.0010000000000001  1.775550874403341 -2.129495886938455 1  

1 4
2 4

0 2
1 2

1 1.8769272712444713 -2.1069331401544407 1.0009999999999999 -1 0 0 0 0 1 0 1 -0 
1 0 0 1 -0 0 -1 -1 0 0 0 1 0 
1 1.8353629485399325 -2.1069331401544407 1.0009999999999999 0 -1 0 0 -0 -1 1 0 0 
1 0 0 1.0009999999999999 -0 0 -1 -1 0 0 0 1 0 
1 1.8769272712444713 -2.1185264409213347 1.0009999999999999 0 1 -0 0 0 1 1 -0 0 
1 1.8353629485399325 -2.0727251047077844 1.0009999999999999 -1 0 0 0 0 1 0 1 -0 
1 1.8717284816625714 -2.0727251047077844 1.0009999999999999 0 1 -0 0 0 1 1 -0 0 
1 1.8717284816625714 -2.0610798160451358 1.0009999999999999 -1 0 0 0 0 1 0 1 -0 
1 1.8353629485399325 -2.0610798160451358 1.0009999999999999 0 -1 0 0 -0 -1 1 0 0 
1 1.8353629485399325 -2.0285353932640722 1.0009999999999999 -1 0 0 0 0 1 0 1 -0 
1 1.8746138098805269 -2.0285353932640722 1.0009999999999999 0 1 -0 0 0 1 1 -0 0 
1 1.8746138098805269 -2.0168381167056677 1.0009999999999999 -1 0 0 0 0 1 0 1 -0 
1 1.8222360048461435 -2.0168381167056677 1.0009999999999999 0 -1 0 0 -0 -1 1 0 0 
1 1.8222360048461435 -2.1185264409213347 1.0009999999999999 1 0 0 0 0 -1 -0 1 0 
1 1.9463181151845255 -2.0201978344729237 1.0010000000000001 -0 0 1 1 0 0 0 1 -0 
1 1.9241062866976519 -2.1185264409213347 1.0009999999999999 0 1 -0 0 0 1 1 -0 0 
9 0 0 0 0 3 1 4 2 2 2 1.9241062866976522 -2.1185264409213347 1.0010000000000001  1.9241062866976522 -2.1185264409213347 1.0000000000000002  
1.9401965404523391 -2.1185264409213347 1.0010000000000001  1.9401965404523391 -2.1185264409213347 1.0000000000000002  
1.9533754720418877 -2.1137955424026296 1.0010000000000001  1.9533754720418877 -2.1137955424026296 1.0000000000000002  
1.963591093569151 -2.1042817574680832 1.0010000000000001  1.963591093569151 -2.1042817574680832 1.0000000000000002  

5 4
6 4

0 2
1 2

9 0 0 0 0 3 1 4 2 2 2 1.963591093569151 -2.1042817574680832 1.0010000000000001  1.963591093569151 -2.1042817574680832 1.0000000000000002  
1.9738067150971068 -2.0947679725335351 1.0010000000000001  1.9738067150971068 -2.0947679725335351 1.0000000000000002  
1.9789275228353711 -2.0821349138508176 1.0010000000000001  1.9789275228353711 -2.0821349138508176 1.0000000000000002  
1.9789275228353711 -2.0663825814185448 1.0010000000000001  1.9789275228353711 -2.0663825814185448 1.0000000000000002  

4 4
5 4

0 2
1 2

9 0 0 0 0 3 1 4 2 2 2 1.9789275228353711 -2.0663825814185448 1.0010000000000001  1.9789275228353711 -2.0663825814185448 1.0000000000000002  
1.9789275228353711 -2.0513060916318029 1.0010000000000001  1.9789275228353711 -2.0513060916318029 1.0000000000000002  
1.9738067150971068 -2.0392968876981659 1.0010000000000001  1.9738067150971068 -2.0392968876981659 1.0000000000000002  
1.963591093569151 -2.030302981721877 1.0010000000000001  1.963591093569151 -2.030302981721877 1.0000000000000002  

3 4
4 4

0 2
1 2

9 0 0 0 0 3 1 4 2 2 2 1.963591093569151 -2.030302981721877 1.0010000000000001  1.963591093569151 -2.030302981721877 1  
1.9533754720418877 -2.0213090757462804 1.0010000000000001  1.9533754720418877 -2.0213090757462804 1  
1.9405604557226384 -2.0168381167056677 1.0010000000000001  1.9405604557226384 -2.0168381167056677 1  
1.9251460446134754 -2.0168381167056677 1.0010000000000001  1.9251460446134754 -2.0168381167056677 1  

2 4
3 4

0 2
1 2

1 1.8961367987487152 -2.0168381167056677 1.0009999999999999 0 -1 0 0 -0 -1 1 0 0 
1 1.8961367987487152 -2.1185264409213347 1.0009999999999999 1 0 0 0 0 -1 -0 1 0 
1 1.9092637424418111 -2.0285353932640722 1.0009999999999999 1 0 -0 -0 0 -1 0 1 0 
1 1.9246261656552155 -2.0285353932640722 1.0009999999999999 0 -1 0 0 -0 -1 1 0 0 
9 0 0 0 0 3 1 4 2 2 2 1.9539733328430902 -2.038101166094378 1.0010000000000001  1.9539733328430902 -2.038101166094378 1.0000000000000002  
1.9465390637415756 -2.0317066549093843 1.0010000000000001  1.9465390637415756 -2.0317066549093843 1.0000000000000002  
1.9367393453803692 -2.0285353932640722 1.0010000000000001  1.9367393453803692 -2.0285353932640722 1.0000000000000002  
1.9246261656552155 -2.0285353932640722 1.0010000000000001  1.9246261656552155 -2.0285353932640722 1.0000000000000002  

5 4
6 4

0 2
1 2

9 0 0 0 0 3 1 4 2 2 2 1.9651247364953559 -2.0667464966888431 1.0010000000000001  1.9651247364953559 -2.0667464966888431 1.0000000000000002  
1.9651247364953559 -2.0540614501096743 1.0010000000000001  1.9651247364953559 -2.0540614501096743 1.0000000000000002  
1.961407601944601 -2.0444956772800618 1.0010000000000001  1.961407601944601 -2.0444956772800618 1.0000000000000002  
1.9539733328430902 -2.038101166094378 1.0010000000000001  1.9539733328430902 -2.038101166094378 1.0000000000000002  

4 4
5 4

0 2
1 2

9 0 0 0 0 3 1 4 2 2 2 1.9542592662704421 -2.0963276094083119 1.0010000000000001  1.9542592662704421 -2.0963276094083119 1.0000000000000002  
1.961511577736808 -2.089309243472854 1.0010000000000001  1.961511577736808 -2.089309243472854 1.0000000000000002  
1.9651247364953559 -2.0794315432680084 1.0010000000000001  1.9651247364953559 -2.0794315432680084 1.0000000000000002  
1.9651247364953559 -2.0667464966888431 1.0010000000000001  1.9651247364953559 -2.0667464966888431 1.0000000000000002  

3 4
4 4

0 2
1 2

9 0 0 0 0 3 1 4 2 2 2 1.9240283048533229 -2.1069331401544407 1.0010000000000001  1.9240283048533229 -2.1069331401544407 1  
1.9369472969633923 -2.1069331401544407 1.0010000000000001  1.9369472969633923 -2.1069331401544407 1  
1.9470329487519582 -2.1033979632395279 1.0010000000000001  1.9470329487519582 -2.1033979632395279 1  
1.9542592662704421 -2.0963276094083119 1.0010000000000001  1.9542592662704421 -2.0963276094083119 1  

2 4
3 4

0 2
1 2

1 1.9092637424418111 -2.1069331401544407 1.0009999999999999 0 1 0 0 -0 1 1 0 -0 
1 1.9463181151845255 -2.0201978344729237 1.0000000000000002 -0 0 1 1 0 0 0 1 -0 
1 0 0 1.0009999999999994 -0 0 -1 -1 0 0 0 1 0 
1 2.0373359237844548 -2.0168381167056677 1.0009999999999999 -0.93451043874386697 -0.35593572436430898 0 0.35593572436430898 -0.93451043874386697 0 0 0 1 
1 2.0232991919135355 -2.0168381167056677 1.0009999999999999 0 -1 0 0 -0 -1 1 0 0 
1 1.9845682095305075 -2.1185264409213347 1.0009999999999999 0.93451043874174577 -0.35593572436987797 0 0.35593572436987797 0.93451043874174577 0 -0 0 1 
1 1.9990728324632348 -2.1185264409213347 1.0009999999999999 0 1 -0 0 0 1 1 -0 0 
1 2.0088465568765637 -2.0907129166603626 1.0009999999999999 -0.94344523307994477 0.33152841835765584 0 -0.33152841835765584 -0.94344523307994477 0 0 0 1 
1 2.0511906980188366 -2.0907129166603626 1.0009999999999999 0 1 -0 0 0 1 1 -0 0 
1 2.0615622832347555 -2.1185264409213347 1.0009999999999999 0.93697534594397724 0.3493954794973228 -0 -0.3493954794973228 0.93697534594397724 0 0 0 1 
1 2.0760669061667887 -2.1185264409213347 1.0009999999999999 0 1 -0 0 0 1 1 -0 0 
1 2.0130055885426366 -2.0792235916849822 1.0009999999999999 0 1 0 0 -0 1 1 0 -0 
1 2.0282120480680796 -2.036957432386346 1.0009999999999999 0.9409537876827091 -0.3385350342956594 0 0.3385350342956594 0.9409537876827091 0 -0 0 1 
9 0 0 0 0 3 1 4 2 2 2 2.0298756607343686 -2.0298350906600668 1.0010000000000001  2.0298756607343686 -2.0298350906600668 1  
2.0293817757239898 -2.0329023765131722 1.0010000000000001  2.0293817757239898 -2.0329023765131722 1  
2.0288359028185465 -2.0352938197207489 1.0010000000000001  2.0288359028185465 -2.0352938197207489 1  
2.0282120480680796 -2.0369574323863464 1.0010000000000001  2.0282120480680796 -2.0369574323863464 1  

3 4
4 4

0 2
1 2

1 2.0301875881096021 -2.0298350906600673 1.0009999999999999 0 -1 0 0 -0 -1 1 0 0 
9 0 0 0 0 3 1 4 2 2 2 2.031773218931566 -2.0369574323863464 1.0010000000000001  2.031773218931566 -2.0369574323863464 1  
2.0312793339218773 -2.0355537591995319 1.0010000000000001  2.0312793339218773 -2.0355537591995319 1  
2.030759454962928 -2.033214303887712 1.0010000000000001  2.030759454962928 -2.033214303887712 1  
2.0301875881096021 -2.0298350906600668 1.0010000000000001  2.0301875881096021 -2.0298350906600668 1  

1 4
2 4

0 2
1 2

1 2.0471356421456641 -2.0792235916849822 1.0009999999999999 -0.93984404177382286 -0.34160383069023798 0 0.34160383069023798 -0.93984404177382286 0 0 0 1 
1 0 0 0.99999999999999956 -0 0 -1 -1 0 0 0 1 0 
1 1.4367314950201409 -1.9589168025826573 1.0010000000000001 0 0 -1 -1 0 -0 0 1 0 
9 0 0 0 0 3 1 4 2 2 2 1.4573368080639313 -2.0176600107021594 1.0010000000000001  1.4573368080639313 -2.0176600107021594 1.0000000000000002  
1.4566138255104686 -1.9742804231649547 1.0010000000000001  1.4566138255104686 -1.9742804231649547 1.0000000000000002  
1.4269710719657325 -1.9359617548709878 1.0010000000000001  1.4269710719657325 -1.9359617548709878 1.0000000000000002  
1.3857604596685924 -1.9229478758512699 1.0010000000000001  1.3857604596685924 -1.9229478758512699 1.0000000000000002  

35 4
36 4

0 2
1 2

9 0 0 0 0 3 1 4 2 2 2 1.3857604596685924 -1.9229478758512699 1.0010000000000001  1.3857604596685924 -1.9229478758512699 1.0000000000000002  
1.3778075412624893 -1.9012580682933504 1.0010000000000001  1.3778075412624893 -1.9012580682933504 1.0000000000000002  
1.3640706521099808 -1.8817372428691146 1.0010000000000001  1.3640706521099808 -1.8817372428691146 1.0000000000000002  
1.3467187950311528 -1.865831381924737 1.0010000000000001  1.3467187950311528 -1.865831381924737 1.0000000000000002  

0 4
1 4

0 2
1 2

9 0 0 0 0 3 1 4 2 2 2 1.3467187950311528 -1.865831381924737 1.0010000000000001  1.3467187950311528 -1.865831381924737 1.0000000000000002  
1.319245044306155 -1.8419725913689189 1.0010000000000001  1.319245044306155 -1.8419725913689189 1.0000000000000002  
1.2845413577281715 -1.8282357134210534 1.0010000000000001  1.2845413577281715 -1.8282357134210534 1.0000000000000002  
1.2483916784639333 -1.8282357134210534 1.0010000000000001  1.2483916784639333 -1.8282357134210534 1.0000000000000002  

1 4
2 4

0 2
1 2

9 0 0 0 0 3 1 4 2 2 2 1.2483916784639333 -1.8282357134210534 1.0010000000000001  1.2483916784639333 -1.8282357134210534 1.0000000000000002  
1.2165799634694876 -1.8282357134210534 1.0010000000000001  1.2165799634694876 -1.8282357134210534 1.0000000000000002  
1.1869372237147617 -1.8383576234425985 1.0010000000000001  1.1869372237147617 -1.8383576234425985 1.0000000000000002  
1.1616324482294837 -1.8564324639370269 1.0010000000000001  1.1616324482294837 -1.8564324639370269 1.0000000000000002  

2 4
3 4

0 2
1 2

9 0 0 0 0 3 1 4 2 2 2 1.1616324482294837 -1.8564324639370269 1.0010000000000001  1.1616324482294837 -1.8564324639370269 1.0000000000000002  
1.1493415517635763 -1.865108389028765 1.0010000000000001  1.1493415517635763 -1.865108389028765 1.0000000000000002  
1.139219644327744 -1.8759532928077252 1.0010000000000001  1.139219644327744 -1.8759532928077252 1.0000000000000002  
1.1298207332350392 -1.8882441823786278 1.0010000000000001  1.1298207332350392 -1.8882441823786278 1.0000000000000002  

3 4
4 4

0 2
1 2

9 0 0 0 0 3 1 4 2 2 2 1.1298207332350392 -1.8882441823786278 1.0010000000000001  1.1298207332350392 -1.8882441823786278 1.0000000000000002  
1.1240367900686541 -1.8875211860355003 1.0010000000000001  1.1240367900686541 -1.8875211860355003 1.0000000000000002  
1.118975829455733 -1.8867981965873772 1.0010000000000001  1.118975829455733 -1.8867981965873772 1.0000000000000002  
1.113191886289348 -1.8867981965873772 1.0010000000000001  1.113191886289348 -1.8867981965873772 1.0000000000000002  

4 4
5 4

0 2
1 2

9 0 0 0 0 3 1 4 2 2 2 1.113191886289348 -1.8867981965873772 1.0010000000000001  1.113191886289348 -1.8867981965873772 1.0000000000000002  
1.0821031607430258 -1.8867981965873772 1.0010000000000001  1.0821031607430258 -1.8867981965873772 1.0000000000000002  
1.0524604278833039 -1.8990890861575873 1.0010000000000001  1.0524604278833039 -1.8990890861575873 1.0000000000000002  
1.0300476239815652 -1.92150189006002 1.0010000000000001  1.0300476239815652 -1.92150189006002 1.0000000000000002  

5 4
6 4

0 2
1 2

9 0 0 0 0 3 1 4 2 2 2 1.0300476239815652 -1.92150189006002 1.0010000000000001  1.0300476239815652 -1.92150189006002 1.0000000000000002  
1.0083577974615161 -1.9431916907236271 1.0010000000000001  1.0083577974615161 -1.9431916907236271 1.0000000000000002  
0.99606690616703586 -1.9728344304786998 1.0010000000000001  0.99606690616703586 -1.9728344304786998 1.0000000000000002  
0.99606690616703586 -2.0039231491293239 1.0010000000000001  0.99606690616703586 -2.0039231491293239 1.0000000000000002  

6 4
7 4

0 2
1 2

9 0 0 0 0 3 1 4 2 2 2 0.99606690616703586 -2.0039231491293239 1.0010000000000001  0.99606690616703586 -2.0039231491293239 1.0000000000000002  
0.99606690616703586 -2.0328428925412694 1.0010000000000001  0.99606690616703586 -2.0328428925412694 1.0000000000000002  
1.0069118099459955 -2.0610396533994013 1.0010000000000001  1.0069118099459955 -2.0610396533994013 1.0000000000000002  
1.0264326353702307 -2.0827294333779949 1.0010000000000001  1.0264326353702307 -2.0827294333779949 1.0000000000000002  

7 4
8 4

0 2
1 2

9 0 0 0 0 3 1 4 2 2 2 1.0264326353702307 -2.0827294333779949 1.0010000000000001  1.0264326353702307 -2.0827294333779949 1.0000000000000002  
1.0423384928671067 -2.1000812904571697 1.0010000000000001  1.0423384928671067 -2.1000812904571697 1.0000000000000002  
1.0618593251860002 -2.1116491767892498 1.0010000000000001  1.0618593251860002 -2.1116491767892498 1.0000000000000002  
1.0842721221927347 -2.1174331199556335 1.0010000000000001  1.0842721221927347 -2.1174331199556335 1.0000000000000002  

8 4
9 4

0 2
1 2

9 0 0 0 0 3 1 4 2 2 2 1.0842721221927347 -2.1174331199556335 1.0010000000000001  1.0842721221927347 -2.1174331199556335 1.0000000000000002  
1.0936710401804446 -2.1463528633675781 1.0010000000000001  1.0936710401804446 -2.1463528633675781 1.0000000000000002  
1.1211447909054415 -2.1665966782392414 1.0010000000000001  1.1211447909054415 -2.1665966782392414 1.0000000000000002  
1.1529565196902429 -2.1665966782392414 1.0010000000000001  1.1529565196902429 -2.1665966782392414 1.0000000000000002  

9 4
10 4

0 2
1 2

9 0 0 0 0 3 1 4 2 2 2 1.1529565196902429 -2.1665966782392414 1.0010000000000001  1.1529565196902429 -2.1665966782392414 1.0000000000000002  
1.1927211668808011 -2.1665966782392414 1.0010000000000001  1.1927211668808011 -2.1665966782392414 1.0000000000000002  
1.2252558782190661 -2.1340619669016707 1.0010000000000001  1.2252558782190661 -2.1340619669016707 1.0000000000000002  
1.2252558782190661 -2.0942973197107677 1.0010000000000001  1.2252558782190661 -2.0942973197107677 1.0000000000000002  

10 4
11 4

0 2
1 2

1 1.2252558782190661 -2.0942973197107677 1.0010000000000001 -1 0 0 0 0 1 0 1 -0 
1 1.2252558782190661 -2.0870673838574345 1.0009999999999999 -0.46730730675455701 0.88409495024788065 0 -0.88409495024788065 -0.46730730675455701 0 0 0 1 
1 1.3264749801591411 -2.033565861304377 1.0009999999999999 -0.86318775894121547 -0.50488304864992462 0 0.50488304864992462 -0.86318775894121547 0 0 0 1 
1 1.3040621900470648 -1.9952471930104105 1.0009999999999999 0.46301806538669316 -0.88634884279586212 0 0.88634884279586212 0.46301806538669316 0 -0 0 1 
9 0 0 0 0 3 1 4 2 2 2 1.2071810523767834 -2.0458567439802726 1.0010000000000001  1.2071810523767834 -2.0458567439802726 1  
1.194167173357412 -2.0306738759311744 1.0010000000000001  1.194167173357412 -2.0306738759311744 1  
1.174646341038865 -2.02127496483847 1.0010000000000001  1.174646341038865 -2.02127496483847 1  
1.1529565334802527 -2.02127496483847 1.0010000000000001  1.1529565334802527 -2.02127496483847 1  

15 4
16 4

0 2
1 2

9 0 0 0 0 3 1 4 2 2 2 1.1529565334802527 -2.02127496483847 1.0010000000000001  1.1529565334802527 -2.02127496483847 1.0000000000000002  
1.1218678010389256 -2.02127496483847 1.0010000000000001  1.1218678010389256 -2.02127496483847 1.0000000000000002  
1.0951170466574021 -2.0415187797101342 1.0010000000000001  1.0951170466574021 -2.0415187797101342 1.0000000000000002  
1.0849951392212231 -2.0689925442251389 1.0010000000000001  1.0849951392212231 -2.0689925442251389 1.0000000000000002  

16 4
17 4

0 2
1 2

9 0 0 0 0 3 1 4 2 2 2 1.0849951392212231 -2.0689925442251389 1.0010000000000001  1.0849951392212231 -2.0689925442251389 1.0000000000000002  
1.0596903637362911 -2.0574246441030541 1.0010000000000001  1.0596903637362911 -2.0574246441030541 1.0000000000000002  
1.0416155241039979 -2.0321198686181225 1.0010000000000001  1.0416155241039979 -2.0321198686181225 1.0000000000000002  
1.0416155241039979 -2.0024771288630498 1.0010000000000001  1.0416155241039979 -2.0024771288630498 1.0000000000000002  

17 4
18 4

0 2
1 2

9 0 0 0 0 3 1 4 2 2 2 1.0416155241039979 -2.0024771288630498 1.0010000000000001  1.0416155241039979 -2.0024771288630498 1.0000000000000002  
1.0416155241039979 -1.9627124816721455 1.0010000000000001  1.0416155241039979 -1.9627124816721455 1.0000000000000002  
1.0741502354419163 -1.9301777703345735 1.0010000000000001  1.0741502354419163 -1.9301777703345735 1.0000000000000002  
1.1139148826324752 -1.9301777703345735 1.0010000000000001  1.1139148826324752 -1.9301777703345735 1.0000000000000002  

18 4
19 4

0 2
1 2

9 0 0 0 0 3 1 4 2 2 2 1.1139148826324752 -1.9301777703345735 1.0010000000000001  1.1139148826324752 -1.9301777703345735 1.0000000000000002  
1.1276517579953202 -1.9301777703345735 1.0010000000000001  1.1276517579953202 -1.9301777703345735 1.0000000000000002  
1.1413886333578191 -1.9345157346040205 1.0010000000000001  1.1413886333578191 -1.9345157346040205 1.0000000000000002  
1.1522335371367787 -1.941022674114226 1.0010000000000001  1.1522335371367787 -1.941022674114226 1.0000000000000002  

19 4
20 4

0 2
1 2

9 0 0 0 0 3 1 4 2 2 2 1.1522335371367787 -1.941022674114226 1.0010000000000001  1.1522335371367787 -1.941022674114226 1.0000000000000002  
1.1659703987092678 -1.90053507194953 1.0010000000000001  1.1659703987092678 -1.90053507194953 1.0000000000000002  
1.2035660706601075 -1.8716153285382779 1.0010000000000001  1.2035660706601075 -1.8716153285382779 1.0000000000000002  
1.2491146610173973 -1.8716153285382779 1.0010000000000001  1.2491146610173973 -1.8716153285382779 1.0000000000000002  

20 4
21 4

0 2
1 2

9 0 0 0 0 3 1 4 2 2 2 1.2491146610173973 -1.8716153285382779 1.0010000000000001  1.2491146610173973 -1.8716153285382779 1.0000000000000002  
1.3011702046742091 -1.8716153285382779 1.0010000000000001  1.3011702046742091 -1.8716153285382779 1.0000000000000002  
1.3445498197910872 -1.9113799757291829 1.0010000000000001  1.3445498197910872 -1.9113799757291829 1.0000000000000002  
1.3503337629574717 -1.9619895266990472 1.0010000000000001  1.3503337629574717 -1.9619895266990472 1.0000000000000002  

21 4
22 4

0 2
1 2

1 1.3503337629574717 -1.9619895266990472 1.0010000000000001 0 1 0 0 -0 1 1 0 -0 
9 0 0 0 0 3 1 4 2 2 2 1.3561177061238574 -1.9619895266990472 1.0010000000000001  1.3561177061238574 -1.9619895266990472 1.0000000000000002  
1.387206424775175 -1.9619895266990472 1.0010000000000001  1.387206424775175 -1.9619895266990472 1.0000000000000002  
1.4125112002601068 -1.9872943021839793 1.0010000000000001  1.4125112002601068 -1.9872943021839793 1.0000000000000002  
1.4125112002601068 -2.0183830208352971 1.0010000000000001  1.4125112002601068 -2.0183830208352971 1.0000000000000002  

23 4
24 4

0 2
1 2

9 0 0 0 0 3 1 4 2 2 2 1.4125112002601068 -2.0183830208352971 1.0010000000000001  1.4125112002601068 -2.0183830208352971 1.0000000000000002  
1.4125112002601068 -2.048025760590368 1.0010000000000001  1.4125112002601068 -2.048025760590368 1.0000000000000002  
1.3900984101480307 -2.0726075397314809 1.0010000000000001  1.3900984101480307 -2.0726075397314809 1.0000000000000002  
1.3604556566036414 -2.0747765149715454 1.0010000000000001  1.3604556566036414 -2.0747765149715454 1.0000000000000002  

24 4
25 4

0 2
1 2

1 1.3604556566036414 -2.0747765149715454 1.0009999999999999 0 -1 0 0 -0 -1 1 0 0 
9 0 0 0 0 3 1 4 2 2 2 1.3279209452657232 -2.0747765149715454 1.0010000000000001  1.3279209452657232 -2.0747765149715454 1  
1.326474952579122 -2.0747765149715454 1.0010000000000001  1.326474952579122 -2.0747765149715454 1  
1.3250289598925209 -2.074053532418429 1.0010000000000001  1.3250289598925209 -2.074053532418429 1  
1.3235829947859383 -2.074053532418429 1.0010000000000001  1.3235829947859383 -2.074053532418429 1  

26 4
27 4

0 2
1 2

9 0 0 0 0 3 1 4 2 2 2 1.3235829947859383 -2.074053532418429 1.0010000000000001  1.3235829947859383 -2.074053532418429 1.0000000000000002  
1.3112920983200318 -2.074053532418429 1.0010000000000001  1.3112920983200318 -2.074053532418429 1.0000000000000002  
1.3011702046742091 -2.0841754536442685 1.0010000000000001  1.3011702046742091 -2.0841754536442685 1.0000000000000002  
1.3011702046742091 -2.0964663225301572 1.0010000000000001  1.3011702046742091 -2.0964663225301572 1.0000000000000002  

27 4
28 4

0 2
1 2

9 0 0 0 0 3 1 4 2 2 2 1.3011702046742091 -2.0964663225301572 1.0010000000000001  1.3011702046742091 -2.0964663225301572 1.0000000000000002  
1.3011702046742091 -2.1080342088629256 1.0010000000000001  1.3011702046742091 -2.1080342088629256 1.0000000000000002  
1.3105691157665675 -2.1181561300894622 1.0010000000000001  1.3105691157665675 -2.1181561300894622 1.0000000000000002  
1.3221370296793573 -2.1188791126425786 1.0010000000000001  1.3221370296793573 -2.1188791126425786 1.0000000000000002  

28 4
29 4

0 2
1 2

1 1.3626246594233795 -2.1188791126425786 1.0009999999999999 0 1 0 0 -0 1 1 0 -0 
9 0 0 0 0 3 1 4 2 2 2 1.3647936346634442 -2.1188791126425786 1.0010000000000001  1.3647936346634442 -2.1188791126425786 1  
1.3900984101480307 -2.1167101374025141 1.0010000000000001  1.3900984101480307 -2.1167101374025141 1  
1.4132342103935887 -2.1051422234897266 1.0010000000000001  1.4132342103935887 -2.1051422234897266 1  
1.4305860398920522 -2.0863444013043142 1.0010000000000001  1.4305860398920522 -2.0863444013043142 1  

33 4
34 4

0 2
1 2

9 0 0 0 0 3 1 4 2 2 2 1.4305860398920522 -2.0863444013043142 1.0010000000000001  1.4305860398920522 -2.0863444013043142 1.0000000000000002  
1.4479378969712275 -2.0675465791189063 1.0010000000000001  1.4479378969712275 -2.0675465791189063 1.0000000000000002  
1.4573368080639313 -2.042964786187091 1.0010000000000001  1.4573368080639313 -2.042964786187091 1.0000000000000002  
1.4573368080639313 -2.0176600107021594 1.0010000000000001  1.4573368080639313 -2.0176600107021594 1.0000000000000002  

34 4
35 4

0 2
1 2

9 0 0 0 0 3 1 7 2 3 2 1.1522335233467691 -2.1232171182820556 1.0010000000000001  1.1522335233467691 -2.1232171182820556 1.0000000000000002  
1.1681393739489867 -2.1232171182820556 1.0010000000000001  1.1681393739489867 -2.1232171182820556 1.0000000000000002  
1.1804302704148939 -2.1102032116830132 1.0010000000000001  1.1804302704148939 -2.1102032116830132 1.0000000000000002  
1.1804302704148939 -2.0950203574239241 1.0010000000000001  1.1804302704148939 -2.0950203574239241 1.0000000000000002  
1.1804302704148939 -2.0791144930316929 1.0010000000000001  1.1804302704148939 -2.0791144930316929 1.0000000000000002  
1.1674163913958684 -2.06682359656579 1.0010000000000001  1.1674163913958684 -2.06682359656579 1.0000000000000002  
1.1522335233467691 -2.06682359656579 1.0010000000000001  1.1522335233467691 -2.06682359656579 1.0000000000000002  

0 4
1 3
2 4

0 2
1 2

9 0 0 0 0 3 1 6 2 3 2 1.1522335233467691 -2.06682359656579 1.0010000000000001  1.1522335233467691 -2.06682359656579 1.0000000000000002  
1.1370506552980157 -2.06682359656579 1.0010000000000001  1.1370506552980157 -2.06682359656579 1.0000000000000002  
1.1240367762786443 -2.0791144930316929 1.0010000000000001  1.1240367762786443 -2.0791144930316929 1.0000000000000002  
1.1240367762786443 -2.1109262218161473 1.0010000000000001  1.1240367762786443 -2.1109262218161473 1.0000000000000002  
1.1370506552980157 -2.1232171182820556 1.0010000000000001  1.1370506552980157 -2.1232171182820556 1.0000000000000002  
1.1522335233467691 -2.1232171182820556 1.0010000000000001  1.1522335233467691 -2.1232171182820556 1.0000000000000002  

2 4
3 2
4 4

0 2
1 2

1 1.4367314950201409 -1.9589168025826573 1.0000000000000002 0 0 -1 -1 0 -0 0 1 0 
Triangulations 0

TShapes 3693
Ve
1e-07
-2.03758161014213 2.15 0.99
0 0

0101101
*
Ve
1e-07
-2.03758161014213 2.15 1
0 0

0101101
*
Ed
 1e-07 1 1 0
1  1 0 0 0.01
2  1 1 0 0 0.01
2  2 2 0 0 0.01
4 CN 1 0 2 0
0

0101000
+3693 3 -3692 3 *
Ve
1e-07
-2.26241838985786 2.15 1
0 0

0101101
*
Ed
 1e-07 1 1 0
1  2 0 3.14159265358979 6.28318530717959
2  3 1 0 3.14159265358979 6.28318530717959
2  4 3 0 3.14159265358979 6.28318530717959
0

0101000
+3690 3 -3692 3 *
Ve
1e-07
-2.26241838985786 2.15 0.99
0 0

0101101
*
Ed
 1e-07 1 1 0
1  3 0 0 0.01
2  5 1 0 0 0.01
2  6 2 0 0 0.01
4 CN 1 0 2 0
0

0101000
+3688 3 -3690 3 *
Ed
 1e-07 1 1 0
1  4 0 3.14159265358979 6.28318530717959
2  7 1 0 3.14159265358979 6.28318530717959
2  8 4 0 3.14159265358979 6.28318530717959
0

0101000
+3688 3 -3693 3 *
Wi

0101100
+3691 0 -3689 0 -3687 0 +3686 0 *
Fa
0  1e-07 1 0

0101000
+3685 0 *
Ve
1e-07
-0.319172458479805 0.103496245578 0
0 0

0101101
*
Ve
1e-07
-0.346001726772488 0.103496245578 0
0 0

0101101
*
Ed
 1e-07 1 1 0
1  5 0 0 0.026829268292683
2  9 5 0 0 0.026829268292683
2  10 6 0 0 0.026829268292683
0

0101000
+3683 3 -3682 3 *
Ve
1e-07
-0.424050507260293 -0.0965037544220001 0
0 0

0101101
*
Ed
 1e-07 1 1 0
1  6 0 0 0.214689571557711
2  11 5 0 0 0.214689571557711
2  12 7 0 0 0.214689571557711
0

0101000
+3682 3 -3680 3 *
Ve
1e-07
-0.394782214577367 -0.0965037544220001 0
0 0

0101101
*
Ed
 1e-07 1 1 0
1  7 0 0 0.0292682926829268
2  13 5 0 0 0.0292682926829268
2  14 8 0 0 0.0292682926829268
0

0101000
+3680 3 -3678 3 *
Ve
1e-07
-0.374545934089562 -0.0404061934463903 0
0 0

0101101
*
Ed
 1e-07 1 1 0
1  8 0 0 0.0596359236986681
2  15 5 0 0 0.0596359236986681
2  16 9 0 0 0.0596359236986681
0

0101000
+3678 3 -3676 3 *
Ve
1e-07
-0.291923982870049 -0.0404061934463903 0
0 0

0101101
*
Ed
 1e-07 1 1 0
1  9 0 0 0.0826219512195122
2  17 5 0 0 0.0826219512195122
2  18 10 0 0 0.0826219512195122
0

0101000
+3676 3 -3674 3 *
Ve
1e-07
-0.272830995065171 -0.0965037544220001 0
0 0

0101101
*
Ed
 1e-07 1 1 0
1  10 0 0 0.0592577297129199
2  19 5 0 0 0.0592577297129199
2  20 11 0 0 0.0592577297129199
0

0101000
+3674 3 -3672 3 *
Ve
1e-07
-0.243562702382245 -0.0965037544220001 0
0 0

0101101
*
Ed
 1e-07 1 1 0
1  11 0 0 0.0292682926829269
2  21 5 0 0 0.0292682926829269
2  22 12 0 0 0.0292682926829269
0

0101000
+3672 3 -3670 3 *
Ed
 1e-07 1 1 0
1  12 0 0 0.213814955550665
2  23 5 0 0 0.213814955550665
2  24 13 0 0 0.213814955550665
0

0101000
+3670 3 -3683 3 *
Wi

0101100
+3681 0 +3679 0 +3677 0 +3675 0 +3673 0 +3671 0 +3669 0 +3668 0 *
Ve
1e-07
2.5 -2.5 0
0 0

0101101
*
Ve
1e-07
2.5 2.5 0
0 0

0101101
*
Ed
 1e-07 1 1 0
1  13 0 0 5
2  25 5 0 0 5
2  26 14 0 0 5
0

0101000
+3666 3 -3665 3 *
Ve
1e-07
-2.5 -2.5 0
0 0

0101101
*
Ed
 1e-07 1 1 0
1  14 0 0 5
2  27 5 0 0 5
2  28 15 0 0 5
0

0101000
+3663 3 -3666 3 *
Ve
1e-07
-2.5 2.5 0
0 0

0101101
*
Ed
 1e-07 1 1 0
1  15 0 -5 -0
2  29 5 0 -5 -0
2  30 16 0 -5 -0
0

0101000
+3661 3 -3663 3 *
Ed
 1e-07 1 1 0
1  16 0 -5 -0
2  31 5 0 -5 -0
2  32 17 0 -5 -0
0

0101000
+3665 3 -3661 3 *
Wi

0101100
-3664 0 -3662 0 -3660 0 -3659 0 *
Ve
1e-07
-0.228928556040781 0.00601148948043896 0
0 0

0101101
*
Ve
1e-07
-0.122335568235903 -0.0965037544220001 1.6940658945086e-18
0 0

0101101
*
Ed
 1e-07 1 1 0
1  17 0 0 1
2  33 5 0 0 1
2  34 18 0 0 1
0

0101000
+3657 3 -3656 3 *
Ve
1e-07
-0.0679529462846834 -0.0965037544220001 0
0 0

0101101
*
Ed
 1e-07 1 1 0
1  18 0 0 0.0543826219512195
2  35 5 0 0 0.0543826219512195
2  36 19 0 0 0.0543826219512195
0

0101000
+3656 3 -3654 3 *
Ve
1e-07
-0.0679529462846834 0.103496245578 0
0 0

0101101
*
Ed
 1e-07 1 1 0
1  19 0 0 0.2
2  37 5 0 0 0.2
2  38 20 0 0 0.2
0

0101000
+3654 3 -3652 3 *
Ve
1e-07
-0.124393495065171 0.103496245578 0
0 0

0101101
*
Ed
 1e-07 1 1 0
1  20 0 0 0.0564405487804878
2  39 5 0 0 0.0564405487804878
2  40 21 0 0 0.0564405487804878
0

0101000
+3652 3 -3650 3 *
Ed
 1e-07 1 1 0
1  21 0 0 1
2  41 5 0 0 1
2  42 22 0 0 1
0

0101000
+3650 3 -3657 3 *
Wi

0101100
+3655 0 +3653 0 +3651 0 +3649 0 +3648 0 *
Ve
1e-07
0.0515592488372678 -0.074552534909805 0
0 0

0101101
*
Ve
1e-07
-0.028928556040781 -0.074552534909805 0
0 0

0101101
*
Ed
 1e-07 1 1 0
1  22 0 0 0.0804878048780488
2  43 5 0 0 0.0804878048780488
2  44 23 0 0 0.0804878048780488
0

0101000
+3646 3 -3645 3 *
Ve
1e-07
-0.028928556040781 -0.0965037544220001 0
0 0

0101101
*
Ed
 1e-07 1 1 0
1  23 0 0 0.0219512195121951
2  45 5 0 0 0.0219512195121951
2  46 24 0 0 0.0219512195121951
0

0101000
+3645 3 -3643 3 *
Ve
1e-07
0.0783885171299507 -0.0965037544220001 0
0 0

0101101
*
Ed
 1e-07 1 1 0
1  24 0 0 0.107317073170732
2  47 5 0 0 0.107317073170732
2  48 25 0 0 0.107317073170732
0

0101000
+3643 3 -3641 3 *
Ve
1e-07
0.0783885171299507 0.103496245578 0
0 0

0101101
*
Ed
 1e-07 1 1 0
1  25 0 0 0.2
2  49 5 0 0 0.2
2  50 26 0 0 0.2
0

0101000
+3641 3 -3639 3 *
Ve
1e-07
-0.0240505072602932 0.103496245578 0
0 0

0101101
*
Ed
 1e-07 1 1 0
1  26 0 0 0.102439024390244
2  51 5 0 0 0.102439024390244
2  52 27 0 0 0.102439024390244
0

0101000
+3639 3 -3637 3 *
Ve
1e-07
-0.0240505072602932 0.0815450260658048 0
0 0

0101101
*
Ed
 1e-07 1 1 0
1  27 0 0 0.0219512195121951
2  53 5 0 0 0.0219512195121951
2  54 28 0 0 0.0219512195121951
0

0101000
+3637 3 -3635 3 *
Ve
1e-07
0.0515592488372678 0.0815450260658048 0
0 0

0101101
*
Ed
 1e-07 1 1 0
1  28 0 0 0.075609756097561
2  55 5 0 0 0.075609756097561
2  56 29 0 0 0.075609756097561
0

0101000
+3635 3 -3633 3 *
Ve
1e-07
0.0515592488372678 0.0156913675292195 0
0 0

0101101
*
Ed
 1e-07 1 1 0
1  29 0 0 0.0658536585365854
2  57 5 0 0 0.0658536585365854
2  58 30 0 0 0.0658536585365854
0

0101000
+3633 3 -3631 3 *
Ve
1e-07
-0.0191724584798054 0.0156913675292195 0
0 0

0101101
*
Ed
 1e-07 1 1 0
1  30 0 0 0.0707317073170732
2  59 5 0 0 0.0707317073170732
2  60 31 0 0 0.0707317073170732
0

0101000
+3631 3 -3629 3 *
Ve
1e-07
-0.0191724584798054 -0.00625985198297567 0
0 0

0101101
*
Ed
 1e-07 1 1 0
1  31 0 0 0.0219512195121951
2  61 5 0 0 0.0219512195121951
2  62 32 0 0 0.0219512195121951
0

0101000
+3629 3 -3627 3 *
Ve
1e-07
0.0515592488372678 -0.00625985198297567 0
0 0

0101101
*
Ed
 1e-07 1 1 0
1  32 0 0 0.0707317073170732
2  63 5 0 0 0.0707317073170732
2  64 33 0 0 0.0707317073170732
0

0101000
+3627 3 -3625 3 *
Ed
 1e-07 1 1 0
1  33 0 0 0.0682926829268293
2  65 5 0 0 0.0682926829268293
2  66 34 0 0 0.0682926829268293
0

0101000
+3625 3 -3646 3 *
Wi

0101100
+3644 0 +3642 0 +3640 0 +3638 0 +3636 0 +3634 0 +3632 0 +3630 0 +3628 0 +3626 0 
+3624 0 +3623 0 *
Ve
1e-07
0.168746748837268 -0.0769915593000488 0
0 0

0101101
*
Ve
1e-07
0.117412907373853 -0.0641866812512683 3.3881317890172e-18
0 0

0101101
*
Ed
 1e-07 1 1 0
1  34 0 0 1
2  67 5 0 0 1
2  68 35 0 0 1
0

0101000
+3621 3 -3620 3 *
Ve
1e-07
0.117412907373853 -0.0861379007634635 0
0 0

0101101
*
Ed
 1e-07 1 1 0
1  35 0 0 0.0219512195121951
2  69 5 0 0 0.0219512195121951
2  70 36 0 0 0.0219512195121951
0

0101000
+3620 3 -3618 3 *
Ve
1e-07
0.172443395178731 -0.098942778812244 0
0 0

0101101
*
Ed
 1e-07 1 1 0
1  36 0 0 1
2  71 5 0 0 1
2  72 37 0 0 1
0

0101000
+3618 3 -3616 3 *
Ve
1e-07
0.266193395178731 -0.000276620275658577 0
0 0

0101101
*
Ed
 1e-07 1 1 0
1  37 0 0 1
2  73 5 0 0 1
2  74 38 0 0 1
0

0101000
+3616 3 -3614 3 *
Ve
1e-07
0.164478456154341 0.105935269968244 0
0 0

0101101
*
Ed
 1e-07 1 1 0
1  38 0 0 1
2  75 5 0 0 1
2  76 39 0 0 1
0

0101000
+3614 3 -3612 3 *
Ve
1e-07
0.117412907373853 0.0980084406999512 0
0 0

0101101
*
Ed
 1e-07 1 1 0
1  39 0 0 1
2  77 5 0 0 1
2  78 40 0 0 1
0

0101000
+3612 3 -3610 3 *
Ve
1e-07
0.117412907373853 0.0711791724072682 0
0 0

0101101
*
Ed
 1e-07 1 1 0
1  40 0 -1.38777878078145e-17 0.0268292682926829
2  79 5 0 -1.38777878078145e-17 0.0268292682926829
2  80 41 0 -1.38777878078145e-17 0.0268292682926829
0

0101000
+3610 3 -3608 3 *
Ve
1e-07
0.164249797617756 0.0839840504560487 0
0 0

0101101
*
Ed
 1e-07 1 1 0
1  41 0 0 1
2  81 5 0 0 1
2  82 42 0 0 1
0

0101000
+3608 3 -3606 3 *
Ve
1e-07
0.239364126886048 0.00136209923653654 0
0 0

0101101
*
Ed
 1e-07 1 1 0
1  42 0 0 1
2  83 5 0 0 1
2  84 43 0 0 1
0

0101000
+3606 3 -3604 3 *
Ed
 1e-07 1 1 0
1  43 0 0 1
2  85 5 0 0 1
2  86 44 0 0 1
0

0101000
+3604 3 -3621 3 *
Wi

0101100
+3619 0 +3617 0 +3615 0 +3613 0 +3611 0 +3609 0 +3607 0 +3605 0 +3603 0 +3602 0 
*
Ve
1e-07
0.358876322007999 -0.074552534909805 0
0 0

0101101
*
Ve
1e-07
0.283266565910439 -0.074552534909805 0
0 0

0101101
*
Ed
 1e-07 1 1 0
1  44 0 0 0.0756097560975609
2  87 5 0 0 0.0756097560975609
2  88 45 0 0 0.0756097560975609
0

0101000
+3600 3 -3599 3 *
Ve
1e-07
0.283266565910439 -0.0965037544220001 0
0 0

0101101
*
Ed
 1e-07 1 1 0
1  45 0 0 0.0219512195121951
2  89 5 0 0 0.0219512195121951
2  90 46 0 0 0.0219512195121951
0

0101000
+3599 3 -3597 3 *
Ve
1e-07
0.385705590300682 -0.0965037544220001 0
0 0

0101101
*
Ed
 1e-07 1 1 0
1  46 0 0 0.102439024390244
2  91 5 0 0 0.102439024390244
2  92 47 0 0 0.102439024390244
0

0101000
+3597 3 -3595 3 *
Ve
1e-07
0.385705590300682 0.103496245578 0
0 0

0101101
*
Ed
 1e-07 1 1 0
1  47 0 0 0.2
2  93 5 0 0 0.2
2  94 48 0 0 0.2
0

0101000
+3595 3 -3593 3 *
Ve
1e-07
0.358876322007999 0.103496245578 0
0 0

0101101
*
Ed
 1e-07 1 1 0
1  48 0 0 0.026829268292683
2  95 5 0 0 0.026829268292683
2  96 49 0 0 0.026829268292683
0

0101000
+3593 3 -3591 3 *
Ed
 1e-07 1 1 0
1  49 0 0 0.178048780487805
2  97 5 0 0 0.178048780487805
2  98 50 0 0 0.178048780487805
0

0101000
+3591 3 -3600 3 *
Wi

0101100
+3598 0 +3596 0 +3594 0 +3592 0 +3590 0 +3589 0 *
Fa
0  1e-07 5 0

0101000
+3667 0 +3658 0 +3647 0 +3622 0 +3601 0 +3588 0 *
Ve
1e-07
0.0104548747227764 0.248852345008865 1
0 0

0101101
*
Ve
1e-07
0.0104548747227764 0.204949905984475 1
0 0

0101101
*
Ed
 1e-07 1 1 0
1  50 0 0 0.0439024390243903
2  99 3 0 0 0.0439024390243903
2  100 51 0 0 0.0439024390243903
0

0101000
+3586 3 -3585 3 *
Ve
1e-07
-0.140764637472346 0.204949905984475 1
0 0

0101101
*
Ed
 1e-07 1 1 0
1  51 0 0 0.151219512195122
2  101 3 0 0 0.151219512195122
2  102 52 0 0 0.151219512195122
0

0101000
+3585 3 -3583 3 *
Ve
1e-07
-0.140764637472346 0.0683645401308162 1
0 0

0101101
*
Ed
 1e-07 1 1 0
1  52 0 0 0.136585365853659
2  103 3 0 0 0.136585365853659
2  104 53 0 0 0.136585365853659
0

0101000
+3583 3 -3581 3 *
Ve
1e-07
0.000698777161800752 0.0683645401308162 1
0 0

0101101
*
Ed
 1e-07 1 1 0
1  53 0 0 0.141463414634146
2  105 3 0 0 0.141463414634146
2  106 54 0 0 0.141463414634146
0

0101000
+3581 3 -3579 3 *
Ve
1e-07
0.000698777161800752 0.024462101106426 1
0 0

0101101
*
Ed
 1e-07 1 1 0
1  54 0 0 0.0439024390243903
2  107 3 0 0 0.0439024390243903
2  108 55 0 0 0.0439024390243903
0

0101000
+3579 3 -3577 3 *
Ve
1e-07
-0.140764637472346 0.024462101106426 1
0 0

0101101
*
Ed
 1e-07 1 1 0
1  55 0 0 0.141463414634146
2  109 3 0 0 0.141463414634146
2  110 56 0 0 0.141463414634146
0

0101000
+3577 3 -3575 3 *
Ve
1e-07
-0.140764637472346 -0.151147654991135 1
0 0

0101101
*
Ed
 1e-07 1 1 0
1  56 0 0 0.175609756097561
2  111 3 0 0 0.175609756097561
2  112 57 0 0 0.175609756097561
0

0101000
+3575 3 -3573 3 *
Ve
1e-07
-0.194423174057711 -0.151147654991135 1
0 0

0101101
*
Ed
 1e-07 1 1 0
1  57 0 0 0.0536585365853659
2  113 3 0 0 0.0536585365853659
2  114 58 0 0 0.0536585365853659
0

0101000
+3573 3 -3571 3 *
Ve
1e-07
-0.194423174057711 0.248852345008865 1
0 0

0101101
*
Ed
 1e-07 1 1 0
1  58 0 0 0.4
2  115 3 0 0 0.4
2  116 59 0 0 0.4
0

0101000
+3571 3 -3569 3 *
Ed
 1e-07 1 1 0
1  59 0 0 0.204878048780488
2  117 3 0 0 0.204878048780488
2  118 60 0 0 0.204878048780488
0

0101000
+3569 3 -3586 3 *
Wi

0101100
+3584 0 +3582 0 +3580 0 +3578 0 +3576 0 +3574 0 +3572 0 +3570 0 +3568 0 +3567 0 
*
Ve
1e-07
0.503137801552045 -0.13529399645455 1
0 0

0101101
*
Ve
1e-07
0.503137801552045 -0.0816354598691838 1
0 0

0101101
*
Ed
 1e-07 1 1 0
1  60 0 0 0.0536585365853658
2  119 3 0 0 0.0536585365853658
2  120 61 0 0 0.0536585365853658
0

0101000
+3565 3 -3564 3 *
Ve
1e-07
0.594906094234972 -0.112123264747233 1
0 0

0101101
*
Ed
 1e-07 1 1 0
1  61 0 0 1
2  121 3 0 0 1
2  122 62 0 0 1
0

0101000
+3564 3 -3562 3 *
Ve
1e-07
0.683625606430094 -0.0395622891374765 1
0 0

0101101
*
Ed
 1e-07 1 1 0
1  62 0 0 1
2  123 3 0 0 1
2  124 63 0 0 1
0

0101000
+3562 3 -3560 3 *
Ve
1e-07
0.575317679600825 0.0342181986674016 1
0 0

0101101
*
Ed
 1e-07 1 1 0
1  63 0 0 1
2  125 3 0 0 1
2  126 64 0 0 1
0

0101000
+3560 3 -3558 3 *
Ve
1e-07
0.542162191795947 0.0342181986674016 1
0 0

0101101
*
Ed
 1e-07 1 1 0
1  64 0 0 0.033155487804878
2  127 3 0 0 0.033155487804878
2  128 65 0 0 0.033155487804878
0

0101000
+3558 3 -3556 3 *
Ve
1e-07
0.542162191795947 0.0781206376917918 1
0 0

0101101
*
Ed
 1e-07 1 1 0
1  65 0 0 0.0439024390243903
2  129 3 0 0 0.0439024390243903
2  130 66 0 0 0.0439024390243903
0

0101000
+3556 3 -3554 3 *
Ve
1e-07
0.573640850332533 0.0781206376917918 1
0 0

0101101
*
Ed
 1e-07 1 1 0
1  66 0 0 0.0314786585365854
2  131 3 0 0 0.0314786585365854
2  132 67 0 0 0.0314786585365854
0

0101000
+3554 3 -3552 3 *
Ve
1e-07
0.66899146008863 0.146565759643011 1
0 0

0101101
*
Ed
 1e-07 1 1 0
1  67 0 0 1
2  133 3 0 0 1
2  134 68 0 0 1
0

0101000
+3552 3 -3550 3 *
Ve
1e-07
0.596201825942289 0.209827954764963 1
0 0

0101101
*
Ed
 1e-07 1 1 0
1  68 0 0 1
2  135 3 0 0 1
2  136 69 0 0 1
0

0101000
+3550 3 -3548 3 *
Ve
1e-07
0.517771947893508 0.179340149886914 1
0 0

0101101
*
Ed
 1e-07 1 1 0
1  69 0 0 1
2  137 3 0 0 1
2  138 70 0 0 1
0

0101000
+3548 3 -3546 3 *
Ve
1e-07
0.517771947893508 0.223242588911304 1
0 0

0101101
*
Ed
 1e-07 1 1 0
1  70 0 0 0.0439024390243903
2  139 3 0 0 0.0439024390243903
2  140 71 0 0 0.0439024390243903
0

0101000
+3546 3 -3544 3 *
Ve
1e-07
0.60946402106424 0.253730393789353 1
0 0

0101101
*
Ed
 1e-07 1 1 0
1  71 0 0 1
2  141 3 0 0 1
2  142 72 0 0 1
0

0101000
+3544 3 -3542 3 *
Ve
1e-07
0.722649996673996 0.158989540130816 1
0 0

0101101
*
Ed
 1e-07 1 1 0
1  72 0 0 1
2  143 3 0 0 1
2  144 73 0 0 1
0

0101000
+3542 3 -3540 3 *
Ve
1e-07
0.640942679600825 0.0594468572039869 1
0 0

0101101
*
Ed
 1e-07 1 1 0
1  73 0 0 1
2  145 3 0 0 1
2  146 74 0 0 1
0

0101000
+3540 3 -3538 3 *
Ve
1e-07
0.640942679600825 0.0584560035454504 1
0 0

0101101
*
Ed
 1e-07 1 1 0
1  74 0 0 0.000990853658536572
2  147 3 0 0 0.000990853658536572
2  148 75 0 0 0.000990853658536572
0

0101000
+3538 3 -3536 3 *
Ve
1e-07
0.73728414301546 -0.0364372891374765 1
0 0

0101101
*
Ed
 1e-07 1 1 0
1  75 0 0 1
2  149 3 0 0 1
2  150 76 0 0 1
0

0101000
+3536 3 -3534 3 *
Ve
1e-07
0.594906094234972 -0.156025703771623 1
0 0

0101101
*
Ed
 1e-07 1 1 0
1  76 0 0 1
2  151 3 0 0 1
2  152 77 0 0 1
0

0101000
+3534 3 -3532 3 *
Ed
 1e-07 1 1 0
1  77 0 0 1
2  153 3 0 0 1
2  154 78 0 0 1
0

0101000
+3532 3 -3565 3 *
Wi

0101100
+3563 0 +3561 0 +3559 0 +3557 0 +3555 0 +3553 0 +3551 0 +3549 0 +3547 0 +3545 0 
+3543 0 +3541 0 +3539 0 +3537 0 +3535 0 +3533 0 +3531 0 +3530 0 *
Ve
1e-07
-0.73100853991137 0.248852345008865 1
0 0

0101101
*
Ve
1e-07
-0.677350003326004 0.248852345008865 1
0 0

0101101
*
Ed
 1e-07 1 1 0
1  78 0 -1.11022302462516e-16 0.0536585365853659
2  155 3 0 -1.11022302462516e-16 0.0536585365853659
2  156 79 0 -1.11022302462516e-16 0.0536585365853659
0

0101000
+3528 3 -3527 3 *
Ve
1e-07
-0.818813417960151 -0.151147654991135 1
0 0

0101101
*
Ed
 1e-07 1 1 0
1  79 0 0 0.424278090030528
2  157 3 0 0 0.424278090030528
2  158 80 0 0 0.424278090030528
0

0101000
+3527 3 -3525 3 *
Ve
1e-07
-0.877350003326004 -0.151147654991135 1
0 0

0101101
*
Ed
 1e-07 1 1 0
1  80 0 0 0.0585365853658536
2  159 3 0 0 0.0585365853658536
2  160 81 0 0 0.0585365853658536
0

0101000
+3525 3 -3523 3 *
Ve
1e-07
-1.02369146674064 0.248852345008865 1
0 0

0101101
*
Ed
 1e-07 1 1 0
1  81 0 0 0.425929364935475
2  161 3 0 0 0.425929364935475
2  162 82 0 0 0.425929364935475
0

0101000
+3523 3 -3521 3 *
Ve
1e-07
-0.965154881374785 0.248852345008865 1
0 0

0101101
*
Ed
 1e-07 1 1 0
1  82 0 0 0.0585365853658537
2  163 3 0 0 0.0585365853658537
2  164 83 0 0 0.0585365853658537
0

0101000
+3521 3 -3519 3 *
Ve
1e-07
-0.855932320399175 -0.0618183866984521 1
0 0

0101101
*
Ed
 1e-07 1 1 0
1  83 0 0 0.329311207470427
2  165 3 0 0 0.329311207470427
2  166 84 0 0 0.329311207470427
0

0101000
+3519 3 -3517 3 *
Ve
1e-07
-0.847853052106492 -0.0974891184057692 1
0 0

0101101
*
Ed
 1e-07 1 1 0
1  84 0 0 1
2  167 3 0 0 1
2  168 85 0 0 1
0

0101000
+3517 3 -3515 3 *
Ve
1e-07
-0.84663353991137 -0.0974891184057692 1
0 0

0101101
*
Ed
 1e-07 1 1 0
1  85 0 0 0.00121951219512195
2  169 3 0 0 0.00121951219512195
2  170 86 0 0 0.00121951219512195
0

0101000
+3515 3 -3513 3 *
Ve
1e-07
-0.837792076496736 -0.0612848501130862 1
0 0

0101101
*
Ed
 1e-07 1 1 0
1  86 0 0 1
2  171 3 0 0 1
2  172 87 0 0 1
0

0101000
+3513 3 -3511 3 *
Ed
 1e-07 1 1 0
1  87 0 0 0.328005797942337
2  173 3 0 0 0.328005797942337
2  174 88 0 0 0.328005797942337
0

0101000
+3511 3 -3528 3 *
Wi

0101100
+3526 0 +3524 0 +3522 0 +3520 0 +3518 0 +3516 0 +3514 0 +3512 0 +3510 0 +3509 0 
*
Ve
1e-07
2.5 -2.5 1
0 0

0101101
*
Ve
1e-07
2.5 2.5 1
0 0

0101101
*
Ed
 1e-07 1 1 0
1  88 0 0 5
2  175 3 0 0 5
2  176 14 0 0 5
0

0101000
+3507 3 -3506 3 *
Ve
1e-07
-2.5 2.5 1
0 0

0101101
*
Ed
 1e-07 1 1 0
1  89 0 -5 -0
2  177 3 0 -5 -0
2  178 17 0 -5 -0
0

0101000
+3506 3 -3504 3 *
Ve
1e-07
-2.5 -2.5 1
0 0

0101101
*
Ed
 1e-07 1 1 0
1  90 0 -5 -0
2  179 3 0 -5 -0
2  180 16 0 -5 -0
0

0101000
+3504 3 -3502 3 *
Ed
 1e-07 1 1 0
1  91 0 0 5
2  181 3 0 0 5
2  182 15 0 0 5
0

0101000
+3502 3 -3507 3 *
Wi

0101100
+3505 0 +3503 0 +3501 0 +3500 0 *
Ed
 1e-07 1 1 0
1  92 0 0 3.14159265358979
2  183 3 0 0 3.14159265358979
2  184 2 0 0 3.14159265358979
0

0101000
+3692 3 -3690 3 *
Wi

0101100
-3498 0 -3689 0 *
Ve
1e-07
0.90931158203985 0.0285779547649625 1
0 0

0101101
*
Ve
1e-07
0.990942679600825 0.14267856452106 1
0 0

0101101
*
Ed
 1e-07 1 1 0
1  93 0 0 1
2  185 3 0 0 1
2  186 89 0 0 1
0

0101000
+3496 3 -3495 3 *
Ve
1e-07
0.913960972283752 0.209827954764963 1
0 0

0101101
*
Ed
 1e-07 1 1 0
1  94 0 0 1
2  187 3 0 0 1
2  188 90 0 0 1
0

0101000
+3495 3 -3493 3 *
Ve
1e-07
0.815332923503264 0.161199905984475 1
0 0

0101101
*
Ed
 1e-07 1 1 0
1  95 0 0 1
2  189 3 0 0 1
2  190 91 0 0 1
0

0101000
+3493 3 -3491 3 *
Ve
1e-07
0.815332923503264 0.210132832813743 1
0 0

0101101
*
Ed
 1e-07 1 1 0
1  96 0 0 0.0489329268292683
2  191 3 0 0 0.0489329268292683
2  192 92 0 0 0.0489329268292683
0

0101000
+3491 3 -3489 3 *
Ve
1e-07
0.91883902106424 0.253730393789353 1
0 0

0101101
*
Ed
 1e-07 1 1 0
1  97 0 0 1
2  193 3 0 0 1
2  194 93 0 0 1
0

0101000
+3489 3 -3487 3 *
Ve
1e-07
1.0397231674057 0.146565759643011 1
0 0

0101101
*
Ed
 1e-07 1 1 0
1  98 0 0 1
2  195 3 0 0 1
2  196 94 0 0 1
0

0101000
+3487 3 -3485 3 *
Ve
1e-07
0.950317679600825 0.00418771086252353 1
0 0

0101101
*
Ed
 1e-07 1 1 0
1  99 0 0 1
2  197 3 0 0 1
2  198 95 0 0 1
0

0101000
+3485 3 -3483 3 *
Ve
1e-07
0.853137801552045 -0.107245215966745 1
0 0

0101101
*
Ed
 1e-07 1 1 0
1  100 0 0 1
2  199 3 0 0 1
2  200 96 0 0 1
0

0101000
+3483 3 -3481 3 *
Ve
1e-07
1.04947926496668 -0.107245215966745 1
0 0

0101101
*
Ed
 1e-07 1 1 0
1  101 0 0 0.196341463414634
2  201 3 0 0 0.196341463414634
2  202 97 0 0 0.196341463414634
0

0101000
+3481 3 -3479 3 *
Ve
1e-07
1.04947926496668 -0.151147654991135 1
0 0

0101101
*
Ed
 1e-07 1 1 0
1  102 0 0 0.0439024390243902
2  203 3 0 0 0.0439024390243902
2  204 98 0 0 0.0439024390243902
0

0101000
+3479 3 -3477 3 *
Ve
1e-07
0.800698777161801 -0.151147654991135 1
0 0

0101101
*
Ed
 1e-07 1 1 0
1  103 0 0 0.248780487804878
2  205 3 0 0 0.248780487804878
2  206 99 0 0 0.248780487804878
0

0101000
+3477 3 -3475 3 *
Ve
1e-07
0.800698777161801 -0.131330581820403 1
0 0

0101101
*
Ed
 1e-07 1 1 0
1  104 0 0 0.0198170731707317
2  207 3 0 0 0.0198170731707317
2  208 100 0 0 0.0198170731707317
0

0101000
+3475 3 -3473 3 *
Ed
 1e-07 1 1 0
1  105 0 0 1
2  209 3 0 0 1
2  210 101 0 0 1
0

0101000
+3473 3 -3496 3 *
Wi

0101100
+3494 0 +3492 0 +3490 0 +3488 0 +3486 0 +3484 0 +3482 0 +3480 0 +3478 0 +3476 0 
+3474 0 +3472 0 +3471 0 *
Ve
1e-07
0.415332923503264 0.248852345008865 1
0 0

0101101
*
Ve
1e-07
0.415332923503264 -0.151147654991135 1
0 0

0101101
*
Ed
 1e-07 1 1 0
1  106 0 0 0.4
2  211 3 0 0 0.4
2  212 102 0 0 0.4
0

0101000
+3469 3 -3468 3 *
Ve
1e-07
0.351689630820337 -0.151147654991135 1
0 0

0101101
*
Ed
 1e-07 1 1 0
1  107 0 0 0.0636432926829268
2  213 3 0 0 0.0636432926829268
2  214 103 0 0 0.0636432926829268
0

0101000
+3468 3 -3466 3 *
Ve
1e-07
0.155500606430093 0.159370637691792 1
0 0

0101101
*
Ed
 1e-07 1 1 0
1  108 0 0 0.367303339736948
2  215 3 0 0 0.367303339736948
2  216 104 0 0 0.367303339736948
0

0101000
+3466 3 -3464 3 *
Ve
1e-07
0.142162191795947 0.185437710862524 1
0 0

0101101
*
Ed
 1e-07 1 1 0
1  109 0 0 1
2  217 3 0 0 1
2  218 105 0 0 1
0

0101000
+3464 3 -3462 3 *
Ve
1e-07
0.14056158203985 0.185437710862524 1
0 0

0101101
*
Ed
 1e-07 1 1 0
1  110 0 -2.77555756156289e-17 0.00160060975609758
2  219 3 0 -2.77555756156289e-17 0.00160060975609758
2  220 106 0 -2.77555756156289e-17 0.00160060975609758
0

0101000
+3462 3 -3460 3 *
Ve
1e-07
0.142162191795947 0.129492588911304 1
0 0

0101101
*
Ed
 1e-07 1 1 0
1  111 0 0 1
2  221 3 0 0 1
2  222 107 0 0 1
0

0101000
+3460 3 -3458 3 *
Ve
1e-07
0.142162191795947 -0.151147654991135 1
0 0

0101101
*
Ed
 1e-07 1 1 0
1  112 0 0 0.280640243902439
2  223 3 0 0 0.280640243902439
2  224 108 0 0 0.280640243902439
0

0101000
+3458 3 -3456 3 *
Ve
1e-07
0.0885036552105812 -0.151147654991135 1
0 0

0101101
*
Ed
 1e-07 1 1 0
1  113 0 0 0.0536585365853659
2  225 3 0 0 0.0536585365853659
2  226 109 0 0 0.0536585365853659
0

0101000
+3456 3 -3454 3 *
Ve
1e-07
0.0885036552105812 0.248852345008865 1
0 0

0101101
*
Ed
 1e-07 1 1 0
1  114 0 0 0.4
2  227 3 0 0 0.4
2  228 110 0 0 0.4
0

0101000
+3454 3 -3452 3 *
Ve
1e-07
0.156796338137411 0.248852345008865 1
0 0

0101101
*
Ed
 1e-07 1 1 0
1  115 0 0 0.0682926829268293
2  229 3 0 0 0.0682926829268293
2  230 111 0 0 0.0682926829268293
0

0101000
+3452 3 -3450 3 *
Ve
1e-07
0.34711646008863 -0.0553397281618667 1
0 0

0101101
*
Ed
 1e-07 1 1 0
1  116 0 0 0.358823865147561
2  231 3 0 0 0.358823865147561
2  232 112 0 0 0.358823865147561
0

0101000
+3450 3 -3448 3 *
Ve
1e-07
0.363198777161801 -0.0828549720643058 1
0 0

0101101
*
Ed
 1e-07 1 1 0
1  117 0 0 1
2  233 3 0 0 1
2  234 113 0 0 1
0

0101000
+3448 3 -3446 3 *
Ve
1e-07
0.364265850332533 -0.0828549720643058 1
0 0

0101101
*
Ed
 1e-07 1 1 0
1  118 0 0 0.00106707317073168
2  235 3 0 0 0.00106707317073168
2  236 114 0 0 0.00106707317073168
0

0101000
+3446 3 -3444 3 *
Ve
1e-07
0.361674386917898 -0.0247757037716228 1
0 0

0101101
*
Ed
 1e-07 1 1 0
1  119 0 0 1
2  237 3 0 0 1
2  238 115 0 0 1
0

0101000
+3444 3 -3442 3 *
Ve
1e-07
0.361674386917898 0.248852345008865 1
0 0

0101101
*
Ed
 1e-07 1 1 0
1  120 0 0 0.273628048780488
2  239 3 0 0 0.273628048780488
2  240 116 0 0 0.273628048780488
0

0101000
+3442 3 -3440 3 *
Ed
 1e-07 1 1 0
1  121 0 0 0.0536585365853658
2  241 3 0 0 0.0536585365853658
2  242 117 0 0 0.0536585365853658
0

0101000
+3440 3 -3469 3 *
Wi

0101100
+3467 0 +3465 0 +3463 0 +3461 0 +3459 0 +3457 0 +3455 0 +3453 0 +3451 0 +3449 0 
+3447 0 +3445 0 +3443 0 +3441 0 +3439 0 +3438 0 *
Ve
1e-07
-0.459667076496736 -0.156025703771623 1
0 0

0101101
*
Ve
1e-07
-0.648081710643077 0.0441267352527674 1
0 0

0101101
*
Ed
 1e-07 1 1 0
1  122 0 0 1
2  243 3 0 0 1
2  244 118 0 0 1
0

0101000
+3436 3 -3435 3 *
Ve
1e-07
-0.45318841796015 0.253730393789353 1
0 0

0101101
*
Ed
 1e-07 1 1 0
1  123 0 0 1
2  245 3 0 0 1
2  246 119 0 0 1
0

0101000
+3435 3 -3433 3 *
Ve
1e-07
-0.267593905765028 0.0535779547649626 1
0 0

0101101
*
Ed
 1e-07 1 1 0
1  124 0 0 1
2  247 3 0 0 1
2  248 120 0 0 1
0

0101000
+3433 3 -3431 3 *
Ve
1e-07
-0.319880491130882 -0.0994708257228423 1
0 0

0101101
*
Ed
 1e-07 1 1 0
1  125 0 0 1
2  249 3 0 0 1
2  250 121 0 0 1
0

0101000
+3431 3 -3429 3 *
Ve
1e-07
-0.346557320399175 -0.123022654991135 1
0 0

0101101
*
Ed
 1e-07 1 1 0
1  126 0 0 1
2  251 3 0 0 1
2  252 122 0 0 1
0

0101000
+3429 3 -3427 3 *
Ve
1e-07
-0.233447564301614 -0.204806191576501 1
0 0

0101101
*
Ed
 1e-07 1 1 0
1  127 0 -2.87213463104355e-17 0.139579238358932
2  253 3 0 -2.87213463104355e-17 0.139579238358932
2  254 123 0 -2.87213463104355e-17 0.139579238358932
0

0101000
+3427 3 -3425 3 *
Ve
1e-07
-0.318889637472345 -0.204806191576501 1
0 0

0101101
*
Ed
 1e-07 1 1 0
1  128 0 0 0.0854420731707317
2  255 3 0 0 0.0854420731707317
2  256 124 0 0 0.0854420731707317
0

0101000
+3425 3 -3423 3 *
Ve
1e-07
-0.395185369179663 -0.147031801332598 1
0 0

0101101
*
Ed
 1e-07 1 1 0
1  129 0 0 0.0957022405422655
2  257 3 0 0 0.0957022405422655
2  258 125 0 0 0.0957022405422655
0

0101000
+3423 3 -3421 3 *
Ed
 1e-07 1 1 0
1  130 0 0 1
2  259 3 0 0 1
2  260 126 0 0 1
0

0101000
+3421 3 -3436 3 *
Wi

0101100
+3434 0 +3432 0 +3430 0 +3428 0 +3426 0 +3424 0 +3422 0 +3420 0 +3419 0 *
Fa
0  1e-07 3 0

0101000
-3566 0 -3529 0 -3508 0 -3499 0 -3497 0 -3470 0 -3437 0 -3418 0 *
Ed
 1e-07 1 1 0
1  131 0 -0 1
2  261 14 0 -0 1
2  262 17 0 -0 1
0

0101000
+3506 3 -3665 3 *
Ed
 1e-07 1 1 0
1  132 0 -0 1
2  263 14 0 -0 1
2  264 15 0 -0 1
0

0101000
+3507 3 -3666 3 *
Wi

0101100
+3664 0 -3416 0 -3505 0 +3415 0 *
Fa
0  1e-07 14 0

0101000
-3414 0 *
Ed
 1e-07 1 1 0
1  133 0 -0 1
2  265 17 0 -0 1
2  266 16 0 -0 1
0

0101000
+3504 3 -3661 3 *
Wi

0101100
+3659 0 -3412 0 -3503 0 +3416 0 *
Fa
0  1e-07 17 0

0101000
-3411 0 *
Ed
 1e-07 1 1 0
1  134 0 -0 1
2  267 16 0 -0 1
2  268 15 0 -0 1
0

0101000
+3502 3 -3663 3 *
Wi

0101100
+3660 0 -3409 0 -3501 0 +3412 0 *
Fa
0  1e-07 16 0

0101000
-3408 0 *
Ve
1e-07
-0.6 -2.5 0.18
0 0

0101101
*
Ve
1e-07
-0.4 -2.5 0.18
0 0

0101101
*
Ed
 1e-07 1 1 0
1  135 0 1.9 2.1
2  269 15 0 1.9 2.1
2  270 127 0 1.9 2.1
0

0101000
+3406 3 -3405 3 *
Ve
1e-07
-0.4 -2.5 0.12
0 0

0101101
*
Ed
 1e-07 1 1 0
1  136 0 0.82 0.88
2  271 15 0 0.82 0.88
2  272 128 0 0.82 0.88
0

0101000
+3405 3 -3403 3 *
Ve
1e-07
-0.6 -2.5 0.12
0 0

0101101
*
Ed
 1e-07 1 1 0
1  137 0 -2.1 -1.9
2  273 15 0 -2.1 -1.9
2  274 129 0 -2.1 -1.9
0

0101000
+3403 3 -3401 3 *
Ed
 1e-07 1 1 0
1  138 0 -0.88 -0.82
2  275 15 0 -0.88 -0.82
2  276 130 0 -0.88 -0.82
0

0101000
+3401 3 -3406 3 *
Wi

0101100
+3404 0 +3402 0 +3400 0 +3399 0 *
Ve
1e-07
0.4 -2.5 0.18
0 0

0101101
*
Ve
1e-07
0.6 -2.5 0.18
0 0

0101101
*
Ed
 1e-07 1 1 0
1  139 0 2.9 3.1
2  277 15 0 2.9 3.1
2  278 131 0 2.9 3.1
0

0101000
+3397 3 -3396 3 *
Ve
1e-07
0.6 -2.5 0.12
0 0

0101101
*
Ed
 1e-07 1 1 0
1  140 0 0.82 0.88
2  279 15 0 0.82 0.88
2  280 132 0 0.82 0.88
0

0101000
+3396 3 -3394 3 *
Ve
1e-07
0.4 -2.5 0.12
0 0

0101101
*
Ed
 1e-07 1 1 0
1  141 0 -3.1 -2.9
2  281 15 0 -3.1 -2.9
2  282 133 0 -3.1 -2.9
0

0101000
+3394 3 -3392 3 *
Ed
 1e-07 1 1 0
1  142 0 -0.88 -0.82
2  283 15 0 -0.88 -0.82
2  284 134 0 -0.88 -0.82
0

0101000
+3392 3 -3397 3 *
Wi

0101100
+3395 0 +3393 0 +3391 0 +3390 0 *
Wi

0101100
+3662 0 -3415 0 -3500 0 +3409 0 *
Fa
0  1e-07 15 0

0101000
-3398 0 -3389 0 -3388 0 *
Ve
1e-07
-0.73100853991137 0.248852345008865 0.99
0 0

0101101
*
Ed
 1e-07 1 1 0
1  143 0 0 0.01
2  285 79 0 0 0.01
2  286 88 0 0 0.01
0

0101000
+3386 3 -3528 3 *
Ve
1e-07
-0.677350003326004 0.248852345008865 0.99
0 0

0101101
*
Ed
 1e-07 1 1 0
1  144 0 0 0.0536585365853659
2  287 79 0 0 0.0536585365853659
2  288 135 0 0 0.0536585365853659
0

0101000
+3386 3 -3384 3 *
Ed
 1e-07 1 1 0
1  145 0 0 0.01
2  289 79 0 0 0.01
2  290 80 0 0 0.01
0

0101000
+3384 3 -3527 3 *
Wi

0101100
-3526 0 -3385 0 +3383 0 +3382 0 *
Fa
0  1e-07 79 0

0101000
+3381 0 *
Ve
1e-07
-0.818813417960151 -0.151147654991135 0.99
0 0

0101101
*
Ed
 1e-07 1 1 0
1  146 0 0 0.424278090030528
2  291 80 0 0 0.424278090030528
2  292 135 0 0 0.424278090030528
0

0101000
+3384 3 -3379 3 *
Ed
 1e-07 1 1 0
1  147 0 0 0.01
2  293 80 0 0 0.01
2  294 81 0 0 0.01
0

0101000
+3379 3 -3525 3 *
Wi

0101100
-3524 0 -3382 0 +3378 0 +3377 0 *
Fa
0  1e-07 80 0

0101000
+3376 0 *
Ve
1e-07
-0.877350003326004 -0.151147654991135 0.99
0 0

0101101
*
Ed
 1e-07 1 1 0
1  148 0 0 0.0585365853658536
2  295 81 0 0 0.0585365853658536
2  296 135 0 0 0.0585365853658536
0

0101000
+3379 3 -3374 3 *
Ed
 1e-07 1 1 0
1  149 0 0 0.01
2  297 81 0 0 0.01
2  298 82 0 0 0.01
0

0101000
+3374 3 -3523 3 *
Wi

0101100
-3522 0 -3377 0 +3373 0 +3372 0 *
Fa
0  1e-07 81 0

0101000
+3371 0 *
Ve
1e-07
-1.02369146674064 0.248852345008865 0.99
0 0

0101101
*
Ed
 1e-07 1 1 0
1  150 0 0 0.425929364935475
2  299 82 0 0 0.425929364935475
2  300 135 0 0 0.425929364935475
0

0101000
+3374 3 -3369 3 *
Ed
 1e-07 1 1 0
1  151 0 0 0.01
2  301 82 0 0 0.01
2  302 83 0 0 0.01
0

0101000
+3369 3 -3521 3 *
Wi

0101100
-3520 0 -3372 0 +3368 0 +3367 0 *
Fa
0  1e-07 82 0

0101000
+3366 0 *
Ve
1e-07
-0.965154881374785 0.248852345008865 0.99
0 0

0101101
*
Ed
 1e-07 1 1 0
1  152 0 0 0.0585365853658537
2  303 83 0 0 0.0585365853658537
2  304 135 0 0 0.0585365853658537
0

0101000
+3369 3 -3364 3 *
Ed
 1e-07 1 1 0
1  153 0 0 0.01
2  305 83 0 0 0.01
2  306 84 0 0 0.01
0

0101000
+3364 3 -3519 3 *
Wi

0101100
-3518 0 -3367 0 +3363 0 +3362 0 *
Fa
0  1e-07 83 0

0101000
+3361 0 *
Ve
1e-07
-0.855932320399175 -0.0618183866984521 0.99
0 0

0101101
*
Ed
 1e-07 1 1 0
1  154 0 0 0.329311207470427
2  307 84 0 0 0.329311207470427
2  308 135 0 0 0.329311207470427
0

0101000
+3364 3 -3359 3 *
Ed
 1e-07 1 1 0
1  155 0 0 0.01
2  309 84 0 0 0.01
2  310 85 0 0 0.01
0

0101000
+3359 3 -3517 3 *
Wi

0101100
-3516 0 -3362 0 +3358 0 +3357 0 *
Fa
0  1e-07 84 0

0101000
+3356 0 *
Ve
1e-07
-0.847853052106492 -0.0974891184057692 0.99
0 0

0101101
*
Ed
 1e-07 1 1 0
1  156 0 0 1
2  311 85 0 0 1
2  312 135 0 0 1
0

0101000
+3359 3 -3354 3 *
Ed
 1e-07 1 1 0
1  157 0 0 0.01
2  313 85 0 0 0.01
2  314 86 0 0 0.01
0

0101000
+3354 3 -3515 3 *
Wi

0101100
-3514 0 -3357 0 +3353 0 +3352 0 *
Fa
0  1e-07 85 0

0101000
+3351 0 *
Ve
1e-07
-0.84663353991137 -0.0974891184057692 0.99
0 0

0101101
*
Ed
 1e-07 1 1 0
1  158 0 0 0.00121951219512195
2  315 86 0 0 0.00121951219512195
2  316 135 0 0 0.00121951219512195
0

0101000
+3354 3 -3349 3 *
Ed
 1e-07 1 1 0
1  159 0 0 0.01
2  317 86 0 0 0.01
2  318 87 0 0 0.01
0

0101000
+3349 3 -3513 3 *
Wi

0101100
-3512 0 -3352 0 +3348 0 +3347 0 *
Fa
0  1e-07 86 0

0101000
+3346 0 *
Ve
1e-07
-0.837792076496736 -0.0612848501130862 0.99
0 0

0101101
*
Ed
 1e-07 1 1 0
1  160 0 0 1
2  319 87 0 0 1
2  320 135 0 0 1
0

0101000
+3349 3 -3344 3 *
Ed
 1e-07 1 1 0
1  161 0 0 0.01
2  321 87 0 0 0.01
2  322 88 0 0 0.01
0

0101000
+3344 3 -3511 3 *
Wi

0101100
-3510 0 -3347 0 +3343 0 +3342 0 *
Fa
0  1e-07 87 0

0101000
+3341 0 *
Ed
 1e-07 1 1 0
1  162 0 0 0.328005797942337
2  323 88 0 0 0.328005797942337
2  324 135 0 0 0.328005797942337
0

0101000
+3344 3 -3386 3 *
Wi

0101100
-3509 0 -3342 0 +3339 0 +3385 0 *
Fa
0  1e-07 88 0

0101000
+3338 0 *
Wi

0101100
-3383 0 -3339 0 -3343 0 -3348 0 -3353 0 -3358 0 -3363 0 -3368 0 -3373 0 -3378 0 
*
Fa
0  1e-07 135 0

0101000
+3336 0 *
Ed
 1e-07 1 1 0
1  163 0 0 3.14159265358979
2  325 2 0 0 3.14159265358979
2  326 4 0 0 3.14159265358979
0

0101000
+3693 3 -3688 3 *
Wi

0101100
-3498 0 -3691 0 +3334 0 +3687 0 *
Fa
0  1e-07 2 0

0101000
+3333 0 *
Wi

0101100
+3334 0 +3686 0 *
Fa
0  1e-07 4 0

0101000
+3331 0 *
Ve
1e-07
0.90931158203985 0.0285779547649625 0.99
0 0

0101101
*
Ed
 1e-07 1 1 0
1  164 0 0 0.01
2  327 89 0 0 0.01
2  328 101 0 0 0.01
4 G1 89 0 101 0
0

0101000
+3329 3 -3496 3 *
Ve
1e-07
0.990942679600825 0.14267856452106 0.99
0 0

0101101
*
Ed
 1e-07 1 1 0
1  165 0 0 1
2  329 89 0 0 1
2  330 136 0 0 1
0

0101000
+3329 3 -3327 3 *
Ed
 1e-07 1 1 0
1  166 0 0 0.01
2  331 89 0 0 0.01
2  332 90 0 0 0.01
0

0101000
+3327 3 -3495 3 *
Wi

0101100
-3494 0 -3328 0 +3326 0 +3325 0 *
Fa
0  1e-07 89 0

0101000
+3324 0 *
Ve
1e-07
0.913960972283752 0.209827954764963 0.99
0 0

0101101
*
Ed
 1e-07 1 1 0
1  167 0 0 1
2  333 90 0 0 1
2  334 136 0 0 1
0

0101000
+3327 3 -3322 3 *
Ed
 1e-07 1 1 0
1  168 0 0 0.01
2  335 90 0 0 0.01
2  336 91 0 0 0.01
0

0101000
+3322 3 -3493 3 *
Wi

0101100
-3492 0 -3325 0 +3321 0 +3320 0 *
Fa
0  1e-07 90 0

0101000
+3319 0 *
Ve
1e-07
0.815332923503264 0.161199905984475 0.99
0 0

0101101
*
Ed
 1e-07 1 1 0
1  169 0 0 1
2  337 91 0 0 1
2  338 136 0 0 1
0

0101000
+3322 3 -3317 3 *
Ed
 1e-07 1 1 0
1  170 0 0 0.01
2  339 91 0 0 0.01
2  340 92 0 0 0.01
0

0101000
+3317 3 -3491 3 *
Wi

0101100
-3490 0 -3320 0 +3316 0 +3315 0 *
Fa
0  1e-07 91 0

0101000
+3314 0 *
Ve
1e-07
0.815332923503264 0.210132832813743 0.99
0 0

0101101
*
Ed
 1e-07 1 1 0
1  171 0 0 0.0489329268292683
2  341 92 0 0 0.0489329268292683
2  342 136 0 0 0.0489329268292683
0

0101000
+3317 3 -3312 3 *
Ed
 1e-07 1 1 0
1  172 0 0 0.01
2  343 92 0 0 0.01
2  344 93 0 0 0.01
0

0101000
+3312 3 -3489 3 *
Wi

0101100
-3488 0 -3315 0 +3311 0 +3310 0 *
Fa
0  1e-07 92 0

0101000
+3309 0 *
Ve
1e-07
0.91883902106424 0.253730393789353 0.99
0 0

0101101
*
Ed
 1e-07 1 1 0
1  173 0 0 1
2  345 93 0 0 1
2  346 136 0 0 1
0

0101000
+3312 3 -3307 3 *
Ed
 1e-07 1 1 0
1  174 0 0 0.01
2  347 93 0 0 0.01
2  348 94 0 0 0.01
0

0101000
+3307 3 -3487 3 *
Wi

0101100
-3486 0 -3310 0 +3306 0 +3305 0 *
Fa
0  1e-07 93 0

0101000
+3304 0 *
Ve
1e-07
1.0397231674057 0.146565759643011 0.99
0 0

0101101
*
Ed
 1e-07 1 1 0
1  175 0 0 1
2  349 94 0 0 1
2  350 136 0 0 1
0

0101000
+3307 3 -3302 3 *
Ed
 1e-07 1 1 0
1  176 0 0 0.01
2  351 94 0 0 0.01
2  352 95 0 0 0.01
0

0101000
+3302 3 -3485 3 *
Wi

0101100
-3484 0 -3305 0 +3301 0 +3300 0 *
Fa
0  1e-07 94 0

0101000
+3299 0 *
Ve
1e-07
0.950317679600825 0.00418771086252353 0.99
0 0

0101101
*
Ed
 1e-07 1 1 0
1  177 0 0 1
2  353 95 0 0 1
2  354 136 0 0 1
0

0101000
+3302 3 -3297 3 *
Ed
 1e-07 1 1 0
1  178 0 0 0.01
2  355 95 0 0 0.01
2  356 96 0 0 0.01
4 G1 95 0 96 0
0

0101000
+3297 3 -3483 3 *
Wi

0101100
-3482 0 -3300 0 +3296 0 +3295 0 *
Fa
0  1e-07 95 0

0101000
+3294 0 *
Ve
1e-07
0.853137801552045 -0.107245215966745 0.99
0 0

0101101
*
Ed
 1e-07 1 1 0
1  179 0 0 1
2  357 96 0 0 1
2  358 136 0 0 1
0

0101000
+3297 3 -3292 3 *
Ed
 1e-07 1 1 0
1  180 0 0 0.01
2  359 96 0 0 0.01
2  360 97 0 0 0.01
0

0101000
+3292 3 -3481 3 *
Wi

0101100
-3480 0 -3295 0 +3291 0 +3290 0 *
Fa
0  1e-07 96 0

0101000
+3289 0 *
Ve
1e-07
1.04947926496668 -0.107245215966745 0.99
0 0

0101101
*
Ed
 1e-07 1 1 0
1  181 0 0 0.196341463414634
2  361 97 0 0 0.196341463414634
2  362 136 0 0 0.196341463414634
0

0101000
+3292 3 -3287 3 *
Ed
 1e-07 1 1 0
1  182 0 0 0.01
2  363 97 0 0 0.01
2  364 98 0 0 0.01
0

0101000
+3287 3 -3479 3 *
Wi

0101100
-3478 0 -3290 0 +3286 0 +3285 0 *
Fa
0  1e-07 97 0

0101000
+3284 0 *
Ve
1e-07
1.04947926496668 -0.151147654991135 0.99
0 0

0101101
*
Ed
 1e-07 1 1 0
1  183 0 0 0.0439024390243902
2  365 98 0 0 0.0439024390243902
2  366 136 0 0 0.0439024390243902
0

0101000
+3287 3 -3282 3 *
Ed
 1e-07 1 1 0
1  184 0 0 0.01
2  367 98 0 0 0.01
2  368 99 0 0 0.01
0

0101000
+3282 3 -3477 3 *
Wi

0101100
-3476 0 -3285 0 +3281 0 +3280 0 *
Fa
0  1e-07 98 0

0101000
+3279 0 *
Ve
1e-07
0.800698777161801 -0.151147654991135 0.99
0 0

0101101
*
Ed
 1e-07 1 1 0
1  185 0 0 0.248780487804878
2  369 99 0 0 0.248780487804878
2  370 136 0 0 0.248780487804878
0

0101000
+3282 3 -3277 3 *
Ed
 1e-07 1 1 0
1  186 0 0 0.01
2  371 99 0 0 0.01
2  372 100 0 0 0.01
0

0101000
+3277 3 -3475 3 *
Wi

0101100
-3474 0 -3280 0 +3276 0 +3275 0 *
Fa
0  1e-07 99 0

0101000
+3274 0 *
Ve
1e-07
0.800698777161801 -0.131330581820403 0.99
0 0

0101101
*
Ed
 1e-07 1 1 0
1  187 0 0 0.0198170731707317
2  373 100 0 0 0.0198170731707317
2  374 136 0 0 0.0198170731707317
0

0101000
+3277 3 -3272 3 *
Ed
 1e-07 1 1 0
1  188 0 0 0.01
2  375 100 0 0 0.01
2  376 101 0 0 0.01
0

0101000
+3272 3 -3473 3 *
Wi

0101100
-3472 0 -3275 0 +3271 0 +3270 0 *
Fa
0  1e-07 100 0

0101000
+3269 0 *
Ed
 1e-07 1 1 0
1  189 0 0 1
2  377 101 0 0 1
2  378 136 0 0 1
0

0101000
+3272 3 -3329 3 *
Wi

0101100
-3471 0 -3270 0 +3267 0 +3328 0 *
Fa
0  1e-07 101 0

0101000
+3266 0 *
Wi

0101100
-3326 0 -3267 0 -3271 0 -3276 0 -3281 0 -3286 0 -3291 0 -3296 0 -3301 0 -3306 0 
-3311 0 -3316 0 -3321 0 *
Fa
0  1e-07 136 0

0101000
-3264 0 *
Ve
1e-07
0.503137801552045 -0.13529399645455 0.99
0 0

0101101
*
Ed
 1e-07 1 1 0
1  190 0 0 0.01
2  379 61 0 0 0.01
2  380 78 0 0 0.01
0

0101000
+3262 3 -3565 3 *
Ve
1e-07
0.503137801552045 -0.0816354598691838 0.99
0 0

0101101
*
Ed
 1e-07 1 1 0
1  191 0 0 0.0536585365853658
2  381 61 0 0 0.0536585365853658
2  382 137 0 0 0.0536585365853658
0

0101000
+3262 3 -3260 3 *
Ed
 1e-07 1 1 0
1  192 0 0 0.01
2  383 61 0 0 0.01
2  384 62 0 0 0.01
0

0101000
+3260 3 -3564 3 *
Wi

0101100
-3563 0 -3261 0 +3259 0 +3258 0 *
Fa
0  1e-07 61 0

0101000
+3257 0 *
Ve
1e-07
0.594906094234972 -0.112123264747233 0.99
0 0

0101101
*
Ed
 1e-07 1 1 0
1  193 0 0 1
2  385 62 0 0 1
2  386 137 0 0 1
0

0101000
+3260 3 -3255 3 *
Ed
 1e-07 1 1 0
1  194 0 0 0.01
2  387 62 0 0 0.01
2  388 63 0 0 0.01
0

0101000
+3255 3 -3562 3 *
Wi

0101100
-3561 0 -3258 0 +3254 0 +3253 0 *
Fa
0  1e-07 62 0

0101000
+3252 0 *
Ve
1e-07
0.683625606430094 -0.0395622891374765 0.99
0 0

0101101
*
Ed
 1e-07 1 1 0
1  195 0 0 1
2  389 63 0 0 1
2  390 137 0 0 1
0

0101000
+3255 3 -3250 3 *
Ed
 1e-07 1 1 0
1  196 0 0 0.01
2  391 63 0 0 0.01
2  392 64 0 0 0.01
0

0101000
+3250 3 -3560 3 *
Wi

0101100
-3559 0 -3253 0 +3249 0 +3248 0 *
Fa
0  1e-07 63 0

0101000
+3247 0 *
Ve
1e-07
0.575317679600825 0.0342181986674016 0.99
0 0

0101101
*
Ed
 1e-07 1 1 0
1  197 0 0 1
2  393 64 0 0 1
2  394 137 0 0 1
0

0101000
+3250 3 -3245 3 *
Ed
 1e-07 1 1 0
1  198 0 0 0.01
2  395 64 0 0 0.01
2  396 65 0 0 0.01
0

0101000
+3245 3 -3558 3 *
Wi

0101100
-3557 0 -3248 0 +3244 0 +3243 0 *
Fa
0  1e-07 64 0

0101000
+3242 0 *
Ve
1e-07
0.542162191795947 0.0342181986674016 0.99
0 0

0101101
*
Ed
 1e-07 1 1 0
1  199 0 0 0.033155487804878
2  397 65 0 0 0.033155487804878
2  398 137 0 0 0.033155487804878
0

0101000
+3245 3 -3240 3 *
Ed
 1e-07 1 1 0
1  200 0 0 0.01
2  399 65 0 0 0.01
2  400 66 0 0 0.01
0

0101000
+3240 3 -3556 3 *
Wi

0101100
-3555 0 -3243 0 +3239 0 +3238 0 *
Fa
0  1e-07 65 0

0101000
+3237 0 *
Ve
1e-07
0.542162191795947 0.0781206376917918 0.99
0 0

0101101
*
Ed
 1e-07 1 1 0
1  201 0 0 0.0439024390243903
2  401 66 0 0 0.0439024390243903
2  402 137 0 0 0.0439024390243903
0

0101000
+3240 3 -3235 3 *
Ed
 1e-07 1 1 0
1  202 0 0 0.01
2  403 66 0 0 0.01
2  404 67 0 0 0.01
0

0101000
+3235 3 -3554 3 *
Wi

0101100
-3553 0 -3238 0 +3234 0 +3233 0 *
Fa
0  1e-07 66 0

0101000
+3232 0 *
Ve
1e-07
0.573640850332533 0.0781206376917918 0.99
0 0

0101101
*
Ed
 1e-07 1 1 0
1  203 0 0 0.0314786585365854
2  405 67 0 0 0.0314786585365854
2  406 137 0 0 0.0314786585365854
0

0101000
+3235 3 -3230 3 *
Ed
 1e-07 1 1 0
1  204 0 0 0.01
2  407 67 0 0 0.01
2  408 68 0 0 0.01
0

0101000
+3230 3 -3552 3 *
Wi

0101100
-3551 0 -3233 0 +3229 0 +3228 0 *
Fa
0  1e-07 67 0

0101000
+3227 0 *
Ve
1e-07
0.66899146008863 0.146565759643011 0.99
0 0

0101101
*
Ed
 1e-07 1 1 0
1  205 0 0 1
2  409 68 0 0 1
2  410 137 0 0 1
0

0101000
+3230 3 -3225 3 *
Ed
 1e-07 1 1 0
1  206 0 0 0.01
2  411 68 0 0 0.01
2  412 69 0 0 0.01
0

0101000
+3225 3 -3550 3 *
Wi

0101100
-3549 0 -3228 0 +3224 0 +3223 0 *
Fa
0  1e-07 68 0

0101000
+3222 0 *
Ve
1e-07
0.596201825942289 0.209827954764963 0.99
0 0

0101101
*
Ed
 1e-07 1 1 0
1  207 0 0 1
2  413 69 0 0 1
2  414 137 0 0 1
0

0101000
+3225 3 -3220 3 *
Ed
 1e-07 1 1 0
1  208 0 0 0.01
2  415 69 0 0 0.01
2  416 70 0 0 0.01
0

0101000
+3220 3 -3548 3 *
Wi

0101100
-3547 0 -3223 0 +3219 0 +3218 0 *
Fa
0  1e-07 69 0

0101000
+3217 0 *
Ve
1e-07
0.517771947893508 0.179340149886914 0.99
0 0

0101101
*
Ed
 1e-07 1 1 0
1  209 0 0 1
2  417 70 0 0 1
2  418 137 0 0 1
0

0101000
+3220 3 -3215 3 *
Ed
 1e-07 1 1 0
1  210 0 0 0.01
2  419 70 0 0 0.01
2  420 71 0 0 0.01
0

0101000
+3215 3 -3546 3 *
Wi

0101100
-3545 0 -3218 0 +3214 0 +3213 0 *
Fa
0  1e-07 70 0

0101000
+3212 0 *
Ve
1e-07
0.517771947893508 0.223242588911304 0.99
0 0

0101101
*
Ed
 1e-07 1 1 0
1  211 0 0 0.0439024390243903
2  421 71 0 0 0.0439024390243903
2  422 137 0 0 0.0439024390243903
0

0101000
+3215 3 -3210 3 *
Ed
 1e-07 1 1 0
1  212 0 0 0.01
2  423 71 0 0 0.01
2  424 72 0 0 0.01
0

0101000
+3210 3 -3544 3 *
Wi

0101100
-3543 0 -3213 0 +3209 0 +3208 0 *
Fa
0  1e-07 71 0

0101000
+3207 0 *
Ve
1e-07
0.60946402106424 0.253730393789353 0.99
0 0

0101101
*
Ed
 1e-07 1 1 0
1  213 0 0 1
2  425 72 0 0 1
2  426 137 0 0 1
0

0101000
+3210 3 -3205 3 *
Ed
 1e-07 1 1 0
1  214 0 0 0.01
2  427 72 0 0 0.01
2  428 73 0 0 0.01
0

0101000
+3205 3 -3542 3 *
Wi

0101100
-3541 0 -3208 0 +3204 0 +3203 0 *
Fa
0  1e-07 72 0

0101000
+3202 0 *
Ve
1e-07
0.722649996673996 0.158989540130816 0.99
0 0

0101101
*
Ed
 1e-07 1 1 0
1  215 0 0 1
2  429 73 0 0 1
2  430 137 0 0 1
0

0101000
+3205 3 -3200 3 *
Ed
 1e-07 1 1 0
1  216 0 0 0.01
2  431 73 0 0 0.01
2  432 74 0 0 0.01
0

0101000
+3200 3 -3540 3 *
Wi

0101100
-3539 0 -3203 0 +3199 0 +3198 0 *
Fa
0  1e-07 73 0

0101000
+3197 0 *
Ve
1e-07
0.640942679600825 0.0594468572039869 0.99
0 0

0101101
*
Ed
 1e-07 1 1 0
1  217 0 0 1
2  433 74 0 0 1
2  434 137 0 0 1
0

0101000
+3200 3 -3195 3 *
Ed
 1e-07 1 1 0
1  218 0 0 0.01
2  435 74 0 0 0.01
2  436 75 0 0 0.01
0

0101000
+3195 3 -3538 3 *
Wi

0101100
-3537 0 -3198 0 +3194 0 +3193 0 *
Fa
0  1e-07 74 0

0101000
+3192 0 *
Ve
1e-07
0.640942679600825 0.0584560035454504 0.99
0 0

0101101
*
Ed
 1e-07 1 1 0
1  219 0 0 0.000990853658536572
2  437 75 0 0 0.000990853658536572
2  438 137 0 0 0.000990853658536572
0

0101000
+3195 3 -3190 3 *
Ed
 1e-07 1 1 0
1  220 0 0 0.01
2  439 75 0 0 0.01
2  440 76 0 0 0.01
0

0101000
+3190 3 -3536 3 *
Wi

0101100
-3535 0 -3193 0 +3189 0 +3188 0 *
Fa
0  1e-07 75 0

0101000
+3187 0 *
Ve
1e-07
0.73728414301546 -0.0364372891374765 0.99
0 0

0101101
*
Ed
 1e-07 1 1 0
1  221 0 0 1
2  441 76 0 0 1
2  442 137 0 0 1
0

0101000
+3190 3 -3185 3 *
Ed
 1e-07 1 1 0
1  222 0 0 0.01
2  443 76 0 0 0.01
2  444 77 0 0 0.01
0

0101000
+3185 3 -3534 3 *
Wi

0101100
-3533 0 -3188 0 +3184 0 +3183 0 *
Fa
0  1e-07 76 0

0101000
+3182 0 *
Ve
1e-07
0.594906094234972 -0.156025703771623 0.99
0 0

0101101
*
Ed
 1e-07 1 1 0
1  223 0 0 1
2  445 77 0 0 1
2  446 137 0 0 1
0

0101000
+3185 3 -3180 3 *
Ed
 1e-07 1 1 0
1  224 0 0 0.01
2  447 77 0 0 0.01
2  448 78 0 0 0.01
0

0101000
+3180 3 -3532 3 *
Wi

0101100
-3531 0 -3183 0 +3179 0 +3178 0 *
Fa
0  1e-07 77 0

0101000
+3177 0 *
Ed
 1e-07 1 1 0
1  225 0 0 1
2  449 78 0 0 1
2  450 137 0 0 1
0

0101000
+3180 3 -3262 3 *
Wi

0101100
-3530 0 -3178 0 +3175 0 +3261 0 *
Fa
0  1e-07 78 0

0101000
+3174 0 *
Wi

0101100
-3259 0 -3175 0 -3179 0 -3184 0 -3189 0 -3194 0 -3199 0 -3204 0 -3209 0 -3214 0 
-3219 0 -3224 0 -3229 0 -3234 0 -3239 0 -3244 0 -3249 0 -3254 0 *
Fa
0  1e-07 137 0

0101000
-3172 0 *
Ve
1e-07
0.415332923503264 0.248852345008865 0.99
0 0

0101101
*
Ed
 1e-07 1 1 0
1  226 0 0 0.01
2  451 102 0 0 0.01
2  452 117 0 0 0.01
0

0101000
+3170 3 -3469 3 *
Ve
1e-07
0.415332923503264 -0.151147654991135 0.99
0 0

0101101
*
Ed
 1e-07 1 1 0
1  227 0 0 0.4
2  453 102 0 0 0.4
2  454 138 0 0 0.4
0

0101000
+3170 3 -3168 3 *
Ed
 1e-07 1 1 0
1  228 0 0 0.01
2  455 102 0 0 0.01
2  456 103 0 0 0.01
0

0101000
+3168 3 -3468 3 *
Wi

0101100
-3467 0 -3169 0 +3167 0 +3166 0 *
Fa
0  1e-07 102 0

0101000
+3165 0 *
Ve
1e-07
0.351689630820337 -0.151147654991135 0.99
0 0

0101101
*
Ed
 1e-07 1 1 0
1  229 0 0 0.0636432926829268
2  457 103 0 0 0.0636432926829268
2  458 138 0 0 0.0636432926829268
0

0101000
+3168 3 -3163 3 *
Ed
 1e-07 1 1 0
1  230 0 0 0.01
2  459 103 0 0 0.01
2  460 104 0 0 0.01
0

0101000
+3163 3 -3466 3 *
Wi

0101100
-3465 0 -3166 0 +3162 0 +3161 0 *
Fa
0  1e-07 103 0

0101000
+3160 0 *
Ve
1e-07
0.155500606430093 0.159370637691792 0.99
0 0

0101101
*
Ed
 1e-07 1 1 0
1  231 0 0 0.367303339736948
2  461 104 0 0 0.367303339736948
2  462 138 0 0 0.367303339736948
0

0101000
+3163 3 -3158 3 *
Ed
 1e-07 1 1 0
1  232 0 0 0.01
2  463 104 0 0 0.01
2  464 105 0 0 0.01
0

0101000
+3158 3 -3464 3 *
Wi

0101100
-3463 0 -3161 0 +3157 0 +3156 0 *
Fa
0  1e-07 104 0

0101000
+3155 0 *
Ve
1e-07
0.142162191795947 0.185437710862524 0.99
0 0

0101101
*
Ed
 1e-07 1 1 0
1  233 0 0 1
2  465 105 0 0 1
2  466 138 0 0 1
0

0101000
+3158 3 -3153 3 *
Ed
 1e-07 1 1 0
1  234 0 0 0.01
2  467 105 0 0 0.01
2  468 106 0 0 0.01
0

0101000
+3153 3 -3462 3 *
Wi

0101100
-3461 0 -3156 0 +3152 0 +3151 0 *
Fa
0  1e-07 105 0

0101000
+3150 0 *
Ve
1e-07
0.14056158203985 0.185437710862524 0.99
0 0

0101101
*
Ed
 1e-07 1 1 0
1  235 0 -2.77555756156289e-17 0.00160060975609758
2  469 106 0 -2.77555756156289e-17 0.00160060975609758
2  470 138 0 -2.77555756156289e-17 0.00160060975609758
0

0101000
+3153 3 -3148 3 *
Ed
 1e-07 1 1 0
1  236 0 0 0.01
2  471 106 0 0 0.01
2  472 107 0 0 0.01
0

0101000
+3148 3 -3460 3 *
Wi

0101100
-3459 0 -3151 0 +3147 0 +3146 0 *
Fa
0  1e-07 106 0

0101000
+3145 0 *
Ve
1e-07
0.142162191795947 0.129492588911304 0.99
0 0

0101101
*
Ed
 1e-07 1 1 0
1  237 0 0 1
2  473 107 0 0 1
2  474 138 0 0 1
0

0101000
+3148 3 -3143 3 *
Ed
 1e-07 1 1 0
1  238 0 0 0.01
2  475 107 0 0 0.01
2  476 108 0 0 0.01
4 G1 107 0 108 0
0

0101000
+3143 3 -3458 3 *
Wi

0101100
-3457 0 -3146 0 +3142 0 +3141 0 *
Fa
0  1e-07 107 0

0101000
+3140 0 *
Ve
1e-07
0.142162191795947 -0.151147654991135 0.99
0 0

0101101
*
Ed
 1e-07 1 1 0
1  239 0 0 0.280640243902439
2  477 108 0 0 0.280640243902439
2  478 138 0 0 0.280640243902439
0

0101000
+3143 3 -3138 3 *
Ed
 1e-07 1 1 0
1  240 0 0 0.01
2  479 108 0 0 0.01
2  480 109 0 0 0.01
0

0101000
+3138 3 -3456 3 *
Wi

0101100
-3455 0 -3141 0 +3137 0 +3136 0 *
Fa
0  1e-07 108 0

0101000
+3135 0 *
Ve
1e-07
0.0885036552105812 -0.151147654991135 0.99
0 0

0101101
*
Ed
 1e-07 1 1 0
1  241 0 0 0.0536585365853659
2  481 109 0 0 0.0536585365853659
2  482 138 0 0 0.0536585365853659
0

0101000
+3138 3 -3133 3 *
Ed
 1e-07 1 1 0
1  242 0 0 0.01
2  483 109 0 0 0.01
2  484 110 0 0 0.01
0

0101000
+3133 3 -3454 3 *
Wi

0101100
-3453 0 -3136 0 +3132 0 +3131 0 *
Fa
0  1e-07 109 0

0101000
+3130 0 *
Ve
1e-07
0.0885036552105812 0.248852345008865 0.99
0 0

0101101
*
Ed
 1e-07 1 1 0
1  243 0 0 0.4
2  485 110 0 0 0.4
2  486 138 0 0 0.4
0

0101000
+3133 3 -3128 3 *
Ed
 1e-07 1 1 0
1  244 0 0 0.01
2  487 110 0 0 0.01
2  488 111 0 0 0.01
0

0101000
+3128 3 -3452 3 *
Wi

0101100
-3451 0 -3131 0 +3127 0 +3126 0 *
Fa
0  1e-07 110 0

0101000
+3125 0 *
Ve
1e-07
0.156796338137411 0.248852345008865 0.99
0 0

0101101
*
Ed
 1e-07 1 1 0
1  245 0 0 0.0682926829268293
2  489 111 0 0 0.0682926829268293
2  490 138 0 0 0.0682926829268293
0

0101000
+3128 3 -3123 3 *
Ed
 1e-07 1 1 0
1  246 0 0 0.01
2  491 111 0 0 0.01
2  492 112 0 0 0.01
0

0101000
+3123 3 -3450 3 *
Wi

0101100
-3449 0 -3126 0 +3122 0 +3121 0 *
Fa
0  1e-07 111 0

0101000
+3120 0 *
Ve
1e-07
0.34711646008863 -0.0553397281618667 0.99
0 0

0101101
*
Ed
 1e-07 1 1 0
1  247 0 0 0.358823865147561
2  493 112 0 0 0.358823865147561
2  494 138 0 0 0.358823865147561
0

0101000
+3123 3 -3118 3 *
Ed
 1e-07 1 1 0
1  248 0 0 0.01
2  495 112 0 0 0.01
2  496 113 0 0 0.01
4 G1 112 0 113 0
0

0101000
+3118 3 -3448 3 *
Wi

0101100
-3447 0 -3121 0 +3117 0 +3116 0 *
Fa
0  1e-07 112 0

0101000
+3115 0 *
Ve
1e-07
0.363198777161801 -0.0828549720643058 0.99
0 0

0101101
*
Ed
 1e-07 1 1 0
1  249 0 0 1
2  497 113 0 0 1
2  498 138 0 0 1
0

0101000
+3118 3 -3113 3 *
Ed
 1e-07 1 1 0
1  250 0 0 0.01
2  499 113 0 0 0.01
2  500 114 0 0 0.01
0

0101000
+3113 3 -3446 3 *
Wi

0101100
-3445 0 -3116 0 +3112 0 +3111 0 *
Fa
0  1e-07 113 0

0101000
+3110 0 *
Ve
1e-07
0.364265850332533 -0.0828549720643058 0.99
0 0

0101101
*
Ed
 1e-07 1 1 0
1  251 0 0 0.00106707317073168
2  501 114 0 0 0.00106707317073168
2  502 138 0 0 0.00106707317073168
0

0101000
+3113 3 -3108 3 *
Ed
 1e-07 1 1 0
1  252 0 0 0.01
2  503 114 0 0 0.01
2  504 115 0 0 0.01
0

0101000
+3108 3 -3444 3 *
Wi

0101100
-3443 0 -3111 0 +3107 0 +3106 0 *
Fa
0  1e-07 114 0

0101000
+3105 0 *
Ve
1e-07
0.361674386917898 -0.0247757037716228 0.99
0 0

0101101
*
Ed
 1e-07 1 1 0
1  253 0 0 1
2  505 115 0 0 1
2  506 138 0 0 1
0

0101000
+3108 3 -3103 3 *
Ed
 1e-07 1 1 0
1  254 0 0 0.01
2  507 115 0 0 0.01
2  508 116 0 0 0.01
4 G1 115 0 116 0
0

0101000
+3103 3 -3442 3 *
Wi

0101100
-3441 0 -3106 0 +3102 0 +3101 0 *
Fa
0  1e-07 115 0

0101000
+3100 0 *
Ve
1e-07
0.361674386917898 0.248852345008865 0.99
0 0

0101101
*
Ed
 1e-07 1 1 0
1  255 0 0 0.273628048780488
2  509 116 0 0 0.273628048780488
2  510 138 0 0 0.273628048780488
0

0101000
+3103 3 -3098 3 *
Ed
 1e-07 1 1 0
1  256 0 0 0.01
2  511 116 0 0 0.01
2  512 117 0 0 0.01
0

0101000
+3098 3 -3440 3 *
Wi

0101100
-3439 0 -3101 0 +3097 0 +3096 0 *
Fa
0  1e-07 116 0

0101000
+3095 0 *
Ed
 1e-07 1 1 0
1  257 0 0 0.0536585365853658
2  513 117 0 0 0.0536585365853658
2  514 138 0 0 0.0536585365853658
0

0101000
+3098 3 -3170 3 *
Wi

0101100
-3438 0 -3096 0 +3093 0 +3169 0 *
Fa
0  1e-07 117 0

0101000
+3092 0 *
Wi

0101100
-3167 0 -3093 0 -3097 0 -3102 0 -3107 0 -3112 0 -3117 0 -3122 0 -3127 0 -3132 0 
-3137 0 -3142 0 -3147 0 -3152 0 -3157 0 -3162 0 *
Fa
0  1e-07 138 0

0101000
+3090 0 *
Ve
1e-07
0.0104548747227764 0.248852345008865 0.99
0 0

0101101
*
Ed
 1e-07 1 1 0
1  258 0 0 0.01
2  515 51 0 0 0.01
2  516 60 0 0 0.01
0

0101000
+3088 3 -3586 3 *
Ve
1e-07
0.0104548747227764 0.204949905984475 0.99
0 0

0101101
*
Ed
 1e-07 1 1 0
1  259 0 0 0.0439024390243903
2  517 51 0 0 0.0439024390243903
2  518 139 0 0 0.0439024390243903
0

0101000
+3088 3 -3086 3 *
Ed
 1e-07 1 1 0
1  260 0 0 0.01
2  519 51 0 0 0.01
2  520 52 0 0 0.01
0

0101000
+3086 3 -3585 3 *
Wi

0101100
-3584 0 -3087 0 +3085 0 +3084 0 *
Fa
0  1e-07 51 0

0101000
+3083 0 *
Ve
1e-07
-0.140764637472346 0.204949905984475 0.99
0 0

0101101
*
Ed
 1e-07 1 1 0
1  261 0 0 0.151219512195122
2  521 52 0 0 0.151219512195122
2  522 139 0 0 0.151219512195122
0

0101000
+3086 3 -3081 3 *
Ed
 1e-07 1 1 0
1  262 0 0 0.01
2  523 52 0 0 0.01
2  524 53 0 0 0.01
0

0101000
+3081 3 -3583 3 *
Wi

0101100
-3582 0 -3084 0 +3080 0 +3079 0 *
Fa
0  1e-07 52 0

0101000
+3078 0 *
Ve
1e-07
-0.140764637472346 0.0683645401308162 0.99
0 0

0101101
*
Ed
 1e-07 1 1 0
1  263 0 0 0.136585365853659
2  525 53 0 0 0.136585365853659
2  526 139 0 0 0.136585365853659
0

0101000
+3081 3 -3076 3 *
Ed
 1e-07 1 1 0
1  264 0 0 0.01
2  527 53 0 0 0.01
2  528 54 0 0 0.01
0

0101000
+3076 3 -3581 3 *
Wi

0101100
-3580 0 -3079 0 +3075 0 +3074 0 *
Fa
0  1e-07 53 0

0101000
+3073 0 *
Ve
1e-07
0.000698777161800752 0.0683645401308162 0.99
0 0

0101101
*
Ed
 1e-07 1 1 0
1  265 0 0 0.141463414634146
2  529 54 0 0 0.141463414634146
2  530 139 0 0 0.141463414634146
0

0101000
+3076 3 -3071 3 *
Ed
 1e-07 1 1 0
1  266 0 0 0.01
2  531 54 0 0 0.01
2  532 55 0 0 0.01
0

0101000
+3071 3 -3579 3 *
Wi

0101100
-3578 0 -3074 0 +3070 0 +3069 0 *
Fa
0  1e-07 54 0

0101000
+3068 0 *
Ve
1e-07
0.000698777161800752 0.024462101106426 0.99
0 0

0101101
*
Ed
 1e-07 1 1 0
1  267 0 0 0.0439024390243903
2  533 55 0 0 0.0439024390243903
2  534 139 0 0 0.0439024390243903
0

0101000
+3071 3 -3066 3 *
Ed
 1e-07 1 1 0
1  268 0 0 0.01
2  535 55 0 0 0.01
2  536 56 0 0 0.01
0

0101000
+3066 3 -3577 3 *
Wi

0101100
-3576 0 -3069 0 +3065 0 +3064 0 *
Fa
0  1e-07 55 0

0101000
+3063 0 *
Ve
1e-07
-0.140764637472346 0.024462101106426 0.99
0 0

0101101
*
Ed
 1e-07 1 1 0
1  269 0 0 0.141463414634146
2  537 56 0 0 0.141463414634146
2  538 139 0 0 0.141463414634146
0

0101000
+3066 3 -3061 3 *
Ed
 1e-07 1 1 0
1  270 0 0 0.01
2  539 56 0 0 0.01
2  540 57 0 0 0.01
0

0101000
+3061 3 -3575 3 *
Wi

0101100
-3574 0 -3064 0 +3060 0 +3059 0 *
Fa
0  1e-07 56 0

0101000
+3058 0 *
Ve
1e-07
-0.140764637472346 -0.151147654991135 0.99
0 0

0101101
*
Ed
 1e-07 1 1 0
1  271 0 0 0.175609756097561
2  541 57 0 0 0.175609756097561
2  542 139 0 0 0.175609756097561
0

0101000
+3061 3 -3056 3 *
Ed
 1e-07 1 1 0
1  272 0 0 0.01
2  543 57 0 0 0.01
2  544 58 0 0 0.01
0

0101000
+3056 3 -3573 3 *
Wi

0101100
-3572 0 -3059 0 +3055 0 +3054 0 *
Fa
0  1e-07 57 0

0101000
+3053 0 *
Ve
1e-07
-0.194423174057711 -0.151147654991135 0.99
0 0

0101101
*
Ed
 1e-07 1 1 0
1  273 0 0 0.0536585365853659
2  545 58 0 0 0.0536585365853659
2  546 139 0 0 0.0536585365853659
0

0101000
+3056 3 -3051 3 *
Ed
 1e-07 1 1 0
1  274 0 0 0.01
2  547 58 0 0 0.01
2  548 59 0 0 0.01
0

0101000
+3051 3 -3571 3 *
Wi

0101100
-3570 0 -3054 0 +3050 0 +3049 0 *
Fa
0  1e-07 58 0

0101000
+3048 0 *
Ve
1e-07
-0.194423174057711 0.248852345008865 0.99
0 0

0101101
*
Ed
 1e-07 1 1 0
1  275 0 0 0.4
2  549 59 0 0 0.4
2  550 139 0 0 0.4
0

0101000
+3051 3 -3046 3 *
Ed
 1e-07 1 1 0
1  276 0 0 0.01
2  551 59 0 0 0.01
2  552 60 0 0 0.01
0

0101000
+3046 3 -3569 3 *
Wi

0101100
-3568 0 -3049 0 +3045 0 +3044 0 *
Fa
0  1e-07 59 0

0101000
+3043 0 *
Ed
 1e-07 1 1 0
1  277 0 0 0.204878048780488
2  553 60 0 0 0.204878048780488
2  554 139 0 0 0.204878048780488
0

0101000
+3046 3 -3088 3 *
Wi

0101100
-3567 0 -3044 0 +3041 0 +3087 0 *
Fa
0  1e-07 60 0

0101000
+3040 0 *
Wi

0101100
-3085 0 -3041 0 -3045 0 -3050 0 -3055 0 -3060 0 -3065 0 -3070 0 -3075 0 -3080 0 
*
Fa
0  1e-07 139 0

0101000
-3038 0 *
Ve
1e-07
-0.459667076496736 -0.156025703771623 0.99
0 0

0101101
*
Ed
 1e-07 1 1 0
1  278 0 0 0.01
2  555 118 0 0 0.01
2  556 126 0 0 0.01
0

0101000
+3036 3 -3436 3 *
Ve
1e-07
-0.648081710643077 0.0441267352527674 0.99
0 0

0101101
*
Ed
 1e-07 1 1 0
1  279 0 0 1
2  557 118 0 0 1
2  558 140 0 0 1
0

0101000
+3036 3 -3034 3 *
Ed
 1e-07 1 1 0
1  280 0 0 0.01
2  559 118 0 0 0.01
2  560 119 0 0 0.01
0

0101000
+3034 3 -3435 3 *
Wi

0101100
-3434 0 -3035 0 +3033 0 +3032 0 *
Fa
0  1e-07 118 0

0101000
+3031 0 *
Ve
1e-07
-0.45318841796015 0.253730393789353 0.99
0 0

0101101
*
Ed
 1e-07 1 1 0
1  281 0 0 1
2  561 119 0 0 1
2  562 140 0 0 1
0

0101000
+3034 3 -3029 3 *
Ed
 1e-07 1 1 0
1  282 0 0 0.01
2  563 119 0 0 0.01
2  564 120 0 0 0.01
0

0101000
+3029 3 -3433 3 *
Wi

0101100
-3432 0 -3032 0 +3028 0 +3027 0 *
Fa
0  1e-07 119 0

0101000
+3026 0 *
Ve
1e-07
-0.267593905765028 0.0535779547649626 0.99
0 0

0101101
*
Ed
 1e-07 1 1 0
1  283 0 0 1
2  565 120 0 0 1
2  566 140 0 0 1
0

0101000
+3029 3 -3024 3 *
Ed
 1e-07 1 1 0
1  284 0 0 0.01
2  567 120 0 0 0.01
2  568 121 0 0 0.01
0

0101000
+3024 3 -3431 3 *
Wi

0101100
-3430 0 -3027 0 +3023 0 +3022 0 *
Fa
0  1e-07 120 0

0101000
+3021 0 *
Ve
1e-07
-0.319880491130882 -0.0994708257228423 0.99
0 0

0101101
*
Ed
 1e-07 1 1 0
1  285 0 0 1
2  569 121 0 0 1
2  570 140 0 0 1
0

0101000
+3024 3 -3019 3 *
Ed
 1e-07 1 1 0
1  286 0 0 0.01
2  571 121 0 0 0.01
2  572 122 0 0 0.01
0

0101000
+3019 3 -3429 3 *
Wi

0101100
-3428 0 -3022 0 +3018 0 +3017 0 *
Fa
0  1e-07 121 0

0101000
+3016 0 *
Ve
1e-07
-0.346557320399175 -0.123022654991135 0.99
0 0

0101101
*
Ed
 1e-07 1 1 0
1  287 0 0 1
2  573 122 0 0 1
2  574 140 0 0 1
0

0101000
+3019 3 -3014 3 *
Ed
 1e-07 1 1 0
1  288 0 0 0.01
2  575 122 0 0 0.01
2  576 123 0 0 0.01
0

0101000
+3014 3 -3427 3 *
Wi

0101100
-3426 0 -3017 0 +3013 0 +3012 0 *
Fa
0  1e-07 122 0

0101000
+3011 0 *
Ve
1e-07
-0.233447564301614 -0.204806191576501 0.99
0 0

0101101
*
Ed
 1e-07 1 1 0
1  289 0 -2.87213463104355e-17 0.139579238358932
2  577 123 0 -2.87213463104355e-17 0.139579238358932
2  578 140 0 -2.87213463104355e-17 0.139579238358932
0

0101000
+3014 3 -3009 3 *
Ed
 1e-07 1 1 0
1  290 0 0 0.01
2  579 123 0 0 0.01
2  580 124 0 0 0.01
0

0101000
+3009 3 -3425 3 *
Wi

0101100
-3424 0 -3012 0 +3008 0 +3007 0 *
Fa
0  1e-07 123 0

0101000
+3006 0 *
Ve
1e-07
-0.318889637472345 -0.204806191576501 0.99
0 0

0101101
*
Ed
 1e-07 1 1 0
1  291 0 0 0.0854420731707317
2  581 124 0 0 0.0854420731707317
2  582 140 0 0 0.0854420731707317
0

0101000
+3009 3 -3004 3 *
Ed
 1e-07 1 1 0
1  292 0 0 0.01
2  583 124 0 0 0.01
2  584 125 0 0 0.01
0

0101000
+3004 3 -3423 3 *
Wi

0101100
-3422 0 -3007 0 +3003 0 +3002 0 *
Fa
0  1e-07 124 0

0101000
+3001 0 *
Ve
1e-07
-0.395185369179663 -0.147031801332598 0.99
0 0

0101101
*
Ed
 1e-07 1 1 0
1  293 0 0 0.0957022405422655
2  585 125 0 0 0.0957022405422655
2  586 140 0 0 0.0957022405422655
0

0101000
+3004 3 -2999 3 *
Ed
 1e-07 1 1 0
1  294 0 0 0.01
2  587 125 0 0 0.01
2  588 126 0 0 0.01
0

0101000
+2999 3 -3421 3 *
Wi

0101100
-3420 0 -3002 0 +2998 0 +2997 0 *
Fa
0  1e-07 125 0

0101000
+2996 0 *
Ed
 1e-07 1 1 0
1  295 0 0 1
2  589 126 0 0 1
2  590 140 0 0 1
0

0101000
+2999 3 -3036 3 *
Wi

0101100
-3419 0 -2997 0 +2994 0 +3035 0 *
Fa
0  1e-07 126 0

0101000
+2993 0 *
Ve
1e-07
-0.321252442350394 0.0477090523259382 0.99
0 0

0101101
*
Ve
1e-07
-0.45616097893576 0.209827954764963 0.99
0 0

0101101
*
Ed
 1e-07 1 1 0
1  296 0 0 1
2  591 140 0 0 1
2  592 141 0 0 1
0

0101000
+2991 3 -2990 3 *
Ve
1e-07
-0.459514637472346 -0.112123264747233 0.99
0 0

0101101
*
Ed
 1e-07 1 1 0
1  297 0 0 1
2  593 140 0 0 1
2  594 142 0 0 1
0

0101000
+2988 3 -2991 3 *
Ve
1e-07
-0.594423174057712 0.0484712474478894 0.99
0 0

0101101
*
Ed
 1e-07 1 1 0
1  298 0 0 1
2  595 140 0 0 1
2  596 143 0 0 1
0

0101000
+2986 3 -2988 3 *
Ed
 1e-07 1 1 0
1  299 0 0 1
2  597 140 0 0 1
2  598 144 0 0 1
0

0101000
+2990 3 -2986 3 *
Wi

0101100
-2989 0 -2987 0 -2985 0 -2984 0 *
Wi

0101100
-3033 0 -2994 0 -2998 0 -3003 0 -3008 0 -3013 0 -3018 0 -3023 0 -3028 0 *
Fa
0  1e-07 140 0

0101000
+2983 0 +2982 0 *
Ve
1e-07
-0.45616097893576 0.209827954764963 1
0 0

0101101
*
Ve
1e-07
-0.594423174057712 0.0484712474478894 1
0 0

0101101
*
Ed
 1e-07 1 1 0
1  300 0 0 1
2  599 144 0 0 1
2  600 145 0 0 1
0

0101000
+2980 3 -2979 3 *
Ed
 1e-07 1 1 0
1  301 0 0 0.01
2  601 144 0 0 0.01
2  602 141 0 0 0.01
0

0101000
+2990 3 -2980 3 *
Ed
 1e-07 1 1 0
1  302 0 0 0.0100000000000005
2  603 144 0 0 0.0100000000000005
2  604 143 0 0 0.0100000000000005
0

0101000
+2986 3 -2979 3 *
Wi

0101100
-2978 0 -2977 0 +2984 0 +2976 0 *
Fa
0  1e-07 144 0

0101000
+2975 0 *
Ve
1e-07
-0.321252442350394 0.0477090523259382 1
0 0

0101101
*
Ed
 1e-07 1 1 0
1  303 0 0 1
2  605 141 0 0 1
2  606 145 0 0 1
0

0101000
+2973 3 -2980 3 *
Ed
 1e-07 1 1 0
1  304 0 0 0.01
2  607 141 0 0 0.01
2  608 142 0 0 0.01
0

0101000
+2991 3 -2973 3 *
Wi

0101100
-2972 0 -2971 0 +2989 0 +2977 0 *
Fa
0  1e-07 141 0

0101000
+2970 0 *
Ve
1e-07
-0.459514637472346 -0.112123264747233 1
0 0

0101101
*
Ed
 1e-07 1 1 0
1  305 0 0 1
2  609 142 0 0 1
2  610 145 0 0 1
0

0101000
+2968 3 -2973 3 *
Ed
 1e-07 1 1 0
1  306 0 4.44089209850063e-16 0.0100000000000002
2  611 142 0 4.44089209850063e-16 0.0100000000000002
2  612 143 0 4.44089209850063e-16 0.0100000000000002
0

0101000
+2988 3 -2968 3 *
Wi

0101100
-2967 0 -2966 0 +2987 0 +2971 0 *
Fa
0  1e-07 142 0

0101000
+2965 0 *
Ed
 1e-07 1 1 0
1  307 0 0 1
2  613 143 0 0 1
2  614 145 0 0 1
0

0101000
+2979 3 -2968 3 *
Wi

0101100
-2963 0 -2976 0 +2985 0 +2966 0 *
Fa
0  1e-07 143 0

0101000
+2962 0 *
Wi

0101100
+2978 0 +2963 0 +2967 0 +2972 0 *
Fa
0  1e-07 145 0

0101000
-2960 0 *
Ve
1e-07
0.6 -2.501 0.18
0 0

0101101
*
Ed
 1e-07 1 1 0
1  308 0 2.001 2.002
2  615 132 0 2.001 2.002
2  616 131 0 2.001 2.002
0

0101000
+3396 3 -2958 3 *
Ve
1e-07
0.6 -2.501 0.12
0 0

0101101
*
Ed
 1e-07 1 1 0
1  309 0 -0.06 0
2  617 132 0 -0.06 0
2  618 146 0 -0.06 0
0

0101000
+2956 3 -2958 3 *
Ed
 1e-07 1 1 0
1  310 0 2.001 2.002
2  619 132 0 2.001 2.002
2  620 133 0 2.001 2.002
0

0101000
+3394 3 -2956 3 *
Wi

0101100
-3393 0 +2957 0 -2955 0 -2954 0 *
Fa
0  1e-07 132 0

0101000
+2953 0 *
Ve
1e-07
0.4 -2.501 0.12
0 0

0101101
*
Ed
 1e-07 1 1 0
1  311 0 0 0.2
2  621 133 0 0 0.2
2  622 146 0 0 0.2
0

0101000
+2951 3 -2956 3 *
Ed
 1e-07 1 1 0
1  312 0 2.001 2.002
2  623 133 0 2.001 2.002
2  624 134 0 2.001 2.002
0

0101000
+3392 3 -2951 3 *
Wi

0101100
-3391 0 +2954 0 -2950 0 -2949 0 *
Fa
0  1e-07 133 0

0101000
+2948 0 *
Ve
1e-07
0.4 -2.501 0.18
0 0

0101101
*
Ed
 1e-07 1 1 0
1  313 0 0 0.06
2  625 134 0 0 0.06
2  626 146 0 0 0.06
0

0101000
+2946 3 -2951 3 *
Ed
 1e-07 1 1 0
1  314 0 2.001 2.002
2  627 134 0 2.001 2.002
2  628 131 0 2.001 2.002
0

0101000
+3397 3 -2946 3 *
Wi

0101100
-3390 0 +2949 0 -2945 0 -2944 0 *
Fa
0  1e-07 134 0

0101000
+2943 0 *
Ed
 1e-07 1 1 0
1  315 0 -0.2 -0
2  629 131 0 -0.2 -0
2  630 146 0 -0.2 -0
0

0101000
+2958 3 -2946 3 *
Wi

0101100
-3395 0 +2944 0 -2941 0 -2957 0 *
Fa
0  1e-07 131 0

0101000
+2940 0 *
Wi

0101100
+2955 0 +2941 0 +2945 0 +2950 0 *
Fa
0  1e-07 146 0

0101000
+2938 0 *
Ve
1e-07
-0.4 -2.501 0.18
0 0

0101101
*
Ed
 1e-07 1 1 0
1  316 0 2.001 2.002
2  631 128 0 2.001 2.002
2  632 127 0 2.001 2.002
0

0101000
+3405 3 -2936 3 *
Ve
1e-07
-0.4 -2.501 0.12
0 0

0101101
*
Ed
 1e-07 1 1 0
1  317 0 -0.06 0
2  633 128 0 -0.06 0
2  634 147 0 -0.06 0
0

0101000
+2934 3 -2936 3 *
Ed
 1e-07 1 1 0
1  318 0 2.001 2.002
2  635 128 0 2.001 2.002
2  636 129 0 2.001 2.002
0

0101000
+3403 3 -2934 3 *
Wi

0101100
-3402 0 +2935 0 -2933 0 -2932 0 *
Fa
0  1e-07 128 0

0101000
+2931 0 *
Ve
1e-07
-0.6 -2.501 0.12
0 0

0101101
*
Ed
 1e-07 1 1 0
1  319 0 0 0.2
2  637 129 0 0 0.2
2  638 147 0 0 0.2
0

0101000
+2929 3 -2934 3 *
Ed
 1e-07 1 1 0
1  320 0 2.001 2.002
2  639 129 0 2.001 2.002
2  640 130 0 2.001 2.002
0

0101000
+3401 3 -2929 3 *
Wi

0101100
-3400 0 +2932 0 -2928 0 -2927 0 *
Fa
0  1e-07 129 0

0101000
+2926 0 *
Ve
1e-07
-0.6 -2.501 0.18
0 0

0101101
*
Ed
 1e-07 1 1 0
1  321 0 0 0.0599999999999999
2  641 130 0 0 0.0599999999999999
2  642 147 0 0 0.0599999999999999
0

0101000
+2924 3 -2929 3 *
Ed
 1e-07 1 1 0
1  322 0 2.001 2.002
2  643 130 0 2.001 2.002
2  644 127 0 2.001 2.002
0

0101000
+3406 3 -2924 3 *
Wi

0101100
-3399 0 +2927 0 -2923 0 -2922 0 *
Fa
0  1e-07 130 0

0101000
+2921 0 *
Ed
 1e-07 1 1 0
1  323 0 -0.2 -0
2  645 127 0 -0.2 -0
2  646 147 0 -0.2 -0
0

0101000
+2936 3 -2924 3 *
Wi

0101100
-3404 0 +2922 0 -2919 0 -2935 0 *
Fa
0  1e-07 127 0

0101000
+2918 0 *
Wi

0101100
+2933 0 +2919 0 +2923 0 +2928 0 *
Fa
0  1e-07 147 0

0101000
+2916 0 *
Ve
1e-07
-0.346001726772488 0.103496245578 0.01
0 0

0101101
*
Ed
 1e-07 1 1 0
1  324 0 -0 0.01
2  647 7 0 -0 0.01
2  648 6 0 -0 0.01
0

0101000
+2914 3 -3682 3 *
Ve
1e-07
-0.424050507260293 -0.0965037544220001 0.01
0 0

0101101
*
Ed
 1e-07 1 1 0
1  325 0 0 0.214689571557711
2  649 7 0 0 0.214689571557711
2  650 148 0 0 0.214689571557711
0

0101000
+2914 3 -2912 3 *
Ed
 1e-07 1 1 0
1  326 0 -0 0.01
2  651 7 0 -0 0.01
2  652 8 0 -0 0.01
0

0101000
+2912 3 -3680 3 *
Wi

0101100
-3679 0 -2913 0 +2911 0 +2910 0 *
Fa
0  1e-07 7 0

0101000
+2909 0 *
Ve
1e-07
-0.394782214577367 -0.0965037544220001 0.01
0 0

0101101
*
Ed
 1e-07 1 1 0
1  327 0 0 0.0292682926829268
2  653 8 0 0 0.0292682926829268
2  654 148 0 0 0.0292682926829268
0

0101000
+2912 3 -2907 3 *
Ed
 1e-07 1 1 0
1  328 0 -0 0.01
2  655 8 0 -0 0.01
2  656 9 0 -0 0.01
0

0101000
+2907 3 -3678 3 *
Wi

0101100
-3677 0 -2910 0 +2906 0 +2905 0 *
Fa
0  1e-07 8 0

0101000
+2904 0 *
Ve
1e-07
-0.374545934089562 -0.0404061934463903 0.01
0 0

0101101
*
Ed
 1e-07 1 1 0
1  329 0 0 0.0596359236986681
2  657 9 0 0 0.0596359236986681
2  658 148 0 0 0.0596359236986681
0

0101000
+2907 3 -2902 3 *
Ed
 1e-07 1 1 0
1  330 0 -0 0.01
2  659 9 0 -0 0.01
2  660 10 0 -0 0.01
0

0101000
+2902 3 -3676 3 *
Wi

0101100
-3675 0 -2905 0 +2901 0 +2900 0 *
Fa
0  1e-07 9 0

0101000
+2899 0 *
Ve
1e-07
-0.291923982870049 -0.0404061934463903 0.01
0 0

0101101
*
Ed
 1e-07 1 1 0
1  331 0 0 0.0826219512195122
2  661 10 0 0 0.0826219512195122
2  662 148 0 0 0.0826219512195122
0

0101000
+2902 3 -2897 3 *
Ed
 1e-07 1 1 0
1  332 0 -0 0.01
2  663 10 0 -0 0.01
2  664 11 0 -0 0.01
0

0101000
+2897 3 -3674 3 *
Wi

0101100
-3673 0 -2900 0 +2896 0 +2895 0 *
Fa
0  1e-07 10 0

0101000
+2894 0 *
Ve
1e-07
-0.272830995065171 -0.0965037544220001 0.01
0 0

0101101
*
Ed
 1e-07 1 1 0
1  333 0 0 0.0592577297129199
2  665 11 0 0 0.0592577297129199
2  666 148 0 0 0.0592577297129199
0

0101000
+2897 3 -2892 3 *
Ed
 1e-07 1 1 0
1  334 0 -0 0.01
2  667 11 0 -0 0.01
2  668 12 0 -0 0.01
0

0101000
+2892 3 -3672 3 *
Wi

0101100
-3671 0 -2895 0 +2891 0 +2890 0 *
Fa
0  1e-07 11 0

0101000
+2889 0 *
Ve
1e-07
-0.243562702382245 -0.0965037544220001 0.01
0 0

0101101
*
Ed
 1e-07 1 1 0
1  335 0 0 0.0292682926829269
2  669 12 0 0 0.0292682926829269
2  670 148 0 0 0.0292682926829269
0

0101000
+2892 3 -2887 3 *
Ed
 1e-07 1 1 0
1  336 0 -0 0.01
2  671 12 0 -0 0.01
2  672 13 0 -0 0.01
0

0101000
+2887 3 -3670 3 *
Wi

0101100
-3669 0 -2890 0 +2886 0 +2885 0 *
Fa
0  1e-07 12 0

0101000
+2884 0 *
Ve
1e-07
-0.319172458479805 0.103496245578 0.01
0 0

0101101
*
Ed
 1e-07 1 1 0
1  337 0 0 0.213814955550665
2  673 13 0 0 0.213814955550665
2  674 148 0 0 0.213814955550665
0

0101000
+2887 3 -2882 3 *
Ed
 1e-07 1 1 0
1  338 0 -0 0.01
2  675 13 0 -0 0.01
2  676 6 0 -0 0.01
0

0101000
+2882 3 -3683 3 *
Wi

0101100
-3668 0 -2885 0 +2881 0 +2880 0 *
Fa
0  1e-07 13 0

0101000
+2879 0 *
Ed
 1e-07 1 1 0
1  339 0 0 0.026829268292683
2  677 6 0 0 0.026829268292683
2  678 148 0 0 0.026829268292683
0

0101000
+2882 3 -2914 3 *
Wi

0101100
-3681 0 -2880 0 +2877 0 +2913 0 *
Fa
0  1e-07 6 0

0101000
+2876 0 *
Ve
1e-07
-0.298669409699318 -0.0184549739341952 0.01
0 0

0101101
*
Ve
1e-07
-0.365552031650537 -0.0184549739341952 0.01
0 0

0101101
*
Ed
 1e-07 1 1 0
1  340 0 0 0.0668826219512195
2  679 148 0 0 0.0668826219512195
2  680 149 0 0 0.0668826219512195
0

0101000
+2874 3 -2873 3 *
Ve
1e-07
-0.328509348723708 0.0650816114316585 0.01
0 0

0101101
*
Ed
 1e-07 1 1 0
1  341 0 0 0.0887061613168211
2  681 148 0 0 0.0887061613168211
2  682 150 0 0 0.0887061613168211
0

0101000
+2871 3 -2874 3 *
Ve
1e-07
-0.331710568235903 0.0791060016755609 0.01
0 0

0101101
*
Ed
 1e-07 1 1 0
1  342 0 0 1
2  683 148 0 0 1
2  684 151 0 0 1
0

0101000
+2869 3 -2871 3 *
Ve
1e-07
-0.332358434089562 0.0791060016755609 0.01
0 0

0101101
*
Ed
 1e-07 1 1 0
1  343 0 0 0.000647865853658613
2  685 148 0 0 0.000647865853658613
2  686 152 0 0 0.000647865853658613
0

0101000
+2867 3 -2869 3 *
Ve
1e-07
-0.335445324333464 0.0650816114316585 0.01
0 0

0101101
*
Ed
 1e-07 1 1 0
1  344 0 0 1
2  687 148 0 0 1
2  688 153 0 0 1
0

0101000
+2865 3 -2867 3 *
Ed
 1e-07 1 1 0
1  345 0 0 0.0887962551015664
2  689 148 0 0 0.0887962551015664
2  690 154 0 0 0.0887962551015664
0

0101000
+2873 3 -2865 3 *
Wi

0101100
-2872 0 -2870 0 -2868 0 -2866 0 -2864 0 -2863 0 *
Wi

0101100
-2911 0 -2877 0 -2881 0 -2886 0 -2891 0 -2896 0 -2901 0 -2906 0 *
Fa
0  1e-07 148 0

0101000
-2862 0 -2861 0 *
Ve
1e-07
-0.298669409699318 -0.0184549739341952 0
0 0

0101101
*
Ve
1e-07
-0.365552031650537 -0.0184549739341952 0
0 0

0101101
*
Ed
 1e-07 1 1 0
1  346 0 0 0.0668826219512195
2  691 149 0 0 0.0668826219512195
2  692 155 0 0 0.0668826219512195
0

0101000
+2859 3 -2858 3 *
Ed
 1e-07 1 1 0
1  347 0 -0 0.01
2  693 149 0 -0 0.01
2  694 150 0 -0 0.01
0

0101000
+2874 3 -2859 3 *
Ed
 1e-07 1 1 0
1  348 0 -0 0.01
2  695 149 0 -0 0.01
2  696 154 0 -0 0.01
0

0101000
+2873 3 -2858 3 *
Wi

0101100
-2857 0 -2856 0 +2872 0 +2855 0 *
Fa
0  1e-07 149 0

0101000
+2854 0 *
Ve
1e-07
-0.328509348723708 0.0650816114316585 0
0 0

0101101
*
Ed
 1e-07 1 1 0
1  349 0 0 0.0887061613168211
2  697 150 0 0 0.0887061613168211
2  698 155 0 0 0.0887061613168211
0

0101000
+2852 3 -2859 3 *
Ed
 1e-07 1 1 0
1  350 0 -0 0.01
2  699 150 0 -0 0.01
2  700 151 0 -0 0.01
0

0101000
+2871 3 -2852 3 *
Wi

0101100
-2851 0 -2850 0 +2870 0 +2856 0 *
Fa
0  1e-07 150 0

0101000
+2849 0 *
Ve
1e-07
-0.331710568235903 0.0791060016755609 0
0 0

0101101
*
Ed
 1e-07 1 1 0
1  351 0 0 1
2  701 151 0 0 1
2  702 155 0 0 1
0

0101000
+2847 3 -2852 3 *
Ed
 1e-07 1 1 0
1  352 0 -0 0.01
2  703 151 0 -0 0.01
2  704 152 0 -0 0.01
0

0101000
+2869 3 -2847 3 *
Wi

0101100
-2846 0 -2845 0 +2868 0 +2850 0 *
Fa
0  1e-07 151 0

0101000
+2844 0 *
Ve
1e-07
-0.332358434089562 0.0791060016755609 0
0 0

0101101
*
Ed
 1e-07 1 1 0
1  353 0 0 0.000647865853658613
2  705 152 0 0 0.000647865853658613
2  706 155 0 0 0.000647865853658613
0

0101000
+2842 3 -2847 3 *
Ed
 1e-07 1 1 0
1  354 0 -0 0.01
2  707 152 0 -0 0.01
2  708 153 0 -0 0.01
0

0101000
+2867 3 -2842 3 *
Wi

0101100
-2841 0 -2840 0 +2866 0 +2845 0 *
Fa
0  1e-07 152 0

0101000
+2839 0 *
Ve
1e-07
-0.335445324333464 0.0650816114316585 0
0 0

0101101
*
Ed
 1e-07 1 1 0
1  355 0 0 1
2  709 153 0 0 1
2  710 155 0 0 1
0

0101000
+2837 3 -2842 3 *
Ed
 1e-07 1 1 0
1  356 0 -0 0.01
2  711 153 0 -0 0.01
2  712 154 0 -0 0.01
0

0101000
+2865 3 -2837 3 *
Wi

0101100
-2836 0 -2835 0 +2864 0 +2840 0 *
Fa
0  1e-07 153 0

0101000
+2834 0 *
Ed
 1e-07 1 1 0
1  357 0 1.88212665167203e-17 0.0887962551015664
2  713 154 0 1.88212665167203e-17 0.0887962551015664
2  714 155 0 1.88212665167203e-17 0.0887962551015664
0

0101000
+2858 3 -2837 3 *
Wi

0101100
-2832 0 -2855 0 +2863 0 +2835 0 *
Fa
0  1e-07 154 0

0101000
+2831 0 *
Ve
1e-07
-0.122335568235903 -0.0965037544220001 0.01
0 0

0101101
*
Ed
 1e-07 1 1 0
1  358 0 -0 0.01
2  715 19 0 -0 0.01
2  716 18 0 -0 0.01
0

0101000
+2829 3 -3656 3 *
Ve
1e-07
-0.0679529462846834 -0.0965037544220001 0.01
0 0

0101101
*
Ed
 1e-07 1 1 0
1  359 0 0 0.0543826219512195
2  717 19 0 0 0.0543826219512195
2  718 156 0 0 0.0543826219512195
0

0101000
+2829 3 -2827 3 *
Ed
 1e-07 1 1 0
1  360 0 -0 0.01
2  719 19 0 -0 0.01
2  720 20 0 -0 0.01
0

0101000
+2827 3 -3654 3 *
Wi

0101100
-3653 0 -2828 0 +2826 0 +2825 0 *
Fa
0  1e-07 19 0

0101000
+2824 0 *
Ve
1e-07
-0.0679529462846834 0.103496245578 0.01
0 0

0101101
*
Ed
 1e-07 1 1 0
1  361 0 0 0.2
2  721 20 0 0 0.2
2  722 156 0 0 0.2
0

0101000
+2827 3 -2822 3 *
Ed
 1e-07 1 1 0
1  362 0 -0 0.01
2  723 20 0 -0 0.01
2  724 21 0 -0 0.01
0

0101000
+2822 3 -3652 3 *
Wi

0101100
-3651 0 -2825 0 +2821 0 +2820 0 *
Fa
0  1e-07 20 0

0101000
+2819 0 *
Ve
1e-07
-0.124393495065171 0.103496245578 0.01
0 0

0101101
*
Ed
 1e-07 1 1 0
1  363 0 0 0.0564405487804878
2  725 21 0 0 0.0564405487804878
2  726 156 0 0 0.0564405487804878
0

0101000
+2822 3 -2817 3 *
Ed
 1e-07 1 1 0
1  364 0 -0 0.01
2  727 21 0 -0 0.01
2  728 22 0 -0 0.01
0

0101000
+2817 3 -3650 3 *
Wi

0101100
-3649 0 -2820 0 +2816 0 +2815 0 *
Fa
0  1e-07 21 0

0101000
+2814 0 *
Ve
1e-07
-0.228928556040781 0.00601148948043896 0.01
0 0

0101101
*
Ed
 1e-07 1 1 0
1  365 0 0 1
2  729 22 0 0 1
2  730 156 0 0 1
0

0101000
+2817 3 -2812 3 *
Ed
 1e-07 1 1 0
1  366 0 -0 0.01
2  731 22 0 -0 0.01
2  732 18 0 -0 0.01
0

0101000
+2812 3 -3657 3 *
Wi

0101100
-3648 0 -2815 0 +2811 0 +2810 0 *
Fa
0  1e-07 22 0

0101000
+2809 0 *
Ed
 1e-07 1 1 0
1  367 0 0 1
2  733 18 0 0 1
2  734 156 0 0 1
0

0101000
+2812 3 -2829 3 *
Wi

0101100
-3655 0 -2810 0 +2807 0 +2828 0 *
Fa
0  1e-07 18 0

0101000
+2806 0 *
Ve
1e-07
-0.202099287748098 0.00543984313897555 0.01
0 0

0101101
*
Ve
1e-07
-0.124279165796879 0.0815450260658048 0.01
0 0

0101101
*
Ed
 1e-07 1 1 0
1  368 0 0 1
2  735 156 0 0 1
2  736 157 0 0 1
0

0101000
+2804 3 -2803 3 *
Ve
1e-07
-0.123173982870049 -0.074552534909805 0.01
0 0

0101101
*
Ed
 1e-07 1 1 0
1  369 0 0 1
2  737 156 0 0 1
2  738 158 0 0 1
0

0101000
+2801 3 -2804 3 *
Ve
1e-07
-0.0947822145773664 -0.074552534909805 0.01
0 0

0101101
*
Ed
 1e-07 1 1 0
1  370 0 0 0.0283917682926829
2  739 156 0 0 0.0283917682926829
2  740 159 0 0 0.0283917682926829
0

0101000
+2799 3 -2801 3 *
Ve
1e-07
-0.0947822145773664 0.0815450260658048 0.01
0 0

0101101
*
Ed
 1e-07 1 1 0
1  371 0 0 0.15609756097561
2  741 156 0 0 0.15609756097561
2  742 160 0 0 0.15609756097561
0

0101000
+2797 3 -2799 3 *
Ed
 1e-07 1 1 0
1  372 0 0 0.0294969512195122
2  743 156 0 0 0.0294969512195122
2  744 161 0 0 0.0294969512195122
0

0101000
+2803 3 -2797 3 *
Wi

0101100
-2802 0 -2800 0 -2798 0 -2796 0 -2795 0 *
Wi

0101100
-2826 0 -2807 0 -2811 0 -2816 0 -2821 0 *
Fa
0  1e-07 156 0

0101000
+2794 0 +2793 0 *
Ve
1e-07
-0.124279165796879 0.0815450260658048 0
0 0

0101101
*
Ve
1e-07
-0.0947822145773664 0.0815450260658048 0
0 0

0101101
*
Ed
 1e-07 1 1 0
1  373 0 0 0.0294969512195122
2  745 161 0 0 0.0294969512195122
2  746 162 0 0 0.0294969512195122
0

0101000
+2791 3 -2790 3 *
Ed
 1e-07 1 1 0
1  374 0 -0 0.01
2  747 161 0 -0 0.01
2  748 157 0 -0 0.01
0

0101000
+2803 3 -2791 3 *
Ed
 1e-07 1 1 0
1  375 0 -0 0.01
2  749 161 0 -0 0.01
2  750 160 0 -0 0.01
0

0101000
+2797 3 -2790 3 *
Wi

0101100
-2789 0 -2788 0 +2795 0 +2787 0 *
Fa
0  1e-07 161 0

0101000
+2786 0 *
Ve
1e-07
-0.202099287748098 0.00543984313897555 0
0 0

0101101
*
Ed
 1e-07 1 1 0
1  376 0 0 1
2  751 157 0 0 1
2  752 162 0 0 1
0

0101000
+2784 3 -2791 3 *
Ed
 1e-07 1 1 0
1  377 0 -0 0.01
2  753 157 0 -0 0.01
2  754 158 0 -0 0.01
0

0101000
+2804 3 -2784 3 *
Wi

0101100
-2783 0 -2782 0 +2802 0 +2788 0 *
Fa
0  1e-07 157 0

0101000
+2781 0 *
Ve
1e-07
-0.123173982870049 -0.074552534909805 0
0 0

0101101
*
Ed
 1e-07 1 1 0
1  378 0 0 1
2  755 158 0 0 1
2  756 162 0 0 1
0

0101000
+2779 3 -2784 3 *
Ed
 1e-07 1 1 0
1  379 0 -0 0.01
2  757 158 0 -0 0.01
2  758 159 0 -0 0.01
0

0101000
+2801 3 -2779 3 *
Wi

0101100
-2778 0 -2777 0 +2800 0 +2782 0 *
Fa
0  1e-07 158 0

0101000
+2776 0 *
Ve
1e-07
-0.0947822145773664 -0.074552534909805 0
0 0

0101101
*
Ed
 1e-07 1 1 0
1  380 0 0 0.0283917682926829
2  759 159 0 0 0.0283917682926829
2  760 162 0 0 0.0283917682926829
0

0101000
+2774 3 -2779 3 *
Ed
 1e-07 1 1 0
1  381 0 -0 0.01
2  761 159 0 -0 0.01
2  762 160 0 -0 0.01
0

0101000
+2799 3 -2774 3 *
Wi

0101100
-2773 0 -2772 0 +2798 0 +2777 0 *
Fa
0  1e-07 159 0

0101000
+2771 0 *
Ed
 1e-07 1 1 0
1  382 0 0 0.15609756097561
2  763 160 0 0 0.15609756097561
2  764 162 0 0 0.15609756097561
0

0101000
+2790 3 -2774 3 *
Wi

0101100
-2769 0 -2787 0 +2796 0 +2772 0 *
Fa
0  1e-07 160 0

0101000
+2768 0 *
Ve
1e-07
-0.028928556040781 -0.074552534909805 0.01
0 0

0101101
*
Ed
 1e-07 1 1 0
1  383 0 -0 0.01
2  765 24 0 -0 0.01
2  766 23 0 -0 0.01
0

0101000
+2766 3 -3645 3 *
Ve
1e-07
-0.028928556040781 -0.0965037544220001 0.01
0 0

0101101
*
Ed
 1e-07 1 1 0
1  384 0 0 0.0219512195121951
2  767 24 0 0 0.0219512195121951
2  768 163 0 0 0.0219512195121951
0

0101000
+2766 3 -2764 3 *
Ed
 1e-07 1 1 0
1  385 0 -0 0.01
2  769 24 0 -0 0.01
2  770 25 0 -0 0.01
0

0101000
+2764 3 -3643 3 *
Wi

0101100
-3642 0 -2765 0 +2763 0 +2762 0 *
Fa
0  1e-07 24 0

0101000
+2761 0 *
Ve
1e-07
0.0783885171299507 -0.0965037544220001 0.01
0 0

0101101
*
Ed
 1e-07 1 1 0
1  386 0 0 0.107317073170732
2  771 25 0 0 0.107317073170732
2  772 163 0 0 0.107317073170732
0

0101000
+2764 3 -2759 3 *
Ed
 1e-07 1 1 0
1  387 0 -0 0.01
2  773 25 0 -0 0.01
2  774 26 0 -0 0.01
0

0101000
+2759 3 -3641 3 *
Wi

0101100
-3640 0 -2762 0 +2758 0 +2757 0 *
Fa
0  1e-07 25 0

0101000
+2756 0 *
Ve
1e-07
0.0783885171299507 0.103496245578 0.01
0 0

0101101
*
Ed
 1e-07 1 1 0
1  388 0 0 0.2
2  775 26 0 0 0.2
2  776 163 0 0 0.2
0

0101000
+2759 3 -2754 3 *
Ed
 1e-07 1 1 0
1  389 0 -0 0.01
2  777 26 0 -0 0.01
2  778 27 0 -0 0.01
0

0101000
+2754 3 -3639 3 *
Wi

0101100
-3638 0 -2757 0 +2753 0 +2752 0 *
Fa
0  1e-07 26 0

0101000
+2751 0 *
Ve
1e-07
-0.0240505072602932 0.103496245578 0.01
0 0

0101101
*
Ed
 1e-07 1 1 0
1  390 0 0 0.102439024390244
2  779 27 0 0 0.102439024390244
2  780 163 0 0 0.102439024390244
0

0101000
+2754 3 -2749 3 *
Ed
 1e-07 1 1 0
1  391 0 -0 0.01
2  781 27 0 -0 0.01
2  782 28 0 -0 0.01
0

0101000
+2749 3 -3637 3 *
Wi

0101100
-3636 0 -2752 0 +2748 0 +2747 0 *
Fa
0  1e-07 27 0

0101000
+2746 0 *
Ve
1e-07
-0.0240505072602932 0.0815450260658048 0.01
0 0

0101101
*
Ed
 1e-07 1 1 0
1  392 0 0 0.0219512195121951
2  783 28 0 0 0.0219512195121951
2  784 163 0 0 0.0219512195121951
0

0101000
+2749 3 -2744 3 *
Ed
 1e-07 1 1 0
1  393 0 -0 0.01
2  785 28 0 -0 0.01
2  786 29 0 -0 0.01
0

0101000
+2744 3 -3635 3 *
Wi

0101100
-3634 0 -2747 0 +2743 0 +2742 0 *
Fa
0  1e-07 28 0

0101000
+2741 0 *
Ve
1e-07
0.0515592488372678 0.0815450260658048 0.01
0 0

0101101
*
Ed
 1e-07 1 1 0
1  394 0 0 0.075609756097561
2  787 29 0 0 0.075609756097561
2  788 163 0 0 0.075609756097561
0

0101000
+2744 3 -2739 3 *
Ed
 1e-07 1 1 0
1  395 0 -0 0.01
2  789 29 0 -0 0.01
2  790 30 0 -0 0.01
0

0101000
+2739 3 -3633 3 *
Wi

0101100
-3632 0 -2742 0 +2738 0 +2737 0 *
Fa
0  1e-07 29 0

0101000
+2736 0 *
Ve
1e-07
0.0515592488372678 0.0156913675292195 0.01
0 0

0101101
*
Ed
 1e-07 1 1 0
1  396 0 0 0.0658536585365854
2  791 30 0 0 0.0658536585365854
2  792 163 0 0 0.0658536585365854
0

0101000
+2739 3 -2734 3 *
Ed
 1e-07 1 1 0
1  397 0 -0 0.01
2  793 30 0 -0 0.01
2  794 31 0 -0 0.01
0

0101000
+2734 3 -3631 3 *
Wi

0101100
-3630 0 -2737 0 +2733 0 +2732 0 *
Fa
0  1e-07 30 0

0101000
+2731 0 *
Ve
1e-07
-0.0191724584798054 0.0156913675292195 0.01
0 0

0101101
*
Ed
 1e-07 1 1 0
1  398 0 0 0.0707317073170732
2  795 31 0 0 0.0707317073170732
2  796 163 0 0 0.0707317073170732
0

0101000
+2734 3 -2729 3 *
Ed
 1e-07 1 1 0
1  399 0 -0 0.01
2  797 31 0 -0 0.01
2  798 32 0 -0 0.01
0

0101000
+2729 3 -3629 3 *
Wi

0101100
-3628 0 -2732 0 +2728 0 +2727 0 *
Fa
0  1e-07 31 0

0101000
+2726 0 *
Ve
1e-07
-0.0191724584798054 -0.00625985198297567 0.01
0 0

0101101
*
Ed
 1e-07 1 1 0
1  400 0 0 0.0219512195121951
2  799 32 0 0 0.0219512195121951
2  800 163 0 0 0.0219512195121951
0

0101000
+2729 3 -2724 3 *
Ed
 1e-07 1 1 0
1  401 0 -0 0.01
2  801 32 0 -0 0.01
2  802 33 0 -0 0.01
0

0101000
+2724 3 -3627 3 *
Wi

0101100
-3626 0 -2727 0 +2723 0 +2722 0 *
Fa
0  1e-07 32 0

0101000
+2721 0 *
Ve
1e-07
0.0515592488372678 -0.00625985198297567 0.01
0 0

0101101
*
Ed
 1e-07 1 1 0
1  402 0 0 0.0707317073170732
2  803 33 0 0 0.0707317073170732
2  804 163 0 0 0.0707317073170732
0

0101000
+2724 3 -2719 3 *
Ed
 1e-07 1 1 0
1  403 0 -0 0.01
2  805 33 0 -0 0.01
2  806 34 0 -0 0.01
0

0101000
+2719 3 -3625 3 *
Wi

0101100
-3624 0 -2722 0 +2718 0 +2717 0 *
Fa
0  1e-07 33 0

0101000
+2716 0 *
Ve
1e-07
0.0515592488372678 -0.074552534909805 0.01
0 0

0101101
*
Ed
 1e-07 1 1 0
1  404 0 0 0.0682926829268293
2  807 34 0 0 0.0682926829268293
2  808 163 0 0 0.0682926829268293
0

0101000
+2719 3 -2714 3 *
Ed
 1e-07 1 1 0
1  405 0 -0 0.01
2  809 34 0 -0 0.01
2  810 23 0 -0 0.01
0

0101000
+2714 3 -3646 3 *
Wi

0101100
-3623 0 -2717 0 +2713 0 +2712 0 *
Fa
0  1e-07 34 0

0101000
+2711 0 *
Ed
 1e-07 1 1 0
1  406 0 0 0.0804878048780488
2  811 23 0 0 0.0804878048780488
2  812 163 0 0 0.0804878048780488
0

0101000
+2714 3 -2766 3 *
Wi

0101100
-3644 0 -2712 0 +2709 0 +2765 0 *
Fa
0  1e-07 23 0

0101000
+2708 0 *
Wi

0101100
-2763 0 -2709 0 -2713 0 -2718 0 -2723 0 -2728 0 -2733 0 -2738 0 -2743 0 -2748 0 
-2753 0 -2758 0 *
Fa
0  1e-07 163 0

0101000
-2706 0 *
Ve
1e-07
0.117412907373853 -0.0641866812512683 0.01
0 0

0101101
*
Ed
 1e-07 1 1 0
1  407 0 -0 0.01
2  813 36 0 -0 0.01
2  814 35 0 -0 0.01
0

0101000
+2704 3 -3620 3 *
Ve
1e-07
0.117412907373853 -0.0861379007634635 0.01
0 0

0101101
*
Ed
 1e-07 1 1 0
1  408 0 0 0.0219512195121951
2  815 36 0 0 0.0219512195121951
2  816 164 0 0 0.0219512195121951
0

0101000
+2704 3 -2702 3 *
Ed
 1e-07 1 1 0
1  409 0 -0 0.01
2  817 36 0 -0 0.01
2  818 37 0 -0 0.01
0

0101000
+2702 3 -3618 3 *
Wi

0101100
-3617 0 -2703 0 +2701 0 +2700 0 *
Fa
0  1e-07 36 0

0101000
+2699 0 *
Ve
1e-07
0.172443395178731 -0.098942778812244 0.01
0 0

0101101
*
Ed
 1e-07 1 1 0
1  410 0 0 1
2  819 37 0 0 1
2  820 164 0 0 1
0

0101000
+2702 3 -2697 3 *
Ed
 1e-07 1 1 0
1  411 0 -0 0.01
2  821 37 0 -0 0.01
2  822 38 0 -0 0.01
0

0101000
+2697 3 -3616 3 *
Wi

0101100
-3615 0 -2700 0 +2696 0 +2695 0 *
Fa
0  1e-07 37 0

0101000
+2694 0 *
Ve
1e-07
0.266193395178731 -0.000276620275658577 0.01
0 0

0101101
*
Ed
 1e-07 1 1 0
1  412 0 0 1
2  823 38 0 0 1
2  824 164 0 0 1
0

0101000
+2697 3 -2692 3 *
Ed
 1e-07 1 1 0
1  413 0 -0 0.01
2  825 38 0 -0 0.01
2  826 39 0 -0 0.01
0

0101000
+2692 3 -3614 3 *
Wi

0101100
-3613 0 -2695 0 +2691 0 +2690 0 *
Fa
0  1e-07 38 0

0101000
+2689 0 *
Ve
1e-07
0.164478456154341 0.105935269968244 0.01
0 0

0101101
*
Ed
 1e-07 1 1 0
1  414 0 0 1
2  827 39 0 0 1
2  828 164 0 0 1
0

0101000
+2692 3 -2687 3 *
Ed
 1e-07 1 1 0
1  415 0 -0 0.01
2  829 39 0 -0 0.01
2  830 40 0 -0 0.01
0

0101000
+2687 3 -3612 3 *
Wi

0101100
-3611 0 -2690 0 +2686 0 +2685 0 *
Fa
0  1e-07 39 0

0101000
+2684 0 *
Ve
1e-07
0.117412907373853 0.0980084406999512 0.01
0 0

0101101
*
Ed
 1e-07 1 1 0
1  416 0 0 1
2  831 40 0 0 1
2  832 164 0 0 1
0

0101000
+2687 3 -2682 3 *
Ed
 1e-07 1 1 0
1  417 0 -0 0.01
2  833 40 0 -0 0.01
2  834 41 0 -0 0.01
0

0101000
+2682 3 -3610 3 *
Wi

0101100
-3609 0 -2685 0 +2681 0 +2680 0 *
Fa
0  1e-07 40 0

0101000
+2679 0 *
Ve
1e-07
0.117412907373853 0.0711791724072682 0.01
0 0

0101101
*
Ed
 1e-07 1 1 0
1  418 0 -1.38777878078145e-17 0.0268292682926829
2  835 41 0 -1.38777878078145e-17 0.0268292682926829
2  836 164 0 -1.38777878078145e-17 0.0268292682926829
0

0101000
+2682 3 -2677 3 *
Ed
 1e-07 1 1 0
1  419 0 -0 0.01
2  837 41 0 -0 0.01
2  838 42 0 -0 0.01
0

0101000
+2677 3 -3608 3 *
Wi

0101100
-3607 0 -2680 0 +2676 0 +2675 0 *
Fa
0  1e-07 41 0

0101000
+2674 0 *
Ve
1e-07
0.164249797617756 0.0839840504560487 0.01
0 0

0101101
*
Ed
 1e-07 1 1 0
1  420 0 0 1
2  839 42 0 0 1
2  840 164 0 0 1
0

0101000
+2677 3 -2672 3 *
Ed
 1e-07 1 1 0
1  421 0 -0 0.01
2  841 42 0 -0 0.01
2  842 43 0 -0 0.01
0

0101000
+2672 3 -3606 3 *
Wi

0101100
-3605 0 -2675 0 +2671 0 +2670 0 *
Fa
0  1e-07 42 0

0101000
+2669 0 *
Ve
1e-07
0.239364126886048 0.00136209923653654 0.01
0 0

0101101
*
Ed
 1e-07 1 1 0
1  422 0 0 1
2  843 43 0 0 1
2  844 164 0 0 1
0

0101000
+2672 3 -2667 3 *
Ed
 1e-07 1 1 0
1  423 0 -0 0.01
2  845 43 0 -0 0.01
2  846 44 0 -0 0.01
0

0101000
+2667 3 -3604 3 *
Wi

0101100
-3603 0 -2670 0 +2666 0 +2665 0 *
Fa
0  1e-07 43 0

0101000
+2664 0 *
Ve
1e-07
0.168746748837268 -0.0769915593000488 0.01
0 0

0101101
*
Ed
 1e-07 1 1 0
1  424 0 0 1
2  847 44 0 0 1
2  848 164 0 0 1
0

0101000
+2667 3 -2662 3 *
Ed
 1e-07 1 1 0
1  425 0 -0 0.01
2  849 44 0 -0 0.01
2  850 35 0 -0 0.01
0

0101000
+2662 3 -3621 3 *
Wi

0101100
-3602 0 -2665 0 +2661 0 +2660 0 *
Fa
0  1e-07 44 0

0101000
+2659 0 *
Ed
 1e-07 1 1 0
1  426 0 0 1
2  851 35 0 0 1
2  852 164 0 0 1
0

0101000
+2662 3 -2704 3 *
Wi

0101100
-3619 0 -2660 0 +2657 0 +2703 0 *
Fa
0  1e-07 35 0

0101000
+2656 0 *
Wi

0101100
-2701 0 -2657 0 -2661 0 -2666 0 -2671 0 -2676 0 -2681 0 -2686 0 -2691 0 -2696 0 
*
Fa
0  1e-07 164 0

0101000
+2654 0 *
Ve
1e-07
0.283266565910439 -0.074552534909805 0.01
0 0

0101101
*
Ed
 1e-07 1 1 0
1  427 0 -0 0.01
2  853 46 0 -0 0.01
2  854 45 0 -0 0.01
0

0101000
+2652 3 -3599 3 *
Ve
1e-07
0.283266565910439 -0.0965037544220001 0.01
0 0

0101101
*
Ed
 1e-07 1 1 0
1  428 0 0 0.0219512195121951
2  855 46 0 0 0.0219512195121951
2  856 165 0 0 0.0219512195121951
0

0101000
+2652 3 -2650 3 *
Ed
 1e-07 1 1 0
1  429 0 -0 0.01
2  857 46 0 -0 0.01
2  858 47 0 -0 0.01
0

0101000
+2650 3 -3597 3 *
Wi

0101100
-3596 0 -2651 0 +2649 0 +2648 0 *
Fa
0  1e-07 46 0

0101000
+2647 0 *
Ve
1e-07
0.385705590300682 -0.0965037544220001 0.01
0 0

0101101
*
Ed
 1e-07 1 1 0
1  430 0 0 0.102439024390244
2  859 47 0 0 0.102439024390244
2  860 165 0 0 0.102439024390244
0

0101000
+2650 3 -2645 3 *
Ed
 1e-07 1 1 0
1  431 0 -0 0.01
2  861 47 0 -0 0.01
2  862 48 0 -0 0.01
0

0101000
+2645 3 -3595 3 *
Wi

0101100
-3594 0 -2648 0 +2644 0 +2643 0 *
Fa
0  1e-07 47 0

0101000
+2642 0 *
Ve
1e-07
0.385705590300682 0.103496245578 0.01
0 0

0101101
*
Ed
 1e-07 1 1 0
1  432 0 0 0.2
2  863 48 0 0 0.2
2  864 165 0 0 0.2
0

0101000
+2645 3 -2640 3 *
Ed
 1e-07 1 1 0
1  433 0 -0 0.01
2  865 48 0 -0 0.01
2  866 49 0 -0 0.01
0

0101000
+2640 3 -3593 3 *
Wi

0101100
-3592 0 -2643 0 +2639 0 +2638 0 *
Fa
0  1e-07 48 0

0101000
+2637 0 *
Ve
1e-07
0.358876322007999 0.103496245578 0.01
0 0

0101101
*
Ed
 1e-07 1 1 0
1  434 0 0 0.026829268292683
2  867 49 0 0 0.026829268292683
2  868 165 0 0 0.026829268292683
0

0101000
+2640 3 -2635 3 *
Ed
 1e-07 1 1 0
1  435 0 -0 0.01
2  869 49 0 -0 0.01
2  870 50 0 -0 0.01
0

0101000
+2635 3 -3591 3 *
Wi

0101100
-3590 0 -2638 0 +2634 0 +2633 0 *
Fa
0  1e-07 49 0

0101000
+2632 0 *
Ve
1e-07
0.358876322007999 -0.074552534909805 0.01
0 0

0101101
*
Ed
 1e-07 1 1 0
1  436 0 0 0.178048780487805
2  871 50 0 0 0.178048780487805
2  872 165 0 0 0.178048780487805
0

0101000
+2635 3 -2630 3 *
Ed
 1e-07 1 1 0
1  437 0 -0 0.01
2  873 50 0 -0 0.01
2  874 45 0 -0 0.01
0

0101000
+2630 3 -3600 3 *
Wi

0101100
-3589 0 -2633 0 +2629 0 +2628 0 *
Fa
0  1e-07 50 0

0101000
+2627 0 *
Ed
 1e-07 1 1 0
1  438 0 0 0.0756097560975609
2  875 45 0 0 0.0756097560975609
2  876 165 0 0 0.0756097560975609
0

0101000
+2630 3 -2652 3 *
Wi

0101100
-3598 0 -2628 0 +2625 0 +2651 0 *
Fa
0  1e-07 45 0

0101000
+2624 0 *
Wi

0101100
-2649 0 -2625 0 -2629 0 -2634 0 -2639 0 -2644 0 *
Fa
0  1e-07 165 0

0101000
-2622 0 *
Wi

0101100
+2851 0 +2857 0 +2832 0 +2836 0 +2841 0 +2846 0 *
Fa
0  1e-07 155 0

0101000
+2620 0 *
Wi

0101100
+2783 0 +2789 0 +2769 0 +2773 0 +2778 0 *
Fa
0  1e-07 162 0

0101000
+2618 0 *
Sh

0101100
-3684 0 +3587 0 -3417 0 -3413 0 -3410 0 -3407 0 -3387 0 +3380 0 +3375 0 +3370 0 
+3365 0 +3360 0 +3355 0 +3350 0 +3345 0 +3340 0 +3337 0 +3335 0 -3332 0 +3330 0 
+3323 0 +3318 0 +3313 0 +3308 0 +3303 0 +3298 0 +3293 0 +3288 0 +3283 0 +3278 0 
+3273 0 +3268 0 +3265 0 -3263 0 +3256 0 +3251 0 +3246 0 +3241 0 +3236 0 +3231 0 
+3226 0 +3221 0 +3216 0 +3211 0 +3206 0 +3201 0 +3196 0 +3191 0 +3186 0 +3181 0 
+3176 0 +3173 0 -3171 0 +3164 0 +3159 0 +3154 0 +3149 0 +3144 0 +3139 0 +3134 0 
+3129 0 +3124 0 +3119 0 +3114 0 +3109 0 +3104 0 +3099 0 +3094 0 +3091 0 +3089 0 
+3082 0 +3077 0 +3072 0 +3067 0 +3062 0 +3057 0 +3052 0 +3047 0 +3042 0 +3039 0 
-3037 0 +3030 0 +3025 0 +3020 0 +3015 0 +3010 0 +3005 0 +3000 0 +2995 0 +2992 0 
+2981 0 +2974 0 +2969 0 +2964 0 +2961 0 -2959 0 +2952 0 +2947 0 +2942 0 +2939 0 
+2937 0 +2930 0 +2925 0 +2920 0 +2917 0 +2915 0 +2908 0 +2903 0 +2898 0 +2893 0 
+2888 0 +2883 0 +2878 0 +2875 0 -2860 0 +2853 0 +2848 0 +2843 0 +2838 0 +2833 0 
+2830 0 +2823 0 +2818 0 +2813 0 +2808 0 +2805 0 +2792 0 +2785 0 +2780 0 +2775 0 
+2770 0 +2767 0 +2760 0 +2755 0 +2750 0 +2745 0 +2740 0 +2735 0 +2730 0 +2725 0 
+2720 0 +2715 0 +2710 0 +2707 0 -2705 0 +2698 0 +2693 0 +2688 0 +2683 0 +2678 0 
+2673 0 +2668 0 +2663 0 +2658 0 +2655 0 +2653 0 +2646 0 +2641 0 +2636 0 +2631 0 
+2626 0 +2623 0 -2621 0 +2619 0 +2617 0 *
So

0100000
+2616 0 *
Ve
1e-07
2.51000000000002 -1.64999999999998 -0.0200000000000001
0 0

0101101
*
Ve
1e-07
2.31000000000002 -1.64999999999998 -0.0200000000000001
0 0

0101101
*
Ed
 1e-07 1 1 0
1  439 0 -0.2 0
2  877 166 0 -0.2 0
2  878 167 0 -0.2 0
0

0101000
+2614 3 -2613 3 *
Ve
1e-07
2.31000000000002 -1.64999999999998 0.18
0 0

0101101
*
Ed
 1e-07 1 1 0
1  440 0 0 0.2
2  879 166 0 0 0.2
2  880 168 0 0 0.2
4 G1 166 0 168 0
0

0101000
+2611 3 -2613 3 *
Ve
1e-07
2.51000000000002 -1.64999999999998 0.18
0 0

0101101
*
Ed
 1e-07 1 1 0
1  441 0 -0.2 0
2  881 166 0 -0.2 0
2  882 169 0 -0.2 0
0

0101000
+2609 3 -2611 3 *
Ed
 1e-07 1 1 0
1  442 0 0 0.2
2  883 166 0 0 0.2
2  884 170 0 0 0.2
0

0101000
+2609 3 -2614 3 *
Wi

0101100
+2612 0 -2610 0 -2608 0 +2607 0 *
Fa
0  1e-07 166 0

0101000
-2606 0 *
Ve
1e-07
2.31000000000002 -1.84999999999998 -0.0200000000000001
0 0

0101101
*
Ed
 1e-07 1 1 0
1  443 0 3.14159265358979 6.28318530717959
2  885 168 0 3.14159265358979 6.28318530717959
2  886 167 0 3.14159265358979 6.28318530717959
0

0101000
+2613 3 -2604 3 *
Ve
1e-07
2.31000000000002 -1.84999999999998 0.18
0 0

0101101
*
Ed
 1e-07 1 1 0
1  444 0 0 0.2
2  887 168 0 0 0.2
2  888 171 0 0 0.2
4 G1 168 0 171 0
0

0101000
+2602 3 -2604 3 *
Ed
 1e-07 1 1 0
1  445 0 3.14159265358979 6.28318530717959
2  889 168 0 3.14159265358979 6.28318530717959
2  890 169 0 3.14159265358979 6.28318530717959
0

0101000
+2611 3 -2602 3 *
Wi

0101100
+2603 0 -2601 0 -2600 0 +2610 0 *
Fa
0  1e-07 168 0

0101000
+2599 0 *
Ve
1e-07
2.51000000000002 -1.84999999999998 -0.0200000000000001
0 0

0101101
*
Ed
 1e-07 1 1 0
1  446 0 0 0.2
2  891 171 0 0 0.2
2  892 167 0 0 0.2
0

0101000
+2604 3 -2597 3 *
Ve
1e-07
2.51000000000002 -1.84999999999998 0.18
0 0

0101101
*
Ed
 1e-07 1 1 0
1  447 0 0 0.2
2  893 171 0 0 0.2
2  894 170 0 0 0.2
0

0101000
+2595 3 -2597 3 *
Ed
 1e-07 1 1 0
1  448 0 0 0.2
2  895 171 0 0 0.2
2  896 169 0 0 0.2
0

0101000
+2602 3 -2595 3 *
Wi

0101100
+2596 0 -2594 0 -2593 0 +2601 0 *
Fa
0  1e-07 171 0

0101000
-2592 0 *
Ed
 1e-07 1 1 0
1  449 0 0 0.2
2  897 170 0 0 0.2
2  898 167 0 0 0.2
0

0101000
+2597 3 -2614 3 *
Ed
 1e-07 1 1 0
1  450 0 0 0.2
2  899 170 0 0 0.2
2  900 169 0 0 0.2
0

0101000
+2595 3 -2609 3 *
Wi

0101100
+2590 0 -2607 0 -2589 0 +2594 0 *
Fa
0  1e-07 170 0

0101000
-2588 0 *
Wi

0101100
+2608 0 +2600 0 +2593 0 +2589 0 *
Fa
0  1e-07 169 0

0101000
-2586 0 *
Wi

0101100
-2612 0 -2590 0 -2596 0 -2603 0 *
Fa
0  1e-07 167 0

0101000
+2584 0 *
Sh

0101100
-2605 0 +2598 0 -2591 0 -2587 0 -2585 0 +2583 0 *
So

0100000
+2582 0 *
Ve
1e-07
1.85 -2.51 -0.0200000000000001
0 0

0101101
*
Ve
1e-07
1.85 -2.31 -0.0200000000000001
0 0

0101101
*
Ed
 1e-07 1 1 0
1  451 0 -0.2 0
2  901 172 0 -0.2 0
2  902 173 0 -0.2 0
0

0101000
+2580 3 -2579 3 *
Ve
1e-07
1.85 -2.31 0.18
0 0

0101101
*
Ed
 1e-07 1 1 0
1  452 0 -0 0.2
2  903 172 0 -0 0.2
2  904 174 0 -0 0.2
4 G1 172 0 174 0
0

0101000
+2577 3 -2579 3 *
Ve
1e-07
1.85 -2.51 0.18
0 0

0101101
*
Ed
 1e-07 1 1 0
1  453 0 -0.2 0
2  905 172 0 -0.2 0
2  906 175 0 -0.2 0
0

0101000
+2575 3 -2577 3 *
Ed
 1e-07 1 1 0
1  454 0 -0 0.2
2  907 172 0 -0 0.2
2  908 176 0 -0 0.2
0

0101000
+2575 3 -2580 3 *
Wi

0101100
+2578 0 -2576 0 -2574 0 +2573 0 *
Fa
0  1e-07 172 0

0101000
-2572 0 *
Ve
1e-07
1.65 -2.31 -0.0200000000000001
0 0

0101101
*
Ed
 1e-07 1 1 0
1  455 0 3.14159265358979 6.28318530717959
2  909 174 0 3.14159265358979 6.28318530717959
2  910 173 0 3.14159265358979 6.28318530717959
0

0101000
+2579 3 -2570 3 *
Ve
1e-07
1.65 -2.31 0.18
0 0

0101101
*
Ed
 1e-07 1 1 0
1  456 0 -0 0.2
2  911 174 0 -0 0.2
2  912 177 0 -0 0.2
4 G1 174 0 177 0
0

0101000
+2568 3 -2570 3 *
Ed
 1e-07 1 1 0
1  457 0 3.14159265358979 6.28318530717959
2  913 174 0 3.14159265358979 6.28318530717959
2  914 175 0 3.14159265358979 6.28318530717959
0

0101000
+2577 3 -2568 3 *
Wi

0101100
+2569 0 -2567 0 -2566 0 +2576 0 *
Fa
0  1e-07 174 0

0101000
+2565 0 *
Ve
1e-07
1.65 -2.51 -0.0200000000000001
0 0

0101101
*
Ed
 1e-07 1 1 0
1  458 0 0 0.2
2  915 177 0 0 0.2
2  916 173 0 0 0.2
0

0101000
+2570 3 -2563 3 *
Ve
1e-07
1.65 -2.51 0.18
0 0

0101101
*
Ed
 1e-07 1 1 0
1  459 0 -0 0.2
2  917 177 0 -0 0.2
2  918 176 0 -0 0.2
0

0101000
+2561 3 -2563 3 *
Ed
 1e-07 1 1 0
1  460 0 0 0.2
2  919 177 0 0 0.2
2  920 175 0 0 0.2
0

0101000
+2568 3 -2561 3 *
Wi

0101100
+2562 0 -2560 0 -2559 0 +2567 0 *
Fa
0  1e-07 177 0

0101000
-2558 0 *
Ed
 1e-07 1 1 0
1  461 0 0 0.2
2  921 176 0 0 0.2
2  922 173 0 0 0.2
0

0101000
+2563 3 -2580 3 *
Ed
 1e-07 1 1 0
1  462 0 0 0.2
2  923 176 0 0 0.2
2  924 175 0 0 0.2
0

0101000
+2561 3 -2575 3 *
Wi

0101100
+2556 0 -2573 0 -2555 0 +2560 0 *
Fa
0  1e-07 176 0

0101000
-2554 0 *
Wi

0101100
+2574 0 +2566 0 +2559 0 +2555 0 *
Fa
0  1e-07 175 0

0101000
-2552 0 *
Wi

0101100
-2578 0 -2556 0 -2562 0 -2569 0 *
Fa
0  1e-07 173 0

0101000
+2550 0 *
Sh

0101100
-2571 0 +2564 0 -2557 0 -2553 0 -2551 0 +2549 0 *
So

0100000
+2548 0 *
Ve
1e-07
2.51000000000001 -1.14999999999999 -0.0200000000000001
0 0

0101101
*
Ve
1e-07
2.31000000000001 -1.14999999999999 -0.0200000000000001
0 0

0101101
*
Ed
 1e-07 1 1 0
1  463 0 -0.2 0
2  925 178 0 -0.2 0
2  926 179 0 -0.2 0
0

0101000
+2546 3 -2545 3 *
Ve
1e-07
2.31000000000001 -1.14999999999999 0.18
0 0

0101101
*
Ed
 1e-07 1 1 0
1  464 0 0 0.2
2  927 178 0 0 0.2
2  928 180 0 0 0.2
4 G1 178 0 180 0
0

0101000
+2543 3 -2545 3 *
Ve
1e-07
2.51000000000001 -1.14999999999999 0.18
0 0

0101101
*
Ed
 1e-07 1 1 0
1  465 0 -0.2 0
2  929 178 0 -0.2 0
2  930 181 0 -0.2 0
0

0101000
+2541 3 -2543 3 *
Ed
 1e-07 1 1 0
1  466 0 0 0.2
2  931 178 0 0 0.2
2  932 182 0 0 0.2
0

0101000
+2541 3 -2546 3 *
Wi

0101100
+2544 0 -2542 0 -2540 0 +2539 0 *
Fa
0  1e-07 178 0

0101000
-2538 0 *
Ve
1e-07
2.31000000000001 -1.34999999999999 -0.0200000000000001
0 0

0101101
*
Ed
 1e-07 1 1 0
1  467 0 3.14159265358979 6.28318530717959
2  933 180 0 3.14159265358979 6.28318530717959
2  934 179 0 3.14159265358979 6.28318530717959
0

0101000
+2545 3 -2536 3 *
Ve
1e-07
2.31000000000001 -1.34999999999999 0.18
0 0

0101101
*
Ed
 1e-07 1 1 0
1  468 0 0 0.2
2  935 180 0 0 0.2
2  936 183 0 0 0.2
4 G1 180 0 183 0
0

0101000
+2534 3 -2536 3 *
Ed
 1e-07 1 1 0
1  469 0 3.14159265358979 6.28318530717959
2  937 180 0 3.14159265358979 6.28318530717959
2  938 181 0 3.14159265358979 6.28318530717959
0

0101000
+2543 3 -2534 3 *
Wi

0101100
+2535 0 -2533 0 -2532 0 +2542 0 *
Fa
0  1e-07 180 0

0101000
+2531 0 *
Ve
1e-07
2.51000000000001 -1.34999999999999 -0.0200000000000001
0 0

0101101
*
Ed
 1e-07 1 1 0
1  470 0 0 0.2
2  939 183 0 0 0.2
2  940 179 0 0 0.2
0

0101000
+2536 3 -2529 3 *
Ve
1e-07
2.51000000000001 -1.34999999999999 0.18
0 0

0101101
*
Ed
 1e-07 1 1 0
1  471 0 0 0.2
2  941 183 0 0 0.2
2  942 182 0 0 0.2
0

0101000
+2527 3 -2529 3 *
Ed
 1e-07 1 1 0
1  472 0 0 0.2
2  943 183 0 0 0.2
2  944 181 0 0 0.2
0

0101000
+2534 3 -2527 3 *
Wi

0101100
+2528 0 -2526 0 -2525 0 +2533 0 *
Fa
0  1e-07 183 0

0101000
-2524 0 *
Ed
 1e-07 1 1 0
1  473 0 0 0.2
2  945 182 0 0 0.2
2  946 179 0 0 0.2
0

0101000
+2529 3 -2546 3 *
Ed
 1e-07 1 1 0
1  474 0 0 0.2
2  947 182 0 0 0.2
2  948 181 0 0 0.2
0

0101000
+2527 3 -2541 3 *
Wi

0101100
+2522 0 -2539 0 -2521 0 +2526 0 *
Fa
0  1e-07 182 0

0101000
-2520 0 *
Wi

0101100
+2540 0 +2532 0 +2525 0 +2521 0 *
Fa
0  1e-07 181 0

0101000
-2518 0 *
Wi

0101100
-2544 0 -2522 0 -2528 0 -2535 0 *
Fa
0  1e-07 179 0

0101000
+2516 0 *
Sh

0101100
-2537 0 +2530 0 -2523 0 -2519 0 -2517 0 +2515 0 *
So

0100000
+2514 0 *
Ve
1e-07
2.51000000000001 -0.649999999999983 -0.0200000000000001
0 0

0101101
*
Ve
1e-07
2.31000000000001 -0.649999999999984 -0.0200000000000001
0 0

0101101
*
Ed
 1e-07 1 1 0
1  475 0 -0.2 0
2  949 184 0 -0.2 0
2  950 185 0 -0.2 0
0

0101000
+2512 3 -2511 3 *
Ve
1e-07
2.31000000000001 -0.649999999999984 0.18
0 0

0101101
*
Ed
 1e-07 1 1 0
1  476 0 0 0.2
2  951 184 0 0 0.2
2  952 186 0 0 0.2
4 G1 184 0 186 0
0

0101000
+2509 3 -2511 3 *
Ve
1e-07
2.51000000000001 -0.649999999999983 0.18
0 0

0101101
*
Ed
 1e-07 1 1 0
1  477 0 -0.2 0
2  953 184 0 -0.2 0
2  954 187 0 -0.2 0
0

0101000
+2507 3 -2509 3 *
Ed
 1e-07 1 1 0
1  478 0 0 0.2
2  955 184 0 0 0.2
2  956 188 0 0 0.2
0

0101000
+2507 3 -2512 3 *
Wi

0101100
+2510 0 -2508 0 -2506 0 +2505 0 *
Fa
0  1e-07 184 0

0101000
-2504 0 *
Ve
1e-07
2.31000000000001 -0.849999999999984 -0.0200000000000001
0 0

0101101
*
Ed
 1e-07 1 1 0
1  479 0 3.14159265358979 6.28318530717959
2  957 186 0 3.14159265358979 6.28318530717959
2  958 185 0 3.14159265358979 6.28318530717959
0

0101000
+2511 3 -2502 3 *
Ve
1e-07
2.31000000000001 -0.849999999999984 0.18
0 0

0101101
*
Ed
 1e-07 1 1 0
1  480 0 0 0.2
2  959 186 0 0 0.2
2  960 189 0 0 0.2
4 G1 186 0 189 0
0

0101000
+2500 3 -2502 3 *
Ed
 1e-07 1 1 0
1  481 0 3.14159265358979 6.28318530717959
2  961 186 0 3.14159265358979 6.28318530717959
2  962 187 0 3.14159265358979 6.28318530717959
0

0101000
+2509 3 -2500 3 *
Wi

0101100
+2501 0 -2499 0 -2498 0 +2508 0 *
Fa
0  1e-07 186 0

0101000
+2497 0 *
Ve
1e-07
2.51000000000001 -0.849999999999983 -0.0200000000000001
0 0

0101101
*
Ed
 1e-07 1 1 0
1  482 0 0 0.2
2  963 189 0 0 0.2
2  964 185 0 0 0.2
0

0101000
+2502 3 -2495 3 *
Ve
1e-07
2.51000000000001 -0.849999999999983 0.18
0 0

0101101
*
Ed
 1e-07 1 1 0
1  483 0 0 0.2
2  965 189 0 0 0.2
2  966 188 0 0 0.2
0

0101000
+2493 3 -2495 3 *
Ed
 1e-07 1 1 0
1  484 0 0 0.2
2  967 189 0 0 0.2
2  968 187 0 0 0.2
0

0101000
+2500 3 -2493 3 *
Wi

0101100
+2494 0 -2492 0 -2491 0 +2499 0 *
Fa
0  1e-07 189 0

0101000
-2490 0 *
Ed
 1e-07 1 1 0
1  485 0 0 0.2
2  969 188 0 0 0.2
2  970 185 0 0 0.2
0

0101000
+2495 3 -2512 3 *
Ed
 1e-07 1 1 0
1  486 0 0 0.2
2  971 188 0 0 0.2
2  972 187 0 0 0.2
0

0101000
+2493 3 -2507 3 *
Wi

0101100
+2488 0 -2505 0 -2487 0 +2492 0 *
Fa
0  1e-07 188 0

0101000
-2486 0 *
Wi

0101100
+2506 0 +2498 0 +2491 0 +2487 0 *
Fa
0  1e-07 187 0

0101000
-2484 0 *
Wi

0101100
-2510 0 -2488 0 -2494 0 -2501 0 *
Fa
0  1e-07 185 0

0101000
+2482 0 *
Sh

0101100
-2503 0 +2496 0 -2489 0 -2485 0 -2483 0 +2481 0 *
So

0100000
+2480 0 *
Ve
1e-07
2.51000000000001 -0.149999999999991 -0.0200000000000001
0 0

0101101
*
Ve
1e-07
2.31000000000001 -0.149999999999992 -0.0200000000000001
0 0

0101101
*
Ed
 1e-07 1 1 0
1  487 0 -0.2 0
2  973 190 0 -0.2 0
2  974 191 0 -0.2 0
0

0101000
+2478 3 -2477 3 *
Ve
1e-07
2.31000000000001 -0.149999999999992 0.18
0 0

0101101
*
Ed
 1e-07 1 1 0
1  488 0 0 0.2
2  975 190 0 0 0.2
2  976 192 0 0 0.2
4 G1 190 0 192 0
0

0101000
+2475 3 -2477 3 *
Ve
1e-07
2.51000000000001 -0.149999999999991 0.18
0 0

0101101
*
Ed
 1e-07 1 1 0
1  489 0 -0.2 0
2  977 190 0 -0.2 0
2  978 193 0 -0.2 0
0

0101000
+2473 3 -2475 3 *
Ed
 1e-07 1 1 0
1  490 0 0 0.2
2  979 190 0 0 0.2
2  980 194 0 0 0.2
0

0101000
+2473 3 -2478 3 *
Wi

0101100
+2476 0 -2474 0 -2472 0 +2471 0 *
Fa
0  1e-07 190 0

0101000
-2470 0 *
Ve
1e-07
2.31000000000001 -0.349999999999992 -0.0200000000000001
0 0

0101101
*
Ed
 1e-07 1 1 0
1  491 0 3.14159265358979 6.28318530717959
2  981 192 0 3.14159265358979 6.28318530717959
2  982 191 0 3.14159265358979 6.28318530717959
0

0101000
+2477 3 -2468 3 *
Ve
1e-07
2.31000000000001 -0.349999999999992 0.18
0 0

0101101
*
Ed
 1e-07 1 1 0
1  492 0 0 0.2
2  983 192 0 0 0.2
2  984 195 0 0 0.2
4 G1 192 0 195 0
0

0101000
+2466 3 -2468 3 *
Ed
 1e-07 1 1 0
1  493 0 3.14159265358979 6.28318530717959
2  985 192 0 3.14159265358979 6.28318530717959
2  986 193 0 3.14159265358979 6.28318530717959
0

0101000
+2475 3 -2466 3 *
Wi

0101100
+2467 0 -2465 0 -2464 0 +2474 0 *
Fa
0  1e-07 192 0

0101000
+2463 0 *
Ve
1e-07
2.51000000000001 -0.349999999999991 -0.0200000000000001
0 0

0101101
*
Ed
 1e-07 1 1 0
1  494 0 0 0.2
2  987 195 0 0 0.2
2  988 191 0 0 0.2
0

0101000
+2468 3 -2461 3 *
Ve
1e-07
2.51000000000001 -0.349999999999991 0.18
0 0

0101101
*
Ed
 1e-07 1 1 0
1  495 0 0 0.2
2  989 195 0 0 0.2
2  990 194 0 0 0.2
0

0101000
+2459 3 -2461 3 *
Ed
 1e-07 1 1 0
1  496 0 0 0.2
2  991 195 0 0 0.2
2  992 193 0 0 0.2
0

0101000
+2466 3 -2459 3 *
Wi

0101100
+2460 0 -2458 0 -2457 0 +2465 0 *
Fa
0  1e-07 195 0

0101000
-2456 0 *
Ed
 1e-07 1 1 0
1  497 0 0 0.2
2  993 194 0 0 0.2
2  994 191 0 0 0.2
0

0101000
+2461 3 -2478 3 *
Ed
 1e-07 1 1 0
1  498 0 0 0.2
2  995 194 0 0 0.2
2  996 193 0 0 0.2
0

0101000
+2459 3 -2473 3 *
Wi

0101100
+2454 0 -2471 0 -2453 0 +2458 0 *
Fa
0  1e-07 194 0

0101000
-2452 0 *
Wi

0101100
+2472 0 +2464 0 +2457 0 +2453 0 *
Fa
0  1e-07 193 0

0101000
-2450 0 *
Wi

0101100
-2476 0 -2454 0 -2460 0 -2467 0 *
Fa
0  1e-07 191 0

0101000
+2448 0 *
Sh

0101100
-2469 0 +2462 0 -2455 0 -2451 0 -2449 0 +2447 0 *
So

0100000
+2446 0 *
Ve
1e-07
2.51000000000001 0.350000000000009 -0.0200000000000001
0 0

0101101
*
Ve
1e-07
2.31000000000001 0.350000000000008 -0.0200000000000001
0 0

0101101
*
Ed
 1e-07 1 1 0
1  499 0 -0.2 0
2  997 196 0 -0.2 0
2  998 197 0 -0.2 0
0

0101000
+2444 3 -2443 3 *
Ve
1e-07
2.31000000000001 0.350000000000008 0.18
0 0

0101101
*
Ed
 1e-07 1 1 0
1  500 0 0 0.2
2  999 196 0 0 0.2
2  1000 198 0 0 0.2
4 G1 196 0 198 0
0

0101000
+2441 3 -2443 3 *
Ve
1e-07
2.51000000000001 0.350000000000009 0.18
0 0

0101101
*
Ed
 1e-07 1 1 0
1  501 0 -0.2 0
2  1001 196 0 -0.2 0
2  1002 199 0 -0.2 0
0

0101000
+2439 3 -2441 3 *
Ed
 1e-07 1 1 0
1  502 0 0 0.2
2  1003 196 0 0 0.2
2  1004 200 0 0 0.2
0

0101000
+2439 3 -2444 3 *
Wi

0101100
+2442 0 -2440 0 -2438 0 +2437 0 *
Fa
0  1e-07 196 0

0101000
-2436 0 *
Ve
1e-07
2.31000000000001 0.150000000000008 -0.0200000000000001
0 0

0101101
*
Ed
 1e-07 1 1 0
1  503 0 3.14159265358979 6.28318530717959
2  1005 198 0 3.14159265358979 6.28318530717959
2  1006 197 0 3.14159265358979 6.28318530717959
0

0101000
+2443 3 -2434 3 *
Ve
1e-07
2.31000000000001 0.150000000000008 0.18
0 0

0101101
*
Ed
 1e-07 1 1 0
1  504 0 0 0.2
2  1007 198 0 0 0.2
2  1008 201 0 0 0.2
4 G1 198 0 201 0
0

0101000
+2432 3 -2434 3 *
Ed
 1e-07 1 1 0
1  505 0 3.14159265358979 6.28318530717959
2  1009 198 0 3.14159265358979 6.28318530717959
2  1010 199 0 3.14159265358979 6.28318530717959
0

0101000
+2441 3 -2432 3 *
Wi

0101100
+2433 0 -2431 0 -2430 0 +2440 0 *
Fa
0  1e-07 198 0

0101000
+2429 0 *
Ve
1e-07
2.51000000000001 0.150000000000009 -0.0200000000000001
0 0

0101101
*
Ed
 1e-07 1 1 0
1  506 0 0 0.2
2  1011 201 0 0 0.2
2  1012 197 0 0 0.2
0

0101000
+2434 3 -2427 3 *
Ve
1e-07
2.51000000000001 0.150000000000009 0.18
0 0

0101101
*
Ed
 1e-07 1 1 0
1  507 0 0 0.2
2  1013 201 0 0 0.2
2  1014 200 0 0 0.2
0

0101000
+2425 3 -2427 3 *
Ed
 1e-07 1 1 0
1  508 0 0 0.2
2  1015 201 0 0 0.2
2  1016 199 0 0 0.2
0

0101000
+2432 3 -2425 3 *
Wi

0101100
+2426 0 -2424 0 -2423 0 +2431 0 *
Fa
0  1e-07 201 0

0101000
-2422 0 *
Ed
 1e-07 1 1 0
1  509 0 0 0.2
2  1017 200 0 0 0.2
2  1018 197 0 0 0.2
0

0101000
+2427 3 -2444 3 *
Ed
 1e-07 1 1 0
1  510 0 0 0.2
2  1019 200 0 0 0.2
2  1020 199 0 0 0.2
0

0101000
+2425 3 -2439 3 *
Wi

0101100
+2420 0 -2437 0 -2419 0 +2424 0 *
Fa
0  1e-07 200 0

0101000
-2418 0 *
Wi

0101100
+2438 0 +2430 0 +2423 0 +2419 0 *
Fa
0  1e-07 199 0

0101000
-2416 0 *
Wi

0101100
-2442 0 -2420 0 -2426 0 -2433 0 *
Fa
0  1e-07 197 0

0101000
+2414 0 *
Sh

0101100
-2435 0 +2428 0 -2421 0 -2417 0 -2415 0 +2413 0 *
So

0100000
+2412 0 *
Ve
1e-07
2.51000000000001 0.850000000000009 -0.0200000000000001
0 0

0101101
*
Ve
1e-07
2.31000000000001 0.850000000000008 -0.0200000000000001
0 0

0101101
*
Ed
 1e-07 1 1 0
1  511 0 -0.2 0
2  1021 202 0 -0.2 0
2  1022 203 0 -0.2 0
0

0101000
+2410 3 -2409 3 *
Ve
1e-07
2.31000000000001 0.850000000000008 0.18
0 0

0101101
*
Ed
 1e-07 1 1 0
1  512 0 0 0.2
2  1023 202 0 0 0.2
2  1024 204 0 0 0.2
4 G1 202 0 204 0
0

0101000
+2407 3 -2409 3 *
Ve
1e-07
2.51000000000001 0.850000000000009 0.18
0 0

0101101
*
Ed
 1e-07 1 1 0
1  513 0 -0.2 0
2  1025 202 0 -0.2 0
2  1026 205 0 -0.2 0
0

0101000
+2405 3 -2407 3 *
Ed
 1e-07 1 1 0
1  514 0 0 0.2
2  1027 202 0 0 0.2
2  1028 206 0 0 0.2
0

0101000
+2405 3 -2410 3 *
Wi

0101100
+2408 0 -2406 0 -2404 0 +2403 0 *
Fa
0  1e-07 202 0

0101000
-2402 0 *
Ve
1e-07
2.31000000000001 0.650000000000008 -0.0200000000000001
0 0

0101101
*
Ed
 1e-07 1 1 0
1  515 0 3.14159265358979 6.28318530717959
2  1029 204 0 3.14159265358979 6.28318530717959
2  1030 203 0 3.14159265358979 6.28318530717959
0

0101000
+2409 3 -2400 3 *
Ve
1e-07
2.31000000000001 0.650000000000008 0.18
0 0

0101101
*
Ed
 1e-07 1 1 0
1  516 0 0 0.2
2  1031 204 0 0 0.2
2  1032 207 0 0 0.2
4 G1 204 0 207 0
0

0101000
+2398 3 -2400 3 *
Ed
 1e-07 1 1 0
1  517 0 3.14159265358979 6.28318530717959
2  1033 204 0 3.14159265358979 6.28318530717959
2  1034 205 0 3.14159265358979 6.28318530717959
0

0101000
+2407 3 -2398 3 *
Wi

0101100
+2399 0 -2397 0 -2396 0 +2406 0 *
Fa
0  1e-07 204 0

0101000
+2395 0 *
Ve
1e-07
2.51000000000001 0.650000000000009 -0.0200000000000001
0 0

0101101
*
Ed
 1e-07 1 1 0
1  518 0 0 0.2
2  1035 207 0 0 0.2
2  1036 203 0 0 0.2
0

0101000
+2400 3 -2393 3 *
Ve
1e-07
2.51000000000001 0.650000000000009 0.18
0 0

0101101
*
Ed
 1e-07 1 1 0
1  519 0 0 0.2
2  1037 207 0 0 0.2
2  1038 206 0 0 0.2
0

0101000
+2391 3 -2393 3 *
Ed
 1e-07 1 1 0
1  520 0 0 0.2
2  1039 207 0 0 0.2
2  1040 205 0 0 0.2
0

0101000
+2398 3 -2391 3 *
Wi

0101100
+2392 0 -2390 0 -2389 0 +2397 0 *
Fa
0  1e-07 207 0

0101000
-2388 0 *
Ed
 1e-07 1 1 0
1  521 0 0 0.2
2  1041 206 0 0 0.2
2  1042 203 0 0 0.2
0

0101000
+2393 3 -2410 3 *
Ed
 1e-07 1 1 0
1  522 0 0 0.2
2  1043 206 0 0 0.2
2  1044 205 0 0 0.2
0

0101000
+2391 3 -2405 3 *
Wi

0101100
+2386 0 -2403 0 -2385 0 +2390 0 *
Fa
0  1e-07 206 0

0101000
-2384 0 *
Wi

0101100
+2404 0 +2396 0 +2389 0 +2385 0 *
Fa
0  1e-07 205 0

0101000
-2382 0 *
Wi

0101100
-2408 0 -2386 0 -2392 0 -2399 0 *
Fa
0  1e-07 203 0

0101000
+2380 0 *
Sh

0101100
-2401 0 +2394 0 -2387 0 -2383 0 -2381 0 +2379 0 *
So

0100000
+2378 0 *
Ve
1e-07
2.51000000000001 1.35000000000001 -0.0200000000000001
0 0

0101101
*
Ve
1e-07
2.31000000000001 1.35000000000001 -0.0200000000000001
0 0

0101101
*
Ed
 1e-07 1 1 0
1  523 0 -0.2 0
2  1045 208 0 -0.2 0
2  1046 209 0 -0.2 0
0

0101000
+2376 3 -2375 3 *
Ve
1e-07
2.31000000000001 1.35000000000001 0.18
0 0

0101101
*
Ed
 1e-07 1 1 0
1  524 0 0 0.2
2  1047 208 0 0 0.2
2  1048 210 0 0 0.2
4 G1 208 0 210 0
0

0101000
+2373 3 -2375 3 *
Ve
1e-07
2.51000000000001 1.35000000000001 0.18
0 0

0101101
*
Ed
 1e-07 1 1 0
1  525 0 -0.2 0
2  1049 208 0 -0.2 0
2  1050 211 0 -0.2 0
0

0101000
+2371 3 -2373 3 *
Ed
 1e-07 1 1 0
1  526 0 0 0.2
2  1051 208 0 0 0.2
2  1052 212 0 0 0.2
0

0101000
+2371 3 -2376 3 *
Wi

0101100
+2374 0 -2372 0 -2370 0 +2369 0 *
Fa
0  1e-07 208 0

0101000
-2368 0 *
Ve
1e-07
2.31000000000001 1.15000000000001 -0.0200000000000001
0 0

0101101
*
Ed
 1e-07 1 1 0
1  527 0 3.14159265358979 6.28318530717959
2  1053 210 0 3.14159265358979 6.28318530717959
2  1054 209 0 3.14159265358979 6.28318530717959
0

0101000
+2375 3 -2366 3 *
Ve
1e-07
2.31000000000001 1.15000000000001 0.18
0 0

0101101
*
Ed
 1e-07 1 1 0
1  528 0 0 0.2
2  1055 210 0 0 0.2
2  1056 213 0 0 0.2
4 G1 210 0 213 0
0

0101000
+2364 3 -2366 3 *
Ed
 1e-07 1 1 0
1  529 0 3.14159265358979 6.28318530717959
2  1057 210 0 3.14159265358979 6.28318530717959
2  1058 211 0 3.14159265358979 6.28318530717959
0

0101000
+2373 3 -2364 3 *
Wi

0101100
+2365 0 -2363 0 -2362 0 +2372 0 *
Fa
0  1e-07 210 0

0101000
+2361 0 *
Ve
1e-07
2.51000000000001 1.15000000000001 -0.0200000000000001
0 0

0101101
*
Ed
 1e-07 1 1 0
1  530 0 0 0.2
2  1059 213 0 0 0.2
2  1060 209 0 0 0.2
0

0101000
+2366 3 -2359 3 *
Ve
1e-07
2.51000000000001 1.15000000000001 0.18
0 0

0101101
*
Ed
 1e-07 1 1 0
1  531 0 0 0.2
2  1061 213 0 0 0.2
2  1062 212 0 0 0.2
0

0101000
+2357 3 -2359 3 *
Ed
 1e-07 1 1 0
1  532 0 0 0.2
2  1063 213 0 0 0.2
2  1064 211 0 0 0.2
0

0101000
+2364 3 -2357 3 *
Wi

0101100
+2358 0 -2356 0 -2355 0 +2363 0 *
Fa
0  1e-07 213 0

0101000
-2354 0 *
Ed
 1e-07 1 1 0
1  533 0 0 0.2
2  1065 212 0 0 0.2
2  1066 209 0 0 0.2
0

0101000
+2359 3 -2376 3 *
Ed
 1e-07 1 1 0
1  534 0 0 0.2
2  1067 212 0 0 0.2
2  1068 211 0 0 0.2
0

0101000
+2357 3 -2371 3 *
Wi

0101100
+2352 0 -2369 0 -2351 0 +2356 0 *
Fa
0  1e-07 212 0

0101000
-2350 0 *
Wi

0101100
+2370 0 +2362 0 +2355 0 +2351 0 *
Fa
0  1e-07 211 0

0101000
-2348 0 *
Wi

0101100
-2374 0 -2352 0 -2358 0 -2365 0 *
Fa
0  1e-07 209 0

0101000
+2346 0 *
Sh

0101100
-2367 0 +2360 0 -2353 0 -2349 0 -2347 0 +2345 0 *
So

0100000
+2344 0 *
Ve
1e-07
2.51000000000001 1.85000000000001 -0.0200000000000001
0 0

0101101
*
Ve
1e-07
2.31000000000001 1.85000000000001 -0.0200000000000001
0 0

0101101
*
Ed
 1e-07 1 1 0
1  535 0 -0.2 0
2  1069 214 0 -0.2 0
2  1070 215 0 -0.2 0
0

0101000
+2342 3 -2341 3 *
Ve
1e-07
2.31000000000001 1.85000000000001 0.18
0 0

0101101
*
Ed
 1e-07 1 1 0
1  536 0 0 0.2
2  1071 214 0 0 0.2
2  1072 216 0 0 0.2
4 G1 214 0 216 0
0

0101000
+2339 3 -2341 3 *
Ve
1e-07
2.51000000000001 1.85000000000001 0.18
0 0

0101101
*
Ed
 1e-07 1 1 0
1  537 0 -0.2 0
2  1073 214 0 -0.2 0
2  1074 217 0 -0.2 0
0

0101000
+2337 3 -2339 3 *
Ed
 1e-07 1 1 0
1  538 0 0 0.2
2  1075 214 0 0 0.2
2  1076 218 0 0 0.2
0

0101000
+2337 3 -2342 3 *
Wi

0101100
+2340 0 -2338 0 -2336 0 +2335 0 *
Fa
0  1e-07 214 0

0101000
-2334 0 *
Ve
1e-07
2.31000000000001 1.65000000000001 -0.0200000000000001
0 0

0101101
*
Ed
 1e-07 1 1 0
1  539 0 3.14159265358979 6.28318530717959
2  1077 216 0 3.14159265358979 6.28318530717959
2  1078 215 0 3.14159265358979 6.28318530717959
0

0101000
+2341 3 -2332 3 *
Ve
1e-07
2.31000000000001 1.65000000000001 0.18
0 0

0101101
*
Ed
 1e-07 1 1 0
1  540 0 0 0.2
2  1079 216 0 0 0.2
2  1080 219 0 0 0.2
4 G1 216 0 219 0
0

0101000
+2330 3 -2332 3 *
Ed
 1e-07 1 1 0
1  541 0 3.14159265358979 6.28318530717959
2  1081 216 0 3.14159265358979 6.28318530717959
2  1082 217 0 3.14159265358979 6.28318530717959
0

0101000
+2339 3 -2330 3 *
Wi

0101100
+2331 0 -2329 0 -2328 0 +2338 0 *
Fa
0  1e-07 216 0

0101000
+2327 0 *
Ve
1e-07
2.51000000000001 1.65000000000001 -0.0200000000000001
0 0

0101101
*
Ed
 1e-07 1 1 0
1  542 0 0 0.2
2  1083 219 0 0 0.2
2  1084 215 0 0 0.2
0

0101000
+2332 3 -2325 3 *
Ve
1e-07
2.51000000000001 1.65000000000001 0.18
0 0

0101101
*
Ed
 1e-07 1 1 0
1  543 0 0 0.2
2  1085 219 0 0 0.2
2  1086 218 0 0 0.2
0

0101000
+2323 3 -2325 3 *
Ed
 1e-07 1 1 0
1  544 0 0 0.2
2  1087 219 0 0 0.2
2  1088 217 0 0 0.2
0

0101000
+2330 3 -2323 3 *
Wi

0101100
+2324 0 -2322 0 -2321 0 +2329 0 *
Fa
0  1e-07 219 0

0101000
-2320 0 *
Ed
 1e-07 1 1 0
1  545 0 0 0.2
2  1089 218 0 0 0.2
2  1090 215 0 0 0.2
0

0101000
+2325 3 -2342 3 *
Ed
 1e-07 1 1 0
1  546 0 0 0.2
2  1091 218 0 0 0.2
2  1092 217 0 0 0.2
0

0101000
+2323 3 -2337 3 *
Wi

0101100
+2318 0 -2335 0 -2317 0 +2322 0 *
Fa
0  1e-07 218 0

0101000
-2316 0 *
Wi

0101100
+2336 0 +2328 0 +2321 0 +2317 0 *
Fa
0  1e-07 217 0

0101000
-2314 0 *
Wi

0101100
-2340 0 -2318 0 -2324 0 -2331 0 *
Fa
0  1e-07 215 0

0101000
+2312 0 *
Sh

0101100
-2333 0 +2326 0 -2319 0 -2315 0 -2313 0 +2311 0 *
So

0100000
+2310 0 *
Ve
1e-07
1.35 -2.51 -0.0200000000000001
0 0

0101101
*
Ve
1e-07
1.35 -2.31 -0.0200000000000001
0 0

0101101
*
Ed
 1e-07 1 1 0
1  547 0 -0.2 0
2  1093 220 0 -0.2 0
2  1094 221 0 -0.2 0
0

0101000
+2308 3 -2307 3 *
Ve
1e-07
1.35 -2.31 0.18
0 0

0101101
*
Ed
 1e-07 1 1 0
1  548 0 -0 0.2
2  1095 220 0 -0 0.2
2  1096 222 0 -0 0.2
4 G1 220 0 222 0
0

0101000
+2305 3 -2307 3 *
Ve
1e-07
1.35 -2.51 0.18
0 0

0101101
*
Ed
 1e-07 1 1 0
1  549 0 -0.2 0
2  1097 220 0 -0.2 0
2  1098 223 0 -0.2 0
0

0101000
+2303 3 -2305 3 *
Ed
 1e-07 1 1 0
1  550 0 -0 0.2
2  1099 220 0 -0 0.2
2  1100 224 0 -0 0.2
0

0101000
+2303 3 -2308 3 *
Wi

0101100
+2306 0 -2304 0 -2302 0 +2301 0 *
Fa
0  1e-07 220 0

0101000
-2300 0 *
Ve
1e-07
1.15 -2.31 -0.0200000000000001
0 0

0101101
*
Ed
 1e-07 1 1 0
1  551 0 3.14159265358979 6.28318530717959
2  1101 222 0 3.14159265358979 6.28318530717959
2  1102 221 0 3.14159265358979 6.28318530717959
0

0101000
+2307 3 -2298 3 *
Ve
1e-07
1.15 -2.31 0.18
0 0

0101101
*
Ed
 1e-07 1 1 0
1  552 0 -0 0.2
2  1103 222 0 -0 0.2
2  1104 225 0 -0 0.2
4 G1 222 0 225 0
0

0101000
+2296 3 -2298 3 *
Ed
 1e-07 1 1 0
1  553 0 3.14159265358979 6.28318530717959
2  1105 222 0 3.14159265358979 6.28318530717959
2  1106 223 0 3.14159265358979 6.28318530717959
0

0101000
+2305 3 -2296 3 *
Wi

0101100
+2297 0 -2295 0 -2294 0 +2304 0 *
Fa
0  1e-07 222 0

0101000
+2293 0 *
Ve
1e-07
1.15 -2.51 -0.0200000000000001
0 0

0101101
*
Ed
 1e-07 1 1 0
1  554 0 0 0.2
2  1107 225 0 0 0.2
2  1108 221 0 0 0.2
0

0101000
+2298 3 -2291 3 *
Ve
1e-07
1.15 -2.51 0.18
0 0

0101101
*
Ed
 1e-07 1 1 0
1  555 0 -0 0.2
2  1109 225 0 -0 0.2
2  1110 224 0 -0 0.2
0

0101000
+2289 3 -2291 3 *
Ed
 1e-07 1 1 0
1  556 0 0 0.2
2  1111 225 0 0 0.2
2  1112 223 0 0 0.2
0

0101000
+2296 3 -2289 3 *
Wi

0101100
+2290 0 -2288 0 -2287 0 +2295 0 *
Fa
0  1e-07 225 0

0101000
-2286 0 *
Ed
 1e-07 1 1 0
1  557 0 0 0.2
2  1113 224 0 0 0.2
2  1114 221 0 0 0.2
0

0101000
+2291 3 -2308 3 *
Ed
 1e-07 1 1 0
1  558 0 0 0.2
2  1115 224 0 0 0.2
2  1116 223 0 0 0.2
0

0101000
+2289 3 -2303 3 *
Wi

0101100
+2284 0 -2301 0 -2283 0 +2288 0 *
Fa
0  1e-07 224 0

0101000
-2282 0 *
Wi

0101100
+2302 0 +2294 0 +2287 0 +2283 0 *
Fa
0  1e-07 223 0

0101000
-2280 0 *
Wi

0101100
-2306 0 -2284 0 -2290 0 -2297 0 *
Fa
0  1e-07 221 0

0101000
+2278 0 *
Sh

0101100
-2299 0 +2292 0 -2285 0 -2281 0 -2279 0 +2277 0 *
So

0100000
+2276 0 *
Ve
1e-07
0.850000000000002 -2.51 -0.0200000000000001
0 0

0101101
*
Ve
1e-07
0.850000000000002 -2.31 -0.0200000000000001
0 0

0101101
*
Ed
 1e-07 1 1 0
1  559 0 -0.2 0
2  1117 226 0 -0.2 0
2  1118 227 0 -0.2 0
0

0101000
+2274 3 -2273 3 *
Ve
1e-07
0.850000000000002 -2.31 0.18
0 0

0101101
*
Ed
 1e-07 1 1 0
1  560 0 -0 0.2
2  1119 226 0 -0 0.2
2  1120 228 0 -0 0.2
4 G1 226 0 228 0
0

0101000
+2271 3 -2273 3 *
Ve
1e-07
0.850000000000002 -2.51 0.18
0 0

0101101
*
Ed
 1e-07 1 1 0
1  561 0 -0.2 0
2  1121 226 0 -0.2 0
2  1122 229 0 -0.2 0
0

0101000
+2269 3 -2271 3 *
Ed
 1e-07 1 1 0
1  562 0 -0 0.2
2  1123 226 0 -0 0.2
2  1124 230 0 -0 0.2
0

0101000
+2269 3 -2274 3 *
Wi

0101100
+2272 0 -2270 0 -2268 0 +2267 0 *
Fa
0  1e-07 226 0

0101000
-2266 0 *
Ve
1e-07
0.650000000000001 -2.31 -0.0200000000000001
0 0

0101101
*
Ed
 1e-07 1 1 0
1  563 0 3.14159265358979 6.28318530717959
2  1125 228 0 3.14159265358979 6.28318530717959
2  1126 227 0 3.14159265358979 6.28318530717959
0

0101000
+2273 3 -2264 3 *
Ve
1e-07
0.650000000000001 -2.31 0.18
0 0

0101101
*
Ed
 1e-07 1 1 0
1  564 0 -0 0.2
2  1127 228 0 -0 0.2
2  1128 231 0 -0 0.2
4 G1 228 0 231 0
0

0101000
+2262 3 -2264 3 *
Ed
 1e-07 1 1 0
1  565 0 3.14159265358979 6.28318530717959
2  1129 228 0 3.14159265358979 6.28318530717959
2  1130 229 0 3.14159265358979 6.28318530717959
0

0101000
+2271 3 -2262 3 *
Wi

0101100
+2263 0 -2261 0 -2260 0 +2270 0 *
Fa
0  1e-07 228 0

0101000
+2259 0 *
Ve
1e-07
0.650000000000002 -2.51 -0.0200000000000001
0 0

0101101
*
Ed
 1e-07 1 1 0
1  566 0 0 0.2
2  1131 231 0 0 0.2
2  1132 227 0 0 0.2
0

0101000
+2264 3 -2257 3 *
Ve
1e-07
0.650000000000002 -2.51 0.18
0 0

0101101
*
Ed
 1e-07 1 1 0
1  567 0 -0 0.2
2  1133 231 0 -0 0.2
2  1134 230 0 -0 0.2
0

0101000
+2255 3 -2257 3 *
Ed
 1e-07 1 1 0
1  568 0 0 0.2
2  1135 231 0 0 0.2
2  1136 229 0 0 0.2
0

0101000
+2262 3 -2255 3 *
Wi

0101100
+2256 0 -2254 0 -2253 0 +2261 0 *
Fa
0  1e-07 231 0

0101000
-2252 0 *
Ed
 1e-07 1 1 0
1  569 0 0 0.2
2  1137 230 0 0 0.2
2  1138 227 0 0 0.2
0

0101000
+2257 3 -2274 3 *
Ed
 1e-07 1 1 0
1  570 0 0 0.2
2  1139 230 0 0 0.2
2  1140 229 0 0 0.2
0

0101000
+2255 3 -2269 3 *
Wi

0101100
+2250 0 -2267 0 -2249 0 +2254 0 *
Fa
0  1e-07 230 0

0101000
-2248 0 *
Wi

0101100
+2268 0 +2260 0 +2253 0 +2249 0 *
Fa
0  1e-07 229 0

0101000
-2246 0 *
Wi

0101100
-2272 0 -2250 0 -2256 0 -2263 0 *
Fa
0  1e-07 227 0

0101000
+2244 0 *
Sh

0101100
-2265 0 +2258 0 -2251 0 -2247 0 -2245 0 +2243 0 *
So

0100000
+2242 0 *
Ve
1e-07
0.350000000000002 -2.51 -0.0200000000000001
0 0

0101101
*
Ve
1e-07
0.350000000000002 -2.31 -0.0200000000000001
0 0

0101101
*
Ed
 1e-07 1 1 0
1  571 0 -0.2 0
2  1141 232 0 -0.2 0
2  1142 233 0 -0.2 0
0

0101000
+2240 3 -2239 3 *
Ve
1e-07
0.350000000000002 -2.31 0.18
0 0

0101101
*
Ed
 1e-07 1 1 0
1  572 0 -0 0.2
2  1143 232 0 -0 0.2
2  1144 234 0 -0 0.2
4 G1 232 0 234 0
0

0101000
+2237 3 -2239 3 *
Ve
1e-07
0.350000000000002 -2.51 0.18
0 0

0101101
*
Ed
 1e-07 1 1 0
1  573 0 -0.2 0
2  1145 232 0 -0.2 0
2  1146 235 0 -0.2 0
0

0101000
+2235 3 -2237 3 *
Ed
 1e-07 1 1 0
1  574 0 -0 0.2
2  1147 232 0 -0 0.2
2  1148 236 0 -0 0.2
0

0101000
+2235 3 -2240 3 *
Wi

0101100
+2238 0 -2236 0 -2234 0 +2233 0 *
Fa
0  1e-07 232 0

0101000
-2232 0 *
Ve
1e-07
0.150000000000001 -2.31 -0.0200000000000001
0 0

0101101
*
Ed
 1e-07 1 1 0
1  575 0 3.14159265358979 6.28318530717959
2  1149 234 0 3.14159265358979 6.28318530717959
2  1150 233 0 3.14159265358979 6.28318530717959
0

0101000
+2239 3 -2230 3 *
Ve
1e-07
0.150000000000001 -2.31 0.18
0 0

0101101
*
Ed
 1e-07 1 1 0
1  576 0 -0 0.2
2  1151 234 0 -0 0.2
2  1152 237 0 -0 0.2
4 G1 234 0 237 0
0

0101000
+2228 3 -2230 3 *
Ed
 1e-07 1 1 0
1  577 0 3.14159265358979 6.28318530717959
2  1153 234 0 3.14159265358979 6.28318530717959
2  1154 235 0 3.14159265358979 6.28318530717959
0

0101000
+2237 3 -2228 3 *
Wi

0101100
+2229 0 -2227 0 -2226 0 +2236 0 *
Fa
0  1e-07 234 0

0101000
+2225 0 *
Ve
1e-07
0.150000000000002 -2.51 -0.0200000000000001
0 0

0101101
*
Ed
 1e-07 1 1 0
1  578 0 0 0.2
2  1155 237 0 0 0.2
2  1156 233 0 0 0.2
0

0101000
+2230 3 -2223 3 *
Ve
1e-07
0.150000000000002 -2.51 0.18
0 0

0101101
*
Ed
 1e-07 1 1 0
1  579 0 -0 0.2
2  1157 237 0 -0 0.2
2  1158 236 0 -0 0.2
0

0101000
+2221 3 -2223 3 *
Ed
 1e-07 1 1 0
1  580 0 0 0.2
2  1159 237 0 0 0.2
2  1160 235 0 0 0.2
0

0101000
+2228 3 -2221 3 *
Wi

0101100
+2222 0 -2220 0 -2219 0 +2227 0 *
Fa
0  1e-07 237 0

0101000
-2218 0 *
Ed
 1e-07 1 1 0
1  581 0 0 0.2
2  1161 236 0 0 0.2
2  1162 233 0 0 0.2
0

0101000
+2223 3 -2240 3 *
Ed
 1e-07 1 1 0
1  582 0 0 0.2
2  1163 236 0 0 0.2
2  1164 235 0 0 0.2
0

0101000
+2221 3 -2235 3 *
Wi

0101100
+2216 0 -2233 0 -2215 0 +2220 0 *
Fa
0  1e-07 236 0

0101000
-2214 0 *
Wi

0101100
+2234 0 +2226 0 +2219 0 +2215 0 *
Fa
0  1e-07 235 0

0101000
-2212 0 *
Wi

0101100
-2238 0 -2216 0 -2222 0 -2229 0 *
Fa
0  1e-07 233 0

0101000
+2210 0 *
Sh

0101100
-2231 0 +2224 0 -2217 0 -2213 0 -2211 0 +2209 0 *
So

0100000
+2208 0 *
Ve
1e-07
-0.149999999999998 -2.51 -0.0200000000000001
0 0

0101101
*
Ve
1e-07
-0.149999999999998 -2.31 -0.0200000000000001
0 0

0101101
*
Ed
 1e-07 1 1 0
1  583 0 -0.2 0
2  1165 238 0 -0.2 0
2  1166 239 0 -0.2 0
0

0101000
+2206 3 -2205 3 *
Ve
1e-07
-0.149999999999998 -2.31 0.18
0 0

0101101
*
Ed
 1e-07 1 1 0
1  584 0 -0 0.2
2  1167 238 0 -0 0.2
2  1168 240 0 -0 0.2
4 G1 238 0 240 0
0

0101000
+2203 3 -2205 3 *
Ve
1e-07
-0.149999999999998 -2.51 0.18
0 0

0101101
*
Ed
 1e-07 1 1 0
1  585 0 -0.2 0
2  1169 238 0 -0.2 0
2  1170 241 0 -0.2 0
0

0101000
+2201 3 -2203 3 *
Ed
 1e-07 1 1 0
1  586 0 -0 0.2
2  1171 238 0 -0 0.2
2  1172 242 0 -0 0.2
0

0101000
+2201 3 -2206 3 *
Wi

0101100
+2204 0 -2202 0 -2200 0 +2199 0 *
Fa
0  1e-07 238 0

0101000
-2198 0 *
Ve
1e-07
-0.349999999999999 -2.31 -0.0200000000000001
0 0

0101101
*
Ed
 1e-07 1 1 0
1  587 0 3.14159265358979 6.28318530717959
2  1173 240 0 3.14159265358979 6.28318530717959
2  1174 239 0 3.14159265358979 6.28318530717959
0

0101000
+2205 3 -2196 3 *
Ve
1e-07
-0.349999999999999 -2.31 0.18
0 0

0101101
*
Ed
 1e-07 1 1 0
1  588 0 -0 0.2
2  1175 240 0 -0 0.2
2  1176 243 0 -0 0.2
4 G1 240 0 243 0
0

0101000
+2194 3 -2196 3 *
Ed
 1e-07 1 1 0
1  589 0 3.14159265358979 6.28318530717959
2  1177 240 0 3.14159265358979 6.28318530717959
2  1178 241 0 3.14159265358979 6.28318530717959
0

0101000
+2203 3 -2194 3 *
Wi

0101100
+2195 0 -2193 0 -2192 0 +2202 0 *
Fa
0  1e-07 240 0

0101000
+2191 0 *
Ve
1e-07
-0.349999999999998 -2.51 -0.0200000000000001
0 0

0101101
*
Ed
 1e-07 1 1 0
1  590 0 0 0.2
2  1179 243 0 0 0.2
2  1180 239 0 0 0.2
0

0101000
+2196 3 -2189 3 *
Ve
1e-07
-0.349999999999998 -2.51 0.18
0 0

0101101
*
Ed
 1e-07 1 1 0
1  591 0 -0 0.2
2  1181 243 0 -0 0.2
2  1182 242 0 -0 0.2
0

0101000
+2187 3 -2189 3 *
Ed
 1e-07 1 1 0
1  592 0 0 0.2
2  1183 243 0 0 0.2
2  1184 241 0 0 0.2
0

0101000
+2194 3 -2187 3 *
Wi

0101100
+2188 0 -2186 0 -2185 0 +2193 0 *
Fa
0  1e-07 243 0

0101000
-2184 0 *
Ed
 1e-07 1 1 0
1  593 0 0 0.2
2  1185 242 0 0 0.2
2  1186 239 0 0 0.2
0

0101000
+2189 3 -2206 3 *
Ed
 1e-07 1 1 0
1  594 0 0 0.2
2  1187 242 0 0 0.2
2  1188 241 0 0 0.2
0

0101000
+2187 3 -2201 3 *
Wi

0101100
+2182 0 -2199 0 -2181 0 +2186 0 *
Fa
0  1e-07 242 0

0101000
-2180 0 *
Wi

0101100
+2200 0 +2192 0 +2185 0 +2181 0 *
Fa
0  1e-07 241 0

0101000
-2178 0 *
Wi

0101100
-2204 0 -2182 0 -2188 0 -2195 0 *
Fa
0  1e-07 239 0

0101000
+2176 0 *
Sh

0101100
-2197 0 +2190 0 -2183 0 -2179 0 -2177 0 +2175 0 *
So

0100000
+2174 0 *
Ve
1e-07
-0.649999999999998 -2.51 -0.0200000000000001
0 0

0101101
*
Ve
1e-07
-0.649999999999998 -2.31 -0.0200000000000001
0 0

0101101
*
Ed
 1e-07 1 1 0
1  595 0 -0.2 0
2  1189 244 0 -0.2 0
2  1190 245 0 -0.2 0
0

0101000
+2172 3 -2171 3 *
Ve
1e-07
-0.649999999999998 -2.31 0.18
0 0

0101101
*
Ed
 1e-07 1 1 0
1  596 0 -0 0.2
2  1191 244 0 -0 0.2
2  1192 246 0 -0 0.2
4 G1 244 0 246 0
0

0101000
+2169 3 -2171 3 *
Ve
1e-07
-0.649999999999998 -2.51 0.18
0 0

0101101
*
Ed
 1e-07 1 1 0
1  597 0 -0.2 0
2  1193 244 0 -0.2 0
2  1194 247 0 -0.2 0
0

0101000
+2167 3 -2169 3 *
Ed
 1e-07 1 1 0
1  598 0 -0 0.2
2  1195 244 0 -0 0.2
2  1196 248 0 -0 0.2
0

0101000
+2167 3 -2172 3 *
Wi

0101100
+2170 0 -2168 0 -2166 0 +2165 0 *
Fa
0  1e-07 244 0

0101000
-2164 0 *
Ve
1e-07
-0.849999999999999 -2.31 -0.0200000000000001
0 0

0101101
*
Ed
 1e-07 1 1 0
1  599 0 3.14159265358979 6.28318530717959
2  1197 246 0 3.14159265358979 6.28318530717959
2  1198 245 0 3.14159265358979 6.28318530717959
0

0101000
+2171 3 -2162 3 *
Ve
1e-07
-0.849999999999999 -2.31 0.18
0 0

0101101
*
Ed
 1e-07 1 1 0
1  600 0 -0 0.2
2  1199 246 0 -0 0.2
2  1200 249 0 -0 0.2
4 G1 246 0 249 0
0

0101000
+2160 3 -2162 3 *
Ed
 1e-07 1 1 0
1  601 0 3.14159265358979 6.28318530717959
2  1201 246 0 3.14159265358979 6.28318530717959
2  1202 247 0 3.14159265358979 6.28318530717959
0

0101000
+2169 3 -2160 3 *
Wi

0101100
+2161 0 -2159 0 -2158 0 +2168 0 *
Fa
0  1e-07 246 0

0101000
+2157 0 *
Ve
1e-07
-0.849999999999998 -2.51 -0.0200000000000001
0 0

0101101
*
Ed
 1e-07 1 1 0
1  602 0 0 0.2
2  1203 249 0 0 0.2
2  1204 245 0 0 0.2
0

0101000
+2162 3 -2155 3 *
Ve
1e-07
-0.849999999999998 -2.51 0.18
0 0

0101101
*
Ed
 1e-07 1 1 0
1  603 0 -0 0.2
2  1205 249 0 -0 0.2
2  1206 248 0 -0 0.2
0

0101000
+2153 3 -2155 3 *
Ed
 1e-07 1 1 0
1  604 0 0 0.2
2  1207 249 0 0 0.2
2  1208 247 0 0 0.2
0

0101000
+2160 3 -2153 3 *
Wi

0101100
+2154 0 -2152 0 -2151 0 +2159 0 *
Fa
0  1e-07 249 0

0101000
-2150 0 *
Ed
 1e-07 1 1 0
1  605 0 0 0.2
2  1209 248 0 0 0.2
2  1210 245 0 0 0.2
0

0101000
+2155 3 -2172 3 *
Ed
 1e-07 1 1 0
1  606 0 0 0.2
2  1211 248 0 0 0.2
2  1212 247 0 0 0.2
0

0101000
+2153 3 -2167 3 *
Wi

0101100
+2148 0 -2165 0 -2147 0 +2152 0 *
Fa
0  1e-07 248 0

0101000
-2146 0 *
Wi

0101100
+2166 0 +2158 0 +2151 0 +2147 0 *
Fa
0  1e-07 247 0

0101000
-2144 0 *
Wi

0101100
-2170 0 -2148 0 -2154 0 -2161 0 *
Fa
0  1e-07 245 0

0101000
+2142 0 *
Sh

0101100
-2163 0 +2156 0 -2149 0 -2145 0 -2143 0 +2141 0 *
So

0100000
+2140 0 *
Ve
1e-07
-1.15 -2.51 -0.0200000000000001
0 0

0101101
*
Ve
1e-07
-1.15 -2.31 -0.0200000000000001
0 0

0101101
*
Ed
 1e-07 1 1 0
1  607 0 -0.2 0
2  1213 250 0 -0.2 0
2  1214 251 0 -0.2 0
0

0101000
+2138 3 -2137 3 *
Ve
1e-07
-1.15 -2.31 0.18
0 0

0101101
*
Ed
 1e-07 1 1 0
1  608 0 -0 0.2
2  1215 250 0 -0 0.2
2  1216 252 0 -0 0.2
4 G1 250 0 252 0
0

0101000
+2135 3 -2137 3 *
Ve
1e-07
-1.15 -2.51 0.18
0 0

0101101
*
Ed
 1e-07 1 1 0
1  609 0 -0.2 0
2  1217 250 0 -0.2 0
2  1218 253 0 -0.2 0
0

0101000
+2133 3 -2135 3 *
Ed
 1e-07 1 1 0
1  610 0 -0 0.2
2  1219 250 0 -0 0.2
2  1220 254 0 -0 0.2
0

0101000
+2133 3 -2138 3 *
Wi

0101100
+2136 0 -2134 0 -2132 0 +2131 0 *
Fa
0  1e-07 250 0

0101000
-2130 0 *
Ve
1e-07
-1.35 -2.31 -0.0200000000000001
0 0

0101101
*
Ed
 1e-07 1 1 0
1  611 0 3.14159265358979 6.28318530717959
2  1221 252 0 3.14159265358979 6.28318530717959
2  1222 251 0 3.14159265358979 6.28318530717959
0

0101000
+2137 3 -2128 3 *
Ve
1e-07
-1.35 -2.31 0.18
0 0

0101101
*
Ed
 1e-07 1 1 0
1  612 0 -0 0.2
2  1223 252 0 -0 0.2
2  1224 255 0 -0 0.2
4 G1 252 0 255 0
0

0101000
+2126 3 -2128 3 *
Ed
 1e-07 1 1 0
1  613 0 3.14159265358979 6.28318530717959
2  1225 252 0 3.14159265358979 6.28318530717959
2  1226 253 0 3.14159265358979 6.28318530717959
0

0101000
+2135 3 -2126 3 *
Wi

0101100
+2127 0 -2125 0 -2124 0 +2134 0 *
Fa
0  1e-07 252 0

0101000
+2123 0 *
Ve
1e-07
-1.35 -2.51 -0.0200000000000001
0 0

0101101
*
Ed
 1e-07 1 1 0
1  614 0 0 0.2
2  1227 255 0 0 0.2
2  1228 251 0 0 0.2
0

0101000
+2128 3 -2121 3 *
Ve
1e-07
-1.35 -2.51 0.18
0 0

0101101
*
Ed
 1e-07 1 1 0
1  615 0 -0 0.2
2  1229 255 0 -0 0.2
2  1230 254 0 -0 0.2
0

0101000
+2119 3 -2121 3 *
Ed
 1e-07 1 1 0
1  616 0 0 0.2
2  1231 255 0 0 0.2
2  1232 253 0 0 0.2
0

0101000
+2126 3 -2119 3 *
Wi

0101100
+2120 0 -2118 0 -2117 0 +2125 0 *
Fa
0  1e-07 255 0

0101000
-2116 0 *
Ed
 1e-07 1 1 0
1  617 0 0 0.2
2  1233 254 0 0 0.2
2  1234 251 0 0 0.2
0

0101000
+2121 3 -2138 3 *
Ed
 1e-07 1 1 0
1  618 0 0 0.2
2  1235 254 0 0 0.2
2  1236 253 0 0 0.2
0

0101000
+2119 3 -2133 3 *
Wi

0101100
+2114 0 -2131 0 -2113 0 +2118 0 *
Fa
0  1e-07 254 0

0101000
-2112 0 *
Wi

0101100
+2132 0 +2124 0 +2117 0 +2113 0 *
Fa
0  1e-07 253 0

0101000
-2110 0 *
Wi

0101100
-2136 0 -2114 0 -2120 0 -2127 0 *
Fa
0  1e-07 251 0

0101000
+2108 0 *
Sh

0101100
-2129 0 +2122 0 -2115 0 -2111 0 -2109 0 +2107 0 *
So

0100000
+2106 0 *
Ve
1e-07
-1.65 -2.51 -0.0200000000000001
0 0

0101101
*
Ve
1e-07
-1.65 -2.31 -0.0200000000000001
0 0

0101101
*
Ed
 1e-07 1 1 0
1  619 0 -0.2 0
2  1237 256 0 -0.2 0
2  1238 257 0 -0.2 0
0

0101000
+2104 3 -2103 3 *
Ve
1e-07
-1.65 -2.31 0.18
0 0

0101101
*
Ed
 1e-07 1 1 0
1  620 0 -0 0.2
2  1239 256 0 -0 0.2
2  1240 258 0 -0 0.2
4 G1 256 0 258 0
0

0101000
+2101 3 -2103 3 *
Ve
1e-07
-1.65 -2.51 0.18
0 0

0101101
*
Ed
 1e-07 1 1 0
1  621 0 -0.2 0
2  1241 256 0 -0.2 0
2  1242 259 0 -0.2 0
0

0101000
+2099 3 -2101 3 *
Ed
 1e-07 1 1 0
1  622 0 -0 0.2
2  1243 256 0 -0 0.2
2  1244 260 0 -0 0.2
0

0101000
+2099 3 -2104 3 *
Wi

0101100
+2102 0 -2100 0 -2098 0 +2097 0 *
Fa
0  1e-07 256 0

0101000
-2096 0 *
Ve
1e-07
-1.85 -2.31 -0.0200000000000001
0 0

0101101
*
Ed
 1e-07 1 1 0
1  623 0 3.14159265358979 6.28318530717959
2  1245 258 0 3.14159265358979 6.28318530717959
2  1246 257 0 3.14159265358979 6.28318530717959
0

0101000
+2103 3 -2094 3 *
Ve
1e-07
-1.85 -2.31 0.18
0 0

0101101
*
Ed
 1e-07 1 1 0
1  624 0 -0 0.2
2  1247 258 0 -0 0.2
2  1248 261 0 -0 0.2
4 G1 258 0 261 0
0

0101000
+2092 3 -2094 3 *
Ed
 1e-07 1 1 0
1  625 0 3.14159265358979 6.28318530717959
2  1249 258 0 3.14159265358979 6.28318530717959
2  1250 259 0 3.14159265358979 6.28318530717959
0

0101000
+2101 3 -2092 3 *
Wi

0101100
+2093 0 -2091 0 -2090 0 +2100 0 *
Fa
0  1e-07 258 0

0101000
+2089 0 *
Ve
1e-07
-1.85 -2.51 -0.0200000000000001
0 0

0101101
*
Ed
 1e-07 1 1 0
1  626 0 0 0.2
2  1251 261 0 0 0.2
2  1252 257 0 0 0.2
0

0101000
+2094 3 -2087 3 *
Ve
1e-07
-1.85 -2.51 0.18
0 0

0101101
*
Ed
 1e-07 1 1 0
1  627 0 -0 0.2
2  1253 261 0 -0 0.2
2  1254 260 0 -0 0.2
0

0101000
+2085 3 -2087 3 *
Ed
 1e-07 1 1 0
1  628 0 0 0.2
2  1255 261 0 0 0.2
2  1256 259 0 0 0.2
0

0101000
+2092 3 -2085 3 *
Wi

0101100
+2086 0 -2084 0 -2083 0 +2091 0 *
Fa
0  1e-07 261 0

0101000
-2082 0 *
Ed
 1e-07 1 1 0
1  629 0 0 0.2
2  1257 260 0 0 0.2
2  1258 257 0 0 0.2
0

0101000
+2087 3 -2104 3 *
Ed
 1e-07 1 1 0
1  630 0 0 0.2
2  1259 260 0 0 0.2
2  1260 259 0 0 0.2
0

0101000
+2085 3 -2099 3 *
Wi

0101100
+2080 0 -2097 0 -2079 0 +2084 0 *
Fa
0  1e-07 260 0

0101000
-2078 0 *
Wi

0101100
+2098 0 +2090 0 +2083 0 +2079 0 *
Fa
0  1e-07 259 0

0101000
-2076 0 *
Wi

0101100
-2102 0 -2080 0 -2086 0 -2093 0 *
Fa
0  1e-07 257 0

0101000
+2074 0 *
Sh

0101100
-2095 0 +2088 0 -2081 0 -2077 0 -2075 0 +2073 0 *
So

0100000
+2072 0 *
Ve
1e-07
-2.51000000000002 -1.64999999999998 0.18
0 0

0101101
*
Ve
1e-07
-2.31000000000002 -1.64999999999998 0.18
0 0

0101101
*
Ed
 1e-07 1 1 0
1  631 0 -0.2 0
2  1261 262 0 -0.2 0
2  1262 263 0 -0.2 0
0

0101000
+2070 3 -2069 3 *
Ve
1e-07
-2.31000000000002 -1.64999999999998 -0.0200000000000001
0 0

0101101
*
Ed
 1e-07 1 1 0
1  632 0 0 0.2
2  1263 262 0 0 0.2
2  1264 264 0 0 0.2
4 G1 262 0 264 0
0

0101000
+2067 3 -2069 3 *
Ve
1e-07
-2.51000000000002 -1.64999999999998 -0.0200000000000001
0 0

0101101
*
Ed
 1e-07 1 1 0
1  633 0 -0.2 0
2  1265 262 0 -0.2 0
2  1266 265 0 -0.2 0
0

0101000
+2065 3 -2067 3 *
Ed
 1e-07 1 1 0
1  634 0 0 0.2
2  1267 262 0 0 0.2
2  1268 266 0 0 0.2
0

0101000
+2065 3 -2070 3 *
Wi

0101100
+2068 0 -2066 0 -2064 0 +2063 0 *
Fa
0  1e-07 262 0

0101000
-2062 0 *
Ve
1e-07
-2.31000000000002 -1.84999999999998 0.18
0 0

0101101
*
Ed
 1e-07 1 1 0
1  635 0 3.14159265358979 6.28318530717959
2  1269 264 0 3.14159265358979 6.28318530717959
2  1270 263 0 3.14159265358979 6.28318530717959
0

0101000
+2069 3 -2060 3 *
Ve
1e-07
-2.31000000000002 -1.84999999999998 -0.0200000000000001
0 0

0101101
*
Ed
 1e-07 1 1 0
1  636 0 0 0.2
2  1271 264 0 0 0.2
2  1272 267 0 0 0.2
4 G1 264 0 267 0
0

0101000
+2058 3 -2060 3 *
Ed
 1e-07 1 1 0
1  637 0 3.14159265358979 6.28318530717959
2  1273 264 0 3.14159265358979 6.28318530717959
2  1274 265 0 3.14159265358979 6.28318530717959
0

0101000
+2067 3 -2058 3 *
Wi

0101100
+2059 0 -2057 0 -2056 0 +2066 0 *
Fa
0  1e-07 264 0

0101000
+2055 0 *
Ve
1e-07
-2.51000000000002 -1.84999999999998 0.18
0 0

0101101
*
Ed
 1e-07 1 1 0
1  638 0 0 0.2
2  1275 267 0 0 0.2
2  1276 263 0 0 0.2
0

0101000
+2060 3 -2053 3 *
Ve
1e-07
-2.51000000000002 -1.84999999999998 -0.0200000000000001
0 0

0101101
*
Ed
 1e-07 1 1 0
1  639 0 0 0.2
2  1277 267 0 0 0.2
2  1278 266 0 0 0.2
0

0101000
+2051 3 -2053 3 *
Ed
 1e-07 1 1 0
1  640 0 0 0.2
2  1279 267 0 0 0.2
2  1280 265 0 0 0.2
0

0101000
+2058 3 -2051 3 *
Wi

0101100
+2052 0 -2050 0 -2049 0 +2057 0 *
Fa
0  1e-07 267 0

0101000
-2048 0 *
Ed
 1e-07 1 1 0
1  641 0 0 0.2
2  1281 266 0 0 0.2
2  1282 263 0 0 0.2
0

0101000
+2053 3 -2070 3 *
Ed
 1e-07 1 1 0
1  642 0 0 0.2
2  1283 266 0 0 0.2
2  1284 265 0 0 0.2
0

0101000
+2051 3 -2065 3 *
Wi

0101100
+2046 0 -2063 0 -2045 0 +2050 0 *
Fa
0  1e-07 266 0

0101000
-2044 0 *
Wi

0101100
+2064 0 +2056 0 +2049 0 +2045 0 *
Fa
0  1e-07 265 0

0101000
-2042 0 *
Wi

0101100
-2068 0 -2046 0 -2052 0 -2059 0 *
Fa
0  1e-07 263 0

0101000
+2040 0 *
Sh

0101100
-2061 0 +2054 0 -2047 0 -2043 0 -2041 0 +2039 0 *
So

0100000
+2038 0 *
Ve
1e-07
-2.51000000000001 -1.14999999999999 0.18
0 0

0101101
*
Ve
1e-07
-2.31000000000001 -1.14999999999999 0.18
0 0

0101101
*
Ed
 1e-07 1 1 0
1  643 0 -0.2 0
2  1285 268 0 -0.2 0
2  1286 269 0 -0.2 0
0

0101000
+2036 3 -2035 3 *
Ve
1e-07
-2.31000000000001 -1.14999999999999 -0.0200000000000001
0 0

0101101
*
Ed
 1e-07 1 1 0
1  644 0 0 0.2
2  1287 268 0 0 0.2
2  1288 270 0 0 0.2
4 G1 268 0 270 0
0

0101000
+2033 3 -2035 3 *
Ve
1e-07
-2.51000000000001 -1.14999999999999 -0.0200000000000001
0 0

0101101
*
Ed
 1e-07 1 1 0
1  645 0 -0.2 0
2  1289 268 0 -0.2 0
2  1290 271 0 -0.2 0
0

0101000
+2031 3 -2033 3 *
Ed
 1e-07 1 1 0
1  646 0 0 0.2
2  1291 268 0 0 0.2
2  1292 272 0 0 0.2
0

0101000
+2031 3 -2036 3 *
Wi

0101100
+2034 0 -2032 0 -2030 0 +2029 0 *
Fa
0  1e-07 268 0

0101000
-2028 0 *
Ve
1e-07
-2.31000000000001 -1.34999999999999 0.18
0 0

0101101
*
Ed
 1e-07 1 1 0
1  647 0 3.14159265358979 6.28318530717959
2  1293 270 0 3.14159265358979 6.28318530717959
2  1294 269 0 3.14159265358979 6.28318530717959
0

0101000
+2035 3 -2026 3 *
Ve
1e-07
-2.31000000000001 -1.34999999999999 -0.0200000000000001
0 0

0101101
*
Ed
 1e-07 1 1 0
1  648 0 0 0.2
2  1295 270 0 0 0.2
2  1296 273 0 0 0.2
4 G1 270 0 273 0
0

0101000
+2024 3 -2026 3 *
Ed
 1e-07 1 1 0
1  649 0 3.14159265358979 6.28318530717959
2  1297 270 0 3.14159265358979 6.28318530717959
2  1298 271 0 3.14159265358979 6.28318530717959
0

0101000
+2033 3 -2024 3 *
Wi

0101100
+2025 0 -2023 0 -2022 0 +2032 0 *
Fa
0  1e-07 270 0

0101000
+2021 0 *
Ve
1e-07
-2.51000000000001 -1.34999999999999 0.18
0 0

0101101
*
Ed
 1e-07 1 1 0
1  650 0 0 0.2
2  1299 273 0 0 0.2
2  1300 269 0 0 0.2
0

0101000
+2026 3 -2019 3 *
Ve
1e-07
-2.51000000000001 -1.34999999999999 -0.0200000000000001
0 0

0101101
*
Ed
 1e-07 1 1 0
1  651 0 0 0.2
2  1301 273 0 0 0.2
2  1302 272 0 0 0.2
0

0101000
+2017 3 -2019 3 *
Ed
 1e-07 1 1 0
1  652 0 0 0.2
2  1303 273 0 0 0.2
2  1304 271 0 0 0.2
0

0101000
+2024 3 -2017 3 *
Wi

0101100
+2018 0 -2016 0 -2015 0 +2023 0 *
Fa
0  1e-07 273 0

0101000
-2014 0 *
Ed
 1e-07 1 1 0
1  653 0 0 0.2
2  1305 272 0 0 0.2
2  1306 269 0 0 0.2
0

0101000
+2019 3 -2036 3 *
Ed
 1e-07 1 1 0
1  654 0 0 0.2
2  1307 272 0 0 0.2
2  1308 271 0 0 0.2
0

0101000
+2017 3 -2031 3 *
Wi

0101100
+2012 0 -2029 0 -2011 0 +2016 0 *
Fa
0  1e-07 272 0

0101000
-2010 0 *
Wi

0101100
+2030 0 +2022 0 +2015 0 +2011 0 *
Fa
0  1e-07 271 0

0101000
-2008 0 *
Wi

0101100
-2034 0 -2012 0 -2018 0 -2025 0 *
Fa
0  1e-07 269 0

0101000
+2006 0 *
Sh

0101100
-2027 0 +2020 0 -2013 0 -2009 0 -2007 0 +2005 0 *
So

0100000
+2004 0 *
Ve
1e-07
-2.51000000000001 -0.649999999999983 0.18
0 0

0101101
*
Ve
1e-07
-2.31000000000001 -0.649999999999984 0.18
0 0

0101101
*
Ed
 1e-07 1 1 0
1  655 0 -0.2 0
2  1309 274 0 -0.2 0
2  1310 275 0 -0.2 0
0

0101000
+2002 3 -2001 3 *
Ve
1e-07
-2.31000000000001 -0.649999999999984 -0.0200000000000001
0 0

0101101
*
Ed
 1e-07 1 1 0
1  656 0 0 0.2
2  1311 274 0 0 0.2
2  1312 276 0 0 0.2
4 G1 274 0 276 0
0

0101000
+1999 3 -2001 3 *
Ve
1e-07
-2.51000000000001 -0.649999999999983 -0.0200000000000001
0 0

0101101
*
Ed
 1e-07 1 1 0
1  657 0 -0.2 0
2  1313 274 0 -0.2 0
2  1314 277 0 -0.2 0
0

0101000
+1997 3 -1999 3 *
Ed
 1e-07 1 1 0
1  658 0 0 0.2
2  1315 274 0 0 0.2
2  1316 278 0 0 0.2
0

0101000
+1997 3 -2002 3 *
Wi

0101100
+2000 0 -1998 0 -1996 0 +1995 0 *
Fa
0  1e-07 274 0

0101000
-1994 0 *
Ve
1e-07
-2.31000000000001 -0.849999999999984 0.18
0 0

0101101
*
Ed
 1e-07 1 1 0
1  659 0 3.14159265358979 6.28318530717959
2  1317 276 0 3.14159265358979 6.28318530717959
2  1318 275 0 3.14159265358979 6.28318530717959
0

0101000
+2001 3 -1992 3 *
Ve
1e-07
-2.31000000000001 -0.849999999999984 -0.0200000000000001
0 0

0101101
*
Ed
 1e-07 1 1 0
1  660 0 0 0.2
2  1319 276 0 0 0.2
2  1320 279 0 0 0.2
4 G1 276 0 279 0
0

0101000
+1990 3 -1992 3 *
Ed
 1e-07 1 1 0
1  661 0 3.14159265358979 6.28318530717959
2  1321 276 0 3.14159265358979 6.28318530717959
2  1322 277 0 3.14159265358979 6.28318530717959
0

0101000
+1999 3 -1990 3 *
Wi

0101100
+1991 0 -1989 0 -1988 0 +1998 0 *
Fa
0  1e-07 276 0

0101000
+1987 0 *
Ve
1e-07
-2.51000000000001 -0.849999999999983 0.18
0 0

0101101
*
Ed
 1e-07 1 1 0
1  662 0 0 0.2
2  1323 279 0 0 0.2
2  1324 275 0 0 0.2
0

0101000
+1992 3 -1985 3 *
Ve
1e-07
-2.51000000000001 -0.849999999999983 -0.0200000000000001
0 0

0101101
*
Ed
 1e-07 1 1 0
1  663 0 0 0.2
2  1325 279 0 0 0.2
2  1326 278 0 0 0.2
0

0101000
+1983 3 -1985 3 *
Ed
 1e-07 1 1 0
1  664 0 0 0.2
2  1327 279 0 0 0.2
2  1328 277 0 0 0.2
0

0101000
+1990 3 -1983 3 *
Wi

0101100
+1984 0 -1982 0 -1981 0 +1989 0 *
Fa
0  1e-07 279 0

0101000
-1980 0 *
Ed
 1e-07 1 1 0
1  665 0 0 0.2
2  1329 278 0 0 0.2
2  1330 275 0 0 0.2
0

0101000
+1985 3 -2002 3 *
Ed
 1e-07 1 1 0
1  666 0 0 0.2
2  1331 278 0 0 0.2
2  1332 277 0 0 0.2
0

0101000
+1983 3 -1997 3 *
Wi

0101100
+1978 0 -1995 0 -1977 0 +1982 0 *
Fa
0  1e-07 278 0

0101000
-1976 0 *
Wi

0101100
+1996 0 +1988 0 +1981 0 +1977 0 *
Fa
0  1e-07 277 0

0101000
-1974 0 *
Wi

0101100
-2000 0 -1978 0 -1984 0 -1991 0 *
Fa
0  1e-07 275 0

0101000
+1972 0 *
Sh

0101100
-1993 0 +1986 0 -1979 0 -1975 0 -1973 0 +1971 0 *
So

0100000
+1970 0 *
Ve
1e-07
-2.51000000000001 -0.149999999999991 0.18
0 0

0101101
*
Ve
1e-07
-2.31000000000001 -0.149999999999992 0.18
0 0

0101101
*
Ed
 1e-07 1 1 0
1  667 0 -0.2 0
2  1333 280 0 -0.2 0
2  1334 281 0 -0.2 0
0

0101000
+1968 3 -1967 3 *
Ve
1e-07
-2.31000000000001 -0.149999999999992 -0.0200000000000001
0 0

0101101
*
Ed
 1e-07 1 1 0
1  668 0 0 0.2
2  1335 280 0 0 0.2
2  1336 282 0 0 0.2
4 G1 280 0 282 0
0

0101000
+1965 3 -1967 3 *
Ve
1e-07
-2.51000000000001 -0.149999999999991 -0.0200000000000001
0 0

0101101
*
Ed
 1e-07 1 1 0
1  669 0 -0.2 0
2  1337 280 0 -0.2 0
2  1338 283 0 -0.2 0
0

0101000
+1963 3 -1965 3 *
Ed
 1e-07 1 1 0
1  670 0 0 0.2
2  1339 280 0 0 0.2
2  1340 284 0 0 0.2
0

0101000
+1963 3 -1968 3 *
Wi

0101100
+1966 0 -1964 0 -1962 0 +1961 0 *
Fa
0  1e-07 280 0

0101000
-1960 0 *
Ve
1e-07
-2.31000000000001 -0.349999999999992 0.18
0 0

0101101
*
Ed
 1e-07 1 1 0
1  671 0 3.14159265358979 6.28318530717959
2  1341 282 0 3.14159265358979 6.28318530717959
2  1342 281 0 3.14159265358979 6.28318530717959
0

0101000
+1967 3 -1958 3 *
Ve
1e-07
-2.31000000000001 -0.349999999999992 -0.0200000000000001
0 0

0101101
*
Ed
 1e-07 1 1 0
1  672 0 0 0.2
2  1343 282 0 0 0.2
2  1344 285 0 0 0.2
4 G1 282 0 285 0
0

0101000
+1956 3 -1958 3 *
Ed
 1e-07 1 1 0
1  673 0 3.14159265358979 6.28318530717959
2  1345 282 0 3.14159265358979 6.28318530717959
2  1346 283 0 3.14159265358979 6.28318530717959
0

0101000
+1965 3 -1956 3 *
Wi

0101100
+1957 0 -1955 0 -1954 0 +1964 0 *
Fa
0  1e-07 282 0

0101000
+1953 0 *
Ve
1e-07
-2.51000000000001 -0.349999999999991 0.18
0 0

0101101
*
Ed
 1e-07 1 1 0
1  674 0 0 0.2
2  1347 285 0 0 0.2
2  1348 281 0 0 0.2
0

0101000
+1958 3 -1951 3 *
Ve
1e-07
-2.51000000000001 -0.349999999999991 -0.0200000000000001
0 0

0101101
*
Ed
 1e-07 1 1 0
1  675 0 0 0.2
2  1349 285 0 0 0.2
2  1350 284 0 0 0.2
0

0101000
+1949 3 -1951 3 *
Ed
 1e-07 1 1 0
1  676 0 0 0.2
2  1351 285 0 0 0.2
2  1352 283 0 0 0.2
0

0101000
+1956 3 -1949 3 *
Wi

0101100
+1950 0 -1948 0 -1947 0 +1955 0 *
Fa
0  1e-07 285 0

0101000
-1946 0 *
Ed
 1e-07 1 1 0
1  677 0 0 0.2
2  1353 284 0 0 0.2
2  1354 281 0 0 0.2
0

0101000
+1951 3 -1968 3 *
Ed
 1e-07 1 1 0
1  678 0 0 0.2
2  1355 284 0 0 0.2
2  1356 283 0 0 0.2
0

0101000
+1949 3 -1963 3 *
Wi

0101100
+1944 0 -1961 0 -1943 0 +1948 0 *
Fa
0  1e-07 284 0

0101000
-1942 0 *
Wi

0101100
+1962 0 +1954 0 +1947 0 +1943 0 *
Fa
0  1e-07 283 0

0101000
-1940 0 *
Wi

0101100
-1966 0 -1944 0 -1950 0 -1957 0 *
Fa
0  1e-07 281 0

0101000
+1938 0 *
Sh

0101100
-1959 0 +1952 0 -1945 0 -1941 0 -1939 0 +1937 0 *
So

0100000
+1936 0 *
Ve
1e-07
-2.51000000000001 0.350000000000009 0.18
0 0

0101101
*
Ve
1e-07
-2.31000000000001 0.350000000000008 0.18
0 0

0101101
*
Ed
 1e-07 1 1 0
1  679 0 -0.2 0
2  1357 286 0 -0.2 0
2  1358 287 0 -0.2 0
0

0101000
+1934 3 -1933 3 *
Ve
1e-07
-2.31000000000001 0.350000000000008 -0.0200000000000001
0 0

0101101
*
Ed
 1e-07 1 1 0
1  680 0 0 0.2
2  1359 286 0 0 0.2
2  1360 288 0 0 0.2
4 G1 286 0 288 0
0

0101000
+1931 3 -1933 3 *
Ve
1e-07
-2.51000000000001 0.350000000000009 -0.0200000000000001
0 0

0101101
*
Ed
 1e-07 1 1 0
1  681 0 -0.2 0
2  1361 286 0 -0.2 0
2  1362 289 0 -0.2 0
0

0101000
+1929 3 -1931 3 *
Ed
 1e-07 1 1 0
1  682 0 0 0.2
2  1363 286 0 0 0.2
2  1364 290 0 0 0.2
0

0101000
+1929 3 -1934 3 *
Wi

0101100
+1932 0 -1930 0 -1928 0 +1927 0 *
Fa
0  1e-07 286 0

0101000
-1926 0 *
Ve
1e-07
-2.31000000000001 0.150000000000008 0.18
0 0

0101101
*
Ed
 1e-07 1 1 0
1  683 0 3.14159265358979 6.28318530717959
2  1365 288 0 3.14159265358979 6.28318530717959
2  1366 287 0 3.14159265358979 6.28318530717959
0

0101000
+1933 3 -1924 3 *
Ve
1e-07
-2.31000000000001 0.150000000000008 -0.0200000000000001
0 0

0101101
*
Ed
 1e-07 1 1 0
1  684 0 0 0.2
2  1367 288 0 0 0.2
2  1368 291 0 0 0.2
4 G1 288 0 291 0
0

0101000
+1922 3 -1924 3 *
Ed
 1e-07 1 1 0
1  685 0 3.14159265358979 6.28318530717959
2  1369 288 0 3.14159265358979 6.28318530717959
2  1370 289 0 3.14159265358979 6.28318530717959
0

0101000
+1931 3 -1922 3 *
Wi

0101100
+1923 0 -1921 0 -1920 0 +1930 0 *
Fa
0  1e-07 288 0

0101000
+1919 0 *
Ve
1e-07
-2.51000000000001 0.150000000000009 0.18
0 0

0101101
*
Ed
 1e-07 1 1 0
1  686 0 0 0.2
2  1371 291 0 0 0.2
2  1372 287 0 0 0.2
0

0101000
+1924 3 -1917 3 *
Ve
1e-07
-2.51000000000001 0.150000000000009 -0.0200000000000001
0 0

0101101
*
Ed
 1e-07 1 1 0
1  687 0 0 0.2
2  1373 291 0 0 0.2
2  1374 290 0 0 0.2
0

0101000
+1915 3 -1917 3 *
Ed
 1e-07 1 1 0
1  688 0 0 0.2
2  1375 291 0 0 0.2
2  1376 289 0 0 0.2
0

0101000
+1922 3 -1915 3 *
Wi

0101100
+1916 0 -1914 0 -1913 0 +1921 0 *
Fa
0  1e-07 291 0

0101000
-1912 0 *
Ed
 1e-07 1 1 0
1  689 0 0 0.2
2  1377 290 0 0 0.2
2  1378 287 0 0 0.2
0

0101000
+1917 3 -1934 3 *
Ed
 1e-07 1 1 0
1  690 0 0 0.2
2  1379 290 0 0 0.2
2  1380 289 0 0 0.2
0

0101000
+1915 3 -1929 3 *
Wi

0101100
+1910 0 -1927 0 -1909 0 +1914 0 *
Fa
0  1e-07 290 0

0101000
-1908 0 *
Wi

0101100
+1928 0 +1920 0 +1913 0 +1909 0 *
Fa
0  1e-07 289 0

0101000
-1906 0 *
Wi

0101100
-1932 0 -1910 0 -1916 0 -1923 0 *
Fa
0  1e-07 287 0

0101000
+1904 0 *
Sh

0101100
-1925 0 +1918 0 -1911 0 -1907 0 -1905 0 +1903 0 *
So

0100000
+1902 0 *
Ve
1e-07
-2.51000000000001 0.850000000000009 0.18
0 0

0101101
*
Ve
1e-07
-2.31000000000001 0.850000000000008 0.18
0 0

0101101
*
Ed
 1e-07 1 1 0
1  691 0 -0.2 0
2  1381 292 0 -0.2 0
2  1382 293 0 -0.2 0
0

0101000
+1900 3 -1899 3 *
Ve
1e-07
-2.31000000000001 0.850000000000008 -0.0200000000000001
0 0

0101101
*
Ed
 1e-07 1 1 0
1  692 0 0 0.2
2  1383 292 0 0 0.2
2  1384 294 0 0 0.2
4 G1 292 0 294 0
0

0101000
+1897 3 -1899 3 *
Ve
1e-07
-2.51000000000001 0.850000000000009 -0.0200000000000001
0 0

0101101
*
Ed
 1e-07 1 1 0
1  693 0 -0.2 0
2  1385 292 0 -0.2 0
2  1386 295 0 -0.2 0
0

0101000
+1895 3 -1897 3 *
Ed
 1e-07 1 1 0
1  694 0 0 0.2
2  1387 292 0 0 0.2
2  1388 296 0 0 0.2
0

0101000
+1895 3 -1900 3 *
Wi

0101100
+1898 0 -1896 0 -1894 0 +1893 0 *
Fa
0  1e-07 292 0

0101000
-1892 0 *
Ve
1e-07
-2.31000000000001 0.650000000000008 0.18
0 0

0101101
*
Ed
 1e-07 1 1 0
1  695 0 3.14159265358979 6.28318530717959
2  1389 294 0 3.14159265358979 6.28318530717959
2  1390 293 0 3.14159265358979 6.28318530717959
0

0101000
+1899 3 -1890 3 *
Ve
1e-07
-2.31000000000001 0.650000000000008 -0.0200000000000001
0 0

0101101
*
Ed
 1e-07 1 1 0
1  696 0 0 0.2
2  1391 294 0 0 0.2
2  1392 297 0 0 0.2
4 G1 294 0 297 0
0

0101000
+1888 3 -1890 3 *
Ed
 1e-07 1 1 0
1  697 0 3.14159265358979 6.28318530717959
2  1393 294 0 3.14159265358979 6.28318530717959
2  1394 295 0 3.14159265358979 6.28318530717959
0

0101000
+1897 3 -1888 3 *
Wi

0101100
+1889 0 -1887 0 -1886 0 +1896 0 *
Fa
0  1e-07 294 0

0101000
+1885 0 *
Ve
1e-07
-2.51000000000001 0.650000000000009 0.18
0 0

0101101
*
Ed
 1e-07 1 1 0
1  698 0 0 0.2
2  1395 297 0 0 0.2
2  1396 293 0 0 0.2
0

0101000
+1890 3 -1883 3 *
Ve
1e-07
-2.51000000000001 0.650000000000009 -0.0200000000000001
0 0

0101101
*
Ed
 1e-07 1 1 0
1  699 0 0 0.2
2  1397 297 0 0 0.2
2  1398 296 0 0 0.2
0

0101000
+1881 3 -1883 3 *
Ed
 1e-07 1 1 0
1  700 0 0 0.2
2  1399 297 0 0 0.2
2  1400 295 0 0 0.2
0

0101000
+1888 3 -1881 3 *
Wi

0101100
+1882 0 -1880 0 -1879 0 +1887 0 *
Fa
0  1e-07 297 0

0101000
-1878 0 *
Ed
 1e-07 1 1 0
1  701 0 0 0.2
2  1401 296 0 0 0.2
2  1402 293 0 0 0.2
0

0101000
+1883 3 -1900 3 *
Ed
 1e-07 1 1 0
1  702 0 0 0.2
2  1403 296 0 0 0.2
2  1404 295 0 0 0.2
0

0101000
+1881 3 -1895 3 *
Wi

0101100
+1876 0 -1893 0 -1875 0 +1880 0 *
Fa
0  1e-07 296 0

0101000
-1874 0 *
Wi

0101100
+1894 0 +1886 0 +1879 0 +1875 0 *
Fa
0  1e-07 295 0

0101000
-1872 0 *
Wi

0101100
-1898 0 -1876 0 -1882 0 -1889 0 *
Fa
0  1e-07 293 0

0101000
+1870 0 *
Sh

0101100
-1891 0 +1884 0 -1877 0 -1873 0 -1871 0 +1869 0 *
So

0100000
+1868 0 *
Ve
1e-07
-2.51000000000001 1.35000000000001 0.18
0 0

0101101
*
Ve
1e-07
-2.31000000000001 1.35000000000001 0.18
0 0

0101101
*
Ed
 1e-07 1 1 0
1  703 0 -0.2 0
2  1405 298 0 -0.2 0
2  1406 299 0 -0.2 0
0

0101000
+1866 3 -1865 3 *
Ve
1e-07
-2.31000000000001 1.35000000000001 -0.0200000000000001
0 0

0101101
*
Ed
 1e-07 1 1 0
1  704 0 0 0.2
2  1407 298 0 0 0.2
2  1408 300 0 0 0.2
4 G1 298 0 300 0
0

0101000
+1863 3 -1865 3 *
Ve
1e-07
-2.51000000000001 1.35000000000001 -0.0200000000000001
0 0

0101101
*
Ed
 1e-07 1 1 0
1  705 0 -0.2 0
2  1409 298 0 -0.2 0
2  1410 301 0 -0.2 0
0

0101000
+1861 3 -1863 3 *
Ed
 1e-07 1 1 0
1  706 0 0 0.2
2  1411 298 0 0 0.2
2  1412 302 0 0 0.2
0

0101000
+1861 3 -1866 3 *
Wi

0101100
+1864 0 -1862 0 -1860 0 +1859 0 *
Fa
0  1e-07 298 0

0101000
-1858 0 *
Ve
1e-07
-2.31000000000001 1.15000000000001 0.18
0 0

0101101
*
Ed
 1e-07 1 1 0
1  707 0 3.14159265358979 6.28318530717959
2  1413 300 0 3.14159265358979 6.28318530717959
2  1414 299 0 3.14159265358979 6.28318530717959
0

0101000
+1865 3 -1856 3 *
Ve
1e-07
-2.31000000000001 1.15000000000001 -0.0200000000000001
0 0

0101101
*
Ed
 1e-07 1 1 0
1  708 0 0 0.2
2  1415 300 0 0 0.2
2  1416 303 0 0 0.2
4 G1 300 0 303 0
0

0101000
+1854 3 -1856 3 *
Ed
 1e-07 1 1 0
1  709 0 3.14159265358979 6.28318530717959
2  1417 300 0 3.14159265358979 6.28318530717959
2  1418 301 0 3.14159265358979 6.28318530717959
0

0101000
+1863 3 -1854 3 *
Wi

0101100
+1855 0 -1853 0 -1852 0 +1862 0 *
Fa
0  1e-07 300 0

0101000
+1851 0 *
Ve
1e-07
-2.51000000000001 1.15000000000001 0.18
0 0

0101101
*
Ed
 1e-07 1 1 0
1  710 0 0 0.2
2  1419 303 0 0 0.2
2  1420 299 0 0 0.2
0

0101000
+1856 3 -1849 3 *
Ve
1e-07
-2.51000000000001 1.15000000000001 -0.0200000000000001
0 0

0101101
*
Ed
 1e-07 1 1 0
1  711 0 0 0.2
2  1421 303 0 0 0.2
2  1422 302 0 0 0.2
0

0101000
+1847 3 -1849 3 *
Ed
 1e-07 1 1 0
1  712 0 0 0.2
2  1423 303 0 0 0.2
2  1424 301 0 0 0.2
0

0101000
+1854 3 -1847 3 *
Wi

0101100
+1848 0 -1846 0 -1845 0 +1853 0 *
Fa
0  1e-07 303 0

0101000
-1844 0 *
Ed
 1e-07 1 1 0
1  713 0 0 0.2
2  1425 302 0 0 0.2
2  1426 299 0 0 0.2
0

0101000
+1849 3 -1866 3 *
Ed
 1e-07 1 1 0
1  714 0 0 0.2
2  1427 302 0 0 0.2
2  1428 301 0 0 0.2
0

0101000
+1847 3 -1861 3 *
Wi

0101100
+1842 0 -1859 0 -1841 0 +1846 0 *
Fa
0  1e-07 302 0

0101000
-1840 0 *
Wi

0101100
+1860 0 +1852 0 +1845 0 +1841 0 *
Fa
0  1e-07 301 0

0101000
-1838 0 *
Wi

0101100
-1864 0 -1842 0 -1848 0 -1855 0 *
Fa
0  1e-07 299 0

0101000
+1836 0 *
Sh

0101100
-1857 0 +1850 0 -1843 0 -1839 0 -1837 0 +1835 0 *
So

0100000
+1834 0 *
Ve
1e-07
-2.51000000000001 1.85000000000001 0.18
0 0

0101101
*
Ve
1e-07
-2.31000000000001 1.85000000000001 0.18
0 0

0101101
*
Ed
 1e-07 1 1 0
1  715 0 -0.2 0
2  1429 304 0 -0.2 0
2  1430 305 0 -0.2 0
0

0101000
+1832 3 -1831 3 *
Ve
1e-07
-2.31000000000001 1.85000000000001 -0.0200000000000001
0 0

0101101
*
Ed
 1e-07 1 1 0
1  716 0 0 0.2
2  1431 304 0 0 0.2
2  1432 306 0 0 0.2
4 G1 304 0 306 0
0

0101000
+1829 3 -1831 3 *
Ve
1e-07
-2.51000000000001 1.85000000000001 -0.0200000000000001
0 0

0101101
*
Ed
 1e-07 1 1 0
1  717 0 -0.2 0
2  1433 304 0 -0.2 0
2  1434 307 0 -0.2 0
0

0101000
+1827 3 -1829 3 *
Ed
 1e-07 1 1 0
1  718 0 0 0.2
2  1435 304 0 0 0.2
2  1436 308 0 0 0.2
0

0101000
+1827 3 -1832 3 *
Wi

0101100
+1830 0 -1828 0 -1826 0 +1825 0 *
Fa
0  1e-07 304 0

0101000
-1824 0 *
Ve
1e-07
-2.31000000000001 1.65000000000001 0.18
0 0

0101101
*
Ed
 1e-07 1 1 0
1  719 0 3.14159265358979 6.28318530717959
2  1437 306 0 3.14159265358979 6.28318530717959
2  1438 305 0 3.14159265358979 6.28318530717959
0

0101000
+1831 3 -1822 3 *
Ve
1e-07
-2.31000000000001 1.65000000000001 -0.0200000000000001
0 0

0101101
*
Ed
 1e-07 1 1 0
1  720 0 0 0.2
2  1439 306 0 0 0.2
2  1440 309 0 0 0.2
4 G1 306 0 309 0
0

0101000
+1820 3 -1822 3 *
Ed
 1e-07 1 1 0
1  721 0 3.14159265358979 6.28318530717959
2  1441 306 0 3.14159265358979 6.28318530717959
2  1442 307 0 3.14159265358979 6.28318530717959
0

0101000
+1829 3 -1820 3 *
Wi

0101100
+1821 0 -1819 0 -1818 0 +1828 0 *
Fa
0  1e-07 306 0

0101000
+1817 0 *
Ve
1e-07
-2.51000000000001 1.65000000000001 0.18
0 0

0101101
*
Ed
 1e-07 1 1 0
1  722 0 0 0.2
2  1443 309 0 0 0.2
2  1444 305 0 0 0.2
0

0101000
+1822 3 -1815 3 *
Ve
1e-07
-2.51000000000001 1.65000000000001 -0.0200000000000001
0 0

0101101
*
Ed
 1e-07 1 1 0
1  723 0 0 0.2
2  1445 309 0 0 0.2
2  1446 308 0 0 0.2
0

0101000
+1813 3 -1815 3 *
Ed
 1e-07 1 1 0
1  724 0 0 0.2
2  1447 309 0 0 0.2
2  1448 307 0 0 0.2
0

0101000
+1820 3 -1813 3 *
Wi

0101100
+1814 0 -1812 0 -1811 0 +1819 0 *
Fa
0  1e-07 309 0

0101000
-1810 0 *
Ed
 1e-07 1 1 0
1  725 0 0 0.2
2  1449 308 0 0 0.2
2  1450 305 0 0 0.2
0

0101000
+1815 3 -1832 3 *
Ed
 1e-07 1 1 0
1  726 0 0 0.2
2  1451 308 0 0 0.2
2  1452 307 0 0 0.2
0

0101000
+1813 3 -1827 3 *
Wi

0101100
+1808 0 -1825 0 -1807 0 +1812 0 *
Fa
0  1e-07 308 0

0101000
-1806 0 *
Wi

0101100
+1826 0 +1818 0 +1811 0 +1807 0 *
Fa
0  1e-07 307 0

0101000
-1804 0 *
Wi

0101100
-1830 0 -1808 0 -1814 0 -1821 0 *
Fa
0  1e-07 305 0

0101000
+1802 0 *
Sh

0101100
-1823 0 +1816 0 -1809 0 -1805 0 -1803 0 +1801 0 *
So

0100000
+1800 0 *
Ve
1e-07
1.85 2.51 0.18
0 0

0101101
*
Ve
1e-07
1.85 2.31 0.18
0 0

0101101
*
Ed
 1e-07 1 1 0
1  727 0 -0.2 0
2  1453 310 0 -0.2 0
2  1454 311 0 -0.2 0
0

0101000
+1798 3 -1797 3 *
Ve
1e-07
1.85 2.31 -0.0200000000000001
0 0

0101101
*
Ed
 1e-07 1 1 0
1  728 0 0 0.2
2  1455 310 0 0 0.2
2  1456 312 0 0 0.2
4 G1 310 0 312 0
0

0101000
+1795 3 -1797 3 *
Ve
1e-07
1.85 2.51 -0.0200000000000001
0 0

0101101
*
Ed
 1e-07 1 1 0
1  729 0 -0.2 0
2  1457 310 0 -0.2 0
2  1458 313 0 -0.2 0
0

0101000
+1793 3 -1795 3 *
Ed
 1e-07 1 1 0
1  730 0 0 0.2
2  1459 310 0 0 0.2
2  1460 314 0 0 0.2
0

0101000
+1793 3 -1798 3 *
Wi

0101100
+1796 0 -1794 0 -1792 0 +1791 0 *
Fa
0  1e-07 310 0

0101000
-1790 0 *
Ve
1e-07
1.65 2.31 0.18
0 0

0101101
*
Ed
 1e-07 1 1 0
1  731 0 3.14159265358979 6.28318530717959
2  1461 312 0 3.14159265358979 6.28318530717959
2  1462 311 0 3.14159265358979 6.28318530717959
0

0101000
+1797 3 -1788 3 *
Ve
1e-07
1.65 2.31 -0.0200000000000001
0 0

0101101
*
Ed
 1e-07 1 1 0
1  732 0 0 0.2
2  1463 312 0 0 0.2
2  1464 315 0 0 0.2
4 G1 312 0 315 0
0

0101000
+1786 3 -1788 3 *
Ed
 1e-07 1 1 0
1  733 0 3.14159265358979 6.28318530717959
2  1465 312 0 3.14159265358979 6.28318530717959
2  1466 313 0 3.14159265358979 6.28318530717959
0

0101000
+1795 3 -1786 3 *
Wi

0101100
+1787 0 -1785 0 -1784 0 +1794 0 *
Fa
0  1e-07 312 0

0101000
+1783 0 *
Ve
1e-07
1.65 2.51 0.18
0 0

0101101
*
Ed
 1e-07 1 1 0
1  734 0 0 0.2
2  1467 315 0 0 0.2
2  1468 311 0 0 0.2
0

0101000
+1788 3 -1781 3 *
Ve
1e-07
1.65 2.51 -0.0200000000000001
0 0

0101101
*
Ed
 1e-07 1 1 0
1  735 0 0 0.2
2  1469 315 0 0 0.2
2  1470 314 0 0 0.2
0

0101000
+1779 3 -1781 3 *
Ed
 1e-07 1 1 0
1  736 0 0 0.2
2  1471 315 0 0 0.2
2  1472 313 0 0 0.2
0

0101000
+1786 3 -1779 3 *
Wi

0101100
+1780 0 -1778 0 -1777 0 +1785 0 *
Fa
0  1e-07 315 0

0101000
-1776 0 *
Ed
 1e-07 1 1 0
1  737 0 0 0.2
2  1473 314 0 0 0.2
2  1474 311 0 0 0.2
0

0101000
+1781 3 -1798 3 *
Ed
 1e-07 1 1 0
1  738 0 0 0.2
2  1475 314 0 0 0.2
2  1476 313 0 0 0.2
0

0101000
+1779 3 -1793 3 *
Wi

0101100
+1774 0 -1791 0 -1773 0 +1778 0 *
Fa
0  1e-07 314 0

0101000
-1772 0 *
Wi

0101100
+1792 0 +1784 0 +1777 0 +1773 0 *
Fa
0  1e-07 313 0

0101000
-1770 0 *
Wi

0101100
-1796 0 -1774 0 -1780 0 -1787 0 *
Fa
0  1e-07 311 0

0101000
+1768 0 *
Sh

0101100
-1789 0 +1782 0 -1775 0 -1771 0 -1769 0 +1767 0 *
So

0100000
+1766 0 *
Ve
1e-07
1.35 2.51 0.18
0 0

0101101
*
Ve
1e-07
1.35 2.31 0.18
0 0

0101101
*
Ed
 1e-07 1 1 0
1  739 0 -0.2 0
2  1477 316 0 -0.2 0
2  1478 317 0 -0.2 0
0

0101000
+1764 3 -1763 3 *
Ve
1e-07
1.35 2.31 -0.0200000000000001
0 0

0101101
*
Ed
 1e-07 1 1 0
1  740 0 0 0.2
2  1479 316 0 0 0.2
2  1480 318 0 0 0.2
4 G1 316 0 318 0
0

0101000
+1761 3 -1763 3 *
Ve
1e-07
1.35 2.51 -0.0200000000000001
0 0

0101101
*
Ed
 1e-07 1 1 0
1  741 0 -0.2 0
2  1481 316 0 -0.2 0
2  1482 319 0 -0.2 0
0

0101000
+1759 3 -1761 3 *
Ed
 1e-07 1 1 0
1  742 0 0 0.2
2  1483 316 0 0 0.2
2  1484 320 0 0 0.2
0

0101000
+1759 3 -1764 3 *
Wi

0101100
+1762 0 -1760 0 -1758 0 +1757 0 *
Fa
0  1e-07 316 0

0101000
-1756 0 *
Ve
1e-07
1.15 2.31 0.18
0 0

0101101
*
Ed
 1e-07 1 1 0
1  743 0 3.14159265358979 6.28318530717959
2  1485 318 0 3.14159265358979 6.28318530717959
2  1486 317 0 3.14159265358979 6.28318530717959
0

0101000
+1763 3 -1754 3 *
Ve
1e-07
1.15 2.31 -0.0200000000000001
0 0

0101101
*
Ed
 1e-07 1 1 0
1  744 0 0 0.2
2  1487 318 0 0 0.2
2  1488 321 0 0 0.2
4 G1 318 0 321 0
0

0101000
+1752 3 -1754 3 *
Ed
 1e-07 1 1 0
1  745 0 3.14159265358979 6.28318530717959
2  1489 318 0 3.14159265358979 6.28318530717959
2  1490 319 0 3.14159265358979 6.28318530717959
0

0101000
+1761 3 -1752 3 *
Wi

0101100
+1753 0 -1751 0 -1750 0 +1760 0 *
Fa
0  1e-07 318 0

0101000
+1749 0 *
Ve
1e-07
1.15 2.51 0.18
0 0

0101101
*
Ed
 1e-07 1 1 0
1  746 0 0 0.2
2  1491 321 0 0 0.2
2  1492 317 0 0 0.2
0

0101000
+1754 3 -1747 3 *
Ve
1e-07
1.15 2.51 -0.0200000000000001
0 0

0101101
*
Ed
 1e-07 1 1 0
1  747 0 0 0.2
2  1493 321 0 0 0.2
2  1494 320 0 0 0.2
0

0101000
+1745 3 -1747 3 *
Ed
 1e-07 1 1 0
1  748 0 0 0.2
2  1495 321 0 0 0.2
2  1496 319 0 0 0.2
0

0101000
+1752 3 -1745 3 *
Wi

0101100
+1746 0 -1744 0 -1743 0 +1751 0 *
Fa
0  1e-07 321 0

0101000
-1742 0 *
Ed
 1e-07 1 1 0
1  749 0 0 0.2
2  1497 320 0 0 0.2
2  1498 317 0 0 0.2
0

0101000
+1747 3 -1764 3 *
Ed
 1e-07 1 1 0
1  750 0 0 0.2
2  1499 320 0 0 0.2
2  1500 319 0 0 0.2
0

0101000
+1745 3 -1759 3 *
Wi

0101100
+1740 0 -1757 0 -1739 0 +1744 0 *
Fa
0  1e-07 320 0

0101000
-1738 0 *
Wi

0101100
+1758 0 +1750 0 +1743 0 +1739 0 *
Fa
0  1e-07 319 0

0101000
-1736 0 *
Wi

0101100
-1762 0 -1740 0 -1746 0 -1753 0 *
Fa
0  1e-07 317 0

0101000
+1734 0 *
Sh

0101100
-1755 0 +1748 0 -1741 0 -1737 0 -1735 0 +1733 0 *
So

0100000
+1732 0 *
Ve
1e-07
0.850000000000002 2.51 0.18
0 0

0101101
*
Ve
1e-07
0.850000000000002 2.31 0.18
0 0

0101101
*
Ed
 1e-07 1 1 0
1  751 0 -0.2 0
2  1501 322 0 -0.2 0
2  1502 323 0 -0.2 0
0

0101000
+1730 3 -1729 3 *
Ve
1e-07
0.850000000000002 2.31 -0.0200000000000001
0 0

0101101
*
Ed
 1e-07 1 1 0
1  752 0 0 0.2
2  1503 322 0 0 0.2
2  1504 324 0 0 0.2
4 G1 322 0 324 0
0

0101000
+1727 3 -1729 3 *
Ve
1e-07
0.850000000000002 2.51 -0.0200000000000001
0 0

0101101
*
Ed
 1e-07 1 1 0
1  753 0 -0.2 0
2  1505 322 0 -0.2 0
2  1506 325 0 -0.2 0
0

0101000
+1725 3 -1727 3 *
Ed
 1e-07 1 1 0
1  754 0 0 0.2
2  1507 322 0 0 0.2
2  1508 326 0 0 0.2
0

0101000
+1725 3 -1730 3 *
Wi

0101100
+1728 0 -1726 0 -1724 0 +1723 0 *
Fa
0  1e-07 322 0

0101000
-1722 0 *
Ve
1e-07
0.650000000000001 2.31 0.18
0 0

0101101
*
Ed
 1e-07 1 1 0
1  755 0 3.14159265358979 6.28318530717959
2  1509 324 0 3.14159265358979 6.28318530717959
2  1510 323 0 3.14159265358979 6.28318530717959
0

0101000
+1729 3 -1720 3 *
Ve
1e-07
0.650000000000001 2.31 -0.0200000000000001
0 0

0101101
*
Ed
 1e-07 1 1 0
1  756 0 0 0.2
2  1511 324 0 0 0.2
2  1512 327 0 0 0.2
4 G1 324 0 327 0
0

0101000
+1718 3 -1720 3 *
Ed
 1e-07 1 1 0
1  757 0 3.14159265358979 6.28318530717959
2  1513 324 0 3.14159265358979 6.28318530717959
2  1514 325 0 3.14159265358979 6.28318530717959
0

0101000
+1727 3 -1718 3 *
Wi

0101100
+1719 0 -1717 0 -1716 0 +1726 0 *
Fa
0  1e-07 324 0

0101000
+1715 0 *
Ve
1e-07
0.650000000000002 2.51 0.18
0 0

0101101
*
Ed
 1e-07 1 1 0
1  758 0 0 0.2
2  1515 327 0 0 0.2
2  1516 323 0 0 0.2
0

0101000
+1720 3 -1713 3 *
Ve
1e-07
0.650000000000002 2.51 -0.0200000000000001
0 0

0101101
*
Ed
 1e-07 1 1 0
1  759 0 0 0.2
2  1517 327 0 0 0.2
2  1518 326 0 0 0.2
0

0101000
+1711 3 -1713 3 *
Ed
 1e-07 1 1 0
1  760 0 0 0.2
2  1519 327 0 0 0.2
2  1520 325 0 0 0.2
0

0101000
+1718 3 -1711 3 *
Wi

0101100
+1712 0 -1710 0 -1709 0 +1717 0 *
Fa
0  1e-07 327 0

0101000
-1708 0 *
Ed
 1e-07 1 1 0
1  761 0 0 0.2
2  1521 326 0 0 0.2
2  1522 323 0 0 0.2
0

0101000
+1713 3 -1730 3 *
Ed
 1e-07 1 1 0
1  762 0 0 0.2
2  1523 326 0 0 0.2
2  1524 325 0 0 0.2
0

0101000
+1711 3 -1725 3 *
Wi

0101100
+1706 0 -1723 0 -1705 0 +1710 0 *
Fa
0  1e-07 326 0

0101000
-1704 0 *
Wi

0101100
+1724 0 +1716 0 +1709 0 +1705 0 *
Fa
0  1e-07 325 0

0101000
-1702 0 *
Wi

0101100
-1728 0 -1706 0 -1712 0 -1719 0 *
Fa
0  1e-07 323 0

0101000
+1700 0 *
Sh

0101100
-1721 0 +1714 0 -1707 0 -1703 0 -1701 0 +1699 0 *
So

0100000
+1698 0 *
Ve
1e-07
0.350000000000002 2.51 0.18
0 0

0101101
*
Ve
1e-07
0.350000000000002 2.31 0.18
0 0

0101101
*
Ed
 1e-07 1 1 0
1  763 0 -0.2 0
2  1525 328 0 -0.2 0
2  1526 329 0 -0.2 0
0

0101000
+1696 3 -1695 3 *
Ve
1e-07
0.350000000000002 2.31 -0.0200000000000001
0 0

0101101
*
Ed
 1e-07 1 1 0
1  764 0 0 0.2
2  1527 328 0 0 0.2
2  1528 330 0 0 0.2
4 G1 328 0 330 0
0

0101000
+1693 3 -1695 3 *
Ve
1e-07
0.350000000000002 2.51 -0.0200000000000001
0 0

0101101
*
Ed
 1e-07 1 1 0
1  765 0 -0.2 0
2  1529 328 0 -0.2 0
2  1530 331 0 -0.2 0
0

0101000
+1691 3 -1693 3 *
Ed
 1e-07 1 1 0
1  766 0 0 0.2
2  1531 328 0 0 0.2
2  1532 332 0 0 0.2
0

0101000
+1691 3 -1696 3 *
Wi

0101100
+1694 0 -1692 0 -1690 0 +1689 0 *
Fa
0  1e-07 328 0

0101000
-1688 0 *
Ve
1e-07
0.150000000000001 2.31 0.18
0 0

0101101
*
Ed
 1e-07 1 1 0
1  767 0 3.14159265358979 6.28318530717959
2  1533 330 0 3.14159265358979 6.28318530717959
2  1534 329 0 3.14159265358979 6.28318530717959
0

0101000
+1695 3 -1686 3 *
Ve
1e-07
0.150000000000001 2.31 -0.0200000000000001
0 0

0101101
*
Ed
 1e-07 1 1 0
1  768 0 0 0.2
2  1535 330 0 0 0.2
2  1536 333 0 0 0.2
4 G1 330 0 333 0
0

0101000
+1684 3 -1686 3 *
Ed
 1e-07 1 1 0
1  769 0 3.14159265358979 6.28318530717959
2  1537 330 0 3.14159265358979 6.28318530717959
2  1538 331 0 3.14159265358979 6.28318530717959
0

0101000
+1693 3 -1684 3 *
Wi

0101100
+1685 0 -1683 0 -1682 0 +1692 0 *
Fa
0  1e-07 330 0

0101000
+1681 0 *
Ve
1e-07
0.150000000000002 2.51 0.18
0 0

0101101
*
Ed
 1e-07 1 1 0
1  770 0 0 0.2
2  1539 333 0 0 0.2
2  1540 329 0 0 0.2
0

0101000
+1686 3 -1679 3 *
Ve
1e-07
0.150000000000002 2.51 -0.0200000000000001
0 0

0101101
*
Ed
 1e-07 1 1 0
1  771 0 0 0.2
2  1541 333 0 0 0.2
2  1542 332 0 0 0.2
0

0101000
+1677 3 -1679 3 *
Ed
 1e-07 1 1 0
1  772 0 0 0.2
2  1543 333 0 0 0.2
2  1544 331 0 0 0.2
0

0101000
+1684 3 -1677 3 *
Wi

0101100
+1678 0 -1676 0 -1675 0 +1683 0 *
Fa
0  1e-07 333 0

0101000
-1674 0 *
Ed
 1e-07 1 1 0
1  773 0 0 0.2
2  1545 332 0 0 0.2
2  1546 329 0 0 0.2
0

0101000
+1679 3 -1696 3 *
Ed
 1e-07 1 1 0
1  774 0 0 0.2
2  1547 332 0 0 0.2
2  1548 331 0 0 0.2
0

0101000
+1677 3 -1691 3 *
Wi

0101100
+1672 0 -1689 0 -1671 0 +1676 0 *
Fa
0  1e-07 332 0

0101000
-1670 0 *
Wi

0101100
+1690 0 +1682 0 +1675 0 +1671 0 *
Fa
0  1e-07 331 0

0101000
-1668 0 *
Wi

0101100
-1694 0 -1672 0 -1678 0 -1685 0 *
Fa
0  1e-07 329 0

0101000
+1666 0 *
Sh

0101100
-1687 0 +1680 0 -1673 0 -1669 0 -1667 0 +1665 0 *
So

0100000
+1664 0 *
Ve
1e-07
-0.149999999999998 2.51 0.18
0 0

0101101
*
Ve
1e-07
-0.149999999999998 2.31 0.18
0 0

0101101
*
Ed
 1e-07 1 1 0
1  775 0 -0.2 0
2  1549 334 0 -0.2 0
2  1550 335 0 -0.2 0
0

0101000
+1662 3 -1661 3 *
Ve
1e-07
-0.149999999999998 2.31 -0.0200000000000001
0 0

0101101
*
Ed
 1e-07 1 1 0
1  776 0 0 0.2
2  1551 334 0 0 0.2
2  1552 336 0 0 0.2
4 G1 334 0 336 0
0

0101000
+1659 3 -1661 3 *
Ve
1e-07
-0.149999999999998 2.51 -0.0200000000000001
0 0

0101101
*
Ed
 1e-07 1 1 0
1  777 0 -0.2 0
2  1553 334 0 -0.2 0
2  1554 337 0 -0.2 0
0

0101000
+1657 3 -1659 3 *
Ed
 1e-07 1 1 0
1  778 0 0 0.2
2  1555 334 0 0 0.2
2  1556 338 0 0 0.2
0

0101000
+1657 3 -1662 3 *
Wi

0101100
+1660 0 -1658 0 -1656 0 +1655 0 *
Fa
0  1e-07 334 0

0101000
-1654 0 *
Ve
1e-07
-0.349999999999999 2.31 0.18
0 0

0101101
*
Ed
 1e-07 1 1 0
1  779 0 3.14159265358979 6.28318530717959
2  1557 336 0 3.14159265358979 6.28318530717959
2  1558 335 0 3.14159265358979 6.28318530717959
0

0101000
+1661 3 -1652 3 *
Ve
1e-07
-0.349999999999999 2.31 -0.0200000000000001
0 0

0101101
*
Ed
 1e-07 1 1 0
1  780 0 0 0.2
2  1559 336 0 0 0.2
2  1560 339 0 0 0.2
4 G1 336 0 339 0
0

0101000
+1650 3 -1652 3 *
Ed
 1e-07 1 1 0
1  781 0 3.14159265358979 6.28318530717959
2  1561 336 0 3.14159265358979 6.28318530717959
2  1562 337 0 3.14159265358979 6.28318530717959
0

0101000
+1659 3 -1650 3 *
Wi

0101100
+1651 0 -1649 0 -1648 0 +1658 0 *
Fa
0  1e-07 336 0

0101000
+1647 0 *
Ve
1e-07
-0.349999999999998 2.51 0.18
0 0

0101101
*
Ed
 1e-07 1 1 0
1  782 0 0 0.2
2  1563 339 0 0 0.2
2  1564 335 0 0 0.2
0

0101000
+1652 3 -1645 3 *
Ve
1e-07
-0.349999999999998 2.51 -0.0200000000000001
0 0

0101101
*
Ed
 1e-07 1 1 0
1  783 0 0 0.2
2  1565 339 0 0 0.2
2  1566 338 0 0 0.2
0

0101000
+1643 3 -1645 3 *
Ed
 1e-07 1 1 0
1  784 0 0 0.2
2  1567 339 0 0 0.2
2  1568 337 0 0 0.2
0

0101000
+1650 3 -1643 3 *
Wi

0101100
+1644 0 -1642 0 -1641 0 +1649 0 *
Fa
0  1e-07 339 0

0101000
-1640 0 *
Ed
 1e-07 1 1 0
1  785 0 0 0.2
2  1569 338 0 0 0.2
2  1570 335 0 0 0.2
0

0101000
+1645 3 -1662 3 *
Ed
 1e-07 1 1 0
1  786 0 0 0.2
2  1571 338 0 0 0.2
2  1572 337 0 0 0.2
0

0101000
+1643 3 -1657 3 *
Wi

0101100
+1638 0 -1655 0 -1637 0 +1642 0 *
Fa
0  1e-07 338 0

0101000
-1636 0 *
Wi

0101100
+1656 0 +1648 0 +1641 0 +1637 0 *
Fa
0  1e-07 337 0

0101000
-1634 0 *
Wi

0101100
-1660 0 -1638 0 -1644 0 -1651 0 *
Fa
0  1e-07 335 0

0101000
+1632 0 *
Sh

0101100
-1653 0 +1646 0 -1639 0 -1635 0 -1633 0 +1631 0 *
So

0100000
+1630 0 *
Ve
1e-07
-0.649999999999998 2.51 0.18
0 0

0101101
*
Ve
1e-07
-0.649999999999998 2.31 0.18
0 0

0101101
*
Ed
 1e-07 1 1 0
1  787 0 -0.2 0
2  1573 340 0 -0.2 0
2  1574 341 0 -0.2 0
0

0101000
+1628 3 -1627 3 *
Ve
1e-07
-0.649999999999998 2.31 -0.0200000000000001
0 0

0101101
*
Ed
 1e-07 1 1 0
1  788 0 0 0.2
2  1575 340 0 0 0.2
2  1576 342 0 0 0.2
4 G1 340 0 342 0
0

0101000
+1625 3 -1627 3 *
Ve
1e-07
-0.649999999999998 2.51 -0.0200000000000001
0 0

0101101
*
Ed
 1e-07 1 1 0
1  789 0 -0.2 0
2  1577 340 0 -0.2 0
2  1578 343 0 -0.2 0
0

0101000
+1623 3 -1625 3 *
Ed
 1e-07 1 1 0
1  790 0 0 0.2
2  1579 340 0 0 0.2
2  1580 344 0 0 0.2
0

0101000
+1623 3 -1628 3 *
Wi

0101100
+1626 0 -1624 0 -1622 0 +1621 0 *
Fa
0  1e-07 340 0

0101000
-1620 0 *
Ve
1e-07
-0.849999999999999 2.31 0.18
0 0

0101101
*
Ed
 1e-07 1 1 0
1  791 0 3.14159265358979 6.28318530717959
2  1581 342 0 3.14159265358979 6.28318530717959
2  1582 341 0 3.14159265358979 6.28318530717959
0

0101000
+1627 3 -1618 3 *
Ve
1e-07
-0.849999999999999 2.31 -0.0200000000000001
0 0

0101101
*
Ed
 1e-07 1 1 0
1  792 0 0 0.2
2  1583 342 0 0 0.2
2  1584 345 0 0 0.2
4 G1 342 0 345 0
0

0101000
+1616 3 -1618 3 *
Ed
 1e-07 1 1 0
1  793 0 3.14159265358979 6.28318530717959
2  1585 342 0 3.14159265358979 6.28318530717959
2  1586 343 0 3.14159265358979 6.28318530717959
0

0101000
+1625 3 -1616 3 *
Wi

0101100
+1617 0 -1615 0 -1614 0 +1624 0 *
Fa
0  1e-07 342 0

0101000
+1613 0 *
Ve
1e-07
-0.849999999999998 2.51 0.18
0 0

0101101
*
Ed
 1e-07 1 1 0
1  794 0 0 0.2
2  1587 345 0 0 0.2
2  1588 341 0 0 0.2
0

0101000
+1618 3 -1611 3 *
Ve
1e-07
-0.849999999999998 2.51 -0.0200000000000001
0 0

0101101
*
Ed
 1e-07 1 1 0
1  795 0 0 0.2
2  1589 345 0 0 0.2
2  1590 344 0 0 0.2
0

0101000
+1609 3 -1611 3 *
Ed
 1e-07 1 1 0
1  796 0 0 0.2
2  1591 345 0 0 0.2
2  1592 343 0 0 0.2
0

0101000
+1616 3 -1609 3 *
Wi

0101100
+1610 0 -1608 0 -1607 0 +1615 0 *
Fa
0  1e-07 345 0

0101000
-1606 0 *
Ed
 1e-07 1 1 0
1  797 0 0 0.2
2  1593 344 0 0 0.2
2  1594 341 0 0 0.2
0

0101000
+1611 3 -1628 3 *
Ed
 1e-07 1 1 0
1  798 0 0 0.2
2  1595 344 0 0 0.2
2  1596 343 0 0 0.2
0

0101000
+1609 3 -1623 3 *
Wi

0101100
+1604 0 -1621 0 -1603 0 +1608 0 *
Fa
0  1e-07 344 0

0101000
-1602 0 *
Wi

0101100
+1622 0 +1614 0 +1607 0 +1603 0 *
Fa
0  1e-07 343 0

0101000
-1600 0 *
Wi

0101100
-1626 0 -1604 0 -1610 0 -1617 0 *
Fa
0  1e-07 341 0

0101000
+1598 0 *
Sh

0101100
-1619 0 +1612 0 -1605 0 -1601 0 -1599 0 +1597 0 *
So

0100000
+1596 0 *
Ve
1e-07
-1.15 2.51 0.18
0 0

0101101
*
Ve
1e-07
-1.15 2.31 0.18
0 0

0101101
*
Ed
 1e-07 1 1 0
1  799 0 -0.2 0
2  1597 346 0 -0.2 0
2  1598 347 0 -0.2 0
0

0101000
+1594 3 -1593 3 *
Ve
1e-07
-1.15 2.31 -0.0200000000000001
0 0

0101101
*
Ed
 1e-07 1 1 0
1  800 0 0 0.2
2  1599 346 0 0 0.2
2  1600 348 0 0 0.2
4 G1 346 0 348 0
0

0101000
+1591 3 -1593 3 *
Ve
1e-07
-1.15 2.51 -0.0200000000000001
0 0

0101101
*
Ed
 1e-07 1 1 0
1  801 0 -0.2 0
2  1601 346 0 -0.2 0
2  1602 349 0 -0.2 0
0

0101000
+1589 3 -1591 3 *
Ed
 1e-07 1 1 0
1  802 0 0 0.2
2  1603 346 0 0 0.2
2  1604 350 0 0 0.2
0

0101000
+1589 3 -1594 3 *
Wi

0101100
+1592 0 -1590 0 -1588 0 +1587 0 *
Fa
0  1e-07 346 0

0101000
-1586 0 *
Ve
1e-07
-1.35 2.31 0.18
0 0

0101101
*
Ed
 1e-07 1 1 0
1  803 0 3.14159265358979 6.28318530717959
2  1605 348 0 3.14159265358979 6.28318530717959
2  1606 347 0 3.14159265358979 6.28318530717959
0

0101000
+1593 3 -1584 3 *
Ve
1e-07
-1.35 2.31 -0.0200000000000001
0 0

0101101
*
Ed
 1e-07 1 1 0
1  804 0 0 0.2
2  1607 348 0 0 0.2
2  1608 351 0 0 0.2
4 G1 348 0 351 0
0

0101000
+1582 3 -1584 3 *
Ed
 1e-07 1 1 0
1  805 0 3.14159265358979 6.28318530717959
2  1609 348 0 3.14159265358979 6.28318530717959
2  1610 349 0 3.14159265358979 6.28318530717959
0

0101000
+1591 3 -1582 3 *
Wi

0101100
+1583 0 -1581 0 -1580 0 +1590 0 *
Fa
0  1e-07 348 0

0101000
+1579 0 *
Ve
1e-07
-1.35 2.51 0.18
0 0

0101101
*
Ed
 1e-07 1 1 0
1  806 0 0 0.2
2  1611 351 0 0 0.2
2  1612 347 0 0 0.2
0

0101000
+1584 3 -1577 3 *
Ve
1e-07
-1.35 2.51 -0.0200000000000001
0 0

0101101
*
Ed
 1e-07 1 1 0
1  807 0 0 0.2
2  1613 351 0 0 0.2
2  1614 350 0 0 0.2
0

0101000
+1575 3 -1577 3 *
Ed
 1e-07 1 1 0
1  808 0 0 0.2
2  1615 351 0 0 0.2
2  1616 349 0 0 0.2
0

0101000
+1582 3 -1575 3 *
Wi

0101100
+1576 0 -1574 0 -1573 0 +1581 0 *
Fa
0  1e-07 351 0

0101000
-1572 0 *
Ed
 1e-07 1 1 0
1  809 0 0 0.2
2  1617 350 0 0 0.2
2  1618 347 0 0 0.2
0

0101000
+1577 3 -1594 3 *
Ed
 1e-07 1 1 0
1  810 0 0 0.2
2  1619 350 0 0 0.2
2  1620 349 0 0 0.2
0

0101000
+1575 3 -1589 3 *
Wi

0101100
+1570 0 -1587 0 -1569 0 +1574 0 *
Fa
0  1e-07 350 0

0101000
-1568 0 *
Wi

0101100
+1588 0 +1580 0 +1573 0 +1569 0 *
Fa
0  1e-07 349 0

0101000
-1566 0 *
Wi

0101100
-1592 0 -1570 0 -1576 0 -1583 0 *
Fa
0  1e-07 347 0

0101000
+1564 0 *
Sh

0101100
-1585 0 +1578 0 -1571 0 -1567 0 -1565 0 +1563 0 *
So

0100000
+1562 0 *
Ve
1e-07
-1.65 2.51 0.18
0 0

0101101
*
Ve
1e-07
-1.65 2.31 0.18
0 0

0101101
*
Ed
 1e-07 1 1 0
1  811 0 -0.2 0
2  1621 352 0 -0.2 0
2  1622 353 0 -0.2 0
0

0101000
+1560 3 -1559 3 *
Ve
1e-07
-1.65 2.31 -0.0200000000000001
0 0

0101101
*
Ed
 1e-07 1 1 0
1  812 0 0 0.2
2  1623 352 0 0 0.2
2  1624 354 0 0 0.2
4 G1 352 0 354 0
0

0101000
+1557 3 -1559 3 *
Ve
1e-07
-1.65 2.51 -0.0200000000000001
0 0

0101101
*
Ed
 1e-07 1 1 0
1  813 0 -0.2 0
2  1625 352 0 -0.2 0
2  1626 355 0 -0.2 0
0

0101000
+1555 3 -1557 3 *
Ed
 1e-07 1 1 0
1  814 0 0 0.2
2  1627 352 0 0 0.2
2  1628 356 0 0 0.2
0

0101000
+1555 3 -1560 3 *
Wi

0101100
+1558 0 -1556 0 -1554 0 +1553 0 *
Fa
0  1e-07 352 0

0101000
-1552 0 *
Ve
1e-07
-1.85 2.31 0.18
0 0

0101101
*
Ed
 1e-07 1 1 0
1  815 0 3.14159265358979 6.28318530717959
2  1629 354 0 3.14159265358979 6.28318530717959
2  1630 353 0 3.14159265358979 6.28318530717959
0

0101000
+1559 3 -1550 3 *
Ve
1e-07
-1.85 2.31 -0.0200000000000001
0 0

0101101
*
Ed
 1e-07 1 1 0
1  816 0 0 0.2
2  1631 354 0 0 0.2
2  1632 357 0 0 0.2
4 G1 354 0 357 0
0

0101000
+1548 3 -1550 3 *
Ed
 1e-07 1 1 0
1  817 0 3.14159265358979 6.28318530717959
2  1633 354 0 3.14159265358979 6.28318530717959
2  1634 355 0 3.14159265358979 6.28318530717959
0

0101000
+1557 3 -1548 3 *
Wi

0101100
+1549 0 -1547 0 -1546 0 +1556 0 *
Fa
0  1e-07 354 0

0101000
+1545 0 *
Ve
1e-07
-1.85 2.51 0.18
0 0

0101101
*
Ed
 1e-07 1 1 0
1  818 0 0 0.2
2  1635 357 0 0 0.2
2  1636 353 0 0 0.2
0

0101000
+1550 3 -1543 3 *
Ve
1e-07
-1.85 2.51 -0.0200000000000001
0 0

0101101
*
Ed
 1e-07 1 1 0
1  819 0 0 0.2
2  1637 357 0 0 0.2
2  1638 356 0 0 0.2
0

0101000
+1541 3 -1543 3 *
Ed
 1e-07 1 1 0
1  820 0 0 0.2
2  1639 357 0 0 0.2
2  1640 355 0 0 0.2
0

0101000
+1548 3 -1541 3 *
Wi

0101100
+1542 0 -1540 0 -1539 0 +1547 0 *
Fa
0  1e-07 357 0

0101000
-1538 0 *
Ed
 1e-07 1 1 0
1  821 0 0 0.2
2  1641 356 0 0 0.2
2  1642 353 0 0 0.2
0

0101000
+1543 3 -1560 3 *
Ed
 1e-07 1 1 0
1  822 0 0 0.2
2  1643 356 0 0 0.2
2  1644 355 0 0 0.2
0

0101000
+1541 3 -1555 3 *
Wi

0101100
+1536 0 -1553 0 -1535 0 +1540 0 *
Fa
0  1e-07 356 0

0101000
-1534 0 *
Wi

0101100
+1554 0 +1546 0 +1539 0 +1535 0 *
Fa
0  1e-07 355 0

0101000
-1532 0 *
Wi

0101100
-1558 0 -1536 0 -1542 0 -1549 0 *
Fa
0  1e-07 353 0

0101000
+1530 0 *
Sh

0101100
-1551 0 +1544 0 -1537 0 -1533 0 -1531 0 +1529 0 *
So

0100000
+1528 0 *
Ve
1e-07
1.59424308774564 -1.95720800020492 1
0 0

0101101
*
Ve
1e-07
1.59424308774564 -1.94561469943803 1
0 0

0101101
*
Ed
 1e-07 1 1 0
1  823 0 -0.0115933007668918 0
2  1645 358 0 -0.0115933007668918 0
2  1646 359 0 -0.0115933007668918 0
0

0101000
+1526 3 -1525 3 *
Ve
1e-07
1.59424308774564 -1.94561469943803 1.001
0 0

0101101
*
Ed
 1e-07 1 1 0
1  824 0 -0 0.00099999999999989
2  1647 358 0 -0 0.00099999999999989
2  1648 360 0 -0 0.00099999999999989
0

0101000
+1523 3 -1525 3 *
Ve
1e-07
1.59424308774564 -1.95720800020492 1.001
0 0

0101101
*
Ed
 1e-07 1 1 0
1  825 0 -0.0115933007668918 0
2  1649 358 0 -0.0115933007668918 0
2  1650 361 0 -0.0115933007668918 0
0

0101000
+1521 3 -1523 3 *
Ed
 1e-07 1 1 0
1  826 0 -0 0.00099999999999989
2  1651 358 0 -0 0.00099999999999989
2  1652 362 0 -0 0.00099999999999989
0

0101000
+1521 3 -1526 3 *
Wi

0101100
+1524 0 -1522 0 -1520 0 +1519 0 *
Fa
0  1e-07 358 0

0101000
-1518 0 *
Ve
1e-07
1.55374451690481 -1.94561469943803 1
0 0

0101101
*
Ed
 1e-07 1 1 0
1  827 0 -0.0404985708408307 -0
2  1653 360 0 -0.0404985708408307 -0
2  1654 359 0 -0.0404985708408307 -0
0

0101000
+1525 3 -1516 3 *
Ve
1e-07
1.55374451690481 -1.94561469943803 1.001
0 0

0101101
*
Ed
 1e-07 1 1 0
1  828 0 -0 0.00099999999999989
2  1655 360 0 -0 0.00099999999999989
2  1656 363 0 -0 0.00099999999999989
0

0101000
+1514 3 -1516 3 *
Ed
 1e-07 1 1 0
1  829 0 -0.0404985708408307 -0
2  1657 360 0 -0.0404985708408307 -0
2  1658 361 0 -0.0404985708408307 -0
0

0101000
+1523 3 -1514 3 *
Wi

0101100
+1515 0 -1513 0 -1512 0 +1522 0 *
Fa
0  1e-07 360 0

0101000
-1511 0 *
Ve
1e-07
1.55374451690481 -1.85551967598925 1
0 0

0101101
*
Ed
 1e-07 1 1 0
1  830 0 -0.0900950234487756 0
2  1659 363 0 -0.0900950234487756 0
2  1660 359 0 -0.0900950234487756 0
0

0101000
+1516 3 -1509 3 *
Ve
1e-07
1.55374451690481 -1.85551967598925 1.001
0 0

0101101
*
Ed
 1e-07 1 1 0
1  831 0 -0 0.00099999999999989
2  1661 363 0 -0 0.00099999999999989
2  1662 364 0 -0 0.00099999999999989
0

0101000
+1507 3 -1509 3 *
Ed
 1e-07 1 1 0
1  832 0 -0.0900950234487756 0
2  1663 363 0 -0.0900950234487756 0
2  1664 361 0 -0.0900950234487756 0
0

0101000
+1514 3 -1507 3 *
Wi

0101100
+1508 0 -1506 0 -1505 0 +1513 0 *
Fa
0  1e-07 363 0

0101000
-1504 0 *
Ve
1e-07
1.54061757321136 -1.85551967598925 1
0 0

0101101
*
Ed
 1e-07 1 1 0
1  833 0 -0.0131269436934467 -0
2  1665 364 0 -0.0131269436934467 -0
2  1666 359 0 -0.0131269436934467 -0
0

0101000
+1509 3 -1502 3 *
Ve
1e-07
1.54061757321136 -1.85551967598925 1.001
0 0

0101101
*
Ed
 1e-07 1 1 0
1  834 0 -0 0.00099999999999989
2  1667 364 0 -0 0.00099999999999989
2  1668 365 0 -0 0.00099999999999989
0

0101000
+1500 3 -1502 3 *
Ed
 1e-07 1 1 0
1  835 0 -0.0131269436934467 -0
2  1669 364 0 -0.0131269436934467 -0
2  1670 361 0 -0.0131269436934467 -0
0

0101000
+1507 3 -1500 3 *
Wi

0101100
+1501 0 -1499 0 -1498 0 +1506 0 *
Fa
0  1e-07 364 0

0101000
-1497 0 *
Ve
1e-07
1.54061757321136 -1.95720800020492 1
0 0

0101101
*
Ed
 1e-07 1 1 0
1  836 0 -0.101688324215667 -0
2  1671 365 0 -0.101688324215667 -0
2  1672 359 0 -0.101688324215667 -0
0

0101000
+1502 3 -1495 3 *
Ve
1e-07
1.54061757321136 -1.95720800020492 1.001
0 0

0101101
*
Ed
 1e-07 1 1 0
1  837 0 -0 0.00099999999999989
2  1673 365 0 -0 0.00099999999999989
2  1674 362 0 -0 0.00099999999999989
0

0101000
+1493 3 -1495 3 *
Ed
 1e-07 1 1 0
1  838 0 -0.101688324215667 -0
2  1675 365 0 -0.101688324215667 -0
2  1676 361 0 -0.101688324215667 -0
0

0101000
+1500 3 -1493 3 *
Wi

0101100
+1494 0 -1492 0 -1491 0 +1499 0 *
Fa
0  1e-07 365 0

0101000
-1490 0 *
Ed
 1e-07 1 1 0
1  839 0 -0.0536255145342774 0
2  1677 362 0 -0.0536255145342774 0
2  1678 359 0 -0.0536255145342774 0
0

0101000
+1495 3 -1526 3 *
Ed
 1e-07 1 1 0
1  840 0 -0.0536255145342774 0
2  1679 362 0 -0.0536255145342774 0
2  1680 361 0 -0.0536255145342774 0
0

0101000
+1493 3 -1521 3 *
Wi

0101100
+1488 0 -1519 0 -1487 0 +1492 0 *
Fa
0  1e-07 362 0

0101000
-1486 0 *
Wi

0101100
+1520 0 +1512 0 +1505 0 +1498 0 +1491 0 +1487 0 *
Fa
0  1e-07 361 0

0101000
-1484 0 *
Wi

0101100
-1524 0 -1488 0 -1494 0 -1501 0 -1508 0 -1515 0 *
Fa
0  1e-07 359 0

0101000
+1482 0 *
Sh

0101100
-1517 0 -1510 0 -1503 0 -1496 0 -1489 0 -1485 0 -1483 0 +1481 0 *
So

0100000
+1480 0 *
Ve
1e-07
1.64638694724877 -1.95892360076697 1.001
0 0

0101101
*
Ve
1e-07
1.64638694724877 -1.95892360076697 1
0 0

0101101
*
Ed
 1e-07 1 1 0
1  841 0 -0 0.00099999999999989
2  1681 366 0 -0 0.00099999999999989
2  1682 367 0 -0 0.00099999999999989
4 G1 366 0 367 0
0

0101000
+1478 3 -1477 3 *
Ve
1e-07
1.6745383928332 -1.95299698064378 1.001
0 0

0101101
*
Ed
 1e-07 1 1 0
1  842 0 0 1
2  1683 366 0 0 1
2  1684 368 0 0 1
0

0101000
+1478 3 -1475 3 *
Ve
1e-07
1.6745383928332 -1.95299698064378 1
0 0

0101101
*
Ed
 1e-07 1 1 0
1  843 0 -0 0.00099999999999989
2  1685 366 0 -0 0.00099999999999989
2  1686 369 0 -0 0.00099999999999989
0

0101000
+1475 3 -1473 3 *
Ed
 1e-07 1 1 0
1  844 0 0 1
2  1687 366 0 0 1
2  1688 370 0 0 1
0

0101000
+1477 3 -1473 3 *
Wi

0101100
-1476 0 +1474 0 +1472 0 -1471 0 *
Fa
0  1e-07 366 0

0101000
+1470 0 *
Ve
1e-07
1.6745383928332 -1.94041590985613 1
0 0

0101101
*
Ed
 1e-07 1 1 0
1  845 0 -0.0125810707876535 0
2  1689 369 0 -0.0125810707876535 0
2  1690 370 0 -0.0125810707876535 0
0

0101000
+1473 3 -1468 3 *
Ve
1e-07
1.6745383928332 -1.94041590985613 1.001
0 0

0101101
*
Ed
 1e-07 1 1 0
1  846 0 -0 0.00099999999999989
2  1691 369 0 -0 0.00099999999999989
2  1692 371 0 -0 0.00099999999999989
0

0101000
+1466 3 -1468 3 *
Ed
 1e-07 1 1 0
1  847 0 -0.0125810707876535 0
2  1693 369 0 -0.0125810707876535 0
2  1694 368 0 -0.0125810707876535 0
0

0101000
+1475 3 -1466 3 *
Wi

0101100
+1467 0 -1465 0 -1464 0 +1472 0 *
Fa
0  1e-07 369 0

0101000
-1463 0 *
Ve
1e-07
1.64828450544597 -1.94722632420856 1.001
0 0

0101101
*
Ed
 1e-07 1 1 0
1  848 0 12 13
2  1695 371 0 12 13
2  1696 368 0 12 13
0

0101000
+1466 3 -1461 3 *
Ve
1e-07
1.64828450544597 -1.94722632420856 1
0 0

0101101
*
Ed
 1e-07 1 1 0
1  849 0 -0 0.00099999999999989
2  1697 371 0 -0 0.00099999999999989
2  1698 372 0 -0 0.00099999999999989
4 G1 371 0 372 0
0

0101000
+1461 3 -1459 3 *
Ed
 1e-07 1 1 0
1  850 0 12 13
2  1699 371 0 12 13
2  1700 370 0 12 13
0

0101000
+1468 3 -1459 3 *
Wi

0101100
-1465 0 +1460 0 +1458 0 -1457 0 *
Fa
0  1e-07 371 0

0101000
+1456 0 *
Ve
1e-07
1.62216058779847 -1.93651681767022 1.001
0 0

0101101
*
Ed
 1e-07 1 1 0
1  851 0 11 12
2  1701 372 0 11 12
2  1702 368 0 11 12
0

0101000
+1461 3 -1454 3 *
Ve
1e-07
1.62216058779847 -1.93651681767022 1
0 0

0101101
*
Ed
 1e-07 1 1 0
1  852 0 -0 0.00099999999999989
2  1703 372 0 -0 0.00099999999999989
2  1704 373 0 -0 0.00099999999999989
4 G1 372 0 373 0
0

0101000
+1454 3 -1452 3 *
Ed
 1e-07 1 1 0
1  853 0 11 12
2  1705 372 0 11 12
2  1706 370 0 11 12
0

0101000
+1459 3 -1452 3 *
Wi

0101100
-1458 0 +1453 0 +1451 0 -1450 0 *
Fa
0  1e-07 372 0

0101000
+1449 0 *
Ve
1e-07
1.61217891180211 -1.90750757180477 1.001
0 0

0101101
*
Ed
 1e-07 1 1 0
1  854 0 10 11
2  1707 373 0 10 11
2  1708 368 0 10 11
0

0101000
+1454 3 -1447 3 *
Ve
1e-07
1.61217891180211 -1.90750757180477 1
0 0

0101101
*
Ed
 1e-07 1 1 0
1  855 0 -0 0.00099999999999989
2  1709 373 0 -0 0.00099999999999989
2  1710 374 0 -0 0.00099999999999989
4 G1 373 0 374 0
0

0101000
+1447 3 -1445 3 *
Ed
 1e-07 1 1 0
1  856 0 10 11
2  1711 373 0 10 11
2  1712 370 0 10 11
0

0101000
+1452 3 -1445 3 *
Wi

0101100
-1451 0 +1446 0 +1444 0 -1443 0 *
Fa
0  1e-07 373 0

0101000
+1442 0 *
Ve
1e-07
1.62286242439223 -1.87693868906523 1.001
0 0

0101101
*
Ed
 1e-07 1 1 0
1  857 0 9 10
2  1713 374 0 9 10
2  1714 368 0 9 10
0

0101000
+1447 3 -1440 3 *
Ve
1e-07
1.62286242439223 -1.87693868906523 1
0 0

0101101
*
Ed
 1e-07 1 1 0
1  858 0 -0 0.00099999999999989
2  1715 374 0 -0 0.00099999999999989
2  1716 375 0 -0 0.00099999999999989
4 G1 374 0 375 0
0

0101000
+1440 3 -1438 3 *
Ed
 1e-07 1 1 0
1  859 0 9 10
2  1717 374 0 9 10
2  1718 370 0 9 10
0

0101000
+1445 3 -1438 3 *
Wi

0101100
-1444 0 +1439 0 +1437 0 -1436 0 *
Fa
0  1e-07 374 0

0101000
+1435 0 *
Ve
1e-07
1.65057197286203 -1.86565731567357 1.001
0 0

0101101
*
Ed
 1e-07 1 1 0
1  860 0 8 9
2  1719 375 0 8 9
2  1720 368 0 8 9
0

0101000
+1440 3 -1433 3 *
Ve
1e-07
1.65057197286203 -1.86565731567357 1
0 0

0101101
*
Ed
 1e-07 1 1 0
1  861 0 -0 0.00099999999999989
2  1721 375 0 -0 0.00099999999999989
2  1722 376 0 -0 0.00099999999999989
4 G1 375 0 376 0
0

0101000
+1433 3 -1431 3 *
Ed
 1e-07 1 1 0
1  862 0 8 9
2  1723 375 0 8 9
2  1724 370 0 8 9
0

0101000
+1438 3 -1431 3 *
Wi

0101100
-1437 0 +1432 0 +1430 0 -1429 0 *
Fa
0  1e-07 375 0

0101000
+1428 0 *
Ve
1e-07
1.6745383928332 -1.87168791158758 1.001
0 0

0101101
*
Ed
 1e-07 1 1 0
1  863 0 7 8
2  1725 376 0 7 8
2  1726 368 0 7 8
0

0101000
+1433 3 -1426 3 *
Ve
1e-07
1.6745383928332 -1.87168791158758 1
0 0

0101101
*
Ed
 1e-07 1 1 0
1  864 0 -0 0.00099999999999989
2  1727 376 0 -0 0.00099999999999989
2  1728 377 0 -0 0.00099999999999989
0

0101000
+1426 3 -1424 3 *
Ed
 1e-07 1 1 0
1  865 0 7 8
2  1729 376 0 7 8
2  1730 370 0 7 8
0

0101000
+1431 3 -1424 3 *
Wi

0101100
-1430 0 +1425 0 +1423 0 -1422 0 *
Fa
0  1e-07 376 0

0101000
+1421 0 *
Ve
1e-07
1.6745383928332 -1.85796310709258 1
0 0

0101101
*
Ed
 1e-07 1 1 0
1  866 0 -0.013724804494992 0
2  1731 377 0 -0.013724804494992 0
2  1732 370 0 -0.013724804494992 0
0

0101000
+1424 3 -1419 3 *
Ve
1e-07
1.6745383928332 -1.85796310709258 1.001
0 0

0101101
*
Ed
 1e-07 1 1 0
1  867 0 -0 0.00099999999999989
2  1733 377 0 -0 0.00099999999999989
2  1734 378 0 -0 0.00099999999999989
0

0101000
+1417 3 -1419 3 *
Ed
 1e-07 1 1 0
1  868 0 -0.013724804494992 0
2  1735 377 0 -0.013724804494992 0
2  1736 368 0 -0.013724804494992 0
0

0101000
+1426 3 -1417 3 *
Wi

0101100
+1418 0 -1416 0 -1415 0 +1423 0 *
Fa
0  1e-07 377 0

0101000
-1414 0 *
Ve
1e-07
1.65044200312229 -1.8538040754272 1.001
0 0

0101101
*
Ed
 1e-07 1 1 0
1  869 0 5 6
2  1737 378 0 5 6
2  1738 368 0 5 6
0

0101000
+1417 3 -1412 3 *
Ve
1e-07
1.65044200312229 -1.8538040754272 1
0 0

0101101
*
Ed
 1e-07 1 1 0
1  870 0 -0 0.00099999999999989
2  1739 378 0 -0 0.00099999999999989
2  1740 379 0 -0 0.00099999999999989
4 G1 378 0 379 0
0

0101000
+1412 3 -1410 3 *
Ed
 1e-07 1 1 0
1  871 0 5 6
2  1741 378 0 5 6
2  1742 370 0 5 6
0

0101000
+1419 3 -1410 3 *
Wi

0101100
-1416 0 +1411 0 +1409 0 -1408 0 *
Fa
0  1e-07 378 0

0101000
+1407 0 *
Ve
1e-07
1.61308869997855 -1.86877658942243 1.001
0 0

0101101
*
Ed
 1e-07 1 1 0
1  872 0 4 5
2  1743 379 0 4 5
2  1744 368 0 4 5
0

0101000
+1412 3 -1405 3 *
Ve
1e-07
1.61308869997855 -1.86877658942243 1
0 0

0101101
*
Ed
 1e-07 1 1 0
1  873 0 -0 0.00099999999999989
2  1745 379 0 -0 0.00099999999999989
2  1746 380 0 -0 0.00099999999999989
4 C1 379 0 380 0
0

0101000
+1405 3 -1403 3 *
Ed
 1e-07 1 1 0
1  874 0 4 5
2  1747 379 0 4 5
2  1748 370 0 4 5
0

0101000
+1410 3 -1403 3 *
Wi

0101100
-1409 0 +1404 0 +1402 0 -1401 0 *
Fa
0  1e-07 379 0

0101000
+1400 0 *
Ve
1e-07
1.59840211941067 -1.9082873902425 1.001
0 0

0101101
*
Ed
 1e-07 1 1 0
1  875 0 3 4
2  1749 380 0 3 4
2  1750 368 0 3 4
0

0101000
+1405 3 -1398 3 *
Ve
1e-07
1.59840211941067 -1.9082873902425 1
0 0

0101101
*
Ed
 1e-07 1 1 0
1  876 0 -0 0.00099999999999989
2  1751 380 0 -0 0.00099999999999989
2  1752 381 0 -0 0.00099999999999989
4 G1 380 0 381 0
0

0101000
+1398 3 -1396 3 *
Ed
 1e-07 1 1 0
1  877 0 3 4
2  1753 380 0 3 4
2  1754 370 0 3 4
0

0101000
+1403 3 -1396 3 *
Wi

0101100
-1402 0 +1397 0 +1395 0 -1394 0 *
Fa
0  1e-07 380 0

0101000
+1393 0 *
Ve
1e-07
1.61145108126048 -1.94504283258401 1.001
0 0

0101101
*
Ed
 1e-07 1 1 0
1  878 0 2 3
2  1755 381 0 2 3
2  1756 368 0 2 3
0

0101000
+1398 3 -1391 3 *
Ve
1e-07
1.61145108126048 -1.94504283258401 1
0 0

0101101
*
Ed
 1e-07 1 1 0
1  879 0 -0 0.00099999999999989
2  1757 381 0 -0 0.00099999999999989
2  1758 367 0 -0 0.00099999999999989
4 C1 381 0 367 0
0

0101000
+1391 3 -1389 3 *
Ed
 1e-07 1 1 0
1  880 0 2 3
2  1759 381 0 2 3
2  1760 370 0 2 3
0

0101000
+1396 3 -1389 3 *
Wi

0101100
-1395 0 +1390 0 +1388 0 -1387 0 *
Fa
0  1e-07 381 0

0101000
+1386 0 *
Ed
 1e-07 1 1 0
1  881 0 1 2
2  1761 367 0 1 2
2  1762 368 0 1 2
0

0101000
+1391 3 -1478 3 *
Ed
 1e-07 1 1 0
1  882 0 1 2
2  1763 367 0 1 2
2  1764 370 0 1 2
0

0101000
+1389 3 -1477 3 *
Wi

0101100
-1388 0 +1384 0 +1476 0 -1383 0 *
Fa
0  1e-07 367 0

0101000
+1382 0 *
Wi

0101100
+1474 0 +1464 0 +1460 0 +1453 0 +1446 0 +1439 0 +1432 0 +1425 0 +1415 0 +1411 0 
+1404 0 +1397 0 +1390 0 +1384 0 *
Fa
0  1e-07 368 0

0101000
+1380 0 *
Wi

0101100
-1471 0 -1383 0 -1387 0 -1394 0 -1401 0 -1408 0 -1418 0 -1422 0 -1429 0 -1436 0 
-1443 0 -1450 0 -1457 0 -1467 0 *
Fa
0  1e-07 370 0

0101000
-1378 0 *
Sh

0101100
-1469 0 -1462 0 -1455 0 -1448 0 -1441 0 -1434 0 -1427 0 -1420 0 -1413 0 -1406 0 
-1399 0 -1392 0 -1385 0 -1381 0 +1379 0 -1377 0 *
So

0100000
+1376 0 *
Ve
1e-07
1.74958292044311 -1.95720800020492 1
0 0

0101101
*
Ve
1e-07
1.74958292044311 -1.94561469943803 1
0 0

0101101
*
Ed
 1e-07 1 1 0
1  883 0 -0.0115933007668918 0
2  1765 382 0 -0.0115933007668918 0
2  1766 383 0 -0.0115933007668918 0
0

0101000
+1374 3 -1373 3 *
Ve
1e-07
1.74958292044311 -1.94561469943803 1.001
0 0

0101101
*
Ed
 1e-07 1 1 0
1  884 0 -0 0.00099999999999989
2  1767 382 0 -0 0.00099999999999989
2  1768 384 0 -0 0.00099999999999989
0

0101000
+1371 3 -1373 3 *
Ve
1e-07
1.74958292044311 -1.95720800020492 1.001
0 0

0101101
*
Ed
 1e-07 1 1 0
1  885 0 -0.0115933007668918 0
2  1769 382 0 -0.0115933007668918 0
2  1770 385 0 -0.0115933007668918 0
0

0101000
+1369 3 -1371 3 *
Ed
 1e-07 1 1 0
1  886 0 -0 0.00099999999999989
2  1771 382 0 -0 0.00099999999999989
2  1772 386 0 -0 0.00099999999999989
0

0101000
+1369 3 -1374 3 *
Wi

0101100
+1372 0 -1370 0 -1368 0 +1367 0 *
Fa
0  1e-07 382 0

0101000
-1366 0 *
Ve
1e-07
1.70801859773858 -1.94561469943803 1
0 0

0101101
*
Ed
 1e-07 1 1 0
1  887 0 -0.0415643227045386 -0
2  1773 384 0 -0.0415643227045386 -0
2  1774 383 0 -0.0415643227045386 -0
0

0101000
+1373 3 -1364 3 *
Ve
1e-07
1.70801859773858 -1.94561469943803 1.001
0 0

0101101
*
Ed
 1e-07 1 1 0
1  888 0 -0 0.00099999999999989
2  1775 384 0 -0 0.00099999999999989
2  1776 387 0 -0 0.00099999999999989
0

0101000
+1362 3 -1364 3 *
Ed
 1e-07 1 1 0
1  889 0 -0.0415643227045386 -0
2  1777 384 0 -0.0415643227045386 -0
2  1778 385 0 -0.0415643227045386 -0
0

0101000
+1371 3 -1362 3 *
Wi

0101100
+1363 0 -1361 0 -1360 0 +1370 0 *
Fa
0  1e-07 384 0

0101000
-1359 0 *
Ve
1e-07
1.70801859773858 -1.91140666399137 1
0 0

0101101
*
Ed
 1e-07 1 1 0
1  890 0 -0.0342080354466598 0
2  1779 387 0 -0.0342080354466598 0
2  1780 383 0 -0.0342080354466598 0
0

0101000
+1364 3 -1357 3 *
Ve
1e-07
1.70801859773858 -1.91140666399137 1.001
0 0

0101101
*
Ed
 1e-07 1 1 0
1  891 0 -0 0.00099999999999989
2  1781 387 0 -0 0.00099999999999989
2  1782 388 0 -0 0.00099999999999989
0

0101000
+1355 3 -1357 3 *
Ed
 1e-07 1 1 0
1  892 0 -0.0342080354466598 0
2  1783 387 0 -0.0342080354466598 0
2  1784 385 0 -0.0342080354466598 0
0

0101000
+1362 3 -1355 3 *
Wi

0101100
+1356 0 -1354 0 -1353 0 +1361 0 *
Fa
0  1e-07 387 0

0101000
-1352 0 *
Ve
1e-07
1.74438413086156 -1.91140666399137 1
0 0

0101101
*
Ed
 1e-07 1 1 0
1  893 0 -0.0363655331229855 0
2  1785 388 0 -0.0363655331229855 0
2  1786 383 0 -0.0363655331229855 0
0

0101000
+1357 3 -1350 3 *
Ve
1e-07
1.74438413086156 -1.91140666399137 1.001
0 0

0101101
*
Ed
 1e-07 1 1 0
1  894 0 -0 0.00099999999999989
2  1787 388 0 -0 0.00099999999999989
2  1788 389 0 -0 0.00099999999999989
0

0101000
+1348 3 -1350 3 *
Ed
 1e-07 1 1 0
1  895 0 -0.0363655331229855 0
2  1789 388 0 -0.0363655331229855 0
2  1790 385 0 -0.0363655331229855 0
0

0101000
+1355 3 -1348 3 *
Wi

0101100
+1349 0 -1347 0 -1346 0 +1354 0 *
Fa
0  1e-07 388 0

0101000
-1345 0 *
Ve
1e-07
1.74438413086156 -1.89976137532872 1
0 0

0101101
*
Ed
 1e-07 1 1 0
1  896 0 -0.0116452886626484 0
2  1791 389 0 -0.0116452886626484 0
2  1792 383 0 -0.0116452886626484 0
0

0101000
+1350 3 -1343 3 *
Ve
1e-07
1.74438413086156 -1.89976137532872 1.001
0 0

0101101
*
Ed
 1e-07 1 1 0
1  897 0 -0 0.00099999999999989
2  1793 389 0 -0 0.00099999999999989
2  1794 390 0 -0 0.00099999999999989
0

0101000
+1341 3 -1343 3 *
Ed
 1e-07 1 1 0
1  898 0 -0.0116452886626484 0
2  1795 389 0 -0.0116452886626484 0
2  1796 385 0 -0.0116452886626484 0
0

0101000
+1348 3 -1341 3 *
Wi

0101100
+1342 0 -1340 0 -1339 0 +1347 0 *
Fa
0  1e-07 389 0

0101000
-1338 0 *
Ve
1e-07
1.70801859773858 -1.89976137532872 1
0 0

0101101
*
Ed
 1e-07 1 1 0
1  899 0 -0.0363655331229855 -0
2  1797 390 0 -0.0363655331229855 -0
2  1798 383 0 -0.0363655331229855 -0
0

0101000
+1343 3 -1336 3 *
Ve
1e-07
1.70801859773858 -1.89976137532872 1.001
0 0

0101101
*
Ed
 1e-07 1 1 0
1  900 0 -0 0.00099999999999989
2  1799 390 0 -0 0.00099999999999989
2  1800 391 0 -0 0.00099999999999989
0

0101000
+1334 3 -1336 3 *
Ed
 1e-07 1 1 0
1  901 0 -0.0363655331229855 -0
2  1801 390 0 -0.0363655331229855 -0
2  1802 385 0 -0.0363655331229855 -0
0

0101000
+1341 3 -1334 3 *
Wi

0101100
+1335 0 -1333 0 -1332 0 +1340 0 *
Fa
0  1e-07 390 0

0101000
-1331 0 *
Ve
1e-07
1.70801859773858 -1.86721695254766 1
0 0

0101101
*
Ed
 1e-07 1 1 0
1  902 0 -0.0325444227810621 0
2  1803 391 0 -0.0325444227810621 0
2  1804 383 0 -0.0325444227810621 0
0

0101000
+1336 3 -1329 3 *
Ve
1e-07
1.70801859773858 -1.86721695254766 1.001
0 0

0101101
*
Ed
 1e-07 1 1 0
1  903 0 -0 0.00099999999999989
2  1805 391 0 -0 0.00099999999999989
2  1806 392 0 -0 0.00099999999999989
0

0101000
+1327 3 -1329 3 *
Ed
 1e-07 1 1 0
1  904 0 -0.0325444227810621 0
2  1807 391 0 -0.0325444227810621 0
2  1808 385 0 -0.0325444227810621 0
0

0101000
+1334 3 -1327 3 *
Wi

0101100
+1328 0 -1326 0 -1325 0 +1333 0 *
Fa
0  1e-07 391 0

0101000
-1324 0 *
Ve
1e-07
1.74726945907952 -1.86721695254766 1
0 0

0101101
*
Ed
 1e-07 1 1 0
1  905 0 -0.0392508613409446 0
2  1809 392 0 -0.0392508613409446 0
2  1810 383 0 -0.0392508613409446 0
0

0101000
+1329 3 -1322 3 *
Ve
1e-07
1.74726945907952 -1.86721695254766 1.001
0 0

0101101
*
Ed
 1e-07 1 1 0
1  906 0 -0 0.00099999999999989
2  1811 392 0 -0 0.00099999999999989
2  1812 393 0 -0 0.00099999999999989
0

0101000
+1320 3 -1322 3 *
Ed
 1e-07 1 1 0
1  907 0 -0.0392508613409446 0
2  1813 392 0 -0.0392508613409446 0
2  1814 385 0 -0.0392508613409446 0
0

0101000
+1327 3 -1320 3 *
Wi

0101100
+1321 0 -1319 0 -1318 0 +1326 0 *
Fa
0  1e-07 392 0

0101000
-1317 0 *
Ve
1e-07
1.74726945907952 -1.85551967598925 1
0 0

0101101
*
Ed
 1e-07 1 1 0
1  908 0 -0.0116972765584054 0
2  1815 393 0 -0.0116972765584054 0
2  1816 383 0 -0.0116972765584054 0
0

0101000
+1322 3 -1315 3 *
Ve
1e-07
1.74726945907952 -1.85551967598925 1.001
0 0

0101101
*
Ed
 1e-07 1 1 0
1  909 0 -0 0.00099999999999989
2  1817 393 0 -0 0.00099999999999989
2  1818 394 0 -0 0.00099999999999989
0

0101000
+1313 3 -1315 3 *
Ed
 1e-07 1 1 0
1  910 0 -0.0116972765584054 0
2  1819 393 0 -0.0116972765584054 0
2  1820 385 0 -0.0116972765584054 0
0

0101000
+1320 3 -1313 3 *
Wi

0101100
+1314 0 -1312 0 -1311 0 +1319 0 *
Fa
0  1e-07 393 0

0101000
-1310 0 *
Ve
1e-07
1.69489165404513 -1.85551967598925 1
0 0

0101101
*
Ed
 1e-07 1 1 0
1  911 0 -0.052377805034387 -0
2  1821 394 0 -0.052377805034387 -0
2  1822 383 0 -0.052377805034387 -0
0

0101000
+1315 3 -1308 3 *
Ve
1e-07
1.69489165404513 -1.85551967598925 1.001
0 0

0101101
*
Ed
 1e-07 1 1 0
1  912 0 -0 0.00099999999999989
2  1823 394 0 -0 0.00099999999999989
2  1824 395 0 -0 0.00099999999999989
0

0101000
+1306 3 -1308 3 *
Ed
 1e-07 1 1 0
1  913 0 -0.052377805034387 -0
2  1825 394 0 -0.052377805034387 -0
2  1826 385 0 -0.052377805034387 -0
0

0101000
+1313 3 -1306 3 *
Wi

0101100
+1307 0 -1305 0 -1304 0 +1312 0 *
Fa
0  1e-07 394 0

0101000
-1303 0 *
Ve
1e-07
1.69489165404513 -1.95720800020492 1
0 0

0101101
*
Ed
 1e-07 1 1 0
1  914 0 -0.101688324215667 -0
2  1827 395 0 -0.101688324215667 -0
2  1828 383 0 -0.101688324215667 -0
0

0101000
+1308 3 -1301 3 *
Ve
1e-07
1.69489165404513 -1.95720800020492 1.001
0 0

0101101
*
Ed
 1e-07 1 1 0
1  915 0 -0 0.00099999999999989
2  1829 395 0 -0 0.00099999999999989
2  1830 386 0 -0 0.00099999999999989
0

0101000
+1299 3 -1301 3 *
Ed
 1e-07 1 1 0
1  916 0 -0.101688324215667 -0
2  1831 395 0 -0.101688324215667 -0
2  1832 385 0 -0.101688324215667 -0
0

0101000
+1306 3 -1299 3 *
Wi

0101100
+1300 0 -1298 0 -1297 0 +1305 0 *
Fa
0  1e-07 395 0

0101000
-1296 0 *
Ed
 1e-07 1 1 0
1  917 0 -0.0546912663979811 0
2  1833 386 0 -0.0546912663979811 0
2  1834 383 0 -0.0546912663979811 0
0

0101000
+1301 3 -1374 3 *
Ed
 1e-07 1 1 0
1  918 0 -0.0546912663979811 0
2  1835 386 0 -0.0546912663979811 0
2  1836 385 0 -0.0546912663979811 0
0

0101000
+1299 3 -1369 3 *
Wi

0101100
+1294 0 -1367 0 -1293 0 +1298 0 *
Fa
0  1e-07 386 0

0101000
-1292 0 *
Wi

0101100
+1368 0 +1360 0 +1353 0 +1346 0 +1339 0 +1332 0 +1325 0 +1318 0 +1311 0 +1304 0 
+1297 0 +1293 0 *
Fa
0  1e-07 385 0

0101000
-1290 0 *
Wi

0101100
-1372 0 -1294 0 -1300 0 -1307 0 -1314 0 -1321 0 -1328 0 -1335 0 -1342 0 -1349 0 
-1356 0 -1363 0 *
Fa
0  1e-07 383 0

0101000
+1288 0 *
Sh

0101100
-1365 0 -1358 0 -1351 0 -1344 0 -1337 0 -1330 0 -1323 0 -1316 0 -1309 0 -1302 0 
-1295 0 -1291 0 -1289 0 +1287 0 *
So

0100000
+1286 0 *
Ve
1e-07
1.76879244794736 -1.95720800020492 1.001
0 0

0101101
*
Ve
1e-07
1.7967619358963 -1.95720800020492 1.001
0 0

0101101
*
Ed
 1e-07 1 1 0
1  919 0 -0.0279694879489374 4.44089209850063e-16
2  1837 396 0 -0.0279694879489374 4.44089209850063e-16
2  1838 397 0 -0.0279694879489374 4.44089209850063e-16
0

0101000
+1284 3 -1283 3 *
Ve
1e-07
1.83624674276849 -1.94296331675167 1.001
0 0

0101101
*
Ed
 1e-07 1 1 0
1  920 0 5 6
2  1839 396 0 5 6
2  1840 398 0 5 6
0

0101000
+1283 3 -1281 3 *
Ve
1e-07
1.85158317203401 -1.90506414070144 1.001
0 0

0101101
*
Ed
 1e-07 1 1 0
1  921 0 4 5
2  1841 396 0 4 5
2  1842 399 0 4 5
0

0101000
+1281 3 -1279 3 *
Ve
1e-07
1.83624674276849 -1.86898454100546 1.001
0 0

0101101
*
Ed
 1e-07 1 1 0
1  922 0 3 4
2  1843 396 0 3 4
2  1844 400 0 3 4
0

0101000
+1279 3 -1277 3 *
Ve
1e-07
1.79780169381281 -1.85551967598925 1.001
0 0

0101101
*
Ed
 1e-07 1 1 0
1  923 0 2 3
2  1845 396 0 2 3
2  1846 401 0 2 3
0

0101000
+1277 3 -1275 3 *
Ve
1e-07
1.76879244794736 -1.85551967598925 1.001
0 0

0101101
*
Ed
 1e-07 1 1 0
1  924 0 -0.0290092458654538 -0
2  1847 396 0 -0.0290092458654538 -0
2  1848 402 0 -0.0290092458654538 -0
0

0101000
+1275 3 -1273 3 *
Ed
 1e-07 1 1 0
1  925 0 -0.101688324215667 -0
2  1849 396 0 -0.101688324215667 -0
2  1850 403 0 -0.101688324215667 -0
0

0101000
+1273 3 -1284 3 *
Wi

0101100
+1282 0 +1280 0 +1278 0 +1276 0 +1274 0 +1272 0 +1271 0 *
Ve
1e-07
1.78191939164115 -1.86721695254766 1.001
0 0

0101101
*
Ve
1e-07
1.78191939164115 -1.94561469943803 1.001
0 0

0101101
*
Ed
 1e-07 1 1 0
1  926 0 0 0.0783977468903703
2  1851 396 0 0 0.0783977468903703
2  1852 404 0 0 0.0783977468903703
0

0101000
+1269 3 -1268 3 *
Ve
1e-07
1.79728181485386 -1.86721695254766 1.001
0 0

0101101
*
Ed
 1e-07 1 1 0
1  927 0 0 0.0153624232127105
2  1853 396 0 0 0.0153624232127105
2  1854 405 0 0 0.0153624232127105
0

0101000
+1266 3 -1269 3 *
Ve
1e-07
1.82662898204243 -1.87678272537796 1.001
0 0

0101101
*
Ed
 1e-07 1 1 0
1  928 0 5 6
2  1855 396 0 5 6
2  1856 406 0 5 6
0

0101000
+1264 3 -1266 3 *
Ve
1e-07
1.83778038569539 -1.90542805597243 1.001
0 0

0101101
*
Ed
 1e-07 1 1 0
1  929 0 4 5
2  1857 396 0 4 5
2  1858 407 0 4 5
0

0101000
+1262 3 -1264 3 *
Ve
1e-07
1.82691491546978 -1.9350091686919 1.001
0 0

0101101
*
Ed
 1e-07 1 1 0
1  930 0 3 4
2  1859 396 0 3 4
2  1860 408 0 3 4
0

0101000
+1260 3 -1262 3 *
Ve
1e-07
1.79668395405266 -1.94561469943803 1.001
0 0

0101101
*
Ed
 1e-07 1 1 0
1  931 0 2 3
2  1861 396 0 2 3
2  1862 409 0 2 3
0

0101000
+1258 3 -1260 3 *
Ed
 1e-07 1 1 0
1  932 0 0 0.014764562411508
2  1863 396 0 0 0.014764562411508
2  1864 410 0 0 0.014764562411508
0

0101000
+1268 3 -1258 3 *
Wi

0101100
-1267 0 -1265 0 -1263 0 -1261 0 -1259 0 -1257 0 -1256 0 *
Fa
0  1e-07 396 0

0101000
+1270 0 +1255 0 *
Ve
1e-07
1.76879244794736 -1.95720800020492 1
0 0

0101101
*
Ve
1e-07
1.7967619358963 -1.95720800020492 1
0 0

0101101
*
Ed
 1e-07 1 1 0
1  933 0 -0.0279694879489374 4.44089209850063e-16
2  1865 411 0 -0.0279694879489374 4.44089209850063e-16
2  1866 397 0 -0.0279694879489374 4.44089209850063e-16
0

0101000
+1253 3 -1252 3 *
Ve
1e-07
1.76879244794736 -1.85551967598925 1
0 0

0101101
*
Ed
 1e-07 1 1 0
1  934 0 -0.101688324215667 -0
2  1867 411 0 -0.101688324215667 -0
2  1868 403 0 -0.101688324215667 -0
0

0101000
+1250 3 -1253 3 *
Ve
1e-07
1.79780169381281 -1.85551967598925 1
0 0

0101101
*
Ed
 1e-07 1 1 0
1  935 0 -0.0290092458654538 -0
2  1869 411 0 -0.0290092458654538 -0
2  1870 402 0 -0.0290092458654538 -0
0

0101000
+1248 3 -1250 3 *
Ve
1e-07
1.83624674276849 -1.86898454100546 1
0 0

0101101
*
Ed
 1e-07 1 1 0
1  936 0 2 3
2  1871 411 0 2 3
2  1872 401 0 2 3
0

0101000
+1246 3 -1248 3 *
Ve
1e-07
1.85158317203401 -1.90506414070144 1
0 0

0101101
*
Ed
 1e-07 1 1 0
1  937 0 3 4
2  1873 411 0 3 4
2  1874 400 0 3 4
0

0101000
+1244 3 -1246 3 *
Ve
1e-07
1.83624674276849 -1.94296331675167 1
0 0

0101101
*
Ed
 1e-07 1 1 0
1  938 0 4 5
2  1875 411 0 4 5
2  1876 399 0 4 5
0

0101000
+1242 3 -1244 3 *
Ed
 1e-07 1 1 0
1  939 0 5 6
2  1877 411 0 5 6
2  1878 398 0 5 6
0

0101000
+1252 3 -1242 3 *
Wi

0101100
-1251 0 -1249 0 -1247 0 -1245 0 -1243 0 -1241 0 -1240 0 *
Ve
1e-07
1.79728181485386 -1.86721695254766 1
0 0

0101101
*
Ve
1e-07
1.78191939164115 -1.86721695254766 1
0 0

0101101
*
Ed
 1e-07 1 1 0
1  940 0 0 0.0153624232127105
2  1879 411 0 0 0.0153624232127105
2  1880 405 0 0 0.0153624232127105
0

0101000
+1238 3 -1237 3 *
Ve
1e-07
1.78191939164115 -1.94561469943803 1
0 0

0101101
*
Ed
 1e-07 1 1 0
1  941 0 0 0.0783977468903703
2  1881 411 0 0 0.0783977468903703
2  1882 404 0 0 0.0783977468903703
0

0101000
+1237 3 -1235 3 *
Ve
1e-07
1.79668395405266 -1.94561469943803 1
0 0

0101101
*
Ed
 1e-07 1 1 0
1  942 0 0 0.014764562411508
2  1883 411 0 0 0.014764562411508
2  1884 410 0 0 0.014764562411508
0

0101000
+1235 3 -1233 3 *
Ve
1e-07
1.82691491546978 -1.9350091686919 1
0 0

0101101
*
Ed
 1e-07 1 1 0
1  943 0 2 3
2  1885 411 0 2 3
2  1886 409 0 2 3
0

0101000
+1233 3 -1231 3 *
Ve
1e-07
1.83778038569539 -1.90542805597243 1
0 0

0101101
*
Ed
 1e-07 1 1 0
1  944 0 3 4
2  1887 411 0 3 4
2  1888 408 0 3 4
0

0101000
+1231 3 -1229 3 *
Ve
1e-07
1.82662898204243 -1.87678272537796 1
0 0

0101101
*
Ed
 1e-07 1 1 0
1  945 0 4 5
2  1889 411 0 4 5
2  1890 407 0 4 5
0

0101000
+1229 3 -1227 3 *
Ed
 1e-07 1 1 0
1  946 0 5 6
2  1891 411 0 5 6
2  1892 406 0 5 6
0

0101000
+1227 3 -1238 3 *
Wi

0101100
+1236 0 +1234 0 +1232 0 +1230 0 +1228 0 +1226 0 +1225 0 *
Fa
0  1e-07 411 0

0101000
-1239 0 -1224 0 *
Ed
 1e-07 1 1 0
1  947 0 -0 0.00099999999999989
2  1893 397 0 -0 0.00099999999999989
2  1894 398 0 -0 0.00099999999999989
4 G1 397 0 398 0
0

0101000
+1283 3 -1252 3 *
Ed
 1e-07 1 1 0
1  948 0 -0 0.00099999999999989
2  1895 397 0 -0 0.00099999999999989
2  1896 403 0 -0 0.00099999999999989
0

0101000
+1284 3 -1253 3 *
Wi

0101100
+1251 0 -1222 0 -1282 0 +1221 0 *
Fa
0  1e-07 397 0

0101000
-1220 0 *
Ed
 1e-07 1 1 0
1  949 0 -0 0.00099999999999989
2  1897 398 0 -0 0.00099999999999989
2  1898 399 0 -0 0.00099999999999989
4 C1 398 0 399 0
0

0101000
+1281 3 -1242 3 *
Wi

0101100
-1222 0 +1280 0 +1218 0 -1240 0 *
Fa
0  1e-07 398 0

0101000
+1217 0 *
Ed
 1e-07 1 1 0
1  950 0 -0 0.00099999999999989
2  1899 399 0 -0 0.00099999999999989
2  1900 400 0 -0 0.00099999999999989
4 G1 399 0 400 0
0

0101000
+1279 3 -1244 3 *
Wi

0101100
-1218 0 +1278 0 +1215 0 -1241 0 *
Fa
0  1e-07 399 0

0101000
+1214 0 *
Ed
 1e-07 1 1 0
1  951 0 -0 0.00099999999999989
2  1901 400 0 -0 0.00099999999999989
2  1902 401 0 -0 0.00099999999999989
4 C1 400 0 401 0
0

0101000
+1277 3 -1246 3 *
Wi

0101100
-1215 0 +1276 0 +1212 0 -1243 0 *
Fa
0  1e-07 400 0

0101000
+1211 0 *
Ed
 1e-07 1 1 0
1  952 0 -0 0.00099999999999989
2  1903 401 0 -0 0.00099999999999989
2  1904 402 0 -0 0.00099999999999989
4 G1 401 0 402 0
0

0101000
+1275 3 -1248 3 *
Wi

0101100
-1212 0 +1274 0 +1209 0 -1245 0 *
Fa
0  1e-07 401 0

0101000
+1208 0 *
Ed
 1e-07 1 1 0
1  953 0 -0 0.00099999999999989
2  1905 402 0 -0 0.00099999999999989
2  1906 403 0 -0 0.00099999999999989
0

0101000
+1273 3 -1250 3 *
Wi

0101100
+1247 0 -1206 0 -1272 0 +1209 0 *
Fa
0  1e-07 402 0

0101000
-1205 0 *
Wi

0101100
+1249 0 -1221 0 -1271 0 +1206 0 *
Fa
0  1e-07 403 0

0101000
-1203 0 *
Ed
 1e-07 1 1 0
1  954 0 -0 0.00099999999999989
2  1907 405 0 -0 0.00099999999999989
2  1908 406 0 -0 0.00099999999999989
4 G1 405 0 406 0
0

0101000
+1266 3 -1238 3 *
Ed
 1e-07 1 1 0
1  955 0 -0 0.00099999999999989
2  1909 405 0 -0 0.00099999999999989
2  1910 404 0 -0 0.00099999999999989
0

0101000
+1269 3 -1237 3 *
Wi

0101100
-1236 0 -1201 0 +1265 0 +1200 0 *
Fa
0  1e-07 405 0

0101000
+1199 0 *
Ed
 1e-07 1 1 0
1  956 0 -0 0.00099999999999989
2  1911 404 0 -0 0.00099999999999989
2  1912 410 0 -0 0.00099999999999989
0

0101000
+1268 3 -1235 3 *
Wi

0101100
-1234 0 -1200 0 +1267 0 +1197 0 *
Fa
0  1e-07 404 0

0101000
+1196 0 *
Ed
 1e-07 1 1 0
1  957 0 -0 0.00099999999999989
2  1913 410 0 -0 0.00099999999999989
2  1914 409 0 -0 0.00099999999999989
4 G1 410 0 409 0
0

0101000
+1258 3 -1233 3 *
Wi

0101100
-1232 0 -1197 0 +1256 0 +1194 0 *
Fa
0  1e-07 410 0

0101000
+1193 0 *
Ed
 1e-07 1 1 0
1  958 0 -0 0.00099999999999989
2  1915 409 0 -0 0.00099999999999989
2  1916 408 0 -0 0.00099999999999989
4 G1 409 0 408 0
0

0101000
+1260 3 -1231 3 *
Wi

0101100
-1230 0 -1194 0 +1257 0 +1191 0 *
Fa
0  1e-07 409 0

0101000
+1190 0 *
Ed
 1e-07 1 1 0
1  959 0 -0 0.00099999999999989
2  1917 408 0 -0 0.00099999999999989
2  1918 407 0 -0 0.00099999999999989
4 C1 408 0 407 0
0

0101000
+1262 3 -1229 3 *
Wi

0101100
-1228 0 -1191 0 +1259 0 +1188 0 *
Fa
0  1e-07 408 0

0101000
+1187 0 *
Ed
 1e-07 1 1 0
1  960 0 -0 0.00099999999999989
2  1919 407 0 -0 0.00099999999999989
2  1920 406 0 -0 0.00099999999999989
4 C1 407 0 406 0
0

0101000
+1264 3 -1227 3 *
Wi

0101100
-1226 0 -1188 0 +1261 0 +1185 0 *
Fa
0  1e-07 407 0

0101000
+1184 0 *
Wi

0101100
-1225 0 -1185 0 +1263 0 +1201 0 *
Fa
0  1e-07 406 0

0101000
+1182 0 *
Sh

0101100
+1254 0 -1223 0 -1219 0 -1216 0 -1213 0 -1210 0 -1207 0 -1204 0 -1202 0 +1198 0 
+1195 0 +1192 0 +1189 0 +1186 0 +1183 0 +1181 0 *
So

0100000
+1180 0 *
Ve
1e-07
1.94872255536613 -1.95720800020492 1.001
0 0

0101101
*
Ve
1e-07
1.9099915729831 -1.85551967598925 1.001
0 0

0101101
*
Ed
 1e-07 1 1 0
1  961 0 -0.108814540747756 0
2  1921 412 0 -0.108814540747756 0
2  1922 413 0 -0.108814540747756 0
0

0101000
+1178 3 -1177 3 *
Ve
1e-07
1.89595484111287 -1.85551967598925 1.001
0 0

0101101
*
Ed
 1e-07 1 1 0
1  962 0 -0.0140367318702252 -0
2  1923 412 0 -0.0140367318702252 -0
2  1924 414 0 -0.0140367318702252 -0
0

0101000
+1177 3 -1175 3 *
Ve
1e-07
1.85722385873054 -1.95720800020492 1.001
0 0

0101101
*
Ed
 1e-07 1 1 0
1  963 0 -0.108814540747509 -0
2  1925 412 0 -0.108814540747509 -0
2  1926 415 0 -0.108814540747509 -0
0

0101000
+1175 3 -1173 3 *
Ve
1e-07
1.87172848166257 -1.95720800020492 1.001
0 0

0101101
*
Ed
 1e-07 1 1 0
1  964 0 -0.0145046229320336 0
2  1927 412 0 -0.0145046229320336 0
2  1928 416 0 -0.0145046229320336 0
0

0101000
+1173 3 -1171 3 *
Ve
1e-07
1.8815022060759 -1.92939447594325 1.001
0 0

0101101
*
Ed
 1e-07 1 1 0
1  965 0 -0.0294808042760381 0
2  1929 412 0 -0.0294808042760381 0
2  1930 417 0 -0.0294808042760381 0
0

0101000
+1171 3 -1169 3 *
Ve
1e-07
1.92384634721817 -1.92939447594325 1.001
0 0

0101101
*
Ed
 1e-07 1 1 0
1  966 0 -0.0423441411422696 0
2  1931 412 0 -0.0423441411422696 0
2  1932 418 0 -0.0423441411422696 0
0

0101000
+1169 3 -1167 3 *
Ve
1e-07
1.9342179324334 -1.95720800020492 1.001
0 0

0101101
*
Ed
 1e-07 1 1 0
1  967 0 -0.0296843715064168 0
2  1933 412 0 -0.0296843715064168 0
2  1934 419 0 -0.0296843715064168 0
0

0101000
+1167 3 -1165 3 *
Ed
 1e-07 1 1 0
1  968 0 -0.0145046229327264 0
2  1935 412 0 -0.0145046229327264 0
2  1936 420 0 -0.0145046229327264 0
0

0101000
+1165 3 -1178 3 *
Wi

0101100
+1176 0 +1174 0 +1172 0 +1170 0 +1168 0 +1166 0 +1164 0 +1163 0 *
Ve
1e-07
1.88566123774128 -1.91790515096787 1.001
0 0

0101101
*
Ve
1e-07
1.91979129134431 -1.91790515096787 1.001
0 0

0101101
*
Ed
 1e-07 1 1 0
1  969 0 0 0.0341300536030242
2  1937 412 0 0 0.0341300536030242
2  1938 421 0 0 0.0341300536030242
0

0101000
+1161 3 -1160 3 *
Ve
1e-07
1.90086769726742 -1.87563899166993 1.001
0 0

0101101
*
Ed
 1e-07 1 1 0
1  970 0 1.33763834089673e-16 0.0449184219793965
2  1939 412 0 1.33763834089673e-16 0.0449184219793965
2  1940 422 0 1.33763834089673e-16 0.0449184219793965
0

0101000
+1158 3 -1161 3 *
Ve
1e-07
1.90253130993371 -1.86851664994296 1.001
0 0

0101101
*
Ed
 1e-07 1 1 0
1  971 0 3 4
2  1941 412 0 3 4
2  1942 423 0 3 4
0

0101000
+1156 3 -1158 3 *
Ve
1e-07
1.90284323730825 -1.86851664994296 1.001
0 0

0101101
*
Ed
 1e-07 1 1 0
1  972 0 -4.44089209850063e-16 0.000311927374539334
2  1943 412 0 -4.44089209850063e-16 0.000311927374539334
2  1944 424 0 -4.44089209850063e-16 0.000311927374539334
0

0101000
+1154 3 -1156 3 *
Ve
1e-07
1.9044288681309 -1.87563899166993 1.001
0 0

0101101
*
Ed
 1e-07 1 1 0
1  973 0 1 2
2  1945 412 0 1 2
2  1946 425 0 1 2
0

0101000
+1152 3 -1154 3 *
Ed
 1e-07 1 1 0
1  974 0 0 0.04497146060322
2  1947 412 0 0 0.04497146060322
2  1948 426 0 0 0.04497146060322
0

0101000
+1160 3 -1152 3 *
Wi

0101100
-1159 0 -1157 0 -1155 0 -1153 0 -1151 0 -1150 0 *
Fa
0  1e-07 412 0

0101000
-1162 0 -1149 0 *
Ve
1e-07
1.94872255536613 -1.95720800020492 1
0 0

0101101
*
Ve
1e-07
1.9099915729831 -1.85551967598925 1
0 0

0101101
*
Ed
 1e-07 1 1 0
1  975 0 -0.108814540747756 0
2  1949 427 0 -0.108814540747756 0
2  1950 413 0 -0.108814540747756 0
0

0101000
+1147 3 -1146 3 *
Ve
1e-07
1.9342179324334 -1.95720800020492 1
0 0

0101101
*
Ed
 1e-07 1 1 0
1  976 0 -0.0145046229327264 0
2  1951 427 0 -0.0145046229327264 0
2  1952 420 0 -0.0145046229327264 0
0

0101000
+1144 3 -1147 3 *
Ve
1e-07
1.92384634721817 -1.92939447594325 1
0 0

0101101
*
Ed
 1e-07 1 1 0
1  977 0 -0.0296843715064168 0
2  1953 427 0 -0.0296843715064168 0
2  1954 419 0 -0.0296843715064168 0
0

0101000
+1142 3 -1144 3 *
Ve
1e-07
1.8815022060759 -1.92939447594325 1
0 0

0101101
*
Ed
 1e-07 1 1 0
1  978 0 -0.0423441411422696 0
2  1955 427 0 -0.0423441411422696 0
2  1956 418 0 -0.0423441411422696 0
0

0101000
+1140 3 -1142 3 *
Ve
1e-07
1.87172848166257 -1.95720800020492 1
0 0

0101101
*
Ed
 1e-07 1 1 0
1  979 0 -0.0294808042760381 0
2  1957 427 0 -0.0294808042760381 0
2  1958 417 0 -0.0294808042760381 0
0

0101000
+1138 3 -1140 3 *
Ve
1e-07
1.85722385873054 -1.95720800020492 1
0 0

0101101
*
Ed
 1e-07 1 1 0
1  980 0 -0.0145046229320336 0
2  1959 427 0 -0.0145046229320336 0
2  1960 416 0 -0.0145046229320336 0
0

0101000
+1136 3 -1138 3 *
Ve
1e-07
1.89595484111287 -1.85551967598925 1
0 0

0101101
*
Ed
 1e-07 1 1 0
1  981 0 -0.108814540747509 -0
2  1961 427 0 -0.108814540747509 -0
2  1962 415 0 -0.108814540747509 -0
0

0101000
+1134 3 -1136 3 *
Ed
 1e-07 1 1 0
1  982 0 -0.0140367318702252 -0
2  1963 427 0 -0.0140367318702252 -0
2  1964 414 0 -0.0140367318702252 -0
0

0101000
+1146 3 -1134 3 *
Wi

0101100
-1145 0 -1143 0 -1141 0 -1139 0 -1137 0 -1135 0 -1133 0 -1132 0 *
Ve
1e-07
1.90086769726742 -1.87563899166993 1
0 0

0101101
*
Ve
1e-07
1.88566123774128 -1.91790515096787 1
0 0

0101101
*
Ed
 1e-07 1 1 0
1  983 0 -1.33763834089673e-16 0.0449184219793961
2  1965 427 0 -1.33763834089673e-16 0.0449184219793961
2  1966 422 0 -1.33763834089673e-16 0.0449184219793961
0

0101000
+1130 3 -1129 3 *
Ve
1e-07
1.91979129134431 -1.91790515096787 1
0 0

0101101
*
Ed
 1e-07 1 1 0
1  984 0 4.44089209850063e-16 0.0341300536030242
2  1967 427 0 4.44089209850063e-16 0.0341300536030242
2  1968 421 0 4.44089209850063e-16 0.0341300536030242
0

0101000
+1129 3 -1127 3 *
Ve
1e-07
1.9044288681309 -1.87563899166993 1
0 0

0101101
*
Ed
 1e-07 1 1 0
1  985 0 0 0.04497146060322
2  1969 427 0 0 0.04497146060322
2  1970 426 0 0 0.04497146060322
0

0101000
+1127 3 -1125 3 *
Ve
1e-07
1.90284323730825 -1.86851664994296 1
0 0

0101101
*
Ed
 1e-07 1 1 0
1  986 0 1 2
2  1971 427 0 1 2
2  1972 425 0 1 2
0

0101000
+1125 3 -1123 3 *
Ve
1e-07
1.90253130993371 -1.86851664994296 1
0 0

0101101
*
Ed
 1e-07 1 1 0
1  987 0 -4.44089209850063e-16 0.000311927374539334
2  1973 427 0 -4.44089209850063e-16 0.000311927374539334
2  1974 424 0 -4.44089209850063e-16 0.000311927374539334
0

0101000
+1123 3 -1121 3 *
Ed
 1e-07 1 1 0
1  988 0 3 4
2  1975 427 0 3 4
2  1976 423 0 3 4
0

0101000
+1121 3 -1130 3 *
Wi

0101100
+1128 0 +1126 0 +1124 0 +1122 0 +1120 0 +1119 0 *
Fa
0  1e-07 427 0

0101000
+1131 0 +1118 0 *
Ed
 1e-07 1 1 0
1  989 0 -0 0.00099999999999989
2  1977 413 0 -0 0.00099999999999989
2  1978 414 0 -0 0.00099999999999989
0

0101000
+1177 3 -1146 3 *
Ed
 1e-07 1 1 0
1  990 0 -0 0.00099999999999989
2  1979 413 0 -0 0.00099999999999989
2  1980 420 0 -0 0.00099999999999989
0

0101000
+1178 3 -1147 3 *
Wi

0101100
+1145 0 -1116 0 -1176 0 +1115 0 *
Fa
0  1e-07 413 0

0101000
-1114 0 *
Ed
 1e-07 1 1 0
1  991 0 -0 0.00099999999999989
2  1981 414 0 -0 0.00099999999999989
2  1982 415 0 -0 0.00099999999999989
0

0101000
+1175 3 -1134 3 *
Wi

0101100
+1132 0 -1112 0 -1174 0 +1116 0 *
Fa
0  1e-07 414 0

0101000
-1111 0 *
Ed
 1e-07 1 1 0
1  992 0 -0 0.00099999999999989
2  1983 415 0 -0 0.00099999999999989
2  1984 416 0 -0 0.00099999999999989
0

0101000
+1173 3 -1136 3 *
Wi

0101100
+1133 0 -1109 0 -1172 0 +1112 0 *
Fa
0  1e-07 415 0

0101000
-1108 0 *
Ed
 1e-07 1 1 0
1  993 0 -0 0.00099999999999989
2  1985 416 0 -0 0.00099999999999989
2  1986 417 0 -0 0.00099999999999989
0

0101000
+1171 3 -1138 3 *
Wi

0101100
+1135 0 -1106 0 -1170 0 +1109 0 *
Fa
0  1e-07 416 0

0101000
-1105 0 *
Ed
 1e-07 1 1 0
1  994 0 -0 0.00099999999999989
2  1987 417 0 -0 0.00099999999999989
2  1988 418 0 -0 0.00099999999999989
0

0101000
+1169 3 -1140 3 *
Wi

0101100
+1137 0 -1103 0 -1168 0 +1106 0 *
Fa
0  1e-07 417 0

0101000
-1102 0 *
Ed
 1e-07 1 1 0
1  995 0 -0 0.00099999999999989
2  1989 418 0 -0 0.00099999999999989
2  1990 419 0 -0 0.00099999999999989
0

0101000
+1167 3 -1142 3 *
Wi

0101100
+1139 0 -1100 0 -1166 0 +1103 0 *
Fa
0  1e-07 418 0

0101000
-1099 0 *
Ed
 1e-07 1 1 0
1  996 0 -0 0.00099999999999989
2  1991 419 0 -0 0.00099999999999989
2  1992 420 0 -0 0.00099999999999989
0

0101000
+1165 3 -1144 3 *
Wi

0101100
+1141 0 -1097 0 -1164 0 +1100 0 *
Fa
0  1e-07 419 0

0101000
-1096 0 *
Wi

0101100
+1143 0 -1115 0 -1163 0 +1097 0 *
Fa
0  1e-07 420 0

0101000
-1094 0 *
Ed
 1e-07 1 1 0
1  997 0 -0 0.00100000000000033
2  1993 421 0 -0 0.00100000000000033
2  1994 422 0 -0 0.00100000000000033
0

0101000
+1161 3 -1129 3 *
Ed
 1e-07 1 1 0
1  998 0 -0 0.00099999999999989
2  1995 421 0 -0 0.00099999999999989
2  1996 426 0 -0 0.00099999999999989
0

0101000
+1160 3 -1127 3 *
Wi

0101100
-1126 0 -1092 0 +1159 0 +1091 0 *
Fa
0  1e-07 421 0

0101000
+1090 0 *
Ed
 1e-07 1 1 0
1  999 0 -0 0.00099999999999989
2  1997 426 0 -0 0.00099999999999989
2  1998 425 0 -0 0.00099999999999989
0

0101000
+1152 3 -1125 3 *
Wi

0101100
-1124 0 -1091 0 +1150 0 +1088 0 *
Fa
0  1e-07 426 0

0101000
+1087 0 *
Ed
 1e-07 1 1 0
1  1000 0 -0 0.00099999999999989
2  1999 425 0 -0 0.00099999999999989
2  2000 424 0 -0 0.00099999999999989
0

0101000
+1154 3 -1123 3 *
Wi

0101100
-1122 0 -1088 0 +1151 0 +1085 0 *
Fa
0  1e-07 425 0

0101000
+1084 0 *
Ed
 1e-07 1 1 0
1  1001 0 -0 0.00099999999999989
2  2001 424 0 -0 0.00099999999999989
2  2002 423 0 -0 0.00099999999999989
0

0101000
+1156 3 -1121 3 *
Wi

0101100
-1120 0 -1085 0 +1153 0 +1082 0 *
Fa
0  1e-07 424 0

0101000
+1081 0 *
Ed
 1e-07 1 1 0
1  1002 0 6.66133814775094e-16 0.00099999999999989
2  2003 423 0 6.66133814775094e-16 0.00099999999999989
2  2004 422 0 6.66133814775094e-16 0.00099999999999989
0

0101000
+1158 3 -1130 3 *
Wi

0101100
-1119 0 -1082 0 +1155 0 +1079 0 *
Fa
0  1e-07 423 0

0101000
+1078 0 *
Wi

0101100
-1128 0 -1079 0 +1157 0 +1092 0 *
Fa
0  1e-07 422 0

0101000
+1076 0 *
Sh

0101100
-1148 0 +1117 0 -1113 0 -1110 0 -1107 0 -1104 0 -1101 0 -1098 0 -1095 0 -1093 0 
+1089 0 +1086 0 +1083 0 +1080 0 +1077 0 +1075 0 *
So

0100000
+1074 0 *
Ve
1e-07
1.59530883960969 -2.11852644092133 1
0 0

0101101
*
Ve
1e-07
1.59530883960969 -2.10693314015444 1
0 0

0101101
*
Ed
 1e-07 1 1 0
1  1003 0 -0.011593300766894 0
2  2005 428 0 -0.011593300766894 0
2  2006 429 0 -0.011593300766894 0
0

0101000
+1072 3 -1071 3 *
Ve
1e-07
1.59530883960969 -2.10693314015444 1.001
0 0

0101101
*
Ed
 1e-07 1 1 0
1  1004 0 -0 0.00099999999999989
2  2007 428 0 -0 0.00099999999999989
2  2008 430 0 -0 0.00099999999999989
0

0101000
+1069 3 -1071 3 *
Ve
1e-07
1.59530883960969 -2.11852644092133 1.001
0 0

0101101
*
Ed
 1e-07 1 1 0
1  1005 0 -0.011593300766894 0
2  2009 428 0 -0.011593300766894 0
2  2010 431 0 -0.011593300766894 0
0

0101000
+1067 3 -1069 3 *
Ed
 1e-07 1 1 0
1  1006 0 -0 0.00099999999999989
2  2011 428 0 -0 0.00099999999999989
2  2012 432 0 -0 0.00099999999999989
0

0101000
+1067 3 -1072 3 *
Wi

0101100
+1070 0 -1068 0 -1066 0 +1065 0 *
Fa
0  1e-07 428 0

0101000
-1064 0 *
Ve
1e-07
1.55374451690481 -2.10693314015444 1
0 0

0101101
*
Ed
 1e-07 1 1 0
1  1007 0 -0.0415643227048816 -0
2  2013 430 0 -0.0415643227048816 -0
2  2014 429 0 -0.0415643227048816 -0
0

0101000
+1071 3 -1062 3 *
Ve
1e-07
1.55374451690481 -2.10693314015444 1.001
0 0

0101101
*
Ed
 1e-07 1 1 0
1  1008 0 -0 0.00099999999999989
2  2015 430 0 -0 0.00099999999999989
2  2016 433 0 -0 0.00099999999999989
0

0101000
+1060 3 -1062 3 *
Ed
 1e-07 1 1 0
1  1009 0 -0.0415643227048816 -0
2  2017 430 0 -0.0415643227048816 -0
2  2018 431 0 -0.0415643227048816 -0
0

0101000
+1069 3 -1060 3 *
Wi

0101100
+1061 0 -1059 0 -1058 0 +1068 0 *
Fa
0  1e-07 430 0

0101000
-1057 0 *
Ve
1e-07
1.55374451690481 -2.07272510470778 1
0 0

0101101
*
Ed
 1e-07 1 1 0
1  1010 0 -0.0342080354466563 0
2  2019 433 0 -0.0342080354466563 0
2  2020 429 0 -0.0342080354466563 0
0

0101000
+1062 3 -1055 3 *
Ve
1e-07
1.55374451690481 -2.07272510470778 1.001
0 0

0101101
*
Ed
 1e-07 1 1 0
1  1011 0 -0 0.00099999999999989
2  2021 433 0 -0 0.00099999999999989
2  2022 434 0 -0 0.00099999999999989
0

0101000
+1053 3 -1055 3 *
Ed
 1e-07 1 1 0
1  1012 0 -0.0342080354466563 0
2  2023 433 0 -0.0342080354466563 0
2  2024 431 0 -0.0342080354466563 0
0

0101000
+1060 3 -1053 3 *
Wi

0101100
+1054 0 -1052 0 -1051 0 +1059 0 *
Fa
0  1e-07 433 0

0101000
-1050 0 *
Ve
1e-07
1.59011005002813 -2.07272510470778 1
0 0

0101101
*
Ed
 1e-07 1 1 0
1  1013 0 -0.0363655331233284 0
2  2025 434 0 -0.0363655331233284 0
2  2026 429 0 -0.0363655331233284 0
0

0101000
+1055 3 -1048 3 *
Ve
1e-07
1.59011005002813 -2.07272510470778 1.001
0 0

0101101
*
Ed
 1e-07 1 1 0
1  1014 0 -0 0.00099999999999989
2  2027 434 0 -0 0.00099999999999989
2  2028 435 0 -0 0.00099999999999989
0

0101000
+1046 3 -1048 3 *
Ed
 1e-07 1 1 0
1  1015 0 -0.0363655331233284 0
2  2029 434 0 -0.0363655331233284 0
2  2030 431 0 -0.0363655331233284 0
0

0101000
+1053 3 -1046 3 *
Wi

0101100
+1047 0 -1045 0 -1044 0 +1052 0 *
Fa
0  1e-07 434 0

0101000
-1043 0 *
Ve
1e-07
1.59011005002813 -2.06107981604514 1
0 0

0101101
*
Ed
 1e-07 1 1 0
1  1016 0 -0.0116452886626486 0
2  2031 435 0 -0.0116452886626486 0
2  2032 429 0 -0.0116452886626486 0
0

0101000
+1048 3 -1041 3 *
Ve
1e-07
1.59011005002813 -2.06107981604514 1.001
0 0

0101101
*
Ed
 1e-07 1 1 0
1  1017 0 -0 0.00099999999999989
2  2033 435 0 -0 0.00099999999999989
2  2034 436 0 -0 0.00099999999999989
0

0101000
+1039 3 -1041 3 *
Ed
 1e-07 1 1 0
1  1018 0 -0.0116452886626486 0
2  2035 435 0 -0.0116452886626486 0
2  2036 431 0 -0.0116452886626486 0
0

0101000
+1046 3 -1039 3 *
Wi

0101100
+1040 0 -1038 0 -1037 0 +1045 0 *
Fa
0  1e-07 435 0

0101000
-1036 0 *
Ve
1e-07
1.55374451690481 -2.06107981604514 1
0 0

0101101
*
Ed
 1e-07 1 1 0
1  1019 0 -0.0363655331233284 -0
2  2037 436 0 -0.0363655331233284 -0
2  2038 429 0 -0.0363655331233284 -0
0

0101000
+1041 3 -1034 3 *
Ve
1e-07
1.55374451690481 -2.06107981604514 1.001
0 0

0101101
*
Ed
 1e-07 1 1 0
1  1020 0 -0 0.00099999999999989
2  2039 436 0 -0 0.00099999999999989
2  2040 437 0 -0 0.00099999999999989
0

0101000
+1032 3 -1034 3 *
Ed
 1e-07 1 1 0
1  1021 0 -0.0363655331233284 -0
2  2041 436 0 -0.0363655331233284 -0
2  2042 431 0 -0.0363655331233284 -0
0

0101000
+1039 3 -1032 3 *
Wi

0101100
+1033 0 -1031 0 -1030 0 +1038 0 *
Fa
0  1e-07 436 0

0101000
-1029 0 *
Ve
1e-07
1.55374451690481 -2.02853539326407 1
0 0

0101101
*
Ed
 1e-07 1 1 0
1  1022 0 -0.0325444227810636 0
2  2043 437 0 -0.0325444227810636 0
2  2044 429 0 -0.0325444227810636 0
0

0101000
+1034 3 -1027 3 *
Ve
1e-07
1.55374451690481 -2.02853539326407 1.001
0 0

0101101
*
Ed
 1e-07 1 1 0
1  1023 0 -0 0.00099999999999989
2  2045 437 0 -0 0.00099999999999989
2  2046 438 0 -0 0.00099999999999989
0

0101000
+1025 3 -1027 3 *
Ed
 1e-07 1 1 0
1  1024 0 -0.0325444227810636 0
2  2047 437 0 -0.0325444227810636 0
2  2048 431 0 -0.0325444227810636 0
0

0101000
+1032 3 -1025 3 *
Wi

0101100
+1026 0 -1024 0 -1023 0 +1031 0 *
Fa
0  1e-07 437 0

0101000
-1022 0 *
Ve
1e-07
1.59299537824575 -2.02853539326407 1
0 0

0101101
*
Ed
 1e-07 1 1 0
1  1025 0 -0.039250861340941 0
2  2049 438 0 -0.039250861340941 0
2  2050 429 0 -0.039250861340941 0
0

0101000
+1027 3 -1020 3 *
Ve
1e-07
1.59299537824575 -2.02853539326407 1.001
0 0

0101101
*
Ed
 1e-07 1 1 0
1  1026 0 -0 0.00099999999999989
2  2051 438 0 -0 0.00099999999999989
2  2052 439 0 -0 0.00099999999999989
0

0101000
+1018 3 -1020 3 *
Ed
 1e-07 1 1 0
1  1027 0 -0.039250861340941 0
2  2053 438 0 -0.039250861340941 0
2  2054 431 0 -0.039250861340941 0
0

0101000
+1025 3 -1018 3 *
Wi

0101100
+1019 0 -1017 0 -1016 0 +1024 0 *
Fa
0  1e-07 438 0

0101000
-1015 0 *
Ve
1e-07
1.59299537824575 -2.01683811670567 1
0 0

0101101
*
Ed
 1e-07 1 1 0
1  1028 0 -0.0116972765584045 0
2  2055 439 0 -0.0116972765584045 0
2  2056 429 0 -0.0116972765584045 0
0

0101000
+1020 3 -1013 3 *
Ve
1e-07
1.59299537824575 -2.01683811670567 1.001
0 0

0101101
*
Ed
 1e-07 1 1 0
1  1029 0 -0 0.00099999999999989
2  2057 439 0 -0 0.00099999999999989
2  2058 440 0 -0 0.00099999999999989
0

0101000
+1011 3 -1013 3 *
Ed
 1e-07 1 1 0
1  1030 0 -0.0116972765584045 0
2  2059 439 0 -0.0116972765584045 0
2  2060 431 0 -0.0116972765584045 0
0

0101000
+1018 3 -1011 3 *
Wi

0101100
+1012 0 -1010 0 -1009 0 +1017 0 *
Fa
0  1e-07 439 0

0101000
-1008 0 *
Ve
1e-07
1.54061757321136 -2.01683811670567 1
0 0

0101101
*
Ed
 1e-07 1 1 0
1  1031 0 -0.0523778050343877 -0
2  2061 440 0 -0.0523778050343877 -0
2  2062 429 0 -0.0523778050343877 -0
0

0101000
+1013 3 -1006 3 *
Ve
1e-07
1.54061757321136 -2.01683811670567 1.001
0 0

0101101
*
Ed
 1e-07 1 1 0
1  1032 0 -0 0.00099999999999989
2  2063 440 0 -0 0.00099999999999989
2  2064 441 0 -0 0.00099999999999989
0

0101000
+1004 3 -1006 3 *
Ed
 1e-07 1 1 0
1  1033 0 -0.0523778050343877 -0
2  2065 440 0 -0.0523778050343877 -0
2  2066 431 0 -0.0523778050343877 -0
0

0101000
+1011 3 -1004 3 *
Wi

0101100
+1005 0 -1003 0 -1002 0 +1010 0 *
Fa
0  1e-07 440 0

0101000
-1001 0 *
Ve
1e-07
1.54061757321136 -2.11852644092133 1
0 0

0101101
*
Ed
 1e-07 1 1 0
1  1034 0 -0.101688324215667 -0
2  2067 441 0 -0.101688324215667 -0
2  2068 429 0 -0.101688324215667 -0
0

0101000
+1006 3 -999 3 *
Ve
1e-07
1.54061757321136 -2.11852644092133 1.001
0 0

0101101
*
Ed
 1e-07 1 1 0
1  1035 0 -0 0.00099999999999989
2  2069 441 0 -0 0.00099999999999989
2  2070 432 0 -0 0.00099999999999989
0

0101000
+997 3 -999 3 *
Ed
 1e-07 1 1 0
1  1036 0 -0.101688324215667 -0
2  2071 441 0 -0.101688324215667 -0
2  2072 431 0 -0.101688324215667 -0
0

0101000
+1004 3 -997 3 *
Wi

0101100
+998 0 -996 0 -995 0 +1003 0 *
Fa
0  1e-07 441 0

0101000
-994 0 *
Ed
 1e-07 1 1 0
1  1037 0 -0.0546912663983283 0
2  2073 432 0 -0.0546912663983283 0
2  2074 429 0 -0.0546912663983283 0
0

0101000
+999 3 -1072 3 *
Ed
 1e-07 1 1 0
1  1038 0 -0.0546912663983283 0
2  2075 432 0 -0.0546912663983283 0
2  2076 431 0 -0.0546912663983283 0
0

0101000
+997 3 -1067 3 *
Wi

0101100
+992 0 -1065 0 -991 0 +996 0 *
Fa
0  1e-07 432 0

0101000
-990 0 *
Wi

0101100
+1066 0 +1058 0 +1051 0 +1044 0 +1037 0 +1030 0 +1023 0 +1016 0 +1009 0 +1002 0 
+995 0 +991 0 *
Fa
0  1e-07 431 0

0101000
-988 0 *
Wi

0101100
-1070 0 -992 0 -998 0 -1005 0 -1012 0 -1019 0 -1026 0 -1033 0 -1040 0 -1047 0 
-1054 0 -1061 0 *
Fa
0  1e-07 429 0

0101000
+986 0 *
Sh

0101100
-1063 0 -1056 0 -1049 0 -1042 0 -1035 0 -1028 0 -1021 0 -1014 0 -1007 0 -1000 0 
-993 0 -989 0 -987 0 +985 0 *
So

0100000
+984 0 *
Ve
1e-07
1.63960252684491 -2.04423573780059 1.001
0 0

0101101
*
Ve
1e-07
1.61459634895722 -2.05099416425657 1.001
0 0

0101101
*
Ed
 1e-07 1 1 0
1  1039 0 0 1
2  2077 442 0 0 1
2  2078 443 0 0 1
0

0101000
+982 3 -981 3 *
Ve
1e-07
1.61459634895722 -2.0633672834612 1.001
0 0

0101101
*
Ed
 1e-07 1 1 0
1  1040 0 -0.012373119204629 -0
2  2079 442 0 -0.012373119204629 -0
2  2080 444 0 -0.012373119204629 -0
0

0101000
+981 3 -979 3 *
Ve
1e-07
1.63840680524113 -2.05458132906793 1.001
0 0

0101101
*
Ed
 1e-07 1 1 0
1  1041 0 12 13
2  2081 442 0 12 13
2  2082 445 0 12 13
0

0101000
+979 3 -977 3 *
Ve
1e-07
1.65311937975688 -2.07236118943679 1.001
0 0

0101101
*
Ed
 1e-07 1 1 0
1  1042 0 11 12
2  2083 442 0 11 12
2  2084 446 0 11 12
0

0101000
+977 3 -975 3 *
Ve
1e-07
1.63159639088904 -2.07537648739414 1.001
0 0

0101101
*
Ed
 1e-07 1 1 0
1  1043 0 -0.021733179049021 -0
2  2085 442 0 -0.021733179049021 -0
2  2086 447 0 -0.021733179049021 -0
0

0101000
+975 3 -973 3 *
Ve
1e-07
1.60750000117847 -2.09908296788619 1.001
0 0

0101101
*
Ed
 1e-07 1 1 0
1  1044 0 9 10
2  2087 442 0 9 10
2  2088 448 0 9 10
0

0101000
+973 3 -971 3 *
Ve
1e-07
1.61373854867654 -2.11452337294392 1.001
0 0

0101101
*
Ed
 1e-07 1 1 0
1  1045 0 8 9
2  2089 442 0 8 9
2  2090 449 0 8 9
0

0101000
+971 3 -969 3 *
Ve
1e-07
1.63053063902499 -2.12024204148338 1.001
0 0

0101101
*
Ed
 1e-07 1 1 0
1  1046 0 7 8
2  2091 442 0 7 8
2  2092 450 0 7 8
0

0101000
+969 3 -967 3 *
Ve
1e-07
1.65278145843411 -2.10729705542543 1.001
0 0

0101101
*
Ed
 1e-07 1 1 0
1  1047 0 6 7
2  2093 442 0 6 7
2  2094 451 0 6 7
0

0101000
+967 3 -965 3 *
Ve
1e-07
1.65311937975688 -2.10729705542543 1.001
0 0

0101101
*
Ed
 1e-07 1 1 0
1  1048 0 -0.000337921322763446 0
2  2095 442 0 -0.000337921322763446 0
2  2096 452 0 -0.000337921322763446 0
0

0101000
+965 3 -963 3 *
Ve
1e-07
1.65311937975688 -2.11852644092133 1.001
0 0

0101101
*
Ed
 1e-07 1 1 0
1  1049 0 -0.011229385495902 -0
2  2097 442 0 -0.011229385495902 -0
2  2098 453 0 -0.011229385495902 -0
0

0101000
+963 3 -961 3 *
Ve
1e-07
1.6658564142318 -2.11852644092133 1.001
0 0

0101101
*
Ed
 1e-07 1 1 0
1  1050 0 -0.0127370344749242 0
2  2099 442 0 -0.0127370344749242 0
2  2100 454 0 -0.0127370344749242 0
0

0101000
+961 3 -959 3 *
Ve
1e-07
1.6658564142318 -2.07178932258347 1.001
0 0

0101101
*
Ed
 1e-07 1 1 0
1  1051 0 -0.0467371183378638 0
2  2101 442 0 -0.0467371183378638 0
2  2102 455 0 -0.0467371183378638 0
0

0101000
+959 3 -957 3 *
Ed
 1e-07 1 1 0
1  1052 0 1 2
2  2103 442 0 1 2
2  2104 456 0 1 2
0

0101000
+957 3 -982 3 *
Wi

0101100
+980 0 +978 0 +976 0 +974 0 +972 0 +970 0 +968 0 +966 0 +964 0 +962 0 
+960 0 +958 0 +956 0 +955 0 *
Ve
1e-07
1.62379820651689 -2.08884135241104 1.001
0 0

0101101
*
Ve
1e-07
1.62041899328889 -2.09804320997036 1.001
0 0

0101101
*
Ed
 1e-07 1 1 0
1  1053 0 1 2
2  2105 442 0 1 2
2  2106 457 0 1 2
0

0101000
+953 3 -952 3 *
Ve
1e-07
1.63611933782506 -2.08437039337043 1.001
0 0

0101101
*
Ed
 1e-07 1 1 0
1  1054 0 0 1
2  2107 442 0 0 1
2  2108 458 0 0 1
0

0101000
+950 3 -953 3 *
Ve
1e-07
1.65311937975688 -2.08208292595437 1.001
0 0

0101101
*
Ed
 1e-07 1 1 0
1  1055 0 0 0.0171532484638646
2  2109 442 0 0 0.0171532484638646
2  2110 459 0 0 0.0171532484638646
0

0101000
+948 3 -950 3 *
Ve
1e-07
1.65311937975688 -2.08904930399407 1.001
0 0

0101101
*
Ed
 1e-07 1 1 0
1  1056 0 0 0.00696637803969891
2  2111 442 0 0 0.00696637803969891
2  2112 460 0 0 0.00696637803969891
0

0101000
+946 3 -948 3 *
Ve
1e-07
1.6476606506962 -2.10386585430134 1.001
0 0

0101101
*
Ed
 1e-07 1 1 0
1  1057 0 5 6
2  2113 442 0 5 6
2  2114 461 0 5 6
0

0101000
+944 3 -946 3 *
Ve
1e-07
1.63383187040935 -2.10979247442452 1.001
0 0

0101101
*
Ed
 1e-07 1 1 0
1  1058 0 4 5
2  2115 442 0 4 5
2  2116 462 0 4 5
0

0101000
+942 3 -944 3 *
Ve
1e-07
1.62411013389177 -2.10651723698839 1.001
0 0

0101101
*
Ed
 1e-07 1 1 0
1  1059 0 3 4
2  2117 442 0 3 4
2  2118 463 0 3 4
0

0101000
+940 3 -942 3 *
Ed
 1e-07 1 1 0
1  1060 0 2 3
2  2119 442 0 2 3
2  2120 464 0 2 3
0

0101000
+952 3 -940 3 *
Wi

0101100
-951 0 -949 0 -947 0 -945 0 -943 0 -941 0 -939 0 -938 0 *
Fa
0  1e-07 442 0

0101000
+954 0 +937 0 *
Ve
1e-07
1.63960252684491 -2.04423573780059 1
0 0

0101101
*
Ve
1e-07
1.61459634895722 -2.05099416425657 1
0 0

0101101
*
Ed
 1e-07 1 1 0
1  1061 0 0 1
2  2121 465 0 0 1
2  2122 443 0 0 1
0

0101000
+935 3 -934 3 *
Ve
1e-07
1.6658564142318 -2.07178932258347 1
0 0

0101101
*
Ed
 1e-07 1 1 0
1  1062 0 1 2
2  2123 465 0 1 2
2  2124 456 0 1 2
0

0101000
+932 3 -935 3 *
Ve
1e-07
1.6658564142318 -2.11852644092133 1
0 0

0101101
*
Ed
 1e-07 1 1 0
1  1063 0 -0.0467371183378638 0
2  2125 465 0 -0.0467371183378638 0
2  2126 455 0 -0.0467371183378638 0
0

0101000
+930 3 -932 3 *
Ve
1e-07
1.65311937975688 -2.11852644092133 1
0 0

0101101
*
Ed
 1e-07 1 1 0
1  1064 0 -0.0127370344749242 0
2  2127 465 0 -0.0127370344749242 0
2  2128 454 0 -0.0127370344749242 0
0

0101000
+928 3 -930 3 *
Ve
1e-07
1.65311937975688 -2.10729705542543 1
0 0

0101101
*
Ed
 1e-07 1 1 0
1  1065 0 -0.011229385495902 -0
2  2129 465 0 -0.011229385495902 -0
2  2130 453 0 -0.011229385495902 -0
0

0101000
+926 3 -928 3 *
Ve
1e-07
1.65278145843411 -2.10729705542543 1
0 0

0101101
*
Ed
 1e-07 1 1 0
1  1066 0 -0.000337921322763446 0
2  2131 465 0 -0.000337921322763446 0
2  2132 452 0 -0.000337921322763446 0
0

0101000
+924 3 -926 3 *
Ve
1e-07
1.63053063902499 -2.12024204148338 1
0 0

0101101
*
Ed
 1e-07 1 1 0
1  1067 0 6 7
2  2133 465 0 6 7
2  2134 451 0 6 7
0

0101000
+922 3 -924 3 *
Ve
1e-07
1.61373854867654 -2.11452337294392 1
0 0

0101101
*
Ed
 1e-07 1 1 0
1  1068 0 7 8
2  2135 465 0 7 8
2  2136 450 0 7 8
0

0101000
+920 3 -922 3 *
Ve
1e-07
1.60750000117847 -2.09908296788619 1
0 0

0101101
*
Ed
 1e-07 1 1 0
1  1069 0 8 9
2  2137 465 0 8 9
2  2138 449 0 8 9
0

0101000
+918 3 -920 3 *
Ve
1e-07
1.63159639088904 -2.07537648739414 1
0 0

0101101
*
Ed
 1e-07 1 1 0
1  1070 0 9 10
2  2139 465 0 9 10
2  2140 448 0 9 10
0

0101000
+916 3 -918 3 *
Ve
1e-07
1.65311937975688 -2.07236118943679 1
0 0

0101101
*
Ed
 1e-07 1 1 0
1  1071 0 -0.021733179049021 -0
2  2141 465 0 -0.021733179049021 -0
2  2142 447 0 -0.021733179049021 -0
0

0101000
+914 3 -916 3 *
Ve
1e-07
1.63840680524113 -2.05458132906793 1
0 0

0101101
*
Ed
 1e-07 1 1 0
1  1072 0 11 12
2  2143 465 0 11 12
2  2144 446 0 11 12
0

0101000
+912 3 -914 3 *
Ve
1e-07
1.61459634895722 -2.0633672834612 1
0 0

0101101
*
Ed
 1e-07 1 1 0
1  1073 0 12 13
2  2145 465 0 12 13
2  2146 445 0 12 13
0

0101000
+910 3 -912 3 *
Ed
 1e-07 1 1 0
1  1074 0 -0.012373119204629 -0
2  2147 465 0 -0.012373119204629 -0
2  2148 444 0 -0.012373119204629 -0
0

0101000
+934 3 -910 3 *
Wi

0101100
-933 0 -931 0 -929 0 -927 0 -925 0 -923 0 -921 0 -919 0 -917 0 -915 0 
-913 0 -911 0 -909 0 -908 0 *
Ve
1e-07
1.63611933782506 -2.08437039337043 1
0 0

0101101
*
Ve
1e-07
1.62379820651689 -2.08884135241104 1
0 0

0101101
*
Ed
 1e-07 1 1 0
1  1075 0 0 1
2  2149 465 0 0 1
2  2150 458 0 0 1
0

0101000
+906 3 -905 3 *
Ve
1e-07
1.62041899328889 -2.09804320997036 1
0 0

0101101
*
Ed
 1e-07 1 1 0
1  1076 0 1 2
2  2151 465 0 1 2
2  2152 457 0 1 2
0

0101000
+905 3 -903 3 *
Ve
1e-07
1.62411013389177 -2.10651723698839 1
0 0

0101101
*
Ed
 1e-07 1 1 0
1  1077 0 2 3
2  2153 465 0 2 3
2  2154 464 0 2 3
0

0101000
+903 3 -901 3 *
Ve
1e-07
1.63383187040935 -2.10979247442452 1
0 0

0101101
*
Ed
 1e-07 1 1 0
1  1078 0 3 4
2  2155 465 0 3 4
2  2156 463 0 3 4
0

0101000
+901 3 -899 3 *
Ve
1e-07
1.6476606506962 -2.10386585430134 1
0 0

0101101
*
Ed
 1e-07 1 1 0
1  1079 0 4 5
2  2157 465 0 4 5
2  2158 462 0 4 5
0

0101000
+899 3 -897 3 *
Ve
1e-07
1.65311937975688 -2.08904930399407 1
0 0

0101101
*
Ed
 1e-07 1 1 0
1  1080 0 5 6
2  2159 465 0 5 6
2  2160 461 0 5 6
0

0101000
+897 3 -895 3 *
Ve
1e-07
1.65311937975688 -2.08208292595437 1
0 0

0101101
*
Ed
 1e-07 1 1 0
1  1081 0 0 0.00696637803969891
2  2161 465 0 0 0.00696637803969891
2  2162 460 0 0 0.00696637803969891
0

0101000
+895 3 -893 3 *
Ed
 1e-07 1 1 0
1  1082 0 0 0.0171532484638646
2  2163 465 0 0 0.0171532484638646
2  2164 459 0 0 0.0171532484638646
0

0101000
+893 3 -906 3 *
Wi

0101100
+904 0 +902 0 +900 0 +898 0 +896 0 +894 0 +892 0 +891 0 *
Fa
0  1e-07 465 0

0101000
-907 0 -890 0 *
Ed
 1e-07 1 1 0
1  1083 0 -0 0.00099999999999989
2  2165 443 0 -0 0.00099999999999989
2  2166 456 0 -0 0.00099999999999989
4 G1 443 0 456 0
0

0101000
+982 3 -935 3 *
Ed
 1e-07 1 1 0
1  1084 0 -0 0.00099999999999989
2  2167 443 0 -0 0.00099999999999989
2  2168 444 0 -0 0.00099999999999989
0

0101000
+981 3 -934 3 *
Wi

0101100
-888 0 +980 0 +887 0 -933 0 *
Fa
0  1e-07 443 0

0101000
+886 0 *
Ed
 1e-07 1 1 0
1  1085 0 -0 0.00099999999999989
2  2169 444 0 -0 0.00099999999999989
2  2170 445 0 -0 0.00099999999999989
0

0101000
+979 3 -910 3 *
Wi

0101100
+908 0 -884 0 -978 0 +887 0 *
Fa
0  1e-07 444 0

0101000
-883 0 *
Ed
 1e-07 1 1 0
1  1086 0 -0 0.00099999999999989
2  2171 445 0 -0 0.00099999999999989
2  2172 446 0 -0 0.00099999999999989
4 G1 445 0 446 0
0

0101000
+977 3 -912 3 *
Wi

0101100
-884 0 +976 0 +881 0 -909 0 *
Fa
0  1e-07 445 0

0101000
+880 0 *
Ed
 1e-07 1 1 0
1  1087 0 -0 0.00099999999999989
2  2173 446 0 -0 0.00099999999999989
2  2174 447 0 -0 0.00099999999999989
0

0101000
+975 3 -914 3 *
Wi

0101100
-881 0 +974 0 +878 0 -911 0 *
Fa
0  1e-07 446 0

0101000
+877 0 *
Ed
 1e-07 1 1 0
1  1088 0 -0 0.00099999999999989
2  2175 447 0 -0 0.00099999999999989
2  2176 448 0 -0 0.00099999999999989
4 G1 447 0 448 0
0

0101000
+973 3 -916 3 *
Wi

0101100
+913 0 -875 0 -972 0 +878 0 *
Fa
0  1e-07 447 0

0101000
-874 0 *
Ed
 1e-07 1 1 0
1  1089 0 -0 0.00099999999999989
2  2177 448 0 -0 0.00099999999999989
2  2178 449 0 -0 0.00099999999999989
4 G1 448 0 449 0
0

0101000
+971 3 -918 3 *
Wi

0101100
-875 0 +970 0 +872 0 -915 0 *
Fa
0  1e-07 448 0

0101000
+871 0 *
Ed
 1e-07 1 1 0
1  1090 0 -0 0.00099999999999989
2  2179 449 0 -0 0.00099999999999989
2  2180 450 0 -0 0.00099999999999989
4 C1 449 0 450 0
0

0101000
+969 3 -920 3 *
Wi

0101100
-872 0 +968 0 +869 0 -917 0 *
Fa
0  1e-07 449 0

0101000
+868 0 *
Ed
 1e-07 1 1 0
1  1091 0 -0 0.00099999999999989
2  2181 450 0 -0 0.00099999999999989
2  2182 451 0 -0 0.00099999999999989
4 G1 450 0 451 0
0

0101000
+967 3 -922 3 *
Wi

0101100
-869 0 +966 0 +866 0 -919 0 *
Fa
0  1e-07 450 0

0101000
+865 0 *
Ed
 1e-07 1 1 0
1  1092 0 -0 0.00099999999999989
2  2183 451 0 -0 0.00099999999999989
2  2184 452 0 -0 0.00099999999999989
0

0101000
+965 3 -924 3 *
Wi

0101100
-866 0 +964 0 +863 0 -921 0 *
Fa
0  1e-07 451 0

0101000
+862 0 *
Ed
 1e-07 1 1 0
1  1093 0 -0 0.00099999999999989
2  2185 452 0 -0 0.00099999999999989
2  2186 453 0 -0 0.00099999999999989
0

0101000
+963 3 -926 3 *
Wi

0101100
+923 0 -860 0 -962 0 +863 0 *
Fa
0  1e-07 452 0

0101000
-859 0 *
Ed
 1e-07 1 1 0
1  1094 0 -0 0.00099999999999989
2  2187 453 0 -0 0.00099999999999989
2  2188 454 0 -0 0.00099999999999989
0

0101000
+961 3 -928 3 *
Wi

0101100
+925 0 -857 0 -960 0 +860 0 *
Fa
0  1e-07 453 0

0101000
-856 0 *
Ed
 1e-07 1 1 0
1  1095 0 -0 0.00099999999999989
2  2189 454 0 -0 0.00099999999999989
2  2190 455 0 -0 0.00099999999999989
0

0101000
+959 3 -930 3 *
Wi

0101100
+927 0 -854 0 -958 0 +857 0 *
Fa
0  1e-07 454 0

0101000
-853 0 *
Ed
 1e-07 1 1 0
1  1096 0 -0 0.00099999999999989
2  2191 455 0 -0 0.00099999999999989
2  2192 456 0 -0 0.00099999999999989
4 G1 455 0 456 0
0

0101000
+957 3 -932 3 *
Wi

0101100
+929 0 -851 0 -956 0 +854 0 *
Fa
0  1e-07 455 0

0101000
-850 0 *
Wi

0101100
-851 0 +955 0 +888 0 -931 0 *
Fa
0  1e-07 456 0

0101000
+848 0 *
Ed
 1e-07 1 1 0
1  1097 0 -0 0.000999999999999668
2  2193 458 0 -0 0.000999999999999668
2  2194 459 0 -0 0.000999999999999668
4 G1 458 0 459 0
0

0101000
+950 3 -906 3 *
Ed
 1e-07 1 1 0
1  1098 0 -0 0.00099999999999989
2  2195 458 0 -0 0.00099999999999989
2  2196 457 0 -0 0.00099999999999989
4 G1 458 0 457 0
0

0101000
+953 3 -905 3 *
Wi

0101100
-904 0 -846 0 +949 0 +845 0 *
Fa
0  1e-07 458 0

0101000
+844 0 *
Ed
 1e-07 1 1 0
1  1099 0 -0 0.00099999999999989
2  2197 457 0 -0 0.00099999999999989
2  2198 464 0 -0 0.00099999999999989
4 G1 457 0 464 0
0

0101000
+952 3 -903 3 *
Wi

0101100
-902 0 -845 0 +951 0 +842 0 *
Fa
0  1e-07 457 0

0101000
+841 0 *
Ed
 1e-07 1 1 0
1  1100 0 -0 0.00099999999999989
2  2199 464 0 -0 0.00099999999999989
2  2200 463 0 -0 0.00099999999999989
4 G1 464 0 463 0
0

0101000
+940 3 -901 3 *
Wi

0101100
-900 0 -842 0 +938 0 +839 0 *
Fa
0  1e-07 464 0

0101000
+838 0 *
Ed
 1e-07 1 1 0
1  1101 0 -0 0.00099999999999989
2  2201 463 0 -0 0.00099999999999989
2  2202 462 0 -0 0.00099999999999989
4 G1 463 0 462 0
0

0101000
+942 3 -899 3 *
Wi

0101100
-898 0 -839 0 +939 0 +836 0 *
Fa
0  1e-07 463 0

0101000
+835 0 *
Ed
 1e-07 1 1 0
1  1102 0 -0 0.00099999999999989
2  2203 462 0 -0 0.00099999999999989
2  2204 461 0 -0 0.00099999999999989
0

0101000
+944 3 -897 3 *
Wi

0101100
-896 0 -836 0 +941 0 +833 0 *
Fa
0  1e-07 462 0

0101000
+832 0 *
Ed
 1e-07 1 1 0
1  1103 0 -0 0.00099999999999989
2  2205 461 0 -0 0.00099999999999989
2  2206 460 0 -0 0.00099999999999989
4 G1 461 0 460 0
0

0101000
+946 3 -895 3 *
Wi

0101100
-894 0 -833 0 +943 0 +830 0 *
Fa
0  1e-07 461 0

0101000
+829 0 *
Ed
 1e-07 1 1 0
1  1104 0 -2.22044604925031e-16 0.00099999999999989
2  2207 460 0 -2.22044604925031e-16 0.00099999999999989
2  2208 459 0 -2.22044604925031e-16 0.00099999999999989
0

0101000
+948 3 -893 3 *
Wi

0101100
-892 0 -830 0 +945 0 +827 0 *
Fa
0  1e-07 460 0

0101000
+826 0 *
Wi

0101100
-891 0 -827 0 +947 0 +846 0 *
Fa
0  1e-07 459 0

0101000
+824 0 *
Sh

0101100
+936 0 -889 0 -885 0 -882 0 -879 0 -876 0 -873 0 -870 0 -867 0 -864 0 
-861 0 -858 0 -855 0 -852 0 -849 0 -847 0 +843 0 +840 0 +837 0 +834 0 
+831 0 +828 0 +825 0 +823 0 *
So

0100000
+822 0 *
Ve
1e-07
1.70406751765657 -2.10984446232028 1.001
0 0

0101101
*
Ve
1e-07
1.70406751765657 -2.10984446232028 1
0 0

0101101
*
Ed
 1e-07 1 1 0
1  1105 0 -0 0.00099999999999989
2  2209 466 0 -0 0.00099999999999989
2  2210 467 0 -0 0.00099999999999989
4 G1 466 0 467 0
0

0101000
+820 3 -819 3 *
Ve
1e-07
1.68311639564275 -2.10282609638551 1.001
0 0

0101101
*
Ed
 1e-07 1 1 0
1  1106 0 0 1
2  2211 466 0 0 1
2  2212 468 0 0 1
0

0101000
+820 3 -817 3 *
Ve
1e-07
1.68311639564275 -2.10282609638551 1
0 0

0101101
*
Ed
 1e-07 1 1 0
1  1107 0 -0 0.00099999999999989
2  2213 466 0 -0 0.00099999999999989
2  2214 469 0 -0 0.00099999999999989
0

0101000
+817 3 -815 3 *
Ed
 1e-07 1 1 0
1  1108 0 0 1
2  2215 466 0 0 1
2  2216 470 0 0 1
0

0101000
+819 3 -815 3 *
Wi

0101100
-818 0 +816 0 +814 0 -813 0 *
Fa
0  1e-07 466 0

0101000
+812 0 *
Ve
1e-07
1.68311639564275 -2.11597903402649 1
0 0

0101101
*
Ed
 1e-07 1 1 0
1  1109 0 -0.0131529376409736 -0
2  2217 469 0 -0.0131529376409736 -0
2  2218 470 0 -0.0131529376409736 -0
0

0101000
+815 3 -810 3 *
Ve
1e-07
1.68311639564275 -2.11597903402649 1.001
0 0

0101101
*
Ed
 1e-07 1 1 0
1  1110 0 -0 0.00099999999999989
2  2219 469 0 -0 0.00099999999999989
2  2220 471 0 -0 0.00099999999999989
0

0101000
+808 3 -810 3 *
Ed
 1e-07 1 1 0
1  1111 0 -0.0131529376409736 -0
2  2221 469 0 -0.0131529376409736 -0
2  2222 468 0 -0.0131529376409736 -0
0

0101000
+817 3 -808 3 *
Wi

0101100
+809 0 -807 0 -806 0 +814 0 *
Fa
0  1e-07 469 0

0101000
-805 0 *
Ve
1e-07
1.70281980815703 -2.12024204148338 1.001
0 0

0101101
*
Ed
 1e-07 1 1 0
1  1112 0 19 20
2  2223 471 0 19 20
2  2224 468 0 19 20
0

0101000
+808 3 -803 3 *
Ve
1e-07
1.70281980815703 -2.12024204148338 1
0 0

0101101
*
Ed
 1e-07 1 1 0
1  1113 0 -0 0.00099999999999989
2  2225 471 0 -0 0.00099999999999989
2  2226 472 0 -0 0.00099999999999989
4 G1 471 0 472 0
0

0101000
+803 3 -801 3 *
Ed
 1e-07 1 1 0
1  1114 0 19 20
2  2227 471 0 19 20
2  2228 470 0 19 20
0

0101000
+810 3 -801 3 *
Wi

0101100
-807 0 +802 0 +800 0 -799 0 *
Fa
0  1e-07 471 0

0101000
+798 0 *
Ve
1e-07
1.72397888175388 -2.11447138504816 1.001
0 0

0101101
*
Ed
 1e-07 1 1 0
1  1115 0 18 19
2  2229 472 0 18 19
2  2230 468 0 18 19
0

0101000
+803 3 -796 3 *
Ve
1e-07
1.72397888175388 -2.11447138504816 1
0 0

0101101
*
Ed
 1e-07 1 1 0
1  1116 0 -0 0.00099999999999989
2  2231 472 0 -0 0.00099999999999989
2  2232 473 0 -0 0.00099999999999989
4 G1 472 0 473 0
0

0101000
+796 3 -794 3 *
Ed
 1e-07 1 1 0
1  1117 0 18 19
2  2233 472 0 18 19
2  2234 470 0 18 19
0

0101000
+801 3 -794 3 *
Wi

0101100
-800 0 +795 0 +793 0 -792 0 *
Fa
0  1e-07 472 0

0101000
+791 0 *
Ve
1e-07
1.7321669753449 -2.09877104051165 1.001
0 0

0101101
*
Ed
 1e-07 1 1 0
1  1118 0 17 18
2  2235 473 0 17 18
2  2236 468 0 17 18
0

0101000
+796 3 -789 3 *
Ve
1e-07
1.7321669753449 -2.09877104051165 1
0 0

0101101
*
Ed
 1e-07 1 1 0
1  1119 0 -0 0.00099999999999989
2  2237 473 0 -0 0.00099999999999989
2  2238 474 0 -0 0.00099999999999989
4 G1 473 0 474 0
0

0101000
+789 3 -787 3 *
Ed
 1e-07 1 1 0
1  1120 0 17 18
2  2239 473 0 17 18
2  2240 470 0 17 18
0

0101000
+794 3 -787 3 *
Wi

0101100
-793 0 +788 0 +786 0 -785 0 *
Fa
0  1e-07 473 0

0101000
+784 0 *
Ve
1e-07
1.72790396788801 -2.08676183657801 1.001
0 0

0101101
*
Ed
 1e-07 1 1 0
1  1121 0 16 17
2  2241 474 0 16 17
2  2242 468 0 16 17
0

0101000
+789 3 -782 3 *
Ve
1e-07
1.72790396788801 -2.08676183657801 1
0 0

0101101
*
Ed
 1e-07 1 1 0
1  1122 0 -0 0.00099999999999989
2  2243 474 0 -0 0.00099999999999989
2  2244 475 0 -0 0.00099999999999989
4 G1 474 0 475 0
0

0101000
+782 3 -780 3 *
Ed
 1e-07 1 1 0
1  1123 0 16 17
2  2245 474 0 16 17
2  2246 470 0 16 17
0

0101000
+787 3 -780 3 *
Wi

0101100
-786 0 +781 0 +779 0 -778 0 *
Fa
0  1e-07 474 0

0101000
+777 0 *
Ve
1e-07
1.7114757928102 -2.07735202743567 1.001
0 0

0101101
*
Ed
 1e-07 1 1 0
1  1124 0 15 16
2  2247 475 0 15 16
2  2248 468 0 15 16
0

0101000
+782 3 -775 3 *
Ve
1e-07
1.7114757928102 -2.07735202743567 1
0 0

0101101
*
Ed
 1e-07 1 1 0
1  1125 0 -0 0.00099999999999989
2  2249 475 0 -0 0.00099999999999989
2  2250 476 0 -0 0.00099999999999989
0

0101000
+775 3 -773 3 *
Ed
 1e-07 1 1 0
1  1126 0 15 16
2  2251 475 0 15 16
2  2252 470 0 15 16
0

0101000
+780 3 -773 3 *
Wi

0101100
-779 0 +774 0 +772 0 -771 0 *
Fa
0  1e-07 475 0

0101000
+770 0 *
Ve
1e-07
1.69910267360592 -2.07111347993725 1.001
0 0

0101101
*
Ed
 1e-07 1 1 0
1  1127 0 14 15
2  2253 476 0 14 15
2  2254 468 0 14 15
0

0101000
+775 3 -768 3 *
Ve
1e-07
1.69910267360592 -2.07111347993725 1
0 0

0101101
*
Ed
 1e-07 1 1 0
1  1128 0 -0 0.00099999999999989
2  2255 476 0 -0 0.00099999999999989
2  2256 477 0 -0 0.00099999999999989
4 G1 476 0 477 0
0

0101000
+768 3 -766 3 *
Ed
 1e-07 1 1 0
1  1129 0 14 15
2  2257 476 0 14 15
2  2258 470 0 14 15
0

0101000
+773 3 -766 3 *
Wi

0101100
-772 0 +767 0 +765 0 -764 0 *
Fa
0  1e-07 476 0

0101000
+763 0 *
Ve
1e-07
1.69632132117983 -2.06435505348127 1.001
0 0

0101101
*
Ed
 1e-07 1 1 0
1  1130 0 13 14
2  2259 477 0 13 14
2  2260 468 0 13 14
0

0101000
+768 3 -761 3 *
Ve
1e-07
1.69632132117983 -2.06435505348127 1
0 0

0101101
*
Ed
 1e-07 1 1 0
1  1131 0 -0 0.00099999999999989
2  2261 477 0 -0 0.00099999999999989
2  2262 478 0 -0 0.00099999999999989
4 C1 477 0 478 0
0

0101000
+761 3 -759 3 *
Ed
 1e-07 1 1 0
1  1132 0 13 14
2  2263 477 0 13 14
2  2264 470 0 13 14
0

0101000
+766 3 -759 3 *
Wi

0101100
-765 0 +760 0 +758 0 -757 0 *
Fa
0  1e-07 477 0

0101000
+756 0 *
Ve
1e-07
1.7001944194182 -2.05728469965074 1.001
0 0

0101101
*
Ed
 1e-07 1 1 0
1  1133 0 12 13
2  2265 478 0 12 13
2  2266 468 0 12 13
0

0101000
+761 3 -754 3 *
Ve
1e-07
1.7001944194182 -2.05728469965074 1
0 0

0101101
*
Ed
 1e-07 1 1 0
1  1134 0 -0 0.00099999999999989
2  2267 478 0 -0 0.00099999999999989
2  2268 479 0 -0 0.00099999999999989
0

0101000
+754 3 -752 3 *
Ed
 1e-07 1 1 0
1  1135 0 12 13
2  2269 478 0 12 13
2  2270 470 0 12 13
0

0101000
+759 3 -752 3 *
Wi

0101100
-758 0 +753 0 +751 0 -750 0 *
Fa
0  1e-07 478 0

0101000
+749 0 *
Ve
1e-07
1.71022808331066 -2.05458132906793 1.001
0 0

0101101
*
Ed
 1e-07 1 1 0
1  1136 0 11 12
2  2271 479 0 11 12
2  2272 468 0 11 12
0

0101000
+754 3 -747 3 *
Ve
1e-07
1.71022808331066 -2.05458132906793 1
0 0

0101101
*
Ed
 1e-07 1 1 0
1  1137 0 -0 0.00099999999999989
2  2273 479 0 -0 0.00099999999999989
2  2274 480 0 -0 0.00099999999999989
4 G1 479 0 480 0
0

0101000
+747 3 -745 3 *
Ed
 1e-07 1 1 0
1  1138 0 11 12
2  2275 479 0 11 12
2  2276 470 0 11 12
0

0101000
+752 3 -745 3 *
Wi

0101100
-751 0 +746 0 +744 0 -743 0 *
Fa
0  1e-07 479 0

0101000
+742 0 *
Ve
1e-07
1.72868378632539 -2.05983210654559 1.001
0 0

0101101
*
Ed
 1e-07 1 1 0
1  1139 0 10 11
2  2277 480 0 10 11
2  2278 468 0 10 11
0

0101000
+747 3 -740 3 *
Ve
1e-07
1.72868378632539 -2.05983210654559 1
0 0

0101101
*
Ed
 1e-07 1 1 0
1  1140 0 -0 0.00099999999999989
2  2279 480 0 -0 0.00099999999999989
2  2280 481 0 -0 0.00099999999999989
0

0101000
+740 3 -738 3 *
Ed
 1e-07 1 1 0
1  1141 0 10 11
2  2281 480 0 10 11
2  2282 470 0 10 11
0

0101000
+745 3 -738 3 *
Wi

0101100
-744 0 +739 0 +737 0 -736 0 *
Fa
0  1e-07 480 0

0101000
+735 0 *
Ve
1e-07
1.72868378632539 -2.04745898734166 1
0 0

0101101
*
Ed
 1e-07 1 1 0
1  1142 0 -0.0123731192039314 0
2  2283 481 0 -0.0123731192039314 0
2  2284 470 0 -0.0123731192039314 0
0

0101000
+738 3 -733 3 *
Ve
1e-07
1.72868378632539 -2.04745898734166 1.001
0 0

0101101
*
Ed
 1e-07 1 1 0
1  1143 0 -0 0.00099999999999989
2  2285 481 0 -0 0.00099999999999989
2  2286 482 0 -0 0.00099999999999989
0

0101000
+731 3 -733 3 *
Ed
 1e-07 1 1 0
1  1144 0 -0.0123731192039314 0
2  2287 481 0 -0.0123731192039314 0
2  2288 468 0 -0.0123731192039314 0
0

0101000
+740 3 -731 3 *
Wi

0101100
+732 0 -730 0 -729 0 +737 0 *
Fa
0  1e-07 481 0

0101000
-728 0 *
Ve
1e-07
1.7114757928102 -2.04423573780059 1.001
0 0

0101101
*
Ed
 1e-07 1 1 0
1  1145 0 8 9
2  2289 482 0 8 9
2  2290 468 0 8 9
0

0101000
+731 3 -726 3 *
Ve
1e-07
1.7114757928102 -2.04423573780059 1
0 0

0101101
*
Ed
 1e-07 1 1 0
1  1146 0 -0 0.00099999999999989
2  2291 482 0 -0 0.00099999999999989
2  2292 483 0 -0 0.00099999999999989
4 G1 482 0 483 0
0

0101000
+726 3 -724 3 *
Ed
 1e-07 1 1 0
1  1147 0 8 9
2  2293 482 0 8 9
2  2294 470 0 8 9
0

0101000
+733 3 -724 3 *
Wi

0101100
-730 0 +725 0 +723 0 -722 0 *
Fa
0  1e-07 482 0

0101000
+721 0 *
Ve
1e-07
1.69135647712953 -2.0500063942365 1.001
0 0

0101101
*
Ed
 1e-07 1 1 0
1  1148 0 7 8
2  2295 483 0 7 8
2  2296 468 0 7 8
0

0101000
+726 3 -719 3 *
Ve
1e-07
1.69135647712953 -2.0500063942365 1
0 0

0101101
*
Ed
 1e-07 1 1 0
1  1149 0 -0 0.00099999999999989
2  2297 483 0 -0 0.00099999999999989
2  2298 484 0 -0 0.00099999999999989
4 G1 483 0 484 0
0

0101000
+719 3 -717 3 *
Ed
 1e-07 1 1 0
1  1150 0 7 8
2  2299 483 0 7 8
2  2300 470 0 7 8
0

0101000
+724 3 -717 3 *
Wi

0101100
-723 0 +718 0 +716 0 -715 0 *
Fa
0  1e-07 483 0

0101000
+714 0 *
Ve
1e-07
1.68319437748638 -2.0654987871893 1.001
0 0

0101101
*
Ed
 1e-07 1 1 0
1  1151 0 6 7
2  2301 484 0 6 7
2  2302 468 0 6 7
0

0101000
+719 3 -712 3 *
Ve
1e-07
1.68319437748638 -2.0654987871893 1
0 0

0101101
*
Ed
 1e-07 1 1 0
1  1152 0 -0 0.00099999999999989
2  2303 484 0 -0 0.00099999999999989
2  2304 485 0 -0 0.00099999999999989
4 G1 484 0 485 0
0

0101000
+712 3 -710 3 *
Ed
 1e-07 1 1 0
1  1153 0 6 7
2  2305 484 0 6 7
2  2306 470 0 6 7
0

0101000
+717 3 -710 3 *
Wi

0101100
-716 0 +711 0 +709 0 -708 0 *
Fa
0  1e-07 484 0

0101000
+707 0 *
Ve
1e-07
1.68680753624562 -2.07698811216468 1.001
0 0

0101101
*
Ed
 1e-07 1 1 0
1  1154 0 5 6
2  2307 485 0 5 6
2  2308 468 0 5 6
0

0101000
+712 3 -705 3 *
Ve
1e-07
1.68680753624562 -2.07698811216468 1
0 0

0101101
*
Ed
 1e-07 1 1 0
1  1155 0 -0 0.00099999999999989
2  2309 485 0 -0 0.00099999999999989
2  2310 486 0 -0 0.00099999999999989
4 G1 485 0 486 0
0

0101000
+705 3 -703 3 *
Ed
 1e-07 1 1 0
1  1156 0 5 6
2  2311 485 0 5 6
2  2312 470 0 5 6
0

0101000
+710 3 -703 3 *
Wi

0101100
-709 0 +704 0 +702 0 -701 0 *
Fa
0  1e-07 485 0

0101000
+700 0 *
Ve
1e-07
1.70248188683426 -2.08660587289074 1.001
0 0

0101101
*
Ed
 1e-07 1 1 0
1  1157 0 4 5
2  2313 486 0 4 5
2  2314 468 0 4 5
0

0101000
+705 3 -698 3 *
Ve
1e-07
1.70248188683426 -2.08660587289074 1
0 0

0101101
*
Ed
 1e-07 1 1 0
1  1158 0 -0 0.00099999999999989
2  2315 486 0 -0 0.00099999999999989
2  2316 487 0 -0 0.00099999999999989
0

0101000
+698 3 -696 3 *
Ed
 1e-07 1 1 0
1  1159 0 4 5
2  2317 486 0 4 5
2  2318 470 0 4 5
0

0101000
+703 3 -696 3 *
Wi

0101100
-702 0 +697 0 +695 0 -694 0 *
Fa
0  1e-07 486 0

0101000
+693 0 *
Ve
1e-07
1.71581678211073 -2.09310435986794 1.001
0 0

0101101
*
Ed
 1e-07 1 1 0
1  1160 0 3 4
2  2319 487 0 3 4
2  2320 468 0 3 4
0

0101000
+698 3 -691 3 *
Ve
1e-07
1.71581678211073 -2.09310435986794 1
0 0

0101101
*
Ed
 1e-07 1 1 0
1  1161 0 -0 0.00099999999999989
2  2321 487 0 -0 0.00099999999999989
2  2322 488 0 -0 0.00099999999999989
4 C1 487 0 488 0
0

0101000
+691 3 -689 3 *
Ed
 1e-07 1 1 0
1  1162 0 3 4
2  2323 487 0 3 4
2  2324 470 0 3 4
0

0101000
+696 3 -689 3 *
Wi

0101100
-695 0 +690 0 +688 0 -687 0 *
Fa
0  1e-07 487 0

0101000
+686 0 *
Ve
1e-07
1.71909201954721 -2.10001875001119 1.001
0 0

0101101
*
Ed
 1e-07 1 1 0
1  1163 0 2 3
2  2325 488 0 2 3
2  2326 468 0 2 3
0

0101000
+691 3 -684 3 *
Ve
1e-07
1.71909201954721 -2.10001875001119 1
0 0

0101101
*
Ed
 1e-07 1 1 0
1  1164 0 -0 0.00099999999999989
2  2327 488 0 -0 0.00099999999999989
2  2328 467 0 -0 0.00099999999999989
4 G1 488 0 467 0
0

0101000
+684 3 -682 3 *
Ed
 1e-07 1 1 0
1  1165 0 2 3
2  2329 488 0 2 3
2  2330 470 0 2 3
0

0101000
+689 3 -682 3 *
Wi

0101100
-688 0 +683 0 +681 0 -680 0 *
Fa
0  1e-07 488 0

0101000
+679 0 *
Ed
 1e-07 1 1 0
1  1166 0 1 2
2  2331 467 0 1 2
2  2332 468 0 1 2
0

0101000
+684 3 -820 3 *
Ed
 1e-07 1 1 0
1  1167 0 1 2
2  2333 467 0 1 2
2  2334 470 0 1 2
0

0101000
+682 3 -819 3 *
Wi

0101100
-681 0 +677 0 +818 0 -676 0 *
Fa
0  1e-07 467 0

0101000
+675 0 *
Wi

0101100
+816 0 +806 0 +802 0 +795 0 +788 0 +781 0 +774 0 +767 0 +760 0 +753 0 
+746 0 +739 0 +729 0 +725 0 +718 0 +711 0 +704 0 +697 0 +690 0 +683 0 
+677 0 *
Fa
0  1e-07 468 0

0101000
-673 0 *
Wi

0101100
-813 0 -676 0 -680 0 -687 0 -694 0 -701 0 -708 0 -715 0 -722 0 -732 0 
-736 0 -743 0 -750 0 -757 0 -764 0 -771 0 -778 0 -785 0 -792 0 -799 0 
-809 0 *
Fa
0  1e-07 470 0

0101000
+671 0 *
Sh

0101100
-811 0 -804 0 -797 0 -790 0 -783 0 -776 0 -769 0 -762 0 -755 0 -748 0 
-741 0 -734 0 -727 0 -720 0 -713 0 -706 0 -699 0 -692 0 -685 0 -678 0 
-674 0 -672 0 +670 0 *
So

0100000
+669 0 *
Ve
1e-07
1.80851120035046 -2.04589935046688 1
0 0

0101101
*
Ve
1e-07
1.79530627481372 -2.04589935046688 1
0 0

0101101
*
Ed
 1e-07 1 1 0
1  1168 0 -0.0132049255367357 -0
2  2335 489 0 -0.0132049255367357 -0
2  2336 490 0 -0.0132049255367357 -0
0

0101000
+667 3 -666 3 *
Ve
1e-07
1.79530627481372 -2.04589935046688 1.001
0 0

0101101
*
Ed
 1e-07 1 1 0
1  1169 0 -0 0.00099999999999989
2  2337 489 0 -0 0.00099999999999989
2  2338 491 0 -0 0.00099999999999989
0

0101000
+664 3 -666 3 *
Ve
1e-07
1.80851120035046 -2.04589935046688 1.001
0 0

0101101
*
Ed
 1e-07 1 1 0
1  1170 0 -0.0132049255367357 -0
2  2339 489 0 -0.0132049255367357 -0
2  2340 492 0 -0.0132049255367357 -0
0

0101000
+662 3 -664 3 *
Ed
 1e-07 1 1 0
1  1171 0 -0 0.00099999999999989
2  2341 489 0 -0 0.00099999999999989
2  2342 493 0 -0 0.00099999999999989
0

0101000
+662 3 -667 3 *
Wi

0101100
+665 0 -663 0 -661 0 +660 0 *
Fa
0  1e-07 489 0

0101000
-659 0 *
Ve
1e-07
1.77547289255971 -2.1005906168652 1
0 0

0101101
*
Ed
 1e-07 1 1 0
1  1172 0 -0.058176435709717 -7.56989573732998e-17
2  2343 491 0 -0.058176435709717 -7.56989573732998e-17
2  2344 490 0 -0.058176435709717 -7.56989573732998e-17
0

0101000
+666 3 -657 3 *
Ve
1e-07
1.77547289255971 -2.1005906168652 1.001
0 0

0101101
*
Ed
 1e-07 1 1 0
1  1173 0 -0 0.00099999999999989
2  2345 491 0 -0 0.00099999999999989
2  2346 494 0 -0 0.00099999999999989
0

0101000
+655 3 -657 3 *
Ed
 1e-07 1 1 0
1  1174 0 -0.058176435709717 -7.56989573732998e-17
2  2347 491 0 -0.058176435709717 -7.56989573732998e-17
2  2348 492 0 -0.058176435709717 -7.56989573732998e-17
0

0101000
+664 3 -655 3 *
Wi

0101100
+656 0 -654 0 -653 0 +663 0 *
Fa
0  1e-07 491 0

0101000
-652 0 *
Ve
1e-07
1.77391325568493 -2.10646524909263 1.001
0 0

0101101
*
Ed
 1e-07 1 1 0
1  1175 0 12 13
2  2349 494 0 12 13
2  2350 492 0 12 13
0

0101000
+655 3 -650 3 *
Ve
1e-07
1.77391325568493 -2.10646524909263 1
0 0

0101101
*
Ed
 1e-07 1 1 0
1  1176 0 -0 0.00099999999999989
2  2351 494 0 -0 0.00099999999999989
2  2352 495 0 -0 0.00099999999999989
0

0101000
+650 3 -648 3 *
Ed
 1e-07 1 1 0
1  1177 0 12 13
2  2353 494 0 12 13
2  2354 490 0 12 13
0

0101000
+657 3 -648 3 *
Wi

0101100
-654 0 +649 0 +647 0 -646 0 *
Fa
0  1e-07 494 0

0101000
+645 0 *
Ve
1e-07
1.77357533436251 -2.10646524909263 1
0 0

0101101
*
Ed
 1e-07 1 1 0
1  1178 0 -0.000337921322417278 -0
2  2355 495 0 -0.000337921322417278 -0
2  2356 490 0 -0.000337921322417278 -0
0

0101000
+648 3 -643 3 *
Ve
1e-07
1.77357533436251 -2.10646524909263 1.001
0 0

0101101
*
Ed
 1e-07 1 1 0
1  1179 0 -0 0.00099999999999989
2  2357 495 0 -0 0.00099999999999989
2  2358 496 0 -0 0.00099999999999989
0

0101000
+641 3 -643 3 *
Ed
 1e-07 1 1 0
1  1180 0 -0.000337921322417278 -0
2  2359 495 0 -0.000337921322417278 -0
2  2360 492 0 -0.000337921322417278 -0
0

0101000
+650 3 -641 3 *
Wi

0101100
+642 0 -640 0 -639 0 +647 0 *
Fa
0  1e-07 495 0

0101000
-638 0 *
Ve
1e-07
1.77201569748774 -2.10048664107369 1
0 0

0101101
*
Ed
 1e-07 1 1 0
1  1181 0 -0.00617869088280917 0
2  2361 496 0 -0.00617869088280917 0
2  2362 490 0 -0.00617869088280917 0
0

0101000
+643 3 -636 3 *
Ve
1e-07
1.77201569748774 -2.10048664107369 1.001
0 0

0101101
*
Ed
 1e-07 1 1 0
1  1182 0 -0 0.00099999999999989
2  2363 496 0 -0 0.00099999999999989
2  2364 497 0 -0 0.00099999999999989
0

0101000
+634 3 -636 3 *
Ed
 1e-07 1 1 0
1  1183 0 -0.00617869088280917 0
2  2365 496 0 -0.00617869088280917 0
2  2366 492 0 -0.00617869088280917 0
0

0101000
+641 3 -634 3 *
Wi

0101100
+635 0 -633 0 -632 0 +640 0 *
Fa
0  1e-07 496 0

0101000
-631 0 *
Ve
1e-07
1.75304011551509 -2.04589935046688 1
0 0

0101101
*
Ed
 1e-07 1 1 0
1  1184 0 -0.0577913921531003 0
2  2367 497 0 -0.0577913921531003 0
2  2368 490 0 -0.0577913921531003 0
0

0101000
+636 3 -629 3 *
Ve
1e-07
1.75304011551509 -2.04589935046688 1.001
0 0

0101101
*
Ed
 1e-07 1 1 0
1  1185 0 -0 0.00099999999999989
2  2369 497 0 -0 0.00099999999999989
2  2370 498 0 -0 0.00099999999999989
0

0101000
+627 3 -629 3 *
Ed
 1e-07 1 1 0
1  1186 0 -0.0577913921531003 0
2  2371 497 0 -0.0577913921531003 0
2  2372 492 0 -0.0577913921531003 0
0

0101000
+634 3 -627 3 *
Wi

0101100
+628 0 -626 0 -625 0 +633 0 *
Fa
0  1e-07 497 0

0101000
-624 0 *
Ve
1e-07
1.73879543206149 -2.04589935046688 1
0 0

0101101
*
Ed
 1e-07 1 1 0
1  1187 0 -0.014244683453599 -0
2  2373 498 0 -0.014244683453599 -0
2  2374 490 0 -0.014244683453599 -0
0

0101000
+629 3 -622 3 *
Ve
1e-07
1.73879543206149 -2.04589935046688 1.001
0 0

0101101
*
Ed
 1e-07 1 1 0
1  1188 0 -0 0.00099999999999989
2  2375 498 0 -0 0.00099999999999989
2  2376 499 0 -0 0.00099999999999989
0

0101000
+620 3 -622 3 *
Ed
 1e-07 1 1 0
1  1189 0 -0.014244683453599 -0
2  2377 498 0 -0.014244683453599 -0
2  2378 492 0 -0.014244683453599 -0
0

0101000
+627 3 -620 3 *
Wi

0101100
+621 0 -619 0 -618 0 +626 0 *
Fa
0  1e-07 498 0

0101000
-617 0 *
Ve
1e-07
1.76728479896868 -2.11837047723406 1
0 0

0101101
*
Ed
 1e-07 1 1 0
1  1190 0 -0.0778698159859016 0
2  2379 499 0 -0.0778698159859016 0
2  2380 490 0 -0.0778698159859016 0
0

0101000
+622 3 -615 3 *
Ve
1e-07
1.76728479896868 -2.11837047723406 1.001
0 0

0101101
*
Ed
 1e-07 1 1 0
1  1191 0 -0 0.00099999999999989
2  2381 499 0 -0 0.00099999999999989
2  2382 500 0 -0 0.00099999999999989
0

0101000
+613 3 -615 3 *
Ed
 1e-07 1 1 0
1  1192 0 -0.0778698159859016 0
2  2383 499 0 -0.0778698159859016 0
2  2384 492 0 -0.0778698159859016 0
0

0101000
+620 3 -613 3 *
Wi

0101100
+614 0 -612 0 -611 0 +619 0 *
Fa
0  1e-07 499 0

0101000
-610 0 *
Ve
1e-07
1.76169610016827 -2.13157540277149 1
0 0

0101101
*
Ed
 1e-07 1 1 0
1  1193 0 -0.0143388846404051 -0
2  2385 500 0 -0.0143388846404051 -0
2  2386 490 0 -0.0143388846404051 -0
0

0101000
+615 3 -608 3 *
Ve
1e-07
1.76169610016827 -2.13157540277149 1.001
0 0

0101101
*
Ed
 1e-07 1 1 0
1  1194 0 -0 0.00099999999999989
2  2387 500 0 -0 0.00099999999999989
2  2388 501 0 -0 0.00099999999999989
4 G1 500 0 501 0
0

0101000
+606 3 -608 3 *
Ed
 1e-07 1 1 0
1  1195 0 -0.0143388846404051 -0
2  2389 500 0 -0.0143388846404051 -0
2  2390 492 0 -0.0143388846404051 -0
0

0101000
+613 3 -606 3 *
Wi

0101100
+607 0 -605 0 -604 0 +612 0 *
Fa
0  1e-07 500 0

0101000
-603 0 *
Ve
1e-07
1.74864713831846 -2.14181701824733 1.001
0 0

0101101
*
Ed
 1e-07 1 1 0
1  1196 0 5 6
2  2391 501 0 5 6
2  2392 492 0 5 6
0

0101000
+606 3 -601 3 *
Ve
1e-07
1.74864713831846 -2.14181701824733 1
0 0

0101101
*
Ed
 1e-07 1 1 0
1  1197 0 -0 0.00099999999999989
2  2393 501 0 -0 0.00099999999999989
2  2394 502 0 -0 0.00099999999999989
4 G1 501 0 502 0
0

0101000
+601 3 -599 3 *
Ed
 1e-07 1 1 0
1  1198 0 5 6
2  2395 501 0 5 6
2  2396 490 0 5 6
0

0101000
+608 3 -599 3 *
Wi

0101100
-605 0 +600 0 +598 0 -597 0 *
Fa
0  1e-07 501 0

0101000
+596 0 *
Ve
1e-07
1.74142082080032 -2.14036135716406 1.001
0 0

0101101
*
Ed
 1e-07 1 1 0
1  1199 0 4 5
2  2397 502 0 4 5
2  2398 492 0 4 5
0

0101000
+601 3 -594 3 *
Ve
1e-07
1.74142082080032 -2.14036135716406 1
0 0

0101101
*
Ed
 1e-07 1 1 0
1  1200 0 -0 0.00099999999999989
2  2399 502 0 -0 0.00099999999999989
2  2400 503 0 -0 0.00099999999999989
0

0101000
+594 3 -592 3 *
Ed
 1e-07 1 1 0
1  1201 0 4 5
2  2401 502 0 4 5
2  2402 490 0 4 5
0

0101000
+599 3 -592 3 *
Wi

0101100
-598 0 +593 0 +591 0 -590 0 *
Fa
0  1e-07 502 0

0101000
+589 0 *
Ve
1e-07
1.74142082080032 -2.15169471845217 1
0 0

0101101
*
Ed
 1e-07 1 1 0
1  1202 0 -0.0113333612881088 -0
2  2403 503 0 -0.0113333612881088 -0
2  2404 490 0 -0.0113333612881088 -0
0

0101000
+592 3 -587 3 *
Ve
1e-07
1.74142082080032 -2.15169471845217 1.001
0 0

0101101
*
Ed
 1e-07 1 1 0
1  1203 0 -0 0.00099999999999989
2  2405 503 0 -0 0.00099999999999989
2  2406 504 0 -0 0.00099999999999989
0

0101000
+585 3 -587 3 *
Ed
 1e-07 1 1 0
1  1204 0 -0.0113333612881088 -0
2  2407 503 0 -0.0113333612881088 -0
2  2408 492 0 -0.0113333612881088 -0
0

0101000
+594 3 -585 3 *
Wi

0101100
+586 0 -584 0 -583 0 +591 0 *
Fa
0  1e-07 503 0

0101000
-582 0 *
Ve
1e-07
1.74963490833922 -2.15273447636869 1.001
0 0

0101101
*
Ed
 1e-07 1 1 0
1  1205 0 2 3
2  2409 504 0 2 3
2  2410 492 0 2 3
0

0101000
+585 3 -580 3 *
Ve
1e-07
1.74963490833922 -2.15273447636869 1
0 0

0101101
*
Ed
 1e-07 1 1 0
1  1206 0 -0 0.00099999999999989
2  2411 504 0 -0 0.00099999999999989
2  2412 505 0 -0 0.00099999999999989
4 G1 504 0 505 0
0

0101000
+580 3 -578 3 *
Ed
 1e-07 1 1 0
1  1207 0 2 3
2  2413 504 0 2 3
2  2414 490 0 2 3
0

0101000
+587 3 -578 3 *
Wi

0101100
-584 0 +579 0 +577 0 -576 0 *
Fa
0  1e-07 504 0

0101000
+575 0 *
Ve
1e-07
1.77555087440334 -2.12949588693846 1.001
0 0

0101101
*
Ed
 1e-07 1 1 0
1  1208 0 1 2
2  2415 505 0 1 2
2  2416 492 0 1 2
0

0101000
+580 3 -573 3 *
Ve
1e-07
1.77555087440334 -2.12949588693846 1
0 0

0101101
*
Ed
 1e-07 1 1 0
1  1209 0 -0 0.00099999999999989
2  2417 505 0 -0 0.00099999999999989
2  2418 493 0 -0 0.00099999999999989
4 G1 505 0 493 0
0

0101000
+573 3 -571 3 *
Ed
 1e-07 1 1 0
1  1210 0 1 2
2  2419 505 0 1 2
2  2420 490 0 1 2
0

0101000
+578 3 -571 3 *
Wi

0101100
-577 0 +572 0 +570 0 -569 0 *
Fa
0  1e-07 505 0

0101000
+568 0 *
Ed
 1e-07 1 1 0
1  1211 0 -0.0898596906103298 0
2  2421 493 0 -0.0898596906103298 0
2  2422 490 0 -0.0898596906103298 0
0

0101000
+571 3 -667 3 *
Ed
 1e-07 1 1 0
1  1212 0 -0.0898596906103298 0
2  2423 493 0 -0.0898596906103298 0
2  2424 492 0 -0.0898596906103298 0
0

0101000
+573 3 -662 3 *
Wi

0101100
+566 0 -660 0 -565 0 +570 0 *
Fa
0  1e-07 493 0

0101000
-564 0 *
Wi

0101100
+661 0 +653 0 +649 0 +639 0 +632 0 +625 0 +618 0 +611 0 +604 0 +600 0 
+593 0 +583 0 +579 0 +572 0 +565 0 *
Fa
0  1e-07 492 0

0101000
+562 0 *
Wi

0101100
-665 0 -566 0 -569 0 -576 0 -586 0 -590 0 -597 0 -607 0 -614 0 -621 0 
-628 0 -635 0 -642 0 -646 0 -656 0 *
Fa
0  1e-07 490 0

0101000
-560 0 *
Sh

0101100
-658 0 -651 0 -644 0 -637 0 -630 0 -623 0 -616 0 -609 0 -602 0 -595 0 
-588 0 -581 0 -574 0 -567 0 -563 0 +561 0 -559 0 *
So

0100000
+558 0 *
Ve
1e-07
1.87692727124447 -2.11852644092133 1
0 0

0101101
*
Ve
1e-07
1.87692727124447 -2.10693314015444 1
0 0

0101101
*
Ed
 1e-07 1 1 0
1  1213 0 -0.011593300766894 0
2  2425 506 0 -0.011593300766894 0
2  2426 507 0 -0.011593300766894 0
0

0101000
+556 3 -555 3 *
Ve
1e-07
1.87692727124447 -2.10693314015444 1.001
0 0

0101101
*
Ed
 1e-07 1 1 0
1  1214 0 -0 0.00099999999999989
2  2427 506 0 -0 0.00099999999999989
2  2428 508 0 -0 0.00099999999999989
0

0101000
+553 3 -555 3 *
Ve
1e-07
1.87692727124447 -2.11852644092133 1.001
0 0

0101101
*
Ed
 1e-07 1 1 0
1  1215 0 -0.011593300766894 0
2  2429 506 0 -0.011593300766894 0
2  2430 509 0 -0.011593300766894 0
0

0101000
+551 3 -553 3 *
Ed
 1e-07 1 1 0
1  1216 0 -0 0.00099999999999989
2  2431 506 0 -0 0.00099999999999989
2  2432 510 0 -0 0.00099999999999989
0

0101000
+551 3 -556 3 *
Wi

0101100
+554 0 -552 0 -550 0 +549 0 *
Fa
0  1e-07 506 0

0101000
-548 0 *
Ve
1e-07
1.83536294853993 -2.10693314015444 1
0 0

0101101
*
Ed
 1e-07 1 1 0
1  1217 0 -0.0415643227045388 -0
2  2433 508 0 -0.0415643227045388 -0
2  2434 507 0 -0.0415643227045388 -0
0

0101000
+555 3 -546 3 *
Ve
1e-07
1.83536294853993 -2.10693314015444 1.001
0 0

0101101
*
Ed
 1e-07 1 1 0
1  1218 0 -0 0.00099999999999989
2  2435 508 0 -0 0.00099999999999989
2  2436 511 0 -0 0.00099999999999989
0

0101000
+544 3 -546 3 *
Ed
 1e-07 1 1 0
1  1219 0 -0.0415643227045388 -0
2  2437 508 0 -0.0415643227045388 -0
2  2438 509 0 -0.0415643227045388 -0
0

0101000
+553 3 -544 3 *
Wi

0101100
+545 0 -543 0 -542 0 +552 0 *
Fa
0  1e-07 508 0

0101000
-541 0 *
Ve
1e-07
1.83536294853993 -2.07272510470778 1
0 0

0101101
*
Ed
 1e-07 1 1 0
1  1220 0 -0.0342080354466563 0
2  2439 511 0 -0.0342080354466563 0
2  2440 507 0 -0.0342080354466563 0
0

0101000
+546 3 -539 3 *
Ve
1e-07
1.83536294853993 -2.07272510470778 1.001
0 0

0101101
*
Ed
 1e-07 1 1 0
1  1221 0 -0 0.00099999999999989
2  2441 511 0 -0 0.00099999999999989
2  2442 512 0 -0 0.00099999999999989
0

0101000
+537 3 -539 3 *
Ed
 1e-07 1 1 0
1  1222 0 -0.0342080354466563 0
2  2443 511 0 -0.0342080354466563 0
2  2444 509 0 -0.0342080354466563 0
0

0101000
+544 3 -537 3 *
Wi

0101100
+538 0 -536 0 -535 0 +543 0 *
Fa
0  1e-07 511 0

0101000
-534 0 *
Ve
1e-07
1.87172848166257 -2.07272510470778 1
0 0

0101101
*
Ed
 1e-07 1 1 0
1  1223 0 -0.0363655331226389 0
2  2445 512 0 -0.0363655331226389 0
2  2446 507 0 -0.0363655331226389 0
0

0101000
+539 3 -532 3 *
Ve
1e-07
1.87172848166257 -2.07272510470778 1.001
0 0

0101101
*
Ed
 1e-07 1 1 0
1  1224 0 -0 0.00099999999999989
2  2447 512 0 -0 0.00099999999999989
2  2448 513 0 -0 0.00099999999999989
0

0101000
+530 3 -532 3 *
Ed
 1e-07 1 1 0
1  1225 0 -0.0363655331226389 0
2  2449 512 0 -0.0363655331226389 0
2  2450 509 0 -0.0363655331226389 0
0

0101000
+537 3 -530 3 *
Wi

0101100
+531 0 -529 0 -528 0 +536 0 *
Fa
0  1e-07 512 0

0101000
-527 0 *
Ve
1e-07
1.87172848166257 -2.06107981604514 1
0 0

0101101
*
Ed
 1e-07 1 1 0
1  1226 0 -0.0116452886626486 0
2  2451 513 0 -0.0116452886626486 0
2  2452 507 0 -0.0116452886626486 0
0

0101000
+532 3 -525 3 *
Ve
1e-07
1.87172848166257 -2.06107981604514 1.001
0 0

0101101
*
Ed
 1e-07 1 1 0
1  1227 0 -0 0.00099999999999989
2  2453 513 0 -0 0.00099999999999989
2  2454 514 0 -0 0.00099999999999989
0

0101000
+523 3 -525 3 *
Ed
 1e-07 1 1 0
1  1228 0 -0.0116452886626486 0
2  2455 513 0 -0.0116452886626486 0
2  2456 509 0 -0.0116452886626486 0
0

0101000
+530 3 -523 3 *
Wi

0101100
+524 0 -522 0 -521 0 +529 0 *
Fa
0  1e-07 513 0

0101000
-520 0 *
Ve
1e-07
1.83536294853993 -2.06107981604514 1
0 0

0101101
*
Ed
 1e-07 1 1 0
1  1229 0 -0.0363655331226389 -0
2  2457 514 0 -0.0363655331226389 -0
2  2458 507 0 -0.0363655331226389 -0
0

0101000
+525 3 -518 3 *
Ve
1e-07
1.83536294853993 -2.06107981604514 1.001
0 0

0101101
*
Ed
 1e-07 1 1 0
1  1230 0 -0 0.00099999999999989
2  2459 514 0 -0 0.00099999999999989
2  2460 515 0 -0 0.00099999999999989
0

0101000
+516 3 -518 3 *
Ed
 1e-07 1 1 0
1  1231 0 -0.0363655331226389 -0
2  2461 514 0 -0.0363655331226389 -0
2  2462 509 0 -0.0363655331226389 -0
0

0101000
+523 3 -516 3 *
Wi

0101100
+517 0 -515 0 -514 0 +522 0 *
Fa
0  1e-07 514 0

0101000
-513 0 *
Ve
1e-07
1.83536294853993 -2.02853539326407 1
0 0

0101101
*
Ed
 1e-07 1 1 0
1  1232 0 -0.0325444227810636 0
2  2463 515 0 -0.0325444227810636 0
2  2464 507 0 -0.0325444227810636 0
0

0101000
+518 3 -511 3 *
Ve
1e-07
1.83536294853993 -2.02853539326407 1.001
0 0

0101101
*
Ed
 1e-07 1 1 0
1  1233 0 -0 0.00099999999999989
2  2465 515 0 -0 0.00099999999999989
2  2466 516 0 -0 0.00099999999999989
0

0101000
+509 3 -511 3 *
Ed
 1e-07 1 1 0
1  1234 0 -0.0325444227810636 0
2  2467 515 0 -0.0325444227810636 0
2  2468 509 0 -0.0325444227810636 0
0

0101000
+516 3 -509 3 *
Wi

0101100
+510 0 -508 0 -507 0 +515 0 *
Fa
0  1e-07 515 0

0101000
-506 0 *
Ve
1e-07
1.87461380988053 -2.02853539326407 1
0 0

0101101
*
Ed
 1e-07 1 1 0
1  1235 0 -0.0392508613405944 0
2  2469 516 0 -0.0392508613405944 0
2  2470 507 0 -0.0392508613405944 0
0

0101000
+511 3 -504 3 *
Ve
1e-07
1.87461380988053 -2.02853539326407 1.001
0 0

0101101
*
Ed
 1e-07 1 1 0
1  1236 0 -0 0.00099999999999989
2  2471 516 0 -0 0.00099999999999989
2  2472 517 0 -0 0.00099999999999989
0

0101000
+502 3 -504 3 *
Ed
 1e-07 1 1 0
1  1237 0 -0.0392508613405944 0
2  2473 516 0 -0.0392508613405944 0
2  2474 509 0 -0.0392508613405944 0
0

0101000
+509 3 -502 3 *
Wi

0101100
+503 0 -501 0 -500 0 +508 0 *
Fa
0  1e-07 516 0

0101000
-499 0 *
Ve
1e-07
1.87461380988053 -2.01683811670567 1
0 0

0101101
*
Ed
 1e-07 1 1 0
1  1238 0 -0.0116972765584045 0
2  2475 517 0 -0.0116972765584045 0
2  2476 507 0 -0.0116972765584045 0
0

0101000
+504 3 -497 3 *
Ve
1e-07
1.87461380988053 -2.01683811670567 1.001
0 0

0101101
*
Ed
 1e-07 1 1 0
1  1239 0 -0 0.00099999999999989
2  2477 517 0 -0 0.00099999999999989
2  2478 518 0 -0 0.00099999999999989
0

0101000
+495 3 -497 3 *
Ed
 1e-07 1 1 0
1  1240 0 -0.0116972765584045 0
2  2479 517 0 -0.0116972765584045 0
2  2480 509 0 -0.0116972765584045 0
0

0101000
+502 3 -495 3 *
Wi

0101100
+496 0 -494 0 -493 0 +501 0 *
Fa
0  1e-07 517 0

0101000
-492 0 *
Ve
1e-07
1.82223600484614 -2.01683811670567 1
0 0

0101101
*
Ed
 1e-07 1 1 0
1  1241 0 -0.0523778050343835 -0
2  2481 518 0 -0.0523778050343835 -0
2  2482 507 0 -0.0523778050343835 -0
0

0101000
+497 3 -490 3 *
Ve
1e-07
1.82223600484614 -2.01683811670567 1.001
0 0

0101101
*
Ed
 1e-07 1 1 0
1  1242 0 -0 0.00099999999999989
2  2483 518 0 -0 0.00099999999999989
2  2484 519 0 -0 0.00099999999999989
0

0101000
+488 3 -490 3 *
Ed
 1e-07 1 1 0
1  1243 0 -0.0523778050343835 -0
2  2485 518 0 -0.0523778050343835 -0
2  2486 509 0 -0.0523778050343835 -0
0

0101000
+495 3 -488 3 *
Wi

0101100
+489 0 -487 0 -486 0 +494 0 *
Fa
0  1e-07 518 0

0101000
-485 0 *
Ve
1e-07
1.82223600484614 -2.11852644092133 1
0 0

0101101
*
Ed
 1e-07 1 1 0
1  1244 0 -0.101688324215667 -0
2  2487 519 0 -0.101688324215667 -0
2  2488 507 0 -0.101688324215667 -0
0

0101000
+490 3 -483 3 *
Ve
1e-07
1.82223600484614 -2.11852644092133 1.001
0 0

0101101
*
Ed
 1e-07 1 1 0
1  1245 0 -0 0.00099999999999989
2  2489 519 0 -0 0.00099999999999989
2  2490 510 0 -0 0.00099999999999989
0

0101000
+481 3 -483 3 *
Ed
 1e-07 1 1 0
1  1246 0 -0.101688324215667 -0
2  2491 519 0 -0.101688324215667 -0
2  2492 509 0 -0.101688324215667 -0
0

0101000
+488 3 -481 3 *
Wi

0101100
+482 0 -480 0 -479 0 +487 0 *
Fa
0  1e-07 519 0

0101000
-478 0 *
Ed
 1e-07 1 1 0
1  1247 0 -0.0546912663983279 0
2  2493 510 0 -0.0546912663983279 0
2  2494 507 0 -0.0546912663983279 0
0

0101000
+483 3 -556 3 *
Ed
 1e-07 1 1 0
1  1248 0 -0.0546912663983279 0
2  2495 510 0 -0.0546912663983279 0
2  2496 509 0 -0.0546912663983279 0
0

0101000
+481 3 -551 3 *
Wi

0101100
+476 0 -549 0 -475 0 +480 0 *
Fa
0  1e-07 510 0

0101000
-474 0 *
Wi

0101100
+550 0 +542 0 +535 0 +528 0 +521 0 +514 0 +507 0 +500 0 +493 0 +486 0 
+479 0 +475 0 *
Fa
0  1e-07 509 0

0101000
-472 0 *
Wi

0101100
-554 0 -476 0 -482 0 -489 0 -496 0 -503 0 -510 0 -517 0 -524 0 -531 0 
-538 0 -545 0 *
Fa
0  1e-07 507 0

0101000
+470 0 *
Sh

0101100
-547 0 -540 0 -533 0 -526 0 -519 0 -512 0 -505 0 -498 0 -491 0 -484 0 
-477 0 -473 0 -471 0 +469 0 *
So

0100000
+468 0 *
Ve
1e-07
1.89613679874872 -2.11852644092133 1.001
0 0

0101101
*
Ve
1e-07
1.92410628669765 -2.11852644092133 1.001
0 0

0101101
*
Ed
 1e-07 1 1 0
1  1249 0 -0.0279694879489367 2.22044604925031e-16
2  2497 520 0 -0.0279694879489367 2.22044604925031e-16
2  2498 521 0 -0.0279694879489367 2.22044604925031e-16
0

0101000
+466 3 -465 3 *
Ve
1e-07
1.96359109356915 -2.10428175746808 1.001
0 0

0101101
*
Ed
 1e-07 1 1 0
1  1250 0 5 6
2  2499 520 0 5 6
2  2500 522 0 5 6
0

0101000
+465 3 -463 3 *
Ve
1e-07
1.97892752283537 -2.06638258141854 1.001
0 0

0101101
*
Ed
 1e-07 1 1 0
1  1251 0 4 5
2  2501 520 0 4 5
2  2502 523 0 4 5
0

0101000
+463 3 -461 3 *
Ve
1e-07
1.96359109356915 -2.03030298172188 1.001
0 0

0101101
*
Ed
 1e-07 1 1 0
1  1252 0 3 4
2  2503 520 0 3 4
2  2504 524 0 3 4
0

0101000
+461 3 -459 3 *
Ve
1e-07
1.92514604461348 -2.01683811670567 1.001
0 0

0101101
*
Ed
 1e-07 1 1 0
1  1253 0 2 3
2  2505 520 0 2 3
2  2506 525 0 2 3
0

0101000
+459 3 -457 3 *
Ve
1e-07
1.89613679874872 -2.01683811670567 1.001
0 0

0101101
*
Ed
 1e-07 1 1 0
1  1254 0 -0.0290092458647599 -0
2  2507 520 0 -0.0290092458647599 -0
2  2508 526 0 -0.0290092458647599 -0
0

0101000
+457 3 -455 3 *
Ed
 1e-07 1 1 0
1  1255 0 -0.101688324215667 -0
2  2509 520 0 -0.101688324215667 -0
2  2510 527 0 -0.101688324215667 -0
0

0101000
+455 3 -466 3 *
Wi

0101100
+464 0 +462 0 +460 0 +458 0 +456 0 +454 0 +453 0 *
Ve
1e-07
1.90926374244181 -2.02853539326407 1.001
0 0

0101101
*
Ve
1e-07
1.90926374244181 -2.10693314015444 1.001
0 0

0101101
*
Ed
 1e-07 1 1 0
1  1256 0 0 0.0783977468903685
2  2511 520 0 0 0.0783977468903685
2  2512 528 0 0 0.0783977468903685
0

0101000
+451 3 -450 3 *
Ve
1e-07
1.92462616565522 -2.02853539326407 1.001
0 0

0101101
*
Ed
 1e-07 1 1 0
1  1257 0 0 0.0153624232134044
2  2513 520 0 0 0.0153624232134044
2  2514 529 0 0 0.0153624232134044
0

0101000
+448 3 -451 3 *
Ve
1e-07
1.95397333284309 -2.03810116609438 1.001
0 0

0101101
*
Ed
 1e-07 1 1 0
1  1258 0 5 6
2  2515 520 0 5 6
2  2516 530 0 5 6
0

0101000
+446 3 -448 3 *
Ve
1e-07
1.96512473649536 -2.06674649668884 1.001
0 0

0101101
*
Ed
 1e-07 1 1 0
1  1259 0 4 5
2  2517 520 0 4 5
2  2518 531 0 4 5
0

0101000
+444 3 -446 3 *
Ve
1e-07
1.95425926627044 -2.09632760940831 1.001
0 0

0101101
*
Ed
 1e-07 1 1 0
1  1260 0 3 4
2  2519 520 0 3 4
2  2520 532 0 3 4
0

0101000
+442 3 -444 3 *
Ve
1e-07
1.92402830485332 -2.10693314015444 1.001
0 0

0101101
*
Ed
 1e-07 1 1 0
1  1261 0 2 3
2  2521 520 0 2 3
2  2522 533 0 2 3
0

0101000
+440 3 -442 3 *
Ed
 1e-07 1 1 0
1  1262 0 0 0.0147645624115116
2  2523 520 0 0 0.0147645624115116
2  2524 534 0 0 0.0147645624115116
0

0101000
+450 3 -440 3 *
Wi

0101100
-449 0 -447 0 -445 0 -443 0 -441 0 -439 0 -438 0 *
Fa
0  1e-07 520 0

0101000
+452 0 +437 0 *
Ve
1e-07
1.89613679874872 -2.11852644092133 1
0 0

0101101
*
Ve
1e-07
1.92410628669765 -2.11852644092133 1
0 0

0101101
*
Ed
 1e-07 1 1 0
1  1263 0 -0.0279694879489367 2.22044604925031e-16
2  2525 535 0 -0.0279694879489367 2.22044604925031e-16
2  2526 521 0 -0.0279694879489367 2.22044604925031e-16
0

0101000
+435 3 -434 3 *
Ve
1e-07
1.89613679874872 -2.01683811670567 1
0 0

0101101
*
Ed
 1e-07 1 1 0
1  1264 0 -0.101688324215667 -0
2  2527 535 0 -0.101688324215667 -0
2  2528 527 0 -0.101688324215667 -0
0

0101000
+432 3 -435 3 *
Ve
1e-07
1.92514604461348 -2.01683811670567 1
0 0

0101101
*
Ed
 1e-07 1 1 0
1  1265 0 -0.0290092458647599 -0
2  2529 535 0 -0.0290092458647599 -0
2  2530 526 0 -0.0290092458647599 -0
0

0101000
+430 3 -432 3 *
Ve
1e-07
1.96359109356915 -2.03030298172188 1
0 0

0101101
*
Ed
 1e-07 1 1 0
1  1266 0 2 3
2  2531 535 0 2 3
2  2532 525 0 2 3
0

0101000
+428 3 -430 3 *
Ve
1e-07
1.97892752283537 -2.06638258141854 1
0 0

0101101
*
Ed
 1e-07 1 1 0
1  1267 0 3 4
2  2533 535 0 3 4
2  2534 524 0 3 4
0

0101000
+426 3 -428 3 *
Ve
1e-07
1.96359109356915 -2.10428175746808 1
0 0

0101101
*
Ed
 1e-07 1 1 0
1  1268 0 4 5
2  2535 535 0 4 5
2  2536 523 0 4 5
0

0101000
+424 3 -426 3 *
Ed
 1e-07 1 1 0
1  1269 0 5 6
2  2537 535 0 5 6
2  2538 522 0 5 6
0

0101000
+434 3 -424 3 *
Wi

0101100
-433 0 -431 0 -429 0 -427 0 -425 0 -423 0 -422 0 *
Ve
1e-07
1.92462616565522 -2.02853539326407 1
0 0

0101101
*
Ve
1e-07
1.90926374244181 -2.02853539326407 1
0 0

0101101
*
Ed
 1e-07 1 1 0
1  1270 0 0 0.0153624232134044
2  2539 535 0 0 0.0153624232134044
2  2540 529 0 0 0.0153624232134044
0

0101000
+420 3 -419 3 *
Ve
1e-07
1.90926374244181 -2.10693314015444 1
0 0

0101101
*
Ed
 1e-07 1 1 0
1  1271 0 0 0.0783977468903685
2  2541 535 0 0 0.0783977468903685
2  2542 528 0 0 0.0783977468903685
0

0101000
+419 3 -417 3 *
Ve
1e-07
1.92402830485332 -2.10693314015444 1
0 0

0101101
*
Ed
 1e-07 1 1 0
1  1272 0 0 0.0147645624115116
2  2543 535 0 0 0.0147645624115116
2  2544 534 0 0 0.0147645624115116
0

0101000
+417 3 -415 3 *
Ve
1e-07
1.95425926627044 -2.09632760940831 1
0 0

0101101
*
Ed
 1e-07 1 1 0
1  1273 0 2 3
2  2545 535 0 2 3
2  2546 533 0 2 3
0

0101000
+415 3 -413 3 *
Ve
1e-07
1.96512473649536 -2.06674649668884 1
0 0

0101101
*
Ed
 1e-07 1 1 0
1  1274 0 3 4
2  2547 535 0 3 4
2  2548 532 0 3 4
0

0101000
+413 3 -411 3 *
Ve
1e-07
1.95397333284309 -2.03810116609438 1
0 0

0101101
*
Ed
 1e-07 1 1 0
1  1275 0 4 5
2  2549 535 0 4 5
2  2550 531 0 4 5
0

0101000
+411 3 -409 3 *
Ed
 1e-07 1 1 0
1  1276 0 5 6
2  2551 535 0 5 6
2  2552 530 0 5 6
0

0101000
+409 3 -420 3 *
Wi

0101100
+418 0 +416 0 +414 0 +412 0 +410 0 +408 0 +407 0 *
Fa
0  1e-07 535 0

0101000
-421 0 -406 0 *
Ed
 1e-07 1 1 0
1  1277 0 -0 0.00099999999999989
2  2553 521 0 -0 0.00099999999999989
2  2554 522 0 -0 0.00099999999999989
4 G1 521 0 522 0
0

0101000
+465 3 -434 3 *
Ed
 1e-07 1 1 0
1  1278 0 -0 0.00099999999999989
2  2555 521 0 -0 0.00099999999999989
2  2556 527 0 -0 0.00099999999999989
0

0101000
+466 3 -435 3 *
Wi

0101100
+433 0 -404 0 -464 0 +403 0 *
Fa
0  1e-07 521 0

0101000
-402 0 *
Ed
 1e-07 1 1 0
1  1279 0 -0 0.00099999999999989
2  2557 522 0 -0 0.00099999999999989
2  2558 523 0 -0 0.00099999999999989
4 C1 522 0 523 0
0

0101000
+463 3 -424 3 *
Wi

0101100
-404 0 +462 0 +400 0 -422 0 *
Fa
0  1e-07 522 0

0101000
+399 0 *
Ed
 1e-07 1 1 0
1  1280 0 -0 0.00099999999999989
2  2559 523 0 -0 0.00099999999999989
2  2560 524 0 -0 0.00099999999999989
4 G1 523 0 524 0
0

0101000
+461 3 -426 3 *
Wi

0101100
-400 0 +460 0 +397 0 -423 0 *
Fa
0  1e-07 523 0

0101000
+396 0 *
Ed
 1e-07 1 1 0
1  1281 0 -0 0.00099999999999989
2  2561 524 0 -0 0.00099999999999989
2  2562 525 0 -0 0.00099999999999989
4 C1 524 0 525 0
0

0101000
+459 3 -428 3 *
Wi

0101100
-397 0 +458 0 +394 0 -425 0 *
Fa
0  1e-07 524 0

0101000
+393 0 *
Ed
 1e-07 1 1 0
1  1282 0 -0 0.00099999999999989
2  2563 525 0 -0 0.00099999999999989
2  2564 526 0 -0 0.00099999999999989
4 G1 525 0 526 0
0

0101000
+457 3 -430 3 *
Wi

0101100
-394 0 +456 0 +391 0 -427 0 *
Fa
0  1e-07 525 0

0101000
+390 0 *
Ed
 1e-07 1 1 0
1  1283 0 -0 0.00099999999999989
2  2565 526 0 -0 0.00099999999999989
2  2566 527 0 -0 0.00099999999999989
0

0101000
+455 3 -432 3 *
Wi

0101100
+429 0 -388 0 -454 0 +391 0 *
Fa
0  1e-07 526 0

0101000
-387 0 *
Wi

0101100
+431 0 -403 0 -453 0 +388 0 *
Fa
0  1e-07 527 0

0101000
-385 0 *
Ed
 1e-07 1 1 0
1  1284 0 -0 0.00099999999999989
2  2567 529 0 -0 0.00099999999999989
2  2568 530 0 -0 0.00099999999999989
4 G1 529 0 530 0
0

0101000
+448 3 -420 3 *
Ed
 1e-07 1 1 0
1  1285 0 -0 0.00099999999999989
2  2569 529 0 -0 0.00099999999999989
2  2570 528 0 -0 0.00099999999999989
0

0101000
+451 3 -419 3 *
Wi

0101100
-418 0 -383 0 +447 0 +382 0 *
Fa
0  1e-07 529 0

0101000
+381 0 *
Ed
 1e-07 1 1 0
1  1286 0 -0 0.00099999999999989
2  2571 528 0 -0 0.00099999999999989
2  2572 534 0 -0 0.00099999999999989
0

0101000
+450 3 -417 3 *
Wi

0101100
-416 0 -382 0 +449 0 +379 0 *
Fa
0  1e-07 528 0

0101000
+378 0 *
Ed
 1e-07 1 1 0
1  1287 0 -0 0.00099999999999989
2  2573 534 0 -0 0.00099999999999989
2  2574 533 0 -0 0.00099999999999989
4 G1 534 0 533 0
0

0101000
+440 3 -415 3 *
Wi

0101100
-414 0 -379 0 +438 0 +376 0 *
Fa
0  1e-07 534 0

0101000
+375 0 *
Ed
 1e-07 1 1 0
1  1288 0 -0 0.00099999999999989
2  2575 533 0 -0 0.00099999999999989
2  2576 532 0 -0 0.00099999999999989
4 G1 533 0 532 0
0

0101000
+442 3 -413 3 *
Wi

0101100
-412 0 -376 0 +439 0 +373 0 *
Fa
0  1e-07 533 0

0101000
+372 0 *
Ed
 1e-07 1 1 0
1  1289 0 -0 0.00099999999999989
2  2577 532 0 -0 0.00099999999999989
2  2578 531 0 -0 0.00099999999999989
4 C1 532 0 531 0
0

0101000
+444 3 -411 3 *
Wi

0101100
-410 0 -373 0 +441 0 +370 0 *
Fa
0  1e-07 532 0

0101000
+369 0 *
Ed
 1e-07 1 1 0
1  1290 0 -0 0.00099999999999989
2  2579 531 0 -0 0.00099999999999989
2  2580 530 0 -0 0.00099999999999989
4 C1 531 0 530 0
0

0101000
+446 3 -409 3 *
Wi

0101100
-408 0 -370 0 +443 0 +367 0 *
Fa
0  1e-07 531 0

0101000
+366 0 *
Wi

0101100
-407 0 -367 0 +445 0 +383 0 *
Fa
0  1e-07 530 0

0101000
+364 0 *
Sh

0101100
+436 0 -405 0 -401 0 -398 0 -395 0 -392 0 -389 0 -386 0 -384 0 +380 0 
+377 0 +374 0 +371 0 +368 0 +365 0 +363 0 *
So

0100000
+362 0 *
Ve
1e-07
2.07606690616679 -2.11852644092133 1.001
0 0

0101101
*
Ve
1e-07
2.03733592378445 -2.01683811670567 1.001
0 0

0101101
*
Ed
 1e-07 1 1 0
1  1291 0 -0.108814540747509 0
2  2581 536 0 -0.108814540747509 0
2  2582 537 0 -0.108814540747509 0
0

0101000
+360 3 -359 3 *
Ve
1e-07
2.02329919191354 -2.01683811670567 1.001
0 0

0101101
*
Ed
 1e-07 1 1 0
1  1292 0 -0.0140367318709194 -0
2  2583 536 0 -0.0140367318709194 -0
2  2584 538 0 -0.0140367318709194 -0
0

0101000
+359 3 -357 3 *
Ve
1e-07
1.98456820953051 -2.11852644092133 1.001
0 0

0101101
*
Ed
 1e-07 1 1 0
1  1293 0 -0.108814540747756 -0
2  2585 536 0 -0.108814540747756 -0
2  2586 539 0 -0.108814540747756 -0
0

0101000
+357 3 -355 3 *
Ve
1e-07
1.99907283246323 -2.11852644092133 1.001
0 0

0101101
*
Ed
 1e-07 1 1 0
1  1294 0 -0.0145046229327273 0
2  2587 536 0 -0.0145046229327273 0
2  2588 540 0 -0.0145046229327273 0
0

0101000
+355 3 -353 3 *
Ve
1e-07
2.00884655687656 -2.09071291666036 1.001
0 0

0101101
*
Ed
 1e-07 1 1 0
1  1295 0 -0.029480804275382 0
2  2589 536 0 -0.029480804275382 0
2  2590 541 0 -0.029480804275382 0
0

0101000
+353 3 -351 3 *
Ve
1e-07
2.05119069801884 -2.09071291666036 1.001
0 0

0101101
*
Ed
 1e-07 1 1 0
1  1296 0 -0.0423441411422729 0
2  2591 536 0 -0.0423441411422729 0
2  2592 542 0 -0.0423441411422729 0
0

0101000
+351 3 -349 3 *
Ve
1e-07
2.06156228323476 -2.11852644092133 1.001
0 0

0101101
*
Ed
 1e-07 1 1 0
1  1297 0 -0.0296843715060088 0
2  2593 536 0 -0.0296843715060088 0
2  2594 543 0 -0.0296843715060088 0
0

0101000
+349 3 -347 3 *
Ed
 1e-07 1 1 0
1  1298 0 -0.0145046229320331 0
2  2595 536 0 -0.0145046229320331 0
2  2596 544 0 -0.0145046229320331 0
0

0101000
+347 3 -360 3 *
Wi

0101100
+358 0 +356 0 +354 0 +352 0 +350 0 +348 0 +346 0 +345 0 *
Ve
1e-07
2.01300558854264 -2.07922359168498 1.001
0 0

0101101
*
Ve
1e-07
2.04713564214566 -2.07922359168498 1.001
0 0

0101101
*
Ed
 1e-07 1 1 0
1  1299 0 0 0.0341300536030276
2  2597 536 0 0 0.0341300536030276
2  2598 545 0 0 0.0341300536030276
0

0101000
+343 3 -342 3 *
Ve
1e-07
2.02821204806808 -2.03695743238635 1.001
0 0

0101101
*
Ed
 1e-07 1 1 0
1  1300 0 4.17867424077438e-16 0.0449184219798139
2  2599 536 0 4.17867424077438e-16 0.0449184219798139
2  2600 546 0 4.17867424077438e-16 0.0449184219798139
0

0101000
+340 3 -343 3 *
Ve
1e-07
2.02987566073437 -2.02983509066007 1.001
0 0

0101101
*
Ed
 1e-07 1 1 0
1  1301 0 3 4
2  2601 536 0 3 4
2  2602 547 0 3 4
0

0101000
+338 3 -340 3 *
Ve
1e-07
2.0301875881096 -2.02983509066007 1.001
0 0

0101101
*
Ed
 1e-07 1 1 0
1  1302 0 0 0.000311927375233445
2  2603 536 0 0 0.000311927375233445
2  2604 548 0 0 0.000311927375233445
0

0101000
+336 3 -338 3 *
Ve
1e-07
2.03177321893157 -2.03695743238635 1.001
0 0

0101101
*
Ed
 1e-07 1 1 0
1  1303 0 1 2
2  2605 536 0 1 2
2  2606 549 0 1 2
0

0101000
+334 3 -336 3 *
Ed
 1e-07 1 1 0
1  1304 0 0 0.044971460604107
2  2607 536 0 0 0.044971460604107
2  2608 550 0 0 0.044971460604107
0

0101000
+342 3 -334 3 *
Wi

0101100
-341 0 -339 0 -337 0 -335 0 -333 0 -332 0 *
Fa
0  1e-07 536 0

0101000
-344 0 -331 0 *
Ve
1e-07
2.07606690616679 -2.11852644092133 1
0 0

0101101
*
Ve
1e-07
2.03733592378445 -2.01683811670567 1
0 0

0101101
*
Ed
 1e-07 1 1 0
1  1305 0 -0.108814540747509 0
2  2609 551 0 -0.108814540747509 0
2  2610 537 0 -0.108814540747509 0
0

0101000
+329 3 -328 3 *
Ve
1e-07
2.06156228323476 -2.11852644092133 1
0 0

0101101
*
Ed
 1e-07 1 1 0
1  1306 0 -0.0145046229320331 0
2  2611 551 0 -0.0145046229320331 0
2  2612 544 0 -0.0145046229320331 0
0

0101000
+326 3 -329 3 *
Ve
1e-07
2.05119069801884 -2.09071291666036 1
0 0

0101101
*
Ed
 1e-07 1 1 0
1  1307 0 -0.0296843715060088 0
2  2613 551 0 -0.0296843715060088 0
2  2614 543 0 -0.0296843715060088 0
0

0101000
+324 3 -326 3 *
Ve
1e-07
2.00884655687656 -2.09071291666036 1
0 0

0101101
*
Ed
 1e-07 1 1 0
1  1308 0 -0.0423441411422729 0
2  2615 551 0 -0.0423441411422729 0
2  2616 542 0 -0.0423441411422729 0
0

0101000
+322 3 -324 3 *
Ve
1e-07
1.99907283246323 -2.11852644092133 1
0 0

0101101
*
Ed
 1e-07 1 1 0
1  1309 0 -0.029480804275382 0
2  2617 551 0 -0.029480804275382 0
2  2618 541 0 -0.029480804275382 0
0

0101000
+320 3 -322 3 *
Ve
1e-07
1.98456820953051 -2.11852644092133 1
0 0

0101101
*
Ed
 1e-07 1 1 0
1  1310 0 -0.0145046229327273 0
2  2619 551 0 -0.0145046229327273 0
2  2620 540 0 -0.0145046229327273 0
0

0101000
+318 3 -320 3 *
Ve
1e-07
2.02329919191354 -2.01683811670567 1
0 0

0101101
*
Ed
 1e-07 1 1 0
1  1311 0 -0.108814540747756 -0
2  2621 551 0 -0.108814540747756 -0
2  2622 539 0 -0.108814540747756 -0
0

0101000
+316 3 -318 3 *
Ed
 1e-07 1 1 0
1  1312 0 -0.0140367318709194 -0
2  2623 551 0 -0.0140367318709194 -0
2  2624 538 0 -0.0140367318709194 -0
0

0101000
+328 3 -316 3 *
Wi

0101100
-327 0 -325 0 -323 0 -321 0 -319 0 -317 0 -315 0 -314 0 *
Ve
1e-07
2.02821204806808 -2.03695743238635 1
0 0

0101101
*
Ve
1e-07
2.01300558854264 -2.07922359168498 1
0 0

0101101
*
Ed
 1e-07 1 1 0
1  1313 0 4.17867424077438e-16 0.0449184219798139
2  2625 551 0 4.17867424077438e-16 0.0449184219798139
2  2626 546 0 4.17867424077438e-16 0.0449184219798139
0

0101000
+312 3 -311 3 *
Ve
1e-07
2.04713564214566 -2.07922359168498 1
0 0

0101101
*
Ed
 1e-07 1 1 0
1  1314 0 0 0.0341300536030276
2  2627 551 0 0 0.0341300536030276
2  2628 545 0 0 0.0341300536030276
0

0101000
+311 3 -309 3 *
Ve
1e-07
2.03177321893157 -2.03695743238635 1
0 0

0101101
*
Ed
 1e-07 1 1 0
1  1315 0 0 0.044971460604107
2  2629 551 0 0 0.044971460604107
2  2630 550 0 0 0.044971460604107
0

0101000
+309 3 -307 3 *
Ve
1e-07
2.0301875881096 -2.02983509066007 1
0 0

0101101
*
Ed
 1e-07 1 1 0
1  1316 0 1 2
2  2631 551 0 1 2
2  2632 549 0 1 2
0

0101000
+307 3 -305 3 *
Ve
1e-07
2.02987566073437 -2.02983509066007 1
0 0

0101101
*
Ed
 1e-07 1 1 0
1  1317 0 0 0.000311927375233445
2  2633 551 0 0 0.000311927375233445
2  2634 548 0 0 0.000311927375233445
0

0101000
+305 3 -303 3 *
Ed
 1e-07 1 1 0
1  1318 0 3 4
2  2635 551 0 3 4
2  2636 547 0 3 4
0

0101000
+303 3 -312 3 *
Wi

0101100
+310 0 +308 0 +306 0 +304 0 +302 0 +301 0 *
Fa
0  1e-07 551 0

0101000
+313 0 +300 0 *
Ed
 1e-07 1 1 0
1  1319 0 -0 0.00099999999999989
2  2637 537 0 -0 0.00099999999999989
2  2638 538 0 -0 0.00099999999999989
0

0101000
+359 3 -328 3 *
Ed
 1e-07 1 1 0
1  1320 0 -0 0.00099999999999989
2  2639 537 0 -0 0.00099999999999989
2  2640 544 0 -0 0.00099999999999989
0

0101000
+360 3 -329 3 *
Wi

0101100
+327 0 -298 0 -358 0 +297 0 *
Fa
0  1e-07 537 0

0101000
-296 0 *
Ed
 1e-07 1 1 0
1  1321 0 -0 0.00099999999999989
2  2641 538 0 -0 0.00099999999999989
2  2642 539 0 -0 0.00099999999999989
0

0101000
+357 3 -316 3 *
Wi

0101100
+314 0 -294 0 -356 0 +298 0 *
Fa
0  1e-07 538 0

0101000
-293 0 *
Ed
 1e-07 1 1 0
1  1322 0 -0 0.00099999999999989
2  2643 539 0 -0 0.00099999999999989
2  2644 540 0 -0 0.00099999999999989
0

0101000
+355 3 -318 3 *
Wi

0101100
+315 0 -291 0 -354 0 +294 0 *
Fa
0  1e-07 539 0

0101000
-290 0 *
Ed
 1e-07 1 1 0
1  1323 0 -0 0.00099999999999989
2  2645 540 0 -0 0.00099999999999989
2  2646 541 0 -0 0.00099999999999989
0

0101000
+353 3 -320 3 *
Wi

0101100
+317 0 -288 0 -352 0 +291 0 *
Fa
0  1e-07 540 0

0101000
-287 0 *
Ed
 1e-07 1 1 0
1  1324 0 -0 0.00099999999999989
2  2647 541 0 -0 0.00099999999999989
2  2648 542 0 -0 0.00099999999999989
0

0101000
+351 3 -322 3 *
Wi

0101100
+319 0 -285 0 -350 0 +288 0 *
Fa
0  1e-07 541 0

0101000
-284 0 *
Ed
 1e-07 1 1 0
1  1325 0 -0 0.00099999999999989
2  2649 542 0 -0 0.00099999999999989
2  2650 543 0 -0 0.00099999999999989
0

0101000
+349 3 -324 3 *
Wi

0101100
+321 0 -282 0 -348 0 +285 0 *
Fa
0  1e-07 542 0

0101000
-281 0 *
Ed
 1e-07 1 1 0
1  1326 0 -0 0.00099999999999989
2  2651 543 0 -0 0.00099999999999989
2  2652 544 0 -0 0.00099999999999989
0

0101000
+347 3 -326 3 *
Wi

0101100
+323 0 -279 0 -346 0 +282 0 *
Fa
0  1e-07 543 0

0101000
-278 0 *
Wi

0101100
+325 0 -297 0 -345 0 +279 0 *
Fa
0  1e-07 544 0

0101000
-276 0 *
Ed
 1e-07 1 1 0
1  1327 0 -0 0.00100000000000033
2  2653 545 0 -0 0.00100000000000033
2  2654 546 0 -0 0.00100000000000033
0

0101000
+343 3 -311 3 *
Ed
 1e-07 1 1 0
1  1328 0 -0 0.00099999999999989
2  2655 545 0 -0 0.00099999999999989
2  2656 550 0 -0 0.00099999999999989
0

0101000
+342 3 -309 3 *
Wi

0101100
-308 0 -274 0 +341 0 +273 0 *
Fa
0  1e-07 545 0

0101000
+272 0 *
Ed
 1e-07 1 1 0
1  1329 0 -0 0.00099999999999989
2  2657 550 0 -0 0.00099999999999989
2  2658 549 0 -0 0.00099999999999989
0

0101000
+334 3 -307 3 *
Wi

0101100
-306 0 -273 0 +332 0 +270 0 *
Fa
0  1e-07 550 0

0101000
+269 0 *
Ed
 1e-07 1 1 0
1  1330 0 -0 0.00099999999999989
2  2659 549 0 -0 0.00099999999999989
2  2660 548 0 -0 0.00099999999999989
0

0101000
+336 3 -305 3 *
Wi

0101100
-304 0 -270 0 +333 0 +267 0 *
Fa
0  1e-07 549 0

0101000
+266 0 *
Ed
 1e-07 1 1 0
1  1331 0 -0 0.00099999999999989
2  2661 548 0 -0 0.00099999999999989
2  2662 547 0 -0 0.00099999999999989
0

0101000
+338 3 -303 3 *
Wi

0101100
-302 0 -267 0 +335 0 +264 0 *
Fa
0  1e-07 548 0

0101000
+263 0 *
Ed
 1e-07 1 1 0
1  1332 0 6.66133814775094e-16 0.00099999999999989
2  2663 547 0 6.66133814775094e-16 0.00099999999999989
2  2664 546 0 6.66133814775094e-16 0.00099999999999989
0

0101000
+340 3 -312 3 *
Wi

0101100
-301 0 -264 0 +337 0 +261 0 *
Fa
0  1e-07 547 0

0101000
+260 0 *
Wi

0101100
-310 0 -261 0 +339 0 +274 0 *
Fa
0  1e-07 546 0

0101000
+258 0 *
Sh

0101100
-330 0 +299 0 -295 0 -292 0 -289 0 -286 0 -283 0 -280 0 -277 0 -275 0 
+271 0 +268 0 +265 0 +262 0 +259 0 +257 0 *
So

0100000
+256 0 *
Ve
1e-07
1.45733680806393 -2.01766001070216 1.001
0 0

0101101
*
Ve
1e-07
1.38576045966859 -1.92294787585127 1.001
0 0

0101101
*
Ed
 1e-07 1 1 0
1  1333 0 35 36
2  2665 552 0 35 36
2  2666 553 0 35 36
0

0101000
+254 3 -253 3 *
Ve
1e-07
1.34671879503115 -1.86583138192474 1.001
0 0

0101101
*
Ed
 1e-07 1 1 0
1  1334 0 0 1
2  2667 552 0 0 1
2  2668 554 0 0 1
0

0101000
+253 3 -251 3 *
Ve
1e-07
1.24839167846393 -1.82823571342105 1.001
0 0

0101101
*
Ed
 1e-07 1 1 0
1  1335 0 1 2
2  2669 552 0 1 2
2  2670 555 0 1 2
0

0101000
+251 3 -249 3 *
Ve
1e-07
1.16163244822948 -1.85643246393703 1.001
0 0

0101101
*
Ed
 1e-07 1 1 0
1  1336 0 2 3
2  2671 552 0 2 3
2  2672 556 0 2 3
0

0101000
+249 3 -247 3 *
Ve
1e-07
1.12982073323504 -1.88824418237863 1.001
0 0

0101101
*
Ed
 1e-07 1 1 0
1  1337 0 3 4
2  2673 552 0 3 4
2  2674 557 0 3 4
0

0101000
+247 3 -245 3 *
Ve
1e-07
1.11319188628935 -1.88679819658738 1.001
0 0

0101101
*
Ed
 1e-07 1 1 0
1  1338 0 4 5
2  2675 552 0 4 5
2  2676 558 0 4 5
0

0101000
+245 3 -243 3 *
Ve
1e-07
1.03004762398157 -1.92150189006002 1.001
0 0

0101101
*
Ed
 1e-07 1 1 0
1  1339 0 5 6
2  2677 552 0 5 6
2  2678 559 0 5 6
0

0101000
+243 3 -241 3 *
Ve
1e-07
0.996066906167036 -2.00392314912932 1.001
0 0

0101101
*
Ed
 1e-07 1 1 0
1  1340 0 6 7
2  2679 552 0 6 7
2  2680 560 0 6 7
0

0101000
+241 3 -239 3 *
Ve
1e-07
1.02643263537023 -2.08272943337799 1.001
0 0

0101101
*
Ed
 1e-07 1 1 0
1  1341 0 7 8
2  2681 552 0 7 8
2  2682 561 0 7 8
0

0101000
+239 3 -237 3 *
Ve
1e-07
1.08427212219273 -2.11743311995563 1.001
0 0

0101101
*
Ed
 1e-07 1 1 0
1  1342 0 8 9
2  2683 552 0 8 9
2  2684 562 0 8 9
0

0101000
+237 3 -235 3 *
Ve
1e-07
1.15295651969024 -2.16659667823924 1.001
0 0

0101101
*
Ed
 1e-07 1 1 0
1  1343 0 9 10
2  2685 552 0 9 10
2  2686 563 0 9 10
0

0101000
+235 3 -233 3 *
Ve
1e-07
1.22525587821907 -2.09429731971077 1.001
0 0

0101101
*
Ed
 1e-07 1 1 0
1  1344 0 10 11
2  2687 552 0 10 11
2  2688 564 0 10 11
0

0101000
+233 3 -231 3 *
Ve
1e-07
1.22525587821907 -2.08706738385743 1.001
0 0

0101101
*
Ed
 1e-07 1 1 0
1  1345 0 11 12
2  2689 552 0 11 12
2  2690 565 0 11 12
0

0101000
+231 3 -229 3 *
Ve
1e-07
1.32647498015914 -2.03356586130438 1.001
0 0

0101101
*
Ed
 1e-07 1 1 0
1  1346 0 0 0.114488949305383
2  2691 552 0 0 0.114488949305383
2  2692 566 0 0 0.114488949305383
0

0101000
+229 3 -227 3 *
Ve
1e-07
1.30406219004707 -1.99524719301041 1.001
0 0

0101101
*
Ed
 1e-07 1 1 0
1  1347 0 0 0.0443920432108167
2  2693 552 0 0 0.0443920432108167
2  2694 567 0 0 0.0443920432108167
0

0101000
+227 3 -225 3 *
Ve
1e-07
1.20718105237678 -2.04585674398027 1.001
0 0

0101101
*
Ed
 1e-07 1 1 0
1  1348 0 0 0.109303620642955
2  2695 552 0 0 0.109303620642955
2  2696 568 0 0 0.109303620642955
0

0101000
+225 3 -223 3 *
Ve
1e-07
1.15295653348025 -2.02127496483847 1.001
0 0

0101101
*
Ed
 1e-07 1 1 0
1  1349 0 15 16
2  2697 552 0 15 16
2  2698 569 0 15 16
0

0101000
+223 3 -221 3 *
Ve
1e-07
1.08499513922122 -2.06899254422514 1.001
0 0

0101101
*
Ed
 1e-07 1 1 0
1  1350 0 16 17
2  2699 552 0 16 17
2  2700 570 0 16 17
0

0101000
+221 3 -219 3 *
Ve
1e-07
1.041615524104 -2.00247712886305 1.001
0 0

0101101
*
Ed
 1e-07 1 1 0
1  1351 0 17 18
2  2701 552 0 17 18
2  2702 571 0 17 18
0

0101000
+219 3 -217 3 *
Ve
1e-07
1.11391488263248 -1.93017777033457 1.001
0 0

0101101
*
Ed
 1e-07 1 1 0
1  1352 0 18 19
2  2703 552 0 18 19
2  2704 572 0 18 19
0

0101000
+217 3 -215 3 *
Ve
1e-07
1.15223353713678 -1.94102267411423 1.001
0 0

0101101
*
Ed
 1e-07 1 1 0
1  1353 0 19 20
2  2705 552 0 19 20
2  2706 573 0 19 20
0

0101000
+215 3 -213 3 *
Ve
1e-07
1.2491146610174 -1.87161532853828 1.001
0 0

0101101
*
Ed
 1e-07 1 1 0
1  1354 0 20 21
2  2707 552 0 20 21
2  2708 574 0 20 21
0

0101000
+213 3 -211 3 *
Ve
1e-07
1.35033376295747 -1.96198952669905 1.001
0 0

0101101
*
Ed
 1e-07 1 1 0
1  1355 0 21 22
2  2709 552 0 21 22
2  2710 575 0 21 22
0

0101000
+211 3 -209 3 *
Ve
1e-07
1.35611770612386 -1.96198952669905 1.001
0 0

0101101
*
Ed
 1e-07 1 1 0
1  1356 0 22 23
2  2711 552 0 22 23
2  2712 576 0 22 23
0

0101000
+209 3 -207 3 *
Ve
1e-07
1.41251120026011 -2.0183830208353 1.001
0 0

0101101
*
Ed
 1e-07 1 1 0
1  1357 0 23 24
2  2713 552 0 23 24
2  2714 577 0 23 24
0

0101000
+207 3 -205 3 *
Ve
1e-07
1.36045565660364 -2.07477651497155 1.001
0 0

0101101
*
Ed
 1e-07 1 1 0
1  1358 0 24 25
2  2715 552 0 24 25
2  2716 578 0 24 25
0

0101000
+205 3 -203 3 *
Ve
1e-07
1.32792094526572 -2.07477651497155 1.001
0 0

0101101
*
Ed
 1e-07 1 1 0
1  1359 0 0 0.0325347113379182
2  2717 552 0 0 0.0325347113379182
2  2718 579 0 0 0.0325347113379182
0

0101000
+203 3 -201 3 *
Ve
1e-07
1.32358299478594 -2.07405353241843 1.001
0 0

0101101
*
Ed
 1e-07 1 1 0
1  1360 0 26 27
2  2719 552 0 26 27
2  2720 580 0 26 27
0

0101000
+201 3 -199 3 *
Ve
1e-07
1.30117020467421 -2.09646632253016 1.001
0 0

0101101
*
Ed
 1e-07 1 1 0
1  1361 0 27 28
2  2721 552 0 27 28
2  2722 581 0 27 28
0

0101000
+199 3 -197 3 *
Ve
1e-07
1.32213702967936 -2.11887911264258 1.001
0 0

0101101
*
Ed
 1e-07 1 1 0
1  1362 0 28 29
2  2723 552 0 28 29
2  2724 582 0 28 29
0

0101000
+197 3 -195 3 *
Ve
1e-07
1.36479363466344 -2.11887911264258 1.001
0 0

0101101
*
Ed
 1e-07 1 1 0
1  1363 0 0 0.0426566049840869
2  2725 552 0 0 0.0426566049840869
2  2726 583 0 0 0.0426566049840869
0

0101000
+195 3 -193 3 *
Ve
1e-07
1.43058603989205 -2.08634440130431 1.001
0 0

0101101
*
Ed
 1e-07 1 1 0
1  1364 0 33 34
2  2727 552 0 33 34
2  2728 584 0 33 34
0

0101000
+193 3 -191 3 *
Ed
 1e-07 1 1 0
1  1365 0 34 35
2  2729 552 0 34 35
2  2730 585 0 34 35
0

0101000
+191 3 -254 3 *
Wi

0101100
+252 0 +250 0 +248 0 +246 0 +244 0 +242 0 +240 0 +238 0 +236 0 +234 0 
+232 0 +230 0 +228 0 +226 0 +224 0 +222 0 +220 0 +218 0 +216 0 +214 0 
+212 0 +210 0 +208 0 +206 0 +204 0 +202 0 +200 0 +198 0 +196 0 +194 0 
+192 0 +190 0 +189 0 *
Ve
1e-07
1.15223352334677 -2.12321711828206 1.001
0 0

0101101
*
Ve
1e-07
1.15223352334677 -2.06682359656579 1.001
0 0

0101101
*
Ed
 1e-07 1 1 0
1  1366 0 0 2
2  2731 552 0 0 2
2  2732 586 0 0 2
0

0101000
+187 3 -186 3 *
Ed
 1e-07 1 1 0
1  1367 0 2 4
2  2733 552 0 2 4
2  2734 587 0 2 4
0

0101000
+186 3 -187 3 *
Wi

0101100
-185 0 -184 0 *
Fa
0  1e-07 552 0

0101000
-188 0 -183 0 *
Ve
1e-07
1.45733680806393 -2.01766001070216 1
0 0

0101101
*
Ve
1e-07
1.38576045966859 -1.92294787585127 1
0 0

0101101
*
Ed
 1e-07 1 1 0
1  1368 0 35 36
2  2735 588 0 35 36
2  2736 553 0 35 36
0

0101000
+181 3 -180 3 *
Ve
1e-07
1.43058603989205 -2.08634440130431 1
0 0

0101101
*
Ed
 1e-07 1 1 0
1  1369 0 34 35
2  2737 588 0 34 35
2  2738 585 0 34 35
0

0101000
+178 3 -181 3 *
Ve
1e-07
1.36479363466344 -2.11887911264258 1
0 0

0101101
*
Ed
 1e-07 1 1 0
1  1370 0 33 34
2  2739 588 0 33 34
2  2740 584 0 33 34
0

0101000
+176 3 -178 3 *
Ve
1e-07
1.32213702967936 -2.11887911264258 1
0 0

0101101
*
Ed
 1e-07 1 1 0
1  1371 0 -0.0404876297440222 0.00216897524006465
2  2741 588 0 -0.0404876297440222 0.00216897524006465
2  2742 583 0 -0.0404876297440222 0.00216897524006465
0

0101000
+174 3 -176 3 *
Ve
1e-07
1.30117020467421 -2.09646632253016 1
0 0

0101101
*
Ed
 1e-07 1 1 0
1  1372 0 28 29
2  2743 588 0 28 29
2  2744 582 0 28 29
0

0101000
+172 3 -174 3 *
Ve
1e-07
1.32358299478594 -2.07405353241843 1
0 0

0101101
*
Ed
 1e-07 1 1 0
1  1373 0 27 28
2  2745 588 0 27 28
2  2746 581 0 27 28
0

0101000
+170 3 -172 3 *
Ve
1e-07
1.32792094526572 -2.07477651497155 1
0 0

0101101
*
Ed
 1e-07 1 1 0
1  1374 0 26 27
2  2747 588 0 26 27
2  2748 580 0 26 27
0

0101000
+168 3 -170 3 *
Ve
1e-07
1.36045565660364 -2.07477651497155 1
0 0

0101101
*
Ed
 1e-07 1 1 0
1  1375 0 0 0.0325347113379182
2  2749 588 0 0 0.0325347113379182
2  2750 579 0 0 0.0325347113379182
0

0101000
+166 3 -168 3 *
Ve
1e-07
1.41251120026011 -2.0183830208353 1
0 0

0101101
*
Ed
 1e-07 1 1 0
1  1376 0 24 25
2  2751 588 0 24 25
2  2752 578 0 24 25
0

0101000
+164 3 -166 3 *
Ve
1e-07
1.35611770612386 -1.96198952669905 1
0 0

0101101
*
Ed
 1e-07 1 1 0
1  1377 0 23 24
2  2753 588 0 23 24
2  2754 577 0 23 24
0

0101000
+162 3 -164 3 *
Ve
1e-07
1.35033376295747 -1.96198952669905 1
0 0

0101101
*
Ed
 1e-07 1 1 0
1  1378 0 22 23
2  2755 588 0 22 23
2  2756 576 0 22 23
0

0101000
+160 3 -162 3 *
Ve
1e-07
1.2491146610174 -1.87161532853828 1
0 0

0101101
*
Ed
 1e-07 1 1 0
1  1379 0 21 22
2  2757 588 0 21 22
2  2758 575 0 21 22
0

0101000
+158 3 -160 3 *
Ve
1e-07
1.15223353713678 -1.94102267411423 1
0 0

0101101
*
Ed
 1e-07 1 1 0
1  1380 0 20 21
2  2759 588 0 20 21
2  2760 574 0 20 21
0

0101000
+156 3 -158 3 *
Ve
1e-07
1.11391488263248 -1.93017777033457 1
0 0

0101101
*
Ed
 1e-07 1 1 0
1  1381 0 19 20
2  2761 588 0 19 20
2  2762 573 0 19 20
0

0101000
+154 3 -156 3 *
Ve
1e-07
1.041615524104 -2.00247712886305 1
0 0

0101101
*
Ed
 1e-07 1 1 0
1  1382 0 18 19
2  2763 588 0 18 19
2  2764 572 0 18 19
0

0101000
+152 3 -154 3 *
Ve
1e-07
1.08499513922122 -2.06899254422514 1
0 0

0101101
*
Ed
 1e-07 1 1 0
1  1383 0 17 18
2  2765 588 0 17 18
2  2766 571 0 17 18
0

0101000
+150 3 -152 3 *
Ve
1e-07
1.15295653348025 -2.02127496483847 1
0 0

0101101
*
Ed
 1e-07 1 1 0
1  1384 0 16 17
2  2767 588 0 16 17
2  2768 570 0 16 17
0

0101000
+148 3 -150 3 *
Ve
1e-07
1.20718105237678 -2.04585674398027 1
0 0

0101101
*
Ed
 1e-07 1 1 0
1  1385 0 15 16
2  2769 588 0 15 16
2  2770 569 0 15 16
0

0101000
+146 3 -148 3 *
Ve
1e-07
1.30406219004707 -1.99524719301041 1
0 0

0101101
*
Ed
 1e-07 1 1 0
1  1386 0 0 0.109303620642955
2  2771 588 0 0 0.109303620642955
2  2772 568 0 0 0.109303620642955
0

0101000
+144 3 -146 3 *
Ve
1e-07
1.32647498015914 -2.03356586130438 1
0 0

0101101
*
Ed
 1e-07 1 1 0
1  1387 0 0 0.0443920432108167
2  2773 588 0 0 0.0443920432108167
2  2774 567 0 0 0.0443920432108167
0

0101000
+142 3 -144 3 *
Ve
1e-07
1.22525587821907 -2.08706738385743 1
0 0

0101101
*
Ed
 1e-07 1 1 0
1  1388 0 0 0.114488949305383
2  2775 588 0 0 0.114488949305383
2  2776 566 0 0 0.114488949305383
0

0101000
+140 3 -142 3 *
Ve
1e-07
1.22525587821907 -2.09429731971077 1
0 0

0101101
*
Ed
 1e-07 1 1 0
1  1389 0 11 12
2  2777 588 0 11 12
2  2778 565 0 11 12
0

0101000
+138 3 -140 3 *
Ve
1e-07
1.15295651969024 -2.16659667823924 1
0 0

0101101
*
Ed
 1e-07 1 1 0
1  1390 0 10 11
2  2779 588 0 10 11
2  2780 564 0 10 11
0

0101000
+136 3 -138 3 *
Ve
1e-07
1.08427212219273 -2.11743311995563 1
0 0

0101101
*
Ed
 1e-07 1 1 0
1  1391 0 9 10
2  2781 588 0 9 10
2  2782 563 0 9 10
0

0101000
+134 3 -136 3 *
Ve
1e-07
1.02643263537023 -2.08272943337799 1
0 0

0101101
*
Ed
 1e-07 1 1 0
1  1392 0 8 9
2  2783 588 0 8 9
2  2784 562 0 8 9
0

0101000
+132 3 -134 3 *
Ve
1e-07
0.996066906167036 -2.00392314912932 1
0 0

0101101
*
Ed
 1e-07 1 1 0
1  1393 0 7 8
2  2785 588 0 7 8
2  2786 561 0 7 8
0

0101000
+130 3 -132 3 *
Ve
1e-07
1.03004762398157 -1.92150189006002 1
0 0

0101101
*
Ed
 1e-07 1 1 0
1  1394 0 6 7
2  2787 588 0 6 7
2  2788 560 0 6 7
0

0101000
+128 3 -130 3 *
Ve
1e-07
1.11319188628935 -1.88679819658738 1
0 0

0101101
*
Ed
 1e-07 1 1 0
1  1395 0 5 6
2  2789 588 0 5 6
2  2790 559 0 5 6
0

0101000
+126 3 -128 3 *
Ve
1e-07
1.12982073323504 -1.88824418237863 1
0 0

0101101
*
Ed
 1e-07 1 1 0
1  1396 0 4 5
2  2791 588 0 4 5
2  2792 558 0 4 5
0

0101000
+124 3 -126 3 *
Ve
1e-07
1.16163244822948 -1.85643246393703 1
0 0

0101101
*
Ed
 1e-07 1 1 0
1  1397 0 3 4
2  2793 588 0 3 4
2  2794 557 0 3 4
0

0101000
+122 3 -124 3 *
Ve
1e-07
1.24839167846393 -1.82823571342105 1
0 0

0101101
*
Ed
 1e-07 1 1 0
1  1398 0 2 3
2  2795 588 0 2 3
2  2796 556 0 2 3
0

0101000
+120 3 -122 3 *
Ve
1e-07
1.34671879503115 -1.86583138192474 1
0 0

0101101
*
Ed
 1e-07 1 1 0
1  1399 0 1 2
2  2797 588 0 1 2
2  2798 555 0 1 2
0

0101000
+118 3 -120 3 *
Ed
 1e-07 1 1 0
1  1400 0 0 1
2  2799 588 0 0 1
2  2800 554 0 0 1
0

0101000
+180 3 -118 3 *
Wi

0101100
-179 0 -177 0 -175 0 -173 0 -171 0 -169 0 -167 0 -165 0 -163 0 -161 0 
-159 0 -157 0 -155 0 -153 0 -151 0 -149 0 -147 0 -145 0 -143 0 -141 0 
-139 0 -137 0 -135 0 -133 0 -131 0 -129 0 -127 0 -125 0 -123 0 -121 0 
-119 0 -117 0 -116 0 *
Ve
1e-07
1.15223352334677 -2.06682359656579 1
0 0

0101101
*
Ve
1e-07
1.15223352334677 -2.12321711828206 1
0 0

0101101
*
Ed
 1e-07 1 1 0
1  1401 0 2 4
2  2801 588 0 2 4
2  2802 587 0 2 4
0

0101000
+114 3 -113 3 *
Ed
 1e-07 1 1 0
1  1402 0 0 2
2  2803 588 0 0 2
2  2804 586 0 0 2
0

0101000
+113 3 -114 3 *
Wi

0101100
+112 0 +111 0 *
Fa
0  1e-07 588 0

0101000
+115 0 +110 0 *
Ed
 1e-07 1 1 0
1  1403 0 -0 0.00099999999999989
2  2805 553 0 -0 0.00099999999999989
2  2806 585 0 -0 0.00099999999999989
0

0101000
+254 3 -181 3 *
Ed
 1e-07 1 1 0
1  1404 0 -0 0.00099999999999989
2  2807 553 0 -0 0.00099999999999989
2  2808 554 0 -0 0.00099999999999989
0

0101000
+253 3 -180 3 *
Wi

0101100
-108 0 +252 0 +107 0 -179 0 *
Fa
0  1e-07 553 0

0101000
+106 0 *
Ed
 1e-07 1 1 0
1  1405 0 -0 0.00099999999999989
2  2809 554 0 -0 0.00099999999999989
2  2810 555 0 -0 0.00099999999999989
0

0101000
+251 3 -118 3 *
Wi

0101100
-107 0 +250 0 +104 0 -116 0 *
Fa
0  1e-07 554 0

0101000
+103 0 *
Ed
 1e-07 1 1 0
1  1406 0 -0 0.00099999999999989
2  2811 555 0 -0 0.00099999999999989
2  2812 556 0 -0 0.00099999999999989
4 G1 555 0 556 0
0

0101000
+249 3 -120 3 *
Wi

0101100
-104 0 +248 0 +101 0 -117 0 *
Fa
0  1e-07 555 0

0101000
+100 0 *
Ed
 1e-07 1 1 0
1  1407 0 -0 0.00099999999999989
2  2813 556 0 -0 0.00099999999999989
2  2814 557 0 -0 0.00099999999999989
4 G1 556 0 557 0
0

0101000
+247 3 -122 3 *
Wi

0101100
-101 0 +246 0 +98 0 -119 0 *
Fa
0  1e-07 556 0

0101000
+97 0 *
Ed
 1e-07 1 1 0
1  1408 0 -0 0.00099999999999989
2  2815 557 0 -0 0.00099999999999989
2  2816 558 0 -0 0.00099999999999989
0

0101000
+245 3 -124 3 *
Wi

0101100
-98 0 +244 0 +95 0 -121 0 *
Fa
0  1e-07 557 0

0101000
+94 0 *
Ed
 1e-07 1 1 0
1  1409 0 -0 0.00099999999999989
2  2817 558 0 -0 0.00099999999999989
2  2818 559 0 -0 0.00099999999999989
4 G1 558 0 559 0
0

0101000
+243 3 -126 3 *
Wi

0101100
-95 0 +242 0 +92 0 -123 0 *
Fa
0  1e-07 558 0

0101000
+91 0 *
Ed
 1e-07 1 1 0
1  1410 0 -0 0.00099999999999989
2  2819 559 0 -0 0.00099999999999989
2  2820 560 0 -0 0.00099999999999989
4 G1 559 0 560 0
0

0101000
+241 3 -128 3 *
Wi

0101100
-92 0 +240 0 +89 0 -125 0 *
Fa
0  1e-07 559 0

0101000
+88 0 *
Ed
 1e-07 1 1 0
1  1411 0 -0 0.00099999999999989
2  2821 560 0 -0 0.00099999999999989
2  2822 561 0 -0 0.00099999999999989
4 G1 560 0 561 0
0

0101000
+239 3 -130 3 *
Wi

0101100
-89 0 +238 0 +86 0 -127 0 *
Fa
0  1e-07 560 0

0101000
+85 0 *
Ed
 1e-07 1 1 0
1  1412 0 -0 0.00099999999999989
2  2823 561 0 -0 0.00099999999999989
2  2824 562 0 -0 0.00099999999999989
4 G1 561 0 562 0
0

0101000
+237 3 -132 3 *
Wi

0101100
-86 0 +236 0 +83 0 -129 0 *
Fa
0  1e-07 561 0

0101000
+82 0 *
Ed
 1e-07 1 1 0
1  1413 0 -0 0.00099999999999989
2  2825 562 0 -0 0.00099999999999989
2  2826 563 0 -0 0.00099999999999989
0

0101000
+235 3 -134 3 *
Wi

0101100
-83 0 +234 0 +80 0 -131 0 *
Fa
0  1e-07 562 0

0101000
+79 0 *
Ed
 1e-07 1 1 0
1  1414 0 -0 0.00099999999999989
2  2827 563 0 -0 0.00099999999999989
2  2828 564 0 -0 0.00099999999999989
4 G1 563 0 564 0
0

0101000
+233 3 -136 3 *
Wi

0101100
-80 0 +232 0 +77 0 -133 0 *
Fa
0  1e-07 563 0

0101000
+76 0 *
Ed
 1e-07 1 1 0
1  1415 0 -0 0.00099999999999989
2  2829 564 0 -0 0.00099999999999989
2  2830 565 0 -0 0.00099999999999989
4 G1 564 0 565 0
0

0101000
+231 3 -138 3 *
Wi

0101100
-77 0 +230 0 +74 0 -135 0 *
Fa
0  1e-07 564 0

0101000
+73 0 *
Ed
 1e-07 1 1 0
1  1416 0 -0 0.00099999999999989
2  2831 565 0 -0 0.00099999999999989
2  2832 566 0 -0 0.00099999999999989
0

0101000
+229 3 -140 3 *
Wi

0101100
+137 0 -71 0 -228 0 +74 0 *
Fa
0  1e-07 565 0

0101000
-70 0 *
Ed
 1e-07 1 1 0
1  1417 0 -0 0.00099999999999989
2  2833 566 0 -0 0.00099999999999989
2  2834 567 0 -0 0.00099999999999989
0

0101000
+227 3 -142 3 *
Wi

0101100
+139 0 -68 0 -226 0 +71 0 *
Fa
0  1e-07 566 0

0101000
-67 0 *
Ed
 1e-07 1 1 0
1  1418 0 -0 0.00099999999999989
2  2835 567 0 -0 0.00099999999999989
2  2836 568 0 -0 0.00099999999999989
0

0101000
+225 3 -144 3 *
Wi

0101100
+141 0 -65 0 -224 0 +68 0 *
Fa
0  1e-07 567 0

0101000
-64 0 *
Ed
 1e-07 1 1 0
1  1419 0 -0 0.00099999999999989
2  2837 568 0 -0 0.00099999999999989
2  2838 569 0 -0 0.00099999999999989
0

0101000
+223 3 -146 3 *
Wi

0101100
+143 0 -62 0 -222 0 +65 0 *
Fa
0  1e-07 568 0

0101000
-61 0 *
Ed
 1e-07 1 1 0
1  1420 0 -0 0.00099999999999989
2  2839 569 0 -0 0.00099999999999989
2  2840 570 0 -0 0.00099999999999989
4 G1 569 0 570 0
0

0101000
+221 3 -148 3 *
Wi

0101100
-62 0 +220 0 +59 0 -145 0 *
Fa
0  1e-07 569 0

0101000
+58 0 *
Ed
 1e-07 1 1 0
1  1421 0 -0 0.00099999999999989
2  2841 570 0 -0 0.00099999999999989
2  2842 571 0 -0 0.00099999999999989
0

0101000
+219 3 -150 3 *
Wi

0101100
-59 0 +218 0 +56 0 -147 0 *
Fa
0  1e-07 570 0

0101000
+55 0 *
Ed
 1e-07 1 1 0
1  1422 0 -0 0.00099999999999989
2  2843 571 0 -0 0.00099999999999989
2  2844 572 0 -0 0.00099999999999989
4 G1 571 0 572 0
0

0101000
+217 3 -152 3 *
Wi

0101100
-56 0 +216 0 +53 0 -149 0 *
Fa
0  1e-07 571 0

0101000
+52 0 *
Ed
 1e-07 1 1 0
1  1423 0 -0 0.00099999999999989
2  2845 572 0 -0 0.00099999999999989
2  2846 573 0 -0 0.00099999999999989
4 G1 572 0 573 0
0

0101000
+215 3 -154 3 *
Wi

0101100
-53 0 +214 0 +50 0 -151 0 *
Fa
0  1e-07 572 0

0101000
+49 0 *
Ed
 1e-07 1 1 0
1  1424 0 -0 0.00099999999999989
2  2847 573 0 -0 0.00099999999999989
2  2848 574 0 -0 0.00099999999999989
0

0101000
+213 3 -156 3 *
Wi

0101100
-50 0 +212 0 +47 0 -153 0 *
Fa
0  1e-07 573 0

0101000
+46 0 *
Ed
 1e-07 1 1 0
1  1425 0 -0 0.00099999999999989
2  2849 574 0 -0 0.00099999999999989
2  2850 575 0 -0 0.00099999999999989
4 G1 574 0 575 0
0

0101000
+211 3 -158 3 *
Wi

0101100
-47 0 +210 0 +44 0 -155 0 *
Fa
0  1e-07 574 0

0101000
+43 0 *
Ed
 1e-07 1 1 0
1  1426 0 -0 0.00099999999999989
2  2851 575 0 -0 0.00099999999999989
2  2852 576 0 -0 0.00099999999999989
0

0101000
+209 3 -160 3 *
Wi

0101100
-44 0 +208 0 +41 0 -157 0 *
Fa
0  1e-07 575 0

0101000
+40 0 *
Ed
 1e-07 1 1 0
1  1427 0 -0 0.00099999999999989
2  2853 576 0 -0 0.00099999999999989
2  2854 577 0 -0 0.00099999999999989
4 G1 576 0 577 0
0

0101000
+207 3 -162 3 *
Wi

0101100
+159 0 -38 0 -206 0 +41 0 *
Fa
0  1e-07 576 0

0101000
-37 0 *
Ed
 1e-07 1 1 0
1  1428 0 -0 0.00099999999999989
2  2855 577 0 -0 0.00099999999999989
2  2856 578 0 -0 0.00099999999999989
4 G1 577 0 578 0
0

0101000
+205 3 -164 3 *
Wi

0101100
-38 0 +204 0 +35 0 -161 0 *
Fa
0  1e-07 577 0

0101000
+34 0 *
Ed
 1e-07 1 1 0
1  1429 0 -0 0.00099999999999989
2  2857 578 0 -0 0.00099999999999989
2  2858 579 0 -0 0.00099999999999989
0

0101000
+203 3 -166 3 *
Wi

0101100
-35 0 +202 0 +32 0 -163 0 *
Fa
0  1e-07 578 0

0101000
+31 0 *
Ed
 1e-07 1 1 0
1  1430 0 -0 0.00099999999999989
2  2859 579 0 -0 0.00099999999999989
2  2860 580 0 -0 0.00099999999999989
4 G1 579 0 580 0
0

0101000
+201 3 -168 3 *
Wi

0101100
+165 0 -29 0 -200 0 +32 0 *
Fa
0  1e-07 579 0

0101000
-28 0 *
Ed
 1e-07 1 1 0
1  1431 0 -0 0.00099999999999989
2  2861 580 0 -0 0.00099999999999989
2  2862 581 0 -0 0.00099999999999989
4 G1 580 0 581 0
0

0101000
+199 3 -170 3 *
Wi

0101100
-29 0 +198 0 +26 0 -167 0 *
Fa
0  1e-07 580 0

0101000
+25 0 *
Ed
 1e-07 1 1 0
1  1432 0 -0 0.00099999999999989
2  2863 581 0 -0 0.00099999999999989
2  2864 582 0 -0 0.00099999999999989
4 G1 581 0 582 0
0

0101000
+197 3 -172 3 *
Wi

0101100
-26 0 +196 0 +23 0 -169 0 *
Fa
0  1e-07 581 0

0101000
+22 0 *
Ed
 1e-07 1 1 0
1  1433 0 -0 0.00099999999999989
2  2865 582 0 -0 0.00099999999999989
2  2866 583 0 -0 0.00099999999999989
0

0101000
+195 3 -174 3 *
Wi

0101100
-23 0 +194 0 +20 0 -171 0 *
Fa
0  1e-07 582 0

0101000
+19 0 *
Ed
 1e-07 1 1 0
1  1434 0 -0 0.00099999999999989
2  2867 583 0 -0 0.00099999999999989
2  2868 584 0 -0 0.00099999999999989
0

0101000
+193 3 -176 3 *
Wi

0101100
+173 0 -17 0 -192 0 +20 0 *
Fa
0  1e-07 583 0

0101000
-16 0 *
Ed
 1e-07 1 1 0
1  1435 0 -0 0.00099999999999989
2  2869 584 0 -0 0.00099999999999989
2  2870 585 0 -0 0.00099999999999989
4 C1 584 0 585 0
0

0101000
+191 3 -178 3 *
Wi

0101100
-17 0 +190 0 +14 0 -175 0 *
Fa
0  1e-07 584 0

0101000
+13 0 *
Wi

0101100
-14 0 +189 0 +108 0 -177 0 *
Fa
0  1e-07 585 0

0101000
+11 0 *
Ed
 1e-07 1 1 0
1  1436 0 -0 0.00099999999999989
2  2871 586 0 -0 0.00099999999999989
2  2872 587 0 -0 0.00099999999999989
4 G1 586 0 587 0
0

0101000
+187 3 -113 3 *
Ed
 1e-07 1 1 0
1  1437 0 -0 0.00099999999999989
2  2873 586 0 -0 0.00099999999999989
2  2874 587 0 -0 0.00099999999999989
4 C2 586 0 587 0
0

0101000
+186 3 -114 3 *
Wi

0101100
-111 0 -9 0 +185 0 +8 0 *
Fa
0  1e-07 586 0

0101000
+7 0 *
Wi

0101100
-112 0 -8 0 +184 0 +9 0 *
Fa
0  1e-07 587 0

0101000
+5 0 *
Sh

0101100
-182 0 +109 0 -105 0 -102 0 -99 0 -96 0 -93 0 -90 0 -87 0 -84 0 
-81 0 -78 0 -75 0 -72 0 -69 0 -66 0 -63 0 -60 0 -57 0 -54 0 
-51 0 -48 0 -45 0 -42 0 -39 0 -36 0 -33 0 -30 0 -27 0 -24 0 
-21 0 -18 0 -15 0 -12 0 -10 0 +6 0 +4 0 *
So

0100000
+3 0 *
Co

0100000
+2615 0 +2581 0 +2547 0 +2513 0 +2479 0 +2445 0 +2411 0 +2377 0 +2343 0 +2309 0 
+2275 0 +2241 0 +2207 0 +2173 0 +2139 0 +2105 0 +2071 0 +2037 0 +2003 0 +1969 0 
+1935 0 +1901 0 +1867 0 +1833 0 +1799 0 +1765 0 +1731 0 +1697 0 +1663 0 +1629 0 
+1595 0 +1561 0 +1527 0 +1479 0 +1375 0 +1285 0 +1179 0 +1073 0 +983 0 +821 0 
+668 0 +557 0 +467 0 +361 0 +255 0 +2 0 *

+1 1 