DBRep_DrawableShape

CASCADE Topology V1, (c) Matra-Datavision
Locations 3
1
              1               0               0         -48.175 
              0               1               0          170.81 
              0               0               1            68.1 
1
              1               0               0 4.44089209850063e-16 
              0               1               0               0 
              0               0               1               0 
2  2 -1 0
Curve2ds 3562
1 6.2831853071795862 0 0 1 
1 0 0 0 1 
1 0 0.010000000000000231 1 0 
2 4.0195086444721912 -1.6259285630822453 -1 0 0 1 0.34333730589828582
1 3.1415926535897931 0 0 1 
1 3.1415926535897931 0 0 1 
1 0 0 1 0 
2 0 0 1 0 -0 1 0.34333730589828582
1 0.89999999999999991 9.1649999999999991 1 0 
1 -1.0000000000000007 -0.75 1 0 
1 1.0999999999999743 0 -0 -1 
1 0 0 -1 -0 
1 0.89999999999999991 8.8349999999999991 1 0 
1 -1.0000000000000007 -0.75 1 0 
1 0.90000000000002589 0 0 1 
1 5.1000000000000005 0.90884481526678207 -1 0 
1 0.89999999999999991 8.5150000000000006 1 0 
1 -1.0000000000000007 -0.75 1 0 
1 1.0999999999999743 0 -0 -1 
1 0 0 -1 -0 
1 0.89999999999999991 8.1850000000000005 1 0 
1 -1.0000000000000007 -0.75 1 0 
1 0.90000000000002589 0 0 1 
1 5.1000000000000005 0.90884481526678207 -1 0 
1 0.89999999999999991 7.8650000000000002 1 0 
1 -1.0000000000000007 -0.75 1 0 
1 1.0999999999999743 0 -0 -1 
1 0 0 -1 -0 
1 0.89999999999999991 7.5350000000000001 1 0 
1 -1.0000000000000007 -0.75 1 0 
1 0.90000000000002589 0 0 1 
1 5.1000000000000005 0.90884481526678207 -1 0 
1 0.89999999999999991 7.2149999999999999 1 0 
1 -1.0000000000000007 -0.75 1 0 
1 1.0999999999999743 0 -0 -1 
1 0 0 -1 -0 
1 0.89999999999999991 6.8849999999999998 1 0 
1 -1.0000000000000007 -0.75 1 0 
1 0.90000000000002589 0 0 1 
1 5.1000000000000005 0.90884481526678207 -1 0 
1 0.89999999999999991 6.5649999999999995 1 0 
1 -1.0000000000000007 -0.75 1 0 
1 1.0999999999999743 0 -0 -1 
1 0 0 -1 -0 
1 0.89999999999999991 6.2349999999999994 1 0 
1 -1.0000000000000007 -0.75 1 0 
1 0.90000000000002589 0 0 1 
1 5.1000000000000005 0.90884481526678207 -1 0 
1 0.89999999999999991 5.915 1 0 
1 -1.0000000000000007 -0.75 1 0 
1 1.0999999999999743 0 -0 -1 
1 0 0 -1 -0 
1 0.89999999999999991 5.585 1 0 
1 -1.0000000000000007 -0.75 1 0 
1 0.90000000000002589 0 0 1 
1 5.1000000000000005 0.90884481526678207 -1 0 
1 0.89999999999999991 5.2650000000000006 1 0 
1 -1.0000000000000007 -0.75 1 0 
1 1.0999999999999743 0 -0 -1 
1 0 0 -1 -0 
1 0.89999999999999991 4.9349999999999996 1 0 
1 -1.0000000000000007 -0.75 1 0 
1 0.90000000000002589 0 0 1 
1 5.1000000000000005 0.90884481526678207 -1 0 
1 0.89999999999999991 4.6150000000000002 1 0 
1 -1.0000000000000007 -0.75 1 0 
1 1.0999999999999743 0 -0 -1 
1 0 0 -1 -0 
1 0.89999999999999991 4.2850000000000001 1 0 
1 -1.0000000000000007 -0.75 1 0 
1 0.90000000000002589 0 0 1 
1 5.1000000000000005 0.90884481526678207 -1 0 
1 0.89999999999999991 3.9649999999999999 1 0 
1 -1.0000000000000007 -0.75 1 0 
1 1.0999999999999743 0 -0 -1 
1 0 0 -1 -0 
1 0.89999999999999991 3.6349999999999998 1 0 
1 -1.0000000000000007 -0.75 1 0 
1 0.90000000000002589 0 0 1 
1 5.1000000000000005 0.90884481526678207 -1 0 
1 0.89999999999999991 3.3149999999999999 1 0 
1 -1.0000000000000007 -0.75 1 0 
1 1.0999999999999743 0 -0 -1 
1 0 0 -1 -0 
1 0.89999999999999991 2.9849999999999999 1 0 
1 -1.0000000000000007 -0.75 1 0 
1 0.90000000000002589 0 0 1 
1 5.1000000000000005 0.90884481526678207 -1 0 
1 0.89999999999999991 2.665 1 0 
1 -1.0000000000000007 -0.75 1 0 
1 1.0999999999999743 0 -0 -1 
1 0 0 -1 -0 
1 0.89999999999999991 2.335 1 0 
1 -1.0000000000000007 -0.75 1 0 
1 0.90000000000002589 0 0 1 
1 5.1000000000000005 0.90884481526678207 -1 0 
1 0.89999999999999991 2.0150000000000001 1 0 
1 -1.0000000000000007 -0.75 1 0 
1 1.0999999999999743 0 -0 -1 
1 0 0 -1 -0 
1 0.89999999999999991 1.6850000000000001 1 0 
1 -1.0000000000000007 -0.75 1 0 
1 0.90000000000002589 0 0 1 
1 5.1000000000000005 0.90884481526678207 -1 0 
1 0.89999999999999991 1.3650000000000002 1 0 
1 -1.0000000000000007 -0.75 1 0 
1 1.0999999999999743 0 -0 -1 
1 0 0 -1 -0 
1 0.89999999999999991 1.0349999999999993 1 0 
1 -1.0000000000000007 -0.75 1 0 
1 0.90000000000002589 0 0 1 
1 5.1000000000000005 0.90884481526678207 -1 0 
1 0.89999999999999991 0.71499999999999986 1 0 
1 -1.0000000000000007 -0.75 1 0 
1 1.0999999999999743 0 -0 -1 
1 0 0 -1 -0 
1 0 0.15000000000000036 -1 0 
1 1.5707963267948966 0 0 -1 
1 0.90000000000002589 0 0 1 
1 5.1000000000000005 0.90884481526678207 -1 0 
1 -0.89999999999999991 9.1649999999999991 -1 0 
1 -1.0000000000000007 0.75 1 0 
1 -0.90000000000002589 0 0 -1 
1 -5.1000000000000005 0.90884481526678207 -1 -0 
1 -0.89999999999999991 8.8349999999999991 -1 0 
1 -1.0000000000000007 0.75 1 0 
1 -1.0999999999999743 10.199999999999999 0 1 
1 -10.199999999999999 0 -1 0 
1 -0.89999999999999991 8.5150000000000006 -1 0 
1 -1.0000000000000007 0.75 1 0 
1 -0.90000000000002589 0 0 -1 
1 -5.1000000000000005 0.90884481526678207 -1 -0 
1 -0.89999999999999991 8.1850000000000005 -1 0 
1 -1.0000000000000007 0.75 1 0 
1 -1.0999999999999743 10.199999999999999 0 1 
1 -10.199999999999999 0 -1 0 
1 -0.89999999999999991 7.8650000000000002 -1 0 
1 -1.0000000000000007 0.75 1 0 
1 -0.90000000000002589 0 0 -1 
1 -5.1000000000000005 0.90884481526678207 -1 -0 
1 -0.89999999999999991 7.5350000000000001 -1 0 
1 -1.0000000000000007 0.75 1 0 
1 -1.0999999999999743 10.199999999999999 0 1 
1 -10.199999999999999 0 -1 0 
1 -0.89999999999999991 7.2149999999999999 -1 0 
1 -1.0000000000000007 0.75 1 0 
1 -0.90000000000002589 0 0 -1 
1 -5.1000000000000005 0.90884481526678207 -1 -0 
1 -0.89999999999999991 6.8849999999999998 -1 0 
1 -1.0000000000000007 0.75 1 0 
1 -1.0999999999999743 10.199999999999999 0 1 
1 -10.199999999999999 0 -1 0 
1 -0.89999999999999991 6.5649999999999995 -1 0 
1 -1.0000000000000007 0.75 1 0 
1 -0.90000000000002589 0 0 -1 
1 -5.1000000000000005 0.90884481526678207 -1 -0 
1 -0.89999999999999991 6.2349999999999994 -1 0 
1 -1.0000000000000007 0.75 1 0 
1 -1.0999999999999743 10.199999999999999 0 1 
1 -10.199999999999999 0 -1 0 
1 -0.89999999999999991 5.915 -1 0 
1 -1.0000000000000007 0.75 1 0 
1 -0.90000000000002589 0 0 -1 
1 -5.1000000000000005 0.90884481526678207 -1 -0 
1 -0.89999999999999991 5.585 -1 0 
1 -1.0000000000000007 0.75 1 0 
1 -1.0999999999999743 10.199999999999999 0 1 
1 -10.199999999999999 0 -1 0 
1 -0.89999999999999991 5.2650000000000006 -1 0 
1 -1.0000000000000007 0.75 1 0 
1 -0.90000000000002589 0 0 -1 
1 -5.1000000000000005 0.90884481526678207 -1 -0 
1 -0.89999999999999991 4.9349999999999996 -1 0 
1 -1.0000000000000007 0.75 1 0 
1 -1.0999999999999743 10.199999999999999 0 1 
1 -10.199999999999999 0 -1 0 
1 -0.89999999999999991 4.6150000000000002 -1 0 
1 -1.0000000000000007 0.75 1 0 
1 -0.90000000000002589 0 0 -1 
1 -5.1000000000000005 0.90884481526678207 -1 -0 
1 -0.89999999999999991 4.2850000000000001 -1 0 
1 -1.0000000000000007 0.75 1 0 
1 -1.0999999999999743 10.199999999999999 0 1 
1 -10.199999999999999 0 -1 0 
1 -0.89999999999999991 3.9649999999999999 -1 0 
1 -1.0000000000000007 0.75 1 0 
1 -0.90000000000002589 0 0 -1 
1 -5.1000000000000005 0.90884481526678207 -1 -0 
1 -0.89999999999999991 3.6349999999999998 -1 0 
1 -1.0000000000000007 0.75 1 0 
1 -1.0999999999999743 10.199999999999999 0 1 
1 -10.199999999999999 0 -1 0 
1 -0.89999999999999991 3.3149999999999999 -1 0 
1 -1.0000000000000007 0.75 1 0 
1 -0.90000000000002589 0 0 -1 
1 -5.1000000000000005 0.90884481526678207 -1 -0 
1 -0.89999999999999991 2.9849999999999999 -1 0 
1 -1.0000000000000007 0.75 1 0 
1 -1.0999999999999743 10.199999999999999 0 1 
1 -10.199999999999999 0 -1 0 
1 -0.89999999999999991 2.665 -1 0 
1 -1.0000000000000007 0.75 1 0 
1 -0.90000000000002589 0 0 -1 
1 -5.1000000000000005 0.90884481526678207 -1 -0 
1 -0.89999999999999991 2.335 -1 0 
1 -1.0000000000000007 0.75 1 0 
1 -1.0999999999999743 10.199999999999999 0 1 
1 -10.199999999999999 0 -1 0 
1 -0.89999999999999991 2.0150000000000001 -1 0 
1 -1.0000000000000007 0.75 1 0 
1 -0.90000000000002589 0 0 -1 
1 -5.1000000000000005 0.90884481526678207 -1 -0 
1 -0.89999999999999991 1.6850000000000001 -1 0 
1 -1.0000000000000007 0.75 1 0 
1 -1.0999999999999743 10.199999999999999 0 1 
1 -10.199999999999999 0 -1 0 
1 -0.89999999999999991 1.3650000000000002 -1 0 
1 -1.0000000000000007 0.75 1 0 
1 -0.90000000000002589 0 0 -1 
1 -5.1000000000000005 0.90884481526678207 -1 -0 
1 -0.89999999999999991 1.0349999999999993 -1 0 
1 -1.0000000000000007 0.75 1 0 
1 -1.0999999999999743 10.199999999999999 0 1 
1 -10.199999999999999 0 -1 0 
1 -0.89999999999999991 0.71499999999999986 -1 0 
1 -1.0000000000000007 0.75 1 0 
1 -0.90000000000002589 0 0 -1 
1 -5.1000000000000005 0.90884481526678207 -1 -0 
1 0 0.15000000000000036 -1 0 
1 4.7123889803846897 0 0 1 
1 -1.0999999999999743 10.199999999999999 0 1 
1 -10.199999999999999 0 -1 0 
1 -3.9654042520754063 1.6114393791910933 1 0 
1 0.00099999999999988987 0 0 -1 
1 -3.9918141031488781 1.6114393791910933 -0.3667976789509263 0.93030073778118294 
1 -0 -0.00099999999999988987 -1 0 
7 0 0  3 4 2  -3.8740615191263936 1.3977691273874713  -3.896364326430934 1.3977691273874713  -3.9136243078422259 1.41326152034096  -3.9258934512546437 1.4442463062479365 
 1 4 2 4
1 2.886579864025407e-15 0.99999999999977318 1 0 
7 0 0  3 4 2  -3.8576333440485966 1.3998486432205119  -3.8621562909842746 1.3984969579294553  -3.8676670079407098 1.3977691273874713  -3.8740615191263936 1.3977691273874713 
 2 4 3 4
1 4.6718184876226587e-13 0.99999999999977318 1 0 
1 -3.8576333440485966 1.3998486432205117 0 -1 
1 0.00099999999999988987 0 0 -1 
7 0 0  3 4 2  -3.8720859790848712 1.4196040436301958  -3.8674070684619277 1.4196040436301958  -3.8626241820467753 1.4205398257552062  -3.8576333440485966 1.4225153657967293 
 4 4 5 4
1 6.2172489379008766e-15 0.99999999999977318 1 0 
7 0 0  3 4 2  -3.8981839027844916 1.4400872745818634  -3.8924132463492751 1.4263624700868716  -3.883731267748217 1.4196040436301958  -3.8720859790848712 1.4196040436301958 
 5 4 6 4
1 4.4408920985006262e-15 0.99999999999977318 1 0 
1 -3.8981839027844916 1.4400872745818634 0.38975826506546241 -0.92091720301727498 
1 0 -0.00099999999999988987 -1 0 
1 -3.9093613003853278 1.4664971256567219 -0.36585892166935452 -0.93067032263575333 
1 0 -0.00099999999999988987 -1 0 
1 -3.8523825665709417 1.6114393791910933 1 0 
1 0.00099999999999988987 0 0 -1 
1 -3.8808719334781396 1.6114393791910933 0.32834616481251144 0.944557460429441 
1 0 -0.00099999999999988987 -1 0 
1 -3.9188230974234322 1.5022647979774646 0.25242189718784763 0.96761727238618866 
1 0 -0.00099999999999988987 -1 0 
1 -3.9219423711729839 1.4903075819395821 1 0 
1 0.00099999999999988987 0 0 -1 
7 0 0  3 4 2  -3.9257374875673721 1.5020568463944384  -3.9241778506932903 1.4969620326047406  -3.9231380927753885 1.4930109525230817  -3.9226182138178185 1.4903075819395821 
 12 4 13 4
1 -1.5987211554602254e-14 0.99999999999977318 1 0 
1 -3.9257374875673721 1.5020568463944381 0.34091779621872592 -0.94009311039990473 
1 0 -0.00099999999999988987 -1 0 
7 0 0  3 4 2  -3.6539967561377886 1.6147666045236735  -3.6350731620608974 1.6147666045236735  -3.6183850475036161 1.6102956454830566  -3.6039844003624033 1.6012497516117077 
 0 4 1 4
1 5.7457575635812149e-15 0.99999999999977318 1 0 
7 0 0  3 4 2  -3.7065045309115661 1.5596594349579056  -3.7065045309115661 1.5964668651965555  -3.6889846100214867 1.6147666045236735  -3.6539967561377886 1.6147666045236735 
 1 4 2 4
1 -9.9920072216264089e-16 0.99999999999977318 1 0 
1 -3.7065045309115661 1.5596594349579054 0 1 
1 -0.00099999999999988987 0 0 1 
1 -3.7065045309115661 1.4661851982821781 -1 0 
1 -0.00099999999999988987 0 0 1 
1 -3.681030461961718 1.4661851982821781 0 -1 
1 0.00099999999999988987 0 0 -1 
1 -3.681030461961718 1.4886439692739819 -1 0 
1 -0.00099999999999988987 0 0 1 
7 0 0  3 4 2  -3.6358529804979338 1.462753997158081  -3.6554524172203546 1.462753997158081  -3.6703209554240694 1.4713839878633848  -3.6803546193161911 1.4886439692739819 
 6 4 7 4
1 7.1054273576010019e-15 0.99999999999977318 1 0 
7 0 0  3 4 2  -3.6022687998010481 1.4741913342370141  -3.6105868631311138 1.4666011014482312  -3.6217642607319576 1.462753997158081  -3.6358529804979338 1.462753997158081 
 7 4 8 4
1 0 0.99999999999977318 1 0 
7 0 0  3 4 2  -3.5897917048049086 1.5050721443524733  -3.5897917048049086 1.4920751703980792  -3.5939507364702892 1.4817815670257972  -3.6022687998010481 1.4741913342370141 
 8 4 9 4
1 -1.865174681370263e-14 0.99999999999977318 1 0 
7 0 0  3 4 2  -3.6379844842260365 1.5524851053365627  -3.6058559646124162 1.5480141462959542  -3.5897917048049086 1.5322098259679215  -3.5897917048049086 1.5050721443524733 
 9 4 10 4
1 0 0.99999999999977318 1 0 
1 -3.6379844842260365 1.5524851053365627 0.99032860398812672 -0.13874168848233043 
1 0 -0.00099999999999988987 -1 0 
7 0 0  3 4 2  -3.6516053129302124 1.594075421988979  -3.6712047496526319 1.594075421988979  -3.6810304619617185 1.5822221817426059  -3.6810304619617189 1.5585157012512629 
 11 4 12 4
1 0 0.99999999999977318 1 0 
7 0 0  3 4 2  -3.6039844003624038 1.5765035132024496  -3.6183330596078616 1.5881488018657965  -3.6341893678316484 1.594075421988979  -3.6516053129302124 1.594075421988979 
 12 4 13 4
1 -5.3290705182007514e-15 0.99999999999977318 1 0 
1 -3.6039844003624033 1.5765035132024496 0 -1 
1 0.00099999999999988987 0 0 -1 
1 -3.5654093816673371 1.4893717998159659 0 1 
1 -0.00099999999999988987 0 0 1 
1 -3.5654093816673371 1.4661851982821781 -1 0 
1 -0.00099999999999988987 0 0 1 
1 -3.4560268488706805 1.4661851982821781 0 -1 
1 0.00099999999999988987 0 0 -1 
1 -3.4560268488706805 1.6695618467135114 1 0 
1 0.00099999999999988987 0 0 -1 
1 -3.5607824589394554 1.6695618467135114 0 1 
1 -0.00099999999999988987 0 0 1 
1 -3.5607824589394554 1.6461672935967024 -1 0 
1 -0.00099999999999988987 0 0 1 
1 -3.4822807362575734 1.6461672935967024 0 1 
1 -0.00099999999999988987 0 0 1 
1 -3.4822807362575734 1.5810784480345756 1 0 
1 0.00099999999999988987 0 0 -1 
1 -3.5550118025042305 1.5810784480345756 0 1 
1 -0.00099999999999988987 0 0 1 
1 -3.5550118025042305 1.5577878707092787 -1 0 
1 -0.00099999999999988987 0 0 1 
1 -3.4822807362575734 1.5577878707092787 0 1 
1 -0.00099999999999988987 0 0 1 
1 -3.4822807362575734 1.4893717998159659 1 0 
1 0.00099999999999988987 0 0 -1 
7 0 0  3 4 2  -3.6675655969455079 1.7853908785909167  -3.6901283437295156 1.7853908785909167  -3.7088959741191423 1.7893419586725774  -3.7238684881143671 1.7972441188372845 
 0 4 1 4
1 -1.5993677995575131e-15 0.99999999999977318 1 0 
7 0 0  3 4 2  -3.5976938649689214 1.8131524149568266  -3.6151098100674854 1.7946447240466818  -3.6384003873927826 1.7853908785909167  -3.6675655969455079 1.7853908785909167 
 1 4 2 4
1 2.2204460492503131e-15 0.99999999999977318 1 0 
7 0 0  3 4 2  -3.5715959412693077 1.8866632996398383  -3.5715959412693077 1.8561983926918126  -3.5802779198703578 1.8316601058669721  -3.5976938649689214 1.8131524149568266 
 2 4 3 4
1 -1.1102230246251565e-15 0.99999999999977318 1 0 
7 0 0  3 4 2  -3.6009691024050534 1.9656849012799822  -3.5813696656826326 1.945721549287265  -3.5715959412693077 1.9194156740039268  -3.5715959412693077 1.8866632996398383 
 3 4 4 4
1 -3.9968028886505635e-15 0.99999999999977318 1 0 
7 0 0  3 4 2  -3.6756757086925478 1.9956299292704403  -3.6454707412239951 1.9956299292704403  -3.6205685391281657 1.9856482532740822  -3.6009691024050534 1.9656849012799822 
 4 4 5 4
1 4.4408920985006262e-15 0.99999999999977318 1 0 
7 0 0  3 4 2  -3.7238684881143671 1.98731186593968  -3.7111834415352014 1.9928225828968111  -3.6951191817276956 1.9956299292704403  -3.6756757086925478 1.9956299292704403 
 5 4 6 4
1 -6.2172489379008766e-15 0.99999999999977318 1 0 
1 -3.7238684881143671 1.98731186593968 0 1 
1 -0.00099999999999988987 0 0 1 
7 0 0  3 4 2  -3.6759356481720227 1.9719234487777042  -3.6933515932698922 1.9719234487777042  -3.7093118772858902 1.967972368696044  -3.7238684881143671 1.959862256949696 
 7 4 8 4
1 1.7763568394002505e-15 0.99999999999977318 1 0 
7 0 0  3 4 2  -3.620516551232412 1.9493607019943864  -3.634813222581422 1.964437191780436  -3.6532689255964983 1.9719234487777042  -3.6759356481720227 1.9719234487777042 
 8 4 9 4
1 -3.5527136788005009e-15 0.99999999999977318 1 0 
7 0 0  3 4 2  -3.5991495260521886 1.8882229365153087  -3.5991495260521886 1.9138009812566685  -3.6062718677784704 1.934180236415437  -3.620516551232412 1.9493607019943864 
 9 4 10 4
1 0 0.99999999999977318 1 0 
7 0 0  3 4 2  -3.6191128780449069 1.830204444784401  -3.6058039767159675 1.8445531040298573  -3.5991495260521886 1.8638926012734933  -3.5991495260521886 1.8882229365153087 
 10 4 11 4
1 -5.3290705182007514e-15 0.99999999999977318 1 0 
7 0 0  3 4 2  -3.671360713339896 1.8087854317077268  -3.6498377244724085 1.8087854317077268  -3.6324217793738458 1.8159597613304554  -3.6191128780449069 1.830204444784401 
 11 4 12 4
1 -1.7763568394002505e-15 0.99999999999977318 1 0 
7 0 0  3 4 2  -3.7238684881143671 1.8224062604125919  -3.7089999499106514 1.813360366539853  -3.69148002902058 1.8087854317077268  -3.671360713339896 1.8087854317077268 
 12 4 13 4
1 -1.2434497875801753e-14 0.99999999999977318 1 0 
1 -3.7238684881143671 1.8224062604125917 0 1 
1 -0.00099999999999988987 0 0 1 
1 -4.8431202380954108 2.5235132487678458 0 1 
1 0 2.5235132487678458 0 1 
1 4.9735132487678451 2.3931202380954124 1 0 
1 0 4.9735132487678451 0 1 
1 4.8431202380954126 -2.5235132487678458 -0 -1 
1 3.1415926535897931 2.5235132487678458 0 1 
1 -4.9735132487678433 -2.3931202380954124 -1 0 
1 3.1415926535897931 4.9735132487678433 0 1 
2 4.0195086444721912 -1.6259285630822453 -1 0 0 1 0.34333730589828582
1 0 0.010000000000000231 1 0 
1 -3.5632778779392353 1.8120086812487948 0 1 
1 -0.00099999999999988987 0 0 1 
1 -3.5632778779392353 1.7888220797150112 -1 0 
1 -0.00099999999999988987 0 0 1 
1 -3.4560268488706805 1.7888220797150112 0 -1 
1 0.00099999999999988987 0 0 -1 
1 -3.4560268488706805 1.9921987281463458 1 0 
1 0.00099999999999988987 0 0 -1 
1 -3.4822807362575734 1.9921987281463458 0 1 
1 -0.00099999999999988987 0 0 1 
1 -3.4822807362575734 1.8120086812487948 1 0 
1 0.00099999999999988987 0 0 -1 
1 -3.8739575433341908 1.8120086812487948 0 1 
1 -0.00099999999999988987 0 0 1 
1 -3.8739575433341908 1.7888220797150112 -1 0 
1 -0.00099999999999988987 0 0 1 
1 -3.7645750105382292 1.7888220797150112 0 -1 
1 0.00099999999999988987 0 0 -1 
1 -3.7645750105382292 1.9921987281463458 1 0 
1 0.00099999999999988987 0 0 -1 
1 -3.8693306206070033 1.9921987281463458 0 1 
1 -0.00099999999999988987 0 0 1 
1 -3.8693306206070033 1.9688041750295353 -1 0 
1 -0.00099999999999988987 0 0 1 
1 -3.7908288979251141 1.9688041750295353 0 1 
1 -0.00099999999999988987 0 0 1 
1 -3.7908288979251141 1.9037153294674112 1 0 
1 0.00099999999999988987 0 0 -1 
1 -3.8635599641710847 1.9037153294674112 0 1 
1 -0.00099999999999988987 0 0 1 
1 -3.8635599641710847 1.8804247521421142 -1 0 
1 -0.00099999999999988987 0 0 1 
1 -3.7908288979251141 1.8804247521421142 0 1 
1 -0.00099999999999988987 0 0 1 
1 -3.7908288979251141 1.8120086812487948 1 0 
1 0.00099999999999988987 0 0 -1 
1 -3.9683155742405529 1.7888220797150112 -1 0 
1 -0.00099999999999988987 0 0 1 
1 -3.9123765983426777 1.7888220797150112 0 -1 
1 0.00099999999999988987 0 0 -1 
1 -3.9123765983426777 1.9921987281463458 1 0 
1 0.00099999999999988987 0 0 -1 
7 0 0  3 4 2  -4.0472851879849356 1.965268998113928  -4.026853944929031 1.9832568100665062  -4.0012239122919118 1.9921987281463458  -3.9703950900735854 1.9921987281463458 
 2 4 3 4
1 -4.2188474935755949e-15 0.99999999999977318 1 0 
7 0 0  3 4 2  -4.0779580465159908 1.893109798721974  -4.0779580465159908 1.9232627782940741  -4.06771643104085 1.9472811861613495  -4.0472851879849356 1.965268998113928 
 3 4 4 4
1 4.4408920985006262e-16 0.99999999999977318 1 0 
7 0 0  3 4 2  -4.0472851879849356 1.8173114466215134  -4.06771643104085 1.8363390164906102  -4.0779580465159908 1.8616051338574304  -4.0779580465159908 1.893109798721974 
 4 4 5 4
1 -4.4408920985006262e-16 0.99999999999977318 1 0 
7 0 0  3 4 2  -3.9683155742405534 1.7888220797150112  -4.0004960817499358 1.7888220797150112  -4.026853944929031 1.798283876753803  -4.0472851879849356 1.8173114466215134 
 5 4 6 4
1 1.7763568394002505e-15 0.99999999999977318 1 0 
1 -4.1947748484141565 1.9921987281463458 0.35593572436987636 0.93451043874174644 
1 0 -0.00099999999999988987 -1 0 
1 -4.2722368131802124 1.7888220797150112 -1 0 
1 -0.00099999999999988987 0 0 1 
1 -4.2432275673147597 1.7888220797150112 -0.34939547946915755 -0.93697534595448007 
1 0 -0.00099999999999988987 -1 0 
1 -4.22248439688431 1.8444491282383437 -1 0 
1 -0.00099999999999988987 0 0 1 
1 -4.1377961145997695 1.8444491282383437 -0.33152841835039526 0.94344523308249606 
1 -0 -0.00099999999999988987 -1 0 
1 -4.1182486657731046 1.7888220797150112 -1 0 
1 -0.00099999999999988987 0 0 1 
1 -4.0892394199090374 1.7888220797150112 0.35593572436430743 -0.93451043874386763 
1 0 -0.00099999999999988987 -1 0 
1 -4.166701384673706 1.9921987281463458 1 0 
1 0.00099999999999988987 0 0 -1 
7 0 0  3 4 2  -3.7829267377611009 1.4835491554842941  -3.7679542237658694 1.4835491554842941  -3.7540214676871657 1.488228066107929  -3.7410244937334558 1.4975858873538213 
 0 4 1 4
1 -3.4209326060627831e-15 0.99999999999977318 1 0 
7 0 0  3 4 2  -3.8129757415423819 1.503200580102467  -3.8129757415423819 1.4900996303565559  -3.8029420776502674 1.4835491554842941  -3.7829267377611009 1.4835491554842941 
 1 4 2 4
1 1.3322676295501878e-15 0.99999999999977318 1 0 
7 0 0  3 4 2  -3.8064252666694265 1.5170293603889695  -3.8107922499185256 1.5133902076818539  -3.8129757415423819 1.5088152728511139  -3.8129757415423819 1.503200580102467 
 2 4 3 4
1 -3.5260683262094972e-13 0.99999999999977318 1 0 
7 0 0  3 4 2  -3.7797554761164869 1.5300263343433718  -3.7931683532369345 1.5250354963451913  -3.8020582834210193 1.520668513096092  -3.8064252666694265 1.5170293603889695 
 3 4 4 4
1 1.1102230246251565e-14 0.99999999999977318 1 0 
7 0 0  3 4 2  -3.7484067749392116 1.5492618557954934  -3.7531896613543654 1.5429193325062567  -3.7636912163089811 1.5364728334241247  -3.7797554761164869 1.5300263343433718 
 4 4 5 4
1 1.865174681370263e-14 0.99999999999977318 1 0 
7 0 0  3 4 2  -3.7411804574207275 1.5722405057462547  -3.7411804574207275 1.5632985876650292  -3.743571900628305 1.5556043790847289  -3.7484067749392116 1.5492618557954934 
 5 4 6 4
1 -4.9737991503207013e-14 0.99999999999977318 1 0 
7 0 0  3 4 2  -3.7575046567070167 1.6032252916518439  -3.746639186481409 1.5954271072800343  -3.7411804574207275 1.5851335039077536  -3.7411804574207275 1.5722405057462547 
 6 4 7 4
1 -8.8817841970012523e-15 0.99999999999977318 1 0 
7 0 0  3 4 2  -3.7977432880683684 1.6147666045236735  -3.7818349919488261 1.6147666045236735  -3.7684221148283781 1.6109195002335235  -3.7575046567070167 1.6032252916518439 
 7 4 8 4
1 8.8817841970012523e-16 0.99999999999977318 1 0 
7 0 0  3 4 2  -3.8321592750987485 1.6083201054415333  -3.8215537443519292 1.6126870886906328  -3.8101164072723033 1.6147666045236735  -3.7977432880683684 1.6147666045236735 
 8 4 9 4
1 -5.3290705182007514e-15 0.99999999999977318 1 0 
1 -3.8321592750987485 1.608320105441533 0 1 
1 -0.00099999999999988987 0 0 1 
7 0 0  3 4 2  -3.795247869069283 1.594075421988979  -3.809024661460723 1.594075421988979  -3.8212938048731409 1.590540245073373  -3.8321592750987485 1.5835738670336705 
 10 4 11 4
1 1.0658141036401503e-14 0.99999999999977318 1 0 
7 0 0  3 4 2  -3.7751805412843615 1.5886686808233585  -3.7803273429698052 1.5923078335304823  -3.787033781530726 1.594075421988979  -3.795247869069283 1.594075421988979 
 11 4 12 4
1 5.3290705182007514e-15 0.99999999999977318 1 0 
7 0 0  3 4 2  -3.7674343448076133 1.5745279731623139  -3.7674343448076133 1.5803506174925996  -3.770033739598909 1.5851335039077536  -3.7751805412843615 1.5886686808233585 
 12 4 13 4
1 -2.1671553440683056e-13 0.99999999999977318 1 0 
7 0 0  3 4 2  -3.7729970496598111 1.5610111202503483  -3.7693059090569334 1.5642343697900316  -3.7674343448076133 1.5687053288306403  -3.7674343448076133 1.5745279731623139 
 13 4 14 4
1 -1.1368683772161603e-13 0.99999999999977318 1 0 
7 0 0  3 4 2  -3.7977432880683684 1.5485340252535165  -3.7849542656976931 1.5535248632516965  -3.7767401781591379 1.5576838949177696  -3.7729970496598111 1.5610111202503483 
 14 4 15 4
1 7.1054273576010019e-15 0.99999999999977318 1 0 
7 0 0  3 4 2  -3.8305996382239726 1.5297144069688347  -3.824880969684509 1.5361609060495809  -3.8139635115631472 1.5425034293388165  -3.7977432880683684 1.5485340252535165 
 15 4 16 4
1 -3.5527136788005009e-15 0.99999999999977318 1 0 
7 0 0  3 4 2  -3.8391256531377578 1.5056959991015539  -3.8391256531377578 1.5152617719318602  -3.8362663188676809 1.523267907888082  -3.8305996382239726 1.5297144069688347 
 16 4 17 4
1 -4.2632564145606011e-14 0.99999999999977318 1 0 
7 0 0  3 4 2  -3.8227494659557149 1.4742953100285232  -3.8336669240770767 1.4818855428186937  -3.8391256531377578 1.4923870977726148  -3.8391256531377578 1.5056959991015539 
 17 4 18 4
1 -1.0658141036401503e-14 0.99999999999977318 1 0 
7 0 0  3 4 2  -3.7804313187620155 1.462753997158081  -3.7977432880683684 1.462753997158081  -3.8118839957301072 1.4666011014482312  -3.8227494659557149 1.4742953100285232 
 18 4 19 4
1 -7.1054273576010019e-15 0.99999999999977318 1 0 
7 0 0  3 4 2  -3.7410244937334562 1.4712800120718745  -3.7522538792293618 1.4656653193232287  -3.7653548289752741 1.462753997158081  -3.7804313187620155 1.462753997158081 
 19 4 20 4
1 -3.5527136788005009e-15 0.99999999999977318 1 0 
1 -3.7410244937334558 1.4712800120718743 0 -1 
1 0.00099999999999988987 0 0 -1 
1 -4.1286462449369044 1.4893717998159659 0 1 
1 -0.00099999999999988987 0 0 1 
1 -4.1286462449369044 1.4661851982821781 -1 0 
1 -0.00099999999999988987 0 0 1 
1 -4.0192637121402495 1.4661851982821781 0 -1 
1 0.00099999999999988987 0 0 -1 
1 -4.0192637121402495 1.6695618467135114 1 0 
1 0.00099999999999988987 0 0 -1 
1 -4.1240193222090156 1.6695618467135114 0 1 
1 -0.00099999999999988987 0 0 1 
1 -4.1240193222090156 1.6461672935967024 -1 0 
1 -0.00099999999999988987 0 0 1 
1 -4.0455175995278267 1.6461672935967024 0 1 
1 -0.00099999999999988987 0 0 1 
1 -4.0455175995278267 1.5810784480345756 1 0 
1 0.00099999999999988987 0 0 -1 
1 -4.1182486657731046 1.5810784480345756 0 1 
1 -0.00099999999999988987 0 0 1 
1 -4.1182486657731046 1.5577878707092787 -1 0 
1 -0.00099999999999988987 0 0 1 
1 -4.0455175995278267 1.5577878707092787 0 1 
1 -0.00099999999999988987 0 0 1 
1 -4.0455175995278267 1.4893717998159659 1 0 
1 0.00099999999999988987 0 0 -1 
1 -4.223004275843266 1.4661851982821781 -1 0 
1 -0.00099999999999988987 0 0 1 
1 -4.1670652999453921 1.4661851982821781 0 -1 
1 0.00099999999999988987 0 0 -1 
1 -4.1670652999453921 1.6695618467135114 1 0 
1 0.00099999999999988987 0 0 -1 
7 0 0  3 4 2  -4.3019738895862636 1.6426321166810938  -4.2815426465317374 1.660619928632286  -4.2559126138932379 1.6695618467135114  -4.225083791674912 1.6695618467135114 
 2 4 3 4
1 8.8817841970012523e-16 0.99999999999977318 1 0 
7 0 0  3 4 2  -4.3326467481187043 1.5704729172877581  -4.3326467481187043 1.6006258968612412  -4.3224051326421753 1.6246443047285153  -4.3019738895862636 1.6426321166810938 
 3 4 4 4
1 -2.2204460492503131e-15 0.99999999999977318 1 0 
7 0 0  3 4 2  -4.3019738895862636 1.4946745651886819  -4.3224051326421753 1.5137021350577771  -4.3326467481187043 1.5389682524232113  -4.3326467481187043 1.5704729172877581 
 4 4 5 4
1 -4.4408920985006262e-15 0.99999999999977318 1 0 
7 0 0  3 4 2  -4.2230042758432669 1.4661851982821783  -4.2551847833526404 1.4661851982821783  -4.2815426465317374 1.4756469953195879  -4.3019738895862636 1.4946745651886819 
 5 4 6 4
1 6.2172489379008766e-15 0.99999999999977318 1 0 
1 -4.4494635500168709 1.6695618467135114 0.3559357243643097 0.93451043874386663 
1 0 -0.00099999999999988987 -1 0 
1 -4.5269255147815395 1.4661851982821781 -1 0 
1 -0.00099999999999988987 0 0 1 
1 -4.4979162689174723 1.4661851982821781 -0.34939547949732402 -0.93697534594397691 
1 0 -0.00099999999999988987 -1 0 
1 -4.4771730984856353 1.521812246804122 -1 0 
1 -0.00099999999999988987 0 0 1 
1 -4.3924848162010894 1.521812246804122 -0.33152841835765701 0.94344523307994432 
1 -0 -0.00099999999999988987 -1 0 
1 -4.3729373673744316 1.4661851982821781 -1 0 
1 -0.00099999999999988987 0 0 1 
1 -4.3439281215089771 1.4661851982821781 0.35593572436987864 -0.93451043874174555 
1 0 -0.00099999999999988987 -1 0 
1 -4.421390086275033 1.6695618467135114 1 0 
1 0.00099999999999988987 0 0 -1 
7 0 0  3 4 2  -3.2894653185758247 1.667918058720528  -3.2880193534688993 1.7546772337949383  -3.2287338463794266 1.8313145703828719  -3.1463126217851469 1.8573423284223076 
 35 4 36 4
1 0 0.99999999999977318 1 0 
7 0 0  3 4 2  -3.2359637822320666 1.5305492775162184  -3.2706674963904172 1.5681449218870345  -3.2894653185758247 1.6173085077506648  -3.2894653185758247 1.667918058720528 
 34 4 35 4
1 0 0.99999999999977318 1 0 
7 0 0  3 4 2  -3.1043789717748504 1.4654798548396897  -3.1549885227440231 1.469817805319819  -3.2012601232351385 1.4929536331453943  -3.2359637822320666 1.5305492775162184 
 33 4 34 4
1 7.1054273576010019e-15 0.99999999999977318 1 0 
1 -3.1000410212947211 1.4654798548396897 -1 0 
1 -0.00099999999999988987 0 0 1 
7 0 0  3 4 2  -2.9771321117963803 1.5103054350645331  -2.9771321117963803 1.4871696623989952  -2.9959299339810967 1.4669258199459223  -3.0190657618066763 1.4654798548396897 
 28 4 29 4
1 0 0.99999999999977318 1 0 
7 0 0  3 4 2  -3.0219576920198388 1.5551310152879887  -2.9973758990880253 1.5551310152879887  -2.9771321117963803 1.53488717283631  -2.9771321117963803 1.5103054350645331 
 27 4 28 4
1 7.1054273576010019e-15 0.99999999999977318 1 0 
7 0 0  3 4 2  -3.0306335929794082 1.5536850501817563  -3.027741607606206 1.5536850501817563  -3.0248496222330035 1.5551310152879887  -3.0219576920198388 1.5551310152879887 
 26 4 27 4
1 -7.1054273576010019e-14 0.99999999999977318 1 0 
1 -3.095703015655245 1.5536850501817563 1 0 
1 0.00099999999999988987 0 -0 -1 
7 0 0  3 4 2  -3.1998141029681757 1.666472038454254  -3.1998141029681757 1.6071865589441103  -3.1549885227440231 1.5580230006618854  -3.095703015655245 1.5536850501817563 
 24 4 25 4
1 0 0.99999999999977318 1 0 
7 0 0  3 4 2  -3.0870271146956765 1.7792590267267527  -3.1492045519983116 1.7792590267267527  -3.1998141029681757 1.7286494757568887  -3.1998141029681757 1.666472038454254 
 23 4 24 4
1 3.5527136788005009e-15 0.99999999999977318 1 0 
7 0 0  3 4 2  -3.0754592283629054 1.7792590267267527  -3.0797971788423428 1.7792590267267527  -3.0826891642155463 1.7792590267267527  -3.0870271146956765 1.7792590267267527 
 22 4 23 4
7 0 0  3 4 2  -0.00099999999999988987 0  -0.00099999999999988987 0.0043379504794374135  -0.00099999999999988987 0.0072299358526408675  -0.00099999999999988987 0.01156788633277106 
 22 4 23 4
7 0 0  3 4 2  -2.8730210244827563 1.9600074230482909  -2.9771321117963803 1.9600074230482909  -3.0638913420301366 1.8804781286664816  -3.0754592283629054 1.7792590267267527 
 21 4 22 4
1 0 0.99999999999977318 1 0 
7 0 0  3 4 2  -2.6792587767215195 1.821192731896395  -2.7067324998664977 1.9021679362257868  -2.7819238437681766 1.9600074230482909  -2.8730210244827563 1.9600074230482909 
 20 4 21 4
1 0 0.99999999999977318 1 0 
7 0 0  3 4 2  -2.602621467712912 1.8428825394557002  -2.6300952184386026 1.8428825394557002  -2.6575689691636 1.834206610916806  -2.6792587767215195 1.821192731896395 
 19 4 20 4
1 -1.0658141036401503e-14 0.99999999999977318 1 0 
7 0 0  3 4 2  -2.458022750655958 1.6982838223987471  -2.458022750655958 1.7778131167805564  -2.5230921733317944 1.8428825394557002  -2.602621467712912 1.8428825394557002 
 18 4 19 4
1 0 0.99999999999977318 1 0 
7 0 0  3 4 2  -2.5447819808904084 1.5652529916745697  -2.4941724299205439 1.5883887919187392  -2.458022750655958 1.6389983428886024  -2.458022750655958 1.6982838223987471 
 17 4 18 4
1 0 0.99999999999977318 1 0 
7 0 0  3 4 2  -2.6807047694084676 1.6606881504479074  -2.6185273045258133 1.6606881504479074  -2.5650257957627658 1.6202005207045798  -2.5447819808904084 1.5652529916745697 
 16 4 17 4
1 -1.7763568394002505e-15 0.99999999999977318 1 0 
7 0 0  3 4 2  -2.7891538072015285 1.6115245921643018  -2.7631260491627856 1.6418903282624975  -2.7240843845256917 1.6606881504479074  -2.6807047694084676 1.6606881504479074 
 15 4 16 4
1 0 0.99999999999977318 1 0 
1 -2.9829160825420917 1.7127436941040266 0.88634884279586179 -0.46301806538669393 
1 0 -0.00099999999999988987 -1 0 
1 -3.0277416627662443 1.636106357516093 0.50488304864992151 0.86318775894121724 
1 0 -0.00099999999999988987 -1 0 
1 -2.8253034588860939 1.5291033124099775 -0.88409495024788098 0.46730730675455612 
1 -0 -0.00099999999999988987 -1 0 
7 0 0  3 4 2  -2.8253034588860939 1.5146434407033122  -2.8253034588860939 1.5189813911834493  -2.8253034588860939 1.5233193416635786  -2.8253034588860939 1.5291033124099778 
 11 4 12 4
7 0 0  3 4 2  -0.00099999999999988987 0  -0.00099999999999988987 0.0043379504801370761  -0.00099999999999988987 0.0086759009602663806  -0.00099999999999988987 0.014459871706665517 
 11 4 12 4
7 0 0  3 4 2  -2.6807047418284475 1.3700447236463642  -2.7602340362095639 1.3700447236463642  -2.8253034588860939 1.4351141463215054  -2.8253034588860939 1.5146434407033122 
 10 4 11 4
1 -1.7763568394002505e-15 0.99999999999977318 1 0 
7 0 0  3 4 2  -2.5433359468334316 1.4683718402135797  -2.5621337828088508 1.410532353389691  -2.6170812842588451 1.3700447236463642  -2.6807047418284475 1.3700447236463642 
 9 4 10 4
1 0 0.99999999999977318 1 0 
7 0 0  3 4 2  -2.4276569731884234 1.5377792133688581  -2.4594686881821746 1.5030754992105073  -2.4985103528199621 1.4799397265463488  -2.5433359468334316 1.4683718402135797 
 8 4 9 4
1 -8.8817841970012523e-16 0.99999999999977318 1 0 
7 0 0  3 4 2  -2.3669255147820336 1.6953917818661988  -2.3669255147820336 1.6375522950423089  -2.3886153223399531 1.5811587733260442  -2.4276569731884234 1.5377792133688581 
 7 4 8 4
1 0 0.99999999999977318 1 0 
7 0 0  3 4 2  -2.4348869504110922 1.8602343000048072  -2.3915072973709943 1.8168546986775922  -2.3669255147820336 1.7575692191674477  -2.3669255147820336 1.6953917818661988 
 6 4 7 4
1 8.8817841970012523e-16 0.99999999999977318 1 0 
7 0 0  3 4 2  -2.6011754750266576 1.9296416869500927  -2.5389980239340133 1.9296416869500927  -2.4797125582145698 1.9050599078096726  -2.4348869504110922 1.8602343000048072 
 5 4 6 4
1 8.8817841970012523e-16 0.99999999999977318 1 0 
7 0 0  3 4 2  -2.6344331689180405 1.9267497153675914  -2.6228652825852703 1.9281957080538463  -2.6127433613594278 1.9296416869500927  -2.6011754750266576 1.9296416869500927 
 4 4 5 4
1 -6.2172489379008766e-15 0.99999999999977318 1 0 
7 0 0  3 4 2  -2.6980565989069296 1.9903731522507928  -2.6734748059751148 1.9730213020673175  -2.6532309911034502 1.9513314945093965  -2.6344331689180405 1.9267497153675914 
 3 4 4 4
1 8.8817841970012523e-16 0.99999999999977318 1 0 
7 0 0  3 4 2  -2.8715750593758278 2.0467666532827407  -2.8079516293869369 2.0467666532827407  -2.7486661498774851 2.0265228332396501  -2.6980565989069296 1.9903731522507928 
 2 4 3 4
1 2.6645352591003757e-15 0.99999999999977318 1 0 
7 0 0  3 4 2  -3.0682292925102668 1.9715753162753733  -3.0132817910602721 2.0192928973870092  -2.9438744179043046 2.0467666532827407  -2.8715750593758278 2.0467666532827407 
 1 4 2 4
1 6.6613381477509392e-16 0.99999999999977318 1 0 
7 0 0  3 4 2  -3.1463126217851469 1.8573423284223076  -3.1304067849729402 1.9007219435381462  -3.1029330066679237 1.9397635943866181  -3.0682292925102668 1.9715753162753733 
 0 4 1 4
1 -1.0246953250274282e-15 0.99999999999977318 1 0 
1 -0.90000000000002589 0 0 -1 
1 -2.6499999999999999 0.90884481526678207 -1 0 
1 0 0.14999999999999991 -1 0 
1 3.1415926535897931 0 0 1 
1 -1.0999999999999743 5.2999999999999998 0 1 
1 -5.2999999999999998 -0 -1 -0 
1 0 5.1500000000000004 1 0 
1 3.1415926535897931 0 0 -1 
1 1.0999999999999743 0 -0 -1 
1 0 0 -1 -0 
1 0.89999999999999991 9.4849999999999994 1 0 
1 -1.0000000000000007 -0.75 1 0 
1 0.90000000000002589 0 0 1 
1 5.1000000000000005 0.90884481526678207 -1 0 
1 0 10.050000000000001 1 0 
1 1.5707963267948966 0 0 1 
1 1.0999999999999743 0 0 -1 
1 0 0 -1 0 
1 0 0.14999999999999991 -1 0 
1 6.2831853071795862 0 0 -1 
1 0.90000000000002589 0 0 1 
1 2.6499999999999999 0.90884481526678207 -1 -0 
1 0 5.1500000000000004 1 0 
1 0 0 0 1 
1 -0.90000000000002589 0 0 -1 
1 -5.1000000000000005 0.90884481526678207 -1 -0 
1 -0.89999999999999991 9.4849999999999994 -1 0 
1 -1.0000000000000007 0.75 1 0 
1 -1.0999999999999743 10.199999999999999 0 1 
1 -10.199999999999999 0 -1 0 
1 0 10.050000000000001 1 -0 
1 4.7123889803846835 0 0 -1 
1 -4.8431202380954117 0 -0 -1 
1 0 0 0 1 
1 -0 -2.3931202380954124 1 0 
1 3.1415926535897931 0 0 1 
1 4.8431202380954135 0 0 1 
1 3.1415926535897931 0 0 1 
1 0 2.3931202380954124 -1 0 
1 0 0 0 1 
7 1 0  3 4 2  -0.14999999999999947 0  1 -0.14951573902386528 0  0.99999218311994664 -0.14903148372584596 1.6850013275782061e-05  0.99999218311994664 -0.1485472454620389 5.0549644683428596e-05  1
 3.1415926535897989 4 3.151277835258262 4
7 0 0  3 25 23  4.712388980384695 1.0999999999999743  4.7125357249879531 1.0999999999999641  4.7128292143508732 1.1000000689499807  4.7132694488218396 1.1000003792255864  4.7137096836767753 1.1000008963522854  4.7141499188729821 1.1000016203304332  4.7145901543678246 1.1000025511602702  4.7150303901186108 1.1000036888419171  4.7154706260827171 1.1000050333753761  4.7159108622174486 1.100006584760522  4.7163510984801844 1.1000083429971195  4.7167913348282031 1.1000103080848034  4.7172315712189334 1.1000124800230957  4.717671807609622 1.100014858811394  4.7181120439576718 1.1000174444489756  4.7185522802204041 1.100020236935001  4.7189925163551409 1.1000232362685056  4.7194327523192463 1.1000264424484083  4.7198729880700308 1.1000298554735073  4.7203132235648875 1.1000334753424768  4.7207534587610596 1.1000373020538781  4.721193693616021 1.1000413356061407  4.7216339280869795 1.1000455759975944  4.7219274174499004 1.1000485408167966  4.7220741620531586 1.1000500576989907 
 3.1415926535897989 4 3.1420328891201836 1 3.1424731246505684 1 3.1429133601809531 1 3.1433535957113374 1 3.1437938312417222 1 3.1442340667721069 1 3.1446743023024917 1 3.1451145378328764 1 3.1455547733632612 1 3.1459950088936459 1 3.1464352444240307 1 3.146875479954415 1 3.1473157154847997 1 3.1477559510151845 1 3.1481961865455692 1 3.148636422075954 1 3.1490766576063387 1 3.1495168931367234 1 3.1499571286671078 1 3.1503973641974925 1 3.1508375997278772 1 3.151277835258262 4
1 -0.14571778046775918 -0.020279995372715756 -0.13784453749162573 0.9904538775146069 
1 4.6930186170477501 -2.7408630920433552e-16 0 -1 
1 0 0.7784518045943476 -1 0 
1 4.5727626402251458 5.1000000000000005 0 -1 
1 -9.8604708310661824 1.3723123024857247 -0.13784453749162573 -0.9904538775146069 
1 4.6930186170477457 1.4060142824145823 -1.1301366154319353e-15 -1 
7 1 0  3 4 2  -10.051452754537962 5.0549644683872685e-05  1 -10.050968516274153 1.6850013275782061e-05  0.99999218311994664 -10.050484260976134 0  0.99999218311994664 -10.049999999999999 0  1
 3.131907471921318 4 3.1415926535897931 4
7 0 0  3 25 23  4.7027037987162146 1.1000500576989909  4.7028505433194692 1.1000485408167966  4.703144032682391 1.1000455759975942  4.7035842671533654 1.1000413356061416  4.7040245020082958 1.1000373020538772  4.7044647372045096 1.1000334753424779  4.7049049726993353 1.1000298554735071  4.7053452084501384 1.100026442448409  4.7057854444142269 1.1000232362685058  4.7062256805489788 1.1000202369350012  4.7066659168117031 1.1000174444489756  4.7071061531597582 1.1000148588113936  4.7075463895504424 1.1000124800230953  4.7079866259411549 1.1000103080848038  4.7084268622892091 1.1000083429971192  4.7088670985519228 1.100006584760522  4.7093073346866747 1.1000050333753761  4.709747570650765 1.1000036888419178  4.7101878064015539 1.1000025511602702  4.7106280418964053 1.1000016203304335  4.7110682770926129 1.1000008963522849  4.7115085119475273 1.1000003792255855  4.7119487464185141 1.1000000689499809  4.7122422357814395 1.0999999999999646  4.7123889803846897 1.0999999999999743 
 3.131907471921318 4 3.1323477074517032 1 3.1327879429820884 1 3.1332281785124736 1 3.1336684140428588 1 3.134108649573244 1 3.1345488851036296 1 3.1349891206340148 1 3.1354293561644 1 3.1358695916947852 1 3.1363098272251704 1 3.1367500627555556 1 3.1371902982859408 1 3.137630533816326 1 3.1380707693467111 1 3.1385110048770963 1 3.1389512404074815 1 3.1393914759378672 1 3.1398317114682524 1 3.1402719469986375 1 3.1407121825290227 1 3.1411524180594079 1 3.1415926535897931 4
1 -9.4849999999999994 2.5561181938171817e-14 1 0 
1 0 0 1 0 
1 -8.8349999999999991 2.5561181938171817e-14 1 0 
1 0 0 1 0 
1 -8.1850000000000005 2.5561181938171817e-14 1 0 
1 0 0 1 0 
1 -7.5350000000000001 2.5561181938171817e-14 1 0 
1 0 0 1 0 
1 -6.8849999999999998 2.5561181938171817e-14 1 0 
1 0 0 1 0 
1 -6.2349999999999994 2.5561181938171817e-14 1 0 
1 0 0 1 0 
1 -5.585 2.5561181938171817e-14 1 0 
1 0 0 1 0 
1 -4.9349999999999996 2.5561181938171817e-14 1 0 
1 0 0 1 0 
1 -4.2850000000000001 2.5561181938171817e-14 1 0 
1 0 0 1 0 
1 -3.6349999999999998 2.5561181938171817e-14 1 0 
1 0 0 1 0 
1 -2.9849999999999999 2.5561181938171817e-14 1 0 
1 0 0 1 0 
1 -2.335 2.5561181938171817e-14 1 0 
1 0 0 1 0 
1 -1.6850000000000001 2.5561181938171817e-14 1 0 
1 0 0 1 0 
1 -1.0349999999999993 2.5561181938171817e-14 1 0 
1 0 0 1 0 
7 1 0  3 4 2  -0.14999999999999991 0  1 -0.14951573902386528 0  0.99999218311994664 -0.14903148372584596 1.685001327622615e-05  0.99999218311994664 -0.14854724546203846 5.0549644683650641e-05  1
 3.1415926535897931 4 3.151277835258262 4
7 0 0  3 25 23  3.1415926535897931 1.0999999999999743  3.1417393981930442 1.0999999999999643  3.1420328875559624 1.1000000689499807  3.1424731220269368 1.1000003792255857  3.1429133568818748 1.1000008963522854  3.1433535920780744 1.100001620330433  3.1437938275729218 1.1000025511602702  3.1442340633237138 1.1000036888419176  3.1446742992878076 1.1000050333753757  3.1451145354225516 1.1000065847605225  3.1455547716852794 1.1000083429971192  3.1459950080333274 1.1000103080848038  3.1464352444240338 1.1000124800230957  3.1468754808147343 1.1000148588113938  3.1473157171627797 1.1000174444489756  3.1477559534255017 1.1000202369350005  3.148196189560247 1.1000232362685058  3.1486364255243431 1.1000264424484081  3.1490766612751444 1.1000298554735071  3.1495168967699687 1.1000334753424774  3.1499571319661861 1.1000373020538772  3.1503973668211054 1.1000413356061407  3.1508376012920944 1.1000455759975936  3.1511310906550141 1.1000485408167964  3.151277835258262 1.1000500576989904 
 3.1415926535897931 4 3.1420328891201779 1 3.1424731246505631 1 3.1429133601809478 1 3.143353595711333 1 3.1437938312417177 1 3.1442340667721029 1 3.1446743023024877 1 3.1451145378328729 1 3.1455547733632576 1 3.1459950088936428 1 3.1464352444240276 1 3.1468754799544123 1 3.1473157154847975 1 3.1477559510151822 1 3.1481961865455674 1 3.1486364220759522 1 3.1490766576063374 1 3.1495168931367221 1 3.1499571286671073 1 3.1503973641974921 1 3.1508375997278772 1 3.151277835258262 4
1 -0.14571778046775918 -0.020279995372715756 -0.13784453749162573 0.9904538775146069 
1 3.1415926535897958 4.8572257327350599e-17 3.9554781540117763e-15 1 
1 -0 0.77845180459434737 -1 0 
1 1.4311699866353544 2.6499999999999999 0 -1 
1 -5.0535763019959559 0.70332188488706227 -0.13784453749162573 -0.9904538775146069 
1 3.1415926535897905 -0.67543823370896583 0 -1 
7 1 0  3 4 2  -5.1514527545379618 5.0549644677655436e-05  1 -5.1509685162741548 1.6850013269342767e-05  0.99999218311994664 -5.1504842609761354 -6.4392935428259079e-15  0.99999218311994664 -5.1500000000000004 0  1
 3.1319074719213211 4 3.1415926535897931 4
7 0 0  3 25 23  3.1319074719213216 1.1000500576989845  3.1320542165245695 1.1000485408167906  3.1323477058874891 1.1000455759975882  3.1327879403584764 1.1000413356061347  3.1332281752133984 1.1000373020538712  3.1336684104096086 1.1000334753424714  3.1341086459044414 1.1000298554735004  3.1345488816552347 1.1000264424484023  3.1349891176193379 1.1000232362684996  3.1354293537540809 1.1000202369349945  3.1358695900168065 1.1000174444489694  3.1363098263648537 1.1000148588113885  3.1367500627555489 1.1000124800230897  3.1371902991462601 1.1000103080847978  3.1376305354943077 1.1000083429971139  3.1380707717570266 1.1000065847605176  3.138511007891772 1.100005033375371  3.1389512438558733 1.1000036888419142  3.1393914796066653 1.1000025511602667  3.1398317151015074 1.1000016203304306  3.1402719502977119 1.1000008963522829  3.1407121851526356 1.1000003792255835  3.1411524196236256 1.1000000689499803  3.1414459089865465 1.0999999999999643  3.1415926535897931 1.0999999999999743 
 3.1319074719213211 4 3.1323477074517063 1 3.1327879429820915 1 3.1332281785124763 1 3.1336684140428614 1 3.1341086495732466 1 3.1345488851036318 1 3.1349891206340166 1 3.1354293561644018 1 3.135869591694787 1 3.1363098272251722 1 3.1367500627555573 1 3.1371902982859421 1 3.1376305338163273 1 3.1380707693467125 1 3.1385110048770977 1 3.1389512404074824 1 3.1393914759378676 1 3.1398317114682528 1 3.140271946998638 1 3.1407121825290227 1 3.1411524180594079 1 3.1415926535897931 4
7 1 0  3 4 2  5.1500000000000004 0  1 5.1504842609761345 -4.4408920985006262e-16  0.99999218311994664 5.1509685162741539 1.6850013275782061e-05  0.99999218311994664 5.1514527545379609 5.0549644683428596e-05  1
 3.1415926535897931 4 3.1512778352582593 4
7 0 0  3 25 23  0 1.0999999999999743  0.00014674460324953954 1.0999999999999643  0.0004402339661688957 1.1000000689499811  0.00088046843714962404 1.1000003792255861  0.0013207032920796965 1.1000008963522856  0.0017609384882821151 1.1000016203304335  0.0022011739831286183 1.10000255116027  0.0026414097339205636 1.1000036888419176  0.0030816456980191998 1.1000050333753759  0.0035218818327583707 1.100006584760522  0.0039621180954862965 1.1000083429971192  0.0044023544435343297 1.1000103080848034  0.0048425908342401474 1.1000124800230955  0.0052828272249408215 1.1000148588113936  0.0057230635729881955 1.1000174444489759  0.0061632998357078941 1.1000202369350007  0.0066035359704541535 1.1000232362685058  0.007043771934551182 1.1000264424484085  0.0074840076853474064 1.1000298554735075  0.0079242431801753097 1.1000334753424772  0.0083644783763837816 1.1000373020538774  0.0088047132313175923 1.1000413356061411  0.009244947702293338 1.1000455759975938  0.009538437065213486 1.1000485408167961  0.0096851816684659208 1.1000500576989904 
 3.1415926535897931 4 3.1420328891201779 1 3.1424731246505626 1 3.1429133601809478 1 3.1433535957113325 1 3.1437938312417173 1 3.144234066772102 1 3.1446743023024868 1 3.1451145378328715 1 3.1455547733632567 1 3.1459950088936415 1 3.1464352444240262 1 3.146875479954411 1 3.1473157154847957 1 3.1477559510151809 1 3.1481961865455657 1 3.1486364220759504 1 3.1490766576063352 1 3.1495168931367199 1 3.1499571286671046 1 3.1503973641974898 1 3.1508375997278746 1 3.1512778352582593 4
1 5.0535763019959559 0.70332188488706227 -0.13784453749162573 0.9904538775146069 
1 3.1415926535897873 -0.73057604870561688 0 -1 
1 0 0.77845180459434737 -1 0 
1 4.5727626402251476 -2.6499999999999999 0 -1 
1 0.14571778046775918 -0.020279995372715756 -0.13784453749162573 -0.9904538775146069 
1 3.1415926535897958 -2.2204460492503131e-16 -3.9554781540117771e-15 1 
7 1 0  3 4 2  0.14854724546203846 5.0549644683428596e-05  1 0.14903148372584596 1.6850013275782061e-05  0.99999218311994664 0.14951573902386528 -4.4408920985006262e-16  0.99999218311994664 0.14999999999999991 0  1
 3.1319074719213242 4 3.1415926535897931 4
7 0 0  3 25 23  6.2735001255111174 1.1000500576989904  6.2736468701143666 1.1000485408167966  6.2739403594772876 1.1000455759975944  6.2743805939482771 1.1000413356061407  6.2748208288031897 1.1000373020538774  6.2752610639994142 1.100033475342477  6.2757012994942336 1.1000298554735068  6.276141535245034 1.1000264424484085  6.2765817712091367 1.1000232362685054  6.2770220073438754 1.1000202369350005  6.2774622436066014 1.1000174444489759  6.2779024799546512 1.1000148588113936  6.2783427163453425 1.1000124800230957  6.2787829527360621 1.100010308084804  6.2792231890840995 1.1000083429971192  6.2796634253468291 1.1000065847605223  6.2801036614815686 1.1000050333753755  6.2805438974456633 1.1000036888419176  6.2809841331964629 1.1000025511602705  6.2814243686912983 1.1000016203304332  6.2818646038875068 1.1000008963522849  6.2823048387424363 1.1000003792255859  6.2827450732134134 1.1000000689499803  6.2830385625763325 1.0999999999999639  6.2831853071795862 1.0999999999999743 
 3.1319074719213242 4 3.132347707451709 1 3.1327879429820942 1 3.1332281785124789 1 3.1336684140428641 1 3.1341086495732489 1 3.1345488851036341 1 3.1349891206340188 1 3.135429356164404 1 3.1358695916947887 1 3.1363098272251739 1 3.1367500627555587 1 3.1371902982859434 1 3.1376305338163286 1 3.1380707693467134 1 3.1385110048770986 1 3.1389512404074833 1 3.1393914759378685 1 3.1398317114682532 1 3.1402719469986384 1 3.1407121825290232 1 3.1411524180594084 1 3.1415926535897931 4
1 0.14571778046775918 -0.020279995372715756 -0.13784453749162573 -0.9904538775146069 
1 1.5901666901318361 0 0 1 
7 1 0  3 4 2  0.1485472454620389 5.0549644683428596e-05  1 0.14903148372584596 1.6850013275782061e-05  0.99999218311994664 0.14951573902386617 0  0.99999218311994664 0.15000000000000036 0  1
 3.1319074719213242 4 3.1415926535897931 4
7 0 0  3 25 23  1.5611111451264277 1.1000500576989907  1.5612578897296729 1.1000485408167968  1.5615513790925941 1.1000455759975947  1.5619916135635916 1.1000413356061411  1.5624318484185047 1.1000373020538774  1.562872083614725 1.1000334753424774  1.5633123191095402 1.1000298554735066  1.563752554860343 1.1000264424484092  1.5641927908244417 1.1000232362685056  1.5646330269591926 1.1000202369350012  1.5650732632219091 1.1000174444489756  1.5655134995699675 1.1000148588113936  1.5659537359606439 1.1000124800230957  1.566393972351384 1.100010308084804  1.5668342086994089 1.1000083429971192  1.5672744449621374 1.1000065847605223  1.5677146810968667 1.1000050333753755  1.5681549170609834 1.1000036888419176  1.5685951528117661 1.1000025511602702  1.5690353883066135 1.1000016203304337  1.5694756235028047 1.1000008963522849  1.569915858357759 1.1000003792255859  1.5703560928287095 1.1000000689499803  1.5706495821916329 1.0999999999999639  1.5707963267948966 1.0999999999999743 
 3.1319074719213242 4 3.132347707451709 1 3.1327879429820942 1 3.1332281785124789 1 3.1336684140428641 1 3.1341086495732489 1 3.1345488851036341 1 3.1349891206340188 1 3.135429356164404 1 3.1358695916947887 1 3.1363098272251739 1 3.1367500627555587 1 3.1371902982859434 1 3.1376305338163286 1 3.1380707693467134 1 3.1385110048770986 1 3.1389512404074833 1 3.1393914759378685 1 3.1398317114682532 1 3.1402719469986384 1 3.1407121825290232 1 3.1411524180594084 1 3.1415926535897931 4
1 1.0349999999999993 2.5561181938171817e-14 -1 0 
1 0 0 -1 0 
1 1.6850000000000001 2.5561181938171817e-14 -1 0 
1 0 0 -1 0 
1 2.335 2.5561181938171817e-14 -1 0 
1 0 0 -1 0 
1 2.9849999999999999 2.5561181938171817e-14 -1 0 
1 0 0 -1 0 
1 3.6349999999999998 2.5561181938171817e-14 -1 0 
1 0 0 -1 0 
1 4.2850000000000001 2.5561181938171817e-14 -1 0 
1 0 0 -1 0 
1 4.9349999999999996 2.5561181938171817e-14 -1 0 
1 0 0 -1 0 
1 5.585 2.5561181938171817e-14 -1 0 
1 0 0 -1 0 
1 6.2349999999999994 2.5561181938171817e-14 -1 0 
1 0 0 -1 0 
1 6.8849999999999998 2.5561181938171817e-14 -1 0 
1 0 0 -1 0 
1 7.5350000000000001 2.5561181938171817e-14 -1 0 
1 0 0 -1 0 
1 8.1850000000000005 2.5561181938171817e-14 -1 0 
1 0 0 -1 0 
1 8.8349999999999991 2.5561181938171817e-14 -1 0 
1 0 0 -1 0 
1 9.4849999999999994 2.5561181938171817e-14 -1 0 
1 0 0 -1 0 
7 1 0  3 4 2  10.050000000000001 0  1 10.050484260976134 0  0.99999218311994664 10.050968516274153 1.6850013275782061e-05  0.99999218311994664 10.051452754537962 5.0549644683872685e-05  1
 3.1415926535897931 4 3.151277835258262 4
7 0 0  3 25 23  1.5707963267948966 1.0999999999999743  1.5709430713981538 1.0999999999999643  1.5712365607610745 1.1000000689499807  1.5716767952320387 1.1000003792255857  1.5721170300869778 1.1000008963522854  1.5725572652831823 1.100001620330433  1.5729975007780261 1.1000025511602702  1.573437736528811 1.1000036888419176  1.5738779724929195 1.1000050333753757  1.5743182086276464 1.1000065847605225  1.5747584448903933 1.1000083429971192  1.5751986812384176 1.1000103080848038  1.5756389176291448 1.1000124800230957  1.5760791540198378 1.1000148588113938  1.576519390367878 1.1000174444489759  1.5769596266306114 1.1000202369350012  1.5773998627653485 1.1000232362685056  1.5778400987294503 1.100026442448409  1.5782803344802523 1.1000298554735068  1.5787205699750699 1.1000334753424776  1.5791608051712782 1.1000373020538776  1.5796010400262039 1.1000413356061411  1.5800412744971983 1.100045575997594  1.5803347638601197 1.1000485408167968  1.5804815084633654 1.1000500576989909 
 3.1415926535897931 4 3.1420328891201779 1 3.1424731246505631 1 3.1429133601809478 1 3.143353595711333 1 3.1437938312417177 1 3.1442340667721029 1 3.1446743023024877 1 3.1451145378328729 1 3.1455547733632576 1 3.1459950088936428 1 3.1464352444240276 1 3.1468754799544123 1 3.1473157154847975 1 3.1477559510151822 1 3.1481961865455674 1 3.1486364220759522 1 3.1490766576063374 1 3.1495168931367221 1 3.1499571286671073 1 3.1503973641974921 1 3.1508375997278772 1 3.151277835258262 4
1 9.8604708310661824 1.3723123024857247 -0.13784453749162573 0.9904538775146069 
1 1.5901666901318361 -4.4408920985006262e-16 0 1 
1 0 0.7784518045943476 -1 0 
1 1.4311699866353531 -5.1000000000000005 0 -1 
1 -4.7332931635649844 -0.65874708732640341 -0.13784453749162578 0.9904538775146069 
1 1.551425963457969 0.33771911685448341 0 -1 
7 1 0  3 4 2  -4.951452754537959 0.90879426562209908  1 -4.9509685162741519 0.90882796525350673  0.99999218311994664 -4.9504842609761335 0.90884481526678251  0.99999218311994664 -4.9499999999999993 0.90884481526678207  1
 6.2735001255111289 4 6.2831853071795862 4
7 0 0  3 25 23  1.5804815084633537 0.89994994230101  1.5803347638601026 0.89995145918320441  1.5800412744971795 0.89995442400240655  1.5796010400261933 0.89995866439385952  1.5791608051712664 0.89996269794612305  1.5787205699750593 0.89996652465752325  1.5782803344802403 0.89997014452649338  1.577840098729437 0.89997355755159147  1.5773998627653458 0.89997676373149516  1.576959626630597 0.89997976306499972  1.5765193903678678 0.89998255555102491  1.5760791540198253 0.89998514118860706  1.5756389176291306 0.89998751997690463  1.5751986812384149 0.89998969191519684  1.5747584448903837 0.89999165700288142  1.5743182086276493 0.89999341523947851  1.5738779724929193 0.89999496662462464  1.5734377365288108 0.89999631115808265  1.572997500778027 0.89999744883972976  1.5725572652831803 0.89999837966956764  1.5721170300869844 0.89999910364771485  1.5716767952320474 0.89999962077441464  1.5712365607610728 0.89999993105001919  1.5709430713981509 0.9000000000000361  1.5707963267948966 0.90000000000002589 
 6.2735001255111289 4 6.2739403610415136 1 6.2743805965718975 1 6.2748208321022823 1 6.275261067632667 1 6.2757013031630509 1 6.2761415386934356 1 6.2765817742238195 1 6.2770220097542042 1 6.277462245284589 1 6.2779024808149728 1 6.2783427163453576 1 6.2787829518757423 1 6.2792231874061262 1 6.2796634229365109 1 6.2801036584668957 1 6.2805438939972795 1 6.2809841295276643 1 6.2814243650580481 1 6.2818646005884329 1 6.2823048361188176 1 6.2827450716492015 1 6.2831853071795862 4
1 -4.384999999999998 0.90884481526675631 1 0 
1 0 0 -1 0 
1 -3.734999999999999 0.90884481526675631 1 0 
1 0 0 -1 0 
1 -3.0849999999999995 0.90884481526675631 1 0 
1 0 0 -1 0 
1 -2.4349999999999992 0.90884481526675631 1 0 
1 0 0 -1 0 
1 -1.7849999999999988 0.90884481526675631 1 0 
1 0 0 -1 0 
1 -1.1349999999999993 0.90884481526675631 1 0 
1 0 0 -1 0 
1 -0.48499999999999976 0.90884481526675631 1 0 
1 0 0 -1 0 
1 0.16500000000000059 0.90884481526675631 1 0 
1 0 0 -1 0 
1 0.81500000000000061 0.90884481526675631 1 0 
1 0 0 -1 0 
1 1.4650000000000005 0.90884481526675631 1 0 
1 0 0 -1 0 
1 2.1150000000000007 0.90884481526675631 1 0 
1 0 0 -1 0 
1 2.7650000000000006 0.90884481526675631 1 0 
1 0 0 -1 0 
1 3.4150000000000005 0.90884481526675631 1 0 
1 0 0 -1 0 
1 4.0650000000000013 0.90884481526675631 1 0 
1 0 0 -1 0 
7 1 0  3 4 2  4.9500000000000002 0.90884481526678207  1 4.9504842609761344 0.90884481526678251  0.99999218311994664 4.9509685162741537 0.90882796525350651  0.99999218311994664 4.9514527545379607 0.90879426562209853  1
 0 4 0.009685181668463435 4
7 0 0  3 25 23  1.5707963267948966 0.90000000000002589  1.5706495821916515 0.90000000000003577  1.5703560928287352 0.8999999310500193  1.5699158583577497 0.89999962077441531  1.569475623502814 0.89999910364771518  1.5690353883066237 0.89999837966956775  1.5685951528117523 0.89999744883972954  1.5681549170609941 0.8999963111580821  1.5677146810968741 0.89999496662462475  1.5672744449621328 0.89999341523947773  1.5668342086994207 0.89999165700288219  1.5663939723513776 0.89998969191519695  1.5659537359606561 0.89998751997690418  1.5655134995699591 0.89998514118860762  1.5650732632219317 0.89998255555102402  1.5646330269591806 0.89997976306499983  1.5641927908244695 0.89997676373149504  1.5637525548603497 0.89997355755159125  1.563312319109557 0.89997014452649382  1.5628720836147214 0.89996652465752291  1.5624318484185056 0.89996269794612305  1.5619916135635901 0.89995866439385885  1.5615513790926012 0.89995442400240633  1.5612578897296807 0.89995145918320374  1.5611111451264337 0.89994994230100955 
 0 4 0.00044023553038470157 1 0.00088047106076940315 1 0.0013207065911541047 1 0.0017609421215388063 1 0.0022011776519235077 1 0.0026414131823082093 1 0.003081648712692911 1 0.0035218842430776126 1 0.0039621197734623142 1 0.0044023553038470154 1 0.0048425908342317175 1 0.0052828263646164187 1 0.0057230618950011207 1 0.0061632974253858219 1 0.006603532955770524 1 0.0070437684861552252 1 0.0074840040165399264 1 0.0079242395469246284 1 0.0083644750773093305 1 0.0088047106076940308 1 0.0092449461380787329 1 0.009685181668463435 4
1 4.7332931635649862 -0.65874708732640341 -0.13784453749162578 -0.9904538775146069 
1 1.5514259634579692 -0.3377191168544833 2.8253415385798393e-16 -1 
1 -4.9735132487678433 0.13039301067243436 -1 0 
1 1.4311699866353533 -4.9735132487678433 0 -1 
7 1 0  3 4 2  2.5 0.90884481526678196  1 2.5004842609761346 0.90884481526678274  0.99999218311994664 2.500968516274154 0.90882796525350651  0.99999218311994664 2.5014527545379615 0.90879426562209886  1
 0 4 0.0096851816684692168 4
7 0 0  3 25 23  6.2831853071795862 0.90000000000002589  6.283038562576337 0.90000000000003577  6.2827450732134187 0.89999993105001974  6.2823048387424318 0.89999962077441531  6.2818646038875032 0.89999910364771474  6.2814243686913054 0.89999837966956775  6.2809841331964558 0.89999744883972954  6.280543897445666 0.8999963111580821  6.280103661481566 0.89999496662462475  6.2796634253468291 0.89999341523947773  6.279223189084103 0.89999165700288219  6.2787829527360524 0.89998969191519695  6.2783427163453425 0.89998751997690418  6.277902479954653 0.89998514118860751  6.2774622436065952 0.89998255555102447  6.2770220073438781 0.89997976306499972  6.2765817712091359 0.89997676373149516  6.2761415352450358 0.89997355755159159  6.2757012994942407 0.89997014452649371  6.2752610639994062 0.8999665246575228  6.2748208288032004 0.89996269794612294  6.2743805939482655 0.8999586643938593  6.2739403594772893 0.89995442400240588  6.2736468701143693 0.89995145918320363  6.2735001255111174 0.89994994230100978 
 0 4 0.00044023553038496438 1 0.00088047106076992877 1 0.0013207065911548931 1 0.0017609421215398575 1 0.0022011776519248218 1 0.0026414131823097862 1 0.0030816487126947506 1 0.0035218842430797151 1 0.0039621197734646795 1 0.0044023553038496435 1 0.0048425908342346084 1 0.0052828263646195724 1 0.0057230618950045373 1 0.0061632974253895013 1 0.0066035329557744661 1 0.0070437684861594302 1 0.0074840040165443942 1 0.007924239546929359 1 0.008364475077314323 1 0.008804710607699287 1 0.0092449461380842528 1 0.0096851816684692168 4
1 2.3298458990298734 -0.32425187852707205 -0.13784453749162578 -0.9904538775146069 
1 6.2831853071795862 0.33771911685448308 0 -1 
1 -2.5235132487678458 0.13039301067243436 -1 0 
1 4.5727626402251467 -2.5235132487678458 0 -1 
1 -2.3298458990298734 -0.32425187852707205 -0.13784453749162578 0.9904538775146069 
1 0 -5.5511151231257827e-17 0 1 
7 1 0  3 4 2  -2.5014527545379615 0.90879426562209886  1 -2.500968516274154 0.90882796525350651  0.99999218311994664 -2.5004842609761346 0.90884481526678274  0.99999218311994664 -2.5 0.90884481526678196  1
 6.2735001255111174 4 6.2831853071795862 4
7 0 0  3 25 23  0.009685181668468882 0.89994994230100978  0.0095384370652164714 0.89995145918320396  0.0092449477022964101 0.89995442400240633  0.0088047132313199827 0.89995866439385952  0.0083644783763883353 0.89996269794612282  0.0079242431801733477 0.89996652465752347  0.0074840076853511309 0.89997014452649271  0.0070437719345557235 0.89997355755159192  0.0066035359704482528 0.8999767637314946  0.0061632998357111128 0.89997976306499983  0.0057230635729824068 0.89998255555102424  0.0052828272249421087 0.89998514118860717  0.0048425908342401664 0.8999875199769044  0.0044023544435311916 0.89998969191519729  0.0039621180954828349 0.89999165700288131  0.0035218818327589154 0.89999341523947762  0.0030816456980192982 0.89999496662462564  0.0026414097339177004 0.89999631115808176  0.0022011739831238894 0.8999974488397301  0.0017609384882865033 0.89999837966956753  0.0013207032920844867 0.89999910364771485  0.0008804684371429486 0.89999962077441531  0.00044023396617389978 0.89999993105001896  0.00014674460325426526 0.90000000000003566  0 0.90000000000002589 
 6.2735001255111174 4 6.2739403610415021 1 6.2743805965718868 1 6.2748208321022725 1 6.2752610676326572 1 6.275701303163042 1 6.2761415386934267 1 6.2765817742238124 1 6.2770220097541971 1 6.2774622452845819 1 6.2779024808149666 1 6.2783427163453513 1 6.278782951875737 1 6.2792231874061217 1 6.2796634229365065 1 6.2801036584668912 1 6.2805438939972769 1 6.2809841295276616 1 6.2814243650580464 1 6.2818646005884311 1 6.2823048361188167 1 6.2827450716492015 1 6.2831853071795862 4
1 -2.3298458990298734 -0.32425187852707205 -0.13784453749162578 0.9904538775146069 
1 6.2831853071795862 -0.33771911685448303 0 -1 
7 1 0  3 4 2  -2.5014527545379615 0.90879426562209886  1 -2.500968516274154 0.90882796525350651  0.99999218311994664 -2.5004842609761346 0.90884481526678274  0.99999218311994664 -2.5 0.90884481526678196  1
 6.2735001255111174 4 6.2831853071795862 4
7 0 0  3 25 23  3.151277835258262 0.89994994230100978  3.1511310906550096 0.89995145918320396  3.1508376012920896 0.89995442400240633  3.150397366821112 0.89995866439385952  3.1499571319661812 0.89996269794612282  3.1495168967699656 0.89996652465752347  3.1490766612751449 0.89997014452649271  3.1486364255243484 0.89997355755159192  3.1481961895602404 0.8999767637314946  3.1477559534255053 0.89997976306499983  3.1473157171627748 0.89998255555102424  3.1468754808147361 0.89998514118860717  3.1464352444240333 0.8999875199769044  3.1459950080333239 0.89998969191519729  3.145554771685275 0.89999165700288131  3.1451145354225525 0.89999341523947762  3.1446742992878125 0.89999496662462564  3.1442340633237111 0.89999631115808176  3.143793827572916 0.8999974488397301  3.1433535920780797 0.89999837966956753  3.1429133568818779 0.89999910364771485  3.1424731220269355 0.89999962077441531  3.1420328875559669 0.89999993105001896  3.1417393981930477 0.90000000000003566  3.1415926535897931 0.90000000000002589 
 6.2735001255111174 4 6.2739403610415021 1 6.2743805965718868 1 6.2748208321022725 1 6.2752610676326572 1 6.275701303163042 1 6.2761415386934267 1 6.2765817742238124 1 6.2770220097541971 1 6.2774622452845819 1 6.2779024808149666 1 6.2783427163453513 1 6.278782951875737 1 6.2792231874061217 1 6.2796634229365065 1 6.2801036584668912 1 6.2805438939972769 1 6.2809841295276616 1 6.2814243650580464 1 6.2818646005884311 1 6.2823048361188167 1 6.2827450716492015 1 6.2831853071795862 4
7 1 0  3 4 2  2.5 0.90884481526678196  1 2.5004842609761351 0.90884481526678873  0.99999218311994664 2.5009685162741544 0.90882796525351239  0.99999218311994664 2.5014527545379623 0.90879426562210475  1
 0 4 0.0096851816684750004 4
7 0 0  3 25 23  3.1415926535897931 0.90000000000002589  3.1414459089865421 0.90000000000003588  3.1411524196236233 0.89999993105001974  3.1407121851526494 0.89999962077441709  3.140271950297711 0.89999910364771629  3.1398317151015114 0.89999837966957119  3.1393914796066649 0.89999744883973232  3.1389512438558742 0.89999631115808665  3.1385110078917715 0.8999949666246283  3.1380707717570266 0.89999341523948284  3.1376305354943086 0.89999165700288586  3.1371902991462597 0.89998969191520206  3.1367500627555494 0.89998751997691018  3.1363098263648532 0.89998514118861195  3.1358695900168025 0.89998255555103002  3.1354293537540809 0.8999797630650056  3.1349891176193387 0.89997676373150048  3.1345488816552329 0.89997355755159747  3.1341086459044458 0.89997014452650015  3.1336684104096091 0.89996652465752847  3.1332281752133939 0.89996269794612949  3.1327879403584782 0.89995866439386474  3.132347705887486 0.89995442400241243  3.1320542165245646 0.89995145918321007  3.1319074719213185 0.89994994230101577 
 0 4 0.0004402355303852273 1 0.00088047106077045461 1 0.001320706591155682 1 0.0017609421215409092 1 0.0022011776519261367 1 0.0026414131823113639 1 0.0030816487126965912 1 0.0035218842430818184 1 0.0039621197734670457 1 0.0044023553038522734 1 0.0048425908342375002 1 0.0052828263646227279 1 0.0057230618950079547 1 0.0061632974253931824 1 0.0066035329557784092 1 0.0070437684861636369 1 0.0074840040165488645 1 0.0079242395469340914 1 0.008364475077319319 1 0.0088047106077045467 1 0.0092449461380897727 1 0.0096851816684750004 4
1 2.3298458990298734 -0.32425187852707205 -0.13784453749162578 -0.9904538775146069 
1 0 0 0 1 
1 -2.5235132487678458 0.13039301067243436 -1 0 
1 1.4311699866353542 -2.5235132487678458 0 -1 
7 1 0  3 4 2  4.9499999999999993 0.90884481526678207  1 4.9504842609761326 0.90884481526678251  0.99999218311994664 4.9509685162741528 0.90882796525350651  0.99999218311994664 4.9514527545379599 0.90879426562209853  1
 0 4 0.0096851816684692168 4
7 0 0  3 25 23  4.7123889803846835 0.90000000000002589  4.7122422357814262 0.90000000000003577  4.711948746418507 0.89999993105001974  4.7115085119475379 0.89999962077441531  4.7110682770926129 0.89999910364771474  4.7106280418964053 0.89999837966956775  4.7101878064015539 0.89999744883972954  4.7097475706507641 0.8999963111580821  4.709307334686673 0.89999496662462475  4.7088670985519254 0.89999341523947773  4.7084268622892065 0.89999165700288219  4.7079866259411665 0.89998969191519695  4.7075463895504388 0.89998751997690418  4.7071061531597609 0.89998514118860762  4.7066659168117031 0.89998255555102402  4.7062256805489806 0.89997976306499983  4.7057854444142562 0.89997676373149504  4.7053452084501259 0.89997355755159125  4.7049049726993486 0.89997014452649382  4.7044647372045025 0.89996652465752291  4.7040245020083136 0.8999626979461226  4.7035842671533716 0.8999586643938593  4.7031440326823901 0.89995442400240566  4.7028505433194692 0.8999514591832033  4.7027037987162208 0.89994994230100955 
 0 4 0.00044023553038496438 1 0.00088047106076992877 1 0.0013207065911548931 1 0.0017609421215398575 1 0.0022011776519248218 1 0.0026414131823097862 1 0.0030816487126947506 1 0.0035218842430797151 1 0.0039621197734646795 1 0.0044023553038496435 1 0.0048425908342346084 1 0.0052828263646195724 1 0.0057230618950045373 1 0.0061632974253895013 1 0.0066035329557744661 1 0.0070437684861594302 1 0.0074840040165443942 1 0.007924239546929359 1 0.008364475077314323 1 0.008804710607699287 1 0.0092449461380842528 1 0.0096851816684692168 4
1 4.7332931635649853 -0.65874708732640341 -0.13784453749162578 -0.9904538775146069 
1 4.7317593437216159 0 -1.1301366154319357e-15 1 
1 -4.9735132487678451 0.13039301067243436 -1 0 
1 4.5727626402251467 -4.9735132487678451 0 -1 
1 -4.7332931635649862 -0.65874708732640341 -0.13784453749162578 0.9904538775146069 
1 4.7317593437216114 -4.4408920985006262e-16 0 1 
7 1 0  3 4 2  -4.9514527545379616 0.90879426562209875  1 -4.9509685162741546 0.90882796525350651  0.99999218311994664 -4.9504842609761344 0.90884481526678251  0.99999218311994664 -4.9500000000000002 0.90884481526678207  1
 6.2735001255111174 4 6.2831853071795862 4
7 0 0  3 25 23  4.7220741620531586 0.89994994230100978  4.7219274174499137 0.89995145918320396  4.7216339280869919 0.89995442400240633  4.7211936936159935 0.89995866439385952  4.7207534587610809 0.89996269794612282  4.7203132235648608 0.89996652465752347  4.7198729880700467 0.89997014452649271  4.7194327523192428 0.89997355755159192  4.7189925163551445 0.8999767637314946  4.7185522802203943 0.89997976306499983  4.7181120439576745 0.89998255555102424  4.7176718076096229 0.89998514118860717  4.7172315712189326 0.8999875199769044  4.7167913348282351 0.89998969191519729  4.7163510984801649 0.89999165700288131  4.7159108622174619 0.89999341523947762  4.7154706260826869 0.89999496662462564  4.7150303901186126 0.89999631115808176  4.7145901543678166 0.8999974488397301  4.7141499188729776 0.89999837966956753  4.7137096836767691 0.89999910364771485  4.7132694488218307 0.89999962077441531  4.7128292143508759 0.89999993105001896  4.7125357249879531 0.90000000000003566  4.7123889803846897 0.90000000000002589 
 6.2735001255111174 4 6.2739403610415021 1 6.2743805965718868 1 6.2748208321022725 1 6.2752610676326572 1 6.275701303163042 1 6.2761415386934267 1 6.2765817742238124 1 6.2770220097541971 1 6.2774622452845819 1 6.2779024808149666 1 6.2783427163453513 1 6.278782951875737 1 6.2792231874061217 1 6.2796634229365065 1 6.2801036584668912 1 6.2805438939972769 1 6.2809841295276616 1 6.2814243650580464 1 6.2818646005884311 1 6.2823048361188167 1 6.2827450716492015 1 6.2831853071795862 4
1 -4.0650000000000013 0.90884481526675631 -1 0 
1 0 0 1 0 
1 -3.4150000000000005 0.90884481526675631 -1 0 
1 0 0 1 0 
1 -2.7650000000000006 0.90884481526675631 -1 0 
1 0 0 1 0 
1 -2.1150000000000007 0.90884481526675631 -1 0 
1 0 0 1 0 
1 -1.4650000000000005 0.90884481526675631 -1 0 
1 0 0 1 0 
1 -0.81500000000000061 0.90884481526675631 -1 0 
1 0 0 1 0 
1 -0.16500000000000059 0.90884481526675631 -1 0 
1 0 0 1 0 
1 0.48499999999999976 0.90884481526675631 -1 0 
1 0 0 1 0 
1 1.1349999999999993 0.90884481526675631 -1 0 
1 0 0 1 0 
1 1.7849999999999988 0.90884481526675631 -1 0 
1 0 0 1 0 
1 2.4349999999999992 0.90884481526675631 -1 0 
1 0 0 1 0 
1 3.0849999999999995 0.90884481526675631 -1 0 
1 0 0 1 0 
1 3.734999999999999 0.90884481526675631 -1 0 
1 0 0 1 0 
1 4.384999999999998 0.90884481526675631 -1 0 
1 0 0 1 0 
1 3.1415926535897931 -4.8431202380954108 -1 0 
1 4.7123889803846035 3.1415926535897931 2.5444437451708077e-14 -1 
1 0 4.8431202380954126 1 0 
1 4.712388980384695 0 2.6065033487115592e-14 1 
7 0 0  3 25 23  4.7123889803846897 1.43116998663535  4.8891827999694968 1.4275831572145132  5.1772737919925857 1.4096653794767573  5.4568956317078827 1.3609159763329772  5.6227539741043255 1.3030585016308869  5.7318844676015317 1.2404399634522587  5.8072551419429539 1.1753288044217005  5.862610467828536 1.108727926869143  5.9050179971848502 1.0411945125520039  5.9387443021773105 0.97303855044841114  5.9663822741244736 0.90445033533832875  5.9896188284923042 0.83555095577778926  6.009586799661732 0.76642146337990058  6.0270770988535318 0.6971180133040854  6.0426585839683851 0.62768084234171539  6.0567522965022995 0.55813961971627701  6.069678055492453 0.48851682055239126  6.0816849757374012 0.41882991047790874  6.092971996352091 0.34909281091407734  6.1037021125622326 0.27931690991197555  6.1140126005862818 0.20951178607936641  6.1240223925272428 0.13968572922177233  6.1338384566433817 0.069846189423256322  6.1403183533047763 0.02328203203767993  6.1435589670200432 0 
 3.1415926535897931 4 3.2121120155651548 1 3.2826313775405169 1 3.3531507395158786 1 3.4236701014912407 1 3.4941894634666024 1 3.5647088254419641 1 3.6352281874173262 1 3.7057475493926879 1 3.77626691136805 1 3.8467862733434117 1 3.9173056353187734 1 3.9878249972941351 1 4.0583443592694977 1 4.1288637212448593 1 4.199383083220221 1 4.2699024451955827 1 4.3404218071709444 1 4.410941169146307 1 4.4814605311216678 1 4.5519798930970303 1 4.622499255072392 1 4.6930186170477537 4
1 4.6930186170477501 -0.45902681540342605 -1 -2.8624582823162045e-16 
1 10.995574287564274 0 -1 0 
1 6.2831853071795853 2.3931202380954124 -1 0 
1 4.7123889803846897 0 -1 0 
1 3.1415926535897989 -2.3931202380954124 1 0 
7 0 0  3 25 23  3.281218993749337 0  3.2844596074646057 0.023282032037680034  3.2909395041259977 0.069846189423256669  3.3007555682421348 0.13968572922177269  3.3107653601830993 0.20951178607936871  3.3210758482071485 0.279316909911976  3.3318059644172853 0.34909281091408062  3.3430929850319813 0.41882991047790946  3.3550999052769206 0.48851682055239926  3.3680256642670816 0.55813961971627835  3.3821193768009947 0.6276808423417185  3.3977008619158506 0.69711801330408929  3.4151911611076491 0.76642146337990502  3.4351591322770769 0.83555095577779326  3.458395686644907 0.90445033533833274  3.4860336585920764 0.97303855044841581  3.5197599635845225 1.0411945125520101  3.5621674929408527 1.1087279268691468  3.6175228188264201 1.1753288044217074  3.6928934931678628 1.2404399634522632  3.8020239866650645 1.3030585016308913  3.9678823290615162 1.3609159763329814  4.2475041687768273 1.4096653794767591  4.5355951607999243 1.4275831572145155  4.7123889803847323 1.4311699866353529 
 1.590166690131833 4 1.6606860521071949 1 1.7312054140825566 1 1.8017247760579185 1 1.8722441380332802 1 1.9427635000086421 1 2.013282861984004 1 2.0838022239593657 1 2.1543215859347278 1 2.2248409479100895 1 2.2953603098854511 1 2.3658796718608128 1 2.436399033836175 1 2.5069183958115366 1 2.5774377577868988 1 2.6479571197622604 1 2.7184764817376221 1 2.7889958437129838 1 2.8595152056883455 1 2.9300345676637076 1 3.0005539296390693 1 3.0710732916144314 1 3.1415926535897931 4
1 -1.590166690131833 0.45902681540342738 1 0 
1 3.141592653589794 -2.3931202380954124 -1 0 
1 7.8539816339744828 0 -1 0 
7 0 0  3 25 23  1.551425963457969 -1.2449304022548857  1.5302084736076114 -1.2451497260470585  1.4872161300121094 -1.2455798996124836  1.4211475946484022 -1.2461927361231135  1.3535841721274537 -1.2467661771651104  1.2846352814149002 -1.2472931455836769  1.2144262307160716 -1.247766718712547  1.1430998419886251 -1.2481803067288526  1.0708147462627133 -1.2485278667411759  0.99774390834988624 -1.2488041079259053  0.92407244456338877 -1.2490046845964164  0.84999504052673158 -1.2491263623300934  0.77571298172896896 -1.2491671463022493  0.70143092293123654 -1.2491263623300946  0.62735351889456603 -1.2490046845964178  0.55368205510805923 -1.2488041079259062  0.48061121719526018 -1.2485278667411785  0.40832612146933778 -1.248180306728855  0.3369997327419007 -1.2477667187125498  0.26679068204306888 -1.24729314558368  0.19784179133051238 -1.2467661771651155  0.13027836880954755 -1.246192736123118  0.064209833445862743 -1.2455798996124894  0.02121748985036356 -1.2451497260470648  0 -1.2449304022548919 
 2.3658796718608026 4 2.4363990338361647 1 2.5069183958115273 1 2.5774377577868894 1 2.6479571197622516 1 2.7184764817376137 1 2.7889958437129763 1 2.8595152056883384 1 2.9300345676637005 1 3.0005539296390626 1 3.0710732916144252 1 3.1415926535897873 1 3.2121120155651495 1 3.282631377540512 1 3.3531507395158742 1 3.4236701014912363 1 3.4941894634665989 1 3.564708825441961 1 3.6352281874173231 1 3.7057475493926857 1 3.7762669113680474 1 3.8467862733434099 1 3.9173056353187721 4
7 0 0  3 25 23  1.5804815084633537 0.89994994230101  1.6016989983137118 0.89973061850883718  1.6446913419092126 0.89930044494341244  1.7107598772729176 0.89868760843278439  1.7783232997938689 0.89811416739078564  1.8472721905064133 0.89758719897222106  1.9174812412052546 0.89711362584335164  1.9888076299326984 0.89670003782704566  2.0610927256586105 0.89635247781472227  2.1341635635714309 0.89607623662999369  2.2078350273579295 0.89587565995948315  2.2819124313945918 0.89575398222580704  2.3561944901923453 0.89571319825365059  2.4304765489900828 0.89575398222580749  2.5045539530267531 0.89587565995948393  2.5782254168132588 0.89607623662999503  2.6512962547260606 0.89635247781472416  2.7235813504519801 0.89670003782704821  2.7949077391794215 0.89711362584335441  2.8651167898782486 0.89758719897222372  2.9340656805908094 0.89811416739079075  3.0016291031117652 0.89868760843278828  3.0676976384754577 0.89930044494341843  3.1106899820709568 0.89973061850884317  3.1319074719213185 0.89994994230101577 
 2.3658796718608026 4 2.4363990338361647 1 2.5069183958115273 1 2.5774377577868894 1 2.6479571197622516 1 2.7184764817376137 1 2.7889958437129763 1 2.8595152056883384 1 2.9300345676637005 1 3.0005539296390626 1 3.0710732916144252 1 3.1415926535897873 1 3.2121120155651495 1 3.282631377540512 1 3.3531507395158742 1 3.4236701014912363 1 3.4941894634665989 1 3.564708825441961 1 3.6352281874173231 1 3.7057475493926857 1 3.7762669113680474 1 3.8467862733434099 1 3.9173056353187721 4
7 0 0  3 25 23  0 1.2449304022548857  0.0212174898503554 1.2451497260470583  0.064209833445853431 1.2455798996124832  0.1302783688095579 1.2461927361231122  0.19784179133050731 1.24676617716511  0.2667906820430716 1.2472931455836758  0.3369997327419022 1.247766718712545  0.40832612146934111 1.2481803067288502  0.48061121719526051 1.2485278667411743  0.55368205510807045 1.2488041079259025  0.62735351889456747 1.2490046845964138  0.70143092293123777 1.2491263623300897  0.77571298172897862 1.2491671463022471  0.84999504052672759 1.2491263623300892  0.92407244456339044 1.2490046845964138  0.99774390834989701 1.2488041079259025  1.0708147462627065 1.2485278667411741  1.1430998419886196 1.2481803067288506  1.2144262307160696 1.247766718712545  1.2846352814148798 1.2472931455836751  1.3535841721274779 1.2467661771651095  1.4211475946483898 1.2461927361231113  1.4872161300121032 1.2455798996124832  1.5302084736076089 1.2451497260470588  1.551425963457969 1.2449304022548855 
 5.5074723254506068 4 5.5779916874259685 1 5.6485110494013311 1 5.7190304113766928 1 5.7895497733520553 1 5.860069135327417 1 5.9305884973027787 1 6.0011078592781413 1 6.071627221253503 1 6.1421465832288655 1 6.2126659452042272 1 6.2831853071795898 1 6.3537046691549515 1 6.4242240311303132 1 6.4947433931056757 1 6.5652627550810374 1 6.6357821170563991 1 6.7063014790317617 1 6.7768208410071233 1 6.8473402029824859 1 6.9178595649578476 1 6.9883789269332102 1 7.0588982889085718 4
7 0 0  3 25 23  0.009685181668468882 0.89994994230100978  0.03090267151882703 0.89973061850883695  0.073895015114326085 0.8993004449434121  0.13996355047802583 0.89868760843278317  0.20752697299897893 0.8981141673907852  0.27647586371154304 0.89758719897221939  0.34668491441037064 0.89711362584334975  0.41801130313781398 0.89670003782704366  0.49029639886373266 0.89635247781472016  0.56336723677653333 0.89607623662999081  0.63703870056304235 0.89587565995948037  0.71111610459970687 0.89575398222580305  0.78539816339744939 0.89571319825364792  0.85968022219519624 0.89575398222580294  0.93375762623186565 0.89587565995948071  1.0074290900183627 0.8960762366299907  1.0804999279311756 0.89635247781472016  1.1527850236570913 0.89670003782704366  1.2241114123845296 0.89711362584334908  1.2943204630833536 0.89758719897221884  1.3632693537959428 0.8981141673907852  1.4308327763168573 0.89868760843278184  1.4969013116805683 0.89930044494341221  1.5398936552760738 0.89973061850883729  1.5611111451264337 0.89994994230100955 
 5.5074723254506068 4 5.5779916874259685 1 5.6485110494013311 1 5.7190304113766928 1 5.7895497733520553 1 5.860069135327417 1 5.9305884973027787 1 6.0011078592781413 1 6.071627221253503 1 6.1421465832288655 1 6.2126659452042272 1 6.2831853071795898 1 6.3537046691549515 1 6.4242240311303132 1 6.4947433931056757 1 6.5652627550810374 1 6.6357821170563991 1 6.7063014790317617 1 6.7768208410071233 1 6.8473402029824859 1 6.9178595649578476 1 6.9883789269332102 1 7.0588982889085718 4
1 0 2.3931202380954124 1 0 
1 7.8539816339744881 0 -1 0 
1 1.5707963267948966 4.8431202380954099 1 6.20596035407514e-16 
1 4.7123889803846764 1.5707963267948966 4.3441722478525985e-15 -1 
1 9.4247779607693793 -4.8431202380954161 -1 6.20596035407514e-16 
1 4.7123889803846719 -6.2831853071795862 3.723576212445085e-15 1 
7 0 0  3 25 23  6.1435589670200432 0  6.1403183533047763 -0.02328203203768003  6.1338384566433835 -0.069846189423256419  6.124022392527241 -0.13968572922177158  6.1140126005862827 -0.20951178607936774  6.1037021125622317 -0.27931690991197411  6.0929719963520954 -0.34909281091407862  6.0816849757374003 -0.41882991047790752  6.0696780554924539 -0.48851682055239581  6.0567522965022995 -0.5581396197162759  6.042658583968386 -0.62768084234171517  6.02707709885353 -0.69711801330408574  6.009586799661732 -0.76642146337990102  5.989618828492306 -0.83555095577778737  5.9663822741244683 -0.90445033533833563  5.9387443021773123 -0.9730385504484097  5.9050179971848502 -1.0411945125520043  5.8626104678285342 -1.1087279268691428  5.8072551419429663 -1.1753288044217021  5.7318844676015255 -1.24043996345226  5.6227539741043282 -1.3030585016308869  5.4568956317078827 -1.3609159763329775  5.1772737919925857 -1.4096653794767569  4.8891827999694959 -1.4275831572145143  4.7123889803846897 -1.4311699866353529 
 0 4 0.070519361975361822 1 0.14103872395072364 1 0.21155808592608547 1 0.28207744790144729 1 0.35259680987680908 1 0.42311617185217093 1 0.49363553382753278 1 0.56415489580289457 1 0.63467425777825637 1 0.70519361975361816 1 0.77571298172898007 1 0.84623234370434186 1 0.91675170567970365 1 0.98727106765506556 1 1.0577904296304272 1 1.1283097916057891 1 1.1988291535811511 1 1.2693485155565127 1 1.3398678775318746 1 1.4103872395072363 1 1.4809066014825982 1 1.5514259634579601 4
1 6.2831853071795862 -0.79674593225791046 -1 0 
7 0 0  3 25 23  1.5804815084633654 1.1000500576989909  1.6016989983137313 1.1002693814911635  1.6446913419092337 1.1006995550565879  1.7107598772729211 1.1013123915672174  1.7783232997938703 1.1018858326092142  1.8472721905064398 1.1024128010277803  1.9174812412052731 1.1028863741566493  1.9888076299327055 1.1032999621729551  2.06109272565863 1.1036475221852782  2.1341635635714225 1.103923763370007  2.207835027357937 1.1041243400405174  2.2819124313945984 1.1042460177741937  2.3561944901923364 1.1042868017463492  2.4304765489900841 1.1042460177741933  2.5045539530267584 1.1041243400405165  2.5782254168132535 1.1039237633700054  2.6512962547260592 1.1036475221852755  2.7235813504519748 1.1032999621729529  2.7949077391794281 1.1028863741566455  2.8651167898782344 1.1024128010277763  2.9340656805908272 1.1018858326092102  3.0016291031117581 1.1013123915672118  3.0676976384754666 1.1006995550565832  3.1106899820709653 1.1002693814911577  3.1319074719213216 1.1000500576989845 
 2.365879671860815 4 2.4363990338361767 1 2.5069183958115384 1 2.5774377577869001 1 2.6479571197622618 1 2.718476481737623 1 2.7889958437129847 1 2.8595152056883464 1 2.9300345676637081 1 3.0005539296390698 1 3.0710732916144314 1 3.1415926535897931 1 3.2121120155651548 1 3.2826313775405165 1 3.3531507395158782 1 3.4236701014912398 1 3.4941894634666015 1 3.5647088254419632 1 3.6352281874173249 1 3.7057475493926861 1 3.7762669113680478 1 3.8467862733434095 1 3.9173056353187712 4
7 0 0  3 25 23  1.5901666901318361 -1.3854877889766288  1.611384179982202 -1.3857071127688021  1.654376523577705 -1.3861372863342269  1.7204450589413938 -1.3867501228448549  1.7880084814623429 -1.3873235638868544  1.8569573721749086 -1.3878505323054193  1.9271664228737422 -1.3883241054342896  1.9984928116011731 -1.3887376934505959  2.070777907327098 -1.3890852534629197  2.1438487452398962 -1.3893614946476478  2.2175202090264103 -1.3895620713181593  2.2915976130630682 -1.3896837490518361  2.3658796718608062 -1.3897245330239922  2.4401617306585575 -1.3896837490518363  2.5142391346952304 -1.3895620713181605  2.5879105984817206 -1.3893614946476491  2.6609814363945299 -1.3890852534629223  2.7332665321204472 -1.3887376934505971  2.804592920847897 -1.3883241054342934  2.8748019715467077 -1.387850532305424  2.9437508622592934 -1.387323563886858  3.0113142847802288 -1.3867501228448598  3.077382820143935 -1.3861372863342325  3.1203751637394346 -1.3857071127688079  3.1415926535897931 -1.385487788976635 
 2.365879671860815 4 2.4363990338361767 1 2.5069183958115384 1 2.5774377577869001 1 2.6479571197622618 1 2.718476481737623 1 2.7889958437129847 1 2.8595152056883464 1 2.9300345676637081 1 3.0005539296390698 1 3.0710732916144314 1 3.1415926535897931 1 3.2121120155651548 1 3.2826313775405165 1 3.3531507395158782 1 3.4236701014912398 1 3.4941894634666015 1 3.5647088254419632 1 3.6352281874173249 1 3.7057475493926861 1 3.7762669113680478 1 3.8467862733434095 1 3.9173056353187712 4
7 0 0  3 25 23  0.0096851816684659208 1.1000500576989904  0.030902671518818436 1.1002693814911635  0.07389501511431637 1.1006995550565881  0.13996355047803077 1.1013123915672172  0.20752697299896694 1.1018858326092147  0.27647586371154814 1.1024128010277814  0.34668491441035615 1.1028863741566506  0.41801130313780926 1.1032999621729569  0.4902963988637225 1.1036475221852795  0.56336723677652933 1.103923763370009  0.63703870056303635 1.1041243400405192  0.71111610459970021 1.1042460177741966  0.78539816339744228 1.1042868017463521  0.85968022219519402 1.1042460177741964  0.93375762623185876 1.1041243400405194  1.0074290900183511 1.1039237633700094  1.0804999279311656 1.1036475221852799  1.1527850236570856 1.1032999621729562  1.2241114123845276 1.1028863741566508  1.2943204630833562 1.1024128010277809  1.3632693537959315 1.1018858326092156  1.4308327763168682 1.1013123915672174  1.4969013116805681 1.1006995550565881  1.5398936552760683 1.1002693814911637  1.5611111451264277 1.1000500576989907 
 5.5074723254506042 4 5.5779916874259658 1 5.6485110494013275 1 5.7190304113766901 1 5.7895497733520518 1 5.8600691353274135 1 5.9305884973027752 1 6.0011078592781377 1 6.0716272212534994 1 6.1421465832288611 1 6.2126659452042228 1 6.2831853071795853 1 6.353704669154947 1 6.4242240311303087 1 6.4947433931056704 1 6.565262755081033 1 6.6357821170563946 1 6.7063014790317563 1 6.776820841007118 1 6.8473402029824797 1 6.9178595649578423 1 6.9883789269332039 1 7.0588982889085656 4
7 0 0  3 25 23  3.1415926535897905 -0.020526493437953874  3.120375163739439 -0.020307169645780884  3.077382820143943 -0.019876996080355942  3.011314284780231 -0.019264159569726987  2.9437508622592916 -0.018690718527729019  2.874801971546713 -0.018163750109164239  2.8045929208479019 -0.017690176980294688  2.7332665321204517 -0.017276588963988534  2.6609814363945361 -0.016929028951664104  2.5879105984817317 -0.016652787766936874  2.514239134695222 -0.01645221109642531  2.4401617306585641 -0.016330533362748589  2.365879671860815 -0.016289749390593199  2.2915976130630682 -0.016330533362748329  2.2175202090264037 -0.016452211096426337  2.1438487452399095 -0.016652787766935701  2.0707779073270927 -0.016929028951665131  1.9984928116011753 -0.017276588963988246  1.9271664228737311 -0.017690176980294802  1.856957372174914 -0.018163750109164063  1.7880084814623312 -0.018690718527729602  1.7204450589413995 -0.019264159569727525  1.6543765235776957 -0.019876996080355862  1.6113841799821953 -0.02030716964578071  1.5901666901318361 -0.020526493437953874 
 5.5074723254506042 4 5.5779916874259658 1 5.6485110494013275 1 5.7190304113766901 1 5.7895497733520518 1 5.8600691353274135 1 5.9305884973027752 1 6.0011078592781377 1 6.0716272212534994 1 6.1421465832288611 1 6.2126659452042228 1 6.2831853071795853 1 6.353704669154947 1 6.4242240311303087 1 6.4947433931056704 1 6.565262755081033 1 6.6357821170563946 1 6.7063014790317563 1 6.776820841007118 1 6.8473402029824797 1 6.9178595649578423 1 6.9883789269332039 1 7.0588982889085656 4
7 0 0  3 25 23  4.7123889803846897 -1.4311699866353529  4.5355951607998843 -1.4275831572145143  4.2475041687767954 -1.4096653794767564  3.9678823290614957 -1.3609159763329775  3.8020239866650529 -1.3030585016308871  3.6928934931678512 -1.2404399634522594  3.6175228188264148 -1.1753288044217023  3.5621674929408451 -1.108727926869143  3.5197599635845265 -1.0411945125520039  3.4860336585920697 -0.97303855044841014  3.4583956866449101 -0.90445033533833563  3.4351591322770725 -0.83555095577778737  3.4151911611076469 -0.76642146337990091  3.3977008619158493 -0.69711801330408585  3.3821193768009925 -0.62768084234171473  3.3680256642670785 -0.55813961971627624  3.3550999052769264 -0.4885168205523957  3.3430929850319764 -0.41882991047790769  3.3318059644172839 -0.34909281091407729  3.3210758482071485 -0.27931690991197872  3.3107653601830971 -0.20951178607936677  3.3007555682421379 -0.13968572922177155  3.2909395041259955 -0.069846189423256586  3.2844596074646035 -0.0232820320376802  3.2812189937493361 0 
 1.590166690131833 4 1.6606860521071949 1 1.7312054140825566 1 1.8017247760579185 1 1.8722441380332802 1 1.9427635000086421 1 2.013282861984004 1 2.0838022239593657 1 2.1543215859347278 1 2.2248409479100895 1 2.2953603098854511 1 2.3658796718608128 1 2.436399033836175 1 2.5069183958115366 1 2.5774377577868988 1 2.6479571197622604 1 2.7184764817376221 1 2.7889958437129838 1 2.8595152056883455 1 2.9300345676637076 1 3.0005539296390693 1 3.0710732916144314 1 3.1415926535897931 4
1 3.14159265358979 0.79674593225791046 1 0 
7 0 0  3 25 23  6.2831853071795862 -1.582649519109369  6.2619678173292286 -1.582868842901541  6.2189754737337291 -1.5832990164669651  6.1529069383700286 -1.5839118529775948  6.0853435158490825 -1.5844852940195919  6.0163946251365035 -1.5850122624381575  5.9461855744376964 -1.5854858355670272  5.8748591857102328 -1.5858994235833321  5.8025740899843132 -1.5862469835956554  5.7295032520715274 -1.5865232247803851  5.6558317882850222 -1.5867238014508953  5.5817543842483497 -1.5868454791845721  5.5074723254505917 -1.586886263156728  5.4331902666528746 -1.5868454791845723  5.3591128626161835 -1.586723801450894  5.2854413988297022 -1.5865232247803853  5.212370560916872 -1.5862469835956552  5.140085465190972 -1.5858994235833328  5.0687590764635013 -1.5854858355670269  4.9985500257647093 -1.5850122624381573  4.9296011350521214 -1.5844852940195926  4.862037712531186 -1.5839118529775944  4.7959691771674837 -1.5832990164669656  4.7529768335719798 -1.5828688429015414  4.7317593437216168 -1.5826495191093686 
 2.3658796718608168 4 2.4363990338361785 1 2.5069183958115402 1 2.5774377577869014 1 2.6479571197622631 1 2.7184764817376248 1 2.7889958437129865 1 2.8595152056883482 1 2.9300345676637098 1 3.0005539296390711 1 3.0710732916144328 1 3.1415926535897944 1 3.2121120155651561 1 3.2826313775405174 1 3.3531507395158791 1 3.4236701014912407 1 3.4941894634666024 1 3.5647088254419641 1 3.6352281874173258 1 3.7057475493926875 1 3.7762669113680487 1 3.8467862733434104 1 3.9173056353187721 4
7 0 0  3 25 23  3.151277835258262 0.89994994230100978  3.1724953251086188 0.89973061850883662  3.2154876687041165 0.8993004449434111  3.2815562040678214 0.8986876084327825  3.3491196265887662 0.89811416739078498  3.4180685173013439 0.89758719897221828  3.4882775680001501 0.89711362584334886  3.559603956727611 0.89670003782704222  3.6318890524535359 0.89635247781471883  3.7049598903663177 0.89607623662999003  3.7786313541528274 0.89587565995947893  3.852708758189495 0.89575398222580238  3.9269908169872525 0.89571319825364659  4.00127287578497 0.89575398222580249  4.0753502798216639 0.89587565995947882  4.1490217436081487 0.89607623662998981  4.2220925815209638 0.8963524778147185  4.2943776772468727 0.89670003782704244  4.3657040659743309 0.89711362584334886  4.4359131166731389 0.89758719897221795  4.5048620073857197 0.89811416739078531  4.572425429906656 0.89868760843278184  4.638493965270353 0.89930044494341155  4.6814863088658569 0.89973061850883684  4.7027037987162208 0.89994994230100955 
 2.3658796718608168 4 2.4363990338361785 1 2.5069183958115402 1 2.5774377577869014 1 2.6479571197622631 1 2.7184764817376248 1 2.7889958437129865 1 2.8595152056883482 1 2.9300345676637098 1 3.0005539296390711 1 3.0710732916144328 1 3.1415926535897944 1 3.2121120155651561 1 3.2826313775405174 1 3.3531507395158791 1 3.4236701014912407 1 3.4941894634666024 1 3.5647088254419641 1 3.6352281874173258 1 3.7057475493926875 1 3.7762669113680487 1 3.8467862733434104 1 3.9173056353187721 4
1 1.5901666901318361 -0.59958420212517072 1 -1.4312291411581047e-16 
7 0 0  3 25 23  1.5707963267948966 1.4311699866353522  1.3940025072100932 1.4275831572145137  1.1059115151870034 1.4096653794767564  0.82628967547169441 1.3609159763329788  0.6604313330752607 1.3030585016308867  0.55130083957805365 1.2404399634522609  0.4759301652366254 1.1753288044217012  0.4205748393510515 1.1087279268691428  0.3781673099947287 1.0411945125520048  0.34444100500227498 0.97303855044841192  0.31680303305511281 0.90445033533832797  0.29356647868727903 0.83555095577778982  0.2735985075178517 0.7664214633799008  0.25610820832605413 0.69711801330408585  0.2405267232112 0.62768084234171506  0.22643301067728414 0.5581396197162759  0.21350725168712825 0.48851682055239604  0.20150033144218402 0.41882991047790785  0.19021331082749252 0.34909281091407734  0.17948319461735207 0.27931690991197905  0.16917270659330311 0.20951178607936649  0.15916291465234203 0.13968572922177214  0.14934685053620203 0.069846189423256169  0.14286695387481019 0.023282032037679919  0.13962634015954251 0 
 0 4 0.070519361975361836 1 0.14103872395072367 1 0.21155808592608549 1 0.28207744790144734 1 0.35259680987680919 1 0.42311617185217099 1 0.49363553382753284 1 0.56415489580289468 1 0.63467425777825648 1 0.70519361975361838 1 0.77571298172898018 1 0.84623234370434197 1 0.91675170567970388 1 0.98727106765506567 1 1.0577904296304275 1 1.1283097916057894 1 1.1988291535811513 1 1.269348515556513 1 1.3398678775318749 1 1.4103872395072368 1 1.4809066014825985 1 1.5514259634579604 4
1 3.1415926535897931 -4.8431202380954117 -1 -6.2059603540751419e-16 
1 1.5707963267948035 3.1415926535897931 2.9633460690708803e-14 -1 
1 0 4.8431202380954117 1 0 
1 1.5707963267948966 0 0 1 
1 7.8733519973114134 -0.80643008028940932 -1 -4.293687423474339e-16 
7 0 0  3 25 23  3.0019663134302506 0  2.9987256997149832 0.023282032037680016  2.9922458030535912 0.069846189423256322  2.9824297389374501 0.13968572922177189  2.9724199469964909 0.20951178607936713  2.9621094589724404 0.27931690991197866  2.9513793427623005 0.34909281091407718  2.9400923221476076 0.41882991047790769  2.9280854019026639 0.48851682055239593  2.9151596429125077 0.5581396197162759  2.9010659303785928 0.62768084234171517  2.8854844452637374 0.69711801330408618  2.8679941460719407 0.7664214633799008  2.8480261749025142 0.83555095577778737  2.8247896205346739 0.90445033533833563  2.7971516485875174 0.97303855044840881  2.7634253435950606 1.0411945125520075  2.7210178142387482 1.1087279268691337  2.6656624883531639 1.1753288044217043  2.5902918140117395 1.2404399634522596  2.4811613205145302 1.3030585016308862  2.3153029781180963 1.3609159763329783  2.0356811384027873 1.4096653794767557  1.7475901463796988 1.427583157214513  1.5707963267948966 1.4311699866353516 
 4.7317593437216265 4 4.8022787056969882 1 4.8727980676723499 1 4.9433174296477116 1 5.0138367916230742 1 5.0843561535984358 1 5.1548755155737975 1 5.2253948775491592 1 5.2959142395245209 1 5.3664336014998826 1 5.4369529634752443 1 5.5074723254506068 1 5.5779916874259685 1 5.6485110494013302 1 5.7190304113766919 1 5.7895497733520536 1 5.8600691353274152 1 5.9305884973027769 1 6.0011078592781395 1 6.0716272212535012 1 6.1421465832288629 1 6.2126659452042245 1 6.2831853071795862 4
7 0 0  3 25 23  4.7317593437216168 1.5826495191093688  4.7529768335719735 1.5828688429015414  4.7959691771674748 1.5832990164669658  4.8620377125311904 1.583911852977596  4.9296011350521134 1.5844852940195915  4.99855002576472 1.5850122624381586  5.0687590764634933 1.5854858355670263  5.1400854651909791 1.5858994235833321  5.2123705609168818 1.5862469835956556  5.2854413988296889 1.5865232247803853  5.3591128626161959 1.5867238014508949  5.4331902666528595 1.5868454791845721  5.5074723254506068 1.5868862631567271  5.5817543842483461 1.5868454791845721  5.6558317882850258 1.5867238014508953  5.7295032520715248 1.5865232247803844  5.8025740899843212 1.5862469835956561  5.8748591857102328 1.5858994235833324  5.9461855744376937 1.5854858355670263  6.0163946251365052 1.585012262438158  6.0853435158490798 1.5844852940195919  6.1529069383700312 1.583911852977594  6.2189754737337299 1.5832990164669667  6.2619678173292277 1.5828688429015416  6.2831853071795862 1.582649519109369 
 5.5074723254506059 4 5.5779916874259676 1 5.6485110494013293 1 5.719030411376691 1 5.7895497733520527 1 5.8600691353274144 1 5.930588497302776 1 6.0011078592781377 1 6.0716272212534994 1 6.1421465832288611 1 6.2126659452042237 1 6.2831853071795845 1 6.353704669154947 1 6.4242240311303087 1 6.4947433931056704 1 6.5652627550810321 1 6.6357821170563938 1 6.7063014790317554 1 6.7768208410071171 1 6.8473402029824788 1 6.9178595649578405 1 6.9883789269332022 1 7.0588982889085639 4
7 0 0  3 25 23  4.7220741620531586 0.89994994230100978  4.7432916519035162 0.89973061850883662  4.7862839954990157 0.89930044494341177  4.8523525308627287 0.89868760843278361  4.9199159533836543 0.89811416739078376  4.988864844096252 0.89758719897221861  5.0590738947950395 0.89711362584334808  5.1304002835225138 0.89670003782704222  5.2026853792484227 0.89635247781471838  5.2757562171612173 0.89607623662998992  5.3494276809477288 0.89587565995947893  5.4235050849843933 0.8957539822258026  5.4977871437821424 0.8957131982536457  5.5720692025798773 0.89575398222580205  5.6461466066165578 0.89587565995947882  5.7198180704030586 0.89607623662999003  5.7928889083158577 0.8963524778147185  5.865174004041763 0.89670003782704233  5.9365003927692319 0.89711362584334808  6.0067094434680328 0.89758719897221906  6.0756583341806154 0.89811416739078376  6.1432217567015623 0.89868760843278239  6.2092902920652584 0.89930044494341199  6.252282635660757 0.89973061850883695  6.2735001255111174 0.89994994230100978 
 5.5074723254506059 4 5.5779916874259676 1 5.6485110494013293 1 5.719030411376691 1 5.7895497733520527 1 5.8600691353274144 1 5.930588497302776 1 6.0011078592781377 1 6.0716272212534994 1 6.1421465832288611 1 6.2126659452042237 1 6.2831853071795845 1 6.353704669154947 1 6.4242240311303087 1 6.4947433931056704 1 6.5652627550810321 1 6.6357821170563938 1 6.7063014790317554 1 6.7768208410071171 1 6.8473402029824788 1 6.9178595649578405 1 6.9883789269332022 1 7.0588982889085639 4
7 0 0  3 25 23  3.151277835258262 1.1000500576989904  3.1724953251086214 1.100269381491163  3.2154876687041174 1.1006995550565877  3.2815562040678117 1.1013123915672178  3.3491196265887635 1.1018858326092145  3.4180685173013416 1.1024128010277812  3.488277568000159 1.1028863741566506  3.5596039567276061 1.1032999621729562  3.6318890524535195 1.1036475221852797  3.704959890366315 1.1039237633700081  3.7786313541528314 1.1041243400405196  3.8527087581894959 1.1042460177741962  3.9269908169872338 1.1042868017463523  4.0012728757849878 1.1042460177741964  4.075350279821655 1.1041243400405194  4.1490217436081434 1.1039237633700092  4.2220925815209549 1.1036475221852797  4.2943776772468816 1.1032999621729562  4.3657040659743087 1.1028863741566506  4.4359131166731354 1.1024128010277814  4.5048620073857153 1.1018858326092154  4.5724254299066445 1.1013123915672176  4.6384939652703636 1.1006995550565879  4.681486308865864 1.1002693814911633  4.7027037987162146 1.1000500576989909 
 2.3658796718608137 4 2.4363990338361754 1 2.5069183958115366 1 2.5774377577868983 1 2.6479571197622596 1 2.7184764817376212 1 2.7889958437129825 1 2.8595152056883442 1 2.9300345676637054 1 3.0005539296390671 1 3.0710732916144283 1 3.14159265358979 1 3.2121120155651512 1 3.2826313775405129 1 3.3531507395158746 1 3.4236701014912359 1 3.4941894634665971 1 3.5647088254419588 1 3.6352281874173205 1 3.7057475493926817 1 3.7762669113680429 1 3.8467862733434046 1 3.9173056353187663 4
7 0 0  3 25 23  3.1415926535897989 0.02052649343795343  3.1628101434401561 0.020307169645779995  3.2058024870356516 0.019876996080355262  3.2718710223993486 0.019264159569728032  3.3394344449202968 0.018690718527728183  3.4083833356328745 0.018163750109163872  3.4785923863316945 0.017690176980294306  3.5499187750591381 0.017276588963987767  3.6222038707850546 0.016929028951664871  3.6952747086978479 0.016652787766934549  3.7689461724843656 0.01645221109642583  3.843023576521027 0.016330533362748839  3.9173056353187641 0.016289749390591652  3.9915876941165185 0.016330533362748936  4.0656650981531888 0.01645221109642547  4.1393365619396683 0.016652787766935899  4.2124073998524914 0.016929028951665183  4.2846924955784136 0.017276588963987861  4.3560188843058407 0.017690176980293616  4.4262279350046576 0.018163750109163872  4.4951768257172464 0.018690718527728897  4.5627402482381703 0.019264159569727844  4.628808783601893 0.019876996080355293  4.6718011271973934 0.020307169645780044  4.6930186170477439 0.02052649343795343 
 2.3658796718608137 4 2.4363990338361754 1 2.5069183958115366 1 2.5774377577868983 1 2.6479571197622596 1 2.7184764817376212 1 2.7889958437129825 1 2.8595152056883442 1 2.9300345676637054 1 3.0005539296390671 1 3.0710732916144283 1 3.14159265358979 1 3.2121120155651512 1 3.2826313775405129 1 3.3531507395158746 1 3.4236701014912359 1 3.4941894634665971 1 3.5647088254419588 1 3.6352281874173205 1 3.7057475493926817 1 3.7762669113680429 1 3.8467862733434046 1 3.9173056353187663 4
1 4.7123889803846897 -9.4594612179444106e-15 -1 2.0686534513583806e-15 
1 -3.1415926535897931 -2.3931202380954111 1 -3.1029801770375685e-16 
1 3.141592653589794 3.2494332428053288e-15 -1 -2.0686534513583794e-15 
1 4.7123889803846897 2.3931202380954129 -1 -3.10298017703757e-16 
7 0 0  3 25 23  4.7220741620531586 1.1000500576989907  4.7432916519035153 1.1002693814911633  4.7862839954990157 1.1006995550565879  4.8523525308627296 1.1013123915672172  4.9199159533836463 1.1018858326092149  4.9888648440962449 1.1024128010277814  5.0590738947950449 1.1028863741566508  5.1304002835225013 1.1032999621729562  5.202685379248428 1.1036475221852799  5.2757562171612093 1.1039237633700092  5.3494276809477377 1.1041243400405194  5.4235050849843915 1.1042460177741966  5.4977871437821291 1.1042868017463519  5.5720692025798755 1.1042460177741964  5.6461466066165542 1.1041243400405194  5.719818070403047 1.1039237633700092  5.7928889083158595 1.1036475221852795  5.8651740040417719 1.1032999621729564  5.9365003927692195 1.1028863741566501  6.0067094434680408 1.1024128010277809  6.0756583341806127 1.1018858326092151  6.1432217567015606 1.1013123915672172  6.2092902920652566 1.1006995550565875  6.252282635660757 1.100269381491163  6.2735001255111174 1.1000500576989904 
 5.5074723254506068 4 5.5779916874259685 1 5.6485110494013302 1 5.7190304113766919 1 5.7895497733520536 1 5.8600691353274161 1 5.9305884973027778 1 6.0011078592781395 1 6.0716272212535012 1 6.1421465832288629 1 6.2126659452042245 1 6.2831853071795862 1 6.3537046691549479 1 6.4242240311303096 1 6.4947433931056713 1 6.565262755081033 1 6.6357821170563955 1 6.7063014790317563 1 6.7768208410071189 1 6.8473402029824806 1 6.9178595649578423 1 6.9883789269332039 1 7.0588982889085656 4
7 0 0  3 25 23  4.6930186170477501 -0.020526493437953874  4.6718011271973943 -0.020307169645780485  4.6288087836018921 -0.019876996080355359  4.5627402482381774 -0.019264159569726953  4.4951768257172606 -0.018690718527729744  4.4262279350046683 -0.018163750109164028  4.3560188843058665 -0.017690176980294799  4.2846924955784091 -0.017276588963988319  4.2124073998524869 -0.016929028951664853  4.1393365619396967 -0.016652787766936742  4.0656650981531737 -0.016452211096425091  3.9915876941165211 -0.016330533362749602  3.9173056353187761 -0.016289749390591999  3.8430235765210337 -0.016330533362749425  3.7689461724843598 -0.016452211096425803  3.6952747086978661 -0.016652787766936752  3.6222038707850563 -0.016929028951664093  3.5499187750591394 -0.017276588963988707  3.4785923863316923 -0.01769017698029398  3.4083833356328759 -0.018163750109164253  3.3394344449202991 -0.018690718527729681  3.2718710223993508 -0.019264159569726963  3.2058024870356561 -0.019876996080355355  3.1628101434401583 -0.020307169645780485  3.1415926535897989 -0.020526493437953874 
 5.5074723254506068 4 5.5779916874259685 1 5.6485110494013302 1 5.7190304113766919 1 5.7895497733520536 1 5.8600691353274161 1 5.9305884973027778 1 6.0011078592781395 1 6.0716272212535012 1 6.1421465832288629 1 6.2126659452042245 1 6.2831853071795862 1 6.3537046691549479 1 6.4242240311303096 1 6.4947433931056713 1 6.565262755081033 1 6.6357821170563955 1 6.7063014790317563 1 6.7768208410071189 1 6.8473402029824806 1 6.9178595649578423 1 6.9883789269332039 1 7.0588982889085656 4
1 1.5514259634579657 0.80643008028941088 1 2.8624582823162267e-16 
7 0 0  3 25 23  0.13962634015954251 0  0.14286695387481005 -0.023282032037679933  0.14934685053620197 -0.069846189423256266  0.15916291465234256 -0.1396857292217718  0.16917270659330336 -0.2095117860793676  0.17948319461735254 -0.2793169099119745  0.19021331082749271 -0.34909281091407818  0.20150033144218493 -0.41882991047790774  0.21350725168712897 -0.48851682055239581  0.22643301067728494 -0.55813961971627579  0.24052672321120064 -0.62768084234171506  0.25610820832605585 -0.69711801330408574  0.27359850751785253 -0.76642146337990125  0.29356647868728003 -0.83555095577778904  0.31680303305511381 -0.90445033533832808  0.3444410050022772 -0.97303855044841125  0.37816730999472942 -1.041194512552005  0.42057483935105439 -1.1087279268691419  0.47593016523662657 -1.1753288044217016  0.55130083957805609 -1.2404399634522592  0.66043133307526192 -1.3030585016308862  0.82628967547169785 -1.3609159763329786  1.1059115151870043 -1.4096653794767555  1.3940025072100937 -1.4275831572145128  1.5707963267948966 -1.4311699866353516 
 1.5901666901318332 4 1.6606860521071951 1 1.7312054140825568 1 1.8017247760579187 1 1.8722441380332804 1 1.9427635000086423 1 2.013282861984004 1 2.0838022239593661 1 2.1543215859347278 1 2.2248409479100895 1 2.2953603098854511 1 2.3658796718608128 1 2.436399033836175 1 2.5069183958115366 1 2.5774377577868988 1 2.6479571197622604 1 2.7184764817376221 1 2.7889958437129838 1 2.8595152056883455 1 2.9300345676637076 1 3.0005539296390693 1 3.0710732916144314 1 3.1415926535897931 4
1 -4.7123889803846897 2.3931202380954111 1 3.102980177037568e-16 
1 6.2831853071795862 9.7482997284159794e-15 -1 -2.0686534513583786e-15 
1 9.4247779607693793 -2.3931202380954137 -1 3.102980177037568e-16 
1 7.8539816339744837 -1.0037138238887566e-14 -1 2.0686534513583806e-15 
1 7.8346112706375433 -0.80643008028941221 -1 1.4312291411581074e-16 
7 0 0  3 25 23  1.5707963267948541 -1.4311699866353522  1.7475901463796604 -1.4275831572145146  2.035681138402758 -1.4096653794767589  2.3153029781180772 -1.3609159763329834  2.4811613205145195 -1.3030585016308902  2.5902918140117301 -1.2404399634522663  2.6656624883531608 -1.1753288044217063  2.7210178142387362 -1.1087279268691475  2.7634253435950606 -1.0411945125520099  2.7971516485875147 -0.97303855044841592  2.8247896205346779 -0.90445033533833319  2.8480261749025124 -0.8355509557777937  2.8679941460719398 -0.7664214633799048  2.8854844452637387 -0.6971180133040894  2.9010659303785928 -0.62768084234171917  2.9151596429125068 -0.55813961971627879  2.9280854019026643 -0.48851682055239892  2.9400923221476072 -0.41882991047791002  2.9513793427623014 -0.3490928109140799  2.9621094589724408 -0.27931690991197727  2.9724199469964896 -0.2095117860793676  2.9824297389374514 -0.13968572922177325  2.9922458030535908 -0.069846189423256752  2.9987256997149832 -0.023282032037680058  3.0019663134302506 0 
 3.1415926535897931 4 3.2121120155651548 1 3.2826313775405169 1 3.3531507395158786 1 3.4236701014912407 1 3.4941894634666024 1 3.5647088254419641 1 3.6352281874173262 1 3.7057475493926879 1 3.77626691136805 1 3.8467862733434117 1 3.9173056353187734 1 3.9878249972941351 1 4.0583443592694977 1 4.1288637212448593 1 4.199383083220221 1 4.2699024451955827 1 4.3404218071709444 1 4.410941169146307 1 4.4814605311216678 1 4.5519798930970303 1 4.622499255072392 1 4.6930186170477537 4
1 1.5707963267948966 0 2.978860969956068e-14 -1 
1 3.1415926535897931 -4.8431202380954117 1 6.2059603540751439e-16 
1 1.5707963267948499 -1.5707963267948968 2.9633460690708803e-14 1 
1 4.7123889803846897 4.8431202380954126 -1 6.2059603540751439e-16 
1 0 0 1 0 
2 0 0 1 0 -0 1 0.34333730589828582
1 0 0 -1 0 
1 0 0.080997141681661944 1 0 
1 0 0 0 1 
1 -3.5632778779392353 1.8120086812487948 0 1 
1 0 -0.023186601533783602 -1 0 
1 0 0 -1 0 
1 0 0 1 0 
1 0 -0.18019004689755103 -1 0 
1 0 0 0 -1 
1 -3.4822807362575734 1.8120086812487948 1 0 
1 0 0 -1 0 
1 0 0.026253887386892938 1 0 
1 0 0 0 1 
1 -3.4822807362575734 1.9921987281463458 0 1 
1 0 0 1 0 
1 0 0.20337664843133463 1 0 
1 0 0 0 -1 
1 -3.4560268488706805 1.9921987281463458 1 0 
1 0 0 1 0 
1 0 -0.10725102906855488 -1 0 
1 0 0 0 -1 
1 -3.4560268488706805 1.7888220797150112 0 -1 
1 0 0 0 1 
1 -3.5632778779392353 1.7888220797150112 -1 0 
7 0 0  1 2 2  -1.5993677995575131e-15 -2.1797581101212771e-13  -1.5993677995575131e-15 0.99999999999977318 
 -0 2 0.00099999999999988987 2
7 0 0  1 2 2  2.0000000000000018 -2.1797581101212771e-13  2.0000000000000018 0.99999999999977318 
 -0 2 0.00099999999999988987 2
1 -1.5993677995575149e-15 -2.1797581101212771e-13 1 0 
7 0 0  3 4 2  -0.030997782880223035 -0.0029633100614188113  -0.0084350360962153204 -0.0029633100614188113  0.010332594293411379 0.00098777002024186267  0.025305108288636191 0.0088899301849489909 
 0 4 1 4
7 0 0  1 2 2  0.99999999999999467 -2.1797581101212771e-13  0.99999999999999267 0.99999999999977318 
 -0 2 0.00099999999999988987 2
1 0 -0.025162141575307162 -1 0 
1 0 0 -1 0 
7 0 0  1 2 2  11.999999999999991 -2.1797581101212771e-13  11.999999999999991 0.99999999999977318 
 -0 2 0.00099999999999988987 2
1 0 0 0 1 
1 0.025305108288636191 0.034052071760256153 0 1 
1 -5.3290705182007514e-15 -2.1797581101212771e-13 1 0 
7 0 0  3 4 2  0.025305108288636191 0.034052071760256153  0.010436570084920493 0.025006177887517467  -0.0070833508051508787 0.020431243055391235  -0.027202666485834914 0.020431243055391235 
 12 4 13 4
7 0 0  1 2 2  12.999999999999989 -2.1797581101212771e-13  12.999999999999989 0.99999999999977318 
 -0 2 0.00099999999999988987 2
7 0 0  1 2 2  10.999999999999998 -2.1797581101212771e-13  10.999999999999998 0.99999999999977318 
 -0 2 0.00099999999999988987 2
1 -1.7763568394002505e-15 -2.1797581101212771e-13 1 0 
7 0 0  3 4 2  -0.027202666485834914 0.020431243055391235  -0.048725655353322406 0.020431243055391235  -0.066141600451885108 0.027605572678119916  -0.079450501780824023 0.0418502561320655 
 11 4 12 4
7 0 0  1 2 2  12.000000000000004 -2.1797581101212771e-13  12 0.99999999999977318 
 -0 2 0.00099999999999988987 2
7 0 0  1 2 2  9.9999999999999947 -2.1797581101212771e-13  9.9999999999999947 0.99999999999977318 
 -0 2 0.00099999999999988987 2
1 -5.3290705182007514e-15 -2.1797581101212771e-13 1 0 
7 0 0  3 4 2  -0.079450501780824023 0.0418502561320655  -0.092759403109763383 0.056198915377521752  -0.099413853773542282 0.075538412621157791  -0.099413853773542282 0.099868747862973173 
 10 4 11 4
7 0 0  1 2 2  10.999999999999996 -2.1797581101212771e-13  10.999999999999996 0.99999999999977318 
 -0 2 0.00099999999999988987 2
7 0 0  1 2 2  9 -2.1797581101212771e-13  9 0.99999999999977318 
 -0 2 0.00099999999999988987 2
1 0 -2.1797581101212771e-13 1 0 
7 0 0  3 4 2  -0.099413853773542282 0.099868747862973173  -0.099413853773542282 0.125446792604333  -0.092291512047260493 0.14582604776310149  -0.078046828593318907 0.16100651334205085 
 9 4 10 4
7 0 0  1 2 2  9.9999999999999964 -2.1797581101212771e-13  9.9999999999999964 0.99999999999977318 
 -0 2 0.00099999999999988987 2
7 0 0  1 2 2  7.9999999999999964 -2.1797581101212771e-13  7.9999999999999964 0.99999999999977318 
 -0 2 0.00099999999999988987 2
1 -8.8817841970012523e-16 -2.1797581101212771e-13 1 0 
7 0 0  3 4 2  -0.078046828593318907 0.16100651334205085  -0.06375015724430888 0.17608300312810043  -0.045294454229232617 0.18356926012536867  -0.022627731653708238 0.18356926012536867 
 8 4 9 4
7 0 0  1 2 2  8.9999999999999964 -2.1797581101212771e-13  8.9999999999999964 0.99999999999977318 
 -0 2 0.00099999999999988987 2
7 0 0  1 2 2  7.0000000000000018 -2.1797581101212771e-13  7.0000000000000018 0.99999999999977318 
 -0 2 0.00099999999999988987 2
1 1.7763568394002505e-15 -2.1797581101212771e-13 1 0 
7 0 0  3 4 2  -0.022627731653708238 0.18356926012536867  -0.0052117865558387599 0.18356926012536867  0.010748497460159268 0.17961818004370844  0.025305108288636191 0.17150806829736043 
 7 4 8 4
7 0 0  1 2 2  7.9999999999999982 -2.1797581101212771e-13  7.9999999999999982 0.99999999999977318 
 -0 2 0.00099999999999988987 2
1 0 -0.027449608989984053 -1 0 
1 0 0 -1 0 
7 0 0  1 2 2  4.9999999999999938 -2.1797581101212771e-13  4.9999999999999938 0.99999999999977318 
 -0 2 0.00099999999999988987 2
1 0 0 0 1 
1 0.025305108288636191 0.19895767728734448 0 1 
1 -6.2172489379008766e-15 -2.1797581101212771e-13 1 0 
7 0 0  3 4 2  0.025305108288636191 0.19895767728734448  0.012620061709470498 0.2044683942444756  -0.0034441980980353115 0.20727574061810472  -0.02288767113318313 0.20727574061810472 
 5 4 6 4
7 0 0  1 2 2  6 -2.1797581101212771e-13  6 0.99999999999977318 
 -0 2 0.00099999999999988987 2
7 0 0  1 2 2  4.0000000000000044 -2.1797581101212771e-13  4.0000000000000044 0.99999999999977318 
 -0 2 0.00099999999999988987 2
1 4.4408920985006262e-15 -2.1797581101212771e-13 1 0 
7 0 0  3 4 2  -0.02288767113318313 0.20727574061810472  -0.053092638601735853 0.20727574061810472  -0.077994840697565238 0.1972940646217467  -0.0975942774206775 0.17733071262764666 
 4 4 5 4
7 0 0  1 2 2  5.0000000000000009 -2.1797581101212771e-13  5.0000000000000027 0.99999999999977318 
 -0 2 0.00099999999999988987 2
7 0 0  1 2 2  2.999999999999996 -2.1797581101212771e-13  2.999999999999996 0.99999999999977318 
 -0 2 0.00099999999999988987 2
1 -3.9968028886505635e-15 -2.1797581101212771e-13 1 0 
7 0 0  3 4 2  -0.0975942774206775 0.17733071262764666  -0.11719371414309832 0.15736736063492951  -0.12696743855642323 0.13106148535159123  -0.12696743855642323 0.098309110987502724 
 3 4 4 4
7 0 0  1 2 2  3.9999999999999978 -2.1797581101212771e-13  3.9999999999999978 0.99999999999977318 
 -0 2 0.00099999999999988987 2
7 0 0  1 2 2  1.9999999999999989 -2.1797581101212771e-13  1.9999999999999989 0.99999999999977318 
 -0 2 0.00099999999999988987 2
1 -1.1102230246251565e-15 -2.1797581101212771e-13 1 0 
7 0 0  3 4 2  -0.12696743855642323 0.098309110987502724  -0.12696743855642323 0.067844204039477107  -0.1182854599553731 0.043305917214636613  -0.10086951485680951 0.024798226304491022 
 2 4 3 4
7 0 0  1 2 2  2.9999999999999996 -2.1797581101212771e-13  3.0000000000000018 0.99999999999977318 
 -0 2 0.00099999999999988987 2
7 0 0  1 2 2  1.0000000000000022 -2.1797581101212771e-13  1.0000000000000022 0.99999999999977318 
 -0 2 0.00099999999999988987 2
1 0 -2.1797581101212771e-13 1 0 
7 0 0  3 4 2  -0.10086951485680951 0.024798226304491022  -0.083453569758245472 0.0062905353943463194  -0.060162992432948315 -0.0029633100614188113  -0.030997782880223035 -0.0029633100614188113 
 1 4 2 4
1 0 0 -1 0 
1 0 0.083128645409076718 1 0 
1 0 0 0 1 
1 -3.8739575433341908 1.8120086812487948 0 1 
1 0 -0.023186601533783602 -1 0 
1 0 0 -1 0 
1 0 0 1 0 
1 0 -0.068416070893319469 -1 0 
1 0 0 0 -1 
1 -3.7908288979251141 1.8120086812487948 1 0 
1 0 0 -1 0 
1 0 -0.072731066245970588 -1 0 
1 0 0 0 1 
1 -3.7908288979251141 1.8804247521421142 0 1 
1 0 0 -1 0 
1 0 -0.023290577325296935 -1 0 
1 0 0 0 1 
1 -3.8635599641710847 1.8804247521421142 -1 0 
1 0 0 -1 0 
1 0 0.072731066245970588 1 0 
1 0 0 0 1 
1 -3.8635599641710847 1.9037153294674112 0 1 
1 0 0 1 0 
1 0 -0.065088845562124131 -1 0 
1 0 0 0 -1 
1 -3.7908288979251141 1.9037153294674112 1 0 
1 0 0 -1 0 
1 0 -0.078501722681889152 -1 0 
1 0 0 0 1 
1 -3.7908288979251141 1.9688041750295353 0 1 
1 0 0 -1 0 
1 0 -0.02339455311681049 -1 0 
1 0 0 0 1 
1 -3.8693306206070033 1.9688041750295353 -1 0 
1 0 0 -1 0 
1 0 0.1047556100687741 1 0 
1 0 0 0 1 
1 -3.8693306206070033 1.9921987281463458 0 1 
1 0 0 1 0 
1 0 0.20337664843133463 1 0 
1 0 0 0 -1 
1 -3.7645750105382292 1.9921987281463458 1 0 
1 0 0 1 0 
1 0 -0.10938253279596166 -1 0 
1 0 0 0 -1 
1 -3.7645750105382292 1.7888220797150112 0 -1 
1 0 0 0 1 
1 -3.8739575433341908 1.7888220797150112 -1 0 
1 -0.044423656974616588 -0.1966572128973425 1 0 
1 0 0 0 1 
7 0 0  3 4 2  -0.044423656974616144 -0.1966572128973425  -0.012243149465233749 -0.1966572128973425  0.014114713713861526 -0.18719541585855071  0.034545956769766129 -0.16816784599084023 
 5 4 6 4
1 1.7763568394002505e-15 -2.1797581101212771e-13 1 0 
7 0 0  3 4 2  0.034545956769766129 -0.16816784599084023  0.054977199825680501 -0.14914027612174352  0.065218815300821298 -0.12387415875492325  0.065218815300821298 -0.092369493890379628 
 4 4 5 4
1 1.7763568394002505e-15 -2.1797581101212771e-13 1 0 
7 0 0  3 4 2  0.065218815300821298 -0.092369493890379628  0.065218815300821298 -0.06221651431827957  0.054977199825680501 -0.038198106451004188  0.034545956769766129 -0.020210294498425707 
 3 4 4 4
1 4.4408920985006262e-16 -2.1797581101212771e-13 1 0 
7 0 0  3 4 2  0.034545956769766129 -0.020210294498425707  0.014114713713861526 -0.0022224825458474484  -0.011515318923257745 0.0067194355339921241  -0.042344141141584135 0.0067194355339921241 
 2 4 3 4
1 -2.4424906541753444e-15 -2.1797581101212771e-13 1 0 
1 -0.10036263287249181 0.0067194355339921241 -1 0 
1 0 0 0 -1 
1 -0.10036263287249181 -0.1966572128973425 0 -1 
1 0 0 0 -1 
1 -0.074108745484904315 -0.016675117582818366 0 -1 
1 0 0 -0 -1 
1 -0.043383899059482811 -0.016675117582818366 -1 0 
1 0 0 -0 -1 
7 0 0  3 4 2  0.015310435317647197 -0.035806663243427961  0.00044189711323738834 -0.023017640872054823  -0.019157539609181207 -0.016675117582817922  -0.043383899059482811 -0.016675117582817922 
 5 4 6 4
1 1.865174681370263e-14 -2.1797581101212771e-13 1 0 
7 0 0  3 4 2  0.037613242623565135 -0.093097324432358075  0.037613242623565135 -0.067727231274024691  0.030178973520667896 -0.048595685613415096  0.015310435317647197 -0.035806663243427961 
 4 4 5 4
1 2.6645352591003757e-15 -2.1797581101212771e-13 1 0 
7 0 0  3 4 2  0.015882302172358642 -0.15225954987129819  0.030386925105081453 -0.13822281800038083  0.037613242623565135 -0.11846741759069146  0.037613242623565135 -0.093097324432358075 
 3 4 4 4
1 1.3322676295501878e-15 -2.1797581101212771e-13 1 0 
7 0 0  3 4 2  -0.044579620661887365 -0.1734706113635589  -0.018741636441741871 -0.1734706113635589  0.0014296671353815071 -0.16640025753234333  0.015882302172358642 -0.15225954987129819 
 2 4 3 4
1 8.8817841970012523e-15 -2.1797581101212771e-13 1 0 
1 -0.074108745484904315 -0.1734706113635589 1 0 
1 0 0 0 1 
1 0 4.4408920985006262e-16 -1 0 
7 0 0  1 2 2  5.0000000000000018 -2.1797581101212771e-13  5.0000000000000018 0.99999999999977318 
 -0 2 0.00099999999999988987 2
1 0 -0.055938975897875221 -1 0 
1 0 0 1 0 
7 0 0  1 2 2  5.9999999999999973 -2.1797581101212771e-13  5.9999999999999973 0.99999999999977318 
 -0 2 0.00099999999999988987 2
7 0 0  1 2 2  3.9999999999999996 -2.1797581101212771e-13  3.9999999999999996 0.99999999999977318 
 -0 2 0.00099999999999988987 2
7 0 0  1 2 2  5.0000000000000009 -2.1797581101212771e-13  5.0000000000000009 0.99999999999977318 
 -0 2 0.00099999999999988987 2
7 0 0  1 2 2  3.0000000000000004 -2.1797581101212771e-13  3.0000000000000004 0.99999999999977318 
 -0 2 0.00099999999999988987 2
7 0 0  1 2 2  3.9999999999999973 -2.1797581101212771e-13  3.9999999999999973 0.99999999999977318 
 -0 2 0.00099999999999988987 2
7 0 0  1 2 2  1.9999999999999958 -2.1797581101212771e-13  1.9999999999999958 0.99999999999977318 
 -0 2 0.00099999999999988987 2
7 0 0  1 2 2  3.0000000000000093 -2.1797581101212771e-13  3.0000000000000093 0.99999999999977318 
 -0 2 0.00099999999999988987 2
1 0 0.058018491730907673 1 0 
1 0 0 1 0 
1 0 0.20337664843133463 1 0 
1 0.00099999999999988987 0 -0 -1 
1 -3.9693553321556867 1.9688041750295353 1 0 
1 0 0 1 0 
7 0 0  1 2 2  6.0000000000000151 -2.1797581101212771e-13  6.0000000000000151 0.99999999999977318 
 -0 2 0.00099999999999988987 2
1 -0 -0.030724846425421504 1 0 
1 0 0 1 -0 
1 0.00099999999999988987 0 -0 -1 
1 -3.9386304857302652 1.9688041750295353 -0 -1 
1 -0 -0.15679549378074054 1 -0 
1 0 0 -1 0 
1 -0.00099999999999988987 0 0 1 
1 -3.9386304857302652 1.8120086812487948 -1 0 
1 0 0.02952912482301695 -1 0 
7 0 0  1 2 2  2.0000000000000089 -2.1797581101212771e-13  2.0000000000000089 0.99999999999977318 
 -0 2 0.00099999999999988987 2
1 8.8817841970012523e-15 0.99999999999977318 1 0 
7 0 0  3 4 2  -3.9681596105532821 1.8120086812487948  -3.9939975947734276 1.8120086812487948  -4.014168898350551 1.8190790350800103  -4.0286215333875282 1.8332197427410555 
 2 4 3 4
7 0 0  1 2 2  2.9999999999999969 -2.1797581101212771e-13  2.9999999999999942 0.99999999999977318 
 -0 2 0.00099999999999988987 2
7 0 0  1 2 2  3.0000000000000062 -2.1797581101212771e-13  3.0000000000000013 0.99999999999977318 
 -0 2 0.00099999999999988987 2
1 6.2172489379008766e-15 0.99999999999977318 1 0 
7 0 0  3 4 2  -4.0286215333875282 1.8332197427410555  -4.043126156320251 1.8472564746119728  -4.0503524738387346 1.8670118750216622  -4.0503524738387346 1.8923819681799956 
 3 4 4 4
7 0 0  1 2 2  3.9999999999999951 -2.1797581101212771e-13  3.9999999999999951 0.99999999999977318 
 -0 2 0.00099999999999988987 2
7 0 0  1 2 2  4.0000000000000027 -2.1797581101212771e-13  4.0000000000000027 0.99999999999977318 
 -0 2 0.00099999999999988987 2
1 2.6645352591003757e-15 0.99999999999977318 1 0 
7 0 0  3 4 2  -4.0503524738387346 1.8923819681799956  -4.0503524738387346 1.917752061338329  -4.0429182047358374 1.9368836069989386  -4.0280496665328167 1.9496726293689257 
 4 4 5 4
7 0 0  1 2 2  5.0000000000000018 -2.1797581101212771e-13  5.0000000000000018 0.99999999999977318 
 -0 2 0.00099999999999988987 2
7 0 0  1 2 2  5.0000000000000169 -2.1797581101212771e-13  5.0000000000000187 0.99999999999977318 
 -0 2 0.00099999999999988987 2
1 1.6875389974302379e-14 0.99999999999977318 1 0 
7 0 0  3 4 2  -4.0280496665328167 1.9496726293689257  -4.0131811283284069 1.9624616517402989  -3.9935816916059883 1.9688041750295358  -3.9693553321556867 1.9688041750295358 
 5 4 6 4
1 -4.1947748484141565 1.9921987281463458 0.35593572436987636 0.93451043874174644 
1 0 0 -1 0 
1 -4.166701384673706 1.9921987281463458 1 0 
1 0 0 0 -1 
1 -4.0892394199090374 1.7888220797150112 0.35593572436430743 -0.93451043874386763 
1 0 0 -1 0 
1 -4.1182486657731046 1.7888220797150112 -1 0 
1 0 0 0 1 
1 -4.1377961145997695 1.8444491282383437 -0.33152841835039526 0.94344523308249606 
1 0 0 -1 0 
1 -4.22248439688431 1.8444491282383437 -1 0 
1 0 0 0 1 
1 -4.2432275673147597 1.7888220797150112 -0.34939547946915755 -0.93697534595448007 
1 0 0 -1 0 
1 -4.2722368131802124 1.7888220797150112 -1 0 
1 0 0 0 1 
1 -4.1461141779305288 1.8674277781891009 -1 0 
1 0 0 0 1 
1 -4.1765270969827943 1.9519600967849902 0.33853503431415366 -0.94095378767605531 
1 0 0 -1 0 
7 0 0  3 4 2  -4.1798543223153741 1.9662047802389329  -4.1788665522946156 1.9600702085327226  -4.1777748064823408 1.9552873221175699  -4.1765270969827943 1.9519600967849899 
 3 4 4 4
1 -1.4654943925052066e-14 -2.1797581101212771e-13 1 0 
1 -4.1804781770644528 1.9662047802389329 1 0 
1 0 0 -0 -1 
7 0 0  3 4 2  -4.1836494387097689 1.9519600967849902  -4.1826616686890032 1.9547674431586179  -4.1816219107724901 1.9594463537822571  -4.1804781770644537 1.9662047802389329 
 1 4 2 4
1 -2.7977620220553945e-14 -2.1797581101212771e-13 1 0 
1 -4.2143742851365777 1.8674277781891009 0.34160383068154404 0.93984404177698289 
1 0 0 -1 0 
1 0 0 0 -1 
1 0 0.028073463740450499 1 0 
1 0.21762908149551241 0 0 -1 
1 0 0 -1 0 
1 0 0 1 0 
1 0.21762908149501881 0 0 -1 
1 0 0 0 -1 
1 0 -0.029009245864067168 -1 0 
1 0 0 -1 0 
1 0.058961608552076314 0 0 -1 
1 0 0 0 -1 
1 0 -0.084688282284540506 -1 0 
1 0 0 -1 0 
1 0.059368743012833694 0 0 -1 
1 0 0 0 -1 
1 0 -0.029009245865452726 -1 0 
1 -0.00099999999999988987 0 0 1 
1 -4.1461141779305288 1.8674277781891009 -1 0 
1 0 0 -1 0 
1 -0.08983684395879335 0 0 -1 
1 0 0.068260107206048914 -1 0 
1 0 0 0 -1 
1 0 -0.00099999999999988987 -1 0 
1 -4.2143742851365777 1.8674277781891009 0.34160383068154404 0.93984404177698289 
1 -0.089942921206440152 0 0 -1 
7 0 0  1 2 2  0.99999999999997202 -2.1797581101212771e-13  0.99999999999997202 0.99999999999977318 
 -0 2 0.00099999999999988987 2
1 -2.7977620220553945e-14 0.99999999999977318 1 0 
7 0 0  3 4 2  -4.1836494387097689 1.9519600967849902  -4.1826616686890032 1.9547674431586179  -4.1816219107724901 1.9594463537822571  -4.1804781770644537 1.9662047802389329 
 1 4 2 4
7 0 0  1 2 2  1.9999999999999871 -2.1797581101212771e-13  1.9999999999999871 0.99999999999977318 
 -0 2 0.00099999999999988987 2
1 0 8.8817841970012523e-16 1 0 
1 0.00099999999999988987 0 -0 -1 
1 -4.1804781770644528 1.9662047802389329 1 0 
1 -0 -0.00062385474907866723 1 0 
7 0 0  1 2 2  2.9999999999999929 -2.1797581101212771e-13  2.9999999999999853 0.99999999999977318 
 -0 2 0.00099999999999988987 2
1 -7.1054273576010019e-15 0.99999999999977318 1 0 
7 0 0  3 4 2  -4.1798543223153741 1.9662047802389329  -4.1788665522946156 1.9600702085327226  -4.1777748064823408 1.9552873221175699  -4.1765270969827935 1.9519600967849899 
 3 4 4 4
7 0 0  1 2 2  4.0000000000000053 -2.1797581101212771e-13  4.0000000000000053 0.99999999999977318 
 -0 2 0.00099999999999988987 2
1 -4.1786742407448299e-16 0 0 -1 
1 0 -0.00099999999999988987 -1 0 
1 -4.1765270969827943 1.9519600967849902 0.33853503431415366 -0.94095378767605531 
1 0 0 -1 0 
1 0 0.083128645409763724 1 0 
1 0 0 0 1 
1 -3.5654093816673371 1.4893717998159659 0 1 
1 0 -0.023186601533787821 -1 0 
1 0 0 -1 0 
1 0 0 1 0 
1 0 -0.068416070893312808 -1 0 
1 0 0 0 -1 
1 -3.4822807362575734 1.4893717998159659 1 0 
1 0 0 -1 0 
1 0 -0.07273106624665715 -1 0 
1 0 0 0 1 
1 -3.4822807362575734 1.5577878707092787 0 1 
1 0 0 -1 0 
1 0 -0.023290577325296935 -1 0 
1 0 0 0 1 
1 -3.5550118025042305 1.5577878707092787 -1 0 
1 0 0 -1 0 
1 0 0.07273106624665715 1 0 
1 0 0 0 1 
1 -3.5550118025042305 1.5810784480345756 0 1 
1 0 0 1 0 
1 0 -0.065088845562126796 -1 0 
1 0 0 0 -1 
1 -3.4822807362575734 1.5810784480345756 1 0 
1 0 0 -1 0 
1 0 -0.078501722681882047 -1 0 
1 0 0 0 1 
1 -3.4822807362575734 1.6461672935967024 0 1 
1 0 0 -1 0 
1 0 -0.023394553116808936 -1 0 
1 0 0 0 1 
1 -3.5607824589394554 1.6461672935967024 -1 0 
1 0 0 -1 0 
1 0 0.10475561006877498 1 0 
1 0 0 0 1 
1 -3.5607824589394554 1.6695618467135114 0 1 
1 0 0 1 0 
1 0 0.2033766484313333 1 0 
1 0 0 0 -1 
1 -3.4560268488706805 1.6695618467135114 1 0 
1 0 0 1 0 
1 0 -0.10938253279665666 -1 0 
1 0 0 0 -1 
1 -3.4560268488706805 1.4661851982821781 0 -1 
1 0 0 0 1 
1 -3.5654093816673371 1.4661851982821781 -1 0 
7 0 0  3 4 2  0.026702282988571913 0.0033662162542271723  0.0077786889116806535 0.0033662162542271723  -0.0089094256456005994 -0.001104742786389723  -0.023310072786813407 -0.010150636657738632 
 0 4 1 4
1 5.7457575635812038e-15 -2.1797581101212771e-13 1 0 
1 -0.023310072786813407 -0.03489687506699668 0 -1 
1 0 0 0 -1 
7 0 0  3 4 2  -0.023310072786813407 -0.03489687506699668  -0.0089614135413551566 -0.023251586403649771  0.0068948946824316515 -0.017324966280467313  0.024310839780995686 -0.017324966280467313 
 12 4 13 4
1 -1.2434497875801753e-14 -2.1797581101212771e-13 1 0 
7 0 0  3 4 2  0.024310839780995686 -0.017324966280467313  0.043910276503415169 -0.017324966280467313  0.053735988812501745 -0.029178206526840444  0.053735988812501745 -0.052884687018183607 
 11 4 12 4
1 0 -2.1797581101212771e-13 1 0 
1 0.010690011076819772 -0.058915282932883617 -0.99032860398812672 -0.13874168848233043 
1 0 0 -1 0 
7 0 0  3 4 2  0.010690011076819772 -0.058915282932883617  -0.021438508536800516 -0.063386241973492075  -0.037502768344308102 -0.079190562301524769  -0.037502768344308102 -0.10632824391697304 
 9 4 10 4
1 0 -2.1797581101212771e-13 1 0 
7 0 0  3 4 2  -0.037502768344308102 -0.10632824391697304  -0.037502768344308102 -0.11932521787136707  -0.033343736678927538 -0.1296188212436491  -0.025025673348168631 -0.13720905403243222 
 8 4 9 4
1 -1.7763568394002505e-15 -2.1797581101212771e-13 1 0 
7 0 0  3 4 2  -0.025025673348168631 -0.13720905403243222  -0.016707610018102947 -0.14479928682121512  -0.0055302124172591505 -0.14864639111136535  0.0085585073487171037 -0.14864639111136535 
 7 4 8 4
1 4.4408920985006262e-15 -2.1797581101212771e-13 1 0 
7 0 0  3 4 2  0.0085585073487171037 -0.14864639111136535  0.028157944071137919 -0.14864639111136535  0.043026482274852729 -0.14001640040606156  0.053060146166974409 -0.12275641899546419 
 6 4 7 4
1 7.1054273576010019e-15 -2.1797581101212771e-13 1 0 
1 0.053735988812501301 -0.12275641899546441 1 -0 
1 0 0 0 1 
1 0.053735988812501301 -0.14521518998726823 0 -1 
1 0 0 0 -1 
1 0.079210057762349351 -0.14521518998726823 1 -0 
1 0 0 0 1 
1 0.079210057762349351 -0.051740953311540938 0 1 
1 0 0 0 1 
7 0 0  3 4 2  0.079210057762349351 -0.051740953311540938  0.079210057762349351 -0.014933523072890864  0.061690136872269985 0.0033662162542271723  0.026702282988571913 0.0033662162542271723 
 1 4 2 4
1 -2.9976021664879227e-15 -2.1797581101212771e-13 1 0 
7 0 0  3 4 2  -0.0049063576674850395 -0.085845012966683454  -0.0093773167081017128 -0.090211996214396795  -0.011664784123476046 -0.096346567920613913  -0.011664784123476046 -0.1042487280853186 
 1 4 2 4
1 -3.3306690738754696e-14 -2.1797581101212771e-13 1 0 
7 0 0  3 4 2  0.019735904948868122 -0.076903094885465872  0.0078306768074338784 -0.078566707552445436  -0.00038341073181413776 -0.08147802971759166  -0.0049063576674850395 -0.085845012966683454 
 0 4 1 4
1 -6.4731195812044808e-15 -2.1797581101212771e-13 1 0 
1 0.053735988812501301 -0.072328160053339863 -0.9910683662997869 -0.13335476489376558 
1 0 0 -1 0 
1 0.053735988812501301 -0.086260916132737675 0 1 
1 0 0 0 1 
7 0 0  3 4 2  0.042818530691140388 -0.11589401674727129  0.050096836105379516 -0.1080958323754686  0.053735988812501745 -0.098218132170620143  0.053735988812501301 -0.086260916132737675 
 5 4 6 4
1 -4.4408920985006262e-15 -2.1797581101212771e-13 1 0 
7 0 0  3 4 2  0.015160970117435557 -0.12774725699364331  0.026338367717579914 -0.12774725699364331  0.035592213172647824 -0.12379617691198397  0.042818530691140388 -0.11589401674727129 
 4 4 5 4
1 2.042810365310288e-14 -2.1797581101212771e-13 1 0 
7 0 0  3 4 2  -0.0042825029177193663 -0.12119678212138107  0.00060435928895019586 -0.12556376536909353  0.007102846265458318 -0.12774725699364331  0.015160970117435557 -0.12774725699364331 
 3 4 4 4
1 -7.1054273576010019e-15 -2.1797581101212771e-13 1 0 
7 0 0  3 4 2  -0.011664784123476046 -0.1042487280853186  -0.011664784123476046 -0.11121510612363483  -0.0092213530201363803 -0.11682979887228151  -0.0042825029177193663 -0.12119678212138107 
 2 4 3 4
1 -3.3306690738754696e-15 -2.1797581101212771e-13 1 0 
7 0 0  1 2 2  5.7457575635812149e-15 -2.1797581101212771e-13  5.7457575635812149e-15 0.99999999999977318 
 -0 2 0.00099999999999988987 2
7 0 0  1 2 2  2.0000000000000004 -2.1797581101212771e-13  2.0000000000000004 0.99999999999977318 
 -0 2 0.00099999999999988987 2
7 0 0  1 2 2  1.0000000000000127 -2.1797581101212771e-13  1.0000000000000075 0.99999999999977318 
 -0 2 0.00099999999999988987 2
1 0 0.024746238409258048 1 0 
1 0 0 1 0 
7 0 0  1 2 2  11.999999999999991 -2.1797581101212771e-13  11.999999999999991 0.99999999999977318 
 -0 2 0.00099999999999988987 2
7 0 0  1 2 2  12.999999999999995 -2.1797581101212771e-13  12.999999999999995 0.99999999999977318 
 -0 2 0.00099999999999988987 2
7 0 0  1 2 2  11 -2.1797581101212771e-13  11 0.99999999999977318 
 -0 2 0.00099999999999988987 2
7 0 0  1 2 2  11.999999999999998 -2.1797581101212771e-13  11.999999999999998 0.99999999999977318 
 -0 2 0.00099999999999988987 2
1 0.043466358098042036 0 0 -1 
1 0 0 0 -1 
7 0 0  1 2 2  9 -2.1797581101212771e-13  9 0.99999999999977318 
 -0 2 0.00099999999999988987 2
7 0 0  1 2 2  10 -2.1797581101212771e-13  10 0.99999999999977318 
 -0 2 0.00099999999999988987 2
7 0 0  1 2 2  7.9999999999999813 -2.1797581101212771e-13  7.9999999999999813 0.99999999999977318 
 -0 2 0.00099999999999988987 2
7 0 0  1 2 2  8.9999999999999947 -2.1797581101212771e-13  8.9999999999999947 0.99999999999977318 
 -0 2 0.00099999999999988987 2
7 0 0  1 2 2  7 -2.1797581101212771e-13  7 0.99999999999977318 
 -0 2 0.00099999999999988987 2
7 0 0  1 2 2  7.9999999999999982 -2.1797581101212771e-13  8.0000000000000195 0.99999999999977318 
 -0 2 0.00099999999999988987 2
7 0 0  1 2 2  6.0000000000000071 -2.1797581101212771e-13  6.0000000000000071 0.99999999999977318 
 -0 2 0.00099999999999988987 2
7 0 0  1 2 2  7.0000000000000044 -2.1797581101212771e-13  7.0000000000000009 0.99999999999977318 
 -0 2 0.00099999999999988987 2
1 0 -0.00067584264552689177 -1 0 
1 0 0 -1 0 
1 0 0.022458770991803823 1 0 
1 0 0 1 0 
1 0 -0.02547406894984805 -1 0 
1 0 0 -1 0 
1 0 -0.093474236675727296 -1 0 
1 0 0 -1 0 
7 0 0  1 2 2  0.999999999999997 -2.1797581101212771e-13  0.999999999999997 0.99999999999977318 
 -0 2 0.00099999999999988987 2
1 -7.3252324775824305e-15 0.99999999999977318 1 0 
7 0 0  3 4 2  -3.6470303780980848 1.5344972933839804  -3.6351251499566506 1.5328336807170009  -3.6269110624174026 1.5299223585518547  -3.6223881154817317 1.5255553753027629 
 0 4 1 4
7 0 0  1 2 2  -7.3252324775824305e-15 -2.1797581101212771e-13  -6.4731195812044808e-15 0.99999999999977318 
 -0 2 0.00099999999999988987 2
1 -0.034306496927729142 0 0 -1 
7 0 0  1 2 2  0.99999999999999023 -2.1797581101212771e-13  0.99999999999998201 0.99999999999977318 
 -0 2 0.00099999999999988987 2
7 0 0  1 2 2  0.99999999999997535 -2.1797581101212771e-13  0.99999999999996669 0.99999999999977318 
 -0 2 0.00099999999999988987 2
1 -2.4646951146678475e-14 0.99999999999977318 1 0 
7 0 0  3 4 2  -3.6223881154817317 1.5255553753027629  -3.617917156441115 1.5211883920550495  -3.6156296890257407 1.5150538203488324  -3.6156296890257407 1.5071516601841277 
 1 4 2 4
7 0 0  1 2 2  1.9999999999999982 -2.1797581101212771e-13  1.9999999999999982 0.99999999999977318 
 -0 2 0.00099999999999988987 2
7 0 0  1 2 2  1.9999999999997735 -2.1797581101212771e-13  1.9999999999999967 0.99999999999977318 
 -0 2 0.00099999999999988987 2
1 -2.2648549702353193e-13 0.99999999999977318 1 0 
7 0 0  3 4 2  -3.6156296890257407 1.5071516601841277  -3.6156296890257407 1.5001852821458115  -3.6180731201290803 1.4945705893971648  -3.6230119702314973 1.4902036061480652 
 2 4 3 4
7 0 0  1 2 2  2.9999999999999809 -2.1797581101212771e-13  3.0000000000001004 0.99999999999977318 
 -0 2 0.00099999999999988987 2
7 0 0  1 2 2  3.0000000000000004 -2.1797581101212771e-13  2.9999999999999929 0.99999999999977318 
 -0 2 0.00099999999999988987 2
1 4.4408920985006262e-16 0.99999999999977318 1 0 
7 0 0  3 4 2  -3.6230119702314973 1.4902036061480652  -3.6278988324381669 1.4858366229003528  -3.634397319414675 1.483653131275803  -3.6424554432666523 1.483653131275803 
 3 4 4 4
7 0 0  1 2 2  4.0000000000000036 -2.1797581101212771e-13  4.0000000000002238 0.99999999999977318 
 -0 2 0.00099999999999988987 2
7 0 0  1 2 2  4.0000000000000071 -2.1797581101212771e-13  4.0000000000000204 0.99999999999977318 
 -0 2 0.00099999999999988987 2
1 7.1054273576010019e-15 0.99999999999977318 1 0 
7 0 0  3 4 2  -3.6424554432666523 1.483653131275803  -3.6536328408667966 1.483653131275803  -3.6628866863218645 1.4876042113574623  -3.6701130038403571 1.495506371522175 
 4 4 5 4
7 0 0  1 2 2  5.0000000000000062 -2.1797581101212771e-13  5.0000000000000213 0.99999999999977318 
 -0 2 0.00099999999999988987 2
7 0 0  1 2 2  4.9999999999999947 -2.1797581101212771e-13  4.9999999999999956 0.99999999999977318 
 -0 2 0.00099999999999988987 2
1 -5.3290705182007514e-15 0.99999999999977318 1 0 
7 0 0  3 4 2  -3.6701130038403571 1.495506371522175  -3.6773913092545962 1.5033045558939777  -3.6810304619617185 1.5131822560988262  -3.681030461961718 1.5251394721367086 
 5 4 6 4
7 0 0  1 2 2  5.9999999999999991 -2.1797581101212771e-13  6.0000000000000178 0.99999999999977318 
 -0 2 0.00099999999999988987 2
1 0 0 -1 0 
1 -0.00099999999999988987 0 0 1 
1 -3.681030461961718 1.5251394721367086 0 1 
1 0 0.013932756079397812 -1 0 
1 0 0 0 -1 
1 0 -0.00099999999999988987 -1 0 
1 -3.681030461961718 1.5390722282161065 0.9910683662997869 -0.13335476489376558 
7 0 0  1 2 2  -3.4209326060627831e-15 -2.1797581101212771e-13  -3.4209326060627831e-15 0.99999999999977318 
 -0 2 0.00099999999999988987 2
7 0 0  1 2 2  2.0000000000000009 -2.1797581101212771e-13  2.0000000000000009 0.99999999999977318 
 -0 2 0.00099999999999988987 2
1 -3.4209326060627831e-15 -2.1797581101212771e-13 1 0 
7 0 0  3 4 2  -0.021691949529393018 -0.003509182967553981  -0.0067194355341615442 -0.003509182967553981  0.0072133205445421567 0.0011697276560809211  0.020210294498252068 0.010527548901973161 
 0 4 1 4
7 0 0  1 2 2  1.000000000000012 -2.1797581101212771e-13  1.0000000000000071 0.99999999999977318 
 -0 2 0.00099999999999988987 2
1 0 0.026305875281946944 1 0 
1 0 0 1 0 
7 0 0  1 2 2  18.999999999999989 -2.1797581101212771e-13  18.999999999999989 0.99999999999977318 
 -0 2 0.00099999999999988987 2
1 0 0 0 -1 
1 0.020210294498252068 -0.015778326379973784 0 -1 
1 -7.1054273576010019e-15 -2.1797581101212771e-13 1 0 
7 0 0  3 4 2  0.020210294498252068 -0.015778326379973784  0.0089809090023460492 -0.021393019128619351  -0.0041200407435662001 -0.024304341293767129  -0.019196530530307676 -0.024304341293767129 
 19 4 20 4
7 0 0  1 2 2  19.999999999999996 -2.1797581101212771e-13  20.000000000000007 0.99999999999977318 
 -0 2 0.00099999999999988987 2
7 0 0  1 2 2  17.999999999999993 -2.1797581101212771e-13  17.999999999999993 0.99999999999977318 
 -0 2 0.00099999999999988987 2
1 -7.1054273576010019e-15 -2.1797581101212771e-13 1 0 
7 0 0  3 4 2  -0.019196530530307676 -0.024304341293767129  -0.036508499836660491 -0.024304341293767129  -0.050649207498399296 -0.020457237003616902  -0.061514677724006983 -0.012763028423324885 
 18 4 19 4
7 0 0  1 2 2  19 -2.1797581101212771e-13  19 0.99999999999977318 
 -0 2 0.00099999999999988987 2
7 0 0  1 2 2  16.999999999999989 -2.1797581101212771e-13  16.999999999999989 0.99999999999977318 
 -0 2 0.00099999999999988987 2
1 -3.5527136788005009e-15 -2.1797581101212771e-13 1 0 
7 0 0  3 4 2  -0.061514677724006983 -0.012763028423324885  -0.072432135845368784 -0.0051727956331544256  -0.077890864906049906 0.0053287593207667072  -0.077890864906049906 0.018637660649705845 
 17 4 18 4
7 0 0  1 2 2  18.000000000000004 -2.1797581101212771e-13  18.000000000000004 0.99999999999977318 
 -0 2 0.00099999999999988987 2
7 0 0  1 2 2  15.999999999999957 -2.1797581101212771e-13  15.999999999999957 0.99999999999977318 
 -0 2 0.00099999999999988987 2
1 3.5527136788005009e-15 -2.1797581101212771e-13 1 0 
7 0 0  3 4 2  -0.077890864906049906 0.018637660649705845  -0.077890864906049906 0.028203433480012086  -0.075031530635973009 0.036209569436233879  -0.069364849992264777 0.042656068516986556 
 16 4 17 4
7 0 0  1 2 2  17.000000000000007 -2.1797581101212771e-13  17.000000000000007 0.99999999999977318 
 -0 2 0.00099999999999988987 2
7 0 0  1 2 2  14.999999999999996 -2.1797581101212771e-13  14.999999999999996 0.99999999999977318 
 -0 2 0.00099999999999988987 2
1 -3.5527136788005009e-15 -2.1797581101212771e-13 1 0 
7 0 0  3 4 2  -0.069364849992264777 0.042656068516986556  -0.063646181452801098 0.049102567597732794  -0.052728723331439298 0.055445090886968362  -0.036508499836660491 0.061475686801668372 
 15 4 16 4
7 0 0  1 2 2  15.999999999999998 -2.1797581101212771e-13  15.999999999999998 0.99999999999977318 
 -0 2 0.00099999999999988987 2
7 0 0  1 2 2  14.000000000000007 -2.1797581101212771e-13  14.000000000000007 0.99999999999977318 
 -0 2 0.00099999999999988987 2
1 7.1054273576010019e-15 -2.1797581101212771e-13 1 0 
7 0 0  3 4 2  -0.036508499836660491 0.061475686801668372  -0.023719477465985239 0.066466524799848381  -0.015505389927430002 0.070625556465921502  -0.011762261428103216 0.073952781798500178 
 14 4 15 4
7 0 0  1 2 2  15.000000000000005 -2.1797581101212771e-13  15.000000000000005 0.99999999999977318 
 -0 2 0.00099999999999988987 2
7 0 0  1 2 2  12.999999999999886 -2.1797581101212771e-13  12.999999999999886 0.99999999999977318 
 -0 2 0.00099999999999988987 2
1 -5.3290705182007514e-15 -2.1797581101212771e-13 1 0 
7 0 0  3 4 2  -0.011762261428103216 0.073952781798500178  -0.0080711208252255418 0.077176031338183515  -0.0061995565759054294 0.081646990378792195  -0.0061995565759054294 0.08746963471046576 
 13 4 14 4
7 0 0  1 2 2  13.999999999999991 -2.1797581101212771e-13  13.999999999999991 0.99999999999977318 
 -0 2 0.00099999999999988987 2
7 0 0  1 2 2  11.999999999999783 -2.1797581101212771e-13  11.999999999999783 0.99999999999977318 
 -0 2 0.00099999999999988987 2
1 0 -2.1797581101212771e-13 1 0 
7 0 0  3 4 2  -0.0061995565759054294 0.08746963471046576  -0.0061995565759054294 0.093292279040751547  -0.0087989513672011022 0.098075165455905555  -0.013945753052653664 0.10161034237151045 
 12 4 13 4
7 0 0  1 2 2  12.999999999999986 -2.1797581101212771e-13  12.999999999999979 0.99999999999977318 
 -0 2 0.00099999999999988987 2
7 0 0  1 2 2  11.000000000000005 -2.1797581101212771e-13  11.000000000000005 0.99999999999977318 
 -0 2 0.00099999999999988987 2
1 5.3290705182007514e-15 -2.1797581101212771e-13 1 0 
7 0 0  3 4 2  -0.013945753052653664 0.10161034237151045  -0.019092554738097345 0.10524949507863424  -0.025798993299018136 0.10701708353713091  -0.034013080837575149 0.10701708353713091 
 11 4 12 4
7 0 0  1 2 2  12.000000000000016 -2.1797581101212771e-13  12.000000000000016 0.99999999999977318 
 -0 2 0.00099999999999988987 2
7 0 0  1 2 2  10.000000000000011 -2.1797581101212771e-13  10.000000000000011 0.99999999999977318 
 -0 2 0.00099999999999988987 2
1 1.0658141036401503e-14 -2.1797581101212771e-13 1 0 
7 0 0  3 4 2  -0.034013080837575149 0.10701708353713091  -0.047789873229015178 0.10701708353713091  -0.060059016641432983 0.1034819066215249  -0.07092448686704067 0.096515528581822441 
 10 4 11 4
7 0 0  1 2 2  11.000000000000009 -2.1797581101212771e-13  11.000000000000014 0.99999999999977318 
 -0 2 0.00099999999999988987 2
1 0 -0.024746238407862498 -1 0 
1 0 0 -1 0 
7 0 0  1 2 2  7.9999999999999902 -2.1797581101212771e-13  7.9999999999999902 0.99999999999977318 
 -0 2 0.00099999999999988987 2
1 0 0 0 1 
1 -0.07092448686704067 0.12126176698968494 0 1 
1 -9.7699626167013776e-15 -2.1797581101212771e-13 1 0 
7 0 0  3 4 2  -0.07092448686704067 0.12126176698968494  -0.060318956120221312 0.12562875023878473  -0.048881619040595403 0.12770826607182539  -0.036508499836660491 0.12770826607182539 
 8 4 9 4
7 0 0  1 2 2  8.9999999999999947 -2.1797581101212771e-13  8.9999999999999947 0.99999999999977318 
 -0 2 0.00099999999999988987 2
7 0 0  1 2 2  7.0000000000000009 -2.1797581101212771e-13  7.0000000000000009 0.99999999999977318 
 -0 2 0.00099999999999988987 2
1 8.8817841970012523e-16 -2.1797581101212771e-13 1 0 
7 0 0  3 4 2  -0.036508499836660491 0.12770826607182539  -0.020600203717118237 0.12770826607182539  -0.0071873265966702071 0.12386116178167539  0.0037301315246911493 0.11616695319999581 
 7 4 8 4
7 0 0  1 2 2  8.0000000000000036 -2.1797581101212771e-13  8.0000000000000036 0.99999999999977318 
 -0 2 0.00099999999999988987 2
7 0 0  1 2 2  5.9999999999999911 -2.1797581101212771e-13  5.9999999999999911 0.99999999999977318 
 -0 2 0.00099999999999988987 2
1 -8.8817841970012523e-15 -2.1797581101212771e-13 1 0 
7 0 0  3 4 2  0.0037301315246911493 0.11616695319999581  0.014595601750298837 0.10836876882818625  0.020054330810980403 0.098075165455905555  0.020054330810980403 0.085182167294406641 
 6 4 7 4
7 0 0  1 2 2  6.9999999999999947 -2.1797581101212771e-13  6.9999999999999947 0.99999999999977318 
 -0 2 0.00099999999999988987 2
7 0 0  1 2 2  4.9999999999999503 -2.1797581101212771e-13  4.9999999999999503 0.99999999999977318 
 -0 2 0.00099999999999988987 2
1 -7.9936057773011271e-15 -2.1797581101212771e-13 1 0 
7 0 0  3 4 2  0.020054330810980403 0.085182167294406641  0.020054330810980403 0.076240249213181066  0.017662887603402844 0.068546040632880834  0.012828013292496276 0.062203517343645265 
 5 4 6 4
7 0 0  1 2 2  5.9999999999999956 -2.1797581101212771e-13  6.0000000000000027 0.99999999999977318 
 -0 2 0.00099999999999988987 2
7 0 0  1 2 2  4.0000000000000187 -2.1797581101212771e-13  4.0000000000000187 0.99999999999977318 
 -0 2 0.00099999999999988987 2
1 1.1546319456101628e-14 -2.1797581101212771e-13 1 0 
7 0 0  3 4 2  0.012828013292496276 0.062203517343645265  0.00804512687734249 0.055860994054408586  -0.0024564280772731983 0.049414494972276568  -0.018520687884779008 0.042967995891523669 
 4 4 5 4
7 0 0  1 2 2  5.0000000000000071 -2.1797581101212771e-13  5.0000000000000053 0.99999999999977318 
 -0 2 0.00099999999999988987 2
7 0 0  1 2 2  3.0000000000000111 -2.1797581101212771e-13  3.0000000000000111 0.99999999999977318 
 -0 2 0.00099999999999988987 2
1 9.3258734068513149e-15 -2.1797581101212771e-13 1 0 
7 0 0  3 4 2  -0.018520687884779008 0.042967995891523669  -0.031933565005226594 0.037977157893343216  -0.040823495189311387 0.033610174644243873  -0.045190478437718617 0.029971021937121423 
 3 4 4 4
7 0 0  1 2 2  4.0000000000000062 -2.1797581101212771e-13  4.0000000000000142 0.99999999999977318 
 -0 2 0.00099999999999988987 2
7 0 0  1 2 2  1.9999999999996474 -2.1797581101212771e-13  1.9999999999996474 0.99999999999977318 
 -0 2 0.00099999999999988987 2
1 -1.0880185641326534e-14 -2.1797581101212771e-13 1 0 
7 0 0  3 4 2  -0.045190478437718617 0.029971021937121423  -0.049557461686817739 0.026331869230005855  -0.051740953310674076 0.021756934399265848  -0.051740953310674076 0.016142241650618949 
 2 4 3 4
7 0 0  1 2 2  2.9999999999999929 -2.1797581101212771e-13  3.0000000000003091 0.99999999999977318 
 -0 2 0.00099999999999988987 2
7 0 0  1 2 2  1.0000000000000013 -2.1797581101212771e-13  1.0000000000000013 0.99999999999977318 
 -0 2 0.00099999999999988987 2
1 1.3322676295501878e-15 -2.1797581101212771e-13 1 0 
7 0 0  3 4 2  -0.051740953310674076 0.016142241650618949  -0.051740953310674076 0.0030412919047078102  -0.041707289418559501 -0.003509182967553981  -0.021691949529393018 -0.003509182967553981 
 1 4 2 4
1 0 0 1 0 
1 0.11635287141943312 0 0 -1 
1 0 0 0 -1 
1 0.061664142925341281 0.2020509570885054 -1 0 
1 0 0.026409851073471824 1 0 
1 0 0 0 -1 
1 2.0874260329149069e-16 0 0 -1 
7 0 0  1 2 2  11.999999999999984 -2.1797581101212771e-13  11.999999999999984 0.99999999999977318 
 -0 2 0.00099999999999988987 2
1 0 0 -1 0 
1 0.02199737841730709 0.092668424291850293 -0.34091779621872592 -0.94009311039990473 
1 -1.5987211554602254e-14 -2.1797581101212771e-13 1 0 
7 0 0  3 4 2  0.02199737841730709 0.092668424291850515  0.020437741543225307 0.087573610502152732  0.019397983625323523 0.083622530420493835  0.018878104667753526 0.08091915983699427 
 12 4 13 4
7 0 0  1 2 2  12.99999999999997 -2.1797581101212771e-13  12.99999999999997 0.99999999999977318 
 -0 2 0.00099999999999988987 2
1 0 0.00067584264483455669 1 0 
1 0 0 1 0 
1 0.012357381765618338 0 0 -1 
1 0 0 0 -1 
1 0.018202262022918969 0.08091915983699427 -1 0 
1 0 0 0 -1 
1 0.11558278430620052 0 0 -1 
1 0 0 -1 0 
1 0.015082988273367182 0.092876375874876738 -0.25242189718784763 0.96761727238618866 
1 0 0 0 -1 
1 0 0.028489366907197944 1 0 
1 0 0 -1 0 
1 -0.022868175671925339 0.2020509570885054 -0.32834616481251144 0.944557460429441 
1 0 0 1 0 
1 0.15573963197180307 0 0 -1 
1 0 0 0 -1 
1 -0.051357542579123283 0.2020509570885054 -1 0 
1 0 0 0 -1 
1 0.028677769280810252 0 0 -1 
1 0 0 -1 0 
1 0.0056211912352628346 0.057108703554133999 0.36585892166935452 -0.93067032263575333 
1 0 0 0 -1 
7 0 0  1 2 2  5.0000000000000044 -2.1797581101212771e-13  5.0000000000000044 0.99999999999977318 
 -0 2 0.00099999999999988987 2
1 0 0 -1 0 
1 -0.0055562063655734129 0.030698852479275507 -0.38975826506546241 -0.92091720301727498 
1 4.4408920985006262e-15 -2.1797581101212771e-13 1 0 
7 0 0  3 4 2  -0.0055562063655734129 0.030698852479275507  -0.011326862800789872 0.016974047984283702  -0.020008841401847999 0.01021562152760791  -0.031654130065193797 0.01021562152760791 
 5 4 6 4
7 0 0  1 2 2  6.0000000000000018 -2.1797581101212771e-13  6.0000000000000018 0.99999999999977318 
 -0 2 0.00099999999999988987 2
7 0 0  1 2 2  4.0000000000000062 -2.1797581101212771e-13  4.0000000000000062 0.99999999999977318 
 -0 2 0.00099999999999988987 2
1 6.2172489379008766e-15 -2.1797581101212771e-13 1 0 
7 0 0  3 4 2  -0.031654130065193797 0.01021562152760791  -0.036333040688137253 0.01021562152760791  -0.041115927103289707 0.011151403652618352  -0.046106765101468383 0.013126943694141469 
 4 4 5 4
7 0 0  1 2 2  4.9999999999999849 -2.1797581101212771e-13  5.000000000000103 0.99999999999977318 
 -0 2 0.00099999999999988987 2
1 0 0.022666722576217602 1 0 
1 0 2.2204460492503131e-16 1 0 
7 0 0  1 2 2  2.0000000000004672 -2.1797581101212771e-13  2.0000000000004672 0.99999999999977318 
 -0 2 0.00099999999999988987 2
1 0 0 0 -1 
1 -0.046106765101468383 -0.0095397788820761331 0 -1 
1 1.0658141036401503e-14 -2.1797581101212771e-13 1 0 
7 0 0  3 4 2  -0.046106765101468383 -0.0095397788820759111  -0.041583818165790376 -0.010891464173132581  -0.036073101209355141 -0.011619294715116579  -0.029678590023671347 -0.011619294715116579 
 2 4 3 4
7 0 0  1 2 2  3.0000000000000151 -2.1797581101212771e-13  3.0000000000002931 0.99999999999977318 
 -0 2 0.00099999999999988987 2
7 0 0  1 2 2  1.0000000000000029 -2.1797581101212771e-13  1.0000000000000029 0.99999999999977318 
 -0 2 0.00099999999999988987 2
1 2.886579864025407e-15 -2.1797581101212771e-13 1 0 
7 0 0  3 4 2  -0.029678590023671347 -0.011619294715116579  -0.0073757827191309744 -0.011619294715116579  0.0098841986921609504 0.0038730982383721191  0.022153342104578755 0.034857884145348628 
 1 4 2 4
7 0 0  1 2 2  2.0000000000000013 -2.1797581101212771e-13  2.0000000000000013 0.99999999999977318 
 -0 2 0.00099999999999988987 2
1 0.179719381220659 0 0 -1 
1 0 0 -1 0 
1 0.088073993998813105 0.2020509570885054 0.3667976789509263 0.93030073778118294 
1 0 0 -1 0 
1 0 0.083128645409077606 1 0 
1 0 0 0 1 
1 -4.1286462449369044 1.4893717998159659 0 1 
1 0 -0.023186601533787821 -1 0 
1 0 0 -1 0 
1 0 0 1 0 
1 0 -0.068416070893312808 -1 0 
1 0 0 0 -1 
1 -4.0455175995278267 1.4893717998159659 1 0 
1 0 0 -1 0 
1 0 -0.072731066245277809 -1 0 
1 0 0 0 1 
1 -4.0455175995278267 1.5577878707092787 0 1 
1 0 0 -1 0 
1 0 -0.023290577325296935 -1 0 
1 0 0 0 1 
1 -4.1182486657731046 1.5577878707092787 -1 0 
1 0 0 -1 0 
1 0 0.072731066245277809 1 0 
1 0 0 0 1 
1 -4.1182486657731046 1.5810784480345756 0 1 
1 0 0 1 0 
1 0 -0.065088845562126796 -1 0 
1 0 0 0 -1 
1 -4.0455175995278267 1.5810784480345756 1 0 
1 0 0 -1 0 
1 0 -0.078501722681188824 -1 0 
1 0 0 0 1 
1 -4.0455175995278267 1.6461672935967024 0 1 
1 0 0 -1 0 
1 0 -0.023394553116808936 -1 0 
1 0 0 0 1 
1 -4.1240193222090156 1.6461672935967024 -1 0 
1 0 0 -1 0 
1 0 0.1047556100687661 1 0 
1 0 0 0 1 
1 -4.1240193222090156 1.6695618467135114 0 1 
1 0 0 1 0 
1 0 0.2033766484313333 1 0 
1 0 0 0 -1 
1 -4.0192637121402495 1.6695618467135114 1 0 
1 0 0 1 0 
1 0 -0.10938253279665489 -1 0 
1 0 0 0 -1 
1 -4.0192637121402495 1.4661851982821781 0 -1 
1 0 0 0 1 
1 -4.1286462449369044 1.4661851982821781 -1 0 
1 -0.044423656973746617 -0.19665721289682159 1 0 
1 0 0 0 1 
7 0 0  3 4 2  -0.044423656973745729 -0.19665721289682137  -0.012243149464372216 -0.19665721289682137  0.014114713714724836 -0.1871954158594118  0.034545956769250985 -0.16816784599031775 
 5 4 6 4
1 6.2172489379008766e-15 -2.1797581101212771e-13 1 0 
7 0 0  3 4 2  0.034545956769250985 -0.16816784599031775  0.054977199825162693 -0.1491402761212226  0.065218815301691713 -0.12387415875578833  0.065218815301691713 -0.092369493891241605 
 4 4 5 4
1 -4.4408920985006262e-15 -2.1797581101212771e-13 1 0 
7 0 0  3 4 2  0.065218815301691713 -0.092369493891241605  0.065218815301691713 -0.062216514317758431  0.054977199825162693 -0.038198106450484381  0.034545956769250985 -0.020210294497905901 
 3 4 4 4
1 -2.2204460492503131e-15 -2.1797581101212771e-13 1 0 
7 0 0  3 4 2  0.034545956769250985 -0.020210294497905901  0.014114713714724836 -0.0022224825467136444  -0.011515318923774664 0.0067194355345117085  -0.042344141142100611 0.0067194355345117085 
 2 4 3 4
1 8.8817841970012523e-16 -2.1797581101212771e-13 1 0 
1 -0.10036263287162051 0.0067194355345117085 -1 0 
1 0 0 0 -1 
1 -0.10036263287162051 -0.19665721289682159 0 -1 
1 0 0 0 -1 
1 -0.074108745485427896 -0.016675117582297228 0 -1 
1 0 0 -0 -1 
1 -0.043383899058619058 -0.016675117582297228 -1 0 
1 0 0 -0 -1 
7 0 0  3 4 2  0.015310435317129389 -0.035806663242908154  0.00044189711410069776 -0.023017640872921463  -0.019157539608312568 -0.016675117582297005  -0.043383899058619058 -0.016675117582297005 
 5 4 6 4
1 3.5527136788005009e-15 -2.1797581101212771e-13 1 0 
7 0 0  3 4 2  0.037613242621660881 -0.093097324431838269  0.037613242621660881 -0.067727231273500665  0.030178973520150976 -0.048595685614275741  0.015310435317129389 -0.035806663242908154 
 4 4 5 4
1 -1.3322676295501878e-15 -2.1797581101212771e-13 1 0 
7 0 0  3 4 2  0.015882302171833729 -0.15225954987077595  0.030386925104565421 -0.13822281799986125  0.037613242621660881 -0.11846741759016899  0.037613242621660881 -0.093097324431838269 
 3 4 4 4
1 -4.4408920985006262e-15 -2.1797581101212771e-13 1 0 
7 0 0  3 4 2  -0.044579620662405617 -0.17347061136303377  -0.018741636442266341 -0.17347061136303354  0.0014296671348663637 -0.16640025753320842  0.015882302171833729 -0.15225954987077595 
 2 4 3 4
1 -4.4408920985006262e-15 -2.1797581101212771e-13 1 0 
1 -0.074108745485427896 -0.17347061136303377 1 0 
1 0 0 0 1 
1 0 8.8817841970012523e-16 -1 0 
7 0 0  1 2 2  5.0000000000000062 -2.1797581101212771e-13  5.0000000000000062 0.99999999999977318 
 -0 2 0.00099999999999988987 2
1 0 -0.055938975897873888 -1 0 
1 0 0 1 0 
7 0 0  1 2 2  6.0000000000000027 -2.1797581101212771e-13  6.0000000000000027 0.99999999999977318 
 -0 2 0.00099999999999988987 2
7 0 0  1 2 2  3.9999999999999956 -2.1797581101212771e-13  3.9999999999999956 0.99999999999977318 
 -0 2 0.00099999999999988987 2
7 0 0  1 2 2  4.9999999999999991 -2.1797581101212771e-13  4.9999999999999991 0.99999999999977318 
 -0 2 0.00099999999999988987 2
7 0 0  1 2 2  2.9999999999999978 -2.1797581101212771e-13  2.9999999999999978 0.99999999999977318 
 -0 2 0.00099999999999988987 2
7 0 0  1 2 2  4 -2.1797581101212771e-13  4.0000000000000018 0.99999999999977318 
 -0 2 0.00099999999999988987 2
7 0 0  1 2 2  2.0000000000000009 -2.1797581101212771e-13  2.0000000000000009 0.99999999999977318 
 -0 2 0.00099999999999988987 2
7 0 0  1 2 2  2.9999999999999951 -2.1797581101212771e-13  2.9999999999999951 0.99999999999977318 
 -0 2 0.00099999999999988987 2
1 0 0.058018491729519894 1 0 
1 0 0 1 0 
1 0 0.2033766484313333 1 0 
1 0.00099999999999988987 0 -0 -1 
1 -4.2240440337583935 1.6461672935967024 1 0 
1 0 0 1 0 
7 0 0  1 2 2  6.0000000000000018 -2.1797581101212771e-13  6.0000000000000018 0.99999999999977318 
 -0 2 0.00099999999999988987 2
1 -0 -0.030724846426808838 1 0 
1 0 0 1 -0 
1 0.00099999999999988987 0 -0 -1 
1 -4.1933191873315847 1.6461672935967024 -0 -1 
1 -0 -0.15679549378073654 1 -0 
1 0 0 -1 0 
1 -0.00099999999999988987 0 0 1 
1 -4.1933191873315847 1.4893717998159659 -1 0 
1 0 0.029529124823022279 -1 0 
7 0 0  1 2 2  1.9999999999999956 -2.1797581101212771e-13  1.9999999999999956 0.99999999999977318 
 -0 2 0.00099999999999988987 2
1 -4.4408920985006262e-15 0.99999999999977318 1 0 
7 0 0  3 4 2  -4.222848312154607 1.4893717998159659  -4.2486862963747463 1.4893717998159661  -4.268857599951879 1.4964421536457913  -4.2833102349888463 1.5105828613082237 
 2 4 3 4
7 0 0  1 2 2  3.0000000000000009 -2.1797581101212771e-13  2.9999999999999982 0.99999999999977318 
 -0 2 0.00099999999999988987 2
7 0 0  1 2 2  2.9999999999999929 -2.1797581101212771e-13  2.9999999999999956 0.99999999999977318 
 -0 2 0.00099999999999988987 2
1 -7.1054273576010019e-15 0.99999999999977318 1 0 
7 0 0  3 4 2  -4.2833102349888463 1.5105828613082237  -4.297814857921578 1.5246195931791384  -4.3050411754386735 1.5443749935888307  -4.3050411754386735 1.5697450867471614 
 3 4 4 4
7 0 0  1 2 2  3.9999999999999982 -2.1797581101212771e-13  3.9999999999999982 0.99999999999977318 
 -0 2 0.00099999999999988987 2
7 0 0  1 2 2  3.9999999999999987 -2.1797581101212771e-13  3.9999999999999987 0.99999999999977318 
 -0 2 0.00099999999999988987 2
1 -1.3322676295501878e-15 0.99999999999977318 1 0 
7 0 0  3 4 2  -4.3050411754386735 1.5697450867471614  -4.3050411754386735 1.595115179905499  -4.2976069063371636 1.6142467255647239  -4.282738368134142 1.6270357479360915 
 4 4 5 4
7 0 0  1 2 2  5 -2.1797581101212771e-13  5 0.99999999999977318 
 -0 2 0.00099999999999988987 2
7 0 0  1 2 2  5.0000000000000036 -2.1797581101212771e-13  5.0000000000000036 0.99999999999977318 
 -0 2 0.00099999999999988987 2
1 3.5527136788005009e-15 0.99999999999977318 1 0 
7 0 0  3 4 2  -4.282738368134142 1.6270357479360915  -4.2678698299311133 1.6398247703060782  -4.2482703932087 1.6461672935967027  -4.2240440337583935 1.6461672935967027 
 5 4 6 4
1 -4.4494635500168709 1.6695618467135114 0.3559357243643097 0.93451043874386663 
1 0 0 -1 0 
1 -4.421390086275033 1.6695618467135114 1 0 
1 0 0 0 -1 
1 -4.3439281215089771 1.4661851982821781 0.35593572436987864 -0.93451043874174555 
1 0 0 -1 0 
1 -4.3729373673744316 1.4661851982821781 -1 0 
1 0 0 0 1 
1 -4.3924848162010894 1.521812246804122 -0.33152841835765701 0.94344523307994432 
1 0 0 -1 0 
1 -4.4771730984856353 1.521812246804122 -1 0 
1 0 0 0 1 
1 -4.4979162689174723 1.4661851982821781 -0.34939547949732402 -0.93697534594397691 
1 0 0 -1 0 
1 -4.5269255147815395 1.4661851982821781 -1 0 
1 0 0 0 1 
1 -4.4008028795332352 1.5447908967548833 -1 0 
1 0 0 0 1 
1 -4.4312157985841214 1.6293232153521544 0.3385350342956624 -0.94095378768270799 
1 0 0 -1 0 
7 0 0  3 4 2  -4.4345430239166994 1.6435678988047124  -4.4335552538959409 1.6374333270985022  -4.4324635080850552 1.6326504406833497  -4.4312157985841214 1.6293232153521544 
 3 4 4 4
1 1.5987211554602254e-14 -2.8825110701124299e-12 1 8.881784197001008e-13 
1 -4.4351668786671663 1.6435678988047124 1 0 
1 0 0 -0 -1 
7 0 0  3 4 2  -4.4383381403110942 1.6293232153521544  -4.4373503702917159 1.6321305617257837  -4.4363106123738172 1.6368094723494226  -4.4351668786671663 1.6435678988047127 
 1 4 2 4
1 -2.4202861936828413e-14 -2.1797581101212771e-13 1 0 
1 -4.4690629867392904 1.5447908967548833 0.34160383069024097 0.93984404177382175 
1 0 0 -1 0 
1 0 0 0 -1 
1 0 0.028073463741837834 1 0 
1 0.21762908149501733 0 0 -1 
1 0 0 -1 0 
1 0 0 1 0 
1 0.21762908149551113 0 0 -1 
1 0 0 0 -1 
1 0 -0.029009245865454503 -1 0 
1 0 0 -1 0 
1 0.058961608550763829 0 0 -1 
1 0 0 0 -1 
1 0 -0.084688282284545835 -1 0 
1 0 0 -1 0 
1 0.059368743012017181 0 0 -1 
1 0 0 0 -1 
1 0 -0.029009245864067168 -1 0 
1 -0.00099999999999988987 0 0 1 
1 -4.4008028795332352 1.5447908967548833 -1 0 
1 0 0 -1 0 
1 -0.089836843959626572 0 0 -1 
1 0 0.068260107206055132 -1 0 
1 0 0 0 -1 
1 0 -0.00099999999999988987 -1 0 
1 -4.4690629867392904 1.5447908967548833 0.34160383069024097 0.93984404177382175 
1 -0.089942921208212817 0 0 -1 
7 0 0  1 2 2  0.9999999999999758 -2.1797581101212771e-13  0.9999999999999758 0.99999999999977318 
 -0 2 0.00099999999999988987 2
1 -2.4202861936828413e-14 0.99999999999977318 1 0 
7 0 0  3 4 2  -4.4383381403110942 1.6293232153521544  -4.4373503702917159 1.6321305617257837  -4.4363106123738172 1.6368094723494226  -4.4351668786671663 1.6435678988047127 
 1 4 2 4
7 0 0  1 2 2  1.9999999999999933 -2.1797581101212771e-13  1.9999999999999933 0.99999999999977318 
 -0 2 0.00099999999999988987 2
1 0 0 1 0 
1 0.00099999999999988987 0 -0 -1 
1 -4.4351668786671663 1.6435678988047124 1 0 
1 -0 -0.0006238547504668901 1 0 
7 0 0  1 2 2  3.0000000000000275 -2.1797581101212771e-13  3.000000000000016 0.99999999999977318 
 -0 2 0.00099999999999988987 2
1 2.7533531010703882e-14 0.99999999999977318 1 0 
7 0 0  3 4 2  -4.4345430239166994 1.6435678988047124  -4.4335552538959409 1.6374333270985022  -4.4324635080850552 1.6326504406833497  -4.4312157985841214 1.6293232153521546 
 3 4 4 4
7 0 0  1 2 2  4.000000000000024 6.7020260868799753e-13  4.000000000000024 0.99999999999977318 
 8.8817841970012523e-16 2 0.00099999999999988987 2
1 2.0893371203871869e-16 0 0 -1 
1 0 -0.00099999999999988987 -1 0 
1 -4.4312157985841214 1.6293232153521544 0.3385350342956624 -0.94095378768270799 
7 0 0  3 4 2  -0.041210626087580859 -0.11748641623900546  -0.039764660980655453 -0.030727241164595132  0.019520846108817214 0.045910095423338459  0.10194207070309691 0.071937853462774148 
 35 4 36 4
1 0 -2.1797581101212771e-13 1 0 
7 0 0  3 4 2  0.10194207070309691 0.071937853462774148  0.11784790751530361 0.11531746857861269  0.14532168582032012 0.15435911942708458  0.18002539997797706 0.18617084131583983 
 0 4 1 4
1 -6.2362495803498472e-16 -2.1797581101212771e-13 1 0 
7 0 0  3 4 2  0.18002539997797706 0.18617084131583983  0.23497290142797178 0.23388842242747576  0.30438027458393924 0.26136217832320718  0.37667963311241603 0.26136217832320718 
 1 4 2 4
1 -6.6613381477509392e-16 -2.1797581101212771e-13 1 0 
7 0 0  3 4 2  0.37667963311241603 0.26136217832320718  0.44030306310130696 0.26136217832320718  0.49958854261075869 0.24111835828011663  0.55019809358131422 0.20496867729125934 
 2 4 3 4
1 2.6645352591003757e-15 -2.1797581101212771e-13 1 0 
7 0 0  3 4 2  0.55019809358131422 0.20496867729125934  0.57477988651312906 0.18761682710778405  0.59502370138479366 0.165927019549863  0.61382152357020336 0.14134524040805796 
 3 4 4 4
1 -4.4408920985006262e-16 -2.1797581101212771e-13 1 0 
7 0 0  3 4 2  0.61382152357020336 0.14134524040805796  0.62538940990297354 0.14279123309431285  0.63551133112881608 0.14423721199055928  0.64707921746158625 0.14423721199055928 
 4 4 5 4
1 6.2172489379008766e-15 -2.1797581101212771e-13 1 0 
7 0 0  3 4 2  0.64707921746158625 0.14423721199055928  0.70925666855423053 0.14423721199055928  0.76854213427367402 0.11965543285013913  0.81336774207715168 0.07482982504527369 
 5 4 6 4
1 8.8817841970012523e-16 -2.1797581101212771e-13 1 0 
7 0 0  3 4 2  0.81336774207715168 0.07482982504527369  0.85674739511724951 0.031450223718058723  0.88132917770621022 -0.027835255792085789  0.88132917770621022 -0.090012693093334706 
 6 4 7 4
1 0 -2.1797581101212771e-13 1 0 
7 0 0  3 4 2  0.88132917770621022 -0.090012693093334706  0.88132917770621022 -0.14785217991722455  0.85963937014829073 -0.20424570163348932  0.82059771929982039 -0.24762526159067533 
 7 4 8 4
1 0 -2.1797581101212771e-13 1 0 
7 0 0  3 4 2  0.82059771929982039 -0.24762526159067533  0.78878600430606927 -0.28232897574902616  0.74974433966828169 -0.30546474841318472  0.70491874565481227 -0.31703263474595378 
 8 4 9 4
1 0 -2.1797581101212771e-13 1 0 
7 0 0  3 4 2  0.70491874565481227 -0.31703263474595378  0.68612090967939299 -0.37487212156984251  0.63117340822939871 -0.41535975131316927  0.5675499506597963 -0.41535975131316927 
 9 4 10 4
1 0 -2.1797581101212771e-13 1 0 
7 0 0  3 4 2  0.5675499506597963 -0.41535975131316927  0.48802065627867997 -0.41535975131316927  0.42295123360214992 -0.35029032863802811  0.42295123360214992 -0.27076103425622122 
 10 4 11 4
1 -1.7763568394002505e-15 -2.1797581101212771e-13 1 0 
7 0 0  3 4 2  0.42295123360214992 -0.27076103425622122  0.42295123360214992 -0.26642308377608415  0.42295123360214992 -0.26208513329595484  0.42295123360214992 -0.25630116254955571 
 11 4 12 4
7 0 0  3 4 2  0 0  0 0.0043379504801370761  0 0.0086759009602663806  0 0.014459871706665517 
 11 4 12 4
1 0.42295123360214992 -0.25630116254955593 -0.88409495024788098 0.46730730675455612 
1 0 0 -1 0 
1 0.22051302972199949 -0.14929811744344046 0.50488304864992151 0.86318775894121724 
1 0 0 -1 0 
1 0.2653386099461521 -0.072660780855506868 0.88634884279586179 -0.46301806538669393 
1 0 0 -1 0 
7 0 0  3 4 2  0.45910088528671533 -0.1738798827952317  0.48512864332545824 -0.14351414669703599  0.52417030796255215 -0.12471632451162606  0.56754992307977625 -0.12471632451162606 
 15 4 16 4
1 0 -2.1797581101212771e-13 1 0 
7 0 0  3 4 2  0.56754992307977625 -0.12471632451162606  0.62972738796243055 -0.12471632451162606  0.68322889672547804 -0.16520395425495371  0.70347271159783542 -0.22015148328496381 
 16 4 17 4
1 0 -2.1797581101212771e-13 1 0 
7 0 0  3 4 2  0.70347271159783542 -0.22015148328496381  0.75408226256769995 -0.19701568304079431  0.79023194183228584 -0.14640613207093112  0.79023194183228584 -0.087120652560786382 
 17 4 18 4
1 0 -2.1797581101212771e-13 1 0 
7 0 0  3 4 2  0.79023194183228584 -0.087120652560786382  0.79023194183228584 -0.0075913581789770479  0.72516251915644947 0.05747806449616677  0.6456332247753318 0.05747806449616677 
 18 4 19 4
1 0 -2.1797581101212771e-13 1 0 
7 0 0  3 4 2  0.6456332247753318 0.05747806449616677  0.61815947404964122 0.05747806449616677  0.59068572332464386 0.048802135957272563  0.56899591576672437 0.035788256936861496 
 19 4 20 4
1 7.1054273576010019e-15 -2.1797581101212771e-13 1 0 
7 0 0  3 4 2  0.56899591576672437 0.035788256936861496  0.54152219262174617 0.11676346126625337  0.46633084872006725 0.17460294808875743  0.37523366800548752 0.17460294808875743 
 20 4 21 4
1 0 -2.1797581101212771e-13 1 0 
7 0 0  3 4 2  0.37523366800548752 0.17460294808875743  0.27112258069186357 0.17460294808875743  0.18436335045810726 0.095073653706948091  0.17279546412533842 -0.0061454482327807369 
 21 4 22 4
1 0 -2.1797581101212771e-13 1 0 
7 0 0  3 4 2  0.17279546412533842 -0.0061454482327807369  0.168457513645901 -0.0061454482327807369  0.16556552827269755 -0.0061454482327807369  0.16122757779256736 -0.0061454482327807369 
 22 4 23 4
7 0 0  3 4 2  0 0  0 0.0043379504794374135  0 0.0072299358526408675  0 0.01156788633277106 
 22 4 23 4
7 0 0  3 4 2  0.16122757779256736 -0.0061454482327807369  0.099050140489932215 -0.0061454482327807369  0.048440589520068134 -0.056754999202644818  0.048440589520068134 -0.11893243650527952 
 23 4 24 4
1 0 -2.1797581101212771e-13 1 0 
7 0 0  3 4 2  0.048440589520068134 -0.11893243650527952  0.048440589520068134 -0.17821791601542314  0.09326616974422075 -0.2273814742976481  0.15255167683299886 -0.23171942477777718 
 24 4 25 4
1 0 -2.1797581101212771e-13 1 0 
1 0.15255167683299886 -0.23171942477777718 1 0 
1 0 0 -0 -1 
7 0 0  3 4 2  0.21762109950883568 -0.23171942477777718  0.2205130848820378 -0.23171942477777718  0.22340507025524037 -0.23027345967154478  0.22629700046840506 -0.23027345967154478 
 26 4 27 4
1 -7.1054273576010019e-14 -2.1797581101212771e-13 1 0 
7 0 0  3 4 2  0.22629700046840506 -0.23027345967154478  0.25087879340021857 -0.23027345967154478  0.27112258069186357 -0.25051730212322343  0.27112258069186357 -0.2750990398950004 
 27 4 28 4
1 0 -2.1797581101212771e-13 1 0 
7 0 0  3 4 2  0.27112258069186357 -0.2750990398950004  0.27112258069186357 -0.2982348125605383  0.25232475850714708 -0.31847865501361117  0.22918893068156754 -0.31992462011984379 
 28 4 29 4
1 0 -2.1797581101212771e-13 1 0 
1 0.22918893068156754 -0.31992462011984379 -1 0 
1 0 -0.080975259488044848 0 1 
7 0 0  3 4 2  0.14387572071339338 -0.31992462011984379  0.09326616974422075 -0.31558666963971449  0.046994569253105301 -0.29245084181413916  0.012290910256177234 -0.25485519744331508 
 33 4 34 4
1 7.1054273576010019e-15 -2.1797581101212771e-13 1 0 
7 0 0  3 4 2  0.012290910256177234 -0.25485519744331508  -0.022412803902173373 -0.217259553072499  -0.041210626087580859 -0.16809596720886866  -0.041210626087580859 -0.11748641623900546 
 34 4 35 4
1 0 -2.1797581101212771e-13 1 0 
7 0 0  3 7 3  0.56899594334674397 -0.32860063139879747  0.53718424214230831 -0.32860063139879747  0.51260244921049436 -0.30257281820071302  0.51260244921049436 -0.27220710968253536  0.51260244921049436 -0.24039538089807277  0.53863020724854538 -0.2158135879662666  0.56899594334674397 -0.2158135879662666 
 0 4 1 3 2 4
1 -5.2702813924770113e-15 -2.1797581101212771e-13 1 0 
7 0 0  3 6 3  0.56899594334674397 -0.2158135879662666  0.59936167944425023 -0.2158135879662666  0.62538943748299314 -0.24039538089807277  0.62538943748299314 -0.30401883846698152  0.59936167944425023 -0.32860063139879747  0.56899594334674397 -0.32860063139879747 
 2 4 3 2 4 4
1 3.9968028886505635e-15 -2.1797581101212771e-13 1 0 
7 0 0  1 2 2  35 -2.1797581101212771e-13  35 0.99999999999977318 
 -0 2 0.00099999999999988987 2
7 0 0  1 2 2  35 -2.1797581101212771e-13  35 0.99999999999977318 
 -0 2 0.00099999999999988987 2
7 0 0  1 2 2  36 -2.1797581101212771e-13  36 0.99999999999977318 
 -0 2 0.00099999999999988987 2
7 0 0  1 2 2  -1.0246953250274282e-15 -2.1797581101212771e-13  -1.0246953250274282e-15 0.99999999999977318 
 -0 2 0.00099999999999988987 2
7 0 0  1 2 2  0.99999999999999756 -2.1797581101212771e-13  0.99999999999999989 0.99999999999977318 
 -0 2 0.00099999999999988987 2
7 0 0  1 2 2  1.0000000000000007 -2.1797581101212771e-13  1.0000000000000007 0.99999999999977318 
 -0 2 0.00099999999999988987 2
7 0 0  1 2 2  2.0000000000000013 -2.1797581101212771e-13  2.0000000000000013 0.99999999999977318 
 -0 2 0.00099999999999988987 2
7 0 0  1 2 2  2.0000000000000027 -2.1797581101212771e-13  2.0000000000000027 0.99999999999977318 
 -0 2 0.00099999999999988987 2
7 0 0  1 2 2  3.0000000000000027 -2.1797581101212771e-13  3.0000000000000018 0.99999999999977318 
 -0 2 0.00099999999999988987 2
7 0 0  1 2 2  3.0000000000000009 -2.1797581101212771e-13  3.0000000000000009 0.99999999999977318 
 -0 2 0.00099999999999988987 2
7 0 0  1 2 2  3.9999999999999982 -2.1797581101212771e-13  3.9999999999999982 0.99999999999977318 
 -0 2 0.00099999999999988987 2
7 0 0  1 2 2  3.9999999999999938 -2.1797581101212771e-13  3.9999999999999938 0.99999999999977318 
 -0 2 0.00099999999999988987 2
7 0 0  1 2 2  5.0000000000000062 -2.1797581101212771e-13  5.0000000000000187 0.99999999999977318 
 -0 2 0.00099999999999988987 2
7 0 0  1 2 2  5.0000000000000009 -2.1797581101212771e-13  5.0000000000000009 0.99999999999977318 
 -0 2 0.00099999999999988987 2
7 0 0  1 2 2  6 -2.1797581101212771e-13  6 0.99999999999977318 
 -0 2 0.00099999999999988987 2
7 0 0  1 2 2  6.0000000000000009 -2.1797581101212771e-13  6.0000000000000009 0.99999999999977318 
 -0 2 0.00099999999999988987 2
7 0 0  1 2 2  7 -2.1797581101212771e-13  7 0.99999999999977318 
 -0 2 0.00099999999999988987 2
7 0 0  1 2 2  7 -2.1797581101212771e-13  7 0.99999999999977318 
 -0 2 0.00099999999999988987 2
7 0 0  1 2 2  7.9999999999999991 -2.1797581101212771e-13  7.9999999999999982 0.99999999999977318 
 -0 2 0.00099999999999988987 2
7 0 0  1 2 2  7.9999999999999991 -2.1797581101212771e-13  7.9999999999999991 0.99999999999977318 
 -0 2 0.00099999999999988987 2
7 0 0  1 2 2  8.9999999999999964 -2.1797581101212771e-13  9 0.99999999999977318 
 -0 2 0.00099999999999988987 2
7 0 0  1 2 2  9 -2.1797581101212771e-13  9 0.99999999999977318 
 -0 2 0.00099999999999988987 2
7 0 0  1 2 2  10 -2.1797581101212771e-13  9.9999999999999982 0.99999999999977318 
 -0 2 0.00099999999999988987 2
7 0 0  1 2 2  9.9999999999999982 -2.1797581101212771e-13  9.9999999999999982 0.99999999999977318 
 -0 2 0.00099999999999988987 2
7 0 0  1 2 2  10.999999999999998 -2.1797581101212771e-13  11 0.99999999999977318 
 -0 2 0.00099999999999988987 2
1 0 0 -1 0 
1 0 0.014459871706665517 -1 0 
1 0 0 0 -1 
1 -0.22897789861076709 0 0 -1 
1 0 0 0 -1 
1 -0.088784086421633962 0 0 -1 
1 0 0 0 -1 
1 -0.2186072412859113 0 0 -1 
7 0 0  1 2 2  15 -2.1797581101212771e-13  15 0.99999999999977318 
 -0 2 0.00099999999999988987 2
7 0 0  1 2 2  16 -2.1797581101212771e-13  16 0.99999999999977318 
 -0 2 0.00099999999999988987 2
7 0 0  1 2 2  15.999999999999998 -2.1797581101212771e-13  15.999999999999998 0.99999999999977318 
 -0 2 0.00099999999999988987 2
7 0 0  1 2 2  17 -2.1797581101212771e-13  17 0.99999999999977318 
 -0 2 0.00099999999999988987 2
7 0 0  1 2 2  17 -2.1797581101212771e-13  17 0.99999999999977318 
 -0 2 0.00099999999999988987 2
7 0 0  1 2 2  18 -2.1797581101212771e-13  18 0.99999999999977318 
 -0 2 0.00099999999999988987 2
7 0 0  1 2 2  18 -2.1797581101212771e-13  18 0.99999999999977318 
 -0 2 0.00099999999999988987 2
7 0 0  1 2 2  19 -2.1797581101212771e-13  19 0.99999999999977318 
 -0 2 0.00099999999999988987 2
7 0 0  1 2 2  18.999999999999989 -2.1797581101212771e-13  18.999999999999989 0.99999999999977318 
 -0 2 0.00099999999999988987 2
7 0 0  1 2 2  20.000000000000004 -2.1797581101212771e-13  20.000000000000004 0.99999999999977318 
 -0 2 0.00099999999999988987 2
7 0 0  1 2 2  20 -2.1797581101212771e-13  20 0.99999999999977318 
 -0 2 0.00099999999999988987 2
7 0 0  1 2 2  21 -2.1797581101212771e-13  21 0.99999999999977318 
 -0 2 0.00099999999999988987 2
7 0 0  1 2 2  21 -2.1797581101212771e-13  21 0.99999999999977318 
 -0 2 0.00099999999999988987 2
7 0 0  1 2 2  22 -2.1797581101212771e-13  22 0.99999999999977318 
 -0 2 0.00099999999999988987 2
1 0 0 -1 0 
1 0 0.01156788633277106 -1 0 
7 0 0  1 2 2  23.000000000000004 -2.1797581101212771e-13  23.000000000000004 0.99999999999977318 
 -0 2 0.00099999999999988987 2
7 0 0  1 2 2  24 -2.1797581101212771e-13  24 0.99999999999977318 
 -0 2 0.00099999999999988987 2
7 0 0  1 2 2  24 -2.1797581101212771e-13  24 0.99999999999977318 
 -0 2 0.00099999999999988987 2
7 0 0  1 2 2  25 -2.1797581101212771e-13  25 0.99999999999977318 
 -0 2 0.00099999999999988987 2
1 0 0 1 0 
1 -0 -0.065069422675836819 1 0 
7 0 0  1 2 2  25.999999999999929 -2.1797581101212771e-13  25.999999999999929 0.99999999999977318 
 -0 2 0.00099999999999988987 2
7 0 0  1 2 2  26.999999999999911 -2.1797581101212771e-13  26.999999999999911 0.99999999999977318 
 -0 2 0.00099999999999988987 2
7 0 0  1 2 2  27.000000000000007 -2.1797581101212771e-13  27.000000000000007 0.99999999999977318 
 -0 2 0.00099999999999988987 2
7 0 0  1 2 2  27.999999999999996 -2.1797581101212771e-13  27.999999999999996 0.99999999999977318 
 -0 2 0.00099999999999988987 2
7 0 0  1 2 2  28 -2.1797581101212771e-13  28 0.99999999999977318 
 -0 2 0.00099999999999988987 2
7 0 0  1 2 2  29 -2.1797581101212771e-13  29 0.99999999999977318 
 -0 2 0.00099999999999988987 2
1 0 -0.080975259488044848 -1 0 
1 0 0.0043379504801293045 -1 0 
7 0 0  1 2 2  33.000000000000007 -2.1797581101212771e-13  33.000000000000007 0.99999999999977318 
 -0 2 0.00099999999999988987 2
7 0 0  1 2 2  34 -2.1797581101212771e-13  34 0.99999999999977318 
 -0 2 0.00099999999999988987 2
7 0 0  1 2 2  34 -2.1797581101212771e-13  34 0.99999999999977318 
 -0 2 0.00099999999999988987 2
1 -5.2702813924770113e-15 0.99999999999977318 1 0 
7 0 0  3 7 3  -2.6792587491414999 1.456803843560736  -2.7110704503459355 1.456803843560736  -2.7356522432777495 1.4828316567588204  -2.7356522432777495 1.5131973652769981  -2.7356522432777495 1.5450090940614607  -2.7096244852396985 1.5695908869932669  -2.6792587491414999 1.5695908869932669 
 0 4 1 3 2 4
7 0 0  1 2 2  -5.2702813924770113e-15 -2.1797581101212771e-13  -5.2702813924770113e-15 0.99999999999977318 
 -0 2 0.00099999999999988987 2
7 0 0  1 2 2  3.9999999999999987 -2.1797581101212771e-13  3.9999999999999987 0.99999999999977318 
 -0 2 0.00099999999999988987 2
7 0 0  1 2 2  2.000000000000004 -2.1797581101212771e-13  2.000000000000004 0.99999999999977318 
 -0 2 0.00099999999999988987 2
7 0 0  1 2 2  2.000000000000004 -2.1797581101212771e-13  2.000000000000004 0.99999999999977318 
 -0 2 0.00099999999999988987 2
1 3.9968028886505635e-15 0.99999999999977318 1 0 
7 0 0  3 6 3  -2.6792587491414999 1.5695908869932669  -2.6488930130439936 1.5695908869932669  -2.6228652550052507 1.5450090940614607  -2.6228652550052507 1.4813856364925519  -2.6488930130439936 1.456803843560736  -2.6792587491414999 1.456803843560736 
 2 4 3 2 4 4
1 0 -0.3199999999999994 -1 0 
1 0.10000000000000001 0 1.3552527156068805e-16 -1 
1 -0.5 0 0 -1 
1 -0.20000000000000001 0 0 -1 
1 0 0 -1 0 
1 0.10000000000000001 0 1.3552527156068805e-16 -1 
1 0 0 0 -1 
1 3.1415926535897931 0 0 1 
1 -0 -0.3199999999999994 -1 0 
1 0.3000000000000001 -0.5 -1 0 
1 0 0 0 -1 
1 -0.5 0 0 -1 
1 0 0 -1 0 
1 0.3000000000000001 -0.5 -1 0 
1 0 -0.3199999999999994 -1 0 
1 0.29999999999999999 0 1.3552527156068805e-16 -1 
1 0 0 0 -1 
1 3.1415926535897931 0 0 1 
1 0 0 -1 0 
1 0.29999999999999999 0 1.3552527156068805e-16 -1 
1 -3.1415926535897918 0.3199999999999994 1 0 
2 0 0 1 -1.4456028966473383e-15 -1.4456028966473383e-15 -1 0.30000000000000021
1 1.8325957145940428 0 0 1 
1 -0.83187300325950586 0 0 -1 
1 -3.1415926535897918 0 1 0 
2 0 0 1 -1.4456028966473383e-15 -1.4456028966473383e-15 -1 0.30000000000000021
1 0 -0.3199999999999994 -1 0 
1 -0.72588190451025225 0.50508232423691002 0.9659258262890692 -0.25881904510251763 
1 0 0 0 -1 
1 4.974188368183837 0 0 1 
1 0 0 -1 0 
1 -0.72588190451025225 0.50508232423691002 0.9659258262890692 -0.25881904510251763 
1 9.4247779607693793 0 -1 0 
2 -0.7000000000000004 0.60167490686581671 1 0 -0 1 0.10000000000000009
1 6.2831853071795862 0 0 1 
1 0 -0.14832509313418329 1 0 
1 9.4247779607693793 0.3199999999999994 -1 0 
2 -0.7000000000000004 0.60167490686581671 1 0 -0 1 0.10000000000000009
1 0.3199999999999994 0 0 -1 
1 -0.80000000000000049 0.75 0 -1 
1 0 0 0 -1 
1 -0.80000000000000049 0.75 0 -1 
1 0.3199999999999994 0 0 -1 
1 -1.0000000000000007 0.75 0 -1 
1 0 -0.14832509313418374 1 0 
1 6.2831853071795862 0 0 1 
1 0 0 0 -1 
1 -1.0000000000000007 0.75 0 -1 
1 9.4247779607693793 0.3199999999999994 -1 0 
2 -0.7000000000000004 0.60167490686581671 1 0 -0 1 0.30000000000000004
1 4.9741883681838361 0 0 1 
1 0 0 0 -1 
1 9.4247779607693793 0 -1 0 
2 -0.7000000000000004 0.60167490686581671 1 0 -0 1 0.30000000000000004
1 0 -0.3199999999999994 -1 0 
1 -0.77764571353075573 0.3118971589790962 0.9659258262890692 -0.25881904510251763 
1 -0.83187300325950564 0 0 -1 
1 1.8325957145940415 0 0 1 
1 0 0 -1 0 
1 -0.77764571353075573 0.3118971589790962 0.9659258262890692 -0.25881904510251763 
1 -3.1415926535897887 0 1 0 
2 0 0 1 -4.3368086899420083e-15 -4.3368086899420083e-15 -1 0.1000000000000002
1 -3.1415926535897887 0.3199999999999994 1 0 
2 0 0 1 -4.3368086899420083e-15 -4.3368086899420083e-15 -1 0.1000000000000002
1 0 -0.31999999999999984 -1 0 
1 0.10000000000000001 0 1.3552527156068805e-16 -1 
1 -0.5 0 0 -1 
1 -0.20000000000000001 0 0 -1 
1 0 0 -1 0 
1 0.10000000000000001 0 1.3552527156068805e-16 -1 
1 0 0 0 -1 
1 3.1415926535897931 0 0 1 
1 -0 -0.31999999999999984 -1 0 
1 0.3000000000000001 -0.5 -1 0 
1 0 0 0 -1 
1 -0.5 0 0 -1 
1 0 0 -1 0 
1 0.3000000000000001 -0.5 -1 0 
1 0 -0.31999999999999984 -1 0 
1 0.29999999999999999 0 1.3552527156068805e-16 -1 
1 0 0 0 -1 
1 3.1415926535897931 0 0 1 
1 0 0 -1 0 
1 0.29999999999999999 0 1.3552527156068805e-16 -1 
1 -3.1415926535897918 0.31999999999999984 1 0 
2 0 0 1 -1.4456028966473383e-15 -1.4456028966473383e-15 -1 0.30000000000000021
1 1.8325957145940428 0 0 1 
1 -0.83187300325950586 0 0 -1 
1 -3.1415926535897918 0 1 0 
2 0 0 1 -1.4456028966473383e-15 -1.4456028966473383e-15 -1 0.30000000000000021
1 0 -0.31999999999999984 -1 0 
1 -0.72588190451025225 0.50508232423691002 0.9659258262890692 -0.25881904510251763 
1 0 0 0 -1 
1 4.974188368183837 0 0 1 
1 0 0 -1 0 
1 -0.72588190451025225 0.50508232423691002 0.9659258262890692 -0.25881904510251763 
1 9.4247779607693793 0 -1 0 
2 -0.7000000000000004 0.60167490686581671 1 0 -0 1 0.10000000000000009
1 6.2831853071795862 0 0 1 
1 0 -0.14832509313418329 1 0 
1 9.4247779607693793 0.31999999999999984 -1 0 
2 -0.7000000000000004 0.60167490686581671 1 0 -0 1 0.10000000000000009
1 0.31999999999999984 0 0 -1 
1 -0.80000000000000049 0.75 0 -1 
1 0 0 0 -1 
1 -0.80000000000000049 0.75 0 -1 
1 0.31999999999999984 0 0 -1 
1 -1.0000000000000007 0.75 0 -1 
1 0 -0.14832509313418374 1 0 
1 6.2831853071795862 0 0 1 
1 0 0 0 -1 
1 -1.0000000000000007 0.75 0 -1 
1 9.4247779607693793 0.31999999999999984 -1 0 
2 -0.7000000000000004 0.60167490686581671 1 0 -0 1 0.30000000000000004
1 4.9741883681838361 0 0 1 
1 0 0 0 -1 
1 9.4247779607693793 0 -1 0 
2 -0.7000000000000004 0.60167490686581671 1 0 -0 1 0.30000000000000004
1 0 -0.31999999999999984 -1 0 
1 -0.77764571353075573 0.3118971589790962 0.9659258262890692 -0.25881904510251763 
1 -0.83187300325950564 0 0 -1 
1 1.8325957145940415 0 0 1 
1 0 0 -1 0 
1 -0.77764571353075573 0.3118971589790962 0.9659258262890692 -0.25881904510251763 
1 -3.1415926535897887 0 1 0 
2 0 0 1 -4.3368086899420083e-15 -4.3368086899420083e-15 -1 0.1000000000000002
1 -3.1415926535897887 0.31999999999999984 1 0 
2 0 0 1 -4.3368086899420083e-15 -4.3368086899420083e-15 -1 0.1000000000000002
1 0 -0.31999999999999984 -1 0 
1 0.10000000000000001 0 1.3552527156068805e-16 -1 
1 -0.5 0 0 -1 
1 -0.20000000000000001 0 0 -1 
1 0 0 -1 0 
1 0.10000000000000001 0 1.3552527156068805e-16 -1 
1 0 0 0 -1 
1 3.1415926535897931 0 0 1 
1 -0 -0.31999999999999984 -1 0 
1 0.3000000000000001 -0.5 -1 0 
1 0 0 0 -1 
1 -0.5 0 0 -1 
1 0 0 -1 0 
1 0.3000000000000001 -0.5 -1 0 
1 0 -0.31999999999999984 -1 0 
1 0.29999999999999999 0 1.3552527156068805e-16 -1 
1 0 0 0 -1 
1 3.1415926535897931 0 0 1 
1 0 0 -1 0 
1 0.29999999999999999 0 1.3552527156068805e-16 -1 
1 -3.1415926535897918 0.31999999999999984 1 0 
2 0 0 1 -1.4456028966473383e-15 -1.4456028966473383e-15 -1 0.30000000000000021
1 1.8325957145940428 0 0 1 
1 -0.83187300325950586 0 0 -1 
1 -3.1415926535897918 0 1 0 
2 0 0 1 -1.4456028966473383e-15 -1.4456028966473383e-15 -1 0.30000000000000021
1 0 -0.31999999999999984 -1 0 
1 -0.72588190451025225 0.50508232423691002 0.9659258262890692 -0.25881904510251763 
1 0 0 0 -1 
1 4.974188368183837 0 0 1 
1 0 0 -1 0 
1 -0.72588190451025225 0.50508232423691002 0.9659258262890692 -0.25881904510251763 
1 9.4247779607693793 0 -1 0 
2 -0.7000000000000004 0.60167490686581671 1 0 -0 1 0.10000000000000009
1 6.2831853071795862 0 0 1 
1 0 -0.14832509313418329 1 0 
1 9.4247779607693793 0.31999999999999984 -1 0 
2 -0.7000000000000004 0.60167490686581671 1 0 -0 1 0.10000000000000009
1 0.31999999999999984 0 0 -1 
1 -0.80000000000000049 0.75 0 -1 
1 0 0 0 -1 
1 -0.80000000000000049 0.75 0 -1 
1 0.31999999999999984 0 0 -1 
1 -1.0000000000000007 0.75 0 -1 
1 0 -0.14832509313418374 1 0 
1 6.2831853071795862 0 0 1 
1 0 0 0 -1 
1 -1.0000000000000007 0.75 0 -1 
1 9.4247779607693793 0.31999999999999984 -1 0 
2 -0.7000000000000004 0.60167490686581671 1 0 -0 1 0.30000000000000004
1 4.9741883681838361 0 0 1 
1 0 0 0 -1 
1 9.4247779607693793 0 -1 0 
2 -0.7000000000000004 0.60167490686581671 1 0 -0 1 0.30000000000000004
1 0 -0.31999999999999984 -1 0 
1 -0.77764571353075573 0.3118971589790962 0.9659258262890692 -0.25881904510251763 
1 -0.83187300325950564 0 0 -1 
1 1.8325957145940415 0 0 1 
1 0 0 -1 0 
1 -0.77764571353075573 0.3118971589790962 0.9659258262890692 -0.25881904510251763 
1 -3.1415926535897887 0 1 0 
2 0 0 1 -4.3368086899420083e-15 -4.3368086899420083e-15 -1 0.1000000000000002
1 -3.1415926535897887 0.31999999999999984 1 0 
2 0 0 1 -4.3368086899420083e-15 -4.3368086899420083e-15 -1 0.1000000000000002
1 0 -0.31999999999999984 -1 0 
1 0.10000000000000001 0 1.3552527156068805e-16 -1 
1 -0.5 0 0 -1 
1 -0.20000000000000001 0 0 -1 
1 0 0 -1 0 
1 0.10000000000000001 0 1.3552527156068805e-16 -1 
1 0 0 0 -1 
1 3.1415926535897931 0 0 1 
1 -0 -0.31999999999999984 -1 0 
1 0.3000000000000001 -0.5 -1 0 
1 0 0 0 -1 
1 -0.5 0 0 -1 
1 0 0 -1 0 
1 0.3000000000000001 -0.5 -1 0 
1 0 -0.31999999999999984 -1 0 
1 0.29999999999999999 0 1.3552527156068805e-16 -1 
1 0 0 0 -1 
1 3.1415926535897931 0 0 1 
1 0 0 -1 0 
1 0.29999999999999999 0 1.3552527156068805e-16 -1 
1 -3.1415926535897918 0.31999999999999984 1 0 
2 0 0 1 -1.4456028966473383e-15 -1.4456028966473383e-15 -1 0.30000000000000021
1 1.8325957145940428 0 0 1 
1 -0.83187300325950586 0 0 -1 
1 -3.1415926535897918 0 1 0 
2 0 0 1 -1.4456028966473383e-15 -1.4456028966473383e-15 -1 0.30000000000000021
1 0 -0.31999999999999984 -1 0 
1 -0.72588190451025225 0.50508232423691002 0.9659258262890692 -0.25881904510251763 
1 0 0 0 -1 
1 4.974188368183837 0 0 1 
1 0 0 -1 0 
1 -0.72588190451025225 0.50508232423691002 0.9659258262890692 -0.25881904510251763 
1 9.4247779607693793 0 -1 0 
2 -0.7000000000000004 0.60167490686581671 1 0 -0 1 0.10000000000000009
1 6.2831853071795862 0 0 1 
1 0 -0.14832509313418329 1 0 
1 9.4247779607693793 0.31999999999999984 -1 0 
2 -0.7000000000000004 0.60167490686581671 1 0 -0 1 0.10000000000000009
1 0.31999999999999984 0 0 -1 
1 -0.80000000000000049 0.75 0 -1 
1 0 0 0 -1 
1 -0.80000000000000049 0.75 0 -1 
1 0.31999999999999984 0 0 -1 
1 -1.0000000000000007 0.75 0 -1 
1 0 -0.14832509313418374 1 0 
1 6.2831853071795862 0 0 1 
1 0 0 0 -1 
1 -1.0000000000000007 0.75 0 -1 
1 9.4247779607693793 0.31999999999999984 -1 0 
2 -0.7000000000000004 0.60167490686581671 1 0 -0 1 0.30000000000000004
1 4.9741883681838361 0 0 1 
1 0 0 0 -1 
1 9.4247779607693793 0 -1 0 
2 -0.7000000000000004 0.60167490686581671 1 0 -0 1 0.30000000000000004
1 0 -0.31999999999999984 -1 0 
1 -0.77764571353075573 0.3118971589790962 0.9659258262890692 -0.25881904510251763 
1 -0.83187300325950564 0 0 -1 
1 1.8325957145940415 0 0 1 
1 0 0 -1 0 
1 -0.77764571353075573 0.3118971589790962 0.9659258262890692 -0.25881904510251763 
1 -3.1415926535897887 0 1 0 
2 0 0 1 -4.3368086899420083e-15 -4.3368086899420083e-15 -1 0.1000000000000002
1 -3.1415926535897887 0.31999999999999984 1 0 
2 0 0 1 -4.3368086899420083e-15 -4.3368086899420083e-15 -1 0.1000000000000002
1 0 -0.32000000000000006 -1 0 
1 0.10000000000000001 0 1.3552527156068805e-16 -1 
1 -0.5 0 0 -1 
1 -0.20000000000000001 0 0 -1 
1 0 0 -1 0 
1 0.10000000000000001 0 1.3552527156068805e-16 -1 
1 0 0 0 -1 
1 3.1415926535897931 0 0 1 
1 -0 -0.32000000000000006 -1 0 
1 0.3000000000000001 -0.5 -1 0 
1 0 0 0 -1 
1 -0.5 0 0 -1 
1 0 0 -1 0 
1 0.3000000000000001 -0.5 -1 0 
1 0 -0.32000000000000006 -1 0 
1 0.29999999999999999 0 1.3552527156068805e-16 -1 
1 0 0 0 -1 
1 3.1415926535897931 0 0 1 
1 0 0 -1 0 
1 0.29999999999999999 0 1.3552527156068805e-16 -1 
1 -3.1415926535897918 0.32000000000000006 1 0 
2 0 0 1 -1.4456028966473383e-15 -1.4456028966473383e-15 -1 0.30000000000000021
1 1.8325957145940428 0 0 1 
1 -0.83187300325950586 0 0 -1 
1 -3.1415926535897918 0 1 0 
2 0 0 1 -1.4456028966473383e-15 -1.4456028966473383e-15 -1 0.30000000000000021
1 0 -0.32000000000000006 -1 0 
1 -0.72588190451025225 0.50508232423691002 0.9659258262890692 -0.25881904510251763 
1 0 0 0 -1 
1 4.974188368183837 0 0 1 
1 0 0 -1 0 
1 -0.72588190451025225 0.50508232423691002 0.9659258262890692 -0.25881904510251763 
1 9.4247779607693793 0 -1 0 
2 -0.7000000000000004 0.60167490686581671 1 0 -0 1 0.10000000000000009
1 6.2831853071795862 0 0 1 
1 0 -0.14832509313418329 1 0 
1 9.4247779607693793 0.32000000000000006 -1 0 
2 -0.7000000000000004 0.60167490686581671 1 0 -0 1 0.10000000000000009
1 0.32000000000000006 0 0 -1 
1 -0.80000000000000049 0.75 0 -1 
1 0 0 0 -1 
1 -0.80000000000000049 0.75 0 -1 
1 0.32000000000000006 0 0 -1 
1 -1.0000000000000007 0.75 0 -1 
1 0 -0.14832509313418374 1 0 
1 6.2831853071795862 0 0 1 
1 0 0 0 -1 
1 -1.0000000000000007 0.75 0 -1 
1 9.4247779607693793 0.32000000000000006 -1 0 
2 -0.7000000000000004 0.60167490686581671 1 0 -0 1 0.30000000000000004
1 4.9741883681838361 0 0 1 
1 0 0 0 -1 
1 9.4247779607693793 0 -1 0 
2 -0.7000000000000004 0.60167490686581671 1 0 -0 1 0.30000000000000004
1 0 -0.32000000000000006 -1 0 
1 -0.77764571353075573 0.3118971589790962 0.9659258262890692 -0.25881904510251763 
1 -0.83187300325950564 0 0 -1 
1 1.8325957145940415 0 0 1 
1 0 0 -1 0 
1 -0.77764571353075573 0.3118971589790962 0.9659258262890692 -0.25881904510251763 
1 -3.1415926535897887 0 1 0 
2 0 0 1 -4.3368086899420083e-15 -4.3368086899420083e-15 -1 0.1000000000000002
1 -3.1415926535897887 0.32000000000000006 1 0 
2 0 0 1 -4.3368086899420083e-15 -4.3368086899420083e-15 -1 0.1000000000000002
1 0 -0.32000000000000006 -1 0 
1 0.10000000000000001 0 1.3552527156068805e-16 -1 
1 -0.5 0 0 -1 
1 -0.20000000000000001 0 0 -1 
1 0 0 -1 0 
1 0.10000000000000001 0 1.3552527156068805e-16 -1 
1 0 0 0 -1 
1 3.1415926535897931 0 0 1 
1 -0 -0.32000000000000006 -1 0 
1 0.3000000000000001 -0.5 -1 0 
1 0 0 0 -1 
1 -0.5 0 0 -1 
1 0 0 -1 0 
1 0.3000000000000001 -0.5 -1 0 
1 0 -0.32000000000000006 -1 0 
1 0.29999999999999999 0 1.3552527156068805e-16 -1 
1 0 0 0 -1 
1 3.1415926535897931 0 0 1 
1 0 0 -1 0 
1 0.29999999999999999 0 1.3552527156068805e-16 -1 
1 -3.1415926535897918 0.32000000000000006 1 0 
2 0 0 1 -1.4456028966473383e-15 -1.4456028966473383e-15 -1 0.30000000000000021
1 1.8325957145940428 0 0 1 
1 -0.83187300325950586 0 0 -1 
1 -3.1415926535897918 0 1 0 
2 0 0 1 -1.4456028966473383e-15 -1.4456028966473383e-15 -1 0.30000000000000021
1 0 -0.32000000000000006 -1 0 
1 -0.72588190451025225 0.50508232423691002 0.9659258262890692 -0.25881904510251763 
1 0 0 0 -1 
1 4.974188368183837 0 0 1 
1 0 0 -1 0 
1 -0.72588190451025225 0.50508232423691002 0.9659258262890692 -0.25881904510251763 
1 9.4247779607693793 0 -1 0 
2 -0.7000000000000004 0.60167490686581671 1 0 -0 1 0.10000000000000009
1 6.2831853071795862 0 0 1 
1 0 -0.14832509313418329 1 0 
1 9.4247779607693793 0.32000000000000006 -1 0 
2 -0.7000000000000004 0.60167490686581671 1 0 -0 1 0.10000000000000009
1 0.32000000000000006 0 0 -1 
1 -0.80000000000000049 0.75 0 -1 
1 0 0 0 -1 
1 -0.80000000000000049 0.75 0 -1 
1 0.32000000000000006 0 0 -1 
1 -1.0000000000000007 0.75 0 -1 
1 0 -0.14832509313418374 1 0 
1 6.2831853071795862 0 0 1 
1 0 0 0 -1 
1 -1.0000000000000007 0.75 0 -1 
1 9.4247779607693793 0.32000000000000006 -1 0 
2 -0.7000000000000004 0.60167490686581671 1 0 -0 1 0.30000000000000004
1 4.9741883681838361 0 0 1 
1 0 0 0 -1 
1 9.4247779607693793 0 -1 0 
2 -0.7000000000000004 0.60167490686581671 1 0 -0 1 0.30000000000000004
1 0 -0.32000000000000006 -1 0 
1 -0.77764571353075573 0.3118971589790962 0.9659258262890692 -0.25881904510251763 
1 -0.83187300325950564 0 0 -1 
1 1.8325957145940415 0 0 1 
1 0 0 -1 0 
1 -0.77764571353075573 0.3118971589790962 0.9659258262890692 -0.25881904510251763 
1 -3.1415926535897887 0 1 0 
2 0 0 1 -4.3368086899420083e-15 -4.3368086899420083e-15 -1 0.1000000000000002
1 -3.1415926535897887 0.32000000000000006 1 0 
2 0 0 1 -4.3368086899420083e-15 -4.3368086899420083e-15 -1 0.1000000000000002
1 0 -0.32000000000000001 -1 0 
1 0.10000000000000001 0 1.3552527156068805e-16 -1 
1 -0.5 0 0 -1 
1 -0.20000000000000001 0 0 -1 
1 0 0 -1 0 
1 0.10000000000000001 0 1.3552527156068805e-16 -1 
1 0 0 0 -1 
1 3.1415926535897931 0 0 1 
1 -0 -0.32000000000000001 -1 0 
1 0.3000000000000001 -0.5 -1 0 
1 0 0 0 -1 
1 -0.5 0 0 -1 
1 0 0 -1 0 
1 0.3000000000000001 -0.5 -1 0 
1 0 -0.32000000000000001 -1 0 
1 0.29999999999999999 0 1.3552527156068805e-16 -1 
1 0 0 0 -1 
1 3.1415926535897931 0 0 1 
1 0 0 -1 0 
1 0.29999999999999999 0 1.3552527156068805e-16 -1 
1 -3.1415926535897918 0.32000000000000001 1 0 
2 0 0 1 -1.4456028966473383e-15 -1.4456028966473383e-15 -1 0.30000000000000021
1 1.8325957145940428 0 0 1 
1 -0.83187300325950586 0 0 -1 
1 -3.1415926535897918 0 1 0 
2 0 0 1 -1.4456028966473383e-15 -1.4456028966473383e-15 -1 0.30000000000000021
1 0 -0.32000000000000001 -1 0 
1 -0.72588190451025225 0.50508232423691002 0.9659258262890692 -0.25881904510251763 
1 0 0 0 -1 
1 4.974188368183837 0 0 1 
1 0 0 -1 0 
1 -0.72588190451025225 0.50508232423691002 0.9659258262890692 -0.25881904510251763 
1 9.4247779607693793 0 -1 0 
2 -0.7000000000000004 0.60167490686581671 1 0 -0 1 0.10000000000000009
1 6.2831853071795862 0 0 1 
1 0 -0.14832509313418329 1 0 
1 9.4247779607693793 0.32000000000000001 -1 0 
2 -0.7000000000000004 0.60167490686581671 1 0 -0 1 0.10000000000000009
1 0.32000000000000001 0 0 -1 
1 -0.80000000000000049 0.75 0 -1 
1 0 0 0 -1 
1 -0.80000000000000049 0.75 0 -1 
1 0.32000000000000001 0 0 -1 
1 -1.0000000000000007 0.75 0 -1 
1 0 -0.14832509313418374 1 0 
1 6.2831853071795862 0 0 1 
1 0 0 0 -1 
1 -1.0000000000000007 0.75 0 -1 
1 9.4247779607693793 0.32000000000000001 -1 0 
2 -0.7000000000000004 0.60167490686581671 1 0 -0 1 0.30000000000000004
1 4.9741883681838361 0 0 1 
1 0 0 0 -1 
1 9.4247779607693793 0 -1 0 
2 -0.7000000000000004 0.60167490686581671 1 0 -0 1 0.30000000000000004
1 0 -0.32000000000000001 -1 0 
1 -0.77764571353075573 0.3118971589790962 0.9659258262890692 -0.25881904510251763 
1 -0.83187300325950564 0 0 -1 
1 1.8325957145940415 0 0 1 
1 0 0 -1 0 
1 -0.77764571353075573 0.3118971589790962 0.9659258262890692 -0.25881904510251763 
1 -3.1415926535897887 0 1 0 
2 0 0 1 -4.3368086899420083e-15 -4.3368086899420083e-15 -1 0.1000000000000002
1 -3.1415926535897887 0.32000000000000001 1 0 
2 0 0 1 -4.3368086899420083e-15 -4.3368086899420083e-15 -1 0.1000000000000002
1 0 -0.32000000000000001 -1 0 
1 0.10000000000000001 0 1.3552527156068805e-16 -1 
1 -0.5 0 0 -1 
1 -0.20000000000000001 0 0 -1 
1 0 0 -1 0 
1 0.10000000000000001 0 1.3552527156068805e-16 -1 
1 0 0 0 -1 
1 3.1415926535897931 0 0 1 
1 -0 -0.32000000000000001 -1 0 
1 0.3000000000000001 -0.5 -1 0 
1 0 0 0 -1 
1 -0.5 0 0 -1 
1 0 0 -1 0 
1 0.3000000000000001 -0.5 -1 0 
1 0 -0.32000000000000001 -1 0 
1 0.29999999999999999 0 1.3552527156068805e-16 -1 
1 0 0 0 -1 
1 3.1415926535897931 0 0 1 
1 0 0 -1 0 
1 0.29999999999999999 0 1.3552527156068805e-16 -1 
1 -3.1415926535897918 0.32000000000000001 1 0 
2 0 0 1 -1.4456028966473383e-15 -1.4456028966473383e-15 -1 0.30000000000000021
1 1.8325957145940428 0 0 1 
1 -0.83187300325950586 0 0 -1 
1 -3.1415926535897918 0 1 0 
2 0 0 1 -1.4456028966473383e-15 -1.4456028966473383e-15 -1 0.30000000000000021
1 0 -0.32000000000000001 -1 0 
1 -0.72588190451025225 0.50508232423691002 0.9659258262890692 -0.25881904510251763 
1 0 0 0 -1 
1 4.974188368183837 0 0 1 
1 0 0 -1 0 
1 -0.72588190451025225 0.50508232423691002 0.9659258262890692 -0.25881904510251763 
1 9.4247779607693793 0 -1 0 
2 -0.7000000000000004 0.60167490686581671 1 0 -0 1 0.10000000000000009
1 6.2831853071795862 0 0 1 
1 0 -0.14832509313418329 1 0 
1 9.4247779607693793 0.32000000000000001 -1 0 
2 -0.7000000000000004 0.60167490686581671 1 0 -0 1 0.10000000000000009
1 0.32000000000000001 0 0 -1 
1 -0.80000000000000049 0.75 0 -1 
1 0 0 0 -1 
1 -0.80000000000000049 0.75 0 -1 
1 0.32000000000000001 0 0 -1 
1 -1.0000000000000007 0.75 0 -1 
1 0 -0.14832509313418374 1 0 
1 6.2831853071795862 0 0 1 
1 0 0 0 -1 
1 -1.0000000000000007 0.75 0 -1 
1 9.4247779607693793 0.32000000000000001 -1 0 
2 -0.7000000000000004 0.60167490686581671 1 0 -0 1 0.30000000000000004
1 4.9741883681838361 0 0 1 
1 0 0 0 -1 
1 9.4247779607693793 0 -1 0 
2 -0.7000000000000004 0.60167490686581671 1 0 -0 1 0.30000000000000004
1 0 -0.32000000000000001 -1 0 
1 -0.77764571353075573 0.3118971589790962 0.9659258262890692 -0.25881904510251763 
1 -0.83187300325950564 0 0 -1 
1 1.8325957145940415 0 0 1 
1 0 0 -1 0 
1 -0.77764571353075573 0.3118971589790962 0.9659258262890692 -0.25881904510251763 
1 -3.1415926535897887 0 1 0 
2 0 0 1 -4.3368086899420083e-15 -4.3368086899420083e-15 -1 0.1000000000000002
1 -3.1415926535897887 0.32000000000000001 1 0 
2 0 0 1 -4.3368086899420083e-15 -4.3368086899420083e-15 -1 0.1000000000000002
1 0 -0.32000000000000006 -1 0 
1 0.10000000000000001 0 1.3552527156068805e-16 -1 
1 -0.5 0 0 -1 
1 -0.20000000000000001 0 0 -1 
1 0 0 -1 0 
1 0.10000000000000001 0 1.3552527156068805e-16 -1 
1 0 0 0 -1 
1 3.1415926535897931 0 0 1 
1 -0 -0.32000000000000006 -1 0 
1 0.3000000000000001 -0.5 -1 0 
1 0 0 0 -1 
1 -0.5 0 0 -1 
1 0 0 -1 0 
1 0.3000000000000001 -0.5 -1 0 
1 0 -0.32000000000000006 -1 0 
1 0.29999999999999999 0 1.3552527156068805e-16 -1 
1 0 0 0 -1 
1 3.1415926535897931 0 0 1 
1 0 0 -1 0 
1 0.29999999999999999 0 1.3552527156068805e-16 -1 
1 -3.1415926535897918 0.32000000000000006 1 0 
2 0 0 1 -1.4456028966473383e-15 -1.4456028966473383e-15 -1 0.30000000000000021
1 1.8325957145940428 0 0 1 
1 -0.83187300325950586 0 0 -1 
1 -3.1415926535897918 0 1 0 
2 0 0 1 -1.4456028966473383e-15 -1.4456028966473383e-15 -1 0.30000000000000021
1 0 -0.32000000000000006 -1 0 
1 -0.72588190451025225 0.50508232423691002 0.9659258262890692 -0.25881904510251763 
1 0 0 0 -1 
1 4.974188368183837 0 0 1 
1 0 0 -1 0 
1 -0.72588190451025225 0.50508232423691002 0.9659258262890692 -0.25881904510251763 
1 9.4247779607693793 0 -1 0 
2 -0.7000000000000004 0.60167490686581671 1 0 -0 1 0.10000000000000009
1 6.2831853071795862 0 0 1 
1 0 -0.14832509313418329 1 0 
1 9.4247779607693793 0.32000000000000006 -1 0 
2 -0.7000000000000004 0.60167490686581671 1 0 -0 1 0.10000000000000009
1 0.32000000000000006 0 0 -1 
1 -0.80000000000000049 0.75 0 -1 
1 0 0 0 -1 
1 -0.80000000000000049 0.75 0 -1 
1 0.32000000000000006 0 0 -1 
1 -1.0000000000000007 0.75 0 -1 
1 0 -0.14832509313418374 1 0 
1 6.2831853071795862 0 0 1 
1 0 0 0 -1 
1 -1.0000000000000007 0.75 0 -1 
1 9.4247779607693793 0.32000000000000006 -1 0 
2 -0.7000000000000004 0.60167490686581671 1 0 -0 1 0.30000000000000004
1 4.9741883681838361 0 0 1 
1 0 0 0 -1 
1 9.4247779607693793 0 -1 0 
2 -0.7000000000000004 0.60167490686581671 1 0 -0 1 0.30000000000000004
1 0 -0.32000000000000006 -1 0 
1 -0.77764571353075573 0.3118971589790962 0.9659258262890692 -0.25881904510251763 
1 -0.83187300325950564 0 0 -1 
1 1.8325957145940415 0 0 1 
1 0 0 -1 0 
1 -0.77764571353075573 0.3118971589790962 0.9659258262890692 -0.25881904510251763 
1 -3.1415926535897887 0 1 0 
2 0 0 1 -4.3368086899420083e-15 -4.3368086899420083e-15 -1 0.1000000000000002
1 -3.1415926535897887 0.32000000000000006 1 0 
2 0 0 1 -4.3368086899420083e-15 -4.3368086899420083e-15 -1 0.1000000000000002
1 0 -0.32000000000000006 -1 0 
1 0.10000000000000001 0 1.3552527156068805e-16 -1 
1 -0.5 0 0 -1 
1 -0.20000000000000001 0 0 -1 
1 0 0 -1 0 
1 0.10000000000000001 0 1.3552527156068805e-16 -1 
1 0 0 0 -1 
1 3.1415926535897931 0 0 1 
1 -0 -0.32000000000000006 -1 0 
1 0.3000000000000001 -0.5 -1 0 
1 0 0 0 -1 
1 -0.5 0 0 -1 
1 0 0 -1 0 
1 0.3000000000000001 -0.5 -1 0 
1 0 -0.32000000000000006 -1 0 
1 0.29999999999999999 0 1.3552527156068805e-16 -1 
1 0 0 0 -1 
1 3.1415926535897931 0 0 1 
1 0 0 -1 0 
1 0.29999999999999999 0 1.3552527156068805e-16 -1 
1 -3.1415926535897918 0.32000000000000006 1 0 
2 0 0 1 -1.4456028966473383e-15 -1.4456028966473383e-15 -1 0.30000000000000021
1 1.8325957145940428 0 0 1 
1 -0.83187300325950586 0 0 -1 
1 -3.1415926535897918 0 1 0 
2 0 0 1 -1.4456028966473383e-15 -1.4456028966473383e-15 -1 0.30000000000000021
1 0 -0.32000000000000006 -1 0 
1 -0.72588190451025225 0.50508232423691002 0.9659258262890692 -0.25881904510251763 
1 0 0 0 -1 
1 4.974188368183837 0 0 1 
1 0 0 -1 0 
1 -0.72588190451025225 0.50508232423691002 0.9659258262890692 -0.25881904510251763 
1 9.4247779607693793 0 -1 0 
2 -0.7000000000000004 0.60167490686581671 1 0 -0 1 0.10000000000000009
1 6.2831853071795862 0 0 1 
1 0 -0.14832509313418329 1 0 
1 9.4247779607693793 0.32000000000000006 -1 0 
2 -0.7000000000000004 0.60167490686581671 1 0 -0 1 0.10000000000000009
1 0.32000000000000006 0 0 -1 
1 -0.80000000000000049 0.75 0 -1 
1 0 0 0 -1 
1 -0.80000000000000049 0.75 0 -1 
1 0.32000000000000006 0 0 -1 
1 -1.0000000000000007 0.75 0 -1 
1 0 -0.14832509313418374 1 0 
1 6.2831853071795862 0 0 1 
1 0 0 0 -1 
1 -1.0000000000000007 0.75 0 -1 
1 9.4247779607693793 0.32000000000000006 -1 0 
2 -0.7000000000000004 0.60167490686581671 1 0 -0 1 0.30000000000000004
1 4.9741883681838361 0 0 1 
1 0 0 0 -1 
1 9.4247779607693793 0 -1 0 
2 -0.7000000000000004 0.60167490686581671 1 0 -0 1 0.30000000000000004
1 0 -0.32000000000000006 -1 0 
1 -0.77764571353075573 0.3118971589790962 0.9659258262890692 -0.25881904510251763 
1 -0.83187300325950564 0 0 -1 
1 1.8325957145940415 0 0 1 
1 0 0 -1 0 
1 -0.77764571353075573 0.3118971589790962 0.9659258262890692 -0.25881904510251763 
1 -3.1415926535897887 0 1 0 
2 0 0 1 -4.3368086899420083e-15 -4.3368086899420083e-15 -1 0.1000000000000002
1 -3.1415926535897887 0.32000000000000006 1 0 
2 0 0 1 -4.3368086899420083e-15 -4.3368086899420083e-15 -1 0.1000000000000002
1 0 -0.31999999999999984 -1 0 
1 0.10000000000000001 0 1.3552527156068805e-16 -1 
1 -0.5 0 0 -1 
1 -0.20000000000000001 0 0 -1 
1 0 0 -1 0 
1 0.10000000000000001 0 1.3552527156068805e-16 -1 
1 0 0 0 -1 
1 3.1415926535897931 0 0 1 
1 -0 -0.31999999999999984 -1 0 
1 0.3000000000000001 -0.5 -1 0 
1 0 0 0 -1 
1 -0.5 0 0 -1 
1 0 0 -1 0 
1 0.3000000000000001 -0.5 -1 0 
1 0 -0.31999999999999984 -1 0 
1 0.29999999999999999 0 1.3552527156068805e-16 -1 
1 0 0 0 -1 
1 3.1415926535897931 0 0 1 
1 0 0 -1 0 
1 0.29999999999999999 0 1.3552527156068805e-16 -1 
1 -3.1415926535897918 0.31999999999999984 1 0 
2 0 0 1 -1.4456028966473383e-15 -1.4456028966473383e-15 -1 0.30000000000000021
1 1.8325957145940428 0 0 1 
1 -0.83187300325950586 0 0 -1 
1 -3.1415926535897918 0 1 0 
2 0 0 1 -1.4456028966473383e-15 -1.4456028966473383e-15 -1 0.30000000000000021
1 0 -0.31999999999999984 -1 0 
1 -0.72588190451025225 0.50508232423691002 0.9659258262890692 -0.25881904510251763 
1 0 0 0 -1 
1 4.974188368183837 0 0 1 
1 0 0 -1 0 
1 -0.72588190451025225 0.50508232423691002 0.9659258262890692 -0.25881904510251763 
1 9.4247779607693793 0 -1 0 
2 -0.7000000000000004 0.60167490686581671 1 0 -0 1 0.10000000000000009
1 6.2831853071795862 0 0 1 
1 0 -0.14832509313418329 1 0 
1 9.4247779607693793 0.31999999999999984 -1 0 
2 -0.7000000000000004 0.60167490686581671 1 0 -0 1 0.10000000000000009
1 0.31999999999999984 0 0 -1 
1 -0.80000000000000049 0.75 0 -1 
1 0 0 0 -1 
1 -0.80000000000000049 0.75 0 -1 
1 0.31999999999999984 0 0 -1 
1 -1.0000000000000007 0.75 0 -1 
1 0 -0.14832509313418374 1 0 
1 6.2831853071795862 0 0 1 
1 0 0 0 -1 
1 -1.0000000000000007 0.75 0 -1 
1 9.4247779607693793 0.31999999999999984 -1 0 
2 -0.7000000000000004 0.60167490686581671 1 0 -0 1 0.30000000000000004
1 4.9741883681838361 0 0 1 
1 0 0 0 -1 
1 9.4247779607693793 0 -1 0 
2 -0.7000000000000004 0.60167490686581671 1 0 -0 1 0.30000000000000004
1 0 -0.31999999999999984 -1 0 
1 -0.77764571353075573 0.3118971589790962 0.9659258262890692 -0.25881904510251763 
1 -0.83187300325950564 0 0 -1 
1 1.8325957145940415 0 0 1 
1 0 0 -1 0 
1 -0.77764571353075573 0.3118971589790962 0.9659258262890692 -0.25881904510251763 
1 -3.1415926535897887 0 1 0 
2 0 0 1 -4.3368086899420083e-15 -4.3368086899420083e-15 -1 0.1000000000000002
1 -3.1415926535897887 0.31999999999999984 1 0 
2 0 0 1 -4.3368086899420083e-15 -4.3368086899420083e-15 -1 0.1000000000000002
1 0 -0.31999999999999984 -1 0 
1 0.10000000000000001 0 1.3552527156068805e-16 -1 
1 -0.5 0 0 -1 
1 -0.20000000000000001 0 0 -1 
1 0 0 -1 0 
1 0.10000000000000001 0 1.3552527156068805e-16 -1 
1 0 0 0 -1 
1 3.1415926535897931 0 0 1 
1 -0 -0.31999999999999984 -1 0 
1 0.3000000000000001 -0.5 -1 0 
1 0 0 0 -1 
1 -0.5 0 0 -1 
1 0 0 -1 0 
1 0.3000000000000001 -0.5 -1 0 
1 0 -0.31999999999999984 -1 0 
1 0.29999999999999999 0 1.3552527156068805e-16 -1 
1 0 0 0 -1 
1 3.1415926535897931 0 0 1 
1 0 0 -1 0 
1 0.29999999999999999 0 1.3552527156068805e-16 -1 
1 -3.1415926535897918 0.31999999999999984 1 0 
2 0 0 1 -1.4456028966473383e-15 -1.4456028966473383e-15 -1 0.30000000000000021
1 1.8325957145940428 0 0 1 
1 -0.83187300325950586 0 0 -1 
1 -3.1415926535897918 0 1 0 
2 0 0 1 -1.4456028966473383e-15 -1.4456028966473383e-15 -1 0.30000000000000021
1 0 -0.31999999999999984 -1 0 
1 -0.72588190451025225 0.50508232423691002 0.9659258262890692 -0.25881904510251763 
1 0 0 0 -1 
1 4.974188368183837 0 0 1 
1 0 0 -1 0 
1 -0.72588190451025225 0.50508232423691002 0.9659258262890692 -0.25881904510251763 
1 9.4247779607693793 0 -1 0 
2 -0.7000000000000004 0.60167490686581671 1 0 -0 1 0.10000000000000009
1 6.2831853071795862 0 0 1 
1 0 -0.14832509313418329 1 0 
1 9.4247779607693793 0.31999999999999984 -1 0 
2 -0.7000000000000004 0.60167490686581671 1 0 -0 1 0.10000000000000009
1 0.31999999999999984 0 0 -1 
1 -0.80000000000000049 0.75 0 -1 
1 0 0 0 -1 
1 -0.80000000000000049 0.75 0 -1 
1 0.31999999999999984 0 0 -1 
1 -1.0000000000000007 0.75 0 -1 
1 0 -0.14832509313418374 1 0 
1 6.2831853071795862 0 0 1 
1 0 0 0 -1 
1 -1.0000000000000007 0.75 0 -1 
1 9.4247779607693793 0.31999999999999984 -1 0 
2 -0.7000000000000004 0.60167490686581671 1 0 -0 1 0.30000000000000004
1 4.9741883681838361 0 0 1 
1 0 0 0 -1 
1 9.4247779607693793 0 -1 0 
2 -0.7000000000000004 0.60167490686581671 1 0 -0 1 0.30000000000000004
1 0 -0.31999999999999984 -1 0 
1 -0.77764571353075573 0.3118971589790962 0.9659258262890692 -0.25881904510251763 
1 -0.83187300325950564 0 0 -1 
1 1.8325957145940415 0 0 1 
1 0 0 -1 0 
1 -0.77764571353075573 0.3118971589790962 0.9659258262890692 -0.25881904510251763 
1 -3.1415926535897887 0 1 0 
2 0 0 1 -4.3368086899420083e-15 -4.3368086899420083e-15 -1 0.1000000000000002
1 -3.1415926535897887 0.31999999999999984 1 0 
2 0 0 1 -4.3368086899420083e-15 -4.3368086899420083e-15 -1 0.1000000000000002
1 0 -0.31999999999999984 -1 0 
1 0.10000000000000001 0 1.3552527156068805e-16 -1 
1 -0.5 0 0 -1 
1 -0.20000000000000001 0 0 -1 
1 0 0 -1 0 
1 0.10000000000000001 0 1.3552527156068805e-16 -1 
1 0 0 0 -1 
1 3.1415926535897931 0 0 1 
1 -0 -0.31999999999999984 -1 0 
1 0.3000000000000001 -0.5 -1 0 
1 0 0 0 -1 
1 -0.5 0 0 -1 
1 0 0 -1 0 
1 0.3000000000000001 -0.5 -1 0 
1 0 -0.31999999999999984 -1 0 
1 0.29999999999999999 0 1.3552527156068805e-16 -1 
1 0 0 0 -1 
1 3.1415926535897931 0 0 1 
1 0 0 -1 0 
1 0.29999999999999999 0 1.3552527156068805e-16 -1 
1 -3.1415926535897918 0.31999999999999984 1 0 
2 0 0 1 -1.4456028966473383e-15 -1.4456028966473383e-15 -1 0.30000000000000021
1 1.8325957145940428 0 0 1 
1 -0.83187300325950586 0 0 -1 
1 -3.1415926535897918 0 1 0 
2 0 0 1 -1.4456028966473383e-15 -1.4456028966473383e-15 -1 0.30000000000000021
1 0 -0.31999999999999984 -1 0 
1 -0.72588190451025225 0.50508232423691002 0.9659258262890692 -0.25881904510251763 
1 0 0 0 -1 
1 4.974188368183837 0 0 1 
1 0 0 -1 0 
1 -0.72588190451025225 0.50508232423691002 0.9659258262890692 -0.25881904510251763 
1 9.4247779607693793 0 -1 0 
2 -0.7000000000000004 0.60167490686581671 1 0 -0 1 0.10000000000000009
1 6.2831853071795862 0 0 1 
1 0 -0.14832509313418329 1 0 
1 9.4247779607693793 0.31999999999999984 -1 0 
2 -0.7000000000000004 0.60167490686581671 1 0 -0 1 0.10000000000000009
1 0.31999999999999984 0 0 -1 
1 -0.80000000000000049 0.75 0 -1 
1 0 0 0 -1 
1 -0.80000000000000049 0.75 0 -1 
1 0.31999999999999984 0 0 -1 
1 -1.0000000000000007 0.75 0 -1 
1 0 -0.14832509313418374 1 0 
1 6.2831853071795862 0 0 1 
1 0 0 0 -1 
1 -1.0000000000000007 0.75 0 -1 
1 9.4247779607693793 0.31999999999999984 -1 0 
2 -0.7000000000000004 0.60167490686581671 1 0 -0 1 0.30000000000000004
1 4.9741883681838361 0 0 1 
1 0 0 0 -1 
1 9.4247779607693793 0 -1 0 
2 -0.7000000000000004 0.60167490686581671 1 0 -0 1 0.30000000000000004
1 0 -0.31999999999999984 -1 0 
1 -0.77764571353075573 0.3118971589790962 0.9659258262890692 -0.25881904510251763 
1 -0.83187300325950564 0 0 -1 
1 1.8325957145940415 0 0 1 
1 0 0 -1 0 
1 -0.77764571353075573 0.3118971589790962 0.9659258262890692 -0.25881904510251763 
1 -3.1415926535897887 0 1 0 
2 0 0 1 -4.3368086899420083e-15 -4.3368086899420083e-15 -1 0.1000000000000002
1 -3.1415926535897887 0.31999999999999984 1 0 
2 0 0 1 -4.3368086899420083e-15 -4.3368086899420083e-15 -1 0.1000000000000002
1 0 -0.3199999999999994 -1 0 
1 0.10000000000000001 0 1.3552527156068805e-16 -1 
1 -0.5 0 0 -1 
1 -0.20000000000000001 0 0 -1 
1 0 0 -1 0 
1 0.10000000000000001 0 1.3552527156068805e-16 -1 
1 0 0 0 -1 
1 3.1415926535897931 0 0 1 
1 -0 -0.3199999999999994 -1 0 
1 0.3000000000000001 -0.5 -1 0 
1 0 0 0 -1 
1 -0.5 0 0 -1 
1 0 0 -1 0 
1 0.3000000000000001 -0.5 -1 0 
1 0 -0.3199999999999994 -1 0 
1 0.29999999999999999 0 1.3552527156068805e-16 -1 
1 0 0 0 -1 
1 3.1415926535897931 0 0 1 
1 0 0 -1 0 
1 0.29999999999999999 0 1.3552527156068805e-16 -1 
1 -3.1415926535897918 0.3199999999999994 1 0 
2 0 0 1 -1.4456028966473383e-15 -1.4456028966473383e-15 -1 0.30000000000000021
1 1.8325957145940428 0 0 1 
1 -0.83187300325950586 0 0 -1 
1 -3.1415926535897918 0 1 0 
2 0 0 1 -1.4456028966473383e-15 -1.4456028966473383e-15 -1 0.30000000000000021
1 0 -0.3199999999999994 -1 0 
1 -0.72588190451025225 0.50508232423691002 0.9659258262890692 -0.25881904510251763 
1 0 0 0 -1 
1 4.974188368183837 0 0 1 
1 0 0 -1 0 
1 -0.72588190451025225 0.50508232423691002 0.9659258262890692 -0.25881904510251763 
1 9.4247779607693793 0 -1 0 
2 -0.7000000000000004 0.60167490686581671 1 0 -0 1 0.10000000000000009
1 6.2831853071795862 0 0 1 
1 0 -0.14832509313418329 1 0 
1 9.4247779607693793 0.3199999999999994 -1 0 
2 -0.7000000000000004 0.60167490686581671 1 0 -0 1 0.10000000000000009
1 0.3199999999999994 0 0 -1 
1 -0.80000000000000049 0.75 0 -1 
1 0 0 0 -1 
1 -0.80000000000000049 0.75 0 -1 
1 0.3199999999999994 0 0 -1 
1 -1.0000000000000007 0.75 0 -1 
1 0 -0.14832509313418374 1 0 
1 6.2831853071795862 0 0 1 
1 0 0 0 -1 
1 -1.0000000000000007 0.75 0 -1 
1 9.4247779607693793 0.3199999999999994 -1 0 
2 -0.7000000000000004 0.60167490686581671 1 0 -0 1 0.30000000000000004
1 4.9741883681838361 0 0 1 
1 0 0 0 -1 
1 9.4247779607693793 0 -1 0 
2 -0.7000000000000004 0.60167490686581671 1 0 -0 1 0.30000000000000004
1 0 -0.3199999999999994 -1 0 
1 -0.77764571353075573 0.3118971589790962 0.9659258262890692 -0.25881904510251763 
1 -0.83187300325950564 0 0 -1 
1 1.8325957145940415 0 0 1 
1 0 0 -1 0 
1 -0.77764571353075573 0.3118971589790962 0.9659258262890692 -0.25881904510251763 
1 -3.1415926535897887 0 1 0 
2 0 0 1 -4.3368086899420083e-15 -4.3368086899420083e-15 -1 0.1000000000000002
1 -3.1415926535897887 0.3199999999999994 1 0 
2 0 0 1 -4.3368086899420083e-15 -4.3368086899420083e-15 -1 0.1000000000000002
1 0 -0.3199999999999994 -1 0 
1 0.10000000000000001 0 1.3552527156068805e-16 1 
1 0 0 0 -1 
1 3.1415926535897931 0 0 1 
1 0 0 -1 0 
1 0.10000000000000001 0 1.3552527156068805e-16 1 
1 -0.5 0 0 -1 
1 -0.20000000000000001 0 0 -1 
1 9.4247779607693758 0 -1 0 
2 0 0 1 4.3368086899420083e-15 -4.3368086899420083e-15 1 0.1000000000000002
1 4.450589592585545 0 0 1 
1 -0.83187300325950564 0 0 -1 
1 9.4247779607693758 0.3199999999999994 -1 0 
2 0 0 1 4.3368086899420083e-15 -4.3368086899420083e-15 1 0.1000000000000002
1 0 -0.3199999999999994 -1 0 
1 -0.77764571353075573 -0.3118971589790962 0.9659258262890692 0.25881904510251763 
1 0 0 0 -1 
1 1.3089969389957501 0 0 1 
1 0 0 -1 0 
1 -0.77764571353075573 -0.3118971589790962 0.9659258262890692 0.25881904510251763 
1 -3.1415926535897931 0.3199999999999994 1 0 
2 -0.7000000000000004 -0.60167490686581671 1 0 0 -1 0.30000000000000004
1 0 0 0 1 
1 0 0.14832509313418374 -1 0 
1 -3.1415926535897931 0 1 0 
2 -0.7000000000000004 -0.60167490686581671 1 0 0 -1 0.30000000000000004
1 -0.3199999999999994 0 0 1 
1 -1.0000000000000007 -0.75 0 1 
1 0 0 0 1 
1 -1.0000000000000007 -0.75 0 1 
1 -0.3199999999999994 0 0 1 
1 -0.80000000000000049 -0.75 0 1 
1 0 0.14832509313418329 -1 0 
1 0 0 0 1 
1 0 0 0 1 
1 -0.80000000000000049 -0.75 0 1 
1 -3.1415926535897931 0 1 0 
2 -0.7000000000000004 -0.60167490686581671 1 0 0 -1 0.10000000000000009
1 1.308996938995749 0 0 1 
1 0 0 0 -1 
1 -3.1415926535897931 0.3199999999999994 1 0 
2 -0.7000000000000004 -0.60167490686581671 1 0 0 -1 0.10000000000000009
1 0 -0.3199999999999994 -1 0 
1 -0.72588190451025225 -0.50508232423691002 0.9659258262890692 0.25881904510251763 
1 -0.83187300325950586 0 0 -1 
1 4.4505895925855432 0 0 1 
1 0 0 -1 0 
1 -0.72588190451025225 -0.50508232423691002 0.9659258262890692 0.25881904510251763 
1 9.4247779607693793 0.3199999999999994 -1 0 
2 0 0 1 1.4456028966473383e-15 -1.4456028966473383e-15 1 0.30000000000000021
1 3.1415926535897931 0 0 1 
1 0 0 0 -1 
1 9.4247779607693793 0 -1 0 
2 0 0 1 1.4456028966473383e-15 -1.4456028966473383e-15 1 0.30000000000000021
1 0 -0.3199999999999994 -1 0 
1 0.29999999999999999 0 1.3552527156068805e-16 1 
1 -0.5 0 0 -1 
1 0 0 0 -1 
1 0 0 -1 0 
1 0.29999999999999999 0 1.3552527156068805e-16 1 
1 -0 -0.3199999999999994 -1 0 
1 0.3000000000000001 0.5 -1 0 
1 0 0 -1 0 
1 0.3000000000000001 0.5 -1 0 
1 0 -0.31999999999999984 -1 0 
1 0.10000000000000001 0 1.3552527156068805e-16 1 
1 0 0 0 -1 
1 3.1415926535897931 0 0 1 
1 0 0 -1 0 
1 0.10000000000000001 0 1.3552527156068805e-16 1 
1 -0.5 0 0 -1 
1 -0.20000000000000001 0 0 -1 
1 9.4247779607693758 0 -1 0 
2 0 0 1 4.3368086899420083e-15 -4.3368086899420083e-15 1 0.1000000000000002
1 4.450589592585545 0 0 1 
1 -0.83187300325950564 0 0 -1 
1 9.4247779607693758 0.31999999999999984 -1 0 
2 0 0 1 4.3368086899420083e-15 -4.3368086899420083e-15 1 0.1000000000000002
1 0 -0.31999999999999984 -1 0 
1 -0.77764571353075573 -0.3118971589790962 0.9659258262890692 0.25881904510251763 
1 0 0 0 -1 
1 1.3089969389957501 0 0 1 
1 0 0 -1 0 
1 -0.77764571353075573 -0.3118971589790962 0.9659258262890692 0.25881904510251763 
1 -3.1415926535897931 0.31999999999999984 1 0 
2 -0.7000000000000004 -0.60167490686581671 1 0 0 -1 0.30000000000000004
1 0 0 0 1 
1 0 0.14832509313418374 -1 0 
1 -3.1415926535897931 0 1 0 
2 -0.7000000000000004 -0.60167490686581671 1 0 0 -1 0.30000000000000004
1 -0.31999999999999984 0 0 1 
1 -1.0000000000000007 -0.75 0 1 
1 0 0 0 1 
1 -1.0000000000000007 -0.75 0 1 
1 -0.31999999999999984 0 0 1 
1 -0.80000000000000049 -0.75 0 1 
1 0 0.14832509313418329 -1 0 
1 0 0 0 1 
1 0 0 0 1 
1 -0.80000000000000049 -0.75 0 1 
1 -3.1415926535897931 0 1 0 
2 -0.7000000000000004 -0.60167490686581671 1 0 0 -1 0.10000000000000009
1 1.308996938995749 0 0 1 
1 0 0 0 -1 
1 -3.1415926535897931 0.31999999999999984 1 0 
2 -0.7000000000000004 -0.60167490686581671 1 0 0 -1 0.10000000000000009
1 0 -0.31999999999999984 -1 0 
1 -0.72588190451025225 -0.50508232423691002 0.9659258262890692 0.25881904510251763 
1 -0.83187300325950586 0 0 -1 
1 4.4505895925855432 0 0 1 
1 0 0 -1 0 
1 -0.72588190451025225 -0.50508232423691002 0.9659258262890692 0.25881904510251763 
1 9.4247779607693793 0.31999999999999984 -1 0 
2 0 0 1 1.4456028966473383e-15 -1.4456028966473383e-15 1 0.30000000000000021
1 3.1415926535897931 0 0 1 
1 0 0 0 -1 
1 9.4247779607693793 0 -1 0 
2 0 0 1 1.4456028966473383e-15 -1.4456028966473383e-15 1 0.30000000000000021
1 0 -0.31999999999999984 -1 0 
1 0.29999999999999999 0 1.3552527156068805e-16 1 
1 -0.5 0 0 -1 
1 0 0 0 -1 
1 0 0 -1 0 
1 0.29999999999999999 0 1.3552527156068805e-16 1 
1 -0 -0.31999999999999984 -1 0 
1 0.3000000000000001 0.5 -1 0 
1 0 0 -1 0 
1 0.3000000000000001 0.5 -1 0 
1 0 -0.31999999999999984 -1 0 
1 0.10000000000000001 0 1.3552527156068805e-16 1 
1 0 0 0 -1 
1 3.1415926535897931 0 0 1 
1 0 0 -1 0 
1 0.10000000000000001 0 1.3552527156068805e-16 1 
1 -0.5 0 0 -1 
1 -0.20000000000000001 0 0 -1 
1 9.4247779607693758 0 -1 0 
2 0 0 1 4.3368086899420083e-15 -4.3368086899420083e-15 1 0.1000000000000002
1 4.450589592585545 0 0 1 
1 -0.83187300325950564 0 0 -1 
1 9.4247779607693758 0.31999999999999984 -1 0 
2 0 0 1 4.3368086899420083e-15 -4.3368086899420083e-15 1 0.1000000000000002
1 0 -0.31999999999999984 -1 0 
1 -0.77764571353075573 -0.3118971589790962 0.9659258262890692 0.25881904510251763 
1 0 0 0 -1 
1 1.3089969389957501 0 0 1 
1 0 0 -1 0 
1 -0.77764571353075573 -0.3118971589790962 0.9659258262890692 0.25881904510251763 
1 -3.1415926535897931 0.31999999999999984 1 0 
2 -0.7000000000000004 -0.60167490686581671 1 0 0 -1 0.30000000000000004
1 0 0 0 1 
1 0 0.14832509313418374 -1 0 
1 -3.1415926535897931 0 1 0 
2 -0.7000000000000004 -0.60167490686581671 1 0 0 -1 0.30000000000000004
1 -0.31999999999999984 0 0 1 
1 -1.0000000000000007 -0.75 0 1 
1 0 0 0 1 
1 -1.0000000000000007 -0.75 0 1 
1 -0.31999999999999984 0 0 1 
1 -0.80000000000000049 -0.75 0 1 
1 0 0.14832509313418329 -1 0 
1 0 0 0 1 
1 0 0 0 1 
1 -0.80000000000000049 -0.75 0 1 
1 -3.1415926535897931 0 1 0 
2 -0.7000000000000004 -0.60167490686581671 1 0 0 -1 0.10000000000000009
1 1.308996938995749 0 0 1 
1 0 0 0 -1 
1 -3.1415926535897931 0.31999999999999984 1 0 
2 -0.7000000000000004 -0.60167490686581671 1 0 0 -1 0.10000000000000009
1 0 -0.31999999999999984 -1 0 
1 -0.72588190451025225 -0.50508232423691002 0.9659258262890692 0.25881904510251763 
1 -0.83187300325950586 0 0 -1 
1 4.4505895925855432 0 0 1 
1 0 0 -1 0 
1 -0.72588190451025225 -0.50508232423691002 0.9659258262890692 0.25881904510251763 
1 9.4247779607693793 0.31999999999999984 -1 0 
2 0 0 1 1.4456028966473383e-15 -1.4456028966473383e-15 1 0.30000000000000021
1 3.1415926535897931 0 0 1 
1 0 0 0 -1 
1 9.4247779607693793 0 -1 0 
2 0 0 1 1.4456028966473383e-15 -1.4456028966473383e-15 1 0.30000000000000021
1 0 -0.31999999999999984 -1 0 
1 0.29999999999999999 0 1.3552527156068805e-16 1 
1 -0.5 0 0 -1 
1 0 0 0 -1 
1 0 0 -1 0 
1 0.29999999999999999 0 1.3552527156068805e-16 1 
1 -0 -0.31999999999999984 -1 0 
1 0.3000000000000001 0.5 -1 0 
1 0 0 -1 0 
1 0.3000000000000001 0.5 -1 0 
1 0 -0.31999999999999984 -1 0 
1 0.10000000000000001 0 1.3552527156068805e-16 1 
1 0 0 0 -1 
1 3.1415926535897931 0 0 1 
1 0 0 -1 0 
1 0.10000000000000001 0 1.3552527156068805e-16 1 
1 -0.5 0 0 -1 
1 -0.20000000000000001 0 0 -1 
1 9.4247779607693758 0 -1 0 
2 0 0 1 4.3368086899420083e-15 -4.3368086899420083e-15 1 0.1000000000000002
1 4.450589592585545 0 0 1 
1 -0.83187300325950564 0 0 -1 
1 9.4247779607693758 0.31999999999999984 -1 0 
2 0 0 1 4.3368086899420083e-15 -4.3368086899420083e-15 1 0.1000000000000002
1 0 -0.31999999999999984 -1 0 
1 -0.77764571353075573 -0.3118971589790962 0.9659258262890692 0.25881904510251763 
1 0 0 0 -1 
1 1.3089969389957501 0 0 1 
1 0 0 -1 0 
1 -0.77764571353075573 -0.3118971589790962 0.9659258262890692 0.25881904510251763 
1 -3.1415926535897931 0.31999999999999984 1 0 
2 -0.7000000000000004 -0.60167490686581671 1 0 0 -1 0.30000000000000004
1 0 0 0 1 
1 0 0.14832509313418374 -1 0 
1 -3.1415926535897931 0 1 0 
2 -0.7000000000000004 -0.60167490686581671 1 0 0 -1 0.30000000000000004
1 -0.31999999999999984 0 0 1 
1 -1.0000000000000007 -0.75 0 1 
1 0 0 0 1 
1 -1.0000000000000007 -0.75 0 1 
1 -0.31999999999999984 0 0 1 
1 -0.80000000000000049 -0.75 0 1 
1 0 0.14832509313418329 -1 0 
1 0 0 0 1 
1 0 0 0 1 
1 -0.80000000000000049 -0.75 0 1 
1 -3.1415926535897931 0 1 0 
2 -0.7000000000000004 -0.60167490686581671 1 0 0 -1 0.10000000000000009
1 1.308996938995749 0 0 1 
1 0 0 0 -1 
1 -3.1415926535897931 0.31999999999999984 1 0 
2 -0.7000000000000004 -0.60167490686581671 1 0 0 -1 0.10000000000000009
1 0 -0.31999999999999984 -1 0 
1 -0.72588190451025225 -0.50508232423691002 0.9659258262890692 0.25881904510251763 
1 -0.83187300325950586 0 0 -1 
1 4.4505895925855432 0 0 1 
1 0 0 -1 0 
1 -0.72588190451025225 -0.50508232423691002 0.9659258262890692 0.25881904510251763 
1 9.4247779607693793 0.31999999999999984 -1 0 
2 0 0 1 1.4456028966473383e-15 -1.4456028966473383e-15 1 0.30000000000000021
1 3.1415926535897931 0 0 1 
1 0 0 0 -1 
1 9.4247779607693793 0 -1 0 
2 0 0 1 1.4456028966473383e-15 -1.4456028966473383e-15 1 0.30000000000000021
1 0 -0.31999999999999984 -1 0 
1 0.29999999999999999 0 1.3552527156068805e-16 1 
1 -0.5 0 0 -1 
1 0 0 0 -1 
1 0 0 -1 0 
1 0.29999999999999999 0 1.3552527156068805e-16 1 
1 -0 -0.31999999999999984 -1 0 
1 0.3000000000000001 0.5 -1 0 
1 0 0 -1 0 
1 0.3000000000000001 0.5 -1 0 
1 0 -0.32000000000000006 -1 0 
1 0.10000000000000001 0 1.3552527156068805e-16 1 
1 0 0 0 -1 
1 3.1415926535897931 0 0 1 
1 0 0 -1 0 
1 0.10000000000000001 0 1.3552527156068805e-16 1 
1 -0.5 0 0 -1 
1 -0.20000000000000001 0 0 -1 
1 9.4247779607693758 0 -1 0 
2 0 0 1 4.3368086899420083e-15 -4.3368086899420083e-15 1 0.1000000000000002
1 4.450589592585545 0 0 1 
1 -0.83187300325950564 0 0 -1 
1 9.4247779607693758 0.32000000000000006 -1 0 
2 0 0 1 4.3368086899420083e-15 -4.3368086899420083e-15 1 0.1000000000000002
1 0 -0.32000000000000006 -1 0 
1 -0.77764571353075573 -0.3118971589790962 0.9659258262890692 0.25881904510251763 
1 0 0 0 -1 
1 1.3089969389957501 0 0 1 
1 0 0 -1 0 
1 -0.77764571353075573 -0.3118971589790962 0.9659258262890692 0.25881904510251763 
1 -3.1415926535897931 0.32000000000000006 1 0 
2 -0.7000000000000004 -0.60167490686581671 1 0 0 -1 0.30000000000000004
1 0 0 0 1 
1 0 0.14832509313418374 -1 0 
1 -3.1415926535897931 0 1 0 
2 -0.7000000000000004 -0.60167490686581671 1 0 0 -1 0.30000000000000004
1 -0.32000000000000006 0 0 1 
1 -1.0000000000000007 -0.75 0 1 
1 0 0 0 1 
1 -1.0000000000000007 -0.75 0 1 
1 -0.32000000000000006 0 0 1 
1 -0.80000000000000049 -0.75 0 1 
1 0 0.14832509313418329 -1 0 
1 0 0 0 1 
1 0 0 0 1 
1 -0.80000000000000049 -0.75 0 1 
1 -3.1415926535897931 0 1 0 
2 -0.7000000000000004 -0.60167490686581671 1 0 0 -1 0.10000000000000009
1 1.308996938995749 0 0 1 
1 0 0 0 -1 
1 -3.1415926535897931 0.32000000000000006 1 0 
2 -0.7000000000000004 -0.60167490686581671 1 0 0 -1 0.10000000000000009
1 0 -0.32000000000000006 -1 0 
1 -0.72588190451025225 -0.50508232423691002 0.9659258262890692 0.25881904510251763 
1 -0.83187300325950586 0 0 -1 
1 4.4505895925855432 0 0 1 
1 0 0 -1 0 
1 -0.72588190451025225 -0.50508232423691002 0.9659258262890692 0.25881904510251763 
1 9.4247779607693793 0.32000000000000006 -1 0 
2 0 0 1 1.4456028966473383e-15 -1.4456028966473383e-15 1 0.30000000000000021
1 3.1415926535897931 0 0 1 
1 0 0 0 -1 
1 9.4247779607693793 0 -1 0 
2 0 0 1 1.4456028966473383e-15 -1.4456028966473383e-15 1 0.30000000000000021
1 0 -0.32000000000000006 -1 0 
1 0.29999999999999999 0 1.3552527156068805e-16 1 
1 -0.5 0 0 -1 
1 0 0 0 -1 
1 0 0 -1 0 
1 0.29999999999999999 0 1.3552527156068805e-16 1 
1 -0 -0.32000000000000006 -1 0 
1 0.3000000000000001 0.5 -1 0 
1 0 0 -1 0 
1 0.3000000000000001 0.5 -1 0 
1 0 -0.32000000000000006 -1 0 
1 0.10000000000000001 0 1.3552527156068805e-16 1 
1 0 0 0 -1 
1 3.1415926535897931 0 0 1 
1 0 0 -1 0 
1 0.10000000000000001 0 1.3552527156068805e-16 1 
1 -0.5 0 0 -1 
1 -0.20000000000000001 0 0 -1 
1 9.4247779607693758 0 -1 0 
2 0 0 1 4.3368086899420083e-15 -4.3368086899420083e-15 1 0.1000000000000002
1 4.450589592585545 0 0 1 
1 -0.83187300325950564 0 0 -1 
1 9.4247779607693758 0.32000000000000006 -1 0 
2 0 0 1 4.3368086899420083e-15 -4.3368086899420083e-15 1 0.1000000000000002
1 0 -0.32000000000000006 -1 0 
1 -0.77764571353075573 -0.3118971589790962 0.9659258262890692 0.25881904510251763 
1 0 0 0 -1 
1 1.3089969389957501 0 0 1 
1 0 0 -1 0 
1 -0.77764571353075573 -0.3118971589790962 0.9659258262890692 0.25881904510251763 
1 -3.1415926535897931 0.32000000000000006 1 0 
2 -0.7000000000000004 -0.60167490686581671 1 0 0 -1 0.30000000000000004
1 0 0 0 1 
1 0 0.14832509313418374 -1 0 
1 -3.1415926535897931 0 1 0 
2 -0.7000000000000004 -0.60167490686581671 1 0 0 -1 0.30000000000000004
1 -0.32000000000000006 0 0 1 
1 -1.0000000000000007 -0.75 0 1 
1 0 0 0 1 
1 -1.0000000000000007 -0.75 0 1 
1 -0.32000000000000006 0 0 1 
1 -0.80000000000000049 -0.75 0 1 
1 0 0.14832509313418329 -1 0 
1 0 0 0 1 
1 0 0 0 1 
1 -0.80000000000000049 -0.75 0 1 
1 -3.1415926535897931 0 1 0 
2 -0.7000000000000004 -0.60167490686581671 1 0 0 -1 0.10000000000000009
1 1.308996938995749 0 0 1 
1 0 0 0 -1 
1 -3.1415926535897931 0.32000000000000006 1 0 
2 -0.7000000000000004 -0.60167490686581671 1 0 0 -1 0.10000000000000009
1 0 -0.32000000000000006 -1 0 
1 -0.72588190451025225 -0.50508232423691002 0.9659258262890692 0.25881904510251763 
1 -0.83187300325950586 0 0 -1 
1 4.4505895925855432 0 0 1 
1 0 0 -1 0 
1 -0.72588190451025225 -0.50508232423691002 0.9659258262890692 0.25881904510251763 
1 9.4247779607693793 0.32000000000000006 -1 0 
2 0 0 1 1.4456028966473383e-15 -1.4456028966473383e-15 1 0.30000000000000021
1 3.1415926535897931 0 0 1 
1 0 0 0 -1 
1 9.4247779607693793 0 -1 0 
2 0 0 1 1.4456028966473383e-15 -1.4456028966473383e-15 1 0.30000000000000021
1 0 -0.32000000000000006 -1 0 
1 0.29999999999999999 0 1.3552527156068805e-16 1 
1 -0.5 0 0 -1 
1 0 0 0 -1 
1 0 0 -1 0 
1 0.29999999999999999 0 1.3552527156068805e-16 1 
1 -0 -0.32000000000000006 -1 0 
1 0.3000000000000001 0.5 -1 0 
1 0 0 -1 0 
1 0.3000000000000001 0.5 -1 0 
1 0 -0.32000000000000001 -1 0 
1 0.10000000000000001 0 1.3552527156068805e-16 1 
1 0 0 0 -1 
1 3.1415926535897931 0 0 1 
1 0 0 -1 0 
1 0.10000000000000001 0 1.3552527156068805e-16 1 
1 -0.5 0 0 -1 
1 -0.20000000000000001 0 0 -1 
1 9.4247779607693758 0 -1 0 
2 0 0 1 4.3368086899420083e-15 -4.3368086899420083e-15 1 0.1000000000000002
1 4.450589592585545 0 0 1 
1 -0.83187300325950564 0 0 -1 
1 9.4247779607693758 0.32000000000000001 -1 0 
2 0 0 1 4.3368086899420083e-15 -4.3368086899420083e-15 1 0.1000000000000002
1 0 -0.32000000000000001 -1 0 
1 -0.77764571353075573 -0.3118971589790962 0.9659258262890692 0.25881904510251763 
1 0 0 0 -1 
1 1.3089969389957501 0 0 1 
1 0 0 -1 0 
1 -0.77764571353075573 -0.3118971589790962 0.9659258262890692 0.25881904510251763 
1 -3.1415926535897931 0.32000000000000001 1 0 
2 -0.7000000000000004 -0.60167490686581671 1 0 0 -1 0.30000000000000004
1 0 0 0 1 
1 0 0.14832509313418374 -1 0 
1 -3.1415926535897931 0 1 0 
2 -0.7000000000000004 -0.60167490686581671 1 0 0 -1 0.30000000000000004
1 -0.32000000000000001 0 0 1 
1 -1.0000000000000007 -0.75 0 1 
1 0 0 0 1 
1 -1.0000000000000007 -0.75 0 1 
1 -0.32000000000000001 0 0 1 
1 -0.80000000000000049 -0.75 0 1 
1 0 0.14832509313418329 -1 0 
1 0 0 0 1 
1 0 0 0 1 
1 -0.80000000000000049 -0.75 0 1 
1 -3.1415926535897931 0 1 0 
2 -0.7000000000000004 -0.60167490686581671 1 0 0 -1 0.10000000000000009
1 1.308996938995749 0 0 1 
1 0 0 0 -1 
1 -3.1415926535897931 0.32000000000000001 1 0 
2 -0.7000000000000004 -0.60167490686581671 1 0 0 -1 0.10000000000000009
1 0 -0.32000000000000001 -1 0 
1 -0.72588190451025225 -0.50508232423691002 0.9659258262890692 0.25881904510251763 
1 -0.83187300325950586 0 0 -1 
1 4.4505895925855432 0 0 1 
1 0 0 -1 0 
1 -0.72588190451025225 -0.50508232423691002 0.9659258262890692 0.25881904510251763 
1 9.4247779607693793 0.32000000000000001 -1 0 
2 0 0 1 1.4456028966473383e-15 -1.4456028966473383e-15 1 0.30000000000000021
1 3.1415926535897931 0 0 1 
1 0 0 0 -1 
1 9.4247779607693793 0 -1 0 
2 0 0 1 1.4456028966473383e-15 -1.4456028966473383e-15 1 0.30000000000000021
1 0 -0.32000000000000001 -1 0 
1 0.29999999999999999 0 1.3552527156068805e-16 1 
1 -0.5 0 0 -1 
1 0 0 0 -1 
1 0 0 -1 0 
1 0.29999999999999999 0 1.3552527156068805e-16 1 
1 -0 -0.32000000000000001 -1 0 
1 0.3000000000000001 0.5 -1 0 
1 0 0 -1 0 
1 0.3000000000000001 0.5 -1 0 
1 0 -0.32000000000000001 -1 0 
1 0.10000000000000001 0 1.3552527156068805e-16 1 
1 0 0 0 -1 
1 3.1415926535897931 0 0 1 
1 0 0 -1 0 
1 0.10000000000000001 0 1.3552527156068805e-16 1 
1 -0.5 0 0 -1 
1 -0.20000000000000001 0 0 -1 
1 9.4247779607693758 0 -1 0 
2 0 0 1 4.3368086899420083e-15 -4.3368086899420083e-15 1 0.1000000000000002
1 4.450589592585545 0 0 1 
1 -0.83187300325950564 0 0 -1 
1 9.4247779607693758 0.32000000000000001 -1 0 
2 0 0 1 4.3368086899420083e-15 -4.3368086899420083e-15 1 0.1000000000000002
1 0 -0.32000000000000001 -1 0 
1 -0.77764571353075573 -0.3118971589790962 0.9659258262890692 0.25881904510251763 
1 0 0 0 -1 
1 1.3089969389957501 0 0 1 
1 0 0 -1 0 
1 -0.77764571353075573 -0.3118971589790962 0.9659258262890692 0.25881904510251763 
1 -3.1415926535897931 0.32000000000000001 1 0 
2 -0.7000000000000004 -0.60167490686581671 1 0 0 -1 0.30000000000000004
1 0 0 0 1 
1 0 0.14832509313418374 -1 0 
1 -3.1415926535897931 0 1 0 
2 -0.7000000000000004 -0.60167490686581671 1 0 0 -1 0.30000000000000004
1 -0.32000000000000001 0 0 1 
1 -1.0000000000000007 -0.75 0 1 
1 0 0 0 1 
1 -1.0000000000000007 -0.75 0 1 
1 -0.32000000000000001 0 0 1 
1 -0.80000000000000049 -0.75 0 1 
1 0 0.14832509313418329 -1 0 
1 0 0 0 1 
1 0 0 0 1 
1 -0.80000000000000049 -0.75 0 1 
1 -3.1415926535897931 0 1 0 
2 -0.7000000000000004 -0.60167490686581671 1 0 0 -1 0.10000000000000009
1 1.308996938995749 0 0 1 
1 0 0 0 -1 
1 -3.1415926535897931 0.32000000000000001 1 0 
2 -0.7000000000000004 -0.60167490686581671 1 0 0 -1 0.10000000000000009
1 0 -0.32000000000000001 -1 0 
1 -0.72588190451025225 -0.50508232423691002 0.9659258262890692 0.25881904510251763 
1 -0.83187300325950586 0 0 -1 
1 4.4505895925855432 0 0 1 
1 0 0 -1 0 
1 -0.72588190451025225 -0.50508232423691002 0.9659258262890692 0.25881904510251763 
1 9.4247779607693793 0.32000000000000001 -1 0 
2 0 0 1 1.4456028966473383e-15 -1.4456028966473383e-15 1 0.30000000000000021
1 3.1415926535897931 0 0 1 
1 0 0 0 -1 
1 9.4247779607693793 0 -1 0 
2 0 0 1 1.4456028966473383e-15 -1.4456028966473383e-15 1 0.30000000000000021
1 0 -0.32000000000000001 -1 0 
1 0.29999999999999999 0 1.3552527156068805e-16 1 
1 -0.5 0 0 -1 
1 0 0 0 -1 
1 0 0 -1 0 
1 0.29999999999999999 0 1.3552527156068805e-16 1 
1 -0 -0.32000000000000001 -1 0 
1 0.3000000000000001 0.5 -1 0 
1 0 0 -1 0 
1 0.3000000000000001 0.5 -1 0 
1 0 -0.32000000000000006 -1 0 
1 0.10000000000000001 0 1.3552527156068805e-16 1 
1 0 0 0 -1 
1 3.1415926535897931 0 0 1 
1 0 0 -1 0 
1 0.10000000000000001 0 1.3552527156068805e-16 1 
1 -0.5 0 0 -1 
1 -0.20000000000000001 0 0 -1 
1 9.4247779607693758 0 -1 0 
2 0 0 1 4.3368086899420083e-15 -4.3368086899420083e-15 1 0.1000000000000002
1 4.450589592585545 0 0 1 
1 -0.83187300325950564 0 0 -1 
1 9.4247779607693758 0.32000000000000006 -1 0 
2 0 0 1 4.3368086899420083e-15 -4.3368086899420083e-15 1 0.1000000000000002
1 0 -0.32000000000000006 -1 0 
1 -0.77764571353075573 -0.3118971589790962 0.9659258262890692 0.25881904510251763 
1 0 0 0 -1 
1 1.3089969389957501 0 0 1 
1 0 0 -1 0 
1 -0.77764571353075573 -0.3118971589790962 0.9659258262890692 0.25881904510251763 
1 -3.1415926535897931 0.32000000000000006 1 0 
2 -0.7000000000000004 -0.60167490686581671 1 0 0 -1 0.30000000000000004
1 0 0 0 1 
1 0 0.14832509313418374 -1 0 
1 -3.1415926535897931 0 1 0 
2 -0.7000000000000004 -0.60167490686581671 1 0 0 -1 0.30000000000000004
1 -0.32000000000000006 0 0 1 
1 -1.0000000000000007 -0.75 0 1 
1 0 0 0 1 
1 -1.0000000000000007 -0.75 0 1 
1 -0.32000000000000006 0 0 1 
1 -0.80000000000000049 -0.75 0 1 
1 0 0.14832509313418329 -1 0 
1 0 0 0 1 
1 0 0 0 1 
1 -0.80000000000000049 -0.75 0 1 
1 -3.1415926535897931 0 1 0 
2 -0.7000000000000004 -0.60167490686581671 1 0 0 -1 0.10000000000000009
1 1.308996938995749 0 0 1 
1 0 0 0 -1 
1 -3.1415926535897931 0.32000000000000006 1 0 
2 -0.7000000000000004 -0.60167490686581671 1 0 0 -1 0.10000000000000009
1 0 -0.32000000000000006 -1 0 
1 -0.72588190451025225 -0.50508232423691002 0.9659258262890692 0.25881904510251763 
1 -0.83187300325950586 0 0 -1 
1 4.4505895925855432 0 0 1 
1 0 0 -1 0 
1 -0.72588190451025225 -0.50508232423691002 0.9659258262890692 0.25881904510251763 
1 9.4247779607693793 0.32000000000000006 -1 0 
2 0 0 1 1.4456028966473383e-15 -1.4456028966473383e-15 1 0.30000000000000021
1 3.1415926535897931 0 0 1 
1 0 0 0 -1 
1 9.4247779607693793 0 -1 0 
2 0 0 1 1.4456028966473383e-15 -1.4456028966473383e-15 1 0.30000000000000021
1 0 -0.32000000000000006 -1 0 
1 0.29999999999999999 0 1.3552527156068805e-16 1 
1 -0.5 0 0 -1 
1 0 0 0 -1 
1 0 0 -1 0 
1 0.29999999999999999 0 1.3552527156068805e-16 1 
1 -0 -0.32000000000000006 -1 0 
1 0.3000000000000001 0.5 -1 0 
1 0 0 -1 0 
1 0.3000000000000001 0.5 -1 0 
1 0 -0.32000000000000006 -1 0 
1 0.10000000000000001 0 1.3552527156068805e-16 1 
1 0 0 0 -1 
1 3.1415926535897931 0 0 1 
1 0 0 -1 0 
1 0.10000000000000001 0 1.3552527156068805e-16 1 
1 -0.5 0 0 -1 
1 -0.20000000000000001 0 0 -1 
1 9.4247779607693758 0 -1 0 
2 0 0 1 4.3368086899420083e-15 -4.3368086899420083e-15 1 0.1000000000000002
1 4.450589592585545 0 0 1 
1 -0.83187300325950564 0 0 -1 
1 9.4247779607693758 0.32000000000000006 -1 0 
2 0 0 1 4.3368086899420083e-15 -4.3368086899420083e-15 1 0.1000000000000002
1 0 -0.32000000000000006 -1 0 
1 -0.77764571353075573 -0.3118971589790962 0.9659258262890692 0.25881904510251763 
1 0 0 0 -1 
1 1.3089969389957501 0 0 1 
1 0 0 -1 0 
1 -0.77764571353075573 -0.3118971589790962 0.9659258262890692 0.25881904510251763 
1 -3.1415926535897931 0.32000000000000006 1 0 
2 -0.7000000000000004 -0.60167490686581671 1 0 0 -1 0.30000000000000004
1 0 0 0 1 
1 0 0.14832509313418374 -1 0 
1 -3.1415926535897931 0 1 0 
2 -0.7000000000000004 -0.60167490686581671 1 0 0 -1 0.30000000000000004
1 -0.32000000000000006 0 0 1 
1 -1.0000000000000007 -0.75 0 1 
1 0 0 0 1 
1 -1.0000000000000007 -0.75 0 1 
1 -0.32000000000000006 0 0 1 
1 -0.80000000000000049 -0.75 0 1 
1 0 0.14832509313418329 -1 0 
1 0 0 0 1 
1 0 0 0 1 
1 -0.80000000000000049 -0.75 0 1 
1 -3.1415926535897931 0 1 0 
2 -0.7000000000000004 -0.60167490686581671 1 0 0 -1 0.10000000000000009
1 1.308996938995749 0 0 1 
1 0 0 0 -1 
1 -3.1415926535897931 0.32000000000000006 1 0 
2 -0.7000000000000004 -0.60167490686581671 1 0 0 -1 0.10000000000000009
1 0 -0.32000000000000006 -1 0 
1 -0.72588190451025225 -0.50508232423691002 0.9659258262890692 0.25881904510251763 
1 -0.83187300325950586 0 0 -1 
1 4.4505895925855432 0 0 1 
1 0 0 -1 0 
1 -0.72588190451025225 -0.50508232423691002 0.9659258262890692 0.25881904510251763 
1 9.4247779607693793 0.32000000000000006 -1 0 
2 0 0 1 1.4456028966473383e-15 -1.4456028966473383e-15 1 0.30000000000000021
1 3.1415926535897931 0 0 1 
1 0 0 0 -1 
1 9.4247779607693793 0 -1 0 
2 0 0 1 1.4456028966473383e-15 -1.4456028966473383e-15 1 0.30000000000000021
1 0 -0.32000000000000006 -1 0 
1 0.29999999999999999 0 1.3552527156068805e-16 1 
1 -0.5 0 0 -1 
1 0 0 0 -1 
1 0 0 -1 0 
1 0.29999999999999999 0 1.3552527156068805e-16 1 
1 -0 -0.32000000000000006 -1 0 
1 0.3000000000000001 0.5 -1 0 
1 0 0 -1 0 
1 0.3000000000000001 0.5 -1 0 
1 0 -0.31999999999999984 -1 0 
1 0.10000000000000001 0 1.3552527156068805e-16 1 
1 0 0 0 -1 
1 3.1415926535897931 0 0 1 
1 0 0 -1 0 
1 0.10000000000000001 0 1.3552527156068805e-16 1 
1 -0.5 0 0 -1 
1 -0.20000000000000001 0 0 -1 
1 9.4247779607693758 0 -1 0 
2 0 0 1 4.3368086899420083e-15 -4.3368086899420083e-15 1 0.1000000000000002
1 4.450589592585545 0 0 1 
1 -0.83187300325950564 0 0 -1 
1 9.4247779607693758 0.31999999999999984 -1 0 
2 0 0 1 4.3368086899420083e-15 -4.3368086899420083e-15 1 0.1000000000000002
1 0 -0.31999999999999984 -1 0 
1 -0.77764571353075573 -0.3118971589790962 0.9659258262890692 0.25881904510251763 
1 0 0 0 -1 
1 1.3089969389957501 0 0 1 
1 0 0 -1 0 
1 -0.77764571353075573 -0.3118971589790962 0.9659258262890692 0.25881904510251763 
1 -3.1415926535897931 0.31999999999999984 1 0 
2 -0.7000000000000004 -0.60167490686581671 1 0 0 -1 0.30000000000000004
1 0 0 0 1 
1 0 0.14832509313418374 -1 0 
1 -3.1415926535897931 0 1 0 
2 -0.7000000000000004 -0.60167490686581671 1 0 0 -1 0.30000000000000004
1 -0.31999999999999984 0 0 1 
1 -1.0000000000000007 -0.75 0 1 
1 0 0 0 1 
1 -1.0000000000000007 -0.75 0 1 
1 -0.31999999999999984 0 0 1 
1 -0.80000000000000049 -0.75 0 1 
1 0 0.14832509313418329 -1 0 
1 0 0 0 1 
1 0 0 0 1 
1 -0.80000000000000049 -0.75 0 1 
1 -3.1415926535897931 0 1 0 
2 -0.7000000000000004 -0.60167490686581671 1 0 0 -1 0.10000000000000009
1 1.308996938995749 0 0 1 
1 0 0 0 -1 
1 -3.1415926535897931 0.31999999999999984 1 0 
2 -0.7000000000000004 -0.60167490686581671 1 0 0 -1 0.10000000000000009
1 0 -0.31999999999999984 -1 0 
1 -0.72588190451025225 -0.50508232423691002 0.9659258262890692 0.25881904510251763 
1 -0.83187300325950586 0 0 -1 
1 4.4505895925855432 0 0 1 
1 0 0 -1 0 
1 -0.72588190451025225 -0.50508232423691002 0.9659258262890692 0.25881904510251763 
1 9.4247779607693793 0.31999999999999984 -1 0 
2 0 0 1 1.4456028966473383e-15 -1.4456028966473383e-15 1 0.30000000000000021
1 3.1415926535897931 0 0 1 
1 0 0 0 -1 
1 9.4247779607693793 0 -1 0 
2 0 0 1 1.4456028966473383e-15 -1.4456028966473383e-15 1 0.30000000000000021
1 0 -0.31999999999999984 -1 0 
1 0.29999999999999999 0 1.3552527156068805e-16 1 
1 -0.5 0 0 -1 
1 0 0 0 -1 
1 0 0 -1 0 
1 0.29999999999999999 0 1.3552527156068805e-16 1 
1 -0 -0.31999999999999984 -1 0 
1 0.3000000000000001 0.5 -1 0 
1 0 0 -1 0 
1 0.3000000000000001 0.5 -1 0 
1 0 -0.31999999999999984 -1 0 
1 0.10000000000000001 0 1.3552527156068805e-16 1 
1 0 0 0 -1 
1 3.1415926535897931 0 0 1 
1 0 0 -1 0 
1 0.10000000000000001 0 1.3552527156068805e-16 1 
1 -0.5 0 0 -1 
1 -0.20000000000000001 0 0 -1 
1 9.4247779607693758 0 -1 0 
2 0 0 1 4.3368086899420083e-15 -4.3368086899420083e-15 1 0.1000000000000002
1 4.450589592585545 0 0 1 
1 -0.83187300325950564 0 0 -1 
1 9.4247779607693758 0.31999999999999984 -1 0 
2 0 0 1 4.3368086899420083e-15 -4.3368086899420083e-15 1 0.1000000000000002
1 0 -0.31999999999999984 -1 0 
1 -0.77764571353075573 -0.3118971589790962 0.9659258262890692 0.25881904510251763 
1 0 0 0 -1 
1 1.3089969389957501 0 0 1 
1 0 0 -1 0 
1 -0.77764571353075573 -0.3118971589790962 0.9659258262890692 0.25881904510251763 
1 -3.1415926535897931 0.31999999999999984 1 0 
2 -0.7000000000000004 -0.60167490686581671 1 0 0 -1 0.30000000000000004
1 0 0 0 1 
1 0 0.14832509313418374 -1 0 
1 -3.1415926535897931 0 1 0 
2 -0.7000000000000004 -0.60167490686581671 1 0 0 -1 0.30000000000000004
1 -0.31999999999999984 0 0 1 
1 -1.0000000000000007 -0.75 0 1 
1 0 0 0 1 
1 -1.0000000000000007 -0.75 0 1 
1 -0.31999999999999984 0 0 1 
1 -0.80000000000000049 -0.75 0 1 
1 0 0.14832509313418329 -1 0 
1 0 0 0 1 
1 0 0 0 1 
1 -0.80000000000000049 -0.75 0 1 
1 -3.1415926535897931 0 1 0 
2 -0.7000000000000004 -0.60167490686581671 1 0 0 -1 0.10000000000000009
1 1.308996938995749 0 0 1 
1 0 0 0 -1 
1 -3.1415926535897931 0.31999999999999984 1 0 
2 -0.7000000000000004 -0.60167490686581671 1 0 0 -1 0.10000000000000009
1 0 -0.31999999999999984 -1 0 
1 -0.72588190451025225 -0.50508232423691002 0.9659258262890692 0.25881904510251763 
1 -0.83187300325950586 0 0 -1 
1 4.4505895925855432 0 0 1 
1 0 0 -1 0 
1 -0.72588190451025225 -0.50508232423691002 0.9659258262890692 0.25881904510251763 
1 9.4247779607693793 0.31999999999999984 -1 0 
2 0 0 1 1.4456028966473383e-15 -1.4456028966473383e-15 1 0.30000000000000021
1 3.1415926535897931 0 0 1 
1 0 0 0 -1 
1 9.4247779607693793 0 -1 0 
2 0 0 1 1.4456028966473383e-15 -1.4456028966473383e-15 1 0.30000000000000021
1 0 -0.31999999999999984 -1 0 
1 0.29999999999999999 0 1.3552527156068805e-16 1 
1 -0.5 0 0 -1 
1 0 0 0 -1 
1 0 0 -1 0 
1 0.29999999999999999 0 1.3552527156068805e-16 1 
1 -0 -0.31999999999999984 -1 0 
1 0.3000000000000001 0.5 -1 0 
1 0 0 -1 0 
1 0.3000000000000001 0.5 -1 0 
1 0 -0.31999999999999984 -1 0 
1 0.10000000000000001 0 1.3552527156068805e-16 1 
1 0 0 0 -1 
1 3.1415926535897931 0 0 1 
1 0 0 -1 0 
1 0.10000000000000001 0 1.3552527156068805e-16 1 
1 -0.5 0 0 -1 
1 -0.20000000000000001 0 0 -1 
1 9.4247779607693758 0 -1 0 
2 0 0 1 4.3368086899420083e-15 -4.3368086899420083e-15 1 0.1000000000000002
1 4.450589592585545 0 0 1 
1 -0.83187300325950564 0 0 -1 
1 9.4247779607693758 0.31999999999999984 -1 0 
2 0 0 1 4.3368086899420083e-15 -4.3368086899420083e-15 1 0.1000000000000002
1 0 -0.31999999999999984 -1 0 
1 -0.77764571353075573 -0.3118971589790962 0.9659258262890692 0.25881904510251763 
1 0 0 0 -1 
1 1.3089969389957501 0 0 1 
1 0 0 -1 0 
1 -0.77764571353075573 -0.3118971589790962 0.9659258262890692 0.25881904510251763 
1 -3.1415926535897931 0.31999999999999984 1 0 
2 -0.7000000000000004 -0.60167490686581671 1 0 0 -1 0.30000000000000004
1 0 0 0 1 
1 0 0.14832509313418374 -1 0 
1 -3.1415926535897931 0 1 0 
2 -0.7000000000000004 -0.60167490686581671 1 0 0 -1 0.30000000000000004
1 -0.31999999999999984 0 0 1 
1 -1.0000000000000007 -0.75 0 1 
1 0 0 0 1 
1 -1.0000000000000007 -0.75 0 1 
1 -0.31999999999999984 0 0 1 
1 -0.80000000000000049 -0.75 0 1 
1 0 0.14832509313418329 -1 0 
1 0 0 0 1 
1 0 0 0 1 
1 -0.80000000000000049 -0.75 0 1 
1 -3.1415926535897931 0 1 0 
2 -0.7000000000000004 -0.60167490686581671 1 0 0 -1 0.10000000000000009
1 1.308996938995749 0 0 1 
1 0 0 0 -1 
1 -3.1415926535897931 0.31999999999999984 1 0 
2 -0.7000000000000004 -0.60167490686581671 1 0 0 -1 0.10000000000000009
1 0 -0.31999999999999984 -1 0 
1 -0.72588190451025225 -0.50508232423691002 0.9659258262890692 0.25881904510251763 
1 -0.83187300325950586 0 0 -1 
1 4.4505895925855432 0 0 1 
1 0 0 -1 0 
1 -0.72588190451025225 -0.50508232423691002 0.9659258262890692 0.25881904510251763 
1 9.4247779607693793 0.31999999999999984 -1 0 
2 0 0 1 1.4456028966473383e-15 -1.4456028966473383e-15 1 0.30000000000000021
1 3.1415926535897931 0 0 1 
1 0 0 0 -1 
1 9.4247779607693793 0 -1 0 
2 0 0 1 1.4456028966473383e-15 -1.4456028966473383e-15 1 0.30000000000000021
1 0 -0.31999999999999984 -1 0 
1 0.29999999999999999 0 1.3552527156068805e-16 1 
1 -0.5 0 0 -1 
1 0 0 0 -1 
1 0 0 -1 0 
1 0.29999999999999999 0 1.3552527156068805e-16 1 
1 -0 -0.31999999999999984 -1 0 
1 0.3000000000000001 0.5 -1 0 
1 0 0 -1 0 
1 0.3000000000000001 0.5 -1 0 
1 0 -0.3199999999999994 -1 0 
1 0.10000000000000001 0 1.3552527156068805e-16 1 
1 0 0 0 -1 
1 3.1415926535897931 0 0 1 
1 0 0 -1 0 
1 0.10000000000000001 0 1.3552527156068805e-16 1 
1 -0.5 0 0 -1 
1 -0.20000000000000001 0 0 -1 
1 9.4247779607693758 0 -1 0 
2 0 0 1 4.3368086899420083e-15 -4.3368086899420083e-15 1 0.1000000000000002
1 4.450589592585545 0 0 1 
1 -0.83187300325950564 0 0 -1 
1 9.4247779607693758 0.3199999999999994 -1 0 
2 0 0 1 4.3368086899420083e-15 -4.3368086899420083e-15 1 0.1000000000000002
1 0 -0.3199999999999994 -1 0 
1 -0.77764571353075573 -0.3118971589790962 0.9659258262890692 0.25881904510251763 
1 0 0 0 -1 
1 1.3089969389957501 0 0 1 
1 0 0 -1 0 
1 -0.77764571353075573 -0.3118971589790962 0.9659258262890692 0.25881904510251763 
1 -3.1415926535897931 0.3199999999999994 1 0 
2 -0.7000000000000004 -0.60167490686581671 1 0 0 -1 0.30000000000000004
1 0 0 0 1 
1 0 0.14832509313418374 -1 0 
1 -3.1415926535897931 0 1 0 
2 -0.7000000000000004 -0.60167490686581671 1 0 0 -1 0.30000000000000004
1 -0.3199999999999994 0 0 1 
1 -1.0000000000000007 -0.75 0 1 
1 0 0 0 1 
1 -1.0000000000000007 -0.75 0 1 
1 -0.3199999999999994 0 0 1 
1 -0.80000000000000049 -0.75 0 1 
1 0 0.14832509313418329 -1 0 
1 0 0 0 1 
1 0 0 0 1 
1 -0.80000000000000049 -0.75 0 1 
1 -3.1415926535897931 0 1 0 
2 -0.7000000000000004 -0.60167490686581671 1 0 0 -1 0.10000000000000009
1 1.308996938995749 0 0 1 
1 0 0 0 -1 
1 -3.1415926535897931 0.3199999999999994 1 0 
2 -0.7000000000000004 -0.60167490686581671 1 0 0 -1 0.10000000000000009
1 0 -0.3199999999999994 -1 0 
1 -0.72588190451025225 -0.50508232423691002 0.9659258262890692 0.25881904510251763 
1 -0.83187300325950586 0 0 -1 
1 4.4505895925855432 0 0 1 
1 0 0 -1 0 
1 -0.72588190451025225 -0.50508232423691002 0.9659258262890692 0.25881904510251763 
1 9.4247779607693793 0.3199999999999994 -1 0 
2 0 0 1 1.4456028966473383e-15 -1.4456028966473383e-15 1 0.30000000000000021
1 3.1415926535897931 0 0 1 
1 0 0 0 -1 
1 9.4247779607693793 0 -1 0 
2 0 0 1 1.4456028966473383e-15 -1.4456028966473383e-15 1 0.30000000000000021
1 0 -0.3199999999999994 -1 0 
1 0.29999999999999999 0 1.3552527156068805e-16 1 
1 -0.5 0 0 -1 
1 0 0 0 -1 
1 0 0 -1 0 
1 0.29999999999999999 0 1.3552527156068805e-16 1 
1 -0 -0.3199999999999994 -1 0 
1 0.3000000000000001 0.5 -1 0 
1 0 0 -1 0 
1 0.3000000000000001 0.5 -1 0 
Curves 1781
1 -3.6761713385739059 -1.6259285630822453 2.1899999999999999 -0 -0 1 
2 -4.0195086444721912 -1.6259285630822453 2.2000000000000002 0 0 1 1 0 -0 -0 1 0 0.34333730589828587
1 -4.3628459503704775 -1.6259285630822453 2.1899999999999999 -0 -0 1 
2 -4.0195086444721912 -1.6259285630822453 2.1899999999999999 0 0 1 1 0 -0 -0 1 0 0.34333730589828587
1 4.0649999999999986 2.6499999999999999 1.3000000000000003 0 0 -1 
1 -5.1000000000000005 2.6499999999999999 1.1000000000000258 -1 0 0 
1 3.734999999999999 2.6499999999999999 1.3000000000000003 0 0 -1 
1 -5.1000000000000005 2.6499999999999999 1.2999999999999743 1 0 0 
1 3.4149999999999991 2.6499999999999999 1.3000000000000003 0 0 -1 
1 -5.1000000000000005 2.6499999999999999 1.1000000000000258 -1 0 0 
1 3.0849999999999995 2.6499999999999999 1.3000000000000003 0 0 -1 
1 -5.1000000000000005 2.6499999999999999 1.2999999999999743 1 0 0 
1 2.7649999999999997 2.6499999999999999 1.3000000000000003 0 0 -1 
1 -5.1000000000000005 2.6499999999999999 1.1000000000000258 -1 0 0 
1 2.4349999999999992 2.6499999999999999 1.3000000000000003 0 0 -1 
1 -5.1000000000000005 2.6499999999999999 1.2999999999999743 1 0 0 
1 2.1149999999999993 2.6499999999999999 1.3000000000000003 0 0 -1 
1 -5.1000000000000005 2.6499999999999999 1.1000000000000258 -1 0 0 
1 1.7849999999999988 2.6499999999999999 1.3000000000000003 0 0 -1 
1 -5.1000000000000005 2.6499999999999999 1.2999999999999743 1 0 0 
1 1.4649999999999987 2.6499999999999999 1.3000000000000003 0 0 -1 
1 -5.1000000000000005 2.6499999999999999 1.1000000000000258 -1 0 0 
1 1.1349999999999993 2.6499999999999999 1.3000000000000003 0 0 -1 
1 -5.1000000000000005 2.6499999999999999 1.2999999999999743 1 0 0 
1 0.81499999999999928 2.6499999999999999 1.3000000000000003 0 0 -1 
1 -5.1000000000000005 2.6499999999999999 1.1000000000000258 -1 0 0 
1 0.48499999999999976 2.6499999999999999 1.3000000000000003 0 0 -1 
1 -5.1000000000000005 2.6499999999999999 1.2999999999999743 1 0 0 
1 0.16499999999999976 2.6499999999999999 1.3000000000000003 0 0 -1 
1 -5.1000000000000005 2.6499999999999999 1.1000000000000258 -1 0 0 
1 -0.16500000000000059 2.6499999999999999 1.3000000000000003 0 0 -1 
1 -5.1000000000000005 2.6499999999999999 1.2999999999999743 1 0 0 
1 -0.4850000000000006 2.6499999999999999 1.3000000000000003 0 0 -1 
1 -5.1000000000000005 2.6499999999999999 1.1000000000000258 -1 0 0 
1 -0.81500000000000061 2.6499999999999999 1.3000000000000003 0 0 -1 
1 -5.1000000000000005 2.6499999999999999 1.2999999999999743 1 0 0 
1 -1.1350000000000007 2.6499999999999999 1.3000000000000003 0 0 -1 
1 -5.1000000000000005 2.6499999999999999 1.1000000000000258 -1 0 0 
1 -1.4650000000000005 2.6499999999999999 1.3000000000000003 0 0 -1 
1 -5.1000000000000005 2.6499999999999999 1.2999999999999743 1 0 0 
1 -1.7850000000000006 2.6499999999999999 1.3000000000000003 0 0 -1 
1 -5.1000000000000005 2.6499999999999999 1.1000000000000258 -1 0 0 
1 -2.1150000000000007 2.6499999999999999 1.3000000000000003 0 0 -1 
1 -5.1000000000000005 2.6499999999999999 1.2999999999999743 1 0 0 
1 -2.4350000000000005 2.6499999999999999 1.3000000000000003 0 0 -1 
1 -5.1000000000000005 2.6499999999999999 1.1000000000000258 -1 0 0 
1 -2.7650000000000006 2.6499999999999999 1.3000000000000003 0 0 -1 
1 -5.1000000000000005 2.6499999999999999 1.2999999999999743 1 0 0 
1 -3.0850000000000004 2.6499999999999999 1.3000000000000003 0 0 -1 
1 -5.1000000000000005 2.6499999999999999 1.1000000000000258 -1 0 0 
1 -3.4150000000000005 2.6499999999999999 1.3000000000000003 0 0 -1 
1 -5.1000000000000005 2.6499999999999999 1.2999999999999743 1 0 0 
1 -3.7350000000000003 2.6499999999999999 1.3000000000000003 0 0 -1 
1 -5.1000000000000005 2.6499999999999999 1.1000000000000258 -1 0 0 
1 -4.0650000000000013 2.6499999999999999 1.3000000000000003 0 0 -1 
1 -5.1000000000000005 2.6499999999999999 1.2999999999999743 1 0 0 
1 -4.3850000000000007 2.6499999999999999 1.3000000000000003 0 0 -1 
1 -5.1000000000000005 2.6499999999999999 1.1000000000000258 -1 0 0 
1 -4.9500000000000002 2.6499999999999999 2.2000000000000002 -0 -0 1 
1 -5.1000000000000005 2.6499999999999999 1.2999999999999743 1 0 0 
1 4.0649999999999986 -2.6499999999999999 1.3000000000000003 0 0 -1 
1 -5.1000000000000005 -2.6499999999999999 1.2999999999999743 -1 0 0 
1 3.734999999999999 -2.6499999999999999 1.3000000000000003 0 0 -1 
1 5.0999999999999988 -2.6499999999999999 1.1000000000000258 1 0 0 
1 3.4149999999999991 -2.6499999999999999 1.3000000000000003 0 0 -1 
1 -5.1000000000000005 -2.6499999999999999 1.2999999999999743 -1 0 0 
1 3.0849999999999995 -2.6499999999999999 1.3000000000000003 0 0 -1 
1 5.0999999999999988 -2.6499999999999999 1.1000000000000258 1 0 0 
1 2.7649999999999997 -2.6499999999999999 1.3000000000000003 0 0 -1 
1 -5.1000000000000005 -2.6499999999999999 1.2999999999999743 -1 0 0 
1 2.4349999999999992 -2.6499999999999999 1.3000000000000003 0 0 -1 
1 5.0999999999999988 -2.6499999999999999 1.1000000000000258 1 0 0 
1 2.1149999999999993 -2.6499999999999999 1.3000000000000003 0 0 -1 
1 -5.1000000000000005 -2.6499999999999999 1.2999999999999743 -1 0 0 
1 1.7849999999999988 -2.6499999999999999 1.3000000000000003 0 0 -1 
1 5.0999999999999988 -2.6499999999999999 1.1000000000000258 1 0 0 
1 1.4649999999999987 -2.6499999999999999 1.3000000000000003 0 0 -1 
1 -5.1000000000000005 -2.6499999999999999 1.2999999999999743 -1 0 0 
1 1.1349999999999993 -2.6499999999999999 1.3000000000000003 0 0 -1 
1 5.0999999999999988 -2.6499999999999999 1.1000000000000258 1 0 0 
1 0.81499999999999928 -2.6499999999999999 1.3000000000000003 0 0 -1 
1 -5.1000000000000005 -2.6499999999999999 1.2999999999999743 -1 0 0 
1 0.48499999999999976 -2.6499999999999999 1.3000000000000003 0 0 -1 
1 5.0999999999999988 -2.6499999999999999 1.1000000000000258 1 0 0 
1 0.16499999999999976 -2.6499999999999999 1.3000000000000003 0 0 -1 
1 -5.1000000000000005 -2.6499999999999999 1.2999999999999743 -1 0 0 
1 -0.16500000000000059 -2.6499999999999999 1.3000000000000003 0 0 -1 
1 5.0999999999999988 -2.6499999999999999 1.1000000000000258 1 0 0 
1 -0.4850000000000006 -2.6499999999999999 1.3000000000000003 0 0 -1 
1 -5.1000000000000005 -2.6499999999999999 1.2999999999999743 -1 0 0 
1 -0.81500000000000061 -2.6499999999999999 1.3000000000000003 0 0 -1 
1 5.0999999999999988 -2.6499999999999999 1.1000000000000258 1 0 0 
1 -1.1350000000000007 -2.6499999999999999 1.3000000000000003 0 0 -1 
1 -5.1000000000000005 -2.6499999999999999 1.2999999999999743 -1 0 0 
1 -1.4650000000000005 -2.6499999999999999 1.3000000000000003 0 0 -1 
1 5.0999999999999988 -2.6499999999999999 1.1000000000000258 1 0 0 
1 -1.7850000000000006 -2.6499999999999999 1.3000000000000003 0 0 -1 
1 -5.1000000000000005 -2.6499999999999999 1.2999999999999743 -1 0 0 
1 -2.1150000000000007 -2.6499999999999999 1.3000000000000003 0 0 -1 
1 5.0999999999999988 -2.6499999999999999 1.1000000000000258 1 0 0 
1 -2.4350000000000005 -2.6499999999999999 1.3000000000000003 0 0 -1 
1 -5.1000000000000005 -2.6499999999999999 1.2999999999999743 -1 0 0 
1 -2.7650000000000006 -2.6499999999999999 1.3000000000000003 0 0 -1 
1 5.0999999999999988 -2.6499999999999999 1.1000000000000258 1 0 0 
1 -3.0850000000000004 -2.6499999999999999 1.3000000000000003 0 0 -1 
1 -5.1000000000000005 -2.6499999999999999 1.2999999999999743 -1 0 0 
1 -3.4150000000000005 -2.6499999999999999 1.3000000000000003 0 0 -1 
1 5.0999999999999988 -2.6499999999999999 1.1000000000000258 1 0 0 
1 -3.7350000000000003 -2.6499999999999999 1.3000000000000003 0 0 -1 
1 -5.1000000000000005 -2.6499999999999999 1.2999999999999743 -1 0 0 
1 -4.0650000000000013 -2.6499999999999999 1.3000000000000003 0 0 -1 
1 5.0999999999999988 -2.6499999999999999 1.1000000000000258 1 0 0 
1 -4.3850000000000007 -2.6499999999999999 1.3000000000000003 0 0 -1 
1 -5.1000000000000005 -2.6499999999999999 1.2999999999999743 -1 0 0 
1 -4.9500000000000002 -2.6499999999999999 2.2000000000000002 0 0 -1 
1 5.0999999999999988 -2.6499999999999999 1.1000000000000258 1 0 0 
1 3.9654042520754063 1.6114393791910933 2.2000000000000002 -1 -0 -0 
1 3.9918141031488781 1.6114393791910933 2.2000000000000002 0.3667976789509263 0.93030073778118294 -0 
7 0 0  3 4 2  3.8740615191263936 1.3977691273874713 2.2000000000000002  3.896364326430934 1.3977691273874713 2.2000000000000002  3.9136243078422259 1.41326152034096 2.2000000000000002  3.9258934512546437 1.4442463062479365 2.2000000000000002 
 1 4 2 4
7 0 0  3 4 2  3.8576333440485966 1.3998486432205119 2.2000000000000002  3.8621562909842746 1.3984969579294553 2.2000000000000002  3.8676670079407098 1.3977691273874713 2.2000000000000002  3.8740615191263936 1.3977691273874713 2.2000000000000002 
 2 4 3 4
1 3.8576333440485966 1.3998486432205117 2.2000000000000002 -0 -1 -0 
7 0 0  3 4 2  3.8720859790848712 1.4196040436301958 2.2000000000000002  3.8674070684619277 1.4196040436301958 2.2000000000000002  3.8626241820467753 1.4205398257552062 2.2000000000000002  3.8576333440485966 1.4225153657967293 2.2000000000000002 
 4 4 5 4
7 0 0  3 4 2  3.8981839027844916 1.4400872745818634 2.2000000000000002  3.8924132463492751 1.4263624700868716 2.2000000000000002  3.883731267748217 1.4196040436301958 2.2000000000000002  3.8720859790848712 1.4196040436301958 2.2000000000000002 
 5 4 6 4
1 3.8981839027844916 1.4400872745818634 2.2000000000000002 -0.38975826506546241 -0.92091720301727498 -0 
1 3.9093613003853278 1.4664971256567219 2.2000000000000002 0.36585892166935452 -0.93067032263575333 -0 
1 3.8523825665709417 1.6114393791910933 2.2000000000000002 -1 -0 -0 
1 3.8808719334781396 1.6114393791910933 2.2000000000000002 -0.32834616481251144 0.944557460429441 -0 
1 3.9188230974234322 1.5022647979774646 2.2000000000000002 -0.25242189718784763 0.96761727238618866 -0 
1 3.9219423711729839 1.4903075819395821 2.2000000000000002 -1 -0 -0 
7 0 0  3 4 2  3.9257374875673721 1.5020568463944384 2.2000000000000002  3.9241778506932903 1.4969620326047406 2.2000000000000002  3.9231380927753885 1.4930109525230817 2.2000000000000002  3.9226182138178185 1.4903075819395821 2.2000000000000002 
 12 4 13 4
1 3.9257374875673721 1.5020568463944381 2.2000000000000002 -0.34091779621872587 -0.94009311039990462 -0 
7 0 0  3 4 2  3.6539967561377886 1.6147666045236735 2.2000000000000002  3.6350731620608974 1.6147666045236735 2.2000000000000002  3.6183850475036161 1.6102956454830566 2.2000000000000002  3.6039844003624033 1.6012497516117077 2.2000000000000002 
 0 4 1 4
7 0 0  3 4 2  3.7065045309115661 1.5596594349579056 2.2000000000000002  3.7065045309115661 1.5964668651965555 2.2000000000000002  3.6889846100214867 1.6147666045236735 2.2000000000000002  3.6539967561377886 1.6147666045236735 2.2000000000000002 
 1 4 2 4
1 3.7065045309115661 1.5596594349579054 2.2000000000000002 -0 1 -0 
1 3.7065045309115661 1.4661851982821781 2.2000000000000002 1 -0 -0 
1 3.681030461961718 1.4661851982821781 2.2000000000000002 -0 -1 -0 
1 3.681030461961718 1.4886439692739819 2.2000000000000002 1 -0 -0 
7 0 0  3 4 2  3.6358529804979338 1.462753997158081 2.2000000000000002  3.6554524172203546 1.462753997158081 2.2000000000000002  3.6703209554240694 1.4713839878633848 2.2000000000000002  3.6803546193161911 1.4886439692739819 2.2000000000000002 
 6 4 7 4
7 0 0  3 4 2  3.6022687998010481 1.4741913342370141 2.2000000000000002  3.6105868631311138 1.4666011014482312 2.2000000000000002  3.6217642607319576 1.462753997158081 2.2000000000000002  3.6358529804979338 1.462753997158081 2.2000000000000002 
 7 4 8 4
7 0 0  3 4 2  3.5897917048049086 1.5050721443524733 2.2000000000000002  3.5897917048049086 1.4920751703980792 2.2000000000000002  3.5939507364702892 1.4817815670257972 2.2000000000000002  3.6022687998010481 1.4741913342370141 2.2000000000000002 
 8 4 9 4
7 0 0  3 4 2  3.6379844842260365 1.5524851053365627 2.2000000000000002  3.6058559646124162 1.5480141462959542 2.2000000000000002  3.5897917048049086 1.5322098259679215 2.2000000000000002  3.5897917048049086 1.5050721443524733 2.2000000000000002 
 9 4 10 4
1 3.6379844842260365 1.5524851053365627 2.2000000000000002 -0.99032860398812672 -0.13874168848233043 -0 
7 0 0  3 4 2  3.6516053129302124 1.594075421988979 2.2000000000000002  3.6712047496526319 1.594075421988979 2.2000000000000002  3.6810304619617185 1.5822221817426059 2.2000000000000002  3.6810304619617189 1.5585157012512629 2.2000000000000002 
 11 4 12 4
7 0 0  3 4 2  3.6039844003624038 1.5765035132024496 2.2000000000000002  3.6183330596078616 1.5881488018657965 2.2000000000000002  3.6341893678316484 1.594075421988979 2.2000000000000002  3.6516053129302124 1.594075421988979 2.2000000000000002 
 12 4 13 4
1 3.6039844003624033 1.5765035132024496 2.2000000000000002 -0 -1 -0 
1 3.5654093816673371 1.4893717998159659 2.2000000000000002 -0 1 -0 
1 3.5654093816673371 1.4661851982821781 2.2000000000000002 1 -0 -0 
1 3.4560268488706805 1.4661851982821781 2.2000000000000002 -0 -1 -0 
1 3.4560268488706805 1.6695618467135114 2.2000000000000002 -1 -0 -0 
1 3.5607824589394554 1.6695618467135114 2.2000000000000002 -0 1 -0 
1 3.5607824589394554 1.6461672935967024 2.2000000000000002 1 -0 -0 
1 3.4822807362575734 1.6461672935967024 2.2000000000000002 -0 1 -0 
1 3.4822807362575734 1.5810784480345756 2.2000000000000002 -1 -0 -0 
1 3.5550118025042305 1.5810784480345756 2.2000000000000002 -0 1 -0 
1 3.5550118025042305 1.5577878707092787 2.2000000000000002 1 -0 -0 
1 3.4822807362575734 1.5577878707092787 2.2000000000000002 -0 1 -0 
1 3.4822807362575734 1.4893717998159659 2.2000000000000002 -1 -0 -0 
7 0 0  3 4 2  3.6675655969455079 1.7853908785909167 2.2000000000000002  3.6901283437295156 1.7853908785909167 2.2000000000000002  3.7088959741191423 1.7893419586725774 2.2000000000000002  3.7238684881143671 1.7972441188372845 2.2000000000000002 
 0 4 1 4
7 0 0  3 4 2  3.5976938649689214 1.8131524149568266 2.2000000000000002  3.6151098100674854 1.7946447240466818 2.2000000000000002  3.6384003873927826 1.7853908785909167 2.2000000000000002  3.6675655969455079 1.7853908785909167 2.2000000000000002 
 1 4 2 4
7 0 0  3 4 2  3.5715959412693077 1.8866632996398383 2.2000000000000002  3.5715959412693077 1.8561983926918126 2.2000000000000002  3.5802779198703578 1.8316601058669721 2.2000000000000002  3.5976938649689214 1.8131524149568266 2.2000000000000002 
 2 4 3 4
7 0 0  3 4 2  3.6009691024050534 1.9656849012799822 2.2000000000000002  3.5813696656826326 1.945721549287265 2.2000000000000002  3.5715959412693077 1.9194156740039268 2.2000000000000002  3.5715959412693077 1.8866632996398383 2.2000000000000002 
 3 4 4 4
7 0 0  3 4 2  3.6756757086925478 1.9956299292704403 2.2000000000000002  3.6454707412239951 1.9956299292704403 2.2000000000000002  3.6205685391281657 1.9856482532740822 2.2000000000000002  3.6009691024050534 1.9656849012799822 2.2000000000000002 
 4 4 5 4
7 0 0  3 4 2  3.7238684881143671 1.98731186593968 2.2000000000000002  3.7111834415352014 1.9928225828968111 2.2000000000000002  3.6951191817276956 1.9956299292704403 2.2000000000000002  3.6756757086925478 1.9956299292704403 2.2000000000000002 
 5 4 6 4
1 3.7238684881143671 1.98731186593968 2.2000000000000002 -0 1 -0 
7 0 0  3 4 2  3.6759356481720227 1.9719234487777042 2.2000000000000002  3.6933515932698922 1.9719234487777042 2.2000000000000002  3.7093118772858902 1.967972368696044 2.2000000000000002  3.7238684881143671 1.959862256949696 2.2000000000000002 
 7 4 8 4
7 0 0  3 4 2  3.620516551232412 1.9493607019943864 2.2000000000000002  3.634813222581422 1.964437191780436 2.2000000000000002  3.6532689255964983 1.9719234487777042 2.2000000000000002  3.6759356481720227 1.9719234487777042 2.2000000000000002 
 8 4 9 4
7 0 0  3 4 2  3.5991495260521886 1.8882229365153087 2.2000000000000002  3.5991495260521886 1.9138009812566685 2.2000000000000002  3.6062718677784704 1.934180236415437 2.2000000000000002  3.620516551232412 1.9493607019943864 2.2000000000000002 
 9 4 10 4
7 0 0  3 4 2  3.6191128780449069 1.830204444784401 2.2000000000000002  3.6058039767159675 1.8445531040298573 2.2000000000000002  3.5991495260521886 1.8638926012734933 2.2000000000000002  3.5991495260521886 1.8882229365153087 2.2000000000000002 
 10 4 11 4
7 0 0  3 4 2  3.671360713339896 1.8087854317077268 2.2000000000000002  3.6498377244724085 1.8087854317077268 2.2000000000000002  3.6324217793738458 1.8159597613304554 2.2000000000000002  3.6191128780449069 1.830204444784401 2.2000000000000002 
 11 4 12 4
7 0 0  3 4 2  3.7238684881143671 1.8224062604125919 2.2000000000000002  3.7089999499106514 1.813360366539853 2.2000000000000002  3.69148002902058 1.8087854317077268 2.2000000000000002  3.671360713339896 1.8087854317077268 2.2000000000000002 
 12 4 13 4
1 3.7238684881143671 1.8224062604125917 2.2000000000000002 -0 1 -0 
1 4.8431202380954108 2.5235132487678458 2.2000000000000002 -0 1 -0 
1 -4.9735132487678451 2.3931202380954124 2.2000000000000002 -1 -0 -0 
1 -4.8431202380954126 -2.5235132487678458 2.2000000000000002 0 -1 -0 
1 4.9735132487678433 -2.3931202380954124 2.2000000000000002 1 -0 -0 
2 -4.0195086444721912 -1.6259285630822453 2.2000000000000002 0 0 1 1 0 -0 -0 1 0 0.34333730589828587
1 3.5632778779392353 1.8120086812487948 2.2000000000000002 -0 1 -0 
1 3.5632778779392353 1.7888220797150112 2.2000000000000002 1 -0 -0 
1 3.4560268488706805 1.7888220797150112 2.2000000000000002 -0 -1 -0 
1 3.4560268488706805 1.9921987281463458 2.2000000000000002 -1 -0 -0 
1 3.4822807362575734 1.9921987281463458 2.2000000000000002 -0 1 -0 
1 3.4822807362575734 1.8120086812487948 2.2000000000000002 -1 -0 -0 
1 3.8739575433341908 1.8120086812487948 2.2000000000000002 -0 1 -0 
1 3.8739575433341908 1.7888220797150112 2.2000000000000002 1 -0 -0 
1 3.7645750105382292 1.7888220797150112 2.2000000000000002 -0 -1 -0 
1 3.7645750105382292 1.9921987281463458 2.2000000000000002 -1 -0 -0 
1 3.8693306206070033 1.9921987281463458 2.2000000000000002 -0 1 -0 
1 3.8693306206070033 1.9688041750295353 2.2000000000000002 1 -0 -0 
1 3.7908288979251141 1.9688041750295353 2.2000000000000002 -0 1 -0 
1 3.7908288979251141 1.9037153294674112 2.2000000000000002 -1 -0 -0 
1 3.8635599641710847 1.9037153294674112 2.2000000000000002 -0 1 -0 
1 3.8635599641710847 1.8804247521421142 2.2000000000000002 1 -0 -0 
1 3.7908288979251141 1.8804247521421142 2.2000000000000002 -0 1 -0 
1 3.7908288979251141 1.8120086812487948 2.2000000000000002 -1 -0 -0 
1 3.9683155742405529 1.7888220797150112 2.2000000000000002 1 -0 -0 
1 3.9123765983426777 1.7888220797150112 2.2000000000000002 -0 -1 -0 
1 3.9123765983426777 1.9921987281463458 2.2000000000000002 -1 -0 -0 
7 0 0  3 4 2  4.0472851879849356 1.965268998113928 2.2000000000000002  4.026853944929031 1.9832568100665062 2.2000000000000002  4.0012239122919118 1.9921987281463458 2.2000000000000002  3.9703950900735854 1.9921987281463458 2.2000000000000002 
 2 4 3 4
7 0 0  3 4 2  4.0779580465159908 1.893109798721974 2.2000000000000002  4.0779580465159908 1.9232627782940741 2.2000000000000002  4.06771643104085 1.9472811861613495 2.2000000000000002  4.0472851879849356 1.965268998113928 2.2000000000000002 
 3 4 4 4
7 0 0  3 4 2  4.0472851879849356 1.8173114466215134 2.2000000000000002  4.06771643104085 1.8363390164906102 2.2000000000000002  4.0779580465159908 1.8616051338574304 2.2000000000000002  4.0779580465159908 1.893109798721974 2.2000000000000002 
 4 4 5 4
7 0 0  3 4 2  3.9683155742405534 1.7888220797150112 2.2000000000000002  4.0004960817499358 1.7888220797150112 2.2000000000000002  4.026853944929031 1.798283876753803 2.2000000000000002  4.0472851879849356 1.8173114466215134 2.2000000000000002 
 5 4 6 4
1 4.1947748484141565 1.9921987281463458 2.2000000000000002 -0.35593572436987636 0.93451043874174644 -0 
1 4.2722368131802124 1.7888220797150112 2.2000000000000002 1 -0 -0 
1 4.2432275673147597 1.7888220797150112 2.2000000000000002 0.3493954794691575 -0.93697534595447995 -0 
1 4.22248439688431 1.8444491282383437 2.2000000000000002 1 -0 -0 
1 4.1377961145997695 1.8444491282383437 2.2000000000000002 0.33152841835039526 0.94344523308249606 -0 
1 4.1182486657731046 1.7888220797150112 2.2000000000000002 1 -0 -0 
1 4.0892394199090374 1.7888220797150112 2.2000000000000002 -0.35593572436430737 -0.93451043874386752 -0 
1 4.166701384673706 1.9921987281463458 2.2000000000000002 -1 -0 -0 
7 0 0  3 4 2  3.7829267377611009 1.4835491554842941 2.2000000000000002  3.7679542237658694 1.4835491554842941 2.2000000000000002  3.7540214676871657 1.488228066107929 2.2000000000000002  3.7410244937334558 1.4975858873538213 2.2000000000000002 
 0 4 1 4
7 0 0  3 4 2  3.8129757415423819 1.503200580102467 2.2000000000000002  3.8129757415423819 1.4900996303565559 2.2000000000000002  3.8029420776502674 1.4835491554842941 2.2000000000000002  3.7829267377611009 1.4835491554842941 2.2000000000000002 
 1 4 2 4
7 0 0  3 4 2  3.8064252666694265 1.5170293603889695 2.2000000000000002  3.8107922499185256 1.5133902076818539 2.2000000000000002  3.8129757415423819 1.5088152728511139 2.2000000000000002  3.8129757415423819 1.503200580102467 2.2000000000000002 
 2 4 3 4
7 0 0  3 4 2  3.7797554761164869 1.5300263343433718 2.2000000000000002  3.7931683532369345 1.5250354963451913 2.2000000000000002  3.8020582834210193 1.520668513096092 2.2000000000000002  3.8064252666694265 1.5170293603889695 2.2000000000000002 
 3 4 4 4
7 0 0  3 4 2  3.7484067749392116 1.5492618557954934 2.2000000000000002  3.7531896613543654 1.5429193325062567 2.2000000000000002  3.7636912163089811 1.5364728334241247 2.2000000000000002  3.7797554761164869 1.5300263343433718 2.2000000000000002 
 4 4 5 4
7 0 0  3 4 2  3.7411804574207275 1.5722405057462547 2.2000000000000002  3.7411804574207275 1.5632985876650292 2.2000000000000002  3.743571900628305 1.5556043790847289 2.2000000000000002  3.7484067749392116 1.5492618557954934 2.2000000000000002 
 5 4 6 4
7 0 0  3 4 2  3.7575046567070167 1.6032252916518439 2.2000000000000002  3.746639186481409 1.5954271072800343 2.2000000000000002  3.7411804574207275 1.5851335039077536 2.2000000000000002  3.7411804574207275 1.5722405057462547 2.2000000000000002 
 6 4 7 4
7 0 0  3 4 2  3.7977432880683684 1.6147666045236735 2.2000000000000002  3.7818349919488261 1.6147666045236735 2.2000000000000002  3.7684221148283781 1.6109195002335235 2.2000000000000002  3.7575046567070167 1.6032252916518439 2.2000000000000002 
 7 4 8 4
7 0 0  3 4 2  3.8321592750987485 1.6083201054415333 2.2000000000000002  3.8215537443519292 1.6126870886906328 2.2000000000000002  3.8101164072723033 1.6147666045236735 2.2000000000000002  3.7977432880683684 1.6147666045236735 2.2000000000000002 
 8 4 9 4
1 3.8321592750987485 1.608320105441533 2.2000000000000002 -0 1 -0 
7 0 0  3 4 2  3.795247869069283 1.594075421988979 2.2000000000000002  3.809024661460723 1.594075421988979 2.2000000000000002  3.8212938048731409 1.590540245073373 2.2000000000000002  3.8321592750987485 1.5835738670336705 2.2000000000000002 
 10 4 11 4
7 0 0  3 4 2  3.7751805412843615 1.5886686808233585 2.2000000000000002  3.7803273429698052 1.5923078335304823 2.2000000000000002  3.787033781530726 1.594075421988979 2.2000000000000002  3.795247869069283 1.594075421988979 2.2000000000000002 
 11 4 12 4
7 0 0  3 4 2  3.7674343448076133 1.5745279731623139 2.2000000000000002  3.7674343448076133 1.5803506174925996 2.2000000000000002  3.770033739598909 1.5851335039077536 2.2000000000000002  3.7751805412843615 1.5886686808233585 2.2000000000000002 
 12 4 13 4
7 0 0  3 4 2  3.7729970496598111 1.5610111202503483 2.2000000000000002  3.7693059090569334 1.5642343697900316 2.2000000000000002  3.7674343448076133 1.5687053288306403 2.2000000000000002  3.7674343448076133 1.5745279731623139 2.2000000000000002 
 13 4 14 4
7 0 0  3 4 2  3.7977432880683684 1.5485340252535165 2.2000000000000002  3.7849542656976931 1.5535248632516965 2.2000000000000002  3.7767401781591379 1.5576838949177696 2.2000000000000002  3.7729970496598111 1.5610111202503483 2.2000000000000002 
 14 4 15 4
7 0 0  3 4 2  3.8305996382239726 1.5297144069688347 2.2000000000000002  3.824880969684509 1.5361609060495809 2.2000000000000002  3.8139635115631472 1.5425034293388165 2.2000000000000002  3.7977432880683684 1.5485340252535165 2.2000000000000002 
 15 4 16 4
7 0 0  3 4 2  3.8391256531377578 1.5056959991015539 2.2000000000000002  3.8391256531377578 1.5152617719318602 2.2000000000000002  3.8362663188676809 1.523267907888082 2.2000000000000002  3.8305996382239726 1.5297144069688347 2.2000000000000002 
 16 4 17 4
7 0 0  3 4 2  3.8227494659557149 1.4742953100285232 2.2000000000000002  3.8336669240770767 1.4818855428186937 2.2000000000000002  3.8391256531377578 1.4923870977726148 2.2000000000000002  3.8391256531377578 1.5056959991015539 2.2000000000000002 
 17 4 18 4
7 0 0  3 4 2  3.7804313187620155 1.462753997158081 2.2000000000000002  3.7977432880683684 1.462753997158081 2.2000000000000002  3.8118839957301072 1.4666011014482312 2.2000000000000002  3.8227494659557149 1.4742953100285232 2.2000000000000002 
 18 4 19 4
7 0 0  3 4 2  3.7410244937334562 1.4712800120718745 2.2000000000000002  3.7522538792293618 1.4656653193232287 2.2000000000000002  3.7653548289752741 1.462753997158081 2.2000000000000002  3.7804313187620155 1.462753997158081 2.2000000000000002 
 19 4 20 4
1 3.7410244937334558 1.4712800120718743 2.2000000000000002 -0 -1 -0 
1 4.1286462449369044 1.4893717998159659 2.2000000000000002 -0 1 -0 
1 4.1286462449369044 1.4661851982821781 2.2000000000000002 1 -0 -0 
1 4.0192637121402495 1.4661851982821781 2.2000000000000002 -0 -1 -0 
1 4.0192637121402495 1.6695618467135114 2.2000000000000002 -1 -0 -0 
1 4.1240193222090156 1.6695618467135114 2.2000000000000002 -0 1 -0 
1 4.1240193222090156 1.6461672935967024 2.2000000000000002 1 -0 -0 
1 4.0455175995278267 1.6461672935967024 2.2000000000000002 -0 1 -0 
1 4.0455175995278267 1.5810784480345756 2.2000000000000002 -1 -0 -0 
1 4.1182486657731046 1.5810784480345756 2.2000000000000002 -0 1 -0 
1 4.1182486657731046 1.5577878707092787 2.2000000000000002 1 -0 -0 
1 4.0455175995278267 1.5577878707092787 2.2000000000000002 -0 1 -0 
1 4.0455175995278267 1.4893717998159659 2.2000000000000002 -1 -0 -0 
1 4.223004275843266 1.4661851982821781 2.2000000000000002 1 -0 -0 
1 4.1670652999453921 1.4661851982821781 2.2000000000000002 -0 -1 -0 
1 4.1670652999453921 1.6695618467135114 2.2000000000000002 -1 -0 -0 
7 0 0  3 4 2  4.3019738895862636 1.6426321166810938 2.2000000000000002  4.2815426465317374 1.660619928632286 2.2000000000000002  4.2559126138932379 1.6695618467135114 2.2000000000000002  4.225083791674912 1.6695618467135114 2.2000000000000002 
 2 4 3 4
7 0 0  3 4 2  4.3326467481187043 1.5704729172877581 2.2000000000000002  4.3326467481187043 1.6006258968612412 2.2000000000000002  4.3224051326421753 1.6246443047285153 2.2000000000000002  4.3019738895862636 1.6426321166810938 2.2000000000000002 
 3 4 4 4
7 0 0  3 4 2  4.3019738895862636 1.4946745651886819 2.2000000000000002  4.3224051326421753 1.5137021350577771 2.2000000000000002  4.3326467481187043 1.5389682524232113 2.2000000000000002  4.3326467481187043 1.5704729172877581 2.2000000000000002 
 4 4 5 4
7 0 0  3 4 2  4.2230042758432669 1.4661851982821783 2.2000000000000002  4.2551847833526404 1.4661851982821783 2.2000000000000002  4.2815426465317374 1.4756469953195879 2.2000000000000002  4.3019738895862636 1.4946745651886819 2.2000000000000002 
 5 4 6 4
1 4.4494635500168709 1.6695618467135114 2.2000000000000002 -0.3559357243643097 0.93451043874386663 -0 
1 4.5269255147815395 1.4661851982821781 2.2000000000000002 1 -0 -0 
1 4.4979162689174723 1.4661851982821781 2.2000000000000002 0.34939547949732397 -0.9369753459439768 -0 
1 4.4771730984856353 1.521812246804122 2.2000000000000002 1 -0 -0 
1 4.3924848162010894 1.521812246804122 2.2000000000000002 0.33152841835765701 0.94344523307994432 -0 
1 4.3729373673744316 1.4661851982821781 2.2000000000000002 1 -0 -0 
1 4.3439281215089771 1.4661851982821781 2.2000000000000002 -0.35593572436987864 -0.93451043874174555 -0 
1 4.421390086275033 1.6695618467135114 2.2000000000000002 -1 -0 -0 
7 0 0  3 4 2  3.2894653185758247 1.667918058720528 2.2000000000000002  3.2880193534688993 1.7546772337949383 2.2000000000000002  3.2287338463794266 1.8313145703828719 2.2000000000000002  3.1463126217851469 1.8573423284223076 2.2000000000000002 
 35 4 36 4
7 0 0  3 4 2  3.2359637822320666 1.5305492775162184 2.2000000000000002  3.2706674963904172 1.5681449218870345 2.2000000000000002  3.2894653185758247 1.6173085077506648 2.2000000000000002  3.2894653185758247 1.667918058720528 2.2000000000000002 
 34 4 35 4
7 0 0  3 4 2  3.1043789717748504 1.4654798548396897 2.2000000000000002  3.1549885227440231 1.469817805319819 2.2000000000000002  3.2012601232351385 1.4929536331453943 2.2000000000000002  3.2359637822320666 1.5305492775162184 2.2000000000000002 
 33 4 34 4
1 3.1000410212947211 1.4654798548396897 2.2000000000000002 1 0 0 
7 0 0  3 4 2  2.9771321117963803 1.5103054350645331 2.2000000000000002  2.9771321117963803 1.4871696623989952 2.2000000000000002  2.9959299339810967 1.4669258199459223 2.2000000000000002  3.0190657618066763 1.4654798548396897 2.2000000000000002 
 28 4 29 4
7 0 0  3 4 2  3.0219576920198388 1.5551310152879887 2.2000000000000002  2.9973758990880253 1.5551310152879887 2.2000000000000002  2.9771321117963803 1.53488717283631 2.2000000000000002  2.9771321117963803 1.5103054350645331 2.2000000000000002 
 27 4 28 4
7 0 0  3 4 2  3.0306335929794082 1.5536850501817563 2.2000000000000002  3.027741607606206 1.5536850501817563 2.2000000000000002  3.0248496222330035 1.5551310152879887 2.2000000000000002  3.0219576920198388 1.5551310152879887 2.2000000000000002 
 26 4 27 4
1 3.095703015655245 1.5536850501817563 2.2000000000000002 -1 0 0 
7 0 0  3 4 2  3.1998141029681757 1.666472038454254 2.2000000000000002  3.1998141029681757 1.6071865589441103 2.2000000000000002  3.1549885227440231 1.5580230006618854 2.2000000000000002  3.095703015655245 1.5536850501817563 2.2000000000000002 
 24 4 25 4
7 0 0  3 4 2  3.0870271146956765 1.7792590267267527 2.2000000000000002  3.1492045519983116 1.7792590267267527 2.2000000000000002  3.1998141029681757 1.7286494757568887 2.2000000000000002  3.1998141029681757 1.666472038454254 2.2000000000000002 
 23 4 24 4
7 0 0  3 4 2  3.0754592283629054 1.7792590267267527 2.2000000000000002  3.0797971788423428 1.7792590267267527 2.2000000000000002  3.0826891642155463 1.7792590267267527 2.2000000000000002  3.0870271146956765 1.7792590267267527 2.2000000000000002 
 22 4 23 4
7 0 0  3 4 2  2.8730210244827563 1.9600074230482909 2.2000000000000002  2.9771321117963803 1.9600074230482909 2.2000000000000002  3.0638913420301366 1.8804781286664816 2.2000000000000002  3.0754592283629054 1.7792590267267527 2.2000000000000002 
 21 4 22 4
7 0 0  3 4 2  2.6792587767215195 1.821192731896395 2.2000000000000002  2.7067324998664977 1.9021679362257868 2.2000000000000002  2.7819238437681766 1.9600074230482909 2.2000000000000002  2.8730210244827563 1.9600074230482909 2.2000000000000002 
 20 4 21 4
7 0 0  3 4 2  2.602621467712912 1.8428825394557002 2.2000000000000002  2.6300952184386026 1.8428825394557002 2.2000000000000002  2.6575689691636 1.834206610916806 2.2000000000000002  2.6792587767215195 1.821192731896395 2.2000000000000002 
 19 4 20 4
7 0 0  3 4 2  2.458022750655958 1.6982838223987471 2.2000000000000002  2.458022750655958 1.7778131167805564 2.2000000000000002  2.5230921733317944 1.8428825394557002 2.2000000000000002  2.602621467712912 1.8428825394557002 2.2000000000000002 
 18 4 19 4
7 0 0  3 4 2  2.5447819808904084 1.5652529916745697 2.2000000000000002  2.4941724299205439 1.5883887919187392 2.2000000000000002  2.458022750655958 1.6389983428886024 2.2000000000000002  2.458022750655958 1.6982838223987471 2.2000000000000002 
 17 4 18 4
7 0 0  3 4 2  2.6807047694084676 1.6606881504479074 2.2000000000000002  2.6185273045258133 1.6606881504479074 2.2000000000000002  2.5650257957627658 1.6202005207045798 2.2000000000000002  2.5447819808904084 1.5652529916745697 2.2000000000000002 
 16 4 17 4
7 0 0  3 4 2  2.7891538072015285 1.6115245921643018 2.2000000000000002  2.7631260491627856 1.6418903282624975 2.2000000000000002  2.7240843845256917 1.6606881504479074 2.2000000000000002  2.6807047694084676 1.6606881504479074 2.2000000000000002 
 15 4 16 4
1 2.9829160825420917 1.7127436941040266 2.2000000000000002 -0.88634884279586179 -0.46301806538669393 0 
1 3.0277416627662443 1.636106357516093 2.2000000000000002 -0.50488304864992151 0.86318775894121724 0 
1 2.8253034588860939 1.5291033124099775 2.2000000000000002 0.88409495024788098 0.46730730675455612 0 
7 0 0  3 4 2  2.8253034588860939 1.5146434407033122 2.2000000000000002  2.8253034588860939 1.5189813911834493 2.2000000000000002  2.8253034588860939 1.5233193416635786 2.2000000000000002  2.8253034588860939 1.5291033124099778 2.2000000000000002 
 11 4 12 4
7 0 0  3 4 2  2.6807047418284475 1.3700447236463642 2.2000000000000002  2.7602340362095639 1.3700447236463642 2.2000000000000002  2.8253034588860939 1.4351141463215054 2.2000000000000002  2.8253034588860939 1.5146434407033122 2.2000000000000002 
 10 4 11 4
7 0 0  3 4 2  2.5433359468334316 1.4683718402135797 2.2000000000000002  2.5621337828088508 1.410532353389691 2.2000000000000002  2.6170812842588451 1.3700447236463642 2.2000000000000002  2.6807047418284475 1.3700447236463642 2.2000000000000002 
 9 4 10 4
7 0 0  3 4 2  2.4276569731884234 1.5377792133688581 2.2000000000000002  2.4594686881821746 1.5030754992105073 2.2000000000000002  2.4985103528199621 1.4799397265463488 2.2000000000000002  2.5433359468334316 1.4683718402135797 2.2000000000000002 
 8 4 9 4
7 0 0  3 4 2  2.3669255147820336 1.6953917818661988 2.2000000000000002  2.3669255147820336 1.6375522950423089 2.2000000000000002  2.3886153223399531 1.5811587733260442 2.2000000000000002  2.4276569731884234 1.5377792133688581 2.2000000000000002 
 7 4 8 4
7 0 0  3 4 2  2.4348869504110922 1.8602343000048072 2.2000000000000002  2.3915072973709943 1.8168546986775922 2.2000000000000002  2.3669255147820336 1.7575692191674477 2.2000000000000002  2.3669255147820336 1.6953917818661988 2.2000000000000002 
 6 4 7 4
7 0 0  3 4 2  2.6011754750266576 1.9296416869500927 2.2000000000000002  2.5389980239340133 1.9296416869500927 2.2000000000000002  2.4797125582145698 1.9050599078096726 2.2000000000000002  2.4348869504110922 1.8602343000048072 2.2000000000000002 
 5 4 6 4
7 0 0  3 4 2  2.6344331689180405 1.9267497153675914 2.2000000000000002  2.6228652825852703 1.9281957080538463 2.2000000000000002  2.6127433613594278 1.9296416869500927 2.2000000000000002  2.6011754750266576 1.9296416869500927 2.2000000000000002 
 4 4 5 4
7 0 0  3 4 2  2.6980565989069296 1.9903731522507928 2.2000000000000002  2.6734748059751148 1.9730213020673175 2.2000000000000002  2.6532309911034502 1.9513314945093965 2.2000000000000002  2.6344331689180405 1.9267497153675914 2.2000000000000002 
 3 4 4 4
7 0 0  3 4 2  2.8715750593758278 2.0467666532827407 2.2000000000000002  2.8079516293869369 2.0467666532827407 2.2000000000000002  2.7486661498774851 2.0265228332396501 2.2000000000000002  2.6980565989069296 1.9903731522507928 2.2000000000000002 
 2 4 3 4
7 0 0  3 4 2  3.0682292925102668 1.9715753162753733 2.2000000000000002  3.0132817910602721 2.0192928973870092 2.2000000000000002  2.9438744179043046 2.0467666532827407 2.2000000000000002  2.8715750593758278 2.0467666532827407 2.2000000000000002 
 1 4 2 4
7 0 0  3 4 2  3.1463126217851469 1.8573423284223076 2.2000000000000002  3.1304067849729402 1.9007219435381462 2.2000000000000002  3.1029330066679237 1.9397635943866181 2.2000000000000002  3.0682292925102668 1.9715753162753733 2.2000000000000002 
 0 4 1 4
1 5.0999999999999988 -2.6499999999999999 1.2999999999999743 0 -1 0 
1 5.0999999999999988 -2.5 2.2000000000000002 0 0 -1 
1 5.0999999999999988 2.6499999999999999 1.1000000000000258 0 1 0 
1 5.0999999999999988 2.5 2.2000000000000002 -0 -0 1 
1 -5.1000000000000005 2.6499999999999999 1.1000000000000258 -1 0 0 
1 4.384999999999998 2.6499999999999999 1.3000000000000003 0 0 -1 
1 -5.1000000000000005 2.6499999999999999 1.2999999999999743 1 0 0 
1 4.9499999999999993 2.6499999999999999 2.2000000000000002 0 0 -1 
1 -5.1000000000000005 -2.6499999999999999 1.1000000000000258 0 -1 0 
1 -5.1000000000000005 -2.5 2.2000000000000002 -0 -0 1 
1 -5.1000000000000005 -2.6499999999999999 1.2999999999999743 0 1 0 
1 -5.1000000000000005 2.5 2.2000000000000002 0 0 -1 
1 -5.1000000000000005 -2.6499999999999999 1.2999999999999743 -1 0 0 
1 4.384999999999998 -2.6499999999999999 1.3000000000000003 0 0 -1 
1 5.0999999999999988 -2.6499999999999999 1.1000000000000258 1 0 0 
1 4.9499999999999993 -2.6499999999999999 2.2000000000000002 -0 -0 1 
1 4.8431202380954117 0 0.20000000000000001 0 -1 0 
1 0 -2.3931202380954124 0.20000000000000001 -1 0 0 
1 -4.8431202380954135 0 0.20000000000000001 0 1 0 
1 0 2.3931202380954124 0.20000000000000001 1 0 0 
7 1 0  3 4 2  -4.9500000000000011 -2.6499999999999999 1.1000000000000258  1 -4.9504842609761353 -2.6499999999999999 1.1000000000000258  0.99999218311994664 -4.9509685162741546 -2.649997654931401 1.0999833139699209  0.99999218311994664 -4.9514527545379616 -2.6499929648491976 1.0999499423010095  1
 3.1415926535897989 4 3.151277835258262 4
1 -4.9542822195322413 -2.6528224298434768 1.1200826318518531 0.1378445374916257 0.1378445374916257 -0.98081484846398992 
1 -5.1000000000000005 -2.5416604484066481 0.32912403485599057 1 -0 -0 
1 4.7604708310661819 -2.4590110413774187 -0.25895705349281106 0.1378445374916257 -0.1378445374916257 0.98081484846398992 
7 1 0  3 4 2  4.9514527545379607 -2.6499929648491971 1.0999499423010093  1 4.9509685162741528 -2.649997654931401 1.0999833139699209  0.99999218311994664 4.9504842609761335 -2.6499999999999999 1.1000000000000258  0.99999218311994664 4.9499999999999984 -2.6499999999999999 1.1000000000000258  1
 3.131907471921318 4 3.1415926535897931 4
1 4.384999999999998 -2.6499999999999999 1.1000000000000001 -1 -0 -0 
1 3.734999999999999 -2.6499999999999999 1.1000000000000001 -1 -0 -0 
1 3.0849999999999995 -2.6499999999999999 1.1000000000000001 -1 -0 -0 
1 2.4349999999999992 -2.6499999999999999 1.1000000000000001 -1 -0 -0 
1 1.7849999999999988 -2.6499999999999999 1.1000000000000001 -1 -0 -0 
1 1.1349999999999993 -2.6499999999999999 1.1000000000000001 -1 -0 -0 
1 0.48499999999999976 -2.6499999999999999 1.1000000000000001 -1 -0 -0 
1 -0.16500000000000059 -2.6499999999999999 1.1000000000000001 -1 -0 -0 
1 -0.81500000000000061 -2.6499999999999999 1.1000000000000001 -1 -0 -0 
1 -1.4650000000000005 -2.6499999999999999 1.1000000000000001 -1 -0 -0 
1 -2.1150000000000007 -2.6499999999999999 1.1000000000000001 -1 -0 -0 
1 -2.7650000000000006 -2.6499999999999999 1.1000000000000001 -1 -0 -0 
1 -3.4150000000000005 -2.6499999999999999 1.1000000000000001 -1 -0 -0 
1 -4.0650000000000013 -2.6499999999999999 1.1000000000000001 -1 -0 -0 
7 1 0  3 4 2  5.0999999999999988 -2.5 1.1000000000000258  1 5.0999999999999996 -2.5004842609761346 1.1000000000000258  0.99999218311994664 5.0999976549313999 -2.500968516274154 1.0999833139699209  0.99999218311994664 5.0999929648491955 -2.5014527545379615 1.0999499423010097  1
 3.1415926535897931 4 3.151277835258262 4
1 5.1028224298434752 -2.5042822195322407 1.1200826318518531 -0.1378445374916257 0.1378445374916257 -0.98081484846398992 
1 4.9916604484066474 -2.6499999999999999 0.32912403485599079 -0 1 -0 
1 5.0021165123071896 2.403576301995956 0.40352279534923341 0.1378445374916257 0.1378445374916257 0.98081484846398992 
7 1 0  3 4 2  5.0999929648491964 2.5014527545379619 1.0999499423010157  1 5.0999976549314008 2.5009685162741544 1.0999833139699275  0.99999218311994664 5.1000000000000005 2.5004842609761351 1.1000000000000323  0.99999218311994664 5.0999999999999988 2.5 1.1000000000000258  1
 3.1319074719213211 4 3.1415926535897931 4
7 1 0  3 4 2  -5.1000000000000005 2.5 1.1000000000000258  1 -5.1000000000000014 2.5004842609761346 1.1000000000000258  0.99999218311994664 -5.0999976549314017 2.500968516274154 1.0999833139699209  0.99999218311994664 -5.0999929648491973 2.501452754537961 1.0999499423010097  1
 3.1415926535897931 4 3.1512778352582593 4
1 -5.0021165123071913 2.403576301995956 0.40352279534923341 0.1378445374916257 -0.1378445374916257 -0.98081484846398992 
1 -4.9916604484066491 -2.6499999999999999 0.32912403485599079 -0 -1 -0 
1 -5.102822429843477 -2.5042822195322407 1.1200826318518531 -0.1378445374916257 -0.1378445374916257 0.98081484846398992 
7 1 0  3 4 2  -5.0999929648491973 -2.5014527545379615 1.0999499423010097  1 -5.0999976549314017 -2.500968516274154 1.0999833139699209  0.99999218311994664 -5.1000000000000014 -2.5004842609761346 1.1000000000000258  0.99999218311994664 -5.1000000000000005 -2.5 1.1000000000000258  1
 3.1319074719213242 4 3.1415926535897931 4
1 -4.9542822195322413 2.6528224298434768 1.1200826318518531 -0.1378445374916257 0.1378445374916257 0.98081484846398992 
7 1 0  3 4 2  -4.9514527545379616 2.6499929648491976 1.0999499423010095  1 -4.9509685162741546 2.649997654931401 1.0999833139699209  0.99999218311994664 -4.9504842609761344 2.6499999999999999 1.1000000000000258  0.99999218311994664 -4.9500000000000002 2.6499999999999999 1.1000000000000258  1
 3.1319074719213242 4 3.1415926535897931 4
1 -4.0650000000000013 2.6499999999999999 1.1000000000000001 -1 -0 -0 
1 -3.4150000000000005 2.6499999999999999 1.1000000000000001 -1 -0 -0 
1 -2.7650000000000006 2.6499999999999999 1.1000000000000001 -1 -0 -0 
1 -2.1150000000000007 2.6499999999999999 1.1000000000000001 -1 -0 -0 
1 -1.4650000000000005 2.6499999999999999 1.1000000000000001 -1 -0 -0 
1 -0.81500000000000061 2.6499999999999999 1.1000000000000001 -1 -0 -0 
1 -0.16500000000000059 2.6499999999999999 1.1000000000000001 -1 -0 -0 
1 0.48499999999999976 2.6499999999999999 1.1000000000000001 -1 -0 -0 
1 1.1349999999999993 2.6499999999999999 1.1000000000000001 -1 -0 -0 
1 1.7849999999999988 2.6499999999999999 1.1000000000000001 -1 -0 -0 
1 2.4349999999999992 2.6499999999999999 1.1000000000000001 -1 -0 -0 
1 3.0849999999999995 2.6499999999999999 1.1000000000000001 -1 -0 -0 
1 3.734999999999999 2.6499999999999999 1.1000000000000001 -1 -0 -0 
1 4.384999999999998 2.6499999999999999 1.1000000000000001 -1 -0 -0 
7 1 0  3 4 2  4.9499999999999993 2.6499999999999999 1.1000000000000258  1 4.9504842609761335 2.6499999999999999 1.1000000000000258  0.99999218311994664 4.9509685162741537 2.649997654931401 1.0999833139699209  0.99999218311994664 4.9514527545379607 2.6499929648491971 1.0999499423010093  1
 3.1415926535897931 4 3.151277835258262 4
1 4.7604708310661819 2.4590110413774187 -0.25895705349281106 -0.1378445374916257 -0.1378445374916257 -0.98081484846398992 
1 -5.1000000000000005 2.5416604484066481 0.32912403485599057 -1 -0 -0 
1 4.7332931635649844 2.4318333738762221 2.8523362059558526 0.13784453749162576 0.1378445374916257 -0.98081484846398992 
7 1 0  3 4 2  4.951452754537959 2.6499929648491971 1.3000500576989902  1 4.9509685162741519 2.649997654931401 1.3000166860300788  0.99999218311994664 4.9504842609761335 2.6499999999999999 1.2999999999999738  0.99999218311994664 4.9499999999999993 2.6499999999999999 1.2999999999999743  1
 6.2735001255111289 4 6.2831853071795862 4
1 4.384999999999998 2.6499999999999999 1.3000000000000003 -1 -0 -0 
1 3.734999999999999 2.6499999999999999 1.3000000000000003 -1 -0 -0 
1 3.0849999999999995 2.6499999999999999 1.3000000000000003 -1 -0 -0 
1 2.4349999999999992 2.6499999999999999 1.3000000000000003 -1 -0 -0 
1 1.7849999999999988 2.6499999999999999 1.3000000000000003 -1 -0 -0 
1 1.1349999999999993 2.6499999999999999 1.3000000000000003 -1 -0 -0 
1 0.48499999999999976 2.6499999999999999 1.3000000000000003 -1 -0 -0 
1 -0.16500000000000059 2.6499999999999999 1.3000000000000003 -1 -0 -0 
1 -0.81500000000000061 2.6499999999999999 1.3000000000000003 -1 -0 -0 
1 -1.4650000000000005 2.6499999999999999 1.3000000000000003 -1 -0 -0 
1 -2.1150000000000007 2.6499999999999999 1.3000000000000003 -1 -0 -0 
1 -2.7650000000000006 2.6499999999999999 1.3000000000000003 -1 -0 -0 
1 -3.4150000000000005 2.6499999999999999 1.3000000000000003 -1 -0 -0 
1 -4.0650000000000013 2.6499999999999999 1.3000000000000003 -1 -0 -0 
7 1 0  3 4 2  -4.9500000000000002 2.6499999999999999 1.2999999999999743  1 -4.9504842609761344 2.6499999999999999 1.2999999999999738  0.99999218311994664 -4.9509685162741537 2.649997654931401 1.300016686030079  0.99999218311994664 -4.9514527545379607 2.6499929648491971 1.3000500576989906  1
 0 4 0.009685181668463435 4
1 -4.7332931635649862 2.4318333738762221 2.8523362059558526 0.13784453749162576 -0.1378445374916257 0.98081484846398992 
1 4.9735132487678433 2.5416604484066481 2.0708759651440096 1 -0 -0 
7 1 0  3 4 2  -5.1000000000000005 -2.5 1.2999999999999743  1 -5.1000000000000014 -2.5004842609761346 1.2999999999999738  0.99999218311994664 -5.0999976549314017 -2.500968516274154 1.300016686030079  0.99999218311994664 -5.0999929648491973 -2.5014527545379615 1.3000500576989904  1
 0 4 0.0096851816684692168 4
1 -4.9283861093411092 -2.3298458990298734 2.5210962815348301 0.1378445374916257 0.13784453749162576 0.98081484846398992 
1 -4.9916604484066491 2.5235132487678458 2.0708759651440096 -0 1 -0 
1 -4.9283861093411092 2.3298458990298734 2.5210962815348301 -0.1378445374916257 0.13784453749162576 -0.98081484846398992 
7 1 0  3 4 2  -5.0999929648491973 2.5014527545379615 1.3000500576989904  1 -5.0999976549314017 2.500968516274154 1.300016686030079  0.99999218311994664 -5.1000000000000014 2.5004842609761346 1.2999999999999738  0.99999218311994664 -5.1000000000000005 2.5 1.2999999999999743  1
 6.2735001255111174 4 6.2831853071795862 4
1 4.9283861093411074 -2.3298458990298734 2.5210962815348301 0.1378445374916257 -0.13784453749162576 -0.98081484846398992 
7 1 0  3 4 2  5.0999929648491955 -2.5014527545379615 1.3000500576989904  1 5.0999976549313999 -2.500968516274154 1.300016686030079  0.99999218311994664 5.0999999999999996 -2.5004842609761346 1.2999999999999738  0.99999218311994664 5.0999999999999988 -2.5 1.2999999999999743  1
 6.2735001255111174 4 6.2831853071795862 4
7 1 0  3 4 2  5.0999999999999988 2.5 1.2999999999999743  1 5.1000000000000005 2.5004842609761351 1.2999999999999678  0.99999218311994664 5.0999976549314008 2.5009685162741544 1.300016686030073  0.99999218311994664 5.0999929648491964 2.5014527545379623 1.3000500576989844  1
 0 4 0.0096851816684750004 4
1 4.9283861093411074 2.3298458990298734 2.5210962815348301 -0.1378445374916257 -0.13784453749162576 0.98081484846398992 
1 4.9916604484066474 -2.5235132487678458 2.0708759651440096 -0 -1 -0 
7 1 0  3 4 2  4.9499999999999993 -2.6499999999999999 1.2999999999999743  1 4.9504842609761326 -2.6499999999999999 1.2999999999999738  0.99999218311994664 4.9509685162741528 -2.649997654931401 1.300016686030079  0.99999218311994664 4.9514527545379599 -2.6499929648491971 1.3000500576989906  1
 0 4 0.0096851816684692168 4
1 4.7332931635649853 -2.4318333738762221 2.8523362059558526 -0.13784453749162576 0.1378445374916257 0.98081484846398992 
1 -4.9735132487678451 -2.5416604484066481 2.0708759651440096 -1 -0 -0 
1 -4.7332931635649862 -2.4318333738762221 2.8523362059558526 -0.13784453749162576 -0.1378445374916257 -0.98081484846398992 
7 1 0  3 4 2  -4.9514527545379616 -2.6499929648491971 1.3000500576989904  1 -4.9509685162741546 -2.649997654931401 1.300016686030079  0.99999218311994664 -4.9504842609761344 -2.6499999999999999 1.2999999999999738  0.99999218311994664 -4.9500000000000002 -2.6499999999999999 1.2999999999999743  1
 6.2735001255111174 4 6.2831853071795862 4
1 -4.0650000000000013 -2.6499999999999999 1.3000000000000003 -1 -0 -0 
1 -3.4150000000000005 -2.6499999999999999 1.3000000000000003 -1 -0 -0 
1 -2.7650000000000006 -2.6499999999999999 1.3000000000000003 -1 -0 -0 
1 -2.1150000000000007 -2.6499999999999999 1.3000000000000003 -1 -0 -0 
1 -1.4650000000000005 -2.6499999999999999 1.3000000000000003 -1 -0 -0 
1 -0.81500000000000061 -2.6499999999999999 1.3000000000000003 -1 -0 -0 
1 -0.16500000000000059 -2.6499999999999999 1.3000000000000003 -1 -0 -0 
1 0.48499999999999976 -2.6499999999999999 1.3000000000000003 -1 -0 -0 
1 1.1349999999999993 -2.6499999999999999 1.3000000000000003 -1 -0 -0 
1 1.7849999999999988 -2.6499999999999999 1.3000000000000003 -1 -0 -0 
1 2.4349999999999992 -2.6499999999999999 1.3000000000000003 -1 -0 -0 
1 3.0849999999999995 -2.6499999999999999 1.3000000000000003 -1 -0 -0 
1 3.734999999999999 -2.6499999999999999 1.3000000000000003 -1 -0 -0 
1 4.384999999999998 -2.6499999999999999 1.3000000000000003 -1 -0 -0 
2 4.8431202380954108 2.3931202380954124 2.0500000000000003 1 0 0 0 0 -1 -0 1 0 0.14999999999999997
2 -4.8431202380954126 2.3931202380954124 2.0500000000000003 -1 0 0 0 0 1 0 1 -0 0.14999999999999997
2 4.8431202380954117 2.3931202380954124 2.0500000000000003 0.13784453749162656 0.13784453749162737 -0.9808148484639897 1.0755285551056204e-16 -0.99026806874157058 -0.13917310096006413 -0.99045387751460678 0.019184251733115384 -0.13650304392840809 0.1499999999999998
2 4.8431202380954108 2.3931202380954124 2.0500000000000003 -0 -1 -0 0 0 1 -1 0 0 0.14999999999999997
2 -4.8431202380954135 2.3931202380954124 2.0500000000000003 -0 -1 0 0 0 1 -1 0 0 0.14999999999999997
2 -4.8431202380954126 2.3931202380954124 2.0500000000000003 -0.13784453749162581 0.13784453749162662 -0.98081484846398981 0 -0.9902680687415707 -0.13917310096006338 -0.9904538775146069 -0.019184251733115283 0.13650304392840734 0.1499999999999998
2 4.8431202380954117 -2.3931202380954124 2.0500000000000003 0 -1 0 0 0 -1 1 0 0 0.14999999999999997
7 1 0  3 4 2  4.951452754537959 2.6499929648491971 1.3000500576989902  1 5.0379730306274704 2.6491549740551554 1.306012672022552  0.80928131182370733 5.0991549740551543 2.5879730306274737 1.306012672022552  0.80928131182370733 5.0999929648491964 2.5014527545379623 1.3000500576989844  1
 2.3658796718608026 4 3.9173056353187721 4
7 1 0  3 4 2  -5.0999929648491973 2.5014527545379615 1.3000500576989904  1 -5.0991549740551552 2.5879730306274733 1.3060126720225556  0.80928131182370822 -5.037973030627473 2.6491549740551554 1.3060126720225556  0.80928131182370822 -4.9514527545379607 2.6499929648491971 1.3000500576989906  1
 5.5074723254506068 4 7.0588982889085718 4
2 -4.8431202380954126 -2.3931202380954124 2.0500000000000003 0 -1 0 0 0 -1 1 0 0 0.14999999999999997
2 4.8431202380954108 -2.3931202380954124 2.0500000000000003 1 5.8392386557890684e-15 -0 -5.8392386557890684e-15 1 0 0 0 1 0.14999999999999997
2 -4.8431202380954135 -2.3931202380954124 2.0500000000000003 -1 8.1266495097203586e-16 5.7824115865893596e-15 5.7824115865893596e-15 -1.4012984643248171e-45 1 8.1266495097203586e-16 1 -4.6991632285157728e-30 0.14999999999999997
2 4.8431202380954117 -2.3931202380954124 2.0500000000000003 0.13784453749162656 -0.13784453749162656 -0.9808148484639897 0.99026806874157058 -6.9388939039072299e-18 0.13917310096006336 -0.019184251733115391 -0.99045387751460678 0.13650304392840809 0.1499999999999998
7 1 0  3 4 2  4.9514527545379607 2.6499929648491971 1.0999499423010093  1 5.0379730306274721 2.649154974055155 1.0939873279774477  0.80928131182371033 5.0991549740551534 2.5879730306274737 1.0939873279774477  0.80928131182371033 5.0999929648491964 2.5014527545379619 1.0999499423010157  1
 2.365879671860815 4 3.9173056353187712 4
7 1 0  3 4 2  -5.0999929648491973 2.501452754537961 1.0999499423010097  1 -5.0991549740551561 2.5879730306274724 1.093987327977445  0.8092813118237091 -5.037973030627473 2.6491549740551545 1.093987327977445  0.8092813118237091 -4.9514527545379616 2.6499929648491976 1.0999499423010095  1
 5.5074723254506042 4 7.0588982889085656 4
2 -4.8431202380954135 -2.3931202380954124 2.0500000000000003 -0.13784453749162656 -0.13784453749162656 -0.9808148484639897 0.99026806874157058 6.9388939039072299e-18 -0.13917310096006336 0.019184251733115391 -0.99045387751460678 0.13650304392840809 0.1499999999999998
7 1 0  3 4 2  5.0999929648491955 -2.5014527545379615 1.3000500576989904  1 5.0991549740551525 -2.5879730306274733 1.3060126720225573  0.80928131182371055 5.0379730306274713 -2.6491549740551541 1.3060126720225573  0.80928131182371055 4.9514527545379599 -2.6499929648491971 1.3000500576989906  1
 2.3658796718608168 4 3.9173056353187721 4
2 4.8431202380954117 2.3931202380954124 0.34999999999999987 -0.13784453749162451 -0.13784453749162592 -0.98081484846399014 6.9388939039072284e-18 0.9902680687415707 -0.13917310096006266 0.99045387751460701 -0.019184251733115009 -0.13650304392840604 0.1499999999999998
2 -4.8431202380954126 2.3931202380954124 0.34999999999999992 -1 8.1266495097203132e-16 5.7824115865893572e-15 5.7824115865893572e-15 0 1 8.1266495097203132e-16 1 -4.6991632285157462e-30 0.14999999999999997
2 4.8431202380954117 2.3931202380954124 0.34999999999999998 1 0 0 0 0 -1 -0 1 0 0.14999999999999999
2 -4.8431202380954135 2.3931202380954124 0.35000000000000009 0.13784453749162587 -0.13784453749162776 -0.9808148484639897 -4.5102810375396984e-17 0.99026806874157058 -0.13917310096006455 0.9904538775146069 0.019184251733115495 0.13650304392840737 0.14999999999999983
7 1 0  3 4 2  -4.9514527545379616 -2.6499929648491971 1.3000500576989904  1 -5.0379730306274739 -2.6491549740551545 1.3060126720225578  0.80928131182370999 -5.0991549740551552 -2.587973030627472 1.3060126720225578  0.80928131182370999 -5.0999929648491973 -2.5014527545379615 1.3000500576989904  1
 5.5074723254506059 4 7.0588982889085639 4
7 1 0  3 4 2  5.0999929648491955 -2.5014527545379615 1.0999499423010097  1 5.0991549740551534 -2.5879730306274724 1.0939873279774452  0.80928131182371121 5.037973030627473 -2.6491549740551545 1.0939873279774452  0.80928131182371121 4.9514527545379607 -2.6499929648491971 1.0999499423010093  1
 2.3658796718608137 4 3.9173056353187663 4
2 4.8431202380954117 2.3931202380954124 0.35000000000000009 4.0633247548601537e-16 -1 2.8912057932946767e-15 7.0064923216240854e-46 2.8912057932946767e-15 1 -1 -4.0633247548601537e-16 1.1747908071289355e-30 0.15000000000000002
2 -4.8431202380954135 2.3931202380954124 0.34999999999999998 -2.9196193278945338e-15 -1 -0 -1 2.9196193278945338e-15 7.2280144832366975e-16 -7.2280144832366975e-16 2.1103050787559482e-30 -1 0.14999999999999997
7 1 0  3 4 2  -4.9514527545379616 -2.6499929648491976 1.0999499423010095  1 -5.037973030627473 -2.6491549740551545 1.0939873279774452  0.80928131182370966 -5.0991549740551543 -2.5879730306274729 1.0939873279774452  0.80928131182370966 -5.0999929648491973 -2.5014527545379615 1.0999499423010097  1
 5.5074723254506068 4 7.0588982889085656 4
2 4.8431202380954117 -2.3931202380954124 0.35000000000000009 -0.13784453749162587 0.13784453749162776 -0.9808148484639897 -4.5102810375396984e-17 0.99026806874157058 0.13917310096006455 0.9904538775146069 0.019184251733115495 -0.13650304392840737 0.14999999999999983
2 4.8431202380954117 -2.3931202380954124 0.34999999999999998 -2.9196193278945338e-15 -1 -0 1 -2.9196193278945338e-15 0 -0 0 1 0.14999999999999997
2 -4.8431202380954135 -2.3931202380954124 0.35000000000000009 4.0633247548601537e-16 -1 -2.8912057932946767e-15 8.7581154020301067e-46 2.8912057932946767e-15 -1 1 4.0633247548601537e-16 1.1747908071289357e-30 0.14999999999999999
2 -4.8431202380954126 -2.3931202380954124 0.34999999999999987 0.13784453749162376 0.13784453749162598 -0.98081484846399036 4.5102810375396966e-17 0.9902680687415707 0.13917310096006269 0.99045387751460723 -0.019184251733114947 0.13650304392840529 0.1499999999999998
2 4.8431202380954108 -2.3931202380954124 0.34999999999999992 -1 8.1266495097203132e-16 -5.7824115865893572e-15 5.7824115865893572e-15 0 -1 -8.1266495097203132e-16 -1 -4.6991632285157462e-30 0.14999999999999999
2 -4.8431202380954135 -2.3931202380954124 0.34999999999999998 1 5.8392386557890503e-15 0 5.8392386557890503e-15 -1 0 0 0 -1 0.14999999999999997
2 -4.0195086444721912 -1.6259285630822453 2.1899999999999999 0 0 1 1 0 -0 -0 1 0 0.34333730589828587
1 3.5632778779392353 1.8120086812487948 2.2010000000000001 -0 -0 -1 
1 3.5632778779392353 1.8120086812487948 2.2010000000000001 -0 1 -0 
1 3.5632778779392353 1.7888220797150112 2.2010000000000001 -0 -0 -1 
1 3.4822807362575734 1.8120086812487948 2.2010000000000001 -0 -0 -1 
1 3.4822807362575734 1.8120086812487948 2.2010000000000001 -1 -0 -0 
1 3.4822807362575734 1.9921987281463458 2.2010000000000001 -0 -0 -1 
1 3.4822807362575734 1.9921987281463458 2.2010000000000001 -0 1 -0 
1 3.4560268488706805 1.9921987281463458 2.2010000000000001 -0 -0 -1 
1 3.4560268488706805 1.9921987281463458 2.2010000000000001 -1 -0 -0 
1 3.4560268488706805 1.7888220797150112 2.2010000000000001 -0 -0 -1 
1 3.4560268488706805 1.7888220797150112 2.2010000000000001 -0 -1 -0 
1 3.5632778779392353 1.7888220797150112 2.2010000000000001 1 -0 -0 
1 3.6675655969455079 1.7853908785909167 2.2010000000000001 -0 -0 -1 
7 0 0  3 4 2  3.6675655969455079 1.7853908785909167 2.2010000000000001  3.6901283437295156 1.7853908785909167 2.2010000000000001  3.7088959741191423 1.7893419586725774 2.2010000000000001  3.7238684881143671 1.7972441188372845 2.2010000000000001 
 0 4 1 4
1 3.7238684881143671 1.7972441188372845 2.2010000000000001 -0 -0 -1 
1 3.7238684881143671 1.8224062604125917 2.2010000000000001 -0 -0 -1 
1 3.7238684881143671 1.8224062604125917 2.2010000000000001 -0 1 -0 
7 0 0  3 4 2  3.7238684881143671 1.8224062604125917 2.2010000000000001  3.7089999499106514 1.813360366539853 2.2010000000000001  3.69148002902058 1.8087854317077268 2.2010000000000001  3.671360713339896 1.8087854317077268 2.2010000000000001 
 12 4 13 4
1 3.671360713339896 1.8087854317077268 2.2010000000000001 -0 -0 -1 
7 0 0  3 4 2  3.671360713339896 1.8087854317077268 2.2010000000000001  3.6498377244724085 1.8087854317077268 2.2010000000000001  3.6324217793738458 1.8159597613304554 2.2010000000000001  3.6191128780449069 1.830204444784401 2.2010000000000001 
 11 4 12 4
1 3.6191128780449069 1.830204444784401 2.2010000000000001 -0 -0 -1 
7 0 0  3 4 2  3.6191128780449069 1.830204444784401 2.2010000000000001  3.6058039767159675 1.8445531040298573 2.2010000000000001  3.5991495260521886 1.8638926012734933 2.2010000000000001  3.5991495260521886 1.8882229365153087 2.2010000000000001 
 10 4 11 4
1 3.5991495260521886 1.8882229365153087 2.2010000000000001 -0 -0 -1 
7 0 0  3 4 2  3.5991495260521886 1.8882229365153087 2.2010000000000001  3.5991495260521886 1.9138009812566685 2.2010000000000001  3.6062718677784704 1.934180236415437 2.2010000000000001  3.620516551232412 1.9493607019943864 2.2010000000000001 
 9 4 10 4
1 3.620516551232412 1.9493607019943864 2.2010000000000001 -0 -0 -1 
7 0 0  3 4 2  3.620516551232412 1.9493607019943864 2.2010000000000001  3.634813222581422 1.964437191780436 2.2010000000000001  3.6532689255964983 1.9719234487777042 2.2010000000000001  3.6759356481720227 1.9719234487777042 2.2010000000000001 
 8 4 9 4
1 3.6759356481720227 1.9719234487777042 2.2010000000000001 -0 -0 -1 
7 0 0  3 4 2  3.6759356481720227 1.9719234487777042 2.2010000000000001  3.6933515932698922 1.9719234487777042 2.2010000000000001  3.7093118772858902 1.967972368696044 2.2010000000000001  3.7238684881143671 1.959862256949696 2.2010000000000001 
 7 4 8 4
1 3.7238684881143671 1.959862256949696 2.2010000000000001 -0 -0 -1 
1 3.7238684881143671 1.98731186593968 2.2010000000000001 -0 -0 -1 
1 3.7238684881143671 1.98731186593968 2.2010000000000001 -0 1 -0 
7 0 0  3 4 2  3.7238684881143671 1.98731186593968 2.2010000000000001  3.7111834415352014 1.9928225828968111 2.2010000000000001  3.6951191817276956 1.9956299292704403 2.2010000000000001  3.6756757086925478 1.9956299292704403 2.2010000000000001 
 5 4 6 4
1 3.6756757086925478 1.9956299292704403 2.2010000000000001 -0 -0 -1 
7 0 0  3 4 2  3.6756757086925478 1.9956299292704403 2.2010000000000001  3.6454707412239951 1.9956299292704403 2.2010000000000001  3.6205685391281657 1.9856482532740822 2.2010000000000001  3.6009691024050534 1.9656849012799822 2.2010000000000001 
 4 4 5 4
1 3.6009691024050534 1.9656849012799822 2.2010000000000001 -0 -0 -1 
7 0 0  3 4 2  3.6009691024050534 1.9656849012799822 2.2010000000000001  3.5813696656826326 1.945721549287265 2.2010000000000001  3.5715959412693077 1.9194156740039268 2.2010000000000001  3.5715959412693077 1.8866632996398383 2.2010000000000001 
 3 4 4 4
1 3.5715959412693077 1.8866632996398383 2.2010000000000001 -0 -0 -1 
7 0 0  3 4 2  3.5715959412693077 1.8866632996398383 2.2010000000000001  3.5715959412693077 1.8561983926918126 2.2010000000000001  3.5802779198703578 1.8316601058669721 2.2010000000000001  3.5976938649689214 1.8131524149568266 2.2010000000000001 
 2 4 3 4
1 3.5976938649689214 1.8131524149568266 2.2010000000000001 -0 -0 -1 
7 0 0  3 4 2  3.5976938649689214 1.8131524149568266 2.2010000000000001  3.6151098100674854 1.7946447240466818 2.2010000000000001  3.6384003873927826 1.7853908785909167 2.2010000000000001  3.6675655969455079 1.7853908785909167 2.2010000000000001 
 1 4 2 4
1 3.8739575433341908 1.8120086812487948 2.2010000000000001 -0 -0 -1 
1 3.8739575433341908 1.8120086812487948 2.2010000000000001 -0 1 -0 
1 3.8739575433341908 1.7888220797150112 2.2010000000000001 -0 -0 -1 
1 3.7908288979251141 1.8120086812487948 2.2010000000000001 -0 -0 -1 
1 3.7908288979251141 1.8120086812487948 2.2010000000000001 -1 -0 -0 
1 3.7908288979251141 1.8804247521421142 2.2010000000000001 -0 -0 -1 
1 3.7908288979251141 1.8804247521421142 2.2010000000000001 -0 1 -0 
1 3.8635599641710847 1.8804247521421142 2.2010000000000001 -0 -0 -1 
1 3.8635599641710847 1.8804247521421142 2.2010000000000001 1 -0 -0 
1 3.8635599641710847 1.9037153294674112 2.2010000000000001 -0 -0 -1 
1 3.8635599641710847 1.9037153294674112 2.2010000000000001 -0 1 -0 
1 3.7908288979251141 1.9037153294674112 2.2010000000000001 -0 -0 -1 
1 3.7908288979251141 1.9037153294674112 2.2010000000000001 -1 -0 -0 
1 3.7908288979251141 1.9688041750295353 2.2010000000000001 -0 -0 -1 
1 3.7908288979251141 1.9688041750295353 2.2010000000000001 -0 1 -0 
1 3.8693306206070033 1.9688041750295353 2.2010000000000001 -0 -0 -1 
1 3.8693306206070033 1.9688041750295353 2.2010000000000001 1 -0 -0 
1 3.8693306206070033 1.9921987281463458 2.2010000000000001 -0 -0 -1 
1 3.8693306206070033 1.9921987281463458 2.2010000000000001 -0 1 -0 
1 3.7645750105382292 1.9921987281463458 2.2010000000000001 -0 -0 -1 
1 3.7645750105382292 1.9921987281463458 2.2010000000000001 -1 -0 -0 
1 3.7645750105382292 1.7888220797150112 2.2010000000000001 -0 -0 -1 
1 3.7645750105382292 1.7888220797150112 2.2010000000000001 -0 -1 -0 
1 3.8739575433341908 1.7888220797150112 2.2010000000000001 1 -0 -0 
1 3.9683155742405529 1.7888220797150112 2.2010000000000001 1 -0 -0 
7 0 0  3 4 2  3.9683155742405534 1.7888220797150112 2.2010000000000001  4.0004960817499358 1.7888220797150112 2.2010000000000001  4.026853944929031 1.798283876753803 2.2010000000000001  4.0472851879849356 1.8173114466215134 2.2010000000000001 
 5 4 6 4
7 0 0  3 4 2  4.0472851879849356 1.8173114466215134 2.2010000000000001  4.06771643104085 1.8363390164906102 2.2010000000000001  4.0779580465159908 1.8616051338574304 2.2010000000000001  4.0779580465159908 1.893109798721974 2.2010000000000001 
 4 4 5 4
7 0 0  3 4 2  4.0779580465159908 1.893109798721974 2.2010000000000001  4.0779580465159908 1.9232627782940741 2.2010000000000001  4.06771643104085 1.9472811861613495 2.2010000000000001  4.0472851879849356 1.965268998113928 2.2010000000000001 
 3 4 4 4
7 0 0  3 4 2  4.0472851879849356 1.965268998113928 2.2010000000000001  4.026853944929031 1.9832568100665062 2.2010000000000001  4.0012239122919118 1.9921987281463458 2.2010000000000001  3.9703950900735854 1.9921987281463458 2.2010000000000001 
 2 4 3 4
1 3.9123765983426777 1.9921987281463458 2.2010000000000001 -1 -0 -0 
1 3.9123765983426777 1.7888220797150112 2.2010000000000001 -0 -1 -0 
1 3.9386304857302652 1.9688041750295353 2.2010000000000001 0 -1 0 
1 3.9693553321556867 1.9688041750295353 2.2010000000000001 -1 0 0 
7 0 0  3 4 2  4.0280496665328167 1.9496726293689257 2.2010000000000001  4.0131811283284069 1.9624616517402989 2.2010000000000001  3.9935816916059883 1.9688041750295358 2.2010000000000001  3.9693553321556867 1.9688041750295358 2.2010000000000001 
 5 4 6 4
7 0 0  3 4 2  4.0503524738387346 1.8923819681799956 2.2010000000000001  4.0503524738387346 1.917752061338329 2.2010000000000001  4.0429182047358374 1.9368836069989386 2.2010000000000001  4.0280496665328167 1.9496726293689257 2.2010000000000001 
 4 4 5 4
7 0 0  3 4 2  4.0286215333875282 1.8332197427410555 2.2010000000000001  4.043126156320251 1.8472564746119728 2.2010000000000001  4.0503524738387346 1.8670118750216622 2.2010000000000001  4.0503524738387346 1.8923819681799956 2.2010000000000001 
 3 4 4 4
7 0 0  3 4 2  3.9681596105532821 1.8120086812487948 2.2010000000000001  3.9939975947734276 1.8120086812487948 2.2010000000000001  4.014168898350551 1.8190790350800103 2.2010000000000001  4.0286215333875282 1.8332197427410555 2.2010000000000001 
 2 4 3 4
1 3.9386304857302652 1.8120086812487948 2.2010000000000001 1 0 0 
1 3.9683155742405534 1.7888220797150112 2.2010000000000001 -0 -0 -1 
1 3.9123765983426777 1.7888220797150112 2.2010000000000001 -0 -0 -1 
1 4.0472851879849356 1.8173114466215134 2.2010000000000001 -0 -0 -1 
1 4.0779580465159908 1.893109798721974 2.2010000000000001 -0 -0 -1 
1 4.0472851879849356 1.965268998113928 2.2010000000000001 -0 -0 -1 
1 3.9703950900735854 1.9921987281463458 2.2010000000000001 -0 -0 -1 
1 3.9123765983426777 1.9921987281463458 2.2010000000000001 -0 -0 -1 
1 3.9693553321556867 1.9688041750295353 2.2000000000000002 -1 0 0 
1 3.9693553321556867 1.9688041750295358 2.2010000000000001 -0 -0 -1 
1 3.9386304857302652 1.9688041750295353 2.2010000000000001 -0 -0 -1 
1 3.9386304857302652 1.9688041750295353 2.2000000000000002 0 -1 0 
1 3.9386304857302652 1.8120086812487948 2.2010000000000001 -0 -0 -1 
1 3.9386304857302652 1.8120086812487948 2.2000000000000002 1 0 0 
1 3.9681596105532821 1.8120086812487948 2.2010000000000001 -0 -0 -1 
7 0 0  3 4 2  3.9681596105532821 1.8120086812487948 2.2000000000000002  3.9939975947734276 1.8120086812487948 2.2000000000000002  4.014168898350551 1.8190790350800103 2.2000000000000002  4.0286215333875282 1.8332197427410555 2.2000000000000002 
 2 4 3 4
1 4.0286215333875282 1.8332197427410555 2.2010000000000001 -0 -0 -1 
7 0 0  3 4 2  4.0286215333875282 1.8332197427410555 2.2000000000000002  4.043126156320251 1.8472564746119728 2.2000000000000002  4.0503524738387346 1.8670118750216622 2.2000000000000002  4.0503524738387346 1.8923819681799956 2.2000000000000002 
 3 4 4 4
1 4.0503524738387346 1.8923819681799956 2.2010000000000001 -0 -0 -1 
7 0 0  3 4 2  4.0503524738387346 1.8923819681799956 2.2000000000000002  4.0503524738387346 1.917752061338329 2.2000000000000002  4.0429182047358374 1.9368836069989386 2.2000000000000002  4.0280496665328167 1.9496726293689257 2.2000000000000002 
 4 4 5 4
1 4.0280496665328167 1.9496726293689257 2.2010000000000001 -0 -0 -1 
7 0 0  3 4 2  4.0280496665328167 1.9496726293689257 2.2000000000000002  4.0131811283284069 1.9624616517402989 2.2000000000000002  3.9935816916059883 1.9688041750295358 2.2000000000000002  3.9693553321556867 1.9688041750295358 2.2000000000000002 
 5 4 6 4
1 4.1947748484141565 1.9921987281463458 2.2010000000000001 -0.35593572436987636 0.93451043874174644 -0 
1 4.166701384673706 1.9921987281463458 2.2010000000000001 -1 -0 -0 
1 4.0892394199090374 1.7888220797150112 2.2010000000000001 -0.35593572436430737 -0.93451043874386752 -0 
1 4.1182486657731046 1.7888220797150112 2.2010000000000001 1 -0 -0 
1 4.1377961145997695 1.8444491282383437 2.2010000000000001 0.33152841835039526 0.94344523308249606 -0 
1 4.22248439688431 1.8444491282383437 2.2010000000000001 1 -0 -0 
1 4.2432275673147597 1.7888220797150112 2.2010000000000001 0.3493954794691575 -0.93697534595447995 -0 
1 4.2722368131802124 1.7888220797150112 2.2010000000000001 1 -0 -0 
1 4.1461141779305288 1.8674277781891009 2.2010000000000001 1 0 0 
1 4.1765270969827943 1.9519600967849902 2.2010000000000001 -0.33853503431415366 -0.94095378767605531 0 
7 0 0  3 4 2  4.1798543223153741 1.9662047802389329 2.2010000000000001  4.1788665522946156 1.9600702085327226 2.2010000000000001  4.1777748064823408 1.9552873221175699 2.2010000000000001  4.1765270969827943 1.9519600967849899 2.2010000000000001 
 3 4 4 4
1 4.1804781770644528 1.9662047802389329 2.2010000000000001 -1 0 0 
7 0 0  3 4 2  4.1836494387097689 1.9519600967849902 2.2010000000000001  4.1826616686890032 1.9547674431586179 2.2010000000000001  4.1816219107724901 1.9594463537822571 2.2010000000000001  4.1804781770644537 1.9662047802389329 2.2010000000000001 
 1 4 2 4
1 4.2143742851365777 1.8674277781891009 2.2010000000000001 -0.34160383068154404 0.93984404177698289 0 
1 4.1947748484141565 1.9921987281463458 2.2010000000000001 -0 -0 -1 
1 4.2722368131802124 1.7888220797150112 2.2010000000000001 -0 -0 -1 
1 4.166701384673706 1.9921987281463458 2.2010000000000001 -0 -0 -1 
1 4.0892394199090374 1.7888220797150112 2.2010000000000001 -0 -0 -1 
1 4.1182486657731046 1.7888220797150112 2.2010000000000001 -0 -0 -1 
1 4.1377961145997695 1.8444491282383437 2.2010000000000001 -0 -0 -1 
1 4.22248439688431 1.8444491282383437 2.2010000000000001 -0 -0 -1 
1 4.2432275673147597 1.7888220797150112 2.2010000000000001 -0 -0 -1 
1 4.1461141779305288 1.8674277781891009 2.2000000000000002 1 0 0 
1 4.1461141779305288 1.8674277781891009 2.2010000000000001 -0 -0 -1 
1 4.2143742851365777 1.8674277781891009 2.2010000000000001 -0 -0 -1 
1 4.2143742851365777 1.8674277781891009 2.2000000000000002 -0.34160383068154404 0.93984404177698289 0 
1 4.1836494387097689 1.9519600967849902 2.2010000000000001 -0 -0 -1 
7 0 0  3 4 2  4.1836494387097689 1.9519600967849902 2.2000000000000002  4.1826616686890032 1.9547674431586179 2.2000000000000002  4.1816219107724901 1.9594463537822571 2.2000000000000002  4.1804781770644537 1.9662047802389329 2.2000000000000002 
 1 4 2 4
1 4.1804781770644537 1.9662047802389329 2.2010000000000001 -0 -0 -1 
1 4.1804781770644528 1.9662047802389329 2.2000000000000002 -1 0 0 
1 4.1798543223153741 1.9662047802389329 2.2010000000000001 -0 -0 -1 
7 0 0  3 4 2  4.1798543223153741 1.9662047802389329 2.2000000000000002  4.1788665522946156 1.9600702085327226 2.2000000000000002  4.1777748064823408 1.9552873221175699 2.2000000000000002  4.1765270969827935 1.9519600967849899 2.2000000000000002 
 3 4 4 4
1 4.1765270969827935 1.9519600967849899 2.2010000000000001 -0 -0 -1 
1 4.1765270969827943 1.9519600967849902 2.2000000000000002 -0.33853503431415366 -0.94095378767605531 0 
1 3.5654093816673371 1.4893717998159659 2.2010000000000001 -0 -0 -1 
1 3.5654093816673371 1.4893717998159659 2.2010000000000001 -0 1 -0 
1 3.5654093816673371 1.4661851982821781 2.2010000000000001 -0 -0 -1 
1 3.4822807362575734 1.4893717998159659 2.2010000000000001 -0 -0 -1 
1 3.4822807362575734 1.4893717998159659 2.2010000000000001 -1 -0 -0 
1 3.4822807362575734 1.5577878707092787 2.2010000000000001 -0 -0 -1 
1 3.4822807362575734 1.5577878707092787 2.2010000000000001 -0 1 -0 
1 3.5550118025042305 1.5577878707092787 2.2010000000000001 -0 -0 -1 
1 3.5550118025042305 1.5577878707092787 2.2010000000000001 1 -0 -0 
1 3.5550118025042305 1.5810784480345756 2.2010000000000001 -0 -0 -1 
1 3.5550118025042305 1.5810784480345756 2.2010000000000001 -0 1 -0 
1 3.4822807362575734 1.5810784480345756 2.2010000000000001 -0 -0 -1 
1 3.4822807362575734 1.5810784480345756 2.2010000000000001 -1 -0 -0 
1 3.4822807362575734 1.6461672935967024 2.2010000000000001 -0 -0 -1 
1 3.4822807362575734 1.6461672935967024 2.2010000000000001 -0 1 -0 
1 3.5607824589394554 1.6461672935967024 2.2010000000000001 -0 -0 -1 
1 3.5607824589394554 1.6461672935967024 2.2010000000000001 1 -0 -0 
1 3.5607824589394554 1.6695618467135114 2.2010000000000001 -0 -0 -1 
1 3.5607824589394554 1.6695618467135114 2.2010000000000001 -0 1 -0 
1 3.4560268488706805 1.6695618467135114 2.2010000000000001 -0 -0 -1 
1 3.4560268488706805 1.6695618467135114 2.2010000000000001 -1 -0 -0 
1 3.4560268488706805 1.4661851982821781 2.2010000000000001 -0 -0 -1 
1 3.4560268488706805 1.4661851982821781 2.2010000000000001 -0 -1 -0 
1 3.5654093816673371 1.4661851982821781 2.2010000000000001 1 -0 -0 
7 0 0  3 4 2  3.6539967561377886 1.6147666045236735 2.2010000000000001  3.6350731620608974 1.6147666045236735 2.2010000000000001  3.6183850475036161 1.6102956454830566 2.2010000000000001  3.6039844003624033 1.6012497516117077 2.2010000000000001 
 0 4 1 4
1 3.6039844003624033 1.5765035132024496 2.2010000000000001 -0 -1 -0 
7 0 0  3 4 2  3.6039844003624033 1.5765035132024496 2.2010000000000001  3.6183330596078616 1.5881488018657965 2.2010000000000001  3.6341893678316484 1.594075421988979 2.2010000000000001  3.6516053129302124 1.594075421988979 2.2010000000000001 
 12 4 13 4
7 0 0  3 4 2  3.6516053129302124 1.594075421988979 2.2010000000000001  3.6712047496526319 1.594075421988979 2.2010000000000001  3.6810304619617185 1.5822221817426059 2.2010000000000001  3.6810304619617185 1.5585157012512627 2.2010000000000001 
 11 4 12 4
1 3.6379844842260365 1.5524851053365627 2.2010000000000001 -0.99032860398812672 -0.13874168848233043 -0 
7 0 0  3 4 2  3.6379844842260365 1.5524851053365627 2.2010000000000001  3.6058559646124162 1.5480141462959542 2.2010000000000001  3.5897917048049086 1.5322098259679215 2.2010000000000001  3.5897917048049086 1.5050721443524733 2.2010000000000001 
 9 4 10 4
7 0 0  3 4 2  3.5897917048049086 1.5050721443524733 2.2010000000000001  3.5897917048049086 1.4920751703980792 2.2010000000000001  3.5939507364702892 1.4817815670257972 2.2010000000000001  3.6022687998010481 1.4741913342370141 2.2010000000000001 
 8 4 9 4
7 0 0  3 4 2  3.6022687998010481 1.4741913342370141 2.2010000000000001  3.6105868631311138 1.4666011014482312 2.2010000000000001  3.6217642607319576 1.462753997158081 2.2010000000000001  3.6358529804979338 1.462753997158081 2.2010000000000001 
 7 4 8 4
7 0 0  3 4 2  3.6358529804979338 1.462753997158081 2.2010000000000001  3.6554524172203546 1.462753997158081 2.2010000000000001  3.6703209554240694 1.4713839878633848 2.2010000000000001  3.6803546193161911 1.4886439692739821 2.2010000000000001 
 6 4 7 4
1 3.681030461961718 1.4886439692739819 2.2010000000000001 1 -0 -0 
1 3.681030461961718 1.4661851982821781 2.2010000000000001 -0 -1 -0 
1 3.7065045309115661 1.4661851982821781 2.2010000000000001 1 -0 -0 
1 3.7065045309115661 1.5596594349579054 2.2010000000000001 -0 1 -0 
7 0 0  3 4 2  3.7065045309115661 1.5596594349579054 2.2010000000000001  3.7065045309115661 1.5964668651965555 2.2010000000000001  3.6889846100214867 1.6147666045236735 2.2010000000000001  3.6539967561377886 1.6147666045236735 2.2010000000000001 
 1 4 2 4
7 0 0  3 4 2  3.6223881154817317 1.5255553753027629 2.2010000000000001  3.617917156441115 1.5211883920550495 2.2010000000000001  3.6156296890257407 1.5150538203488324 2.2010000000000001  3.6156296890257407 1.5071516601841277 2.2010000000000001 
 1 4 2 4
7 0 0  3 4 2  3.6470303780980848 1.5344972933839804 2.2010000000000001  3.6351251499566506 1.5328336807170009 2.2010000000000001  3.6269110624174026 1.5299223585518547 2.2010000000000001  3.6223881154817317 1.5255553753027629 2.2010000000000001 
 0 4 1 4
1 3.681030461961718 1.5390722282161065 2.2010000000000001 -0.99106836629978678 -0.13335476489376555 0 
1 3.681030461961718 1.5251394721367086 2.2010000000000001 0 1 0 
7 0 0  3 4 2  3.6701130038403571 1.495506371522175 2.2010000000000001  3.6773913092545962 1.5033045558939777 2.2010000000000001  3.6810304619617185 1.5131822560988262 2.2010000000000001  3.681030461961718 1.5251394721367086 2.2010000000000001 
 5 4 6 4
7 0 0  3 4 2  3.6424554432666523 1.483653131275803 2.2010000000000001  3.6536328408667966 1.483653131275803 2.2010000000000001  3.6628866863218645 1.4876042113574623 2.2010000000000001  3.6701130038403571 1.495506371522175 2.2010000000000001 
 4 4 5 4
7 0 0  3 4 2  3.6230119702314973 1.4902036061480652 2.2010000000000001  3.6278988324381669 1.4858366229003528 2.2010000000000001  3.634397319414675 1.483653131275803 2.2010000000000001  3.6424554432666523 1.483653131275803 2.2010000000000001 
 3 4 4 4
7 0 0  3 4 2  3.6156296890257407 1.5071516601841277 2.2010000000000001  3.6156296890257407 1.5001852821458115 2.2010000000000001  3.6180731201290803 1.4945705893971648 2.2010000000000001  3.6230119702314973 1.4902036061480652 2.2010000000000001 
 2 4 3 4
1 3.6539967561377886 1.6147666045236735 2.2010000000000001 -0 -0 -1 
1 3.6039844003624033 1.6012497516117077 2.2010000000000001 -0 -0 -1 
1 3.6039844003624033 1.5765035132024496 2.2010000000000001 -0 -0 -1 
1 3.6516053129302124 1.594075421988979 2.2010000000000001 -0 -0 -1 
1 3.6810304619617185 1.5585157012512627 2.2010000000000001 -0 -0 -1 
1 3.6379844842260365 1.5524851053365627 2.2010000000000001 -0 -0 -1 
1 3.5897917048049086 1.5050721443524733 2.2010000000000001 -0 -0 -1 
1 3.6022687998010481 1.4741913342370141 2.2010000000000001 -0 -0 -1 
1 3.6358529804979338 1.462753997158081 2.2010000000000001 -0 -0 -1 
1 3.6803546193161911 1.4886439692739821 2.2010000000000001 -0 -0 -1 
1 3.681030461961718 1.4886439692739819 2.2010000000000001 -0 -0 -1 
1 3.681030461961718 1.4661851982821781 2.2010000000000001 -0 -0 -1 
1 3.7065045309115661 1.4661851982821781 2.2010000000000001 -0 -0 -1 
1 3.7065045309115661 1.5596594349579054 2.2010000000000001 -0 -0 -1 
7 0 0  3 4 2  3.6470303780980848 1.5344972933839804 2.2000000000000002  3.6351251499566506 1.5328336807170009 2.2000000000000002  3.6269110624174026 1.5299223585518547 2.2000000000000002  3.6223881154817317 1.5255553753027629 2.2000000000000002 
 0 4 1 4
1 3.6470303780980848 1.5344972933839804 2.2010000000000001 -0 -0 -1 
1 3.6223881154817317 1.5255553753027629 2.2010000000000001 -0 -0 -1 
7 0 0  3 4 2  3.6223881154817317 1.5255553753027629 2.2000000000000002  3.617917156441115 1.5211883920550495 2.2000000000000002  3.6156296890257407 1.5150538203488324 2.2000000000000002  3.6156296890257407 1.5071516601841277 2.2000000000000002 
 1 4 2 4
1 3.6156296890257407 1.5071516601841277 2.2010000000000001 -0 -0 -1 
7 0 0  3 4 2  3.6156296890257407 1.5071516601841277 2.2000000000000002  3.6156296890257407 1.5001852821458115 2.2000000000000002  3.6180731201290803 1.4945705893971648 2.2000000000000002  3.6230119702314973 1.4902036061480652 2.2000000000000002 
 2 4 3 4
1 3.6230119702314973 1.4902036061480652 2.2010000000000001 -0 -0 -1 
7 0 0  3 4 2  3.6230119702314973 1.4902036061480652 2.2000000000000002  3.6278988324381669 1.4858366229003528 2.2000000000000002  3.634397319414675 1.483653131275803 2.2000000000000002  3.6424554432666523 1.483653131275803 2.2000000000000002 
 3 4 4 4
1 3.6424554432666523 1.483653131275803 2.2010000000000001 -0 -0 -1 
7 0 0  3 4 2  3.6424554432666523 1.483653131275803 2.2000000000000002  3.6536328408667966 1.483653131275803 2.2000000000000002  3.6628866863218645 1.4876042113574623 2.2000000000000002  3.6701130038403571 1.495506371522175 2.2000000000000002 
 4 4 5 4
1 3.6701130038403571 1.495506371522175 2.2010000000000001 -0 -0 -1 
7 0 0  3 4 2  3.6701130038403571 1.495506371522175 2.2000000000000002  3.6773913092545962 1.5033045558939777 2.2000000000000002  3.6810304619617185 1.5131822560988262 2.2000000000000002  3.681030461961718 1.5251394721367086 2.2000000000000002 
 5 4 6 4
1 3.681030461961718 1.5251394721367086 2.2010000000000001 -0 -0 -1 
1 3.681030461961718 1.5251394721367086 2.2000000000000002 0 1 0 
1 3.681030461961718 1.5390722282161065 2.2010000000000001 -0 -0 -1 
1 3.681030461961718 1.5390722282161065 2.2000000000000002 -0.99106836629978678 -0.13335476489376555 0 
1 3.7829267377611009 1.4835491554842941 2.2010000000000001 -0 -0 -1 
7 0 0  3 4 2  3.7829267377611009 1.4835491554842941 2.2010000000000001  3.7679542237658694 1.4835491554842941 2.2010000000000001  3.7540214676871657 1.488228066107929 2.2010000000000001  3.7410244937334558 1.4975858873538213 2.2010000000000001 
 0 4 1 4
1 3.7410244937334558 1.4975858873538213 2.2010000000000001 -0 -0 -1 
1 3.7410244937334558 1.4712800120718743 2.2010000000000001 -0 -0 -1 
1 3.7410244937334558 1.4712800120718743 2.2010000000000001 -0 -1 -0 
7 0 0  3 4 2  3.7410244937334558 1.4712800120718743 2.2010000000000001  3.7522538792293618 1.4656653193232287 2.2010000000000001  3.7653548289752741 1.462753997158081 2.2010000000000001  3.7804313187620155 1.462753997158081 2.2010000000000001 
 19 4 20 4
1 3.7804313187620155 1.462753997158081 2.2010000000000001 -0 -0 -1 
7 0 0  3 4 2  3.7804313187620155 1.462753997158081 2.2010000000000001  3.7977432880683684 1.462753997158081 2.2010000000000001  3.8118839957301072 1.4666011014482312 2.2010000000000001  3.8227494659557149 1.4742953100285232 2.2010000000000001 
 18 4 19 4
1 3.8227494659557149 1.4742953100285232 2.2010000000000001 -0 -0 -1 
7 0 0  3 4 2  3.8227494659557149 1.4742953100285232 2.2010000000000001  3.8336669240770767 1.4818855428186937 2.2010000000000001  3.8391256531377578 1.4923870977726148 2.2010000000000001  3.8391256531377578 1.5056959991015539 2.2010000000000001 
 17 4 18 4
1 3.8391256531377578 1.5056959991015539 2.2010000000000001 -0 -0 -1 
7 0 0  3 4 2  3.8391256531377578 1.5056959991015539 2.2010000000000001  3.8391256531377578 1.5152617719318602 2.2010000000000001  3.8362663188676809 1.523267907888082 2.2010000000000001  3.8305996382239726 1.5297144069688347 2.2010000000000001 
 16 4 17 4
1 3.8305996382239726 1.5297144069688347 2.2010000000000001 -0 -0 -1 
7 0 0  3 4 2  3.8305996382239726 1.5297144069688347 2.2010000000000001  3.824880969684509 1.5361609060495809 2.2010000000000001  3.8139635115631472 1.5425034293388165 2.2010000000000001  3.7977432880683684 1.5485340252535165 2.2010000000000001 
 15 4 16 4
1 3.7977432880683684 1.5485340252535165 2.2010000000000001 -0 -0 -1 
7 0 0  3 4 2  3.7977432880683684 1.5485340252535165 2.2010000000000001  3.7849542656976931 1.5535248632516965 2.2010000000000001  3.7767401781591379 1.5576838949177696 2.2010000000000001  3.7729970496598111 1.5610111202503483 2.2010000000000001 
 14 4 15 4
1 3.7729970496598111 1.5610111202503483 2.2010000000000001 -0 -0 -1 
7 0 0  3 4 2  3.7729970496598111 1.5610111202503483 2.2010000000000001  3.7693059090569334 1.5642343697900316 2.2010000000000001  3.7674343448076133 1.5687053288306403 2.2010000000000001  3.7674343448076133 1.5745279731623139 2.2010000000000001 
 13 4 14 4
1 3.7674343448076133 1.5745279731623139 2.2010000000000001 -0 -0 -1 
7 0 0  3 4 2  3.7674343448076133 1.5745279731623139 2.2010000000000001  3.7674343448076133 1.5803506174925996 2.2010000000000001  3.770033739598909 1.5851335039077536 2.2010000000000001  3.7751805412843615 1.5886686808233585 2.2010000000000001 
 12 4 13 4
1 3.7751805412843615 1.5886686808233585 2.2010000000000001 -0 -0 -1 
7 0 0  3 4 2  3.7751805412843615 1.5886686808233585 2.2010000000000001  3.7803273429698052 1.5923078335304823 2.2010000000000001  3.787033781530726 1.594075421988979 2.2010000000000001  3.795247869069283 1.594075421988979 2.2010000000000001 
 11 4 12 4
1 3.795247869069283 1.594075421988979 2.2010000000000001 -0 -0 -1 
7 0 0  3 4 2  3.795247869069283 1.594075421988979 2.2010000000000001  3.809024661460723 1.594075421988979 2.2010000000000001  3.8212938048731409 1.590540245073373 2.2010000000000001  3.8321592750987485 1.5835738670336705 2.2010000000000001 
 10 4 11 4
1 3.8321592750987485 1.5835738670336705 2.2010000000000001 -0 -0 -1 
1 3.8321592750987485 1.608320105441533 2.2010000000000001 -0 -0 -1 
1 3.8321592750987485 1.608320105441533 2.2010000000000001 -0 1 -0 
7 0 0  3 4 2  3.8321592750987485 1.608320105441533 2.2010000000000001  3.8215537443519292 1.6126870886906328 2.2010000000000001  3.8101164072723033 1.6147666045236735 2.2010000000000001  3.7977432880683684 1.6147666045236735 2.2010000000000001 
 8 4 9 4
1 3.7977432880683684 1.6147666045236735 2.2010000000000001 -0 -0 -1 
7 0 0  3 4 2  3.7977432880683684 1.6147666045236735 2.2010000000000001  3.7818349919488261 1.6147666045236735 2.2010000000000001  3.7684221148283781 1.6109195002335235 2.2010000000000001  3.7575046567070167 1.6032252916518439 2.2010000000000001 
 7 4 8 4
1 3.7575046567070167 1.6032252916518439 2.2010000000000001 -0 -0 -1 
7 0 0  3 4 2  3.7575046567070167 1.6032252916518439 2.2010000000000001  3.746639186481409 1.5954271072800343 2.2010000000000001  3.7411804574207275 1.5851335039077536 2.2010000000000001  3.7411804574207275 1.5722405057462547 2.2010000000000001 
 6 4 7 4
1 3.7411804574207275 1.5722405057462547 2.2010000000000001 -0 -0 -1 
7 0 0  3 4 2  3.7411804574207275 1.5722405057462547 2.2010000000000001  3.7411804574207275 1.5632985876650292 2.2010000000000001  3.743571900628305 1.5556043790847289 2.2010000000000001  3.7484067749392116 1.5492618557954934 2.2010000000000001 
 5 4 6 4
1 3.7484067749392116 1.5492618557954934 2.2010000000000001 -0 -0 -1 
7 0 0  3 4 2  3.7484067749392116 1.5492618557954934 2.2010000000000001  3.7531896613543654 1.5429193325062567 2.2010000000000001  3.7636912163089811 1.5364728334241247 2.2010000000000001  3.7797554761164869 1.5300263343433718 2.2010000000000001 
 4 4 5 4
1 3.7797554761164869 1.5300263343433718 2.2010000000000001 -0 -0 -1 
7 0 0  3 4 2  3.7797554761164869 1.5300263343433718 2.2010000000000001  3.7931683532369345 1.5250354963451913 2.2010000000000001  3.8020582834210193 1.520668513096092 2.2010000000000001  3.8064252666694265 1.5170293603889695 2.2010000000000001 
 3 4 4 4
1 3.8064252666694265 1.5170293603889695 2.2010000000000001 -0 -0 -1 
7 0 0  3 4 2  3.8064252666694265 1.5170293603889695 2.2010000000000001  3.8107922499185256 1.5133902076818539 2.2010000000000001  3.8129757415423819 1.5088152728511139 2.2010000000000001  3.8129757415423819 1.503200580102467 2.2010000000000001 
 2 4 3 4
1 3.8129757415423819 1.503200580102467 2.2010000000000001 -0 -0 -1 
7 0 0  3 4 2  3.8129757415423819 1.503200580102467 2.2010000000000001  3.8129757415423819 1.4900996303565559 2.2010000000000001  3.8029420776502674 1.4835491554842941 2.2010000000000001  3.7829267377611009 1.4835491554842941 2.2010000000000001 
 1 4 2 4
1 3.9654042520754063 1.6114393791910933 2.2010000000000001 -0 -0 -1 
1 3.9654042520754063 1.6114393791910933 2.2010000000000001 -1 -0 -0 
1 3.9918141031488781 1.6114393791910933 2.2010000000000001 -0 -0 -1 
1 3.9257374875673721 1.5020568463944384 2.2010000000000001 -0 -0 -1 
1 3.9257374875673721 1.5020568463944381 2.2010000000000001 -0.34091779621872587 -0.94009311039990462 -0 
7 0 0  3 4 2  3.9257374875673721 1.5020568463944384 2.2010000000000001  3.9241778506932903 1.4969620326047406 2.2010000000000001  3.9231380927753885 1.4930109525230817 2.2010000000000001  3.9226182138178185 1.4903075819395821 2.2010000000000001 
 12 4 13 4
1 3.9226182138178185 1.4903075819395821 2.2010000000000001 -0 -0 -1 
1 3.9219423711729839 1.4903075819395821 2.2010000000000001 -0 -0 -1 
1 3.9219423711729839 1.4903075819395821 2.2010000000000001 -1 -0 -0 
1 3.9188230974234322 1.5022647979774646 2.2010000000000001 -0 -0 -1 
1 3.9188230974234322 1.5022647979774646 2.2010000000000001 -0.25242189718784763 0.96761727238618866 -0 
1 3.8808719334781396 1.6114393791910933 2.2010000000000001 -0 -0 -1 
1 3.8808719334781396 1.6114393791910933 2.2010000000000001 -0.32834616481251144 0.944557460429441 -0 
1 3.8523825665709417 1.6114393791910933 2.2010000000000001 -0 -0 -1 
1 3.8523825665709417 1.6114393791910933 2.2010000000000001 -1 -0 -0 
1 3.9093613003853278 1.4664971256567219 2.2010000000000001 -0 -0 -1 
1 3.9093613003853278 1.4664971256567219 2.2010000000000001 0.36585892166935452 -0.93067032263575333 -0 
1 3.8981839027844916 1.4400872745818634 2.2010000000000001 -0 -0 -1 
1 3.8981839027844916 1.4400872745818634 2.2010000000000001 -0.38975826506546241 -0.92091720301727498 -0 
7 0 0  3 4 2  3.8981839027844916 1.4400872745818634 2.2010000000000001  3.8924132463492751 1.4263624700868716 2.2010000000000001  3.883731267748217 1.4196040436301958 2.2010000000000001  3.8720859790848712 1.4196040436301958 2.2010000000000001 
 5 4 6 4
1 3.8720859790848712 1.4196040436301958 2.2010000000000001 -0 -0 -1 
7 0 0  3 4 2  3.8720859790848712 1.4196040436301958 2.2010000000000001  3.8674070684619277 1.4196040436301958 2.2010000000000001  3.8626241820467753 1.4205398257552062 2.2010000000000001  3.8576333440485966 1.4225153657967293 2.2010000000000001 
 4 4 5 4
1 3.8576333440485966 1.4225153657967293 2.2010000000000001 -0 -0 -1 
1 3.8576333440485966 1.3998486432205119 2.2010000000000001 -0 -0 -1 
1 3.8576333440485966 1.3998486432205117 2.2010000000000001 -0 -1 -0 
7 0 0  3 4 2  3.8576333440485966 1.3998486432205119 2.2010000000000001  3.8621562909842746 1.3984969579294553 2.2010000000000001  3.8676670079407098 1.3977691273874713 2.2010000000000001  3.8740615191263936 1.3977691273874713 2.2010000000000001 
 2 4 3 4
1 3.8740615191263936 1.3977691273874713 2.2010000000000001 -0 -0 -1 
7 0 0  3 4 2  3.8740615191263936 1.3977691273874713 2.2010000000000001  3.896364326430934 1.3977691273874713 2.2010000000000001  3.9136243078422259 1.41326152034096 2.2010000000000001  3.9258934512546437 1.4442463062479365 2.2010000000000001 
 1 4 2 4
1 3.9258934512546437 1.4442463062479365 2.2010000000000001 -0 -0 -1 
1 3.9918141031488781 1.6114393791910933 2.2010000000000001 0.3667976789509263 0.93030073778118294 -0 
1 4.1286462449369044 1.4893717998159659 2.2010000000000001 -0 -0 -1 
1 4.1286462449369044 1.4893717998159659 2.2010000000000001 -0 1 -0 
1 4.1286462449369044 1.4661851982821781 2.2010000000000001 -0 -0 -1 
1 4.0455175995278267 1.4893717998159659 2.2010000000000001 -0 -0 -1 
1 4.0455175995278267 1.4893717998159659 2.2010000000000001 -1 -0 -0 
1 4.0455175995278267 1.5577878707092787 2.2010000000000001 -0 -0 -1 
1 4.0455175995278267 1.5577878707092787 2.2010000000000001 -0 1 -0 
1 4.1182486657731046 1.5577878707092787 2.2010000000000001 -0 -0 -1 
1 4.1182486657731046 1.5577878707092787 2.2010000000000001 1 -0 -0 
1 4.1182486657731046 1.5810784480345756 2.2010000000000001 -0 -0 -1 
1 4.1182486657731046 1.5810784480345756 2.2010000000000001 -0 1 -0 
1 4.0455175995278267 1.5810784480345756 2.2010000000000001 -0 -0 -1 
1 4.0455175995278267 1.5810784480345756 2.2010000000000001 -1 -0 -0 
1 4.0455175995278267 1.6461672935967024 2.2010000000000001 -0 -0 -1 
1 4.0455175995278267 1.6461672935967024 2.2010000000000001 -0 1 -0 
1 4.1240193222090156 1.6461672935967024 2.2010000000000001 -0 -0 -1 
1 4.1240193222090156 1.6461672935967024 2.2010000000000001 1 -0 -0 
1 4.1240193222090156 1.6695618467135114 2.2010000000000001 -0 -0 -1 
1 4.1240193222090156 1.6695618467135114 2.2010000000000001 -0 1 -0 
1 4.0192637121402495 1.6695618467135114 2.2010000000000001 -0 -0 -1 
1 4.0192637121402495 1.6695618467135114 2.2010000000000001 -1 -0 -0 
1 4.0192637121402495 1.4661851982821781 2.2010000000000001 -0 -0 -1 
1 4.0192637121402495 1.4661851982821781 2.2010000000000001 -0 -1 -0 
1 4.1286462449369044 1.4661851982821781 2.2010000000000001 1 -0 -0 
1 4.223004275843266 1.4661851982821781 2.2010000000000001 1 -0 -0 
7 0 0  3 4 2  4.2230042758432669 1.4661851982821783 2.2010000000000001  4.2551847833526404 1.4661851982821783 2.2010000000000001  4.2815426465317374 1.4756469953195879 2.2010000000000001  4.3019738895862636 1.4946745651886819 2.2010000000000001 
 5 4 6 4
7 0 0  3 4 2  4.3019738895862636 1.4946745651886819 2.2010000000000001  4.3224051326421753 1.5137021350577771 2.2010000000000001  4.3326467481187043 1.5389682524232113 2.2010000000000001  4.3326467481187043 1.5704729172877581 2.2010000000000001 
 4 4 5 4
7 0 0  3 4 2  4.3326467481187043 1.5704729172877581 2.2010000000000001  4.3326467481187043 1.6006258968612412 2.2010000000000001  4.3224051326421753 1.6246443047285153 2.2010000000000001  4.3019738895862636 1.6426321166810938 2.2010000000000001 
 3 4 4 4
7 0 0  3 4 2  4.3019738895862636 1.6426321166810938 2.2010000000000001  4.2815426465317374 1.660619928632286 2.2010000000000001  4.2559126138932379 1.6695618467135114 2.2010000000000001  4.225083791674912 1.6695618467135114 2.2010000000000001 
 2 4 3 4
1 4.1670652999453921 1.6695618467135114 2.2010000000000001 -1 -0 -0 
1 4.1670652999453921 1.4661851982821781 2.2010000000000001 -0 -1 -0 
1 4.1933191873315847 1.6461672935967024 2.2010000000000001 0 -1 0 
1 4.2240440337583935 1.6461672935967024 2.2010000000000001 -1 0 0 
7 0 0  3 4 2  4.282738368134142 1.6270357479360915 2.2010000000000001  4.2678698299311133 1.6398247703060782 2.2010000000000001  4.2482703932087 1.6461672935967027 2.2010000000000001  4.2240440337583935 1.6461672935967027 2.2010000000000001 
 5 4 6 4
7 0 0  3 4 2  4.3050411754386735 1.5697450867471614 2.2010000000000001  4.3050411754386735 1.595115179905499 2.2010000000000001  4.2976069063371636 1.6142467255647239 2.2010000000000001  4.282738368134142 1.6270357479360915 2.2010000000000001 
 4 4 5 4
7 0 0  3 4 2  4.2833102349888463 1.5105828613082237 2.2010000000000001  4.297814857921578 1.5246195931791384 2.2010000000000001  4.3050411754386735 1.5443749935888307 2.2010000000000001  4.3050411754386735 1.5697450867471614 2.2010000000000001 
 3 4 4 4
7 0 0  3 4 2  4.222848312154607 1.4893717998159659 2.2010000000000001  4.2486862963747463 1.4893717998159661 2.2010000000000001  4.268857599951879 1.4964421536457913 2.2010000000000001  4.2833102349888463 1.5105828613082237 2.2010000000000001 
 2 4 3 4
1 4.1933191873315847 1.4893717998159659 2.2010000000000001 1 0 0 
1 4.2230042758432669 1.4661851982821783 2.2010000000000001 -0 -0 -1 
1 4.1670652999453921 1.4661851982821781 2.2010000000000001 -0 -0 -1 
1 4.3019738895862636 1.4946745651886819 2.2010000000000001 -0 -0 -1 
1 4.3326467481187043 1.5704729172877581 2.2010000000000001 -0 -0 -1 
1 4.3019738895862636 1.6426321166810938 2.2010000000000001 -0 -0 -1 
1 4.225083791674912 1.6695618467135114 2.2010000000000001 -0 -0 -1 
1 4.1670652999453921 1.6695618467135114 2.2010000000000001 -0 -0 -1 
1 4.2240440337583935 1.6461672935967024 2.2000000000000002 -1 0 0 
1 4.2240440337583935 1.6461672935967027 2.2010000000000001 -0 -0 -1 
1 4.1933191873315847 1.6461672935967024 2.2010000000000001 -0 -0 -1 
1 4.1933191873315847 1.6461672935967024 2.2000000000000002 0 -1 0 
1 4.1933191873315847 1.4893717998159659 2.2010000000000001 -0 -0 -1 
1 4.1933191873315847 1.4893717998159659 2.2000000000000002 1 0 0 
1 4.222848312154607 1.4893717998159659 2.2010000000000001 -0 -0 -1 
7 0 0  3 4 2  4.222848312154607 1.4893717998159659 2.2000000000000002  4.2486862963747463 1.4893717998159661 2.2000000000000002  4.268857599951879 1.4964421536457913 2.2000000000000002  4.2833102349888463 1.5105828613082237 2.2000000000000002 
 2 4 3 4
1 4.2833102349888463 1.5105828613082237 2.2010000000000001 -0 -0 -1 
7 0 0  3 4 2  4.2833102349888463 1.5105828613082237 2.2000000000000002  4.297814857921578 1.5246195931791384 2.2000000000000002  4.3050411754386735 1.5443749935888307 2.2000000000000002  4.3050411754386735 1.5697450867471614 2.2000000000000002 
 3 4 4 4
1 4.3050411754386735 1.5697450867471614 2.2010000000000001 -0 -0 -1 
7 0 0  3 4 2  4.3050411754386735 1.5697450867471614 2.2000000000000002  4.3050411754386735 1.595115179905499 2.2000000000000002  4.2976069063371636 1.6142467255647239 2.2000000000000002  4.282738368134142 1.6270357479360915 2.2000000000000002 
 4 4 5 4
1 4.282738368134142 1.6270357479360915 2.2010000000000001 -0 -0 -1 
7 0 0  3 4 2  4.282738368134142 1.6270357479360915 2.2000000000000002  4.2678698299311133 1.6398247703060782 2.2000000000000002  4.2482703932087 1.6461672935967027 2.2000000000000002  4.2240440337583935 1.6461672935967027 2.2000000000000002 
 5 4 6 4
1 4.4494635500168709 1.6695618467135114 2.2010000000000001 -0.3559357243643097 0.93451043874386663 -0 
1 4.421390086275033 1.6695618467135114 2.2010000000000001 -1 -0 -0 
1 4.3439281215089771 1.4661851982821781 2.2010000000000001 -0.35593572436987864 -0.93451043874174555 -0 
1 4.3729373673744316 1.4661851982821781 2.2010000000000001 1 -0 -0 
1 4.3924848162010894 1.521812246804122 2.2010000000000001 0.33152841835765701 0.94344523307994432 -0 
1 4.4771730984856353 1.521812246804122 2.2010000000000001 1 -0 -0 
1 4.4979162689174723 1.4661851982821781 2.2010000000000001 0.34939547949732397 -0.9369753459439768 -0 
1 4.5269255147815395 1.4661851982821781 2.2010000000000001 1 -0 -0 
1 4.4008028795332352 1.5447908967548833 2.2010000000000001 1 0 0 
1 4.4312157985841214 1.6293232153521544 2.2010000000000001 -0.3385350342956624 -0.94095378768270799 0 
7 0 0  3 4 2  4.4345430239166994 1.6435678988047124 2.2010000000000001  4.4335552538959409 1.6374333270985022 2.2010000000000001  4.4324635080850552 1.6326504406833497 2.2010000000000001  4.4312157985841214 1.6293232153521544 2.2009999999999992 
 3 4 4 4
1 4.4351668786671663 1.6435678988047124 2.2010000000000001 -1 0 0 
7 0 0  3 4 2  4.4383381403110942 1.6293232153521544 2.2010000000000001  4.4373503702917159 1.6321305617257837 2.2010000000000001  4.4363106123738172 1.6368094723494226 2.2010000000000001  4.4351668786671663 1.6435678988047127 2.2010000000000001 
 1 4 2 4
1 4.4690629867392904 1.5447908967548833 2.2010000000000001 -0.34160383069024097 0.93984404177382175 0 
1 4.4494635500168709 1.6695618467135114 2.2010000000000001 -0 -0 -1 
1 4.5269255147815395 1.4661851982821781 2.2010000000000001 -0 -0 -1 
1 4.421390086275033 1.6695618467135114 2.2010000000000001 -0 -0 -1 
1 4.3439281215089771 1.4661851982821781 2.2010000000000001 -0 -0 -1 
1 4.3729373673744316 1.4661851982821781 2.2010000000000001 -0 -0 -1 
1 4.3924848162010894 1.521812246804122 2.2010000000000001 -0 -0 -1 
1 4.4771730984856353 1.521812246804122 2.2010000000000001 -0 -0 -1 
1 4.4979162689174723 1.4661851982821781 2.2010000000000001 -0 -0 -1 
1 4.4008028795332352 1.5447908967548833 2.2000000000000002 1 0 0 
1 4.4008028795332352 1.5447908967548833 2.2010000000000001 -0 -0 -1 
1 4.4690629867392904 1.5447908967548833 2.2010000000000001 -0 -0 -1 
1 4.4690629867392904 1.5447908967548833 2.2000000000000002 -0.34160383069024097 0.93984404177382175 0 
1 4.4383381403110942 1.6293232153521544 2.2010000000000001 -0 -0 -1 
7 0 0  3 4 2  4.4383381403110942 1.6293232153521544 2.2000000000000002  4.4373503702917159 1.6321305617257837 2.2000000000000002  4.4363106123738172 1.6368094723494226 2.2000000000000002  4.4351668786671663 1.6435678988047127 2.2000000000000002 
 1 4 2 4
1 4.4351668786671663 1.6435678988047127 2.2010000000000001 -0 -0 -1 
1 4.4351668786671663 1.6435678988047124 2.2000000000000002 -1 0 0 
1 4.4345430239166994 1.6435678988047124 2.2010000000000001 -0 -0 -1 
7 0 0  3 4 2  4.4345430239166994 1.6435678988047124 2.2000000000000002  4.4335552538959409 1.6374333270985022 2.2000000000000002  4.4324635080850552 1.6326504406833497 2.2000000000000002  4.4312157985841214 1.6293232153521546 2.2000000000000002 
 3 4 4 4
1 4.4312157985841214 1.6293232153521546 2.2010000000000001 -0 -0 -1 
1 4.4312157985841214 1.6293232153521544 2.2000000000000002 -0.3385350342956624 -0.94095378768270799 0 
7 0 0  3 4 2  3.2894653185758247 1.667918058720528 2.2010000000000001  3.2880193534688993 1.7546772337949383 2.2010000000000001  3.2287338463794266 1.8313145703828719 2.2010000000000001  3.1463126217851469 1.8573423284223076 2.2010000000000001 
 35 4 36 4
7 0 0  3 4 2  3.1463126217851469 1.8573423284223076 2.2010000000000001  3.1304067849729402 1.9007219435381462 2.2010000000000001  3.1029330066679237 1.9397635943866181 2.2010000000000001  3.0682292925102668 1.9715753162753733 2.2010000000000001 
 0 4 1 4
7 0 0  3 4 2  3.0682292925102668 1.9715753162753733 2.2010000000000001  3.0132817910602721 2.0192928973870092 2.2010000000000001  2.9438744179043046 2.0467666532827407 2.2010000000000001  2.8715750593758278 2.0467666532827407 2.2010000000000001 
 1 4 2 4
7 0 0  3 4 2  2.8715750593758278 2.0467666532827407 2.2010000000000001  2.8079516293869369 2.0467666532827407 2.2010000000000001  2.7486661498774851 2.0265228332396501 2.2010000000000001  2.6980565989069296 1.9903731522507928 2.2010000000000001 
 2 4 3 4
7 0 0  3 4 2  2.6980565989069296 1.9903731522507928 2.2010000000000001  2.6734748059751148 1.9730213020673175 2.2010000000000001  2.6532309911034502 1.9513314945093965 2.2010000000000001  2.6344331689180405 1.9267497153675914 2.2010000000000001 
 3 4 4 4
7 0 0  3 4 2  2.6344331689180405 1.9267497153675914 2.2010000000000001  2.6228652825852703 1.9281957080538463 2.2010000000000001  2.6127433613594278 1.9296416869500927 2.2010000000000001  2.6011754750266576 1.9296416869500927 2.2010000000000001 
 4 4 5 4
7 0 0  3 4 2  2.6011754750266576 1.9296416869500927 2.2010000000000001  2.5389980239340133 1.9296416869500927 2.2010000000000001  2.4797125582145698 1.9050599078096726 2.2010000000000001  2.4348869504110922 1.8602343000048072 2.2010000000000001 
 5 4 6 4
7 0 0  3 4 2  2.4348869504110922 1.8602343000048072 2.2010000000000001  2.3915072973709943 1.8168546986775922 2.2010000000000001  2.3669255147820336 1.7575692191674477 2.2010000000000001  2.3669255147820336 1.6953917818661988 2.2010000000000001 
 6 4 7 4
7 0 0  3 4 2  2.3669255147820336 1.6953917818661988 2.2010000000000001  2.3669255147820336 1.6375522950423089 2.2010000000000001  2.3886153223399531 1.5811587733260442 2.2010000000000001  2.4276569731884234 1.5377792133688581 2.2010000000000001 
 7 4 8 4
7 0 0  3 4 2  2.4276569731884234 1.5377792133688581 2.2010000000000001  2.4594686881821746 1.5030754992105073 2.2010000000000001  2.4985103528199621 1.4799397265463488 2.2010000000000001  2.5433359468334316 1.4683718402135797 2.2010000000000001 
 8 4 9 4
7 0 0  3 4 2  2.5433359468334316 1.4683718402135797 2.2010000000000001  2.5621337828088508 1.410532353389691 2.2010000000000001  2.6170812842588451 1.3700447236463642 2.2010000000000001  2.6807047418284475 1.3700447236463642 2.2010000000000001 
 9 4 10 4
7 0 0  3 4 2  2.6807047418284475 1.3700447236463642 2.2010000000000001  2.7602340362095639 1.3700447236463642 2.2010000000000001  2.8253034588860939 1.4351141463215054 2.2010000000000001  2.8253034588860939 1.5146434407033122 2.2010000000000001 
 10 4 11 4
7 0 0  3 4 2  2.8253034588860939 1.5146434407033122 2.2010000000000001  2.8253034588860939 1.5189813911834493 2.2010000000000001  2.8253034588860939 1.5233193416635786 2.2010000000000001  2.8253034588860939 1.5291033124099778 2.2010000000000001 
 11 4 12 4
1 2.8253034588860939 1.5291033124099775 2.2010000000000001 0.88409495024788098 0.46730730675455612 0 
1 3.0277416627662443 1.636106357516093 2.2010000000000001 -0.50488304864992151 0.86318775894121724 0 
1 2.9829160825420917 1.7127436941040266 2.2010000000000001 -0.88634884279586179 -0.46301806538669393 0 
7 0 0  3 4 2  2.7891538072015285 1.6115245921643018 2.2010000000000001  2.7631260491627856 1.6418903282624975 2.2010000000000001  2.7240843845256917 1.6606881504479074 2.2010000000000001  2.6807047694084676 1.6606881504479074 2.2010000000000001 
 15 4 16 4
7 0 0  3 4 2  2.6807047694084676 1.6606881504479074 2.2010000000000001  2.6185273045258133 1.6606881504479074 2.2010000000000001  2.5650257957627658 1.6202005207045798 2.2010000000000001  2.5447819808904084 1.5652529916745697 2.2010000000000001 
 16 4 17 4
7 0 0  3 4 2  2.5447819808904084 1.5652529916745697 2.2010000000000001  2.4941724299205439 1.5883887919187392 2.2010000000000001  2.458022750655958 1.6389983428886024 2.2010000000000001  2.458022750655958 1.6982838223987471 2.2010000000000001 
 17 4 18 4
7 0 0  3 4 2  2.458022750655958 1.6982838223987471 2.2010000000000001  2.458022750655958 1.7778131167805564 2.2010000000000001  2.5230921733317944 1.8428825394557002 2.2010000000000001  2.602621467712912 1.8428825394557002 2.2010000000000001 
 18 4 19 4
7 0 0  3 4 2  2.602621467712912 1.8428825394557002 2.2010000000000001  2.6300952184386026 1.8428825394557002 2.2010000000000001  2.6575689691636 1.834206610916806 2.2010000000000001  2.6792587767215195 1.821192731896395 2.2010000000000001 
 19 4 20 4
7 0 0  3 4 2  2.6792587767215195 1.821192731896395 2.2010000000000001  2.7067324998664977 1.9021679362257868 2.2010000000000001  2.7819238437681766 1.9600074230482909 2.2010000000000001  2.8730210244827563 1.9600074230482909 2.2010000000000001 
 20 4 21 4
7 0 0  3 4 2  2.8730210244827563 1.9600074230482909 2.2010000000000001  2.9771321117963803 1.9600074230482909 2.2010000000000001  3.0638913420301366 1.8804781286664816 2.2010000000000001  3.0754592283629054 1.7792590267267527 2.2010000000000001 
 21 4 22 4
7 0 0  3 4 2  3.0754592283629054 1.7792590267267527 2.2010000000000001  3.0797971788423428 1.7792590267267527 2.2010000000000001  3.0826891642155463 1.7792590267267527 2.2010000000000001  3.0870271146956765 1.7792590267267527 2.2010000000000001 
 22 4 23 4
7 0 0  3 4 2  3.0870271146956765 1.7792590267267527 2.2010000000000001  3.1492045519983116 1.7792590267267527 2.2010000000000001  3.1998141029681757 1.7286494757568887 2.2010000000000001  3.1998141029681757 1.666472038454254 2.2010000000000001 
 23 4 24 4
7 0 0  3 4 2  3.1998141029681757 1.666472038454254 2.2010000000000001  3.1998141029681757 1.6071865589441103 2.2010000000000001  3.1549885227440231 1.5580230006618854 2.2010000000000001  3.095703015655245 1.5536850501817563 2.2010000000000001 
 24 4 25 4
1 3.095703015655245 1.5536850501817563 2.2010000000000001 -1 0 0 
7 0 0  3 4 2  3.0306335929794082 1.5536850501817563 2.2010000000000001  3.027741607606206 1.5536850501817563 2.2010000000000001  3.0248496222330035 1.5551310152879887 2.2010000000000001  3.0219576920198388 1.5551310152879887 2.2010000000000001 
 26 4 27 4
7 0 0  3 4 2  3.0219576920198388 1.5551310152879887 2.2010000000000001  2.9973758990880253 1.5551310152879887 2.2010000000000001  2.9771321117963803 1.53488717283631 2.2010000000000001  2.9771321117963803 1.5103054350645331 2.2010000000000001 
 27 4 28 4
7 0 0  3 4 2  2.9771321117963803 1.5103054350645331 2.2010000000000001  2.9771321117963803 1.4871696623989952 2.2010000000000001  2.9959299339810967 1.4669258199459223 2.2010000000000001  3.0190657618066763 1.4654798548396897 2.2010000000000001 
 28 4 29 4
1 3.0190657618066763 1.4654798548396897 2.2010000000000001 1 0 0 
7 0 0  3 4 2  3.1043789717748504 1.4654798548396897 2.2010000000000001  3.1549885227440231 1.469817805319819 2.2010000000000001  3.2012601232351385 1.4929536331453943 2.2010000000000001  3.2359637822320666 1.5305492775162184 2.2010000000000001 
 33 4 34 4
7 0 0  3 4 2  3.2359637822320666 1.5305492775162184 2.2010000000000001  3.2706674963904172 1.5681449218870345 2.2010000000000001  3.2894653185758247 1.6173085077506648 2.2010000000000001  3.2894653185758247 1.667918058720528 2.2010000000000001 
 34 4 35 4
7 0 0  3 7 3  2.6792587491414999 1.456803843560736 2.2010000000000001  2.7110704503459355 1.456803843560736 2.2010000000000001  2.7356522432777495 1.4828316567588204 2.2010000000000001  2.7356522432777495 1.5131973652769981 2.2010000000000001  2.7356522432777495 1.5450090940614607 2.2010000000000001  2.7096244852396985 1.5695908869932669 2.2010000000000001  2.6792587491414999 1.5695908869932669 2.2010000000000001 
 0 4 1 3 2 4
7 0 0  3 6 3  2.6792587491414999 1.5695908869932669 2.2010000000000001  2.6488930130439936 1.5695908869932669 2.2010000000000001  2.6228652550052507 1.5450090940614607 2.2010000000000001  2.6228652550052507 1.4813856364925519 2.2010000000000001  2.6488930130439936 1.456803843560736 2.2010000000000001  2.6792587491414999 1.456803843560736 2.2010000000000001 
 2 4 3 2 4 4
1 3.2894653185758247 1.667918058720528 2.2010000000000001 -0 -0 -1 
1 3.1463126217851469 1.8573423284223076 2.2010000000000001 -0 -0 -1 
1 3.0682292925102668 1.9715753162753733 2.2010000000000001 -0 -0 -1 
1 2.8715750593758278 2.0467666532827407 2.2010000000000001 -0 -0 -1 
1 2.6980565989069296 1.9903731522507928 2.2010000000000001 -0 -0 -1 
1 2.6344331689180405 1.9267497153675914 2.2010000000000001 -0 -0 -1 
1 2.6011754750266576 1.9296416869500927 2.2010000000000001 -0 -0 -1 
1 2.4348869504110922 1.8602343000048072 2.2010000000000001 -0 -0 -1 
1 2.3669255147820336 1.6953917818661988 2.2010000000000001 -0 -0 -1 
1 2.4276569731884234 1.5377792133688581 2.2010000000000001 -0 -0 -1 
1 2.5433359468334316 1.4683718402135797 2.2010000000000001 -0 -0 -1 
1 2.6807047418284475 1.3700447236463642 2.2010000000000001 -0 -0 -1 
1 2.8253034588860939 1.5146434407033122 2.2010000000000001 -0 -0 -1 
1 2.8253034588860939 1.5291033124099778 2.2010000000000001 -0 -0 -1 
1 3.0277416627662443 1.636106357516093 2.2010000000000001 -0 -0 -1 
1 2.9829160825420917 1.7127436941040266 2.2010000000000001 -0 -0 -1 
1 2.7891538072015285 1.6115245921643018 2.2010000000000001 -0 -0 -1 
1 2.6807047694084676 1.6606881504479074 2.2010000000000001 -0 -0 -1 
1 2.5447819808904084 1.5652529916745697 2.2010000000000001 -0 -0 -1 
1 2.458022750655958 1.6982838223987471 2.2010000000000001 -0 -0 -1 
1 2.602621467712912 1.8428825394557002 2.2010000000000001 -0 -0 -1 
1 2.6792587767215195 1.821192731896395 2.2010000000000001 -0 -0 -1 
1 2.8730210244827563 1.9600074230482909 2.2010000000000001 -0 -0 -1 
1 3.0754592283629054 1.7792590267267527 2.2010000000000001 -0 -0 -1 
1 3.0870271146956765 1.7792590267267527 2.2010000000000001 -0 -0 -1 
1 3.1998141029681757 1.666472038454254 2.2010000000000001 -0 -0 -1 
1 3.095703015655245 1.5536850501817563 2.2010000000000001 -0 -0 -1 
1 3.0306335929794082 1.5536850501817563 2.2010000000000001 -0 -0 -1 
1 3.0219576920198388 1.5551310152879887 2.2010000000000001 -0 -0 -1 
1 2.9771321117963803 1.5103054350645331 2.2010000000000001 -0 -0 -1 
1 3.0190657618066763 1.4654798548396897 2.2010000000000001 -0 -0 -1 
1 3.1043789717748504 1.4654798548396897 2.2010000000000001 -0 -0 -1 
1 3.2359637822320666 1.5305492775162184 2.2010000000000001 -0 -0 -1 
7 0 0  3 7 3  2.6792587491414999 1.456803843560736 2.2000000000000002  2.7110704503459355 1.456803843560736 2.2000000000000002  2.7356522432777495 1.4828316567588204 2.2000000000000002  2.7356522432777495 1.5131973652769981 2.2000000000000002  2.7356522432777495 1.5450090940614607 2.2000000000000002  2.7096244852396985 1.5695908869932669 2.2000000000000002  2.6792587491414999 1.5695908869932669 2.2000000000000002 
 0 4 1 3 2 4
1 2.6792587491414999 1.456803843560736 2.2010000000000001 -0 -0 -1 
1 2.6792587491414999 1.5695908869932669 2.2010000000000001 -0 -0 -1 
7 0 0  3 6 3  2.6792587491414999 1.5695908869932669 2.2000000000000002  2.6488930130439936 1.5695908869932669 2.2000000000000002  2.6228652550052507 1.5450090940614607 2.2000000000000002  2.6228652550052507 1.4813856364925519 2.2000000000000002  2.6488930130439936 1.456803843560736 2.2000000000000002  2.6792587491414999 1.456803843560736 2.2000000000000002 
 2 4 3 2 4 4
1 -4.3850000000000007 -3.3999999999999999 0.19999999999999959 0 -1 -1.3552527156068805e-16 
1 -4.0650000000000013 -3.8999999999999999 0.19999999999999954 -1 -0 -0 
1 -4.0650000000000013 -3.3999999999999999 0.19999999999999959 0 -1 -1.3552527156068805e-16 
1 -4.0650000000000013 -3.3999999999999999 0.19999999999999959 -1 -0 -0 
1 -4.3850000000000007 -3.8999999999999999 -4.7433845046240819e-16 0 0 1 
1 -4.0650000000000013 -3.8999999999999999 -4.7433845046240819e-16 -1 -0 -0 
1 -4.0650000000000013 -3.8999999999999999 -4.7433845046240819e-16 0 0 1 
1 -4.3850000000000007 -3.3999999999999999 -4.0657581468206416e-16 0 -1 -1.3552527156068805e-16 
1 -4.0650000000000013 -3.3999999999999999 -4.0657581468206416e-16 -1 -0 -0 
1 -4.0650000000000013 -3.3999999999999999 -4.0657581468206416e-16 0 -1 -1.3552527156068805e-16 
2 -4.3850000000000007 -3.3999999999999999 0.2999999999999996 -1 -0 -0 0 -1.4456028966473383e-15 -1 0 -1 1.4456028966473383e-15 0.30000000000000021
1 -4.0650000000000013 -3.110222252113279 0.22235428646924424 -1 -0 -0 
2 -4.0650000000000013 -3.3999999999999999 0.2999999999999996 -1 -0 -0 0 -1.4456028966473383e-15 -1 0 -1 1.4456028966473383e-15 0.30000000000000021
1 -4.3850000000000007 -2.8949176757630899 1.0258819045102519 0 -0.25881904510251763 -0.9659258262890692 
1 -4.0650000000000013 -2.8949176757630899 1.0258819045102519 -1 -0 -0 
1 -4.0650000000000013 -2.8949176757630899 1.0258819045102519 0 -0.25881904510251763 -0.9659258262890692 
2 -4.0650000000000013 -2.7983250931341832 1 1 0 0 0 0 -1 -0 1 0 0.10000000000000005
1 -4.0650000000000013 -2.7983250931341832 1.1000000000000001 -1 -0 -0 
2 -4.3850000000000007 -2.7983250931341832 1 1 0 0 0 0 -1 -0 1 0 0.10000000000000005
1 -4.3850000000000007 -2.6499999999999999 1.1000000000000001 -0 -1 -0 
1 -4.0650000000000013 -2.6499999999999999 1.1000000000000001 -0 -1 -0 
1 -4.3850000000000007 -2.6499999999999999 1.3000000000000003 -0 -1 -0 
1 -4.0650000000000013 -2.7983250931341836 1.3 -1 -0 -0 
1 -4.0650000000000013 -2.6499999999999999 1.3000000000000003 -0 -1 -0 
2 -4.3850000000000007 -2.7983250931341832 1 1 0 0 0 0 -1 -0 1 0 0.30000000000000004
1 -4.0650000000000013 -3.0881028410209037 1.0776457135307553 -1 -0 -0 
2 -4.0650000000000013 -2.7983250931341832 1 1 0 0 0 0 -1 -0 1 0 0.30000000000000004
1 -4.3850000000000007 -3.0881028410209037 1.0776457135307553 0 -0.25881904510251763 -0.9659258262890692 
1 -4.0650000000000013 -3.3034074173710923 0.2741180954897478 -1 -0 -0 
1 -4.0650000000000013 -3.0881028410209037 1.0776457135307553 0 -0.25881904510251763 -0.9659258262890692 
2 -4.0650000000000013 -3.3999999999999999 0.2999999999999996 -1 -0 -0 0 -4.3368086899420083e-15 -1 0 -1 4.3368086899420083e-15 0.10000000000000021
2 -4.3850000000000007 -3.3999999999999999 0.2999999999999996 -1 -0 -0 0 -4.3368086899420083e-15 -1 0 -1 4.3368086899420083e-15 0.10000000000000021
1 -3.7350000000000003 -3.3999999999999999 0.19999999999999959 0 -1 -1.3552527156068805e-16 
1 -3.4150000000000005 -3.8999999999999999 0.19999999999999954 -1 -0 -0 
1 -3.4150000000000005 -3.3999999999999999 0.19999999999999959 0 -1 -1.3552527156068805e-16 
1 -3.4150000000000005 -3.3999999999999999 0.19999999999999959 -1 -0 -0 
1 -3.7350000000000003 -3.8999999999999999 -4.7433845046240819e-16 0 0 1 
1 -3.4150000000000005 -3.8999999999999999 -4.7433845046240819e-16 -1 -0 -0 
1 -3.4150000000000005 -3.8999999999999999 -4.7433845046240819e-16 0 0 1 
1 -3.7350000000000003 -3.3999999999999999 -4.0657581468206416e-16 0 -1 -1.3552527156068805e-16 
1 -3.4150000000000005 -3.3999999999999999 -4.0657581468206416e-16 -1 -0 -0 
1 -3.4150000000000005 -3.3999999999999999 -4.0657581468206416e-16 0 -1 -1.3552527156068805e-16 
2 -3.7350000000000003 -3.3999999999999999 0.2999999999999996 -1 -0 -0 0 -1.4456028966473383e-15 -1 0 -1 1.4456028966473383e-15 0.30000000000000021
1 -3.4150000000000005 -3.110222252113279 0.22235428646924424 -1 -0 -0 
2 -3.4150000000000005 -3.3999999999999999 0.2999999999999996 -1 -0 -0 0 -1.4456028966473383e-15 -1 0 -1 1.4456028966473383e-15 0.30000000000000021
1 -3.7350000000000003 -2.8949176757630899 1.0258819045102519 0 -0.25881904510251763 -0.9659258262890692 
1 -3.4150000000000005 -2.8949176757630899 1.0258819045102519 -1 -0 -0 
1 -3.4150000000000005 -2.8949176757630899 1.0258819045102519 0 -0.25881904510251763 -0.9659258262890692 
2 -3.4150000000000005 -2.7983250931341832 1 1 0 0 0 0 -1 -0 1 0 0.10000000000000005
1 -3.4150000000000005 -2.7983250931341832 1.1000000000000001 -1 -0 -0 
2 -3.7350000000000003 -2.7983250931341832 1 1 0 0 0 0 -1 -0 1 0 0.10000000000000005
1 -3.7350000000000003 -2.6499999999999999 1.1000000000000001 -0 -1 -0 
1 -3.4150000000000005 -2.6499999999999999 1.1000000000000001 -0 -1 -0 
1 -3.7350000000000003 -2.6499999999999999 1.3000000000000003 -0 -1 -0 
1 -3.4150000000000005 -2.7983250931341836 1.3 -1 -0 -0 
1 -3.4150000000000005 -2.6499999999999999 1.3000000000000003 -0 -1 -0 
2 -3.7350000000000003 -2.7983250931341832 1 1 0 0 0 0 -1 -0 1 0 0.30000000000000004
1 -3.4150000000000005 -3.0881028410209037 1.0776457135307553 -1 -0 -0 
2 -3.4150000000000005 -2.7983250931341832 1 1 0 0 0 0 -1 -0 1 0 0.30000000000000004
1 -3.7350000000000003 -3.0881028410209037 1.0776457135307553 0 -0.25881904510251763 -0.9659258262890692 
1 -3.4150000000000005 -3.3034074173710923 0.2741180954897478 -1 -0 -0 
1 -3.4150000000000005 -3.0881028410209037 1.0776457135307553 0 -0.25881904510251763 -0.9659258262890692 
2 -3.4150000000000005 -3.3999999999999999 0.2999999999999996 -1 -0 -0 0 -4.3368086899420083e-15 -1 0 -1 4.3368086899420083e-15 0.10000000000000021
2 -3.7350000000000003 -3.3999999999999999 0.2999999999999996 -1 -0 -0 0 -4.3368086899420083e-15 -1 0 -1 4.3368086899420083e-15 0.10000000000000021
1 -3.0850000000000004 -3.3999999999999999 0.19999999999999959 0 -1 -1.3552527156068805e-16 
1 -2.7650000000000006 -3.8999999999999999 0.19999999999999954 -1 -0 -0 
1 -2.7650000000000006 -3.3999999999999999 0.19999999999999959 0 -1 -1.3552527156068805e-16 
1 -2.7650000000000006 -3.3999999999999999 0.19999999999999959 -1 -0 -0 
1 -3.0850000000000004 -3.8999999999999999 -4.7433845046240819e-16 0 0 1 
1 -2.7650000000000006 -3.8999999999999999 -4.7433845046240819e-16 -1 -0 -0 
1 -2.7650000000000006 -3.8999999999999999 -4.7433845046240819e-16 0 0 1 
1 -3.0850000000000004 -3.3999999999999999 -4.0657581468206416e-16 0 -1 -1.3552527156068805e-16 
1 -2.7650000000000006 -3.3999999999999999 -4.0657581468206416e-16 -1 -0 -0 
1 -2.7650000000000006 -3.3999999999999999 -4.0657581468206416e-16 0 -1 -1.3552527156068805e-16 
2 -3.0850000000000004 -3.3999999999999999 0.2999999999999996 -1 -0 -0 0 -1.4456028966473383e-15 -1 0 -1 1.4456028966473383e-15 0.30000000000000021
1 -2.7650000000000006 -3.110222252113279 0.22235428646924424 -1 -0 -0 
2 -2.7650000000000006 -3.3999999999999999 0.2999999999999996 -1 -0 -0 0 -1.4456028966473383e-15 -1 0 -1 1.4456028966473383e-15 0.30000000000000021
1 -3.0850000000000004 -2.8949176757630899 1.0258819045102519 0 -0.25881904510251763 -0.9659258262890692 
1 -2.7650000000000006 -2.8949176757630899 1.0258819045102519 -1 -0 -0 
1 -2.7650000000000006 -2.8949176757630899 1.0258819045102519 0 -0.25881904510251763 -0.9659258262890692 
2 -2.7650000000000006 -2.7983250931341832 1 1 0 0 0 0 -1 -0 1 0 0.10000000000000005
1 -2.7650000000000006 -2.7983250931341832 1.1000000000000001 -1 -0 -0 
2 -3.0850000000000004 -2.7983250931341832 1 1 0 0 0 0 -1 -0 1 0 0.10000000000000005
1 -3.0850000000000004 -2.6499999999999999 1.1000000000000001 -0 -1 -0 
1 -2.7650000000000006 -2.6499999999999999 1.1000000000000001 -0 -1 -0 
1 -3.0850000000000004 -2.6499999999999999 1.3000000000000003 -0 -1 -0 
1 -2.7650000000000006 -2.7983250931341836 1.3 -1 -0 -0 
1 -2.7650000000000006 -2.6499999999999999 1.3000000000000003 -0 -1 -0 
2 -3.0850000000000004 -2.7983250931341832 1 1 0 0 0 0 -1 -0 1 0 0.30000000000000004
1 -2.7650000000000006 -3.0881028410209037 1.0776457135307553 -1 -0 -0 
2 -2.7650000000000006 -2.7983250931341832 1 1 0 0 0 0 -1 -0 1 0 0.30000000000000004
1 -3.0850000000000004 -3.0881028410209037 1.0776457135307553 0 -0.25881904510251763 -0.9659258262890692 
1 -2.7650000000000006 -3.3034074173710923 0.2741180954897478 -1 -0 -0 
1 -2.7650000000000006 -3.0881028410209037 1.0776457135307553 0 -0.25881904510251763 -0.9659258262890692 
2 -2.7650000000000006 -3.3999999999999999 0.2999999999999996 -1 -0 -0 0 -4.3368086899420083e-15 -1 0 -1 4.3368086899420083e-15 0.10000000000000021
2 -3.0850000000000004 -3.3999999999999999 0.2999999999999996 -1 -0 -0 0 -4.3368086899420083e-15 -1 0 -1 4.3368086899420083e-15 0.10000000000000021
1 -2.4350000000000005 -3.3999999999999999 0.19999999999999959 0 -1 -1.3552527156068805e-16 
1 -2.1150000000000007 -3.8999999999999999 0.19999999999999954 -1 -0 -0 
1 -2.1150000000000007 -3.3999999999999999 0.19999999999999959 0 -1 -1.3552527156068805e-16 
1 -2.1150000000000007 -3.3999999999999999 0.19999999999999959 -1 -0 -0 
1 -2.4350000000000005 -3.8999999999999999 -4.7433845046240819e-16 0 0 1 
1 -2.1150000000000007 -3.8999999999999999 -4.7433845046240819e-16 -1 -0 -0 
1 -2.1150000000000007 -3.8999999999999999 -4.7433845046240819e-16 0 0 1 
1 -2.4350000000000005 -3.3999999999999999 -4.0657581468206416e-16 0 -1 -1.3552527156068805e-16 
1 -2.1150000000000007 -3.3999999999999999 -4.0657581468206416e-16 -1 -0 -0 
1 -2.1150000000000007 -3.3999999999999999 -4.0657581468206416e-16 0 -1 -1.3552527156068805e-16 
2 -2.4350000000000005 -3.3999999999999999 0.2999999999999996 -1 -0 -0 0 -1.4456028966473383e-15 -1 0 -1 1.4456028966473383e-15 0.30000000000000021
1 -2.1150000000000007 -3.110222252113279 0.22235428646924424 -1 -0 -0 
2 -2.1150000000000007 -3.3999999999999999 0.2999999999999996 -1 -0 -0 0 -1.4456028966473383e-15 -1 0 -1 1.4456028966473383e-15 0.30000000000000021
1 -2.4350000000000005 -2.8949176757630899 1.0258819045102519 0 -0.25881904510251763 -0.9659258262890692 
1 -2.1150000000000007 -2.8949176757630899 1.0258819045102519 -1 -0 -0 
1 -2.1150000000000007 -2.8949176757630899 1.0258819045102519 0 -0.25881904510251763 -0.9659258262890692 
2 -2.1150000000000007 -2.7983250931341832 1 1 0 0 0 0 -1 -0 1 0 0.10000000000000005
1 -2.1150000000000007 -2.7983250931341832 1.1000000000000001 -1 -0 -0 
2 -2.4350000000000005 -2.7983250931341832 1 1 0 0 0 0 -1 -0 1 0 0.10000000000000005
1 -2.4350000000000005 -2.6499999999999999 1.1000000000000001 -0 -1 -0 
1 -2.1150000000000007 -2.6499999999999999 1.1000000000000001 -0 -1 -0 
1 -2.4350000000000005 -2.6499999999999999 1.3000000000000003 -0 -1 -0 
1 -2.1150000000000007 -2.7983250931341836 1.3 -1 -0 -0 
1 -2.1150000000000007 -2.6499999999999999 1.3000000000000003 -0 -1 -0 
2 -2.4350000000000005 -2.7983250931341832 1 1 0 0 0 0 -1 -0 1 0 0.30000000000000004
1 -2.1150000000000007 -3.0881028410209037 1.0776457135307553 -1 -0 -0 
2 -2.1150000000000007 -2.7983250931341832 1 1 0 0 0 0 -1 -0 1 0 0.30000000000000004
1 -2.4350000000000005 -3.0881028410209037 1.0776457135307553 0 -0.25881904510251763 -0.9659258262890692 
1 -2.1150000000000007 -3.3034074173710923 0.2741180954897478 -1 -0 -0 
1 -2.1150000000000007 -3.0881028410209037 1.0776457135307553 0 -0.25881904510251763 -0.9659258262890692 
2 -2.1150000000000007 -3.3999999999999999 0.2999999999999996 -1 -0 -0 0 -4.3368086899420083e-15 -1 0 -1 4.3368086899420083e-15 0.10000000000000021
2 -2.4350000000000005 -3.3999999999999999 0.2999999999999996 -1 -0 -0 0 -4.3368086899420083e-15 -1 0 -1 4.3368086899420083e-15 0.10000000000000021
1 -1.7850000000000006 -3.3999999999999999 0.19999999999999959 0 -1 -1.3552527156068805e-16 
1 -1.4650000000000005 -3.8999999999999999 0.19999999999999954 -1 -0 -0 
1 -1.4650000000000005 -3.3999999999999999 0.19999999999999959 0 -1 -1.3552527156068805e-16 
1 -1.4650000000000005 -3.3999999999999999 0.19999999999999959 -1 -0 -0 
1 -1.7850000000000006 -3.8999999999999999 -4.7433845046240819e-16 0 0 1 
1 -1.4650000000000005 -3.8999999999999999 -4.7433845046240819e-16 -1 -0 -0 
1 -1.4650000000000005 -3.8999999999999999 -4.7433845046240819e-16 0 0 1 
1 -1.7850000000000006 -3.3999999999999999 -4.0657581468206416e-16 0 -1 -1.3552527156068805e-16 
1 -1.4650000000000005 -3.3999999999999999 -4.0657581468206416e-16 -1 -0 -0 
1 -1.4650000000000005 -3.3999999999999999 -4.0657581468206416e-16 0 -1 -1.3552527156068805e-16 
2 -1.7850000000000006 -3.3999999999999999 0.2999999999999996 -1 -0 -0 0 -1.4456028966473383e-15 -1 0 -1 1.4456028966473383e-15 0.30000000000000021
1 -1.4650000000000005 -3.110222252113279 0.22235428646924424 -1 -0 -0 
2 -1.4650000000000005 -3.3999999999999999 0.2999999999999996 -1 -0 -0 0 -1.4456028966473383e-15 -1 0 -1 1.4456028966473383e-15 0.30000000000000021
1 -1.7850000000000006 -2.8949176757630899 1.0258819045102519 0 -0.25881904510251763 -0.9659258262890692 
1 -1.4650000000000005 -2.8949176757630899 1.0258819045102519 -1 -0 -0 
1 -1.4650000000000005 -2.8949176757630899 1.0258819045102519 0 -0.25881904510251763 -0.9659258262890692 
2 -1.4650000000000005 -2.7983250931341832 1 1 0 0 0 0 -1 -0 1 0 0.10000000000000005
1 -1.4650000000000005 -2.7983250931341832 1.1000000000000001 -1 -0 -0 
2 -1.7850000000000006 -2.7983250931341832 1 1 0 0 0 0 -1 -0 1 0 0.10000000000000005
1 -1.7850000000000006 -2.6499999999999999 1.1000000000000001 -0 -1 -0 
1 -1.4650000000000005 -2.6499999999999999 1.1000000000000001 -0 -1 -0 
1 -1.7850000000000006 -2.6499999999999999 1.3000000000000003 -0 -1 -0 
1 -1.4650000000000005 -2.7983250931341836 1.3 -1 -0 -0 
1 -1.4650000000000005 -2.6499999999999999 1.3000000000000003 -0 -1 -0 
2 -1.7850000000000006 -2.7983250931341832 1 1 0 0 0 0 -1 -0 1 0 0.30000000000000004
1 -1.4650000000000005 -3.0881028410209037 1.0776457135307553 -1 -0 -0 
2 -1.4650000000000005 -2.7983250931341832 1 1 0 0 0 0 -1 -0 1 0 0.30000000000000004
1 -1.7850000000000006 -3.0881028410209037 1.0776457135307553 0 -0.25881904510251763 -0.9659258262890692 
1 -1.4650000000000005 -3.3034074173710923 0.2741180954897478 -1 -0 -0 
1 -1.4650000000000005 -3.0881028410209037 1.0776457135307553 0 -0.25881904510251763 -0.9659258262890692 
2 -1.4650000000000005 -3.3999999999999999 0.2999999999999996 -1 -0 -0 0 -4.3368086899420083e-15 -1 0 -1 4.3368086899420083e-15 0.10000000000000021
2 -1.7850000000000006 -3.3999999999999999 0.2999999999999996 -1 -0 -0 0 -4.3368086899420083e-15 -1 0 -1 4.3368086899420083e-15 0.10000000000000021
1 -1.1350000000000007 -3.3999999999999999 0.19999999999999959 0 -1 -1.3552527156068805e-16 
1 -0.81500000000000061 -3.8999999999999999 0.19999999999999954 -1 -0 -0 
1 -0.81500000000000061 -3.3999999999999999 0.19999999999999959 0 -1 -1.3552527156068805e-16 
1 -0.81500000000000061 -3.3999999999999999 0.19999999999999959 -1 -0 -0 
1 -1.1350000000000007 -3.8999999999999999 -4.7433845046240819e-16 0 0 1 
1 -0.81500000000000061 -3.8999999999999999 -4.7433845046240819e-16 -1 -0 -0 
1 -0.81500000000000061 -3.8999999999999999 -4.7433845046240819e-16 0 0 1 
1 -1.1350000000000007 -3.3999999999999999 -4.0657581468206416e-16 0 -1 -1.3552527156068805e-16 
1 -0.81500000000000061 -3.3999999999999999 -4.0657581468206416e-16 -1 -0 -0 
1 -0.81500000000000061 -3.3999999999999999 -4.0657581468206416e-16 0 -1 -1.3552527156068805e-16 
2 -1.1350000000000007 -3.3999999999999999 0.2999999999999996 -1 -0 -0 0 -1.4456028966473383e-15 -1 0 -1 1.4456028966473383e-15 0.30000000000000021
1 -0.81500000000000061 -3.110222252113279 0.22235428646924424 -1 -0 -0 
2 -0.81500000000000061 -3.3999999999999999 0.2999999999999996 -1 -0 -0 0 -1.4456028966473383e-15 -1 0 -1 1.4456028966473383e-15 0.30000000000000021
1 -1.1350000000000007 -2.8949176757630899 1.0258819045102519 0 -0.25881904510251763 -0.9659258262890692 
1 -0.81500000000000061 -2.8949176757630899 1.0258819045102519 -1 -0 -0 
1 -0.81500000000000061 -2.8949176757630899 1.0258819045102519 0 -0.25881904510251763 -0.9659258262890692 
2 -0.81500000000000061 -2.7983250931341832 1 1 0 0 0 0 -1 -0 1 0 0.10000000000000005
1 -0.81500000000000061 -2.7983250931341832 1.1000000000000001 -1 -0 -0 
2 -1.1350000000000007 -2.7983250931341832 1 1 0 0 0 0 -1 -0 1 0 0.10000000000000005
1 -1.1350000000000007 -2.6499999999999999 1.1000000000000001 -0 -1 -0 
1 -0.81500000000000061 -2.6499999999999999 1.1000000000000001 -0 -1 -0 
1 -1.1350000000000007 -2.6499999999999999 1.3000000000000003 -0 -1 -0 
1 -0.81500000000000061 -2.7983250931341836 1.3 -1 -0 -0 
1 -0.81500000000000061 -2.6499999999999999 1.3000000000000003 -0 -1 -0 
2 -1.1350000000000007 -2.7983250931341832 1 1 0 0 0 0 -1 -0 1 0 0.30000000000000004
1 -0.81500000000000061 -3.0881028410209037 1.0776457135307553 -1 -0 -0 
2 -0.81500000000000061 -2.7983250931341832 1 1 0 0 0 0 -1 -0 1 0 0.30000000000000004
1 -1.1350000000000007 -3.0881028410209037 1.0776457135307553 0 -0.25881904510251763 -0.9659258262890692 
1 -0.81500000000000061 -3.3034074173710923 0.2741180954897478 -1 -0 -0 
1 -0.81500000000000061 -3.0881028410209037 1.0776457135307553 0 -0.25881904510251763 -0.9659258262890692 
2 -0.81500000000000061 -3.3999999999999999 0.2999999999999996 -1 -0 -0 0 -4.3368086899420083e-15 -1 0 -1 4.3368086899420083e-15 0.10000000000000021
2 -1.1350000000000007 -3.3999999999999999 0.2999999999999996 -1 -0 -0 0 -4.3368086899420083e-15 -1 0 -1 4.3368086899420083e-15 0.10000000000000021
1 -0.4850000000000006 -3.3999999999999999 0.19999999999999959 0 -1 -1.3552527156068805e-16 
1 -0.16500000000000059 -3.8999999999999999 0.19999999999999954 -1 -0 -0 
1 -0.16500000000000059 -3.3999999999999999 0.19999999999999959 0 -1 -1.3552527156068805e-16 
1 -0.16500000000000059 -3.3999999999999999 0.19999999999999959 -1 -0 -0 
1 -0.4850000000000006 -3.8999999999999999 -4.7433845046240819e-16 0 0 1 
1 -0.16500000000000059 -3.8999999999999999 -4.7433845046240819e-16 -1 -0 -0 
1 -0.16500000000000059 -3.8999999999999999 -4.7433845046240819e-16 0 0 1 
1 -0.4850000000000006 -3.3999999999999999 -4.0657581468206416e-16 0 -1 -1.3552527156068805e-16 
1 -0.16500000000000059 -3.3999999999999999 -4.0657581468206416e-16 -1 -0 -0 
1 -0.16500000000000059 -3.3999999999999999 -4.0657581468206416e-16 0 -1 -1.3552527156068805e-16 
2 -0.4850000000000006 -3.3999999999999999 0.2999999999999996 -1 -0 -0 0 -1.4456028966473383e-15 -1 0 -1 1.4456028966473383e-15 0.30000000000000021
1 -0.16500000000000059 -3.110222252113279 0.22235428646924424 -1 -0 -0 
2 -0.16500000000000059 -3.3999999999999999 0.2999999999999996 -1 -0 -0 0 -1.4456028966473383e-15 -1 0 -1 1.4456028966473383e-15 0.30000000000000021
1 -0.4850000000000006 -2.8949176757630899 1.0258819045102519 0 -0.25881904510251763 -0.9659258262890692 
1 -0.16500000000000059 -2.8949176757630899 1.0258819045102519 -1 -0 -0 
1 -0.16500000000000059 -2.8949176757630899 1.0258819045102519 0 -0.25881904510251763 -0.9659258262890692 
2 -0.16500000000000059 -2.7983250931341832 1 1 0 0 0 0 -1 -0 1 0 0.10000000000000005
1 -0.16500000000000059 -2.7983250931341832 1.1000000000000001 -1 -0 -0 
2 -0.4850000000000006 -2.7983250931341832 1 1 0 0 0 0 -1 -0 1 0 0.10000000000000005
1 -0.4850000000000006 -2.6499999999999999 1.1000000000000001 -0 -1 -0 
1 -0.16500000000000059 -2.6499999999999999 1.1000000000000001 -0 -1 -0 
1 -0.4850000000000006 -2.6499999999999999 1.3000000000000003 -0 -1 -0 
1 -0.16500000000000059 -2.7983250931341836 1.3 -1 -0 -0 
1 -0.16500000000000059 -2.6499999999999999 1.3000000000000003 -0 -1 -0 
2 -0.4850000000000006 -2.7983250931341832 1 1 0 0 0 0 -1 -0 1 0 0.30000000000000004
1 -0.16500000000000059 -3.0881028410209037 1.0776457135307553 -1 -0 -0 
2 -0.16500000000000059 -2.7983250931341832 1 1 0 0 0 0 -1 -0 1 0 0.30000000000000004
1 -0.4850000000000006 -3.0881028410209037 1.0776457135307553 0 -0.25881904510251763 -0.9659258262890692 
1 -0.16500000000000059 -3.3034074173710923 0.2741180954897478 -1 -0 -0 
1 -0.16500000000000059 -3.0881028410209037 1.0776457135307553 0 -0.25881904510251763 -0.9659258262890692 
2 -0.16500000000000059 -3.3999999999999999 0.2999999999999996 -1 -0 -0 0 -4.3368086899420083e-15 -1 0 -1 4.3368086899420083e-15 0.10000000000000021
2 -0.4850000000000006 -3.3999999999999999 0.2999999999999996 -1 -0 -0 0 -4.3368086899420083e-15 -1 0 -1 4.3368086899420083e-15 0.10000000000000021
1 0.16499999999999976 -3.3999999999999999 0.19999999999999959 0 -1 -1.3552527156068805e-16 
1 0.48499999999999976 -3.8999999999999999 0.19999999999999954 -1 -0 -0 
1 0.48499999999999976 -3.3999999999999999 0.19999999999999959 0 -1 -1.3552527156068805e-16 
1 0.48499999999999976 -3.3999999999999999 0.19999999999999959 -1 -0 -0 
1 0.16499999999999976 -3.8999999999999999 -4.7433845046240819e-16 0 0 1 
1 0.48499999999999976 -3.8999999999999999 -4.7433845046240819e-16 -1 -0 -0 
1 0.48499999999999976 -3.8999999999999999 -4.7433845046240819e-16 0 0 1 
1 0.16499999999999976 -3.3999999999999999 -4.0657581468206416e-16 0 -1 -1.3552527156068805e-16 
1 0.48499999999999976 -3.3999999999999999 -4.0657581468206416e-16 -1 -0 -0 
1 0.48499999999999976 -3.3999999999999999 -4.0657581468206416e-16 0 -1 -1.3552527156068805e-16 
2 0.16499999999999976 -3.3999999999999999 0.2999999999999996 -1 -0 -0 0 -1.4456028966473383e-15 -1 0 -1 1.4456028966473383e-15 0.30000000000000021
1 0.48499999999999976 -3.110222252113279 0.22235428646924424 -1 -0 -0 
2 0.48499999999999976 -3.3999999999999999 0.2999999999999996 -1 -0 -0 0 -1.4456028966473383e-15 -1 0 -1 1.4456028966473383e-15 0.30000000000000021
1 0.16499999999999976 -2.8949176757630899 1.0258819045102519 0 -0.25881904510251763 -0.9659258262890692 
1 0.48499999999999976 -2.8949176757630899 1.0258819045102519 -1 -0 -0 
1 0.48499999999999976 -2.8949176757630899 1.0258819045102519 0 -0.25881904510251763 -0.9659258262890692 
2 0.48499999999999976 -2.7983250931341832 1 1 0 0 0 0 -1 -0 1 0 0.10000000000000005
1 0.48499999999999976 -2.7983250931341832 1.1000000000000001 -1 -0 -0 
2 0.16499999999999976 -2.7983250931341832 1 1 0 0 0 0 -1 -0 1 0 0.10000000000000005
1 0.16499999999999976 -2.6499999999999999 1.1000000000000001 -0 -1 -0 
1 0.48499999999999976 -2.6499999999999999 1.1000000000000001 -0 -1 -0 
1 0.16499999999999976 -2.6499999999999999 1.3000000000000003 -0 -1 -0 
1 0.48499999999999976 -2.7983250931341836 1.3 -1 -0 -0 
1 0.48499999999999976 -2.6499999999999999 1.3000000000000003 -0 -1 -0 
2 0.16499999999999976 -2.7983250931341832 1 1 0 0 0 0 -1 -0 1 0 0.30000000000000004
1 0.48499999999999976 -3.0881028410209037 1.0776457135307553 -1 -0 -0 
2 0.48499999999999976 -2.7983250931341832 1 1 0 0 0 0 -1 -0 1 0 0.30000000000000004
1 0.16499999999999976 -3.0881028410209037 1.0776457135307553 0 -0.25881904510251763 -0.9659258262890692 
1 0.48499999999999976 -3.3034074173710923 0.2741180954897478 -1 -0 -0 
1 0.48499999999999976 -3.0881028410209037 1.0776457135307553 0 -0.25881904510251763 -0.9659258262890692 
2 0.48499999999999976 -3.3999999999999999 0.2999999999999996 -1 -0 -0 0 -4.3368086899420083e-15 -1 0 -1 4.3368086899420083e-15 0.10000000000000021
2 0.16499999999999976 -3.3999999999999999 0.2999999999999996 -1 -0 -0 0 -4.3368086899420083e-15 -1 0 -1 4.3368086899420083e-15 0.10000000000000021
1 0.81499999999999928 -3.3999999999999999 0.19999999999999959 0 -1 -1.3552527156068805e-16 
1 1.1349999999999993 -3.8999999999999999 0.19999999999999954 -1 -0 -0 
1 1.1349999999999993 -3.3999999999999999 0.19999999999999959 0 -1 -1.3552527156068805e-16 
1 1.1349999999999993 -3.3999999999999999 0.19999999999999959 -1 -0 -0 
1 0.81499999999999928 -3.8999999999999999 -4.7433845046240819e-16 0 0 1 
1 1.1349999999999993 -3.8999999999999999 -4.7433845046240819e-16 -1 -0 -0 
1 1.1349999999999993 -3.8999999999999999 -4.7433845046240819e-16 0 0 1 
1 0.81499999999999928 -3.3999999999999999 -4.0657581468206416e-16 0 -1 -1.3552527156068805e-16 
1 1.1349999999999993 -3.3999999999999999 -4.0657581468206416e-16 -1 -0 -0 
1 1.1349999999999993 -3.3999999999999999 -4.0657581468206416e-16 0 -1 -1.3552527156068805e-16 
2 0.81499999999999928 -3.3999999999999999 0.2999999999999996 -1 -0 -0 0 -1.4456028966473383e-15 -1 0 -1 1.4456028966473383e-15 0.30000000000000021
1 1.1349999999999993 -3.110222252113279 0.22235428646924424 -1 -0 -0 
2 1.1349999999999993 -3.3999999999999999 0.2999999999999996 -1 -0 -0 0 -1.4456028966473383e-15 -1 0 -1 1.4456028966473383e-15 0.30000000000000021
1 0.81499999999999928 -2.8949176757630899 1.0258819045102519 0 -0.25881904510251763 -0.9659258262890692 
1 1.1349999999999993 -2.8949176757630899 1.0258819045102519 -1 -0 -0 
1 1.1349999999999993 -2.8949176757630899 1.0258819045102519 0 -0.25881904510251763 -0.9659258262890692 
2 1.1349999999999993 -2.7983250931341832 1 1 0 0 0 0 -1 -0 1 0 0.10000000000000005
1 1.1349999999999993 -2.7983250931341832 1.1000000000000001 -1 -0 -0 
2 0.81499999999999928 -2.7983250931341832 1 1 0 0 0 0 -1 -0 1 0 0.10000000000000005
1 0.81499999999999928 -2.6499999999999999 1.1000000000000001 -0 -1 -0 
1 1.1349999999999993 -2.6499999999999999 1.1000000000000001 -0 -1 -0 
1 0.81499999999999928 -2.6499999999999999 1.3000000000000003 -0 -1 -0 
1 1.1349999999999993 -2.7983250931341836 1.3 -1 -0 -0 
1 1.1349999999999993 -2.6499999999999999 1.3000000000000003 -0 -1 -0 
2 0.81499999999999928 -2.7983250931341832 1 1 0 0 0 0 -1 -0 1 0 0.30000000000000004
1 1.1349999999999993 -3.0881028410209037 1.0776457135307553 -1 -0 -0 
2 1.1349999999999993 -2.7983250931341832 1 1 0 0 0 0 -1 -0 1 0 0.30000000000000004
1 0.81499999999999928 -3.0881028410209037 1.0776457135307553 0 -0.25881904510251763 -0.9659258262890692 
1 1.1349999999999993 -3.3034074173710923 0.2741180954897478 -1 -0 -0 
1 1.1349999999999993 -3.0881028410209037 1.0776457135307553 0 -0.25881904510251763 -0.9659258262890692 
2 1.1349999999999993 -3.3999999999999999 0.2999999999999996 -1 -0 -0 0 -4.3368086899420083e-15 -1 0 -1 4.3368086899420083e-15 0.10000000000000021
2 0.81499999999999928 -3.3999999999999999 0.2999999999999996 -1 -0 -0 0 -4.3368086899420083e-15 -1 0 -1 4.3368086899420083e-15 0.10000000000000021
1 1.4649999999999987 -3.3999999999999999 0.19999999999999959 0 -1 -1.3552527156068805e-16 
1 1.7849999999999988 -3.8999999999999999 0.19999999999999954 -1 -0 -0 
1 1.7849999999999988 -3.3999999999999999 0.19999999999999959 0 -1 -1.3552527156068805e-16 
1 1.7849999999999988 -3.3999999999999999 0.19999999999999959 -1 -0 -0 
1 1.4649999999999987 -3.8999999999999999 -4.7433845046240819e-16 0 0 1 
1 1.7849999999999988 -3.8999999999999999 -4.7433845046240819e-16 -1 -0 -0 
1 1.7849999999999988 -3.8999999999999999 -4.7433845046240819e-16 0 0 1 
1 1.4649999999999987 -3.3999999999999999 -4.0657581468206416e-16 0 -1 -1.3552527156068805e-16 
1 1.7849999999999988 -3.3999999999999999 -4.0657581468206416e-16 -1 -0 -0 
1 1.7849999999999988 -3.3999999999999999 -4.0657581468206416e-16 0 -1 -1.3552527156068805e-16 
2 1.4649999999999987 -3.3999999999999999 0.2999999999999996 -1 -0 -0 0 -1.4456028966473383e-15 -1 0 -1 1.4456028966473383e-15 0.30000000000000021
1 1.7849999999999988 -3.110222252113279 0.22235428646924424 -1 -0 -0 
2 1.7849999999999988 -3.3999999999999999 0.2999999999999996 -1 -0 -0 0 -1.4456028966473383e-15 -1 0 -1 1.4456028966473383e-15 0.30000000000000021
1 1.4649999999999987 -2.8949176757630899 1.0258819045102519 0 -0.25881904510251763 -0.9659258262890692 
1 1.7849999999999988 -2.8949176757630899 1.0258819045102519 -1 -0 -0 
1 1.7849999999999988 -2.8949176757630899 1.0258819045102519 0 -0.25881904510251763 -0.9659258262890692 
2 1.7849999999999988 -2.7983250931341832 1 1 0 0 0 0 -1 -0 1 0 0.10000000000000005
1 1.7849999999999988 -2.7983250931341832 1.1000000000000001 -1 -0 -0 
2 1.4649999999999987 -2.7983250931341832 1 1 0 0 0 0 -1 -0 1 0 0.10000000000000005
1 1.4649999999999987 -2.6499999999999999 1.1000000000000001 -0 -1 -0 
1 1.7849999999999988 -2.6499999999999999 1.1000000000000001 -0 -1 -0 
1 1.4649999999999987 -2.6499999999999999 1.3000000000000003 -0 -1 -0 
1 1.7849999999999988 -2.7983250931341836 1.3 -1 -0 -0 
1 1.7849999999999988 -2.6499999999999999 1.3000000000000003 -0 -1 -0 
2 1.4649999999999987 -2.7983250931341832 1 1 0 0 0 0 -1 -0 1 0 0.30000000000000004
1 1.7849999999999988 -3.0881028410209037 1.0776457135307553 -1 -0 -0 
2 1.7849999999999988 -2.7983250931341832 1 1 0 0 0 0 -1 -0 1 0 0.30000000000000004
1 1.4649999999999987 -3.0881028410209037 1.0776457135307553 0 -0.25881904510251763 -0.9659258262890692 
1 1.7849999999999988 -3.3034074173710923 0.2741180954897478 -1 -0 -0 
1 1.7849999999999988 -3.0881028410209037 1.0776457135307553 0 -0.25881904510251763 -0.9659258262890692 
2 1.7849999999999988 -3.3999999999999999 0.2999999999999996 -1 -0 -0 0 -4.3368086899420083e-15 -1 0 -1 4.3368086899420083e-15 0.10000000000000021
2 1.4649999999999987 -3.3999999999999999 0.2999999999999996 -1 -0 -0 0 -4.3368086899420083e-15 -1 0 -1 4.3368086899420083e-15 0.10000000000000021
1 2.1149999999999993 -3.3999999999999999 0.19999999999999959 0 -1 -1.3552527156068805e-16 
1 2.4349999999999992 -3.8999999999999999 0.19999999999999954 -1 -0 -0 
1 2.4349999999999992 -3.3999999999999999 0.19999999999999959 0 -1 -1.3552527156068805e-16 
1 2.4349999999999992 -3.3999999999999999 0.19999999999999959 -1 -0 -0 
1 2.1149999999999993 -3.8999999999999999 -4.7433845046240819e-16 0 0 1 
1 2.4349999999999992 -3.8999999999999999 -4.7433845046240819e-16 -1 -0 -0 
1 2.4349999999999992 -3.8999999999999999 -4.7433845046240819e-16 0 0 1 
1 2.1149999999999993 -3.3999999999999999 -4.0657581468206416e-16 0 -1 -1.3552527156068805e-16 
1 2.4349999999999992 -3.3999999999999999 -4.0657581468206416e-16 -1 -0 -0 
1 2.4349999999999992 -3.3999999999999999 -4.0657581468206416e-16 0 -1 -1.3552527156068805e-16 
2 2.1149999999999993 -3.3999999999999999 0.2999999999999996 -1 -0 -0 0 -1.4456028966473383e-15 -1 0 -1 1.4456028966473383e-15 0.30000000000000021
1 2.4349999999999992 -3.110222252113279 0.22235428646924424 -1 -0 -0 
2 2.4349999999999992 -3.3999999999999999 0.2999999999999996 -1 -0 -0 0 -1.4456028966473383e-15 -1 0 -1 1.4456028966473383e-15 0.30000000000000021
1 2.1149999999999993 -2.8949176757630899 1.0258819045102519 0 -0.25881904510251763 -0.9659258262890692 
1 2.4349999999999992 -2.8949176757630899 1.0258819045102519 -1 -0 -0 
1 2.4349999999999992 -2.8949176757630899 1.0258819045102519 0 -0.25881904510251763 -0.9659258262890692 
2 2.4349999999999992 -2.7983250931341832 1 1 0 0 0 0 -1 -0 1 0 0.10000000000000005
1 2.4349999999999992 -2.7983250931341832 1.1000000000000001 -1 -0 -0 
2 2.1149999999999993 -2.7983250931341832 1 1 0 0 0 0 -1 -0 1 0 0.10000000000000005
1 2.1149999999999993 -2.6499999999999999 1.1000000000000001 -0 -1 -0 
1 2.4349999999999992 -2.6499999999999999 1.1000000000000001 -0 -1 -0 
1 2.1149999999999993 -2.6499999999999999 1.3000000000000003 -0 -1 -0 
1 2.4349999999999992 -2.7983250931341836 1.3 -1 -0 -0 
1 2.4349999999999992 -2.6499999999999999 1.3000000000000003 -0 -1 -0 
2 2.1149999999999993 -2.7983250931341832 1 1 0 0 0 0 -1 -0 1 0 0.30000000000000004
1 2.4349999999999992 -3.0881028410209037 1.0776457135307553 -1 -0 -0 
2 2.4349999999999992 -2.7983250931341832 1 1 0 0 0 0 -1 -0 1 0 0.30000000000000004
1 2.1149999999999993 -3.0881028410209037 1.0776457135307553 0 -0.25881904510251763 -0.9659258262890692 
1 2.4349999999999992 -3.3034074173710923 0.2741180954897478 -1 -0 -0 
1 2.4349999999999992 -3.0881028410209037 1.0776457135307553 0 -0.25881904510251763 -0.9659258262890692 
2 2.4349999999999992 -3.3999999999999999 0.2999999999999996 -1 -0 -0 0 -4.3368086899420083e-15 -1 0 -1 4.3368086899420083e-15 0.10000000000000021
2 2.1149999999999993 -3.3999999999999999 0.2999999999999996 -1 -0 -0 0 -4.3368086899420083e-15 -1 0 -1 4.3368086899420083e-15 0.10000000000000021
1 2.7649999999999997 -3.3999999999999999 0.19999999999999959 0 -1 -1.3552527156068805e-16 
1 3.0849999999999995 -3.8999999999999999 0.19999999999999954 -1 -0 -0 
1 3.0849999999999995 -3.3999999999999999 0.19999999999999959 0 -1 -1.3552527156068805e-16 
1 3.0849999999999995 -3.3999999999999999 0.19999999999999959 -1 -0 -0 
1 2.7649999999999997 -3.8999999999999999 -4.7433845046240819e-16 0 0 1 
1 3.0849999999999995 -3.8999999999999999 -4.7433845046240819e-16 -1 -0 -0 
1 3.0849999999999995 -3.8999999999999999 -4.7433845046240819e-16 0 0 1 
1 2.7649999999999997 -3.3999999999999999 -4.0657581468206416e-16 0 -1 -1.3552527156068805e-16 
1 3.0849999999999995 -3.3999999999999999 -4.0657581468206416e-16 -1 -0 -0 
1 3.0849999999999995 -3.3999999999999999 -4.0657581468206416e-16 0 -1 -1.3552527156068805e-16 
2 2.7649999999999997 -3.3999999999999999 0.2999999999999996 -1 -0 -0 0 -1.4456028966473383e-15 -1 0 -1 1.4456028966473383e-15 0.30000000000000021
1 3.0849999999999995 -3.110222252113279 0.22235428646924424 -1 -0 -0 
2 3.0849999999999995 -3.3999999999999999 0.2999999999999996 -1 -0 -0 0 -1.4456028966473383e-15 -1 0 -1 1.4456028966473383e-15 0.30000000000000021
1 2.7649999999999997 -2.8949176757630899 1.0258819045102519 0 -0.25881904510251763 -0.9659258262890692 
1 3.0849999999999995 -2.8949176757630899 1.0258819045102519 -1 -0 -0 
1 3.0849999999999995 -2.8949176757630899 1.0258819045102519 0 -0.25881904510251763 -0.9659258262890692 
2 3.0849999999999995 -2.7983250931341832 1 1 0 0 0 0 -1 -0 1 0 0.10000000000000005
1 3.0849999999999995 -2.7983250931341832 1.1000000000000001 -1 -0 -0 
2 2.7649999999999997 -2.7983250931341832 1 1 0 0 0 0 -1 -0 1 0 0.10000000000000005
1 2.7649999999999997 -2.6499999999999999 1.1000000000000001 -0 -1 -0 
1 3.0849999999999995 -2.6499999999999999 1.1000000000000001 -0 -1 -0 
1 2.7649999999999997 -2.6499999999999999 1.3000000000000003 -0 -1 -0 
1 3.0849999999999995 -2.7983250931341836 1.3 -1 -0 -0 
1 3.0849999999999995 -2.6499999999999999 1.3000000000000003 -0 -1 -0 
2 2.7649999999999997 -2.7983250931341832 1 1 0 0 0 0 -1 -0 1 0 0.30000000000000004
1 3.0849999999999995 -3.0881028410209037 1.0776457135307553 -1 -0 -0 
2 3.0849999999999995 -2.7983250931341832 1 1 0 0 0 0 -1 -0 1 0 0.30000000000000004
1 2.7649999999999997 -3.0881028410209037 1.0776457135307553 0 -0.25881904510251763 -0.9659258262890692 
1 3.0849999999999995 -3.3034074173710923 0.2741180954897478 -1 -0 -0 
1 3.0849999999999995 -3.0881028410209037 1.0776457135307553 0 -0.25881904510251763 -0.9659258262890692 
2 3.0849999999999995 -3.3999999999999999 0.2999999999999996 -1 -0 -0 0 -4.3368086899420083e-15 -1 0 -1 4.3368086899420083e-15 0.10000000000000021
2 2.7649999999999997 -3.3999999999999999 0.2999999999999996 -1 -0 -0 0 -4.3368086899420083e-15 -1 0 -1 4.3368086899420083e-15 0.10000000000000021
1 3.4149999999999991 -3.3999999999999999 0.19999999999999959 0 -1 -1.3552527156068805e-16 
1 3.734999999999999 -3.8999999999999999 0.19999999999999954 -1 -0 -0 
1 3.734999999999999 -3.3999999999999999 0.19999999999999959 0 -1 -1.3552527156068805e-16 
1 3.734999999999999 -3.3999999999999999 0.19999999999999959 -1 -0 -0 
1 3.4149999999999991 -3.8999999999999999 -4.7433845046240819e-16 0 0 1 
1 3.734999999999999 -3.8999999999999999 -4.7433845046240819e-16 -1 -0 -0 
1 3.734999999999999 -3.8999999999999999 -4.7433845046240819e-16 0 0 1 
1 3.4149999999999991 -3.3999999999999999 -4.0657581468206416e-16 0 -1 -1.3552527156068805e-16 
1 3.734999999999999 -3.3999999999999999 -4.0657581468206416e-16 -1 -0 -0 
1 3.734999999999999 -3.3999999999999999 -4.0657581468206416e-16 0 -1 -1.3552527156068805e-16 
2 3.4149999999999991 -3.3999999999999999 0.2999999999999996 -1 -0 -0 0 -1.4456028966473383e-15 -1 0 -1 1.4456028966473383e-15 0.30000000000000021
1 3.734999999999999 -3.110222252113279 0.22235428646924424 -1 -0 -0 
2 3.734999999999999 -3.3999999999999999 0.2999999999999996 -1 -0 -0 0 -1.4456028966473383e-15 -1 0 -1 1.4456028966473383e-15 0.30000000000000021
1 3.4149999999999991 -2.8949176757630899 1.0258819045102519 0 -0.25881904510251763 -0.9659258262890692 
1 3.734999999999999 -2.8949176757630899 1.0258819045102519 -1 -0 -0 
1 3.734999999999999 -2.8949176757630899 1.0258819045102519 0 -0.25881904510251763 -0.9659258262890692 
2 3.734999999999999 -2.7983250931341832 1 1 0 0 0 0 -1 -0 1 0 0.10000000000000005
1 3.734999999999999 -2.7983250931341832 1.1000000000000001 -1 -0 -0 
2 3.4149999999999991 -2.7983250931341832 1 1 0 0 0 0 -1 -0 1 0 0.10000000000000005
1 3.4149999999999991 -2.6499999999999999 1.1000000000000001 -0 -1 -0 
1 3.734999999999999 -2.6499999999999999 1.1000000000000001 -0 -1 -0 
1 3.4149999999999991 -2.6499999999999999 1.3000000000000003 -0 -1 -0 
1 3.734999999999999 -2.7983250931341836 1.3 -1 -0 -0 
1 3.734999999999999 -2.6499999999999999 1.3000000000000003 -0 -1 -0 
2 3.4149999999999991 -2.7983250931341832 1 1 0 0 0 0 -1 -0 1 0 0.30000000000000004
1 3.734999999999999 -3.0881028410209037 1.0776457135307553 -1 -0 -0 
2 3.734999999999999 -2.7983250931341832 1 1 0 0 0 0 -1 -0 1 0 0.30000000000000004
1 3.4149999999999991 -3.0881028410209037 1.0776457135307553 0 -0.25881904510251763 -0.9659258262890692 
1 3.734999999999999 -3.3034074173710923 0.2741180954897478 -1 -0 -0 
1 3.734999999999999 -3.0881028410209037 1.0776457135307553 0 -0.25881904510251763 -0.9659258262890692 
2 3.734999999999999 -3.3999999999999999 0.2999999999999996 -1 -0 -0 0 -4.3368086899420083e-15 -1 0 -1 4.3368086899420083e-15 0.10000000000000021
2 3.4149999999999991 -3.3999999999999999 0.2999999999999996 -1 -0 -0 0 -4.3368086899420083e-15 -1 0 -1 4.3368086899420083e-15 0.10000000000000021
1 4.0649999999999986 -3.3999999999999999 0.19999999999999959 0 -1 -1.3552527156068805e-16 
1 4.384999999999998 -3.8999999999999999 0.19999999999999954 -1 -0 -0 
1 4.384999999999998 -3.3999999999999999 0.19999999999999959 0 -1 -1.3552527156068805e-16 
1 4.384999999999998 -3.3999999999999999 0.19999999999999959 -1 -0 -0 
1 4.0649999999999986 -3.8999999999999999 -4.7433845046240819e-16 0 0 1 
1 4.384999999999998 -3.8999999999999999 -4.7433845046240819e-16 -1 -0 -0 
1 4.384999999999998 -3.8999999999999999 -4.7433845046240819e-16 0 0 1 
1 4.0649999999999986 -3.3999999999999999 -4.0657581468206416e-16 0 -1 -1.3552527156068805e-16 
1 4.384999999999998 -3.3999999999999999 -4.0657581468206416e-16 -1 -0 -0 
1 4.384999999999998 -3.3999999999999999 -4.0657581468206416e-16 0 -1 -1.3552527156068805e-16 
2 4.0649999999999986 -3.3999999999999999 0.2999999999999996 -1 -0 -0 0 -1.4456028966473383e-15 -1 0 -1 1.4456028966473383e-15 0.30000000000000021
1 4.384999999999998 -3.110222252113279 0.22235428646924424 -1 -0 -0 
2 4.384999999999998 -3.3999999999999999 0.2999999999999996 -1 -0 -0 0 -1.4456028966473383e-15 -1 0 -1 1.4456028966473383e-15 0.30000000000000021
1 4.0649999999999986 -2.8949176757630899 1.0258819045102519 0 -0.25881904510251763 -0.9659258262890692 
1 4.384999999999998 -2.8949176757630899 1.0258819045102519 -1 -0 -0 
1 4.384999999999998 -2.8949176757630899 1.0258819045102519 0 -0.25881904510251763 -0.9659258262890692 
2 4.384999999999998 -2.7983250931341832 1 1 0 0 0 0 -1 -0 1 0 0.10000000000000005
1 4.384999999999998 -2.7983250931341832 1.1000000000000001 -1 -0 -0 
2 4.0649999999999986 -2.7983250931341832 1 1 0 0 0 0 -1 -0 1 0 0.10000000000000005
1 4.0649999999999986 -2.6499999999999999 1.1000000000000001 -0 -1 -0 
1 4.384999999999998 -2.6499999999999999 1.1000000000000001 -0 -1 -0 
1 4.0649999999999986 -2.6499999999999999 1.3000000000000003 -0 -1 -0 
1 4.384999999999998 -2.7983250931341836 1.3 -1 -0 -0 
1 4.384999999999998 -2.6499999999999999 1.3000000000000003 -0 -1 -0 
2 4.0649999999999986 -2.7983250931341832 1 1 0 0 0 0 -1 -0 1 0 0.30000000000000004
1 4.384999999999998 -3.0881028410209037 1.0776457135307553 -1 -0 -0 
2 4.384999999999998 -2.7983250931341832 1 1 0 0 0 0 -1 -0 1 0 0.30000000000000004
1 4.0649999999999986 -3.0881028410209037 1.0776457135307553 0 -0.25881904510251763 -0.9659258262890692 
1 4.384999999999998 -3.3034074173710923 0.2741180954897478 -1 -0 -0 
1 4.384999999999998 -3.0881028410209037 1.0776457135307553 0 -0.25881904510251763 -0.9659258262890692 
2 4.384999999999998 -3.3999999999999999 0.2999999999999996 -1 -0 -0 0 -4.3368086899420083e-15 -1 0 -1 4.3368086899420083e-15 0.10000000000000021
2 4.0649999999999986 -3.3999999999999999 0.2999999999999996 -1 -0 -0 0 -4.3368086899420083e-15 -1 0 -1 4.3368086899420083e-15 0.10000000000000021
1 -4.3850000000000007 3.3999999999999999 0.19999999999999959 0 1 -1.3552527156068805e-16 
1 -4.0650000000000013 3.3999999999999999 0.19999999999999959 -1 -0 -0 
1 -4.0650000000000013 3.3999999999999999 0.19999999999999959 0 1 -1.3552527156068805e-16 
1 -4.0650000000000013 3.8999999999999999 0.19999999999999954 -1 -0 -0 
2 -4.0650000000000013 3.3999999999999999 0.2999999999999996 1 0 0 0 4.3368086899420083e-15 -1 -0 1 4.3368086899420083e-15 0.10000000000000021
1 -4.0650000000000013 3.3034074173710923 0.2741180954897478 -1 -0 -0 
2 -4.3850000000000007 3.3999999999999999 0.2999999999999996 1 0 0 0 4.3368086899420083e-15 -1 -0 1 4.3368086899420083e-15 0.10000000000000021
1 -4.3850000000000007 3.0881028410209037 1.0776457135307553 0 0.25881904510251763 -0.9659258262890692 
1 -4.0650000000000013 3.0881028410209037 1.0776457135307553 -1 -0 -0 
1 -4.0650000000000013 3.0881028410209037 1.0776457135307553 0 0.25881904510251763 -0.9659258262890692 
2 -4.3850000000000007 2.7983250931341832 1 -1 -0 -0 0 0 -1 0 -1 0 0.30000000000000004
1 -4.0650000000000013 2.7983250931341836 1.3 -1 -0 -0 
2 -4.0650000000000013 2.7983250931341832 1 -1 -0 -0 0 0 -1 0 -1 0 0.30000000000000004
1 -4.3850000000000007 2.6499999999999999 1.3000000000000003 -0 1 -0 
1 -4.0650000000000013 2.6499999999999999 1.3000000000000003 -0 1 -0 
1 -4.3850000000000007 2.6499999999999999 1.1000000000000001 -0 1 -0 
1 -4.0650000000000013 2.7983250931341832 1.1000000000000001 -1 -0 -0 
1 -4.0650000000000013 2.6499999999999999 1.1000000000000001 -0 1 -0 
2 -4.0650000000000013 2.7983250931341832 1 -1 -0 -0 0 0 -1 0 -1 0 0.10000000000000005
1 -4.0650000000000013 2.8949176757630899 1.0258819045102519 -1 -0 -0 
2 -4.3850000000000007 2.7983250931341832 1 -1 -0 -0 0 0 -1 0 -1 0 0.10000000000000005
1 -4.3850000000000007 2.8949176757630899 1.0258819045102519 0 0.25881904510251763 -0.9659258262890692 
1 -4.0650000000000013 3.110222252113279 0.22235428646924424 -1 -0 -0 
1 -4.0650000000000013 2.8949176757630899 1.0258819045102519 0 0.25881904510251763 -0.9659258262890692 
2 -4.3850000000000007 3.3999999999999999 0.2999999999999996 1 0 0 0 1.4456028966473383e-15 -1 -0 1 1.4456028966473383e-15 0.30000000000000021
1 -4.0650000000000013 3.3999999999999999 -4.0657581468206416e-16 -1 -0 -0 
2 -4.0650000000000013 3.3999999999999999 0.2999999999999996 1 0 0 0 1.4456028966473383e-15 -1 -0 1 1.4456028966473383e-15 0.30000000000000021
1 -4.3850000000000007 3.3999999999999999 -4.0657581468206416e-16 0 1 -1.3552527156068805e-16 
1 -4.0650000000000013 3.8999999999999999 -4.7433845046240819e-16 -1 -0 -0 
1 -4.0650000000000013 3.3999999999999999 -4.0657581468206416e-16 0 1 -1.3552527156068805e-16 
1 -4.3850000000000007 3.8999999999999999 -4.7433845046240819e-16 0 0 1 
1 -4.0650000000000013 3.8999999999999999 -4.7433845046240819e-16 0 0 1 
1 -3.7350000000000003 3.3999999999999999 0.19999999999999959 0 1 -1.3552527156068805e-16 
1 -3.4150000000000005 3.3999999999999999 0.19999999999999959 -1 -0 -0 
1 -3.4150000000000005 3.3999999999999999 0.19999999999999959 0 1 -1.3552527156068805e-16 
1 -3.4150000000000005 3.8999999999999999 0.19999999999999954 -1 -0 -0 
2 -3.4150000000000005 3.3999999999999999 0.2999999999999996 1 0 0 0 4.3368086899420083e-15 -1 -0 1 4.3368086899420083e-15 0.10000000000000021
1 -3.4150000000000005 3.3034074173710923 0.2741180954897478 -1 -0 -0 
2 -3.7350000000000003 3.3999999999999999 0.2999999999999996 1 0 0 0 4.3368086899420083e-15 -1 -0 1 4.3368086899420083e-15 0.10000000000000021
1 -3.7350000000000003 3.0881028410209037 1.0776457135307553 0 0.25881904510251763 -0.9659258262890692 
1 -3.4150000000000005 3.0881028410209037 1.0776457135307553 -1 -0 -0 
1 -3.4150000000000005 3.0881028410209037 1.0776457135307553 0 0.25881904510251763 -0.9659258262890692 
2 -3.7350000000000003 2.7983250931341832 1 -1 -0 -0 0 0 -1 0 -1 0 0.30000000000000004
1 -3.4150000000000005 2.7983250931341836 1.3 -1 -0 -0 
2 -3.4150000000000005 2.7983250931341832 1 -1 -0 -0 0 0 -1 0 -1 0 0.30000000000000004
1 -3.7350000000000003 2.6499999999999999 1.3000000000000003 -0 1 -0 
1 -3.4150000000000005 2.6499999999999999 1.3000000000000003 -0 1 -0 
1 -3.7350000000000003 2.6499999999999999 1.1000000000000001 -0 1 -0 
1 -3.4150000000000005 2.7983250931341832 1.1000000000000001 -1 -0 -0 
1 -3.4150000000000005 2.6499999999999999 1.1000000000000001 -0 1 -0 
2 -3.4150000000000005 2.7983250931341832 1 -1 -0 -0 0 0 -1 0 -1 0 0.10000000000000005
1 -3.4150000000000005 2.8949176757630899 1.0258819045102519 -1 -0 -0 
2 -3.7350000000000003 2.7983250931341832 1 -1 -0 -0 0 0 -1 0 -1 0 0.10000000000000005
1 -3.7350000000000003 2.8949176757630899 1.0258819045102519 0 0.25881904510251763 -0.9659258262890692 
1 -3.4150000000000005 3.110222252113279 0.22235428646924424 -1 -0 -0 
1 -3.4150000000000005 2.8949176757630899 1.0258819045102519 0 0.25881904510251763 -0.9659258262890692 
2 -3.7350000000000003 3.3999999999999999 0.2999999999999996 1 0 0 0 1.4456028966473383e-15 -1 -0 1 1.4456028966473383e-15 0.30000000000000021
1 -3.4150000000000005 3.3999999999999999 -4.0657581468206416e-16 -1 -0 -0 
2 -3.4150000000000005 3.3999999999999999 0.2999999999999996 1 0 0 0 1.4456028966473383e-15 -1 -0 1 1.4456028966473383e-15 0.30000000000000021
1 -3.7350000000000003 3.3999999999999999 -4.0657581468206416e-16 0 1 -1.3552527156068805e-16 
1 -3.4150000000000005 3.8999999999999999 -4.7433845046240819e-16 -1 -0 -0 
1 -3.4150000000000005 3.3999999999999999 -4.0657581468206416e-16 0 1 -1.3552527156068805e-16 
1 -3.7350000000000003 3.8999999999999999 -4.7433845046240819e-16 0 0 1 
1 -3.4150000000000005 3.8999999999999999 -4.7433845046240819e-16 0 0 1 
1 -3.0850000000000004 3.3999999999999999 0.19999999999999959 0 1 -1.3552527156068805e-16 
1 -2.7650000000000006 3.3999999999999999 0.19999999999999959 -1 -0 -0 
1 -2.7650000000000006 3.3999999999999999 0.19999999999999959 0 1 -1.3552527156068805e-16 
1 -2.7650000000000006 3.8999999999999999 0.19999999999999954 -1 -0 -0 
2 -2.7650000000000006 3.3999999999999999 0.2999999999999996 1 0 0 0 4.3368086899420083e-15 -1 -0 1 4.3368086899420083e-15 0.10000000000000021
1 -2.7650000000000006 3.3034074173710923 0.2741180954897478 -1 -0 -0 
2 -3.0850000000000004 3.3999999999999999 0.2999999999999996 1 0 0 0 4.3368086899420083e-15 -1 -0 1 4.3368086899420083e-15 0.10000000000000021
1 -3.0850000000000004 3.0881028410209037 1.0776457135307553 0 0.25881904510251763 -0.9659258262890692 
1 -2.7650000000000006 3.0881028410209037 1.0776457135307553 -1 -0 -0 
1 -2.7650000000000006 3.0881028410209037 1.0776457135307553 0 0.25881904510251763 -0.9659258262890692 
2 -3.0850000000000004 2.7983250931341832 1 -1 -0 -0 0 0 -1 0 -1 0 0.30000000000000004
1 -2.7650000000000006 2.7983250931341836 1.3 -1 -0 -0 
2 -2.7650000000000006 2.7983250931341832 1 -1 -0 -0 0 0 -1 0 -1 0 0.30000000000000004
1 -3.0850000000000004 2.6499999999999999 1.3000000000000003 -0 1 -0 
1 -2.7650000000000006 2.6499999999999999 1.3000000000000003 -0 1 -0 
1 -3.0850000000000004 2.6499999999999999 1.1000000000000001 -0 1 -0 
1 -2.7650000000000006 2.7983250931341832 1.1000000000000001 -1 -0 -0 
1 -2.7650000000000006 2.6499999999999999 1.1000000000000001 -0 1 -0 
2 -2.7650000000000006 2.7983250931341832 1 -1 -0 -0 0 0 -1 0 -1 0 0.10000000000000005
1 -2.7650000000000006 2.8949176757630899 1.0258819045102519 -1 -0 -0 
2 -3.0850000000000004 2.7983250931341832 1 -1 -0 -0 0 0 -1 0 -1 0 0.10000000000000005
1 -3.0850000000000004 2.8949176757630899 1.0258819045102519 0 0.25881904510251763 -0.9659258262890692 
1 -2.7650000000000006 3.110222252113279 0.22235428646924424 -1 -0 -0 
1 -2.7650000000000006 2.8949176757630899 1.0258819045102519 0 0.25881904510251763 -0.9659258262890692 
2 -3.0850000000000004 3.3999999999999999 0.2999999999999996 1 0 0 0 1.4456028966473383e-15 -1 -0 1 1.4456028966473383e-15 0.30000000000000021
1 -2.7650000000000006 3.3999999999999999 -4.0657581468206416e-16 -1 -0 -0 
2 -2.7650000000000006 3.3999999999999999 0.2999999999999996 1 0 0 0 1.4456028966473383e-15 -1 -0 1 1.4456028966473383e-15 0.30000000000000021
1 -3.0850000000000004 3.3999999999999999 -4.0657581468206416e-16 0 1 -1.3552527156068805e-16 
1 -2.7650000000000006 3.8999999999999999 -4.7433845046240819e-16 -1 -0 -0 
1 -2.7650000000000006 3.3999999999999999 -4.0657581468206416e-16 0 1 -1.3552527156068805e-16 
1 -3.0850000000000004 3.8999999999999999 -4.7433845046240819e-16 0 0 1 
1 -2.7650000000000006 3.8999999999999999 -4.7433845046240819e-16 0 0 1 
1 -2.4350000000000005 3.3999999999999999 0.19999999999999959 0 1 -1.3552527156068805e-16 
1 -2.1150000000000007 3.3999999999999999 0.19999999999999959 -1 -0 -0 
1 -2.1150000000000007 3.3999999999999999 0.19999999999999959 0 1 -1.3552527156068805e-16 
1 -2.1150000000000007 3.8999999999999999 0.19999999999999954 -1 -0 -0 
2 -2.1150000000000007 3.3999999999999999 0.2999999999999996 1 0 0 0 4.3368086899420083e-15 -1 -0 1 4.3368086899420083e-15 0.10000000000000021
1 -2.1150000000000007 3.3034074173710923 0.2741180954897478 -1 -0 -0 
2 -2.4350000000000005 3.3999999999999999 0.2999999999999996 1 0 0 0 4.3368086899420083e-15 -1 -0 1 4.3368086899420083e-15 0.10000000000000021
1 -2.4350000000000005 3.0881028410209037 1.0776457135307553 0 0.25881904510251763 -0.9659258262890692 
1 -2.1150000000000007 3.0881028410209037 1.0776457135307553 -1 -0 -0 
1 -2.1150000000000007 3.0881028410209037 1.0776457135307553 0 0.25881904510251763 -0.9659258262890692 
2 -2.4350000000000005 2.7983250931341832 1 -1 -0 -0 0 0 -1 0 -1 0 0.30000000000000004
1 -2.1150000000000007 2.7983250931341836 1.3 -1 -0 -0 
2 -2.1150000000000007 2.7983250931341832 1 -1 -0 -0 0 0 -1 0 -1 0 0.30000000000000004
1 -2.4350000000000005 2.6499999999999999 1.3000000000000003 -0 1 -0 
1 -2.1150000000000007 2.6499999999999999 1.3000000000000003 -0 1 -0 
1 -2.4350000000000005 2.6499999999999999 1.1000000000000001 -0 1 -0 
1 -2.1150000000000007 2.7983250931341832 1.1000000000000001 -1 -0 -0 
1 -2.1150000000000007 2.6499999999999999 1.1000000000000001 -0 1 -0 
2 -2.1150000000000007 2.7983250931341832 1 -1 -0 -0 0 0 -1 0 -1 0 0.10000000000000005
1 -2.1150000000000007 2.8949176757630899 1.0258819045102519 -1 -0 -0 
2 -2.4350000000000005 2.7983250931341832 1 -1 -0 -0 0 0 -1 0 -1 0 0.10000000000000005
1 -2.4350000000000005 2.8949176757630899 1.0258819045102519 0 0.25881904510251763 -0.9659258262890692 
1 -2.1150000000000007 3.110222252113279 0.22235428646924424 -1 -0 -0 
1 -2.1150000000000007 2.8949176757630899 1.0258819045102519 0 0.25881904510251763 -0.9659258262890692 
2 -2.4350000000000005 3.3999999999999999 0.2999999999999996 1 0 0 0 1.4456028966473383e-15 -1 -0 1 1.4456028966473383e-15 0.30000000000000021
1 -2.1150000000000007 3.3999999999999999 -4.0657581468206416e-16 -1 -0 -0 
2 -2.1150000000000007 3.3999999999999999 0.2999999999999996 1 0 0 0 1.4456028966473383e-15 -1 -0 1 1.4456028966473383e-15 0.30000000000000021
1 -2.4350000000000005 3.3999999999999999 -4.0657581468206416e-16 0 1 -1.3552527156068805e-16 
1 -2.1150000000000007 3.8999999999999999 -4.7433845046240819e-16 -1 -0 -0 
1 -2.1150000000000007 3.3999999999999999 -4.0657581468206416e-16 0 1 -1.3552527156068805e-16 
1 -2.4350000000000005 3.8999999999999999 -4.7433845046240819e-16 0 0 1 
1 -2.1150000000000007 3.8999999999999999 -4.7433845046240819e-16 0 0 1 
1 -1.7850000000000006 3.3999999999999999 0.19999999999999959 0 1 -1.3552527156068805e-16 
1 -1.4650000000000005 3.3999999999999999 0.19999999999999959 -1 -0 -0 
1 -1.4650000000000005 3.3999999999999999 0.19999999999999959 0 1 -1.3552527156068805e-16 
1 -1.4650000000000005 3.8999999999999999 0.19999999999999954 -1 -0 -0 
2 -1.4650000000000005 3.3999999999999999 0.2999999999999996 1 0 0 0 4.3368086899420083e-15 -1 -0 1 4.3368086899420083e-15 0.10000000000000021
1 -1.4650000000000005 3.3034074173710923 0.2741180954897478 -1 -0 -0 
2 -1.7850000000000006 3.3999999999999999 0.2999999999999996 1 0 0 0 4.3368086899420083e-15 -1 -0 1 4.3368086899420083e-15 0.10000000000000021
1 -1.7850000000000006 3.0881028410209037 1.0776457135307553 0 0.25881904510251763 -0.9659258262890692 
1 -1.4650000000000005 3.0881028410209037 1.0776457135307553 -1 -0 -0 
1 -1.4650000000000005 3.0881028410209037 1.0776457135307553 0 0.25881904510251763 -0.9659258262890692 
2 -1.7850000000000006 2.7983250931341832 1 -1 -0 -0 0 0 -1 0 -1 0 0.30000000000000004
1 -1.4650000000000005 2.7983250931341836 1.3 -1 -0 -0 
2 -1.4650000000000005 2.7983250931341832 1 -1 -0 -0 0 0 -1 0 -1 0 0.30000000000000004
1 -1.7850000000000006 2.6499999999999999 1.3000000000000003 -0 1 -0 
1 -1.4650000000000005 2.6499999999999999 1.3000000000000003 -0 1 -0 
1 -1.7850000000000006 2.6499999999999999 1.1000000000000001 -0 1 -0 
1 -1.4650000000000005 2.7983250931341832 1.1000000000000001 -1 -0 -0 
1 -1.4650000000000005 2.6499999999999999 1.1000000000000001 -0 1 -0 
2 -1.4650000000000005 2.7983250931341832 1 -1 -0 -0 0 0 -1 0 -1 0 0.10000000000000005
1 -1.4650000000000005 2.8949176757630899 1.0258819045102519 -1 -0 -0 
2 -1.7850000000000006 2.7983250931341832 1 -1 -0 -0 0 0 -1 0 -1 0 0.10000000000000005
1 -1.7850000000000006 2.8949176757630899 1.0258819045102519 0 0.25881904510251763 -0.9659258262890692 
1 -1.4650000000000005 3.110222252113279 0.22235428646924424 -1 -0 -0 
1 -1.4650000000000005 2.8949176757630899 1.0258819045102519 0 0.25881904510251763 -0.9659258262890692 
2 -1.7850000000000006 3.3999999999999999 0.2999999999999996 1 0 0 0 1.4456028966473383e-15 -1 -0 1 1.4456028966473383e-15 0.30000000000000021
1 -1.4650000000000005 3.3999999999999999 -4.0657581468206416e-16 -1 -0 -0 
2 -1.4650000000000005 3.3999999999999999 0.2999999999999996 1 0 0 0 1.4456028966473383e-15 -1 -0 1 1.4456028966473383e-15 0.30000000000000021
1 -1.7850000000000006 3.3999999999999999 -4.0657581468206416e-16 0 1 -1.3552527156068805e-16 
1 -1.4650000000000005 3.8999999999999999 -4.7433845046240819e-16 -1 -0 -0 
1 -1.4650000000000005 3.3999999999999999 -4.0657581468206416e-16 0 1 -1.3552527156068805e-16 
1 -1.7850000000000006 3.8999999999999999 -4.7433845046240819e-16 0 0 1 
1 -1.4650000000000005 3.8999999999999999 -4.7433845046240819e-16 0 0 1 
1 -1.1350000000000007 3.3999999999999999 0.19999999999999959 0 1 -1.3552527156068805e-16 
1 -0.81500000000000061 3.3999999999999999 0.19999999999999959 -1 -0 -0 
1 -0.81500000000000061 3.3999999999999999 0.19999999999999959 0 1 -1.3552527156068805e-16 
1 -0.81500000000000061 3.8999999999999999 0.19999999999999954 -1 -0 -0 
2 -0.81500000000000061 3.3999999999999999 0.2999999999999996 1 0 0 0 4.3368086899420083e-15 -1 -0 1 4.3368086899420083e-15 0.10000000000000021
1 -0.81500000000000061 3.3034074173710923 0.2741180954897478 -1 -0 -0 
2 -1.1350000000000007 3.3999999999999999 0.2999999999999996 1 0 0 0 4.3368086899420083e-15 -1 -0 1 4.3368086899420083e-15 0.10000000000000021
1 -1.1350000000000007 3.0881028410209037 1.0776457135307553 0 0.25881904510251763 -0.9659258262890692 
1 -0.81500000000000061 3.0881028410209037 1.0776457135307553 -1 -0 -0 
1 -0.81500000000000061 3.0881028410209037 1.0776457135307553 0 0.25881904510251763 -0.9659258262890692 
2 -1.1350000000000007 2.7983250931341832 1 -1 -0 -0 0 0 -1 0 -1 0 0.30000000000000004
1 -0.81500000000000061 2.7983250931341836 1.3 -1 -0 -0 
2 -0.81500000000000061 2.7983250931341832 1 -1 -0 -0 0 0 -1 0 -1 0 0.30000000000000004
1 -1.1350000000000007 2.6499999999999999 1.3000000000000003 -0 1 -0 
1 -0.81500000000000061 2.6499999999999999 1.3000000000000003 -0 1 -0 
1 -1.1350000000000007 2.6499999999999999 1.1000000000000001 -0 1 -0 
1 -0.81500000000000061 2.7983250931341832 1.1000000000000001 -1 -0 -0 
1 -0.81500000000000061 2.6499999999999999 1.1000000000000001 -0 1 -0 
2 -0.81500000000000061 2.7983250931341832 1 -1 -0 -0 0 0 -1 0 -1 0 0.10000000000000005
1 -0.81500000000000061 2.8949176757630899 1.0258819045102519 -1 -0 -0 
2 -1.1350000000000007 2.7983250931341832 1 -1 -0 -0 0 0 -1 0 -1 0 0.10000000000000005
1 -1.1350000000000007 2.8949176757630899 1.0258819045102519 0 0.25881904510251763 -0.9659258262890692 
1 -0.81500000000000061 3.110222252113279 0.22235428646924424 -1 -0 -0 
1 -0.81500000000000061 2.8949176757630899 1.0258819045102519 0 0.25881904510251763 -0.9659258262890692 
2 -1.1350000000000007 3.3999999999999999 0.2999999999999996 1 0 0 0 1.4456028966473383e-15 -1 -0 1 1.4456028966473383e-15 0.30000000000000021
1 -0.81500000000000061 3.3999999999999999 -4.0657581468206416e-16 -1 -0 -0 
2 -0.81500000000000061 3.3999999999999999 0.2999999999999996 1 0 0 0 1.4456028966473383e-15 -1 -0 1 1.4456028966473383e-15 0.30000000000000021
1 -1.1350000000000007 3.3999999999999999 -4.0657581468206416e-16 0 1 -1.3552527156068805e-16 
1 -0.81500000000000061 3.8999999999999999 -4.7433845046240819e-16 -1 -0 -0 
1 -0.81500000000000061 3.3999999999999999 -4.0657581468206416e-16 0 1 -1.3552527156068805e-16 
1 -1.1350000000000007 3.8999999999999999 -4.7433845046240819e-16 0 0 1 
1 -0.81500000000000061 3.8999999999999999 -4.7433845046240819e-16 0 0 1 
1 -0.4850000000000006 3.3999999999999999 0.19999999999999959 0 1 -1.3552527156068805e-16 
1 -0.16500000000000059 3.3999999999999999 0.19999999999999959 -1 -0 -0 
1 -0.16500000000000059 3.3999999999999999 0.19999999999999959 0 1 -1.3552527156068805e-16 
1 -0.16500000000000059 3.8999999999999999 0.19999999999999954 -1 -0 -0 
2 -0.16500000000000059 3.3999999999999999 0.2999999999999996 1 0 0 0 4.3368086899420083e-15 -1 -0 1 4.3368086899420083e-15 0.10000000000000021
1 -0.16500000000000059 3.3034074173710923 0.2741180954897478 -1 -0 -0 
2 -0.4850000000000006 3.3999999999999999 0.2999999999999996 1 0 0 0 4.3368086899420083e-15 -1 -0 1 4.3368086899420083e-15 0.10000000000000021
1 -0.4850000000000006 3.0881028410209037 1.0776457135307553 0 0.25881904510251763 -0.9659258262890692 
1 -0.16500000000000059 3.0881028410209037 1.0776457135307553 -1 -0 -0 
1 -0.16500000000000059 3.0881028410209037 1.0776457135307553 0 0.25881904510251763 -0.9659258262890692 
2 -0.4850000000000006 2.7983250931341832 1 -1 -0 -0 0 0 -1 0 -1 0 0.30000000000000004
1 -0.16500000000000059 2.7983250931341836 1.3 -1 -0 -0 
2 -0.16500000000000059 2.7983250931341832 1 -1 -0 -0 0 0 -1 0 -1 0 0.30000000000000004
1 -0.4850000000000006 2.6499999999999999 1.3000000000000003 -0 1 -0 
1 -0.16500000000000059 2.6499999999999999 1.3000000000000003 -0 1 -0 
1 -0.4850000000000006 2.6499999999999999 1.1000000000000001 -0 1 -0 
1 -0.16500000000000059 2.7983250931341832 1.1000000000000001 -1 -0 -0 
1 -0.16500000000000059 2.6499999999999999 1.1000000000000001 -0 1 -0 
2 -0.16500000000000059 2.7983250931341832 1 -1 -0 -0 0 0 -1 0 -1 0 0.10000000000000005
1 -0.16500000000000059 2.8949176757630899 1.0258819045102519 -1 -0 -0 
2 -0.4850000000000006 2.7983250931341832 1 -1 -0 -0 0 0 -1 0 -1 0 0.10000000000000005
1 -0.4850000000000006 2.8949176757630899 1.0258819045102519 0 0.25881904510251763 -0.9659258262890692 
1 -0.16500000000000059 3.110222252113279 0.22235428646924424 -1 -0 -0 
1 -0.16500000000000059 2.8949176757630899 1.0258819045102519 0 0.25881904510251763 -0.9659258262890692 
2 -0.4850000000000006 3.3999999999999999 0.2999999999999996 1 0 0 0 1.4456028966473383e-15 -1 -0 1 1.4456028966473383e-15 0.30000000000000021
1 -0.16500000000000059 3.3999999999999999 -4.0657581468206416e-16 -1 -0 -0 
2 -0.16500000000000059 3.3999999999999999 0.2999999999999996 1 0 0 0 1.4456028966473383e-15 -1 -0 1 1.4456028966473383e-15 0.30000000000000021
1 -0.4850000000000006 3.3999999999999999 -4.0657581468206416e-16 0 1 -1.3552527156068805e-16 
1 -0.16500000000000059 3.8999999999999999 -4.7433845046240819e-16 -1 -0 -0 
1 -0.16500000000000059 3.3999999999999999 -4.0657581468206416e-16 0 1 -1.3552527156068805e-16 
1 -0.4850000000000006 3.8999999999999999 -4.7433845046240819e-16 0 0 1 
1 -0.16500000000000059 3.8999999999999999 -4.7433845046240819e-16 0 0 1 
1 0.16499999999999976 3.3999999999999999 0.19999999999999959 0 1 -1.3552527156068805e-16 
1 0.48499999999999976 3.3999999999999999 0.19999999999999959 -1 -0 -0 
1 0.48499999999999976 3.3999999999999999 0.19999999999999959 0 1 -1.3552527156068805e-16 
1 0.48499999999999976 3.8999999999999999 0.19999999999999954 -1 -0 -0 
2 0.48499999999999976 3.3999999999999999 0.2999999999999996 1 0 0 0 4.3368086899420083e-15 -1 -0 1 4.3368086899420083e-15 0.10000000000000021
1 0.48499999999999976 3.3034074173710923 0.2741180954897478 -1 -0 -0 
2 0.16499999999999976 3.3999999999999999 0.2999999999999996 1 0 0 0 4.3368086899420083e-15 -1 -0 1 4.3368086899420083e-15 0.10000000000000021
1 0.16499999999999976 3.0881028410209037 1.0776457135307553 0 0.25881904510251763 -0.9659258262890692 
1 0.48499999999999976 3.0881028410209037 1.0776457135307553 -1 -0 -0 
1 0.48499999999999976 3.0881028410209037 1.0776457135307553 0 0.25881904510251763 -0.9659258262890692 
2 0.16499999999999976 2.7983250931341832 1 -1 -0 -0 0 0 -1 0 -1 0 0.30000000000000004
1 0.48499999999999976 2.7983250931341836 1.3 -1 -0 -0 
2 0.48499999999999976 2.7983250931341832 1 -1 -0 -0 0 0 -1 0 -1 0 0.30000000000000004
1 0.16499999999999976 2.6499999999999999 1.3000000000000003 -0 1 -0 
1 0.48499999999999976 2.6499999999999999 1.3000000000000003 -0 1 -0 
1 0.16499999999999976 2.6499999999999999 1.1000000000000001 -0 1 -0 
1 0.48499999999999976 2.7983250931341832 1.1000000000000001 -1 -0 -0 
1 0.48499999999999976 2.6499999999999999 1.1000000000000001 -0 1 -0 
2 0.48499999999999976 2.7983250931341832 1 -1 -0 -0 0 0 -1 0 -1 0 0.10000000000000005
1 0.48499999999999976 2.8949176757630899 1.0258819045102519 -1 -0 -0 
2 0.16499999999999976 2.7983250931341832 1 -1 -0 -0 0 0 -1 0 -1 0 0.10000000000000005
1 0.16499999999999976 2.8949176757630899 1.0258819045102519 0 0.25881904510251763 -0.9659258262890692 
1 0.48499999999999976 3.110222252113279 0.22235428646924424 -1 -0 -0 
1 0.48499999999999976 2.8949176757630899 1.0258819045102519 0 0.25881904510251763 -0.9659258262890692 
2 0.16499999999999976 3.3999999999999999 0.2999999999999996 1 0 0 0 1.4456028966473383e-15 -1 -0 1 1.4456028966473383e-15 0.30000000000000021
1 0.48499999999999976 3.3999999999999999 -4.0657581468206416e-16 -1 -0 -0 
2 0.48499999999999976 3.3999999999999999 0.2999999999999996 1 0 0 0 1.4456028966473383e-15 -1 -0 1 1.4456028966473383e-15 0.30000000000000021
1 0.16499999999999976 3.3999999999999999 -4.0657581468206416e-16 0 1 -1.3552527156068805e-16 
1 0.48499999999999976 3.8999999999999999 -4.7433845046240819e-16 -1 -0 -0 
1 0.48499999999999976 3.3999999999999999 -4.0657581468206416e-16 0 1 -1.3552527156068805e-16 
1 0.16499999999999976 3.8999999999999999 -4.7433845046240819e-16 0 0 1 
1 0.48499999999999976 3.8999999999999999 -4.7433845046240819e-16 0 0 1 
1 0.81499999999999928 3.3999999999999999 0.19999999999999959 0 1 -1.3552527156068805e-16 
1 1.1349999999999993 3.3999999999999999 0.19999999999999959 -1 -0 -0 
1 1.1349999999999993 3.3999999999999999 0.19999999999999959 0 1 -1.3552527156068805e-16 
1 1.1349999999999993 3.8999999999999999 0.19999999999999954 -1 -0 -0 
2 1.1349999999999993 3.3999999999999999 0.2999999999999996 1 0 0 0 4.3368086899420083e-15 -1 -0 1 4.3368086899420083e-15 0.10000000000000021
1 1.1349999999999993 3.3034074173710923 0.2741180954897478 -1 -0 -0 
2 0.81499999999999928 3.3999999999999999 0.2999999999999996 1 0 0 0 4.3368086899420083e-15 -1 -0 1 4.3368086899420083e-15 0.10000000000000021
1 0.81499999999999928 3.0881028410209037 1.0776457135307553 0 0.25881904510251763 -0.9659258262890692 
1 1.1349999999999993 3.0881028410209037 1.0776457135307553 -1 -0 -0 
1 1.1349999999999993 3.0881028410209037 1.0776457135307553 0 0.25881904510251763 -0.9659258262890692 
2 0.81499999999999928 2.7983250931341832 1 -1 -0 -0 0 0 -1 0 -1 0 0.30000000000000004
1 1.1349999999999993 2.7983250931341836 1.3 -1 -0 -0 
2 1.1349999999999993 2.7983250931341832 1 -1 -0 -0 0 0 -1 0 -1 0 0.30000000000000004
1 0.81499999999999928 2.6499999999999999 1.3000000000000003 -0 1 -0 
1 1.1349999999999993 2.6499999999999999 1.3000000000000003 -0 1 -0 
1 0.81499999999999928 2.6499999999999999 1.1000000000000001 -0 1 -0 
1 1.1349999999999993 2.7983250931341832 1.1000000000000001 -1 -0 -0 
1 1.1349999999999993 2.6499999999999999 1.1000000000000001 -0 1 -0 
2 1.1349999999999993 2.7983250931341832 1 -1 -0 -0 0 0 -1 0 -1 0 0.10000000000000005
1 1.1349999999999993 2.8949176757630899 1.0258819045102519 -1 -0 -0 
2 0.81499999999999928 2.7983250931341832 1 -1 -0 -0 0 0 -1 0 -1 0 0.10000000000000005
1 0.81499999999999928 2.8949176757630899 1.0258819045102519 0 0.25881904510251763 -0.9659258262890692 
1 1.1349999999999993 3.110222252113279 0.22235428646924424 -1 -0 -0 
1 1.1349999999999993 2.8949176757630899 1.0258819045102519 0 0.25881904510251763 -0.9659258262890692 
2 0.81499999999999928 3.3999999999999999 0.2999999999999996 1 0 0 0 1.4456028966473383e-15 -1 -0 1 1.4456028966473383e-15 0.30000000000000021
1 1.1349999999999993 3.3999999999999999 -4.0657581468206416e-16 -1 -0 -0 
2 1.1349999999999993 3.3999999999999999 0.2999999999999996 1 0 0 0 1.4456028966473383e-15 -1 -0 1 1.4456028966473383e-15 0.30000000000000021
1 0.81499999999999928 3.3999999999999999 -4.0657581468206416e-16 0 1 -1.3552527156068805e-16 
1 1.1349999999999993 3.8999999999999999 -4.7433845046240819e-16 -1 -0 -0 
1 1.1349999999999993 3.3999999999999999 -4.0657581468206416e-16 0 1 -1.3552527156068805e-16 
1 0.81499999999999928 3.8999999999999999 -4.7433845046240819e-16 0 0 1 
1 1.1349999999999993 3.8999999999999999 -4.7433845046240819e-16 0 0 1 
1 1.4649999999999987 3.3999999999999999 0.19999999999999959 0 1 -1.3552527156068805e-16 
1 1.7849999999999988 3.3999999999999999 0.19999999999999959 -1 -0 -0 
1 1.7849999999999988 3.3999999999999999 0.19999999999999959 0 1 -1.3552527156068805e-16 
1 1.7849999999999988 3.8999999999999999 0.19999999999999954 -1 -0 -0 
2 1.7849999999999988 3.3999999999999999 0.2999999999999996 1 0 0 0 4.3368086899420083e-15 -1 -0 1 4.3368086899420083e-15 0.10000000000000021
1 1.7849999999999988 3.3034074173710923 0.2741180954897478 -1 -0 -0 
2 1.4649999999999987 3.3999999999999999 0.2999999999999996 1 0 0 0 4.3368086899420083e-15 -1 -0 1 4.3368086899420083e-15 0.10000000000000021
1 1.4649999999999987 3.0881028410209037 1.0776457135307553 0 0.25881904510251763 -0.9659258262890692 
1 1.7849999999999988 3.0881028410209037 1.0776457135307553 -1 -0 -0 
1 1.7849999999999988 3.0881028410209037 1.0776457135307553 0 0.25881904510251763 -0.9659258262890692 
2 1.4649999999999987 2.7983250931341832 1 -1 -0 -0 0 0 -1 0 -1 0 0.30000000000000004
1 1.7849999999999988 2.7983250931341836 1.3 -1 -0 -0 
2 1.7849999999999988 2.7983250931341832 1 -1 -0 -0 0 0 -1 0 -1 0 0.30000000000000004
1 1.4649999999999987 2.6499999999999999 1.3000000000000003 -0 1 -0 
1 1.7849999999999988 2.6499999999999999 1.3000000000000003 -0 1 -0 
1 1.4649999999999987 2.6499999999999999 1.1000000000000001 -0 1 -0 
1 1.7849999999999988 2.7983250931341832 1.1000000000000001 -1 -0 -0 
1 1.7849999999999988 2.6499999999999999 1.1000000000000001 -0 1 -0 
2 1.7849999999999988 2.7983250931341832 1 -1 -0 -0 0 0 -1 0 -1 0 0.10000000000000005
1 1.7849999999999988 2.8949176757630899 1.0258819045102519 -1 -0 -0 
2 1.4649999999999987 2.7983250931341832 1 -1 -0 -0 0 0 -1 0 -1 0 0.10000000000000005
1 1.4649999999999987 2.8949176757630899 1.0258819045102519 0 0.25881904510251763 -0.9659258262890692 
1 1.7849999999999988 3.110222252113279 0.22235428646924424 -1 -0 -0 
1 1.7849999999999988 2.8949176757630899 1.0258819045102519 0 0.25881904510251763 -0.9659258262890692 
2 1.4649999999999987 3.3999999999999999 0.2999999999999996 1 0 0 0 1.4456028966473383e-15 -1 -0 1 1.4456028966473383e-15 0.30000000000000021
1 1.7849999999999988 3.3999999999999999 -4.0657581468206416e-16 -1 -0 -0 
2 1.7849999999999988 3.3999999999999999 0.2999999999999996 1 0 0 0 1.4456028966473383e-15 -1 -0 1 1.4456028966473383e-15 0.30000000000000021
1 1.4649999999999987 3.3999999999999999 -4.0657581468206416e-16 0 1 -1.3552527156068805e-16 
1 1.7849999999999988 3.8999999999999999 -4.7433845046240819e-16 -1 -0 -0 
1 1.7849999999999988 3.3999999999999999 -4.0657581468206416e-16 0 1 -1.3552527156068805e-16 
1 1.4649999999999987 3.8999999999999999 -4.7433845046240819e-16 0 0 1 
1 1.7849999999999988 3.8999999999999999 -4.7433845046240819e-16 0 0 1 
1 2.1149999999999993 3.3999999999999999 0.19999999999999959 0 1 -1.3552527156068805e-16 
1 2.4349999999999992 3.3999999999999999 0.19999999999999959 -1 -0 -0 
1 2.4349999999999992 3.3999999999999999 0.19999999999999959 0 1 -1.3552527156068805e-16 
1 2.4349999999999992 3.8999999999999999 0.19999999999999954 -1 -0 -0 
2 2.4349999999999992 3.3999999999999999 0.2999999999999996 1 0 0 0 4.3368086899420083e-15 -1 -0 1 4.3368086899420083e-15 0.10000000000000021
1 2.4349999999999992 3.3034074173710923 0.2741180954897478 -1 -0 -0 
2 2.1149999999999993 3.3999999999999999 0.2999999999999996 1 0 0 0 4.3368086899420083e-15 -1 -0 1 4.3368086899420083e-15 0.10000000000000021
1 2.1149999999999993 3.0881028410209037 1.0776457135307553 0 0.25881904510251763 -0.9659258262890692 
1 2.4349999999999992 3.0881028410209037 1.0776457135307553 -1 -0 -0 
1 2.4349999999999992 3.0881028410209037 1.0776457135307553 0 0.25881904510251763 -0.9659258262890692 
2 2.1149999999999993 2.7983250931341832 1 -1 -0 -0 0 0 -1 0 -1 0 0.30000000000000004
1 2.4349999999999992 2.7983250931341836 1.3 -1 -0 -0 
2 2.4349999999999992 2.7983250931341832 1 -1 -0 -0 0 0 -1 0 -1 0 0.30000000000000004
1 2.1149999999999993 2.6499999999999999 1.3000000000000003 -0 1 -0 
1 2.4349999999999992 2.6499999999999999 1.3000000000000003 -0 1 -0 
1 2.1149999999999993 2.6499999999999999 1.1000000000000001 -0 1 -0 
1 2.4349999999999992 2.7983250931341832 1.1000000000000001 -1 -0 -0 
1 2.4349999999999992 2.6499999999999999 1.1000000000000001 -0 1 -0 
2 2.4349999999999992 2.7983250931341832 1 -1 -0 -0 0 0 -1 0 -1 0 0.10000000000000005
1 2.4349999999999992 2.8949176757630899 1.0258819045102519 -1 -0 -0 
2 2.1149999999999993 2.7983250931341832 1 -1 -0 -0 0 0 -1 0 -1 0 0.10000000000000005
1 2.1149999999999993 2.8949176757630899 1.0258819045102519 0 0.25881904510251763 -0.9659258262890692 
1 2.4349999999999992 3.110222252113279 0.22235428646924424 -1 -0 -0 
1 2.4349999999999992 2.8949176757630899 1.0258819045102519 0 0.25881904510251763 -0.9659258262890692 
2 2.1149999999999993 3.3999999999999999 0.2999999999999996 1 0 0 0 1.4456028966473383e-15 -1 -0 1 1.4456028966473383e-15 0.30000000000000021
1 2.4349999999999992 3.3999999999999999 -4.0657581468206416e-16 -1 -0 -0 
2 2.4349999999999992 3.3999999999999999 0.2999999999999996 1 0 0 0 1.4456028966473383e-15 -1 -0 1 1.4456028966473383e-15 0.30000000000000021
1 2.1149999999999993 3.3999999999999999 -4.0657581468206416e-16 0 1 -1.3552527156068805e-16 
1 2.4349999999999992 3.8999999999999999 -4.7433845046240819e-16 -1 -0 -0 
1 2.4349999999999992 3.3999999999999999 -4.0657581468206416e-16 0 1 -1.3552527156068805e-16 
1 2.1149999999999993 3.8999999999999999 -4.7433845046240819e-16 0 0 1 
1 2.4349999999999992 3.8999999999999999 -4.7433845046240819e-16 0 0 1 
1 2.7649999999999997 3.3999999999999999 0.19999999999999959 0 1 -1.3552527156068805e-16 
1 3.0849999999999995 3.3999999999999999 0.19999999999999959 -1 -0 -0 
1 3.0849999999999995 3.3999999999999999 0.19999999999999959 0 1 -1.3552527156068805e-16 
1 3.0849999999999995 3.8999999999999999 0.19999999999999954 -1 -0 -0 
2 3.0849999999999995 3.3999999999999999 0.2999999999999996 1 0 0 0 4.3368086899420083e-15 -1 -0 1 4.3368086899420083e-15 0.10000000000000021
1 3.0849999999999995 3.3034074173710923 0.2741180954897478 -1 -0 -0 
2 2.7649999999999997 3.3999999999999999 0.2999999999999996 1 0 0 0 4.3368086899420083e-15 -1 -0 1 4.3368086899420083e-15 0.10000000000000021
1 2.7649999999999997 3.0881028410209037 1.0776457135307553 0 0.25881904510251763 -0.9659258262890692 
1 3.0849999999999995 3.0881028410209037 1.0776457135307553 -1 -0 -0 
1 3.0849999999999995 3.0881028410209037 1.0776457135307553 0 0.25881904510251763 -0.9659258262890692 
2 2.7649999999999997 2.7983250931341832 1 -1 -0 -0 0 0 -1 0 -1 0 0.30000000000000004
1 3.0849999999999995 2.7983250931341836 1.3 -1 -0 -0 
2 3.0849999999999995 2.7983250931341832 1 -1 -0 -0 0 0 -1 0 -1 0 0.30000000000000004
1 2.7649999999999997 2.6499999999999999 1.3000000000000003 -0 1 -0 
1 3.0849999999999995 2.6499999999999999 1.3000000000000003 -0 1 -0 
1 2.7649999999999997 2.6499999999999999 1.1000000000000001 -0 1 -0 
1 3.0849999999999995 2.7983250931341832 1.1000000000000001 -1 -0 -0 
1 3.0849999999999995 2.6499999999999999 1.1000000000000001 -0 1 -0 
2 3.0849999999999995 2.7983250931341832 1 -1 -0 -0 0 0 -1 0 -1 0 0.10000000000000005
1 3.0849999999999995 2.8949176757630899 1.0258819045102519 -1 -0 -0 
2 2.7649999999999997 2.7983250931341832 1 -1 -0 -0 0 0 -1 0 -1 0 0.10000000000000005
1 2.7649999999999997 2.8949176757630899 1.0258819045102519 0 0.25881904510251763 -0.9659258262890692 
1 3.0849999999999995 3.110222252113279 0.22235428646924424 -1 -0 -0 
1 3.0849999999999995 2.8949176757630899 1.0258819045102519 0 0.25881904510251763 -0.9659258262890692 
2 2.7649999999999997 3.3999999999999999 0.2999999999999996 1 0 0 0 1.4456028966473383e-15 -1 -0 1 1.4456028966473383e-15 0.30000000000000021
1 3.0849999999999995 3.3999999999999999 -4.0657581468206416e-16 -1 -0 -0 
2 3.0849999999999995 3.3999999999999999 0.2999999999999996 1 0 0 0 1.4456028966473383e-15 -1 -0 1 1.4456028966473383e-15 0.30000000000000021
1 2.7649999999999997 3.3999999999999999 -4.0657581468206416e-16 0 1 -1.3552527156068805e-16 
1 3.0849999999999995 3.8999999999999999 -4.7433845046240819e-16 -1 -0 -0 
1 3.0849999999999995 3.3999999999999999 -4.0657581468206416e-16 0 1 -1.3552527156068805e-16 
1 2.7649999999999997 3.8999999999999999 -4.7433845046240819e-16 0 0 1 
1 3.0849999999999995 3.8999999999999999 -4.7433845046240819e-16 0 0 1 
1 3.4149999999999991 3.3999999999999999 0.19999999999999959 0 1 -1.3552527156068805e-16 
1 3.734999999999999 3.3999999999999999 0.19999999999999959 -1 -0 -0 
1 3.734999999999999 3.3999999999999999 0.19999999999999959 0 1 -1.3552527156068805e-16 
1 3.734999999999999 3.8999999999999999 0.19999999999999954 -1 -0 -0 
2 3.734999999999999 3.3999999999999999 0.2999999999999996 1 0 0 0 4.3368086899420083e-15 -1 -0 1 4.3368086899420083e-15 0.10000000000000021
1 3.734999999999999 3.3034074173710923 0.2741180954897478 -1 -0 -0 
2 3.4149999999999991 3.3999999999999999 0.2999999999999996 1 0 0 0 4.3368086899420083e-15 -1 -0 1 4.3368086899420083e-15 0.10000000000000021
1 3.4149999999999991 3.0881028410209037 1.0776457135307553 0 0.25881904510251763 -0.9659258262890692 
1 3.734999999999999 3.0881028410209037 1.0776457135307553 -1 -0 -0 
1 3.734999999999999 3.0881028410209037 1.0776457135307553 0 0.25881904510251763 -0.9659258262890692 
2 3.4149999999999991 2.7983250931341832 1 -1 -0 -0 0 0 -1 0 -1 0 0.30000000000000004
1 3.734999999999999 2.7983250931341836 1.3 -1 -0 -0 
2 3.734999999999999 2.7983250931341832 1 -1 -0 -0 0 0 -1 0 -1 0 0.30000000000000004
1 3.4149999999999991 2.6499999999999999 1.3000000000000003 -0 1 -0 
1 3.734999999999999 2.6499999999999999 1.3000000000000003 -0 1 -0 
1 3.4149999999999991 2.6499999999999999 1.1000000000000001 -0 1 -0 
1 3.734999999999999 2.7983250931341832 1.1000000000000001 -1 -0 -0 
1 3.734999999999999 2.6499999999999999 1.1000000000000001 -0 1 -0 
2 3.734999999999999 2.7983250931341832 1 -1 -0 -0 0 0 -1 0 -1 0 0.10000000000000005
1 3.734999999999999 2.8949176757630899 1.0258819045102519 -1 -0 -0 
2 3.4149999999999991 2.7983250931341832 1 -1 -0 -0 0 0 -1 0 -1 0 0.10000000000000005
1 3.4149999999999991 2.8949176757630899 1.0258819045102519 0 0.25881904510251763 -0.9659258262890692 
1 3.734999999999999 3.110222252113279 0.22235428646924424 -1 -0 -0 
1 3.734999999999999 2.8949176757630899 1.0258819045102519 0 0.25881904510251763 -0.9659258262890692 
2 3.4149999999999991 3.3999999999999999 0.2999999999999996 1 0 0 0 1.4456028966473383e-15 -1 -0 1 1.4456028966473383e-15 0.30000000000000021
1 3.734999999999999 3.3999999999999999 -4.0657581468206416e-16 -1 -0 -0 
2 3.734999999999999 3.3999999999999999 0.2999999999999996 1 0 0 0 1.4456028966473383e-15 -1 -0 1 1.4456028966473383e-15 0.30000000000000021
1 3.4149999999999991 3.3999999999999999 -4.0657581468206416e-16 0 1 -1.3552527156068805e-16 
1 3.734999999999999 3.8999999999999999 -4.7433845046240819e-16 -1 -0 -0 
1 3.734999999999999 3.3999999999999999 -4.0657581468206416e-16 0 1 -1.3552527156068805e-16 
1 3.4149999999999991 3.8999999999999999 -4.7433845046240819e-16 0 0 1 
1 3.734999999999999 3.8999999999999999 -4.7433845046240819e-16 0 0 1 
1 4.0649999999999986 3.3999999999999999 0.19999999999999959 0 1 -1.3552527156068805e-16 
1 4.384999999999998 3.3999999999999999 0.19999999999999959 -1 -0 -0 
1 4.384999999999998 3.3999999999999999 0.19999999999999959 0 1 -1.3552527156068805e-16 
1 4.384999999999998 3.8999999999999999 0.19999999999999954 -1 -0 -0 
2 4.384999999999998 3.3999999999999999 0.2999999999999996 1 0 0 0 4.3368086899420083e-15 -1 -0 1 4.3368086899420083e-15 0.10000000000000021
1 4.384999999999998 3.3034074173710923 0.2741180954897478 -1 -0 -0 
2 4.0649999999999986 3.3999999999999999 0.2999999999999996 1 0 0 0 4.3368086899420083e-15 -1 -0 1 4.3368086899420083e-15 0.10000000000000021
1 4.0649999999999986 3.0881028410209037 1.0776457135307553 0 0.25881904510251763 -0.9659258262890692 
1 4.384999999999998 3.0881028410209037 1.0776457135307553 -1 -0 -0 
1 4.384999999999998 3.0881028410209037 1.0776457135307553 0 0.25881904510251763 -0.9659258262890692 
2 4.0649999999999986 2.7983250931341832 1 -1 -0 -0 0 0 -1 0 -1 0 0.30000000000000004
1 4.384999999999998 2.7983250931341836 1.3 -1 -0 -0 
2 4.384999999999998 2.7983250931341832 1 -1 -0 -0 0 0 -1 0 -1 0 0.30000000000000004
1 4.0649999999999986 2.6499999999999999 1.3000000000000003 -0 1 -0 
1 4.384999999999998 2.6499999999999999 1.3000000000000003 -0 1 -0 
1 4.0649999999999986 2.6499999999999999 1.1000000000000001 -0 1 -0 
1 4.384999999999998 2.7983250931341832 1.1000000000000001 -1 -0 -0 
1 4.384999999999998 2.6499999999999999 1.1000000000000001 -0 1 -0 
2 4.384999999999998 2.7983250931341832 1 -1 -0 -0 0 0 -1 0 -1 0 0.10000000000000005
1 4.384999999999998 2.8949176757630899 1.0258819045102519 -1 -0 -0 
2 4.0649999999999986 2.7983250931341832 1 -1 -0 -0 0 0 -1 0 -1 0 0.10000000000000005
1 4.0649999999999986 2.8949176757630899 1.0258819045102519 0 0.25881904510251763 -0.9659258262890692 
1 4.384999999999998 3.110222252113279 0.22235428646924424 -1 -0 -0 
1 4.384999999999998 2.8949176757630899 1.0258819045102519 0 0.25881904510251763 -0.9659258262890692 
2 4.0649999999999986 3.3999999999999999 0.2999999999999996 1 0 0 0 1.4456028966473383e-15 -1 -0 1 1.4456028966473383e-15 0.30000000000000021
1 4.384999999999998 3.3999999999999999 -4.0657581468206416e-16 -1 -0 -0 
2 4.384999999999998 3.3999999999999999 0.2999999999999996 1 0 0 0 1.4456028966473383e-15 -1 -0 1 1.4456028966473383e-15 0.30000000000000021
1 4.0649999999999986 3.3999999999999999 -4.0657581468206416e-16 0 1 -1.3552527156068805e-16 
1 4.384999999999998 3.8999999999999999 -4.7433845046240819e-16 -1 -0 -0 
1 4.384999999999998 3.3999999999999999 -4.0657581468206416e-16 0 1 -1.3552527156068805e-16 
1 4.0649999999999986 3.8999999999999999 -4.7433845046240819e-16 0 0 1 
1 4.384999999999998 3.8999999999999999 -4.7433845046240819e-16 0 0 1 
Polygon3D 0
PolygonOnTriangulations 0
Surfaces 661
2 -4.0195086444721912 -1.6259285630822453 2.1899999999999999 -0 -0 1 1 0 0 -0 1 0 0.34333730589828587
2 -4.0195086444721912 -1.6259285630822453 2.1899999999999999 -0 -0 1 1 0 0 -0 1 0 0.34333730589828587
1 0 0 2.2000000000000002 0 0 -1 -1 0 -0 0 1 0 
1 -4.0195086444721912 -1.6259285630822453 2.1899999999999999 0 0 1 1 0 -0 -0 1 0 
1 -5.1000000000000005 2.6499999999999999 2.2000000000000002 0 -1 0 0 -0 -1 1 0 0 
1 4.0649999999999986 3.3999999999999999 0.2999999999999996 1 0 0 0 0 -1 -0 1 0 
1 -5.1000000000000005 2.6499999999999999 1.1000000000000258 0 0.9902680687415707 -0.13917310096006247 1 0 0 0 -0.13917310096006247 -0.9902680687415707 
1 3.734999999999999 3.3999999999999999 0.2999999999999996 1 0 0 0 0 -1 -0 1 0 
1 0 2.5235132487678467 2.2000000000000002 -0 -0.99026806874157081 -0.1391731009600625 -1 0 0 0 0.1391731009600625 -0.99026806874157081 
1 -5.1000000000000005 2.6499999999999999 2.2000000000000002 0 -1 0 0 -0 -1 1 0 0 
1 3.4149999999999991 3.3999999999999999 0.2999999999999996 1 0 0 0 0 -1 -0 1 0 
1 3.0849999999999995 3.3999999999999999 0.2999999999999996 1 0 0 0 0 -1 -0 1 0 
1 -5.1000000000000005 2.6499999999999999 2.2000000000000002 0 -1 0 0 -0 -1 1 0 0 
1 2.7649999999999997 3.3999999999999999 0.2999999999999996 1 0 0 0 0 -1 -0 1 0 
1 2.4349999999999992 3.3999999999999999 0.2999999999999996 1 0 0 0 0 -1 -0 1 0 
1 -5.1000000000000005 2.6499999999999999 2.2000000000000002 0 -1 0 0 -0 -1 1 0 0 
1 2.1149999999999993 3.3999999999999999 0.2999999999999996 1 0 0 0 0 -1 -0 1 0 
1 1.7849999999999988 3.3999999999999999 0.2999999999999996 1 0 0 0 0 -1 -0 1 0 
1 -5.1000000000000005 2.6499999999999999 2.2000000000000002 0 -1 0 0 -0 -1 1 0 0 
1 1.4649999999999987 3.3999999999999999 0.2999999999999996 1 0 0 0 0 -1 -0 1 0 
1 1.1349999999999993 3.3999999999999999 0.2999999999999996 1 0 0 0 0 -1 -0 1 0 
1 -5.1000000000000005 2.6499999999999999 2.2000000000000002 0 -1 0 0 -0 -1 1 0 0 
1 0.81499999999999928 3.3999999999999999 0.2999999999999996 1 0 0 0 0 -1 -0 1 0 
1 0.48499999999999976 3.3999999999999999 0.2999999999999996 1 0 0 0 0 -1 -0 1 0 
1 -5.1000000000000005 2.6499999999999999 2.2000000000000002 0 -1 0 0 -0 -1 1 0 0 
1 0.16499999999999976 3.3999999999999999 0.2999999999999996 1 0 0 0 0 -1 -0 1 0 
1 -0.16500000000000059 3.3999999999999999 0.2999999999999996 1 0 0 0 0 -1 -0 1 0 
1 -5.1000000000000005 2.6499999999999999 2.2000000000000002 0 -1 0 0 -0 -1 1 0 0 
1 -0.4850000000000006 3.3999999999999999 0.2999999999999996 1 0 0 0 0 -1 -0 1 0 
1 -0.81500000000000061 3.3999999999999999 0.2999999999999996 1 0 0 0 0 -1 -0 1 0 
1 -5.1000000000000005 2.6499999999999999 2.2000000000000002 0 -1 0 0 -0 -1 1 0 0 
1 -1.1350000000000007 3.3999999999999999 0.2999999999999996 1 0 0 0 0 -1 -0 1 0 
1 -1.4650000000000005 3.3999999999999999 0.2999999999999996 1 0 0 0 0 -1 -0 1 0 
1 -5.1000000000000005 2.6499999999999999 2.2000000000000002 0 -1 0 0 -0 -1 1 0 0 
1 -1.7850000000000006 3.3999999999999999 0.2999999999999996 1 0 0 0 0 -1 -0 1 0 
1 -2.1150000000000007 3.3999999999999999 0.2999999999999996 1 0 0 0 0 -1 -0 1 0 
1 -5.1000000000000005 2.6499999999999999 2.2000000000000002 0 -1 0 0 -0 -1 1 0 0 
1 -2.4350000000000005 3.3999999999999999 0.2999999999999996 1 0 0 0 0 -1 -0 1 0 
1 -2.7650000000000006 3.3999999999999999 0.2999999999999996 1 0 0 0 0 -1 -0 1 0 
1 -5.1000000000000005 2.6499999999999999 2.2000000000000002 0 -1 0 0 -0 -1 1 0 0 
1 -3.0850000000000004 3.3999999999999999 0.2999999999999996 1 0 0 0 0 -1 -0 1 0 
1 -3.4150000000000005 3.3999999999999999 0.2999999999999996 1 0 0 0 0 -1 -0 1 0 
1 -5.1000000000000005 2.6499999999999999 2.2000000000000002 0 -1 0 0 -0 -1 1 0 0 
1 -3.7350000000000003 3.3999999999999999 0.2999999999999996 1 0 0 0 0 -1 -0 1 0 
1 -4.0650000000000013 3.3999999999999999 0.2999999999999996 1 0 0 0 0 -1 -0 1 0 
1 -5.1000000000000005 2.6499999999999999 2.2000000000000002 0 -1 0 0 -0 -1 1 0 0 
1 -4.3850000000000007 3.3999999999999999 0.2999999999999996 1 0 0 0 0 -1 -0 1 0 
2 -4.9500000000000002 2.5 2.2000000000000002 0 0 -1 -1 0 0 0 1 0 0.14999999999999997
1 -5.1000000000000005 -2.6499999999999999 2.2000000000000002 0 1 0 0 -0 1 1 0 -0 
1 4.0649999999999986 -3.3999999999999999 0.2999999999999996 1 0 0 0 0 -1 -0 1 0 
1 0 -2.5235132487678467 2.2000000000000002 0 0.99026806874157081 -0.1391731009600625 1 -0 0 0 -0.1391731009600625 -0.99026806874157081 
1 3.734999999999999 -3.3999999999999999 0.2999999999999996 1 0 0 0 0 -1 -0 1 0 
1 -5.1000000000000005 -2.6499999999999999 1.1000000000000258 -0 -0.9902680687415707 -0.13917310096006247 -1 0 0 0 0.13917310096006247 -0.9902680687415707 
1 -5.1000000000000005 -2.6499999999999999 2.2000000000000002 0 1 0 0 -0 1 1 0 -0 
1 3.4149999999999991 -3.3999999999999999 0.2999999999999996 1 0 0 0 0 -1 -0 1 0 
1 3.0849999999999995 -3.3999999999999999 0.2999999999999996 1 0 0 0 0 -1 -0 1 0 
1 -5.1000000000000005 -2.6499999999999999 2.2000000000000002 0 1 0 0 -0 1 1 0 -0 
1 2.7649999999999997 -3.3999999999999999 0.2999999999999996 1 0 0 0 0 -1 -0 1 0 
1 2.4349999999999992 -3.3999999999999999 0.2999999999999996 1 0 0 0 0 -1 -0 1 0 
1 -5.1000000000000005 -2.6499999999999999 2.2000000000000002 0 1 0 0 -0 1 1 0 -0 
1 2.1149999999999993 -3.3999999999999999 0.2999999999999996 1 0 0 0 0 -1 -0 1 0 
1 1.7849999999999988 -3.3999999999999999 0.2999999999999996 1 0 0 0 0 -1 -0 1 0 
1 -5.1000000000000005 -2.6499999999999999 2.2000000000000002 0 1 0 0 -0 1 1 0 -0 
1 1.4649999999999987 -3.3999999999999999 0.2999999999999996 1 0 0 0 0 -1 -0 1 0 
1 1.1349999999999993 -3.3999999999999999 0.2999999999999996 1 0 0 0 0 -1 -0 1 0 
1 -5.1000000000000005 -2.6499999999999999 2.2000000000000002 0 1 0 0 -0 1 1 0 -0 
1 0.81499999999999928 -3.3999999999999999 0.2999999999999996 1 0 0 0 0 -1 -0 1 0 
1 0.48499999999999976 -3.3999999999999999 0.2999999999999996 1 0 0 0 0 -1 -0 1 0 
1 -5.1000000000000005 -2.6499999999999999 2.2000000000000002 0 1 0 0 -0 1 1 0 -0 
1 0.16499999999999976 -3.3999999999999999 0.2999999999999996 1 0 0 0 0 -1 -0 1 0 
1 -0.16500000000000059 -3.3999999999999999 0.2999999999999996 1 0 0 0 0 -1 -0 1 0 
1 -5.1000000000000005 -2.6499999999999999 2.2000000000000002 0 1 0 0 -0 1 1 0 -0 
1 -0.4850000000000006 -3.3999999999999999 0.2999999999999996 1 0 0 0 0 -1 -0 1 0 
1 -0.81500000000000061 -3.3999999999999999 0.2999999999999996 1 0 0 0 0 -1 -0 1 0 
1 -5.1000000000000005 -2.6499999999999999 2.2000000000000002 0 1 0 0 -0 1 1 0 -0 
1 -1.1350000000000007 -3.3999999999999999 0.2999999999999996 1 0 0 0 0 -1 -0 1 0 
1 -1.4650000000000005 -3.3999999999999999 0.2999999999999996 1 0 0 0 0 -1 -0 1 0 
1 -5.1000000000000005 -2.6499999999999999 2.2000000000000002 0 1 0 0 -0 1 1 0 -0 
1 -1.7850000000000006 -3.3999999999999999 0.2999999999999996 1 0 0 0 0 -1 -0 1 0 
1 -2.1150000000000007 -3.3999999999999999 0.2999999999999996 1 0 0 0 0 -1 -0 1 0 
1 -5.1000000000000005 -2.6499999999999999 2.2000000000000002 0 1 0 0 -0 1 1 0 -0 
1 -2.4350000000000005 -3.3999999999999999 0.2999999999999996 1 0 0 0 0 -1 -0 1 0 
1 -2.7650000000000006 -3.3999999999999999 0.2999999999999996 1 0 0 0 0 -1 -0 1 0 
1 -5.1000000000000005 -2.6499999999999999 2.2000000000000002 0 1 0 0 -0 1 1 0 -0 
1 -3.0850000000000004 -3.3999999999999999 0.2999999999999996 1 0 0 0 0 -1 -0 1 0 
1 -3.4150000000000005 -3.3999999999999999 0.2999999999999996 1 0 0 0 0 -1 -0 1 0 
1 -5.1000000000000005 -2.6499999999999999 2.2000000000000002 0 1 0 0 -0 1 1 0 -0 
1 -3.7350000000000003 -3.3999999999999999 0.2999999999999996 1 0 0 0 0 -1 -0 1 0 
1 -4.0650000000000013 -3.3999999999999999 0.2999999999999996 1 0 0 0 0 -1 -0 1 0 
1 -5.1000000000000005 -2.6499999999999999 2.2000000000000002 0 1 0 0 -0 1 1 0 -0 
1 -4.3850000000000007 -3.3999999999999999 0.2999999999999996 1 0 0 0 0 -1 -0 1 0 
2 -4.9500000000000002 -2.5 2.2000000000000002 0 0 -1 -1 0 0 0 1 0 0.14999999999999997
1 3.9654042520754063 1.6114393791910933 2.2010000000000001 0 -1 0 0 -0 -1 1 0 0 
1 3.9918141031488781 1.6114393791910933 2.2010000000000001 -0.93030073778118294 0.36679767895092619 0 -0.36679767895092619 -0.93030073778118294 0 0 0 1 
9 0 0 0 0 3 1 4 2 2 2 3.8740615191263936 1.3977691273874713 2.2010000000000001  3.8740615191263936 1.3977691273874713 2.2000000000000002  
3.896364326430934 1.3977691273874713 2.2010000000000001  3.896364326430934 1.3977691273874713 2.2000000000000002  
3.9136243078422259 1.41326152034096 2.2010000000000001  3.9136243078422259 1.41326152034096 2.2000000000000002  
3.9258934512546437 1.4442463062479365 2.2010000000000001  3.9258934512546437 1.4442463062479365 2.2000000000000002  

1 4
2 4

0 2
1 2

9 0 0 0 0 3 1 4 2 2 2 3.8576333440485966 1.3998486432205119 2.2010000000000001  3.8576333440485966 1.3998486432205119 2.2000000000000002  
3.8621562909842746 1.3984969579294553 2.2010000000000001  3.8621562909842746 1.3984969579294553 2.2000000000000002  
3.8676670079407098 1.3977691273874713 2.2010000000000001  3.8676670079407098 1.3977691273874713 2.2000000000000002  
3.8740615191263936 1.3977691273874713 2.2010000000000001  3.8740615191263936 1.3977691273874713 2.2000000000000002  

2 4
3 4

0 2
1 2

1 3.8576333440485966 1.3998486432205117 2.2010000000000001 1 0 0 0 0 -1 -0 1 0 
9 0 0 0 0 3 1 4 2 2 2 3.8720859790848712 1.4196040436301958 2.2010000000000001  3.8720859790848712 1.4196040436301958 2.2000000000000002  
3.8674070684619277 1.4196040436301958 2.2010000000000001  3.8674070684619277 1.4196040436301958 2.2000000000000002  
3.8626241820467753 1.4205398257552062 2.2010000000000001  3.8626241820467753 1.4205398257552062 2.2000000000000002  
3.8576333440485966 1.4225153657967293 2.2010000000000001  3.8576333440485966 1.4225153657967293 2.2000000000000002  

4 4
5 4

0 2
1 2

9 0 0 0 0 3 1 4 2 2 2 3.8981839027844916 1.4400872745818634 2.2010000000000001  3.8981839027844916 1.4400872745818634 2.2000000000000002  
3.8924132463492751 1.4263624700868716 2.2010000000000001  3.8924132463492751 1.4263624700868716 2.2000000000000002  
3.883731267748217 1.4196040436301958 2.2010000000000001  3.883731267748217 1.4196040436301958 2.2000000000000002  
3.8720859790848712 1.4196040436301958 2.2010000000000001  3.8720859790848712 1.4196040436301958 2.2000000000000002  

5 4
6 4

0 2
1 2

1 3.8981839027844916 1.4400872745818634 2.2010000000000001 0.92091720301727498 -0.38975826506546241 0 0.38975826506546241 0.92091720301727498 0 -0 0 1 
1 3.9093613003853278 1.4664971256567219 2.2010000000000001 0.93067032263575333 0.36585892166935458 -0 -0.36585892166935458 0.93067032263575333 0 0 0 1 
1 3.8523825665709417 1.6114393791910933 2.2010000000000001 0 -1 0 0 -0 -1 1 0 0 
1 3.8808719334781396 1.6114393791910933 2.2010000000000001 -0.944557460429441 -0.3283461648125115 0 0.3283461648125115 -0.944557460429441 0 0 0 1 
1 3.9188230974234322 1.5022647979774646 2.2010000000000001 -0.96761727238618878 -0.25242189718784763 0 0.25242189718784763 -0.96761727238618878 0 0 0 1 
1 3.9219423711729839 1.4903075819395821 2.2010000000000001 0 -1 0 0 -0 -1 1 0 0 
9 0 0 0 0 3 1 4 2 2 2 3.9257374875673721 1.5020568463944384 2.2010000000000001  3.9257374875673721 1.5020568463944384 2.2000000000000002  
3.9241778506932903 1.4969620326047406 2.2010000000000001  3.9241778506932903 1.4969620326047406 2.2000000000000002  
3.9231380927753885 1.4930109525230817 2.2010000000000001  3.9231380927753885 1.4930109525230817 2.2000000000000002  
3.9226182138178185 1.4903075819395821 2.2010000000000001  3.9226182138178185 1.4903075819395821 2.2000000000000002  

12 4
13 4

0 2
1 2

1 3.9257374875673721 1.5020568463944381 2.2010000000000001 0.94009311039990473 -0.34091779621872587 0 0.34091779621872587 0.94009311039990473 0 -0 0 1 
9 0 0 0 0 3 1 4 2 2 2 3.6539967561377886 1.6147666045236735 2.2010000000000001  3.6539967561377886 1.6147666045236735 2.2000000000000002  
3.6350731620608974 1.6147666045236735 2.2010000000000001  3.6350731620608974 1.6147666045236735 2.2000000000000002  
3.6183850475036161 1.6102956454830566 2.2010000000000001  3.6183850475036161 1.6102956454830566 2.2000000000000002  
3.6039844003624038 1.6012497516117079 2.2010000000000001  3.6039844003624038 1.6012497516117079 2.2000000000000002  

0 4
1 4

0 2
1 2

9 0 0 0 0 3 1 4 2 2 2 3.7065045309115661 1.5596594349579056 2.2010000000000001  3.7065045309115661 1.5596594349579056 2.2000000000000002  
3.7065045309115661 1.5964668651965555 2.2010000000000001  3.7065045309115661 1.5964668651965555 2.2000000000000002  
3.6889846100214867 1.6147666045236735 2.2010000000000001  3.6889846100214867 1.6147666045236735 2.2000000000000002  
3.6539967561377886 1.6147666045236735 2.2010000000000001  3.6539967561377886 1.6147666045236735 2.2000000000000002  

1 4
2 4

0 2
1 2

1 3.7065045309115661 1.5596594349579054 2.2010000000000001 -1 0 0 0 0 1 0 1 -0 
1 3.7065045309115661 1.4661851982821781 2.2010000000000001 0 1 -0 0 0 1 1 -0 0 
1 3.681030461961718 1.4661851982821781 2.2010000000000001 1 0 0 0 0 -1 -0 1 0 
1 3.681030461961718 1.4886439692739819 2.2010000000000001 0 1 -0 0 0 1 1 -0 0 
9 0 0 0 0 3 1 4 2 2 2 3.6358529804979338 1.462753997158081 2.2010000000000001  3.6358529804979338 1.462753997158081 2.2000000000000002  
3.6554524172203546 1.462753997158081 2.2010000000000001  3.6554524172203546 1.462753997158081 2.2000000000000002  
3.6703209554240694 1.4713839878633848 2.2010000000000001  3.6703209554240694 1.4713839878633848 2.2000000000000002  
3.6803546193161911 1.4886439692739821 2.2010000000000001  3.6803546193161911 1.4886439692739821 2.2000000000000002  

6 4
7 4

0 2
1 2

9 0 0 0 0 3 1 4 2 2 2 3.6022687998010481 1.4741913342370141 2.2010000000000001  3.6022687998010481 1.4741913342370141 2.2000000000000002  
3.6105868631311138 1.4666011014482312 2.2010000000000001  3.6105868631311138 1.4666011014482312 2.2000000000000002  
3.6217642607319576 1.462753997158081 2.2010000000000001  3.6217642607319576 1.462753997158081 2.2000000000000002  
3.6358529804979338 1.462753997158081 2.2010000000000001  3.6358529804979338 1.462753997158081 2.2000000000000002  

7 4
8 4

0 2
1 2

9 0 0 0 0 3 1 4 2 2 2 3.5897917048049086 1.5050721443524733 2.2010000000000001  3.5897917048049086 1.5050721443524733 2.2000000000000002  
3.5897917048049086 1.4920751703980792 2.2010000000000001  3.5897917048049086 1.4920751703980792 2.2000000000000002  
3.5939507364702892 1.4817815670257972 2.2010000000000001  3.5939507364702892 1.4817815670257972 2.2000000000000002  
3.6022687998010481 1.4741913342370141 2.2010000000000001  3.6022687998010481 1.4741913342370141 2.2000000000000002  

8 4
9 4

0 2
1 2

9 0 0 0 0 3 1 4 2 2 2 3.6379844842260365 1.5524851053365627 2.2010000000000001  3.6379844842260365 1.5524851053365627 2.2000000000000002  
3.6058559646124162 1.5480141462959542 2.2010000000000001  3.6058559646124162 1.5480141462959542 2.2000000000000002  
3.5897917048049086 1.5322098259679215 2.2010000000000001  3.5897917048049086 1.5322098259679215 2.2000000000000002  
3.5897917048049086 1.5050721443524733 2.2010000000000001  3.5897917048049086 1.5050721443524733 2.2000000000000002  

9 4
10 4

0 2
1 2

1 3.6379844842260365 1.5524851053365627 2.2010000000000001 0.1387416884823304 -0.99032860398812672 0 0.99032860398812672 0.1387416884823304 0 -0 0 1 
9 0 0 0 0 3 1 4 2 2 2 3.6516053129302124 1.594075421988979 2.2010000000000001  3.6516053129302124 1.594075421988979 2.2000000000000002  
3.6712047496526319 1.594075421988979 2.2010000000000001  3.6712047496526319 1.594075421988979 2.2000000000000002  
3.6810304619617185 1.5822221817426059 2.2010000000000001  3.6810304619617185 1.5822221817426059 2.2000000000000002  
3.6810304619617185 1.5585157012512627 2.2010000000000001  3.6810304619617185 1.5585157012512627 2.2000000000000002  

11 4
12 4

0 2
1 2

9 0 0 0 0 3 1 4 2 2 2 3.6039844003624038 1.5765035132024496 2.2010000000000001  3.6039844003624038 1.5765035132024496 2.2000000000000002  
3.6183330596078616 1.5881488018657965 2.2010000000000001  3.6183330596078616 1.5881488018657965 2.2000000000000002  
3.6341893678316484 1.594075421988979 2.2010000000000001  3.6341893678316484 1.594075421988979 2.2000000000000002  
3.6516053129302124 1.594075421988979 2.2010000000000001  3.6516053129302124 1.594075421988979 2.2000000000000002  

12 4
13 4

0 2
1 2

1 3.6039844003624033 1.5765035132024496 2.2010000000000001 1 0 0 0 0 -1 -0 1 0 
1 3.5654093816673371 1.4893717998159659 2.2010000000000001 -1 0 0 0 0 1 0 1 -0 
1 3.5654093816673371 1.4661851982821781 2.2010000000000001 0 1 -0 0 0 1 1 -0 0 
1 3.4560268488706805 1.4661851982821781 2.2010000000000001 1 0 0 0 0 -1 -0 1 0 
1 3.4560268488706805 1.6695618467135114 2.2010000000000001 0 -1 0 0 -0 -1 1 0 0 
1 3.5607824589394554 1.6695618467135114 2.2010000000000001 -1 0 0 0 0 1 0 1 -0 
1 3.5607824589394554 1.6461672935967024 2.2010000000000001 0 1 -0 0 0 1 1 -0 0 
1 3.4822807362575734 1.6461672935967024 2.2010000000000001 -1 0 0 0 0 1 0 1 -0 
1 3.4822807362575734 1.5810784480345756 2.2010000000000001 0 -1 0 0 -0 -1 1 0 0 
1 3.5550118025042305 1.5810784480345756 2.2010000000000001 -1 0 0 0 0 1 0 1 -0 
1 3.5550118025042305 1.5577878707092787 2.2010000000000001 0 1 -0 0 0 1 1 -0 0 
1 3.4822807362575734 1.5577878707092787 2.2010000000000001 -1 0 0 0 0 1 0 1 -0 
1 3.4822807362575734 1.4893717998159659 2.2010000000000001 0 -1 0 0 -0 -1 1 0 0 
9 0 0 0 0 3 1 4 2 2 2 3.6675655969455079 1.7853908785909167 2.2010000000000001  3.6675655969455079 1.7853908785909167 2.2000000000000002  
3.6901283437295156 1.7853908785909167 2.2010000000000001  3.6901283437295156 1.7853908785909167 2.2000000000000002  
3.7088959741191423 1.7893419586725774 2.2010000000000001  3.7088959741191423 1.7893419586725774 2.2000000000000002  
3.7238684881143671 1.7972441188372845 2.2010000000000001  3.7238684881143671 1.7972441188372845 2.2000000000000002  

0 4
1 4

0 2
1 2

9 0 0 0 0 3 1 4 2 2 2 3.5976938649689214 1.8131524149568266 2.2010000000000001  3.5976938649689214 1.8131524149568266 2.2000000000000002  
3.6151098100674854 1.7946447240466818 2.2010000000000001  3.6151098100674854 1.7946447240466818 2.2000000000000002  
3.6384003873927826 1.7853908785909167 2.2010000000000001  3.6384003873927826 1.7853908785909167 2.2000000000000002  
3.6675655969455079 1.7853908785909167 2.2010000000000001  3.6675655969455079 1.7853908785909167 2.2000000000000002  

1 4
2 4

0 2
1 2

9 0 0 0 0 3 1 4 2 2 2 3.5715959412693077 1.8866632996398383 2.2010000000000001  3.5715959412693077 1.8866632996398383 2.2000000000000002  
3.5715959412693077 1.8561983926918126 2.2010000000000001  3.5715959412693077 1.8561983926918126 2.2000000000000002  
3.5802779198703578 1.8316601058669721 2.2010000000000001  3.5802779198703578 1.8316601058669721 2.2000000000000002  
3.5976938649689214 1.8131524149568266 2.2010000000000001  3.5976938649689214 1.8131524149568266 2.2000000000000002  

2 4
3 4

0 2
1 2

9 0 0 0 0 3 1 4 2 2 2 3.6009691024050534 1.9656849012799822 2.2010000000000001  3.6009691024050534 1.9656849012799822 2.2000000000000002  
3.5813696656826326 1.945721549287265 2.2010000000000001  3.5813696656826326 1.945721549287265 2.2000000000000002  
3.5715959412693077 1.9194156740039268 2.2010000000000001  3.5715959412693077 1.9194156740039268 2.2000000000000002  
3.5715959412693077 1.8866632996398383 2.2010000000000001  3.5715959412693077 1.8866632996398383 2.2000000000000002  

3 4
4 4

0 2
1 2

9 0 0 0 0 3 1 4 2 2 2 3.6756757086925478 1.9956299292704403 2.2010000000000001  3.6756757086925478 1.9956299292704403 2.2000000000000002  
3.6454707412239951 1.9956299292704403 2.2010000000000001  3.6454707412239951 1.9956299292704403 2.2000000000000002  
3.6205685391281657 1.9856482532740822 2.2010000000000001  3.6205685391281657 1.9856482532740822 2.2000000000000002  
3.6009691024050534 1.9656849012799822 2.2010000000000001  3.6009691024050534 1.9656849012799822 2.2000000000000002  

4 4
5 4

0 2
1 2

9 0 0 0 0 3 1 4 2 2 2 3.7238684881143671 1.98731186593968 2.2010000000000001  3.7238684881143671 1.98731186593968 2.2000000000000002  
3.7111834415352014 1.9928225828968111 2.2010000000000001  3.7111834415352014 1.9928225828968111 2.2000000000000002  
3.6951191817276956 1.9956299292704403 2.2010000000000001  3.6951191817276956 1.9956299292704403 2.2000000000000002  
3.6756757086925478 1.9956299292704403 2.2010000000000001  3.6756757086925478 1.9956299292704403 2.2000000000000002  

5 4
6 4

0 2
1 2

1 3.7238684881143671 1.98731186593968 2.2010000000000001 -1 0 0 0 0 1 0 1 -0 
9 0 0 0 0 3 1 4 2 2 2 3.6759356481720227 1.9719234487777042 2.2010000000000001  3.6759356481720227 1.9719234487777042 2.2000000000000002  
3.6933515932698922 1.9719234487777042 2.2010000000000001  3.6933515932698922 1.9719234487777042 2.2000000000000002  
3.7093118772858902 1.967972368696044 2.2010000000000001  3.7093118772858902 1.967972368696044 2.2000000000000002  
3.7238684881143671 1.959862256949696 2.2010000000000001  3.7238684881143671 1.959862256949696 2.2000000000000002  

7 4
8 4

0 2
1 2

9 0 0 0 0 3 1 4 2 2 2 3.620516551232412 1.9493607019943864 2.2010000000000001  3.620516551232412 1.9493607019943864 2.2000000000000002  
3.634813222581422 1.964437191780436 2.2010000000000001  3.634813222581422 1.964437191780436 2.2000000000000002  
3.6532689255964983 1.9719234487777042 2.2010000000000001  3.6532689255964983 1.9719234487777042 2.2000000000000002  
3.6759356481720227 1.9719234487777042 2.2010000000000001  3.6759356481720227 1.9719234487777042 2.2000000000000002  

8 4
9 4

0 2
1 2

9 0 0 0 0 3 1 4 2 2 2 3.5991495260521886 1.8882229365153087 2.2010000000000001  3.5991495260521886 1.8882229365153087 2.2000000000000002  
3.5991495260521886 1.9138009812566685 2.2010000000000001  3.5991495260521886 1.9138009812566685 2.2000000000000002  
3.6062718677784704 1.934180236415437 2.2010000000000001  3.6062718677784704 1.934180236415437 2.2000000000000002  
3.620516551232412 1.9493607019943864 2.2010000000000001  3.620516551232412 1.9493607019943864 2.2000000000000002  

9 4
10 4

0 2
1 2

9 0 0 0 0 3 1 4 2 2 2 3.6191128780449069 1.830204444784401 2.2010000000000001  3.6191128780449069 1.830204444784401 2.2000000000000002  
3.6058039767159675 1.8445531040298573 2.2010000000000001  3.6058039767159675 1.8445531040298573 2.2000000000000002  
3.5991495260521886 1.8638926012734933 2.2010000000000001  3.5991495260521886 1.8638926012734933 2.2000000000000002  
3.5991495260521886 1.8882229365153087 2.2010000000000001  3.5991495260521886 1.8882229365153087 2.2000000000000002  

10 4
11 4

0 2
1 2

9 0 0 0 0 3 1 4 2 2 2 3.671360713339896 1.8087854317077268 2.2010000000000001  3.671360713339896 1.8087854317077268 2.2000000000000002  
3.6498377244724085 1.8087854317077268 2.2010000000000001  3.6498377244724085 1.8087854317077268 2.2000000000000002  
3.6324217793738458 1.8159597613304554 2.2010000000000001  3.6324217793738458 1.8159597613304554 2.2000000000000002  
3.6191128780449069 1.830204444784401 2.2010000000000001  3.6191128780449069 1.830204444784401 2.2000000000000002  

11 4
12 4

0 2
1 2

9 0 0 0 0 3 1 4 2 2 2 3.7238684881143671 1.8224062604125919 2.2010000000000001  3.7238684881143671 1.8224062604125919 2.2000000000000002  
3.7089999499106514 1.813360366539853 2.2010000000000001  3.7089999499106514 1.813360366539853 2.2000000000000002  
3.69148002902058 1.8087854317077268 2.2010000000000001  3.69148002902058 1.8087854317077268 2.2000000000000002  
3.671360713339896 1.8087854317077268 2.2010000000000001  3.671360713339896 1.8087854317077268 2.2000000000000002  

12 4
13 4

0 2
1 2

1 3.7238684881143671 1.8224062604125917 2.2010000000000001 -1 0 0 0 0 1 0 1 -0 
2 4.8431202380954108 0 2.0500000000000003 0 1 0 0 -0 1 1 0 -0 0.14999999999999997
2 0 2.3931202380954124 2.0500000000000003 -1 0 0 0 0 1 0 1 -0 0.14999999999999997
2 -4.8431202380954126 0 2.0500000000000003 0 -1 0 0 0 -1 1 0 0 0.14999999999999997
2 0 -2.3931202380954124 2.0500000000000003 1 0 0 0 0 -1 -0 1 0 0.14999999999999997
1 3.5632778779392353 1.8120086812487948 2.2010000000000001 -1 0 0 0 0 1 0 1 -0 
1 3.5632778779392353 1.7888220797150112 2.2010000000000001 0 1 -0 0 0 1 1 -0 0 
1 3.4560268488706805 1.7888220797150112 2.2010000000000001 1 0 0 0 0 -1 -0 1 0 
1 3.4560268488706805 1.9921987281463458 2.2010000000000001 0 -1 0 0 -0 -1 1 0 0 
1 3.4822807362575734 1.9921987281463458 2.2010000000000001 -1 0 0 0 0 1 0 1 -0 
1 3.4822807362575734 1.8120086812487948 2.2010000000000001 0 -1 0 0 -0 -1 1 0 0 
1 3.8739575433341908 1.8120086812487948 2.2010000000000001 -1 0 0 0 0 1 0 1 -0 
1 3.8739575433341908 1.7888220797150112 2.2010000000000001 0 1 -0 0 0 1 1 -0 0 
1 3.7645750105382292 1.7888220797150112 2.2010000000000001 1 0 0 0 0 -1 -0 1 0 
1 3.7645750105382292 1.9921987281463458 2.2010000000000001 0 -1 0 0 -0 -1 1 0 0 
1 3.8693306206070033 1.9921987281463458 2.2010000000000001 -1 0 0 0 0 1 0 1 -0 
1 3.8693306206070033 1.9688041750295353 2.2010000000000001 0 1 -0 0 0 1 1 -0 0 
1 3.7908288979251141 1.9688041750295353 2.2010000000000001 -1 0 0 0 0 1 0 1 -0 
1 3.7908288979251141 1.9037153294674112 2.2010000000000001 0 -1 0 0 -0 -1 1 0 0 
1 3.8635599641710847 1.9037153294674112 2.2010000000000001 -1 0 0 0 0 1 0 1 -0 
1 3.8635599641710847 1.8804247521421142 2.2010000000000001 0 1 -0 0 0 1 1 -0 0 
1 3.7908288979251141 1.8804247521421142 2.2010000000000001 -1 0 0 0 0 1 0 1 -0 
1 3.7908288979251141 1.8120086812487948 2.2010000000000001 0 -1 0 0 -0 -1 1 0 0 
1 3.9683155742405529 1.7888220797150112 2.2010000000000001 0 1 -0 0 0 1 1 -0 0 
1 3.9123765983426777 1.7888220797150112 2.2010000000000001 1 0 0 0 0 -1 -0 1 0 
1 3.9123765983426777 1.9921987281463458 2.2010000000000001 0 -1 0 0 -0 -1 1 0 0 
9 0 0 0 0 3 1 4 2 2 2 4.0472851879849356 1.965268998113928 2.2010000000000001  4.0472851879849356 1.965268998113928 2.2000000000000002  
4.026853944929031 1.9832568100665062 2.2010000000000001  4.026853944929031 1.9832568100665062 2.2000000000000002  
4.0012239122919118 1.9921987281463458 2.2010000000000001  4.0012239122919118 1.9921987281463458 2.2000000000000002  
3.9703950900735863 1.9921987281463458 2.2010000000000001  3.9703950900735863 1.9921987281463458 2.2000000000000002  

2 4
3 4

0 2
1 2

9 0 0 0 0 3 1 4 2 2 2 4.0779580465159908 1.893109798721974 2.2010000000000001  4.0779580465159908 1.893109798721974 2.2000000000000002  
4.0779580465159908 1.9232627782940741 2.2010000000000001  4.0779580465159908 1.9232627782940741 2.2000000000000002  
4.06771643104085 1.9472811861613495 2.2010000000000001  4.06771643104085 1.9472811861613495 2.2000000000000002  
4.0472851879849356 1.965268998113928 2.2010000000000001  4.0472851879849356 1.965268998113928 2.2000000000000002  

3 4
4 4

0 2
1 2

9 0 0 0 0 3 1 4 2 2 2 4.0472851879849356 1.8173114466215134 2.2010000000000001  4.0472851879849356 1.8173114466215134 2.2000000000000002  
4.06771643104085 1.8363390164906102 2.2010000000000001  4.06771643104085 1.8363390164906102 2.2000000000000002  
4.0779580465159908 1.8616051338574304 2.2010000000000001  4.0779580465159908 1.8616051338574304 2.2000000000000002  
4.0779580465159908 1.893109798721974 2.2010000000000001  4.0779580465159908 1.893109798721974 2.2000000000000002  

4 4
5 4

0 2
1 2

9 0 0 0 0 3 1 4 2 2 2 3.9683155742405534 1.7888220797150112 2.2010000000000001  3.9683155742405534 1.7888220797150112 2.2000000000000002  
4.0004960817499358 1.7888220797150112 2.2010000000000001  4.0004960817499358 1.7888220797150112 2.2000000000000002  
4.026853944929031 1.798283876753803 2.2010000000000001  4.026853944929031 1.798283876753803 2.2000000000000002  
4.0472851879849356 1.8173114466215134 2.2010000000000001  4.0472851879849356 1.8173114466215134 2.2000000000000002  

5 4
6 4

0 2
1 2

1 4.1947748484141565 1.9921987281463458 2.2010000000000001 -0.93451043874174644 -0.35593572436987636 0 0.35593572436987636 -0.93451043874174644 0 0 0 1 
1 4.2722368131802124 1.7888220797150112 2.2010000000000001 0 1 -0 0 0 1 1 -0 0 
1 4.2432275673147597 1.7888220797150112 2.2010000000000001 0.93697534595448007 0.34939547946915744 -0 -0.34939547946915744 0.93697534595448007 0 0 0 1 
1 4.22248439688431 1.8444491282383437 2.2010000000000001 0 1 -0 0 0 1 1 -0 0 
1 4.1377961145997695 1.8444491282383437 2.2010000000000001 -0.94344523308249606 0.3315284183503952 0 -0.3315284183503952 -0.94344523308249606 0 0 0 1 
1 4.1182486657731046 1.7888220797150112 2.2010000000000001 0 1 -0 0 0 1 1 -0 0 
1 4.0892394199090374 1.7888220797150112 2.2010000000000001 0.93451043874386763 -0.35593572436430732 0 0.35593572436430732 0.93451043874386763 0 -0 0 1 
1 4.166701384673706 1.9921987281463458 2.2010000000000001 0 -1 0 0 -0 -1 1 0 0 
9 0 0 0 0 3 1 4 2 2 2 3.7829267377611009 1.4835491554842941 2.2010000000000001  3.7829267377611009 1.4835491554842941 2.2000000000000002  
3.7679542237658694 1.4835491554842941 2.2010000000000001  3.7679542237658694 1.4835491554842941 2.2000000000000002  
3.7540214676871657 1.488228066107929 2.2010000000000001  3.7540214676871657 1.488228066107929 2.2000000000000002  
3.7410244937334562 1.4975858873538213 2.2010000000000001  3.7410244937334562 1.4975858873538213 2.2000000000000002  

0 4
1 4

0 2
1 2

9 0 0 0 0 3 1 4 2 2 2 3.8129757415423819 1.503200580102467 2.2010000000000001  3.8129757415423819 1.503200580102467 2.2000000000000002  
3.8129757415423819 1.4900996303565559 2.2010000000000001  3.8129757415423819 1.4900996303565559 2.2000000000000002  
3.8029420776502674 1.4835491554842941 2.2010000000000001  3.8029420776502674 1.4835491554842941 2.2000000000000002  
3.7829267377611009 1.4835491554842941 2.2010000000000001  3.7829267377611009 1.4835491554842941 2.2000000000000002  

1 4
2 4

0 2
1 2

9 0 0 0 0 3 1 4 2 2 2 3.8064252666694265 1.5170293603889695 2.2010000000000001  3.8064252666694265 1.5170293603889695 2.2000000000000002  
3.8107922499185256 1.5133902076818539 2.2010000000000001  3.8107922499185256 1.5133902076818539 2.2000000000000002  
3.8129757415423819 1.5088152728511139 2.2010000000000001  3.8129757415423819 1.5088152728511139 2.2000000000000002  
3.8129757415423819 1.503200580102467 2.2010000000000001  3.8129757415423819 1.503200580102467 2.2000000000000002  

2 4
3 4

0 2
1 2

9 0 0 0 0 3 1 4 2 2 2 3.7797554761164869 1.5300263343433718 2.2010000000000001  3.7797554761164869 1.5300263343433718 2.2000000000000002  
3.7931683532369345 1.5250354963451913 2.2010000000000001  3.7931683532369345 1.5250354963451913 2.2000000000000002  
3.8020582834210193 1.520668513096092 2.2010000000000001  3.8020582834210193 1.520668513096092 2.2000000000000002  
3.8064252666694265 1.5170293603889695 2.2010000000000001  3.8064252666694265 1.5170293603889695 2.2000000000000002  

3 4
4 4

0 2
1 2

9 0 0 0 0 3 1 4 2 2 2 3.7484067749392116 1.5492618557954934 2.2010000000000001  3.7484067749392116 1.5492618557954934 2.2000000000000002  
3.7531896613543654 1.5429193325062567 2.2010000000000001  3.7531896613543654 1.5429193325062567 2.2000000000000002  
3.7636912163089811 1.5364728334241247 2.2010000000000001  3.7636912163089811 1.5364728334241247 2.2000000000000002  
3.7797554761164869 1.5300263343433718 2.2010000000000001  3.7797554761164869 1.5300263343433718 2.2000000000000002  

4 4
5 4

0 2
1 2

9 0 0 0 0 3 1 4 2 2 2 3.7411804574207275 1.5722405057462547 2.2010000000000001  3.7411804574207275 1.5722405057462547 2.2000000000000002  
3.7411804574207275 1.5632985876650292 2.2010000000000001  3.7411804574207275 1.5632985876650292 2.2000000000000002  
3.743571900628305 1.5556043790847289 2.2010000000000001  3.743571900628305 1.5556043790847289 2.2000000000000002  
3.7484067749392116 1.5492618557954934 2.2010000000000001  3.7484067749392116 1.5492618557954934 2.2000000000000002  

5 4
6 4

0 2
1 2

9 0 0 0 0 3 1 4 2 2 2 3.7575046567070167 1.6032252916518439 2.2010000000000001  3.7575046567070167 1.6032252916518439 2.2000000000000002  
3.746639186481409 1.5954271072800343 2.2010000000000001  3.746639186481409 1.5954271072800343 2.2000000000000002  
3.7411804574207275 1.5851335039077536 2.2010000000000001  3.7411804574207275 1.5851335039077536 2.2000000000000002  
3.7411804574207275 1.5722405057462547 2.2010000000000001  3.7411804574207275 1.5722405057462547 2.2000000000000002  

6 4
7 4

0 2
1 2

9 0 0 0 0 3 1 4 2 2 2 3.7977432880683684 1.6147666045236735 2.2010000000000001  3.7977432880683684 1.6147666045236735 2.2000000000000002  
3.7818349919488261 1.6147666045236735 2.2010000000000001  3.7818349919488261 1.6147666045236735 2.2000000000000002  
3.7684221148283781 1.6109195002335235 2.2010000000000001  3.7684221148283781 1.6109195002335235 2.2000000000000002  
3.7575046567070167 1.6032252916518439 2.2010000000000001  3.7575046567070167 1.6032252916518439 2.2000000000000002  

7 4
8 4

0 2
1 2

9 0 0 0 0 3 1 4 2 2 2 3.8321592750987485 1.6083201054415333 2.2010000000000001  3.8321592750987485 1.6083201054415333 2.2000000000000002  
3.8215537443519292 1.6126870886906328 2.2010000000000001  3.8215537443519292 1.6126870886906328 2.2000000000000002  
3.8101164072723033 1.6147666045236735 2.2010000000000001  3.8101164072723033 1.6147666045236735 2.2000000000000002  
3.7977432880683684 1.6147666045236735 2.2010000000000001  3.7977432880683684 1.6147666045236735 2.2000000000000002  

8 4
9 4

0 2
1 2

1 3.8321592750987485 1.608320105441533 2.2010000000000001 -1 0 0 0 0 1 0 1 -0 
9 0 0 0 0 3 1 4 2 2 2 3.795247869069283 1.594075421988979 2.2010000000000001  3.795247869069283 1.594075421988979 2.2000000000000002  
3.809024661460723 1.594075421988979 2.2010000000000001  3.809024661460723 1.594075421988979 2.2000000000000002  
3.8212938048731409 1.590540245073373 2.2010000000000001  3.8212938048731409 1.590540245073373 2.2000000000000002  
3.8321592750987485 1.5835738670336705 2.2010000000000001  3.8321592750987485 1.5835738670336705 2.2000000000000002  

10 4
11 4

0 2
1 2

9 0 0 0 0 3 1 4 2 2 2 3.7751805412843615 1.5886686808233585 2.2010000000000001  3.7751805412843615 1.5886686808233585 2.2000000000000002  
3.7803273429698052 1.5923078335304823 2.2010000000000001  3.7803273429698052 1.5923078335304823 2.2000000000000002  
3.787033781530726 1.594075421988979 2.2010000000000001  3.787033781530726 1.594075421988979 2.2000000000000002  
3.795247869069283 1.594075421988979 2.2010000000000001  3.795247869069283 1.594075421988979 2.2000000000000002  

11 4
12 4

0 2
1 2

9 0 0 0 0 3 1 4 2 2 2 3.7674343448076133 1.5745279731623139 2.2010000000000001  3.7674343448076133 1.5745279731623139 2.2000000000000002  
3.7674343448076133 1.5803506174925996 2.2010000000000001  3.7674343448076133 1.5803506174925996 2.2000000000000002  
3.770033739598909 1.5851335039077536 2.2010000000000001  3.770033739598909 1.5851335039077536 2.2000000000000002  
3.7751805412843615 1.5886686808233585 2.2010000000000001  3.7751805412843615 1.5886686808233585 2.2000000000000002  

12 4
13 4

0 2
1 2

9 0 0 0 0 3 1 4 2 2 2 3.7729970496598111 1.5610111202503483 2.2010000000000001  3.7729970496598111 1.5610111202503483 2.2000000000000002  
3.7693059090569334 1.5642343697900316 2.2010000000000001  3.7693059090569334 1.5642343697900316 2.2000000000000002  
3.7674343448076133 1.5687053288306403 2.2010000000000001  3.7674343448076133 1.5687053288306403 2.2000000000000002  
3.7674343448076133 1.5745279731623139 2.2010000000000001  3.7674343448076133 1.5745279731623139 2.2000000000000002  

13 4
14 4

0 2
1 2

9 0 0 0 0 3 1 4 2 2 2 3.7977432880683684 1.5485340252535165 2.2010000000000001  3.7977432880683684 1.5485340252535165 2.2000000000000002  
3.7849542656976931 1.5535248632516965 2.2010000000000001  3.7849542656976931 1.5535248632516965 2.2000000000000002  
3.7767401781591379 1.5576838949177696 2.2010000000000001  3.7767401781591379 1.5576838949177696 2.2000000000000002  
3.7729970496598111 1.5610111202503483 2.2010000000000001  3.7729970496598111 1.5610111202503483 2.2000000000000002  

14 4
15 4

0 2
1 2

9 0 0 0 0 3 1 4 2 2 2 3.8305996382239726 1.5297144069688347 2.2010000000000001  3.8305996382239726 1.5297144069688347 2.2000000000000002  
3.824880969684509 1.5361609060495809 2.2010000000000001  3.824880969684509 1.5361609060495809 2.2000000000000002  
3.8139635115631472 1.5425034293388165 2.2010000000000001  3.8139635115631472 1.5425034293388165 2.2000000000000002  
3.7977432880683684 1.5485340252535165 2.2010000000000001  3.7977432880683684 1.5485340252535165 2.2000000000000002  

15 4
16 4

0 2
1 2

9 0 0 0 0 3 1 4 2 2 2 3.8391256531377578 1.5056959991015539 2.2010000000000001  3.8391256531377578 1.5056959991015539 2.2000000000000002  
3.8391256531377578 1.5152617719318602 2.2010000000000001  3.8391256531377578 1.5152617719318602 2.2000000000000002  
3.8362663188676809 1.523267907888082 2.2010000000000001  3.8362663188676809 1.523267907888082 2.2000000000000002  
3.8305996382239726 1.5297144069688347 2.2010000000000001  3.8305996382239726 1.5297144069688347 2.2000000000000002  

16 4
17 4

0 2
1 2

9 0 0 0 0 3 1 4 2 2 2 3.8227494659557149 1.4742953100285232 2.2010000000000001  3.8227494659557149 1.4742953100285232 2.2000000000000002  
3.8336669240770767 1.4818855428186937 2.2010000000000001  3.8336669240770767 1.4818855428186937 2.2000000000000002  
3.8391256531377578 1.4923870977726148 2.2010000000000001  3.8391256531377578 1.4923870977726148 2.2000000000000002  
3.8391256531377578 1.5056959991015539 2.2010000000000001  3.8391256531377578 1.5056959991015539 2.2000000000000002  

17 4
18 4

0 2
1 2

9 0 0 0 0 3 1 4 2 2 2 3.7804313187620155 1.462753997158081 2.2010000000000001  3.7804313187620155 1.462753997158081 2.2000000000000002  
3.7977432880683684 1.462753997158081 2.2010000000000001  3.7977432880683684 1.462753997158081 2.2000000000000002  
3.8118839957301072 1.4666011014482312 2.2010000000000001  3.8118839957301072 1.4666011014482312 2.2000000000000002  
3.8227494659557149 1.4742953100285232 2.2010000000000001  3.8227494659557149 1.4742953100285232 2.2000000000000002  

18 4
19 4

0 2
1 2

9 0 0 0 0 3 1 4 2 2 2 3.7410244937334562 1.4712800120718745 2.2010000000000001  3.7410244937334562 1.4712800120718745 2.2000000000000002  
3.7522538792293618 1.4656653193232287 2.2010000000000001  3.7522538792293618 1.4656653193232287 2.2000000000000002  
3.7653548289752741 1.462753997158081 2.2010000000000001  3.7653548289752741 1.462753997158081 2.2000000000000002  
3.7804313187620155 1.462753997158081 2.2010000000000001  3.7804313187620155 1.462753997158081 2.2000000000000002  

19 4
20 4

0 2
1 2

1 3.7410244937334558 1.4712800120718743 2.2010000000000001 1 0 0 0 0 -1 -0 1 0 
1 4.1286462449369044 1.4893717998159659 2.2010000000000001 -1 0 0 0 0 1 0 1 -0 
1 4.1286462449369044 1.4661851982821781 2.2010000000000001 0 1 -0 0 0 1 1 -0 0 
1 4.0192637121402495 1.4661851982821781 2.2010000000000001 1 0 0 0 0 -1 -0 1 0 
1 4.0192637121402495 1.6695618467135114 2.2010000000000001 0 -1 0 0 -0 -1 1 0 0 
1 4.1240193222090156 1.6695618467135114 2.2010000000000001 -1 0 0 0 0 1 0 1 -0 
1 4.1240193222090156 1.6461672935967024 2.2010000000000001 0 1 -0 0 0 1 1 -0 0 
1 4.0455175995278267 1.6461672935967024 2.2010000000000001 -1 0 0 0 0 1 0 1 -0 
1 4.0455175995278267 1.5810784480345756 2.2010000000000001 0 -1 0 0 -0 -1 1 0 0 
1 4.1182486657731046 1.5810784480345756 2.2010000000000001 -1 0 0 0 0 1 0 1 -0 
1 4.1182486657731046 1.5577878707092787 2.2010000000000001 0 1 -0 0 0 1 1 -0 0 
1 4.0455175995278267 1.5577878707092787 2.2010000000000001 -1 0 0 0 0 1 0 1 -0 
1 4.0455175995278267 1.4893717998159659 2.2010000000000001 0 -1 0 0 -0 -1 1 0 0 
1 4.223004275843266 1.4661851982821781 2.2010000000000001 0 1 -0 0 0 1 1 -0 0 
1 4.1670652999453921 1.4661851982821781 2.2010000000000001 1 0 0 0 0 -1 -0 1 0 
1 4.1670652999453921 1.6695618467135114 2.2010000000000001 0 -1 0 0 -0 -1 1 0 0 
9 0 0 0 0 3 1 4 2 2 2 4.3019738895862636 1.6426321166810938 2.2010000000000001  4.3019738895862636 1.6426321166810938 2.2000000000000002  
4.2815426465317374 1.660619928632286 2.2010000000000001  4.2815426465317374 1.660619928632286 2.2000000000000002  
4.2559126138932379 1.6695618467135114 2.2010000000000001  4.2559126138932379 1.6695618467135114 2.2000000000000002  
4.225083791674912 1.6695618467135114 2.2010000000000001  4.225083791674912 1.6695618467135114 2.2000000000000002  

2 4
3 4

0 2
1 2

9 0 0 0 0 3 1 4 2 2 2 4.3326467481187043 1.5704729172877581 2.2010000000000001  4.3326467481187043 1.5704729172877581 2.2000000000000002  
4.3326467481187043 1.6006258968612412 2.2010000000000001  4.3326467481187043 1.6006258968612412 2.2000000000000002  
4.3224051326421753 1.6246443047285153 2.2010000000000001  4.3224051326421753 1.6246443047285153 2.2000000000000002  
4.3019738895862636 1.6426321166810938 2.2010000000000001  4.3019738895862636 1.6426321166810938 2.2000000000000002  

3 4
4 4

0 2
1 2

9 0 0 0 0 3 1 4 2 2 2 4.3019738895862636 1.4946745651886819 2.2010000000000001  4.3019738895862636 1.4946745651886819 2.2000000000000002  
4.3224051326421753 1.5137021350577771 2.2010000000000001  4.3224051326421753 1.5137021350577771 2.2000000000000002  
4.3326467481187043 1.5389682524232113 2.2010000000000001  4.3326467481187043 1.5389682524232113 2.2000000000000002  
4.3326467481187043 1.5704729172877581 2.2010000000000001  4.3326467481187043 1.5704729172877581 2.2000000000000002  

4 4
5 4

0 2
1 2

9 0 0 0 0 3 1 4 2 2 2 4.2230042758432669 1.4661851982821783 2.2010000000000001  4.2230042758432669 1.4661851982821783 2.2000000000000002  
4.2551847833526404 1.4661851982821783 2.2010000000000001  4.2551847833526404 1.4661851982821783 2.2000000000000002  
4.2815426465317374 1.4756469953195879 2.2010000000000001  4.2815426465317374 1.4756469953195879 2.2000000000000002  
4.3019738895862636 1.4946745651886819 2.2010000000000001  4.3019738895862636 1.4946745651886819 2.2000000000000002  

5 4
6 4

0 2
1 2

1 4.4494635500168709 1.6695618467135114 2.2010000000000001 -0.93451043874386663 -0.3559357243643097 0 0.3559357243643097 -0.93451043874386663 0 0 0 1 
1 4.5269255147815395 1.4661851982821781 2.2010000000000001 0 1 -0 0 0 1 1 -0 0 
1 4.4979162689174723 1.4661851982821781 2.2010000000000001 0.93697534594397691 0.34939547949732402 -0 -0.34939547949732402 0.93697534594397691 0 0 0 1 
1 4.4771730984856353 1.521812246804122 2.2010000000000001 0 1 -0 0 0 1 1 -0 0 
1 4.3924848162010894 1.521812246804122 2.2010000000000001 -0.94344523307994432 0.33152841835765706 0 -0.33152841835765706 -0.94344523307994432 0 0 0 1 
1 4.3729373673744316 1.4661851982821781 2.2010000000000001 0 1 -0 0 0 1 1 -0 0 
1 4.3439281215089771 1.4661851982821781 2.2010000000000001 0.93451043874174555 -0.35593572436987864 0 0.35593572436987864 0.93451043874174555 0 -0 0 1 
1 4.421390086275033 1.6695618467135114 2.2010000000000001 0 -1 0 0 -0 -1 1 0 0 
9 0 0 0 0 3 1 4 2 2 2 3.2894653185758247 1.667918058720528 2.2010000000000001  3.2894653185758247 1.667918058720528 2.2000000000000002  
3.2880193534688993 1.7546772337949383 2.2010000000000001  3.2880193534688993 1.7546772337949383 2.2000000000000002  
3.2287338463794266 1.8313145703828719 2.2010000000000001  3.2287338463794266 1.8313145703828719 2.2000000000000002  
3.1463126217851469 1.8573423284223076 2.2010000000000001  3.1463126217851469 1.8573423284223076 2.2000000000000002  

35 4
36 4

0 2
1 2

9 0 0 0 0 3 1 4 2 2 2 3.2359637822320666 1.5305492775162184 2.2010000000000001  3.2359637822320666 1.5305492775162184 2.2000000000000002  
3.2706674963904172 1.5681449218870345 2.2010000000000001  3.2706674963904172 1.5681449218870345 2.2000000000000002  
3.2894653185758247 1.6173085077506648 2.2010000000000001  3.2894653185758247 1.6173085077506648 2.2000000000000002  
3.2894653185758247 1.667918058720528 2.2010000000000001  3.2894653185758247 1.667918058720528 2.2000000000000002  

34 4
35 4

0 2
1 2

9 0 0 0 0 3 1 4 2 2 2 3.1043789717748504 1.4654798548396897 2.2010000000000001  3.1043789717748504 1.4654798548396897 2.2000000000000002  
3.1549885227440231 1.469817805319819 2.2010000000000001  3.1549885227440231 1.469817805319819 2.2000000000000002  
3.2012601232351385 1.4929536331453943 2.2010000000000001  3.2012601232351385 1.4929536331453943 2.2000000000000002  
3.2359637822320666 1.5305492775162184 2.2010000000000001  3.2359637822320666 1.5305492775162184 2.2000000000000002  

33 4
34 4

0 2
1 2

1 3.1000410212947211 1.4654798548396897 2.2010000000000001 0 1 0 0 -0 1 1 0 -0 
9 0 0 0 0 3 1 4 2 2 2 2.9771321117963803 1.5103054350645331 2.2010000000000001  2.9771321117963803 1.5103054350645331 2.2000000000000002  
2.9771321117963803 1.4871696623989952 2.2010000000000001  2.9771321117963803 1.4871696623989952 2.2000000000000002  
2.9959299339810967 1.4669258199459223 2.2010000000000001  2.9959299339810967 1.4669258199459223 2.2000000000000002  
3.0190657618066763 1.4654798548396897 2.2010000000000001  3.0190657618066763 1.4654798548396897 2.2000000000000002  

28 4
29 4

0 2
1 2

9 0 0 0 0 3 1 4 2 2 2 3.0219576920198388 1.5551310152879887 2.2010000000000001  3.0219576920198388 1.5551310152879887 2.2000000000000002  
2.9973758990880253 1.5551310152879887 2.2010000000000001  2.9973758990880253 1.5551310152879887 2.2000000000000002  
2.9771321117963803 1.53488717283631 2.2010000000000001  2.9771321117963803 1.53488717283631 2.2000000000000002  
2.9771321117963803 1.5103054350645331 2.2010000000000001  2.9771321117963803 1.5103054350645331 2.2000000000000002  

27 4
28 4

0 2
1 2

9 0 0 0 0 3 1 4 2 2 2 3.0306335929794082 1.5536850501817563 2.2010000000000001  3.0306335929794082 1.5536850501817563 2.2000000000000002  
3.027741607606206 1.5536850501817563 2.2010000000000001  3.027741607606206 1.5536850501817563 2.2000000000000002  
3.0248496222330035 1.5551310152879887 2.2010000000000001  3.0248496222330035 1.5551310152879887 2.2000000000000002  
3.0219576920198388 1.5551310152879887 2.2010000000000001  3.0219576920198388 1.5551310152879887 2.2000000000000002  

26 4
27 4

0 2
1 2

1 3.095703015655245 1.5536850501817563 2.2010000000000001 0 -1 0 0 -0 -1 1 0 0 
9 0 0 0 0 3 1 4 2 2 2 3.1998141029681757 1.666472038454254 2.2010000000000001  3.1998141029681757 1.666472038454254 2.2000000000000002  
3.1998141029681757 1.6071865589441103 2.2010000000000001  3.1998141029681757 1.6071865589441103 2.2000000000000002  
3.1549885227440231 1.5580230006618854 2.2010000000000001  3.1549885227440231 1.5580230006618854 2.2000000000000002  
3.095703015655245 1.5536850501817563 2.2010000000000001  3.095703015655245 1.5536850501817563 2.2000000000000002  

24 4
25 4

0 2
1 2

9 0 0 0 0 3 1 4 2 2 2 3.0870271146956765 1.7792590267267527 2.2010000000000001  3.0870271146956765 1.7792590267267527 2.2000000000000002  
3.1492045519983116 1.7792590267267527 2.2010000000000001  3.1492045519983116 1.7792590267267527 2.2000000000000002  
3.1998141029681757 1.7286494757568887 2.2010000000000001  3.1998141029681757 1.7286494757568887 2.2000000000000002  
3.1998141029681757 1.666472038454254 2.2010000000000001  3.1998141029681757 1.666472038454254 2.2000000000000002  

23 4
24 4

0 2
1 2

1 3.0754592283629054 1.7792590267267527 2.2010000000000001 0 1 0 0 -0 1 1 0 -0 
9 0 0 0 0 3 1 4 2 2 2 2.8730210244827563 1.9600074230482909 2.2010000000000001  2.8730210244827563 1.9600074230482909 2.2000000000000002  
2.9771321117963803 1.9600074230482909 2.2010000000000001  2.9771321117963803 1.9600074230482909 2.2000000000000002  
3.0638913420301366 1.8804781286664816 2.2010000000000001  3.0638913420301366 1.8804781286664816 2.2000000000000002  
3.0754592283629054 1.7792590267267527 2.2010000000000001  3.0754592283629054 1.7792590267267527 2.2000000000000002  

21 4
22 4

0 2
1 2

9 0 0 0 0 3 1 4 2 2 2 2.6792587767215195 1.821192731896395 2.2010000000000001  2.6792587767215195 1.821192731896395 2.2000000000000002  
2.7067324998664977 1.9021679362257868 2.2010000000000001  2.7067324998664977 1.9021679362257868 2.2000000000000002  
2.7819238437681766 1.9600074230482909 2.2010000000000001  2.7819238437681766 1.9600074230482909 2.2000000000000002  
2.8730210244827563 1.9600074230482909 2.2010000000000001  2.8730210244827563 1.9600074230482909 2.2000000000000002  

20 4
21 4

0 2
1 2

9 0 0 0 0 3 1 4 2 2 2 2.602621467712912 1.8428825394557002 2.2010000000000001  2.602621467712912 1.8428825394557002 2.2000000000000002  
2.6300952184386026 1.8428825394557002 2.2010000000000001  2.6300952184386026 1.8428825394557002 2.2000000000000002  
2.6575689691636 1.834206610916806 2.2010000000000001  2.6575689691636 1.834206610916806 2.2000000000000002  
2.6792587767215195 1.821192731896395 2.2010000000000001  2.6792587767215195 1.821192731896395 2.2000000000000002  

19 4
20 4

0 2
1 2

9 0 0 0 0 3 1 4 2 2 2 2.458022750655958 1.6982838223987471 2.2010000000000001  2.458022750655958 1.6982838223987471 2.2000000000000002  
2.458022750655958 1.7778131167805564 2.2010000000000001  2.458022750655958 1.7778131167805564 2.2000000000000002  
2.5230921733317944 1.8428825394557002 2.2010000000000001  2.5230921733317944 1.8428825394557002 2.2000000000000002  
2.602621467712912 1.8428825394557002 2.2010000000000001  2.602621467712912 1.8428825394557002 2.2000000000000002  

18 4
19 4

0 2
1 2

9 0 0 0 0 3 1 4 2 2 2 2.5447819808904084 1.5652529916745697 2.2010000000000001  2.5447819808904084 1.5652529916745697 2.2000000000000002  
2.4941724299205439 1.5883887919187392 2.2010000000000001  2.4941724299205439 1.5883887919187392 2.2000000000000002  
2.458022750655958 1.6389983428886024 2.2010000000000001  2.458022750655958 1.6389983428886024 2.2000000000000002  
2.458022750655958 1.6982838223987471 2.2010000000000001  2.458022750655958 1.6982838223987471 2.2000000000000002  

17 4
18 4

0 2
1 2

9 0 0 0 0 3 1 4 2 2 2 2.6807047694084676 1.6606881504479074 2.2010000000000001  2.6807047694084676 1.6606881504479074 2.2000000000000002  
2.6185273045258133 1.6606881504479074 2.2010000000000001  2.6185273045258133 1.6606881504479074 2.2000000000000002  
2.5650257957627658 1.6202005207045798 2.2010000000000001  2.5650257957627658 1.6202005207045798 2.2000000000000002  
2.5447819808904084 1.5652529916745697 2.2010000000000001  2.5447819808904084 1.5652529916745697 2.2000000000000002  

16 4
17 4

0 2
1 2

9 0 0 0 0 3 1 4 2 2 2 2.7891538072015285 1.6115245921643018 2.2010000000000001  2.7891538072015285 1.6115245921643018 2.2000000000000002  
2.7631260491627856 1.6418903282624975 2.2010000000000001  2.7631260491627856 1.6418903282624975 2.2000000000000002  
2.7240843845256917 1.6606881504479074 2.2010000000000001  2.7240843845256917 1.6606881504479074 2.2000000000000002  
2.6807047694084676 1.6606881504479074 2.2010000000000001  2.6807047694084676 1.6606881504479074 2.2000000000000002  

15 4
16 4

0 2
1 2

1 2.9829160825420917 1.7127436941040266 2.2010000000000001 0.46301806538669399 -0.88634884279586179 0 0.88634884279586179 0.46301806538669399 0 -0 0 1 
1 3.0277416627662443 1.636106357516093 2.2010000000000001 -0.86318775894121735 -0.5048830486499214 0 0.5048830486499214 -0.86318775894121735 0 0 0 1 
1 2.8253034588860939 1.5291033124099775 2.2010000000000001 -0.46730730675455612 0.88409495024788098 0 -0.88409495024788098 -0.46730730675455612 0 0 0 1 
1 2.8253034588860939 1.5146434407033122 2.2010000000000001 -1 0 0 0 0 1 0 1 -0 
9 0 0 0 0 3 1 4 2 2 2 2.6807047418284475 1.3700447236463642 2.2010000000000001  2.6807047418284475 1.3700447236463642 2.2000000000000002  
2.7602340362095639 1.3700447236463642 2.2010000000000001  2.7602340362095639 1.3700447236463642 2.2000000000000002  
2.8253034588860939 1.4351141463215054 2.2010000000000001  2.8253034588860939 1.4351141463215054 2.2000000000000002  
2.8253034588860939 1.5146434407033122 2.2010000000000001  2.8253034588860939 1.5146434407033122 2.2000000000000002  

10 4
11 4

0 2
1 2

9 0 0 0 0 3 1 4 2 2 2 2.5433359468334316 1.4683718402135797 2.2010000000000001  2.5433359468334316 1.4683718402135797 2.2000000000000002  
2.5621337828088508 1.410532353389691 2.2010000000000001  2.5621337828088508 1.410532353389691 2.2000000000000002  
2.6170812842588451 1.3700447236463642 2.2010000000000001  2.6170812842588451 1.3700447236463642 2.2000000000000002  
2.6807047418284475 1.3700447236463642 2.2010000000000001  2.6807047418284475 1.3700447236463642 2.2000000000000002  

9 4
10 4

0 2
1 2

9 0 0 0 0 3 1 4 2 2 2 2.4276569731884234 1.5377792133688581 2.2010000000000001  2.4276569731884234 1.5377792133688581 2.2000000000000002  
2.4594686881821746 1.5030754992105073 2.2010000000000001  2.4594686881821746 1.5030754992105073 2.2000000000000002  
2.4985103528199621 1.4799397265463488 2.2010000000000001  2.4985103528199621 1.4799397265463488 2.2000000000000002  
2.5433359468334316 1.4683718402135797 2.2010000000000001  2.5433359468334316 1.4683718402135797 2.2000000000000002  

8 4
9 4

0 2
1 2

9 0 0 0 0 3 1 4 2 2 2 2.3669255147820336 1.6953917818661988 2.2010000000000001  2.3669255147820336 1.6953917818661988 2.2000000000000002  
2.3669255147820336 1.6375522950423089 2.2010000000000001  2.3669255147820336 1.6375522950423089 2.2000000000000002  
2.3886153223399531 1.5811587733260442 2.2010000000000001  2.3886153223399531 1.5811587733260442 2.2000000000000002  
2.4276569731884234 1.5377792133688581 2.2010000000000001  2.4276569731884234 1.5377792133688581 2.2000000000000002  

7 4
8 4

0 2
1 2

9 0 0 0 0 3 1 4 2 2 2 2.4348869504110922 1.8602343000048072 2.2010000000000001  2.4348869504110922 1.8602343000048072 2.2000000000000002  
2.3915072973709943 1.8168546986775922 2.2010000000000001  2.3915072973709943 1.8168546986775922 2.2000000000000002  
2.3669255147820336 1.7575692191674477 2.2010000000000001  2.3669255147820336 1.7575692191674477 2.2000000000000002  
2.3669255147820336 1.6953917818661988 2.2010000000000001  2.3669255147820336 1.6953917818661988 2.2000000000000002  

6 4
7 4

0 2
1 2

9 0 0 0 0 3 1 4 2 2 2 2.6011754750266576 1.9296416869500927 2.2010000000000001  2.6011754750266576 1.9296416869500927 2.2000000000000002  
2.5389980239340133 1.9296416869500927 2.2010000000000001  2.5389980239340133 1.9296416869500927 2.2000000000000002  
2.4797125582145698 1.9050599078096726 2.2010000000000001  2.4797125582145698 1.9050599078096726 2.2000000000000002  
2.4348869504110922 1.8602343000048072 2.2010000000000001  2.4348869504110922 1.8602343000048072 2.2000000000000002  

5 4
6 4

0 2
1 2

9 0 0 0 0 3 1 4 2 2 2 2.6344331689180405 1.9267497153675914 2.2010000000000001  2.6344331689180405 1.9267497153675914 2.2000000000000002  
2.6228652825852703 1.9281957080538463 2.2010000000000001  2.6228652825852703 1.9281957080538463 2.2000000000000002  
2.6127433613594278 1.9296416869500927 2.2010000000000001  2.6127433613594278 1.9296416869500927 2.2000000000000002  
2.6011754750266576 1.9296416869500927 2.2010000000000001  2.6011754750266576 1.9296416869500927 2.2000000000000002  

4 4
5 4

0 2
1 2

9 0 0 0 0 3 1 4 2 2 2 2.6980565989069296 1.9903731522507928 2.2010000000000001  2.6980565989069296 1.9903731522507928 2.2000000000000002  
2.6734748059751148 1.9730213020673175 2.2010000000000001  2.6734748059751148 1.9730213020673175 2.2000000000000002  
2.6532309911034502 1.9513314945093965 2.2010000000000001  2.6532309911034502 1.9513314945093965 2.2000000000000002  
2.6344331689180405 1.9267497153675914 2.2010000000000001  2.6344331689180405 1.9267497153675914 2.2000000000000002  

3 4
4 4

0 2
1 2

9 0 0 0 0 3 1 4 2 2 2 2.8715750593758278 2.0467666532827407 2.2010000000000001  2.8715750593758278 2.0467666532827407 2.2000000000000002  
2.8079516293869369 2.0467666532827407 2.2010000000000001  2.8079516293869369 2.0467666532827407 2.2000000000000002  
2.7486661498774851 2.0265228332396501 2.2010000000000001  2.7486661498774851 2.0265228332396501 2.2000000000000002  
2.6980565989069296 1.9903731522507928 2.2010000000000001  2.6980565989069296 1.9903731522507928 2.2000000000000002  

2 4
3 4

0 2
1 2

9 0 0 0 0 3 1 4 2 2 2 3.0682292925102668 1.9715753162753733 2.2010000000000001  3.0682292925102668 1.9715753162753733 2.2000000000000002  
3.0132817910602721 2.0192928973870092 2.2010000000000001  3.0132817910602721 2.0192928973870092 2.2000000000000002  
2.9438744179043046 2.0467666532827407 2.2010000000000001  2.9438744179043046 2.0467666532827407 2.2000000000000002  
2.8715750593758278 2.0467666532827407 2.2010000000000001  2.8715750593758278 2.0467666532827407 2.2000000000000002  

1 4
2 4

0 2
1 2

9 0 0 0 0 3 1 4 2 2 2 3.1463126217851469 1.8573423284223076 2.2010000000000001  3.1463126217851469 1.8573423284223076 2.2000000000000002  
3.1304067849729402 1.9007219435381462 2.2010000000000001  3.1304067849729402 1.9007219435381462 2.2000000000000002  
3.1029330066679237 1.9397635943866181 2.2010000000000001  3.1029330066679237 1.9397635943866181 2.2000000000000002  
3.0682292925102668 1.9715753162753733 2.2010000000000001  3.0682292925102668 1.9715753162753733 2.2000000000000002  

0 4
1 4

0 2
1 2

1 5.0999999999999988 -2.6499999999999999 2.2000000000000002 -1 0 0 0 0 1 0 1 -0 
1 4.9735132487678451 0 2.2000000000000002 -0.99026806874157081 0 -0.1391731009600625 0 1 0 0.1391731009600625 0 -0.99026806874157081 
2 4.9499999999999984 -2.5 2.2000000000000002 0 0 -1 -1 0 0 0 1 0 0.14999999999999997
1 5.0999999999999988 -2.6499999999999999 1.1000000000000258 0.9902680687415707 0 -0.13917310096006247 0 -1 0 -0.13917310096006247 -0 -0.9902680687415707 
2 4.9499999999999993 2.5 2.2000000000000002 0 0 -1 -1 0 0 0 1 0 0.14999999999999997
1 -5.1000000000000005 2.6499999999999999 2.2000000000000002 0 -1 0 0 -0 -1 1 0 0 
1 4.384999999999998 3.3999999999999999 0.2999999999999996 1 0 0 0 0 -1 -0 1 0 
1 -5.1000000000000005 -2.6499999999999999 2.2000000000000002 1 0 0 0 0 -1 -0 1 0 
1 -5.1000000000000005 -2.6499999999999999 1.1000000000000258 -0.9902680687415707 0 -0.13917310096006247 0 1 0 0.13917310096006247 0 -0.9902680687415707 
1 -4.9735132487678468 0 2.2000000000000002 0.99026806874157081 0 -0.1391731009600625 0 -1 0 -0.1391731009600625 -0 -0.99026806874157081 
1 -5.1000000000000005 -2.6499999999999999 2.2000000000000002 0 1 0 0 -0 1 1 0 -0 
1 4.384999999999998 -3.3999999999999999 0.2999999999999996 1 0 0 0 0 -1 -0 1 0 
1 0 0 0.20000000000000001 0 0 -1 -1 0 -0 0 1 0 
2 4.8431202380954117 0 0.34999999999999998 0 -1 0 0 0 -1 1 0 0 0.14999999999999999
2 0 -2.3931202380954124 0.34999999999999998 -1 0 0 0 0 1 0 1 -0 0.15000000000000002
2 -4.8431202380954135 0 0.34999999999999998 0 1 0 0 -0 1 1 0 -0 0.15000000000000002
2 0 2.3931202380954124 0.34999999999999998 1 0 0 0 0 -1 -0 1 0 0.14999999999999999
2 -4.9542822195322413 -2.5042822195322407 1.1409585969958624 -0.13784453749162573 -0.13784453749162573 0.98081484846399003 0.99026806874157081 1.3183898417423734e-16 0.13917310096006252 -0.01918425173311528 0.9904538775146069 0.13650304392840723 0.1499999999999998
2 4.9542822195322396 -2.5042822195322407 1.1409585969958624 -0.13784453749162573 0.13784453749162573 -0.98081484846399003 -0.99026806874157081 1.3183898417423734e-16 0.13917310096006252 0.01918425173311528 0.9904538775146069 0.13650304392840723 0.1499999999999998
1 4.384999999999998 -2.6499999999999999 1.1000000000000001 -0 0 -1 -1 0 0 0 1 0 
1 3.734999999999999 -2.6499999999999999 1.1000000000000001 -0 0 -1 -1 0 0 0 1 0 
1 3.0849999999999995 -2.6499999999999999 1.1000000000000001 -0 0 -1 -1 0 0 0 1 0 
1 2.4349999999999992 -2.6499999999999999 1.1000000000000001 -0 0 -1 -1 0 0 0 1 0 
1 1.7849999999999988 -2.6499999999999999 1.1000000000000001 -0 0 -1 -1 0 0 0 1 0 
1 1.1349999999999993 -2.6499999999999999 1.1000000000000001 -0 0 -1 -1 0 0 0 1 0 
1 0.48499999999999976 -2.6499999999999999 1.1000000000000001 -0 0 -1 -1 0 0 0 1 0 
1 -0.16500000000000059 -2.6499999999999999 1.1000000000000001 -0 0 -1 -1 0 0 0 1 0 
1 -0.81500000000000061 -2.6499999999999999 1.1000000000000001 -0 0 -1 -1 0 0 0 1 0 
1 -1.4650000000000005 -2.6499999999999999 1.1000000000000001 -0 0 -1 -1 0 0 0 1 0 
1 -2.1150000000000007 -2.6499999999999999 1.1000000000000001 -0 0 -1 -1 0 0 0 1 0 
1 -2.7650000000000006 -2.6499999999999999 1.1000000000000001 -0 0 -1 -1 0 0 0 1 0 
1 -3.4150000000000005 -2.6499999999999999 1.1000000000000001 -0 0 -1 -1 0 0 0 1 0 
1 -4.0650000000000013 -2.6499999999999999 1.1000000000000001 -0 0 -1 -1 0 0 0 1 0 
2 4.7604708310661819 2.3104708310661826 -0.23808108834880159 -0.13784453749162573 -0.13784453749162573 -0.98081484846399003 -0.99026806874157081 -3.1225022567582528e-17 0.1391731009600625 -0.019184251733115179 0.9904538775146069 -0.13650304392840726 0.1499999999999998
2 -4.9542822195322413 2.5042822195322407 1.1409585969958624 -0.13784453749162573 0.13784453749162573 0.98081484846399003 0.99026806874157081 -1.3183898417423734e-16 0.13917310096006252 0.01918425173311528 0.9904538775146069 -0.13650304392840723 0.1499999999999998
1 -4.0650000000000013 2.6499999999999999 1.1000000000000001 0 -0 1 1 0 0 -0 1 0 
1 -3.4150000000000005 2.6499999999999999 1.1000000000000001 0 -0 1 1 0 0 -0 1 0 
1 -2.7650000000000006 2.6499999999999999 1.1000000000000001 0 -0 1 1 0 0 -0 1 0 
1 -2.1150000000000007 2.6499999999999999 1.1000000000000001 0 -0 1 1 0 0 -0 1 0 
1 -1.4650000000000005 2.6499999999999999 1.1000000000000001 0 -0 1 1 0 0 -0 1 0 
1 -0.81500000000000061 2.6499999999999999 1.1000000000000001 0 -0 1 1 0 0 -0 1 0 
1 -0.16500000000000059 2.6499999999999999 1.1000000000000001 0 -0 1 1 0 0 -0 1 0 
1 0.48499999999999976 2.6499999999999999 1.1000000000000001 0 -0 1 1 0 0 -0 1 0 
1 1.1349999999999993 2.6499999999999999 1.1000000000000001 0 -0 1 1 0 0 -0 1 0 
1 1.7849999999999988 2.6499999999999999 1.1000000000000001 0 -0 1 1 0 0 -0 1 0 
1 2.4349999999999992 2.6499999999999999 1.1000000000000001 0 -0 1 1 0 0 -0 1 0 
1 3.0849999999999995 2.6499999999999999 1.1000000000000001 0 -0 1 1 0 0 -0 1 0 
1 3.734999999999999 2.6499999999999999 1.1000000000000001 0 -0 1 1 0 0 -0 1 0 
1 4.384999999999998 2.6499999999999999 1.1000000000000001 0 -0 1 1 0 0 -0 1 0 
2 4.7798458990298718 2.3298458990298734 2.5002203163908208 -0.13784453749162576 -0.13784453749162576 0.98081484846399003 0.99026806874157081 1.214306433183765e-16 0.13917310096006255 -0.019184251733115276 0.9904538775146069 0.13650304392840726 0.1499999999999998
1 4.384999999999998 2.6499999999999999 1.3000000000000003 0 -0 1 1 0 0 -0 1 0 
1 3.734999999999999 2.6499999999999999 1.3000000000000003 0 -0 1 1 0 0 -0 1 0 
1 3.0849999999999995 2.6499999999999999 1.3000000000000003 0 -0 1 1 0 0 -0 1 0 
1 2.4349999999999992 2.6499999999999999 1.3000000000000003 0 -0 1 1 0 0 -0 1 0 
1 1.7849999999999988 2.6499999999999999 1.3000000000000003 0 -0 1 1 0 0 -0 1 0 
1 1.1349999999999993 2.6499999999999999 1.3000000000000003 0 -0 1 1 0 0 -0 1 0 
1 0.48499999999999976 2.6499999999999999 1.3000000000000003 0 -0 1 1 0 0 -0 1 0 
1 -0.16500000000000059 2.6499999999999999 1.3000000000000003 0 -0 1 1 0 0 -0 1 0 
1 -0.81500000000000061 2.6499999999999999 1.3000000000000003 0 -0 1 1 0 0 -0 1 0 
1 -1.4650000000000005 2.6499999999999999 1.3000000000000003 0 -0 1 1 0 0 -0 1 0 
1 -2.1150000000000007 2.6499999999999999 1.3000000000000003 0 -0 1 1 0 0 -0 1 0 
1 -2.7650000000000006 2.6499999999999999 1.3000000000000003 0 -0 1 1 0 0 -0 1 0 
1 -3.4150000000000005 2.6499999999999999 1.3000000000000003 0 -0 1 1 0 0 -0 1 0 
1 -4.0650000000000013 2.6499999999999999 1.3000000000000003 0 -0 1 1 0 0 -0 1 0 
2 -4.7798458990298736 2.3298458990298734 2.5002203163908208 -0.13784453749162576 0.13784453749162576 -0.98081484846399003 -0.99026806874157081 1.214306433183765e-16 0.13917310096006255 0.019184251733115276 0.9904538775146069 0.13650304392840726 0.1499999999999998
2 -4.7332931635649871 -2.2832931635649869 2.8314602408118432 -0.13784453749162576 -0.13784453749162576 -0.98081484846399003 -0.99026806874157081 -1.214306433183765e-16 0.13917310096006255 -0.019184251733115276 0.9904538775146069 -0.13650304392840726 0.1499999999999998
2 4.7332931635649853 -2.2832931635649869 2.8314602408118432 -0.13784453749162576 0.13784453749162576 0.98081484846399003 0.99026806874157081 -1.214306433183765e-16 0.13917310096006255 0.019184251733115276 0.9904538775146069 -0.13650304392840726 0.1499999999999998
1 -4.0650000000000013 -2.6499999999999999 1.3000000000000003 -0 0 -1 -1 0 0 0 1 0 
1 -3.4150000000000005 -2.6499999999999999 1.3000000000000003 -0 0 -1 -1 0 0 0 1 0 
1 -2.7650000000000006 -2.6499999999999999 1.3000000000000003 -0 0 -1 -1 0 0 0 1 0 
1 -2.1150000000000007 -2.6499999999999999 1.3000000000000003 -0 0 -1 -1 0 0 0 1 0 
1 -1.4650000000000005 -2.6499999999999999 1.3000000000000003 -0 0 -1 -1 0 0 0 1 0 
1 -0.81500000000000061 -2.6499999999999999 1.3000000000000003 -0 0 -1 -1 0 0 0 1 0 
1 -0.16500000000000059 -2.6499999999999999 1.3000000000000003 -0 0 -1 -1 0 0 0 1 0 
1 0.48499999999999976 -2.6499999999999999 1.3000000000000003 -0 0 -1 -1 0 0 0 1 0 
1 1.1349999999999993 -2.6499999999999999 1.3000000000000003 -0 0 -1 -1 0 0 0 1 0 
1 1.7849999999999988 -2.6499999999999999 1.3000000000000003 -0 0 -1 -1 0 0 0 1 0 
1 2.4349999999999992 -2.6499999999999999 1.3000000000000003 -0 0 -1 -1 0 0 0 1 0 
1 3.0849999999999995 -2.6499999999999999 1.3000000000000003 -0 0 -1 -1 0 0 0 1 0 
1 3.734999999999999 -2.6499999999999999 1.3000000000000003 -0 0 -1 -1 0 0 0 1 0 
1 4.384999999999998 -2.6499999999999999 1.3000000000000003 -0 0 -1 -1 0 0 0 1 0 
4 4.8431202380954117 2.3931202380954124 2.0500000000000003 0 1 0 1 0 0 0 0 -1 0.14999999999999999
4 -4.8431202380954135 2.3931202380954124 2.0500000000000003 0 1 0 1 0 0 0 0 -1 0.14999999999999999
4 4.8431202380954117 -2.3931202380954124 2.0500000000000003 0 1 0 1 0 0 0 0 -1 0.14999999999999999
4 -4.8431202380954135 -2.3931202380954124 2.0500000000000003 0 1 0 1 0 0 0 0 -1 0.14999999999999999
4 4.8431202380954117 2.3931202380954124 0.34999999999999998 0 1 0 1 0 0 0 0 -1 0.14999999999999999
4 -4.8431202380954135 2.3931202380954124 0.34999999999999998 0 1 0 1 0 0 0 0 -1 0.14999999999999999
4 4.8431202380954117 -2.3931202380954124 0.34999999999999998 0 1 0 1 0 0 0 0 -1 0.14999999999999999
4 -4.8431202380954135 -2.3931202380954124 0.34999999999999998 0 1 0 1 0 0 0 0 -1 0.14999999999999999
1 0 0 2.2010000000000001 -0 0 -1 -1 0 0 0 1 0 
1 3.6985633798257309 1.7883541886523355 2.2010000000000001 0 0 1 1 0 -0 -0 1 0 
1 0 0 2.2010000000000001 -0 0 -1 -1 0 0 0 1 0 
1 4.0127392312151695 1.9854792926123537 2.2010000000000001 -0 0 1 1 0 0 0 1 -0 
1 3.9386304857302652 1.9688041750295353 2.2010000000000001 1 0 -0 -0 0 -1 0 1 0 
1 3.9693553321556867 1.9688041750295353 2.2010000000000001 0 -1 0 0 -0 -1 1 0 0 
9 0 0 0 0 3 1 4 2 2 2 4.0280496665328167 1.9496726293689257 2.2010000000000001  4.0280496665328167 1.9496726293689257 2.2000000000000002  
4.0131811283284069 1.9624616517402989 2.2010000000000001  4.0131811283284069 1.9624616517402989 2.2000000000000002  
3.9935816916059883 1.9688041750295358 2.2010000000000001  3.9935816916059883 1.9688041750295358 2.2000000000000002  
3.9693553321556867 1.9688041750295358 2.2010000000000001  3.9693553321556867 1.9688041750295358 2.2000000000000002  

5 4
6 4

0 2
1 2

9 0 0 0 0 3 1 4 2 2 2 4.0503524738387346 1.8923819681799956 2.2010000000000001  4.0503524738387346 1.8923819681799956 2.2000000000000002  
4.0503524738387346 1.917752061338329 2.2010000000000001  4.0503524738387346 1.917752061338329 2.2000000000000002  
4.0429182047358374 1.9368836069989386 2.2010000000000001  4.0429182047358374 1.9368836069989386 2.2000000000000002  
4.0280496665328167 1.9496726293689257 2.2010000000000001  4.0280496665328167 1.9496726293689257 2.2000000000000002  

4 4
5 4

0 2
1 2

9 0 0 0 0 3 1 4 2 2 2 4.0286215333875282 1.8332197427410555 2.2010000000000001  4.0286215333875282 1.8332197427410555 2.2000000000000002  
4.043126156320251 1.8472564746119728 2.2010000000000001  4.043126156320251 1.8472564746119728 2.2000000000000002  
4.0503524738387346 1.8670118750216622 2.2010000000000001  4.0503524738387346 1.8670118750216622 2.2000000000000002  
4.0503524738387346 1.8923819681799956 2.2010000000000001  4.0503524738387346 1.8923819681799956 2.2000000000000002  

3 4
4 4

0 2
1 2

9 0 0 0 0 3 1 4 2 2 2 3.9681596105532813 1.8120086812487948 2.2010000000000001  3.9681596105532813 1.8120086812487948 2.2000000000000002  
3.9939975947734276 1.8120086812487948 2.2010000000000001  3.9939975947734276 1.8120086812487948 2.2000000000000002  
4.014168898350551 1.8190790350800103 2.2010000000000001  4.014168898350551 1.8190790350800103 2.2000000000000002  
4.0286215333875282 1.8332197427410555 2.2010000000000001  4.0286215333875282 1.8332197427410555 2.2000000000000002  

2 4
3 4

0 2
1 2

1 3.9386304857302652 1.8120086812487948 2.2010000000000001 0 1 0 0 -0 1 1 0 -0 
1 0 0 2.2000000000000002 0 0 -1 -1 0 -0 0 1 0 
1 0 0 2.2010000000000001 -0 0 -1 -1 0 0 0 1 0 
1 4.1461141779305288 1.8674277781891009 2.2010000000000001 0 1 0 0 -0 1 1 0 -0 
1 4.1765270969827943 1.9519600967849902 2.2010000000000001 0.94095378767605531 -0.33853503431415366 0 0.33853503431415366 0.94095378767605531 0 -0 0 1 
9 0 0 0 0 3 1 4 2 2 2 4.1798543223153732 1.9662047802389329 2.2010000000000001  4.1798543223153732 1.9662047802389329 2.2000000000000002  
4.1788665522946156 1.9600702085327226 2.2010000000000001  4.1788665522946156 1.9600702085327226 2.2000000000000002  
4.1777748064823408 1.9552873221175699 2.2010000000000001  4.1777748064823408 1.9552873221175699 2.2000000000000002  
4.1765270969827935 1.9519600967849899 2.2010000000000001  4.1765270969827935 1.9519600967849899 2.2000000000000002  

3 4
4 4

0 2
1 2

1 4.1804781770644528 1.9662047802389329 2.2010000000000001 0 -1 0 0 -0 -1 1 0 0 
9 0 0 0 0 3 1 4 2 2 2 4.183649438709768 1.9519600967849899 2.2010000000000001  4.183649438709768 1.9519600967849899 2.2000000000000002  
4.1826616686890032 1.9547674431586179 2.2010000000000001  4.1826616686890032 1.9547674431586179 2.2000000000000002  
4.1816219107724901 1.9594463537822571 2.2010000000000001  4.1816219107724901 1.9594463537822571 2.2000000000000002  
4.1804781770644537 1.9662047802389329 2.2010000000000001  4.1804781770644537 1.9662047802389329 2.2000000000000002  

1 4
2 4

0 2
1 2

1 4.2143742851365777 1.8674277781891009 2.2010000000000001 -0.93984404177698289 -0.34160383068154399 0 0.34160383068154399 -0.93984404177698289 0 0 0 1 
1 0 0 2.2000000000000002 0 0 -1 -1 0 -0 0 1 0 
1 0 0 2.2010000000000001 -0 0 -1 -1 0 0 0 1 0 
1 3.6272944731492167 1.6114003882694463 2.2010000000000001 0 0 1 1 0 -0 -0 1 0 
9 0 0 0 0 3 1 4 2 2 2 3.6223881154817317 1.5255553753027629 2.2010000000000001  3.6223881154817317 1.5255553753027629 2.2000000000000002  
3.617917156441115 1.5211883920550495 2.2010000000000001  3.617917156441115 1.5211883920550495 2.2000000000000002  
3.6156296890257407 1.5150538203488324 2.2010000000000001  3.6156296890257407 1.5150538203488324 2.2000000000000002  
3.6156296890257407 1.5071516601841277 2.2010000000000001  3.6156296890257407 1.5071516601841277 2.2000000000000002  

1 4
2 4

0 2
1 2

9 0 0 0 0 3 1 4 2 2 2 3.6470303780980848 1.5344972933839807 2.2010000000000001  3.6470303780980848 1.5344972933839807 2.2000000000000002  
3.6351251499566506 1.5328336807170009 2.2010000000000001  3.6351251499566506 1.5328336807170009 2.2000000000000002  
3.6269110624174026 1.5299223585518547 2.2010000000000001  3.6269110624174026 1.5299223585518547 2.2000000000000002  
3.6223881154817317 1.5255553753027629 2.2010000000000001  3.6223881154817317 1.5255553753027629 2.2000000000000002  

0 4
1 4

0 2
1 2

1 3.681030461961718 1.5390722282161065 2.2010000000000001 0.13335476489376558 -0.9910683662997869 0 0.9910683662997869 0.13335476489376558 0 -0 0 1 
1 3.681030461961718 1.5251394721367086 2.2010000000000001 -1 0 0 0 0 1 0 1 -0 
9 0 0 0 0 3 1 4 2 2 2 3.6701130038403571 1.495506371522175 2.2010000000000001  3.6701130038403571 1.495506371522175 2.2000000000000002  
3.6773913092545962 1.5033045558939777 2.2010000000000001  3.6773913092545962 1.5033045558939777 2.2000000000000002  
3.6810304619617185 1.5131822560988262 2.2010000000000001  3.6810304619617185 1.5131822560988262 2.2000000000000002  
3.6810304619617185 1.5251394721367089 2.2010000000000001  3.6810304619617185 1.5251394721367089 2.2000000000000002  

5 4
6 4

0 2
1 2

9 0 0 0 0 3 1 4 2 2 2 3.6424554432666523 1.483653131275803 2.2010000000000001  3.6424554432666523 1.483653131275803 2.2000000000000002  
3.6536328408667966 1.483653131275803 2.2010000000000001  3.6536328408667966 1.483653131275803 2.2000000000000002  
3.6628866863218645 1.4876042113574623 2.2010000000000001  3.6628866863218645 1.4876042113574623 2.2000000000000002  
3.6701130038403571 1.495506371522175 2.2010000000000001  3.6701130038403571 1.495506371522175 2.2000000000000002  

4 4
5 4

0 2
1 2

9 0 0 0 0 3 1 4 2 2 2 3.6230119702314973 1.4902036061480652 2.2010000000000001  3.6230119702314973 1.4902036061480652 2.2000000000000002  
3.6278988324381669 1.4858366229003528 2.2010000000000001  3.6278988324381669 1.4858366229003528 2.2000000000000002  
3.634397319414675 1.483653131275803 2.2010000000000001  3.634397319414675 1.483653131275803 2.2000000000000002  
3.6424554432666523 1.483653131275803 2.2010000000000001  3.6424554432666523 1.483653131275803 2.2000000000000002  

3 4
4 4

0 2
1 2

9 0 0 0 0 3 1 4 2 2 2 3.6156296890257407 1.5071516601841277 2.2010000000000001  3.6156296890257407 1.5071516601841277 2.2000000000000002  
3.6156296890257407 1.5001852821458115 2.2010000000000001  3.6156296890257407 1.5001852821458115 2.2000000000000002  
3.6180731201290803 1.4945705893971648 2.2010000000000001  3.6180731201290803 1.4945705893971648 2.2000000000000002  
3.6230119702314973 1.4902036061480652 2.2010000000000001  3.6230119702314973 1.4902036061480652 2.2000000000000002  

2 4
3 4

0 2
1 2

1 0 0 2.2000000000000002 0 0 -1 -1 0 -0 0 1 0 
1 3.7612347882317079 1.4870583384518481 2.2010000000000001 0 0 -1 -1 0 -0 0 1 0 
1 3.903740109150065 1.4093884221025879 2.2010000000000001 0 0 1 1 0 -0 -0 1 0 
1 0 0 2.2010000000000001 -0 0 -1 -1 0 0 0 1 0 
1 4.2674279328170126 1.6628424111789997 2.2010000000000001 -0 0 1 1 0 0 0 1 -0 
1 4.1933191873315847 1.6461672935967024 2.2010000000000001 1 0 -0 -0 0 -1 0 1 0 
1 4.2240440337583935 1.6461672935967024 2.2010000000000001 0 -1 0 0 -0 -1 1 0 0 
9 0 0 0 0 3 1 4 2 2 2 4.282738368134142 1.6270357479360915 2.2010000000000001  4.282738368134142 1.6270357479360915 2.2000000000000002  
4.2678698299311133 1.6398247703060782 2.2010000000000001  4.2678698299311133 1.6398247703060782 2.2000000000000002  
4.2482703932087 1.6461672935967027 2.2010000000000001  4.2482703932087 1.6461672935967027 2.2000000000000002  
4.2240440337583935 1.6461672935967027 2.2010000000000001  4.2240440337583935 1.6461672935967027 2.2000000000000002  

5 4
6 4

0 2
1 2

9 0 0 0 0 3 1 4 2 2 2 4.3050411754386735 1.5697450867471614 2.2010000000000001  4.3050411754386735 1.5697450867471614 2.2000000000000002  
4.3050411754386735 1.595115179905499 2.2010000000000001  4.3050411754386735 1.595115179905499 2.2000000000000002  
4.2976069063371636 1.6142467255647239 2.2010000000000001  4.2976069063371636 1.6142467255647239 2.2000000000000002  
4.282738368134142 1.6270357479360915 2.2010000000000001  4.282738368134142 1.6270357479360915 2.2000000000000002  

4 4
5 4

0 2
1 2

9 0 0 0 0 3 1 4 2 2 2 4.2833102349888463 1.5105828613082237 2.2010000000000001  4.2833102349888463 1.5105828613082237 2.2000000000000002  
4.297814857921578 1.5246195931791384 2.2010000000000001  4.297814857921578 1.5246195931791384 2.2000000000000002  
4.3050411754386735 1.5443749935888307 2.2010000000000001  4.3050411754386735 1.5443749935888307 2.2000000000000002  
4.3050411754386735 1.5697450867471614 2.2010000000000001  4.3050411754386735 1.5697450867471614 2.2000000000000002  

3 4
4 4

0 2
1 2

9 0 0 0 0 3 1 4 2 2 2 4.222848312154607 1.4893717998159661 2.2010000000000001  4.222848312154607 1.4893717998159661 2.2000000000000002  
4.2486862963747463 1.4893717998159661 2.2010000000000001  4.2486862963747463 1.4893717998159661 2.2000000000000002  
4.268857599951879 1.4964421536457913 2.2010000000000001  4.268857599951879 1.4964421536457913 2.2000000000000002  
4.2833102349888463 1.5105828613082237 2.2010000000000001  4.2833102349888463 1.5105828613082237 2.2000000000000002  

2 4
3 4

0 2
1 2

1 4.1933191873315847 1.4893717998159659 2.2010000000000001 0 1 0 0 -0 1 1 0 -0 
1 0 0 2.2000000000000002 0 0 -1 -1 0 -0 0 1 0 
1 0 0 2.2009999999999992 -0 0 -1 -1 0 0 0 1 0 
1 4.4008028795332352 1.5447908967548833 2.2010000000000001 0 1 0 0 -0 1 1 0 -0 
1 4.4312157985841214 1.6293232153521544 2.2010000000000001 0.94095378768270799 -0.3385350342956624 0 0.3385350342956624 0.94095378768270799 0 -0 0 1 
9 0 0 0 0 3 1 4 2 2 2 4.4345430239166994 1.6435678988047127 2.2010000000000001  4.4345430239166994 1.6435678988047127 2.2000000000000002  
4.4335552538959409 1.6374333270985022 2.2010000000000001  4.4335552538959409 1.6374333270985022 2.2000000000000002  
4.4324635080850552 1.6326504406833497 2.2010000000000001  4.4324635080850552 1.6326504406833497 2.2000000000000002  
4.4312157985841214 1.6293232153521546 2.2010000000000001  4.4312157985841214 1.6293232153521546 2.2000000000000002  

3 4
4 4

0 2
1 2

1 4.4351668786671663 1.6435678988047124 2.2010000000000001 0 -1 0 0 -0 -1 1 0 0 
9 0 0 0 0 3 1 4 2 2 2 4.4383381403110942 1.6293232153521546 2.2010000000000001  4.4383381403110942 1.6293232153521546 2.2000000000000002  
4.4373503702917159 1.6321305617257837 2.2010000000000001  4.4373503702917159 1.6321305617257837 2.2000000000000002  
4.4363106123738172 1.6368094723494226 2.2010000000000001  4.4363106123738172 1.6368094723494226 2.2000000000000002  
4.4351668786671663 1.6435678988047127 2.2010000000000001  4.4351668786671663 1.6435678988047127 2.2000000000000002  

1 4
2 4

0 2
1 2

1 4.4690629867392904 1.5447908967548833 2.2010000000000001 -0.93984404177382175 -0.34160383069024097 0 0.34160383069024097 -0.93984404177382175 0 0 0 1 
1 0 0 2.2000000000000002 0 0 -1 -1 0 -0 0 1 0 
1 3.2482546924882438 1.7854044749595335 2.2010000000000001 0 0 -1 -1 0 -0 0 1 0 
9 0 0 0 0 3 1 7 2 3 2 2.6792587491414999 1.456803843560736 2.2010000000000001  2.6792587491414999 1.456803843560736 2.2000000000000002  
2.7110704503459355 1.456803843560736 2.2010000000000001  2.7110704503459355 1.456803843560736 2.2000000000000002  
2.7356522432777495 1.4828316567588204 2.2010000000000001  2.7356522432777495 1.4828316567588204 2.2000000000000002  
2.7356522432777495 1.5131973652769981 2.2010000000000001  2.7356522432777495 1.5131973652769981 2.2000000000000002  
2.7356522432777495 1.5450090940614607 2.2010000000000001  2.7356522432777495 1.5450090940614607 2.2000000000000002  
2.7096244852396985 1.5695908869932669 2.2010000000000001  2.7096244852396985 1.5695908869932669 2.2000000000000002  
2.6792587491414999 1.5695908869932669 2.2010000000000001  2.6792587491414999 1.5695908869932669 2.2000000000000002  

0 4
1 3
2 4

0 2
1 2

9 0 0 0 0 3 1 6 2 3 2 2.6792587491414999 1.5695908869932669 2.2010000000000001  2.6792587491414999 1.5695908869932669 2.2000000000000002  
2.6488930130439936 1.5695908869932669 2.2010000000000001  2.6488930130439936 1.5695908869932669 2.2000000000000002  
2.6228652550052507 1.5450090940614607 2.2010000000000001  2.6228652550052507 1.5450090940614607 2.2000000000000002  
2.6228652550052507 1.4813856364925519 2.2010000000000001  2.6228652550052507 1.4813856364925519 2.2000000000000002  
2.6488930130439936 1.456803843560736 2.2010000000000001  2.6488930130439936 1.456803843560736 2.2000000000000002  
2.6792587491414999 1.456803843560736 2.2010000000000001  2.6792587491414999 1.456803843560736 2.2000000000000002  

2 4
3 2
4 4

0 2
1 2

1 0 0 2.2000000000000002 0 0 -1 -1 0 -0 0 1 0 
1 -4.0650000000000013 -3.3999999999999999 0.19999999999999959 0 1.3552527156068808e-16 -1 0 1 1.3552527156068808e-16 1 -0 0 
1 -4.0650000000000013 -3.8999999999999999 -4.7433845046240819e-16 0 -1 0 0 -0 -1 1 0 0 
2 -4.0650000000000013 -3.3999999999999999 0.2999999999999996 -1 -0 -0 -0 0 1 0 1 -0 0.10000000000000021
1 -4.0650000000000013 -3.3999999999999999 -4.0657581468206416e-16 0 1.3552527156068808e-16 -1 0 1 1.3552527156068808e-16 1 -0 0 
2 -4.0650000000000013 -3.3999999999999999 0.2999999999999996 -1 -0 -0 -0 0 1 0 1 -0 0.30000000000000027
1 -4.0650000000000013 -2.8949176757630899 1.0258819045102519 0 0.9659258262890692 -0.25881904510251758 0 0.25881904510251758 0.9659258262890692 1 -0 0 
2 -4.0650000000000013 -2.7983250931341832 1 -1 -0 -0 -0 0 1 0 1 -0 0.10000000000000005
2 -4.0650000000000013 -2.7983250931341832 1 -1 -0 -0 -0 0 1 0 1 -0 0.29999999999999993
1 -4.0650000000000013 -3.0881028410209037 1.0776457135307553 0 0.9659258262890692 -0.25881904510251758 0 0.25881904510251758 0.9659258262890692 1 -0 0 
1 -3.4150000000000005 -3.3999999999999999 0.19999999999999959 0 1.3552527156068808e-16 -1 0 1 1.3552527156068808e-16 1 -0 0 
1 -3.4150000000000005 -3.8999999999999999 -4.7433845046240819e-16 0 -1 0 0 -0 -1 1 0 0 
2 -3.4150000000000005 -3.3999999999999999 0.2999999999999996 -1 -0 -0 -0 0 1 0 1 -0 0.10000000000000021
1 -3.4150000000000005 -3.3999999999999999 -4.0657581468206416e-16 0 1.3552527156068808e-16 -1 0 1 1.3552527156068808e-16 1 -0 0 
2 -3.4150000000000005 -3.3999999999999999 0.2999999999999996 -1 -0 -0 -0 0 1 0 1 -0 0.30000000000000027
1 -3.4150000000000005 -2.8949176757630899 1.0258819045102519 0 0.9659258262890692 -0.25881904510251758 0 0.25881904510251758 0.9659258262890692 1 -0 0 
2 -3.4150000000000005 -2.7983250931341832 1 -1 -0 -0 -0 0 1 0 1 -0 0.10000000000000005
2 -3.4150000000000005 -2.7983250931341832 1 -1 -0 -0 -0 0 1 0 1 -0 0.29999999999999993
1 -3.4150000000000005 -3.0881028410209037 1.0776457135307553 0 0.9659258262890692 -0.25881904510251758 0 0.25881904510251758 0.9659258262890692 1 -0 0 
1 -2.7650000000000006 -3.3999999999999999 0.19999999999999959 0 1.3552527156068808e-16 -1 0 1 1.3552527156068808e-16 1 -0 0 
1 -2.7650000000000006 -3.8999999999999999 -4.7433845046240819e-16 0 -1 0 0 -0 -1 1 0 0 
2 -2.7650000000000006 -3.3999999999999999 0.2999999999999996 -1 -0 -0 -0 0 1 0 1 -0 0.10000000000000021
1 -2.7650000000000006 -3.3999999999999999 -4.0657581468206416e-16 0 1.3552527156068808e-16 -1 0 1 1.3552527156068808e-16 1 -0 0 
2 -2.7650000000000006 -3.3999999999999999 0.2999999999999996 -1 -0 -0 -0 0 1 0 1 -0 0.30000000000000027
1 -2.7650000000000006 -2.8949176757630899 1.0258819045102519 0 0.9659258262890692 -0.25881904510251758 0 0.25881904510251758 0.9659258262890692 1 -0 0 
2 -2.7650000000000006 -2.7983250931341832 1 -1 -0 -0 -0 0 1 0 1 -0 0.10000000000000005
2 -2.7650000000000006 -2.7983250931341832 1 -1 -0 -0 -0 0 1 0 1 -0 0.29999999999999993
1 -2.7650000000000006 -3.0881028410209037 1.0776457135307553 0 0.9659258262890692 -0.25881904510251758 0 0.25881904510251758 0.9659258262890692 1 -0 0 
1 -2.1150000000000007 -3.3999999999999999 0.19999999999999959 0 1.3552527156068808e-16 -1 0 1 1.3552527156068808e-16 1 -0 0 
1 -2.1150000000000007 -3.8999999999999999 -4.7433845046240819e-16 0 -1 0 0 -0 -1 1 0 0 
2 -2.1150000000000007 -3.3999999999999999 0.2999999999999996 -1 -0 -0 -0 0 1 0 1 -0 0.10000000000000021
1 -2.1150000000000007 -3.3999999999999999 -4.0657581468206416e-16 0 1.3552527156068808e-16 -1 0 1 1.3552527156068808e-16 1 -0 0 
2 -2.1150000000000007 -3.3999999999999999 0.2999999999999996 -1 -0 -0 -0 0 1 0 1 -0 0.30000000000000027
1 -2.1150000000000007 -2.8949176757630899 1.0258819045102519 0 0.9659258262890692 -0.25881904510251758 0 0.25881904510251758 0.9659258262890692 1 -0 0 
2 -2.1150000000000007 -2.7983250931341832 1 -1 -0 -0 -0 0 1 0 1 -0 0.10000000000000005
2 -2.1150000000000007 -2.7983250931341832 1 -1 -0 -0 -0 0 1 0 1 -0 0.29999999999999993
1 -2.1150000000000007 -3.0881028410209037 1.0776457135307553 0 0.9659258262890692 -0.25881904510251758 0 0.25881904510251758 0.9659258262890692 1 -0 0 
1 -1.4650000000000005 -3.3999999999999999 0.19999999999999959 0 1.3552527156068808e-16 -1 0 1 1.3552527156068808e-16 1 -0 0 
1 -1.4650000000000005 -3.8999999999999999 -4.7433845046240819e-16 0 -1 0 0 -0 -1 1 0 0 
2 -1.4650000000000005 -3.3999999999999999 0.2999999999999996 -1 -0 -0 -0 0 1 0 1 -0 0.10000000000000021
1 -1.4650000000000005 -3.3999999999999999 -4.0657581468206416e-16 0 1.3552527156068808e-16 -1 0 1 1.3552527156068808e-16 1 -0 0 
2 -1.4650000000000005 -3.3999999999999999 0.2999999999999996 -1 -0 -0 -0 0 1 0 1 -0 0.30000000000000027
1 -1.4650000000000005 -2.8949176757630899 1.0258819045102519 0 0.9659258262890692 -0.25881904510251758 0 0.25881904510251758 0.9659258262890692 1 -0 0 
2 -1.4650000000000005 -2.7983250931341832 1 -1 -0 -0 -0 0 1 0 1 -0 0.10000000000000005
2 -1.4650000000000005 -2.7983250931341832 1 -1 -0 -0 -0 0 1 0 1 -0 0.29999999999999993
1 -1.4650000000000005 -3.0881028410209037 1.0776457135307553 0 0.9659258262890692 -0.25881904510251758 0 0.25881904510251758 0.9659258262890692 1 -0 0 
1 -0.81500000000000061 -3.3999999999999999 0.19999999999999959 0 1.3552527156068808e-16 -1 0 1 1.3552527156068808e-16 1 -0 0 
1 -0.81500000000000061 -3.8999999999999999 -4.7433845046240819e-16 0 -1 0 0 -0 -1 1 0 0 
2 -0.81500000000000061 -3.3999999999999999 0.2999999999999996 -1 -0 -0 -0 0 1 0 1 -0 0.10000000000000021
1 -0.81500000000000061 -3.3999999999999999 -4.0657581468206416e-16 0 1.3552527156068808e-16 -1 0 1 1.3552527156068808e-16 1 -0 0 
2 -0.81500000000000061 -3.3999999999999999 0.2999999999999996 -1 -0 -0 -0 0 1 0 1 -0 0.30000000000000027
1 -0.81500000000000061 -2.8949176757630899 1.0258819045102519 0 0.9659258262890692 -0.25881904510251758 0 0.25881904510251758 0.9659258262890692 1 -0 0 
2 -0.81500000000000061 -2.7983250931341832 1 -1 -0 -0 -0 0 1 0 1 -0 0.10000000000000005
2 -0.81500000000000061 -2.7983250931341832 1 -1 -0 -0 -0 0 1 0 1 -0 0.29999999999999993
1 -0.81500000000000061 -3.0881028410209037 1.0776457135307553 0 0.9659258262890692 -0.25881904510251758 0 0.25881904510251758 0.9659258262890692 1 -0 0 
1 -0.16500000000000059 -3.3999999999999999 0.19999999999999959 0 1.3552527156068808e-16 -1 0 1 1.3552527156068808e-16 1 -0 0 
1 -0.16500000000000059 -3.8999999999999999 -4.7433845046240819e-16 0 -1 0 0 -0 -1 1 0 0 
2 -0.16500000000000059 -3.3999999999999999 0.2999999999999996 -1 -0 -0 -0 0 1 0 1 -0 0.10000000000000021
1 -0.16500000000000059 -3.3999999999999999 -4.0657581468206416e-16 0 1.3552527156068808e-16 -1 0 1 1.3552527156068808e-16 1 -0 0 
2 -0.16500000000000059 -3.3999999999999999 0.2999999999999996 -1 -0 -0 -0 0 1 0 1 -0 0.30000000000000027
1 -0.16500000000000059 -2.8949176757630899 1.0258819045102519 0 0.9659258262890692 -0.25881904510251758 0 0.25881904510251758 0.9659258262890692 1 -0 0 
2 -0.16500000000000059 -2.7983250931341832 1 -1 -0 -0 -0 0 1 0 1 -0 0.10000000000000005
2 -0.16500000000000059 -2.7983250931341832 1 -1 -0 -0 -0 0 1 0 1 -0 0.29999999999999993
1 -0.16500000000000059 -3.0881028410209037 1.0776457135307553 0 0.9659258262890692 -0.25881904510251758 0 0.25881904510251758 0.9659258262890692 1 -0 0 
1 0.48499999999999976 -3.3999999999999999 0.19999999999999959 0 1.3552527156068808e-16 -1 0 1 1.3552527156068808e-16 1 -0 0 
1 0.48499999999999976 -3.8999999999999999 -4.7433845046240819e-16 0 -1 0 0 -0 -1 1 0 0 
2 0.48499999999999976 -3.3999999999999999 0.2999999999999996 -1 -0 -0 -0 0 1 0 1 -0 0.10000000000000021
1 0.48499999999999976 -3.3999999999999999 -4.0657581468206416e-16 0 1.3552527156068808e-16 -1 0 1 1.3552527156068808e-16 1 -0 0 
2 0.48499999999999976 -3.3999999999999999 0.2999999999999996 -1 -0 -0 -0 0 1 0 1 -0 0.30000000000000027
1 0.48499999999999976 -2.8949176757630899 1.0258819045102519 0 0.9659258262890692 -0.25881904510251758 0 0.25881904510251758 0.9659258262890692 1 -0 0 
2 0.48499999999999976 -2.7983250931341832 1 -1 -0 -0 -0 0 1 0 1 -0 0.10000000000000005
2 0.48499999999999976 -2.7983250931341832 1 -1 -0 -0 -0 0 1 0 1 -0 0.29999999999999993
1 0.48499999999999976 -3.0881028410209037 1.0776457135307553 0 0.9659258262890692 -0.25881904510251758 0 0.25881904510251758 0.9659258262890692 1 -0 0 
1 1.1349999999999993 -3.3999999999999999 0.19999999999999959 0 1.3552527156068808e-16 -1 0 1 1.3552527156068808e-16 1 -0 0 
1 1.1349999999999993 -3.8999999999999999 -4.7433845046240819e-16 0 -1 0 0 -0 -1 1 0 0 
2 1.1349999999999993 -3.3999999999999999 0.2999999999999996 -1 -0 -0 -0 0 1 0 1 -0 0.10000000000000021
1 1.1349999999999993 -3.3999999999999999 -4.0657581468206416e-16 0 1.3552527156068808e-16 -1 0 1 1.3552527156068808e-16 1 -0 0 
2 1.1349999999999993 -3.3999999999999999 0.2999999999999996 -1 -0 -0 -0 0 1 0 1 -0 0.30000000000000027
1 1.1349999999999993 -2.8949176757630899 1.0258819045102519 0 0.9659258262890692 -0.25881904510251758 0 0.25881904510251758 0.9659258262890692 1 -0 0 
2 1.1349999999999993 -2.7983250931341832 1 -1 -0 -0 -0 0 1 0 1 -0 0.10000000000000005
2 1.1349999999999993 -2.7983250931341832 1 -1 -0 -0 -0 0 1 0 1 -0 0.29999999999999993
1 1.1349999999999993 -3.0881028410209037 1.0776457135307553 0 0.9659258262890692 -0.25881904510251758 0 0.25881904510251758 0.9659258262890692 1 -0 0 
1 1.7849999999999988 -3.3999999999999999 0.19999999999999959 0 1.3552527156068808e-16 -1 0 1 1.3552527156068808e-16 1 -0 0 
1 1.7849999999999988 -3.8999999999999999 -4.7433845046240819e-16 0 -1 0 0 -0 -1 1 0 0 
2 1.7849999999999988 -3.3999999999999999 0.2999999999999996 -1 -0 -0 -0 0 1 0 1 -0 0.10000000000000021
1 1.7849999999999988 -3.3999999999999999 -4.0657581468206416e-16 0 1.3552527156068808e-16 -1 0 1 1.3552527156068808e-16 1 -0 0 
2 1.7849999999999988 -3.3999999999999999 0.2999999999999996 -1 -0 -0 -0 0 1 0 1 -0 0.30000000000000027
1 1.7849999999999988 -2.8949176757630899 1.0258819045102519 0 0.9659258262890692 -0.25881904510251758 0 0.25881904510251758 0.9659258262890692 1 -0 0 
2 1.7849999999999988 -2.7983250931341832 1 -1 -0 -0 -0 0 1 0 1 -0 0.10000000000000005
2 1.7849999999999988 -2.7983250931341832 1 -1 -0 -0 -0 0 1 0 1 -0 0.29999999999999993
1 1.7849999999999988 -3.0881028410209037 1.0776457135307553 0 0.9659258262890692 -0.25881904510251758 0 0.25881904510251758 0.9659258262890692 1 -0 0 
1 2.4349999999999992 -3.3999999999999999 0.19999999999999959 0 1.3552527156068808e-16 -1 0 1 1.3552527156068808e-16 1 -0 0 
1 2.4349999999999992 -3.8999999999999999 -4.7433845046240819e-16 0 -1 0 0 -0 -1 1 0 0 
2 2.4349999999999992 -3.3999999999999999 0.2999999999999996 -1 -0 -0 -0 0 1 0 1 -0 0.10000000000000021
1 2.4349999999999992 -3.3999999999999999 -4.0657581468206416e-16 0 1.3552527156068808e-16 -1 0 1 1.3552527156068808e-16 1 -0 0 
2 2.4349999999999992 -3.3999999999999999 0.2999999999999996 -1 -0 -0 -0 0 1 0 1 -0 0.30000000000000027
1 2.4349999999999992 -2.8949176757630899 1.0258819045102519 0 0.9659258262890692 -0.25881904510251758 0 0.25881904510251758 0.9659258262890692 1 -0 0 
2 2.4349999999999992 -2.7983250931341832 1 -1 -0 -0 -0 0 1 0 1 -0 0.10000000000000005
2 2.4349999999999992 -2.7983250931341832 1 -1 -0 -0 -0 0 1 0 1 -0 0.29999999999999993
1 2.4349999999999992 -3.0881028410209037 1.0776457135307553 0 0.9659258262890692 -0.25881904510251758 0 0.25881904510251758 0.9659258262890692 1 -0 0 
1 3.0849999999999995 -3.3999999999999999 0.19999999999999959 0 1.3552527156068808e-16 -1 0 1 1.3552527156068808e-16 1 -0 0 
1 3.0849999999999995 -3.8999999999999999 -4.7433845046240819e-16 0 -1 0 0 -0 -1 1 0 0 
2 3.0849999999999995 -3.3999999999999999 0.2999999999999996 -1 -0 -0 -0 0 1 0 1 -0 0.10000000000000021
1 3.0849999999999995 -3.3999999999999999 -4.0657581468206416e-16 0 1.3552527156068808e-16 -1 0 1 1.3552527156068808e-16 1 -0 0 
2 3.0849999999999995 -3.3999999999999999 0.2999999999999996 -1 -0 -0 -0 0 1 0 1 -0 0.30000000000000027
1 3.0849999999999995 -2.8949176757630899 1.0258819045102519 0 0.9659258262890692 -0.25881904510251758 0 0.25881904510251758 0.9659258262890692 1 -0 0 
2 3.0849999999999995 -2.7983250931341832 1 -1 -0 -0 -0 0 1 0 1 -0 0.10000000000000005
2 3.0849999999999995 -2.7983250931341832 1 -1 -0 -0 -0 0 1 0 1 -0 0.29999999999999993
1 3.0849999999999995 -3.0881028410209037 1.0776457135307553 0 0.9659258262890692 -0.25881904510251758 0 0.25881904510251758 0.9659258262890692 1 -0 0 
1 3.734999999999999 -3.3999999999999999 0.19999999999999959 0 1.3552527156068808e-16 -1 0 1 1.3552527156068808e-16 1 -0 0 
1 3.734999999999999 -3.8999999999999999 -4.7433845046240819e-16 0 -1 0 0 -0 -1 1 0 0 
2 3.734999999999999 -3.3999999999999999 0.2999999999999996 -1 -0 -0 -0 0 1 0 1 -0 0.10000000000000021
1 3.734999999999999 -3.3999999999999999 -4.0657581468206416e-16 0 1.3552527156068808e-16 -1 0 1 1.3552527156068808e-16 1 -0 0 
2 3.734999999999999 -3.3999999999999999 0.2999999999999996 -1 -0 -0 -0 0 1 0 1 -0 0.30000000000000027
1 3.734999999999999 -2.8949176757630899 1.0258819045102519 0 0.9659258262890692 -0.25881904510251758 0 0.25881904510251758 0.9659258262890692 1 -0 0 
2 3.734999999999999 -2.7983250931341832 1 -1 -0 -0 -0 0 1 0 1 -0 0.10000000000000005
2 3.734999999999999 -2.7983250931341832 1 -1 -0 -0 -0 0 1 0 1 -0 0.29999999999999993
1 3.734999999999999 -3.0881028410209037 1.0776457135307553 0 0.9659258262890692 -0.25881904510251758 0 0.25881904510251758 0.9659258262890692 1 -0 0 
1 4.384999999999998 -3.3999999999999999 0.19999999999999959 0 1.3552527156068808e-16 -1 0 1 1.3552527156068808e-16 1 -0 0 
1 4.384999999999998 -3.8999999999999999 -4.7433845046240819e-16 0 -1 0 0 -0 -1 1 0 0 
2 4.384999999999998 -3.3999999999999999 0.2999999999999996 -1 -0 -0 -0 0 1 0 1 -0 0.10000000000000021
1 4.384999999999998 -3.3999999999999999 -4.0657581468206416e-16 0 1.3552527156068808e-16 -1 0 1 1.3552527156068808e-16 1 -0 0 
2 4.384999999999998 -3.3999999999999999 0.2999999999999996 -1 -0 -0 -0 0 1 0 1 -0 0.30000000000000027
1 4.384999999999998 -2.8949176757630899 1.0258819045102519 0 0.9659258262890692 -0.25881904510251758 0 0.25881904510251758 0.9659258262890692 1 -0 0 
2 4.384999999999998 -2.7983250931341832 1 -1 -0 -0 -0 0 1 0 1 -0 0.10000000000000005
2 4.384999999999998 -2.7983250931341832 1 -1 -0 -0 -0 0 1 0 1 -0 0.29999999999999993
1 4.384999999999998 -3.0881028410209037 1.0776457135307553 0 0.9659258262890692 -0.25881904510251758 0 0.25881904510251758 0.9659258262890692 1 -0 0 
1 -4.0650000000000013 3.3999999999999999 0.19999999999999959 -0 1.3552527156068808e-16 1 0 -1 1.3552527156068808e-16 1 0 0 
2 -4.0650000000000013 3.3999999999999999 0.2999999999999996 -1 -0 -0 -0 0 1 0 1 -0 0.10000000000000021
1 -4.0650000000000013 3.8999999999999999 -4.7433845046240819e-16 0 -1 0 0 -0 -1 1 0 0 
1 -4.0650000000000013 3.0881028410209037 1.0776457135307553 -0 0.9659258262890692 0.25881904510251758 0 -0.25881904510251758 0.9659258262890692 1 0 0 
2 -4.0650000000000013 2.7983250931341832 1 -1 -0 -0 -0 0 1 0 1 -0 0.29999999999999993
2 -4.0650000000000013 2.7983250931341832 1 -1 -0 -0 -0 0 1 0 1 -0 0.10000000000000005
1 -4.0650000000000013 2.8949176757630899 1.0258819045102519 -0 0.9659258262890692 0.25881904510251758 0 -0.25881904510251758 0.9659258262890692 1 0 0 
2 -4.0650000000000013 3.3999999999999999 0.2999999999999996 -1 -0 -0 -0 0 1 0 1 -0 0.30000000000000027
1 -4.0650000000000013 3.3999999999999999 -4.0657581468206416e-16 -0 1.3552527156068808e-16 1 0 -1 1.3552527156068808e-16 1 0 0 
1 -3.4150000000000005 3.3999999999999999 0.19999999999999959 -0 1.3552527156068808e-16 1 0 -1 1.3552527156068808e-16 1 0 0 
2 -3.4150000000000005 3.3999999999999999 0.2999999999999996 -1 -0 -0 -0 0 1 0 1 -0 0.10000000000000021
1 -3.4150000000000005 3.8999999999999999 -4.7433845046240819e-16 0 -1 0 0 -0 -1 1 0 0 
1 -3.4150000000000005 3.0881028410209037 1.0776457135307553 -0 0.9659258262890692 0.25881904510251758 0 -0.25881904510251758 0.9659258262890692 1 0 0 
2 -3.4150000000000005 2.7983250931341832 1 -1 -0 -0 -0 0 1 0 1 -0 0.29999999999999993
2 -3.4150000000000005 2.7983250931341832 1 -1 -0 -0 -0 0 1 0 1 -0 0.10000000000000005
1 -3.4150000000000005 2.8949176757630899 1.0258819045102519 -0 0.9659258262890692 0.25881904510251758 0 -0.25881904510251758 0.9659258262890692 1 0 0 
2 -3.4150000000000005 3.3999999999999999 0.2999999999999996 -1 -0 -0 -0 0 1 0 1 -0 0.30000000000000027
1 -3.4150000000000005 3.3999999999999999 -4.0657581468206416e-16 -0 1.3552527156068808e-16 1 0 -1 1.3552527156068808e-16 1 0 0 
1 -2.7650000000000006 3.3999999999999999 0.19999999999999959 -0 1.3552527156068808e-16 1 0 -1 1.3552527156068808e-16 1 0 0 
2 -2.7650000000000006 3.3999999999999999 0.2999999999999996 -1 -0 -0 -0 0 1 0 1 -0 0.10000000000000021
1 -2.7650000000000006 3.8999999999999999 -4.7433845046240819e-16 0 -1 0 0 -0 -1 1 0 0 
1 -2.7650000000000006 3.0881028410209037 1.0776457135307553 -0 0.9659258262890692 0.25881904510251758 0 -0.25881904510251758 0.9659258262890692 1 0 0 
2 -2.7650000000000006 2.7983250931341832 1 -1 -0 -0 -0 0 1 0 1 -0 0.29999999999999993
2 -2.7650000000000006 2.7983250931341832 1 -1 -0 -0 -0 0 1 0 1 -0 0.10000000000000005
1 -2.7650000000000006 2.8949176757630899 1.0258819045102519 -0 0.9659258262890692 0.25881904510251758 0 -0.25881904510251758 0.9659258262890692 1 0 0 
2 -2.7650000000000006 3.3999999999999999 0.2999999999999996 -1 -0 -0 -0 0 1 0 1 -0 0.30000000000000027
1 -2.7650000000000006 3.3999999999999999 -4.0657581468206416e-16 -0 1.3552527156068808e-16 1 0 -1 1.3552527156068808e-16 1 0 0 
1 -2.1150000000000007 3.3999999999999999 0.19999999999999959 -0 1.3552527156068808e-16 1 0 -1 1.3552527156068808e-16 1 0 0 
2 -2.1150000000000007 3.3999999999999999 0.2999999999999996 -1 -0 -0 -0 0 1 0 1 -0 0.10000000000000021
1 -2.1150000000000007 3.8999999999999999 -4.7433845046240819e-16 0 -1 0 0 -0 -1 1 0 0 
1 -2.1150000000000007 3.0881028410209037 1.0776457135307553 -0 0.9659258262890692 0.25881904510251758 0 -0.25881904510251758 0.9659258262890692 1 0 0 
2 -2.1150000000000007 2.7983250931341832 1 -1 -0 -0 -0 0 1 0 1 -0 0.29999999999999993
2 -2.1150000000000007 2.7983250931341832 1 -1 -0 -0 -0 0 1 0 1 -0 0.10000000000000005
1 -2.1150000000000007 2.8949176757630899 1.0258819045102519 -0 0.9659258262890692 0.25881904510251758 0 -0.25881904510251758 0.9659258262890692 1 0 0 
2 -2.1150000000000007 3.3999999999999999 0.2999999999999996 -1 -0 -0 -0 0 1 0 1 -0 0.30000000000000027
1 -2.1150000000000007 3.3999999999999999 -4.0657581468206416e-16 -0 1.3552527156068808e-16 1 0 -1 1.3552527156068808e-16 1 0 0 
1 -1.4650000000000005 3.3999999999999999 0.19999999999999959 -0 1.3552527156068808e-16 1 0 -1 1.3552527156068808e-16 1 0 0 
2 -1.4650000000000005 3.3999999999999999 0.2999999999999996 -1 -0 -0 -0 0 1 0 1 -0 0.10000000000000021
1 -1.4650000000000005 3.8999999999999999 -4.7433845046240819e-16 0 -1 0 0 -0 -1 1 0 0 
1 -1.4650000000000005 3.0881028410209037 1.0776457135307553 -0 0.9659258262890692 0.25881904510251758 0 -0.25881904510251758 0.9659258262890692 1 0 0 
2 -1.4650000000000005 2.7983250931341832 1 -1 -0 -0 -0 0 1 0 1 -0 0.29999999999999993
2 -1.4650000000000005 2.7983250931341832 1 -1 -0 -0 -0 0 1 0 1 -0 0.10000000000000005
1 -1.4650000000000005 2.8949176757630899 1.0258819045102519 -0 0.9659258262890692 0.25881904510251758 0 -0.25881904510251758 0.9659258262890692 1 0 0 
2 -1.4650000000000005 3.3999999999999999 0.2999999999999996 -1 -0 -0 -0 0 1 0 1 -0 0.30000000000000027
1 -1.4650000000000005 3.3999999999999999 -4.0657581468206416e-16 -0 1.3552527156068808e-16 1 0 -1 1.3552527156068808e-16 1 0 0 
1 -0.81500000000000061 3.3999999999999999 0.19999999999999959 -0 1.3552527156068808e-16 1 0 -1 1.3552527156068808e-16 1 0 0 
2 -0.81500000000000061 3.3999999999999999 0.2999999999999996 -1 -0 -0 -0 0 1 0 1 -0 0.10000000000000021
1 -0.81500000000000061 3.8999999999999999 -4.7433845046240819e-16 0 -1 0 0 -0 -1 1 0 0 
1 -0.81500000000000061 3.0881028410209037 1.0776457135307553 -0 0.9659258262890692 0.25881904510251758 0 -0.25881904510251758 0.9659258262890692 1 0 0 
2 -0.81500000000000061 2.7983250931341832 1 -1 -0 -0 -0 0 1 0 1 -0 0.29999999999999993
2 -0.81500000000000061 2.7983250931341832 1 -1 -0 -0 -0 0 1 0 1 -0 0.10000000000000005
1 -0.81500000000000061 2.8949176757630899 1.0258819045102519 -0 0.9659258262890692 0.25881904510251758 0 -0.25881904510251758 0.9659258262890692 1 0 0 
2 -0.81500000000000061 3.3999999999999999 0.2999999999999996 -1 -0 -0 -0 0 1 0 1 -0 0.30000000000000027
1 -0.81500000000000061 3.3999999999999999 -4.0657581468206416e-16 -0 1.3552527156068808e-16 1 0 -1 1.3552527156068808e-16 1 0 0 
1 -0.16500000000000059 3.3999999999999999 0.19999999999999959 -0 1.3552527156068808e-16 1 0 -1 1.3552527156068808e-16 1 0 0 
2 -0.16500000000000059 3.3999999999999999 0.2999999999999996 -1 -0 -0 -0 0 1 0 1 -0 0.10000000000000021
1 -0.16500000000000059 3.8999999999999999 -4.7433845046240819e-16 0 -1 0 0 -0 -1 1 0 0 
1 -0.16500000000000059 3.0881028410209037 1.0776457135307553 -0 0.9659258262890692 0.25881904510251758 0 -0.25881904510251758 0.9659258262890692 1 0 0 
2 -0.16500000000000059 2.7983250931341832 1 -1 -0 -0 -0 0 1 0 1 -0 0.29999999999999993
2 -0.16500000000000059 2.7983250931341832 1 -1 -0 -0 -0 0 1 0 1 -0 0.10000000000000005
1 -0.16500000000000059 2.8949176757630899 1.0258819045102519 -0 0.9659258262890692 0.25881904510251758 0 -0.25881904510251758 0.9659258262890692 1 0 0 
2 -0.16500000000000059 3.3999999999999999 0.2999999999999996 -1 -0 -0 -0 0 1 0 1 -0 0.30000000000000027
1 -0.16500000000000059 3.3999999999999999 -4.0657581468206416e-16 -0 1.3552527156068808e-16 1 0 -1 1.3552527156068808e-16 1 0 0 
1 0.48499999999999976 3.3999999999999999 0.19999999999999959 -0 1.3552527156068808e-16 1 0 -1 1.3552527156068808e-16 1 0 0 
2 0.48499999999999976 3.3999999999999999 0.2999999999999996 -1 -0 -0 -0 0 1 0 1 -0 0.10000000000000021
1 0.48499999999999976 3.8999999999999999 -4.7433845046240819e-16 0 -1 0 0 -0 -1 1 0 0 
1 0.48499999999999976 3.0881028410209037 1.0776457135307553 -0 0.9659258262890692 0.25881904510251758 0 -0.25881904510251758 0.9659258262890692 1 0 0 
2 0.48499999999999976 2.7983250931341832 1 -1 -0 -0 -0 0 1 0 1 -0 0.29999999999999993
2 0.48499999999999976 2.7983250931341832 1 -1 -0 -0 -0 0 1 0 1 -0 0.10000000000000005
1 0.48499999999999976 2.8949176757630899 1.0258819045102519 -0 0.9659258262890692 0.25881904510251758 0 -0.25881904510251758 0.9659258262890692 1 0 0 
2 0.48499999999999976 3.3999999999999999 0.2999999999999996 -1 -0 -0 -0 0 1 0 1 -0 0.30000000000000027
1 0.48499999999999976 3.3999999999999999 -4.0657581468206416e-16 -0 1.3552527156068808e-16 1 0 -1 1.3552527156068808e-16 1 0 0 
1 1.1349999999999993 3.3999999999999999 0.19999999999999959 -0 1.3552527156068808e-16 1 0 -1 1.3552527156068808e-16 1 0 0 
2 1.1349999999999993 3.3999999999999999 0.2999999999999996 -1 -0 -0 -0 0 1 0 1 -0 0.10000000000000021
1 1.1349999999999993 3.8999999999999999 -4.7433845046240819e-16 0 -1 0 0 -0 -1 1 0 0 
1 1.1349999999999993 3.0881028410209037 1.0776457135307553 -0 0.9659258262890692 0.25881904510251758 0 -0.25881904510251758 0.9659258262890692 1 0 0 
2 1.1349999999999993 2.7983250931341832 1 -1 -0 -0 -0 0 1 0 1 -0 0.29999999999999993
2 1.1349999999999993 2.7983250931341832 1 -1 -0 -0 -0 0 1 0 1 -0 0.10000000000000005
1 1.1349999999999993 2.8949176757630899 1.0258819045102519 -0 0.9659258262890692 0.25881904510251758 0 -0.25881904510251758 0.9659258262890692 1 0 0 
2 1.1349999999999993 3.3999999999999999 0.2999999999999996 -1 -0 -0 -0 0 1 0 1 -0 0.30000000000000027
1 1.1349999999999993 3.3999999999999999 -4.0657581468206416e-16 -0 1.3552527156068808e-16 1 0 -1 1.3552527156068808e-16 1 0 0 
1 1.7849999999999988 3.3999999999999999 0.19999999999999959 -0 1.3552527156068808e-16 1 0 -1 1.3552527156068808e-16 1 0 0 
2 1.7849999999999988 3.3999999999999999 0.2999999999999996 -1 -0 -0 -0 0 1 0 1 -0 0.10000000000000021
1 1.7849999999999988 3.8999999999999999 -4.7433845046240819e-16 0 -1 0 0 -0 -1 1 0 0 
1 1.7849999999999988 3.0881028410209037 1.0776457135307553 -0 0.9659258262890692 0.25881904510251758 0 -0.25881904510251758 0.9659258262890692 1 0 0 
2 1.7849999999999988 2.7983250931341832 1 -1 -0 -0 -0 0 1 0 1 -0 0.29999999999999993
2 1.7849999999999988 2.7983250931341832 1 -1 -0 -0 -0 0 1 0 1 -0 0.10000000000000005
1 1.7849999999999988 2.8949176757630899 1.0258819045102519 -0 0.9659258262890692 0.25881904510251758 0 -0.25881904510251758 0.9659258262890692 1 0 0 
2 1.7849999999999988 3.3999999999999999 0.2999999999999996 -1 -0 -0 -0 0 1 0 1 -0 0.30000000000000027
1 1.7849999999999988 3.3999999999999999 -4.0657581468206416e-16 -0 1.3552527156068808e-16 1 0 -1 1.3552527156068808e-16 1 0 0 
1 2.4349999999999992 3.3999999999999999 0.19999999999999959 -0 1.3552527156068808e-16 1 0 -1 1.3552527156068808e-16 1 0 0 
2 2.4349999999999992 3.3999999999999999 0.2999999999999996 -1 -0 -0 -0 0 1 0 1 -0 0.10000000000000021
1 2.4349999999999992 3.8999999999999999 -4.7433845046240819e-16 0 -1 0 0 -0 -1 1 0 0 
1 2.4349999999999992 3.0881028410209037 1.0776457135307553 -0 0.9659258262890692 0.25881904510251758 0 -0.25881904510251758 0.9659258262890692 1 0 0 
2 2.4349999999999992 2.7983250931341832 1 -1 -0 -0 -0 0 1 0 1 -0 0.29999999999999993
2 2.4349999999999992 2.7983250931341832 1 -1 -0 -0 -0 0 1 0 1 -0 0.10000000000000005
1 2.4349999999999992 2.8949176757630899 1.0258819045102519 -0 0.9659258262890692 0.25881904510251758 0 -0.25881904510251758 0.9659258262890692 1 0 0 
2 2.4349999999999992 3.3999999999999999 0.2999999999999996 -1 -0 -0 -0 0 1 0 1 -0 0.30000000000000027
1 2.4349999999999992 3.3999999999999999 -4.0657581468206416e-16 -0 1.3552527156068808e-16 1 0 -1 1.3552527156068808e-16 1 0 0 
1 3.0849999999999995 3.3999999999999999 0.19999999999999959 -0 1.3552527156068808e-16 1 0 -1 1.3552527156068808e-16 1 0 0 
2 3.0849999999999995 3.3999999999999999 0.2999999999999996 -1 -0 -0 -0 0 1 0 1 -0 0.10000000000000021
1 3.0849999999999995 3.8999999999999999 -4.7433845046240819e-16 0 -1 0 0 -0 -1 1 0 0 
1 3.0849999999999995 3.0881028410209037 1.0776457135307553 -0 0.9659258262890692 0.25881904510251758 0 -0.25881904510251758 0.9659258262890692 1 0 0 
2 3.0849999999999995 2.7983250931341832 1 -1 -0 -0 -0 0 1 0 1 -0 0.29999999999999993
2 3.0849999999999995 2.7983250931341832 1 -1 -0 -0 -0 0 1 0 1 -0 0.10000000000000005
1 3.0849999999999995 2.8949176757630899 1.0258819045102519 -0 0.9659258262890692 0.25881904510251758 0 -0.25881904510251758 0.9659258262890692 1 0 0 
2 3.0849999999999995 3.3999999999999999 0.2999999999999996 -1 -0 -0 -0 0 1 0 1 -0 0.30000000000000027
1 3.0849999999999995 3.3999999999999999 -4.0657581468206416e-16 -0 1.3552527156068808e-16 1 0 -1 1.3552527156068808e-16 1 0 0 
1 3.734999999999999 3.3999999999999999 0.19999999999999959 -0 1.3552527156068808e-16 1 0 -1 1.3552527156068808e-16 1 0 0 
2 3.734999999999999 3.3999999999999999 0.2999999999999996 -1 -0 -0 -0 0 1 0 1 -0 0.10000000000000021
1 3.734999999999999 3.8999999999999999 -4.7433845046240819e-16 0 -1 0 0 -0 -1 1 0 0 
1 3.734999999999999 3.0881028410209037 1.0776457135307553 -0 0.9659258262890692 0.25881904510251758 0 -0.25881904510251758 0.9659258262890692 1 0 0 
2 3.734999999999999 2.7983250931341832 1 -1 -0 -0 -0 0 1 0 1 -0 0.29999999999999993
2 3.734999999999999 2.7983250931341832 1 -1 -0 -0 -0 0 1 0 1 -0 0.10000000000000005
1 3.734999999999999 2.8949176757630899 1.0258819045102519 -0 0.9659258262890692 0.25881904510251758 0 -0.25881904510251758 0.9659258262890692 1 0 0 
2 3.734999999999999 3.3999999999999999 0.2999999999999996 -1 -0 -0 -0 0 1 0 1 -0 0.30000000000000027
1 3.734999999999999 3.3999999999999999 -4.0657581468206416e-16 -0 1.3552527156068808e-16 1 0 -1 1.3552527156068808e-16 1 0 0 
1 4.384999999999998 3.3999999999999999 0.19999999999999959 -0 1.3552527156068808e-16 1 0 -1 1.3552527156068808e-16 1 0 0 
2 4.384999999999998 3.3999999999999999 0.2999999999999996 -1 -0 -0 -0 0 1 0 1 -0 0.10000000000000021
1 4.384999999999998 3.8999999999999999 -4.7433845046240819e-16 0 -1 0 0 -0 -1 1 0 0 
1 4.384999999999998 3.0881028410209037 1.0776457135307553 -0 0.9659258262890692 0.25881904510251758 0 -0.25881904510251758 0.9659258262890692 1 0 0 
2 4.384999999999998 2.7983250931341832 1 -1 -0 -0 -0 0 1 0 1 -0 0.29999999999999993
2 4.384999999999998 2.7983250931341832 1 -1 -0 -0 -0 0 1 0 1 -0 0.10000000000000005
1 4.384999999999998 2.8949176757630899 1.0258819045102519 -0 0.9659258262890692 0.25881904510251758 0 -0.25881904510251758 0.9659258262890692 1 0 0 
2 4.384999999999998 3.3999999999999999 0.2999999999999996 -1 -0 -0 -0 0 1 0 1 -0 0.30000000000000027
1 4.384999999999998 3.3999999999999999 -4.0657581468206416e-16 -0 1.3552527156068808e-16 1 0 -1 1.3552527156068808e-16 1 0 0 
Triangulations 0

TShapes 4267
Ve
1e-07
-3.67617133857391 -1.62592856308225 2.19
0 0

0101101
*
Ve
1e-07
-3.67617133857391 -1.62592856308225 2.2
0 0

0101101
*
Ed
 1e-07 1 1 0
1  1 0 0 0.0100000000000002
2  1 1 0 0 0.0100000000000002
2  2 2 0 0 0.0100000000000002
4 CN 1 0 2 0
0

0101000
+4267 3 -4266 3 *
Ve
1e-07
-4.36284595037048 -1.62592856308225 2.2
0 0

0101101
*
Ed
 1e-07 1 1 0
1  2 0 3.14159265358979 6.28318530717959
2  3 1 0 3.14159265358979 6.28318530717959
2  4 3 0 3.14159265358979 6.28318530717959
0

0101000
+4264 3 -4266 3 *
Ve
1e-07
-4.36284595037048 -1.62592856308225 2.19
0 0

0101101
*
Ed
 1e-07 1 1 0
1  3 0 0 0.0100000000000002
2  5 1 0 0 0.0100000000000002
2  6 2 0 0 0.0100000000000002
4 CN 1 0 2 0
0

0101000
+4262 3 -4264 3 *
Ed
 1e-07 1 1 0
1  4 0 3.14159265358979 6.28318530717959
2  7 1 0 3.14159265358979 6.28318530717959
2  8 4 0 3.14159265358979 6.28318530717959
0

0101000
+4262 3 -4267 3 *
Wi

0101100
+4265 0 -4263 0 -4261 0 +4260 0 *
Fa
0  1e-07 1 0

0101000
+4259 0 *
Ve
1e-07
4.065 2.65 1.29999999999997
0 0

0101101
*
Ve
1e-07
4.065 2.65 1.10000000000003
0 0

0101101
*
Ed
 1e-07 1 1 0
1  5 0 2.59792187762287e-14 0.199999999999974
2  9 5 0 2.59792187762287e-14 0.199999999999974
2  10 6 0 2.59792187762287e-14 0.199999999999974
0

0101000
+4257 3 -4256 3 *
Ve
1e-07
3.735 2.65 1.10000000000003
0 0

0101101
*
Ed
 1e-07 1 1 0
1  6 0 -9.165 -8.835
2  11 5 0 -9.165 -8.835
2  12 7 0 -9.165 -8.835
0

0101000
+4256 3 -4254 3 *
Ve
1e-07
3.735 2.65 1.3
0 0

0101101
*
Ed
 1e-07 1 1 0
1  7 0 0 0.199999999999974
2  13 5 0 0 0.199999999999974
2  14 8 0 0 0.199999999999974
0

0101000
+4252 3 -4254 3 *
Ed
 1e-07 1 1 0
1  8 0 8.835 9.165
2  15 5 0 8.835 9.165
2  16 9 0 8.835 9.165
0

0101000
+4252 3 -4257 3 *
Wi

0101100
+4255 0 +4253 0 -4251 0 +4250 0 *
Fa
0  1e-07 5 0

0101000
-4249 0 *
Ve
1e-07
3.415 2.65 1.29999999999997
0 0

0101101
*
Ve
1e-07
3.415 2.65 1.10000000000003
0 0

0101101
*
Ed
 1e-07 1 1 0
1  9 0 2.59792187762287e-14 0.199999999999974
2  17 10 0 2.59792187762287e-14 0.199999999999974
2  18 11 0 2.59792187762287e-14 0.199999999999974
0

0101000
+4247 3 -4246 3 *
Ve
1e-07
3.085 2.65 1.10000000000003
0 0

0101101
*
Ed
 1e-07 1 1 0
1  10 0 -8.515 -8.185
2  19 10 0 -8.515 -8.185
2  20 7 0 -8.515 -8.185
0

0101000
+4246 3 -4244 3 *
Ve
1e-07
3.085 2.65 1.3
0 0

0101101
*
Ed
 1e-07 1 1 0
1  11 0 0 0.199999999999974
2  21 10 0 0 0.199999999999974
2  22 12 0 0 0.199999999999974
0

0101000
+4242 3 -4244 3 *
Ed
 1e-07 1 1 0
1  12 0 8.185 8.515
2  23 10 0 8.185 8.515
2  24 9 0 8.185 8.515
0

0101000
+4242 3 -4247 3 *
Wi

0101100
+4245 0 +4243 0 -4241 0 +4240 0 *
Fa
0  1e-07 10 0

0101000
-4239 0 *
Ve
1e-07
2.765 2.65 1.29999999999997
0 0

0101101
*
Ve
1e-07
2.765 2.65 1.10000000000003
0 0

0101101
*
Ed
 1e-07 1 1 0
1  13 0 2.59792187762287e-14 0.199999999999974
2  25 13 0 2.59792187762287e-14 0.199999999999974
2  26 14 0 2.59792187762287e-14 0.199999999999974
0

0101000
+4237 3 -4236 3 *
Ve
1e-07
2.435 2.65 1.10000000000003
0 0

0101101
*
Ed
 1e-07 1 1 0
1  14 0 -7.865 -7.535
2  27 13 0 -7.865 -7.535
2  28 7 0 -7.865 -7.535
0

0101000
+4236 3 -4234 3 *
Ve
1e-07
2.435 2.65 1.3
0 0

0101101
*
Ed
 1e-07 1 1 0
1  15 0 0 0.199999999999974
2  29 13 0 0 0.199999999999974
2  30 15 0 0 0.199999999999974
0

0101000
+4232 3 -4234 3 *
Ed
 1e-07 1 1 0
1  16 0 7.535 7.865
2  31 13 0 7.535 7.865
2  32 9 0 7.535 7.865
0

0101000
+4232 3 -4237 3 *
Wi

0101100
+4235 0 +4233 0 -4231 0 +4230 0 *
Fa
0  1e-07 13 0

0101000
-4229 0 *
Ve
1e-07
2.115 2.65 1.29999999999997
0 0

0101101
*
Ve
1e-07
2.115 2.65 1.10000000000003
0 0

0101101
*
Ed
 1e-07 1 1 0
1  17 0 2.59792187762287e-14 0.199999999999974
2  33 16 0 2.59792187762287e-14 0.199999999999974
2  34 17 0 2.59792187762287e-14 0.199999999999974
0

0101000
+4227 3 -4226 3 *
Ve
1e-07
1.785 2.65 1.10000000000003
0 0

0101101
*
Ed
 1e-07 1 1 0
1  18 0 -7.215 -6.885
2  35 16 0 -7.215 -6.885
2  36 7 0 -7.215 -6.885
0

0101000
+4226 3 -4224 3 *
Ve
1e-07
1.785 2.65 1.3
0 0

0101101
*
Ed
 1e-07 1 1 0
1  19 0 0 0.199999999999974
2  37 16 0 0 0.199999999999974
2  38 18 0 0 0.199999999999974
0

0101000
+4222 3 -4224 3 *
Ed
 1e-07 1 1 0
1  20 0 6.885 7.215
2  39 16 0 6.885 7.215
2  40 9 0 6.885 7.215
0

0101000
+4222 3 -4227 3 *
Wi

0101100
+4225 0 +4223 0 -4221 0 +4220 0 *
Fa
0  1e-07 16 0

0101000
-4219 0 *
Ve
1e-07
1.465 2.65 1.29999999999997
0 0

0101101
*
Ve
1e-07
1.465 2.65 1.10000000000003
0 0

0101101
*
Ed
 1e-07 1 1 0
1  21 0 2.59792187762287e-14 0.199999999999974
2  41 19 0 2.59792187762287e-14 0.199999999999974
2  42 20 0 2.59792187762287e-14 0.199999999999974
0

0101000
+4217 3 -4216 3 *
Ve
1e-07
1.135 2.65 1.10000000000003
0 0

0101101
*
Ed
 1e-07 1 1 0
1  22 0 -6.565 -6.235
2  43 19 0 -6.565 -6.235
2  44 7 0 -6.565 -6.235
0

0101000
+4216 3 -4214 3 *
Ve
1e-07
1.135 2.65 1.3
0 0

0101101
*
Ed
 1e-07 1 1 0
1  23 0 0 0.199999999999974
2  45 19 0 0 0.199999999999974
2  46 21 0 0 0.199999999999974
0

0101000
+4212 3 -4214 3 *
Ed
 1e-07 1 1 0
1  24 0 6.235 6.565
2  47 19 0 6.235 6.565
2  48 9 0 6.235 6.565
0

0101000
+4212 3 -4217 3 *
Wi

0101100
+4215 0 +4213 0 -4211 0 +4210 0 *
Fa
0  1e-07 19 0

0101000
-4209 0 *
Ve
1e-07
0.815 2.65 1.29999999999997
0 0

0101101
*
Ve
1e-07
0.814999999999999 2.65 1.10000000000003
0 0

0101101
*
Ed
 1e-07 1 1 0
1  25 0 2.59792187762287e-14 0.199999999999974
2  49 22 0 2.59792187762287e-14 0.199999999999974
2  50 23 0 2.59792187762287e-14 0.199999999999974
0

0101000
+4207 3 -4206 3 *
Ve
1e-07
0.485000000000001 2.65 1.10000000000003
0 0

0101101
*
Ed
 1e-07 1 1 0
1  26 0 -5.915 -5.585
2  51 22 0 -5.915 -5.585
2  52 7 0 -5.915 -5.585
0

0101000
+4206 3 -4204 3 *
Ve
1e-07
0.485 2.65 1.3
0 0

0101101
*
Ed
 1e-07 1 1 0
1  27 0 0 0.199999999999974
2  53 22 0 0 0.199999999999974
2  54 24 0 0 0.199999999999974
0

0101000
+4202 3 -4204 3 *
Ed
 1e-07 1 1 0
1  28 0 5.585 5.915
2  55 22 0 5.585 5.915
2  56 9 0 5.585 5.915
0

0101000
+4202 3 -4207 3 *
Wi

0101100
+4205 0 +4203 0 -4201 0 +4200 0 *
Fa
0  1e-07 22 0

0101000
-4199 0 *
Ve
1e-07
0.165 2.65 1.29999999999997
0 0

0101101
*
Ve
1e-07
0.165 2.65 1.10000000000003
0 0

0101101
*
Ed
 1e-07 1 1 0
1  29 0 2.59792187762287e-14 0.199999999999974
2  57 25 0 2.59792187762287e-14 0.199999999999974
2  58 26 0 2.59792187762287e-14 0.199999999999974
0

0101000
+4197 3 -4196 3 *
Ve
1e-07
-0.165 2.65 1.10000000000003
0 0

0101101
*
Ed
 1e-07 1 1 0
1  30 0 -5.265 -4.935
2  59 25 0 -5.265 -4.935
2  60 7 0 -5.265 -4.935
0

0101000
+4196 3 -4194 3 *
Ve
1e-07
-0.165 2.65 1.3
0 0

0101101
*
Ed
 1e-07 1 1 0
1  31 0 0 0.199999999999974
2  61 25 0 0 0.199999999999974
2  62 27 0 0 0.199999999999974
0

0101000
+4192 3 -4194 3 *
Ed
 1e-07 1 1 0
1  32 0 4.935 5.265
2  63 25 0 4.935 5.265
2  64 9 0 4.935 5.265
0

0101000
+4192 3 -4197 3 *
Wi

0101100
+4195 0 +4193 0 -4191 0 +4190 0 *
Fa
0  1e-07 25 0

0101000
-4189 0 *
Ve
1e-07
-0.485000000000001 2.65 1.29999999999997
0 0

0101101
*
Ve
1e-07
-0.485000000000001 2.65 1.10000000000003
0 0

0101101
*
Ed
 1e-07 1 1 0
1  33 0 2.59792187762287e-14 0.199999999999974
2  65 28 0 2.59792187762287e-14 0.199999999999974
2  66 29 0 2.59792187762287e-14 0.199999999999974
0

0101000
+4187 3 -4186 3 *
Ve
1e-07
-0.815 2.65 1.10000000000003
0 0

0101101
*
Ed
 1e-07 1 1 0
1  34 0 -4.615 -4.285
2  67 28 0 -4.615 -4.285
2  68 7 0 -4.615 -4.285
0

0101000
+4186 3 -4184 3 *
Ve
1e-07
-0.815 2.65 1.3
0 0

0101101
*
Ed
 1e-07 1 1 0
1  35 0 0 0.199999999999974
2  69 28 0 0 0.199999999999974
2  70 30 0 0 0.199999999999974
0

0101000
+4182 3 -4184 3 *
Ed
 1e-07 1 1 0
1  36 0 4.285 4.615
2  71 28 0 4.285 4.615
2  72 9 0 4.285 4.615
0

0101000
+4182 3 -4187 3 *
Wi

0101100
+4185 0 +4183 0 -4181 0 +4180 0 *
Fa
0  1e-07 28 0

0101000
-4179 0 *
Ve
1e-07
-1.135 2.65 1.29999999999997
0 0

0101101
*
Ve
1e-07
-1.135 2.65 1.10000000000003
0 0

0101101
*
Ed
 1e-07 1 1 0
1  37 0 2.59792187762287e-14 0.199999999999974
2  73 31 0 2.59792187762287e-14 0.199999999999974
2  74 32 0 2.59792187762287e-14 0.199999999999974
0

0101000
+4177 3 -4176 3 *
Ve
1e-07
-1.465 2.65 1.10000000000003
0 0

0101101
*
Ed
 1e-07 1 1 0
1  38 0 -3.965 -3.635
2  75 31 0 -3.965 -3.635
2  76 7 0 -3.965 -3.635
0

0101000
+4176 3 -4174 3 *
Ve
1e-07
-1.465 2.65 1.3
0 0

0101101
*
Ed
 1e-07 1 1 0
1  39 0 0 0.199999999999974
2  77 31 0 0 0.199999999999974
2  78 33 0 0 0.199999999999974
0

0101000
+4172 3 -4174 3 *
Ed
 1e-07 1 1 0
1  40 0 3.635 3.965
2  79 31 0 3.635 3.965
2  80 9 0 3.635 3.965
0

0101000
+4172 3 -4177 3 *
Wi

0101100
+4175 0 +4173 0 -4171 0 +4170 0 *
Fa
0  1e-07 31 0

0101000
-4169 0 *
Ve
1e-07
-1.785 2.65 1.29999999999997
0 0

0101101
*
Ve
1e-07
-1.785 2.65 1.10000000000003
0 0

0101101
*
Ed
 1e-07 1 1 0
1  41 0 2.59792187762287e-14 0.199999999999974
2  81 34 0 2.59792187762287e-14 0.199999999999974
2  82 35 0 2.59792187762287e-14 0.199999999999974
0

0101000
+4167 3 -4166 3 *
Ve
1e-07
-2.115 2.65 1.10000000000003
0 0

0101101
*
Ed
 1e-07 1 1 0
1  42 0 -3.315 -2.985
2  83 34 0 -3.315 -2.985
2  84 7 0 -3.315 -2.985
0

0101000
+4166 3 -4164 3 *
Ve
1e-07
-2.115 2.65 1.3
0 0

0101101
*
Ed
 1e-07 1 1 0
1  43 0 0 0.199999999999974
2  85 34 0 0 0.199999999999974
2  86 36 0 0 0.199999999999974
0

0101000
+4162 3 -4164 3 *
Ed
 1e-07 1 1 0
1  44 0 2.985 3.315
2  87 34 0 2.985 3.315
2  88 9 0 2.985 3.315
0

0101000
+4162 3 -4167 3 *
Wi

0101100
+4165 0 +4163 0 -4161 0 +4160 0 *
Fa
0  1e-07 34 0

0101000
-4159 0 *
Ve
1e-07
-2.435 2.65 1.29999999999997
0 0

0101101
*
Ve
1e-07
-2.435 2.65 1.10000000000003
0 0

0101101
*
Ed
 1e-07 1 1 0
1  45 0 2.59792187762287e-14 0.199999999999974
2  89 37 0 2.59792187762287e-14 0.199999999999974
2  90 38 0 2.59792187762287e-14 0.199999999999974
0

0101000
+4157 3 -4156 3 *
Ve
1e-07
-2.765 2.65 1.10000000000003
0 0

0101101
*
Ed
 1e-07 1 1 0
1  46 0 -2.665 -2.335
2  91 37 0 -2.665 -2.335
2  92 7 0 -2.665 -2.335
0

0101000
+4156 3 -4154 3 *
Ve
1e-07
-2.765 2.65 1.3
0 0

0101101
*
Ed
 1e-07 1 1 0
1  47 0 0 0.199999999999974
2  93 37 0 0 0.199999999999974
2  94 39 0 0 0.199999999999974
0

0101000
+4152 3 -4154 3 *
Ed
 1e-07 1 1 0
1  48 0 2.335 2.665
2  95 37 0 2.335 2.665
2  96 9 0 2.335 2.665
0

0101000
+4152 3 -4157 3 *
Wi

0101100
+4155 0 +4153 0 -4151 0 +4150 0 *
Fa
0  1e-07 37 0

0101000
-4149 0 *
Ve
1e-07
-3.085 2.65 1.29999999999997
0 0

0101101
*
Ve
1e-07
-3.085 2.65 1.10000000000003
0 0

0101101
*
Ed
 1e-07 1 1 0
1  49 0 2.59792187762287e-14 0.199999999999974
2  97 40 0 2.59792187762287e-14 0.199999999999974
2  98 41 0 2.59792187762287e-14 0.199999999999974
0

0101000
+4147 3 -4146 3 *
Ve
1e-07
-3.415 2.65 1.10000000000003
0 0

0101101
*
Ed
 1e-07 1 1 0
1  50 0 -2.015 -1.685
2  99 40 0 -2.015 -1.685
2  100 7 0 -2.015 -1.685
0

0101000
+4146 3 -4144 3 *
Ve
1e-07
-3.415 2.65 1.3
0 0

0101101
*
Ed
 1e-07 1 1 0
1  51 0 0 0.199999999999974
2  101 40 0 0 0.199999999999974
2  102 42 0 0 0.199999999999974
0

0101000
+4142 3 -4144 3 *
Ed
 1e-07 1 1 0
1  52 0 1.685 2.015
2  103 40 0 1.685 2.015
2  104 9 0 1.685 2.015
0

0101000
+4142 3 -4147 3 *
Wi

0101100
+4145 0 +4143 0 -4141 0 +4140 0 *
Fa
0  1e-07 40 0

0101000
-4139 0 *
Ve
1e-07
-3.735 2.65 1.29999999999997
0 0

0101101
*
Ve
1e-07
-3.735 2.65 1.10000000000003
0 0

0101101
*
Ed
 1e-07 1 1 0
1  53 0 2.59792187762287e-14 0.199999999999974
2  105 43 0 2.59792187762287e-14 0.199999999999974
2  106 44 0 2.59792187762287e-14 0.199999999999974
0

0101000
+4137 3 -4136 3 *
Ve
1e-07
-4.065 2.65 1.10000000000003
0 0

0101101
*
Ed
 1e-07 1 1 0
1  54 0 -1.365 -1.035
2  107 43 0 -1.365 -1.035
2  108 7 0 -1.365 -1.035
0

0101000
+4136 3 -4134 3 *
Ve
1e-07
-4.065 2.65 1.3
0 0

0101101
*
Ed
 1e-07 1 1 0
1  55 0 0 0.199999999999974
2  109 43 0 0 0.199999999999974
2  110 45 0 0 0.199999999999974
0

0101000
+4132 3 -4134 3 *
Ed
 1e-07 1 1 0
1  56 0 1.035 1.365
2  111 43 0 1.035 1.365
2  112 9 0 1.035 1.365
0

0101000
+4132 3 -4137 3 *
Wi

0101100
+4135 0 +4133 0 -4131 0 +4130 0 *
Fa
0  1e-07 43 0

0101000
-4129 0 *
Ve
1e-07
-4.385 2.65 1.29999999999997
0 0

0101101
*
Ve
1e-07
-4.385 2.65 1.10000000000003
0 0

0101101
*
Ed
 1e-07 1 1 0
1  57 0 2.59792187762287e-14 0.199999999999974
2  113 46 0 2.59792187762287e-14 0.199999999999974
2  114 47 0 2.59792187762287e-14 0.199999999999974
0

0101000
+4127 3 -4126 3 *
Ve
1e-07
-4.95 2.65 1.10000000000003
0 0

0101101
*
Ed
 1e-07 1 1 0
1  58 0 -0.715 -0.15
2  115 46 0 -0.715 -0.15
2  116 7 0 -0.715 -0.15
0

0101000
+4126 3 -4124 3 *
Ve
1e-07
-4.95 2.65 1.29999999999997
0 0

0101101
*
Ed
 1e-07 1 1 0
1  59 0 -1.09999999999997 -0.900000000000026
2  117 46 0 -1.09999999999997 -0.900000000000026
2  118 48 0 -1.09999999999997 -0.900000000000026
4 G1 46 0 48 0
0

0101000
+4124 3 -4122 3 *
Ed
 1e-07 1 1 0
1  60 0 0.15 0.715
2  119 46 0 0.15 0.715
2  120 9 0 0.15 0.715
0

0101000
+4122 3 -4127 3 *
Wi

0101100
+4125 0 +4123 0 +4121 0 +4120 0 *
Fa
0  1e-07 46 0

0101000
-4119 0 *
Ve
1e-07
4.065 -2.65 1.3
0 0

0101101
*
Ve
1e-07
4.065 -2.65 1.10000000000003
0 0

0101101
*
Ed
 1e-07 1 1 0
1  61 0 0 0.199999999999974
2  121 49 0 0 0.199999999999974
2  122 50 0 0 0.199999999999974
0

0101000
+4117 3 -4116 3 *
Ve
1e-07
3.735 -2.65 1.29999999999997
0 0

0101101
*
Ed
 1e-07 1 1 0
1  62 0 -9.165 -8.835
2  123 49 0 -9.165 -8.835
2  124 51 0 -9.165 -8.835
0

0101000
+4117 3 -4114 3 *
Ve
1e-07
3.735 -2.65 1.10000000000003
0 0

0101101
*
Ed
 1e-07 1 1 0
1  63 0 2.59792187762287e-14 0.199999999999974
2  125 49 0 2.59792187762287e-14 0.199999999999974
2  126 52 0 2.59792187762287e-14 0.199999999999974
0

0101000
+4114 3 -4112 3 *
Ed
 1e-07 1 1 0
1  64 0 -1.365 -1.035
2  127 49 0 -1.365 -1.035
2  128 53 0 -1.365 -1.035
0

0101000
+4112 3 -4116 3 *
Wi

0101100
-4115 0 +4113 0 +4111 0 +4110 0 *
Fa
0  1e-07 49 0

0101000
-4109 0 *
Ve
1e-07
3.415 -2.65 1.3
0 0

0101101
*
Ve
1e-07
3.415 -2.65 1.10000000000003
0 0

0101101
*
Ed
 1e-07 1 1 0
1  65 0 0 0.199999999999974
2  129 54 0 0 0.199999999999974
2  130 55 0 0 0.199999999999974
0

0101000
+4107 3 -4106 3 *
Ve
1e-07
3.085 -2.65 1.29999999999997
0 0

0101101
*
Ed
 1e-07 1 1 0
1  66 0 -8.515 -8.185
2  131 54 0 -8.515 -8.185
2  132 51 0 -8.515 -8.185
0

0101000
+4107 3 -4104 3 *
Ve
1e-07
3.085 -2.65 1.10000000000003
0 0

0101101
*
Ed
 1e-07 1 1 0
1  67 0 2.59792187762287e-14 0.199999999999974
2  133 54 0 2.59792187762287e-14 0.199999999999974
2  134 56 0 2.59792187762287e-14 0.199999999999974
0

0101000
+4104 3 -4102 3 *
Ed
 1e-07 1 1 0
1  68 0 -2.015 -1.685
2  135 54 0 -2.015 -1.685
2  136 53 0 -2.015 -1.685
0

0101000
+4102 3 -4106 3 *
Wi

0101100
-4105 0 +4103 0 +4101 0 +4100 0 *
Fa
0  1e-07 54 0

0101000
-4099 0 *
Ve
1e-07
2.765 -2.65 1.3
0 0

0101101
*
Ve
1e-07
2.765 -2.65 1.10000000000003
0 0

0101101
*
Ed
 1e-07 1 1 0
1  69 0 0 0.199999999999974
2  137 57 0 0 0.199999999999974
2  138 58 0 0 0.199999999999974
0

0101000
+4097 3 -4096 3 *
Ve
1e-07
2.435 -2.65 1.29999999999997
0 0

0101101
*
Ed
 1e-07 1 1 0
1  70 0 -7.865 -7.535
2  139 57 0 -7.865 -7.535
2  140 51 0 -7.865 -7.535
0

0101000
+4097 3 -4094 3 *
Ve
1e-07
2.435 -2.65 1.10000000000003
0 0

0101101
*
Ed
 1e-07 1 1 0
1  71 0 2.59792187762287e-14 0.199999999999974
2  141 57 0 2.59792187762287e-14 0.199999999999974
2  142 59 0 2.59792187762287e-14 0.199999999999974
0

0101000
+4094 3 -4092 3 *
Ed
 1e-07 1 1 0
1  72 0 -2.665 -2.335
2  143 57 0 -2.665 -2.335
2  144 53 0 -2.665 -2.335
0

0101000
+4092 3 -4096 3 *
Wi

0101100
-4095 0 +4093 0 +4091 0 +4090 0 *
Fa
0  1e-07 57 0

0101000
-4089 0 *
Ve
1e-07
2.115 -2.65 1.3
0 0

0101101
*
Ve
1e-07
2.115 -2.65 1.10000000000003
0 0

0101101
*
Ed
 1e-07 1 1 0
1  73 0 0 0.199999999999974
2  145 60 0 0 0.199999999999974
2  146 61 0 0 0.199999999999974
0

0101000
+4087 3 -4086 3 *
Ve
1e-07
1.785 -2.65 1.29999999999997
0 0

0101101
*
Ed
 1e-07 1 1 0
1  74 0 -7.215 -6.885
2  147 60 0 -7.215 -6.885
2  148 51 0 -7.215 -6.885
0

0101000
+4087 3 -4084 3 *
Ve
1e-07
1.785 -2.65 1.10000000000003
0 0

0101101
*
Ed
 1e-07 1 1 0
1  75 0 2.59792187762287e-14 0.199999999999974
2  149 60 0 2.59792187762287e-14 0.199999999999974
2  150 62 0 2.59792187762287e-14 0.199999999999974
0

0101000
+4084 3 -4082 3 *
Ed
 1e-07 1 1 0
1  76 0 -3.315 -2.985
2  151 60 0 -3.315 -2.985
2  152 53 0 -3.315 -2.985
0

0101000
+4082 3 -4086 3 *
Wi

0101100
-4085 0 +4083 0 +4081 0 +4080 0 *
Fa
0  1e-07 60 0

0101000
-4079 0 *
Ve
1e-07
1.465 -2.65 1.3
0 0

0101101
*
Ve
1e-07
1.465 -2.65 1.10000000000003
0 0

0101101
*
Ed
 1e-07 1 1 0
1  77 0 0 0.199999999999974
2  153 63 0 0 0.199999999999974
2  154 64 0 0 0.199999999999974
0

0101000
+4077 3 -4076 3 *
Ve
1e-07
1.135 -2.65 1.29999999999997
0 0

0101101
*
Ed
 1e-07 1 1 0
1  78 0 -6.565 -6.235
2  155 63 0 -6.565 -6.235
2  156 51 0 -6.565 -6.235
0

0101000
+4077 3 -4074 3 *
Ve
1e-07
1.135 -2.65 1.10000000000003
0 0

0101101
*
Ed
 1e-07 1 1 0
1  79 0 2.59792187762287e-14 0.199999999999974
2  157 63 0 2.59792187762287e-14 0.199999999999974
2  158 65 0 2.59792187762287e-14 0.199999999999974
0

0101000
+4074 3 -4072 3 *
Ed
 1e-07 1 1 0
1  80 0 -3.965 -3.635
2  159 63 0 -3.965 -3.635
2  160 53 0 -3.965 -3.635
0

0101000
+4072 3 -4076 3 *
Wi

0101100
-4075 0 +4073 0 +4071 0 +4070 0 *
Fa
0  1e-07 63 0

0101000
-4069 0 *
Ve
1e-07
0.815 -2.65 1.3
0 0

0101101
*
Ve
1e-07
0.814999999999999 -2.65 1.10000000000003
0 0

0101101
*
Ed
 1e-07 1 1 0
1  81 0 0 0.199999999999974
2  161 66 0 0 0.199999999999974
2  162 67 0 0 0.199999999999974
0

0101000
+4067 3 -4066 3 *
Ve
1e-07
0.485 -2.65 1.29999999999997
0 0

0101101
*
Ed
 1e-07 1 1 0
1  82 0 -5.915 -5.585
2  163 66 0 -5.915 -5.585
2  164 51 0 -5.915 -5.585
0

0101000
+4067 3 -4064 3 *
Ve
1e-07
0.485000000000001 -2.65 1.10000000000003
0 0

0101101
*
Ed
 1e-07 1 1 0
1  83 0 2.59792187762287e-14 0.199999999999974
2  165 66 0 2.59792187762287e-14 0.199999999999974
2  166 68 0 2.59792187762287e-14 0.199999999999974
0

0101000
+4064 3 -4062 3 *
Ed
 1e-07 1 1 0
1  84 0 -4.615 -4.285
2  167 66 0 -4.615 -4.285
2  168 53 0 -4.615 -4.285
0

0101000
+4062 3 -4066 3 *
Wi

0101100
-4065 0 +4063 0 +4061 0 +4060 0 *
Fa
0  1e-07 66 0

0101000
-4059 0 *
Ve
1e-07
0.165 -2.65 1.3
0 0

0101101
*
Ve
1e-07
0.165 -2.65 1.10000000000003
0 0

0101101
*
Ed
 1e-07 1 1 0
1  85 0 0 0.199999999999974
2  169 69 0 0 0.199999999999974
2  170 70 0 0 0.199999999999974
0

0101000
+4057 3 -4056 3 *
Ve
1e-07
-0.165 -2.65 1.29999999999997
0 0

0101101
*
Ed
 1e-07 1 1 0
1  86 0 -5.265 -4.935
2  171 69 0 -5.265 -4.935
2  172 51 0 -5.265 -4.935
0

0101000
+4057 3 -4054 3 *
Ve
1e-07
-0.165 -2.65 1.10000000000003
0 0

0101101
*
Ed
 1e-07 1 1 0
1  87 0 2.59792187762287e-14 0.199999999999974
2  173 69 0 2.59792187762287e-14 0.199999999999974
2  174 71 0 2.59792187762287e-14 0.199999999999974
0

0101000
+4054 3 -4052 3 *
Ed
 1e-07 1 1 0
1  88 0 -5.265 -4.935
2  175 69 0 -5.265 -4.935
2  176 53 0 -5.265 -4.935
0

0101000
+4052 3 -4056 3 *
Wi

0101100
-4055 0 +4053 0 +4051 0 +4050 0 *
Fa
0  1e-07 69 0

0101000
-4049 0 *
Ve
1e-07
-0.485 -2.65 1.3
0 0

0101101
*
Ve
1e-07
-0.485000000000001 -2.65 1.10000000000003
0 0

0101101
*
Ed
 1e-07 1 1 0
1  89 0 0 0.199999999999974
2  177 72 0 0 0.199999999999974
2  178 73 0 0 0.199999999999974
0

0101000
+4047 3 -4046 3 *
Ve
1e-07
-0.815 -2.65 1.29999999999997
0 0

0101101
*
Ed
 1e-07 1 1 0
1  90 0 -4.615 -4.285
2  179 72 0 -4.615 -4.285
2  180 51 0 -4.615 -4.285
0

0101000
+4047 3 -4044 3 *
Ve
1e-07
-0.815 -2.65 1.10000000000003
0 0

0101101
*
Ed
 1e-07 1 1 0
1  91 0 2.59792187762287e-14 0.199999999999974
2  181 72 0 2.59792187762287e-14 0.199999999999974
2  182 74 0 2.59792187762287e-14 0.199999999999974
0

0101000
+4044 3 -4042 3 *
Ed
 1e-07 1 1 0
1  92 0 -5.915 -5.585
2  183 72 0 -5.915 -5.585
2  184 53 0 -5.915 -5.585
0

0101000
+4042 3 -4046 3 *
Wi

0101100
-4045 0 +4043 0 +4041 0 +4040 0 *
Fa
0  1e-07 72 0

0101000
-4039 0 *
Ve
1e-07
-1.135 -2.65 1.3
0 0

0101101
*
Ve
1e-07
-1.135 -2.65 1.10000000000003
0 0

0101101
*
Ed
 1e-07 1 1 0
1  93 0 0 0.199999999999974
2  185 75 0 0 0.199999999999974
2  186 76 0 0 0.199999999999974
0

0101000
+4037 3 -4036 3 *
Ve
1e-07
-1.465 -2.65 1.29999999999997
0 0

0101101
*
Ed
 1e-07 1 1 0
1  94 0 -3.965 -3.635
2  187 75 0 -3.965 -3.635
2  188 51 0 -3.965 -3.635
0

0101000
+4037 3 -4034 3 *
Ve
1e-07
-1.465 -2.65 1.10000000000003
0 0

0101101
*
Ed
 1e-07 1 1 0
1  95 0 2.59792187762287e-14 0.199999999999974
2  189 75 0 2.59792187762287e-14 0.199999999999974
2  190 77 0 2.59792187762287e-14 0.199999999999974
0

0101000
+4034 3 -4032 3 *
Ed
 1e-07 1 1 0
1  96 0 -6.565 -6.235
2  191 75 0 -6.565 -6.235
2  192 53 0 -6.565 -6.235
0

0101000
+4032 3 -4036 3 *
Wi

0101100
-4035 0 +4033 0 +4031 0 +4030 0 *
Fa
0  1e-07 75 0

0101000
-4029 0 *
Ve
1e-07
-1.785 -2.65 1.3
0 0

0101101
*
Ve
1e-07
-1.785 -2.65 1.10000000000003
0 0

0101101
*
Ed
 1e-07 1 1 0
1  97 0 0 0.199999999999974
2  193 78 0 0 0.199999999999974
2  194 79 0 0 0.199999999999974
0

0101000
+4027 3 -4026 3 *
Ve
1e-07
-2.115 -2.65 1.29999999999997
0 0

0101101
*
Ed
 1e-07 1 1 0
1  98 0 -3.315 -2.985
2  195 78 0 -3.315 -2.985
2  196 51 0 -3.315 -2.985
0

0101000
+4027 3 -4024 3 *
Ve
1e-07
-2.115 -2.65 1.10000000000003
0 0

0101101
*
Ed
 1e-07 1 1 0
1  99 0 2.59792187762287e-14 0.199999999999974
2  197 78 0 2.59792187762287e-14 0.199999999999974
2  198 80 0 2.59792187762287e-14 0.199999999999974
0

0101000
+4024 3 -4022 3 *
Ed
 1e-07 1 1 0
1  100 0 -7.215 -6.885
2  199 78 0 -7.215 -6.885
2  200 53 0 -7.215 -6.885
0

0101000
+4022 3 -4026 3 *
Wi

0101100
-4025 0 +4023 0 +4021 0 +4020 0 *
Fa
0  1e-07 78 0

0101000
-4019 0 *
Ve
1e-07
-2.435 -2.65 1.3
0 0

0101101
*
Ve
1e-07
-2.435 -2.65 1.10000000000003
0 0

0101101
*
Ed
 1e-07 1 1 0
1  101 0 0 0.199999999999974
2  201 81 0 0 0.199999999999974
2  202 82 0 0 0.199999999999974
0

0101000
+4017 3 -4016 3 *
Ve
1e-07
-2.765 -2.65 1.29999999999997
0 0

0101101
*
Ed
 1e-07 1 1 0
1  102 0 -2.665 -2.335
2  203 81 0 -2.665 -2.335
2  204 51 0 -2.665 -2.335
0

0101000
+4017 3 -4014 3 *
Ve
1e-07
-2.765 -2.65 1.10000000000003
0 0

0101101
*
Ed
 1e-07 1 1 0
1  103 0 2.59792187762287e-14 0.199999999999974
2  205 81 0 2.59792187762287e-14 0.199999999999974
2  206 83 0 2.59792187762287e-14 0.199999999999974
0

0101000
+4014 3 -4012 3 *
Ed
 1e-07 1 1 0
1  104 0 -7.865 -7.535
2  207 81 0 -7.865 -7.535
2  208 53 0 -7.865 -7.535
0

0101000
+4012 3 -4016 3 *
Wi

0101100
-4015 0 +4013 0 +4011 0 +4010 0 *
Fa
0  1e-07 81 0

0101000
-4009 0 *
Ve
1e-07
-3.085 -2.65 1.3
0 0

0101101
*
Ve
1e-07
-3.085 -2.65 1.10000000000003
0 0

0101101
*
Ed
 1e-07 1 1 0
1  105 0 0 0.199999999999974
2  209 84 0 0 0.199999999999974
2  210 85 0 0 0.199999999999974
0

0101000
+4007 3 -4006 3 *
Ve
1e-07
-3.415 -2.65 1.29999999999997
0 0

0101101
*
Ed
 1e-07 1 1 0
1  106 0 -2.015 -1.685
2  211 84 0 -2.015 -1.685
2  212 51 0 -2.015 -1.685
0

0101000
+4007 3 -4004 3 *
Ve
1e-07
-3.415 -2.65 1.10000000000003
0 0

0101101
*
Ed
 1e-07 1 1 0
1  107 0 2.59792187762287e-14 0.199999999999974
2  213 84 0 2.59792187762287e-14 0.199999999999974
2  214 86 0 2.59792187762287e-14 0.199999999999974
0

0101000
+4004 3 -4002 3 *
Ed
 1e-07 1 1 0
1  108 0 -8.515 -8.185
2  215 84 0 -8.515 -8.185
2  216 53 0 -8.515 -8.185
0

0101000
+4002 3 -4006 3 *
Wi

0101100
-4005 0 +4003 0 +4001 0 +4000 0 *
Fa
0  1e-07 84 0

0101000
-3999 0 *
Ve
1e-07
-3.735 -2.65 1.3
0 0

0101101
*
Ve
1e-07
-3.735 -2.65 1.10000000000003
0 0

0101101
*
Ed
 1e-07 1 1 0
1  109 0 0 0.199999999999974
2  217 87 0 0 0.199999999999974
2  218 88 0 0 0.199999999999974
0

0101000
+3997 3 -3996 3 *
Ve
1e-07
-4.065 -2.65 1.29999999999997
0 0

0101101
*
Ed
 1e-07 1 1 0
1  110 0 -1.365 -1.035
2  219 87 0 -1.365 -1.035
2  220 51 0 -1.365 -1.035
0

0101000
+3997 3 -3994 3 *
Ve
1e-07
-4.065 -2.65 1.10000000000003
0 0

0101101
*
Ed
 1e-07 1 1 0
1  111 0 2.59792187762287e-14 0.199999999999974
2  221 87 0 2.59792187762287e-14 0.199999999999974
2  222 89 0 2.59792187762287e-14 0.199999999999974
0

0101000
+3994 3 -3992 3 *
Ed
 1e-07 1 1 0
1  112 0 -9.165 -8.835
2  223 87 0 -9.165 -8.835
2  224 53 0 -9.165 -8.835
0

0101000
+3992 3 -3996 3 *
Wi

0101100
-3995 0 +3993 0 +3991 0 +3990 0 *
Fa
0  1e-07 87 0

0101000
-3989 0 *
Ve
1e-07
-4.385 -2.65 1.3
0 0

0101101
*
Ve
1e-07
-4.385 -2.65 1.10000000000003
0 0

0101101
*
Ed
 1e-07 1 1 0
1  113 0 0 0.199999999999974
2  225 90 0 0 0.199999999999974
2  226 91 0 0 0.199999999999974
0

0101000
+3987 3 -3986 3 *
Ve
1e-07
-4.95 -2.65 1.29999999999997
0 0

0101101
*
Ed
 1e-07 1 1 0
1  114 0 -0.715 -0.15
2  227 90 0 -0.715 -0.15
2  228 51 0 -0.715 -0.15
0

0101000
+3987 3 -3984 3 *
Ve
1e-07
-4.95 -2.65 1.10000000000003
0 0

0101101
*
Ed
 1e-07 1 1 0
1  115 0 0.900000000000026 1.09999999999997
2  229 90 0 0.900000000000026 1.09999999999997
2  230 92 0 0.900000000000026 1.09999999999997
4 G1 90 0 92 0
0

0101000
+3984 3 -3982 3 *
Ed
 1e-07 1 1 0
1  116 0 -10.05 -9.485
2  231 90 0 -10.05 -9.485
2  232 53 0 -10.05 -9.485
0

0101000
+3982 3 -3986 3 *
Wi

0101100
-3985 0 +3983 0 +3981 0 +3980 0 *
Fa
0  1e-07 90 0

0101000
-3979 0 *
Ve
1e-07
3.99181410314888 1.61143937919109 2.2
0 0

0101101
*
Ve
1e-07
3.96540425207541 1.61143937919109 2.2
0 0

0101101
*
Ed
 1e-07 1 1 0
1  117 0 -0.0264098510734718 -0
2  233 3 0 -0.0264098510734718 -0
2  234 93 0 -0.0264098510734718 -0
0

0101000
+3977 3 -3976 3 *
Ve
1e-07
3.92589345125464 1.44424630624794 2.2
0 0

0101101
*
Ed
 1e-07 1 1 0
1  118 0 -0.179719381220659 0
2  235 3 0 -0.179719381220659 0
2  236 94 0 -0.179719381220659 0
0

0101000
+3974 3 -3977 3 *
Ve
1e-07
3.87406151912639 1.39776912738747 2.2
0 0

0101101
*
Ed
 1e-07 1 1 0
1  119 0 1 2
2  237 3 0 1 2
2  238 95 0 1 2
0

0101000
+3972 3 -3974 3 *
Ve
1e-07
3.8576333440486 1.39984864322051 2.2
0 0

0101101
*
Ed
 1e-07 1 1 0
1  120 0 2 3
2  239 3 0 2 3
2  240 96 0 2 3
0

0101000
+3970 3 -3972 3 *
Ve
1e-07
3.8576333440486 1.42251536579673 2.2
0 0

0101101
*
Ed
 1e-07 1 1 0
1  121 0 -0.0226667225762176 -2.22044604925031e-16
2  241 3 0 -0.0226667225762176 -2.22044604925031e-16
2  242 97 0 -0.0226667225762176 -2.22044604925031e-16
0

0101000
+3968 3 -3970 3 *
Ve
1e-07
3.87208597908487 1.4196040436302 2.2
0 0

0101101
*
Ed
 1e-07 1 1 0
1  122 0 4 5
2  243 3 0 4 5
2  244 98 0 4 5
0

0101000
+3966 3 -3968 3 *
Ve
1e-07
3.89818390278449 1.44008727458186 2.2
0 0

0101101
*
Ed
 1e-07 1 1 0
1  123 0 5 6
2  245 3 0 5 6
2  246 99 0 5 6
0

0101000
+3964 3 -3966 3 *
Ve
1e-07
3.90936130038533 1.46649712565672 2.2
0 0

0101101
*
Ed
 1e-07 1 1 0
1  124 0 -0.0286777692808103 -0
2  247 3 0 -0.0286777692808103 -0
2  248 100 0 -0.0286777692808103 -0
0

0101000
+3962 3 -3964 3 *
Ve
1e-07
3.85238256657094 1.61143937919109 2.2
0 0

0101101
*
Ed
 1e-07 1 1 0
1  125 0 -0.155739631971803 0
2  249 3 0 -0.155739631971803 0
2  250 101 0 -0.155739631971803 0
0

0101000
+3960 3 -3962 3 *
Ve
1e-07
3.88087193347814 1.61143937919109 2.2
0 0

0101101
*
Ed
 1e-07 1 1 0
1  126 0 -0.0284893669071979 -0
2  251 3 0 -0.0284893669071979 -0
2  252 102 0 -0.0284893669071979 -0
0

0101000
+3958 3 -3960 3 *
Ve
1e-07
3.91882309742343 1.50226479797746 2.2
0 0

0101101
*
Ed
 1e-07 1 1 0
1  127 0 -0.115582784306201 0
2  253 3 0 -0.115582784306201 0
2  254 103 0 -0.115582784306201 0
0

0101000
+3956 3 -3958 3 *
Ve
1e-07
3.92194237117298 1.49030758193958 2.2
0 0

0101101
*
Ed
 1e-07 1 1 0
1  128 0 -0.0123573817656182 0
2  255 3 0 -0.0123573817656182 0
2  256 104 0 -0.0123573817656182 0
0

0101000
+3954 3 -3956 3 *
Ve
1e-07
3.92261821381782 1.49030758193958 2.2
0 0

0101101
*
Ed
 1e-07 1 1 0
1  129 0 -0.000675842644834557 4.44089209850063e-16
2  257 3 0 -0.000675842644834557 4.44089209850063e-16
2  258 105 0 -0.000675842644834557 4.44089209850063e-16
0

0101000
+3952 3 -3954 3 *
Ve
1e-07
3.92573748756737 1.50205684639444 2.2
0 0

0101101
*
Ed
 1e-07 1 1 0
1  130 0 12 13
2  259 3 0 12 13
2  260 106 0 12 13
0

0101000
+3950 3 -3952 3 *
Ed
 1e-07 1 1 0
1  131 0 -0.116352871419433 -2.08742603291491e-16
2  261 3 0 -0.116352871419433 -2.08742603291491e-16
2  262 107 0 -0.116352871419433 -2.08742603291491e-16
0

0101000
+3976 3 -3950 3 *
Wi

0101100
-3975 0 -3973 0 -3971 0 -3969 0 -3967 0 -3965 0 -3963 0 -3961 0 -3959 0 -3957 0 
-3955 0 -3953 0 -3951 0 -3949 0 -3948 0 *
Ve
1e-07
3.65399675613779 1.61476660452367 2.2
0 0

0101101
*
Ve
1e-07
3.6039844003624 1.60124975161171 2.2
0 0

0101101
*
Ed
 1e-07 1 1 0
1  132 0 0 1
2  263 3 0 0 1
2  264 108 0 0 1
0

0101000
+3946 3 -3945 3 *
Ve
1e-07
3.70650453091157 1.55965943495791 2.2
0 0

0101101
*
Ed
 1e-07 1 1 0
1  133 0 1 2
2  265 3 0 1 2
2  266 109 0 1 2
0

0101000
+3943 3 -3946 3 *
Ve
1e-07
3.70650453091157 1.46618519828218 2.2
0 0

0101101
*
Ed
 1e-07 1 1 0
1  134 0 -0.0934742366757273 2.22044604925031e-16
2  267 3 0 -0.0934742366757273 2.22044604925031e-16
2  268 110 0 -0.0934742366757273 2.22044604925031e-16
0

0101000
+3941 3 -3943 3 *
Ve
1e-07
3.68103046196172 1.46618519828218 2.2
0 0

0101101
*
Ed
 1e-07 1 1 0
1  135 0 -0.025474068949848 0
2  269 3 0 -0.025474068949848 0
2  270 111 0 -0.025474068949848 0
0

0101000
+3939 3 -3941 3 *
Ve
1e-07
3.68103046196172 1.48864396927398 2.2
0 0

0101101
*
Ed
 1e-07 1 1 0
1  136 0 -0.0224587709918038 -0
2  271 3 0 -0.0224587709918038 -0
2  272 112 0 -0.0224587709918038 -0
0

0101000
+3937 3 -3939 3 *
Ve
1e-07
3.68035461931619 1.48864396927398 2.2
0 0

0101101
*
Ed
 1e-07 1 1 0
1  137 0 -0.000675842645526892 0
2  273 3 0 -0.000675842645526892 0
2  274 113 0 -0.000675842645526892 0
0

0101000
+3935 3 -3937 3 *
Ve
1e-07
3.63585298049793 1.46275399715808 2.2
0 0

0101101
*
Ed
 1e-07 1 1 0
1  138 0 6 7
2  275 3 0 6 7
2  276 114 0 6 7
0

0101000
+3933 3 -3935 3 *
Ve
1e-07
3.60226879980105 1.47419133423701 2.2
0 0

0101101
*
Ed
 1e-07 1 1 0
1  139 0 7 8
2  277 3 0 7 8
2  278 115 0 7 8
0

0101000
+3931 3 -3933 3 *
Ve
1e-07
3.58979170480491 1.50507214435247 2.2
0 0

0101101
*
Ed
 1e-07 1 1 0
1  140 0 8 9
2  279 3 0 8 9
2  280 116 0 8 9
0

0101000
+3929 3 -3931 3 *
Ve
1e-07
3.63798448422604 1.55248510533656 2.2
0 0

0101101
*
Ed
 1e-07 1 1 0
1  141 0 9 10
2  281 3 0 9 10
2  282 117 0 9 10
0

0101000
+3927 3 -3929 3 *
Ve
1e-07
3.68103046196172 1.55851570125126 2.2
0 0

0101101
*
Ed
 1e-07 1 1 0
1  142 0 -0.0434663580980425 -0
2  283 3 0 -0.0434663580980425 -0
2  284 118 0 -0.0434663580980425 -0
0

0101000
+3925 3 -3927 3 *
Ve
1e-07
3.65160531293021 1.59407542198898 2.2
0 0

0101101
*
Ed
 1e-07 1 1 0
1  143 0 11 12
2  285 3 0 11 12
2  286 119 0 11 12
0

0101000
+3923 3 -3925 3 *
Ve
1e-07
3.6039844003624 1.57650351320245 2.2
0 0

0101101
*
Ed
 1e-07 1 1 0
1  144 0 12 13
2  287 3 0 12 13
2  288 120 0 12 13
0

0101000
+3921 3 -3923 3 *
Ed
 1e-07 1 1 0
1  145 0 -0.024746238409258 -0
2  289 3 0 -0.024746238409258 -0
2  290 121 0 -0.024746238409258 -0
0

0101000
+3945 3 -3921 3 *
Wi

0101100
-3944 0 -3942 0 -3940 0 -3938 0 -3936 0 -3934 0 -3932 0 -3930 0 -3928 0 -3926 0 
-3924 0 -3922 0 -3920 0 -3919 0 *
Ve
1e-07
3.56540938166734 1.46618519828218 2.2
0 0

0101101
*
Ve
1e-07
3.56540938166734 1.48937179981597 2.2
0 0

0101101
*
Ed
 1e-07 1 1 0
1  146 0 -0.0231866015337878 0
2  291 3 0 -0.0231866015337878 0
2  292 122 0 -0.0231866015337878 0
0

0101000
+3917 3 -3916 3 *
Ve
1e-07
3.45602684887068 1.46618519828218 2.2
0 0

0101101
*
Ed
 1e-07 1 1 0
1  147 0 -0.109382532796657 0
2  293 3 0 -0.109382532796657 0
2  294 123 0 -0.109382532796657 0
0

0101000
+3914 3 -3917 3 *
Ve
1e-07
3.45602684887068 1.66956184671351 2.2
0 0

0101101
*
Ed
 1e-07 1 1 0
1  148 0 -0.203376648431333 -0
2  295 3 0 -0.203376648431333 -0
2  296 124 0 -0.203376648431333 -0
0

0101000
+3912 3 -3914 3 *
Ve
1e-07
3.56078245893946 1.66956184671351 2.2
0 0

0101101
*
Ed
 1e-07 1 1 0
1  149 0 -0.104755610068775 -0
2  297 3 0 -0.104755610068775 -0
2  298 125 0 -0.104755610068775 -0
0

0101000
+3910 3 -3912 3 *
Ve
1e-07
3.56078245893946 1.6461672935967 2.2
0 0

0101101
*
Ed
 1e-07 1 1 0
1  150 0 -0.0233945531168089 0
2  299 3 0 -0.0233945531168089 0
2  300 126 0 -0.0233945531168089 0
0

0101000
+3908 3 -3910 3 *
Ve
1e-07
3.48228073625757 1.6461672935967 2.2
0 0

0101101
*
Ed
 1e-07 1 1 0
1  151 0 -0.078501722681882 0
2  301 3 0 -0.078501722681882 0
2  302 127 0 -0.078501722681882 0
0

0101000
+3906 3 -3908 3 *
Ve
1e-07
3.48228073625757 1.58107844803458 2.2
0 0

0101101
*
Ed
 1e-07 1 1 0
1  152 0 -0.0650888455621268 0
2  303 3 0 -0.0650888455621268 0
2  304 128 0 -0.0650888455621268 0
0

0101000
+3904 3 -3906 3 *
Ve
1e-07
3.55501180250423 1.58107844803458 2.2
0 0

0101101
*
Ed
 1e-07 1 1 0
1  153 0 -0.0727310662466572 -0
2  305 3 0 -0.0727310662466572 -0
2  306 129 0 -0.0727310662466572 -0
0

0101000
+3902 3 -3904 3 *
Ve
1e-07
3.55501180250423 1.55778787070928 2.2
0 0

0101101
*
Ed
 1e-07 1 1 0
1  154 0 -0.0232905773252969 0
2  307 3 0 -0.0232905773252969 0
2  308 130 0 -0.0232905773252969 0
0

0101000
+3900 3 -3902 3 *
Ve
1e-07
3.48228073625757 1.55778787070928 2.2
0 0

0101101
*
Ed
 1e-07 1 1 0
1  155 0 -0.0727310662466572 0
2  309 3 0 -0.0727310662466572 0
2  310 131 0 -0.0727310662466572 0
0

0101000
+3898 3 -3900 3 *
Ve
1e-07
3.48228073625757 1.48937179981597 2.2
0 0

0101101
*
Ed
 1e-07 1 1 0
1  156 0 -0.0684160708933128 0
2  311 3 0 -0.0684160708933128 0
2  312 132 0 -0.0684160708933128 0
0

0101000
+3896 3 -3898 3 *
Ed
 1e-07 1 1 0
1  157 0 -0.0831286454097637 -0
2  313 3 0 -0.0831286454097637 -0
2  314 133 0 -0.0831286454097637 -0
0

0101000
+3916 3 -3896 3 *
Wi

0101100
-3915 0 -3913 0 -3911 0 -3909 0 -3907 0 -3905 0 -3903 0 -3901 0 -3899 0 -3897 0 
-3895 0 -3894 0 *
Ve
1e-07
3.66756559694551 1.78539087859092 2.2
0 0

0101101
*
Ve
1e-07
3.72386848811437 1.79724411883728 2.2
0 0

0101101
*
Ed
 1e-07 1 1 0
1  158 0 0 1
2  315 3 0 0 1
2  316 134 0 0 1
0

0101000
+3892 3 -3891 3 *
Ve
1e-07
3.59769386496892 1.81315241495683 2.2
0 0

0101101
*
Ed
 1e-07 1 1 0
1  159 0 1 2
2  317 3 0 1 2
2  318 135 0 1 2
0

0101000
+3889 3 -3892 3 *
Ve
1e-07
3.57159594126931 1.88666329963984 2.2
0 0

0101101
*
Ed
 1e-07 1 1 0
1  160 0 2 3
2  319 3 0 2 3
2  320 136 0 2 3
0

0101000
+3887 3 -3889 3 *
Ve
1e-07
3.60096910240505 1.96568490127998 2.2
0 0

0101101
*
Ed
 1e-07 1 1 0
1  161 0 3 4
2  321 3 0 3 4
2  322 137 0 3 4
0

0101000
+3885 3 -3887 3 *
Ve
1e-07
3.67567570869255 1.99562992927044 2.2
0 0

0101101
*
Ed
 1e-07 1 1 0
1  162 0 4 5
2  323 3 0 4 5
2  324 138 0 4 5
0

0101000
+3883 3 -3885 3 *
Ve
1e-07
3.72386848811437 1.98731186593968 2.2
0 0

0101101
*
Ed
 1e-07 1 1 0
1  163 0 5 6
2  325 3 0 5 6
2  326 139 0 5 6
0

0101000
+3881 3 -3883 3 *
Ve
1e-07
3.72386848811437 1.9598622569497 2.2
0 0

0101101
*
Ed
 1e-07 1 1 0
1  164 0 -0.0274496089899841 0
2  327 3 0 -0.0274496089899841 0
2  328 140 0 -0.0274496089899841 0
0

0101000
+3879 3 -3881 3 *
Ve
1e-07
3.67593564817202 1.9719234487777 2.2
0 0

0101101
*
Ed
 1e-07 1 1 0
1  165 0 7 8
2  329 3 0 7 8
2  330 141 0 7 8
0

0101000
+3877 3 -3879 3 *
Ve
1e-07
3.62051655123241 1.94936070199439 2.2
0 0

0101101
*
Ed
 1e-07 1 1 0
1  166 0 8 9
2  331 3 0 8 9
2  332 142 0 8 9
0

0101000
+3875 3 -3877 3 *
Ve
1e-07
3.59914952605219 1.88822293651531 2.2
0 0

0101101
*
Ed
 1e-07 1 1 0
1  167 0 9 10
2  333 3 0 9 10
2  334 143 0 9 10
0

0101000
+3873 3 -3875 3 *
Ve
1e-07
3.61911287804491 1.8302044447844 2.2
0 0

0101101
*
Ed
 1e-07 1 1 0
1  168 0 10 11
2  335 3 0 10 11
2  336 144 0 10 11
0

0101000
+3871 3 -3873 3 *
Ve
1e-07
3.6713607133399 1.80878543170773 2.2
0 0

0101101
*
Ed
 1e-07 1 1 0
1  169 0 11 12
2  337 3 0 11 12
2  338 145 0 11 12
0

0101000
+3869 3 -3871 3 *
Ve
1e-07
3.72386848811437 1.82240626041259 2.2
0 0

0101101
*
Ed
 1e-07 1 1 0
1  170 0 12 13
2  339 3 0 12 13
2  340 146 0 12 13
0

0101000
+3867 3 -3869 3 *
Ed
 1e-07 1 1 0
1  171 0 -0.0251621415753072 2.22044604925031e-16
2  341 3 0 -0.0251621415753072 2.22044604925031e-16
2  342 147 0 -0.0251621415753072 2.22044604925031e-16
0

0101000
+3891 3 -3867 3 *
Wi

0101100
-3890 0 -3888 0 -3886 0 -3884 0 -3882 0 -3880 0 -3878 0 -3876 0 -3874 0 -3872 0 
-3870 0 -3868 0 -3866 0 -3865 0 *
Ve
1e-07
4.84312023809541 -2.39312023809541 2.2
0 0

0101101
*
Ve
1e-07
4.84312023809541 2.39312023809541 2.2
0 0

0101101
*
Ed
 1e-07 1 1 0
1  172 0 -4.91663348686326 -0.130393010672433
2  343 3 0 -4.91663348686326 -0.130393010672433
2  344 148 0 -4.91663348686326 -0.130393010672433
4 G1 3 0 148 0
0

0101000
+3863 3 -3862 3 *
Ve
1e-07
-4.84312023809541 2.39312023809541 2.2
0 0

0101101
*
Ed
 1e-07 1 1 0
1  173 0 -9.81663348686326 -0.130393010672432
2  345 3 0 -9.81663348686326 -0.130393010672432
2  346 149 0 -9.81663348686326 -0.130393010672432
4 G1 3 0 149 0
0

0101000
+3862 3 -3860 3 *
Ve
1e-07
-4.84312023809541 -2.39312023809541 2.2
0 0

0101101
*
Ed
 1e-07 1 1 0
1  174 0 -4.91663348686326 -0.130393010672433
2  347 3 0 -4.91663348686326 -0.130393010672433
2  348 150 0 -4.91663348686326 -0.130393010672433
4 G1 3 0 150 0
0

0101000
+3860 3 -3858 3 *
Ed
 1e-07 1 1 0
1  175 0 -9.81663348686326 -0.130393010672432
2  349 3 0 -9.81663348686326 -0.130393010672432
2  350 151 0 -9.81663348686326 -0.130393010672432
4 G1 3 0 151 0
0

0101000
+3858 3 -3863 3 *
Wi

0101100
+3861 0 +3859 0 +3857 0 +3856 0 *
Ed
 1e-07 1 1 0
1  176 0 0 3.14159265358979
2  351 3 0 0 3.14159265358979
2  352 2 0 0 3.14159265358979
0

0101000
+4266 3 -4264 3 *
Wi

0101100
-3854 0 -4263 0 *
Ve
1e-07
3.56327787793924 1.78882207971501 2.2
0 0

0101101
*
Ve
1e-07
3.56327787793924 1.81200868124879 2.2
0 0

0101101
*
Ed
 1e-07 1 1 0
1  177 0 -0.0231866015337836 0
2  353 3 0 -0.0231866015337836 0
2  354 152 0 -0.0231866015337836 0
0

0101000
+3852 3 -3851 3 *
Ve
1e-07
3.45602684887068 1.78882207971501 2.2
0 0

0101101
*
Ed
 1e-07 1 1 0
1  178 0 -0.107251029068555 0
2  355 3 0 -0.107251029068555 0
2  356 153 0 -0.107251029068555 0
0

0101000
+3849 3 -3852 3 *
Ve
1e-07
3.45602684887068 1.99219872814635 2.2
0 0

0101101
*
Ed
 1e-07 1 1 0
1  179 0 -0.203376648431335 -0
2  357 3 0 -0.203376648431335 -0
2  358 154 0 -0.203376648431335 -0
0

0101000
+3847 3 -3849 3 *
Ve
1e-07
3.48228073625757 1.99219872814635 2.2
0 0

0101101
*
Ed
 1e-07 1 1 0
1  180 0 -0.0262538873868929 -0
2  359 3 0 -0.0262538873868929 -0
2  360 155 0 -0.0262538873868929 -0
0

0101000
+3845 3 -3847 3 *
Ve
1e-07
3.48228073625757 1.81200868124879 2.2
0 0

0101101
*
Ed
 1e-07 1 1 0
1  181 0 -0.180190046897551 0
2  361 3 0 -0.180190046897551 0
2  362 156 0 -0.180190046897551 0
0

0101000
+3843 3 -3845 3 *
Ed
 1e-07 1 1 0
1  182 0 -0.0809971416816619 -0
2  363 3 0 -0.0809971416816619 -0
2  364 157 0 -0.0809971416816619 -0
0

0101000
+3851 3 -3843 3 *
Wi

0101100
-3850 0 -3848 0 -3846 0 -3844 0 -3842 0 -3841 0 *
Ve
1e-07
3.87395754333419 1.78882207971501 2.2
0 0

0101101
*
Ve
1e-07
3.87395754333419 1.81200868124879 2.2
0 0

0101101
*
Ed
 1e-07 1 1 0
1  183 0 -0.0231866015337836 0
2  365 3 0 -0.0231866015337836 0
2  366 158 0 -0.0231866015337836 0
0

0101000
+3839 3 -3838 3 *
Ve
1e-07
3.76457501053823 1.78882207971501 2.2
0 0

0101101
*
Ed
 1e-07 1 1 0
1  184 0 -0.109382532795962 0
2  367 3 0 -0.109382532795962 0
2  368 159 0 -0.109382532795962 0
0

0101000
+3836 3 -3839 3 *
Ve
1e-07
3.76457501053823 1.99219872814635 2.2
0 0

0101101
*
Ed
 1e-07 1 1 0
1  185 0 -0.203376648431335 -0
2  369 3 0 -0.203376648431335 -0
2  370 160 0 -0.203376648431335 -0
0

0101000
+3834 3 -3836 3 *
Ve
1e-07
3.869330620607 1.99219872814635 2.2
0 0

0101101
*
Ed
 1e-07 1 1 0
1  186 0 -0.104755610068774 -0
2  371 3 0 -0.104755610068774 -0
2  372 161 0 -0.104755610068774 -0
0

0101000
+3832 3 -3834 3 *
Ve
1e-07
3.869330620607 1.96880417502954 2.2
0 0

0101101
*
Ed
 1e-07 1 1 0
1  187 0 -0.0233945531168105 0
2  373 3 0 -0.0233945531168105 0
2  374 162 0 -0.0233945531168105 0
0

0101000
+3830 3 -3832 3 *
Ve
1e-07
3.79082889792511 1.96880417502954 2.2
0 0

0101101
*
Ed
 1e-07 1 1 0
1  188 0 -0.0785017226818892 0
2  375 3 0 -0.0785017226818892 0
2  376 163 0 -0.0785017226818892 0
0

0101000
+3828 3 -3830 3 *
Ve
1e-07
3.79082889792511 1.90371532946741 2.2
0 0

0101101
*
Ed
 1e-07 1 1 0
1  189 0 -0.0650888455621241 0
2  377 3 0 -0.0650888455621241 0
2  378 164 0 -0.0650888455621241 0
0

0101000
+3826 3 -3828 3 *
Ve
1e-07
3.86355996417109 1.90371532946741 2.2
0 0

0101101
*
Ed
 1e-07 1 1 0
1  190 0 -0.0727310662459706 -0
2  379 3 0 -0.0727310662459706 -0
2  380 165 0 -0.0727310662459706 -0
0

0101000
+3824 3 -3826 3 *
Ve
1e-07
3.86355996417109 1.88042475214211 2.2
0 0

0101101
*
Ed
 1e-07 1 1 0
1  191 0 -0.0232905773252969 0
2  381 3 0 -0.0232905773252969 0
2  382 166 0 -0.0232905773252969 0
0

0101000
+3822 3 -3824 3 *
Ve
1e-07
3.79082889792511 1.88042475214211 2.2
0 0

0101101
*
Ed
 1e-07 1 1 0
1  192 0 -0.0727310662459706 0
2  383 3 0 -0.0727310662459706 0
2  384 167 0 -0.0727310662459706 0
0

0101000
+3820 3 -3822 3 *
Ve
1e-07
3.79082889792511 1.81200868124879 2.2
0 0

0101101
*
Ed
 1e-07 1 1 0
1  193 0 -0.0684160708933195 0
2  385 3 0 -0.0684160708933195 0
2  386 168 0 -0.0684160708933195 0
0

0101000
+3818 3 -3820 3 *
Ed
 1e-07 1 1 0
1  194 0 -0.0831286454090767 -0
2  387 3 0 -0.0831286454090767 -0
2  388 169 0 -0.0831286454090767 -0
0

0101000
+3838 3 -3818 3 *
Wi

0101100
-3837 0 -3835 0 -3833 0 -3831 0 -3829 0 -3827 0 -3825 0 -3823 0 -3821 0 -3819 0 
-3817 0 -3816 0 *
Ve
1e-07
3.91237659834268 1.78882207971501 2.2
0 0

0101101
*
Ve
1e-07
3.96831557424055 1.78882207971501 2.2
0 0

0101101
*
Ed
 1e-07 1 1 0
1  195 0 -0.0559389758978752 4.44089209850063e-16
2  389 3 0 -0.0559389758978752 4.44089209850063e-16
2  390 170 0 -0.0559389758978752 4.44089209850063e-16
0

0101000
+3814 3 -3813 3 *
Ve
1e-07
3.91237659834268 1.99219872814635 2.2
0 0

0101101
*
Ed
 1e-07 1 1 0
1  196 0 -0.203376648431335 -0
2  391 3 0 -0.203376648431335 -0
2  392 171 0 -0.203376648431335 -0
0

0101000
+3811 3 -3814 3 *
Ve
1e-07
3.97039509007359 1.99219872814635 2.2
0 0

0101101
*
Ed
 1e-07 1 1 0
1  197 0 -0.0580184917309077 -0
2  393 3 0 -0.0580184917309077 -0
2  394 172 0 -0.0580184917309077 -0
0

0101000
+3809 3 -3811 3 *
Ve
1e-07
4.04728518798494 1.96526899811393 2.2
0 0

0101101
*
Ed
 1e-07 1 1 0
1  198 0 2 3
2  395 3 0 2 3
2  396 173 0 2 3
0

0101000
+3807 3 -3809 3 *
Ve
1e-07
4.07795804651599 1.89310979872197 2.2
0 0

0101101
*
Ed
 1e-07 1 1 0
1  199 0 3 4
2  397 3 0 3 4
2  398 174 0 3 4
0

0101000
+3805 3 -3807 3 *
Ve
1e-07
4.04728518798494 1.81731144662151 2.2
0 0

0101101
*
Ed
 1e-07 1 1 0
1  200 0 4 5
2  399 3 0 4 5
2  400 175 0 4 5
0

0101000
+3803 3 -3805 3 *
Ed
 1e-07 1 1 0
1  201 0 5 6
2  401 3 0 5 6
2  402 176 0 5 6
0

0101000
+3813 3 -3803 3 *
Wi

0101100
-3812 0 -3810 0 -3808 0 -3806 0 -3804 0 -3802 0 -3801 0 *
Ve
1e-07
4.27223681318021 1.78882207971501 2.2
0 0

0101101
*
Ve
1e-07
4.19477484841416 1.99219872814635 2.2
0 0

0101101
*
Ed
 1e-07 1 1 0
1  202 0 -0.217629081495512 0
2  403 3 0 -0.217629081495512 0
2  404 177 0 -0.217629081495512 0
0

0101000
+3799 3 -3798 3 *
Ve
1e-07
4.24322756731476 1.78882207971501 2.2
0 0

0101101
*
Ed
 1e-07 1 1 0
1  203 0 -0.0290092458654527 0
2  405 3 0 -0.0290092458654527 0
2  406 178 0 -0.0290092458654527 0
0

0101000
+3796 3 -3799 3 *
Ve
1e-07
4.22248439688431 1.84444912823834 2.2
0 0

0101101
*
Ed
 1e-07 1 1 0
1  204 0 -0.0593687430128339 0
2  407 3 0 -0.0593687430128339 0
2  408 179 0 -0.0593687430128339 0
0

0101000
+3794 3 -3796 3 *
Ve
1e-07
4.13779611459977 1.84444912823834 2.2
0 0

0101101
*
Ed
 1e-07 1 1 0
1  205 0 -0.0846882822845405 -8.88178419700125e-16
2  409 3 0 -0.0846882822845405 -8.88178419700125e-16
2  410 180 0 -0.0846882822845405 -8.88178419700125e-16
0

0101000
+3792 3 -3794 3 *
Ve
1e-07
4.11824866577311 1.78882207971501 2.2
0 0

0101101
*
Ed
 1e-07 1 1 0
1  206 0 -0.0589616085520761 0
2  411 3 0 -0.0589616085520761 0
2  412 181 0 -0.0589616085520761 0
0

0101000
+3790 3 -3792 3 *
Ve
1e-07
4.08923941990904 1.78882207971501 2.2
0 0

0101101
*
Ed
 1e-07 1 1 0
1  207 0 -0.0290092458640672 0
2  413 3 0 -0.0290092458640672 0
2  414 182 0 -0.0290092458640672 0
0

0101000
+3788 3 -3790 3 *
Ve
1e-07
4.16670138467371 1.99219872814635 2.2
0 0

0101101
*
Ed
 1e-07 1 1 0
1  208 0 -0.217629081495019 -0
2  415 3 0 -0.217629081495019 -0
2  416 183 0 -0.217629081495019 -0
0

0101000
+3786 3 -3788 3 *
Ed
 1e-07 1 1 0
1  209 0 -0.0280734637404505 -8.88178419700125e-16
2  417 3 0 -0.0280734637404505 -8.88178419700125e-16
2  418 184 0 -0.0280734637404505 -8.88178419700125e-16
0

0101000
+3798 3 -3786 3 *
Wi

0101100
-3797 0 -3795 0 -3793 0 -3791 0 -3789 0 -3787 0 -3785 0 -3784 0 *
Ve
1e-07
3.7829267377611 1.48354915548429 2.2
0 0

0101101
*
Ve
1e-07
3.74102449373346 1.49758588735382 2.2
0 0

0101101
*
Ed
 1e-07 1 1 0
1  210 0 0 1
2  419 3 0 0 1
2  420 185 0 0 1
0

0101000
+3782 3 -3781 3 *
Ve
1e-07
3.81297574154238 1.50320058010247 2.2
0 0

0101101
*
Ed
 1e-07 1 1 0
1  211 0 1 2
2  421 3 0 1 2
2  422 186 0 1 2
0

0101000
+3779 3 -3782 3 *
Ve
1e-07
3.80642526666943 1.51702936038897 2.2
0 0

0101101
*
Ed
 1e-07 1 1 0
1  212 0 2 3
2  423 3 0 2 3
2  424 187 0 2 3
0

0101000
+3777 3 -3779 3 *
Ve
1e-07
3.77975547611649 1.53002633434337 2.2
0 0

0101101
*
Ed
 1e-07 1 1 0
1  213 0 3 4
2  425 3 0 3 4
2  426 188 0 3 4
0

0101000
+3775 3 -3777 3 *
Ve
1e-07
3.74840677493921 1.54926185579549 2.2
0 0

0101101
*
Ed
 1e-07 1 1 0
1  214 0 4 5
2  427 3 0 4 5
2  428 189 0 4 5
0

0101000
+3773 3 -3775 3 *
Ve
1e-07
3.74118045742073 1.57224050574625 2.2
0 0

0101101
*
Ed
 1e-07 1 1 0
1  215 0 5 6
2  429 3 0 5 6
2  430 190 0 5 6
0

0101000
+3771 3 -3773 3 *
Ve
1e-07
3.75750465670702 1.60322529165184 2.2
0 0

0101101
*
Ed
 1e-07 1 1 0
1  216 0 6 7
2  431 3 0 6 7
2  432 191 0 6 7
0

0101000
+3769 3 -3771 3 *
Ve
1e-07
3.79774328806837 1.61476660452367 2.2
0 0

0101101
*
Ed
 1e-07 1 1 0
1  217 0 7 8
2  433 3 0 7 8
2  434 192 0 7 8
0

0101000
+3767 3 -3769 3 *
Ve
1e-07
3.83215927509875 1.60832010544153 2.2
0 0

0101101
*
Ed
 1e-07 1 1 0
1  218 0 8 9
2  435 3 0 8 9
2  436 193 0 8 9
0

0101000
+3765 3 -3767 3 *
Ve
1e-07
3.83215927509875 1.58357386703367 2.2
0 0

0101101
*
Ed
 1e-07 1 1 0
1  219 0 -0.0247462384078625 2.22044604925031e-16
2  437 3 0 -0.0247462384078625 2.22044604925031e-16
2  438 194 0 -0.0247462384078625 2.22044604925031e-16
0

0101000
+3763 3 -3765 3 *
Ve
1e-07
3.79524786906928 1.59407542198898 2.2
0 0

0101101
*
Ed
 1e-07 1 1 0
1  220 0 10 11
2  439 3 0 10 11
2  440 195 0 10 11
0

0101000
+3761 3 -3763 3 *
Ve
1e-07
3.77518054128436 1.58866868082336 2.2
0 0

0101101
*
Ed
 1e-07 1 1 0
1  221 0 11 12
2  441 3 0 11 12
2  442 196 0 11 12
0

0101000
+3759 3 -3761 3 *
Ve
1e-07
3.76743434480761 1.57452797316231 2.2
0 0

0101101
*
Ed
 1e-07 1 1 0
1  222 0 12 13
2  443 3 0 12 13
2  444 197 0 12 13
0

0101000
+3757 3 -3759 3 *
Ve
1e-07
3.77299704965981 1.56101112025035 2.2
0 0

0101101
*
Ed
 1e-07 1 1 0
1  223 0 13 14
2  445 3 0 13 14
2  446 198 0 13 14
0

0101000
+3755 3 -3757 3 *
Ve
1e-07
3.79774328806837 1.54853402525352 2.2
0 0

0101101
*
Ed
 1e-07 1 1 0
1  224 0 14 15
2  447 3 0 14 15
2  448 199 0 14 15
0

0101000
+3753 3 -3755 3 *
Ve
1e-07
3.83059963822397 1.52971440696883 2.2
0 0

0101101
*
Ed
 1e-07 1 1 0
1  225 0 15 16
2  449 3 0 15 16
2  450 200 0 15 16
0

0101000
+3751 3 -3753 3 *
Ve
1e-07
3.83912565313776 1.50569599910155 2.2
0 0

0101101
*
Ed
 1e-07 1 1 0
1  226 0 16 17
2  451 3 0 16 17
2  452 201 0 16 17
0

0101000
+3749 3 -3751 3 *
Ve
1e-07
3.82274946595572 1.47429531002852 2.2
0 0

0101101
*
Ed
 1e-07 1 1 0
1  227 0 17 18
2  453 3 0 17 18
2  454 202 0 17 18
0

0101000
+3747 3 -3749 3 *
Ve
1e-07
3.78043131876202 1.46275399715808 2.2
0 0

0101101
*
Ed
 1e-07 1 1 0
1  228 0 18 19
2  455 3 0 18 19
2  456 203 0 18 19
0

0101000
+3745 3 -3747 3 *
Ve
1e-07
3.74102449373346 1.47128001207187 2.2
0 0

0101101
*
Ed
 1e-07 1 1 0
1  229 0 19 20
2  457 3 0 19 20
2  458 204 0 19 20
0

0101000
+3743 3 -3745 3 *
Ed
 1e-07 1 1 0
1  230 0 -0.0263058752819469 -2.22044604925031e-16
2  459 3 0 -0.0263058752819469 -2.22044604925031e-16
2  460 205 0 -0.0263058752819469 -2.22044604925031e-16
0

0101000
+3781 3 -3743 3 *
Wi

0101100
-3780 0 -3778 0 -3776 0 -3774 0 -3772 0 -3770 0 -3768 0 -3766 0 -3764 0 -3762 0 
-3760 0 -3758 0 -3756 0 -3754 0 -3752 0 -3750 0 -3748 0 -3746 0 -3744 0 -3742 0 
-3741 0 *
Ve
1e-07
4.1286462449369 1.46618519828218 2.2
0 0

0101101
*
Ve
1e-07
4.1286462449369 1.48937179981597 2.2
0 0

0101101
*
Ed
 1e-07 1 1 0
1  231 0 -0.0231866015337878 0
2  461 3 0 -0.0231866015337878 0
2  462 206 0 -0.0231866015337878 0
0

0101000
+3739 3 -3738 3 *
Ve
1e-07
4.01926371214025 1.46618519828218 2.2
0 0

0101101
*
Ed
 1e-07 1 1 0
1  232 0 -0.109382532796655 0
2  463 3 0 -0.109382532796655 0
2  464 207 0 -0.109382532796655 0
0

0101000
+3736 3 -3739 3 *
Ve
1e-07
4.01926371214025 1.66956184671351 2.2
0 0

0101101
*
Ed
 1e-07 1 1 0
1  233 0 -0.203376648431333 -0
2  465 3 0 -0.203376648431333 -0
2  466 208 0 -0.203376648431333 -0
0

0101000
+3734 3 -3736 3 *
Ve
1e-07
4.12401932220902 1.66956184671351 2.2
0 0

0101101
*
Ed
 1e-07 1 1 0
1  234 0 -0.104755610068766 -0
2  467 3 0 -0.104755610068766 -0
2  468 209 0 -0.104755610068766 -0
0

0101000
+3732 3 -3734 3 *
Ve
1e-07
4.12401932220902 1.6461672935967 2.2
0 0

0101101
*
Ed
 1e-07 1 1 0
1  235 0 -0.0233945531168089 0
2  469 3 0 -0.0233945531168089 0
2  470 210 0 -0.0233945531168089 0
0

0101000
+3730 3 -3732 3 *
Ve
1e-07
4.04551759952783 1.6461672935967 2.2
0 0

0101101
*
Ed
 1e-07 1 1 0
1  236 0 -0.0785017226811888 0
2  471 3 0 -0.0785017226811888 0
2  472 211 0 -0.0785017226811888 0
0

0101000
+3728 3 -3730 3 *
Ve
1e-07
4.04551759952783 1.58107844803458 2.2
0 0

0101101
*
Ed
 1e-07 1 1 0
1  237 0 -0.0650888455621268 0
2  473 3 0 -0.0650888455621268 0
2  474 212 0 -0.0650888455621268 0
0

0101000
+3726 3 -3728 3 *
Ve
1e-07
4.11824866577311 1.58107844803458 2.2
0 0

0101101
*
Ed
 1e-07 1 1 0
1  238 0 -0.0727310662452778 -0
2  475 3 0 -0.0727310662452778 -0
2  476 213 0 -0.0727310662452778 -0
0

0101000
+3724 3 -3726 3 *
Ve
1e-07
4.11824866577311 1.55778787070928 2.2
0 0

0101101
*
Ed
 1e-07 1 1 0
1  239 0 -0.0232905773252969 0
2  477 3 0 -0.0232905773252969 0
2  478 214 0 -0.0232905773252969 0
0

0101000
+3722 3 -3724 3 *
Ve
1e-07
4.04551759952783 1.55778787070928 2.2
0 0

0101101
*
Ed
 1e-07 1 1 0
1  240 0 -0.0727310662452778 0
2  479 3 0 -0.0727310662452778 0
2  480 215 0 -0.0727310662452778 0
0

0101000
+3720 3 -3722 3 *
Ve
1e-07
4.04551759952783 1.48937179981597 2.2
0 0

0101101
*
Ed
 1e-07 1 1 0
1  241 0 -0.0684160708933128 0
2  481 3 0 -0.0684160708933128 0
2  482 216 0 -0.0684160708933128 0
0

0101000
+3718 3 -3720 3 *
Ed
 1e-07 1 1 0
1  242 0 -0.0831286454090776 -0
2  483 3 0 -0.0831286454090776 -0
2  484 217 0 -0.0831286454090776 -0
0

0101000
+3738 3 -3718 3 *
Wi

0101100
-3737 0 -3735 0 -3733 0 -3731 0 -3729 0 -3727 0 -3725 0 -3723 0 -3721 0 -3719 0 
-3717 0 -3716 0 *
Ve
1e-07
4.16706529994539 1.46618519828218 2.2
0 0

0101101
*
Ve
1e-07
4.22300427584327 1.46618519828218 2.2
0 0

0101101
*
Ed
 1e-07 1 1 0
1  243 0 -0.0559389758978739 8.88178419700125e-16
2  485 3 0 -0.0559389758978739 8.88178419700125e-16
2  486 218 0 -0.0559389758978739 8.88178419700125e-16
0

0101000
+3714 3 -3713 3 *
Ve
1e-07
4.16706529994539 1.66956184671351 2.2
0 0

0101101
*
Ed
 1e-07 1 1 0
1  244 0 -0.203376648431333 -0
2  487 3 0 -0.203376648431333 -0
2  488 219 0 -0.203376648431333 -0
0

0101000
+3711 3 -3714 3 *
Ve
1e-07
4.22508379167491 1.66956184671351 2.2
0 0

0101101
*
Ed
 1e-07 1 1 0
1  245 0 -0.0580184917295199 -0
2  489 3 0 -0.0580184917295199 -0
2  490 220 0 -0.0580184917295199 -0
0

0101000
+3709 3 -3711 3 *
Ve
1e-07
4.30197388958626 1.64263211668109 2.2
0 0

0101101
*
Ed
 1e-07 1 1 0
1  246 0 2 3
2  491 3 0 2 3
2  492 221 0 2 3
0

0101000
+3707 3 -3709 3 *
Ve
1e-07
4.33264674811871 1.57047291728776 2.2
0 0

0101101
*
Ed
 1e-07 1 1 0
1  247 0 3 4
2  493 3 0 3 4
2  494 222 0 3 4
0

0101000
+3705 3 -3707 3 *
Ve
1e-07
4.30197388958626 1.49467456518868 2.2
0 0

0101101
*
Ed
 1e-07 1 1 0
1  248 0 4 5
2  495 3 0 4 5
2  496 223 0 4 5
0

0101000
+3703 3 -3705 3 *
Ed
 1e-07 1 1 0
1  249 0 5 6
2  497 3 0 5 6
2  498 224 0 5 6
0

0101000
+3713 3 -3703 3 *
Wi

0101100
-3712 0 -3710 0 -3708 0 -3706 0 -3704 0 -3702 0 -3701 0 *
Ve
1e-07
4.52692551478154 1.46618519828218 2.2
0 0

0101101
*
Ve
1e-07
4.44946355001687 1.66956184671351 2.2
0 0

0101101
*
Ed
 1e-07 1 1 0
1  250 0 -0.217629081495017 0
2  499 3 0 -0.217629081495017 0
2  500 225 0 -0.217629081495017 0
0

0101000
+3699 3 -3698 3 *
Ve
1e-07
4.49791626891747 1.46618519828218 2.2
0 0

0101101
*
Ed
 1e-07 1 1 0
1  251 0 -0.0290092458640672 0
2  501 3 0 -0.0290092458640672 0
2  502 226 0 -0.0290092458640672 0
0

0101000
+3696 3 -3699 3 *
Ve
1e-07
4.47717309848564 1.52181224680412 2.2
0 0

0101101
*
Ed
 1e-07 1 1 0
1  252 0 -0.0593687430120172 0
2  503 3 0 -0.0593687430120172 0
2  504 227 0 -0.0593687430120172 0
0

0101000
+3694 3 -3696 3 *
Ve
1e-07
4.39248481620109 1.52181224680412 2.2
0 0

0101101
*
Ed
 1e-07 1 1 0
1  253 0 -0.0846882822845458 0
2  505 3 0 -0.0846882822845458 0
2  506 228 0 -0.0846882822845458 0
0

0101000
+3692 3 -3694 3 *
Ve
1e-07
4.37293736737443 1.46618519828218 2.2
0 0

0101101
*
Ed
 1e-07 1 1 0
1  254 0 -0.0589616085507641 0
2  507 3 0 -0.0589616085507641 0
2  508 229 0 -0.0589616085507641 0
0

0101000
+3690 3 -3692 3 *
Ve
1e-07
4.34392812150898 1.46618519828218 2.2
0 0

0101101
*
Ed
 1e-07 1 1 0
1  255 0 -0.0290092458654545 -8.88178419700125e-16
2  509 3 0 -0.0290092458654545 -8.88178419700125e-16
2  510 230 0 -0.0290092458654545 -8.88178419700125e-16
0

0101000
+3688 3 -3690 3 *
Ve
1e-07
4.42139008627503 1.66956184671351 2.2
0 0

0101101
*
Ed
 1e-07 1 1 0
1  256 0 -0.217629081495511 -0
2  511 3 0 -0.217629081495511 -0
2  512 231 0 -0.217629081495511 -0
0

0101000
+3686 3 -3688 3 *
Ed
 1e-07 1 1 0
1  257 0 -0.0280734637418378 -0
2  513 3 0 -0.0280734637418378 -0
2  514 232 0 -0.0280734637418378 -0
0

0101000
+3698 3 -3686 3 *
Wi

0101100
-3697 0 -3695 0 -3693 0 -3691 0 -3689 0 -3687 0 -3685 0 -3684 0 *
Ve
1e-07
3.28946531857583 1.66791805872053 2.2
0 0

0101101
*
Ve
1e-07
3.14631262178515 1.85734232842231 2.2
0 0

0101101
*
Ed
 1e-07 1 1 0
1  258 0 35 36
2  515 3 0 35 36
2  516 233 0 35 36
0

0101000
+3682 3 -3681 3 *
Ve
1e-07
3.23596378223207 1.53054927751622 2.2
0 0

0101101
*
Ed
 1e-07 1 1 0
1  259 0 34 35
2  517 3 0 34 35
2  518 234 0 34 35
0

0101000
+3679 3 -3682 3 *
Ve
1e-07
3.10437897177485 1.46547985483969 2.2
0 0

0101101
*
Ed
 1e-07 1 1 0
1  260 0 33 34
2  519 3 0 33 34
2  520 235 0 33 34
0

0101000
+3677 3 -3679 3 *
Ve
1e-07
3.01906576180668 1.46547985483969 2.2
0 0

0101101
*
Ed
 1e-07 1 1 0
1  261 0 -0.0809752594880448 0.0043379504801293
2  521 3 0 -0.0809752594880448 0.0043379504801293
2  522 236 0 -0.0809752594880448 0.0043379504801293
0

0101000
+3675 3 -3677 3 *
Ve
1e-07
2.97713211179638 1.51030543506453 2.2
0 0

0101101
*
Ed
 1e-07 1 1 0
1  262 0 28 29
2  523 3 0 28 29
2  524 237 0 28 29
0

0101000
+3673 3 -3675 3 *
Ve
1e-07
3.02195769201984 1.55513101528799 2.2
0 0

0101101
*
Ed
 1e-07 1 1 0
1  263 0 27 28
2  525 3 0 27 28
2  526 238 0 27 28
0

0101000
+3671 3 -3673 3 *
Ve
1e-07
3.03063359297941 1.55368505018176 2.2
0 0

0101101
*
Ed
 1e-07 1 1 0
1  264 0 26 27
2  527 3 0 26 27
2  528 239 0 26 27
0

0101000
+3669 3 -3671 3 *
Ve
1e-07
3.09570301565525 1.55368505018176 2.2
0 0

0101101
*
Ed
 1e-07 1 1 0
1  265 0 0 0.0650694226758368
2  529 3 0 0 0.0650694226758368
2  530 240 0 0 0.0650694226758368
0

0101000
+3667 3 -3669 3 *
Ve
1e-07
3.19981410296818 1.66647203845425 2.2
0 0

0101101
*
Ed
 1e-07 1 1 0
1  266 0 24 25
2  531 3 0 24 25
2  532 241 0 24 25
0

0101000
+3665 3 -3667 3 *
Ve
1e-07
3.08702711469568 1.77925902672675 2.2
0 0

0101101
*
Ed
 1e-07 1 1 0
1  267 0 23 24
2  533 3 0 23 24
2  534 242 0 23 24
0

0101000
+3663 3 -3665 3 *
Ve
1e-07
3.07545922836291 1.77925902672675 2.2
0 0

0101101
*
Ed
 1e-07 1 1 0
1  268 0 22 23
2  535 3 0 22 23
2  536 243 0 22 23
0

0101000
+3661 3 -3663 3 *
Ve
1e-07
2.87302102448276 1.96000742304829 2.2
0 0

0101101
*
Ed
 1e-07 1 1 0
1  269 0 21 22
2  537 3 0 21 22
2  538 244 0 21 22
0

0101000
+3659 3 -3661 3 *
Ve
1e-07
2.67925877672152 1.82119273189639 2.2
0 0

0101101
*
Ed
 1e-07 1 1 0
1  270 0 20 21
2  539 3 0 20 21
2  540 245 0 20 21
0

0101000
+3657 3 -3659 3 *
Ve
1e-07
2.60262146771291 1.8428825394557 2.2
0 0

0101101
*
Ed
 1e-07 1 1 0
1  271 0 19 20
2  541 3 0 19 20
2  542 246 0 19 20
0

0101000
+3655 3 -3657 3 *
Ve
1e-07
2.45802275065596 1.69828382239875 2.2
0 0

0101101
*
Ed
 1e-07 1 1 0
1  272 0 18 19
2  543 3 0 18 19
2  544 247 0 18 19
0

0101000
+3653 3 -3655 3 *
Ve
1e-07
2.54478198089041 1.56525299167457 2.2
0 0

0101101
*
Ed
 1e-07 1 1 0
1  273 0 17 18
2  545 3 0 17 18
2  546 248 0 17 18
0

0101000
+3651 3 -3653 3 *
Ve
1e-07
2.68070476940847 1.66068815044791 2.2
0 0

0101101
*
Ed
 1e-07 1 1 0
1  274 0 16 17
2  547 3 0 16 17
2  548 249 0 16 17
0

0101000
+3649 3 -3651 3 *
Ve
1e-07
2.78915380720153 1.6115245921643 2.2
0 0

0101101
*
Ed
 1e-07 1 1 0
1  275 0 15 16
2  549 3 0 15 16
2  550 250 0 15 16
0

0101000
+3647 3 -3649 3 *
Ve
1e-07
2.98291608254209 1.71274369410403 2.2
0 0

0101101
*
Ed
 1e-07 1 1 0
1  276 0 1.02810663401941e-16 0.218607241285911
2  551 3 0 1.02810663401941e-16 0.218607241285911
2  552 251 0 1.02810663401941e-16 0.218607241285911
0

0101000
+3645 3 -3647 3 *
Ve
1e-07
3.02774166276625 1.63610635751609 2.2
0 0

0101101
*
Ed
 1e-07 1 1 0
1  277 0 -2.24213114141634e-16 0.0887840864216338
2  553 3 0 -2.24213114141634e-16 0.0887840864216338
2  554 252 0 -2.24213114141634e-16 0.0887840864216338
0

0101000
+3643 3 -3645 3 *
Ve
1e-07
2.82530345888609 1.52910331240998 2.2
0 0

0101101
*
Ed
 1e-07 1 1 0
1  278 0 1.03763066306896e-16 0.228977898610767
2  555 3 0 1.03763066306896e-16 0.228977898610767
2  556 253 0 1.03763066306896e-16 0.228977898610767
0

0101000
+3641 3 -3643 3 *
Ve
1e-07
2.82530345888609 1.51464344070331 2.2
0 0

0101101
*
Ed
 1e-07 1 1 0
1  279 0 11 12
2  557 3 0 11 12
2  558 254 0 11 12
0

0101000
+3639 3 -3641 3 *
Ve
1e-07
2.68070474182845 1.37004472364636 2.2
0 0

0101101
*
Ed
 1e-07 1 1 0
1  280 0 10 11
2  559 3 0 10 11
2  560 255 0 10 11
0

0101000
+3637 3 -3639 3 *
Ve
1e-07
2.54333594683343 1.46837184021358 2.2
0 0

0101101
*
Ed
 1e-07 1 1 0
1  281 0 9 10
2  561 3 0 9 10
2  562 256 0 9 10
0

0101000
+3635 3 -3637 3 *
Ve
1e-07
2.42765697318842 1.53777921336886 2.2
0 0

0101101
*
Ed
 1e-07 1 1 0
1  282 0 8 9
2  563 3 0 8 9
2  564 257 0 8 9
0

0101000
+3633 3 -3635 3 *
Ve
1e-07
2.36692551478203 1.6953917818662 2.2
0 0

0101101
*
Ed
 1e-07 1 1 0
1  283 0 7 8
2  565 3 0 7 8
2  566 258 0 7 8
0

0101000
+3631 3 -3633 3 *
Ve
1e-07
2.43488695041109 1.86023430000481 2.2
0 0

0101101
*
Ed
 1e-07 1 1 0
1  284 0 6 7
2  567 3 0 6 7
2  568 259 0 6 7
0

0101000
+3629 3 -3631 3 *
Ve
1e-07
2.60117547502666 1.92964168695009 2.2
0 0

0101101
*
Ed
 1e-07 1 1 0
1  285 0 5 6
2  569 3 0 5 6
2  570 260 0 5 6
0

0101000
+3627 3 -3629 3 *
Ve
1e-07
2.63443316891804 1.92674971536759 2.2
0 0

0101101
*
Ed
 1e-07 1 1 0
1  286 0 4 5
2  571 3 0 4 5
2  572 261 0 4 5
0

0101000
+3625 3 -3627 3 *
Ve
1e-07
2.69805659890693 1.99037315225079 2.2
0 0

0101101
*
Ed
 1e-07 1 1 0
1  287 0 3 4
2  573 3 0 3 4
2  574 262 0 3 4
0

0101000
+3623 3 -3625 3 *
Ve
1e-07
2.87157505937583 2.04676665328274 2.2
0 0

0101101
*
Ed
 1e-07 1 1 0
1  288 0 2 3
2  575 3 0 2 3
2  576 263 0 2 3
0

0101000
+3621 3 -3623 3 *
Ve
1e-07
3.06822929251027 1.97157531627537 2.2
0 0

0101101
*
Ed
 1e-07 1 1 0
1  289 0 1 2
2  577 3 0 1 2
2  578 264 0 1 2
0

0101000
+3619 3 -3621 3 *
Ed
 1e-07 1 1 0
1  290 0 0 1
2  579 3 0 0 1
2  580 265 0 0 1
0

0101000
+3681 3 -3619 3 *
Wi

0101100
-3680 0 -3678 0 -3676 0 -3674 0 -3672 0 -3670 0 -3668 0 -3666 0 -3664 0 -3662 0 
-3660 0 -3658 0 -3656 0 -3654 0 -3652 0 -3650 0 -3648 0 -3646 0 -3644 0 -3642 0 
-3640 0 -3638 0 -3636 0 -3634 0 -3632 0 -3630 0 -3628 0 -3626 0 -3624 0 -3622 0 
-3620 0 -3618 0 -3617 0 *
Fa
0  1e-07 3 0

0101000
-3947 0 -3918 0 -3893 0 -3864 0 -3855 0 -3853 0 -3840 0 -3815 0 -3800 0 -3783 0 
-3740 0 -3715 0 -3700 0 -3683 0 -3616 0 *
Ve
1e-07
5.1 2.5 1.29999999999997
0 0

0101101
*
Ve
1e-07
5.1 -2.5 1.29999999999997
0 0

0101101
*
Ed
 1e-07 1 1 0
1  291 0 -5.15 -0.15
2  581 266 0 -5.15 -0.15
2  582 267 0 -5.15 -0.15
0

0101000
+3614 3 -3613 3 *
Ve
1e-07
5.1 -2.5 1.10000000000003
0 0

0101101
*
Ed
 1e-07 1 1 0
1  292 0 0.900000000000026 1.09999999999997
2  583 266 0 0.900000000000026 1.09999999999997
2  584 268 0 0.900000000000026 1.09999999999997
4 G1 266 0 268 0
0

0101000
+3613 3 -3611 3 *
Ve
1e-07
5.1 2.5 1.10000000000003
0 0

0101101
*
Ed
 1e-07 1 1 0
1  293 0 -5.15 -0.15
2  585 266 0 -5.15 -0.15
2  586 269 0 -5.15 -0.15
0

0101000
+3611 3 -3609 3 *
Ed
 1e-07 1 1 0
1  294 0 -1.09999999999997 -0.900000000000026
2  587 266 0 -1.09999999999997 -0.900000000000026
2  588 270 0 -1.09999999999997 -0.900000000000026
4 G1 266 0 270 0
0

0101000
+3609 3 -3614 3 *
Wi

0101100
+3612 0 +3610 0 +3608 0 +3607 0 *
Fa
0  1e-07 266 0

0101000
-3606 0 *
Ve
1e-07
4.95 2.65 1.10000000000003
0 0

0101101
*
Ve
1e-07
4.385 2.65 1.10000000000003
0 0

0101101
*
Ed
 1e-07 1 1 0
1  295 0 -10.05 -9.485
2  589 271 0 -10.05 -9.485
2  590 7 0 -10.05 -9.485
0

0101000
+3604 3 -3603 3 *
Ve
1e-07
4.385 2.65 1.3
0 0

0101101
*
Ed
 1e-07 1 1 0
1  296 0 0 0.199999999999974
2  591 271 0 0 0.199999999999974
2  592 272 0 0 0.199999999999974
0

0101000
+3601 3 -3603 3 *
Ve
1e-07
4.95 2.65 1.29999999999997
0 0

0101101
*
Ed
 1e-07 1 1 0
1  297 0 9.485 10.05
2  593 271 0 9.485 10.05
2  594 9 0 9.485 10.05
0

0101000
+3601 3 -3599 3 *
Ed
 1e-07 1 1 0
1  298 0 0.900000000000026 1.09999999999997
2  595 271 0 0.900000000000026 1.09999999999997
2  596 270 0 0.900000000000026 1.09999999999997
4 G1 271 0 270 0
0

0101000
+3599 3 -3604 3 *
Wi

0101100
+3602 0 -3600 0 +3598 0 +3597 0 *
Fa
0  1e-07 271 0

0101000
-3596 0 *
Ve
1e-07
-5.1 2.5 1.10000000000003
0 0

0101101
*
Ve
1e-07
-5.1 -2.5 1.10000000000003
0 0

0101101
*
Ed
 1e-07 1 1 0
1  299 0 -5.15 -0.15
2  597 273 0 -5.15 -0.15
2  598 274 0 -5.15 -0.15
0

0101000
+3594 3 -3593 3 *
Ve
1e-07
-5.1 -2.5 1.29999999999997
0 0

0101101
*
Ed
 1e-07 1 1 0
1  300 0 -1.09999999999997 -0.900000000000026
2  599 273 0 -1.09999999999997 -0.900000000000026
2  600 92 0 -1.09999999999997 -0.900000000000026
4 G1 273 0 92 0
0

0101000
+3593 3 -3591 3 *
Ve
1e-07
-5.1 2.5 1.29999999999997
0 0

0101101
*
Ed
 1e-07 1 1 0
1  301 0 0.15 5.15
2  601 273 0 0.15 5.15
2  602 275 0 0.15 5.15
0

0101000
+3591 3 -3589 3 *
Ed
 1e-07 1 1 0
1  302 0 0.900000000000026 1.09999999999997
2  603 273 0 0.900000000000026 1.09999999999997
2  604 48 0 0.900000000000026 1.09999999999997
4 G1 273 0 48 0
0

0101000
+3589 3 -3594 3 *
Wi

0101100
+3592 0 +3590 0 +3588 0 +3587 0 *
Fa
0  1e-07 273 0

0101000
-3586 0 *
Ve
1e-07
4.95 -2.65 1.29999999999997
0 0

0101101
*
Ve
1e-07
4.385 -2.65 1.29999999999997
0 0

0101101
*
Ed
 1e-07 1 1 0
1  303 0 -10.05 -9.485
2  605 276 0 -10.05 -9.485
2  606 51 0 -10.05 -9.485
0

0101000
+3584 3 -3583 3 *
Ve
1e-07
4.385 -2.65 1.10000000000003
0 0

0101101
*
Ed
 1e-07 1 1 0
1  304 0 2.59792187762287e-14 0.199999999999974
2  607 276 0 2.59792187762287e-14 0.199999999999974
2  608 277 0 2.59792187762287e-14 0.199999999999974
0

0101000
+3583 3 -3581 3 *
Ve
1e-07
4.95 -2.65 1.10000000000003
0 0

0101101
*
Ed
 1e-07 1 1 0
1  305 0 -0.715000000000001 -0.15
2  609 276 0 -0.715000000000001 -0.15
2  610 53 0 -0.715000000000001 -0.15
0

0101000
+3581 3 -3579 3 *
Ed
 1e-07 1 1 0
1  306 0 -1.09999999999997 -0.900000000000026
2  611 276 0 -1.09999999999997 -0.900000000000026
2  612 268 0 -1.09999999999997 -0.900000000000026
4 G1 276 0 268 0
0

0101000
+3579 3 -3584 3 *
Wi

0101100
+3582 0 +3580 0 +3578 0 +3577 0 *
Fa
0  1e-07 276 0

0101000
-3576 0 *
Ve
1e-07
4.84312023809541 2.39312023809541 0.2
0 0

0101101
*
Ve
1e-07
4.84312023809541 -2.39312023809541 0.2
0 0

0101101
*
Ed
 1e-07 1 1 0
1  307 0 -2.39312023809541 2.39312023809541
2  613 278 0 -2.39312023809541 2.39312023809541
2  614 279 0 -2.39312023809541 2.39312023809541
4 G1 278 0 279 0
0

0101000
+3574 3 -3573 3 *
Ve
1e-07
-4.84312023809541 -2.39312023809541 0.2
0 0

0101101
*
Ed
 1e-07 1 1 0
1  308 0 -4.84312023809541 4.84312023809541
2  615 278 0 -4.84312023809541 4.84312023809541
2  616 280 0 -4.84312023809541 4.84312023809541
4 G1 278 0 280 0
0

0101000
+3573 3 -3571 3 *
Ve
1e-07
-4.84312023809541 2.39312023809541 0.2
0 0

0101101
*
Ed
 1e-07 1 1 0
1  309 0 -2.39312023809541 2.39312023809541
2  617 278 0 -2.39312023809541 2.39312023809541
2  618 281 0 -2.39312023809541 2.39312023809541
4 G1 278 0 281 0
0

0101000
+3571 3 -3569 3 *
Ed
 1e-07 1 1 0
1  310 0 -4.84312023809541 4.84312023809541
2  619 278 0 -4.84312023809541 4.84312023809541
2  620 282 0 -4.84312023809541 4.84312023809541
4 G1 278 0 282 0
0

0101000
+3569 3 -3574 3 *
Wi

0101100
+3572 0 +3570 0 +3568 0 +3567 0 *
Fa
0  1e-07 278 0

0101000
+3566 0 *
Ve
1e-07
-4.95145275453796 -2.6499929648492 1.09994994230101
0 0

0101101
*
Ed
 1e-07 1 1 0
1  311 0 3.1415926535898 3.15127783525826
2  621 53 0 3.1415926535898 3.15127783525826
2  622 92 0 3.1415926535898 3.15127783525826
0

0101000
+3982 3 -3564 3 *
Ve
1e-07
-4.84312023809541 -2.54166044840665 0.329124034855991
0 0

0101101
*
Ed
 1e-07 1 1 0
1  312 0 0.0205264934379536 0.806430080289412
2  623 53 0 0.0205264934379536 0.806430080289412
2  624 283 0 0.0205264934379536 0.806430080289412
4 G1 53 0 283 0
0

0101000
+3564 3 -3562 3 *
Ve
1e-07
4.84312023809541 -2.54166044840665 0.329124034855991
0 0

0101101
*
Ed
 1e-07 1 1 0
1  313 0 0.256879761904588 9.94312023809541
2  625 53 0 0.256879761904588 9.94312023809541
2  626 280 0 0.256879761904588 9.94312023809541
4 G1 53 0 280 0
0

0101000
+3562 3 -3560 3 *
Ve
1e-07
4.95145275453796 -2.6499929648492 1.09994994230101
0 0

0101101
*
Ed
 1e-07 1 1 0
1  314 0 0.599584202125171 1.38548778897663
2  627 53 0 0.599584202125171 1.38548778897663
2  628 284 0 0.599584202125171 1.38548778897663
4 G1 53 0 284 0
0

0101000
+3560 3 -3558 3 *
Ed
 1e-07 1 1 0
1  315 0 3.13190747192132 3.14159265358979
2  629 53 0 3.13190747192132 3.14159265358979
2  630 268 0 3.13190747192132 3.14159265358979
0

0101000
+3558 3 -3579 3 *
Ed
 1e-07 1 1 0
1  316 0 -0 0.32
2  631 53 0 -0 0.32
2  632 285 0 -0 0.32
0

0101000
+3581 3 -4116 3 *
Ed
 1e-07 1 1 0
1  317 0 -1.33226762955019e-15 0.319999999999999
2  633 53 0 -1.33226762955019e-15 0.319999999999999
2  634 286 0 -1.33226762955019e-15 0.319999999999999
0

0101000
+4112 3 -4106 3 *
Ed
 1e-07 1 1 0
1  318 0 4.44089209850063e-16 0.320000000000001
2  635 53 0 4.44089209850063e-16 0.320000000000001
2  636 287 0 4.44089209850063e-16 0.320000000000001
0

0101000
+4102 3 -4096 3 *
Ed
 1e-07 1 1 0
1  319 0 -4.44089209850063e-16 0.32
2  637 53 0 -4.44089209850063e-16 0.32
2  638 288 0 -4.44089209850063e-16 0.32
0

0101000
+4092 3 -4086 3 *
Ed
 1e-07 1 1 0
1  320 0 -4.44089209850063e-16 0.32
2  639 53 0 -4.44089209850063e-16 0.32
2  640 289 0 -4.44089209850063e-16 0.32
0

0101000
+4082 3 -4076 3 *
Ed
 1e-07 1 1 0
1  321 0 -4.44089209850063e-16 0.320000000000001
2  641 53 0 -4.44089209850063e-16 0.320000000000001
2  642 290 0 -4.44089209850063e-16 0.320000000000001
0

0101000
+4072 3 -4066 3 *
Ed
 1e-07 1 1 0
1  322 0 -4.44089209850063e-16 0.32
2  643 53 0 -4.44089209850063e-16 0.32
2  644 291 0 -4.44089209850063e-16 0.32
0

0101000
+4062 3 -4056 3 *
Ed
 1e-07 1 1 0
1  323 0 -3.88578058618805e-16 0.32
2  645 53 0 -3.88578058618805e-16 0.32
2  646 292 0 -3.88578058618805e-16 0.32
0

0101000
+4052 3 -4046 3 *
Ed
 1e-07 1 1 0
1  324 0 -0 0.32
2  647 53 0 -0 0.32
2  648 293 0 -0 0.32
0

0101000
+4042 3 -4036 3 *
Ed
 1e-07 1 1 0
1  325 0 4.44089209850063e-16 0.32
2  649 53 0 4.44089209850063e-16 0.32
2  650 294 0 4.44089209850063e-16 0.32
0

0101000
+4032 3 -4026 3 *
Ed
 1e-07 1 1 0
1  326 0 -0 0.32
2  651 53 0 -0 0.32
2  652 295 0 -0 0.32
0

0101000
+4022 3 -4016 3 *
Ed
 1e-07 1 1 0
1  327 0 -4.44089209850063e-16 0.32
2  653 53 0 -4.44089209850063e-16 0.32
2  654 296 0 -4.44089209850063e-16 0.32
0

0101000
+4012 3 -4006 3 *
Ed
 1e-07 1 1 0
1  328 0 -8.88178419700125e-16 0.32
2  655 53 0 -8.88178419700125e-16 0.32
2  656 297 0 -8.88178419700125e-16 0.32
0

0101000
+4002 3 -3996 3 *
Ed
 1e-07 1 1 0
1  329 0 -0 0.32
2  657 53 0 -0 0.32
2  658 298 0 -0 0.32
0

0101000
+3992 3 -3986 3 *
Wi

0101100
-3980 0 +3563 0 +3561 0 +3559 0 +3557 0 +3556 0 -3578 0 +3555 0 -4110 0 +3554 0 
-4100 0 +3553 0 -4090 0 +3552 0 -4080 0 +3551 0 -4070 0 +3550 0 -4060 0 +3549 0 
-4050 0 +3548 0 -4040 0 +3547 0 -4030 0 +3546 0 -4020 0 +3545 0 -4010 0 +3544 0 
-4000 0 +3543 0 -3990 0 +3542 0 *
Fa
0  1e-07 53 0

0101000
+3541 0 *
Ve
1e-07
5.0999929648492 -2.50145275453796 1.09994994230101
0 0

0101101
*
Ed
 1e-07 1 1 0
1  330 0 3.14159265358979 3.15127783525826
2  659 269 0 3.14159265358979 3.15127783525826
2  660 268 0 3.14159265358979 3.15127783525826
0

0101000
+3611 3 -3539 3 *
Ve
1e-07
4.99166044840665 -2.39312023809541 0.329124034855991
0 0

0101101
*
Ed
 1e-07 1 1 0
1  331 0 0.0205264934379534 0.806430080289411
2  661 269 0 0.0205264934379534 0.806430080289411
2  662 284 0 0.0205264934379534 0.806430080289411
4 G1 269 0 284 0
0

0101000
+3539 3 -3537 3 *
Ve
1e-07
4.99166044840665 2.39312023809541 0.329124034855991
0 0

0101101
*
Ed
 1e-07 1 1 0
1  332 0 0.256879761904588 5.04312023809541
2  663 269 0 0.256879761904588 5.04312023809541
2  664 279 0 0.256879761904588 5.04312023809541
4 G1 269 0 279 0
0

0101000
+3537 3 -3535 3 *
Ve
1e-07
5.0999929648492 2.50145275453796 1.09994994230102
0 0

0101101
*
Ed
 1e-07 1 1 0
1  333 0 -0.0758540315837949 0.710049555267669
2  665 269 0 -0.0758540315837949 0.710049555267669
2  666 299 0 -0.0758540315837949 0.710049555267669
4 G1 269 0 299 0
0

0101000
+3535 3 -3533 3 *
Ed
 1e-07 1 1 0
1  334 0 3.13190747192132 3.14159265358979
2  667 269 0 3.13190747192132 3.14159265358979
2  668 270 0 3.13190747192132 3.14159265358979
0

0101000
+3533 3 -3609 3 *
Wi

0101100
-3608 0 +3538 0 +3536 0 +3534 0 +3532 0 +3531 0 *
Fa
0  1e-07 269 0

0101000
+3530 0 *
Ve
1e-07
-5.0999929648492 2.50145275453796 1.09994994230101
0 0

0101101
*
Ed
 1e-07 1 1 0
1  335 0 3.14159265358979 3.15127783525826
2  669 274 0 3.14159265358979 3.15127783525826
2  670 48 0 3.14159265358979 3.15127783525826
0

0101000
+3594 3 -3528 3 *
Ve
1e-07
-4.99166044840665 2.39312023809541 0.329124034855991
0 0

0101101
*
Ed
 1e-07 1 1 0
1  336 0 -0.710049555267663 0.0758540315837949
2  671 274 0 -0.710049555267663 0.0758540315837949
2  672 300 0 -0.710049555267663 0.0758540315837949
4 G1 274 0 300 0
0

0101000
+3528 3 -3526 3 *
Ve
1e-07
-4.99166044840665 -2.39312023809541 0.329124034855991
0 0

0101101
*
Ed
 1e-07 1 1 0
1  337 0 -5.04312023809541 -0.256879761904588
2  673 274 0 -5.04312023809541 -0.256879761904588
2  674 281 0 -5.04312023809541 -0.256879761904588
4 G1 274 0 281 0
0

0101000
+3526 3 -3524 3 *
Ve
1e-07
-5.0999929648492 -2.50145275453796 1.09994994230101
0 0

0101101
*
Ed
 1e-07 1 1 0
1  338 0 -0.806430080289411 -0.0205264934379534
2  675 274 0 -0.806430080289411 -0.0205264934379534
2  676 283 0 -0.806430080289411 -0.0205264934379534
4 G1 274 0 283 0
0

0101000
+3524 3 -3522 3 *
Ed
 1e-07 1 1 0
1  339 0 3.13190747192132 3.14159265358979
2  677 274 0 3.13190747192132 3.14159265358979
2  678 92 0 3.13190747192132 3.14159265358979
0

0101000
+3522 3 -3593 3 *
Wi

0101100
-3592 0 +3527 0 +3525 0 +3523 0 +3521 0 +3520 0 *
Fa
0  1e-07 274 0

0101000
+3519 0 *
Ve
1e-07
-4.84312023809541 2.54166044840665 0.329124034855991
0 0

0101101
*
Ve
1e-07
-4.95145275453796 2.6499929648492 1.09994994230101
0 0

0101101
*
Ed
 1e-07 1 1 0
1  340 0 -0.806430080289412 -0.0205264934379536
2  679 7 0 -0.806430080289412 -0.0205264934379536
2  680 300 0 -0.806430080289412 -0.0205264934379536
4 G1 7 0 300 0
0

0101000
+3517 3 -3516 3 *
Ed
 1e-07 1 1 0
1  341 0 3.13190747192132 3.14159265358979
2  681 7 0 3.13190747192132 3.14159265358979
2  682 48 0 3.13190747192132 3.14159265358979
0

0101000
+3516 3 -4124 3 *
Ed
 1e-07 1 1 0
1  342 0 -0 0.319999999999999
2  683 7 0 -0 0.319999999999999
2  684 301 0 -0 0.319999999999999
0

0101000
+4134 3 -4126 3 *
Ed
 1e-07 1 1 0
1  343 0 -0 0.32
2  685 7 0 -0 0.32
2  686 302 0 -0 0.32
0

0101000
+4144 3 -4136 3 *
Ed
 1e-07 1 1 0
1  344 0 -0 0.32
2  687 7 0 -0 0.32
2  688 303 0 -0 0.32
0

0101000
+4154 3 -4146 3 *
Ed
 1e-07 1 1 0
1  345 0 -0 0.32
2  689 7 0 -0 0.32
2  690 304 0 -0 0.32
0

0101000
+4164 3 -4156 3 *
Ed
 1e-07 1 1 0
1  346 0 -0 0.32
2  691 7 0 -0 0.32
2  692 305 0 -0 0.32
0

0101000
+4174 3 -4166 3 *
Ed
 1e-07 1 1 0
1  347 0 -0 0.32
2  693 7 0 -0 0.32
2  694 306 0 -0 0.32
0

0101000
+4184 3 -4176 3 *
Ed
 1e-07 1 1 0
1  348 0 -3.88578058618805e-16 0.32
2  695 7 0 -3.88578058618805e-16 0.32
2  696 307 0 -3.88578058618805e-16 0.32
0

0101000
+4194 3 -4186 3 *
Ed
 1e-07 1 1 0
1  349 0 -4.44089209850063e-16 0.32
2  697 7 0 -4.44089209850063e-16 0.32
2  698 308 0 -4.44089209850063e-16 0.32
0

0101000
+4204 3 -4196 3 *
Ed
 1e-07 1 1 0
1  350 0 -4.44089209850063e-16 0.320000000000001
2  699 7 0 -4.44089209850063e-16 0.320000000000001
2  700 309 0 -4.44089209850063e-16 0.320000000000001
0

0101000
+4214 3 -4206 3 *
Ed
 1e-07 1 1 0
1  351 0 -4.44089209850063e-16 0.32
2  701 7 0 -4.44089209850063e-16 0.32
2  702 310 0 -4.44089209850063e-16 0.32
0

0101000
+4224 3 -4216 3 *
Ed
 1e-07 1 1 0
1  352 0 -4.44089209850063e-16 0.32
2  703 7 0 -4.44089209850063e-16 0.32
2  704 311 0 -4.44089209850063e-16 0.32
0

0101000
+4234 3 -4226 3 *
Ed
 1e-07 1 1 0
1  353 0 4.44089209850063e-16 0.320000000000001
2  705 7 0 4.44089209850063e-16 0.320000000000001
2  706 312 0 4.44089209850063e-16 0.320000000000001
0

0101000
+4244 3 -4236 3 *
Ed
 1e-07 1 1 0
1  354 0 -1.33226762955019e-15 0.319999999999999
2  707 7 0 -1.33226762955019e-15 0.319999999999999
2  708 313 0 -1.33226762955019e-15 0.319999999999999
0

0101000
+4254 3 -4246 3 *
Ed
 1e-07 1 1 0
1  355 0 -0 0.32
2  709 7 0 -0 0.32
2  710 314 0 -0 0.32
0

0101000
+3603 3 -4256 3 *
Ve
1e-07
4.95145275453796 2.6499929648492 1.09994994230101
0 0

0101101
*
Ed
 1e-07 1 1 0
1  356 0 3.14159265358979 3.15127783525826
2  711 7 0 3.14159265358979 3.15127783525826
2  712 270 0 3.14159265358979 3.15127783525826
0

0101000
+3604 3 -3499 3 *
Ve
1e-07
4.84312023809541 2.54166044840665 0.329124034855991
0 0

0101101
*
Ed
 1e-07 1 1 0
1  357 0 -1.38548778897663 -0.599584202125171
2  713 7 0 -1.38548778897663 -0.599584202125171
2  714 299 0 -1.38548778897663 -0.599584202125171
4 G1 7 0 299 0
0

0101000
+3499 3 -3497 3 *
Ed
 1e-07 1 1 0
1  358 0 -9.94312023809541 -0.256879761904588
2  715 7 0 -9.94312023809541 -0.256879761904588
2  716 282 0 -9.94312023809541 -0.256879761904588
4 G1 7 0 282 0
0

0101000
+3497 3 -3517 3 *
Wi

0101100
+3515 0 +3514 0 -4123 0 -3513 0 -4133 0 -3512 0 -4143 0 -3511 0 -4153 0 -3510 0 
-4163 0 -3509 0 -4173 0 -3508 0 -4183 0 -3507 0 -4193 0 -3506 0 -4203 0 -3505 0 
-4213 0 -3504 0 -4223 0 -3503 0 -4233 0 -3502 0 -4243 0 -3501 0 -4253 0 -3500 0 
-3602 0 +3498 0 +3496 0 +3495 0 *
Fa
0  1e-07 7 0

0101000
+3494 0 *
Ve
1e-07
4.84312023809541 2.54166044840665 2.07087596514401
0 0

0101101
*
Ve
1e-07
4.95145275453796 2.6499929648492 1.30005005769899
0 0

0101101
*
Ed
 1e-07 1 1 0
1  359 0 0.796745932257911 1.58264951910937
2  717 9 0 0.796745932257911 1.58264951910937
2  718 315 0 0.796745932257911 1.58264951910937
4 G1 9 0 315 0
0

0101000
+3492 3 -3491 3 *
Ed
 1e-07 1 1 0
1  360 0 6.27350012551113 6.28318530717959
2  719 9 0 6.27350012551113 6.28318530717959
2  720 270 0 6.27350012551113 6.28318530717959
0

0101000
+3491 3 -3599 3 *
Ed
 1e-07 1 1 0
1  361 0 -0 0.319999999999999
2  721 9 0 -0 0.319999999999999
2  722 316 0 -0 0.319999999999999
0

0101000
+3601 3 -4257 3 *
Ed
 1e-07 1 1 0
1  362 0 -0 0.319999999999999
2  723 9 0 -0 0.319999999999999
2  724 317 0 -0 0.319999999999999
0

0101000
+4252 3 -4247 3 *
Ed
 1e-07 1 1 0
1  363 0 -0 0.319999999999999
2  725 9 0 -0 0.319999999999999
2  726 318 0 -0 0.319999999999999
0

0101000
+4242 3 -4237 3 *
Ed
 1e-07 1 1 0
1  364 0 -0 0.32
2  727 9 0 -0 0.32
2  728 319 0 -0 0.32
0

0101000
+4232 3 -4227 3 *
Ed
 1e-07 1 1 0
1  365 0 -0 0.32
2  729 9 0 -0 0.32
2  730 320 0 -0 0.32
0

0101000
+4222 3 -4217 3 *
Ed
 1e-07 1 1 0
1  366 0 -0 0.32
2  731 9 0 -0 0.32
2  732 321 0 -0 0.32
0

0101000
+4212 3 -4207 3 *
Ed
 1e-07 1 1 0
1  367 0 -0 0.32
2  733 9 0 -0 0.32
2  734 322 0 -0 0.32
0

0101000
+4202 3 -4197 3 *
Ed
 1e-07 1 1 0
1  368 0 -0 0.32
2  735 9 0 -0 0.32
2  736 323 0 -0 0.32
0

0101000
+4192 3 -4187 3 *
Ed
 1e-07 1 1 0
1  369 0 -0 0.32
2  737 9 0 -0 0.32
2  738 324 0 -0 0.32
0

0101000
+4182 3 -4177 3 *
Ed
 1e-07 1 1 0
1  370 0 -0 0.32
2  739 9 0 -0 0.32
2  740 325 0 -0 0.32
0

0101000
+4172 3 -4167 3 *
Ed
 1e-07 1 1 0
1  371 0 -0 0.32
2  741 9 0 -0 0.32
2  742 326 0 -0 0.32
0

0101000
+4162 3 -4157 3 *
Ed
 1e-07 1 1 0
1  372 0 -0 0.32
2  743 9 0 -0 0.32
2  744 327 0 -0 0.32
0

0101000
+4152 3 -4147 3 *
Ed
 1e-07 1 1 0
1  373 0 -0 0.32
2  745 9 0 -0 0.32
2  746 328 0 -0 0.32
0

0101000
+4142 3 -4137 3 *
Ed
 1e-07 1 1 0
1  374 0 -0 0.319999999999999
2  747 9 0 -0 0.319999999999999
2  748 329 0 -0 0.319999999999999
0

0101000
+4132 3 -4127 3 *
Ve
1e-07
-4.95145275453796 2.6499929648492 1.30005005769899
0 0

0101101
*
Ed
 1e-07 1 1 0
1  375 0 0 0.00968518166846343
2  749 9 0 0 0.00968518166846343
2  750 48 0 0 0.00968518166846343
0

0101000
+4122 3 -3474 3 *
Ve
1e-07
-4.84312023809541 2.54166044840665 2.07087596514401
0 0

0101101
*
Ed
 1e-07 1 1 0
1  376 0 -1.58264951910937 -0.796745932257911
2  751 9 0 -1.58264951910937 -0.796745932257911
2  752 330 0 -1.58264951910937 -0.796745932257911
4 G1 9 0 330 0
0

0101000
+3474 3 -3472 3 *
Ed
 1e-07 1 1 0
1  377 0 -9.81663348686326 -0.130393010672432
2  753 9 0 -9.81663348686326 -0.130393010672432
2  754 149 0 -9.81663348686326 -0.130393010672432
4 G1 9 0 149 0
0

0101000
+3472 3 -3492 3 *
Wi

0101100
+3490 0 +3489 0 -3598 0 +3488 0 -4250 0 +3487 0 -4240 0 +3486 0 -4230 0 +3485 0 
-4220 0 +3484 0 -4210 0 +3483 0 -4200 0 +3482 0 -4190 0 +3481 0 -4180 0 +3480 0 
-4170 0 +3479 0 -4160 0 +3478 0 -4150 0 +3477 0 -4140 0 +3476 0 -4130 0 +3475 0 
-4120 0 +3473 0 +3471 0 +3470 0 *
Fa
0  1e-07 9 0

0101000
-3469 0 *
Ve
1e-07
-5.0999929648492 -2.50145275453796 1.30005005769899
0 0

0101101
*
Ed
 1e-07 1 1 0
1  378 0 0 0.00968518166846922
2  755 275 0 0 0.00968518166846922
2  756 92 0 0 0.00968518166846922
0

0101000
+3591 3 -3467 3 *
Ve
1e-07
-4.99166044840665 -2.39312023809541 2.07087596514401
0 0

0101101
*
Ed
 1e-07 1 1 0
1  379 0 -1.24493040225489 -0.459026815403427
2  757 275 0 -1.24493040225489 -0.459026815403427
2  758 331 0 -1.24493040225489 -0.459026815403427
4 G1 275 0 331 0
0

0101000
+3467 3 -3465 3 *
Ve
1e-07
-4.99166044840665 2.39312023809541 2.07087596514401
0 0

0101101
*
Ed
 1e-07 1 1 0
1  380 0 -4.91663348686326 -0.130393010672433
2  759 275 0 -4.91663348686326 -0.130393010672433
2  760 150 0 -4.91663348686326 -0.130393010672433
4 G1 275 0 150 0
0

0101000
+3465 3 -3463 3 *
Ve
1e-07
-5.0999929648492 2.50145275453796 1.30005005769899
0 0

0101101
*
Ed
 1e-07 1 1 0
1  381 0 0.459026815403427 1.24493040225489
2  761 275 0 0.459026815403427 1.24493040225489
2  762 330 0 0.459026815403427 1.24493040225489
4 G1 275 0 330 0
0

0101000
+3463 3 -3461 3 *
Ed
 1e-07 1 1 0
1  382 0 6.27350012551112 6.28318530717959
2  763 275 0 6.27350012551112 6.28318530717959
2  764 48 0 6.27350012551112 6.28318530717959
0

0101000
+3461 3 -3589 3 *
Wi

0101100
-3588 0 +3466 0 +3464 0 +3462 0 +3460 0 +3459 0 *
Fa
0  1e-07 275 0

0101000
-3458 0 *
Ve
1e-07
4.99166044840665 -2.39312023809541 2.07087596514401
0 0

0101101
*
Ve
1e-07
5.0999929648492 -2.50145275453796 1.30005005769899
0 0

0101101
*
Ed
 1e-07 1 1 0
1  383 0 0.459026815403427 1.24493040225489
2  765 267 0 0.459026815403427 1.24493040225489
2  766 332 0 0.459026815403427 1.24493040225489
4 G1 267 0 332 0
0

0101000
+3456 3 -3455 3 *
Ed
 1e-07 1 1 0
1  384 0 6.27350012551112 6.28318530717959
2  767 267 0 6.27350012551112 6.28318530717959
2  768 268 0 6.27350012551112 6.28318530717959
0

0101000
+3455 3 -3613 3 *
Ve
1e-07
5.0999929648492 2.50145275453796 1.30005005769898
0 0

0101101
*
Ed
 1e-07 1 1 0
1  385 0 0 0.009685181668475
2  769 267 0 0 0.009685181668475
2  770 270 0 0 0.009685181668475
0

0101000
+3614 3 -3452 3 *
Ve
1e-07
4.99166044840665 2.39312023809541 2.07087596514401
0 0

0101101
*
Ed
 1e-07 1 1 0
1  386 0 -1.24493040225489 -0.459026815403427
2  771 267 0 -1.24493040225489 -0.459026815403427
2  772 315 0 -1.24493040225489 -0.459026815403427
4 G1 267 0 315 0
0

0101000
+3452 3 -3450 3 *
Ed
 1e-07 1 1 0
1  387 0 -4.91663348686326 -0.130393010672433
2  773 267 0 -4.91663348686326 -0.130393010672433
2  774 148 0 -4.91663348686326 -0.130393010672433
4 G1 267 0 148 0
0

0101000
+3450 3 -3456 3 *
Wi

0101100
+3454 0 +3453 0 -3612 0 +3451 0 +3449 0 +3448 0 *
Fa
0  1e-07 267 0

0101000
-3447 0 *
Ve
1e-07
4.95145275453796 -2.6499929648492 1.30005005769899
0 0

0101101
*
Ed
 1e-07 1 1 0
1  388 0 0 0.00968518166846922
2  775 51 0 0 0.00968518166846922
2  776 268 0 0 0.00968518166846922
0

0101000
+3584 3 -3445 3 *
Ve
1e-07
4.84312023809541 -2.54166044840665 2.07087596514401
0 0

0101101
*
Ed
 1e-07 1 1 0
1  389 0 -1.58264951910937 -0.796745932257911
2  777 51 0 -1.58264951910937 -0.796745932257911
2  778 332 0 -1.58264951910937 -0.796745932257911
4 G1 51 0 332 0
0

0101000
+3445 3 -3443 3 *
Ve
1e-07
-4.84312023809541 -2.54166044840665 2.07087596514401
0 0

0101101
*
Ed
 1e-07 1 1 0
1  390 0 -9.81663348686326 -0.130393010672432
2  779 51 0 -9.81663348686326 -0.130393010672432
2  780 151 0 -9.81663348686326 -0.130393010672432
4 G1 51 0 151 0
0

0101000
+3443 3 -3441 3 *
Ve
1e-07
-4.95145275453796 -2.6499929648492 1.30005005769899
0 0

0101101
*
Ed
 1e-07 1 1 0
1  391 0 0.796745932257911 1.58264951910937
2  781 51 0 0.796745932257911 1.58264951910937
2  782 331 0 0.796745932257911 1.58264951910937
4 G1 51 0 331 0
0

0101000
+3441 3 -3439 3 *
Ed
 1e-07 1 1 0
1  392 0 6.27350012551112 6.28318530717959
2  783 51 0 6.27350012551112 6.28318530717959
2  784 92 0 6.27350012551112 6.28318530717959
0

0101000
+3439 3 -3984 3 *
Ed
 1e-07 1 1 0
1  393 0 0 0.319999999999999
2  785 51 0 0 0.319999999999999
2  786 333 0 0 0.319999999999999
0

0101000
+3994 3 -3987 3 *
Ed
 1e-07 1 1 0
1  394 0 0 0.32
2  787 51 0 0 0.32
2  788 334 0 0 0.32
0

0101000
+4004 3 -3997 3 *
Ed
 1e-07 1 1 0
1  395 0 0 0.32
2  789 51 0 0 0.32
2  790 335 0 0 0.32
0

0101000
+4014 3 -4007 3 *
Ed
 1e-07 1 1 0
1  396 0 0 0.32
2  791 51 0 0 0.32
2  792 336 0 0 0.32
0

0101000
+4024 3 -4017 3 *
Ed
 1e-07 1 1 0
1  397 0 0 0.32
2  793 51 0 0 0.32
2  794 337 0 0 0.32
0

0101000
+4034 3 -4027 3 *
Ed
 1e-07 1 1 0
1  398 0 0 0.32
2  795 51 0 0 0.32
2  796 338 0 0 0.32
0

0101000
+4044 3 -4037 3 *
Ed
 1e-07 1 1 0
1  399 0 -3.88578058618805e-16 0.32
2  797 51 0 -3.88578058618805e-16 0.32
2  798 339 0 -3.88578058618805e-16 0.32
0

0101000
+4054 3 -4047 3 *
Ed
 1e-07 1 1 0
1  400 0 4.44089209850063e-16 0.32
2  799 51 0 4.44089209850063e-16 0.32
2  800 340 0 4.44089209850063e-16 0.32
0

0101000
+4064 3 -4057 3 *
Ed
 1e-07 1 1 0
1  401 0 4.44089209850063e-16 0.32
2  801 51 0 4.44089209850063e-16 0.32
2  802 341 0 4.44089209850063e-16 0.32
0

0101000
+4074 3 -4067 3 *
Ed
 1e-07 1 1 0
1  402 0 4.44089209850063e-16 0.32
2  803 51 0 4.44089209850063e-16 0.32
2  804 342 0 4.44089209850063e-16 0.32
0

0101000
+4084 3 -4077 3 *
Ed
 1e-07 1 1 0
1  403 0 -4.44089209850063e-16 0.32
2  805 51 0 -4.44089209850063e-16 0.32
2  806 343 0 -4.44089209850063e-16 0.32
0

0101000
+4094 3 -4087 3 *
Ed
 1e-07 1 1 0
1  404 0 4.44089209850063e-16 0.32
2  807 51 0 4.44089209850063e-16 0.32
2  808 344 0 4.44089209850063e-16 0.32
0

0101000
+4104 3 -4097 3 *
Ed
 1e-07 1 1 0
1  405 0 4.44089209850063e-16 0.32
2  809 51 0 4.44089209850063e-16 0.32
2  810 345 0 4.44089209850063e-16 0.32
0

0101000
+4114 3 -4107 3 *
Ed
 1e-07 1 1 0
1  406 0 0 0.319999999999999
2  811 51 0 0 0.319999999999999
2  812 346 0 0 0.319999999999999
0

0101000
+3583 3 -4117 3 *
Wi

0101100
-3582 0 +3444 0 +3442 0 +3440 0 +3438 0 +3437 0 -3983 0 -3436 0 -3993 0 -3435 0 
-4003 0 -3434 0 -4013 0 -3433 0 -4023 0 -3432 0 -4033 0 -3431 0 -4043 0 -3430 0 
-4053 0 -3429 0 -4063 0 -3428 0 -4073 0 -3427 0 -4083 0 -3426 0 -4093 0 -3425 0 
-4103 0 -3424 0 -4113 0 -3423 0 *
Fa
0  1e-07 51 0

0101000
-3422 0 *
Ed
 1e-07 1 1 0
1  407 0 1.71042266695444 3.14159265358979
2  813 149 0 1.71042266695444 3.14159265358979
2  814 347 0 1.71042266695444 3.14159265358979
4 G1 149 0 347 0
0

0101000
+3492 3 -3862 3 *
Ed
 1e-07 1 1 0
1  408 0 0 1.43116998663535
2  815 149 0 0 1.43116998663535
2  816 348 0 0 1.43116998663535
4 G1 149 0 348 0
0

0101000
+3860 3 -3472 3 *
Wi

0101100
-3420 0 -3470 0 -3419 0 -3859 0 *
Fa
0  1e-07 149 0

0101000
+3418 0 *
Ed
 1e-07 1 1 0
1  409 0 3.14159265358979 4.69301861704775
2  817 347 0 3.14159265358979 4.69301861704775
2  818 315 0 3.14159265358979 4.69301861704775
0

0101000
+3492 3 -3450 3 *
Ed
 1e-07 1 1 0
1  410 0 4.85201532054423 6.28318530717959
2  819 347 0 4.85201532054423 6.28318530717959
2  820 148 0 4.85201532054423 6.28318530717959
4 G1 347 0 148 0
0

0101000
+3450 3 -3862 3 *
Wi

0101100
-3416 0 +3420 0 -3415 0 *
Fa
0  1e-07 347 0

0101000
+3414 0 *
Ed
 1e-07 1 1 0
1  411 0 0 1.43116998663535
2  821 348 0 0 1.43116998663535
2  822 150 0 0 1.43116998663535
4 G1 348 0 150 0
0

0101000
+3860 3 -3463 3 *
Ed
 1e-07 1 1 0
1  412 0 1.59016669013183 3.14159265358979
2  823 348 0 1.59016669013183 3.14159265358979
2  824 330 0 1.59016669013183 3.14159265358979
0

0101000
+3463 3 -3472 3 *
Wi

0101100
-3412 0 +3419 0 -3411 0 *
Fa
0  1e-07 348 0

0101000
+3410 0 *
Ed
 1e-07 1 1 0
1  413 0 1.71042266695444 3.14159265358979
2  825 148 0 1.71042266695444 3.14159265358979
2  826 349 0 1.71042266695444 3.14159265358979
4 G1 148 0 349 0
0

0101000
+3456 3 -3863 3 *
Wi

0101100
+3415 0 -3861 0 -3408 0 -3448 0 *
Fa
0  1e-07 148 0

0101000
+3407 0 *
Ed
 1e-07 1 1 0
1  414 0 2.3658796718608 3.91730563531877
2  827 315 0 2.3658796718608 3.91730563531877
2  828 270 0 2.3658796718608 3.91730563531877
0

0101000
+3491 3 -3452 3 *
Wi

0101100
+3416 0 -3449 0 -3405 0 -3490 0 *
Fa
0  1e-07 315 0

0101000
+3404 0 *
Ed
 1e-07 1 1 0
1  415 0 5.50747232545061 7.05889828890857
2  829 330 0 5.50747232545061 7.05889828890857
2  830 48 0 5.50747232545061 7.05889828890857
0

0101000
+3461 3 -3474 3 *
Wi

0101100
+3411 0 -3471 0 -3402 0 -3460 0 *
Fa
0  1e-07 330 0

0101000
+3401 0 *
Ed
 1e-07 1 1 0
1  416 0 3.14159265358979 4.57276264022515
2  831 150 0 3.14159265358979 4.57276264022515
2  832 350 0 3.14159265358979 4.57276264022515
4 G1 150 0 350 0
0

0101000
+3858 3 -3465 3 *
Wi

0101100
+3412 0 -3462 0 -3399 0 -3857 0 *
Fa
0  1e-07 150 0

0101000
+3398 0 *
Ed
 1e-07 1 1 0
1  417 0 1.5707963267949 3.00196631343025
2  833 151 0 1.5707963267949 3.00196631343025
2  834 349 0 1.5707963267949 3.00196631343025
4 G1 151 0 349 0
0

0101000
+3863 3 -3443 3 *
Ed
 1e-07 1 1 0
1  418 0 4.85201532054423 6.28318530717959
2  835 151 0 4.85201532054423 6.28318530717959
2  836 350 0 4.85201532054423 6.28318530717959
4 G1 151 0 350 0
0

0101000
+3441 3 -3858 3 *
Wi

0101100
-3396 0 -3856 0 -3395 0 -3440 0 *
Fa
0  1e-07 151 0

0101000
+3394 0 *
Ed
 1e-07 1 1 0
1  419 0 0 1.55142596345796
2  837 349 0 0 1.55142596345796
2  838 332 0 0 1.55142596345796
0

0101000
+3456 3 -3443 3 *
Wi

0101100
+3408 0 +3396 0 -3392 0 *
Fa
0  1e-07 349 0

0101000
+3391 0 *
Ed
 1e-07 1 1 0
1  420 0 2.36587967186082 3.91730563531877
2  839 270 0 2.36587967186082 3.91730563531877
2  840 299 0 2.36587967186082 3.91730563531877
0

0101000
+3499 3 -3533 3 *
Wi

0101100
-3607 0 -3531 0 -3389 0 -3498 0 -3597 0 -3489 0 +3405 0 -3451 0 *
Fa
0  1e-07 270 0

0101000
+3388 0 *
Ed
 1e-07 1 1 0
1  421 0 5.5074723254506 7.05889828890857
2  841 48 0 5.5074723254506 7.05889828890857
2  842 300 0 5.5074723254506 7.05889828890857
0

0101000
+3528 3 -3516 3 *
Wi

0101100
-4121 0 -3514 0 -3386 0 -3527 0 -3587 0 -3459 0 +3402 0 -3473 0 *
Fa
0  1e-07 48 0

0101000
+3385 0 *
Ed
 1e-07 1 1 0
1  422 0 1.59016669013183 3.14159265358979
2  843 350 0 1.59016669013183 3.14159265358979
2  844 331 0 1.59016669013183 3.14159265358979
0

0101000
+3441 3 -3465 3 *
Wi

0101100
+3395 0 +3399 0 -3383 0 *
Fa
0  1e-07 350 0

0101000
+3382 0 *
Ed
 1e-07 1 1 0
1  423 0 2.36587967186082 3.91730563531877
2  845 332 0 2.36587967186082 3.91730563531877
2  846 268 0 2.36587967186082 3.91730563531877
0

0101000
+3455 3 -3445 3 *
Wi

0101100
+3392 0 -3442 0 -3380 0 -3454 0 *
Fa
0  1e-07 332 0

0101000
+3379 0 *
Ed
 1e-07 1 1 0
1  424 0 0 1.55142596345796
2  847 299 0 0 1.55142596345796
2  848 351 0 0 1.55142596345796
0

0101000
+3497 3 -3535 3 *
Wi

0101100
+3389 0 -3532 0 -3377 0 -3496 0 *
Fa
0  1e-07 299 0

0101000
+3376 0 *
Ed
 1e-07 1 1 0
1  425 0 1.71042266695444 3.14159265358979
2  849 282 0 1.71042266695444 3.14159265358979
2  850 352 0 1.71042266695444 3.14159265358979
4 G1 282 0 352 0
0

0101000
+3517 3 -3569 3 *
Ed
 1e-07 1 1 0
1  426 0 0 1.43116998663535
2  851 282 0 0 1.43116998663535
2  852 351 0 0 1.43116998663535
4 G1 282 0 351 0
0

0101000
+3574 3 -3497 3 *
Wi

0101100
-3374 0 -3495 0 -3373 0 -3567 0 *
Fa
0  1e-07 282 0

0101000
+3372 0 *
Ed
 1e-07 1 1 0
1  427 0 4.73175934372163 6.28318530717959
2  853 300 0 4.73175934372163 6.28318530717959
2  854 352 0 4.73175934372163 6.28318530717959
0

0101000
+3526 3 -3517 3 *
Wi

0101100
+3386 0 -3515 0 -3370 0 -3525 0 *
Fa
0  1e-07 300 0

0101000
+3369 0 *
Ed
 1e-07 1 1 0
1  428 0 5.50747232545061 7.05889828890856
2  855 331 0 5.50747232545061 7.05889828890856
2  856 92 0 5.50747232545061 7.05889828890856
0

0101000
+3439 3 -3467 3 *
Wi

0101100
+3383 0 -3464 0 -3367 0 -3438 0 *
Fa
0  1e-07 331 0

0101000
+3366 0 *
Ed
 1e-07 1 1 0
1  429 0 2.36587967186081 3.91730563531877
2  857 268 0 2.36587967186081 3.91730563531877
2  858 284 0 2.36587967186081 3.91730563531877
0

0101000
+3539 3 -3558 3 *
Wi

0101100
-3577 0 -3556 0 -3364 0 -3538 0 -3610 0 -3453 0 +3380 0 -3444 0 *
Fa
0  1e-07 268 0

0101000
+3363 0 *
Ed
 1e-07 1 1 0
1  430 0 3.14159265358979 4.57276264022515
2  859 351 0 3.14159265358979 4.57276264022515
2  860 279 0 3.14159265358979 4.57276264022515
4 G1 351 0 279 0
0

0101000
+3574 3 -3535 3 *
Wi

0101100
+3373 0 +3377 0 -3361 0 *
Fa
0  1e-07 351 0

0101000
+3360 0 *
Ed
 1e-07 1 1 0
1  431 0 0.139626340159543 1.5707963267949
2  861 352 0 0.139626340159543 1.5707963267949
2  862 281 0 0.139626340159543 1.5707963267949
4 G1 352 0 281 0
0

0101000
+3526 3 -3569 3 *
Wi

0101100
+3370 0 +3374 0 -3358 0 *
Fa
0  1e-07 352 0

0101000
+3357 0 *
Ed
 1e-07 1 1 0
1  432 0 5.50747232545061 7.05889828890857
2  863 92 0 5.50747232545061 7.05889828890857
2  864 283 0 5.50747232545061 7.05889828890857
0

0101000
+3564 3 -3522 3 *
Wi

0101100
-3590 0 -3520 0 -3355 0 -3563 0 -3981 0 -3437 0 +3367 0 -3466 0 *
Fa
0  1e-07 92 0

0101000
+3354 0 *
Ed
 1e-07 1 1 0
1  433 0 1.59016669013183 3.14159265358979
2  865 284 0 1.59016669013183 3.14159265358979
2  866 353 0 1.59016669013183 3.14159265358979
0

0101000
+3537 3 -3560 3 *
Wi

0101100
+3364 0 -3557 0 -3352 0 -3536 0 *
Fa
0  1e-07 284 0

0101000
+3351 0 *
Ed
 1e-07 1 1 0
1  434 0 4.71238898038469 6.14355896702004
2  867 279 0 4.71238898038469 6.14355896702004
2  868 353 0 4.71238898038469 6.14355896702004
4 G1 279 0 353 0
0

0101000
+3573 3 -3537 3 *
Wi

0101100
+3361 0 -3534 0 -3349 0 -3572 0 *
Fa
0  1e-07 279 0

0101000
+3348 0 *
Ed
 1e-07 1 1 0
1  435 0 4.85201532054423 6.28318530717959
2  869 281 0 4.85201532054423 6.28318530717959
2  870 354 0 4.85201532054423 6.28318530717959
4 G1 281 0 354 0
0

0101000
+3524 3 -3571 3 *
Wi

0101100
+3358 0 -3568 0 -3346 0 -3523 0 *
Fa
0  1e-07 281 0

0101000
+3345 0 *
Ed
 1e-07 1 1 0
1  436 0 3.14159265358979 4.69301861704775
2  871 283 0 3.14159265358979 4.69301861704775
2  872 354 0 3.14159265358979 4.69301861704775
0

0101000
+3562 3 -3524 3 *
Wi

0101100
+3355 0 -3521 0 -3343 0 -3561 0 *
Fa
0  1e-07 283 0

0101000
+3342 0 *
Ed
 1e-07 1 1 0
1  437 0 0 1.43116998663535
2  873 353 0 0 1.43116998663535
2  874 280 0 0 1.43116998663535
4 G1 353 0 280 0
0

0101000
+3573 3 -3560 3 *
Wi

0101100
+3349 0 +3352 0 -3340 0 *
Fa
0  1e-07 353 0

0101000
+3339 0 *
Ed
 1e-07 1 1 0
1  438 0 0.139626340159544 1.5707963267949
2  875 354 0 0.139626340159544 1.5707963267949
2  876 280 0 0.139626340159544 1.5707963267949
4 G1 354 0 280 0
0

0101000
+3562 3 -3571 3 *
Wi

0101100
+3343 0 +3346 0 -3337 0 *
Fa
0  1e-07 354 0

0101000
+3336 0 *
Wi

0101100
+3340 0 -3559 0 +3337 0 -3570 0 *
Fa
0  1e-07 280 0

0101000
+3334 0 *
Ed
 1e-07 1 1 0
1  439 0 0 3.14159265358979
2  877 2 0 0 3.14159265358979
2  878 4 0 0 3.14159265358979
0

0101000
+4267 3 -4262 3 *
Wi

0101100
-3854 0 -4265 0 +3332 0 +4261 0 *
Fa
0  1e-07 2 0

0101000
+3331 0 *
Wi

0101100
+3332 0 +4260 0 *
Fa
0  1e-07 4 0

0101000
+3329 0 *
Ve
1e-07
3.56327787793924 1.81200868124879 2.201
0 0

0101101
*
Ed
 1e-07 1 1 0
1  440 0 -0 0.00099999999999989
2  879 152 0 -0 0.00099999999999989
2  880 157 0 -0 0.00099999999999989
0

0101000
+3327 3 -3851 3 *
Ve
1e-07
3.56327787793924 1.78882207971501 2.201
0 0

0101101
*
Ed
 1e-07 1 1 0
1  441 0 -0.0231866015337836 0
2  881 152 0 -0.0231866015337836 0
2  882 355 0 -0.0231866015337836 0
0

0101000
+3325 3 -3327 3 *
Ed
 1e-07 1 1 0
1  442 0 -0 0.00099999999999989
2  883 152 0 -0 0.00099999999999989
2  884 153 0 -0 0.00099999999999989
0

0101000
+3325 3 -3852 3 *
Wi

0101100
+3850 0 -3326 0 -3324 0 +3323 0 *
Fa
0  1e-07 152 0

0101000
-3322 0 *
Ve
1e-07
3.48228073625757 1.81200868124879 2.201
0 0

0101101
*
Ed
 1e-07 1 1 0
1  443 0 -0 0.00099999999999989
2  885 157 0 -0 0.00099999999999989
2  886 156 0 -0 0.00099999999999989
0

0101000
+3320 3 -3843 3 *
Ed
 1e-07 1 1 0
1  444 0 -0.0809971416816619 -0
2  887 157 0 -0.0809971416816619 -0
2  888 355 0 -0.0809971416816619 -0
0

0101000
+3327 3 -3320 3 *
Wi

0101100
+3841 0 -3319 0 -3318 0 +3326 0 *
Fa
0  1e-07 157 0

0101000
-3317 0 *
Ve
1e-07
3.48228073625757 1.99219872814635 2.201
0 0

0101101
*
Ed
 1e-07 1 1 0
1  445 0 -0 0.00099999999999989
2  889 156 0 -0 0.00099999999999989
2  890 155 0 -0 0.00099999999999989
0

0101000
+3315 3 -3845 3 *
Ed
 1e-07 1 1 0
1  446 0 -0.180190046897551 0
2  891 156 0 -0.180190046897551 0
2  892 355 0 -0.180190046897551 0
0

0101000
+3320 3 -3315 3 *
Wi

0101100
+3842 0 -3314 0 -3313 0 +3319 0 *
Fa
0  1e-07 156 0

0101000
-3312 0 *
Ve
1e-07
3.45602684887068 1.99219872814635 2.201
0 0

0101101
*
Ed
 1e-07 1 1 0
1  447 0 -0 0.00099999999999989
2  893 155 0 -0 0.00099999999999989
2  894 154 0 -0 0.00099999999999989
0

0101000
+3310 3 -3847 3 *
Ed
 1e-07 1 1 0
1  448 0 -0.0262538873868929 -0
2  895 155 0 -0.0262538873868929 -0
2  896 355 0 -0.0262538873868929 -0
0

0101000
+3315 3 -3310 3 *
Wi

0101100
+3844 0 -3309 0 -3308 0 +3314 0 *
Fa
0  1e-07 155 0

0101000
-3307 0 *
Ve
1e-07
3.45602684887068 1.78882207971501 2.201
0 0

0101101
*
Ed
 1e-07 1 1 0
1  449 0 -0 0.00099999999999989
2  897 154 0 -0 0.00099999999999989
2  898 153 0 -0 0.00099999999999989
0

0101000
+3305 3 -3849 3 *
Ed
 1e-07 1 1 0
1  450 0 -0.203376648431335 -0
2  899 154 0 -0.203376648431335 -0
2  900 355 0 -0.203376648431335 -0
0

0101000
+3310 3 -3305 3 *
Wi

0101100
+3846 0 -3304 0 -3303 0 +3309 0 *
Fa
0  1e-07 154 0

0101000
-3302 0 *
Ed
 1e-07 1 1 0
1  451 0 -0.107251029068555 0
2  901 153 0 -0.107251029068555 0
2  902 355 0 -0.107251029068555 0
0

0101000
+3305 3 -3325 3 *
Wi

0101100
+3848 0 -3323 0 -3300 0 +3304 0 *
Fa
0  1e-07 153 0

0101000
-3299 0 *
Wi

0101100
+3324 0 +3318 0 +3313 0 +3308 0 +3303 0 +3300 0 *
Fa
0  1e-07 355 0

0101000
-3297 0 *
Ve
1e-07
3.66756559694551 1.78539087859092 2.201
0 0

0101101
*
Ed
 1e-07 1 1 0
1  452 0 -0 0.00099999999999989
2  903 134 0 -0 0.00099999999999989
2  904 135 0 -0 0.00099999999999989
4 G1 134 0 135 0
0

0101000
+3295 3 -3892 3 *
Ve
1e-07
3.72386848811437 1.79724411883728 2.201
0 0

0101101
*
Ed
 1e-07 1 1 0
1  453 0 0 1
2  905 134 0 0 1
2  906 356 0 0 1
0

0101000
+3295 3 -3293 3 *
Ed
 1e-07 1 1 0
1  454 0 -0 0.00099999999999989
2  907 134 0 -0 0.00099999999999989
2  908 147 0 -0 0.00099999999999989
0

0101000
+3293 3 -3891 3 *
Wi

0101100
-3294 0 +3292 0 +3291 0 -3890 0 *
Fa
0  1e-07 134 0

0101000
+3290 0 *
Ve
1e-07
3.72386848811437 1.82240626041259 2.201
0 0

0101101
*
Ed
 1e-07 1 1 0
1  455 0 -0 0.00099999999999989
2  909 147 0 -0 0.00099999999999989
2  910 146 0 -0 0.00099999999999989
0

0101000
+3288 3 -3867 3 *
Ed
 1e-07 1 1 0
1  456 0 -0.0251621415753072 0
2  911 147 0 -0.0251621415753072 0
2  912 356 0 -0.0251621415753072 0
0

0101000
+3293 3 -3288 3 *
Wi

0101100
+3865 0 -3287 0 -3286 0 +3291 0 *
Fa
0  1e-07 147 0

0101000
-3285 0 *
Ve
1e-07
3.6713607133399 1.80878543170773 2.201
0 0

0101101
*
Ed
 1e-07 1 1 0
1  457 0 12 13
2  913 146 0 12 13
2  914 356 0 12 13
0

0101000
+3288 3 -3283 3 *
Ed
 1e-07 1 1 0
1  458 0 -0 0.00099999999999989
2  915 146 0 -0 0.00099999999999989
2  916 145 0 -0 0.00099999999999989
4 G1 146 0 145 0
0

0101000
+3283 3 -3869 3 *
Wi

0101100
-3287 0 +3282 0 +3281 0 -3866 0 *
Fa
0  1e-07 146 0

0101000
+3280 0 *
Ve
1e-07
3.61911287804491 1.8302044447844 2.201
0 0

0101101
*
Ed
 1e-07 1 1 0
1  459 0 11 12
2  917 145 0 11 12
2  918 356 0 11 12
0

0101000
+3283 3 -3278 3 *
Ed
 1e-07 1 1 0
1  460 0 -0 0.00099999999999989
2  919 145 0 -0 0.00099999999999989
2  920 144 0 -0 0.00099999999999989
4 G1 145 0 144 0
0

0101000
+3278 3 -3871 3 *
Wi

0101100
-3281 0 +3277 0 +3276 0 -3868 0 *
Fa
0  1e-07 145 0

0101000
+3275 0 *
Ve
1e-07
3.59914952605219 1.88822293651531 2.201
0 0

0101101
*
Ed
 1e-07 1 1 0
1  461 0 10 11
2  921 144 0 10 11
2  922 356 0 10 11
0

0101000
+3278 3 -3273 3 *
Ed
 1e-07 1 1 0
1  462 0 -0 0.00099999999999989
2  923 144 0 -0 0.00099999999999989
2  924 143 0 -0 0.00099999999999989
4 G1 144 0 143 0
0

0101000
+3273 3 -3873 3 *
Wi

0101100
-3276 0 +3272 0 +3271 0 -3870 0 *
Fa
0  1e-07 144 0

0101000
+3270 0 *
Ve
1e-07
3.62051655123241 1.94936070199439 2.201
0 0

0101101
*
Ed
 1e-07 1 1 0
1  463 0 9 10
2  925 143 0 9 10
2  926 356 0 9 10
0

0101000
+3273 3 -3268 3 *
Ed
 1e-07 1 1 0
1  464 0 -0 0.00099999999999989
2  927 143 0 -0 0.00099999999999989
2  928 142 0 -0 0.00099999999999989
4 G1 143 0 142 0
0

0101000
+3268 3 -3875 3 *
Wi

0101100
-3271 0 +3267 0 +3266 0 -3872 0 *
Fa
0  1e-07 143 0

0101000
+3265 0 *
Ve
1e-07
3.67593564817202 1.9719234487777 2.201
0 0

0101101
*
Ed
 1e-07 1 1 0
1  465 0 8 9
2  929 142 0 8 9
2  930 356 0 8 9
0

0101000
+3268 3 -3263 3 *
Ed
 1e-07 1 1 0
1  466 0 -0 0.00099999999999989
2  931 142 0 -0 0.00099999999999989
2  932 141 0 -0 0.00099999999999989
4 G1 142 0 141 0
0

0101000
+3263 3 -3877 3 *
Wi

0101100
-3266 0 +3262 0 +3261 0 -3874 0 *
Fa
0  1e-07 142 0

0101000
+3260 0 *
Ve
1e-07
3.72386848811437 1.9598622569497 2.201
0 0

0101101
*
Ed
 1e-07 1 1 0
1  467 0 7 8
2  933 141 0 7 8
2  934 356 0 7 8
0

0101000
+3263 3 -3258 3 *
Ed
 1e-07 1 1 0
1  468 0 -0 0.00099999999999989
2  935 141 0 -0 0.00099999999999989
2  936 140 0 -0 0.00099999999999989
0

0101000
+3258 3 -3879 3 *
Wi

0101100
-3261 0 +3257 0 +3256 0 -3876 0 *
Fa
0  1e-07 141 0

0101000
+3255 0 *
Ve
1e-07
3.72386848811437 1.98731186593968 2.201
0 0

0101101
*
Ed
 1e-07 1 1 0
1  469 0 -0 0.00099999999999989
2  937 140 0 -0 0.00099999999999989
2  938 139 0 -0 0.00099999999999989
0

0101000
+3253 3 -3881 3 *
Ed
 1e-07 1 1 0
1  470 0 -0.0274496089899841 0
2  939 140 0 -0.0274496089899841 0
2  940 356 0 -0.0274496089899841 0
0

0101000
+3258 3 -3253 3 *
Wi

0101100
+3878 0 -3252 0 -3251 0 +3256 0 *
Fa
0  1e-07 140 0

0101000
-3250 0 *
Ve
1e-07
3.67567570869255 1.99562992927044 2.201
0 0

0101101
*
Ed
 1e-07 1 1 0
1  471 0 5 6
2  941 139 0 5 6
2  942 356 0 5 6
0

0101000
+3253 3 -3248 3 *
Ed
 1e-07 1 1 0
1  472 0 -0 0.00099999999999989
2  943 139 0 -0 0.00099999999999989
2  944 138 0 -0 0.00099999999999989
4 G1 139 0 138 0
0

0101000
+3248 3 -3883 3 *
Wi

0101100
-3252 0 +3247 0 +3246 0 -3880 0 *
Fa
0  1e-07 139 0

0101000
+3245 0 *
Ve
1e-07
3.60096910240505 1.96568490127998 2.201
0 0

0101101
*
Ed
 1e-07 1 1 0
1  473 0 4 5
2  945 138 0 4 5
2  946 356 0 4 5
0

0101000
+3248 3 -3243 3 *
Ed
 1e-07 1 1 0
1  474 0 -0 0.00099999999999989
2  947 138 0 -0 0.00099999999999989
2  948 137 0 -0 0.00099999999999989
4 C1 138 0 137 0
0

0101000
+3243 3 -3885 3 *
Wi

0101100
-3246 0 +3242 0 +3241 0 -3882 0 *
Fa
0  1e-07 138 0

0101000
+3240 0 *
Ve
1e-07
3.57159594126931 1.88666329963984 2.201
0 0

0101101
*
Ed
 1e-07 1 1 0
1  475 0 3 4
2  949 137 0 3 4
2  950 356 0 3 4
0

0101000
+3243 3 -3238 3 *
Ed
 1e-07 1 1 0
1  476 0 -0 0.00099999999999989
2  951 137 0 -0 0.00099999999999989
2  952 136 0 -0 0.00099999999999989
4 G1 137 0 136 0
0

0101000
+3238 3 -3887 3 *
Wi

0101100
-3241 0 +3237 0 +3236 0 -3884 0 *
Fa
0  1e-07 137 0

0101000
+3235 0 *
Ve
1e-07
3.59769386496892 1.81315241495683 2.201
0 0

0101101
*
Ed
 1e-07 1 1 0
1  477 0 2 3
2  953 136 0 2 3
2  954 356 0 2 3
0

0101000
+3238 3 -3233 3 *
Ed
 1e-07 1 1 0
1  478 0 -0 0.00099999999999989
2  955 136 0 -0 0.00099999999999989
2  956 135 0 -0 0.00099999999999989
4 C1 136 0 135 0
0

0101000
+3233 3 -3889 3 *
Wi

0101100
-3236 0 +3232 0 +3231 0 -3886 0 *
Fa
0  1e-07 136 0

0101000
+3230 0 *
Ed
 1e-07 1 1 0
1  479 0 1 2
2  957 135 0 1 2
2  958 356 0 1 2
0

0101000
+3233 3 -3295 3 *
Wi

0101100
-3231 0 +3228 0 +3294 0 -3888 0 *
Fa
0  1e-07 135 0

0101000
+3227 0 *
Wi

0101100
+3292 0 +3286 0 +3282 0 +3277 0 +3272 0 +3267 0 +3262 0 +3257 0 +3251 0 +3247 0 
+3242 0 +3237 0 +3232 0 +3228 0 *
Fa
0  1e-07 356 0

0101000
+3225 0 *
Ve
1e-07
3.87395754333419 1.81200868124879 2.201
0 0

0101101
*
Ed
 1e-07 1 1 0
1  480 0 -0 0.00099999999999989
2  959 158 0 -0 0.00099999999999989
2  960 169 0 -0 0.00099999999999989
0

0101000
+3223 3 -3838 3 *
Ve
1e-07
3.87395754333419 1.78882207971501 2.201
0 0

0101101
*
Ed
 1e-07 1 1 0
1  481 0 -0.0231866015337836 0
2  961 158 0 -0.0231866015337836 0
2  962 357 0 -0.0231866015337836 0
0

0101000
+3221 3 -3223 3 *
Ed
 1e-07 1 1 0
1  482 0 -0 0.00099999999999989
2  963 158 0 -0 0.00099999999999989
2  964 159 0 -0 0.00099999999999989
0

0101000
+3221 3 -3839 3 *
Wi

0101100
+3837 0 -3222 0 -3220 0 +3219 0 *
Fa
0  1e-07 158 0

0101000
-3218 0 *
Ve
1e-07
3.79082889792511 1.81200868124879 2.201
0 0

0101101
*
Ed
 1e-07 1 1 0
1  483 0 -0 0.00099999999999989
2  965 169 0 -0 0.00099999999999989
2  966 168 0 -0 0.00099999999999989
0

0101000
+3216 3 -3818 3 *
Ed
 1e-07 1 1 0
1  484 0 -0.0831286454090767 -0
2  967 169 0 -0.0831286454090767 -0
2  968 357 0 -0.0831286454090767 -0
0

0101000
+3223 3 -3216 3 *
Wi

0101100
+3816 0 -3215 0 -3214 0 +3222 0 *
Fa
0  1e-07 169 0

0101000
-3213 0 *
Ve
1e-07
3.79082889792511 1.88042475214211 2.201
0 0

0101101
*
Ed
 1e-07 1 1 0
1  485 0 -0 0.00099999999999989
2  969 168 0 -0 0.00099999999999989
2  970 167 0 -0 0.00099999999999989
0

0101000
+3211 3 -3820 3 *
Ed
 1e-07 1 1 0
1  486 0 -0.0684160708933195 0
2  971 168 0 -0.0684160708933195 0
2  972 357 0 -0.0684160708933195 0
0

0101000
+3216 3 -3211 3 *
Wi

0101100
+3817 0 -3210 0 -3209 0 +3215 0 *
Fa
0  1e-07 168 0

0101000
-3208 0 *
Ve
1e-07
3.86355996417109 1.88042475214211 2.201
0 0

0101101
*
Ed
 1e-07 1 1 0
1  487 0 -0 0.00099999999999989
2  973 167 0 -0 0.00099999999999989
2  974 166 0 -0 0.00099999999999989
0

0101000
+3206 3 -3822 3 *
Ed
 1e-07 1 1 0
1  488 0 -0.0727310662459706 0
2  975 167 0 -0.0727310662459706 0
2  976 357 0 -0.0727310662459706 0
0

0101000
+3211 3 -3206 3 *
Wi

0101100
+3819 0 -3205 0 -3204 0 +3210 0 *
Fa
0  1e-07 167 0

0101000
-3203 0 *
Ve
1e-07
3.86355996417109 1.90371532946741 2.201
0 0

0101101
*
Ed
 1e-07 1 1 0
1  489 0 -0 0.00099999999999989
2  977 166 0 -0 0.00099999999999989
2  978 165 0 -0 0.00099999999999989
0

0101000
+3201 3 -3824 3 *
Ed
 1e-07 1 1 0
1  490 0 -0.0232905773252969 0
2  979 166 0 -0.0232905773252969 0
2  980 357 0 -0.0232905773252969 0
0

0101000
+3206 3 -3201 3 *
Wi

0101100
+3821 0 -3200 0 -3199 0 +3205 0 *
Fa
0  1e-07 166 0

0101000
-3198 0 *
Ve
1e-07
3.79082889792511 1.90371532946741 2.201
0 0

0101101
*
Ed
 1e-07 1 1 0
1  491 0 -0 0.00099999999999989
2  981 165 0 -0 0.00099999999999989
2  982 164 0 -0 0.00099999999999989
0

0101000
+3196 3 -3826 3 *
Ed
 1e-07 1 1 0
1  492 0 -0.0727310662459706 -0
2  983 165 0 -0.0727310662459706 -0
2  984 357 0 -0.0727310662459706 -0
0

0101000
+3201 3 -3196 3 *
Wi

0101100
+3823 0 -3195 0 -3194 0 +3200 0 *
Fa
0  1e-07 165 0

0101000
-3193 0 *
Ve
1e-07
3.79082889792511 1.96880417502954 2.201
0 0

0101101
*
Ed
 1e-07 1 1 0
1  493 0 -0 0.00099999999999989
2  985 164 0 -0 0.00099999999999989
2  986 163 0 -0 0.00099999999999989
0

0101000
+3191 3 -3828 3 *
Ed
 1e-07 1 1 0
1  494 0 -0.0650888455621241 0
2  987 164 0 -0.0650888455621241 0
2  988 357 0 -0.0650888455621241 0
0

0101000
+3196 3 -3191 3 *
Wi

0101100
+3825 0 -3190 0 -3189 0 +3195 0 *
Fa
0  1e-07 164 0

0101000
-3188 0 *
Ve
1e-07
3.869330620607 1.96880417502954 2.201
0 0

0101101
*
Ed
 1e-07 1 1 0
1  495 0 -0 0.00099999999999989
2  989 163 0 -0 0.00099999999999989
2  990 162 0 -0 0.00099999999999989
0

0101000
+3186 3 -3830 3 *
Ed
 1e-07 1 1 0
1  496 0 -0.0785017226818892 0
2  991 163 0 -0.0785017226818892 0
2  992 357 0 -0.0785017226818892 0
0

0101000
+3191 3 -3186 3 *
Wi

0101100
+3827 0 -3185 0 -3184 0 +3190 0 *
Fa
0  1e-07 163 0

0101000
-3183 0 *
Ve
1e-07
3.869330620607 1.99219872814635 2.201
0 0

0101101
*
Ed
 1e-07 1 1 0
1  497 0 -0 0.00099999999999989
2  993 162 0 -0 0.00099999999999989
2  994 161 0 -0 0.00099999999999989
0

0101000
+3181 3 -3832 3 *
Ed
 1e-07 1 1 0
1  498 0 -0.0233945531168105 0
2  995 162 0 -0.0233945531168105 0
2  996 357 0 -0.0233945531168105 0
0

0101000
+3186 3 -3181 3 *
Wi

0101100
+3829 0 -3180 0 -3179 0 +3185 0 *
Fa
0  1e-07 162 0

0101000
-3178 0 *
Ve
1e-07
3.76457501053823 1.99219872814635 2.201
0 0

0101101
*
Ed
 1e-07 1 1 0
1  499 0 -0 0.00099999999999989
2  997 161 0 -0 0.00099999999999989
2  998 160 0 -0 0.00099999999999989
0

0101000
+3176 3 -3834 3 *
Ed
 1e-07 1 1 0
1  500 0 -0.104755610068774 -0
2  999 161 0 -0.104755610068774 -0
2  1000 357 0 -0.104755610068774 -0
0

0101000
+3181 3 -3176 3 *
Wi

0101100
+3831 0 -3175 0 -3174 0 +3180 0 *
Fa
0  1e-07 161 0

0101000
-3173 0 *
Ve
1e-07
3.76457501053823 1.78882207971501 2.201
0 0

0101101
*
Ed
 1e-07 1 1 0
1  501 0 -0 0.00099999999999989
2  1001 160 0 -0 0.00099999999999989
2  1002 159 0 -0 0.00099999999999989
0

0101000
+3171 3 -3836 3 *
Ed
 1e-07 1 1 0
1  502 0 -0.203376648431335 -0
2  1003 160 0 -0.203376648431335 -0
2  1004 357 0 -0.203376648431335 -0
0

0101000
+3176 3 -3171 3 *
Wi

0101100
+3833 0 -3170 0 -3169 0 +3175 0 *
Fa
0  1e-07 160 0

0101000
-3168 0 *
Ed
 1e-07 1 1 0
1  503 0 -0.109382532795962 0
2  1005 159 0 -0.109382532795962 0
2  1006 357 0 -0.109382532795962 0
0

0101000
+3171 3 -3221 3 *
Wi

0101100
+3835 0 -3219 0 -3166 0 +3170 0 *
Fa
0  1e-07 159 0

0101000
-3165 0 *
Wi

0101100
+3220 0 +3214 0 +3209 0 +3204 0 +3199 0 +3194 0 +3189 0 +3184 0 +3179 0 +3174 0 
+3169 0 +3166 0 *
Fa
0  1e-07 357 0

0101000
-3163 0 *
Ve
1e-07
3.91237659834268 1.78882207971501 2.201
0 0

0101101
*
Ve
1e-07
3.96831557424055 1.78882207971501 2.201
0 0

0101101
*
Ed
 1e-07 1 1 0
1  504 0 -0.0559389758978752 4.44089209850063e-16
2  1007 358 0 -0.0559389758978752 4.44089209850063e-16
2  1008 170 0 -0.0559389758978752 4.44089209850063e-16
0

0101000
+3161 3 -3160 3 *
Ve
1e-07
4.04728518798494 1.81731144662151 2.201
0 0

0101101
*
Ed
 1e-07 1 1 0
1  505 0 5 6
2  1009 358 0 5 6
2  1010 176 0 5 6
0

0101000
+3160 3 -3158 3 *
Ve
1e-07
4.07795804651599 1.89310979872197 2.201
0 0

0101101
*
Ed
 1e-07 1 1 0
1  506 0 4 5
2  1011 358 0 4 5
2  1012 175 0 4 5
0

0101000
+3158 3 -3156 3 *
Ve
1e-07
4.04728518798494 1.96526899811393 2.201
0 0

0101101
*
Ed
 1e-07 1 1 0
1  507 0 3 4
2  1013 358 0 3 4
2  1014 174 0 3 4
0

0101000
+3156 3 -3154 3 *
Ve
1e-07
3.97039509007359 1.99219872814635 2.201
0 0

0101101
*
Ed
 1e-07 1 1 0
1  508 0 2 3
2  1015 358 0 2 3
2  1016 173 0 2 3
0

0101000
+3154 3 -3152 3 *
Ve
1e-07
3.91237659834268 1.99219872814635 2.201
0 0

0101101
*
Ed
 1e-07 1 1 0
1  509 0 -0.0580184917309077 -0
2  1017 358 0 -0.0580184917309077 -0
2  1018 172 0 -0.0580184917309077 -0
0

0101000
+3152 3 -3150 3 *
Ed
 1e-07 1 1 0
1  510 0 -0.203376648431335 -0
2  1019 358 0 -0.203376648431335 -0
2  1020 171 0 -0.203376648431335 -0
0

0101000
+3150 3 -3161 3 *
Wi

0101100
+3159 0 +3157 0 +3155 0 +3153 0 +3151 0 +3149 0 +3148 0 *
Ve
1e-07
3.93863048573027 1.96880417502954 2.201
0 0

0101101
*
Ve
1e-07
3.93863048573027 1.81200868124879 2.201
0 0

0101101
*
Ed
 1e-07 1 1 0
1  511 0 0 0.156795493780741
2  1021 358 0 0 0.156795493780741
2  1022 359 0 0 0.156795493780741
0

0101000
+3146 3 -3145 3 *
Ve
1e-07
3.96935533215569 1.96880417502954 2.201
0 0

0101101
*
Ed
 1e-07 1 1 0
1  512 0 0 0.0307248464254215
2  1023 358 0 0 0.0307248464254215
2  1024 360 0 0 0.0307248464254215
0

0101000
+3143 3 -3146 3 *
Ve
1e-07
4.02804966653282 1.94967262936893 2.201
0 0

0101101
*
Ed
 1e-07 1 1 0
1  513 0 5 6
2  1025 358 0 5 6
2  1026 361 0 5 6
0

0101000
+3141 3 -3143 3 *
Ve
1e-07
4.05035247383874 1.89238196818 2.201
0 0

0101101
*
Ed
 1e-07 1 1 0
1  514 0 4 5
2  1027 358 0 4 5
2  1028 362 0 4 5
0

0101000
+3139 3 -3141 3 *
Ve
1e-07
4.02862153338753 1.83321974274106 2.201
0 0

0101101
*
Ed
 1e-07 1 1 0
1  515 0 3 4
2  1029 358 0 3 4
2  1030 363 0 3 4
0

0101000
+3137 3 -3139 3 *
Ve
1e-07
3.96815961055328 1.81200868124879 2.201
0 0

0101101
*
Ed
 1e-07 1 1 0
1  516 0 2 3
2  1031 358 0 2 3
2  1032 364 0 2 3
0

0101000
+3135 3 -3137 3 *
Ed
 1e-07 1 1 0
1  517 0 0 0.029529124823017
2  1033 358 0 0 0.029529124823017
2  1034 365 0 0 0.029529124823017
0

0101000
+3145 3 -3135 3 *
Wi

0101100
-3144 0 -3142 0 -3140 0 -3138 0 -3136 0 -3134 0 -3133 0 *
Fa
0  1e-07 358 0

0101000
+3147 0 +3132 0 *
Ed
 1e-07 1 1 0
1  518 0 -0 0.00099999999999989
2  1035 170 0 -0 0.00099999999999989
2  1036 176 0 -0 0.00099999999999989
4 G1 170 0 176 0
0

0101000
+3160 3 -3813 3 *
Ed
 1e-07 1 1 0
1  519 0 -0 0.00099999999999989
2  1037 170 0 -0 0.00099999999999989
2  1038 171 0 -0 0.00099999999999989
0

0101000
+3161 3 -3814 3 *
Wi

0101100
+3812 0 -3130 0 -3159 0 +3129 0 *
Fa
0  1e-07 170 0

0101000
-3128 0 *
Ed
 1e-07 1 1 0
1  520 0 -0 0.00099999999999989
2  1039 176 0 -0 0.00099999999999989
2  1040 175 0 -0 0.00099999999999989
4 C1 176 0 175 0
0

0101000
+3158 3 -3803 3 *
Wi

0101100
-3130 0 +3157 0 +3126 0 -3801 0 *
Fa
0  1e-07 176 0

0101000
+3125 0 *
Ed
 1e-07 1 1 0
1  521 0 -0 0.00099999999999989
2  1041 175 0 -0 0.00099999999999989
2  1042 174 0 -0 0.00099999999999989
4 G1 175 0 174 0
0

0101000
+3156 3 -3805 3 *
Wi

0101100
-3126 0 +3155 0 +3123 0 -3802 0 *
Fa
0  1e-07 175 0

0101000
+3122 0 *
Ed
 1e-07 1 1 0
1  522 0 -0 0.00099999999999989
2  1043 174 0 -0 0.00099999999999989
2  1044 173 0 -0 0.00099999999999989
4 C1 174 0 173 0
0

0101000
+3154 3 -3807 3 *
Wi

0101100
-3123 0 +3153 0 +3120 0 -3804 0 *
Fa
0  1e-07 174 0

0101000
+3119 0 *
Ed
 1e-07 1 1 0
1  523 0 -0 0.00099999999999989
2  1045 173 0 -0 0.00099999999999989
2  1046 172 0 -0 0.00099999999999989
4 G1 173 0 172 0
0

0101000
+3152 3 -3809 3 *
Wi

0101100
-3120 0 +3151 0 +3117 0 -3806 0 *
Fa
0  1e-07 173 0

0101000
+3116 0 *
Ed
 1e-07 1 1 0
1  524 0 -0 0.00099999999999989
2  1047 172 0 -0 0.00099999999999989
2  1048 171 0 -0 0.00099999999999989
0

0101000
+3150 3 -3811 3 *
Wi

0101100
+3808 0 -3114 0 -3149 0 +3117 0 *
Fa
0  1e-07 172 0

0101000
-3113 0 *
Wi

0101100
+3810 0 -3129 0 -3148 0 +3114 0 *
Fa
0  1e-07 171 0

0101000
-3111 0 *
Ve
1e-07
3.96935533215569 1.96880417502954 2.2
0 0

0101101
*
Ve
1e-07
3.93863048573027 1.96880417502954 2.2
0 0

0101101
*
Ed
 1e-07 1 1 0
1  525 0 0 0.0307248464254215
2  1049 360 0 0 0.0307248464254215
2  1050 366 0 0 0.0307248464254215
0

0101000
+3109 3 -3108 3 *
Ed
 1e-07 1 1 0
1  526 0 -0 0.00099999999999989
2  1051 360 0 -0 0.00099999999999989
2  1052 361 0 -0 0.00099999999999989
4 G1 360 0 361 0
0

0101000
+3143 3 -3109 3 *
Ed
 1e-07 1 1 0
1  527 0 -0 0.00099999999999989
2  1053 360 0 -0 0.00099999999999989
2  1054 359 0 -0 0.00099999999999989
0

0101000
+3146 3 -3108 3 *
Wi

0101100
-3107 0 -3106 0 +3142 0 +3105 0 *
Fa
0  1e-07 360 0

0101000
+3104 0 *
Ve
1e-07
3.93863048573027 1.81200868124879 2.2
0 0

0101101
*
Ed
 1e-07 1 1 0
1  528 0 0 0.156795493780741
2  1055 359 0 0 0.156795493780741
2  1056 366 0 0 0.156795493780741
0

0101000
+3108 3 -3102 3 *
Ed
 1e-07 1 1 0
1  529 0 -0 0.00099999999999989
2  1057 359 0 -0 0.00099999999999989
2  1058 365 0 -0 0.00099999999999989
0

0101000
+3145 3 -3102 3 *
Wi

0101100
-3101 0 -3105 0 +3144 0 +3100 0 *
Fa
0  1e-07 359 0

0101000
+3099 0 *
Ve
1e-07
3.96815961055328 1.81200868124879 2.2
0 0

0101101
*
Ed
 1e-07 1 1 0
1  530 0 0 0.029529124823017
2  1059 365 0 0 0.029529124823017
2  1060 366 0 0 0.029529124823017
0

0101000
+3102 3 -3097 3 *
Ed
 1e-07 1 1 0
1  531 0 -0 0.00099999999999989
2  1061 365 0 -0 0.00099999999999989
2  1062 364 0 -0 0.00099999999999989
4 G1 365 0 364 0
0

0101000
+3135 3 -3097 3 *
Wi

0101100
-3096 0 -3100 0 +3133 0 +3095 0 *
Fa
0  1e-07 365 0

0101000
+3094 0 *
Ve
1e-07
4.02862153338753 1.83321974274106 2.2
0 0

0101101
*
Ed
 1e-07 1 1 0
1  532 0 2 3
2  1063 364 0 2 3
2  1064 366 0 2 3
0

0101000
+3097 3 -3092 3 *
Ed
 1e-07 1 1 0
1  533 0 -0 0.00099999999999989
2  1065 364 0 -0 0.00099999999999989
2  1066 363 0 -0 0.00099999999999989
4 G1 364 0 363 0
0

0101000
+3137 3 -3092 3 *
Wi

0101100
-3091 0 -3095 0 +3134 0 +3090 0 *
Fa
0  1e-07 364 0

0101000
+3089 0 *
Ve
1e-07
4.05035247383874 1.89238196818 2.2
0 0

0101101
*
Ed
 1e-07 1 1 0
1  534 0 3 4
2  1067 363 0 3 4
2  1068 366 0 3 4
0

0101000
+3092 3 -3087 3 *
Ed
 1e-07 1 1 0
1  535 0 -0 0.00099999999999989
2  1069 363 0 -0 0.00099999999999989
2  1070 362 0 -0 0.00099999999999989
4 C1 363 0 362 0
0

0101000
+3139 3 -3087 3 *
Wi

0101100
-3086 0 -3090 0 +3136 0 +3085 0 *
Fa
0  1e-07 363 0

0101000
+3084 0 *
Ve
1e-07
4.02804966653282 1.94967262936893 2.2
0 0

0101101
*
Ed
 1e-07 1 1 0
1  536 0 4 5
2  1071 362 0 4 5
2  1072 366 0 4 5
0

0101000
+3087 3 -3082 3 *
Ed
 1e-07 1 1 0
1  537 0 -0 0.00099999999999989
2  1073 362 0 -0 0.00099999999999989
2  1074 361 0 -0 0.00099999999999989
4 C1 362 0 361 0
0

0101000
+3141 3 -3082 3 *
Wi

0101100
-3081 0 -3085 0 +3138 0 +3080 0 *
Fa
0  1e-07 362 0

0101000
+3079 0 *
Ed
 1e-07 1 1 0
1  538 0 5 6
2  1075 361 0 5 6
2  1076 366 0 5 6
0

0101000
+3082 3 -3109 3 *
Wi

0101100
-3077 0 -3080 0 +3140 0 +3106 0 *
Fa
0  1e-07 361 0

0101000
+3076 0 *
Wi

0101100
+3077 0 +3107 0 +3101 0 +3096 0 +3091 0 +3086 0 +3081 0 *
Fa
0  1e-07 366 0

0101000
-3074 0 *
Ve
1e-07
4.27223681318021 1.78882207971501 2.201
0 0

0101101
*
Ve
1e-07
4.19477484841416 1.99219872814635 2.201
0 0

0101101
*
Ed
 1e-07 1 1 0
1  539 0 -0.217629081495512 0
2  1077 367 0 -0.217629081495512 0
2  1078 177 0 -0.217629081495512 0
0

0101000
+3072 3 -3071 3 *
Ve
1e-07
4.16670138467371 1.99219872814635 2.201
0 0

0101101
*
Ed
 1e-07 1 1 0
1  540 0 -0.0280734637404505 -0
2  1079 367 0 -0.0280734637404505 -0
2  1080 184 0 -0.0280734637404505 -0
0

0101000
+3071 3 -3069 3 *
Ve
1e-07
4.08923941990904 1.78882207971501 2.201
0 0

0101101
*
Ed
 1e-07 1 1 0
1  541 0 -0.217629081495019 -0
2  1081 367 0 -0.217629081495019 -0
2  1082 183 0 -0.217629081495019 -0
0

0101000
+3069 3 -3067 3 *
Ve
1e-07
4.11824866577311 1.78882207971501 2.201
0 0

0101101
*
Ed
 1e-07 1 1 0
1  542 0 -0.0290092458640672 0
2  1083 367 0 -0.0290092458640672 0
2  1084 182 0 -0.0290092458640672 0
0

0101000
+3067 3 -3065 3 *
Ve
1e-07
4.13779611459977 1.84444912823834 2.201
0 0

0101101
*
Ed
 1e-07 1 1 0
1  543 0 -0.0589616085520763 0
2  1085 367 0 -0.0589616085520763 0
2  1086 181 0 -0.0589616085520763 0
0

0101000
+3065 3 -3063 3 *
Ve
1e-07
4.22248439688431 1.84444912823834 2.201
0 0

0101101
*
Ed
 1e-07 1 1 0
1  544 0 -0.0846882822845405 0
2  1087 367 0 -0.0846882822845405 0
2  1088 180 0 -0.0846882822845405 0
0

0101000
+3063 3 -3061 3 *
Ve
1e-07
4.24322756731476 1.78882207971501 2.201
0 0

0101101
*
Ed
 1e-07 1 1 0
1  545 0 -0.0593687430128336 0
2  1089 367 0 -0.0593687430128336 0
2  1090 179 0 -0.0593687430128336 0
0

0101000
+3061 3 -3059 3 *
Ed
 1e-07 1 1 0
1  546 0 -0.0290092458654527 0
2  1091 367 0 -0.0290092458654527 0
2  1092 178 0 -0.0290092458654527 0
0

0101000
+3059 3 -3072 3 *
Wi

0101100
+3070 0 +3068 0 +3066 0 +3064 0 +3062 0 +3060 0 +3058 0 +3057 0 *
Ve
1e-07
4.14611417793053 1.8674277781891 2.201
0 0

0101101
*
Ve
1e-07
4.21437428513658 1.8674277781891 2.201
0 0

0101101
*
Ed
 1e-07 1 1 0
1  547 0 0 0.0682601072060489
2  1093 367 0 0 0.0682601072060489
2  1094 368 0 0 0.0682601072060489
0

0101000
+3055 3 -3054 3 *
Ve
1e-07
4.1765270969828 1.95196009678499 2.201
0 0

0101101
*
Ed
 1e-07 1 1 0
1  548 0 2.08933712037241e-16 0.0898368439587933
2  1095 367 0 2.08933712037241e-16 0.0898368439587933
2  1096 369 0 2.08933712037241e-16 0.0898368439587933
0

0101000
+3052 3 -3055 3 *
Ve
1e-07
4.17985432231538 1.96620478023893 2.201
0 0

0101101
*
Ed
 1e-07 1 1 0
1  549 0 3 4
2  1097 367 0 3 4
2  1098 370 0 3 4
0

0101000
+3050 3 -3052 3 *
Ve
1e-07
4.18047817706445 1.96620478023893 2.201
0 0

0101101
*
Ed
 1e-07 1 1 0
1  550 0 -8.88178419700125e-16 0.000623854749078667
2  1099 367 0 -8.88178419700125e-16 0.000623854749078667
2  1100 371 0 -8.88178419700125e-16 0.000623854749078667
0

0101000
+3048 3 -3050 3 *
Ve
1e-07
4.18364943870977 1.95196009678499 2.201
0 0

0101101
*
Ed
 1e-07 1 1 0
1  551 0 1 2
2  1101 367 0 1 2
2  1102 372 0 1 2
0

0101000
+3046 3 -3048 3 *
Ed
 1e-07 1 1 0
1  552 0 0 0.0899429212064402
2  1103 367 0 0 0.0899429212064402
2  1104 373 0 0 0.0899429212064402
0

0101000
+3054 3 -3046 3 *
Wi

0101100
-3053 0 -3051 0 -3049 0 -3047 0 -3045 0 -3044 0 *
Fa
0  1e-07 367 0

0101000
-3056 0 -3043 0 *
Ed
 1e-07 1 1 0
1  553 0 -0 0.00099999999999989
2  1105 177 0 -0 0.00099999999999989
2  1106 184 0 -0 0.00099999999999989
0

0101000
+3071 3 -3798 3 *
Ed
 1e-07 1 1 0
1  554 0 -0 0.00099999999999989
2  1107 177 0 -0 0.00099999999999989
2  1108 178 0 -0 0.00099999999999989
0

0101000
+3072 3 -3799 3 *
Wi

0101100
+3797 0 -3041 0 -3070 0 +3040 0 *
Fa
0  1e-07 177 0

0101000
-3039 0 *
Ed
 1e-07 1 1 0
1  555 0 -0 0.00099999999999989
2  1109 184 0 -0 0.00099999999999989
2  1110 183 0 -0 0.00099999999999989
0

0101000
+3069 3 -3786 3 *
Wi

0101100
+3784 0 -3037 0 -3068 0 +3041 0 *
Fa
0  1e-07 184 0

0101000
-3036 0 *
Ed
 1e-07 1 1 0
1  556 0 -0 0.00099999999999989
2  1111 183 0 -0 0.00099999999999989
2  1112 182 0 -0 0.00099999999999989
0

0101000
+3067 3 -3788 3 *
Wi

0101100
+3785 0 -3034 0 -3066 0 +3037 0 *
Fa
0  1e-07 183 0

0101000
-3033 0 *
Ed
 1e-07 1 1 0
1  557 0 -0 0.00099999999999989
2  1113 182 0 -0 0.00099999999999989
2  1114 181 0 -0 0.00099999999999989
0

0101000
+3065 3 -3790 3 *
Wi

0101100
+3787 0 -3031 0 -3064 0 +3034 0 *
Fa
0  1e-07 182 0

0101000
-3030 0 *
Ed
 1e-07 1 1 0
1  558 0 -0 0.00099999999999989
2  1115 181 0 -0 0.00099999999999989
2  1116 180 0 -0 0.00099999999999989
0

0101000
+3063 3 -3792 3 *
Wi

0101100
+3789 0 -3028 0 -3062 0 +3031 0 *
Fa
0  1e-07 181 0

0101000
-3027 0 *
Ed
 1e-07 1 1 0
1  559 0 -0 0.00099999999999989
2  1117 180 0 -0 0.00099999999999989
2  1118 179 0 -0 0.00099999999999989
0

0101000
+3061 3 -3794 3 *
Wi

0101100
+3791 0 -3025 0 -3060 0 +3028 0 *
Fa
0  1e-07 180 0

0101000
-3024 0 *
Ed
 1e-07 1 1 0
1  560 0 -0 0.00099999999999989
2  1119 179 0 -0 0.00099999999999989
2  1120 178 0 -0 0.00099999999999989
0

0101000
+3059 3 -3796 3 *
Wi

0101100
+3793 0 -3022 0 -3058 0 +3025 0 *
Fa
0  1e-07 179 0

0101000
-3021 0 *
Wi

0101100
+3795 0 -3040 0 -3057 0 +3022 0 *
Fa
0  1e-07 178 0

0101000
-3019 0 *
Ve
1e-07
4.14611417793053 1.8674277781891 2.2
0 0

0101101
*
Ve
1e-07
4.21437428513658 1.8674277781891 2.2
0 0

0101101
*
Ed
 1e-07 1 1 0
1  561 0 0 0.0682601072060489
2  1121 368 0 0 0.0682601072060489
2  1122 374 0 0 0.0682601072060489
0

0101000
+3017 3 -3016 3 *
Ed
 1e-07 1 1 0
1  562 0 -0 0.00099999999999989
2  1123 368 0 -0 0.00099999999999989
2  1124 369 0 -0 0.00099999999999989
0

0101000
+3055 3 -3017 3 *
Ed
 1e-07 1 1 0
1  563 0 -0 0.00099999999999989
2  1125 368 0 -0 0.00099999999999989
2  1126 373 0 -0 0.00099999999999989
0

0101000
+3054 3 -3016 3 *
Wi

0101100
-3015 0 -3014 0 +3053 0 +3013 0 *
Fa
0  1e-07 368 0

0101000
+3012 0 *
Ve
1e-07
4.18364943870977 1.95196009678499 2.2
0 0

0101101
*
Ed
 1e-07 1 1 0
1  564 0 0 0.0899429212064402
2  1127 373 0 0 0.0899429212064402
2  1128 374 0 0 0.0899429212064402
0

0101000
+3016 3 -3010 3 *
Ed
 1e-07 1 1 0
1  565 0 -0 0.00099999999999989
2  1129 373 0 -0 0.00099999999999989
2  1130 372 0 -0 0.00099999999999989
0

0101000
+3046 3 -3010 3 *
Wi

0101100
-3009 0 -3013 0 +3044 0 +3008 0 *
Fa
0  1e-07 373 0

0101000
+3007 0 *
Ve
1e-07
4.18047817706445 1.96620478023893 2.2
0 0

0101101
*
Ed
 1e-07 1 1 0
1  566 0 1 2
2  1131 372 0 1 2
2  1132 374 0 1 2
0

0101000
+3010 3 -3005 3 *
Ed
 1e-07 1 1 0
1  567 0 -0 0.00099999999999989
2  1133 372 0 -0 0.00099999999999989
2  1134 371 0 -0 0.00099999999999989
0

0101000
+3048 3 -3005 3 *
Wi

0101100
-3004 0 -3008 0 +3045 0 +3003 0 *
Fa
0  1e-07 372 0

0101000
+3002 0 *
Ve
1e-07
4.17985432231538 1.96620478023893 2.2
0 0

0101101
*
Ed
 1e-07 1 1 0
1  568 0 -8.88178419700125e-16 0.000623854749078667
2  1135 371 0 -8.88178419700125e-16 0.000623854749078667
2  1136 374 0 -8.88178419700125e-16 0.000623854749078667
0

0101000
+3005 3 -3000 3 *
Ed
 1e-07 1 1 0
1  569 0 -0 0.00099999999999989
2  1137 371 0 -0 0.00099999999999989
2  1138 370 0 -0 0.00099999999999989
0

0101000
+3050 3 -3000 3 *
Wi

0101100
-2999 0 -3003 0 +3047 0 +2998 0 *
Fa
0  1e-07 371 0

0101000
+2997 0 *
Ve
1e-07
4.17652709698279 1.95196009678499 2.2
0 0

0101101
*
Ed
 1e-07 1 1 0
1  570 0 3 4
2  1139 370 0 3 4
2  1140 374 0 3 4
0

0101000
+3000 3 -2995 3 *
Ed
 1e-07 1 1 0
1  571 0 -0 0.00099999999999989
2  1141 370 0 -0 0.00099999999999989
2  1142 369 0 -0 0.00099999999999989
0

0101000
+3052 3 -2995 3 *
Wi

0101100
-2994 0 -2998 0 +3049 0 +2993 0 *
Fa
0  1e-07 370 0

0101000
+2992 0 *
Ed
 1e-07 1 1 0
1  572 0 5.09613223827514e-16 0.0898368439587931
2  1143 369 0 5.09613223827514e-16 0.0898368439587931
2  1144 374 0 5.09613223827514e-16 0.0898368439587931
0

0101000
+2995 3 -3017 3 *
Wi

0101100
-2990 0 -2993 0 +3051 0 +3014 0 *
Fa
0  1e-07 369 0

0101000
+2989 0 *
Wi

0101100
+2990 0 +3015 0 +3009 0 +3004 0 +2999 0 +2994 0 *
Fa
0  1e-07 374 0

0101000
-2987 0 *
Ve
1e-07
3.56540938166734 1.48937179981597 2.201
0 0

0101101
*
Ed
 1e-07 1 1 0
1  573 0 -0 0.00099999999999989
2  1145 122 0 -0 0.00099999999999989
2  1146 133 0 -0 0.00099999999999989
0

0101000
+2985 3 -3916 3 *
Ve
1e-07
3.56540938166734 1.46618519828218 2.201
0 0

0101101
*
Ed
 1e-07 1 1 0
1  574 0 -0.0231866015337878 0
2  1147 122 0 -0.0231866015337878 0
2  1148 375 0 -0.0231866015337878 0
0

0101000
+2983 3 -2985 3 *
Ed
 1e-07 1 1 0
1  575 0 -0 0.00099999999999989
2  1149 122 0 -0 0.00099999999999989
2  1150 123 0 -0 0.00099999999999989
0

0101000
+2983 3 -3917 3 *
Wi

0101100
+3915 0 -2984 0 -2982 0 +2981 0 *
Fa
0  1e-07 122 0

0101000
-2980 0 *
Ve
1e-07
3.48228073625757 1.48937179981597 2.201
0 0

0101101
*
Ed
 1e-07 1 1 0
1  576 0 -0 0.00099999999999989
2  1151 133 0 -0 0.00099999999999989
2  1152 132 0 -0 0.00099999999999989
0

0101000
+2978 3 -3896 3 *
Ed
 1e-07 1 1 0
1  577 0 -0.0831286454097637 -0
2  1153 133 0 -0.0831286454097637 -0
2  1154 375 0 -0.0831286454097637 -0
0

0101000
+2985 3 -2978 3 *
Wi

0101100
+3894 0 -2977 0 -2976 0 +2984 0 *
Fa
0  1e-07 133 0

0101000
-2975 0 *
Ve
1e-07
3.48228073625757 1.55778787070928 2.201
0 0

0101101
*
Ed
 1e-07 1 1 0
1  578 0 -0 0.00099999999999989
2  1155 132 0 -0 0.00099999999999989
2  1156 131 0 -0 0.00099999999999989
0

0101000
+2973 3 -3898 3 *
Ed
 1e-07 1 1 0
1  579 0 -0.0684160708933128 0
2  1157 132 0 -0.0684160708933128 0
2  1158 375 0 -0.0684160708933128 0
0

0101000
+2978 3 -2973 3 *
Wi

0101100
+3895 0 -2972 0 -2971 0 +2977 0 *
Fa
0  1e-07 132 0

0101000
-2970 0 *
Ve
1e-07
3.55501180250423 1.55778787070928 2.201
0 0

0101101
*
Ed
 1e-07 1 1 0
1  580 0 -0 0.00099999999999989
2  1159 131 0 -0 0.00099999999999989
2  1160 130 0 -0 0.00099999999999989
0

0101000
+2968 3 -3900 3 *
Ed
 1e-07 1 1 0
1  581 0 -0.0727310662466572 0
2  1161 131 0 -0.0727310662466572 0
2  1162 375 0 -0.0727310662466572 0
0

0101000
+2973 3 -2968 3 *
Wi

0101100
+3897 0 -2967 0 -2966 0 +2972 0 *
Fa
0  1e-07 131 0

0101000
-2965 0 *
Ve
1e-07
3.55501180250423 1.58107844803458 2.201
0 0

0101101
*
Ed
 1e-07 1 1 0
1  582 0 -0 0.00099999999999989
2  1163 130 0 -0 0.00099999999999989
2  1164 129 0 -0 0.00099999999999989
0

0101000
+2963 3 -3902 3 *
Ed
 1e-07 1 1 0
1  583 0 -0.0232905773252969 0
2  1165 130 0 -0.0232905773252969 0
2  1166 375 0 -0.0232905773252969 0
0

0101000
+2968 3 -2963 3 *
Wi

0101100
+3899 0 -2962 0 -2961 0 +2967 0 *
Fa
0  1e-07 130 0

0101000
-2960 0 *
Ve
1e-07
3.48228073625757 1.58107844803458 2.201
0 0

0101101
*
Ed
 1e-07 1 1 0
1  584 0 -0 0.00099999999999989
2  1167 129 0 -0 0.00099999999999989
2  1168 128 0 -0 0.00099999999999989
0

0101000
+2958 3 -3904 3 *
Ed
 1e-07 1 1 0
1  585 0 -0.0727310662466572 -0
2  1169 129 0 -0.0727310662466572 -0
2  1170 375 0 -0.0727310662466572 -0
0

0101000
+2963 3 -2958 3 *
Wi

0101100
+3901 0 -2957 0 -2956 0 +2962 0 *
Fa
0  1e-07 129 0

0101000
-2955 0 *
Ve
1e-07
3.48228073625757 1.6461672935967 2.201
0 0

0101101
*
Ed
 1e-07 1 1 0
1  586 0 -0 0.00099999999999989
2  1171 128 0 -0 0.00099999999999989
2  1172 127 0 -0 0.00099999999999989
0

0101000
+2953 3 -3906 3 *
Ed
 1e-07 1 1 0
1  587 0 -0.0650888455621268 0
2  1173 128 0 -0.0650888455621268 0
2  1174 375 0 -0.0650888455621268 0
0

0101000
+2958 3 -2953 3 *
Wi

0101100
+3903 0 -2952 0 -2951 0 +2957 0 *
Fa
0  1e-07 128 0

0101000
-2950 0 *
Ve
1e-07
3.56078245893946 1.6461672935967 2.201
0 0

0101101
*
Ed
 1e-07 1 1 0
1  588 0 -0 0.00099999999999989
2  1175 127 0 -0 0.00099999999999989
2  1176 126 0 -0 0.00099999999999989
0

0101000
+2948 3 -3908 3 *
Ed
 1e-07 1 1 0
1  589 0 -0.078501722681882 0
2  1177 127 0 -0.078501722681882 0
2  1178 375 0 -0.078501722681882 0
0

0101000
+2953 3 -2948 3 *
Wi

0101100
+3905 0 -2947 0 -2946 0 +2952 0 *
Fa
0  1e-07 127 0

0101000
-2945 0 *
Ve
1e-07
3.56078245893946 1.66956184671351 2.201
0 0

0101101
*
Ed
 1e-07 1 1 0
1  590 0 -0 0.00099999999999989
2  1179 126 0 -0 0.00099999999999989
2  1180 125 0 -0 0.00099999999999989
0

0101000
+2943 3 -3910 3 *
Ed
 1e-07 1 1 0
1  591 0 -0.0233945531168089 0
2  1181 126 0 -0.0233945531168089 0
2  1182 375 0 -0.0233945531168089 0
0

0101000
+2948 3 -2943 3 *
Wi

0101100
+3907 0 -2942 0 -2941 0 +2947 0 *
Fa
0  1e-07 126 0

0101000
-2940 0 *
Ve
1e-07
3.45602684887068 1.66956184671351 2.201
0 0

0101101
*
Ed
 1e-07 1 1 0
1  592 0 -0 0.00099999999999989
2  1183 125 0 -0 0.00099999999999989
2  1184 124 0 -0 0.00099999999999989
0

0101000
+2938 3 -3912 3 *
Ed
 1e-07 1 1 0
1  593 0 -0.104755610068775 -0
2  1185 125 0 -0.104755610068775 -0
2  1186 375 0 -0.104755610068775 -0
0

0101000
+2943 3 -2938 3 *
Wi

0101100
+3909 0 -2937 0 -2936 0 +2942 0 *
Fa
0  1e-07 125 0

0101000
-2935 0 *
Ve
1e-07
3.45602684887068 1.46618519828218 2.201
0 0

0101101
*
Ed
 1e-07 1 1 0
1  594 0 -0 0.00099999999999989
2  1187 124 0 -0 0.00099999999999989
2  1188 123 0 -0 0.00099999999999989
0

0101000
+2933 3 -3914 3 *
Ed
 1e-07 1 1 0
1  595 0 -0.203376648431333 -0
2  1189 124 0 -0.203376648431333 -0
2  1190 375 0 -0.203376648431333 -0
0

0101000
+2938 3 -2933 3 *
Wi

0101100
+3911 0 -2932 0 -2931 0 +2937 0 *
Fa
0  1e-07 124 0

0101000
-2930 0 *
Ed
 1e-07 1 1 0
1  596 0 -0.109382532796657 0
2  1191 123 0 -0.109382532796657 0
2  1192 375 0 -0.109382532796657 0
0

0101000
+2933 3 -2983 3 *
Wi

0101100
+3913 0 -2981 0 -2928 0 +2932 0 *
Fa
0  1e-07 123 0

0101000
-2927 0 *
Wi

0101100
+2982 0 +2976 0 +2971 0 +2966 0 +2961 0 +2956 0 +2951 0 +2946 0 +2941 0 +2936 0 
+2931 0 +2928 0 *
Fa
0  1e-07 375 0

0101000
-2925 0 *
Ve
1e-07
3.65399675613779 1.61476660452367 2.201
0 0

0101101
*
Ve
1e-07
3.6039844003624 1.60124975161171 2.201
0 0

0101101
*
Ed
 1e-07 1 1 0
1  597 0 0 1
2  1193 376 0 0 1
2  1194 108 0 0 1
0

0101000
+2923 3 -2922 3 *
Ve
1e-07
3.6039844003624 1.57650351320245 2.201
0 0

0101101
*
Ed
 1e-07 1 1 0
1  598 0 -0.024746238409258 -0
2  1195 376 0 -0.024746238409258 -0
2  1196 121 0 -0.024746238409258 -0
0

0101000
+2922 3 -2920 3 *
Ve
1e-07
3.65160531293021 1.59407542198898 2.201
0 0

0101101
*
Ed
 1e-07 1 1 0
1  599 0 12 13
2  1197 376 0 12 13
2  1198 120 0 12 13
0

0101000
+2920 3 -2918 3 *
Ve
1e-07
3.68103046196172 1.55851570125126 2.201
0 0

0101101
*
Ed
 1e-07 1 1 0
1  600 0 11 12
2  1199 376 0 11 12
2  1200 119 0 11 12
0

0101000
+2918 3 -2916 3 *
Ve
1e-07
3.63798448422604 1.55248510533656 2.201
0 0

0101101
*
Ed
 1e-07 1 1 0
1  601 0 -0.043466358098042 -0
2  1201 376 0 -0.043466358098042 -0
2  1202 118 0 -0.043466358098042 -0
0

0101000
+2916 3 -2914 3 *
Ve
1e-07
3.58979170480491 1.50507214435247 2.201
0 0

0101101
*
Ed
 1e-07 1 1 0
1  602 0 9 10
2  1203 376 0 9 10
2  1204 117 0 9 10
0

0101000
+2914 3 -2912 3 *
Ve
1e-07
3.60226879980105 1.47419133423701 2.201
0 0

0101101
*
Ed
 1e-07 1 1 0
1  603 0 8 9
2  1205 376 0 8 9
2  1206 116 0 8 9
0

0101000
+2912 3 -2910 3 *
Ve
1e-07
3.63585298049793 1.46275399715808 2.201
0 0

0101101
*
Ed
 1e-07 1 1 0
1  604 0 7 8
2  1207 376 0 7 8
2  1208 115 0 7 8
0

0101000
+2910 3 -2908 3 *
Ve
1e-07
3.68035461931619 1.48864396927398 2.201
0 0

0101101
*
Ed
 1e-07 1 1 0
1  605 0 6 7
2  1209 376 0 6 7
2  1210 114 0 6 7
0

0101000
+2908 3 -2906 3 *
Ve
1e-07
3.68103046196172 1.48864396927398 2.201
0 0

0101101
*
Ed
 1e-07 1 1 0
1  606 0 -0.000675842645526892 0
2  1211 376 0 -0.000675842645526892 0
2  1212 113 0 -0.000675842645526892 0
0

0101000
+2906 3 -2904 3 *
Ve
1e-07
3.68103046196172 1.46618519828218 2.201
0 0

0101101
*
Ed
 1e-07 1 1 0
1  607 0 -0.0224587709918038 -0
2  1213 376 0 -0.0224587709918038 -0
2  1214 112 0 -0.0224587709918038 -0
0

0101000
+2904 3 -2902 3 *
Ve
1e-07
3.70650453091157 1.46618519828218 2.201
0 0

0101101
*
Ed
 1e-07 1 1 0
1  608 0 -0.025474068949848 0
2  1215 376 0 -0.025474068949848 0
2  1216 111 0 -0.025474068949848 0
0

0101000
+2902 3 -2900 3 *
Ve
1e-07
3.70650453091157 1.55965943495791 2.201
0 0

0101101
*
Ed
 1e-07 1 1 0
1  609 0 -0.0934742366757273 0
2  1217 376 0 -0.0934742366757273 0
2  1218 110 0 -0.0934742366757273 0
0

0101000
+2900 3 -2898 3 *
Ed
 1e-07 1 1 0
1  610 0 1 2
2  1219 376 0 1 2
2  1220 109 0 1 2
0

0101000
+2898 3 -2923 3 *
Wi

0101100
+2921 0 +2919 0 +2917 0 +2915 0 +2913 0 +2911 0 +2909 0 +2907 0 +2905 0 +2903 0 
+2901 0 +2899 0 +2897 0 +2896 0 *
Ve
1e-07
3.62238811548173 1.52555537530276 2.201
0 0

0101101
*
Ve
1e-07
3.61562968902574 1.50715166018413 2.201
0 0

0101101
*
Ed
 1e-07 1 1 0
1  611 0 1 2
2  1221 376 0 1 2
2  1222 377 0 1 2
0

0101000
+2894 3 -2893 3 *
Ve
1e-07
3.64703037809809 1.53449729338398 2.201
0 0

0101101
*
Ed
 1e-07 1 1 0
1  612 0 0 1
2  1223 376 0 0 1
2  1224 378 0 0 1
0

0101000
+2891 3 -2894 3 *
Ve
1e-07
3.68103046196172 1.53907222821611 2.201
0 0

0101101
*
Ed
 1e-07 1 1 0
1  613 0 0 0.0343064969277291
2  1225 376 0 0 0.0343064969277291
2  1226 379 0 0 0.0343064969277291
0

0101000
+2889 3 -2891 3 *
Ve
1e-07
3.68103046196172 1.52513947213671 2.201
0 0

0101101
*
Ed
 1e-07 1 1 0
1  614 0 0 0.0139327560793978
2  1227 376 0 0 0.0139327560793978
2  1228 380 0 0 0.0139327560793978
0

0101000
+2887 3 -2889 3 *
Ve
1e-07
3.67011300384036 1.49550637152218 2.201
0 0

0101101
*
Ed
 1e-07 1 1 0
1  615 0 5 6
2  1229 376 0 5 6
2  1230 381 0 5 6
0

0101000
+2885 3 -2887 3 *
Ve
1e-07
3.64245544326665 1.4836531312758 2.201
0 0

0101101
*
Ed
 1e-07 1 1 0
1  616 0 4 5
2  1231 376 0 4 5
2  1232 382 0 4 5
0

0101000
+2883 3 -2885 3 *
Ve
1e-07
3.6230119702315 1.49020360614807 2.201
0 0

0101101
*
Ed
 1e-07 1 1 0
1  617 0 3 4
2  1233 376 0 3 4
2  1234 383 0 3 4
0

0101000
+2881 3 -2883 3 *
Ed
 1e-07 1 1 0
1  618 0 2 3
2  1235 376 0 2 3
2  1236 384 0 2 3
0

0101000
+2893 3 -2881 3 *
Wi

0101100
-2892 0 -2890 0 -2888 0 -2886 0 -2884 0 -2882 0 -2880 0 -2879 0 *
Fa
0  1e-07 376 0

0101000
+2895 0 +2878 0 *
Ed
 1e-07 1 1 0
1  619 0 -0 0.00099999999999989
2  1237 108 0 -0 0.00099999999999989
2  1238 109 0 -0 0.00099999999999989
4 G1 108 0 109 0
0

0101000
+2923 3 -3946 3 *
Ed
 1e-07 1 1 0
1  620 0 -0 0.00099999999999989
2  1239 108 0 -0 0.00099999999999989
2  1240 121 0 -0 0.00099999999999989
0

0101000
+2922 3 -3945 3 *
Wi

0101100
-2876 0 +2921 0 +2875 0 -3944 0 *
Fa
0  1e-07 108 0

0101000
+2874 0 *
Ed
 1e-07 1 1 0
1  621 0 -0 0.00099999999999989
2  1241 121 0 -0 0.00099999999999989
2  1242 120 0 -0 0.00099999999999989
0

0101000
+2920 3 -3921 3 *
Wi

0101100
+3919 0 -2872 0 -2919 0 +2875 0 *
Fa
0  1e-07 121 0

0101000
-2871 0 *
Ed
 1e-07 1 1 0
1  622 0 -0 0.00099999999999989
2  1243 120 0 -0 0.00099999999999989
2  1244 119 0 -0 0.00099999999999989
4 G1 120 0 119 0
0

0101000
+2918 3 -3923 3 *
Wi

0101100
-2872 0 +2917 0 +2869 0 -3920 0 *
Fa
0  1e-07 120 0

0101000
+2868 0 *
Ed
 1e-07 1 1 0
1  623 0 -0 0.00099999999999989
2  1245 119 0 -0 0.00099999999999989
2  1246 118 0 -0 0.00099999999999989
0

0101000
+2916 3 -3925 3 *
Wi

0101100
-2869 0 +2915 0 +2866 0 -3922 0 *
Fa
0  1e-07 119 0

0101000
+2865 0 *
Ed
 1e-07 1 1 0
1  624 0 -0 0.00099999999999989
2  1247 118 0 -0 0.00099999999999989
2  1248 117 0 -0 0.00099999999999989
4 G1 118 0 117 0
0

0101000
+2914 3 -3927 3 *
Wi

0101100
+3924 0 -2863 0 -2913 0 +2866 0 *
Fa
0  1e-07 118 0

0101000
-2862 0 *
Ed
 1e-07 1 1 0
1  625 0 -0 0.00099999999999989
2  1249 117 0 -0 0.00099999999999989
2  1250 116 0 -0 0.00099999999999989
4 G1 117 0 116 0
0

0101000
+2912 3 -3929 3 *
Wi

0101100
-2863 0 +2911 0 +2860 0 -3926 0 *
Fa
0  1e-07 117 0

0101000
+2859 0 *
Ed
 1e-07 1 1 0
1  626 0 -0 0.00099999999999989
2  1251 116 0 -0 0.00099999999999989
2  1252 115 0 -0 0.00099999999999989
4 C1 116 0 115 0
0

0101000
+2910 3 -3931 3 *
Wi

0101100
-2860 0 +2909 0 +2857 0 -3928 0 *
Fa
0  1e-07 116 0

0101000
+2856 0 *
Ed
 1e-07 1 1 0
1  627 0 -0 0.00099999999999989
2  1253 115 0 -0 0.00099999999999989
2  1254 114 0 -0 0.00099999999999989
4 G1 115 0 114 0
0

0101000
+2908 3 -3933 3 *
Wi

0101100
-2857 0 +2907 0 +2854 0 -3930 0 *
Fa
0  1e-07 115 0

0101000
+2853 0 *
Ed
 1e-07 1 1 0
1  628 0 -0 0.00099999999999989
2  1255 114 0 -0 0.00099999999999989
2  1256 113 0 -0 0.00099999999999989
0

0101000
+2906 3 -3935 3 *
Wi

0101100
-2854 0 +2905 0 +2851 0 -3932 0 *
Fa
0  1e-07 114 0

0101000
+2850 0 *
Ed
 1e-07 1 1 0
1  629 0 -0 0.00099999999999989
2  1257 113 0 -0 0.00099999999999989
2  1258 112 0 -0 0.00099999999999989
0

0101000
+2904 3 -3937 3 *
Wi

0101100
+3934 0 -2848 0 -2903 0 +2851 0 *
Fa
0  1e-07 113 0

0101000
-2847 0 *
Ed
 1e-07 1 1 0
1  630 0 -0 0.00099999999999989
2  1259 112 0 -0 0.00099999999999989
2  1260 111 0 -0 0.00099999999999989
0

0101000
+2902 3 -3939 3 *
Wi

0101100
+3936 0 -2845 0 -2901 0 +2848 0 *
Fa
0  1e-07 112 0

0101000
-2844 0 *
Ed
 1e-07 1 1 0
1  631 0 -0 0.00099999999999989
2  1261 111 0 -0 0.00099999999999989
2  1262 110 0 -0 0.00099999999999989
0

0101000
+2900 3 -3941 3 *
Wi

0101100
+3938 0 -2842 0 -2899 0 +2845 0 *
Fa
0  1e-07 111 0

0101000
-2841 0 *
Ed
 1e-07 1 1 0
1  632 0 -0 0.00099999999999989
2  1263 110 0 -0 0.00099999999999989
2  1264 109 0 -0 0.00099999999999989
4 G1 110 0 109 0
0

0101000
+2898 3 -3943 3 *
Wi

0101100
+3940 0 -2839 0 -2897 0 +2842 0 *
Fa
0  1e-07 110 0

0101000
-2838 0 *
Wi

0101100
-2839 0 +2896 0 +2876 0 -3942 0 *
Fa
0  1e-07 109 0

0101000
+2836 0 *
Ve
1e-07
3.64703037809809 1.53449729338398 2.2
0 0

0101101
*
Ve
1e-07
3.62238811548173 1.52555537530276 2.2
0 0

0101101
*
Ed
 1e-07 1 1 0
1  633 0 0 1
2  1265 378 0 0 1
2  1266 385 0 0 1
0

0101000
+2834 3 -2833 3 *
Ed
 1e-07 1 1 0
1  634 0 -0 0.00099999999999989
2  1267 378 0 -0 0.00099999999999989
2  1268 379 0 -0 0.00099999999999989
4 G1 378 0 379 0
0

0101000
+2891 3 -2834 3 *
Ed
 1e-07 1 1 0
1  635 0 -0 0.00099999999999989
2  1269 378 0 -0 0.00099999999999989
2  1270 377 0 -0 0.00099999999999989
4 G1 378 0 377 0
0

0101000
+2894 3 -2833 3 *
Wi

0101100
-2832 0 -2831 0 +2890 0 +2830 0 *
Fa
0  1e-07 378 0

0101000
+2829 0 *
Ve
1e-07
3.61562968902574 1.50715166018413 2.2
0 0

0101101
*
Ed
 1e-07 1 1 0
1  636 0 1 2
2  1271 377 0 1 2
2  1272 385 0 1 2
0

0101000
+2833 3 -2827 3 *
Ed
 1e-07 1 1 0
1  637 0 -0 0.00099999999999989
2  1273 377 0 -0 0.00099999999999989
2  1274 384 0 -0 0.00099999999999989
4 G1 377 0 384 0
0

0101000
+2893 3 -2827 3 *
Wi

0101100
-2826 0 -2830 0 +2892 0 +2825 0 *
Fa
0  1e-07 377 0

0101000
+2824 0 *
Ve
1e-07
3.6230119702315 1.49020360614807 2.2
0 0

0101101
*
Ed
 1e-07 1 1 0
1  638 0 2 3
2  1275 384 0 2 3
2  1276 385 0 2 3
0

0101000
+2827 3 -2822 3 *
Ed
 1e-07 1 1 0
1  639 0 -0 0.00099999999999989
2  1277 384 0 -0 0.00099999999999989
2  1278 383 0 -0 0.00099999999999989
4 G1 384 0 383 0
0

0101000
+2881 3 -2822 3 *
Wi

0101100
-2821 0 -2825 0 +2879 0 +2820 0 *
Fa
0  1e-07 384 0

0101000
+2819 0 *
Ve
1e-07
3.64245544326665 1.4836531312758 2.2
0 0

0101101
*
Ed
 1e-07 1 1 0
1  640 0 3 4
2  1279 383 0 3 4
2  1280 385 0 3 4
0

0101000
+2822 3 -2817 3 *
Ed
 1e-07 1 1 0
1  641 0 -0 0.00099999999999989
2  1281 383 0 -0 0.00099999999999989
2  1282 382 0 -0 0.00099999999999989
4 G1 383 0 382 0
0

0101000
+2883 3 -2817 3 *
Wi

0101100
-2816 0 -2820 0 +2880 0 +2815 0 *
Fa
0  1e-07 383 0

0101000
+2814 0 *
Ve
1e-07
3.67011300384036 1.49550637152218 2.2
0 0

0101101
*
Ed
 1e-07 1 1 0
1  642 0 4 5
2  1283 382 0 4 5
2  1284 385 0 4 5
0

0101000
+2817 3 -2812 3 *
Ed
 1e-07 1 1 0
1  643 0 -0 0.00099999999999989
2  1285 382 0 -0 0.00099999999999989
2  1286 381 0 -0 0.00099999999999989
0

0101000
+2885 3 -2812 3 *
Wi

0101100
-2811 0 -2815 0 +2882 0 +2810 0 *
Fa
0  1e-07 382 0

0101000
+2809 0 *
Ve
1e-07
3.68103046196172 1.52513947213671 2.2
0 0

0101101
*
Ed
 1e-07 1 1 0
1  644 0 5 6
2  1287 381 0 5 6
2  1288 385 0 5 6
0

0101000
+2812 3 -2807 3 *
Ed
 1e-07 1 1 0
1  645 0 -0 0.00099999999999989
2  1289 381 0 -0 0.00099999999999989
2  1290 380 0 -0 0.00099999999999989
4 G1 381 0 380 0
0

0101000
+2887 3 -2807 3 *
Wi

0101100
-2806 0 -2810 0 +2884 0 +2805 0 *
Fa
0  1e-07 381 0

0101000
+2804 0 *
Ve
1e-07
3.68103046196172 1.53907222821611 2.2
0 0

0101101
*
Ed
 1e-07 1 1 0
1  646 0 0 0.0139327560793978
2  1291 380 0 0 0.0139327560793978
2  1292 385 0 0 0.0139327560793978
0

0101000
+2807 3 -2802 3 *
Ed
 1e-07 1 1 0
1  647 0 -0 0.00099999999999989
2  1293 380 0 -0 0.00099999999999989
2  1294 379 0 -0 0.00099999999999989
0

0101000
+2889 3 -2802 3 *
Wi

0101100
-2801 0 -2805 0 +2886 0 +2800 0 *
Fa
0  1e-07 380 0

0101000
+2799 0 *
Ed
 1e-07 1 1 0
1  648 0 0 0.0343064969277291
2  1295 379 0 0 0.0343064969277291
2  1296 385 0 0 0.0343064969277291
0

0101000
+2802 3 -2834 3 *
Wi

0101100
-2797 0 -2800 0 +2888 0 +2831 0 *
Fa
0  1e-07 379 0

0101000
+2796 0 *
Wi

0101100
+2797 0 +2832 0 +2826 0 +2821 0 +2816 0 +2811 0 +2806 0 +2801 0 *
Fa
0  1e-07 385 0

0101000
-2794 0 *
Ve
1e-07
3.7829267377611 1.48354915548429 2.201
0 0

0101101
*
Ed
 1e-07 1 1 0
1  649 0 -0 0.00099999999999989
2  1297 185 0 -0 0.00099999999999989
2  1298 186 0 -0 0.00099999999999989
4 G1 185 0 186 0
0

0101000
+2792 3 -3782 3 *
Ve
1e-07
3.74102449373346 1.49758588735382 2.201
0 0

0101101
*
Ed
 1e-07 1 1 0
1  650 0 0 1
2  1299 185 0 0 1
2  1300 386 0 0 1
0

0101000
+2792 3 -2790 3 *
Ed
 1e-07 1 1 0
1  651 0 -0 0.00099999999999989
2  1301 185 0 -0 0.00099999999999989
2  1302 205 0 -0 0.00099999999999989
0

0101000
+2790 3 -3781 3 *
Wi

0101100
-2791 0 +2789 0 +2788 0 -3780 0 *
Fa
0  1e-07 185 0

0101000
+2787 0 *
Ve
1e-07
3.74102449373346 1.47128001207187 2.201
0 0

0101101
*
Ed
 1e-07 1 1 0
1  652 0 -0 0.00099999999999989
2  1303 205 0 -0 0.00099999999999989
2  1304 204 0 -0 0.00099999999999989
0

0101000
+2785 3 -3743 3 *
Ed
 1e-07 1 1 0
1  653 0 -0.0263058752819469 -0
2  1305 205 0 -0.0263058752819469 -0
2  1306 386 0 -0.0263058752819469 -0
0

0101000
+2790 3 -2785 3 *
Wi

0101100
+3741 0 -2784 0 -2783 0 +2788 0 *
Fa
0  1e-07 205 0

0101000
-2782 0 *
Ve
1e-07
3.78043131876202 1.46275399715808 2.201
0 0

0101101
*
Ed
 1e-07 1 1 0
1  654 0 19 20
2  1307 204 0 19 20
2  1308 386 0 19 20
0

0101000
+2785 3 -2780 3 *
Ed
 1e-07 1 1 0
1  655 0 -0 0.00099999999999989
2  1309 204 0 -0 0.00099999999999989
2  1310 203 0 -0 0.00099999999999989
4 G1 204 0 203 0
0

0101000
+2780 3 -3745 3 *
Wi

0101100
-2784 0 +2779 0 +2778 0 -3742 0 *
Fa
0  1e-07 204 0

0101000
+2777 0 *
Ve
1e-07
3.82274946595572 1.47429531002852 2.201
0 0

0101101
*
Ed
 1e-07 1 1 0
1  656 0 18 19
2  1311 203 0 18 19
2  1312 386 0 18 19
0

0101000
+2780 3 -2775 3 *
Ed
 1e-07 1 1 0
1  657 0 -0 0.00099999999999989
2  1313 203 0 -0 0.00099999999999989
2  1314 202 0 -0 0.00099999999999989
4 G1 203 0 202 0
0

0101000
+2775 3 -3747 3 *
Wi

0101100
-2778 0 +2774 0 +2773 0 -3744 0 *
Fa
0  1e-07 203 0

0101000
+2772 0 *
Ve
1e-07
3.83912565313776 1.50569599910155 2.201
0 0

0101101
*
Ed
 1e-07 1 1 0
1  658 0 17 18
2  1315 202 0 17 18
2  1316 386 0 17 18
0

0101000
+2775 3 -2770 3 *
Ed
 1e-07 1 1 0
1  659 0 -0 0.00099999999999989
2  1317 202 0 -0 0.00099999999999989
2  1318 201 0 -0 0.00099999999999989
4 G1 202 0 201 0
0

0101000
+2770 3 -3749 3 *
Wi

0101100
-2773 0 +2769 0 +2768 0 -3746 0 *
Fa
0  1e-07 202 0

0101000
+2767 0 *
Ve
1e-07
3.83059963822397 1.52971440696883 2.201
0 0

0101101
*
Ed
 1e-07 1 1 0
1  660 0 16 17
2  1319 201 0 16 17
2  1320 386 0 16 17
0

0101000
+2770 3 -2765 3 *
Ed
 1e-07 1 1 0
1  661 0 -0 0.00099999999999989
2  1321 201 0 -0 0.00099999999999989
2  1322 200 0 -0 0.00099999999999989
4 G1 201 0 200 0
0

0101000
+2765 3 -3751 3 *
Wi

0101100
-2768 0 +2764 0 +2763 0 -3748 0 *
Fa
0  1e-07 201 0

0101000
+2762 0 *
Ve
1e-07
3.79774328806837 1.54853402525352 2.201
0 0

0101101
*
Ed
 1e-07 1 1 0
1  662 0 15 16
2  1323 200 0 15 16
2  1324 386 0 15 16
0

0101000
+2765 3 -2760 3 *
Ed
 1e-07 1 1 0
1  663 0 -0 0.00099999999999989
2  1325 200 0 -0 0.00099999999999989
2  1326 199 0 -0 0.00099999999999989
0

0101000
+2760 3 -3753 3 *
Wi

0101100
-2763 0 +2759 0 +2758 0 -3750 0 *
Fa
0  1e-07 200 0

0101000
+2757 0 *
Ve
1e-07
3.77299704965981 1.56101112025035 2.201
0 0

0101101
*
Ed
 1e-07 1 1 0
1  664 0 14 15
2  1327 199 0 14 15
2  1328 386 0 14 15
0

0101000
+2760 3 -2755 3 *
Ed
 1e-07 1 1 0
1  665 0 -0 0.00099999999999989
2  1329 199 0 -0 0.00099999999999989
2  1330 198 0 -0 0.00099999999999989
4 G1 199 0 198 0
0

0101000
+2755 3 -3755 3 *
Wi

0101100
-2758 0 +2754 0 +2753 0 -3752 0 *
Fa
0  1e-07 199 0

0101000
+2752 0 *
Ve
1e-07
3.76743434480761 1.57452797316231 2.201
0 0

0101101
*
Ed
 1e-07 1 1 0
1  666 0 13 14
2  1331 198 0 13 14
2  1332 386 0 13 14
0

0101000
+2755 3 -2750 3 *
Ed
 1e-07 1 1 0
1  667 0 -0 0.00099999999999989
2  1333 198 0 -0 0.00099999999999989
2  1334 197 0 -0 0.00099999999999989
4 C1 198 0 197 0
0

0101000
+2750 3 -3757 3 *
Wi

0101100
-2753 0 +2749 0 +2748 0 -3754 0 *
Fa
0  1e-07 198 0

0101000
+2747 0 *
Ve
1e-07
3.77518054128436 1.58866868082336 2.201
0 0

0101101
*
Ed
 1e-07 1 1 0
1  668 0 12 13
2  1335 197 0 12 13
2  1336 386 0 12 13
0

0101000
+2750 3 -2745 3 *
Ed
 1e-07 1 1 0
1  669 0 -0 0.00099999999999989
2  1337 197 0 -0 0.00099999999999989
2  1338 196 0 -0 0.00099999999999989
0

0101000
+2745 3 -3759 3 *
Wi

0101100
-2748 0 +2744 0 +2743 0 -3756 0 *
Fa
0  1e-07 197 0

0101000
+2742 0 *
Ve
1e-07
3.79524786906928 1.59407542198898 2.201
0 0

0101101
*
Ed
 1e-07 1 1 0
1  670 0 11 12
2  1339 196 0 11 12
2  1340 386 0 11 12
0

0101000
+2745 3 -2740 3 *
Ed
 1e-07 1 1 0
1  671 0 -0 0.00099999999999989
2  1341 196 0 -0 0.00099999999999989
2  1342 195 0 -0 0.00099999999999989
4 G1 196 0 195 0
0

0101000
+2740 3 -3761 3 *
Wi

0101100
-2743 0 +2739 0 +2738 0 -3758 0 *
Fa
0  1e-07 196 0

0101000
+2737 0 *
Ve
1e-07
3.83215927509875 1.58357386703367 2.201
0 0

0101101
*
Ed
 1e-07 1 1 0
1  672 0 10 11
2  1343 195 0 10 11
2  1344 386 0 10 11
0

0101000
+2740 3 -2735 3 *
Ed
 1e-07 1 1 0
1  673 0 -0 0.00099999999999989
2  1345 195 0 -0 0.00099999999999989
2  1346 194 0 -0 0.00099999999999989
0

0101000
+2735 3 -3763 3 *
Wi

0101100
-2738 0 +2734 0 +2733 0 -3760 0 *
Fa
0  1e-07 195 0

0101000
+2732 0 *
Ve
1e-07
3.83215927509875 1.60832010544153 2.201
0 0

0101101
*
Ed
 1e-07 1 1 0
1  674 0 -0 0.00099999999999989
2  1347 194 0 -0 0.00099999999999989
2  1348 193 0 -0 0.00099999999999989
0

0101000
+2730 3 -3765 3 *
Ed
 1e-07 1 1 0
1  675 0 -0.0247462384078625 0
2  1349 194 0 -0.0247462384078625 0
2  1350 386 0 -0.0247462384078625 0
0

0101000
+2735 3 -2730 3 *
Wi

0101100
+3762 0 -2729 0 -2728 0 +2733 0 *
Fa
0  1e-07 194 0

0101000
-2727 0 *
Ve
1e-07
3.79774328806837 1.61476660452367 2.201
0 0

0101101
*
Ed
 1e-07 1 1 0
1  676 0 8 9
2  1351 193 0 8 9
2  1352 386 0 8 9
0

0101000
+2730 3 -2725 3 *
Ed
 1e-07 1 1 0
1  677 0 -0 0.00099999999999989
2  1353 193 0 -0 0.00099999999999989
2  1354 192 0 -0 0.00099999999999989
4 G1 193 0 192 0
0

0101000
+2725 3 -3767 3 *
Wi

0101100
-2729 0 +2724 0 +2723 0 -3764 0 *
Fa
0  1e-07 193 0

0101000
+2722 0 *
Ve
1e-07
3.75750465670702 1.60322529165184 2.201
0 0

0101101
*
Ed
 1e-07 1 1 0
1  678 0 7 8
2  1355 192 0 7 8
2  1356 386 0 7 8
0

0101000
+2725 3 -2720 3 *
Ed
 1e-07 1 1 0
1  679 0 -0 0.00099999999999989
2  1357 192 0 -0 0.00099999999999989
2  1358 191 0 -0 0.00099999999999989
4 G1 192 0 191 0
0

0101000
+2720 3 -3769 3 *
Wi

0101100
-2723 0 +2719 0 +2718 0 -3766 0 *
Fa
0  1e-07 192 0

0101000
+2717 0 *
Ve
1e-07
3.74118045742073 1.57224050574625 2.201
0 0

0101101
*
Ed
 1e-07 1 1 0
1  680 0 6 7
2  1359 191 0 6 7
2  1360 386 0 6 7
0

0101000
+2720 3 -2715 3 *
Ed
 1e-07 1 1 0
1  681 0 -0 0.00099999999999989
2  1361 191 0 -0 0.00099999999999989
2  1362 190 0 -0 0.00099999999999989
4 G1 191 0 190 0
0

0101000
+2715 3 -3771 3 *
Wi

0101100
-2718 0 +2714 0 +2713 0 -3768 0 *
Fa
0  1e-07 191 0

0101000
+2712 0 *
Ve
1e-07
3.74840677493921 1.54926185579549 2.201
0 0

0101101
*
Ed
 1e-07 1 1 0
1  682 0 5 6
2  1363 190 0 5 6
2  1364 386 0 5 6
0

0101000
+2715 3 -2710 3 *
Ed
 1e-07 1 1 0
1  683 0 -0 0.00099999999999989
2  1365 190 0 -0 0.00099999999999989
2  1366 189 0 -0 0.00099999999999989
4 G1 190 0 189 0
0

0101000
+2710 3 -3773 3 *
Wi

0101100
-2713 0 +2709 0 +2708 0 -3770 0 *
Fa
0  1e-07 190 0

0101000
+2707 0 *
Ve
1e-07
3.77975547611649 1.53002633434337 2.201
0 0

0101101
*
Ed
 1e-07 1 1 0
1  684 0 4 5
2  1367 189 0 4 5
2  1368 386 0 4 5
0

0101000
+2710 3 -2705 3 *
Ed
 1e-07 1 1 0
1  685 0 -0 0.00099999999999989
2  1369 189 0 -0 0.00099999999999989
2  1370 188 0 -0 0.00099999999999989
0

0101000
+2705 3 -3775 3 *
Wi

0101100
-2708 0 +2704 0 +2703 0 -3772 0 *
Fa
0  1e-07 189 0

0101000
+2702 0 *
Ve
1e-07
3.80642526666943 1.51702936038897 2.201
0 0

0101101
*
Ed
 1e-07 1 1 0
1  686 0 3 4
2  1371 188 0 3 4
2  1372 386 0 3 4
0

0101000
+2705 3 -2700 3 *
Ed
 1e-07 1 1 0
1  687 0 -0 0.00099999999999989
2  1373 188 0 -0 0.00099999999999989
2  1374 187 0 -0 0.00099999999999989
4 C1 188 0 187 0
0

0101000
+2700 3 -3777 3 *
Wi

0101100
-2703 0 +2699 0 +2698 0 -3774 0 *
Fa
0  1e-07 188 0

0101000
+2697 0 *
Ve
1e-07
3.81297574154238 1.50320058010247 2.201
0 0

0101101
*
Ed
 1e-07 1 1 0
1  688 0 2 3
2  1375 187 0 2 3
2  1376 386 0 2 3
0

0101000
+2700 3 -2695 3 *
Ed
 1e-07 1 1 0
1  689 0 -0 0.00099999999999989
2  1377 187 0 -0 0.00099999999999989
2  1378 186 0 -0 0.00099999999999989
4 G1 187 0 186 0
0

0101000
+2695 3 -3779 3 *
Wi

0101100
-2698 0 +2694 0 +2693 0 -3776 0 *
Fa
0  1e-07 187 0

0101000
+2692 0 *
Ed
 1e-07 1 1 0
1  690 0 1 2
2  1379 186 0 1 2
2  1380 386 0 1 2
0

0101000
+2695 3 -2792 3 *
Wi

0101100
-2693 0 +2690 0 +2791 0 -3778 0 *
Fa
0  1e-07 186 0

0101000
+2689 0 *
Wi

0101100
+2789 0 +2783 0 +2779 0 +2774 0 +2769 0 +2764 0 +2759 0 +2754 0 +2749 0 +2744 0 
+2739 0 +2734 0 +2728 0 +2724 0 +2719 0 +2714 0 +2709 0 +2704 0 +2699 0 +2694 0 
+2690 0 *
Fa
0  1e-07 386 0

0101000
-2687 0 *
Ve
1e-07
3.96540425207541 1.61143937919109 2.201
0 0

0101101
*
Ed
 1e-07 1 1 0
1  691 0 -0 0.00099999999999989
2  1381 93 0 -0 0.00099999999999989
2  1382 107 0 -0 0.00099999999999989
0

0101000
+2685 3 -3976 3 *
Ve
1e-07
3.99181410314888 1.61143937919109 2.201
0 0

0101101
*
Ed
 1e-07 1 1 0
1  692 0 -0.0264098510734718 -0
2  1383 93 0 -0.0264098510734718 -0
2  1384 387 0 -0.0264098510734718 -0
0

0101000
+2683 3 -2685 3 *
Ed
 1e-07 1 1 0
1  693 0 -0 0.00099999999999989
2  1385 93 0 -0 0.00099999999999989
2  1386 94 0 -0 0.00099999999999989
0

0101000
+2683 3 -3977 3 *
Wi

0101100
+3975 0 -2684 0 -2682 0 +2681 0 *
Fa
0  1e-07 93 0

0101000
-2680 0 *
Ve
1e-07
3.92573748756737 1.50205684639444 2.201
0 0

0101101
*
Ed
 1e-07 1 1 0
1  694 0 -0 0.00099999999999989
2  1387 107 0 -0 0.00099999999999989
2  1388 106 0 -0 0.00099999999999989
0

0101000
+2678 3 -3950 3 *
Ed
 1e-07 1 1 0
1  695 0 -0.116352871419433 -2.08742603291491e-16
2  1389 107 0 -0.116352871419433 -2.08742603291491e-16
2  1390 387 0 -0.116352871419433 -2.08742603291491e-16
0

0101000
+2685 3 -2678 3 *
Wi

0101100
+3948 0 -2677 0 -2676 0 +2684 0 *
Fa
0  1e-07 107 0

0101000
-2675 0 *
Ve
1e-07
3.92261821381782 1.49030758193958 2.201
0 0

0101101
*
Ed
 1e-07 1 1 0
1  696 0 12 13
2  1391 106 0 12 13
2  1392 387 0 12 13
0

0101000
+2678 3 -2673 3 *
Ed
 1e-07 1 1 0
1  697 0 -0 0.00099999999999989
2  1393 106 0 -0 0.00099999999999989
2  1394 105 0 -0 0.00099999999999989
0

0101000
+2673 3 -3952 3 *
Wi

0101100
-2677 0 +2672 0 +2671 0 -3949 0 *
Fa
0  1e-07 106 0

0101000
+2670 0 *
Ve
1e-07
3.92194237117298 1.49030758193958 2.201
0 0

0101101
*
Ed
 1e-07 1 1 0
1  698 0 -0 0.00099999999999989
2  1395 105 0 -0 0.00099999999999989
2  1396 104 0 -0 0.00099999999999989
0

0101000
+2668 3 -3954 3 *
Ed
 1e-07 1 1 0
1  699 0 -0.000675842644834557 -0
2  1397 105 0 -0.000675842644834557 -0
2  1398 387 0 -0.000675842644834557 -0
0

0101000
+2673 3 -2668 3 *
Wi

0101100
+3951 0 -2667 0 -2666 0 +2671 0 *
Fa
0  1e-07 105 0

0101000
-2665 0 *
Ve
1e-07
3.91882309742343 1.50226479797746 2.201
0 0

0101101
*
Ed
 1e-07 1 1 0
1  700 0 -0 0.00099999999999989
2  1399 104 0 -0 0.00099999999999989
2  1400 103 0 -0 0.00099999999999989
0

0101000
+2663 3 -3956 3 *
Ed
 1e-07 1 1 0
1  701 0 -0.0123573817656183 0
2  1401 104 0 -0.0123573817656183 0
2  1402 387 0 -0.0123573817656183 0
0

0101000
+2668 3 -2663 3 *
Wi

0101100
+3953 0 -2662 0 -2661 0 +2667 0 *
Fa
0  1e-07 104 0

0101000
-2660 0 *
Ve
1e-07
3.88087193347814 1.61143937919109 2.201
0 0

0101101
*
Ed
 1e-07 1 1 0
1  702 0 -0 0.00099999999999989
2  1403 103 0 -0 0.00099999999999989
2  1404 102 0 -0 0.00099999999999989
0

0101000
+2658 3 -3958 3 *
Ed
 1e-07 1 1 0
1  703 0 -0.115582784306201 0
2  1405 103 0 -0.115582784306201 0
2  1406 387 0 -0.115582784306201 0
0

0101000
+2663 3 -2658 3 *
Wi

0101100
+3955 0 -2657 0 -2656 0 +2662 0 *
Fa
0  1e-07 103 0

0101000
-2655 0 *
Ve
1e-07
3.85238256657094 1.61143937919109 2.201
0 0

0101101
*
Ed
 1e-07 1 1 0
1  704 0 -0 0.00099999999999989
2  1407 102 0 -0 0.00099999999999989
2  1408 101 0 -0 0.00099999999999989
0

0101000
+2653 3 -3960 3 *
Ed
 1e-07 1 1 0
1  705 0 -0.0284893669071979 -0
2  1409 102 0 -0.0284893669071979 -0
2  1410 387 0 -0.0284893669071979 -0
0

0101000
+2658 3 -2653 3 *
Wi

0101100
+3957 0 -2652 0 -2651 0 +2657 0 *
Fa
0  1e-07 102 0

0101000
-2650 0 *
Ve
1e-07
3.90936130038533 1.46649712565672 2.201
0 0

0101101
*
Ed
 1e-07 1 1 0
1  706 0 -0 0.00099999999999989
2  1411 101 0 -0 0.00099999999999989
2  1412 100 0 -0 0.00099999999999989
0

0101000
+2648 3 -3962 3 *
Ed
 1e-07 1 1 0
1  707 0 -0.155739631971803 0
2  1413 101 0 -0.155739631971803 0
2  1414 387 0 -0.155739631971803 0
0

0101000
+2653 3 -2648 3 *
Wi

0101100
+3959 0 -2647 0 -2646 0 +2652 0 *
Fa
0  1e-07 101 0

0101000
-2645 0 *
Ve
1e-07
3.89818390278449 1.44008727458186 2.201
0 0

0101101
*
Ed
 1e-07 1 1 0
1  708 0 -0 0.00099999999999989
2  1415 100 0 -0 0.00099999999999989
2  1416 99 0 -0 0.00099999999999989
4 G1 100 0 99 0
0

0101000
+2643 3 -3964 3 *
Ed
 1e-07 1 1 0
1  709 0 -0.0286777692808103 -0
2  1417 100 0 -0.0286777692808103 -0
2  1418 387 0 -0.0286777692808103 -0
0

0101000
+2648 3 -2643 3 *
Wi

0101100
+3961 0 -2642 0 -2641 0 +2647 0 *
Fa
0  1e-07 100 0

0101000
-2640 0 *
Ve
1e-07
3.87208597908487 1.4196040436302 2.201
0 0

0101101
*
Ed
 1e-07 1 1 0
1  710 0 5 6
2  1419 99 0 5 6
2  1420 387 0 5 6
0

0101000
+2643 3 -2638 3 *
Ed
 1e-07 1 1 0
1  711 0 -0 0.00099999999999989
2  1421 99 0 -0 0.00099999999999989
2  1422 98 0 -0 0.00099999999999989
4 G1 99 0 98 0
0

0101000
+2638 3 -3966 3 *
Wi

0101100
-2642 0 +2637 0 +2636 0 -3963 0 *
Fa
0  1e-07 99 0

0101000
+2635 0 *
Ve
1e-07
3.8576333440486 1.42251536579673 2.201
0 0

0101101
*
Ed
 1e-07 1 1 0
1  712 0 4 5
2  1423 98 0 4 5
2  1424 387 0 4 5
0

0101000
+2638 3 -2633 3 *
Ed
 1e-07 1 1 0
1  713 0 -0 0.00099999999999989
2  1425 98 0 -0 0.00099999999999989
2  1426 97 0 -0 0.00099999999999989
0

0101000
+2633 3 -3968 3 *
Wi

0101100
-2636 0 +2632 0 +2631 0 -3965 0 *
Fa
0  1e-07 98 0

0101000
+2630 0 *
Ve
1e-07
3.8576333440486 1.39984864322051 2.201
0 0

0101101
*
Ed
 1e-07 1 1 0
1  714 0 -0 0.00099999999999989
2  1427 97 0 -0 0.00099999999999989
2  1428 96 0 -0 0.00099999999999989
0

0101000
+2628 3 -3970 3 *
Ed
 1e-07 1 1 0
1  715 0 -0.0226667225762176 -2.22044604925031e-16
2  1429 97 0 -0.0226667225762176 -2.22044604925031e-16
2  1430 387 0 -0.0226667225762176 -2.22044604925031e-16
0

0101000
+2633 3 -2628 3 *
Wi

0101100
+3967 0 -2627 0 -2626 0 +2631 0 *
Fa
0  1e-07 97 0

0101000
-2625 0 *
Ve
1e-07
3.87406151912639 1.39776912738747 2.201
0 0

0101101
*
Ed
 1e-07 1 1 0
1  716 0 2 3
2  1431 96 0 2 3
2  1432 387 0 2 3
0

0101000
+2628 3 -2623 3 *
Ed
 1e-07 1 1 0
1  717 0 -0 0.00099999999999989
2  1433 96 0 -0 0.00099999999999989
2  1434 95 0 -0 0.00099999999999989
4 G1 96 0 95 0
0

0101000
+2623 3 -3972 3 *
Wi

0101100
-2627 0 +2622 0 +2621 0 -3969 0 *
Fa
0  1e-07 96 0

0101000
+2620 0 *
Ve
1e-07
3.92589345125464 1.44424630624794 2.201
0 0

0101101
*
Ed
 1e-07 1 1 0
1  718 0 1 2
2  1435 95 0 1 2
2  1436 387 0 1 2
0

0101000
+2623 3 -2618 3 *
Ed
 1e-07 1 1 0
1  719 0 -0 0.00099999999999989
2  1437 95 0 -0 0.00099999999999989
2  1438 94 0 -0 0.00099999999999989
4 G1 95 0 94 0
0

0101000
+2618 3 -3974 3 *
Wi

0101100
-2621 0 +2617 0 +2616 0 -3971 0 *
Fa
0  1e-07 95 0

0101000
+2615 0 *
Ed
 1e-07 1 1 0
1  720 0 -0.179719381220659 0
2  1439 94 0 -0.179719381220659 0
2  1440 387 0 -0.179719381220659 0
0

0101000
+2618 3 -2683 3 *
Wi

0101100
+3973 0 -2681 0 -2613 0 +2616 0 *
Fa
0  1e-07 94 0

0101000
-2612 0 *
Wi

0101100
+2682 0 +2676 0 +2672 0 +2666 0 +2661 0 +2656 0 +2651 0 +2646 0 +2641 0 +2637 0 
+2632 0 +2626 0 +2622 0 +2617 0 +2613 0 *
Fa
0  1e-07 387 0

0101000
+2610 0 *
Ve
1e-07
4.1286462449369 1.48937179981597 2.201
0 0

0101101
*
Ed
 1e-07 1 1 0
1  721 0 -0 0.00099999999999989
2  1441 206 0 -0 0.00099999999999989
2  1442 217 0 -0 0.00099999999999989
0

0101000
+2608 3 -3738 3 *
Ve
1e-07
4.1286462449369 1.46618519828218 2.201
0 0

0101101
*
Ed
 1e-07 1 1 0
1  722 0 -0.0231866015337878 0
2  1443 206 0 -0.0231866015337878 0
2  1444 388 0 -0.0231866015337878 0
0

0101000
+2606 3 -2608 3 *
Ed
 1e-07 1 1 0
1  723 0 -0 0.00099999999999989
2  1445 206 0 -0 0.00099999999999989
2  1446 207 0 -0 0.00099999999999989
0

0101000
+2606 3 -3739 3 *
Wi

0101100
+3737 0 -2607 0 -2605 0 +2604 0 *
Fa
0  1e-07 206 0

0101000
-2603 0 *
Ve
1e-07
4.04551759952783 1.48937179981597 2.201
0 0

0101101
*
Ed
 1e-07 1 1 0
1  724 0 -0 0.00099999999999989
2  1447 217 0 -0 0.00099999999999989
2  1448 216 0 -0 0.00099999999999989
0

0101000
+2601 3 -3718 3 *
Ed
 1e-07 1 1 0
1  725 0 -0.0831286454090776 -0
2  1449 217 0 -0.0831286454090776 -0
2  1450 388 0 -0.0831286454090776 -0
0

0101000
+2608 3 -2601 3 *
Wi

0101100
+3716 0 -2600 0 -2599 0 +2607 0 *
Fa
0  1e-07 217 0

0101000
-2598 0 *
Ve
1e-07
4.04551759952783 1.55778787070928 2.201
0 0

0101101
*
Ed
 1e-07 1 1 0
1  726 0 -0 0.00099999999999989
2  1451 216 0 -0 0.00099999999999989
2  1452 215 0 -0 0.00099999999999989
0

0101000
+2596 3 -3720 3 *
Ed
 1e-07 1 1 0
1  727 0 -0.0684160708933128 0
2  1453 216 0 -0.0684160708933128 0
2  1454 388 0 -0.0684160708933128 0
0

0101000
+2601 3 -2596 3 *
Wi

0101100
+3717 0 -2595 0 -2594 0 +2600 0 *
Fa
0  1e-07 216 0

0101000
-2593 0 *
Ve
1e-07
4.11824866577311 1.55778787070928 2.201
0 0

0101101
*
Ed
 1e-07 1 1 0
1  728 0 -0 0.00099999999999989
2  1455 215 0 -0 0.00099999999999989
2  1456 214 0 -0 0.00099999999999989
0

0101000
+2591 3 -3722 3 *
Ed
 1e-07 1 1 0
1  729 0 -0.0727310662452778 0
2  1457 215 0 -0.0727310662452778 0
2  1458 388 0 -0.0727310662452778 0
0

0101000
+2596 3 -2591 3 *
Wi

0101100
+3719 0 -2590 0 -2589 0 +2595 0 *
Fa
0  1e-07 215 0

0101000
-2588 0 *
Ve
1e-07
4.11824866577311 1.58107844803458 2.201
0 0

0101101
*
Ed
 1e-07 1 1 0
1  730 0 -0 0.00099999999999989
2  1459 214 0 -0 0.00099999999999989
2  1460 213 0 -0 0.00099999999999989
0

0101000
+2586 3 -3724 3 *
Ed
 1e-07 1 1 0
1  731 0 -0.0232905773252969 0
2  1461 214 0 -0.0232905773252969 0
2  1462 388 0 -0.0232905773252969 0
0

0101000
+2591 3 -2586 3 *
Wi

0101100
+3721 0 -2585 0 -2584 0 +2590 0 *
Fa
0  1e-07 214 0

0101000
-2583 0 *
Ve
1e-07
4.04551759952783 1.58107844803458 2.201
0 0

0101101
*
Ed
 1e-07 1 1 0
1  732 0 -0 0.00099999999999989
2  1463 213 0 -0 0.00099999999999989
2  1464 212 0 -0 0.00099999999999989
0

0101000
+2581 3 -3726 3 *
Ed
 1e-07 1 1 0
1  733 0 -0.0727310662452778 -0
2  1465 213 0 -0.0727310662452778 -0
2  1466 388 0 -0.0727310662452778 -0
0

0101000
+2586 3 -2581 3 *
Wi

0101100
+3723 0 -2580 0 -2579 0 +2585 0 *
Fa
0  1e-07 213 0

0101000
-2578 0 *
Ve
1e-07
4.04551759952783 1.6461672935967 2.201
0 0

0101101
*
Ed
 1e-07 1 1 0
1  734 0 -0 0.00099999999999989
2  1467 212 0 -0 0.00099999999999989
2  1468 211 0 -0 0.00099999999999989
0

0101000
+2576 3 -3728 3 *
Ed
 1e-07 1 1 0
1  735 0 -0.0650888455621268 0
2  1469 212 0 -0.0650888455621268 0
2  1470 388 0 -0.0650888455621268 0
0

0101000
+2581 3 -2576 3 *
Wi

0101100
+3725 0 -2575 0 -2574 0 +2580 0 *
Fa
0  1e-07 212 0

0101000
-2573 0 *
Ve
1e-07
4.12401932220902 1.6461672935967 2.201
0 0

0101101
*
Ed
 1e-07 1 1 0
1  736 0 -0 0.00099999999999989
2  1471 211 0 -0 0.00099999999999989
2  1472 210 0 -0 0.00099999999999989
0

0101000
+2571 3 -3730 3 *
Ed
 1e-07 1 1 0
1  737 0 -0.0785017226811888 0
2  1473 211 0 -0.0785017226811888 0
2  1474 388 0 -0.0785017226811888 0
0

0101000
+2576 3 -2571 3 *
Wi

0101100
+3727 0 -2570 0 -2569 0 +2575 0 *
Fa
0  1e-07 211 0

0101000
-2568 0 *
Ve
1e-07
4.12401932220902 1.66956184671351 2.201
0 0

0101101
*
Ed
 1e-07 1 1 0
1  738 0 -0 0.00099999999999989
2  1475 210 0 -0 0.00099999999999989
2  1476 209 0 -0 0.00099999999999989
0

0101000
+2566 3 -3732 3 *
Ed
 1e-07 1 1 0
1  739 0 -0.0233945531168089 0
2  1477 210 0 -0.0233945531168089 0
2  1478 388 0 -0.0233945531168089 0
0

0101000
+2571 3 -2566 3 *
Wi

0101100
+3729 0 -2565 0 -2564 0 +2570 0 *
Fa
0  1e-07 210 0

0101000
-2563 0 *
Ve
1e-07
4.01926371214025 1.66956184671351 2.201
0 0

0101101
*
Ed
 1e-07 1 1 0
1  740 0 -0 0.00099999999999989
2  1479 209 0 -0 0.00099999999999989
2  1480 208 0 -0 0.00099999999999989
0

0101000
+2561 3 -3734 3 *
Ed
 1e-07 1 1 0
1  741 0 -0.104755610068766 -0
2  1481 209 0 -0.104755610068766 -0
2  1482 388 0 -0.104755610068766 -0
0

0101000
+2566 3 -2561 3 *
Wi

0101100
+3731 0 -2560 0 -2559 0 +2565 0 *
Fa
0  1e-07 209 0

0101000
-2558 0 *
Ve
1e-07
4.01926371214025 1.46618519828218 2.201
0 0

0101101
*
Ed
 1e-07 1 1 0
1  742 0 -0 0.00099999999999989
2  1483 208 0 -0 0.00099999999999989
2  1484 207 0 -0 0.00099999999999989
0

0101000
+2556 3 -3736 3 *
Ed
 1e-07 1 1 0
1  743 0 -0.203376648431333 -0
2  1485 208 0 -0.203376648431333 -0
2  1486 388 0 -0.203376648431333 -0
0

0101000
+2561 3 -2556 3 *
Wi

0101100
+3733 0 -2555 0 -2554 0 +2560 0 *
Fa
0  1e-07 208 0

0101000
-2553 0 *
Ed
 1e-07 1 1 0
1  744 0 -0.109382532796655 0
2  1487 207 0 -0.109382532796655 0
2  1488 388 0 -0.109382532796655 0
0

0101000
+2556 3 -2606 3 *
Wi

0101100
+3735 0 -2604 0 -2551 0 +2555 0 *
Fa
0  1e-07 207 0

0101000
-2550 0 *
Wi

0101100
+2605 0 +2599 0 +2594 0 +2589 0 +2584 0 +2579 0 +2574 0 +2569 0 +2564 0 +2559 0 
+2554 0 +2551 0 *
Fa
0  1e-07 388 0

0101000
-2548 0 *
Ve
1e-07
4.16706529994539 1.46618519828218 2.201
0 0

0101101
*
Ve
1e-07
4.22300427584327 1.46618519828218 2.201
0 0

0101101
*
Ed
 1e-07 1 1 0
1  745 0 -0.0559389758978739 8.88178419700125e-16
2  1489 389 0 -0.0559389758978739 8.88178419700125e-16
2  1490 218 0 -0.0559389758978739 8.88178419700125e-16
0

0101000
+2546 3 -2545 3 *
Ve
1e-07
4.30197388958626 1.49467456518868 2.201
0 0

0101101
*
Ed
 1e-07 1 1 0
1  746 0 5 6
2  1491 389 0 5 6
2  1492 224 0 5 6
0

0101000
+2545 3 -2543 3 *
Ve
1e-07
4.33264674811871 1.57047291728776 2.201
0 0

0101101
*
Ed
 1e-07 1 1 0
1  747 0 4 5
2  1493 389 0 4 5
2  1494 223 0 4 5
0

0101000
+2543 3 -2541 3 *
Ve
1e-07
4.30197388958626 1.64263211668109 2.201
0 0

0101101
*
Ed
 1e-07 1 1 0
1  748 0 3 4
2  1495 389 0 3 4
2  1496 222 0 3 4
0

0101000
+2541 3 -2539 3 *
Ve
1e-07
4.22508379167491 1.66956184671351 2.201
0 0

0101101
*
Ed
 1e-07 1 1 0
1  749 0 2 3
2  1497 389 0 2 3
2  1498 221 0 2 3
0

0101000
+2539 3 -2537 3 *
Ve
1e-07
4.16706529994539 1.66956184671351 2.201
0 0

0101101
*
Ed
 1e-07 1 1 0
1  750 0 -0.0580184917295199 -0
2  1499 389 0 -0.0580184917295199 -0
2  1500 220 0 -0.0580184917295199 -0
0

0101000
+2537 3 -2535 3 *
Ed
 1e-07 1 1 0
1  751 0 -0.203376648431333 -0
2  1501 389 0 -0.203376648431333 -0
2  1502 219 0 -0.203376648431333 -0
0

0101000
+2535 3 -2546 3 *
Wi

0101100
+2544 0 +2542 0 +2540 0 +2538 0 +2536 0 +2534 0 +2533 0 *
Ve
1e-07
4.19331918733159 1.6461672935967 2.201
0 0

0101101
*
Ve
1e-07
4.19331918733159 1.48937179981597 2.201
0 0

0101101
*
Ed
 1e-07 1 1 0
1  752 0 0 0.156795493780737
2  1503 389 0 0 0.156795493780737
2  1504 390 0 0 0.156795493780737
0

0101000
+2531 3 -2530 3 *
Ve
1e-07
4.22404403375839 1.6461672935967 2.201
0 0

0101101
*
Ed
 1e-07 1 1 0
1  753 0 0 0.0307248464268088
2  1505 389 0 0 0.0307248464268088
2  1506 391 0 0 0.0307248464268088
0

0101000
+2528 3 -2531 3 *
Ve
1e-07
4.28273836813414 1.62703574793609 2.201
0 0

0101101
*
Ed
 1e-07 1 1 0
1  754 0 5 6
2  1507 389 0 5 6
2  1508 392 0 5 6
0

0101000
+2526 3 -2528 3 *
Ve
1e-07
4.30504117543867 1.56974508674716 2.201
0 0

0101101
*
Ed
 1e-07 1 1 0
1  755 0 4 5
2  1509 389 0 4 5
2  1510 393 0 4 5
0

0101000
+2524 3 -2526 3 *
Ve
1e-07
4.28331023498885 1.51058286130822 2.201
0 0

0101101
*
Ed
 1e-07 1 1 0
1  756 0 3 4
2  1511 389 0 3 4
2  1512 394 0 3 4
0

0101000
+2522 3 -2524 3 *
Ve
1e-07
4.22284831215461 1.48937179981597 2.201
0 0

0101101
*
Ed
 1e-07 1 1 0
1  757 0 2 3
2  1513 389 0 2 3
2  1514 395 0 2 3
0

0101000
+2520 3 -2522 3 *
Ed
 1e-07 1 1 0
1  758 0 0 0.0295291248230223
2  1515 389 0 0 0.0295291248230223
2  1516 396 0 0 0.0295291248230223
0

0101000
+2530 3 -2520 3 *
Wi

0101100
-2529 0 -2527 0 -2525 0 -2523 0 -2521 0 -2519 0 -2518 0 *
Fa
0  1e-07 389 0

0101000
+2532 0 +2517 0 *
Ed
 1e-07 1 1 0
1  759 0 -0 0.00099999999999989
2  1517 218 0 -0 0.00099999999999989
2  1518 224 0 -0 0.00099999999999989
4 G1 218 0 224 0
0

0101000
+2545 3 -3713 3 *
Ed
 1e-07 1 1 0
1  760 0 -0 0.00099999999999989
2  1519 218 0 -0 0.00099999999999989
2  1520 219 0 -0 0.00099999999999989
0

0101000
+2546 3 -3714 3 *
Wi

0101100
+3712 0 -2515 0 -2544 0 +2514 0 *
Fa
0  1e-07 218 0

0101000
-2513 0 *
Ed
 1e-07 1 1 0
1  761 0 -0 0.00099999999999989
2  1521 224 0 -0 0.00099999999999989
2  1522 223 0 -0 0.00099999999999989
4 C1 224 0 223 0
0

0101000
+2543 3 -3703 3 *
Wi

0101100
-2515 0 +2542 0 +2511 0 -3701 0 *
Fa
0  1e-07 224 0

0101000
+2510 0 *
Ed
 1e-07 1 1 0
1  762 0 -0 0.00099999999999989
2  1523 223 0 -0 0.00099999999999989
2  1524 222 0 -0 0.00099999999999989
4 G1 223 0 222 0
0

0101000
+2541 3 -3705 3 *
Wi

0101100
-2511 0 +2540 0 +2508 0 -3702 0 *
Fa
0  1e-07 223 0

0101000
+2507 0 *
Ed
 1e-07 1 1 0
1  763 0 -0 0.00099999999999989
2  1525 222 0 -0 0.00099999999999989
2  1526 221 0 -0 0.00099999999999989
4 C1 222 0 221 0
0

0101000
+2539 3 -3707 3 *
Wi

0101100
-2508 0 +2538 0 +2505 0 -3704 0 *
Fa
0  1e-07 222 0

0101000
+2504 0 *
Ed
 1e-07 1 1 0
1  764 0 -0 0.00099999999999989
2  1527 221 0 -0 0.00099999999999989
2  1528 220 0 -0 0.00099999999999989
4 G1 221 0 220 0
0

0101000
+2537 3 -3709 3 *
Wi

0101100
-2505 0 +2536 0 +2502 0 -3706 0 *
Fa
0  1e-07 221 0

0101000
+2501 0 *
Ed
 1e-07 1 1 0
1  765 0 -0 0.00099999999999989
2  1529 220 0 -0 0.00099999999999989
2  1530 219 0 -0 0.00099999999999989
0

0101000
+2535 3 -3711 3 *
Wi

0101100
+3708 0 -2499 0 -2534 0 +2502 0 *
Fa
0  1e-07 220 0

0101000
-2498 0 *
Wi

0101100
+3710 0 -2514 0 -2533 0 +2499 0 *
Fa
0  1e-07 219 0

0101000
-2496 0 *
Ve
1e-07
4.22404403375839 1.6461672935967 2.2
0 0

0101101
*
Ve
1e-07
4.19331918733159 1.6461672935967 2.2
0 0

0101101
*
Ed
 1e-07 1 1 0
1  766 0 0 0.0307248464268088
2  1531 391 0 0 0.0307248464268088
2  1532 397 0 0 0.0307248464268088
0

0101000
+2494 3 -2493 3 *
Ed
 1e-07 1 1 0
1  767 0 -0 0.00099999999999989
2  1533 391 0 -0 0.00099999999999989
2  1534 392 0 -0 0.00099999999999989
4 G1 391 0 392 0
0

0101000
+2528 3 -2494 3 *
Ed
 1e-07 1 1 0
1  768 0 -0 0.00099999999999989
2  1535 391 0 -0 0.00099999999999989
2  1536 390 0 -0 0.00099999999999989
0

0101000
+2531 3 -2493 3 *
Wi

0101100
-2492 0 -2491 0 +2527 0 +2490 0 *
Fa
0  1e-07 391 0

0101000
+2489 0 *
Ve
1e-07
4.19331918733159 1.48937179981597 2.2
0 0

0101101
*
Ed
 1e-07 1 1 0
1  769 0 0 0.156795493780737
2  1537 390 0 0 0.156795493780737
2  1538 397 0 0 0.156795493780737
0

0101000
+2493 3 -2487 3 *
Ed
 1e-07 1 1 0
1  770 0 -0 0.00099999999999989
2  1539 390 0 -0 0.00099999999999989
2  1540 396 0 -0 0.00099999999999989
0

0101000
+2530 3 -2487 3 *
Wi

0101100
-2486 0 -2490 0 +2529 0 +2485 0 *
Fa
0  1e-07 390 0

0101000
+2484 0 *
Ve
1e-07
4.22284831215461 1.48937179981597 2.2
0 0

0101101
*
Ed
 1e-07 1 1 0
1  771 0 0 0.0295291248230223
2  1541 396 0 0 0.0295291248230223
2  1542 397 0 0 0.0295291248230223
0

0101000
+2487 3 -2482 3 *
Ed
 1e-07 1 1 0
1  772 0 -0 0.00099999999999989
2  1543 396 0 -0 0.00099999999999989
2  1544 395 0 -0 0.00099999999999989
4 G1 396 0 395 0
0

0101000
+2520 3 -2482 3 *
Wi

0101100
-2481 0 -2485 0 +2518 0 +2480 0 *
Fa
0  1e-07 396 0

0101000
+2479 0 *
Ve
1e-07
4.28331023498885 1.51058286130822 2.2
0 0

0101101
*
Ed
 1e-07 1 1 0
1  773 0 2 3
2  1545 395 0 2 3
2  1546 397 0 2 3
0

0101000
+2482 3 -2477 3 *
Ed
 1e-07 1 1 0
1  774 0 -0 0.00099999999999989
2  1547 395 0 -0 0.00099999999999989
2  1548 394 0 -0 0.00099999999999989
4 G1 395 0 394 0
0

0101000
+2522 3 -2477 3 *
Wi

0101100
-2476 0 -2480 0 +2519 0 +2475 0 *
Fa
0  1e-07 395 0

0101000
+2474 0 *
Ve
1e-07
4.30504117543867 1.56974508674716 2.2
0 0

0101101
*
Ed
 1e-07 1 1 0
1  775 0 3 4
2  1549 394 0 3 4
2  1550 397 0 3 4
0

0101000
+2477 3 -2472 3 *
Ed
 1e-07 1 1 0
1  776 0 -0 0.00099999999999989
2  1551 394 0 -0 0.00099999999999989
2  1552 393 0 -0 0.00099999999999989
4 C1 394 0 393 0
0

0101000
+2524 3 -2472 3 *
Wi

0101100
-2471 0 -2475 0 +2521 0 +2470 0 *
Fa
0  1e-07 394 0

0101000
+2469 0 *
Ve
1e-07
4.28273836813414 1.62703574793609 2.2
0 0

0101101
*
Ed
 1e-07 1 1 0
1  777 0 4 5
2  1553 393 0 4 5
2  1554 397 0 4 5
0

0101000
+2472 3 -2467 3 *
Ed
 1e-07 1 1 0
1  778 0 -0 0.00099999999999989
2  1555 393 0 -0 0.00099999999999989
2  1556 392 0 -0 0.00099999999999989
4 C1 393 0 392 0
0

0101000
+2526 3 -2467 3 *
Wi

0101100
-2466 0 -2470 0 +2523 0 +2465 0 *
Fa
0  1e-07 393 0

0101000
+2464 0 *
Ed
 1e-07 1 1 0
1  779 0 5 6
2  1557 392 0 5 6
2  1558 397 0 5 6
0

0101000
+2467 3 -2494 3 *
Wi

0101100
-2462 0 -2465 0 +2525 0 +2491 0 *
Fa
0  1e-07 392 0

0101000
+2461 0 *
Wi

0101100
+2462 0 +2492 0 +2486 0 +2481 0 +2476 0 +2471 0 +2466 0 *
Fa
0  1e-07 397 0

0101000
-2459 0 *
Ve
1e-07
4.52692551478154 1.46618519828218 2.201
0 0

0101101
*
Ve
1e-07
4.44946355001687 1.66956184671351 2.201
0 0

0101101
*
Ed
 1e-07 1 1 0
1  780 0 -0.217629081495017 0
2  1559 398 0 -0.217629081495017 0
2  1560 225 0 -0.217629081495017 0
0

0101000
+2457 3 -2456 3 *
Ve
1e-07
4.42139008627503 1.66956184671351 2.201
0 0

0101101
*
Ed
 1e-07 1 1 0
1  781 0 -0.0280734637418378 -0
2  1561 398 0 -0.0280734637418378 -0
2  1562 232 0 -0.0280734637418378 -0
0

0101000
+2456 3 -2454 3 *
Ve
1e-07
4.34392812150898 1.46618519828218 2.201
0 0

0101101
*
Ed
 1e-07 1 1 0
1  782 0 -0.217629081495511 -0
2  1563 398 0 -0.217629081495511 -0
2  1564 231 0 -0.217629081495511 -0
0

0101000
+2454 3 -2452 3 *
Ve
1e-07
4.37293736737443 1.46618519828218 2.201
0 0

0101101
*
Ed
 1e-07 1 1 0
1  783 0 -0.0290092458654545 0
2  1565 398 0 -0.0290092458654545 0
2  1566 230 0 -0.0290092458654545 0
0

0101000
+2452 3 -2450 3 *
Ve
1e-07
4.39248481620109 1.52181224680412 2.201
0 0

0101101
*
Ed
 1e-07 1 1 0
1  784 0 -0.0589616085507638 0
2  1567 398 0 -0.0589616085507638 0
2  1568 229 0 -0.0589616085507638 0
0

0101000
+2450 3 -2448 3 *
Ve
1e-07
4.47717309848564 1.52181224680412 2.201
0 0

0101101
*
Ed
 1e-07 1 1 0
1  785 0 -0.0846882822845458 0
2  1569 398 0 -0.0846882822845458 0
2  1570 228 0 -0.0846882822845458 0
0

0101000
+2448 3 -2446 3 *
Ve
1e-07
4.49791626891747 1.46618519828218 2.201
0 0

0101101
*
Ed
 1e-07 1 1 0
1  786 0 -0.0593687430120172 0
2  1571 398 0 -0.0593687430120172 0
2  1572 227 0 -0.0593687430120172 0
0

0101000
+2446 3 -2444 3 *
Ed
 1e-07 1 1 0
1  787 0 -0.0290092458640672 0
2  1573 398 0 -0.0290092458640672 0
2  1574 226 0 -0.0290092458640672 0
0

0101000
+2444 3 -2457 3 *
Wi

0101100
+2455 0 +2453 0 +2451 0 +2449 0 +2447 0 +2445 0 +2443 0 +2442 0 *
Ve
1e-07
4.40080287953324 1.54479089675488 2.201
0 0

0101101
*
Ve
1e-07
4.46906298673929 1.54479089675488 2.201
0 0

0101101
*
Ed
 1e-07 1 1 0
1  788 0 0 0.0682601072060551
2  1575 398 0 0 0.0682601072060551
2  1576 399 0 0 0.0682601072060551
0

0101000
+2440 3 -2439 3 *
Ve
1e-07
4.43121579858412 1.62932321535215 2.201
0 0

0101101
*
Ed
 1e-07 1 1 0
1  789 0 -0 0.0898368439596266
2  1577 398 0 -0 0.0898368439596266
2  1578 400 0 -0 0.0898368439596266
0

0101000
+2437 3 -2440 3 *
Ve
1e-07
4.4345430239167 1.64356789880471 2.201
0 0

0101101
*
Ed
 1e-07 1 1 0
1  790 0 3 4
2  1579 398 0 3 4
2  1580 401 0 3 4
0

0101000
+2435 3 -2437 3 *
Ve
1e-07
4.43516687866717 1.64356789880471 2.201
0 0

0101101
*
Ed
 1e-07 1 1 0
1  791 0 0 0.00062385475046689
2  1581 398 0 0 0.00062385475046689
2  1582 402 0 0 0.00062385475046689
0

0101000
+2433 3 -2435 3 *
Ve
1e-07
4.43833814031109 1.62932321535215 2.201
0 0

0101101
*
Ed
 1e-07 1 1 0
1  792 0 1 2
2  1583 398 0 1 2
2  1584 403 0 1 2
0

0101000
+2431 3 -2433 3 *
Ed
 1e-07 1 1 0
1  793 0 0 0.0899429212082128
2  1585 398 0 0 0.0899429212082128
2  1586 404 0 0 0.0899429212082128
0

0101000
+2439 3 -2431 3 *
Wi

0101100
-2438 0 -2436 0 -2434 0 -2432 0 -2430 0 -2429 0 *
Fa
0  1e-07 398 0

0101000
-2441 0 -2428 0 *
Ed
 1e-07 1 1 0
1  794 0 -0 0.00099999999999989
2  1587 225 0 -0 0.00099999999999989
2  1588 232 0 -0 0.00099999999999989
0

0101000
+2456 3 -3698 3 *
Ed
 1e-07 1 1 0
1  795 0 -0 0.00099999999999989
2  1589 225 0 -0 0.00099999999999989
2  1590 226 0 -0 0.00099999999999989
0

0101000
+2457 3 -3699 3 *
Wi

0101100
+3697 0 -2426 0 -2455 0 +2425 0 *
Fa
0  1e-07 225 0

0101000
-2424 0 *
Ed
 1e-07 1 1 0
1  796 0 -0 0.00099999999999989
2  1591 232 0 -0 0.00099999999999989
2  1592 231 0 -0 0.00099999999999989
0

0101000
+2454 3 -3686 3 *
Wi

0101100
+3684 0 -2422 0 -2453 0 +2426 0 *
Fa
0  1e-07 232 0

0101000
-2421 0 *
Ed
 1e-07 1 1 0
1  797 0 -0 0.00099999999999989
2  1593 231 0 -0 0.00099999999999989
2  1594 230 0 -0 0.00099999999999989
0

0101000
+2452 3 -3688 3 *
Wi

0101100
+3685 0 -2419 0 -2451 0 +2422 0 *
Fa
0  1e-07 231 0

0101000
-2418 0 *
Ed
 1e-07 1 1 0
1  798 0 -0 0.00099999999999989
2  1595 230 0 -0 0.00099999999999989
2  1596 229 0 -0 0.00099999999999989
0

0101000
+2450 3 -3690 3 *
Wi

0101100
+3687 0 -2416 0 -2449 0 +2419 0 *
Fa
0  1e-07 230 0

0101000
-2415 0 *
Ed
 1e-07 1 1 0
1  799 0 -0 0.00099999999999989
2  1597 229 0 -0 0.00099999999999989
2  1598 228 0 -0 0.00099999999999989
0

0101000
+2448 3 -3692 3 *
Wi

0101100
+3689 0 -2413 0 -2447 0 +2416 0 *
Fa
0  1e-07 229 0

0101000
-2412 0 *
Ed
 1e-07 1 1 0
1  800 0 -0 0.00099999999999989
2  1599 228 0 -0 0.00099999999999989
2  1600 227 0 -0 0.00099999999999989
0

0101000
+2446 3 -3694 3 *
Wi

0101100
+3691 0 -2410 0 -2445 0 +2413 0 *
Fa
0  1e-07 228 0

0101000
-2409 0 *
Ed
 1e-07 1 1 0
1  801 0 -0 0.00099999999999989
2  1601 227 0 -0 0.00099999999999989
2  1602 226 0 -0 0.00099999999999989
0

0101000
+2444 3 -3696 3 *
Wi

0101100
+3693 0 -2407 0 -2443 0 +2410 0 *
Fa
0  1e-07 227 0

0101000
-2406 0 *
Wi

0101100
+3695 0 -2425 0 -2442 0 +2407 0 *
Fa
0  1e-07 226 0

0101000
-2404 0 *
Ve
1e-07
4.40080287953324 1.54479089675488 2.2
0 0

0101101
*
Ve
1e-07
4.46906298673929 1.54479089675488 2.2
0 0

0101101
*
Ed
 1e-07 1 1 0
1  802 0 0 0.0682601072060551
2  1603 399 0 0 0.0682601072060551
2  1604 405 0 0 0.0682601072060551
0

0101000
+2402 3 -2401 3 *
Ed
 1e-07 1 1 0
1  803 0 -0 0.00099999999999989
2  1605 399 0 -0 0.00099999999999989
2  1606 400 0 -0 0.00099999999999989
0

0101000
+2440 3 -2402 3 *
Ed
 1e-07 1 1 0
1  804 0 -0 0.00099999999999989
2  1607 399 0 -0 0.00099999999999989
2  1608 404 0 -0 0.00099999999999989
0

0101000
+2439 3 -2401 3 *
Wi

0101100
-2400 0 -2399 0 +2438 0 +2398 0 *
Fa
0  1e-07 399 0

0101000
+2397 0 *
Ve
1e-07
4.43833814031109 1.62932321535215 2.2
0 0

0101101
*
Ed
 1e-07 1 1 0
1  805 0 0 0.0899429212082128
2  1609 404 0 0 0.0899429212082128
2  1610 405 0 0 0.0899429212082128
0

0101000
+2401 3 -2395 3 *
Ed
 1e-07 1 1 0
1  806 0 -0 0.00099999999999989
2  1611 404 0 -0 0.00099999999999989
2  1612 403 0 -0 0.00099999999999989
0

0101000
+2431 3 -2395 3 *
Wi

0101100
-2394 0 -2398 0 +2429 0 +2393 0 *
Fa
0  1e-07 404 0

0101000
+2392 0 *
Ve
1e-07
4.43516687866717 1.64356789880471 2.2
0 0

0101101
*
Ed
 1e-07 1 1 0
1  807 0 1 2
2  1613 403 0 1 2
2  1614 405 0 1 2
0

0101000
+2395 3 -2390 3 *
Ed
 1e-07 1 1 0
1  808 0 -0 0.00099999999999989
2  1615 403 0 -0 0.00099999999999989
2  1616 402 0 -0 0.00099999999999989
0

0101000
+2433 3 -2390 3 *
Wi

0101100
-2389 0 -2393 0 +2430 0 +2388 0 *
Fa
0  1e-07 403 0

0101000
+2387 0 *
Ve
1e-07
4.4345430239167 1.64356789880471 2.2
0 0

0101101
*
Ed
 1e-07 1 1 0
1  809 0 0 0.00062385475046689
2  1617 402 0 0 0.00062385475046689
2  1618 405 0 0 0.00062385475046689
0

0101000
+2390 3 -2385 3 *
Ed
 1e-07 1 1 0
1  810 0 -0 0.00099999999999989
2  1619 402 0 -0 0.00099999999999989
2  1620 401 0 -0 0.00099999999999989
0

0101000
+2435 3 -2385 3 *
Wi

0101100
-2384 0 -2388 0 +2432 0 +2383 0 *
Fa
0  1e-07 402 0

0101000
+2382 0 *
Ve
1e-07
4.43121579858412 1.62932321535215 2.2
0 0

0101101
*
Ed
 1e-07 1 1 0
1  811 0 3 4
2  1621 401 0 3 4
2  1622 405 0 3 4
0

0101000
+2385 3 -2380 3 *
Ed
 1e-07 1 1 0
1  812 0 8.88178419700125e-16 0.00099999999999989
2  1623 401 0 8.88178419700125e-16 0.00099999999999989
2  1624 400 0 8.88178419700125e-16 0.00099999999999989
0

0101000
+2437 3 -2380 3 *
Wi

0101100
-2379 0 -2383 0 +2434 0 +2378 0 *
Fa
0  1e-07 401 0

0101000
+2377 0 *
Ed
 1e-07 1 1 0
1  813 0 -2.08933712038719e-16 0.0898368439596268
2  1625 400 0 -2.08933712038719e-16 0.0898368439596268
2  1626 405 0 -2.08933712038719e-16 0.0898368439596268
0

0101000
+2380 3 -2402 3 *
Wi

0101100
-2375 0 -2378 0 +2436 0 +2399 0 *
Fa
0  1e-07 400 0

0101000
+2374 0 *
Wi

0101100
+2375 0 +2400 0 +2394 0 +2389 0 +2384 0 +2379 0 *
Fa
0  1e-07 405 0

0101000
-2372 0 *
Ve
1e-07
3.28946531857583 1.66791805872053 2.201
0 0

0101101
*
Ve
1e-07
3.14631262178515 1.85734232842231 2.201
0 0

0101101
*
Ed
 1e-07 1 1 0
1  814 0 35 36
2  1627 406 0 35 36
2  1628 233 0 35 36
0

0101000
+2370 3 -2369 3 *
Ve
1e-07
3.06822929251027 1.97157531627537 2.201
0 0

0101101
*
Ed
 1e-07 1 1 0
1  815 0 0 1
2  1629 406 0 0 1
2  1630 265 0 0 1
0

0101000
+2369 3 -2367 3 *
Ve
1e-07
2.87157505937583 2.04676665328274 2.201
0 0

0101101
*
Ed
 1e-07 1 1 0
1  816 0 1 2
2  1631 406 0 1 2
2  1632 264 0 1 2
0

0101000
+2367 3 -2365 3 *
Ve
1e-07
2.69805659890693 1.99037315225079 2.201
0 0

0101101
*
Ed
 1e-07 1 1 0
1  817 0 2 3
2  1633 406 0 2 3
2  1634 263 0 2 3
0

0101000
+2365 3 -2363 3 *
Ve
1e-07
2.63443316891804 1.92674971536759 2.201
0 0

0101101
*
Ed
 1e-07 1 1 0
1  818 0 3 4
2  1635 406 0 3 4
2  1636 262 0 3 4
0

0101000
+2363 3 -2361 3 *
Ve
1e-07
2.60117547502666 1.92964168695009 2.201
0 0

0101101
*
Ed
 1e-07 1 1 0
1  819 0 4 5
2  1637 406 0 4 5
2  1638 261 0 4 5
0

0101000
+2361 3 -2359 3 *
Ve
1e-07
2.43488695041109 1.86023430000481 2.201
0 0

0101101
*
Ed
 1e-07 1 1 0
1  820 0 5 6
2  1639 406 0 5 6
2  1640 260 0 5 6
0

0101000
+2359 3 -2357 3 *
Ve
1e-07
2.36692551478203 1.6953917818662 2.201
0 0

0101101
*
Ed
 1e-07 1 1 0
1  821 0 6 7
2  1641 406 0 6 7
2  1642 259 0 6 7
0

0101000
+2357 3 -2355 3 *
Ve
1e-07
2.42765697318842 1.53777921336886 2.201
0 0

0101101
*
Ed
 1e-07 1 1 0
1  822 0 7 8
2  1643 406 0 7 8
2  1644 258 0 7 8
0

0101000
+2355 3 -2353 3 *
Ve
1e-07
2.54333594683343 1.46837184021358 2.201
0 0

0101101
*
Ed
 1e-07 1 1 0
1  823 0 8 9
2  1645 406 0 8 9
2  1646 257 0 8 9
0

0101000
+2353 3 -2351 3 *
Ve
1e-07
2.68070474182845 1.37004472364636 2.201
0 0

0101101
*
Ed
 1e-07 1 1 0
1  824 0 9 10
2  1647 406 0 9 10
2  1648 256 0 9 10
0

0101000
+2351 3 -2349 3 *
Ve
1e-07
2.82530345888609 1.51464344070331 2.201
0 0

0101101
*
Ed
 1e-07 1 1 0
1  825 0 10 11
2  1649 406 0 10 11
2  1650 255 0 10 11
0

0101000
+2349 3 -2347 3 *
Ve
1e-07
2.82530345888609 1.52910331240998 2.201
0 0

0101101
*
Ed
 1e-07 1 1 0
1  826 0 11 12
2  1651 406 0 11 12
2  1652 254 0 11 12
0

0101000
+2347 3 -2345 3 *
Ve
1e-07
3.02774166276624 1.63610635751609 2.201
0 0

0101101
*
Ed
 1e-07 1 1 0
1  827 0 1.03763066306896e-16 0.228977898610767
2  1653 406 0 1.03763066306896e-16 0.228977898610767
2  1654 253 0 1.03763066306896e-16 0.228977898610767
0

0101000
+2345 3 -2343 3 *
Ve
1e-07
2.98291608254209 1.71274369410403 2.201
0 0

0101101
*
Ed
 1e-07 1 1 0
1  828 0 0 0.088784086421634
2  1655 406 0 0 0.088784086421634
2  1656 252 0 0 0.088784086421634
0

0101000
+2343 3 -2341 3 *
Ve
1e-07
2.78915380720153 1.6115245921643 2.201
0 0

0101101
*
Ed
 1e-07 1 1 0
1  829 0 0 0.218607241285911
2  1657 406 0 0 0.218607241285911
2  1658 251 0 0 0.218607241285911
0

0101000
+2341 3 -2339 3 *
Ve
1e-07
2.68070476940847 1.66068815044791 2.201
0 0

0101101
*
Ed
 1e-07 1 1 0
1  830 0 15 16
2  1659 406 0 15 16
2  1660 250 0 15 16
0

0101000
+2339 3 -2337 3 *
Ve
1e-07
2.54478198089041 1.56525299167457 2.201
0 0

0101101
*
Ed
 1e-07 1 1 0
1  831 0 16 17
2  1661 406 0 16 17
2  1662 249 0 16 17
0

0101000
+2337 3 -2335 3 *
Ve
1e-07
2.45802275065596 1.69828382239875 2.201
0 0

0101101
*
Ed
 1e-07 1 1 0
1  832 0 17 18
2  1663 406 0 17 18
2  1664 248 0 17 18
0

0101000
+2335 3 -2333 3 *
Ve
1e-07
2.60262146771291 1.8428825394557 2.201
0 0

0101101
*
Ed
 1e-07 1 1 0
1  833 0 18 19
2  1665 406 0 18 19
2  1666 247 0 18 19
0

0101000
+2333 3 -2331 3 *
Ve
1e-07
2.67925877672152 1.82119273189639 2.201
0 0

0101101
*
Ed
 1e-07 1 1 0
1  834 0 19 20
2  1667 406 0 19 20
2  1668 246 0 19 20
0

0101000
+2331 3 -2329 3 *
Ve
1e-07
2.87302102448276 1.96000742304829 2.201
0 0

0101101
*
Ed
 1e-07 1 1 0
1  835 0 20 21
2  1669 406 0 20 21
2  1670 245 0 20 21
0

0101000
+2329 3 -2327 3 *
Ve
1e-07
3.07545922836291 1.77925902672675 2.201
0 0

0101101
*
Ed
 1e-07 1 1 0
1  836 0 21 22
2  1671 406 0 21 22
2  1672 244 0 21 22
0

0101000
+2327 3 -2325 3 *
Ve
1e-07
3.08702711469568 1.77925902672675 2.201
0 0

0101101
*
Ed
 1e-07 1 1 0
1  837 0 22 23
2  1673 406 0 22 23
2  1674 243 0 22 23
0

0101000
+2325 3 -2323 3 *
Ve
1e-07
3.19981410296818 1.66647203845425 2.201
0 0

0101101
*
Ed
 1e-07 1 1 0
1  838 0 23 24
2  1675 406 0 23 24
2  1676 242 0 23 24
0

0101000
+2323 3 -2321 3 *
Ve
1e-07
3.09570301565525 1.55368505018176 2.201
0 0

0101101
*
Ed
 1e-07 1 1 0
1  839 0 24 25
2  1677 406 0 24 25
2  1678 241 0 24 25
0

0101000
+2321 3 -2319 3 *
Ve
1e-07
3.03063359297941 1.55368505018176 2.201
0 0

0101101
*
Ed
 1e-07 1 1 0
1  840 0 0 0.0650694226758368
2  1679 406 0 0 0.0650694226758368
2  1680 240 0 0 0.0650694226758368
0

0101000
+2319 3 -2317 3 *
Ve
1e-07
3.02195769201984 1.55513101528799 2.201
0 0

0101101
*
Ed
 1e-07 1 1 0
1  841 0 26 27
2  1681 406 0 26 27
2  1682 239 0 26 27
0

0101000
+2317 3 -2315 3 *
Ve
1e-07
2.97713211179638 1.51030543506453 2.201
0 0

0101101
*
Ed
 1e-07 1 1 0
1  842 0 27 28
2  1683 406 0 27 28
2  1684 238 0 27 28
0

0101000
+2315 3 -2313 3 *
Ve
1e-07
3.01906576180668 1.46547985483969 2.201
0 0

0101101
*
Ed
 1e-07 1 1 0
1  843 0 28 29
2  1685 406 0 28 29
2  1686 237 0 28 29
0

0101000
+2313 3 -2311 3 *
Ve
1e-07
3.10437897177485 1.46547985483969 2.201
0 0

0101101
*
Ed
 1e-07 1 1 0
1  844 0 0 0.0853132099681742
2  1687 406 0 0 0.0853132099681742
2  1688 236 0 0 0.0853132099681742
0

0101000
+2311 3 -2309 3 *
Ve
1e-07
3.23596378223207 1.53054927751622 2.201
0 0

0101101
*
Ed
 1e-07 1 1 0
1  845 0 33 34
2  1689 406 0 33 34
2  1690 235 0 33 34
0

0101000
+2309 3 -2307 3 *
Ed
 1e-07 1 1 0
1  846 0 34 35
2  1691 406 0 34 35
2  1692 234 0 34 35
0

0101000
+2307 3 -2370 3 *
Wi

0101100
+2368 0 +2366 0 +2364 0 +2362 0 +2360 0 +2358 0 +2356 0 +2354 0 +2352 0 +2350 0 
+2348 0 +2346 0 +2344 0 +2342 0 +2340 0 +2338 0 +2336 0 +2334 0 +2332 0 +2330 0 
+2328 0 +2326 0 +2324 0 +2322 0 +2320 0 +2318 0 +2316 0 +2314 0 +2312 0 +2310 0 
+2308 0 +2306 0 +2305 0 *
Ve
1e-07
2.6792587491415 1.45680384356074 2.201
0 0

0101101
*
Ve
1e-07
2.6792587491415 1.56959088699327 2.201
0 0

0101101
*
Ed
 1e-07 1 1 0
1  847 0 0 2
2  1693 406 0 0 2
2  1694 407 0 0 2
0

0101000
+2303 3 -2302 3 *
Ed
 1e-07 1 1 0
1  848 0 2 4
2  1695 406 0 2 4
2  1696 408 0 2 4
0

0101000
+2302 3 -2303 3 *
Wi

0101100
-2301 0 -2300 0 *
Fa
0  1e-07 406 0

0101000
-2304 0 -2299 0 *
Ed
 1e-07 1 1 0
1  849 0 -0 0.00099999999999989
2  1697 233 0 -0 0.00099999999999989
2  1698 234 0 -0 0.00099999999999989
0

0101000
+2370 3 -3682 3 *
Ed
 1e-07 1 1 0
1  850 0 -0 0.00099999999999989
2  1699 233 0 -0 0.00099999999999989
2  1700 265 0 -0 0.00099999999999989
0

0101000
+2369 3 -3681 3 *
Wi

0101100
-2297 0 +2368 0 +2296 0 -3680 0 *
Fa
0  1e-07 233 0

0101000
+2295 0 *
Ed
 1e-07 1 1 0
1  851 0 -0 0.00099999999999989
2  1701 265 0 -0 0.00099999999999989
2  1702 264 0 -0 0.00099999999999989
0

0101000
+2367 3 -3619 3 *
Wi

0101100
-2296 0 +2366 0 +2293 0 -3617 0 *
Fa
0  1e-07 265 0

0101000
+2292 0 *
Ed
 1e-07 1 1 0
1  852 0 -0 0.00099999999999989
2  1703 264 0 -0 0.00099999999999989
2  1704 263 0 -0 0.00099999999999989
4 G1 264 0 263 0
0

0101000
+2365 3 -3621 3 *
Wi

0101100
-2293 0 +2364 0 +2290 0 -3618 0 *
Fa
0  1e-07 264 0

0101000
+2289 0 *
Ed
 1e-07 1 1 0
1  853 0 -0 0.00099999999999989
2  1705 263 0 -0 0.00099999999999989
2  1706 262 0 -0 0.00099999999999989
4 G1 263 0 262 0
0

0101000
+2363 3 -3623 3 *
Wi

0101100
-2290 0 +2362 0 +2287 0 -3620 0 *
Fa
0  1e-07 263 0

0101000
+2286 0 *
Ed
 1e-07 1 1 0
1  854 0 -0 0.00099999999999989
2  1707 262 0 -0 0.00099999999999989
2  1708 261 0 -0 0.00099999999999989
0

0101000
+2361 3 -3625 3 *
Wi

0101100
-2287 0 +2360 0 +2284 0 -3622 0 *
Fa
0  1e-07 262 0

0101000
+2283 0 *
Ed
 1e-07 1 1 0
1  855 0 -0 0.00099999999999989
2  1709 261 0 -0 0.00099999999999989
2  1710 260 0 -0 0.00099999999999989
4 G1 261 0 260 0
0

0101000
+2359 3 -3627 3 *
Wi

0101100
-2284 0 +2358 0 +2281 0 -3624 0 *
Fa
0  1e-07 261 0

0101000
+2280 0 *
Ed
 1e-07 1 1 0
1  856 0 -0 0.00099999999999989
2  1711 260 0 -0 0.00099999999999989
2  1712 259 0 -0 0.00099999999999989
4 G1 260 0 259 0
0

0101000
+2357 3 -3629 3 *
Wi

0101100
-2281 0 +2356 0 +2278 0 -3626 0 *
Fa
0  1e-07 260 0

0101000
+2277 0 *
Ed
 1e-07 1 1 0
1  857 0 -0 0.00099999999999989
2  1713 259 0 -0 0.00099999999999989
2  1714 258 0 -0 0.00099999999999989
4 G1 259 0 258 0
0

0101000
+2355 3 -3631 3 *
Wi

0101100
-2278 0 +2354 0 +2275 0 -3628 0 *
Fa
0  1e-07 259 0

0101000
+2274 0 *
Ed
 1e-07 1 1 0
1  858 0 -0 0.00099999999999989
2  1715 258 0 -0 0.00099999999999989
2  1716 257 0 -0 0.00099999999999989
4 G1 258 0 257 0
0

0101000
+2353 3 -3633 3 *
Wi

0101100
-2275 0 +2352 0 +2272 0 -3630 0 *
Fa
0  1e-07 258 0

0101000
+2271 0 *
Ed
 1e-07 1 1 0
1  859 0 -0 0.00099999999999989
2  1717 257 0 -0 0.00099999999999989
2  1718 256 0 -0 0.00099999999999989
0

0101000
+2351 3 -3635 3 *
Wi

0101100
-2272 0 +2350 0 +2269 0 -3632 0 *
Fa
0  1e-07 257 0

0101000
+2268 0 *
Ed
 1e-07 1 1 0
1  860 0 -0 0.00099999999999989
2  1719 256 0 -0 0.00099999999999989
2  1720 255 0 -0 0.00099999999999989
4 G1 256 0 255 0
0

0101000
+2349 3 -3637 3 *
Wi

0101100
-2269 0 +2348 0 +2266 0 -3634 0 *
Fa
0  1e-07 256 0

0101000
+2265 0 *
Ed
 1e-07 1 1 0
1  861 0 -0 0.00099999999999989
2  1721 255 0 -0 0.00099999999999989
2  1722 254 0 -0 0.00099999999999989
4 G1 255 0 254 0
0

0101000
+2347 3 -3639 3 *
Wi

0101100
-2266 0 +2346 0 +2263 0 -3636 0 *
Fa
0  1e-07 255 0

0101000
+2262 0 *
Ed
 1e-07 1 1 0
1  862 0 -0 0.00099999999999989
2  1723 254 0 -0 0.00099999999999989
2  1724 253 0 -0 0.00099999999999989
0

0101000
+2345 3 -3641 3 *
Wi

0101100
+3638 0 -2260 0 -2344 0 +2263 0 *
Fa
0  1e-07 254 0

0101000
-2259 0 *
Ed
 1e-07 1 1 0
1  863 0 -0 0.00099999999999989
2  1725 253 0 -0 0.00099999999999989
2  1726 252 0 -0 0.00099999999999989
0

0101000
+2343 3 -3643 3 *
Wi

0101100
+3640 0 -2257 0 -2342 0 +2260 0 *
Fa
0  1e-07 253 0

0101000
-2256 0 *
Ed
 1e-07 1 1 0
1  864 0 -0 0.00099999999999989
2  1727 252 0 -0 0.00099999999999989
2  1728 251 0 -0 0.00099999999999989
0

0101000
+2341 3 -3645 3 *
Wi

0101100
+3642 0 -2254 0 -2340 0 +2257 0 *
Fa
0  1e-07 252 0

0101000
-2253 0 *
Ed
 1e-07 1 1 0
1  865 0 -0 0.00099999999999989
2  1729 251 0 -0 0.00099999999999989
2  1730 250 0 -0 0.00099999999999989
0

0101000
+2339 3 -3647 3 *
Wi

0101100
+3644 0 -2251 0 -2338 0 +2254 0 *
Fa
0  1e-07 251 0

0101000
-2250 0 *
Ed
 1e-07 1 1 0
1  866 0 -0 0.00099999999999989
2  1731 250 0 -0 0.00099999999999989
2  1732 249 0 -0 0.00099999999999989
4 G1 250 0 249 0
0

0101000
+2337 3 -3649 3 *
Wi

0101100
-2251 0 +2336 0 +2248 0 -3646 0 *
Fa
0  1e-07 250 0

0101000
+2247 0 *
Ed
 1e-07 1 1 0
1  867 0 -0 0.00099999999999989
2  1733 249 0 -0 0.00099999999999989
2  1734 248 0 -0 0.00099999999999989
0

0101000
+2335 3 -3651 3 *
Wi

0101100
-2248 0 +2334 0 +2245 0 -3648 0 *
Fa
0  1e-07 249 0

0101000
+2244 0 *
Ed
 1e-07 1 1 0
1  868 0 -0 0.00099999999999989
2  1735 248 0 -0 0.00099999999999989
2  1736 247 0 -0 0.00099999999999989
4 G1 248 0 247 0
0

0101000
+2333 3 -3653 3 *
Wi

0101100
-2245 0 +2332 0 +2242 0 -3650 0 *
Fa
0  1e-07 248 0

0101000
+2241 0 *
Ed
 1e-07 1 1 0
1  869 0 -0 0.00099999999999989
2  1737 247 0 -0 0.00099999999999989
2  1738 246 0 -0 0.00099999999999989
4 G1 247 0 246 0
0

0101000
+2331 3 -3655 3 *
Wi

0101100
-2242 0 +2330 0 +2239 0 -3652 0 *
Fa
0  1e-07 247 0

0101000
+2238 0 *
Ed
 1e-07 1 1 0
1  870 0 -0 0.00099999999999989
2  1739 246 0 -0 0.00099999999999989
2  1740 245 0 -0 0.00099999999999989
0

0101000
+2329 3 -3657 3 *
Wi

0101100
-2239 0 +2328 0 +2236 0 -3654 0 *
Fa
0  1e-07 246 0

0101000
+2235 0 *
Ed
 1e-07 1 1 0
1  871 0 -0 0.00099999999999989
2  1741 245 0 -0 0.00099999999999989
2  1742 244 0 -0 0.00099999999999989
4 G1 245 0 244 0
0

0101000
+2327 3 -3659 3 *
Wi

0101100
-2236 0 +2326 0 +2233 0 -3656 0 *
Fa
0  1e-07 245 0

0101000
+2232 0 *
Ed
 1e-07 1 1 0
1  872 0 -0 0.00099999999999989
2  1743 244 0 -0 0.00099999999999989
2  1744 243 0 -0 0.00099999999999989
0

0101000
+2325 3 -3661 3 *
Wi

0101100
-2233 0 +2324 0 +2230 0 -3658 0 *
Fa
0  1e-07 244 0

0101000
+2229 0 *
Ed
 1e-07 1 1 0
1  873 0 -0 0.00099999999999989
2  1745 243 0 -0 0.00099999999999989
2  1746 242 0 -0 0.00099999999999989
4 G1 243 0 242 0
0

0101000
+2323 3 -3663 3 *
Wi

0101100
+3660 0 -2227 0 -2322 0 +2230 0 *
Fa
0  1e-07 243 0

0101000
-2226 0 *
Ed
 1e-07 1 1 0
1  874 0 -0 0.00099999999999989
2  1747 242 0 -0 0.00099999999999989
2  1748 241 0 -0 0.00099999999999989
4 G1 242 0 241 0
0

0101000
+2321 3 -3665 3 *
Wi

0101100
-2227 0 +2320 0 +2224 0 -3662 0 *
Fa
0  1e-07 242 0

0101000
+2223 0 *
Ed
 1e-07 1 1 0
1  875 0 -0 0.00099999999999989
2  1749 241 0 -0 0.00099999999999989
2  1750 240 0 -0 0.00099999999999989
0

0101000
+2319 3 -3667 3 *
Wi

0101100
-2224 0 +2318 0 +2221 0 -3664 0 *
Fa
0  1e-07 241 0

0101000
+2220 0 *
Ed
 1e-07 1 1 0
1  876 0 -0 0.00099999999999989
2  1751 240 0 -0 0.00099999999999989
2  1752 239 0 -0 0.00099999999999989
4 G1 240 0 239 0
0

0101000
+2317 3 -3669 3 *
Wi

0101100
+3666 0 -2218 0 -2316 0 +2221 0 *
Fa
0  1e-07 240 0

0101000
-2217 0 *
Ed
 1e-07 1 1 0
1  877 0 -0 0.00099999999999989
2  1753 239 0 -0 0.00099999999999989
2  1754 238 0 -0 0.00099999999999989
4 G1 239 0 238 0
0

0101000
+2315 3 -3671 3 *
Wi

0101100
-2218 0 +2314 0 +2215 0 -3668 0 *
Fa
0  1e-07 239 0

0101000
+2214 0 *
Ed
 1e-07 1 1 0
1  878 0 -0 0.00099999999999989
2  1755 238 0 -0 0.00099999999999989
2  1756 237 0 -0 0.00099999999999989
4 G1 238 0 237 0
0

0101000
+2313 3 -3673 3 *
Wi

0101100
-2215 0 +2312 0 +2212 0 -3670 0 *
Fa
0  1e-07 238 0

0101000
+2211 0 *
Ed
 1e-07 1 1 0
1  879 0 -0 0.00099999999999989
2  1757 237 0 -0 0.00099999999999989
2  1758 236 0 -0 0.00099999999999989
0

0101000
+2311 3 -3675 3 *
Wi

0101100
-2212 0 +2310 0 +2209 0 -3672 0 *
Fa
0  1e-07 237 0

0101000
+2208 0 *
Ed
 1e-07 1 1 0
1  880 0 -0 0.00099999999999989
2  1759 236 0 -0 0.00099999999999989
2  1760 235 0 -0 0.00099999999999989
0

0101000
+2309 3 -3677 3 *
Wi

0101100
+3674 0 -2206 0 -2308 0 +2209 0 *
Fa
0  1e-07 236 0

0101000
-2205 0 *
Ed
 1e-07 1 1 0
1  881 0 -0 0.00099999999999989
2  1761 235 0 -0 0.00099999999999989
2  1762 234 0 -0 0.00099999999999989
4 G1 235 0 234 0
0

0101000
+2307 3 -3679 3 *
Wi

0101100
-2206 0 +2306 0 +2203 0 -3676 0 *
Fa
0  1e-07 235 0

0101000
+2202 0 *
Wi

0101100
-2203 0 +2305 0 +2297 0 -3678 0 *
Fa
0  1e-07 234 0

0101000
+2200 0 *
Ve
1e-07
2.6792587491415 1.45680384356074 2.2
0 0

0101101
*
Ve
1e-07
2.6792587491415 1.56959088699327 2.2
0 0

0101101
*
Ed
 1e-07 1 1 0
1  882 0 0 2
2  1763 407 0 0 2
2  1764 409 0 0 2
0

0101000
+2198 3 -2197 3 *
Ed
 1e-07 1 1 0
1  883 0 -0 0.00099999999999989
2  1765 407 0 -0 0.00099999999999989
2  1766 408 0 -0 0.00099999999999989
4 G1 407 0 408 0
0

0101000
+2303 3 -2198 3 *
Ed
 1e-07 1 1 0
1  884 0 -0 0.00099999999999989
2  1767 407 0 -0 0.00099999999999989
2  1768 408 0 -0 0.00099999999999989
4 C2 407 0 408 0
0

0101000
+2302 3 -2197 3 *
Wi

0101100
-2196 0 -2195 0 +2301 0 +2194 0 *
Fa
0  1e-07 407 0

0101000
+2193 0 *
Ed
 1e-07 1 1 0
1  885 0 2 4
2  1769 408 0 2 4
2  1770 409 0 2 4
0

0101000
+2197 3 -2198 3 *
Wi

0101100
-2191 0 -2194 0 +2300 0 +2195 0 *
Fa
0  1e-07 408 0

0101000
+2190 0 *
Wi

0101100
+2191 0 +2196 0 *
Fa
0  1e-07 409 0

0101000
-2188 0 *
Ve
1e-07
-4.385 -3.4 0.2
0 0

0101101
*
Ve
1e-07
-4.385 -3.9 0.2
0 0

0101101
*
Ed
 1e-07 1 1 0
1  886 0 0 0.5
2  1771 410 0 0 0.5
2  1772 91 0 0 0.5
0

0101000
+2186 3 -2185 3 *
Ve
1e-07
-4.065 -3.9 0.2
0 0

0101101
*
Ed
 1e-07 1 1 0
1  887 0 -0 0.319999999999999
2  1773 410 0 -0 0.319999999999999
2  1774 411 0 -0 0.319999999999999
0

0101000
+2183 3 -2185 3 *
Ve
1e-07
-4.065 -3.4 0.2
0 0

0101101
*
Ed
 1e-07 1 1 0
1  888 0 0 0.5
2  1775 410 0 0 0.5
2  1776 89 0 0 0.5
0

0101000
+2181 3 -2183 3 *
Ed
 1e-07 1 1 0
1  889 0 -0 0.319999999999999
2  1777 410 0 -0 0.319999999999999
2  1778 412 0 -0 0.319999999999999
4 G1 410 0 412 0
0

0101000
+2181 3 -2186 3 *
Wi

0101100
+2184 0 -2182 0 -2180 0 +2179 0 *
Fa
0  1e-07 410 0

0101000
-2178 0 *
Ve
1e-07
-4.385 -3.9 -4.74338450462408e-16
0 0

0101101
*
Ed
 1e-07 1 1 0
1  890 0 0 0.2
2  1779 411 0 0 0.2
2  1780 91 0 0 0.2
0

0101000
+2176 3 -2185 3 *
Ve
1e-07
-4.065 -3.9 -4.74338450462408e-16
0 0

0101101
*
Ed
 1e-07 1 1 0
1  891 0 -0 0.319999999999999
2  1781 411 0 -0 0.319999999999999
2  1782 413 0 -0 0.319999999999999
0

0101000
+2174 3 -2176 3 *
Ed
 1e-07 1 1 0
1  892 0 0 0.2
2  1783 411 0 0 0.2
2  1784 89 0 0 0.2
0

0101000
+2174 3 -2183 3 *
Wi

0101100
-2175 0 -2173 0 +2172 0 +2182 0 *
Fa
0  1e-07 411 0

0101000
+2171 0 *
Ve
1e-07
-4.385 -3.4 -4.06575814682064e-16
0 0

0101101
*
Ed
 1e-07 1 1 0
1  893 0 0 0.5
2  1785 413 0 0 0.5
2  1786 91 0 0 0.5
0

0101000
+2169 3 -2176 3 *
Ve
1e-07
-4.065 -3.4 -4.06575814682064e-16
0 0

0101101
*
Ed
 1e-07 1 1 0
1  894 0 -0 0.319999999999999
2  1787 413 0 -0 0.319999999999999
2  1788 414 0 -0 0.319999999999999
4 G1 413 0 414 0
0

0101000
+2167 3 -2169 3 *
Ed
 1e-07 1 1 0
1  895 0 0 0.5
2  1789 413 0 0 0.5
2  1790 89 0 0 0.5
0

0101000
+2167 3 -2174 3 *
Wi

0101100
-2168 0 -2166 0 +2165 0 +2173 0 *
Fa
0  1e-07 413 0

0101000
+2164 0 *
Ve
1e-07
-4.385 -3.11022225211328 0.222354286469244
0 0

0101101
*
Ed
 1e-07 1 1 0
1  896 0 4.97418836818383 6.28318530717959
2  1791 414 0 4.97418836818383 6.28318530717959
2  1792 91 0 4.97418836818383 6.28318530717959
0

0101000
+2162 3 -2169 3 *
Ve
1e-07
-4.065 -3.11022225211328 0.222354286469244
0 0

0101101
*
Ed
 1e-07 1 1 0
1  897 0 -0 0.319999999999999
2  1793 414 0 -0 0.319999999999999
2  1794 415 0 -0 0.319999999999999
4 G1 414 0 415 0
0

0101000
+2160 3 -2162 3 *
Ed
 1e-07 1 1 0
1  898 0 4.97418836818383 6.28318530717959
2  1795 414 0 4.97418836818383 6.28318530717959
2  1796 89 0 4.97418836818383 6.28318530717959
0

0101000
+2160 3 -2167 3 *
Wi

0101100
-2161 0 -2159 0 +2158 0 +2166 0 *
Fa
0  1e-07 414 0

0101000
+2157 0 *
Ve
1e-07
-4.385 -2.89491767576309 1.02588190451025
0 0

0101101
*
Ed
 1e-07 1 1 0
1  899 0 0 0.831873003259506
2  1797 415 0 0 0.831873003259506
2  1798 91 0 0 0.831873003259506
0

0101000
+2155 3 -2162 3 *
Ve
1e-07
-4.065 -2.89491767576309 1.02588190451025
0 0

0101101
*
Ed
 1e-07 1 1 0
1  900 0 -0 0.319999999999999
2  1799 415 0 -0 0.319999999999999
2  1800 416 0 -0 0.319999999999999
4 G1 415 0 416 0
0

0101000
+2153 3 -2155 3 *
Ed
 1e-07 1 1 0
1  901 0 0 0.831873003259506
2  1801 415 0 0 0.831873003259506
2  1802 89 0 0 0.831873003259506
0

0101000
+2153 3 -2160 3 *
Wi

0101100
-2154 0 -2152 0 +2151 0 +2159 0 *
Fa
0  1e-07 415 0

0101000
+2150 0 *
Ve
1e-07
-4.065 -2.79832509313418 1.1
0 0

0101101
*
Ed
 1e-07 1 1 0
1  902 0 3.14159265358979 4.45058959258554
2  1803 416 0 3.14159265358979 4.45058959258554
2  1804 89 0 3.14159265358979 4.45058959258554
0

0101000
+2148 3 -2153 3 *
Ve
1e-07
-4.385 -2.79832509313418 1.1
0 0

0101101
*
Ed
 1e-07 1 1 0
1  903 0 -0 0.319999999999999
2  1805 416 0 -0 0.319999999999999
2  1806 298 0 -0 0.319999999999999
4 G1 416 0 298 0
0

0101000
+2148 3 -2146 3 *
Ed
 1e-07 1 1 0
1  904 0 3.14159265358979 4.45058959258554
2  1807 416 0 3.14159265358979 4.45058959258554
2  1808 91 0 3.14159265358979 4.45058959258554
0

0101000
+2146 3 -2155 3 *
Wi

0101100
-2152 0 -2147 0 +2145 0 +2144 0 *
Fa
0  1e-07 416 0

0101000
+2143 0 *
Ed
 1e-07 1 1 0
1  905 0 0 0.148325093134183
2  1809 298 0 0 0.148325093134183
2  1810 91 0 0 0.148325093134183
0

0101000
+3986 3 -2146 3 *
Ed
 1e-07 1 1 0
1  906 0 -0 0.148325093134183
2  1811 298 0 -0 0.148325093134183
2  1812 89 0 -0 0.148325093134183
0

0101000
+3992 3 -2148 3 *
Wi

0101100
-2141 0 -3542 0 +2140 0 +2145 0 *
Fa
0  1e-07 298 0

0101000
+2139 0 *
Ve
1e-07
-4.385 -2.79832509313418 1.3
0 0

0101101
*
Ed
 1e-07 1 1 0
1  907 0 -0 0.148325093134184
2  1813 333 0 -0 0.148325093134184
2  1814 91 0 -0 0.148325093134184
0

0101000
+3987 3 -2137 3 *
Ve
1e-07
-4.065 -2.79832509313418 1.3
0 0

0101101
*
Ed
 1e-07 1 1 0
1  908 0 -0 0.319999999999999
2  1815 333 0 -0 0.319999999999999
2  1816 417 0 -0 0.319999999999999
4 G1 333 0 417 0
0

0101000
+2135 3 -2137 3 *
Ed
 1e-07 1 1 0
1  909 0 0 0.148325093134184
2  1817 333 0 0 0.148325093134184
2  1818 89 0 0 0.148325093134184
0

0101000
+3994 3 -2135 3 *
Wi

0101100
+2136 0 -2134 0 -2133 0 +3436 0 *
Fa
0  1e-07 333 0

0101000
-2132 0 *
Ve
1e-07
-4.385 -3.0881028410209 1.07764571353076
0 0

0101101
*
Ed
 1e-07 1 1 0
1  910 0 3.14159265358979 4.45058959258554
2  1819 417 0 3.14159265358979 4.45058959258554
2  1820 91 0 3.14159265358979 4.45058959258554
0

0101000
+2137 3 -2130 3 *
Ve
1e-07
-4.065 -3.0881028410209 1.07764571353076
0 0

0101101
*
Ed
 1e-07 1 1 0
1  911 0 -0 0.319999999999999
2  1821 417 0 -0 0.319999999999999
2  1822 418 0 -0 0.319999999999999
4 G1 417 0 418 0
0

0101000
+2128 3 -2130 3 *
Ed
 1e-07 1 1 0
1  912 0 3.14159265358979 4.45058959258554
2  1823 417 0 3.14159265358979 4.45058959258554
2  1824 89 0 3.14159265358979 4.45058959258554
0

0101000
+2135 3 -2128 3 *
Wi

0101100
+2129 0 -2127 0 -2126 0 +2134 0 *
Fa
0  1e-07 417 0

0101000
+2125 0 *
Ve
1e-07
-4.385 -3.30340741737109 0.274118095489748
0 0

0101101
*
Ed
 1e-07 1 1 0
1  913 0 0 0.831873003259506
2  1825 418 0 0 0.831873003259506
2  1826 91 0 0 0.831873003259506
0

0101000
+2130 3 -2123 3 *
Ve
1e-07
-4.065 -3.30340741737109 0.274118095489748
0 0

0101101
*
Ed
 1e-07 1 1 0
1  914 0 -0 0.319999999999999
2  1827 418 0 -0 0.319999999999999
2  1828 412 0 -0 0.319999999999999
4 G1 418 0 412 0
0

0101000
+2121 3 -2123 3 *
Ed
 1e-07 1 1 0
1  915 0 0 0.831873003259506
2  1829 418 0 0 0.831873003259506
2  1830 89 0 0 0.831873003259506
0

0101000
+2128 3 -2121 3 *
Wi

0101100
+2122 0 -2120 0 -2119 0 +2127 0 *
Fa
0  1e-07 418 0

0101000
-2118 0 *
Ed
 1e-07 1 1 0
1  916 0 4.97418836818383 6.28318530717959
2  1831 412 0 4.97418836818383 6.28318530717959
2  1832 89 0 4.97418836818383 6.28318530717959
0

0101000
+2121 3 -2181 3 *
Ed
 1e-07 1 1 0
1  917 0 4.97418836818383 6.28318530717959
2  1833 412 0 4.97418836818383 6.28318530717959
2  1834 91 0 4.97418836818383 6.28318530717959
0

0101000
+2123 3 -2186 3 *
Wi

0101100
-2120 0 +2116 0 +2179 0 -2115 0 *
Fa
0  1e-07 412 0

0101000
+2114 0 *
Wi

0101100
+2180 0 -2172 0 -2165 0 -2158 0 -2151 0 -2147 0 -2140 0 -3991 0 +2133 0 +2126 0 
+2119 0 +2116 0 *
Fa
0  1e-07 89 0

0101000
+2112 0 *
Wi

0101100
-2184 0 -2115 0 -2122 0 -2129 0 -2136 0 +3985 0 +2141 0 +2144 0 +2154 0 +2161 0 
+2168 0 +2175 0 *
Fa
0  1e-07 91 0

0101000
-2110 0 *
Ve
1e-07
-3.735 -3.4 0.2
0 0

0101101
*
Ve
1e-07
-3.735 -3.9 0.2
0 0

0101101
*
Ed
 1e-07 1 1 0
1  918 0 0 0.5
2  1835 419 0 0 0.5
2  1836 88 0 0 0.5
0

0101000
+2108 3 -2107 3 *
Ve
1e-07
-3.415 -3.9 0.2
0 0

0101101
*
Ed
 1e-07 1 1 0
1  919 0 -0 0.32
2  1837 419 0 -0 0.32
2  1838 420 0 -0 0.32
0

0101000
+2105 3 -2107 3 *
Ve
1e-07
-3.415 -3.4 0.2
0 0

0101101
*
Ed
 1e-07 1 1 0
1  920 0 0 0.5
2  1839 419 0 0 0.5
2  1840 86 0 0 0.5
0

0101000
+2103 3 -2105 3 *
Ed
 1e-07 1 1 0
1  921 0 -0 0.32
2  1841 419 0 -0 0.32
2  1842 421 0 -0 0.32
4 G1 419 0 421 0
0

0101000
+2103 3 -2108 3 *
Wi

0101100
+2106 0 -2104 0 -2102 0 +2101 0 *
Fa
0  1e-07 419 0

0101000
-2100 0 *
Ve
1e-07
-3.735 -3.9 -4.74338450462408e-16
0 0

0101101
*
Ed
 1e-07 1 1 0
1  922 0 0 0.2
2  1843 420 0 0 0.2
2  1844 88 0 0 0.2
0

0101000
+2098 3 -2107 3 *
Ve
1e-07
-3.415 -3.9 -4.74338450462408e-16
0 0

0101101
*
Ed
 1e-07 1 1 0
1  923 0 -0 0.32
2  1845 420 0 -0 0.32
2  1846 422 0 -0 0.32
0

0101000
+2096 3 -2098 3 *
Ed
 1e-07 1 1 0
1  924 0 0 0.2
2  1847 420 0 0 0.2
2  1848 86 0 0 0.2
0

0101000
+2096 3 -2105 3 *
Wi

0101100
-2097 0 -2095 0 +2094 0 +2104 0 *
Fa
0  1e-07 420 0

0101000
+2093 0 *
Ve
1e-07
-3.735 -3.4 -4.06575814682064e-16
0 0

0101101
*
Ed
 1e-07 1 1 0
1  925 0 0 0.5
2  1849 422 0 0 0.5
2  1850 88 0 0 0.5
0

0101000
+2091 3 -2098 3 *
Ve
1e-07
-3.415 -3.4 -4.06575814682064e-16
0 0

0101101
*
Ed
 1e-07 1 1 0
1  926 0 -0 0.32
2  1851 422 0 -0 0.32
2  1852 423 0 -0 0.32
4 G1 422 0 423 0
0

0101000
+2089 3 -2091 3 *
Ed
 1e-07 1 1 0
1  927 0 0 0.5
2  1853 422 0 0 0.5
2  1854 86 0 0 0.5
0

0101000
+2089 3 -2096 3 *
Wi

0101100
-2090 0 -2088 0 +2087 0 +2095 0 *
Fa
0  1e-07 422 0

0101000
+2086 0 *
Ve
1e-07
-3.735 -3.11022225211328 0.222354286469244
0 0

0101101
*
Ed
 1e-07 1 1 0
1  928 0 4.97418836818383 6.28318530717959
2  1855 423 0 4.97418836818383 6.28318530717959
2  1856 88 0 4.97418836818383 6.28318530717959
0

0101000
+2084 3 -2091 3 *
Ve
1e-07
-3.415 -3.11022225211328 0.222354286469244
0 0

0101101
*
Ed
 1e-07 1 1 0
1  929 0 -0 0.32
2  1857 423 0 -0 0.32
2  1858 424 0 -0 0.32
4 G1 423 0 424 0
0

0101000
+2082 3 -2084 3 *
Ed
 1e-07 1 1 0
1  930 0 4.97418836818383 6.28318530717959
2  1859 423 0 4.97418836818383 6.28318530717959
2  1860 86 0 4.97418836818383 6.28318530717959
0

0101000
+2082 3 -2089 3 *
Wi

0101100
-2083 0 -2081 0 +2080 0 +2088 0 *
Fa
0  1e-07 423 0

0101000
+2079 0 *
Ve
1e-07
-3.735 -2.89491767576309 1.02588190451025
0 0

0101101
*
Ed
 1e-07 1 1 0
1  931 0 0 0.831873003259506
2  1861 424 0 0 0.831873003259506
2  1862 88 0 0 0.831873003259506
0

0101000
+2077 3 -2084 3 *
Ve
1e-07
-3.415 -2.89491767576309 1.02588190451025
0 0

0101101
*
Ed
 1e-07 1 1 0
1  932 0 -0 0.32
2  1863 424 0 -0 0.32
2  1864 425 0 -0 0.32
4 G1 424 0 425 0
0

0101000
+2075 3 -2077 3 *
Ed
 1e-07 1 1 0
1  933 0 0 0.831873003259506
2  1865 424 0 0 0.831873003259506
2  1866 86 0 0 0.831873003259506
0

0101000
+2075 3 -2082 3 *
Wi

0101100
-2076 0 -2074 0 +2073 0 +2081 0 *
Fa
0  1e-07 424 0

0101000
+2072 0 *
Ve
1e-07
-3.415 -2.79832509313418 1.1
0 0

0101101
*
Ed
 1e-07 1 1 0
1  934 0 3.14159265358979 4.45058959258554
2  1867 425 0 3.14159265358979 4.45058959258554
2  1868 86 0 3.14159265358979 4.45058959258554
0

0101000
+2070 3 -2075 3 *
Ve
1e-07
-3.735 -2.79832509313418 1.1
0 0

0101101
*
Ed
 1e-07 1 1 0
1  935 0 -0 0.32
2  1869 425 0 -0 0.32
2  1870 297 0 -0 0.32
4 G1 425 0 297 0
0

0101000
+2070 3 -2068 3 *
Ed
 1e-07 1 1 0
1  936 0 3.14159265358979 4.45058959258554
2  1871 425 0 3.14159265358979 4.45058959258554
2  1872 88 0 3.14159265358979 4.45058959258554
0

0101000
+2068 3 -2077 3 *
Wi

0101100
-2074 0 -2069 0 +2067 0 +2066 0 *
Fa
0  1e-07 425 0

0101000
+2065 0 *
Ed
 1e-07 1 1 0
1  937 0 -0 0.148325093134183
2  1873 297 0 -0 0.148325093134183
2  1874 88 0 -0 0.148325093134183
0

0101000
+3996 3 -2068 3 *
Ed
 1e-07 1 1 0
1  938 0 -0 0.148325093134183
2  1875 297 0 -0 0.148325093134183
2  1876 86 0 -0 0.148325093134183
0

0101000
+4002 3 -2070 3 *
Wi

0101100
-2063 0 -3543 0 +2062 0 +2067 0 *
Fa
0  1e-07 297 0

0101000
+2061 0 *
Ve
1e-07
-3.735 -2.79832509313418 1.3
0 0

0101101
*
Ed
 1e-07 1 1 0
1  939 0 -0 0.148325093134184
2  1877 334 0 -0 0.148325093134184
2  1878 88 0 -0 0.148325093134184
0

0101000
+3997 3 -2059 3 *
Ve
1e-07
-3.415 -2.79832509313418 1.3
0 0

0101101
*
Ed
 1e-07 1 1 0
1  940 0 -0 0.32
2  1879 334 0 -0 0.32
2  1880 426 0 -0 0.32
4 G1 334 0 426 0
0

0101000
+2057 3 -2059 3 *
Ed
 1e-07 1 1 0
1  941 0 0 0.148325093134184
2  1881 334 0 0 0.148325093134184
2  1882 86 0 0 0.148325093134184
0

0101000
+4004 3 -2057 3 *
Wi

0101100
+2058 0 -2056 0 -2055 0 +3435 0 *
Fa
0  1e-07 334 0

0101000
-2054 0 *
Ve
1e-07
-3.735 -3.0881028410209 1.07764571353076
0 0

0101101
*
Ed
 1e-07 1 1 0
1  942 0 3.14159265358979 4.45058959258554
2  1883 426 0 3.14159265358979 4.45058959258554
2  1884 88 0 3.14159265358979 4.45058959258554
0

0101000
+2059 3 -2052 3 *
Ve
1e-07
-3.415 -3.0881028410209 1.07764571353076
0 0

0101101
*
Ed
 1e-07 1 1 0
1  943 0 -0 0.32
2  1885 426 0 -0 0.32
2  1886 427 0 -0 0.32
4 G1 426 0 427 0
0

0101000
+2050 3 -2052 3 *
Ed
 1e-07 1 1 0
1  944 0 3.14159265358979 4.45058959258554
2  1887 426 0 3.14159265358979 4.45058959258554
2  1888 86 0 3.14159265358979 4.45058959258554
0

0101000
+2057 3 -2050 3 *
Wi

0101100
+2051 0 -2049 0 -2048 0 +2056 0 *
Fa
0  1e-07 426 0

0101000
+2047 0 *
Ve
1e-07
-3.735 -3.30340741737109 0.274118095489748
0 0

0101101
*
Ed
 1e-07 1 1 0
1  945 0 0 0.831873003259506
2  1889 427 0 0 0.831873003259506
2  1890 88 0 0 0.831873003259506
0

0101000
+2052 3 -2045 3 *
Ve
1e-07
-3.415 -3.30340741737109 0.274118095489748
0 0

0101101
*
Ed
 1e-07 1 1 0
1  946 0 -0 0.32
2  1891 427 0 -0 0.32
2  1892 421 0 -0 0.32
4 G1 427 0 421 0
0

0101000
+2043 3 -2045 3 *
Ed
 1e-07 1 1 0
1  947 0 0 0.831873003259506
2  1893 427 0 0 0.831873003259506
2  1894 86 0 0 0.831873003259506
0

0101000
+2050 3 -2043 3 *
Wi

0101100
+2044 0 -2042 0 -2041 0 +2049 0 *
Fa
0  1e-07 427 0

0101000
-2040 0 *
Ed
 1e-07 1 1 0
1  948 0 4.97418836818383 6.28318530717959
2  1895 421 0 4.97418836818383 6.28318530717959
2  1896 86 0 4.97418836818383 6.28318530717959
0

0101000
+2043 3 -2103 3 *
Ed
 1e-07 1 1 0
1  949 0 4.97418836818383 6.28318530717959
2  1897 421 0 4.97418836818383 6.28318530717959
2  1898 88 0 4.97418836818383 6.28318530717959
0

0101000
+2045 3 -2108 3 *
Wi

0101100
-2042 0 +2038 0 +2101 0 -2037 0 *
Fa
0  1e-07 421 0

0101000
+2036 0 *
Wi

0101100
+2102 0 -2094 0 -2087 0 -2080 0 -2073 0 -2069 0 -2062 0 -4001 0 +2055 0 +2048 0 
+2041 0 +2038 0 *
Fa
0  1e-07 86 0

0101000
+2034 0 *
Wi

0101100
-2106 0 -2037 0 -2044 0 -2051 0 -2058 0 +3995 0 +2063 0 +2066 0 +2076 0 +2083 0 
+2090 0 +2097 0 *
Fa
0  1e-07 88 0

0101000
-2032 0 *
Ve
1e-07
-3.085 -3.4 0.2
0 0

0101101
*
Ve
1e-07
-3.085 -3.9 0.2
0 0

0101101
*
Ed
 1e-07 1 1 0
1  950 0 0 0.5
2  1899 428 0 0 0.5
2  1900 85 0 0 0.5
0

0101000
+2030 3 -2029 3 *
Ve
1e-07
-2.765 -3.9 0.2
0 0

0101101
*
Ed
 1e-07 1 1 0
1  951 0 -0 0.32
2  1901 428 0 -0 0.32
2  1902 429 0 -0 0.32
0

0101000
+2027 3 -2029 3 *
Ve
1e-07
-2.765 -3.4 0.2
0 0

0101101
*
Ed
 1e-07 1 1 0
1  952 0 0 0.5
2  1903 428 0 0 0.5
2  1904 83 0 0 0.5
0

0101000
+2025 3 -2027 3 *
Ed
 1e-07 1 1 0
1  953 0 -0 0.32
2  1905 428 0 -0 0.32
2  1906 430 0 -0 0.32
4 G1 428 0 430 0
0

0101000
+2025 3 -2030 3 *
Wi

0101100
+2028 0 -2026 0 -2024 0 +2023 0 *
Fa
0  1e-07 428 0

0101000
-2022 0 *
Ve
1e-07
-3.085 -3.9 -4.74338450462408e-16
0 0

0101101
*
Ed
 1e-07 1 1 0
1  954 0 0 0.2
2  1907 429 0 0 0.2
2  1908 85 0 0 0.2
0

0101000
+2020 3 -2029 3 *
Ve
1e-07
-2.765 -3.9 -4.74338450462408e-16
0 0

0101101
*
Ed
 1e-07 1 1 0
1  955 0 -0 0.32
2  1909 429 0 -0 0.32
2  1910 431 0 -0 0.32
0

0101000
+2018 3 -2020 3 *
Ed
 1e-07 1 1 0
1  956 0 0 0.2
2  1911 429 0 0 0.2
2  1912 83 0 0 0.2
0

0101000
+2018 3 -2027 3 *
Wi

0101100
-2019 0 -2017 0 +2016 0 +2026 0 *
Fa
0  1e-07 429 0

0101000
+2015 0 *
Ve
1e-07
-3.085 -3.4 -4.06575814682064e-16
0 0

0101101
*
Ed
 1e-07 1 1 0
1  957 0 0 0.5
2  1913 431 0 0 0.5
2  1914 85 0 0 0.5
0

0101000
+2013 3 -2020 3 *
Ve
1e-07
-2.765 -3.4 -4.06575814682064e-16
0 0

0101101
*
Ed
 1e-07 1 1 0
1  958 0 -0 0.32
2  1915 431 0 -0 0.32
2  1916 432 0 -0 0.32
4 G1 431 0 432 0
0

0101000
+2011 3 -2013 3 *
Ed
 1e-07 1 1 0
1  959 0 0 0.5
2  1917 431 0 0 0.5
2  1918 83 0 0 0.5
0

0101000
+2011 3 -2018 3 *
Wi

0101100
-2012 0 -2010 0 +2009 0 +2017 0 *
Fa
0  1e-07 431 0

0101000
+2008 0 *
Ve
1e-07
-3.085 -3.11022225211328 0.222354286469244
0 0

0101101
*
Ed
 1e-07 1 1 0
1  960 0 4.97418836818383 6.28318530717959
2  1919 432 0 4.97418836818383 6.28318530717959
2  1920 85 0 4.97418836818383 6.28318530717959
0

0101000
+2006 3 -2013 3 *
Ve
1e-07
-2.765 -3.11022225211328 0.222354286469244
0 0

0101101
*
Ed
 1e-07 1 1 0
1  961 0 -0 0.32
2  1921 432 0 -0 0.32
2  1922 433 0 -0 0.32
4 G1 432 0 433 0
0

0101000
+2004 3 -2006 3 *
Ed
 1e-07 1 1 0
1  962 0 4.97418836818383 6.28318530717959
2  1923 432 0 4.97418836818383 6.28318530717959
2  1924 83 0 4.97418836818383 6.28318530717959
0

0101000
+2004 3 -2011 3 *
Wi

0101100
-2005 0 -2003 0 +2002 0 +2010 0 *
Fa
0  1e-07 432 0

0101000
+2001 0 *
Ve
1e-07
-3.085 -2.89491767576309 1.02588190451025
0 0

0101101
*
Ed
 1e-07 1 1 0
1  963 0 0 0.831873003259506
2  1925 433 0 0 0.831873003259506
2  1926 85 0 0 0.831873003259506
0

0101000
+1999 3 -2006 3 *
Ve
1e-07
-2.765 -2.89491767576309 1.02588190451025
0 0

0101101
*
Ed
 1e-07 1 1 0
1  964 0 -0 0.32
2  1927 433 0 -0 0.32
2  1928 434 0 -0 0.32
4 G1 433 0 434 0
0

0101000
+1997 3 -1999 3 *
Ed
 1e-07 1 1 0
1  965 0 0 0.831873003259506
2  1929 433 0 0 0.831873003259506
2  1930 83 0 0 0.831873003259506
0

0101000
+1997 3 -2004 3 *
Wi

0101100
-1998 0 -1996 0 +1995 0 +2003 0 *
Fa
0  1e-07 433 0

0101000
+1994 0 *
Ve
1e-07
-2.765 -2.79832509313418 1.1
0 0

0101101
*
Ed
 1e-07 1 1 0
1  966 0 3.14159265358979 4.45058959258554
2  1931 434 0 3.14159265358979 4.45058959258554
2  1932 83 0 3.14159265358979 4.45058959258554
0

0101000
+1992 3 -1997 3 *
Ve
1e-07
-3.085 -2.79832509313418 1.1
0 0

0101101
*
Ed
 1e-07 1 1 0
1  967 0 -0 0.32
2  1933 434 0 -0 0.32
2  1934 296 0 -0 0.32
4 G1 434 0 296 0
0

0101000
+1992 3 -1990 3 *
Ed
 1e-07 1 1 0
1  968 0 3.14159265358979 4.45058959258554
2  1935 434 0 3.14159265358979 4.45058959258554
2  1936 85 0 3.14159265358979 4.45058959258554
0

0101000
+1990 3 -1999 3 *
Wi

0101100
-1996 0 -1991 0 +1989 0 +1988 0 *
Fa
0  1e-07 434 0

0101000
+1987 0 *
Ed
 1e-07 1 1 0
1  969 0 0 0.148325093134183
2  1937 296 0 0 0.148325093134183
2  1938 85 0 0 0.148325093134183
0

0101000
+4006 3 -1990 3 *
Ed
 1e-07 1 1 0
1  970 0 -0 0.148325093134183
2  1939 296 0 -0 0.148325093134183
2  1940 83 0 -0 0.148325093134183
0

0101000
+4012 3 -1992 3 *
Wi

0101100
-1985 0 -3544 0 +1984 0 +1989 0 *
Fa
0  1e-07 296 0

0101000
+1983 0 *
Ve
1e-07
-3.085 -2.79832509313418 1.3
0 0

0101101
*
Ed
 1e-07 1 1 0
1  971 0 -0 0.148325093134184
2  1941 335 0 -0 0.148325093134184
2  1942 85 0 -0 0.148325093134184
0

0101000
+4007 3 -1981 3 *
Ve
1e-07
-2.765 -2.79832509313418 1.3
0 0

0101101
*
Ed
 1e-07 1 1 0
1  972 0 -0 0.32
2  1943 335 0 -0 0.32
2  1944 435 0 -0 0.32
4 G1 335 0 435 0
0

0101000
+1979 3 -1981 3 *
Ed
 1e-07 1 1 0
1  973 0 0 0.148325093134184
2  1945 335 0 0 0.148325093134184
2  1946 83 0 0 0.148325093134184
0

0101000
+4014 3 -1979 3 *
Wi

0101100
+1980 0 -1978 0 -1977 0 +3434 0 *
Fa
0  1e-07 335 0

0101000
-1976 0 *
Ve
1e-07
-3.085 -3.0881028410209 1.07764571353076
0 0

0101101
*
Ed
 1e-07 1 1 0
1  974 0 3.14159265358979 4.45058959258554
2  1947 435 0 3.14159265358979 4.45058959258554
2  1948 85 0 3.14159265358979 4.45058959258554
0

0101000
+1981 3 -1974 3 *
Ve
1e-07
-2.765 -3.0881028410209 1.07764571353076
0 0

0101101
*
Ed
 1e-07 1 1 0
1  975 0 -0 0.32
2  1949 435 0 -0 0.32
2  1950 436 0 -0 0.32
4 G1 435 0 436 0
0

0101000
+1972 3 -1974 3 *
Ed
 1e-07 1 1 0
1  976 0 3.14159265358979 4.45058959258554
2  1951 435 0 3.14159265358979 4.45058959258554
2  1952 83 0 3.14159265358979 4.45058959258554
0

0101000
+1979 3 -1972 3 *
Wi

0101100
+1973 0 -1971 0 -1970 0 +1978 0 *
Fa
0  1e-07 435 0

0101000
+1969 0 *
Ve
1e-07
-3.085 -3.30340741737109 0.274118095489748
0 0

0101101
*
Ed
 1e-07 1 1 0
1  977 0 0 0.831873003259506
2  1953 436 0 0 0.831873003259506
2  1954 85 0 0 0.831873003259506
0

0101000
+1974 3 -1967 3 *
Ve
1e-07
-2.765 -3.30340741737109 0.274118095489748
0 0

0101101
*
Ed
 1e-07 1 1 0
1  978 0 -0 0.32
2  1955 436 0 -0 0.32
2  1956 430 0 -0 0.32
4 G1 436 0 430 0
0

0101000
+1965 3 -1967 3 *
Ed
 1e-07 1 1 0
1  979 0 0 0.831873003259506
2  1957 436 0 0 0.831873003259506
2  1958 83 0 0 0.831873003259506
0

0101000
+1972 3 -1965 3 *
Wi

0101100
+1966 0 -1964 0 -1963 0 +1971 0 *
Fa
0  1e-07 436 0

0101000
-1962 0 *
Ed
 1e-07 1 1 0
1  980 0 4.97418836818383 6.28318530717959
2  1959 430 0 4.97418836818383 6.28318530717959
2  1960 83 0 4.97418836818383 6.28318530717959
0

0101000
+1965 3 -2025 3 *
Ed
 1e-07 1 1 0
1  981 0 4.97418836818383 6.28318530717959
2  1961 430 0 4.97418836818383 6.28318530717959
2  1962 85 0 4.97418836818383 6.28318530717959
0

0101000
+1967 3 -2030 3 *
Wi

0101100
-1964 0 +1960 0 +2023 0 -1959 0 *
Fa
0  1e-07 430 0

0101000
+1958 0 *
Wi

0101100
+2024 0 -2016 0 -2009 0 -2002 0 -1995 0 -1991 0 -1984 0 -4011 0 +1977 0 +1970 0 
+1963 0 +1960 0 *
Fa
0  1e-07 83 0

0101000
+1956 0 *
Wi

0101100
-2028 0 -1959 0 -1966 0 -1973 0 -1980 0 +4005 0 +1985 0 +1988 0 +1998 0 +2005 0 
+2012 0 +2019 0 *
Fa
0  1e-07 85 0

0101000
-1954 0 *
Ve
1e-07
-2.435 -3.4 0.2
0 0

0101101
*
Ve
1e-07
-2.435 -3.9 0.2
0 0

0101101
*
Ed
 1e-07 1 1 0
1  982 0 0 0.5
2  1963 437 0 0 0.5
2  1964 82 0 0 0.5
0

0101000
+1952 3 -1951 3 *
Ve
1e-07
-2.115 -3.9 0.2
0 0

0101101
*
Ed
 1e-07 1 1 0
1  983 0 -0 0.32
2  1965 437 0 -0 0.32
2  1966 438 0 -0 0.32
0

0101000
+1949 3 -1951 3 *
Ve
1e-07
-2.115 -3.4 0.2
0 0

0101101
*
Ed
 1e-07 1 1 0
1  984 0 0 0.5
2  1967 437 0 0 0.5
2  1968 80 0 0 0.5
0

0101000
+1947 3 -1949 3 *
Ed
 1e-07 1 1 0
1  985 0 -0 0.32
2  1969 437 0 -0 0.32
2  1970 439 0 -0 0.32
4 G1 437 0 439 0
0

0101000
+1947 3 -1952 3 *
Wi

0101100
+1950 0 -1948 0 -1946 0 +1945 0 *
Fa
0  1e-07 437 0

0101000
-1944 0 *
Ve
1e-07
-2.435 -3.9 -4.74338450462408e-16
0 0

0101101
*
Ed
 1e-07 1 1 0
1  986 0 0 0.2
2  1971 438 0 0 0.2
2  1972 82 0 0 0.2
0

0101000
+1942 3 -1951 3 *
Ve
1e-07
-2.115 -3.9 -4.74338450462408e-16
0 0

0101101
*
Ed
 1e-07 1 1 0
1  987 0 -0 0.32
2  1973 438 0 -0 0.32
2  1974 440 0 -0 0.32
0

0101000
+1940 3 -1942 3 *
Ed
 1e-07 1 1 0
1  988 0 0 0.2
2  1975 438 0 0 0.2
2  1976 80 0 0 0.2
0

0101000
+1940 3 -1949 3 *
Wi

0101100
-1941 0 -1939 0 +1938 0 +1948 0 *
Fa
0  1e-07 438 0

0101000
+1937 0 *
Ve
1e-07
-2.435 -3.4 -4.06575814682064e-16
0 0

0101101
*
Ed
 1e-07 1 1 0
1  989 0 0 0.5
2  1977 440 0 0 0.5
2  1978 82 0 0 0.5
0

0101000
+1935 3 -1942 3 *
Ve
1e-07
-2.115 -3.4 -4.06575814682064e-16
0 0

0101101
*
Ed
 1e-07 1 1 0
1  990 0 -0 0.32
2  1979 440 0 -0 0.32
2  1980 441 0 -0 0.32
4 G1 440 0 441 0
0

0101000
+1933 3 -1935 3 *
Ed
 1e-07 1 1 0
1  991 0 0 0.5
2  1981 440 0 0 0.5
2  1982 80 0 0 0.5
0

0101000
+1933 3 -1940 3 *
Wi

0101100
-1934 0 -1932 0 +1931 0 +1939 0 *
Fa
0  1e-07 440 0

0101000
+1930 0 *
Ve
1e-07
-2.435 -3.11022225211328 0.222354286469244
0 0

0101101
*
Ed
 1e-07 1 1 0
1  992 0 4.97418836818383 6.28318530717959
2  1983 441 0 4.97418836818383 6.28318530717959
2  1984 82 0 4.97418836818383 6.28318530717959
0

0101000
+1928 3 -1935 3 *
Ve
1e-07
-2.115 -3.11022225211328 0.222354286469244
0 0

0101101
*
Ed
 1e-07 1 1 0
1  993 0 -0 0.32
2  1985 441 0 -0 0.32
2  1986 442 0 -0 0.32
4 G1 441 0 442 0
0

0101000
+1926 3 -1928 3 *
Ed
 1e-07 1 1 0
1  994 0 4.97418836818383 6.28318530717959
2  1987 441 0 4.97418836818383 6.28318530717959
2  1988 80 0 4.97418836818383 6.28318530717959
0

0101000
+1926 3 -1933 3 *
Wi

0101100
-1927 0 -1925 0 +1924 0 +1932 0 *
Fa
0  1e-07 441 0

0101000
+1923 0 *
Ve
1e-07
-2.435 -2.89491767576309 1.02588190451025
0 0

0101101
*
Ed
 1e-07 1 1 0
1  995 0 0 0.831873003259506
2  1989 442 0 0 0.831873003259506
2  1990 82 0 0 0.831873003259506
0

0101000
+1921 3 -1928 3 *
Ve
1e-07
-2.115 -2.89491767576309 1.02588190451025
0 0

0101101
*
Ed
 1e-07 1 1 0
1  996 0 -0 0.32
2  1991 442 0 -0 0.32
2  1992 443 0 -0 0.32
4 G1 442 0 443 0
0

0101000
+1919 3 -1921 3 *
Ed
 1e-07 1 1 0
1  997 0 0 0.831873003259506
2  1993 442 0 0 0.831873003259506
2  1994 80 0 0 0.831873003259506
0

0101000
+1919 3 -1926 3 *
Wi

0101100
-1920 0 -1918 0 +1917 0 +1925 0 *
Fa
0  1e-07 442 0

0101000
+1916 0 *
Ve
1e-07
-2.115 -2.79832509313418 1.1
0 0

0101101
*
Ed
 1e-07 1 1 0
1  998 0 3.14159265358979 4.45058959258554
2  1995 443 0 3.14159265358979 4.45058959258554
2  1996 80 0 3.14159265358979 4.45058959258554
0

0101000
+1914 3 -1919 3 *
Ve
1e-07
-2.435 -2.79832509313418 1.1
0 0

0101101
*
Ed
 1e-07 1 1 0
1  999 0 -0 0.32
2  1997 443 0 -0 0.32
2  1998 295 0 -0 0.32
4 G1 443 0 295 0
0

0101000
+1914 3 -1912 3 *
Ed
 1e-07 1 1 0
1  1000 0 3.14159265358979 4.45058959258554
2  1999 443 0 3.14159265358979 4.45058959258554
2  2000 82 0 3.14159265358979 4.45058959258554
0

0101000
+1912 3 -1921 3 *
Wi

0101100
-1918 0 -1913 0 +1911 0 +1910 0 *
Fa
0  1e-07 443 0

0101000
+1909 0 *
Ed
 1e-07 1 1 0
1  1001 0 -0 0.148325093134183
2  2001 295 0 -0 0.148325093134183
2  2002 82 0 -0 0.148325093134183
0

0101000
+4016 3 -1912 3 *
Ed
 1e-07 1 1 0
1  1002 0 -0 0.148325093134183
2  2003 295 0 -0 0.148325093134183
2  2004 80 0 -0 0.148325093134183
0

0101000
+4022 3 -1914 3 *
Wi

0101100
-1907 0 -3545 0 +1906 0 +1911 0 *
Fa
0  1e-07 295 0

0101000
+1905 0 *
Ve
1e-07
-2.435 -2.79832509313418 1.3
0 0

0101101
*
Ed
 1e-07 1 1 0
1  1003 0 -0 0.148325093134184
2  2005 336 0 -0 0.148325093134184
2  2006 82 0 -0 0.148325093134184
0

0101000
+4017 3 -1903 3 *
Ve
1e-07
-2.115 -2.79832509313418 1.3
0 0

0101101
*
Ed
 1e-07 1 1 0
1  1004 0 -0 0.32
2  2007 336 0 -0 0.32
2  2008 444 0 -0 0.32
4 G1 336 0 444 0
0

0101000
+1901 3 -1903 3 *
Ed
 1e-07 1 1 0
1  1005 0 0 0.148325093134184
2  2009 336 0 0 0.148325093134184
2  2010 80 0 0 0.148325093134184
0

0101000
+4024 3 -1901 3 *
Wi

0101100
+1902 0 -1900 0 -1899 0 +3433 0 *
Fa
0  1e-07 336 0

0101000
-1898 0 *
Ve
1e-07
-2.435 -3.0881028410209 1.07764571353076
0 0

0101101
*
Ed
 1e-07 1 1 0
1  1006 0 3.14159265358979 4.45058959258554
2  2011 444 0 3.14159265358979 4.45058959258554
2  2012 82 0 3.14159265358979 4.45058959258554
0

0101000
+1903 3 -1896 3 *
Ve
1e-07
-2.115 -3.0881028410209 1.07764571353076
0 0

0101101
*
Ed
 1e-07 1 1 0
1  1007 0 -0 0.32
2  2013 444 0 -0 0.32
2  2014 445 0 -0 0.32
4 G1 444 0 445 0
0

0101000
+1894 3 -1896 3 *
Ed
 1e-07 1 1 0
1  1008 0 3.14159265358979 4.45058959258554
2  2015 444 0 3.14159265358979 4.45058959258554
2  2016 80 0 3.14159265358979 4.45058959258554
0

0101000
+1901 3 -1894 3 *
Wi

0101100
+1895 0 -1893 0 -1892 0 +1900 0 *
Fa
0  1e-07 444 0

0101000
+1891 0 *
Ve
1e-07
-2.435 -3.30340741737109 0.274118095489748
0 0

0101101
*
Ed
 1e-07 1 1 0
1  1009 0 0 0.831873003259506
2  2017 445 0 0 0.831873003259506
2  2018 82 0 0 0.831873003259506
0

0101000
+1896 3 -1889 3 *
Ve
1e-07
-2.115 -3.30340741737109 0.274118095489748
0 0

0101101
*
Ed
 1e-07 1 1 0
1  1010 0 -0 0.32
2  2019 445 0 -0 0.32
2  2020 439 0 -0 0.32
4 G1 445 0 439 0
0

0101000
+1887 3 -1889 3 *
Ed
 1e-07 1 1 0
1  1011 0 0 0.831873003259506
2  2021 445 0 0 0.831873003259506
2  2022 80 0 0 0.831873003259506
0

0101000
+1894 3 -1887 3 *
Wi

0101100
+1888 0 -1886 0 -1885 0 +1893 0 *
Fa
0  1e-07 445 0

0101000
-1884 0 *
Ed
 1e-07 1 1 0
1  1012 0 4.97418836818383 6.28318530717959
2  2023 439 0 4.97418836818383 6.28318530717959
2  2024 80 0 4.97418836818383 6.28318530717959
0

0101000
+1887 3 -1947 3 *
Ed
 1e-07 1 1 0
1  1013 0 4.97418836818383 6.28318530717959
2  2025 439 0 4.97418836818383 6.28318530717959
2  2026 82 0 4.97418836818383 6.28318530717959
0

0101000
+1889 3 -1952 3 *
Wi

0101100
-1886 0 +1882 0 +1945 0 -1881 0 *
Fa
0  1e-07 439 0

0101000
+1880 0 *
Wi

0101100
+1946 0 -1938 0 -1931 0 -1924 0 -1917 0 -1913 0 -1906 0 -4021 0 +1899 0 +1892 0 
+1885 0 +1882 0 *
Fa
0  1e-07 80 0

0101000
+1878 0 *
Wi

0101100
-1950 0 -1881 0 -1888 0 -1895 0 -1902 0 +4015 0 +1907 0 +1910 0 +1920 0 +1927 0 
+1934 0 +1941 0 *
Fa
0  1e-07 82 0

0101000
-1876 0 *
Ve
1e-07
-1.785 -3.4 0.2
0 0

0101101
*
Ve
1e-07
-1.785 -3.9 0.2
0 0

0101101
*
Ed
 1e-07 1 1 0
1  1014 0 0 0.5
2  2027 446 0 0 0.5
2  2028 79 0 0 0.5
0

0101000
+1874 3 -1873 3 *
Ve
1e-07
-1.465 -3.9 0.2
0 0

0101101
*
Ed
 1e-07 1 1 0
1  1015 0 -0 0.32
2  2029 446 0 -0 0.32
2  2030 447 0 -0 0.32
0

0101000
+1871 3 -1873 3 *
Ve
1e-07
-1.465 -3.4 0.2
0 0

0101101
*
Ed
 1e-07 1 1 0
1  1016 0 0 0.5
2  2031 446 0 0 0.5
2  2032 77 0 0 0.5
0

0101000
+1869 3 -1871 3 *
Ed
 1e-07 1 1 0
1  1017 0 -0 0.32
2  2033 446 0 -0 0.32
2  2034 448 0 -0 0.32
4 G1 446 0 448 0
0

0101000
+1869 3 -1874 3 *
Wi

0101100
+1872 0 -1870 0 -1868 0 +1867 0 *
Fa
0  1e-07 446 0

0101000
-1866 0 *
Ve
1e-07
-1.785 -3.9 -4.74338450462408e-16
0 0

0101101
*
Ed
 1e-07 1 1 0
1  1018 0 0 0.2
2  2035 447 0 0 0.2
2  2036 79 0 0 0.2
0

0101000
+1864 3 -1873 3 *
Ve
1e-07
-1.465 -3.9 -4.74338450462408e-16
0 0

0101101
*
Ed
 1e-07 1 1 0
1  1019 0 -0 0.32
2  2037 447 0 -0 0.32
2  2038 449 0 -0 0.32
0

0101000
+1862 3 -1864 3 *
Ed
 1e-07 1 1 0
1  1020 0 0 0.2
2  2039 447 0 0 0.2
2  2040 77 0 0 0.2
0

0101000
+1862 3 -1871 3 *
Wi

0101100
-1863 0 -1861 0 +1860 0 +1870 0 *
Fa
0  1e-07 447 0

0101000
+1859 0 *
Ve
1e-07
-1.785 -3.4 -4.06575814682064e-16
0 0

0101101
*
Ed
 1e-07 1 1 0
1  1021 0 0 0.5
2  2041 449 0 0 0.5
2  2042 79 0 0 0.5
0

0101000
+1857 3 -1864 3 *
Ve
1e-07
-1.465 -3.4 -4.06575814682064e-16
0 0

0101101
*
Ed
 1e-07 1 1 0
1  1022 0 -0 0.32
2  2043 449 0 -0 0.32
2  2044 450 0 -0 0.32
4 G1 449 0 450 0
0

0101000
+1855 3 -1857 3 *
Ed
 1e-07 1 1 0
1  1023 0 0 0.5
2  2045 449 0 0 0.5
2  2046 77 0 0 0.5
0

0101000
+1855 3 -1862 3 *
Wi

0101100
-1856 0 -1854 0 +1853 0 +1861 0 *
Fa
0  1e-07 449 0

0101000
+1852 0 *
Ve
1e-07
-1.785 -3.11022225211328 0.222354286469244
0 0

0101101
*
Ed
 1e-07 1 1 0
1  1024 0 4.97418836818383 6.28318530717959
2  2047 450 0 4.97418836818383 6.28318530717959
2  2048 79 0 4.97418836818383 6.28318530717959
0

0101000
+1850 3 -1857 3 *
Ve
1e-07
-1.465 -3.11022225211328 0.222354286469244
0 0

0101101
*
Ed
 1e-07 1 1 0
1  1025 0 -0 0.32
2  2049 450 0 -0 0.32
2  2050 451 0 -0 0.32
4 G1 450 0 451 0
0

0101000
+1848 3 -1850 3 *
Ed
 1e-07 1 1 0
1  1026 0 4.97418836818383 6.28318530717959
2  2051 450 0 4.97418836818383 6.28318530717959
2  2052 77 0 4.97418836818383 6.28318530717959
0

0101000
+1848 3 -1855 3 *
Wi

0101100
-1849 0 -1847 0 +1846 0 +1854 0 *
Fa
0  1e-07 450 0

0101000
+1845 0 *
Ve
1e-07
-1.785 -2.89491767576309 1.02588190451025
0 0

0101101
*
Ed
 1e-07 1 1 0
1  1027 0 0 0.831873003259506
2  2053 451 0 0 0.831873003259506
2  2054 79 0 0 0.831873003259506
0

0101000
+1843 3 -1850 3 *
Ve
1e-07
-1.465 -2.89491767576309 1.02588190451025
0 0

0101101
*
Ed
 1e-07 1 1 0
1  1028 0 -0 0.32
2  2055 451 0 -0 0.32
2  2056 452 0 -0 0.32
4 G1 451 0 452 0
0

0101000
+1841 3 -1843 3 *
Ed
 1e-07 1 1 0
1  1029 0 0 0.831873003259506
2  2057 451 0 0 0.831873003259506
2  2058 77 0 0 0.831873003259506
0

0101000
+1841 3 -1848 3 *
Wi

0101100
-1842 0 -1840 0 +1839 0 +1847 0 *
Fa
0  1e-07 451 0

0101000
+1838 0 *
Ve
1e-07
-1.465 -2.79832509313418 1.1
0 0

0101101
*
Ed
 1e-07 1 1 0
1  1030 0 3.14159265358979 4.45058959258554
2  2059 452 0 3.14159265358979 4.45058959258554
2  2060 77 0 3.14159265358979 4.45058959258554
0

0101000
+1836 3 -1841 3 *
Ve
1e-07
-1.785 -2.79832509313418 1.1
0 0

0101101
*
Ed
 1e-07 1 1 0
1  1031 0 -0 0.32
2  2061 452 0 -0 0.32
2  2062 294 0 -0 0.32
4 G1 452 0 294 0
0

0101000
+1836 3 -1834 3 *
Ed
 1e-07 1 1 0
1  1032 0 3.14159265358979 4.45058959258554
2  2063 452 0 3.14159265358979 4.45058959258554
2  2064 79 0 3.14159265358979 4.45058959258554
0

0101000
+1834 3 -1843 3 *
Wi

0101100
-1840 0 -1835 0 +1833 0 +1832 0 *
Fa
0  1e-07 452 0

0101000
+1831 0 *
Ed
 1e-07 1 1 0
1  1033 0 -0 0.148325093134183
2  2065 294 0 -0 0.148325093134183
2  2066 79 0 -0 0.148325093134183
0

0101000
+4026 3 -1834 3 *
Ed
 1e-07 1 1 0
1  1034 0 0 0.148325093134183
2  2067 294 0 0 0.148325093134183
2  2068 77 0 0 0.148325093134183
0

0101000
+4032 3 -1836 3 *
Wi

0101100
-1829 0 -3546 0 +1828 0 +1833 0 *
Fa
0  1e-07 294 0

0101000
+1827 0 *
Ve
1e-07
-1.785 -2.79832509313418 1.3
0 0

0101101
*
Ed
 1e-07 1 1 0
1  1035 0 -0 0.148325093134184
2  2069 337 0 -0 0.148325093134184
2  2070 79 0 -0 0.148325093134184
0

0101000
+4027 3 -1825 3 *
Ve
1e-07
-1.465 -2.79832509313418 1.3
0 0

0101101
*
Ed
 1e-07 1 1 0
1  1036 0 -0 0.32
2  2071 337 0 -0 0.32
2  2072 453 0 -0 0.32
4 G1 337 0 453 0
0

0101000
+1823 3 -1825 3 *
Ed
 1e-07 1 1 0
1  1037 0 0 0.148325093134184
2  2073 337 0 0 0.148325093134184
2  2074 77 0 0 0.148325093134184
0

0101000
+4034 3 -1823 3 *
Wi

0101100
+1824 0 -1822 0 -1821 0 +3432 0 *
Fa
0  1e-07 337 0

0101000
-1820 0 *
Ve
1e-07
-1.785 -3.0881028410209 1.07764571353076
0 0

0101101
*
Ed
 1e-07 1 1 0
1  1038 0 3.14159265358979 4.45058959258554
2  2075 453 0 3.14159265358979 4.45058959258554
2  2076 79 0 3.14159265358979 4.45058959258554
0

0101000
+1825 3 -1818 3 *
Ve
1e-07
-1.465 -3.0881028410209 1.07764571353076
0 0

0101101
*
Ed
 1e-07 1 1 0
1  1039 0 -0 0.32
2  2077 453 0 -0 0.32
2  2078 454 0 -0 0.32
4 G1 453 0 454 0
0

0101000
+1816 3 -1818 3 *
Ed
 1e-07 1 1 0
1  1040 0 3.14159265358979 4.45058959258554
2  2079 453 0 3.14159265358979 4.45058959258554
2  2080 77 0 3.14159265358979 4.45058959258554
0

0101000
+1823 3 -1816 3 *
Wi

0101100
+1817 0 -1815 0 -1814 0 +1822 0 *
Fa
0  1e-07 453 0

0101000
+1813 0 *
Ve
1e-07
-1.785 -3.30340741737109 0.274118095489748
0 0

0101101
*
Ed
 1e-07 1 1 0
1  1041 0 0 0.831873003259506
2  2081 454 0 0 0.831873003259506
2  2082 79 0 0 0.831873003259506
0

0101000
+1818 3 -1811 3 *
Ve
1e-07
-1.465 -3.30340741737109 0.274118095489748
0 0

0101101
*
Ed
 1e-07 1 1 0
1  1042 0 -0 0.32
2  2083 454 0 -0 0.32
2  2084 448 0 -0 0.32
4 G1 454 0 448 0
0

0101000
+1809 3 -1811 3 *
Ed
 1e-07 1 1 0
1  1043 0 0 0.831873003259506
2  2085 454 0 0 0.831873003259506
2  2086 77 0 0 0.831873003259506
0

0101000
+1816 3 -1809 3 *
Wi

0101100
+1810 0 -1808 0 -1807 0 +1815 0 *
Fa
0  1e-07 454 0

0101000
-1806 0 *
Ed
 1e-07 1 1 0
1  1044 0 4.97418836818383 6.28318530717959
2  2087 448 0 4.97418836818383 6.28318530717959
2  2088 77 0 4.97418836818383 6.28318530717959
0

0101000
+1809 3 -1869 3 *
Ed
 1e-07 1 1 0
1  1045 0 4.97418836818383 6.28318530717959
2  2089 448 0 4.97418836818383 6.28318530717959
2  2090 79 0 4.97418836818383 6.28318530717959
0

0101000
+1811 3 -1874 3 *
Wi

0101100
-1808 0 +1804 0 +1867 0 -1803 0 *
Fa
0  1e-07 448 0

0101000
+1802 0 *
Wi

0101100
+1868 0 -1860 0 -1853 0 -1846 0 -1839 0 -1835 0 -1828 0 -4031 0 +1821 0 +1814 0 
+1807 0 +1804 0 *
Fa
0  1e-07 77 0

0101000
+1800 0 *
Wi

0101100
-1872 0 -1803 0 -1810 0 -1817 0 -1824 0 +4025 0 +1829 0 +1832 0 +1842 0 +1849 0 
+1856 0 +1863 0 *
Fa
0  1e-07 79 0

0101000
-1798 0 *
Ve
1e-07
-1.135 -3.4 0.2
0 0

0101101
*
Ve
1e-07
-1.135 -3.9 0.2
0 0

0101101
*
Ed
 1e-07 1 1 0
1  1046 0 0 0.5
2  2091 455 0 0 0.5
2  2092 76 0 0 0.5
0

0101000
+1796 3 -1795 3 *
Ve
1e-07
-0.815 -3.9 0.2
0 0

0101101
*
Ed
 1e-07 1 1 0
1  1047 0 -0 0.32
2  2093 455 0 -0 0.32
2  2094 456 0 -0 0.32
0

0101000
+1793 3 -1795 3 *
Ve
1e-07
-0.815 -3.4 0.2
0 0

0101101
*
Ed
 1e-07 1 1 0
1  1048 0 0 0.5
2  2095 455 0 0 0.5
2  2096 74 0 0 0.5
0

0101000
+1791 3 -1793 3 *
Ed
 1e-07 1 1 0
1  1049 0 -0 0.32
2  2097 455 0 -0 0.32
2  2098 457 0 -0 0.32
4 G1 455 0 457 0
0

0101000
+1791 3 -1796 3 *
Wi

0101100
+1794 0 -1792 0 -1790 0 +1789 0 *
Fa
0  1e-07 455 0

0101000
-1788 0 *
Ve
1e-07
-1.135 -3.9 -4.74338450462408e-16
0 0

0101101
*
Ed
 1e-07 1 1 0
1  1050 0 0 0.2
2  2099 456 0 0 0.2
2  2100 76 0 0 0.2
0

0101000
+1786 3 -1795 3 *
Ve
1e-07
-0.815 -3.9 -4.74338450462408e-16
0 0

0101101
*
Ed
 1e-07 1 1 0
1  1051 0 -0 0.32
2  2101 456 0 -0 0.32
2  2102 458 0 -0 0.32
0

0101000
+1784 3 -1786 3 *
Ed
 1e-07 1 1 0
1  1052 0 0 0.2
2  2103 456 0 0 0.2
2  2104 74 0 0 0.2
0

0101000
+1784 3 -1793 3 *
Wi

0101100
-1785 0 -1783 0 +1782 0 +1792 0 *
Fa
0  1e-07 456 0

0101000
+1781 0 *
Ve
1e-07
-1.135 -3.4 -4.06575814682064e-16
0 0

0101101
*
Ed
 1e-07 1 1 0
1  1053 0 0 0.5
2  2105 458 0 0 0.5
2  2106 76 0 0 0.5
0

0101000
+1779 3 -1786 3 *
Ve
1e-07
-0.815 -3.4 -4.06575814682064e-16
0 0

0101101
*
Ed
 1e-07 1 1 0
1  1054 0 -0 0.32
2  2107 458 0 -0 0.32
2  2108 459 0 -0 0.32
4 G1 458 0 459 0
0

0101000
+1777 3 -1779 3 *
Ed
 1e-07 1 1 0
1  1055 0 0 0.5
2  2109 458 0 0 0.5
2  2110 74 0 0 0.5
0

0101000
+1777 3 -1784 3 *
Wi

0101100
-1778 0 -1776 0 +1775 0 +1783 0 *
Fa
0  1e-07 458 0

0101000
+1774 0 *
Ve
1e-07
-1.135 -3.11022225211328 0.222354286469244
0 0

0101101
*
Ed
 1e-07 1 1 0
1  1056 0 4.97418836818383 6.28318530717959
2  2111 459 0 4.97418836818383 6.28318530717959
2  2112 76 0 4.97418836818383 6.28318530717959
0

0101000
+1772 3 -1779 3 *
Ve
1e-07
-0.815 -3.11022225211328 0.222354286469244
0 0

0101101
*
Ed
 1e-07 1 1 0
1  1057 0 -0 0.32
2  2113 459 0 -0 0.32
2  2114 460 0 -0 0.32
4 G1 459 0 460 0
0

0101000
+1770 3 -1772 3 *
Ed
 1e-07 1 1 0
1  1058 0 4.97418836818383 6.28318530717959
2  2115 459 0 4.97418836818383 6.28318530717959
2  2116 74 0 4.97418836818383 6.28318530717959
0

0101000
+1770 3 -1777 3 *
Wi

0101100
-1771 0 -1769 0 +1768 0 +1776 0 *
Fa
0  1e-07 459 0

0101000
+1767 0 *
Ve
1e-07
-1.135 -2.89491767576309 1.02588190451025
0 0

0101101
*
Ed
 1e-07 1 1 0
1  1059 0 0 0.831873003259506
2  2117 460 0 0 0.831873003259506
2  2118 76 0 0 0.831873003259506
0

0101000
+1765 3 -1772 3 *
Ve
1e-07
-0.815 -2.89491767576309 1.02588190451025
0 0

0101101
*
Ed
 1e-07 1 1 0
1  1060 0 -0 0.32
2  2119 460 0 -0 0.32
2  2120 461 0 -0 0.32
4 G1 460 0 461 0
0

0101000
+1763 3 -1765 3 *
Ed
 1e-07 1 1 0
1  1061 0 0 0.831873003259506
2  2121 460 0 0 0.831873003259506
2  2122 74 0 0 0.831873003259506
0

0101000
+1763 3 -1770 3 *
Wi

0101100
-1764 0 -1762 0 +1761 0 +1769 0 *
Fa
0  1e-07 460 0

0101000
+1760 0 *
Ve
1e-07
-0.815 -2.79832509313418 1.1
0 0

0101101
*
Ed
 1e-07 1 1 0
1  1062 0 3.14159265358979 4.45058959258554
2  2123 461 0 3.14159265358979 4.45058959258554
2  2124 74 0 3.14159265358979 4.45058959258554
0

0101000
+1758 3 -1763 3 *
Ve
1e-07
-1.135 -2.79832509313418 1.1
0 0

0101101
*
Ed
 1e-07 1 1 0
1  1063 0 -0 0.32
2  2125 461 0 -0 0.32
2  2126 293 0 -0 0.32
4 G1 461 0 293 0
0

0101000
+1758 3 -1756 3 *
Ed
 1e-07 1 1 0
1  1064 0 3.14159265358979 4.45058959258554
2  2127 461 0 3.14159265358979 4.45058959258554
2  2128 76 0 3.14159265358979 4.45058959258554
0

0101000
+1756 3 -1765 3 *
Wi

0101100
-1762 0 -1757 0 +1755 0 +1754 0 *
Fa
0  1e-07 461 0

0101000
+1753 0 *
Ed
 1e-07 1 1 0
1  1065 0 -0 0.148325093134183
2  2129 293 0 -0 0.148325093134183
2  2130 76 0 -0 0.148325093134183
0

0101000
+4036 3 -1756 3 *
Ed
 1e-07 1 1 0
1  1066 0 -0 0.148325093134183
2  2131 293 0 -0 0.148325093134183
2  2132 74 0 -0 0.148325093134183
0

0101000
+4042 3 -1758 3 *
Wi

0101100
-1751 0 -3547 0 +1750 0 +1755 0 *
Fa
0  1e-07 293 0

0101000
+1749 0 *
Ve
1e-07
-1.135 -2.79832509313418 1.3
0 0

0101101
*
Ed
 1e-07 1 1 0
1  1067 0 -0 0.148325093134184
2  2133 338 0 -0 0.148325093134184
2  2134 76 0 -0 0.148325093134184
0

0101000
+4037 3 -1747 3 *
Ve
1e-07
-0.815 -2.79832509313418 1.3
0 0

0101101
*
Ed
 1e-07 1 1 0
1  1068 0 -0 0.32
2  2135 338 0 -0 0.32
2  2136 462 0 -0 0.32
4 G1 338 0 462 0
0

0101000
+1745 3 -1747 3 *
Ed
 1e-07 1 1 0
1  1069 0 0 0.148325093134184
2  2137 338 0 0 0.148325093134184
2  2138 74 0 0 0.148325093134184
0

0101000
+4044 3 -1745 3 *
Wi

0101100
+1746 0 -1744 0 -1743 0 +3431 0 *
Fa
0  1e-07 338 0

0101000
-1742 0 *
Ve
1e-07
-1.135 -3.0881028410209 1.07764571353076
0 0

0101101
*
Ed
 1e-07 1 1 0
1  1070 0 3.14159265358979 4.45058959258554
2  2139 462 0 3.14159265358979 4.45058959258554
2  2140 76 0 3.14159265358979 4.45058959258554
0

0101000
+1747 3 -1740 3 *
Ve
1e-07
-0.815 -3.0881028410209 1.07764571353076
0 0

0101101
*
Ed
 1e-07 1 1 0
1  1071 0 -0 0.32
2  2141 462 0 -0 0.32
2  2142 463 0 -0 0.32
4 G1 462 0 463 0
0

0101000
+1738 3 -1740 3 *
Ed
 1e-07 1 1 0
1  1072 0 3.14159265358979 4.45058959258554
2  2143 462 0 3.14159265358979 4.45058959258554
2  2144 74 0 3.14159265358979 4.45058959258554
0

0101000
+1745 3 -1738 3 *
Wi

0101100
+1739 0 -1737 0 -1736 0 +1744 0 *
Fa
0  1e-07 462 0

0101000
+1735 0 *
Ve
1e-07
-1.135 -3.30340741737109 0.274118095489748
0 0

0101101
*
Ed
 1e-07 1 1 0
1  1073 0 0 0.831873003259506
2  2145 463 0 0 0.831873003259506
2  2146 76 0 0 0.831873003259506
0

0101000
+1740 3 -1733 3 *
Ve
1e-07
-0.815 -3.30340741737109 0.274118095489748
0 0

0101101
*
Ed
 1e-07 1 1 0
1  1074 0 -0 0.32
2  2147 463 0 -0 0.32
2  2148 457 0 -0 0.32
4 G1 463 0 457 0
0

0101000
+1731 3 -1733 3 *
Ed
 1e-07 1 1 0
1  1075 0 0 0.831873003259506
2  2149 463 0 0 0.831873003259506
2  2150 74 0 0 0.831873003259506
0

0101000
+1738 3 -1731 3 *
Wi

0101100
+1732 0 -1730 0 -1729 0 +1737 0 *
Fa
0  1e-07 463 0

0101000
-1728 0 *
Ed
 1e-07 1 1 0
1  1076 0 4.97418836818383 6.28318530717959
2  2151 457 0 4.97418836818383 6.28318530717959
2  2152 74 0 4.97418836818383 6.28318530717959
0

0101000
+1731 3 -1791 3 *
Ed
 1e-07 1 1 0
1  1077 0 4.97418836818383 6.28318530717959
2  2153 457 0 4.97418836818383 6.28318530717959
2  2154 76 0 4.97418836818383 6.28318530717959
0

0101000
+1733 3 -1796 3 *
Wi

0101100
-1730 0 +1726 0 +1789 0 -1725 0 *
Fa
0  1e-07 457 0

0101000
+1724 0 *
Wi

0101100
+1790 0 -1782 0 -1775 0 -1768 0 -1761 0 -1757 0 -1750 0 -4041 0 +1743 0 +1736 0 
+1729 0 +1726 0 *
Fa
0  1e-07 74 0

0101000
+1722 0 *
Wi

0101100
-1794 0 -1725 0 -1732 0 -1739 0 -1746 0 +4035 0 +1751 0 +1754 0 +1764 0 +1771 0 
+1778 0 +1785 0 *
Fa
0  1e-07 76 0

0101000
-1720 0 *
Ve
1e-07
-0.485 -3.4 0.2
0 0

0101101
*
Ve
1e-07
-0.485 -3.9 0.2
0 0

0101101
*
Ed
 1e-07 1 1 0
1  1078 0 0 0.5
2  2155 464 0 0 0.5
2  2156 73 0 0 0.5
0

0101000
+1718 3 -1717 3 *
Ve
1e-07
-0.165 -3.9 0.2
0 0

0101101
*
Ed
 1e-07 1 1 0
1  1079 0 -0 0.32
2  2157 464 0 -0 0.32
2  2158 465 0 -0 0.32
0

0101000
+1715 3 -1717 3 *
Ve
1e-07
-0.165 -3.4 0.2
0 0

0101101
*
Ed
 1e-07 1 1 0
1  1080 0 0 0.5
2  2159 464 0 0 0.5
2  2160 71 0 0 0.5
0

0101000
+1713 3 -1715 3 *
Ed
 1e-07 1 1 0
1  1081 0 -0 0.32
2  2161 464 0 -0 0.32
2  2162 466 0 -0 0.32
4 G1 464 0 466 0
0

0101000
+1713 3 -1718 3 *
Wi

0101100
+1716 0 -1714 0 -1712 0 +1711 0 *
Fa
0  1e-07 464 0

0101000
-1710 0 *
Ve
1e-07
-0.485 -3.9 -4.74338450462408e-16
0 0

0101101
*
Ed
 1e-07 1 1 0
1  1082 0 0 0.2
2  2163 465 0 0 0.2
2  2164 73 0 0 0.2
0

0101000
+1708 3 -1717 3 *
Ve
1e-07
-0.165 -3.9 -4.74338450462408e-16
0 0

0101101
*
Ed
 1e-07 1 1 0
1  1083 0 -0 0.32
2  2165 465 0 -0 0.32
2  2166 467 0 -0 0.32
0

0101000
+1706 3 -1708 3 *
Ed
 1e-07 1 1 0
1  1084 0 0 0.2
2  2167 465 0 0 0.2
2  2168 71 0 0 0.2
0

0101000
+1706 3 -1715 3 *
Wi

0101100
-1707 0 -1705 0 +1704 0 +1714 0 *
Fa
0  1e-07 465 0

0101000
+1703 0 *
Ve
1e-07
-0.485 -3.4 -4.06575814682064e-16
0 0

0101101
*
Ed
 1e-07 1 1 0
1  1085 0 0 0.5
2  2169 467 0 0 0.5
2  2170 73 0 0 0.5
0

0101000
+1701 3 -1708 3 *
Ve
1e-07
-0.165 -3.4 -4.06575814682064e-16
0 0

0101101
*
Ed
 1e-07 1 1 0
1  1086 0 -0 0.32
2  2171 467 0 -0 0.32
2  2172 468 0 -0 0.32
4 G1 467 0 468 0
0

0101000
+1699 3 -1701 3 *
Ed
 1e-07 1 1 0
1  1087 0 0 0.5
2  2173 467 0 0 0.5
2  2174 71 0 0 0.5
0

0101000
+1699 3 -1706 3 *
Wi

0101100
-1700 0 -1698 0 +1697 0 +1705 0 *
Fa
0  1e-07 467 0

0101000
+1696 0 *
Ve
1e-07
-0.485 -3.11022225211328 0.222354286469244
0 0

0101101
*
Ed
 1e-07 1 1 0
1  1088 0 4.97418836818383 6.28318530717959
2  2175 468 0 4.97418836818383 6.28318530717959
2  2176 73 0 4.97418836818383 6.28318530717959
0

0101000
+1694 3 -1701 3 *
Ve
1e-07
-0.165 -3.11022225211328 0.222354286469244
0 0

0101101
*
Ed
 1e-07 1 1 0
1  1089 0 -0 0.32
2  2177 468 0 -0 0.32
2  2178 469 0 -0 0.32
4 G1 468 0 469 0
0

0101000
+1692 3 -1694 3 *
Ed
 1e-07 1 1 0
1  1090 0 4.97418836818383 6.28318530717959
2  2179 468 0 4.97418836818383 6.28318530717959
2  2180 71 0 4.97418836818383 6.28318530717959
0

0101000
+1692 3 -1699 3 *
Wi

0101100
-1693 0 -1691 0 +1690 0 +1698 0 *
Fa
0  1e-07 468 0

0101000
+1689 0 *
Ve
1e-07
-0.485 -2.89491767576309 1.02588190451025
0 0

0101101
*
Ed
 1e-07 1 1 0
1  1091 0 0 0.831873003259506
2  2181 469 0 0 0.831873003259506
2  2182 73 0 0 0.831873003259506
0

0101000
+1687 3 -1694 3 *
Ve
1e-07
-0.165 -2.89491767576309 1.02588190451025
0 0

0101101
*
Ed
 1e-07 1 1 0
1  1092 0 -0 0.32
2  2183 469 0 -0 0.32
2  2184 470 0 -0 0.32
4 G1 469 0 470 0
0

0101000
+1685 3 -1687 3 *
Ed
 1e-07 1 1 0
1  1093 0 0 0.831873003259506
2  2185 469 0 0 0.831873003259506
2  2186 71 0 0 0.831873003259506
0

0101000
+1685 3 -1692 3 *
Wi

0101100
-1686 0 -1684 0 +1683 0 +1691 0 *
Fa
0  1e-07 469 0

0101000
+1682 0 *
Ve
1e-07
-0.165 -2.79832509313418 1.1
0 0

0101101
*
Ed
 1e-07 1 1 0
1  1094 0 3.14159265358979 4.45058959258554
2  2187 470 0 3.14159265358979 4.45058959258554
2  2188 71 0 3.14159265358979 4.45058959258554
0

0101000
+1680 3 -1685 3 *
Ve
1e-07
-0.485 -2.79832509313418 1.1
0 0

0101101
*
Ed
 1e-07 1 1 0
1  1095 0 -0 0.32
2  2189 470 0 -0 0.32
2  2190 292 0 -0 0.32
4 G1 470 0 292 0
0

0101000
+1680 3 -1678 3 *
Ed
 1e-07 1 1 0
1  1096 0 3.14159265358979 4.45058959258554
2  2191 470 0 3.14159265358979 4.45058959258554
2  2192 73 0 3.14159265358979 4.45058959258554
0

0101000
+1678 3 -1687 3 *
Wi

0101100
-1684 0 -1679 0 +1677 0 +1676 0 *
Fa
0  1e-07 470 0

0101000
+1675 0 *
Ed
 1e-07 1 1 0
1  1097 0 0 0.148325093134183
2  2193 292 0 0 0.148325093134183
2  2194 73 0 0 0.148325093134183
0

0101000
+4046 3 -1678 3 *
Ed
 1e-07 1 1 0
1  1098 0 -0 0.148325093134183
2  2195 292 0 -0 0.148325093134183
2  2196 71 0 -0 0.148325093134183
0

0101000
+4052 3 -1680 3 *
Wi

0101100
-1673 0 -3548 0 +1672 0 +1677 0 *
Fa
0  1e-07 292 0

0101000
+1671 0 *
Ve
1e-07
-0.485 -2.79832509313418 1.3
0 0

0101101
*
Ed
 1e-07 1 1 0
1  1099 0 -0 0.148325093134184
2  2197 339 0 -0 0.148325093134184
2  2198 73 0 -0 0.148325093134184
0

0101000
+4047 3 -1669 3 *
Ve
1e-07
-0.165 -2.79832509313418 1.3
0 0

0101101
*
Ed
 1e-07 1 1 0
1  1100 0 -0 0.32
2  2199 339 0 -0 0.32
2  2200 471 0 -0 0.32
4 G1 339 0 471 0
0

0101000
+1667 3 -1669 3 *
Ed
 1e-07 1 1 0
1  1101 0 0 0.148325093134184
2  2201 339 0 0 0.148325093134184
2  2202 71 0 0 0.148325093134184
0

0101000
+4054 3 -1667 3 *
Wi

0101100
+1668 0 -1666 0 -1665 0 +3430 0 *
Fa
0  1e-07 339 0

0101000
-1664 0 *
Ve
1e-07
-0.485 -3.0881028410209 1.07764571353076
0 0

0101101
*
Ed
 1e-07 1 1 0
1  1102 0 3.14159265358979 4.45058959258554
2  2203 471 0 3.14159265358979 4.45058959258554
2  2204 73 0 3.14159265358979 4.45058959258554
0

0101000
+1669 3 -1662 3 *
Ve
1e-07
-0.165 -3.0881028410209 1.07764571353076
0 0

0101101
*
Ed
 1e-07 1 1 0
1  1103 0 -0 0.32
2  2205 471 0 -0 0.32
2  2206 472 0 -0 0.32
4 G1 471 0 472 0
0

0101000
+1660 3 -1662 3 *
Ed
 1e-07 1 1 0
1  1104 0 3.14159265358979 4.45058959258554
2  2207 471 0 3.14159265358979 4.45058959258554
2  2208 71 0 3.14159265358979 4.45058959258554
0

0101000
+1667 3 -1660 3 *
Wi

0101100
+1661 0 -1659 0 -1658 0 +1666 0 *
Fa
0  1e-07 471 0

0101000
+1657 0 *
Ve
1e-07
-0.485 -3.30340741737109 0.274118095489748
0 0

0101101
*
Ed
 1e-07 1 1 0
1  1105 0 0 0.831873003259506
2  2209 472 0 0 0.831873003259506
2  2210 73 0 0 0.831873003259506
0

0101000
+1662 3 -1655 3 *
Ve
1e-07
-0.165 -3.30340741737109 0.274118095489748
0 0

0101101
*
Ed
 1e-07 1 1 0
1  1106 0 -0 0.32
2  2211 472 0 -0 0.32
2  2212 466 0 -0 0.32
4 G1 472 0 466 0
0

0101000
+1653 3 -1655 3 *
Ed
 1e-07 1 1 0
1  1107 0 0 0.831873003259506
2  2213 472 0 0 0.831873003259506
2  2214 71 0 0 0.831873003259506
0

0101000
+1660 3 -1653 3 *
Wi

0101100
+1654 0 -1652 0 -1651 0 +1659 0 *
Fa
0  1e-07 472 0

0101000
-1650 0 *
Ed
 1e-07 1 1 0
1  1108 0 4.97418836818383 6.28318530717959
2  2215 466 0 4.97418836818383 6.28318530717959
2  2216 71 0 4.97418836818383 6.28318530717959
0

0101000
+1653 3 -1713 3 *
Ed
 1e-07 1 1 0
1  1109 0 4.97418836818383 6.28318530717959
2  2217 466 0 4.97418836818383 6.28318530717959
2  2218 73 0 4.97418836818383 6.28318530717959
0

0101000
+1655 3 -1718 3 *
Wi

0101100
-1652 0 +1648 0 +1711 0 -1647 0 *
Fa
0  1e-07 466 0

0101000
+1646 0 *
Wi

0101100
+1712 0 -1704 0 -1697 0 -1690 0 -1683 0 -1679 0 -1672 0 -4051 0 +1665 0 +1658 0 
+1651 0 +1648 0 *
Fa
0  1e-07 71 0

0101000
+1644 0 *
Wi

0101100
-1716 0 -1647 0 -1654 0 -1661 0 -1668 0 +4045 0 +1673 0 +1676 0 +1686 0 +1693 0 
+1700 0 +1707 0 *
Fa
0  1e-07 73 0

0101000
-1642 0 *
Ve
1e-07
0.165 -3.4 0.2
0 0

0101101
*
Ve
1e-07
0.165 -3.9 0.2
0 0

0101101
*
Ed
 1e-07 1 1 0
1  1110 0 0 0.5
2  2219 473 0 0 0.5
2  2220 70 0 0 0.5
0

0101000
+1640 3 -1639 3 *
Ve
1e-07
0.485 -3.9 0.2
0 0

0101101
*
Ed
 1e-07 1 1 0
1  1111 0 -0 0.32
2  2221 473 0 -0 0.32
2  2222 474 0 -0 0.32
0

0101000
+1637 3 -1639 3 *
Ve
1e-07
0.485 -3.4 0.2
0 0

0101101
*
Ed
 1e-07 1 1 0
1  1112 0 0 0.5
2  2223 473 0 0 0.5
2  2224 68 0 0 0.5
0

0101000
+1635 3 -1637 3 *
Ed
 1e-07 1 1 0
1  1113 0 -0 0.32
2  2225 473 0 -0 0.32
2  2226 475 0 -0 0.32
4 G1 473 0 475 0
0

0101000
+1635 3 -1640 3 *
Wi

0101100
+1638 0 -1636 0 -1634 0 +1633 0 *
Fa
0  1e-07 473 0

0101000
-1632 0 *
Ve
1e-07
0.165 -3.9 -4.74338450462408e-16
0 0

0101101
*
Ed
 1e-07 1 1 0
1  1114 0 0 0.2
2  2227 474 0 0 0.2
2  2228 70 0 0 0.2
0

0101000
+1630 3 -1639 3 *
Ve
1e-07
0.485 -3.9 -4.74338450462408e-16
0 0

0101101
*
Ed
 1e-07 1 1 0
1  1115 0 -0 0.32
2  2229 474 0 -0 0.32
2  2230 476 0 -0 0.32
0

0101000
+1628 3 -1630 3 *
Ed
 1e-07 1 1 0
1  1116 0 0 0.2
2  2231 474 0 0 0.2
2  2232 68 0 0 0.2
0

0101000
+1628 3 -1637 3 *
Wi

0101100
-1629 0 -1627 0 +1626 0 +1636 0 *
Fa
0  1e-07 474 0

0101000
+1625 0 *
Ve
1e-07
0.165 -3.4 -4.06575814682064e-16
0 0

0101101
*
Ed
 1e-07 1 1 0
1  1117 0 0 0.5
2  2233 476 0 0 0.5
2  2234 70 0 0 0.5
0

0101000
+1623 3 -1630 3 *
Ve
1e-07
0.485 -3.4 -4.06575814682064e-16
0 0

0101101
*
Ed
 1e-07 1 1 0
1  1118 0 -0 0.32
2  2235 476 0 -0 0.32
2  2236 477 0 -0 0.32
4 G1 476 0 477 0
0

0101000
+1621 3 -1623 3 *
Ed
 1e-07 1 1 0
1  1119 0 0 0.5
2  2237 476 0 0 0.5
2  2238 68 0 0 0.5
0

0101000
+1621 3 -1628 3 *
Wi

0101100
-1622 0 -1620 0 +1619 0 +1627 0 *
Fa
0  1e-07 476 0

0101000
+1618 0 *
Ve
1e-07
0.165 -3.11022225211328 0.222354286469244
0 0

0101101
*
Ed
 1e-07 1 1 0
1  1120 0 4.97418836818383 6.28318530717959
2  2239 477 0 4.97418836818383 6.28318530717959
2  2240 70 0 4.97418836818383 6.28318530717959
0

0101000
+1616 3 -1623 3 *
Ve
1e-07
0.485 -3.11022225211328 0.222354286469244
0 0

0101101
*
Ed
 1e-07 1 1 0
1  1121 0 -0 0.32
2  2241 477 0 -0 0.32
2  2242 478 0 -0 0.32
4 G1 477 0 478 0
0

0101000
+1614 3 -1616 3 *
Ed
 1e-07 1 1 0
1  1122 0 4.97418836818383 6.28318530717959
2  2243 477 0 4.97418836818383 6.28318530717959
2  2244 68 0 4.97418836818383 6.28318530717959
0

0101000
+1614 3 -1621 3 *
Wi

0101100
-1615 0 -1613 0 +1612 0 +1620 0 *
Fa
0  1e-07 477 0

0101000
+1611 0 *
Ve
1e-07
0.165 -2.89491767576309 1.02588190451025
0 0

0101101
*
Ed
 1e-07 1 1 0
1  1123 0 0 0.831873003259506
2  2245 478 0 0 0.831873003259506
2  2246 70 0 0 0.831873003259506
0

0101000
+1609 3 -1616 3 *
Ve
1e-07
0.485 -2.89491767576309 1.02588190451025
0 0

0101101
*
Ed
 1e-07 1 1 0
1  1124 0 -0 0.32
2  2247 478 0 -0 0.32
2  2248 479 0 -0 0.32
4 G1 478 0 479 0
0

0101000
+1607 3 -1609 3 *
Ed
 1e-07 1 1 0
1  1125 0 0 0.831873003259506
2  2249 478 0 0 0.831873003259506
2  2250 68 0 0 0.831873003259506
0

0101000
+1607 3 -1614 3 *
Wi

0101100
-1608 0 -1606 0 +1605 0 +1613 0 *
Fa
0  1e-07 478 0

0101000
+1604 0 *
Ve
1e-07
0.485 -2.79832509313418 1.1
0 0

0101101
*
Ed
 1e-07 1 1 0
1  1126 0 3.14159265358979 4.45058959258554
2  2251 479 0 3.14159265358979 4.45058959258554
2  2252 68 0 3.14159265358979 4.45058959258554
0

0101000
+1602 3 -1607 3 *
Ve
1e-07
0.165 -2.79832509313418 1.1
0 0

0101101
*
Ed
 1e-07 1 1 0
1  1127 0 -0 0.32
2  2253 479 0 -0 0.32
2  2254 291 0 -0 0.32
4 G1 479 0 291 0
0

0101000
+1602 3 -1600 3 *
Ed
 1e-07 1 1 0
1  1128 0 3.14159265358979 4.45058959258554
2  2255 479 0 3.14159265358979 4.45058959258554
2  2256 70 0 3.14159265358979 4.45058959258554
0

0101000
+1600 3 -1609 3 *
Wi

0101100
-1606 0 -1601 0 +1599 0 +1598 0 *
Fa
0  1e-07 479 0

0101000
+1597 0 *
Ed
 1e-07 1 1 0
1  1129 0 0 0.148325093134183
2  2257 291 0 0 0.148325093134183
2  2258 70 0 0 0.148325093134183
0

0101000
+4056 3 -1600 3 *
Ed
 1e-07 1 1 0
1  1130 0 -0 0.148325093134183
2  2259 291 0 -0 0.148325093134183
2  2260 68 0 -0 0.148325093134183
0

0101000
+4062 3 -1602 3 *
Wi

0101100
-1595 0 -3549 0 +1594 0 +1599 0 *
Fa
0  1e-07 291 0

0101000
+1593 0 *
Ve
1e-07
0.165 -2.79832509313418 1.3
0 0

0101101
*
Ed
 1e-07 1 1 0
1  1131 0 -0 0.148325093134184
2  2261 340 0 -0 0.148325093134184
2  2262 70 0 -0 0.148325093134184
0

0101000
+4057 3 -1591 3 *
Ve
1e-07
0.485 -2.79832509313418 1.3
0 0

0101101
*
Ed
 1e-07 1 1 0
1  1132 0 -0 0.32
2  2263 340 0 -0 0.32
2  2264 480 0 -0 0.32
4 G1 340 0 480 0
0

0101000
+1589 3 -1591 3 *
Ed
 1e-07 1 1 0
1  1133 0 0 0.148325093134184
2  2265 340 0 0 0.148325093134184
2  2266 68 0 0 0.148325093134184
0

0101000
+4064 3 -1589 3 *
Wi

0101100
+1590 0 -1588 0 -1587 0 +3429 0 *
Fa
0  1e-07 340 0

0101000
-1586 0 *
Ve
1e-07
0.165 -3.0881028410209 1.07764571353076
0 0

0101101
*
Ed
 1e-07 1 1 0
1  1134 0 3.14159265358979 4.45058959258554
2  2267 480 0 3.14159265358979 4.45058959258554
2  2268 70 0 3.14159265358979 4.45058959258554
0

0101000
+1591 3 -1584 3 *
Ve
1e-07
0.485 -3.0881028410209 1.07764571353076
0 0

0101101
*
Ed
 1e-07 1 1 0
1  1135 0 -0 0.32
2  2269 480 0 -0 0.32
2  2270 481 0 -0 0.32
4 G1 480 0 481 0
0

0101000
+1582 3 -1584 3 *
Ed
 1e-07 1 1 0
1  1136 0 3.14159265358979 4.45058959258554
2  2271 480 0 3.14159265358979 4.45058959258554
2  2272 68 0 3.14159265358979 4.45058959258554
0

0101000
+1589 3 -1582 3 *
Wi

0101100
+1583 0 -1581 0 -1580 0 +1588 0 *
Fa
0  1e-07 480 0

0101000
+1579 0 *
Ve
1e-07
0.165 -3.30340741737109 0.274118095489748
0 0

0101101
*
Ed
 1e-07 1 1 0
1  1137 0 0 0.831873003259506
2  2273 481 0 0 0.831873003259506
2  2274 70 0 0 0.831873003259506
0

0101000
+1584 3 -1577 3 *
Ve
1e-07
0.485 -3.30340741737109 0.274118095489748
0 0

0101101
*
Ed
 1e-07 1 1 0
1  1138 0 -0 0.32
2  2275 481 0 -0 0.32
2  2276 475 0 -0 0.32
4 G1 481 0 475 0
0

0101000
+1575 3 -1577 3 *
Ed
 1e-07 1 1 0
1  1139 0 0 0.831873003259506
2  2277 481 0 0 0.831873003259506
2  2278 68 0 0 0.831873003259506
0

0101000
+1582 3 -1575 3 *
Wi

0101100
+1576 0 -1574 0 -1573 0 +1581 0 *
Fa
0  1e-07 481 0

0101000
-1572 0 *
Ed
 1e-07 1 1 0
1  1140 0 4.97418836818383 6.28318530717959
2  2279 475 0 4.97418836818383 6.28318530717959
2  2280 68 0 4.97418836818383 6.28318530717959
0

0101000
+1575 3 -1635 3 *
Ed
 1e-07 1 1 0
1  1141 0 4.97418836818383 6.28318530717959
2  2281 475 0 4.97418836818383 6.28318530717959
2  2282 70 0 4.97418836818383 6.28318530717959
0

0101000
+1577 3 -1640 3 *
Wi

0101100
-1574 0 +1570 0 +1633 0 -1569 0 *
Fa
0  1e-07 475 0

0101000
+1568 0 *
Wi

0101100
+1634 0 -1626 0 -1619 0 -1612 0 -1605 0 -1601 0 -1594 0 -4061 0 +1587 0 +1580 0 
+1573 0 +1570 0 *
Fa
0  1e-07 68 0

0101000
+1566 0 *
Wi

0101100
-1638 0 -1569 0 -1576 0 -1583 0 -1590 0 +4055 0 +1595 0 +1598 0 +1608 0 +1615 0 
+1622 0 +1629 0 *
Fa
0  1e-07 70 0

0101000
-1564 0 *
Ve
1e-07
0.815 -3.4 0.2
0 0

0101101
*
Ve
1e-07
0.815 -3.9 0.2
0 0

0101101
*
Ed
 1e-07 1 1 0
1  1142 0 0 0.5
2  2283 482 0 0 0.5
2  2284 67 0 0 0.5
0

0101000
+1562 3 -1561 3 *
Ve
1e-07
1.135 -3.9 0.2
0 0

0101101
*
Ed
 1e-07 1 1 0
1  1143 0 -0 0.32
2  2285 482 0 -0 0.32
2  2286 483 0 -0 0.32
0

0101000
+1559 3 -1561 3 *
Ve
1e-07
1.135 -3.4 0.2
0 0

0101101
*
Ed
 1e-07 1 1 0
1  1144 0 0 0.5
2  2287 482 0 0 0.5
2  2288 65 0 0 0.5
0

0101000
+1557 3 -1559 3 *
Ed
 1e-07 1 1 0
1  1145 0 -0 0.32
2  2289 482 0 -0 0.32
2  2290 484 0 -0 0.32
4 G1 482 0 484 0
0

0101000
+1557 3 -1562 3 *
Wi

0101100
+1560 0 -1558 0 -1556 0 +1555 0 *
Fa
0  1e-07 482 0

0101000
-1554 0 *
Ve
1e-07
0.815 -3.9 -4.74338450462408e-16
0 0

0101101
*
Ed
 1e-07 1 1 0
1  1146 0 0 0.2
2  2291 483 0 0 0.2
2  2292 67 0 0 0.2
0

0101000
+1552 3 -1561 3 *
Ve
1e-07
1.135 -3.9 -4.74338450462408e-16
0 0

0101101
*
Ed
 1e-07 1 1 0
1  1147 0 -0 0.32
2  2293 483 0 -0 0.32
2  2294 485 0 -0 0.32
0

0101000
+1550 3 -1552 3 *
Ed
 1e-07 1 1 0
1  1148 0 0 0.2
2  2295 483 0 0 0.2
2  2296 65 0 0 0.2
0

0101000
+1550 3 -1559 3 *
Wi

0101100
-1551 0 -1549 0 +1548 0 +1558 0 *
Fa
0  1e-07 483 0

0101000
+1547 0 *
Ve
1e-07
0.815 -3.4 -4.06575814682064e-16
0 0

0101101
*
Ed
 1e-07 1 1 0
1  1149 0 0 0.5
2  2297 485 0 0 0.5
2  2298 67 0 0 0.5
0

0101000
+1545 3 -1552 3 *
Ve
1e-07
1.135 -3.4 -4.06575814682064e-16
0 0

0101101
*
Ed
 1e-07 1 1 0
1  1150 0 -0 0.32
2  2299 485 0 -0 0.32
2  2300 486 0 -0 0.32
4 G1 485 0 486 0
0

0101000
+1543 3 -1545 3 *
Ed
 1e-07 1 1 0
1  1151 0 0 0.5
2  2301 485 0 0 0.5
2  2302 65 0 0 0.5
0

0101000
+1543 3 -1550 3 *
Wi

0101100
-1544 0 -1542 0 +1541 0 +1549 0 *
Fa
0  1e-07 485 0

0101000
+1540 0 *
Ve
1e-07
0.815 -3.11022225211328 0.222354286469244
0 0

0101101
*
Ed
 1e-07 1 1 0
1  1152 0 4.97418836818383 6.28318530717959
2  2303 486 0 4.97418836818383 6.28318530717959
2  2304 67 0 4.97418836818383 6.28318530717959
0

0101000
+1538 3 -1545 3 *
Ve
1e-07
1.135 -3.11022225211328 0.222354286469244
0 0

0101101
*
Ed
 1e-07 1 1 0
1  1153 0 -0 0.32
2  2305 486 0 -0 0.32
2  2306 487 0 -0 0.32
4 G1 486 0 487 0
0

0101000
+1536 3 -1538 3 *
Ed
 1e-07 1 1 0
1  1154 0 4.97418836818383 6.28318530717959
2  2307 486 0 4.97418836818383 6.28318530717959
2  2308 65 0 4.97418836818383 6.28318530717959
0

0101000
+1536 3 -1543 3 *
Wi

0101100
-1537 0 -1535 0 +1534 0 +1542 0 *
Fa
0  1e-07 486 0

0101000
+1533 0 *
Ve
1e-07
0.815 -2.89491767576309 1.02588190451025
0 0

0101101
*
Ed
 1e-07 1 1 0
1  1155 0 0 0.831873003259506
2  2309 487 0 0 0.831873003259506
2  2310 67 0 0 0.831873003259506
0

0101000
+1531 3 -1538 3 *
Ve
1e-07
1.135 -2.89491767576309 1.02588190451025
0 0

0101101
*
Ed
 1e-07 1 1 0
1  1156 0 -0 0.32
2  2311 487 0 -0 0.32
2  2312 488 0 -0 0.32
4 G1 487 0 488 0
0

0101000
+1529 3 -1531 3 *
Ed
 1e-07 1 1 0
1  1157 0 0 0.831873003259506
2  2313 487 0 0 0.831873003259506
2  2314 65 0 0 0.831873003259506
0

0101000
+1529 3 -1536 3 *
Wi

0101100
-1530 0 -1528 0 +1527 0 +1535 0 *
Fa
0  1e-07 487 0

0101000
+1526 0 *
Ve
1e-07
1.135 -2.79832509313418 1.1
0 0

0101101
*
Ed
 1e-07 1 1 0
1  1158 0 3.14159265358979 4.45058959258554
2  2315 488 0 3.14159265358979 4.45058959258554
2  2316 65 0 3.14159265358979 4.45058959258554
0

0101000
+1524 3 -1529 3 *
Ve
1e-07
0.815 -2.79832509313418 1.1
0 0

0101101
*
Ed
 1e-07 1 1 0
1  1159 0 -0 0.32
2  2317 488 0 -0 0.32
2  2318 290 0 -0 0.32
4 G1 488 0 290 0
0

0101000
+1524 3 -1522 3 *
Ed
 1e-07 1 1 0
1  1160 0 3.14159265358979 4.45058959258554
2  2319 488 0 3.14159265358979 4.45058959258554
2  2320 67 0 3.14159265358979 4.45058959258554
0

0101000
+1522 3 -1531 3 *
Wi

0101100
-1528 0 -1523 0 +1521 0 +1520 0 *
Fa
0  1e-07 488 0

0101000
+1519 0 *
Ed
 1e-07 1 1 0
1  1161 0 0 0.148325093134183
2  2321 290 0 0 0.148325093134183
2  2322 67 0 0 0.148325093134183
0

0101000
+4066 3 -1522 3 *
Ed
 1e-07 1 1 0
1  1162 0 -0 0.148325093134183
2  2323 290 0 -0 0.148325093134183
2  2324 65 0 -0 0.148325093134183
0

0101000
+4072 3 -1524 3 *
Wi

0101100
-1517 0 -3550 0 +1516 0 +1521 0 *
Fa
0  1e-07 290 0

0101000
+1515 0 *
Ve
1e-07
0.815 -2.79832509313418 1.3
0 0

0101101
*
Ed
 1e-07 1 1 0
1  1163 0 -0 0.148325093134184
2  2325 341 0 -0 0.148325093134184
2  2326 67 0 -0 0.148325093134184
0

0101000
+4067 3 -1513 3 *
Ve
1e-07
1.135 -2.79832509313418 1.3
0 0

0101101
*
Ed
 1e-07 1 1 0
1  1164 0 -0 0.32
2  2327 341 0 -0 0.32
2  2328 489 0 -0 0.32
4 G1 341 0 489 0
0

0101000
+1511 3 -1513 3 *
Ed
 1e-07 1 1 0
1  1165 0 0 0.148325093134184
2  2329 341 0 0 0.148325093134184
2  2330 65 0 0 0.148325093134184
0

0101000
+4074 3 -1511 3 *
Wi

0101100
+1512 0 -1510 0 -1509 0 +3428 0 *
Fa
0  1e-07 341 0

0101000
-1508 0 *
Ve
1e-07
0.815 -3.0881028410209 1.07764571353076
0 0

0101101
*
Ed
 1e-07 1 1 0
1  1166 0 3.14159265358979 4.45058959258554
2  2331 489 0 3.14159265358979 4.45058959258554
2  2332 67 0 3.14159265358979 4.45058959258554
0

0101000
+1513 3 -1506 3 *
Ve
1e-07
1.135 -3.0881028410209 1.07764571353076
0 0

0101101
*
Ed
 1e-07 1 1 0
1  1167 0 -0 0.32
2  2333 489 0 -0 0.32
2  2334 490 0 -0 0.32
4 G1 489 0 490 0
0

0101000
+1504 3 -1506 3 *
Ed
 1e-07 1 1 0
1  1168 0 3.14159265358979 4.45058959258554
2  2335 489 0 3.14159265358979 4.45058959258554
2  2336 65 0 3.14159265358979 4.45058959258554
0

0101000
+1511 3 -1504 3 *
Wi

0101100
+1505 0 -1503 0 -1502 0 +1510 0 *
Fa
0  1e-07 489 0

0101000
+1501 0 *
Ve
1e-07
0.815 -3.30340741737109 0.274118095489748
0 0

0101101
*
Ed
 1e-07 1 1 0
1  1169 0 0 0.831873003259506
2  2337 490 0 0 0.831873003259506
2  2338 67 0 0 0.831873003259506
0

0101000
+1506 3 -1499 3 *
Ve
1e-07
1.135 -3.30340741737109 0.274118095489748
0 0

0101101
*
Ed
 1e-07 1 1 0
1  1170 0 -0 0.32
2  2339 490 0 -0 0.32
2  2340 484 0 -0 0.32
4 G1 490 0 484 0
0

0101000
+1497 3 -1499 3 *
Ed
 1e-07 1 1 0
1  1171 0 0 0.831873003259506
2  2341 490 0 0 0.831873003259506
2  2342 65 0 0 0.831873003259506
0

0101000
+1504 3 -1497 3 *
Wi

0101100
+1498 0 -1496 0 -1495 0 +1503 0 *
Fa
0  1e-07 490 0

0101000
-1494 0 *
Ed
 1e-07 1 1 0
1  1172 0 4.97418836818383 6.28318530717959
2  2343 484 0 4.97418836818383 6.28318530717959
2  2344 65 0 4.97418836818383 6.28318530717959
0

0101000
+1497 3 -1557 3 *
Ed
 1e-07 1 1 0
1  1173 0 4.97418836818383 6.28318530717959
2  2345 484 0 4.97418836818383 6.28318530717959
2  2346 67 0 4.97418836818383 6.28318530717959
0

0101000
+1499 3 -1562 3 *
Wi

0101100
-1496 0 +1492 0 +1555 0 -1491 0 *
Fa
0  1e-07 484 0

0101000
+1490 0 *
Wi

0101100
+1556 0 -1548 0 -1541 0 -1534 0 -1527 0 -1523 0 -1516 0 -4071 0 +1509 0 +1502 0 
+1495 0 +1492 0 *
Fa
0  1e-07 65 0

0101000
+1488 0 *
Wi

0101100
-1560 0 -1491 0 -1498 0 -1505 0 -1512 0 +4065 0 +1517 0 +1520 0 +1530 0 +1537 0 
+1544 0 +1551 0 *
Fa
0  1e-07 67 0

0101000
-1486 0 *
Ve
1e-07
1.465 -3.4 0.2
0 0

0101101
*
Ve
1e-07
1.465 -3.9 0.2
0 0

0101101
*
Ed
 1e-07 1 1 0
1  1174 0 0 0.5
2  2347 491 0 0 0.5
2  2348 64 0 0 0.5
0

0101000
+1484 3 -1483 3 *
Ve
1e-07
1.785 -3.9 0.2
0 0

0101101
*
Ed
 1e-07 1 1 0
1  1175 0 -0 0.32
2  2349 491 0 -0 0.32
2  2350 492 0 -0 0.32
0

0101000
+1481 3 -1483 3 *
Ve
1e-07
1.785 -3.4 0.2
0 0

0101101
*
Ed
 1e-07 1 1 0
1  1176 0 0 0.5
2  2351 491 0 0 0.5
2  2352 62 0 0 0.5
0

0101000
+1479 3 -1481 3 *
Ed
 1e-07 1 1 0
1  1177 0 -0 0.32
2  2353 491 0 -0 0.32
2  2354 493 0 -0 0.32
4 G1 491 0 493 0
0

0101000
+1479 3 -1484 3 *
Wi

0101100
+1482 0 -1480 0 -1478 0 +1477 0 *
Fa
0  1e-07 491 0

0101000
-1476 0 *
Ve
1e-07
1.465 -3.9 -4.74338450462408e-16
0 0

0101101
*
Ed
 1e-07 1 1 0
1  1178 0 0 0.2
2  2355 492 0 0 0.2
2  2356 64 0 0 0.2
0

0101000
+1474 3 -1483 3 *
Ve
1e-07
1.785 -3.9 -4.74338450462408e-16
0 0

0101101
*
Ed
 1e-07 1 1 0
1  1179 0 -0 0.32
2  2357 492 0 -0 0.32
2  2358 494 0 -0 0.32
0

0101000
+1472 3 -1474 3 *
Ed
 1e-07 1 1 0
1  1180 0 0 0.2
2  2359 492 0 0 0.2
2  2360 62 0 0 0.2
0

0101000
+1472 3 -1481 3 *
Wi

0101100
-1473 0 -1471 0 +1470 0 +1480 0 *
Fa
0  1e-07 492 0

0101000
+1469 0 *
Ve
1e-07
1.465 -3.4 -4.06575814682064e-16
0 0

0101101
*
Ed
 1e-07 1 1 0
1  1181 0 0 0.5
2  2361 494 0 0 0.5
2  2362 64 0 0 0.5
0

0101000
+1467 3 -1474 3 *
Ve
1e-07
1.785 -3.4 -4.06575814682064e-16
0 0

0101101
*
Ed
 1e-07 1 1 0
1  1182 0 -0 0.32
2  2363 494 0 -0 0.32
2  2364 495 0 -0 0.32
4 G1 494 0 495 0
0

0101000
+1465 3 -1467 3 *
Ed
 1e-07 1 1 0
1  1183 0 0 0.5
2  2365 494 0 0 0.5
2  2366 62 0 0 0.5
0

0101000
+1465 3 -1472 3 *
Wi

0101100
-1466 0 -1464 0 +1463 0 +1471 0 *
Fa
0  1e-07 494 0

0101000
+1462 0 *
Ve
1e-07
1.465 -3.11022225211328 0.222354286469244
0 0

0101101
*
Ed
 1e-07 1 1 0
1  1184 0 4.97418836818383 6.28318530717959
2  2367 495 0 4.97418836818383 6.28318530717959
2  2368 64 0 4.97418836818383 6.28318530717959
0

0101000
+1460 3 -1467 3 *
Ve
1e-07
1.785 -3.11022225211328 0.222354286469244
0 0

0101101
*
Ed
 1e-07 1 1 0
1  1185 0 -0 0.32
2  2369 495 0 -0 0.32
2  2370 496 0 -0 0.32
4 G1 495 0 496 0
0

0101000
+1458 3 -1460 3 *
Ed
 1e-07 1 1 0
1  1186 0 4.97418836818383 6.28318530717959
2  2371 495 0 4.97418836818383 6.28318530717959
2  2372 62 0 4.97418836818383 6.28318530717959
0

0101000
+1458 3 -1465 3 *
Wi

0101100
-1459 0 -1457 0 +1456 0 +1464 0 *
Fa
0  1e-07 495 0

0101000
+1455 0 *
Ve
1e-07
1.465 -2.89491767576309 1.02588190451025
0 0

0101101
*
Ed
 1e-07 1 1 0
1  1187 0 0 0.831873003259506
2  2373 496 0 0 0.831873003259506
2  2374 64 0 0 0.831873003259506
0

0101000
+1453 3 -1460 3 *
Ve
1e-07
1.785 -2.89491767576309 1.02588190451025
0 0

0101101
*
Ed
 1e-07 1 1 0
1  1188 0 -0 0.32
2  2375 496 0 -0 0.32
2  2376 497 0 -0 0.32
4 G1 496 0 497 0
0

0101000
+1451 3 -1453 3 *
Ed
 1e-07 1 1 0
1  1189 0 0 0.831873003259506
2  2377 496 0 0 0.831873003259506
2  2378 62 0 0 0.831873003259506
0

0101000
+1451 3 -1458 3 *
Wi

0101100
-1452 0 -1450 0 +1449 0 +1457 0 *
Fa
0  1e-07 496 0

0101000
+1448 0 *
Ve
1e-07
1.785 -2.79832509313418 1.1
0 0

0101101
*
Ed
 1e-07 1 1 0
1  1190 0 3.14159265358979 4.45058959258554
2  2379 497 0 3.14159265358979 4.45058959258554
2  2380 62 0 3.14159265358979 4.45058959258554
0

0101000
+1446 3 -1451 3 *
Ve
1e-07
1.465 -2.79832509313418 1.1
0 0

0101101
*
Ed
 1e-07 1 1 0
1  1191 0 -0 0.32
2  2381 497 0 -0 0.32
2  2382 289 0 -0 0.32
4 G1 497 0 289 0
0

0101000
+1446 3 -1444 3 *
Ed
 1e-07 1 1 0
1  1192 0 3.14159265358979 4.45058959258554
2  2383 497 0 3.14159265358979 4.45058959258554
2  2384 64 0 3.14159265358979 4.45058959258554
0

0101000
+1444 3 -1453 3 *
Wi

0101100
-1450 0 -1445 0 +1443 0 +1442 0 *
Fa
0  1e-07 497 0

0101000
+1441 0 *
Ed
 1e-07 1 1 0
1  1193 0 0 0.148325093134183
2  2385 289 0 0 0.148325093134183
2  2386 64 0 0 0.148325093134183
0

0101000
+4076 3 -1444 3 *
Ed
 1e-07 1 1 0
1  1194 0 -0 0.148325093134183
2  2387 289 0 -0 0.148325093134183
2  2388 62 0 -0 0.148325093134183
0

0101000
+4082 3 -1446 3 *
Wi

0101100
-1439 0 -3551 0 +1438 0 +1443 0 *
Fa
0  1e-07 289 0

0101000
+1437 0 *
Ve
1e-07
1.465 -2.79832509313418 1.3
0 0

0101101
*
Ed
 1e-07 1 1 0
1  1195 0 -0 0.148325093134184
2  2389 342 0 -0 0.148325093134184
2  2390 64 0 -0 0.148325093134184
0

0101000
+4077 3 -1435 3 *
Ve
1e-07
1.785 -2.79832509313418 1.3
0 0

0101101
*
Ed
 1e-07 1 1 0
1  1196 0 -0 0.32
2  2391 342 0 -0 0.32
2  2392 498 0 -0 0.32
4 G1 342 0 498 0
0

0101000
+1433 3 -1435 3 *
Ed
 1e-07 1 1 0
1  1197 0 0 0.148325093134184
2  2393 342 0 0 0.148325093134184
2  2394 62 0 0 0.148325093134184
0

0101000
+4084 3 -1433 3 *
Wi

0101100
+1434 0 -1432 0 -1431 0 +3427 0 *
Fa
0  1e-07 342 0

0101000
-1430 0 *
Ve
1e-07
1.465 -3.0881028410209 1.07764571353076
0 0

0101101
*
Ed
 1e-07 1 1 0
1  1198 0 3.14159265358979 4.45058959258554
2  2395 498 0 3.14159265358979 4.45058959258554
2  2396 64 0 3.14159265358979 4.45058959258554
0

0101000
+1435 3 -1428 3 *
Ve
1e-07
1.785 -3.0881028410209 1.07764571353076
0 0

0101101
*
Ed
 1e-07 1 1 0
1  1199 0 -0 0.32
2  2397 498 0 -0 0.32
2  2398 499 0 -0 0.32
4 G1 498 0 499 0
0

0101000
+1426 3 -1428 3 *
Ed
 1e-07 1 1 0
1  1200 0 3.14159265358979 4.45058959258554
2  2399 498 0 3.14159265358979 4.45058959258554
2  2400 62 0 3.14159265358979 4.45058959258554
0

0101000
+1433 3 -1426 3 *
Wi

0101100
+1427 0 -1425 0 -1424 0 +1432 0 *
Fa
0  1e-07 498 0

0101000
+1423 0 *
Ve
1e-07
1.465 -3.30340741737109 0.274118095489748
0 0

0101101
*
Ed
 1e-07 1 1 0
1  1201 0 0 0.831873003259506
2  2401 499 0 0 0.831873003259506
2  2402 64 0 0 0.831873003259506
0

0101000
+1428 3 -1421 3 *
Ve
1e-07
1.785 -3.30340741737109 0.274118095489748
0 0

0101101
*
Ed
 1e-07 1 1 0
1  1202 0 -0 0.32
2  2403 499 0 -0 0.32
2  2404 493 0 -0 0.32
4 G1 499 0 493 0
0

0101000
+1419 3 -1421 3 *
Ed
 1e-07 1 1 0
1  1203 0 0 0.831873003259506
2  2405 499 0 0 0.831873003259506
2  2406 62 0 0 0.831873003259506
0

0101000
+1426 3 -1419 3 *
Wi

0101100
+1420 0 -1418 0 -1417 0 +1425 0 *
Fa
0  1e-07 499 0

0101000
-1416 0 *
Ed
 1e-07 1 1 0
1  1204 0 4.97418836818383 6.28318530717959
2  2407 493 0 4.97418836818383 6.28318530717959
2  2408 62 0 4.97418836818383 6.28318530717959
0

0101000
+1419 3 -1479 3 *
Ed
 1e-07 1 1 0
1  1205 0 4.97418836818383 6.28318530717959
2  2409 493 0 4.97418836818383 6.28318530717959
2  2410 64 0 4.97418836818383 6.28318530717959
0

0101000
+1421 3 -1484 3 *
Wi

0101100
-1418 0 +1414 0 +1477 0 -1413 0 *
Fa
0  1e-07 493 0

0101000
+1412 0 *
Wi

0101100
+1478 0 -1470 0 -1463 0 -1456 0 -1449 0 -1445 0 -1438 0 -4081 0 +1431 0 +1424 0 
+1417 0 +1414 0 *
Fa
0  1e-07 62 0

0101000
+1410 0 *
Wi

0101100
-1482 0 -1413 0 -1420 0 -1427 0 -1434 0 +4075 0 +1439 0 +1442 0 +1452 0 +1459 0 
+1466 0 +1473 0 *
Fa
0  1e-07 64 0

0101000
-1408 0 *
Ve
1e-07
2.115 -3.4 0.2
0 0

0101101
*
Ve
1e-07
2.115 -3.9 0.2
0 0

0101101
*
Ed
 1e-07 1 1 0
1  1206 0 0 0.5
2  2411 500 0 0 0.5
2  2412 61 0 0 0.5
0

0101000
+1406 3 -1405 3 *
Ve
1e-07
2.435 -3.9 0.2
0 0

0101101
*
Ed
 1e-07 1 1 0
1  1207 0 -0 0.32
2  2413 500 0 -0 0.32
2  2414 501 0 -0 0.32
0

0101000
+1403 3 -1405 3 *
Ve
1e-07
2.435 -3.4 0.2
0 0

0101101
*
Ed
 1e-07 1 1 0
1  1208 0 0 0.5
2  2415 500 0 0 0.5
2  2416 59 0 0 0.5
0

0101000
+1401 3 -1403 3 *
Ed
 1e-07 1 1 0
1  1209 0 -0 0.32
2  2417 500 0 -0 0.32
2  2418 502 0 -0 0.32
4 G1 500 0 502 0
0

0101000
+1401 3 -1406 3 *
Wi

0101100
+1404 0 -1402 0 -1400 0 +1399 0 *
Fa
0  1e-07 500 0

0101000
-1398 0 *
Ve
1e-07
2.115 -3.9 -4.74338450462408e-16
0 0

0101101
*
Ed
 1e-07 1 1 0
1  1210 0 0 0.2
2  2419 501 0 0 0.2
2  2420 61 0 0 0.2
0

0101000
+1396 3 -1405 3 *
Ve
1e-07
2.435 -3.9 -4.74338450462408e-16
0 0

0101101
*
Ed
 1e-07 1 1 0
1  1211 0 -0 0.32
2  2421 501 0 -0 0.32
2  2422 503 0 -0 0.32
0

0101000
+1394 3 -1396 3 *
Ed
 1e-07 1 1 0
1  1212 0 0 0.2
2  2423 501 0 0 0.2
2  2424 59 0 0 0.2
0

0101000
+1394 3 -1403 3 *
Wi

0101100
-1395 0 -1393 0 +1392 0 +1402 0 *
Fa
0  1e-07 501 0

0101000
+1391 0 *
Ve
1e-07
2.115 -3.4 -4.06575814682064e-16
0 0

0101101
*
Ed
 1e-07 1 1 0
1  1213 0 0 0.5
2  2425 503 0 0 0.5
2  2426 61 0 0 0.5
0

0101000
+1389 3 -1396 3 *
Ve
1e-07
2.435 -3.4 -4.06575814682064e-16
0 0

0101101
*
Ed
 1e-07 1 1 0
1  1214 0 -0 0.32
2  2427 503 0 -0 0.32
2  2428 504 0 -0 0.32
4 G1 503 0 504 0
0

0101000
+1387 3 -1389 3 *
Ed
 1e-07 1 1 0
1  1215 0 0 0.5
2  2429 503 0 0 0.5
2  2430 59 0 0 0.5
0

0101000
+1387 3 -1394 3 *
Wi

0101100
-1388 0 -1386 0 +1385 0 +1393 0 *
Fa
0  1e-07 503 0

0101000
+1384 0 *
Ve
1e-07
2.115 -3.11022225211328 0.222354286469244
0 0

0101101
*
Ed
 1e-07 1 1 0
1  1216 0 4.97418836818383 6.28318530717959
2  2431 504 0 4.97418836818383 6.28318530717959
2  2432 61 0 4.97418836818383 6.28318530717959
0

0101000
+1382 3 -1389 3 *
Ve
1e-07
2.435 -3.11022225211328 0.222354286469244
0 0

0101101
*
Ed
 1e-07 1 1 0
1  1217 0 -0 0.32
2  2433 504 0 -0 0.32
2  2434 505 0 -0 0.32
4 G1 504 0 505 0
0

0101000
+1380 3 -1382 3 *
Ed
 1e-07 1 1 0
1  1218 0 4.97418836818383 6.28318530717959
2  2435 504 0 4.97418836818383 6.28318530717959
2  2436 59 0 4.97418836818383 6.28318530717959
0

0101000
+1380 3 -1387 3 *
Wi

0101100
-1381 0 -1379 0 +1378 0 +1386 0 *
Fa
0  1e-07 504 0

0101000
+1377 0 *
Ve
1e-07
2.115 -2.89491767576309 1.02588190451025
0 0

0101101
*
Ed
 1e-07 1 1 0
1  1219 0 0 0.831873003259506
2  2437 505 0 0 0.831873003259506
2  2438 61 0 0 0.831873003259506
0

0101000
+1375 3 -1382 3 *
Ve
1e-07
2.435 -2.89491767576309 1.02588190451025
0 0

0101101
*
Ed
 1e-07 1 1 0
1  1220 0 -0 0.32
2  2439 505 0 -0 0.32
2  2440 506 0 -0 0.32
4 G1 505 0 506 0
0

0101000
+1373 3 -1375 3 *
Ed
 1e-07 1 1 0
1  1221 0 0 0.831873003259506
2  2441 505 0 0 0.831873003259506
2  2442 59 0 0 0.831873003259506
0

0101000
+1373 3 -1380 3 *
Wi

0101100
-1374 0 -1372 0 +1371 0 +1379 0 *
Fa
0  1e-07 505 0

0101000
+1370 0 *
Ve
1e-07
2.435 -2.79832509313418 1.1
0 0

0101101
*
Ed
 1e-07 1 1 0
1  1222 0 3.14159265358979 4.45058959258554
2  2443 506 0 3.14159265358979 4.45058959258554
2  2444 59 0 3.14159265358979 4.45058959258554
0

0101000
+1368 3 -1373 3 *
Ve
1e-07
2.115 -2.79832509313418 1.1
0 0

0101101
*
Ed
 1e-07 1 1 0
1  1223 0 -0 0.32
2  2445 506 0 -0 0.32
2  2446 288 0 -0 0.32
4 G1 506 0 288 0
0

0101000
+1368 3 -1366 3 *
Ed
 1e-07 1 1 0
1  1224 0 3.14159265358979 4.45058959258554
2  2447 506 0 3.14159265358979 4.45058959258554
2  2448 61 0 3.14159265358979 4.45058959258554
0

0101000
+1366 3 -1375 3 *
Wi

0101100
-1372 0 -1367 0 +1365 0 +1364 0 *
Fa
0  1e-07 506 0

0101000
+1363 0 *
Ed
 1e-07 1 1 0
1  1225 0 0 0.148325093134183
2  2449 288 0 0 0.148325093134183
2  2450 61 0 0 0.148325093134183
0

0101000
+4086 3 -1366 3 *
Ed
 1e-07 1 1 0
1  1226 0 -0 0.148325093134183
2  2451 288 0 -0 0.148325093134183
2  2452 59 0 -0 0.148325093134183
0

0101000
+4092 3 -1368 3 *
Wi

0101100
-1361 0 -3552 0 +1360 0 +1365 0 *
Fa
0  1e-07 288 0

0101000
+1359 0 *
Ve
1e-07
2.115 -2.79832509313418 1.3
0 0

0101101
*
Ed
 1e-07 1 1 0
1  1227 0 -0 0.148325093134184
2  2453 343 0 -0 0.148325093134184
2  2454 61 0 -0 0.148325093134184
0

0101000
+4087 3 -1357 3 *
Ve
1e-07
2.435 -2.79832509313418 1.3
0 0

0101101
*
Ed
 1e-07 1 1 0
1  1228 0 -0 0.32
2  2455 343 0 -0 0.32
2  2456 507 0 -0 0.32
4 G1 343 0 507 0
0

0101000
+1355 3 -1357 3 *
Ed
 1e-07 1 1 0
1  1229 0 0 0.148325093134184
2  2457 343 0 0 0.148325093134184
2  2458 59 0 0 0.148325093134184
0

0101000
+4094 3 -1355 3 *
Wi

0101100
+1356 0 -1354 0 -1353 0 +3426 0 *
Fa
0  1e-07 343 0

0101000
-1352 0 *
Ve
1e-07
2.115 -3.0881028410209 1.07764571353076
0 0

0101101
*
Ed
 1e-07 1 1 0
1  1230 0 3.14159265358979 4.45058959258554
2  2459 507 0 3.14159265358979 4.45058959258554
2  2460 61 0 3.14159265358979 4.45058959258554
0

0101000
+1357 3 -1350 3 *
Ve
1e-07
2.435 -3.0881028410209 1.07764571353076
0 0

0101101
*
Ed
 1e-07 1 1 0
1  1231 0 -0 0.32
2  2461 507 0 -0 0.32
2  2462 508 0 -0 0.32
4 G1 507 0 508 0
0

0101000
+1348 3 -1350 3 *
Ed
 1e-07 1 1 0
1  1232 0 3.14159265358979 4.45058959258554
2  2463 507 0 3.14159265358979 4.45058959258554
2  2464 59 0 3.14159265358979 4.45058959258554
0

0101000
+1355 3 -1348 3 *
Wi

0101100
+1349 0 -1347 0 -1346 0 +1354 0 *
Fa
0  1e-07 507 0

0101000
+1345 0 *
Ve
1e-07
2.115 -3.30340741737109 0.274118095489748
0 0

0101101
*
Ed
 1e-07 1 1 0
1  1233 0 0 0.831873003259506
2  2465 508 0 0 0.831873003259506
2  2466 61 0 0 0.831873003259506
0

0101000
+1350 3 -1343 3 *
Ve
1e-07
2.435 -3.30340741737109 0.274118095489748
0 0

0101101
*
Ed
 1e-07 1 1 0
1  1234 0 -0 0.32
2  2467 508 0 -0 0.32
2  2468 502 0 -0 0.32
4 G1 508 0 502 0
0

0101000
+1341 3 -1343 3 *
Ed
 1e-07 1 1 0
1  1235 0 0 0.831873003259506
2  2469 508 0 0 0.831873003259506
2  2470 59 0 0 0.831873003259506
0

0101000
+1348 3 -1341 3 *
Wi

0101100
+1342 0 -1340 0 -1339 0 +1347 0 *
Fa
0  1e-07 508 0

0101000
-1338 0 *
Ed
 1e-07 1 1 0
1  1236 0 4.97418836818383 6.28318530717959
2  2471 502 0 4.97418836818383 6.28318530717959
2  2472 59 0 4.97418836818383 6.28318530717959
0

0101000
+1341 3 -1401 3 *
Ed
 1e-07 1 1 0
1  1237 0 4.97418836818383 6.28318530717959
2  2473 502 0 4.97418836818383 6.28318530717959
2  2474 61 0 4.97418836818383 6.28318530717959
0

0101000
+1343 3 -1406 3 *
Wi

0101100
-1340 0 +1336 0 +1399 0 -1335 0 *
Fa
0  1e-07 502 0

0101000
+1334 0 *
Wi

0101100
+1400 0 -1392 0 -1385 0 -1378 0 -1371 0 -1367 0 -1360 0 -4091 0 +1353 0 +1346 0 
+1339 0 +1336 0 *
Fa
0  1e-07 59 0

0101000
+1332 0 *
Wi

0101100
-1404 0 -1335 0 -1342 0 -1349 0 -1356 0 +4085 0 +1361 0 +1364 0 +1374 0 +1381 0 
+1388 0 +1395 0 *
Fa
0  1e-07 61 0

0101000
-1330 0 *
Ve
1e-07
2.765 -3.4 0.2
0 0

0101101
*
Ve
1e-07
2.765 -3.9 0.2
0 0

0101101
*
Ed
 1e-07 1 1 0
1  1238 0 0 0.5
2  2475 509 0 0 0.5
2  2476 58 0 0 0.5
0

0101000
+1328 3 -1327 3 *
Ve
1e-07
3.085 -3.9 0.2
0 0

0101101
*
Ed
 1e-07 1 1 0
1  1239 0 -0 0.32
2  2477 509 0 -0 0.32
2  2478 510 0 -0 0.32
0

0101000
+1325 3 -1327 3 *
Ve
1e-07
3.085 -3.4 0.2
0 0

0101101
*
Ed
 1e-07 1 1 0
1  1240 0 0 0.5
2  2479 509 0 0 0.5
2  2480 56 0 0 0.5
0

0101000
+1323 3 -1325 3 *
Ed
 1e-07 1 1 0
1  1241 0 -0 0.32
2  2481 509 0 -0 0.32
2  2482 511 0 -0 0.32
4 G1 509 0 511 0
0

0101000
+1323 3 -1328 3 *
Wi

0101100
+1326 0 -1324 0 -1322 0 +1321 0 *
Fa
0  1e-07 509 0

0101000
-1320 0 *
Ve
1e-07
2.765 -3.9 -4.74338450462408e-16
0 0

0101101
*
Ed
 1e-07 1 1 0
1  1242 0 0 0.2
2  2483 510 0 0 0.2
2  2484 58 0 0 0.2
0

0101000
+1318 3 -1327 3 *
Ve
1e-07
3.085 -3.9 -4.74338450462408e-16
0 0

0101101
*
Ed
 1e-07 1 1 0
1  1243 0 -0 0.32
2  2485 510 0 -0 0.32
2  2486 512 0 -0 0.32
0

0101000
+1316 3 -1318 3 *
Ed
 1e-07 1 1 0
1  1244 0 0 0.2
2  2487 510 0 0 0.2
2  2488 56 0 0 0.2
0

0101000
+1316 3 -1325 3 *
Wi

0101100
-1317 0 -1315 0 +1314 0 +1324 0 *
Fa
0  1e-07 510 0

0101000
+1313 0 *
Ve
1e-07
2.765 -3.4 -4.06575814682064e-16
0 0

0101101
*
Ed
 1e-07 1 1 0
1  1245 0 0 0.5
2  2489 512 0 0 0.5
2  2490 58 0 0 0.5
0

0101000
+1311 3 -1318 3 *
Ve
1e-07
3.085 -3.4 -4.06575814682064e-16
0 0

0101101
*
Ed
 1e-07 1 1 0
1  1246 0 -0 0.32
2  2491 512 0 -0 0.32
2  2492 513 0 -0 0.32
4 G1 512 0 513 0
0

0101000
+1309 3 -1311 3 *
Ed
 1e-07 1 1 0
1  1247 0 0 0.5
2  2493 512 0 0 0.5
2  2494 56 0 0 0.5
0

0101000
+1309 3 -1316 3 *
Wi

0101100
-1310 0 -1308 0 +1307 0 +1315 0 *
Fa
0  1e-07 512 0

0101000
+1306 0 *
Ve
1e-07
2.765 -3.11022225211328 0.222354286469244
0 0

0101101
*
Ed
 1e-07 1 1 0
1  1248 0 4.97418836818383 6.28318530717959
2  2495 513 0 4.97418836818383 6.28318530717959
2  2496 58 0 4.97418836818383 6.28318530717959
0

0101000
+1304 3 -1311 3 *
Ve
1e-07
3.085 -3.11022225211328 0.222354286469244
0 0

0101101
*
Ed
 1e-07 1 1 0
1  1249 0 -0 0.32
2  2497 513 0 -0 0.32
2  2498 514 0 -0 0.32
4 G1 513 0 514 0
0

0101000
+1302 3 -1304 3 *
Ed
 1e-07 1 1 0
1  1250 0 4.97418836818383 6.28318530717959
2  2499 513 0 4.97418836818383 6.28318530717959
2  2500 56 0 4.97418836818383 6.28318530717959
0

0101000
+1302 3 -1309 3 *
Wi

0101100
-1303 0 -1301 0 +1300 0 +1308 0 *
Fa
0  1e-07 513 0

0101000
+1299 0 *
Ve
1e-07
2.765 -2.89491767576309 1.02588190451025
0 0

0101101
*
Ed
 1e-07 1 1 0
1  1251 0 0 0.831873003259506
2  2501 514 0 0 0.831873003259506
2  2502 58 0 0 0.831873003259506
0

0101000
+1297 3 -1304 3 *
Ve
1e-07
3.085 -2.89491767576309 1.02588190451025
0 0

0101101
*
Ed
 1e-07 1 1 0
1  1252 0 -0 0.32
2  2503 514 0 -0 0.32
2  2504 515 0 -0 0.32
4 G1 514 0 515 0
0

0101000
+1295 3 -1297 3 *
Ed
 1e-07 1 1 0
1  1253 0 0 0.831873003259506
2  2505 514 0 0 0.831873003259506
2  2506 56 0 0 0.831873003259506
0

0101000
+1295 3 -1302 3 *
Wi

0101100
-1296 0 -1294 0 +1293 0 +1301 0 *
Fa
0  1e-07 514 0

0101000
+1292 0 *
Ve
1e-07
3.085 -2.79832509313418 1.1
0 0

0101101
*
Ed
 1e-07 1 1 0
1  1254 0 3.14159265358979 4.45058959258554
2  2507 515 0 3.14159265358979 4.45058959258554
2  2508 56 0 3.14159265358979 4.45058959258554
0

0101000
+1290 3 -1295 3 *
Ve
1e-07
2.765 -2.79832509313418 1.1
0 0

0101101
*
Ed
 1e-07 1 1 0
1  1255 0 -0 0.32
2  2509 515 0 -0 0.32
2  2510 287 0 -0 0.32
4 G1 515 0 287 0
0

0101000
+1290 3 -1288 3 *
Ed
 1e-07 1 1 0
1  1256 0 3.14159265358979 4.45058959258554
2  2511 515 0 3.14159265358979 4.45058959258554
2  2512 58 0 3.14159265358979 4.45058959258554
0

0101000
+1288 3 -1297 3 *
Wi

0101100
-1294 0 -1289 0 +1287 0 +1286 0 *
Fa
0  1e-07 515 0

0101000
+1285 0 *
Ed
 1e-07 1 1 0
1  1257 0 0 0.148325093134183
2  2513 287 0 0 0.148325093134183
2  2514 58 0 0 0.148325093134183
0

0101000
+4096 3 -1288 3 *
Ed
 1e-07 1 1 0
1  1258 0 0 0.148325093134183
2  2515 287 0 0 0.148325093134183
2  2516 56 0 0 0.148325093134183
0

0101000
+4102 3 -1290 3 *
Wi

0101100
-1283 0 -3553 0 +1282 0 +1287 0 *
Fa
0  1e-07 287 0

0101000
+1281 0 *
Ve
1e-07
2.765 -2.79832509313418 1.3
0 0

0101101
*
Ed
 1e-07 1 1 0
1  1259 0 -0 0.148325093134184
2  2517 344 0 -0 0.148325093134184
2  2518 58 0 -0 0.148325093134184
0

0101000
+4097 3 -1279 3 *
Ve
1e-07
3.085 -2.79832509313418 1.3
0 0

0101101
*
Ed
 1e-07 1 1 0
1  1260 0 -0 0.32
2  2519 344 0 -0 0.32
2  2520 516 0 -0 0.32
4 G1 344 0 516 0
0

0101000
+1277 3 -1279 3 *
Ed
 1e-07 1 1 0
1  1261 0 0 0.148325093134184
2  2521 344 0 0 0.148325093134184
2  2522 56 0 0 0.148325093134184
0

0101000
+4104 3 -1277 3 *
Wi

0101100
+1278 0 -1276 0 -1275 0 +3425 0 *
Fa
0  1e-07 344 0

0101000
-1274 0 *
Ve
1e-07
2.765 -3.0881028410209 1.07764571353076
0 0

0101101
*
Ed
 1e-07 1 1 0
1  1262 0 3.14159265358979 4.45058959258554
2  2523 516 0 3.14159265358979 4.45058959258554
2  2524 58 0 3.14159265358979 4.45058959258554
0

0101000
+1279 3 -1272 3 *
Ve
1e-07
3.085 -3.0881028410209 1.07764571353076
0 0

0101101
*
Ed
 1e-07 1 1 0
1  1263 0 -0 0.32
2  2525 516 0 -0 0.32
2  2526 517 0 -0 0.32
4 G1 516 0 517 0
0

0101000
+1270 3 -1272 3 *
Ed
 1e-07 1 1 0
1  1264 0 3.14159265358979 4.45058959258554
2  2527 516 0 3.14159265358979 4.45058959258554
2  2528 56 0 3.14159265358979 4.45058959258554
0

0101000
+1277 3 -1270 3 *
Wi

0101100
+1271 0 -1269 0 -1268 0 +1276 0 *
Fa
0  1e-07 516 0

0101000
+1267 0 *
Ve
1e-07
2.765 -3.30340741737109 0.274118095489748
0 0

0101101
*
Ed
 1e-07 1 1 0
1  1265 0 0 0.831873003259506
2  2529 517 0 0 0.831873003259506
2  2530 58 0 0 0.831873003259506
0

0101000
+1272 3 -1265 3 *
Ve
1e-07
3.085 -3.30340741737109 0.274118095489748
0 0

0101101
*
Ed
 1e-07 1 1 0
1  1266 0 -0 0.32
2  2531 517 0 -0 0.32
2  2532 511 0 -0 0.32
4 G1 517 0 511 0
0

0101000
+1263 3 -1265 3 *
Ed
 1e-07 1 1 0
1  1267 0 0 0.831873003259506
2  2533 517 0 0 0.831873003259506
2  2534 56 0 0 0.831873003259506
0

0101000
+1270 3 -1263 3 *
Wi

0101100
+1264 0 -1262 0 -1261 0 +1269 0 *
Fa
0  1e-07 517 0

0101000
-1260 0 *
Ed
 1e-07 1 1 0
1  1268 0 4.97418836818383 6.28318530717959
2  2535 511 0 4.97418836818383 6.28318530717959
2  2536 56 0 4.97418836818383 6.28318530717959
0

0101000
+1263 3 -1323 3 *
Ed
 1e-07 1 1 0
1  1269 0 4.97418836818383 6.28318530717959
2  2537 511 0 4.97418836818383 6.28318530717959
2  2538 58 0 4.97418836818383 6.28318530717959
0

0101000
+1265 3 -1328 3 *
Wi

0101100
-1262 0 +1258 0 +1321 0 -1257 0 *
Fa
0  1e-07 511 0

0101000
+1256 0 *
Wi

0101100
+1322 0 -1314 0 -1307 0 -1300 0 -1293 0 -1289 0 -1282 0 -4101 0 +1275 0 +1268 0 
+1261 0 +1258 0 *
Fa
0  1e-07 56 0

0101000
+1254 0 *
Wi

0101100
-1326 0 -1257 0 -1264 0 -1271 0 -1278 0 +4095 0 +1283 0 +1286 0 +1296 0 +1303 0 
+1310 0 +1317 0 *
Fa
0  1e-07 58 0

0101000
-1252 0 *
Ve
1e-07
3.415 -3.4 0.2
0 0

0101101
*
Ve
1e-07
3.415 -3.9 0.2
0 0

0101101
*
Ed
 1e-07 1 1 0
1  1270 0 0 0.5
2  2539 518 0 0 0.5
2  2540 55 0 0 0.5
0

0101000
+1250 3 -1249 3 *
Ve
1e-07
3.735 -3.9 0.2
0 0

0101101
*
Ed
 1e-07 1 1 0
1  1271 0 -0 0.32
2  2541 518 0 -0 0.32
2  2542 519 0 -0 0.32
0

0101000
+1247 3 -1249 3 *
Ve
1e-07
3.735 -3.4 0.2
0 0

0101101
*
Ed
 1e-07 1 1 0
1  1272 0 0 0.5
2  2543 518 0 0 0.5
2  2544 52 0 0 0.5
0

0101000
+1245 3 -1247 3 *
Ed
 1e-07 1 1 0
1  1273 0 -0 0.32
2  2545 518 0 -0 0.32
2  2546 520 0 -0 0.32
4 G1 518 0 520 0
0

0101000
+1245 3 -1250 3 *
Wi

0101100
+1248 0 -1246 0 -1244 0 +1243 0 *
Fa
0  1e-07 518 0

0101000
-1242 0 *
Ve
1e-07
3.415 -3.9 -4.74338450462408e-16
0 0

0101101
*
Ed
 1e-07 1 1 0
1  1274 0 0 0.2
2  2547 519 0 0 0.2
2  2548 55 0 0 0.2
0

0101000
+1240 3 -1249 3 *
Ve
1e-07
3.735 -3.9 -4.74338450462408e-16
0 0

0101101
*
Ed
 1e-07 1 1 0
1  1275 0 -0 0.32
2  2549 519 0 -0 0.32
2  2550 521 0 -0 0.32
0

0101000
+1238 3 -1240 3 *
Ed
 1e-07 1 1 0
1  1276 0 0 0.2
2  2551 519 0 0 0.2
2  2552 52 0 0 0.2
0

0101000
+1238 3 -1247 3 *
Wi

0101100
-1239 0 -1237 0 +1236 0 +1246 0 *
Fa
0  1e-07 519 0

0101000
+1235 0 *
Ve
1e-07
3.415 -3.4 -4.06575814682064e-16
0 0

0101101
*
Ed
 1e-07 1 1 0
1  1277 0 0 0.5
2  2553 521 0 0 0.5
2  2554 55 0 0 0.5
0

0101000
+1233 3 -1240 3 *
Ve
1e-07
3.735 -3.4 -4.06575814682064e-16
0 0

0101101
*
Ed
 1e-07 1 1 0
1  1278 0 -0 0.32
2  2555 521 0 -0 0.32
2  2556 522 0 -0 0.32
4 G1 521 0 522 0
0

0101000
+1231 3 -1233 3 *
Ed
 1e-07 1 1 0
1  1279 0 0 0.5
2  2557 521 0 0 0.5
2  2558 52 0 0 0.5
0

0101000
+1231 3 -1238 3 *
Wi

0101100
-1232 0 -1230 0 +1229 0 +1237 0 *
Fa
0  1e-07 521 0

0101000
+1228 0 *
Ve
1e-07
3.415 -3.11022225211328 0.222354286469244
0 0

0101101
*
Ed
 1e-07 1 1 0
1  1280 0 4.97418836818383 6.28318530717959
2  2559 522 0 4.97418836818383 6.28318530717959
2  2560 55 0 4.97418836818383 6.28318530717959
0

0101000
+1226 3 -1233 3 *
Ve
1e-07
3.735 -3.11022225211328 0.222354286469244
0 0

0101101
*
Ed
 1e-07 1 1 0
1  1281 0 -0 0.32
2  2561 522 0 -0 0.32
2  2562 523 0 -0 0.32
4 G1 522 0 523 0
0

0101000
+1224 3 -1226 3 *
Ed
 1e-07 1 1 0
1  1282 0 4.97418836818383 6.28318530717959
2  2563 522 0 4.97418836818383 6.28318530717959
2  2564 52 0 4.97418836818383 6.28318530717959
0

0101000
+1224 3 -1231 3 *
Wi

0101100
-1225 0 -1223 0 +1222 0 +1230 0 *
Fa
0  1e-07 522 0

0101000
+1221 0 *
Ve
1e-07
3.415 -2.89491767576309 1.02588190451025
0 0

0101101
*
Ed
 1e-07 1 1 0
1  1283 0 0 0.831873003259506
2  2565 523 0 0 0.831873003259506
2  2566 55 0 0 0.831873003259506
0

0101000
+1219 3 -1226 3 *
Ve
1e-07
3.735 -2.89491767576309 1.02588190451025
0 0

0101101
*
Ed
 1e-07 1 1 0
1  1284 0 -0 0.32
2  2567 523 0 -0 0.32
2  2568 524 0 -0 0.32
4 G1 523 0 524 0
0

0101000
+1217 3 -1219 3 *
Ed
 1e-07 1 1 0
1  1285 0 0 0.831873003259506
2  2569 523 0 0 0.831873003259506
2  2570 52 0 0 0.831873003259506
0

0101000
+1217 3 -1224 3 *
Wi

0101100
-1218 0 -1216 0 +1215 0 +1223 0 *
Fa
0  1e-07 523 0

0101000
+1214 0 *
Ve
1e-07
3.735 -2.79832509313418 1.1
0 0

0101101
*
Ed
 1e-07 1 1 0
1  1286 0 3.14159265358979 4.45058959258554
2  2571 524 0 3.14159265358979 4.45058959258554
2  2572 52 0 3.14159265358979 4.45058959258554
0

0101000
+1212 3 -1217 3 *
Ve
1e-07
3.415 -2.79832509313418 1.1
0 0

0101101
*
Ed
 1e-07 1 1 0
1  1287 0 -0 0.32
2  2573 524 0 -0 0.32
2  2574 286 0 -0 0.32
4 G1 524 0 286 0
0

0101000
+1212 3 -1210 3 *
Ed
 1e-07 1 1 0
1  1288 0 3.14159265358979 4.45058959258554
2  2575 524 0 3.14159265358979 4.45058959258554
2  2576 55 0 3.14159265358979 4.45058959258554
0

0101000
+1210 3 -1219 3 *
Wi

0101100
-1216 0 -1211 0 +1209 0 +1208 0 *
Fa
0  1e-07 524 0

0101000
+1207 0 *
Ed
 1e-07 1 1 0
1  1289 0 -0 0.148325093134183
2  2577 286 0 -0 0.148325093134183
2  2578 55 0 -0 0.148325093134183
0

0101000
+4106 3 -1210 3 *
Ed
 1e-07 1 1 0
1  1290 0 -0 0.148325093134183
2  2579 286 0 -0 0.148325093134183
2  2580 52 0 -0 0.148325093134183
0

0101000
+4112 3 -1212 3 *
Wi

0101100
-1205 0 -3554 0 +1204 0 +1209 0 *
Fa
0  1e-07 286 0

0101000
+1203 0 *
Ve
1e-07
3.415 -2.79832509313418 1.3
0 0

0101101
*
Ed
 1e-07 1 1 0
1  1291 0 -0 0.148325093134184
2  2581 345 0 -0 0.148325093134184
2  2582 55 0 -0 0.148325093134184
0

0101000
+4107 3 -1201 3 *
Ve
1e-07
3.735 -2.79832509313418 1.3
0 0

0101101
*
Ed
 1e-07 1 1 0
1  1292 0 -0 0.32
2  2583 345 0 -0 0.32
2  2584 525 0 -0 0.32
4 G1 345 0 525 0
0

0101000
+1199 3 -1201 3 *
Ed
 1e-07 1 1 0
1  1293 0 0 0.148325093134184
2  2585 345 0 0 0.148325093134184
2  2586 52 0 0 0.148325093134184
0

0101000
+4114 3 -1199 3 *
Wi

0101100
+1200 0 -1198 0 -1197 0 +3424 0 *
Fa
0  1e-07 345 0

0101000
-1196 0 *
Ve
1e-07
3.415 -3.0881028410209 1.07764571353076
0 0

0101101
*
Ed
 1e-07 1 1 0
1  1294 0 3.14159265358979 4.45058959258554
2  2587 525 0 3.14159265358979 4.45058959258554
2  2588 55 0 3.14159265358979 4.45058959258554
0

0101000
+1201 3 -1194 3 *
Ve
1e-07
3.735 -3.0881028410209 1.07764571353076
0 0

0101101
*
Ed
 1e-07 1 1 0
1  1295 0 -0 0.32
2  2589 525 0 -0 0.32
2  2590 526 0 -0 0.32
4 G1 525 0 526 0
0

0101000
+1192 3 -1194 3 *
Ed
 1e-07 1 1 0
1  1296 0 3.14159265358979 4.45058959258554
2  2591 525 0 3.14159265358979 4.45058959258554
2  2592 52 0 3.14159265358979 4.45058959258554
0

0101000
+1199 3 -1192 3 *
Wi

0101100
+1193 0 -1191 0 -1190 0 +1198 0 *
Fa
0  1e-07 525 0

0101000
+1189 0 *
Ve
1e-07
3.415 -3.30340741737109 0.274118095489748
0 0

0101101
*
Ed
 1e-07 1 1 0
1  1297 0 0 0.831873003259506
2  2593 526 0 0 0.831873003259506
2  2594 55 0 0 0.831873003259506
0

0101000
+1194 3 -1187 3 *
Ve
1e-07
3.735 -3.30340741737109 0.274118095489748
0 0

0101101
*
Ed
 1e-07 1 1 0
1  1298 0 -0 0.32
2  2595 526 0 -0 0.32
2  2596 520 0 -0 0.32
4 G1 526 0 520 0
0

0101000
+1185 3 -1187 3 *
Ed
 1e-07 1 1 0
1  1299 0 0 0.831873003259506
2  2597 526 0 0 0.831873003259506
2  2598 52 0 0 0.831873003259506
0

0101000
+1192 3 -1185 3 *
Wi

0101100
+1186 0 -1184 0 -1183 0 +1191 0 *
Fa
0  1e-07 526 0

0101000
-1182 0 *
Ed
 1e-07 1 1 0
1  1300 0 4.97418836818383 6.28318530717959
2  2599 520 0 4.97418836818383 6.28318530717959
2  2600 52 0 4.97418836818383 6.28318530717959
0

0101000
+1185 3 -1245 3 *
Ed
 1e-07 1 1 0
1  1301 0 4.97418836818383 6.28318530717959
2  2601 520 0 4.97418836818383 6.28318530717959
2  2602 55 0 4.97418836818383 6.28318530717959
0

0101000
+1187 3 -1250 3 *
Wi

0101100
-1184 0 +1180 0 +1243 0 -1179 0 *
Fa
0  1e-07 520 0

0101000
+1178 0 *
Wi

0101100
+1244 0 -1236 0 -1229 0 -1222 0 -1215 0 -1211 0 -1204 0 -4111 0 +1197 0 +1190 0 
+1183 0 +1180 0 *
Fa
0  1e-07 52 0

0101000
+1176 0 *
Wi

0101100
-1248 0 -1179 0 -1186 0 -1193 0 -1200 0 +4105 0 +1205 0 +1208 0 +1218 0 +1225 0 
+1232 0 +1239 0 *
Fa
0  1e-07 55 0

0101000
-1174 0 *
Ve
1e-07
4.065 -3.4 0.2
0 0

0101101
*
Ve
1e-07
4.065 -3.9 0.2
0 0

0101101
*
Ed
 1e-07 1 1 0
1  1302 0 0 0.5
2  2603 527 0 0 0.5
2  2604 50 0 0 0.5
0

0101000
+1172 3 -1171 3 *
Ve
1e-07
4.385 -3.9 0.2
0 0

0101101
*
Ed
 1e-07 1 1 0
1  1303 0 -0 0.319999999999999
2  2605 527 0 -0 0.319999999999999
2  2606 528 0 -0 0.319999999999999
0

0101000
+1169 3 -1171 3 *
Ve
1e-07
4.385 -3.4 0.2
0 0

0101101
*
Ed
 1e-07 1 1 0
1  1304 0 0 0.5
2  2607 527 0 0 0.5
2  2608 277 0 0 0.5
0

0101000
+1167 3 -1169 3 *
Ed
 1e-07 1 1 0
1  1305 0 -0 0.319999999999999
2  2609 527 0 -0 0.319999999999999
2  2610 529 0 -0 0.319999999999999
4 G1 527 0 529 0
0

0101000
+1167 3 -1172 3 *
Wi

0101100
+1170 0 -1168 0 -1166 0 +1165 0 *
Fa
0  1e-07 527 0

0101000
-1164 0 *
Ve
1e-07
4.065 -3.9 -4.74338450462408e-16
0 0

0101101
*
Ed
 1e-07 1 1 0
1  1306 0 0 0.2
2  2611 528 0 0 0.2
2  2612 50 0 0 0.2
0

0101000
+1162 3 -1171 3 *
Ve
1e-07
4.385 -3.9 -4.74338450462408e-16
0 0

0101101
*
Ed
 1e-07 1 1 0
1  1307 0 -0 0.319999999999999
2  2613 528 0 -0 0.319999999999999
2  2614 530 0 -0 0.319999999999999
0

0101000
+1160 3 -1162 3 *
Ed
 1e-07 1 1 0
1  1308 0 0 0.2
2  2615 528 0 0 0.2
2  2616 277 0 0 0.2
0

0101000
+1160 3 -1169 3 *
Wi

0101100
-1161 0 -1159 0 +1158 0 +1168 0 *
Fa
0  1e-07 528 0

0101000
+1157 0 *
Ve
1e-07
4.065 -3.4 -4.06575814682064e-16
0 0

0101101
*
Ed
 1e-07 1 1 0
1  1309 0 0 0.5
2  2617 530 0 0 0.5
2  2618 50 0 0 0.5
0

0101000
+1155 3 -1162 3 *
Ve
1e-07
4.385 -3.4 -4.06575814682064e-16
0 0

0101101
*
Ed
 1e-07 1 1 0
1  1310 0 -0 0.319999999999999
2  2619 530 0 -0 0.319999999999999
2  2620 531 0 -0 0.319999999999999
4 G1 530 0 531 0
0

0101000
+1153 3 -1155 3 *
Ed
 1e-07 1 1 0
1  1311 0 0 0.5
2  2621 530 0 0 0.5
2  2622 277 0 0 0.5
0

0101000
+1153 3 -1160 3 *
Wi

0101100
-1154 0 -1152 0 +1151 0 +1159 0 *
Fa
0  1e-07 530 0

0101000
+1150 0 *
Ve
1e-07
4.065 -3.11022225211328 0.222354286469244
0 0

0101101
*
Ed
 1e-07 1 1 0
1  1312 0 4.97418836818383 6.28318530717959
2  2623 531 0 4.97418836818383 6.28318530717959
2  2624 50 0 4.97418836818383 6.28318530717959
0

0101000
+1148 3 -1155 3 *
Ve
1e-07
4.385 -3.11022225211328 0.222354286469244
0 0

0101101
*
Ed
 1e-07 1 1 0
1  1313 0 -0 0.319999999999999
2  2625 531 0 -0 0.319999999999999
2  2626 532 0 -0 0.319999999999999
4 G1 531 0 532 0
0

0101000
+1146 3 -1148 3 *
Ed
 1e-07 1 1 0
1  1314 0 4.97418836818383 6.28318530717959
2  2627 531 0 4.97418836818383 6.28318530717959
2  2628 277 0 4.97418836818383 6.28318530717959
0

0101000
+1146 3 -1153 3 *
Wi

0101100
-1147 0 -1145 0 +1144 0 +1152 0 *
Fa
0  1e-07 531 0

0101000
+1143 0 *
Ve
1e-07
4.065 -2.89491767576309 1.02588190451025
0 0

0101101
*
Ed
 1e-07 1 1 0
1  1315 0 0 0.831873003259506
2  2629 532 0 0 0.831873003259506
2  2630 50 0 0 0.831873003259506
0

0101000
+1141 3 -1148 3 *
Ve
1e-07
4.385 -2.89491767576309 1.02588190451025
0 0

0101101
*
Ed
 1e-07 1 1 0
1  1316 0 -0 0.319999999999999
2  2631 532 0 -0 0.319999999999999
2  2632 533 0 -0 0.319999999999999
4 G1 532 0 533 0
0

0101000
+1139 3 -1141 3 *
Ed
 1e-07 1 1 0
1  1317 0 0 0.831873003259506
2  2633 532 0 0 0.831873003259506
2  2634 277 0 0 0.831873003259506
0

0101000
+1139 3 -1146 3 *
Wi

0101100
-1140 0 -1138 0 +1137 0 +1145 0 *
Fa
0  1e-07 532 0

0101000
+1136 0 *
Ve
1e-07
4.385 -2.79832509313418 1.1
0 0

0101101
*
Ed
 1e-07 1 1 0
1  1318 0 3.14159265358979 4.45058959258554
2  2635 533 0 3.14159265358979 4.45058959258554
2  2636 277 0 3.14159265358979 4.45058959258554
0

0101000
+1134 3 -1139 3 *
Ve
1e-07
4.065 -2.79832509313418 1.1
0 0

0101101
*
Ed
 1e-07 1 1 0
1  1319 0 -0 0.319999999999999
2  2637 533 0 -0 0.319999999999999
2  2638 285 0 -0 0.319999999999999
4 G1 533 0 285 0
0

0101000
+1134 3 -1132 3 *
Ed
 1e-07 1 1 0
1  1320 0 3.14159265358979 4.45058959258554
2  2639 533 0 3.14159265358979 4.45058959258554
2  2640 50 0 3.14159265358979 4.45058959258554
0

0101000
+1132 3 -1141 3 *
Wi

0101100
-1138 0 -1133 0 +1131 0 +1130 0 *
Fa
0  1e-07 533 0

0101000
+1129 0 *
Ed
 1e-07 1 1 0
1  1321 0 0 0.148325093134183
2  2641 285 0 0 0.148325093134183
2  2642 50 0 0 0.148325093134183
0

0101000
+4116 3 -1132 3 *
Ed
 1e-07 1 1 0
1  1322 0 -0 0.148325093134183
2  2643 285 0 -0 0.148325093134183
2  2644 277 0 -0 0.148325093134183
0

0101000
+3581 3 -1134 3 *
Wi

0101100
-1127 0 -3555 0 +1126 0 +1131 0 *
Fa
0  1e-07 285 0

0101000
+1125 0 *
Ve
1e-07
4.065 -2.79832509313418 1.3
0 0

0101101
*
Ed
 1e-07 1 1 0
1  1323 0 -0 0.148325093134184
2  2645 346 0 -0 0.148325093134184
2  2646 50 0 -0 0.148325093134184
0

0101000
+4117 3 -1123 3 *
Ve
1e-07
4.385 -2.79832509313418 1.3
0 0

0101101
*
Ed
 1e-07 1 1 0
1  1324 0 -0 0.319999999999999
2  2647 346 0 -0 0.319999999999999
2  2648 534 0 -0 0.319999999999999
4 G1 346 0 534 0
0

0101000
+1121 3 -1123 3 *
Ed
 1e-07 1 1 0
1  1325 0 0 0.148325093134184
2  2649 346 0 0 0.148325093134184
2  2650 277 0 0 0.148325093134184
0

0101000
+3583 3 -1121 3 *
Wi

0101100
+1122 0 -1120 0 -1119 0 +3423 0 *
Fa
0  1e-07 346 0

0101000
-1118 0 *
Ve
1e-07
4.065 -3.0881028410209 1.07764571353076
0 0

0101101
*
Ed
 1e-07 1 1 0
1  1326 0 3.14159265358979 4.45058959258554
2  2651 534 0 3.14159265358979 4.45058959258554
2  2652 50 0 3.14159265358979 4.45058959258554
0

0101000
+1123 3 -1116 3 *
Ve
1e-07
4.385 -3.0881028410209 1.07764571353076
0 0

0101101
*
Ed
 1e-07 1 1 0
1  1327 0 -0 0.319999999999999
2  2653 534 0 -0 0.319999999999999
2  2654 535 0 -0 0.319999999999999
4 G1 534 0 535 0
0

0101000
+1114 3 -1116 3 *
Ed
 1e-07 1 1 0
1  1328 0 3.14159265358979 4.45058959258554
2  2655 534 0 3.14159265358979 4.45058959258554
2  2656 277 0 3.14159265358979 4.45058959258554
0

0101000
+1121 3 -1114 3 *
Wi

0101100
+1115 0 -1113 0 -1112 0 +1120 0 *
Fa
0  1e-07 534 0

0101000
+1111 0 *
Ve
1e-07
4.065 -3.30340741737109 0.274118095489748
0 0

0101101
*
Ed
 1e-07 1 1 0
1  1329 0 0 0.831873003259506
2  2657 535 0 0 0.831873003259506
2  2658 50 0 0 0.831873003259506
0

0101000
+1116 3 -1109 3 *
Ve
1e-07
4.385 -3.30340741737109 0.274118095489748
0 0

0101101
*
Ed
 1e-07 1 1 0
1  1330 0 -0 0.319999999999999
2  2659 535 0 -0 0.319999999999999
2  2660 529 0 -0 0.319999999999999
4 G1 535 0 529 0
0

0101000
+1107 3 -1109 3 *
Ed
 1e-07 1 1 0
1  1331 0 0 0.831873003259506
2  2661 535 0 0 0.831873003259506
2  2662 277 0 0 0.831873003259506
0

0101000
+1114 3 -1107 3 *
Wi

0101100
+1108 0 -1106 0 -1105 0 +1113 0 *
Fa
0  1e-07 535 0

0101000
-1104 0 *
Ed
 1e-07 1 1 0
1  1332 0 4.97418836818383 6.28318530717959
2  2663 529 0 4.97418836818383 6.28318530717959
2  2664 277 0 4.97418836818383 6.28318530717959
0

0101000
+1107 3 -1167 3 *
Ed
 1e-07 1 1 0
1  1333 0 4.97418836818383 6.28318530717959
2  2665 529 0 4.97418836818383 6.28318530717959
2  2666 50 0 4.97418836818383 6.28318530717959
0

0101000
+1109 3 -1172 3 *
Wi

0101100
-1106 0 +1102 0 +1165 0 -1101 0 *
Fa
0  1e-07 529 0

0101000
+1100 0 *
Wi

0101100
+1166 0 -1158 0 -1151 0 -1144 0 -1137 0 -1133 0 -1126 0 -3580 0 +1119 0 +1112 0 
+1105 0 +1102 0 *
Fa
0  1e-07 277 0

0101000
+1098 0 *
Wi

0101100
-1170 0 -1101 0 -1108 0 -1115 0 -1122 0 +4115 0 +1127 0 +1130 0 +1140 0 +1147 0 
+1154 0 +1161 0 *
Fa
0  1e-07 50 0

0101000
-1096 0 *
Ve
1e-07
-4.385 3.4 0.2
0 0

0101101
*
Ve
1e-07
-4.385 3.9 0.2
0 0

0101101
*
Ed
 1e-07 1 1 0
1  1334 0 0 0.5
2  2667 536 0 0 0.5
2  2668 47 0 0 0.5
0

0101000
+1094 3 -1093 3 *
Ve
1e-07
-4.065 3.4 0.2
0 0

0101101
*
Ed
 1e-07 1 1 0
1  1335 0 -0 0.319999999999999
2  2669 536 0 -0 0.319999999999999
2  2670 537 0 -0 0.319999999999999
4 G1 536 0 537 0
0

0101000
+1091 3 -1094 3 *
Ve
1e-07
-4.065 3.9 0.2
0 0

0101101
*
Ed
 1e-07 1 1 0
1  1336 0 0 0.5
2  2671 536 0 0 0.5
2  2672 45 0 0 0.5
0

0101000
+1091 3 -1089 3 *
Ed
 1e-07 1 1 0
1  1337 0 -0 0.319999999999999
2  2673 536 0 -0 0.319999999999999
2  2674 538 0 -0 0.319999999999999
0

0101000
+1089 3 -1093 3 *
Wi

0101100
-1092 0 -1090 0 +1088 0 +1087 0 *
Fa
0  1e-07 536 0

0101000
+1086 0 *
Ve
1e-07
-4.065 3.30340741737109 0.274118095489748
0 0

0101101
*
Ed
 1e-07 1 1 0
1  1338 0 4.97418836818383 6.28318530717959
2  2675 537 0 4.97418836818383 6.28318530717959
2  2676 45 0 4.97418836818383 6.28318530717959
0

0101000
+1084 3 -1091 3 *
Ve
1e-07
-4.385 3.30340741737109 0.274118095489748
0 0

0101101
*
Ed
 1e-07 1 1 0
1  1339 0 -0 0.319999999999999
2  2677 537 0 -0 0.319999999999999
2  2678 539 0 -0 0.319999999999999
4 G1 537 0 539 0
0

0101000
+1084 3 -1082 3 *
Ed
 1e-07 1 1 0
1  1340 0 4.97418836818383 6.28318530717959
2  2679 537 0 4.97418836818383 6.28318530717959
2  2680 47 0 4.97418836818383 6.28318530717959
0

0101000
+1082 3 -1094 3 *
Wi

0101100
-1090 0 -1083 0 +1081 0 +1080 0 *
Fa
0  1e-07 537 0

0101000
+1079 0 *
Ve
1e-07
-4.385 3.0881028410209 1.07764571353076
0 0

0101101
*
Ed
 1e-07 1 1 0
1  1341 0 0 0.831873003259506
2  2681 539 0 0 0.831873003259506
2  2682 47 0 0 0.831873003259506
0

0101000
+1077 3 -1082 3 *
Ve
1e-07
-4.065 3.0881028410209 1.07764571353076
0 0

0101101
*
Ed
 1e-07 1 1 0
1  1342 0 -0 0.319999999999999
2  2683 539 0 -0 0.319999999999999
2  2684 540 0 -0 0.319999999999999
4 G1 539 0 540 0
0

0101000
+1075 3 -1077 3 *
Ed
 1e-07 1 1 0
1  1343 0 0 0.831873003259506
2  2685 539 0 0 0.831873003259506
2  2686 45 0 0 0.831873003259506
0

0101000
+1075 3 -1084 3 *
Wi

0101100
-1076 0 -1074 0 +1073 0 +1081 0 *
Fa
0  1e-07 539 0

0101000
+1072 0 *
Ve
1e-07
-4.385 2.79832509313418 1.3
0 0

0101101
*
Ed
 1e-07 1 1 0
1  1344 0 3.14159265358979 4.45058959258554
2  2687 540 0 3.14159265358979 4.45058959258554
2  2688 47 0 3.14159265358979 4.45058959258554
0

0101000
+1070 3 -1077 3 *
Ve
1e-07
-4.065 2.79832509313418 1.3
0 0

0101101
*
Ed
 1e-07 1 1 0
1  1345 0 -0 0.319999999999999
2  2689 540 0 -0 0.319999999999999
2  2690 329 0 -0 0.319999999999999
4 G1 540 0 329 0
0

0101000
+1068 3 -1070 3 *
Ed
 1e-07 1 1 0
1  1346 0 3.14159265358979 4.45058959258554
2  2691 540 0 3.14159265358979 4.45058959258554
2  2692 45 0 3.14159265358979 4.45058959258554
0

0101000
+1068 3 -1075 3 *
Wi

0101100
-1069 0 -1067 0 +1066 0 +1074 0 *
Fa
0  1e-07 540 0

0101000
+1065 0 *
Ed
 1e-07 1 1 0
1  1347 0 0 0.148325093134184
2  2693 329 0 0 0.148325093134184
2  2694 47 0 0 0.148325093134184
0

0101000
+4127 3 -1070 3 *
Ed
 1e-07 1 1 0
1  1348 0 0 0.148325093134184
2  2695 329 0 0 0.148325093134184
2  2696 45 0 0 0.148325093134184
0

0101000
+4132 3 -1068 3 *
Wi

0101100
-1063 0 -3475 0 +1062 0 +1067 0 *
Fa
0  1e-07 329 0

0101000
+1061 0 *
Ve
1e-07
-4.385 2.79832509313418 1.1
0 0

0101101
*
Ed
 1e-07 1 1 0
1  1349 0 0 0.148325093134183
2  2697 301 0 0 0.148325093134183
2  2698 47 0 0 0.148325093134183
0

0101000
+4126 3 -1059 3 *
Ve
1e-07
-4.065 2.79832509313418 1.1
0 0

0101101
*
Ed
 1e-07 1 1 0
1  1350 0 -0 0.319999999999999
2  2699 301 0 -0 0.319999999999999
2  2700 541 0 -0 0.319999999999999
4 G1 301 0 541 0
0

0101000
+1057 3 -1059 3 *
Ed
 1e-07 1 1 0
1  1351 0 0 0.148325093134183
2  2701 301 0 0 0.148325093134183
2  2702 45 0 0 0.148325093134183
0

0101000
+4134 3 -1057 3 *
Wi

0101100
+1058 0 -1056 0 -1055 0 +3513 0 *
Fa
0  1e-07 301 0

0101000
-1054 0 *
Ve
1e-07
-4.065 2.89491767576309 1.02588190451025
0 0

0101101
*
Ed
 1e-07 1 1 0
1  1352 0 3.14159265358979 4.45058959258554
2  2703 541 0 3.14159265358979 4.45058959258554
2  2704 45 0 3.14159265358979 4.45058959258554
0

0101000
+1057 3 -1052 3 *
Ve
1e-07
-4.385 2.89491767576309 1.02588190451025
0 0

0101101
*
Ed
 1e-07 1 1 0
1  1353 0 -0 0.319999999999999
2  2705 541 0 -0 0.319999999999999
2  2706 542 0 -0 0.319999999999999
4 G1 541 0 542 0
0

0101000
+1052 3 -1050 3 *
Ed
 1e-07 1 1 0
1  1354 0 3.14159265358979 4.45058959258554
2  2707 541 0 3.14159265358979 4.45058959258554
2  2708 47 0 3.14159265358979 4.45058959258554
0

0101000
+1059 3 -1050 3 *
Wi

0101100
-1056 0 +1051 0 +1049 0 -1048 0 *
Fa
0  1e-07 541 0

0101000
+1047 0 *
Ve
1e-07
-4.385 3.11022225211328 0.222354286469244
0 0

0101101
*
Ed
 1e-07 1 1 0
1  1355 0 0 0.831873003259506
2  2709 542 0 0 0.831873003259506
2  2710 47 0 0 0.831873003259506
0

0101000
+1050 3 -1045 3 *
Ve
1e-07
-4.065 3.11022225211328 0.222354286469244
0 0

0101101
*
Ed
 1e-07 1 1 0
1  1356 0 -0 0.319999999999999
2  2711 542 0 -0 0.319999999999999
2  2712 543 0 -0 0.319999999999999
4 G1 542 0 543 0
0

0101000
+1043 3 -1045 3 *
Ed
 1e-07 1 1 0
1  1357 0 0 0.831873003259506
2  2713 542 0 0 0.831873003259506
2  2714 45 0 0 0.831873003259506
0

0101000
+1052 3 -1043 3 *
Wi

0101100
+1044 0 -1042 0 -1041 0 +1049 0 *
Fa
0  1e-07 542 0

0101000
-1040 0 *
Ve
1e-07
-4.385 3.4 -4.06575814682064e-16
0 0

0101101
*
Ed
 1e-07 1 1 0
1  1358 0 4.97418836818383 6.28318530717959
2  2715 543 0 4.97418836818383 6.28318530717959
2  2716 47 0 4.97418836818383 6.28318530717959
0

0101000
+1045 3 -1038 3 *
Ve
1e-07
-4.065 3.4 -4.06575814682064e-16
0 0

0101101
*
Ed
 1e-07 1 1 0
1  1359 0 -0 0.319999999999999
2  2717 543 0 -0 0.319999999999999
2  2718 544 0 -0 0.319999999999999
4 G1 543 0 544 0
0

0101000
+1036 3 -1038 3 *
Ed
 1e-07 1 1 0
1  1360 0 4.97418836818383 6.28318530717959
2  2719 543 0 4.97418836818383 6.28318530717959
2  2720 45 0 4.97418836818383 6.28318530717959
0

0101000
+1043 3 -1036 3 *
Wi

0101100
+1037 0 -1035 0 -1034 0 +1042 0 *
Fa
0  1e-07 543 0

0101000
+1033 0 *
Ve
1e-07
-4.385 3.9 -4.74338450462408e-16
0 0

0101101
*
Ed
 1e-07 1 1 0
1  1361 0 0 0.5
2  2721 544 0 0 0.5
2  2722 47 0 0 0.5
0

0101000
+1038 3 -1031 3 *
Ve
1e-07
-4.065 3.9 -4.74338450462408e-16
0 0

0101101
*
Ed
 1e-07 1 1 0
1  1362 0 -0 0.319999999999999
2  2723 544 0 -0 0.319999999999999
2  2724 538 0 -0 0.319999999999999
0

0101000
+1029 3 -1031 3 *
Ed
 1e-07 1 1 0
1  1363 0 0 0.5
2  2725 544 0 0 0.5
2  2726 45 0 0 0.5
0

0101000
+1036 3 -1029 3 *
Wi

0101100
+1030 0 -1028 0 -1027 0 +1035 0 *
Fa
0  1e-07 544 0

0101000
-1026 0 *
Ed
 1e-07 1 1 0
1  1364 0 0 0.2
2  2727 538 0 0 0.2
2  2728 47 0 0 0.2
0

0101000
+1031 3 -1093 3 *
Ed
 1e-07 1 1 0
1  1365 0 0 0.2
2  2729 538 0 0 0.2
2  2730 45 0 0 0.2
0

0101000
+1029 3 -1089 3 *
Wi

0101100
+1024 0 -1087 0 -1023 0 +1028 0 *
Fa
0  1e-07 538 0

0101000
-1022 0 *
Wi

0101100
-1088 0 -1083 0 -1073 0 -1066 0 -1062 0 +4131 0 +1055 0 +1051 0 +1041 0 +1034 0 
+1027 0 +1023 0 *
Fa
0  1e-07 45 0

0101000
+1020 0 *
Wi

0101100
+1092 0 -1024 0 -1030 0 -1037 0 -1044 0 -1048 0 -1058 0 -4125 0 +1063 0 +1069 0 
+1076 0 +1080 0 *
Fa
0  1e-07 47 0

0101000
-1018 0 *
Ve
1e-07
-3.735 3.4 0.2
0 0

0101101
*
Ve
1e-07
-3.735 3.9 0.2
0 0

0101101
*
Ed
 1e-07 1 1 0
1  1366 0 0 0.5
2  2731 545 0 0 0.5
2  2732 44 0 0 0.5
0

0101000
+1016 3 -1015 3 *
Ve
1e-07
-3.415 3.4 0.2
0 0

0101101
*
Ed
 1e-07 1 1 0
1  1367 0 -0 0.32
2  2733 545 0 -0 0.32
2  2734 546 0 -0 0.32
4 G1 545 0 546 0
0

0101000
+1013 3 -1016 3 *
Ve
1e-07
-3.415 3.9 0.2
0 0

0101101
*
Ed
 1e-07 1 1 0
1  1368 0 0 0.5
2  2735 545 0 0 0.5
2  2736 42 0 0 0.5
0

0101000
+1013 3 -1011 3 *
Ed
 1e-07 1 1 0
1  1369 0 -0 0.32
2  2737 545 0 -0 0.32
2  2738 547 0 -0 0.32
0

0101000
+1011 3 -1015 3 *
Wi

0101100
-1014 0 -1012 0 +1010 0 +1009 0 *
Fa
0  1e-07 545 0

0101000
+1008 0 *
Ve
1e-07
-3.415 3.30340741737109 0.274118095489748
0 0

0101101
*
Ed
 1e-07 1 1 0
1  1370 0 4.97418836818383 6.28318530717959
2  2739 546 0 4.97418836818383 6.28318530717959
2  2740 42 0 4.97418836818383 6.28318530717959
0

0101000
+1006 3 -1013 3 *
Ve
1e-07
-3.735 3.30340741737109 0.274118095489748
0 0

0101101
*
Ed
 1e-07 1 1 0
1  1371 0 -0 0.32
2  2741 546 0 -0 0.32
2  2742 548 0 -0 0.32
4 G1 546 0 548 0
0

0101000
+1006 3 -1004 3 *
Ed
 1e-07 1 1 0
1  1372 0 4.97418836818383 6.28318530717959
2  2743 546 0 4.97418836818383 6.28318530717959
2  2744 44 0 4.97418836818383 6.28318530717959
0

0101000
+1004 3 -1016 3 *
Wi

0101100
-1012 0 -1005 0 +1003 0 +1002 0 *
Fa
0  1e-07 546 0

0101000
+1001 0 *
Ve
1e-07
-3.735 3.0881028410209 1.07764571353076
0 0

0101101
*
Ed
 1e-07 1 1 0
1  1373 0 0 0.831873003259506
2  2745 548 0 0 0.831873003259506
2  2746 44 0 0 0.831873003259506
0

0101000
+999 3 -1004 3 *
Ve
1e-07
-3.415 3.0881028410209 1.07764571353076
0 0

0101101
*
Ed
 1e-07 1 1 0
1  1374 0 -0 0.32
2  2747 548 0 -0 0.32
2  2748 549 0 -0 0.32
4 G1 548 0 549 0
0

0101000
+997 3 -999 3 *
Ed
 1e-07 1 1 0
1  1375 0 0 0.831873003259506
2  2749 548 0 0 0.831873003259506
2  2750 42 0 0 0.831873003259506
0

0101000
+997 3 -1006 3 *
Wi

0101100
-998 0 -996 0 +995 0 +1003 0 *
Fa
0  1e-07 548 0

0101000
+994 0 *
Ve
1e-07
-3.735 2.79832509313418 1.3
0 0

0101101
*
Ed
 1e-07 1 1 0
1  1376 0 3.14159265358979 4.45058959258554
2  2751 549 0 3.14159265358979 4.45058959258554
2  2752 44 0 3.14159265358979 4.45058959258554
0

0101000
+992 3 -999 3 *
Ve
1e-07
-3.415 2.79832509313418 1.3
0 0

0101101
*
Ed
 1e-07 1 1 0
1  1377 0 -0 0.32
2  2753 549 0 -0 0.32
2  2754 328 0 -0 0.32
4 G1 549 0 328 0
0

0101000
+990 3 -992 3 *
Ed
 1e-07 1 1 0
1  1378 0 3.14159265358979 4.45058959258554
2  2755 549 0 3.14159265358979 4.45058959258554
2  2756 42 0 3.14159265358979 4.45058959258554
0

0101000
+990 3 -997 3 *
Wi

0101100
-991 0 -989 0 +988 0 +996 0 *
Fa
0  1e-07 549 0

0101000
+987 0 *
Ed
 1e-07 1 1 0
1  1379 0 0 0.148325093134184
2  2757 328 0 0 0.148325093134184
2  2758 44 0 0 0.148325093134184
0

0101000
+4137 3 -992 3 *
Ed
 1e-07 1 1 0
1  1380 0 0 0.148325093134184
2  2759 328 0 0 0.148325093134184
2  2760 42 0 0 0.148325093134184
0

0101000
+4142 3 -990 3 *
Wi

0101100
-985 0 -3476 0 +984 0 +989 0 *
Fa
0  1e-07 328 0

0101000
+983 0 *
Ve
1e-07
-3.735 2.79832509313418 1.1
0 0

0101101
*
Ed
 1e-07 1 1 0
1  1381 0 0 0.148325093134183
2  2761 302 0 0 0.148325093134183
2  2762 44 0 0 0.148325093134183
0

0101000
+4136 3 -981 3 *
Ve
1e-07
-3.415 2.79832509313418 1.1
0 0

0101101
*
Ed
 1e-07 1 1 0
1  1382 0 -0 0.32
2  2763 302 0 -0 0.32
2  2764 550 0 -0 0.32
4 G1 302 0 550 0
0

0101000
+979 3 -981 3 *
Ed
 1e-07 1 1 0
1  1383 0 0 0.148325093134183
2  2765 302 0 0 0.148325093134183
2  2766 42 0 0 0.148325093134183
0

0101000
+4144 3 -979 3 *
Wi

0101100
+980 0 -978 0 -977 0 +3512 0 *
Fa
0  1e-07 302 0

0101000
-976 0 *
Ve
1e-07
-3.415 2.89491767576309 1.02588190451025
0 0

0101101
*
Ed
 1e-07 1 1 0
1  1384 0 3.14159265358979 4.45058959258554
2  2767 550 0 3.14159265358979 4.45058959258554
2  2768 42 0 3.14159265358979 4.45058959258554
0

0101000
+979 3 -974 3 *
Ve
1e-07
-3.735 2.89491767576309 1.02588190451025
0 0

0101101
*
Ed
 1e-07 1 1 0
1  1385 0 -0 0.32
2  2769 550 0 -0 0.32
2  2770 551 0 -0 0.32
4 G1 550 0 551 0
0

0101000
+974 3 -972 3 *
Ed
 1e-07 1 1 0
1  1386 0 3.14159265358979 4.45058959258554
2  2771 550 0 3.14159265358979 4.45058959258554
2  2772 44 0 3.14159265358979 4.45058959258554
0

0101000
+981 3 -972 3 *
Wi

0101100
-978 0 +973 0 +971 0 -970 0 *
Fa
0  1e-07 550 0

0101000
+969 0 *
Ve
1e-07
-3.735 3.11022225211328 0.222354286469244
0 0

0101101
*
Ed
 1e-07 1 1 0
1  1387 0 0 0.831873003259506
2  2773 551 0 0 0.831873003259506
2  2774 44 0 0 0.831873003259506
0

0101000
+972 3 -967 3 *
Ve
1e-07
-3.415 3.11022225211328 0.222354286469244
0 0

0101101
*
Ed
 1e-07 1 1 0
1  1388 0 -0 0.32
2  2775 551 0 -0 0.32
2  2776 552 0 -0 0.32
4 G1 551 0 552 0
0

0101000
+965 3 -967 3 *
Ed
 1e-07 1 1 0
1  1389 0 0 0.831873003259506
2  2777 551 0 0 0.831873003259506
2  2778 42 0 0 0.831873003259506
0

0101000
+974 3 -965 3 *
Wi

0101100
+966 0 -964 0 -963 0 +971 0 *
Fa
0  1e-07 551 0

0101000
-962 0 *
Ve
1e-07
-3.735 3.4 -4.06575814682064e-16
0 0

0101101
*
Ed
 1e-07 1 1 0
1  1390 0 4.97418836818383 6.28318530717959
2  2779 552 0 4.97418836818383 6.28318530717959
2  2780 44 0 4.97418836818383 6.28318530717959
0

0101000
+967 3 -960 3 *
Ve
1e-07
-3.415 3.4 -4.06575814682064e-16
0 0

0101101
*
Ed
 1e-07 1 1 0
1  1391 0 -0 0.32
2  2781 552 0 -0 0.32
2  2782 553 0 -0 0.32
4 G1 552 0 553 0
0

0101000
+958 3 -960 3 *
Ed
 1e-07 1 1 0
1  1392 0 4.97418836818383 6.28318530717959
2  2783 552 0 4.97418836818383 6.28318530717959
2  2784 42 0 4.97418836818383 6.28318530717959
0

0101000
+965 3 -958 3 *
Wi

0101100
+959 0 -957 0 -956 0 +964 0 *
Fa
0  1e-07 552 0

0101000
+955 0 *
Ve
1e-07
-3.735 3.9 -4.74338450462408e-16
0 0

0101101
*
Ed
 1e-07 1 1 0
1  1393 0 0 0.5
2  2785 553 0 0 0.5
2  2786 44 0 0 0.5
0

0101000
+960 3 -953 3 *
Ve
1e-07
-3.415 3.9 -4.74338450462408e-16
0 0

0101101
*
Ed
 1e-07 1 1 0
1  1394 0 -0 0.32
2  2787 553 0 -0 0.32
2  2788 547 0 -0 0.32
0

0101000
+951 3 -953 3 *
Ed
 1e-07 1 1 0
1  1395 0 0 0.5
2  2789 553 0 0 0.5
2  2790 42 0 0 0.5
0

0101000
+958 3 -951 3 *
Wi

0101100
+952 0 -950 0 -949 0 +957 0 *
Fa
0  1e-07 553 0

0101000
-948 0 *
Ed
 1e-07 1 1 0
1  1396 0 0 0.2
2  2791 547 0 0 0.2
2  2792 44 0 0 0.2
0

0101000
+953 3 -1015 3 *
Ed
 1e-07 1 1 0
1  1397 0 0 0.2
2  2793 547 0 0 0.2
2  2794 42 0 0 0.2
0

0101000
+951 3 -1011 3 *
Wi

0101100
+946 0 -1009 0 -945 0 +950 0 *
Fa
0  1e-07 547 0

0101000
-944 0 *
Wi

0101100
-1010 0 -1005 0 -995 0 -988 0 -984 0 +4141 0 +977 0 +973 0 +963 0 +956 0 
+949 0 +945 0 *
Fa
0  1e-07 42 0

0101000
+942 0 *
Wi

0101100
+1014 0 -946 0 -952 0 -959 0 -966 0 -970 0 -980 0 -4135 0 +985 0 +991 0 
+998 0 +1002 0 *
Fa
0  1e-07 44 0

0101000
-940 0 *
Ve
1e-07
-3.085 3.4 0.2
0 0

0101101
*
Ve
1e-07
-3.085 3.9 0.2
0 0

0101101
*
Ed
 1e-07 1 1 0
1  1398 0 0 0.5
2  2795 554 0 0 0.5
2  2796 41 0 0 0.5
0

0101000
+938 3 -937 3 *
Ve
1e-07
-2.765 3.4 0.2
0 0

0101101
*
Ed
 1e-07 1 1 0
1  1399 0 -0 0.32
2  2797 554 0 -0 0.32
2  2798 555 0 -0 0.32
4 G1 554 0 555 0
0

0101000
+935 3 -938 3 *
Ve
1e-07
-2.765 3.9 0.2
0 0

0101101
*
Ed
 1e-07 1 1 0
1  1400 0 0 0.5
2  2799 554 0 0 0.5
2  2800 39 0 0 0.5
0

0101000
+935 3 -933 3 *
Ed
 1e-07 1 1 0
1  1401 0 -0 0.32
2  2801 554 0 -0 0.32
2  2802 556 0 -0 0.32
0

0101000
+933 3 -937 3 *
Wi

0101100
-936 0 -934 0 +932 0 +931 0 *
Fa
0  1e-07 554 0

0101000
+930 0 *
Ve
1e-07
-2.765 3.30340741737109 0.274118095489748
0 0

0101101
*
Ed
 1e-07 1 1 0
1  1402 0 4.97418836818383 6.28318530717959
2  2803 555 0 4.97418836818383 6.28318530717959
2  2804 39 0 4.97418836818383 6.28318530717959
0

0101000
+928 3 -935 3 *
Ve
1e-07
-3.085 3.30340741737109 0.274118095489748
0 0

0101101
*
Ed
 1e-07 1 1 0
1  1403 0 -0 0.32
2  2805 555 0 -0 0.32
2  2806 557 0 -0 0.32
4 G1 555 0 557 0
0

0101000
+928 3 -926 3 *
Ed
 1e-07 1 1 0
1  1404 0 4.97418836818383 6.28318530717959
2  2807 555 0 4.97418836818383 6.28318530717959
2  2808 41 0 4.97418836818383 6.28318530717959
0

0101000
+926 3 -938 3 *
Wi

0101100
-934 0 -927 0 +925 0 +924 0 *
Fa
0  1e-07 555 0

0101000
+923 0 *
Ve
1e-07
-3.085 3.0881028410209 1.07764571353076
0 0

0101101
*
Ed
 1e-07 1 1 0
1  1405 0 0 0.831873003259506
2  2809 557 0 0 0.831873003259506
2  2810 41 0 0 0.831873003259506
0

0101000
+921 3 -926 3 *
Ve
1e-07
-2.765 3.0881028410209 1.07764571353076
0 0

0101101
*
Ed
 1e-07 1 1 0
1  1406 0 -0 0.32
2  2811 557 0 -0 0.32
2  2812 558 0 -0 0.32
4 G1 557 0 558 0
0

0101000
+919 3 -921 3 *
Ed
 1e-07 1 1 0
1  1407 0 0 0.831873003259506
2  2813 557 0 0 0.831873003259506
2  2814 39 0 0 0.831873003259506
0

0101000
+919 3 -928 3 *
Wi

0101100
-920 0 -918 0 +917 0 +925 0 *
Fa
0  1e-07 557 0

0101000
+916 0 *
Ve
1e-07
-3.085 2.79832509313418 1.3
0 0

0101101
*
Ed
 1e-07 1 1 0
1  1408 0 3.14159265358979 4.45058959258554
2  2815 558 0 3.14159265358979 4.45058959258554
2  2816 41 0 3.14159265358979 4.45058959258554
0

0101000
+914 3 -921 3 *
Ve
1e-07
-2.765 2.79832509313418 1.3
0 0

0101101
*
Ed
 1e-07 1 1 0
1  1409 0 -0 0.32
2  2817 558 0 -0 0.32
2  2818 327 0 -0 0.32
4 G1 558 0 327 0
0

0101000
+912 3 -914 3 *
Ed
 1e-07 1 1 0
1  1410 0 3.14159265358979 4.45058959258554
2  2819 558 0 3.14159265358979 4.45058959258554
2  2820 39 0 3.14159265358979 4.45058959258554
0

0101000
+912 3 -919 3 *
Wi

0101100
-913 0 -911 0 +910 0 +918 0 *
Fa
0  1e-07 558 0

0101000
+909 0 *
Ed
 1e-07 1 1 0
1  1411 0 0 0.148325093134184
2  2821 327 0 0 0.148325093134184
2  2822 41 0 0 0.148325093134184
0

0101000
+4147 3 -914 3 *
Ed
 1e-07 1 1 0
1  1412 0 0 0.148325093134184
2  2823 327 0 0 0.148325093134184
2  2824 39 0 0 0.148325093134184
0

0101000
+4152 3 -912 3 *
Wi

0101100
-907 0 -3477 0 +906 0 +911 0 *
Fa
0  1e-07 327 0

0101000
+905 0 *
Ve
1e-07
-3.085 2.79832509313418 1.1
0 0

0101101
*
Ed
 1e-07 1 1 0
1  1413 0 0 0.148325093134183
2  2825 303 0 0 0.148325093134183
2  2826 41 0 0 0.148325093134183
0

0101000
+4146 3 -903 3 *
Ve
1e-07
-2.765 2.79832509313418 1.1
0 0

0101101
*
Ed
 1e-07 1 1 0
1  1414 0 -0 0.32
2  2827 303 0 -0 0.32
2  2828 559 0 -0 0.32
4 G1 303 0 559 0
0

0101000
+901 3 -903 3 *
Ed
 1e-07 1 1 0
1  1415 0 0 0.148325093134183
2  2829 303 0 0 0.148325093134183
2  2830 39 0 0 0.148325093134183
0

0101000
+4154 3 -901 3 *
Wi

0101100
+902 0 -900 0 -899 0 +3511 0 *
Fa
0  1e-07 303 0

0101000
-898 0 *
Ve
1e-07
-2.765 2.89491767576309 1.02588190451025
0 0

0101101
*
Ed
 1e-07 1 1 0
1  1416 0 3.14159265358979 4.45058959258554
2  2831 559 0 3.14159265358979 4.45058959258554
2  2832 39 0 3.14159265358979 4.45058959258554
0

0101000
+901 3 -896 3 *
Ve
1e-07
-3.085 2.89491767576309 1.02588190451025
0 0

0101101
*
Ed
 1e-07 1 1 0
1  1417 0 -0 0.32
2  2833 559 0 -0 0.32
2  2834 560 0 -0 0.32
4 G1 559 0 560 0
0

0101000
+896 3 -894 3 *
Ed
 1e-07 1 1 0
1  1418 0 3.14159265358979 4.45058959258554
2  2835 559 0 3.14159265358979 4.45058959258554
2  2836 41 0 3.14159265358979 4.45058959258554
0

0101000
+903 3 -894 3 *
Wi

0101100
-900 0 +895 0 +893 0 -892 0 *
Fa
0  1e-07 559 0

0101000
+891 0 *
Ve
1e-07
-3.085 3.11022225211328 0.222354286469244
0 0

0101101
*
Ed
 1e-07 1 1 0
1  1419 0 0 0.831873003259506
2  2837 560 0 0 0.831873003259506
2  2838 41 0 0 0.831873003259506
0

0101000
+894 3 -889 3 *
Ve
1e-07
-2.765 3.11022225211328 0.222354286469244
0 0

0101101
*
Ed
 1e-07 1 1 0
1  1420 0 -0 0.32
2  2839 560 0 -0 0.32
2  2840 561 0 -0 0.32
4 G1 560 0 561 0
0

0101000
+887 3 -889 3 *
Ed
 1e-07 1 1 0
1  1421 0 0 0.831873003259506
2  2841 560 0 0 0.831873003259506
2  2842 39 0 0 0.831873003259506
0

0101000
+896 3 -887 3 *
Wi

0101100
+888 0 -886 0 -885 0 +893 0 *
Fa
0  1e-07 560 0

0101000
-884 0 *
Ve
1e-07
-3.085 3.4 -4.06575814682064e-16
0 0

0101101
*
Ed
 1e-07 1 1 0
1  1422 0 4.97418836818383 6.28318530717959
2  2843 561 0 4.97418836818383 6.28318530717959
2  2844 41 0 4.97418836818383 6.28318530717959
0

0101000
+889 3 -882 3 *
Ve
1e-07
-2.765 3.4 -4.06575814682064e-16
0 0

0101101
*
Ed
 1e-07 1 1 0
1  1423 0 -0 0.32
2  2845 561 0 -0 0.32
2  2846 562 0 -0 0.32
4 G1 561 0 562 0
0

0101000
+880 3 -882 3 *
Ed
 1e-07 1 1 0
1  1424 0 4.97418836818383 6.28318530717959
2  2847 561 0 4.97418836818383 6.28318530717959
2  2848 39 0 4.97418836818383 6.28318530717959
0

0101000
+887 3 -880 3 *
Wi

0101100
+881 0 -879 0 -878 0 +886 0 *
Fa
0  1e-07 561 0

0101000
+877 0 *
Ve
1e-07
-3.085 3.9 -4.74338450462408e-16
0 0

0101101
*
Ed
 1e-07 1 1 0
1  1425 0 0 0.5
2  2849 562 0 0 0.5
2  2850 41 0 0 0.5
0

0101000
+882 3 -875 3 *
Ve
1e-07
-2.765 3.9 -4.74338450462408e-16
0 0

0101101
*
Ed
 1e-07 1 1 0
1  1426 0 -0 0.32
2  2851 562 0 -0 0.32
2  2852 556 0 -0 0.32
0

0101000
+873 3 -875 3 *
Ed
 1e-07 1 1 0
1  1427 0 0 0.5
2  2853 562 0 0 0.5
2  2854 39 0 0 0.5
0

0101000
+880 3 -873 3 *
Wi

0101100
+874 0 -872 0 -871 0 +879 0 *
Fa
0  1e-07 562 0

0101000
-870 0 *
Ed
 1e-07 1 1 0
1  1428 0 0 0.2
2  2855 556 0 0 0.2
2  2856 41 0 0 0.2
0

0101000
+875 3 -937 3 *
Ed
 1e-07 1 1 0
1  1429 0 0 0.2
2  2857 556 0 0 0.2
2  2858 39 0 0 0.2
0

0101000
+873 3 -933 3 *
Wi

0101100
+868 0 -931 0 -867 0 +872 0 *
Fa
0  1e-07 556 0

0101000
-866 0 *
Wi

0101100
-932 0 -927 0 -917 0 -910 0 -906 0 +4151 0 +899 0 +895 0 +885 0 +878 0 
+871 0 +867 0 *
Fa
0  1e-07 39 0

0101000
+864 0 *
Wi

0101100
+936 0 -868 0 -874 0 -881 0 -888 0 -892 0 -902 0 -4145 0 +907 0 +913 0 
+920 0 +924 0 *
Fa
0  1e-07 41 0

0101000
-862 0 *
Ve
1e-07
-2.435 3.4 0.2
0 0

0101101
*
Ve
1e-07
-2.435 3.9 0.2
0 0

0101101
*
Ed
 1e-07 1 1 0
1  1430 0 0 0.5
2  2859 563 0 0 0.5
2  2860 38 0 0 0.5
0

0101000
+860 3 -859 3 *
Ve
1e-07
-2.115 3.4 0.2
0 0

0101101
*
Ed
 1e-07 1 1 0
1  1431 0 -0 0.32
2  2861 563 0 -0 0.32
2  2862 564 0 -0 0.32
4 G1 563 0 564 0
0

0101000
+857 3 -860 3 *
Ve
1e-07
-2.115 3.9 0.2
0 0

0101101
*
Ed
 1e-07 1 1 0
1  1432 0 0 0.5
2  2863 563 0 0 0.5
2  2864 36 0 0 0.5
0

0101000
+857 3 -855 3 *
Ed
 1e-07 1 1 0
1  1433 0 -0 0.32
2  2865 563 0 -0 0.32
2  2866 565 0 -0 0.32
0

0101000
+855 3 -859 3 *
Wi

0101100
-858 0 -856 0 +854 0 +853 0 *
Fa
0  1e-07 563 0

0101000
+852 0 *
Ve
1e-07
-2.115 3.30340741737109 0.274118095489748
0 0

0101101
*
Ed
 1e-07 1 1 0
1  1434 0 4.97418836818383 6.28318530717959
2  2867 564 0 4.97418836818383 6.28318530717959
2  2868 36 0 4.97418836818383 6.28318530717959
0

0101000
+850 3 -857 3 *
Ve
1e-07
-2.435 3.30340741737109 0.274118095489748
0 0

0101101
*
Ed
 1e-07 1 1 0
1  1435 0 -0 0.32
2  2869 564 0 -0 0.32
2  2870 566 0 -0 0.32
4 G1 564 0 566 0
0

0101000
+850 3 -848 3 *
Ed
 1e-07 1 1 0
1  1436 0 4.97418836818383 6.28318530717959
2  2871 564 0 4.97418836818383 6.28318530717959
2  2872 38 0 4.97418836818383 6.28318530717959
0

0101000
+848 3 -860 3 *
Wi

0101100
-856 0 -849 0 +847 0 +846 0 *
Fa
0  1e-07 564 0

0101000
+845 0 *
Ve
1e-07
-2.435 3.0881028410209 1.07764571353076
0 0

0101101
*
Ed
 1e-07 1 1 0
1  1437 0 0 0.831873003259506
2  2873 566 0 0 0.831873003259506
2  2874 38 0 0 0.831873003259506
0

0101000
+843 3 -848 3 *
Ve
1e-07
-2.115 3.0881028410209 1.07764571353076
0 0

0101101
*
Ed
 1e-07 1 1 0
1  1438 0 -0 0.32
2  2875 566 0 -0 0.32
2  2876 567 0 -0 0.32
4 G1 566 0 567 0
0

0101000
+841 3 -843 3 *
Ed
 1e-07 1 1 0
1  1439 0 0 0.831873003259506
2  2877 566 0 0 0.831873003259506
2  2878 36 0 0 0.831873003259506
0

0101000
+841 3 -850 3 *
Wi

0101100
-842 0 -840 0 +839 0 +847 0 *
Fa
0  1e-07 566 0

0101000
+838 0 *
Ve
1e-07
-2.435 2.79832509313418 1.3
0 0

0101101
*
Ed
 1e-07 1 1 0
1  1440 0 3.14159265358979 4.45058959258554
2  2879 567 0 3.14159265358979 4.45058959258554
2  2880 38 0 3.14159265358979 4.45058959258554
0

0101000
+836 3 -843 3 *
Ve
1e-07
-2.115 2.79832509313418 1.3
0 0

0101101
*
Ed
 1e-07 1 1 0
1  1441 0 -0 0.32
2  2881 567 0 -0 0.32
2  2882 326 0 -0 0.32
4 G1 567 0 326 0
0

0101000
+834 3 -836 3 *
Ed
 1e-07 1 1 0
1  1442 0 3.14159265358979 4.45058959258554
2  2883 567 0 3.14159265358979 4.45058959258554
2  2884 36 0 3.14159265358979 4.45058959258554
0

0101000
+834 3 -841 3 *
Wi

0101100
-835 0 -833 0 +832 0 +840 0 *
Fa
0  1e-07 567 0

0101000
+831 0 *
Ed
 1e-07 1 1 0
1  1443 0 0 0.148325093134184
2  2885 326 0 0 0.148325093134184
2  2886 38 0 0 0.148325093134184
0

0101000
+4157 3 -836 3 *
Ed
 1e-07 1 1 0
1  1444 0 0 0.148325093134184
2  2887 326 0 0 0.148325093134184
2  2888 36 0 0 0.148325093134184
0

0101000
+4162 3 -834 3 *
Wi

0101100
-829 0 -3478 0 +828 0 +833 0 *
Fa
0  1e-07 326 0

0101000
+827 0 *
Ve
1e-07
-2.435 2.79832509313418 1.1
0 0

0101101
*
Ed
 1e-07 1 1 0
1  1445 0 0 0.148325093134183
2  2889 304 0 0 0.148325093134183
2  2890 38 0 0 0.148325093134183
0

0101000
+4156 3 -825 3 *
Ve
1e-07
-2.115 2.79832509313418 1.1
0 0

0101101
*
Ed
 1e-07 1 1 0
1  1446 0 -0 0.32
2  2891 304 0 -0 0.32
2  2892 568 0 -0 0.32
4 G1 304 0 568 0
0

0101000
+823 3 -825 3 *
Ed
 1e-07 1 1 0
1  1447 0 0 0.148325093134183
2  2893 304 0 0 0.148325093134183
2  2894 36 0 0 0.148325093134183
0

0101000
+4164 3 -823 3 *
Wi

0101100
+824 0 -822 0 -821 0 +3510 0 *
Fa
0  1e-07 304 0

0101000
-820 0 *
Ve
1e-07
-2.115 2.89491767576309 1.02588190451025
0 0

0101101
*
Ed
 1e-07 1 1 0
1  1448 0 3.14159265358979 4.45058959258554
2  2895 568 0 3.14159265358979 4.45058959258554
2  2896 36 0 3.14159265358979 4.45058959258554
0

0101000
+823 3 -818 3 *
Ve
1e-07
-2.435 2.89491767576309 1.02588190451025
0 0

0101101
*
Ed
 1e-07 1 1 0
1  1449 0 -0 0.32
2  2897 568 0 -0 0.32
2  2898 569 0 -0 0.32
4 G1 568 0 569 0
0

0101000
+818 3 -816 3 *
Ed
 1e-07 1 1 0
1  1450 0 3.14159265358979 4.45058959258554
2  2899 568 0 3.14159265358979 4.45058959258554
2  2900 38 0 3.14159265358979 4.45058959258554
0

0101000
+825 3 -816 3 *
Wi

0101100
-822 0 +817 0 +815 0 -814 0 *
Fa
0  1e-07 568 0

0101000
+813 0 *
Ve
1e-07
-2.435 3.11022225211328 0.222354286469244
0 0

0101101
*
Ed
 1e-07 1 1 0
1  1451 0 0 0.831873003259506
2  2901 569 0 0 0.831873003259506
2  2902 38 0 0 0.831873003259506
0

0101000
+816 3 -811 3 *
Ve
1e-07
-2.115 3.11022225211328 0.222354286469244
0 0

0101101
*
Ed
 1e-07 1 1 0
1  1452 0 -0 0.32
2  2903 569 0 -0 0.32
2  2904 570 0 -0 0.32
4 G1 569 0 570 0
0

0101000
+809 3 -811 3 *
Ed
 1e-07 1 1 0
1  1453 0 0 0.831873003259506
2  2905 569 0 0 0.831873003259506
2  2906 36 0 0 0.831873003259506
0

0101000
+818 3 -809 3 *
Wi

0101100
+810 0 -808 0 -807 0 +815 0 *
Fa
0  1e-07 569 0

0101000
-806 0 *
Ve
1e-07
-2.435 3.4 -4.06575814682064e-16
0 0

0101101
*
Ed
 1e-07 1 1 0
1  1454 0 4.97418836818383 6.28318530717959
2  2907 570 0 4.97418836818383 6.28318530717959
2  2908 38 0 4.97418836818383 6.28318530717959
0

0101000
+811 3 -804 3 *
Ve
1e-07
-2.115 3.4 -4.06575814682064e-16
0 0

0101101
*
Ed
 1e-07 1 1 0
1  1455 0 -0 0.32
2  2909 570 0 -0 0.32
2  2910 571 0 -0 0.32
4 G1 570 0 571 0
0

0101000
+802 3 -804 3 *
Ed
 1e-07 1 1 0
1  1456 0 4.97418836818383 6.28318530717959
2  2911 570 0 4.97418836818383 6.28318530717959
2  2912 36 0 4.97418836818383 6.28318530717959
0

0101000
+809 3 -802 3 *
Wi

0101100
+803 0 -801 0 -800 0 +808 0 *
Fa
0  1e-07 570 0

0101000
+799 0 *
Ve
1e-07
-2.435 3.9 -4.74338450462408e-16
0 0

0101101
*
Ed
 1e-07 1 1 0
1  1457 0 0 0.5
2  2913 571 0 0 0.5
2  2914 38 0 0 0.5
0

0101000
+804 3 -797 3 *
Ve
1e-07
-2.115 3.9 -4.74338450462408e-16
0 0

0101101
*
Ed
 1e-07 1 1 0
1  1458 0 -0 0.32
2  2915 571 0 -0 0.32
2  2916 565 0 -0 0.32
0

0101000
+795 3 -797 3 *
Ed
 1e-07 1 1 0
1  1459 0 0 0.5
2  2917 571 0 0 0.5
2  2918 36 0 0 0.5
0

0101000
+802 3 -795 3 *
Wi

0101100
+796 0 -794 0 -793 0 +801 0 *
Fa
0  1e-07 571 0

0101000
-792 0 *
Ed
 1e-07 1 1 0
1  1460 0 0 0.2
2  2919 565 0 0 0.2
2  2920 38 0 0 0.2
0

0101000
+797 3 -859 3 *
Ed
 1e-07 1 1 0
1  1461 0 0 0.2
2  2921 565 0 0 0.2
2  2922 36 0 0 0.2
0

0101000
+795 3 -855 3 *
Wi

0101100
+790 0 -853 0 -789 0 +794 0 *
Fa
0  1e-07 565 0

0101000
-788 0 *
Wi

0101100
-854 0 -849 0 -839 0 -832 0 -828 0 +4161 0 +821 0 +817 0 +807 0 +800 0 
+793 0 +789 0 *
Fa
0  1e-07 36 0

0101000
+786 0 *
Wi

0101100
+858 0 -790 0 -796 0 -803 0 -810 0 -814 0 -824 0 -4155 0 +829 0 +835 0 
+842 0 +846 0 *
Fa
0  1e-07 38 0

0101000
-784 0 *
Ve
1e-07
-1.785 3.4 0.2
0 0

0101101
*
Ve
1e-07
-1.785 3.9 0.2
0 0

0101101
*
Ed
 1e-07 1 1 0
1  1462 0 0 0.5
2  2923 572 0 0 0.5
2  2924 35 0 0 0.5
0

0101000
+782 3 -781 3 *
Ve
1e-07
-1.465 3.4 0.2
0 0

0101101
*
Ed
 1e-07 1 1 0
1  1463 0 -0 0.32
2  2925 572 0 -0 0.32
2  2926 573 0 -0 0.32
4 G1 572 0 573 0
0

0101000
+779 3 -782 3 *
Ve
1e-07
-1.465 3.9 0.2
0 0

0101101
*
Ed
 1e-07 1 1 0
1  1464 0 0 0.5
2  2927 572 0 0 0.5
2  2928 33 0 0 0.5
0

0101000
+779 3 -777 3 *
Ed
 1e-07 1 1 0
1  1465 0 -0 0.32
2  2929 572 0 -0 0.32
2  2930 574 0 -0 0.32
0

0101000
+777 3 -781 3 *
Wi

0101100
-780 0 -778 0 +776 0 +775 0 *
Fa
0  1e-07 572 0

0101000
+774 0 *
Ve
1e-07
-1.465 3.30340741737109 0.274118095489748
0 0

0101101
*
Ed
 1e-07 1 1 0
1  1466 0 4.97418836818383 6.28318530717959
2  2931 573 0 4.97418836818383 6.28318530717959
2  2932 33 0 4.97418836818383 6.28318530717959
0

0101000
+772 3 -779 3 *
Ve
1e-07
-1.785 3.30340741737109 0.274118095489748
0 0

0101101
*
Ed
 1e-07 1 1 0
1  1467 0 -0 0.32
2  2933 573 0 -0 0.32
2  2934 575 0 -0 0.32
4 G1 573 0 575 0
0

0101000
+772 3 -770 3 *
Ed
 1e-07 1 1 0
1  1468 0 4.97418836818383 6.28318530717959
2  2935 573 0 4.97418836818383 6.28318530717959
2  2936 35 0 4.97418836818383 6.28318530717959
0

0101000
+770 3 -782 3 *
Wi

0101100
-778 0 -771 0 +769 0 +768 0 *
Fa
0  1e-07 573 0

0101000
+767 0 *
Ve
1e-07
-1.785 3.0881028410209 1.07764571353076
0 0

0101101
*
Ed
 1e-07 1 1 0
1  1469 0 0 0.831873003259506
2  2937 575 0 0 0.831873003259506
2  2938 35 0 0 0.831873003259506
0

0101000
+765 3 -770 3 *
Ve
1e-07
-1.465 3.0881028410209 1.07764571353076
0 0

0101101
*
Ed
 1e-07 1 1 0
1  1470 0 -0 0.32
2  2939 575 0 -0 0.32
2  2940 576 0 -0 0.32
4 G1 575 0 576 0
0

0101000
+763 3 -765 3 *
Ed
 1e-07 1 1 0
1  1471 0 0 0.831873003259506
2  2941 575 0 0 0.831873003259506
2  2942 33 0 0 0.831873003259506
0

0101000
+763 3 -772 3 *
Wi

0101100
-764 0 -762 0 +761 0 +769 0 *
Fa
0  1e-07 575 0

0101000
+760 0 *
Ve
1e-07
-1.785 2.79832509313418 1.3
0 0

0101101
*
Ed
 1e-07 1 1 0
1  1472 0 3.14159265358979 4.45058959258554
2  2943 576 0 3.14159265358979 4.45058959258554
2  2944 35 0 3.14159265358979 4.45058959258554
0

0101000
+758 3 -765 3 *
Ve
1e-07
-1.465 2.79832509313418 1.3
0 0

0101101
*
Ed
 1e-07 1 1 0
1  1473 0 -0 0.32
2  2945 576 0 -0 0.32
2  2946 325 0 -0 0.32
4 G1 576 0 325 0
0

0101000
+756 3 -758 3 *
Ed
 1e-07 1 1 0
1  1474 0 3.14159265358979 4.45058959258554
2  2947 576 0 3.14159265358979 4.45058959258554
2  2948 33 0 3.14159265358979 4.45058959258554
0

0101000
+756 3 -763 3 *
Wi

0101100
-757 0 -755 0 +754 0 +762 0 *
Fa
0  1e-07 576 0

0101000
+753 0 *
Ed
 1e-07 1 1 0
1  1475 0 0 0.148325093134184
2  2949 325 0 0 0.148325093134184
2  2950 35 0 0 0.148325093134184
0

0101000
+4167 3 -758 3 *
Ed
 1e-07 1 1 0
1  1476 0 0 0.148325093134184
2  2951 325 0 0 0.148325093134184
2  2952 33 0 0 0.148325093134184
0

0101000
+4172 3 -756 3 *
Wi

0101100
-751 0 -3479 0 +750 0 +755 0 *
Fa
0  1e-07 325 0

0101000
+749 0 *
Ve
1e-07
-1.785 2.79832509313418 1.1
0 0

0101101
*
Ed
 1e-07 1 1 0
1  1477 0 0 0.148325093134183
2  2953 305 0 0 0.148325093134183
2  2954 35 0 0 0.148325093134183
0

0101000
+4166 3 -747 3 *
Ve
1e-07
-1.465 2.79832509313418 1.1
0 0

0101101
*
Ed
 1e-07 1 1 0
1  1478 0 -0 0.32
2  2955 305 0 -0 0.32
2  2956 577 0 -0 0.32
4 G1 305 0 577 0
0

0101000
+745 3 -747 3 *
Ed
 1e-07 1 1 0
1  1479 0 0 0.148325093134183
2  2957 305 0 0 0.148325093134183
2  2958 33 0 0 0.148325093134183
0

0101000
+4174 3 -745 3 *
Wi

0101100
+746 0 -744 0 -743 0 +3509 0 *
Fa
0  1e-07 305 0

0101000
-742 0 *
Ve
1e-07
-1.465 2.89491767576309 1.02588190451025
0 0

0101101
*
Ed
 1e-07 1 1 0
1  1480 0 3.14159265358979 4.45058959258554
2  2959 577 0 3.14159265358979 4.45058959258554
2  2960 33 0 3.14159265358979 4.45058959258554
0

0101000
+745 3 -740 3 *
Ve
1e-07
-1.785 2.89491767576309 1.02588190451025
0 0

0101101
*
Ed
 1e-07 1 1 0
1  1481 0 -0 0.32
2  2961 577 0 -0 0.32
2  2962 578 0 -0 0.32
4 G1 577 0 578 0
0

0101000
+740 3 -738 3 *
Ed
 1e-07 1 1 0
1  1482 0 3.14159265358979 4.45058959258554
2  2963 577 0 3.14159265358979 4.45058959258554
2  2964 35 0 3.14159265358979 4.45058959258554
0

0101000
+747 3 -738 3 *
Wi

0101100
-744 0 +739 0 +737 0 -736 0 *
Fa
0  1e-07 577 0

0101000
+735 0 *
Ve
1e-07
-1.785 3.11022225211328 0.222354286469244
0 0

0101101
*
Ed
 1e-07 1 1 0
1  1483 0 0 0.831873003259506
2  2965 578 0 0 0.831873003259506
2  2966 35 0 0 0.831873003259506
0

0101000
+738 3 -733 3 *
Ve
1e-07
-1.465 3.11022225211328 0.222354286469244
0 0

0101101
*
Ed
 1e-07 1 1 0
1  1484 0 -0 0.32
2  2967 578 0 -0 0.32
2  2968 579 0 -0 0.32
4 G1 578 0 579 0
0

0101000
+731 3 -733 3 *
Ed
 1e-07 1 1 0
1  1485 0 0 0.831873003259506
2  2969 578 0 0 0.831873003259506
2  2970 33 0 0 0.831873003259506
0

0101000
+740 3 -731 3 *
Wi

0101100
+732 0 -730 0 -729 0 +737 0 *
Fa
0  1e-07 578 0

0101000
-728 0 *
Ve
1e-07
-1.785 3.4 -4.06575814682064e-16
0 0

0101101
*
Ed
 1e-07 1 1 0
1  1486 0 4.97418836818383 6.28318530717959
2  2971 579 0 4.97418836818383 6.28318530717959
2  2972 35 0 4.97418836818383 6.28318530717959
0

0101000
+733 3 -726 3 *
Ve
1e-07
-1.465 3.4 -4.06575814682064e-16
0 0

0101101
*
Ed
 1e-07 1 1 0
1  1487 0 -0 0.32
2  2973 579 0 -0 0.32
2  2974 580 0 -0 0.32
4 G1 579 0 580 0
0

0101000
+724 3 -726 3 *
Ed
 1e-07 1 1 0
1  1488 0 4.97418836818383 6.28318530717959
2  2975 579 0 4.97418836818383 6.28318530717959
2  2976 33 0 4.97418836818383 6.28318530717959
0

0101000
+731 3 -724 3 *
Wi

0101100
+725 0 -723 0 -722 0 +730 0 *
Fa
0  1e-07 579 0

0101000
+721 0 *
Ve
1e-07
-1.785 3.9 -4.74338450462408e-16
0 0

0101101
*
Ed
 1e-07 1 1 0
1  1489 0 0 0.5
2  2977 580 0 0 0.5
2  2978 35 0 0 0.5
0

0101000
+726 3 -719 3 *
Ve
1e-07
-1.465 3.9 -4.74338450462408e-16
0 0

0101101
*
Ed
 1e-07 1 1 0
1  1490 0 -0 0.32
2  2979 580 0 -0 0.32
2  2980 574 0 -0 0.32
0

0101000
+717 3 -719 3 *
Ed
 1e-07 1 1 0
1  1491 0 0 0.5
2  2981 580 0 0 0.5
2  2982 33 0 0 0.5
0

0101000
+724 3 -717 3 *
Wi

0101100
+718 0 -716 0 -715 0 +723 0 *
Fa
0  1e-07 580 0

0101000
-714 0 *
Ed
 1e-07 1 1 0
1  1492 0 0 0.2
2  2983 574 0 0 0.2
2  2984 35 0 0 0.2
0

0101000
+719 3 -781 3 *
Ed
 1e-07 1 1 0
1  1493 0 0 0.2
2  2985 574 0 0 0.2
2  2986 33 0 0 0.2
0

0101000
+717 3 -777 3 *
Wi

0101100
+712 0 -775 0 -711 0 +716 0 *
Fa
0  1e-07 574 0

0101000
-710 0 *
Wi

0101100
-776 0 -771 0 -761 0 -754 0 -750 0 +4171 0 +743 0 +739 0 +729 0 +722 0 
+715 0 +711 0 *
Fa
0  1e-07 33 0

0101000
+708 0 *
Wi

0101100
+780 0 -712 0 -718 0 -725 0 -732 0 -736 0 -746 0 -4165 0 +751 0 +757 0 
+764 0 +768 0 *
Fa
0  1e-07 35 0

0101000
-706 0 *
Ve
1e-07
-1.135 3.4 0.2
0 0

0101101
*
Ve
1e-07
-1.135 3.9 0.2
0 0

0101101
*
Ed
 1e-07 1 1 0
1  1494 0 0 0.5
2  2987 581 0 0 0.5
2  2988 32 0 0 0.5
0

0101000
+704 3 -703 3 *
Ve
1e-07
-0.815 3.4 0.2
0 0

0101101
*
Ed
 1e-07 1 1 0
1  1495 0 -0 0.32
2  2989 581 0 -0 0.32
2  2990 582 0 -0 0.32
4 G1 581 0 582 0
0

0101000
+701 3 -704 3 *
Ve
1e-07
-0.815 3.9 0.2
0 0

0101101
*
Ed
 1e-07 1 1 0
1  1496 0 0 0.5
2  2991 581 0 0 0.5
2  2992 30 0 0 0.5
0

0101000
+701 3 -699 3 *
Ed
 1e-07 1 1 0
1  1497 0 -0 0.32
2  2993 581 0 -0 0.32
2  2994 583 0 -0 0.32
0

0101000
+699 3 -703 3 *
Wi

0101100
-702 0 -700 0 +698 0 +697 0 *
Fa
0  1e-07 581 0

0101000
+696 0 *
Ve
1e-07
-0.815 3.30340741737109 0.274118095489748
0 0

0101101
*
Ed
 1e-07 1 1 0
1  1498 0 4.97418836818383 6.28318530717959
2  2995 582 0 4.97418836818383 6.28318530717959
2  2996 30 0 4.97418836818383 6.28318530717959
0

0101000
+694 3 -701 3 *
Ve
1e-07
-1.135 3.30340741737109 0.274118095489748
0 0

0101101
*
Ed
 1e-07 1 1 0
1  1499 0 -0 0.32
2  2997 582 0 -0 0.32
2  2998 584 0 -0 0.32
4 G1 582 0 584 0
0

0101000
+694 3 -692 3 *
Ed
 1e-07 1 1 0
1  1500 0 4.97418836818383 6.28318530717959
2  2999 582 0 4.97418836818383 6.28318530717959
2  3000 32 0 4.97418836818383 6.28318530717959
0

0101000
+692 3 -704 3 *
Wi

0101100
-700 0 -693 0 +691 0 +690 0 *
Fa
0  1e-07 582 0

0101000
+689 0 *
Ve
1e-07
-1.135 3.0881028410209 1.07764571353076
0 0

0101101
*
Ed
 1e-07 1 1 0
1  1501 0 0 0.831873003259506
2  3001 584 0 0 0.831873003259506
2  3002 32 0 0 0.831873003259506
0

0101000
+687 3 -692 3 *
Ve
1e-07
-0.815 3.0881028410209 1.07764571353076
0 0

0101101
*
Ed
 1e-07 1 1 0
1  1502 0 -0 0.32
2  3003 584 0 -0 0.32
2  3004 585 0 -0 0.32
4 G1 584 0 585 0
0

0101000
+685 3 -687 3 *
Ed
 1e-07 1 1 0
1  1503 0 0 0.831873003259506
2  3005 584 0 0 0.831873003259506
2  3006 30 0 0 0.831873003259506
0

0101000
+685 3 -694 3 *
Wi

0101100
-686 0 -684 0 +683 0 +691 0 *
Fa
0  1e-07 584 0

0101000
+682 0 *
Ve
1e-07
-1.135 2.79832509313418 1.3
0 0

0101101
*
Ed
 1e-07 1 1 0
1  1504 0 3.14159265358979 4.45058959258554
2  3007 585 0 3.14159265358979 4.45058959258554
2  3008 32 0 3.14159265358979 4.45058959258554
0

0101000
+680 3 -687 3 *
Ve
1e-07
-0.815 2.79832509313418 1.3
0 0

0101101
*
Ed
 1e-07 1 1 0
1  1505 0 -0 0.32
2  3009 585 0 -0 0.32
2  3010 324 0 -0 0.32
4 G1 585 0 324 0
0

0101000
+678 3 -680 3 *
Ed
 1e-07 1 1 0
1  1506 0 3.14159265358979 4.45058959258554
2  3011 585 0 3.14159265358979 4.45058959258554
2  3012 30 0 3.14159265358979 4.45058959258554
0

0101000
+678 3 -685 3 *
Wi

0101100
-679 0 -677 0 +676 0 +684 0 *
Fa
0  1e-07 585 0

0101000
+675 0 *
Ed
 1e-07 1 1 0
1  1507 0 0 0.148325093134184
2  3013 324 0 0 0.148325093134184
2  3014 32 0 0 0.148325093134184
0

0101000
+4177 3 -680 3 *
Ed
 1e-07 1 1 0
1  1508 0 0 0.148325093134184
2  3015 324 0 0 0.148325093134184
2  3016 30 0 0 0.148325093134184
0

0101000
+4182 3 -678 3 *
Wi

0101100
-673 0 -3480 0 +672 0 +677 0 *
Fa
0  1e-07 324 0

0101000
+671 0 *
Ve
1e-07
-1.135 2.79832509313418 1.1
0 0

0101101
*
Ed
 1e-07 1 1 0
1  1509 0 0 0.148325093134183
2  3017 306 0 0 0.148325093134183
2  3018 32 0 0 0.148325093134183
0

0101000
+4176 3 -669 3 *
Ve
1e-07
-0.815 2.79832509313418 1.1
0 0

0101101
*
Ed
 1e-07 1 1 0
1  1510 0 -0 0.32
2  3019 306 0 -0 0.32
2  3020 586 0 -0 0.32
4 G1 306 0 586 0
0

0101000
+667 3 -669 3 *
Ed
 1e-07 1 1 0
1  1511 0 0 0.148325093134183
2  3021 306 0 0 0.148325093134183
2  3022 30 0 0 0.148325093134183
0

0101000
+4184 3 -667 3 *
Wi

0101100
+668 0 -666 0 -665 0 +3508 0 *
Fa
0  1e-07 306 0

0101000
-664 0 *
Ve
1e-07
-0.815 2.89491767576309 1.02588190451025
0 0

0101101
*
Ed
 1e-07 1 1 0
1  1512 0 3.14159265358979 4.45058959258554
2  3023 586 0 3.14159265358979 4.45058959258554
2  3024 30 0 3.14159265358979 4.45058959258554
0

0101000
+667 3 -662 3 *
Ve
1e-07
-1.135 2.89491767576309 1.02588190451025
0 0

0101101
*
Ed
 1e-07 1 1 0
1  1513 0 -0 0.32
2  3025 586 0 -0 0.32
2  3026 587 0 -0 0.32
4 G1 586 0 587 0
0

0101000
+662 3 -660 3 *
Ed
 1e-07 1 1 0
1  1514 0 3.14159265358979 4.45058959258554
2  3027 586 0 3.14159265358979 4.45058959258554
2  3028 32 0 3.14159265358979 4.45058959258554
0

0101000
+669 3 -660 3 *
Wi

0101100
-666 0 +661 0 +659 0 -658 0 *
Fa
0  1e-07 586 0

0101000
+657 0 *
Ve
1e-07
-1.135 3.11022225211328 0.222354286469244
0 0

0101101
*
Ed
 1e-07 1 1 0
1  1515 0 0 0.831873003259506
2  3029 587 0 0 0.831873003259506
2  3030 32 0 0 0.831873003259506
0

0101000
+660 3 -655 3 *
Ve
1e-07
-0.815 3.11022225211328 0.222354286469244
0 0

0101101
*
Ed
 1e-07 1 1 0
1  1516 0 -0 0.32
2  3031 587 0 -0 0.32
2  3032 588 0 -0 0.32
4 G1 587 0 588 0
0

0101000
+653 3 -655 3 *
Ed
 1e-07 1 1 0
1  1517 0 0 0.831873003259506
2  3033 587 0 0 0.831873003259506
2  3034 30 0 0 0.831873003259506
0

0101000
+662 3 -653 3 *
Wi

0101100
+654 0 -652 0 -651 0 +659 0 *
Fa
0  1e-07 587 0

0101000
-650 0 *
Ve
1e-07
-1.135 3.4 -4.06575814682064e-16
0 0

0101101
*
Ed
 1e-07 1 1 0
1  1518 0 4.97418836818383 6.28318530717959
2  3035 588 0 4.97418836818383 6.28318530717959
2  3036 32 0 4.97418836818383 6.28318530717959
0

0101000
+655 3 -648 3 *
Ve
1e-07
-0.815 3.4 -4.06575814682064e-16
0 0

0101101
*
Ed
 1e-07 1 1 0
1  1519 0 -0 0.32
2  3037 588 0 -0 0.32
2  3038 589 0 -0 0.32
4 G1 588 0 589 0
0

0101000
+646 3 -648 3 *
Ed
 1e-07 1 1 0
1  1520 0 4.97418836818383 6.28318530717959
2  3039 588 0 4.97418836818383 6.28318530717959
2  3040 30 0 4.97418836818383 6.28318530717959
0

0101000
+653 3 -646 3 *
Wi

0101100
+647 0 -645 0 -644 0 +652 0 *
Fa
0  1e-07 588 0

0101000
+643 0 *
Ve
1e-07
-1.135 3.9 -4.74338450462408e-16
0 0

0101101
*
Ed
 1e-07 1 1 0
1  1521 0 0 0.5
2  3041 589 0 0 0.5
2  3042 32 0 0 0.5
0

0101000
+648 3 -641 3 *
Ve
1e-07
-0.815 3.9 -4.74338450462408e-16
0 0

0101101
*
Ed
 1e-07 1 1 0
1  1522 0 -0 0.32
2  3043 589 0 -0 0.32
2  3044 583 0 -0 0.32
0

0101000
+639 3 -641 3 *
Ed
 1e-07 1 1 0
1  1523 0 0 0.5
2  3045 589 0 0 0.5
2  3046 30 0 0 0.5
0

0101000
+646 3 -639 3 *
Wi

0101100
+640 0 -638 0 -637 0 +645 0 *
Fa
0  1e-07 589 0

0101000
-636 0 *
Ed
 1e-07 1 1 0
1  1524 0 0 0.2
2  3047 583 0 0 0.2
2  3048 32 0 0 0.2
0

0101000
+641 3 -703 3 *
Ed
 1e-07 1 1 0
1  1525 0 0 0.2
2  3049 583 0 0 0.2
2  3050 30 0 0 0.2
0

0101000
+639 3 -699 3 *
Wi

0101100
+634 0 -697 0 -633 0 +638 0 *
Fa
0  1e-07 583 0

0101000
-632 0 *
Wi

0101100
-698 0 -693 0 -683 0 -676 0 -672 0 +4181 0 +665 0 +661 0 +651 0 +644 0 
+637 0 +633 0 *
Fa
0  1e-07 30 0

0101000
+630 0 *
Wi

0101100
+702 0 -634 0 -640 0 -647 0 -654 0 -658 0 -668 0 -4175 0 +673 0 +679 0 
+686 0 +690 0 *
Fa
0  1e-07 32 0

0101000
-628 0 *
Ve
1e-07
-0.485 3.4 0.2
0 0

0101101
*
Ve
1e-07
-0.485 3.9 0.2
0 0

0101101
*
Ed
 1e-07 1 1 0
1  1526 0 0 0.5
2  3051 590 0 0 0.5
2  3052 29 0 0 0.5
0

0101000
+626 3 -625 3 *
Ve
1e-07
-0.165 3.4 0.2
0 0

0101101
*
Ed
 1e-07 1 1 0
1  1527 0 -0 0.32
2  3053 590 0 -0 0.32
2  3054 591 0 -0 0.32
4 G1 590 0 591 0
0

0101000
+623 3 -626 3 *
Ve
1e-07
-0.165 3.9 0.2
0 0

0101101
*
Ed
 1e-07 1 1 0
1  1528 0 0 0.5
2  3055 590 0 0 0.5
2  3056 27 0 0 0.5
0

0101000
+623 3 -621 3 *
Ed
 1e-07 1 1 0
1  1529 0 -0 0.32
2  3057 590 0 -0 0.32
2  3058 592 0 -0 0.32
0

0101000
+621 3 -625 3 *
Wi

0101100
-624 0 -622 0 +620 0 +619 0 *
Fa
0  1e-07 590 0

0101000
+618 0 *
Ve
1e-07
-0.165 3.30340741737109 0.274118095489748
0 0

0101101
*
Ed
 1e-07 1 1 0
1  1530 0 4.97418836818383 6.28318530717959
2  3059 591 0 4.97418836818383 6.28318530717959
2  3060 27 0 4.97418836818383 6.28318530717959
0

0101000
+616 3 -623 3 *
Ve
1e-07
-0.485 3.30340741737109 0.274118095489748
0 0

0101101
*
Ed
 1e-07 1 1 0
1  1531 0 -0 0.32
2  3061 591 0 -0 0.32
2  3062 593 0 -0 0.32
4 G1 591 0 593 0
0

0101000
+616 3 -614 3 *
Ed
 1e-07 1 1 0
1  1532 0 4.97418836818383 6.28318530717959
2  3063 591 0 4.97418836818383 6.28318530717959
2  3064 29 0 4.97418836818383 6.28318530717959
0

0101000
+614 3 -626 3 *
Wi

0101100
-622 0 -615 0 +613 0 +612 0 *
Fa
0  1e-07 591 0

0101000
+611 0 *
Ve
1e-07
-0.485 3.0881028410209 1.07764571353076
0 0

0101101
*
Ed
 1e-07 1 1 0
1  1533 0 0 0.831873003259506
2  3065 593 0 0 0.831873003259506
2  3066 29 0 0 0.831873003259506
0

0101000
+609 3 -614 3 *
Ve
1e-07
-0.165 3.0881028410209 1.07764571353076
0 0

0101101
*
Ed
 1e-07 1 1 0
1  1534 0 -0 0.32
2  3067 593 0 -0 0.32
2  3068 594 0 -0 0.32
4 G1 593 0 594 0
0

0101000
+607 3 -609 3 *
Ed
 1e-07 1 1 0
1  1535 0 0 0.831873003259506
2  3069 593 0 0 0.831873003259506
2  3070 27 0 0 0.831873003259506
0

0101000
+607 3 -616 3 *
Wi

0101100
-608 0 -606 0 +605 0 +613 0 *
Fa
0  1e-07 593 0

0101000
+604 0 *
Ve
1e-07
-0.485 2.79832509313418 1.3
0 0

0101101
*
Ed
 1e-07 1 1 0
1  1536 0 3.14159265358979 4.45058959258554
2  3071 594 0 3.14159265358979 4.45058959258554
2  3072 29 0 3.14159265358979 4.45058959258554
0

0101000
+602 3 -609 3 *
Ve
1e-07
-0.165 2.79832509313418 1.3
0 0

0101101
*
Ed
 1e-07 1 1 0
1  1537 0 -0 0.32
2  3073 594 0 -0 0.32
2  3074 323 0 -0 0.32
4 G1 594 0 323 0
0

0101000
+600 3 -602 3 *
Ed
 1e-07 1 1 0
1  1538 0 3.14159265358979 4.45058959258554
2  3075 594 0 3.14159265358979 4.45058959258554
2  3076 27 0 3.14159265358979 4.45058959258554
0

0101000
+600 3 -607 3 *
Wi

0101100
-601 0 -599 0 +598 0 +606 0 *
Fa
0  1e-07 594 0

0101000
+597 0 *
Ed
 1e-07 1 1 0
1  1539 0 0 0.148325093134184
2  3077 323 0 0 0.148325093134184
2  3078 29 0 0 0.148325093134184
0

0101000
+4187 3 -602 3 *
Ed
 1e-07 1 1 0
1  1540 0 0 0.148325093134184
2  3079 323 0 0 0.148325093134184
2  3080 27 0 0 0.148325093134184
0

0101000
+4192 3 -600 3 *
Wi

0101100
-595 0 -3481 0 +594 0 +599 0 *
Fa
0  1e-07 323 0

0101000
+593 0 *
Ve
1e-07
-0.485 2.79832509313418 1.1
0 0

0101101
*
Ed
 1e-07 1 1 0
1  1541 0 0 0.148325093134183
2  3081 307 0 0 0.148325093134183
2  3082 29 0 0 0.148325093134183
0

0101000
+4186 3 -591 3 *
Ve
1e-07
-0.165 2.79832509313418 1.1
0 0

0101101
*
Ed
 1e-07 1 1 0
1  1542 0 -0 0.32
2  3083 307 0 -0 0.32
2  3084 595 0 -0 0.32
4 G1 307 0 595 0
0

0101000
+589 3 -591 3 *
Ed
 1e-07 1 1 0
1  1543 0 0 0.148325093134183
2  3085 307 0 0 0.148325093134183
2  3086 27 0 0 0.148325093134183
0

0101000
+4194 3 -589 3 *
Wi

0101100
+590 0 -588 0 -587 0 +3507 0 *
Fa
0  1e-07 307 0

0101000
-586 0 *
Ve
1e-07
-0.165 2.89491767576309 1.02588190451025
0 0

0101101
*
Ed
 1e-07 1 1 0
1  1544 0 3.14159265358979 4.45058959258554
2  3087 595 0 3.14159265358979 4.45058959258554
2  3088 27 0 3.14159265358979 4.45058959258554
0

0101000
+589 3 -584 3 *
Ve
1e-07
-0.485 2.89491767576309 1.02588190451025
0 0

0101101
*
Ed
 1e-07 1 1 0
1  1545 0 -0 0.32
2  3089 595 0 -0 0.32
2  3090 596 0 -0 0.32
4 G1 595 0 596 0
0

0101000
+584 3 -582 3 *
Ed
 1e-07 1 1 0
1  1546 0 3.14159265358979 4.45058959258554
2  3091 595 0 3.14159265358979 4.45058959258554
2  3092 29 0 3.14159265358979 4.45058959258554
0

0101000
+591 3 -582 3 *
Wi

0101100
-588 0 +583 0 +581 0 -580 0 *
Fa
0  1e-07 595 0

0101000
+579 0 *
Ve
1e-07
-0.485 3.11022225211328 0.222354286469244
0 0

0101101
*
Ed
 1e-07 1 1 0
1  1547 0 0 0.831873003259506
2  3093 596 0 0 0.831873003259506
2  3094 29 0 0 0.831873003259506
0

0101000
+582 3 -577 3 *
Ve
1e-07
-0.165 3.11022225211328 0.222354286469244
0 0

0101101
*
Ed
 1e-07 1 1 0
1  1548 0 -0 0.32
2  3095 596 0 -0 0.32
2  3096 597 0 -0 0.32
4 G1 596 0 597 0
0

0101000
+575 3 -577 3 *
Ed
 1e-07 1 1 0
1  1549 0 0 0.831873003259506
2  3097 596 0 0 0.831873003259506
2  3098 27 0 0 0.831873003259506
0

0101000
+584 3 -575 3 *
Wi

0101100
+576 0 -574 0 -573 0 +581 0 *
Fa
0  1e-07 596 0

0101000
-572 0 *
Ve
1e-07
-0.485 3.4 -4.06575814682064e-16
0 0

0101101
*
Ed
 1e-07 1 1 0
1  1550 0 4.97418836818383 6.28318530717959
2  3099 597 0 4.97418836818383 6.28318530717959
2  3100 29 0 4.97418836818383 6.28318530717959
0

0101000
+577 3 -570 3 *
Ve
1e-07
-0.165 3.4 -4.06575814682064e-16
0 0

0101101
*
Ed
 1e-07 1 1 0
1  1551 0 -0 0.32
2  3101 597 0 -0 0.32
2  3102 598 0 -0 0.32
4 G1 597 0 598 0
0

0101000
+568 3 -570 3 *
Ed
 1e-07 1 1 0
1  1552 0 4.97418836818383 6.28318530717959
2  3103 597 0 4.97418836818383 6.28318530717959
2  3104 27 0 4.97418836818383 6.28318530717959
0

0101000
+575 3 -568 3 *
Wi

0101100
+569 0 -567 0 -566 0 +574 0 *
Fa
0  1e-07 597 0

0101000
+565 0 *
Ve
1e-07
-0.485 3.9 -4.74338450462408e-16
0 0

0101101
*
Ed
 1e-07 1 1 0
1  1553 0 0 0.5
2  3105 598 0 0 0.5
2  3106 29 0 0 0.5
0

0101000
+570 3 -563 3 *
Ve
1e-07
-0.165 3.9 -4.74338450462408e-16
0 0

0101101
*
Ed
 1e-07 1 1 0
1  1554 0 -0 0.32
2  3107 598 0 -0 0.32
2  3108 592 0 -0 0.32
0

0101000
+561 3 -563 3 *
Ed
 1e-07 1 1 0
1  1555 0 0 0.5
2  3109 598 0 0 0.5
2  3110 27 0 0 0.5
0

0101000
+568 3 -561 3 *
Wi

0101100
+562 0 -560 0 -559 0 +567 0 *
Fa
0  1e-07 598 0

0101000
-558 0 *
Ed
 1e-07 1 1 0
1  1556 0 0 0.2
2  3111 592 0 0 0.2
2  3112 29 0 0 0.2
0

0101000
+563 3 -625 3 *
Ed
 1e-07 1 1 0
1  1557 0 0 0.2
2  3113 592 0 0 0.2
2  3114 27 0 0 0.2
0

0101000
+561 3 -621 3 *
Wi

0101100
+556 0 -619 0 -555 0 +560 0 *
Fa
0  1e-07 592 0

0101000
-554 0 *
Wi

0101100
-620 0 -615 0 -605 0 -598 0 -594 0 +4191 0 +587 0 +583 0 +573 0 +566 0 
+559 0 +555 0 *
Fa
0  1e-07 27 0

0101000
+552 0 *
Wi

0101100
+624 0 -556 0 -562 0 -569 0 -576 0 -580 0 -590 0 -4185 0 +595 0 +601 0 
+608 0 +612 0 *
Fa
0  1e-07 29 0

0101000
-550 0 *
Ve
1e-07
0.165 3.4 0.2
0 0

0101101
*
Ve
1e-07
0.165 3.9 0.2
0 0

0101101
*
Ed
 1e-07 1 1 0
1  1558 0 0 0.5
2  3115 599 0 0 0.5
2  3116 26 0 0 0.5
0

0101000
+548 3 -547 3 *
Ve
1e-07
0.485 3.4 0.2
0 0

0101101
*
Ed
 1e-07 1 1 0
1  1559 0 -0 0.32
2  3117 599 0 -0 0.32
2  3118 600 0 -0 0.32
4 G1 599 0 600 0
0

0101000
+545 3 -548 3 *
Ve
1e-07
0.485 3.9 0.2
0 0

0101101
*
Ed
 1e-07 1 1 0
1  1560 0 0 0.5
2  3119 599 0 0 0.5
2  3120 24 0 0 0.5
0

0101000
+545 3 -543 3 *
Ed
 1e-07 1 1 0
1  1561 0 -0 0.32
2  3121 599 0 -0 0.32
2  3122 601 0 -0 0.32
0

0101000
+543 3 -547 3 *
Wi

0101100
-546 0 -544 0 +542 0 +541 0 *
Fa
0  1e-07 599 0

0101000
+540 0 *
Ve
1e-07
0.485 3.30340741737109 0.274118095489748
0 0

0101101
*
Ed
 1e-07 1 1 0
1  1562 0 4.97418836818383 6.28318530717959
2  3123 600 0 4.97418836818383 6.28318530717959
2  3124 24 0 4.97418836818383 6.28318530717959
0

0101000
+538 3 -545 3 *
Ve
1e-07
0.165 3.30340741737109 0.274118095489748
0 0

0101101
*
Ed
 1e-07 1 1 0
1  1563 0 -0 0.32
2  3125 600 0 -0 0.32
2  3126 602 0 -0 0.32
4 G1 600 0 602 0
0

0101000
+538 3 -536 3 *
Ed
 1e-07 1 1 0
1  1564 0 4.97418836818383 6.28318530717959
2  3127 600 0 4.97418836818383 6.28318530717959
2  3128 26 0 4.97418836818383 6.28318530717959
0

0101000
+536 3 -548 3 *
Wi

0101100
-544 0 -537 0 +535 0 +534 0 *
Fa
0  1e-07 600 0

0101000
+533 0 *
Ve
1e-07
0.165 3.0881028410209 1.07764571353076
0 0

0101101
*
Ed
 1e-07 1 1 0
1  1565 0 0 0.831873003259506
2  3129 602 0 0 0.831873003259506
2  3130 26 0 0 0.831873003259506
0

0101000
+531 3 -536 3 *
Ve
1e-07
0.485 3.0881028410209 1.07764571353076
0 0

0101101
*
Ed
 1e-07 1 1 0
1  1566 0 -0 0.32
2  3131 602 0 -0 0.32
2  3132 603 0 -0 0.32
4 G1 602 0 603 0
0

0101000
+529 3 -531 3 *
Ed
 1e-07 1 1 0
1  1567 0 0 0.831873003259506
2  3133 602 0 0 0.831873003259506
2  3134 24 0 0 0.831873003259506
0

0101000
+529 3 -538 3 *
Wi

0101100
-530 0 -528 0 +527 0 +535 0 *
Fa
0  1e-07 602 0

0101000
+526 0 *
Ve
1e-07
0.165 2.79832509313418 1.3
0 0

0101101
*
Ed
 1e-07 1 1 0
1  1568 0 3.14159265358979 4.45058959258554
2  3135 603 0 3.14159265358979 4.45058959258554
2  3136 26 0 3.14159265358979 4.45058959258554
0

0101000
+524 3 -531 3 *
Ve
1e-07
0.485 2.79832509313418 1.3
0 0

0101101
*
Ed
 1e-07 1 1 0
1  1569 0 -0 0.32
2  3137 603 0 -0 0.32
2  3138 322 0 -0 0.32
4 G1 603 0 322 0
0

0101000
+522 3 -524 3 *
Ed
 1e-07 1 1 0
1  1570 0 3.14159265358979 4.45058959258554
2  3139 603 0 3.14159265358979 4.45058959258554
2  3140 24 0 3.14159265358979 4.45058959258554
0

0101000
+522 3 -529 3 *
Wi

0101100
-523 0 -521 0 +520 0 +528 0 *
Fa
0  1e-07 603 0

0101000
+519 0 *
Ed
 1e-07 1 1 0
1  1571 0 0 0.148325093134184
2  3141 322 0 0 0.148325093134184
2  3142 26 0 0 0.148325093134184
0

0101000
+4197 3 -524 3 *
Ed
 1e-07 1 1 0
1  1572 0 0 0.148325093134184
2  3143 322 0 0 0.148325093134184
2  3144 24 0 0 0.148325093134184
0

0101000
+4202 3 -522 3 *
Wi

0101100
-517 0 -3482 0 +516 0 +521 0 *
Fa
0  1e-07 322 0

0101000
+515 0 *
Ve
1e-07
0.165 2.79832509313418 1.1
0 0

0101101
*
Ed
 1e-07 1 1 0
1  1573 0 0 0.148325093134183
2  3145 308 0 0 0.148325093134183
2  3146 26 0 0 0.148325093134183
0

0101000
+4196 3 -513 3 *
Ve
1e-07
0.485 2.79832509313418 1.1
0 0

0101101
*
Ed
 1e-07 1 1 0
1  1574 0 -0 0.32
2  3147 308 0 -0 0.32
2  3148 604 0 -0 0.32
4 G1 308 0 604 0
0

0101000
+511 3 -513 3 *
Ed
 1e-07 1 1 0
1  1575 0 0 0.148325093134183
2  3149 308 0 0 0.148325093134183
2  3150 24 0 0 0.148325093134183
0

0101000
+4204 3 -511 3 *
Wi

0101100
+512 0 -510 0 -509 0 +3506 0 *
Fa
0  1e-07 308 0

0101000
-508 0 *
Ve
1e-07
0.485 2.89491767576309 1.02588190451025
0 0

0101101
*
Ed
 1e-07 1 1 0
1  1576 0 3.14159265358979 4.45058959258554
2  3151 604 0 3.14159265358979 4.45058959258554
2  3152 24 0 3.14159265358979 4.45058959258554
0

0101000
+511 3 -506 3 *
Ve
1e-07
0.165 2.89491767576309 1.02588190451025
0 0

0101101
*
Ed
 1e-07 1 1 0
1  1577 0 -0 0.32
2  3153 604 0 -0 0.32
2  3154 605 0 -0 0.32
4 G1 604 0 605 0
0

0101000
+506 3 -504 3 *
Ed
 1e-07 1 1 0
1  1578 0 3.14159265358979 4.45058959258554
2  3155 604 0 3.14159265358979 4.45058959258554
2  3156 26 0 3.14159265358979 4.45058959258554
0

0101000
+513 3 -504 3 *
Wi

0101100
-510 0 +505 0 +503 0 -502 0 *
Fa
0  1e-07 604 0

0101000
+501 0 *
Ve
1e-07
0.165 3.11022225211328 0.222354286469244
0 0

0101101
*
Ed
 1e-07 1 1 0
1  1579 0 0 0.831873003259506
2  3157 605 0 0 0.831873003259506
2  3158 26 0 0 0.831873003259506
0

0101000
+504 3 -499 3 *
Ve
1e-07
0.485 3.11022225211328 0.222354286469244
0 0

0101101
*
Ed
 1e-07 1 1 0
1  1580 0 -0 0.32
2  3159 605 0 -0 0.32
2  3160 606 0 -0 0.32
4 G1 605 0 606 0
0

0101000
+497 3 -499 3 *
Ed
 1e-07 1 1 0
1  1581 0 0 0.831873003259506
2  3161 605 0 0 0.831873003259506
2  3162 24 0 0 0.831873003259506
0

0101000
+506 3 -497 3 *
Wi

0101100
+498 0 -496 0 -495 0 +503 0 *
Fa
0  1e-07 605 0

0101000
-494 0 *
Ve
1e-07
0.165 3.4 -4.06575814682064e-16
0 0

0101101
*
Ed
 1e-07 1 1 0
1  1582 0 4.97418836818383 6.28318530717959
2  3163 606 0 4.97418836818383 6.28318530717959
2  3164 26 0 4.97418836818383 6.28318530717959
0

0101000
+499 3 -492 3 *
Ve
1e-07
0.485 3.4 -4.06575814682064e-16
0 0

0101101
*
Ed
 1e-07 1 1 0
1  1583 0 -0 0.32
2  3165 606 0 -0 0.32
2  3166 607 0 -0 0.32
4 G1 606 0 607 0
0

0101000
+490 3 -492 3 *
Ed
 1e-07 1 1 0
1  1584 0 4.97418836818383 6.28318530717959
2  3167 606 0 4.97418836818383 6.28318530717959
2  3168 24 0 4.97418836818383 6.28318530717959
0

0101000
+497 3 -490 3 *
Wi

0101100
+491 0 -489 0 -488 0 +496 0 *
Fa
0  1e-07 606 0

0101000
+487 0 *
Ve
1e-07
0.165 3.9 -4.74338450462408e-16
0 0

0101101
*
Ed
 1e-07 1 1 0
1  1585 0 0 0.5
2  3169 607 0 0 0.5
2  3170 26 0 0 0.5
0

0101000
+492 3 -485 3 *
Ve
1e-07
0.485 3.9 -4.74338450462408e-16
0 0

0101101
*
Ed
 1e-07 1 1 0
1  1586 0 -0 0.32
2  3171 607 0 -0 0.32
2  3172 601 0 -0 0.32
0

0101000
+483 3 -485 3 *
Ed
 1e-07 1 1 0
1  1587 0 0 0.5
2  3173 607 0 0 0.5
2  3174 24 0 0 0.5
0

0101000
+490 3 -483 3 *
Wi

0101100
+484 0 -482 0 -481 0 +489 0 *
Fa
0  1e-07 607 0

0101000
-480 0 *
Ed
 1e-07 1 1 0
1  1588 0 0 0.2
2  3175 601 0 0 0.2
2  3176 26 0 0 0.2
0

0101000
+485 3 -547 3 *
Ed
 1e-07 1 1 0
1  1589 0 0 0.2
2  3177 601 0 0 0.2
2  3178 24 0 0 0.2
0

0101000
+483 3 -543 3 *
Wi

0101100
+478 0 -541 0 -477 0 +482 0 *
Fa
0  1e-07 601 0

0101000
-476 0 *
Wi

0101100
-542 0 -537 0 -527 0 -520 0 -516 0 +4201 0 +509 0 +505 0 +495 0 +488 0 
+481 0 +477 0 *
Fa
0  1e-07 24 0

0101000
+474 0 *
Wi

0101100
+546 0 -478 0 -484 0 -491 0 -498 0 -502 0 -512 0 -4195 0 +517 0 +523 0 
+530 0 +534 0 *
Fa
0  1e-07 26 0

0101000
-472 0 *
Ve
1e-07
0.815 3.4 0.2
0 0

0101101
*
Ve
1e-07
0.815 3.9 0.2
0 0

0101101
*
Ed
 1e-07 1 1 0
1  1590 0 0 0.5
2  3179 608 0 0 0.5
2  3180 23 0 0 0.5
0

0101000
+470 3 -469 3 *
Ve
1e-07
1.135 3.4 0.2
0 0

0101101
*
Ed
 1e-07 1 1 0
1  1591 0 -0 0.32
2  3181 608 0 -0 0.32
2  3182 609 0 -0 0.32
4 G1 608 0 609 0
0

0101000
+467 3 -470 3 *
Ve
1e-07
1.135 3.9 0.2
0 0

0101101
*
Ed
 1e-07 1 1 0
1  1592 0 0 0.5
2  3183 608 0 0 0.5
2  3184 21 0 0 0.5
0

0101000
+467 3 -465 3 *
Ed
 1e-07 1 1 0
1  1593 0 -0 0.32
2  3185 608 0 -0 0.32
2  3186 610 0 -0 0.32
0

0101000
+465 3 -469 3 *
Wi

0101100
-468 0 -466 0 +464 0 +463 0 *
Fa
0  1e-07 608 0

0101000
+462 0 *
Ve
1e-07
1.135 3.30340741737109 0.274118095489748
0 0

0101101
*
Ed
 1e-07 1 1 0
1  1594 0 4.97418836818383 6.28318530717959
2  3187 609 0 4.97418836818383 6.28318530717959
2  3188 21 0 4.97418836818383 6.28318530717959
0

0101000
+460 3 -467 3 *
Ve
1e-07
0.815 3.30340741737109 0.274118095489748
0 0

0101101
*
Ed
 1e-07 1 1 0
1  1595 0 -0 0.32
2  3189 609 0 -0 0.32
2  3190 611 0 -0 0.32
4 G1 609 0 611 0
0

0101000
+460 3 -458 3 *
Ed
 1e-07 1 1 0
1  1596 0 4.97418836818383 6.28318530717959
2  3191 609 0 4.97418836818383 6.28318530717959
2  3192 23 0 4.97418836818383 6.28318530717959
0

0101000
+458 3 -470 3 *
Wi

0101100
-466 0 -459 0 +457 0 +456 0 *
Fa
0  1e-07 609 0

0101000
+455 0 *
Ve
1e-07
0.815 3.0881028410209 1.07764571353076
0 0

0101101
*
Ed
 1e-07 1 1 0
1  1597 0 0 0.831873003259506
2  3193 611 0 0 0.831873003259506
2  3194 23 0 0 0.831873003259506
0

0101000
+453 3 -458 3 *
Ve
1e-07
1.135 3.0881028410209 1.07764571353076
0 0

0101101
*
Ed
 1e-07 1 1 0
1  1598 0 -0 0.32
2  3195 611 0 -0 0.32
2  3196 612 0 -0 0.32
4 G1 611 0 612 0
0

0101000
+451 3 -453 3 *
Ed
 1e-07 1 1 0
1  1599 0 0 0.831873003259506
2  3197 611 0 0 0.831873003259506
2  3198 21 0 0 0.831873003259506
0

0101000
+451 3 -460 3 *
Wi

0101100
-452 0 -450 0 +449 0 +457 0 *
Fa
0  1e-07 611 0

0101000
+448 0 *
Ve
1e-07
0.815 2.79832509313418 1.3
0 0

0101101
*
Ed
 1e-07 1 1 0
1  1600 0 3.14159265358979 4.45058959258554
2  3199 612 0 3.14159265358979 4.45058959258554
2  3200 23 0 3.14159265358979 4.45058959258554
0

0101000
+446 3 -453 3 *
Ve
1e-07
1.135 2.79832509313418 1.3
0 0

0101101
*
Ed
 1e-07 1 1 0
1  1601 0 -0 0.32
2  3201 612 0 -0 0.32
2  3202 321 0 -0 0.32
4 G1 612 0 321 0
0

0101000
+444 3 -446 3 *
Ed
 1e-07 1 1 0
1  1602 0 3.14159265358979 4.45058959258554
2  3203 612 0 3.14159265358979 4.45058959258554
2  3204 21 0 3.14159265358979 4.45058959258554
0

0101000
+444 3 -451 3 *
Wi

0101100
-445 0 -443 0 +442 0 +450 0 *
Fa
0  1e-07 612 0

0101000
+441 0 *
Ed
 1e-07 1 1 0
1  1603 0 0 0.148325093134184
2  3205 321 0 0 0.148325093134184
2  3206 23 0 0 0.148325093134184
0

0101000
+4207 3 -446 3 *
Ed
 1e-07 1 1 0
1  1604 0 0 0.148325093134184
2  3207 321 0 0 0.148325093134184
2  3208 21 0 0 0.148325093134184
0

0101000
+4212 3 -444 3 *
Wi

0101100
-439 0 -3483 0 +438 0 +443 0 *
Fa
0  1e-07 321 0

0101000
+437 0 *
Ve
1e-07
0.815 2.79832509313418 1.1
0 0

0101101
*
Ed
 1e-07 1 1 0
1  1605 0 0 0.148325093134183
2  3209 309 0 0 0.148325093134183
2  3210 23 0 0 0.148325093134183
0

0101000
+4206 3 -435 3 *
Ve
1e-07
1.135 2.79832509313418 1.1
0 0

0101101
*
Ed
 1e-07 1 1 0
1  1606 0 -0 0.32
2  3211 309 0 -0 0.32
2  3212 613 0 -0 0.32
4 G1 309 0 613 0
0

0101000
+433 3 -435 3 *
Ed
 1e-07 1 1 0
1  1607 0 0 0.148325093134183
2  3213 309 0 0 0.148325093134183
2  3214 21 0 0 0.148325093134183
0

0101000
+4214 3 -433 3 *
Wi

0101100
+434 0 -432 0 -431 0 +3505 0 *
Fa
0  1e-07 309 0

0101000
-430 0 *
Ve
1e-07
1.135 2.89491767576309 1.02588190451025
0 0

0101101
*
Ed
 1e-07 1 1 0
1  1608 0 3.14159265358979 4.45058959258554
2  3215 613 0 3.14159265358979 4.45058959258554
2  3216 21 0 3.14159265358979 4.45058959258554
0

0101000
+433 3 -428 3 *
Ve
1e-07
0.815 2.89491767576309 1.02588190451025
0 0

0101101
*
Ed
 1e-07 1 1 0
1  1609 0 -0 0.32
2  3217 613 0 -0 0.32
2  3218 614 0 -0 0.32
4 G1 613 0 614 0
0

0101000
+428 3 -426 3 *
Ed
 1e-07 1 1 0
1  1610 0 3.14159265358979 4.45058959258554
2  3219 613 0 3.14159265358979 4.45058959258554
2  3220 23 0 3.14159265358979 4.45058959258554
0

0101000
+435 3 -426 3 *
Wi

0101100
-432 0 +427 0 +425 0 -424 0 *
Fa
0  1e-07 613 0

0101000
+423 0 *
Ve
1e-07
0.815 3.11022225211328 0.222354286469244
0 0

0101101
*
Ed
 1e-07 1 1 0
1  1611 0 0 0.831873003259506
2  3221 614 0 0 0.831873003259506
2  3222 23 0 0 0.831873003259506
0

0101000
+426 3 -421 3 *
Ve
1e-07
1.135 3.11022225211328 0.222354286469244
0 0

0101101
*
Ed
 1e-07 1 1 0
1  1612 0 -0 0.32
2  3223 614 0 -0 0.32
2  3224 615 0 -0 0.32
4 G1 614 0 615 0
0

0101000
+419 3 -421 3 *
Ed
 1e-07 1 1 0
1  1613 0 0 0.831873003259506
2  3225 614 0 0 0.831873003259506
2  3226 21 0 0 0.831873003259506
0

0101000
+428 3 -419 3 *
Wi

0101100
+420 0 -418 0 -417 0 +425 0 *
Fa
0  1e-07 614 0

0101000
-416 0 *
Ve
1e-07
0.815 3.4 -4.06575814682064e-16
0 0

0101101
*
Ed
 1e-07 1 1 0
1  1614 0 4.97418836818383 6.28318530717959
2  3227 615 0 4.97418836818383 6.28318530717959
2  3228 23 0 4.97418836818383 6.28318530717959
0

0101000
+421 3 -414 3 *
Ve
1e-07
1.135 3.4 -4.06575814682064e-16
0 0

0101101
*
Ed
 1e-07 1 1 0
1  1615 0 -0 0.32
2  3229 615 0 -0 0.32
2  3230 616 0 -0 0.32
4 G1 615 0 616 0
0

0101000
+412 3 -414 3 *
Ed
 1e-07 1 1 0
1  1616 0 4.97418836818383 6.28318530717959
2  3231 615 0 4.97418836818383 6.28318530717959
2  3232 21 0 4.97418836818383 6.28318530717959
0

0101000
+419 3 -412 3 *
Wi

0101100
+413 0 -411 0 -410 0 +418 0 *
Fa
0  1e-07 615 0

0101000
+409 0 *
Ve
1e-07
0.815 3.9 -4.74338450462408e-16
0 0

0101101
*
Ed
 1e-07 1 1 0
1  1617 0 0 0.5
2  3233 616 0 0 0.5
2  3234 23 0 0 0.5
0

0101000
+414 3 -407 3 *
Ve
1e-07
1.135 3.9 -4.74338450462408e-16
0 0

0101101
*
Ed
 1e-07 1 1 0
1  1618 0 -0 0.32
2  3235 616 0 -0 0.32
2  3236 610 0 -0 0.32
0

0101000
+405 3 -407 3 *
Ed
 1e-07 1 1 0
1  1619 0 0 0.5
2  3237 616 0 0 0.5
2  3238 21 0 0 0.5
0

0101000
+412 3 -405 3 *
Wi

0101100
+406 0 -404 0 -403 0 +411 0 *
Fa
0  1e-07 616 0

0101000
-402 0 *
Ed
 1e-07 1 1 0
1  1620 0 0 0.2
2  3239 610 0 0 0.2
2  3240 23 0 0 0.2
0

0101000
+407 3 -469 3 *
Ed
 1e-07 1 1 0
1  1621 0 0 0.2
2  3241 610 0 0 0.2
2  3242 21 0 0 0.2
0

0101000
+405 3 -465 3 *
Wi

0101100
+400 0 -463 0 -399 0 +404 0 *
Fa
0  1e-07 610 0

0101000
-398 0 *
Wi

0101100
-464 0 -459 0 -449 0 -442 0 -438 0 +4211 0 +431 0 +427 0 +417 0 +410 0 
+403 0 +399 0 *
Fa
0  1e-07 21 0

0101000
+396 0 *
Wi

0101100
+468 0 -400 0 -406 0 -413 0 -420 0 -424 0 -434 0 -4205 0 +439 0 +445 0 
+452 0 +456 0 *
Fa
0  1e-07 23 0

0101000
-394 0 *
Ve
1e-07
1.465 3.4 0.2
0 0

0101101
*
Ve
1e-07
1.465 3.9 0.2
0 0

0101101
*
Ed
 1e-07 1 1 0
1  1622 0 0 0.5
2  3243 617 0 0 0.5
2  3244 20 0 0 0.5
0

0101000
+392 3 -391 3 *
Ve
1e-07
1.785 3.4 0.2
0 0

0101101
*
Ed
 1e-07 1 1 0
1  1623 0 -0 0.32
2  3245 617 0 -0 0.32
2  3246 618 0 -0 0.32
4 G1 617 0 618 0
0

0101000
+389 3 -392 3 *
Ve
1e-07
1.785 3.9 0.2
0 0

0101101
*
Ed
 1e-07 1 1 0
1  1624 0 0 0.5
2  3247 617 0 0 0.5
2  3248 18 0 0 0.5
0

0101000
+389 3 -387 3 *
Ed
 1e-07 1 1 0
1  1625 0 -0 0.32
2  3249 617 0 -0 0.32
2  3250 619 0 -0 0.32
0

0101000
+387 3 -391 3 *
Wi

0101100
-390 0 -388 0 +386 0 +385 0 *
Fa
0  1e-07 617 0

0101000
+384 0 *
Ve
1e-07
1.785 3.30340741737109 0.274118095489748
0 0

0101101
*
Ed
 1e-07 1 1 0
1  1626 0 4.97418836818383 6.28318530717959
2  3251 618 0 4.97418836818383 6.28318530717959
2  3252 18 0 4.97418836818383 6.28318530717959
0

0101000
+382 3 -389 3 *
Ve
1e-07
1.465 3.30340741737109 0.274118095489748
0 0

0101101
*
Ed
 1e-07 1 1 0
1  1627 0 -0 0.32
2  3253 618 0 -0 0.32
2  3254 620 0 -0 0.32
4 G1 618 0 620 0
0

0101000
+382 3 -380 3 *
Ed
 1e-07 1 1 0
1  1628 0 4.97418836818383 6.28318530717959
2  3255 618 0 4.97418836818383 6.28318530717959
2  3256 20 0 4.97418836818383 6.28318530717959
0

0101000
+380 3 -392 3 *
Wi

0101100
-388 0 -381 0 +379 0 +378 0 *
Fa
0  1e-07 618 0

0101000
+377 0 *
Ve
1e-07
1.465 3.0881028410209 1.07764571353076
0 0

0101101
*
Ed
 1e-07 1 1 0
1  1629 0 0 0.831873003259506
2  3257 620 0 0 0.831873003259506
2  3258 20 0 0 0.831873003259506
0

0101000
+375 3 -380 3 *
Ve
1e-07
1.785 3.0881028410209 1.07764571353076
0 0

0101101
*
Ed
 1e-07 1 1 0
1  1630 0 -0 0.32
2  3259 620 0 -0 0.32
2  3260 621 0 -0 0.32
4 G1 620 0 621 0
0

0101000
+373 3 -375 3 *
Ed
 1e-07 1 1 0
1  1631 0 0 0.831873003259506
2  3261 620 0 0 0.831873003259506
2  3262 18 0 0 0.831873003259506
0

0101000
+373 3 -382 3 *
Wi

0101100
-374 0 -372 0 +371 0 +379 0 *
Fa
0  1e-07 620 0

0101000
+370 0 *
Ve
1e-07
1.465 2.79832509313418 1.3
0 0

0101101
*
Ed
 1e-07 1 1 0
1  1632 0 3.14159265358979 4.45058959258554
2  3263 621 0 3.14159265358979 4.45058959258554
2  3264 20 0 3.14159265358979 4.45058959258554
0

0101000
+368 3 -375 3 *
Ve
1e-07
1.785 2.79832509313418 1.3
0 0

0101101
*
Ed
 1e-07 1 1 0
1  1633 0 -0 0.32
2  3265 621 0 -0 0.32
2  3266 320 0 -0 0.32
4 G1 621 0 320 0
0

0101000
+366 3 -368 3 *
Ed
 1e-07 1 1 0
1  1634 0 3.14159265358979 4.45058959258554
2  3267 621 0 3.14159265358979 4.45058959258554
2  3268 18 0 3.14159265358979 4.45058959258554
0

0101000
+366 3 -373 3 *
Wi

0101100
-367 0 -365 0 +364 0 +372 0 *
Fa
0  1e-07 621 0

0101000
+363 0 *
Ed
 1e-07 1 1 0
1  1635 0 0 0.148325093134184
2  3269 320 0 0 0.148325093134184
2  3270 20 0 0 0.148325093134184
0

0101000
+4217 3 -368 3 *
Ed
 1e-07 1 1 0
1  1636 0 0 0.148325093134184
2  3271 320 0 0 0.148325093134184
2  3272 18 0 0 0.148325093134184
0

0101000
+4222 3 -366 3 *
Wi

0101100
-361 0 -3484 0 +360 0 +365 0 *
Fa
0  1e-07 320 0

0101000
+359 0 *
Ve
1e-07
1.465 2.79832509313418 1.1
0 0

0101101
*
Ed
 1e-07 1 1 0
1  1637 0 0 0.148325093134183
2  3273 310 0 0 0.148325093134183
2  3274 20 0 0 0.148325093134183
0

0101000
+4216 3 -357 3 *
Ve
1e-07
1.785 2.79832509313418 1.1
0 0

0101101
*
Ed
 1e-07 1 1 0
1  1638 0 -0 0.32
2  3275 310 0 -0 0.32
2  3276 622 0 -0 0.32
4 G1 310 0 622 0
0

0101000
+355 3 -357 3 *
Ed
 1e-07 1 1 0
1  1639 0 0 0.148325093134183
2  3277 310 0 0 0.148325093134183
2  3278 18 0 0 0.148325093134183
0

0101000
+4224 3 -355 3 *
Wi

0101100
+356 0 -354 0 -353 0 +3504 0 *
Fa
0  1e-07 310 0

0101000
-352 0 *
Ve
1e-07
1.785 2.89491767576309 1.02588190451025
0 0

0101101
*
Ed
 1e-07 1 1 0
1  1640 0 3.14159265358979 4.45058959258554
2  3279 622 0 3.14159265358979 4.45058959258554
2  3280 18 0 3.14159265358979 4.45058959258554
0

0101000
+355 3 -350 3 *
Ve
1e-07
1.465 2.89491767576309 1.02588190451025
0 0

0101101
*
Ed
 1e-07 1 1 0
1  1641 0 -0 0.32
2  3281 622 0 -0 0.32
2  3282 623 0 -0 0.32
4 G1 622 0 623 0
0

0101000
+350 3 -348 3 *
Ed
 1e-07 1 1 0
1  1642 0 3.14159265358979 4.45058959258554
2  3283 622 0 3.14159265358979 4.45058959258554
2  3284 20 0 3.14159265358979 4.45058959258554
0

0101000
+357 3 -348 3 *
Wi

0101100
-354 0 +349 0 +347 0 -346 0 *
Fa
0  1e-07 622 0

0101000
+345 0 *
Ve
1e-07
1.465 3.11022225211328 0.222354286469244
0 0

0101101
*
Ed
 1e-07 1 1 0
1  1643 0 0 0.831873003259506
2  3285 623 0 0 0.831873003259506
2  3286 20 0 0 0.831873003259506
0

0101000
+348 3 -343 3 *
Ve
1e-07
1.785 3.11022225211328 0.222354286469244
0 0

0101101
*
Ed
 1e-07 1 1 0
1  1644 0 -0 0.32
2  3287 623 0 -0 0.32
2  3288 624 0 -0 0.32
4 G1 623 0 624 0
0

0101000
+341 3 -343 3 *
Ed
 1e-07 1 1 0
1  1645 0 0 0.831873003259506
2  3289 623 0 0 0.831873003259506
2  3290 18 0 0 0.831873003259506
0

0101000
+350 3 -341 3 *
Wi

0101100
+342 0 -340 0 -339 0 +347 0 *
Fa
0  1e-07 623 0

0101000
-338 0 *
Ve
1e-07
1.465 3.4 -4.06575814682064e-16
0 0

0101101
*
Ed
 1e-07 1 1 0
1  1646 0 4.97418836818383 6.28318530717959
2  3291 624 0 4.97418836818383 6.28318530717959
2  3292 20 0 4.97418836818383 6.28318530717959
0

0101000
+343 3 -336 3 *
Ve
1e-07
1.785 3.4 -4.06575814682064e-16
0 0

0101101
*
Ed
 1e-07 1 1 0
1  1647 0 -0 0.32
2  3293 624 0 -0 0.32
2  3294 625 0 -0 0.32
4 G1 624 0 625 0
0

0101000
+334 3 -336 3 *
Ed
 1e-07 1 1 0
1  1648 0 4.97418836818383 6.28318530717959
2  3295 624 0 4.97418836818383 6.28318530717959
2  3296 18 0 4.97418836818383 6.28318530717959
0

0101000
+341 3 -334 3 *
Wi

0101100
+335 0 -333 0 -332 0 +340 0 *
Fa
0  1e-07 624 0

0101000
+331 0 *
Ve
1e-07
1.465 3.9 -4.74338450462408e-16
0 0

0101101
*
Ed
 1e-07 1 1 0
1  1649 0 0 0.5
2  3297 625 0 0 0.5
2  3298 20 0 0 0.5
0

0101000
+336 3 -329 3 *
Ve
1e-07
1.785 3.9 -4.74338450462408e-16
0 0

0101101
*
Ed
 1e-07 1 1 0
1  1650 0 -0 0.32
2  3299 625 0 -0 0.32
2  3300 619 0 -0 0.32
0

0101000
+327 3 -329 3 *
Ed
 1e-07 1 1 0
1  1651 0 0 0.5
2  3301 625 0 0 0.5
2  3302 18 0 0 0.5
0

0101000
+334 3 -327 3 *
Wi

0101100
+328 0 -326 0 -325 0 +333 0 *
Fa
0  1e-07 625 0

0101000
-324 0 *
Ed
 1e-07 1 1 0
1  1652 0 0 0.2
2  3303 619 0 0 0.2
2  3304 20 0 0 0.2
0

0101000
+329 3 -391 3 *
Ed
 1e-07 1 1 0
1  1653 0 0 0.2
2  3305 619 0 0 0.2
2  3306 18 0 0 0.2
0

0101000
+327 3 -387 3 *
Wi

0101100
+322 0 -385 0 -321 0 +326 0 *
Fa
0  1e-07 619 0

0101000
-320 0 *
Wi

0101100
-386 0 -381 0 -371 0 -364 0 -360 0 +4221 0 +353 0 +349 0 +339 0 +332 0 
+325 0 +321 0 *
Fa
0  1e-07 18 0

0101000
+318 0 *
Wi

0101100
+390 0 -322 0 -328 0 -335 0 -342 0 -346 0 -356 0 -4215 0 +361 0 +367 0 
+374 0 +378 0 *
Fa
0  1e-07 20 0

0101000
-316 0 *
Ve
1e-07
2.115 3.4 0.2
0 0

0101101
*
Ve
1e-07
2.115 3.9 0.2
0 0

0101101
*
Ed
 1e-07 1 1 0
1  1654 0 0 0.5
2  3307 626 0 0 0.5
2  3308 17 0 0 0.5
0

0101000
+314 3 -313 3 *
Ve
1e-07
2.435 3.4 0.2
0 0

0101101
*
Ed
 1e-07 1 1 0
1  1655 0 -0 0.32
2  3309 626 0 -0 0.32
2  3310 627 0 -0 0.32
4 G1 626 0 627 0
0

0101000
+311 3 -314 3 *
Ve
1e-07
2.435 3.9 0.2
0 0

0101101
*
Ed
 1e-07 1 1 0
1  1656 0 0 0.5
2  3311 626 0 0 0.5
2  3312 15 0 0 0.5
0

0101000
+311 3 -309 3 *
Ed
 1e-07 1 1 0
1  1657 0 -0 0.32
2  3313 626 0 -0 0.32
2  3314 628 0 -0 0.32
0

0101000
+309 3 -313 3 *
Wi

0101100
-312 0 -310 0 +308 0 +307 0 *
Fa
0  1e-07 626 0

0101000
+306 0 *
Ve
1e-07
2.435 3.30340741737109 0.274118095489748
0 0

0101101
*
Ed
 1e-07 1 1 0
1  1658 0 4.97418836818383 6.28318530717959
2  3315 627 0 4.97418836818383 6.28318530717959
2  3316 15 0 4.97418836818383 6.28318530717959
0

0101000
+304 3 -311 3 *
Ve
1e-07
2.115 3.30340741737109 0.274118095489748
0 0

0101101
*
Ed
 1e-07 1 1 0
1  1659 0 -0 0.32
2  3317 627 0 -0 0.32
2  3318 629 0 -0 0.32
4 G1 627 0 629 0
0

0101000
+304 3 -302 3 *
Ed
 1e-07 1 1 0
1  1660 0 4.97418836818383 6.28318530717959
2  3319 627 0 4.97418836818383 6.28318530717959
2  3320 17 0 4.97418836818383 6.28318530717959
0

0101000
+302 3 -314 3 *
Wi

0101100
-310 0 -303 0 +301 0 +300 0 *
Fa
0  1e-07 627 0

0101000
+299 0 *
Ve
1e-07
2.115 3.0881028410209 1.07764571353076
0 0

0101101
*
Ed
 1e-07 1 1 0
1  1661 0 0 0.831873003259506
2  3321 629 0 0 0.831873003259506
2  3322 17 0 0 0.831873003259506
0

0101000
+297 3 -302 3 *
Ve
1e-07
2.435 3.0881028410209 1.07764571353076
0 0

0101101
*
Ed
 1e-07 1 1 0
1  1662 0 -0 0.32
2  3323 629 0 -0 0.32
2  3324 630 0 -0 0.32
4 G1 629 0 630 0
0

0101000
+295 3 -297 3 *
Ed
 1e-07 1 1 0
1  1663 0 0 0.831873003259506
2  3325 629 0 0 0.831873003259506
2  3326 15 0 0 0.831873003259506
0

0101000
+295 3 -304 3 *
Wi

0101100
-296 0 -294 0 +293 0 +301 0 *
Fa
0  1e-07 629 0

0101000
+292 0 *
Ve
1e-07
2.115 2.79832509313418 1.3
0 0

0101101
*
Ed
 1e-07 1 1 0
1  1664 0 3.14159265358979 4.45058959258554
2  3327 630 0 3.14159265358979 4.45058959258554
2  3328 17 0 3.14159265358979 4.45058959258554
0

0101000
+290 3 -297 3 *
Ve
1e-07
2.435 2.79832509313418 1.3
0 0

0101101
*
Ed
 1e-07 1 1 0
1  1665 0 -0 0.32
2  3329 630 0 -0 0.32
2  3330 319 0 -0 0.32
4 G1 630 0 319 0
0

0101000
+288 3 -290 3 *
Ed
 1e-07 1 1 0
1  1666 0 3.14159265358979 4.45058959258554
2  3331 630 0 3.14159265358979 4.45058959258554
2  3332 15 0 3.14159265358979 4.45058959258554
0

0101000
+288 3 -295 3 *
Wi

0101100
-289 0 -287 0 +286 0 +294 0 *
Fa
0  1e-07 630 0

0101000
+285 0 *
Ed
 1e-07 1 1 0
1  1667 0 0 0.148325093134184
2  3333 319 0 0 0.148325093134184
2  3334 17 0 0 0.148325093134184
0

0101000
+4227 3 -290 3 *
Ed
 1e-07 1 1 0
1  1668 0 0 0.148325093134184
2  3335 319 0 0 0.148325093134184
2  3336 15 0 0 0.148325093134184
0

0101000
+4232 3 -288 3 *
Wi

0101100
-283 0 -3485 0 +282 0 +287 0 *
Fa
0  1e-07 319 0

0101000
+281 0 *
Ve
1e-07
2.115 2.79832509313418 1.1
0 0

0101101
*
Ed
 1e-07 1 1 0
1  1669 0 0 0.148325093134183
2  3337 311 0 0 0.148325093134183
2  3338 17 0 0 0.148325093134183
0

0101000
+4226 3 -279 3 *
Ve
1e-07
2.435 2.79832509313418 1.1
0 0

0101101
*
Ed
 1e-07 1 1 0
1  1670 0 -0 0.32
2  3339 311 0 -0 0.32
2  3340 631 0 -0 0.32
4 G1 311 0 631 0
0

0101000
+277 3 -279 3 *
Ed
 1e-07 1 1 0
1  1671 0 0 0.148325093134183
2  3341 311 0 0 0.148325093134183
2  3342 15 0 0 0.148325093134183
0

0101000
+4234 3 -277 3 *
Wi

0101100
+278 0 -276 0 -275 0 +3503 0 *
Fa
0  1e-07 311 0

0101000
-274 0 *
Ve
1e-07
2.435 2.89491767576309 1.02588190451025
0 0

0101101
*
Ed
 1e-07 1 1 0
1  1672 0 3.14159265358979 4.45058959258554
2  3343 631 0 3.14159265358979 4.45058959258554
2  3344 15 0 3.14159265358979 4.45058959258554
0

0101000
+277 3 -272 3 *
Ve
1e-07
2.115 2.89491767576309 1.02588190451025
0 0

0101101
*
Ed
 1e-07 1 1 0
1  1673 0 -0 0.32
2  3345 631 0 -0 0.32
2  3346 632 0 -0 0.32
4 G1 631 0 632 0
0

0101000
+272 3 -270 3 *
Ed
 1e-07 1 1 0
1  1674 0 3.14159265358979 4.45058959258554
2  3347 631 0 3.14159265358979 4.45058959258554
2  3348 17 0 3.14159265358979 4.45058959258554
0

0101000
+279 3 -270 3 *
Wi

0101100
-276 0 +271 0 +269 0 -268 0 *
Fa
0  1e-07 631 0

0101000
+267 0 *
Ve
1e-07
2.115 3.11022225211328 0.222354286469244
0 0

0101101
*
Ed
 1e-07 1 1 0
1  1675 0 0 0.831873003259506
2  3349 632 0 0 0.831873003259506
2  3350 17 0 0 0.831873003259506
0

0101000
+270 3 -265 3 *
Ve
1e-07
2.435 3.11022225211328 0.222354286469244
0 0

0101101
*
Ed
 1e-07 1 1 0
1  1676 0 -0 0.32
2  3351 632 0 -0 0.32
2  3352 633 0 -0 0.32
4 G1 632 0 633 0
0

0101000
+263 3 -265 3 *
Ed
 1e-07 1 1 0
1  1677 0 0 0.831873003259506
2  3353 632 0 0 0.831873003259506
2  3354 15 0 0 0.831873003259506
0

0101000
+272 3 -263 3 *
Wi

0101100
+264 0 -262 0 -261 0 +269 0 *
Fa
0  1e-07 632 0

0101000
-260 0 *
Ve
1e-07
2.115 3.4 -4.06575814682064e-16
0 0

0101101
*
Ed
 1e-07 1 1 0
1  1678 0 4.97418836818383 6.28318530717959
2  3355 633 0 4.97418836818383 6.28318530717959
2  3356 17 0 4.97418836818383 6.28318530717959
0

0101000
+265 3 -258 3 *
Ve
1e-07
2.435 3.4 -4.06575814682064e-16
0 0

0101101
*
Ed
 1e-07 1 1 0
1  1679 0 -0 0.32
2  3357 633 0 -0 0.32
2  3358 634 0 -0 0.32
4 G1 633 0 634 0
0

0101000
+256 3 -258 3 *
Ed
 1e-07 1 1 0
1  1680 0 4.97418836818383 6.28318530717959
2  3359 633 0 4.97418836818383 6.28318530717959
2  3360 15 0 4.97418836818383 6.28318530717959
0

0101000
+263 3 -256 3 *
Wi

0101100
+257 0 -255 0 -254 0 +262 0 *
Fa
0  1e-07 633 0

0101000
+253 0 *
Ve
1e-07
2.115 3.9 -4.74338450462408e-16
0 0

0101101
*
Ed
 1e-07 1 1 0
1  1681 0 0 0.5
2  3361 634 0 0 0.5
2  3362 17 0 0 0.5
0

0101000
+258 3 -251 3 *
Ve
1e-07
2.435 3.9 -4.74338450462408e-16
0 0

0101101
*
Ed
 1e-07 1 1 0
1  1682 0 -0 0.32
2  3363 634 0 -0 0.32
2  3364 628 0 -0 0.32
0

0101000
+249 3 -251 3 *
Ed
 1e-07 1 1 0
1  1683 0 0 0.5
2  3365 634 0 0 0.5
2  3366 15 0 0 0.5
0

0101000
+256 3 -249 3 *
Wi

0101100
+250 0 -248 0 -247 0 +255 0 *
Fa
0  1e-07 634 0

0101000
-246 0 *
Ed
 1e-07 1 1 0
1  1684 0 0 0.2
2  3367 628 0 0 0.2
2  3368 17 0 0 0.2
0

0101000
+251 3 -313 3 *
Ed
 1e-07 1 1 0
1  1685 0 0 0.2
2  3369 628 0 0 0.2
2  3370 15 0 0 0.2
0

0101000
+249 3 -309 3 *
Wi

0101100
+244 0 -307 0 -243 0 +248 0 *
Fa
0  1e-07 628 0

0101000
-242 0 *
Wi

0101100
-308 0 -303 0 -293 0 -286 0 -282 0 +4231 0 +275 0 +271 0 +261 0 +254 0 
+247 0 +243 0 *
Fa
0  1e-07 15 0

0101000
+240 0 *
Wi

0101100
+312 0 -244 0 -250 0 -257 0 -264 0 -268 0 -278 0 -4225 0 +283 0 +289 0 
+296 0 +300 0 *
Fa
0  1e-07 17 0

0101000
-238 0 *
Ve
1e-07
2.765 3.4 0.2
0 0

0101101
*
Ve
1e-07
2.765 3.9 0.2
0 0

0101101
*
Ed
 1e-07 1 1 0
1  1686 0 0 0.5
2  3371 635 0 0 0.5
2  3372 14 0 0 0.5
0

0101000
+236 3 -235 3 *
Ve
1e-07
3.085 3.4 0.2
0 0

0101101
*
Ed
 1e-07 1 1 0
1  1687 0 -0 0.32
2  3373 635 0 -0 0.32
2  3374 636 0 -0 0.32
4 G1 635 0 636 0
0

0101000
+233 3 -236 3 *
Ve
1e-07
3.085 3.9 0.2
0 0

0101101
*
Ed
 1e-07 1 1 0
1  1688 0 0 0.5
2  3375 635 0 0 0.5
2  3376 12 0 0 0.5
0

0101000
+233 3 -231 3 *
Ed
 1e-07 1 1 0
1  1689 0 -0 0.32
2  3377 635 0 -0 0.32
2  3378 637 0 -0 0.32
0

0101000
+231 3 -235 3 *
Wi

0101100
-234 0 -232 0 +230 0 +229 0 *
Fa
0  1e-07 635 0

0101000
+228 0 *
Ve
1e-07
3.085 3.30340741737109 0.274118095489748
0 0

0101101
*
Ed
 1e-07 1 1 0
1  1690 0 4.97418836818383 6.28318530717959
2  3379 636 0 4.97418836818383 6.28318530717959
2  3380 12 0 4.97418836818383 6.28318530717959
0

0101000
+226 3 -233 3 *
Ve
1e-07
2.765 3.30340741737109 0.274118095489748
0 0

0101101
*
Ed
 1e-07 1 1 0
1  1691 0 -0 0.32
2  3381 636 0 -0 0.32
2  3382 638 0 -0 0.32
4 G1 636 0 638 0
0

0101000
+226 3 -224 3 *
Ed
 1e-07 1 1 0
1  1692 0 4.97418836818383 6.28318530717959
2  3383 636 0 4.97418836818383 6.28318530717959
2  3384 14 0 4.97418836818383 6.28318530717959
0

0101000
+224 3 -236 3 *
Wi

0101100
-232 0 -225 0 +223 0 +222 0 *
Fa
0  1e-07 636 0

0101000
+221 0 *
Ve
1e-07
2.765 3.0881028410209 1.07764571353076
0 0

0101101
*
Ed
 1e-07 1 1 0
1  1693 0 0 0.831873003259506
2  3385 638 0 0 0.831873003259506
2  3386 14 0 0 0.831873003259506
0

0101000
+219 3 -224 3 *
Ve
1e-07
3.085 3.0881028410209 1.07764571353076
0 0

0101101
*
Ed
 1e-07 1 1 0
1  1694 0 -0 0.32
2  3387 638 0 -0 0.32
2  3388 639 0 -0 0.32
4 G1 638 0 639 0
0

0101000
+217 3 -219 3 *
Ed
 1e-07 1 1 0
1  1695 0 0 0.831873003259506
2  3389 638 0 0 0.831873003259506
2  3390 12 0 0 0.831873003259506
0

0101000
+217 3 -226 3 *
Wi

0101100
-218 0 -216 0 +215 0 +223 0 *
Fa
0  1e-07 638 0

0101000
+214 0 *
Ve
1e-07
2.765 2.79832509313418 1.3
0 0

0101101
*
Ed
 1e-07 1 1 0
1  1696 0 3.14159265358979 4.45058959258554
2  3391 639 0 3.14159265358979 4.45058959258554
2  3392 14 0 3.14159265358979 4.45058959258554
0

0101000
+212 3 -219 3 *
Ve
1e-07
3.085 2.79832509313418 1.3
0 0

0101101
*
Ed
 1e-07 1 1 0
1  1697 0 -0 0.32
2  3393 639 0 -0 0.32
2  3394 318 0 -0 0.32
4 G1 639 0 318 0
0

0101000
+210 3 -212 3 *
Ed
 1e-07 1 1 0
1  1698 0 3.14159265358979 4.45058959258554
2  3395 639 0 3.14159265358979 4.45058959258554
2  3396 12 0 3.14159265358979 4.45058959258554
0

0101000
+210 3 -217 3 *
Wi

0101100
-211 0 -209 0 +208 0 +216 0 *
Fa
0  1e-07 639 0

0101000
+207 0 *
Ed
 1e-07 1 1 0
1  1699 0 0 0.148325093134184
2  3397 318 0 0 0.148325093134184
2  3398 14 0 0 0.148325093134184
0

0101000
+4237 3 -212 3 *
Ed
 1e-07 1 1 0
1  1700 0 0 0.148325093134184
2  3399 318 0 0 0.148325093134184
2  3400 12 0 0 0.148325093134184
0

0101000
+4242 3 -210 3 *
Wi

0101100
-205 0 -3486 0 +204 0 +209 0 *
Fa
0  1e-07 318 0

0101000
+203 0 *
Ve
1e-07
2.765 2.79832509313418 1.1
0 0

0101101
*
Ed
 1e-07 1 1 0
1  1701 0 0 0.148325093134183
2  3401 312 0 0 0.148325093134183
2  3402 14 0 0 0.148325093134183
0

0101000
+4236 3 -201 3 *
Ve
1e-07
3.085 2.79832509313418 1.1
0 0

0101101
*
Ed
 1e-07 1 1 0
1  1702 0 -0 0.32
2  3403 312 0 -0 0.32
2  3404 640 0 -0 0.32
4 G1 312 0 640 0
0

0101000
+199 3 -201 3 *
Ed
 1e-07 1 1 0
1  1703 0 0 0.148325093134183
2  3405 312 0 0 0.148325093134183
2  3406 12 0 0 0.148325093134183
0

0101000
+4244 3 -199 3 *
Wi

0101100
+200 0 -198 0 -197 0 +3502 0 *
Fa
0  1e-07 312 0

0101000
-196 0 *
Ve
1e-07
3.085 2.89491767576309 1.02588190451025
0 0

0101101
*
Ed
 1e-07 1 1 0
1  1704 0 3.14159265358979 4.45058959258554
2  3407 640 0 3.14159265358979 4.45058959258554
2  3408 12 0 3.14159265358979 4.45058959258554
0

0101000
+199 3 -194 3 *
Ve
1e-07
2.765 2.89491767576309 1.02588190451025
0 0

0101101
*
Ed
 1e-07 1 1 0
1  1705 0 -0 0.32
2  3409 640 0 -0 0.32
2  3410 641 0 -0 0.32
4 G1 640 0 641 0
0

0101000
+194 3 -192 3 *
Ed
 1e-07 1 1 0
1  1706 0 3.14159265358979 4.45058959258554
2  3411 640 0 3.14159265358979 4.45058959258554
2  3412 14 0 3.14159265358979 4.45058959258554
0

0101000
+201 3 -192 3 *
Wi

0101100
-198 0 +193 0 +191 0 -190 0 *
Fa
0  1e-07 640 0

0101000
+189 0 *
Ve
1e-07
2.765 3.11022225211328 0.222354286469244
0 0

0101101
*
Ed
 1e-07 1 1 0
1  1707 0 0 0.831873003259506
2  3413 641 0 0 0.831873003259506
2  3414 14 0 0 0.831873003259506
0

0101000
+192 3 -187 3 *
Ve
1e-07
3.085 3.11022225211328 0.222354286469244
0 0

0101101
*
Ed
 1e-07 1 1 0
1  1708 0 -0 0.32
2  3415 641 0 -0 0.32
2  3416 642 0 -0 0.32
4 G1 641 0 642 0
0

0101000
+185 3 -187 3 *
Ed
 1e-07 1 1 0
1  1709 0 0 0.831873003259506
2  3417 641 0 0 0.831873003259506
2  3418 12 0 0 0.831873003259506
0

0101000
+194 3 -185 3 *
Wi

0101100
+186 0 -184 0 -183 0 +191 0 *
Fa
0  1e-07 641 0

0101000
-182 0 *
Ve
1e-07
2.765 3.4 -4.06575814682064e-16
0 0

0101101
*
Ed
 1e-07 1 1 0
1  1710 0 4.97418836818383 6.28318530717959
2  3419 642 0 4.97418836818383 6.28318530717959
2  3420 14 0 4.97418836818383 6.28318530717959
0

0101000
+187 3 -180 3 *
Ve
1e-07
3.085 3.4 -4.06575814682064e-16
0 0

0101101
*
Ed
 1e-07 1 1 0
1  1711 0 -0 0.32
2  3421 642 0 -0 0.32
2  3422 643 0 -0 0.32
4 G1 642 0 643 0
0

0101000
+178 3 -180 3 *
Ed
 1e-07 1 1 0
1  1712 0 4.97418836818383 6.28318530717959
2  3423 642 0 4.97418836818383 6.28318530717959
2  3424 12 0 4.97418836818383 6.28318530717959
0

0101000
+185 3 -178 3 *
Wi

0101100
+179 0 -177 0 -176 0 +184 0 *
Fa
0  1e-07 642 0

0101000
+175 0 *
Ve
1e-07
2.765 3.9 -4.74338450462408e-16
0 0

0101101
*
Ed
 1e-07 1 1 0
1  1713 0 0 0.5
2  3425 643 0 0 0.5
2  3426 14 0 0 0.5
0

0101000
+180 3 -173 3 *
Ve
1e-07
3.085 3.9 -4.74338450462408e-16
0 0

0101101
*
Ed
 1e-07 1 1 0
1  1714 0 -0 0.32
2  3427 643 0 -0 0.32
2  3428 637 0 -0 0.32
0

0101000
+171 3 -173 3 *
Ed
 1e-07 1 1 0
1  1715 0 0 0.5
2  3429 643 0 0 0.5
2  3430 12 0 0 0.5
0

0101000
+178 3 -171 3 *
Wi

0101100
+172 0 -170 0 -169 0 +177 0 *
Fa
0  1e-07 643 0

0101000
-168 0 *
Ed
 1e-07 1 1 0
1  1716 0 0 0.2
2  3431 637 0 0 0.2
2  3432 14 0 0 0.2
0

0101000
+173 3 -235 3 *
Ed
 1e-07 1 1 0
1  1717 0 0 0.2
2  3433 637 0 0 0.2
2  3434 12 0 0 0.2
0

0101000
+171 3 -231 3 *
Wi

0101100
+166 0 -229 0 -165 0 +170 0 *
Fa
0  1e-07 637 0

0101000
-164 0 *
Wi

0101100
-230 0 -225 0 -215 0 -208 0 -204 0 +4241 0 +197 0 +193 0 +183 0 +176 0 
+169 0 +165 0 *
Fa
0  1e-07 12 0

0101000
+162 0 *
Wi

0101100
+234 0 -166 0 -172 0 -179 0 -186 0 -190 0 -200 0 -4235 0 +205 0 +211 0 
+218 0 +222 0 *
Fa
0  1e-07 14 0

0101000
-160 0 *
Ve
1e-07
3.415 3.4 0.2
0 0

0101101
*
Ve
1e-07
3.415 3.9 0.2
0 0

0101101
*
Ed
 1e-07 1 1 0
1  1718 0 0 0.5
2  3435 644 0 0 0.5
2  3436 11 0 0 0.5
0

0101000
+158 3 -157 3 *
Ve
1e-07
3.735 3.4 0.2
0 0

0101101
*
Ed
 1e-07 1 1 0
1  1719 0 -0 0.32
2  3437 644 0 -0 0.32
2  3438 645 0 -0 0.32
4 G1 644 0 645 0
0

0101000
+155 3 -158 3 *
Ve
1e-07
3.735 3.9 0.2
0 0

0101101
*
Ed
 1e-07 1 1 0
1  1720 0 0 0.5
2  3439 644 0 0 0.5
2  3440 8 0 0 0.5
0

0101000
+155 3 -153 3 *
Ed
 1e-07 1 1 0
1  1721 0 -0 0.32
2  3441 644 0 -0 0.32
2  3442 646 0 -0 0.32
0

0101000
+153 3 -157 3 *
Wi

0101100
-156 0 -154 0 +152 0 +151 0 *
Fa
0  1e-07 644 0

0101000
+150 0 *
Ve
1e-07
3.735 3.30340741737109 0.274118095489748
0 0

0101101
*
Ed
 1e-07 1 1 0
1  1722 0 4.97418836818383 6.28318530717959
2  3443 645 0 4.97418836818383 6.28318530717959
2  3444 8 0 4.97418836818383 6.28318530717959
0

0101000
+148 3 -155 3 *
Ve
1e-07
3.415 3.30340741737109 0.274118095489748
0 0

0101101
*
Ed
 1e-07 1 1 0
1  1723 0 -0 0.32
2  3445 645 0 -0 0.32
2  3446 647 0 -0 0.32
4 G1 645 0 647 0
0

0101000
+148 3 -146 3 *
Ed
 1e-07 1 1 0
1  1724 0 4.97418836818383 6.28318530717959
2  3447 645 0 4.97418836818383 6.28318530717959
2  3448 11 0 4.97418836818383 6.28318530717959
0

0101000
+146 3 -158 3 *
Wi

0101100
-154 0 -147 0 +145 0 +144 0 *
Fa
0  1e-07 645 0

0101000
+143 0 *
Ve
1e-07
3.415 3.0881028410209 1.07764571353076
0 0

0101101
*
Ed
 1e-07 1 1 0
1  1725 0 0 0.831873003259506
2  3449 647 0 0 0.831873003259506
2  3450 11 0 0 0.831873003259506
0

0101000
+141 3 -146 3 *
Ve
1e-07
3.735 3.0881028410209 1.07764571353076
0 0

0101101
*
Ed
 1e-07 1 1 0
1  1726 0 -0 0.32
2  3451 647 0 -0 0.32
2  3452 648 0 -0 0.32
4 G1 647 0 648 0
0

0101000
+139 3 -141 3 *
Ed
 1e-07 1 1 0
1  1727 0 0 0.831873003259506
2  3453 647 0 0 0.831873003259506
2  3454 8 0 0 0.831873003259506
0

0101000
+139 3 -148 3 *
Wi

0101100
-140 0 -138 0 +137 0 +145 0 *
Fa
0  1e-07 647 0

0101000
+136 0 *
Ve
1e-07
3.415 2.79832509313418 1.3
0 0

0101101
*
Ed
 1e-07 1 1 0
1  1728 0 3.14159265358979 4.45058959258554
2  3455 648 0 3.14159265358979 4.45058959258554
2  3456 11 0 3.14159265358979 4.45058959258554
0

0101000
+134 3 -141 3 *
Ve
1e-07
3.735 2.79832509313418 1.3
0 0

0101101
*
Ed
 1e-07 1 1 0
1  1729 0 -0 0.32
2  3457 648 0 -0 0.32
2  3458 317 0 -0 0.32
4 G1 648 0 317 0
0

0101000
+132 3 -134 3 *
Ed
 1e-07 1 1 0
1  1730 0 3.14159265358979 4.45058959258554
2  3459 648 0 3.14159265358979 4.45058959258554
2  3460 8 0 3.14159265358979 4.45058959258554
0

0101000
+132 3 -139 3 *
Wi

0101100
-133 0 -131 0 +130 0 +138 0 *
Fa
0  1e-07 648 0

0101000
+129 0 *
Ed
 1e-07 1 1 0
1  1731 0 0 0.148325093134184
2  3461 317 0 0 0.148325093134184
2  3462 11 0 0 0.148325093134184
0

0101000
+4247 3 -134 3 *
Ed
 1e-07 1 1 0
1  1732 0 0 0.148325093134184
2  3463 317 0 0 0.148325093134184
2  3464 8 0 0 0.148325093134184
0

0101000
+4252 3 -132 3 *
Wi

0101100
-127 0 -3487 0 +126 0 +131 0 *
Fa
0  1e-07 317 0

0101000
+125 0 *
Ve
1e-07
3.415 2.79832509313418 1.1
0 0

0101101
*
Ed
 1e-07 1 1 0
1  1733 0 0 0.148325093134183
2  3465 313 0 0 0.148325093134183
2  3466 11 0 0 0.148325093134183
0

0101000
+4246 3 -123 3 *
Ve
1e-07
3.735 2.79832509313418 1.1
0 0

0101101
*
Ed
 1e-07 1 1 0
1  1734 0 -0 0.32
2  3467 313 0 -0 0.32
2  3468 649 0 -0 0.32
4 G1 313 0 649 0
0

0101000
+121 3 -123 3 *
Ed
 1e-07 1 1 0
1  1735 0 0 0.148325093134183
2  3469 313 0 0 0.148325093134183
2  3470 8 0 0 0.148325093134183
0

0101000
+4254 3 -121 3 *
Wi

0101100
+122 0 -120 0 -119 0 +3501 0 *
Fa
0  1e-07 313 0

0101000
-118 0 *
Ve
1e-07
3.735 2.89491767576309 1.02588190451025
0 0

0101101
*
Ed
 1e-07 1 1 0
1  1736 0 3.14159265358979 4.45058959258554
2  3471 649 0 3.14159265358979 4.45058959258554
2  3472 8 0 3.14159265358979 4.45058959258554
0

0101000
+121 3 -116 3 *
Ve
1e-07
3.415 2.89491767576309 1.02588190451025
0 0

0101101
*
Ed
 1e-07 1 1 0
1  1737 0 -0 0.32
2  3473 649 0 -0 0.32
2  3474 650 0 -0 0.32
4 G1 649 0 650 0
0

0101000
+116 3 -114 3 *
Ed
 1e-07 1 1 0
1  1738 0 3.14159265358979 4.45058959258554
2  3475 649 0 3.14159265358979 4.45058959258554
2  3476 11 0 3.14159265358979 4.45058959258554
0

0101000
+123 3 -114 3 *
Wi

0101100
-120 0 +115 0 +113 0 -112 0 *
Fa
0  1e-07 649 0

0101000
+111 0 *
Ve
1e-07
3.415 3.11022225211328 0.222354286469244
0 0

0101101
*
Ed
 1e-07 1 1 0
1  1739 0 0 0.831873003259506
2  3477 650 0 0 0.831873003259506
2  3478 11 0 0 0.831873003259506
0

0101000
+114 3 -109 3 *
Ve
1e-07
3.735 3.11022225211328 0.222354286469244
0 0

0101101
*
Ed
 1e-07 1 1 0
1  1740 0 -0 0.32
2  3479 650 0 -0 0.32
2  3480 651 0 -0 0.32
4 G1 650 0 651 0
0

0101000
+107 3 -109 3 *
Ed
 1e-07 1 1 0
1  1741 0 0 0.831873003259506
2  3481 650 0 0 0.831873003259506
2  3482 8 0 0 0.831873003259506
0

0101000
+116 3 -107 3 *
Wi

0101100
+108 0 -106 0 -105 0 +113 0 *
Fa
0  1e-07 650 0

0101000
-104 0 *
Ve
1e-07
3.415 3.4 -4.06575814682064e-16
0 0

0101101
*
Ed
 1e-07 1 1 0
1  1742 0 4.97418836818383 6.28318530717959
2  3483 651 0 4.97418836818383 6.28318530717959
2  3484 11 0 4.97418836818383 6.28318530717959
0

0101000
+109 3 -102 3 *
Ve
1e-07
3.735 3.4 -4.06575814682064e-16
0 0

0101101
*
Ed
 1e-07 1 1 0
1  1743 0 -0 0.32
2  3485 651 0 -0 0.32
2  3486 652 0 -0 0.32
4 G1 651 0 652 0
0

0101000
+100 3 -102 3 *
Ed
 1e-07 1 1 0
1  1744 0 4.97418836818383 6.28318530717959
2  3487 651 0 4.97418836818383 6.28318530717959
2  3488 8 0 4.97418836818383 6.28318530717959
0

0101000
+107 3 -100 3 *
Wi

0101100
+101 0 -99 0 -98 0 +106 0 *
Fa
0  1e-07 651 0

0101000
+97 0 *
Ve
1e-07
3.415 3.9 -4.74338450462408e-16
0 0

0101101
*
Ed
 1e-07 1 1 0
1  1745 0 0 0.5
2  3489 652 0 0 0.5
2  3490 11 0 0 0.5
0

0101000
+102 3 -95 3 *
Ve
1e-07
3.735 3.9 -4.74338450462408e-16
0 0

0101101
*
Ed
 1e-07 1 1 0
1  1746 0 -0 0.32
2  3491 652 0 -0 0.32
2  3492 646 0 -0 0.32
0

0101000
+93 3 -95 3 *
Ed
 1e-07 1 1 0
1  1747 0 0 0.5
2  3493 652 0 0 0.5
2  3494 8 0 0 0.5
0

0101000
+100 3 -93 3 *
Wi

0101100
+94 0 -92 0 -91 0 +99 0 *
Fa
0  1e-07 652 0

0101000
-90 0 *
Ed
 1e-07 1 1 0
1  1748 0 0 0.2
2  3495 646 0 0 0.2
2  3496 11 0 0 0.2
0

0101000
+95 3 -157 3 *
Ed
 1e-07 1 1 0
1  1749 0 0 0.2
2  3497 646 0 0 0.2
2  3498 8 0 0 0.2
0

0101000
+93 3 -153 3 *
Wi

0101100
+88 0 -151 0 -87 0 +92 0 *
Fa
0  1e-07 646 0

0101000
-86 0 *
Wi

0101100
-152 0 -147 0 -137 0 -130 0 -126 0 +4251 0 +119 0 +115 0 +105 0 +98 0 
+91 0 +87 0 *
Fa
0  1e-07 8 0

0101000
+84 0 *
Wi

0101100
+156 0 -88 0 -94 0 -101 0 -108 0 -112 0 -122 0 -4245 0 +127 0 +133 0 
+140 0 +144 0 *
Fa
0  1e-07 11 0

0101000
-82 0 *
Ve
1e-07
4.065 3.4 0.2
0 0

0101101
*
Ve
1e-07
4.065 3.9 0.2
0 0

0101101
*
Ed
 1e-07 1 1 0
1  1750 0 0 0.5
2  3499 653 0 0 0.5
2  3500 6 0 0 0.5
0

0101000
+80 3 -79 3 *
Ve
1e-07
4.385 3.4 0.2
0 0

0101101
*
Ed
 1e-07 1 1 0
1  1751 0 -0 0.319999999999999
2  3501 653 0 -0 0.319999999999999
2  3502 654 0 -0 0.319999999999999
4 G1 653 0 654 0
0

0101000
+77 3 -80 3 *
Ve
1e-07
4.385 3.9 0.2
0 0

0101101
*
Ed
 1e-07 1 1 0
1  1752 0 0 0.5
2  3503 653 0 0 0.5
2  3504 272 0 0 0.5
0

0101000
+77 3 -75 3 *
Ed
 1e-07 1 1 0
1  1753 0 -0 0.319999999999999
2  3505 653 0 -0 0.319999999999999
2  3506 655 0 -0 0.319999999999999
0

0101000
+75 3 -79 3 *
Wi

0101100
-78 0 -76 0 +74 0 +73 0 *
Fa
0  1e-07 653 0

0101000
+72 0 *
Ve
1e-07
4.385 3.30340741737109 0.274118095489748
0 0

0101101
*
Ed
 1e-07 1 1 0
1  1754 0 4.97418836818383 6.28318530717959
2  3507 654 0 4.97418836818383 6.28318530717959
2  3508 272 0 4.97418836818383 6.28318530717959
0

0101000
+70 3 -77 3 *
Ve
1e-07
4.065 3.30340741737109 0.274118095489748
0 0

0101101
*
Ed
 1e-07 1 1 0
1  1755 0 -0 0.319999999999999
2  3509 654 0 -0 0.319999999999999
2  3510 656 0 -0 0.319999999999999
4 G1 654 0 656 0
0

0101000
+70 3 -68 3 *
Ed
 1e-07 1 1 0
1  1756 0 4.97418836818383 6.28318530717959
2  3511 654 0 4.97418836818383 6.28318530717959
2  3512 6 0 4.97418836818383 6.28318530717959
0

0101000
+68 3 -80 3 *
Wi

0101100
-76 0 -69 0 +67 0 +66 0 *
Fa
0  1e-07 654 0

0101000
+65 0 *
Ve
1e-07
4.065 3.0881028410209 1.07764571353076
0 0

0101101
*
Ed
 1e-07 1 1 0
1  1757 0 0 0.831873003259506
2  3513 656 0 0 0.831873003259506
2  3514 6 0 0 0.831873003259506
0

0101000
+63 3 -68 3 *
Ve
1e-07
4.385 3.0881028410209 1.07764571353076
0 0

0101101
*
Ed
 1e-07 1 1 0
1  1758 0 -0 0.319999999999999
2  3515 656 0 -0 0.319999999999999
2  3516 657 0 -0 0.319999999999999
4 G1 656 0 657 0
0

0101000
+61 3 -63 3 *
Ed
 1e-07 1 1 0
1  1759 0 0 0.831873003259506
2  3517 656 0 0 0.831873003259506
2  3518 272 0 0 0.831873003259506
0

0101000
+61 3 -70 3 *
Wi

0101100
-62 0 -60 0 +59 0 +67 0 *
Fa
0  1e-07 656 0

0101000
+58 0 *
Ve
1e-07
4.065 2.79832509313418 1.3
0 0

0101101
*
Ed
 1e-07 1 1 0
1  1760 0 3.14159265358979 4.45058959258554
2  3519 657 0 3.14159265358979 4.45058959258554
2  3520 6 0 3.14159265358979 4.45058959258554
0

0101000
+56 3 -63 3 *
Ve
1e-07
4.385 2.79832509313418 1.3
0 0

0101101
*
Ed
 1e-07 1 1 0
1  1761 0 -0 0.319999999999999
2  3521 657 0 -0 0.319999999999999
2  3522 316 0 -0 0.319999999999999
4 G1 657 0 316 0
0

0101000
+54 3 -56 3 *
Ed
 1e-07 1 1 0
1  1762 0 3.14159265358979 4.45058959258554
2  3523 657 0 3.14159265358979 4.45058959258554
2  3524 272 0 3.14159265358979 4.45058959258554
0

0101000
+54 3 -61 3 *
Wi

0101100
-55 0 -53 0 +52 0 +60 0 *
Fa
0  1e-07 657 0

0101000
+51 0 *
Ed
 1e-07 1 1 0
1  1763 0 0 0.148325093134184
2  3525 316 0 0 0.148325093134184
2  3526 6 0 0 0.148325093134184
0

0101000
+4257 3 -56 3 *
Ed
 1e-07 1 1 0
1  1764 0 0 0.148325093134184
2  3527 316 0 0 0.148325093134184
2  3528 272 0 0 0.148325093134184
0

0101000
+3601 3 -54 3 *
Wi

0101100
-49 0 -3488 0 +48 0 +53 0 *
Fa
0  1e-07 316 0

0101000
+47 0 *
Ve
1e-07
4.065 2.79832509313418 1.1
0 0

0101101
*
Ed
 1e-07 1 1 0
1  1765 0 0 0.148325093134183
2  3529 314 0 0 0.148325093134183
2  3530 6 0 0 0.148325093134183
0

0101000
+4256 3 -45 3 *
Ve
1e-07
4.385 2.79832509313418 1.1
0 0

0101101
*
Ed
 1e-07 1 1 0
1  1766 0 -0 0.319999999999999
2  3531 314 0 -0 0.319999999999999
2  3532 658 0 -0 0.319999999999999
4 G1 314 0 658 0
0

0101000
+43 3 -45 3 *
Ed
 1e-07 1 1 0
1  1767 0 0 0.148325093134183
2  3533 314 0 0 0.148325093134183
2  3534 272 0 0 0.148325093134183
0

0101000
+3603 3 -43 3 *
Wi

0101100
+44 0 -42 0 -41 0 +3500 0 *
Fa
0  1e-07 314 0

0101000
-40 0 *
Ve
1e-07
4.385 2.89491767576309 1.02588190451025
0 0

0101101
*
Ed
 1e-07 1 1 0
1  1768 0 3.14159265358979 4.45058959258554
2  3535 658 0 3.14159265358979 4.45058959258554
2  3536 272 0 3.14159265358979 4.45058959258554
0

0101000
+43 3 -38 3 *
Ve
1e-07
4.065 2.89491767576309 1.02588190451025
0 0

0101101
*
Ed
 1e-07 1 1 0
1  1769 0 -0 0.319999999999999
2  3537 658 0 -0 0.319999999999999
2  3538 659 0 -0 0.319999999999999
4 G1 658 0 659 0
0

0101000
+38 3 -36 3 *
Ed
 1e-07 1 1 0
1  1770 0 3.14159265358979 4.45058959258554
2  3539 658 0 3.14159265358979 4.45058959258554
2  3540 6 0 3.14159265358979 4.45058959258554
0

0101000
+45 3 -36 3 *
Wi

0101100
-42 0 +37 0 +35 0 -34 0 *
Fa
0  1e-07 658 0

0101000
+33 0 *
Ve
1e-07
4.065 3.11022225211328 0.222354286469244
0 0

0101101
*
Ed
 1e-07 1 1 0
1  1771 0 0 0.831873003259506
2  3541 659 0 0 0.831873003259506
2  3542 6 0 0 0.831873003259506
0

0101000
+36 3 -31 3 *
Ve
1e-07
4.385 3.11022225211328 0.222354286469244
0 0

0101101
*
Ed
 1e-07 1 1 0
1  1772 0 -0 0.319999999999999
2  3543 659 0 -0 0.319999999999999
2  3544 660 0 -0 0.319999999999999
4 G1 659 0 660 0
0

0101000
+29 3 -31 3 *
Ed
 1e-07 1 1 0
1  1773 0 0 0.831873003259506
2  3545 659 0 0 0.831873003259506
2  3546 272 0 0 0.831873003259506
0

0101000
+38 3 -29 3 *
Wi

0101100
+30 0 -28 0 -27 0 +35 0 *
Fa
0  1e-07 659 0

0101000
-26 0 *
Ve
1e-07
4.065 3.4 -4.06575814682064e-16
0 0

0101101
*
Ed
 1e-07 1 1 0
1  1774 0 4.97418836818383 6.28318530717959
2  3547 660 0 4.97418836818383 6.28318530717959
2  3548 6 0 4.97418836818383 6.28318530717959
0

0101000
+31 3 -24 3 *
Ve
1e-07
4.385 3.4 -4.06575814682064e-16
0 0

0101101
*
Ed
 1e-07 1 1 0
1  1775 0 -0 0.319999999999999
2  3549 660 0 -0 0.319999999999999
2  3550 661 0 -0 0.319999999999999
4 G1 660 0 661 0
0

0101000
+22 3 -24 3 *
Ed
 1e-07 1 1 0
1  1776 0 4.97418836818383 6.28318530717959
2  3551 660 0 4.97418836818383 6.28318530717959
2  3552 272 0 4.97418836818383 6.28318530717959
0

0101000
+29 3 -22 3 *
Wi

0101100
+23 0 -21 0 -20 0 +28 0 *
Fa
0  1e-07 660 0

0101000
+19 0 *
Ve
1e-07
4.065 3.9 -4.74338450462408e-16
0 0

0101101
*
Ed
 1e-07 1 1 0
1  1777 0 0 0.5
2  3553 661 0 0 0.5
2  3554 6 0 0 0.5
0

0101000
+24 3 -17 3 *
Ve
1e-07
4.385 3.9 -4.74338450462408e-16
0 0

0101101
*
Ed
 1e-07 1 1 0
1  1778 0 -0 0.319999999999999
2  3555 661 0 -0 0.319999999999999
2  3556 655 0 -0 0.319999999999999
0

0101000
+15 3 -17 3 *
Ed
 1e-07 1 1 0
1  1779 0 0 0.5
2  3557 661 0 0 0.5
2  3558 272 0 0 0.5
0

0101000
+22 3 -15 3 *
Wi

0101100
+16 0 -14 0 -13 0 +21 0 *
Fa
0  1e-07 661 0

0101000
-12 0 *
Ed
 1e-07 1 1 0
1  1780 0 0 0.2
2  3559 655 0 0 0.2
2  3560 6 0 0 0.2
0

0101000
+17 3 -79 3 *
Ed
 1e-07 1 1 0
1  1781 0 0 0.2
2  3561 655 0 0 0.2
2  3562 272 0 0 0.2
0

0101000
+15 3 -75 3 *
Wi

0101100
+10 0 -73 0 -9 0 +14 0 *
Fa
0  1e-07 655 0

0101000
-8 0 *
Wi

0101100
-74 0 -69 0 -59 0 -52 0 -48 0 +3600 0 +41 0 +37 0 +27 0 +20 0 
+13 0 +9 0 *
Fa
0  1e-07 272 0

0101000
+6 0 *
Wi

0101100
+78 0 -10 0 -16 0 -23 0 -30 0 -34 0 -44 0 -4255 0 +49 0 +55 0 
+62 0 +66 0 *
Fa
0  1e-07 6 0

0101000
-4 0 *
Sh

0101100
-4258 0 -4248 0 -4238 0 -4228 0 -4218 0 -4208 0 -4198 0 -4188 0 -4178 0 -4168 0 
-4158 0 -4148 0 -4138 0 -4128 0 -4118 0 -4108 0 -4098 0 -4088 0 -4078 0 -4068 0 
-4058 0 -4048 0 -4038 0 -4028 0 -4018 0 -4008 0 -3998 0 -3988 0 -3978 0 -3615 0 
-3605 0 -3595 0 -3585 0 -3575 0 +3565 0 +3540 0 +3529 0 +3518 0 +3493 0 -3468 0 
-3457 0 -3446 0 -3421 0 +3417 0 +3413 0 +3409 0 +3406 0 +3403 0 +3400 0 +3397 0 
+3393 0 +3390 0 +3387 0 +3384 0 +3381 0 +3378 0 +3375 0 +3371 0 +3368 0 +3365 0 
+3362 0 +3359 0 +3356 0 +3353 0 +3350 0 +3347 0 +3344 0 +3341 0 +3338 0 +3335 0 
+3333 0 -3330 0 +3328 0 -3321 0 -3316 0 -3311 0 -3306 0 -3301 0 -3298 0 -3296 0 
-3289 0 -3284 0 -3279 0 -3274 0 -3269 0 -3264 0 -3259 0 -3254 0 -3249 0 -3244 0 
-3239 0 -3234 0 -3229 0 -3226 0 +3224 0 -3217 0 -3212 0 -3207 0 -3202 0 -3197 0 
-3192 0 -3187 0 -3182 0 -3177 0 -3172 0 -3167 0 -3164 0 -3162 0 +3131 0 -3127 0 
-3124 0 -3121 0 -3118 0 -3115 0 -3112 0 -3110 0 +3103 0 +3098 0 +3093 0 +3088 0 
+3083 0 +3078 0 +3075 0 -3073 0 -3042 0 -3038 0 -3035 0 -3032 0 -3029 0 -3026 0 
-3023 0 -3020 0 -3018 0 +3011 0 +3006 0 +3001 0 +2996 0 +2991 0 +2988 0 -2986 0 
-2979 0 -2974 0 -2969 0 -2964 0 -2959 0 -2954 0 -2949 0 -2944 0 -2939 0 -2934 0 
-2929 0 -2926 0 -2924 0 +2877 0 -2873 0 -2870 0 -2867 0 -2864 0 -2861 0 -2858 0 
-2855 0 -2852 0 -2849 0 -2846 0 -2843 0 -2840 0 -2837 0 -2835 0 +2828 0 +2823 0 
+2818 0 +2813 0 +2808 0 +2803 0 +2798 0 +2795 0 -2793 0 -2786 0 -2781 0 -2776 0 
-2771 0 -2766 0 -2761 0 -2756 0 -2751 0 -2746 0 -2741 0 -2736 0 -2731 0 -2726 0 
-2721 0 -2716 0 -2711 0 -2706 0 -2701 0 -2696 0 -2691 0 -2688 0 -2686 0 -2679 0 
-2674 0 -2669 0 -2664 0 -2659 0 -2654 0 -2649 0 -2644 0 -2639 0 -2634 0 -2629 0 
-2624 0 -2619 0 -2614 0 -2611 0 +2609 0 -2602 0 -2597 0 -2592 0 -2587 0 -2582 0 
-2577 0 -2572 0 -2567 0 -2562 0 -2557 0 -2552 0 -2549 0 -2547 0 +2516 0 -2512 0 
-2509 0 -2506 0 -2503 0 -2500 0 -2497 0 -2495 0 +2488 0 +2483 0 +2478 0 +2473 0 
+2468 0 +2463 0 +2460 0 -2458 0 -2427 0 -2423 0 -2420 0 -2417 0 -2414 0 -2411 0 
-2408 0 -2405 0 -2403 0 +2396 0 +2391 0 +2386 0 +2381 0 +2376 0 +2373 0 -2371 0 
-2298 0 -2294 0 -2291 0 -2288 0 -2285 0 -2282 0 -2279 0 -2276 0 -2273 0 -2270 0 
-2267 0 -2264 0 -2261 0 -2258 0 -2255 0 -2252 0 -2249 0 -2246 0 -2243 0 -2240 0 
-2237 0 -2234 0 -2231 0 -2228 0 -2225 0 -2222 0 -2219 0 -2216 0 -2213 0 -2210 0 
-2207 0 -2204 0 -2201 0 -2199 0 +2192 0 +2189 0 -2187 0 -2177 0 +2170 0 +2163 0 
+2156 0 +2149 0 -2142 0 +2138 0 -2131 0 +2124 0 -2117 0 -2113 0 +2111 0 -2109 0 
-2099 0 +2092 0 +2085 0 +2078 0 +2071 0 -2064 0 +2060 0 -2053 0 +2046 0 -2039 0 
-2035 0 +2033 0 -2031 0 -2021 0 +2014 0 +2007 0 +2000 0 +1993 0 -1986 0 +1982 0 
-1975 0 +1968 0 -1961 0 -1957 0 +1955 0 -1953 0 -1943 0 +1936 0 +1929 0 +1922 0 
+1915 0 -1908 0 +1904 0 -1897 0 +1890 0 -1883 0 -1879 0 +1877 0 -1875 0 -1865 0 
+1858 0 +1851 0 +1844 0 +1837 0 -1830 0 +1826 0 -1819 0 +1812 0 -1805 0 -1801 0 
+1799 0 -1797 0 -1787 0 +1780 0 +1773 0 +1766 0 +1759 0 -1752 0 +1748 0 -1741 0 
+1734 0 -1727 0 -1723 0 +1721 0 -1719 0 -1709 0 +1702 0 +1695 0 +1688 0 +1681 0 
-1674 0 +1670 0 -1663 0 +1656 0 -1649 0 -1645 0 +1643 0 -1641 0 -1631 0 +1624 0 
+1617 0 +1610 0 +1603 0 -1596 0 +1592 0 -1585 0 +1578 0 -1571 0 -1567 0 +1565 0 
-1563 0 -1553 0 +1546 0 +1539 0 +1532 0 +1525 0 -1518 0 +1514 0 -1507 0 +1500 0 
-1493 0 -1489 0 +1487 0 -1485 0 -1475 0 +1468 0 +1461 0 +1454 0 +1447 0 -1440 0 
+1436 0 -1429 0 +1422 0 -1415 0 -1411 0 +1409 0 -1407 0 -1397 0 +1390 0 +1383 0 
+1376 0 +1369 0 -1362 0 +1358 0 -1351 0 +1344 0 -1337 0 -1333 0 +1331 0 -1329 0 
-1319 0 +1312 0 +1305 0 +1298 0 +1291 0 -1284 0 +1280 0 -1273 0 +1266 0 -1259 0 
-1255 0 +1253 0 -1251 0 -1241 0 +1234 0 +1227 0 +1220 0 +1213 0 -1206 0 +1202 0 
-1195 0 +1188 0 -1181 0 -1177 0 +1175 0 -1173 0 -1163 0 +1156 0 +1149 0 +1142 0 
+1135 0 -1128 0 +1124 0 -1117 0 +1110 0 -1103 0 -1099 0 +1097 0 -1095 0 +1085 0 
-1078 0 +1071 0 +1064 0 +1060 0 -1053 0 -1046 0 -1039 0 +1032 0 -1025 0 -1021 0 
+1019 0 -1017 0 +1007 0 -1000 0 +993 0 +986 0 +982 0 -975 0 -968 0 -961 0 
+954 0 -947 0 -943 0 +941 0 -939 0 +929 0 -922 0 +915 0 +908 0 +904 0 
-897 0 -890 0 -883 0 +876 0 -869 0 -865 0 +863 0 -861 0 +851 0 -844 0 
+837 0 +830 0 +826 0 -819 0 -812 0 -805 0 +798 0 -791 0 -787 0 +785 0 
-783 0 +773 0 -766 0 +759 0 +752 0 +748 0 -741 0 -734 0 -727 0 +720 0 
-713 0 -709 0 +707 0 -705 0 +695 0 -688 0 +681 0 +674 0 +670 0 -663 0 
-656 0 -649 0 +642 0 -635 0 -631 0 +629 0 -627 0 +617 0 -610 0 +603 0 
+596 0 +592 0 -585 0 -578 0 -571 0 +564 0 -557 0 -553 0 +551 0 -549 0 
+539 0 -532 0 +525 0 +518 0 +514 0 -507 0 -500 0 -493 0 +486 0 -479 0 
-475 0 +473 0 -471 0 +461 0 -454 0 +447 0 +440 0 +436 0 -429 0 -422 0 
-415 0 +408 0 -401 0 -397 0 +395 0 -393 0 +383 0 -376 0 +369 0 +362 0 
+358 0 -351 0 -344 0 -337 0 +330 0 -323 0 -319 0 +317 0 -315 0 +305 0 
-298 0 +291 0 +284 0 +280 0 -273 0 -266 0 -259 0 +252 0 -245 0 -241 0 
+239 0 -237 0 +227 0 -220 0 +213 0 +206 0 +202 0 -195 0 -188 0 -181 0 
+174 0 -167 0 -163 0 +161 0 -159 0 +149 0 -142 0 +135 0 +128 0 +124 0 
-117 0 -110 0 -103 0 +96 0 -89 0 -85 0 +83 0 -81 0 +71 0 -64 0 
+57 0 +50 0 +46 0 -39 0 -32 0 -25 0 +18 0 -11 0 -7 0 +5 0 
-3 0 *
So

0100000
+2 0 *

+1 1 