DBRep_DrawableShape

CASCADE Topology V1, (c) Matra-Datavision
Locations 3
1
2.22044604925031e-16               1               0          -5.055 
             -1 2.22044604925031e-16              -0         207.105 
             -0               0               1            68.1 
1
2.22044604925031e-16               1               0               0 
             -1 2.22044604925031e-16              -0               0 
             -0               0               1               0 
2  2 -1 0
Curve2ds 2490
1 6.2831853071795862 -1.1775693440123034e-16 -1 0 
2 0 0 1 0 0 -1 0.29999999999999982
1 3.1415926535897931 -1.1775693440123034e-16 0 1 
1 3.1415926535897931 -1.1775693440123034e-16 0 1 
1 0 0.14142135623730973 1 0 
1 0 0.099999999999999978 1 0 
1 0 -1.1775693440123034e-16 0 1 
1 6.2831853071795862 -1.1775693440123034e-16 0 1 
1 6.2831853071795862 -2.7476618026953743e-16 -1 4.9977595182143646e-17 
2 0 0 1 0 0 -1 0.30000000000000004
1 3.1415926535897931 -1.1775693440123034e-16 0 1 
1 3.1415926535897931 -1.1775693440123034e-16 0 1 
1 0 0.14142135623730945 1 0 
1 0 0.099999999999999978 1 0 
1 0 3.9252311467076778e-17 0 1 
1 6.2831853071795862 3.9252311467076778e-17 0 1 
1 3.1415926535897931 -1.1775693440123034e-16 -1 4.9977595182143646e-17 
2 0 0 1 0 -0 1 0.29999999999999982
1 3.1415926535897931 -1.1775693440123034e-16 0 1 
1 3.1415926535897931 -1.1775693440123034e-16 0 1 
1 -3.1415926535897931 0.14142135623730945 1 0 
1 -3.1415926535897931 0.099999999999999978 1 0 
1 0 3.9252311467076778e-17 0 1 
1 6.2831853071795862 3.9252311467076778e-17 0 1 
1 3.1415926535897931 -1.1775693440123034e-16 -1 0 
2 0 0 1 0 -0 1 0.29999999999999982
1 3.1415926535897931 -1.1775693440123034e-16 0 1 
1 3.1415926535897931 -1.1775693440123034e-16 0 1 
1 -3.1415926535897931 0.14142135623730945 1 0 
1 -3.1415926535897931 0.099999999999999978 1 0 
1 0 1.9626155733538388e-16 0 1 
1 6.2831853071795862 1.9626155733538388e-16 0 1 
1 3.1415926535897931 -1.1775693440123034e-16 -1 0 
2 0 0 1 0 -0 1 0.29999999999999982
1 3.1415926535897931 -1.1775693440123034e-16 0 1 
1 3.1415926535897931 -1.1775693440123034e-16 0 1 
1 -3.1415926535897931 0.14142135623730973 1 0 
1 -3.1415926535897931 0.099999999999999978 1 0 
1 0 -1.1775693440123034e-16 0 1 
1 6.2831853071795862 -1.1775693440123034e-16 0 1 
1 3.1415926535897931 0 0 1 
1 3.1415926535897931 0 0 1 
1 6.2831853071795862 1 -1 0 
2 1.5 -5 1 0 0 -1 0.40000000000000036
1 0 0 0 1 
1 6.2831853071795862 0 0 1 
1 3.1415926535897931 0 0 1 
1 3.1415926535897931 0 0 1 
1 6.2831853071795862 1 -1 0 
2 4 -5 1 0 0 -1 0.39999999999999991
1 0 0 0 1 
1 6.2831853071795862 0 0 1 
1 3.1415926535897931 0 0 1 
1 3.1415926535897931 0 0 1 
1 6.2831853071795862 1 -1 0 
2 8.9000000000000004 0 1 0 0 -1 0.39999999999999991
1 0 0 0 1 
1 6.2831853071795862 0 0 1 
1 3.1415926535897931 0 0 1 
1 3.1415926535897931 0 0 1 
1 6.2831853071795862 1 -1 0 
2 4 5 1 0 0 -1 0.39999999999999991
1 0 0 0 1 
1 6.2831853071795862 0 0 1 
1 3.1415926535897931 0 0 1 
1 3.1415926535897931 0 0 1 
1 6.2831853071795862 1 -1 0 
2 1.5 5 1 0 0 -1 0.40000000000000036
1 0 0 0 1 
1 6.2831853071795862 0 0 1 
1 6.2831853071795862 -1.5700924586830711e-16 0 1 
1 0 -1.5700924586830711e-16 0 1 
1 6.2831853071795862 0.56568542494923835 -1 0 
2 0 0 1 0 0 -1 2.2000000000000002
1 3.1415926535897931 0 0 1 
1 3.1415926535897931 0 0 1 
1 0 1.5700924586830711e-16 1 -4.9977595182143646e-17 
1 0 2.4000000000000004 1 0 
1 6.2831853071795862 0 0 1 
1 0 0 0 1 
1 3.1415926535897931 0 0 1 
1 3.1415926535897931 0 0 1 
1 0 0 1 0 
2 0 0 1 0 -0 1 1.7999999999999998
1 0 0 1 0 
2 0 0 1 0 -0 1 3
1 3.1415926535897931 0 0 1 
1 3.1415926535897931 0 0 1 
1 -3.1415926535897931 1.9000000000000004 1 0 
1 -3.1415926535897931 1.9000000000000004 1 0 
1 0 0 0 1 
1 6.2831853071795862 0 0 1 
1 0 0 1 0 
2 0 0 1 0 -0 1 3
1 0.58568554345723434 0 0 1 
1 0.5 1.6583123951780001 -1 0 
1 3.1415926535897931 0.5 -1 0 
2 2.5 4.5 1 0 -0 1 3
1 2.555907110132559 0 0 1 
1 0.5 1.6583123951780001 -1 0 
1 3.1415926535897931 0 0 1 
1 3.1415926535897931 0 0 1 
1 0 3.3000000000000007 1 0 
2 0 0 1 0 -0 1 3
1 0 0 0 1 
1 6.2831853071795862 0 0 1 
1 -0.99602857330499983 2.91035116796 0 -1 
1 0 0.0099999999999997868 1 0 
1 -0.99602857330499983 2.9543675864150001 0.9303007377811332 0.36679767895105259 
1 0 0.0099999999999997868 1 0 
7 0 0  3 4 2  -1.352145659644 2.758113279711  -1.352145659644 2.7952846252189998  -1.3263250047219999 2.824051260904  -1.274683694877 2.8444998332579998 
 1 4 2 4
1 -2.9976021664879227e-15 0.99999999999997302 1 0 
7 0 0  3 4 2  -1.3486797999219999 2.7307329879150002  -1.3509326087410001 2.7382712328080001  -1.352145659644 2.7474557610689998  -1.352145659644 2.758113279711 
 2 4 3 4
1 -7.5495165674510645e-15 0.99999999999997302 1 0 
1 -1.3486797999219999 2.7307329879150002 -1 0 
1 0 0.0099999999999997868 1 -0 
7 0 0  3 4 2  -1.3157541325729998 2.754820712975  -1.3157541325729998 2.747022528604  -1.3141944956980001 2.7390510512450001  -1.3109019289620001 2.7307329879150002 
 4 4 5 4
1 -6.2172489379008766e-15 0.99999999999997302 1 0 
7 0 0  3 4 2  -1.28161541432 2.798317252475  -1.304490088478 2.788699491749  -1.3157541325729998 2.7742295274140001  -1.3157541325729998 2.754820712975 
 5 4 6 4
1 -6.2172489379008766e-15 0.99999999999997302 1 0 
1 -1.28161541432 2.798317252475 -0.92091720301739921 -0.38975826506516897 
1 0 0.0099999999999997868 1 -0 
1 -1.2375989958620002 2.8169462484759999 -0.93067032263590699 0.36585892166896344 
1 0 0.0099999999999997868 1 -0 
1 -0.99602857330499983 2.7219816921189999 0 -1 
1 0 0.0099999999999997868 1 0 
1 -0.99602857330499983 2.7694639702980002 0.94455746042924205 -0.32834616481308415 
1 0 0.0099999999999997868 1 0 
1 -1.1779862086609998 2.8327159102060002 0.96761727238613948 -0.25242189718803637 
1 0 0.0099999999999997868 1 0 
1 -1.1979149020570001 2.8379146997890001 0 -1 
1 0 0.0099999999999997868 1 0 
7 0 0  3 4 2  -1.178332794633 2.8442398937800002  -1.1868241509490001 2.8416404989889998  -1.1934092844180002 2.8399075691259998  -1.1979149020570001 2.8390411041969998 
 12 4 13 4
1 0 0.99999999999997302 1 0 
1 -1.178332794633 2.8442398937800002 -0.94009311039982801 -0.34091779621893759 
1 0 0.0099999999999997868 1 -0 
7 0 0  3 4 2  -0.99048319774999971 2.3913386747300001  -0.99048319774999971 2.3597993512689999  -0.99793479615100011 2.3319858270070002  -1.013011285937 2.3079847484379998 
 0 4 1 4
1 -3.6374166087392808e-15 0.99999999999997302 1 0 
7 0 0  3 4 2  -1.0823284803600002 2.4788516326869998  -1.0209827632959998 2.4788516326869998  -0.99048319774999971 2.4496517645360001  -0.99048319774999971 2.3913386747300001 
 1 4 2 4
1 2.2204460492503131e-16 0.99999999999997302 1 0 
1 -1.0823284803600002 2.4788516326869998 1 -0 
1 0 0.0099999999999997868 1 0 
1 -1.23811887482 2.4788516326869998 0 1 
1 0 0.0099999999999997868 1 -0 
1 -1.23811887482 2.4363948511040001 -1 0 
1 0 0.0099999999999997868 1 -0 
1 -1.2006875898330001 2.4363948511040001 0 1 
1 0 0.0099999999999997868 1 -0 
7 0 0  3 4 2  -1.2438375433600002 2.3610990486640002  -1.2438375433600002 2.3937647765349999  -1.2294542255179999 2.4185456735409998  -1.2006875898330001 2.4352684466940002 
 6 4 7 4
1 -1.7763568394002505e-15 0.99999999999997302 1 0 
7 0 0  3 4 2  -1.224775314895 2.3051254141689999  -1.2374257028760001 2.3189888530529998  -1.2438375433600002 2.3376178490539998  -1.2438375433600002 2.3610990486640002 
 7 4 8 4
1 7.9936057773011271e-15 0.99999999999997302 1 0 
7 0 0  3 4 2  -1.1733072980360002 2.2843302558419998  -1.1949689212929999 2.2843302558419998  -1.212124926914 2.2912619752840002  -1.224775314895 2.3051254141689999 
 8 4 9 4
1 1.7763568394002505e-15 0.99999999999997302 1 0 
7 0 0  3 4 2  -1.0942856963960002 2.3646515548770002  -1.1017372947970001 2.3111040221880002  -1.1280778286770001 2.2843302558419998  -1.1733072980360002 2.2843302558419998 
 9 4 10 4
1 0 0.99999999999997302 1 0 
1 -1.0942856963960002 2.3646515548770002 -0.13874168848202378 -0.9903286039881698 
1 0 0.0099999999999997868 1 -0 
7 0 0  3 4 2  -1.0249685019750001 2.3873529360510002  -1.0249685019750001 2.4200186639219998  -1.044723902386 2.4363948511040001  -1.0842347032039998 2.4363948511040001 
 11 4 12 4
1 0 0.99999999999997302 1 0 
7 0 0  3 4 2  -1.0542550166189999 2.3079847484379998  -1.0348462021799998 2.3318991805140001  -1.0249685019750001 2.3583263608870002  -1.0249685019750001 2.3873529360510002 
 12 4 13 4
1 -3.5527136788005009e-15 0.99999999999997302 1 0 
1 -1.0542550166189999 2.3079847484379998 -1 0 
1 0 0.0099999999999997868 1 -0 
1 -1.1994745389300001 2.243693050613 1 -0 
1 0 0.0099999999999997868 1 0 
1 -1.23811887482 2.243693050613 0 1 
1 0 0.0099999999999997868 1 -0 
1 -1.23811887482 2.0613888292849998 -1 0 
1 0 0.0099999999999997868 1 -0 
1 -0.89915779410099983 2.0613888292849998 0 -1 
1 0 0.0099999999999997868 1 0 
1 -0.89915779410099983 2.2359815127329998 1 -0 
1 0 0.0099999999999997868 1 0 
1 -0.93814871596199989 2.2359815127329998 0 1 
1 0 0.0099999999999997868 1 -0 
1 -0.93814871596199989 2.1051453082629998 1 -0 
1 0 0.0099999999999997868 1 0 
1 -1.0466301252319998 2.1051453082629998 0 -1 
1 0 0.0099999999999997868 1 0 
1 -1.0466301252319998 2.226363752008 1 -0 
1 0 0.0099999999999997868 1 0 
1 -1.0854477541079999 2.226363752008 0 1 
1 0 0.0099999999999997868 1 -0 
1 -1.0854477541079999 2.1051453082629998 1 -0 
1 0 0.0099999999999997868 1 0 
1 -1.1994745389300001 2.1051453082629998 0 -1 
1 0 0.0099999999999997868 1 0 
7 0 0  3 4 2  -0.70610940763800034 2.4139534094099999  -0.70610940763800034 2.451557987383  -0.69952427416899976 2.4828373713660001  -0.68635400722800011 2.5077915613580002 
 0 4 1 4
1 -1.9650082515048416e-15 0.99999999999997302 1 0 
7 0 0  3 4 2  -0.65984018036199998 2.2975005227819998  -0.69068633187900019 2.3265270979460002  -0.70610940763800034 2.3653447268219998  -0.70610940763800034 2.4139534094099999 
 1 4 2 4
1 -3.1086244689504383e-15 0.99999999999997302 1 0 
7 0 0  3 4 2  -0.53732203922399968 2.2540039832829999  -0.58809688413700023 2.2540039832829999  -0.62899402884499978 2.2684739476179998  -0.65984018036199998 2.2975005227819998 
 2 4 3 4
1 0 0.99999999999997302 1 0 
7 0 0  3 4 2  -0.4056193698230004 2.3029592518420001  -0.43889162314400032 2.2702935239720001  -0.48273474861700016 2.2540039832829999  -0.53732203922399968 2.2540039832829999 
 3 4 4 4
1 -1.3322676295501878e-15 0.99999999999997302 1 0 
7 0 0  3 4 2  -0.35571098983900029 2.4274702623220001  -0.35571098983900029 2.3771286498739999  -0.3723471165000003 2.3356249797139998  -0.4056193698230004 2.3029592518420001 
 4 4 5 4
1 8.8817841970012523e-16 0.99999999999997302 1 0 
7 0 0  3 4 2  -0.36957442872400037 2.5077915613580002  -0.3603899004619997 2.4866498170589999  -0.35571098983900029 2.459876050713  -0.35571098983900029 2.4274702623220001 
 5 4 6 4
1 -3.5527136788005009e-15 0.99999999999997302 1 0 
1 -0.36957442872400037 2.5077915613580002 1 -0 
1 0 0.0099999999999997868 1 0 
7 0 0  3 4 2  -0.39522179065999996 2.427903494787  -0.39522179065999996 2.4569300699499999  -0.40180692412999974 2.4835305433100001  -0.41532377704000023 2.5077915613580002 
 7 4 8 4
1 1.7763568394002505e-15 0.99999999999997302 1 0 
7 0 0  3 4 2  -0.43282636863300006 2.3355383332209998  -0.40769888565599999 2.359366118803  -0.39522179065999996 2.3901256238280002  -0.39522179065999996 2.427903494787 
 8 4 9 4
1 1.7763568394002505e-15 0.99999999999997302 1 0 
7 0 0  3 4 2  -0.53472264443099959 2.2999266245880001  -0.49209256986199978 2.2999266245880001  -0.45812714459800041 2.311797194131  -0.43282636863300006 2.3355383332209998 
 9 4 10 4
1 3.5527136788005009e-15 0.99999999999997302 1 0 
7 0 0  3 4 2  -0.63142013064900038 2.333198877909  -0.60750569857300007 2.311017375694  -0.57527320316699981 2.2999266245880001  -0.53472264443099959 2.2999266245880001 
 10 4 11 4
1 -1.7763568394002505e-15 0.99999999999997302 1 0 
7 0 0  3 4 2  -0.66711848577700028 2.4202786033999999  -0.66711848577700028 2.3844069552880001  -0.65516126973899969 2.3553803801240001  -0.63142013064900038 2.333198877909 
 11 4 12 4
1 3.5527136788005009e-15 0.99999999999997302 1 0 
7 0 0  3 4 2  -0.64441710460199975 2.5077915613580002  -0.65949359438999977 2.4830106643519998  -0.66711848577700028 2.4538107962020002  -0.66711848577700028 2.4202786033999999 
 12 4 13 4
1 5.3290705182007514e-15 0.99999999999997302 1 0 
1 -0.64441710460199975 2.5077915613580002 1 -0 
1 0 0.0099999999999997868 1 0 
1 -4 9 0 1 
1 -9.5 -6 -1 0 
1 -4 9 1 -0 
1 0 0 0 1 
1 0 0 0 1 
1 0.5 -6 1 0 
1 0 0 -1 0 
1 -0 -1.5 1 -0 
1 -5 0 0 1 
1 0.5 -6 1 0 
1 0 10.9 -1 0 
1 0 -12 -1 0 
1 0 0 0 1 
1 0.5 -6 1 0 
1 -4 10.1 1 -0 
1 0 0 -1 0 
1 -0.66174640320900036 2.2401405443989999 1 -0 
1 0 0.0099999999999997868 1 0 
1 -0.7003907390980002 2.2401405443989999 0 1 
1 0 0.0099999999999997868 1 -0 
1 -0.7003907390980002 2.0613888292849998 -1 0 
1 0 0.0099999999999997868 1 -0 
1 -0.36142965837900043 2.0613888292849998 0 -1 
1 0 0.0099999999999997868 1 0 
1 -0.36142965837900043 2.1051453082629998 1 -0 
1 0 0.0099999999999997868 1 0 
1 -0.66174640320900036 2.1051453082629998 0 -1 
1 0 0.0099999999999997868 1 0 
1 -0.66174640320900036 2.7579399867240002 1 -0 
1 0 0.0099999999999997868 1 0 
1 -0.7003907390980002 2.7579399867240002 0 1 
1 0 0.0099999999999997868 1 -0 
1 -0.7003907390980002 2.5756357653980002 -1 0 
1 0 0.0099999999999997868 1 -0 
1 -0.36142965837900043 2.5756357653980002 0 -1 
1 0 0.0099999999999997868 1 0 
1 -0.36142965837900043 2.7502284488459998 1 -0 
1 0 0.0099999999999997868 1 0 
1 -0.40042058024099969 2.7502284488459998 0 1 
1 0 0.0099999999999997868 1 -0 
1 -0.40042058024099969 2.6193922443759998 1 -0 
1 0 0.0099999999999997868 1 0 
1 -0.50890198951100007 2.6193922443759998 0 -1 
1 0 0.0099999999999997868 1 0 
1 -0.50890198951100007 2.7406106881190002 1 -0 
1 0 0.0099999999999997868 1 0 
1 -0.54771961838600003 2.7406106881190002 0 1 
1 0 0.0099999999999997868 1 -0 
1 -0.54771961838600003 2.6193922443759998 1 -0 
1 0 0.0099999999999997868 1 0 
1 -0.66174640320900036 2.6193922443759998 0 -1 
1 0 0.0099999999999997868 1 0 
1 -0.7003907390980002 2.9152033715679999 0 1 
1 0 0.0099999999999997868 1 -0 
1 -0.7003907390980002 2.8219717450720001 -1 0 
1 0 0.0099999999999997868 1 -0 
1 -0.36142965837900043 2.8219717450720001 0 -1 
1 0 0.0099999999999997868 1 0 
7 0 0  3 4 2  -0.40631254176699994 3.046819394476  -0.37633285517900017 3.0127673227159999  -0.36142965837900043 2.970050601654  -0.36142965837900043 2.91866923129 
 2 4 3 4
1 3.5527136788005009e-15 0.99999999999997302 1 0 
7 0 0  3 4 2  -0.52657787408699974 3.0979408253609999  -0.4763229081329996 3.0979408253609999  -0.43629222835399961 3.0808714662350001  -0.40631254176699994 3.046819394476 
 3 4 4 4
1 -1.7763568394002505e-15 0.99999999999997302 1 0 
7 0 0  3 4 2  -0.65290846092100008 3.046819394476  -0.62119584447200005 3.0808714662350001  -0.57908564886099967 3.0979408253609999  -0.52657787408699974 3.0979408253609999 
 4 4 5 4
1 -5.773159728050814e-15 0.99999999999997302 1 0 
7 0 0  3 4 2  -0.7003907390980002 2.9152033715679999  -0.7003907390980002 2.9688375507510001  -0.68462107736699984 3.0127673227159999  -0.65290846092100008 3.046819394476 
 5 4 6 4
1 0 0.99999999999997302 1 0 
1 -0.36142965837900043 3.292635495191 0.93451043874173756 -0.35593572436990001 
1 0 0.0099999999999997868 1 0 
1 -0.7003907390980002 3.4217387698009998 0 1 
1 0 0.0099999999999997868 1 -0 
1 -0.7003907390980002 3.3733900266919998 -0.93697534595447307 0.34939547946917643 
1 0 0.0099999999999997868 1 -0 
1 -0.60767899155900018 3.3388180759749999 0 1 
1 0 0.0099999999999997868 1 -0 
1 -0.60767899155900018 3.1976709388339999 0.94344523308256523 0.33152841835019864 
1 0 0.0099999999999997868 1 0 
1 -0.7003907390980002 3.1650918574559999 0 1 
1 0 0.0099999999999997868 1 -0 
1 -0.7003907390980002 3.1167431143490001 -0.93451043874398665 -0.35593572436399495 
1 0 0.0099999999999997868 1 -0 
1 -0.36142965837900043 3.2458463889570002 0 -1 
1 0 0.0099999999999997868 1 0 
7 0 0  3 4 2  -1.2091789461490001 2.6062219774359998  -1.2091789461490001 2.5812677874440002  -1.201380761777 2.558046527313  -1.185784393034 2.5363849040559998 
 0 4 1 4
1 2.5801395858137189e-15 0.99999999999997302 1 0 
7 0 0  3 4 2  -1.1764265717860001 2.6563036504049999  -1.1982614880289999 2.6563036504049999  -1.2091789461490001 2.6395808772509999  -1.2091789461490001 2.6062219774359998 
 1 4 2 4
1 0 0.99999999999997302 1 0 
7 0 0  3 4 2  -1.153378604642 2.645386192283  -1.1594438591529999 2.6526644976979998  -1.1670687505380002 2.6563036504049999  -1.1764265717860001 2.6563036504049999 
 2 4 3 4
1 -7.5495165674510645e-15 0.99999999999997302 1 0 
7 0 0  3 4 2  -1.1317169813839998 2.6009365413609999  -1.1400350447149998 2.6232913365620001  -1.1473133501300001 2.6381078868690002  -1.153378604642 2.645386192283 
 3 4 4 4
1 1.7763568394002505e-15 0.99999999999997302 1 0 
7 0 0  3 4 2  -1.0996577789640001 2.5486887060660002  -1.1102286511130002 2.556660183425  -1.1209728162500001 2.5741627750160001  -1.1317169813839998 2.6009365413609999 
 4 4 5 4
1 2.6645352591003757e-15 0.99999999999997302 1 0 
7 0 0  3 4 2  -1.0613600290459999 2.536644843535  -1.0762632258479998 2.536644843535  -1.089086906815 2.5406305822149999  -1.0996577789640001 2.5486887060660002 
 5 4 6 4
1 -2.6645352591003757e-15 0.99999999999997302 1 0 
7 0 0  3 4 2  -1.0097187192039998 2.5638518423460002  -1.0227156931570001 2.5457427253030001  -1.039871698777 2.536644843535  -1.0613600290459999 2.536644843535 
 6 4 7 4
1 4.4408920985006262e-15 0.99999999999997302 1 0 
7 0 0  3 4 2  -0.99048319774999971 2.6309162279480001  -0.99048319774999971 2.6044024010819999  -0.99689503823400027 2.5820476058809998  -1.0097187192039998 2.5638518423460002 
 7 4 8 4
1 5.3290705182007514e-15 0.99999999999997302 1 0 
7 0 0  3 4 2  -1.0012273628870001 2.688276206332  -0.99394905747200024 2.6706003217540002  -0.99048319774999971 2.6515380932879999  -0.99048319774999971 2.6309162279480001 
 8 4 9 4
1 -1.2434497875801753e-14 0.99999999999997302 1 0 
1 -1.0012273628870001 2.688276206332 1 -0 
1 0 0.0099999999999997868 1 0 
7 0 0  3 4 2  -1.0249685019750001 2.6267571962830001  -1.0249685019750001 2.6497185169350002  -1.0308604635009999 2.6701670892889999  -1.0424710935669999 2.688276206332 
 10 4 11 4
1 5.3290705182007514e-15 0.99999999999997302 1 0 
7 0 0  3 4 2  -1.0339797372509998 2.593311649975  -1.0279144827389999 2.6018896527840001  -1.0249685019750001 2.6130670503850002  -1.0249685019750001 2.6267571962830001 
 11 4 12 4
1 1.2434497875801753e-14 0.99999999999997302 1 0 
7 0 0  3 4 2  -1.0575475833530001 2.580401322513  -1.0478431761359999 2.580401322513  -1.039871698777 2.5847336471659998  -1.0339797372509998 2.593311649975 
 12 4 13 4
1 -7.1054273576010019e-15 0.99999999999997302 1 0 
7 0 0  3 4 2  -1.0800756715389999 2.5896724972670002  -1.0747035889730001 2.5835205962619998  -1.0672519905720002 2.580401322513  -1.0575475833530001 2.580401322513 
 13 4 14 4
1 3.5527136788005009e-15 0.99999999999997302 1 0 
7 0 0  3 4 2  -1.100870829867 2.6309162279480001  -1.0925527665370001 2.6096011906630001  -1.085621047094 2.5959110447659999  -1.0800756715389999 2.5896724972670002 
 14 4 15 4
1 -5.3290705182007514e-15 0.99999999999997302 1 0 
7 0 0  3 4 2  -1.1322368603420001 2.6856768115410001  -1.1214926952069999 2.6761456973079998  -1.1109218230589999 2.6579499337730002  -1.100870829867 2.6309162279480001 
 15 4 16 4
1 1.5987211554602254e-14 0.99999999999997302 1 0 
7 0 0  3 4 2  -1.1722675401210001 2.6998868363969999  -1.156324585403 2.6998868363969999  -1.1429810254759998 2.6951212792799999  -1.1322368603420001 2.6856768115410001 
 16 4 17 4
1 7.1054273576010019e-15 0.99999999999997302 1 0 
7 0 0  3 4 2  -1.2246020219089999 2.6725931910940002  -1.211951633925 2.6907889546289998  -1.1944490423360001 2.6998868363969999  -1.1722675401210001 2.6998868363969999 
 17 4 18 4
1 7.1054273576010019e-15 0.99999999999997302 1 0 
7 0 0  3 4 2  -1.2438375433600002 2.6020629457709998  -1.2438375433600002 2.6309162279480001  -1.2374257028760001 2.6544840740510001  -1.2246020219089999 2.6725931910940002 
 18 4 19 4
1 -7.1054273576010019e-15 0.99999999999997302 1 0 
7 0 0  3 4 2  -1.2296275185029999 2.5363849040559998  -1.2389853397509998 2.5551005465499999  -1.2438375433600002 2.5769354627930001  -1.2438375433600002 2.6020629457709998 
 19 4 20 4
1 3.5527136788005009e-15 0.99999999999997302 1 0 
1 -1.2296275185029999 2.5363849040559998 -1 0 
1 0 0.0099999999999997868 1 -0 
1 -1.1994745389300001 3.1824211560619999 1 -0 
1 0 0.0099999999999997868 1 0 
1 -1.23811887482 3.1824211560619999 0 1 
1 0 0.0099999999999997868 1 -0 
1 -1.23811887482 3.0001169347340002 -1 0 
1 0 0.0099999999999997868 1 -0 
1 -0.89915779410099983 3.0001169347340002 0 -1 
1 0 0.0099999999999997868 1 0 
1 -0.89915779410099983 3.1747096181819998 1 -0 
1 0 0.0099999999999997868 1 0 
1 -0.93814871596199989 3.1747096181819998 0 1 
1 0 0.0099999999999997868 1 -0 
1 -0.93814871596199989 3.043873413714 1 -0 
1 0 0.0099999999999997868 1 0 
1 -1.0466301252319998 3.043873413714 0 -1 
1 0 0.0099999999999997868 1 0 
1 -1.0466301252319998 3.1650918574559999 1 -0 
1 0 0.0099999999999997868 1 0 
1 -1.0854477541079999 3.1650918574559999 0 1 
1 0 0.0099999999999997868 1 -0 
1 -1.0854477541079999 3.043873413714 1 -0 
1 0 0.0099999999999997868 1 0 
1 -1.1994745389300001 3.043873413714 0 -1 
1 0 0.0099999999999997868 1 0 
1 -1.23811887482 3.3396845409060001 0 1 
1 0 0.0099999999999997868 1 -0 
1 -1.23811887482 3.2464529144099998 -1 0 
1 0 0.0099999999999997868 1 -0 
1 -0.89915779410099983 3.2464529144099998 0 -1 
1 0 0.0099999999999997868 1 0 
7 0 0  3 4 2  -0.94404067748800014 3.4713005638109999  -0.91406099090299975 3.4372484920540001  -0.89915779410099983 3.3945317709889999  -0.89915779410099983 3.343150400626 
 2 4 3 4
1 7.1054273576010019e-15 0.99999999999997302 1 0 
7 0 0  3 4 2  -1.0643060098100001 3.5224219946990001  -1.0140510438549999 3.5224219946990001  -0.9740203640759999 3.5053526355710001  -0.94404067748800014 3.4713005638109999 
 3 4 4 4
1 4.4408920985006262e-16 0.99999999999997302 1 0 
7 0 0  3 4 2  -1.1906365966419998 3.4713005638109999  -1.1589239801939999 3.5053526355710001  -1.1168137845850001 3.5224219946990001  -1.0643060098100001 3.5224219946990001 
 4 4 5 4
1 8.8817841970012523e-16 0.99999999999997302 1 0 
7 0 0  3 4 2  -1.23811887482 3.3396845409060001  -1.23811887482 3.3933187200880002  -1.2223492130909999 3.4372484920540001  -1.1906365966419998 3.4713005638109999 
 5 4 6 4
1 2.6645352591003757e-15 0.99999999999997302 1 0 
1 -0.89915779410099983 3.7171166645290001 0.93451043874398665 -0.35593572436399495 
1 0 0.0099999999999997868 1 0 
1 -1.23811887482 3.8462199391369998 0 1 
1 0 0.0099999999999997868 1 -0 
1 -1.23811887482 3.79787119603 -0.93697534594408571 0.34939547949703198 
1 0 0.0099999999999997868 1 -0 
1 -1.1454071272830002 3.7632992453099998 0 1 
1 0 0.0099999999999997868 1 -0 
1 -1.1454071272830002 3.6221521081689998 0.94344523307984307 0.33152841835794489 
1 0 0.0099999999999997868 1 0 
1 -1.23811887482 3.5895730267910002 0 1 
1 0 0.0099999999999997868 1 -0 
1 -1.23811887482 3.5412242836819998 -0.93451043874173756 -0.35593572436990001 
1 0 0.0099999999999997868 1 -0 
1 -0.89915779410099983 3.6703275582920001 0 -1 
1 0 0.0099999999999997868 1 0 
7 0 0  3 4 2  -0.90189744075599965 1.783786278794  -0.75729881563199974 1.7813763369490001  -0.62956992131799971 1.682567158466  -0.58619032458600007 1.545198450809 
 35 4 36 4
1 0 0.99999999999997302 1 0 
7 0 0  3 4 2  -1.13084540943 1.6946170515540002  -1.068186002145 1.7524565751510002  -0.98624669237200013 1.783786278794  -0.90189744075599965 1.783786278794 
 34 4 35 4
1 0 0.99999999999997302 1 0 
7 0 0  3 4 2  -1.2392944472240002 1.4753090341249999  -1.2320645297569999 1.5596582857410004  -1.1935048167139999 1.6367776198930004  -1.13084540943 1.6946170515540002 
 33 4 34 4
1 0 0.99999999999997302 1 0 
1 -1.2392944472240002 1.4680791166590001 0 1 
1 0 0.0099999999999997868 1 0 
7 0 0  3 4 2  -1.1645851468489998 1.2632309341610002  -1.2031447679579998 1.2632309341610002  -1.2368845053799999 1.2945606378020003  -1.2392944472240002 1.3331203508450002 
 28 4 29 4
1 0 0.99999999999997302 1 0 
7 0 0  3 4 2  -1.0898758464770002 1.3379402345339999  -1.0898758464770002 1.2969705796469997  -1.123615583896 1.2632309341610002  -1.1645851468489998 1.2632309341610002 
 27 4 28 4
1 1.0658141036401503e-14 0.99999999999997302 1 0 
7 0 0  3 4 2  -1.0922857883199999 1.3524000694660003  -1.0922857883199999 1.3475800938439999  -1.0898758464770002 1.3427601182220004  -1.0898758464770002 1.3379402345339999 
 26 4 27 4
1 3.5527136788005009e-14 0.99999999999997302 1 0 
1 -1.0922857883199999 1.4608491072590004 0 -1 
1 0 0.0099999999999997868 1 0 
7 0 0  3 4 2  -0.90430747453299976 1.6343675861140001  -1.0031166070499999 1.6343675861140001  -1.085055870853 1.5596582857410004  -1.0922857883199999 1.4608491072590004 
 24 4 25 4
1 3.5527136788005009e-15 0.99999999999997302 1 0 
7 0 0  3 4 2  -0.71632916074500042 1.446389272327  -0.71632916074500042 1.5500183344979996  -0.8006784123620001 1.6343675861140001  -0.90430747453299976 1.6343675861140001 
 23 4 24 4
1 0 0.99999999999997302 1 0 
7 0 0  3 4 2  -0.71632916074500042 1.4271094617719999  -0.71632916074500042 1.4343393792379997  -0.71632916074500042 1.4391593548600001  -0.71632916074500042 1.446389272327 
 22 4 23 4
7 0 0  3 4 2  0 0.0099999999999997868  0.0072299174659997689 0.0099999999999997868  0.012049893088000196 0.0099999999999997868  0.019279810555000054 0.0099999999999997868 
 22 4 23 4
7 0 0  3 4 2  -0.41508183354299977 1.0897124553050004  -0.41508183354299977 1.2632309341610002  -0.54763065751200024 1.407829651218  -0.71632916074500042 1.4271094617719999 
 21 4 22 4
1 0 0.99999999999997302 1 0 
7 0 0  3 4 2  -0.64643965212899968 0.76677537570300025  -0.51148097824699956 0.81256491427800004  -0.41508183354299977 0.93788382078099986  -0.41508183354299977 1.0897124553050004 
 20 4 21 4
1 0 0.99999999999997302 1 0 
7 0 0  3 4 2  -0.61028997286399989 0.6390465273560002  -0.61028997286399989 0.68483611189799998  -0.62474985376200021 0.73062569643999975  -0.64643965212899968 0.76677537570300025 
 19 4 20 4
1 0 0.99999999999997302 1 0 
7 0 0  3 4 2  -0.85128783462500035 0.39804866559399965  -0.71873901065599988 0.39804866559399965  -0.61028997286399989 0.50649770338699973  -0.61028997286399989 0.6390465273560002 
 18 4 19 4
1 -3.5527136788005009e-15 0.99999999999997302 1 0 
7 0 0  3 4 2  -1.073005885832 0.54264738265100032  -1.0344462187589998 0.45829813103499983  -0.95009696714199965 0.39804866559399965  -0.85128783462500035 0.39804866559399965 
 17 4 18 4
1 0 0.99999999999997302 1 0 
7 0 0  3 4 2  -0.91394728787699986 0.76918536351499966  -0.91394728787699986 0.66555625537700003  -0.98142667078199963 0.5763870741049999  -1.073005885832 0.54264738265100032 
 16 4 17 4
1 0 0.99999999999997302 1 0 
7 0 0  3 4 2  -0.99588655168300022 0.94993375983700012  -0.94527699151900002 0.90655416310499959  -0.91394728787699986 0.84148472204299996  -0.91394728787699986 0.76918536351499966 
 15 4 16 4
1 1.7763568394002505e-15 0.99999999999997302 1 0 
1 -0.82718804845000005 1.2728708854040001 -0.46301806538687768 -0.88634884279576576 
1 0 0.0099999999999997868 1 0 
1 -0.95491694276299999 1.3475801857779999 0.86318775894112776 -0.50488304865007472 
1 0 0.0099999999999997868 1 0 
1 -1.1332553512730001 1.0101831793110003 0.46730730675485393 0.88409495024772367 
1 0 0.0099999999999997868 1 0 
7 0 0  3 4 2  -1.1573551374509998 1.0101831793110003  -1.150125219984 1.0101831793110003  -1.1428953025170001 1.0101831793110003  -1.1332553512730001 1.0101831793110003 
 11 4 12 4
7 0 0  3 4 2  0 0.0099999999999997868  0.0072299174669998578 0.0099999999999997868  0.014459834933999716 0.0099999999999997868  0.024099786177999682 0.0099999999999997868 
 11 4 12 4
7 0 0  3 4 2  -1.3983529992129999 0.76918531754799968  -1.3983529992129999 0.90173414151700015  -1.2899039614209999 1.0101831793110003  -1.1573551374509998 1.0101831793110003 
 10 4 11 4
1 0 0.99999999999997302 1 0 
7 0 0  3 4 2  -1.2344744716010001 0.54023732588999973  -1.3308736163070001 0.57156705251500028  -1.3983529992129999 0.66314622159899983  -1.3983529992129999 0.76918531754799968 
 9 4 10 4
1 -1.7763568394002505e-15 0.99999999999997302 1 0 
7 0 0  3 4 2  -1.1187955163419998 0.34743903648100005  -1.1766350399390002 0.4004585614709999  -1.215194661046 0.46552800253399962  -1.2344744716010001 0.54023732588999973 
 8 4 9 4
1 -1.7763568394002505e-15 0.99999999999997302 1 0 
7 0 0  3 4 2  -0.85610790217999977 0.24621993913700013  -0.95250704688599974 0.24621993913700013  -1.0464962497469998 0.28236961840099983  -1.1187955163419998 0.34743903648100005 
 7 4 8 4
1 -2.6645352591003757e-15 0.99999999999997302 1 0 
7 0 0  3 4 2  -0.58137037194900021 0.35948899851899974  -0.65366970749400011 0.28718957678599999  -0.75247884001100029 0.24621993913700013  -0.85610790217999977 0.24621993913700013 
 6 4 7 4
1 1.7763568394002505e-15 0.99999999999997302 1 0 
7 0 0  3 4 2  -0.46569139370599988 0.63663653954499999  -0.46569139370599988 0.53300745439099995  -0.50666102560700033 0.43419834485800024  -0.58137037194900021 0.35948899851899974 
 5 4 6 4
1 0 0.99999999999997302 1 0 
7 0 0  3 4 2  -0.47051134634399983 0.69206602936399975  -0.4681013585339997 0.67278621880899969  -0.46569139370599988 0.65591635010000005  -0.46569139370599988 0.63663653954499999 
 4 4 5 4
1 7.9936057773011271e-15 0.99999999999997302 1 0 
7 0 0  3 4 2  -0.3644722848719999 0.79810507934599961  -0.39339203517799959 0.75713542445900028  -0.42954171444100009 0.72339573300599991  -0.47051134634399983 0.69206602936399975 
 3 4 4 4
1 -5.3290705182007514e-15 0.99999999999997302 1 0 
7 0 0  3 4 2  -0.2704831164849999 1.0873025134600001  -0.2704831164849999 0.98126346347900029  -0.30422281655700001 0.88245433096300019  -0.3644722848719999 0.79810507934599961 
 2 4 3 4
1 1.7763568394002505e-15 0.99999999999997302 1 0 
7 0 0  3 4 2  -0.39580201149799965 1.4150595686839997  -0.31627270964500021 1.3234803996010003  -0.2704831164849999 1.2078014443410003  -0.2704831164849999 1.0873025134600001 
 1 4 2 4
1 1.1102230246251565e-15 0.99999999999997302 1 0 
7 0 0  3 4 2  -0.58619032458600007 1.545198450809  -0.51389096605999995 1.5186887227890002  -0.44882154797899965 1.4728990922809997  -0.39580201149799965 1.4150595686839997 
 0 4 1 4
1 -3.9455483200588347e-15 0.99999999999997302 1 0 
1 3.1415926535897931 1.9000000000000004 1 0 
1 3.1415926535897931 1.9000000000000004 1 0 
1 0 3.3000000000000007 1 0 
2 0 0 1 0 -0 1 3
1 0 5.9299999999999997 1 0 
1 0 0 1 0 
1 1.5 0 0 1 
1 2.5999999999999996 -8.5 0 1 
1 0 6 1 0 
1 0 0 1 0 
1 2 0 0 -1 
1 4 -3 0 -1 
1 0 6 -1 0 
1 0 3.5 1 0 
1 -1.5 0 -0 -1 
1 6.0999999999999996 -8.5 -0 -1 
1 0 5.9299999999999997 -1 0 
1 0 3.5 1 0 
1 -2 0 0 1 
1 7.5 -3 0 1 
1 0 5.6299999999999999 1 0 
1 0 0 1 0 
1 1.5 0 0 1 
1 2.5999999999999996 -8.5 0 1 
1 0 5.7800000000000002 1 0 
1 0 0 -1 0 
1 2 0 0 -1 
1 4 -3 0 -1 
1 0 5.7800000000000002 -1 0 
1 0 3.5 -1 0 
1 -1.5 0 -0 -1 
1 6.0999999999999996 -8.5 -0 -1 
1 0 5.6299999999999999 -1 0 
1 0 3.5 1 0 
1 -2 0 0 1 
1 7.5 -3 0 1 
1 0 5.3300000000000001 1 0 
1 0 0 1 0 
1 1.5 0 0 1 
1 2.5999999999999996 -8.5 0 1 
1 0 5.4800000000000004 1 0 
1 0 0 -1 0 
1 2 0 0 -1 
1 4 -3 0 -1 
1 0 5.4800000000000004 -1 0 
1 0 3.5 -1 0 
1 -1.5 0 -0 -1 
1 6.0999999999999996 -8.5 -0 -1 
1 0 5.3300000000000001 -1 0 
1 0 3.5 1 0 
1 -2 0 0 1 
1 7.5 -3 0 1 
1 0 5.0300000000000002 1 0 
1 0 0 1 0 
1 1.5 0 0 1 
1 2.5999999999999996 -8.5 0 1 
1 0 5.1799999999999997 1 0 
1 0 0 -1 0 
1 2 0 0 -1 
1 4 -3 0 -1 
1 0 5.1799999999999997 -1 0 
1 0 3.5 -1 0 
1 -1.5 0 -0 -1 
1 6.0999999999999996 -8.5 -0 -1 
1 0 5.0300000000000002 -1 0 
1 0 3.5 1 0 
1 -2 0 0 1 
1 7.5 -3 0 1 
1 0 4.7300000000000004 1 0 
1 0 0 1 0 
1 1.5 0 0 1 
1 2.5999999999999996 -8.5 0 1 
1 0 4.8799999999999999 1 0 
1 0 0 -1 0 
1 2 0 0 -1 
1 4 -3 0 -1 
1 0 4.8799999999999999 -1 0 
1 0 3.5 -1 0 
1 -1.5 0 -0 -1 
1 6.0999999999999996 -8.5 -0 -1 
1 0 4.7300000000000004 -1 0 
1 0 3.5 1 0 
1 -2 0 0 1 
1 7.5 -3 0 1 
1 0 4.4299999999999997 1 0 
1 0 0 1 0 
1 1.5 0 0 1 
1 2.5999999999999996 -8.5 0 1 
1 0 4.5800000000000001 1 0 
1 0 0 -1 0 
1 2 0 0 -1 
1 4 -3 0 -1 
1 0 4.5800000000000001 -1 0 
1 0 3.5 -1 0 
1 -1.5 0 -0 -1 
1 6.0999999999999996 -8.5 -0 -1 
1 0 4.4299999999999997 -1 0 
1 0 3.5 1 0 
1 -2 0 0 1 
1 7.5 -3 0 1 
1 0 4.1299999999999999 1 0 
1 0 0 1 0 
1 1.5 0 0 1 
1 2.5999999999999996 -8.5 0 1 
1 0 4.2800000000000002 1 0 
1 0 0 -1 0 
1 2 0 0 -1 
1 4 -3 0 -1 
1 0 4.2800000000000002 -1 0 
1 0 3.5 -1 0 
1 -1.5 0 -0 -1 
1 6.0999999999999996 -8.5 -0 -1 
1 0 4.1299999999999999 -1 0 
1 0 3.5 1 0 
1 -2 0 0 1 
1 7.5 -3 0 1 
1 0 3.8300000000000001 1 0 
1 0 0 1 0 
1 1.5 0 0 1 
1 2.5999999999999996 -8.5 0 1 
1 0 3.98 1 0 
1 0 0 -1 0 
1 2 0 0 -1 
1 4 -3 0 -1 
1 0 3.98 -1 0 
1 0 3.5 -1 0 
1 -1.5 0 -0 -1 
1 6.0999999999999996 -8.5 -0 -1 
1 0 3.8300000000000001 -1 0 
1 0 3.5 1 0 
1 -2 0 0 1 
1 7.5 -3 0 1 
1 0 3.5300000000000002 1 0 
1 0 0 1 0 
1 1.5 0 0 1 
1 2.5999999999999996 -8.5 0 1 
1 0 3.6800000000000002 1 0 
1 0 0 -1 0 
1 2 0 0 -1 
1 4 -3 0 -1 
1 0 3.6800000000000002 -1 0 
1 0 3.5 -1 0 
1 -1.5 0 -0 -1 
1 6.0999999999999996 -8.5 -0 -1 
1 0 3.5300000000000002 -1 0 
1 0 3.5 1 0 
1 -2 0 0 1 
1 7.5 -3 0 1 
1 0 3.23 1 0 
1 0 0 1 0 
1 1.5 0 0 1 
1 2.5999999999999996 -8.5 0 1 
1 0 3.3799999999999999 1 0 
1 0 0 -1 0 
1 2 0 0 -1 
1 4 -3 0 -1 
1 0 3.3799999999999999 -1 0 
1 0 3.5 -1 0 
1 -1.5 0 -0 -1 
1 6.0999999999999996 -8.5 -0 -1 
1 0 3.23 -1 0 
1 0 3.5 1 0 
1 -2 0 0 1 
1 7.5 -3 0 1 
1 0 2.9300000000000002 1 0 
1 0 0 1 0 
1 1.5 0 0 1 
1 2.5999999999999996 -8.5 0 1 
1 0 3.0800000000000001 1 0 
1 0 0 -1 0 
1 2 0 0 -1 
1 4 -3 0 -1 
1 0 3.0800000000000001 -1 0 
1 0 3.5 -1 0 
1 -1.5 0 -0 -1 
1 6.0999999999999996 -8.5 -0 -1 
1 0 2.9300000000000002 -1 0 
1 0 3.5 1 0 
1 -2 0 0 1 
1 7.5 -3 0 1 
1 0 2.6299999999999999 1 0 
1 0 0 1 0 
1 1.5 0 0 1 
1 2.5999999999999996 -8.5 0 1 
1 0 2.7800000000000002 1 0 
1 0 0 -1 0 
1 2 0 0 -1 
1 4 -3 0 -1 
1 0 2.7800000000000002 -1 0 
1 0 3.5 -1 0 
1 -1.5 0 -0 -1 
1 6.0999999999999996 -8.5 -0 -1 
1 0 2.6299999999999999 -1 0 
1 0 3.5 1 0 
1 -2 0 0 1 
1 7.5 -3 0 1 
1 0 2.3300000000000001 1 0 
1 0 0 1 0 
1 1.5 0 0 1 
1 2.5999999999999996 -8.5 0 1 
1 0 2.48 1 0 
1 0 0 -1 0 
1 2 0 0 -1 
1 4 -3 0 -1 
1 0 2.48 -1 0 
1 0 3.5 -1 0 
1 -1.5 0 -0 -1 
1 6.0999999999999996 -8.5 -0 -1 
1 0 2.3300000000000001 -1 0 
1 0 3.5 1 0 
1 -2 0 0 1 
1 7.5 -3 0 1 
1 0 2.0300000000000002 1 0 
1 0 0 1 0 
1 1.5 0 0 1 
1 2.5999999999999996 -8.5 0 1 
1 0 2.1800000000000002 1 0 
1 0 0 -1 0 
1 2 0 0 -1 
1 4 -3 0 -1 
1 0 2.1800000000000002 -1 0 
1 0 3.5 -1 0 
1 -1.5 0 -0 -1 
1 6.0999999999999996 -8.5 -0 -1 
1 0 2.0300000000000002 -1 0 
1 0 3.5 1 0 
1 -2 0 0 1 
1 7.5 -3 0 1 
1 0 1.7300000000000002 1 0 
1 0 0 1 0 
1 1.5 0 0 1 
1 2.5999999999999996 -8.5 0 1 
1 0 1.8800000000000001 1 0 
1 0 0 -1 0 
1 2 0 0 -1 
1 4 -3 0 -1 
1 0 1.8800000000000001 -1 0 
1 0 3.5 -1 0 
1 -1.5 0 -0 -1 
1 6.0999999999999996 -8.5 -0 -1 
1 0 1.7300000000000002 -1 0 
1 0 3.5 1 0 
1 -2 0 0 1 
1 7.5 -3 0 1 
1 0 1.4300000000000002 1 0 
1 0 0 1 0 
1 1.5 0 0 1 
1 2.5999999999999996 -8.5 0 1 
1 0 1.5800000000000001 1 0 
1 0 0 -1 0 
1 2 0 0 -1 
1 4 -3 0 -1 
1 0 1.5800000000000001 -1 0 
1 0 3.5 -1 0 
1 -1.5 0 -0 -1 
1 6.0999999999999996 -8.5 -0 -1 
1 0 1.4300000000000002 -1 0 
1 0 3.5 1 0 
1 -2 0 0 1 
1 7.5 -3 0 1 
1 0 1.1300000000000001 1 0 
1 0 0 1 0 
1 1.5 0 0 1 
1 2.5999999999999996 -8.5 0 1 
1 0 1.28 1 0 
1 0 0 -1 0 
1 2 0 0 -1 
1 4 -3 0 -1 
1 0 1.28 -1 0 
1 0 3.5 -1 0 
1 -1.5 0 -0 -1 
1 6.0999999999999996 -8.5 -0 -1 
1 0 1.1300000000000001 -1 0 
1 0 3.5 1 0 
1 -2 0 0 1 
1 7.5 -3 0 1 
1 0 0.83000000000000007 1 0 
1 0 0 1 0 
1 1.5 0 0 1 
1 2.5999999999999996 -8.5 0 1 
1 0 0.97999999999999998 1 0 
1 0 0 -1 0 
1 2 0 0 -1 
1 4 -3 0 -1 
1 0 0.97999999999999998 -1 0 
1 0 3.5 -1 0 
1 -1.5 0 -0 -1 
1 6.0999999999999996 -8.5 -0 -1 
1 0 0.83000000000000007 -1 0 
1 0 3.5 1 0 
1 -2 0 0 1 
1 7.5 -3 0 1 
1 0 0.53000000000000025 1 0 
1 0 0 1 0 
1 1.5 0 0 1 
1 2.5999999999999996 -8.5 0 1 
1 0 0.68000000000000016 1 0 
1 0 0 -1 0 
1 2 0 0 -1 
1 4 -3 0 -1 
1 0 0.68000000000000016 -1 0 
1 0 3.5 -1 0 
1 -1.5 0 -0 -1 
1 6.0999999999999996 -8.5 -0 -1 
1 0 0.53000000000000025 -1 0 
1 0 3.5 1 0 
1 -2 0 0 1 
1 7.5 -3 0 1 
1 0 0.22999999999999998 1 0 
1 0 0 1 0 
1 1.5 0 0 1 
1 2.5999999999999996 -8.5 0 1 
1 0 0.37999999999999989 1 0 
1 0 0 -1 0 
1 2 0 0 -1 
1 4 -3 0 -1 
1 0 0.37999999999999989 -1 0 
1 0 3.5 -1 0 
1 -1.5 0 -0 -1 
1 6.0999999999999996 -8.5 -0 -1 
1 0 0.22999999999999998 -1 0 
1 0 3.5 1 0 
1 -2 0 0 1 
1 7.5 -3 0 1 
1 5 0 0 -1 
1 0 -4.5 0 -1 
1 0 0 0 -1 
1 0 -4.5 0 -1 
1 0 9 1 0 
1 0 0 1 0 
1 5 0 0 -1 
1 0 4.5 -1 0 
1 0 0 0 -1 
1 0 4.5 -1 0 
1 0 0.5 1 0 
1 0 0 1 0 
1 0 0 0 -1 
1 0 -4.5 0 -1 
2 2.5 4.5 1 0 -0 1 3
1 9.4247779607693793 0.5 -1 0 
1 5 0 0 -1 
1 0 -4.5 0 -1 
1 0 0 1 0 
1 0 0 -1 0 
1 -5 0 0 1 
1 0 -4.5 1 0 
1 0 0.5 -1 0 
1 0 0 1 -0 
1 0 0 0 1 
1 0 -4.5 1 0 
1 5 0 -0 -1 
1 0.5 -4.5 0 -1 
1 0 0 -0 -1 
1 0.5 -4.5 0 -1 
1 -4.5 -11.5 -1 0 
1 0 10 1 0 
1 -0.5 -0.5 0 -1 
1 10 0 0 -1 
1 -4.5 -0.5 1 0 
1 0 10 1 0 
1 -4.5 -0.5 0 1 
1 -10 0 0 1 
1 -5 0 0 1 
1 11.4 6 0 1 
1 0 0 -1 0 
1 0 10.9 1 0 
1 0 0 0 1 
1 11.4 6 0 1 
1 0 0 0 -1 
1 0.5 6 -1 0 
1 4 9 -1 0 
1 0 0 1 0 
1 4 9 0 -1 
1 9.5 6 -1 0 
1 4 10.1 -1 0 
1 0 0 -1 0 
1 0 0 0 -1 
1 0.5 6 -1 0 
1 5 0 0 -1 
1 0.5 6 -1 0 
1 0 0 1 0 
1 0 1.5 1 0 
1 5 0 0 -1 
1 0.5 4.5 0 -1 
1 0 0 0 -1 
1 0.5 4.5 0 -1 
1 0.5 -3 0 -1 
1 2.5 -3 0 -1 
1 0.5 3 -1 0 
1 0.59999999999999964 0 -0 -1 
1 2.5 -3 0 1 
1 -0.59999999999999964 0 0 1 
1 0.5 -3 1 0 
1 -0.59999999999999964 0 0 1 
1 0.5 -3 0 -1 
1 2.5 -3 0 -1 
1 0.5 -1.6583123951779999 1 -0 
1 5.6974997637223517 0 0 -1 
1 9.5 -6 2.1684043449710002e-15 -1 
1 0 4 1 0 
1 9.5 -5.2000000000000002 -1 0 
1 4 0 -0 -1 
1 10.6 -6 0 1 
1 -4 0 0 1 
1 10.6 6 0 1 
1 -4 0 0 1 
1 9.5 5.2000000000000002 1 0 
1 -4 0 0 1 
1 9.5 6 0 -1 
1 4 0 0 -1 
1 7.8466042178639999 -5.0067244230470003 0 -1 
1 2 0 0 -1 
1 7.8466042178639999 -4.7005573701880001 -1 0 
1 2 0 -0 -1 
1 8.4056918796049995 -5.0067244230470003 0 1 
1 -2 0 0 1 
1 7.8466042178639999 -5.0067244230470003 1 0 
1 -2 0 0 1 
1 8.8050402094209996 -3.302838215835 0 -1 
1 2 0 0 -1 
1 8.8050402094209996 -2.8236202200560001 -1 0 
1 2 0 -0 -1 
1 9.5904252580579996 -3.302838215835 0 1 
1 -2 0 0 1 
1 8.8050402094209996 -3.302838215835 1 0 
1 -2 0 0 1 
1 8.8050402094209996 3.302838215835 -1 0 
1 2 0 -0 -1 
1 9.5904252580579996 3.302838215835 0 1 
1 -2 0 0 1 
1 8.8050402094209996 2.8236202200560001 1 0 
1 -2 0 0 1 
1 8.8050402094209996 3.302838215835 0 -1 
1 2 0 0 -1 
1 7.8466042178639999 5.0067244230470003 -1 0 
1 2 0 -0 -1 
1 8.4056918796049995 5.0067244230470003 0 1 
1 -2 0 0 1 
1 7.8466042178639999 4.7005573701880001 1 0 
1 -2 0 0 1 
1 7.8466042178639999 5.0067244230470003 0 -1 
1 2 0 0 -1 
1 4 2.7800000000000002 1 0 
1 -2 0 0 1 
1 4 2.6299999999999999 -1 0 
1 2 0 0 -1 
1 4 2.48 1 0 
1 -2 0 0 1 
1 4 2.3300000000000001 -1 0 
1 2 0 0 -1 
1 4 2.1800000000000002 1 0 
1 -2 0 0 1 
1 4 2.0300000000000002 -1 0 
1 2 0 0 -1 
1 4 1.8800000000000001 1 0 
1 -2 0 0 1 
1 4 1.7300000000000002 -1 0 
1 2 0 0 -1 
1 4 1.5800000000000001 1 0 
1 -2 0 0 1 
1 4 1.4300000000000002 -1 0 
1 2 0 0 -1 
1 4 1.28 1 0 
1 -2 0 0 1 
1 4 1.1300000000000001 -1 0 
1 2 0 0 -1 
1 4 0.97999999999999998 1 0 
1 -2 0 0 1 
1 4 0.82999999999999996 -1 0 
1 2 0 0 -1 
1 4 0.68000000000000005 1 0 
1 -2 0 0 1 
1 4 0.53000000000000003 -1 0 
1 2 0 0 -1 
1 4 0.38 1 0 
1 -2 0 0 1 
1 4 0.22999999999999998 -1 0 
1 2 0 0 -1 
1 4 0.080000000000000002 1 0 
1 -2 0 0 1 
1 4 -0.070000000000000007 -1 0 
1 2 0 0 -1 
1 4 -0.22 1 0 
1 -2 0 0 1 
1 4 -0.37 -1 0 
1 2 0 0 -1 
1 4 -0.52000000000000002 1 0 
1 -2 0 0 1 
1 4 -0.67000000000000004 -1 0 
1 2 0 0 -1 
1 4 -0.81999999999999995 1 0 
1 -2 0 0 1 
1 4 -0.96999999999999997 -1 0 
1 2 0 0 -1 
1 4 -1.1199999999999999 1 0 
1 -2 0 0 1 
1 4 -1.2699999999999998 -1 0 
1 2 0 0 -1 
1 4 -1.4199999999999999 1 0 
1 -2 0 0 1 
1 4 -1.5699999999999998 -1 0 
1 2 0 0 -1 
1 4 -1.72 1 0 
1 -2 0 0 1 
1 4 -1.8699999999999999 -1 0 
1 2 0 0 -1 
1 4 -2.02 1 0 
1 -2 0 0 1 
1 4 -2.1699999999999999 -1 0 
1 2 0 0 -1 
1 4 -2.3199999999999998 1 0 
1 -2 0 0 1 
1 4 -2.4699999999999998 -1 0 
1 2 0 0 -1 
1 4 -2.6200000000000001 1 0 
1 -2 0 0 1 
1 4 -2.77 -1 0 
1 2 0 0 -1 
1 4 -3 0 -1 
1 2 0 0 -1 
1 4 -2.9199999999999999 1 0 
1 -2 0 0 1 
1 7.5 -3 0 1 
1 -2 0 0 1 
1 4 -3 1 0 
1 -2 0 0 1 
1 4 3 -1 0 
1 2 0 -0 -1 
1 4 2.9300000000000002 -1 0 
1 2 0 0 -1 
2 1.5 -5 1 0 0 -1 0.40000000000000036
1 6.2831853071795862 1 -1 0 
2 4 -5 1 0 0 -1 0.39999999999999991
1 6.2831853071795862 1 -1 0 
2 8.9000000000000004 0 1 0 0 -1 0.39999999999999991
1 6.2831853071795862 1 -1 0 
2 4 5 1 0 0 -1 0.39999999999999991
1 6.2831853071795862 1 -1 0 
2 1.5 5 1 0 0 -1 0.40000000000000036
1 6.2831853071795862 1 -1 0 
1 0 -0.45000000000000001 1 -2.168404344971e-16 
1 -3.4750000000000001 -4.5 1 0 
1 3.7250000000000001 0 0 1 
1 4.5 -0.45000000000000001 0 1 
1 0 0.45000000000000001 -1 2.168404344971e-16 
1 3.4750000000000001 -4.5 1 0 
1 3.4750000000000001 0 0 -1 
1 -4.5 -0.45000000000000001 0 -1 
1 8.4000000000000004 0 0 -1 
1 -4.5 2.6999999999999997 0 -1 
1 0 -2.6999999999999997 1 8.673617379884e-16 
1 -8.4000000000000004 -4.5 1 0 
1 9.4000000000000004 0 0 1 
1 4.5 2.6999999999999997 0 1 
1 0 -2.2999999999999998 -1 0 
1 -4.5 -8.4000000000000004 0 -1 
1 8.4000000000000004 0 0 -1 
1 -4.5 5.125 0 -1 
1 0 -5.125 1 8.673617379884e-16 
1 -8.4000000000000004 -4.5 1 0 
1 9.4000000000000004 0 0 1 
1 4.5 5.125 0 1 
1 0 -4.875 -1 0 
1 -4.5 -8.4000000000000004 0 -1 
1 0 5.125 -1 8.673617379884e-16 
1 8.4000000000000004 -4.5 1 0 
1 8.4000000000000004 0 0 -1 
1 -4.5 -5.125 0 -1 
1 0 4.875 1 0 
1 4.5 -8.4000000000000004 0 1 
1 9.4000000000000004 0 0 1 
1 4.5 -5.125 0 1 
1 0 2.7000000000000002 -1 8.673617379884e-16 
1 8.4000000000000004 -4.5 1 0 
1 8.4000000000000004 0 0 -1 
1 -4.5 -2.7000000000000002 0 -1 
1 0 2.3000000000000003 1 0 
1 4.5 -8.4000000000000004 0 1 
1 9.4000000000000004 0 0 1 
1 4.5 -2.7000000000000002 0 1 
1 0.5 0 0 -1 
1 -2.5 0 0 -1 
1 0.5 -1.6583123951779999 1 -0 
1 3.7272781970470272 0 0 -1 
2 0 0 1 0 -0 1 3
1 0 0 1 0 
1 0 0 1 0 
2 0 0 1 0 -0 1 3
1 1.9000000000000004 -3 1 0 
1 0 0 -1 0 
1 1.9000000000000004 -3 0 -1 
1 -0.5 -3 0 -1 
1 1.9000000000000004 3 1 0 
1 0 0 1 0 
2 0 0 1 0 0 -1 2.2000000000000002
1 6.2831853071795862 0.56568542494923835 -1 0 
1 0 2.4000000000000004 1 0 
1 0 -1.5700924586830711e-16 1 4.9977595182143646e-17 
1 0 0 1 0 
2 0 0 1 0 -0 1 1.7999999999999998
1 -0.5 0 0 1 
1 -0.5 8.0999999999999996 -1 0 
1 0 3.5 -1 0 
1 8.0999999999999996 -11.5 -2.1684043449710002e-15 1 
1 -0.79999999999999982 0 0 1 
1 0 0 1 0 
1 0 0 1 0 
1 -9.5 -6 -2.1684043449710002e-15 -1 
1 3.5 0 0 1 
1 8.0999999999999996 -10.699999999999999 1 0 
1 0 1.0999999999999996 1 0 
1 0 0.79999999999999982 -1 0 
1 -3.5 0 -0 -1 
1 9.1999999999999993 -11.5 -0 -1 
1 0 0.5 1 0 
1 -0.5 9.1999999999999993 1 0 
1 0 0 0 1 
1 -10.6 -6 0 1 
1 -0 -5.5 1 0 
1 -0.5 -1.4000000000000004 -0 -1 
1 0 -0.79999999999999982 1 0 
1 0 0 -1 0 
1 3.5 0 0 1 
1 8.0999999999999996 0.5 0 1 
1 0 -0.5 -1 0 
1 0.5 8.0999999999999996 -1 0 
1 0 0 0 -1 
1 9.5 6 0 -1 
1 0 -0.5 -1 0 
1 0.5 9.1999999999999993 1 0 
1 -3.5 0 0 -1 
1 9.1999999999999993 0.5 0 -1 
1 0 -0.79999999999999982 -1 0 
1 0 1.0999999999999996 -1 0 
1 0 0 0 1 
1 10.6 6 0 1 
1 -3.5 0 -0 -1 
1 8.0999999999999996 -0.29999999999999982 -1 0 
1 0 5.5 -1 0 
1 0.5 -1.4000000000000004 0 -1 
1 0 0 1 0 
1 0 0 -1 0 
1 1.5 0 0 1 
1 2.5999999999999996 -8.5 0 1 
1 0 0.080000000000000071 1 0 
1 0 0 -1 0 
1 1.5 0 0 1 
1 2.5999999999999996 -2.5 1 0 
1 0 0.080000000000000071 -1 0 
1 0 3.5 -1 0 
1 -1.5 0 -0 -1 
1 6.0999999999999996 -8.5 -0 -1 
1 0 0 -1 0 
1 0 3.5 -1 0 
1 -1.5 0 -0 -1 
1 2.5999999999999996 -8.5 -1 0 
1 1.5 0 0 1 
1 2.5999999999999996 -8.2699999999999996 1 0 
1 -1.5 0 -0 -1 
1 2.5999999999999996 -8.4199999999999999 -1 0 
1 1.5 0 0 1 
1 2.5999999999999996 -7.9699999999999998 1 0 
1 -1.5 0 -0 -1 
1 2.5999999999999996 -8.120000000000001 -1 0 
1 1.5 0 0 1 
1 2.5999999999999996 -7.6699999999999999 1 0 
1 -1.5 0 -0 -1 
1 2.5999999999999996 -7.8200000000000003 -1 0 
1 1.5 0 0 1 
1 2.5999999999999996 -7.3700000000000001 1 0 
1 -1.5 0 -0 -1 
1 2.5999999999999996 -7.5199999999999996 -1 0 
1 1.5 0 0 1 
1 2.5999999999999996 -7.0700000000000003 1 0 
1 -1.5 0 -0 -1 
1 2.5999999999999996 -7.2199999999999998 -1 0 
1 1.5 0 0 1 
1 2.5999999999999996 -6.7699999999999996 1 0 
1 -1.5 0 -0 -1 
1 2.5999999999999996 -6.9199999999999999 -1 0 
1 1.5 0 0 1 
1 2.5999999999999996 -6.4699999999999998 1 0 
1 -1.5 0 -0 -1 
1 2.5999999999999996 -6.6200000000000001 -1 0 
1 1.5 0 0 1 
1 2.5999999999999996 -6.1699999999999999 1 0 
1 -1.5 0 -0 -1 
1 2.5999999999999996 -6.3200000000000003 -1 0 
1 1.5 0 0 1 
1 2.5999999999999996 -5.8700000000000001 1 0 
1 -1.5 0 -0 -1 
1 2.5999999999999996 -6.0199999999999996 -1 0 
1 1.5 0 0 1 
1 2.5999999999999996 -5.5700000000000003 1 0 
1 -1.5 0 -0 -1 
1 2.5999999999999996 -5.7199999999999998 -1 0 
1 1.5 0 0 1 
1 2.5999999999999996 -5.2699999999999996 1 0 
1 -1.5 0 -0 -1 
1 2.5999999999999996 -5.4199999999999999 -1 0 
1 1.5 0 0 1 
1 2.5999999999999996 -4.9699999999999998 1 0 
1 -1.5 0 -0 -1 
1 2.5999999999999996 -5.1200000000000001 -1 0 
1 1.5 0 0 1 
1 2.5999999999999996 -4.6699999999999999 1 0 
1 -1.5 0 -0 -1 
1 2.5999999999999996 -4.8200000000000003 -1 0 
1 1.5 0 0 1 
1 2.5999999999999996 -4.3700000000000001 1 0 
1 -1.5 0 -0 -1 
1 2.5999999999999996 -4.5199999999999996 -1 0 
1 1.5 0 0 1 
1 2.5999999999999996 -4.0700000000000003 1 0 
1 -1.5 0 -0 -1 
1 2.5999999999999996 -4.2199999999999998 -1 0 
1 1.5 0 0 1 
1 2.5999999999999996 -3.7699999999999996 1 0 
1 -1.5 0 -0 -1 
1 2.5999999999999996 -3.9199999999999999 -1 0 
1 1.5 0 0 1 
1 2.5999999999999996 -3.4699999999999998 1 0 
1 -1.5 0 -0 -1 
1 2.5999999999999996 -3.6200000000000001 -1 0 
1 1.5 0 0 1 
1 2.5999999999999996 -3.1699999999999999 1 0 
1 -1.5 0 -0 -1 
1 2.5999999999999996 -3.3199999999999998 -1 0 
1 1.5 0 0 1 
1 2.5999999999999996 -2.8700000000000001 1 0 
1 -1.5 0 -0 -1 
1 2.5999999999999996 -3.02 -1 0 
1 1.5 0 0 1 
1 2.5999999999999996 -2.5699999999999998 1 0 
1 -1.5 0 -0 -1 
1 2.5999999999999996 -2.7199999999999998 -1 0 
1 0 0 1 0 
1 0 0 1 0 
1 1.5 0 0 1 
1 6.4466042178639995 -0.49327557695299973 1 0 
1 1.5 0 0 1 
1 7.8466042178639999 5.0067244230470003 1 0 
1 0 0.55908766174099989 1 0 
1 0 0 -1 0 
1 -1.5 0 0 -1 
1 8.4056918796049995 5.0067244230470003 0 -1 
1 -1.5 0 0 -1 
1 7.0056918796049992 -0.49327557695299973 0 -1 
1 0 -0.30616705285900014 -1 0 
1 0 0.55908766174099989 -1 0 
1 -1.5 0 -0 -1 
1 6.4466042178639995 -0.79944262981199987 -1 0 
1 0 0 -1 0 
1 0 -0.30616705285900014 1 0 
1 1.5 0 0 1 
1 6.4466042178639995 -0.49327557695299973 0 1 
1 0 0 1 0 
1 0 0 1 0 
1 1.5 0 0 1 
1 7.4050402094209993 -2.197161784165 1 0 
1 0 0.78538504863699998 1 0 
1 0 0 -1 0 
1 -1.5 0 0 -1 
1 8.1904252580579993 -2.197161784165 0 -1 
1 0 -0.47921799577899993 -1 0 
1 0 0.78538504863699998 -1 0 
1 -1.5 0 -0 -1 
1 7.4050402094209993 -2.6763797799439999 -1 0 
1 0 0 -1 0 
1 0 -0.47921799577899993 1 0 
1 1.5 0 0 1 
1 7.4050402094209993 -2.197161784165 0 1 
1 0 0 1 0 
1 0 0 -1 0 
1 1.5 0 0 1 
1 7.4050402094209993 -8.8028382158349991 0 1 
1 0 0.47921799577899993 1 0 
1 0 0 1 0 
1 1.5 0 0 1 
1 7.4050402094209993 -8.3236202200560001 1 0 
1 0 0.78538504863699998 1 0 
1 0 0.47921799577899993 -1 0 
1 -1.5 0 -0 -1 
1 8.1904252580579993 -8.8028382158349991 -0 -1 
1 0 0 -1 0 
1 0 0.78538504863699998 -1 0 
1 -1.5 0 -0 -1 
1 7.4050402094209993 -8.8028382158349991 -1 0 
1 0 0 1 0 
1 0 0 -1 0 
1 1.5 0 0 1 
1 6.4466042178639995 -10.506724423047 0 1 
1 0 0.30616705285900014 1 0 
1 0 0 1 0 
1 1.5 0 0 1 
1 6.4466042178639995 -10.200557370188001 1 0 
1 0 0.55908766174099989 1 0 
1 0 0.30616705285900014 -1 0 
1 -1.5 0 -0 -1 
1 7.0056918796049992 -10.506724423047 -0 -1 
1 -1.5 0 -0 -1 
1 8.4056918796049995 -5.0067244230470003 -0 -1 
1 0 0 -1 0 
1 0 0.55908766174099989 -1 0 
1 -1.5 0 -0 -1 
1 7.8466042178639999 -5.0067244230470003 -1 0 
1 -1.5 0 -0 -1 
1 6.4466042178639995 -10.506724423047 -1 0 
1 -4 0 0 1 
1 0 -11 1 -0 
1 0 0 0 1 
1 0 -11 -1 0 
1 0 0 1 0 
1 -2 -5.5 -1 0 
1 -4 0 0 1 
1 0 -11 1 -0 
1 4 0 0 1 
1 0 0 1 -0 
1 0 0 1 0 
1 -2 5.5 1 0 
1 0 0 0 1 
1 0 0 -1 0 
1 4 0 0 1 
1 0 0 1 -0 
1 2.0749999999999997 -5.9500000000000002 -1 2.168404344971e-16 
1 0 0 -1 0 
1 2.3249999999999997 -5.0499999999999998 0 -1 
1 0 0 0 -1 
1 2.0749999999999997 -5.0499999999999998 1 -2.168404344971e-16 
1 0 0 -1 0 
1 2.0749999999999997 -5.0499999999999998 0 1 
1 0 0 0 1 
1 7 -8.1999999999999993 0 1 
1 0 0 0 1 
1 7 -8.1999999999999993 -1 -8.673617379884e-16 
1 0 0 -1 0 
1 8 -8.1999999999999993 0 -1 
1 0 0 0 -1 
1 7 -7.7999999999999998 1 0 
1 0 0 0 1 
1 7 -2.7999999999999998 1 -8.673617379884e-16 
1 0 0 -1 0 
1 7 -2.7999999999999998 0 1 
1 0 0 0 1 
1 7 -3.1999999999999997 -1 0 
1 0 0 0 -1 
1 8 -2.7999999999999998 0 -1 
1 0 0 0 -1 
1 8 -10.625 0 -1 
1 0 0 0 -1 
1 7 -10.375 1 0 
1 0 0 0 1 
1 7 -10.625 0 1 
1 0 0 0 1 
1 7 -10.625 -1 -8.673617379884e-16 
1 0 0 -1 0 
1 7 -0.375 1 -8.673617379884e-16 
1 0 0 -1 0 
1 7 -0.375 0 1 
1 0 0 0 1 
1 7 -0.625 -1 0 
1 0 0 0 -1 
1 8 -0.375 0 -1 
1 0 0 0 -1 
1 1.0999999999999996 0 0 1 
1 -0.099999999999999645 8.5 0 1 
1 0 -2.5 -1 0 
1 0.099999999999999645 0.90000000000000036 0 -1 
1 0 0 0 -1 
1 2 5.5 0 -1 
1 0 0 0 -1 
1 2 5.5 0 -1 
1 0 -8.5 1 0 
1 -0.099999999999999645 0.90000000000000036 0 1 
1 0 -5.0499999999999998 -1 -2.168404344971e-16 
1 2.0749999999999997 -4 -1 0 
1 -2.3249999999999997 0 0 -1 
1 4 5.0499999999999998 0 -1 
1 0 -5.9500000000000002 1 2.168404344971e-16 
1 -2.0749999999999997 -4 -1 0 
1 -2.0749999999999997 0 0 1 
1 -4 5.0499999999999998 0 1 
1 -8 0 0 -1 
1 4 8.1999999999999993 0 -1 
1 0 -8.1999999999999993 1 -8.673617379884e-16 
1 -7 -4 -1 0 
1 -7 0 0 1 
1 -4 8.1999999999999993 0 1 
1 0 -7.7999999999999998 -1 0 
1 -4 -7 0 1 
1 -8 0 0 -1 
1 4 10.625 0 -1 
1 0 -10.625 1 -8.673617379884e-16 
1 -7 -4 -1 0 
1 -7 0 0 1 
1 -4 10.625 0 1 
1 0 -10.375 -1 0 
1 -4 -7 0 1 
1 0 -0.625 1 0 
1 4 -7 -0 -1 
1 -7 0 0 1 
1 -4 0.375 0 1 
1 0 -0.375 -1 -8.673617379884e-16 
1 7 -4 -1 0 
1 -8 0 0 -1 
1 4 0.375 0 -1 
1 0 -3.1999999999999997 1 0 
1 4 -7 -0 -1 
1 -7 0 0 1 
1 -4 2.7999999999999998 0 1 
1 0 -2.7999999999999998 -1 -8.673617379884e-16 
1 7 -4 -1 0 
1 -8 0 0 -1 
1 4 2.7999999999999998 0 -1 
1 0 0 0 1 
1 -2 5.5 0 1 
1 0 3 -1 0 
1 -1.9000000000000004 0.90000000000000036 -1 0 
1 1.9000000000000004 0 0 -1 
1 -1.4000000000000004 0 -0 -1 
1 0 -3 1 0 
1 1.9000000000000004 0.90000000000000036 -1 0 
1 0 0 0 -1 
1 0 0 -1 0 
1 -1 0 0 -1 
1 0 0 1 0 
1 0 -0.39999999999999991 1 0 
1 0 1 1 0 
1 0 0 1 0 
1 0 -0.39999999999999991 -1 0 
1 0 0 -1 0 
1 0 0 0 -1 
1 -7.0999999999999996 -0.39999999999999991 0 -1 
1 4.7123889803846897 -2.3000000000000003 0 1 
1 0 -0.39999999999999991 -1 0 
1 0 0 1 0 
2 7.0999999999999996 0.39999999999999991 1 0 -0 1 0.39999999999999991
1 0 -2.3000000000000003 1 0 
1 7.5 0 0 -1 
1 8.4000000000000004 2.3000000000000003 -1 0 
2 7.0999999999999996 0.60000000000000009 1 0 -0 1 0.39999999999999991
1 3.1415926535897931 2.3000000000000003 -1 0 
1 0 1 1 0 
1 0 -0.39999999999999991 1 0 
1 7.0999999999999996 0 0 1 
1 1.5707963267948966 2.7000000000000002 0 1 
1 0 0 1 0 
1 -1 0 0 -1 
1 0 -7.5 -1 0 
1 8.4000000000000004 2.7000000000000002 1 -8.673617379884e-16 
2 -0.39999999999999991 -7.0999999999999996 1 0 -0 1 0.39999999999999991
1 10.995574287564276 -2.6999999999999988 -1 -2.8271597168564594e-16 
2 -0.60000000000000009 -7.0999999999999996 1 0 -0 1 0.39999999999999991
1 -1.5707963267948966 2.6999999999999988 1 2.8271597168564594e-16 
1 8.8000000000000007 2.7000000000000002 0 1 
1 6.2831853071795862 -2.7000000000000002 0 -1 
1 9 2.3000000000000003 0 -1 
1 3.1415926535897931 2.3000000000000003 0 -1 
1 0 0 0 -1 
1 0 0 -1 0 
1 -1 0 0 -1 
1 0 0 1 0 
1 0 -0.25 1 0 
1 0 1 1 0 
1 0 0 0 -1 
1 8.4000000000000004 4.875 -1 0 
1 0 0 1 0 
1 0 -0.25 -1 0 
1 0 0 0 1 
1 8.4000000000000004 5.125 0 1 
1 0 0 -1 0 
1 0 0 0 -1 
1 -7.0999999999999996 -0.25 0 -1 
1 4.7123889803846897 -4.875 0 1 
1 0 -0.25 -1 0 
1 0 0 1 0 
1 7.5 0 0 -1 
1 8.4000000000000004 4.875 -1 0 
2 7.0999999999999996 0.60000000000000009 1 0 -0 1 0.39999999999999991
1 3.1415926535897931 4.875 -1 0 
1 0 1 1 0 
1 0 -0.25 1 0 
2 7.0999999999999996 0.39999999999999991 1 0 -0 1 0.39999999999999991
1 0 -4.875 1 0 
1 7.0999999999999996 0 0 1 
1 1.5707963267948966 5.125 0 1 
1 0 0 1 0 
1 -1 0 0 -1 
2 -0.60000000000000009 -7.0999999999999996 1 0 -0 1 0.39999999999999991
1 -1.5707963267948966 5.125 1 0 
1 0 -7.5 -1 0 
1 8.4000000000000004 5.125 1 -8.673617379884e-16 
2 -0.39999999999999991 -7.0999999999999996 1 0 -0 1 0.39999999999999991
1 10.995574287564276 -5.125 -1 0 
1 9 4.875 0 -1 
1 3.1415926535897931 4.875 0 -1 
1 8.8000000000000007 5.125 0 1 
1 6.2831853071795862 -5.125 0 -1 
1 0 0 -1 0 
1 0 0 0 -1 
1 0 0 0 1 
1 8.4000000000000004 -5.125 0 1 
1 0 0.25 -1 0 
1 0 0 -1 0 
1 0 0 0 1 
1 8.4000000000000004 -4.875 1 0 
1 0 1 -1 0 
1 0 0.25 1 0 
1 0 0 1 0 
1 1 0 0 -1 
1 0 0 0 -1 
1 0 0 -1 0 
2 0.39999999999999991 -7.0999999999999996 1 0 -0 1 0.39999999999999991
1 1.5707963267948966 5.125 1 0 
1 0 -7.5 -1 0 
1 8.4000000000000004 -5.125 -1 -8.673617379884e-16 
2 0.60000000000000009 -7.0999999999999996 1 0 -0 1 0.39999999999999991
1 7.8539816339744828 -5.125 -1 0 
1 1 0 0 -1 
1 0 0 1 0 
1 7.0999999999999996 0.25 0 1 
1 1.5707963267948966 -4.875 0 1 
1 0 0.25 1 0 
1 0 1 -1 0 
1 -7.5 0 0 1 
1 8.4000000000000004 -4.875 1 0 
2 -7.0999999999999996 0.39999999999999991 1 0 -0 1 0.39999999999999991
1 9.4247779607693793 4.875 -1 0 
1 0 0 -1 0 
1 0 0.25 -1 0 
2 -7.0999999999999996 0.60000000000000009 1 0 -0 1 0.39999999999999991
1 0 -4.875 1 0 
1 -7.0999999999999996 0 0 -1 
1 4.7123889803846897 5.125 0 1 
1 8.8000000000000007 -4.875 0 1 
1 6.2831853071795862 4.875 0 -1 
1 9 -5.125 -0 -1 
1 3.1415926535897931 -5.125 0 -1 
1 0 0 -1 0 
1 0 0 0 -1 
1 0 0.39999999999999991 -1 0 
1 0 0 -1 0 
1 0 1 -1 0 
1 0 0.39999999999999991 1 0 
1 0 0 1 0 
1 1 0 0 -1 
1 0 0 0 -1 
1 0 0 -1 0 
2 0.39999999999999991 -7.0999999999999996 1 0 -0 1 0.39999999999999991
1 1.5707963267948966 2.7000000000000011 1 -2.8271597168564594e-16 
1 0 -7.5 -1 0 
1 8.4000000000000004 -2.6999999999999997 -1 -8.673617379884e-16 
2 0.60000000000000009 -7.0999999999999996 1 0 -0 1 0.39999999999999991
1 7.8539816339744828 -2.7000000000000011 -1 2.8271597168564594e-16 
1 1 0 0 -1 
1 0 0 1 0 
1 7.0999999999999996 0.39999999999999991 0 1 
1 1.5707963267948966 -2.2999999999999998 0 1 
1 0 0.39999999999999991 1 0 
1 0 1 -1 0 
1 -7.5 0 0 1 
1 8.4000000000000004 -2.2999999999999998 1 0 
2 -7.0999999999999996 0.39999999999999991 1 0 -0 1 0.39999999999999991
1 9.4247779607693793 2.2999999999999998 -1 0 
1 0 0 -1 0 
1 0 0.39999999999999991 -1 0 
2 -7.0999999999999996 0.60000000000000009 1 0 -0 1 0.39999999999999991
1 0 -2.2999999999999998 1 0 
1 -7.0999999999999996 0 0 -1 
1 4.7123889803846897 2.6999999999999997 0 1 
1 8.8000000000000007 -2.2999999999999998 0 1 
1 6.2831853071795862 2.2999999999999998 0 -1 
1 9 -2.6999999999999997 -0 -1 
1 3.1415926535897931 -2.6999999999999997 0 -1 
1 0.25 0 0 -1 
1 0 -0.90000000000000002 1 0 
1 0 0 0 -1 
1 0 -0.90000000000000002 -1 0 
1 0 0 -1 0 
1 0 0 0 -1 
1 -0.25 0 0 -1 
1 0 0 1 0 
1 7.5 0 0 -1 
1 3.7250000000000001 0.45000000000000001 0 -1 
2 7.0999999999999996 -0.40000000000000002 1 0 -0 1 0.39999999999999991
1 4.7123889803846879 -3.7250000000000001 -1 0 
1 0 0 1 0 
1 -0.25 0 0 -1 
1 0 -0.90000000000000002 1 0 
1 0.25 0 0 -1 
2 7.0999999999999996 -0.5 1 0 -0 1 0.39999999999999991
1 -1.5707963267948966 3.7250000000000001 1 0 
1 0 -7.0999999999999996 1 -0 
1 3.1415926535897931 -3.4750000000000001 0 1 
1 0 0 0 -1 
1 0 0 -1 0 
2 -7.0999999999999996 -0.40000000000000002 1 0 -0 1 0.39999999999999991
1 1.5707963267948966 -3.4750000000000001 1 0 
1 -7.5 0 0 1 
1 3.4750000000000001 0.45000000000000001 0 1 
2 -7.0999999999999996 -0.5 1 0 -0 1 0.39999999999999991
1 7.8539816339744846 3.4750000000000001 -1 0 
1 0 -0.90000000000000002 -1 0 
1 0 0 0 -1 
1 0.25 -7.0999999999999996 1 0 
1 3.1415926535897931 3.7250000000000001 0 1 
1 3.7250000000000001 0.050000000000000003 1 -2.168404344971e-16 
1 4.7123889803846879 -3.7250000000000001 0 -1 
1 3.4750000000000001 -0.049999999999999996 -1 2.168404344971e-16 
1 4.7123889803846915 3.4750000000000001 0 -1 
1 3.1415926535897931 0.099999999999999978 1 0 
1 3.1415926535897931 0.14142135623730973 1 0 
2 0 0 1 0 -0 1 0.29999999999999982
1 9.4247779607693793 -1.1775693440123034e-16 -1 0 
1 3.1415926535897931 0.099999999999999978 1 0 
1 3.1415926535897931 0.14142135623730945 1 0 
2 0 0 1 0 -0 1 0.29999999999999982
1 9.4247779607693793 1.9626155733538388e-16 -1 -4.9977595182143646e-17 
1 3.1415926535897931 0.099999999999999978 1 0 
1 3.1415926535897931 0.14142135623730945 1 0 
2 0 0 1 0 -0 1 0.29999999999999982
1 9.4247779607693793 -1.1775693440123034e-16 -1 0 
1 0 0.099999999999999978 1 0 
1 0 0.14142135623730945 1 0 
2 0 0 1 0 0 -1 0.30000000000000004
1 6.2831853071795862 3.9252311467076778e-17 -1 -4.9977595182143646e-17 
1 0 0.099999999999999978 1 0 
1 0 0.14142135623730973 1 0 
2 0 0 1 0 0 -1 0.29999999999999982
1 6.2831853071795862 -1.1775693440123034e-16 -1 0 
1 0 0 -1 0 
1 0 2 -1 0 
1 0 6 -1 0 
1 0 2 1 0 
1 0 0 -0 -1 
1 -0.5 3 1 0 
1 0 0 0 1 
1 -0.5 -3 -1 0 
1 0 0 0 1 
1 -0.13499523613600006 0 0 1 
1 0 0 1 0 
1 1.8382535967909996 2.7401405443989999 1 -0 
1 -0.038644335888999848 0 0 1 
1 0 0 0 1 
1 0 0 0 1 
1 -0.30031674482999993 0 0 1 
1 0 0 1 0 
1 1.8382535967909996 2.6051453082629998 0 -1 
1 0 0 0 1 
1 -0.043756478978000057 0 0 1 
1 0 0 1 0 
1 2.1385703416209996 2.6051453082629998 1 -0 
1 0 0 0 1 
1 -0.33896108071899977 0 0 1 
1 0 0 1 0 
1 2.1385703416209996 2.5613888292849998 0 -1 
1 0 0 0 1 
1 -0.17875171511400012 0 0 1 
1 0 0 1 -0 
1 1.7996092609019998 2.5613888292849998 -1 0 
1 0 0 1 -0 
1 1.7996092609019998 2.7401405443989999 0 1 
7 0 0  1 2 2  -1.9650082515048416e-15 2.7654446657990328e-14  -1.9650082515048416e-15 0.99999999999997302 
 0 2 0.0099999999999997868 2
7 0 0  1 2 2  1.9999999999999984 2.7654446657990328e-14  1.9999999999999984 0.99999999999997302 
 0 2 0.0099999999999997868 2
1 -1.9650082515048471e-15 2.7654446657990328e-14 1 0 
7 0 0  3 4 2  0.0049388501020004583 -0.051662971467000052  0.0049388501020004583 -0.014058393493999954  -0.0016462833670001231 0.017220990489000165  -0.014816550307999776 0.042175180481000218 
 0 4 1 4
7 0 0  1 2 2  0.99999999999999845 2.7654446657990328e-14  1.0000000000000031 0.99999999999997302 
 0 2 0.0099999999999997868 2
1 -0.041936902626000361 0 0 1 
1 0 0 0 1 
7 0 0  1 2 2  12.000000000000005 2.7654446657990328e-14  12.000000000000005 0.99999999999997302 
 0 2 0.0099999999999997868 2
1 0 0 1 0 
1 -0.056753452934000137 0.042175180481000218 -1 0 
1 5.3290705182007514e-15 2.7654446657990328e-14 1 0 
7 0 0  3 4 2  -0.056753452934000137 0.042175180481000218  -0.041676963146000112 0.017394283474999828  -0.034052071758999602 -0.011805584674999814  -0.034052071758999602 -0.045337777477000074 
 12 4 13 4
7 0 0  1 2 2  13.000000000000002 2.7654446657990328e-14  13.000000000000002 0.99999999999997302 
 0 2 0.0099999999999997868 2
7 0 0  1 2 2  11.000000000000004 2.7654446657990328e-14  11.000000000000004 0.99999999999997302 
 0 2 0.0099999999999997868 2
1 3.5527136788005009e-15 2.7654446657990328e-14 1 0 
7 0 0  3 4 2  -0.034052071758999602 -0.045337777477000074  -0.034052071758999602 -0.081209425588999906  -0.046009287797000198 -0.11023600075299989  -0.069750426886999506 -0.13241750296799992 
 11 4 12 4
7 0 0  1 2 2  11.999999999999991 2.7654446657990328e-14  11.999999999999995 0.99999999999997302 
 0 2 0.0099999999999997868 2
7 0 0  1 2 2  9.9999999999999982 2.7654446657990328e-14  9.9999999999999982 0.99999999999997302 
 0 2 0.0099999999999997868 2
1 -1.7763568394002505e-15 2.7654446657990328e-14 1 0 
7 0 0  3 4 2  -0.069750426886999506 -0.13241750296799992  -0.093664858962999809 -0.15459900518299996  -0.12589735436900007 -0.16568975628899985  -0.16644791310500029 -0.16568975628899985 
 10 4 11 4
7 0 0  1 2 2  11.000000000000002 2.7654446657990328e-14  11.000000000000002 0.99999999999997302 
 0 2 0.0099999999999997868 2
7 0 0  1 2 2  9.0000000000000036 2.7654446657990328e-14  9.0000000000000036 0.99999999999997302 
 0 2 0.0099999999999997868 2
1 3.5527136788005009e-15 2.7654446657990328e-14 1 0 
7 0 0  3 4 2  -0.16644791310500029 -0.16568975628899985  -0.2090779876740001 -0.16568975628899985  -0.24304341293799947 -0.15381918674599993  -0.26834418890299983 -0.13007804765600017 
 9 4 10 4
7 0 0  1 2 2  10.000000000000002 2.7654446657990328e-14  10.000000000000002 0.99999999999997302 
 0 2 0.0099999999999997868 2
7 0 0  1 2 2  8.0000000000000018 2.7654446657990328e-14  8.0000000000000018 0.99999999999997302 
 0 2 0.0099999999999997868 2
1 1.7763568394002505e-15 2.7654446657990328e-14 1 0 
7 0 0  3 4 2  -0.26834418890299983 -0.13007804765600017  -0.2934716718799999 -0.10625026207400001  -0.30594876687599992 -0.075490757048999768  -0.30594876687599992 -0.037712886090000008 
 8 4 9 4
7 0 0  1 2 2  9.0000000000000036 2.7654446657990328e-14  9.0000000000000036 0.99999999999997302 
 0 2 0.0099999999999997868 2
7 0 0  1 2 2  7.0000000000000018 2.7654446657990328e-14  7.0000000000000018 0.99999999999997302 
 0 2 0.0099999999999997868 2
1 1.7763568394002505e-15 2.7654446657990328e-14 1 0 
7 0 0  3 4 2  -0.30594876687599992 -0.037712886090000008  -0.30594876687599992 -0.0086863109270001182  -0.29936363340600014 0.017914162433000147  -0.28584678049599965 0.042175180481000218 
 7 4 8 4
7 0 0  1 2 2  7.9999999999999947 2.7654446657990328e-14  8 0.99999999999997302 
 0 2 0.0099999999999997868 2
1 -0.04574934831599986 0 0 1 
1 0 0 0 1 
7 0 0  1 2 2  4.9999999999999964 2.7654446657990328e-14  4.9999999999999964 0.99999999999997302 
 0 2 0.0099999999999997868 2
1 0 0 1 0 
1 -0.33159612881199951 0.042175180481000218 -1 0 
1 -3.5527136788005009e-15 2.7654446657990328e-14 1 0 
7 0 0  3 4 2  -0.33159612881199951 0.042175180481000218  -0.34078065707400018 0.021033436181999932  -0.34545956769699959 -0.005740330163999996  -0.34545956769699959 -0.038146118554999831 
 5 4 6 4
7 0 0  1 2 2  6.0000000000000009 2.7654446657990328e-14  6.0000000000000009 0.99999999999997302 
 0 2 0.0099999999999997868 2
7 0 0  1 2 2  4.0000000000000009 2.7654446657990328e-14  4.0000000000000009 0.99999999999997302 
 0 2 0.0099999999999997868 2
1 8.8817841970012523e-16 2.7654446657990328e-14 1 0 
7 0 0  3 4 2  -0.34545956769699959 -0.038146118554999831  -0.34545956769699959 -0.088487731003000114  -0.32882344103599959 -0.12999140116300012  -0.29555118771299949 -0.16265712903499985 
 4 4 5 4
7 0 0  1 2 2  5 2.7654446657990328e-14  5 0.99999999999997302 
 0 2 0.0099999999999997868 2
7 0 0  1 2 2  2.9999999999999987 2.7654446657990328e-14  2.9999999999999987 0.99999999999997302 
 0 2 0.0099999999999997868 2
1 -1.3322676295501878e-15 2.7654446657990328e-14 1 0 
7 0 0  3 4 2  -0.29555118771299949 -0.16265712903499985  -0.26227893439199956 -0.19532285690499984  -0.21843580891899972 -0.21161239759400008  -0.1638485183120002 -0.21161239759400008 
 3 4 4 4
7 0 0  1 2 2  3.9999999999999991 2.7654446657990328e-14  3.9999999999999991 0.99999999999997302 
 0 2 0.0099999999999997868 2
7 0 0  1 2 2  2 2.7654446657990328e-14  2 0.99999999999997302 
 0 2 0.0099999999999997868 2
1 0 2.7654446657990328e-14 1 0 
7 0 0  3 4 2  -0.1638485183120002 -0.21161239759400008  -0.11307367339899965 -0.21161239759400008  -0.072176528691000108 -0.19714243325900016  -0.041330377173999899 -0.16811585809500018 
 2 4 3 4
7 0 0  1 2 2  3.0000000000000022 2.7654446657990328e-14  3.0000000000000022 0.99999999999997302 
 0 2 0.0099999999999997868 2
7 0 0  1 2 2  0.99999999999999689 2.7654446657990328e-14  0.99999999999999689 0.99999999999997302 
 0 2 0.0099999999999997868 2
1 -3.1086244689504383e-15 2.7654446657990328e-14 1 0 
7 0 0  3 4 2  -0.041330377173999899 -0.16811585809500018  -0.010484225656999691 -0.13908928293099976  0.0049388501020004583 -0.10027165405500016  0.0049388501020004583 -0.051662971467000052 
 1 4 2 4
1 0 0 0 1 
1 -0.13854774234800038 0 0 1 
1 0 0 1 0 
1 1.8382535967909996 3.2579399867240002 1 -0 
1 -0.038644335888999848 0 0 1 
1 0 0 0 1 
1 0 0 0 1 
1 -0.11402678482300033 0 0 1 
1 0 0 1 0 
1 1.8382535967909996 3.1193922443759998 0 -1 
1 0 0 0 1 
1 -0.12121844374300039 0 0 1 
1 0 0 1 0 
1 1.952280381614 3.1193922443759998 1 -0 
1 0 0 0 1 
1 -0.038817628874999954 0 0 1 
1 0 0 1 -0 
1 1.952280381614 3.2406106881190002 0 1 
1 0 0 0 1 
1 -0.12121844374300039 0 0 1 
1 0 0 1 0 
1 1.9910980104889999 3.2406106881190002 1 -0 
1 0 0 0 1 
1 -0.10848140927000038 0 0 1 
1 0 0 1 0 
1 1.9910980104889999 3.1193922443759998 0 -1 
1 0 0 0 1 
1 -0.13083620446999999 0 0 1 
1 0 0 1 0 
1 2.0995794197590003 3.1193922443759998 1 -0 
1 0 0 0 1 
1 -0.038990921861999261 0 0 1 
1 0 0 1 -0 
1 2.0995794197590003 3.2502284488459998 0 1 
1 0 0 0 1 
1 -0.17459268344799961 0 0 1 
1 0 0 1 0 
1 2.1385703416209996 3.2502284488459998 1 -0 
1 0 0 0 1 
1 -0.33896108071899977 0 0 1 
1 0 0 1 0 
1 2.1385703416209996 3.0756357653980002 0 -1 
1 0 0 0 1 
1 -0.18230422132599999 0 0 1 
1 0 0 1 -0 
1 1.7996092609019998 3.0756357653980002 -1 0 
1 0 0 1 -0 
1 1.7996092609019998 3.2579399867240002 0 1 
1 0.32776202149500033 -0.074039428290999965 0 1 
1 0 0 1 -0 
7 0 0  3 4 2  0.32776202149500033 -0.074039428290999965  0.32776202149500033 -0.02040524910799979  0.31199235976399997 0.023524522857000019  0.28027974331800021 0.057576594617000154 
 5 4 6 4
1 -2.6645352591003757e-15 2.7654446657990328e-14 1 0 
7 0 0  3 4 2  0.28027974331800021 0.057576594617000154  0.24856712686900018 0.091628666376000201  0.2064569312579998 0.10869802550200003  0.15394915648399987 0.10869802550200003 
 4 4 5 4
1 -7.9936057773011271e-15 2.7654446657990328e-14 1 0 
7 0 0  3 4 2  0.15394915648399987 0.10869802550200003  0.10369419052999973 0.10869802550200003  0.063663510750999741 0.091628666376000201  0.033683824164000065 0.057576594617000154 
 3 4 4 4
1 -1.7763568394002505e-15 2.7654446657990328e-14 1 0 
7 0 0  3 4 2  0.033683824164000065 0.057576594617000154  0.0037041375760002992 0.023524522857000019  -0.011199059223999441 -0.019192198204999844  -0.011199059223999441 -0.070573568568999878 
 2 4 3 4
1 8.8817841970012523e-16 2.7654446657990328e-14 1 0 
1 -0.011199059223999441 -0.16727105478699977 0 -1 
1 0 0 1 0 
1 0.32776202149500033 -0.16727105478699977 1 0 
1 0 0 1 -0 
1 0.02779186263799982 -0.12351457580800007 1 0 
1 0 0 1 0 
1 0.02779186263799982 -0.072306498431999877 -0 -1 
1 0 0 1 0 
7 0 0  3 4 2  0.059677772071999868 0.025517392195999911  0.038362734786000274 0.00073649518900031907  0.02779186263799982 -0.031929232681999764  0.02779186263799982 -0.072306498431999877 
 5 4 6 4
1 0 2.7654446657990328e-14 1 0 
7 0 0  3 4 2  0.15516220738699982 0.06268873770599992  0.11287871879000022 0.06268873770599992  0.080992809355000084 0.050298289201000213  0.059677772071999868 0.025517392195999911 
 4 4 5 4
1 5.3290705182007514e-15 2.7654446657990328e-14 1 0 
7 0 0  3 4 2  0.25376591645200008 0.02647050362100023  0.2303713633340001 0.050644875175000159  0.1974456959840003 0.06268873770599992  0.15516220738699982 0.06268873770599992 
 3 4 4 4
1 -3.1086244689504383e-15 2.7654446657990328e-14 1 0 
7 0 0  3 4 2  0.28911768560600049 -0.07429936776999968  0.28911768560600049 -0.031236060736000049  0.277333762554 0.0023827785590002648  0.25376591645200008 0.02647050362100023 
 2 4 3 4
1 -2.2204460492503131e-15 2.7654446657990328e-14 1 0 
1 0.28911768560600049 -0.12351457580800007 0 1 
1 0 0 1 0 
1 0 0 0 1 
7 0 0  1 2 2  5 2.7654446657990328e-14  5 0.99999999999997302 
 0 2 0.0099999999999997868 2
1 -0.093231626495999809 0 0 1 
1 0 0 0 1 
7 0 0  1 2 2  5.9999999999999982 2.7654446657990328e-14  6.0000000000000009 0.99999999999997302 
 0 2 0.0099999999999997868 2
7 0 0  1 2 2  3.9999999999999942 2.7654446657990328e-14  3.9999999999999942 0.99999999999997302 
 0 2 0.0099999999999997868 2
7 0 0  1 2 2  4.9999999999999956 2.7654446657990328e-14  4.9999999999999956 0.99999999999997302 
 0 2 0.0099999999999997868 2
7 0 0  1 2 2  2.9999999999999982 2.7654446657990328e-14  2.9999999999999982 0.99999999999997302 
 0 2 0.0099999999999997868 2
7 0 0  1 2 2  3.9999999999999964 2.7654446657990328e-14  3.9999999999999982 0.99999999999997302 
 0 2 0.0099999999999997868 2
7 0 0  1 2 2  2.0000000000000036 2.7654446657990328e-14  2.0000000000000036 0.99999999999997302 
 0 2 0.0099999999999997868 2
7 0 0  1 2 2  3 2.7654446657990328e-14  3 0.99999999999997302 
 0 2 0.0099999999999997868 2
1 -0.096697486217999895 0 0 1 
1 0 0 0 1 
1 -0.33896108071899977 0 0 1 
1 0 0.0099999999999997868 1 0 
1 -0.40042058024099969 2.916936301427 0 -1 
1 0 0 0 1 
7 0 0  1 2 2  6.0000000000000018 2.7654446657990328e-14  6.0000000000000018 0.99999999999997302 
 0 2 0.0099999999999997868 2
1 0.051208077376000194 0 0 1 
1 0 0 0 1 
1 0 0.0099999999999997868 1 0 
1 -0.40042058024099969 2.8657282240509998 -1 0 
1 0.26132582296800067 0 0 1 
1 0 0 0 1 
1 0 0.0099999999999997868 1 0 
1 -0.66174640320900036 2.8657282240509998 0 1 
1 0.049215208038000391 0 0 1 
7 0 0  1 2 2  1.9999999999999978 2.7654446657990328e-14  1.9999999999999978 0.99999999999997302 
 0 2 0.0099999999999997868 2
1 -2.2204460492503131e-15 0.99999999999997302 1 0 
7 0 0  3 4 2  -0.66174640320900036 2.9149434320890002  -0.66174640320900036 2.9580067391229998  -0.64996248015699987 2.9916255784180001  -0.62639463405499995 3.0157133034800001 
 2 4 3 4
7 0 0  1 2 2  2.9999999999999973 2.7654446657990328e-14  3.0000000000000004 0.99999999999997302 
 0 2 0.0099999999999997868 2
7 0 0  1 2 2  3 2.7654446657990328e-14  2.9999999999999969 0.99999999999997302 
 0 2 0.0099999999999997868 2
1 0 0.99999999999997302 1 0 
7 0 0  3 4 2  -0.62639463405499995 3.0157133034800001  -0.60300008093699997 3.039887675034  -0.57007441358700017 3.0519315375649998  -0.52779092498999969 3.0519315375649998 
 3 4 4 4
7 0 0  1 2 2  4.0000000000000027 2.7654446657990328e-14  4.0000000000000027 0.99999999999997302 
 0 2 0.0099999999999997868 2
7 0 0  1 2 2  4.0000000000000053 2.7654446657990328e-14  4.0000000000000053 0.99999999999997302 
 0 2 0.0099999999999997868 2
1 5.3290705182007514e-15 0.99999999999997302 1 0 
7 0 0  3 4 2  -0.52779092498999969 3.0519315375649998  -0.48550743639300009 3.0519315375649998  -0.45362152695799995 3.0395410890600001  -0.43230648967499974 3.0147601920549998 
 4 4 5 4
7 0 0  1 2 2  5.0000000000000036 2.7654446657990328e-14  5.0000000000000107 0.99999999999997302 
 0 2 0.0099999999999997868 2
7 0 0  1 2 2  5 2.7654446657990328e-14  5 0.99999999999997302 
 0 2 0.0099999999999997868 2
1 0 0.99999999999997302 1 0 
7 0 0  3 4 2  -0.43230648967499974 3.0147601920549998  -0.41099145238900014 2.9899792950480002  -0.40042058024099969 2.9573135671770001  -0.40042058024099969 2.916936301427 
 5 4 6 4
1 2.1385703416209996 3.792635495191 0.93451043874173756 -0.35593572436990001 
1 0 0 1 0 
1 2.1385703416209996 3.7458463889570002 0 -1 
1 0 0 1 0 
1 1.7996092609019998 3.6167431143490001 -0.93451043874398665 -0.35593572436399495 
1 0 0 1 -0 
1 1.7996092609019998 3.6650918574559999 0 1 
1 0 0 1 -0 
1 1.8923210084409998 3.6976709388339999 0.94344523308256523 0.33152841835019864 
1 0 0 1 0 
1 1.8923210084409998 3.8388180759749999 0 1 
1 0 0 1 -0 
1 1.7996092609019998 3.8733900266919998 -0.93697534595447307 0.34939547946917643 
1 0 0 1 -0 
1 1.7996092609019998 3.9217387698009998 0 1 
1 0 0 1 -0 
1 1.9306187583590004 3.7115343777179999 0 1 
1 0 0 1 0 
1 2.071505956018 3.762222576139 -0.94095378767609794 -0.3385350343140352 
1 0 0 1 0 
7 0 0  3 4 2  2.0952470951080002 3.7677679516930001  2.0850228089309999 3.7661216683249998  2.0770513315730001 3.764302091971  2.071505956018 3.762222576139 
 3 4 4 4
1 1.865174681370263e-14 2.7654446657990328e-14 1 0 
1 2.0952470951080002 3.7688077096080002 0 -1 
1 0 0 1 0 
7 0 0  3 4 2  2.071505956018 3.7740931456840001  2.0761848666410003 3.7724468623159999  2.0839830510140001 3.7707139324550001  2.0952470951080002 3.7688077096080002 
 1 4 2 4
1 -3.5971225997855072e-14 2.7654446657990328e-14 1 0 
1 1.9306187583590004 3.825301223062 0.93984404177683845 -0.34160383068194128 
1 0 0 1 0 
1 0 0 0 1 
1 -0.046789106233999789 0 0 1 
1 -0.36271513582592263 0 0 1 
1 0 0 0 1 
1 0 0 0 1 
1 -0.36271513582521031 0 0 1 
1 0 0 0 1 
1 -0.04834874310699977 0 0 1 
1 0 0 0 1 
1 -0.098269347586974642 0 0 1 
1 0 0 0 1 
1 -0.14114713714100002 0 0 1 
1 0 0 0 1 
1 -0.098947905021349272 0 0 1 
1 0 0 0 1 
1 -0.048348743108999948 0 0 1 
1 0 0.0099999999999997868 1 0 
1 -0.56938124164099957 3.2115343777179999 0 1 
1 0 0 0 1 
1 0.14972807326407711 0 0 1 
1 0.11376684534400017 0 0 1 
1 0 0 0 1 
1 0 0.0099999999999997868 1 0 
1 -0.56938124164099957 3.325301223062 0.93984404177683845 -0.34160383068194128 
1 0.14990486867662872 0 0 1 
7 0 0  1 2 2  0.99999999999995415 2.7654446657990328e-14  0.99999999999996403 0.99999999999997302 
 0 2 0.0099999999999997868 2
1 -4.5852210917018965e-14 0.99999999999997302 1 0 
7 0 0  3 4 2  -0.42849404398199997 3.2740931456840001  -0.42381513335899967 3.2724468623159999  -0.41601694898599995 3.2707139324550001  -0.40475290489199978 3.2688077096080002 
 1 4 2 4
7 0 0  1 2 2  1.999999999999974 2.7654446657990328e-14  1.999999999999974 0.99999999999997302 
 0 2 0.0099999999999997868 2
1 0 0 0 1 
1 0 0.0099999999999997868 1 0 
1 -0.40475290489199978 3.2688077096080002 0 -1 
1 0.0010397579150001057 0 0 1 
7 0 0  1 2 2  3.0000000000000187 2.7654446657990328e-14  3.0000000000000187 0.99999999999997302 
 0 2 0.0099999999999997868 2
1 1.865174681370263e-14 0.99999999999997302 1 0 
7 0 0  3 4 2  -0.40475290489199978 3.2677679516930001  -0.41497719106900011 3.2661216683249998  -0.42294866842699985 3.264302091971  -0.42849404398199997 3.262222576139 
 3 4 4 4
7 0 0  1 2 2  4.0000000000000426 2.7654446657990328e-14  4.0000000000000515 0.99999999999997302 
 0 2 0.0099999999999997868 2
1 0 0 0 1 
1 0 0.0099999999999997868 1 0 
1 -0.42849404398199997 3.262222576139 -0.94095378767609794 -0.3385350343140352 
1 0 0 0 1 
1 -0.13854774235000011 0 0 1 
1 0 0 1 0 
1 1.3005254610699999 2.743693050613 1 -0 
1 -0.038644335889999937 0 0 1 
1 0 0 0 1 
1 0 0 0 1 
1 -0.11402678482200024 0 0 1 
1 0 0 1 0 
1 1.3005254610699999 2.6051453082629998 0 -1 
1 0 0 0 1 
1 -0.12121844374500013 0 0 1 
1 0 0 1 0 
1 1.4145522458920001 2.6051453082629998 1 -0 
1 0 0 0 1 
1 -0.038817628876000043 0 0 1 
1 0 0 1 -0 
1 1.4145522458920001 2.726363752008 0 1 
1 0 0 0 1 
1 -0.12121844374500013 0 0 1 
1 0 0 1 0 
1 1.4533698747680002 2.726363752008 1 -0 
1 0 0 0 1 
1 -0.10848140926999994 0 0 1 
1 0 0 1 0 
1 1.4533698747680002 2.6051453082629998 0 -1 
1 0 0 0 1 
1 -0.13083620446999999 0 0 1 
1 0 0 1 0 
1 1.5618512840380001 2.6051453082629998 1 -0 
1 0 0 0 1 
1 -0.038990921861000061 0 0 1 
1 0 0 1 -0 
1 1.5618512840380001 2.7359815127329998 0 1 
1 0 0 0 1 
1 -0.17459268344800005 0 0 1 
1 0 0 1 0 
1 1.6008422058990002 2.7359815127329998 1 -0 
1 0 0 0 1 
1 -0.33896108071900022 0 0 1 
1 0 0 1 0 
1 1.6008422058990002 2.5613888292849998 0 -1 
1 0 0 0 1 
1 -0.18230422132800017 0 0 1 
1 0 0 1 -0 
1 1.26188112518 2.5613888292849998 -1 0 
1 0 0 1 -0 
1 1.26188112518 2.743693050613 0 1 
7 0 0  3 4 2  -0.0056103604239998717 0.044503804981000261  -0.0056103604239998717 0.012964481520000071  0.0018412379770005316 -0.014849042741999607  0.016917727763000379 -0.038850121310999963 
 0 4 1 4
1 -3.6374166087392808e-15 2.7654446657990328e-14 1 0 
1 0.058161458445000314 -0.038850121310999963 1 0 
1 0 0 1 -0 
7 0 0  3 4 2  0.058161458445000314 -0.038850121310999963  0.038752644006000203 -0.014935689234999661  0.02887494380100053 0.011491491138000409  0.02887494380100053 0.040518066302000388 
 12 4 13 4
1 0 2.7654446657990328e-14 1 0 
7 0 0  3 4 2  0.02887494380100053 0.040518066302000388  0.02887494380100053 0.073183794173000027  0.048630344212000409 0.089559981355000318  0.088141145030000256 0.089559981355000318 
 11 4 12 4
1 0 2.7654446657990328e-14 1 0 
1 0.098192138222000569 0.017816685128000387 0.13874168848202378 -0.9903286039881698 
1 0 0 1 -0 
7 0 0  3 4 2  0.098192138222000569 0.017816685128000387  0.10564373662300053 -0.035730847560999646  0.13198427050300054 -0.062504613907000017  0.17721373986200062 -0.062504613907000017 
 9 4 10 4
1 1.7763568394002505e-15 2.7654446657990328e-14 1 0 
7 0 0  3 4 2  0.17721373986200062 -0.062504613907000017  0.19887536311900034 -0.062504613907000017  0.2160313687400004 -0.055572894464999578  0.22868175672100044 -0.041709455579999943 
 8 4 9 4
1 1.7763568394002505e-15 2.7654446657990328e-14 1 0 
7 0 0  3 4 2  0.22868175672100044 -0.041709455579999943  0.24133214470200048 -0.027846016695999953  0.2477439851860006 -0.0092170206949999667  0.2477439851860006 0.014264178915000425 
 7 4 8 4
1 1.7763568394002505e-15 2.7654446657990328e-14 1 0 
7 0 0  3 4 2  0.2477439851860006 0.014264178915000425  0.2477439851860006 0.046929906786000064  0.23336066734400029 0.071710803792000011  0.20459403165900047 0.088433576945000425 
 6 4 7 4
1 -1.7763568394002505e-15 2.7654446657990328e-14 1 0 
1 0.20459403165900047 0.089559981355000318 0 1 
1 0 0 1 -0 
1 0.24202531664600047 0.089559981355000318 1 0 
1 0 0 1 -0 
1 0.24202531664600047 0.13201676293800002 0 1 
1 0 0 1 -0 
1 0.086234922186000595 0.13201676293800002 -1 0 
1 0 0 1 0 
7 0 0  3 4 2  0.086234922186000595 0.13201676293800002  0.024889205122000213 0.13201676293800002  -0.0056103604239998717 0.10281689478700029  -0.0056103604239998717 0.044503804981000261 
 1 4 2 4
1 2.2204460492503131e-16 2.7654446657990328e-14 1 0 
7 0 0  3 4 2  0.14307502161100061 -0.0081772627789997721  0.15035332702400028 -0.015628861179999731  0.16057761320100061 -0.019441306871999853  0.17374788014200027 -0.019441306871999853 
 1 4 2 4
1 -2.1094237467877974e-15 2.7654446657990328e-14 1 0 
7 0 0  3 4 2  0.12817182480900025 0.032893174915000323  0.13094451258800044 0.013051128013000124  0.13579671619600031 -0.00063901788599984854  0.14307502161100061 -0.0081772627789997721 
 0 4 1 4
1 -8.9362040223805893e-15 2.7654446657990328e-14 1 0 
1 0.12054693342200062 0.089559981355000318 0.13335476489396766 -0.9910683662997597 
1 0 0 1 0 
1 0.14376819355500059 0.089559981355000318 -1 0 
1 0 0 1 0 
7 0 0  3 4 2  0.1931566945790002 0.071364217819000153  0.18015972062600039 0.083494726843000411  0.16369688695100049 0.089559981355000318  0.14376819355500059 0.089559981355000318 
 5 4 6 4
1 -4.4408920985006262e-15 2.7654446657990328e-14 1 0 
7 0 0  3 4 2  0.21291209499000052 0.025268283529000346  0.21291209499000052 0.043897279530000333  0.2063269615200003 0.059320355288000393  0.1931566945790002 0.071364217819000153 
 4 4 5 4
1 2.6645352591003757e-15 2.7654446657990328e-14 1 0 
7 0 0  3 4 2  0.20199463686900021 -0.0071375048629995774  0.20927294228200033 0.0010072654820003635  0.21291209499000052 0.011838077109000089  0.21291209499000052 0.025268283529000346 
 3 4 4 4
1 6.6613381477509392e-15 2.7654446657990328e-14 1 0 
7 0 0  3 4 2  0.17374788014200027 -0.019441306871999853  0.18535851020600047 -0.019441306871999853  0.19471633145400036 -0.015368921699999927  0.20199463686900021 -0.0071375048629995774 
 2 4 3 4
1 1.3766765505351941e-14 2.7654446657990328e-14 1 0 
7 0 0  1 2 2  -3.6374166087392808e-15 2.7654446657990328e-14  -3.6374166087392808e-15 0.99999999999997302 
 0 2 0.0099999999999997868 2
7 0 0  1 2 2  1.9999999999999989 2.7654446657990328e-14  1.9999999999999989 0.99999999999997302 
 0 2 0.0099999999999997868 2
7 0 0  1 2 2  0.99999999999999933 2.7654446657990328e-14  0.99999999999999933 0.99999999999997302 
 0 2 0.0099999999999997868 2
1 -0.041243730681999935 0 0 1 
1 0 0 0 1 
7 0 0  1 2 2  11.999999999999996 2.7654446657990328e-14  11.999999999999996 0.99999999999997302 
 0 2 0.0099999999999997868 2
7 0 0  1 2 2  12.999999999999998 2.7654446657990328e-14  12.999999999999998 0.99999999999997302 
 0 2 0.0099999999999997868 2
7 0 0  1 2 2  11 2.7654446657990328e-14  11 0.99999999999997302 
 0 2 0.0099999999999997868 2
7 0 0  1 2 2  11.999999999999996 2.7654446657990328e-14  12 0.99999999999997302 
 0 2 0.0099999999999997868 2
1 -0.072443930164374226 0 0 1 
1 0 0 0 1 
7 0 0  1 2 2  9 2.7654446657990328e-14  9 0.99999999999997302 
 0 2 0.0099999999999997868 2
7 0 0  1 2 2  9.9999999999999982 2.7654446657990328e-14  9.9999999999999982 0.99999999999997302 
 0 2 0.0099999999999997868 2
7 0 0  1 2 2  8.0000000000000018 2.7654446657990328e-14  8.0000000000000018 0.99999999999997302 
 0 2 0.0099999999999997868 2
7 0 0  1 2 2  8.9999999999999982 2.7654446657990328e-14  8.9999999999999982 0.99999999999997302 
 0 2 0.0099999999999997868 2
7 0 0  1 2 2  7.000000000000008 2.7654446657990328e-14  7.000000000000008 0.99999999999997302 
 0 2 0.0099999999999997868 2
7 0 0  1 2 2  8 2.7654446657990328e-14  8 0.99999999999997302 
 0 2 0.0099999999999997868 2
7 0 0  1 2 2  5.9999999999999982 2.7654446657990328e-14  5.9999999999999982 0.99999999999997302 
 0 2 0.0099999999999997868 2
7 0 0  1 2 2  7 2.7654446657990328e-14  6.9999999999999982 0.99999999999997302 
 0 2 0.0099999999999997868 2
1 -0.0011264044099998927 0 0 1 
1 0 0 0 1 
1 -0.037431284986999991 0 0 1 
1 0 0 0 1 
1 -0.042456781582999703 0 0 1 
1 0 0 0 1 
1 -0.15579039445999987 0 0 1 
1 0 0 0 1 
7 0 0  1 2 2  1.0000000000000002 2.7654446657990328e-14  1.0000000000000002 0.99999999999997302 
 0 2 0.0099999999999997868 2
1 -8.9362040223805893e-15 0.99999999999997302 1 0 
7 0 0  3 4 2  -1.1242653829829998 2.3797280446640001  -1.127038070762 2.3598859977619999  -1.1318902743699999 2.3461958518629999  -1.1391685797850002 2.33865760697 
 0 4 1 4
7 0 0  1 2 2  -8.9362040223805893e-15 2.7654446657990328e-14  -8.9362040223805893e-15 0.99999999999997302 
 0 2 0.0099999999999997868 2
1 0.057177494880171043 0 0 1 
7 0 0  1 2 2  0.99999999999998823 2.7654446657990328e-14  0.99999999999998823 0.99999999999997302 
 0 2 0.0099999999999997868 2
7 0 0  1 2 2  1.0000000000000078 2.7654446657990328e-14  0.99999999999999789 0.99999999999997302 
 0 2 0.0099999999999997868 2
1 7.7715611723760958e-15 0.99999999999997302 1 0 
7 0 0  3 4 2  -1.1391685797850002 2.33865760697  -1.1464468851979999 2.3312060085690001  -1.1566711713750002 2.3273935628769999  -1.1698414383159998 2.3273935628769999 
 1 4 2 4
7 0 0  1 2 2  1.9999999999999947 2.7654446657990328e-14  1.9999999999999947 0.99999999999997302 
 0 2 0.0099999999999997868 2
7 0 0  1 2 2  2.0000000000000138 2.7654446657990328e-14  2.0000000000000138 0.99999999999997302 
 0 2 0.0099999999999997868 2
1 1.3766765505351941e-14 0.99999999999997302 1 0 
7 0 0  3 4 2  -1.1698414383159998 2.3273935628769999  -1.1814520683800001 2.3273935628769999  -1.1908098896279999 2.3314659480489999  -1.1980881950429998 2.3396973648860002 
 2 4 3 4
7 0 0  1 2 2  3.000000000000004 2.7654446657990328e-14  3.000000000000004 0.99999999999997302 
 0 2 0.0099999999999997868 2
7 0 0  1 2 2  3.0000000000000067 2.7654446657990328e-14  3.0000000000000067 0.99999999999997302 
 0 2 0.0099999999999997868 2
1 6.6613381477509392e-15 0.99999999999997302 1 0 
7 0 0  3 4 2  -1.1980881950429998 2.3396973648860002  -1.2053665004559999 2.3478421352310002  -1.2090056531640001 2.3586729468579999  -1.2090056531640001 2.3721031532780001 
 3 4 4 4
7 0 0  1 2 2  4.0000000000000089 2.7654446657990328e-14  4.0000000000000089 0.99999999999997302 
 0 2 0.0099999999999997868 2
7 0 0  1 2 2  4.0000000000000027 2.7654446657990328e-14  4.0000000000000027 0.99999999999997302 
 0 2 0.0099999999999997868 2
1 2.6645352591003757e-15 0.99999999999997302 1 0 
7 0 0  3 4 2  -1.2090056531640001 2.3721031532780001  -1.2090056531640001 2.3907321492790001  -1.2024205196939999 2.4061552250370002  -1.1892502527529998 2.4181990875679999 
 4 4 5 4
7 0 0  1 2 2  4.9999999999999991 2.7654446657990328e-14  4.9999999999999991 0.99999999999997302 
 0 2 0.0099999999999997868 2
7 0 0  1 2 2  5.0000000000000018 2.7654446657990328e-14  4.9999999999999956 0.99999999999997302 
 0 2 0.0099999999999997868 2
1 1.7763568394002505e-15 0.99999999999997302 1 0 
7 0 0  3 4 2  -1.1892502527529998 2.4181990875679999  -1.1762532788 2.4303295965920002  -1.1597904451250001 2.4363948511040001  -1.1398617517290002 2.4363948511040001 
 5 4 6 4
7 0 0  1 2 2  5.999999999999992 2.7654446657990328e-14  5.999999999999992 0.99999999999997302 
 0 2 0.0099999999999997868 2
1 0 0 0 1 
1 0 0.0099999999999997868 1 0 
1 -1.1398617517290002 2.4363948511040001 1 0 
1 0.023221260132999966 0 0 1 
1 0 0 0 1 
1 0 0.0099999999999997868 1 0 
1 -1.1166404915960002 2.4363948511040001 -0.13335476489396766 -0.9910683662997597 
7 0 0  1 2 2  2.5801395858137189e-15 2.7654446657990328e-14  2.5801395858137189e-15 0.99999999999997302 
 0 2 0.0099999999999997868 2
7 0 0  1 2 2  2 2.7654446657990328e-14  2 0.99999999999997302 
 0 2 0.0099999999999997868 2
1 2.5801395858137189e-15 2.7654446657990328e-14 1 0 
7 0 0  3 4 2  -0.0058486382790001734 0.036153249215999939  -0.0058486382790001734 0.011199059224000329  0.0019495460929999098 -0.012022200906999903  0.017545914835999987 -0.033683824164000065 
 0 4 1 4
7 0 0  1 2 2  1.0000000000000009 2.7654446657990328e-14  1.0000000000000009 0.99999999999997302 
 0 2 0.0099999999999997868 2
1 -0.043843125468999933 0 0 1 
1 0 0 0 1 
7 0 0  1 2 2  19.000000000000004 2.7654446657990328e-14  19.000000000000004 0.99999999999997302 
 0 2 0.0099999999999997868 2
1 0 0 1 -0 
1 -0.026297210632999946 -0.033683824164000065 -1 0 
1 3.5527136788005009e-15 2.7654446657990328e-14 1 0 
7 0 0  3 4 2  -0.026297210632999946 -0.033683824164000065  -0.035655031880999832 -0.014968181670000025  -0.040507235490000237 0.0068667345730002438  -0.040507235490000237 0.031994217550999959 
 19 4 20 4
7 0 0  1 2 2  20.000000000000007 2.7654446657990328e-14  20.000000000000007 0.99999999999997302 
 0 2 0.0099999999999997868 2
7 0 0  1 2 2  17.999999999999993 2.7654446657990328e-14  17.999999999999993 0.99999999999997302 
 0 2 0.0099999999999997868 2
1 -7.1054273576010019e-15 2.7654446657990328e-14 1 0 
7 0 0  3 4 2  -0.040507235490000237 0.031994217550999959  -0.040507235490000237 0.060847499728000187  -0.034095395006000118 0.084415345831000188  -0.021271714038999967 0.1025244628740003 
 18 4 19 4
7 0 0  1 2 2  18.999999999999993 2.7654446657990328e-14  18.999999999999993 0.99999999999997302 
 0 2 0.0099999999999997868 2
7 0 0  1 2 2  17.000000000000007 2.7654446657990328e-14  17.000000000000007 0.99999999999997302 
 0 2 0.0099999999999997868 2
1 0 2.7654446657990328e-14 1 0 
7 0 0  3 4 2  -0.021271714038999967 0.1025244628740003  -0.0086213260550001003 0.12072022640899993  0.0088812655339998159 0.12981810817700001  0.031062767748999853 0.12981810817700001 
 17 4 18 4
7 0 0  1 2 2  18.000000000000007 2.7654446657990328e-14  18.000000000000007 0.99999999999997302 
 0 2 0.0099999999999997868 2
7 0 0  1 2 2  16.000000000000007 2.7654446657990328e-14  16.000000000000007 0.99999999999997302 
 0 2 0.0099999999999997868 2
1 7.1054273576010019e-15 2.7654446657990328e-14 1 0 
7 0 0  3 4 2  0.031062767748999853 0.12981810817700001  0.047005722466999966 0.12981810817700001  0.06034928239400017 0.12505255106000002  0.071093447527999842 0.11560808332100025 
 16 4 17 4
7 0 0  1 2 2  17.000000000000007 2.7654446657990328e-14  17.000000000000007 0.99999999999997302 
 0 2 0.0099999999999997868 2
7 0 0  1 2 2  15.000000000000016 2.7654446657990328e-14  15.000000000000016 0.99999999999997302 
 0 2 0.0099999999999997868 2
1 1.5987211554602254e-14 2.7654446657990328e-14 1 0 
7 0 0  3 4 2  0.071093447527999842 0.11560808332100025  0.081837612663000048 0.10607696908799991  0.092408484811000058 0.087881205553000274  0.10245947800299993 0.060847499728000187 
 15 4 16 4
7 0 0  1 2 2  16.000000000000004 2.7654446657990328e-14  16.000000000000007 0.99999999999997302 
 0 2 0.0099999999999997868 2
7 0 0  1 2 2  13.999999999999995 2.7654446657990328e-14  13.999999999999995 0.99999999999997302 
 0 2 0.0099999999999997868 2
1 -5.3290705182007514e-15 2.7654446657990328e-14 1 0 
7 0 0  3 4 2  0.10245947800299993 0.060847499728000187  0.11077754133299988 0.039532462443000238  0.11770926077599997 0.025842316545999999  0.12325463633100009 0.019603769047000341 
 14 4 15 4
7 0 0  1 2 2  14.999999999999991 2.7654446657990328e-14  14.999999999999991 0.99999999999997302 
 0 2 0.0099999999999997868 2
7 0 0  1 2 2  13.000000000000004 2.7654446657990328e-14  13.000000000000004 0.99999999999997302 
 0 2 0.0099999999999997868 2
1 1.7763568394002505e-14 2.7654446657990328e-14 1 0 
7 0 0  3 4 2  0.12325463633100009 0.019603769047000341  0.12862671889699984 0.013451868041999937  0.1360783172979998 0.010332594293000152  0.14578272451699981 0.010332594293000152 
 13 4 14 4
7 0 0  1 2 2  14.000000000000004 2.7654446657990328e-14  14.000000000000004 0.99999999999997302 
 0 2 0.0099999999999997868 2
7 0 0  1 2 2  11.999999999999993 2.7654446657990328e-14  11.999999999999993 0.99999999999997302 
 0 2 0.0099999999999997868 2
1 -7.1054273576010019e-15 2.7654446657990328e-14 1 0 
7 0 0  3 4 2  0.14578272451699981 0.010332594293000152  0.15548713173400008 0.010332594293000152  0.16345860909299992 0.014664918945999972  0.16935057061900016 0.02324292175500009 
 12 4 13 4
7 0 0  1 2 2  13.000000000000002 2.7654446657990328e-14  12.999999999999998 0.99999999999997302 
 0 2 0.0099999999999997868 2
7 0 0  1 2 2  11.000000000000012 2.7654446657990328e-14  11.000000000000012 0.99999999999997302 
 0 2 0.0099999999999997868 2
1 8.8817841970012523e-15 2.7654446657990328e-14 1 0 
7 0 0  3 4 2  0.16935057061900016 0.02324292175500009  0.17541582513100007 0.031820924564000208  0.17836180589499984 0.042998322165000324  0.17836180589499984 0.056688468063000208 
 11 4 12 4
7 0 0  1 2 2  12.000000000000002 2.7654446657990328e-14  12.000000000000002 0.99999999999997302 
 0 2 0.0099999999999997868 2
7 0 0  1 2 2  10.000000000000005 2.7654446657990328e-14  10.000000000000005 0.99999999999997302 
 0 2 0.0099999999999997868 2
1 5.3290705182007514e-15 2.7654446657990328e-14 1 0 
7 0 0  3 4 2  0.17836180589499984 0.056688468063000208  0.17836180589499984 0.07964978871500028  0.17246984436900004 0.10009836106900005  0.1608592143030001 0.11820747811200016 
 10 4 11 4
7 0 0  1 2 2  11 2.7654446657990328e-14  11 0.99999999999997302 
 0 2 0.0099999999999997868 2
1 -0.041243730679999757 0 0 1 
1 0 0 0 1 
7 0 0  1 2 2  7.9999999999999876 2.7654446657990328e-14  7.9999999999999876 0.99999999999997302 
 0 2 0.0099999999999997868 2
1 0 0 1 0 
1 0.20210294498299985 0.11820747811200016 1 -0 
1 -1.1546319456101628e-14 2.7654446657990328e-14 1 0 
7 0 0  3 4 2  0.20210294498299985 0.11820747811200016  0.20938125039799971 0.10053159353400032  0.21284711012000024 0.081469365068000066  0.21284711012000024 0.060847499728000187 
 8 4 9 4
7 0 0  1 2 2  8.9999999999999964 2.7654446657990328e-14  8.9999999999999964 0.99999999999997302 
 0 2 0.0099999999999997868 2
7 0 0  1 2 2  7.0000000000000053 2.7654446657990328e-14  7.0000000000000053 0.99999999999997302 
 0 2 0.0099999999999997868 2
1 5.3290705182007514e-15 2.7654446657990328e-14 1 0 
7 0 0  3 4 2  0.21284711012000024 0.060847499728000187  0.21284711012000024 0.034333672862000064  0.20643526963599967 0.01197887766099992  0.19361158866600015 -0.0062168858739997113 
 7 4 8 4
7 0 0  1 2 2  8.0000000000000036 2.7654446657990328e-14  8.0000000000000018 0.99999999999997302 
 0 2 0.0099999999999997868 2
7 0 0  1 2 2  6.0000000000000044 2.7654446657990328e-14  6.0000000000000044 0.99999999999997302 
 0 2 0.0099999999999997868 2
1 4.4408920985006262e-15 2.7654446657990328e-14 1 0 
7 0 0  3 4 2  0.19361158866600015 -0.0062168858739997113  0.18061461471299989 -0.024326002916999823  0.16345860909299992 -0.033423884684999905  0.14197027882400004 -0.033423884684999905 
 6 4 7 4
7 0 0  1 2 2  7.0000000000000018 2.7654446657990328e-14  7.0000000000000018 0.99999999999997302 
 0 2 0.0099999999999997868 2
7 0 0  1 2 2  4.9999999999999973 2.7654446657990328e-14  4.9999999999999973 0.99999999999997302 
 0 2 0.0099999999999997868 2
1 -2.6645352591003757e-15 2.7654446657990328e-14 1 0 
7 0 0  3 4 2  0.14197027882400004 -0.033423884684999905  0.12706708202200012 -0.033423884684999905  0.11424340105499997 -0.029438146004999943  0.10367252890599987 -0.0213800221539997 
 5 4 6 4
7 0 0  1 2 2  6 2.7654446657990328e-14  5.9999999999999911 0.99999999999997302 
 0 2 0.0099999999999997868 2
7 0 0  1 2 2  4.0000000000000027 2.7654446657990328e-14  4.0000000000000027 0.99999999999997302 
 0 2 0.0099999999999997868 2
1 2.6645352591003757e-15 2.7654446657990328e-14 1 0 
7 0 0  3 4 2  0.10367252890599987 -0.0213800221539997  0.093101656756999773 -0.013408544794999866  0.082357491619999834 0.004094046796000228  0.071613326486000162 0.030867813141000067 
 4 4 5 4
7 0 0  1 2 2  5.0000000000000018 2.7654446657990328e-14  5.0000000000000018 0.99999999999997302 
 0 2 0.0099999999999997868 2
7 0 0  1 2 2  3.0000000000000018 2.7654446657990328e-14  3.0000000000000018 0.99999999999997302 
 0 2 0.0099999999999997868 2
1 1.7763568394002505e-15 2.7654446657990328e-14 1 0 
7 0 0  3 4 2  0.071613326486000162 0.030867813141000067  0.063295263155000114 0.053222608342000211  0.056016957739999818 0.068039158649000342  0.049951703227999911 0.075317464063000106 
 3 4 4 4
7 0 0  1 2 2  4.0000000000000036 2.7654446657990328e-14  4.0000000000000036 0.99999999999997302 
 0 2 0.0099999999999997868 2
7 0 0  1 2 2  1.9999999999999925 2.7654446657990328e-14  1.9999999999999925 0.99999999999997302 
 0 2 0.0099999999999997868 2
1 2.6645352591003757e-15 2.7654446657990328e-14 1 0 
7 0 0  3 4 2  0.049951703227999911 0.075317464063000106  0.043886448717000093 0.082595769477999958  0.036261557331999761 0.086234922185000062  0.026903736083999874 0.086234922185000062 
 2 4 3 4
7 0 0  1 2 2  3.0000000000000009 2.7654446657990328e-14  3.0000000000000009 0.99999999999997302 
 0 2 0.0099999999999997868 2
7 0 0  1 2 2  1 2.7654446657990328e-14  1 0.99999999999997302 
 0 2 0.0099999999999997868 2
1 0 2.7654446657990328e-14 1 0 
7 0 0  3 4 2  0.026903736083999874 0.086234922185000062  0.0050688198410000496 0.086234922185000062  -0.0058486382790001734 0.069512149031000003  -0.0058486382790001734 0.036153249215999939 
 1 4 2 4
1 0 0 0 1 
1 -0.19392145236592975 0 0 1 
1 0 0 1 0 
1 -0.33675159514700015 0.10277357154300004 0 -1 
1 -0.044016418455000039 0 0 1 
1 0 0 0 1 
1 0 0 0 1 
7 0 0  1 2 2  12 2.7654446657990328e-14  12 0.99999999999997302 
 0 2 0.0099999999999997868 2
1 0 0 1 -0 
1 -0.15444737381899998 0.036662297363000196 0.94009311039982801 -0.34091779621893759 
1 0 2.7654446657990328e-14 1 0 
7 0 0  3 4 2  -0.15444737381899998 0.036662297363000196  -0.14595601750299991 0.034062902571999842  -0.13937088403399978 0.032329972708999843  -0.13486526639499985 0.031463507779999844 
 12 4 13 4
7 0 0  1 2 2  13.000000000000014 2.7654446657990328e-14  13.000000000000014 0.99999999999997302 
 0 2 0.0099999999999997868 2
1 -0.0011264044079997149 0 0 1 
1 0 0 0 1 
1 -0.020595636275679889 0 0 1 
1 0 0 1 0 
1 -0.13486526639499985 0.030337103372000129 0 -1 
1 0 0 0 1 
1 -0.19263797384335299 0 0 1 
1 0 0 1 0 
1 -0.15479395979100019 0.025138313789000222 -0.96761727238613948 -0.25242189718803637 
1 0 0 0 1 
1 -0.047482278179000303 0 0 1 
1 0 0 1 0 
1 -0.33675159514700015 -0.038113626118999822 -0.94455746042924205 -0.32834616481308415 
1 0 0 0 1 
1 -0.25956605328595933 0 0 1 
1 0 0 1 0 
1 -0.33675159514700015 -0.085595904298000125 0 -1 
1 0 0 0 1 
1 -0.047796282134440496 0 0 1 
1 0 0 1 -0 
1 -0.095181172589999807 0.0093686520589999489 0.93067032263590699 0.36585892166896344 
1 0 0 0 1 
7 0 0  1 2 2  4.9999999999999938 2.7654446657990328e-14  4.9999999999999938 0.99999999999997302 
 0 2 0.0099999999999997868 2
1 0 0 1 -0 
1 -0.051164754131999945 -0.0092603439420000377 0.92091720301739921 -0.38975826506516897 
1 -6.2172489379008766e-15 2.7654446657990328e-14 1 0 
7 0 0  3 4 2  -0.051164754131999945 -0.0092603439420000377  -0.028290079974000015 -0.018878104667999995  -0.017026035879000201 -0.033348069002999914  -0.017026035879000201 -0.052756883442000024 
 5 4 6 4
7 0 0  1 2 2  6.0000000000000018 2.7654446657990328e-14  6.0000000000000018 0.99999999999997302 
 0 2 0.0099999999999997868 2
7 0 0  1 2 2  3.9999999999999938 2.7654446657990328e-14  3.9999999999999938 0.99999999999997302 
 0 2 0.0099999999999997868 2
1 -6.2172489379008766e-15 2.7654446657990328e-14 1 0 
7 0 0  3 4 2  -0.017026035879000201 -0.052756883442000024  -0.017026035879000201 -0.060555067813000019  -0.018585672753999916 -0.068526545171999853  -0.021878239489999896 -0.076844608501999812 
 4 4 5 4
7 0 0  1 2 2  5.0000000000000009 2.7654446657990328e-14  5.0000000000000009 0.99999999999997302 
 0 2 0.0099999999999997868 2
1 -0.037777870959999849 0 0 1 
1 0 0 0 1 
7 0 0  1 2 2  1.9999999999999925 2.7654446657990328e-14  1.9999999999999925 0.99999999999997302 
 0 2 0.0099999999999997868 2
1 0 0 1 -0 
1 0.015899631469999953 -0.076844608501999812 1 0 
1 -1.2878587085651816e-14 2.7654446657990328e-14 1 0 
7 0 0  3 4 2  0.015899631469999953 -0.076844608501999812  0.018152440289000094 -0.069306363608999888  0.019365491192000039 -0.060121835348000197  0.019365491192000039 -0.049464316706000044 
 2 4 3 4
7 0 0  1 2 2  2.9999999999999942 2.7654446657990328e-14  2.9999999999999942 0.99999999999997302 
 0 2 0.0099999999999997868 2
7 0 0  1 2 2  0.999999999999997 2.7654446657990328e-14  0.999999999999997 0.99999999999997302 
 0 2 0.0099999999999997868 2
1 -2.9976021664879227e-15 2.7654446657990328e-14 1 0 
7 0 0  3 4 2  0.019365491192000039 -0.049464316706000044  0.019365491192000039 -0.012292971198000213  -0.0064551637300001019 0.01647366448700005  -0.058096473575000029 0.036922236840999823 
 1 4 2 4
7 0 0  1 2 2  1.9999999999999991 2.7654446657990328e-14  1.9999999999999991 0.99999999999997302 
 0 2 0.0099999999999997868 2
1 -0.29953230203447806 0 0 1 
1 0 0 1 0 
1 -0.33675159514700015 0.14678998999800008 -0.9303007377811332 0.36679767895105259 
1 0 0 0 1 
1 -0.13854774234799994 0 0 1 
1 0 0 1 0 
1 1.3005254610699999 3.6824211560619999 1 -0 
1 -0.038644335889999937 0 0 1 
1 0 0 0 1 
1 0 0 0 1 
1 -0.11402678482200024 0 0 1 
1 0 0 1 0 
1 1.3005254610699999 3.543873413714 0 -1 
1 0 0 0 1 
1 -0.12121844374199986 0 0 1 
1 0 0 1 0 
1 1.4145522458920001 3.543873413714 1 -0 
1 0 0 0 1 
1 -0.038817628876000043 0 0 1 
1 0 0 1 -0 
1 1.4145522458920001 3.6650918574559999 0 1 
1 0 0 0 1 
1 -0.12121844374199986 0 0 1 
1 0 0 1 0 
1 1.4533698747680002 3.6650918574559999 1 -0 
1 0 0 0 1 
1 -0.10848140926999994 0 0 1 
1 0 0 1 0 
1 1.4533698747680002 3.543873413714 0 -1 
1 0 0 0 1 
1 -0.13083620446799982 0 0 1 
1 0 0 1 0 
1 1.5618512840380001 3.543873413714 1 -0 
1 0 0 0 1 
1 -0.038990921861000061 0 0 1 
1 0 0 1 -0 
1 1.5618512840380001 3.6747096181819998 0 1 
1 0 0 0 1 
1 -0.17459268344799961 0 0 1 
1 0 0 1 0 
1 1.6008422058990002 3.6747096181819998 1 -0 
1 0 0 0 1 
1 -0.33896108071900022 0 0 1 
1 0 0 1 0 
1 1.6008422058990002 3.5001169347340002 0 -1 
1 0 0 0 1 
1 -0.18230422132799973 0 0 1 
1 0 0 1 -0 
1 1.26188112518 3.5001169347340002 -1 0 
1 0 0 1 -0 
1 1.26188112518 3.6824211560619999 0 1 
1 0.32776202149499989 -0.074039428289999876 0 1 
1 0 0 1 -0 
7 0 0  3 4 2  0.32776202149499989 -0.074039428289999876  0.32776202149499989 -0.02040524910799979  0.3119923597659997 0.023524522858000108  0.28027974331699967 0.057576594614999976 
 5 4 6 4
1 2.6645352591003757e-15 2.7654446657990328e-14 1 0 
7 0 0  3 4 2  0.28027974331699967 0.057576594614999976  0.24856712686899973 0.091628666375000112  0.20645693125999998 0.10869802550300012  0.15394915648499996 0.10869802550300012 
 4 4 5 4
1 3.5527136788005009e-15 2.7654446657990328e-14 1 0 
7 0 0  3 4 2  0.15394915648499996 0.10869802550300012  0.10369419052999973 0.10869802550300012  0.063663510750999741 0.091628666375000112  0.033683824162999976 0.057576594614999976 
 3 4 4 4
1 4.4408920985006262e-16 2.7654446657990328e-14 1 0 
7 0 0  3 4 2  0.033683824162999976 0.057576594614999976  0.0037041375779995889 0.023524522858000108  -0.011199059224000329 -0.019192198207000022  -0.011199059224000329 -0.070573568569999967 
 2 4 3 4
1 4.4408920985006262e-15 2.7654446657990328e-14 1 0 
1 -0.011199059224000329 -0.16727105478600013 0 -1 
1 0 0 1 0 
1 0.32776202149499989 -0.16727105478600013 1 0 
1 0 0 1 -0 
1 0.027791862636999731 -0.12351457580900016 1 0 
1 0 0 1 0 
1 0.027791862636999731 -0.072306498430999788 -0 -1 
1 0 0 1 0 
7 0 0  3 4 2  0.059677772070999779 0.025517392194999822  0.038362734787999564 0.00073649518999996388  0.027791862636999731 -0.031929232681000119  0.027791862636999731 -0.072306498430999788 
 5 4 6 4
1 3.5527136788005009e-15 2.7654446657990328e-14 1 0 
7 0 0  3 4 2  0.15516220738599973 0.062688737702000008  0.11287871878899969 0.062688737702000008  0.080992809357000262 0.050298289200000124  0.059677772070999779 0.025517392194999822 
 4 4 5 4
1 -1.3322676295501878e-15 2.7654446657990328e-14 1 0 
7 0 0  3 4 2  0.253765916451 0.026470503619000052  0.23037136333300001 0.05064487517400007  0.19744569598399986 0.062688737702000008  0.15516220738599973 0.062688737702000008 
 3 4 4 4
1 -4.4408920985006262e-16 2.7654446657990328e-14 1 0 
7 0 0  3 4 2  0.28911768560499995 -0.074299367770999769  0.28911768560499995 -0.031236060737000138  0.27733376255499964 0.0023827785580001759  0.253765916451 0.026470503619000052 
 2 4 3 4
1 1.3322676295501878e-15 2.7654446657990328e-14 1 0 
1 0.28911768560499995 -0.12351457580900016 0 1 
1 0 0 1 0 
1 0 0 0 1 
7 0 0  1 2 2  5.0000000000000027 2.7654446657990328e-14  5.0000000000000027 0.99999999999997302 
 0 2 0.0099999999999997868 2
1 -0.093231626496000253 0 0 1 
1 0 0 0 1 
7 0 0  1 2 2  5.9999999999999991 2.7654446657990328e-14  5.9999999999999991 0.99999999999997302 
 0 2 0.0099999999999997868 2
7 0 0  1 2 2  4.0000000000000009 2.7654446657990328e-14  4.0000000000000009 0.99999999999997302 
 0 2 0.0099999999999997868 2
7 0 0  1 2 2  5.0000000000000018 2.7654446657990328e-14  4.9999999999999991 0.99999999999997302 
 0 2 0.0099999999999997868 2
7 0 0  1 2 2  3.0000000000000004 2.7654446657990328e-14  3.0000000000000004 0.99999999999997302 
 0 2 0.0099999999999997868 2
7 0 0  1 2 2  4.0000000000000027 2.7654446657990328e-14  4.0000000000000027 0.99999999999997302 
 0 2 0.0099999999999997868 2
7 0 0  1 2 2  2.0000000000000071 2.7654446657990328e-14  2.0000000000000071 0.99999999999997302 
 0 2 0.0099999999999997868 2
7 0 0  1 2 2  3.0000000000000022 2.7654446657990328e-14  3.0000000000000022 0.99999999999997302 
 0 2 0.0099999999999997868 2
1 -0.096697486216000161 0 0 1 
1 0 0 0 1 
1 -0.33896108071900022 0 0 1 
1 0 0.0099999999999997868 1 0 
1 -0.93814871596199989 3.3414174707650002 0 -1 
1 0 0 0 1 
7 0 0  1 2 2  6.0000000000000018 2.7654446657990328e-14  6.0000000000000018 0.99999999999997302 
 0 2 0.0099999999999997868 2
1 0.051208077378000372 0 0 1 
1 0 0 0 1 
1 0 0.0099999999999997868 1 0 
1 -0.93814871596199989 3.2902093933869998 -1 0 
1 0.26132582296800022 0 0 1 
1 0 0 0 1 
1 0 0.0099999999999997868 1 0 
1 -1.1994745389300001 3.2902093933869998 0 1 
1 0.049215208038000391 0 0 1 
7 0 0  1 2 2  2.0000000000000013 2.7654446657990328e-14  2.0000000000000013 0.99999999999997302 
 0 2 0.0099999999999997868 2
1 1.3322676295501878e-15 0.99999999999997302 1 0 
7 0 0  3 4 2  -1.1994745389300001 3.3394246014250002  -1.1994745389300001 3.3824879084589998  -1.1876906158799998 3.4161067477540001  -1.1641227697760002 3.440194472815 
 2 4 3 4
7 0 0  1 2 2  3.0000000000000013 2.7654446657990328e-14  3.0000000000000013 0.99999999999997302 
 0 2 0.0099999999999997868 2
7 0 0  1 2 2  2.9999999999999996 2.7654446657990328e-14  2.9999999999999996 0.99999999999997302 
 0 2 0.0099999999999997868 2
1 -4.4408920985006262e-16 0.99999999999997302 1 0 
7 0 0  3 4 2  -1.1641227697760002 3.440194472815  -1.1407282166580002 3.46436884437  -1.107802549309 3.476412706898  -1.0655190607109999 3.476412706898 
 3 4 4 4
7 0 0  1 2 2  4 2.7654446657990328e-14  4 0.99999999999997302 
 0 2 0.0099999999999997868 2
7 0 0  1 2 2  3.9999999999999987 2.7654446657990328e-14  3.9999999999999987 0.99999999999997302 
 0 2 0.0099999999999997868 2
1 -1.3322676295501878e-15 0.99999999999997302 1 0 
7 0 0  3 4 2  -1.0655190607109999 3.476412706898  -1.0232355721139998 3.476412706898  -0.99134966268200042 3.4640222583960001  -0.97003462539599994 3.4392413613909998 
 4 4 5 4
7 0 0  1 2 2  4.9999999999999956 2.7654446657990328e-14  4.9999999999999956 0.99999999999997302 
 0 2 0.0099999999999997868 2
7 0 0  1 2 2  5.0000000000000036 2.7654446657990328e-14  5.0000000000000036 0.99999999999997302 
 0 2 0.0099999999999997868 2
1 3.5527136788005009e-15 0.99999999999997302 1 0 
7 0 0  3 4 2  -0.97003462539599994 3.4392413613909998  -0.94871958811299972 3.4144604643859999  -0.93814871596199989 3.3817947365149998  -0.93814871596199989 3.3414174707650002 
 5 4 6 4
1 1.6008422058990002 4.2171166645289997 0.93451043874398665 -0.35593572436399495 
1 0 0 1 0 
1 1.6008422058990002 4.1703275582919996 0 -1 
1 0 0 1 0 
1 1.26188112518 4.0412242836820003 -0.93451043874173756 -0.35593572436990001 
1 0 0 1 -0 
1 1.26188112518 4.0895730267910002 0 1 
1 0 0 1 -0 
1 1.3545928727169998 4.1221521081689998 0.94344523307984307 0.33152841835794489 
1 0 0 1 0 
1 1.3545928727169998 4.2632992453099998 0 1 
1 0 0 1 -0 
1 1.26188112518 4.29787119603 -0.93697534594408571 0.34939547949703198 
1 0 0 1 -0 
1 1.26188112518 4.3462199391369998 0 1 
1 0 0 1 -0 
1 1.392890622635 4.1360155470560001 0 1 
1 0 0 1 0 
1 1.5337778202969998 4.1867037454740004 -0.94095378768263394 -0.33853503429586834 
1 0 0 1 0 
7 0 0  3 4 2  1.5575189593849998 4.1922491210280004  1.5472946732080004 4.1906028376610003  1.5393231958489997 4.1887832613090001  1.5337778202969998 4.1867037454740004 
 3 4 4 4
1 -8.4376949871511897e-15 2.7654446657990328e-14 1 0 
1 1.5575189593849998 4.1932888789459994 0 -1 
1 0 0 1 0 
7 0 0  3 4 2  1.5337778202969998 4.198574315019  1.5384567309200001 4.1969280316540001  1.5462549152919998 4.1951951017900004  1.5575189593849998 4.1932888789459994 
 1 4 2 4
1 -2.9420910152566648e-14 2.7654446657990328e-14 1 0 
1 1.392890622635 4.2497823923990001 0.93984404177391989 -0.34160383068997086 
1 0 0 1 0 
1 0 0 0 1 
1 -0.046789106237000055 0 0 1 
1 -0.36271513582521075 0 0 1 
1 0 0 0 1 
1 0 0 0 1 
1 -0.36271513582592307 0 0 1 
1 0 0 0 1 
1 -0.048348743109000392 0 0 1 
1 0 0 0 1 
1 -0.098269347585087236 0 0 1 
1 0 0 0 1 
1 -0.14114713714100025 0 0 1 
1 0 0 0 1 
1 -0.098947905020523308 0 0 1 
1 0 0 0 1 
1 -0.048348743106999992 0 0 1 
1 0 0.0099999999999997868 1 0 
1 -1.107109377365 3.6360155470560001 0 1 
1 0 0 0 1 
1 0.14972807326588386 0 0 1 
1 0.11376684534300008 0 0 1 
1 0 0 0 1 
1 0 0.0099999999999997868 1 0 
1 -1.107109377365 3.7497823923990001 0.93984404177391989 -0.34160383068997086 
1 0.14990486868013156 0 0 1 
7 0 0  1 2 2  0.9999999999999607 2.7654446657990328e-14  0.99999999999997058 0.99999999999997302 
 0 2 0.0099999999999997868 2
1 -3.9301895071730542e-14 0.99999999999997302 1 0 
7 0 0  3 4 2  -0.96622217970300017 3.698574315019  -0.96154326907999987 3.6969280316540001  -0.95374508470800023 3.69519510179  -0.94248104061500015 3.6932888789459999 
 1 4 2 4
7 0 0  1 2 2  1.9999999999999838 2.7654446657990328e-14  1.9999999999999838 0.99999999999997302 
 0 2 0.0099999999999997868 2
1 0 0 0 1 
1 0 0.0099999999999997868 1 0 
1 -0.94248104061500015 3.6932888789459999 0 -1 
1 0.0010397579179999283 0 0 1 
7 0 0  1 2 2  2.9999999999999916 2.7654446657990328e-14  2.9999999999999916 0.99999999999997302 
 0 2 0.0099999999999997868 2
1 -8.4376949871511897e-15 0.99999999999997302 1 0 
7 0 0  3 4 2  -0.94248104061500015 3.692249121028  -0.9527053267919996 3.6906028376609998  -0.96067680415100032 3.6887832613090001  -0.96622217970300017 3.6867037454739999 
 3 4 4 4
7 0 0  1 2 2  4.0000000000000089 2.7654446657990328e-14  4.0000000000000089 0.99999999999997302 
 0 2 0.0099999999999997868 2
1 0 0 0 1 
1 0 0.0099999999999997868 1 0 
1 -0.96622217970300017 3.6867037454739999 -0.94095378768263394 -0.33853503429586834 
7 0 0  3 4 2  -0.19581069373199966 0.068684376813000103  -0.051212068607999761 0.066274434968000229  0.076516825706000269 -0.032534743514999853  0.11989642243799992 -0.1699034511719999 
 35 4 36 4
1 0 2.7654446657990328e-14 1 0 
7 0 0  3 4 2  0.11989642243799992 -0.1699034511719999  0.19219578096400003 -0.19641317919199963  0.25726519904500034 -0.24220280970000019  0.31028473552600033 -0.30004233329700014 
 0 4 1 4
1 -2.6220229936582661e-15 2.7654446657990328e-14 1 0 
7 0 0  3 4 2  0.31028473552600033 -0.30004233329700014  0.38981403737899978 -0.3916215023799996  0.43560363053900009 -0.50730045763999954  0.43560363053900009 -0.62779938852099981 
 1 4 2 4
1 2.6645352591003757e-15 2.7654446657990328e-14 1 0 
7 0 0  3 4 2  0.43560363053900009 -0.62779938852099981  0.43560363053900009 -0.73383843850199959  0.40186393046699997 -0.83264757101799969  0.34161446215200009 -0.91699682263500026 
 2 4 3 4
1 1.7763568394002505e-15 2.7654446657990328e-14 1 0 
7 0 0  3 4 2  0.34161446215200009 -0.91699682263500026  0.31269471184600039 -0.95796647752199959  0.27654503258299989 -0.99170616897499997  0.23557540068000016 -1.0230358726170001 
 3 4 4 4
1 -5.3290705182007514e-15 2.7654446657990328e-14 1 0 
7 0 0  3 4 2  0.23557540068000016 -1.0230358726170001  0.23798538849000028 -1.0423156831720002  0.2403953533180001 -1.0591855518809998  0.2403953533180001 -1.0784653624359999 
 4 4 5 4
1 -7.1054273576010019e-15 2.7654446657990328e-14 1 0 
7 0 0  3 4 2  0.2403953533180001 -1.0784653624359999  0.2403953533180001 -1.1820944475899999  0.19942572141699966 -1.2809035571229996  0.12471637507499977 -1.3556129034620001 
 5 4 6 4
1 0 2.7654446657990328e-14 1 0 
7 0 0  3 4 2  0.12471637507499977 -1.3556129034620001  0.052417039529999876 -1.4279123251949999  -0.046392092987000311 -1.4688819628439997  -0.15002115515599979 -1.4688819628439997 
 6 4 7 4
1 1.7763568394002505e-15 2.7654446657990328e-14 1 0 
7 0 0  3 4 2  -0.15002115515599979 -1.4688819628439997  -0.24642029986199976 -1.4688819628439997  -0.34040950272299986 -1.43273228358  -0.41270876931799982 -1.3676628654999998 
 7 4 8 4
1 -2.6645352591003757e-15 2.7654446657990328e-14 1 0 
7 0 0  3 4 2  -0.41270876931799982 -1.3676628654999998  -0.47054829291500022 -1.31464334051  -0.50910791402200006 -1.2495738994470003  -0.52838772457700012 -1.1748645760910001 
 8 4 9 4
1 -2.6645352591003757e-15 2.7654446657990328e-14 1 0 
7 0 0  3 4 2  -0.52838772457700012 -1.1748645760910001  -0.62478686928300009 -1.1435348494659996  -0.69226625218899995 -1.051955680382  -0.69226625218899995 -0.9459165844330002 
 9 4 10 4
1 0 2.7654446657990328e-14 1 0 
7 0 0  3 4 2  -0.69226625218899995 -0.9459165844330002  -0.69226625218899995 -0.81336776046399972  -0.58381721439699996 -0.70491872266999955  -0.45126839042699984 -0.70491872266999955 
 10 4 11 4
1 0 2.7654446657990328e-14 1 0 
7 0 0  3 4 2  -0.45126839042699984 -0.70491872266999955  -0.44403847295999999 -0.70491872266999955  -0.43680855549300013 -0.70491872266999955  -0.42716860424900016 -0.70491872266999955 
 11 4 12 4
7 0 0  3 4 2  0 0  0.0072299174669998578 0  0.014459834933999716 0  0.024099786177999682 0 
 11 4 12 4
1 -0.42716860424900016 -0.70491872266999955 0.46730730675485393 0.88409495024772367 
1 0 0 1 0 
1 -0.248830195739 -0.367521716203 0.86318775894112776 -0.50488304865007472 
1 0 0 1 0 
1 -0.12110130142600006 -0.44223101657699981 -0.46301806538687768 -0.88634884279576576 
1 0 0 1 0 
7 0 0  3 4 2  -0.28979980465900024 -0.76516814214399975  -0.23919024449500004 -0.80854773887600029  -0.20786054085299988 -0.87361717993799992  -0.20786054085299988 -0.94591653846600021 
 15 4 16 4
1 1.7763568394002505e-15 2.7654446657990328e-14 1 0 
7 0 0  3 4 2  -0.20786054085299988 -0.94591653846600021  -0.20786054085299988 -1.0495456466039998  -0.27533992375799965 -1.138714827876  -0.36691913880799998 -1.1724545193299996 
 16 4 17 4
1 0 2.7654446657990328e-14 1 0 
7 0 0  3 4 2  -0.36691913880799998 -1.1724545193299996  -0.3283594717349998 -1.256803770946  -0.24401022011799967 -1.3170532363870002  -0.14520108760100037 -1.3170532363870002 
 17 4 18 4
1 -3.5527136788005009e-15 2.7654446657990328e-14 1 0 
7 0 0  3 4 2  -0.14520108760100037 -1.3170532363870002  -0.012652263631999894 -1.3170532363870002  0.095796774160000098 -1.2086041985940001  0.095796774160000098 -1.0760553746249997 
 18 4 19 4
1 -3.5527136788005009e-15 2.7654446657990328e-14 1 0 
7 0 0  3 4 2  0.095796774160000098 -1.0760553746249997  0.095796774160000098 -1.0302657900829999  0.081336893261999776 -0.98447620554100013  0.059647094895000308 -0.94832652627799963 
 19 4 20 4
1 0 2.7654446657990328e-14 1 0 
7 0 0  3 4 2  0.059647094895000308 -0.94832652627799963  0.19460576877700042 -0.90253698770299984  0.29100491348100022 -0.77721808120000002  0.29100491348100022 -0.62538944667599949 
 20 4 21 4
1 -3.5527136788005009e-15 2.7654446657990328e-14 1 0 
7 0 0  3 4 2  0.29100491348100022 -0.62538944667599949  0.29100491348100022 -0.45187096781999969  0.15845608951199974 -0.30727225076299991  -0.010242413721000432 -0.28799244020899994 
 21 4 22 4
1 0 2.7654446657990328e-14 1 0 
7 0 0  3 4 2  -0.010242413721000432 -0.28799244020899994  -0.010242413721000432 -0.28076252274300018  -0.010242413721000432 -0.27594254712099975  -0.010242413721000432 -0.26871262965399989 
 22 4 23 4
7 0 0  3 4 2  0 0  0.0072299174659997689 0  0.012049893088000196 0  0.019279810555000054 0 
 22 4 23 4
7 0 0  3 4 2  -0.010242413721000432 -0.26871262965399989  -0.010242413721000432 -0.16508356748300024  -0.094591665338000119 -0.080734315866999751  -0.19822072750899977 -0.080734315866999751 
 23 4 24 4
1 0 2.7654446657990328e-14 1 0 
7 0 0  3 4 2  -0.19822072750899977 -0.080734315866999751  -0.29702986002599996 -0.080734315866999751  -0.37896912382900005 -0.15544361623999947  -0.38619904129599991 -0.25425279472199946 
 24 4 25 4
1 3.5527136788005009e-15 2.7654446657990328e-14 1 0 
1 -0.38619904129599991 -0.25425279472199946 0 -1 
1 0 0 1 0 
7 0 0  3 4 2  -0.38619904129599991 -0.36270183251499954  -0.38619904129599991 -0.36752180813699997  -0.38378909945300022 -0.37234178375899951  -0.38378909945300022 -0.37716166744699997 
 26 4 27 4
1 3.5527136788005009e-14 2.7654446657990328e-14 1 0 
7 0 0  3 4 2  -0.38378909945300022 -0.37716166744699997  -0.38378909945300022 -0.41813132233400019  -0.41752883687200004 -0.45187096781999969  -0.45849839982499985 -0.45187096781999969 
 27 4 28 4
1 1.0658141036401503e-14 2.7654446657990328e-14 1 0 
7 0 0  3 4 2  -0.45849839982499985 -0.45187096781999969  -0.49705802093399987 -0.45187096781999969  -0.53079775835599996 -0.42054126417899962  -0.53320770020000019 -0.38198155113599963 
 28 4 29 4
1 0 2.7654446657990328e-14 1 0 
1 -0.53320770020000019 -0.38198155113599963 0 1 
1 -0.1349587658139999 0 1 0 
7 0 0  3 4 2  -0.53320770020000019 -0.23979286785599996  -0.52597778273299989 -0.15544361623999947  -0.4874180696899999 -0.078324282087999464  -0.42475866240600002 -0.020484850426999657 
 33 4 34 4
1 0 2.7654446657990328e-14 1 0 
7 0 0  3 4 2  -0.42475866240600002 -0.020484850426999657  -0.36209925512100005 0.037354673170000297  -0.28015994534800015 0.068684376813000103  -0.19581069373199966 0.068684376813000103 
 34 4 35 4
1 0 2.7654446657990328e-14 1 0 
7 0 0  3 7 3  -0.54766771899799993 -0.94832657224499961  -0.54766771899799993 -0.89530707023700007  -0.50428803033500014 -0.85433741535099994  -0.45367851613799992 -0.85433741535099994  -0.40065896816299995 -0.85433741535099994  -0.35968931327699982 -0.8977170120810003  -0.35968931327699982 -0.94832657224499961 
 0 4 1 3 2 4
1 -6.7531925313684535e-15 2.7654446657990328e-14 1 0 
7 0 0  3 6 3  -0.35968931327699982 -0.94832657224499961  -0.35968931327699982 -0.99893613240699963  -0.40065896816299995 -1.0423157291380001  -0.5066980641119998 -1.0423157291380001  -0.54766771899799993 -0.99893613240699963  -0.54766771899799993 -0.94832657224499961 
 2 4 3 2 4 4
1 -1.7763568394002505e-15 2.7654446657990328e-14 1 0 
7 0 0  1 2 2  35 2.7654446657990328e-14  35 0.99999999999997302 
 0 2 0.0099999999999997868 2
7 0 0  1 2 2  35 2.7654446657990328e-14  35 0.99999999999997302 
 0 2 0.0099999999999997868 2
7 0 0  1 2 2  36 2.7654446657990328e-14  36 0.99999999999997302 
 0 2 0.0099999999999997868 2
7 0 0  1 2 2  -3.9455483200588347e-15 2.7654446657990328e-14  -3.9455483200588347e-15 0.99999999999997302 
 0 2 0.0099999999999997868 2
7 0 0  1 2 2  0.99999999999999989 2.7654446657990328e-14  0.99999999999999967 0.99999999999997302 
 0 2 0.0099999999999997868 2
7 0 0  1 2 2  1.0000000000000011 2.7654446657990328e-14  1.0000000000000011 0.99999999999997302 
 0 2 0.0099999999999997868 2
7 0 0  1 2 2  2.0000000000000009 2.7654446657990328e-14  2.0000000000000009 0.99999999999997302 
 0 2 0.0099999999999997868 2
7 0 0  1 2 2  2.0000000000000018 2.7654446657990328e-14  2.0000000000000018 0.99999999999997302 
 0 2 0.0099999999999997868 2
7 0 0  1 2 2  3.0000000000000009 2.7654446657990328e-14  3.0000000000000004 0.99999999999997302 
 0 2 0.0099999999999997868 2
7 0 0  1 2 2  2.9999999999999947 2.7654446657990328e-14  2.9999999999999947 0.99999999999997302 
 0 2 0.0099999999999997868 2
7 0 0  1 2 2  3.9999999999999933 2.7654446657990328e-14  3.9999999999999969 0.99999999999997302 
 0 2 0.0099999999999997868 2
7 0 0  1 2 2  4.000000000000008 2.7654446657990328e-14  4.000000000000008 0.99999999999997302 
 0 2 0.0099999999999997868 2
7 0 0  1 2 2  4.9999999999999991 2.7654446657990328e-14  4.9999999999999991 0.99999999999997302 
 0 2 0.0099999999999997868 2
7 0 0  1 2 2  5 2.7654446657990328e-14  5 0.99999999999997302 
 0 2 0.0099999999999997868 2
7 0 0  1 2 2  6 2.7654446657990328e-14  6 0.99999999999997302 
 0 2 0.0099999999999997868 2
7 0 0  1 2 2  6.0000000000000018 2.7654446657990328e-14  6.0000000000000018 0.99999999999997302 
 0 2 0.0099999999999997868 2
7 0 0  1 2 2  7.0000000000000018 2.7654446657990328e-14  7.0000000000000018 0.99999999999997302 
 0 2 0.0099999999999997868 2
7 0 0  1 2 2  6.9999999999999973 2.7654446657990328e-14  6.9999999999999973 0.99999999999997302 
 0 2 0.0099999999999997868 2
7 0 0  1 2 2  7.9999999999999982 2.7654446657990328e-14  7.9999999999999982 0.99999999999997302 
 0 2 0.0099999999999997868 2
7 0 0  1 2 2  7.9999999999999982 2.7654446657990328e-14  7.9999999999999982 0.99999999999997302 
 0 2 0.0099999999999997868 2
7 0 0  1 2 2  8.9999999999999947 2.7654446657990328e-14  8.9999999999999947 0.99999999999997302 
 0 2 0.0099999999999997868 2
7 0 0  1 2 2  8.9999999999999982 2.7654446657990328e-14  8.9999999999999982 0.99999999999997302 
 0 2 0.0099999999999997868 2
7 0 0  1 2 2  10 2.7654446657990328e-14  10 0.99999999999997302 
 0 2 0.0099999999999997868 2
7 0 0  1 2 2  10 2.7654446657990328e-14  10 0.99999999999997302 
 0 2 0.0099999999999997868 2
7 0 0  1 2 2  11 2.7654446657990328e-14  11 0.99999999999997302 
 0 2 0.0099999999999997868 2
1 0 0 0 1 
1 0.024099786177999682 0 0 1 
1 0 0 0 1 
1 0.38162983101792802 0 0 1 
1 0 0 0 1 
1 0.14797347736940583 0 0 1 
1 0 0 0 1 
1 0.36434540214270728 0 0 1 
7 0 0  1 2 2  15.000000000000002 2.7654446657990328e-14  15.000000000000002 0.99999999999997302 
 0 2 0.0099999999999997868 2
7 0 0  1 2 2  15.999999999999998 2.7654446657990328e-14  15.999999999999998 0.99999999999997302 
 0 2 0.0099999999999997868 2
7 0 0  1 2 2  16 2.7654446657990328e-14  16 0.99999999999997302 
 0 2 0.0099999999999997868 2
7 0 0  1 2 2  17 2.7654446657990328e-14  17 0.99999999999997302 
 0 2 0.0099999999999997868 2
7 0 0  1 2 2  17 2.7654446657990328e-14  17 0.99999999999997302 
 0 2 0.0099999999999997868 2
7 0 0  1 2 2  18 2.7654446657990328e-14  18 0.99999999999997302 
 0 2 0.0099999999999997868 2
7 0 0  1 2 2  17.999999999999996 2.7654446657990328e-14  17.999999999999996 0.99999999999997302 
 0 2 0.0099999999999997868 2
7 0 0  1 2 2  19 2.7654446657990328e-14  19 0.99999999999997302 
 0 2 0.0099999999999997868 2
7 0 0  1 2 2  19 2.7654446657990328e-14  19 0.99999999999997302 
 0 2 0.0099999999999997868 2
7 0 0  1 2 2  20.000000000000007 2.7654446657990328e-14  20.000000000000004 0.99999999999997302 
 0 2 0.0099999999999997868 2
7 0 0  1 2 2  20 2.7654446657990328e-14  20 0.99999999999997302 
 0 2 0.0099999999999997868 2
7 0 0  1 2 2  21.000000000000004 2.7654446657990328e-14  21 0.99999999999997302 
 0 2 0.0099999999999997868 2
7 0 0  1 2 2  21 2.7654446657990328e-14  21 0.99999999999997302 
 0 2 0.0099999999999997868 2
7 0 0  1 2 2  22 2.7654446657990328e-14  22 0.99999999999997302 
 0 2 0.0099999999999997868 2
1 0 0 0 1 
1 0.019279810555000054 0 0 1 
7 0 0  1 2 2  23 2.7654446657990328e-14  23 0.99999999999997302 
 0 2 0.0099999999999997868 2
7 0 0  1 2 2  24 2.7654446657990328e-14  24 0.99999999999997302 
 0 2 0.0099999999999997868 2
7 0 0  1 2 2  24.000000000000004 2.7654446657990328e-14  24.000000000000004 0.99999999999997302 
 0 2 0.0099999999999997868 2
7 0 0  1 2 2  25 2.7654446657990328e-14  25 0.99999999999997302 
 0 2 0.0099999999999997868 2
1 0 0 0 1 
1 0.10844903779300008 0 0 1 
7 0 0  1 2 2  26.000000000000036 2.7654446657990328e-14  26.000000000000036 0.99999999999997302 
 0 2 0.0099999999999997868 2
7 0 0  1 2 2  26.999999999999986 2.7654446657990328e-14  27.000000000000046 0.99999999999997302 
 0 2 0.0099999999999997868 2
7 0 0  1 2 2  27.000000000000011 2.7654446657990328e-14  27.000000000000011 0.99999999999997302 
 0 2 0.0099999999999997868 2
7 0 0  1 2 2  28 2.7654446657990328e-14  28 0.99999999999997302 
 0 2 0.0099999999999997868 2
7 0 0  1 2 2  28 2.7654446657990328e-14  28 0.99999999999997302 
 0 2 0.0099999999999997868 2
7 0 0  1 2 2  29.000000000000007 2.7654446657990328e-14  29.000000000000007 0.99999999999997302 
 0 2 0.0099999999999997868 2
1 -0.1349587658139999 0 0 1 
1 0.0072299174659997689 0 0 1 
7 0 0  1 2 2  33 2.7654446657990328e-14  33 0.99999999999997302 
 0 2 0.0099999999999997868 2
7 0 0  1 2 2  34 2.7654446657990328e-14  34 0.99999999999997302 
 0 2 0.0099999999999997868 2
7 0 0  1 2 2  34 2.7654446657990328e-14  34 0.99999999999997302 
 0 2 0.0099999999999997868 2
1 -6.7531925313684535e-15 0.99999999999997302 1 0 
7 0 0  3 7 3  -1.2537544660219999 0.76677532973600027  -1.2537544660219999 0.81979483174399981  -1.2103747773590001 0.86076448662999994  -1.1597652631619999 0.86076448662999994  -1.1067457151869999 0.86076448662999994  -1.0657760603009998 0.81738488989999958  -1.0657760603009998 0.76677532973600027 
 0 4 1 3 2 4
7 0 0  1 2 2  -6.7531925313684535e-15 2.7654446657990328e-14  -6.7531925313684535e-15 0.99999999999997302 
 0 2 0.0099999999999997868 2
7 0 0  1 2 2  4 2.7654446657990328e-14  4 0.99999999999997302 
 0 2 0.0099999999999997868 2
7 0 0  1 2 2  2.0000000000000022 2.7654446657990328e-14  2.0000000000000022 0.99999999999997302 
 0 2 0.0099999999999997868 2
7 0 0  1 2 2  1.9999999999999982 2.7654446657990328e-14  1.9999999999999982 0.99999999999997302 
 0 2 0.0099999999999997868 2
1 -1.7763568394002505e-15 0.99999999999997302 1 0 
7 0 0  3 6 3  -1.0657760603009998 0.76677532973600027  -1.0657760603009998 0.71616576957400024  -1.1067457151869999 0.6727861728429998  -1.2127848111359998 0.6727861728429998  -1.2537544660219999 0.71616576957400024  -1.2537544660219999 0.76677532973600027 
 2 4 3 2 4 4
Curves 1245
2 -4.75 -4.9950000000000001 -1 0 0 -1 1 0 0 0 -1 0 0.29999999999999999
1 -5.0499999999999998 -4.9950000000000001 -1 -0.70710678118654757 8.6595605623494589e-17 0.70710678118654757 
2 -4.75 -4.9950000000000001 -0.90000000000000002 0 0 1 1 0 -0 -0 1 0 0.40000000000000002
1 -4.4500000000000002 -4.9950000000000001 -1 0.70710678118654757 0 0.70710678118654757 
2 -2.25 -4.9950000000000001 -1 0 0 -1 1 0 0 0 -1 0 0.29999999999999999
1 -2.5499999999999998 -4.9950000000000001 -1 -0.70710678118654757 8.6595605623494589e-17 0.70710678118654757 
2 -2.25 -4.9950000000000001 -0.90000000000000002 0 0 1 1 0 -0 -0 1 0 0.40000000000000002
1 -1.95 -4.9950000000000001 -1 0.70710678118654757 0 0.70710678118654757 
2 -2.25 5.0049999999999999 -1 0 0 -1 -1 0 0 0 1 0 0.29999999999999999
1 -2.5499999999999998 5.0049999999999999 -1 -0.70710678118654757 8.6595605623494589e-17 0.70710678118654757 
2 -2.25 5.0049999999999999 -0.90000000000000002 0 0 1 -1 0 0 0 -1 0 0.40000000000000002
1 -1.95 5.0049999999999999 -1 0.70710678118654757 0 0.70710678118654757 
2 2.6499999999999999 0.0050000000000000001 -1 0 0 -1 -1 0 0 0 1 0 0.29999999999999999
1 2.3500000000000001 0.0050000000000000001 -1 -0.70710678118654757 8.6595605623494589e-17 0.70710678118654757 
2 2.6499999999999999 0.0050000000000000001 -0.90000000000000002 0 0 1 -1 0 0 0 -1 0 0.40000000000000002
1 2.9500000000000002 0.0050000000000000001 -1 0.70710678118654757 0 0.70710678118654757 
2 -4.75 5.0049999999999999 -1 0 0 -1 -1 0 0 0 1 0 0.29999999999999999
1 -5.0499999999999998 5.0049999999999999 -1 -0.70710678118654757 8.6595605623494589e-17 0.70710678118654757 
2 -4.75 5.0049999999999999 -0.90000000000000002 0 0 1 -1 0 0 0 -1 0 0.40000000000000002
1 -4.4500000000000002 5.0049999999999999 -1 0.70710678118654757 0 0.70710678118654757 
1 -5.1500000000000004 -4.9950000000000001 -1 -0 -0 1 
2 -4.75 -4.9950000000000001 0 0 0 -1 1 0 0 0 -1 0 0.40000000000000002
1 -4.3499999999999996 -4.9950000000000001 -1 -0 -0 1 
1 -2.6499999999999999 -4.9950000000000001 -1 -0 -0 1 
2 -2.25 -4.9950000000000001 0 0 0 -1 1 0 0 0 -1 0 0.40000000000000002
1 -1.8500000000000001 -4.9950000000000001 -1 -0 -0 1 
1 2.25 0.0050000000000000001 -1 -0 -0 1 
2 2.6499999999999999 0.0050000000000000001 0 0 0 -1 1 0 0 0 -1 0 0.40000000000000002
1 3.0499999999999998 0.0050000000000000001 -1 -0 -0 1 
1 -2.6499999999999999 5.0049999999999999 -1 -0 -0 1 
2 -2.25 5.0049999999999999 0 0 0 -1 1 0 0 0 -1 0 0.40000000000000002
1 -1.8500000000000001 5.0049999999999999 -1 -0 -0 1 
1 -5.1500000000000004 5.0049999999999999 -1 -0 -0 1 
2 -4.75 5.0049999999999999 0 0 0 -1 1 0 0 0 -1 0 0.40000000000000002
1 -4.3499999999999996 5.0049999999999999 -1 -0 -0 1 
1 -8.6500000000000004 0.0050000000000000001 4.2999999999999998 -0.70710678118654757 0 0.70710678118654757 
2 -9.0500000000000007 0.0050000000000000001 2.5 1 0 -0 0 0 1 0 -1 0 2.2000000000000002
1 -8.6500000000000004 0.0050000000000000001 0.69999999999999996 -0.70710678118654757 8.6595605623494589e-17 -0.70710678118654757 
2 -8.6500000000000004 0.0050000000000000001 2.5 -1 0 0 0 0 1 0 1 -0 1.8
1 -6.25 0.0050000000000000001 4.2999999999999998 -1 -0 -0 
1 -6.25 0.0050000000000000001 0.69999999999999996 -1 -0 -0 
2 -6.25 0.0050000000000000001 2.5 -1 0 0 0 0 1 0 1 -0 1.8
2 -5.75 0.0050000000000000001 2.5 -1 0 0 0 0 1 0 1 -0 3
1 -5.75 0.0050000000000000001 -0.5 -1 0 0 
2 -7.6500000000000004 0.0050000000000000001 2.5 -1 -0 0 -0 0 -1 0 -1 -0 3
1 -5.75 0.0050000000000000001 5.5 -1 0 0 
2 -5.75 0.0050000000000000001 2.5 -1 0 0 0 0 1 0 1 -0 3
1 -5.75 1.663312395178 5 -1 0 0 
2 -6.25 0.0050000000000000001 2.5 1 0 0 0 0 -1 -0 1 0 3
1 -5.75 1.663312395178 0 -1 0 0 
1 -5.75 0.0050000000000000001 -0.5 -1 0 0 
2 -9.0500000000000007 0.0050000000000000001 2.5 -1 0 0 0 0 1 0 1 -0 3
1 -5.75 0.0050000000000000001 5.5 -1 0 0 
1 -2.83964883204 -5.9950000000000001 4.0039714266950002 -1 -0 -0 
1 -2.7956324135849999 -5.9950000000000001 4.0039714266950002 0.36679767895105259 -0 0.9303007377811332 
7 0 0  3 4 2  -2.991886720289 -5.9950000000000001 3.647854340356  -2.9547153747810002 -5.9950000000000001 3.647854340356  -2.925948739096 -5.9950000000000001 3.6736749952780001  -2.9055001667420002 -5.9950000000000001 3.725316305123 
 1 4 2 4
7 0 0  3 4 2  -3.0192670120849998 -5.9950000000000001 3.6513202000780001  -3.0117287671919999 -5.9950000000000001 3.6490673912589999  -3.0025442389310002 -5.9950000000000001 3.647854340356  -2.991886720289 -5.9950000000000001 3.647854340356 
 2 4 3 4
1 -3.0192670120849998 -5.9950000000000001 3.6513202000780001 -0 -0 -1 
7 0 0  3 4 2  -2.995179287025 -5.9950000000000001 3.6842458674270002  -3.002977471396 -5.9950000000000001 3.6842458674270002  -3.0109489487549999 -5.9950000000000001 3.6858055043019999  -3.0192670120849998 -5.9950000000000001 3.6890980710379999 
 4 4 5 4
7 0 0  3 4 2  -2.951682747525 -5.9950000000000001 3.71838458568  -2.961300508251 -5.9950000000000001 3.695509911522  -2.9757704725859999 -5.9950000000000001 3.6842458674270002  -2.995179287025 -5.9950000000000001 3.6842458674270002 
 5 4 6 4
1 -2.951682747525 -5.9950000000000001 3.71838458568 -0.38975826506516897 -0 -0.92091720301739921 
1 -2.9330537515240001 -5.9950000000000001 3.7624010041379998 0.36585892166896344 -0 -0.93067032263590699 
1 -3.0280183078810001 -5.9950000000000001 4.0039714266950002 -1 -0 -0 
1 -2.9805360297019998 -5.9950000000000001 4.0039714266950002 -0.32834616481308415 -0 0.94455746042924205 
1 -2.9172840897939998 -5.9950000000000001 3.8220137913390002 -0.25242189718803637 -0 0.96761727238613948 
1 -2.9120853002109999 -5.9950000000000001 3.8020850979429999 -1 -0 -0 
7 0 0  3 4 2  -2.9057601062199998 -5.9950000000000001 3.821667205367  -2.9083595010110002 -5.9950000000000001 3.8131758490509999  -2.9100924308740002 -5.9950000000000001 3.8065907155819998  -2.9109588958030002 -5.9950000000000001 3.8020850979429999 
 12 4 13 4
1 -2.9057601062199998 -5.9950000000000001 3.821667205367 -0.34091779621893759 -0 -0.94009311039982801 
7 0 0  3 4 2  -3.3586613252699999 -5.9950000000000001 4.0095168022500003  -3.3902006487310001 -5.9950000000000001 4.0095168022500003  -3.4180141729929998 -5.9950000000000001 4.0020652038489999  -3.4420152515620002 -5.9950000000000001 3.986988714063 
 0 4 1 4
7 0 0  3 4 2  -3.2711483673130002 -5.9950000000000001 3.9176715196399998  -3.2711483673130002 -5.9950000000000001 3.9790172367040002  -3.3003482354639999 -5.9950000000000001 4.0095168022500003  -3.3586613252699999 -5.9950000000000001 4.0095168022500003 
 1 4 2 4
1 -3.2711483673130002 -5.9950000000000001 3.9176715196399998 -0 -0 1 
1 -3.2711483673130002 -5.9950000000000001 3.76188112518 1 -0 -0 
1 -3.3136051488959999 -5.9950000000000001 3.76188112518 -0 -0 -1 
1 -3.3136051488959999 -5.9950000000000001 3.7993124101669999 1 -0 -0 
7 0 0  3 4 2  -3.3889009513359998 -5.9950000000000001 3.7561624566399998  -3.3562352234650001 -5.9950000000000001 3.7561624566399998  -3.3314543264590002 -5.9950000000000001 3.7705457744820001  -3.3147315533059998 -5.9950000000000001 3.7993124101669999 
 6 4 7 4
7 0 0  3 4 2  -3.4448745858310001 -5.9950000000000001 3.775224685105  -3.4310111469470002 -5.9950000000000001 3.7625742971239999  -3.4123821509460002 -5.9950000000000001 3.7561624566399998  -3.3889009513359998 -5.9950000000000001 3.7561624566399998 
 7 4 8 4
7 0 0  3 4 2  -3.4656697441580002 -5.9950000000000001 3.8266927019639998  -3.4656697441580002 -5.9950000000000001 3.8050310787070001  -3.4587380247159998 -5.9950000000000001 3.787875073086  -3.4448745858310001 -5.9950000000000001 3.775224685105 
 8 4 9 4
7 0 0  3 4 2  -3.3853484451229998 -5.9950000000000001 3.9057143036039998  -3.4388959778119998 -5.9950000000000001 3.8982627052029999  -3.4656697441580002 -5.9950000000000001 3.8719221713229999  -3.4656697441580002 -5.9950000000000001 3.8266927019639998 
 9 4 10 4
1 -3.3853484451229998 -5.9950000000000001 3.9057143036039998 -0.9903286039881698 -0 -0.13874168848202378 
7 0 0  3 4 2  -3.3626470639489998 -5.9950000000000001 3.9750314980249999  -3.3299813360780002 -5.9950000000000001 3.9750314980249999  -3.3136051488959999 -5.9950000000000001 3.955276097614  -3.3136051488959999 -5.9950000000000001 3.9157652967960002 
 11 4 12 4
7 0 0  3 4 2  -3.4420152515620002 -5.9950000000000001 3.9457449833810001  -3.4181008194859999 -5.9950000000000001 3.9651537978200002  -3.3916736391129998 -5.9950000000000001 3.9750314980249999  -3.3626470639489998 -5.9950000000000001 3.9750314980249999 
 12 4 13 4
1 -3.4420152515620002 -5.9950000000000001 3.9457449833810001 -0 -0 -1 
1 -3.506306949387 -5.9950000000000001 3.8005254610699999 -0 -0 1 
1 -3.506306949387 -5.9950000000000001 3.76188112518 1 -0 -0 
1 -3.6886111707150002 -5.9950000000000001 3.76188112518 -0 -0 -1 
1 -3.6886111707150002 -5.9950000000000001 4.1008422058990002 -1 -0 -0 
1 -3.5140184872670002 -5.9950000000000001 4.1008422058990002 -0 -0 1 
1 -3.5140184872670002 -5.9950000000000001 4.0618512840380001 1 -0 -0 
1 -3.6448546917370002 -5.9950000000000001 4.0618512840380001 -0 -0 1 
1 -3.6448546917370002 -5.9950000000000001 3.9533698747680002 -1 -0 -0 
1 -3.523636247992 -5.9950000000000001 3.9533698747680002 -0 -0 1 
1 -3.523636247992 -5.9950000000000001 3.9145522458920001 1 -0 -0 
1 -3.6448546917370002 -5.9950000000000001 3.9145522458920001 -0 -0 1 
1 -3.6448546917370002 -5.9950000000000001 3.8005254610699999 -1 -0 -0 
7 0 0  3 4 2  -3.3360465905900001 -5.9950000000000001 4.2938905923619997  -3.298442012617 -5.9950000000000001 4.2938905923619997  -3.2671626286339999 -5.9950000000000001 4.3004757258310002  -3.2422084386419998 -5.9950000000000001 4.3136459927719999 
 0 4 1 4
7 0 0  3 4 2  -3.4524994772180002 -5.9950000000000001 4.340159819638  -3.4234729020539998 -5.9950000000000001 4.3093136681209998  -3.3846552731780002 -5.9950000000000001 4.2938905923619997  -3.3360465905900001 -5.9950000000000001 4.2938905923619997 
 1 4 2 4
7 0 0  3 4 2  -3.4959960167170001 -5.9950000000000001 4.4626779607760003  -3.4959960167170001 -5.9950000000000001 4.4119031158629998  -3.4815260523820002 -5.9950000000000001 4.3710059711550002  -3.4524994772180002 -5.9950000000000001 4.340159819638 
 2 4 3 4
7 0 0  3 4 2  -3.4470407481579999 -5.9950000000000001 4.5943806301769996  -3.4797064760279999 -5.9950000000000001 4.5611083768559997  -3.4959960167170001 -5.9950000000000001 4.5172652513829998  -3.4959960167170001 -5.9950000000000001 4.4626779607760003 
 3 4 4 4
7 0 0  3 4 2  -3.3225297376779999 -5.9950000000000001 4.6442890101609997  -3.3728713501260001 -5.9950000000000001 4.6442890101609997  -3.4143750202860002 -5.9950000000000001 4.6276528834999997  -3.4470407481579999 -5.9950000000000001 4.5943806301769996 
 4 4 5 4
7 0 0  3 4 2  -3.2422084386419998 -5.9950000000000001 4.6304255712759996  -3.2633501829410001 -5.9950000000000001 4.6396100995380003  -3.290123949287 -5.9950000000000001 4.6442890101609997  -3.3225297376779999 -5.9950000000000001 4.6442890101609997 
 5 4 6 4
1 -3.2422084386419998 -5.9950000000000001 4.6304255712759996 -0 -0 1 
7 0 0  3 4 2  -3.322096505213 -5.9950000000000001 4.60477820934  -3.2930699300500001 -5.9950000000000001 4.60477820934  -3.2664694566899999 -5.9950000000000001 4.5981930758700003  -3.2422084386419998 -5.9950000000000001 4.5846762229599998 
 7 4 8 4
7 0 0  3 4 2  -3.4144616667790002 -5.9950000000000001 4.5671736313669999  -3.390633881197 -5.9950000000000001 4.592301114344  -3.3598743761719998 -5.9950000000000001 4.60477820934  -3.322096505213 -5.9950000000000001 4.60477820934 
 8 4 9 4
7 0 0  3 4 2  -3.4500733754119999 -5.9950000000000001 4.4652773555690004  -3.4500733754119999 -5.9950000000000001 4.5079074301380002  -3.438202805869 -5.9950000000000001 4.5418728554019996  -3.4144616667790002 -5.9950000000000001 4.5671736313669999 
 9 4 10 4
7 0 0  3 4 2  -3.416801122091 -5.9950000000000001 4.3685798693509996  -3.438982624306 -5.9950000000000001 4.3924943014269999  -3.4500733754119999 -5.9950000000000001 4.4247267968330002  -3.4500733754119999 -5.9950000000000001 4.4652773555690004 
 10 4 11 4
7 0 0  3 4 2  -3.3297213966000001 -5.9950000000000001 4.3328815142229997  -3.3655930447119999 -5.9950000000000001 4.3328815142229997  -3.3946196198759999 -5.9950000000000001 4.3448387302610003  -3.416801122091 -5.9950000000000001 4.3685798693509996 
 11 4 12 4
7 0 0  3 4 2  -3.2422084386419998 -5.9950000000000001 4.3555828953980003  -3.2669893356480002 -5.9950000000000001 4.3405064056100002  -3.2961892037979998 -5.9950000000000001 4.3328815142229997  -3.3297213966000001 -5.9950000000000001 4.3328815142229997 
 12 4 13 4
1 -3.2422084386419998 -5.9950000000000001 4.3555828953980003 -0 -0 1 
1 3.25 -5.9950000000000001 1 1 0 0 
1 3.25 -5.9950000000000001 1 -0 -0 1 
1 -5.75 -5.9950000000000001 5 1 0 0 
1 -5.75 -5.9950000000000001 5 -0 -0 -1 
1 -5.75 -5.9950000000000001 0 1 0 0 
1 5.1500000000000004 -5.9950000000000001 5 -0 -0 -1 
1 -5.75 -5.9950000000000001 5 1 0 0 
1 4.3499999999999996 -5.9950000000000001 1 -0 -0 1 
1 -3.5098594556010001 -5.9950000000000001 4.3382535967909996 -0 -0 1 
1 -3.5098594556010001 -5.9950000000000001 4.2996092609019998 1 -0 -0 
1 -3.6886111707150002 -5.9950000000000001 4.2996092609019998 -0 -0 -1 
1 -3.6886111707150002 -5.9950000000000001 4.6385703416209996 -1 -0 -0 
1 -3.6448546917370002 -5.9950000000000001 4.6385703416209996 -0 -0 1 
1 -3.6448546917370002 -5.9950000000000001 4.3382535967909996 -1 -0 -0 
1 -2.9920600132759998 -5.9950000000000001 4.3382535967909996 -0 -0 1 
1 -2.9920600132759998 -5.9950000000000001 4.2996092609019998 1 -0 -0 
1 -3.1743642346019998 -5.9950000000000001 4.2996092609019998 -0 -0 -1 
1 -3.1743642346019998 -5.9950000000000001 4.6385703416209996 -1 -0 -0 
1 -2.9997715511540002 -5.9950000000000001 4.6385703416209996 -0 -0 1 
1 -2.9997715511540002 -5.9950000000000001 4.5995794197590003 1 -0 -0 
1 -3.1306077556240002 -5.9950000000000001 4.5995794197590003 -0 -0 1 
1 -3.1306077556240002 -5.9950000000000001 4.4910980104889999 -1 -0 -0 
1 -3.0093893118809998 -5.9950000000000001 4.4910980104889999 -0 -0 1 
1 -3.0093893118809998 -5.9950000000000001 4.452280381614 1 -0 -0 
1 -3.1306077556240002 -5.9950000000000001 4.452280381614 -0 -0 1 
1 -3.1306077556240002 -5.9950000000000001 4.3382535967909996 -1 -0 -0 
1 -2.8347966284320001 -5.9950000000000001 4.2996092609019998 1 -0 -0 
1 -2.9280282549279999 -5.9950000000000001 4.2996092609019998 -0 -0 -1 
1 -2.9280282549279999 -5.9950000000000001 4.6385703416209996 -1 -0 -0 
7 0 0  3 4 2  -2.703180605524 -5.9950000000000001 4.5936874582330001  -2.7372326772840001 -5.9950000000000001 4.6236671448209998  -2.779949398346 -5.9950000000000001 4.6385703416209996  -2.83133076871 -5.9950000000000001 4.6385703416209996 
 2 4 3 4
7 0 0  3 4 2  -2.6520591746390001 -5.9950000000000001 4.4734221259130003  -2.6520591746390001 -5.9950000000000001 4.5236770918670004  -2.6691285337649999 -5.9950000000000001 4.5637077716460004  -2.703180605524 -5.9950000000000001 4.5936874582330001 
 3 4 4 4
7 0 0  3 4 2  -2.703180605524 -5.9950000000000001 4.3470915390789999  -2.6691285337649999 -5.9950000000000001 4.378804155528  -2.6520591746390001 -5.9950000000000001 4.4209143511390003  -2.6520591746390001 -5.9950000000000001 4.4734221259130003 
 4 4 5 4
7 0 0  3 4 2  -2.8347966284320001 -5.9950000000000001 4.2996092609019998  -2.7811624492489999 -5.9950000000000001 4.2996092609019998  -2.7372326772840001 -5.9950000000000001 4.3153789226330002  -2.703180605524 -5.9950000000000001 4.3470915390789999 
 5 4 6 4
1 -2.457364504809 -5.9950000000000001 4.6385703416209996 -0.35593572436990001 -0 0.93451043874173756 
1 -2.3282612301990002 -5.9950000000000001 4.2996092609019998 1 -0 -0 
1 -2.3766099733080002 -5.9950000000000001 4.2996092609019998 0.34939547946917643 -0 -0.93697534595447307 
1 -2.4111819240250001 -5.9950000000000001 4.3923210084409998 1 -0 -0 
1 -2.5523290611660001 -5.9950000000000001 4.3923210084409998 0.33152841835019864 -0 0.94344523308256523 
1 -2.5849081425440001 -5.9950000000000001 4.2996092609019998 1 -0 -0 
1 -2.6332568856509999 -5.9950000000000001 4.2996092609019998 -0.35593572436399495 -0 -0.93451043874398665 
1 -2.5041536110429998 -5.9950000000000001 4.6385703416209996 -1 -0 -0 
7 0 0  3 4 2  -3.1437780225640002 -5.9950000000000001 3.7908210538509999  -3.1687322125559998 -5.9950000000000001 3.7908210538509999  -3.191953472687 -5.9950000000000001 3.798619238223  -3.2136150959440002 -5.9950000000000001 3.814215606966 
 0 4 1 4
7 0 0  3 4 2  -3.0936963495950001 -5.9950000000000001 3.8235734282139999  -3.0936963495950001 -5.9950000000000001 3.8017385119710001  -3.1104191227490001 -5.9950000000000001 3.7908210538509999  -3.1437780225640002 -5.9950000000000001 3.7908210538509999 
 1 4 2 4
7 0 0  3 4 2  -3.104613807717 -5.9950000000000001 3.846621395358  -3.0973355023020002 -5.9950000000000001 3.8405561408470001  -3.0936963495950001 -5.9950000000000001 3.8329312494619998  -3.0936963495950001 -5.9950000000000001 3.8235734282139999 
 2 4 3 4
7 0 0  3 4 2  -3.1490634586390001 -5.9950000000000001 3.8682830186160002  -3.1267086634379999 -5.9950000000000001 3.8599649552850002  -3.1118921131309998 -5.9950000000000001 3.8526866498699999  -3.104613807717 -5.9950000000000001 3.846621395358 
 3 4 4 4
7 0 0  3 4 2  -3.2013112939339998 -5.9950000000000001 3.9003422210359999  -3.193339816575 -5.9950000000000001 3.8897713488869998  -3.1758372249839999 -5.9950000000000001 3.8790271837499999  -3.1490634586390001 -5.9950000000000001 3.8682830186160002 
 4 4 5 4
7 0 0  3 4 2  -3.213355156465 -5.9950000000000001 3.9386399709540001  -3.213355156465 -5.9950000000000001 3.9237367741520002  -3.2093694177850001 -5.9950000000000001 3.910913093185  -3.2013112939339998 -5.9950000000000001 3.9003422210359999 
 5 4 6 4
7 0 0  3 4 2  -3.1861481576539998 -5.9950000000000001 3.9902812807960002  -3.2042572746969999 -5.9950000000000001 3.9772843068429999  -3.213355156465 -5.9950000000000001 3.960128301223  -3.213355156465 -5.9950000000000001 3.9386399709540001 
 6 4 7 4
7 0 0  3 4 2  -3.1190837720519999 -5.9950000000000001 4.0095168022500003  -3.1455975989180001 -5.9950000000000001 4.0095168022500003  -3.1679523941190002 -5.9950000000000001 4.0031049617659997  -3.1861481576539998 -5.9950000000000001 3.9902812807960002 
 7 4 8 4
7 0 0  3 4 2  -3.061723793668 -5.9950000000000001 3.9987726371129999  -3.0793996782459998 -5.9950000000000001 4.0060509425279998  -3.0984619067120001 -5.9950000000000001 4.0095168022500003  -3.1190837720519999 -5.9950000000000001 4.0095168022500003 
 8 4 9 4
1 -3.061723793668 -5.9950000000000001 3.9987726371129999 -0 -0 1 
7 0 0  3 4 2  -3.1232428037169999 -5.9950000000000001 3.9750314980249999  -3.1002814830649998 -5.9950000000000001 3.9750314980249999  -3.0798329107110001 -5.9950000000000001 3.9691395364990001  -3.061723793668 -5.9950000000000001 3.9575289064330001 
 10 4 11 4
7 0 0  3 4 2  -3.156688350025 -5.9950000000000001 3.9660202627490002  -3.1481103472159999 -5.9950000000000001 3.9720855172610001  -3.1369329496149998 -5.9950000000000001 3.9750314980249999  -3.1232428037169999 -5.9950000000000001 3.9750314980249999 
 11 4 12 4
7 0 0  3 4 2  -3.169598677487 -5.9950000000000001 3.9424524166469999  -3.169598677487 -5.9950000000000001 3.9521568238640001  -3.1652663528340002 -5.9950000000000001 3.960128301223  -3.156688350025 -5.9950000000000001 3.9660202627490002 
 12 4 13 4
7 0 0  3 4 2  -3.1603275027329998 -5.9950000000000001 3.9199243284610001  -3.1664794037380002 -5.9950000000000001 3.9252964110269999  -3.169598677487 -5.9950000000000001 3.9327480094279998  -3.169598677487 -5.9950000000000001 3.9424524166469999 
 13 4 14 4
7 0 0  3 4 2  -3.1190837720519999 -5.9950000000000001 3.899129170133  -3.1403988093369999 -5.9950000000000001 3.9074472334629999  -3.1540889552340001 -5.9950000000000001 3.914378952906  -3.1603275027329998 -5.9950000000000001 3.9199243284610001 
 14 4 15 4
7 0 0  3 4 2  -3.0643231884589999 -5.9950000000000001 3.8677631396579999  -3.0738543026920002 -5.9950000000000001 3.8785073047930001  -3.0920500662269998 -5.9950000000000001 3.8890781769410001  -3.1190837720519999 -5.9950000000000001 3.899129170133 
 15 4 16 4
7 0 0  3 4 2  -3.0501131636030001 -5.9950000000000001 3.8277324598789999  -3.0501131636030001 -5.9950000000000001 3.843675414597  -3.0548787207200001 -5.9950000000000001 3.8570189745240002  -3.0643231884589999 -5.9950000000000001 3.8677631396579999 
 16 4 17 4
7 0 0  3 4 2  -3.0774068089059998 -5.9950000000000001 3.7753979780910001  -3.0592110453710002 -5.9950000000000001 3.788048366075  -3.0501131636030001 -5.9950000000000001 3.8055509576639999  -3.0501131636030001 -5.9950000000000001 3.8277324598789999 
 17 4 18 4
7 0 0  3 4 2  -3.1479370542290002 -5.9950000000000001 3.7561624566399998  -3.1190837720519999 -5.9950000000000001 3.7561624566399998  -3.0955159259489999 -5.9950000000000001 3.7625742971239999  -3.0774068089059998 -5.9950000000000001 3.7753979780910001 
 18 4 19 4
7 0 0  3 4 2  -3.2136150959440002 -5.9950000000000001 3.7703724814970001  -3.1948994534500001 -5.9950000000000001 3.7610146602490002  -3.1730645372069999 -5.9950000000000001 3.7561624566399998  -3.1479370542290002 -5.9950000000000001 3.7561624566399998 
 19 4 20 4
1 -3.2136150959440002 -5.9950000000000001 3.7703724814970001 -0 -0 -1 
1 -2.5675788439380001 -5.9950000000000001 3.8005254610699999 -0 -0 1 
1 -2.5675788439380001 -5.9950000000000001 3.76188112518 1 -0 -0 
1 -2.7498830652659998 -5.9950000000000001 3.76188112518 -0 -0 -1 
1 -2.7498830652659998 -5.9950000000000001 4.1008422058990002 -1 -0 -0 
1 -2.5752903818180002 -5.9950000000000001 4.1008422058990002 -0 -0 1 
1 -2.5752903818180002 -5.9950000000000001 4.0618512840380001 1 -0 -0 
1 -2.706126586286 -5.9950000000000001 4.0618512840380001 -0 -0 1 
1 -2.706126586286 -5.9950000000000001 3.9533698747680002 -1 -0 -0 
1 -2.5849081425440001 -5.9950000000000001 3.9533698747680002 -0 -0 1 
1 -2.5849081425440001 -5.9950000000000001 3.9145522458920001 1 -0 -0 
1 -2.706126586286 -5.9950000000000001 3.9145522458920001 -0 -0 1 
1 -2.706126586286 -5.9950000000000001 3.8005254610699999 -1 -0 -0 
1 -2.4103154590939999 -5.9950000000000001 3.76188112518 1 -0 -0 
1 -2.5035470855900002 -5.9950000000000001 3.76188112518 -0 -0 -1 
1 -2.5035470855900002 -5.9950000000000001 4.1008422058990002 -1 -0 -0 
7 0 0  3 4 2  -2.2786994361890001 -5.9950000000000001 4.0559593225119999  -2.3127515079459999 -5.9950000000000001 4.0859390090970003  -2.3554682290110001 -5.9950000000000001 4.1008422058990002  -2.406849599374 -5.9950000000000001 4.1008422058990002 
 2 4 3 4
7 0 0  3 4 2  -2.2275780053009999 -5.9950000000000001 3.9356939901899999  -2.2275780053009999 -5.9950000000000001 3.9859489561450001  -2.2446473644289999 -5.9950000000000001 4.0259796359240001  -2.2786994361890001 -5.9950000000000001 4.0559593225119999 
 3 4 4 4
7 0 0  3 4 2  -2.2786994361890001 -5.9950000000000001 3.8093634033580002  -2.2446473644289999 -5.9950000000000001 3.8410760198060001  -2.2275780053009999 -5.9950000000000001 3.8831862154149999  -2.2275780053009999 -5.9950000000000001 3.9356939901899999 
 4 4 5 4
7 0 0  3 4 2  -2.4103154590939999 -5.9950000000000001 3.76188112518  -2.3566812799119998 -5.9950000000000001 3.76188112518  -2.3127515079459999 -5.9950000000000001 3.7776507869090001  -2.2786994361890001 -5.9950000000000001 3.8093634033580002 
 5 4 6 4
1 -2.0328833354709999 -5.9950000000000001 4.1008422058990002 -0.35593572436399495 -0 0.93451043874398665 
1 -1.903780060863 -5.9950000000000001 3.76188112518 1 -0 -0 
1 -1.95212880397 -5.9950000000000001 3.76188112518 0.34939547949703198 -0 -0.93697534594408571 
1 -1.98670075469 -5.9950000000000001 3.8545928727169998 1 -0 -0 
1 -2.1278478918310002 -5.9950000000000001 3.8545928727169998 0.33152841835794489 -0 0.94344523307984307 
1 -2.1604269732089998 -5.9950000000000001 3.76188112518 1 -0 -0 
1 -2.2087757163180002 -5.9950000000000001 3.76188112518 -0.35593572436990001 -0 -0.93451043874173756 
1 -2.0796724417079999 -5.9950000000000001 4.1008422058990002 -1 -0 -0 
7 0 0  3 4 2  -3.966213721206 -5.9950000000000001 4.0981025592440004  -3.9686236630509999 -5.9950000000000001 4.2427011843680003  -4.067432841534 -5.9950000000000001 4.3704300786820003  -4.204801549191 -5.9950000000000001 4.4138096754139999 
 35 4 36 4
7 0 0  3 4 2  -4.0553829484459998 -5.9950000000000001 3.86915459057  -3.9975434248489998 -5.9950000000000001 3.931813997855  -3.966213721206 -5.9950000000000001 4.0137533076279999  -3.966213721206 -5.9950000000000001 4.0981025592440004 
 34 4 35 4
7 0 0  3 4 2  -4.2746909658750001 -5.9950000000000001 3.7607055527759998  -4.1903417142589996 -5.9950000000000001 3.7679354702430001  -4.1132223801069996 -5.9950000000000001 3.8064951832860001  -4.0553829484459998 -5.9950000000000001 3.86915459057 
 33 4 34 4
1 -4.2819208833409999 -5.9950000000000001 3.7607055527759998 1 0 0 
7 0 0  3 4 2  -4.4867690658389998 -5.9950000000000001 3.8354148531510002  -4.4867690658389998 -5.9950000000000001 3.7968552320420002  -4.4554393621979997 -5.9950000000000001 3.7631154946200001  -4.4168796491549998 -5.9950000000000001 3.7607055527759998 
 28 4 29 4
7 0 0  3 4 2  -4.4120597654660001 -5.9950000000000001 3.9101241535229998  -4.4530294203530003 -5.9950000000000001 3.9101241535229998  -4.4867690658389998 -5.9950000000000001 3.876384416104  -4.4867690658389998 -5.9950000000000001 3.8354148531510002 
 27 4 28 4
7 0 0  3 4 2  -4.3975999305339997 -5.9950000000000001 3.9077142116800001  -4.4024199061560001 -5.9950000000000001 3.9077142116800001  -4.4072398817779996 -5.9950000000000001 3.9101241535229998  -4.4120597654660001 -5.9950000000000001 3.9101241535229998 
 26 4 27 4
1 -4.2891508927409996 -5.9950000000000001 3.9077142116800001 -1 0 0 
7 0 0  3 4 2  -4.1156324138859999 -5.9950000000000001 4.0956925254670002  -4.1156324138859999 -5.9950000000000001 3.9968833929500001  -4.1903417142589996 -5.9950000000000001 3.914944129147  -4.2891508927409996 -5.9950000000000001 3.9077142116800001 
 24 4 25 4
7 0 0  3 4 2  -4.303610727673 -5.9950000000000001 4.2836708392549996  -4.1999816655020004 -5.9950000000000001 4.2836708392549996  -4.1156324138859999 -5.9950000000000001 4.1993215876379999  -4.1156324138859999 -5.9950000000000001 4.0956925254670002 
 23 4 24 4
7 0 0  3 4 2  -4.3228905382280001 -5.9950000000000001 4.2836708392549996  -4.3156606207620003 -5.9950000000000001 4.2836708392549996  -4.3108406451399999 -5.9950000000000001 4.2836708392549996  -4.303610727673 -5.9950000000000001 4.2836708392549996 
 22 4 23 4
7 0 0  3 4 2  -4.6602875446949996 -5.9950000000000001 4.5849181664570002  -4.4867690658389998 -5.9950000000000001 4.5849181664570002  -4.342170348782 -5.9950000000000001 4.4523693424879998  -4.3228905382280001 -5.9950000000000001 4.2836708392549996 
 21 4 22 4
7 0 0  3 4 2  -4.9832246242969997 -5.9950000000000001 4.3535603478710003  -4.937435085722 -5.9950000000000001 4.4885190217530004  -4.8121161792190001 -5.9950000000000001 4.5849181664570002  -4.6602875446949996 -5.9950000000000001 4.5849181664570002 
 20 4 21 4
7 0 0  3 4 2  -5.1109534726439998 -5.9950000000000001 4.3897100271360001  -5.065163888102 -5.9950000000000001 4.3897100271360001  -5.0193743035600003 -5.9950000000000001 4.3752501462379998  -4.9832246242969997 -5.9950000000000001 4.3535603478710003 
 19 4 20 4
7 0 0  3 4 2  -5.3519513344060003 -5.9950000000000001 4.1487121653749996  -5.3519513344060003 -5.9950000000000001 4.2812609893440001  -5.2435022966130003 -5.9950000000000001 4.3897100271360001  -5.1109534726439998 -5.9950000000000001 4.3897100271360001 
 18 4 19 4
7 0 0  3 4 2  -5.2073526173489997 -5.9950000000000001 3.926994114168  -5.2917018689650002 -5.9950000000000001 3.9655537812410002  -5.3519513344060003 -5.9950000000000001 4.0499030328580004  -5.3519513344060003 -5.9950000000000001 4.1487121653749996 
 17 4 18 4
7 0 0  3 4 2  -4.9808146364850003 -5.9950000000000001 4.0860527121230001  -5.084443744623 -5.9950000000000001 4.0860527121230001  -5.1736129258950001 -5.9950000000000001 4.0185733292180004  -5.2073526173489997 -5.9950000000000001 3.926994114168 
 16 4 17 4
7 0 0  3 4 2  -4.8000662401629999 -5.9950000000000001 4.0041134483169998  -4.8434458368950004 -5.9950000000000001 4.054723008481  -4.908515277957 -5.9950000000000001 4.0860527121230001  -4.9808146364850003 -5.9950000000000001 4.0860527121230001 
 15 4 16 4
1 -4.4771291145959999 -5.9950000000000001 4.17281195155 -0.88634884279576576 0 -0.46301806538687768 
1 -4.4024198142220001 -5.9950000000000001 4.045083057237 -0.50488304865007472 0 0.86318775894112776 
1 -4.7398168206889997 -5.9950000000000001 3.8667446487269999 0.88409495024772367 0 0.46730730675485393 
7 0 0  3 4 2  -4.7398168206889997 -5.9950000000000001 3.8426448625490002  -4.7398168206889997 -5.9950000000000001 3.849874780016  -4.7398168206889997 -5.9950000000000001 3.8571046974829999  -4.7398168206889997 -5.9950000000000001 3.8667446487269999 
 11 4 12 4
7 0 0  3 4 2  -4.9808146824520003 -5.9950000000000001 3.6016470007870001  -4.8482658584829998 -5.9950000000000001 3.6016470007870001  -4.7398168206889997 -5.9950000000000001 3.7100960385790001  -4.7398168206889997 -5.9950000000000001 3.8426448625490002 
 10 4 11 4
7 0 0  3 4 2  -5.2097626741100003 -5.9950000000000001 3.7655255283989999  -5.1784329474849997 -5.9950000000000001 3.6691263836929999  -5.0868537784010002 -5.9950000000000001 3.6016470007870001  -4.9808146824520003 -5.9950000000000001 3.6016470007870001 
 9 4 10 4
7 0 0  3 4 2  -5.4025609635189999 -5.9950000000000001 3.8812044836580002  -5.3495414385290001 -5.9950000000000001 3.8233649600609998  -5.2844719974660004 -5.9950000000000001 3.784805338954  -5.2097626741100003 -5.9950000000000001 3.7655255283989999 
 8 4 9 4
7 0 0  3 4 2  -5.5037800608629999 -5.9950000000000001 4.1438920978200002  -5.5037800608629999 -5.9950000000000001 4.0474929531140003  -5.4676303815990002 -5.9950000000000001 3.9535037502530002  -5.4025609635189999 -5.9950000000000001 3.8812044836580002 
 7 4 8 4
7 0 0  3 4 2  -5.3905110014810003 -5.9950000000000001 4.4186296280509998  -5.462810423214 -5.9950000000000001 4.3463302925059999  -5.5037800608629999 -5.9950000000000001 4.2475211599889997  -5.5037800608629999 -5.9950000000000001 4.1438920978200002 
 6 4 7 4
7 0 0  3 4 2  -5.113363460455 -5.9950000000000001 4.5343086062940001  -5.2169925456090001 -5.9950000000000001 4.5343086062940001  -5.3158016551419998 -5.9950000000000001 4.4933389743929997  -5.3905110014810003 -5.9950000000000001 4.4186296280509998 
 5 4 6 4
7 0 0  3 4 2  -5.0579339706360003 -5.9950000000000001 4.5294886536560002  -5.0772137811910003 -5.9950000000000001 4.5318986414660003  -5.0940836499 -5.9950000000000001 4.5343086062940001  -5.113363460455 -5.9950000000000001 4.5343086062940001 
 4 4 5 4
7 0 0  3 4 2  -4.9518949206540004 -5.9950000000000001 4.6355277151280001  -4.9928645755409997 -5.9950000000000001 4.6066079648220004  -5.0266042669940001 -5.9950000000000001 4.5704582855589999  -5.0579339706360003 -5.9950000000000001 4.5294886536560002 
 3 4 4 4
7 0 0  3 4 2  -4.6626974865399999 -5.9950000000000001 4.7295168835150001  -4.7687365365209997 -5.9950000000000001 4.7295168835150001  -4.8675456690369998 -5.9950000000000001 4.695777183443  -4.9518949206540004 -5.9950000000000001 4.6355277151280001 
 2 4 3 4
7 0 0  3 4 2  -4.3349404313160003 -5.9950000000000001 4.6041979885020003  -4.4265196003989997 -5.9950000000000001 4.6837272903549998  -4.5421985556589997 -5.9950000000000001 4.7295168835150001  -4.6626974865399999 -5.9950000000000001 4.7295168835150001 
 1 4 2 4
7 0 0  3 4 2  -4.204801549191 -5.9950000000000001 4.4138096754139999  -4.2313112772109998 -5.9950000000000001 4.48610903394  -4.2771009077190003 -5.9950000000000001 4.5511784520210004  -4.3349404313160003 -5.9950000000000001 4.6041979885020003 
 0 4 1 4
2 -7.6500000000000004 0.0050000000000000001 2.5 -1 -0 0 -0 0 -1 0 -1 -0 3
2 -9.0500000000000007 0.0050000000000000001 2.5 -1 0 0 0 0 1 0 1 -0 3
1 -2.25 2.9350000000000001 3 0 0 1 
1 -2.25 -2.9950000000000001 4.5 0 1 -0 
1 -2.25 3.0049999999999999 3 -0 -0 1 
1 -2.25 -2.9950000000000001 5 -0 -1 -0 
1 1.25 3.0049999999999999 3 -0 -0 1 
1 1.25 -2.9950000000000001 4.5 -0 -1 0 
1 1.25 2.9350000000000001 3 0 0 1 
1 1.25 -2.9950000000000001 5 0 1 0 
1 -2.25 2.6349999999999998 3 0 0 1 
1 -2.25 -2.9950000000000001 4.5 0 1 -0 
1 -2.25 2.7850000000000001 3 0 0 1 
1 -2.25 -2.9950000000000001 5 -0 -1 -0 
1 1.25 2.7850000000000001 3 0 0 1 
1 1.25 -2.9950000000000001 4.5 -0 -1 0 
1 1.25 2.6349999999999998 3 0 0 1 
1 1.25 -2.9950000000000001 5 0 1 0 
1 -2.25 2.335 3 0 0 1 
1 -2.25 -2.9950000000000001 4.5 0 1 -0 
1 -2.25 2.4849999999999999 3 0 0 1 
1 -2.25 -2.9950000000000001 5 -0 -1 -0 
1 1.25 2.4849999999999999 3 0 0 1 
1 1.25 -2.9950000000000001 4.5 -0 -1 0 
1 1.25 2.335 3 0 0 1 
1 1.25 -2.9950000000000001 5 0 1 0 
1 -2.25 2.0350000000000001 3 0 0 1 
1 -2.25 -2.9950000000000001 4.5 0 1 -0 
1 -2.25 2.1850000000000001 3 0 0 1 
1 -2.25 -2.9950000000000001 5 -0 -1 -0 
1 1.25 2.1850000000000001 3 0 0 1 
1 1.25 -2.9950000000000001 4.5 -0 -1 0 
1 1.25 2.0350000000000001 3 0 0 1 
1 1.25 -2.9950000000000001 5 0 1 0 
1 -2.25 1.7350000000000001 3 0 0 1 
1 -2.25 -2.9950000000000001 4.5 0 1 -0 
1 -2.25 1.885 3 0 0 1 
1 -2.25 -2.9950000000000001 5 -0 -1 -0 
1 1.25 1.885 3 0 0 1 
1 1.25 -2.9950000000000001 4.5 -0 -1 0 
1 1.25 1.7350000000000001 3 0 0 1 
1 1.25 -2.9950000000000001 5 0 1 0 
1 -2.25 1.4350000000000001 3 0 0 1 
1 -2.25 -2.9950000000000001 4.5 0 1 -0 
1 -2.25 1.585 3 0 0 1 
1 -2.25 -2.9950000000000001 5 -0 -1 -0 
1 1.25 1.585 3 0 0 1 
1 1.25 -2.9950000000000001 4.5 -0 -1 0 
1 1.25 1.4350000000000001 3 0 0 1 
1 1.25 -2.9950000000000001 5 0 1 0 
1 -2.25 1.135 3 0 0 1 
1 -2.25 -2.9950000000000001 4.5 0 1 -0 
1 -2.25 1.2849999999999999 3 0 0 1 
1 -2.25 -2.9950000000000001 5 -0 -1 -0 
1 1.25 1.2849999999999999 3 0 0 1 
1 1.25 -2.9950000000000001 4.5 -0 -1 0 
1 1.25 1.135 3 0 0 1 
1 1.25 -2.9950000000000001 5 0 1 0 
1 -2.25 0.83499999999999996 3 0 0 1 
1 -2.25 -2.9950000000000001 4.5 0 1 -0 
1 -2.25 0.98499999999999999 3 0 0 1 
1 -2.25 -2.9950000000000001 5 -0 -1 -0 
1 1.25 0.98499999999999999 3 0 0 1 
1 1.25 -2.9950000000000001 4.5 -0 -1 0 
1 1.25 0.83499999999999996 3 0 0 1 
1 1.25 -2.9950000000000001 5 0 1 0 
1 -2.25 0.53500000000000003 3 0 0 1 
1 -2.25 -2.9950000000000001 4.5 0 1 -0 
1 -2.25 0.68500000000000005 3 0 0 1 
1 -2.25 -2.9950000000000001 5 -0 -1 -0 
1 1.25 0.68500000000000005 3 0 0 1 
1 1.25 -2.9950000000000001 4.5 -0 -1 0 
1 1.25 0.53500000000000003 3 0 0 1 
1 1.25 -2.9950000000000001 5 0 1 0 
1 -2.25 0.23499999999999999 3 0 0 1 
1 -2.25 -2.9950000000000001 4.5 0 1 -0 
1 -2.25 0.38500000000000001 3 0 0 1 
1 -2.25 -2.9950000000000001 5 -0 -1 -0 
1 1.25 0.38500000000000001 3 0 0 1 
1 1.25 -2.9950000000000001 4.5 -0 -1 0 
1 1.25 0.23499999999999999 3 0 0 1 
1 1.25 -2.9950000000000001 5 0 1 0 
1 -2.25 -0.065000000000000002 3 0 0 1 
1 -2.25 -2.9950000000000001 4.5 0 1 -0 
1 -2.25 0.085000000000000006 3 0 0 1 
1 -2.25 -2.9950000000000001 5 -0 -1 -0 
1 1.25 0.085000000000000006 3 0 0 1 
1 1.25 -2.9950000000000001 4.5 -0 -1 0 
1 1.25 -0.065000000000000002 3 0 0 1 
1 1.25 -2.9950000000000001 5 0 1 0 
1 -2.25 -0.36499999999999999 3 0 0 1 
1 -2.25 -2.9950000000000001 4.5 0 1 -0 
1 -2.25 -0.215 3 0 0 1 
1 -2.25 -2.9950000000000001 5 -0 -1 -0 
1 1.25 -0.215 3 0 0 1 
1 1.25 -2.9950000000000001 4.5 -0 -1 0 
1 1.25 -0.36499999999999999 3 0 0 1 
1 1.25 -2.9950000000000001 5 0 1 0 
1 -2.25 -0.66500000000000004 3 0 0 1 
1 -2.25 -2.9950000000000001 4.5 0 1 -0 
1 -2.25 -0.51500000000000001 3 0 0 1 
1 -2.25 -2.9950000000000001 5 -0 -1 -0 
1 1.25 -0.51500000000000001 3 0 0 1 
1 1.25 -2.9950000000000001 4.5 -0 -1 0 
1 1.25 -0.66500000000000004 3 0 0 1 
1 1.25 -2.9950000000000001 5 0 1 0 
1 -2.25 -0.96499999999999997 3 0 0 1 
1 -2.25 -2.9950000000000001 4.5 0 1 -0 
1 -2.25 -0.81499999999999995 3 0 0 1 
1 -2.25 -2.9950000000000001 5 -0 -1 -0 
1 1.25 -0.81499999999999995 3 0 0 1 
1 1.25 -2.9950000000000001 4.5 -0 -1 0 
1 1.25 -0.96499999999999997 3 0 0 1 
1 1.25 -2.9950000000000001 5 0 1 0 
1 -2.25 -1.2649999999999999 3 0 0 1 
1 -2.25 -2.9950000000000001 4.5 0 1 -0 
1 -2.25 -1.115 3 0 0 1 
1 -2.25 -2.9950000000000001 5 -0 -1 -0 
1 1.25 -1.115 3 0 0 1 
1 1.25 -2.9950000000000001 4.5 -0 -1 0 
1 1.25 -1.2649999999999999 3 0 0 1 
1 1.25 -2.9950000000000001 5 0 1 0 
1 -2.25 -1.5649999999999999 3 0 0 1 
1 -2.25 -2.9950000000000001 4.5 0 1 -0 
1 -2.25 -1.415 3 0 0 1 
1 -2.25 -2.9950000000000001 5 -0 -1 -0 
1 1.25 -1.415 3 0 0 1 
1 1.25 -2.9950000000000001 4.5 -0 -1 0 
1 1.25 -1.5649999999999999 3 0 0 1 
1 1.25 -2.9950000000000001 5 0 1 0 
1 -2.25 -1.865 3 0 0 1 
1 -2.25 -2.9950000000000001 4.5 0 1 -0 
1 -2.25 -1.7150000000000001 3 0 0 1 
1 -2.25 -2.9950000000000001 5 -0 -1 -0 
1 1.25 -1.7150000000000001 3 0 0 1 
1 1.25 -2.9950000000000001 4.5 -0 -1 0 
1 1.25 -1.865 3 0 0 1 
1 1.25 -2.9950000000000001 5 0 1 0 
1 -2.25 -2.165 3 0 0 1 
1 -2.25 -2.9950000000000001 4.5 0 1 -0 
1 -2.25 -2.0150000000000001 3 0 0 1 
1 -2.25 -2.9950000000000001 5 -0 -1 -0 
1 1.25 -2.0150000000000001 3 0 0 1 
1 1.25 -2.9950000000000001 4.5 -0 -1 0 
1 1.25 -2.165 3 0 0 1 
1 1.25 -2.9950000000000001 5 0 1 0 
1 -2.25 -2.4649999999999999 3 0 0 1 
1 -2.25 -2.9950000000000001 4.5 0 1 -0 
1 -2.25 -2.3149999999999999 3 0 0 1 
1 -2.25 -2.9950000000000001 5 -0 -1 -0 
1 1.25 -2.3149999999999999 3 0 0 1 
1 1.25 -2.9950000000000001 4.5 -0 -1 0 
1 1.25 -2.4649999999999999 3 0 0 1 
1 1.25 -2.9950000000000001 5 0 1 0 
1 -2.25 -2.7650000000000001 3 0 0 1 
1 -2.25 -2.9950000000000001 4.5 0 1 -0 
1 -2.25 -2.6150000000000002 3 0 0 1 
1 -2.25 -2.9950000000000001 5 -0 -1 -0 
1 1.25 -2.6150000000000002 3 0 0 1 
1 1.25 -2.9950000000000001 4.5 -0 -1 0 
1 1.25 -2.7650000000000001 3 0 0 1 
1 1.25 -2.9950000000000001 5 0 1 0 
1 -6.25 -4.4950000000000001 0 -0 -1 -0 
1 -6.25 -4.4950000000000001 5 -0 -1 -0 
1 -6.25 4.5049999999999999 5 -0 -0 -1 
1 -6.25 4.5049999999999999 0 -1 -0 -0 
1 -6.25 4.5049999999999999 5 -1 -0 -0 
1 -5.75 4.5049999999999999 5 -0 -0 -1 
1 -6.25 -4.4950000000000001 5 -0 -1 -0 
2 -6.25 0.0050000000000000001 2.5 1 0 0 0 0 -1 -0 1 0 3
1 -6.25 -4.4950000000000001 0 -0 -1 -0 
1 -6.25 -4.4950000000000001 5 -0 -0 -1 
1 -6.25 -4.4950000000000001 0 1 0 0 
1 -5.75 -4.4950000000000001 5 -0 -0 -1 
1 -6.25 -4.4950000000000001 5 1 0 0 
1 -5.75 -4.4950000000000001 0 0 -1 0 
1 -5.75 -4.4950000000000001 5 0 -1 0 
1 5.1500000000000004 -5.4950000000000001 0.5 -0 -0 -1 
1 5.1500000000000004 5.5049999999999999 4.5 0 -1 0 
1 5.1500000000000004 5.5049999999999999 0.5 0 0 1 
1 5.1500000000000004 5.5049999999999999 0.5 -0 1 -0 
1 5.1500000000000004 6.0049999999999999 0 -0 1 -0 
1 5.1500000000000004 6.0049999999999999 5 -0 -0 -1 
1 5.1500000000000004 6.0049999999999999 5 -0 1 -0 
1 -5.75 6.0049999999999999 5 -1 -0 -0 
1 3.25 6.0049999999999999 1 -0 -0 1 
1 3.25 6.0049999999999999 1 -1 -0 -0 
1 4.3499999999999996 6.0049999999999999 1 -0 -0 1 
1 -5.75 6.0049999999999999 5 -1 -0 -0 
1 -5.75 6.0049999999999999 0 -1 -0 -0 
1 -5.75 6.0049999999999999 5 -0 -0 -1 
1 -5.75 4.5049999999999999 0 -0 -1 -0 
1 -5.75 4.5049999999999999 5 -0 -1 -0 
1 -5.75 -2.9950000000000001 5 -0 -1 -0 
1 -5.75 3.0049999999999999 5 -1 -0 -0 
1 -3.75 -2.9950000000000001 5 0 1 0 
1 -5.75 -2.9950000000000001 5 1 0 0 
1 -5.75 -2.9950000000000001 5 -0 -1 -0 
1 -5.75 -1.653312395178 5 1 -0 -0 
1 3.25 -5.9950000000000001 5 2.1684043449710002e-15 -1 -0 
1 3.25 -5.1950000000000003 5 -1 -0 -0 
1 4.3499999999999996 -5.9950000000000001 5 0 1 0 
1 4.3499999999999996 6.0049999999999999 5 -0 1 -0 
1 3.25 5.2050000000000001 5 1 0 0 
1 3.25 6.0049999999999999 5 0 -1 0 
1 1.5966042178640001 -5.0017244230470004 5 -0 -1 -0 
1 1.5966042178640001 -4.6955573701880002 5 -1 -0 -0 
1 2.155691879605 -5.0017244230470004 5 0 1 0 
1 1.5966042178640001 -5.0017244230470004 5 1 0 0 
1 2.5550402094210001 -3.2978382158350001 5 -0 -1 -0 
1 2.5550402094210001 -2.8186202200560002 5 -1 -0 -0 
1 3.3404252580580001 -3.2978382158350001 5 0 1 0 
1 2.5550402094210001 -3.2978382158350001 5 1 0 0 
1 2.5550402094210001 3.3078382158349999 5 -1 -0 -0 
1 3.3404252580580001 3.3078382158349999 5 -0 1 -0 
1 2.5550402094210001 2.828620220056 5 1 0 0 
1 2.5550402094210001 3.3078382158349999 5 0 -1 0 
1 1.5966042178640001 5.0117244230470002 5 -1 -0 -0 
1 2.155691879605 5.0117244230470002 5 -0 1 -0 
1 1.5966042178640001 4.705557370188 5 1 0 0 
1 1.5966042178640001 5.0117244230470002 5 0 -1 0 
1 -2.25 2.7850000000000001 5 1 0 0 
1 -2.25 2.6349999999999998 5 -1 -0 -0 
1 -2.25 2.4849999999999999 5 1 0 0 
1 -2.25 2.335 5 -1 -0 -0 
1 -2.25 2.1850000000000001 5 1 0 0 
1 -2.25 2.0350000000000001 5 -1 -0 -0 
1 -2.25 1.885 5 1 0 0 
1 -2.25 1.7350000000000001 5 -1 -0 -0 
1 -2.25 1.585 5 1 0 0 
1 -2.25 1.4350000000000001 5 -1 -0 -0 
1 -2.25 1.2849999999999999 5 1 0 0 
1 -2.25 1.135 5 -1 -0 -0 
1 -2.25 0.98499999999999999 5 1 0 0 
1 -2.25 0.83499999999999996 5 -1 -0 -0 
1 -2.25 0.68500000000000005 5 1 0 0 
1 -2.25 0.53500000000000003 5 -1 -0 -0 
1 -2.25 0.38500000000000001 5 1 0 0 
1 -2.25 0.23499999999999999 5 -1 -0 -0 
1 -2.25 0.085000000000000006 5 1 0 0 
1 -2.25 -0.065000000000000002 5 -1 -0 -0 
1 -2.25 -0.215 5 1 0 0 
1 -2.25 -0.36499999999999999 5 -1 -0 -0 
1 -2.25 -0.51500000000000001 5 1 0 0 
1 -2.25 -0.66500000000000004 5 -1 -0 -0 
1 -2.25 -0.81499999999999995 5 1 0 0 
1 -2.25 -0.96499999999999997 5 -1 -0 -0 
1 -2.25 -1.115 5 1 0 0 
1 -2.25 -1.2649999999999999 5 -1 -0 -0 
1 -2.25 -1.415 5 1 0 0 
1 -2.25 -1.5649999999999999 5 -1 -0 -0 
1 -2.25 -1.7150000000000001 5 1 0 0 
1 -2.25 -1.865 5 -1 -0 -0 
1 -2.25 -2.0150000000000001 5 1 0 0 
1 -2.25 -2.165 5 -1 -0 -0 
1 -2.25 -2.3149999999999999 5 1 0 0 
1 -2.25 -2.4649999999999999 5 -1 -0 -0 
1 -2.25 -2.6150000000000002 5 1 0 0 
1 -2.25 -2.7650000000000001 5 -1 -0 -0 
1 -2.25 -2.9950000000000001 5 -0 -1 -0 
1 -2.25 -2.915 5 1 0 0 
1 1.25 -2.9950000000000001 5 0 1 0 
1 -2.25 -2.9950000000000001 5 1 0 0 
1 -2.25 3.0049999999999999 5 -1 -0 -0 
1 -2.25 2.9350000000000001 5 -1 -0 -0 
2 -4.75 -4.9950000000000001 0 0 0 -1 1 0 0 0 -1 0 0.40000000000000002
2 -2.25 -4.9950000000000001 0 0 0 -1 1 0 0 0 -1 0 0.40000000000000002
2 2.6499999999999999 0.0050000000000000001 0 0 0 -1 1 0 0 0 -1 0 0.40000000000000002
2 -2.25 5.0049999999999999 0 0 0 -1 1 0 0 0 -1 0 0.40000000000000002
2 -4.75 5.0049999999999999 0 0 0 -1 1 0 0 0 -1 0 0.40000000000000002
1 -6.25 -0.44500000000000001 0 1 -2.168404344971e-16 0 
1 -2.5249999999999999 0.0050000000000000001 0 0 1 0 
1 -6.25 0.45500000000000002 0 -1 2.168404344971e-16 0 
1 -2.7749999999999999 0.0050000000000000001 0 0 -1 0 
1 2.1499999999999999 0.0050000000000000001 0 0 -1 0 
1 -6.25 -2.6949999999999998 0 1 8.673617379884e-16 -0 
1 3.1499999999999999 0.0050000000000000001 0 0 1 -0 
1 -6.25 -2.2949999999999999 0 -1 -0 0 
1 2.1499999999999999 0.0050000000000000001 0 0 -1 0 
1 -6.25 -5.1200000000000001 0 1 8.673617379884e-16 -0 
1 3.1499999999999999 0.0050000000000000001 0 0 1 -0 
1 -6.25 -4.8700000000000001 0 -1 -0 0 
1 -6.25 5.1299999999999999 0 -1 8.673617379884e-16 0 
1 2.1499999999999999 0.0050000000000000001 0 0 -1 0 
1 -6.25 4.8799999999999999 0 1 0 -0 
1 3.1499999999999999 0.0050000000000000001 0 0 1 0 
1 -6.25 2.7050000000000001 0 -1 8.673617379884e-16 0 
1 2.1499999999999999 0.0050000000000000001 0 0 -1 0 
1 -6.25 2.3050000000000002 0 1 0 -0 
1 3.1499999999999999 0.0050000000000000001 0 0 1 0 
1 -5.75 0.0050000000000000001 0 0 -1 0 
1 -5.75 -1.653312395178 0 1 -0 -0 
2 -5.75 0.0050000000000000001 2.5 -1 0 0 0 0 1 0 1 -0 3
2 -5.75 0.0050000000000000001 2.5 -1 0 0 0 0 1 0 1 -0 3
1 -5.75 -2.9950000000000001 4.4000000000000004 -0 -0 1 
1 -5.75 -2.9950000000000001 4.4000000000000004 -0 -1 -0 
1 -5.75 3.0049999999999999 4.4000000000000004 -0 -0 1 
2 -9.0500000000000007 0.0050000000000000001 2.5 1 0 -0 0 0 1 0 -1 0 2.2000000000000002
2 -8.6500000000000004 0.0050000000000000001 2.5 -1 0 0 0 0 1 0 1 -0 1.8
2 -6.25 0.0050000000000000001 2.5 -1 0 0 0 0 1 0 1 -0 1.8
1 3.25 -5.4950000000000001 1 0 0 1 
1 3.25 -5.9950000000000001 4.5 -2.1684043449710002e-15 1 0 
1 3.25 -5.1950000000000003 1 -0 -0 1 
1 3.25 -5.9950000000000001 1 2.1684043449710002e-15 -1 -0 
1 3.25 -5.1950000000000003 4.5 1 0 -0 
1 4.3499999999999996 -5.1950000000000003 1 -0 -0 1 
1 4.3499999999999996 -5.9950000000000001 4.5 -0 -1 0 
1 4.3499999999999996 -5.4950000000000001 1 0 0 -1 
1 4.3499999999999996 -5.9950000000000001 1 0 1 0 
1 -6.25 -5.4950000000000001 1 -1 0 0 
1 3.25 5.2050000000000001 1 -0 -0 1 
1 3.25 6.0049999999999999 4.5 0 1 0 
1 3.25 5.5049999999999999 1 0 0 -1 
1 3.25 6.0049999999999999 1 0 -1 0 
1 4.3499999999999996 5.5049999999999999 1 -0 0 1 
1 4.3499999999999996 6.0049999999999999 4.5 0 -1 0 
1 4.3499999999999996 5.2050000000000001 1 -0 -0 1 
1 4.3499999999999996 6.0049999999999999 1 -0 1 -0 
1 3.25 5.2050000000000001 4.5 -1 0 0 
1 -6.25 5.5049999999999999 1 -1 0 0 
1 -2.25 -2.9950000000000001 3 -0 -0 1 
1 -2.25 -2.9950000000000001 4.5 0 1 -0 
1 -2.25 -2.915 3 0 0 1 
1 -2.25 3.0049999999999999 4.5 1 0 -0 
1 1.25 -2.915 3 0 0 1 
1 1.25 -2.9950000000000001 4.5 -0 -1 0 
1 1.25 -2.9950000000000001 3 -0 -0 1 
1 -2.25 -2.9950000000000001 4.5 -1 0 0 
1 -2.25 -2.7650000000000001 4.5 1 0 0 
1 -2.25 -2.915 4.5 -1 0 0 
1 -2.25 -2.4649999999999999 4.5 1 0 0 
1 -2.25 -2.6150000000000002 4.5 -1 0 0 
1 -2.25 -2.165 4.5 1 0 0 
1 -2.25 -2.3149999999999999 4.5 -1 0 0 
1 -2.25 -1.865 4.5 1 0 0 
1 -2.25 -2.0150000000000001 4.5 -1 0 0 
1 -2.25 -1.5649999999999999 4.5 1 0 0 
1 -2.25 -1.7150000000000001 4.5 -1 0 0 
1 -2.25 -1.2649999999999999 4.5 1 0 0 
1 -2.25 -1.415 4.5 -1 0 0 
1 -2.25 -0.96499999999999997 4.5 1 0 0 
1 -2.25 -1.115 4.5 -1 0 0 
1 -2.25 -0.66500000000000004 4.5 1 0 0 
1 -2.25 -0.81499999999999995 4.5 -1 0 0 
1 -2.25 -0.36499999999999999 4.5 1 0 0 
1 -2.25 -0.51500000000000001 4.5 -1 0 0 
1 -2.25 -0.065000000000000002 4.5 1 0 0 
1 -2.25 -0.215 4.5 -1 0 0 
1 -2.25 0.23499999999999999 4.5 1 0 0 
1 -2.25 0.085000000000000006 4.5 -1 0 0 
1 -2.25 0.53500000000000003 4.5 1 0 0 
1 -2.25 0.38500000000000001 4.5 -1 0 0 
1 -2.25 0.83499999999999996 4.5 1 0 0 
1 -2.25 0.68500000000000005 4.5 -1 0 0 
1 -2.25 1.135 4.5 1 0 0 
1 -2.25 0.98499999999999999 4.5 -1 0 0 
1 -2.25 1.4350000000000001 4.5 1 0 0 
1 -2.25 1.2849999999999999 4.5 -1 0 0 
1 -2.25 1.7350000000000001 4.5 1 0 0 
1 -2.25 1.585 4.5 -1 0 0 
1 -2.25 2.0350000000000001 4.5 1 0 0 
1 -2.25 1.885 4.5 -1 0 0 
1 -2.25 2.335 4.5 1 0 0 
1 -2.25 2.1850000000000001 4.5 -1 0 0 
1 -2.25 2.6349999999999998 4.5 1 0 0 
1 -2.25 2.4849999999999999 4.5 -1 0 0 
1 -2.25 2.9350000000000001 4.5 1 0 0 
1 -2.25 2.7850000000000001 4.5 -1 0 0 
1 1.5966042178640001 5.0117244230470002 3 -0 -0 1 
1 1.5966042178640001 5.0117244230470002 4.5 1 0 -0 
1 1.5966042178640001 5.0117244230470002 4.5 1 0 -0 
1 2.155691879605 5.0117244230470002 3 -0 -0 1 
1 2.155691879605 5.0117244230470002 4.5 0 -1 0 
1 2.155691879605 5.0117244230470002 4.5 0 -1 0 
1 2.155691879605 4.705557370188 3 -0 -0 1 
1 1.5966042178640001 4.705557370188 4.5 -1 0 0 
1 1.5966042178640001 4.705557370188 3 -0 -0 1 
1 1.5966042178640001 5.0117244230470002 4.5 0 1 0 
1 2.5550402094210001 3.3078382158349999 3 -0 -0 1 
1 2.5550402094210001 3.3078382158349999 4.5 1 0 -0 
1 3.3404252580580001 3.3078382158349999 3 -0 -0 1 
1 3.3404252580580001 3.3078382158349999 4.5 0 -1 0 
1 3.3404252580580001 2.828620220056 3 -0 -0 1 
1 2.5550402094210001 2.828620220056 4.5 -1 0 0 
1 2.5550402094210001 2.828620220056 3 -0 -0 1 
1 2.5550402094210001 3.3078382158349999 4.5 0 1 0 
1 2.5550402094210001 -3.2978382158350001 3 -0 -0 1 
1 2.5550402094210001 -3.2978382158350001 4.5 0 1 -0 
1 2.5550402094210001 -2.8186202200560002 3 -0 -0 1 
1 2.5550402094210001 -2.8186202200560002 4.5 1 0 -0 
1 3.3404252580580001 -2.8186202200560002 3 -0 -0 1 
1 3.3404252580580001 -3.2978382158350001 4.5 -0 -1 0 
1 3.3404252580580001 -3.2978382158350001 3 -0 -0 1 
1 2.5550402094210001 -3.2978382158350001 4.5 -1 0 0 
1 1.5966042178640001 -5.0017244230470004 3 -0 -0 1 
1 1.5966042178640001 -5.0017244230470004 4.5 0 1 -0 
1 1.5966042178640001 -4.6955573701880002 3 -0 -0 1 
1 1.5966042178640001 -4.6955573701880002 4.5 1 0 -0 
1 2.155691879605 -4.6955573701880002 3 -0 -0 1 
1 2.155691879605 -5.0017244230470004 4.5 -0 -1 0 
1 2.155691879605 -5.0017244230470004 4.5 -0 -1 0 
1 2.155691879605 -5.0017244230470004 3 -0 -0 1 
1 1.5966042178640001 -5.0017244230470004 4.5 -1 0 0 
1 1.5966042178640001 -5.0017244230470004 4.5 -1 0 0 
1 -4.8499999999999996 -5.4950000000000001 4.5 1 -0 -0 
1 -4.8499999999999996 -5.4950000000000001 0.5 1 -0 -0 
1 -4.8499999999999996 -5.4950000000000001 0.5 -0 -0 -1 
1 -4.8499999999999996 -5.4950000000000001 4.5 1 -0 -0 
1 -4.8499999999999996 5.5049999999999999 4.5 1 -0 -0 
1 -4.8499999999999996 5.5049999999999999 0.5 0 0 1 
1 -4.8499999999999996 5.5049999999999999 0.5 1 -0 -0 
1 -4.8499999999999996 5.5049999999999999 4.5 1 -0 -0 
1 -2.7749999999999999 -0.44500000000000001 4.5 -1 2.168404344971e-16 -0 
1 -2.5249999999999999 0.45500000000000002 4.5 0 -1 0 
1 -2.7749999999999999 0.45500000000000002 4.5 1 -2.168404344971e-16 0 
1 -2.7749999999999999 0.45500000000000002 4.5 -0 1 -0 
1 2.1499999999999999 -2.6949999999999998 4.5 0 1 0 
1 2.1499999999999999 -2.6949999999999998 4.5 -1 -8.673617379884e-16 -0 
1 3.1499999999999999 -2.6949999999999998 4.5 -0 -1 -0 
1 2.1499999999999999 -2.2949999999999999 4.5 1 0 0 
1 2.1499999999999999 2.7050000000000001 4.5 1 -8.673617379884e-16 0 
1 2.1499999999999999 2.7050000000000001 4.5 -0 1 -0 
1 2.1499999999999999 2.3050000000000002 4.5 -1 -0 -0 
1 3.1499999999999999 2.7050000000000001 4.5 0 -1 0 
1 3.1499999999999999 -5.1200000000000001 4.5 -0 -1 -0 
1 2.1499999999999999 -4.8700000000000001 4.5 1 0 0 
1 2.1499999999999999 -5.1200000000000001 4.5 0 1 0 
1 2.1499999999999999 -5.1200000000000001 4.5 -1 -8.673617379884e-16 -0 
1 2.1499999999999999 5.1299999999999999 4.5 1 -8.673617379884e-16 0 
1 2.1499999999999999 5.1299999999999999 4.5 -0 1 -0 
1 2.1499999999999999 4.8799999999999999 4.5 -1 -0 -0 
1 3.1499999999999999 5.1299999999999999 4.5 0 -1 0 
1 -3.75 5.5049999999999999 4.5 0 1 -0 
1 -4.8499999999999996 3.0049999999999999 4.5 -1 -0 0 
1 -4.8499999999999996 5.5049999999999999 4.5 0 -1 0 
1 -4.8499999999999996 5.5049999999999999 4.5 0 -1 0 
1 -4.8499999999999996 -2.9950000000000001 4.5 1 0 -0 
1 -4.8499999999999996 0.45500000000000002 0.5 1 -2.168404344971e-16 0 
1 -2.5249999999999999 5.5049999999999999 0.5 0 -1 0 
1 -4.8499999999999996 -0.44500000000000001 0.5 -1 2.168404344971e-16 0 
1 -2.7749999999999999 5.5049999999999999 0.5 0 1 0 
1 3.1499999999999999 5.5049999999999999 0.5 0 -1 0 
1 -4.8499999999999996 -2.6949999999999998 0.5 -1 -8.673617379884e-16 0 
1 2.1499999999999999 5.5049999999999999 0.5 0 1 0 
1 -4.8499999999999996 -2.2949999999999999 0.5 1 0 0 
1 3.1499999999999999 5.5049999999999999 0.5 0 -1 0 
1 -4.8499999999999996 -5.1200000000000001 0.5 -1 -8.673617379884e-16 0 
1 2.1499999999999999 5.5049999999999999 0.5 0 1 0 
1 -4.8499999999999996 -4.8700000000000001 0.5 1 0 0 
1 -4.8499999999999996 4.8799999999999999 0.5 -1 0 0 
1 2.1499999999999999 5.5049999999999999 0.5 0 1 0 
1 -4.8499999999999996 5.1299999999999999 0.5 1 -8.673617379884e-16 0 
1 3.1499999999999999 5.5049999999999999 0.5 0 -1 0 
1 -4.8499999999999996 2.3050000000000002 0.5 -1 0 0 
1 2.1499999999999999 5.5049999999999999 0.5 0 1 0 
1 -4.8499999999999996 2.7050000000000001 0.5 1 -8.673617379884e-16 0 
1 3.1499999999999999 5.5049999999999999 0.5 0 -1 0 
1 -4.8499999999999996 5.5049999999999999 0.5 -0 1 -0 
1 -4.8499999999999996 3.0049999999999999 2.5 0 0 -1 
1 -4.8499999999999996 0.0050000000000000001 4.4000000000000004 0 -1 0 
1 -4.8499999999999996 -2.9950000000000001 2.5 0 0 1 
1 2.1499999999999999 2.7050000000000001 4.5 0 0 -1 
1 3.1499999999999999 2.7050000000000001 4.5 0 0 -1 
1 3.1499999999999999 2.3050000000000002 4.5 0 0 -1 
1 2.1499999999999999 2.3050000000000002 4.5 0 0 -1 
1 2.1499999999999999 2.7050000000000001 4.5 0 0 -1 
1 2.1499999999999999 2.3050000000000002 -2.6000000000000001 -0 -1 -0 
1 2.1499999999999999 2.3050000000000002 4.5 0 0 -1 
2 2.5499999999999998 2.3050000000000002 -2.6000000000000001 0 -1 0 0 0 -1 1 0 0 0.40000000000000002
1 2.1499999999999999 2.3050000000000002 -3 -1 -0 -0 
2 2.75 2.3050000000000002 -2.6000000000000001 0 -1 0 0 0 -1 1 0 0 0.40000000000000002
1 3.1499999999999999 2.3050000000000002 4.5 0 0 -1 
1 3.1499999999999999 2.7050000000000001 -2.6000000000000001 -0 1 -0 
1 3.1499999999999999 2.7050000000000001 4.5 0 0 -1 
1 2.1499999999999999 2.7050000000000001 -3 1 -8.673617379884e-16 0 
2 2.5499999999999998 2.7050000000000001 -2.6000000000000001 8.673617379884e-16 1 0 -1 8.673617379884e-16 0 0 -0 1 0.40000000000000002
2 2.75 2.7050000000000001 -2.6000000000000001 8.673617379884e-16 1 0 -1 8.673617379884e-16 0 0 -0 1 0.40000000000000002
1 2.5499999999999998 2.7050000000000001 -3 0 1 -0 
1 2.75 2.3050000000000002 -3 0 -1 0 
1 2.1499999999999999 5.1299999999999999 4.5 0 0 -1 
1 3.1499999999999999 5.1299999999999999 4.5 0 0 -1 
1 3.1499999999999999 4.8799999999999999 4.5 0 0 -1 
1 2.1499999999999999 4.8799999999999999 4.5 -1 -0 -0 
1 2.1499999999999999 4.8799999999999999 4.5 0 0 -1 
1 2.1499999999999999 5.1299999999999999 4.5 -0 1 -0 
1 2.1499999999999999 5.1299999999999999 4.5 0 0 -1 
1 2.1499999999999999 4.8799999999999999 -2.6000000000000001 -0 -1 -0 
1 2.1499999999999999 4.8799999999999999 4.5 0 0 -1 
1 2.1499999999999999 4.8799999999999999 -3 -1 -0 -0 
2 2.75 4.8799999999999999 -2.6000000000000001 0 -1 0 0 0 -1 1 0 0 0.40000000000000002
1 3.1499999999999999 4.8799999999999999 4.5 0 0 -1 
2 2.5499999999999998 4.8799999999999999 -2.6000000000000001 0 -1 0 0 0 -1 1 0 0 0.40000000000000002
1 3.1499999999999999 5.1299999999999999 -2.6000000000000001 -0 1 -0 
1 3.1499999999999999 5.1299999999999999 4.5 0 0 -1 
2 2.75 5.1299999999999999 -2.6000000000000001 8.673617379884e-16 1 0 -1 8.673617379884e-16 0 0 -0 1 0.40000000000000002
1 2.1499999999999999 5.1299999999999999 -3 1 -8.673617379884e-16 0 
2 2.5499999999999998 5.1299999999999999 -2.6000000000000001 8.673617379884e-16 1 0 -1 8.673617379884e-16 0 0 -0 1 0.40000000000000002
1 2.75 4.8799999999999999 -3 0 -1 0 
1 2.5499999999999998 5.1299999999999999 -3 0 1 -0 
1 2.1499999999999999 -5.1200000000000001 4.5 0 0 -1 
1 2.1499999999999999 -5.1200000000000001 4.5 0 1 0 
1 2.1499999999999999 -4.8700000000000001 4.5 0 0 -1 
1 2.1499999999999999 -4.8700000000000001 4.5 1 0 0 
1 3.1499999999999999 -4.8700000000000001 4.5 0 0 -1 
1 3.1499999999999999 -5.1200000000000001 4.5 0 0 -1 
1 2.1499999999999999 -5.1200000000000001 4.5 0 0 -1 
2 2.5499999999999998 -5.1200000000000001 -2.6000000000000001 8.673617379884e-16 -1 0 1 8.673617379884e-16 0 -0 0 1 0.40000000000000002
1 2.1499999999999999 -5.1200000000000001 -3 -1 -8.673617379884e-16 -0 
2 2.75 -5.1200000000000001 -2.6000000000000001 8.673617379884e-16 -1 0 1 8.673617379884e-16 0 -0 0 1 0.40000000000000002
1 3.1499999999999999 -5.1200000000000001 4.5 0 0 -1 
1 3.1499999999999999 -4.8700000000000001 -2.6000000000000001 0 1 -0 
1 3.1499999999999999 -4.8700000000000001 4.5 0 0 -1 
1 2.1499999999999999 -4.8700000000000001 -3 1 0 0 
2 2.5499999999999998 -4.8700000000000001 -2.6000000000000001 -0 1 0 0 0 1 1 0 -0 0.40000000000000002
1 2.1499999999999999 -4.8700000000000001 4.5 0 0 -1 
2 2.75 -4.8700000000000001 -2.6000000000000001 -0 1 0 0 0 1 1 0 -0 0.40000000000000002
1 2.1499999999999999 -5.1200000000000001 -2.6000000000000001 -0 -1 -0 
1 2.5499999999999998 -4.8700000000000001 -3 0 1 -0 
1 2.75 -5.1200000000000001 -3 -0 -1 0 
1 2.1499999999999999 -2.6949999999999998 4.5 0 0 -1 
1 2.1499999999999999 -2.2949999999999999 4.5 0 0 -1 
1 3.1499999999999999 -2.2949999999999999 4.5 0 0 -1 
1 3.1499999999999999 -2.6949999999999998 4.5 0 0 -1 
1 2.1499999999999999 -2.6949999999999998 4.5 0 0 -1 
2 2.5499999999999998 -2.6949999999999998 -2.6000000000000001 8.673617379884e-16 -1 0 1 8.673617379884e-16 0 -0 0 1 0.40000000000000002
1 2.1499999999999999 -2.6949999999999998 -3 -1 -8.673617379884e-16 -0 
2 2.75 -2.6949999999999998 -2.6000000000000001 8.673617379884e-16 -1 0 1 8.673617379884e-16 0 -0 0 1 0.40000000000000002
1 3.1499999999999999 -2.6949999999999998 4.5 0 0 -1 
1 3.1499999999999999 -2.2949999999999999 -2.6000000000000001 0 1 -0 
1 3.1499999999999999 -2.2949999999999999 4.5 0 0 -1 
1 2.1499999999999999 -2.2949999999999999 -3 1 0 0 
2 2.5499999999999998 -2.2949999999999999 -2.6000000000000001 -0 1 0 0 0 1 1 0 -0 0.40000000000000002
1 2.1499999999999999 -2.2949999999999999 4.5 0 0 -1 
2 2.75 -2.2949999999999999 -2.6000000000000001 -0 1 0 0 0 1 1 0 -0 0.40000000000000002
1 2.1499999999999999 -2.6949999999999998 -2.6000000000000001 -0 -1 -0 
1 2.5499999999999998 -2.2949999999999999 -3 0 1 -0 
1 2.75 -2.6949999999999998 -3 -0 -1 0 
1 -2.5249999999999999 -0.44500000000000001 4.5 0 0 -1 
1 -2.7749999999999999 -0.44500000000000001 4.5 0 0 -1 
1 -2.7749999999999999 0.45500000000000002 4.5 0 0 -1 
1 -2.5249999999999999 0.45500000000000002 4.5 0 0 -1 
1 -2.5249999999999999 0.45500000000000002 -3 0 -1 0 
2 -2.5249999999999999 0.055 -2.6000000000000001 1 0 0 0 0 -1 -0 1 0 0.40000000000000002
1 -2.5249999999999999 0.45500000000000002 4.5 0 0 -1 
1 -2.5249999999999999 -0.44500000000000001 4.5 0 0 -1 
2 -2.5249999999999999 -0.044999999999999998 -2.6000000000000001 1 0 0 0 0 -1 -0 1 0 0.40000000000000002
1 -2.7749999999999999 0.45500000000000002 -2.6000000000000001 -1 2.168404344971e-16 -0 
1 -2.7749999999999999 0.45500000000000002 4.5 0 0 -1 
2 -2.7749999999999999 0.055 -2.6000000000000001 -1 0 -0 0 0 1 0 1 -0 0.40000000000000002
1 -2.7749999999999999 0.45500000000000002 -3 -0 1 -0 
2 -2.7749999999999999 -0.044999999999999998 -2.6000000000000001 -1 0 -0 0 0 1 0 1 -0 0.40000000000000002
1 -2.7749999999999999 -0.44500000000000001 4.5 0 0 -1 
1 -2.5249999999999999 -0.44500000000000001 -2.6000000000000001 1 -2.168404344971e-16 -0 
1 -2.5249999999999999 0.055 -3 1 -2.168404344971e-16 0 
1 -2.7749999999999999 -0.044999999999999998 -3 -1 2.168404344971e-16 0 
2 -4.75 5.0049999999999999 -0.90000000000000002 0 0 1 -1 0 0 0 -1 0 0.40000000000000002
2 -4.75 5.0049999999999999 -1 0 0 -1 -1 0 0 0 1 0 0.29999999999999999
2 -2.25 5.0049999999999999 -0.90000000000000002 0 0 1 -1 0 0 0 -1 0 0.40000000000000002
2 -2.25 5.0049999999999999 -1 0 0 -1 -1 0 0 0 1 0 0.29999999999999999
2 2.6499999999999999 0.0050000000000000001 -0.90000000000000002 0 0 1 -1 0 0 0 -1 0 0.40000000000000002
2 2.6499999999999999 0.0050000000000000001 -1 0 0 -1 -1 0 0 0 1 0 0.29999999999999999
2 -2.25 -4.9950000000000001 -0.90000000000000002 0 0 1 1 0 -0 -0 1 0 0.40000000000000002
2 -2.25 -4.9950000000000001 -1 0 0 -1 1 0 0 0 -1 0 0.29999999999999999
2 -4.75 -4.9950000000000001 -0.90000000000000002 0 0 1 1 0 -0 -0 1 0 0.40000000000000002
2 -4.75 -4.9950000000000001 -1 0 0 -1 1 0 0 0 -1 0 0.29999999999999999
1 -3.75 -2.9950000000000001 4.4000000000000004 -0 -0 1 
1 -3.75 3.0049999999999999 4.4000000000000004 -0 -0 1 
1 -5.75 3.0049999999999999 4.4000000000000004 -1 -0 -0 
1 -5.75 -2.9950000000000001 4.4000000000000004 1 0 0 
1 -3.5098594556010001 -6.0049999999999999 4.3382535967909996 -0 1 -0 
1 -3.5098594556010001 -6.0049999999999999 4.3382535967909996 -0 -0 1 
1 -3.5098594556010001 -6.0049999999999999 4.2996092609019998 -0 1 -0 
1 -3.6448546917370002 -6.0049999999999999 4.3382535967909996 -0 1 -0 
1 -3.6448546917370002 -6.0049999999999999 4.3382535967909996 -1 -0 -0 
1 -3.6448546917370002 -6.0049999999999999 4.6385703416209996 -0 1 -0 
1 -3.6448546917370002 -6.0049999999999999 4.6385703416209996 -0 -0 1 
1 -3.6886111707150002 -6.0049999999999999 4.6385703416209996 -0 1 -0 
1 -3.6886111707150002 -6.0049999999999999 4.6385703416209996 -1 -0 -0 
1 -3.6886111707150002 -6.0049999999999999 4.2996092609019998 -0 1 -0 
1 -3.6886111707150002 -6.0049999999999999 4.2996092609019998 -0 -0 -1 
1 -3.5098594556010001 -6.0049999999999999 4.2996092609019998 1 -0 -0 
1 -3.3360465905900001 -6.0049999999999999 4.2938905923619997 -0 1 -0 
7 0 0  3 4 2  -3.3360465905900001 -6.0049999999999999 4.2938905923619997  -3.298442012617 -6.0049999999999999 4.2938905923619997  -3.2671626286339999 -6.0049999999999999 4.3004757258310002  -3.2422084386419998 -6.0049999999999999 4.3136459927719999 
 0 4 1 4
1 -3.2422084386419998 -6.0049999999999999 4.3136459927719999 -0 1 -0 
1 -3.2422084386419998 -6.0049999999999999 4.3555828953980003 -0 1 -0 
1 -3.2422084386419998 -6.0049999999999999 4.3555828953980003 -0 -0 1 
7 0 0  3 4 2  -3.2422084386419998 -6.0049999999999999 4.3555828953980003  -3.2669893356480002 -6.0049999999999999 4.3405064056100002  -3.2961892037979998 -6.0049999999999999 4.3328815142229997  -3.3297213966000001 -6.0049999999999999 4.3328815142229997 
 12 4 13 4
1 -3.3297213966000001 -6.0049999999999999 4.3328815142229997 -0 1 -0 
7 0 0  3 4 2  -3.3297213966000001 -6.0049999999999999 4.3328815142229997  -3.3655930447119999 -6.0049999999999999 4.3328815142229997  -3.3946196198759999 -6.0049999999999999 4.3448387302610003  -3.416801122091 -6.0049999999999999 4.3685798693509996 
 11 4 12 4
1 -3.416801122091 -6.0049999999999999 4.3685798693509996 -0 1 -0 
7 0 0  3 4 2  -3.416801122091 -6.0049999999999999 4.3685798693509996  -3.438982624306 -6.0049999999999999 4.3924943014269999  -3.4500733754119999 -6.0049999999999999 4.4247267968330002  -3.4500733754119999 -6.0049999999999999 4.4652773555690004 
 10 4 11 4
1 -3.4500733754119999 -6.0049999999999999 4.4652773555690004 -0 1 -0 
7 0 0  3 4 2  -3.4500733754119999 -6.0049999999999999 4.4652773555690004  -3.4500733754119999 -6.0049999999999999 4.5079074301380002  -3.438202805869 -6.0049999999999999 4.5418728554019996  -3.4144616667790002 -6.0049999999999999 4.5671736313669999 
 9 4 10 4
1 -3.4144616667790002 -6.0049999999999999 4.5671736313669999 -0 1 -0 
7 0 0  3 4 2  -3.4144616667790002 -6.0049999999999999 4.5671736313669999  -3.390633881197 -6.0049999999999999 4.592301114344  -3.3598743761719998 -6.0049999999999999 4.60477820934  -3.322096505213 -6.0049999999999999 4.60477820934 
 8 4 9 4
1 -3.322096505213 -6.0049999999999999 4.60477820934 -0 1 -0 
7 0 0  3 4 2  -3.322096505213 -6.0049999999999999 4.60477820934  -3.2930699300500001 -6.0049999999999999 4.60477820934  -3.2664694566899999 -6.0049999999999999 4.5981930758700003  -3.2422084386419998 -6.0049999999999999 4.5846762229599998 
 7 4 8 4
1 -3.2422084386419998 -6.0049999999999999 4.5846762229599998 -0 1 -0 
1 -3.2422084386419998 -6.0049999999999999 4.6304255712759996 -0 1 -0 
1 -3.2422084386419998 -6.0049999999999999 4.6304255712759996 -0 -0 1 
7 0 0  3 4 2  -3.2422084386419998 -6.0049999999999999 4.6304255712759996  -3.2633501829410001 -6.0049999999999999 4.6396100995380003  -3.290123949287 -6.0049999999999999 4.6442890101609997  -3.3225297376779999 -6.0049999999999999 4.6442890101609997 
 5 4 6 4
1 -3.3225297376779999 -6.0049999999999999 4.6442890101609997 -0 1 -0 
7 0 0  3 4 2  -3.3225297376779999 -6.0049999999999999 4.6442890101609997  -3.3728713501260001 -6.0049999999999999 4.6442890101609997  -3.4143750202860002 -6.0049999999999999 4.6276528834999997  -3.4470407481579999 -6.0049999999999999 4.5943806301769996 
 4 4 5 4
1 -3.4470407481579999 -6.0049999999999999 4.5943806301769996 -0 1 -0 
7 0 0  3 4 2  -3.4470407481579999 -6.0049999999999999 4.5943806301769996  -3.4797064760279999 -6.0049999999999999 4.5611083768559997  -3.4959960167170001 -6.0049999999999999 4.5172652513829998  -3.4959960167170001 -6.0049999999999999 4.4626779607760003 
 3 4 4 4
1 -3.4959960167170001 -6.0049999999999999 4.4626779607760003 -0 1 -0 
7 0 0  3 4 2  -3.4959960167170001 -6.0049999999999999 4.4626779607760003  -3.4959960167170001 -6.0049999999999999 4.4119031158629998  -3.4815260523820002 -6.0049999999999999 4.3710059711550002  -3.4524994772180002 -6.0049999999999999 4.340159819638 
 2 4 3 4
1 -3.4524994772180002 -6.0049999999999999 4.340159819638 -0 1 -0 
7 0 0  3 4 2  -3.4524994772180002 -6.0049999999999999 4.340159819638  -3.4234729020539998 -6.0049999999999999 4.3093136681209998  -3.3846552731780002 -6.0049999999999999 4.2938905923619997  -3.3360465905900001 -6.0049999999999999 4.2938905923619997 
 1 4 2 4
1 -2.9920600132759998 -6.0049999999999999 4.3382535967909996 -0 1 -0 
1 -2.9920600132759998 -6.0049999999999999 4.3382535967909996 -0 -0 1 
1 -2.9920600132759998 -6.0049999999999999 4.2996092609019998 -0 1 -0 
1 -3.1306077556240002 -6.0049999999999999 4.3382535967909996 -0 1 -0 
1 -3.1306077556240002 -6.0049999999999999 4.3382535967909996 -1 -0 -0 
1 -3.1306077556240002 -6.0049999999999999 4.452280381614 -0 1 -0 
1 -3.1306077556240002 -6.0049999999999999 4.452280381614 -0 -0 1 
1 -3.0093893118809998 -6.0049999999999999 4.452280381614 -0 1 -0 
1 -3.0093893118809998 -6.0049999999999999 4.452280381614 1 -0 -0 
1 -3.0093893118809998 -6.0049999999999999 4.4910980104889999 -0 1 -0 
1 -3.0093893118809998 -6.0049999999999999 4.4910980104889999 -0 -0 1 
1 -3.1306077556240002 -6.0049999999999999 4.4910980104889999 -0 1 -0 
1 -3.1306077556240002 -6.0049999999999999 4.4910980104889999 -1 -0 -0 
1 -3.1306077556240002 -6.0049999999999999 4.5995794197590003 -0 1 -0 
1 -3.1306077556240002 -6.0049999999999999 4.5995794197590003 -0 -0 1 
1 -2.9997715511540002 -6.0049999999999999 4.5995794197590003 -0 1 -0 
1 -2.9997715511540002 -6.0049999999999999 4.5995794197590003 1 -0 -0 
1 -2.9997715511540002 -6.0049999999999999 4.6385703416209996 -0 1 -0 
1 -2.9997715511540002 -6.0049999999999999 4.6385703416209996 -0 -0 1 
1 -3.1743642346019998 -6.0049999999999999 4.6385703416209996 -0 1 -0 
1 -3.1743642346019998 -6.0049999999999999 4.6385703416209996 -1 -0 -0 
1 -3.1743642346019998 -6.0049999999999999 4.2996092609019998 -0 1 -0 
1 -3.1743642346019998 -6.0049999999999999 4.2996092609019998 -0 -0 -1 
1 -2.9920600132759998 -6.0049999999999999 4.2996092609019998 1 -0 -0 
1 -2.8347966284320001 -6.0049999999999999 4.2996092609019998 1 -0 -0 
7 0 0  3 4 2  -2.8347966284320001 -6.0049999999999999 4.2996092609019998  -2.7811624492489999 -6.0049999999999999 4.2996092609019998  -2.7372326772840001 -6.0049999999999999 4.3153789226330002  -2.703180605524 -6.0049999999999999 4.3470915390789999 
 5 4 6 4
7 0 0  3 4 2  -2.703180605524 -6.0049999999999999 4.3470915390789999  -2.6691285337649999 -6.0049999999999999 4.378804155528  -2.6520591746390001 -6.0049999999999999 4.4209143511390003  -2.6520591746390001 -6.0049999999999999 4.4734221259130003 
 4 4 5 4
7 0 0  3 4 2  -2.6520591746390001 -6.0049999999999999 4.4734221259130003  -2.6520591746390001 -6.0049999999999999 4.5236770918670004  -2.6691285337649999 -6.0049999999999999 4.5637077716460004  -2.703180605524 -6.0049999999999999 4.5936874582330001 
 3 4 4 4
7 0 0  3 4 2  -2.703180605524 -6.0049999999999999 4.5936874582330001  -2.7372326772840001 -6.0049999999999999 4.6236671448209998  -2.779949398346 -6.0049999999999999 4.6385703416209996  -2.83133076871 -6.0049999999999999 4.6385703416209996 
 2 4 3 4
1 -2.9280282549279999 -6.0049999999999999 4.6385703416209996 -1 -0 -0 
1 -2.9280282549279999 -6.0049999999999999 4.2996092609019998 -0 -0 -1 
1 -2.8842717759490002 -6.0049999999999999 4.5995794197590003 0 0 -1 
1 -2.833063698573 -6.0049999999999999 4.5995794197590003 -1 0 0 
7 0 0  3 4 2  -2.7352398079450002 -6.0049999999999999 4.5676935103250003  -2.7600207049519998 -6.0049999999999999 4.5890085476109999  -2.7926864328229999 -6.0049999999999999 4.5995794197590003  -2.833063698573 -6.0049999999999999 4.5995794197590003 
 5 4 6 4
7 0 0  3 4 2  -2.6980684624350002 -6.0049999999999999 4.4722090750100003  -2.6980684624350002 -6.0049999999999999 4.5144925636069999  -2.7104589109399999 -6.0049999999999999 4.546378473042  -2.7352398079450002 -6.0049999999999999 4.5676935103250003 
 4 4 5 4
7 0 0  3 4 2  -2.7342866965199999 -6.0049999999999999 4.373605365945  -2.710112324966 -6.0049999999999999 4.396999919063  -2.6980684624350002 -6.0049999999999999 4.4299255864129998  -2.6980684624350002 -6.0049999999999999 4.4722090750100003 
 3 4 4 4
7 0 0  3 4 2  -2.8350565679109998 -6.0049999999999999 4.3382535967909996  -2.7919932608770002 -6.0049999999999999 4.3382535967909996  -2.7583744215819999 -6.0049999999999999 4.3500375198430001  -2.7342866965199999 -6.0049999999999999 4.373605365945 
 2 4 3 4
1 -2.8842717759490002 -6.0049999999999999 4.3382535967909996 1 0 0 
1 -2.8347966284320001 -6.0049999999999999 4.2996092609019998 -0 1 -0 
1 -2.9280282549279999 -6.0049999999999999 4.2996092609019998 -0 1 -0 
1 -2.703180605524 -6.0049999999999999 4.3470915390789999 -0 1 -0 
1 -2.6520591746390001 -6.0049999999999999 4.4734221259130003 -0 1 -0 
1 -2.703180605524 -6.0049999999999999 4.5936874582330001 -0 1 -0 
1 -2.83133076871 -6.0049999999999999 4.6385703416209996 -0 1 -0 
1 -2.9280282549279999 -6.0049999999999999 4.6385703416209996 -0 1 -0 
1 -2.833063698573 -5.9950000000000001 4.5995794197590003 -1 0 0 
1 -2.833063698573 -6.0049999999999999 4.5995794197590003 -0 1 -0 
1 -2.8842717759490002 -6.0049999999999999 4.5995794197590003 -0 1 -0 
1 -2.8842717759490002 -5.9950000000000001 4.5995794197590003 0 0 -1 
1 -2.8842717759490002 -6.0049999999999999 4.3382535967909996 -0 1 -0 
1 -2.8842717759490002 -5.9950000000000001 4.3382535967909996 1 0 0 
1 -2.8350565679109998 -6.0049999999999999 4.3382535967909996 -0 1 -0 
7 0 0  3 4 2  -2.8350565679109998 -5.9950000000000001 4.3382535967909996  -2.7919932608770002 -5.9950000000000001 4.3382535967909996  -2.7583744215819999 -5.9950000000000001 4.3500375198430001  -2.7342866965199999 -5.9950000000000001 4.373605365945 
 2 4 3 4
1 -2.7342866965199999 -6.0049999999999999 4.373605365945 -0 1 -0 
7 0 0  3 4 2  -2.7342866965199999 -5.9950000000000001 4.373605365945  -2.710112324966 -5.9950000000000001 4.396999919063  -2.6980684624350002 -5.9950000000000001 4.4299255864129998  -2.6980684624350002 -5.9950000000000001 4.4722090750100003 
 3 4 4 4
1 -2.6980684624350002 -6.0049999999999999 4.4722090750100003 -0 1 -0 
7 0 0  3 4 2  -2.6980684624350002 -5.9950000000000001 4.4722090750100003  -2.6980684624350002 -5.9950000000000001 4.5144925636069999  -2.7104589109399999 -5.9950000000000001 4.546378473042  -2.7352398079450002 -5.9950000000000001 4.5676935103250003 
 4 4 5 4
1 -2.7352398079450002 -6.0049999999999999 4.5676935103250003 -0 1 -0 
7 0 0  3 4 2  -2.7352398079450002 -5.9950000000000001 4.5676935103250003  -2.7600207049519998 -5.9950000000000001 4.5890085476109999  -2.7926864328229999 -5.9950000000000001 4.5995794197590003  -2.833063698573 -5.9950000000000001 4.5995794197590003 
 5 4 6 4
1 -2.457364504809 -6.0049999999999999 4.6385703416209996 -0.35593572436990001 -0 0.93451043874173756 
1 -2.5041536110429998 -6.0049999999999999 4.6385703416209996 -1 -0 -0 
1 -2.6332568856509999 -6.0049999999999999 4.2996092609019998 -0.35593572436399495 -0 -0.93451043874398665 
1 -2.5849081425440001 -6.0049999999999999 4.2996092609019998 1 -0 -0 
1 -2.5523290611660001 -6.0049999999999999 4.3923210084409998 0.33152841835019864 -0 0.94344523308256523 
1 -2.4111819240250001 -6.0049999999999999 4.3923210084409998 1 -0 -0 
1 -2.3766099733080002 -6.0049999999999999 4.2996092609019998 0.34939547946917643 -0 -0.93697534595447307 
1 -2.3282612301990002 -6.0049999999999999 4.2996092609019998 1 -0 -0 
1 -2.5384656222820001 -6.0049999999999999 4.4306187583590004 1 0 0 
1 -2.487777423861 -6.0049999999999999 4.571505956018 -0.3385350343140352 0 -0.94095378767609794 
7 0 0  3 4 2  -2.4822320483069999 -6.0049999999999999 4.5952470951080002  -2.4838783316750002 -6.0049999999999999 4.5850228089309999  -2.485697908029 -6.0049999999999999 4.5770513315730001  -2.487777423861 -6.0049999999999999 4.571505956018 
 3 4 4 4
1 -2.4811922903919998 -6.0049999999999999 4.5952470951080002 -1 0 0 
7 0 0  3 4 2  -2.4759068543159999 -6.0049999999999999 4.571505956018  -2.4775531376840001 -6.0049999999999999 4.5761848666410003  -2.4792860675449999 -6.0049999999999999 4.5839830510140001  -2.4811922903919998 -6.0049999999999999 4.5952470951080002 
 1 4 2 4
1 -2.424698776938 -6.0049999999999999 4.4306187583590004 -0.34160383068194128 0 0.93984404177683845 
1 -2.457364504809 -6.0049999999999999 4.6385703416209996 -0 1 -0 
1 -2.3282612301990002 -6.0049999999999999 4.2996092609019998 -0 1 -0 
1 -2.5041536110429998 -6.0049999999999999 4.6385703416209996 -0 1 -0 
1 -2.6332568856509999 -6.0049999999999999 4.2996092609019998 -0 1 -0 
1 -2.5849081425440001 -6.0049999999999999 4.2996092609019998 -0 1 -0 
1 -2.5523290611660001 -6.0049999999999999 4.3923210084409998 -0 1 -0 
1 -2.4111819240250001 -6.0049999999999999 4.3923210084409998 -0 1 -0 
1 -2.3766099733080002 -6.0049999999999999 4.2996092609019998 -0 1 -0 
1 -2.5384656222820001 -5.9950000000000001 4.4306187583590004 1 0 0 
1 -2.5384656222820001 -6.0049999999999999 4.4306187583590004 -0 1 -0 
1 -2.424698776938 -6.0049999999999999 4.4306187583590004 -0 1 -0 
1 -2.424698776938 -5.9950000000000001 4.4306187583590004 -0.34160383068194128 0 0.93984404177683845 
1 -2.4759068543159999 -6.0049999999999999 4.571505956018 -0 1 -0 
7 0 0  3 4 2  -2.4759068543159999 -5.9950000000000001 4.571505956018  -2.4775531376840001 -5.9950000000000001 4.5761848666410003  -2.4792860675449999 -5.9950000000000001 4.5839830510140001  -2.4811922903919998 -5.9950000000000001 4.5952470951080002 
 1 4 2 4
1 -2.4811922903919998 -6.0049999999999999 4.5952470951080002 -0 1 -0 
1 -2.4811922903919998 -5.9950000000000001 4.5952470951080002 -1 0 0 
1 -2.4822320483069999 -6.0049999999999999 4.5952470951080002 -0 1 -0 
7 0 0  3 4 2  -2.4822320483069999 -5.9950000000000001 4.5952470951080002  -2.4838783316750002 -5.9950000000000001 4.5850228089309999  -2.485697908029 -5.9950000000000001 4.5770513315730001  -2.487777423861 -5.9950000000000001 4.571505956018 
 3 4 4 4
1 -2.487777423861 -6.0049999999999999 4.571505956018 -0 1 -0 
1 -2.487777423861 -5.9950000000000001 4.571505956018 -0.3385350343140352 0 -0.94095378767609794 
1 -3.506306949387 -6.0049999999999999 3.8005254610699999 -0 1 -0 
1 -3.506306949387 -6.0049999999999999 3.8005254610699999 -0 -0 1 
1 -3.506306949387 -6.0049999999999999 3.76188112518 -0 1 -0 
1 -3.6448546917370002 -6.0049999999999999 3.8005254610699999 -0 1 -0 
1 -3.6448546917370002 -6.0049999999999999 3.8005254610699999 -1 -0 -0 
1 -3.6448546917370002 -6.0049999999999999 3.9145522458920001 -0 1 -0 
1 -3.6448546917370002 -6.0049999999999999 3.9145522458920001 -0 -0 1 
1 -3.523636247992 -6.0049999999999999 3.9145522458920001 -0 1 -0 
1 -3.523636247992 -6.0049999999999999 3.9145522458920001 1 -0 -0 
1 -3.523636247992 -6.0049999999999999 3.9533698747680002 -0 1 -0 
1 -3.523636247992 -6.0049999999999999 3.9533698747680002 -0 -0 1 
1 -3.6448546917370002 -6.0049999999999999 3.9533698747680002 -0 1 -0 
1 -3.6448546917370002 -6.0049999999999999 3.9533698747680002 -1 -0 -0 
1 -3.6448546917370002 -6.0049999999999999 4.0618512840380001 -0 1 -0 
1 -3.6448546917370002 -6.0049999999999999 4.0618512840380001 -0 -0 1 
1 -3.5140184872670002 -6.0049999999999999 4.0618512840380001 -0 1 -0 
1 -3.5140184872670002 -6.0049999999999999 4.0618512840380001 1 -0 -0 
1 -3.5140184872670002 -6.0049999999999999 4.1008422058990002 -0 1 -0 
1 -3.5140184872670002 -6.0049999999999999 4.1008422058990002 -0 -0 1 
1 -3.6886111707150002 -6.0049999999999999 4.1008422058990002 -0 1 -0 
1 -3.6886111707150002 -6.0049999999999999 4.1008422058990002 -1 -0 -0 
1 -3.6886111707150002 -6.0049999999999999 3.76188112518 -0 1 -0 
1 -3.6886111707150002 -6.0049999999999999 3.76188112518 -0 -0 -1 
1 -3.506306949387 -6.0049999999999999 3.76188112518 1 -0 -0 
7 0 0  3 4 2  -3.3586613252699999 -6.0049999999999999 4.0095168022500003  -3.3902006487310001 -6.0049999999999999 4.0095168022500003  -3.4180141729929998 -6.0049999999999999 4.0020652038489999  -3.4420152515620002 -6.0049999999999999 3.986988714063 
 0 4 1 4
1 -3.4420152515620002 -6.0049999999999999 3.9457449833810001 -0 -0 -1 
7 0 0  3 4 2  -3.4420152515620002 -6.0049999999999999 3.9457449833810001  -3.4181008194859999 -6.0049999999999999 3.9651537978200002  -3.3916736391129998 -6.0049999999999999 3.9750314980249999  -3.3626470639489998 -6.0049999999999999 3.9750314980249999 
 12 4 13 4
7 0 0  3 4 2  -3.3626470639489998 -6.0049999999999999 3.9750314980249999  -3.3299813360780002 -6.0049999999999999 3.9750314980249999  -3.3136051488959999 -6.0049999999999999 3.955276097614  -3.3136051488959999 -6.0049999999999999 3.9157652967960002 
 11 4 12 4
1 -3.3853484451229998 -6.0049999999999999 3.9057143036039998 -0.9903286039881698 -0 -0.13874168848202378 
7 0 0  3 4 2  -3.3853484451229998 -6.0049999999999999 3.9057143036039998  -3.4388959778119998 -6.0049999999999999 3.8982627052029999  -3.4656697441580002 -6.0049999999999999 3.8719221713229999  -3.4656697441580002 -6.0049999999999999 3.8266927019639998 
 9 4 10 4
7 0 0  3 4 2  -3.4656697441580002 -6.0049999999999999 3.8266927019639998  -3.4656697441580002 -6.0049999999999999 3.8050310787070001  -3.4587380247159998 -6.0049999999999999 3.787875073086  -3.4448745858310001 -6.0049999999999999 3.775224685105 
 8 4 9 4
7 0 0  3 4 2  -3.4448745858310001 -6.0049999999999999 3.775224685105  -3.4310111469470002 -6.0049999999999999 3.7625742971239999  -3.4123821509460002 -6.0049999999999999 3.7561624566399998  -3.3889009513359998 -6.0049999999999999 3.7561624566399998 
 7 4 8 4
7 0 0  3 4 2  -3.3889009513359998 -6.0049999999999999 3.7561624566399998  -3.3562352234650001 -6.0049999999999999 3.7561624566399998  -3.3314543264590002 -6.0049999999999999 3.7705457744820001  -3.3147315533059998 -6.0049999999999999 3.7993124101669999 
 6 4 7 4
1 -3.3136051488959999 -6.0049999999999999 3.7993124101669999 1 -0 -0 
1 -3.3136051488959999 -6.0049999999999999 3.76188112518 -0 -0 -1 
1 -3.2711483673130002 -6.0049999999999999 3.76188112518 1 -0 -0 
1 -3.2711483673130002 -6.0049999999999999 3.9176715196399998 -0 -0 1 
7 0 0  3 4 2  -3.2711483673130002 -6.0049999999999999 3.9176715196399998  -3.2711483673130002 -6.0049999999999999 3.9790172367040002  -3.3003482354639999 -6.0049999999999999 4.0095168022500003  -3.3586613252699999 -6.0049999999999999 4.0095168022500003 
 1 4 2 4
7 0 0  3 4 2  -3.41134239303 -6.0049999999999999 3.8608314202149998  -3.4187939914309999 -6.0049999999999999 3.8535531148020001  -3.4226064371230001 -6.0049999999999999 3.8433288286249998  -3.4226064371230001 -6.0049999999999999 3.8301585616840002 
 1 4 2 4
7 0 0  3 4 2  -3.3702719553359999 -6.0049999999999999 3.8757346170170002  -3.3901140022380001 -6.0049999999999999 3.872961929238  -3.4038041481370001 -6.0049999999999999 3.8681097256300001  -3.41134239303 -6.0049999999999999 3.8608314202149998 
 0 4 1 4
1 -3.3136051488959999 -6.0049999999999999 3.8833595084039998 -0.9910683662997597 0 -0.13335476489396766 
1 -3.3136051488959999 -6.0049999999999999 3.8601382482709998 0 0 1 
7 0 0  3 4 2  -3.3318009124320001 -6.0049999999999999 3.8107497472470002  -3.3196704034079998 -6.0049999999999999 3.8237467212  -3.3136051488959999 -6.0049999999999999 3.8402095548749999  -3.3136051488959999 -6.0049999999999999 3.8601382482709998 
 5 4 6 4
7 0 0  3 4 2  -3.3778968467219999 -6.0049999999999999 3.7909943468359999  -3.3592678507209999 -6.0049999999999999 3.7909943468359999  -3.3438447749629998 -6.0049999999999999 3.7975794803060001  -3.3318009124320001 -6.0049999999999999 3.8107497472470002 
 4 4 5 4
7 0 0  3 4 2  -3.4103026351139998 -6.0049999999999999 3.8019118049570002  -3.4021578647689998 -6.0049999999999999 3.7946334995440001  -3.3913270531420001 -6.0049999999999999 3.7909943468359999  -3.3778968467219999 -6.0049999999999999 3.7909943468359999 
 3 4 4 4
7 0 0  3 4 2  -3.4226064371230001 -6.0049999999999999 3.8301585616840002  -3.4226064371230001 -6.0049999999999999 3.8185479316199999  -3.4185340519510001 -6.0049999999999999 3.8091901103720001  -3.4103026351139998 -6.0049999999999999 3.8019118049570002 
 2 4 3 4
1 -3.3586613252699999 -6.0049999999999999 4.0095168022500003 -0 1 -0 
1 -3.4420152515620002 -6.0049999999999999 3.986988714063 -0 1 -0 
1 -3.4420152515620002 -6.0049999999999999 3.9457449833810001 -0 1 -0 
1 -3.3626470639489998 -6.0049999999999999 3.9750314980249999 -0 1 -0 
1 -3.3136051488959999 -6.0049999999999999 3.9157652967960002 -0 1 -0 
1 -3.3853484451229998 -6.0049999999999999 3.9057143036039998 -0 1 -0 
1 -3.4656697441580002 -6.0049999999999999 3.8266927019639998 -0 1 -0 
1 -3.4448745858310001 -6.0049999999999999 3.775224685105 -0 1 -0 
1 -3.3889009513359998 -6.0049999999999999 3.7561624566399998 -0 1 -0 
1 -3.3147315533059998 -6.0049999999999999 3.7993124101669999 -0 1 -0 
1 -3.3136051488959999 -6.0049999999999999 3.7993124101669999 -0 1 -0 
1 -3.3136051488959999 -6.0049999999999999 3.76188112518 -0 1 -0 
1 -3.2711483673130002 -6.0049999999999999 3.76188112518 -0 1 -0 
1 -3.2711483673130002 -6.0049999999999999 3.9176715196399998 -0 1 -0 
7 0 0  3 4 2  -3.3702719553359999 -5.9950000000000001 3.8757346170170002  -3.3901140022380001 -5.9950000000000001 3.872961929238  -3.4038041481370001 -5.9950000000000001 3.8681097256300001  -3.41134239303 -5.9950000000000001 3.8608314202149998 
 0 4 1 4
1 -3.3702719553359999 -6.0049999999999999 3.8757346170170002 -0 1 -0 
1 -3.41134239303 -6.0049999999999999 3.8608314202149998 -0 1 -0 
7 0 0  3 4 2  -3.41134239303 -5.9950000000000001 3.8608314202149998  -3.4187939914309999 -5.9950000000000001 3.8535531148020001  -3.4226064371230001 -5.9950000000000001 3.8433288286249998  -3.4226064371230001 -5.9950000000000001 3.8301585616840002 
 1 4 2 4
1 -3.4226064371230001 -6.0049999999999999 3.8301585616840002 -0 1 -0 
7 0 0  3 4 2  -3.4226064371230001 -5.9950000000000001 3.8301585616840002  -3.4226064371230001 -5.9950000000000001 3.8185479316199999  -3.4185340519510001 -5.9950000000000001 3.8091901103720001  -3.4103026351139998 -5.9950000000000001 3.8019118049570002 
 2 4 3 4
1 -3.4103026351139998 -6.0049999999999999 3.8019118049570002 -0 1 -0 
7 0 0  3 4 2  -3.4103026351139998 -5.9950000000000001 3.8019118049570002  -3.4021578647689998 -5.9950000000000001 3.7946334995440001  -3.3913270531420001 -5.9950000000000001 3.7909943468359999  -3.3778968467219999 -5.9950000000000001 3.7909943468359999 
 3 4 4 4
1 -3.3778968467219999 -6.0049999999999999 3.7909943468359999 -0 1 -0 
7 0 0  3 4 2  -3.3778968467219999 -5.9950000000000001 3.7909943468359999  -3.3592678507209999 -5.9950000000000001 3.7909943468359999  -3.3438447749629998 -5.9950000000000001 3.7975794803060001  -3.3318009124320001 -5.9950000000000001 3.8107497472470002 
 4 4 5 4
1 -3.3318009124320001 -6.0049999999999999 3.8107497472470002 -0 1 -0 
7 0 0  3 4 2  -3.3318009124320001 -5.9950000000000001 3.8107497472470002  -3.3196704034079998 -5.9950000000000001 3.8237467212  -3.3136051488959999 -5.9950000000000001 3.8402095548749999  -3.3136051488959999 -5.9950000000000001 3.8601382482709998 
 5 4 6 4
1 -3.3136051488959999 -6.0049999999999999 3.8601382482709998 -0 1 -0 
1 -3.3136051488959999 -5.9950000000000001 3.8601382482709998 0 0 1 
1 -3.3136051488959999 -6.0049999999999999 3.8833595084039998 -0 1 -0 
1 -3.3136051488959999 -5.9950000000000001 3.8833595084039998 -0.9910683662997597 0 -0.13335476489396766 
1 -3.1437780225640002 -6.0049999999999999 3.7908210538509999 -0 1 -0 
7 0 0  3 4 2  -3.1437780225640002 -6.0049999999999999 3.7908210538509999  -3.1687322125559998 -6.0049999999999999 3.7908210538509999  -3.191953472687 -6.0049999999999999 3.798619238223  -3.2136150959440002 -6.0049999999999999 3.814215606966 
 0 4 1 4
1 -3.2136150959440002 -6.0049999999999999 3.814215606966 -0 1 -0 
1 -3.2136150959440002 -6.0049999999999999 3.7703724814970001 -0 1 -0 
1 -3.2136150959440002 -6.0049999999999999 3.7703724814970001 -0 -0 -1 
7 0 0  3 4 2  -3.2136150959440002 -6.0049999999999999 3.7703724814970001  -3.1948994534500001 -6.0049999999999999 3.7610146602490002  -3.1730645372069999 -6.0049999999999999 3.7561624566399998  -3.1479370542290002 -6.0049999999999999 3.7561624566399998 
 19 4 20 4
1 -3.1479370542290002 -6.0049999999999999 3.7561624566399998 -0 1 -0 
7 0 0  3 4 2  -3.1479370542290002 -6.0049999999999999 3.7561624566399998  -3.1190837720519999 -6.0049999999999999 3.7561624566399998  -3.0955159259489999 -6.0049999999999999 3.7625742971239999  -3.0774068089059998 -6.0049999999999999 3.7753979780910001 
 18 4 19 4
1 -3.0774068089059998 -6.0049999999999999 3.7753979780910001 -0 1 -0 
7 0 0  3 4 2  -3.0774068089059998 -6.0049999999999999 3.7753979780910001  -3.0592110453710002 -6.0049999999999999 3.788048366075  -3.0501131636030001 -6.0049999999999999 3.8055509576639999  -3.0501131636030001 -6.0049999999999999 3.8277324598789999 
 17 4 18 4
1 -3.0501131636030001 -6.0049999999999999 3.8277324598789999 -0 1 -0 
7 0 0  3 4 2  -3.0501131636030001 -6.0049999999999999 3.8277324598789999  -3.0501131636030001 -6.0049999999999999 3.843675414597  -3.0548787207200001 -6.0049999999999999 3.8570189745240002  -3.0643231884589999 -6.0049999999999999 3.8677631396579999 
 16 4 17 4
1 -3.0643231884589999 -6.0049999999999999 3.8677631396579999 -0 1 -0 
7 0 0  3 4 2  -3.0643231884589999 -6.0049999999999999 3.8677631396579999  -3.0738543026920002 -6.0049999999999999 3.8785073047930001  -3.0920500662269998 -6.0049999999999999 3.8890781769410001  -3.1190837720519999 -6.0049999999999999 3.899129170133 
 15 4 16 4
1 -3.1190837720519999 -6.0049999999999999 3.899129170133 -0 1 -0 
7 0 0  3 4 2  -3.1190837720519999 -6.0049999999999999 3.899129170133  -3.1403988093369999 -6.0049999999999999 3.9074472334629999  -3.1540889552340001 -6.0049999999999999 3.914378952906  -3.1603275027329998 -6.0049999999999999 3.9199243284610001 
 14 4 15 4
1 -3.1603275027329998 -6.0049999999999999 3.9199243284610001 -0 1 -0 
7 0 0  3 4 2  -3.1603275027329998 -6.0049999999999999 3.9199243284610001  -3.1664794037380002 -6.0049999999999999 3.9252964110269999  -3.169598677487 -6.0049999999999999 3.9327480094279998  -3.169598677487 -6.0049999999999999 3.9424524166469999 
 13 4 14 4
1 -3.169598677487 -6.0049999999999999 3.9424524166469999 -0 1 -0 
7 0 0  3 4 2  -3.169598677487 -6.0049999999999999 3.9424524166469999  -3.169598677487 -6.0049999999999999 3.9521568238640001  -3.1652663528340002 -6.0049999999999999 3.960128301223  -3.156688350025 -6.0049999999999999 3.9660202627490002 
 12 4 13 4
1 -3.156688350025 -6.0049999999999999 3.9660202627490002 -0 1 -0 
7 0 0  3 4 2  -3.156688350025 -6.0049999999999999 3.9660202627490002  -3.1481103472159999 -6.0049999999999999 3.9720855172610001  -3.1369329496149998 -6.0049999999999999 3.9750314980249999  -3.1232428037169999 -6.0049999999999999 3.9750314980249999 
 11 4 12 4
1 -3.1232428037169999 -6.0049999999999999 3.9750314980249999 -0 1 -0 
7 0 0  3 4 2  -3.1232428037169999 -6.0049999999999999 3.9750314980249999  -3.1002814830649998 -6.0049999999999999 3.9750314980249999  -3.0798329107110001 -6.0049999999999999 3.9691395364990001  -3.061723793668 -6.0049999999999999 3.9575289064330001 
 10 4 11 4
1 -3.061723793668 -6.0049999999999999 3.9575289064330001 -0 1 -0 
1 -3.061723793668 -6.0049999999999999 3.9987726371129999 -0 1 -0 
1 -3.061723793668 -6.0049999999999999 3.9987726371129999 -0 -0 1 
7 0 0  3 4 2  -3.061723793668 -6.0049999999999999 3.9987726371129999  -3.0793996782459998 -6.0049999999999999 4.0060509425279998  -3.0984619067120001 -6.0049999999999999 4.0095168022500003  -3.1190837720519999 -6.0049999999999999 4.0095168022500003 
 8 4 9 4
1 -3.1190837720519999 -6.0049999999999999 4.0095168022500003 -0 1 -0 
7 0 0  3 4 2  -3.1190837720519999 -6.0049999999999999 4.0095168022500003  -3.1455975989180001 -6.0049999999999999 4.0095168022500003  -3.1679523941190002 -6.0049999999999999 4.0031049617659997  -3.1861481576539998 -6.0049999999999999 3.9902812807960002 
 7 4 8 4
1 -3.1861481576539998 -6.0049999999999999 3.9902812807960002 -0 1 -0 
7 0 0  3 4 2  -3.1861481576539998 -6.0049999999999999 3.9902812807960002  -3.2042572746969999 -6.0049999999999999 3.9772843068429999  -3.213355156465 -6.0049999999999999 3.960128301223  -3.213355156465 -6.0049999999999999 3.9386399709540001 
 6 4 7 4
1 -3.213355156465 -6.0049999999999999 3.9386399709540001 -0 1 -0 
7 0 0  3 4 2  -3.213355156465 -6.0049999999999999 3.9386399709540001  -3.213355156465 -6.0049999999999999 3.9237367741520002  -3.2093694177850001 -6.0049999999999999 3.910913093185  -3.2013112939339998 -6.0049999999999999 3.9003422210359999 
 5 4 6 4
1 -3.2013112939339998 -6.0049999999999999 3.9003422210359999 -0 1 -0 
7 0 0  3 4 2  -3.2013112939339998 -6.0049999999999999 3.9003422210359999  -3.193339816575 -6.0049999999999999 3.8897713488869998  -3.1758372249839999 -6.0049999999999999 3.8790271837499999  -3.1490634586390001 -6.0049999999999999 3.8682830186160002 
 4 4 5 4
1 -3.1490634586390001 -6.0049999999999999 3.8682830186160002 -0 1 -0 
7 0 0  3 4 2  -3.1490634586390001 -6.0049999999999999 3.8682830186160002  -3.1267086634379999 -6.0049999999999999 3.8599649552850002  -3.1118921131309998 -6.0049999999999999 3.8526866498699999  -3.104613807717 -6.0049999999999999 3.846621395358 
 3 4 4 4
1 -3.104613807717 -6.0049999999999999 3.846621395358 -0 1 -0 
7 0 0  3 4 2  -3.104613807717 -6.0049999999999999 3.846621395358  -3.0973355023020002 -6.0049999999999999 3.8405561408470001  -3.0936963495950001 -6.0049999999999999 3.8329312494619998  -3.0936963495950001 -6.0049999999999999 3.8235734282139999 
 2 4 3 4
1 -3.0936963495950001 -6.0049999999999999 3.8235734282139999 -0 1 -0 
7 0 0  3 4 2  -3.0936963495950001 -6.0049999999999999 3.8235734282139999  -3.0936963495950001 -6.0049999999999999 3.8017385119710001  -3.1104191227490001 -6.0049999999999999 3.7908210538509999  -3.1437780225640002 -6.0049999999999999 3.7908210538509999 
 1 4 2 4
1 -2.83964883204 -6.0049999999999999 4.0039714266950002 -0 1 -0 
1 -2.83964883204 -6.0049999999999999 4.0039714266950002 -1 -0 -0 
1 -2.7956324135849999 -6.0049999999999999 4.0039714266950002 -0 1 -0 
1 -2.9057601062199998 -6.0049999999999999 3.821667205367 -0 1 -0 
1 -2.9057601062199998 -6.0049999999999999 3.821667205367 -0.34091779621893759 -0 -0.94009311039982801 
7 0 0  3 4 2  -2.9057601062199998 -6.0049999999999999 3.821667205367  -2.9083595010110002 -6.0049999999999999 3.8131758490509999  -2.9100924308740002 -6.0049999999999999 3.8065907155819998  -2.9109588958030002 -6.0049999999999999 3.8020850979429999 
 12 4 13 4
1 -2.9109588958030002 -6.0049999999999999 3.8020850979429999 -0 1 -0 
1 -2.9120853002109999 -6.0049999999999999 3.8020850979429999 -0 1 -0 
1 -2.9120853002109999 -6.0049999999999999 3.8020850979429999 -1 -0 -0 
1 -2.9172840897939998 -6.0049999999999999 3.8220137913390002 -0 1 -0 
1 -2.9172840897939998 -6.0049999999999999 3.8220137913390002 -0.25242189718803637 -0 0.96761727238613948 
1 -2.9805360297019998 -6.0049999999999999 4.0039714266950002 -0 1 -0 
1 -2.9805360297019998 -6.0049999999999999 4.0039714266950002 -0.32834616481308415 -0 0.94455746042924205 
1 -3.0280183078810001 -6.0049999999999999 4.0039714266950002 -0 1 -0 
1 -3.0280183078810001 -6.0049999999999999 4.0039714266950002 -1 -0 -0 
1 -2.9330537515240001 -6.0049999999999999 3.7624010041379998 -0 1 -0 
1 -2.9330537515240001 -6.0049999999999999 3.7624010041379998 0.36585892166896344 -0 -0.93067032263590699 
1 -2.951682747525 -6.0049999999999999 3.71838458568 -0 1 -0 
1 -2.951682747525 -6.0049999999999999 3.71838458568 -0.38975826506516897 -0 -0.92091720301739921 
7 0 0  3 4 2  -2.951682747525 -6.0049999999999999 3.71838458568  -2.961300508251 -6.0049999999999999 3.695509911522  -2.9757704725859999 -6.0049999999999999 3.6842458674270002  -2.995179287025 -6.0049999999999999 3.6842458674270002 
 5 4 6 4
1 -2.995179287025 -6.0049999999999999 3.6842458674270002 -0 1 -0 
7 0 0  3 4 2  -2.995179287025 -6.0049999999999999 3.6842458674270002  -3.002977471396 -6.0049999999999999 3.6842458674270002  -3.0109489487549999 -6.0049999999999999 3.6858055043019999  -3.0192670120849998 -6.0049999999999999 3.6890980710379999 
 4 4 5 4
1 -3.0192670120849998 -6.0049999999999999 3.6890980710379999 -0 1 -0 
1 -3.0192670120849998 -6.0049999999999999 3.6513202000780001 -0 1 -0 
1 -3.0192670120849998 -6.0049999999999999 3.6513202000780001 -0 -0 -1 
7 0 0  3 4 2  -3.0192670120849998 -6.0049999999999999 3.6513202000780001  -3.0117287671919999 -6.0049999999999999 3.6490673912589999  -3.0025442389310002 -6.0049999999999999 3.647854340356  -2.991886720289 -6.0049999999999999 3.647854340356 
 2 4 3 4
1 -2.991886720289 -6.0049999999999999 3.647854340356 -0 1 -0 
7 0 0  3 4 2  -2.991886720289 -6.0049999999999999 3.647854340356  -2.9547153747810002 -6.0049999999999999 3.647854340356  -2.925948739096 -6.0049999999999999 3.6736749952780001  -2.9055001667420002 -6.0049999999999999 3.725316305123 
 1 4 2 4
1 -2.9055001667420002 -6.0049999999999999 3.725316305123 -0 1 -0 
1 -2.7956324135849999 -6.0049999999999999 4.0039714266950002 0.36679767895105259 -0 0.9303007377811332 
1 -2.5675788439380001 -6.0049999999999999 3.8005254610699999 -0 1 -0 
1 -2.5675788439380001 -6.0049999999999999 3.8005254610699999 -0 -0 1 
1 -2.5675788439380001 -6.0049999999999999 3.76188112518 -0 1 -0 
1 -2.706126586286 -6.0049999999999999 3.8005254610699999 -0 1 -0 
1 -2.706126586286 -6.0049999999999999 3.8005254610699999 -1 -0 -0 
1 -2.706126586286 -6.0049999999999999 3.9145522458920001 -0 1 -0 
1 -2.706126586286 -6.0049999999999999 3.9145522458920001 -0 -0 1 
1 -2.5849081425440001 -6.0049999999999999 3.9145522458920001 -0 1 -0 
1 -2.5849081425440001 -6.0049999999999999 3.9145522458920001 1 -0 -0 
1 -2.5849081425440001 -6.0049999999999999 3.9533698747680002 -0 1 -0 
1 -2.5849081425440001 -6.0049999999999999 3.9533698747680002 -0 -0 1 
1 -2.706126586286 -6.0049999999999999 3.9533698747680002 -0 1 -0 
1 -2.706126586286 -6.0049999999999999 3.9533698747680002 -1 -0 -0 
1 -2.706126586286 -6.0049999999999999 4.0618512840380001 -0 1 -0 
1 -2.706126586286 -6.0049999999999999 4.0618512840380001 -0 -0 1 
1 -2.5752903818180002 -6.0049999999999999 4.0618512840380001 -0 1 -0 
1 -2.5752903818180002 -6.0049999999999999 4.0618512840380001 1 -0 -0 
1 -2.5752903818180002 -6.0049999999999999 4.1008422058990002 -0 1 -0 
1 -2.5752903818180002 -6.0049999999999999 4.1008422058990002 -0 -0 1 
1 -2.7498830652659998 -6.0049999999999999 4.1008422058990002 -0 1 -0 
1 -2.7498830652659998 -6.0049999999999999 4.1008422058990002 -1 -0 -0 
1 -2.7498830652659998 -6.0049999999999999 3.76188112518 -0 1 -0 
1 -2.7498830652659998 -6.0049999999999999 3.76188112518 -0 -0 -1 
1 -2.5675788439380001 -6.0049999999999999 3.76188112518 1 -0 -0 
1 -2.4103154590939999 -6.0049999999999999 3.76188112518 1 -0 -0 
7 0 0  3 4 2  -2.4103154590939999 -6.0049999999999999 3.76188112518  -2.3566812799119998 -6.0049999999999999 3.76188112518  -2.3127515079459999 -6.0049999999999999 3.7776507869090001  -2.2786994361890001 -6.0049999999999999 3.8093634033580002 
 5 4 6 4
7 0 0  3 4 2  -2.2786994361890001 -6.0049999999999999 3.8093634033580002  -2.2446473644289999 -6.0049999999999999 3.8410760198060001  -2.2275780053009999 -6.0049999999999999 3.8831862154149999  -2.2275780053009999 -6.0049999999999999 3.9356939901899999 
 4 4 5 4
7 0 0  3 4 2  -2.2275780053009999 -6.0049999999999999 3.9356939901899999  -2.2275780053009999 -6.0049999999999999 3.9859489561450001  -2.2446473644289999 -6.0049999999999999 4.0259796359240001  -2.2786994361890001 -6.0049999999999999 4.0559593225119999 
 3 4 4 4
7 0 0  3 4 2  -2.2786994361890001 -6.0049999999999999 4.0559593225119999  -2.3127515079459999 -6.0049999999999999 4.0859390090970003  -2.3554682290110001 -6.0049999999999999 4.1008422058990002  -2.406849599374 -6.0049999999999999 4.1008422058990002 
 2 4 3 4
1 -2.5035470855900002 -6.0049999999999999 4.1008422058990002 -1 -0 -0 
1 -2.5035470855900002 -6.0049999999999999 3.76188112518 -0 -0 -1 
1 -2.4597906066130002 -6.0049999999999999 4.0618512840380001 0 0 -1 
1 -2.4085825292349998 -6.0049999999999999 4.0618512840380001 -1 0 0 
7 0 0  3 4 2  -2.3107586386090002 -6.0049999999999999 4.0299653746040001  -2.3355395356140001 -6.0049999999999999 4.0512804118870003  -2.3682052634850002 -6.0049999999999999 4.0618512840380001  -2.4085825292349998 -6.0049999999999999 4.0618512840380001 
 5 4 6 4
7 0 0  3 4 2  -2.273587293102 -6.0049999999999999 3.9344809392890001  -2.273587293102 -6.0049999999999999 3.9767644278860002  -2.2859777416039999 -6.0049999999999999 4.0086503373179996  -2.3107586386090002 -6.0049999999999999 4.0299653746040001 
 4 4 5 4
7 0 0  3 4 2  -2.309805527185 -6.0049999999999999 3.8358772302239998  -2.28563115563 -6.0049999999999999 3.8592717833419998  -2.273587293102 -6.0049999999999999 3.892197450691  -2.273587293102 -6.0049999999999999 3.9344809392890001 
 3 4 4 4
7 0 0  3 4 2  -2.4105753985749998 -6.0049999999999999 3.8005254610699999  -2.3675120915410002 -6.0049999999999999 3.8005254610699999  -2.3338932522459999 -6.0049999999999999 3.8123093841200002  -2.309805527185 -6.0049999999999999 3.8358772302239998 
 2 4 3 4
1 -2.4597906066130002 -6.0049999999999999 3.8005254610699999 1 0 0 
1 -2.4103154590939999 -6.0049999999999999 3.76188112518 -0 1 -0 
1 -2.5035470855900002 -6.0049999999999999 3.76188112518 -0 1 -0 
1 -2.2786994361890001 -6.0049999999999999 3.8093634033580002 -0 1 -0 
1 -2.2275780053009999 -6.0049999999999999 3.9356939901899999 -0 1 -0 
1 -2.2786994361890001 -6.0049999999999999 4.0559593225119999 -0 1 -0 
1 -2.406849599374 -6.0049999999999999 4.1008422058990002 -0 1 -0 
1 -2.5035470855900002 -6.0049999999999999 4.1008422058990002 -0 1 -0 
1 -2.4085825292349998 -5.9950000000000001 4.0618512840380001 -1 0 0 
1 -2.4085825292349998 -6.0049999999999999 4.0618512840380001 -0 1 -0 
1 -2.4597906066130002 -6.0049999999999999 4.0618512840380001 -0 1 -0 
1 -2.4597906066130002 -5.9950000000000001 4.0618512840380001 0 0 -1 
1 -2.4597906066130002 -6.0049999999999999 3.8005254610699999 -0 1 -0 
1 -2.4597906066130002 -5.9950000000000001 3.8005254610699999 1 0 0 
1 -2.4105753985749998 -6.0049999999999999 3.8005254610699999 -0 1 -0 
7 0 0  3 4 2  -2.4105753985749998 -5.9950000000000001 3.8005254610699999  -2.3675120915410002 -5.9950000000000001 3.8005254610699999  -2.3338932522459999 -5.9950000000000001 3.8123093841200002  -2.309805527185 -5.9950000000000001 3.8358772302239998 
 2 4 3 4
1 -2.309805527185 -6.0049999999999999 3.8358772302239998 -0 1 -0 
7 0 0  3 4 2  -2.309805527185 -5.9950000000000001 3.8358772302239998  -2.28563115563 -5.9950000000000001 3.8592717833419998  -2.273587293102 -5.9950000000000001 3.892197450691  -2.273587293102 -5.9950000000000001 3.9344809392890001 
 3 4 4 4
1 -2.273587293102 -6.0049999999999999 3.9344809392890001 -0 1 -0 
7 0 0  3 4 2  -2.273587293102 -5.9950000000000001 3.9344809392890001  -2.273587293102 -5.9950000000000001 3.9767644278860002  -2.2859777416039999 -5.9950000000000001 4.0086503373179996  -2.3107586386090002 -5.9950000000000001 4.0299653746040001 
 4 4 5 4
1 -2.3107586386090002 -6.0049999999999999 4.0299653746040001 -0 1 -0 
7 0 0  3 4 2  -2.3107586386090002 -5.9950000000000001 4.0299653746040001  -2.3355395356140001 -5.9950000000000001 4.0512804118870003  -2.3682052634850002 -5.9950000000000001 4.0618512840380001  -2.4085825292349998 -5.9950000000000001 4.0618512840380001 
 5 4 6 4
1 -2.0328833354709999 -6.0049999999999999 4.1008422058990002 -0.35593572436399495 -0 0.93451043874398665 
1 -2.0796724417079999 -6.0049999999999999 4.1008422058990002 -1 -0 -0 
1 -2.2087757163180002 -6.0049999999999999 3.76188112518 -0.35593572436990001 -0 -0.93451043874173756 
1 -2.1604269732089998 -6.0049999999999999 3.76188112518 1 -0 -0 
1 -2.1278478918310002 -6.0049999999999999 3.8545928727169998 0.33152841835794489 -0 0.94344523307984307 
1 -1.98670075469 -6.0049999999999999 3.8545928727169998 1 -0 -0 
1 -1.95212880397 -6.0049999999999999 3.76188112518 0.34939547949703198 -0 -0.93697534594408571 
1 -1.903780060863 -6.0049999999999999 3.76188112518 1 -0 -0 
1 -2.1139844529439999 -6.0049999999999999 3.892890622635 1 0 0 
1 -2.0632962545260001 -6.0049999999999999 4.0337778202969998 -0.33853503429586834 0 -0.94095378768263394 
7 0 0  3 4 2  -2.057750878972 -6.0049999999999999 4.0575189593849998  -2.0593971623390002 -6.0049999999999999 4.0472946732080004  -2.0612167386909999 -6.0049999999999999 4.0393231958489997  -2.0632962545260001 -6.0049999999999999 4.0337778202969998 
 3 4 4 4
1 -2.0567111210540001 -6.0049999999999999 4.0575189593849998 -1 0 0 
7 0 0  3 4 2  -2.051425684981 -6.0049999999999999 4.0337778202969998  -2.0530719683459999 -6.0049999999999999 4.0384567309200001  -2.05480489821 -6.0049999999999999 4.0462549152919998  -2.0567111210540001 -6.0049999999999999 4.0575189593849998 
 1 4 2 4
1 -2.0002176076009999 -6.0049999999999999 3.892890622635 -0.34160383068997086 0 0.93984404177391989 
1 -2.0328833354709999 -6.0049999999999999 4.1008422058990002 -0 1 -0 
1 -1.903780060863 -6.0049999999999999 3.76188112518 -0 1 -0 
1 -2.0796724417079999 -6.0049999999999999 4.1008422058990002 -0 1 -0 
1 -2.2087757163180002 -6.0049999999999999 3.76188112518 -0 1 -0 
1 -2.1604269732089998 -6.0049999999999999 3.76188112518 -0 1 -0 
1 -2.1278478918310002 -6.0049999999999999 3.8545928727169998 -0 1 -0 
1 -1.98670075469 -6.0049999999999999 3.8545928727169998 -0 1 -0 
1 -1.95212880397 -6.0049999999999999 3.76188112518 -0 1 -0 
1 -2.1139844529439999 -5.9950000000000001 3.892890622635 1 0 0 
1 -2.1139844529439999 -6.0049999999999999 3.892890622635 -0 1 -0 
1 -2.0002176076009999 -6.0049999999999999 3.892890622635 -0 1 -0 
1 -2.0002176076009999 -5.9950000000000001 3.892890622635 -0.34160383068997086 0 0.93984404177391989 
1 -2.051425684981 -6.0049999999999999 4.0337778202969998 -0 1 -0 
7 0 0  3 4 2  -2.051425684981 -5.9950000000000001 4.0337778202969998  -2.0530719683459999 -5.9950000000000001 4.0384567309200001  -2.05480489821 -5.9950000000000001 4.0462549152919998  -2.0567111210540001 -5.9950000000000001 4.0575189593849998 
 1 4 2 4
1 -2.0567111210540001 -6.0049999999999999 4.0575189593849998 -0 1 -0 
1 -2.0567111210540001 -5.9950000000000001 4.0575189593849998 -1 0 0 
1 -2.057750878972 -6.0049999999999999 4.0575189593849998 -0 1 -0 
7 0 0  3 4 2  -2.057750878972 -5.9950000000000001 4.0575189593849998  -2.0593971623390002 -5.9950000000000001 4.0472946732080004  -2.0612167386909999 -5.9950000000000001 4.0393231958489997  -2.0632962545260001 -5.9950000000000001 4.0337778202969998 
 3 4 4 4
1 -2.0632962545260001 -6.0049999999999999 4.0337778202969998 -0 1 -0 
1 -2.0632962545260001 -5.9950000000000001 4.0337778202969998 -0.33853503429586834 0 -0.94095378768263394 
7 0 0  3 4 2  -3.966213721206 -6.0049999999999999 4.0981025592440004  -3.9686236630509999 -6.0049999999999999 4.2427011843680003  -4.067432841534 -6.0049999999999999 4.3704300786820003  -4.204801549191 -6.0049999999999999 4.4138096754139999 
 35 4 36 4
7 0 0  3 4 2  -4.204801549191 -6.0049999999999999 4.4138096754139999  -4.2313112772109998 -6.0049999999999999 4.48610903394  -4.2771009077190003 -6.0049999999999999 4.5511784520210004  -4.3349404313160003 -6.0049999999999999 4.6041979885020003 
 0 4 1 4
7 0 0  3 4 2  -4.3349404313160003 -6.0049999999999999 4.6041979885020003  -4.4265196003989997 -6.0049999999999999 4.6837272903549998  -4.5421985556589997 -6.0049999999999999 4.7295168835150001  -4.6626974865399999 -6.0049999999999999 4.7295168835150001 
 1 4 2 4
7 0 0  3 4 2  -4.6626974865399999 -6.0049999999999999 4.7295168835150001  -4.7687365365209997 -6.0049999999999999 4.7295168835150001  -4.8675456690369998 -6.0049999999999999 4.695777183443  -4.9518949206540004 -6.0049999999999999 4.6355277151280001 
 2 4 3 4
7 0 0  3 4 2  -4.9518949206540004 -6.0049999999999999 4.6355277151280001  -4.9928645755409997 -6.0049999999999999 4.6066079648220004  -5.0266042669940001 -6.0049999999999999 4.5704582855589999  -5.0579339706360003 -6.0049999999999999 4.5294886536560002 
 3 4 4 4
7 0 0  3 4 2  -5.0579339706360003 -6.0049999999999999 4.5294886536560002  -5.0772137811910003 -6.0049999999999999 4.5318986414660003  -5.0940836499 -6.0049999999999999 4.5343086062940001  -5.113363460455 -6.0049999999999999 4.5343086062940001 
 4 4 5 4
7 0 0  3 4 2  -5.113363460455 -6.0049999999999999 4.5343086062940001  -5.2169925456090001 -6.0049999999999999 4.5343086062940001  -5.3158016551419998 -6.0049999999999999 4.4933389743929997  -5.3905110014810003 -6.0049999999999999 4.4186296280509998 
 5 4 6 4
7 0 0  3 4 2  -5.3905110014810003 -6.0049999999999999 4.4186296280509998  -5.462810423214 -6.0049999999999999 4.3463302925059999  -5.5037800608629999 -6.0049999999999999 4.2475211599889997  -5.5037800608629999 -6.0049999999999999 4.1438920978200002 
 6 4 7 4
7 0 0  3 4 2  -5.5037800608629999 -6.0049999999999999 4.1438920978200002  -5.5037800608629999 -6.0049999999999999 4.0474929531140003  -5.4676303815990002 -6.0049999999999999 3.9535037502530002  -5.4025609635189999 -6.0049999999999999 3.8812044836580002 
 7 4 8 4
7 0 0  3 4 2  -5.4025609635189999 -6.0049999999999999 3.8812044836580002  -5.3495414385290001 -6.0049999999999999 3.8233649600609998  -5.2844719974660004 -6.0049999999999999 3.784805338954  -5.2097626741100003 -6.0049999999999999 3.7655255283989999 
 8 4 9 4
7 0 0  3 4 2  -5.2097626741100003 -6.0049999999999999 3.7655255283989999  -5.1784329474849997 -6.0049999999999999 3.6691263836929999  -5.0868537784010002 -6.0049999999999999 3.6016470007870001  -4.9808146824520003 -6.0049999999999999 3.6016470007870001 
 9 4 10 4
7 0 0  3 4 2  -4.9808146824520003 -6.0049999999999999 3.6016470007870001  -4.8482658584829998 -6.0049999999999999 3.6016470007870001  -4.7398168206889997 -6.0049999999999999 3.7100960385790001  -4.7398168206889997 -6.0049999999999999 3.8426448625490002 
 10 4 11 4
7 0 0  3 4 2  -4.7398168206889997 -6.0049999999999999 3.8426448625490002  -4.7398168206889997 -6.0049999999999999 3.849874780016  -4.7398168206889997 -6.0049999999999999 3.8571046974829999  -4.7398168206889997 -6.0049999999999999 3.8667446487269999 
 11 4 12 4
1 -4.7398168206889997 -6.0049999999999999 3.8667446487269999 0.88409495024772367 0 0.46730730675485393 
1 -4.4024198142220001 -6.0049999999999999 4.045083057237 -0.50488304865007472 0 0.86318775894112776 
1 -4.4771291145959999 -6.0049999999999999 4.17281195155 -0.88634884279576576 0 -0.46301806538687768 
7 0 0  3 4 2  -4.8000662401629999 -6.0049999999999999 4.0041134483169998  -4.8434458368950004 -6.0049999999999999 4.054723008481  -4.908515277957 -6.0049999999999999 4.0860527121230001  -4.9808146364850003 -6.0049999999999999 4.0860527121230001 
 15 4 16 4
7 0 0  3 4 2  -4.9808146364850003 -6.0049999999999999 4.0860527121230001  -5.084443744623 -6.0049999999999999 4.0860527121230001  -5.1736129258950001 -6.0049999999999999 4.0185733292180004  -5.2073526173489997 -6.0049999999999999 3.926994114168 
 16 4 17 4
7 0 0  3 4 2  -5.2073526173489997 -6.0049999999999999 3.926994114168  -5.2917018689650002 -6.0049999999999999 3.9655537812410002  -5.3519513344060003 -6.0049999999999999 4.0499030328580004  -5.3519513344060003 -6.0049999999999999 4.1487121653749996 
 17 4 18 4
7 0 0  3 4 2  -5.3519513344060003 -6.0049999999999999 4.1487121653749996  -5.3519513344060003 -6.0049999999999999 4.2812609893440001  -5.2435022966130003 -6.0049999999999999 4.3897100271360001  -5.1109534726439998 -6.0049999999999999 4.3897100271360001 
 18 4 19 4
7 0 0  3 4 2  -5.1109534726439998 -6.0049999999999999 4.3897100271360001  -5.065163888102 -6.0049999999999999 4.3897100271360001  -5.0193743035600003 -6.0049999999999999 4.3752501462379998  -4.9832246242969997 -6.0049999999999999 4.3535603478710003 
 19 4 20 4
7 0 0  3 4 2  -4.9832246242969997 -6.0049999999999999 4.3535603478710003  -4.937435085722 -6.0049999999999999 4.4885190217530004  -4.8121161792190001 -6.0049999999999999 4.5849181664570002  -4.6602875446949996 -6.0049999999999999 4.5849181664570002 
 20 4 21 4
7 0 0  3 4 2  -4.6602875446949996 -6.0049999999999999 4.5849181664570002  -4.4867690658389998 -6.0049999999999999 4.5849181664570002  -4.342170348782 -6.0049999999999999 4.4523693424879998  -4.3228905382280001 -6.0049999999999999 4.2836708392549996 
 21 4 22 4
7 0 0  3 4 2  -4.3228905382280001 -6.0049999999999999 4.2836708392549996  -4.3156606207620003 -6.0049999999999999 4.2836708392549996  -4.3108406451399999 -6.0049999999999999 4.2836708392549996  -4.303610727673 -6.0049999999999999 4.2836708392549996 
 22 4 23 4
7 0 0  3 4 2  -4.303610727673 -6.0049999999999999 4.2836708392549996  -4.1999816655020004 -6.0049999999999999 4.2836708392549996  -4.1156324138859999 -6.0049999999999999 4.1993215876379999  -4.1156324138859999 -6.0049999999999999 4.0956925254670002 
 23 4 24 4
7 0 0  3 4 2  -4.1156324138859999 -6.0049999999999999 4.0956925254670002  -4.1156324138859999 -6.0049999999999999 3.9968833929500001  -4.1903417142589996 -6.0049999999999999 3.914944129147  -4.2891508927409996 -6.0049999999999999 3.9077142116800001 
 24 4 25 4
1 -4.2891508927409996 -6.0049999999999999 3.9077142116800001 -1 0 0 
7 0 0  3 4 2  -4.3975999305339997 -6.0049999999999999 3.9077142116800001  -4.4024199061560001 -6.0049999999999999 3.9077142116800001  -4.4072398817779996 -6.0049999999999999 3.9101241535229998  -4.4120597654660001 -6.0049999999999999 3.9101241535229998 
 26 4 27 4
7 0 0  3 4 2  -4.4120597654660001 -6.0049999999999999 3.9101241535229998  -4.4530294203530003 -6.0049999999999999 3.9101241535229998  -4.4867690658389998 -6.0049999999999999 3.876384416104  -4.4867690658389998 -6.0049999999999999 3.8354148531510002 
 27 4 28 4
7 0 0  3 4 2  -4.4867690658389998 -6.0049999999999999 3.8354148531510002  -4.4867690658389998 -6.0049999999999999 3.7968552320420002  -4.4554393621979997 -6.0049999999999999 3.7631154946200001  -4.4168796491549998 -6.0049999999999999 3.7607055527759998 
 28 4 29 4
1 -4.4168796491549998 -6.0049999999999999 3.7607055527759998 1 0 0 
7 0 0  3 4 2  -4.2746909658750001 -6.0049999999999999 3.7607055527759998  -4.1903417142589996 -6.0049999999999999 3.7679354702430001  -4.1132223801069996 -6.0049999999999999 3.8064951832860001  -4.0553829484459998 -6.0049999999999999 3.86915459057 
 33 4 34 4
7 0 0  3 4 2  -4.0553829484459998 -6.0049999999999999 3.86915459057  -3.9975434248489998 -6.0049999999999999 3.931813997855  -3.966213721206 -6.0049999999999999 4.0137533076279999  -3.966213721206 -6.0049999999999999 4.0981025592440004 
 34 4 35 4
7 0 0  3 7 3  -4.9832246702639997 -6.0049999999999999 3.7462455339780001  -4.9302051682560002 -6.0049999999999999 3.7462455339780001  -4.8892355133700001 -6.0049999999999999 3.7896252226409999  -4.8892355133700001 -6.0049999999999999 3.8402347368380001  -4.8892355133700001 -6.0049999999999999 3.8932542848130001  -4.9326151101000004 -6.0049999999999999 3.9342239396990002  -4.9832246702639997 -6.0049999999999999 3.9342239396990002 
 0 4 1 3 2 4
7 0 0  3 6 3  -4.9832246702639997 -6.0049999999999999 3.9342239396990002  -5.0338342304259998 -6.0049999999999999 3.9342239396990002  -5.0772138271570002 -6.0049999999999999 3.8932542848130001  -5.0772138271570002 -6.0049999999999999 3.7872151888640002  -5.0338342304259998 -6.0049999999999999 3.7462455339780001  -4.9832246702639997 -6.0049999999999999 3.7462455339780001 
 2 4 3 2 4 4
1 -3.966213721206 -6.0049999999999999 4.0981025592440004 -0 1 -0 
1 -4.204801549191 -6.0049999999999999 4.4138096754139999 -0 1 -0 
1 -4.3349404313160003 -6.0049999999999999 4.6041979885020003 -0 1 -0 
1 -4.6626974865399999 -6.0049999999999999 4.7295168835150001 -0 1 -0 
1 -4.9518949206540004 -6.0049999999999999 4.6355277151280001 -0 1 -0 
1 -5.0579339706360003 -6.0049999999999999 4.5294886536560002 -0 1 -0 
1 -5.113363460455 -6.0049999999999999 4.5343086062940001 -0 1 -0 
1 -5.3905110014810003 -6.0049999999999999 4.4186296280509998 -0 1 -0 
1 -5.5037800608629999 -6.0049999999999999 4.1438920978200002 -0 1 -0 
1 -5.4025609635189999 -6.0049999999999999 3.8812044836580002 -0 1 -0 
1 -5.2097626741100003 -6.0049999999999999 3.7655255283989999 -0 1 -0 
1 -4.9808146824520003 -6.0049999999999999 3.6016470007870001 -0 1 -0 
1 -4.7398168206889997 -6.0049999999999999 3.8426448625490002 -0 1 -0 
1 -4.7398168206889997 -6.0049999999999999 3.8667446487269999 -0 1 -0 
1 -4.4024198142220001 -6.0049999999999999 4.045083057237 -0 1 -0 
1 -4.4771291145959999 -6.0049999999999999 4.17281195155 -0 1 -0 
1 -4.8000662401629999 -6.0049999999999999 4.0041134483169998 -0 1 -0 
1 -4.9808146364850003 -6.0049999999999999 4.0860527121230001 -0 1 -0 
1 -5.2073526173489997 -6.0049999999999999 3.926994114168 -0 1 -0 
1 -5.3519513344060003 -6.0049999999999999 4.1487121653749996 -0 1 -0 
1 -5.1109534726439998 -6.0049999999999999 4.3897100271360001 -0 1 -0 
1 -4.9832246242969997 -6.0049999999999999 4.3535603478710003 -0 1 -0 
1 -4.6602875446949996 -6.0049999999999999 4.5849181664570002 -0 1 -0 
1 -4.3228905382280001 -6.0049999999999999 4.2836708392549996 -0 1 -0 
1 -4.303610727673 -6.0049999999999999 4.2836708392549996 -0 1 -0 
1 -4.1156324138859999 -6.0049999999999999 4.0956925254670002 -0 1 -0 
1 -4.2891508927409996 -6.0049999999999999 3.9077142116800001 -0 1 -0 
1 -4.3975999305339997 -6.0049999999999999 3.9077142116800001 -0 1 -0 
1 -4.4120597654660001 -6.0049999999999999 3.9101241535229998 -0 1 -0 
1 -4.4867690658389998 -6.0049999999999999 3.8354148531510002 -0 1 -0 
1 -4.4168796491549998 -6.0049999999999999 3.7607055527759998 -0 1 -0 
1 -4.2746909658750001 -6.0049999999999999 3.7607055527759998 -0 1 -0 
1 -4.0553829484459998 -6.0049999999999999 3.86915459057 -0 1 -0 
7 0 0  3 7 3  -4.9832246702639997 -5.9950000000000001 3.7462455339780001  -4.9302051682560002 -5.9950000000000001 3.7462455339780001  -4.8892355133700001 -5.9950000000000001 3.7896252226409999  -4.8892355133700001 -5.9950000000000001 3.8402347368380001  -4.8892355133700001 -5.9950000000000001 3.8932542848130001  -4.9326151101000004 -5.9950000000000001 3.9342239396990002  -4.9832246702639997 -5.9950000000000001 3.9342239396990002 
 0 4 1 3 2 4
1 -4.9832246702639997 -6.0049999999999999 3.7462455339780001 -0 1 -0 
1 -4.9832246702639997 -6.0049999999999999 3.9342239396990002 -0 1 -0 
7 0 0  3 6 3  -4.9832246702639997 -5.9950000000000001 3.9342239396990002  -5.0338342304259998 -5.9950000000000001 3.9342239396990002  -5.0772138271570002 -5.9950000000000001 3.8932542848130001  -5.0772138271570002 -5.9950000000000001 3.7872151888640002  -5.0338342304259998 -5.9950000000000001 3.7462455339780001  -4.9832246702639997 -5.9950000000000001 3.7462455339780001 
 2 4 3 2 4 4
Polygon3D 0
PolygonOnTriangulations 0
Surfaces 446
3 -4.75 -4.9950000000000001 -1 0 0 1 1 0 -0 -0 1 0 0.29999999999999999
0.78539816339699997
1 -4.75 -4.9950000000000001 -1 0 -0 1 1 0 0 -0 1 0 
3 -4.75 -4.9950000000000001 -1 0 0 1 1 0 -0 -0 1 0 0.29999999999999999
0.78539816339699997
2 -4.75 -4.9950000000000001 -1 -0 -0 1 1 0 0 -0 1 0 0.40000000000000002
3 -2.25 -4.9950000000000001 -1 0 0 1 1 0 -0 -0 1 0 0.29999999999999999
0.78539816339699997
1 -2.25 -4.9950000000000001 -1 0 -0 1 1 0 0 -0 1 0 
3 -2.25 -4.9950000000000001 -1 0 0 1 1 0 -0 -0 1 0 0.29999999999999999
0.78539816339699997
2 -2.25 -4.9950000000000001 -1 -0 -0 1 1 0 0 -0 1 0 0.40000000000000002
3 -2.25 5.0049999999999999 -1 0 0 1 1 0 -0 -0 1 0 0.29999999999999999
0.78539816339699997
1 -2.25 5.0049999999999999 -1 0 0 -1 -1 0 -0 0 1 0 
3 -2.25 5.0049999999999999 -1 0 0 1 1 0 -0 -0 1 0 0.29999999999999999
0.78539816339699997
2 -2.25 5.0049999999999999 -1 -0 -0 1 1 0 0 -0 1 0 0.40000000000000002
3 2.6499999999999999 0.0050000000000000001 -1 0 0 1 1 0 -0 -0 1 0 0.29999999999999999
0.78539816339699997
1 2.6499999999999999 0.0050000000000000001 -1 0 0 -1 -1 0 -0 0 1 0 
3 2.6499999999999999 0.0050000000000000001 -1 0 0 1 1 0 -0 -0 1 0 0.29999999999999999
0.78539816339699997
2 2.6499999999999999 0.0050000000000000001 -1 -0 -0 1 1 0 0 -0 1 0 0.40000000000000002
3 -4.75 5.0049999999999999 -1 0 0 1 1 0 -0 -0 1 0 0.29999999999999999
0.78539816339699997
1 -4.75 5.0049999999999999 -1 0 0 -1 -1 0 -0 0 1 0 
3 -4.75 5.0049999999999999 -1 0 0 1 1 0 -0 -0 1 0 0.29999999999999999
0.78539816339699997
2 -4.75 5.0049999999999999 -1 -0 -0 1 1 0 0 -0 1 0 0.40000000000000002
2 -4.75 -4.9950000000000001 -1 -0 -0 1 1 0 0 -0 1 0 0.40000000000000002
1 -6.25 0.0050000000000000001 0 0 0 1 1 0 -0 -0 1 0 
2 -2.25 -4.9950000000000001 -1 -0 -0 1 1 0 0 -0 1 0 0.40000000000000002
2 2.6499999999999999 0.0050000000000000001 -1 -0 -0 1 1 0 0 -0 1 0 0.40000000000000002
2 -2.25 5.0049999999999999 -1 -0 -0 1 1 0 0 -0 1 0 0.40000000000000002
2 -4.75 5.0049999999999999 -1 -0 -0 1 1 0 0 -0 1 0 0.40000000000000002
3 -8.6500000000000004 0.0050000000000000001 2.5 -1 0 0 0 0 1 0 1 -0 1.8
0.78539816339699997
3 -8.6500000000000004 0.0050000000000000001 2.5 -1 0 0 0 0 1 0 1 -0 1.8
0.78539816339699997
1 -9.0500000000000007 0.0050000000000000001 2.5 -1 0 0 0 0 1 0 1 -0 
2 -6.25 0.0050000000000000001 2.5 -1 -0 -0 -0 0 1 0 1 -0 1.8
2 -6.25 0.0050000000000000001 2.5 -1 -0 -0 -0 0 1 0 1 -0 1.8
1 -6.25 0.0050000000000000001 2.5 -1 0 0 0 0 1 0 1 -0 
2 -5.75 0.0050000000000000001 2.5 -1 0 0 0 0 1 0 1 -0 3
1 -5.75 0.0050000000000000001 2.5 -1 0 0 0 0 1 0 1 -0 
2 -5.75 0.0050000000000000001 2.5 -1 0 0 0 0 1 0 1 -0 3
2 -5.75 0.0050000000000000001 2.5 -1 0 0 0 0 1 0 1 -0 3
1 -5.75 0.0050000000000000001 2.5 -1 0 0 0 0 1 0 1 -0 
1 -6.25 0.0050000000000000001 5 0 0 1 1 0 -0 -0 1 0 
1 -6.25 -4.4950000000000001 5 1 0 0 0 0 -1 -0 1 0 
2 -5.75 0.0050000000000000001 2.5 -1 0 0 0 0 1 0 1 -0 3
1 -5.75 -5.9950000000000001 5 0 1 0 0 -0 1 1 0 -0 
1 -2.83964883204 -6.0049999999999999 4.0039714266950002 0 0 -1 -1 0 -0 0 1 0 
1 -2.7956324135849999 -6.0049999999999999 4.0039714266950002 -0.9303007377811332 0 0.36679767895105259 0.36679767895105259 0 0.9303007377811332 0 1 -0 
9 0 0 0 0 3 1 4 2 2 2 -2.991886720289 -6.0049999999999999 3.647854340356  -2.991886720289 -5.9950000000000001 3.647854340356  
-2.9547153747810002 -6.0049999999999999 3.647854340356  -2.9547153747810002 -5.9950000000000001 3.647854340356  
-2.925948739096 -6.0049999999999999 3.6736749952780001  -2.925948739096 -5.9950000000000001 3.6736749952780001  
-2.9055001667420002 -6.0049999999999999 3.725316305123  -2.9055001667420002 -5.9950000000000001 3.725316305123  

1 4
2 4

0 2
1 2

9 0 0 0 0 3 1 4 2 2 2 -3.0192670120849998 -6.0049999999999999 3.6513202000780001  -3.0192670120849998 -5.9950000000000001 3.6513202000780001  
-3.0117287671919999 -6.0049999999999999 3.6490673912589999  -3.0117287671919999 -5.9950000000000001 3.6490673912589999  
-3.0025442389310002 -6.0049999999999999 3.647854340356  -3.0025442389310002 -5.9950000000000001 3.647854340356  
-2.991886720289 -6.0049999999999999 3.647854340356  -2.991886720289 -5.9950000000000001 3.647854340356  

2 4
3 4

0 2
1 2

1 -3.0192670120849998 -6.0049999999999999 3.6513202000780001 1 0 -0 -0 0 -1 0 1 0 
9 0 0 0 0 3 1 4 2 2 2 -2.995179287025 -6.0049999999999999 3.6842458674270002  -2.995179287025 -5.9950000000000001 3.6842458674270002  
-3.002977471396 -6.0049999999999999 3.6842458674270002  -3.002977471396 -5.9950000000000001 3.6842458674270002  
-3.0109489487549999 -6.0049999999999999 3.6858055043019999  -3.0109489487549999 -5.9950000000000001 3.6858055043019999  
-3.0192670120849998 -6.0049999999999999 3.6890980710379999  -3.0192670120849998 -5.9950000000000001 3.6890980710379999  

4 4
5 4

0 2
1 2

9 0 0 0 0 3 1 4 2 2 2 -2.951682747525 -6.0049999999999999 3.71838458568  -2.951682747525 -5.9950000000000001 3.71838458568  
-2.961300508251 -6.0049999999999999 3.695509911522  -2.961300508251 -5.9950000000000001 3.695509911522  
-2.9757704725859999 -6.0049999999999999 3.6842458674270002  -2.9757704725859999 -5.9950000000000001 3.6842458674270002  
-2.995179287025 -6.0049999999999999 3.6842458674270002  -2.995179287025 -5.9950000000000001 3.6842458674270002  

5 4
6 4

0 2
1 2

1 -2.951682747525 -6.0049999999999999 3.71838458568 0.92091720301739921 0 -0.38975826506516897 -0.38975826506516897 0 -0.92091720301739921 0 1 0 
1 -2.9330537515240001 -6.0049999999999999 3.7624010041379998 0.93067032263590699 0 0.36585892166896344 0.36585892166896344 0 -0.93067032263590699 -0 1 0 
1 -3.0280183078810001 -6.0049999999999999 4.0039714266950002 0 0 -1 -1 0 -0 0 1 0 
1 -2.9805360297019998 -6.0049999999999999 4.0039714266950002 -0.94455746042924205 0 -0.32834616481308415 -0.32834616481308415 0 0.94455746042924205 0 1 0 
1 -2.9172840897939998 -6.0049999999999999 3.8220137913390002 -0.96761727238613948 0 -0.25242189718803637 -0.25242189718803637 0 0.96761727238613948 0 1 0 
1 -2.9120853002109999 -6.0049999999999999 3.8020850979429999 0 0 -1 -1 0 -0 0 1 0 
9 0 0 0 0 3 1 4 2 2 2 -2.9057601062199998 -6.0049999999999999 3.821667205367  -2.9057601062199998 -5.9950000000000001 3.821667205367  
-2.9083595010110002 -6.0049999999999999 3.8131758490509999  -2.9083595010110002 -5.9950000000000001 3.8131758490509999  
-2.9100924308740002 -6.0049999999999999 3.8065907155819998  -2.9100924308740002 -5.9950000000000001 3.8065907155819998  
-2.9109588958030002 -6.0049999999999999 3.8020850979429999  -2.9109588958030002 -5.9950000000000001 3.8020850979429999  

12 4
13 4

0 2
1 2

1 -2.9057601062199998 -6.0049999999999999 3.821667205367 0.94009311039982801 0 -0.34091779621893759 -0.34091779621893759 0 -0.94009311039982801 0 1 0 
9 0 0 0 0 3 1 4 2 2 2 -3.3586613252699999 -6.0049999999999999 4.0095168022500003  -3.3586613252699999 -5.9950000000000001 4.0095168022500003  
-3.3902006487310001 -6.0049999999999999 4.0095168022500003  -3.3902006487310001 -5.9950000000000001 4.0095168022500003  
-3.4180141729929998 -6.0049999999999999 4.0020652038489999  -3.4180141729929998 -5.9950000000000001 4.0020652038489999  
-3.4420152515620002 -6.0049999999999999 3.986988714063  -3.4420152515620002 -5.9950000000000001 3.986988714063  

0 4
1 4

0 2
1 2

9 0 0 0 0 3 1 4 2 2 2 -3.2711483673130002 -6.0049999999999999 3.9176715196399998  -3.2711483673130002 -5.9950000000000001 3.9176715196399998  
-3.2711483673130002 -6.0049999999999999 3.9790172367040002  -3.2711483673130002 -5.9950000000000001 3.9790172367040002  
-3.3003482354639999 -6.0049999999999999 4.0095168022500003  -3.3003482354639999 -5.9950000000000001 4.0095168022500003  
-3.3586613252699999 -6.0049999999999999 4.0095168022500003  -3.3586613252699999 -5.9950000000000001 4.0095168022500003  

1 4
2 4

0 2
1 2

1 -3.2711483673130002 -6.0049999999999999 3.9176715196399998 -1 0 -0 0 0 1 0 1 -0 
1 -3.2711483673130002 -6.0049999999999999 3.76188112518 0 0 1 1 0 -0 -0 1 0 
1 -3.3136051488959999 -6.0049999999999999 3.76188112518 1 0 -0 -0 0 -1 0 1 0 
1 -3.3136051488959999 -6.0049999999999999 3.7993124101669999 0 0 1 1 0 -0 -0 1 0 
9 0 0 0 0 3 1 4 2 2 2 -3.3889009513359998 -6.0049999999999999 3.7561624566399998  -3.3889009513359998 -5.9950000000000001 3.7561624566399998  
-3.3562352234650001 -6.0049999999999999 3.7561624566399998  -3.3562352234650001 -5.9950000000000001 3.7561624566399998  
-3.3314543264590002 -6.0049999999999999 3.7705457744820001  -3.3314543264590002 -5.9950000000000001 3.7705457744820001  
-3.3147315533059998 -6.0049999999999999 3.7993124101669999  -3.3147315533059998 -5.9950000000000001 3.7993124101669999  

6 4
7 4

0 2
1 2

9 0 0 0 0 3 1 4 2 2 2 -3.4448745858310001 -6.0049999999999999 3.775224685105  -3.4448745858310001 -5.9950000000000001 3.775224685105  
-3.4310111469470002 -6.0049999999999999 3.7625742971239999  -3.4310111469470002 -5.9950000000000001 3.7625742971239999  
-3.4123821509460002 -6.0049999999999999 3.7561624566399998  -3.4123821509460002 -5.9950000000000001 3.7561624566399998  
-3.3889009513359998 -6.0049999999999999 3.7561624566399998  -3.3889009513359998 -5.9950000000000001 3.7561624566399998  

7 4
8 4

0 2
1 2

9 0 0 0 0 3 1 4 2 2 2 -3.4656697441580002 -6.0049999999999999 3.8266927019639998  -3.4656697441580002 -5.9950000000000001 3.8266927019639998  
-3.4656697441580002 -6.0049999999999999 3.8050310787070001  -3.4656697441580002 -5.9950000000000001 3.8050310787070001  
-3.4587380247159998 -6.0049999999999999 3.787875073086  -3.4587380247159998 -5.9950000000000001 3.787875073086  
-3.4448745858310001 -6.0049999999999999 3.775224685105  -3.4448745858310001 -5.9950000000000001 3.775224685105  

8 4
9 4

0 2
1 2

9 0 0 0 0 3 1 4 2 2 2 -3.3853484451229998 -6.0049999999999999 3.9057143036039998  -3.3853484451229998 -5.9950000000000001 3.9057143036039998  
-3.4388959778119998 -6.0049999999999999 3.8982627052029999  -3.4388959778119998 -5.9950000000000001 3.8982627052029999  
-3.4656697441580002 -6.0049999999999999 3.8719221713229999  -3.4656697441580002 -5.9950000000000001 3.8719221713229999  
-3.4656697441580002 -6.0049999999999999 3.8266927019639998  -3.4656697441580002 -5.9950000000000001 3.8266927019639998  

9 4
10 4

0 2
1 2

1 -3.3853484451229998 -6.0049999999999999 3.9057143036039998 0.13874168848202378 0 -0.9903286039881698 -0.9903286039881698 0 -0.13874168848202378 0 1 0 
9 0 0 0 0 3 1 4 2 2 2 -3.3626470639489998 -6.0049999999999999 3.9750314980249999  -3.3626470639489998 -5.9950000000000001 3.9750314980249999  
-3.3299813360780002 -6.0049999999999999 3.9750314980249999  -3.3299813360780002 -5.9950000000000001 3.9750314980249999  
-3.3136051488959999 -6.0049999999999999 3.955276097614  -3.3136051488959999 -5.9950000000000001 3.955276097614  
-3.3136051488959999 -6.0049999999999999 3.9157652967960002  -3.3136051488959999 -5.9950000000000001 3.9157652967960002  

11 4
12 4

0 2
1 2

9 0 0 0 0 3 1 4 2 2 2 -3.4420152515620002 -6.0049999999999999 3.9457449833810001  -3.4420152515620002 -5.9950000000000001 3.9457449833810001  
-3.4181008194859999 -6.0049999999999999 3.9651537978200002  -3.4181008194859999 -5.9950000000000001 3.9651537978200002  
-3.3916736391129998 -6.0049999999999999 3.9750314980249999  -3.3916736391129998 -5.9950000000000001 3.9750314980249999  
-3.3626470639489998 -6.0049999999999999 3.9750314980249999  -3.3626470639489998 -5.9950000000000001 3.9750314980249999  

12 4
13 4

0 2
1 2

1 -3.4420152515620002 -6.0049999999999999 3.9457449833810001 1 0 -0 -0 0 -1 0 1 0 
1 -3.506306949387 -6.0049999999999999 3.8005254610699999 -1 0 -0 0 0 1 0 1 -0 
1 -3.506306949387 -6.0049999999999999 3.76188112518 0 0 1 1 0 -0 -0 1 0 
1 -3.6886111707150002 -6.0049999999999999 3.76188112518 1 0 -0 -0 0 -1 0 1 0 
1 -3.6886111707150002 -6.0049999999999999 4.1008422058990002 0 0 -1 -1 0 -0 0 1 0 
1 -3.5140184872670002 -6.0049999999999999 4.1008422058990002 -1 0 -0 0 0 1 0 1 -0 
1 -3.5140184872670002 -6.0049999999999999 4.0618512840380001 0 0 1 1 0 -0 -0 1 0 
1 -3.6448546917370002 -6.0049999999999999 4.0618512840380001 -1 0 -0 0 0 1 0 1 -0 
1 -3.6448546917370002 -6.0049999999999999 3.9533698747680002 0 0 -1 -1 0 -0 0 1 0 
1 -3.523636247992 -6.0049999999999999 3.9533698747680002 -1 0 -0 0 0 1 0 1 -0 
1 -3.523636247992 -6.0049999999999999 3.9145522458920001 0 0 1 1 0 -0 -0 1 0 
1 -3.6448546917370002 -6.0049999999999999 3.9145522458920001 -1 0 -0 0 0 1 0 1 -0 
1 -3.6448546917370002 -6.0049999999999999 3.8005254610699999 0 0 -1 -1 0 -0 0 1 0 
9 0 0 0 0 3 1 4 2 2 2 -3.3360465905900001 -6.0049999999999999 4.2938905923619997  -3.3360465905900001 -5.9950000000000001 4.2938905923619997  
-3.298442012617 -6.0049999999999999 4.2938905923619997  -3.298442012617 -5.9950000000000001 4.2938905923619997  
-3.2671626286339999 -6.0049999999999999 4.3004757258310002  -3.2671626286339999 -5.9950000000000001 4.3004757258310002  
-3.2422084386419998 -6.0049999999999999 4.3136459927719999  -3.2422084386419998 -5.9950000000000001 4.3136459927719999  

0 4
1 4

0 2
1 2

9 0 0 0 0 3 1 4 2 2 2 -3.4524994772180002 -6.0049999999999999 4.340159819638  -3.4524994772180002 -5.9950000000000001 4.340159819638  
-3.4234729020539998 -6.0049999999999999 4.3093136681209998  -3.4234729020539998 -5.9950000000000001 4.3093136681209998  
-3.3846552731780002 -6.0049999999999999 4.2938905923619997  -3.3846552731780002 -5.9950000000000001 4.2938905923619997  
-3.3360465905900001 -6.0049999999999999 4.2938905923619997  -3.3360465905900001 -5.9950000000000001 4.2938905923619997  

1 4
2 4

0 2
1 2

9 0 0 0 0 3 1 4 2 2 2 -3.4959960167170001 -6.0049999999999999 4.4626779607760003  -3.4959960167170001 -5.9950000000000001 4.4626779607760003  
-3.4959960167170001 -6.0049999999999999 4.4119031158629998  -3.4959960167170001 -5.9950000000000001 4.4119031158629998  
-3.4815260523820002 -6.0049999999999999 4.3710059711550002  -3.4815260523820002 -5.9950000000000001 4.3710059711550002  
-3.4524994772180002 -6.0049999999999999 4.340159819638  -3.4524994772180002 -5.9950000000000001 4.340159819638  

2 4
3 4

0 2
1 2

9 0 0 0 0 3 1 4 2 2 2 -3.4470407481579999 -6.0049999999999999 4.5943806301769996  -3.4470407481579999 -5.9950000000000001 4.5943806301769996  
-3.4797064760279999 -6.0049999999999999 4.5611083768559997  -3.4797064760279999 -5.9950000000000001 4.5611083768559997  
-3.4959960167170001 -6.0049999999999999 4.5172652513829998  -3.4959960167170001 -5.9950000000000001 4.5172652513829998  
-3.4959960167170001 -6.0049999999999999 4.4626779607760003  -3.4959960167170001 -5.9950000000000001 4.4626779607760003  

3 4
4 4

0 2
1 2

9 0 0 0 0 3 1 4 2 2 2 -3.3225297376779999 -6.0049999999999999 4.6442890101609997  -3.3225297376779999 -5.9950000000000001 4.6442890101609997  
-3.3728713501260001 -6.0049999999999999 4.6442890101609997  -3.3728713501260001 -5.9950000000000001 4.6442890101609997  
-3.4143750202860002 -6.0049999999999999 4.6276528834999997  -3.4143750202860002 -5.9950000000000001 4.6276528834999997  
-3.4470407481579999 -6.0049999999999999 4.5943806301769996  -3.4470407481579999 -5.9950000000000001 4.5943806301769996  

4 4
5 4

0 2
1 2

9 0 0 0 0 3 1 4 2 2 2 -3.2422084386419998 -6.0049999999999999 4.6304255712759996  -3.2422084386419998 -5.9950000000000001 4.6304255712759996  
-3.2633501829410001 -6.0049999999999999 4.6396100995380003  -3.2633501829410001 -5.9950000000000001 4.6396100995380003  
-3.290123949287 -6.0049999999999999 4.6442890101609997  -3.290123949287 -5.9950000000000001 4.6442890101609997  
-3.3225297376779999 -6.0049999999999999 4.6442890101609997  -3.3225297376779999 -5.9950000000000001 4.6442890101609997  

5 4
6 4

0 2
1 2

1 -3.2422084386419998 -6.0049999999999999 4.6304255712759996 -1 0 -0 0 0 1 0 1 -0 
9 0 0 0 0 3 1 4 2 2 2 -3.322096505213 -6.0049999999999999 4.60477820934  -3.322096505213 -5.9950000000000001 4.60477820934  
-3.2930699300500001 -6.0049999999999999 4.60477820934  -3.2930699300500001 -5.9950000000000001 4.60477820934  
-3.2664694566899999 -6.0049999999999999 4.5981930758700003  -3.2664694566899999 -5.9950000000000001 4.5981930758700003  
-3.2422084386419998 -6.0049999999999999 4.5846762229599998  -3.2422084386419998 -5.9950000000000001 4.5846762229599998  

7 4
8 4

0 2
1 2

9 0 0 0 0 3 1 4 2 2 2 -3.4144616667790002 -6.0049999999999999 4.5671736313669999  -3.4144616667790002 -5.9950000000000001 4.5671736313669999  
-3.390633881197 -6.0049999999999999 4.592301114344  -3.390633881197 -5.9950000000000001 4.592301114344  
-3.3598743761719998 -6.0049999999999999 4.60477820934  -3.3598743761719998 -5.9950000000000001 4.60477820934  
-3.322096505213 -6.0049999999999999 4.60477820934  -3.322096505213 -5.9950000000000001 4.60477820934  

8 4
9 4

0 2
1 2

9 0 0 0 0 3 1 4 2 2 2 -3.4500733754119999 -6.0049999999999999 4.4652773555690004  -3.4500733754119999 -5.9950000000000001 4.4652773555690004  
-3.4500733754119999 -6.0049999999999999 4.5079074301380002  -3.4500733754119999 -5.9950000000000001 4.5079074301380002  
-3.438202805869 -6.0049999999999999 4.5418728554019996  -3.438202805869 -5.9950000000000001 4.5418728554019996  
-3.4144616667790002 -6.0049999999999999 4.5671736313669999  -3.4144616667790002 -5.9950000000000001 4.5671736313669999  

9 4
10 4

0 2
1 2

9 0 0 0 0 3 1 4 2 2 2 -3.416801122091 -6.0049999999999999 4.3685798693509996  -3.416801122091 -5.9950000000000001 4.3685798693509996  
-3.438982624306 -6.0049999999999999 4.3924943014269999  -3.438982624306 -5.9950000000000001 4.3924943014269999  
-3.4500733754119999 -6.0049999999999999 4.4247267968330002  -3.4500733754119999 -5.9950000000000001 4.4247267968330002  
-3.4500733754119999 -6.0049999999999999 4.4652773555690004  -3.4500733754119999 -5.9950000000000001 4.4652773555690004  

10 4
11 4

0 2
1 2

9 0 0 0 0 3 1 4 2 2 2 -3.3297213966000001 -6.0049999999999999 4.3328815142229997  -3.3297213966000001 -5.9950000000000001 4.3328815142229997  
-3.3655930447119999 -6.0049999999999999 4.3328815142229997  -3.3655930447119999 -5.9950000000000001 4.3328815142229997  
-3.3946196198759999 -6.0049999999999999 4.3448387302610003  -3.3946196198759999 -5.9950000000000001 4.3448387302610003  
-3.416801122091 -6.0049999999999999 4.3685798693509996  -3.416801122091 -5.9950000000000001 4.3685798693509996  

11 4
12 4

0 2
1 2

9 0 0 0 0 3 1 4 2 2 2 -3.2422084386419998 -6.0049999999999999 4.3555828953980003  -3.2422084386419998 -5.9950000000000001 4.3555828953980003  
-3.2669893356480002 -6.0049999999999999 4.3405064056100002  -3.2669893356480002 -5.9950000000000001 4.3405064056100002  
-3.2961892037979998 -6.0049999999999999 4.3328815142229997  -3.2961892037979998 -5.9950000000000001 4.3328815142229997  
-3.3297213966000001 -6.0049999999999999 4.3328815142229997  -3.3297213966000001 -5.9950000000000001 4.3328815142229997  

12 4
13 4

0 2
1 2

1 -3.2422084386419998 -6.0049999999999999 4.3555828953980003 -1 0 -0 0 0 1 0 1 -0 
1 -6.25 0.0050000000000000001 1 0 0 -1 -1 0 -0 0 1 0 
1 3.25 -5.9950000000000001 1 -1 -2.1684043449710002e-15 0 2.1684043449710002e-15 -1 0 0 0 1 
1 -5.75 -4.4950000000000001 5 1 0 -0 -0 0 -1 0 1 0 
1 5.1500000000000004 6.0049999999999999 5 -1 0 0 0 0 1 0 1 -0 
1 4.3499999999999996 -5.9950000000000001 1 1 -0 0 0 0 -1 0 1 0 
1 -3.5098594556010001 -6.0049999999999999 4.3382535967909996 -1 0 -0 0 0 1 0 1 -0 
1 -3.5098594556010001 -6.0049999999999999 4.2996092609019998 0 0 1 1 0 -0 -0 1 0 
1 -3.6886111707150002 -6.0049999999999999 4.2996092609019998 1 0 -0 -0 0 -1 0 1 0 
1 -3.6886111707150002 -6.0049999999999999 4.6385703416209996 0 0 -1 -1 0 -0 0 1 0 
1 -3.6448546917370002 -6.0049999999999999 4.6385703416209996 -1 0 -0 0 0 1 0 1 -0 
1 -3.6448546917370002 -6.0049999999999999 4.3382535967909996 0 0 -1 -1 0 -0 0 1 0 
1 -2.9920600132759998 -6.0049999999999999 4.3382535967909996 -1 0 -0 0 0 1 0 1 -0 
1 -2.9920600132759998 -6.0049999999999999 4.2996092609019998 0 0 1 1 0 -0 -0 1 0 
1 -3.1743642346019998 -6.0049999999999999 4.2996092609019998 1 0 -0 -0 0 -1 0 1 0 
1 -3.1743642346019998 -6.0049999999999999 4.6385703416209996 0 0 -1 -1 0 -0 0 1 0 
1 -2.9997715511540002 -6.0049999999999999 4.6385703416209996 -1 0 -0 0 0 1 0 1 -0 
1 -2.9997715511540002 -6.0049999999999999 4.5995794197590003 0 0 1 1 0 -0 -0 1 0 
1 -3.1306077556240002 -6.0049999999999999 4.5995794197590003 -1 0 -0 0 0 1 0 1 -0 
1 -3.1306077556240002 -6.0049999999999999 4.4910980104889999 0 0 -1 -1 0 -0 0 1 0 
1 -3.0093893118809998 -6.0049999999999999 4.4910980104889999 -1 0 -0 0 0 1 0 1 -0 
1 -3.0093893118809998 -6.0049999999999999 4.452280381614 0 0 1 1 0 -0 -0 1 0 
1 -3.1306077556240002 -6.0049999999999999 4.452280381614 -1 0 -0 0 0 1 0 1 -0 
1 -3.1306077556240002 -6.0049999999999999 4.3382535967909996 0 0 -1 -1 0 -0 0 1 0 
1 -2.8347966284320001 -6.0049999999999999 4.2996092609019998 0 0 1 1 0 -0 -0 1 0 
1 -2.9280282549279999 -6.0049999999999999 4.2996092609019998 1 0 -0 -0 0 -1 0 1 0 
1 -2.9280282549279999 -6.0049999999999999 4.6385703416209996 0 0 -1 -1 0 -0 0 1 0 
9 0 0 0 0 3 1 4 2 2 2 -2.703180605524 -6.0049999999999999 4.5936874582330001  -2.703180605524 -5.9950000000000001 4.5936874582330001  
-2.7372326772840001 -6.0049999999999999 4.6236671448209998  -2.7372326772840001 -5.9950000000000001 4.6236671448209998  
-2.779949398346 -6.0049999999999999 4.6385703416209996  -2.779949398346 -5.9950000000000001 4.6385703416209996  
-2.83133076871 -6.0049999999999999 4.6385703416209996  -2.83133076871 -5.9950000000000001 4.6385703416209996  

2 4
3 4

0 2
1 2

9 0 0 0 0 3 1 4 2 2 2 -2.6520591746390001 -6.0049999999999999 4.4734221259130003  -2.6520591746390001 -5.9950000000000001 4.4734221259130003  
-2.6520591746390001 -6.0049999999999999 4.5236770918670004  -2.6520591746390001 -5.9950000000000001 4.5236770918670004  
-2.6691285337649999 -6.0049999999999999 4.5637077716460004  -2.6691285337649999 -5.9950000000000001 4.5637077716460004  
-2.703180605524 -6.0049999999999999 4.5936874582330001  -2.703180605524 -5.9950000000000001 4.5936874582330001  

3 4
4 4

0 2
1 2

9 0 0 0 0 3 1 4 2 2 2 -2.703180605524 -6.0049999999999999 4.3470915390789999  -2.703180605524 -5.9950000000000001 4.3470915390789999  
-2.6691285337649999 -6.0049999999999999 4.378804155528  -2.6691285337649999 -5.9950000000000001 4.378804155528  
-2.6520591746390001 -6.0049999999999999 4.4209143511390003  -2.6520591746390001 -5.9950000000000001 4.4209143511390003  
-2.6520591746390001 -6.0049999999999999 4.4734221259130003  -2.6520591746390001 -5.9950000000000001 4.4734221259130003  

4 4
5 4

0 2
1 2

9 0 0 0 0 3 1 4 2 2 2 -2.8347966284320001 -6.0049999999999999 4.2996092609019998  -2.8347966284320001 -5.9950000000000001 4.2996092609019998  
-2.7811624492489999 -6.0049999999999999 4.2996092609019998  -2.7811624492489999 -5.9950000000000001 4.2996092609019998  
-2.7372326772840001 -6.0049999999999999 4.3153789226330002  -2.7372326772840001 -5.9950000000000001 4.3153789226330002  
-2.703180605524 -6.0049999999999999 4.3470915390789999  -2.703180605524 -5.9950000000000001 4.3470915390789999  

5 4
6 4

0 2
1 2

1 -2.457364504809 -6.0049999999999999 4.6385703416209996 -0.93451043874173756 0 -0.35593572436990001 -0.35593572436990001 0 0.93451043874173756 0 1 0 
1 -2.3282612301990002 -6.0049999999999999 4.2996092609019998 0 0 1 1 0 -0 -0 1 0 
1 -2.3766099733080002 -6.0049999999999999 4.2996092609019998 0.93697534595447307 0 0.34939547946917643 0.34939547946917643 0 -0.93697534595447307 -0 1 0 
1 -2.4111819240250001 -6.0049999999999999 4.3923210084409998 0 0 1 1 0 -0 -0 1 0 
1 -2.5523290611660001 -6.0049999999999999 4.3923210084409998 -0.94344523308256523 0 0.33152841835019864 0.33152841835019864 0 0.94344523308256523 0 1 -0 
1 -2.5849081425440001 -6.0049999999999999 4.2996092609019998 0 0 1 1 0 -0 -0 1 0 
1 -2.6332568856509999 -6.0049999999999999 4.2996092609019998 0.93451043874398665 0 -0.35593572436399495 -0.35593572436399495 0 -0.93451043874398665 0 1 0 
1 -2.5041536110429998 -6.0049999999999999 4.6385703416209996 0 0 -1 -1 0 -0 0 1 0 
9 0 0 0 0 3 1 4 2 2 2 -3.1437780225640002 -6.0049999999999999 3.7908210538509999  -3.1437780225640002 -5.9950000000000001 3.7908210538509999  
-3.1687322125559998 -6.0049999999999999 3.7908210538509999  -3.1687322125559998 -5.9950000000000001 3.7908210538509999  
-3.191953472687 -6.0049999999999999 3.798619238223  -3.191953472687 -5.9950000000000001 3.798619238223  
-3.2136150959440002 -6.0049999999999999 3.814215606966  -3.2136150959440002 -5.9950000000000001 3.814215606966  

0 4
1 4

0 2
1 2

9 0 0 0 0 3 1 4 2 2 2 -3.0936963495950001 -6.0049999999999999 3.8235734282139999  -3.0936963495950001 -5.9950000000000001 3.8235734282139999  
-3.0936963495950001 -6.0049999999999999 3.8017385119710001  -3.0936963495950001 -5.9950000000000001 3.8017385119710001  
-3.1104191227490001 -6.0049999999999999 3.7908210538509999  -3.1104191227490001 -5.9950000000000001 3.7908210538509999  
-3.1437780225640002 -6.0049999999999999 3.7908210538509999  -3.1437780225640002 -5.9950000000000001 3.7908210538509999  

1 4
2 4

0 2
1 2

9 0 0 0 0 3 1 4 2 2 2 -3.104613807717 -6.0049999999999999 3.846621395358  -3.104613807717 -5.9950000000000001 3.846621395358  
-3.0973355023020002 -6.0049999999999999 3.8405561408470001  -3.0973355023020002 -5.9950000000000001 3.8405561408470001  
-3.0936963495950001 -6.0049999999999999 3.8329312494619998  -3.0936963495950001 -5.9950000000000001 3.8329312494619998  
-3.0936963495950001 -6.0049999999999999 3.8235734282139999  -3.0936963495950001 -5.9950000000000001 3.8235734282139999  

2 4
3 4

0 2
1 2

9 0 0 0 0 3 1 4 2 2 2 -3.1490634586390001 -6.0049999999999999 3.8682830186160002  -3.1490634586390001 -5.9950000000000001 3.8682830186160002  
-3.1267086634379999 -6.0049999999999999 3.8599649552850002  -3.1267086634379999 -5.9950000000000001 3.8599649552850002  
-3.1118921131309998 -6.0049999999999999 3.8526866498699999  -3.1118921131309998 -5.9950000000000001 3.8526866498699999  
-3.104613807717 -6.0049999999999999 3.846621395358  -3.104613807717 -5.9950000000000001 3.846621395358  

3 4
4 4

0 2
1 2

9 0 0 0 0 3 1 4 2 2 2 -3.2013112939339998 -6.0049999999999999 3.9003422210359999  -3.2013112939339998 -5.9950000000000001 3.9003422210359999  
-3.193339816575 -6.0049999999999999 3.8897713488869998  -3.193339816575 -5.9950000000000001 3.8897713488869998  
-3.1758372249839999 -6.0049999999999999 3.8790271837499999  -3.1758372249839999 -5.9950000000000001 3.8790271837499999  
-3.1490634586390001 -6.0049999999999999 3.8682830186160002  -3.1490634586390001 -5.9950000000000001 3.8682830186160002  

4 4
5 4

0 2
1 2

9 0 0 0 0 3 1 4 2 2 2 -3.213355156465 -6.0049999999999999 3.9386399709540001  -3.213355156465 -5.9950000000000001 3.9386399709540001  
-3.213355156465 -6.0049999999999999 3.9237367741520002  -3.213355156465 -5.9950000000000001 3.9237367741520002  
-3.2093694177850001 -6.0049999999999999 3.910913093185  -3.2093694177850001 -5.9950000000000001 3.910913093185  
-3.2013112939339998 -6.0049999999999999 3.9003422210359999  -3.2013112939339998 -5.9950000000000001 3.9003422210359999  

5 4
6 4

0 2
1 2

9 0 0 0 0 3 1 4 2 2 2 -3.1861481576539998 -6.0049999999999999 3.9902812807960002  -3.1861481576539998 -5.9950000000000001 3.9902812807960002  
-3.2042572746969999 -6.0049999999999999 3.9772843068429999  -3.2042572746969999 -5.9950000000000001 3.9772843068429999  
-3.213355156465 -6.0049999999999999 3.960128301223  -3.213355156465 -5.9950000000000001 3.960128301223  
-3.213355156465 -6.0049999999999999 3.9386399709540001  -3.213355156465 -5.9950000000000001 3.9386399709540001  

6 4
7 4

0 2
1 2

9 0 0 0 0 3 1 4 2 2 2 -3.1190837720519999 -6.0049999999999999 4.0095168022500003  -3.1190837720519999 -5.9950000000000001 4.0095168022500003  
-3.1455975989180001 -6.0049999999999999 4.0095168022500003  -3.1455975989180001 -5.9950000000000001 4.0095168022500003  
-3.1679523941190002 -6.0049999999999999 4.0031049617659997  -3.1679523941190002 -5.9950000000000001 4.0031049617659997  
-3.1861481576539998 -6.0049999999999999 3.9902812807960002  -3.1861481576539998 -5.9950000000000001 3.9902812807960002  

7 4
8 4

0 2
1 2

9 0 0 0 0 3 1 4 2 2 2 -3.061723793668 -6.0049999999999999 3.9987726371129999  -3.061723793668 -5.9950000000000001 3.9987726371129999  
-3.0793996782459998 -6.0049999999999999 4.0060509425279998  -3.0793996782459998 -5.9950000000000001 4.0060509425279998  
-3.0984619067120001 -6.0049999999999999 4.0095168022500003  -3.0984619067120001 -5.9950000000000001 4.0095168022500003  
-3.1190837720519999 -6.0049999999999999 4.0095168022500003  -3.1190837720519999 -5.9950000000000001 4.0095168022500003  

8 4
9 4

0 2
1 2

1 -3.061723793668 -6.0049999999999999 3.9987726371129999 -1 0 -0 0 0 1 0 1 -0 
9 0 0 0 0 3 1 4 2 2 2 -3.1232428037169999 -6.0049999999999999 3.9750314980249999  -3.1232428037169999 -5.9950000000000001 3.9750314980249999  
-3.1002814830649998 -6.0049999999999999 3.9750314980249999  -3.1002814830649998 -5.9950000000000001 3.9750314980249999  
-3.0798329107110001 -6.0049999999999999 3.9691395364990001  -3.0798329107110001 -5.9950000000000001 3.9691395364990001  
-3.061723793668 -6.0049999999999999 3.9575289064330001  -3.061723793668 -5.9950000000000001 3.9575289064330001  

10 4
11 4

0 2
1 2

9 0 0 0 0 3 1 4 2 2 2 -3.156688350025 -6.0049999999999999 3.9660202627490002  -3.156688350025 -5.9950000000000001 3.9660202627490002  
-3.1481103472159999 -6.0049999999999999 3.9720855172610001  -3.1481103472159999 -5.9950000000000001 3.9720855172610001  
-3.1369329496149998 -6.0049999999999999 3.9750314980249999  -3.1369329496149998 -5.9950000000000001 3.9750314980249999  
-3.1232428037169999 -6.0049999999999999 3.9750314980249999  -3.1232428037169999 -5.9950000000000001 3.9750314980249999  

11 4
12 4

0 2
1 2

9 0 0 0 0 3 1 4 2 2 2 -3.169598677487 -6.0049999999999999 3.9424524166469999  -3.169598677487 -5.9950000000000001 3.9424524166469999  
-3.169598677487 -6.0049999999999999 3.9521568238640001  -3.169598677487 -5.9950000000000001 3.9521568238640001  
-3.1652663528340002 -6.0049999999999999 3.960128301223  -3.1652663528340002 -5.9950000000000001 3.960128301223  
-3.156688350025 -6.0049999999999999 3.9660202627490002  -3.156688350025 -5.9950000000000001 3.9660202627490002  

12 4
13 4

0 2
1 2

9 0 0 0 0 3 1 4 2 2 2 -3.1603275027329998 -6.0049999999999999 3.9199243284610001  -3.1603275027329998 -5.9950000000000001 3.9199243284610001  
-3.1664794037380002 -6.0049999999999999 3.9252964110269999  -3.1664794037380002 -5.9950000000000001 3.9252964110269999  
-3.169598677487 -6.0049999999999999 3.9327480094279998  -3.169598677487 -5.9950000000000001 3.9327480094279998  
-3.169598677487 -6.0049999999999999 3.9424524166469999  -3.169598677487 -5.9950000000000001 3.9424524166469999  

13 4
14 4

0 2
1 2

9 0 0 0 0 3 1 4 2 2 2 -3.1190837720519999 -6.0049999999999999 3.899129170133  -3.1190837720519999 -5.9950000000000001 3.899129170133  
-3.1403988093369999 -6.0049999999999999 3.9074472334629999  -3.1403988093369999 -5.9950000000000001 3.9074472334629999  
-3.1540889552340001 -6.0049999999999999 3.914378952906  -3.1540889552340001 -5.9950000000000001 3.914378952906  
-3.1603275027329998 -6.0049999999999999 3.9199243284610001  -3.1603275027329998 -5.9950000000000001 3.9199243284610001  

14 4
15 4

0 2
1 2

9 0 0 0 0 3 1 4 2 2 2 -3.0643231884589999 -6.0049999999999999 3.8677631396579999  -3.0643231884589999 -5.9950000000000001 3.8677631396579999  
-3.0738543026920002 -6.0049999999999999 3.8785073047930001  -3.0738543026920002 -5.9950000000000001 3.8785073047930001  
-3.0920500662269998 -6.0049999999999999 3.8890781769410001  -3.0920500662269998 -5.9950000000000001 3.8890781769410001  
-3.1190837720519999 -6.0049999999999999 3.899129170133  -3.1190837720519999 -5.9950000000000001 3.899129170133  

15 4
16 4

0 2
1 2

9 0 0 0 0 3 1 4 2 2 2 -3.0501131636030001 -6.0049999999999999 3.8277324598789999  -3.0501131636030001 -5.9950000000000001 3.8277324598789999  
-3.0501131636030001 -6.0049999999999999 3.843675414597  -3.0501131636030001 -5.9950000000000001 3.843675414597  
-3.0548787207200001 -6.0049999999999999 3.8570189745240002  -3.0548787207200001 -5.9950000000000001 3.8570189745240002  
-3.0643231884589999 -6.0049999999999999 3.8677631396579999  -3.0643231884589999 -5.9950000000000001 3.8677631396579999  

16 4
17 4

0 2
1 2

9 0 0 0 0 3 1 4 2 2 2 -3.0774068089059998 -6.0049999999999999 3.7753979780910001  -3.0774068089059998 -5.9950000000000001 3.7753979780910001  
-3.0592110453710002 -6.0049999999999999 3.788048366075  -3.0592110453710002 -5.9950000000000001 3.788048366075  
-3.0501131636030001 -6.0049999999999999 3.8055509576639999  -3.0501131636030001 -5.9950000000000001 3.8055509576639999  
-3.0501131636030001 -6.0049999999999999 3.8277324598789999  -3.0501131636030001 -5.9950000000000001 3.8277324598789999  

17 4
18 4

0 2
1 2

9 0 0 0 0 3 1 4 2 2 2 -3.1479370542290002 -6.0049999999999999 3.7561624566399998  -3.1479370542290002 -5.9950000000000001 3.7561624566399998  
-3.1190837720519999 -6.0049999999999999 3.7561624566399998  -3.1190837720519999 -5.9950000000000001 3.7561624566399998  
-3.0955159259489999 -6.0049999999999999 3.7625742971239999  -3.0955159259489999 -5.9950000000000001 3.7625742971239999  
-3.0774068089059998 -6.0049999999999999 3.7753979780910001  -3.0774068089059998 -5.9950000000000001 3.7753979780910001  

18 4
19 4

0 2
1 2

9 0 0 0 0 3 1 4 2 2 2 -3.2136150959440002 -6.0049999999999999 3.7703724814970001  -3.2136150959440002 -5.9950000000000001 3.7703724814970001  
-3.1948994534500001 -6.0049999999999999 3.7610146602490002  -3.1948994534500001 -5.9950000000000001 3.7610146602490002  
-3.1730645372069999 -6.0049999999999999 3.7561624566399998  -3.1730645372069999 -5.9950000000000001 3.7561624566399998  
-3.1479370542290002 -6.0049999999999999 3.7561624566399998  -3.1479370542290002 -5.9950000000000001 3.7561624566399998  

19 4
20 4

0 2
1 2

1 -3.2136150959440002 -6.0049999999999999 3.7703724814970001 1 0 -0 -0 0 -1 0 1 0 
1 -2.5675788439380001 -6.0049999999999999 3.8005254610699999 -1 0 -0 0 0 1 0 1 -0 
1 -2.5675788439380001 -6.0049999999999999 3.76188112518 0 0 1 1 0 -0 -0 1 0 
1 -2.7498830652659998 -6.0049999999999999 3.76188112518 1 0 -0 -0 0 -1 0 1 0 
1 -2.7498830652659998 -6.0049999999999999 4.1008422058990002 0 0 -1 -1 0 -0 0 1 0 
1 -2.5752903818180002 -6.0049999999999999 4.1008422058990002 -1 0 -0 0 0 1 0 1 -0 
1 -2.5752903818180002 -6.0049999999999999 4.0618512840380001 0 0 1 1 0 -0 -0 1 0 
1 -2.706126586286 -6.0049999999999999 4.0618512840380001 -1 0 -0 0 0 1 0 1 -0 
1 -2.706126586286 -6.0049999999999999 3.9533698747680002 0 0 -1 -1 0 -0 0 1 0 
1 -2.5849081425440001 -6.0049999999999999 3.9533698747680002 -1 0 -0 0 0 1 0 1 -0 
1 -2.5849081425440001 -6.0049999999999999 3.9145522458920001 0 0 1 1 0 -0 -0 1 0 
1 -2.706126586286 -6.0049999999999999 3.9145522458920001 -1 0 -0 0 0 1 0 1 -0 
1 -2.706126586286 -6.0049999999999999 3.8005254610699999 0 0 -1 -1 0 -0 0 1 0 
1 -2.4103154590939999 -6.0049999999999999 3.76188112518 0 0 1 1 0 -0 -0 1 0 
1 -2.5035470855900002 -6.0049999999999999 3.76188112518 1 0 -0 -0 0 -1 0 1 0 
1 -2.5035470855900002 -6.0049999999999999 4.1008422058990002 0 0 -1 -1 0 -0 0 1 0 
9 0 0 0 0 3 1 4 2 2 2 -2.2786994361890001 -6.0049999999999999 4.0559593225119999  -2.2786994361890001 -5.9950000000000001 4.0559593225119999  
-2.3127515079459999 -6.0049999999999999 4.0859390090970003  -2.3127515079459999 -5.9950000000000001 4.0859390090970003  
-2.3554682290110001 -6.0049999999999999 4.1008422058990002  -2.3554682290110001 -5.9950000000000001 4.1008422058990002  
-2.406849599374 -6.0049999999999999 4.1008422058990002  -2.406849599374 -5.9950000000000001 4.1008422058990002  

2 4
3 4

0 2
1 2

9 0 0 0 0 3 1 4 2 2 2 -2.2275780053009999 -6.0049999999999999 3.9356939901899999  -2.2275780053009999 -5.9950000000000001 3.9356939901899999  
-2.2275780053009999 -6.0049999999999999 3.9859489561450001  -2.2275780053009999 -5.9950000000000001 3.9859489561450001  
-2.2446473644289999 -6.0049999999999999 4.0259796359240001  -2.2446473644289999 -5.9950000000000001 4.0259796359240001  
-2.2786994361890001 -6.0049999999999999 4.0559593225119999  -2.2786994361890001 -5.9950000000000001 4.0559593225119999  

3 4
4 4

0 2
1 2

9 0 0 0 0 3 1 4 2 2 2 -2.2786994361890001 -6.0049999999999999 3.8093634033580002  -2.2786994361890001 -5.9950000000000001 3.8093634033580002  
-2.2446473644289999 -6.0049999999999999 3.8410760198060001  -2.2446473644289999 -5.9950000000000001 3.8410760198060001  
-2.2275780053009999 -6.0049999999999999 3.8831862154149999  -2.2275780053009999 -5.9950000000000001 3.8831862154149999  
-2.2275780053009999 -6.0049999999999999 3.9356939901899999  -2.2275780053009999 -5.9950000000000001 3.9356939901899999  

4 4
5 4

0 2
1 2

9 0 0 0 0 3 1 4 2 2 2 -2.4103154590939999 -6.0049999999999999 3.76188112518  -2.4103154590939999 -5.9950000000000001 3.76188112518  
-2.3566812799119998 -6.0049999999999999 3.76188112518  -2.3566812799119998 -5.9950000000000001 3.76188112518  
-2.3127515079459999 -6.0049999999999999 3.7776507869090001  -2.3127515079459999 -5.9950000000000001 3.7776507869090001  
-2.2786994361890001 -6.0049999999999999 3.8093634033580002  -2.2786994361890001 -5.9950000000000001 3.8093634033580002  

5 4
6 4

0 2
1 2

1 -2.0328833354709999 -6.0049999999999999 4.1008422058990002 -0.93451043874398665 0 -0.35593572436399495 -0.35593572436399495 0 0.93451043874398665 0 1 0 
1 -1.903780060863 -6.0049999999999999 3.76188112518 0 0 1 1 0 -0 -0 1 0 
1 -1.95212880397 -6.0049999999999999 3.76188112518 0.93697534594408571 0 0.34939547949703198 0.34939547949703198 0 -0.93697534594408571 -0 1 0 
1 -1.98670075469 -6.0049999999999999 3.8545928727169998 0 0 1 1 0 -0 -0 1 0 
1 -2.1278478918310002 -6.0049999999999999 3.8545928727169998 -0.94344523307984307 0 0.33152841835794489 0.33152841835794489 0 0.94344523307984307 0 1 -0 
1 -2.1604269732089998 -6.0049999999999999 3.76188112518 0 0 1 1 0 -0 -0 1 0 
1 -2.2087757163180002 -6.0049999999999999 3.76188112518 0.93451043874173756 0 -0.35593572436990001 -0.35593572436990001 0 -0.93451043874173756 0 1 0 
1 -2.0796724417079999 -6.0049999999999999 4.1008422058990002 0 0 -1 -1 0 -0 0 1 0 
9 0 0 0 0 3 1 4 2 2 2 -3.966213721206 -6.0049999999999999 4.0981025592440004  -3.966213721206 -5.9950000000000001 4.0981025592440004  
-3.9686236630509999 -6.0049999999999999 4.2427011843680003  -3.9686236630509999 -5.9950000000000001 4.2427011843680003  
-4.067432841534 -6.0049999999999999 4.3704300786820003  -4.067432841534 -5.9950000000000001 4.3704300786820003  
-4.204801549191 -6.0049999999999999 4.4138096754139999  -4.204801549191 -5.9950000000000001 4.4138096754139999  

35 4
36 4

0 2
1 2

9 0 0 0 0 3 1 4 2 2 2 -4.0553829484459998 -6.0049999999999999 3.86915459057  -4.0553829484459998 -5.9950000000000001 3.86915459057  
-3.9975434248489998 -6.0049999999999999 3.931813997855  -3.9975434248489998 -5.9950000000000001 3.931813997855  
-3.966213721206 -6.0049999999999999 4.0137533076279999  -3.966213721206 -5.9950000000000001 4.0137533076279999  
-3.966213721206 -6.0049999999999999 4.0981025592440004  -3.966213721206 -5.9950000000000001 4.0981025592440004  

34 4
35 4

0 2
1 2

9 0 0 0 0 3 1 4 2 2 2 -4.2746909658750001 -6.0049999999999999 3.7607055527759998  -4.2746909658750001 -5.9950000000000001 3.7607055527759998  
-4.1903417142589996 -6.0049999999999999 3.7679354702430001  -4.1903417142589996 -5.9950000000000001 3.7679354702430001  
-4.1132223801069996 -6.0049999999999999 3.8064951832860001  -4.1132223801069996 -5.9950000000000001 3.8064951832860001  
-4.0553829484459998 -6.0049999999999999 3.86915459057  -4.0553829484459998 -5.9950000000000001 3.86915459057  

33 4
34 4

0 2
1 2

1 -4.2819208833409999 -6.0049999999999999 3.7607055527759998 -0 0 1 1 0 0 0 1 -0 
9 0 0 0 0 3 1 4 2 2 2 -4.4867690658389998 -6.0049999999999999 3.8354148531510002  -4.4867690658389998 -5.9950000000000001 3.8354148531510002  
-4.4867690658389998 -6.0049999999999999 3.7968552320420002  -4.4867690658389998 -5.9950000000000001 3.7968552320420002  
-4.4554393621979997 -6.0049999999999999 3.7631154946200001  -4.4554393621979997 -5.9950000000000001 3.7631154946200001  
-4.4168796491549998 -6.0049999999999999 3.7607055527759998  -4.4168796491549998 -5.9950000000000001 3.7607055527759998  

28 4
29 4

0 2
1 2

9 0 0 0 0 3 1 4 2 2 2 -4.4120597654660001 -6.0049999999999999 3.9101241535229998  -4.4120597654660001 -5.9950000000000001 3.9101241535229998  
-4.4530294203530003 -6.0049999999999999 3.9101241535229998  -4.4530294203530003 -5.9950000000000001 3.9101241535229998  
-4.4867690658389998 -6.0049999999999999 3.876384416104  -4.4867690658389998 -5.9950000000000001 3.876384416104  
-4.4867690658389998 -6.0049999999999999 3.8354148531510002  -4.4867690658389998 -5.9950000000000001 3.8354148531510002  

27 4
28 4

0 2
1 2

9 0 0 0 0 3 1 4 2 2 2 -4.3975999305339997 -6.0049999999999999 3.9077142116800001  -4.3975999305339997 -5.9950000000000001 3.9077142116800001  
-4.4024199061560001 -6.0049999999999999 3.9077142116800001  -4.4024199061560001 -5.9950000000000001 3.9077142116800001  
-4.4072398817779996 -6.0049999999999999 3.9101241535229998  -4.4072398817779996 -5.9950000000000001 3.9101241535229998  
-4.4120597654660001 -6.0049999999999999 3.9101241535229998  -4.4120597654660001 -5.9950000000000001 3.9101241535229998  

26 4
27 4

0 2
1 2

1 -4.2891508927409996 -6.0049999999999999 3.9077142116800001 -0 0 -1 -1 0 0 0 1 0 
9 0 0 0 0 3 1 4 2 2 2 -4.1156324138859999 -6.0049999999999999 4.0956925254670002  -4.1156324138859999 -5.9950000000000001 4.0956925254670002  
-4.1156324138859999 -6.0049999999999999 3.9968833929500001  -4.1156324138859999 -5.9950000000000001 3.9968833929500001  
-4.1903417142589996 -6.0049999999999999 3.914944129147  -4.1903417142589996 -5.9950000000000001 3.914944129147  
-4.2891508927409996 -6.0049999999999999 3.9077142116800001  -4.2891508927409996 -5.9950000000000001 3.9077142116800001  

24 4
25 4

0 2
1 2

9 0 0 0 0 3 1 4 2 2 2 -4.303610727673 -6.0049999999999999 4.2836708392549996  -4.303610727673 -5.9950000000000001 4.2836708392549996  
-4.1999816655020004 -6.0049999999999999 4.2836708392549996  -4.1999816655020004 -5.9950000000000001 4.2836708392549996  
-4.1156324138859999 -6.0049999999999999 4.1993215876379999  -4.1156324138859999 -5.9950000000000001 4.1993215876379999  
-4.1156324138859999 -6.0049999999999999 4.0956925254670002  -4.1156324138859999 -5.9950000000000001 4.0956925254670002  

23 4
24 4

0 2
1 2

1 -4.3228905382280001 -6.0049999999999999 4.2836708392549996 -0 0 1 1 0 0 0 1 -0 
9 0 0 0 0 3 1 4 2 2 2 -4.6602875446949996 -6.0049999999999999 4.5849181664570002  -4.6602875446949996 -5.9950000000000001 4.5849181664570002  
-4.4867690658389998 -6.0049999999999999 4.5849181664570002  -4.4867690658389998 -5.9950000000000001 4.5849181664570002  
-4.342170348782 -6.0049999999999999 4.4523693424879998  -4.342170348782 -5.9950000000000001 4.4523693424879998  
-4.3228905382280001 -6.0049999999999999 4.2836708392549996  -4.3228905382280001 -5.9950000000000001 4.2836708392549996  

21 4
22 4

0 2
1 2

9 0 0 0 0 3 1 4 2 2 2 -4.9832246242969997 -6.0049999999999999 4.3535603478710003  -4.9832246242969997 -5.9950000000000001 4.3535603478710003  
-4.937435085722 -6.0049999999999999 4.4885190217530004  -4.937435085722 -5.9950000000000001 4.4885190217530004  
-4.8121161792190001 -6.0049999999999999 4.5849181664570002  -4.8121161792190001 -5.9950000000000001 4.5849181664570002  
-4.6602875446949996 -6.0049999999999999 4.5849181664570002  -4.6602875446949996 -5.9950000000000001 4.5849181664570002  

20 4
21 4

0 2
1 2

9 0 0 0 0 3 1 4 2 2 2 -5.1109534726439998 -6.0049999999999999 4.3897100271360001  -5.1109534726439998 -5.9950000000000001 4.3897100271360001  
-5.065163888102 -6.0049999999999999 4.3897100271360001  -5.065163888102 -5.9950000000000001 4.3897100271360001  
-5.0193743035600003 -6.0049999999999999 4.3752501462379998  -5.0193743035600003 -5.9950000000000001 4.3752501462379998  
-4.9832246242969997 -6.0049999999999999 4.3535603478710003  -4.9832246242969997 -5.9950000000000001 4.3535603478710003  

19 4
20 4

0 2
1 2

9 0 0 0 0 3 1 4 2 2 2 -5.3519513344060003 -6.0049999999999999 4.1487121653749996  -5.3519513344060003 -5.9950000000000001 4.1487121653749996  
-5.3519513344060003 -6.0049999999999999 4.2812609893440001  -5.3519513344060003 -5.9950000000000001 4.2812609893440001  
-5.2435022966130003 -6.0049999999999999 4.3897100271360001  -5.2435022966130003 -5.9950000000000001 4.3897100271360001  
-5.1109534726439998 -6.0049999999999999 4.3897100271360001  -5.1109534726439998 -5.9950000000000001 4.3897100271360001  

18 4
19 4

0 2
1 2

9 0 0 0 0 3 1 4 2 2 2 -5.2073526173489997 -6.0049999999999999 3.926994114168  -5.2073526173489997 -5.9950000000000001 3.926994114168  
-5.2917018689650002 -6.0049999999999999 3.9655537812410002  -5.2917018689650002 -5.9950000000000001 3.9655537812410002  
-5.3519513344060003 -6.0049999999999999 4.0499030328580004  -5.3519513344060003 -5.9950000000000001 4.0499030328580004  
-5.3519513344060003 -6.0049999999999999 4.1487121653749996  -5.3519513344060003 -5.9950000000000001 4.1487121653749996  

17 4
18 4

0 2
1 2

9 0 0 0 0 3 1 4 2 2 2 -4.9808146364850003 -6.0049999999999999 4.0860527121230001  -4.9808146364850003 -5.9950000000000001 4.0860527121230001  
-5.084443744623 -6.0049999999999999 4.0860527121230001  -5.084443744623 -5.9950000000000001 4.0860527121230001  
-5.1736129258950001 -6.0049999999999999 4.0185733292180004  -5.1736129258950001 -5.9950000000000001 4.0185733292180004  
-5.2073526173489997 -6.0049999999999999 3.926994114168  -5.2073526173489997 -5.9950000000000001 3.926994114168  

16 4
17 4

0 2
1 2

9 0 0 0 0 3 1 4 2 2 2 -4.8000662401629999 -6.0049999999999999 4.0041134483169998  -4.8000662401629999 -5.9950000000000001 4.0041134483169998  
-4.8434458368950004 -6.0049999999999999 4.054723008481  -4.8434458368950004 -5.9950000000000001 4.054723008481  
-4.908515277957 -6.0049999999999999 4.0860527121230001  -4.908515277957 -5.9950000000000001 4.0860527121230001  
-4.9808146364850003 -6.0049999999999999 4.0860527121230001  -4.9808146364850003 -5.9950000000000001 4.0860527121230001  

15 4
16 4

0 2
1 2

1 -4.4771291145959999 -6.0049999999999999 4.17281195155 0.46301806538687768 0 -0.88634884279576576 -0.88634884279576576 0 -0.46301806538687768 0 1 0 
1 -4.4024198142220001 -6.0049999999999999 4.045083057237 -0.86318775894112776 0 -0.50488304865007472 -0.50488304865007472 0 0.86318775894112776 0 1 0 
1 -4.7398168206889997 -6.0049999999999999 3.8667446487269999 -0.46730730675485393 0 0.88409495024772367 0.88409495024772367 0 0.46730730675485393 0 1 -0 
1 -4.7398168206889997 -6.0049999999999999 3.8426448625490002 -1 0 0 0 0 1 0 1 -0 
9 0 0 0 0 3 1 4 2 2 2 -4.9808146824520003 -6.0049999999999999 3.6016470007870001  -4.9808146824520003 -5.9950000000000001 3.6016470007870001  
-4.8482658584829998 -6.0049999999999999 3.6016470007870001  -4.8482658584829998 -5.9950000000000001 3.6016470007870001  
-4.7398168206889997 -6.0049999999999999 3.7100960385790001  -4.7398168206889997 -5.9950000000000001 3.7100960385790001  
-4.7398168206889997 -6.0049999999999999 3.8426448625490002  -4.7398168206889997 -5.9950000000000001 3.8426448625490002  

10 4
11 4

0 2
1 2

9 0 0 0 0 3 1 4 2 2 2 -5.2097626741100003 -6.0049999999999999 3.7655255283989999  -5.2097626741100003 -5.9950000000000001 3.7655255283989999  
-5.1784329474849997 -6.0049999999999999 3.6691263836929999  -5.1784329474849997 -5.9950000000000001 3.6691263836929999  
-5.0868537784010002 -6.0049999999999999 3.6016470007870001  -5.0868537784010002 -5.9950000000000001 3.6016470007870001  
-4.9808146824520003 -6.0049999999999999 3.6016470007870001  -4.9808146824520003 -5.9950000000000001 3.6016470007870001  

9 4
10 4

0 2
1 2

9 0 0 0 0 3 1 4 2 2 2 -5.4025609635189999 -6.0049999999999999 3.8812044836580002  -5.4025609635189999 -5.9950000000000001 3.8812044836580002  
-5.3495414385290001 -6.0049999999999999 3.8233649600609998  -5.3495414385290001 -5.9950000000000001 3.8233649600609998  
-5.2844719974660004 -6.0049999999999999 3.784805338954  -5.2844719974660004 -5.9950000000000001 3.784805338954  
-5.2097626741100003 -6.0049999999999999 3.7655255283989999  -5.2097626741100003 -5.9950000000000001 3.7655255283989999  

8 4
9 4

0 2
1 2

9 0 0 0 0 3 1 4 2 2 2 -5.5037800608629999 -6.0049999999999999 4.1438920978200002  -5.5037800608629999 -5.9950000000000001 4.1438920978200002  
-5.5037800608629999 -6.0049999999999999 4.0474929531140003  -5.5037800608629999 -5.9950000000000001 4.0474929531140003  
-5.4676303815990002 -6.0049999999999999 3.9535037502530002  -5.4676303815990002 -5.9950000000000001 3.9535037502530002  
-5.4025609635189999 -6.0049999999999999 3.8812044836580002  -5.4025609635189999 -5.9950000000000001 3.8812044836580002  

7 4
8 4

0 2
1 2

9 0 0 0 0 3 1 4 2 2 2 -5.3905110014810003 -6.0049999999999999 4.4186296280509998  -5.3905110014810003 -5.9950000000000001 4.4186296280509998  
-5.462810423214 -6.0049999999999999 4.3463302925059999  -5.462810423214 -5.9950000000000001 4.3463302925059999  
-5.5037800608629999 -6.0049999999999999 4.2475211599889997  -5.5037800608629999 -5.9950000000000001 4.2475211599889997  
-5.5037800608629999 -6.0049999999999999 4.1438920978200002  -5.5037800608629999 -5.9950000000000001 4.1438920978200002  

6 4
7 4

0 2
1 2

9 0 0 0 0 3 1 4 2 2 2 -5.113363460455 -6.0049999999999999 4.5343086062940001  -5.113363460455 -5.9950000000000001 4.5343086062940001  
-5.2169925456090001 -6.0049999999999999 4.5343086062940001  -5.2169925456090001 -5.9950000000000001 4.5343086062940001  
-5.3158016551419998 -6.0049999999999999 4.4933389743929997  -5.3158016551419998 -5.9950000000000001 4.4933389743929997  
-5.3905110014810003 -6.0049999999999999 4.4186296280509998  -5.3905110014810003 -5.9950000000000001 4.4186296280509998  

5 4
6 4

0 2
1 2

9 0 0 0 0 3 1 4 2 2 2 -5.0579339706360003 -6.0049999999999999 4.5294886536560002  -5.0579339706360003 -5.9950000000000001 4.5294886536560002  
-5.0772137811910003 -6.0049999999999999 4.5318986414660003  -5.0772137811910003 -5.9950000000000001 4.5318986414660003  
-5.0940836499 -6.0049999999999999 4.5343086062940001  -5.0940836499 -5.9950000000000001 4.5343086062940001  
-5.113363460455 -6.0049999999999999 4.5343086062940001  -5.113363460455 -5.9950000000000001 4.5343086062940001  

4 4
5 4

0 2
1 2

9 0 0 0 0 3 1 4 2 2 2 -4.9518949206540004 -6.0049999999999999 4.6355277151280001  -4.9518949206540004 -5.9950000000000001 4.6355277151280001  
-4.9928645755409997 -6.0049999999999999 4.6066079648220004  -4.9928645755409997 -5.9950000000000001 4.6066079648220004  
-5.0266042669940001 -6.0049999999999999 4.5704582855589999  -5.0266042669940001 -5.9950000000000001 4.5704582855589999  
-5.0579339706360003 -6.0049999999999999 4.5294886536560002  -5.0579339706360003 -5.9950000000000001 4.5294886536560002  

3 4
4 4

0 2
1 2

9 0 0 0 0 3 1 4 2 2 2 -4.6626974865399999 -6.0049999999999999 4.7295168835150001  -4.6626974865399999 -5.9950000000000001 4.7295168835150001  
-4.7687365365209997 -6.0049999999999999 4.7295168835150001  -4.7687365365209997 -5.9950000000000001 4.7295168835150001  
-4.8675456690369998 -6.0049999999999999 4.695777183443  -4.8675456690369998 -5.9950000000000001 4.695777183443  
-4.9518949206540004 -6.0049999999999999 4.6355277151280001  -4.9518949206540004 -5.9950000000000001 4.6355277151280001  

2 4
3 4

0 2
1 2

9 0 0 0 0 3 1 4 2 2 2 -4.3349404313160003 -6.0049999999999999 4.6041979885020003  -4.3349404313160003 -5.9950000000000001 4.6041979885020003  
-4.4265196003989997 -6.0049999999999999 4.6837272903549998  -4.4265196003989997 -5.9950000000000001 4.6837272903549998  
-4.5421985556589997 -6.0049999999999999 4.7295168835150001  -4.5421985556589997 -5.9950000000000001 4.7295168835150001  
-4.6626974865399999 -6.0049999999999999 4.7295168835150001  -4.6626974865399999 -5.9950000000000001 4.7295168835150001  

1 4
2 4

0 2
1 2

9 0 0 0 0 3 1 4 2 2 2 -4.204801549191 -6.0049999999999999 4.4138096754139999  -4.204801549191 -5.9950000000000001 4.4138096754139999  
-4.2313112772109998 -6.0049999999999999 4.48610903394  -4.2313112772109998 -5.9950000000000001 4.48610903394  
-4.2771009077190003 -6.0049999999999999 4.5511784520210004  -4.2771009077190003 -5.9950000000000001 4.5511784520210004  
-4.3349404313160003 -6.0049999999999999 4.6041979885020003  -4.3349404313160003 -5.9950000000000001 4.6041979885020003  

0 4
1 4

0 2
1 2

1 -2.25 -2.9950000000000001 3 -1 0 0 0 0 1 0 1 -0 
1 -2.25 2.9350000000000001 3 0 1 0 0 -0 1 1 0 -0 
1 -4.8499999999999996 5.5049999999999999 4.5 0 0 1 1 0 -0 -0 1 0 
1 -2.25 3.0049999999999999 3 -0 1 0 0 0 1 1 0 -0 
1 1.25 -2.9950000000000001 3 1 -0 0 0 0 -1 0 1 0 
1 -2.25 -2.9950000000000001 3 -1 0 0 0 0 1 0 1 -0 
1 -2.25 2.6349999999999998 3 0 1 0 0 -0 1 1 0 -0 
1 -2.25 2.7850000000000001 3 0 -1 0 0 -0 -1 1 0 0 
1 1.25 -2.9950000000000001 3 1 -0 0 0 0 -1 0 1 0 
1 -2.25 -2.9950000000000001 3 -1 0 0 0 0 1 0 1 -0 
1 -2.25 2.335 3 0 1 0 0 -0 1 1 0 -0 
1 -2.25 2.4849999999999999 3 0 -1 0 0 -0 -1 1 0 0 
1 1.25 -2.9950000000000001 3 1 -0 0 0 0 -1 0 1 0 
1 -2.25 -2.9950000000000001 3 -1 0 0 0 0 1 0 1 -0 
1 -2.25 2.0350000000000001 3 0 1 0 0 -0 1 1 0 -0 
1 -2.25 2.1850000000000001 3 0 -1 0 0 -0 -1 1 0 0 
1 1.25 -2.9950000000000001 3 1 -0 0 0 0 -1 0 1 0 
1 -2.25 -2.9950000000000001 3 -1 0 0 0 0 1 0 1 -0 
1 -2.25 1.7350000000000001 3 0 1 0 0 -0 1 1 0 -0 
1 -2.25 1.885 3 0 -1 0 0 -0 -1 1 0 0 
1 1.25 -2.9950000000000001 3 1 -0 0 0 0 -1 0 1 0 
1 -2.25 -2.9950000000000001 3 -1 0 0 0 0 1 0 1 -0 
1 -2.25 1.4350000000000001 3 0 1 0 0 -0 1 1 0 -0 
1 -2.25 1.585 3 0 -1 0 0 -0 -1 1 0 0 
1 1.25 -2.9950000000000001 3 1 -0 0 0 0 -1 0 1 0 
1 -2.25 -2.9950000000000001 3 -1 0 0 0 0 1 0 1 -0 
1 -2.25 1.135 3 0 1 0 0 -0 1 1 0 -0 
1 -2.25 1.2849999999999999 3 0 -1 0 0 -0 -1 1 0 0 
1 1.25 -2.9950000000000001 3 1 -0 0 0 0 -1 0 1 0 
1 -2.25 -2.9950000000000001 3 -1 0 0 0 0 1 0 1 -0 
1 -2.25 0.83499999999999996 3 0 1 0 0 -0 1 1 0 -0 
1 -2.25 0.98499999999999999 3 0 -1 0 0 -0 -1 1 0 0 
1 1.25 -2.9950000000000001 3 1 -0 0 0 0 -1 0 1 0 
1 -2.25 -2.9950000000000001 3 -1 0 0 0 0 1 0 1 -0 
1 -2.25 0.53500000000000003 3 0 1 0 0 -0 1 1 0 -0 
1 -2.25 0.68500000000000005 3 0 -1 0 0 -0 -1 1 0 0 
1 1.25 -2.9950000000000001 3 1 -0 0 0 0 -1 0 1 0 
1 -2.25 -2.9950000000000001 3 -1 0 0 0 0 1 0 1 -0 
1 -2.25 0.23499999999999999 3 0 1 0 0 -0 1 1 0 -0 
1 -2.25 0.38500000000000001 3 0 -1 0 0 -0 -1 1 0 0 
1 1.25 -2.9950000000000001 3 1 -0 0 0 0 -1 0 1 0 
1 -2.25 -2.9950000000000001 3 -1 0 0 0 0 1 0 1 -0 
1 -2.25 -0.065000000000000002 3 0 1 0 0 -0 1 1 0 -0 
1 -2.25 0.085000000000000006 3 0 -1 0 0 -0 -1 1 0 0 
1 1.25 -2.9950000000000001 3 1 -0 0 0 0 -1 0 1 0 
1 -2.25 -2.9950000000000001 3 -1 0 0 0 0 1 0 1 -0 
1 -2.25 -0.36499999999999999 3 0 1 0 0 -0 1 1 0 -0 
1 -2.25 -0.215 3 0 -1 0 0 -0 -1 1 0 0 
1 1.25 -2.9950000000000001 3 1 -0 0 0 0 -1 0 1 0 
1 -2.25 -2.9950000000000001 3 -1 0 0 0 0 1 0 1 -0 
1 -2.25 -0.66500000000000004 3 0 1 0 0 -0 1 1 0 -0 
1 -2.25 -0.51500000000000001 3 0 -1 0 0 -0 -1 1 0 0 
1 1.25 -2.9950000000000001 3 1 -0 0 0 0 -1 0 1 0 
1 -2.25 -2.9950000000000001 3 -1 0 0 0 0 1 0 1 -0 
1 -2.25 -0.96499999999999997 3 0 1 0 0 -0 1 1 0 -0 
1 -2.25 -0.81499999999999995 3 0 -1 0 0 -0 -1 1 0 0 
1 1.25 -2.9950000000000001 3 1 -0 0 0 0 -1 0 1 0 
1 -2.25 -2.9950000000000001 3 -1 0 0 0 0 1 0 1 -0 
1 -2.25 -1.2649999999999999 3 0 1 0 0 -0 1 1 0 -0 
1 -2.25 -1.115 3 0 -1 0 0 -0 -1 1 0 0 
1 1.25 -2.9950000000000001 3 1 -0 0 0 0 -1 0 1 0 
1 -2.25 -2.9950000000000001 3 -1 0 0 0 0 1 0 1 -0 
1 -2.25 -1.5649999999999999 3 0 1 0 0 -0 1 1 0 -0 
1 -2.25 -1.415 3 0 -1 0 0 -0 -1 1 0 0 
1 1.25 -2.9950000000000001 3 1 -0 0 0 0 -1 0 1 0 
1 -2.25 -2.9950000000000001 3 -1 0 0 0 0 1 0 1 -0 
1 -2.25 -1.865 3 0 1 0 0 -0 1 1 0 -0 
1 -2.25 -1.7150000000000001 3 0 -1 0 0 -0 -1 1 0 0 
1 1.25 -2.9950000000000001 3 1 -0 0 0 0 -1 0 1 0 
1 -2.25 -2.9950000000000001 3 -1 0 0 0 0 1 0 1 -0 
1 -2.25 -2.165 3 0 1 0 0 -0 1 1 0 -0 
1 -2.25 -2.0150000000000001 3 0 -1 0 0 -0 -1 1 0 0 
1 1.25 -2.9950000000000001 3 1 -0 0 0 0 -1 0 1 0 
1 -2.25 -2.9950000000000001 3 -1 0 0 0 0 1 0 1 -0 
1 -2.25 -2.4649999999999999 3 0 1 0 0 -0 1 1 0 -0 
1 -2.25 -2.3149999999999999 3 0 -1 0 0 -0 -1 1 0 0 
1 1.25 -2.9950000000000001 3 1 -0 0 0 0 -1 0 1 0 
1 -2.25 -2.9950000000000001 3 -1 0 0 0 0 1 0 1 -0 
1 -2.25 -2.7650000000000001 3 0 1 0 0 -0 1 1 0 -0 
1 -2.25 -2.6150000000000002 3 0 -1 0 0 -0 -1 1 0 0 
1 1.25 -2.9950000000000001 3 1 -0 0 0 0 -1 0 1 0 
1 -6.25 4.5049999999999999 5 0 -1 0 0 -0 -1 1 0 0 
1 -5.75 4.5049999999999999 5 1 0 0 0 0 -1 -0 1 0 
1 -6.25 -4.4950000000000001 5 1 0 0 0 0 -1 -0 1 0 
1 -6.25 -4.4950000000000001 5 0 1 0 0 -0 1 1 0 -0 
1 -4.8499999999999996 -5.4950000000000001 0.5 0 -1 0 0 -0 -1 1 0 0 
1 -4.8499999999999996 5.5049999999999999 0.5 0 1 -0 0 0 1 1 -0 0 
1 -4.8499999999999996 5.5049999999999999 0.5 -0 0 -1 -1 0 0 0 1 0 
1 -5.75 6.0049999999999999 5 0 -1 0 0 -0 -1 1 0 0 
1 3.25 6.0049999999999999 1 -1 0 -0 0 0 1 0 1 -0 
1 -6.25 0.0050000000000000001 1 -0 0 1 1 0 0 0 1 -0 
1 4.3499999999999996 6.0049999999999999 1 1 0 0 0 0 -1 -0 1 0 
1 -5.75 3.0049999999999999 4.4000000000000004 -0 1 0 0 0 1 1 0 -0 
1 -3.75 -2.9950000000000001 4.4000000000000004 1 -0 0 0 0 -1 0 1 0 
1 -5.75 -2.9950000000000001 4.4000000000000004 0 -1 0 0 -0 -1 1 0 0 
1 3.25 -5.1950000000000003 1 -0 1 0 0 0 1 1 0 -0 
1 3.25 5.2050000000000001 1 0 -1 0 0 -0 -1 1 0 0 
1 1.5966042178640001 -5.0017244230470004 3 -1 0 0 0 0 1 0 1 -0 
1 1.5966042178640001 -4.6955573701880002 3 -0 1 0 0 0 1 1 0 -0 
1 2.155691879605 -5.0017244230470004 3 1 -0 0 0 0 -1 0 1 0 
1 1.5966042178640001 -5.0017244230470004 3 0 -1 0 0 -0 -1 1 0 0 
1 2.5550402094210001 -3.2978382158350001 3 -1 0 0 0 0 1 0 1 -0 
1 2.5550402094210001 -2.8186202200560002 3 -0 1 0 0 0 1 1 0 -0 
1 3.3404252580580001 -3.2978382158350001 3 1 -0 0 0 0 -1 0 1 0 
1 2.5550402094210001 -3.2978382158350001 3 0 -1 0 0 -0 -1 1 0 0 
1 2.5550402094210001 3.3078382158349999 3 -0 1 0 0 0 1 1 0 -0 
1 3.3404252580580001 3.3078382158349999 3 1 0 0 0 0 -1 -0 1 0 
1 2.5550402094210001 2.828620220056 3 0 -1 0 0 -0 -1 1 0 0 
1 2.5550402094210001 3.3078382158349999 3 -1 0 -0 0 0 1 0 1 -0 
1 1.5966042178640001 5.0117244230470002 3 -0 1 0 0 0 1 1 0 -0 
1 2.155691879605 5.0117244230470002 3 1 0 0 0 0 -1 -0 1 0 
1 1.5966042178640001 4.705557370188 3 0 -1 0 0 -0 -1 1 0 0 
1 1.5966042178640001 5.0117244230470002 3 -1 0 -0 0 0 1 0 1 -0 
1 -2.25 -2.9950000000000001 3 -1 0 0 0 0 1 0 1 -0 
1 -2.25 -2.915 3 0 -1 0 0 -0 -1 1 0 0 
1 1.25 -2.9950000000000001 3 1 -0 0 0 0 -1 0 1 0 
1 -2.25 -2.9950000000000001 3 0 -1 0 0 -0 -1 1 0 0 
1 -2.7749999999999999 -0.44500000000000001 4.5 -2.168404344971e-16 -1 0 1 -2.168404344971e-16 0 0 0 1 
1 -2.5249999999999999 0.45500000000000002 4.5 1 0 0 0 0 -1 -0 1 0 
1 -2.7749999999999999 0.45500000000000002 4.5 2.168404344971e-16 1 0 -1 2.168404344971e-16 0 0 -0 1 
1 -2.7749999999999999 0.45500000000000002 4.5 -1 0 -0 0 0 1 0 1 -0 
1 2.1499999999999999 -2.6949999999999998 4.5 -1 0 0 0 0 1 0 1 -0 
1 2.1499999999999999 -2.6949999999999998 4.5 8.673617379884e-16 -1 0 1 8.673617379884e-16 0 -0 0 1 
1 3.1499999999999999 -2.6949999999999998 4.5 1 -0 0 0 0 -1 0 1 0 
1 2.1499999999999999 -2.2949999999999999 4.5 -0 1 0 0 0 1 1 0 -0 
1 2.1499999999999999 -5.1200000000000001 4.5 -1 0 0 0 0 1 0 1 -0 
1 2.1499999999999999 -5.1200000000000001 4.5 8.673617379884e-16 -1 0 1 8.673617379884e-16 0 -0 0 1 
1 3.1499999999999999 -5.1200000000000001 4.5 1 -0 0 0 0 -1 0 1 0 
1 2.1499999999999999 -4.8700000000000001 4.5 -0 1 0 0 0 1 1 0 -0 
1 2.1499999999999999 5.1299999999999999 4.5 8.673617379884e-16 1 0 -1 8.673617379884e-16 0 0 -0 1 
1 2.1499999999999999 5.1299999999999999 4.5 -1 0 -0 0 0 1 0 1 -0 
1 2.1499999999999999 4.8799999999999999 4.5 0 -1 0 0 -0 -1 1 0 0 
1 3.1499999999999999 5.1299999999999999 4.5 1 0 0 0 0 -1 -0 1 0 
1 2.1499999999999999 2.7050000000000001 4.5 8.673617379884e-16 1 0 -1 8.673617379884e-16 0 0 -0 1 
1 2.1499999999999999 2.7050000000000001 4.5 -1 0 -0 0 0 1 0 1 -0 
1 2.1499999999999999 2.3050000000000002 4.5 0 -1 0 0 -0 -1 1 0 0 
1 3.1499999999999999 2.7050000000000001 4.5 1 0 0 0 0 -1 -0 1 0 
1 -6.25 0.0050000000000000001 4.4000000000000004 0 0 -1 -1 0 -0 0 1 0 
1 -6.25 0.0050000000000000001 4.5 -0 0 1 1 0 0 0 1 -0 
1 -6.25 0.0050000000000000001 4.5 0 0 1 1 0 -0 -0 1 0 
1 -4.8499999999999996 0.0050000000000000001 2.5 -1 0 0 0 0 1 0 1 -0 
1 -2.7749999999999999 -0.44500000000000001 4.5 -2.168404344971e-16 -1 0 1 -2.168404344971e-16 0 0 0 1 
1 -2.5249999999999999 0.45500000000000002 4.5 1 0 0 0 0 -1 -0 1 0 
1 -2.7749999999999999 0.45500000000000002 4.5 2.168404344971e-16 1 0 -1 2.168404344971e-16 0 0 -0 1 
1 -2.7749999999999999 0.45500000000000002 4.5 -1 0 -0 0 0 1 0 1 -0 
1 2.1499999999999999 -2.6949999999999998 4.5 -1 0 0 0 0 1 0 1 -0 
1 2.1499999999999999 -2.6949999999999998 4.5 8.673617379884e-16 -1 0 1 8.673617379884e-16 0 -0 0 1 
1 3.1499999999999999 -2.6949999999999998 4.5 1 -0 0 0 0 -1 0 1 0 
1 2.1499999999999999 -2.2949999999999999 4.5 -0 1 0 0 0 1 1 0 -0 
1 2.1499999999999999 2.7050000000000001 4.5 8.673617379884e-16 1 0 -1 8.673617379884e-16 0 0 -0 1 
1 2.1499999999999999 2.7050000000000001 4.5 -1 0 -0 0 0 1 0 1 -0 
1 2.1499999999999999 2.3050000000000002 4.5 0 -1 0 0 -0 -1 1 0 0 
1 3.1499999999999999 2.7050000000000001 4.5 1 0 0 0 0 -1 -0 1 0 
1 3.1499999999999999 -5.1200000000000001 4.5 1 -0 0 0 0 -1 0 1 0 
1 2.1499999999999999 -4.8700000000000001 4.5 -0 1 0 0 0 1 1 0 -0 
1 2.1499999999999999 -5.1200000000000001 4.5 -1 0 0 0 0 1 0 1 -0 
1 2.1499999999999999 -5.1200000000000001 4.5 8.673617379884e-16 -1 0 1 8.673617379884e-16 0 -0 0 1 
1 2.1499999999999999 5.1299999999999999 4.5 8.673617379884e-16 1 0 -1 8.673617379884e-16 0 0 -0 1 
1 2.1499999999999999 5.1299999999999999 4.5 -1 0 -0 0 0 1 0 1 -0 
1 2.1499999999999999 4.8799999999999999 4.5 0 -1 0 0 -0 -1 1 0 0 
1 3.1499999999999999 5.1299999999999999 4.5 1 0 0 0 0 -1 -0 1 0 
2 2.5499999999999998 0.0050000000000000001 -2.6000000000000001 0 -1 0 0 0 -1 1 0 0 0.40000000000000002
1 -6.25 0.0050000000000000001 -3 -0 0 1 1 0 0 0 1 -0 
2 2.75 0.0050000000000000001 -2.6000000000000001 0 1 -0 0 0 1 1 -0 0 0.40000000000000002
2 2.5499999999999998 0.0050000000000000001 -2.6000000000000001 0 -1 0 0 0 -1 1 0 0 0.40000000000000002
1 -6.25 0.0050000000000000001 -3 -0 0 1 1 0 0 0 1 -0 
2 2.75 0.0050000000000000001 -2.6000000000000001 0 1 -0 0 0 1 1 -0 0 0.40000000000000002
2 2.5499999999999998 0.0050000000000000001 -2.6000000000000001 0 -1 0 0 0 -1 1 0 0 0.40000000000000002
1 -6.25 0.0050000000000000001 -3 0 0 1 1 0 -0 -0 1 0 
2 2.75 0.0050000000000000001 -2.6000000000000001 0 1 -0 0 0 1 1 -0 0 0.40000000000000002
2 2.5499999999999998 0.0050000000000000001 -2.6000000000000001 0 -1 0 0 0 -1 1 0 0 0.40000000000000002
1 -6.25 0.0050000000000000001 -3 0 0 1 1 0 -0 -0 1 0 
2 2.75 0.0050000000000000001 -2.6000000000000001 0 1 -0 0 0 1 1 -0 0 0.40000000000000002
1 -6.25 0.0050000000000000001 -3 0 0 1 1 0 -0 -0 1 0 
2 -6.25 0.055 -2.6000000000000001 -1 2.168404344971e-16 0 -2.168404344971e-16 -1 0 0 0 1 0.40000000000000002
2 -6.25 -0.044999999999999998 -2.6000000000000001 1 -2.168404344971e-16 0 2.168404344971e-16 1 0 -0 0 1 0.40000000000000002
1 -6.25 -6.0049999999999999 2.5 0 1 0 0 -0 1 1 0 -0 
1 -3.284383619123 -6.0049999999999999 4.2988294424640001 0 -1 0 0 -0 -1 1 0 0 
1 -6.25 -6.0049999999999999 2.5 0 1 0 0 -0 1 1 0 -0 
1 -2.7607572001410001 -6.0049999999999999 4.6273712823970001 0 -1 0 0 -0 -1 1 0 0 
1 -2.8842717759490002 -6.0049999999999999 4.5995794197590003 1 0 0 0 0 -1 -0 1 0 
1 -2.833063698573 -6.0049999999999999 4.5995794197590003 -0 0 -1 -1 0 0 0 1 0 
9 0 0 0 0 3 1 4 2 2 2 -2.7352398079450002 -6.0049999999999999 4.5676935103250003  -2.7352398079450002 -5.9950000000000001 4.5676935103250003  
-2.7600207049519998 -6.0049999999999999 4.5890085476109999  -2.7600207049519998 -5.9950000000000001 4.5890085476109999  
-2.7926864328229999 -6.0049999999999999 4.5995794197590003  -2.7926864328229999 -5.9950000000000001 4.5995794197590003  
-2.833063698573 -6.0049999999999999 4.5995794197590003  -2.833063698573 -5.9950000000000001 4.5995794197590003  

5 4
6 4

0 2
1 2

9 0 0 0 0 3 1 4 2 2 2 -2.6980684624350002 -6.0049999999999999 4.4722090750100003  -2.6980684624350002 -5.9950000000000001 4.4722090750100003  
-2.6980684624350002 -6.0049999999999999 4.5144925636069999  -2.6980684624350002 -5.9950000000000001 4.5144925636069999  
-2.7104589109399999 -6.0049999999999999 4.546378473042  -2.7104589109399999 -5.9950000000000001 4.546378473042  
-2.7352398079450002 -6.0049999999999999 4.5676935103250003  -2.7352398079450002 -5.9950000000000001 4.5676935103250003  

4 4
5 4

0 2
1 2

9 0 0 0 0 3 1 4 2 2 2 -2.7342866965199999 -6.0049999999999999 4.373605365945  -2.7342866965199999 -5.9950000000000001 4.373605365945  
-2.710112324966 -6.0049999999999999 4.396999919063  -2.710112324966 -5.9950000000000001 4.396999919063  
-2.6980684624350002 -6.0049999999999999 4.4299255864129998  -2.6980684624350002 -5.9950000000000001 4.4299255864129998  
-2.6980684624350002 -6.0049999999999999 4.4722090750100003  -2.6980684624350002 -5.9950000000000001 4.4722090750100003  

3 4
4 4

0 2
1 2

9 0 0 0 0 3 1 4 2 2 2 -2.8350565679109998 -6.0049999999999999 4.3382535967909996  -2.8350565679109998 -5.9950000000000001 4.3382535967909996  
-2.7919932608770002 -6.0049999999999999 4.3382535967909996  -2.7919932608770002 -5.9950000000000001 4.3382535967909996  
-2.7583744215819999 -6.0049999999999999 4.3500375198430001  -2.7583744215819999 -5.9950000000000001 4.3500375198430001  
-2.7342866965199999 -6.0049999999999999 4.373605365945  -2.7342866965199999 -5.9950000000000001 4.373605365945  

2 4
3 4

0 2
1 2

1 -2.8842717759490002 -6.0049999999999999 4.3382535967909996 -0 0 1 1 0 0 0 1 -0 
1 -5.75 -5.9950000000000001 5 0 1 0 0 -0 1 1 0 -0 
1 -6.25 -6.0049999999999999 2.5 0 1 0 0 -0 1 1 0 -0 
1 -2.5384656222820001 -6.0049999999999999 4.4306187583590004 -0 0 1 1 0 0 0 1 -0 
1 -2.487777423861 -6.0049999999999999 4.571505956018 0.94095378767609794 0 -0.3385350343140352 -0.3385350343140352 0 -0.94095378767609794 0 1 0 
9 0 0 0 0 3 1 4 2 2 2 -2.4822320483069999 -6.0049999999999999 4.5952470951080002  -2.4822320483069999 -5.9950000000000001 4.5952470951080002  
-2.4838783316750002 -6.0049999999999999 4.5850228089309999  -2.4838783316750002 -5.9950000000000001 4.5850228089309999  
-2.485697908029 -6.0049999999999999 4.5770513315730001  -2.485697908029 -5.9950000000000001 4.5770513315730001  
-2.487777423861 -6.0049999999999999 4.571505956018  -2.487777423861 -5.9950000000000001 4.571505956018  

3 4
4 4

0 2
1 2

1 -2.4811922903919998 -6.0049999999999999 4.5952470951080002 -0 0 -1 -1 0 0 0 1 0 
9 0 0 0 0 3 1 4 2 2 2 -2.4759068543159999 -6.0049999999999999 4.571505956018  -2.4759068543159999 -5.9950000000000001 4.571505956018  
-2.4775531376840001 -6.0049999999999999 4.5761848666410003  -2.4775531376840001 -5.9950000000000001 4.5761848666410003  
-2.4792860675449999 -6.0049999999999999 4.5839830510140001  -2.4792860675449999 -5.9950000000000001 4.5839830510140001  
-2.4811922903919998 -6.0049999999999999 4.5952470951080002  -2.4811922903919998 -5.9950000000000001 4.5952470951080002  

1 4
2 4

0 2
1 2

1 -2.424698776938 -6.0049999999999999 4.4306187583590004 -0.93984404177683845 0 -0.34160383068194128 -0.34160383068194128 0 0.93984404177683845 0 1 0 
1 -5.75 -5.9950000000000001 5 0 1 0 0 -0 1 1 0 -0 
1 -6.25 -6.0049999999999999 2.5 0 1 0 0 -0 1 1 0 -0 
1 -3.4031651302510002 -6.0049999999999999 4.0039064418260004 0 -1 0 0 -0 -1 1 0 0 
9 0 0 0 0 3 1 4 2 2 2 -3.41134239303 -6.0049999999999999 3.8608314202149998  -3.41134239303 -5.9950000000000001 3.8608314202149998  
-3.4187939914309999 -6.0049999999999999 3.8535531148020001  -3.4187939914309999 -5.9950000000000001 3.8535531148020001  
-3.4226064371230001 -6.0049999999999999 3.8433288286249998  -3.4226064371230001 -5.9950000000000001 3.8433288286249998  
-3.4226064371230001 -6.0049999999999999 3.8301585616840002  -3.4226064371230001 -5.9950000000000001 3.8301585616840002  

1 4
2 4

0 2
1 2

9 0 0 0 0 3 1 4 2 2 2 -3.3702719553359999 -6.0049999999999999 3.8757346170170002  -3.3702719553359999 -5.9950000000000001 3.8757346170170002  
-3.3901140022380001 -6.0049999999999999 3.872961929238  -3.3901140022380001 -5.9950000000000001 3.872961929238  
-3.4038041481370001 -6.0049999999999999 3.8681097256300001  -3.4038041481370001 -5.9950000000000001 3.8681097256300001  
-3.41134239303 -6.0049999999999999 3.8608314202149998  -3.41134239303 -5.9950000000000001 3.8608314202149998  

0 4
1 4

0 2
1 2

1 -3.3136051488959999 -6.0049999999999999 3.8833595084039998 0.13335476489396766 0 -0.9910683662997597 -0.9910683662997597 0 -0.13335476489396766 0 1 0 
1 -3.3136051488959999 -6.0049999999999999 3.8601382482709998 -1 0 0 0 0 1 0 1 -0 
9 0 0 0 0 3 1 4 2 2 2 -3.3318009124320001 -6.0049999999999999 3.8107497472470002  -3.3318009124320001 -5.9950000000000001 3.8107497472470002  
-3.3196704034079998 -6.0049999999999999 3.8237467212  -3.3196704034079998 -5.9950000000000001 3.8237467212  
-3.3136051488959999 -6.0049999999999999 3.8402095548749999  -3.3136051488959999 -5.9950000000000001 3.8402095548749999  
-3.3136051488959999 -6.0049999999999999 3.8601382482709998  -3.3136051488959999 -5.9950000000000001 3.8601382482709998  

5 4
6 4

0 2
1 2

9 0 0 0 0 3 1 4 2 2 2 -3.3778968467219999 -6.0049999999999999 3.7909943468359999  -3.3778968467219999 -5.9950000000000001 3.7909943468359999  
-3.3592678507209999 -6.0049999999999999 3.7909943468359999  -3.3592678507209999 -5.9950000000000001 3.7909943468359999  
-3.3438447749629998 -6.0049999999999999 3.7975794803060001  -3.3438447749629998 -5.9950000000000001 3.7975794803060001  
-3.3318009124320001 -6.0049999999999999 3.8107497472470002  -3.3318009124320001 -5.9950000000000001 3.8107497472470002  

4 4
5 4

0 2
1 2

9 0 0 0 0 3 1 4 2 2 2 -3.4103026351139998 -6.0049999999999999 3.8019118049570002  -3.4103026351139998 -5.9950000000000001 3.8019118049570002  
-3.4021578647689998 -6.0049999999999999 3.7946334995440001  -3.4021578647689998 -5.9950000000000001 3.7946334995440001  
-3.3913270531420001 -6.0049999999999999 3.7909943468359999  -3.3913270531420001 -5.9950000000000001 3.7909943468359999  
-3.3778968467219999 -6.0049999999999999 3.7909943468359999  -3.3778968467219999 -5.9950000000000001 3.7909943468359999  

3 4
4 4

0 2
1 2

9 0 0 0 0 3 1 4 2 2 2 -3.4226064371230001 -6.0049999999999999 3.8301585616840002  -3.4226064371230001 -5.9950000000000001 3.8301585616840002  
-3.4226064371230001 -6.0049999999999999 3.8185479316199999  -3.4226064371230001 -5.9950000000000001 3.8185479316199999  
-3.4185340519510001 -6.0049999999999999 3.8091901103720001  -3.4185340519510001 -5.9950000000000001 3.8091901103720001  
-3.4103026351139998 -6.0049999999999999 3.8019118049570002  -3.4103026351139998 -5.9950000000000001 3.8019118049570002  

2 4
3 4

0 2
1 2

1 -5.75 -5.9950000000000001 5 0 1 0 0 -0 1 1 0 -0 
1 -3.1799312717800001 -6.0049999999999999 3.7966696921300001 0 1 0 0 -0 1 1 0 -0 
1 -2.942422403583 -6.0049999999999999 3.667219831548 0 -1 0 0 -0 -1 1 0 0 
1 -6.25 -6.0049999999999999 2.5 0 1 0 0 -0 1 1 0 -0 
1 -2.336276030804 -6.0049999999999999 4.0896431466749998 0 -1 0 0 -0 -1 1 0 0 
1 -2.4597906066130002 -6.0049999999999999 4.0618512840380001 1 0 0 0 0 -1 -0 1 0 
1 -2.4085825292349998 -6.0049999999999999 4.0618512840380001 -0 0 -1 -1 0 0 0 1 0 
9 0 0 0 0 3 1 4 2 2 2 -2.3107586386090002 -6.0049999999999999 4.0299653746040001  -2.3107586386090002 -5.9950000000000001 4.0299653746040001  
-2.3355395356140001 -6.0049999999999999 4.0512804118870003  -2.3355395356140001 -5.9950000000000001 4.0512804118870003  
-2.3682052634850002 -6.0049999999999999 4.0618512840380001  -2.3682052634850002 -5.9950000000000001 4.0618512840380001  
-2.4085825292349998 -6.0049999999999999 4.0618512840380001  -2.4085825292349998 -5.9950000000000001 4.0618512840380001  

5 4
6 4

0 2
1 2

9 0 0 0 0 3 1 4 2 2 2 -2.273587293102 -6.0049999999999999 3.9344809392890001  -2.273587293102 -5.9950000000000001 3.9344809392890001  
-2.273587293102 -6.0049999999999999 3.9767644278860002  -2.273587293102 -5.9950000000000001 3.9767644278860002  
-2.2859777416039999 -6.0049999999999999 4.0086503373179996  -2.2859777416039999 -5.9950000000000001 4.0086503373179996  
-2.3107586386090002 -6.0049999999999999 4.0299653746040001  -2.3107586386090002 -5.9950000000000001 4.0299653746040001  

4 4
5 4

0 2
1 2

9 0 0 0 0 3 1 4 2 2 2 -2.309805527185 -6.0049999999999999 3.8358772302239998  -2.309805527185 -5.9950000000000001 3.8358772302239998  
-2.28563115563 -6.0049999999999999 3.8592717833419998  -2.28563115563 -5.9950000000000001 3.8592717833419998  
-2.273587293102 -6.0049999999999999 3.892197450691  -2.273587293102 -5.9950000000000001 3.892197450691  
-2.273587293102 -6.0049999999999999 3.9344809392890001  -2.273587293102 -5.9950000000000001 3.9344809392890001  

3 4
4 4

0 2
1 2

9 0 0 0 0 3 1 4 2 2 2 -2.4105753985749998 -6.0049999999999999 3.8005254610699999  -2.4105753985749998 -5.9950000000000001 3.8005254610699999  
-2.3675120915410002 -6.0049999999999999 3.8005254610699999  -2.3675120915410002 -5.9950000000000001 3.8005254610699999  
-2.3338932522459999 -6.0049999999999999 3.8123093841200002  -2.3338932522459999 -5.9950000000000001 3.8123093841200002  
-2.309805527185 -6.0049999999999999 3.8358772302239998  -2.309805527185 -5.9950000000000001 3.8358772302239998  

2 4
3 4

0 2
1 2

1 -2.4597906066130002 -6.0049999999999999 3.8005254610699999 -0 0 1 1 0 0 0 1 -0 
1 -5.75 -5.9950000000000001 5 0 1 0 0 -0 1 1 0 -0 
1 -6.25 -6.0049999999999999 2.5 0 1 0 0 -0 1 1 0 -0 
1 -2.1139844529439999 -6.0049999999999999 3.892890622635 -0 0 1 1 0 0 0 1 -0 
1 -2.0632962545260001 -6.0049999999999999 4.0337778202969998 0.94095378768263394 0 -0.33853503429586834 -0.33853503429586834 0 -0.94095378768263394 0 1 0 
9 0 0 0 0 3 1 4 2 2 2 -2.057750878972 -6.0049999999999999 4.0575189593849998  -2.057750878972 -5.9950000000000001 4.0575189593849998  
-2.0593971623390002 -6.0049999999999999 4.0472946732080004  -2.0593971623390002 -5.9950000000000001 4.0472946732080004  
-2.0612167386909999 -6.0049999999999999 4.0393231958489997  -2.0612167386909999 -5.9950000000000001 4.0393231958489997  
-2.0632962545260001 -6.0049999999999999 4.0337778202969998  -2.0632962545260001 -5.9950000000000001 4.0337778202969998  

3 4
4 4

0 2
1 2

1 -2.0567111210540001 -6.0049999999999999 4.0575189593849998 -0 0 -1 -1 0 0 0 1 0 
9 0 0 0 0 3 1 4 2 2 2 -2.051425684981 -6.0049999999999999 4.0337778202969998  -2.051425684981 -5.9950000000000001 4.0337778202969998  
-2.0530719683459999 -6.0049999999999999 4.0384567309200001  -2.0530719683459999 -5.9950000000000001 4.0384567309200001  
-2.05480489821 -6.0049999999999999 4.0462549152919998  -2.05480489821 -5.9950000000000001 4.0462549152919998  
-2.0567111210540001 -6.0049999999999999 4.0575189593849998  -2.0567111210540001 -5.9950000000000001 4.0575189593849998  

1 4
2 4

0 2
1 2

1 -2.0002176076009999 -6.0049999999999999 3.892890622635 -0.93984404177391989 0 -0.34160383068997086 -0.34160383068997086 0 0.93984404177391989 0 1 0 
1 -5.75 -5.9950000000000001 5 0 1 0 0 -0 1 1 0 -0 
1 -4.0348980980190001 -6.0049999999999999 4.293913252976 0 1 0 0 -0 1 1 0 -0 
9 0 0 0 0 3 1 7 2 3 2 -4.9832246702639997 -6.0049999999999999 3.7462455339780001  -4.9832246702639997 -5.9950000000000001 3.7462455339780001  
-4.9302051682560002 -6.0049999999999999 3.7462455339780001  -4.9302051682560002 -5.9950000000000001 3.7462455339780001  
-4.8892355133700001 -6.0049999999999999 3.7896252226409999  -4.8892355133700001 -5.9950000000000001 3.7896252226409999  
-4.8892355133700001 -6.0049999999999999 3.8402347368380001  -4.8892355133700001 -5.9950000000000001 3.8402347368380001  
-4.8892355133700001 -6.0049999999999999 3.8932542848130001  -4.8892355133700001 -5.9950000000000001 3.8932542848130001  
-4.9326151101000004 -6.0049999999999999 3.9342239396990002  -4.9326151101000004 -5.9950000000000001 3.9342239396990002  
-4.9832246702639997 -6.0049999999999999 3.9342239396990002  -4.9832246702639997 -5.9950000000000001 3.9342239396990002  

0 4
1 3
2 4

0 2
1 2

9 0 0 0 0 3 1 6 2 3 2 -4.9832246702639997 -6.0049999999999999 3.9342239396990002  -4.9832246702639997 -5.9950000000000001 3.9342239396990002  
-5.0338342304259998 -6.0049999999999999 3.9342239396990002  -5.0338342304259998 -5.9950000000000001 3.9342239396990002  
-5.0772138271570002 -6.0049999999999999 3.8932542848130001  -5.0772138271570002 -5.9950000000000001 3.8932542848130001  
-5.0772138271570002 -6.0049999999999999 3.7872151888640002  -5.0772138271570002 -5.9950000000000001 3.7872151888640002  
-5.0338342304259998 -6.0049999999999999 3.7462455339780001  -5.0338342304259998 -5.9950000000000001 3.7462455339780001  
-4.9832246702639997 -6.0049999999999999 3.7462455339780001  -4.9832246702639997 -5.9950000000000001 3.7462455339780001  

2 4
3 2
4 4

0 2
1 2

1 -5.75 -5.9950000000000001 5 0 1 0 0 -0 1 1 0 -0 
Triangulations 0

TShapes 3052
Ve
1e-07
-4.995 5.05 -1
0 0

0101101
*
Ve
1e-07
-4.995 4.45 -1
0 0

0101101
*
Ed
 1e-07 1 1 0
1  1 0 3.14159265358979 6.28318530717959
2  1 1 0 3.14159265358979 6.28318530717959
2  2 2 0 3.14159265358979 6.28318530717959
0

0101000
+3052 3 -3051 3 *
Ve
1e-07
-4.995 5.15 -0.9
0 0

0101101
*
Ed
 1e-07 1 1 0
1  2 0 0 0.14142135623731
2  3 1 0 0 0.14142135623731
2  4 3 0 0 0.14142135623731
4 CN 1 0 3 0
0

0101000
+3052 3 -3049 3 *
Ve
1e-07
-4.995 4.35 -0.9
0 0

0101101
*
Ed
 1e-07 1 1 0
1  3 0 0 3.14159265358979
2  5 1 0 0 3.14159265358979
2  6 4 0 0 3.14159265358979
0

0101000
+3047 3 -3049 3 *
Ed
 1e-07 1 1 0
1  4 0 0 0.14142135623731
2  7 1 0 0 0.14142135623731
2  8 3 0 0 0.14142135623731
4 CN 1 0 3 0
0

0101000
+3051 3 -3047 3 *
Wi

0101100
-3050 0 +3048 0 -3046 0 -3045 0 *
Fa
0  1e-07 1 0

0101000
+3044 0 *
Ve
1e-07
-4.995 2.55 -1
0 0

0101101
*
Ve
1e-07
-4.995 1.95 -1
0 0

0101101
*
Ed
 1e-07 1 1 0
1  5 0 3.14159265358979 6.28318530717959
2  9 5 0 3.14159265358979 6.28318530717959
2  10 6 0 3.14159265358979 6.28318530717959
0

0101000
+3042 3 -3041 3 *
Ve
1e-07
-4.995 2.65 -0.9
0 0

0101101
*
Ed
 1e-07 1 1 0
1  6 0 0 0.14142135623731
2  11 5 0 0 0.14142135623731
2  12 7 0 0 0.14142135623731
4 CN 5 0 7 0
0

0101000
+3042 3 -3039 3 *
Ve
1e-07
-4.995 1.85 -0.9
0 0

0101101
*
Ed
 1e-07 1 1 0
1  7 0 0 3.14159265358979
2  13 5 0 0 3.14159265358979
2  14 8 0 0 3.14159265358979
0

0101000
+3037 3 -3039 3 *
Ed
 1e-07 1 1 0
1  8 0 0 0.141421356237309
2  15 5 0 0 0.141421356237309
2  16 7 0 0 0.141421356237309
4 CN 5 0 7 0
0

0101000
+3041 3 -3037 3 *
Wi

0101100
-3040 0 +3038 0 -3036 0 -3035 0 *
Fa
0  1e-07 5 0

0101000
+3034 0 *
Ve
1e-07
5.005 2.55 -1
0 0

0101101
*
Ve
1e-07
5.005 1.95 -1
0 0

0101101
*
Ed
 1e-07 1 1 0
1  9 0 0 3.14159265358979
2  17 9 0 0 3.14159265358979
2  18 10 0 0 3.14159265358979
0

0101000
+3032 3 -3031 3 *
Ve
1e-07
5.005 2.65 -0.9
0 0

0101101
*
Ed
 1e-07 1 1 0
1  10 0 0 0.14142135623731
2  19 9 0 0 0.14142135623731
2  20 11 0 0 0.14142135623731
4 CN 9 0 11 0
0

0101000
+3032 3 -3029 3 *
Ve
1e-07
5.005 1.85 -0.9
0 0

0101101
*
Ed
 1e-07 1 1 0
1  11 0 3.14159265358979 6.28318530717959
2  21 9 0 3.14159265358979 6.28318530717959
2  22 12 0 3.14159265358979 6.28318530717959
0

0101000
+3027 3 -3029 3 *
Ed
 1e-07 1 1 0
1  12 0 0 0.141421356237309
2  23 9 0 0 0.141421356237309
2  24 11 0 0 0.141421356237309
4 CN 9 0 11 0
0

0101000
+3031 3 -3027 3 *
Wi

0101100
-3030 0 +3028 0 -3026 0 -3025 0 *
Fa
0  1e-07 9 0

0101000
+3024 0 *
Ve
1e-07
0.00500000000000052 -2.35 -1
0 0

0101101
*
Ve
1e-07
0.00500000000000065 -2.95 -1
0 0

0101101
*
Ed
 1e-07 1 1 0
1  13 0 0 3.14159265358979
2  25 13 0 0 3.14159265358979
2  26 14 0 0 3.14159265358979
0

0101000
+3022 3 -3021 3 *
Ve
1e-07
0.0050000000000005 -2.25 -0.9
0 0

0101101
*
Ed
 1e-07 1 1 0
1  14 0 0 0.14142135623731
2  27 13 0 0 0.14142135623731
2  28 15 0 0 0.14142135623731
4 CN 13 0 15 0
0

0101000
+3022 3 -3019 3 *
Ve
1e-07
0.00500000000000068 -3.05 -0.9
0 0

0101101
*
Ed
 1e-07 1 1 0
1  15 0 3.14159265358979 6.28318530717959
2  29 13 0 3.14159265358979 6.28318530717959
2  30 16 0 3.14159265358979 6.28318530717959
0

0101000
+3017 3 -3019 3 *
Ed
 1e-07 1 1 0
1  16 0 0 0.141421356237309
2  31 13 0 0 0.141421356237309
2  32 15 0 0 0.141421356237309
4 CN 13 0 15 0
0

0101000
+3021 3 -3017 3 *
Wi

0101100
-3020 0 +3018 0 -3016 0 -3015 0 *
Fa
0  1e-07 13 0

0101000
+3014 0 *
Ve
1e-07
5.005 5.05 -1
0 0

0101101
*
Ve
1e-07
5.005 4.45 -1
0 0

0101101
*
Ed
 1e-07 1 1 0
1  17 0 0 3.14159265358979
2  33 17 0 0 3.14159265358979
2  34 18 0 0 3.14159265358979
0

0101000
+3012 3 -3011 3 *
Ve
1e-07
5.005 5.15 -0.9
0 0

0101101
*
Ed
 1e-07 1 1 0
1  18 0 0 0.14142135623731
2  35 17 0 0 0.14142135623731
2  36 19 0 0 0.14142135623731
4 CN 17 0 19 0
0

0101000
+3012 3 -3009 3 *
Ve
1e-07
5.005 4.35 -0.9
0 0

0101101
*
Ed
 1e-07 1 1 0
1  19 0 3.14159265358979 6.28318530717959
2  37 17 0 3.14159265358979 6.28318530717959
2  38 20 0 3.14159265358979 6.28318530717959
0

0101000
+3007 3 -3009 3 *
Ed
 1e-07 1 1 0
1  20 0 0 0.14142135623731
2  39 17 0 0 0.14142135623731
2  40 19 0 0 0.14142135623731
4 CN 17 0 19 0
0

0101000
+3011 3 -3007 3 *
Wi

0101100
-3010 0 +3008 0 -3006 0 -3005 0 *
Fa
0  1e-07 17 0

0101000
+3004 0 *
Ve
1e-07
-4.995 5.15 0
0 0

0101101
*
Ed
 1e-07 1 1 0
1  21 0 0.1 1
2  41 4 0 0.1 1
2  42 21 0 0.1 1
4 CN 4 0 21 0
0

0101000
+3049 3 -3002 3 *
Ve
1e-07
-4.995 4.35 0
0 0

0101101
*
Ed
 1e-07 1 1 0
1  22 0 3.14159265358979 6.28318530717959
2  43 4 0 3.14159265358979 6.28318530717959
2  44 22 0 3.14159265358979 6.28318530717959
0

0101000
+3002 3 -3000 3 *
Ed
 1e-07 1 1 0
1  23 0 0.1 1
2  45 4 0 0.1 1
2  46 21 0 0.1 1
4 CN 4 0 21 0
0

0101000
+3047 3 -3000 3 *
Wi

0101100
+3046 0 +3001 0 +2999 0 -2998 0 *
Fa
0  1e-07 4 0

0101000
+2997 0 *
Ve
1e-07
-4.995 2.65 0
0 0

0101101
*
Ed
 1e-07 1 1 0
1  24 0 0.1 1
2  47 8 0 0.1 1
2  48 23 0 0.1 1
4 CN 8 0 23 0
0

0101000
+3039 3 -2995 3 *
Ve
1e-07
-4.995 1.85 0
0 0

0101101
*
Ed
 1e-07 1 1 0
1  25 0 3.14159265358979 6.28318530717959
2  49 8 0 3.14159265358979 6.28318530717959
2  50 22 0 3.14159265358979 6.28318530717959
0

0101000
+2995 3 -2993 3 *
Ed
 1e-07 1 1 0
1  26 0 0.1 1
2  51 8 0 0.1 1
2  52 23 0 0.1 1
4 CN 8 0 23 0
0

0101000
+3037 3 -2993 3 *
Wi

0101100
+3036 0 +2994 0 +2992 0 -2991 0 *
Fa
0  1e-07 8 0

0101000
+2990 0 *
Ve
1e-07
0.0050000000000005 -2.25 0
0 0

0101101
*
Ed
 1e-07 1 1 0
1  27 0 0.1 1
2  53 16 0 0.1 1
2  54 24 0 0.1 1
4 CN 16 0 24 0
0

0101000
+3019 3 -2988 3 *
Ve
1e-07
0.00500000000000068 -3.05 0
0 0

0101101
*
Ed
 1e-07 1 1 0
1  28 0 3.14159265358979 6.28318530717959
2  55 16 0 3.14159265358979 6.28318530717959
2  56 22 0 3.14159265358979 6.28318530717959
0

0101000
+2988 3 -2986 3 *
Ed
 1e-07 1 1 0
1  29 0 0.1 1
2  57 16 0 0.1 1
2  58 24 0 0.1 1
4 CN 16 0 24 0
0

0101000
+3017 3 -2986 3 *
Wi

0101100
+3016 0 +2987 0 +2985 0 -2984 0 *
Fa
0  1e-07 16 0

0101000
+2983 0 *
Ve
1e-07
5.005 2.65 0
0 0

0101101
*
Ed
 1e-07 1 1 0
1  30 0 0.1 1
2  59 12 0 0.1 1
2  60 25 0 0.1 1
4 CN 12 0 25 0
0

0101000
+3029 3 -2981 3 *
Ve
1e-07
5.005 1.85 0
0 0

0101101
*
Ed
 1e-07 1 1 0
1  31 0 3.14159265358979 6.28318530717959
2  61 12 0 3.14159265358979 6.28318530717959
2  62 22 0 3.14159265358979 6.28318530717959
0

0101000
+2981 3 -2979 3 *
Ed
 1e-07 1 1 0
1  32 0 0.1 1
2  63 12 0 0.1 1
2  64 25 0 0.1 1
4 CN 12 0 25 0
0

0101000
+3027 3 -2979 3 *
Wi

0101100
+3026 0 +2980 0 +2978 0 -2977 0 *
Fa
0  1e-07 12 0

0101000
+2976 0 *
Ve
1e-07
5.005 5.15 0
0 0

0101101
*
Ed
 1e-07 1 1 0
1  33 0 0.1 1
2  65 20 0 0.1 1
2  66 26 0 0.1 1
4 CN 20 0 26 0
0

0101000
+3009 3 -2974 3 *
Ve
1e-07
5.005 4.35 0
0 0

0101101
*
Ed
 1e-07 1 1 0
1  34 0 3.14159265358979 6.28318530717959
2  67 20 0 3.14159265358979 6.28318530717959
2  68 22 0 3.14159265358979 6.28318530717959
0

0101000
+2974 3 -2972 3 *
Ed
 1e-07 1 1 0
1  35 0 0.1 1
2  69 20 0 0.1 1
2  70 26 0 0.1 1
4 CN 20 0 26 0
0

0101000
+3007 3 -2972 3 *
Wi

0101100
+3006 0 +2973 0 +2971 0 -2970 0 *
Fa
0  1e-07 20 0

0101000
+2969 0 *
Ve
1e-07
0.00499999999999808 8.65 4.3
0 0

0101101
*
Ve
1e-07
0.00499999999999799 9.05 4.7
0 0

0101101
*
Ed
 1e-07 1 1 0
1  36 0 0 0.565685424949239
2  71 27 0 0 0.565685424949239
2  72 28 0 0 0.565685424949239
4 CN 27 0 28 0
0

0101000
+2967 3 -2966 3 *
Ve
1e-07
0.00499999999999799 9.05 0.3
0 0

0101101
*
Ed
 1e-07 1 1 0
1  37 0 0 3.14159265358979
2  73 27 0 0 3.14159265358979
2  74 29 0 0 3.14159265358979
0

0101000
+2966 3 -2964 3 *
Ve
1e-07
0.00499999999999808 8.65 0.7
0 0

0101101
*
Ed
 1e-07 1 1 0
1  38 0 0 0.565685424949238
2  75 27 0 0 0.565685424949238
2  76 28 0 0 0.565685424949238
4 CN 27 0 28 0
0

0101000
+2962 3 -2964 3 *
Ed
 1e-07 1 1 0
1  39 0 3.14159265358979 6.28318530717959
2  77 27 0 3.14159265358979 6.28318530717959
2  78 30 0 3.14159265358979 6.28318530717959
0

0101000
+2962 3 -2967 3 *
Wi

0101100
+2965 0 +2963 0 -2961 0 +2960 0 *
Fa
0  1e-07 27 0

0101000
+2959 0 *
Ve
1e-07
0.00499999999999861 6.25 4.3
0 0

0101101
*
Ed
 1e-07 1 1 0
1  40 0 -0 2.4
2  79 30 0 -0 2.4
2  80 31 0 -0 2.4
4 CN 30 0 31 0
0

0101000
+2957 3 -2967 3 *
Ve
1e-07
0.00499999999999861 6.25 0.7
0 0

0101101
*
Ed
 1e-07 1 1 0
1  41 0 -0 2.4
2  81 30 0 -0 2.4
2  82 31 0 -0 2.4
4 CN 30 0 31 0
0

0101000
+2955 3 -2962 3 *
Ed
 1e-07 1 1 0
1  42 0 3.14159265358979 6.28318530717959
2  83 30 0 3.14159265358979 6.28318530717959
2  84 32 0 3.14159265358979 6.28318530717959
0

0101000
+2955 3 -2957 3 *
Wi

0101100
+2956 0 -2960 0 -2954 0 +2953 0 *
Fa
0  1e-07 30 0

0101000
+2952 0 *
Ve
1e-07
1.663312395178 5.75 0
0 0

0101101
*
Ve
1e-07
0.00499999999999872 5.75 -0.5
0 0

0101101
*
Ed
 1e-07 1 1 0
1  43 0 2.55590711013256 3.14159265358979
2  85 33 0 2.55590711013256 3.14159265358979
2  86 34 0 2.55590711013256 3.14159265358979
0

0101000
+2950 3 -2949 3 *
Ve
1e-07
0.0049999999999983 7.65 -0.5
0 0

0101101
*
Ed
 1e-07 1 1 0
1  44 0 0 1.9
2  87 33 0 0 1.9
2  88 35 0 0 1.9
4 CN 33 0 35 0
0

0101000
+2949 3 -2947 3 *
Ve
1e-07
0.0049999999999983 7.65 5.5
0 0

0101101
*
Ed
 1e-07 1 1 0
1  45 0 3.14159265358979 6.28318530717959
2  89 33 0 3.14159265358979 6.28318530717959
2  90 36 0 3.14159265358979 6.28318530717959
4 CN 33 0 36 0
0

0101000
+2945 3 -2947 3 *
Ve
1e-07
0.00499999999999872 5.75 5.5
0 0

0101101
*
Ed
 1e-07 1 1 0
1  46 0 0 1.9
2  91 33 0 0 1.9
2  92 35 0 0 1.9
4 CN 33 0 35 0
0

0101000
+2943 3 -2945 3 *
Ve
1e-07
1.663312395178 5.75 5
0 0

0101101
*
Ed
 1e-07 1 1 0
1  47 0 0 0.585685543457234
2  93 33 0 0 0.585685543457234
2  94 37 0 0 0.585685543457234
0

0101000
+2943 3 -2941 3 *
Ve
1e-07
1.663312395178 6.25 5
0 0

0101101
*
Ed
 1e-07 1 1 0
1  48 0 0 0.5
2  95 33 0 0 0.5
2  96 38 0 0 0.5
0

0101000
+2941 3 -2939 3 *
Ve
1e-07
1.663312395178 6.25 0
0 0

0101101
*
Ed
 1e-07 1 1 0
1  49 0 0.585685543457234 2.55590711013256
2  97 33 0 0.585685543457234 2.55590711013256
2  98 39 0 0.585685543457234 2.55590711013256
0

0101000
+2937 3 -2939 3 *
Ed
 1e-07 1 1 0
1  50 0 0 0.5
2  99 33 0 0 0.5
2  100 22 0 0 0.5
0

0101000
+2950 3 -2937 3 *
Wi

0101100
+2948 0 +2946 0 -2944 0 -2942 0 +2940 0 +2938 0 -2936 0 -2935 0 *
Fa
0  1e-07 33 0

0101000
+2934 0 *
Ve
1e-07
0.00499999999999799 9.05 -0.5
0 0

0101101
*
Ed
 1e-07 1 1 0
1  51 0 1.9 3.3
2  101 36 0 1.9 3.3
2  102 40 0 1.9 3.3
4 CN 36 0 40 0
0

0101000
+2947 3 -2932 3 *
Ve
1e-07
0.00499999999999799 9.05 5.5
0 0

0101101
*
Ed
 1e-07 1 1 0
1  52 0 0 3.14159265358979
2  103 36 0 0 3.14159265358979
2  104 29 0 0 3.14159265358979
0

0101000
+2930 3 -2932 3 *
Ed
 1e-07 1 1 0
1  53 0 1.9 3.3
2  105 36 0 1.9 3.3
2  106 40 0 1.9 3.3
4 CN 36 0 40 0
0

0101000
+2945 3 -2930 3 *
Wi

0101100
+2944 0 +2931 0 -2929 0 -2928 0 *
Fa
0  1e-07 36 0

0101000
+2927 0 *
Ve
1e-07
-5.995 2.795632413585 4.003971426695
0 0

0101101
*
Ve
1e-07
-5.995 2.83964883204 4.003971426695
0 0

0101101
*
Ed
 1e-07 1 1 0
1  54 0 -0.044016418455 -0
2  107 41 0 -0.044016418455 -0
2  108 42 0 -0.044016418455 -0
0

0101000
+2925 3 -2924 3 *
Ve
1e-07
-5.995 2.905500166742 3.725316305123
0 0

0101101
*
Ed
 1e-07 1 1 0
1  55 0 -0.299532302034478 0
2  109 41 0 -0.299532302034478 0
2  110 43 0 -0.299532302034478 0
0

0101000
+2922 3 -2925 3 *
Ve
1e-07
-5.995 2.991886720289 3.647854340356
0 0

0101101
*
Ed
 1e-07 1 1 0
1  56 0 1 2
2  111 41 0 1 2
2  112 44 0 1 2
0

0101000
+2920 3 -2922 3 *
Ve
1e-07
-5.995 3.019267012085 3.651320200078
0 0

0101101
*
Ed
 1e-07 1 1 0
1  57 0 2 3
2  113 41 0 2 3
2  114 45 0 2 3
0

0101000
+2918 3 -2920 3 *
Ve
1e-07
-5.995 3.019267012085 3.689098071038
0 0

0101101
*
Ed
 1e-07 1 1 0
1  58 0 -0.0377778709599998 -0
2  115 41 0 -0.0377778709599998 -0
2  116 46 0 -0.0377778709599998 -0
0

0101000
+2916 3 -2918 3 *
Ve
1e-07
-5.995 2.995179287025 3.684245867427
0 0

0101101
*
Ed
 1e-07 1 1 0
1  59 0 4 5
2  117 41 0 4 5
2  118 47 0 4 5
0

0101000
+2914 3 -2916 3 *
Ve
1e-07
-5.995 2.951682747525 3.71838458568
0 0

0101101
*
Ed
 1e-07 1 1 0
1  60 0 5 6
2  119 41 0 5 6
2  120 48 0 5 6
0

0101000
+2912 3 -2914 3 *
Ve
1e-07
-5.995 2.933053751524 3.762401004138
0 0

0101101
*
Ed
 1e-07 1 1 0
1  61 0 -0.0477962821344404 -0
2  121 41 0 -0.0477962821344404 -0
2  122 49 0 -0.0477962821344404 -0
0

0101000
+2910 3 -2912 3 *
Ve
1e-07
-5.995 3.028018307881 4.003971426695
0 0

0101101
*
Ed
 1e-07 1 1 0
1  62 0 -0.259566053285959 0
2  123 41 0 -0.259566053285959 0
2  124 50 0 -0.259566053285959 0
0

0101000
+2908 3 -2910 3 *
Ve
1e-07
-5.995 2.980536029702 4.003971426695
0 0

0101101
*
Ed
 1e-07 1 1 0
1  63 0 -0.0474822781790003 -0
2  125 41 0 -0.0474822781790003 -0
2  126 51 0 -0.0474822781790003 -0
0

0101000
+2906 3 -2908 3 *
Ve
1e-07
-5.995 2.917284089794 3.822013791339
0 0

0101101
*
Ed
 1e-07 1 1 0
1  64 0 -0.192637973843353 0
2  127 41 0 -0.192637973843353 0
2  128 52 0 -0.192637973843353 0
0

0101000
+2904 3 -2906 3 *
Ve
1e-07
-5.995 2.912085300211 3.802085097943
0 0

0101101
*
Ed
 1e-07 1 1 0
1  65 0 -0.0205956362756798 0
2  129 41 0 -0.0205956362756798 0
2  130 53 0 -0.0205956362756798 0
0

0101000
+2902 3 -2904 3 *
Ve
1e-07
-5.995 2.910958895803 3.802085097943
0 0

0101101
*
Ed
 1e-07 1 1 0
1  66 0 -0.00112640440799971 -0
2  131 41 0 -0.00112640440799971 -0
2  132 54 0 -0.00112640440799971 -0
0

0101000
+2900 3 -2902 3 *
Ve
1e-07
-5.995 2.90576010622 3.821667205367
0 0

0101101
*
Ed
 1e-07 1 1 0
1  67 0 12 13
2  133 41 0 12 13
2  134 55 0 12 13
0

0101000
+2898 3 -2900 3 *
Ed
 1e-07 1 1 0
1  68 0 -0.19392145236593 -0
2  135 41 0 -0.19392145236593 -0
2  136 56 0 -0.19392145236593 -0
0

0101000
+2924 3 -2898 3 *
Wi

0101100
-2923 0 -2921 0 -2919 0 -2917 0 -2915 0 -2913 0 -2911 0 -2909 0 -2907 0 -2905 0 
-2903 0 -2901 0 -2899 0 -2897 0 -2896 0 *
Ve
1e-07
-5.995 3.35866132527 4.00951680225
0 0

0101101
*
Ve
1e-07
-5.995 3.442015251562 3.986988714063
0 0

0101101
*
Ed
 1e-07 1 1 0
1  69 0 0 1
2  137 41 0 0 1
2  138 57 0 0 1
0

0101000
+2894 3 -2893 3 *
Ve
1e-07
-5.995 3.271148367313 3.91767151964
0 0

0101101
*
Ed
 1e-07 1 1 0
1  70 0 1 2
2  139 41 0 1 2
2  140 58 0 1 2
0

0101000
+2891 3 -2894 3 *
Ve
1e-07
-5.995 3.271148367313 3.76188112518
0 0

0101101
*
Ed
 1e-07 1 1 0
1  71 0 -0.15579039446 0
2  141 41 0 -0.15579039446 0
2  142 59 0 -0.15579039446 0
0

0101000
+2889 3 -2891 3 *
Ve
1e-07
-5.995 3.313605148896 3.76188112518
0 0

0101101
*
Ed
 1e-07 1 1 0
1  72 0 -0.0424567815829997 0
2  143 41 0 -0.0424567815829997 0
2  144 60 0 -0.0424567815829997 0
0

0101000
+2887 3 -2889 3 *
Ve
1e-07
-5.995 3.313605148896 3.799312410167
0 0

0101101
*
Ed
 1e-07 1 1 0
1  73 0 -0.037431284987 -0
2  145 41 0 -0.037431284987 -0
2  146 61 0 -0.037431284987 -0
0

0101000
+2885 3 -2887 3 *
Ve
1e-07
-5.995 3.314731553306 3.799312410167
0 0

0101101
*
Ed
 1e-07 1 1 0
1  74 0 -0.00112640440999989 0
2  147 41 0 -0.00112640440999989 0
2  148 62 0 -0.00112640440999989 0
0

0101000
+2883 3 -2885 3 *
Ve
1e-07
-5.995 3.388900951336 3.75616245664
0 0

0101101
*
Ed
 1e-07 1 1 0
1  75 0 6 7
2  149 41 0 6 7
2  150 63 0 6 7
0

0101000
+2881 3 -2883 3 *
Ve
1e-07
-5.995 3.444874585831 3.775224685105
0 0

0101101
*
Ed
 1e-07 1 1 0
1  76 0 7 8
2  151 41 0 7 8
2  152 64 0 7 8
0

0101000
+2879 3 -2881 3 *
Ve
1e-07
-5.995 3.465669744158 3.826692701964
0 0

0101101
*
Ed
 1e-07 1 1 0
1  77 0 8 9
2  153 41 0 8 9
2  154 65 0 8 9
0

0101000
+2877 3 -2879 3 *
Ve
1e-07
-5.995 3.385348445123 3.905714303604
0 0

0101101
*
Ed
 1e-07 1 1 0
1  78 0 9 10
2  155 41 0 9 10
2  156 66 0 9 10
0

0101000
+2875 3 -2877 3 *
Ve
1e-07
-5.995 3.313605148896 3.915765296796
0 0

0101101
*
Ed
 1e-07 1 1 0
1  79 0 -0.072443930164374 -0
2  157 41 0 -0.072443930164374 -0
2  158 67 0 -0.072443930164374 -0
0

0101000
+2873 3 -2875 3 *
Ve
1e-07
-5.995 3.362647063949 3.975031498025
0 0

0101101
*
Ed
 1e-07 1 1 0
1  80 0 11 12
2  159 41 0 11 12
2  160 68 0 11 12
0

0101000
+2871 3 -2873 3 *
Ve
1e-07
-5.995 3.442015251562 3.945744983381
0 0

0101101
*
Ed
 1e-07 1 1 0
1  81 0 12 13
2  161 41 0 12 13
2  162 69 0 12 13
0

0101000
+2869 3 -2871 3 *
Ed
 1e-07 1 1 0
1  82 0 -0.0412437306819999 -0
2  163 41 0 -0.0412437306819999 -0
2  164 70 0 -0.0412437306819999 -0
0

0101000
+2893 3 -2869 3 *
Wi

0101100
-2892 0 -2890 0 -2888 0 -2886 0 -2884 0 -2882 0 -2880 0 -2878 0 -2876 0 -2874 0 
-2872 0 -2870 0 -2868 0 -2867 0 *
Ve
1e-07
-5.995 3.506306949387 3.76188112518
0 0

0101101
*
Ve
1e-07
-5.995 3.506306949387 3.80052546107
0 0

0101101
*
Ed
 1e-07 1 1 0
1  83 0 -0.0386443358899999 0
2  165 41 0 -0.0386443358899999 0
2  166 71 0 -0.0386443358899999 0
0

0101000
+2865 3 -2864 3 *
Ve
1e-07
-5.995 3.688611170715 3.76188112518
0 0

0101101
*
Ed
 1e-07 1 1 0
1  84 0 -0.182304221328 0
2  167 41 0 -0.182304221328 0
2  168 72 0 -0.182304221328 0
0

0101000
+2862 3 -2865 3 *
Ve
1e-07
-5.995 3.688611170715 4.100842205899
0 0

0101101
*
Ed
 1e-07 1 1 0
1  85 0 -0.338961080719 -0
2  169 41 0 -0.338961080719 -0
2  170 73 0 -0.338961080719 -0
0

0101000
+2860 3 -2862 3 *
Ve
1e-07
-5.995 3.514018487267 4.100842205899
0 0

0101101
*
Ed
 1e-07 1 1 0
1  86 0 -0.174592683448 -0
2  171 41 0 -0.174592683448 -0
2  172 74 0 -0.174592683448 -0
0

0101000
+2858 3 -2860 3 *
Ve
1e-07
-5.995 3.514018487267 4.061851284038
0 0

0101101
*
Ed
 1e-07 1 1 0
1  87 0 -0.0389909218610001 0
2  173 41 0 -0.0389909218610001 0
2  174 75 0 -0.0389909218610001 0
0

0101000
+2856 3 -2858 3 *
Ve
1e-07
-5.995 3.644854691737 4.061851284038
0 0

0101101
*
Ed
 1e-07 1 1 0
1  88 0 -0.13083620447 0
2  175 41 0 -0.13083620447 0
2  176 76 0 -0.13083620447 0
0

0101000
+2854 3 -2856 3 *
Ve
1e-07
-5.995 3.644854691737 3.953369874768
0 0

0101101
*
Ed
 1e-07 1 1 0
1  89 0 -0.10848140927 0
2  177 41 0 -0.10848140927 0
2  178 77 0 -0.10848140927 0
0

0101000
+2852 3 -2854 3 *
Ve
1e-07
-5.995 3.523636247992 3.953369874768
0 0

0101101
*
Ed
 1e-07 1 1 0
1  90 0 -0.121218443745 -0
2  179 41 0 -0.121218443745 -0
2  180 78 0 -0.121218443745 -0
0

0101000
+2850 3 -2852 3 *
Ve
1e-07
-5.995 3.523636247992 3.914552245892
0 0

0101101
*
Ed
 1e-07 1 1 0
1  91 0 -0.038817628876 0
2  181 41 0 -0.038817628876 0
2  182 79 0 -0.038817628876 0
0

0101000
+2848 3 -2850 3 *
Ve
1e-07
-5.995 3.644854691737 3.914552245892
0 0

0101101
*
Ed
 1e-07 1 1 0
1  92 0 -0.121218443745 0
2  183 41 0 -0.121218443745 0
2  184 80 0 -0.121218443745 0
0

0101000
+2846 3 -2848 3 *
Ve
1e-07
-5.995 3.644854691737 3.80052546107
0 0

0101101
*
Ed
 1e-07 1 1 0
1  93 0 -0.114026784822 0
2  185 41 0 -0.114026784822 0
2  186 81 0 -0.114026784822 0
0

0101000
+2844 3 -2846 3 *
Ed
 1e-07 1 1 0
1  94 0 -0.13854774235 -0
2  187 41 0 -0.13854774235 -0
2  188 82 0 -0.13854774235 -0
0

0101000
+2864 3 -2844 3 *
Wi

0101100
-2863 0 -2861 0 -2859 0 -2857 0 -2855 0 -2853 0 -2851 0 -2849 0 -2847 0 -2845 0 
-2843 0 -2842 0 *
Ve
1e-07
-5.995 3.33604659059 4.293890592362
0 0

0101101
*
Ve
1e-07
-5.995 3.242208438642 4.313645992772
0 0

0101101
*
Ed
 1e-07 1 1 0
1  95 0 0 1
2  189 41 0 0 1
2  190 83 0 0 1
0

0101000
+2840 3 -2839 3 *
Ve
1e-07
-5.995 3.452499477218 4.340159819638
0 0

0101101
*
Ed
 1e-07 1 1 0
1  96 0 1 2
2  191 41 0 1 2
2  192 84 0 1 2
0

0101000
+2837 3 -2840 3 *
Ve
1e-07
-5.995 3.495996016717 4.462677960776
0 0

0101101
*
Ed
 1e-07 1 1 0
1  97 0 2 3
2  193 41 0 2 3
2  194 85 0 2 3
0

0101000
+2835 3 -2837 3 *
Ve
1e-07
-5.995 3.447040748158 4.594380630177
0 0

0101101
*
Ed
 1e-07 1 1 0
1  98 0 3 4
2  195 41 0 3 4
2  196 86 0 3 4
0

0101000
+2833 3 -2835 3 *
Ve
1e-07
-5.995 3.322529737678 4.644289010161
0 0

0101101
*
Ed
 1e-07 1 1 0
1  99 0 4 5
2  197 41 0 4 5
2  198 87 0 4 5
0

0101000
+2831 3 -2833 3 *
Ve
1e-07
-5.995 3.242208438642 4.630425571276
0 0

0101101
*
Ed
 1e-07 1 1 0
1  100 0 5 6
2  199 41 0 5 6
2  200 88 0 5 6
0

0101000
+2829 3 -2831 3 *
Ve
1e-07
-5.995 3.242208438642 4.58467622296
0 0

0101101
*
Ed
 1e-07 1 1 0
1  101 0 -0.0457493483159999 0
2  201 41 0 -0.0457493483159999 0
2  202 89 0 -0.0457493483159999 0
0

0101000
+2827 3 -2829 3 *
Ve
1e-07
-5.995 3.322096505213 4.60477820934
0 0

0101101
*
Ed
 1e-07 1 1 0
1  102 0 7 8
2  203 41 0 7 8
2  204 90 0 7 8
0

0101000
+2825 3 -2827 3 *
Ve
1e-07
-5.995 3.414461666779 4.567173631367
0 0

0101101
*
Ed
 1e-07 1 1 0
1  103 0 8 9
2  205 41 0 8 9
2  206 91 0 8 9
0

0101000
+2823 3 -2825 3 *
Ve
1e-07
-5.995 3.450073375412 4.465277355569
0 0

0101101
*
Ed
 1e-07 1 1 0
1  104 0 9 10
2  207 41 0 9 10
2  208 92 0 9 10
0

0101000
+2821 3 -2823 3 *
Ve
1e-07
-5.995 3.416801122091 4.368579869351
0 0

0101101
*
Ed
 1e-07 1 1 0
1  105 0 10 11
2  209 41 0 10 11
2  210 93 0 10 11
0

0101000
+2819 3 -2821 3 *
Ve
1e-07
-5.995 3.3297213966 4.332881514223
0 0

0101101
*
Ed
 1e-07 1 1 0
1  106 0 11 12
2  211 41 0 11 12
2  212 94 0 11 12
0

0101000
+2817 3 -2819 3 *
Ve
1e-07
-5.995 3.242208438642 4.355582895398
0 0

0101101
*
Ed
 1e-07 1 1 0
1  107 0 12 13
2  213 41 0 12 13
2  214 95 0 12 13
0

0101000
+2815 3 -2817 3 *
Ed
 1e-07 1 1 0
1  108 0 -0.0419369026260004 0
2  215 41 0 -0.0419369026260004 0
2  216 96 0 -0.0419369026260004 0
0

0101000
+2839 3 -2815 3 *
Wi

0101100
-2838 0 -2836 0 -2834 0 -2832 0 -2830 0 -2828 0 -2826 0 -2824 0 -2822 0 -2820 0 
-2818 0 -2816 0 -2814 0 -2813 0 *
Ve
1e-07
-5.995 -3.25 1
0 0

0101101
*
Ve
1e-07
-5.995 -4.35 1
0 0

0101101
*
Ed
 1e-07 1 1 0
1  109 0 0 1.1
2  217 41 0 0 1.1
2  218 97 0 0 1.1
0

0101000
+2811 3 -2810 3 *
Ve
1e-07
-5.995 -3.25 5
0 0

0101101
*
Ed
 1e-07 1 1 0
1  110 0 0 4
2  219 41 0 0 4
2  220 98 0 0 4
0

0101000
+2811 3 -2808 3 *
Ve
1e-07
-5.995 5.75 5
0 0

0101101
*
Ed
 1e-07 1 1 0
1  111 0 0 9
2  221 41 0 0 9
2  222 38 0 0 9
0

0101000
+2806 3 -2808 3 *
Ve
1e-07
-5.995 5.75 0
0 0

0101101
*
Ed
 1e-07 1 1 0
1  112 0 -0 5
2  223 41 0 -0 5
2  224 99 0 -0 5
0

0101000
+2806 3 -2804 3 *
Ve
1e-07
-5.995 -5.15 0
0 0

0101101
*
Ed
 1e-07 1 1 0
1  113 0 0 10.9
2  225 41 0 0 10.9
2  226 22 0 0 10.9
0

0101000
+2804 3 -2802 3 *
Ve
1e-07
-5.995 -5.15 5
0 0

0101101
*
Ed
 1e-07 1 1 0
1  114 0 -0 5
2  227 41 0 -0 5
2  228 100 0 -0 5
0

0101000
+2800 3 -2802 3 *
Ve
1e-07
-5.995 -4.35 5
0 0

0101101
*
Ed
 1e-07 1 1 0
1  115 0 10.1 10.9
2  229 41 0 10.1 10.9
2  230 38 0 10.1 10.9
0

0101000
+2798 3 -2800 3 *
Ed
 1e-07 1 1 0
1  116 0 0 4
2  231 41 0 0 4
2  232 101 0 0 4
0

0101000
+2810 3 -2798 3 *
Wi

0101100
-2809 0 +2807 0 -2805 0 +2803 0 +2801 0 -2799 0 -2797 0 -2796 0 *
Ve
1e-07
-5.995 3.509859455601 4.299609260902
0 0

0101101
*
Ve
1e-07
-5.995 3.509859455601 4.338253596791
0 0

0101101
*
Ed
 1e-07 1 1 0
1  117 0 -0.0386443358889998 0
2  233 41 0 -0.0386443358889998 0
2  234 102 0 -0.0386443358889998 0
0

0101000
+2794 3 -2793 3 *
Ve
1e-07
-5.995 3.688611170715 4.299609260902
0 0

0101101
*
Ed
 1e-07 1 1 0
1  118 0 -0.178751715114 0
2  235 41 0 -0.178751715114 0
2  236 103 0 -0.178751715114 0
0

0101000
+2791 3 -2794 3 *
Ve
1e-07
-5.995 3.688611170715 4.638570341621
0 0

0101101
*
Ed
 1e-07 1 1 0
1  119 0 -0.338961080719 -0
2  237 41 0 -0.338961080719 -0
2  238 104 0 -0.338961080719 -0
0

0101000
+2789 3 -2791 3 *
Ve
1e-07
-5.995 3.644854691737 4.638570341621
0 0

0101101
*
Ed
 1e-07 1 1 0
1  120 0 -0.0437564789780001 -0
2  239 41 0 -0.0437564789780001 -0
2  240 105 0 -0.0437564789780001 -0
0

0101000
+2787 3 -2789 3 *
Ve
1e-07
-5.995 3.644854691737 4.338253596791
0 0

0101101
*
Ed
 1e-07 1 1 0
1  121 0 -0.30031674483 0
2  241 41 0 -0.30031674483 0
2  242 106 0 -0.30031674483 0
0

0101000
+2785 3 -2787 3 *
Ed
 1e-07 1 1 0
1  122 0 -0.134995236136 -0
2  243 41 0 -0.134995236136 -0
2  244 107 0 -0.134995236136 -0
0

0101000
+2793 3 -2785 3 *
Wi

0101100
-2792 0 -2790 0 -2788 0 -2786 0 -2784 0 -2783 0 *
Ve
1e-07
-5.995 2.992060013276 4.299609260902
0 0

0101101
*
Ve
1e-07
-5.995 2.992060013276 4.338253596791
0 0

0101101
*
Ed
 1e-07 1 1 0
1  123 0 -0.0386443358889998 0
2  245 41 0 -0.0386443358889998 0
2  246 108 0 -0.0386443358889998 0
0

0101000
+2781 3 -2780 3 *
Ve
1e-07
-5.995 3.174364234602 4.299609260902
0 0

0101101
*
Ed
 1e-07 1 1 0
1  124 0 -0.182304221326 0
2  247 41 0 -0.182304221326 0
2  248 109 0 -0.182304221326 0
0

0101000
+2778 3 -2781 3 *
Ve
1e-07
-5.995 3.174364234602 4.638570341621
0 0

0101101
*
Ed
 1e-07 1 1 0
1  125 0 -0.338961080719 -0
2  249 41 0 -0.338961080719 -0
2  250 110 0 -0.338961080719 -0
0

0101000
+2776 3 -2778 3 *
Ve
1e-07
-5.995 2.999771551154 4.638570341621
0 0

0101101
*
Ed
 1e-07 1 1 0
1  126 0 -0.174592683448 -0
2  251 41 0 -0.174592683448 -0
2  252 111 0 -0.174592683448 -0
0

0101000
+2774 3 -2776 3 *
Ve
1e-07
-5.995 2.999771551154 4.599579419759
0 0

0101101
*
Ed
 1e-07 1 1 0
1  127 0 -0.0389909218619993 0
2  253 41 0 -0.0389909218619993 0
2  254 112 0 -0.0389909218619993 0
0

0101000
+2772 3 -2774 3 *
Ve
1e-07
-5.995 3.130607755624 4.599579419759
0 0

0101101
*
Ed
 1e-07 1 1 0
1  128 0 -0.13083620447 0
2  255 41 0 -0.13083620447 0
2  256 113 0 -0.13083620447 0
0

0101000
+2770 3 -2772 3 *
Ve
1e-07
-5.995 3.130607755624 4.491098010489
0 0

0101101
*
Ed
 1e-07 1 1 0
1  129 0 -0.10848140927 0
2  257 41 0 -0.10848140927 0
2  258 114 0 -0.10848140927 0
0

0101000
+2768 3 -2770 3 *
Ve
1e-07
-5.995 3.009389311881 4.491098010489
0 0

0101101
*
Ed
 1e-07 1 1 0
1  130 0 -0.121218443743 -0
2  259 41 0 -0.121218443743 -0
2  260 115 0 -0.121218443743 -0
0

0101000
+2766 3 -2768 3 *
Ve
1e-07
-5.995 3.009389311881 4.452280381614
0 0

0101101
*
Ed
 1e-07 1 1 0
1  131 0 -0.038817628875 0
2  261 41 0 -0.038817628875 0
2  262 116 0 -0.038817628875 0
0

0101000
+2764 3 -2766 3 *
Ve
1e-07
-5.995 3.130607755624 4.452280381614
0 0

0101101
*
Ed
 1e-07 1 1 0
1  132 0 -0.121218443743 0
2  263 41 0 -0.121218443743 0
2  264 117 0 -0.121218443743 0
0

0101000
+2762 3 -2764 3 *
Ve
1e-07
-5.995 3.130607755624 4.338253596791
0 0

0101101
*
Ed
 1e-07 1 1 0
1  133 0 -0.114026784823 0
2  265 41 0 -0.114026784823 0
2  266 118 0 -0.114026784823 0
0

0101000
+2760 3 -2762 3 *
Ed
 1e-07 1 1 0
1  134 0 -0.138547742348 -0
2  267 41 0 -0.138547742348 -0
2  268 119 0 -0.138547742348 -0
0

0101000
+2780 3 -2760 3 *
Wi

0101100
-2779 0 -2777 0 -2775 0 -2773 0 -2771 0 -2769 0 -2767 0 -2765 0 -2763 0 -2761 0 
-2759 0 -2758 0 *
Ve
1e-07
-5.995 2.928028254928 4.299609260902
0 0

0101101
*
Ve
1e-07
-5.995 2.834796628432 4.299609260902
0 0

0101101
*
Ed
 1e-07 1 1 0
1  135 0 -0.0932316264959998 0
2  269 41 0 -0.0932316264959998 0
2  270 120 0 -0.0932316264959998 0
0

0101000
+2756 3 -2755 3 *
Ve
1e-07
-5.995 2.928028254928 4.638570341621
0 0

0101101
*
Ed
 1e-07 1 1 0
1  136 0 -0.338961080719 -0
2  271 41 0 -0.338961080719 -0
2  272 121 0 -0.338961080719 -0
0

0101000
+2753 3 -2756 3 *
Ve
1e-07
-5.995 2.83133076871 4.638570341621
0 0

0101101
*
Ed
 1e-07 1 1 0
1  137 0 -0.0966974862179999 -0
2  273 41 0 -0.0966974862179999 -0
2  274 122 0 -0.0966974862179999 -0
0

0101000
+2751 3 -2753 3 *
Ve
1e-07
-5.995 2.703180605524 4.593687458233
0 0

0101101
*
Ed
 1e-07 1 1 0
1  138 0 2 3
2  275 41 0 2 3
2  276 123 0 2 3
0

0101000
+2749 3 -2751 3 *
Ve
1e-07
-5.995 2.652059174639 4.473422125913
0 0

0101101
*
Ed
 1e-07 1 1 0
1  139 0 3 4
2  277 41 0 3 4
2  278 124 0 3 4
0

0101000
+2747 3 -2749 3 *
Ve
1e-07
-5.995 2.703180605524 4.347091539079
0 0

0101101
*
Ed
 1e-07 1 1 0
1  140 0 4 5
2  279 41 0 4 5
2  280 125 0 4 5
0

0101000
+2745 3 -2747 3 *
Ed
 1e-07 1 1 0
1  141 0 5 6
2  281 41 0 5 6
2  282 126 0 5 6
0

0101000
+2755 3 -2745 3 *
Wi

0101100
-2754 0 -2752 0 -2750 0 -2748 0 -2746 0 -2744 0 -2743 0 *
Ve
1e-07
-5.995 2.328261230199 4.299609260902
0 0

0101101
*
Ve
1e-07
-5.995 2.457364504809 4.638570341621
0 0

0101101
*
Ed
 1e-07 1 1 0
1  142 0 -0.362715135825922 0
2  283 41 0 -0.362715135825922 0
2  284 127 0 -0.362715135825922 0
0

0101000
+2741 3 -2740 3 *
Ve
1e-07
-5.995 2.376609973308 4.299609260902
0 0

0101101
*
Ed
 1e-07 1 1 0
1  143 0 -0.0483487431089999 0
2  285 41 0 -0.0483487431089999 0
2  286 128 0 -0.0483487431089999 0
0

0101000
+2738 3 -2741 3 *
Ve
1e-07
-5.995 2.411181924025 4.392321008441
0 0

0101101
*
Ed
 1e-07 1 1 0
1  144 0 -0.0989479050213492 0
2  287 41 0 -0.0989479050213492 0
2  288 129 0 -0.0989479050213492 0
0

0101000
+2736 3 -2738 3 *
Ve
1e-07
-5.995 2.552329061166 4.392321008441
0 0

0101101
*
Ed
 1e-07 1 1 0
1  145 0 -0.141147137141 0
2  289 41 0 -0.141147137141 0
2  290 130 0 -0.141147137141 0
0

0101000
+2734 3 -2736 3 *
Ve
1e-07
-5.995 2.584908142544 4.299609260902
0 0

0101101
*
Ed
 1e-07 1 1 0
1  146 0 -0.0982693475869746 0
2  291 41 0 -0.0982693475869746 0
2  292 131 0 -0.0982693475869746 0
0

0101000
+2732 3 -2734 3 *
Ve
1e-07
-5.995 2.633256885651 4.299609260902
0 0

0101101
*
Ed
 1e-07 1 1 0
1  147 0 -0.0483487431069998 0
2  293 41 0 -0.0483487431069998 0
2  294 132 0 -0.0483487431069998 0
0

0101000
+2730 3 -2732 3 *
Ve
1e-07
-5.995 2.504153611043 4.638570341621
0 0

0101101
*
Ed
 1e-07 1 1 0
1  148 0 -0.362715135825211 -0
2  295 41 0 -0.362715135825211 -0
2  296 133 0 -0.362715135825211 -0
0

0101000
+2728 3 -2730 3 *
Ed
 1e-07 1 1 0
1  149 0 -0.0467891062339998 -0
2  297 41 0 -0.0467891062339998 -0
2  298 134 0 -0.0467891062339998 -0
0

0101000
+2740 3 -2728 3 *
Wi

0101100
-2739 0 -2737 0 -2735 0 -2733 0 -2731 0 -2729 0 -2727 0 -2726 0 *
Ve
1e-07
-5.995 3.143778022564 3.790821053851
0 0

0101101
*
Ve
1e-07
-5.995 3.213615095944 3.814215606966
0 0

0101101
*
Ed
 1e-07 1 1 0
1  150 0 0 1
2  299 41 0 0 1
2  300 135 0 0 1
0

0101000
+2724 3 -2723 3 *
Ve
1e-07
-5.995 3.093696349595 3.823573428214
0 0

0101101
*
Ed
 1e-07 1 1 0
1  151 0 1 2
2  301 41 0 1 2
2  302 136 0 1 2
0

0101000
+2721 3 -2724 3 *
Ve
1e-07
-5.995 3.104613807717 3.846621395358
0 0

0101101
*
Ed
 1e-07 1 1 0
1  152 0 2 3
2  303 41 0 2 3
2  304 137 0 2 3
0

0101000
+2719 3 -2721 3 *
Ve
1e-07
-5.995 3.149063458639 3.868283018616
0 0

0101101
*
Ed
 1e-07 1 1 0
1  153 0 3 4
2  305 41 0 3 4
2  306 138 0 3 4
0

0101000
+2717 3 -2719 3 *
Ve
1e-07
-5.995 3.201311293934 3.900342221036
0 0

0101101
*
Ed
 1e-07 1 1 0
1  154 0 4 5
2  307 41 0 4 5
2  308 139 0 4 5
0

0101000
+2715 3 -2717 3 *
Ve
1e-07
-5.995 3.213355156465 3.938639970954
0 0

0101101
*
Ed
 1e-07 1 1 0
1  155 0 5 6
2  309 41 0 5 6
2  310 140 0 5 6
0

0101000
+2713 3 -2715 3 *
Ve
1e-07
-5.995 3.186148157654 3.990281280796
0 0

0101101
*
Ed
 1e-07 1 1 0
1  156 0 6 7
2  311 41 0 6 7
2  312 141 0 6 7
0

0101000
+2711 3 -2713 3 *
Ve
1e-07
-5.995 3.119083772052 4.00951680225
0 0

0101101
*
Ed
 1e-07 1 1 0
1  157 0 7 8
2  313 41 0 7 8
2  314 142 0 7 8
0

0101000
+2709 3 -2711 3 *
Ve
1e-07
-5.995 3.061723793668 3.998772637113
0 0

0101101
*
Ed
 1e-07 1 1 0
1  158 0 8 9
2  315 41 0 8 9
2  316 143 0 8 9
0

0101000
+2707 3 -2709 3 *
Ve
1e-07
-5.995 3.061723793668 3.957528906433
0 0

0101101
*
Ed
 1e-07 1 1 0
1  159 0 -0.0412437306799998 0
2  317 41 0 -0.0412437306799998 0
2  318 144 0 -0.0412437306799998 0
0

0101000
+2705 3 -2707 3 *
Ve
1e-07
-5.995 3.123242803717 3.975031498025
0 0

0101101
*
Ed
 1e-07 1 1 0
1  160 0 10 11
2  319 41 0 10 11
2  320 145 0 10 11
0

0101000
+2703 3 -2705 3 *
Ve
1e-07
-5.995 3.156688350025 3.966020262749
0 0

0101101
*
Ed
 1e-07 1 1 0
1  161 0 11 12
2  321 41 0 11 12
2  322 146 0 11 12
0

0101000
+2701 3 -2703 3 *
Ve
1e-07
-5.995 3.169598677487 3.942452416647
0 0

0101101
*
Ed
 1e-07 1 1 0
1  162 0 12 13
2  323 41 0 12 13
2  324 147 0 12 13
0

0101000
+2699 3 -2701 3 *
Ve
1e-07
-5.995 3.160327502733 3.919924328461
0 0

0101101
*
Ed
 1e-07 1 1 0
1  163 0 13 14
2  325 41 0 13 14
2  326 148 0 13 14
0

0101000
+2697 3 -2699 3 *
Ve
1e-07
-5.995 3.119083772052 3.899129170133
0 0

0101101
*
Ed
 1e-07 1 1 0
1  164 0 14 15
2  327 41 0 14 15
2  328 149 0 14 15
0

0101000
+2695 3 -2697 3 *
Ve
1e-07
-5.995 3.064323188459 3.867763139658
0 0

0101101
*
Ed
 1e-07 1 1 0
1  165 0 15 16
2  329 41 0 15 16
2  330 150 0 15 16
0

0101000
+2693 3 -2695 3 *
Ve
1e-07
-5.995 3.050113163603 3.827732459879
0 0

0101101
*
Ed
 1e-07 1 1 0
1  166 0 16 17
2  331 41 0 16 17
2  332 151 0 16 17
0

0101000
+2691 3 -2693 3 *
Ve
1e-07
-5.995 3.077406808906 3.775397978091
0 0

0101101
*
Ed
 1e-07 1 1 0
1  167 0 17 18
2  333 41 0 17 18
2  334 152 0 17 18
0

0101000
+2689 3 -2691 3 *
Ve
1e-07
-5.995 3.147937054229 3.75616245664
0 0

0101101
*
Ed
 1e-07 1 1 0
1  168 0 18 19
2  335 41 0 18 19
2  336 153 0 18 19
0

0101000
+2687 3 -2689 3 *
Ve
1e-07
-5.995 3.213615095944 3.770372481497
0 0

0101101
*
Ed
 1e-07 1 1 0
1  169 0 19 20
2  337 41 0 19 20
2  338 154 0 19 20
0

0101000
+2685 3 -2687 3 *
Ed
 1e-07 1 1 0
1  170 0 -0.0438431254689999 -0
2  339 41 0 -0.0438431254689999 -0
2  340 155 0 -0.0438431254689999 -0
0

0101000
+2723 3 -2685 3 *
Wi

0101100
-2722 0 -2720 0 -2718 0 -2716 0 -2714 0 -2712 0 -2710 0 -2708 0 -2706 0 -2704 0 
-2702 0 -2700 0 -2698 0 -2696 0 -2694 0 -2692 0 -2690 0 -2688 0 -2686 0 -2684 0 
-2683 0 *
Ve
1e-07
-5.995 2.567578843938 3.76188112518
0 0

0101101
*
Ve
1e-07
-5.995 2.567578843938 3.80052546107
0 0

0101101
*
Ed
 1e-07 1 1 0
1  171 0 -0.0386443358899999 0
2  341 41 0 -0.0386443358899999 0
2  342 156 0 -0.0386443358899999 0
0

0101000
+2681 3 -2680 3 *
Ve
1e-07
-5.995 2.749883065266 3.76188112518
0 0

0101101
*
Ed
 1e-07 1 1 0
1  172 0 -0.182304221328 0
2  343 41 0 -0.182304221328 0
2  344 157 0 -0.182304221328 0
0

0101000
+2678 3 -2681 3 *
Ve
1e-07
-5.995 2.749883065266 4.100842205899
0 0

0101101
*
Ed
 1e-07 1 1 0
1  173 0 -0.338961080719 -0
2  345 41 0 -0.338961080719 -0
2  346 158 0 -0.338961080719 -0
0

0101000
+2676 3 -2678 3 *
Ve
1e-07
-5.995 2.575290381818 4.100842205899
0 0

0101101
*
Ed
 1e-07 1 1 0
1  174 0 -0.174592683448 -0
2  347 41 0 -0.174592683448 -0
2  348 159 0 -0.174592683448 -0
0

0101000
+2674 3 -2676 3 *
Ve
1e-07
-5.995 2.575290381818 4.061851284038
0 0

0101101
*
Ed
 1e-07 1 1 0
1  175 0 -0.0389909218610001 0
2  349 41 0 -0.0389909218610001 0
2  350 160 0 -0.0389909218610001 0
0

0101000
+2672 3 -2674 3 *
Ve
1e-07
-5.995 2.706126586286 4.061851284038
0 0

0101101
*
Ed
 1e-07 1 1 0
1  176 0 -0.130836204468 0
2  351 41 0 -0.130836204468 0
2  352 161 0 -0.130836204468 0
0

0101000
+2670 3 -2672 3 *
Ve
1e-07
-5.995 2.706126586286 3.953369874768
0 0

0101101
*
Ed
 1e-07 1 1 0
1  177 0 -0.10848140927 0
2  353 41 0 -0.10848140927 0
2  354 162 0 -0.10848140927 0
0

0101000
+2668 3 -2670 3 *
Ve
1e-07
-5.995 2.584908142544 3.953369874768
0 0

0101101
*
Ed
 1e-07 1 1 0
1  178 0 -0.121218443742 -0
2  355 41 0 -0.121218443742 -0
2  356 163 0 -0.121218443742 -0
0

0101000
+2666 3 -2668 3 *
Ve
1e-07
-5.995 2.584908142544 3.914552245892
0 0

0101101
*
Ed
 1e-07 1 1 0
1  179 0 -0.038817628876 0
2  357 41 0 -0.038817628876 0
2  358 164 0 -0.038817628876 0
0

0101000
+2664 3 -2666 3 *
Ve
1e-07
-5.995 2.706126586286 3.914552245892
0 0

0101101
*
Ed
 1e-07 1 1 0
1  180 0 -0.121218443742 0
2  359 41 0 -0.121218443742 0
2  360 165 0 -0.121218443742 0
0

0101000
+2662 3 -2664 3 *
Ve
1e-07
-5.995 2.706126586286 3.80052546107
0 0

0101101
*
Ed
 1e-07 1 1 0
1  181 0 -0.114026784822 0
2  361 41 0 -0.114026784822 0
2  362 166 0 -0.114026784822 0
0

0101000
+2660 3 -2662 3 *
Ed
 1e-07 1 1 0
1  182 0 -0.138547742348 -0
2  363 41 0 -0.138547742348 -0
2  364 167 0 -0.138547742348 -0
0

0101000
+2680 3 -2660 3 *
Wi

0101100
-2679 0 -2677 0 -2675 0 -2673 0 -2671 0 -2669 0 -2667 0 -2665 0 -2663 0 -2661 0 
-2659 0 -2658 0 *
Ve
1e-07
-5.995 2.50354708559 3.76188112518
0 0

0101101
*
Ve
1e-07
-5.995 2.410315459094 3.76188112518
0 0

0101101
*
Ed
 1e-07 1 1 0
1  183 0 -0.0932316264960003 0
2  365 41 0 -0.0932316264960003 0
2  366 168 0 -0.0932316264960003 0
0

0101000
+2656 3 -2655 3 *
Ve
1e-07
-5.995 2.50354708559 4.100842205899
0 0

0101101
*
Ed
 1e-07 1 1 0
1  184 0 -0.338961080719 -0
2  367 41 0 -0.338961080719 -0
2  368 169 0 -0.338961080719 -0
0

0101000
+2653 3 -2656 3 *
Ve
1e-07
-5.995 2.406849599374 4.100842205899
0 0

0101101
*
Ed
 1e-07 1 1 0
1  185 0 -0.0966974862160002 -0
2  369 41 0 -0.0966974862160002 -0
2  370 170 0 -0.0966974862160002 -0
0

0101000
+2651 3 -2653 3 *
Ve
1e-07
-5.995 2.278699436189 4.055959322512
0 0

0101101
*
Ed
 1e-07 1 1 0
1  186 0 2 3
2  371 41 0 2 3
2  372 171 0 2 3
0

0101000
+2649 3 -2651 3 *
Ve
1e-07
-5.995 2.227578005301 3.93569399019
0 0

0101101
*
Ed
 1e-07 1 1 0
1  187 0 3 4
2  373 41 0 3 4
2  374 172 0 3 4
0

0101000
+2647 3 -2649 3 *
Ve
1e-07
-5.995 2.278699436189 3.809363403358
0 0

0101101
*
Ed
 1e-07 1 1 0
1  188 0 4 5
2  375 41 0 4 5
2  376 173 0 4 5
0

0101000
+2645 3 -2647 3 *
Ed
 1e-07 1 1 0
1  189 0 5 6
2  377 41 0 5 6
2  378 174 0 5 6
0

0101000
+2655 3 -2645 3 *
Wi

0101100
-2654 0 -2652 0 -2650 0 -2648 0 -2646 0 -2644 0 -2643 0 *
Ve
1e-07
-5.995 1.903780060863 3.76188112518
0 0

0101101
*
Ve
1e-07
-5.995 2.032883335471 4.100842205899
0 0

0101101
*
Ed
 1e-07 1 1 0
1  190 0 -0.362715135825211 0
2  379 41 0 -0.362715135825211 0
2  380 175 0 -0.362715135825211 0
0

0101000
+2641 3 -2640 3 *
Ve
1e-07
-5.995 1.95212880397 3.76188112518
0 0

0101101
*
Ed
 1e-07 1 1 0
1  191 0 -0.048348743107 0
2  381 41 0 -0.048348743107 0
2  382 176 0 -0.048348743107 0
0

0101000
+2638 3 -2641 3 *
Ve
1e-07
-5.995 1.98670075469 3.854592872717
0 0

0101101
*
Ed
 1e-07 1 1 0
1  192 0 -0.0989479050205233 0
2  383 41 0 -0.0989479050205233 0
2  384 177 0 -0.0989479050205233 0
0

0101000
+2636 3 -2638 3 *
Ve
1e-07
-5.995 2.127847891831 3.854592872717
0 0

0101101
*
Ed
 1e-07 1 1 0
1  193 0 -0.141147137141 0
2  385 41 0 -0.141147137141 0
2  386 178 0 -0.141147137141 0
0

0101000
+2634 3 -2636 3 *
Ve
1e-07
-5.995 2.160426973209 3.76188112518
0 0

0101101
*
Ed
 1e-07 1 1 0
1  194 0 -0.0982693475850874 0
2  387 41 0 -0.0982693475850874 0
2  388 179 0 -0.0982693475850874 0
0

0101000
+2632 3 -2634 3 *
Ve
1e-07
-5.995 2.208775716318 3.76188112518
0 0

0101101
*
Ed
 1e-07 1 1 0
1  195 0 -0.0483487431090004 0
2  389 41 0 -0.0483487431090004 0
2  390 180 0 -0.0483487431090004 0
0

0101000
+2630 3 -2632 3 *
Ve
1e-07
-5.995 2.079672441708 4.100842205899
0 0

0101101
*
Ed
 1e-07 1 1 0
1  196 0 -0.362715135825923 -0
2  391 41 0 -0.362715135825923 -0
2  392 181 0 -0.362715135825923 -0
0

0101000
+2628 3 -2630 3 *
Ed
 1e-07 1 1 0
1  197 0 -0.0467891062370001 -0
2  393 41 0 -0.0467891062370001 -0
2  394 182 0 -0.0467891062370001 -0
0

0101000
+2640 3 -2628 3 *
Wi

0101100
-2639 0 -2637 0 -2635 0 -2633 0 -2631 0 -2629 0 -2627 0 -2626 0 *
Ve
1e-07
-5.995 3.966213721206 4.098102559244
0 0

0101101
*
Ve
1e-07
-5.995 4.204801549191 4.413809675414
0 0

0101101
*
Ed
 1e-07 1 1 0
1  198 0 35 36
2  395 41 0 35 36
2  396 183 0 35 36
0

0101000
+2624 3 -2623 3 *
Ve
1e-07
-5.995 4.055382948446 3.86915459057
0 0

0101101
*
Ed
 1e-07 1 1 0
1  199 0 34 35
2  397 41 0 34 35
2  398 184 0 34 35
0

0101000
+2621 3 -2624 3 *
Ve
1e-07
-5.995 4.274690965875 3.760705552776
0 0

0101101
*
Ed
 1e-07 1 1 0
1  200 0 33 34
2  399 41 0 33 34
2  400 185 0 33 34
0

0101000
+2619 3 -2621 3 *
Ve
1e-07
-5.995 4.416879649155 3.760705552776
0 0

0101101
*
Ed
 1e-07 1 1 0
1  201 0 -0.134958765814 0.00722991746599977
2  401 41 0 -0.134958765814 0.00722991746599977
2  402 186 0 -0.134958765814 0.00722991746599977
0

0101000
+2617 3 -2619 3 *
Ve
1e-07
-5.995 4.486769065839 3.835414853151
0 0

0101101
*
Ed
 1e-07 1 1 0
1  202 0 28 29
2  403 41 0 28 29
2  404 187 0 28 29
0

0101000
+2615 3 -2617 3 *
Ve
1e-07
-5.995 4.412059765466 3.910124153523
0 0

0101101
*
Ed
 1e-07 1 1 0
1  203 0 27 28
2  405 41 0 27 28
2  406 188 0 27 28
0

0101000
+2613 3 -2615 3 *
Ve
1e-07
-5.995 4.397599930534 3.90771421168
0 0

0101101
*
Ed
 1e-07 1 1 0
1  204 0 26 27
2  407 41 0 26 27
2  408 189 0 26 27
0

0101000
+2611 3 -2613 3 *
Ve
1e-07
-5.995 4.289150892741 3.90771421168
0 0

0101101
*
Ed
 1e-07 1 1 0
1  205 0 0 0.108449037793
2  409 41 0 0 0.108449037793
2  410 190 0 0 0.108449037793
0

0101000
+2609 3 -2611 3 *
Ve
1e-07
-5.995 4.115632413886 4.095692525467
0 0

0101101
*
Ed
 1e-07 1 1 0
1  206 0 24 25
2  411 41 0 24 25
2  412 191 0 24 25
0

0101000
+2607 3 -2609 3 *
Ve
1e-07
-5.995 4.303610727673 4.283670839255
0 0

0101101
*
Ed
 1e-07 1 1 0
1  207 0 23 24
2  413 41 0 23 24
2  414 192 0 23 24
0

0101000
+2605 3 -2607 3 *
Ve
1e-07
-5.995 4.322890538228 4.283670839255
0 0

0101101
*
Ed
 1e-07 1 1 0
1  208 0 22 23
2  415 41 0 22 23
2  416 193 0 22 23
0

0101000
+2603 3 -2605 3 *
Ve
1e-07
-5.995 4.660287544695 4.584918166457
0 0

0101101
*
Ed
 1e-07 1 1 0
1  209 0 21 22
2  417 41 0 21 22
2  418 194 0 21 22
0

0101000
+2601 3 -2603 3 *
Ve
1e-07
-5.995 4.983224624297 4.353560347871
0 0

0101101
*
Ed
 1e-07 1 1 0
1  210 0 20 21
2  419 41 0 20 21
2  420 195 0 20 21
0

0101000
+2599 3 -2601 3 *
Ve
1e-07
-5.995 5.110953472644 4.389710027136
0 0

0101101
*
Ed
 1e-07 1 1 0
1  211 0 19 20
2  421 41 0 19 20
2  422 196 0 19 20
0

0101000
+2597 3 -2599 3 *
Ve
1e-07
-5.995 5.351951334406 4.148712165375
0 0

0101101
*
Ed
 1e-07 1 1 0
1  212 0 18 19
2  423 41 0 18 19
2  424 197 0 18 19
0

0101000
+2595 3 -2597 3 *
Ve
1e-07
-5.995 5.207352617349 3.926994114168
0 0

0101101
*
Ed
 1e-07 1 1 0
1  213 0 17 18
2  425 41 0 17 18
2  426 198 0 17 18
0

0101000
+2593 3 -2595 3 *
Ve
1e-07
-5.995 4.980814636485 4.086052712123
0 0

0101101
*
Ed
 1e-07 1 1 0
1  214 0 16 17
2  427 41 0 16 17
2  428 199 0 16 17
0

0101000
+2591 3 -2593 3 *
Ve
1e-07
-5.995 4.800066240163 4.004113448317
0 0

0101101
*
Ed
 1e-07 1 1 0
1  215 0 15 16
2  429 41 0 15 16
2  430 200 0 15 16
0

0101000
+2589 3 -2591 3 *
Ve
1e-07
-5.995 4.477129114596 4.17281195155
0 0

0101101
*
Ed
 1e-07 1 1 0
1  216 0 0 0.364345402142707
2  431 41 0 0 0.364345402142707
2  432 201 0 0 0.364345402142707
0

0101000
+2587 3 -2589 3 *
Ve
1e-07
-5.995 4.402419814222 4.045083057237
0 0

0101101
*
Ed
 1e-07 1 1 0
1  217 0 0 0.147973477369406
2  433 41 0 0 0.147973477369406
2  434 202 0 0 0.147973477369406
0

0101000
+2585 3 -2587 3 *
Ve
1e-07
-5.995 4.739816820689 3.866744648727
0 0

0101101
*
Ed
 1e-07 1 1 0
1  218 0 0 0.381629831017928
2  435 41 0 0 0.381629831017928
2  436 203 0 0 0.381629831017928
0

0101000
+2583 3 -2585 3 *
Ve
1e-07
-5.995 4.739816820689 3.842644862549
0 0

0101101
*
Ed
 1e-07 1 1 0
1  219 0 11 12
2  437 41 0 11 12
2  438 204 0 11 12
0

0101000
+2581 3 -2583 3 *
Ve
1e-07
-5.995 4.980814682452 3.601647000787
0 0

0101101
*
Ed
 1e-07 1 1 0
1  220 0 10 11
2  439 41 0 10 11
2  440 205 0 10 11
0

0101000
+2579 3 -2581 3 *
Ve
1e-07
-5.995 5.20976267411 3.765525528399
0 0

0101101
*
Ed
 1e-07 1 1 0
1  221 0 9 10
2  441 41 0 9 10
2  442 206 0 9 10
0

0101000
+2577 3 -2579 3 *
Ve
1e-07
-5.995 5.402560963519 3.881204483658
0 0

0101101
*
Ed
 1e-07 1 1 0
1  222 0 8 9
2  443 41 0 8 9
2  444 207 0 8 9
0

0101000
+2575 3 -2577 3 *
Ve
1e-07
-5.995 5.503780060863 4.14389209782
0 0

0101101
*
Ed
 1e-07 1 1 0
1  223 0 7 8
2  445 41 0 7 8
2  446 208 0 7 8
0

0101000
+2573 3 -2575 3 *
Ve
1e-07
-5.995 5.390511001481 4.418629628051
0 0

0101101
*
Ed
 1e-07 1 1 0
1  224 0 6 7
2  447 41 0 6 7
2  448 209 0 6 7
0

0101000
+2571 3 -2573 3 *
Ve
1e-07
-5.995 5.113363460455 4.534308606294
0 0

0101101
*
Ed
 1e-07 1 1 0
1  225 0 5 6
2  449 41 0 5 6
2  450 210 0 5 6
0

0101000
+2569 3 -2571 3 *
Ve
1e-07
-5.995 5.057933970636 4.529488653656
0 0

0101101
*
Ed
 1e-07 1 1 0
1  226 0 4 5
2  451 41 0 4 5
2  452 211 0 4 5
0

0101000
+2567 3 -2569 3 *
Ve
1e-07
-5.995 4.951894920654 4.635527715128
0 0

0101101
*
Ed
 1e-07 1 1 0
1  227 0 3 4
2  453 41 0 3 4
2  454 212 0 3 4
0

0101000
+2565 3 -2567 3 *
Ve
1e-07
-5.995 4.66269748654 4.729516883515
0 0

0101101
*
Ed
 1e-07 1 1 0
1  228 0 2 3
2  455 41 0 2 3
2  456 213 0 2 3
0

0101000
+2563 3 -2565 3 *
Ve
1e-07
-5.995 4.334940431316 4.604197988502
0 0

0101101
*
Ed
 1e-07 1 1 0
1  229 0 1 2
2  457 41 0 1 2
2  458 214 0 1 2
0

0101000
+2561 3 -2563 3 *
Ed
 1e-07 1 1 0
1  230 0 0 1
2  459 41 0 0 1
2  460 215 0 0 1
0

0101000
+2623 3 -2561 3 *
Wi

0101100
-2622 0 -2620 0 -2618 0 -2616 0 -2614 0 -2612 0 -2610 0 -2608 0 -2606 0 -2604 0 
-2602 0 -2600 0 -2598 0 -2596 0 -2594 0 -2592 0 -2590 0 -2588 0 -2586 0 -2584 0 
-2582 0 -2580 0 -2578 0 -2576 0 -2574 0 -2572 0 -2570 0 -2568 0 -2566 0 -2564 0 
-2562 0 -2560 0 -2559 0 *
Fa
0  1e-07 41 0

0101000
-2895 0 -2866 0 -2841 0 -2812 0 -2795 0 -2782 0 -2757 0 -2742 0 -2725 0 -2682 0 
-2657 0 -2642 0 -2625 0 -2558 0 *
Ed
 1e-07 1 1 0
1  231 0 0 3.14159265358979
2  461 40 0 0 3.14159265358979
2  462 35 0 0 3.14159265358979
4 CN 40 0 35 0
0

0101000
+2947 3 -2945 3 *
Ed
 1e-07 1 1 0
1  232 0 3.14159265358979 6.28318530717959
2  463 40 0 3.14159265358979 6.28318530717959
2  464 29 0 3.14159265358979 6.28318530717959
0

0101000
+2932 3 -2930 3 *
Wi

0101100
-2931 0 +2556 0 +2928 0 -2555 0 *
Fa
0  1e-07 40 0

0101000
+2554 0 *
Ve
1e-07
2.935 2.25 4.5
0 0

0101101
*
Ve
1e-07
2.935 2.25 5
0 0

0101101
*
Ed
 1e-07 1 1 0
1  233 0 1.5 2
2  465 216 0 1.5 2
2  466 217 0 1.5 2
0

0101000
+2552 3 -2551 3 *
Ve
1e-07
3.005 2.25 4.5
0 0

0101101
*
Ed
 1e-07 1 1 0
1  234 0 5.93 6
2  467 216 0 5.93 6
2  468 218 0 5.93 6
0

0101000
+2552 3 -2549 3 *
Ve
1e-07
3.005 2.25 5
0 0

0101101
*
Ed
 1e-07 1 1 0
1  235 0 1.5 2
2  469 216 0 1.5 2
2  470 219 0 1.5 2
0

0101000
+2549 3 -2547 3 *
Ed
 1e-07 1 1 0
1  236 0 -6 -5.93
2  471 216 0 -6 -5.93
2  472 38 0 -6 -5.93
0

0101000
+2547 3 -2551 3 *
Wi

0101100
-2550 0 +2548 0 +2546 0 +2545 0 *
Fa
0  1e-07 216 0

0101000
-2544 0 *
Ve
1e-07
3.005 -1.25 4.5
0 0

0101101
*
Ve
1e-07
3.005 -1.25 5
0 0

0101101
*
Ed
 1e-07 1 1 0
1  237 0 1.5 2
2  473 220 0 1.5 2
2  474 219 0 1.5 2
0

0101000
+2542 3 -2541 3 *
Ve
1e-07
2.935 -1.25 4.5
0 0

0101101
*
Ed
 1e-07 1 1 0
1  238 0 -6 -5.93
2  475 220 0 -6 -5.93
2  476 218 0 -6 -5.93
0

0101000
+2542 3 -2539 3 *
Ve
1e-07
2.935 -1.25 5
0 0

0101101
*
Ed
 1e-07 1 1 0
1  239 0 1.5 2
2  477 220 0 1.5 2
2  478 217 0 1.5 2
0

0101000
+2539 3 -2537 3 *
Ed
 1e-07 1 1 0
1  240 0 5.93 6
2  479 220 0 5.93 6
2  480 38 0 5.93 6
0

0101000
+2537 3 -2541 3 *
Wi

0101100
-2540 0 +2538 0 +2536 0 +2535 0 *
Fa
0  1e-07 220 0

0101000
-2534 0 *
Ve
1e-07
2.635 2.25 4.5
0 0

0101101
*
Ve
1e-07
2.635 2.25 5
0 0

0101101
*
Ed
 1e-07 1 1 0
1  241 0 1.5 2
2  481 221 0 1.5 2
2  482 222 0 1.5 2
0

0101000
+2532 3 -2531 3 *
Ve
1e-07
2.785 2.25 4.5
0 0

0101101
*
Ed
 1e-07 1 1 0
1  242 0 5.63 5.78
2  483 221 0 5.63 5.78
2  484 218 0 5.63 5.78
0

0101000
+2532 3 -2529 3 *
Ve
1e-07
2.785 2.25 5
0 0

0101101
*
Ed
 1e-07 1 1 0
1  243 0 1.5 2
2  485 221 0 1.5 2
2  486 223 0 1.5 2
0

0101000
+2529 3 -2527 3 *
Ed
 1e-07 1 1 0
1  244 0 -5.78 -5.63
2  487 221 0 -5.78 -5.63
2  488 38 0 -5.78 -5.63
0

0101000
+2527 3 -2531 3 *
Wi

0101100
-2530 0 +2528 0 +2526 0 +2525 0 *
Fa
0  1e-07 221 0

0101000
-2524 0 *
Ve
1e-07
2.785 -1.25 4.5
0 0

0101101
*
Ve
1e-07
2.785 -1.25 5
0 0

0101101
*
Ed
 1e-07 1 1 0
1  245 0 1.5 2
2  489 224 0 1.5 2
2  490 223 0 1.5 2
0

0101000
+2522 3 -2521 3 *
Ve
1e-07
2.635 -1.25 4.5
0 0

0101101
*
Ed
 1e-07 1 1 0
1  246 0 -5.78 -5.63
2  491 224 0 -5.78 -5.63
2  492 218 0 -5.78 -5.63
0

0101000
+2522 3 -2519 3 *
Ve
1e-07
2.635 -1.25 5
0 0

0101101
*
Ed
 1e-07 1 1 0
1  247 0 1.5 2
2  493 224 0 1.5 2
2  494 222 0 1.5 2
0

0101000
+2519 3 -2517 3 *
Ed
 1e-07 1 1 0
1  248 0 5.63 5.78
2  495 224 0 5.63 5.78
2  496 38 0 5.63 5.78
0

0101000
+2517 3 -2521 3 *
Wi

0101100
-2520 0 +2518 0 +2516 0 +2515 0 *
Fa
0  1e-07 224 0

0101000
-2514 0 *
Ve
1e-07
2.335 2.25 4.5
0 0

0101101
*
Ve
1e-07
2.335 2.25 5
0 0

0101101
*
Ed
 1e-07 1 1 0
1  249 0 1.5 2
2  497 225 0 1.5 2
2  498 226 0 1.5 2
0

0101000
+2512 3 -2511 3 *
Ve
1e-07
2.485 2.25 4.5
0 0

0101101
*
Ed
 1e-07 1 1 0
1  250 0 5.33 5.48
2  499 225 0 5.33 5.48
2  500 218 0 5.33 5.48
0

0101000
+2512 3 -2509 3 *
Ve
1e-07
2.485 2.25 5
0 0

0101101
*
Ed
 1e-07 1 1 0
1  251 0 1.5 2
2  501 225 0 1.5 2
2  502 227 0 1.5 2
0

0101000
+2509 3 -2507 3 *
Ed
 1e-07 1 1 0
1  252 0 -5.48 -5.33
2  503 225 0 -5.48 -5.33
2  504 38 0 -5.48 -5.33
0

0101000
+2507 3 -2511 3 *
Wi

0101100
-2510 0 +2508 0 +2506 0 +2505 0 *
Fa
0  1e-07 225 0

0101000
-2504 0 *
Ve
1e-07
2.485 -1.25 4.5
0 0

0101101
*
Ve
1e-07
2.485 -1.25 5
0 0

0101101
*
Ed
 1e-07 1 1 0
1  253 0 1.5 2
2  505 228 0 1.5 2
2  506 227 0 1.5 2
0

0101000
+2502 3 -2501 3 *
Ve
1e-07
2.335 -1.25 4.5
0 0

0101101
*
Ed
 1e-07 1 1 0
1  254 0 -5.48 -5.33
2  507 228 0 -5.48 -5.33
2  508 218 0 -5.48 -5.33
0

0101000
+2502 3 -2499 3 *
Ve
1e-07
2.335 -1.25 5
0 0

0101101
*
Ed
 1e-07 1 1 0
1  255 0 1.5 2
2  509 228 0 1.5 2
2  510 226 0 1.5 2
0

0101000
+2499 3 -2497 3 *
Ed
 1e-07 1 1 0
1  256 0 5.33 5.48
2  511 228 0 5.33 5.48
2  512 38 0 5.33 5.48
0

0101000
+2497 3 -2501 3 *
Wi

0101100
-2500 0 +2498 0 +2496 0 +2495 0 *
Fa
0  1e-07 228 0

0101000
-2494 0 *
Ve
1e-07
2.035 2.25 4.5
0 0

0101101
*
Ve
1e-07
2.035 2.25 5
0 0

0101101
*
Ed
 1e-07 1 1 0
1  257 0 1.5 2
2  513 229 0 1.5 2
2  514 230 0 1.5 2
0

0101000
+2492 3 -2491 3 *
Ve
1e-07
2.185 2.25 4.5
0 0

0101101
*
Ed
 1e-07 1 1 0
1  258 0 5.03 5.18
2  515 229 0 5.03 5.18
2  516 218 0 5.03 5.18
0

0101000
+2492 3 -2489 3 *
Ve
1e-07
2.185 2.25 5
0 0

0101101
*
Ed
 1e-07 1 1 0
1  259 0 1.5 2
2  517 229 0 1.5 2
2  518 231 0 1.5 2
0

0101000
+2489 3 -2487 3 *
Ed
 1e-07 1 1 0
1  260 0 -5.18 -5.03
2  519 229 0 -5.18 -5.03
2  520 38 0 -5.18 -5.03
0

0101000
+2487 3 -2491 3 *
Wi

0101100
-2490 0 +2488 0 +2486 0 +2485 0 *
Fa
0  1e-07 229 0

0101000
-2484 0 *
Ve
1e-07
2.185 -1.25 4.5
0 0

0101101
*
Ve
1e-07
2.185 -1.25 5
0 0

0101101
*
Ed
 1e-07 1 1 0
1  261 0 1.5 2
2  521 232 0 1.5 2
2  522 231 0 1.5 2
0

0101000
+2482 3 -2481 3 *
Ve
1e-07
2.035 -1.25 4.5
0 0

0101101
*
Ed
 1e-07 1 1 0
1  262 0 -5.18 -5.03
2  523 232 0 -5.18 -5.03
2  524 218 0 -5.18 -5.03
0

0101000
+2482 3 -2479 3 *
Ve
1e-07
2.035 -1.25 5
0 0

0101101
*
Ed
 1e-07 1 1 0
1  263 0 1.5 2
2  525 232 0 1.5 2
2  526 230 0 1.5 2
0

0101000
+2479 3 -2477 3 *
Ed
 1e-07 1 1 0
1  264 0 5.03 5.18
2  527 232 0 5.03 5.18
2  528 38 0 5.03 5.18
0

0101000
+2477 3 -2481 3 *
Wi

0101100
-2480 0 +2478 0 +2476 0 +2475 0 *
Fa
0  1e-07 232 0

0101000
-2474 0 *
Ve
1e-07
1.735 2.25 4.5
0 0

0101101
*
Ve
1e-07
1.735 2.25 5
0 0

0101101
*
Ed
 1e-07 1 1 0
1  265 0 1.5 2
2  529 233 0 1.5 2
2  530 234 0 1.5 2
0

0101000
+2472 3 -2471 3 *
Ve
1e-07
1.885 2.25 4.5
0 0

0101101
*
Ed
 1e-07 1 1 0
1  266 0 4.73 4.88
2  531 233 0 4.73 4.88
2  532 218 0 4.73 4.88
0

0101000
+2472 3 -2469 3 *
Ve
1e-07
1.885 2.25 5
0 0

0101101
*
Ed
 1e-07 1 1 0
1  267 0 1.5 2
2  533 233 0 1.5 2
2  534 235 0 1.5 2
0

0101000
+2469 3 -2467 3 *
Ed
 1e-07 1 1 0
1  268 0 -4.88 -4.73
2  535 233 0 -4.88 -4.73
2  536 38 0 -4.88 -4.73
0

0101000
+2467 3 -2471 3 *
Wi

0101100
-2470 0 +2468 0 +2466 0 +2465 0 *
Fa
0  1e-07 233 0

0101000
-2464 0 *
Ve
1e-07
1.885 -1.25 4.5
0 0

0101101
*
Ve
1e-07
1.885 -1.25 5
0 0

0101101
*
Ed
 1e-07 1 1 0
1  269 0 1.5 2
2  537 236 0 1.5 2
2  538 235 0 1.5 2
0

0101000
+2462 3 -2461 3 *
Ve
1e-07
1.735 -1.25 4.5
0 0

0101101
*
Ed
 1e-07 1 1 0
1  270 0 -4.88 -4.73
2  539 236 0 -4.88 -4.73
2  540 218 0 -4.88 -4.73
0

0101000
+2462 3 -2459 3 *
Ve
1e-07
1.735 -1.25 5
0 0

0101101
*
Ed
 1e-07 1 1 0
1  271 0 1.5 2
2  541 236 0 1.5 2
2  542 234 0 1.5 2
0

0101000
+2459 3 -2457 3 *
Ed
 1e-07 1 1 0
1  272 0 4.73 4.88
2  543 236 0 4.73 4.88
2  544 38 0 4.73 4.88
0

0101000
+2457 3 -2461 3 *
Wi

0101100
-2460 0 +2458 0 +2456 0 +2455 0 *
Fa
0  1e-07 236 0

0101000
-2454 0 *
Ve
1e-07
1.435 2.25 4.5
0 0

0101101
*
Ve
1e-07
1.435 2.25 5
0 0

0101101
*
Ed
 1e-07 1 1 0
1  273 0 1.5 2
2  545 237 0 1.5 2
2  546 238 0 1.5 2
0

0101000
+2452 3 -2451 3 *
Ve
1e-07
1.585 2.25 4.5
0 0

0101101
*
Ed
 1e-07 1 1 0
1  274 0 4.43 4.58
2  547 237 0 4.43 4.58
2  548 218 0 4.43 4.58
0

0101000
+2452 3 -2449 3 *
Ve
1e-07
1.585 2.25 5
0 0

0101101
*
Ed
 1e-07 1 1 0
1  275 0 1.5 2
2  549 237 0 1.5 2
2  550 239 0 1.5 2
0

0101000
+2449 3 -2447 3 *
Ed
 1e-07 1 1 0
1  276 0 -4.58 -4.43
2  551 237 0 -4.58 -4.43
2  552 38 0 -4.58 -4.43
0

0101000
+2447 3 -2451 3 *
Wi

0101100
-2450 0 +2448 0 +2446 0 +2445 0 *
Fa
0  1e-07 237 0

0101000
-2444 0 *
Ve
1e-07
1.585 -1.25 4.5
0 0

0101101
*
Ve
1e-07
1.585 -1.25 5
0 0

0101101
*
Ed
 1e-07 1 1 0
1  277 0 1.5 2
2  553 240 0 1.5 2
2  554 239 0 1.5 2
0

0101000
+2442 3 -2441 3 *
Ve
1e-07
1.435 -1.25 4.5
0 0

0101101
*
Ed
 1e-07 1 1 0
1  278 0 -4.58 -4.43
2  555 240 0 -4.58 -4.43
2  556 218 0 -4.58 -4.43
0

0101000
+2442 3 -2439 3 *
Ve
1e-07
1.435 -1.25 5
0 0

0101101
*
Ed
 1e-07 1 1 0
1  279 0 1.5 2
2  557 240 0 1.5 2
2  558 238 0 1.5 2
0

0101000
+2439 3 -2437 3 *
Ed
 1e-07 1 1 0
1  280 0 4.43 4.58
2  559 240 0 4.43 4.58
2  560 38 0 4.43 4.58
0

0101000
+2437 3 -2441 3 *
Wi

0101100
-2440 0 +2438 0 +2436 0 +2435 0 *
Fa
0  1e-07 240 0

0101000
-2434 0 *
Ve
1e-07
1.135 2.25 4.5
0 0

0101101
*
Ve
1e-07
1.135 2.25 5
0 0

0101101
*
Ed
 1e-07 1 1 0
1  281 0 1.5 2
2  561 241 0 1.5 2
2  562 242 0 1.5 2
0

0101000
+2432 3 -2431 3 *
Ve
1e-07
1.285 2.25 4.5
0 0

0101101
*
Ed
 1e-07 1 1 0
1  282 0 4.13 4.28
2  563 241 0 4.13 4.28
2  564 218 0 4.13 4.28
0

0101000
+2432 3 -2429 3 *
Ve
1e-07
1.285 2.25 5
0 0

0101101
*
Ed
 1e-07 1 1 0
1  283 0 1.5 2
2  565 241 0 1.5 2
2  566 243 0 1.5 2
0

0101000
+2429 3 -2427 3 *
Ed
 1e-07 1 1 0
1  284 0 -4.28 -4.13
2  567 241 0 -4.28 -4.13
2  568 38 0 -4.28 -4.13
0

0101000
+2427 3 -2431 3 *
Wi

0101100
-2430 0 +2428 0 +2426 0 +2425 0 *
Fa
0  1e-07 241 0

0101000
-2424 0 *
Ve
1e-07
1.285 -1.25 4.5
0 0

0101101
*
Ve
1e-07
1.285 -1.25 5
0 0

0101101
*
Ed
 1e-07 1 1 0
1  285 0 1.5 2
2  569 244 0 1.5 2
2  570 243 0 1.5 2
0

0101000
+2422 3 -2421 3 *
Ve
1e-07
1.135 -1.25 4.5
0 0

0101101
*
Ed
 1e-07 1 1 0
1  286 0 -4.28 -4.13
2  571 244 0 -4.28 -4.13
2  572 218 0 -4.28 -4.13
0

0101000
+2422 3 -2419 3 *
Ve
1e-07
1.135 -1.25 5
0 0

0101101
*
Ed
 1e-07 1 1 0
1  287 0 1.5 2
2  573 244 0 1.5 2
2  574 242 0 1.5 2
0

0101000
+2419 3 -2417 3 *
Ed
 1e-07 1 1 0
1  288 0 4.13 4.28
2  575 244 0 4.13 4.28
2  576 38 0 4.13 4.28
0

0101000
+2417 3 -2421 3 *
Wi

0101100
-2420 0 +2418 0 +2416 0 +2415 0 *
Fa
0  1e-07 244 0

0101000
-2414 0 *
Ve
1e-07
0.835 2.25 4.5
0 0

0101101
*
Ve
1e-07
0.835 2.25 5
0 0

0101101
*
Ed
 1e-07 1 1 0
1  289 0 1.5 2
2  577 245 0 1.5 2
2  578 246 0 1.5 2
0

0101000
+2412 3 -2411 3 *
Ve
1e-07
0.984999999999999 2.25 4.5
0 0

0101101
*
Ed
 1e-07 1 1 0
1  290 0 3.83 3.98
2  579 245 0 3.83 3.98
2  580 218 0 3.83 3.98
0

0101000
+2412 3 -2409 3 *
Ve
1e-07
0.984999999999999 2.25 5
0 0

0101101
*
Ed
 1e-07 1 1 0
1  291 0 1.5 2
2  581 245 0 1.5 2
2  582 247 0 1.5 2
0

0101000
+2409 3 -2407 3 *
Ed
 1e-07 1 1 0
1  292 0 -3.98 -3.83
2  583 245 0 -3.98 -3.83
2  584 38 0 -3.98 -3.83
0

0101000
+2407 3 -2411 3 *
Wi

0101100
-2410 0 +2408 0 +2406 0 +2405 0 *
Fa
0  1e-07 245 0

0101000
-2404 0 *
Ve
1e-07
0.985 -1.25 4.5
0 0

0101101
*
Ve
1e-07
0.985 -1.25 5
0 0

0101101
*
Ed
 1e-07 1 1 0
1  293 0 1.5 2
2  585 248 0 1.5 2
2  586 247 0 1.5 2
0

0101000
+2402 3 -2401 3 *
Ve
1e-07
0.835 -1.25 4.5
0 0

0101101
*
Ed
 1e-07 1 1 0
1  294 0 -3.98 -3.83
2  587 248 0 -3.98 -3.83
2  588 218 0 -3.98 -3.83
0

0101000
+2402 3 -2399 3 *
Ve
1e-07
0.835 -1.25 5
0 0

0101101
*
Ed
 1e-07 1 1 0
1  295 0 1.5 2
2  589 248 0 1.5 2
2  590 246 0 1.5 2
0

0101000
+2399 3 -2397 3 *
Ed
 1e-07 1 1 0
1  296 0 3.83 3.98
2  591 248 0 3.83 3.98
2  592 38 0 3.83 3.98
0

0101000
+2397 3 -2401 3 *
Wi

0101100
-2400 0 +2398 0 +2396 0 +2395 0 *
Fa
0  1e-07 248 0

0101000
-2394 0 *
Ve
1e-07
0.534999999999999 2.25 4.5
0 0

0101101
*
Ve
1e-07
0.534999999999999 2.25 5
0 0

0101101
*
Ed
 1e-07 1 1 0
1  297 0 1.5 2
2  593 249 0 1.5 2
2  594 250 0 1.5 2
0

0101000
+2392 3 -2391 3 *
Ve
1e-07
0.685 2.25 4.5
0 0

0101101
*
Ed
 1e-07 1 1 0
1  298 0 3.53 3.68
2  595 249 0 3.53 3.68
2  596 218 0 3.53 3.68
0

0101000
+2392 3 -2389 3 *
Ve
1e-07
0.685 2.25 5
0 0

0101101
*
Ed
 1e-07 1 1 0
1  299 0 1.5 2
2  597 249 0 1.5 2
2  598 251 0 1.5 2
0

0101000
+2389 3 -2387 3 *
Ed
 1e-07 1 1 0
1  300 0 -3.68 -3.53
2  599 249 0 -3.68 -3.53
2  600 38 0 -3.68 -3.53
0

0101000
+2387 3 -2391 3 *
Wi

0101100
-2390 0 +2388 0 +2386 0 +2385 0 *
Fa
0  1e-07 249 0

0101000
-2384 0 *
Ve
1e-07
0.685 -1.25 4.5
0 0

0101101
*
Ve
1e-07
0.685 -1.25 5
0 0

0101101
*
Ed
 1e-07 1 1 0
1  301 0 1.5 2
2  601 252 0 1.5 2
2  602 251 0 1.5 2
0

0101000
+2382 3 -2381 3 *
Ve
1e-07
0.535 -1.25 4.5
0 0

0101101
*
Ed
 1e-07 1 1 0
1  302 0 -3.68 -3.53
2  603 252 0 -3.68 -3.53
2  604 218 0 -3.68 -3.53
0

0101000
+2382 3 -2379 3 *
Ve
1e-07
0.535 -1.25 5
0 0

0101101
*
Ed
 1e-07 1 1 0
1  303 0 1.5 2
2  605 252 0 1.5 2
2  606 250 0 1.5 2
0

0101000
+2379 3 -2377 3 *
Ed
 1e-07 1 1 0
1  304 0 3.53 3.68
2  607 252 0 3.53 3.68
2  608 38 0 3.53 3.68
0

0101000
+2377 3 -2381 3 *
Wi

0101100
-2380 0 +2378 0 +2376 0 +2375 0 *
Fa
0  1e-07 252 0

0101000
-2374 0 *
Ve
1e-07
0.234999999999999 2.25 4.5
0 0

0101101
*
Ve
1e-07
0.234999999999999 2.25 5
0 0

0101101
*
Ed
 1e-07 1 1 0
1  305 0 1.5 2
2  609 253 0 1.5 2
2  610 254 0 1.5 2
0

0101000
+2372 3 -2371 3 *
Ve
1e-07
0.385 2.25 4.5
0 0

0101101
*
Ed
 1e-07 1 1 0
1  306 0 3.23 3.38
2  611 253 0 3.23 3.38
2  612 218 0 3.23 3.38
0

0101000
+2372 3 -2369 3 *
Ve
1e-07
0.385 2.25 5
0 0

0101101
*
Ed
 1e-07 1 1 0
1  307 0 1.5 2
2  613 253 0 1.5 2
2  614 255 0 1.5 2
0

0101000
+2369 3 -2367 3 *
Ed
 1e-07 1 1 0
1  308 0 -3.38 -3.23
2  615 253 0 -3.38 -3.23
2  616 38 0 -3.38 -3.23
0

0101000
+2367 3 -2371 3 *
Wi

0101100
-2370 0 +2368 0 +2366 0 +2365 0 *
Fa
0  1e-07 253 0

0101000
-2364 0 *
Ve
1e-07
0.385 -1.25 4.5
0 0

0101101
*
Ve
1e-07
0.385 -1.25 5
0 0

0101101
*
Ed
 1e-07 1 1 0
1  309 0 1.5 2
2  617 256 0 1.5 2
2  618 255 0 1.5 2
0

0101000
+2362 3 -2361 3 *
Ve
1e-07
0.235 -1.25 4.5
0 0

0101101
*
Ed
 1e-07 1 1 0
1  310 0 -3.38 -3.23
2  619 256 0 -3.38 -3.23
2  620 218 0 -3.38 -3.23
0

0101000
+2362 3 -2359 3 *
Ve
1e-07
0.235 -1.25 5
0 0

0101101
*
Ed
 1e-07 1 1 0
1  311 0 1.5 2
2  621 256 0 1.5 2
2  622 254 0 1.5 2
0

0101000
+2359 3 -2357 3 *
Ed
 1e-07 1 1 0
1  312 0 3.23 3.38
2  623 256 0 3.23 3.38
2  624 38 0 3.23 3.38
0

0101000
+2357 3 -2361 3 *
Wi

0101100
-2360 0 +2358 0 +2356 0 +2355 0 *
Fa
0  1e-07 256 0

0101000
-2354 0 *
Ve
1e-07
-0.0650000000000005 2.25 4.5
0 0

0101101
*
Ve
1e-07
-0.0650000000000005 2.25 5
0 0

0101101
*
Ed
 1e-07 1 1 0
1  313 0 1.5 2
2  625 257 0 1.5 2
2  626 258 0 1.5 2
0

0101000
+2352 3 -2351 3 *
Ve
1e-07
0.0849999999999995 2.25 4.5
0 0

0101101
*
Ed
 1e-07 1 1 0
1  314 0 2.93 3.08
2  627 257 0 2.93 3.08
2  628 218 0 2.93 3.08
0

0101000
+2352 3 -2349 3 *
Ve
1e-07
0.0849999999999995 2.25 5
0 0

0101101
*
Ed
 1e-07 1 1 0
1  315 0 1.5 2
2  629 257 0 1.5 2
2  630 259 0 1.5 2
0

0101000
+2349 3 -2347 3 *
Ed
 1e-07 1 1 0
1  316 0 -3.08 -2.93
2  631 257 0 -3.08 -2.93
2  632 38 0 -3.08 -2.93
0

0101000
+2347 3 -2351 3 *
Wi

0101100
-2350 0 +2348 0 +2346 0 +2345 0 *
Fa
0  1e-07 257 0

0101000
-2344 0 *
Ve
1e-07
0.0850000000000003 -1.25 4.5
0 0

0101101
*
Ve
1e-07
0.0850000000000003 -1.25 5
0 0

0101101
*
Ed
 1e-07 1 1 0
1  317 0 1.5 2
2  633 260 0 1.5 2
2  634 259 0 1.5 2
0

0101000
+2342 3 -2341 3 *
Ve
1e-07
-0.0649999999999997 -1.25 4.5
0 0

0101101
*
Ed
 1e-07 1 1 0
1  318 0 -3.08 -2.93
2  635 260 0 -3.08 -2.93
2  636 218 0 -3.08 -2.93
0

0101000
+2342 3 -2339 3 *
Ve
1e-07
-0.0649999999999997 -1.25 5
0 0

0101101
*
Ed
 1e-07 1 1 0
1  319 0 1.5 2
2  637 260 0 1.5 2
2  638 258 0 1.5 2
0

0101000
+2339 3 -2337 3 *
Ed
 1e-07 1 1 0
1  320 0 2.93 3.08
2  639 260 0 2.93 3.08
2  640 38 0 2.93 3.08
0

0101000
+2337 3 -2341 3 *
Wi

0101100
-2340 0 +2338 0 +2336 0 +2335 0 *
Fa
0  1e-07 260 0

0101000
-2334 0 *
Ve
1e-07
-0.365 2.25 4.5
0 0

0101101
*
Ve
1e-07
-0.365 2.25 5
0 0

0101101
*
Ed
 1e-07 1 1 0
1  321 0 1.5 2
2  641 261 0 1.5 2
2  642 262 0 1.5 2
0

0101000
+2332 3 -2331 3 *
Ve
1e-07
-0.215 2.25 4.5
0 0

0101101
*
Ed
 1e-07 1 1 0
1  322 0 2.63 2.78
2  643 261 0 2.63 2.78
2  644 218 0 2.63 2.78
0

0101000
+2332 3 -2329 3 *
Ve
1e-07
-0.215 2.25 5
0 0

0101101
*
Ed
 1e-07 1 1 0
1  323 0 1.5 2
2  645 261 0 1.5 2
2  646 263 0 1.5 2
0

0101000
+2329 3 -2327 3 *
Ed
 1e-07 1 1 0
1  324 0 -2.78 -2.63
2  647 261 0 -2.78 -2.63
2  648 38 0 -2.78 -2.63
0

0101000
+2327 3 -2331 3 *
Wi

0101100
-2330 0 +2328 0 +2326 0 +2325 0 *
Fa
0  1e-07 261 0

0101000
-2324 0 *
Ve
1e-07
-0.215 -1.25 4.5
0 0

0101101
*
Ve
1e-07
-0.215 -1.25 5
0 0

0101101
*
Ed
 1e-07 1 1 0
1  325 0 1.5 2
2  649 264 0 1.5 2
2  650 263 0 1.5 2
0

0101000
+2322 3 -2321 3 *
Ve
1e-07
-0.365 -1.25 4.5
0 0

0101101
*
Ed
 1e-07 1 1 0
1  326 0 -2.78 -2.63
2  651 264 0 -2.78 -2.63
2  652 218 0 -2.78 -2.63
0

0101000
+2322 3 -2319 3 *
Ve
1e-07
-0.365 -1.25 5
0 0

0101101
*
Ed
 1e-07 1 1 0
1  327 0 1.5 2
2  653 264 0 1.5 2
2  654 262 0 1.5 2
0

0101000
+2319 3 -2317 3 *
Ed
 1e-07 1 1 0
1  328 0 2.63 2.78
2  655 264 0 2.63 2.78
2  656 38 0 2.63 2.78
0

0101000
+2317 3 -2321 3 *
Wi

0101100
-2320 0 +2318 0 +2316 0 +2315 0 *
Fa
0  1e-07 264 0

0101000
-2314 0 *
Ve
1e-07
-0.665 2.25 4.5
0 0

0101101
*
Ve
1e-07
-0.665 2.25 5
0 0

0101101
*
Ed
 1e-07 1 1 0
1  329 0 1.5 2
2  657 265 0 1.5 2
2  658 266 0 1.5 2
0

0101000
+2312 3 -2311 3 *
Ve
1e-07
-0.515000000000001 2.25 4.5
0 0

0101101
*
Ed
 1e-07 1 1 0
1  330 0 2.33 2.48
2  659 265 0 2.33 2.48
2  660 218 0 2.33 2.48
0

0101000
+2312 3 -2309 3 *
Ve
1e-07
-0.515000000000001 2.25 5
0 0

0101101
*
Ed
 1e-07 1 1 0
1  331 0 1.5 2
2  661 265 0 1.5 2
2  662 267 0 1.5 2
0

0101000
+2309 3 -2307 3 *
Ed
 1e-07 1 1 0
1  332 0 -2.48 -2.33
2  663 265 0 -2.48 -2.33
2  664 38 0 -2.48 -2.33
0

0101000
+2307 3 -2311 3 *
Wi

0101100
-2310 0 +2308 0 +2306 0 +2305 0 *
Fa
0  1e-07 265 0

0101000
-2304 0 *
Ve
1e-07
-0.515 -1.25 4.5
0 0

0101101
*
Ve
1e-07
-0.515 -1.25 5
0 0

0101101
*
Ed
 1e-07 1 1 0
1  333 0 1.5 2
2  665 268 0 1.5 2
2  666 267 0 1.5 2
0

0101000
+2302 3 -2301 3 *
Ve
1e-07
-0.665 -1.25 4.5
0 0

0101101
*
Ed
 1e-07 1 1 0
1  334 0 -2.48 -2.33
2  667 268 0 -2.48 -2.33
2  668 218 0 -2.48 -2.33
0

0101000
+2302 3 -2299 3 *
Ve
1e-07
-0.665 -1.25 5
0 0

0101101
*
Ed
 1e-07 1 1 0
1  335 0 1.5 2
2  669 268 0 1.5 2
2  670 266 0 1.5 2
0

0101000
+2299 3 -2297 3 *
Ed
 1e-07 1 1 0
1  336 0 2.33 2.48
2  671 268 0 2.33 2.48
2  672 38 0 2.33 2.48
0

0101000
+2297 3 -2301 3 *
Wi

0101100
-2300 0 +2298 0 +2296 0 +2295 0 *
Fa
0  1e-07 268 0

0101000
-2294 0 *
Ve
1e-07
-0.965000000000001 2.25 4.5
0 0

0101101
*
Ve
1e-07
-0.965000000000001 2.25 5
0 0

0101101
*
Ed
 1e-07 1 1 0
1  337 0 1.5 2
2  673 269 0 1.5 2
2  674 270 0 1.5 2
0

0101000
+2292 3 -2291 3 *
Ve
1e-07
-0.815 2.25 4.5
0 0

0101101
*
Ed
 1e-07 1 1 0
1  338 0 2.03 2.18
2  675 269 0 2.03 2.18
2  676 218 0 2.03 2.18
0

0101000
+2292 3 -2289 3 *
Ve
1e-07
-0.815 2.25 5
0 0

0101101
*
Ed
 1e-07 1 1 0
1  339 0 1.5 2
2  677 269 0 1.5 2
2  678 271 0 1.5 2
0

0101000
+2289 3 -2287 3 *
Ed
 1e-07 1 1 0
1  340 0 -2.18 -2.03
2  679 269 0 -2.18 -2.03
2  680 38 0 -2.18 -2.03
0

0101000
+2287 3 -2291 3 *
Wi

0101100
-2290 0 +2288 0 +2286 0 +2285 0 *
Fa
0  1e-07 269 0

0101000
-2284 0 *
Ve
1e-07
-0.815 -1.25 4.5
0 0

0101101
*
Ve
1e-07
-0.815 -1.25 5
0 0

0101101
*
Ed
 1e-07 1 1 0
1  341 0 1.5 2
2  681 272 0 1.5 2
2  682 271 0 1.5 2
0

0101000
+2282 3 -2281 3 *
Ve
1e-07
-0.965 -1.25 4.5
0 0

0101101
*
Ed
 1e-07 1 1 0
1  342 0 -2.18 -2.03
2  683 272 0 -2.18 -2.03
2  684 218 0 -2.18 -2.03
0

0101000
+2282 3 -2279 3 *
Ve
1e-07
-0.965 -1.25 5
0 0

0101101
*
Ed
 1e-07 1 1 0
1  343 0 1.5 2
2  685 272 0 1.5 2
2  686 270 0 1.5 2
0

0101000
+2279 3 -2277 3 *
Ed
 1e-07 1 1 0
1  344 0 2.03 2.18
2  687 272 0 2.03 2.18
2  688 38 0 2.03 2.18
0

0101000
+2277 3 -2281 3 *
Wi

0101100
-2280 0 +2278 0 +2276 0 +2275 0 *
Fa
0  1e-07 272 0

0101000
-2274 0 *
Ve
1e-07
-1.265 2.25 4.5
0 0

0101101
*
Ve
1e-07
-1.265 2.25 5
0 0

0101101
*
Ed
 1e-07 1 1 0
1  345 0 1.5 2
2  689 273 0 1.5 2
2  690 274 0 1.5 2
0

0101000
+2272 3 -2271 3 *
Ve
1e-07
-1.115 2.25 4.5
0 0

0101101
*
Ed
 1e-07 1 1 0
1  346 0 1.73 1.88
2  691 273 0 1.73 1.88
2  692 218 0 1.73 1.88
0

0101000
+2272 3 -2269 3 *
Ve
1e-07
-1.115 2.25 5
0 0

0101101
*
Ed
 1e-07 1 1 0
1  347 0 1.5 2
2  693 273 0 1.5 2
2  694 275 0 1.5 2
0

0101000
+2269 3 -2267 3 *
Ed
 1e-07 1 1 0
1  348 0 -1.88 -1.73
2  695 273 0 -1.88 -1.73
2  696 38 0 -1.88 -1.73
0

0101000
+2267 3 -2271 3 *
Wi

0101100
-2270 0 +2268 0 +2266 0 +2265 0 *
Fa
0  1e-07 273 0

0101000
-2264 0 *
Ve
1e-07
-1.115 -1.25 4.5
0 0

0101101
*
Ve
1e-07
-1.115 -1.25 5
0 0

0101101
*
Ed
 1e-07 1 1 0
1  349 0 1.5 2
2  697 276 0 1.5 2
2  698 275 0 1.5 2
0

0101000
+2262 3 -2261 3 *
Ve
1e-07
-1.265 -1.25 4.5
0 0

0101101
*
Ed
 1e-07 1 1 0
1  350 0 -1.88 -1.73
2  699 276 0 -1.88 -1.73
2  700 218 0 -1.88 -1.73
0

0101000
+2262 3 -2259 3 *
Ve
1e-07
-1.265 -1.25 5
0 0

0101101
*
Ed
 1e-07 1 1 0
1  351 0 1.5 2
2  701 276 0 1.5 2
2  702 274 0 1.5 2
0

0101000
+2259 3 -2257 3 *
Ed
 1e-07 1 1 0
1  352 0 1.73 1.88
2  703 276 0 1.73 1.88
2  704 38 0 1.73 1.88
0

0101000
+2257 3 -2261 3 *
Wi

0101100
-2260 0 +2258 0 +2256 0 +2255 0 *
Fa
0  1e-07 276 0

0101000
-2254 0 *
Ve
1e-07
-1.565 2.25 4.5
0 0

0101101
*
Ve
1e-07
-1.565 2.25 5
0 0

0101101
*
Ed
 1e-07 1 1 0
1  353 0 1.5 2
2  705 277 0 1.5 2
2  706 278 0 1.5 2
0

0101000
+2252 3 -2251 3 *
Ve
1e-07
-1.415 2.25 4.5
0 0

0101101
*
Ed
 1e-07 1 1 0
1  354 0 1.43 1.58
2  707 277 0 1.43 1.58
2  708 218 0 1.43 1.58
0

0101000
+2252 3 -2249 3 *
Ve
1e-07
-1.415 2.25 5
0 0

0101101
*
Ed
 1e-07 1 1 0
1  355 0 1.5 2
2  709 277 0 1.5 2
2  710 279 0 1.5 2
0

0101000
+2249 3 -2247 3 *
Ed
 1e-07 1 1 0
1  356 0 -1.58 -1.43
2  711 277 0 -1.58 -1.43
2  712 38 0 -1.58 -1.43
0

0101000
+2247 3 -2251 3 *
Wi

0101100
-2250 0 +2248 0 +2246 0 +2245 0 *
Fa
0  1e-07 277 0

0101000
-2244 0 *
Ve
1e-07
-1.415 -1.25 4.5
0 0

0101101
*
Ve
1e-07
-1.415 -1.25 5
0 0

0101101
*
Ed
 1e-07 1 1 0
1  357 0 1.5 2
2  713 280 0 1.5 2
2  714 279 0 1.5 2
0

0101000
+2242 3 -2241 3 *
Ve
1e-07
-1.565 -1.25 4.5
0 0

0101101
*
Ed
 1e-07 1 1 0
1  358 0 -1.58 -1.43
2  715 280 0 -1.58 -1.43
2  716 218 0 -1.58 -1.43
0

0101000
+2242 3 -2239 3 *
Ve
1e-07
-1.565 -1.25 5
0 0

0101101
*
Ed
 1e-07 1 1 0
1  359 0 1.5 2
2  717 280 0 1.5 2
2  718 278 0 1.5 2
0

0101000
+2239 3 -2237 3 *
Ed
 1e-07 1 1 0
1  360 0 1.43 1.58
2  719 280 0 1.43 1.58
2  720 38 0 1.43 1.58
0

0101000
+2237 3 -2241 3 *
Wi

0101100
-2240 0 +2238 0 +2236 0 +2235 0 *
Fa
0  1e-07 280 0

0101000
-2234 0 *
Ve
1e-07
-1.865 2.25 4.5
0 0

0101101
*
Ve
1e-07
-1.865 2.25 5
0 0

0101101
*
Ed
 1e-07 1 1 0
1  361 0 1.5 2
2  721 281 0 1.5 2
2  722 282 0 1.5 2
0

0101000
+2232 3 -2231 3 *
Ve
1e-07
-1.715 2.25 4.5
0 0

0101101
*
Ed
 1e-07 1 1 0
1  362 0 1.13 1.28
2  723 281 0 1.13 1.28
2  724 218 0 1.13 1.28
0

0101000
+2232 3 -2229 3 *
Ve
1e-07
-1.715 2.25 5
0 0

0101101
*
Ed
 1e-07 1 1 0
1  363 0 1.5 2
2  725 281 0 1.5 2
2  726 283 0 1.5 2
0

0101000
+2229 3 -2227 3 *
Ed
 1e-07 1 1 0
1  364 0 -1.28 -1.13
2  727 281 0 -1.28 -1.13
2  728 38 0 -1.28 -1.13
0

0101000
+2227 3 -2231 3 *
Wi

0101100
-2230 0 +2228 0 +2226 0 +2225 0 *
Fa
0  1e-07 281 0

0101000
-2224 0 *
Ve
1e-07
-1.715 -1.25 4.5
0 0

0101101
*
Ve
1e-07
-1.715 -1.25 5
0 0

0101101
*
Ed
 1e-07 1 1 0
1  365 0 1.5 2
2  729 284 0 1.5 2
2  730 283 0 1.5 2
0

0101000
+2222 3 -2221 3 *
Ve
1e-07
-1.865 -1.25 4.5
0 0

0101101
*
Ed
 1e-07 1 1 0
1  366 0 -1.28 -1.13
2  731 284 0 -1.28 -1.13
2  732 218 0 -1.28 -1.13
0

0101000
+2222 3 -2219 3 *
Ve
1e-07
-1.865 -1.25 5
0 0

0101101
*
Ed
 1e-07 1 1 0
1  367 0 1.5 2
2  733 284 0 1.5 2
2  734 282 0 1.5 2
0

0101000
+2219 3 -2217 3 *
Ed
 1e-07 1 1 0
1  368 0 1.13 1.28
2  735 284 0 1.13 1.28
2  736 38 0 1.13 1.28
0

0101000
+2217 3 -2221 3 *
Wi

0101100
-2220 0 +2218 0 +2216 0 +2215 0 *
Fa
0  1e-07 284 0

0101000
-2214 0 *
Ve
1e-07
-2.165 2.25 4.5
0 0

0101101
*
Ve
1e-07
-2.165 2.25 5
0 0

0101101
*
Ed
 1e-07 1 1 0
1  369 0 1.5 2
2  737 285 0 1.5 2
2  738 286 0 1.5 2
0

0101000
+2212 3 -2211 3 *
Ve
1e-07
-2.015 2.25 4.5
0 0

0101101
*
Ed
 1e-07 1 1 0
1  370 0 0.83 0.98
2  739 285 0 0.83 0.98
2  740 218 0 0.83 0.98
0

0101000
+2212 3 -2209 3 *
Ve
1e-07
-2.015 2.25 5
0 0

0101101
*
Ed
 1e-07 1 1 0
1  371 0 1.5 2
2  741 285 0 1.5 2
2  742 287 0 1.5 2
0

0101000
+2209 3 -2207 3 *
Ed
 1e-07 1 1 0
1  372 0 -0.98 -0.83
2  743 285 0 -0.98 -0.83
2  744 38 0 -0.98 -0.83
0

0101000
+2207 3 -2211 3 *
Wi

0101100
-2210 0 +2208 0 +2206 0 +2205 0 *
Fa
0  1e-07 285 0

0101000
-2204 0 *
Ve
1e-07
-2.015 -1.25 4.5
0 0

0101101
*
Ve
1e-07
-2.015 -1.25 5
0 0

0101101
*
Ed
 1e-07 1 1 0
1  373 0 1.5 2
2  745 288 0 1.5 2
2  746 287 0 1.5 2
0

0101000
+2202 3 -2201 3 *
Ve
1e-07
-2.165 -1.25 4.5
0 0

0101101
*
Ed
 1e-07 1 1 0
1  374 0 -0.98 -0.83
2  747 288 0 -0.98 -0.83
2  748 218 0 -0.98 -0.83
0

0101000
+2202 3 -2199 3 *
Ve
1e-07
-2.165 -1.25 5
0 0

0101101
*
Ed
 1e-07 1 1 0
1  375 0 1.5 2
2  749 288 0 1.5 2
2  750 286 0 1.5 2
0

0101000
+2199 3 -2197 3 *
Ed
 1e-07 1 1 0
1  376 0 0.83 0.98
2  751 288 0 0.83 0.98
2  752 38 0 0.83 0.98
0

0101000
+2197 3 -2201 3 *
Wi

0101100
-2200 0 +2198 0 +2196 0 +2195 0 *
Fa
0  1e-07 288 0

0101000
-2194 0 *
Ve
1e-07
-2.465 2.25 4.5
0 0

0101101
*
Ve
1e-07
-2.465 2.25 5
0 0

0101101
*
Ed
 1e-07 1 1 0
1  377 0 1.5 2
2  753 289 0 1.5 2
2  754 290 0 1.5 2
0

0101000
+2192 3 -2191 3 *
Ve
1e-07
-2.315 2.25 4.5
0 0

0101101
*
Ed
 1e-07 1 1 0
1  378 0 0.53 0.68
2  755 289 0 0.53 0.68
2  756 218 0 0.53 0.68
0

0101000
+2192 3 -2189 3 *
Ve
1e-07
-2.315 2.25 5
0 0

0101101
*
Ed
 1e-07 1 1 0
1  379 0 1.5 2
2  757 289 0 1.5 2
2  758 291 0 1.5 2
0

0101000
+2189 3 -2187 3 *
Ed
 1e-07 1 1 0
1  380 0 -0.68 -0.53
2  759 289 0 -0.68 -0.53
2  760 38 0 -0.68 -0.53
0

0101000
+2187 3 -2191 3 *
Wi

0101100
-2190 0 +2188 0 +2186 0 +2185 0 *
Fa
0  1e-07 289 0

0101000
-2184 0 *
Ve
1e-07
-2.315 -1.25 4.5
0 0

0101101
*
Ve
1e-07
-2.315 -1.25 5
0 0

0101101
*
Ed
 1e-07 1 1 0
1  381 0 1.5 2
2  761 292 0 1.5 2
2  762 291 0 1.5 2
0

0101000
+2182 3 -2181 3 *
Ve
1e-07
-2.465 -1.25 4.5
0 0

0101101
*
Ed
 1e-07 1 1 0
1  382 0 -0.68 -0.53
2  763 292 0 -0.68 -0.53
2  764 218 0 -0.68 -0.53
0

0101000
+2182 3 -2179 3 *
Ve
1e-07
-2.465 -1.25 5
0 0

0101101
*
Ed
 1e-07 1 1 0
1  383 0 1.5 2
2  765 292 0 1.5 2
2  766 290 0 1.5 2
0

0101000
+2179 3 -2177 3 *
Ed
 1e-07 1 1 0
1  384 0 0.53 0.68
2  767 292 0 0.53 0.68
2  768 38 0 0.53 0.68
0

0101000
+2177 3 -2181 3 *
Wi

0101100
-2180 0 +2178 0 +2176 0 +2175 0 *
Fa
0  1e-07 292 0

0101000
-2174 0 *
Ve
1e-07
-2.765 2.25 4.5
0 0

0101101
*
Ve
1e-07
-2.765 2.25 5
0 0

0101101
*
Ed
 1e-07 1 1 0
1  385 0 1.5 2
2  769 293 0 1.5 2
2  770 294 0 1.5 2
0

0101000
+2172 3 -2171 3 *
Ve
1e-07
-2.615 2.25 4.5
0 0

0101101
*
Ed
 1e-07 1 1 0
1  386 0 0.23 0.38
2  771 293 0 0.23 0.38
2  772 218 0 0.23 0.38
0

0101000
+2172 3 -2169 3 *
Ve
1e-07
-2.615 2.25 5
0 0

0101101
*
Ed
 1e-07 1 1 0
1  387 0 1.5 2
2  773 293 0 1.5 2
2  774 295 0 1.5 2
0

0101000
+2169 3 -2167 3 *
Ed
 1e-07 1 1 0
1  388 0 -0.38 -0.23
2  775 293 0 -0.38 -0.23
2  776 38 0 -0.38 -0.23
0

0101000
+2167 3 -2171 3 *
Wi

0101100
-2170 0 +2168 0 +2166 0 +2165 0 *
Fa
0  1e-07 293 0

0101000
-2164 0 *
Ve
1e-07
-2.615 -1.25 4.5
0 0

0101101
*
Ve
1e-07
-2.615 -1.25 5
0 0

0101101
*
Ed
 1e-07 1 1 0
1  389 0 1.5 2
2  777 296 0 1.5 2
2  778 295 0 1.5 2
0

0101000
+2162 3 -2161 3 *
Ve
1e-07
-2.765 -1.25 4.5
0 0

0101101
*
Ed
 1e-07 1 1 0
1  390 0 -0.38 -0.23
2  779 296 0 -0.38 -0.23
2  780 218 0 -0.38 -0.23
0

0101000
+2162 3 -2159 3 *
Ve
1e-07
-2.765 -1.25 5
0 0

0101101
*
Ed
 1e-07 1 1 0
1  391 0 1.5 2
2  781 296 0 1.5 2
2  782 294 0 1.5 2
0

0101000
+2159 3 -2157 3 *
Ed
 1e-07 1 1 0
1  392 0 0.23 0.38
2  783 296 0 0.23 0.38
2  784 38 0 0.23 0.38
0

0101000
+2157 3 -2161 3 *
Wi

0101100
-2160 0 +2158 0 +2156 0 +2155 0 *
Fa
0  1e-07 296 0

0101000
-2154 0 *
Ve
1e-07
4.505 6.25 0
0 0

0101101
*
Ed
 1e-07 1 1 0
1  393 0 -9 -6.158312395178
2  785 39 0 -9 -6.158312395178
2  786 22 0 -9 -6.158312395178
0

0101000
+2152 3 -2937 3 *
Ve
1e-07
4.505 6.25 5
0 0

0101101
*
Ed
 1e-07 1 1 0
1  394 0 -9 -6.158312395178
2  787 39 0 -9 -6.158312395178
2  788 38 0 -9 -6.158312395178
0

0101000
+2150 3 -2939 3 *
Ed
 1e-07 1 1 0
1  395 0 -0 5
2  789 39 0 -0 5
2  790 297 0 -0 5
0

0101000
+2150 3 -2152 3 *
Wi

0101100
+2151 0 +2936 0 -2149 0 +2148 0 *
Fa
0  1e-07 39 0

0101000
-2147 0 *
Ve
1e-07
4.505 5.75 0
0 0

0101101
*
Ed
 1e-07 1 1 0
1  396 0 -0.5 -0
2  791 297 0 -0.5 -0
2  792 22 0 -0.5 -0
0

0101000
+2145 3 -2152 3 *
Ve
1e-07
4.505 5.75 5
0 0

0101101
*
Ed
 1e-07 1 1 0
1  397 0 -0.5 -0
2  793 297 0 -0.5 -0
2  794 38 0 -0.5 -0
0

0101000
+2143 3 -2150 3 *
Ed
 1e-07 1 1 0
1  398 0 -0 5
2  795 297 0 -0 5
2  796 298 0 -0 5
0

0101000
+2143 3 -2145 3 *
Wi

0101100
+2144 0 -2148 0 -2142 0 +2141 0 *
Fa
0  1e-07 297 0

0101000
-2140 0 *
Ve
1e-07
-1.653312395178 6.25 5
0 0

0101101
*
Ve
1e-07
-4.495 6.25 5
0 0

0101101
*
Ed
 1e-07 1 1 0
1  399 0 -2.841687604822 -0
2  797 299 0 -2.841687604822 -0
2  798 38 0 -2.841687604822 -0
0

0101000
+2138 3 -2137 3 *
Ve
1e-07
-1.653312395178 6.25 0
0 0

0101101
*
Ed
 1e-07 1 1 0
1  400 0 3.72727819704703 5.69749976372235
2  799 299 0 3.72727819704703 5.69749976372235
2  800 35 0 3.72727819704703 5.69749976372235
0

0101000
+2138 3 -2135 3 *
Ve
1e-07
-4.495 6.25 0
0 0

0101101
*
Ed
 1e-07 1 1 0
1  401 0 -2.841687604822 -0
2  801 299 0 -2.841687604822 -0
2  802 22 0 -2.841687604822 -0
0

0101000
+2135 3 -2133 3 *
Ed
 1e-07 1 1 0
1  402 0 -0 5
2  803 299 0 -0 5
2  804 300 0 -0 5
0

0101000
+2137 3 -2133 3 *
Wi

0101100
-2136 0 +2134 0 +2132 0 -2131 0 *
Fa
0  1e-07 299 0

0101000
-2130 0 *
Ve
1e-07
-4.495 5.75 0
0 0

0101101
*
Ed
 1e-07 1 1 0
1  403 0 0 0.5
2  805 300 0 0 0.5
2  806 22 0 0 0.5
0

0101000
+2133 3 -2128 3 *
Ve
1e-07
-4.495 5.75 5
0 0

0101101
*
Ed
 1e-07 1 1 0
1  404 0 -0 5
2  807 300 0 -0 5
2  808 99 0 -0 5
0

0101000
+2126 3 -2128 3 *
Ed
 1e-07 1 1 0
1  405 0 0 0.5
2  809 300 0 0 0.5
2  810 38 0 0 0.5
0

0101000
+2137 3 -2126 3 *
Wi

0101100
+2127 0 -2125 0 -2124 0 +2131 0 *
Fa
0  1e-07 300 0

0101000
-2123 0 *
Ed
 1e-07 1 1 0
1  406 0 0 1.5
2  811 99 0 0 1.5
2  812 22 0 0 1.5
0

0101000
+2128 3 -2804 3 *
Ed
 1e-07 1 1 0
1  407 0 0 1.5
2  813 99 0 0 1.5
2  814 38 0 0 1.5
0

0101000
+2126 3 -2806 3 *
Wi

0101100
+2121 0 -2803 0 -2120 0 +2125 0 *
Fa
0  1e-07 99 0

0101000
-2119 0 *
Ve
1e-07
-5.495 -5.15 4.5
0 0

0101101
*
Ve
1e-07
-5.495 -5.15 0.5
0 0

0101101
*
Ed
 1e-07 1 1 0
1  408 0 -4 -0
2  815 100 0 -4 -0
2  816 301 0 -4 -0
0

0101000
+2117 3 -2116 3 *
Ve
1e-07
5.505 -5.15 4.5
0 0

0101101
*
Ed
 1e-07 1 1 0
1  409 0 0 11
2  817 100 0 0 11
2  818 218 0 0 11
0

0101000
+2114 3 -2117 3 *
Ve
1e-07
5.505 -5.15 0.5
0 0

0101101
*
Ed
 1e-07 1 1 0
1  410 0 0 4
2  819 100 0 0 4
2  820 302 0 0 4
0

0101000
+2112 3 -2114 3 *
Ed
 1e-07 1 1 0
1  411 0 -11 0
2  821 100 0 -11 0
2  822 303 0 -11 0
0

0101000
+2116 3 -2112 3 *
Wi

0101100
-2115 0 -2113 0 -2111 0 -2110 0 *
Ve
1e-07
6.005 -5.15 0
0 0

0101101
*
Ed
 1e-07 1 1 0
1  412 0 -12 0
2  823 100 0 -12 0
2  824 22 0 -12 0
0

0101000
+2802 3 -2108 3 *
Ve
1e-07
6.005 -5.15 5
0 0

0101101
*
Ed
 1e-07 1 1 0
1  413 0 -0 5
2  825 100 0 -0 5
2  826 304 0 -0 5
0

0101000
+2106 3 -2108 3 *
Ed
 1e-07 1 1 0
1  414 0 -12 0
2  827 100 0 -12 0
2  828 38 0 -12 0
0

0101000
+2800 3 -2106 3 *
Wi

0101100
+2107 0 -2105 0 -2104 0 +2799 0 *
Fa
0  1e-07 100 0

0101000
-2109 0 -2103 0 *
Ve
1e-07
6.005 -3.25 5
0 0

0101101
*
Ve
1e-07
6.005 5.75 5
0 0

0101101
*
Ed
 1e-07 1 1 0
1  415 0 -9 -0
2  829 304 0 -9 -0
2  830 38 0 -9 -0
0

0101000
+2101 3 -2100 3 *
Ve
1e-07
6.005 -3.25 1
0 0

0101101
*
Ed
 1e-07 1 1 0
1  416 0 0 4
2  831 304 0 0 4
2  832 305 0 0 4
0

0101000
+2098 3 -2101 3 *
Ve
1e-07
6.005 -4.35 1
0 0

0101101
*
Ed
 1e-07 1 1 0
1  417 0 -1.1 -0
2  833 304 0 -1.1 -0
2  834 306 0 -1.1 -0
0

0101000
+2096 3 -2098 3 *
Ve
1e-07
6.005 -4.35 5
0 0

0101101
*
Ed
 1e-07 1 1 0
1  418 0 0 4
2  835 304 0 0 4
2  836 307 0 0 4
0

0101000
+2096 3 -2094 3 *
Ed
 1e-07 1 1 0
1  419 0 -10.9 -10.1
2  837 304 0 -10.9 -10.1
2  838 38 0 -10.9 -10.1
0

0101000
+2106 3 -2094 3 *
Ve
1e-07
6.005 5.75 0
0 0

0101101
*
Ed
 1e-07 1 1 0
1  420 0 -10.9 -0
2  839 304 0 -10.9 -0
2  840 22 0 -10.9 -0
0

0101000
+2108 3 -2091 3 *
Ed
 1e-07 1 1 0
1  421 0 -0 5
2  841 304 0 -0 5
2  842 298 0 -0 5
0

0101000
+2100 3 -2091 3 *
Wi

0101100
-2099 0 -2097 0 -2095 0 +2093 0 -2092 0 +2105 0 +2090 0 -2089 0 *
Fa
0  1e-07 304 0

0101000
-2088 0 *
Ed
 1e-07 1 1 0
1  422 0 -1.5 -0
2  843 298 0 -1.5 -0
2  844 22 0 -1.5 -0
0

0101000
+2091 3 -2145 3 *
Ed
 1e-07 1 1 0
1  423 0 -1.5 -0
2  845 298 0 -1.5 -0
2  846 38 0 -1.5 -0
0

0101000
+2100 3 -2143 3 *
Wi

0101100
+2086 0 -2141 0 -2085 0 +2089 0 *
Fa
0  1e-07 298 0

0101000
-2084 0 *
Ve
1e-07
3.005 5.75 5
0 0

0101101
*
Ed
 1e-07 1 1 0
1  424 0 -6 -4.658312395178
2  847 38 0 -6 -4.658312395178
2  848 37 0 -6 -4.658312395178
0

0101000
+2082 3 -2941 3 *
Ve
1e-07
3.005 3.75 5
0 0

0101101
*
Ed
 1e-07 1 1 0
1  425 0 -2 -0
2  849 38 0 -2 -0
2  850 308 0 -2 -0
0

0101000
+2080 3 -2082 3 *
Ve
1e-07
-2.995 3.75 5
0 0

0101101
*
Ed
 1e-07 1 1 0
1  426 0 0 6
2  851 38 0 0 6
2  852 309 0 0 6
0

0101000
+2078 3 -2080 3 *
Ve
1e-07
-2.995 5.75 5
0 0

0101101
*
Ed
 1e-07 1 1 0
1  427 0 0 2
2  853 38 0 0 2
2  854 310 0 0 2
0

0101000
+2076 3 -2078 3 *
Ve
1e-07
-1.653312395178 5.75 5
0 0

0101101
*
Ed
 1e-07 1 1 0
1  428 0 -1.341687604822 -0
2  855 38 0 -1.341687604822 -0
2  856 37 0 -1.341687604822 -0
0

0101000
+2074 3 -2076 3 *
Ed
 1e-07 1 1 0
1  429 0 -0.5 0
2  857 38 0 -0.5 0
2  858 35 0 -0.5 0
0

0101000
+2138 3 -2074 3 *
Ve
1e-07
-5.195 -3.25 5
0 0

0101101
*
Ed
 1e-07 1 1 0
1  430 0 -0.8 0
2  859 38 0 -0.8 0
2  860 98 0 -0.8 0
0

0101000
+2071 3 -2808 3 *
Ve
1e-07
-5.195 -4.35 5
0 0

0101101
*
Ed
 1e-07 1 1 0
1  431 0 -1.1 -0
2  861 38 0 -1.1 -0
2  862 311 0 -1.1 -0
0

0101000
+2069 3 -2071 3 *
Ed
 1e-07 1 1 0
1  432 0 0 0.8
2  863 38 0 0 0.8
2  864 101 0 0 0.8
0

0101000
+2798 3 -2069 3 *
Ve
1e-07
5.205 -4.35 5
0 0

0101101
*
Ed
 1e-07 1 1 0
1  433 0 -0.8 0
2  865 38 0 -0.8 0
2  866 307 0 -0.8 0
0

0101000
+2066 3 -2094 3 *
Ve
1e-07
5.205 -3.25 5
0 0

0101101
*
Ed
 1e-07 1 1 0
1  434 0 0 1.1
2  867 38 0 0 1.1
2  868 312 0 0 1.1
0

0101000
+2064 3 -2066 3 *
Ed
 1e-07 1 1 0
1  435 0 0 0.8
2  869 38 0 0 0.8
2  870 305 0 0 0.8
0

0101000
+2101 3 -2064 3 *
Wi

0101100
-2081 0 -2079 0 -2077 0 -2075 0 -2073 0 -2072 0 +2136 0 +2124 0 +2120 0 +2805 0 
-2070 0 -2068 0 -2067 0 +2797 0 +2104 0 +2092 0 -2065 0 -2063 0 -2062 0 +2099 0 
+2085 0 +2142 0 +2149 0 -2938 0 *
Ve
1e-07
-4.695557370188 -1.596604217864 5
0 0

0101101
*
Ve
1e-07
-5.001724423047 -1.596604217864 5
0 0

0101101
*
Ed
 1e-07 1 1 0
1  436 0 -0.306167052859 -0
2  871 38 0 -0.306167052859 -0
2  872 313 0 -0.306167052859 -0
0

0101000
+2060 3 -2059 3 *
Ve
1e-07
-4.695557370188 -2.155691879605 5
0 0

0101101
*
Ed
 1e-07 1 1 0
1  437 0 -0.559087661741 -0
2  873 38 0 -0.559087661741 -0
2  874 314 0 -0.559087661741 -0
0

0101000
+2057 3 -2060 3 *
Ve
1e-07
-5.001724423047 -2.155691879605 5
0 0

0101101
*
Ed
 1e-07 1 1 0
1  438 0 0 0.306167052859
2  875 38 0 0 0.306167052859
2  876 315 0 0 0.306167052859
0

0101000
+2055 3 -2057 3 *
Ed
 1e-07 1 1 0
1  439 0 0 0.559087661741
2  877 38 0 0 0.559087661741
2  878 316 0 0 0.559087661741
0

0101000
+2059 3 -2055 3 *
Wi

0101100
-2058 0 -2056 0 -2054 0 -2053 0 *
Ve
1e-07
-2.818620220056 -2.555040209421 5
0 0

0101101
*
Ve
1e-07
-3.297838215835 -2.555040209421 5
0 0

0101101
*
Ed
 1e-07 1 1 0
1  440 0 -0.479217995779 -0
2  879 38 0 -0.479217995779 -0
2  880 317 0 -0.479217995779 -0
0

0101000
+2051 3 -2050 3 *
Ve
1e-07
-2.818620220056 -3.340425258058 5
0 0

0101101
*
Ed
 1e-07 1 1 0
1  441 0 -0.785385048637 -0
2  881 38 0 -0.785385048637 -0
2  882 318 0 -0.785385048637 -0
0

0101000
+2048 3 -2051 3 *
Ve
1e-07
-3.297838215835 -3.340425258058 5
0 0

0101101
*
Ed
 1e-07 1 1 0
1  442 0 0 0.479217995779
2  883 38 0 0 0.479217995779
2  884 319 0 0 0.479217995779
0

0101000
+2046 3 -2048 3 *
Ed
 1e-07 1 1 0
1  443 0 0 0.785385048637
2  885 38 0 0 0.785385048637
2  886 320 0 0 0.785385048637
0

0101000
+2050 3 -2046 3 *
Wi

0101100
-2049 0 -2047 0 -2045 0 -2044 0 *
Ve
1e-07
3.307838215835 -3.340425258058 5
0 0

0101101
*
Ve
1e-07
3.307838215835 -2.555040209421 5
0 0

0101101
*
Ed
 1e-07 1 1 0
1  444 0 -0.785385048637 -0
2  887 38 0 -0.785385048637 -0
2  888 321 0 -0.785385048637 -0
0

0101000
+2042 3 -2041 3 *
Ve
1e-07
2.828620220056 -3.340425258058 5
0 0

0101101
*
Ed
 1e-07 1 1 0
1  445 0 -0.479217995779 0
2  889 38 0 -0.479217995779 0
2  890 322 0 -0.479217995779 0
0

0101000
+2039 3 -2042 3 *
Ve
1e-07
2.828620220056 -2.555040209421 5
0 0

0101101
*
Ed
 1e-07 1 1 0
1  446 0 0 0.785385048637
2  891 38 0 0 0.785385048637
2  892 323 0 0 0.785385048637
0

0101000
+2037 3 -2039 3 *
Ed
 1e-07 1 1 0
1  447 0 0 0.479217995779
2  893 38 0 0 0.479217995779
2  894 324 0 0 0.479217995779
0

0101000
+2041 3 -2037 3 *
Wi

0101100
-2040 0 -2038 0 -2036 0 -2035 0 *
Ve
1e-07
5.011724423047 -2.155691879605 5
0 0

0101101
*
Ve
1e-07
5.011724423047 -1.596604217864 5
0 0

0101101
*
Ed
 1e-07 1 1 0
1  448 0 -0.559087661741 -0
2  895 38 0 -0.559087661741 -0
2  896 325 0 -0.559087661741 -0
0

0101000
+2033 3 -2032 3 *
Ve
1e-07
4.705557370188 -2.155691879605 5
0 0

0101101
*
Ed
 1e-07 1 1 0
1  449 0 -0.306167052859 0
2  897 38 0 -0.306167052859 0
2  898 326 0 -0.306167052859 0
0

0101000
+2030 3 -2033 3 *
Ve
1e-07
4.705557370188 -1.596604217864 5
0 0

0101101
*
Ed
 1e-07 1 1 0
1  450 0 0 0.559087661741
2  899 38 0 0 0.559087661741
2  900 327 0 0 0.559087661741
0

0101000
+2028 3 -2030 3 *
Ed
 1e-07 1 1 0
1  451 0 0 0.306167052859
2  901 38 0 0 0.306167052859
2  902 328 0 0 0.306167052859
0

0101000
+2032 3 -2028 3 *
Wi

0101100
-2031 0 -2029 0 -2027 0 -2026 0 *
Ed
 1e-07 1 1 0
1  452 0 0 3.5
2  903 38 0 0 3.5
2  904 223 0 0 3.5
0

0101000
+2527 3 -2521 3 *
Ed
 1e-07 1 1 0
1  453 0 -3.5 -0
2  905 38 0 -3.5 -0
2  906 222 0 -3.5 -0
0

0101000
+2517 3 -2531 3 *
Wi

0101100
-2525 0 +2024 0 -2515 0 +2023 0 *
Ed
 1e-07 1 1 0
1  454 0 0 3.5
2  907 38 0 0 3.5
2  908 227 0 0 3.5
0

0101000
+2507 3 -2501 3 *
Ed
 1e-07 1 1 0
1  455 0 -3.5 -0
2  909 38 0 -3.5 -0
2  910 226 0 -3.5 -0
0

0101000
+2497 3 -2511 3 *
Wi

0101100
-2505 0 +2021 0 -2495 0 +2020 0 *
Ed
 1e-07 1 1 0
1  456 0 0 3.5
2  911 38 0 0 3.5
2  912 231 0 0 3.5
0

0101000
+2487 3 -2481 3 *
Ed
 1e-07 1 1 0
1  457 0 -3.5 -0
2  913 38 0 -3.5 -0
2  914 230 0 -3.5 -0
0

0101000
+2477 3 -2491 3 *
Wi

0101100
-2485 0 +2018 0 -2475 0 +2017 0 *
Ed
 1e-07 1 1 0
1  458 0 0 3.5
2  915 38 0 0 3.5
2  916 235 0 0 3.5
0

0101000
+2467 3 -2461 3 *
Ed
 1e-07 1 1 0
1  459 0 -3.5 -0
2  917 38 0 -3.5 -0
2  918 234 0 -3.5 -0
0

0101000
+2457 3 -2471 3 *
Wi

0101100
-2465 0 +2015 0 -2455 0 +2014 0 *
Ed
 1e-07 1 1 0
1  460 0 0 3.5
2  919 38 0 0 3.5
2  920 239 0 0 3.5
0

0101000
+2447 3 -2441 3 *
Ed
 1e-07 1 1 0
1  461 0 -3.5 -0
2  921 38 0 -3.5 -0
2  922 238 0 -3.5 -0
0

0101000
+2437 3 -2451 3 *
Wi

0101100
-2445 0 +2012 0 -2435 0 +2011 0 *
Ed
 1e-07 1 1 0
1  462 0 0 3.5
2  923 38 0 0 3.5
2  924 243 0 0 3.5
0

0101000
+2427 3 -2421 3 *
Ed
 1e-07 1 1 0
1  463 0 -3.5 -0
2  925 38 0 -3.5 -0
2  926 242 0 -3.5 -0
0

0101000
+2417 3 -2431 3 *
Wi

0101100
-2425 0 +2009 0 -2415 0 +2008 0 *
Ed
 1e-07 1 1 0
1  464 0 0 3.5
2  927 38 0 0 3.5
2  928 247 0 0 3.5
0

0101000
+2407 3 -2401 3 *
Ed
 1e-07 1 1 0
1  465 0 -3.5 -0
2  929 38 0 -3.5 -0
2  930 246 0 -3.5 -0
0

0101000
+2397 3 -2411 3 *
Wi

0101100
-2405 0 +2006 0 -2395 0 +2005 0 *
Ed
 1e-07 1 1 0
1  466 0 0 3.5
2  931 38 0 0 3.5
2  932 251 0 0 3.5
0

0101000
+2387 3 -2381 3 *
Ed
 1e-07 1 1 0
1  467 0 -3.5 -0
2  933 38 0 -3.5 -0
2  934 250 0 -3.5 -0
0

0101000
+2377 3 -2391 3 *
Wi

0101100
-2385 0 +2003 0 -2375 0 +2002 0 *
Ed
 1e-07 1 1 0
1  468 0 0 3.5
2  935 38 0 0 3.5
2  936 255 0 0 3.5
0

0101000
+2367 3 -2361 3 *
Ed
 1e-07 1 1 0
1  469 0 -3.5 -0
2  937 38 0 -3.5 -0
2  938 254 0 -3.5 -0
0

0101000
+2357 3 -2371 3 *
Wi

0101100
-2365 0 +2000 0 -2355 0 +1999 0 *
Ed
 1e-07 1 1 0
1  470 0 0 3.5
2  939 38 0 0 3.5
2  940 259 0 0 3.5
0

0101000
+2347 3 -2341 3 *
Ed
 1e-07 1 1 0
1  471 0 -3.5 -0
2  941 38 0 -3.5 -0
2  942 258 0 -3.5 -0
0

0101000
+2337 3 -2351 3 *
Wi

0101100
-2345 0 +1997 0 -2335 0 +1996 0 *
Ed
 1e-07 1 1 0
1  472 0 0 3.5
2  943 38 0 0 3.5
2  944 263 0 0 3.5
0

0101000
+2327 3 -2321 3 *
Ed
 1e-07 1 1 0
1  473 0 -3.5 -0
2  945 38 0 -3.5 -0
2  946 262 0 -3.5 -0
0

0101000
+2317 3 -2331 3 *
Wi

0101100
-2325 0 +1994 0 -2315 0 +1993 0 *
Ed
 1e-07 1 1 0
1  474 0 0 3.5
2  947 38 0 0 3.5
2  948 267 0 0 3.5
0

0101000
+2307 3 -2301 3 *
Ed
 1e-07 1 1 0
1  475 0 -3.5 -0
2  949 38 0 -3.5 -0
2  950 266 0 -3.5 -0
0

0101000
+2297 3 -2311 3 *
Wi

0101100
-2305 0 +1991 0 -2295 0 +1990 0 *
Ed
 1e-07 1 1 0
1  476 0 0 3.5
2  951 38 0 0 3.5
2  952 271 0 0 3.5
0

0101000
+2287 3 -2281 3 *
Ed
 1e-07 1 1 0
1  477 0 -3.5 -0
2  953 38 0 -3.5 -0
2  954 270 0 -3.5 -0
0

0101000
+2277 3 -2291 3 *
Wi

0101100
-2285 0 +1988 0 -2275 0 +1987 0 *
Ed
 1e-07 1 1 0
1  478 0 0 3.5
2  955 38 0 0 3.5
2  956 275 0 0 3.5
0

0101000
+2267 3 -2261 3 *
Ed
 1e-07 1 1 0
1  479 0 -3.5 -0
2  957 38 0 -3.5 -0
2  958 274 0 -3.5 -0
0

0101000
+2257 3 -2271 3 *
Wi

0101100
-2265 0 +1985 0 -2255 0 +1984 0 *
Ed
 1e-07 1 1 0
1  480 0 0 3.5
2  959 38 0 0 3.5
2  960 279 0 0 3.5
0

0101000
+2247 3 -2241 3 *
Ed
 1e-07 1 1 0
1  481 0 -3.5 -0
2  961 38 0 -3.5 -0
2  962 278 0 -3.5 -0
0

0101000
+2237 3 -2251 3 *
Wi

0101100
-2245 0 +1982 0 -2235 0 +1981 0 *
Ed
 1e-07 1 1 0
1  482 0 0 3.5
2  963 38 0 0 3.5
2  964 283 0 0 3.5
0

0101000
+2227 3 -2221 3 *
Ed
 1e-07 1 1 0
1  483 0 -3.5 -0
2  965 38 0 -3.5 -0
2  966 282 0 -3.5 -0
0

0101000
+2217 3 -2231 3 *
Wi

0101100
-2225 0 +1979 0 -2215 0 +1978 0 *
Ed
 1e-07 1 1 0
1  484 0 0 3.5
2  967 38 0 0 3.5
2  968 287 0 0 3.5
0

0101000
+2207 3 -2201 3 *
Ed
 1e-07 1 1 0
1  485 0 -3.5 -0
2  969 38 0 -3.5 -0
2  970 286 0 -3.5 -0
0

0101000
+2197 3 -2211 3 *
Wi

0101100
-2205 0 +1976 0 -2195 0 +1975 0 *
Ed
 1e-07 1 1 0
1  486 0 0 3.5
2  971 38 0 0 3.5
2  972 291 0 0 3.5
0

0101000
+2187 3 -2181 3 *
Ed
 1e-07 1 1 0
1  487 0 -3.5 -0
2  973 38 0 -3.5 -0
2  974 290 0 -3.5 -0
0

0101000
+2177 3 -2191 3 *
Wi

0101100
-2185 0 +1973 0 -2175 0 +1972 0 *
Ed
 1e-07 1 1 0
1  488 0 0 3.5
2  975 38 0 0 3.5
2  976 295 0 0 3.5
0

0101000
+2167 3 -2161 3 *
Ed
 1e-07 1 1 0
1  489 0 -3.5 -0
2  977 38 0 -3.5 -0
2  978 294 0 -3.5 -0
0

0101000
+2157 3 -2171 3 *
Wi

0101100
-2165 0 +1970 0 -2155 0 +1969 0 *
Ve
1e-07
-2.915 2.25 5
0 0

0101101
*
Ve
1e-07
-2.995 2.25 5
0 0

0101101
*
Ed
 1e-07 1 1 0
1  490 0 -0.0800000000000001 -0
2  979 38 0 -0.0800000000000001 -0
2  980 329 0 -0.0800000000000001 -0
0

0101000
+1967 3 -1966 3 *
Ve
1e-07
-2.915 -1.25 5
0 0

0101101
*
Ed
 1e-07 1 1 0
1  491 0 0 3.5
2  981 38 0 0 3.5
2  982 330 0 0 3.5
0

0101000
+1967 3 -1964 3 *
Ve
1e-07
-2.995 -1.25 5
0 0

0101101
*
Ed
 1e-07 1 1 0
1  492 0 0 0.0800000000000001
2  983 38 0 0 0.0800000000000001
2  984 331 0 0 0.0800000000000001
0

0101000
+1962 3 -1964 3 *
Ed
 1e-07 1 1 0
1  493 0 0 3.5
2  985 38 0 0 3.5
2  986 332 0 0 3.5
0

0101000
+1966 3 -1962 3 *
Wi

0101100
-1965 0 +1963 0 -1961 0 -1960 0 *
Ed
 1e-07 1 1 0
1  494 0 -3.5 -0
2  987 38 0 -3.5 -0
2  988 219 0 -3.5 -0
0

0101000
+2541 3 -2547 3 *
Ed
 1e-07 1 1 0
1  495 0 -3.5 -0
2  989 38 0 -3.5 -0
2  990 217 0 -3.5 -0
0

0101000
+2537 3 -2551 3 *
Wi

0101100
-2545 0 -1958 0 -2535 0 +1957 0 *
Fa
0  1e-07 38 0

0101000
+2061 0 +2052 0 +2043 0 +2034 0 +2025 0 +2022 0 +2019 0 +2016 0 +2013 0 +2010 0 
+2007 0 +2004 0 +2001 0 +1998 0 +1995 0 +1992 0 +1989 0 +1986 0 +1983 0 +1980 0 
+1977 0 +1974 0 +1971 0 +1968 0 +1959 0 +1956 0 *
Ed
 1e-07 1 1 0
1  496 0 0 3.14159265358979
2  991 22 0 0 3.14159265358979
2  992 21 0 0 3.14159265358979
0

0101000
+3000 3 -3002 3 *
Wi

0101100
-1954 0 -2999 0 *
Ed
 1e-07 1 1 0
1  497 0 0 3.14159265358979
2  993 22 0 0 3.14159265358979
2  994 23 0 0 3.14159265358979
0

0101000
+2993 3 -2995 3 *
Wi

0101100
-1952 0 -2992 0 *
Ed
 1e-07 1 1 0
1  498 0 0 3.14159265358979
2  995 22 0 0 3.14159265358979
2  996 24 0 0 3.14159265358979
0

0101000
+2986 3 -2988 3 *
Wi

0101100
-1950 0 -2985 0 *
Ed
 1e-07 1 1 0
1  499 0 0 3.14159265358979
2  997 22 0 0 3.14159265358979
2  998 25 0 0 3.14159265358979
0

0101000
+2979 3 -2981 3 *
Wi

0101100
-1948 0 -2978 0 *
Ed
 1e-07 1 1 0
1  500 0 0 3.14159265358979
2  999 22 0 0 3.14159265358979
2  1000 26 0 0 3.14159265358979
0

0101000
+2972 3 -2974 3 *
Wi

0101100
-1946 0 -2971 0 *
Ve
1e-07
-0.445000000000001 2.775 0
0 0

0101101
*
Ve
1e-07
-0.445000000000001 2.525 0
0 0

0101101
*
Ed
 1e-07 1 1 0
1  501 0 3.475 3.725
2  1001 22 0 3.475 3.725
2  1002 333 0 3.475 3.725
0

0101000
+1944 3 -1943 3 *
Ve
1e-07
0.454999999999999 2.525 0
0 0

0101101
*
Ed
 1e-07 1 1 0
1  502 0 -0.45 0.45
2  1003 22 0 -0.45 0.45
2  1004 334 0 -0.45 0.45
0

0101000
+1943 3 -1941 3 *
Ve
1e-07
0.454999999999999 2.775 0
0 0

0101101
*
Ed
 1e-07 1 1 0
1  503 0 -3.725 -3.475
2  1005 22 0 -3.725 -3.475
2  1006 335 0 -3.725 -3.475
0

0101000
+1941 3 -1939 3 *
Ed
 1e-07 1 1 0
1  504 0 -0.45 0.45
2  1007 22 0 -0.45 0.45
2  1008 336 0 -0.45 0.45
0

0101000
+1939 3 -1944 3 *
Wi

0101100
+1942 0 +1940 0 +1938 0 +1937 0 *
Ve
1e-07
-2.295 -2.15 0
0 0

0101101
*
Ve
1e-07
-2.695 -2.15 0
0 0

0101101
*
Ed
 1e-07 1 1 0
1  505 0 2.3 2.7
2  1009 22 0 2.3 2.7
2  1010 337 0 2.3 2.7
0

0101000
+1935 3 -1934 3 *
Ve
1e-07
-2.695 -3.15 0
0 0

0101101
*
Ed
 1e-07 1 1 0
1  506 0 8.4 9.4
2  1011 22 0 8.4 9.4
2  1012 338 0 8.4 9.4
0

0101000
+1934 3 -1932 3 *
Ve
1e-07
-2.295 -3.15 0
0 0

0101101
*
Ed
 1e-07 1 1 0
1  507 0 -2.7 -2.3
2  1013 22 0 -2.7 -2.3
2  1014 339 0 -2.7 -2.3
0

0101000
+1932 3 -1930 3 *
Ed
 1e-07 1 1 0
1  508 0 -9.4 -8.4
2  1015 22 0 -9.4 -8.4
2  1016 340 0 -9.4 -8.4
0

0101000
+1930 3 -1935 3 *
Wi

0101100
+1933 0 +1931 0 +1929 0 +1928 0 *
Ve
1e-07
-4.87 -2.15 0
0 0

0101101
*
Ve
1e-07
-5.12 -2.15 0
0 0

0101101
*
Ed
 1e-07 1 1 0
1  509 0 4.875 5.125
2  1017 22 0 4.875 5.125
2  1018 341 0 4.875 5.125
0

0101000
+1926 3 -1925 3 *
Ve
1e-07
-5.12 -3.15 0
0 0

0101101
*
Ed
 1e-07 1 1 0
1  510 0 8.4 9.4
2  1019 22 0 8.4 9.4
2  1020 342 0 8.4 9.4
0

0101000
+1925 3 -1923 3 *
Ve
1e-07
-4.87 -3.15 0
0 0

0101101
*
Ed
 1e-07 1 1 0
1  511 0 -5.125 -4.875
2  1021 22 0 -5.125 -4.875
2  1022 343 0 -5.125 -4.875
0

0101000
+1923 3 -1921 3 *
Ed
 1e-07 1 1 0
1  512 0 -9.4 -8.4
2  1023 22 0 -9.4 -8.4
2  1024 344 0 -9.4 -8.4
0

0101000
+1921 3 -1926 3 *
Wi

0101100
+1924 0 +1922 0 +1920 0 +1919 0 *
Ve
1e-07
5.13 -3.15 0
0 0

0101101
*
Ve
1e-07
5.13 -2.15 0
0 0

0101101
*
Ed
 1e-07 1 1 0
1  513 0 -9.4 -8.4
2  1025 22 0 -9.4 -8.4
2  1026 345 0 -9.4 -8.4
0

0101000
+1917 3 -1916 3 *
Ve
1e-07
4.88 -2.15 0
0 0

0101101
*
Ed
 1e-07 1 1 0
1  514 0 -5.125 -4.875
2  1027 22 0 -5.125 -4.875
2  1028 346 0 -5.125 -4.875
0

0101000
+1916 3 -1914 3 *
Ve
1e-07
4.88 -3.15 0
0 0

0101101
*
Ed
 1e-07 1 1 0
1  515 0 8.4 9.4
2  1029 22 0 8.4 9.4
2  1030 347 0 8.4 9.4
0

0101000
+1914 3 -1912 3 *
Ed
 1e-07 1 1 0
1  516 0 4.875 5.125
2  1031 22 0 4.875 5.125
2  1032 348 0 4.875 5.125
0

0101000
+1912 3 -1917 3 *
Wi

0101100
+1915 0 +1913 0 +1911 0 +1910 0 *
Ve
1e-07
2.705 -3.15 0
0 0

0101101
*
Ve
1e-07
2.705 -2.15 0
0 0

0101101
*
Ed
 1e-07 1 1 0
1  517 0 -9.4 -8.4
2  1033 22 0 -9.4 -8.4
2  1034 349 0 -9.4 -8.4
0

0101000
+1908 3 -1907 3 *
Ve
1e-07
2.305 -2.15 0
0 0

0101101
*
Ed
 1e-07 1 1 0
1  518 0 -2.7 -2.3
2  1035 22 0 -2.7 -2.3
2  1036 350 0 -2.7 -2.3
0

0101000
+1907 3 -1905 3 *
Ve
1e-07
2.305 -3.15 0
0 0

0101101
*
Ed
 1e-07 1 1 0
1  519 0 8.4 9.4
2  1037 22 0 8.4 9.4
2  1038 351 0 8.4 9.4
0

0101000
+1905 3 -1903 3 *
Ed
 1e-07 1 1 0
1  520 0 2.3 2.7
2  1039 22 0 2.3 2.7
2  1040 352 0 2.3 2.7
0

0101000
+1903 3 -1908 3 *
Wi

0101100
+1906 0 +1904 0 +1902 0 +1901 0 *
Ve
1e-07
-1.653312395178 5.75 0
0 0

0101101
*
Ed
 1e-07 1 1 0
1  521 0 -1.658312395178 1.658312395178
2  1041 22 0 -1.658312395178 1.658312395178
2  1042 34 0 -1.658312395178 1.658312395178
0

0101000
+2950 3 -1899 3 *
Ed
 1e-07 1 1 0
1  522 0 -0.5 0
2  1043 22 0 -0.5 0
2  1044 35 0 -0.5 0
0

0101000
+2135 3 -1899 3 *
Wi

0101100
-1898 0 +2935 0 -2151 0 -2144 0 -2086 0 -2090 0 -2107 0 -2801 0 -2121 0 -2127 0 
-2132 0 +1897 0 *
Fa
0  1e-07 22 0

0101000
-1953 0 -1951 0 -1949 0 -1947 0 -1945 0 -1936 0 -1927 0 -1918 0 -1909 0 -1900 0 
-1896 0 *
Ed
 1e-07 1 1 0
1  523 0 3.14159265358979 3.72727819704703
2  1045 34 0 3.14159265358979 3.72727819704703
2  1046 35 0 3.14159265358979 3.72727819704703
0

0101000
+2949 3 -1899 3 *
Wi

0101100
-2948 0 +1898 0 -1894 0 *
Fa
0  1e-07 34 0

0101000
-1893 0 *
Ed
 1e-07 1 1 0
1  524 0 5.69749976372235 6.28318530717959
2  1047 35 0 5.69749976372235 6.28318530717959
2  1048 37 0 5.69749976372235 6.28318530717959
0

0101000
+2074 3 -2943 3 *
Wi

0101100
-2946 0 +1894 0 -1897 0 -2134 0 +2072 0 +1891 0 +2942 0 -2556 0 *
Fa
0  1e-07 35 0

0101000
+1890 0 *
Ve
1e-07
-2.995 5.75 4.4
0 0

0101101
*
Ed
 1e-07 1 1 0
1  525 0 0 0.6
2  1049 37 0 0 0.6
2  1050 310 0 0 0.6
0

0101000
+1888 3 -2076 3 *
Ve
1e-07
3.005 5.75 4.4
0 0

0101101
*
Ed
 1e-07 1 1 0
1  526 0 -6 -0
2  1051 37 0 -6 -0
2  1052 353 0 -6 -0
0

0101000
+1886 3 -1888 3 *
Ed
 1e-07 1 1 0
1  527 0 0 0.6
2  1053 37 0 0 0.6
2  1054 308 0 0 0.6
0

0101000
+1886 3 -2082 3 *
Wi

0101100
-1891 0 +2073 0 -1887 0 -1885 0 +1884 0 +2081 0 -2940 0 *
Fa
0  1e-07 37 0

0101000
-1883 0 *
Ed
 1e-07 1 1 0
1  528 0 3.14159265358979 6.28318530717959
2  1055 29 0 3.14159265358979 6.28318530717959
2  1056 28 0 3.14159265358979 6.28318530717959
0

0101000
+2964 3 -2966 3 *
Wi

0101100
+2963 0 +1881 0 *
Wi

0101100
+2929 0 +2555 0 *
Fa
0  1e-07 29 0

0101000
+1880 0 +1879 0 *
Ed
 1e-07 1 1 0
1  529 0 0 3.14159265358979
2  1057 31 0 0 3.14159265358979
2  1058 28 0 0 3.14159265358979
0

0101000
+2967 3 -2962 3 *
Ed
 1e-07 1 1 0
1  530 0 0 3.14159265358979
2  1059 31 0 0 3.14159265358979
2  1060 32 0 0 3.14159265358979
0

0101000
+2957 3 -2955 3 *
Wi

0101100
-1877 0 -2956 0 +1876 0 +2954 0 *
Fa
0  1e-07 31 0

0101000
+1875 0 *
Wi

0101100
+1876 0 +2953 0 *
Fa
0  1e-07 32 0

0101000
+1873 0 *
Wi

0101100
+1881 0 -2965 0 +1877 0 +2961 0 *
Fa
0  1e-07 28 0

0101000
+1871 0 *
Ve
1e-07
-5.495 -3.25 1
0 0

0101101
*
Ve
1e-07
-5.495 -3.25 4.5
0 0

0101101
*
Ed
 1e-07 1 1 0
1  531 0 0 3.5
2  1061 98 0 0 3.5
2  1062 301 0 0 3.5
0

0101000
+1869 3 -1868 3 *
Ve
1e-07
-5.195 -3.25 4.5
0 0

0101101
*
Ed
 1e-07 1 1 0
1  532 0 0.5 0.8
2  1063 98 0 0.5 0.8
2  1064 218 0 0.5 0.8
0

0101000
+1868 3 -1866 3 *
Ed
 1e-07 1 1 0
1  533 0 3.5 4
2  1065 98 0 3.5 4
2  1066 311 0 3.5 4
0

0101000
+1866 3 -2071 3 *
Ed
 1e-07 1 1 0
1  534 0 -0.5 0
2  1067 98 0 -0.5 0
2  1068 97 0 -0.5 0
0

0101000
+1869 3 -2811 3 *
Wi

0101100
+1867 0 +1865 0 +1864 0 +2070 0 -2807 0 -1863 0 *
Fa
0  1e-07 98 0

0101000
-1862 0 *
Ve
1e-07
-5.195 -4.35 4.5
0 0

0101101
*
Ed
 1e-07 1 1 0
1  535 0 0 1.1
2  1069 311 0 0 1.1
2  1070 218 0 0 1.1
0

0101000
+1866 3 -1860 3 *
Ed
 1e-07 1 1 0
1  536 0 3.5 4
2  1071 311 0 3.5 4
2  1072 101 0 3.5 4
0

0101000
+1860 3 -2069 3 *
Wi

0101100
-1864 0 +1859 0 +1858 0 +2068 0 *
Fa
0  1e-07 311 0

0101000
-1857 0 *
Ve
1e-07
-5.495 -4.35 4.5
0 0

0101101
*
Ed
 1e-07 1 1 0
1  537 0 -0.8 -0.5
2  1073 101 0 -0.8 -0.5
2  1074 218 0 -0.8 -0.5
0

0101000
+1860 3 -1855 3 *
Ve
1e-07
-5.495 -4.35 1
0 0

0101101
*
Ed
 1e-07 1 1 0
1  538 0 -3.5 0
2  1075 101 0 -3.5 0
2  1076 301 0 -3.5 0
0

0101000
+1855 3 -1853 3 *
Ed
 1e-07 1 1 0
1  539 0 0 0.5
2  1077 101 0 0 0.5
2  1078 97 0 0 0.5
0

0101000
+2810 3 -1853 3 *
Wi

0101100
-1858 0 +1854 0 +1852 0 -1851 0 +2796 0 +2067 0 *
Fa
0  1e-07 101 0

0101000
-1850 0 *
Ed
 1e-07 1 1 0
1  540 0 -10.6 -9.5
2  1079 97 0 -10.6 -9.5
2  1080 301 0 -10.6 -9.5
0

0101000
+1853 3 -1869 3 *
Wi

0101100
+1851 0 +1848 0 +1863 0 +2809 0 *
Fa
0  1e-07 97 0

0101000
-1847 0 *
Ve
1e-07
5.205 -3.25 4.5
0 0

0101101
*
Ed
 1e-07 1 1 0
1  541 0 3.5 4
2  1081 305 0 3.5 4
2  1082 312 0 3.5 4
0

0101000
+1845 3 -2064 3 *
Ve
1e-07
5.505 -3.25 4.5
0 0

0101101
*
Ed
 1e-07 1 1 0
1  542 0 -0.8 -0.5
2  1083 305 0 -0.8 -0.5
2  1084 218 0 -0.8 -0.5
0

0101000
+1845 3 -1843 3 *
Ve
1e-07
5.505 -3.25 1
0 0

0101101
*
Ed
 1e-07 1 1 0
1  543 0 -3.5 0
2  1085 305 0 -3.5 0
2  1086 302 0 -3.5 0
0

0101000
+1843 3 -1841 3 *
Ed
 1e-07 1 1 0
1  544 0 0 0.5
2  1087 305 0 0 0.5
2  1088 306 0 0 0.5
0

0101000
+2098 3 -1841 3 *
Wi

0101100
-1844 0 +1842 0 +1840 0 -1839 0 +2097 0 +2062 0 *
Fa
0  1e-07 305 0

0101000
-1838 0 *
Ve
1e-07
5.505 -4.35 1
0 0

0101101
*
Ve
1e-07
5.505 -4.35 4.5
0 0

0101101
*
Ed
 1e-07 1 1 0
1  545 0 0 3.5
2  1089 307 0 0 3.5
2  1090 302 0 0 3.5
0

0101000
+1836 3 -1835 3 *
Ve
1e-07
5.205 -4.35 4.5
0 0

0101101
*
Ed
 1e-07 1 1 0
1  546 0 0.5 0.8
2  1091 307 0 0.5 0.8
2  1092 218 0 0.5 0.8
0

0101000
+1835 3 -1833 3 *
Ed
 1e-07 1 1 0
1  547 0 3.5 4
2  1093 307 0 3.5 4
2  1094 312 0 3.5 4
0

0101000
+1833 3 -2066 3 *
Ed
 1e-07 1 1 0
1  548 0 -0.5 0
2  1095 307 0 -0.5 0
2  1096 306 0 -0.5 0
0

0101000
+1836 3 -2096 3 *
Wi

0101100
+1834 0 +1832 0 +1831 0 +2065 0 -2093 0 -1830 0 *
Fa
0  1e-07 307 0

0101000
-1829 0 *
Ed
 1e-07 1 1 0
1  549 0 -1.1 0
2  1097 312 0 -1.1 0
2  1098 218 0 -1.1 0
0

0101000
+1833 3 -1845 3 *
Wi

0101100
-1831 0 +1827 0 +1844 0 +2063 0 *
Fa
0  1e-07 312 0

0101000
-1826 0 *
Ed
 1e-07 1 1 0
1  550 0 -10.6 -9.5
2  1099 306 0 -10.6 -9.5
2  1100 302 0 -10.6 -9.5
0

0101000
+1836 3 -1841 3 *
Wi

0101100
-1824 0 +1830 0 +2095 0 +1839 0 *
Fa
0  1e-07 306 0

0101000
+1823 0 *
Ve
1e-07
-2.995 2.25 4.5
0 0

0101101
*
Ed
 1e-07 1 1 0
1  551 0 1.5 2
2  1101 329 0 1.5 2
2  1102 332 0 1.5 2
0

0101000
+1821 3 -1966 3 *
Ve
1e-07
-2.915 2.25 4.5
0 0

0101101
*
Ed
 1e-07 1 1 0
1  552 0 0 0.0800000000000001
2  1103 329 0 0 0.0800000000000001
2  1104 218 0 0 0.0800000000000001
0

0101000
+1821 3 -1819 3 *
Ed
 1e-07 1 1 0
1  553 0 1.5 2
2  1105 329 0 1.5 2
2  1106 330 0 1.5 2
0

0101000
+1819 3 -1967 3 *
Wi

0101100
-1820 0 +1818 0 +1817 0 +1965 0 *
Fa
0  1e-07 329 0

0101000
-1816 0 *
Ed
 1e-07 1 1 0
1  554 0 0 3.5
2  1107 219 0 0 3.5
2  1108 218 0 0 3.5
0

0101000
+2549 3 -2542 3 *
Wi

0101100
-2546 0 +1814 0 +2540 0 +1958 0 *
Fa
0  1e-07 219 0

0101000
-1813 0 *
Ve
1e-07
-2.915 -1.25 4.5
0 0

0101101
*
Ed
 1e-07 1 1 0
1  555 0 1.5 2
2  1109 331 0 1.5 2
2  1110 330 0 1.5 2
0

0101000
+1811 3 -1964 3 *
Ve
1e-07
-2.995 -1.25 4.5
0 0

0101101
*
Ed
 1e-07 1 1 0
1  556 0 -0.0800000000000001 0
2  1111 331 0 -0.0800000000000001 0
2  1112 218 0 -0.0800000000000001 0
0

0101000
+1811 3 -1809 3 *
Ed
 1e-07 1 1 0
1  557 0 1.5 2
2  1113 331 0 1.5 2
2  1114 332 0 1.5 2
0

0101000
+1809 3 -1962 3 *
Wi

0101100
-1810 0 +1808 0 +1807 0 +1961 0 *
Fa
0  1e-07 331 0

0101000
-1806 0 *
Ed
 1e-07 1 1 0
1  558 0 -3.5 0
2  1115 332 0 -3.5 0
2  1116 218 0 -3.5 0
0

0101000
+1809 3 -1821 3 *
Wi

0101100
-1807 0 +1804 0 +1820 0 +1960 0 *
Fa
0  1e-07 332 0

0101000
-1803 0 *
Ed
 1e-07 1 1 0
1  559 0 0 3.5
2  1117 294 0 0 3.5
2  1118 218 0 0 3.5
0

0101000
+2172 3 -2159 3 *
Wi

0101100
-1801 0 +2170 0 -1969 0 -2156 0 *
Fa
0  1e-07 294 0

0101000
+1800 0 *
Ed
 1e-07 1 1 0
1  560 0 -3.5 0
2  1119 330 0 -3.5 0
2  1120 218 0 -3.5 0
0

0101000
+1811 3 -1819 3 *
Wi

0101100
-1798 0 +1810 0 -1963 0 -1817 0 *
Fa
0  1e-07 330 0

0101000
+1797 0 *
Ed
 1e-07 1 1 0
1  561 0 0 3.5
2  1121 290 0 0 3.5
2  1122 218 0 0 3.5
0

0101000
+2192 3 -2179 3 *
Wi

0101100
-1795 0 +2190 0 -1972 0 -2176 0 *
Fa
0  1e-07 290 0

0101000
+1794 0 *
Ed
 1e-07 1 1 0
1  562 0 -3.5 0
2  1123 295 0 -3.5 0
2  1124 218 0 -3.5 0
0

0101000
+2162 3 -2169 3 *
Wi

0101100
-1792 0 +2160 0 -1970 0 -2166 0 *
Fa
0  1e-07 295 0

0101000
+1791 0 *
Ed
 1e-07 1 1 0
1  563 0 0 3.5
2  1125 286 0 0 3.5
2  1126 218 0 0 3.5
0

0101000
+2212 3 -2199 3 *
Wi

0101100
-1789 0 +2210 0 -1975 0 -2196 0 *
Fa
0  1e-07 286 0

0101000
+1788 0 *
Ed
 1e-07 1 1 0
1  564 0 -3.5 0
2  1127 291 0 -3.5 0
2  1128 218 0 -3.5 0
0

0101000
+2182 3 -2189 3 *
Wi

0101100
-1786 0 +2180 0 -1973 0 -2186 0 *
Fa
0  1e-07 291 0

0101000
+1785 0 *
Ed
 1e-07 1 1 0
1  565 0 0 3.5
2  1129 282 0 0 3.5
2  1130 218 0 0 3.5
0

0101000
+2232 3 -2219 3 *
Wi

0101100
-1783 0 +2230 0 -1978 0 -2216 0 *
Fa
0  1e-07 282 0

0101000
+1782 0 *
Ed
 1e-07 1 1 0
1  566 0 -3.5 0
2  1131 287 0 -3.5 0
2  1132 218 0 -3.5 0
0

0101000
+2202 3 -2209 3 *
Wi

0101100
-1780 0 +2200 0 -1976 0 -2206 0 *
Fa
0  1e-07 287 0

0101000
+1779 0 *
Ed
 1e-07 1 1 0
1  567 0 0 3.5
2  1133 278 0 0 3.5
2  1134 218 0 0 3.5
0

0101000
+2252 3 -2239 3 *
Wi

0101100
-1777 0 +2250 0 -1981 0 -2236 0 *
Fa
0  1e-07 278 0

0101000
+1776 0 *
Ed
 1e-07 1 1 0
1  568 0 -3.5 0
2  1135 283 0 -3.5 0
2  1136 218 0 -3.5 0
0

0101000
+2222 3 -2229 3 *
Wi

0101100
-1774 0 +2220 0 -1979 0 -2226 0 *
Fa
0  1e-07 283 0

0101000
+1773 0 *
Ed
 1e-07 1 1 0
1  569 0 0 3.5
2  1137 274 0 0 3.5
2  1138 218 0 0 3.5
0

0101000
+2272 3 -2259 3 *
Wi

0101100
-1771 0 +2270 0 -1984 0 -2256 0 *
Fa
0  1e-07 274 0

0101000
+1770 0 *
Ed
 1e-07 1 1 0
1  570 0 -3.5 0
2  1139 279 0 -3.5 0
2  1140 218 0 -3.5 0
0

0101000
+2242 3 -2249 3 *
Wi

0101100
-1768 0 +2240 0 -1982 0 -2246 0 *
Fa
0  1e-07 279 0

0101000
+1767 0 *
Ed
 1e-07 1 1 0
1  571 0 0 3.5
2  1141 270 0 0 3.5
2  1142 218 0 0 3.5
0

0101000
+2292 3 -2279 3 *
Wi

0101100
-1765 0 +2290 0 -1987 0 -2276 0 *
Fa
0  1e-07 270 0

0101000
+1764 0 *
Ed
 1e-07 1 1 0
1  572 0 -3.5 0
2  1143 275 0 -3.5 0
2  1144 218 0 -3.5 0
0

0101000
+2262 3 -2269 3 *
Wi

0101100
-1762 0 +2260 0 -1985 0 -2266 0 *
Fa
0  1e-07 275 0

0101000
+1761 0 *
Ed
 1e-07 1 1 0
1  573 0 0 3.5
2  1145 266 0 0 3.5
2  1146 218 0 0 3.5
0

0101000
+2312 3 -2299 3 *
Wi

0101100
-1759 0 +2310 0 -1990 0 -2296 0 *
Fa
0  1e-07 266 0

0101000
+1758 0 *
Ed
 1e-07 1 1 0
1  574 0 -3.5 0
2  1147 271 0 -3.5 0
2  1148 218 0 -3.5 0
0

0101000
+2282 3 -2289 3 *
Wi

0101100
-1756 0 +2280 0 -1988 0 -2286 0 *
Fa
0  1e-07 271 0

0101000
+1755 0 *
Ed
 1e-07 1 1 0
1  575 0 0 3.5
2  1149 262 0 0 3.5
2  1150 218 0 0 3.5
0

0101000
+2332 3 -2319 3 *
Wi

0101100
-1753 0 +2330 0 -1993 0 -2316 0 *
Fa
0  1e-07 262 0

0101000
+1752 0 *
Ed
 1e-07 1 1 0
1  576 0 -3.5 0
2  1151 267 0 -3.5 0
2  1152 218 0 -3.5 0
0

0101000
+2302 3 -2309 3 *
Wi

0101100
-1750 0 +2300 0 -1991 0 -2306 0 *
Fa
0  1e-07 267 0

0101000
+1749 0 *
Ed
 1e-07 1 1 0
1  577 0 0 3.5
2  1153 258 0 0 3.5
2  1154 218 0 0 3.5
0

0101000
+2352 3 -2339 3 *
Wi

0101100
-1747 0 +2350 0 -1996 0 -2336 0 *
Fa
0  1e-07 258 0

0101000
+1746 0 *
Ed
 1e-07 1 1 0
1  578 0 -3.5 0
2  1155 263 0 -3.5 0
2  1156 218 0 -3.5 0
0

0101000
+2322 3 -2329 3 *
Wi

0101100
-1744 0 +2320 0 -1994 0 -2326 0 *
Fa
0  1e-07 263 0

0101000
+1743 0 *
Ed
 1e-07 1 1 0
1  579 0 0 3.5
2  1157 254 0 0 3.5
2  1158 218 0 0 3.5
0

0101000
+2372 3 -2359 3 *
Wi

0101100
-1741 0 +2370 0 -1999 0 -2356 0 *
Fa
0  1e-07 254 0

0101000
+1740 0 *
Ed
 1e-07 1 1 0
1  580 0 -3.5 0
2  1159 259 0 -3.5 0
2  1160 218 0 -3.5 0
0

0101000
+2342 3 -2349 3 *
Wi

0101100
-1738 0 +2340 0 -1997 0 -2346 0 *
Fa
0  1e-07 259 0

0101000
+1737 0 *
Ed
 1e-07 1 1 0
1  581 0 0 3.5
2  1161 250 0 0 3.5
2  1162 218 0 0 3.5
0

0101000
+2392 3 -2379 3 *
Wi

0101100
-1735 0 +2390 0 -2002 0 -2376 0 *
Fa
0  1e-07 250 0

0101000
+1734 0 *
Ed
 1e-07 1 1 0
1  582 0 -3.5 0
2  1163 255 0 -3.5 0
2  1164 218 0 -3.5 0
0

0101000
+2362 3 -2369 3 *
Wi

0101100
-1732 0 +2360 0 -2000 0 -2366 0 *
Fa
0  1e-07 255 0

0101000
+1731 0 *
Ed
 1e-07 1 1 0
1  583 0 0 3.5
2  1165 246 0 0 3.5
2  1166 218 0 0 3.5
0

0101000
+2412 3 -2399 3 *
Wi

0101100
-1729 0 +2410 0 -2005 0 -2396 0 *
Fa
0  1e-07 246 0

0101000
+1728 0 *
Ed
 1e-07 1 1 0
1  584 0 -3.5 0
2  1167 251 0 -3.5 0
2  1168 218 0 -3.5 0
0

0101000
+2382 3 -2389 3 *
Wi

0101100
-1726 0 +2380 0 -2003 0 -2386 0 *
Fa
0  1e-07 251 0

0101000
+1725 0 *
Ed
 1e-07 1 1 0
1  585 0 0 3.5
2  1169 242 0 0 3.5
2  1170 218 0 0 3.5
0

0101000
+2432 3 -2419 3 *
Wi

0101100
-1723 0 +2430 0 -2008 0 -2416 0 *
Fa
0  1e-07 242 0

0101000
+1722 0 *
Ed
 1e-07 1 1 0
1  586 0 -3.5 0
2  1171 247 0 -3.5 0
2  1172 218 0 -3.5 0
0

0101000
+2402 3 -2409 3 *
Wi

0101100
-1720 0 +2400 0 -2006 0 -2406 0 *
Fa
0  1e-07 247 0

0101000
+1719 0 *
Ed
 1e-07 1 1 0
1  587 0 0 3.5
2  1173 238 0 0 3.5
2  1174 218 0 0 3.5
0

0101000
+2452 3 -2439 3 *
Wi

0101100
-1717 0 +2450 0 -2011 0 -2436 0 *
Fa
0  1e-07 238 0

0101000
+1716 0 *
Ed
 1e-07 1 1 0
1  588 0 -3.5 0
2  1175 243 0 -3.5 0
2  1176 218 0 -3.5 0
0

0101000
+2422 3 -2429 3 *
Wi

0101100
-1714 0 +2420 0 -2009 0 -2426 0 *
Fa
0  1e-07 243 0

0101000
+1713 0 *
Ed
 1e-07 1 1 0
1  589 0 0 3.5
2  1177 234 0 0 3.5
2  1178 218 0 0 3.5
0

0101000
+2472 3 -2459 3 *
Wi

0101100
-1711 0 +2470 0 -2014 0 -2456 0 *
Fa
0  1e-07 234 0

0101000
+1710 0 *
Ed
 1e-07 1 1 0
1  590 0 -3.5 0
2  1179 239 0 -3.5 0
2  1180 218 0 -3.5 0
0

0101000
+2442 3 -2449 3 *
Wi

0101100
-1708 0 +2440 0 -2012 0 -2446 0 *
Fa
0  1e-07 239 0

0101000
+1707 0 *
Ed
 1e-07 1 1 0
1  591 0 0 3.5
2  1181 230 0 0 3.5
2  1182 218 0 0 3.5
0

0101000
+2492 3 -2479 3 *
Wi

0101100
-1705 0 +2490 0 -2017 0 -2476 0 *
Fa
0  1e-07 230 0

0101000
+1704 0 *
Ed
 1e-07 1 1 0
1  592 0 -3.5 0
2  1183 235 0 -3.5 0
2  1184 218 0 -3.5 0
0

0101000
+2462 3 -2469 3 *
Wi

0101100
-1702 0 +2460 0 -2015 0 -2466 0 *
Fa
0  1e-07 235 0

0101000
+1701 0 *
Ed
 1e-07 1 1 0
1  593 0 0 3.5
2  1185 226 0 0 3.5
2  1186 218 0 0 3.5
0

0101000
+2512 3 -2499 3 *
Wi

0101100
-1699 0 +2510 0 -2020 0 -2496 0 *
Fa
0  1e-07 226 0

0101000
+1698 0 *
Ed
 1e-07 1 1 0
1  594 0 -3.5 0
2  1187 231 0 -3.5 0
2  1188 218 0 -3.5 0
0

0101000
+2482 3 -2489 3 *
Wi

0101100
-1696 0 +2480 0 -2018 0 -2486 0 *
Fa
0  1e-07 231 0

0101000
+1695 0 *
Ed
 1e-07 1 1 0
1  595 0 0 3.5
2  1189 222 0 0 3.5
2  1190 218 0 0 3.5
0

0101000
+2532 3 -2519 3 *
Wi

0101100
-1693 0 +2530 0 -2023 0 -2516 0 *
Fa
0  1e-07 222 0

0101000
+1692 0 *
Ed
 1e-07 1 1 0
1  596 0 -3.5 0
2  1191 227 0 -3.5 0
2  1192 218 0 -3.5 0
0

0101000
+2502 3 -2509 3 *
Wi

0101100
-1690 0 +2500 0 -2021 0 -2506 0 *
Fa
0  1e-07 227 0

0101000
+1689 0 *
Ed
 1e-07 1 1 0
1  597 0 0 3.5
2  1193 217 0 0 3.5
2  1194 218 0 0 3.5
0

0101000
+2552 3 -2539 3 *
Wi

0101100
-1687 0 +2550 0 -1957 0 -2536 0 *
Fa
0  1e-07 217 0

0101000
+1686 0 *
Ed
 1e-07 1 1 0
1  598 0 -3.5 0
2  1195 223 0 -3.5 0
2  1196 218 0 -3.5 0
0

0101000
+2522 3 -2529 3 *
Wi

0101100
-1684 0 +2520 0 -2024 0 -2526 0 *
Fa
0  1e-07 223 0

0101000
+1683 0 *
Ve
1e-07
5.011724423047 -1.596604217864 4.5
0 0

0101101
*
Ed
 1e-07 1 1 0
1  599 0 1.5 2
2  1197 325 0 1.5 2
2  1198 328 0 1.5 2
0

0101000
+1681 3 -2032 3 *
Ve
1e-07
5.011724423047 -2.15 4.5
0 0

0101101
*
Ed
 1e-07 1 1 0
1  600 0 0 0.553395782136
2  1199 325 0 0 0.553395782136
2  1200 218 0 0 0.553395782136
0

0101000
+1681 3 -1679 3 *
Ve
1e-07
5.011724423047 -2.155691879605 4.5
0 0

0101101
*
Ed
 1e-07 1 1 0
1  601 0 0.553395782136 0.559087661741
2  1201 325 0 0.553395782136 0.559087661741
2  1202 354 0 0.553395782136 0.559087661741
0

0101000
+1679 3 -1677 3 *
Ed
 1e-07 1 1 0
1  602 0 1.5 2
2  1203 325 0 1.5 2
2  1204 326 0 1.5 2
0

0101000
+1677 3 -2033 3 *
Wi

0101100
-1680 0 +1678 0 +1676 0 +1675 0 +2031 0 *
Fa
0  1e-07 325 0

0101000
-1674 0 *
Ve
1e-07
4.88 -2.155691879605 4.5
0 0

0101101
*
Ed
 1e-07 1 1 0
1  603 0 0 0.131724423047
2  1205 326 0 0 0.131724423047
2  1206 354 0 0 0.131724423047
0

0101000
+1677 3 -1672 3 *
Ve
1e-07
4.705557370188 -2.155691879605 4.5
0 0

0101101
*
Ed
 1e-07 1 1 0
1  604 0 0.131724423047 0.306167052859
2  1207 326 0 0.131724423047 0.306167052859
2  1208 218 0 0.131724423047 0.306167052859
0

0101000
+1672 3 -1670 3 *
Ed
 1e-07 1 1 0
1  605 0 1.5 2
2  1209 326 0 1.5 2
2  1210 327 0 1.5 2
0

0101000
+1670 3 -2030 3 *
Wi

0101100
-1675 0 +1671 0 +1669 0 +1668 0 +2029 0 *
Fa
0  1e-07 326 0

0101000
-1667 0 *
Ve
1e-07
4.705557370188 -1.596604217864 4.5
0 0

0101101
*
Ed
 1e-07 1 1 0
1  606 0 -0.559087661741 0
2  1211 327 0 -0.559087661741 0
2  1212 218 0 -0.559087661741 0
0

0101000
+1670 3 -1665 3 *
Ed
 1e-07 1 1 0
1  607 0 1.5 2
2  1213 327 0 1.5 2
2  1214 328 0 1.5 2
0

0101000
+1665 3 -2028 3 *
Wi

0101100
-1668 0 +1664 0 +1663 0 +2027 0 *
Fa
0  1e-07 327 0

0101000
-1662 0 *
Ed
 1e-07 1 1 0
1  608 0 -0.306167052859 0
2  1215 328 0 -0.306167052859 0
2  1216 218 0 -0.306167052859 0
0

0101000
+1665 3 -1681 3 *
Wi

0101100
-1663 0 +1660 0 +1680 0 +2026 0 *
Fa
0  1e-07 328 0

0101000
-1659 0 *
Ve
1e-07
3.307838215835 -2.555040209421 4.5
0 0

0101101
*
Ed
 1e-07 1 1 0
1  609 0 1.5 2
2  1217 321 0 1.5 2
2  1218 324 0 1.5 2
0

0101000
+1657 3 -2041 3 *
Ve
1e-07
3.307838215835 -3.340425258058 4.5
0 0

0101101
*
Ed
 1e-07 1 1 0
1  610 0 0 0.785385048637
2  1219 321 0 0 0.785385048637
2  1220 218 0 0 0.785385048637
0

0101000
+1657 3 -1655 3 *
Ed
 1e-07 1 1 0
1  611 0 1.5 2
2  1221 321 0 1.5 2
2  1222 322 0 1.5 2
0

0101000
+1655 3 -2042 3 *
Wi

0101100
-1656 0 +1654 0 +1653 0 +2040 0 *
Fa
0  1e-07 321 0

0101000
-1652 0 *
Ve
1e-07
2.828620220056 -3.340425258058 4.5
0 0

0101101
*
Ed
 1e-07 1 1 0
1  612 0 0 0.479217995779
2  1223 322 0 0 0.479217995779
2  1224 218 0 0 0.479217995779
0

0101000
+1655 3 -1650 3 *
Ed
 1e-07 1 1 0
1  613 0 1.5 2
2  1225 322 0 1.5 2
2  1226 323 0 1.5 2
0

0101000
+1650 3 -2039 3 *
Wi

0101100
-1653 0 +1649 0 +1648 0 +2038 0 *
Fa
0  1e-07 322 0

0101000
-1647 0 *
Ve
1e-07
2.828620220056 -2.555040209421 4.5
0 0

0101101
*
Ed
 1e-07 1 1 0
1  614 0 -0.785385048637 0
2  1227 323 0 -0.785385048637 0
2  1228 218 0 -0.785385048637 0
0

0101000
+1650 3 -1645 3 *
Ed
 1e-07 1 1 0
1  615 0 1.5 2
2  1229 323 0 1.5 2
2  1230 324 0 1.5 2
0

0101000
+1645 3 -2037 3 *
Wi

0101100
-1648 0 +1644 0 +1643 0 +2036 0 *
Fa
0  1e-07 323 0

0101000
-1642 0 *
Ed
 1e-07 1 1 0
1  616 0 -0.479217995779 0
2  1231 324 0 -0.479217995779 0
2  1232 218 0 -0.479217995779 0
0

0101000
+1645 3 -1657 3 *
Wi

0101100
-1643 0 +1640 0 +1656 0 +2035 0 *
Fa
0  1e-07 324 0

0101000
-1639 0 *
Ve
1e-07
-3.297838215835 -2.555040209421 4.5
0 0

0101101
*
Ed
 1e-07 1 1 0
1  617 0 1.5 2
2  1233 317 0 1.5 2
2  1234 320 0 1.5 2
0

0101000
+1637 3 -2050 3 *
Ve
1e-07
-2.818620220056 -2.555040209421 4.5
0 0

0101101
*
Ed
 1e-07 1 1 0
1  618 0 0 0.479217995779
2  1235 317 0 0 0.479217995779
2  1236 218 0 0 0.479217995779
0

0101000
+1637 3 -1635 3 *
Ed
 1e-07 1 1 0
1  619 0 1.5 2
2  1237 317 0 1.5 2
2  1238 318 0 1.5 2
0

0101000
+1635 3 -2051 3 *
Wi

0101100
-1636 0 +1634 0 +1633 0 +2049 0 *
Fa
0  1e-07 317 0

0101000
-1632 0 *
Ve
1e-07
-2.818620220056 -3.340425258058 4.5
0 0

0101101
*
Ed
 1e-07 1 1 0
1  620 0 0 0.785385048637
2  1239 318 0 0 0.785385048637
2  1240 218 0 0 0.785385048637
0

0101000
+1635 3 -1630 3 *
Ed
 1e-07 1 1 0
1  621 0 1.5 2
2  1241 318 0 1.5 2
2  1242 319 0 1.5 2
0

0101000
+1630 3 -2048 3 *
Wi

0101100
-1633 0 +1629 0 +1628 0 +2047 0 *
Fa
0  1e-07 318 0

0101000
-1627 0 *
Ve
1e-07
-3.297838215835 -3.340425258058 4.5
0 0

0101101
*
Ed
 1e-07 1 1 0
1  622 0 -0.479217995779 0
2  1243 319 0 -0.479217995779 0
2  1244 218 0 -0.479217995779 0
0

0101000
+1630 3 -1625 3 *
Ed
 1e-07 1 1 0
1  623 0 1.5 2
2  1245 319 0 1.5 2
2  1246 320 0 1.5 2
0

0101000
+1625 3 -2046 3 *
Wi

0101100
-1628 0 +1624 0 +1623 0 +2045 0 *
Fa
0  1e-07 319 0

0101000
-1622 0 *
Ed
 1e-07 1 1 0
1  624 0 -0.785385048637 0
2  1247 320 0 -0.785385048637 0
2  1248 218 0 -0.785385048637 0
0

0101000
+1625 3 -1637 3 *
Wi

0101100
-1623 0 +1620 0 +1636 0 +2044 0 *
Fa
0  1e-07 320 0

0101000
-1619 0 *
Ve
1e-07
-5.001724423047 -1.596604217864 4.5
0 0

0101101
*
Ed
 1e-07 1 1 0
1  625 0 1.5 2
2  1249 313 0 1.5 2
2  1250 316 0 1.5 2
0

0101000
+1617 3 -2059 3 *
Ve
1e-07
-4.695557370188 -1.596604217864 4.5
0 0

0101101
*
Ed
 1e-07 1 1 0
1  626 0 0 0.306167052859
2  1251 313 0 0 0.306167052859
2  1252 218 0 0 0.306167052859
0

0101000
+1617 3 -1615 3 *
Ed
 1e-07 1 1 0
1  627 0 1.5 2
2  1253 313 0 1.5 2
2  1254 314 0 1.5 2
0

0101000
+1615 3 -2060 3 *
Wi

0101100
-1616 0 +1614 0 +1613 0 +2058 0 *
Fa
0  1e-07 313 0

0101000
-1612 0 *
Ve
1e-07
-4.695557370188 -2.155691879605 4.5
0 0

0101101
*
Ed
 1e-07 1 1 0
1  628 0 0 0.559087661741
2  1255 314 0 0 0.559087661741
2  1256 218 0 0 0.559087661741
0

0101000
+1615 3 -1610 3 *
Ed
 1e-07 1 1 0
1  629 0 1.5 2
2  1257 314 0 1.5 2
2  1258 315 0 1.5 2
0

0101000
+1610 3 -2057 3 *
Wi

0101100
-1613 0 +1609 0 +1608 0 +2056 0 *
Fa
0  1e-07 314 0

0101000
-1607 0 *
Ve
1e-07
-4.87 -2.155691879605 4.5
0 0

0101101
*
Ed
 1e-07 1 1 0
1  630 0 -0.306167052859 -0.131724423047
2  1259 315 0 -0.306167052859 -0.131724423047
2  1260 218 0 -0.306167052859 -0.131724423047
0

0101000
+1610 3 -1605 3 *
Ve
1e-07
-5.001724423047 -2.155691879605 4.5
0 0

0101101
*
Ed
 1e-07 1 1 0
1  631 0 -0.131724423047 0
2  1261 315 0 -0.131724423047 0
2  1262 355 0 -0.131724423047 0
0

0101000
+1605 3 -1603 3 *
Ed
 1e-07 1 1 0
1  632 0 1.5 2
2  1263 315 0 1.5 2
2  1264 316 0 1.5 2
0

0101000
+1603 3 -2055 3 *
Wi

0101100
-1608 0 +1604 0 +1602 0 +1601 0 +2054 0 *
Fa
0  1e-07 315 0

0101000
-1600 0 *
Ve
1e-07
-5.001724423047 -2.15 4.5
0 0

0101101
*
Ed
 1e-07 1 1 0
1  633 0 -0.559087661741 -0.553395782136
2  1265 316 0 -0.559087661741 -0.553395782136
2  1266 355 0 -0.559087661741 -0.553395782136
0

0101000
+1603 3 -1598 3 *
Ed
 1e-07 1 1 0
1  634 0 -0.553395782136 0
2  1267 316 0 -0.553395782136 0
2  1268 218 0 -0.553395782136 0
0

0101000
+1598 3 -1617 3 *
Wi

0101100
-1601 0 +1597 0 +1596 0 +1616 0 +2053 0 *
Fa
0  1e-07 316 0

0101000
-1595 0 *
Ed
 1e-07 1 1 0
1  635 0 9.2 10
2  1269 301 0 9.2 10
2  1270 218 0 9.2 10
0

0101000
+1855 3 -2117 3 *
Ve
1e-07
-5.495 4.85 0.5
0 0

0101101
*
Ed
 1e-07 1 1 0
1  636 0 0 10
2  1271 301 0 0 10
2  1272 303 0 0 10
0

0101000
+1592 3 -2116 3 *
Ve
1e-07
-5.495 4.85 4.5
0 0

0101101
*
Ed
 1e-07 1 1 0
1  637 0 -4 -0
2  1273 301 0 -4 -0
2  1274 356 0 -4 -0
0

0101000
+1590 3 -1592 3 *
Ed
 1e-07 1 1 0
1  638 0 0 8.1
2  1275 301 0 0 8.1
2  1276 218 0 0 8.1
0

0101000
+1590 3 -1868 3 *
Wi

0101100
-1848 0 -1852 0 +1593 0 +2115 0 -1591 0 -1589 0 +1588 0 -1867 0 *
Fa
0  1e-07 301 0

0101000
-1587 0 *
Ve
1e-07
5.505 4.85 4.5
0 0

0101101
*
Ed
 1e-07 1 1 0
1  639 0 0 8.1
2  1277 302 0 0 8.1
2  1278 218 0 0 8.1
0

0101000
+1585 3 -1843 3 *
Ve
1e-07
5.505 4.85 0.5
0 0

0101101
*
Ed
 1e-07 1 1 0
1  640 0 0 4
2  1279 302 0 0 4
2  1280 356 0 0 4
0

0101000
+1583 3 -1585 3 *
Ed
 1e-07 1 1 0
1  641 0 0 10
2  1281 302 0 0 10
2  1282 303 0 0 10
0

0101000
+1583 3 -2112 3 *
Ed
 1e-07 1 1 0
1  642 0 9.2 10
2  1283 302 0 9.2 10
2  1284 218 0 9.2 10
0

0101000
+1835 3 -2114 3 *
Wi

0101100
-1584 0 -1582 0 +1581 0 +2111 0 -1580 0 -1834 0 +1824 0 -1840 0 *
Fa
0  1e-07 302 0

0101000
-1579 0 *
Ve
1e-07
-0.445000000000001 2.525 4.5
0 0

0101101
*
Ve
1e-07
-0.445000000000001 2.775 4.5
0 0

0101101
*
Ed
 1e-07 1 1 0
1  643 0 -0.25 0
2  1285 218 0 -0.25 0
2  1286 357 0 -0.25 0
0

0101000
+1577 3 -1576 3 *
Ve
1e-07
0.454999999999999 2.525 4.5
0 0

0101101
*
Ed
 1e-07 1 1 0
1  644 0 0 0.9
2  1287 218 0 0 0.9
2  1288 358 0 0 0.9
0

0101000
+1574 3 -1577 3 *
Ve
1e-07
0.454999999999999 2.775 4.5
0 0

0101101
*
Ed
 1e-07 1 1 0
1  645 0 0 0.25
2  1289 218 0 0 0.25
2  1290 359 0 0 0.25
0

0101000
+1572 3 -1574 3 *
Ed
 1e-07 1 1 0
1  646 0 -0.9 0
2  1291 218 0 -0.9 0
2  1292 360 0 -0.9 0
0

0101000
+1576 3 -1572 3 *
Wi

0101100
-1575 0 -1573 0 -1571 0 -1570 0 *
Ve
1e-07
-2.695 -2.15 4.5
0 0

0101101
*
Ve
1e-07
-2.295 -2.15 4.5
0 0

0101101
*
Ed
 1e-07 1 1 0
1  647 0 0 0.4
2  1293 218 0 0 0.4
2  1294 361 0 0 0.4
0

0101000
+1568 3 -1567 3 *
Ve
1e-07
-2.695 -3.15 4.5
0 0

0101101
*
Ed
 1e-07 1 1 0
1  648 0 -1 -0
2  1295 218 0 -1 -0
2  1296 362 0 -1 -0
0

0101000
+1565 3 -1568 3 *
Ve
1e-07
-2.295 -3.15 4.5
0 0

0101101
*
Ed
 1e-07 1 1 0
1  649 0 -0.4 -0
2  1297 218 0 -0.4 -0
2  1298 363 0 -0.4 -0
0

0101000
+1563 3 -1565 3 *
Ed
 1e-07 1 1 0
1  650 0 0 1
2  1299 218 0 0 1
2  1300 364 0 0 1
0

0101000
+1567 3 -1563 3 *
Wi

0101100
-1566 0 -1564 0 -1562 0 -1561 0 *
Ve
1e-07
2.705 -2.15 4.5
0 0

0101101
*
Ve
1e-07
2.705 -3.15 4.5
0 0

0101101
*
Ed
 1e-07 1 1 0
1  651 0 0 1
2  1301 218 0 0 1
2  1302 365 0 0 1
0

0101000
+1559 3 -1558 3 *
Ve
1e-07
2.305 -2.15 4.5
0 0

0101101
*
Ed
 1e-07 1 1 0
1  652 0 -0.4 0
2  1303 218 0 -0.4 0
2  1304 366 0 -0.4 0
0

0101000
+1556 3 -1559 3 *
Ve
1e-07
2.305 -3.15 4.5
0 0

0101101
*
Ed
 1e-07 1 1 0
1  653 0 -1 -0
2  1305 218 0 -1 -0
2  1306 367 0 -1 -0
0

0101000
+1554 3 -1556 3 *
Ed
 1e-07 1 1 0
1  654 0 0 0.4
2  1307 218 0 0 0.4
2  1308 368 0 0 0.4
0

0101000
+1558 3 -1554 3 *
Wi

0101100
-1557 0 -1555 0 -1553 0 -1552 0 *
Wi

0101100
+1801 0 -2158 0 +1792 0 -2168 0 *
Wi

0101100
+1795 0 -2178 0 +1786 0 -2188 0 *
Wi

0101100
+1789 0 -2198 0 +1780 0 -2208 0 *
Wi

0101100
+1783 0 -2218 0 +1774 0 -2228 0 *
Wi

0101100
+1777 0 -2238 0 +1768 0 -2248 0 *
Wi

0101100
+1771 0 -2258 0 +1762 0 -2268 0 *
Wi

0101100
+1765 0 -2278 0 +1756 0 -2288 0 *
Wi

0101100
+1759 0 -2298 0 +1750 0 -2308 0 *
Wi

0101100
+1753 0 -2318 0 +1744 0 -2328 0 *
Wi

0101100
+1747 0 -2338 0 +1738 0 -2348 0 *
Wi

0101100
+1741 0 -2358 0 +1732 0 -2368 0 *
Wi

0101100
+1735 0 -2378 0 +1726 0 -2388 0 *
Wi

0101100
+1729 0 -2398 0 +1720 0 -2408 0 *
Wi

0101100
+1723 0 -2418 0 +1714 0 -2428 0 *
Wi

0101100
+1717 0 -2438 0 +1708 0 -2448 0 *
Wi

0101100
+1711 0 -2458 0 +1702 0 -2468 0 *
Wi

0101100
+1705 0 -2478 0 +1696 0 -2488 0 *
Wi

0101100
+1699 0 -2498 0 +1690 0 -2508 0 *
Wi

0101100
+1693 0 -2518 0 +1684 0 -2528 0 *
Ve
1e-07
-4.87 -3.15 4.5
0 0

0101101
*
Ve
1e-07
-5.12 -3.15 4.5
0 0

0101101
*
Ed
 1e-07 1 1 0
1  655 0 -0.25 -0
2  1309 218 0 -0.25 -0
2  1310 369 0 -0.25 -0
0

0101000
+1531 3 -1530 3 *
Ed
 1e-07 1 1 0
1  656 0 0.00569187960500006 1
2  1311 218 0 0.00569187960500006 1
2  1312 370 0 0.00569187960500006 1
0

0101000
+1605 3 -1531 3 *
Ve
1e-07
-5.12 -2.15 4.5
0 0

0101101
*
Ed
 1e-07 1 1 0
1  657 0 0 0.118275576953
2  1313 218 0 0 0.118275576953
2  1314 371 0 0 0.118275576953
0

0101000
+1527 3 -1598 3 *
Ed
 1e-07 1 1 0
1  658 0 -1 -0
2  1315 218 0 -1 -0
2  1316 372 0 -1 -0
0

0101000
+1530 3 -1527 3 *
Wi

0101100
-1529 0 -1528 0 -1604 0 -1609 0 -1614 0 -1596 0 -1526 0 -1525 0 *
Wi

0101100
-1620 0 -1624 0 -1629 0 -1634 0 *
Wi

0101100
-1640 0 -1644 0 -1649 0 -1654 0 *
Ve
1e-07
5.13 -2.15 4.5
0 0

0101101
*
Ve
1e-07
5.13 -3.15 4.5
0 0

0101101
*
Ed
 1e-07 1 1 0
1  659 0 0 1
2  1317 218 0 0 1
2  1318 373 0 0 1
0

0101000
+1521 3 -1520 3 *
Ed
 1e-07 1 1 0
1  660 0 -0.118275576953 0
2  1319 218 0 -0.118275576953 0
2  1320 374 0 -0.118275576953 0
0

0101000
+1679 3 -1521 3 *
Ve
1e-07
4.88 -3.15 4.5
0 0

0101101
*
Ed
 1e-07 1 1 0
1  661 0 -1 -0.00569187960500006
2  1321 218 0 -1 -0.00569187960500006
2  1322 375 0 -1 -0.00569187960500006
0

0101000
+1517 3 -1672 3 *
Ed
 1e-07 1 1 0
1  662 0 0 0.25
2  1323 218 0 0 0.25
2  1324 376 0 0 0.25
0

0101000
+1520 3 -1517 3 *
Wi

0101100
-1519 0 -1518 0 -1678 0 -1660 0 -1664 0 -1669 0 -1516 0 -1515 0 *
Wi

0101100
-2548 0 +1687 0 -2538 0 -1814 0 *
Wi

0101100
-1808 0 +1798 0 -1818 0 -1804 0 *
Ve
1e-07
-2.995 3.75 4.5
0 0

0101101
*
Ve
1e-07
3.005 3.75 4.5
0 0

0101101
*
Ed
 1e-07 1 1 0
1  663 0 -8.5 -2.5
2  1325 218 0 -8.5 -2.5
2  1326 309 0 -8.5 -2.5
0

0101000
+1511 3 -1510 3 *
Ve
1e-07
3.005 4.85 4.5
0 0

0101101
*
Ed
 1e-07 1 1 0
1  664 0 -1.1 0
2  1327 218 0 -1.1 0
2  1328 308 0 -1.1 0
0

0101000
+1510 3 -1508 3 *
Ed
 1e-07 1 1 0
1  665 0 0 2.5
2  1329 218 0 0 2.5
2  1330 356 0 0 2.5
0

0101000
+1585 3 -1508 3 *
Ve
1e-07
-2.995 4.85 4.5
0 0

0101101
*
Ed
 1e-07 1 1 0
1  666 0 8.5 11
2  1331 218 0 8.5 11
2  1332 356 0 8.5 11
0

0101000
+1505 3 -1590 3 *
Ed
 1e-07 1 1 0
1  667 0 0 1.1
2  1333 218 0 0 1.1
2  1334 310 0 0 1.1
0

0101000
+1505 3 -1511 3 *
Wi

0101100
+1509 0 +1507 0 -1506 0 +1584 0 -1842 0 -1827 0 -1832 0 +1580 0 +2113 0 -1593 0 
-1854 0 -1859 0 -1865 0 -1588 0 -1504 0 +1503 0 *
Fa
0  1e-07 218 0

0101000
-1569 0 -1560 0 -1551 0 -1550 0 -1549 0 -1548 0 -1547 0 -1546 0 -1545 0 -1544 0 
-1543 0 -1542 0 -1541 0 -1540 0 -1539 0 -1538 0 -1537 0 -1536 0 -1535 0 -1534 0 
-1533 0 -1532 0 -1524 0 -1523 0 -1522 0 -1514 0 -1513 0 -1512 0 -1502 0 *
Ve
1e-07
0.454999999999999 2.775 0.5
0 0

0101101
*
Ve
1e-07
0.454999999999999 2.525 0.5
0 0

0101101
*
Ed
 1e-07 1 1 0
1  668 0 2.075 2.325
2  1335 303 0 2.075 2.325
2  1336 359 0 2.075 2.325
0

0101000
+1500 3 -1499 3 *
Ve
1e-07
-0.445000000000001 2.525 0.5
0 0

0101101
*
Ed
 1e-07 1 1 0
1  669 0 5.05 5.95
2  1337 303 0 5.05 5.95
2  1338 358 0 5.05 5.95
0

0101000
+1499 3 -1497 3 *
Ve
1e-07
-0.445000000000001 2.775 0.5
0 0

0101101
*
Ed
 1e-07 1 1 0
1  670 0 -2.325 -2.075
2  1339 303 0 -2.325 -2.075
2  1340 357 0 -2.325 -2.075
0

0101000
+1497 3 -1495 3 *
Ed
 1e-07 1 1 0
1  671 0 -5.95 -5.05
2  1341 303 0 -5.95 -5.05
2  1342 360 0 -5.95 -5.05
0

0101000
+1495 3 -1500 3 *
Wi

0101100
+1498 0 +1496 0 +1494 0 +1493 0 *
Ve
1e-07
-2.295 -3.15 0.5
0 0

0101101
*
Ve
1e-07
-2.695 -3.15 0.5
0 0

0101101
*
Ed
 1e-07 1 1 0
1  672 0 7.8 8.2
2  1343 303 0 7.8 8.2
2  1344 363 0 7.8 8.2
0

0101000
+1491 3 -1490 3 *
Ve
1e-07
-2.695 -2.15 0.5
0 0

0101101
*
Ed
 1e-07 1 1 0
1  673 0 -8 -7
2  1345 303 0 -8 -7
2  1346 362 0 -8 -7
0

0101000
+1490 3 -1488 3 *
Ve
1e-07
-2.295 -2.15 0.5
0 0

0101101
*
Ed
 1e-07 1 1 0
1  674 0 -8.2 -7.8
2  1347 303 0 -8.2 -7.8
2  1348 361 0 -8.2 -7.8
0

0101000
+1488 3 -1486 3 *
Ed
 1e-07 1 1 0
1  675 0 7 8
2  1349 303 0 7 8
2  1350 364 0 7 8
0

0101000
+1486 3 -1491 3 *
Wi

0101100
+1489 0 +1487 0 +1485 0 +1484 0 *
Ve
1e-07
-4.87 -3.15 0.5
0 0

0101101
*
Ve
1e-07
-5.12 -3.15 0.5
0 0

0101101
*
Ed
 1e-07 1 1 0
1  676 0 10.375 10.625
2  1351 303 0 10.375 10.625
2  1352 369 0 10.375 10.625
0

0101000
+1482 3 -1481 3 *
Ve
1e-07
-5.12 -2.15 0.5
0 0

0101101
*
Ed
 1e-07 1 1 0
1  677 0 -8 -7
2  1353 303 0 -8 -7
2  1354 372 0 -8 -7
0

0101000
+1481 3 -1479 3 *
Ve
1e-07
-4.87 -2.15 0.5
0 0

0101101
*
Ed
 1e-07 1 1 0
1  678 0 -10.625 -10.375
2  1355 303 0 -10.625 -10.375
2  1356 371 0 -10.625 -10.375
0

0101000
+1479 3 -1477 3 *
Ed
 1e-07 1 1 0
1  679 0 7 8
2  1357 303 0 7 8
2  1358 370 0 7 8
0

0101000
+1477 3 -1482 3 *
Wi

0101100
+1480 0 +1478 0 +1476 0 +1475 0 *
Ve
1e-07
4.88 -3.15 0.5
0 0

0101101
*
Ve
1e-07
4.88 -2.15 0.5
0 0

0101101
*
Ed
 1e-07 1 1 0
1  680 0 -8 -7
2  1359 303 0 -8 -7
2  1360 375 0 -8 -7
0

0101000
+1473 3 -1472 3 *
Ve
1e-07
5.13 -2.15 0.5
0 0

0101101
*
Ed
 1e-07 1 1 0
1  681 0 -0.625 -0.375
2  1361 303 0 -0.625 -0.375
2  1362 374 0 -0.625 -0.375
0

0101000
+1472 3 -1470 3 *
Ve
1e-07
5.13 -3.15 0.5
0 0

0101101
*
Ed
 1e-07 1 1 0
1  682 0 7 8
2  1363 303 0 7 8
2  1364 373 0 7 8
0

0101000
+1470 3 -1468 3 *
Ed
 1e-07 1 1 0
1  683 0 0.375 0.625
2  1365 303 0 0.375 0.625
2  1366 376 0 0.375 0.625
0

0101000
+1468 3 -1473 3 *
Wi

0101100
+1471 0 +1469 0 +1467 0 +1466 0 *
Ve
1e-07
2.305 -3.15 0.5
0 0

0101101
*
Ve
1e-07
2.305 -2.15 0.5
0 0

0101101
*
Ed
 1e-07 1 1 0
1  684 0 -8 -7
2  1367 303 0 -8 -7
2  1368 367 0 -8 -7
0

0101000
+1464 3 -1463 3 *
Ve
1e-07
2.705 -2.15 0.5
0 0

0101101
*
Ed
 1e-07 1 1 0
1  685 0 -3.2 -2.8
2  1369 303 0 -3.2 -2.8
2  1370 366 0 -3.2 -2.8
0

0101000
+1463 3 -1461 3 *
Ve
1e-07
2.705 -3.15 0.5
0 0

0101101
*
Ed
 1e-07 1 1 0
1  686 0 7 8
2  1371 303 0 7 8
2  1372 365 0 7 8
0

0101000
+1461 3 -1459 3 *
Ed
 1e-07 1 1 0
1  687 0 2.8 3.2
2  1373 303 0 2.8 3.2
2  1374 368 0 2.8 3.2
0

0101000
+1459 3 -1464 3 *
Wi

0101100
+1462 0 +1460 0 +1458 0 +1457 0 *
Ed
 1e-07 1 1 0
1  688 0 -11 0
2  1375 303 0 -11 0
2  1376 356 0 -11 0
0

0101000
+1592 3 -1583 3 *
Wi

0101100
+2110 0 -1581 0 -1455 0 +1591 0 *
Fa
0  1e-07 303 0

0101000
-1492 0 -1483 0 -1474 0 -1465 0 -1456 0 -1454 0 *
Ve
1e-07
3.005 4.85 4.4
0 0

0101101
*
Ed
 1e-07 1 1 0
1  689 0 -2 -1.9
2  1377 356 0 -2 -1.9
2  1378 308 0 -2 -1.9
0

0101000
+1508 3 -1452 3 *
Ve
1e-07
-2.995 4.85 4.4
0 0

0101101
*
Ed
 1e-07 1 1 0
1  690 0 -3 3
2  1379 356 0 -3 3
2  1380 353 0 -3 3
0

0101000
+1452 3 -1450 3 *
Ed
 1e-07 1 1 0
1  691 0 1.9 2
2  1381 356 0 1.9 2
2  1382 310 0 1.9 2
0

0101000
+1450 3 -1505 3 *
Wi

0101100
+1506 0 +1451 0 +1449 0 +1448 0 +1504 0 +1589 0 +1455 0 +1582 0 *
Fa
0  1e-07 356 0

0101000
-1447 0 *
Ed
 1e-07 1 1 0
1  692 0 0 4
2  1383 365 0 0 4
2  1384 366 0 0 4
0

0101000
+1559 3 -1461 3 *
Ed
 1e-07 1 1 0
1  693 0 0 4
2  1385 365 0 0 4
2  1386 368 0 0 4
0

0101000
+1558 3 -1459 3 *
Wi

0101100
-1458 0 -1445 0 +1557 0 +1444 0 *
Fa
0  1e-07 365 0

0101000
+1443 0 *
Ed
 1e-07 1 1 0
1  694 0 0 4
2  1387 368 0 0 4
2  1388 367 0 0 4
0

0101000
+1554 3 -1464 3 *
Wi

0101100
-1457 0 -1444 0 +1552 0 +1441 0 *
Fa
0  1e-07 368 0

0101000
+1440 0 *
Ed
 1e-07 1 1 0
1  695 0 0 4
2  1389 367 0 0 4
2  1390 366 0 0 4
0

0101000
+1556 3 -1463 3 *
Wi

0101100
-1462 0 -1441 0 +1553 0 +1438 0 *
Fa
0  1e-07 367 0

0101000
+1437 0 *
Wi

0101100
-1460 0 -1438 0 +1555 0 +1445 0 *
Fa
0  1e-07 366 0

0101000
+1435 0 *
Ve
1e-07
2.705 -2.15 -2.6
0 0

0101101
*
Ed
 1e-07 1 1 0
1  696 0 4.5 7.1
2  1391 350 0 4.5 7.1
2  1392 349 0 4.5 7.1
0

0101000
+1907 3 -1433 3 *
Ve
1e-07
2.305 -2.15 -2.6
0 0

0101101
*
Ed
 1e-07 1 1 0
1  697 0 -0.4 -0
2  1393 350 0 -0.4 -0
2  1394 377 0 -0.4 -0
4 G1 350 0 377 0
0

0101000
+1433 3 -1431 3 *
Ed
 1e-07 1 1 0
1  698 0 4.5 7.1
2  1395 350 0 4.5 7.1
2  1396 351 0 4.5 7.1
0

0101000
+1905 3 -1431 3 *
Wi

0101100
+1432 0 +1430 0 -1429 0 -1904 0 *
Fa
0  1e-07 350 0

0101000
+1428 0 *
Ve
1e-07
2.305 -2.55 -3
0 0

0101101
*
Ed
 1e-07 1 1 0
1  699 0 4.71238898038469 6.28318530717959
2  1397 351 0 4.71238898038469 6.28318530717959
2  1398 377 0 4.71238898038469 6.28318530717959
0

0101000
+1431 3 -1426 3 *
Ve
1e-07
2.305 -2.75 -3
0 0

0101101
*
Ed
 1e-07 1 1 0
1  700 0 -0.6 -0.4
2  1399 351 0 -0.6 -0.4
2  1400 378 0 -0.6 -0.4
0

0101000
+1424 3 -1426 3 *
Ve
1e-07
2.305 -3.15 -2.6
0 0

0101101
*
Ed
 1e-07 1 1 0
1  701 0 0 1.5707963267949
2  1401 351 0 0 1.5707963267949
2  1402 379 0 0 1.5707963267949
0

0101000
+1424 3 -1422 3 *
Ed
 1e-07 1 1 0
1  702 0 4.5 7.1
2  1403 351 0 4.5 7.1
2  1404 352 0 4.5 7.1
0

0101000
+1903 3 -1422 3 *
Wi

0101100
+1429 0 +1425 0 -1423 0 +1421 0 -1420 0 -1902 0 *
Fa
0  1e-07 351 0

0101000
+1419 0 *
Ve
1e-07
2.705 -3.15 -2.6
0 0

0101101
*
Ed
 1e-07 1 1 0
1  703 0 -0.4 0
2  1405 352 0 -0.4 0
2  1406 379 0 -0.4 0
4 G1 352 0 379 0
0

0101000
+1422 3 -1417 3 *
Ed
 1e-07 1 1 0
1  704 0 4.5 7.1
2  1407 352 0 4.5 7.1
2  1408 349 0 4.5 7.1
0

0101000
+1908 3 -1417 3 *
Wi

0101100
+1420 0 +1416 0 -1415 0 -1901 0 *
Fa
0  1e-07 352 0

0101000
+1414 0 *
Ve
1e-07
2.705 -2.55 -3
0 0

0101101
*
Ve
1e-07
2.705 -2.75 -3
0 0

0101101
*
Ed
 1e-07 1 1 0
1  705 0 0.4 0.6
2  1409 349 0 0.4 0.6
2  1410 378 0 0.4 0.6
0

0101000
+1412 3 -1411 3 *
Ed
 1e-07 1 1 0
1  706 0 4.71238898038469 6.28318530717959
2  1411 349 0 4.71238898038469 6.28318530717959
2  1412 377 0 4.71238898038469 6.28318530717959
0

0101000
+1412 3 -1433 3 *
Ed
 1e-07 1 1 0
1  707 0 3.14159265358979 4.71238898038469
2  1413 349 0 3.14159265358979 4.71238898038469
2  1414 379 0 3.14159265358979 4.71238898038469
0

0101000
+1417 3 -1411 3 *
Wi

0101100
-1410 0 +1409 0 -1432 0 -1906 0 +1415 0 +1408 0 *
Fa
0  1e-07 349 0

0101000
+1407 0 *
Ed
 1e-07 1 1 0
1  708 0 -0.4 0
2  1415 378 0 -0.4 0
2  1416 377 0 -0.4 0
4 G1 378 0 377 0
0

0101000
+1426 3 -1412 3 *
Ed
 1e-07 1 1 0
1  709 0 -0.4 0
2  1417 378 0 -0.4 0
2  1418 379 0 -0.4 0
4 G1 378 0 379 0
0

0101000
+1411 3 -1424 3 *
Wi

0101100
+1423 0 +1405 0 +1410 0 +1404 0 *
Fa
0  1e-07 378 0

0101000
-1403 0 *
Ed
 1e-07 1 1 0
1  710 0 0 4
2  1419 373 0 0 4
2  1420 374 0 0 4
0

0101000
+1521 3 -1470 3 *
Ed
 1e-07 1 1 0
1  711 0 0 4
2  1421 373 0 0 4
2  1422 376 0 0 4
0

0101000
+1520 3 -1468 3 *
Wi

0101100
-1467 0 -1401 0 +1519 0 +1400 0 *
Fa
0  1e-07 373 0

0101000
+1399 0 *
Ed
 1e-07 1 1 0
1  712 0 0 4
2  1423 376 0 0 4
2  1424 375 0 0 4
0

0101000
+1517 3 -1473 3 *
Wi

0101100
-1466 0 -1400 0 +1515 0 +1397 0 *
Fa
0  1e-07 376 0

0101000
+1396 0 *
Ve
1e-07
4.88 -2.15 4.5
0 0

0101101
*
Ed
 1e-07 1 1 0
1  713 0 -0.00569187960500006 -0
2  1425 375 0 -0.00569187960500006 -0
2  1426 354 0 -0.00569187960500006 -0
0

0101000
+1672 3 -1394 3 *
Ed
 1e-07 1 1 0
1  714 0 0 4
2  1427 375 0 0 4
2  1428 374 0 0 4
0

0101000
+1394 3 -1472 3 *
Wi

0101100
-1471 0 -1397 0 +1516 0 +1393 0 +1392 0 *
Fa
0  1e-07 375 0

0101000
+1391 0 *
Ed
 1e-07 1 1 0
1  715 0 -0.25 -0.118275576953
2  1429 374 0 -0.25 -0.118275576953
2  1430 354 0 -0.25 -0.118275576953
0

0101000
+1394 3 -1679 3 *
Wi

0101100
-1469 0 -1392 0 +1389 0 +1518 0 +1401 0 *
Fa
0  1e-07 374 0

0101000
+1388 0 *
Wi

0101100
-1676 0 -1389 0 -1393 0 -1671 0 *
Fa
0  1e-07 354 0

0101000
+1386 0 *
Ve
1e-07
5.13 -2.15 -2.6
0 0

0101101
*
Ed
 1e-07 1 1 0
1  716 0 4.5 7.1
2  1431 346 0 4.5 7.1
2  1432 345 0 4.5 7.1
0

0101000
+1916 3 -1384 3 *
Ve
1e-07
4.88 -2.15 -2.6
0 0

0101101
*
Ed
 1e-07 1 1 0
1  717 0 -0.25 -0
2  1433 346 0 -0.25 -0
2  1434 380 0 -0.25 -0
4 G1 346 0 380 0
0

0101000
+1384 3 -1382 3 *
Ed
 1e-07 1 1 0
1  718 0 4.5 7.1
2  1435 346 0 4.5 7.1
2  1436 347 0 4.5 7.1
0

0101000
+1914 3 -1382 3 *
Wi

0101100
+1383 0 +1381 0 -1380 0 -1913 0 *
Fa
0  1e-07 346 0

0101000
+1379 0 *
Ve
1e-07
4.88 -2.75 -3
0 0

0101101
*
Ve
1e-07
4.88 -2.55 -3
0 0

0101101
*
Ed
 1e-07 1 1 0
1  719 0 -0.6 -0.4
2  1437 347 0 -0.6 -0.4
2  1438 381 0 -0.6 -0.4
0

0101000
+1377 3 -1376 3 *
Ve
1e-07
4.88 -3.15 -2.6
0 0

0101101
*
Ed
 1e-07 1 1 0
1  720 0 0 1.5707963267949
2  1439 347 0 0 1.5707963267949
2  1440 382 0 0 1.5707963267949
0

0101000
+1377 3 -1374 3 *
Ed
 1e-07 1 1 0
1  721 0 4.5 7.1
2  1441 347 0 4.5 7.1
2  1442 348 0 4.5 7.1
0

0101000
+1912 3 -1374 3 *
Ed
 1e-07 1 1 0
1  722 0 4.71238898038469 6.28318530717959
2  1443 347 0 4.71238898038469 6.28318530717959
2  1444 380 0 4.71238898038469 6.28318530717959
0

0101000
+1382 3 -1376 3 *
Wi

0101100
-1375 0 +1373 0 -1372 0 -1911 0 +1380 0 +1371 0 *
Fa
0  1e-07 347 0

0101000
+1370 0 *
Ve
1e-07
5.13 -3.15 -2.6
0 0

0101101
*
Ed
 1e-07 1 1 0
1  723 0 -0.25 0
2  1445 348 0 -0.25 0
2  1446 382 0 -0.25 0
4 G1 348 0 382 0
0

0101000
+1374 3 -1368 3 *
Ed
 1e-07 1 1 0
1  724 0 4.5 7.1
2  1447 348 0 4.5 7.1
2  1448 345 0 4.5 7.1
0

0101000
+1917 3 -1368 3 *
Wi

0101100
+1372 0 +1367 0 -1366 0 -1910 0 *
Fa
0  1e-07 348 0

0101000
+1365 0 *
Ve
1e-07
5.13 -2.75 -3
0 0

0101101
*
Ed
 1e-07 1 1 0
1  725 0 3.14159265358979 4.71238898038469
2  1449 345 0 3.14159265358979 4.71238898038469
2  1450 382 0 3.14159265358979 4.71238898038469
0

0101000
+1368 3 -1363 3 *
Ve
1e-07
5.13 -2.55 -3
0 0

0101101
*
Ed
 1e-07 1 1 0
1  726 0 0.4 0.6
2  1451 345 0 0.4 0.6
2  1452 381 0 0.4 0.6
0

0101000
+1361 3 -1363 3 *
Ed
 1e-07 1 1 0
1  727 0 4.71238898038469 6.28318530717959
2  1453 345 0 4.71238898038469 6.28318530717959
2  1454 380 0 4.71238898038469 6.28318530717959
0

0101000
+1361 3 -1384 3 *
Wi

0101100
+1366 0 +1362 0 -1360 0 +1359 0 -1383 0 -1915 0 *
Fa
0  1e-07 345 0

0101000
+1358 0 *
Ed
 1e-07 1 1 0
1  728 0 -0.25 0
2  1455 381 0 -0.25 0
2  1456 382 0 -0.25 0
4 G1 381 0 382 0
0

0101000
+1363 3 -1377 3 *
Ed
 1e-07 1 1 0
1  729 0 -0.25 0
2  1457 381 0 -0.25 0
2  1458 380 0 -0.25 0
4 G1 381 0 380 0
0

0101000
+1376 3 -1361 3 *
Wi

0101100
+1360 0 +1356 0 +1375 0 +1355 0 *
Fa
0  1e-07 381 0

0101000
-1354 0 *
Ed
 1e-07 1 1 0
1  730 0 0 4
2  1459 371 0 0 4
2  1460 372 0 0 4
0

0101000
+1527 3 -1479 3 *
Ve
1e-07
-4.87 -2.15 4.5
0 0

0101101
*
Ed
 1e-07 1 1 0
1  731 0 0.118275576953 0.25
2  1461 371 0 0.118275576953 0.25
2  1462 355 0 0.118275576953 0.25
0

0101000
+1598 3 -1351 3 *
Ed
 1e-07 1 1 0
1  732 0 0 4
2  1463 371 0 0 4
2  1464 370 0 0 4
0

0101000
+1351 3 -1477 3 *
Wi

0101100
-1476 0 -1352 0 +1526 0 +1350 0 +1349 0 *
Fa
0  1e-07 371 0

0101000
+1348 0 *
Ed
 1e-07 1 1 0
1  733 0 0 0.00569187960500006
2  1465 370 0 0 0.00569187960500006
2  1466 355 0 0 0.00569187960500006
0

0101000
+1351 3 -1605 3 *
Ed
 1e-07 1 1 0
1  734 0 0 4
2  1467 370 0 0 4
2  1468 369 0 0 4
0

0101000
+1531 3 -1482 3 *
Wi

0101100
-1475 0 -1349 0 +1346 0 +1528 0 +1345 0 *
Fa
0  1e-07 370 0

0101000
+1344 0 *
Ed
 1e-07 1 1 0
1  735 0 0 4
2  1469 369 0 0 4
2  1470 372 0 0 4
0

0101000
+1530 3 -1481 3 *
Wi

0101100
-1480 0 -1345 0 +1529 0 +1342 0 *
Fa
0  1e-07 369 0

0101000
+1341 0 *
Wi

0101100
-1478 0 -1342 0 +1525 0 +1352 0 *
Fa
0  1e-07 372 0

0101000
+1339 0 *
Wi

0101100
-1602 0 -1346 0 -1350 0 -1597 0 *
Fa
0  1e-07 355 0

0101000
+1337 0 *
Ve
1e-07
-5.12 -2.15 -2.6
0 0

0101101
*
Ed
 1e-07 1 1 0
1  736 0 4.5 7.1
2  1471 342 0 4.5 7.1
2  1472 341 0 4.5 7.1
0

0101000
+1925 3 -1335 3 *
Ve
1e-07
-5.12 -2.55 -3
0 0

0101101
*
Ed
 1e-07 1 1 0
1  737 0 3.14159265358979 4.71238898038469
2  1473 342 0 3.14159265358979 4.71238898038469
2  1474 383 0 3.14159265358979 4.71238898038469
0

0101000
+1335 3 -1333 3 *
Ve
1e-07
-5.12 -2.75 -3
0 0

0101101
*
Ed
 1e-07 1 1 0
1  738 0 -0.6 -0.4
2  1475 342 0 -0.6 -0.4
2  1476 384 0 -0.6 -0.4
0

0101000
+1331 3 -1333 3 *
Ve
1e-07
-5.12 -3.15 -2.6
0 0

0101101
*
Ed
 1e-07 1 1 0
1  739 0 4.71238898038469 6.28318530717959
2  1477 342 0 4.71238898038469 6.28318530717959
2  1478 385 0 4.71238898038469 6.28318530717959
0

0101000
+1331 3 -1329 3 *
Ed
 1e-07 1 1 0
1  740 0 4.5 7.1
2  1479 342 0 4.5 7.1
2  1480 343 0 4.5 7.1
0

0101000
+1923 3 -1329 3 *
Wi

0101100
+1334 0 +1332 0 -1330 0 +1328 0 -1327 0 -1922 0 *
Fa
0  1e-07 342 0

0101000
+1326 0 *
Ve
1e-07
-4.87 -3.15 -2.6
0 0

0101101
*
Ed
 1e-07 1 1 0
1  741 0 -0.25 0
2  1481 343 0 -0.25 0
2  1482 385 0 -0.25 0
4 G1 343 0 385 0
0

0101000
+1329 3 -1324 3 *
Ed
 1e-07 1 1 0
1  742 0 4.5 7.1
2  1483 343 0 4.5 7.1
2  1484 344 0 4.5 7.1
0

0101000
+1921 3 -1324 3 *
Wi

0101100
+1327 0 +1323 0 -1322 0 -1920 0 *
Fa
0  1e-07 343 0

0101000
+1321 0 *
Ve
1e-07
-4.87 -2.55 -3
0 0

0101101
*
Ve
1e-07
-4.87 -2.75 -3
0 0

0101101
*
Ed
 1e-07 1 1 0
1  743 0 0.4 0.6
2  1485 344 0 0.4 0.6
2  1486 384 0 0.4 0.6
0

0101000
+1319 3 -1318 3 *
Ve
1e-07
-4.87 -2.15 -2.6
0 0

0101101
*
Ed
 1e-07 1 1 0
1  744 0 3.14159265358979 4.71238898038469
2  1487 344 0 3.14159265358979 4.71238898038469
2  1488 383 0 3.14159265358979 4.71238898038469
0

0101000
+1319 3 -1316 3 *
Ed
 1e-07 1 1 0
1  745 0 4.5 7.1
2  1489 344 0 4.5 7.1
2  1490 341 0 4.5 7.1
0

0101000
+1926 3 -1316 3 *
Ed
 1e-07 1 1 0
1  746 0 1.5707963267949 3.14159265358979
2  1491 344 0 1.5707963267949 3.14159265358979
2  1492 385 0 1.5707963267949 3.14159265358979
0

0101000
+1324 3 -1318 3 *
Wi

0101100
-1317 0 +1315 0 -1314 0 -1919 0 +1322 0 +1313 0 *
Fa
0  1e-07 344 0

0101000
+1312 0 *
Ed
 1e-07 1 1 0
1  747 0 -0.25 -0
2  1493 341 0 -0.25 -0
2  1494 383 0 -0.25 -0
4 G1 341 0 383 0
0

0101000
+1316 3 -1335 3 *
Wi

0101100
+1314 0 +1310 0 -1334 0 -1924 0 *
Fa
0  1e-07 341 0

0101000
+1309 0 *
Ed
 1e-07 1 1 0
1  748 0 -0.25 0
2  1495 384 0 -0.25 0
2  1496 383 0 -0.25 0
4 G1 384 0 383 0
0

0101000
+1333 3 -1319 3 *
Ed
 1e-07 1 1 0
1  749 0 -0.25 0
2  1497 384 0 -0.25 0
2  1498 385 0 -0.25 0
4 G1 384 0 385 0
0

0101000
+1318 3 -1331 3 *
Wi

0101100
+1330 0 +1307 0 +1317 0 +1306 0 *
Fa
0  1e-07 384 0

0101000
-1305 0 *
Ed
 1e-07 1 1 0
1  750 0 0 4
2  1499 361 0 0 4
2  1500 362 0 0 4
0

0101000
+1568 3 -1488 3 *
Ed
 1e-07 1 1 0
1  751 0 0 4
2  1501 361 0 0 4
2  1502 364 0 0 4
0

0101000
+1567 3 -1486 3 *
Wi

0101100
-1485 0 -1303 0 +1566 0 +1302 0 *
Fa
0  1e-07 361 0

0101000
+1301 0 *
Ed
 1e-07 1 1 0
1  752 0 0 4
2  1503 364 0 0 4
2  1504 363 0 0 4
0

0101000
+1563 3 -1491 3 *
Wi

0101100
-1484 0 -1302 0 +1561 0 +1299 0 *
Fa
0  1e-07 364 0

0101000
+1298 0 *
Ed
 1e-07 1 1 0
1  753 0 0 4
2  1505 363 0 0 4
2  1506 362 0 0 4
0

0101000
+1565 3 -1490 3 *
Wi

0101100
-1489 0 -1299 0 +1562 0 +1296 0 *
Fa
0  1e-07 363 0

0101000
+1295 0 *
Wi

0101100
-1487 0 -1296 0 +1564 0 +1303 0 *
Fa
0  1e-07 362 0

0101000
+1293 0 *
Ve
1e-07
-2.695 -2.15 -2.6
0 0

0101101
*
Ed
 1e-07 1 1 0
1  754 0 4.5 7.1
2  1507 338 0 4.5 7.1
2  1508 337 0 4.5 7.1
0

0101000
+1934 3 -1291 3 *
Ve
1e-07
-2.695 -2.55 -3
0 0

0101101
*
Ed
 1e-07 1 1 0
1  755 0 3.14159265358979 4.71238898038469
2  1509 338 0 3.14159265358979 4.71238898038469
2  1510 386 0 3.14159265358979 4.71238898038469
0

0101000
+1291 3 -1289 3 *
Ve
1e-07
-2.695 -2.75 -3
0 0

0101101
*
Ed
 1e-07 1 1 0
1  756 0 -0.6 -0.4
2  1511 338 0 -0.6 -0.4
2  1512 387 0 -0.6 -0.4
0

0101000
+1287 3 -1289 3 *
Ve
1e-07
-2.695 -3.15 -2.6
0 0

0101101
*
Ed
 1e-07 1 1 0
1  757 0 4.71238898038469 6.28318530717959
2  1513 338 0 4.71238898038469 6.28318530717959
2  1514 388 0 4.71238898038469 6.28318530717959
0

0101000
+1287 3 -1285 3 *
Ed
 1e-07 1 1 0
1  758 0 4.5 7.1
2  1515 338 0 4.5 7.1
2  1516 339 0 4.5 7.1
0

0101000
+1932 3 -1285 3 *
Wi

0101100
+1290 0 +1288 0 -1286 0 +1284 0 -1283 0 -1931 0 *
Fa
0  1e-07 338 0

0101000
+1282 0 *
Ve
1e-07
-2.295 -3.15 -2.6
0 0

0101101
*
Ed
 1e-07 1 1 0
1  759 0 -0.4 0
2  1517 339 0 -0.4 0
2  1518 388 0 -0.4 0
4 G1 339 0 388 0
0

0101000
+1285 3 -1280 3 *
Ed
 1e-07 1 1 0
1  760 0 4.5 7.1
2  1519 339 0 4.5 7.1
2  1520 340 0 4.5 7.1
0

0101000
+1930 3 -1280 3 *
Wi

0101100
+1283 0 +1279 0 -1278 0 -1929 0 *
Fa
0  1e-07 339 0

0101000
+1277 0 *
Ve
1e-07
-2.295 -2.55 -3
0 0

0101101
*
Ve
1e-07
-2.295 -2.75 -3
0 0

0101101
*
Ed
 1e-07 1 1 0
1  761 0 0.4 0.6
2  1521 340 0 0.4 0.6
2  1522 387 0 0.4 0.6
0

0101000
+1275 3 -1274 3 *
Ve
1e-07
-2.295 -2.15 -2.6
0 0

0101101
*
Ed
 1e-07 1 1 0
1  762 0 3.14159265358979 4.71238898038469
2  1523 340 0 3.14159265358979 4.71238898038469
2  1524 386 0 3.14159265358979 4.71238898038469
0

0101000
+1275 3 -1272 3 *
Ed
 1e-07 1 1 0
1  763 0 4.5 7.1
2  1525 340 0 4.5 7.1
2  1526 337 0 4.5 7.1
0

0101000
+1935 3 -1272 3 *
Ed
 1e-07 1 1 0
1  764 0 1.5707963267949 3.14159265358979
2  1527 340 0 1.5707963267949 3.14159265358979
2  1528 388 0 1.5707963267949 3.14159265358979
0

0101000
+1280 3 -1274 3 *
Wi

0101100
-1273 0 +1271 0 -1270 0 -1928 0 +1278 0 +1269 0 *
Fa
0  1e-07 340 0

0101000
+1268 0 *
Ed
 1e-07 1 1 0
1  765 0 -0.4 -0
2  1529 337 0 -0.4 -0
2  1530 386 0 -0.4 -0
4 G1 337 0 386 0
0

0101000
+1272 3 -1291 3 *
Wi

0101100
+1270 0 +1266 0 -1290 0 -1933 0 *
Fa
0  1e-07 337 0

0101000
+1265 0 *
Ed
 1e-07 1 1 0
1  766 0 -0.4 0
2  1531 387 0 -0.4 0
2  1532 386 0 -0.4 0
4 G1 387 0 386 0
0

0101000
+1289 3 -1275 3 *
Ed
 1e-07 1 1 0
1  767 0 -0.4 0
2  1533 387 0 -0.4 0
2  1534 388 0 -0.4 0
4 G1 387 0 388 0
0

0101000
+1274 3 -1287 3 *
Wi

0101100
+1286 0 +1263 0 +1273 0 +1262 0 *
Fa
0  1e-07 387 0

0101000
-1261 0 *
Ed
 1e-07 1 1 0
1  768 0 0 4
2  1535 357 0 0 4
2  1536 358 0 0 4
0

0101000
+1577 3 -1497 3 *
Ed
 1e-07 1 1 0
1  769 0 0 4
2  1537 357 0 0 4
2  1538 360 0 0 4
0

0101000
+1576 3 -1495 3 *
Wi

0101100
-1494 0 -1259 0 +1575 0 +1258 0 *
Fa
0  1e-07 357 0

0101000
+1257 0 *
Ed
 1e-07 1 1 0
1  770 0 0 4
2  1539 360 0 0 4
2  1540 359 0 0 4
0

0101000
+1572 3 -1500 3 *
Wi

0101100
-1493 0 -1258 0 +1570 0 +1255 0 *
Fa
0  1e-07 360 0

0101000
+1254 0 *
Ed
 1e-07 1 1 0
1  771 0 0 4
2  1541 359 0 0 4
2  1542 358 0 0 4
0

0101000
+1574 3 -1499 3 *
Wi

0101100
-1498 0 -1255 0 +1571 0 +1252 0 *
Fa
0  1e-07 359 0

0101000
+1251 0 *
Wi

0101100
-1496 0 -1252 0 +1573 0 +1259 0 *
Fa
0  1e-07 358 0

0101000
+1249 0 *
Ve
1e-07
0.0549999999999994 2.525 -3
0 0

0101101
*
Ve
1e-07
-0.0450000000000006 2.525 -3
0 0

0101101
*
Ed
 1e-07 1 1 0
1  772 0 0.4 0.5
2  1543 334 0 0.4 0.5
2  1544 389 0 0.4 0.5
0

0101000
+1247 3 -1246 3 *
Ve
1e-07
0.454999999999999 2.525 -2.6
0 0

0101101
*
Ed
 1e-07 1 1 0
1  773 0 0 1.5707963267949
2  1545 334 0 0 1.5707963267949
2  1546 390 0 0 1.5707963267949
0

0101000
+1247 3 -1244 3 *
Ed
 1e-07 1 1 0
1  774 0 4.5 7.1
2  1547 334 0 4.5 7.1
2  1548 335 0 4.5 7.1
0

0101000
+1941 3 -1244 3 *
Ve
1e-07
-0.445000000000001 2.525 -2.6
0 0

0101101
*
Ed
 1e-07 1 1 0
1  775 0 4.5 7.1
2  1549 334 0 4.5 7.1
2  1550 333 0 4.5 7.1
0

0101000
+1943 3 -1241 3 *
Ed
 1e-07 1 1 0
1  776 0 4.71238898038469 6.28318530717959
2  1551 334 0 4.71238898038469 6.28318530717959
2  1552 391 0 4.71238898038469 6.28318530717959
0

0101000
+1241 3 -1246 3 *
Wi

0101100
-1245 0 +1243 0 -1242 0 -1940 0 +1240 0 +1239 0 *
Fa
0  1e-07 334 0

0101000
+1238 0 *
Ve
1e-07
0.454999999999999 2.775 -2.6
0 0

0101101
*
Ed
 1e-07 1 1 0
1  777 0 -0.25 0
2  1553 335 0 -0.25 0
2  1554 390 0 -0.25 0
4 G1 335 0 390 0
0

0101000
+1244 3 -1236 3 *
Ed
 1e-07 1 1 0
1  778 0 4.5 7.1
2  1555 335 0 4.5 7.1
2  1556 336 0 4.5 7.1
0

0101000
+1939 3 -1236 3 *
Wi

0101100
+1242 0 +1235 0 -1234 0 -1938 0 *
Fa
0  1e-07 335 0

0101000
+1233 0 *
Ve
1e-07
0.0549999999999994 2.775 -3
0 0

0101101
*
Ed
 1e-07 1 1 0
1  779 0 1.5707963267949 3.14159265358979
2  1557 336 0 1.5707963267949 3.14159265358979
2  1558 390 0 1.5707963267949 3.14159265358979
0

0101000
+1236 3 -1231 3 *
Ve
1e-07
-0.0450000000000006 2.775 -3
0 0

0101101
*
Ed
 1e-07 1 1 0
1  780 0 -0.5 -0.4
2  1559 336 0 -0.5 -0.4
2  1560 389 0 -0.5 -0.4
0

0101000
+1229 3 -1231 3 *
Ve
1e-07
-0.445000000000001 2.775 -2.6
0 0

0101101
*
Ed
 1e-07 1 1 0
1  781 0 3.14159265358979 4.71238898038469
2  1561 336 0 3.14159265358979 4.71238898038469
2  1562 391 0 3.14159265358979 4.71238898038469
0

0101000
+1229 3 -1227 3 *
Ed
 1e-07 1 1 0
1  782 0 4.5 7.1
2  1563 336 0 4.5 7.1
2  1564 333 0 4.5 7.1
0

0101000
+1944 3 -1227 3 *
Wi

0101100
+1234 0 +1230 0 -1228 0 +1226 0 -1225 0 -1937 0 *
Fa
0  1e-07 336 0

0101000
+1224 0 *
Ed
 1e-07 1 1 0
1  783 0 -0.25 0
2  1565 333 0 -0.25 0
2  1566 391 0 -0.25 0
4 G1 333 0 391 0
0

0101000
+1227 3 -1241 3 *
Wi

0101100
+1225 0 +1222 0 -1240 0 -1942 0 *
Fa
0  1e-07 333 0

0101000
+1221 0 *
Ed
 1e-07 1 1 0
1  784 0 -0.25 0
2  1567 389 0 -0.25 0
2  1568 390 0 -0.25 0
4 G1 389 0 390 0
0

0101000
+1231 3 -1247 3 *
Ed
 1e-07 1 1 0
1  785 0 -0.25 0
2  1569 389 0 -0.25 0
2  1570 391 0 -0.25 0
4 G1 389 0 391 0
0

0101000
+1246 3 -1229 3 *
Wi

0101100
+1228 0 +1219 0 +1245 0 +1218 0 *
Fa
0  1e-07 389 0

0101000
-1217 0 *
Wi

0101100
-1362 0 -1367 0 -1373 0 -1356 0 *
Fa
0  1e-07 382 0

0101000
+1215 0 *
Wi

0101100
-1371 0 -1381 0 -1359 0 -1355 0 *
Fa
0  1e-07 380 0

0101000
+1213 0 *
Wi

0101100
-1425 0 -1430 0 -1409 0 -1405 0 *
Fa
0  1e-07 377 0

0101000
+1211 0 *
Wi

0101100
-1408 0 -1416 0 -1421 0 -1404 0 *
Fa
0  1e-07 379 0

0101000
+1209 0 *
Wi

0101100
-1332 0 -1310 0 -1315 0 -1307 0 *
Fa
0  1e-07 383 0

0101000
+1207 0 *
Wi

0101100
-1313 0 -1323 0 -1328 0 -1306 0 *
Fa
0  1e-07 385 0

0101000
+1205 0 *
Wi

0101100
-1288 0 -1266 0 -1271 0 -1263 0 *
Fa
0  1e-07 386 0

0101000
+1203 0 *
Wi

0101100
-1269 0 -1279 0 -1284 0 -1262 0 *
Fa
0  1e-07 388 0

0101000
+1201 0 *
Wi

0101100
-1230 0 -1235 0 -1243 0 -1219 0 *
Fa
0  1e-07 390 0

0101000
+1199 0 *
Wi

0101100
-1239 0 -1222 0 -1226 0 -1218 0 *
Fa
0  1e-07 391 0

0101000
+1197 0 *
Ed
 1e-07 1 1 0
1  786 0 0 3.14159265358979
2  1571 26 0 0 3.14159265358979
2  1572 19 0 0 3.14159265358979
0

0101000
+3009 3 -3007 3 *
Wi

0101100
-2973 0 +1195 0 +2970 0 +1946 0 *
Fa
0  1e-07 26 0

0101000
+1194 0 *
Ed
 1e-07 1 1 0
1  787 0 3.14159265358979 6.28318530717959
2  1573 18 0 3.14159265358979 6.28318530717959
2  1574 19 0 3.14159265358979 6.28318530717959
0

0101000
+3011 3 -3012 3 *
Wi

0101100
+1192 0 +3010 0 *
Fa
0  1e-07 18 0

0101000
+1191 0 *
Ed
 1e-07 1 1 0
1  788 0 0 3.14159265358979
2  1575 25 0 0 3.14159265358979
2  1576 11 0 0 3.14159265358979
0

0101000
+3029 3 -3027 3 *
Wi

0101100
-2980 0 +1189 0 +2977 0 +1948 0 *
Fa
0  1e-07 25 0

0101000
+1188 0 *
Ed
 1e-07 1 1 0
1  789 0 3.14159265358979 6.28318530717959
2  1577 10 0 3.14159265358979 6.28318530717959
2  1578 11 0 3.14159265358979 6.28318530717959
0

0101000
+3031 3 -3032 3 *
Wi

0101100
+1186 0 +3030 0 *
Fa
0  1e-07 10 0

0101000
+1185 0 *
Ed
 1e-07 1 1 0
1  790 0 0 3.14159265358979
2  1579 24 0 0 3.14159265358979
2  1580 15 0 0 3.14159265358979
0

0101000
+3019 3 -3017 3 *
Wi

0101100
-2987 0 +1183 0 +2984 0 +1950 0 *
Fa
0  1e-07 24 0

0101000
+1182 0 *
Ed
 1e-07 1 1 0
1  791 0 3.14159265358979 6.28318530717959
2  1581 14 0 3.14159265358979 6.28318530717959
2  1582 15 0 3.14159265358979 6.28318530717959
0

0101000
+3021 3 -3022 3 *
Wi

0101100
+1180 0 +3020 0 *
Fa
0  1e-07 14 0

0101000
+1179 0 *
Ed
 1e-07 1 1 0
1  792 0 3.14159265358979 6.28318530717959
2  1583 23 0 3.14159265358979 6.28318530717959
2  1584 7 0 3.14159265358979 6.28318530717959
0

0101000
+3039 3 -3037 3 *
Wi

0101100
-2994 0 +1177 0 +2991 0 +1952 0 *
Fa
0  1e-07 23 0

0101000
+1176 0 *
Ed
 1e-07 1 1 0
1  793 0 0 3.14159265358979
2  1585 6 0 0 3.14159265358979
2  1586 7 0 0 3.14159265358979
0

0101000
+3041 3 -3042 3 *
Wi

0101100
+1174 0 +3040 0 *
Fa
0  1e-07 6 0

0101000
-1173 0 *
Ed
 1e-07 1 1 0
1  794 0 3.14159265358979 6.28318530717959
2  1587 21 0 3.14159265358979 6.28318530717959
2  1588 3 0 3.14159265358979 6.28318530717959
0

0101000
+3049 3 -3047 3 *
Wi

0101100
-3001 0 +1171 0 +2998 0 +1954 0 *
Fa
0  1e-07 21 0

0101000
+1170 0 *
Ed
 1e-07 1 1 0
1  795 0 0 3.14159265358979
2  1589 2 0 0 3.14159265358979
2  1590 3 0 0 3.14159265358979
0

0101000
+3051 3 -3052 3 *
Wi

0101100
+1168 0 +3050 0 *
Fa
0  1e-07 2 0

0101000
-1167 0 *
Wi

0101100
-3008 0 -1192 0 +3005 0 -1195 0 *
Fa
0  1e-07 19 0

0101000
+1165 0 *
Wi

0101100
-3018 0 -1180 0 +3015 0 -1183 0 *
Fa
0  1e-07 15 0

0101000
+1163 0 *
Wi

0101100
-3028 0 -1186 0 +3025 0 -1189 0 *
Fa
0  1e-07 11 0

0101000
+1161 0 *
Wi

0101100
-3038 0 -1174 0 +3035 0 -1177 0 *
Fa
0  1e-07 7 0

0101000
+1159 0 *
Wi

0101100
-3048 0 -1168 0 +3045 0 -1171 0 *
Fa
0  1e-07 3 0

0101000
+1157 0 *
Ed
 1e-07 1 1 0
1  796 0 0.0999999999999996 0.6
2  1591 309 0 0.0999999999999996 0.6
2  1592 310 0 0.0999999999999996 0.6
0

0101000
+1511 3 -2078 3 *
Ed
 1e-07 1 1 0
1  797 0 0.0999999999999996 0.6
2  1593 309 0 0.0999999999999996 0.6
2  1594 308 0 0.0999999999999996 0.6
0

0101000
+1510 3 -2080 3 *
Wi

0101100
+1155 0 +2077 0 -1154 0 -1509 0 *
Fa
0  1e-07 309 0

0101000
-1153 0 *
Ed
 1e-07 1 1 0
1  798 0 -0.9 -0
2  1595 308 0 -0.9 -0
2  1596 353 0 -0.9 -0
0

0101000
+1452 3 -1886 3 *
Wi

0101100
+1154 0 +2079 0 -1884 0 -1151 0 -1451 0 -1507 0 *
Fa
0  1e-07 308 0

0101000
-1150 0 *
Ed
 1e-07 1 1 0
1  799 0 0 0.9
2  1597 310 0 0 0.9
2  1598 353 0 0 0.9
0

0101000
+1888 3 -1450 3 *
Wi

0101100
-1448 0 -1148 0 +1887 0 +2075 0 -1155 0 -1503 0 *
Fa
0  1e-07 310 0

0101000
-1147 0 *
Wi

0101100
+1151 0 +1885 0 +1148 0 -1449 0 *
Fa
0  1e-07 353 0

0101000
-1145 0 *
Ve
1e-07
-6.005 3.509859455601 4.338253596791
0 0

0101101
*
Ed
 1e-07 1 1 0
1  800 0 0 0.00999999999999979
2  1599 102 0 0 0.00999999999999979
2  1600 107 0 0 0.00999999999999979
0

0101000
+1143 3 -2793 3 *
Ve
1e-07
-6.005 3.509859455601 4.299609260902
0 0

0101101
*
Ed
 1e-07 1 1 0
1  801 0 -0.0386443358889998 0
2  1601 102 0 -0.0386443358889998 0
2  1602 392 0 -0.0386443358889998 0
0

0101000
+1141 3 -1143 3 *
Ed
 1e-07 1 1 0
1  802 0 0 0.00999999999999979
2  1603 102 0 0 0.00999999999999979
2  1604 103 0 0 0.00999999999999979
0

0101000
+1141 3 -2794 3 *
Wi

0101100
+2792 0 -1142 0 -1140 0 +1139 0 *
Fa
0  1e-07 102 0

0101000
-1138 0 *
Ve
1e-07
-6.005 3.644854691737 4.338253596791
0 0

0101101
*
Ed
 1e-07 1 1 0
1  803 0 0 0.00999999999999979
2  1605 107 0 0 0.00999999999999979
2  1606 106 0 0 0.00999999999999979
0

0101000
+1136 3 -2785 3 *
Ed
 1e-07 1 1 0
1  804 0 -0.134995236136 -0
2  1607 107 0 -0.134995236136 -0
2  1608 392 0 -0.134995236136 -0
0

0101000
+1143 3 -1136 3 *
Wi

0101100
+2783 0 -1135 0 -1134 0 +1142 0 *
Fa
0  1e-07 107 0

0101000
-1133 0 *
Ve
1e-07
-6.005 3.644854691737 4.638570341621
0 0

0101101
*
Ed
 1e-07 1 1 0
1  805 0 0 0.00999999999999979
2  1609 106 0 0 0.00999999999999979
2  1610 105 0 0 0.00999999999999979
0

0101000
+1131 3 -2787 3 *
Ed
 1e-07 1 1 0
1  806 0 -0.30031674483 0
2  1611 106 0 -0.30031674483 0
2  1612 392 0 -0.30031674483 0
0

0101000
+1136 3 -1131 3 *
Wi

0101100
+2784 0 -1130 0 -1129 0 +1135 0 *
Fa
0  1e-07 106 0

0101000
-1128 0 *
Ve
1e-07
-6.005 3.688611170715 4.638570341621
0 0

0101101
*
Ed
 1e-07 1 1 0
1  807 0 0 0.00999999999999979
2  1613 105 0 0 0.00999999999999979
2  1614 104 0 0 0.00999999999999979
0

0101000
+1126 3 -2789 3 *
Ed
 1e-07 1 1 0
1  808 0 -0.0437564789780001 -0
2  1615 105 0 -0.0437564789780001 -0
2  1616 392 0 -0.0437564789780001 -0
0

0101000
+1131 3 -1126 3 *
Wi

0101100
+2786 0 -1125 0 -1124 0 +1130 0 *
Fa
0  1e-07 105 0

0101000
-1123 0 *
Ve
1e-07
-6.005 3.688611170715 4.299609260902
0 0

0101101
*
Ed
 1e-07 1 1 0
1  809 0 0 0.00999999999999979
2  1617 104 0 0 0.00999999999999979
2  1618 103 0 0 0.00999999999999979
0

0101000
+1121 3 -2791 3 *
Ed
 1e-07 1 1 0
1  810 0 -0.338961080719 -0
2  1619 104 0 -0.338961080719 -0
2  1620 392 0 -0.338961080719 -0
0

0101000
+1126 3 -1121 3 *
Wi

0101100
+2788 0 -1120 0 -1119 0 +1125 0 *
Fa
0  1e-07 104 0

0101000
-1118 0 *
Ed
 1e-07 1 1 0
1  811 0 -0.178751715114 0
2  1621 103 0 -0.178751715114 0
2  1622 392 0 -0.178751715114 0
0

0101000
+1121 3 -1141 3 *
Wi

0101100
+2790 0 -1139 0 -1116 0 +1120 0 *
Fa
0  1e-07 103 0

0101000
-1115 0 *
Wi

0101100
+1140 0 +1134 0 +1129 0 +1124 0 +1119 0 +1116 0 *
Fa
0  1e-07 392 0

0101000
-1113 0 *
Ve
1e-07
-6.005 3.33604659059 4.293890592362
0 0

0101101
*
Ed
 1e-07 1 1 0
1  812 0 0 0.00999999999999979
2  1623 83 0 0 0.00999999999999979
2  1624 84 0 0 0.00999999999999979
4 G1 83 0 84 0
0

0101000
+1111 3 -2840 3 *
Ve
1e-07
-6.005 3.242208438642 4.313645992772
0 0

0101101
*
Ed
 1e-07 1 1 0
1  813 0 0 1
2  1625 83 0 0 1
2  1626 393 0 0 1
0

0101000
+1111 3 -1109 3 *
Ed
 1e-07 1 1 0
1  814 0 0 0.00999999999999979
2  1627 83 0 0 0.00999999999999979
2  1628 96 0 0 0.00999999999999979
0

0101000
+1109 3 -2839 3 *
Wi

0101100
-1110 0 +1108 0 +1107 0 -2838 0 *
Fa
0  1e-07 83 0

0101000
+1106 0 *
Ve
1e-07
-6.005 3.242208438642 4.355582895398
0 0

0101101
*
Ed
 1e-07 1 1 0
1  815 0 0 0.00999999999999979
2  1629 96 0 0 0.00999999999999979
2  1630 95 0 0 0.00999999999999979
0

0101000
+1104 3 -2815 3 *
Ed
 1e-07 1 1 0
1  816 0 -0.0419369026260004 0
2  1631 96 0 -0.0419369026260004 0
2  1632 393 0 -0.0419369026260004 0
0

0101000
+1109 3 -1104 3 *
Wi

0101100
+2813 0 -1103 0 -1102 0 +1107 0 *
Fa
0  1e-07 96 0

0101000
-1101 0 *
Ve
1e-07
-6.005 3.3297213966 4.332881514223
0 0

0101101
*
Ed
 1e-07 1 1 0
1  817 0 12 13
2  1633 95 0 12 13
2  1634 393 0 12 13
0

0101000
+1104 3 -1099 3 *
Ed
 1e-07 1 1 0
1  818 0 0 0.00999999999999979
2  1635 95 0 0 0.00999999999999979
2  1636 94 0 0 0.00999999999999979
4 G1 95 0 94 0
0

0101000
+1099 3 -2817 3 *
Wi

0101100
-1103 0 +1098 0 +1097 0 -2814 0 *
Fa
0  1e-07 95 0

0101000
+1096 0 *
Ve
1e-07
-6.005 3.416801122091 4.368579869351
0 0

0101101
*
Ed
 1e-07 1 1 0
1  819 0 11 12
2  1637 94 0 11 12
2  1638 393 0 11 12
0

0101000
+1099 3 -1094 3 *
Ed
 1e-07 1 1 0
1  820 0 0 0.00999999999999979
2  1639 94 0 0 0.00999999999999979
2  1640 93 0 0 0.00999999999999979
4 G1 94 0 93 0
0

0101000
+1094 3 -2819 3 *
Wi

0101100
-1097 0 +1093 0 +1092 0 -2816 0 *
Fa
0  1e-07 94 0

0101000
+1091 0 *
Ve
1e-07
-6.005 3.450073375412 4.465277355569
0 0

0101101
*
Ed
 1e-07 1 1 0
1  821 0 10 11
2  1641 93 0 10 11
2  1642 393 0 10 11
0

0101000
+1094 3 -1089 3 *
Ed
 1e-07 1 1 0
1  822 0 0 0.00999999999999979
2  1643 93 0 0 0.00999999999999979
2  1644 92 0 0 0.00999999999999979
4 G1 93 0 92 0
0

0101000
+1089 3 -2821 3 *
Wi

0101100
-1092 0 +1088 0 +1087 0 -2818 0 *
Fa
0  1e-07 93 0

0101000
+1086 0 *
Ve
1e-07
-6.005 3.414461666779 4.567173631367
0 0

0101101
*
Ed
 1e-07 1 1 0
1  823 0 9 10
2  1645 92 0 9 10
2  1646 393 0 9 10
0

0101000
+1089 3 -1084 3 *
Ed
 1e-07 1 1 0
1  824 0 0 0.00999999999999979
2  1647 92 0 0 0.00999999999999979
2  1648 91 0 0 0.00999999999999979
4 G1 92 0 91 0
0

0101000
+1084 3 -2823 3 *
Wi

0101100
-1087 0 +1083 0 +1082 0 -2820 0 *
Fa
0  1e-07 92 0

0101000
+1081 0 *
Ve
1e-07
-6.005 3.322096505213 4.60477820934
0 0

0101101
*
Ed
 1e-07 1 1 0
1  825 0 8 9
2  1649 91 0 8 9
2  1650 393 0 8 9
0

0101000
+1084 3 -1079 3 *
Ed
 1e-07 1 1 0
1  826 0 0 0.00999999999999979
2  1651 91 0 0 0.00999999999999979
2  1652 90 0 0 0.00999999999999979
4 G1 91 0 90 0
0

0101000
+1079 3 -2825 3 *
Wi

0101100
-1082 0 +1078 0 +1077 0 -2822 0 *
Fa
0  1e-07 91 0

0101000
+1076 0 *
Ve
1e-07
-6.005 3.242208438642 4.58467622296
0 0

0101101
*
Ed
 1e-07 1 1 0
1  827 0 7 8
2  1653 90 0 7 8
2  1654 393 0 7 8
0

0101000
+1079 3 -1074 3 *
Ed
 1e-07 1 1 0
1  828 0 0 0.00999999999999979
2  1655 90 0 0 0.00999999999999979
2  1656 89 0 0 0.00999999999999979
0

0101000
+1074 3 -2827 3 *
Wi

0101100
-1077 0 +1073 0 +1072 0 -2824 0 *
Fa
0  1e-07 90 0

0101000
+1071 0 *
Ve
1e-07
-6.005 3.242208438642 4.630425571276
0 0

0101101
*
Ed
 1e-07 1 1 0
1  829 0 0 0.00999999999999979
2  1657 89 0 0 0.00999999999999979
2  1658 88 0 0 0.00999999999999979
0

0101000
+1069 3 -2829 3 *
Ed
 1e-07 1 1 0
1  830 0 -0.0457493483159999 0
2  1659 89 0 -0.0457493483159999 0
2  1660 393 0 -0.0457493483159999 0
0

0101000
+1074 3 -1069 3 *
Wi

0101100
+2826 0 -1068 0 -1067 0 +1072 0 *
Fa
0  1e-07 89 0

0101000
-1066 0 *
Ve
1e-07
-6.005 3.322529737678 4.644289010161
0 0

0101101
*
Ed
 1e-07 1 1 0
1  831 0 5 6
2  1661 88 0 5 6
2  1662 393 0 5 6
0

0101000
+1069 3 -1064 3 *
Ed
 1e-07 1 1 0
1  832 0 0 0.00999999999999979
2  1663 88 0 0 0.00999999999999979
2  1664 87 0 0 0.00999999999999979
4 G1 88 0 87 0
0

0101000
+1064 3 -2831 3 *
Wi

0101100
-1068 0 +1063 0 +1062 0 -2828 0 *
Fa
0  1e-07 88 0

0101000
+1061 0 *
Ve
1e-07
-6.005 3.447040748158 4.594380630177
0 0

0101101
*
Ed
 1e-07 1 1 0
1  833 0 4 5
2  1665 87 0 4 5
2  1666 393 0 4 5
0

0101000
+1064 3 -1059 3 *
Ed
 1e-07 1 1 0
1  834 0 0 0.00999999999999979
2  1667 87 0 0 0.00999999999999979
2  1668 86 0 0 0.00999999999999979
4 C1 87 0 86 0
0

0101000
+1059 3 -2833 3 *
Wi

0101100
-1062 0 +1058 0 +1057 0 -2830 0 *
Fa
0  1e-07 87 0

0101000
+1056 0 *
Ve
1e-07
-6.005 3.495996016717 4.462677960776
0 0

0101101
*
Ed
 1e-07 1 1 0
1  835 0 3 4
2  1669 86 0 3 4
2  1670 393 0 3 4
0

0101000
+1059 3 -1054 3 *
Ed
 1e-07 1 1 0
1  836 0 0 0.00999999999999979
2  1671 86 0 0 0.00999999999999979
2  1672 85 0 0 0.00999999999999979
4 G1 86 0 85 0
0

0101000
+1054 3 -2835 3 *
Wi

0101100
-1057 0 +1053 0 +1052 0 -2832 0 *
Fa
0  1e-07 86 0

0101000
+1051 0 *
Ve
1e-07
-6.005 3.452499477218 4.340159819638
0 0

0101101
*
Ed
 1e-07 1 1 0
1  837 0 2 3
2  1673 85 0 2 3
2  1674 393 0 2 3
0

0101000
+1054 3 -1049 3 *
Ed
 1e-07 1 1 0
1  838 0 0 0.00999999999999979
2  1675 85 0 0 0.00999999999999979
2  1676 84 0 0 0.00999999999999979
4 C1 85 0 84 0
0

0101000
+1049 3 -2837 3 *
Wi

0101100
-1052 0 +1048 0 +1047 0 -2834 0 *
Fa
0  1e-07 85 0

0101000
+1046 0 *
Ed
 1e-07 1 1 0
1  839 0 1 2
2  1677 84 0 1 2
2  1678 393 0 1 2
0

0101000
+1049 3 -1111 3 *
Wi

0101100
-1047 0 +1044 0 +1110 0 -2836 0 *
Fa
0  1e-07 84 0

0101000
+1043 0 *
Wi

0101100
+1108 0 +1102 0 +1098 0 +1093 0 +1088 0 +1083 0 +1078 0 +1073 0 +1067 0 +1063 0 
+1058 0 +1053 0 +1048 0 +1044 0 *
Fa
0  1e-07 393 0

0101000
+1041 0 *
Ve
1e-07
-6.005 2.992060013276 4.338253596791
0 0

0101101
*
Ed
 1e-07 1 1 0
1  840 0 0 0.00999999999999979
2  1679 108 0 0 0.00999999999999979
2  1680 119 0 0 0.00999999999999979
0

0101000
+1039 3 -2780 3 *
Ve
1e-07
-6.005 2.992060013276 4.299609260902
0 0

0101101
*
Ed
 1e-07 1 1 0
1  841 0 -0.0386443358889998 0
2  1681 108 0 -0.0386443358889998 0
2  1682 394 0 -0.0386443358889998 0
0

0101000
+1037 3 -1039 3 *
Ed
 1e-07 1 1 0
1  842 0 0 0.00999999999999979
2  1683 108 0 0 0.00999999999999979
2  1684 109 0 0 0.00999999999999979
0

0101000
+1037 3 -2781 3 *
Wi

0101100
+2779 0 -1038 0 -1036 0 +1035 0 *
Fa
0  1e-07 108 0

0101000
-1034 0 *
Ve
1e-07
-6.005 3.130607755624 4.338253596791
0 0

0101101
*
Ed
 1e-07 1 1 0
1  843 0 0 0.00999999999999979
2  1685 119 0 0 0.00999999999999979
2  1686 118 0 0 0.00999999999999979
0

0101000
+1032 3 -2760 3 *
Ed
 1e-07 1 1 0
1  844 0 -0.138547742348 -0
2  1687 119 0 -0.138547742348 -0
2  1688 394 0 -0.138547742348 -0
0

0101000
+1039 3 -1032 3 *
Wi

0101100
+2758 0 -1031 0 -1030 0 +1038 0 *
Fa
0  1e-07 119 0

0101000
-1029 0 *
Ve
1e-07
-6.005 3.130607755624 4.452280381614
0 0

0101101
*
Ed
 1e-07 1 1 0
1  845 0 0 0.00999999999999979
2  1689 118 0 0 0.00999999999999979
2  1690 117 0 0 0.00999999999999979
0

0101000
+1027 3 -2762 3 *
Ed
 1e-07 1 1 0
1  846 0 -0.114026784823 0
2  1691 118 0 -0.114026784823 0
2  1692 394 0 -0.114026784823 0
0

0101000
+1032 3 -1027 3 *
Wi

0101100
+2759 0 -1026 0 -1025 0 +1031 0 *
Fa
0  1e-07 118 0

0101000
-1024 0 *
Ve
1e-07
-6.005 3.009389311881 4.452280381614
0 0

0101101
*
Ed
 1e-07 1 1 0
1  847 0 0 0.00999999999999979
2  1693 117 0 0 0.00999999999999979
2  1694 116 0 0 0.00999999999999979
0

0101000
+1022 3 -2764 3 *
Ed
 1e-07 1 1 0
1  848 0 -0.121218443743 0
2  1695 117 0 -0.121218443743 0
2  1696 394 0 -0.121218443743 0
0

0101000
+1027 3 -1022 3 *
Wi

0101100
+2761 0 -1021 0 -1020 0 +1026 0 *
Fa
0  1e-07 117 0

0101000
-1019 0 *
Ve
1e-07
-6.005 3.009389311881 4.491098010489
0 0

0101101
*
Ed
 1e-07 1 1 0
1  849 0 0 0.00999999999999979
2  1697 116 0 0 0.00999999999999979
2  1698 115 0 0 0.00999999999999979
0

0101000
+1017 3 -2766 3 *
Ed
 1e-07 1 1 0
1  850 0 -0.038817628875 0
2  1699 116 0 -0.038817628875 0
2  1700 394 0 -0.038817628875 0
0

0101000
+1022 3 -1017 3 *
Wi

0101100
+2763 0 -1016 0 -1015 0 +1021 0 *
Fa
0  1e-07 116 0

0101000
-1014 0 *
Ve
1e-07
-6.005 3.130607755624 4.491098010489
0 0

0101101
*
Ed
 1e-07 1 1 0
1  851 0 0 0.00999999999999979
2  1701 115 0 0 0.00999999999999979
2  1702 114 0 0 0.00999999999999979
0

0101000
+1012 3 -2768 3 *
Ed
 1e-07 1 1 0
1  852 0 -0.121218443743 -0
2  1703 115 0 -0.121218443743 -0
2  1704 394 0 -0.121218443743 -0
0

0101000
+1017 3 -1012 3 *
Wi

0101100
+2765 0 -1011 0 -1010 0 +1016 0 *
Fa
0  1e-07 115 0

0101000
-1009 0 *
Ve
1e-07
-6.005 3.130607755624 4.599579419759
0 0

0101101
*
Ed
 1e-07 1 1 0
1  853 0 0 0.00999999999999979
2  1705 114 0 0 0.00999999999999979
2  1706 113 0 0 0.00999999999999979
0

0101000
+1007 3 -2770 3 *
Ed
 1e-07 1 1 0
1  854 0 -0.10848140927 0
2  1707 114 0 -0.10848140927 0
2  1708 394 0 -0.10848140927 0
0

0101000
+1012 3 -1007 3 *
Wi

0101100
+2767 0 -1006 0 -1005 0 +1011 0 *
Fa
0  1e-07 114 0

0101000
-1004 0 *
Ve
1e-07
-6.005 2.999771551154 4.599579419759
0 0

0101101
*
Ed
 1e-07 1 1 0
1  855 0 0 0.00999999999999979
2  1709 113 0 0 0.00999999999999979
2  1710 112 0 0 0.00999999999999979
0

0101000
+1002 3 -2772 3 *
Ed
 1e-07 1 1 0
1  856 0 -0.13083620447 0
2  1711 113 0 -0.13083620447 0
2  1712 394 0 -0.13083620447 0
0

0101000
+1007 3 -1002 3 *
Wi

0101100
+2769 0 -1001 0 -1000 0 +1006 0 *
Fa
0  1e-07 113 0

0101000
-999 0 *
Ve
1e-07
-6.005 2.999771551154 4.638570341621
0 0

0101101
*
Ed
 1e-07 1 1 0
1  857 0 0 0.00999999999999979
2  1713 112 0 0 0.00999999999999979
2  1714 111 0 0 0.00999999999999979
0

0101000
+997 3 -2774 3 *
Ed
 1e-07 1 1 0
1  858 0 -0.0389909218619993 0
2  1715 112 0 -0.0389909218619993 0
2  1716 394 0 -0.0389909218619993 0
0

0101000
+1002 3 -997 3 *
Wi

0101100
+2771 0 -996 0 -995 0 +1001 0 *
Fa
0  1e-07 112 0

0101000
-994 0 *
Ve
1e-07
-6.005 3.174364234602 4.638570341621
0 0

0101101
*
Ed
 1e-07 1 1 0
1  859 0 0 0.00999999999999979
2  1717 111 0 0 0.00999999999999979
2  1718 110 0 0 0.00999999999999979
0

0101000
+992 3 -2776 3 *
Ed
 1e-07 1 1 0
1  860 0 -0.174592683448 -0
2  1719 111 0 -0.174592683448 -0
2  1720 394 0 -0.174592683448 -0
0

0101000
+997 3 -992 3 *
Wi

0101100
+2773 0 -991 0 -990 0 +996 0 *
Fa
0  1e-07 111 0

0101000
-989 0 *
Ve
1e-07
-6.005 3.174364234602 4.299609260902
0 0

0101101
*
Ed
 1e-07 1 1 0
1  861 0 0 0.00999999999999979
2  1721 110 0 0 0.00999999999999979
2  1722 109 0 0 0.00999999999999979
0

0101000
+987 3 -2778 3 *
Ed
 1e-07 1 1 0
1  862 0 -0.338961080719 -0
2  1723 110 0 -0.338961080719 -0
2  1724 394 0 -0.338961080719 -0
0

0101000
+992 3 -987 3 *
Wi

0101100
+2775 0 -986 0 -985 0 +991 0 *
Fa
0  1e-07 110 0

0101000
-984 0 *
Ed
 1e-07 1 1 0
1  863 0 -0.182304221326 0
2  1725 109 0 -0.182304221326 0
2  1726 394 0 -0.182304221326 0
0

0101000
+987 3 -1037 3 *
Wi

0101100
+2777 0 -1035 0 -982 0 +986 0 *
Fa
0  1e-07 109 0

0101000
-981 0 *
Wi

0101100
+1036 0 +1030 0 +1025 0 +1020 0 +1015 0 +1010 0 +1005 0 +1000 0 +995 0 +990 0 
+985 0 +982 0 *
Fa
0  1e-07 394 0

0101000
-979 0 *
Ve
1e-07
-6.005 2.928028254928 4.299609260902
0 0

0101101
*
Ve
1e-07
-6.005 2.834796628432 4.299609260902
0 0

0101101
*
Ed
 1e-07 1 1 0
1  864 0 -0.0932316264959998 0
2  1727 395 0 -0.0932316264959998 0
2  1728 120 0 -0.0932316264959998 0
0

0101000
+977 3 -976 3 *
Ve
1e-07
-6.005 2.703180605524 4.347091539079
0 0

0101101
*
Ed
 1e-07 1 1 0
1  865 0 5 6
2  1729 395 0 5 6
2  1730 126 0 5 6
0

0101000
+976 3 -974 3 *
Ve
1e-07
-6.005 2.652059174639 4.473422125913
0 0

0101101
*
Ed
 1e-07 1 1 0
1  866 0 4 5
2  1731 395 0 4 5
2  1732 125 0 4 5
0

0101000
+974 3 -972 3 *
Ve
1e-07
-6.005 2.703180605524 4.593687458233
0 0

0101101
*
Ed
 1e-07 1 1 0
1  867 0 3 4
2  1733 395 0 3 4
2  1734 124 0 3 4
0

0101000
+972 3 -970 3 *
Ve
1e-07
-6.005 2.83133076871 4.638570341621
0 0

0101101
*
Ed
 1e-07 1 1 0
1  868 0 2 3
2  1735 395 0 2 3
2  1736 123 0 2 3
0

0101000
+970 3 -968 3 *
Ve
1e-07
-6.005 2.928028254928 4.638570341621
0 0

0101101
*
Ed
 1e-07 1 1 0
1  869 0 -0.0966974862179999 -0
2  1737 395 0 -0.0966974862179999 -0
2  1738 122 0 -0.0966974862179999 -0
0

0101000
+968 3 -966 3 *
Ed
 1e-07 1 1 0
1  870 0 -0.338961080719 -0
2  1739 395 0 -0.338961080719 -0
2  1740 121 0 -0.338961080719 -0
0

0101000
+966 3 -977 3 *
Wi

0101100
+975 0 +973 0 +971 0 +969 0 +967 0 +965 0 +964 0 *
Ve
1e-07
-6.005 2.884271775949 4.599579419759
0 0

0101101
*
Ve
1e-07
-6.005 2.884271775949 4.338253596791
0 0

0101101
*
Ed
 1e-07 1 1 0
1  871 0 0 0.261325822968001
2  1741 395 0 0 0.261325822968001
2  1742 396 0 0 0.261325822968001
0

0101000
+962 3 -961 3 *
Ve
1e-07
-6.005 2.833063698573 4.599579419759
0 0

0101101
*
Ed
 1e-07 1 1 0
1  872 0 0 0.0512080773760002
2  1743 395 0 0 0.0512080773760002
2  1744 397 0 0 0.0512080773760002
0

0101000
+959 3 -962 3 *
Ve
1e-07
-6.005 2.735239807945 4.567693510325
0 0

0101101
*
Ed
 1e-07 1 1 0
1  873 0 5 6
2  1745 395 0 5 6
2  1746 398 0 5 6
0

0101000
+957 3 -959 3 *
Ve
1e-07
-6.005 2.698068462435 4.47220907501
0 0

0101101
*
Ed
 1e-07 1 1 0
1  874 0 4 5
2  1747 395 0 4 5
2  1748 399 0 4 5
0

0101000
+955 3 -957 3 *
Ve
1e-07
-6.005 2.73428669652 4.373605365945
0 0

0101101
*
Ed
 1e-07 1 1 0
1  875 0 3 4
2  1749 395 0 3 4
2  1750 400 0 3 4
0

0101000
+953 3 -955 3 *
Ve
1e-07
-6.005 2.835056567911 4.338253596791
0 0

0101101
*
Ed
 1e-07 1 1 0
1  876 0 2 3
2  1751 395 0 2 3
2  1752 401 0 2 3
0

0101000
+951 3 -953 3 *
Ed
 1e-07 1 1 0
1  877 0 0 0.0492152080380004
2  1753 395 0 0 0.0492152080380004
2  1754 402 0 0 0.0492152080380004
0

0101000
+961 3 -951 3 *
Wi

0101100
-960 0 -958 0 -956 0 -954 0 -952 0 -950 0 -949 0 *
Fa
0  1e-07 395 0

0101000
+963 0 +948 0 *
Ed
 1e-07 1 1 0
1  878 0 0 0.00999999999999979
2  1755 120 0 0 0.00999999999999979
2  1756 126 0 0 0.00999999999999979
4 G1 120 0 126 0
0

0101000
+976 3 -2755 3 *
Ed
 1e-07 1 1 0
1  879 0 0 0.00999999999999979
2  1757 120 0 0 0.00999999999999979
2  1758 121 0 0 0.00999999999999979
0

0101000
+977 3 -2756 3 *
Wi

0101100
+2754 0 -946 0 -975 0 +945 0 *
Fa
0  1e-07 120 0

0101000
-944 0 *
Ed
 1e-07 1 1 0
1  880 0 0 0.00999999999999979
2  1759 126 0 0 0.00999999999999979
2  1760 125 0 0 0.00999999999999979
4 C1 126 0 125 0
0

0101000
+974 3 -2745 3 *
Wi

0101100
-946 0 +973 0 +942 0 -2743 0 *
Fa
0  1e-07 126 0

0101000
+941 0 *
Ed
 1e-07 1 1 0
1  881 0 0 0.00999999999999979
2  1761 125 0 0 0.00999999999999979
2  1762 124 0 0 0.00999999999999979
4 G1 125 0 124 0
0

0101000
+972 3 -2747 3 *
Wi

0101100
-942 0 +971 0 +939 0 -2744 0 *
Fa
0  1e-07 125 0

0101000
+938 0 *
Ed
 1e-07 1 1 0
1  882 0 0 0.00999999999999979
2  1763 124 0 0 0.00999999999999979
2  1764 123 0 0 0.00999999999999979
4 C1 124 0 123 0
0

0101000
+970 3 -2749 3 *
Wi

0101100
-939 0 +969 0 +936 0 -2746 0 *
Fa
0  1e-07 124 0

0101000
+935 0 *
Ed
 1e-07 1 1 0
1  883 0 0 0.00999999999999979
2  1765 123 0 0 0.00999999999999979
2  1766 122 0 0 0.00999999999999979
4 G1 123 0 122 0
0

0101000
+968 3 -2751 3 *
Wi

0101100
-936 0 +967 0 +933 0 -2748 0 *
Fa
0  1e-07 123 0

0101000
+932 0 *
Ed
 1e-07 1 1 0
1  884 0 0 0.00999999999999979
2  1767 122 0 0 0.00999999999999979
2  1768 121 0 0 0.00999999999999979
0

0101000
+966 3 -2753 3 *
Wi

0101100
+2750 0 -930 0 -965 0 +933 0 *
Fa
0  1e-07 122 0

0101000
-929 0 *
Wi

0101100
+2752 0 -945 0 -964 0 +930 0 *
Fa
0  1e-07 121 0

0101000
-927 0 *
Ve
1e-07
-5.995 2.833063698573 4.599579419759
0 0

0101101
*
Ve
1e-07
-5.995 2.884271775949 4.599579419759
0 0

0101101
*
Ed
 1e-07 1 1 0
1  885 0 0 0.0512080773760002
2  1769 397 0 0 0.0512080773760002
2  1770 403 0 0 0.0512080773760002
0

0101000
+925 3 -924 3 *
Ed
 1e-07 1 1 0
1  886 0 0 0.00999999999999979
2  1771 397 0 0 0.00999999999999979
2  1772 398 0 0 0.00999999999999979
4 G1 397 0 398 0
0

0101000
+959 3 -925 3 *
Ed
 1e-07 1 1 0
1  887 0 0 0.00999999999999979
2  1773 397 0 0 0.00999999999999979
2  1774 396 0 0 0.00999999999999979
0

0101000
+962 3 -924 3 *
Wi

0101100
-923 0 -922 0 +958 0 +921 0 *
Fa
0  1e-07 397 0

0101000
+920 0 *
Ve
1e-07
-5.995 2.884271775949 4.338253596791
0 0

0101101
*
Ed
 1e-07 1 1 0
1  888 0 0 0.261325822968001
2  1775 396 0 0 0.261325822968001
2  1776 403 0 0 0.261325822968001
0

0101000
+924 3 -918 3 *
Ed
 1e-07 1 1 0
1  889 0 0 0.00999999999999979
2  1777 396 0 0 0.00999999999999979
2  1778 402 0 0 0.00999999999999979
0

0101000
+961 3 -918 3 *
Wi

0101100
-917 0 -921 0 +960 0 +916 0 *
Fa
0  1e-07 396 0

0101000
+915 0 *
Ve
1e-07
-5.995 2.835056567911 4.338253596791
0 0

0101101
*
Ed
 1e-07 1 1 0
1  890 0 0 0.0492152080380004
2  1779 402 0 0 0.0492152080380004
2  1780 403 0 0 0.0492152080380004
0

0101000
+918 3 -913 3 *
Ed
 1e-07 1 1 0
1  891 0 0 0.00999999999999979
2  1781 402 0 0 0.00999999999999979
2  1782 401 0 0 0.00999999999999979
4 G1 402 0 401 0
0

0101000
+951 3 -913 3 *
Wi

0101100
-912 0 -916 0 +949 0 +911 0 *
Fa
0  1e-07 402 0

0101000
+910 0 *
Ve
1e-07
-5.995 2.73428669652 4.373605365945
0 0

0101101
*
Ed
 1e-07 1 1 0
1  892 0 2 3
2  1783 401 0 2 3
2  1784 403 0 2 3
0

0101000
+913 3 -908 3 *
Ed
 1e-07 1 1 0
1  893 0 0 0.00999999999999979
2  1785 401 0 0 0.00999999999999979
2  1786 400 0 0 0.00999999999999979
4 G1 401 0 400 0
0

0101000
+953 3 -908 3 *
Wi

0101100
-907 0 -911 0 +950 0 +906 0 *
Fa
0  1e-07 401 0

0101000
+905 0 *
Ve
1e-07
-5.995 2.698068462435 4.47220907501
0 0

0101101
*
Ed
 1e-07 1 1 0
1  894 0 3 4
2  1787 400 0 3 4
2  1788 403 0 3 4
0

0101000
+908 3 -903 3 *
Ed
 1e-07 1 1 0
1  895 0 0 0.00999999999999979
2  1789 400 0 0 0.00999999999999979
2  1790 399 0 0 0.00999999999999979
4 C1 400 0 399 0
0

0101000
+955 3 -903 3 *
Wi

0101100
-902 0 -906 0 +952 0 +901 0 *
Fa
0  1e-07 400 0

0101000
+900 0 *
Ve
1e-07
-5.995 2.735239807945 4.567693510325
0 0

0101101
*
Ed
 1e-07 1 1 0
1  896 0 4 5
2  1791 399 0 4 5
2  1792 403 0 4 5
0

0101000
+903 3 -898 3 *
Ed
 1e-07 1 1 0
1  897 0 0 0.00999999999999979
2  1793 399 0 0 0.00999999999999979
2  1794 398 0 0 0.00999999999999979
4 C1 399 0 398 0
0

0101000
+957 3 -898 3 *
Wi

0101100
-897 0 -901 0 +954 0 +896 0 *
Fa
0  1e-07 399 0

0101000
+895 0 *
Ed
 1e-07 1 1 0
1  898 0 5 6
2  1795 398 0 5 6
2  1796 403 0 5 6
0

0101000
+898 3 -925 3 *
Wi

0101100
-893 0 -896 0 +956 0 +922 0 *
Fa
0  1e-07 398 0

0101000
+892 0 *
Wi

0101100
+893 0 +923 0 +917 0 +912 0 +907 0 +902 0 +897 0 *
Fa
0  1e-07 403 0

0101000
-890 0 *
Ve
1e-07
-6.005 2.328261230199 4.299609260902
0 0

0101101
*
Ve
1e-07
-6.005 2.457364504809 4.638570341621
0 0

0101101
*
Ed
 1e-07 1 1 0
1  899 0 -0.362715135825922 0
2  1797 404 0 -0.362715135825922 0
2  1798 127 0 -0.362715135825922 0
0

0101000
+888 3 -887 3 *
Ve
1e-07
-6.005 2.504153611043 4.638570341621
0 0

0101101
*
Ed
 1e-07 1 1 0
1  900 0 -0.0467891062339998 -0
2  1799 404 0 -0.0467891062339998 -0
2  1800 134 0 -0.0467891062339998 -0
0

0101000
+887 3 -885 3 *
Ve
1e-07
-6.005 2.633256885651 4.299609260902
0 0

0101101
*
Ed
 1e-07 1 1 0
1  901 0 -0.362715135825211 -0
2  1801 404 0 -0.362715135825211 -0
2  1802 133 0 -0.362715135825211 -0
0

0101000
+885 3 -883 3 *
Ve
1e-07
-6.005 2.584908142544 4.299609260902
0 0

0101101
*
Ed
 1e-07 1 1 0
1  902 0 -0.0483487431069998 0
2  1803 404 0 -0.0483487431069998 0
2  1804 132 0 -0.0483487431069998 0
0

0101000
+883 3 -881 3 *
Ve
1e-07
-6.005 2.552329061166 4.392321008441
0 0

0101101
*
Ed
 1e-07 1 1 0
1  903 0 -0.0982693475869746 0
2  1805 404 0 -0.0982693475869746 0
2  1806 131 0 -0.0982693475869746 0
0

0101000
+881 3 -879 3 *
Ve
1e-07
-6.005 2.411181924025 4.392321008441
0 0

0101101
*
Ed
 1e-07 1 1 0
1  904 0 -0.141147137141 0
2  1807 404 0 -0.141147137141 0
2  1808 130 0 -0.141147137141 0
0

0101000
+879 3 -877 3 *
Ve
1e-07
-6.005 2.376609973308 4.299609260902
0 0

0101101
*
Ed
 1e-07 1 1 0
1  905 0 -0.0989479050213492 0
2  1809 404 0 -0.0989479050213492 0
2  1810 129 0 -0.0989479050213492 0
0

0101000
+877 3 -875 3 *
Ed
 1e-07 1 1 0
1  906 0 -0.0483487431089999 0
2  1811 404 0 -0.0483487431089999 0
2  1812 128 0 -0.0483487431089999 0
0

0101000
+875 3 -888 3 *
Wi

0101100
+886 0 +884 0 +882 0 +880 0 +878 0 +876 0 +874 0 +873 0 *
Ve
1e-07
-6.005 2.538465622282 4.430618758359
0 0

0101101
*
Ve
1e-07
-6.005 2.424698776938 4.430618758359
0 0

0101101
*
Ed
 1e-07 1 1 0
1  907 0 0 0.113766845344
2  1813 404 0 0 0.113766845344
2  1814 405 0 0 0.113766845344
0

0101000
+871 3 -870 3 *
Ve
1e-07
-6.005 2.487777423861 4.571505956018
0 0

0101101
*
Ed
 1e-07 1 1 0
1  908 0 0 0.149728073264077
2  1815 404 0 0 0.149728073264077
2  1816 406 0 0 0.149728073264077
0

0101000
+868 3 -871 3 *
Ve
1e-07
-6.005 2.482232048307 4.595247095108
0 0

0101101
*
Ed
 1e-07 1 1 0
1  909 0 3 4
2  1817 404 0 3 4
2  1818 407 0 3 4
0

0101000
+866 3 -868 3 *
Ve
1e-07
-6.005 2.481192290392 4.595247095108
0 0

0101101
*
Ed
 1e-07 1 1 0
1  910 0 0 0.00103975791500011
2  1819 404 0 0 0.00103975791500011
2  1820 408 0 0 0.00103975791500011
0

0101000
+864 3 -866 3 *
Ve
1e-07
-6.005 2.475906854316 4.571505956018
0 0

0101101
*
Ed
 1e-07 1 1 0
1  911 0 1 2
2  1821 404 0 1 2
2  1822 409 0 1 2
0

0101000
+862 3 -864 3 *
Ed
 1e-07 1 1 0
1  912 0 0 0.149904868676629
2  1823 404 0 0 0.149904868676629
2  1824 410 0 0 0.149904868676629
0

0101000
+870 3 -862 3 *
Wi

0101100
-869 0 -867 0 -865 0 -863 0 -861 0 -860 0 *
Fa
0  1e-07 404 0

0101000
-872 0 -859 0 *
Ed
 1e-07 1 1 0
1  913 0 0 0.00999999999999979
2  1825 127 0 0 0.00999999999999979
2  1826 134 0 0 0.00999999999999979
0

0101000
+887 3 -2740 3 *
Ed
 1e-07 1 1 0
1  914 0 0 0.00999999999999979
2  1827 127 0 0 0.00999999999999979
2  1828 128 0 0 0.00999999999999979
0

0101000
+888 3 -2741 3 *
Wi

0101100
+2739 0 -857 0 -886 0 +856 0 *
Fa
0  1e-07 127 0

0101000
-855 0 *
Ed
 1e-07 1 1 0
1  915 0 0 0.00999999999999979
2  1829 134 0 0 0.00999999999999979
2  1830 133 0 0 0.00999999999999979
0

0101000
+885 3 -2728 3 *
Wi

0101100
+2726 0 -853 0 -884 0 +857 0 *
Fa
0  1e-07 134 0

0101000
-852 0 *
Ed
 1e-07 1 1 0
1  916 0 0 0.00999999999999979
2  1831 133 0 0 0.00999999999999979
2  1832 132 0 0 0.00999999999999979
0

0101000
+883 3 -2730 3 *
Wi

0101100
+2727 0 -850 0 -882 0 +853 0 *
Fa
0  1e-07 133 0

0101000
-849 0 *
Ed
 1e-07 1 1 0
1  917 0 0 0.00999999999999979
2  1833 132 0 0 0.00999999999999979
2  1834 131 0 0 0.00999999999999979
0

0101000
+881 3 -2732 3 *
Wi

0101100
+2729 0 -847 0 -880 0 +850 0 *
Fa
0  1e-07 132 0

0101000
-846 0 *
Ed
 1e-07 1 1 0
1  918 0 0 0.00999999999999979
2  1835 131 0 0 0.00999999999999979
2  1836 130 0 0 0.00999999999999979
0

0101000
+879 3 -2734 3 *
Wi

0101100
+2731 0 -844 0 -878 0 +847 0 *
Fa
0  1e-07 131 0

0101000
-843 0 *
Ed
 1e-07 1 1 0
1  919 0 0 0.00999999999999979
2  1837 130 0 0 0.00999999999999979
2  1838 129 0 0 0.00999999999999979
0

0101000
+877 3 -2736 3 *
Wi

0101100
+2733 0 -841 0 -876 0 +844 0 *
Fa
0  1e-07 130 0

0101000
-840 0 *
Ed
 1e-07 1 1 0
1  920 0 0 0.00999999999999979
2  1839 129 0 0 0.00999999999999979
2  1840 128 0 0 0.00999999999999979
0

0101000
+875 3 -2738 3 *
Wi

0101100
+2735 0 -838 0 -874 0 +841 0 *
Fa
0  1e-07 129 0

0101000
-837 0 *
Wi

0101100
+2737 0 -856 0 -873 0 +838 0 *
Fa
0  1e-07 128 0

0101000
-835 0 *
Ve
1e-07
-5.995 2.538465622282 4.430618758359
0 0

0101101
*
Ve
1e-07
-5.995 2.424698776938 4.430618758359
0 0

0101101
*
Ed
 1e-07 1 1 0
1  921 0 0 0.113766845344
2  1841 405 0 0 0.113766845344
2  1842 411 0 0 0.113766845344
0

0101000
+833 3 -832 3 *
Ed
 1e-07 1 1 0
1  922 0 0 0.00999999999999979
2  1843 405 0 0 0.00999999999999979
2  1844 406 0 0 0.00999999999999979
0

0101000
+871 3 -833 3 *
Ed
 1e-07 1 1 0
1  923 0 0 0.00999999999999979
2  1845 405 0 0 0.00999999999999979
2  1846 410 0 0 0.00999999999999979
0

0101000
+870 3 -832 3 *
Wi

0101100
-831 0 -830 0 +869 0 +829 0 *
Fa
0  1e-07 405 0

0101000
+828 0 *
Ve
1e-07
-5.995 2.475906854316 4.571505956018
0 0

0101101
*
Ed
 1e-07 1 1 0
1  924 0 0 0.149904868676629
2  1847 410 0 0 0.149904868676629
2  1848 411 0 0 0.149904868676629
0

0101000
+832 3 -826 3 *
Ed
 1e-07 1 1 0
1  925 0 0 0.00999999999999979
2  1849 410 0 0 0.00999999999999979
2  1850 409 0 0 0.00999999999999979
0

0101000
+862 3 -826 3 *
Wi

0101100
-825 0 -829 0 +860 0 +824 0 *
Fa
0  1e-07 410 0

0101000
+823 0 *
Ve
1e-07
-5.995 2.481192290392 4.595247095108
0 0

0101101
*
Ed
 1e-07 1 1 0
1  926 0 1 2
2  1851 409 0 1 2
2  1852 411 0 1 2
0

0101000
+826 3 -821 3 *
Ed
 1e-07 1 1 0
1  927 0 0 0.00999999999999979
2  1853 409 0 0 0.00999999999999979
2  1854 408 0 0 0.00999999999999979
0

0101000
+864 3 -821 3 *
Wi

0101100
-820 0 -824 0 +861 0 +819 0 *
Fa
0  1e-07 409 0

0101000
+818 0 *
Ve
1e-07
-5.995 2.482232048307 4.595247095108
0 0

0101101
*
Ed
 1e-07 1 1 0
1  928 0 0 0.00103975791500011
2  1855 408 0 0 0.00103975791500011
2  1856 411 0 0 0.00103975791500011
0

0101000
+821 3 -816 3 *
Ed
 1e-07 1 1 0
1  929 0 0 0.00999999999999979
2  1857 408 0 0 0.00999999999999979
2  1858 407 0 0 0.00999999999999979
0

0101000
+866 3 -816 3 *
Wi

0101100
-815 0 -819 0 +863 0 +814 0 *
Fa
0  1e-07 408 0

0101000
+813 0 *
Ve
1e-07
-5.995 2.487777423861 4.571505956018
0 0

0101101
*
Ed
 1e-07 1 1 0
1  930 0 3 4
2  1859 407 0 3 4
2  1860 411 0 3 4
0

0101000
+816 3 -811 3 *
Ed
 1e-07 1 1 0
1  931 0 0 0.00999999999999979
2  1861 407 0 0 0.00999999999999979
2  1862 406 0 0 0.00999999999999979
0

0101000
+868 3 -811 3 *
Wi

0101100
-810 0 -814 0 +865 0 +809 0 *
Fa
0  1e-07 407 0

0101000
+808 0 *
Ed
 1e-07 1 1 0
1  932 0 0 0.149728073264077
2  1863 406 0 0 0.149728073264077
2  1864 411 0 0 0.149728073264077
0

0101000
+811 3 -833 3 *
Wi

0101100
-806 0 -809 0 +867 0 +830 0 *
Fa
0  1e-07 406 0

0101000
+805 0 *
Wi

0101100
+806 0 +831 0 +825 0 +820 0 +815 0 +810 0 *
Fa
0  1e-07 411 0

0101000
-803 0 *
Ve
1e-07
-6.005 3.506306949387 3.80052546107
0 0

0101101
*
Ed
 1e-07 1 1 0
1  933 0 0 0.00999999999999979
2  1865 71 0 0 0.00999999999999979
2  1866 82 0 0 0.00999999999999979
0

0101000
+801 3 -2864 3 *
Ve
1e-07
-6.005 3.506306949387 3.76188112518
0 0

0101101
*
Ed
 1e-07 1 1 0
1  934 0 -0.0386443358899999 0
2  1867 71 0 -0.0386443358899999 0
2  1868 412 0 -0.0386443358899999 0
0

0101000
+799 3 -801 3 *
Ed
 1e-07 1 1 0
1  935 0 0 0.00999999999999979
2  1869 71 0 0 0.00999999999999979
2  1870 72 0 0 0.00999999999999979
0

0101000
+799 3 -2865 3 *
Wi

0101100
+2863 0 -800 0 -798 0 +797 0 *
Fa
0  1e-07 71 0

0101000
-796 0 *
Ve
1e-07
-6.005 3.644854691737 3.80052546107
0 0

0101101
*
Ed
 1e-07 1 1 0
1  936 0 0 0.00999999999999979
2  1871 82 0 0 0.00999999999999979
2  1872 81 0 0 0.00999999999999979
0

0101000
+794 3 -2844 3 *
Ed
 1e-07 1 1 0
1  937 0 -0.13854774235 -0
2  1873 82 0 -0.13854774235 -0
2  1874 412 0 -0.13854774235 -0
0

0101000
+801 3 -794 3 *
Wi

0101100
+2842 0 -793 0 -792 0 +800 0 *
Fa
0  1e-07 82 0

0101000
-791 0 *
Ve
1e-07
-6.005 3.644854691737 3.914552245892
0 0

0101101
*
Ed
 1e-07 1 1 0
1  938 0 0 0.00999999999999979
2  1875 81 0 0 0.00999999999999979
2  1876 80 0 0 0.00999999999999979
0

0101000
+789 3 -2846 3 *
Ed
 1e-07 1 1 0
1  939 0 -0.114026784822 0
2  1877 81 0 -0.114026784822 0
2  1878 412 0 -0.114026784822 0
0

0101000
+794 3 -789 3 *
Wi

0101100
+2843 0 -788 0 -787 0 +793 0 *
Fa
0  1e-07 81 0

0101000
-786 0 *
Ve
1e-07
-6.005 3.523636247992 3.914552245892
0 0

0101101
*
Ed
 1e-07 1 1 0
1  940 0 0 0.00999999999999979
2  1879 80 0 0 0.00999999999999979
2  1880 79 0 0 0.00999999999999979
0

0101000
+784 3 -2848 3 *
Ed
 1e-07 1 1 0
1  941 0 -0.121218443745 0
2  1881 80 0 -0.121218443745 0
2  1882 412 0 -0.121218443745 0
0

0101000
+789 3 -784 3 *
Wi

0101100
+2845 0 -783 0 -782 0 +788 0 *
Fa
0  1e-07 80 0

0101000
-781 0 *
Ve
1e-07
-6.005 3.523636247992 3.953369874768
0 0

0101101
*
Ed
 1e-07 1 1 0
1  942 0 0 0.00999999999999979
2  1883 79 0 0 0.00999999999999979
2  1884 78 0 0 0.00999999999999979
0

0101000
+779 3 -2850 3 *
Ed
 1e-07 1 1 0
1  943 0 -0.038817628876 0
2  1885 79 0 -0.038817628876 0
2  1886 412 0 -0.038817628876 0
0

0101000
+784 3 -779 3 *
Wi

0101100
+2847 0 -778 0 -777 0 +783 0 *
Fa
0  1e-07 79 0

0101000
-776 0 *
Ve
1e-07
-6.005 3.644854691737 3.953369874768
0 0

0101101
*
Ed
 1e-07 1 1 0
1  944 0 0 0.00999999999999979
2  1887 78 0 0 0.00999999999999979
2  1888 77 0 0 0.00999999999999979
0

0101000
+774 3 -2852 3 *
Ed
 1e-07 1 1 0
1  945 0 -0.121218443745 -0
2  1889 78 0 -0.121218443745 -0
2  1890 412 0 -0.121218443745 -0
0

0101000
+779 3 -774 3 *
Wi

0101100
+2849 0 -773 0 -772 0 +778 0 *
Fa
0  1e-07 78 0

0101000
-771 0 *
Ve
1e-07
-6.005 3.644854691737 4.061851284038
0 0

0101101
*
Ed
 1e-07 1 1 0
1  946 0 0 0.00999999999999979
2  1891 77 0 0 0.00999999999999979
2  1892 76 0 0 0.00999999999999979
0

0101000
+769 3 -2854 3 *
Ed
 1e-07 1 1 0
1  947 0 -0.10848140927 0
2  1893 77 0 -0.10848140927 0
2  1894 412 0 -0.10848140927 0
0

0101000
+774 3 -769 3 *
Wi

0101100
+2851 0 -768 0 -767 0 +773 0 *
Fa
0  1e-07 77 0

0101000
-766 0 *
Ve
1e-07
-6.005 3.514018487267 4.061851284038
0 0

0101101
*
Ed
 1e-07 1 1 0
1  948 0 0 0.00999999999999979
2  1895 76 0 0 0.00999999999999979
2  1896 75 0 0 0.00999999999999979
0

0101000
+764 3 -2856 3 *
Ed
 1e-07 1 1 0
1  949 0 -0.13083620447 0
2  1897 76 0 -0.13083620447 0
2  1898 412 0 -0.13083620447 0
0

0101000
+769 3 -764 3 *
Wi

0101100
+2853 0 -763 0 -762 0 +768 0 *
Fa
0  1e-07 76 0

0101000
-761 0 *
Ve
1e-07
-6.005 3.514018487267 4.100842205899
0 0

0101101
*
Ed
 1e-07 1 1 0
1  950 0 0 0.00999999999999979
2  1899 75 0 0 0.00999999999999979
2  1900 74 0 0 0.00999999999999979
0

0101000
+759 3 -2858 3 *
Ed
 1e-07 1 1 0
1  951 0 -0.0389909218610001 0
2  1901 75 0 -0.0389909218610001 0
2  1902 412 0 -0.0389909218610001 0
0

0101000
+764 3 -759 3 *
Wi

0101100
+2855 0 -758 0 -757 0 +763 0 *
Fa
0  1e-07 75 0

0101000
-756 0 *
Ve
1e-07
-6.005 3.688611170715 4.100842205899
0 0

0101101
*
Ed
 1e-07 1 1 0
1  952 0 0 0.00999999999999979
2  1903 74 0 0 0.00999999999999979
2  1904 73 0 0 0.00999999999999979
0

0101000
+754 3 -2860 3 *
Ed
 1e-07 1 1 0
1  953 0 -0.174592683448 -0
2  1905 74 0 -0.174592683448 -0
2  1906 412 0 -0.174592683448 -0
0

0101000
+759 3 -754 3 *
Wi

0101100
+2857 0 -753 0 -752 0 +758 0 *
Fa
0  1e-07 74 0

0101000
-751 0 *
Ve
1e-07
-6.005 3.688611170715 3.76188112518
0 0

0101101
*
Ed
 1e-07 1 1 0
1  954 0 0 0.00999999999999979
2  1907 73 0 0 0.00999999999999979
2  1908 72 0 0 0.00999999999999979
0

0101000
+749 3 -2862 3 *
Ed
 1e-07 1 1 0
1  955 0 -0.338961080719 -0
2  1909 73 0 -0.338961080719 -0
2  1910 412 0 -0.338961080719 -0
0

0101000
+754 3 -749 3 *
Wi

0101100
+2859 0 -748 0 -747 0 +753 0 *
Fa
0  1e-07 73 0

0101000
-746 0 *
Ed
 1e-07 1 1 0
1  956 0 -0.182304221328 0
2  1911 72 0 -0.182304221328 0
2  1912 412 0 -0.182304221328 0
0

0101000
+749 3 -799 3 *
Wi

0101100
+2861 0 -797 0 -744 0 +748 0 *
Fa
0  1e-07 72 0

0101000
-743 0 *
Wi

0101100
+798 0 +792 0 +787 0 +782 0 +777 0 +772 0 +767 0 +762 0 +757 0 +752 0 
+747 0 +744 0 *
Fa
0  1e-07 412 0

0101000
-741 0 *
Ve
1e-07
-6.005 3.35866132527 4.00951680225
0 0

0101101
*
Ve
1e-07
-6.005 3.442015251562 3.986988714063
0 0

0101101
*
Ed
 1e-07 1 1 0
1  957 0 0 1
2  1913 413 0 0 1
2  1914 57 0 0 1
0

0101000
+739 3 -738 3 *
Ve
1e-07
-6.005 3.442015251562 3.945744983381
0 0

0101101
*
Ed
 1e-07 1 1 0
1  958 0 -0.0412437306819999 -0
2  1915 413 0 -0.0412437306819999 -0
2  1916 70 0 -0.0412437306819999 -0
0

0101000
+738 3 -736 3 *
Ve
1e-07
-6.005 3.362647063949 3.975031498025
0 0

0101101
*
Ed
 1e-07 1 1 0
1  959 0 12 13
2  1917 413 0 12 13
2  1918 69 0 12 13
0

0101000
+736 3 -734 3 *
Ve
1e-07
-6.005 3.313605148896 3.915765296796
0 0

0101101
*
Ed
 1e-07 1 1 0
1  960 0 11 12
2  1919 413 0 11 12
2  1920 68 0 11 12
0

0101000
+734 3 -732 3 *
Ve
1e-07
-6.005 3.385348445123 3.905714303604
0 0

0101101
*
Ed
 1e-07 1 1 0
1  961 0 -0.072443930164374 -0
2  1921 413 0 -0.072443930164374 -0
2  1922 67 0 -0.072443930164374 -0
0

0101000
+732 3 -730 3 *
Ve
1e-07
-6.005 3.465669744158 3.826692701964
0 0

0101101
*
Ed
 1e-07 1 1 0
1  962 0 9 10
2  1923 413 0 9 10
2  1924 66 0 9 10
0

0101000
+730 3 -728 3 *
Ve
1e-07
-6.005 3.444874585831 3.775224685105
0 0

0101101
*
Ed
 1e-07 1 1 0
1  963 0 8 9
2  1925 413 0 8 9
2  1926 65 0 8 9
0

0101000
+728 3 -726 3 *
Ve
1e-07
-6.005 3.388900951336 3.75616245664
0 0

0101101
*
Ed
 1e-07 1 1 0
1  964 0 7 8
2  1927 413 0 7 8
2  1928 64 0 7 8
0

0101000
+726 3 -724 3 *
Ve
1e-07
-6.005 3.314731553306 3.799312410167
0 0

0101101
*
Ed
 1e-07 1 1 0
1  965 0 6 7
2  1929 413 0 6 7
2  1930 63 0 6 7
0

0101000
+724 3 -722 3 *
Ve
1e-07
-6.005 3.313605148896 3.799312410167
0 0

0101101
*
Ed
 1e-07 1 1 0
1  966 0 -0.00112640440999989 0
2  1931 413 0 -0.00112640440999989 0
2  1932 62 0 -0.00112640440999989 0
0

0101000
+722 3 -720 3 *
Ve
1e-07
-6.005 3.313605148896 3.76188112518
0 0

0101101
*
Ed
 1e-07 1 1 0
1  967 0 -0.037431284987 -0
2  1933 413 0 -0.037431284987 -0
2  1934 61 0 -0.037431284987 -0
0

0101000
+720 3 -718 3 *
Ve
1e-07
-6.005 3.271148367313 3.76188112518
0 0

0101101
*
Ed
 1e-07 1 1 0
1  968 0 -0.0424567815829997 0
2  1935 413 0 -0.0424567815829997 0
2  1936 60 0 -0.0424567815829997 0
0

0101000
+718 3 -716 3 *
Ve
1e-07
-6.005 3.271148367313 3.91767151964
0 0

0101101
*
Ed
 1e-07 1 1 0
1  969 0 -0.15579039446 0
2  1937 413 0 -0.15579039446 0
2  1938 59 0 -0.15579039446 0
0

0101000
+716 3 -714 3 *
Ed
 1e-07 1 1 0
1  970 0 1 2
2  1939 413 0 1 2
2  1940 58 0 1 2
0

0101000
+714 3 -739 3 *
Wi

0101100
+737 0 +735 0 +733 0 +731 0 +729 0 +727 0 +725 0 +723 0 +721 0 +719 0 
+717 0 +715 0 +713 0 +712 0 *
Ve
1e-07
-6.005 3.41134239303 3.860831420215
0 0

0101101
*
Ve
1e-07
-6.005 3.422606437123 3.830158561684
0 0

0101101
*
Ed
 1e-07 1 1 0
1  971 0 1 2
2  1941 413 0 1 2
2  1942 414 0 1 2
0

0101000
+710 3 -709 3 *
Ve
1e-07
-6.005 3.370271955336 3.875734617017
0 0

0101101
*
Ed
 1e-07 1 1 0
1  972 0 0 1
2  1943 413 0 0 1
2  1944 415 0 0 1
0

0101000
+707 3 -710 3 *
Ve
1e-07
-6.005 3.313605148896 3.883359508404
0 0

0101101
*
Ed
 1e-07 1 1 0
1  973 0 0 0.0571774948801709
2  1945 413 0 0 0.0571774948801709
2  1946 416 0 0 0.0571774948801709
0

0101000
+705 3 -707 3 *
Ve
1e-07
-6.005 3.313605148896 3.860138248271
0 0

0101101
*
Ed
 1e-07 1 1 0
1  974 0 0 0.023221260133
2  1947 413 0 0 0.023221260133
2  1948 417 0 0 0.023221260133
0

0101000
+703 3 -705 3 *
Ve
1e-07
-6.005 3.331800912432 3.810749747247
0 0

0101101
*
Ed
 1e-07 1 1 0
1  975 0 5 6
2  1949 413 0 5 6
2  1950 418 0 5 6
0

0101000
+701 3 -703 3 *
Ve
1e-07
-6.005 3.377896846722 3.790994346836
0 0

0101101
*
Ed
 1e-07 1 1 0
1  976 0 4 5
2  1951 413 0 4 5
2  1952 419 0 4 5
0

0101000
+699 3 -701 3 *
Ve
1e-07
-6.005 3.410302635114 3.801911804957
0 0

0101101
*
Ed
 1e-07 1 1 0
1  977 0 3 4
2  1953 413 0 3 4
2  1954 420 0 3 4
0

0101000
+697 3 -699 3 *
Ed
 1e-07 1 1 0
1  978 0 2 3
2  1955 413 0 2 3
2  1956 421 0 2 3
0

0101000
+709 3 -697 3 *
Wi

0101100
-708 0 -706 0 -704 0 -702 0 -700 0 -698 0 -696 0 -695 0 *
Fa
0  1e-07 413 0

0101000
+711 0 +694 0 *
Ed
 1e-07 1 1 0
1  979 0 0 0.00999999999999979
2  1957 57 0 0 0.00999999999999979
2  1958 58 0 0 0.00999999999999979
4 G1 57 0 58 0
0

0101000
+739 3 -2894 3 *
Ed
 1e-07 1 1 0
1  980 0 0 0.00999999999999979
2  1959 57 0 0 0.00999999999999979
2  1960 70 0 0 0.00999999999999979
0

0101000
+738 3 -2893 3 *
Wi

0101100
-692 0 +737 0 +691 0 -2892 0 *
Fa
0  1e-07 57 0

0101000
+690 0 *
Ed
 1e-07 1 1 0
1  981 0 0 0.00999999999999979
2  1961 70 0 0 0.00999999999999979
2  1962 69 0 0 0.00999999999999979
0

0101000
+736 3 -2869 3 *
Wi

0101100
+2867 0 -688 0 -735 0 +691 0 *
Fa
0  1e-07 70 0

0101000
-687 0 *
Ed
 1e-07 1 1 0
1  982 0 0 0.00999999999999979
2  1963 69 0 0 0.00999999999999979
2  1964 68 0 0 0.00999999999999979
4 G1 69 0 68 0
0

0101000
+734 3 -2871 3 *
Wi

0101100
-688 0 +733 0 +685 0 -2868 0 *
Fa
0  1e-07 69 0

0101000
+684 0 *
Ed
 1e-07 1 1 0
1  983 0 0 0.00999999999999979
2  1965 68 0 0 0.00999999999999979
2  1966 67 0 0 0.00999999999999979
0

0101000
+732 3 -2873 3 *
Wi

0101100
-685 0 +731 0 +682 0 -2870 0 *
Fa
0  1e-07 68 0

0101000
+681 0 *
Ed
 1e-07 1 1 0
1  984 0 0 0.00999999999999979
2  1967 67 0 0 0.00999999999999979
2  1968 66 0 0 0.00999999999999979
4 G1 67 0 66 0
0

0101000
+730 3 -2875 3 *
Wi

0101100
+2872 0 -679 0 -729 0 +682 0 *
Fa
0  1e-07 67 0

0101000
-678 0 *
Ed
 1e-07 1 1 0
1  985 0 0 0.00999999999999979
2  1969 66 0 0 0.00999999999999979
2  1970 65 0 0 0.00999999999999979
4 G1 66 0 65 0
0

0101000
+728 3 -2877 3 *
Wi

0101100
-679 0 +727 0 +676 0 -2874 0 *
Fa
0  1e-07 66 0

0101000
+675 0 *
Ed
 1e-07 1 1 0
1  986 0 0 0.00999999999999979
2  1971 65 0 0 0.00999999999999979
2  1972 64 0 0 0.00999999999999979
4 C1 65 0 64 0
0

0101000
+726 3 -2879 3 *
Wi

0101100
-676 0 +725 0 +673 0 -2876 0 *
Fa
0  1e-07 65 0

0101000
+672 0 *
Ed
 1e-07 1 1 0
1  987 0 0 0.00999999999999979
2  1973 64 0 0 0.00999999999999979
2  1974 63 0 0 0.00999999999999979
4 G1 64 0 63 0
0

0101000
+724 3 -2881 3 *
Wi

0101100
-673 0 +723 0 +670 0 -2878 0 *
Fa
0  1e-07 64 0

0101000
+669 0 *
Ed
 1e-07 1 1 0
1  988 0 0 0.00999999999999979
2  1975 63 0 0 0.00999999999999979
2  1976 62 0 0 0.00999999999999979
0

0101000
+722 3 -2883 3 *
Wi

0101100
-670 0 +721 0 +667 0 -2880 0 *
Fa
0  1e-07 63 0

0101000
+666 0 *
Ed
 1e-07 1 1 0
1  989 0 0 0.00999999999999979
2  1977 62 0 0 0.00999999999999979
2  1978 61 0 0 0.00999999999999979
0

0101000
+720 3 -2885 3 *
Wi

0101100
+2882 0 -664 0 -719 0 +667 0 *
Fa
0  1e-07 62 0

0101000
-663 0 *
Ed
 1e-07 1 1 0
1  990 0 0 0.00999999999999979
2  1979 61 0 0 0.00999999999999979
2  1980 60 0 0 0.00999999999999979
0

0101000
+718 3 -2887 3 *
Wi

0101100
+2884 0 -661 0 -717 0 +664 0 *
Fa
0  1e-07 61 0

0101000
-660 0 *
Ed
 1e-07 1 1 0
1  991 0 0 0.00999999999999979
2  1981 60 0 0 0.00999999999999979
2  1982 59 0 0 0.00999999999999979
0

0101000
+716 3 -2889 3 *
Wi

0101100
+2886 0 -658 0 -715 0 +661 0 *
Fa
0  1e-07 60 0

0101000
-657 0 *
Ed
 1e-07 1 1 0
1  992 0 0 0.00999999999999979
2  1983 59 0 0 0.00999999999999979
2  1984 58 0 0 0.00999999999999979
4 G1 59 0 58 0
0

0101000
+714 3 -2891 3 *
Wi

0101100
+2888 0 -655 0 -713 0 +658 0 *
Fa
0  1e-07 59 0

0101000
-654 0 *
Wi

0101100
-655 0 +712 0 +692 0 -2890 0 *
Fa
0  1e-07 58 0

0101000
+652 0 *
Ve
1e-07
-5.995 3.370271955336 3.875734617017
0 0

0101101
*
Ve
1e-07
-5.995 3.41134239303 3.860831420215
0 0

0101101
*
Ed
 1e-07 1 1 0
1  993 0 0 1
2  1985 415 0 0 1
2  1986 422 0 0 1
0

0101000
+650 3 -649 3 *
Ed
 1e-07 1 1 0
1  994 0 0 0.00999999999999979
2  1987 415 0 0 0.00999999999999979
2  1988 416 0 0 0.00999999999999979
4 G1 415 0 416 0
0

0101000
+707 3 -650 3 *
Ed
 1e-07 1 1 0
1  995 0 0 0.00999999999999979
2  1989 415 0 0 0.00999999999999979
2  1990 414 0 0 0.00999999999999979
4 G1 415 0 414 0
0

0101000
+710 3 -649 3 *
Wi

0101100
-648 0 -647 0 +706 0 +646 0 *
Fa
0  1e-07 415 0

0101000
+645 0 *
Ve
1e-07
-5.995 3.422606437123 3.830158561684
0 0

0101101
*
Ed
 1e-07 1 1 0
1  996 0 1 2
2  1991 414 0 1 2
2  1992 422 0 1 2
0

0101000
+649 3 -643 3 *
Ed
 1e-07 1 1 0
1  997 0 0 0.00999999999999979
2  1993 414 0 0 0.00999999999999979
2  1994 421 0 0 0.00999999999999979
4 G1 414 0 421 0
0

0101000
+709 3 -643 3 *
Wi

0101100
-642 0 -646 0 +708 0 +641 0 *
Fa
0  1e-07 414 0

0101000
+640 0 *
Ve
1e-07
-5.995 3.410302635114 3.801911804957
0 0

0101101
*
Ed
 1e-07 1 1 0
1  998 0 2 3
2  1995 421 0 2 3
2  1996 422 0 2 3
0

0101000
+643 3 -638 3 *
Ed
 1e-07 1 1 0
1  999 0 0 0.00999999999999979
2  1997 421 0 0 0.00999999999999979
2  1998 420 0 0 0.00999999999999979
4 G1 421 0 420 0
0

0101000
+697 3 -638 3 *
Wi

0101100
-637 0 -641 0 +695 0 +636 0 *
Fa
0  1e-07 421 0

0101000
+635 0 *
Ve
1e-07
-5.995 3.377896846722 3.790994346836
0 0

0101101
*
Ed
 1e-07 1 1 0
1  1000 0 3 4
2  1999 420 0 3 4
2  2000 422 0 3 4
0

0101000
+638 3 -633 3 *
Ed
 1e-07 1 1 0
1  1001 0 0 0.00999999999999979
2  2001 420 0 0 0.00999999999999979
2  2002 419 0 0 0.00999999999999979
4 G1 420 0 419 0
0

0101000
+699 3 -633 3 *
Wi

0101100
-632 0 -636 0 +696 0 +631 0 *
Fa
0  1e-07 420 0

0101000
+630 0 *
Ve
1e-07
-5.995 3.331800912432 3.810749747247
0 0

0101101
*
Ed
 1e-07 1 1 0
1  1002 0 4 5
2  2003 419 0 4 5
2  2004 422 0 4 5
0

0101000
+633 3 -628 3 *
Ed
 1e-07 1 1 0
1  1003 0 0 0.00999999999999979
2  2005 419 0 0 0.00999999999999979
2  2006 418 0 0 0.00999999999999979
0

0101000
+701 3 -628 3 *
Wi

0101100
-627 0 -631 0 +698 0 +626 0 *
Fa
0  1e-07 419 0

0101000
+625 0 *
Ve
1e-07
-5.995 3.313605148896 3.860138248271
0 0

0101101
*
Ed
 1e-07 1 1 0
1  1004 0 5 6
2  2007 418 0 5 6
2  2008 422 0 5 6
0

0101000
+628 3 -623 3 *
Ed
 1e-07 1 1 0
1  1005 0 0 0.00999999999999979
2  2009 418 0 0 0.00999999999999979
2  2010 417 0 0 0.00999999999999979
4 G1 418 0 417 0
0

0101000
+703 3 -623 3 *
Wi

0101100
-622 0 -626 0 +700 0 +621 0 *
Fa
0  1e-07 418 0

0101000
+620 0 *
Ve
1e-07
-5.995 3.313605148896 3.883359508404
0 0

0101101
*
Ed
 1e-07 1 1 0
1  1006 0 0 0.023221260133
2  2011 417 0 0 0.023221260133
2  2012 422 0 0 0.023221260133
0

0101000
+623 3 -618 3 *
Ed
 1e-07 1 1 0
1  1007 0 0 0.00999999999999979
2  2013 417 0 0 0.00999999999999979
2  2014 416 0 0 0.00999999999999979
0

0101000
+705 3 -618 3 *
Wi

0101100
-617 0 -621 0 +702 0 +616 0 *
Fa
0  1e-07 417 0

0101000
+615 0 *
Ed
 1e-07 1 1 0
1  1008 0 0 0.0571774948801709
2  2015 416 0 0 0.0571774948801709
2  2016 422 0 0 0.0571774948801709
0

0101000
+618 3 -650 3 *
Wi

0101100
-613 0 -616 0 +704 0 +647 0 *
Fa
0  1e-07 416 0

0101000
+612 0 *
Wi

0101100
+613 0 +648 0 +642 0 +637 0 +632 0 +627 0 +622 0 +617 0 *
Fa
0  1e-07 422 0

0101000
-610 0 *
Ve
1e-07
-6.005 3.143778022564 3.790821053851
0 0

0101101
*
Ed
 1e-07 1 1 0
1  1009 0 0 0.00999999999999979
2  2017 135 0 0 0.00999999999999979
2  2018 136 0 0 0.00999999999999979
4 G1 135 0 136 0
0

0101000
+608 3 -2724 3 *
Ve
1e-07
-6.005 3.213615095944 3.814215606966
0 0

0101101
*
Ed
 1e-07 1 1 0
1  1010 0 0 1
2  2019 135 0 0 1
2  2020 423 0 0 1
0

0101000
+608 3 -606 3 *
Ed
 1e-07 1 1 0
1  1011 0 0 0.00999999999999979
2  2021 135 0 0 0.00999999999999979
2  2022 155 0 0 0.00999999999999979
0

0101000
+606 3 -2723 3 *
Wi

0101100
-607 0 +605 0 +604 0 -2722 0 *
Fa
0  1e-07 135 0

0101000
+603 0 *
Ve
1e-07
-6.005 3.213615095944 3.770372481497
0 0

0101101
*
Ed
 1e-07 1 1 0
1  1012 0 0 0.00999999999999979
2  2023 155 0 0 0.00999999999999979
2  2024 154 0 0 0.00999999999999979
0

0101000
+601 3 -2685 3 *
Ed
 1e-07 1 1 0
1  1013 0 -0.0438431254689999 -0
2  2025 155 0 -0.0438431254689999 -0
2  2026 423 0 -0.0438431254689999 -0
0

0101000
+606 3 -601 3 *
Wi

0101100
+2683 0 -600 0 -599 0 +604 0 *
Fa
0  1e-07 155 0

0101000
-598 0 *
Ve
1e-07
-6.005 3.147937054229 3.75616245664
0 0

0101101
*
Ed
 1e-07 1 1 0
1  1014 0 19 20
2  2027 154 0 19 20
2  2028 423 0 19 20
0

0101000
+601 3 -596 3 *
Ed
 1e-07 1 1 0
1  1015 0 0 0.00999999999999979
2  2029 154 0 0 0.00999999999999979
2  2030 153 0 0 0.00999999999999979
4 G1 154 0 153 0
0

0101000
+596 3 -2687 3 *
Wi

0101100
-600 0 +595 0 +594 0 -2684 0 *
Fa
0  1e-07 154 0

0101000
+593 0 *
Ve
1e-07
-6.005 3.077406808906 3.775397978091
0 0

0101101
*
Ed
 1e-07 1 1 0
1  1016 0 18 19
2  2031 153 0 18 19
2  2032 423 0 18 19
0

0101000
+596 3 -591 3 *
Ed
 1e-07 1 1 0
1  1017 0 0 0.00999999999999979
2  2033 153 0 0 0.00999999999999979
2  2034 152 0 0 0.00999999999999979
4 G1 153 0 152 0
0

0101000
+591 3 -2689 3 *
Wi

0101100
-594 0 +590 0 +589 0 -2686 0 *
Fa
0  1e-07 153 0

0101000
+588 0 *
Ve
1e-07
-6.005 3.050113163603 3.827732459879
0 0

0101101
*
Ed
 1e-07 1 1 0
1  1018 0 17 18
2  2035 152 0 17 18
2  2036 423 0 17 18
0

0101000
+591 3 -586 3 *
Ed
 1e-07 1 1 0
1  1019 0 0 0.00999999999999979
2  2037 152 0 0 0.00999999999999979
2  2038 151 0 0 0.00999999999999979
4 G1 152 0 151 0
0

0101000
+586 3 -2691 3 *
Wi

0101100
-589 0 +585 0 +584 0 -2688 0 *
Fa
0  1e-07 152 0

0101000
+583 0 *
Ve
1e-07
-6.005 3.064323188459 3.867763139658
0 0

0101101
*
Ed
 1e-07 1 1 0
1  1020 0 16 17
2  2039 151 0 16 17
2  2040 423 0 16 17
0

0101000
+586 3 -581 3 *
Ed
 1e-07 1 1 0
1  1021 0 0 0.00999999999999979
2  2041 151 0 0 0.00999999999999979
2  2042 150 0 0 0.00999999999999979
4 G1 151 0 150 0
0

0101000
+581 3 -2693 3 *
Wi

0101100
-584 0 +580 0 +579 0 -2690 0 *
Fa
0  1e-07 151 0

0101000
+578 0 *
Ve
1e-07
-6.005 3.119083772052 3.899129170133
0 0

0101101
*
Ed
 1e-07 1 1 0
1  1022 0 15 16
2  2043 150 0 15 16
2  2044 423 0 15 16
0

0101000
+581 3 -576 3 *
Ed
 1e-07 1 1 0
1  1023 0 0 0.00999999999999979
2  2045 150 0 0 0.00999999999999979
2  2046 149 0 0 0.00999999999999979
0

0101000
+576 3 -2695 3 *
Wi

0101100
-579 0 +575 0 +574 0 -2692 0 *
Fa
0  1e-07 150 0

0101000
+573 0 *
Ve
1e-07
-6.005 3.160327502733 3.919924328461
0 0

0101101
*
Ed
 1e-07 1 1 0
1  1024 0 14 15
2  2047 149 0 14 15
2  2048 423 0 14 15
0

0101000
+576 3 -571 3 *
Ed
 1e-07 1 1 0
1  1025 0 0 0.00999999999999979
2  2049 149 0 0 0.00999999999999979
2  2050 148 0 0 0.00999999999999979
4 G1 149 0 148 0
0

0101000
+571 3 -2697 3 *
Wi

0101100
-574 0 +570 0 +569 0 -2694 0 *
Fa
0  1e-07 149 0

0101000
+568 0 *
Ve
1e-07
-6.005 3.169598677487 3.942452416647
0 0

0101101
*
Ed
 1e-07 1 1 0
1  1026 0 13 14
2  2051 148 0 13 14
2  2052 423 0 13 14
0

0101000
+571 3 -566 3 *
Ed
 1e-07 1 1 0
1  1027 0 0 0.00999999999999979
2  2053 148 0 0 0.00999999999999979
2  2054 147 0 0 0.00999999999999979
4 C1 148 0 147 0
0

0101000
+566 3 -2699 3 *
Wi

0101100
-569 0 +565 0 +564 0 -2696 0 *
Fa
0  1e-07 148 0

0101000
+563 0 *
Ve
1e-07
-6.005 3.156688350025 3.966020262749
0 0

0101101
*
Ed
 1e-07 1 1 0
1  1028 0 12 13
2  2055 147 0 12 13
2  2056 423 0 12 13
0

0101000
+566 3 -561 3 *
Ed
 1e-07 1 1 0
1  1029 0 0 0.00999999999999979
2  2057 147 0 0 0.00999999999999979
2  2058 146 0 0 0.00999999999999979
0

0101000
+561 3 -2701 3 *
Wi

0101100
-564 0 +560 0 +559 0 -2698 0 *
Fa
0  1e-07 147 0

0101000
+558 0 *
Ve
1e-07
-6.005 3.123242803717 3.975031498025
0 0

0101101
*
Ed
 1e-07 1 1 0
1  1030 0 11 12
2  2059 146 0 11 12
2  2060 423 0 11 12
0

0101000
+561 3 -556 3 *
Ed
 1e-07 1 1 0
1  1031 0 0 0.00999999999999979
2  2061 146 0 0 0.00999999999999979
2  2062 145 0 0 0.00999999999999979
4 G1 146 0 145 0
0

0101000
+556 3 -2703 3 *
Wi

0101100
-559 0 +555 0 +554 0 -2700 0 *
Fa
0  1e-07 146 0

0101000
+553 0 *
Ve
1e-07
-6.005 3.061723793668 3.957528906433
0 0

0101101
*
Ed
 1e-07 1 1 0
1  1032 0 10 11
2  2063 145 0 10 11
2  2064 423 0 10 11
0

0101000
+556 3 -551 3 *
Ed
 1e-07 1 1 0
1  1033 0 0 0.00999999999999979
2  2065 145 0 0 0.00999999999999979
2  2066 144 0 0 0.00999999999999979
0

0101000
+551 3 -2705 3 *
Wi

0101100
-554 0 +550 0 +549 0 -2702 0 *
Fa
0  1e-07 145 0

0101000
+548 0 *
Ve
1e-07
-6.005 3.061723793668 3.998772637113
0 0

0101101
*
Ed
 1e-07 1 1 0
1  1034 0 0 0.00999999999999979
2  2067 144 0 0 0.00999999999999979
2  2068 143 0 0 0.00999999999999979
0

0101000
+546 3 -2707 3 *
Ed
 1e-07 1 1 0
1  1035 0 -0.0412437306799998 0
2  2069 144 0 -0.0412437306799998 0
2  2070 423 0 -0.0412437306799998 0
0

0101000
+551 3 -546 3 *
Wi

0101100
+2704 0 -545 0 -544 0 +549 0 *
Fa
0  1e-07 144 0

0101000
-543 0 *
Ve
1e-07
-6.005 3.119083772052 4.00951680225
0 0

0101101
*
Ed
 1e-07 1 1 0
1  1036 0 8 9
2  2071 143 0 8 9
2  2072 423 0 8 9
0

0101000
+546 3 -541 3 *
Ed
 1e-07 1 1 0
1  1037 0 0 0.00999999999999979
2  2073 143 0 0 0.00999999999999979
2  2074 142 0 0 0.00999999999999979
4 G1 143 0 142 0
0

0101000
+541 3 -2709 3 *
Wi

0101100
-545 0 +540 0 +539 0 -2706 0 *
Fa
0  1e-07 143 0

0101000
+538 0 *
Ve
1e-07
-6.005 3.186148157654 3.990281280796
0 0

0101101
*
Ed
 1e-07 1 1 0
1  1038 0 7 8
2  2075 142 0 7 8
2  2076 423 0 7 8
0

0101000
+541 3 -536 3 *
Ed
 1e-07 1 1 0
1  1039 0 0 0.00999999999999979
2  2077 142 0 0 0.00999999999999979
2  2078 141 0 0 0.00999999999999979
4 G1 142 0 141 0
0

0101000
+536 3 -2711 3 *
Wi

0101100
-539 0 +535 0 +534 0 -2708 0 *
Fa
0  1e-07 142 0

0101000
+533 0 *
Ve
1e-07
-6.005 3.213355156465 3.938639970954
0 0

0101101
*
Ed
 1e-07 1 1 0
1  1040 0 6 7
2  2079 141 0 6 7
2  2080 423 0 6 7
0

0101000
+536 3 -531 3 *
Ed
 1e-07 1 1 0
1  1041 0 0 0.00999999999999979
2  2081 141 0 0 0.00999999999999979
2  2082 140 0 0 0.00999999999999979
4 G1 141 0 140 0
0

0101000
+531 3 -2713 3 *
Wi

0101100
-534 0 +530 0 +529 0 -2710 0 *
Fa
0  1e-07 141 0

0101000
+528 0 *
Ve
1e-07
-6.005 3.201311293934 3.900342221036
0 0

0101101
*
Ed
 1e-07 1 1 0
1  1042 0 5 6
2  2083 140 0 5 6
2  2084 423 0 5 6
0

0101000
+531 3 -526 3 *
Ed
 1e-07 1 1 0
1  1043 0 0 0.00999999999999979
2  2085 140 0 0 0.00999999999999979
2  2086 139 0 0 0.00999999999999979
4 G1 140 0 139 0
0

0101000
+526 3 -2715 3 *
Wi

0101100
-529 0 +525 0 +524 0 -2712 0 *
Fa
0  1e-07 140 0

0101000
+523 0 *
Ve
1e-07
-6.005 3.149063458639 3.868283018616
0 0

0101101
*
Ed
 1e-07 1 1 0
1  1044 0 4 5
2  2087 139 0 4 5
2  2088 423 0 4 5
0

0101000
+526 3 -521 3 *
Ed
 1e-07 1 1 0
1  1045 0 0 0.00999999999999979
2  2089 139 0 0 0.00999999999999979
2  2090 138 0 0 0.00999999999999979
0

0101000
+521 3 -2717 3 *
Wi

0101100
-524 0 +520 0 +519 0 -2714 0 *
Fa
0  1e-07 139 0

0101000
+518 0 *
Ve
1e-07
-6.005 3.104613807717 3.846621395358
0 0

0101101
*
Ed
 1e-07 1 1 0
1  1046 0 3 4
2  2091 138 0 3 4
2  2092 423 0 3 4
0

0101000
+521 3 -516 3 *
Ed
 1e-07 1 1 0
1  1047 0 0 0.00999999999999979
2  2093 138 0 0 0.00999999999999979
2  2094 137 0 0 0.00999999999999979
4 C1 138 0 137 0
0

0101000
+516 3 -2719 3 *
Wi

0101100
-519 0 +515 0 +514 0 -2716 0 *
Fa
0  1e-07 138 0

0101000
+513 0 *
Ve
1e-07
-6.005 3.093696349595 3.823573428214
0 0

0101101
*
Ed
 1e-07 1 1 0
1  1048 0 2 3
2  2095 137 0 2 3
2  2096 423 0 2 3
0

0101000
+516 3 -511 3 *
Ed
 1e-07 1 1 0
1  1049 0 0 0.00999999999999979
2  2097 137 0 0 0.00999999999999979
2  2098 136 0 0 0.00999999999999979
4 G1 137 0 136 0
0

0101000
+511 3 -2721 3 *
Wi

0101100
-514 0 +510 0 +509 0 -2718 0 *
Fa
0  1e-07 137 0

0101000
+508 0 *
Ed
 1e-07 1 1 0
1  1050 0 1 2
2  2099 136 0 1 2
2  2100 423 0 1 2
0

0101000
+511 3 -608 3 *
Wi

0101100
-509 0 +506 0 +607 0 -2720 0 *
Fa
0  1e-07 136 0

0101000
+505 0 *
Wi

0101100
+605 0 +599 0 +595 0 +590 0 +585 0 +580 0 +575 0 +570 0 +565 0 +560 0 
+555 0 +550 0 +544 0 +540 0 +535 0 +530 0 +525 0 +520 0 +515 0 +510 0 
+506 0 *
Fa
0  1e-07 423 0

0101000
-503 0 *
Ve
1e-07
-6.005 2.83964883204 4.003971426695
0 0

0101101
*
Ed
 1e-07 1 1 0
1  1051 0 0 0.00999999999999979
2  2101 42 0 0 0.00999999999999979
2  2102 56 0 0 0.00999999999999979
0

0101000
+501 3 -2924 3 *
Ve
1e-07
-6.005 2.795632413585 4.003971426695
0 0

0101101
*
Ed
 1e-07 1 1 0
1  1052 0 -0.044016418455 -0
2  2103 42 0 -0.044016418455 -0
2  2104 424 0 -0.044016418455 -0
0

0101000
+499 3 -501 3 *
Ed
 1e-07 1 1 0
1  1053 0 0 0.00999999999999979
2  2105 42 0 0 0.00999999999999979
2  2106 43 0 0 0.00999999999999979
0

0101000
+499 3 -2925 3 *
Wi

0101100
+2923 0 -500 0 -498 0 +497 0 *
Fa
0  1e-07 42 0

0101000
-496 0 *
Ve
1e-07
-6.005 2.90576010622 3.821667205367
0 0

0101101
*
Ed
 1e-07 1 1 0
1  1054 0 0 0.00999999999999979
2  2107 56 0 0 0.00999999999999979
2  2108 55 0 0 0.00999999999999979
0

0101000
+494 3 -2898 3 *
Ed
 1e-07 1 1 0
1  1055 0 -0.19392145236593 -0
2  2109 56 0 -0.19392145236593 -0
2  2110 424 0 -0.19392145236593 -0
0

0101000
+501 3 -494 3 *
Wi

0101100
+2896 0 -493 0 -492 0 +500 0 *
Fa
0  1e-07 56 0

0101000
-491 0 *
Ve
1e-07
-6.005 2.910958895803 3.802085097943
0 0

0101101
*
Ed
 1e-07 1 1 0
1  1056 0 12 13
2  2111 55 0 12 13
2  2112 424 0 12 13
0

0101000
+494 3 -489 3 *
Ed
 1e-07 1 1 0
1  1057 0 0 0.00999999999999979
2  2113 55 0 0 0.00999999999999979
2  2114 54 0 0 0.00999999999999979
0

0101000
+489 3 -2900 3 *
Wi

0101100
-493 0 +488 0 +487 0 -2897 0 *
Fa
0  1e-07 55 0

0101000
+486 0 *
Ve
1e-07
-6.005 2.912085300211 3.802085097943
0 0

0101101
*
Ed
 1e-07 1 1 0
1  1058 0 0 0.00999999999999979
2  2115 54 0 0 0.00999999999999979
2  2116 53 0 0 0.00999999999999979
0

0101000
+484 3 -2902 3 *
Ed
 1e-07 1 1 0
1  1059 0 -0.00112640440799971 -0
2  2117 54 0 -0.00112640440799971 -0
2  2118 424 0 -0.00112640440799971 -0
0

0101000
+489 3 -484 3 *
Wi

0101100
+2899 0 -483 0 -482 0 +487 0 *
Fa
0  1e-07 54 0

0101000
-481 0 *
Ve
1e-07
-6.005 2.917284089794 3.822013791339
0 0

0101101
*
Ed
 1e-07 1 1 0
1  1060 0 0 0.00999999999999979
2  2119 53 0 0 0.00999999999999979
2  2120 52 0 0 0.00999999999999979
0

0101000
+479 3 -2904 3 *
Ed
 1e-07 1 1 0
1  1061 0 -0.0205956362756798 0
2  2121 53 0 -0.0205956362756798 0
2  2122 424 0 -0.0205956362756798 0
0

0101000
+484 3 -479 3 *
Wi

0101100
+2901 0 -478 0 -477 0 +483 0 *
Fa
0  1e-07 53 0

0101000
-476 0 *
Ve
1e-07
-6.005 2.980536029702 4.003971426695
0 0

0101101
*
Ed
 1e-07 1 1 0
1  1062 0 0 0.00999999999999979
2  2123 52 0 0 0.00999999999999979
2  2124 51 0 0 0.00999999999999979
0

0101000
+474 3 -2906 3 *
Ed
 1e-07 1 1 0
1  1063 0 -0.192637973843353 0
2  2125 52 0 -0.192637973843353 0
2  2126 424 0 -0.192637973843353 0
0

0101000
+479 3 -474 3 *
Wi

0101100
+2903 0 -473 0 -472 0 +478 0 *
Fa
0  1e-07 52 0

0101000
-471 0 *
Ve
1e-07
-6.005 3.028018307881 4.003971426695
0 0

0101101
*
Ed
 1e-07 1 1 0
1  1064 0 0 0.00999999999999979
2  2127 51 0 0 0.00999999999999979
2  2128 50 0 0 0.00999999999999979
0

0101000
+469 3 -2908 3 *
Ed
 1e-07 1 1 0
1  1065 0 -0.0474822781790003 -0
2  2129 51 0 -0.0474822781790003 -0
2  2130 424 0 -0.0474822781790003 -0
0

0101000
+474 3 -469 3 *
Wi

0101100
+2905 0 -468 0 -467 0 +473 0 *
Fa
0  1e-07 51 0

0101000
-466 0 *
Ve
1e-07
-6.005 2.933053751524 3.762401004138
0 0

0101101
*
Ed
 1e-07 1 1 0
1  1066 0 0 0.00999999999999979
2  2131 50 0 0 0.00999999999999979
2  2132 49 0 0 0.00999999999999979
0

0101000
+464 3 -2910 3 *
Ed
 1e-07 1 1 0
1  1067 0 -0.259566053285959 0
2  2133 50 0 -0.259566053285959 0
2  2134 424 0 -0.259566053285959 0
0

0101000
+469 3 -464 3 *
Wi

0101100
+2907 0 -463 0 -462 0 +468 0 *
Fa
0  1e-07 50 0

0101000
-461 0 *
Ve
1e-07
-6.005 2.951682747525 3.71838458568
0 0

0101101
*
Ed
 1e-07 1 1 0
1  1068 0 0 0.00999999999999979
2  2135 49 0 0 0.00999999999999979
2  2136 48 0 0 0.00999999999999979
4 G1 49 0 48 0
0

0101000
+459 3 -2912 3 *
Ed
 1e-07 1 1 0
1  1069 0 -0.0477962821344404 -0
2  2137 49 0 -0.0477962821344404 -0
2  2138 424 0 -0.0477962821344404 -0
0

0101000
+464 3 -459 3 *
Wi

0101100
+2909 0 -458 0 -457 0 +463 0 *
Fa
0  1e-07 49 0

0101000
-456 0 *
Ve
1e-07
-6.005 2.995179287025 3.684245867427
0 0

0101101
*
Ed
 1e-07 1 1 0
1  1070 0 5 6
2  2139 48 0 5 6
2  2140 424 0 5 6
0

0101000
+459 3 -454 3 *
Ed
 1e-07 1 1 0
1  1071 0 0 0.00999999999999979
2  2141 48 0 0 0.00999999999999979
2  2142 47 0 0 0.00999999999999979
4 G1 48 0 47 0
0

0101000
+454 3 -2914 3 *
Wi

0101100
-458 0 +453 0 +452 0 -2911 0 *
Fa
0  1e-07 48 0

0101000
+451 0 *
Ve
1e-07
-6.005 3.019267012085 3.689098071038
0 0

0101101
*
Ed
 1e-07 1 1 0
1  1072 0 4 5
2  2143 47 0 4 5
2  2144 424 0 4 5
0

0101000
+454 3 -449 3 *
Ed
 1e-07 1 1 0
1  1073 0 0 0.00999999999999979
2  2145 47 0 0 0.00999999999999979
2  2146 46 0 0 0.00999999999999979
0

0101000
+449 3 -2916 3 *
Wi

0101100
-452 0 +448 0 +447 0 -2913 0 *
Fa
0  1e-07 47 0

0101000
+446 0 *
Ve
1e-07
-6.005 3.019267012085 3.651320200078
0 0

0101101
*
Ed
 1e-07 1 1 0
1  1074 0 0 0.00999999999999979
2  2147 46 0 0 0.00999999999999979
2  2148 45 0 0 0.00999999999999979
0

0101000
+444 3 -2918 3 *
Ed
 1e-07 1 1 0
1  1075 0 -0.0377778709599998 -0
2  2149 46 0 -0.0377778709599998 -0
2  2150 424 0 -0.0377778709599998 -0
0

0101000
+449 3 -444 3 *
Wi

0101100
+2915 0 -443 0 -442 0 +447 0 *
Fa
0  1e-07 46 0

0101000
-441 0 *
Ve
1e-07
-6.005 2.991886720289 3.647854340356
0 0

0101101
*
Ed
 1e-07 1 1 0
1  1076 0 2 3
2  2151 45 0 2 3
2  2152 424 0 2 3
0

0101000
+444 3 -439 3 *
Ed
 1e-07 1 1 0
1  1077 0 0 0.00999999999999979
2  2153 45 0 0 0.00999999999999979
2  2154 44 0 0 0.00999999999999979
4 G1 45 0 44 0
0

0101000
+439 3 -2920 3 *
Wi

0101100
-443 0 +438 0 +437 0 -2917 0 *
Fa
0  1e-07 45 0

0101000
+436 0 *
Ve
1e-07
-6.005 2.905500166742 3.725316305123
0 0

0101101
*
Ed
 1e-07 1 1 0
1  1078 0 1 2
2  2155 44 0 1 2
2  2156 424 0 1 2
0

0101000
+439 3 -434 3 *
Ed
 1e-07 1 1 0
1  1079 0 0 0.00999999999999979
2  2157 44 0 0 0.00999999999999979
2  2158 43 0 0 0.00999999999999979
4 G1 44 0 43 0
0

0101000
+434 3 -2922 3 *
Wi

0101100
-437 0 +433 0 +432 0 -2919 0 *
Fa
0  1e-07 44 0

0101000
+431 0 *
Ed
 1e-07 1 1 0
1  1080 0 -0.299532302034478 0
2  2159 43 0 -0.299532302034478 0
2  2160 424 0 -0.299532302034478 0
0

0101000
+434 3 -499 3 *
Wi

0101100
+2921 0 -497 0 -429 0 +432 0 *
Fa
0  1e-07 43 0

0101000
-428 0 *
Wi

0101100
+498 0 +492 0 +488 0 +482 0 +477 0 +472 0 +467 0 +462 0 +457 0 +453 0 
+448 0 +442 0 +438 0 +433 0 +429 0 *
Fa
0  1e-07 424 0

0101000
+426 0 *
Ve
1e-07
-6.005 2.567578843938 3.80052546107
0 0

0101101
*
Ed
 1e-07 1 1 0
1  1081 0 0 0.00999999999999979
2  2161 156 0 0 0.00999999999999979
2  2162 167 0 0 0.00999999999999979
0

0101000
+424 3 -2680 3 *
Ve
1e-07
-6.005 2.567578843938 3.76188112518
0 0

0101101
*
Ed
 1e-07 1 1 0
1  1082 0 -0.0386443358899999 0
2  2163 156 0 -0.0386443358899999 0
2  2164 425 0 -0.0386443358899999 0
0

0101000
+422 3 -424 3 *
Ed
 1e-07 1 1 0
1  1083 0 0 0.00999999999999979
2  2165 156 0 0 0.00999999999999979
2  2166 157 0 0 0.00999999999999979
0

0101000
+422 3 -2681 3 *
Wi

0101100
+2679 0 -423 0 -421 0 +420 0 *
Fa
0  1e-07 156 0

0101000
-419 0 *
Ve
1e-07
-6.005 2.706126586286 3.80052546107
0 0

0101101
*
Ed
 1e-07 1 1 0
1  1084 0 0 0.00999999999999979
2  2167 167 0 0 0.00999999999999979
2  2168 166 0 0 0.00999999999999979
0

0101000
+417 3 -2660 3 *
Ed
 1e-07 1 1 0
1  1085 0 -0.138547742348 -0
2  2169 167 0 -0.138547742348 -0
2  2170 425 0 -0.138547742348 -0
0

0101000
+424 3 -417 3 *
Wi

0101100
+2658 0 -416 0 -415 0 +423 0 *
Fa
0  1e-07 167 0

0101000
-414 0 *
Ve
1e-07
-6.005 2.706126586286 3.914552245892
0 0

0101101
*
Ed
 1e-07 1 1 0
1  1086 0 0 0.00999999999999979
2  2171 166 0 0 0.00999999999999979
2  2172 165 0 0 0.00999999999999979
0

0101000
+412 3 -2662 3 *
Ed
 1e-07 1 1 0
1  1087 0 -0.114026784822 0
2  2173 166 0 -0.114026784822 0
2  2174 425 0 -0.114026784822 0
0

0101000
+417 3 -412 3 *
Wi

0101100
+2659 0 -411 0 -410 0 +416 0 *
Fa
0  1e-07 166 0

0101000
-409 0 *
Ve
1e-07
-6.005 2.584908142544 3.914552245892
0 0

0101101
*
Ed
 1e-07 1 1 0
1  1088 0 0 0.00999999999999979
2  2175 165 0 0 0.00999999999999979
2  2176 164 0 0 0.00999999999999979
0

0101000
+407 3 -2664 3 *
Ed
 1e-07 1 1 0
1  1089 0 -0.121218443742 0
2  2177 165 0 -0.121218443742 0
2  2178 425 0 -0.121218443742 0
0

0101000
+412 3 -407 3 *
Wi

0101100
+2661 0 -406 0 -405 0 +411 0 *
Fa
0  1e-07 165 0

0101000
-404 0 *
Ve
1e-07
-6.005 2.584908142544 3.953369874768
0 0

0101101
*
Ed
 1e-07 1 1 0
1  1090 0 0 0.00999999999999979
2  2179 164 0 0 0.00999999999999979
2  2180 163 0 0 0.00999999999999979
0

0101000
+402 3 -2666 3 *
Ed
 1e-07 1 1 0
1  1091 0 -0.038817628876 0
2  2181 164 0 -0.038817628876 0
2  2182 425 0 -0.038817628876 0
0

0101000
+407 3 -402 3 *
Wi

0101100
+2663 0 -401 0 -400 0 +406 0 *
Fa
0  1e-07 164 0

0101000
-399 0 *
Ve
1e-07
-6.005 2.706126586286 3.953369874768
0 0

0101101
*
Ed
 1e-07 1 1 0
1  1092 0 0 0.00999999999999979
2  2183 163 0 0 0.00999999999999979
2  2184 162 0 0 0.00999999999999979
0

0101000
+397 3 -2668 3 *
Ed
 1e-07 1 1 0
1  1093 0 -0.121218443742 -0
2  2185 163 0 -0.121218443742 -0
2  2186 425 0 -0.121218443742 -0
0

0101000
+402 3 -397 3 *
Wi

0101100
+2665 0 -396 0 -395 0 +401 0 *
Fa
0  1e-07 163 0

0101000
-394 0 *
Ve
1e-07
-6.005 2.706126586286 4.061851284038
0 0

0101101
*
Ed
 1e-07 1 1 0
1  1094 0 0 0.00999999999999979
2  2187 162 0 0 0.00999999999999979
2  2188 161 0 0 0.00999999999999979
0

0101000
+392 3 -2670 3 *
Ed
 1e-07 1 1 0
1  1095 0 -0.10848140927 0
2  2189 162 0 -0.10848140927 0
2  2190 425 0 -0.10848140927 0
0

0101000
+397 3 -392 3 *
Wi

0101100
+2667 0 -391 0 -390 0 +396 0 *
Fa
0  1e-07 162 0

0101000
-389 0 *
Ve
1e-07
-6.005 2.575290381818 4.061851284038
0 0

0101101
*
Ed
 1e-07 1 1 0
1  1096 0 0 0.00999999999999979
2  2191 161 0 0 0.00999999999999979
2  2192 160 0 0 0.00999999999999979
0

0101000
+387 3 -2672 3 *
Ed
 1e-07 1 1 0
1  1097 0 -0.130836204468 0
2  2193 161 0 -0.130836204468 0
2  2194 425 0 -0.130836204468 0
0

0101000
+392 3 -387 3 *
Wi

0101100
+2669 0 -386 0 -385 0 +391 0 *
Fa
0  1e-07 161 0

0101000
-384 0 *
Ve
1e-07
-6.005 2.575290381818 4.100842205899
0 0

0101101
*
Ed
 1e-07 1 1 0
1  1098 0 0 0.00999999999999979
2  2195 160 0 0 0.00999999999999979
2  2196 159 0 0 0.00999999999999979
0

0101000
+382 3 -2674 3 *
Ed
 1e-07 1 1 0
1  1099 0 -0.0389909218610001 0
2  2197 160 0 -0.0389909218610001 0
2  2198 425 0 -0.0389909218610001 0
0

0101000
+387 3 -382 3 *
Wi

0101100
+2671 0 -381 0 -380 0 +386 0 *
Fa
0  1e-07 160 0

0101000
-379 0 *
Ve
1e-07
-6.005 2.749883065266 4.100842205899
0 0

0101101
*
Ed
 1e-07 1 1 0
1  1100 0 0 0.00999999999999979
2  2199 159 0 0 0.00999999999999979
2  2200 158 0 0 0.00999999999999979
0

0101000
+377 3 -2676 3 *
Ed
 1e-07 1 1 0
1  1101 0 -0.174592683448 -0
2  2201 159 0 -0.174592683448 -0
2  2202 425 0 -0.174592683448 -0
0

0101000
+382 3 -377 3 *
Wi

0101100
+2673 0 -376 0 -375 0 +381 0 *
Fa
0  1e-07 159 0

0101000
-374 0 *
Ve
1e-07
-6.005 2.749883065266 3.76188112518
0 0

0101101
*
Ed
 1e-07 1 1 0
1  1102 0 0 0.00999999999999979
2  2203 158 0 0 0.00999999999999979
2  2204 157 0 0 0.00999999999999979
0

0101000
+372 3 -2678 3 *
Ed
 1e-07 1 1 0
1  1103 0 -0.338961080719 -0
2  2205 158 0 -0.338961080719 -0
2  2206 425 0 -0.338961080719 -0
0

0101000
+377 3 -372 3 *
Wi

0101100
+2675 0 -371 0 -370 0 +376 0 *
Fa
0  1e-07 158 0

0101000
-369 0 *
Ed
 1e-07 1 1 0
1  1104 0 -0.182304221328 0
2  2207 157 0 -0.182304221328 0
2  2208 425 0 -0.182304221328 0
0

0101000
+372 3 -422 3 *
Wi

0101100
+2677 0 -420 0 -367 0 +371 0 *
Fa
0  1e-07 157 0

0101000
-366 0 *
Wi

0101100
+421 0 +415 0 +410 0 +405 0 +400 0 +395 0 +390 0 +385 0 +380 0 +375 0 
+370 0 +367 0 *
Fa
0  1e-07 425 0

0101000
-364 0 *
Ve
1e-07
-6.005 2.50354708559 3.76188112518
0 0

0101101
*
Ve
1e-07
-6.005 2.410315459094 3.76188112518
0 0

0101101
*
Ed
 1e-07 1 1 0
1  1105 0 -0.0932316264960003 0
2  2209 426 0 -0.0932316264960003 0
2  2210 168 0 -0.0932316264960003 0
0

0101000
+362 3 -361 3 *
Ve
1e-07
-6.005 2.278699436189 3.809363403358
0 0

0101101
*
Ed
 1e-07 1 1 0
1  1106 0 5 6
2  2211 426 0 5 6
2  2212 174 0 5 6
0

0101000
+361 3 -359 3 *
Ve
1e-07
-6.005 2.227578005301 3.93569399019
0 0

0101101
*
Ed
 1e-07 1 1 0
1  1107 0 4 5
2  2213 426 0 4 5
2  2214 173 0 4 5
0

0101000
+359 3 -357 3 *
Ve
1e-07
-6.005 2.278699436189 4.055959322512
0 0

0101101
*
Ed
 1e-07 1 1 0
1  1108 0 3 4
2  2215 426 0 3 4
2  2216 172 0 3 4
0

0101000
+357 3 -355 3 *
Ve
1e-07
-6.005 2.406849599374 4.100842205899
0 0

0101101
*
Ed
 1e-07 1 1 0
1  1109 0 2 3
2  2217 426 0 2 3
2  2218 171 0 2 3
0

0101000
+355 3 -353 3 *
Ve
1e-07
-6.005 2.50354708559 4.100842205899
0 0

0101101
*
Ed
 1e-07 1 1 0
1  1110 0 -0.0966974862160002 -0
2  2219 426 0 -0.0966974862160002 -0
2  2220 170 0 -0.0966974862160002 -0
0

0101000
+353 3 -351 3 *
Ed
 1e-07 1 1 0
1  1111 0 -0.338961080719 -0
2  2221 426 0 -0.338961080719 -0
2  2222 169 0 -0.338961080719 -0
0

0101000
+351 3 -362 3 *
Wi

0101100
+360 0 +358 0 +356 0 +354 0 +352 0 +350 0 +349 0 *
Ve
1e-07
-6.005 2.459790606613 4.061851284038
0 0

0101101
*
Ve
1e-07
-6.005 2.459790606613 3.80052546107
0 0

0101101
*
Ed
 1e-07 1 1 0
1  1112 0 0 0.261325822968
2  2223 426 0 0 0.261325822968
2  2224 427 0 0 0.261325822968
0

0101000
+347 3 -346 3 *
Ve
1e-07
-6.005 2.408582529235 4.061851284038
0 0

0101101
*
Ed
 1e-07 1 1 0
1  1113 0 0 0.0512080773780004
2  2225 426 0 0 0.0512080773780004
2  2226 428 0 0 0.0512080773780004
0

0101000
+344 3 -347 3 *
Ve
1e-07
-6.005 2.310758638609 4.029965374604
0 0

0101101
*
Ed
 1e-07 1 1 0
1  1114 0 5 6
2  2227 426 0 5 6
2  2228 429 0 5 6
0

0101000
+342 3 -344 3 *
Ve
1e-07
-6.005 2.273587293102 3.934480939289
0 0

0101101
*
Ed
 1e-07 1 1 0
1  1115 0 4 5
2  2229 426 0 4 5
2  2230 430 0 4 5
0

0101000
+340 3 -342 3 *
Ve
1e-07
-6.005 2.309805527185 3.835877230224
0 0

0101101
*
Ed
 1e-07 1 1 0
1  1116 0 3 4
2  2231 426 0 3 4
2  2232 431 0 3 4
0

0101000
+338 3 -340 3 *
Ve
1e-07
-6.005 2.410575398575 3.80052546107
0 0

0101101
*
Ed
 1e-07 1 1 0
1  1117 0 2 3
2  2233 426 0 2 3
2  2234 432 0 2 3
0

0101000
+336 3 -338 3 *
Ed
 1e-07 1 1 0
1  1118 0 0 0.0492152080380004
2  2235 426 0 0 0.0492152080380004
2  2236 433 0 0 0.0492152080380004
0

0101000
+346 3 -336 3 *
Wi

0101100
-345 0 -343 0 -341 0 -339 0 -337 0 -335 0 -334 0 *
Fa
0  1e-07 426 0

0101000
+348 0 +333 0 *
Ed
 1e-07 1 1 0
1  1119 0 0 0.00999999999999979
2  2237 168 0 0 0.00999999999999979
2  2238 174 0 0 0.00999999999999979
4 G1 168 0 174 0
0

0101000
+361 3 -2655 3 *
Ed
 1e-07 1 1 0
1  1120 0 0 0.00999999999999979
2  2239 168 0 0 0.00999999999999979
2  2240 169 0 0 0.00999999999999979
0

0101000
+362 3 -2656 3 *
Wi

0101100
+2654 0 -331 0 -360 0 +330 0 *
Fa
0  1e-07 168 0

0101000
-329 0 *
Ed
 1e-07 1 1 0
1  1121 0 0 0.00999999999999979
2  2241 174 0 0 0.00999999999999979
2  2242 173 0 0 0.00999999999999979
4 C1 174 0 173 0
0

0101000
+359 3 -2645 3 *
Wi

0101100
-331 0 +358 0 +327 0 -2643 0 *
Fa
0  1e-07 174 0

0101000
+326 0 *
Ed
 1e-07 1 1 0
1  1122 0 0 0.00999999999999979
2  2243 173 0 0 0.00999999999999979
2  2244 172 0 0 0.00999999999999979
4 G1 173 0 172 0
0

0101000
+357 3 -2647 3 *
Wi

0101100
-327 0 +356 0 +324 0 -2644 0 *
Fa
0  1e-07 173 0

0101000
+323 0 *
Ed
 1e-07 1 1 0
1  1123 0 0 0.00999999999999979
2  2245 172 0 0 0.00999999999999979
2  2246 171 0 0 0.00999999999999979
4 C1 172 0 171 0
0

0101000
+355 3 -2649 3 *
Wi

0101100
-324 0 +354 0 +321 0 -2646 0 *
Fa
0  1e-07 172 0

0101000
+320 0 *
Ed
 1e-07 1 1 0
1  1124 0 0 0.00999999999999979
2  2247 171 0 0 0.00999999999999979
2  2248 170 0 0 0.00999999999999979
4 G1 171 0 170 0
0

0101000
+353 3 -2651 3 *
Wi

0101100
-321 0 +352 0 +318 0 -2648 0 *
Fa
0  1e-07 171 0

0101000
+317 0 *
Ed
 1e-07 1 1 0
1  1125 0 0 0.00999999999999979
2  2249 170 0 0 0.00999999999999979
2  2250 169 0 0 0.00999999999999979
0

0101000
+351 3 -2653 3 *
Wi

0101100
+2650 0 -315 0 -350 0 +318 0 *
Fa
0  1e-07 170 0

0101000
-314 0 *
Wi

0101100
+2652 0 -330 0 -349 0 +315 0 *
Fa
0  1e-07 169 0

0101000
-312 0 *
Ve
1e-07
-5.995 2.408582529235 4.061851284038
0 0

0101101
*
Ve
1e-07
-5.995 2.459790606613 4.061851284038
0 0

0101101
*
Ed
 1e-07 1 1 0
1  1126 0 0 0.0512080773780004
2  2251 428 0 0 0.0512080773780004
2  2252 434 0 0 0.0512080773780004
0

0101000
+310 3 -309 3 *
Ed
 1e-07 1 1 0
1  1127 0 0 0.00999999999999979
2  2253 428 0 0 0.00999999999999979
2  2254 429 0 0 0.00999999999999979
4 G1 428 0 429 0
0

0101000
+344 3 -310 3 *
Ed
 1e-07 1 1 0
1  1128 0 0 0.00999999999999979
2  2255 428 0 0 0.00999999999999979
2  2256 427 0 0 0.00999999999999979
0

0101000
+347 3 -309 3 *
Wi

0101100
-308 0 -307 0 +343 0 +306 0 *
Fa
0  1e-07 428 0

0101000
+305 0 *
Ve
1e-07
-5.995 2.459790606613 3.80052546107
0 0

0101101
*
Ed
 1e-07 1 1 0
1  1129 0 0 0.261325822968
2  2257 427 0 0 0.261325822968
2  2258 434 0 0 0.261325822968
0

0101000
+309 3 -303 3 *
Ed
 1e-07 1 1 0
1  1130 0 0 0.00999999999999979
2  2259 427 0 0 0.00999999999999979
2  2260 433 0 0 0.00999999999999979
0

0101000
+346 3 -303 3 *
Wi

0101100
-302 0 -306 0 +345 0 +301 0 *
Fa
0  1e-07 427 0

0101000
+300 0 *
Ve
1e-07
-5.995 2.410575398575 3.80052546107
0 0

0101101
*
Ed
 1e-07 1 1 0
1  1131 0 0 0.0492152080380004
2  2261 433 0 0 0.0492152080380004
2  2262 434 0 0 0.0492152080380004
0

0101000
+303 3 -298 3 *
Ed
 1e-07 1 1 0
1  1132 0 0 0.00999999999999979
2  2263 433 0 0 0.00999999999999979
2  2264 432 0 0 0.00999999999999979
4 G1 433 0 432 0
0

0101000
+336 3 -298 3 *
Wi

0101100
-297 0 -301 0 +334 0 +296 0 *
Fa
0  1e-07 433 0

0101000
+295 0 *
Ve
1e-07
-5.995 2.309805527185 3.835877230224
0 0

0101101
*
Ed
 1e-07 1 1 0
1  1133 0 2 3
2  2265 432 0 2 3
2  2266 434 0 2 3
0

0101000
+298 3 -293 3 *
Ed
 1e-07 1 1 0
1  1134 0 0 0.00999999999999979
2  2267 432 0 0 0.00999999999999979
2  2268 431 0 0 0.00999999999999979
4 G1 432 0 431 0
0

0101000
+338 3 -293 3 *
Wi

0101100
-292 0 -296 0 +335 0 +291 0 *
Fa
0  1e-07 432 0

0101000
+290 0 *
Ve
1e-07
-5.995 2.273587293102 3.934480939289
0 0

0101101
*
Ed
 1e-07 1 1 0
1  1135 0 3 4
2  2269 431 0 3 4
2  2270 434 0 3 4
0

0101000
+293 3 -288 3 *
Ed
 1e-07 1 1 0
1  1136 0 0 0.00999999999999979
2  2271 431 0 0 0.00999999999999979
2  2272 430 0 0 0.00999999999999979
4 C1 431 0 430 0
0

0101000
+340 3 -288 3 *
Wi

0101100
-287 0 -291 0 +337 0 +286 0 *
Fa
0  1e-07 431 0

0101000
+285 0 *
Ve
1e-07
-5.995 2.310758638609 4.029965374604
0 0

0101101
*
Ed
 1e-07 1 1 0
1  1137 0 4 5
2  2273 430 0 4 5
2  2274 434 0 4 5
0

0101000
+288 3 -283 3 *
Ed
 1e-07 1 1 0
1  1138 0 0 0.00999999999999979
2  2275 430 0 0 0.00999999999999979
2  2276 429 0 0 0.00999999999999979
4 C1 430 0 429 0
0

0101000
+342 3 -283 3 *
Wi

0101100
-282 0 -286 0 +339 0 +281 0 *
Fa
0  1e-07 430 0

0101000
+280 0 *
Ed
 1e-07 1 1 0
1  1139 0 5 6
2  2277 429 0 5 6
2  2278 434 0 5 6
0

0101000
+283 3 -310 3 *
Wi

0101100
-278 0 -281 0 +341 0 +307 0 *
Fa
0  1e-07 429 0

0101000
+277 0 *
Wi

0101100
+278 0 +308 0 +302 0 +297 0 +292 0 +287 0 +282 0 *
Fa
0  1e-07 434 0

0101000
-275 0 *
Ve
1e-07
-6.005 1.903780060863 3.76188112518
0 0

0101101
*
Ve
1e-07
-6.005 2.032883335471 4.100842205899
0 0

0101101
*
Ed
 1e-07 1 1 0
1  1140 0 -0.362715135825211 0
2  2279 435 0 -0.362715135825211 0
2  2280 175 0 -0.362715135825211 0
0

0101000
+273 3 -272 3 *
Ve
1e-07
-6.005 2.079672441708 4.100842205899
0 0

0101101
*
Ed
 1e-07 1 1 0
1  1141 0 -0.0467891062370001 -0
2  2281 435 0 -0.0467891062370001 -0
2  2282 182 0 -0.0467891062370001 -0
0

0101000
+272 3 -270 3 *
Ve
1e-07
-6.005 2.208775716318 3.76188112518
0 0

0101101
*
Ed
 1e-07 1 1 0
1  1142 0 -0.362715135825923 -0
2  2283 435 0 -0.362715135825923 -0
2  2284 181 0 -0.362715135825923 -0
0

0101000
+270 3 -268 3 *
Ve
1e-07
-6.005 2.160426973209 3.76188112518
0 0

0101101
*
Ed
 1e-07 1 1 0
1  1143 0 -0.0483487431090004 0
2  2285 435 0 -0.0483487431090004 0
2  2286 180 0 -0.0483487431090004 0
0

0101000
+268 3 -266 3 *
Ve
1e-07
-6.005 2.127847891831 3.854592872717
0 0

0101101
*
Ed
 1e-07 1 1 0
1  1144 0 -0.0982693475850874 0
2  2287 435 0 -0.0982693475850874 0
2  2288 179 0 -0.0982693475850874 0
0

0101000
+266 3 -264 3 *
Ve
1e-07
-6.005 1.98670075469 3.854592872717
0 0

0101101
*
Ed
 1e-07 1 1 0
1  1145 0 -0.141147137141 0
2  2289 435 0 -0.141147137141 0
2  2290 178 0 -0.141147137141 0
0

0101000
+264 3 -262 3 *
Ve
1e-07
-6.005 1.95212880397 3.76188112518
0 0

0101101
*
Ed
 1e-07 1 1 0
1  1146 0 -0.0989479050205233 0
2  2291 435 0 -0.0989479050205233 0
2  2292 177 0 -0.0989479050205233 0
0

0101000
+262 3 -260 3 *
Ed
 1e-07 1 1 0
1  1147 0 -0.048348743107 0
2  2293 435 0 -0.048348743107 0
2  2294 176 0 -0.048348743107 0
0

0101000
+260 3 -273 3 *
Wi

0101100
+271 0 +269 0 +267 0 +265 0 +263 0 +261 0 +259 0 +258 0 *
Ve
1e-07
-6.005 2.113984452944 3.892890622635
0 0

0101101
*
Ve
1e-07
-6.005 2.000217607601 3.892890622635
0 0

0101101
*
Ed
 1e-07 1 1 0
1  1148 0 0 0.113766845343
2  2295 435 0 0 0.113766845343
2  2296 436 0 0 0.113766845343
0

0101000
+256 3 -255 3 *
Ve
1e-07
-6.005 2.063296254526 4.033777820297
0 0

0101101
*
Ed
 1e-07 1 1 0
1  1149 0 0 0.149728073265884
2  2297 435 0 0 0.149728073265884
2  2298 437 0 0 0.149728073265884
0

0101000
+253 3 -256 3 *
Ve
1e-07
-6.005 2.057750878972 4.057518959385
0 0

0101101
*
Ed
 1e-07 1 1 0
1  1150 0 3 4
2  2299 435 0 3 4
2  2300 438 0 3 4
0

0101000
+251 3 -253 3 *
Ve
1e-07
-6.005 2.056711121054 4.057518959385
0 0

0101101
*
Ed
 1e-07 1 1 0
1  1151 0 0 0.00103975791799993
2  2301 435 0 0 0.00103975791799993
2  2302 439 0 0 0.00103975791799993
0

0101000
+249 3 -251 3 *
Ve
1e-07
-6.005 2.051425684981 4.033777820297
0 0

0101101
*
Ed
 1e-07 1 1 0
1  1152 0 1 2
2  2303 435 0 1 2
2  2304 440 0 1 2
0

0101000
+247 3 -249 3 *
Ed
 1e-07 1 1 0
1  1153 0 0 0.149904868680132
2  2305 435 0 0 0.149904868680132
2  2306 441 0 0 0.149904868680132
0

0101000
+255 3 -247 3 *
Wi

0101100
-254 0 -252 0 -250 0 -248 0 -246 0 -245 0 *
Fa
0  1e-07 435 0

0101000
-257 0 -244 0 *
Ed
 1e-07 1 1 0
1  1154 0 0 0.00999999999999979
2  2307 175 0 0 0.00999999999999979
2  2308 182 0 0 0.00999999999999979
0

0101000
+272 3 -2640 3 *
Ed
 1e-07 1 1 0
1  1155 0 0 0.00999999999999979
2  2309 175 0 0 0.00999999999999979
2  2310 176 0 0 0.00999999999999979
0

0101000
+273 3 -2641 3 *
Wi

0101100
+2639 0 -242 0 -271 0 +241 0 *
Fa
0  1e-07 175 0

0101000
-240 0 *
Ed
 1e-07 1 1 0
1  1156 0 0 0.00999999999999979
2  2311 182 0 0 0.00999999999999979
2  2312 181 0 0 0.00999999999999979
0

0101000
+270 3 -2628 3 *
Wi

0101100
+2626 0 -238 0 -269 0 +242 0 *
Fa
0  1e-07 182 0

0101000
-237 0 *
Ed
 1e-07 1 1 0
1  1157 0 0 0.00999999999999979
2  2313 181 0 0 0.00999999999999979
2  2314 180 0 0 0.00999999999999979
0

0101000
+268 3 -2630 3 *
Wi

0101100
+2627 0 -235 0 -267 0 +238 0 *
Fa
0  1e-07 181 0

0101000
-234 0 *
Ed
 1e-07 1 1 0
1  1158 0 0 0.00999999999999979
2  2315 180 0 0 0.00999999999999979
2  2316 179 0 0 0.00999999999999979
0

0101000
+266 3 -2632 3 *
Wi

0101100
+2629 0 -232 0 -265 0 +235 0 *
Fa
0  1e-07 180 0

0101000
-231 0 *
Ed
 1e-07 1 1 0
1  1159 0 0 0.00999999999999979
2  2317 179 0 0 0.00999999999999979
2  2318 178 0 0 0.00999999999999979
0

0101000
+264 3 -2634 3 *
Wi

0101100
+2631 0 -229 0 -263 0 +232 0 *
Fa
0  1e-07 179 0

0101000
-228 0 *
Ed
 1e-07 1 1 0
1  1160 0 0 0.00999999999999979
2  2319 178 0 0 0.00999999999999979
2  2320 177 0 0 0.00999999999999979
0

0101000
+262 3 -2636 3 *
Wi

0101100
+2633 0 -226 0 -261 0 +229 0 *
Fa
0  1e-07 178 0

0101000
-225 0 *
Ed
 1e-07 1 1 0
1  1161 0 0 0.00999999999999979
2  2321 177 0 0 0.00999999999999979
2  2322 176 0 0 0.00999999999999979
0

0101000
+260 3 -2638 3 *
Wi

0101100
+2635 0 -223 0 -259 0 +226 0 *
Fa
0  1e-07 177 0

0101000
-222 0 *
Wi

0101100
+2637 0 -241 0 -258 0 +223 0 *
Fa
0  1e-07 176 0

0101000
-220 0 *
Ve
1e-07
-5.995 2.113984452944 3.892890622635
0 0

0101101
*
Ve
1e-07
-5.995 2.000217607601 3.892890622635
0 0

0101101
*
Ed
 1e-07 1 1 0
1  1162 0 0 0.113766845343
2  2323 436 0 0 0.113766845343
2  2324 442 0 0 0.113766845343
0

0101000
+218 3 -217 3 *
Ed
 1e-07 1 1 0
1  1163 0 0 0.00999999999999979
2  2325 436 0 0 0.00999999999999979
2  2326 437 0 0 0.00999999999999979
0

0101000
+256 3 -218 3 *
Ed
 1e-07 1 1 0
1  1164 0 0 0.00999999999999979
2  2327 436 0 0 0.00999999999999979
2  2328 441 0 0 0.00999999999999979
0

0101000
+255 3 -217 3 *
Wi

0101100
-216 0 -215 0 +254 0 +214 0 *
Fa
0  1e-07 436 0

0101000
+213 0 *
Ve
1e-07
-5.995 2.051425684981 4.033777820297
0 0

0101101
*
Ed
 1e-07 1 1 0
1  1165 0 0 0.149904868680132
2  2329 441 0 0 0.149904868680132
2  2330 442 0 0 0.149904868680132
0

0101000
+217 3 -211 3 *
Ed
 1e-07 1 1 0
1  1166 0 0 0.00999999999999979
2  2331 441 0 0 0.00999999999999979
2  2332 440 0 0 0.00999999999999979
0

0101000
+247 3 -211 3 *
Wi

0101100
-210 0 -214 0 +245 0 +209 0 *
Fa
0  1e-07 441 0

0101000
+208 0 *
Ve
1e-07
-5.995 2.056711121054 4.057518959385
0 0

0101101
*
Ed
 1e-07 1 1 0
1  1167 0 1 2
2  2333 440 0 1 2
2  2334 442 0 1 2
0

0101000
+211 3 -206 3 *
Ed
 1e-07 1 1 0
1  1168 0 0 0.00999999999999979
2  2335 440 0 0 0.00999999999999979
2  2336 439 0 0 0.00999999999999979
0

0101000
+249 3 -206 3 *
Wi

0101100
-205 0 -209 0 +246 0 +204 0 *
Fa
0  1e-07 440 0

0101000
+203 0 *
Ve
1e-07
-5.995 2.057750878972 4.057518959385
0 0

0101101
*
Ed
 1e-07 1 1 0
1  1169 0 0 0.00103975791799993
2  2337 439 0 0 0.00103975791799993
2  2338 442 0 0 0.00103975791799993
0

0101000
+206 3 -201 3 *
Ed
 1e-07 1 1 0
1  1170 0 0 0.00999999999999979
2  2339 439 0 0 0.00999999999999979
2  2340 438 0 0 0.00999999999999979
0

0101000
+251 3 -201 3 *
Wi

0101100
-200 0 -204 0 +248 0 +199 0 *
Fa
0  1e-07 439 0

0101000
+198 0 *
Ve
1e-07
-5.995 2.063296254526 4.033777820297
0 0

0101101
*
Ed
 1e-07 1 1 0
1  1171 0 3 4
2  2341 438 0 3 4
2  2342 442 0 3 4
0

0101000
+201 3 -196 3 *
Ed
 1e-07 1 1 0
1  1172 0 0 0.00999999999999979
2  2343 438 0 0 0.00999999999999979
2  2344 437 0 0 0.00999999999999979
0

0101000
+253 3 -196 3 *
Wi

0101100
-195 0 -199 0 +250 0 +194 0 *
Fa
0  1e-07 438 0

0101000
+193 0 *
Ed
 1e-07 1 1 0
1  1173 0 0 0.149728073265884
2  2345 437 0 0 0.149728073265884
2  2346 442 0 0 0.149728073265884
0

0101000
+196 3 -218 3 *
Wi

0101100
-191 0 -194 0 +252 0 +215 0 *
Fa
0  1e-07 437 0

0101000
+190 0 *
Wi

0101100
+191 0 +216 0 +210 0 +205 0 +200 0 +195 0 *
Fa
0  1e-07 442 0

0101000
-188 0 *
Ve
1e-07
-6.005 3.966213721206 4.098102559244
0 0

0101101
*
Ve
1e-07
-6.005 4.204801549191 4.413809675414
0 0

0101101
*
Ed
 1e-07 1 1 0
1  1174 0 35 36
2  2347 443 0 35 36
2  2348 183 0 35 36
0

0101000
+186 3 -185 3 *
Ve
1e-07
-6.005 4.334940431316 4.604197988502
0 0

0101101
*
Ed
 1e-07 1 1 0
1  1175 0 0 1
2  2349 443 0 0 1
2  2350 215 0 0 1
0

0101000
+185 3 -183 3 *
Ve
1e-07
-6.005 4.66269748654 4.729516883515
0 0

0101101
*
Ed
 1e-07 1 1 0
1  1176 0 1 2
2  2351 443 0 1 2
2  2352 214 0 1 2
0

0101000
+183 3 -181 3 *
Ve
1e-07
-6.005 4.951894920654 4.635527715128
0 0

0101101
*
Ed
 1e-07 1 1 0
1  1177 0 2 3
2  2353 443 0 2 3
2  2354 213 0 2 3
0

0101000
+181 3 -179 3 *
Ve
1e-07
-6.005 5.057933970636 4.529488653656
0 0

0101101
*
Ed
 1e-07 1 1 0
1  1178 0 3 4
2  2355 443 0 3 4
2  2356 212 0 3 4
0

0101000
+179 3 -177 3 *
Ve
1e-07
-6.005 5.113363460455 4.534308606294
0 0

0101101
*
Ed
 1e-07 1 1 0
1  1179 0 4 5
2  2357 443 0 4 5
2  2358 211 0 4 5
0

0101000
+177 3 -175 3 *
Ve
1e-07
-6.005 5.390511001481 4.418629628051
0 0

0101101
*
Ed
 1e-07 1 1 0
1  1180 0 5 6
2  2359 443 0 5 6
2  2360 210 0 5 6
0

0101000
+175 3 -173 3 *
Ve
1e-07
-6.005 5.503780060863 4.14389209782
0 0

0101101
*
Ed
 1e-07 1 1 0
1  1181 0 6 7
2  2361 443 0 6 7
2  2362 209 0 6 7
0

0101000
+173 3 -171 3 *
Ve
1e-07
-6.005 5.402560963519 3.881204483658
0 0

0101101
*
Ed
 1e-07 1 1 0
1  1182 0 7 8
2  2363 443 0 7 8
2  2364 208 0 7 8
0

0101000
+171 3 -169 3 *
Ve
1e-07
-6.005 5.20976267411 3.765525528399
0 0

0101101
*
Ed
 1e-07 1 1 0
1  1183 0 8 9
2  2365 443 0 8 9
2  2366 207 0 8 9
0

0101000
+169 3 -167 3 *
Ve
1e-07
-6.005 4.980814682452 3.601647000787
0 0

0101101
*
Ed
 1e-07 1 1 0
1  1184 0 9 10
2  2367 443 0 9 10
2  2368 206 0 9 10
0

0101000
+167 3 -165 3 *
Ve
1e-07
-6.005 4.739816820689 3.842644862549
0 0

0101101
*
Ed
 1e-07 1 1 0
1  1185 0 10 11
2  2369 443 0 10 11
2  2370 205 0 10 11
0

0101000
+165 3 -163 3 *
Ve
1e-07
-6.005 4.739816820689 3.866744648727
0 0

0101101
*
Ed
 1e-07 1 1 0
1  1186 0 11 12
2  2371 443 0 11 12
2  2372 204 0 11 12
0

0101000
+163 3 -161 3 *
Ve
1e-07
-6.005 4.402419814222 4.045083057237
0 0

0101101
*
Ed
 1e-07 1 1 0
1  1187 0 0 0.381629831017928
2  2373 443 0 0 0.381629831017928
2  2374 203 0 0 0.381629831017928
0

0101000
+161 3 -159 3 *
Ve
1e-07
-6.005 4.477129114596 4.17281195155
0 0

0101101
*
Ed
 1e-07 1 1 0
1  1188 0 0 0.147973477369406
2  2375 443 0 0 0.147973477369406
2  2376 202 0 0 0.147973477369406
0

0101000
+159 3 -157 3 *
Ve
1e-07
-6.005 4.800066240163 4.004113448317
0 0

0101101
*
Ed
 1e-07 1 1 0
1  1189 0 0 0.364345402142707
2  2377 443 0 0 0.364345402142707
2  2378 201 0 0 0.364345402142707
0

0101000
+157 3 -155 3 *
Ve
1e-07
-6.005 4.980814636485 4.086052712123
0 0

0101101
*
Ed
 1e-07 1 1 0
1  1190 0 15 16
2  2379 443 0 15 16
2  2380 200 0 15 16
0

0101000
+155 3 -153 3 *
Ve
1e-07
-6.005 5.207352617349 3.926994114168
0 0

0101101
*
Ed
 1e-07 1 1 0
1  1191 0 16 17
2  2381 443 0 16 17
2  2382 199 0 16 17
0

0101000
+153 3 -151 3 *
Ve
1e-07
-6.005 5.351951334406 4.148712165375
0 0

0101101
*
Ed
 1e-07 1 1 0
1  1192 0 17 18
2  2383 443 0 17 18
2  2384 198 0 17 18
0

0101000
+151 3 -149 3 *
Ve
1e-07
-6.005 5.110953472644 4.389710027136
0 0

0101101
*
Ed
 1e-07 1 1 0
1  1193 0 18 19
2  2385 443 0 18 19
2  2386 197 0 18 19
0

0101000
+149 3 -147 3 *
Ve
1e-07
-6.005 4.983224624297 4.353560347871
0 0

0101101
*
Ed
 1e-07 1 1 0
1  1194 0 19 20
2  2387 443 0 19 20
2  2388 196 0 19 20
0

0101000
+147 3 -145 3 *
Ve
1e-07
-6.005 4.660287544695 4.584918166457
0 0

0101101
*
Ed
 1e-07 1 1 0
1  1195 0 20 21
2  2389 443 0 20 21
2  2390 195 0 20 21
0

0101000
+145 3 -143 3 *
Ve
1e-07
-6.005 4.322890538228 4.283670839255
0 0

0101101
*
Ed
 1e-07 1 1 0
1  1196 0 21 22
2  2391 443 0 21 22
2  2392 194 0 21 22
0

0101000
+143 3 -141 3 *
Ve
1e-07
-6.005 4.303610727673 4.283670839255
0 0

0101101
*
Ed
 1e-07 1 1 0
1  1197 0 22 23
2  2393 443 0 22 23
2  2394 193 0 22 23
0

0101000
+141 3 -139 3 *
Ve
1e-07
-6.005 4.115632413886 4.095692525467
0 0

0101101
*
Ed
 1e-07 1 1 0
1  1198 0 23 24
2  2395 443 0 23 24
2  2396 192 0 23 24
0

0101000
+139 3 -137 3 *
Ve
1e-07
-6.005 4.289150892741 3.90771421168
0 0

0101101
*
Ed
 1e-07 1 1 0
1  1199 0 24 25
2  2397 443 0 24 25
2  2398 191 0 24 25
0

0101000
+137 3 -135 3 *
Ve
1e-07
-6.005 4.397599930534 3.90771421168
0 0

0101101
*
Ed
 1e-07 1 1 0
1  1200 0 0 0.108449037793
2  2399 443 0 0 0.108449037793
2  2400 190 0 0 0.108449037793
0

0101000
+135 3 -133 3 *
Ve
1e-07
-6.005 4.412059765466 3.910124153523
0 0

0101101
*
Ed
 1e-07 1 1 0
1  1201 0 26 27
2  2401 443 0 26 27
2  2402 189 0 26 27
0

0101000
+133 3 -131 3 *
Ve
1e-07
-6.005 4.486769065839 3.835414853151
0 0

0101101
*
Ed
 1e-07 1 1 0
1  1202 0 27 28
2  2403 443 0 27 28
2  2404 188 0 27 28
0

0101000
+131 3 -129 3 *
Ve
1e-07
-6.005 4.416879649155 3.760705552776
0 0

0101101
*
Ed
 1e-07 1 1 0
1  1203 0 28 29
2  2405 443 0 28 29
2  2406 187 0 28 29
0

0101000
+129 3 -127 3 *
Ve
1e-07
-6.005 4.274690965875 3.760705552776
0 0

0101101
*
Ed
 1e-07 1 1 0
1  1204 0 0 0.14218868328
2  2407 443 0 0 0.14218868328
2  2408 186 0 0 0.14218868328
0

0101000
+127 3 -125 3 *
Ve
1e-07
-6.005 4.055382948446 3.86915459057
0 0

0101101
*
Ed
 1e-07 1 1 0
1  1205 0 33 34
2  2409 443 0 33 34
2  2410 185 0 33 34
0

0101000
+125 3 -123 3 *
Ed
 1e-07 1 1 0
1  1206 0 34 35
2  2411 443 0 34 35
2  2412 184 0 34 35
0

0101000
+123 3 -186 3 *
Wi

0101100
+184 0 +182 0 +180 0 +178 0 +176 0 +174 0 +172 0 +170 0 +168 0 +166 0 
+164 0 +162 0 +160 0 +158 0 +156 0 +154 0 +152 0 +150 0 +148 0 +146 0 
+144 0 +142 0 +140 0 +138 0 +136 0 +134 0 +132 0 +130 0 +128 0 +126 0 
+124 0 +122 0 +121 0 *
Ve
1e-07
-6.005 4.983224670264 3.746245533978
0 0

0101101
*
Ve
1e-07
-6.005 4.983224670264 3.934223939699
0 0

0101101
*
Ed
 1e-07 1 1 0
1  1207 0 0 2
2  2413 443 0 0 2
2  2414 444 0 0 2
0

0101000
+119 3 -118 3 *
Ed
 1e-07 1 1 0
1  1208 0 2 4
2  2415 443 0 2 4
2  2416 445 0 2 4
0

0101000
+118 3 -119 3 *
Wi

0101100
-117 0 -116 0 *
Fa
0  1e-07 443 0

0101000
-120 0 -115 0 *
Ed
 1e-07 1 1 0
1  1209 0 0 0.00999999999999979
2  2417 183 0 0 0.00999999999999979
2  2418 184 0 0 0.00999999999999979
0

0101000
+186 3 -2624 3 *
Ed
 1e-07 1 1 0
1  1210 0 0 0.00999999999999979
2  2419 183 0 0 0.00999999999999979
2  2420 215 0 0 0.00999999999999979
0

0101000
+185 3 -2623 3 *
Wi

0101100
-113 0 +184 0 +112 0 -2622 0 *
Fa
0  1e-07 183 0

0101000
+111 0 *
Ed
 1e-07 1 1 0
1  1211 0 0 0.00999999999999979
2  2421 215 0 0 0.00999999999999979
2  2422 214 0 0 0.00999999999999979
0

0101000
+183 3 -2561 3 *
Wi

0101100
-112 0 +182 0 +109 0 -2559 0 *
Fa
0  1e-07 215 0

0101000
+108 0 *
Ed
 1e-07 1 1 0
1  1212 0 0 0.00999999999999979
2  2423 214 0 0 0.00999999999999979
2  2424 213 0 0 0.00999999999999979
4 G1 214 0 213 0
0

0101000
+181 3 -2563 3 *
Wi

0101100
-109 0 +180 0 +106 0 -2560 0 *
Fa
0  1e-07 214 0

0101000
+105 0 *
Ed
 1e-07 1 1 0
1  1213 0 0 0.00999999999999979
2  2425 213 0 0 0.00999999999999979
2  2426 212 0 0 0.00999999999999979
4 G1 213 0 212 0
0

0101000
+179 3 -2565 3 *
Wi

0101100
-106 0 +178 0 +103 0 -2562 0 *
Fa
0  1e-07 213 0

0101000
+102 0 *
Ed
 1e-07 1 1 0
1  1214 0 0 0.00999999999999979
2  2427 212 0 0 0.00999999999999979
2  2428 211 0 0 0.00999999999999979
0

0101000
+177 3 -2567 3 *
Wi

0101100
-103 0 +176 0 +100 0 -2564 0 *
Fa
0  1e-07 212 0

0101000
+99 0 *
Ed
 1e-07 1 1 0
1  1215 0 0 0.00999999999999979
2  2429 211 0 0 0.00999999999999979
2  2430 210 0 0 0.00999999999999979
4 G1 211 0 210 0
0

0101000
+175 3 -2569 3 *
Wi

0101100
-100 0 +174 0 +97 0 -2566 0 *
Fa
0  1e-07 211 0

0101000
+96 0 *
Ed
 1e-07 1 1 0
1  1216 0 0 0.00999999999999979
2  2431 210 0 0 0.00999999999999979
2  2432 209 0 0 0.00999999999999979
4 G1 210 0 209 0
0

0101000
+173 3 -2571 3 *
Wi

0101100
-97 0 +172 0 +94 0 -2568 0 *
Fa
0  1e-07 210 0

0101000
+93 0 *
Ed
 1e-07 1 1 0
1  1217 0 0 0.00999999999999979
2  2433 209 0 0 0.00999999999999979
2  2434 208 0 0 0.00999999999999979
4 G1 209 0 208 0
0

0101000
+171 3 -2573 3 *
Wi

0101100
-94 0 +170 0 +91 0 -2570 0 *
Fa
0  1e-07 209 0

0101000
+90 0 *
Ed
 1e-07 1 1 0
1  1218 0 0 0.00999999999999979
2  2435 208 0 0 0.00999999999999979
2  2436 207 0 0 0.00999999999999979
4 G1 208 0 207 0
0

0101000
+169 3 -2575 3 *
Wi

0101100
-91 0 +168 0 +88 0 -2572 0 *
Fa
0  1e-07 208 0

0101000
+87 0 *
Ed
 1e-07 1 1 0
1  1219 0 0 0.00999999999999979
2  2437 207 0 0 0.00999999999999979
2  2438 206 0 0 0.00999999999999979
0

0101000
+167 3 -2577 3 *
Wi

0101100
-88 0 +166 0 +85 0 -2574 0 *
Fa
0  1e-07 207 0

0101000
+84 0 *
Ed
 1e-07 1 1 0
1  1220 0 0 0.00999999999999979
2  2439 206 0 0 0.00999999999999979
2  2440 205 0 0 0.00999999999999979
4 G1 206 0 205 0
0

0101000
+165 3 -2579 3 *
Wi

0101100
-85 0 +164 0 +82 0 -2576 0 *
Fa
0  1e-07 206 0

0101000
+81 0 *
Ed
 1e-07 1 1 0
1  1221 0 0 0.00999999999999979
2  2441 205 0 0 0.00999999999999979
2  2442 204 0 0 0.00999999999999979
4 G1 205 0 204 0
0

0101000
+163 3 -2581 3 *
Wi

0101100
-82 0 +162 0 +79 0 -2578 0 *
Fa
0  1e-07 205 0

0101000
+78 0 *
Ed
 1e-07 1 1 0
1  1222 0 0 0.00999999999999979
2  2443 204 0 0 0.00999999999999979
2  2444 203 0 0 0.00999999999999979
0

0101000
+161 3 -2583 3 *
Wi

0101100
+2580 0 -76 0 -160 0 +79 0 *
Fa
0  1e-07 204 0

0101000
-75 0 *
Ed
 1e-07 1 1 0
1  1223 0 0 0.00999999999999979
2  2445 203 0 0 0.00999999999999979
2  2446 202 0 0 0.00999999999999979
0

0101000
+159 3 -2585 3 *
Wi

0101100
+2582 0 -73 0 -158 0 +76 0 *
Fa
0  1e-07 203 0

0101000
-72 0 *
Ed
 1e-07 1 1 0
1  1224 0 0 0.00999999999999979
2  2447 202 0 0 0.00999999999999979
2  2448 201 0 0 0.00999999999999979
0

0101000
+157 3 -2587 3 *
Wi

0101100
+2584 0 -70 0 -156 0 +73 0 *
Fa
0  1e-07 202 0

0101000
-69 0 *
Ed
 1e-07 1 1 0
1  1225 0 0 0.00999999999999979
2  2449 201 0 0 0.00999999999999979
2  2450 200 0 0 0.00999999999999979
0

0101000
+155 3 -2589 3 *
Wi

0101100
+2586 0 -67 0 -154 0 +70 0 *
Fa
0  1e-07 201 0

0101000
-66 0 *
Ed
 1e-07 1 1 0
1  1226 0 0 0.00999999999999979
2  2451 200 0 0 0.00999999999999979
2  2452 199 0 0 0.00999999999999979
4 G1 200 0 199 0
0

0101000
+153 3 -2591 3 *
Wi

0101100
-67 0 +152 0 +64 0 -2588 0 *
Fa
0  1e-07 200 0

0101000
+63 0 *
Ed
 1e-07 1 1 0
1  1227 0 0 0.00999999999999979
2  2453 199 0 0 0.00999999999999979
2  2454 198 0 0 0.00999999999999979
0

0101000
+151 3 -2593 3 *
Wi

0101100
-64 0 +150 0 +61 0 -2590 0 *
Fa
0  1e-07 199 0

0101000
+60 0 *
Ed
 1e-07 1 1 0
1  1228 0 0 0.00999999999999979
2  2455 198 0 0 0.00999999999999979
2  2456 197 0 0 0.00999999999999979
4 G1 198 0 197 0
0

0101000
+149 3 -2595 3 *
Wi

0101100
-61 0 +148 0 +58 0 -2592 0 *
Fa
0  1e-07 198 0

0101000
+57 0 *
Ed
 1e-07 1 1 0
1  1229 0 0 0.00999999999999979
2  2457 197 0 0 0.00999999999999979
2  2458 196 0 0 0.00999999999999979
4 G1 197 0 196 0
0

0101000
+147 3 -2597 3 *
Wi

0101100
-58 0 +146 0 +55 0 -2594 0 *
Fa
0  1e-07 197 0

0101000
+54 0 *
Ed
 1e-07 1 1 0
1  1230 0 0 0.00999999999999979
2  2459 196 0 0 0.00999999999999979
2  2460 195 0 0 0.00999999999999979
0

0101000
+145 3 -2599 3 *
Wi

0101100
-55 0 +144 0 +52 0 -2596 0 *
Fa
0  1e-07 196 0

0101000
+51 0 *
Ed
 1e-07 1 1 0
1  1231 0 0 0.00999999999999979
2  2461 195 0 0 0.00999999999999979
2  2462 194 0 0 0.00999999999999979
4 G1 195 0 194 0
0

0101000
+143 3 -2601 3 *
Wi

0101100
-52 0 +142 0 +49 0 -2598 0 *
Fa
0  1e-07 195 0

0101000
+48 0 *
Ed
 1e-07 1 1 0
1  1232 0 0 0.00999999999999979
2  2463 194 0 0 0.00999999999999979
2  2464 193 0 0 0.00999999999999979
0

0101000
+141 3 -2603 3 *
Wi

0101100
-49 0 +140 0 +46 0 -2600 0 *
Fa
0  1e-07 194 0

0101000
+45 0 *
Ed
 1e-07 1 1 0
1  1233 0 0 0.00999999999999979
2  2465 193 0 0 0.00999999999999979
2  2466 192 0 0 0.00999999999999979
4 G1 193 0 192 0
0

0101000
+139 3 -2605 3 *
Wi

0101100
+2602 0 -43 0 -138 0 +46 0 *
Fa
0  1e-07 193 0

0101000
-42 0 *
Ed
 1e-07 1 1 0
1  1234 0 0 0.00999999999999979
2  2467 192 0 0 0.00999999999999979
2  2468 191 0 0 0.00999999999999979
4 G1 192 0 191 0
0

0101000
+137 3 -2607 3 *
Wi

0101100
-43 0 +136 0 +40 0 -2604 0 *
Fa
0  1e-07 192 0

0101000
+39 0 *
Ed
 1e-07 1 1 0
1  1235 0 0 0.00999999999999979
2  2469 191 0 0 0.00999999999999979
2  2470 190 0 0 0.00999999999999979
0

0101000
+135 3 -2609 3 *
Wi

0101100
-40 0 +134 0 +37 0 -2606 0 *
Fa
0  1e-07 191 0

0101000
+36 0 *
Ed
 1e-07 1 1 0
1  1236 0 0 0.00999999999999979
2  2471 190 0 0 0.00999999999999979
2  2472 189 0 0 0.00999999999999979
4 G1 190 0 189 0
0

0101000
+133 3 -2611 3 *
Wi

0101100
+2608 0 -34 0 -132 0 +37 0 *
Fa
0  1e-07 190 0

0101000
-33 0 *
Ed
 1e-07 1 1 0
1  1237 0 0 0.00999999999999979
2  2473 189 0 0 0.00999999999999979
2  2474 188 0 0 0.00999999999999979
4 G1 189 0 188 0
0

0101000
+131 3 -2613 3 *
Wi

0101100
-34 0 +130 0 +31 0 -2610 0 *
Fa
0  1e-07 189 0

0101000
+30 0 *
Ed
 1e-07 1 1 0
1  1238 0 0 0.00999999999999979
2  2475 188 0 0 0.00999999999999979
2  2476 187 0 0 0.00999999999999979
4 G1 188 0 187 0
0

0101000
+129 3 -2615 3 *
Wi

0101100
-31 0 +128 0 +28 0 -2612 0 *
Fa
0  1e-07 188 0

0101000
+27 0 *
Ed
 1e-07 1 1 0
1  1239 0 0 0.00999999999999979
2  2477 187 0 0 0.00999999999999979
2  2478 186 0 0 0.00999999999999979
0

0101000
+127 3 -2617 3 *
Wi

0101100
-28 0 +126 0 +25 0 -2614 0 *
Fa
0  1e-07 187 0

0101000
+24 0 *
Ed
 1e-07 1 1 0
1  1240 0 0 0.00999999999999979
2  2479 186 0 0 0.00999999999999979
2  2480 185 0 0 0.00999999999999979
0

0101000
+125 3 -2619 3 *
Wi

0101100
+2616 0 -22 0 -124 0 +25 0 *
Fa
0  1e-07 186 0

0101000
-21 0 *
Ed
 1e-07 1 1 0
1  1241 0 0 0.00999999999999979
2  2481 185 0 0 0.00999999999999979
2  2482 184 0 0 0.00999999999999979
4 G1 185 0 184 0
0

0101000
+123 3 -2621 3 *
Wi

0101100
-22 0 +122 0 +19 0 -2618 0 *
Fa
0  1e-07 185 0

0101000
+18 0 *
Wi

0101100
-19 0 +121 0 +113 0 -2620 0 *
Fa
0  1e-07 184 0

0101000
+16 0 *
Ve
1e-07
-5.995 4.983224670264 3.746245533978
0 0

0101101
*
Ve
1e-07
-5.995 4.983224670264 3.934223939699
0 0

0101101
*
Ed
 1e-07 1 1 0
1  1242 0 0 2
2  2483 444 0 0 2
2  2484 446 0 0 2
0

0101000
+14 3 -13 3 *
Ed
 1e-07 1 1 0
1  1243 0 0 0.00999999999999979
2  2485 444 0 0 0.00999999999999979
2  2486 445 0 0 0.00999999999999979
4 G1 444 0 445 0
0

0101000
+119 3 -14 3 *
Ed
 1e-07 1 1 0
1  1244 0 0 0.00999999999999979
2  2487 444 0 0 0.00999999999999979
2  2488 445 0 0 0.00999999999999979
4 C2 444 0 445 0
0

0101000
+118 3 -13 3 *
Wi

0101100
-12 0 -11 0 +117 0 +10 0 *
Fa
0  1e-07 444 0

0101000
+9 0 *
Ed
 1e-07 1 1 0
1  1245 0 2 4
2  2489 445 0 2 4
2  2490 446 0 2 4
0

0101000
+13 3 -14 3 *
Wi

0101100
-7 0 -10 0 +116 0 +11 0 *
Fa
0  1e-07 445 0

0101000
+6 0 *
Wi

0101100
+7 0 +12 0 *
Fa
0  1e-07 446 0

0101000
-4 0 *
Sh

0101100
+3043 0 +3033 0 +3023 0 +3013 0 +3003 0 +2996 0 +2989 0 +2982 0 +2975 0 +2968 0 
-2958 0 -2951 0 +2933 0 +2926 0 -2557 0 +2553 0 -2543 0 -2533 0 -2523 0 -2513 0 
-2503 0 -2493 0 -2483 0 -2473 0 -2463 0 -2453 0 -2443 0 -2433 0 -2423 0 -2413 0 
-2403 0 -2393 0 -2383 0 -2373 0 -2363 0 -2353 0 -2343 0 -2333 0 -2323 0 -2313 0 
-2303 0 -2293 0 -2283 0 -2273 0 -2263 0 -2253 0 -2243 0 -2233 0 -2223 0 -2213 0 
-2203 0 -2193 0 -2183 0 -2173 0 -2163 0 -2153 0 -2146 0 -2139 0 -2129 0 -2122 0 
-2118 0 -2102 0 -2087 0 -2083 0 +1955 0 -1895 0 -1892 0 +1889 0 -1882 0 +1878 0 
-1874 0 +1872 0 -1870 0 -1861 0 -1856 0 -1849 0 -1846 0 -1837 0 -1828 0 -1825 0 
+1822 0 -1815 0 -1812 0 -1805 0 -1802 0 +1799 0 +1796 0 +1793 0 +1790 0 +1787 0 
+1784 0 +1781 0 +1778 0 +1775 0 +1772 0 +1769 0 +1766 0 +1763 0 +1760 0 +1757 0 
+1754 0 +1751 0 +1748 0 +1745 0 +1742 0 +1739 0 +1736 0 +1733 0 +1730 0 +1727 0 
+1724 0 +1721 0 +1718 0 +1715 0 +1712 0 +1709 0 +1706 0 +1703 0 +1700 0 +1697 0 
+1694 0 +1691 0 +1688 0 +1685 0 +1682 0 -1673 0 -1666 0 -1661 0 -1658 0 -1651 0 
-1646 0 -1641 0 -1638 0 -1631 0 -1626 0 -1621 0 -1618 0 -1611 0 -1606 0 -1599 0 
-1594 0 -1586 0 -1578 0 -1501 0 -1453 0 -1446 0 +1442 0 +1439 0 +1436 0 +1434 0 
+1427 0 +1418 0 +1413 0 +1406 0 -1402 0 +1398 0 +1395 0 +1390 0 +1387 0 +1385 0 
+1378 0 +1369 0 +1364 0 +1357 0 -1353 0 +1347 0 +1343 0 +1340 0 +1338 0 +1336 0 
+1325 0 +1320 0 +1311 0 +1308 0 -1304 0 +1300 0 +1297 0 +1294 0 +1292 0 +1281 0 
+1276 0 +1267 0 +1264 0 -1260 0 +1256 0 +1253 0 +1250 0 +1248 0 +1237 0 +1232 0 
+1223 0 +1220 0 -1216 0 +1214 0 +1212 0 +1210 0 +1208 0 +1206 0 +1204 0 +1202 0 
+1200 0 +1198 0 +1196 0 +1193 0 +1190 0 +1187 0 +1184 0 +1181 0 +1178 0 +1175 0 
-1172 0 +1169 0 -1166 0 +1164 0 +1162 0 +1160 0 +1158 0 +1156 0 -1152 0 -1149 0 
-1146 0 -1144 0 -1137 0 -1132 0 -1127 0 -1122 0 -1117 0 -1114 0 -1112 0 -1105 0 
-1100 0 -1095 0 -1090 0 -1085 0 -1080 0 -1075 0 -1070 0 -1065 0 -1060 0 -1055 0 
-1050 0 -1045 0 -1042 0 +1040 0 -1033 0 -1028 0 -1023 0 -1018 0 -1013 0 -1008 0 
-1003 0 -998 0 -993 0 -988 0 -983 0 -980 0 -978 0 +947 0 -943 0 -940 0 
-937 0 -934 0 -931 0 -928 0 -926 0 +919 0 +914 0 +909 0 +904 0 +899 0 
+894 0 +891 0 -889 0 -858 0 -854 0 -851 0 -848 0 -845 0 -842 0 -839 0 
-836 0 -834 0 +827 0 +822 0 +817 0 +812 0 +807 0 +804 0 -802 0 -795 0 
-790 0 -785 0 -780 0 -775 0 -770 0 -765 0 -760 0 -755 0 -750 0 -745 0 
-742 0 -740 0 +693 0 -689 0 -686 0 -683 0 -680 0 -677 0 -674 0 -671 0 
-668 0 -665 0 -662 0 -659 0 -656 0 -653 0 -651 0 +644 0 +639 0 +634 0 
+629 0 +624 0 +619 0 +614 0 +611 0 -609 0 -602 0 -597 0 -592 0 -587 0 
-582 0 -577 0 -572 0 -567 0 -562 0 -557 0 -552 0 -547 0 -542 0 -537 0 
-532 0 -527 0 -522 0 -517 0 -512 0 -507 0 -504 0 -502 0 -495 0 -490 0 
-485 0 -480 0 -475 0 -470 0 -465 0 -460 0 -455 0 -450 0 -445 0 -440 0 
-435 0 -430 0 -427 0 +425 0 -418 0 -413 0 -408 0 -403 0 -398 0 -393 0 
-388 0 -383 0 -378 0 -373 0 -368 0 -365 0 -363 0 +332 0 -328 0 -325 0 
-322 0 -319 0 -316 0 -313 0 -311 0 +304 0 +299 0 +294 0 +289 0 +284 0 
+279 0 +276 0 -274 0 -243 0 -239 0 -236 0 -233 0 -230 0 -227 0 -224 0 
-221 0 -219 0 +212 0 +207 0 +202 0 +197 0 +192 0 +189 0 -187 0 -114 0 
-110 0 -107 0 -104 0 -101 0 -98 0 -95 0 -92 0 -89 0 -86 0 -83 0 
-80 0 -77 0 -74 0 -71 0 -68 0 -65 0 -62 0 -59 0 -56 0 -53 0 
-50 0 -47 0 -44 0 -41 0 -38 0 -35 0 -32 0 -29 0 -26 0 -23 0 
-20 0 -17 0 -15 0 +8 0 +5 0 -3 0 *
So

0100000
+2 0 *

+1 1 