2026-10-07 02:18:32.449 INFO   Freerouting v2.5.0 (build-date: 2026-10-05)
2026-10-07 02:18:32.719 INFO   Hardware: 24 CPU cores, 572 CPU score, 16056 MB RAM
2026-10-07 02:18:32.720 WARN   Deprecated settings path '-mp / --router.max_passes'; use '--router.autorouter.max_passes' instead. The old path will be removed in a future release.
2026-10-07 02:18:32.720 WARN   Couldn't get screen resolution. If you are running in a headless environment, disable the GUI by setting gui.enabled to false.
2026-10-07 02:18:33.745 WARN   Deprecated settings path 'router.max_passes'; use 'router.autorouter.max_passes' instead. The old path will be removed in a future release.
2026-10-07 02:18:34.006 INFO   [F4C0B6\366547] Loading board file 'B1-c3.dsn'...
2026-10-07 02:18:34.155 WARN   Wiring: via net '/PD_PLUG_EVENT' not found at '/PD_PLUG_EVENT'
2026-10-07 02:18:34.156 WARN   Wiring: via net '/PD_PLUG_EVENT' not found at '/PD_PLUG_EVENT'
2026-10-07 02:18:34.156 WARN   Wiring: via net '/PD_PLUG_EVENT' not found at '/PD_PLUG_EVENT'
2026-10-07 02:18:34.156 WARN   Wiring: via net '/BT_MFB' not found at '/BT_MFB'
2026-10-07 02:18:34.156 WARN   Wiring: via net '/BT_MFB' not found at '/BT_MFB'
2026-10-07 02:18:34.157 WARN   Wiring: via net '/BT_RST_N' not found at '/BT_RST_N'
2026-10-07 02:18:34.157 WARN   Wiring: via net '/BT_RST_N' not found at '/BT_RST_N'
2026-10-07 02:18:34.157 WARN   Wiring: via net 'Net-(U25-FSW)' not found at 'Net-(U25-FSW)'
2026-10-07 02:18:34.157 WARN   Wiring: via net 'Net-(U25-FSW)' not found at 'Net-(U25-FSW)'
2026-10-07 02:18:34.157 WARN   Wiring: via net 'Net-(U2-VCCCI)' not found at 'Net-(U2-VCCCI)'
2026-10-07 02:18:34.157 WARN   Wiring: via net 'Net-(U2-VCCCI)' not found at 'Net-(U2-VCCCI)'
2026-10-07 02:18:34.157 WARN   Wiring: via net 'Net-(U2-VCCP2I)' not found at 'Net-(U2-VCCP2I)'
2026-10-07 02:18:34.158 WARN   Wiring: via net 'Net-(U2-VCCP2I)' not found at 'Net-(U2-VCCP2I)'
2026-10-07 02:18:34.158 WARN   Wiring: via net '/Bluetooth/BT_RST_M' not found at '/Bluetooth/BT_RST_M'
2026-10-07 02:18:34.170 WARN   DSN file 'B1-c3.dsn' was loaded with 16 warning(s).
2026-10-07 02:18:34.249 INFO   [F4C0B6\366547] Job 'F4C0B6\366547' started at 2026-10-06T15:18:34.248874813Z.
2026-10-07 02:18:34.336 WARN   Wiring.write_wire_scope: net not found
2026-10-07 02:18:34.337 WARN   Wiring.write_wire_scope: net not found
2026-10-07 02:18:34.337 WARN   Wiring.write_wire_scope: net not found
2026-10-07 02:18:34.337 WARN   Wiring.write_wire_scope: net not found
2026-10-07 02:18:34.337 WARN   Wiring.write_wire_scope: net not found
2026-10-07 02:18:34.337 WARN   Wiring.write_wire_scope: net not found
2026-10-07 02:18:34.337 WARN   Wiring.write_wire_scope: net not found
2026-10-07 02:18:34.337 WARN   Wiring.write_wire_scope: net not found
2026-10-07 02:18:34.337 WARN   Wiring.write_wire_scope: net not found
2026-10-07 02:18:34.337 WARN   Wiring.write_wire_scope: net not found
2026-10-07 02:18:34.337 WARN   Wiring.write_wire_scope: net not found
2026-10-07 02:18:34.337 WARN   Wiring.write_wire_scope: net not found
2026-10-07 02:18:34.337 WARN   Wiring.write_wire_scope: net not found
2026-10-07 02:18:34.337 WARN   Wiring.write_wire_scope: net not found
2026-10-07 02:18:34.337 WARN   Wiring.write_wire_scope: net not found
2026-10-07 02:18:34.338 WARN   Wiring.write_wire_scope: net not found
2026-10-07 02:18:34.338 WARN   Wiring.write_wire_scope: net not found
2026-10-07 02:18:34.338 WARN   Wiring.write_wire_scope: net not found
2026-10-07 02:18:34.338 WARN   Wiring.write_wire_scope: net not found
2026-10-07 02:18:34.338 WARN   Wiring.write_wire_scope: net not found
2026-10-07 02:18:34.338 WARN   Wiring.write_wire_scope: net not found
2026-10-07 02:18:34.338 WARN   Wiring.write_wire_scope: net not found
2026-10-07 02:18:34.338 WARN   Wiring.write_wire_scope: net not found
2026-10-07 02:18:34.338 WARN   Wiring.write_wire_scope: net not found
2026-10-07 02:18:34.339 WARN   Wiring.write_wire_scope: net not found
2026-10-07 02:18:34.339 WARN   Wiring.write_wire_scope: net not found
2026-10-07 02:18:34.339 WARN   Wiring.write_wire_scope: net not found
2026-10-07 02:18:34.339 WARN   Wiring.write_wire_scope: net not found
2026-10-07 02:18:34.339 WARN   Wiring.write_wire_scope: net not found
2026-10-07 02:18:34.339 WARN   Wiring.write_wire_scope: net not found
2026-10-07 02:18:34.339 WARN   Wiring.write_wire_scope: net not found
2026-10-07 02:18:34.339 WARN   Wiring.write_wire_scope: net not found
2026-10-07 02:18:34.339 WARN   Wiring.write_wire_scope: net not found
2026-10-07 02:18:34.339 WARN   Wiring.write_wire_scope: net not found
2026-10-07 02:18:34.339 WARN   Wiring.write_wire_scope: net not found
2026-10-07 02:18:34.339 WARN   Wiring.write_wire_scope: net not found
2026-10-07 02:18:34.339 WARN   Wiring.write_wire_scope: net not found
2026-10-07 02:18:34.339 WARN   Wiring.write_wire_scope: net not found
2026-10-07 02:18:34.339 WARN   Wiring.write_wire_scope: net not found
2026-10-07 02:18:34.339 WARN   Wiring.write_wire_scope: net not found
2026-10-07 02:18:34.340 WARN   Wiring.write_wire_scope: net not found
2026-10-07 02:18:34.340 WARN   Wiring.write_wire_scope: net not found
2026-10-07 02:18:34.340 WARN   Wiring.write_wire_scope: net not found
2026-10-07 02:18:34.340 WARN   Wiring.write_wire_scope: net not found
2026-10-07 02:18:34.340 WARN   Wiring.write_wire_scope: net not found
2026-10-07 02:18:34.340 WARN   Wiring.write_wire_scope: net not found
2026-10-07 02:18:34.340 WARN   Wiring.write_wire_scope: net not found
2026-10-07 02:18:34.340 WARN   Wiring.write_wire_scope: net not found
2026-10-07 02:18:34.340 WARN   Wiring.write_wire_scope: net not found
2026-10-07 02:18:34.340 WARN   Wiring.write_wire_scope: net not found
2026-10-07 02:18:34.340 WARN   Wiring.write_wire_scope: net not found
2026-10-07 02:18:34.340 WARN   Wiring.write_wire_scope: net not found
2026-10-07 02:18:34.340 WARN   Wiring.write_wire_scope: net not found
2026-10-07 02:18:34.340 WARN   Wiring.write_wire_scope: net not found
2026-10-07 02:18:34.340 WARN   Wiring.write_wire_scope: net not found
2026-10-07 02:18:34.340 WARN   Wiring.write_wire_scope: net not found
2026-10-07 02:18:34.341 WARN   Wiring.write_wire_scope: net not found
2026-10-07 02:18:34.341 WARN   Wiring.write_wire_scope: net not found
2026-10-07 02:18:34.341 WARN   Wiring.write_wire_scope: net not found
2026-10-07 02:18:34.341 WARN   Wiring.write_wire_scope: net not found
2026-10-07 02:18:34.341 WARN   Wiring.write_wire_scope: net not found
2026-10-07 02:18:34.341 WARN   Wiring.write_wire_scope: net not found
2026-10-07 02:18:34.341 WARN   Wiring.write_wire_scope: net not found
2026-10-07 02:18:34.341 WARN   Wiring.write_wire_scope: net not found
2026-10-07 02:18:34.341 WARN   Wiring.write_wire_scope: net not found
2026-10-07 02:18:34.341 WARN   Wiring.write_wire_scope: net not found
2026-10-07 02:18:34.341 WARN   Wiring.write_wire_scope: net not found
2026-10-07 02:18:34.341 WARN   Wiring.write_wire_scope: net not found
2026-10-07 02:18:34.341 WARN   Wiring.write_wire_scope: net not found
2026-10-07 02:18:34.341 WARN   Wiring.write_wire_scope: net not found
2026-10-07 02:18:34.341 WARN   Wiring.write_wire_scope: net not found
2026-10-07 02:18:34.341 WARN   Wiring.write_wire_scope: net not found
2026-10-07 02:18:34.341 WARN   Wiring.write_wire_scope: net not found
2026-10-07 02:18:34.341 WARN   Wiring.write_wire_scope: net not found
2026-10-07 02:18:34.341 WARN   Wiring.write_wire_scope: net not found
2026-10-07 02:18:34.400 WARN   Design Warning: Board has 490 pre-existing clearance violation(s) in the loaded design (before routing):
  - 490 unfixable violation(s) (cannot be resolved by Freerouting):
      * 127 pin-to-pin clearance violations (first 5 shown):
          - D1.3 [net /USB_DP] <-> D1.2
          - U1.9 <-> U1.8 [net Net-(U1-AOHPL)]
          - U1.8 [net Net-(U1-AOHPL)] <-> U1.7
          - U1.7 <-> U1.6 [net Net-(U1-AOHPR)]
          - U1.6 [net Net-(U1-AOHPR)] <-> U1.5
          ... and 122 more
      * 363 fixed trace/via clearance violations (first 5 shown):
          - FixedVia#3181 <-> FixedTrace#3164
          - FixedVia#3181 <-> FixedTrace#3167
          - FixedVia#3180 <-> FixedTrace#3161
          - FixedVia#3180 <-> FixedTrace#3162
          - FixedVia#3179 <-> FixedTrace#3159
          ... and 358 more
  - 0 potentially fixable violations
Notice: Freerouting does not modify component placement, board outlines, or fixed items.
Resolving these 490 unfixable violation(s) is the responsibility of the board author in their EDA tool (e.g. KiCad).
2026-10-07 02:18:34.437 INFO   [F4C0B6\366547] Pipeline thread limits: autorouter pass is single-threaded, optimizer.max_threads=23.
2026-10-07 02:18:34.538 INFO   [F4C0B6\366547] Fanout stage started on board '91f38b18a2354874cb5a027e23497e9b' with 167 of 1066 SMD pins needing fanout (10 already connected, 889 netless).
2026-10-07 02:18:34.631 WARN   Wiring.write_wire_scope: net not found
2026-10-07 02:18:34.631 WARN   Wiring.write_wire_scope: net not found
2026-10-07 02:18:34.631 WARN   Wiring.write_wire_scope: net not found
2026-10-07 02:18:34.631 WARN   Wiring.write_wire_scope: net not found
2026-10-07 02:18:34.631 WARN   Wiring.write_wire_scope: net not found
2026-10-07 02:18:34.631 WARN   Wiring.write_wire_scope: net not found
2026-10-07 02:18:34.631 WARN   Wiring.write_wire_scope: net not found
2026-10-07 02:18:34.631 WARN   Wiring.write_wire_scope: net not found
2026-10-07 02:18:34.631 WARN   Wiring.write_wire_scope: net not found
2026-10-07 02:18:34.631 WARN   Wiring.write_wire_scope: net not found
2026-10-07 02:18:34.631 WARN   Wiring.write_wire_scope: net not found
2026-10-07 02:18:34.631 WARN   Wiring.write_wire_scope: net not found
2026-10-07 02:18:34.631 WARN   Wiring.write_wire_scope: net not found
2026-10-07 02:18:34.631 WARN   Wiring.write_wire_scope: net not found
2026-10-07 02:18:34.631 WARN   Wiring.write_wire_scope: net not found
2026-10-07 02:18:34.631 WARN   Wiring.write_wire_scope: net not found
2026-10-07 02:18:34.631 WARN   Wiring.write_wire_scope: net not found
2026-10-07 02:18:34.631 WARN   Wiring.write_wire_scope: net not found
2026-10-07 02:18:34.632 WARN   Wiring.write_wire_scope: net not found
2026-10-07 02:18:34.632 WARN   Wiring.write_wire_scope: net not found
2026-10-07 02:18:34.632 WARN   Wiring.write_wire_scope: net not found
2026-10-07 02:18:34.632 WARN   Wiring.write_wire_scope: net not found
2026-10-07 02:18:34.632 WARN   Wiring.write_wire_scope: net not found
2026-10-07 02:18:34.632 WARN   Wiring.write_wire_scope: net not found
2026-10-07 02:18:34.632 WARN   Wiring.write_wire_scope: net not found
2026-10-07 02:18:34.632 WARN   Wiring.write_wire_scope: net not found
2026-10-07 02:18:34.632 WARN   Wiring.write_wire_scope: net not found
2026-10-07 02:18:34.632 WARN   Wiring.write_wire_scope: net not found
2026-10-07 02:18:34.632 WARN   Wiring.write_wire_scope: net not found
2026-10-07 02:18:34.632 WARN   Wiring.write_wire_scope: net not found
2026-10-07 02:18:34.632 WARN   Wiring.write_wire_scope: net not found
2026-10-07 02:18:34.632 WARN   Wiring.write_wire_scope: net not found
2026-10-07 02:18:34.632 WARN   Wiring.write_wire_scope: net not found
2026-10-07 02:18:34.632 WARN   Wiring.write_wire_scope: net not found
2026-10-07 02:18:34.632 WARN   Wiring.write_wire_scope: net not found
2026-10-07 02:18:34.632 WARN   Wiring.write_wire_scope: net not found
2026-10-07 02:18:34.632 WARN   Wiring.write_wire_scope: net not found
2026-10-07 02:18:34.632 WARN   Wiring.write_wire_scope: net not found
2026-10-07 02:18:34.632 WARN   Wiring.write_wire_scope: net not found
2026-10-07 02:18:34.632 WARN   Wiring.write_wire_scope: net not found
2026-10-07 02:18:34.632 WARN   Wiring.write_wire_scope: net not found
2026-10-07 02:18:34.632 WARN   Wiring.write_wire_scope: net not found
2026-10-07 02:18:34.633 WARN   Wiring.write_wire_scope: net not found
2026-10-07 02:18:34.633 WARN   Wiring.write_wire_scope: net not found
2026-10-07 02:18:34.633 WARN   Wiring.write_wire_scope: net not found
2026-10-07 02:18:34.633 WARN   Wiring.write_wire_scope: net not found
2026-10-07 02:18:34.633 WARN   Wiring.write_wire_scope: net not found
2026-10-07 02:18:34.633 WARN   Wiring.write_wire_scope: net not found
2026-10-07 02:18:34.633 WARN   Wiring.write_wire_scope: net not found
2026-10-07 02:18:34.633 WARN   Wiring.write_wire_scope: net not found
2026-10-07 02:18:34.633 WARN   Wiring.write_wire_scope: net not found
2026-10-07 02:18:34.633 WARN   Wiring.write_wire_scope: net not found
2026-10-07 02:18:34.633 WARN   Wiring.write_wire_scope: net not found
2026-10-07 02:18:34.633 WARN   Wiring.write_wire_scope: net not found
2026-10-07 02:18:34.633 WARN   Wiring.write_wire_scope: net not found
2026-10-07 02:18:34.633 WARN   Wiring.write_wire_scope: net not found
2026-10-07 02:18:34.633 WARN   Wiring.write_wire_scope: net not found
2026-10-07 02:18:34.633 WARN   Wiring.write_wire_scope: net not found
2026-10-07 02:18:34.633 WARN   Wiring.write_wire_scope: net not found
2026-10-07 02:18:34.633 WARN   Wiring.write_wire_scope: net not found
2026-10-07 02:18:34.633 WARN   Wiring.write_wire_scope: net not found
2026-10-07 02:18:34.633 WARN   Wiring.write_wire_scope: net not found
2026-10-07 02:18:34.633 WARN   Wiring.write_wire_scope: net not found
2026-10-07 02:18:34.633 WARN   Wiring.write_wire_scope: net not found
2026-10-07 02:18:34.633 WARN   Wiring.write_wire_scope: net not found
2026-10-07 02:18:34.633 WARN   Wiring.write_wire_scope: net not found
2026-10-07 02:18:34.633 WARN   Wiring.write_wire_scope: net not found
2026-10-07 02:18:34.633 WARN   Wiring.write_wire_scope: net not found
2026-10-07 02:18:34.633 WARN   Wiring.write_wire_scope: net not found
2026-10-07 02:18:34.633 WARN   Wiring.write_wire_scope: net not found
2026-10-07 02:18:34.633 WARN   Wiring.write_wire_scope: net not found
2026-10-07 02:18:34.633 WARN   Wiring.write_wire_scope: net not found
2026-10-07 02:18:34.633 WARN   Wiring.write_wire_scope: net not found
2026-10-07 02:18:34.633 WARN   Wiring.write_wire_scope: net not found
2026-10-07 02:18:34.633 WARN   Wiring.write_wire_scope: net not found
2026-10-07 02:18:34.760 WARN   Wiring.write_wire_scope: net not found
2026-10-07 02:18:34.760 WARN   Wiring.write_wire_scope: net not found
2026-10-07 02:18:34.760 WARN   Wiring.write_wire_scope: net not found
2026-10-07 02:18:34.760 WARN   Wiring.write_wire_scope: net not found
2026-10-07 02:18:34.760 WARN   Wiring.write_wire_scope: net not found
2026-10-07 02:18:34.760 WARN   Wiring.write_wire_scope: net not found
2026-10-07 02:18:34.760 WARN   Wiring.write_wire_scope: net not found
2026-10-07 02:18:34.760 WARN   Wiring.write_wire_scope: net not found
2026-10-07 02:18:34.760 WARN   Wiring.write_wire_scope: net not found
2026-10-07 02:18:34.760 WARN   Wiring.write_wire_scope: net not found
2026-10-07 02:18:34.760 WARN   Wiring.write_wire_scope: net not found
2026-10-07 02:18:34.760 WARN   Wiring.write_wire_scope: net not found
2026-10-07 02:18:34.760 WARN   Wiring.write_wire_scope: net not found
2026-10-07 02:18:34.760 WARN   Wiring.write_wire_scope: net not found
2026-10-07 02:18:34.760 WARN   Wiring.write_wire_scope: net not found
2026-10-07 02:18:34.761 WARN   Wiring.write_wire_scope: net not found
2026-10-07 02:18:34.761 WARN   Wiring.write_wire_scope: net not found
2026-10-07 02:18:34.761 WARN   Wiring.write_wire_scope: net not found
2026-10-07 02:18:34.761 WARN   Wiring.write_wire_scope: net not found
2026-10-07 02:18:34.761 WARN   Wiring.write_wire_scope: net not found
2026-10-07 02:18:34.761 WARN   Wiring.write_wire_scope: net not found
2026-10-07 02:18:34.761 WARN   Wiring.write_wire_scope: net not found
2026-10-07 02:18:34.761 WARN   Wiring.write_wire_scope: net not found
2026-10-07 02:18:34.761 WARN   Wiring.write_wire_scope: net not found
2026-10-07 02:18:34.761 WARN   Wiring.write_wire_scope: net not found
2026-10-07 02:18:34.761 WARN   Wiring.write_wire_scope: net not found
2026-10-07 02:18:34.761 WARN   Wiring.write_wire_scope: net not found
2026-10-07 02:18:34.761 WARN   Wiring.write_wire_scope: net not found
2026-10-07 02:18:34.761 WARN   Wiring.write_wire_scope: net not found
2026-10-07 02:18:34.761 WARN   Wiring.write_wire_scope: net not found
2026-10-07 02:18:34.761 WARN   Wiring.write_wire_scope: net not found
2026-10-07 02:18:34.761 WARN   Wiring.write_wire_scope: net not found
2026-10-07 02:18:34.761 WARN   Wiring.write_wire_scope: net not found
2026-10-07 02:18:34.761 WARN   Wiring.write_wire_scope: net not found
2026-10-07 02:18:34.761 WARN   Wiring.write_wire_scope: net not found
2026-10-07 02:18:34.761 WARN   Wiring.write_wire_scope: net not found
2026-10-07 02:18:34.761 WARN   Wiring.write_wire_scope: net not found
2026-10-07 02:18:34.761 WARN   Wiring.write_wire_scope: net not found
2026-10-07 02:18:34.761 WARN   Wiring.write_wire_scope: net not found
2026-10-07 02:18:34.761 WARN   Wiring.write_wire_scope: net not found
2026-10-07 02:18:34.761 WARN   Wiring.write_wire_scope: net not found
2026-10-07 02:18:34.761 WARN   Wiring.write_wire_scope: net not found
2026-10-07 02:18:34.761 WARN   Wiring.write_wire_scope: net not found
2026-10-07 02:18:34.761 WARN   Wiring.write_wire_scope: net not found
2026-10-07 02:18:34.761 WARN   Wiring.write_wire_scope: net not found
2026-10-07 02:18:34.761 WARN   Wiring.write_wire_scope: net not found
2026-10-07 02:18:34.761 WARN   Wiring.write_wire_scope: net not found
2026-10-07 02:18:34.761 WARN   Wiring.write_wire_scope: net not found
2026-10-07 02:18:34.761 WARN   Wiring.write_wire_scope: net not found
2026-10-07 02:18:34.761 WARN   Wiring.write_wire_scope: net not found
2026-10-07 02:18:34.761 WARN   Wiring.write_wire_scope: net not found
2026-10-07 02:18:34.761 WARN   Wiring.write_wire_scope: net not found
2026-10-07 02:18:34.761 WARN   Wiring.write_wire_scope: net not found
2026-10-07 02:18:34.761 WARN   Wiring.write_wire_scope: net not found
2026-10-07 02:18:34.761 WARN   Wiring.write_wire_scope: net not found
2026-10-07 02:18:34.761 WARN   Wiring.write_wire_scope: net not found
2026-10-07 02:18:34.761 WARN   Wiring.write_wire_scope: net not found
2026-10-07 02:18:34.761 WARN   Wiring.write_wire_scope: net not found
2026-10-07 02:18:34.761 WARN   Wiring.write_wire_scope: net not found
2026-10-07 02:18:34.761 WARN   Wiring.write_wire_scope: net not found
2026-10-07 02:18:34.761 WARN   Wiring.write_wire_scope: net not found
2026-10-07 02:18:34.761 WARN   Wiring.write_wire_scope: net not found
2026-10-07 02:18:34.761 WARN   Wiring.write_wire_scope: net not found
2026-10-07 02:18:34.761 WARN   Wiring.write_wire_scope: net not found
2026-10-07 02:18:34.761 WARN   Wiring.write_wire_scope: net not found
2026-10-07 02:18:34.761 WARN   Wiring.write_wire_scope: net not found
2026-10-07 02:18:34.761 WARN   Wiring.write_wire_scope: net not found
2026-10-07 02:18:34.761 WARN   Wiring.write_wire_scope: net not found
2026-10-07 02:18:34.761 WARN   Wiring.write_wire_scope: net not found
2026-10-07 02:18:34.761 WARN   Wiring.write_wire_scope: net not found
2026-10-07 02:18:34.761 WARN   Wiring.write_wire_scope: net not found
2026-10-07 02:18:34.761 WARN   Wiring.write_wire_scope: net not found
2026-10-07 02:18:34.761 WARN   Wiring.write_wire_scope: net not found
2026-10-07 02:18:34.762 WARN   Wiring.write_wire_scope: net not found
2026-10-07 02:18:34.762 WARN   Wiring.write_wire_scope: net not found
2026-10-07 02:18:35.635 WARN   Wiring.write_wire_scope: net not found
2026-10-07 02:18:35.635 WARN   Wiring.write_wire_scope: net not found
2026-10-07 02:18:35.635 WARN   Wiring.write_wire_scope: net not found
2026-10-07 02:18:35.635 WARN   Wiring.write_wire_scope: net not found
2026-10-07 02:18:35.635 WARN   Wiring.write_wire_scope: net not found
2026-10-07 02:18:35.635 WARN   Wiring.write_wire_scope: net not found
2026-10-07 02:18:35.635 WARN   Wiring.write_wire_scope: net not found
2026-10-07 02:18:35.635 WARN   Wiring.write_wire_scope: net not found
2026-10-07 02:18:35.635 WARN   Wiring.write_wire_scope: net not found
2026-10-07 02:18:35.635 WARN   Wiring.write_wire_scope: net not found
2026-10-07 02:18:35.635 WARN   Wiring.write_wire_scope: net not found
2026-10-07 02:18:35.635 WARN   Wiring.write_wire_scope: net not found
2026-10-07 02:18:35.635 WARN   Wiring.write_wire_scope: net not found
2026-10-07 02:18:35.635 WARN   Wiring.write_wire_scope: net not found
2026-10-07 02:18:35.635 WARN   Wiring.write_wire_scope: net not found
2026-10-07 02:18:35.635 WARN   Wiring.write_wire_scope: net not found
2026-10-07 02:18:35.635 WARN   Wiring.write_wire_scope: net not found
2026-10-07 02:18:35.635 WARN   Wiring.write_wire_scope: net not found
2026-10-07 02:18:35.635 WARN   Wiring.write_wire_scope: net not found
2026-10-07 02:18:35.635 WARN   Wiring.write_wire_scope: net not found
2026-10-07 02:18:35.635 WARN   Wiring.write_wire_scope: net not found
2026-10-07 02:18:35.635 WARN   Wiring.write_wire_scope: net not found
2026-10-07 02:18:35.635 WARN   Wiring.write_wire_scope: net not found
2026-10-07 02:18:35.635 WARN   Wiring.write_wire_scope: net not found
2026-10-07 02:18:35.636 WARN   Wiring.write_wire_scope: net not found
2026-10-07 02:18:35.636 WARN   Wiring.write_wire_scope: net not found
2026-10-07 02:18:35.636 WARN   Wiring.write_wire_scope: net not found
2026-10-07 02:18:35.636 WARN   Wiring.write_wire_scope: net not found
2026-10-07 02:18:35.636 WARN   Wiring.write_wire_scope: net not found
2026-10-07 02:18:35.636 WARN   Wiring.write_wire_scope: net not found
2026-10-07 02:18:35.636 WARN   Wiring.write_wire_scope: net not found
2026-10-07 02:18:35.636 WARN   Wiring.write_wire_scope: net not found
2026-10-07 02:18:35.636 WARN   Wiring.write_wire_scope: net not found
2026-10-07 02:18:35.636 WARN   Wiring.write_wire_scope: net not found
2026-10-07 02:18:35.636 WARN   Wiring.write_wire_scope: net not found
2026-10-07 02:18:35.636 WARN   Wiring.write_wire_scope: net not found
2026-10-07 02:18:35.636 WARN   Wiring.write_wire_scope: net not found
2026-10-07 02:18:35.636 WARN   Wiring.write_wire_scope: net not found
2026-10-07 02:18:35.636 WARN   Wiring.write_wire_scope: net not found
2026-10-07 02:18:35.636 WARN   Wiring.write_wire_scope: net not found
2026-10-07 02:18:35.636 WARN   Wiring.write_wire_scope: net not found
2026-10-07 02:18:35.636 WARN   Wiring.write_wire_scope: net not found
2026-10-07 02:18:35.636 WARN   Wiring.write_wire_scope: net not found
2026-10-07 02:18:35.636 WARN   Wiring.write_wire_scope: net not found
2026-10-07 02:18:35.636 WARN   Wiring.write_wire_scope: net not found
2026-10-07 02:18:35.636 WARN   Wiring.write_wire_scope: net not found
2026-10-07 02:18:35.636 WARN   Wiring.write_wire_scope: net not found
2026-10-07 02:18:35.636 WARN   Wiring.write_wire_scope: net not found
2026-10-07 02:18:35.636 WARN   Wiring.write_wire_scope: net not found
2026-10-07 02:18:35.636 WARN   Wiring.write_wire_scope: net not found
2026-10-07 02:18:35.636 WARN   Wiring.write_wire_scope: net not found
2026-10-07 02:18:35.636 WARN   Wiring.write_wire_scope: net not found
2026-10-07 02:18:35.636 WARN   Wiring.write_wire_scope: net not found
2026-10-07 02:18:35.636 WARN   Wiring.write_wire_scope: net not found
2026-10-07 02:18:35.636 WARN   Wiring.write_wire_scope: net not found
2026-10-07 02:18:35.636 WARN   Wiring.write_wire_scope: net not found
2026-10-07 02:18:35.636 WARN   Wiring.write_wire_scope: net not found
2026-10-07 02:18:35.636 WARN   Wiring.write_wire_scope: net not found
2026-10-07 02:18:35.636 WARN   Wiring.write_wire_scope: net not found
2026-10-07 02:18:35.636 WARN   Wiring.write_wire_scope: net not found
2026-10-07 02:18:35.636 WARN   Wiring.write_wire_scope: net not found
2026-10-07 02:18:35.636 WARN   Wiring.write_wire_scope: net not found
2026-10-07 02:18:35.636 WARN   Wiring.write_wire_scope: net not found
2026-10-07 02:18:35.636 WARN   Wiring.write_wire_scope: net not found
2026-10-07 02:18:35.636 WARN   Wiring.write_wire_scope: net not found
2026-10-07 02:18:35.636 WARN   Wiring.write_wire_scope: net not found
2026-10-07 02:18:35.636 WARN   Wiring.write_wire_scope: net not found
2026-10-07 02:18:35.636 WARN   Wiring.write_wire_scope: net not found
2026-10-07 02:18:35.636 WARN   Wiring.write_wire_scope: net not found
2026-10-07 02:18:35.636 WARN   Wiring.write_wire_scope: net not found
2026-10-07 02:18:35.636 WARN   Wiring.write_wire_scope: net not found
2026-10-07 02:18:35.636 WARN   Wiring.write_wire_scope: net not found
2026-10-07 02:18:35.636 WARN   Wiring.write_wire_scope: net not found
2026-10-07 02:18:35.636 WARN   Wiring.write_wire_scope: net not found
2026-10-07 02:18:35.636 WARN   Wiring.write_wire_scope: net not found
2026-10-07 02:18:35.641 INFO   [F4C0B6\366547] Fanout pass #1 on board '54e74636e6d9266a56f6c9bdf0b2eee8' completed in 1.03 seconds with 45 SMD pins fanouted, 107 not routed, 0 insert errors, +0 extra vias (0 SMD pins still to check in pass, ripup costs=100).
2026-10-07 02:18:35.685 WARN   Wiring.write_wire_scope: net not found
2026-10-07 02:18:35.685 WARN   Wiring.write_wire_scope: net not found
2026-10-07 02:18:35.685 WARN   Wiring.write_wire_scope: net not found
2026-10-07 02:18:35.685 WARN   Wiring.write_wire_scope: net not found
2026-10-07 02:18:35.685 WARN   Wiring.write_wire_scope: net not found
2026-10-07 02:18:35.685 WARN   Wiring.write_wire_scope: net not found
2026-10-07 02:18:35.685 WARN   Wiring.write_wire_scope: net not found
2026-10-07 02:18:35.685 WARN   Wiring.write_wire_scope: net not found
2026-10-07 02:18:35.685 WARN   Wiring.write_wire_scope: net not found
2026-10-07 02:18:35.685 WARN   Wiring.write_wire_scope: net not found
2026-10-07 02:18:35.685 WARN   Wiring.write_wire_scope: net not found
2026-10-07 02:18:35.685 WARN   Wiring.write_wire_scope: net not found
2026-10-07 02:18:35.685 WARN   Wiring.write_wire_scope: net not found
2026-10-07 02:18:35.685 WARN   Wiring.write_wire_scope: net not found
2026-10-07 02:18:35.685 WARN   Wiring.write_wire_scope: net not found
2026-10-07 02:18:35.685 WARN   Wiring.write_wire_scope: net not found
2026-10-07 02:18:35.685 WARN   Wiring.write_wire_scope: net not found
2026-10-07 02:18:35.685 WARN   Wiring.write_wire_scope: net not found
2026-10-07 02:18:35.685 WARN   Wiring.write_wire_scope: net not found
2026-10-07 02:18:35.685 WARN   Wiring.write_wire_scope: net not found
2026-10-07 02:18:35.685 WARN   Wiring.write_wire_scope: net not found
2026-10-07 02:18:35.686 WARN   Wiring.write_wire_scope: net not found
2026-10-07 02:18:35.686 WARN   Wiring.write_wire_scope: net not found
2026-10-07 02:18:35.686 WARN   Wiring.write_wire_scope: net not found
2026-10-07 02:18:35.686 WARN   Wiring.write_wire_scope: net not found
2026-10-07 02:18:35.686 WARN   Wiring.write_wire_scope: net not found
2026-10-07 02:18:35.686 WARN   Wiring.write_wire_scope: net not found
2026-10-07 02:18:35.686 WARN   Wiring.write_wire_scope: net not found
2026-10-07 02:18:35.686 WARN   Wiring.write_wire_scope: net not found
2026-10-07 02:18:35.686 WARN   Wiring.write_wire_scope: net not found
2026-10-07 02:18:35.686 WARN   Wiring.write_wire_scope: net not found
2026-10-07 02:18:35.686 WARN   Wiring.write_wire_scope: net not found
2026-10-07 02:18:35.686 WARN   Wiring.write_wire_scope: net not found
2026-10-07 02:18:35.686 WARN   Wiring.write_wire_scope: net not found
2026-10-07 02:18:35.686 WARN   Wiring.write_wire_scope: net not found
2026-10-07 02:18:35.686 WARN   Wiring.write_wire_scope: net not found
2026-10-07 02:18:35.686 WARN   Wiring.write_wire_scope: net not found
2026-10-07 02:18:35.686 WARN   Wiring.write_wire_scope: net not found
2026-10-07 02:18:35.686 WARN   Wiring.write_wire_scope: net not found
2026-10-07 02:18:35.686 WARN   Wiring.write_wire_scope: net not found
2026-10-07 02:18:35.686 WARN   Wiring.write_wire_scope: net not found
2026-10-07 02:18:35.686 WARN   Wiring.write_wire_scope: net not found
2026-10-07 02:18:35.686 WARN   Wiring.write_wire_scope: net not found
2026-10-07 02:18:35.686 WARN   Wiring.write_wire_scope: net not found
2026-10-07 02:18:35.686 WARN   Wiring.write_wire_scope: net not found
2026-10-07 02:18:35.686 WARN   Wiring.write_wire_scope: net not found
2026-10-07 02:18:35.686 WARN   Wiring.write_wire_scope: net not found
2026-10-07 02:18:35.686 WARN   Wiring.write_wire_scope: net not found
2026-10-07 02:18:35.686 WARN   Wiring.write_wire_scope: net not found
2026-10-07 02:18:35.686 WARN   Wiring.write_wire_scope: net not found
2026-10-07 02:18:35.686 WARN   Wiring.write_wire_scope: net not found
2026-10-07 02:18:35.686 WARN   Wiring.write_wire_scope: net not found
2026-10-07 02:18:35.686 WARN   Wiring.write_wire_scope: net not found
2026-10-07 02:18:35.686 WARN   Wiring.write_wire_scope: net not found
2026-10-07 02:18:35.686 WARN   Wiring.write_wire_scope: net not found
2026-10-07 02:18:35.686 WARN   Wiring.write_wire_scope: net not found
2026-10-07 02:18:35.686 WARN   Wiring.write_wire_scope: net not found
2026-10-07 02:18:35.686 WARN   Wiring.write_wire_scope: net not found
2026-10-07 02:18:35.686 WARN   Wiring.write_wire_scope: net not found
2026-10-07 02:18:35.686 WARN   Wiring.write_wire_scope: net not found
2026-10-07 02:18:35.686 WARN   Wiring.write_wire_scope: net not found
2026-10-07 02:18:35.686 WARN   Wiring.write_wire_scope: net not found
2026-10-07 02:18:35.686 WARN   Wiring.write_wire_scope: net not found
2026-10-07 02:18:35.686 WARN   Wiring.write_wire_scope: net not found
2026-10-07 02:18:35.686 WARN   Wiring.write_wire_scope: net not found
2026-10-07 02:18:35.686 WARN   Wiring.write_wire_scope: net not found
2026-10-07 02:18:35.686 WARN   Wiring.write_wire_scope: net not found
2026-10-07 02:18:35.686 WARN   Wiring.write_wire_scope: net not found
2026-10-07 02:18:35.686 WARN   Wiring.write_wire_scope: net not found
2026-10-07 02:18:35.686 WARN   Wiring.write_wire_scope: net not found
2026-10-07 02:18:35.686 WARN   Wiring.write_wire_scope: net not found
2026-10-07 02:18:35.686 WARN   Wiring.write_wire_scope: net not found
2026-10-07 02:18:35.686 WARN   Wiring.write_wire_scope: net not found
2026-10-07 02:18:35.686 WARN   Wiring.write_wire_scope: net not found
2026-10-07 02:18:35.686 WARN   Wiring.write_wire_scope: net not found
2026-10-07 02:18:35.715 WARN   Wiring.write_wire_scope: net not found
2026-10-07 02:18:35.716 WARN   Wiring.write_wire_scope: net not found
2026-10-07 02:18:35.716 WARN   Wiring.write_wire_scope: net not found
2026-10-07 02:18:35.716 WARN   Wiring.write_wire_scope: net not found
2026-10-07 02:18:35.716 WARN   Wiring.write_wire_scope: net not found
2026-10-07 02:18:35.716 WARN   Wiring.write_wire_scope: net not found
2026-10-07 02:18:35.716 WARN   Wiring.write_wire_scope: net not found
2026-10-07 02:18:35.716 WARN   Wiring.write_wire_scope: net not found
2026-10-07 02:18:35.716 WARN   Wiring.write_wire_scope: net not found
2026-10-07 02:18:35.716 WARN   Wiring.write_wire_scope: net not found
2026-10-07 02:18:35.716 WARN   Wiring.write_wire_scope: net not found
2026-10-07 02:18:35.716 WARN   Wiring.write_wire_scope: net not found
2026-10-07 02:18:35.716 WARN   Wiring.write_wire_scope: net not found
2026-10-07 02:18:35.716 WARN   Wiring.write_wire_scope: net not found
2026-10-07 02:18:35.716 WARN   Wiring.write_wire_scope: net not found
2026-10-07 02:18:35.716 WARN   Wiring.write_wire_scope: net not found
2026-10-07 02:18:35.716 WARN   Wiring.write_wire_scope: net not found
2026-10-07 02:18:35.716 WARN   Wiring.write_wire_scope: net not found
2026-10-07 02:18:35.716 WARN   Wiring.write_wire_scope: net not found
2026-10-07 02:18:35.716 WARN   Wiring.write_wire_scope: net not found
2026-10-07 02:18:35.716 WARN   Wiring.write_wire_scope: net not found
2026-10-07 02:18:35.716 WARN   Wiring.write_wire_scope: net not found
2026-10-07 02:18:35.716 WARN   Wiring.write_wire_scope: net not found
2026-10-07 02:18:35.716 WARN   Wiring.write_wire_scope: net not found
2026-10-07 02:18:35.716 WARN   Wiring.write_wire_scope: net not found
2026-10-07 02:18:35.716 WARN   Wiring.write_wire_scope: net not found
2026-10-07 02:18:35.716 WARN   Wiring.write_wire_scope: net not found
2026-10-07 02:18:35.716 WARN   Wiring.write_wire_scope: net not found
2026-10-07 02:18:35.716 WARN   Wiring.write_wire_scope: net not found
2026-10-07 02:18:35.716 WARN   Wiring.write_wire_scope: net not found
2026-10-07 02:18:35.716 WARN   Wiring.write_wire_scope: net not found
2026-10-07 02:18:35.716 WARN   Wiring.write_wire_scope: net not found
2026-10-07 02:18:35.716 WARN   Wiring.write_wire_scope: net not found
2026-10-07 02:18:35.716 WARN   Wiring.write_wire_scope: net not found
2026-10-07 02:18:35.716 WARN   Wiring.write_wire_scope: net not found
2026-10-07 02:18:35.716 WARN   Wiring.write_wire_scope: net not found
2026-10-07 02:18:35.716 WARN   Wiring.write_wire_scope: net not found
2026-10-07 02:18:35.716 WARN   Wiring.write_wire_scope: net not found
2026-10-07 02:18:35.716 WARN   Wiring.write_wire_scope: net not found
2026-10-07 02:18:35.716 WARN   Wiring.write_wire_scope: net not found
2026-10-07 02:18:35.716 WARN   Wiring.write_wire_scope: net not found
2026-10-07 02:18:35.716 WARN   Wiring.write_wire_scope: net not found
2026-10-07 02:18:35.716 WARN   Wiring.write_wire_scope: net not found
2026-10-07 02:18:35.716 WARN   Wiring.write_wire_scope: net not found
2026-10-07 02:18:35.716 WARN   Wiring.write_wire_scope: net not found
2026-10-07 02:18:35.716 WARN   Wiring.write_wire_scope: net not found
2026-10-07 02:18:35.716 WARN   Wiring.write_wire_scope: net not found
2026-10-07 02:18:35.716 WARN   Wiring.write_wire_scope: net not found
2026-10-07 02:18:35.716 WARN   Wiring.write_wire_scope: net not found
2026-10-07 02:18:35.716 WARN   Wiring.write_wire_scope: net not found
2026-10-07 02:18:35.716 WARN   Wiring.write_wire_scope: net not found
2026-10-07 02:18:35.716 WARN   Wiring.write_wire_scope: net not found
2026-10-07 02:18:35.716 WARN   Wiring.write_wire_scope: net not found
2026-10-07 02:18:35.716 WARN   Wiring.write_wire_scope: net not found
2026-10-07 02:18:35.716 WARN   Wiring.write_wire_scope: net not found
2026-10-07 02:18:35.716 WARN   Wiring.write_wire_scope: net not found
2026-10-07 02:18:35.716 WARN   Wiring.write_wire_scope: net not found
2026-10-07 02:18:35.716 WARN   Wiring.write_wire_scope: net not found
2026-10-07 02:18:35.716 WARN   Wiring.write_wire_scope: net not found
2026-10-07 02:18:35.716 WARN   Wiring.write_wire_scope: net not found
2026-10-07 02:18:35.716 WARN   Wiring.write_wire_scope: net not found
2026-10-07 02:18:35.716 WARN   Wiring.write_wire_scope: net not found
2026-10-07 02:18:35.716 WARN   Wiring.write_wire_scope: net not found
2026-10-07 02:18:35.716 WARN   Wiring.write_wire_scope: net not found
2026-10-07 02:18:35.716 WARN   Wiring.write_wire_scope: net not found
2026-10-07 02:18:35.716 WARN   Wiring.write_wire_scope: net not found
2026-10-07 02:18:35.716 WARN   Wiring.write_wire_scope: net not found
2026-10-07 02:18:35.716 WARN   Wiring.write_wire_scope: net not found
2026-10-07 02:18:35.716 WARN   Wiring.write_wire_scope: net not found
2026-10-07 02:18:35.716 WARN   Wiring.write_wire_scope: net not found
2026-10-07 02:18:35.716 WARN   Wiring.write_wire_scope: net not found
2026-10-07 02:18:35.716 WARN   Wiring.write_wire_scope: net not found
2026-10-07 02:18:35.716 WARN   Wiring.write_wire_scope: net not found
2026-10-07 02:18:35.716 WARN   Wiring.write_wire_scope: net not found
2026-10-07 02:18:35.716 WARN   Wiring.write_wire_scope: net not found
2026-10-07 02:18:35.927 WARN   Wiring.write_wire_scope: net not found
2026-10-07 02:18:35.927 WARN   Wiring.write_wire_scope: net not found
2026-10-07 02:18:35.927 WARN   Wiring.write_wire_scope: net not found
2026-10-07 02:18:35.927 WARN   Wiring.write_wire_scope: net not found
2026-10-07 02:18:35.927 WARN   Wiring.write_wire_scope: net not found
2026-10-07 02:18:35.927 WARN   Wiring.write_wire_scope: net not found
2026-10-07 02:18:35.927 WARN   Wiring.write_wire_scope: net not found
2026-10-07 02:18:35.927 WARN   Wiring.write_wire_scope: net not found
2026-10-07 02:18:35.927 WARN   Wiring.write_wire_scope: net not found
2026-10-07 02:18:35.927 WARN   Wiring.write_wire_scope: net not found
2026-10-07 02:18:35.927 WARN   Wiring.write_wire_scope: net not found
2026-10-07 02:18:35.927 WARN   Wiring.write_wire_scope: net not found
2026-10-07 02:18:35.927 WARN   Wiring.write_wire_scope: net not found
2026-10-07 02:18:35.927 WARN   Wiring.write_wire_scope: net not found
2026-10-07 02:18:35.927 WARN   Wiring.write_wire_scope: net not found
2026-10-07 02:18:35.927 WARN   Wiring.write_wire_scope: net not found
2026-10-07 02:18:35.927 WARN   Wiring.write_wire_scope: net not found
2026-10-07 02:18:35.927 WARN   Wiring.write_wire_scope: net not found
2026-10-07 02:18:35.927 WARN   Wiring.write_wire_scope: net not found
2026-10-07 02:18:35.927 WARN   Wiring.write_wire_scope: net not found
2026-10-07 02:18:35.927 WARN   Wiring.write_wire_scope: net not found
2026-10-07 02:18:35.927 WARN   Wiring.write_wire_scope: net not found
2026-10-07 02:18:35.927 WARN   Wiring.write_wire_scope: net not found
2026-10-07 02:18:35.927 WARN   Wiring.write_wire_scope: net not found
2026-10-07 02:18:35.927 WARN   Wiring.write_wire_scope: net not found
2026-10-07 02:18:35.927 WARN   Wiring.write_wire_scope: net not found
2026-10-07 02:18:35.927 WARN   Wiring.write_wire_scope: net not found
2026-10-07 02:18:35.927 WARN   Wiring.write_wire_scope: net not found
2026-10-07 02:18:35.927 WARN   Wiring.write_wire_scope: net not found
2026-10-07 02:18:35.928 WARN   Wiring.write_wire_scope: net not found
2026-10-07 02:18:35.928 WARN   Wiring.write_wire_scope: net not found
2026-10-07 02:18:35.928 WARN   Wiring.write_wire_scope: net not found
2026-10-07 02:18:35.928 WARN   Wiring.write_wire_scope: net not found
2026-10-07 02:18:35.928 WARN   Wiring.write_wire_scope: net not found
2026-10-07 02:18:35.928 WARN   Wiring.write_wire_scope: net not found
2026-10-07 02:18:35.928 WARN   Wiring.write_wire_scope: net not found
2026-10-07 02:18:35.928 WARN   Wiring.write_wire_scope: net not found
2026-10-07 02:18:35.928 WARN   Wiring.write_wire_scope: net not found
2026-10-07 02:18:35.928 WARN   Wiring.write_wire_scope: net not found
2026-10-07 02:18:35.928 WARN   Wiring.write_wire_scope: net not found
2026-10-07 02:18:35.928 WARN   Wiring.write_wire_scope: net not found
2026-10-07 02:18:35.928 WARN   Wiring.write_wire_scope: net not found
2026-10-07 02:18:35.928 WARN   Wiring.write_wire_scope: net not found
2026-10-07 02:18:35.928 WARN   Wiring.write_wire_scope: net not found
2026-10-07 02:18:35.928 WARN   Wiring.write_wire_scope: net not found
2026-10-07 02:18:35.928 WARN   Wiring.write_wire_scope: net not found
2026-10-07 02:18:35.928 WARN   Wiring.write_wire_scope: net not found
2026-10-07 02:18:35.928 WARN   Wiring.write_wire_scope: net not found
2026-10-07 02:18:35.928 WARN   Wiring.write_wire_scope: net not found
2026-10-07 02:18:35.928 WARN   Wiring.write_wire_scope: net not found
2026-10-07 02:18:35.928 WARN   Wiring.write_wire_scope: net not found
2026-10-07 02:18:35.928 WARN   Wiring.write_wire_scope: net not found
2026-10-07 02:18:35.928 WARN   Wiring.write_wire_scope: net not found
2026-10-07 02:18:35.928 WARN   Wiring.write_wire_scope: net not found
2026-10-07 02:18:35.928 WARN   Wiring.write_wire_scope: net not found
2026-10-07 02:18:35.928 WARN   Wiring.write_wire_scope: net not found
2026-10-07 02:18:35.928 WARN   Wiring.write_wire_scope: net not found
2026-10-07 02:18:35.928 WARN   Wiring.write_wire_scope: net not found
2026-10-07 02:18:35.928 WARN   Wiring.write_wire_scope: net not found
2026-10-07 02:18:35.928 WARN   Wiring.write_wire_scope: net not found
2026-10-07 02:18:35.928 WARN   Wiring.write_wire_scope: net not found
2026-10-07 02:18:35.928 WARN   Wiring.write_wire_scope: net not found
2026-10-07 02:18:35.928 WARN   Wiring.write_wire_scope: net not found
2026-10-07 02:18:35.928 WARN   Wiring.write_wire_scope: net not found
2026-10-07 02:18:35.928 WARN   Wiring.write_wire_scope: net not found
2026-10-07 02:18:35.928 WARN   Wiring.write_wire_scope: net not found
2026-10-07 02:18:35.928 WARN   Wiring.write_wire_scope: net not found
2026-10-07 02:18:35.928 WARN   Wiring.write_wire_scope: net not found
2026-10-07 02:18:35.928 WARN   Wiring.write_wire_scope: net not found
2026-10-07 02:18:35.928 WARN   Wiring.write_wire_scope: net not found
2026-10-07 02:18:35.928 WARN   Wiring.write_wire_scope: net not found
2026-10-07 02:18:35.928 WARN   Wiring.write_wire_scope: net not found
2026-10-07 02:18:35.928 WARN   Wiring.write_wire_scope: net not found
2026-10-07 02:18:35.928 WARN   Wiring.write_wire_scope: net not found
2026-10-07 02:18:35.928 WARN   Wiring.write_wire_scope: net not found
2026-10-07 02:18:35.933 INFO   [F4C0B6\366547] Fanout pass #2 on board 'e06df3c186bd3a9e8fda1f19b37f22ab' completed in 0.26 seconds with 12 SMD pins fanouted, 32 not routed, 0 insert errors, +0 extra vias (0 SMD pins still to check in pass, ripup costs=200).
2026-10-07 02:18:35.969 WARN   Wiring.write_wire_scope: net not found
2026-10-07 02:18:35.969 WARN   Wiring.write_wire_scope: net not found
2026-10-07 02:18:35.969 WARN   Wiring.write_wire_scope: net not found
2026-10-07 02:18:35.969 WARN   Wiring.write_wire_scope: net not found
2026-10-07 02:18:35.969 WARN   Wiring.write_wire_scope: net not found
2026-10-07 02:18:35.969 WARN   Wiring.write_wire_scope: net not found
2026-10-07 02:18:35.969 WARN   Wiring.write_wire_scope: net not found
2026-10-07 02:18:35.969 WARN   Wiring.write_wire_scope: net not found
2026-10-07 02:18:35.969 WARN   Wiring.write_wire_scope: net not found
2026-10-07 02:18:35.969 WARN   Wiring.write_wire_scope: net not found
2026-10-07 02:18:35.969 WARN   Wiring.write_wire_scope: net not found
2026-10-07 02:18:35.969 WARN   Wiring.write_wire_scope: net not found
2026-10-07 02:18:35.969 WARN   Wiring.write_wire_scope: net not found
2026-10-07 02:18:35.969 WARN   Wiring.write_wire_scope: net not found
2026-10-07 02:18:35.969 WARN   Wiring.write_wire_scope: net not found
2026-10-07 02:18:35.969 WARN   Wiring.write_wire_scope: net not found
2026-10-07 02:18:35.969 WARN   Wiring.write_wire_scope: net not found
2026-10-07 02:18:35.969 WARN   Wiring.write_wire_scope: net not found
2026-10-07 02:18:35.969 WARN   Wiring.write_wire_scope: net not found
2026-10-07 02:18:35.969 WARN   Wiring.write_wire_scope: net not found
2026-10-07 02:18:35.969 WARN   Wiring.write_wire_scope: net not found
2026-10-07 02:18:35.969 WARN   Wiring.write_wire_scope: net not found
2026-10-07 02:18:35.969 WARN   Wiring.write_wire_scope: net not found
2026-10-07 02:18:35.969 WARN   Wiring.write_wire_scope: net not found
2026-10-07 02:18:35.970 WARN   Wiring.write_wire_scope: net not found
2026-10-07 02:18:35.970 WARN   Wiring.write_wire_scope: net not found
2026-10-07 02:18:35.970 WARN   Wiring.write_wire_scope: net not found
2026-10-07 02:18:35.970 WARN   Wiring.write_wire_scope: net not found
2026-10-07 02:18:35.970 WARN   Wiring.write_wire_scope: net not found
2026-10-07 02:18:35.970 WARN   Wiring.write_wire_scope: net not found
2026-10-07 02:18:35.970 WARN   Wiring.write_wire_scope: net not found
2026-10-07 02:18:35.970 WARN   Wiring.write_wire_scope: net not found
2026-10-07 02:18:35.970 WARN   Wiring.write_wire_scope: net not found
2026-10-07 02:18:35.970 WARN   Wiring.write_wire_scope: net not found
2026-10-07 02:18:35.970 WARN   Wiring.write_wire_scope: net not found
2026-10-07 02:18:35.970 WARN   Wiring.write_wire_scope: net not found
2026-10-07 02:18:35.970 WARN   Wiring.write_wire_scope: net not found
2026-10-07 02:18:35.970 WARN   Wiring.write_wire_scope: net not found
2026-10-07 02:18:35.970 WARN   Wiring.write_wire_scope: net not found
2026-10-07 02:18:35.970 WARN   Wiring.write_wire_scope: net not found
2026-10-07 02:18:35.970 WARN   Wiring.write_wire_scope: net not found
2026-10-07 02:18:35.970 WARN   Wiring.write_wire_scope: net not found
2026-10-07 02:18:35.970 WARN   Wiring.write_wire_scope: net not found
2026-10-07 02:18:35.970 WARN   Wiring.write_wire_scope: net not found
2026-10-07 02:18:35.970 WARN   Wiring.write_wire_scope: net not found
2026-10-07 02:18:35.970 WARN   Wiring.write_wire_scope: net not found
2026-10-07 02:18:35.970 WARN   Wiring.write_wire_scope: net not found
2026-10-07 02:18:35.970 WARN   Wiring.write_wire_scope: net not found
2026-10-07 02:18:35.970 WARN   Wiring.write_wire_scope: net not found
2026-10-07 02:18:35.970 WARN   Wiring.write_wire_scope: net not found
2026-10-07 02:18:35.970 WARN   Wiring.write_wire_scope: net not found
2026-10-07 02:18:35.970 WARN   Wiring.write_wire_scope: net not found
2026-10-07 02:18:35.970 WARN   Wiring.write_wire_scope: net not found
2026-10-07 02:18:35.970 WARN   Wiring.write_wire_scope: net not found
2026-10-07 02:18:35.970 WARN   Wiring.write_wire_scope: net not found
2026-10-07 02:18:35.970 WARN   Wiring.write_wire_scope: net not found
2026-10-07 02:18:35.970 WARN   Wiring.write_wire_scope: net not found
2026-10-07 02:18:35.970 WARN   Wiring.write_wire_scope: net not found
2026-10-07 02:18:35.970 WARN   Wiring.write_wire_scope: net not found
2026-10-07 02:18:35.970 WARN   Wiring.write_wire_scope: net not found
2026-10-07 02:18:35.970 WARN   Wiring.write_wire_scope: net not found
2026-10-07 02:18:35.970 WARN   Wiring.write_wire_scope: net not found
2026-10-07 02:18:35.970 WARN   Wiring.write_wire_scope: net not found
2026-10-07 02:18:35.970 WARN   Wiring.write_wire_scope: net not found
2026-10-07 02:18:35.970 WARN   Wiring.write_wire_scope: net not found
2026-10-07 02:18:35.970 WARN   Wiring.write_wire_scope: net not found
2026-10-07 02:18:35.970 WARN   Wiring.write_wire_scope: net not found
2026-10-07 02:18:35.970 WARN   Wiring.write_wire_scope: net not found
2026-10-07 02:18:35.970 WARN   Wiring.write_wire_scope: net not found
2026-10-07 02:18:35.970 WARN   Wiring.write_wire_scope: net not found
2026-10-07 02:18:35.970 WARN   Wiring.write_wire_scope: net not found
2026-10-07 02:18:35.970 WARN   Wiring.write_wire_scope: net not found
2026-10-07 02:18:35.970 WARN   Wiring.write_wire_scope: net not found
2026-10-07 02:18:35.970 WARN   Wiring.write_wire_scope: net not found
2026-10-07 02:18:35.970 WARN   Wiring.write_wire_scope: net not found
2026-10-07 02:18:35.993 WARN   Wiring.write_wire_scope: net not found
2026-10-07 02:18:35.993 WARN   Wiring.write_wire_scope: net not found
2026-10-07 02:18:35.993 WARN   Wiring.write_wire_scope: net not found
2026-10-07 02:18:35.993 WARN   Wiring.write_wire_scope: net not found
2026-10-07 02:18:35.993 WARN   Wiring.write_wire_scope: net not found
2026-10-07 02:18:35.993 WARN   Wiring.write_wire_scope: net not found
2026-10-07 02:18:35.993 WARN   Wiring.write_wire_scope: net not found
2026-10-07 02:18:35.993 WARN   Wiring.write_wire_scope: net not found
2026-10-07 02:18:35.993 WARN   Wiring.write_wire_scope: net not found
2026-10-07 02:18:35.993 WARN   Wiring.write_wire_scope: net not found
2026-10-07 02:18:35.993 WARN   Wiring.write_wire_scope: net not found
2026-10-07 02:18:35.993 WARN   Wiring.write_wire_scope: net not found
2026-10-07 02:18:35.993 WARN   Wiring.write_wire_scope: net not found
2026-10-07 02:18:35.993 WARN   Wiring.write_wire_scope: net not found
2026-10-07 02:18:35.993 WARN   Wiring.write_wire_scope: net not found
2026-10-07 02:18:35.993 WARN   Wiring.write_wire_scope: net not found
2026-10-07 02:18:35.993 WARN   Wiring.write_wire_scope: net not found
2026-10-07 02:18:35.993 WARN   Wiring.write_wire_scope: net not found
2026-10-07 02:18:35.993 WARN   Wiring.write_wire_scope: net not found
2026-10-07 02:18:35.993 WARN   Wiring.write_wire_scope: net not found
2026-10-07 02:18:35.993 WARN   Wiring.write_wire_scope: net not found
2026-10-07 02:18:35.993 WARN   Wiring.write_wire_scope: net not found
2026-10-07 02:18:35.993 WARN   Wiring.write_wire_scope: net not found
2026-10-07 02:18:35.993 WARN   Wiring.write_wire_scope: net not found
2026-10-07 02:18:35.993 WARN   Wiring.write_wire_scope: net not found
2026-10-07 02:18:35.993 WARN   Wiring.write_wire_scope: net not found
2026-10-07 02:18:35.993 WARN   Wiring.write_wire_scope: net not found
2026-10-07 02:18:35.993 WARN   Wiring.write_wire_scope: net not found
2026-10-07 02:18:35.993 WARN   Wiring.write_wire_scope: net not found
2026-10-07 02:18:35.993 WARN   Wiring.write_wire_scope: net not found
2026-10-07 02:18:35.993 WARN   Wiring.write_wire_scope: net not found
2026-10-07 02:18:35.993 WARN   Wiring.write_wire_scope: net not found
2026-10-07 02:18:35.993 WARN   Wiring.write_wire_scope: net not found
2026-10-07 02:18:35.993 WARN   Wiring.write_wire_scope: net not found
2026-10-07 02:18:35.993 WARN   Wiring.write_wire_scope: net not found
2026-10-07 02:18:35.993 WARN   Wiring.write_wire_scope: net not found
2026-10-07 02:18:35.993 WARN   Wiring.write_wire_scope: net not found
2026-10-07 02:18:35.993 WARN   Wiring.write_wire_scope: net not found
2026-10-07 02:18:35.993 WARN   Wiring.write_wire_scope: net not found
2026-10-07 02:18:35.993 WARN   Wiring.write_wire_scope: net not found
2026-10-07 02:18:35.993 WARN   Wiring.write_wire_scope: net not found
2026-10-07 02:18:35.993 WARN   Wiring.write_wire_scope: net not found
2026-10-07 02:18:35.993 WARN   Wiring.write_wire_scope: net not found
2026-10-07 02:18:35.993 WARN   Wiring.write_wire_scope: net not found
2026-10-07 02:18:35.993 WARN   Wiring.write_wire_scope: net not found
2026-10-07 02:18:35.993 WARN   Wiring.write_wire_scope: net not found
2026-10-07 02:18:35.993 WARN   Wiring.write_wire_scope: net not found
2026-10-07 02:18:35.993 WARN   Wiring.write_wire_scope: net not found
2026-10-07 02:18:35.993 WARN   Wiring.write_wire_scope: net not found
2026-10-07 02:18:35.993 WARN   Wiring.write_wire_scope: net not found
2026-10-07 02:18:35.993 WARN   Wiring.write_wire_scope: net not found
2026-10-07 02:18:35.993 WARN   Wiring.write_wire_scope: net not found
2026-10-07 02:18:35.993 WARN   Wiring.write_wire_scope: net not found
2026-10-07 02:18:35.993 WARN   Wiring.write_wire_scope: net not found
2026-10-07 02:18:35.993 WARN   Wiring.write_wire_scope: net not found
2026-10-07 02:18:35.993 WARN   Wiring.write_wire_scope: net not found
2026-10-07 02:18:35.993 WARN   Wiring.write_wire_scope: net not found
2026-10-07 02:18:35.993 WARN   Wiring.write_wire_scope: net not found
2026-10-07 02:18:35.993 WARN   Wiring.write_wire_scope: net not found
2026-10-07 02:18:35.993 WARN   Wiring.write_wire_scope: net not found
2026-10-07 02:18:35.993 WARN   Wiring.write_wire_scope: net not found
2026-10-07 02:18:35.993 WARN   Wiring.write_wire_scope: net not found
2026-10-07 02:18:35.993 WARN   Wiring.write_wire_scope: net not found
2026-10-07 02:18:35.993 WARN   Wiring.write_wire_scope: net not found
2026-10-07 02:18:35.993 WARN   Wiring.write_wire_scope: net not found
2026-10-07 02:18:35.993 WARN   Wiring.write_wire_scope: net not found
2026-10-07 02:18:35.993 WARN   Wiring.write_wire_scope: net not found
2026-10-07 02:18:35.993 WARN   Wiring.write_wire_scope: net not found
2026-10-07 02:18:35.993 WARN   Wiring.write_wire_scope: net not found
2026-10-07 02:18:35.993 WARN   Wiring.write_wire_scope: net not found
2026-10-07 02:18:35.993 WARN   Wiring.write_wire_scope: net not found
2026-10-07 02:18:35.993 WARN   Wiring.write_wire_scope: net not found
2026-10-07 02:18:35.993 WARN   Wiring.write_wire_scope: net not found
2026-10-07 02:18:35.993 WARN   Wiring.write_wire_scope: net not found
2026-10-07 02:18:35.993 WARN   Wiring.write_wire_scope: net not found
2026-10-07 02:18:36.066 WARN   Wiring.write_wire_scope: net not found
2026-10-07 02:18:36.067 WARN   Wiring.write_wire_scope: net not found
2026-10-07 02:18:36.067 WARN   Wiring.write_wire_scope: net not found
2026-10-07 02:18:36.067 WARN   Wiring.write_wire_scope: net not found
2026-10-07 02:18:36.067 WARN   Wiring.write_wire_scope: net not found
2026-10-07 02:18:36.067 WARN   Wiring.write_wire_scope: net not found
2026-10-07 02:18:36.067 WARN   Wiring.write_wire_scope: net not found
2026-10-07 02:18:36.067 WARN   Wiring.write_wire_scope: net not found
2026-10-07 02:18:36.067 WARN   Wiring.write_wire_scope: net not found
2026-10-07 02:18:36.067 WARN   Wiring.write_wire_scope: net not found
2026-10-07 02:18:36.067 WARN   Wiring.write_wire_scope: net not found
2026-10-07 02:18:36.067 WARN   Wiring.write_wire_scope: net not found
2026-10-07 02:18:36.067 WARN   Wiring.write_wire_scope: net not found
2026-10-07 02:18:36.067 WARN   Wiring.write_wire_scope: net not found
2026-10-07 02:18:36.067 WARN   Wiring.write_wire_scope: net not found
2026-10-07 02:18:36.067 WARN   Wiring.write_wire_scope: net not found
2026-10-07 02:18:36.067 WARN   Wiring.write_wire_scope: net not found
2026-10-07 02:18:36.067 WARN   Wiring.write_wire_scope: net not found
2026-10-07 02:18:36.067 WARN   Wiring.write_wire_scope: net not found
2026-10-07 02:18:36.067 WARN   Wiring.write_wire_scope: net not found
2026-10-07 02:18:36.067 WARN   Wiring.write_wire_scope: net not found
2026-10-07 02:18:36.067 WARN   Wiring.write_wire_scope: net not found
2026-10-07 02:18:36.067 WARN   Wiring.write_wire_scope: net not found
2026-10-07 02:18:36.067 WARN   Wiring.write_wire_scope: net not found
2026-10-07 02:18:36.067 WARN   Wiring.write_wire_scope: net not found
2026-10-07 02:18:36.067 WARN   Wiring.write_wire_scope: net not found
2026-10-07 02:18:36.067 WARN   Wiring.write_wire_scope: net not found
2026-10-07 02:18:36.067 WARN   Wiring.write_wire_scope: net not found
2026-10-07 02:18:36.067 WARN   Wiring.write_wire_scope: net not found
2026-10-07 02:18:36.067 WARN   Wiring.write_wire_scope: net not found
2026-10-07 02:18:36.067 WARN   Wiring.write_wire_scope: net not found
2026-10-07 02:18:36.067 WARN   Wiring.write_wire_scope: net not found
2026-10-07 02:18:36.067 WARN   Wiring.write_wire_scope: net not found
2026-10-07 02:18:36.067 WARN   Wiring.write_wire_scope: net not found
2026-10-07 02:18:36.067 WARN   Wiring.write_wire_scope: net not found
2026-10-07 02:18:36.067 WARN   Wiring.write_wire_scope: net not found
2026-10-07 02:18:36.067 WARN   Wiring.write_wire_scope: net not found
2026-10-07 02:18:36.067 WARN   Wiring.write_wire_scope: net not found
2026-10-07 02:18:36.067 WARN   Wiring.write_wire_scope: net not found
2026-10-07 02:18:36.067 WARN   Wiring.write_wire_scope: net not found
2026-10-07 02:18:36.067 WARN   Wiring.write_wire_scope: net not found
2026-10-07 02:18:36.067 WARN   Wiring.write_wire_scope: net not found
2026-10-07 02:18:36.067 WARN   Wiring.write_wire_scope: net not found
2026-10-07 02:18:36.067 WARN   Wiring.write_wire_scope: net not found
2026-10-07 02:18:36.067 WARN   Wiring.write_wire_scope: net not found
2026-10-07 02:18:36.067 WARN   Wiring.write_wire_scope: net not found
2026-10-07 02:18:36.067 WARN   Wiring.write_wire_scope: net not found
2026-10-07 02:18:36.067 WARN   Wiring.write_wire_scope: net not found
2026-10-07 02:18:36.067 WARN   Wiring.write_wire_scope: net not found
2026-10-07 02:18:36.067 WARN   Wiring.write_wire_scope: net not found
2026-10-07 02:18:36.067 WARN   Wiring.write_wire_scope: net not found
2026-10-07 02:18:36.067 WARN   Wiring.write_wire_scope: net not found
2026-10-07 02:18:36.067 WARN   Wiring.write_wire_scope: net not found
2026-10-07 02:18:36.067 WARN   Wiring.write_wire_scope: net not found
2026-10-07 02:18:36.067 WARN   Wiring.write_wire_scope: net not found
2026-10-07 02:18:36.067 WARN   Wiring.write_wire_scope: net not found
2026-10-07 02:18:36.067 WARN   Wiring.write_wire_scope: net not found
2026-10-07 02:18:36.067 WARN   Wiring.write_wire_scope: net not found
2026-10-07 02:18:36.067 WARN   Wiring.write_wire_scope: net not found
2026-10-07 02:18:36.067 WARN   Wiring.write_wire_scope: net not found
2026-10-07 02:18:36.067 WARN   Wiring.write_wire_scope: net not found
2026-10-07 02:18:36.067 WARN   Wiring.write_wire_scope: net not found
2026-10-07 02:18:36.067 WARN   Wiring.write_wire_scope: net not found
2026-10-07 02:18:36.067 WARN   Wiring.write_wire_scope: net not found
2026-10-07 02:18:36.067 WARN   Wiring.write_wire_scope: net not found
2026-10-07 02:18:36.067 WARN   Wiring.write_wire_scope: net not found
2026-10-07 02:18:36.067 WARN   Wiring.write_wire_scope: net not found
2026-10-07 02:18:36.067 WARN   Wiring.write_wire_scope: net not found
2026-10-07 02:18:36.067 WARN   Wiring.write_wire_scope: net not found
2026-10-07 02:18:36.067 WARN   Wiring.write_wire_scope: net not found
2026-10-07 02:18:36.067 WARN   Wiring.write_wire_scope: net not found
2026-10-07 02:18:36.067 WARN   Wiring.write_wire_scope: net not found
2026-10-07 02:18:36.067 WARN   Wiring.write_wire_scope: net not found
2026-10-07 02:18:36.067 WARN   Wiring.write_wire_scope: net not found
2026-10-07 02:18:36.067 WARN   Wiring.write_wire_scope: net not found
2026-10-07 02:18:36.071 INFO   [F4C0B6\366547] Fanout pass #3 on board '24ddd1fc79fb9477bc64189d8270bca6' completed in 0.11 seconds with 12 SMD pins fanouted, 2 not routed, 0 insert errors, +0 extra vias (0 SMD pins still to check in pass, ripup costs=300).
2026-10-07 02:18:36.106 WARN   Wiring.write_wire_scope: net not found
2026-10-07 02:18:36.106 WARN   Wiring.write_wire_scope: net not found
2026-10-07 02:18:36.106 WARN   Wiring.write_wire_scope: net not found
2026-10-07 02:18:36.106 WARN   Wiring.write_wire_scope: net not found
2026-10-07 02:18:36.106 WARN   Wiring.write_wire_scope: net not found
2026-10-07 02:18:36.106 WARN   Wiring.write_wire_scope: net not found
2026-10-07 02:18:36.106 WARN   Wiring.write_wire_scope: net not found
2026-10-07 02:18:36.106 WARN   Wiring.write_wire_scope: net not found
2026-10-07 02:18:36.106 WARN   Wiring.write_wire_scope: net not found
2026-10-07 02:18:36.106 WARN   Wiring.write_wire_scope: net not found
2026-10-07 02:18:36.106 WARN   Wiring.write_wire_scope: net not found
2026-10-07 02:18:36.106 WARN   Wiring.write_wire_scope: net not found
2026-10-07 02:18:36.106 WARN   Wiring.write_wire_scope: net not found
2026-10-07 02:18:36.107 WARN   Wiring.write_wire_scope: net not found
2026-10-07 02:18:36.107 WARN   Wiring.write_wire_scope: net not found
2026-10-07 02:18:36.107 WARN   Wiring.write_wire_scope: net not found
2026-10-07 02:18:36.107 WARN   Wiring.write_wire_scope: net not found
2026-10-07 02:18:36.107 WARN   Wiring.write_wire_scope: net not found
2026-10-07 02:18:36.107 WARN   Wiring.write_wire_scope: net not found
2026-10-07 02:18:36.107 WARN   Wiring.write_wire_scope: net not found
2026-10-07 02:18:36.107 WARN   Wiring.write_wire_scope: net not found
2026-10-07 02:18:36.107 WARN   Wiring.write_wire_scope: net not found
2026-10-07 02:18:36.107 WARN   Wiring.write_wire_scope: net not found
2026-10-07 02:18:36.107 WARN   Wiring.write_wire_scope: net not found
2026-10-07 02:18:36.107 WARN   Wiring.write_wire_scope: net not found
2026-10-07 02:18:36.107 WARN   Wiring.write_wire_scope: net not found
2026-10-07 02:18:36.107 WARN   Wiring.write_wire_scope: net not found
2026-10-07 02:18:36.107 WARN   Wiring.write_wire_scope: net not found
2026-10-07 02:18:36.107 WARN   Wiring.write_wire_scope: net not found
2026-10-07 02:18:36.107 WARN   Wiring.write_wire_scope: net not found
2026-10-07 02:18:36.107 WARN   Wiring.write_wire_scope: net not found
2026-10-07 02:18:36.107 WARN   Wiring.write_wire_scope: net not found
2026-10-07 02:18:36.107 WARN   Wiring.write_wire_scope: net not found
2026-10-07 02:18:36.107 WARN   Wiring.write_wire_scope: net not found
2026-10-07 02:18:36.107 WARN   Wiring.write_wire_scope: net not found
2026-10-07 02:18:36.107 WARN   Wiring.write_wire_scope: net not found
2026-10-07 02:18:36.107 WARN   Wiring.write_wire_scope: net not found
2026-10-07 02:18:36.107 WARN   Wiring.write_wire_scope: net not found
2026-10-07 02:18:36.107 WARN   Wiring.write_wire_scope: net not found
2026-10-07 02:18:36.107 WARN   Wiring.write_wire_scope: net not found
2026-10-07 02:18:36.107 WARN   Wiring.write_wire_scope: net not found
2026-10-07 02:18:36.107 WARN   Wiring.write_wire_scope: net not found
2026-10-07 02:18:36.107 WARN   Wiring.write_wire_scope: net not found
2026-10-07 02:18:36.107 WARN   Wiring.write_wire_scope: net not found
2026-10-07 02:18:36.107 WARN   Wiring.write_wire_scope: net not found
2026-10-07 02:18:36.107 WARN   Wiring.write_wire_scope: net not found
2026-10-07 02:18:36.107 WARN   Wiring.write_wire_scope: net not found
2026-10-07 02:18:36.107 WARN   Wiring.write_wire_scope: net not found
2026-10-07 02:18:36.107 WARN   Wiring.write_wire_scope: net not found
2026-10-07 02:18:36.107 WARN   Wiring.write_wire_scope: net not found
2026-10-07 02:18:36.107 WARN   Wiring.write_wire_scope: net not found
2026-10-07 02:18:36.107 WARN   Wiring.write_wire_scope: net not found
2026-10-07 02:18:36.107 WARN   Wiring.write_wire_scope: net not found
2026-10-07 02:18:36.107 WARN   Wiring.write_wire_scope: net not found
2026-10-07 02:18:36.107 WARN   Wiring.write_wire_scope: net not found
2026-10-07 02:18:36.107 WARN   Wiring.write_wire_scope: net not found
2026-10-07 02:18:36.107 WARN   Wiring.write_wire_scope: net not found
2026-10-07 02:18:36.107 WARN   Wiring.write_wire_scope: net not found
2026-10-07 02:18:36.107 WARN   Wiring.write_wire_scope: net not found
2026-10-07 02:18:36.107 WARN   Wiring.write_wire_scope: net not found
2026-10-07 02:18:36.107 WARN   Wiring.write_wire_scope: net not found
2026-10-07 02:18:36.107 WARN   Wiring.write_wire_scope: net not found
2026-10-07 02:18:36.107 WARN   Wiring.write_wire_scope: net not found
2026-10-07 02:18:36.107 WARN   Wiring.write_wire_scope: net not found
2026-10-07 02:18:36.107 WARN   Wiring.write_wire_scope: net not found
2026-10-07 02:18:36.107 WARN   Wiring.write_wire_scope: net not found
2026-10-07 02:18:36.107 WARN   Wiring.write_wire_scope: net not found
2026-10-07 02:18:36.107 WARN   Wiring.write_wire_scope: net not found
2026-10-07 02:18:36.107 WARN   Wiring.write_wire_scope: net not found
2026-10-07 02:18:36.107 WARN   Wiring.write_wire_scope: net not found
2026-10-07 02:18:36.107 WARN   Wiring.write_wire_scope: net not found
2026-10-07 02:18:36.107 WARN   Wiring.write_wire_scope: net not found
2026-10-07 02:18:36.107 WARN   Wiring.write_wire_scope: net not found
2026-10-07 02:18:36.107 WARN   Wiring.write_wire_scope: net not found
2026-10-07 02:18:36.107 WARN   Wiring.write_wire_scope: net not found
2026-10-07 02:18:36.130 WARN   Wiring.write_wire_scope: net not found
2026-10-07 02:18:36.130 WARN   Wiring.write_wire_scope: net not found
2026-10-07 02:18:36.130 WARN   Wiring.write_wire_scope: net not found
2026-10-07 02:18:36.130 WARN   Wiring.write_wire_scope: net not found
2026-10-07 02:18:36.130 WARN   Wiring.write_wire_scope: net not found
2026-10-07 02:18:36.130 WARN   Wiring.write_wire_scope: net not found
2026-10-07 02:18:36.130 WARN   Wiring.write_wire_scope: net not found
2026-10-07 02:18:36.130 WARN   Wiring.write_wire_scope: net not found
2026-10-07 02:18:36.130 WARN   Wiring.write_wire_scope: net not found
2026-10-07 02:18:36.130 WARN   Wiring.write_wire_scope: net not found
2026-10-07 02:18:36.130 WARN   Wiring.write_wire_scope: net not found
2026-10-07 02:18:36.130 WARN   Wiring.write_wire_scope: net not found
2026-10-07 02:18:36.130 WARN   Wiring.write_wire_scope: net not found
2026-10-07 02:18:36.130 WARN   Wiring.write_wire_scope: net not found
2026-10-07 02:18:36.130 WARN   Wiring.write_wire_scope: net not found
2026-10-07 02:18:36.130 WARN   Wiring.write_wire_scope: net not found
2026-10-07 02:18:36.130 WARN   Wiring.write_wire_scope: net not found
2026-10-07 02:18:36.130 WARN   Wiring.write_wire_scope: net not found
2026-10-07 02:18:36.130 WARN   Wiring.write_wire_scope: net not found
2026-10-07 02:18:36.130 WARN   Wiring.write_wire_scope: net not found
2026-10-07 02:18:36.130 WARN   Wiring.write_wire_scope: net not found
2026-10-07 02:18:36.130 WARN   Wiring.write_wire_scope: net not found
2026-10-07 02:18:36.130 WARN   Wiring.write_wire_scope: net not found
2026-10-07 02:18:36.130 WARN   Wiring.write_wire_scope: net not found
2026-10-07 02:18:36.130 WARN   Wiring.write_wire_scope: net not found
2026-10-07 02:18:36.130 WARN   Wiring.write_wire_scope: net not found
2026-10-07 02:18:36.130 WARN   Wiring.write_wire_scope: net not found
2026-10-07 02:18:36.130 WARN   Wiring.write_wire_scope: net not found
2026-10-07 02:18:36.130 WARN   Wiring.write_wire_scope: net not found
2026-10-07 02:18:36.130 WARN   Wiring.write_wire_scope: net not found
2026-10-07 02:18:36.130 WARN   Wiring.write_wire_scope: net not found
2026-10-07 02:18:36.130 WARN   Wiring.write_wire_scope: net not found
2026-10-07 02:18:36.130 WARN   Wiring.write_wire_scope: net not found
2026-10-07 02:18:36.130 WARN   Wiring.write_wire_scope: net not found
2026-10-07 02:18:36.130 WARN   Wiring.write_wire_scope: net not found
2026-10-07 02:18:36.130 WARN   Wiring.write_wire_scope: net not found
2026-10-07 02:18:36.130 WARN   Wiring.write_wire_scope: net not found
2026-10-07 02:18:36.130 WARN   Wiring.write_wire_scope: net not found
2026-10-07 02:18:36.130 WARN   Wiring.write_wire_scope: net not found
2026-10-07 02:18:36.130 WARN   Wiring.write_wire_scope: net not found
2026-10-07 02:18:36.130 WARN   Wiring.write_wire_scope: net not found
2026-10-07 02:18:36.130 WARN   Wiring.write_wire_scope: net not found
2026-10-07 02:18:36.130 WARN   Wiring.write_wire_scope: net not found
2026-10-07 02:18:36.130 WARN   Wiring.write_wire_scope: net not found
2026-10-07 02:18:36.130 WARN   Wiring.write_wire_scope: net not found
2026-10-07 02:18:36.130 WARN   Wiring.write_wire_scope: net not found
2026-10-07 02:18:36.130 WARN   Wiring.write_wire_scope: net not found
2026-10-07 02:18:36.130 WARN   Wiring.write_wire_scope: net not found
2026-10-07 02:18:36.130 WARN   Wiring.write_wire_scope: net not found
2026-10-07 02:18:36.130 WARN   Wiring.write_wire_scope: net not found
2026-10-07 02:18:36.130 WARN   Wiring.write_wire_scope: net not found
2026-10-07 02:18:36.130 WARN   Wiring.write_wire_scope: net not found
2026-10-07 02:18:36.130 WARN   Wiring.write_wire_scope: net not found
2026-10-07 02:18:36.130 WARN   Wiring.write_wire_scope: net not found
2026-10-07 02:18:36.130 WARN   Wiring.write_wire_scope: net not found
2026-10-07 02:18:36.130 WARN   Wiring.write_wire_scope: net not found
2026-10-07 02:18:36.130 WARN   Wiring.write_wire_scope: net not found
2026-10-07 02:18:36.130 WARN   Wiring.write_wire_scope: net not found
2026-10-07 02:18:36.130 WARN   Wiring.write_wire_scope: net not found
2026-10-07 02:18:36.130 WARN   Wiring.write_wire_scope: net not found
2026-10-07 02:18:36.130 WARN   Wiring.write_wire_scope: net not found
2026-10-07 02:18:36.130 WARN   Wiring.write_wire_scope: net not found
2026-10-07 02:18:36.130 WARN   Wiring.write_wire_scope: net not found
2026-10-07 02:18:36.130 WARN   Wiring.write_wire_scope: net not found
2026-10-07 02:18:36.130 WARN   Wiring.write_wire_scope: net not found
2026-10-07 02:18:36.130 WARN   Wiring.write_wire_scope: net not found
2026-10-07 02:18:36.130 WARN   Wiring.write_wire_scope: net not found
2026-10-07 02:18:36.130 WARN   Wiring.write_wire_scope: net not found
2026-10-07 02:18:36.130 WARN   Wiring.write_wire_scope: net not found
2026-10-07 02:18:36.130 WARN   Wiring.write_wire_scope: net not found
2026-10-07 02:18:36.130 WARN   Wiring.write_wire_scope: net not found
2026-10-07 02:18:36.130 WARN   Wiring.write_wire_scope: net not found
2026-10-07 02:18:36.130 WARN   Wiring.write_wire_scope: net not found
2026-10-07 02:18:36.130 WARN   Wiring.write_wire_scope: net not found
2026-10-07 02:18:36.130 WARN   Wiring.write_wire_scope: net not found
2026-10-07 02:18:36.207 WARN   Wiring.write_wire_scope: net not found
2026-10-07 02:18:36.207 WARN   Wiring.write_wire_scope: net not found
2026-10-07 02:18:36.207 WARN   Wiring.write_wire_scope: net not found
2026-10-07 02:18:36.207 WARN   Wiring.write_wire_scope: net not found
2026-10-07 02:18:36.207 WARN   Wiring.write_wire_scope: net not found
2026-10-07 02:18:36.207 WARN   Wiring.write_wire_scope: net not found
2026-10-07 02:18:36.207 WARN   Wiring.write_wire_scope: net not found
2026-10-07 02:18:36.207 WARN   Wiring.write_wire_scope: net not found
2026-10-07 02:18:36.207 WARN   Wiring.write_wire_scope: net not found
2026-10-07 02:18:36.207 WARN   Wiring.write_wire_scope: net not found
2026-10-07 02:18:36.207 WARN   Wiring.write_wire_scope: net not found
2026-10-07 02:18:36.207 WARN   Wiring.write_wire_scope: net not found
2026-10-07 02:18:36.207 WARN   Wiring.write_wire_scope: net not found
2026-10-07 02:18:36.207 WARN   Wiring.write_wire_scope: net not found
2026-10-07 02:18:36.207 WARN   Wiring.write_wire_scope: net not found
2026-10-07 02:18:36.208 WARN   Wiring.write_wire_scope: net not found
2026-10-07 02:18:36.208 WARN   Wiring.write_wire_scope: net not found
2026-10-07 02:18:36.208 WARN   Wiring.write_wire_scope: net not found
2026-10-07 02:18:36.208 WARN   Wiring.write_wire_scope: net not found
2026-10-07 02:18:36.208 WARN   Wiring.write_wire_scope: net not found
2026-10-07 02:18:36.208 WARN   Wiring.write_wire_scope: net not found
2026-10-07 02:18:36.208 WARN   Wiring.write_wire_scope: net not found
2026-10-07 02:18:36.208 WARN   Wiring.write_wire_scope: net not found
2026-10-07 02:18:36.208 WARN   Wiring.write_wire_scope: net not found
2026-10-07 02:18:36.208 WARN   Wiring.write_wire_scope: net not found
2026-10-07 02:18:36.208 WARN   Wiring.write_wire_scope: net not found
2026-10-07 02:18:36.208 WARN   Wiring.write_wire_scope: net not found
2026-10-07 02:18:36.208 WARN   Wiring.write_wire_scope: net not found
2026-10-07 02:18:36.208 WARN   Wiring.write_wire_scope: net not found
2026-10-07 02:18:36.208 WARN   Wiring.write_wire_scope: net not found
2026-10-07 02:18:36.208 WARN   Wiring.write_wire_scope: net not found
2026-10-07 02:18:36.208 WARN   Wiring.write_wire_scope: net not found
2026-10-07 02:18:36.208 WARN   Wiring.write_wire_scope: net not found
2026-10-07 02:18:36.208 WARN   Wiring.write_wire_scope: net not found
2026-10-07 02:18:36.208 WARN   Wiring.write_wire_scope: net not found
2026-10-07 02:18:36.208 WARN   Wiring.write_wire_scope: net not found
2026-10-07 02:18:36.208 WARN   Wiring.write_wire_scope: net not found
2026-10-07 02:18:36.208 WARN   Wiring.write_wire_scope: net not found
2026-10-07 02:18:36.208 WARN   Wiring.write_wire_scope: net not found
2026-10-07 02:18:36.208 WARN   Wiring.write_wire_scope: net not found
2026-10-07 02:18:36.208 WARN   Wiring.write_wire_scope: net not found
2026-10-07 02:18:36.208 WARN   Wiring.write_wire_scope: net not found
2026-10-07 02:18:36.208 WARN   Wiring.write_wire_scope: net not found
2026-10-07 02:18:36.208 WARN   Wiring.write_wire_scope: net not found
2026-10-07 02:18:36.208 WARN   Wiring.write_wire_scope: net not found
2026-10-07 02:18:36.208 WARN   Wiring.write_wire_scope: net not found
2026-10-07 02:18:36.208 WARN   Wiring.write_wire_scope: net not found
2026-10-07 02:18:36.208 WARN   Wiring.write_wire_scope: net not found
2026-10-07 02:18:36.208 WARN   Wiring.write_wire_scope: net not found
2026-10-07 02:18:36.208 WARN   Wiring.write_wire_scope: net not found
2026-10-07 02:18:36.208 WARN   Wiring.write_wire_scope: net not found
2026-10-07 02:18:36.208 WARN   Wiring.write_wire_scope: net not found
2026-10-07 02:18:36.208 WARN   Wiring.write_wire_scope: net not found
2026-10-07 02:18:36.208 WARN   Wiring.write_wire_scope: net not found
2026-10-07 02:18:36.208 WARN   Wiring.write_wire_scope: net not found
2026-10-07 02:18:36.208 WARN   Wiring.write_wire_scope: net not found
2026-10-07 02:18:36.208 WARN   Wiring.write_wire_scope: net not found
2026-10-07 02:18:36.208 WARN   Wiring.write_wire_scope: net not found
2026-10-07 02:18:36.208 WARN   Wiring.write_wire_scope: net not found
2026-10-07 02:18:36.208 WARN   Wiring.write_wire_scope: net not found
2026-10-07 02:18:36.208 WARN   Wiring.write_wire_scope: net not found
2026-10-07 02:18:36.208 WARN   Wiring.write_wire_scope: net not found
2026-10-07 02:18:36.208 WARN   Wiring.write_wire_scope: net not found
2026-10-07 02:18:36.208 WARN   Wiring.write_wire_scope: net not found
2026-10-07 02:18:36.208 WARN   Wiring.write_wire_scope: net not found
2026-10-07 02:18:36.208 WARN   Wiring.write_wire_scope: net not found
2026-10-07 02:18:36.208 WARN   Wiring.write_wire_scope: net not found
2026-10-07 02:18:36.208 WARN   Wiring.write_wire_scope: net not found
2026-10-07 02:18:36.208 WARN   Wiring.write_wire_scope: net not found
2026-10-07 02:18:36.208 WARN   Wiring.write_wire_scope: net not found
2026-10-07 02:18:36.208 WARN   Wiring.write_wire_scope: net not found
2026-10-07 02:18:36.208 WARN   Wiring.write_wire_scope: net not found
2026-10-07 02:18:36.208 WARN   Wiring.write_wire_scope: net not found
2026-10-07 02:18:36.208 WARN   Wiring.write_wire_scope: net not found
2026-10-07 02:18:36.208 WARN   Wiring.write_wire_scope: net not found
2026-10-07 02:18:36.212 INFO   [F4C0B6\366547] Fanout pass #4 on board 'e06df3c186bd3a9e8fda1f19b37f22ab' completed in 0.11 seconds with 12 SMD pins fanouted, 2 not routed, 0 insert errors, +0 extra vias (0 SMD pins still to check in pass, ripup costs=400).
2026-10-07 02:18:36.247 WARN   Wiring.write_wire_scope: net not found
2026-10-07 02:18:36.247 WARN   Wiring.write_wire_scope: net not found
2026-10-07 02:18:36.247 WARN   Wiring.write_wire_scope: net not found
2026-10-07 02:18:36.247 WARN   Wiring.write_wire_scope: net not found
2026-10-07 02:18:36.247 WARN   Wiring.write_wire_scope: net not found
2026-10-07 02:18:36.247 WARN   Wiring.write_wire_scope: net not found
2026-10-07 02:18:36.247 WARN   Wiring.write_wire_scope: net not found
2026-10-07 02:18:36.247 WARN   Wiring.write_wire_scope: net not found
2026-10-07 02:18:36.247 WARN   Wiring.write_wire_scope: net not found
2026-10-07 02:18:36.247 WARN   Wiring.write_wire_scope: net not found
2026-10-07 02:18:36.247 WARN   Wiring.write_wire_scope: net not found
2026-10-07 02:18:36.247 WARN   Wiring.write_wire_scope: net not found
2026-10-07 02:18:36.247 WARN   Wiring.write_wire_scope: net not found
2026-10-07 02:18:36.247 WARN   Wiring.write_wire_scope: net not found
2026-10-07 02:18:36.247 WARN   Wiring.write_wire_scope: net not found
2026-10-07 02:18:36.247 WARN   Wiring.write_wire_scope: net not found
2026-10-07 02:18:36.247 WARN   Wiring.write_wire_scope: net not found
2026-10-07 02:18:36.247 WARN   Wiring.write_wire_scope: net not found
2026-10-07 02:18:36.247 WARN   Wiring.write_wire_scope: net not found
2026-10-07 02:18:36.247 WARN   Wiring.write_wire_scope: net not found
2026-10-07 02:18:36.247 WARN   Wiring.write_wire_scope: net not found
2026-10-07 02:18:36.247 WARN   Wiring.write_wire_scope: net not found
2026-10-07 02:18:36.247 WARN   Wiring.write_wire_scope: net not found
2026-10-07 02:18:36.247 WARN   Wiring.write_wire_scope: net not found
2026-10-07 02:18:36.247 WARN   Wiring.write_wire_scope: net not found
2026-10-07 02:18:36.247 WARN   Wiring.write_wire_scope: net not found
2026-10-07 02:18:36.247 WARN   Wiring.write_wire_scope: net not found
2026-10-07 02:18:36.247 WARN   Wiring.write_wire_scope: net not found
2026-10-07 02:18:36.247 WARN   Wiring.write_wire_scope: net not found
2026-10-07 02:18:36.247 WARN   Wiring.write_wire_scope: net not found
2026-10-07 02:18:36.247 WARN   Wiring.write_wire_scope: net not found
2026-10-07 02:18:36.247 WARN   Wiring.write_wire_scope: net not found
2026-10-07 02:18:36.247 WARN   Wiring.write_wire_scope: net not found
2026-10-07 02:18:36.247 WARN   Wiring.write_wire_scope: net not found
2026-10-07 02:18:36.247 WARN   Wiring.write_wire_scope: net not found
2026-10-07 02:18:36.247 WARN   Wiring.write_wire_scope: net not found
2026-10-07 02:18:36.247 WARN   Wiring.write_wire_scope: net not found
2026-10-07 02:18:36.247 WARN   Wiring.write_wire_scope: net not found
2026-10-07 02:18:36.247 WARN   Wiring.write_wire_scope: net not found
2026-10-07 02:18:36.247 WARN   Wiring.write_wire_scope: net not found
2026-10-07 02:18:36.247 WARN   Wiring.write_wire_scope: net not found
2026-10-07 02:18:36.247 WARN   Wiring.write_wire_scope: net not found
2026-10-07 02:18:36.247 WARN   Wiring.write_wire_scope: net not found
2026-10-07 02:18:36.247 WARN   Wiring.write_wire_scope: net not found
2026-10-07 02:18:36.247 WARN   Wiring.write_wire_scope: net not found
2026-10-07 02:18:36.247 WARN   Wiring.write_wire_scope: net not found
2026-10-07 02:18:36.247 WARN   Wiring.write_wire_scope: net not found
2026-10-07 02:18:36.247 WARN   Wiring.write_wire_scope: net not found
2026-10-07 02:18:36.247 WARN   Wiring.write_wire_scope: net not found
2026-10-07 02:18:36.247 WARN   Wiring.write_wire_scope: net not found
2026-10-07 02:18:36.247 WARN   Wiring.write_wire_scope: net not found
2026-10-07 02:18:36.247 WARN   Wiring.write_wire_scope: net not found
2026-10-07 02:18:36.247 WARN   Wiring.write_wire_scope: net not found
2026-10-07 02:18:36.247 WARN   Wiring.write_wire_scope: net not found
2026-10-07 02:18:36.248 WARN   Wiring.write_wire_scope: net not found
2026-10-07 02:18:36.248 WARN   Wiring.write_wire_scope: net not found
2026-10-07 02:18:36.248 WARN   Wiring.write_wire_scope: net not found
2026-10-07 02:18:36.248 WARN   Wiring.write_wire_scope: net not found
2026-10-07 02:18:36.248 WARN   Wiring.write_wire_scope: net not found
2026-10-07 02:18:36.248 WARN   Wiring.write_wire_scope: net not found
2026-10-07 02:18:36.248 WARN   Wiring.write_wire_scope: net not found
2026-10-07 02:18:36.248 WARN   Wiring.write_wire_scope: net not found
2026-10-07 02:18:36.248 WARN   Wiring.write_wire_scope: net not found
2026-10-07 02:18:36.248 WARN   Wiring.write_wire_scope: net not found
2026-10-07 02:18:36.248 WARN   Wiring.write_wire_scope: net not found
2026-10-07 02:18:36.248 WARN   Wiring.write_wire_scope: net not found
2026-10-07 02:18:36.248 WARN   Wiring.write_wire_scope: net not found
2026-10-07 02:18:36.248 WARN   Wiring.write_wire_scope: net not found
2026-10-07 02:18:36.248 WARN   Wiring.write_wire_scope: net not found
2026-10-07 02:18:36.248 WARN   Wiring.write_wire_scope: net not found
2026-10-07 02:18:36.248 WARN   Wiring.write_wire_scope: net not found
2026-10-07 02:18:36.248 WARN   Wiring.write_wire_scope: net not found
2026-10-07 02:18:36.248 WARN   Wiring.write_wire_scope: net not found
2026-10-07 02:18:36.248 WARN   Wiring.write_wire_scope: net not found
2026-10-07 02:18:36.248 WARN   Wiring.write_wire_scope: net not found
2026-10-07 02:18:36.270 WARN   Wiring.write_wire_scope: net not found
2026-10-07 02:18:36.270 WARN   Wiring.write_wire_scope: net not found
2026-10-07 02:18:36.270 WARN   Wiring.write_wire_scope: net not found
2026-10-07 02:18:36.270 WARN   Wiring.write_wire_scope: net not found
2026-10-07 02:18:36.270 WARN   Wiring.write_wire_scope: net not found
2026-10-07 02:18:36.270 WARN   Wiring.write_wire_scope: net not found
2026-10-07 02:18:36.270 WARN   Wiring.write_wire_scope: net not found
2026-10-07 02:18:36.271 WARN   Wiring.write_wire_scope: net not found
2026-10-07 02:18:36.271 WARN   Wiring.write_wire_scope: net not found
2026-10-07 02:18:36.271 WARN   Wiring.write_wire_scope: net not found
2026-10-07 02:18:36.271 WARN   Wiring.write_wire_scope: net not found
2026-10-07 02:18:36.271 WARN   Wiring.write_wire_scope: net not found
2026-10-07 02:18:36.271 WARN   Wiring.write_wire_scope: net not found
2026-10-07 02:18:36.271 WARN   Wiring.write_wire_scope: net not found
2026-10-07 02:18:36.271 WARN   Wiring.write_wire_scope: net not found
2026-10-07 02:18:36.271 WARN   Wiring.write_wire_scope: net not found
2026-10-07 02:18:36.271 WARN   Wiring.write_wire_scope: net not found
2026-10-07 02:18:36.271 WARN   Wiring.write_wire_scope: net not found
2026-10-07 02:18:36.271 WARN   Wiring.write_wire_scope: net not found
2026-10-07 02:18:36.271 WARN   Wiring.write_wire_scope: net not found
2026-10-07 02:18:36.271 WARN   Wiring.write_wire_scope: net not found
2026-10-07 02:18:36.271 WARN   Wiring.write_wire_scope: net not found
2026-10-07 02:18:36.271 WARN   Wiring.write_wire_scope: net not found
2026-10-07 02:18:36.271 WARN   Wiring.write_wire_scope: net not found
2026-10-07 02:18:36.271 WARN   Wiring.write_wire_scope: net not found
2026-10-07 02:18:36.271 WARN   Wiring.write_wire_scope: net not found
2026-10-07 02:18:36.271 WARN   Wiring.write_wire_scope: net not found
2026-10-07 02:18:36.271 WARN   Wiring.write_wire_scope: net not found
2026-10-07 02:18:36.271 WARN   Wiring.write_wire_scope: net not found
2026-10-07 02:18:36.271 WARN   Wiring.write_wire_scope: net not found
2026-10-07 02:18:36.271 WARN   Wiring.write_wire_scope: net not found
2026-10-07 02:18:36.271 WARN   Wiring.write_wire_scope: net not found
2026-10-07 02:18:36.271 WARN   Wiring.write_wire_scope: net not found
2026-10-07 02:18:36.271 WARN   Wiring.write_wire_scope: net not found
2026-10-07 02:18:36.271 WARN   Wiring.write_wire_scope: net not found
2026-10-07 02:18:36.271 WARN   Wiring.write_wire_scope: net not found
2026-10-07 02:18:36.271 WARN   Wiring.write_wire_scope: net not found
2026-10-07 02:18:36.271 WARN   Wiring.write_wire_scope: net not found
2026-10-07 02:18:36.271 WARN   Wiring.write_wire_scope: net not found
2026-10-07 02:18:36.271 WARN   Wiring.write_wire_scope: net not found
2026-10-07 02:18:36.271 WARN   Wiring.write_wire_scope: net not found
2026-10-07 02:18:36.271 WARN   Wiring.write_wire_scope: net not found
2026-10-07 02:18:36.271 WARN   Wiring.write_wire_scope: net not found
2026-10-07 02:18:36.271 WARN   Wiring.write_wire_scope: net not found
2026-10-07 02:18:36.271 WARN   Wiring.write_wire_scope: net not found
2026-10-07 02:18:36.271 WARN   Wiring.write_wire_scope: net not found
2026-10-07 02:18:36.271 WARN   Wiring.write_wire_scope: net not found
2026-10-07 02:18:36.271 WARN   Wiring.write_wire_scope: net not found
2026-10-07 02:18:36.271 WARN   Wiring.write_wire_scope: net not found
2026-10-07 02:18:36.271 WARN   Wiring.write_wire_scope: net not found
2026-10-07 02:18:36.271 WARN   Wiring.write_wire_scope: net not found
2026-10-07 02:18:36.271 WARN   Wiring.write_wire_scope: net not found
2026-10-07 02:18:36.271 WARN   Wiring.write_wire_scope: net not found
2026-10-07 02:18:36.271 WARN   Wiring.write_wire_scope: net not found
2026-10-07 02:18:36.271 WARN   Wiring.write_wire_scope: net not found
2026-10-07 02:18:36.271 WARN   Wiring.write_wire_scope: net not found
2026-10-07 02:18:36.271 WARN   Wiring.write_wire_scope: net not found
2026-10-07 02:18:36.271 WARN   Wiring.write_wire_scope: net not found
2026-10-07 02:18:36.271 WARN   Wiring.write_wire_scope: net not found
2026-10-07 02:18:36.271 WARN   Wiring.write_wire_scope: net not found
2026-10-07 02:18:36.271 WARN   Wiring.write_wire_scope: net not found
2026-10-07 02:18:36.271 WARN   Wiring.write_wire_scope: net not found
2026-10-07 02:18:36.271 WARN   Wiring.write_wire_scope: net not found
2026-10-07 02:18:36.271 WARN   Wiring.write_wire_scope: net not found
2026-10-07 02:18:36.271 WARN   Wiring.write_wire_scope: net not found
2026-10-07 02:18:36.271 WARN   Wiring.write_wire_scope: net not found
2026-10-07 02:18:36.271 WARN   Wiring.write_wire_scope: net not found
2026-10-07 02:18:36.271 WARN   Wiring.write_wire_scope: net not found
2026-10-07 02:18:36.271 WARN   Wiring.write_wire_scope: net not found
2026-10-07 02:18:36.271 WARN   Wiring.write_wire_scope: net not found
2026-10-07 02:18:36.271 WARN   Wiring.write_wire_scope: net not found
2026-10-07 02:18:36.271 WARN   Wiring.write_wire_scope: net not found
2026-10-07 02:18:36.271 WARN   Wiring.write_wire_scope: net not found
2026-10-07 02:18:36.271 WARN   Wiring.write_wire_scope: net not found
2026-10-07 02:18:36.271 WARN   Wiring.write_wire_scope: net not found
2026-10-07 02:18:36.345 WARN   Wiring.write_wire_scope: net not found
2026-10-07 02:18:36.345 WARN   Wiring.write_wire_scope: net not found
2026-10-07 02:18:36.345 WARN   Wiring.write_wire_scope: net not found
2026-10-07 02:18:36.345 WARN   Wiring.write_wire_scope: net not found
2026-10-07 02:18:36.345 WARN   Wiring.write_wire_scope: net not found
2026-10-07 02:18:36.345 WARN   Wiring.write_wire_scope: net not found
2026-10-07 02:18:36.345 WARN   Wiring.write_wire_scope: net not found
2026-10-07 02:18:36.345 WARN   Wiring.write_wire_scope: net not found
2026-10-07 02:18:36.345 WARN   Wiring.write_wire_scope: net not found
2026-10-07 02:18:36.345 WARN   Wiring.write_wire_scope: net not found
2026-10-07 02:18:36.345 WARN   Wiring.write_wire_scope: net not found
2026-10-07 02:18:36.345 WARN   Wiring.write_wire_scope: net not found
2026-10-07 02:18:36.345 WARN   Wiring.write_wire_scope: net not found
2026-10-07 02:18:36.345 WARN   Wiring.write_wire_scope: net not found
2026-10-07 02:18:36.345 WARN   Wiring.write_wire_scope: net not found
2026-10-07 02:18:36.345 WARN   Wiring.write_wire_scope: net not found
2026-10-07 02:18:36.345 WARN   Wiring.write_wire_scope: net not found
2026-10-07 02:18:36.345 WARN   Wiring.write_wire_scope: net not found
2026-10-07 02:18:36.345 WARN   Wiring.write_wire_scope: net not found
2026-10-07 02:18:36.345 WARN   Wiring.write_wire_scope: net not found
2026-10-07 02:18:36.345 WARN   Wiring.write_wire_scope: net not found
2026-10-07 02:18:36.345 WARN   Wiring.write_wire_scope: net not found
2026-10-07 02:18:36.345 WARN   Wiring.write_wire_scope: net not found
2026-10-07 02:18:36.345 WARN   Wiring.write_wire_scope: net not found
2026-10-07 02:18:36.345 WARN   Wiring.write_wire_scope: net not found
2026-10-07 02:18:36.345 WARN   Wiring.write_wire_scope: net not found
2026-10-07 02:18:36.345 WARN   Wiring.write_wire_scope: net not found
2026-10-07 02:18:36.345 WARN   Wiring.write_wire_scope: net not found
2026-10-07 02:18:36.345 WARN   Wiring.write_wire_scope: net not found
2026-10-07 02:18:36.345 WARN   Wiring.write_wire_scope: net not found
2026-10-07 02:18:36.345 WARN   Wiring.write_wire_scope: net not found
2026-10-07 02:18:36.345 WARN   Wiring.write_wire_scope: net not found
2026-10-07 02:18:36.345 WARN   Wiring.write_wire_scope: net not found
2026-10-07 02:18:36.345 WARN   Wiring.write_wire_scope: net not found
2026-10-07 02:18:36.345 WARN   Wiring.write_wire_scope: net not found
2026-10-07 02:18:36.345 WARN   Wiring.write_wire_scope: net not found
2026-10-07 02:18:36.345 WARN   Wiring.write_wire_scope: net not found
2026-10-07 02:18:36.345 WARN   Wiring.write_wire_scope: net not found
2026-10-07 02:18:36.345 WARN   Wiring.write_wire_scope: net not found
2026-10-07 02:18:36.345 WARN   Wiring.write_wire_scope: net not found
2026-10-07 02:18:36.345 WARN   Wiring.write_wire_scope: net not found
2026-10-07 02:18:36.345 WARN   Wiring.write_wire_scope: net not found
2026-10-07 02:18:36.345 WARN   Wiring.write_wire_scope: net not found
2026-10-07 02:18:36.345 WARN   Wiring.write_wire_scope: net not found
2026-10-07 02:18:36.345 WARN   Wiring.write_wire_scope: net not found
2026-10-07 02:18:36.345 WARN   Wiring.write_wire_scope: net not found
2026-10-07 02:18:36.345 WARN   Wiring.write_wire_scope: net not found
2026-10-07 02:18:36.345 WARN   Wiring.write_wire_scope: net not found
2026-10-07 02:18:36.345 WARN   Wiring.write_wire_scope: net not found
2026-10-07 02:18:36.345 WARN   Wiring.write_wire_scope: net not found
2026-10-07 02:18:36.345 WARN   Wiring.write_wire_scope: net not found
2026-10-07 02:18:36.345 WARN   Wiring.write_wire_scope: net not found
2026-10-07 02:18:36.345 WARN   Wiring.write_wire_scope: net not found
2026-10-07 02:18:36.345 WARN   Wiring.write_wire_scope: net not found
2026-10-07 02:18:36.345 WARN   Wiring.write_wire_scope: net not found
2026-10-07 02:18:36.345 WARN   Wiring.write_wire_scope: net not found
2026-10-07 02:18:36.345 WARN   Wiring.write_wire_scope: net not found
2026-10-07 02:18:36.345 WARN   Wiring.write_wire_scope: net not found
2026-10-07 02:18:36.345 WARN   Wiring.write_wire_scope: net not found
2026-10-07 02:18:36.345 WARN   Wiring.write_wire_scope: net not found
2026-10-07 02:18:36.345 WARN   Wiring.write_wire_scope: net not found
2026-10-07 02:18:36.345 WARN   Wiring.write_wire_scope: net not found
2026-10-07 02:18:36.345 WARN   Wiring.write_wire_scope: net not found
2026-10-07 02:18:36.345 WARN   Wiring.write_wire_scope: net not found
2026-10-07 02:18:36.345 WARN   Wiring.write_wire_scope: net not found
2026-10-07 02:18:36.345 WARN   Wiring.write_wire_scope: net not found
2026-10-07 02:18:36.345 WARN   Wiring.write_wire_scope: net not found
2026-10-07 02:18:36.345 WARN   Wiring.write_wire_scope: net not found
2026-10-07 02:18:36.345 WARN   Wiring.write_wire_scope: net not found
2026-10-07 02:18:36.345 WARN   Wiring.write_wire_scope: net not found
2026-10-07 02:18:36.345 WARN   Wiring.write_wire_scope: net not found
2026-10-07 02:18:36.345 WARN   Wiring.write_wire_scope: net not found
2026-10-07 02:18:36.345 WARN   Wiring.write_wire_scope: net not found
2026-10-07 02:18:36.345 WARN   Wiring.write_wire_scope: net not found
2026-10-07 02:18:36.345 WARN   Wiring.write_wire_scope: net not found
2026-10-07 02:18:36.350 INFO   [F4C0B6\366547] Fanout pass #5 on board '3253ee7eefe5e1c0b07575630a39e852' completed in 0.11 seconds with 12 SMD pins fanouted, 2 not routed, 0 insert errors, +0 extra vias (0 SMD pins still to check in pass, ripup costs=500).
2026-10-07 02:18:36.350 INFO   Fanout stopped after 5 passes: no progress for 3 consecutive passes.
2026-10-07 02:18:36.361 INFO   [F4C0B6\366547] Fanout stage completed: started with 177 total SMD pins, completed in 1.79 seconds, escaped pins: 61/177 (34.5%), using 1.82 total CPU seconds, 1.35 GB total allocated, and 337.9 MB peak heap usage.
2026-10-07 02:18:36.504 INFO   [F4C0B6\366547] Auto-routing stage started on board '3253ee7eefe5e1c0b07575630a39e852' with baseline score 237.86 for 79 unrouted items.
2026-10-07 02:18:36.636 WARN   Wiring.write_wire_scope: net not found
2026-10-07 02:18:36.636 WARN   Wiring.write_wire_scope: net not found
2026-10-07 02:18:36.636 WARN   Wiring.write_wire_scope: net not found
2026-10-07 02:18:36.636 WARN   Wiring.write_wire_scope: net not found
2026-10-07 02:18:36.636 WARN   Wiring.write_wire_scope: net not found
2026-10-07 02:18:36.636 WARN   Wiring.write_wire_scope: net not found
2026-10-07 02:18:36.636 WARN   Wiring.write_wire_scope: net not found
2026-10-07 02:18:36.636 WARN   Wiring.write_wire_scope: net not found
2026-10-07 02:18:36.636 WARN   Wiring.write_wire_scope: net not found
2026-10-07 02:18:36.636 WARN   Wiring.write_wire_scope: net not found
2026-10-07 02:18:36.636 WARN   Wiring.write_wire_scope: net not found
2026-10-07 02:18:36.636 WARN   Wiring.write_wire_scope: net not found
2026-10-07 02:18:36.636 WARN   Wiring.write_wire_scope: net not found
2026-10-07 02:18:36.636 WARN   Wiring.write_wire_scope: net not found
2026-10-07 02:18:36.636 WARN   Wiring.write_wire_scope: net not found
2026-10-07 02:18:36.636 WARN   Wiring.write_wire_scope: net not found
2026-10-07 02:18:36.636 WARN   Wiring.write_wire_scope: net not found
2026-10-07 02:18:36.636 WARN   Wiring.write_wire_scope: net not found
2026-10-07 02:18:36.636 WARN   Wiring.write_wire_scope: net not found
2026-10-07 02:18:36.636 WARN   Wiring.write_wire_scope: net not found
2026-10-07 02:18:36.636 WARN   Wiring.write_wire_scope: net not found
2026-10-07 02:18:36.636 WARN   Wiring.write_wire_scope: net not found
2026-10-07 02:18:36.636 WARN   Wiring.write_wire_scope: net not found
2026-10-07 02:18:36.636 WARN   Wiring.write_wire_scope: net not found
2026-10-07 02:18:36.636 WARN   Wiring.write_wire_scope: net not found
2026-10-07 02:18:36.636 WARN   Wiring.write_wire_scope: net not found
2026-10-07 02:18:36.636 WARN   Wiring.write_wire_scope: net not found
2026-10-07 02:18:36.636 WARN   Wiring.write_wire_scope: net not found
2026-10-07 02:18:36.636 WARN   Wiring.write_wire_scope: net not found
2026-10-07 02:18:36.636 WARN   Wiring.write_wire_scope: net not found
2026-10-07 02:18:36.636 WARN   Wiring.write_wire_scope: net not found
2026-10-07 02:18:36.636 WARN   Wiring.write_wire_scope: net not found
2026-10-07 02:18:36.636 WARN   Wiring.write_wire_scope: net not found
2026-10-07 02:18:36.636 WARN   Wiring.write_wire_scope: net not found
2026-10-07 02:18:36.636 WARN   Wiring.write_wire_scope: net not found
2026-10-07 02:18:36.636 WARN   Wiring.write_wire_scope: net not found
2026-10-07 02:18:36.636 WARN   Wiring.write_wire_scope: net not found
2026-10-07 02:18:36.636 WARN   Wiring.write_wire_scope: net not found
2026-10-07 02:18:36.636 WARN   Wiring.write_wire_scope: net not found
2026-10-07 02:18:36.636 WARN   Wiring.write_wire_scope: net not found
2026-10-07 02:18:36.636 WARN   Wiring.write_wire_scope: net not found
2026-10-07 02:18:36.636 WARN   Wiring.write_wire_scope: net not found
2026-10-07 02:18:36.636 WARN   Wiring.write_wire_scope: net not found
2026-10-07 02:18:36.636 WARN   Wiring.write_wire_scope: net not found
2026-10-07 02:18:36.636 WARN   Wiring.write_wire_scope: net not found
2026-10-07 02:18:36.636 WARN   Wiring.write_wire_scope: net not found
2026-10-07 02:18:36.636 WARN   Wiring.write_wire_scope: net not found
2026-10-07 02:18:36.636 WARN   Wiring.write_wire_scope: net not found
2026-10-07 02:18:36.636 WARN   Wiring.write_wire_scope: net not found
2026-10-07 02:18:36.636 WARN   Wiring.write_wire_scope: net not found
2026-10-07 02:18:36.636 WARN   Wiring.write_wire_scope: net not found
2026-10-07 02:18:36.636 WARN   Wiring.write_wire_scope: net not found
2026-10-07 02:18:36.636 WARN   Wiring.write_wire_scope: net not found
2026-10-07 02:18:36.636 WARN   Wiring.write_wire_scope: net not found
2026-10-07 02:18:36.636 WARN   Wiring.write_wire_scope: net not found
2026-10-07 02:18:36.636 WARN   Wiring.write_wire_scope: net not found
2026-10-07 02:18:36.636 WARN   Wiring.write_wire_scope: net not found
2026-10-07 02:18:36.636 WARN   Wiring.write_wire_scope: net not found
2026-10-07 02:18:36.636 WARN   Wiring.write_wire_scope: net not found
2026-10-07 02:18:36.636 WARN   Wiring.write_wire_scope: net not found
2026-10-07 02:18:36.636 WARN   Wiring.write_wire_scope: net not found
2026-10-07 02:18:36.636 WARN   Wiring.write_wire_scope: net not found
2026-10-07 02:18:36.636 WARN   Wiring.write_wire_scope: net not found
2026-10-07 02:18:36.636 WARN   Wiring.write_wire_scope: net not found
2026-10-07 02:18:36.636 WARN   Wiring.write_wire_scope: net not found
2026-10-07 02:18:36.636 WARN   Wiring.write_wire_scope: net not found
2026-10-07 02:18:36.636 WARN   Wiring.write_wire_scope: net not found
2026-10-07 02:18:36.636 WARN   Wiring.write_wire_scope: net not found
2026-10-07 02:18:36.636 WARN   Wiring.write_wire_scope: net not found
2026-10-07 02:18:36.636 WARN   Wiring.write_wire_scope: net not found
2026-10-07 02:18:36.636 WARN   Wiring.write_wire_scope: net not found
2026-10-07 02:18:36.636 WARN   Wiring.write_wire_scope: net not found
2026-10-07 02:18:36.636 WARN   Wiring.write_wire_scope: net not found
2026-10-07 02:18:36.636 WARN   Wiring.write_wire_scope: net not found
2026-10-07 02:18:36.636 WARN   Wiring.write_wire_scope: net not found
2026-10-07 02:18:36.669 WARN   Wiring.write_wire_scope: net not found
2026-10-07 02:18:36.669 WARN   Wiring.write_wire_scope: net not found
2026-10-07 02:18:36.669 WARN   Wiring.write_wire_scope: net not found
2026-10-07 02:18:36.669 WARN   Wiring.write_wire_scope: net not found
2026-10-07 02:18:36.669 WARN   Wiring.write_wire_scope: net not found
2026-10-07 02:18:36.669 WARN   Wiring.write_wire_scope: net not found
2026-10-07 02:18:36.669 WARN   Wiring.write_wire_scope: net not found
2026-10-07 02:18:36.669 WARN   Wiring.write_wire_scope: net not found
2026-10-07 02:18:36.669 WARN   Wiring.write_wire_scope: net not found
2026-10-07 02:18:36.669 WARN   Wiring.write_wire_scope: net not found
2026-10-07 02:18:36.669 WARN   Wiring.write_wire_scope: net not found
2026-10-07 02:18:36.669 WARN   Wiring.write_wire_scope: net not found
2026-10-07 02:18:36.669 WARN   Wiring.write_wire_scope: net not found
2026-10-07 02:18:36.669 WARN   Wiring.write_wire_scope: net not found
2026-10-07 02:18:36.669 WARN   Wiring.write_wire_scope: net not found
2026-10-07 02:18:36.670 WARN   Wiring.write_wire_scope: net not found
2026-10-07 02:18:36.670 WARN   Wiring.write_wire_scope: net not found
2026-10-07 02:18:36.670 WARN   Wiring.write_wire_scope: net not found
2026-10-07 02:18:36.670 WARN   Wiring.write_wire_scope: net not found
2026-10-07 02:18:36.670 WARN   Wiring.write_wire_scope: net not found
2026-10-07 02:18:36.670 WARN   Wiring.write_wire_scope: net not found
2026-10-07 02:18:36.670 WARN   Wiring.write_wire_scope: net not found
2026-10-07 02:18:36.670 WARN   Wiring.write_wire_scope: net not found
2026-10-07 02:18:36.670 WARN   Wiring.write_wire_scope: net not found
2026-10-07 02:18:36.670 WARN   Wiring.write_wire_scope: net not found
2026-10-07 02:18:36.670 WARN   Wiring.write_wire_scope: net not found
2026-10-07 02:18:36.670 WARN   Wiring.write_wire_scope: net not found
2026-10-07 02:18:36.670 WARN   Wiring.write_wire_scope: net not found
2026-10-07 02:18:36.670 WARN   Wiring.write_wire_scope: net not found
2026-10-07 02:18:36.670 WARN   Wiring.write_wire_scope: net not found
2026-10-07 02:18:36.670 WARN   Wiring.write_wire_scope: net not found
2026-10-07 02:18:36.670 WARN   Wiring.write_wire_scope: net not found
2026-10-07 02:18:36.670 WARN   Wiring.write_wire_scope: net not found
2026-10-07 02:18:36.670 WARN   Wiring.write_wire_scope: net not found
2026-10-07 02:18:36.670 WARN   Wiring.write_wire_scope: net not found
2026-10-07 02:18:36.670 WARN   Wiring.write_wire_scope: net not found
2026-10-07 02:18:36.670 WARN   Wiring.write_wire_scope: net not found
2026-10-07 02:18:36.670 WARN   Wiring.write_wire_scope: net not found
2026-10-07 02:18:36.670 WARN   Wiring.write_wire_scope: net not found
2026-10-07 02:18:36.670 WARN   Wiring.write_wire_scope: net not found
2026-10-07 02:18:36.670 WARN   Wiring.write_wire_scope: net not found
2026-10-07 02:18:36.670 WARN   Wiring.write_wire_scope: net not found
2026-10-07 02:18:36.670 WARN   Wiring.write_wire_scope: net not found
2026-10-07 02:18:36.670 WARN   Wiring.write_wire_scope: net not found
2026-10-07 02:18:36.670 WARN   Wiring.write_wire_scope: net not found
2026-10-07 02:18:36.670 WARN   Wiring.write_wire_scope: net not found
2026-10-07 02:18:36.670 WARN   Wiring.write_wire_scope: net not found
2026-10-07 02:18:36.670 WARN   Wiring.write_wire_scope: net not found
2026-10-07 02:18:36.670 WARN   Wiring.write_wire_scope: net not found
2026-10-07 02:18:36.670 WARN   Wiring.write_wire_scope: net not found
2026-10-07 02:18:36.670 WARN   Wiring.write_wire_scope: net not found
2026-10-07 02:18:36.670 WARN   Wiring.write_wire_scope: net not found
2026-10-07 02:18:36.670 WARN   Wiring.write_wire_scope: net not found
2026-10-07 02:18:36.670 WARN   Wiring.write_wire_scope: net not found
2026-10-07 02:18:36.670 WARN   Wiring.write_wire_scope: net not found
2026-10-07 02:18:36.670 WARN   Wiring.write_wire_scope: net not found
2026-10-07 02:18:36.670 WARN   Wiring.write_wire_scope: net not found
2026-10-07 02:18:36.670 WARN   Wiring.write_wire_scope: net not found
2026-10-07 02:18:36.670 WARN   Wiring.write_wire_scope: net not found
2026-10-07 02:18:36.670 WARN   Wiring.write_wire_scope: net not found
2026-10-07 02:18:36.670 WARN   Wiring.write_wire_scope: net not found
2026-10-07 02:18:36.670 WARN   Wiring.write_wire_scope: net not found
2026-10-07 02:18:36.670 WARN   Wiring.write_wire_scope: net not found
2026-10-07 02:18:36.670 WARN   Wiring.write_wire_scope: net not found
2026-10-07 02:18:36.670 WARN   Wiring.write_wire_scope: net not found
2026-10-07 02:18:36.670 WARN   Wiring.write_wire_scope: net not found
2026-10-07 02:18:36.670 WARN   Wiring.write_wire_scope: net not found
2026-10-07 02:18:36.670 WARN   Wiring.write_wire_scope: net not found
2026-10-07 02:18:36.670 WARN   Wiring.write_wire_scope: net not found
2026-10-07 02:18:36.670 WARN   Wiring.write_wire_scope: net not found
2026-10-07 02:18:36.670 WARN   Wiring.write_wire_scope: net not found
2026-10-07 02:18:36.670 WARN   Wiring.write_wire_scope: net not found
2026-10-07 02:18:36.670 WARN   Wiring.write_wire_scope: net not found
2026-10-07 02:18:36.670 WARN   Wiring.write_wire_scope: net not found
2026-10-07 02:18:36.670 WARN   Wiring.write_wire_scope: net not found
2026-10-07 02:18:36.962 WARN   Wiring.write_wire_scope: net not found
2026-10-07 02:18:36.963 WARN   Wiring.write_wire_scope: net not found
2026-10-07 02:18:36.963 WARN   Wiring.write_wire_scope: net not found
2026-10-07 02:18:36.963 WARN   Wiring.write_wire_scope: net not found
2026-10-07 02:18:36.963 WARN   Wiring.write_wire_scope: net not found
2026-10-07 02:18:36.963 WARN   Wiring.write_wire_scope: net not found
2026-10-07 02:18:36.963 WARN   Wiring.write_wire_scope: net not found
2026-10-07 02:18:36.963 WARN   Wiring.write_wire_scope: net not found
2026-10-07 02:18:36.963 WARN   Wiring.write_wire_scope: net not found
2026-10-07 02:18:36.963 WARN   Wiring.write_wire_scope: net not found
2026-10-07 02:18:36.963 WARN   Wiring.write_wire_scope: net not found
2026-10-07 02:18:36.963 WARN   Wiring.write_wire_scope: net not found
2026-10-07 02:18:36.963 WARN   Wiring.write_wire_scope: net not found
2026-10-07 02:18:36.963 WARN   Wiring.write_wire_scope: net not found
2026-10-07 02:18:36.963 WARN   Wiring.write_wire_scope: net not found
2026-10-07 02:18:36.963 WARN   Wiring.write_wire_scope: net not found
2026-10-07 02:18:36.963 WARN   Wiring.write_wire_scope: net not found
2026-10-07 02:18:36.963 WARN   Wiring.write_wire_scope: net not found
2026-10-07 02:18:36.963 WARN   Wiring.write_wire_scope: net not found
2026-10-07 02:18:36.963 WARN   Wiring.write_wire_scope: net not found
2026-10-07 02:18:36.963 WARN   Wiring.write_wire_scope: net not found
2026-10-07 02:18:36.963 WARN   Wiring.write_wire_scope: net not found
2026-10-07 02:18:36.963 WARN   Wiring.write_wire_scope: net not found
2026-10-07 02:18:36.963 WARN   Wiring.write_wire_scope: net not found
2026-10-07 02:18:36.963 WARN   Wiring.write_wire_scope: net not found
2026-10-07 02:18:36.963 WARN   Wiring.write_wire_scope: net not found
2026-10-07 02:18:36.963 WARN   Wiring.write_wire_scope: net not found
2026-10-07 02:18:36.963 WARN   Wiring.write_wire_scope: net not found
2026-10-07 02:18:36.963 WARN   Wiring.write_wire_scope: net not found
2026-10-07 02:18:36.963 WARN   Wiring.write_wire_scope: net not found
2026-10-07 02:18:36.963 WARN   Wiring.write_wire_scope: net not found
2026-10-07 02:18:36.963 WARN   Wiring.write_wire_scope: net not found
2026-10-07 02:18:36.963 WARN   Wiring.write_wire_scope: net not found
2026-10-07 02:18:36.963 WARN   Wiring.write_wire_scope: net not found
2026-10-07 02:18:36.963 WARN   Wiring.write_wire_scope: net not found
2026-10-07 02:18:36.963 WARN   Wiring.write_wire_scope: net not found
2026-10-07 02:18:36.963 WARN   Wiring.write_wire_scope: net not found
2026-10-07 02:18:36.963 WARN   Wiring.write_wire_scope: net not found
2026-10-07 02:18:36.963 WARN   Wiring.write_wire_scope: net not found
2026-10-07 02:18:36.963 WARN   Wiring.write_wire_scope: net not found
2026-10-07 02:18:36.963 WARN   Wiring.write_wire_scope: net not found
2026-10-07 02:18:36.963 WARN   Wiring.write_wire_scope: net not found
2026-10-07 02:18:36.963 WARN   Wiring.write_wire_scope: net not found
2026-10-07 02:18:36.963 WARN   Wiring.write_wire_scope: net not found
2026-10-07 02:18:36.963 WARN   Wiring.write_wire_scope: net not found
2026-10-07 02:18:36.963 WARN   Wiring.write_wire_scope: net not found
2026-10-07 02:18:36.963 WARN   Wiring.write_wire_scope: net not found
2026-10-07 02:18:36.963 WARN   Wiring.write_wire_scope: net not found
2026-10-07 02:18:36.963 WARN   Wiring.write_wire_scope: net not found
2026-10-07 02:18:36.963 WARN   Wiring.write_wire_scope: net not found
2026-10-07 02:18:36.963 WARN   Wiring.write_wire_scope: net not found
2026-10-07 02:18:36.963 WARN   Wiring.write_wire_scope: net not found
2026-10-07 02:18:36.963 WARN   Wiring.write_wire_scope: net not found
2026-10-07 02:18:36.963 WARN   Wiring.write_wire_scope: net not found
2026-10-07 02:18:36.963 WARN   Wiring.write_wire_scope: net not found
2026-10-07 02:18:36.963 WARN   Wiring.write_wire_scope: net not found
2026-10-07 02:18:36.963 WARN   Wiring.write_wire_scope: net not found
2026-10-07 02:18:36.963 WARN   Wiring.write_wire_scope: net not found
2026-10-07 02:18:36.963 WARN   Wiring.write_wire_scope: net not found
2026-10-07 02:18:36.963 WARN   Wiring.write_wire_scope: net not found
2026-10-07 02:18:36.963 WARN   Wiring.write_wire_scope: net not found
2026-10-07 02:18:36.963 WARN   Wiring.write_wire_scope: net not found
2026-10-07 02:18:36.963 WARN   Wiring.write_wire_scope: net not found
2026-10-07 02:18:36.963 WARN   Wiring.write_wire_scope: net not found
2026-10-07 02:18:36.963 WARN   Wiring.write_wire_scope: net not found
2026-10-07 02:18:36.963 WARN   Wiring.write_wire_scope: net not found
2026-10-07 02:18:36.963 WARN   Wiring.write_wire_scope: net not found
2026-10-07 02:18:36.963 WARN   Wiring.write_wire_scope: net not found
2026-10-07 02:18:36.963 WARN   Wiring.write_wire_scope: net not found
2026-10-07 02:18:36.963 WARN   Wiring.write_wire_scope: net not found
2026-10-07 02:18:36.963 WARN   Wiring.write_wire_scope: net not found
2026-10-07 02:18:36.963 WARN   Wiring.write_wire_scope: net not found
2026-10-07 02:18:36.963 WARN   Wiring.write_wire_scope: net not found
2026-10-07 02:18:36.963 WARN   Wiring.write_wire_scope: net not found
2026-10-07 02:18:36.963 WARN   Wiring.write_wire_scope: net not found
2026-10-07 02:18:37.462 WARN   Wiring.write_wire_scope: net not found
2026-10-07 02:18:37.462 WARN   Wiring.write_wire_scope: net not found
2026-10-07 02:18:37.462 WARN   Wiring.write_wire_scope: net not found
2026-10-07 02:18:37.462 WARN   Wiring.write_wire_scope: net not found
2026-10-07 02:18:37.463 WARN   Wiring.write_wire_scope: net not found
2026-10-07 02:18:37.463 WARN   Wiring.write_wire_scope: net not found
2026-10-07 02:18:37.463 WARN   Wiring.write_wire_scope: net not found
2026-10-07 02:18:37.463 WARN   Wiring.write_wire_scope: net not found
2026-10-07 02:18:37.463 WARN   Wiring.write_wire_scope: net not found
2026-10-07 02:18:37.463 WARN   Wiring.write_wire_scope: net not found
2026-10-07 02:18:37.463 WARN   Wiring.write_wire_scope: net not found
2026-10-07 02:18:37.463 WARN   Wiring.write_wire_scope: net not found
2026-10-07 02:18:37.463 WARN   Wiring.write_wire_scope: net not found
2026-10-07 02:18:37.463 WARN   Wiring.write_wire_scope: net not found
2026-10-07 02:18:37.463 WARN   Wiring.write_wire_scope: net not found
2026-10-07 02:18:37.463 WARN   Wiring.write_wire_scope: net not found
2026-10-07 02:18:37.463 WARN   Wiring.write_wire_scope: net not found
2026-10-07 02:18:37.463 WARN   Wiring.write_wire_scope: net not found
2026-10-07 02:18:37.463 WARN   Wiring.write_wire_scope: net not found
2026-10-07 02:18:37.463 WARN   Wiring.write_wire_scope: net not found
2026-10-07 02:18:37.463 WARN   Wiring.write_wire_scope: net not found
2026-10-07 02:18:37.463 WARN   Wiring.write_wire_scope: net not found
2026-10-07 02:18:37.463 WARN   Wiring.write_wire_scope: net not found
2026-10-07 02:18:37.463 WARN   Wiring.write_wire_scope: net not found
2026-10-07 02:18:37.463 WARN   Wiring.write_wire_scope: net not found
2026-10-07 02:18:37.463 WARN   Wiring.write_wire_scope: net not found
2026-10-07 02:18:37.463 WARN   Wiring.write_wire_scope: net not found
2026-10-07 02:18:37.463 WARN   Wiring.write_wire_scope: net not found
2026-10-07 02:18:37.463 WARN   Wiring.write_wire_scope: net not found
2026-10-07 02:18:37.463 WARN   Wiring.write_wire_scope: net not found
2026-10-07 02:18:37.463 WARN   Wiring.write_wire_scope: net not found
2026-10-07 02:18:37.463 WARN   Wiring.write_wire_scope: net not found
2026-10-07 02:18:37.463 WARN   Wiring.write_wire_scope: net not found
2026-10-07 02:18:37.463 WARN   Wiring.write_wire_scope: net not found
2026-10-07 02:18:37.463 WARN   Wiring.write_wire_scope: net not found
2026-10-07 02:18:37.463 WARN   Wiring.write_wire_scope: net not found
2026-10-07 02:18:37.463 WARN   Wiring.write_wire_scope: net not found
2026-10-07 02:18:37.463 WARN   Wiring.write_wire_scope: net not found
2026-10-07 02:18:37.463 WARN   Wiring.write_wire_scope: net not found
2026-10-07 02:18:37.463 WARN   Wiring.write_wire_scope: net not found
2026-10-07 02:18:37.463 WARN   Wiring.write_wire_scope: net not found
2026-10-07 02:18:37.463 WARN   Wiring.write_wire_scope: net not found
2026-10-07 02:18:37.463 WARN   Wiring.write_wire_scope: net not found
2026-10-07 02:18:37.463 WARN   Wiring.write_wire_scope: net not found
2026-10-07 02:18:37.463 WARN   Wiring.write_wire_scope: net not found
2026-10-07 02:18:37.463 WARN   Wiring.write_wire_scope: net not found
2026-10-07 02:18:37.463 WARN   Wiring.write_wire_scope: net not found
2026-10-07 02:18:37.463 WARN   Wiring.write_wire_scope: net not found
2026-10-07 02:18:37.463 WARN   Wiring.write_wire_scope: net not found
2026-10-07 02:18:37.463 WARN   Wiring.write_wire_scope: net not found
2026-10-07 02:18:37.463 WARN   Wiring.write_wire_scope: net not found
2026-10-07 02:18:37.463 WARN   Wiring.write_wire_scope: net not found
2026-10-07 02:18:37.463 WARN   Wiring.write_wire_scope: net not found
2026-10-07 02:18:37.463 WARN   Wiring.write_wire_scope: net not found
2026-10-07 02:18:37.463 WARN   Wiring.write_wire_scope: net not found
2026-10-07 02:18:37.463 WARN   Wiring.write_wire_scope: net not found
2026-10-07 02:18:37.463 WARN   Wiring.write_wire_scope: net not found
2026-10-07 02:18:37.463 WARN   Wiring.write_wire_scope: net not found
2026-10-07 02:18:37.463 WARN   Wiring.write_wire_scope: net not found
2026-10-07 02:18:37.463 WARN   Wiring.write_wire_scope: net not found
2026-10-07 02:18:37.463 WARN   Wiring.write_wire_scope: net not found
2026-10-07 02:18:37.463 WARN   Wiring.write_wire_scope: net not found
2026-10-07 02:18:37.463 WARN   Wiring.write_wire_scope: net not found
2026-10-07 02:18:37.463 WARN   Wiring.write_wire_scope: net not found
2026-10-07 02:18:37.463 WARN   Wiring.write_wire_scope: net not found
2026-10-07 02:18:37.463 WARN   Wiring.write_wire_scope: net not found
2026-10-07 02:18:37.463 WARN   Wiring.write_wire_scope: net not found
2026-10-07 02:18:37.463 WARN   Wiring.write_wire_scope: net not found
2026-10-07 02:18:37.463 WARN   Wiring.write_wire_scope: net not found
2026-10-07 02:18:37.463 WARN   Wiring.write_wire_scope: net not found
2026-10-07 02:18:37.463 WARN   Wiring.write_wire_scope: net not found
2026-10-07 02:18:37.463 WARN   Wiring.write_wire_scope: net not found
2026-10-07 02:18:37.463 WARN   Wiring.write_wire_scope: net not found
2026-10-07 02:18:37.463 WARN   Wiring.write_wire_scope: net not found
2026-10-07 02:18:37.463 WARN   Wiring.write_wire_scope: net not found
2026-10-07 02:18:37.934 WARN   Wiring.write_wire_scope: net not found
2026-10-07 02:18:37.934 WARN   Wiring.write_wire_scope: net not found
2026-10-07 02:18:37.934 WARN   Wiring.write_wire_scope: net not found
2026-10-07 02:18:37.934 WARN   Wiring.write_wire_scope: net not found
2026-10-07 02:18:37.934 WARN   Wiring.write_wire_scope: net not found
2026-10-07 02:18:37.934 WARN   Wiring.write_wire_scope: net not found
2026-10-07 02:18:37.934 WARN   Wiring.write_wire_scope: net not found
2026-10-07 02:18:37.934 WARN   Wiring.write_wire_scope: net not found
2026-10-07 02:18:37.934 WARN   Wiring.write_wire_scope: net not found
2026-10-07 02:18:37.934 WARN   Wiring.write_wire_scope: net not found
2026-10-07 02:18:37.934 WARN   Wiring.write_wire_scope: net not found
2026-10-07 02:18:37.934 WARN   Wiring.write_wire_scope: net not found
2026-10-07 02:18:37.934 WARN   Wiring.write_wire_scope: net not found
2026-10-07 02:18:37.934 WARN   Wiring.write_wire_scope: net not found
2026-10-07 02:18:37.934 WARN   Wiring.write_wire_scope: net not found
2026-10-07 02:18:37.934 WARN   Wiring.write_wire_scope: net not found
2026-10-07 02:18:37.934 WARN   Wiring.write_wire_scope: net not found
2026-10-07 02:18:37.934 WARN   Wiring.write_wire_scope: net not found
2026-10-07 02:18:37.934 WARN   Wiring.write_wire_scope: net not found
2026-10-07 02:18:37.934 WARN   Wiring.write_wire_scope: net not found
2026-10-07 02:18:37.934 WARN   Wiring.write_wire_scope: net not found
2026-10-07 02:18:37.934 WARN   Wiring.write_wire_scope: net not found
2026-10-07 02:18:37.934 WARN   Wiring.write_wire_scope: net not found
2026-10-07 02:18:37.934 WARN   Wiring.write_wire_scope: net not found
2026-10-07 02:18:37.934 WARN   Wiring.write_wire_scope: net not found
2026-10-07 02:18:37.934 WARN   Wiring.write_wire_scope: net not found
2026-10-07 02:18:37.934 WARN   Wiring.write_wire_scope: net not found
2026-10-07 02:18:37.934 WARN   Wiring.write_wire_scope: net not found
2026-10-07 02:18:37.934 WARN   Wiring.write_wire_scope: net not found
2026-10-07 02:18:37.934 WARN   Wiring.write_wire_scope: net not found
2026-10-07 02:18:37.934 WARN   Wiring.write_wire_scope: net not found
2026-10-07 02:18:37.934 WARN   Wiring.write_wire_scope: net not found
2026-10-07 02:18:37.934 WARN   Wiring.write_wire_scope: net not found
2026-10-07 02:18:37.934 WARN   Wiring.write_wire_scope: net not found
2026-10-07 02:18:37.934 WARN   Wiring.write_wire_scope: net not found
2026-10-07 02:18:37.934 WARN   Wiring.write_wire_scope: net not found
2026-10-07 02:18:37.934 WARN   Wiring.write_wire_scope: net not found
2026-10-07 02:18:37.934 WARN   Wiring.write_wire_scope: net not found
2026-10-07 02:18:37.934 WARN   Wiring.write_wire_scope: net not found
2026-10-07 02:18:37.934 WARN   Wiring.write_wire_scope: net not found
2026-10-07 02:18:37.934 WARN   Wiring.write_wire_scope: net not found
2026-10-07 02:18:37.934 WARN   Wiring.write_wire_scope: net not found
2026-10-07 02:18:37.934 WARN   Wiring.write_wire_scope: net not found
2026-10-07 02:18:37.934 WARN   Wiring.write_wire_scope: net not found
2026-10-07 02:18:37.934 WARN   Wiring.write_wire_scope: net not found
2026-10-07 02:18:37.934 WARN   Wiring.write_wire_scope: net not found
2026-10-07 02:18:37.934 WARN   Wiring.write_wire_scope: net not found
2026-10-07 02:18:37.934 WARN   Wiring.write_wire_scope: net not found
2026-10-07 02:18:37.934 WARN   Wiring.write_wire_scope: net not found
2026-10-07 02:18:37.934 WARN   Wiring.write_wire_scope: net not found
2026-10-07 02:18:37.934 WARN   Wiring.write_wire_scope: net not found
2026-10-07 02:18:37.934 WARN   Wiring.write_wire_scope: net not found
2026-10-07 02:18:37.934 WARN   Wiring.write_wire_scope: net not found
2026-10-07 02:18:37.934 WARN   Wiring.write_wire_scope: net not found
2026-10-07 02:18:37.934 WARN   Wiring.write_wire_scope: net not found
2026-10-07 02:18:37.934 WARN   Wiring.write_wire_scope: net not found
2026-10-07 02:18:37.934 WARN   Wiring.write_wire_scope: net not found
2026-10-07 02:18:37.934 WARN   Wiring.write_wire_scope: net not found
2026-10-07 02:18:37.934 WARN   Wiring.write_wire_scope: net not found
2026-10-07 02:18:37.935 WARN   Wiring.write_wire_scope: net not found
2026-10-07 02:18:37.935 WARN   Wiring.write_wire_scope: net not found
2026-10-07 02:18:37.935 WARN   Wiring.write_wire_scope: net not found
2026-10-07 02:18:37.935 WARN   Wiring.write_wire_scope: net not found
2026-10-07 02:18:37.935 WARN   Wiring.write_wire_scope: net not found
2026-10-07 02:18:37.935 WARN   Wiring.write_wire_scope: net not found
2026-10-07 02:18:37.935 WARN   Wiring.write_wire_scope: net not found
2026-10-07 02:18:37.935 WARN   Wiring.write_wire_scope: net not found
2026-10-07 02:18:37.935 WARN   Wiring.write_wire_scope: net not found
2026-10-07 02:18:37.935 WARN   Wiring.write_wire_scope: net not found
2026-10-07 02:18:37.935 WARN   Wiring.write_wire_scope: net not found
2026-10-07 02:18:37.935 WARN   Wiring.write_wire_scope: net not found
2026-10-07 02:18:37.935 WARN   Wiring.write_wire_scope: net not found
2026-10-07 02:18:37.935 WARN   Wiring.write_wire_scope: net not found
2026-10-07 02:18:37.935 WARN   Wiring.write_wire_scope: net not found
2026-10-07 02:18:37.935 WARN   Wiring.write_wire_scope: net not found
2026-10-07 02:18:38.395 WARN   Wiring.write_wire_scope: net not found
2026-10-07 02:18:38.395 WARN   Wiring.write_wire_scope: net not found
2026-10-07 02:18:38.395 WARN   Wiring.write_wire_scope: net not found
2026-10-07 02:18:38.395 WARN   Wiring.write_wire_scope: net not found
2026-10-07 02:18:38.395 WARN   Wiring.write_wire_scope: net not found
2026-10-07 02:18:38.395 WARN   Wiring.write_wire_scope: net not found
2026-10-07 02:18:38.395 WARN   Wiring.write_wire_scope: net not found
2026-10-07 02:18:38.395 WARN   Wiring.write_wire_scope: net not found
2026-10-07 02:18:38.395 WARN   Wiring.write_wire_scope: net not found
2026-10-07 02:18:38.395 WARN   Wiring.write_wire_scope: net not found
2026-10-07 02:18:38.395 WARN   Wiring.write_wire_scope: net not found
2026-10-07 02:18:38.395 WARN   Wiring.write_wire_scope: net not found
2026-10-07 02:18:38.395 WARN   Wiring.write_wire_scope: net not found
2026-10-07 02:18:38.395 WARN   Wiring.write_wire_scope: net not found
2026-10-07 02:18:38.395 WARN   Wiring.write_wire_scope: net not found
2026-10-07 02:18:38.396 WARN   Wiring.write_wire_scope: net not found
2026-10-07 02:18:38.396 WARN   Wiring.write_wire_scope: net not found
2026-10-07 02:18:38.396 WARN   Wiring.write_wire_scope: net not found
2026-10-07 02:18:38.396 WARN   Wiring.write_wire_scope: net not found
2026-10-07 02:18:38.396 WARN   Wiring.write_wire_scope: net not found
2026-10-07 02:18:38.396 WARN   Wiring.write_wire_scope: net not found
2026-10-07 02:18:38.396 WARN   Wiring.write_wire_scope: net not found
2026-10-07 02:18:38.396 WARN   Wiring.write_wire_scope: net not found
2026-10-07 02:18:38.396 WARN   Wiring.write_wire_scope: net not found
2026-10-07 02:18:38.396 WARN   Wiring.write_wire_scope: net not found
2026-10-07 02:18:38.396 WARN   Wiring.write_wire_scope: net not found
2026-10-07 02:18:38.396 WARN   Wiring.write_wire_scope: net not found
2026-10-07 02:18:38.396 WARN   Wiring.write_wire_scope: net not found
2026-10-07 02:18:38.396 WARN   Wiring.write_wire_scope: net not found
2026-10-07 02:18:38.396 WARN   Wiring.write_wire_scope: net not found
2026-10-07 02:18:38.396 WARN   Wiring.write_wire_scope: net not found
2026-10-07 02:18:38.396 WARN   Wiring.write_wire_scope: net not found
2026-10-07 02:18:38.396 WARN   Wiring.write_wire_scope: net not found
2026-10-07 02:18:38.396 WARN   Wiring.write_wire_scope: net not found
2026-10-07 02:18:38.396 WARN   Wiring.write_wire_scope: net not found
2026-10-07 02:18:38.396 WARN   Wiring.write_wire_scope: net not found
2026-10-07 02:18:38.396 WARN   Wiring.write_wire_scope: net not found
2026-10-07 02:18:38.396 WARN   Wiring.write_wire_scope: net not found
2026-10-07 02:18:38.396 WARN   Wiring.write_wire_scope: net not found
2026-10-07 02:18:38.396 WARN   Wiring.write_wire_scope: net not found
2026-10-07 02:18:38.396 WARN   Wiring.write_wire_scope: net not found
2026-10-07 02:18:38.396 WARN   Wiring.write_wire_scope: net not found
2026-10-07 02:18:38.396 WARN   Wiring.write_wire_scope: net not found
2026-10-07 02:18:38.396 WARN   Wiring.write_wire_scope: net not found
2026-10-07 02:18:38.396 WARN   Wiring.write_wire_scope: net not found
2026-10-07 02:18:38.396 WARN   Wiring.write_wire_scope: net not found
2026-10-07 02:18:38.396 WARN   Wiring.write_wire_scope: net not found
2026-10-07 02:18:38.396 WARN   Wiring.write_wire_scope: net not found
2026-10-07 02:18:38.396 WARN   Wiring.write_wire_scope: net not found
2026-10-07 02:18:38.396 WARN   Wiring.write_wire_scope: net not found
2026-10-07 02:18:38.396 WARN   Wiring.write_wire_scope: net not found
2026-10-07 02:18:38.396 WARN   Wiring.write_wire_scope: net not found
2026-10-07 02:18:38.396 WARN   Wiring.write_wire_scope: net not found
2026-10-07 02:18:38.396 WARN   Wiring.write_wire_scope: net not found
2026-10-07 02:18:38.396 WARN   Wiring.write_wire_scope: net not found
2026-10-07 02:18:38.396 WARN   Wiring.write_wire_scope: net not found
2026-10-07 02:18:38.396 WARN   Wiring.write_wire_scope: net not found
2026-10-07 02:18:38.396 WARN   Wiring.write_wire_scope: net not found
2026-10-07 02:18:38.396 WARN   Wiring.write_wire_scope: net not found
2026-10-07 02:18:38.396 WARN   Wiring.write_wire_scope: net not found
2026-10-07 02:18:38.396 WARN   Wiring.write_wire_scope: net not found
2026-10-07 02:18:38.396 WARN   Wiring.write_wire_scope: net not found
2026-10-07 02:18:38.396 WARN   Wiring.write_wire_scope: net not found
2026-10-07 02:18:38.396 WARN   Wiring.write_wire_scope: net not found
2026-10-07 02:18:38.396 WARN   Wiring.write_wire_scope: net not found
2026-10-07 02:18:38.396 WARN   Wiring.write_wire_scope: net not found
2026-10-07 02:18:38.396 WARN   Wiring.write_wire_scope: net not found
2026-10-07 02:18:38.396 WARN   Wiring.write_wire_scope: net not found
2026-10-07 02:18:38.396 WARN   Wiring.write_wire_scope: net not found
2026-10-07 02:18:38.396 WARN   Wiring.write_wire_scope: net not found
2026-10-07 02:18:38.396 WARN   Wiring.write_wire_scope: net not found
2026-10-07 02:18:38.396 WARN   Wiring.write_wire_scope: net not found
2026-10-07 02:18:38.396 WARN   Wiring.write_wire_scope: net not found
2026-10-07 02:18:38.396 WARN   Wiring.write_wire_scope: net not found
2026-10-07 02:18:38.396 WARN   Wiring.write_wire_scope: net not found
2026-10-07 02:18:38.852 WARN   Wiring.write_wire_scope: net not found
2026-10-07 02:18:38.852 WARN   Wiring.write_wire_scope: net not found
2026-10-07 02:18:38.852 WARN   Wiring.write_wire_scope: net not found
2026-10-07 02:18:38.852 WARN   Wiring.write_wire_scope: net not found
2026-10-07 02:18:38.852 WARN   Wiring.write_wire_scope: net not found
2026-10-07 02:18:38.852 WARN   Wiring.write_wire_scope: net not found
2026-10-07 02:18:38.852 WARN   Wiring.write_wire_scope: net not found
2026-10-07 02:18:38.852 WARN   Wiring.write_wire_scope: net not found
2026-10-07 02:18:38.852 WARN   Wiring.write_wire_scope: net not found
2026-10-07 02:18:38.852 WARN   Wiring.write_wire_scope: net not found
2026-10-07 02:18:38.852 WARN   Wiring.write_wire_scope: net not found
2026-10-07 02:18:38.852 WARN   Wiring.write_wire_scope: net not found
2026-10-07 02:18:38.852 WARN   Wiring.write_wire_scope: net not found
2026-10-07 02:18:38.852 WARN   Wiring.write_wire_scope: net not found
2026-10-07 02:18:38.852 WARN   Wiring.write_wire_scope: net not found
2026-10-07 02:18:38.852 WARN   Wiring.write_wire_scope: net not found
2026-10-07 02:18:38.852 WARN   Wiring.write_wire_scope: net not found
2026-10-07 02:18:38.852 WARN   Wiring.write_wire_scope: net not found
2026-10-07 02:18:38.852 WARN   Wiring.write_wire_scope: net not found
2026-10-07 02:18:38.852 WARN   Wiring.write_wire_scope: net not found
2026-10-07 02:18:38.852 WARN   Wiring.write_wire_scope: net not found
2026-10-07 02:18:38.852 WARN   Wiring.write_wire_scope: net not found
2026-10-07 02:18:38.852 WARN   Wiring.write_wire_scope: net not found
2026-10-07 02:18:38.852 WARN   Wiring.write_wire_scope: net not found
2026-10-07 02:18:38.852 WARN   Wiring.write_wire_scope: net not found
2026-10-07 02:18:38.852 WARN   Wiring.write_wire_scope: net not found
2026-10-07 02:18:38.852 WARN   Wiring.write_wire_scope: net not found
2026-10-07 02:18:38.852 WARN   Wiring.write_wire_scope: net not found
2026-10-07 02:18:38.852 WARN   Wiring.write_wire_scope: net not found
2026-10-07 02:18:38.852 WARN   Wiring.write_wire_scope: net not found
2026-10-07 02:18:38.852 WARN   Wiring.write_wire_scope: net not found
2026-10-07 02:18:38.852 WARN   Wiring.write_wire_scope: net not found
2026-10-07 02:18:38.852 WARN   Wiring.write_wire_scope: net not found
2026-10-07 02:18:38.852 WARN   Wiring.write_wire_scope: net not found
2026-10-07 02:18:38.852 WARN   Wiring.write_wire_scope: net not found
2026-10-07 02:18:38.852 WARN   Wiring.write_wire_scope: net not found
2026-10-07 02:18:38.852 WARN   Wiring.write_wire_scope: net not found
2026-10-07 02:18:38.852 WARN   Wiring.write_wire_scope: net not found
2026-10-07 02:18:38.852 WARN   Wiring.write_wire_scope: net not found
2026-10-07 02:18:38.852 WARN   Wiring.write_wire_scope: net not found
2026-10-07 02:18:38.852 WARN   Wiring.write_wire_scope: net not found
2026-10-07 02:18:38.852 WARN   Wiring.write_wire_scope: net not found
2026-10-07 02:18:38.852 WARN   Wiring.write_wire_scope: net not found
2026-10-07 02:18:38.852 WARN   Wiring.write_wire_scope: net not found
2026-10-07 02:18:38.852 WARN   Wiring.write_wire_scope: net not found
2026-10-07 02:18:38.852 WARN   Wiring.write_wire_scope: net not found
2026-10-07 02:18:38.852 WARN   Wiring.write_wire_scope: net not found
2026-10-07 02:18:38.852 WARN   Wiring.write_wire_scope: net not found
2026-10-07 02:18:38.852 WARN   Wiring.write_wire_scope: net not found
2026-10-07 02:18:38.852 WARN   Wiring.write_wire_scope: net not found
2026-10-07 02:18:38.852 WARN   Wiring.write_wire_scope: net not found
2026-10-07 02:18:38.852 WARN   Wiring.write_wire_scope: net not found
2026-10-07 02:18:38.852 WARN   Wiring.write_wire_scope: net not found
2026-10-07 02:18:38.852 WARN   Wiring.write_wire_scope: net not found
2026-10-07 02:18:38.852 WARN   Wiring.write_wire_scope: net not found
2026-10-07 02:18:38.852 WARN   Wiring.write_wire_scope: net not found
2026-10-07 02:18:38.852 WARN   Wiring.write_wire_scope: net not found
2026-10-07 02:18:38.852 WARN   Wiring.write_wire_scope: net not found
2026-10-07 02:18:38.852 WARN   Wiring.write_wire_scope: net not found
2026-10-07 02:18:38.852 WARN   Wiring.write_wire_scope: net not found
2026-10-07 02:18:38.852 WARN   Wiring.write_wire_scope: net not found
2026-10-07 02:18:38.852 WARN   Wiring.write_wire_scope: net not found
2026-10-07 02:18:38.852 WARN   Wiring.write_wire_scope: net not found
2026-10-07 02:18:38.852 WARN   Wiring.write_wire_scope: net not found
2026-10-07 02:18:38.852 WARN   Wiring.write_wire_scope: net not found
2026-10-07 02:18:38.852 WARN   Wiring.write_wire_scope: net not found
2026-10-07 02:18:38.852 WARN   Wiring.write_wire_scope: net not found
2026-10-07 02:18:38.852 WARN   Wiring.write_wire_scope: net not found
2026-10-07 02:18:38.852 WARN   Wiring.write_wire_scope: net not found
2026-10-07 02:18:38.852 WARN   Wiring.write_wire_scope: net not found
2026-10-07 02:18:38.852 WARN   Wiring.write_wire_scope: net not found
2026-10-07 02:18:38.852 WARN   Wiring.write_wire_scope: net not found
2026-10-07 02:18:38.852 WARN   Wiring.write_wire_scope: net not found
2026-10-07 02:18:38.852 WARN   Wiring.write_wire_scope: net not found
2026-10-07 02:18:38.852 WARN   Wiring.write_wire_scope: net not found
2026-10-07 02:18:39.313 WARN   Wiring.write_wire_scope: net not found
2026-10-07 02:18:39.313 WARN   Wiring.write_wire_scope: net not found
2026-10-07 02:18:39.313 WARN   Wiring.write_wire_scope: net not found
2026-10-07 02:18:39.313 WARN   Wiring.write_wire_scope: net not found
2026-10-07 02:18:39.313 WARN   Wiring.write_wire_scope: net not found
2026-10-07 02:18:39.313 WARN   Wiring.write_wire_scope: net not found
2026-10-07 02:18:39.313 WARN   Wiring.write_wire_scope: net not found
2026-10-07 02:18:39.313 WARN   Wiring.write_wire_scope: net not found
2026-10-07 02:18:39.313 WARN   Wiring.write_wire_scope: net not found
2026-10-07 02:18:39.313 WARN   Wiring.write_wire_scope: net not found
2026-10-07 02:18:39.313 WARN   Wiring.write_wire_scope: net not found
2026-10-07 02:18:39.313 WARN   Wiring.write_wire_scope: net not found
2026-10-07 02:18:39.313 WARN   Wiring.write_wire_scope: net not found
2026-10-07 02:18:39.313 WARN   Wiring.write_wire_scope: net not found
2026-10-07 02:18:39.313 WARN   Wiring.write_wire_scope: net not found
2026-10-07 02:18:39.313 WARN   Wiring.write_wire_scope: net not found
2026-10-07 02:18:39.313 WARN   Wiring.write_wire_scope: net not found
2026-10-07 02:18:39.313 WARN   Wiring.write_wire_scope: net not found
2026-10-07 02:18:39.313 WARN   Wiring.write_wire_scope: net not found
2026-10-07 02:18:39.313 WARN   Wiring.write_wire_scope: net not found
2026-10-07 02:18:39.313 WARN   Wiring.write_wire_scope: net not found
2026-10-07 02:18:39.313 WARN   Wiring.write_wire_scope: net not found
2026-10-07 02:18:39.313 WARN   Wiring.write_wire_scope: net not found
2026-10-07 02:18:39.313 WARN   Wiring.write_wire_scope: net not found
2026-10-07 02:18:39.313 WARN   Wiring.write_wire_scope: net not found
2026-10-07 02:18:39.313 WARN   Wiring.write_wire_scope: net not found
2026-10-07 02:18:39.313 WARN   Wiring.write_wire_scope: net not found
2026-10-07 02:18:39.313 WARN   Wiring.write_wire_scope: net not found
2026-10-07 02:18:39.313 WARN   Wiring.write_wire_scope: net not found
2026-10-07 02:18:39.313 WARN   Wiring.write_wire_scope: net not found
2026-10-07 02:18:39.313 WARN   Wiring.write_wire_scope: net not found
2026-10-07 02:18:39.313 WARN   Wiring.write_wire_scope: net not found
2026-10-07 02:18:39.313 WARN   Wiring.write_wire_scope: net not found
2026-10-07 02:18:39.313 WARN   Wiring.write_wire_scope: net not found
2026-10-07 02:18:39.313 WARN   Wiring.write_wire_scope: net not found
2026-10-07 02:18:39.313 WARN   Wiring.write_wire_scope: net not found
2026-10-07 02:18:39.313 WARN   Wiring.write_wire_scope: net not found
2026-10-07 02:18:39.313 WARN   Wiring.write_wire_scope: net not found
2026-10-07 02:18:39.313 WARN   Wiring.write_wire_scope: net not found
2026-10-07 02:18:39.313 WARN   Wiring.write_wire_scope: net not found
2026-10-07 02:18:39.313 WARN   Wiring.write_wire_scope: net not found
2026-10-07 02:18:39.313 WARN   Wiring.write_wire_scope: net not found
2026-10-07 02:18:39.313 WARN   Wiring.write_wire_scope: net not found
2026-10-07 02:18:39.313 WARN   Wiring.write_wire_scope: net not found
2026-10-07 02:18:39.313 WARN   Wiring.write_wire_scope: net not found
2026-10-07 02:18:39.313 WARN   Wiring.write_wire_scope: net not found
2026-10-07 02:18:39.313 WARN   Wiring.write_wire_scope: net not found
2026-10-07 02:18:39.313 WARN   Wiring.write_wire_scope: net not found
2026-10-07 02:18:39.313 WARN   Wiring.write_wire_scope: net not found
2026-10-07 02:18:39.313 WARN   Wiring.write_wire_scope: net not found
2026-10-07 02:18:39.313 WARN   Wiring.write_wire_scope: net not found
2026-10-07 02:18:39.313 WARN   Wiring.write_wire_scope: net not found
2026-10-07 02:18:39.313 WARN   Wiring.write_wire_scope: net not found
2026-10-07 02:18:39.313 WARN   Wiring.write_wire_scope: net not found
2026-10-07 02:18:39.313 WARN   Wiring.write_wire_scope: net not found
2026-10-07 02:18:39.313 WARN   Wiring.write_wire_scope: net not found
2026-10-07 02:18:39.313 WARN   Wiring.write_wire_scope: net not found
2026-10-07 02:18:39.313 WARN   Wiring.write_wire_scope: net not found
2026-10-07 02:18:39.313 WARN   Wiring.write_wire_scope: net not found
2026-10-07 02:18:39.313 WARN   Wiring.write_wire_scope: net not found
2026-10-07 02:18:39.313 WARN   Wiring.write_wire_scope: net not found
2026-10-07 02:18:39.313 WARN   Wiring.write_wire_scope: net not found
2026-10-07 02:18:39.313 WARN   Wiring.write_wire_scope: net not found
2026-10-07 02:18:39.313 WARN   Wiring.write_wire_scope: net not found
2026-10-07 02:18:39.313 WARN   Wiring.write_wire_scope: net not found
2026-10-07 02:18:39.313 WARN   Wiring.write_wire_scope: net not found
2026-10-07 02:18:39.314 WARN   Wiring.write_wire_scope: net not found
2026-10-07 02:18:39.314 WARN   Wiring.write_wire_scope: net not found
2026-10-07 02:18:39.314 WARN   Wiring.write_wire_scope: net not found
2026-10-07 02:18:39.314 WARN   Wiring.write_wire_scope: net not found
2026-10-07 02:18:39.314 WARN   Wiring.write_wire_scope: net not found
2026-10-07 02:18:39.314 WARN   Wiring.write_wire_scope: net not found
2026-10-07 02:18:39.314 WARN   Wiring.write_wire_scope: net not found
2026-10-07 02:18:39.314 WARN   Wiring.write_wire_scope: net not found
2026-10-07 02:18:39.314 WARN   Wiring.write_wire_scope: net not found
2026-10-07 02:18:39.775 WARN   Wiring.write_wire_scope: net not found
2026-10-07 02:18:39.775 WARN   Wiring.write_wire_scope: net not found
2026-10-07 02:18:39.775 WARN   Wiring.write_wire_scope: net not found
2026-10-07 02:18:39.775 WARN   Wiring.write_wire_scope: net not found
2026-10-07 02:18:39.775 WARN   Wiring.write_wire_scope: net not found
2026-10-07 02:18:39.775 WARN   Wiring.write_wire_scope: net not found
2026-10-07 02:18:39.775 WARN   Wiring.write_wire_scope: net not found
2026-10-07 02:18:39.775 WARN   Wiring.write_wire_scope: net not found
2026-10-07 02:18:39.775 WARN   Wiring.write_wire_scope: net not found
2026-10-07 02:18:39.775 WARN   Wiring.write_wire_scope: net not found
2026-10-07 02:18:39.775 WARN   Wiring.write_wire_scope: net not found
2026-10-07 02:18:39.775 WARN   Wiring.write_wire_scope: net not found
2026-10-07 02:18:39.775 WARN   Wiring.write_wire_scope: net not found
2026-10-07 02:18:39.775 WARN   Wiring.write_wire_scope: net not found
2026-10-07 02:18:39.775 WARN   Wiring.write_wire_scope: net not found
2026-10-07 02:18:39.775 WARN   Wiring.write_wire_scope: net not found
2026-10-07 02:18:39.775 WARN   Wiring.write_wire_scope: net not found
2026-10-07 02:18:39.775 WARN   Wiring.write_wire_scope: net not found
2026-10-07 02:18:39.775 WARN   Wiring.write_wire_scope: net not found
2026-10-07 02:18:39.775 WARN   Wiring.write_wire_scope: net not found
2026-10-07 02:18:39.775 WARN   Wiring.write_wire_scope: net not found
2026-10-07 02:18:39.776 WARN   Wiring.write_wire_scope: net not found
2026-10-07 02:18:39.776 WARN   Wiring.write_wire_scope: net not found
2026-10-07 02:18:39.776 WARN   Wiring.write_wire_scope: net not found
2026-10-07 02:18:39.776 WARN   Wiring.write_wire_scope: net not found
2026-10-07 02:18:39.776 WARN   Wiring.write_wire_scope: net not found
2026-10-07 02:18:39.776 WARN   Wiring.write_wire_scope: net not found
2026-10-07 02:18:39.776 WARN   Wiring.write_wire_scope: net not found
2026-10-07 02:18:39.776 WARN   Wiring.write_wire_scope: net not found
2026-10-07 02:18:39.776 WARN   Wiring.write_wire_scope: net not found
2026-10-07 02:18:39.776 WARN   Wiring.write_wire_scope: net not found
2026-10-07 02:18:39.776 WARN   Wiring.write_wire_scope: net not found
2026-10-07 02:18:39.776 WARN   Wiring.write_wire_scope: net not found
2026-10-07 02:18:39.776 WARN   Wiring.write_wire_scope: net not found
2026-10-07 02:18:39.776 WARN   Wiring.write_wire_scope: net not found
2026-10-07 02:18:39.776 WARN   Wiring.write_wire_scope: net not found
2026-10-07 02:18:39.776 WARN   Wiring.write_wire_scope: net not found
2026-10-07 02:18:39.776 WARN   Wiring.write_wire_scope: net not found
2026-10-07 02:18:39.776 WARN   Wiring.write_wire_scope: net not found
2026-10-07 02:18:39.776 WARN   Wiring.write_wire_scope: net not found
2026-10-07 02:18:39.776 WARN   Wiring.write_wire_scope: net not found
2026-10-07 02:18:39.776 WARN   Wiring.write_wire_scope: net not found
2026-10-07 02:18:39.776 WARN   Wiring.write_wire_scope: net not found
2026-10-07 02:18:39.776 WARN   Wiring.write_wire_scope: net not found
2026-10-07 02:18:39.776 WARN   Wiring.write_wire_scope: net not found
2026-10-07 02:18:39.776 WARN   Wiring.write_wire_scope: net not found
2026-10-07 02:18:39.776 WARN   Wiring.write_wire_scope: net not found
2026-10-07 02:18:39.776 WARN   Wiring.write_wire_scope: net not found
2026-10-07 02:18:39.776 WARN   Wiring.write_wire_scope: net not found
2026-10-07 02:18:39.776 WARN   Wiring.write_wire_scope: net not found
2026-10-07 02:18:39.776 WARN   Wiring.write_wire_scope: net not found
2026-10-07 02:18:39.776 WARN   Wiring.write_wire_scope: net not found
2026-10-07 02:18:39.776 WARN   Wiring.write_wire_scope: net not found
2026-10-07 02:18:39.776 WARN   Wiring.write_wire_scope: net not found
2026-10-07 02:18:39.776 WARN   Wiring.write_wire_scope: net not found
2026-10-07 02:18:39.776 WARN   Wiring.write_wire_scope: net not found
2026-10-07 02:18:39.776 WARN   Wiring.write_wire_scope: net not found
2026-10-07 02:18:39.776 WARN   Wiring.write_wire_scope: net not found
2026-10-07 02:18:39.776 WARN   Wiring.write_wire_scope: net not found
2026-10-07 02:18:39.776 WARN   Wiring.write_wire_scope: net not found
2026-10-07 02:18:39.776 WARN   Wiring.write_wire_scope: net not found
2026-10-07 02:18:39.776 WARN   Wiring.write_wire_scope: net not found
2026-10-07 02:18:39.776 WARN   Wiring.write_wire_scope: net not found
2026-10-07 02:18:39.776 WARN   Wiring.write_wire_scope: net not found
2026-10-07 02:18:39.776 WARN   Wiring.write_wire_scope: net not found
2026-10-07 02:18:39.776 WARN   Wiring.write_wire_scope: net not found
2026-10-07 02:18:39.776 WARN   Wiring.write_wire_scope: net not found
2026-10-07 02:18:39.776 WARN   Wiring.write_wire_scope: net not found
2026-10-07 02:18:39.776 WARN   Wiring.write_wire_scope: net not found
2026-10-07 02:18:39.776 WARN   Wiring.write_wire_scope: net not found
2026-10-07 02:18:39.776 WARN   Wiring.write_wire_scope: net not found
2026-10-07 02:18:39.776 WARN   Wiring.write_wire_scope: net not found
2026-10-07 02:18:39.776 WARN   Wiring.write_wire_scope: net not found
2026-10-07 02:18:39.776 WARN   Wiring.write_wire_scope: net not found
2026-10-07 02:18:39.776 WARN   Wiring.write_wire_scope: net not found
2026-10-07 02:18:40.437 WARN   Wiring.write_wire_scope: net not found
2026-10-07 02:18:40.437 WARN   Wiring.write_wire_scope: net not found
2026-10-07 02:18:40.437 WARN   Wiring.write_wire_scope: net not found
2026-10-07 02:18:40.437 WARN   Wiring.write_wire_scope: net not found
2026-10-07 02:18:40.437 WARN   Wiring.write_wire_scope: net not found
2026-10-07 02:18:40.437 WARN   Wiring.write_wire_scope: net not found
2026-10-07 02:18:40.437 WARN   Wiring.write_wire_scope: net not found
2026-10-07 02:18:40.438 WARN   Wiring.write_wire_scope: net not found
2026-10-07 02:18:40.438 WARN   Wiring.write_wire_scope: net not found
2026-10-07 02:18:40.438 WARN   Wiring.write_wire_scope: net not found
2026-10-07 02:18:40.438 WARN   Wiring.write_wire_scope: net not found
2026-10-07 02:18:40.438 WARN   Wiring.write_wire_scope: net not found
2026-10-07 02:18:40.438 WARN   Wiring.write_wire_scope: net not found
2026-10-07 02:18:40.438 WARN   Wiring.write_wire_scope: net not found
2026-10-07 02:18:40.438 WARN   Wiring.write_wire_scope: net not found
2026-10-07 02:18:40.438 WARN   Wiring.write_wire_scope: net not found
2026-10-07 02:18:40.438 WARN   Wiring.write_wire_scope: net not found
2026-10-07 02:18:40.438 WARN   Wiring.write_wire_scope: net not found
2026-10-07 02:18:40.438 WARN   Wiring.write_wire_scope: net not found
2026-10-07 02:18:40.438 WARN   Wiring.write_wire_scope: net not found
2026-10-07 02:18:40.438 WARN   Wiring.write_wire_scope: net not found
2026-10-07 02:18:40.438 WARN   Wiring.write_wire_scope: net not found
2026-10-07 02:18:40.438 WARN   Wiring.write_wire_scope: net not found
2026-10-07 02:18:40.438 WARN   Wiring.write_wire_scope: net not found
2026-10-07 02:18:40.438 WARN   Wiring.write_wire_scope: net not found
2026-10-07 02:18:40.438 WARN   Wiring.write_wire_scope: net not found
2026-10-07 02:18:40.438 WARN   Wiring.write_wire_scope: net not found
2026-10-07 02:18:40.438 WARN   Wiring.write_wire_scope: net not found
2026-10-07 02:18:40.438 WARN   Wiring.write_wire_scope: net not found
2026-10-07 02:18:40.438 WARN   Wiring.write_wire_scope: net not found
2026-10-07 02:18:40.438 WARN   Wiring.write_wire_scope: net not found
2026-10-07 02:18:40.438 WARN   Wiring.write_wire_scope: net not found
2026-10-07 02:18:40.438 WARN   Wiring.write_wire_scope: net not found
2026-10-07 02:18:40.438 WARN   Wiring.write_wire_scope: net not found
2026-10-07 02:18:40.438 WARN   Wiring.write_wire_scope: net not found
2026-10-07 02:18:40.438 WARN   Wiring.write_wire_scope: net not found
2026-10-07 02:18:40.438 WARN   Wiring.write_wire_scope: net not found
2026-10-07 02:18:40.438 WARN   Wiring.write_wire_scope: net not found
2026-10-07 02:18:40.438 WARN   Wiring.write_wire_scope: net not found
2026-10-07 02:18:40.438 WARN   Wiring.write_wire_scope: net not found
2026-10-07 02:18:40.438 WARN   Wiring.write_wire_scope: net not found
2026-10-07 02:18:40.438 WARN   Wiring.write_wire_scope: net not found
2026-10-07 02:18:40.438 WARN   Wiring.write_wire_scope: net not found
2026-10-07 02:18:40.438 WARN   Wiring.write_wire_scope: net not found
2026-10-07 02:18:40.438 WARN   Wiring.write_wire_scope: net not found
2026-10-07 02:18:40.438 WARN   Wiring.write_wire_scope: net not found
2026-10-07 02:18:40.438 WARN   Wiring.write_wire_scope: net not found
2026-10-07 02:18:40.438 WARN   Wiring.write_wire_scope: net not found
2026-10-07 02:18:40.438 WARN   Wiring.write_wire_scope: net not found
2026-10-07 02:18:40.438 WARN   Wiring.write_wire_scope: net not found
2026-10-07 02:18:40.438 WARN   Wiring.write_wire_scope: net not found
2026-10-07 02:18:40.438 WARN   Wiring.write_wire_scope: net not found
2026-10-07 02:18:40.438 WARN   Wiring.write_wire_scope: net not found
2026-10-07 02:18:40.438 WARN   Wiring.write_wire_scope: net not found
2026-10-07 02:18:40.438 WARN   Wiring.write_wire_scope: net not found
2026-10-07 02:18:40.438 WARN   Wiring.write_wire_scope: net not found
2026-10-07 02:18:40.438 WARN   Wiring.write_wire_scope: net not found
2026-10-07 02:18:40.438 WARN   Wiring.write_wire_scope: net not found
2026-10-07 02:18:40.438 WARN   Wiring.write_wire_scope: net not found
2026-10-07 02:18:40.438 WARN   Wiring.write_wire_scope: net not found
2026-10-07 02:18:40.438 WARN   Wiring.write_wire_scope: net not found
2026-10-07 02:18:40.438 WARN   Wiring.write_wire_scope: net not found
2026-10-07 02:18:40.438 WARN   Wiring.write_wire_scope: net not found
2026-10-07 02:18:40.438 WARN   Wiring.write_wire_scope: net not found
2026-10-07 02:18:40.438 WARN   Wiring.write_wire_scope: net not found
2026-10-07 02:18:40.438 WARN   Wiring.write_wire_scope: net not found
2026-10-07 02:18:40.438 WARN   Wiring.write_wire_scope: net not found
2026-10-07 02:18:40.438 WARN   Wiring.write_wire_scope: net not found
2026-10-07 02:18:40.438 WARN   Wiring.write_wire_scope: net not found
2026-10-07 02:18:40.438 WARN   Wiring.write_wire_scope: net not found
2026-10-07 02:18:40.438 WARN   Wiring.write_wire_scope: net not found
2026-10-07 02:18:40.438 WARN   Wiring.write_wire_scope: net not found
2026-10-07 02:18:40.438 WARN   Wiring.write_wire_scope: net not found
2026-10-07 02:18:40.438 WARN   Wiring.write_wire_scope: net not found
2026-10-07 02:18:40.438 WARN   Wiring.write_wire_scope: net not found
2026-10-07 02:18:40.937 WARN   Wiring.write_wire_scope: net not found
2026-10-07 02:18:40.937 WARN   Wiring.write_wire_scope: net not found
2026-10-07 02:18:40.937 WARN   Wiring.write_wire_scope: net not found
2026-10-07 02:18:40.937 WARN   Wiring.write_wire_scope: net not found
2026-10-07 02:18:40.937 WARN   Wiring.write_wire_scope: net not found
2026-10-07 02:18:40.937 WARN   Wiring.write_wire_scope: net not found
2026-10-07 02:18:40.937 WARN   Wiring.write_wire_scope: net not found
2026-10-07 02:18:40.937 WARN   Wiring.write_wire_scope: net not found
2026-10-07 02:18:40.937 WARN   Wiring.write_wire_scope: net not found
2026-10-07 02:18:40.937 WARN   Wiring.write_wire_scope: net not found
2026-10-07 02:18:40.937 WARN   Wiring.write_wire_scope: net not found
2026-10-07 02:18:40.937 WARN   Wiring.write_wire_scope: net not found
2026-10-07 02:18:40.937 WARN   Wiring.write_wire_scope: net not found
2026-10-07 02:18:40.937 WARN   Wiring.write_wire_scope: net not found
2026-10-07 02:18:40.937 WARN   Wiring.write_wire_scope: net not found
2026-10-07 02:18:40.937 WARN   Wiring.write_wire_scope: net not found
2026-10-07 02:18:40.937 WARN   Wiring.write_wire_scope: net not found
2026-10-07 02:18:40.937 WARN   Wiring.write_wire_scope: net not found
2026-10-07 02:18:40.937 WARN   Wiring.write_wire_scope: net not found
2026-10-07 02:18:40.937 WARN   Wiring.write_wire_scope: net not found
2026-10-07 02:18:40.937 WARN   Wiring.write_wire_scope: net not found
2026-10-07 02:18:40.937 WARN   Wiring.write_wire_scope: net not found
2026-10-07 02:18:40.937 WARN   Wiring.write_wire_scope: net not found
2026-10-07 02:18:40.937 WARN   Wiring.write_wire_scope: net not found
2026-10-07 02:18:40.937 WARN   Wiring.write_wire_scope: net not found
2026-10-07 02:18:40.937 WARN   Wiring.write_wire_scope: net not found
2026-10-07 02:18:40.937 WARN   Wiring.write_wire_scope: net not found
2026-10-07 02:18:40.937 WARN   Wiring.write_wire_scope: net not found
2026-10-07 02:18:40.937 WARN   Wiring.write_wire_scope: net not found
2026-10-07 02:18:40.937 WARN   Wiring.write_wire_scope: net not found
2026-10-07 02:18:40.937 WARN   Wiring.write_wire_scope: net not found
2026-10-07 02:18:40.937 WARN   Wiring.write_wire_scope: net not found
2026-10-07 02:18:40.937 WARN   Wiring.write_wire_scope: net not found
2026-10-07 02:18:40.937 WARN   Wiring.write_wire_scope: net not found
2026-10-07 02:18:40.937 WARN   Wiring.write_wire_scope: net not found
2026-10-07 02:18:40.937 WARN   Wiring.write_wire_scope: net not found
2026-10-07 02:18:40.937 WARN   Wiring.write_wire_scope: net not found
2026-10-07 02:18:40.937 WARN   Wiring.write_wire_scope: net not found
2026-10-07 02:18:40.937 WARN   Wiring.write_wire_scope: net not found
2026-10-07 02:18:40.937 WARN   Wiring.write_wire_scope: net not found
2026-10-07 02:18:40.937 WARN   Wiring.write_wire_scope: net not found
2026-10-07 02:18:40.937 WARN   Wiring.write_wire_scope: net not found
2026-10-07 02:18:40.937 WARN   Wiring.write_wire_scope: net not found
2026-10-07 02:18:40.937 WARN   Wiring.write_wire_scope: net not found
2026-10-07 02:18:40.937 WARN   Wiring.write_wire_scope: net not found
2026-10-07 02:18:40.937 WARN   Wiring.write_wire_scope: net not found
2026-10-07 02:18:40.937 WARN   Wiring.write_wire_scope: net not found
2026-10-07 02:18:40.937 WARN   Wiring.write_wire_scope: net not found
2026-10-07 02:18:40.937 WARN   Wiring.write_wire_scope: net not found
2026-10-07 02:18:40.937 WARN   Wiring.write_wire_scope: net not found
2026-10-07 02:18:40.937 WARN   Wiring.write_wire_scope: net not found
2026-10-07 02:18:40.937 WARN   Wiring.write_wire_scope: net not found
2026-10-07 02:18:40.937 WARN   Wiring.write_wire_scope: net not found
2026-10-07 02:18:40.937 WARN   Wiring.write_wire_scope: net not found
2026-10-07 02:18:40.937 WARN   Wiring.write_wire_scope: net not found
2026-10-07 02:18:40.937 WARN   Wiring.write_wire_scope: net not found
2026-10-07 02:18:40.937 WARN   Wiring.write_wire_scope: net not found
2026-10-07 02:18:40.937 WARN   Wiring.write_wire_scope: net not found
2026-10-07 02:18:40.937 WARN   Wiring.write_wire_scope: net not found
2026-10-07 02:18:40.937 WARN   Wiring.write_wire_scope: net not found
2026-10-07 02:18:40.937 WARN   Wiring.write_wire_scope: net not found
2026-10-07 02:18:40.937 WARN   Wiring.write_wire_scope: net not found
2026-10-07 02:18:40.937 WARN   Wiring.write_wire_scope: net not found
2026-10-07 02:18:40.937 WARN   Wiring.write_wire_scope: net not found
2026-10-07 02:18:40.937 WARN   Wiring.write_wire_scope: net not found
2026-10-07 02:18:40.937 WARN   Wiring.write_wire_scope: net not found
2026-10-07 02:18:40.937 WARN   Wiring.write_wire_scope: net not found
2026-10-07 02:18:40.937 WARN   Wiring.write_wire_scope: net not found
2026-10-07 02:18:40.937 WARN   Wiring.write_wire_scope: net not found
2026-10-07 02:18:40.937 WARN   Wiring.write_wire_scope: net not found
2026-10-07 02:18:40.937 WARN   Wiring.write_wire_scope: net not found
2026-10-07 02:18:40.937 WARN   Wiring.write_wire_scope: net not found
2026-10-07 02:18:40.937 WARN   Wiring.write_wire_scope: net not found
2026-10-07 02:18:40.937 WARN   Wiring.write_wire_scope: net not found
2026-10-07 02:18:40.937 WARN   Wiring.write_wire_scope: net not found
2026-10-07 02:18:41.603 WARN   Wiring.write_wire_scope: net not found
2026-10-07 02:18:41.603 WARN   Wiring.write_wire_scope: net not found
2026-10-07 02:18:41.603 WARN   Wiring.write_wire_scope: net not found
2026-10-07 02:18:41.603 WARN   Wiring.write_wire_scope: net not found
2026-10-07 02:18:41.603 WARN   Wiring.write_wire_scope: net not found
2026-10-07 02:18:41.603 WARN   Wiring.write_wire_scope: net not found
2026-10-07 02:18:41.603 WARN   Wiring.write_wire_scope: net not found
2026-10-07 02:18:41.603 WARN   Wiring.write_wire_scope: net not found
2026-10-07 02:18:41.603 WARN   Wiring.write_wire_scope: net not found
2026-10-07 02:18:41.603 WARN   Wiring.write_wire_scope: net not found
2026-10-07 02:18:41.603 WARN   Wiring.write_wire_scope: net not found
2026-10-07 02:18:41.603 WARN   Wiring.write_wire_scope: net not found
2026-10-07 02:18:41.603 WARN   Wiring.write_wire_scope: net not found
2026-10-07 02:18:41.603 WARN   Wiring.write_wire_scope: net not found
2026-10-07 02:18:41.603 WARN   Wiring.write_wire_scope: net not found
2026-10-07 02:18:41.604 WARN   Wiring.write_wire_scope: net not found
2026-10-07 02:18:41.604 WARN   Wiring.write_wire_scope: net not found
2026-10-07 02:18:41.604 WARN   Wiring.write_wire_scope: net not found
2026-10-07 02:18:41.604 WARN   Wiring.write_wire_scope: net not found
2026-10-07 02:18:41.604 WARN   Wiring.write_wire_scope: net not found
2026-10-07 02:18:41.604 WARN   Wiring.write_wire_scope: net not found
2026-10-07 02:18:41.604 WARN   Wiring.write_wire_scope: net not found
2026-10-07 02:18:41.604 WARN   Wiring.write_wire_scope: net not found
2026-10-07 02:18:41.604 WARN   Wiring.write_wire_scope: net not found
2026-10-07 02:18:41.604 WARN   Wiring.write_wire_scope: net not found
2026-10-07 02:18:41.604 WARN   Wiring.write_wire_scope: net not found
2026-10-07 02:18:41.604 WARN   Wiring.write_wire_scope: net not found
2026-10-07 02:18:41.604 WARN   Wiring.write_wire_scope: net not found
2026-10-07 02:18:41.604 WARN   Wiring.write_wire_scope: net not found
2026-10-07 02:18:41.604 WARN   Wiring.write_wire_scope: net not found
2026-10-07 02:18:41.604 WARN   Wiring.write_wire_scope: net not found
2026-10-07 02:18:41.604 WARN   Wiring.write_wire_scope: net not found
2026-10-07 02:18:41.604 WARN   Wiring.write_wire_scope: net not found
2026-10-07 02:18:41.604 WARN   Wiring.write_wire_scope: net not found
2026-10-07 02:18:41.604 WARN   Wiring.write_wire_scope: net not found
2026-10-07 02:18:41.604 WARN   Wiring.write_wire_scope: net not found
2026-10-07 02:18:41.604 WARN   Wiring.write_wire_scope: net not found
2026-10-07 02:18:41.604 WARN   Wiring.write_wire_scope: net not found
2026-10-07 02:18:41.604 WARN   Wiring.write_wire_scope: net not found
2026-10-07 02:18:41.604 WARN   Wiring.write_wire_scope: net not found
2026-10-07 02:18:41.604 WARN   Wiring.write_wire_scope: net not found
2026-10-07 02:18:41.604 WARN   Wiring.write_wire_scope: net not found
2026-10-07 02:18:41.604 WARN   Wiring.write_wire_scope: net not found
2026-10-07 02:18:41.604 WARN   Wiring.write_wire_scope: net not found
2026-10-07 02:18:41.604 WARN   Wiring.write_wire_scope: net not found
2026-10-07 02:18:41.604 WARN   Wiring.write_wire_scope: net not found
2026-10-07 02:18:41.604 WARN   Wiring.write_wire_scope: net not found
2026-10-07 02:18:41.604 WARN   Wiring.write_wire_scope: net not found
2026-10-07 02:18:41.604 WARN   Wiring.write_wire_scope: net not found
2026-10-07 02:18:41.604 WARN   Wiring.write_wire_scope: net not found
2026-10-07 02:18:41.604 WARN   Wiring.write_wire_scope: net not found
2026-10-07 02:18:41.604 WARN   Wiring.write_wire_scope: net not found
2026-10-07 02:18:41.604 WARN   Wiring.write_wire_scope: net not found
2026-10-07 02:18:41.604 WARN   Wiring.write_wire_scope: net not found
2026-10-07 02:18:41.604 WARN   Wiring.write_wire_scope: net not found
2026-10-07 02:18:41.604 WARN   Wiring.write_wire_scope: net not found
2026-10-07 02:18:41.604 WARN   Wiring.write_wire_scope: net not found
2026-10-07 02:18:41.604 WARN   Wiring.write_wire_scope: net not found
2026-10-07 02:18:41.604 WARN   Wiring.write_wire_scope: net not found
2026-10-07 02:18:41.604 WARN   Wiring.write_wire_scope: net not found
2026-10-07 02:18:41.604 WARN   Wiring.write_wire_scope: net not found
2026-10-07 02:18:41.604 WARN   Wiring.write_wire_scope: net not found
2026-10-07 02:18:41.604 WARN   Wiring.write_wire_scope: net not found
2026-10-07 02:18:41.604 WARN   Wiring.write_wire_scope: net not found
2026-10-07 02:18:41.604 WARN   Wiring.write_wire_scope: net not found
2026-10-07 02:18:41.604 WARN   Wiring.write_wire_scope: net not found
2026-10-07 02:18:41.604 WARN   Wiring.write_wire_scope: net not found
2026-10-07 02:18:41.604 WARN   Wiring.write_wire_scope: net not found
2026-10-07 02:18:41.604 WARN   Wiring.write_wire_scope: net not found
2026-10-07 02:18:41.604 WARN   Wiring.write_wire_scope: net not found
2026-10-07 02:18:41.604 WARN   Wiring.write_wire_scope: net not found
2026-10-07 02:18:41.604 WARN   Wiring.write_wire_scope: net not found
2026-10-07 02:18:41.604 WARN   Wiring.write_wire_scope: net not found
2026-10-07 02:18:41.604 WARN   Wiring.write_wire_scope: net not found
2026-10-07 02:18:41.604 WARN   Wiring.write_wire_scope: net not found
2026-10-07 02:18:42.336 WARN   Wiring.write_wire_scope: net not found
2026-10-07 02:18:42.337 WARN   Wiring.write_wire_scope: net not found
2026-10-07 02:18:42.337 WARN   Wiring.write_wire_scope: net not found
2026-10-07 02:18:42.337 WARN   Wiring.write_wire_scope: net not found
2026-10-07 02:18:42.337 WARN   Wiring.write_wire_scope: net not found
2026-10-07 02:18:42.337 WARN   Wiring.write_wire_scope: net not found
2026-10-07 02:18:42.337 WARN   Wiring.write_wire_scope: net not found
2026-10-07 02:18:42.337 WARN   Wiring.write_wire_scope: net not found
2026-10-07 02:18:42.337 WARN   Wiring.write_wire_scope: net not found
2026-10-07 02:18:42.337 WARN   Wiring.write_wire_scope: net not found
2026-10-07 02:18:42.337 WARN   Wiring.write_wire_scope: net not found
2026-10-07 02:18:42.337 WARN   Wiring.write_wire_scope: net not found
2026-10-07 02:18:42.337 WARN   Wiring.write_wire_scope: net not found
2026-10-07 02:18:42.337 WARN   Wiring.write_wire_scope: net not found
2026-10-07 02:18:42.337 WARN   Wiring.write_wire_scope: net not found
2026-10-07 02:18:42.337 WARN   Wiring.write_wire_scope: net not found
2026-10-07 02:18:42.337 WARN   Wiring.write_wire_scope: net not found
2026-10-07 02:18:42.337 WARN   Wiring.write_wire_scope: net not found
2026-10-07 02:18:42.337 WARN   Wiring.write_wire_scope: net not found
2026-10-07 02:18:42.337 WARN   Wiring.write_wire_scope: net not found
2026-10-07 02:18:42.337 WARN   Wiring.write_wire_scope: net not found
2026-10-07 02:18:42.337 WARN   Wiring.write_wire_scope: net not found
2026-10-07 02:18:42.337 WARN   Wiring.write_wire_scope: net not found
2026-10-07 02:18:42.337 WARN   Wiring.write_wire_scope: net not found
2026-10-07 02:18:42.337 WARN   Wiring.write_wire_scope: net not found
2026-10-07 02:18:42.337 WARN   Wiring.write_wire_scope: net not found
2026-10-07 02:18:42.337 WARN   Wiring.write_wire_scope: net not found
2026-10-07 02:18:42.337 WARN   Wiring.write_wire_scope: net not found
2026-10-07 02:18:42.337 WARN   Wiring.write_wire_scope: net not found
2026-10-07 02:18:42.337 WARN   Wiring.write_wire_scope: net not found
2026-10-07 02:18:42.337 WARN   Wiring.write_wire_scope: net not found
2026-10-07 02:18:42.337 WARN   Wiring.write_wire_scope: net not found
2026-10-07 02:18:42.337 WARN   Wiring.write_wire_scope: net not found
2026-10-07 02:18:42.337 WARN   Wiring.write_wire_scope: net not found
2026-10-07 02:18:42.337 WARN   Wiring.write_wire_scope: net not found
2026-10-07 02:18:42.337 WARN   Wiring.write_wire_scope: net not found
2026-10-07 02:18:42.337 WARN   Wiring.write_wire_scope: net not found
2026-10-07 02:18:42.337 WARN   Wiring.write_wire_scope: net not found
2026-10-07 02:18:42.337 WARN   Wiring.write_wire_scope: net not found
2026-10-07 02:18:42.337 WARN   Wiring.write_wire_scope: net not found
2026-10-07 02:18:42.337 WARN   Wiring.write_wire_scope: net not found
2026-10-07 02:18:42.337 WARN   Wiring.write_wire_scope: net not found
2026-10-07 02:18:42.337 WARN   Wiring.write_wire_scope: net not found
2026-10-07 02:18:42.337 WARN   Wiring.write_wire_scope: net not found
2026-10-07 02:18:42.337 WARN   Wiring.write_wire_scope: net not found
2026-10-07 02:18:42.337 WARN   Wiring.write_wire_scope: net not found
2026-10-07 02:18:42.337 WARN   Wiring.write_wire_scope: net not found
2026-10-07 02:18:42.337 WARN   Wiring.write_wire_scope: net not found
2026-10-07 02:18:42.337 WARN   Wiring.write_wire_scope: net not found
2026-10-07 02:18:42.337 WARN   Wiring.write_wire_scope: net not found
2026-10-07 02:18:42.337 WARN   Wiring.write_wire_scope: net not found
2026-10-07 02:18:42.337 WARN   Wiring.write_wire_scope: net not found
2026-10-07 02:18:42.337 WARN   Wiring.write_wire_scope: net not found
2026-10-07 02:18:42.337 WARN   Wiring.write_wire_scope: net not found
2026-10-07 02:18:42.337 WARN   Wiring.write_wire_scope: net not found
2026-10-07 02:18:42.337 WARN   Wiring.write_wire_scope: net not found
2026-10-07 02:18:42.337 WARN   Wiring.write_wire_scope: net not found
2026-10-07 02:18:42.337 WARN   Wiring.write_wire_scope: net not found
2026-10-07 02:18:42.337 WARN   Wiring.write_wire_scope: net not found
2026-10-07 02:18:42.337 WARN   Wiring.write_wire_scope: net not found
2026-10-07 02:18:42.337 WARN   Wiring.write_wire_scope: net not found
2026-10-07 02:18:42.337 WARN   Wiring.write_wire_scope: net not found
2026-10-07 02:18:42.337 WARN   Wiring.write_wire_scope: net not found
2026-10-07 02:18:42.337 WARN   Wiring.write_wire_scope: net not found
2026-10-07 02:18:42.337 WARN   Wiring.write_wire_scope: net not found
2026-10-07 02:18:42.337 WARN   Wiring.write_wire_scope: net not found
2026-10-07 02:18:42.337 WARN   Wiring.write_wire_scope: net not found
2026-10-07 02:18:42.337 WARN   Wiring.write_wire_scope: net not found
2026-10-07 02:18:42.337 WARN   Wiring.write_wire_scope: net not found
2026-10-07 02:18:42.337 WARN   Wiring.write_wire_scope: net not found
2026-10-07 02:18:42.337 WARN   Wiring.write_wire_scope: net not found
2026-10-07 02:18:42.337 WARN   Wiring.write_wire_scope: net not found
2026-10-07 02:18:42.337 WARN   Wiring.write_wire_scope: net not found
2026-10-07 02:18:42.337 WARN   Wiring.write_wire_scope: net not found
2026-10-07 02:18:42.337 WARN   Wiring.write_wire_scope: net not found
2026-10-07 02:18:42.788 WARN   Wiring.write_wire_scope: net not found
2026-10-07 02:18:42.789 WARN   Wiring.write_wire_scope: net not found
2026-10-07 02:18:42.789 WARN   Wiring.write_wire_scope: net not found
2026-10-07 02:18:42.789 WARN   Wiring.write_wire_scope: net not found
2026-10-07 02:18:42.789 WARN   Wiring.write_wire_scope: net not found
2026-10-07 02:18:42.789 WARN   Wiring.write_wire_scope: net not found
2026-10-07 02:18:42.789 WARN   Wiring.write_wire_scope: net not found
2026-10-07 02:18:42.789 WARN   Wiring.write_wire_scope: net not found
2026-10-07 02:18:42.789 WARN   Wiring.write_wire_scope: net not found
2026-10-07 02:18:42.789 WARN   Wiring.write_wire_scope: net not found
2026-10-07 02:18:42.789 WARN   Wiring.write_wire_scope: net not found
2026-10-07 02:18:42.789 WARN   Wiring.write_wire_scope: net not found
2026-10-07 02:18:42.789 WARN   Wiring.write_wire_scope: net not found
2026-10-07 02:18:42.789 WARN   Wiring.write_wire_scope: net not found
2026-10-07 02:18:42.789 WARN   Wiring.write_wire_scope: net not found
2026-10-07 02:18:42.789 WARN   Wiring.write_wire_scope: net not found
2026-10-07 02:18:42.789 WARN   Wiring.write_wire_scope: net not found
2026-10-07 02:18:42.789 WARN   Wiring.write_wire_scope: net not found
2026-10-07 02:18:42.789 WARN   Wiring.write_wire_scope: net not found
2026-10-07 02:18:42.789 WARN   Wiring.write_wire_scope: net not found
2026-10-07 02:18:42.789 WARN   Wiring.write_wire_scope: net not found
2026-10-07 02:18:42.789 WARN   Wiring.write_wire_scope: net not found
2026-10-07 02:18:42.789 WARN   Wiring.write_wire_scope: net not found
2026-10-07 02:18:42.789 WARN   Wiring.write_wire_scope: net not found
2026-10-07 02:18:42.789 WARN   Wiring.write_wire_scope: net not found
2026-10-07 02:18:42.789 WARN   Wiring.write_wire_scope: net not found
2026-10-07 02:18:42.789 WARN   Wiring.write_wire_scope: net not found
2026-10-07 02:18:42.789 WARN   Wiring.write_wire_scope: net not found
2026-10-07 02:18:42.789 WARN   Wiring.write_wire_scope: net not found
2026-10-07 02:18:42.789 WARN   Wiring.write_wire_scope: net not found
2026-10-07 02:18:42.789 WARN   Wiring.write_wire_scope: net not found
2026-10-07 02:18:42.789 WARN   Wiring.write_wire_scope: net not found
2026-10-07 02:18:42.789 WARN   Wiring.write_wire_scope: net not found
2026-10-07 02:18:42.789 WARN   Wiring.write_wire_scope: net not found
2026-10-07 02:18:42.789 WARN   Wiring.write_wire_scope: net not found
2026-10-07 02:18:42.789 WARN   Wiring.write_wire_scope: net not found
2026-10-07 02:18:42.789 WARN   Wiring.write_wire_scope: net not found
2026-10-07 02:18:42.789 WARN   Wiring.write_wire_scope: net not found
2026-10-07 02:18:42.789 WARN   Wiring.write_wire_scope: net not found
2026-10-07 02:18:42.789 WARN   Wiring.write_wire_scope: net not found
2026-10-07 02:18:42.789 WARN   Wiring.write_wire_scope: net not found
2026-10-07 02:18:42.789 WARN   Wiring.write_wire_scope: net not found
2026-10-07 02:18:42.789 WARN   Wiring.write_wire_scope: net not found
2026-10-07 02:18:42.789 WARN   Wiring.write_wire_scope: net not found
2026-10-07 02:18:42.789 WARN   Wiring.write_wire_scope: net not found
2026-10-07 02:18:42.789 WARN   Wiring.write_wire_scope: net not found
2026-10-07 02:18:42.789 WARN   Wiring.write_wire_scope: net not found
2026-10-07 02:18:42.789 WARN   Wiring.write_wire_scope: net not found
2026-10-07 02:18:42.789 WARN   Wiring.write_wire_scope: net not found
2026-10-07 02:18:42.789 WARN   Wiring.write_wire_scope: net not found
2026-10-07 02:18:42.789 WARN   Wiring.write_wire_scope: net not found
2026-10-07 02:18:42.789 WARN   Wiring.write_wire_scope: net not found
2026-10-07 02:18:42.789 WARN   Wiring.write_wire_scope: net not found
2026-10-07 02:18:42.789 WARN   Wiring.write_wire_scope: net not found
2026-10-07 02:18:42.789 WARN   Wiring.write_wire_scope: net not found
2026-10-07 02:18:42.789 WARN   Wiring.write_wire_scope: net not found
2026-10-07 02:18:42.789 WARN   Wiring.write_wire_scope: net not found
2026-10-07 02:18:42.789 WARN   Wiring.write_wire_scope: net not found
2026-10-07 02:18:42.789 WARN   Wiring.write_wire_scope: net not found
2026-10-07 02:18:42.789 WARN   Wiring.write_wire_scope: net not found
2026-10-07 02:18:42.789 WARN   Wiring.write_wire_scope: net not found
2026-10-07 02:18:42.789 WARN   Wiring.write_wire_scope: net not found
2026-10-07 02:18:42.789 WARN   Wiring.write_wire_scope: net not found
2026-10-07 02:18:42.789 WARN   Wiring.write_wire_scope: net not found
2026-10-07 02:18:42.789 WARN   Wiring.write_wire_scope: net not found
2026-10-07 02:18:42.789 WARN   Wiring.write_wire_scope: net not found
2026-10-07 02:18:42.789 WARN   Wiring.write_wire_scope: net not found
2026-10-07 02:18:42.789 WARN   Wiring.write_wire_scope: net not found
2026-10-07 02:18:42.789 WARN   Wiring.write_wire_scope: net not found
2026-10-07 02:18:42.789 WARN   Wiring.write_wire_scope: net not found
2026-10-07 02:18:42.789 WARN   Wiring.write_wire_scope: net not found
2026-10-07 02:18:42.789 WARN   Wiring.write_wire_scope: net not found
2026-10-07 02:18:42.789 WARN   Wiring.write_wire_scope: net not found
2026-10-07 02:18:42.789 WARN   Wiring.write_wire_scope: net not found
2026-10-07 02:18:42.789 WARN   Wiring.write_wire_scope: net not found
2026-10-07 02:18:43.042 WARN   Wiring.write_wire_scope: net not found
2026-10-07 02:18:43.043 WARN   Wiring.write_wire_scope: net not found
2026-10-07 02:18:43.043 WARN   Wiring.write_wire_scope: net not found
2026-10-07 02:18:43.043 WARN   Wiring.write_wire_scope: net not found
2026-10-07 02:18:43.043 WARN   Wiring.write_wire_scope: net not found
2026-10-07 02:18:43.043 WARN   Wiring.write_wire_scope: net not found
2026-10-07 02:18:43.043 WARN   Wiring.write_wire_scope: net not found
2026-10-07 02:18:43.043 WARN   Wiring.write_wire_scope: net not found
2026-10-07 02:18:43.043 WARN   Wiring.write_wire_scope: net not found
2026-10-07 02:18:43.043 WARN   Wiring.write_wire_scope: net not found
2026-10-07 02:18:43.043 WARN   Wiring.write_wire_scope: net not found
2026-10-07 02:18:43.043 WARN   Wiring.write_wire_scope: net not found
2026-10-07 02:18:43.043 WARN   Wiring.write_wire_scope: net not found
2026-10-07 02:18:43.043 WARN   Wiring.write_wire_scope: net not found
2026-10-07 02:18:43.043 WARN   Wiring.write_wire_scope: net not found
2026-10-07 02:18:43.043 WARN   Wiring.write_wire_scope: net not found
2026-10-07 02:18:43.043 WARN   Wiring.write_wire_scope: net not found
2026-10-07 02:18:43.043 WARN   Wiring.write_wire_scope: net not found
2026-10-07 02:18:43.043 WARN   Wiring.write_wire_scope: net not found
2026-10-07 02:18:43.043 WARN   Wiring.write_wire_scope: net not found
2026-10-07 02:18:43.043 WARN   Wiring.write_wire_scope: net not found
2026-10-07 02:18:43.043 WARN   Wiring.write_wire_scope: net not found
2026-10-07 02:18:43.043 WARN   Wiring.write_wire_scope: net not found
2026-10-07 02:18:43.043 WARN   Wiring.write_wire_scope: net not found
2026-10-07 02:18:43.043 WARN   Wiring.write_wire_scope: net not found
2026-10-07 02:18:43.043 WARN   Wiring.write_wire_scope: net not found
2026-10-07 02:18:43.043 WARN   Wiring.write_wire_scope: net not found
2026-10-07 02:18:43.043 WARN   Wiring.write_wire_scope: net not found
2026-10-07 02:18:43.043 WARN   Wiring.write_wire_scope: net not found
2026-10-07 02:18:43.043 WARN   Wiring.write_wire_scope: net not found
2026-10-07 02:18:43.043 WARN   Wiring.write_wire_scope: net not found
2026-10-07 02:18:43.043 WARN   Wiring.write_wire_scope: net not found
2026-10-07 02:18:43.043 WARN   Wiring.write_wire_scope: net not found
2026-10-07 02:18:43.043 WARN   Wiring.write_wire_scope: net not found
2026-10-07 02:18:43.043 WARN   Wiring.write_wire_scope: net not found
2026-10-07 02:18:43.043 WARN   Wiring.write_wire_scope: net not found
2026-10-07 02:18:43.043 WARN   Wiring.write_wire_scope: net not found
2026-10-07 02:18:43.043 WARN   Wiring.write_wire_scope: net not found
2026-10-07 02:18:43.043 WARN   Wiring.write_wire_scope: net not found
2026-10-07 02:18:43.043 WARN   Wiring.write_wire_scope: net not found
2026-10-07 02:18:43.043 WARN   Wiring.write_wire_scope: net not found
2026-10-07 02:18:43.043 WARN   Wiring.write_wire_scope: net not found
2026-10-07 02:18:43.043 WARN   Wiring.write_wire_scope: net not found
2026-10-07 02:18:43.043 WARN   Wiring.write_wire_scope: net not found
2026-10-07 02:18:43.043 WARN   Wiring.write_wire_scope: net not found
2026-10-07 02:18:43.043 WARN   Wiring.write_wire_scope: net not found
2026-10-07 02:18:43.043 WARN   Wiring.write_wire_scope: net not found
2026-10-07 02:18:43.043 WARN   Wiring.write_wire_scope: net not found
2026-10-07 02:18:43.043 WARN   Wiring.write_wire_scope: net not found
2026-10-07 02:18:43.043 WARN   Wiring.write_wire_scope: net not found
2026-10-07 02:18:43.043 WARN   Wiring.write_wire_scope: net not found
2026-10-07 02:18:43.043 WARN   Wiring.write_wire_scope: net not found
2026-10-07 02:18:43.043 WARN   Wiring.write_wire_scope: net not found
2026-10-07 02:18:43.043 WARN   Wiring.write_wire_scope: net not found
2026-10-07 02:18:43.043 WARN   Wiring.write_wire_scope: net not found
2026-10-07 02:18:43.043 WARN   Wiring.write_wire_scope: net not found
2026-10-07 02:18:43.043 WARN   Wiring.write_wire_scope: net not found
2026-10-07 02:18:43.043 WARN   Wiring.write_wire_scope: net not found
2026-10-07 02:18:43.043 WARN   Wiring.write_wire_scope: net not found
2026-10-07 02:18:43.043 WARN   Wiring.write_wire_scope: net not found
2026-10-07 02:18:43.043 WARN   Wiring.write_wire_scope: net not found
2026-10-07 02:18:43.043 WARN   Wiring.write_wire_scope: net not found
2026-10-07 02:18:43.043 WARN   Wiring.write_wire_scope: net not found
2026-10-07 02:18:43.043 WARN   Wiring.write_wire_scope: net not found
2026-10-07 02:18:43.043 WARN   Wiring.write_wire_scope: net not found
2026-10-07 02:18:43.043 WARN   Wiring.write_wire_scope: net not found
2026-10-07 02:18:43.043 WARN   Wiring.write_wire_scope: net not found
2026-10-07 02:18:43.043 WARN   Wiring.write_wire_scope: net not found
2026-10-07 02:18:43.043 WARN   Wiring.write_wire_scope: net not found
2026-10-07 02:18:43.043 WARN   Wiring.write_wire_scope: net not found
2026-10-07 02:18:43.043 WARN   Wiring.write_wire_scope: net not found
2026-10-07 02:18:43.043 WARN   Wiring.write_wire_scope: net not found
2026-10-07 02:18:43.043 WARN   Wiring.write_wire_scope: net not found
2026-10-07 02:18:43.043 WARN   Wiring.write_wire_scope: net not found
2026-10-07 02:18:43.043 WARN   Wiring.write_wire_scope: net not found
2026-10-07 02:18:45.461 WARN   Wiring.write_wire_scope: net not found
2026-10-07 02:18:45.461 WARN   Wiring.write_wire_scope: net not found
2026-10-07 02:18:45.461 WARN   Wiring.write_wire_scope: net not found
2026-10-07 02:18:45.461 WARN   Wiring.write_wire_scope: net not found
2026-10-07 02:18:45.461 WARN   Wiring.write_wire_scope: net not found
2026-10-07 02:18:45.461 WARN   Wiring.write_wire_scope: net not found
2026-10-07 02:18:45.461 WARN   Wiring.write_wire_scope: net not found
2026-10-07 02:18:45.461 WARN   Wiring.write_wire_scope: net not found
2026-10-07 02:18:45.461 WARN   Wiring.write_wire_scope: net not found
2026-10-07 02:18:45.461 WARN   Wiring.write_wire_scope: net not found
2026-10-07 02:18:45.461 WARN   Wiring.write_wire_scope: net not found
2026-10-07 02:18:45.461 WARN   Wiring.write_wire_scope: net not found
2026-10-07 02:18:45.461 WARN   Wiring.write_wire_scope: net not found
2026-10-07 02:18:45.461 WARN   Wiring.write_wire_scope: net not found
2026-10-07 02:18:45.461 WARN   Wiring.write_wire_scope: net not found
2026-10-07 02:18:45.461 WARN   Wiring.write_wire_scope: net not found
2026-10-07 02:18:45.461 WARN   Wiring.write_wire_scope: net not found
2026-10-07 02:18:45.461 WARN   Wiring.write_wire_scope: net not found
2026-10-07 02:18:45.461 WARN   Wiring.write_wire_scope: net not found
2026-10-07 02:18:45.461 WARN   Wiring.write_wire_scope: net not found
2026-10-07 02:18:45.461 WARN   Wiring.write_wire_scope: net not found
2026-10-07 02:18:45.462 WARN   Wiring.write_wire_scope: net not found
2026-10-07 02:18:45.462 WARN   Wiring.write_wire_scope: net not found
2026-10-07 02:18:45.462 WARN   Wiring.write_wire_scope: net not found
2026-10-07 02:18:45.462 WARN   Wiring.write_wire_scope: net not found
2026-10-07 02:18:45.462 WARN   Wiring.write_wire_scope: net not found
2026-10-07 02:18:45.462 WARN   Wiring.write_wire_scope: net not found
2026-10-07 02:18:45.462 WARN   Wiring.write_wire_scope: net not found
2026-10-07 02:18:45.462 WARN   Wiring.write_wire_scope: net not found
2026-10-07 02:18:45.462 WARN   Wiring.write_wire_scope: net not found
2026-10-07 02:18:45.462 WARN   Wiring.write_wire_scope: net not found
2026-10-07 02:18:45.462 WARN   Wiring.write_wire_scope: net not found
2026-10-07 02:18:45.462 WARN   Wiring.write_wire_scope: net not found
2026-10-07 02:18:45.462 WARN   Wiring.write_wire_scope: net not found
2026-10-07 02:18:45.462 WARN   Wiring.write_wire_scope: net not found
2026-10-07 02:18:45.462 WARN   Wiring.write_wire_scope: net not found
2026-10-07 02:18:45.462 WARN   Wiring.write_wire_scope: net not found
2026-10-07 02:18:45.462 WARN   Wiring.write_wire_scope: net not found
2026-10-07 02:18:45.462 WARN   Wiring.write_wire_scope: net not found
2026-10-07 02:18:45.462 WARN   Wiring.write_wire_scope: net not found
2026-10-07 02:18:45.462 WARN   Wiring.write_wire_scope: net not found
2026-10-07 02:18:45.462 WARN   Wiring.write_wire_scope: net not found
2026-10-07 02:18:45.462 WARN   Wiring.write_wire_scope: net not found
2026-10-07 02:18:45.462 WARN   Wiring.write_wire_scope: net not found
2026-10-07 02:18:45.462 WARN   Wiring.write_wire_scope: net not found
2026-10-07 02:18:45.462 WARN   Wiring.write_wire_scope: net not found
2026-10-07 02:18:45.462 WARN   Wiring.write_wire_scope: net not found
2026-10-07 02:18:45.462 WARN   Wiring.write_wire_scope: net not found
2026-10-07 02:18:45.462 WARN   Wiring.write_wire_scope: net not found
2026-10-07 02:18:45.462 WARN   Wiring.write_wire_scope: net not found
2026-10-07 02:18:45.462 WARN   Wiring.write_wire_scope: net not found
2026-10-07 02:18:45.462 WARN   Wiring.write_wire_scope: net not found
2026-10-07 02:18:45.462 WARN   Wiring.write_wire_scope: net not found
2026-10-07 02:18:45.462 WARN   Wiring.write_wire_scope: net not found
2026-10-07 02:18:45.462 WARN   Wiring.write_wire_scope: net not found
2026-10-07 02:18:45.462 WARN   Wiring.write_wire_scope: net not found
2026-10-07 02:18:45.462 WARN   Wiring.write_wire_scope: net not found
2026-10-07 02:18:45.462 WARN   Wiring.write_wire_scope: net not found
2026-10-07 02:18:45.462 WARN   Wiring.write_wire_scope: net not found
2026-10-07 02:18:45.462 WARN   Wiring.write_wire_scope: net not found
2026-10-07 02:18:45.462 WARN   Wiring.write_wire_scope: net not found
2026-10-07 02:18:45.462 WARN   Wiring.write_wire_scope: net not found
2026-10-07 02:18:45.462 WARN   Wiring.write_wire_scope: net not found
2026-10-07 02:18:45.462 WARN   Wiring.write_wire_scope: net not found
2026-10-07 02:18:45.462 WARN   Wiring.write_wire_scope: net not found
2026-10-07 02:18:45.462 WARN   Wiring.write_wire_scope: net not found
2026-10-07 02:18:45.462 WARN   Wiring.write_wire_scope: net not found
2026-10-07 02:18:45.462 WARN   Wiring.write_wire_scope: net not found
2026-10-07 02:18:45.462 WARN   Wiring.write_wire_scope: net not found
2026-10-07 02:18:45.462 WARN   Wiring.write_wire_scope: net not found
2026-10-07 02:18:45.462 WARN   Wiring.write_wire_scope: net not found
2026-10-07 02:18:45.462 WARN   Wiring.write_wire_scope: net not found
2026-10-07 02:18:45.462 WARN   Wiring.write_wire_scope: net not found
2026-10-07 02:18:45.462 WARN   Wiring.write_wire_scope: net not found
2026-10-07 02:18:45.462 WARN   Wiring.write_wire_scope: net not found
2026-10-07 02:18:45.940 WARN   Wiring.write_wire_scope: net not found
2026-10-07 02:18:45.940 WARN   Wiring.write_wire_scope: net not found
2026-10-07 02:18:45.940 WARN   Wiring.write_wire_scope: net not found
2026-10-07 02:18:45.940 WARN   Wiring.write_wire_scope: net not found
2026-10-07 02:18:45.940 WARN   Wiring.write_wire_scope: net not found
2026-10-07 02:18:45.940 WARN   Wiring.write_wire_scope: net not found
2026-10-07 02:18:45.940 WARN   Wiring.write_wire_scope: net not found
2026-10-07 02:18:45.940 WARN   Wiring.write_wire_scope: net not found
2026-10-07 02:18:45.940 WARN   Wiring.write_wire_scope: net not found
2026-10-07 02:18:45.940 WARN   Wiring.write_wire_scope: net not found
2026-10-07 02:18:45.940 WARN   Wiring.write_wire_scope: net not found
2026-10-07 02:18:45.940 WARN   Wiring.write_wire_scope: net not found
2026-10-07 02:18:45.940 WARN   Wiring.write_wire_scope: net not found
2026-10-07 02:18:45.940 WARN   Wiring.write_wire_scope: net not found
2026-10-07 02:18:45.940 WARN   Wiring.write_wire_scope: net not found
2026-10-07 02:18:45.940 WARN   Wiring.write_wire_scope: net not found
2026-10-07 02:18:45.940 WARN   Wiring.write_wire_scope: net not found
2026-10-07 02:18:45.940 WARN   Wiring.write_wire_scope: net not found
2026-10-07 02:18:45.940 WARN   Wiring.write_wire_scope: net not found
2026-10-07 02:18:45.940 WARN   Wiring.write_wire_scope: net not found
2026-10-07 02:18:45.940 WARN   Wiring.write_wire_scope: net not found
2026-10-07 02:18:45.940 WARN   Wiring.write_wire_scope: net not found
2026-10-07 02:18:45.940 WARN   Wiring.write_wire_scope: net not found
2026-10-07 02:18:45.940 WARN   Wiring.write_wire_scope: net not found
2026-10-07 02:18:45.940 WARN   Wiring.write_wire_scope: net not found
2026-10-07 02:18:45.940 WARN   Wiring.write_wire_scope: net not found
2026-10-07 02:18:45.940 WARN   Wiring.write_wire_scope: net not found
2026-10-07 02:18:45.940 WARN   Wiring.write_wire_scope: net not found
2026-10-07 02:18:45.940 WARN   Wiring.write_wire_scope: net not found
2026-10-07 02:18:45.940 WARN   Wiring.write_wire_scope: net not found
2026-10-07 02:18:45.940 WARN   Wiring.write_wire_scope: net not found
2026-10-07 02:18:45.940 WARN   Wiring.write_wire_scope: net not found
2026-10-07 02:18:45.940 WARN   Wiring.write_wire_scope: net not found
2026-10-07 02:18:45.940 WARN   Wiring.write_wire_scope: net not found
2026-10-07 02:18:45.940 WARN   Wiring.write_wire_scope: net not found
2026-10-07 02:18:45.940 WARN   Wiring.write_wire_scope: net not found
2026-10-07 02:18:45.940 WARN   Wiring.write_wire_scope: net not found
2026-10-07 02:18:45.940 WARN   Wiring.write_wire_scope: net not found
2026-10-07 02:18:45.940 WARN   Wiring.write_wire_scope: net not found
2026-10-07 02:18:45.940 WARN   Wiring.write_wire_scope: net not found
2026-10-07 02:18:45.940 WARN   Wiring.write_wire_scope: net not found
2026-10-07 02:18:45.940 WARN   Wiring.write_wire_scope: net not found
2026-10-07 02:18:45.940 WARN   Wiring.write_wire_scope: net not found
2026-10-07 02:18:45.940 WARN   Wiring.write_wire_scope: net not found
2026-10-07 02:18:45.940 WARN   Wiring.write_wire_scope: net not found
2026-10-07 02:18:45.940 WARN   Wiring.write_wire_scope: net not found
2026-10-07 02:18:45.940 WARN   Wiring.write_wire_scope: net not found
2026-10-07 02:18:45.940 WARN   Wiring.write_wire_scope: net not found
2026-10-07 02:18:45.940 WARN   Wiring.write_wire_scope: net not found
2026-10-07 02:18:45.940 WARN   Wiring.write_wire_scope: net not found
2026-10-07 02:18:45.940 WARN   Wiring.write_wire_scope: net not found
2026-10-07 02:18:45.940 WARN   Wiring.write_wire_scope: net not found
2026-10-07 02:18:45.940 WARN   Wiring.write_wire_scope: net not found
2026-10-07 02:18:45.940 WARN   Wiring.write_wire_scope: net not found
2026-10-07 02:18:45.940 WARN   Wiring.write_wire_scope: net not found
2026-10-07 02:18:45.940 WARN   Wiring.write_wire_scope: net not found
2026-10-07 02:18:45.940 WARN   Wiring.write_wire_scope: net not found
2026-10-07 02:18:45.940 WARN   Wiring.write_wire_scope: net not found
2026-10-07 02:18:45.940 WARN   Wiring.write_wire_scope: net not found
2026-10-07 02:18:45.940 WARN   Wiring.write_wire_scope: net not found
2026-10-07 02:18:45.940 WARN   Wiring.write_wire_scope: net not found
2026-10-07 02:18:45.940 WARN   Wiring.write_wire_scope: net not found
2026-10-07 02:18:45.940 WARN   Wiring.write_wire_scope: net not found
2026-10-07 02:18:45.940 WARN   Wiring.write_wire_scope: net not found
2026-10-07 02:18:45.940 WARN   Wiring.write_wire_scope: net not found
2026-10-07 02:18:45.940 WARN   Wiring.write_wire_scope: net not found
2026-10-07 02:18:45.940 WARN   Wiring.write_wire_scope: net not found
2026-10-07 02:18:45.940 WARN   Wiring.write_wire_scope: net not found
2026-10-07 02:18:45.940 WARN   Wiring.write_wire_scope: net not found
2026-10-07 02:18:45.940 WARN   Wiring.write_wire_scope: net not found
2026-10-07 02:18:45.940 WARN   Wiring.write_wire_scope: net not found
2026-10-07 02:18:45.940 WARN   Wiring.write_wire_scope: net not found
2026-10-07 02:18:45.940 WARN   Wiring.write_wire_scope: net not found
2026-10-07 02:18:45.940 WARN   Wiring.write_wire_scope: net not found
2026-10-07 02:18:45.940 WARN   Wiring.write_wire_scope: net not found
2026-10-07 02:18:48.207 WARN   Wiring.write_wire_scope: net not found
2026-10-07 02:18:48.207 WARN   Wiring.write_wire_scope: net not found
2026-10-07 02:18:48.207 WARN   Wiring.write_wire_scope: net not found
2026-10-07 02:18:48.207 WARN   Wiring.write_wire_scope: net not found
2026-10-07 02:18:48.207 WARN   Wiring.write_wire_scope: net not found
2026-10-07 02:18:48.207 WARN   Wiring.write_wire_scope: net not found
2026-10-07 02:18:48.207 WARN   Wiring.write_wire_scope: net not found
2026-10-07 02:18:48.207 WARN   Wiring.write_wire_scope: net not found
2026-10-07 02:18:48.207 WARN   Wiring.write_wire_scope: net not found
2026-10-07 02:18:48.207 WARN   Wiring.write_wire_scope: net not found
2026-10-07 02:18:48.207 WARN   Wiring.write_wire_scope: net not found
2026-10-07 02:18:48.207 WARN   Wiring.write_wire_scope: net not found
2026-10-07 02:18:48.207 WARN   Wiring.write_wire_scope: net not found
2026-10-07 02:18:48.207 WARN   Wiring.write_wire_scope: net not found
2026-10-07 02:18:48.207 WARN   Wiring.write_wire_scope: net not found
2026-10-07 02:18:48.207 WARN   Wiring.write_wire_scope: net not found
2026-10-07 02:18:48.207 WARN   Wiring.write_wire_scope: net not found
2026-10-07 02:18:48.207 WARN   Wiring.write_wire_scope: net not found
2026-10-07 02:18:48.207 WARN   Wiring.write_wire_scope: net not found
2026-10-07 02:18:48.207 WARN   Wiring.write_wire_scope: net not found
2026-10-07 02:18:48.207 WARN   Wiring.write_wire_scope: net not found
2026-10-07 02:18:48.207 WARN   Wiring.write_wire_scope: net not found
2026-10-07 02:18:48.207 WARN   Wiring.write_wire_scope: net not found
2026-10-07 02:18:48.207 WARN   Wiring.write_wire_scope: net not found
2026-10-07 02:18:48.207 WARN   Wiring.write_wire_scope: net not found
2026-10-07 02:18:48.207 WARN   Wiring.write_wire_scope: net not found
2026-10-07 02:18:48.207 WARN   Wiring.write_wire_scope: net not found
2026-10-07 02:18:48.207 WARN   Wiring.write_wire_scope: net not found
2026-10-07 02:18:48.207 WARN   Wiring.write_wire_scope: net not found
2026-10-07 02:18:48.207 WARN   Wiring.write_wire_scope: net not found
2026-10-07 02:18:48.207 WARN   Wiring.write_wire_scope: net not found
2026-10-07 02:18:48.207 WARN   Wiring.write_wire_scope: net not found
2026-10-07 02:18:48.207 WARN   Wiring.write_wire_scope: net not found
2026-10-07 02:18:48.207 WARN   Wiring.write_wire_scope: net not found
2026-10-07 02:18:48.207 WARN   Wiring.write_wire_scope: net not found
2026-10-07 02:18:48.207 WARN   Wiring.write_wire_scope: net not found
2026-10-07 02:18:48.207 WARN   Wiring.write_wire_scope: net not found
2026-10-07 02:18:48.207 WARN   Wiring.write_wire_scope: net not found
2026-10-07 02:18:48.207 WARN   Wiring.write_wire_scope: net not found
2026-10-07 02:18:48.207 WARN   Wiring.write_wire_scope: net not found
2026-10-07 02:18:48.207 WARN   Wiring.write_wire_scope: net not found
2026-10-07 02:18:48.207 WARN   Wiring.write_wire_scope: net not found
2026-10-07 02:18:48.207 WARN   Wiring.write_wire_scope: net not found
2026-10-07 02:18:48.207 WARN   Wiring.write_wire_scope: net not found
2026-10-07 02:18:48.207 WARN   Wiring.write_wire_scope: net not found
2026-10-07 02:18:48.207 WARN   Wiring.write_wire_scope: net not found
2026-10-07 02:18:48.207 WARN   Wiring.write_wire_scope: net not found
2026-10-07 02:18:48.207 WARN   Wiring.write_wire_scope: net not found
2026-10-07 02:18:48.207 WARN   Wiring.write_wire_scope: net not found
2026-10-07 02:18:48.207 WARN   Wiring.write_wire_scope: net not found
2026-10-07 02:18:48.207 WARN   Wiring.write_wire_scope: net not found
2026-10-07 02:18:48.207 WARN   Wiring.write_wire_scope: net not found
2026-10-07 02:18:48.207 WARN   Wiring.write_wire_scope: net not found
2026-10-07 02:18:48.207 WARN   Wiring.write_wire_scope: net not found
2026-10-07 02:18:48.207 WARN   Wiring.write_wire_scope: net not found
2026-10-07 02:18:48.207 WARN   Wiring.write_wire_scope: net not found
2026-10-07 02:18:48.207 WARN   Wiring.write_wire_scope: net not found
2026-10-07 02:18:48.207 WARN   Wiring.write_wire_scope: net not found
2026-10-07 02:18:48.207 WARN   Wiring.write_wire_scope: net not found
2026-10-07 02:18:48.207 WARN   Wiring.write_wire_scope: net not found
2026-10-07 02:18:48.207 WARN   Wiring.write_wire_scope: net not found
2026-10-07 02:18:48.207 WARN   Wiring.write_wire_scope: net not found
2026-10-07 02:18:48.207 WARN   Wiring.write_wire_scope: net not found
2026-10-07 02:18:48.207 WARN   Wiring.write_wire_scope: net not found
2026-10-07 02:18:48.207 WARN   Wiring.write_wire_scope: net not found
2026-10-07 02:18:48.207 WARN   Wiring.write_wire_scope: net not found
2026-10-07 02:18:48.207 WARN   Wiring.write_wire_scope: net not found
2026-10-07 02:18:48.207 WARN   Wiring.write_wire_scope: net not found
2026-10-07 02:18:48.207 WARN   Wiring.write_wire_scope: net not found
2026-10-07 02:18:48.207 WARN   Wiring.write_wire_scope: net not found
2026-10-07 02:18:48.207 WARN   Wiring.write_wire_scope: net not found
2026-10-07 02:18:48.207 WARN   Wiring.write_wire_scope: net not found
2026-10-07 02:18:48.207 WARN   Wiring.write_wire_scope: net not found
2026-10-07 02:18:48.207 WARN   Wiring.write_wire_scope: net not found
2026-10-07 02:18:48.207 WARN   Wiring.write_wire_scope: net not found
2026-10-07 02:18:48.633 WARN   Wiring.write_wire_scope: net not found
2026-10-07 02:18:48.633 WARN   Wiring.write_wire_scope: net not found
2026-10-07 02:18:48.633 WARN   Wiring.write_wire_scope: net not found
2026-10-07 02:18:48.633 WARN   Wiring.write_wire_scope: net not found
2026-10-07 02:18:48.633 WARN   Wiring.write_wire_scope: net not found
2026-10-07 02:18:48.633 WARN   Wiring.write_wire_scope: net not found
2026-10-07 02:18:48.633 WARN   Wiring.write_wire_scope: net not found
2026-10-07 02:18:48.633 WARN   Wiring.write_wire_scope: net not found
2026-10-07 02:18:48.633 WARN   Wiring.write_wire_scope: net not found
2026-10-07 02:18:48.633 WARN   Wiring.write_wire_scope: net not found
2026-10-07 02:18:48.633 WARN   Wiring.write_wire_scope: net not found
2026-10-07 02:18:48.633 WARN   Wiring.write_wire_scope: net not found
2026-10-07 02:18:48.633 WARN   Wiring.write_wire_scope: net not found
2026-10-07 02:18:48.633 WARN   Wiring.write_wire_scope: net not found
2026-10-07 02:18:48.633 WARN   Wiring.write_wire_scope: net not found
2026-10-07 02:18:48.633 WARN   Wiring.write_wire_scope: net not found
2026-10-07 02:18:48.633 WARN   Wiring.write_wire_scope: net not found
2026-10-07 02:18:48.633 WARN   Wiring.write_wire_scope: net not found
2026-10-07 02:18:48.633 WARN   Wiring.write_wire_scope: net not found
2026-10-07 02:18:48.633 WARN   Wiring.write_wire_scope: net not found
2026-10-07 02:18:48.633 WARN   Wiring.write_wire_scope: net not found
2026-10-07 02:18:48.633 WARN   Wiring.write_wire_scope: net not found
2026-10-07 02:18:48.633 WARN   Wiring.write_wire_scope: net not found
2026-10-07 02:18:48.633 WARN   Wiring.write_wire_scope: net not found
2026-10-07 02:18:48.633 WARN   Wiring.write_wire_scope: net not found
2026-10-07 02:18:48.633 WARN   Wiring.write_wire_scope: net not found
2026-10-07 02:18:48.633 WARN   Wiring.write_wire_scope: net not found
2026-10-07 02:18:48.633 WARN   Wiring.write_wire_scope: net not found
2026-10-07 02:18:48.633 WARN   Wiring.write_wire_scope: net not found
2026-10-07 02:18:48.633 WARN   Wiring.write_wire_scope: net not found
2026-10-07 02:18:48.633 WARN   Wiring.write_wire_scope: net not found
2026-10-07 02:18:48.633 WARN   Wiring.write_wire_scope: net not found
2026-10-07 02:18:48.633 WARN   Wiring.write_wire_scope: net not found
2026-10-07 02:18:48.633 WARN   Wiring.write_wire_scope: net not found
2026-10-07 02:18:48.633 WARN   Wiring.write_wire_scope: net not found
2026-10-07 02:18:48.633 WARN   Wiring.write_wire_scope: net not found
2026-10-07 02:18:48.633 WARN   Wiring.write_wire_scope: net not found
2026-10-07 02:18:48.633 WARN   Wiring.write_wire_scope: net not found
2026-10-07 02:18:48.633 WARN   Wiring.write_wire_scope: net not found
2026-10-07 02:18:48.633 WARN   Wiring.write_wire_scope: net not found
2026-10-07 02:18:48.633 WARN   Wiring.write_wire_scope: net not found
2026-10-07 02:18:48.633 WARN   Wiring.write_wire_scope: net not found
2026-10-07 02:18:48.633 WARN   Wiring.write_wire_scope: net not found
2026-10-07 02:18:48.633 WARN   Wiring.write_wire_scope: net not found
2026-10-07 02:18:48.633 WARN   Wiring.write_wire_scope: net not found
2026-10-07 02:18:48.633 WARN   Wiring.write_wire_scope: net not found
2026-10-07 02:18:48.633 WARN   Wiring.write_wire_scope: net not found
2026-10-07 02:18:48.633 WARN   Wiring.write_wire_scope: net not found
2026-10-07 02:18:48.633 WARN   Wiring.write_wire_scope: net not found
2026-10-07 02:18:48.633 WARN   Wiring.write_wire_scope: net not found
2026-10-07 02:18:48.633 WARN   Wiring.write_wire_scope: net not found
2026-10-07 02:18:48.633 WARN   Wiring.write_wire_scope: net not found
2026-10-07 02:18:48.633 WARN   Wiring.write_wire_scope: net not found
2026-10-07 02:18:48.633 WARN   Wiring.write_wire_scope: net not found
2026-10-07 02:18:48.633 WARN   Wiring.write_wire_scope: net not found
2026-10-07 02:18:48.633 WARN   Wiring.write_wire_scope: net not found
2026-10-07 02:18:48.633 WARN   Wiring.write_wire_scope: net not found
2026-10-07 02:18:48.633 WARN   Wiring.write_wire_scope: net not found
2026-10-07 02:18:48.633 WARN   Wiring.write_wire_scope: net not found
2026-10-07 02:18:48.633 WARN   Wiring.write_wire_scope: net not found
2026-10-07 02:18:48.633 WARN   Wiring.write_wire_scope: net not found
2026-10-07 02:18:48.633 WARN   Wiring.write_wire_scope: net not found
2026-10-07 02:18:48.633 WARN   Wiring.write_wire_scope: net not found
2026-10-07 02:18:48.633 WARN   Wiring.write_wire_scope: net not found
2026-10-07 02:18:48.633 WARN   Wiring.write_wire_scope: net not found
2026-10-07 02:18:48.633 WARN   Wiring.write_wire_scope: net not found
2026-10-07 02:18:48.633 WARN   Wiring.write_wire_scope: net not found
2026-10-07 02:18:48.633 WARN   Wiring.write_wire_scope: net not found
2026-10-07 02:18:48.633 WARN   Wiring.write_wire_scope: net not found
2026-10-07 02:18:48.633 WARN   Wiring.write_wire_scope: net not found
2026-10-07 02:18:48.633 WARN   Wiring.write_wire_scope: net not found
2026-10-07 02:18:48.633 WARN   Wiring.write_wire_scope: net not found
2026-10-07 02:18:48.633 WARN   Wiring.write_wire_scope: net not found
2026-10-07 02:18:48.633 WARN   Wiring.write_wire_scope: net not found
2026-10-07 02:18:48.633 WARN   Wiring.write_wire_scope: net not found
2026-10-07 02:18:49.100 WARN   Wiring.write_wire_scope: net not found
2026-10-07 02:18:49.100 WARN   Wiring.write_wire_scope: net not found
2026-10-07 02:18:49.100 WARN   Wiring.write_wire_scope: net not found
2026-10-07 02:18:49.100 WARN   Wiring.write_wire_scope: net not found
2026-10-07 02:18:49.100 WARN   Wiring.write_wire_scope: net not found
2026-10-07 02:18:49.100 WARN   Wiring.write_wire_scope: net not found
2026-10-07 02:18:49.100 WARN   Wiring.write_wire_scope: net not found
2026-10-07 02:18:49.100 WARN   Wiring.write_wire_scope: net not found
2026-10-07 02:18:49.100 WARN   Wiring.write_wire_scope: net not found
2026-10-07 02:18:49.100 WARN   Wiring.write_wire_scope: net not found
2026-10-07 02:18:49.100 WARN   Wiring.write_wire_scope: net not found
2026-10-07 02:18:49.100 WARN   Wiring.write_wire_scope: net not found
2026-10-07 02:18:49.100 WARN   Wiring.write_wire_scope: net not found
2026-10-07 02:18:49.100 WARN   Wiring.write_wire_scope: net not found
2026-10-07 02:18:49.100 WARN   Wiring.write_wire_scope: net not found
2026-10-07 02:18:49.100 WARN   Wiring.write_wire_scope: net not found
2026-10-07 02:18:49.100 WARN   Wiring.write_wire_scope: net not found
2026-10-07 02:18:49.100 WARN   Wiring.write_wire_scope: net not found
2026-10-07 02:18:49.100 WARN   Wiring.write_wire_scope: net not found
2026-10-07 02:18:49.100 WARN   Wiring.write_wire_scope: net not found
2026-10-07 02:18:49.100 WARN   Wiring.write_wire_scope: net not found
2026-10-07 02:18:49.100 WARN   Wiring.write_wire_scope: net not found
2026-10-07 02:18:49.100 WARN   Wiring.write_wire_scope: net not found
2026-10-07 02:18:49.100 WARN   Wiring.write_wire_scope: net not found
2026-10-07 02:18:49.100 WARN   Wiring.write_wire_scope: net not found
2026-10-07 02:18:49.100 WARN   Wiring.write_wire_scope: net not found
2026-10-07 02:18:49.100 WARN   Wiring.write_wire_scope: net not found
2026-10-07 02:18:49.100 WARN   Wiring.write_wire_scope: net not found
2026-10-07 02:18:49.100 WARN   Wiring.write_wire_scope: net not found
2026-10-07 02:18:49.100 WARN   Wiring.write_wire_scope: net not found
2026-10-07 02:18:49.100 WARN   Wiring.write_wire_scope: net not found
2026-10-07 02:18:49.100 WARN   Wiring.write_wire_scope: net not found
2026-10-07 02:18:49.100 WARN   Wiring.write_wire_scope: net not found
2026-10-07 02:18:49.100 WARN   Wiring.write_wire_scope: net not found
2026-10-07 02:18:49.100 WARN   Wiring.write_wire_scope: net not found
2026-10-07 02:18:49.100 WARN   Wiring.write_wire_scope: net not found
2026-10-07 02:18:49.100 WARN   Wiring.write_wire_scope: net not found
2026-10-07 02:18:49.100 WARN   Wiring.write_wire_scope: net not found
2026-10-07 02:18:49.100 WARN   Wiring.write_wire_scope: net not found
2026-10-07 02:18:49.100 WARN   Wiring.write_wire_scope: net not found
2026-10-07 02:18:49.100 WARN   Wiring.write_wire_scope: net not found
2026-10-07 02:18:49.100 WARN   Wiring.write_wire_scope: net not found
2026-10-07 02:18:49.100 WARN   Wiring.write_wire_scope: net not found
2026-10-07 02:18:49.100 WARN   Wiring.write_wire_scope: net not found
2026-10-07 02:18:49.100 WARN   Wiring.write_wire_scope: net not found
2026-10-07 02:18:49.100 WARN   Wiring.write_wire_scope: net not found
2026-10-07 02:18:49.100 WARN   Wiring.write_wire_scope: net not found
2026-10-07 02:18:49.100 WARN   Wiring.write_wire_scope: net not found
2026-10-07 02:18:49.100 WARN   Wiring.write_wire_scope: net not found
2026-10-07 02:18:49.100 WARN   Wiring.write_wire_scope: net not found
2026-10-07 02:18:49.100 WARN   Wiring.write_wire_scope: net not found
2026-10-07 02:18:49.100 WARN   Wiring.write_wire_scope: net not found
2026-10-07 02:18:49.100 WARN   Wiring.write_wire_scope: net not found
2026-10-07 02:18:49.100 WARN   Wiring.write_wire_scope: net not found
2026-10-07 02:18:49.100 WARN   Wiring.write_wire_scope: net not found
2026-10-07 02:18:49.100 WARN   Wiring.write_wire_scope: net not found
2026-10-07 02:18:49.100 WARN   Wiring.write_wire_scope: net not found
2026-10-07 02:18:49.100 WARN   Wiring.write_wire_scope: net not found
2026-10-07 02:18:49.100 WARN   Wiring.write_wire_scope: net not found
2026-10-07 02:18:49.100 WARN   Wiring.write_wire_scope: net not found
2026-10-07 02:18:49.100 WARN   Wiring.write_wire_scope: net not found
2026-10-07 02:18:49.100 WARN   Wiring.write_wire_scope: net not found
2026-10-07 02:18:49.100 WARN   Wiring.write_wire_scope: net not found
2026-10-07 02:18:49.100 WARN   Wiring.write_wire_scope: net not found
2026-10-07 02:18:49.100 WARN   Wiring.write_wire_scope: net not found
2026-10-07 02:18:49.100 WARN   Wiring.write_wire_scope: net not found
2026-10-07 02:18:49.100 WARN   Wiring.write_wire_scope: net not found
2026-10-07 02:18:49.100 WARN   Wiring.write_wire_scope: net not found
2026-10-07 02:18:49.100 WARN   Wiring.write_wire_scope: net not found
2026-10-07 02:18:49.100 WARN   Wiring.write_wire_scope: net not found
2026-10-07 02:18:49.100 WARN   Wiring.write_wire_scope: net not found
2026-10-07 02:18:49.100 WARN   Wiring.write_wire_scope: net not found
2026-10-07 02:18:49.100 WARN   Wiring.write_wire_scope: net not found
2026-10-07 02:18:49.100 WARN   Wiring.write_wire_scope: net not found
2026-10-07 02:18:49.100 WARN   Wiring.write_wire_scope: net not found
2026-10-07 02:18:49.557 WARN   Wiring.write_wire_scope: net not found
2026-10-07 02:18:49.557 WARN   Wiring.write_wire_scope: net not found
2026-10-07 02:18:49.557 WARN   Wiring.write_wire_scope: net not found
2026-10-07 02:18:49.557 WARN   Wiring.write_wire_scope: net not found
2026-10-07 02:18:49.557 WARN   Wiring.write_wire_scope: net not found
2026-10-07 02:18:49.557 WARN   Wiring.write_wire_scope: net not found
2026-10-07 02:18:49.557 WARN   Wiring.write_wire_scope: net not found
2026-10-07 02:18:49.558 WARN   Wiring.write_wire_scope: net not found
2026-10-07 02:18:49.558 WARN   Wiring.write_wire_scope: net not found
2026-10-07 02:18:49.558 WARN   Wiring.write_wire_scope: net not found
2026-10-07 02:18:49.558 WARN   Wiring.write_wire_scope: net not found
2026-10-07 02:18:49.558 WARN   Wiring.write_wire_scope: net not found
2026-10-07 02:18:49.558 WARN   Wiring.write_wire_scope: net not found
2026-10-07 02:18:49.558 WARN   Wiring.write_wire_scope: net not found
2026-10-07 02:18:49.558 WARN   Wiring.write_wire_scope: net not found
2026-10-07 02:18:49.558 WARN   Wiring.write_wire_scope: net not found
2026-10-07 02:18:49.558 WARN   Wiring.write_wire_scope: net not found
2026-10-07 02:18:49.558 WARN   Wiring.write_wire_scope: net not found
2026-10-07 02:18:49.558 WARN   Wiring.write_wire_scope: net not found
2026-10-07 02:18:49.558 WARN   Wiring.write_wire_scope: net not found
2026-10-07 02:18:49.558 WARN   Wiring.write_wire_scope: net not found
2026-10-07 02:18:49.558 WARN   Wiring.write_wire_scope: net not found
2026-10-07 02:18:49.558 WARN   Wiring.write_wire_scope: net not found
2026-10-07 02:18:49.558 WARN   Wiring.write_wire_scope: net not found
2026-10-07 02:18:49.558 WARN   Wiring.write_wire_scope: net not found
2026-10-07 02:18:49.558 WARN   Wiring.write_wire_scope: net not found
2026-10-07 02:18:49.558 WARN   Wiring.write_wire_scope: net not found
2026-10-07 02:18:49.558 WARN   Wiring.write_wire_scope: net not found
2026-10-07 02:18:49.558 WARN   Wiring.write_wire_scope: net not found
2026-10-07 02:18:49.558 WARN   Wiring.write_wire_scope: net not found
2026-10-07 02:18:49.558 WARN   Wiring.write_wire_scope: net not found
2026-10-07 02:18:49.558 WARN   Wiring.write_wire_scope: net not found
2026-10-07 02:18:49.558 WARN   Wiring.write_wire_scope: net not found
2026-10-07 02:18:49.558 WARN   Wiring.write_wire_scope: net not found
2026-10-07 02:18:49.558 WARN   Wiring.write_wire_scope: net not found
2026-10-07 02:18:49.558 WARN   Wiring.write_wire_scope: net not found
2026-10-07 02:18:49.558 WARN   Wiring.write_wire_scope: net not found
2026-10-07 02:18:49.558 WARN   Wiring.write_wire_scope: net not found
2026-10-07 02:18:49.558 WARN   Wiring.write_wire_scope: net not found
2026-10-07 02:18:49.558 WARN   Wiring.write_wire_scope: net not found
2026-10-07 02:18:49.558 WARN   Wiring.write_wire_scope: net not found
2026-10-07 02:18:49.558 WARN   Wiring.write_wire_scope: net not found
2026-10-07 02:18:49.558 WARN   Wiring.write_wire_scope: net not found
2026-10-07 02:18:49.558 WARN   Wiring.write_wire_scope: net not found
2026-10-07 02:18:49.558 WARN   Wiring.write_wire_scope: net not found
2026-10-07 02:18:49.558 WARN   Wiring.write_wire_scope: net not found
2026-10-07 02:18:49.558 WARN   Wiring.write_wire_scope: net not found
2026-10-07 02:18:49.558 WARN   Wiring.write_wire_scope: net not found
2026-10-07 02:18:49.558 WARN   Wiring.write_wire_scope: net not found
2026-10-07 02:18:49.558 WARN   Wiring.write_wire_scope: net not found
2026-10-07 02:18:49.558 WARN   Wiring.write_wire_scope: net not found
2026-10-07 02:18:49.558 WARN   Wiring.write_wire_scope: net not found
2026-10-07 02:18:49.558 WARN   Wiring.write_wire_scope: net not found
2026-10-07 02:18:49.558 WARN   Wiring.write_wire_scope: net not found
2026-10-07 02:18:49.558 WARN   Wiring.write_wire_scope: net not found
2026-10-07 02:18:49.558 WARN   Wiring.write_wire_scope: net not found
2026-10-07 02:18:49.558 WARN   Wiring.write_wire_scope: net not found
2026-10-07 02:18:49.558 WARN   Wiring.write_wire_scope: net not found
2026-10-07 02:18:49.558 WARN   Wiring.write_wire_scope: net not found
2026-10-07 02:18:49.558 WARN   Wiring.write_wire_scope: net not found
2026-10-07 02:18:49.558 WARN   Wiring.write_wire_scope: net not found
2026-10-07 02:18:49.558 WARN   Wiring.write_wire_scope: net not found
2026-10-07 02:18:49.558 WARN   Wiring.write_wire_scope: net not found
2026-10-07 02:18:49.558 WARN   Wiring.write_wire_scope: net not found
2026-10-07 02:18:49.558 WARN   Wiring.write_wire_scope: net not found
2026-10-07 02:18:49.558 WARN   Wiring.write_wire_scope: net not found
2026-10-07 02:18:49.558 WARN   Wiring.write_wire_scope: net not found
2026-10-07 02:18:49.558 WARN   Wiring.write_wire_scope: net not found
2026-10-07 02:18:49.558 WARN   Wiring.write_wire_scope: net not found
2026-10-07 02:18:49.558 WARN   Wiring.write_wire_scope: net not found
2026-10-07 02:18:49.558 WARN   Wiring.write_wire_scope: net not found
2026-10-07 02:18:49.558 WARN   Wiring.write_wire_scope: net not found
2026-10-07 02:18:49.558 WARN   Wiring.write_wire_scope: net not found
2026-10-07 02:18:49.558 WARN   Wiring.write_wire_scope: net not found
2026-10-07 02:18:49.558 WARN   Wiring.write_wire_scope: net not found
2026-10-07 02:18:52.349 WARN   Wiring.write_wire_scope: net not found
2026-10-07 02:18:52.349 WARN   Wiring.write_wire_scope: net not found
2026-10-07 02:18:52.349 WARN   Wiring.write_wire_scope: net not found
2026-10-07 02:18:52.349 WARN   Wiring.write_wire_scope: net not found
2026-10-07 02:18:52.349 WARN   Wiring.write_wire_scope: net not found
2026-10-07 02:18:52.349 WARN   Wiring.write_wire_scope: net not found
2026-10-07 02:18:52.349 WARN   Wiring.write_wire_scope: net not found
2026-10-07 02:18:52.349 WARN   Wiring.write_wire_scope: net not found
2026-10-07 02:18:52.349 WARN   Wiring.write_wire_scope: net not found
2026-10-07 02:18:52.349 WARN   Wiring.write_wire_scope: net not found
2026-10-07 02:18:52.349 WARN   Wiring.write_wire_scope: net not found
2026-10-07 02:18:52.349 WARN   Wiring.write_wire_scope: net not found
2026-10-07 02:18:52.349 WARN   Wiring.write_wire_scope: net not found
2026-10-07 02:18:52.349 WARN   Wiring.write_wire_scope: net not found
2026-10-07 02:18:52.349 WARN   Wiring.write_wire_scope: net not found
2026-10-07 02:18:52.349 WARN   Wiring.write_wire_scope: net not found
2026-10-07 02:18:52.349 WARN   Wiring.write_wire_scope: net not found
2026-10-07 02:18:52.349 WARN   Wiring.write_wire_scope: net not found
2026-10-07 02:18:52.349 WARN   Wiring.write_wire_scope: net not found
2026-10-07 02:18:52.349 WARN   Wiring.write_wire_scope: net not found
2026-10-07 02:18:52.349 WARN   Wiring.write_wire_scope: net not found
2026-10-07 02:18:52.349 WARN   Wiring.write_wire_scope: net not found
2026-10-07 02:18:52.349 WARN   Wiring.write_wire_scope: net not found
2026-10-07 02:18:52.349 WARN   Wiring.write_wire_scope: net not found
2026-10-07 02:18:52.349 WARN   Wiring.write_wire_scope: net not found
2026-10-07 02:18:52.349 WARN   Wiring.write_wire_scope: net not found
2026-10-07 02:18:52.349 WARN   Wiring.write_wire_scope: net not found
2026-10-07 02:18:52.349 WARN   Wiring.write_wire_scope: net not found
2026-10-07 02:18:52.349 WARN   Wiring.write_wire_scope: net not found
2026-10-07 02:18:52.349 WARN   Wiring.write_wire_scope: net not found
2026-10-07 02:18:52.349 WARN   Wiring.write_wire_scope: net not found
2026-10-07 02:18:52.349 WARN   Wiring.write_wire_scope: net not found
2026-10-07 02:18:52.349 WARN   Wiring.write_wire_scope: net not found
2026-10-07 02:18:52.349 WARN   Wiring.write_wire_scope: net not found
2026-10-07 02:18:52.349 WARN   Wiring.write_wire_scope: net not found
2026-10-07 02:18:52.349 WARN   Wiring.write_wire_scope: net not found
2026-10-07 02:18:52.349 WARN   Wiring.write_wire_scope: net not found
2026-10-07 02:18:52.349 WARN   Wiring.write_wire_scope: net not found
2026-10-07 02:18:52.349 WARN   Wiring.write_wire_scope: net not found
2026-10-07 02:18:52.349 WARN   Wiring.write_wire_scope: net not found
2026-10-07 02:18:52.349 WARN   Wiring.write_wire_scope: net not found
2026-10-07 02:18:52.349 WARN   Wiring.write_wire_scope: net not found
2026-10-07 02:18:52.349 WARN   Wiring.write_wire_scope: net not found
2026-10-07 02:18:52.349 WARN   Wiring.write_wire_scope: net not found
2026-10-07 02:18:52.349 WARN   Wiring.write_wire_scope: net not found
2026-10-07 02:18:52.349 WARN   Wiring.write_wire_scope: net not found
2026-10-07 02:18:52.349 WARN   Wiring.write_wire_scope: net not found
2026-10-07 02:18:52.349 WARN   Wiring.write_wire_scope: net not found
2026-10-07 02:18:52.349 WARN   Wiring.write_wire_scope: net not found
2026-10-07 02:18:52.349 WARN   Wiring.write_wire_scope: net not found
2026-10-07 02:18:52.349 WARN   Wiring.write_wire_scope: net not found
2026-10-07 02:18:52.349 WARN   Wiring.write_wire_scope: net not found
2026-10-07 02:18:52.349 WARN   Wiring.write_wire_scope: net not found
2026-10-07 02:18:52.349 WARN   Wiring.write_wire_scope: net not found
2026-10-07 02:18:52.349 WARN   Wiring.write_wire_scope: net not found
2026-10-07 02:18:52.349 WARN   Wiring.write_wire_scope: net not found
2026-10-07 02:18:52.349 WARN   Wiring.write_wire_scope: net not found
2026-10-07 02:18:52.349 WARN   Wiring.write_wire_scope: net not found
2026-10-07 02:18:52.349 WARN   Wiring.write_wire_scope: net not found
2026-10-07 02:18:52.349 WARN   Wiring.write_wire_scope: net not found
2026-10-07 02:18:52.349 WARN   Wiring.write_wire_scope: net not found
2026-10-07 02:18:52.349 WARN   Wiring.write_wire_scope: net not found
2026-10-07 02:18:52.349 WARN   Wiring.write_wire_scope: net not found
2026-10-07 02:18:52.349 WARN   Wiring.write_wire_scope: net not found
2026-10-07 02:18:52.349 WARN   Wiring.write_wire_scope: net not found
2026-10-07 02:18:52.349 WARN   Wiring.write_wire_scope: net not found
2026-10-07 02:18:52.349 WARN   Wiring.write_wire_scope: net not found
2026-10-07 02:18:52.349 WARN   Wiring.write_wire_scope: net not found
2026-10-07 02:18:52.349 WARN   Wiring.write_wire_scope: net not found
2026-10-07 02:18:52.349 WARN   Wiring.write_wire_scope: net not found
2026-10-07 02:18:52.349 WARN   Wiring.write_wire_scope: net not found
2026-10-07 02:18:52.349 WARN   Wiring.write_wire_scope: net not found
2026-10-07 02:18:52.349 WARN   Wiring.write_wire_scope: net not found
2026-10-07 02:18:52.349 WARN   Wiring.write_wire_scope: net not found
2026-10-07 02:18:52.349 WARN   Wiring.write_wire_scope: net not found
2026-10-07 02:18:52.690 WARN   Wiring.write_wire_scope: net not found
2026-10-07 02:18:52.690 WARN   Wiring.write_wire_scope: net not found
2026-10-07 02:18:52.690 WARN   Wiring.write_wire_scope: net not found
2026-10-07 02:18:52.690 WARN   Wiring.write_wire_scope: net not found
2026-10-07 02:18:52.690 WARN   Wiring.write_wire_scope: net not found
2026-10-07 02:18:52.690 WARN   Wiring.write_wire_scope: net not found
2026-10-07 02:18:52.690 WARN   Wiring.write_wire_scope: net not found
2026-10-07 02:18:52.690 WARN   Wiring.write_wire_scope: net not found
2026-10-07 02:18:52.690 WARN   Wiring.write_wire_scope: net not found
2026-10-07 02:18:52.690 WARN   Wiring.write_wire_scope: net not found
2026-10-07 02:18:52.690 WARN   Wiring.write_wire_scope: net not found
2026-10-07 02:18:52.690 WARN   Wiring.write_wire_scope: net not found
2026-10-07 02:18:52.690 WARN   Wiring.write_wire_scope: net not found
2026-10-07 02:18:52.690 WARN   Wiring.write_wire_scope: net not found
2026-10-07 02:18:52.690 WARN   Wiring.write_wire_scope: net not found
2026-10-07 02:18:52.690 WARN   Wiring.write_wire_scope: net not found
2026-10-07 02:18:52.690 WARN   Wiring.write_wire_scope: net not found
2026-10-07 02:18:52.690 WARN   Wiring.write_wire_scope: net not found
2026-10-07 02:18:52.690 WARN   Wiring.write_wire_scope: net not found
2026-10-07 02:18:52.690 WARN   Wiring.write_wire_scope: net not found
2026-10-07 02:18:52.690 WARN   Wiring.write_wire_scope: net not found
2026-10-07 02:18:52.690 WARN   Wiring.write_wire_scope: net not found
2026-10-07 02:18:52.690 WARN   Wiring.write_wire_scope: net not found
2026-10-07 02:18:52.690 WARN   Wiring.write_wire_scope: net not found
2026-10-07 02:18:52.690 WARN   Wiring.write_wire_scope: net not found
2026-10-07 02:18:52.690 WARN   Wiring.write_wire_scope: net not found
2026-10-07 02:18:52.690 WARN   Wiring.write_wire_scope: net not found
2026-10-07 02:18:52.690 WARN   Wiring.write_wire_scope: net not found
2026-10-07 02:18:52.690 WARN   Wiring.write_wire_scope: net not found
2026-10-07 02:18:52.690 WARN   Wiring.write_wire_scope: net not found
2026-10-07 02:18:52.690 WARN   Wiring.write_wire_scope: net not found
2026-10-07 02:18:52.690 WARN   Wiring.write_wire_scope: net not found
2026-10-07 02:18:52.690 WARN   Wiring.write_wire_scope: net not found
2026-10-07 02:18:52.690 WARN   Wiring.write_wire_scope: net not found
2026-10-07 02:18:52.690 WARN   Wiring.write_wire_scope: net not found
2026-10-07 02:18:52.690 WARN   Wiring.write_wire_scope: net not found
2026-10-07 02:18:52.690 WARN   Wiring.write_wire_scope: net not found
2026-10-07 02:18:52.690 WARN   Wiring.write_wire_scope: net not found
2026-10-07 02:18:52.690 WARN   Wiring.write_wire_scope: net not found
2026-10-07 02:18:52.690 WARN   Wiring.write_wire_scope: net not found
2026-10-07 02:18:52.690 WARN   Wiring.write_wire_scope: net not found
2026-10-07 02:18:52.690 WARN   Wiring.write_wire_scope: net not found
2026-10-07 02:18:52.690 WARN   Wiring.write_wire_scope: net not found
2026-10-07 02:18:52.690 WARN   Wiring.write_wire_scope: net not found
2026-10-07 02:18:52.690 WARN   Wiring.write_wire_scope: net not found
2026-10-07 02:18:52.690 WARN   Wiring.write_wire_scope: net not found
2026-10-07 02:18:52.690 WARN   Wiring.write_wire_scope: net not found
2026-10-07 02:18:52.690 WARN   Wiring.write_wire_scope: net not found
2026-10-07 02:18:52.690 WARN   Wiring.write_wire_scope: net not found
2026-10-07 02:18:52.690 WARN   Wiring.write_wire_scope: net not found
2026-10-07 02:18:52.690 WARN   Wiring.write_wire_scope: net not found
2026-10-07 02:18:52.690 WARN   Wiring.write_wire_scope: net not found
2026-10-07 02:18:52.690 WARN   Wiring.write_wire_scope: net not found
2026-10-07 02:18:52.690 WARN   Wiring.write_wire_scope: net not found
2026-10-07 02:18:52.690 WARN   Wiring.write_wire_scope: net not found
2026-10-07 02:18:52.690 WARN   Wiring.write_wire_scope: net not found
2026-10-07 02:18:52.690 WARN   Wiring.write_wire_scope: net not found
2026-10-07 02:18:52.690 WARN   Wiring.write_wire_scope: net not found
2026-10-07 02:18:52.690 WARN   Wiring.write_wire_scope: net not found
2026-10-07 02:18:52.690 WARN   Wiring.write_wire_scope: net not found
2026-10-07 02:18:52.690 WARN   Wiring.write_wire_scope: net not found
2026-10-07 02:18:52.690 WARN   Wiring.write_wire_scope: net not found
2026-10-07 02:18:52.690 WARN   Wiring.write_wire_scope: net not found
2026-10-07 02:18:52.690 WARN   Wiring.write_wire_scope: net not found
2026-10-07 02:18:52.690 WARN   Wiring.write_wire_scope: net not found
2026-10-07 02:18:52.690 WARN   Wiring.write_wire_scope: net not found
2026-10-07 02:18:52.690 WARN   Wiring.write_wire_scope: net not found
2026-10-07 02:18:52.690 WARN   Wiring.write_wire_scope: net not found
2026-10-07 02:18:52.690 WARN   Wiring.write_wire_scope: net not found
2026-10-07 02:18:52.690 WARN   Wiring.write_wire_scope: net not found
2026-10-07 02:18:52.690 WARN   Wiring.write_wire_scope: net not found
2026-10-07 02:18:52.690 WARN   Wiring.write_wire_scope: net not found
2026-10-07 02:18:52.690 WARN   Wiring.write_wire_scope: net not found
2026-10-07 02:18:52.690 WARN   Wiring.write_wire_scope: net not found
2026-10-07 02:18:52.690 WARN   Wiring.write_wire_scope: net not found
2026-10-07 02:18:53.403 WARN   Wiring.write_wire_scope: net not found
2026-10-07 02:18:53.403 WARN   Wiring.write_wire_scope: net not found
2026-10-07 02:18:53.403 WARN   Wiring.write_wire_scope: net not found
2026-10-07 02:18:53.403 WARN   Wiring.write_wire_scope: net not found
2026-10-07 02:18:53.403 WARN   Wiring.write_wire_scope: net not found
2026-10-07 02:18:53.403 WARN   Wiring.write_wire_scope: net not found
2026-10-07 02:18:53.403 WARN   Wiring.write_wire_scope: net not found
2026-10-07 02:18:53.403 WARN   Wiring.write_wire_scope: net not found
2026-10-07 02:18:53.403 WARN   Wiring.write_wire_scope: net not found
2026-10-07 02:18:53.403 WARN   Wiring.write_wire_scope: net not found
2026-10-07 02:18:53.403 WARN   Wiring.write_wire_scope: net not found
2026-10-07 02:18:53.403 WARN   Wiring.write_wire_scope: net not found
2026-10-07 02:18:53.403 WARN   Wiring.write_wire_scope: net not found
2026-10-07 02:18:53.403 WARN   Wiring.write_wire_scope: net not found
2026-10-07 02:18:53.403 WARN   Wiring.write_wire_scope: net not found
2026-10-07 02:18:53.403 WARN   Wiring.write_wire_scope: net not found
2026-10-07 02:18:53.403 WARN   Wiring.write_wire_scope: net not found
2026-10-07 02:18:53.403 WARN   Wiring.write_wire_scope: net not found
2026-10-07 02:18:53.403 WARN   Wiring.write_wire_scope: net not found
2026-10-07 02:18:53.403 WARN   Wiring.write_wire_scope: net not found
2026-10-07 02:18:53.403 WARN   Wiring.write_wire_scope: net not found
2026-10-07 02:18:53.403 WARN   Wiring.write_wire_scope: net not found
2026-10-07 02:18:53.403 WARN   Wiring.write_wire_scope: net not found
2026-10-07 02:18:53.403 WARN   Wiring.write_wire_scope: net not found
2026-10-07 02:18:53.403 WARN   Wiring.write_wire_scope: net not found
2026-10-07 02:18:53.403 WARN   Wiring.write_wire_scope: net not found
2026-10-07 02:18:53.403 WARN   Wiring.write_wire_scope: net not found
2026-10-07 02:18:53.403 WARN   Wiring.write_wire_scope: net not found
2026-10-07 02:18:53.403 WARN   Wiring.write_wire_scope: net not found
2026-10-07 02:18:53.403 WARN   Wiring.write_wire_scope: net not found
2026-10-07 02:18:53.403 WARN   Wiring.write_wire_scope: net not found
2026-10-07 02:18:53.403 WARN   Wiring.write_wire_scope: net not found
2026-10-07 02:18:53.403 WARN   Wiring.write_wire_scope: net not found
2026-10-07 02:18:53.403 WARN   Wiring.write_wire_scope: net not found
2026-10-07 02:18:53.403 WARN   Wiring.write_wire_scope: net not found
2026-10-07 02:18:53.403 WARN   Wiring.write_wire_scope: net not found
2026-10-07 02:18:53.403 WARN   Wiring.write_wire_scope: net not found
2026-10-07 02:18:53.403 WARN   Wiring.write_wire_scope: net not found
2026-10-07 02:18:53.403 WARN   Wiring.write_wire_scope: net not found
2026-10-07 02:18:53.403 WARN   Wiring.write_wire_scope: net not found
2026-10-07 02:18:53.403 WARN   Wiring.write_wire_scope: net not found
2026-10-07 02:18:53.403 WARN   Wiring.write_wire_scope: net not found
2026-10-07 02:18:53.403 WARN   Wiring.write_wire_scope: net not found
2026-10-07 02:18:53.403 WARN   Wiring.write_wire_scope: net not found
2026-10-07 02:18:53.403 WARN   Wiring.write_wire_scope: net not found
2026-10-07 02:18:53.403 WARN   Wiring.write_wire_scope: net not found
2026-10-07 02:18:53.403 WARN   Wiring.write_wire_scope: net not found
2026-10-07 02:18:53.403 WARN   Wiring.write_wire_scope: net not found
2026-10-07 02:18:53.403 WARN   Wiring.write_wire_scope: net not found
2026-10-07 02:18:53.403 WARN   Wiring.write_wire_scope: net not found
2026-10-07 02:18:53.403 WARN   Wiring.write_wire_scope: net not found
2026-10-07 02:18:53.403 WARN   Wiring.write_wire_scope: net not found
2026-10-07 02:18:53.403 WARN   Wiring.write_wire_scope: net not found
2026-10-07 02:18:53.403 WARN   Wiring.write_wire_scope: net not found
2026-10-07 02:18:53.403 WARN   Wiring.write_wire_scope: net not found
2026-10-07 02:18:53.403 WARN   Wiring.write_wire_scope: net not found
2026-10-07 02:18:53.403 WARN   Wiring.write_wire_scope: net not found
2026-10-07 02:18:53.403 WARN   Wiring.write_wire_scope: net not found
2026-10-07 02:18:53.403 WARN   Wiring.write_wire_scope: net not found
2026-10-07 02:18:53.403 WARN   Wiring.write_wire_scope: net not found
2026-10-07 02:18:53.403 WARN   Wiring.write_wire_scope: net not found
2026-10-07 02:18:53.403 WARN   Wiring.write_wire_scope: net not found
2026-10-07 02:18:53.403 WARN   Wiring.write_wire_scope: net not found
2026-10-07 02:18:53.403 WARN   Wiring.write_wire_scope: net not found
2026-10-07 02:18:53.403 WARN   Wiring.write_wire_scope: net not found
2026-10-07 02:18:53.403 WARN   Wiring.write_wire_scope: net not found
2026-10-07 02:18:53.403 WARN   Wiring.write_wire_scope: net not found
2026-10-07 02:18:53.403 WARN   Wiring.write_wire_scope: net not found
2026-10-07 02:18:53.403 WARN   Wiring.write_wire_scope: net not found
2026-10-07 02:18:53.403 WARN   Wiring.write_wire_scope: net not found
2026-10-07 02:18:53.403 WARN   Wiring.write_wire_scope: net not found
2026-10-07 02:18:53.403 WARN   Wiring.write_wire_scope: net not found
2026-10-07 02:18:53.403 WARN   Wiring.write_wire_scope: net not found
2026-10-07 02:18:53.403 WARN   Wiring.write_wire_scope: net not found
2026-10-07 02:18:53.403 WARN   Wiring.write_wire_scope: net not found
2026-10-07 02:18:56.027 WARN   Wiring.write_wire_scope: net not found
2026-10-07 02:18:56.027 WARN   Wiring.write_wire_scope: net not found
2026-10-07 02:18:56.027 WARN   Wiring.write_wire_scope: net not found
2026-10-07 02:18:56.027 WARN   Wiring.write_wire_scope: net not found
2026-10-07 02:18:56.027 WARN   Wiring.write_wire_scope: net not found
2026-10-07 02:18:56.027 WARN   Wiring.write_wire_scope: net not found
2026-10-07 02:18:56.027 WARN   Wiring.write_wire_scope: net not found
2026-10-07 02:18:56.027 WARN   Wiring.write_wire_scope: net not found
2026-10-07 02:18:56.027 WARN   Wiring.write_wire_scope: net not found
2026-10-07 02:18:56.027 WARN   Wiring.write_wire_scope: net not found
2026-10-07 02:18:56.027 WARN   Wiring.write_wire_scope: net not found
2026-10-07 02:18:56.027 WARN   Wiring.write_wire_scope: net not found
2026-10-07 02:18:56.027 WARN   Wiring.write_wire_scope: net not found
2026-10-07 02:18:56.027 WARN   Wiring.write_wire_scope: net not found
2026-10-07 02:18:56.027 WARN   Wiring.write_wire_scope: net not found
2026-10-07 02:18:56.027 WARN   Wiring.write_wire_scope: net not found
2026-10-07 02:18:56.027 WARN   Wiring.write_wire_scope: net not found
2026-10-07 02:18:56.027 WARN   Wiring.write_wire_scope: net not found
2026-10-07 02:18:56.027 WARN   Wiring.write_wire_scope: net not found
2026-10-07 02:18:56.027 WARN   Wiring.write_wire_scope: net not found
2026-10-07 02:18:56.027 WARN   Wiring.write_wire_scope: net not found
2026-10-07 02:18:56.027 WARN   Wiring.write_wire_scope: net not found
2026-10-07 02:18:56.027 WARN   Wiring.write_wire_scope: net not found
2026-10-07 02:18:56.027 WARN   Wiring.write_wire_scope: net not found
2026-10-07 02:18:56.027 WARN   Wiring.write_wire_scope: net not found
2026-10-07 02:18:56.027 WARN   Wiring.write_wire_scope: net not found
2026-10-07 02:18:56.027 WARN   Wiring.write_wire_scope: net not found
2026-10-07 02:18:56.027 WARN   Wiring.write_wire_scope: net not found
2026-10-07 02:18:56.027 WARN   Wiring.write_wire_scope: net not found
2026-10-07 02:18:56.028 WARN   Wiring.write_wire_scope: net not found
2026-10-07 02:18:56.028 WARN   Wiring.write_wire_scope: net not found
2026-10-07 02:18:56.028 WARN   Wiring.write_wire_scope: net not found
2026-10-07 02:18:56.028 WARN   Wiring.write_wire_scope: net not found
2026-10-07 02:18:56.028 WARN   Wiring.write_wire_scope: net not found
2026-10-07 02:18:56.028 WARN   Wiring.write_wire_scope: net not found
2026-10-07 02:18:56.028 WARN   Wiring.write_wire_scope: net not found
2026-10-07 02:18:56.028 WARN   Wiring.write_wire_scope: net not found
2026-10-07 02:18:56.028 WARN   Wiring.write_wire_scope: net not found
2026-10-07 02:18:56.028 WARN   Wiring.write_wire_scope: net not found
2026-10-07 02:18:56.028 WARN   Wiring.write_wire_scope: net not found
2026-10-07 02:18:56.028 WARN   Wiring.write_wire_scope: net not found
2026-10-07 02:18:56.028 WARN   Wiring.write_wire_scope: net not found
2026-10-07 02:18:56.028 WARN   Wiring.write_wire_scope: net not found
2026-10-07 02:18:56.028 WARN   Wiring.write_wire_scope: net not found
2026-10-07 02:18:56.028 WARN   Wiring.write_wire_scope: net not found
2026-10-07 02:18:56.028 WARN   Wiring.write_wire_scope: net not found
2026-10-07 02:18:56.028 WARN   Wiring.write_wire_scope: net not found
2026-10-07 02:18:56.028 WARN   Wiring.write_wire_scope: net not found
2026-10-07 02:18:56.028 WARN   Wiring.write_wire_scope: net not found
2026-10-07 02:18:56.028 WARN   Wiring.write_wire_scope: net not found
2026-10-07 02:18:56.028 WARN   Wiring.write_wire_scope: net not found
2026-10-07 02:18:56.028 WARN   Wiring.write_wire_scope: net not found
2026-10-07 02:18:56.028 WARN   Wiring.write_wire_scope: net not found
2026-10-07 02:18:56.028 WARN   Wiring.write_wire_scope: net not found
2026-10-07 02:18:56.028 WARN   Wiring.write_wire_scope: net not found
2026-10-07 02:18:56.028 WARN   Wiring.write_wire_scope: net not found
2026-10-07 02:18:56.028 WARN   Wiring.write_wire_scope: net not found
2026-10-07 02:18:56.028 WARN   Wiring.write_wire_scope: net not found
2026-10-07 02:18:56.028 WARN   Wiring.write_wire_scope: net not found
2026-10-07 02:18:56.028 WARN   Wiring.write_wire_scope: net not found
2026-10-07 02:18:56.028 WARN   Wiring.write_wire_scope: net not found
2026-10-07 02:18:56.028 WARN   Wiring.write_wire_scope: net not found
2026-10-07 02:18:56.028 WARN   Wiring.write_wire_scope: net not found
2026-10-07 02:18:56.028 WARN   Wiring.write_wire_scope: net not found
2026-10-07 02:18:56.028 WARN   Wiring.write_wire_scope: net not found
2026-10-07 02:18:56.028 WARN   Wiring.write_wire_scope: net not found
2026-10-07 02:18:56.028 WARN   Wiring.write_wire_scope: net not found
2026-10-07 02:18:56.028 WARN   Wiring.write_wire_scope: net not found
2026-10-07 02:18:56.028 WARN   Wiring.write_wire_scope: net not found
2026-10-07 02:18:56.028 WARN   Wiring.write_wire_scope: net not found
2026-10-07 02:18:56.028 WARN   Wiring.write_wire_scope: net not found
2026-10-07 02:18:56.028 WARN   Wiring.write_wire_scope: net not found
2026-10-07 02:18:56.028 WARN   Wiring.write_wire_scope: net not found
2026-10-07 02:18:56.028 WARN   Wiring.write_wire_scope: net not found
2026-10-07 02:18:56.028 WARN   Wiring.write_wire_scope: net not found
2026-10-07 02:18:56.609 WARN   Wiring.write_wire_scope: net not found
2026-10-07 02:18:56.609 WARN   Wiring.write_wire_scope: net not found
2026-10-07 02:18:56.609 WARN   Wiring.write_wire_scope: net not found
2026-10-07 02:18:56.609 WARN   Wiring.write_wire_scope: net not found
2026-10-07 02:18:56.609 WARN   Wiring.write_wire_scope: net not found
2026-10-07 02:18:56.609 WARN   Wiring.write_wire_scope: net not found
2026-10-07 02:18:56.609 WARN   Wiring.write_wire_scope: net not found
2026-10-07 02:18:56.609 WARN   Wiring.write_wire_scope: net not found
2026-10-07 02:18:56.609 WARN   Wiring.write_wire_scope: net not found
2026-10-07 02:18:56.609 WARN   Wiring.write_wire_scope: net not found
2026-10-07 02:18:56.609 WARN   Wiring.write_wire_scope: net not found
2026-10-07 02:18:56.609 WARN   Wiring.write_wire_scope: net not found
2026-10-07 02:18:56.609 WARN   Wiring.write_wire_scope: net not found
2026-10-07 02:18:56.609 WARN   Wiring.write_wire_scope: net not found
2026-10-07 02:18:56.609 WARN   Wiring.write_wire_scope: net not found
2026-10-07 02:18:56.609 WARN   Wiring.write_wire_scope: net not found
2026-10-07 02:18:56.609 WARN   Wiring.write_wire_scope: net not found
2026-10-07 02:18:56.609 WARN   Wiring.write_wire_scope: net not found
2026-10-07 02:18:56.609 WARN   Wiring.write_wire_scope: net not found
2026-10-07 02:18:56.609 WARN   Wiring.write_wire_scope: net not found
2026-10-07 02:18:56.609 WARN   Wiring.write_wire_scope: net not found
2026-10-07 02:18:56.609 WARN   Wiring.write_wire_scope: net not found
2026-10-07 02:18:56.609 WARN   Wiring.write_wire_scope: net not found
2026-10-07 02:18:56.609 WARN   Wiring.write_wire_scope: net not found
2026-10-07 02:18:56.610 WARN   Wiring.write_wire_scope: net not found
2026-10-07 02:18:56.610 WARN   Wiring.write_wire_scope: net not found
2026-10-07 02:18:56.610 WARN   Wiring.write_wire_scope: net not found
2026-10-07 02:18:56.610 WARN   Wiring.write_wire_scope: net not found
2026-10-07 02:18:56.610 WARN   Wiring.write_wire_scope: net not found
2026-10-07 02:18:56.610 WARN   Wiring.write_wire_scope: net not found
2026-10-07 02:18:56.610 WARN   Wiring.write_wire_scope: net not found
2026-10-07 02:18:56.610 WARN   Wiring.write_wire_scope: net not found
2026-10-07 02:18:56.610 WARN   Wiring.write_wire_scope: net not found
2026-10-07 02:18:56.610 WARN   Wiring.write_wire_scope: net not found
2026-10-07 02:18:56.610 WARN   Wiring.write_wire_scope: net not found
2026-10-07 02:18:56.610 WARN   Wiring.write_wire_scope: net not found
2026-10-07 02:18:56.610 WARN   Wiring.write_wire_scope: net not found
2026-10-07 02:18:56.610 WARN   Wiring.write_wire_scope: net not found
2026-10-07 02:18:56.610 WARN   Wiring.write_wire_scope: net not found
2026-10-07 02:18:56.610 WARN   Wiring.write_wire_scope: net not found
2026-10-07 02:18:56.610 WARN   Wiring.write_wire_scope: net not found
2026-10-07 02:18:56.610 WARN   Wiring.write_wire_scope: net not found
2026-10-07 02:18:56.610 WARN   Wiring.write_wire_scope: net not found
2026-10-07 02:18:56.610 WARN   Wiring.write_wire_scope: net not found
2026-10-07 02:18:56.610 WARN   Wiring.write_wire_scope: net not found
2026-10-07 02:18:56.610 WARN   Wiring.write_wire_scope: net not found
2026-10-07 02:18:56.610 WARN   Wiring.write_wire_scope: net not found
2026-10-07 02:18:56.610 WARN   Wiring.write_wire_scope: net not found
2026-10-07 02:18:56.610 WARN   Wiring.write_wire_scope: net not found
2026-10-07 02:18:56.610 WARN   Wiring.write_wire_scope: net not found
2026-10-07 02:18:56.610 WARN   Wiring.write_wire_scope: net not found
2026-10-07 02:18:56.610 WARN   Wiring.write_wire_scope: net not found
2026-10-07 02:18:56.610 WARN   Wiring.write_wire_scope: net not found
2026-10-07 02:18:56.610 WARN   Wiring.write_wire_scope: net not found
2026-10-07 02:18:56.610 WARN   Wiring.write_wire_scope: net not found
2026-10-07 02:18:56.610 WARN   Wiring.write_wire_scope: net not found
2026-10-07 02:18:56.610 WARN   Wiring.write_wire_scope: net not found
2026-10-07 02:18:56.610 WARN   Wiring.write_wire_scope: net not found
2026-10-07 02:18:56.610 WARN   Wiring.write_wire_scope: net not found
2026-10-07 02:18:56.610 WARN   Wiring.write_wire_scope: net not found
2026-10-07 02:18:56.610 WARN   Wiring.write_wire_scope: net not found
2026-10-07 02:18:56.610 WARN   Wiring.write_wire_scope: net not found
2026-10-07 02:18:56.610 WARN   Wiring.write_wire_scope: net not found
2026-10-07 02:18:56.610 WARN   Wiring.write_wire_scope: net not found
2026-10-07 02:18:56.610 WARN   Wiring.write_wire_scope: net not found
2026-10-07 02:18:56.610 WARN   Wiring.write_wire_scope: net not found
2026-10-07 02:18:56.610 WARN   Wiring.write_wire_scope: net not found
2026-10-07 02:18:56.610 WARN   Wiring.write_wire_scope: net not found
2026-10-07 02:18:56.610 WARN   Wiring.write_wire_scope: net not found
2026-10-07 02:18:56.610 WARN   Wiring.write_wire_scope: net not found
2026-10-07 02:18:56.610 WARN   Wiring.write_wire_scope: net not found
2026-10-07 02:18:56.610 WARN   Wiring.write_wire_scope: net not found
2026-10-07 02:18:56.610 WARN   Wiring.write_wire_scope: net not found
2026-10-07 02:18:56.610 WARN   Wiring.write_wire_scope: net not found
2026-10-07 02:18:56.610 WARN   Wiring.write_wire_scope: net not found
2026-10-07 02:18:57.108 WARN   Wiring.write_wire_scope: net not found
2026-10-07 02:18:57.108 WARN   Wiring.write_wire_scope: net not found
2026-10-07 02:18:57.108 WARN   Wiring.write_wire_scope: net not found
2026-10-07 02:18:57.108 WARN   Wiring.write_wire_scope: net not found
2026-10-07 02:18:57.108 WARN   Wiring.write_wire_scope: net not found
2026-10-07 02:18:57.108 WARN   Wiring.write_wire_scope: net not found
2026-10-07 02:18:57.108 WARN   Wiring.write_wire_scope: net not found
2026-10-07 02:18:57.108 WARN   Wiring.write_wire_scope: net not found
2026-10-07 02:18:57.108 WARN   Wiring.write_wire_scope: net not found
2026-10-07 02:18:57.108 WARN   Wiring.write_wire_scope: net not found
2026-10-07 02:18:57.108 WARN   Wiring.write_wire_scope: net not found
2026-10-07 02:18:57.108 WARN   Wiring.write_wire_scope: net not found
2026-10-07 02:18:57.108 WARN   Wiring.write_wire_scope: net not found
2026-10-07 02:18:57.108 WARN   Wiring.write_wire_scope: net not found
2026-10-07 02:18:57.108 WARN   Wiring.write_wire_scope: net not found
2026-10-07 02:18:57.108 WARN   Wiring.write_wire_scope: net not found
2026-10-07 02:18:57.108 WARN   Wiring.write_wire_scope: net not found
2026-10-07 02:18:57.108 WARN   Wiring.write_wire_scope: net not found
2026-10-07 02:18:57.108 WARN   Wiring.write_wire_scope: net not found
2026-10-07 02:18:57.108 WARN   Wiring.write_wire_scope: net not found
2026-10-07 02:18:57.108 WARN   Wiring.write_wire_scope: net not found
2026-10-07 02:18:57.108 WARN   Wiring.write_wire_scope: net not found
2026-10-07 02:18:57.108 WARN   Wiring.write_wire_scope: net not found
2026-10-07 02:18:57.108 WARN   Wiring.write_wire_scope: net not found
2026-10-07 02:18:57.108 WARN   Wiring.write_wire_scope: net not found
2026-10-07 02:18:57.108 WARN   Wiring.write_wire_scope: net not found
2026-10-07 02:18:57.108 WARN   Wiring.write_wire_scope: net not found
2026-10-07 02:18:57.108 WARN   Wiring.write_wire_scope: net not found
2026-10-07 02:18:57.108 WARN   Wiring.write_wire_scope: net not found
2026-10-07 02:18:57.108 WARN   Wiring.write_wire_scope: net not found
2026-10-07 02:18:57.108 WARN   Wiring.write_wire_scope: net not found
2026-10-07 02:18:57.108 WARN   Wiring.write_wire_scope: net not found
2026-10-07 02:18:57.108 WARN   Wiring.write_wire_scope: net not found
2026-10-07 02:18:57.108 WARN   Wiring.write_wire_scope: net not found
2026-10-07 02:18:57.108 WARN   Wiring.write_wire_scope: net not found
2026-10-07 02:18:57.108 WARN   Wiring.write_wire_scope: net not found
2026-10-07 02:18:57.108 WARN   Wiring.write_wire_scope: net not found
2026-10-07 02:18:57.108 WARN   Wiring.write_wire_scope: net not found
2026-10-07 02:18:57.108 WARN   Wiring.write_wire_scope: net not found
2026-10-07 02:18:57.108 WARN   Wiring.write_wire_scope: net not found
2026-10-07 02:18:57.108 WARN   Wiring.write_wire_scope: net not found
2026-10-07 02:18:57.108 WARN   Wiring.write_wire_scope: net not found
2026-10-07 02:18:57.108 WARN   Wiring.write_wire_scope: net not found
2026-10-07 02:18:57.108 WARN   Wiring.write_wire_scope: net not found
2026-10-07 02:18:57.108 WARN   Wiring.write_wire_scope: net not found
2026-10-07 02:18:57.108 WARN   Wiring.write_wire_scope: net not found
2026-10-07 02:18:57.108 WARN   Wiring.write_wire_scope: net not found
2026-10-07 02:18:57.108 WARN   Wiring.write_wire_scope: net not found
2026-10-07 02:18:57.108 WARN   Wiring.write_wire_scope: net not found
2026-10-07 02:18:57.108 WARN   Wiring.write_wire_scope: net not found
2026-10-07 02:18:57.108 WARN   Wiring.write_wire_scope: net not found
2026-10-07 02:18:57.108 WARN   Wiring.write_wire_scope: net not found
2026-10-07 02:18:57.108 WARN   Wiring.write_wire_scope: net not found
2026-10-07 02:18:57.108 WARN   Wiring.write_wire_scope: net not found
2026-10-07 02:18:57.108 WARN   Wiring.write_wire_scope: net not found
2026-10-07 02:18:57.108 WARN   Wiring.write_wire_scope: net not found
2026-10-07 02:18:57.108 WARN   Wiring.write_wire_scope: net not found
2026-10-07 02:18:57.108 WARN   Wiring.write_wire_scope: net not found
2026-10-07 02:18:57.108 WARN   Wiring.write_wire_scope: net not found
2026-10-07 02:18:57.108 WARN   Wiring.write_wire_scope: net not found
2026-10-07 02:18:57.108 WARN   Wiring.write_wire_scope: net not found
2026-10-07 02:18:57.108 WARN   Wiring.write_wire_scope: net not found
2026-10-07 02:18:57.108 WARN   Wiring.write_wire_scope: net not found
2026-10-07 02:18:57.108 WARN   Wiring.write_wire_scope: net not found
2026-10-07 02:18:57.108 WARN   Wiring.write_wire_scope: net not found
2026-10-07 02:18:57.108 WARN   Wiring.write_wire_scope: net not found
2026-10-07 02:18:57.108 WARN   Wiring.write_wire_scope: net not found
2026-10-07 02:18:57.108 WARN   Wiring.write_wire_scope: net not found
2026-10-07 02:18:57.108 WARN   Wiring.write_wire_scope: net not found
2026-10-07 02:18:57.108 WARN   Wiring.write_wire_scope: net not found
2026-10-07 02:18:57.108 WARN   Wiring.write_wire_scope: net not found
2026-10-07 02:18:57.108 WARN   Wiring.write_wire_scope: net not found
2026-10-07 02:18:57.108 WARN   Wiring.write_wire_scope: net not found
2026-10-07 02:18:57.108 WARN   Wiring.write_wire_scope: net not found
2026-10-07 02:18:57.108 WARN   Wiring.write_wire_scope: net not found
2026-10-07 02:18:57.631 WARN   Wiring.write_wire_scope: net not found
2026-10-07 02:18:57.631 WARN   Wiring.write_wire_scope: net not found
2026-10-07 02:18:57.631 WARN   Wiring.write_wire_scope: net not found
2026-10-07 02:18:57.631 WARN   Wiring.write_wire_scope: net not found
2026-10-07 02:18:57.631 WARN   Wiring.write_wire_scope: net not found
2026-10-07 02:18:57.631 WARN   Wiring.write_wire_scope: net not found
2026-10-07 02:18:57.631 WARN   Wiring.write_wire_scope: net not found
2026-10-07 02:18:57.631 WARN   Wiring.write_wire_scope: net not found
2026-10-07 02:18:57.631 WARN   Wiring.write_wire_scope: net not found
2026-10-07 02:18:57.631 WARN   Wiring.write_wire_scope: net not found
2026-10-07 02:18:57.631 WARN   Wiring.write_wire_scope: net not found
2026-10-07 02:18:57.631 WARN   Wiring.write_wire_scope: net not found
2026-10-07 02:18:57.631 WARN   Wiring.write_wire_scope: net not found
2026-10-07 02:18:57.631 WARN   Wiring.write_wire_scope: net not found
2026-10-07 02:18:57.631 WARN   Wiring.write_wire_scope: net not found
2026-10-07 02:18:57.631 WARN   Wiring.write_wire_scope: net not found
2026-10-07 02:18:57.631 WARN   Wiring.write_wire_scope: net not found
2026-10-07 02:18:57.631 WARN   Wiring.write_wire_scope: net not found
2026-10-07 02:18:57.631 WARN   Wiring.write_wire_scope: net not found
2026-10-07 02:18:57.631 WARN   Wiring.write_wire_scope: net not found
2026-10-07 02:18:57.631 WARN   Wiring.write_wire_scope: net not found
2026-10-07 02:18:57.631 WARN   Wiring.write_wire_scope: net not found
2026-10-07 02:18:57.631 WARN   Wiring.write_wire_scope: net not found
2026-10-07 02:18:57.631 WARN   Wiring.write_wire_scope: net not found
2026-10-07 02:18:57.631 WARN   Wiring.write_wire_scope: net not found
2026-10-07 02:18:57.631 WARN   Wiring.write_wire_scope: net not found
2026-10-07 02:18:57.631 WARN   Wiring.write_wire_scope: net not found
2026-10-07 02:18:57.632 WARN   Wiring.write_wire_scope: net not found
2026-10-07 02:18:57.632 WARN   Wiring.write_wire_scope: net not found
2026-10-07 02:18:57.632 WARN   Wiring.write_wire_scope: net not found
2026-10-07 02:18:57.632 WARN   Wiring.write_wire_scope: net not found
2026-10-07 02:18:57.632 WARN   Wiring.write_wire_scope: net not found
2026-10-07 02:18:57.632 WARN   Wiring.write_wire_scope: net not found
2026-10-07 02:18:57.632 WARN   Wiring.write_wire_scope: net not found
2026-10-07 02:18:57.632 WARN   Wiring.write_wire_scope: net not found
2026-10-07 02:18:57.632 WARN   Wiring.write_wire_scope: net not found
2026-10-07 02:18:57.632 WARN   Wiring.write_wire_scope: net not found
2026-10-07 02:18:57.632 WARN   Wiring.write_wire_scope: net not found
2026-10-07 02:18:57.632 WARN   Wiring.write_wire_scope: net not found
2026-10-07 02:18:57.632 WARN   Wiring.write_wire_scope: net not found
2026-10-07 02:18:57.632 WARN   Wiring.write_wire_scope: net not found
2026-10-07 02:18:57.632 WARN   Wiring.write_wire_scope: net not found
2026-10-07 02:18:57.632 WARN   Wiring.write_wire_scope: net not found
2026-10-07 02:18:57.632 WARN   Wiring.write_wire_scope: net not found
2026-10-07 02:18:57.632 WARN   Wiring.write_wire_scope: net not found
2026-10-07 02:18:57.632 WARN   Wiring.write_wire_scope: net not found
2026-10-07 02:18:57.632 WARN   Wiring.write_wire_scope: net not found
2026-10-07 02:18:57.632 WARN   Wiring.write_wire_scope: net not found
2026-10-07 02:18:57.632 WARN   Wiring.write_wire_scope: net not found
2026-10-07 02:18:57.632 WARN   Wiring.write_wire_scope: net not found
2026-10-07 02:18:57.632 WARN   Wiring.write_wire_scope: net not found
2026-10-07 02:18:57.632 WARN   Wiring.write_wire_scope: net not found
2026-10-07 02:18:57.632 WARN   Wiring.write_wire_scope: net not found
2026-10-07 02:18:57.632 WARN   Wiring.write_wire_scope: net not found
2026-10-07 02:18:57.632 WARN   Wiring.write_wire_scope: net not found
2026-10-07 02:18:57.632 WARN   Wiring.write_wire_scope: net not found
2026-10-07 02:18:57.632 WARN   Wiring.write_wire_scope: net not found
2026-10-07 02:18:57.632 WARN   Wiring.write_wire_scope: net not found
2026-10-07 02:18:57.632 WARN   Wiring.write_wire_scope: net not found
2026-10-07 02:18:57.632 WARN   Wiring.write_wire_scope: net not found
2026-10-07 02:18:57.632 WARN   Wiring.write_wire_scope: net not found
2026-10-07 02:18:57.632 WARN   Wiring.write_wire_scope: net not found
2026-10-07 02:18:57.632 WARN   Wiring.write_wire_scope: net not found
2026-10-07 02:18:57.632 WARN   Wiring.write_wire_scope: net not found
2026-10-07 02:18:57.632 WARN   Wiring.write_wire_scope: net not found
2026-10-07 02:18:57.632 WARN   Wiring.write_wire_scope: net not found
2026-10-07 02:18:57.632 WARN   Wiring.write_wire_scope: net not found
2026-10-07 02:18:57.632 WARN   Wiring.write_wire_scope: net not found
2026-10-07 02:18:57.632 WARN   Wiring.write_wire_scope: net not found
2026-10-07 02:18:57.632 WARN   Wiring.write_wire_scope: net not found
2026-10-07 02:18:57.632 WARN   Wiring.write_wire_scope: net not found
2026-10-07 02:18:57.632 WARN   Wiring.write_wire_scope: net not found
2026-10-07 02:18:57.632 WARN   Wiring.write_wire_scope: net not found
2026-10-07 02:18:57.632 WARN   Wiring.write_wire_scope: net not found
2026-10-07 02:18:57.632 WARN   Wiring.write_wire_scope: net not found
2026-10-07 02:18:58.145 WARN   Wiring.write_wire_scope: net not found
2026-10-07 02:18:58.145 WARN   Wiring.write_wire_scope: net not found
2026-10-07 02:18:58.145 WARN   Wiring.write_wire_scope: net not found
2026-10-07 02:18:58.145 WARN   Wiring.write_wire_scope: net not found
2026-10-07 02:18:58.145 WARN   Wiring.write_wire_scope: net not found
2026-10-07 02:18:58.145 WARN   Wiring.write_wire_scope: net not found
2026-10-07 02:18:58.145 WARN   Wiring.write_wire_scope: net not found
2026-10-07 02:18:58.145 WARN   Wiring.write_wire_scope: net not found
2026-10-07 02:18:58.145 WARN   Wiring.write_wire_scope: net not found
2026-10-07 02:18:58.145 WARN   Wiring.write_wire_scope: net not found
2026-10-07 02:18:58.145 WARN   Wiring.write_wire_scope: net not found
2026-10-07 02:18:58.145 WARN   Wiring.write_wire_scope: net not found
2026-10-07 02:18:58.145 WARN   Wiring.write_wire_scope: net not found
2026-10-07 02:18:58.145 WARN   Wiring.write_wire_scope: net not found
2026-10-07 02:18:58.145 WARN   Wiring.write_wire_scope: net not found
2026-10-07 02:18:58.145 WARN   Wiring.write_wire_scope: net not found
2026-10-07 02:18:58.145 WARN   Wiring.write_wire_scope: net not found
2026-10-07 02:18:58.145 WARN   Wiring.write_wire_scope: net not found
2026-10-07 02:18:58.145 WARN   Wiring.write_wire_scope: net not found
2026-10-07 02:18:58.145 WARN   Wiring.write_wire_scope: net not found
2026-10-07 02:18:58.145 WARN   Wiring.write_wire_scope: net not found
2026-10-07 02:18:58.145 WARN   Wiring.write_wire_scope: net not found
2026-10-07 02:18:58.145 WARN   Wiring.write_wire_scope: net not found
2026-10-07 02:18:58.145 WARN   Wiring.write_wire_scope: net not found
2026-10-07 02:18:58.145 WARN   Wiring.write_wire_scope: net not found
2026-10-07 02:18:58.145 WARN   Wiring.write_wire_scope: net not found
2026-10-07 02:18:58.145 WARN   Wiring.write_wire_scope: net not found
2026-10-07 02:18:58.145 WARN   Wiring.write_wire_scope: net not found
2026-10-07 02:18:58.145 WARN   Wiring.write_wire_scope: net not found
2026-10-07 02:18:58.145 WARN   Wiring.write_wire_scope: net not found
2026-10-07 02:18:58.145 WARN   Wiring.write_wire_scope: net not found
2026-10-07 02:18:58.145 WARN   Wiring.write_wire_scope: net not found
2026-10-07 02:18:58.145 WARN   Wiring.write_wire_scope: net not found
2026-10-07 02:18:58.145 WARN   Wiring.write_wire_scope: net not found
2026-10-07 02:18:58.145 WARN   Wiring.write_wire_scope: net not found
2026-10-07 02:18:58.145 WARN   Wiring.write_wire_scope: net not found
2026-10-07 02:18:58.145 WARN   Wiring.write_wire_scope: net not found
2026-10-07 02:18:58.145 WARN   Wiring.write_wire_scope: net not found
2026-10-07 02:18:58.145 WARN   Wiring.write_wire_scope: net not found
2026-10-07 02:18:58.145 WARN   Wiring.write_wire_scope: net not found
2026-10-07 02:18:58.145 WARN   Wiring.write_wire_scope: net not found
2026-10-07 02:18:58.145 WARN   Wiring.write_wire_scope: net not found
2026-10-07 02:18:58.145 WARN   Wiring.write_wire_scope: net not found
2026-10-07 02:18:58.145 WARN   Wiring.write_wire_scope: net not found
2026-10-07 02:18:58.145 WARN   Wiring.write_wire_scope: net not found
2026-10-07 02:18:58.145 WARN   Wiring.write_wire_scope: net not found
2026-10-07 02:18:58.145 WARN   Wiring.write_wire_scope: net not found
2026-10-07 02:18:58.145 WARN   Wiring.write_wire_scope: net not found
2026-10-07 02:18:58.145 WARN   Wiring.write_wire_scope: net not found
2026-10-07 02:18:58.145 WARN   Wiring.write_wire_scope: net not found
2026-10-07 02:18:58.145 WARN   Wiring.write_wire_scope: net not found
2026-10-07 02:18:58.145 WARN   Wiring.write_wire_scope: net not found
2026-10-07 02:18:58.145 WARN   Wiring.write_wire_scope: net not found
2026-10-07 02:18:58.145 WARN   Wiring.write_wire_scope: net not found
2026-10-07 02:18:58.145 WARN   Wiring.write_wire_scope: net not found
2026-10-07 02:18:58.145 WARN   Wiring.write_wire_scope: net not found
2026-10-07 02:18:58.145 WARN   Wiring.write_wire_scope: net not found
2026-10-07 02:18:58.145 WARN   Wiring.write_wire_scope: net not found
2026-10-07 02:18:58.145 WARN   Wiring.write_wire_scope: net not found
2026-10-07 02:18:58.145 WARN   Wiring.write_wire_scope: net not found
2026-10-07 02:18:58.145 WARN   Wiring.write_wire_scope: net not found
2026-10-07 02:18:58.145 WARN   Wiring.write_wire_scope: net not found
2026-10-07 02:18:58.145 WARN   Wiring.write_wire_scope: net not found
2026-10-07 02:18:58.145 WARN   Wiring.write_wire_scope: net not found
2026-10-07 02:18:58.145 WARN   Wiring.write_wire_scope: net not found
2026-10-07 02:18:58.145 WARN   Wiring.write_wire_scope: net not found
2026-10-07 02:18:58.145 WARN   Wiring.write_wire_scope: net not found
2026-10-07 02:18:58.145 WARN   Wiring.write_wire_scope: net not found
2026-10-07 02:18:58.145 WARN   Wiring.write_wire_scope: net not found
2026-10-07 02:18:58.145 WARN   Wiring.write_wire_scope: net not found
2026-10-07 02:18:58.145 WARN   Wiring.write_wire_scope: net not found
2026-10-07 02:18:58.145 WARN   Wiring.write_wire_scope: net not found
2026-10-07 02:18:58.145 WARN   Wiring.write_wire_scope: net not found
2026-10-07 02:18:58.145 WARN   Wiring.write_wire_scope: net not found
2026-10-07 02:18:58.145 WARN   Wiring.write_wire_scope: net not found
2026-10-07 02:18:58.289 WARN   Wiring.write_wire_scope: net not found
2026-10-07 02:18:58.289 WARN   Wiring.write_wire_scope: net not found
2026-10-07 02:18:58.289 WARN   Wiring.write_wire_scope: net not found
2026-10-07 02:18:58.289 WARN   Wiring.write_wire_scope: net not found
2026-10-07 02:18:58.289 WARN   Wiring.write_wire_scope: net not found
2026-10-07 02:18:58.289 WARN   Wiring.write_wire_scope: net not found
2026-10-07 02:18:58.289 WARN   Wiring.write_wire_scope: net not found
2026-10-07 02:18:58.289 WARN   Wiring.write_wire_scope: net not found
2026-10-07 02:18:58.289 WARN   Wiring.write_wire_scope: net not found
2026-10-07 02:18:58.289 WARN   Wiring.write_wire_scope: net not found
2026-10-07 02:18:58.289 WARN   Wiring.write_wire_scope: net not found
2026-10-07 02:18:58.289 WARN   Wiring.write_wire_scope: net not found
2026-10-07 02:18:58.289 WARN   Wiring.write_wire_scope: net not found
2026-10-07 02:18:58.289 WARN   Wiring.write_wire_scope: net not found
2026-10-07 02:18:58.289 WARN   Wiring.write_wire_scope: net not found
2026-10-07 02:18:58.289 WARN   Wiring.write_wire_scope: net not found
2026-10-07 02:18:58.289 WARN   Wiring.write_wire_scope: net not found
2026-10-07 02:18:58.289 WARN   Wiring.write_wire_scope: net not found
2026-10-07 02:18:58.289 WARN   Wiring.write_wire_scope: net not found
2026-10-07 02:18:58.289 WARN   Wiring.write_wire_scope: net not found
2026-10-07 02:18:58.289 WARN   Wiring.write_wire_scope: net not found
2026-10-07 02:18:58.289 WARN   Wiring.write_wire_scope: net not found
2026-10-07 02:18:58.289 WARN   Wiring.write_wire_scope: net not found
2026-10-07 02:18:58.289 WARN   Wiring.write_wire_scope: net not found
2026-10-07 02:18:58.290 WARN   Wiring.write_wire_scope: net not found
2026-10-07 02:18:58.290 WARN   Wiring.write_wire_scope: net not found
2026-10-07 02:18:58.290 WARN   Wiring.write_wire_scope: net not found
2026-10-07 02:18:58.290 WARN   Wiring.write_wire_scope: net not found
2026-10-07 02:18:58.290 WARN   Wiring.write_wire_scope: net not found
2026-10-07 02:18:58.290 WARN   Wiring.write_wire_scope: net not found
2026-10-07 02:18:58.290 WARN   Wiring.write_wire_scope: net not found
2026-10-07 02:18:58.290 WARN   Wiring.write_wire_scope: net not found
2026-10-07 02:18:58.290 WARN   Wiring.write_wire_scope: net not found
2026-10-07 02:18:58.290 WARN   Wiring.write_wire_scope: net not found
2026-10-07 02:18:58.290 WARN   Wiring.write_wire_scope: net not found
2026-10-07 02:18:58.290 WARN   Wiring.write_wire_scope: net not found
2026-10-07 02:18:58.290 WARN   Wiring.write_wire_scope: net not found
2026-10-07 02:18:58.290 WARN   Wiring.write_wire_scope: net not found
2026-10-07 02:18:58.290 WARN   Wiring.write_wire_scope: net not found
2026-10-07 02:18:58.290 WARN   Wiring.write_wire_scope: net not found
2026-10-07 02:18:58.290 WARN   Wiring.write_wire_scope: net not found
2026-10-07 02:18:58.290 WARN   Wiring.write_wire_scope: net not found
2026-10-07 02:18:58.290 WARN   Wiring.write_wire_scope: net not found
2026-10-07 02:18:58.290 WARN   Wiring.write_wire_scope: net not found
2026-10-07 02:18:58.290 WARN   Wiring.write_wire_scope: net not found
2026-10-07 02:18:58.290 WARN   Wiring.write_wire_scope: net not found
2026-10-07 02:18:58.290 WARN   Wiring.write_wire_scope: net not found
2026-10-07 02:18:58.290 WARN   Wiring.write_wire_scope: net not found
2026-10-07 02:18:58.290 WARN   Wiring.write_wire_scope: net not found
2026-10-07 02:18:58.290 WARN   Wiring.write_wire_scope: net not found
2026-10-07 02:18:58.290 WARN   Wiring.write_wire_scope: net not found
2026-10-07 02:18:58.290 WARN   Wiring.write_wire_scope: net not found
2026-10-07 02:18:58.290 WARN   Wiring.write_wire_scope: net not found
2026-10-07 02:18:58.290 WARN   Wiring.write_wire_scope: net not found
2026-10-07 02:18:58.290 WARN   Wiring.write_wire_scope: net not found
2026-10-07 02:18:58.290 WARN   Wiring.write_wire_scope: net not found
2026-10-07 02:18:58.290 WARN   Wiring.write_wire_scope: net not found
2026-10-07 02:18:58.290 WARN   Wiring.write_wire_scope: net not found
2026-10-07 02:18:58.290 WARN   Wiring.write_wire_scope: net not found
2026-10-07 02:18:58.290 WARN   Wiring.write_wire_scope: net not found
2026-10-07 02:18:58.290 WARN   Wiring.write_wire_scope: net not found
2026-10-07 02:18:58.290 WARN   Wiring.write_wire_scope: net not found
2026-10-07 02:18:58.290 WARN   Wiring.write_wire_scope: net not found
2026-10-07 02:18:58.290 WARN   Wiring.write_wire_scope: net not found
2026-10-07 02:18:58.290 WARN   Wiring.write_wire_scope: net not found
2026-10-07 02:18:58.290 WARN   Wiring.write_wire_scope: net not found
2026-10-07 02:18:58.290 WARN   Wiring.write_wire_scope: net not found
2026-10-07 02:18:58.290 WARN   Wiring.write_wire_scope: net not found
2026-10-07 02:18:58.290 WARN   Wiring.write_wire_scope: net not found
2026-10-07 02:18:58.290 WARN   Wiring.write_wire_scope: net not found
2026-10-07 02:18:58.290 WARN   Wiring.write_wire_scope: net not found
2026-10-07 02:18:58.290 WARN   Wiring.write_wire_scope: net not found
2026-10-07 02:18:58.290 WARN   Wiring.write_wire_scope: net not found
2026-10-07 02:18:58.290 WARN   Wiring.write_wire_scope: net not found
2026-10-07 02:18:58.290 WARN   Wiring.write_wire_scope: net not found
2026-10-07 02:18:58.338 INFO   [F4C0B6\366547] Auto-routing pass #1 on board '3253ee7eefe5e1c0b07575630a39e852' was completed in 21.77 seconds with score 375.43 (58 unrouted and 490 violations), using 23.69 CPU seconds and the job allocated 28.60 GB of memory so far.
2026-10-07 02:18:58.499 INFO   [F4C0B6\366547] Auto-routing stage completed: started with 111 unrouted nets, completed in 24.01 seconds, final score: 375.43 (58 unrouted and 490 violations), using 23.69 total CPU seconds, 28.60 GB total allocated, and 609.1 MB peak heap usage.
2026-10-07 02:18:58.552 INFO   [F4C0B6\366547] Skipping optimization stage: the board has 58 unrouted connection(s) (optimizer only runs on completely routed boards).
2026-10-07 02:18:58.579 WARN   Wiring.write_wire_scope: net not found
2026-10-07 02:18:58.579 WARN   Wiring.write_wire_scope: net not found
2026-10-07 02:18:58.579 WARN   Wiring.write_wire_scope: net not found
2026-10-07 02:18:58.579 WARN   Wiring.write_wire_scope: net not found
2026-10-07 02:18:58.579 WARN   Wiring.write_wire_scope: net not found
2026-10-07 02:18:58.579 WARN   Wiring.write_wire_scope: net not found
2026-10-07 02:18:58.579 WARN   Wiring.write_wire_scope: net not found
2026-10-07 02:18:58.579 WARN   Wiring.write_wire_scope: net not found
2026-10-07 02:18:58.579 WARN   Wiring.write_wire_scope: net not found
2026-10-07 02:18:58.579 WARN   Wiring.write_wire_scope: net not found
2026-10-07 02:18:58.579 WARN   Wiring.write_wire_scope: net not found
2026-10-07 02:18:58.579 WARN   Wiring.write_wire_scope: net not found
2026-10-07 02:18:58.579 WARN   Wiring.write_wire_scope: net not found
2026-10-07 02:18:58.579 WARN   Wiring.write_wire_scope: net not found
2026-10-07 02:18:58.579 WARN   Wiring.write_wire_scope: net not found
2026-10-07 02:18:58.579 WARN   Wiring.write_wire_scope: net not found
2026-10-07 02:18:58.579 WARN   Wiring.write_wire_scope: net not found
2026-10-07 02:18:58.579 WARN   Wiring.write_wire_scope: net not found
2026-10-07 02:18:58.579 WARN   Wiring.write_wire_scope: net not found
2026-10-07 02:18:58.579 WARN   Wiring.write_wire_scope: net not found
2026-10-07 02:18:58.579 WARN   Wiring.write_wire_scope: net not found
2026-10-07 02:18:58.579 WARN   Wiring.write_wire_scope: net not found
2026-10-07 02:18:58.579 WARN   Wiring.write_wire_scope: net not found
2026-10-07 02:18:58.579 WARN   Wiring.write_wire_scope: net not found
2026-10-07 02:18:58.580 WARN   Wiring.write_wire_scope: net not found
2026-10-07 02:18:58.580 WARN   Wiring.write_wire_scope: net not found
2026-10-07 02:18:58.580 WARN   Wiring.write_wire_scope: net not found
2026-10-07 02:18:58.580 WARN   Wiring.write_wire_scope: net not found
2026-10-07 02:18:58.580 WARN   Wiring.write_wire_scope: net not found
2026-10-07 02:18:58.580 WARN   Wiring.write_wire_scope: net not found
2026-10-07 02:18:58.580 WARN   Wiring.write_wire_scope: net not found
2026-10-07 02:18:58.580 WARN   Wiring.write_wire_scope: net not found
2026-10-07 02:18:58.580 WARN   Wiring.write_wire_scope: net not found
2026-10-07 02:18:58.580 WARN   Wiring.write_wire_scope: net not found
2026-10-07 02:18:58.580 WARN   Wiring.write_wire_scope: net not found
2026-10-07 02:18:58.580 WARN   Wiring.write_wire_scope: net not found
2026-10-07 02:18:58.580 WARN   Wiring.write_wire_scope: net not found
2026-10-07 02:18:58.580 WARN   Wiring.write_wire_scope: net not found
2026-10-07 02:18:58.580 WARN   Wiring.write_wire_scope: net not found
2026-10-07 02:18:58.580 WARN   Wiring.write_wire_scope: net not found
2026-10-07 02:18:58.580 WARN   Wiring.write_wire_scope: net not found
2026-10-07 02:18:58.580 WARN   Wiring.write_wire_scope: net not found
2026-10-07 02:18:58.580 WARN   Wiring.write_wire_scope: net not found
2026-10-07 02:18:58.580 WARN   Wiring.write_wire_scope: net not found
2026-10-07 02:18:58.580 WARN   Wiring.write_wire_scope: net not found
2026-10-07 02:18:58.580 WARN   Wiring.write_wire_scope: net not found
2026-10-07 02:18:58.580 WARN   Wiring.write_wire_scope: net not found
2026-10-07 02:18:58.580 WARN   Wiring.write_wire_scope: net not found
2026-10-07 02:18:58.580 WARN   Wiring.write_wire_scope: net not found
2026-10-07 02:18:58.580 WARN   Wiring.write_wire_scope: net not found
2026-10-07 02:18:58.580 WARN   Wiring.write_wire_scope: net not found
2026-10-07 02:18:58.580 WARN   Wiring.write_wire_scope: net not found
2026-10-07 02:18:58.580 WARN   Wiring.write_wire_scope: net not found
2026-10-07 02:18:58.580 WARN   Wiring.write_wire_scope: net not found
2026-10-07 02:18:58.580 WARN   Wiring.write_wire_scope: net not found
2026-10-07 02:18:58.580 WARN   Wiring.write_wire_scope: net not found
2026-10-07 02:18:58.580 WARN   Wiring.write_wire_scope: net not found
2026-10-07 02:18:58.580 WARN   Wiring.write_wire_scope: net not found
2026-10-07 02:18:58.580 WARN   Wiring.write_wire_scope: net not found
2026-10-07 02:18:58.580 WARN   Wiring.write_wire_scope: net not found
2026-10-07 02:18:58.580 WARN   Wiring.write_wire_scope: net not found
2026-10-07 02:18:58.580 WARN   Wiring.write_wire_scope: net not found
2026-10-07 02:18:58.580 WARN   Wiring.write_wire_scope: net not found
2026-10-07 02:18:58.580 WARN   Wiring.write_wire_scope: net not found
2026-10-07 02:18:58.580 WARN   Wiring.write_wire_scope: net not found
2026-10-07 02:18:58.580 WARN   Wiring.write_wire_scope: net not found
2026-10-07 02:18:58.580 WARN   Wiring.write_wire_scope: net not found
2026-10-07 02:18:58.580 WARN   Wiring.write_wire_scope: net not found
2026-10-07 02:18:58.580 WARN   Wiring.write_wire_scope: net not found
2026-10-07 02:18:58.580 WARN   Wiring.write_wire_scope: net not found
2026-10-07 02:18:58.580 WARN   Wiring.write_wire_scope: net not found
2026-10-07 02:18:58.580 WARN   Wiring.write_wire_scope: net not found
2026-10-07 02:18:58.580 WARN   Wiring.write_wire_scope: net not found
2026-10-07 02:18:58.580 WARN   Wiring.write_wire_scope: net not found
2026-10-07 02:18:58.580 WARN   Wiring.write_wire_scope: net not found
2026-10-07 02:18:58.581 INFO   [F4C0B6\366547] Job 'F4C0B6\366547' finished with state: COMPLETED (elapsed: 24.33 seconds, finished at UTC: 2026-10-06T15:18:58.580955574Z).
2026-10-07 02:18:58.620 INFO   Saving output file '/home/chithi/Desktop/DesktopSpeaker/ai-files/pcb/work-p1/B1-c3.ses' (SES)...
2026-10-07 02:18:58.621 INFO   Successfully saved output file '/home/chithi/Desktop/DesktopSpeaker/ai-files/pcb/work-p1/B1-c3.ses' (56221 bytes).
