2026-10-07 12:38:23.422 INFO   Freerouting v2.5.0 (build-date: 2026-10-05)
2026-10-07 12:38:23.685 INFO   Hardware: 24 CPU cores, 603 CPU score, 16056 MB RAM
2026-10-07 12:38:23.686 WARN   Deprecated settings path '-mp / --router.max_passes'; use '--router.autorouter.max_passes' instead. The old path will be removed in a future release.
2026-10-07 12:38:23.686 WARN   Couldn't get screen resolution. If you are running in a headless environment, disable the GUI by setting gui.enabled to false.
2026-10-07 12:38:24.708 WARN   Deprecated settings path 'router.max_passes'; use 'router.autorouter.max_passes' instead. The old path will be removed in a future release.
2026-10-07 12:38:24.967 INFO   [4B1866\9D172F] Loading board file 'B3-c4.dsn'...
2026-10-07 12:38:25.131 WARN   DSN file 'B3-c4.dsn' was loaded with 1 warning(s).
2026-10-07 12:38:25.199 INFO   [4B1866\9D172F] Job '4B1866\9D172F' started at 2026-10-07T01:38:25.198876678Z.
2026-10-07 12:38:25.288 WARN   Wiring.write_wire_scope: net not found
2026-10-07 12:38:25.288 WARN   Wiring.write_wire_scope: net not found
2026-10-07 12:38:25.289 WARN   Wiring.write_wire_scope: net not found
2026-10-07 12:38:25.289 WARN   Wiring.write_wire_scope: net not found
2026-10-07 12:38:25.289 WARN   Wiring.write_wire_scope: net not found
2026-10-07 12:38:25.289 WARN   Wiring.write_wire_scope: net not found
2026-10-07 12:38:25.289 WARN   Wiring.write_wire_scope: net not found
2026-10-07 12:38:25.289 WARN   Wiring.write_wire_scope: net not found
2026-10-07 12:38:25.289 WARN   Wiring.write_wire_scope: net not found
2026-10-07 12:38:25.289 WARN   Wiring.write_wire_scope: net not found
2026-10-07 12:38:25.289 WARN   Wiring.write_wire_scope: net not found
2026-10-07 12:38:25.290 WARN   Wiring.write_wire_scope: net not found
2026-10-07 12:38:25.290 WARN   Wiring.write_wire_scope: net not found
2026-10-07 12:38:25.290 WARN   Wiring.write_wire_scope: net not found
2026-10-07 12:38:25.290 WARN   Wiring.write_wire_scope: net not found
2026-10-07 12:38:25.290 WARN   Wiring.write_wire_scope: net not found
2026-10-07 12:38:25.290 WARN   Wiring.write_wire_scope: net not found
2026-10-07 12:38:25.290 WARN   Wiring.write_wire_scope: net not found
2026-10-07 12:38:25.290 WARN   Wiring.write_wire_scope: net not found
2026-10-07 12:38:25.290 WARN   Wiring.write_wire_scope: net not found
2026-10-07 12:38:25.290 WARN   Wiring.write_wire_scope: net not found
2026-10-07 12:38:25.290 WARN   Wiring.write_wire_scope: net not found
2026-10-07 12:38:25.290 WARN   Wiring.write_wire_scope: net not found
2026-10-07 12:38:25.290 WARN   Wiring.write_wire_scope: net not found
2026-10-07 12:38:25.290 WARN   Wiring.write_wire_scope: net not found
2026-10-07 12:38:25.290 WARN   Wiring.write_wire_scope: net not found
2026-10-07 12:38:25.291 WARN   Wiring.write_wire_scope: net not found
2026-10-07 12:38:25.291 WARN   Wiring.write_wire_scope: net not found
2026-10-07 12:38:25.291 WARN   Wiring.write_wire_scope: net not found
2026-10-07 12:38:25.291 WARN   Wiring.write_wire_scope: net not found
2026-10-07 12:38:25.291 WARN   Wiring.write_wire_scope: net not found
2026-10-07 12:38:25.291 WARN   Wiring.write_wire_scope: net not found
2026-10-07 12:38:25.291 WARN   Wiring.write_wire_scope: net not found
2026-10-07 12:38:25.291 WARN   Wiring.write_wire_scope: net not found
2026-10-07 12:38:25.291 WARN   Wiring.write_wire_scope: net not found
2026-10-07 12:38:25.292 WARN   Wiring.write_wire_scope: net not found
2026-10-07 12:38:25.292 WARN   Wiring.write_wire_scope: net not found
2026-10-07 12:38:25.292 WARN   Wiring.write_wire_scope: net not found
2026-10-07 12:38:25.292 WARN   Wiring.write_wire_scope: net not found
2026-10-07 12:38:25.292 WARN   Wiring.write_wire_scope: net not found
2026-10-07 12:38:25.292 WARN   Wiring.write_wire_scope: net not found
2026-10-07 12:38:25.292 WARN   Wiring.write_wire_scope: net not found
2026-10-07 12:38:25.292 WARN   Wiring.write_wire_scope: net not found
2026-10-07 12:38:25.292 WARN   Wiring.write_wire_scope: net not found
2026-10-07 12:38:25.292 WARN   Wiring.write_wire_scope: net not found
2026-10-07 12:38:25.293 WARN   Wiring.write_wire_scope: net not found
2026-10-07 12:38:25.293 WARN   Wiring.write_wire_scope: net not found
2026-10-07 12:38:25.293 WARN   Wiring.write_wire_scope: net not found
2026-10-07 12:38:25.293 WARN   Wiring.write_wire_scope: net not found
2026-10-07 12:38:25.293 WARN   Wiring.write_wire_scope: net not found
2026-10-07 12:38:25.293 WARN   Wiring.write_wire_scope: net not found
2026-10-07 12:38:25.293 WARN   Wiring.write_wire_scope: net not found
2026-10-07 12:38:25.293 WARN   Wiring.write_wire_scope: net not found
2026-10-07 12:38:25.293 WARN   Wiring.write_wire_scope: net not found
2026-10-07 12:38:25.293 WARN   Wiring.write_wire_scope: net not found
2026-10-07 12:38:25.293 WARN   Wiring.write_wire_scope: net not found
2026-10-07 12:38:25.293 WARN   Wiring.write_wire_scope: net not found
2026-10-07 12:38:25.293 WARN   Wiring.write_wire_scope: net not found
2026-10-07 12:38:25.293 WARN   Wiring.write_wire_scope: net not found
2026-10-07 12:38:25.293 WARN   Wiring.write_wire_scope: net not found
2026-10-07 12:38:25.293 WARN   Wiring.write_wire_scope: net not found
2026-10-07 12:38:25.293 WARN   Wiring.write_wire_scope: net not found
2026-10-07 12:38:25.293 WARN   Wiring.write_wire_scope: net not found
2026-10-07 12:38:25.294 WARN   Wiring.write_wire_scope: net not found
2026-10-07 12:38:25.294 WARN   Wiring.write_wire_scope: net not found
2026-10-07 12:38:25.294 WARN   Wiring.write_wire_scope: net not found
2026-10-07 12:38:25.294 WARN   Wiring.write_wire_scope: net not found
2026-10-07 12:38:25.294 WARN   Wiring.write_wire_scope: net not found
2026-10-07 12:38:25.346 WARN   Design Warning: Board has 190 pre-existing clearance violation(s) in the loaded design (before routing):
  - 190 unfixable violation(s) (cannot be resolved by Freerouting):
      * 33 pin-to-pin clearance violations (first 5 shown):
          - Q103.9 <-> Q103.8
          - Q103.9 <-> Q103.7
          - Q103.9 <-> Q103.6
          - Q103.9 <-> Q103.5
          - U25.21 <-> U25.20
          ... and 28 more
      * 157 fixed trace/via clearance violations (first 5 shown):
          - FixedTrace#3418 <-> R187.1
          - FixedTrace#3418 <-> FixedTrace#3417
          - FixedTrace#3417 <-> U1.49
          - FixedTrace#3417 <-> R187.1
          - FixedTrace#3400 [net Net-(U24-XI)] <-> C206.1 [net Net-(U24-VINL1)]
          ... and 152 more
  - 0 potentially fixable violations
Notice: Freerouting does not modify component placement, board outlines, or fixed items.
Resolving these 190 unfixable violation(s) is the responsibility of the board author in their EDA tool (e.g. KiCad).
2026-10-07 12:38:25.384 INFO   [4B1866\9D172F] Pipeline thread limits: autorouter pass is single-threaded, optimizer.max_threads=23.
2026-10-07 12:38:25.485 INFO   [4B1866\9D172F] Fanout stage started on board '096f606d3ca33add8f0d6ed5eb484690' with 167 of 1066 SMD pins needing fanout (27 already connected, 872 netless).
2026-10-07 12:38:25.582 WARN   Wiring.write_wire_scope: net not found
2026-10-07 12:38:25.582 WARN   Wiring.write_wire_scope: net not found
2026-10-07 12:38:25.582 WARN   Wiring.write_wire_scope: net not found
2026-10-07 12:38:25.582 WARN   Wiring.write_wire_scope: net not found
2026-10-07 12:38:25.582 WARN   Wiring.write_wire_scope: net not found
2026-10-07 12:38:25.582 WARN   Wiring.write_wire_scope: net not found
2026-10-07 12:38:25.582 WARN   Wiring.write_wire_scope: net not found
2026-10-07 12:38:25.582 WARN   Wiring.write_wire_scope: net not found
2026-10-07 12:38:25.582 WARN   Wiring.write_wire_scope: net not found
2026-10-07 12:38:25.582 WARN   Wiring.write_wire_scope: net not found
2026-10-07 12:38:25.582 WARN   Wiring.write_wire_scope: net not found
2026-10-07 12:38:25.582 WARN   Wiring.write_wire_scope: net not found
2026-10-07 12:38:25.582 WARN   Wiring.write_wire_scope: net not found
2026-10-07 12:38:25.582 WARN   Wiring.write_wire_scope: net not found
2026-10-07 12:38:25.582 WARN   Wiring.write_wire_scope: net not found
2026-10-07 12:38:25.582 WARN   Wiring.write_wire_scope: net not found
2026-10-07 12:38:25.582 WARN   Wiring.write_wire_scope: net not found
2026-10-07 12:38:25.583 WARN   Wiring.write_wire_scope: net not found
2026-10-07 12:38:25.583 WARN   Wiring.write_wire_scope: net not found
2026-10-07 12:38:25.583 WARN   Wiring.write_wire_scope: net not found
2026-10-07 12:38:25.583 WARN   Wiring.write_wire_scope: net not found
2026-10-07 12:38:25.583 WARN   Wiring.write_wire_scope: net not found
2026-10-07 12:38:25.583 WARN   Wiring.write_wire_scope: net not found
2026-10-07 12:38:25.583 WARN   Wiring.write_wire_scope: net not found
2026-10-07 12:38:25.583 WARN   Wiring.write_wire_scope: net not found
2026-10-07 12:38:25.583 WARN   Wiring.write_wire_scope: net not found
2026-10-07 12:38:25.583 WARN   Wiring.write_wire_scope: net not found
2026-10-07 12:38:25.583 WARN   Wiring.write_wire_scope: net not found
2026-10-07 12:38:25.583 WARN   Wiring.write_wire_scope: net not found
2026-10-07 12:38:25.583 WARN   Wiring.write_wire_scope: net not found
2026-10-07 12:38:25.583 WARN   Wiring.write_wire_scope: net not found
2026-10-07 12:38:25.583 WARN   Wiring.write_wire_scope: net not found
2026-10-07 12:38:25.583 WARN   Wiring.write_wire_scope: net not found
2026-10-07 12:38:25.583 WARN   Wiring.write_wire_scope: net not found
2026-10-07 12:38:25.583 WARN   Wiring.write_wire_scope: net not found
2026-10-07 12:38:25.583 WARN   Wiring.write_wire_scope: net not found
2026-10-07 12:38:25.583 WARN   Wiring.write_wire_scope: net not found
2026-10-07 12:38:25.583 WARN   Wiring.write_wire_scope: net not found
2026-10-07 12:38:25.583 WARN   Wiring.write_wire_scope: net not found
2026-10-07 12:38:25.584 WARN   Wiring.write_wire_scope: net not found
2026-10-07 12:38:25.584 WARN   Wiring.write_wire_scope: net not found
2026-10-07 12:38:25.584 WARN   Wiring.write_wire_scope: net not found
2026-10-07 12:38:25.584 WARN   Wiring.write_wire_scope: net not found
2026-10-07 12:38:25.584 WARN   Wiring.write_wire_scope: net not found
2026-10-07 12:38:25.584 WARN   Wiring.write_wire_scope: net not found
2026-10-07 12:38:25.584 WARN   Wiring.write_wire_scope: net not found
2026-10-07 12:38:25.584 WARN   Wiring.write_wire_scope: net not found
2026-10-07 12:38:25.584 WARN   Wiring.write_wire_scope: net not found
2026-10-07 12:38:25.584 WARN   Wiring.write_wire_scope: net not found
2026-10-07 12:38:25.584 WARN   Wiring.write_wire_scope: net not found
2026-10-07 12:38:25.584 WARN   Wiring.write_wire_scope: net not found
2026-10-07 12:38:25.584 WARN   Wiring.write_wire_scope: net not found
2026-10-07 12:38:25.584 WARN   Wiring.write_wire_scope: net not found
2026-10-07 12:38:25.584 WARN   Wiring.write_wire_scope: net not found
2026-10-07 12:38:25.584 WARN   Wiring.write_wire_scope: net not found
2026-10-07 12:38:25.584 WARN   Wiring.write_wire_scope: net not found
2026-10-07 12:38:25.584 WARN   Wiring.write_wire_scope: net not found
2026-10-07 12:38:25.584 WARN   Wiring.write_wire_scope: net not found
2026-10-07 12:38:25.584 WARN   Wiring.write_wire_scope: net not found
2026-10-07 12:38:25.584 WARN   Wiring.write_wire_scope: net not found
2026-10-07 12:38:25.584 WARN   Wiring.write_wire_scope: net not found
2026-10-07 12:38:25.584 WARN   Wiring.write_wire_scope: net not found
2026-10-07 12:38:25.584 WARN   Wiring.write_wire_scope: net not found
2026-10-07 12:38:25.584 WARN   Wiring.write_wire_scope: net not found
2026-10-07 12:38:25.584 WARN   Wiring.write_wire_scope: net not found
2026-10-07 12:38:25.584 WARN   Wiring.write_wire_scope: net not found
2026-10-07 12:38:25.584 WARN   Wiring.write_wire_scope: net not found
2026-10-07 12:38:25.584 WARN   Wiring.write_wire_scope: net not found
2026-10-07 12:38:25.712 WARN   Wiring.write_wire_scope: net not found
2026-10-07 12:38:25.712 WARN   Wiring.write_wire_scope: net not found
2026-10-07 12:38:25.712 WARN   Wiring.write_wire_scope: net not found
2026-10-07 12:38:25.712 WARN   Wiring.write_wire_scope: net not found
2026-10-07 12:38:25.712 WARN   Wiring.write_wire_scope: net not found
2026-10-07 12:38:25.712 WARN   Wiring.write_wire_scope: net not found
2026-10-07 12:38:25.712 WARN   Wiring.write_wire_scope: net not found
2026-10-07 12:38:25.713 WARN   Wiring.write_wire_scope: net not found
2026-10-07 12:38:25.713 WARN   Wiring.write_wire_scope: net not found
2026-10-07 12:38:25.713 WARN   Wiring.write_wire_scope: net not found
2026-10-07 12:38:25.713 WARN   Wiring.write_wire_scope: net not found
2026-10-07 12:38:25.713 WARN   Wiring.write_wire_scope: net not found
2026-10-07 12:38:25.713 WARN   Wiring.write_wire_scope: net not found
2026-10-07 12:38:25.713 WARN   Wiring.write_wire_scope: net not found
2026-10-07 12:38:25.713 WARN   Wiring.write_wire_scope: net not found
2026-10-07 12:38:25.713 WARN   Wiring.write_wire_scope: net not found
2026-10-07 12:38:25.713 WARN   Wiring.write_wire_scope: net not found
2026-10-07 12:38:25.713 WARN   Wiring.write_wire_scope: net not found
2026-10-07 12:38:25.713 WARN   Wiring.write_wire_scope: net not found
2026-10-07 12:38:25.713 WARN   Wiring.write_wire_scope: net not found
2026-10-07 12:38:25.713 WARN   Wiring.write_wire_scope: net not found
2026-10-07 12:38:25.713 WARN   Wiring.write_wire_scope: net not found
2026-10-07 12:38:25.713 WARN   Wiring.write_wire_scope: net not found
2026-10-07 12:38:25.713 WARN   Wiring.write_wire_scope: net not found
2026-10-07 12:38:25.713 WARN   Wiring.write_wire_scope: net not found
2026-10-07 12:38:25.713 WARN   Wiring.write_wire_scope: net not found
2026-10-07 12:38:25.714 WARN   Wiring.write_wire_scope: net not found
2026-10-07 12:38:25.714 WARN   Wiring.write_wire_scope: net not found
2026-10-07 12:38:25.714 WARN   Wiring.write_wire_scope: net not found
2026-10-07 12:38:25.714 WARN   Wiring.write_wire_scope: net not found
2026-10-07 12:38:25.714 WARN   Wiring.write_wire_scope: net not found
2026-10-07 12:38:25.714 WARN   Wiring.write_wire_scope: net not found
2026-10-07 12:38:25.714 WARN   Wiring.write_wire_scope: net not found
2026-10-07 12:38:25.714 WARN   Wiring.write_wire_scope: net not found
2026-10-07 12:38:25.714 WARN   Wiring.write_wire_scope: net not found
2026-10-07 12:38:25.714 WARN   Wiring.write_wire_scope: net not found
2026-10-07 12:38:25.714 WARN   Wiring.write_wire_scope: net not found
2026-10-07 12:38:25.714 WARN   Wiring.write_wire_scope: net not found
2026-10-07 12:38:25.714 WARN   Wiring.write_wire_scope: net not found
2026-10-07 12:38:25.714 WARN   Wiring.write_wire_scope: net not found
2026-10-07 12:38:25.714 WARN   Wiring.write_wire_scope: net not found
2026-10-07 12:38:25.714 WARN   Wiring.write_wire_scope: net not found
2026-10-07 12:38:25.714 WARN   Wiring.write_wire_scope: net not found
2026-10-07 12:38:25.714 WARN   Wiring.write_wire_scope: net not found
2026-10-07 12:38:25.715 WARN   Wiring.write_wire_scope: net not found
2026-10-07 12:38:25.715 WARN   Wiring.write_wire_scope: net not found
2026-10-07 12:38:25.715 WARN   Wiring.write_wire_scope: net not found
2026-10-07 12:38:25.715 WARN   Wiring.write_wire_scope: net not found
2026-10-07 12:38:25.715 WARN   Wiring.write_wire_scope: net not found
2026-10-07 12:38:25.715 WARN   Wiring.write_wire_scope: net not found
2026-10-07 12:38:25.715 WARN   Wiring.write_wire_scope: net not found
2026-10-07 12:38:25.715 WARN   Wiring.write_wire_scope: net not found
2026-10-07 12:38:25.715 WARN   Wiring.write_wire_scope: net not found
2026-10-07 12:38:25.715 WARN   Wiring.write_wire_scope: net not found
2026-10-07 12:38:25.715 WARN   Wiring.write_wire_scope: net not found
2026-10-07 12:38:25.715 WARN   Wiring.write_wire_scope: net not found
2026-10-07 12:38:25.715 WARN   Wiring.write_wire_scope: net not found
2026-10-07 12:38:25.715 WARN   Wiring.write_wire_scope: net not found
2026-10-07 12:38:25.715 WARN   Wiring.write_wire_scope: net not found
2026-10-07 12:38:25.715 WARN   Wiring.write_wire_scope: net not found
2026-10-07 12:38:25.715 WARN   Wiring.write_wire_scope: net not found
2026-10-07 12:38:25.715 WARN   Wiring.write_wire_scope: net not found
2026-10-07 12:38:25.715 WARN   Wiring.write_wire_scope: net not found
2026-10-07 12:38:25.715 WARN   Wiring.write_wire_scope: net not found
2026-10-07 12:38:25.715 WARN   Wiring.write_wire_scope: net not found
2026-10-07 12:38:25.715 WARN   Wiring.write_wire_scope: net not found
2026-10-07 12:38:25.715 WARN   Wiring.write_wire_scope: net not found
2026-10-07 12:38:25.715 WARN   Wiring.write_wire_scope: net not found
2026-10-07 12:38:26.594 WARN   Wiring.write_wire_scope: net not found
2026-10-07 12:38:26.594 WARN   Wiring.write_wire_scope: net not found
2026-10-07 12:38:26.595 WARN   Wiring.write_wire_scope: net not found
2026-10-07 12:38:26.595 WARN   Wiring.write_wire_scope: net not found
2026-10-07 12:38:26.595 WARN   Wiring.write_wire_scope: net not found
2026-10-07 12:38:26.595 WARN   Wiring.write_wire_scope: net not found
2026-10-07 12:38:26.595 WARN   Wiring.write_wire_scope: net not found
2026-10-07 12:38:26.595 WARN   Wiring.write_wire_scope: net not found
2026-10-07 12:38:26.595 WARN   Wiring.write_wire_scope: net not found
2026-10-07 12:38:26.595 WARN   Wiring.write_wire_scope: net not found
2026-10-07 12:38:26.595 WARN   Wiring.write_wire_scope: net not found
2026-10-07 12:38:26.595 WARN   Wiring.write_wire_scope: net not found
2026-10-07 12:38:26.595 WARN   Wiring.write_wire_scope: net not found
2026-10-07 12:38:26.595 WARN   Wiring.write_wire_scope: net not found
2026-10-07 12:38:26.595 WARN   Wiring.write_wire_scope: net not found
2026-10-07 12:38:26.595 WARN   Wiring.write_wire_scope: net not found
2026-10-07 12:38:26.595 WARN   Wiring.write_wire_scope: net not found
2026-10-07 12:38:26.595 WARN   Wiring.write_wire_scope: net not found
2026-10-07 12:38:26.595 WARN   Wiring.write_wire_scope: net not found
2026-10-07 12:38:26.595 WARN   Wiring.write_wire_scope: net not found
2026-10-07 12:38:26.595 WARN   Wiring.write_wire_scope: net not found
2026-10-07 12:38:26.595 WARN   Wiring.write_wire_scope: net not found
2026-10-07 12:38:26.595 WARN   Wiring.write_wire_scope: net not found
2026-10-07 12:38:26.595 WARN   Wiring.write_wire_scope: net not found
2026-10-07 12:38:26.595 WARN   Wiring.write_wire_scope: net not found
2026-10-07 12:38:26.595 WARN   Wiring.write_wire_scope: net not found
2026-10-07 12:38:26.595 WARN   Wiring.write_wire_scope: net not found
2026-10-07 12:38:26.595 WARN   Wiring.write_wire_scope: net not found
2026-10-07 12:38:26.595 WARN   Wiring.write_wire_scope: net not found
2026-10-07 12:38:26.595 WARN   Wiring.write_wire_scope: net not found
2026-10-07 12:38:26.595 WARN   Wiring.write_wire_scope: net not found
2026-10-07 12:38:26.595 WARN   Wiring.write_wire_scope: net not found
2026-10-07 12:38:26.595 WARN   Wiring.write_wire_scope: net not found
2026-10-07 12:38:26.595 WARN   Wiring.write_wire_scope: net not found
2026-10-07 12:38:26.595 WARN   Wiring.write_wire_scope: net not found
2026-10-07 12:38:26.595 WARN   Wiring.write_wire_scope: net not found
2026-10-07 12:38:26.595 WARN   Wiring.write_wire_scope: net not found
2026-10-07 12:38:26.595 WARN   Wiring.write_wire_scope: net not found
2026-10-07 12:38:26.596 WARN   Wiring.write_wire_scope: net not found
2026-10-07 12:38:26.596 WARN   Wiring.write_wire_scope: net not found
2026-10-07 12:38:26.596 WARN   Wiring.write_wire_scope: net not found
2026-10-07 12:38:26.596 WARN   Wiring.write_wire_scope: net not found
2026-10-07 12:38:26.596 WARN   Wiring.write_wire_scope: net not found
2026-10-07 12:38:26.596 WARN   Wiring.write_wire_scope: net not found
2026-10-07 12:38:26.596 WARN   Wiring.write_wire_scope: net not found
2026-10-07 12:38:26.596 WARN   Wiring.write_wire_scope: net not found
2026-10-07 12:38:26.596 WARN   Wiring.write_wire_scope: net not found
2026-10-07 12:38:26.596 WARN   Wiring.write_wire_scope: net not found
2026-10-07 12:38:26.596 WARN   Wiring.write_wire_scope: net not found
2026-10-07 12:38:26.596 WARN   Wiring.write_wire_scope: net not found
2026-10-07 12:38:26.596 WARN   Wiring.write_wire_scope: net not found
2026-10-07 12:38:26.596 WARN   Wiring.write_wire_scope: net not found
2026-10-07 12:38:26.596 WARN   Wiring.write_wire_scope: net not found
2026-10-07 12:38:26.596 WARN   Wiring.write_wire_scope: net not found
2026-10-07 12:38:26.596 WARN   Wiring.write_wire_scope: net not found
2026-10-07 12:38:26.596 WARN   Wiring.write_wire_scope: net not found
2026-10-07 12:38:26.596 WARN   Wiring.write_wire_scope: net not found
2026-10-07 12:38:26.596 WARN   Wiring.write_wire_scope: net not found
2026-10-07 12:38:26.596 WARN   Wiring.write_wire_scope: net not found
2026-10-07 12:38:26.596 WARN   Wiring.write_wire_scope: net not found
2026-10-07 12:38:26.596 WARN   Wiring.write_wire_scope: net not found
2026-10-07 12:38:26.596 WARN   Wiring.write_wire_scope: net not found
2026-10-07 12:38:26.596 WARN   Wiring.write_wire_scope: net not found
2026-10-07 12:38:26.596 WARN   Wiring.write_wire_scope: net not found
2026-10-07 12:38:26.596 WARN   Wiring.write_wire_scope: net not found
2026-10-07 12:38:26.596 WARN   Wiring.write_wire_scope: net not found
2026-10-07 12:38:26.596 WARN   Wiring.write_wire_scope: net not found
2026-10-07 12:38:26.596 WARN   Wiring.write_wire_scope: net not found
2026-10-07 12:38:26.608 INFO   [4B1866\9D172F] Fanout pass #1 on board '0cf7e799b1053120a186c3352309f130' completed in 1.04 seconds with 73 SMD pins fanouted, 58 not routed, 0 insert errors, +0 extra vias (0 SMD pins still to check in pass, ripup costs=100).
2026-10-07 12:38:26.658 WARN   Wiring.write_wire_scope: net not found
2026-10-07 12:38:26.658 WARN   Wiring.write_wire_scope: net not found
2026-10-07 12:38:26.658 WARN   Wiring.write_wire_scope: net not found
2026-10-07 12:38:26.658 WARN   Wiring.write_wire_scope: net not found
2026-10-07 12:38:26.658 WARN   Wiring.write_wire_scope: net not found
2026-10-07 12:38:26.658 WARN   Wiring.write_wire_scope: net not found
2026-10-07 12:38:26.658 WARN   Wiring.write_wire_scope: net not found
2026-10-07 12:38:26.658 WARN   Wiring.write_wire_scope: net not found
2026-10-07 12:38:26.658 WARN   Wiring.write_wire_scope: net not found
2026-10-07 12:38:26.658 WARN   Wiring.write_wire_scope: net not found
2026-10-07 12:38:26.658 WARN   Wiring.write_wire_scope: net not found
2026-10-07 12:38:26.658 WARN   Wiring.write_wire_scope: net not found
2026-10-07 12:38:26.658 WARN   Wiring.write_wire_scope: net not found
2026-10-07 12:38:26.658 WARN   Wiring.write_wire_scope: net not found
2026-10-07 12:38:26.658 WARN   Wiring.write_wire_scope: net not found
2026-10-07 12:38:26.658 WARN   Wiring.write_wire_scope: net not found
2026-10-07 12:38:26.658 WARN   Wiring.write_wire_scope: net not found
2026-10-07 12:38:26.658 WARN   Wiring.write_wire_scope: net not found
2026-10-07 12:38:26.658 WARN   Wiring.write_wire_scope: net not found
2026-10-07 12:38:26.658 WARN   Wiring.write_wire_scope: net not found
2026-10-07 12:38:26.658 WARN   Wiring.write_wire_scope: net not found
2026-10-07 12:38:26.658 WARN   Wiring.write_wire_scope: net not found
2026-10-07 12:38:26.658 WARN   Wiring.write_wire_scope: net not found
2026-10-07 12:38:26.658 WARN   Wiring.write_wire_scope: net not found
2026-10-07 12:38:26.658 WARN   Wiring.write_wire_scope: net not found
2026-10-07 12:38:26.658 WARN   Wiring.write_wire_scope: net not found
2026-10-07 12:38:26.659 WARN   Wiring.write_wire_scope: net not found
2026-10-07 12:38:26.659 WARN   Wiring.write_wire_scope: net not found
2026-10-07 12:38:26.659 WARN   Wiring.write_wire_scope: net not found
2026-10-07 12:38:26.659 WARN   Wiring.write_wire_scope: net not found
2026-10-07 12:38:26.659 WARN   Wiring.write_wire_scope: net not found
2026-10-07 12:38:26.659 WARN   Wiring.write_wire_scope: net not found
2026-10-07 12:38:26.659 WARN   Wiring.write_wire_scope: net not found
2026-10-07 12:38:26.659 WARN   Wiring.write_wire_scope: net not found
2026-10-07 12:38:26.659 WARN   Wiring.write_wire_scope: net not found
2026-10-07 12:38:26.659 WARN   Wiring.write_wire_scope: net not found
2026-10-07 12:38:26.659 WARN   Wiring.write_wire_scope: net not found
2026-10-07 12:38:26.659 WARN   Wiring.write_wire_scope: net not found
2026-10-07 12:38:26.659 WARN   Wiring.write_wire_scope: net not found
2026-10-07 12:38:26.659 WARN   Wiring.write_wire_scope: net not found
2026-10-07 12:38:26.659 WARN   Wiring.write_wire_scope: net not found
2026-10-07 12:38:26.659 WARN   Wiring.write_wire_scope: net not found
2026-10-07 12:38:26.659 WARN   Wiring.write_wire_scope: net not found
2026-10-07 12:38:26.659 WARN   Wiring.write_wire_scope: net not found
2026-10-07 12:38:26.659 WARN   Wiring.write_wire_scope: net not found
2026-10-07 12:38:26.659 WARN   Wiring.write_wire_scope: net not found
2026-10-07 12:38:26.659 WARN   Wiring.write_wire_scope: net not found
2026-10-07 12:38:26.659 WARN   Wiring.write_wire_scope: net not found
2026-10-07 12:38:26.659 WARN   Wiring.write_wire_scope: net not found
2026-10-07 12:38:26.659 WARN   Wiring.write_wire_scope: net not found
2026-10-07 12:38:26.659 WARN   Wiring.write_wire_scope: net not found
2026-10-07 12:38:26.659 WARN   Wiring.write_wire_scope: net not found
2026-10-07 12:38:26.659 WARN   Wiring.write_wire_scope: net not found
2026-10-07 12:38:26.659 WARN   Wiring.write_wire_scope: net not found
2026-10-07 12:38:26.659 WARN   Wiring.write_wire_scope: net not found
2026-10-07 12:38:26.659 WARN   Wiring.write_wire_scope: net not found
2026-10-07 12:38:26.659 WARN   Wiring.write_wire_scope: net not found
2026-10-07 12:38:26.659 WARN   Wiring.write_wire_scope: net not found
2026-10-07 12:38:26.659 WARN   Wiring.write_wire_scope: net not found
2026-10-07 12:38:26.659 WARN   Wiring.write_wire_scope: net not found
2026-10-07 12:38:26.659 WARN   Wiring.write_wire_scope: net not found
2026-10-07 12:38:26.659 WARN   Wiring.write_wire_scope: net not found
2026-10-07 12:38:26.659 WARN   Wiring.write_wire_scope: net not found
2026-10-07 12:38:26.659 WARN   Wiring.write_wire_scope: net not found
2026-10-07 12:38:26.659 WARN   Wiring.write_wire_scope: net not found
2026-10-07 12:38:26.659 WARN   Wiring.write_wire_scope: net not found
2026-10-07 12:38:26.659 WARN   Wiring.write_wire_scope: net not found
2026-10-07 12:38:26.659 WARN   Wiring.write_wire_scope: net not found
2026-10-07 12:38:26.696 WARN   Wiring.write_wire_scope: net not found
2026-10-07 12:38:26.696 WARN   Wiring.write_wire_scope: net not found
2026-10-07 12:38:26.697 WARN   Wiring.write_wire_scope: net not found
2026-10-07 12:38:26.697 WARN   Wiring.write_wire_scope: net not found
2026-10-07 12:38:26.697 WARN   Wiring.write_wire_scope: net not found
2026-10-07 12:38:26.697 WARN   Wiring.write_wire_scope: net not found
2026-10-07 12:38:26.697 WARN   Wiring.write_wire_scope: net not found
2026-10-07 12:38:26.697 WARN   Wiring.write_wire_scope: net not found
2026-10-07 12:38:26.697 WARN   Wiring.write_wire_scope: net not found
2026-10-07 12:38:26.697 WARN   Wiring.write_wire_scope: net not found
2026-10-07 12:38:26.697 WARN   Wiring.write_wire_scope: net not found
2026-10-07 12:38:26.697 WARN   Wiring.write_wire_scope: net not found
2026-10-07 12:38:26.697 WARN   Wiring.write_wire_scope: net not found
2026-10-07 12:38:26.697 WARN   Wiring.write_wire_scope: net not found
2026-10-07 12:38:26.697 WARN   Wiring.write_wire_scope: net not found
2026-10-07 12:38:26.697 WARN   Wiring.write_wire_scope: net not found
2026-10-07 12:38:26.697 WARN   Wiring.write_wire_scope: net not found
2026-10-07 12:38:26.697 WARN   Wiring.write_wire_scope: net not found
2026-10-07 12:38:26.697 WARN   Wiring.write_wire_scope: net not found
2026-10-07 12:38:26.697 WARN   Wiring.write_wire_scope: net not found
2026-10-07 12:38:26.697 WARN   Wiring.write_wire_scope: net not found
2026-10-07 12:38:26.697 WARN   Wiring.write_wire_scope: net not found
2026-10-07 12:38:26.697 WARN   Wiring.write_wire_scope: net not found
2026-10-07 12:38:26.697 WARN   Wiring.write_wire_scope: net not found
2026-10-07 12:38:26.697 WARN   Wiring.write_wire_scope: net not found
2026-10-07 12:38:26.697 WARN   Wiring.write_wire_scope: net not found
2026-10-07 12:38:26.697 WARN   Wiring.write_wire_scope: net not found
2026-10-07 12:38:26.697 WARN   Wiring.write_wire_scope: net not found
2026-10-07 12:38:26.697 WARN   Wiring.write_wire_scope: net not found
2026-10-07 12:38:26.697 WARN   Wiring.write_wire_scope: net not found
2026-10-07 12:38:26.697 WARN   Wiring.write_wire_scope: net not found
2026-10-07 12:38:26.697 WARN   Wiring.write_wire_scope: net not found
2026-10-07 12:38:26.697 WARN   Wiring.write_wire_scope: net not found
2026-10-07 12:38:26.697 WARN   Wiring.write_wire_scope: net not found
2026-10-07 12:38:26.697 WARN   Wiring.write_wire_scope: net not found
2026-10-07 12:38:26.697 WARN   Wiring.write_wire_scope: net not found
2026-10-07 12:38:26.697 WARN   Wiring.write_wire_scope: net not found
2026-10-07 12:38:26.697 WARN   Wiring.write_wire_scope: net not found
2026-10-07 12:38:26.697 WARN   Wiring.write_wire_scope: net not found
2026-10-07 12:38:26.697 WARN   Wiring.write_wire_scope: net not found
2026-10-07 12:38:26.697 WARN   Wiring.write_wire_scope: net not found
2026-10-07 12:38:26.697 WARN   Wiring.write_wire_scope: net not found
2026-10-07 12:38:26.697 WARN   Wiring.write_wire_scope: net not found
2026-10-07 12:38:26.697 WARN   Wiring.write_wire_scope: net not found
2026-10-07 12:38:26.697 WARN   Wiring.write_wire_scope: net not found
2026-10-07 12:38:26.697 WARN   Wiring.write_wire_scope: net not found
2026-10-07 12:38:26.697 WARN   Wiring.write_wire_scope: net not found
2026-10-07 12:38:26.697 WARN   Wiring.write_wire_scope: net not found
2026-10-07 12:38:26.697 WARN   Wiring.write_wire_scope: net not found
2026-10-07 12:38:26.697 WARN   Wiring.write_wire_scope: net not found
2026-10-07 12:38:26.697 WARN   Wiring.write_wire_scope: net not found
2026-10-07 12:38:26.697 WARN   Wiring.write_wire_scope: net not found
2026-10-07 12:38:26.697 WARN   Wiring.write_wire_scope: net not found
2026-10-07 12:38:26.697 WARN   Wiring.write_wire_scope: net not found
2026-10-07 12:38:26.697 WARN   Wiring.write_wire_scope: net not found
2026-10-07 12:38:26.697 WARN   Wiring.write_wire_scope: net not found
2026-10-07 12:38:26.697 WARN   Wiring.write_wire_scope: net not found
2026-10-07 12:38:26.697 WARN   Wiring.write_wire_scope: net not found
2026-10-07 12:38:26.697 WARN   Wiring.write_wire_scope: net not found
2026-10-07 12:38:26.697 WARN   Wiring.write_wire_scope: net not found
2026-10-07 12:38:26.698 WARN   Wiring.write_wire_scope: net not found
2026-10-07 12:38:26.698 WARN   Wiring.write_wire_scope: net not found
2026-10-07 12:38:26.698 WARN   Wiring.write_wire_scope: net not found
2026-10-07 12:38:26.698 WARN   Wiring.write_wire_scope: net not found
2026-10-07 12:38:26.698 WARN   Wiring.write_wire_scope: net not found
2026-10-07 12:38:26.698 WARN   Wiring.write_wire_scope: net not found
2026-10-07 12:38:26.698 WARN   Wiring.write_wire_scope: net not found
2026-10-07 12:38:26.698 WARN   Wiring.write_wire_scope: net not found
2026-10-07 12:38:26.968 WARN   Wiring.write_wire_scope: net not found
2026-10-07 12:38:26.968 WARN   Wiring.write_wire_scope: net not found
2026-10-07 12:38:26.968 WARN   Wiring.write_wire_scope: net not found
2026-10-07 12:38:26.968 WARN   Wiring.write_wire_scope: net not found
2026-10-07 12:38:26.968 WARN   Wiring.write_wire_scope: net not found
2026-10-07 12:38:26.968 WARN   Wiring.write_wire_scope: net not found
2026-10-07 12:38:26.968 WARN   Wiring.write_wire_scope: net not found
2026-10-07 12:38:26.968 WARN   Wiring.write_wire_scope: net not found
2026-10-07 12:38:26.968 WARN   Wiring.write_wire_scope: net not found
2026-10-07 12:38:26.968 WARN   Wiring.write_wire_scope: net not found
2026-10-07 12:38:26.968 WARN   Wiring.write_wire_scope: net not found
2026-10-07 12:38:26.968 WARN   Wiring.write_wire_scope: net not found
2026-10-07 12:38:26.968 WARN   Wiring.write_wire_scope: net not found
2026-10-07 12:38:26.968 WARN   Wiring.write_wire_scope: net not found
2026-10-07 12:38:26.968 WARN   Wiring.write_wire_scope: net not found
2026-10-07 12:38:26.968 WARN   Wiring.write_wire_scope: net not found
2026-10-07 12:38:26.968 WARN   Wiring.write_wire_scope: net not found
2026-10-07 12:38:26.968 WARN   Wiring.write_wire_scope: net not found
2026-10-07 12:38:26.968 WARN   Wiring.write_wire_scope: net not found
2026-10-07 12:38:26.968 WARN   Wiring.write_wire_scope: net not found
2026-10-07 12:38:26.968 WARN   Wiring.write_wire_scope: net not found
2026-10-07 12:38:26.968 WARN   Wiring.write_wire_scope: net not found
2026-10-07 12:38:26.968 WARN   Wiring.write_wire_scope: net not found
2026-10-07 12:38:26.968 WARN   Wiring.write_wire_scope: net not found
2026-10-07 12:38:26.968 WARN   Wiring.write_wire_scope: net not found
2026-10-07 12:38:26.968 WARN   Wiring.write_wire_scope: net not found
2026-10-07 12:38:26.969 WARN   Wiring.write_wire_scope: net not found
2026-10-07 12:38:26.969 WARN   Wiring.write_wire_scope: net not found
2026-10-07 12:38:26.969 WARN   Wiring.write_wire_scope: net not found
2026-10-07 12:38:26.969 WARN   Wiring.write_wire_scope: net not found
2026-10-07 12:38:26.969 WARN   Wiring.write_wire_scope: net not found
2026-10-07 12:38:26.969 WARN   Wiring.write_wire_scope: net not found
2026-10-07 12:38:26.969 WARN   Wiring.write_wire_scope: net not found
2026-10-07 12:38:26.969 WARN   Wiring.write_wire_scope: net not found
2026-10-07 12:38:26.969 WARN   Wiring.write_wire_scope: net not found
2026-10-07 12:38:26.969 WARN   Wiring.write_wire_scope: net not found
2026-10-07 12:38:26.969 WARN   Wiring.write_wire_scope: net not found
2026-10-07 12:38:26.969 WARN   Wiring.write_wire_scope: net not found
2026-10-07 12:38:26.969 WARN   Wiring.write_wire_scope: net not found
2026-10-07 12:38:26.969 WARN   Wiring.write_wire_scope: net not found
2026-10-07 12:38:26.969 WARN   Wiring.write_wire_scope: net not found
2026-10-07 12:38:26.969 WARN   Wiring.write_wire_scope: net not found
2026-10-07 12:38:26.969 WARN   Wiring.write_wire_scope: net not found
2026-10-07 12:38:26.969 WARN   Wiring.write_wire_scope: net not found
2026-10-07 12:38:26.969 WARN   Wiring.write_wire_scope: net not found
2026-10-07 12:38:26.969 WARN   Wiring.write_wire_scope: net not found
2026-10-07 12:38:26.969 WARN   Wiring.write_wire_scope: net not found
2026-10-07 12:38:26.969 WARN   Wiring.write_wire_scope: net not found
2026-10-07 12:38:26.969 WARN   Wiring.write_wire_scope: net not found
2026-10-07 12:38:26.969 WARN   Wiring.write_wire_scope: net not found
2026-10-07 12:38:26.969 WARN   Wiring.write_wire_scope: net not found
2026-10-07 12:38:26.969 WARN   Wiring.write_wire_scope: net not found
2026-10-07 12:38:26.969 WARN   Wiring.write_wire_scope: net not found
2026-10-07 12:38:26.969 WARN   Wiring.write_wire_scope: net not found
2026-10-07 12:38:26.969 WARN   Wiring.write_wire_scope: net not found
2026-10-07 12:38:26.969 WARN   Wiring.write_wire_scope: net not found
2026-10-07 12:38:26.969 WARN   Wiring.write_wire_scope: net not found
2026-10-07 12:38:26.969 WARN   Wiring.write_wire_scope: net not found
2026-10-07 12:38:26.969 WARN   Wiring.write_wire_scope: net not found
2026-10-07 12:38:26.969 WARN   Wiring.write_wire_scope: net not found
2026-10-07 12:38:26.969 WARN   Wiring.write_wire_scope: net not found
2026-10-07 12:38:26.969 WARN   Wiring.write_wire_scope: net not found
2026-10-07 12:38:26.969 WARN   Wiring.write_wire_scope: net not found
2026-10-07 12:38:26.969 WARN   Wiring.write_wire_scope: net not found
2026-10-07 12:38:26.969 WARN   Wiring.write_wire_scope: net not found
2026-10-07 12:38:26.969 WARN   Wiring.write_wire_scope: net not found
2026-10-07 12:38:26.969 WARN   Wiring.write_wire_scope: net not found
2026-10-07 12:38:26.969 WARN   Wiring.write_wire_scope: net not found
2026-10-07 12:38:26.974 INFO   [4B1866\9D172F] Fanout pass #2 on board 'd02db162abafec97fb7b3feb8f37ce49' completed in 0.33 seconds with 35 SMD pins fanouted, 15 not routed, 0 insert errors, +0 extra vias (0 SMD pins still to check in pass, ripup costs=200).
2026-10-07 12:38:27.019 WARN   Wiring.write_wire_scope: net not found
2026-10-07 12:38:27.019 WARN   Wiring.write_wire_scope: net not found
2026-10-07 12:38:27.019 WARN   Wiring.write_wire_scope: net not found
2026-10-07 12:38:27.019 WARN   Wiring.write_wire_scope: net not found
2026-10-07 12:38:27.019 WARN   Wiring.write_wire_scope: net not found
2026-10-07 12:38:27.019 WARN   Wiring.write_wire_scope: net not found
2026-10-07 12:38:27.019 WARN   Wiring.write_wire_scope: net not found
2026-10-07 12:38:27.019 WARN   Wiring.write_wire_scope: net not found
2026-10-07 12:38:27.019 WARN   Wiring.write_wire_scope: net not found
2026-10-07 12:38:27.019 WARN   Wiring.write_wire_scope: net not found
2026-10-07 12:38:27.019 WARN   Wiring.write_wire_scope: net not found
2026-10-07 12:38:27.019 WARN   Wiring.write_wire_scope: net not found
2026-10-07 12:38:27.019 WARN   Wiring.write_wire_scope: net not found
2026-10-07 12:38:27.019 WARN   Wiring.write_wire_scope: net not found
2026-10-07 12:38:27.019 WARN   Wiring.write_wire_scope: net not found
2026-10-07 12:38:27.019 WARN   Wiring.write_wire_scope: net not found
2026-10-07 12:38:27.019 WARN   Wiring.write_wire_scope: net not found
2026-10-07 12:38:27.019 WARN   Wiring.write_wire_scope: net not found
2026-10-07 12:38:27.019 WARN   Wiring.write_wire_scope: net not found
2026-10-07 12:38:27.019 WARN   Wiring.write_wire_scope: net not found
2026-10-07 12:38:27.019 WARN   Wiring.write_wire_scope: net not found
2026-10-07 12:38:27.019 WARN   Wiring.write_wire_scope: net not found
2026-10-07 12:38:27.019 WARN   Wiring.write_wire_scope: net not found
2026-10-07 12:38:27.019 WARN   Wiring.write_wire_scope: net not found
2026-10-07 12:38:27.019 WARN   Wiring.write_wire_scope: net not found
2026-10-07 12:38:27.019 WARN   Wiring.write_wire_scope: net not found
2026-10-07 12:38:27.019 WARN   Wiring.write_wire_scope: net not found
2026-10-07 12:38:27.019 WARN   Wiring.write_wire_scope: net not found
2026-10-07 12:38:27.019 WARN   Wiring.write_wire_scope: net not found
2026-10-07 12:38:27.019 WARN   Wiring.write_wire_scope: net not found
2026-10-07 12:38:27.019 WARN   Wiring.write_wire_scope: net not found
2026-10-07 12:38:27.019 WARN   Wiring.write_wire_scope: net not found
2026-10-07 12:38:27.019 WARN   Wiring.write_wire_scope: net not found
2026-10-07 12:38:27.019 WARN   Wiring.write_wire_scope: net not found
2026-10-07 12:38:27.019 WARN   Wiring.write_wire_scope: net not found
2026-10-07 12:38:27.019 WARN   Wiring.write_wire_scope: net not found
2026-10-07 12:38:27.019 WARN   Wiring.write_wire_scope: net not found
2026-10-07 12:38:27.019 WARN   Wiring.write_wire_scope: net not found
2026-10-07 12:38:27.019 WARN   Wiring.write_wire_scope: net not found
2026-10-07 12:38:27.019 WARN   Wiring.write_wire_scope: net not found
2026-10-07 12:38:27.019 WARN   Wiring.write_wire_scope: net not found
2026-10-07 12:38:27.019 WARN   Wiring.write_wire_scope: net not found
2026-10-07 12:38:27.020 WARN   Wiring.write_wire_scope: net not found
2026-10-07 12:38:27.020 WARN   Wiring.write_wire_scope: net not found
2026-10-07 12:38:27.020 WARN   Wiring.write_wire_scope: net not found
2026-10-07 12:38:27.020 WARN   Wiring.write_wire_scope: net not found
2026-10-07 12:38:27.020 WARN   Wiring.write_wire_scope: net not found
2026-10-07 12:38:27.020 WARN   Wiring.write_wire_scope: net not found
2026-10-07 12:38:27.020 WARN   Wiring.write_wire_scope: net not found
2026-10-07 12:38:27.020 WARN   Wiring.write_wire_scope: net not found
2026-10-07 12:38:27.020 WARN   Wiring.write_wire_scope: net not found
2026-10-07 12:38:27.020 WARN   Wiring.write_wire_scope: net not found
2026-10-07 12:38:27.020 WARN   Wiring.write_wire_scope: net not found
2026-10-07 12:38:27.020 WARN   Wiring.write_wire_scope: net not found
2026-10-07 12:38:27.020 WARN   Wiring.write_wire_scope: net not found
2026-10-07 12:38:27.020 WARN   Wiring.write_wire_scope: net not found
2026-10-07 12:38:27.020 WARN   Wiring.write_wire_scope: net not found
2026-10-07 12:38:27.020 WARN   Wiring.write_wire_scope: net not found
2026-10-07 12:38:27.020 WARN   Wiring.write_wire_scope: net not found
2026-10-07 12:38:27.020 WARN   Wiring.write_wire_scope: net not found
2026-10-07 12:38:27.020 WARN   Wiring.write_wire_scope: net not found
2026-10-07 12:38:27.020 WARN   Wiring.write_wire_scope: net not found
2026-10-07 12:38:27.020 WARN   Wiring.write_wire_scope: net not found
2026-10-07 12:38:27.020 WARN   Wiring.write_wire_scope: net not found
2026-10-07 12:38:27.020 WARN   Wiring.write_wire_scope: net not found
2026-10-07 12:38:27.020 WARN   Wiring.write_wire_scope: net not found
2026-10-07 12:38:27.020 WARN   Wiring.write_wire_scope: net not found
2026-10-07 12:38:27.020 WARN   Wiring.write_wire_scope: net not found
2026-10-07 12:38:27.055 WARN   Wiring.write_wire_scope: net not found
2026-10-07 12:38:27.055 WARN   Wiring.write_wire_scope: net not found
2026-10-07 12:38:27.056 WARN   Wiring.write_wire_scope: net not found
2026-10-07 12:38:27.056 WARN   Wiring.write_wire_scope: net not found
2026-10-07 12:38:27.056 WARN   Wiring.write_wire_scope: net not found
2026-10-07 12:38:27.056 WARN   Wiring.write_wire_scope: net not found
2026-10-07 12:38:27.056 WARN   Wiring.write_wire_scope: net not found
2026-10-07 12:38:27.056 WARN   Wiring.write_wire_scope: net not found
2026-10-07 12:38:27.056 WARN   Wiring.write_wire_scope: net not found
2026-10-07 12:38:27.056 WARN   Wiring.write_wire_scope: net not found
2026-10-07 12:38:27.056 WARN   Wiring.write_wire_scope: net not found
2026-10-07 12:38:27.056 WARN   Wiring.write_wire_scope: net not found
2026-10-07 12:38:27.056 WARN   Wiring.write_wire_scope: net not found
2026-10-07 12:38:27.056 WARN   Wiring.write_wire_scope: net not found
2026-10-07 12:38:27.056 WARN   Wiring.write_wire_scope: net not found
2026-10-07 12:38:27.056 WARN   Wiring.write_wire_scope: net not found
2026-10-07 12:38:27.056 WARN   Wiring.write_wire_scope: net not found
2026-10-07 12:38:27.056 WARN   Wiring.write_wire_scope: net not found
2026-10-07 12:38:27.056 WARN   Wiring.write_wire_scope: net not found
2026-10-07 12:38:27.056 WARN   Wiring.write_wire_scope: net not found
2026-10-07 12:38:27.056 WARN   Wiring.write_wire_scope: net not found
2026-10-07 12:38:27.056 WARN   Wiring.write_wire_scope: net not found
2026-10-07 12:38:27.056 WARN   Wiring.write_wire_scope: net not found
2026-10-07 12:38:27.056 WARN   Wiring.write_wire_scope: net not found
2026-10-07 12:38:27.056 WARN   Wiring.write_wire_scope: net not found
2026-10-07 12:38:27.056 WARN   Wiring.write_wire_scope: net not found
2026-10-07 12:38:27.056 WARN   Wiring.write_wire_scope: net not found
2026-10-07 12:38:27.056 WARN   Wiring.write_wire_scope: net not found
2026-10-07 12:38:27.056 WARN   Wiring.write_wire_scope: net not found
2026-10-07 12:38:27.056 WARN   Wiring.write_wire_scope: net not found
2026-10-07 12:38:27.056 WARN   Wiring.write_wire_scope: net not found
2026-10-07 12:38:27.056 WARN   Wiring.write_wire_scope: net not found
2026-10-07 12:38:27.056 WARN   Wiring.write_wire_scope: net not found
2026-10-07 12:38:27.056 WARN   Wiring.write_wire_scope: net not found
2026-10-07 12:38:27.056 WARN   Wiring.write_wire_scope: net not found
2026-10-07 12:38:27.056 WARN   Wiring.write_wire_scope: net not found
2026-10-07 12:38:27.056 WARN   Wiring.write_wire_scope: net not found
2026-10-07 12:38:27.056 WARN   Wiring.write_wire_scope: net not found
2026-10-07 12:38:27.056 WARN   Wiring.write_wire_scope: net not found
2026-10-07 12:38:27.056 WARN   Wiring.write_wire_scope: net not found
2026-10-07 12:38:27.056 WARN   Wiring.write_wire_scope: net not found
2026-10-07 12:38:27.056 WARN   Wiring.write_wire_scope: net not found
2026-10-07 12:38:27.056 WARN   Wiring.write_wire_scope: net not found
2026-10-07 12:38:27.056 WARN   Wiring.write_wire_scope: net not found
2026-10-07 12:38:27.056 WARN   Wiring.write_wire_scope: net not found
2026-10-07 12:38:27.056 WARN   Wiring.write_wire_scope: net not found
2026-10-07 12:38:27.056 WARN   Wiring.write_wire_scope: net not found
2026-10-07 12:38:27.056 WARN   Wiring.write_wire_scope: net not found
2026-10-07 12:38:27.056 WARN   Wiring.write_wire_scope: net not found
2026-10-07 12:38:27.056 WARN   Wiring.write_wire_scope: net not found
2026-10-07 12:38:27.056 WARN   Wiring.write_wire_scope: net not found
2026-10-07 12:38:27.056 WARN   Wiring.write_wire_scope: net not found
2026-10-07 12:38:27.056 WARN   Wiring.write_wire_scope: net not found
2026-10-07 12:38:27.056 WARN   Wiring.write_wire_scope: net not found
2026-10-07 12:38:27.056 WARN   Wiring.write_wire_scope: net not found
2026-10-07 12:38:27.056 WARN   Wiring.write_wire_scope: net not found
2026-10-07 12:38:27.056 WARN   Wiring.write_wire_scope: net not found
2026-10-07 12:38:27.056 WARN   Wiring.write_wire_scope: net not found
2026-10-07 12:38:27.056 WARN   Wiring.write_wire_scope: net not found
2026-10-07 12:38:27.056 WARN   Wiring.write_wire_scope: net not found
2026-10-07 12:38:27.057 WARN   Wiring.write_wire_scope: net not found
2026-10-07 12:38:27.057 WARN   Wiring.write_wire_scope: net not found
2026-10-07 12:38:27.057 WARN   Wiring.write_wire_scope: net not found
2026-10-07 12:38:27.057 WARN   Wiring.write_wire_scope: net not found
2026-10-07 12:38:27.057 WARN   Wiring.write_wire_scope: net not found
2026-10-07 12:38:27.057 WARN   Wiring.write_wire_scope: net not found
2026-10-07 12:38:27.057 WARN   Wiring.write_wire_scope: net not found
2026-10-07 12:38:27.057 WARN   Wiring.write_wire_scope: net not found
2026-10-07 12:38:27.247 WARN   Wiring.write_wire_scope: net not found
2026-10-07 12:38:27.247 WARN   Wiring.write_wire_scope: net not found
2026-10-07 12:38:27.248 WARN   Wiring.write_wire_scope: net not found
2026-10-07 12:38:27.248 WARN   Wiring.write_wire_scope: net not found
2026-10-07 12:38:27.248 WARN   Wiring.write_wire_scope: net not found
2026-10-07 12:38:27.248 WARN   Wiring.write_wire_scope: net not found
2026-10-07 12:38:27.248 WARN   Wiring.write_wire_scope: net not found
2026-10-07 12:38:27.248 WARN   Wiring.write_wire_scope: net not found
2026-10-07 12:38:27.248 WARN   Wiring.write_wire_scope: net not found
2026-10-07 12:38:27.248 WARN   Wiring.write_wire_scope: net not found
2026-10-07 12:38:27.248 WARN   Wiring.write_wire_scope: net not found
2026-10-07 12:38:27.248 WARN   Wiring.write_wire_scope: net not found
2026-10-07 12:38:27.248 WARN   Wiring.write_wire_scope: net not found
2026-10-07 12:38:27.248 WARN   Wiring.write_wire_scope: net not found
2026-10-07 12:38:27.248 WARN   Wiring.write_wire_scope: net not found
2026-10-07 12:38:27.248 WARN   Wiring.write_wire_scope: net not found
2026-10-07 12:38:27.248 WARN   Wiring.write_wire_scope: net not found
2026-10-07 12:38:27.248 WARN   Wiring.write_wire_scope: net not found
2026-10-07 12:38:27.248 WARN   Wiring.write_wire_scope: net not found
2026-10-07 12:38:27.248 WARN   Wiring.write_wire_scope: net not found
2026-10-07 12:38:27.248 WARN   Wiring.write_wire_scope: net not found
2026-10-07 12:38:27.248 WARN   Wiring.write_wire_scope: net not found
2026-10-07 12:38:27.248 WARN   Wiring.write_wire_scope: net not found
2026-10-07 12:38:27.248 WARN   Wiring.write_wire_scope: net not found
2026-10-07 12:38:27.248 WARN   Wiring.write_wire_scope: net not found
2026-10-07 12:38:27.248 WARN   Wiring.write_wire_scope: net not found
2026-10-07 12:38:27.248 WARN   Wiring.write_wire_scope: net not found
2026-10-07 12:38:27.248 WARN   Wiring.write_wire_scope: net not found
2026-10-07 12:38:27.248 WARN   Wiring.write_wire_scope: net not found
2026-10-07 12:38:27.248 WARN   Wiring.write_wire_scope: net not found
2026-10-07 12:38:27.248 WARN   Wiring.write_wire_scope: net not found
2026-10-07 12:38:27.248 WARN   Wiring.write_wire_scope: net not found
2026-10-07 12:38:27.248 WARN   Wiring.write_wire_scope: net not found
2026-10-07 12:38:27.248 WARN   Wiring.write_wire_scope: net not found
2026-10-07 12:38:27.248 WARN   Wiring.write_wire_scope: net not found
2026-10-07 12:38:27.248 WARN   Wiring.write_wire_scope: net not found
2026-10-07 12:38:27.248 WARN   Wiring.write_wire_scope: net not found
2026-10-07 12:38:27.248 WARN   Wiring.write_wire_scope: net not found
2026-10-07 12:38:27.248 WARN   Wiring.write_wire_scope: net not found
2026-10-07 12:38:27.248 WARN   Wiring.write_wire_scope: net not found
2026-10-07 12:38:27.248 WARN   Wiring.write_wire_scope: net not found
2026-10-07 12:38:27.248 WARN   Wiring.write_wire_scope: net not found
2026-10-07 12:38:27.248 WARN   Wiring.write_wire_scope: net not found
2026-10-07 12:38:27.248 WARN   Wiring.write_wire_scope: net not found
2026-10-07 12:38:27.248 WARN   Wiring.write_wire_scope: net not found
2026-10-07 12:38:27.248 WARN   Wiring.write_wire_scope: net not found
2026-10-07 12:38:27.248 WARN   Wiring.write_wire_scope: net not found
2026-10-07 12:38:27.248 WARN   Wiring.write_wire_scope: net not found
2026-10-07 12:38:27.248 WARN   Wiring.write_wire_scope: net not found
2026-10-07 12:38:27.248 WARN   Wiring.write_wire_scope: net not found
2026-10-07 12:38:27.248 WARN   Wiring.write_wire_scope: net not found
2026-10-07 12:38:27.248 WARN   Wiring.write_wire_scope: net not found
2026-10-07 12:38:27.248 WARN   Wiring.write_wire_scope: net not found
2026-10-07 12:38:27.248 WARN   Wiring.write_wire_scope: net not found
2026-10-07 12:38:27.248 WARN   Wiring.write_wire_scope: net not found
2026-10-07 12:38:27.248 WARN   Wiring.write_wire_scope: net not found
2026-10-07 12:38:27.248 WARN   Wiring.write_wire_scope: net not found
2026-10-07 12:38:27.248 WARN   Wiring.write_wire_scope: net not found
2026-10-07 12:38:27.248 WARN   Wiring.write_wire_scope: net not found
2026-10-07 12:38:27.248 WARN   Wiring.write_wire_scope: net not found
2026-10-07 12:38:27.249 WARN   Wiring.write_wire_scope: net not found
2026-10-07 12:38:27.249 WARN   Wiring.write_wire_scope: net not found
2026-10-07 12:38:27.249 WARN   Wiring.write_wire_scope: net not found
2026-10-07 12:38:27.249 WARN   Wiring.write_wire_scope: net not found
2026-10-07 12:38:27.249 WARN   Wiring.write_wire_scope: net not found
2026-10-07 12:38:27.249 WARN   Wiring.write_wire_scope: net not found
2026-10-07 12:38:27.249 WARN   Wiring.write_wire_scope: net not found
2026-10-07 12:38:27.249 WARN   Wiring.write_wire_scope: net not found
2026-10-07 12:38:27.253 INFO   [4B1866\9D172F] Fanout pass #3 on board 'e2df6b16ad8fc020c71a162c439a6400' completed in 0.24 seconds with 33 SMD pins fanouted, 11 not routed, 0 insert errors, +0 extra vias (0 SMD pins still to check in pass, ripup costs=300).
2026-10-07 12:38:27.295 WARN   Wiring.write_wire_scope: net not found
2026-10-07 12:38:27.296 WARN   Wiring.write_wire_scope: net not found
2026-10-07 12:38:27.296 WARN   Wiring.write_wire_scope: net not found
2026-10-07 12:38:27.296 WARN   Wiring.write_wire_scope: net not found
2026-10-07 12:38:27.296 WARN   Wiring.write_wire_scope: net not found
2026-10-07 12:38:27.296 WARN   Wiring.write_wire_scope: net not found
2026-10-07 12:38:27.296 WARN   Wiring.write_wire_scope: net not found
2026-10-07 12:38:27.296 WARN   Wiring.write_wire_scope: net not found
2026-10-07 12:38:27.296 WARN   Wiring.write_wire_scope: net not found
2026-10-07 12:38:27.296 WARN   Wiring.write_wire_scope: net not found
2026-10-07 12:38:27.296 WARN   Wiring.write_wire_scope: net not found
2026-10-07 12:38:27.296 WARN   Wiring.write_wire_scope: net not found
2026-10-07 12:38:27.296 WARN   Wiring.write_wire_scope: net not found
2026-10-07 12:38:27.296 WARN   Wiring.write_wire_scope: net not found
2026-10-07 12:38:27.296 WARN   Wiring.write_wire_scope: net not found
2026-10-07 12:38:27.296 WARN   Wiring.write_wire_scope: net not found
2026-10-07 12:38:27.296 WARN   Wiring.write_wire_scope: net not found
2026-10-07 12:38:27.296 WARN   Wiring.write_wire_scope: net not found
2026-10-07 12:38:27.296 WARN   Wiring.write_wire_scope: net not found
2026-10-07 12:38:27.296 WARN   Wiring.write_wire_scope: net not found
2026-10-07 12:38:27.296 WARN   Wiring.write_wire_scope: net not found
2026-10-07 12:38:27.296 WARN   Wiring.write_wire_scope: net not found
2026-10-07 12:38:27.296 WARN   Wiring.write_wire_scope: net not found
2026-10-07 12:38:27.296 WARN   Wiring.write_wire_scope: net not found
2026-10-07 12:38:27.296 WARN   Wiring.write_wire_scope: net not found
2026-10-07 12:38:27.296 WARN   Wiring.write_wire_scope: net not found
2026-10-07 12:38:27.296 WARN   Wiring.write_wire_scope: net not found
2026-10-07 12:38:27.296 WARN   Wiring.write_wire_scope: net not found
2026-10-07 12:38:27.296 WARN   Wiring.write_wire_scope: net not found
2026-10-07 12:38:27.296 WARN   Wiring.write_wire_scope: net not found
2026-10-07 12:38:27.296 WARN   Wiring.write_wire_scope: net not found
2026-10-07 12:38:27.296 WARN   Wiring.write_wire_scope: net not found
2026-10-07 12:38:27.296 WARN   Wiring.write_wire_scope: net not found
2026-10-07 12:38:27.296 WARN   Wiring.write_wire_scope: net not found
2026-10-07 12:38:27.296 WARN   Wiring.write_wire_scope: net not found
2026-10-07 12:38:27.296 WARN   Wiring.write_wire_scope: net not found
2026-10-07 12:38:27.296 WARN   Wiring.write_wire_scope: net not found
2026-10-07 12:38:27.296 WARN   Wiring.write_wire_scope: net not found
2026-10-07 12:38:27.296 WARN   Wiring.write_wire_scope: net not found
2026-10-07 12:38:27.296 WARN   Wiring.write_wire_scope: net not found
2026-10-07 12:38:27.296 WARN   Wiring.write_wire_scope: net not found
2026-10-07 12:38:27.296 WARN   Wiring.write_wire_scope: net not found
2026-10-07 12:38:27.296 WARN   Wiring.write_wire_scope: net not found
2026-10-07 12:38:27.296 WARN   Wiring.write_wire_scope: net not found
2026-10-07 12:38:27.296 WARN   Wiring.write_wire_scope: net not found
2026-10-07 12:38:27.296 WARN   Wiring.write_wire_scope: net not found
2026-10-07 12:38:27.296 WARN   Wiring.write_wire_scope: net not found
2026-10-07 12:38:27.296 WARN   Wiring.write_wire_scope: net not found
2026-10-07 12:38:27.296 WARN   Wiring.write_wire_scope: net not found
2026-10-07 12:38:27.296 WARN   Wiring.write_wire_scope: net not found
2026-10-07 12:38:27.296 WARN   Wiring.write_wire_scope: net not found
2026-10-07 12:38:27.296 WARN   Wiring.write_wire_scope: net not found
2026-10-07 12:38:27.296 WARN   Wiring.write_wire_scope: net not found
2026-10-07 12:38:27.296 WARN   Wiring.write_wire_scope: net not found
2026-10-07 12:38:27.296 WARN   Wiring.write_wire_scope: net not found
2026-10-07 12:38:27.296 WARN   Wiring.write_wire_scope: net not found
2026-10-07 12:38:27.296 WARN   Wiring.write_wire_scope: net not found
2026-10-07 12:38:27.296 WARN   Wiring.write_wire_scope: net not found
2026-10-07 12:38:27.296 WARN   Wiring.write_wire_scope: net not found
2026-10-07 12:38:27.297 WARN   Wiring.write_wire_scope: net not found
2026-10-07 12:38:27.297 WARN   Wiring.write_wire_scope: net not found
2026-10-07 12:38:27.297 WARN   Wiring.write_wire_scope: net not found
2026-10-07 12:38:27.297 WARN   Wiring.write_wire_scope: net not found
2026-10-07 12:38:27.297 WARN   Wiring.write_wire_scope: net not found
2026-10-07 12:38:27.297 WARN   Wiring.write_wire_scope: net not found
2026-10-07 12:38:27.297 WARN   Wiring.write_wire_scope: net not found
2026-10-07 12:38:27.297 WARN   Wiring.write_wire_scope: net not found
2026-10-07 12:38:27.297 WARN   Wiring.write_wire_scope: net not found
2026-10-07 12:38:27.328 WARN   Wiring.write_wire_scope: net not found
2026-10-07 12:38:27.328 WARN   Wiring.write_wire_scope: net not found
2026-10-07 12:38:27.328 WARN   Wiring.write_wire_scope: net not found
2026-10-07 12:38:27.328 WARN   Wiring.write_wire_scope: net not found
2026-10-07 12:38:27.328 WARN   Wiring.write_wire_scope: net not found
2026-10-07 12:38:27.328 WARN   Wiring.write_wire_scope: net not found
2026-10-07 12:38:27.328 WARN   Wiring.write_wire_scope: net not found
2026-10-07 12:38:27.328 WARN   Wiring.write_wire_scope: net not found
2026-10-07 12:38:27.328 WARN   Wiring.write_wire_scope: net not found
2026-10-07 12:38:27.328 WARN   Wiring.write_wire_scope: net not found
2026-10-07 12:38:27.328 WARN   Wiring.write_wire_scope: net not found
2026-10-07 12:38:27.328 WARN   Wiring.write_wire_scope: net not found
2026-10-07 12:38:27.328 WARN   Wiring.write_wire_scope: net not found
2026-10-07 12:38:27.328 WARN   Wiring.write_wire_scope: net not found
2026-10-07 12:38:27.328 WARN   Wiring.write_wire_scope: net not found
2026-10-07 12:38:27.328 WARN   Wiring.write_wire_scope: net not found
2026-10-07 12:38:27.328 WARN   Wiring.write_wire_scope: net not found
2026-10-07 12:38:27.328 WARN   Wiring.write_wire_scope: net not found
2026-10-07 12:38:27.328 WARN   Wiring.write_wire_scope: net not found
2026-10-07 12:38:27.328 WARN   Wiring.write_wire_scope: net not found
2026-10-07 12:38:27.328 WARN   Wiring.write_wire_scope: net not found
2026-10-07 12:38:27.328 WARN   Wiring.write_wire_scope: net not found
2026-10-07 12:38:27.328 WARN   Wiring.write_wire_scope: net not found
2026-10-07 12:38:27.328 WARN   Wiring.write_wire_scope: net not found
2026-10-07 12:38:27.328 WARN   Wiring.write_wire_scope: net not found
2026-10-07 12:38:27.328 WARN   Wiring.write_wire_scope: net not found
2026-10-07 12:38:27.328 WARN   Wiring.write_wire_scope: net not found
2026-10-07 12:38:27.328 WARN   Wiring.write_wire_scope: net not found
2026-10-07 12:38:27.328 WARN   Wiring.write_wire_scope: net not found
2026-10-07 12:38:27.328 WARN   Wiring.write_wire_scope: net not found
2026-10-07 12:38:27.328 WARN   Wiring.write_wire_scope: net not found
2026-10-07 12:38:27.328 WARN   Wiring.write_wire_scope: net not found
2026-10-07 12:38:27.328 WARN   Wiring.write_wire_scope: net not found
2026-10-07 12:38:27.328 WARN   Wiring.write_wire_scope: net not found
2026-10-07 12:38:27.328 WARN   Wiring.write_wire_scope: net not found
2026-10-07 12:38:27.328 WARN   Wiring.write_wire_scope: net not found
2026-10-07 12:38:27.328 WARN   Wiring.write_wire_scope: net not found
2026-10-07 12:38:27.328 WARN   Wiring.write_wire_scope: net not found
2026-10-07 12:38:27.328 WARN   Wiring.write_wire_scope: net not found
2026-10-07 12:38:27.328 WARN   Wiring.write_wire_scope: net not found
2026-10-07 12:38:27.328 WARN   Wiring.write_wire_scope: net not found
2026-10-07 12:38:27.328 WARN   Wiring.write_wire_scope: net not found
2026-10-07 12:38:27.328 WARN   Wiring.write_wire_scope: net not found
2026-10-07 12:38:27.328 WARN   Wiring.write_wire_scope: net not found
2026-10-07 12:38:27.329 WARN   Wiring.write_wire_scope: net not found
2026-10-07 12:38:27.329 WARN   Wiring.write_wire_scope: net not found
2026-10-07 12:38:27.329 WARN   Wiring.write_wire_scope: net not found
2026-10-07 12:38:27.329 WARN   Wiring.write_wire_scope: net not found
2026-10-07 12:38:27.329 WARN   Wiring.write_wire_scope: net not found
2026-10-07 12:38:27.329 WARN   Wiring.write_wire_scope: net not found
2026-10-07 12:38:27.329 WARN   Wiring.write_wire_scope: net not found
2026-10-07 12:38:27.329 WARN   Wiring.write_wire_scope: net not found
2026-10-07 12:38:27.329 WARN   Wiring.write_wire_scope: net not found
2026-10-07 12:38:27.329 WARN   Wiring.write_wire_scope: net not found
2026-10-07 12:38:27.329 WARN   Wiring.write_wire_scope: net not found
2026-10-07 12:38:27.329 WARN   Wiring.write_wire_scope: net not found
2026-10-07 12:38:27.329 WARN   Wiring.write_wire_scope: net not found
2026-10-07 12:38:27.329 WARN   Wiring.write_wire_scope: net not found
2026-10-07 12:38:27.329 WARN   Wiring.write_wire_scope: net not found
2026-10-07 12:38:27.329 WARN   Wiring.write_wire_scope: net not found
2026-10-07 12:38:27.329 WARN   Wiring.write_wire_scope: net not found
2026-10-07 12:38:27.329 WARN   Wiring.write_wire_scope: net not found
2026-10-07 12:38:27.329 WARN   Wiring.write_wire_scope: net not found
2026-10-07 12:38:27.329 WARN   Wiring.write_wire_scope: net not found
2026-10-07 12:38:27.329 WARN   Wiring.write_wire_scope: net not found
2026-10-07 12:38:27.329 WARN   Wiring.write_wire_scope: net not found
2026-10-07 12:38:27.329 WARN   Wiring.write_wire_scope: net not found
2026-10-07 12:38:27.329 WARN   Wiring.write_wire_scope: net not found
2026-10-07 12:38:27.524 WARN   Wiring.write_wire_scope: net not found
2026-10-07 12:38:27.524 WARN   Wiring.write_wire_scope: net not found
2026-10-07 12:38:27.525 WARN   Wiring.write_wire_scope: net not found
2026-10-07 12:38:27.525 WARN   Wiring.write_wire_scope: net not found
2026-10-07 12:38:27.525 WARN   Wiring.write_wire_scope: net not found
2026-10-07 12:38:27.525 WARN   Wiring.write_wire_scope: net not found
2026-10-07 12:38:27.525 WARN   Wiring.write_wire_scope: net not found
2026-10-07 12:38:27.525 WARN   Wiring.write_wire_scope: net not found
2026-10-07 12:38:27.525 WARN   Wiring.write_wire_scope: net not found
2026-10-07 12:38:27.525 WARN   Wiring.write_wire_scope: net not found
2026-10-07 12:38:27.525 WARN   Wiring.write_wire_scope: net not found
2026-10-07 12:38:27.525 WARN   Wiring.write_wire_scope: net not found
2026-10-07 12:38:27.525 WARN   Wiring.write_wire_scope: net not found
2026-10-07 12:38:27.525 WARN   Wiring.write_wire_scope: net not found
2026-10-07 12:38:27.525 WARN   Wiring.write_wire_scope: net not found
2026-10-07 12:38:27.525 WARN   Wiring.write_wire_scope: net not found
2026-10-07 12:38:27.525 WARN   Wiring.write_wire_scope: net not found
2026-10-07 12:38:27.525 WARN   Wiring.write_wire_scope: net not found
2026-10-07 12:38:27.525 WARN   Wiring.write_wire_scope: net not found
2026-10-07 12:38:27.525 WARN   Wiring.write_wire_scope: net not found
2026-10-07 12:38:27.525 WARN   Wiring.write_wire_scope: net not found
2026-10-07 12:38:27.525 WARN   Wiring.write_wire_scope: net not found
2026-10-07 12:38:27.525 WARN   Wiring.write_wire_scope: net not found
2026-10-07 12:38:27.525 WARN   Wiring.write_wire_scope: net not found
2026-10-07 12:38:27.525 WARN   Wiring.write_wire_scope: net not found
2026-10-07 12:38:27.525 WARN   Wiring.write_wire_scope: net not found
2026-10-07 12:38:27.525 WARN   Wiring.write_wire_scope: net not found
2026-10-07 12:38:27.525 WARN   Wiring.write_wire_scope: net not found
2026-10-07 12:38:27.525 WARN   Wiring.write_wire_scope: net not found
2026-10-07 12:38:27.525 WARN   Wiring.write_wire_scope: net not found
2026-10-07 12:38:27.525 WARN   Wiring.write_wire_scope: net not found
2026-10-07 12:38:27.525 WARN   Wiring.write_wire_scope: net not found
2026-10-07 12:38:27.525 WARN   Wiring.write_wire_scope: net not found
2026-10-07 12:38:27.525 WARN   Wiring.write_wire_scope: net not found
2026-10-07 12:38:27.525 WARN   Wiring.write_wire_scope: net not found
2026-10-07 12:38:27.525 WARN   Wiring.write_wire_scope: net not found
2026-10-07 12:38:27.525 WARN   Wiring.write_wire_scope: net not found
2026-10-07 12:38:27.525 WARN   Wiring.write_wire_scope: net not found
2026-10-07 12:38:27.525 WARN   Wiring.write_wire_scope: net not found
2026-10-07 12:38:27.525 WARN   Wiring.write_wire_scope: net not found
2026-10-07 12:38:27.525 WARN   Wiring.write_wire_scope: net not found
2026-10-07 12:38:27.525 WARN   Wiring.write_wire_scope: net not found
2026-10-07 12:38:27.525 WARN   Wiring.write_wire_scope: net not found
2026-10-07 12:38:27.525 WARN   Wiring.write_wire_scope: net not found
2026-10-07 12:38:27.525 WARN   Wiring.write_wire_scope: net not found
2026-10-07 12:38:27.525 WARN   Wiring.write_wire_scope: net not found
2026-10-07 12:38:27.525 WARN   Wiring.write_wire_scope: net not found
2026-10-07 12:38:27.525 WARN   Wiring.write_wire_scope: net not found
2026-10-07 12:38:27.525 WARN   Wiring.write_wire_scope: net not found
2026-10-07 12:38:27.525 WARN   Wiring.write_wire_scope: net not found
2026-10-07 12:38:27.525 WARN   Wiring.write_wire_scope: net not found
2026-10-07 12:38:27.525 WARN   Wiring.write_wire_scope: net not found
2026-10-07 12:38:27.525 WARN   Wiring.write_wire_scope: net not found
2026-10-07 12:38:27.525 WARN   Wiring.write_wire_scope: net not found
2026-10-07 12:38:27.525 WARN   Wiring.write_wire_scope: net not found
2026-10-07 12:38:27.525 WARN   Wiring.write_wire_scope: net not found
2026-10-07 12:38:27.525 WARN   Wiring.write_wire_scope: net not found
2026-10-07 12:38:27.525 WARN   Wiring.write_wire_scope: net not found
2026-10-07 12:38:27.525 WARN   Wiring.write_wire_scope: net not found
2026-10-07 12:38:27.525 WARN   Wiring.write_wire_scope: net not found
2026-10-07 12:38:27.526 WARN   Wiring.write_wire_scope: net not found
2026-10-07 12:38:27.526 WARN   Wiring.write_wire_scope: net not found
2026-10-07 12:38:27.526 WARN   Wiring.write_wire_scope: net not found
2026-10-07 12:38:27.526 WARN   Wiring.write_wire_scope: net not found
2026-10-07 12:38:27.526 WARN   Wiring.write_wire_scope: net not found
2026-10-07 12:38:27.526 WARN   Wiring.write_wire_scope: net not found
2026-10-07 12:38:27.526 WARN   Wiring.write_wire_scope: net not found
2026-10-07 12:38:27.526 WARN   Wiring.write_wire_scope: net not found
2026-10-07 12:38:27.530 INFO   [4B1866\9D172F] Fanout pass #4 on board '7be7278ea8b802ae50909a8e42ea1bdf' completed in 0.24 seconds with 33 SMD pins fanouted, 10 not routed, 0 insert errors, +0 extra vias (0 SMD pins still to check in pass, ripup costs=400).
2026-10-07 12:38:27.572 WARN   Wiring.write_wire_scope: net not found
2026-10-07 12:38:27.572 WARN   Wiring.write_wire_scope: net not found
2026-10-07 12:38:27.572 WARN   Wiring.write_wire_scope: net not found
2026-10-07 12:38:27.572 WARN   Wiring.write_wire_scope: net not found
2026-10-07 12:38:27.572 WARN   Wiring.write_wire_scope: net not found
2026-10-07 12:38:27.572 WARN   Wiring.write_wire_scope: net not found
2026-10-07 12:38:27.572 WARN   Wiring.write_wire_scope: net not found
2026-10-07 12:38:27.573 WARN   Wiring.write_wire_scope: net not found
2026-10-07 12:38:27.573 WARN   Wiring.write_wire_scope: net not found
2026-10-07 12:38:27.573 WARN   Wiring.write_wire_scope: net not found
2026-10-07 12:38:27.573 WARN   Wiring.write_wire_scope: net not found
2026-10-07 12:38:27.573 WARN   Wiring.write_wire_scope: net not found
2026-10-07 12:38:27.573 WARN   Wiring.write_wire_scope: net not found
2026-10-07 12:38:27.573 WARN   Wiring.write_wire_scope: net not found
2026-10-07 12:38:27.573 WARN   Wiring.write_wire_scope: net not found
2026-10-07 12:38:27.573 WARN   Wiring.write_wire_scope: net not found
2026-10-07 12:38:27.573 WARN   Wiring.write_wire_scope: net not found
2026-10-07 12:38:27.573 WARN   Wiring.write_wire_scope: net not found
2026-10-07 12:38:27.573 WARN   Wiring.write_wire_scope: net not found
2026-10-07 12:38:27.573 WARN   Wiring.write_wire_scope: net not found
2026-10-07 12:38:27.573 WARN   Wiring.write_wire_scope: net not found
2026-10-07 12:38:27.573 WARN   Wiring.write_wire_scope: net not found
2026-10-07 12:38:27.573 WARN   Wiring.write_wire_scope: net not found
2026-10-07 12:38:27.573 WARN   Wiring.write_wire_scope: net not found
2026-10-07 12:38:27.573 WARN   Wiring.write_wire_scope: net not found
2026-10-07 12:38:27.573 WARN   Wiring.write_wire_scope: net not found
2026-10-07 12:38:27.573 WARN   Wiring.write_wire_scope: net not found
2026-10-07 12:38:27.573 WARN   Wiring.write_wire_scope: net not found
2026-10-07 12:38:27.573 WARN   Wiring.write_wire_scope: net not found
2026-10-07 12:38:27.573 WARN   Wiring.write_wire_scope: net not found
2026-10-07 12:38:27.573 WARN   Wiring.write_wire_scope: net not found
2026-10-07 12:38:27.573 WARN   Wiring.write_wire_scope: net not found
2026-10-07 12:38:27.573 WARN   Wiring.write_wire_scope: net not found
2026-10-07 12:38:27.573 WARN   Wiring.write_wire_scope: net not found
2026-10-07 12:38:27.573 WARN   Wiring.write_wire_scope: net not found
2026-10-07 12:38:27.573 WARN   Wiring.write_wire_scope: net not found
2026-10-07 12:38:27.573 WARN   Wiring.write_wire_scope: net not found
2026-10-07 12:38:27.573 WARN   Wiring.write_wire_scope: net not found
2026-10-07 12:38:27.573 WARN   Wiring.write_wire_scope: net not found
2026-10-07 12:38:27.573 WARN   Wiring.write_wire_scope: net not found
2026-10-07 12:38:27.573 WARN   Wiring.write_wire_scope: net not found
2026-10-07 12:38:27.573 WARN   Wiring.write_wire_scope: net not found
2026-10-07 12:38:27.573 WARN   Wiring.write_wire_scope: net not found
2026-10-07 12:38:27.573 WARN   Wiring.write_wire_scope: net not found
2026-10-07 12:38:27.573 WARN   Wiring.write_wire_scope: net not found
2026-10-07 12:38:27.573 WARN   Wiring.write_wire_scope: net not found
2026-10-07 12:38:27.573 WARN   Wiring.write_wire_scope: net not found
2026-10-07 12:38:27.573 WARN   Wiring.write_wire_scope: net not found
2026-10-07 12:38:27.573 WARN   Wiring.write_wire_scope: net not found
2026-10-07 12:38:27.573 WARN   Wiring.write_wire_scope: net not found
2026-10-07 12:38:27.573 WARN   Wiring.write_wire_scope: net not found
2026-10-07 12:38:27.573 WARN   Wiring.write_wire_scope: net not found
2026-10-07 12:38:27.573 WARN   Wiring.write_wire_scope: net not found
2026-10-07 12:38:27.573 WARN   Wiring.write_wire_scope: net not found
2026-10-07 12:38:27.573 WARN   Wiring.write_wire_scope: net not found
2026-10-07 12:38:27.573 WARN   Wiring.write_wire_scope: net not found
2026-10-07 12:38:27.573 WARN   Wiring.write_wire_scope: net not found
2026-10-07 12:38:27.573 WARN   Wiring.write_wire_scope: net not found
2026-10-07 12:38:27.573 WARN   Wiring.write_wire_scope: net not found
2026-10-07 12:38:27.573 WARN   Wiring.write_wire_scope: net not found
2026-10-07 12:38:27.573 WARN   Wiring.write_wire_scope: net not found
2026-10-07 12:38:27.573 WARN   Wiring.write_wire_scope: net not found
2026-10-07 12:38:27.573 WARN   Wiring.write_wire_scope: net not found
2026-10-07 12:38:27.573 WARN   Wiring.write_wire_scope: net not found
2026-10-07 12:38:27.573 WARN   Wiring.write_wire_scope: net not found
2026-10-07 12:38:27.573 WARN   Wiring.write_wire_scope: net not found
2026-10-07 12:38:27.573 WARN   Wiring.write_wire_scope: net not found
2026-10-07 12:38:27.573 WARN   Wiring.write_wire_scope: net not found
2026-10-07 12:38:27.605 WARN   Wiring.write_wire_scope: net not found
2026-10-07 12:38:27.605 WARN   Wiring.write_wire_scope: net not found
2026-10-07 12:38:27.605 WARN   Wiring.write_wire_scope: net not found
2026-10-07 12:38:27.605 WARN   Wiring.write_wire_scope: net not found
2026-10-07 12:38:27.605 WARN   Wiring.write_wire_scope: net not found
2026-10-07 12:38:27.605 WARN   Wiring.write_wire_scope: net not found
2026-10-07 12:38:27.605 WARN   Wiring.write_wire_scope: net not found
2026-10-07 12:38:27.605 WARN   Wiring.write_wire_scope: net not found
2026-10-07 12:38:27.605 WARN   Wiring.write_wire_scope: net not found
2026-10-07 12:38:27.605 WARN   Wiring.write_wire_scope: net not found
2026-10-07 12:38:27.605 WARN   Wiring.write_wire_scope: net not found
2026-10-07 12:38:27.605 WARN   Wiring.write_wire_scope: net not found
2026-10-07 12:38:27.605 WARN   Wiring.write_wire_scope: net not found
2026-10-07 12:38:27.605 WARN   Wiring.write_wire_scope: net not found
2026-10-07 12:38:27.605 WARN   Wiring.write_wire_scope: net not found
2026-10-07 12:38:27.605 WARN   Wiring.write_wire_scope: net not found
2026-10-07 12:38:27.605 WARN   Wiring.write_wire_scope: net not found
2026-10-07 12:38:27.605 WARN   Wiring.write_wire_scope: net not found
2026-10-07 12:38:27.605 WARN   Wiring.write_wire_scope: net not found
2026-10-07 12:38:27.605 WARN   Wiring.write_wire_scope: net not found
2026-10-07 12:38:27.605 WARN   Wiring.write_wire_scope: net not found
2026-10-07 12:38:27.605 WARN   Wiring.write_wire_scope: net not found
2026-10-07 12:38:27.605 WARN   Wiring.write_wire_scope: net not found
2026-10-07 12:38:27.605 WARN   Wiring.write_wire_scope: net not found
2026-10-07 12:38:27.605 WARN   Wiring.write_wire_scope: net not found
2026-10-07 12:38:27.605 WARN   Wiring.write_wire_scope: net not found
2026-10-07 12:38:27.605 WARN   Wiring.write_wire_scope: net not found
2026-10-07 12:38:27.605 WARN   Wiring.write_wire_scope: net not found
2026-10-07 12:38:27.605 WARN   Wiring.write_wire_scope: net not found
2026-10-07 12:38:27.605 WARN   Wiring.write_wire_scope: net not found
2026-10-07 12:38:27.605 WARN   Wiring.write_wire_scope: net not found
2026-10-07 12:38:27.605 WARN   Wiring.write_wire_scope: net not found
2026-10-07 12:38:27.605 WARN   Wiring.write_wire_scope: net not found
2026-10-07 12:38:27.605 WARN   Wiring.write_wire_scope: net not found
2026-10-07 12:38:27.605 WARN   Wiring.write_wire_scope: net not found
2026-10-07 12:38:27.605 WARN   Wiring.write_wire_scope: net not found
2026-10-07 12:38:27.605 WARN   Wiring.write_wire_scope: net not found
2026-10-07 12:38:27.605 WARN   Wiring.write_wire_scope: net not found
2026-10-07 12:38:27.605 WARN   Wiring.write_wire_scope: net not found
2026-10-07 12:38:27.605 WARN   Wiring.write_wire_scope: net not found
2026-10-07 12:38:27.605 WARN   Wiring.write_wire_scope: net not found
2026-10-07 12:38:27.605 WARN   Wiring.write_wire_scope: net not found
2026-10-07 12:38:27.605 WARN   Wiring.write_wire_scope: net not found
2026-10-07 12:38:27.605 WARN   Wiring.write_wire_scope: net not found
2026-10-07 12:38:27.605 WARN   Wiring.write_wire_scope: net not found
2026-10-07 12:38:27.605 WARN   Wiring.write_wire_scope: net not found
2026-10-07 12:38:27.605 WARN   Wiring.write_wire_scope: net not found
2026-10-07 12:38:27.606 WARN   Wiring.write_wire_scope: net not found
2026-10-07 12:38:27.606 WARN   Wiring.write_wire_scope: net not found
2026-10-07 12:38:27.606 WARN   Wiring.write_wire_scope: net not found
2026-10-07 12:38:27.606 WARN   Wiring.write_wire_scope: net not found
2026-10-07 12:38:27.606 WARN   Wiring.write_wire_scope: net not found
2026-10-07 12:38:27.606 WARN   Wiring.write_wire_scope: net not found
2026-10-07 12:38:27.606 WARN   Wiring.write_wire_scope: net not found
2026-10-07 12:38:27.606 WARN   Wiring.write_wire_scope: net not found
2026-10-07 12:38:27.606 WARN   Wiring.write_wire_scope: net not found
2026-10-07 12:38:27.606 WARN   Wiring.write_wire_scope: net not found
2026-10-07 12:38:27.606 WARN   Wiring.write_wire_scope: net not found
2026-10-07 12:38:27.606 WARN   Wiring.write_wire_scope: net not found
2026-10-07 12:38:27.606 WARN   Wiring.write_wire_scope: net not found
2026-10-07 12:38:27.606 WARN   Wiring.write_wire_scope: net not found
2026-10-07 12:38:27.606 WARN   Wiring.write_wire_scope: net not found
2026-10-07 12:38:27.606 WARN   Wiring.write_wire_scope: net not found
2026-10-07 12:38:27.606 WARN   Wiring.write_wire_scope: net not found
2026-10-07 12:38:27.606 WARN   Wiring.write_wire_scope: net not found
2026-10-07 12:38:27.606 WARN   Wiring.write_wire_scope: net not found
2026-10-07 12:38:27.606 WARN   Wiring.write_wire_scope: net not found
2026-10-07 12:38:27.606 WARN   Wiring.write_wire_scope: net not found
2026-10-07 12:38:27.789 WARN   Wiring.write_wire_scope: net not found
2026-10-07 12:38:27.789 WARN   Wiring.write_wire_scope: net not found
2026-10-07 12:38:27.789 WARN   Wiring.write_wire_scope: net not found
2026-10-07 12:38:27.789 WARN   Wiring.write_wire_scope: net not found
2026-10-07 12:38:27.789 WARN   Wiring.write_wire_scope: net not found
2026-10-07 12:38:27.789 WARN   Wiring.write_wire_scope: net not found
2026-10-07 12:38:27.789 WARN   Wiring.write_wire_scope: net not found
2026-10-07 12:38:27.789 WARN   Wiring.write_wire_scope: net not found
2026-10-07 12:38:27.789 WARN   Wiring.write_wire_scope: net not found
2026-10-07 12:38:27.789 WARN   Wiring.write_wire_scope: net not found
2026-10-07 12:38:27.789 WARN   Wiring.write_wire_scope: net not found
2026-10-07 12:38:27.789 WARN   Wiring.write_wire_scope: net not found
2026-10-07 12:38:27.789 WARN   Wiring.write_wire_scope: net not found
2026-10-07 12:38:27.789 WARN   Wiring.write_wire_scope: net not found
2026-10-07 12:38:27.789 WARN   Wiring.write_wire_scope: net not found
2026-10-07 12:38:27.789 WARN   Wiring.write_wire_scope: net not found
2026-10-07 12:38:27.789 WARN   Wiring.write_wire_scope: net not found
2026-10-07 12:38:27.789 WARN   Wiring.write_wire_scope: net not found
2026-10-07 12:38:27.789 WARN   Wiring.write_wire_scope: net not found
2026-10-07 12:38:27.789 WARN   Wiring.write_wire_scope: net not found
2026-10-07 12:38:27.789 WARN   Wiring.write_wire_scope: net not found
2026-10-07 12:38:27.789 WARN   Wiring.write_wire_scope: net not found
2026-10-07 12:38:27.789 WARN   Wiring.write_wire_scope: net not found
2026-10-07 12:38:27.789 WARN   Wiring.write_wire_scope: net not found
2026-10-07 12:38:27.789 WARN   Wiring.write_wire_scope: net not found
2026-10-07 12:38:27.789 WARN   Wiring.write_wire_scope: net not found
2026-10-07 12:38:27.789 WARN   Wiring.write_wire_scope: net not found
2026-10-07 12:38:27.789 WARN   Wiring.write_wire_scope: net not found
2026-10-07 12:38:27.789 WARN   Wiring.write_wire_scope: net not found
2026-10-07 12:38:27.789 WARN   Wiring.write_wire_scope: net not found
2026-10-07 12:38:27.789 WARN   Wiring.write_wire_scope: net not found
2026-10-07 12:38:27.789 WARN   Wiring.write_wire_scope: net not found
2026-10-07 12:38:27.789 WARN   Wiring.write_wire_scope: net not found
2026-10-07 12:38:27.789 WARN   Wiring.write_wire_scope: net not found
2026-10-07 12:38:27.789 WARN   Wiring.write_wire_scope: net not found
2026-10-07 12:38:27.789 WARN   Wiring.write_wire_scope: net not found
2026-10-07 12:38:27.789 WARN   Wiring.write_wire_scope: net not found
2026-10-07 12:38:27.789 WARN   Wiring.write_wire_scope: net not found
2026-10-07 12:38:27.789 WARN   Wiring.write_wire_scope: net not found
2026-10-07 12:38:27.789 WARN   Wiring.write_wire_scope: net not found
2026-10-07 12:38:27.789 WARN   Wiring.write_wire_scope: net not found
2026-10-07 12:38:27.789 WARN   Wiring.write_wire_scope: net not found
2026-10-07 12:38:27.789 WARN   Wiring.write_wire_scope: net not found
2026-10-07 12:38:27.789 WARN   Wiring.write_wire_scope: net not found
2026-10-07 12:38:27.790 WARN   Wiring.write_wire_scope: net not found
2026-10-07 12:38:27.790 WARN   Wiring.write_wire_scope: net not found
2026-10-07 12:38:27.790 WARN   Wiring.write_wire_scope: net not found
2026-10-07 12:38:27.790 WARN   Wiring.write_wire_scope: net not found
2026-10-07 12:38:27.790 WARN   Wiring.write_wire_scope: net not found
2026-10-07 12:38:27.790 WARN   Wiring.write_wire_scope: net not found
2026-10-07 12:38:27.790 WARN   Wiring.write_wire_scope: net not found
2026-10-07 12:38:27.790 WARN   Wiring.write_wire_scope: net not found
2026-10-07 12:38:27.790 WARN   Wiring.write_wire_scope: net not found
2026-10-07 12:38:27.790 WARN   Wiring.write_wire_scope: net not found
2026-10-07 12:38:27.790 WARN   Wiring.write_wire_scope: net not found
2026-10-07 12:38:27.790 WARN   Wiring.write_wire_scope: net not found
2026-10-07 12:38:27.790 WARN   Wiring.write_wire_scope: net not found
2026-10-07 12:38:27.790 WARN   Wiring.write_wire_scope: net not found
2026-10-07 12:38:27.790 WARN   Wiring.write_wire_scope: net not found
2026-10-07 12:38:27.790 WARN   Wiring.write_wire_scope: net not found
2026-10-07 12:38:27.790 WARN   Wiring.write_wire_scope: net not found
2026-10-07 12:38:27.790 WARN   Wiring.write_wire_scope: net not found
2026-10-07 12:38:27.790 WARN   Wiring.write_wire_scope: net not found
2026-10-07 12:38:27.790 WARN   Wiring.write_wire_scope: net not found
2026-10-07 12:38:27.790 WARN   Wiring.write_wire_scope: net not found
2026-10-07 12:38:27.790 WARN   Wiring.write_wire_scope: net not found
2026-10-07 12:38:27.790 WARN   Wiring.write_wire_scope: net not found
2026-10-07 12:38:27.790 WARN   Wiring.write_wire_scope: net not found
2026-10-07 12:38:27.794 INFO   [4B1866\9D172F] Fanout pass #5 on board 'bf20f29779c48be86844124e2e35d389' completed in 0.23 seconds with 33 SMD pins fanouted, 10 not routed, 0 insert errors, +0 extra vias (0 SMD pins still to check in pass, ripup costs=500).
2026-10-07 12:38:27.842 WARN   Wiring.write_wire_scope: net not found
2026-10-07 12:38:27.842 WARN   Wiring.write_wire_scope: net not found
2026-10-07 12:38:27.842 WARN   Wiring.write_wire_scope: net not found
2026-10-07 12:38:27.842 WARN   Wiring.write_wire_scope: net not found
2026-10-07 12:38:27.842 WARN   Wiring.write_wire_scope: net not found
2026-10-07 12:38:27.842 WARN   Wiring.write_wire_scope: net not found
2026-10-07 12:38:27.842 WARN   Wiring.write_wire_scope: net not found
2026-10-07 12:38:27.842 WARN   Wiring.write_wire_scope: net not found
2026-10-07 12:38:27.842 WARN   Wiring.write_wire_scope: net not found
2026-10-07 12:38:27.842 WARN   Wiring.write_wire_scope: net not found
2026-10-07 12:38:27.842 WARN   Wiring.write_wire_scope: net not found
2026-10-07 12:38:27.842 WARN   Wiring.write_wire_scope: net not found
2026-10-07 12:38:27.842 WARN   Wiring.write_wire_scope: net not found
2026-10-07 12:38:27.842 WARN   Wiring.write_wire_scope: net not found
2026-10-07 12:38:27.842 WARN   Wiring.write_wire_scope: net not found
2026-10-07 12:38:27.842 WARN   Wiring.write_wire_scope: net not found
2026-10-07 12:38:27.842 WARN   Wiring.write_wire_scope: net not found
2026-10-07 12:38:27.842 WARN   Wiring.write_wire_scope: net not found
2026-10-07 12:38:27.842 WARN   Wiring.write_wire_scope: net not found
2026-10-07 12:38:27.842 WARN   Wiring.write_wire_scope: net not found
2026-10-07 12:38:27.842 WARN   Wiring.write_wire_scope: net not found
2026-10-07 12:38:27.842 WARN   Wiring.write_wire_scope: net not found
2026-10-07 12:38:27.842 WARN   Wiring.write_wire_scope: net not found
2026-10-07 12:38:27.842 WARN   Wiring.write_wire_scope: net not found
2026-10-07 12:38:27.842 WARN   Wiring.write_wire_scope: net not found
2026-10-07 12:38:27.842 WARN   Wiring.write_wire_scope: net not found
2026-10-07 12:38:27.842 WARN   Wiring.write_wire_scope: net not found
2026-10-07 12:38:27.842 WARN   Wiring.write_wire_scope: net not found
2026-10-07 12:38:27.842 WARN   Wiring.write_wire_scope: net not found
2026-10-07 12:38:27.843 WARN   Wiring.write_wire_scope: net not found
2026-10-07 12:38:27.843 WARN   Wiring.write_wire_scope: net not found
2026-10-07 12:38:27.843 WARN   Wiring.write_wire_scope: net not found
2026-10-07 12:38:27.843 WARN   Wiring.write_wire_scope: net not found
2026-10-07 12:38:27.843 WARN   Wiring.write_wire_scope: net not found
2026-10-07 12:38:27.843 WARN   Wiring.write_wire_scope: net not found
2026-10-07 12:38:27.843 WARN   Wiring.write_wire_scope: net not found
2026-10-07 12:38:27.843 WARN   Wiring.write_wire_scope: net not found
2026-10-07 12:38:27.843 WARN   Wiring.write_wire_scope: net not found
2026-10-07 12:38:27.843 WARN   Wiring.write_wire_scope: net not found
2026-10-07 12:38:27.843 WARN   Wiring.write_wire_scope: net not found
2026-10-07 12:38:27.843 WARN   Wiring.write_wire_scope: net not found
2026-10-07 12:38:27.843 WARN   Wiring.write_wire_scope: net not found
2026-10-07 12:38:27.843 WARN   Wiring.write_wire_scope: net not found
2026-10-07 12:38:27.843 WARN   Wiring.write_wire_scope: net not found
2026-10-07 12:38:27.843 WARN   Wiring.write_wire_scope: net not found
2026-10-07 12:38:27.843 WARN   Wiring.write_wire_scope: net not found
2026-10-07 12:38:27.843 WARN   Wiring.write_wire_scope: net not found
2026-10-07 12:38:27.843 WARN   Wiring.write_wire_scope: net not found
2026-10-07 12:38:27.843 WARN   Wiring.write_wire_scope: net not found
2026-10-07 12:38:27.843 WARN   Wiring.write_wire_scope: net not found
2026-10-07 12:38:27.843 WARN   Wiring.write_wire_scope: net not found
2026-10-07 12:38:27.843 WARN   Wiring.write_wire_scope: net not found
2026-10-07 12:38:27.843 WARN   Wiring.write_wire_scope: net not found
2026-10-07 12:38:27.843 WARN   Wiring.write_wire_scope: net not found
2026-10-07 12:38:27.843 WARN   Wiring.write_wire_scope: net not found
2026-10-07 12:38:27.843 WARN   Wiring.write_wire_scope: net not found
2026-10-07 12:38:27.843 WARN   Wiring.write_wire_scope: net not found
2026-10-07 12:38:27.843 WARN   Wiring.write_wire_scope: net not found
2026-10-07 12:38:27.843 WARN   Wiring.write_wire_scope: net not found
2026-10-07 12:38:27.843 WARN   Wiring.write_wire_scope: net not found
2026-10-07 12:38:27.843 WARN   Wiring.write_wire_scope: net not found
2026-10-07 12:38:27.843 WARN   Wiring.write_wire_scope: net not found
2026-10-07 12:38:27.843 WARN   Wiring.write_wire_scope: net not found
2026-10-07 12:38:27.843 WARN   Wiring.write_wire_scope: net not found
2026-10-07 12:38:27.843 WARN   Wiring.write_wire_scope: net not found
2026-10-07 12:38:27.843 WARN   Wiring.write_wire_scope: net not found
2026-10-07 12:38:27.843 WARN   Wiring.write_wire_scope: net not found
2026-10-07 12:38:27.843 WARN   Wiring.write_wire_scope: net not found
2026-10-07 12:38:27.876 WARN   Wiring.write_wire_scope: net not found
2026-10-07 12:38:27.876 WARN   Wiring.write_wire_scope: net not found
2026-10-07 12:38:27.876 WARN   Wiring.write_wire_scope: net not found
2026-10-07 12:38:27.876 WARN   Wiring.write_wire_scope: net not found
2026-10-07 12:38:27.876 WARN   Wiring.write_wire_scope: net not found
2026-10-07 12:38:27.876 WARN   Wiring.write_wire_scope: net not found
2026-10-07 12:38:27.876 WARN   Wiring.write_wire_scope: net not found
2026-10-07 12:38:27.876 WARN   Wiring.write_wire_scope: net not found
2026-10-07 12:38:27.876 WARN   Wiring.write_wire_scope: net not found
2026-10-07 12:38:27.876 WARN   Wiring.write_wire_scope: net not found
2026-10-07 12:38:27.876 WARN   Wiring.write_wire_scope: net not found
2026-10-07 12:38:27.876 WARN   Wiring.write_wire_scope: net not found
2026-10-07 12:38:27.876 WARN   Wiring.write_wire_scope: net not found
2026-10-07 12:38:27.876 WARN   Wiring.write_wire_scope: net not found
2026-10-07 12:38:27.876 WARN   Wiring.write_wire_scope: net not found
2026-10-07 12:38:27.876 WARN   Wiring.write_wire_scope: net not found
2026-10-07 12:38:27.876 WARN   Wiring.write_wire_scope: net not found
2026-10-07 12:38:27.876 WARN   Wiring.write_wire_scope: net not found
2026-10-07 12:38:27.876 WARN   Wiring.write_wire_scope: net not found
2026-10-07 12:38:27.876 WARN   Wiring.write_wire_scope: net not found
2026-10-07 12:38:27.876 WARN   Wiring.write_wire_scope: net not found
2026-10-07 12:38:27.876 WARN   Wiring.write_wire_scope: net not found
2026-10-07 12:38:27.876 WARN   Wiring.write_wire_scope: net not found
2026-10-07 12:38:27.876 WARN   Wiring.write_wire_scope: net not found
2026-10-07 12:38:27.876 WARN   Wiring.write_wire_scope: net not found
2026-10-07 12:38:27.876 WARN   Wiring.write_wire_scope: net not found
2026-10-07 12:38:27.876 WARN   Wiring.write_wire_scope: net not found
2026-10-07 12:38:27.876 WARN   Wiring.write_wire_scope: net not found
2026-10-07 12:38:27.876 WARN   Wiring.write_wire_scope: net not found
2026-10-07 12:38:27.876 WARN   Wiring.write_wire_scope: net not found
2026-10-07 12:38:27.876 WARN   Wiring.write_wire_scope: net not found
2026-10-07 12:38:27.876 WARN   Wiring.write_wire_scope: net not found
2026-10-07 12:38:27.876 WARN   Wiring.write_wire_scope: net not found
2026-10-07 12:38:27.876 WARN   Wiring.write_wire_scope: net not found
2026-10-07 12:38:27.877 WARN   Wiring.write_wire_scope: net not found
2026-10-07 12:38:27.877 WARN   Wiring.write_wire_scope: net not found
2026-10-07 12:38:27.877 WARN   Wiring.write_wire_scope: net not found
2026-10-07 12:38:27.877 WARN   Wiring.write_wire_scope: net not found
2026-10-07 12:38:27.877 WARN   Wiring.write_wire_scope: net not found
2026-10-07 12:38:27.877 WARN   Wiring.write_wire_scope: net not found
2026-10-07 12:38:27.877 WARN   Wiring.write_wire_scope: net not found
2026-10-07 12:38:27.877 WARN   Wiring.write_wire_scope: net not found
2026-10-07 12:38:27.877 WARN   Wiring.write_wire_scope: net not found
2026-10-07 12:38:27.877 WARN   Wiring.write_wire_scope: net not found
2026-10-07 12:38:27.877 WARN   Wiring.write_wire_scope: net not found
2026-10-07 12:38:27.877 WARN   Wiring.write_wire_scope: net not found
2026-10-07 12:38:27.877 WARN   Wiring.write_wire_scope: net not found
2026-10-07 12:38:27.877 WARN   Wiring.write_wire_scope: net not found
2026-10-07 12:38:27.877 WARN   Wiring.write_wire_scope: net not found
2026-10-07 12:38:27.877 WARN   Wiring.write_wire_scope: net not found
2026-10-07 12:38:27.877 WARN   Wiring.write_wire_scope: net not found
2026-10-07 12:38:27.877 WARN   Wiring.write_wire_scope: net not found
2026-10-07 12:38:27.877 WARN   Wiring.write_wire_scope: net not found
2026-10-07 12:38:27.877 WARN   Wiring.write_wire_scope: net not found
2026-10-07 12:38:27.877 WARN   Wiring.write_wire_scope: net not found
2026-10-07 12:38:27.877 WARN   Wiring.write_wire_scope: net not found
2026-10-07 12:38:27.877 WARN   Wiring.write_wire_scope: net not found
2026-10-07 12:38:27.877 WARN   Wiring.write_wire_scope: net not found
2026-10-07 12:38:27.877 WARN   Wiring.write_wire_scope: net not found
2026-10-07 12:38:27.877 WARN   Wiring.write_wire_scope: net not found
2026-10-07 12:38:27.877 WARN   Wiring.write_wire_scope: net not found
2026-10-07 12:38:27.877 WARN   Wiring.write_wire_scope: net not found
2026-10-07 12:38:27.877 WARN   Wiring.write_wire_scope: net not found
2026-10-07 12:38:27.877 WARN   Wiring.write_wire_scope: net not found
2026-10-07 12:38:27.877 WARN   Wiring.write_wire_scope: net not found
2026-10-07 12:38:27.877 WARN   Wiring.write_wire_scope: net not found
2026-10-07 12:38:27.877 WARN   Wiring.write_wire_scope: net not found
2026-10-07 12:38:27.877 WARN   Wiring.write_wire_scope: net not found
2026-10-07 12:38:28.080 WARN   Wiring.write_wire_scope: net not found
2026-10-07 12:38:28.081 WARN   Wiring.write_wire_scope: net not found
2026-10-07 12:38:28.081 WARN   Wiring.write_wire_scope: net not found
2026-10-07 12:38:28.081 WARN   Wiring.write_wire_scope: net not found
2026-10-07 12:38:28.081 WARN   Wiring.write_wire_scope: net not found
2026-10-07 12:38:28.081 WARN   Wiring.write_wire_scope: net not found
2026-10-07 12:38:28.081 WARN   Wiring.write_wire_scope: net not found
2026-10-07 12:38:28.081 WARN   Wiring.write_wire_scope: net not found
2026-10-07 12:38:28.081 WARN   Wiring.write_wire_scope: net not found
2026-10-07 12:38:28.081 WARN   Wiring.write_wire_scope: net not found
2026-10-07 12:38:28.081 WARN   Wiring.write_wire_scope: net not found
2026-10-07 12:38:28.081 WARN   Wiring.write_wire_scope: net not found
2026-10-07 12:38:28.081 WARN   Wiring.write_wire_scope: net not found
2026-10-07 12:38:28.081 WARN   Wiring.write_wire_scope: net not found
2026-10-07 12:38:28.081 WARN   Wiring.write_wire_scope: net not found
2026-10-07 12:38:28.081 WARN   Wiring.write_wire_scope: net not found
2026-10-07 12:38:28.081 WARN   Wiring.write_wire_scope: net not found
2026-10-07 12:38:28.081 WARN   Wiring.write_wire_scope: net not found
2026-10-07 12:38:28.081 WARN   Wiring.write_wire_scope: net not found
2026-10-07 12:38:28.081 WARN   Wiring.write_wire_scope: net not found
2026-10-07 12:38:28.081 WARN   Wiring.write_wire_scope: net not found
2026-10-07 12:38:28.081 WARN   Wiring.write_wire_scope: net not found
2026-10-07 12:38:28.081 WARN   Wiring.write_wire_scope: net not found
2026-10-07 12:38:28.081 WARN   Wiring.write_wire_scope: net not found
2026-10-07 12:38:28.081 WARN   Wiring.write_wire_scope: net not found
2026-10-07 12:38:28.081 WARN   Wiring.write_wire_scope: net not found
2026-10-07 12:38:28.081 WARN   Wiring.write_wire_scope: net not found
2026-10-07 12:38:28.081 WARN   Wiring.write_wire_scope: net not found
2026-10-07 12:38:28.081 WARN   Wiring.write_wire_scope: net not found
2026-10-07 12:38:28.081 WARN   Wiring.write_wire_scope: net not found
2026-10-07 12:38:28.081 WARN   Wiring.write_wire_scope: net not found
2026-10-07 12:38:28.081 WARN   Wiring.write_wire_scope: net not found
2026-10-07 12:38:28.081 WARN   Wiring.write_wire_scope: net not found
2026-10-07 12:38:28.081 WARN   Wiring.write_wire_scope: net not found
2026-10-07 12:38:28.081 WARN   Wiring.write_wire_scope: net not found
2026-10-07 12:38:28.081 WARN   Wiring.write_wire_scope: net not found
2026-10-07 12:38:28.081 WARN   Wiring.write_wire_scope: net not found
2026-10-07 12:38:28.081 WARN   Wiring.write_wire_scope: net not found
2026-10-07 12:38:28.081 WARN   Wiring.write_wire_scope: net not found
2026-10-07 12:38:28.081 WARN   Wiring.write_wire_scope: net not found
2026-10-07 12:38:28.081 WARN   Wiring.write_wire_scope: net not found
2026-10-07 12:38:28.081 WARN   Wiring.write_wire_scope: net not found
2026-10-07 12:38:28.081 WARN   Wiring.write_wire_scope: net not found
2026-10-07 12:38:28.081 WARN   Wiring.write_wire_scope: net not found
2026-10-07 12:38:28.081 WARN   Wiring.write_wire_scope: net not found
2026-10-07 12:38:28.081 WARN   Wiring.write_wire_scope: net not found
2026-10-07 12:38:28.081 WARN   Wiring.write_wire_scope: net not found
2026-10-07 12:38:28.081 WARN   Wiring.write_wire_scope: net not found
2026-10-07 12:38:28.081 WARN   Wiring.write_wire_scope: net not found
2026-10-07 12:38:28.081 WARN   Wiring.write_wire_scope: net not found
2026-10-07 12:38:28.081 WARN   Wiring.write_wire_scope: net not found
2026-10-07 12:38:28.081 WARN   Wiring.write_wire_scope: net not found
2026-10-07 12:38:28.081 WARN   Wiring.write_wire_scope: net not found
2026-10-07 12:38:28.081 WARN   Wiring.write_wire_scope: net not found
2026-10-07 12:38:28.081 WARN   Wiring.write_wire_scope: net not found
2026-10-07 12:38:28.081 WARN   Wiring.write_wire_scope: net not found
2026-10-07 12:38:28.081 WARN   Wiring.write_wire_scope: net not found
2026-10-07 12:38:28.081 WARN   Wiring.write_wire_scope: net not found
2026-10-07 12:38:28.081 WARN   Wiring.write_wire_scope: net not found
2026-10-07 12:38:28.081 WARN   Wiring.write_wire_scope: net not found
2026-10-07 12:38:28.082 WARN   Wiring.write_wire_scope: net not found
2026-10-07 12:38:28.082 WARN   Wiring.write_wire_scope: net not found
2026-10-07 12:38:28.082 WARN   Wiring.write_wire_scope: net not found
2026-10-07 12:38:28.082 WARN   Wiring.write_wire_scope: net not found
2026-10-07 12:38:28.082 WARN   Wiring.write_wire_scope: net not found
2026-10-07 12:38:28.082 WARN   Wiring.write_wire_scope: net not found
2026-10-07 12:38:28.082 WARN   Wiring.write_wire_scope: net not found
2026-10-07 12:38:28.082 WARN   Wiring.write_wire_scope: net not found
2026-10-07 12:38:28.086 INFO   [4B1866\9D172F] Fanout pass #6 on board '1903e8bf33783c5d20677e37a78c4ad4' completed in 0.26 seconds with 33 SMD pins fanouted, 10 not routed, 0 insert errors, +0 extra vias (0 SMD pins still to check in pass, ripup costs=600).
2026-10-07 12:38:28.086 INFO   Fanout stopped after 6 passes: no progress for 3 consecutive passes.
2026-10-07 12:38:28.100 INFO   [4B1866\9D172F] Fanout stage completed: started with 194 total SMD pins, completed in 2.58 seconds, escaped pins: 137/194 (70.6%), using 2.58 total CPU seconds, 2.25 GB total allocated, and 221.6 MB peak heap usage.
2026-10-07 12:38:28.224 INFO   [4B1866\9D172F] Auto-routing stage started on board '1903e8bf33783c5d20677e37a78c4ad4' with baseline score 402.53 for 61 unrouted items.
2026-10-07 12:38:28.362 WARN   Wiring.write_wire_scope: net not found
2026-10-07 12:38:28.363 WARN   Wiring.write_wire_scope: net not found
2026-10-07 12:38:28.363 WARN   Wiring.write_wire_scope: net not found
2026-10-07 12:38:28.363 WARN   Wiring.write_wire_scope: net not found
2026-10-07 12:38:28.363 WARN   Wiring.write_wire_scope: net not found
2026-10-07 12:38:28.363 WARN   Wiring.write_wire_scope: net not found
2026-10-07 12:38:28.363 WARN   Wiring.write_wire_scope: net not found
2026-10-07 12:38:28.363 WARN   Wiring.write_wire_scope: net not found
2026-10-07 12:38:28.363 WARN   Wiring.write_wire_scope: net not found
2026-10-07 12:38:28.363 WARN   Wiring.write_wire_scope: net not found
2026-10-07 12:38:28.363 WARN   Wiring.write_wire_scope: net not found
2026-10-07 12:38:28.363 WARN   Wiring.write_wire_scope: net not found
2026-10-07 12:38:28.363 WARN   Wiring.write_wire_scope: net not found
2026-10-07 12:38:28.363 WARN   Wiring.write_wire_scope: net not found
2026-10-07 12:38:28.363 WARN   Wiring.write_wire_scope: net not found
2026-10-07 12:38:28.363 WARN   Wiring.write_wire_scope: net not found
2026-10-07 12:38:28.363 WARN   Wiring.write_wire_scope: net not found
2026-10-07 12:38:28.363 WARN   Wiring.write_wire_scope: net not found
2026-10-07 12:38:28.363 WARN   Wiring.write_wire_scope: net not found
2026-10-07 12:38:28.363 WARN   Wiring.write_wire_scope: net not found
2026-10-07 12:38:28.363 WARN   Wiring.write_wire_scope: net not found
2026-10-07 12:38:28.363 WARN   Wiring.write_wire_scope: net not found
2026-10-07 12:38:28.363 WARN   Wiring.write_wire_scope: net not found
2026-10-07 12:38:28.363 WARN   Wiring.write_wire_scope: net not found
2026-10-07 12:38:28.363 WARN   Wiring.write_wire_scope: net not found
2026-10-07 12:38:28.363 WARN   Wiring.write_wire_scope: net not found
2026-10-07 12:38:28.363 WARN   Wiring.write_wire_scope: net not found
2026-10-07 12:38:28.363 WARN   Wiring.write_wire_scope: net not found
2026-10-07 12:38:28.363 WARN   Wiring.write_wire_scope: net not found
2026-10-07 12:38:28.363 WARN   Wiring.write_wire_scope: net not found
2026-10-07 12:38:28.363 WARN   Wiring.write_wire_scope: net not found
2026-10-07 12:38:28.363 WARN   Wiring.write_wire_scope: net not found
2026-10-07 12:38:28.363 WARN   Wiring.write_wire_scope: net not found
2026-10-07 12:38:28.363 WARN   Wiring.write_wire_scope: net not found
2026-10-07 12:38:28.363 WARN   Wiring.write_wire_scope: net not found
2026-10-07 12:38:28.363 WARN   Wiring.write_wire_scope: net not found
2026-10-07 12:38:28.363 WARN   Wiring.write_wire_scope: net not found
2026-10-07 12:38:28.363 WARN   Wiring.write_wire_scope: net not found
2026-10-07 12:38:28.363 WARN   Wiring.write_wire_scope: net not found
2026-10-07 12:38:28.363 WARN   Wiring.write_wire_scope: net not found
2026-10-07 12:38:28.363 WARN   Wiring.write_wire_scope: net not found
2026-10-07 12:38:28.363 WARN   Wiring.write_wire_scope: net not found
2026-10-07 12:38:28.363 WARN   Wiring.write_wire_scope: net not found
2026-10-07 12:38:28.363 WARN   Wiring.write_wire_scope: net not found
2026-10-07 12:38:28.363 WARN   Wiring.write_wire_scope: net not found
2026-10-07 12:38:28.363 WARN   Wiring.write_wire_scope: net not found
2026-10-07 12:38:28.363 WARN   Wiring.write_wire_scope: net not found
2026-10-07 12:38:28.363 WARN   Wiring.write_wire_scope: net not found
2026-10-07 12:38:28.363 WARN   Wiring.write_wire_scope: net not found
2026-10-07 12:38:28.363 WARN   Wiring.write_wire_scope: net not found
2026-10-07 12:38:28.363 WARN   Wiring.write_wire_scope: net not found
2026-10-07 12:38:28.363 WARN   Wiring.write_wire_scope: net not found
2026-10-07 12:38:28.363 WARN   Wiring.write_wire_scope: net not found
2026-10-07 12:38:28.363 WARN   Wiring.write_wire_scope: net not found
2026-10-07 12:38:28.363 WARN   Wiring.write_wire_scope: net not found
2026-10-07 12:38:28.363 WARN   Wiring.write_wire_scope: net not found
2026-10-07 12:38:28.363 WARN   Wiring.write_wire_scope: net not found
2026-10-07 12:38:28.363 WARN   Wiring.write_wire_scope: net not found
2026-10-07 12:38:28.363 WARN   Wiring.write_wire_scope: net not found
2026-10-07 12:38:28.363 WARN   Wiring.write_wire_scope: net not found
2026-10-07 12:38:28.364 WARN   Wiring.write_wire_scope: net not found
2026-10-07 12:38:28.364 WARN   Wiring.write_wire_scope: net not found
2026-10-07 12:38:28.364 WARN   Wiring.write_wire_scope: net not found
2026-10-07 12:38:28.364 WARN   Wiring.write_wire_scope: net not found
2026-10-07 12:38:28.364 WARN   Wiring.write_wire_scope: net not found
2026-10-07 12:38:28.364 WARN   Wiring.write_wire_scope: net not found
2026-10-07 12:38:28.364 WARN   Wiring.write_wire_scope: net not found
2026-10-07 12:38:28.364 WARN   Wiring.write_wire_scope: net not found
2026-10-07 12:38:28.466 WARN   Wiring.write_wire_scope: net not found
2026-10-07 12:38:28.466 WARN   Wiring.write_wire_scope: net not found
2026-10-07 12:38:28.466 WARN   Wiring.write_wire_scope: net not found
2026-10-07 12:38:28.466 WARN   Wiring.write_wire_scope: net not found
2026-10-07 12:38:28.466 WARN   Wiring.write_wire_scope: net not found
2026-10-07 12:38:28.466 WARN   Wiring.write_wire_scope: net not found
2026-10-07 12:38:28.466 WARN   Wiring.write_wire_scope: net not found
2026-10-07 12:38:28.466 WARN   Wiring.write_wire_scope: net not found
2026-10-07 12:38:28.466 WARN   Wiring.write_wire_scope: net not found
2026-10-07 12:38:28.466 WARN   Wiring.write_wire_scope: net not found
2026-10-07 12:38:28.466 WARN   Wiring.write_wire_scope: net not found
2026-10-07 12:38:28.466 WARN   Wiring.write_wire_scope: net not found
2026-10-07 12:38:28.466 WARN   Wiring.write_wire_scope: net not found
2026-10-07 12:38:28.466 WARN   Wiring.write_wire_scope: net not found
2026-10-07 12:38:28.466 WARN   Wiring.write_wire_scope: net not found
2026-10-07 12:38:28.466 WARN   Wiring.write_wire_scope: net not found
2026-10-07 12:38:28.466 WARN   Wiring.write_wire_scope: net not found
2026-10-07 12:38:28.466 WARN   Wiring.write_wire_scope: net not found
2026-10-07 12:38:28.466 WARN   Wiring.write_wire_scope: net not found
2026-10-07 12:38:28.466 WARN   Wiring.write_wire_scope: net not found
2026-10-07 12:38:28.466 WARN   Wiring.write_wire_scope: net not found
2026-10-07 12:38:28.466 WARN   Wiring.write_wire_scope: net not found
2026-10-07 12:38:28.466 WARN   Wiring.write_wire_scope: net not found
2026-10-07 12:38:28.466 WARN   Wiring.write_wire_scope: net not found
2026-10-07 12:38:28.466 WARN   Wiring.write_wire_scope: net not found
2026-10-07 12:38:28.466 WARN   Wiring.write_wire_scope: net not found
2026-10-07 12:38:28.466 WARN   Wiring.write_wire_scope: net not found
2026-10-07 12:38:28.466 WARN   Wiring.write_wire_scope: net not found
2026-10-07 12:38:28.466 WARN   Wiring.write_wire_scope: net not found
2026-10-07 12:38:28.466 WARN   Wiring.write_wire_scope: net not found
2026-10-07 12:38:28.466 WARN   Wiring.write_wire_scope: net not found
2026-10-07 12:38:28.466 WARN   Wiring.write_wire_scope: net not found
2026-10-07 12:38:28.466 WARN   Wiring.write_wire_scope: net not found
2026-10-07 12:38:28.466 WARN   Wiring.write_wire_scope: net not found
2026-10-07 12:38:28.466 WARN   Wiring.write_wire_scope: net not found
2026-10-07 12:38:28.466 WARN   Wiring.write_wire_scope: net not found
2026-10-07 12:38:28.466 WARN   Wiring.write_wire_scope: net not found
2026-10-07 12:38:28.466 WARN   Wiring.write_wire_scope: net not found
2026-10-07 12:38:28.466 WARN   Wiring.write_wire_scope: net not found
2026-10-07 12:38:28.466 WARN   Wiring.write_wire_scope: net not found
2026-10-07 12:38:28.466 WARN   Wiring.write_wire_scope: net not found
2026-10-07 12:38:28.466 WARN   Wiring.write_wire_scope: net not found
2026-10-07 12:38:28.466 WARN   Wiring.write_wire_scope: net not found
2026-10-07 12:38:28.466 WARN   Wiring.write_wire_scope: net not found
2026-10-07 12:38:28.467 WARN   Wiring.write_wire_scope: net not found
2026-10-07 12:38:28.467 WARN   Wiring.write_wire_scope: net not found
2026-10-07 12:38:28.467 WARN   Wiring.write_wire_scope: net not found
2026-10-07 12:38:28.467 WARN   Wiring.write_wire_scope: net not found
2026-10-07 12:38:28.467 WARN   Wiring.write_wire_scope: net not found
2026-10-07 12:38:28.467 WARN   Wiring.write_wire_scope: net not found
2026-10-07 12:38:28.467 WARN   Wiring.write_wire_scope: net not found
2026-10-07 12:38:28.467 WARN   Wiring.write_wire_scope: net not found
2026-10-07 12:38:28.467 WARN   Wiring.write_wire_scope: net not found
2026-10-07 12:38:28.467 WARN   Wiring.write_wire_scope: net not found
2026-10-07 12:38:28.467 WARN   Wiring.write_wire_scope: net not found
2026-10-07 12:38:28.467 WARN   Wiring.write_wire_scope: net not found
2026-10-07 12:38:28.467 WARN   Wiring.write_wire_scope: net not found
2026-10-07 12:38:28.467 WARN   Wiring.write_wire_scope: net not found
2026-10-07 12:38:28.467 WARN   Wiring.write_wire_scope: net not found
2026-10-07 12:38:28.467 WARN   Wiring.write_wire_scope: net not found
2026-10-07 12:38:28.467 WARN   Wiring.write_wire_scope: net not found
2026-10-07 12:38:28.467 WARN   Wiring.write_wire_scope: net not found
2026-10-07 12:38:28.467 WARN   Wiring.write_wire_scope: net not found
2026-10-07 12:38:28.467 WARN   Wiring.write_wire_scope: net not found
2026-10-07 12:38:28.467 WARN   Wiring.write_wire_scope: net not found
2026-10-07 12:38:28.467 WARN   Wiring.write_wire_scope: net not found
2026-10-07 12:38:28.467 WARN   Wiring.write_wire_scope: net not found
2026-10-07 12:38:28.467 WARN   Wiring.write_wire_scope: net not found
2026-10-07 12:38:28.723 WARN   Wiring.write_wire_scope: net not found
2026-10-07 12:38:28.723 WARN   Wiring.write_wire_scope: net not found
2026-10-07 12:38:28.723 WARN   Wiring.write_wire_scope: net not found
2026-10-07 12:38:28.723 WARN   Wiring.write_wire_scope: net not found
2026-10-07 12:38:28.723 WARN   Wiring.write_wire_scope: net not found
2026-10-07 12:38:28.723 WARN   Wiring.write_wire_scope: net not found
2026-10-07 12:38:28.723 WARN   Wiring.write_wire_scope: net not found
2026-10-07 12:38:28.723 WARN   Wiring.write_wire_scope: net not found
2026-10-07 12:38:28.723 WARN   Wiring.write_wire_scope: net not found
2026-10-07 12:38:28.723 WARN   Wiring.write_wire_scope: net not found
2026-10-07 12:38:28.723 WARN   Wiring.write_wire_scope: net not found
2026-10-07 12:38:28.723 WARN   Wiring.write_wire_scope: net not found
2026-10-07 12:38:28.723 WARN   Wiring.write_wire_scope: net not found
2026-10-07 12:38:28.723 WARN   Wiring.write_wire_scope: net not found
2026-10-07 12:38:28.723 WARN   Wiring.write_wire_scope: net not found
2026-10-07 12:38:28.723 WARN   Wiring.write_wire_scope: net not found
2026-10-07 12:38:28.723 WARN   Wiring.write_wire_scope: net not found
2026-10-07 12:38:28.723 WARN   Wiring.write_wire_scope: net not found
2026-10-07 12:38:28.723 WARN   Wiring.write_wire_scope: net not found
2026-10-07 12:38:28.723 WARN   Wiring.write_wire_scope: net not found
2026-10-07 12:38:28.723 WARN   Wiring.write_wire_scope: net not found
2026-10-07 12:38:28.724 WARN   Wiring.write_wire_scope: net not found
2026-10-07 12:38:28.724 WARN   Wiring.write_wire_scope: net not found
2026-10-07 12:38:28.724 WARN   Wiring.write_wire_scope: net not found
2026-10-07 12:38:28.724 WARN   Wiring.write_wire_scope: net not found
2026-10-07 12:38:28.724 WARN   Wiring.write_wire_scope: net not found
2026-10-07 12:38:28.724 WARN   Wiring.write_wire_scope: net not found
2026-10-07 12:38:28.724 WARN   Wiring.write_wire_scope: net not found
2026-10-07 12:38:28.724 WARN   Wiring.write_wire_scope: net not found
2026-10-07 12:38:28.724 WARN   Wiring.write_wire_scope: net not found
2026-10-07 12:38:28.724 WARN   Wiring.write_wire_scope: net not found
2026-10-07 12:38:28.724 WARN   Wiring.write_wire_scope: net not found
2026-10-07 12:38:28.724 WARN   Wiring.write_wire_scope: net not found
2026-10-07 12:38:28.724 WARN   Wiring.write_wire_scope: net not found
2026-10-07 12:38:28.724 WARN   Wiring.write_wire_scope: net not found
2026-10-07 12:38:28.724 WARN   Wiring.write_wire_scope: net not found
2026-10-07 12:38:28.724 WARN   Wiring.write_wire_scope: net not found
2026-10-07 12:38:28.724 WARN   Wiring.write_wire_scope: net not found
2026-10-07 12:38:28.724 WARN   Wiring.write_wire_scope: net not found
2026-10-07 12:38:28.724 WARN   Wiring.write_wire_scope: net not found
2026-10-07 12:38:28.724 WARN   Wiring.write_wire_scope: net not found
2026-10-07 12:38:28.724 WARN   Wiring.write_wire_scope: net not found
2026-10-07 12:38:28.724 WARN   Wiring.write_wire_scope: net not found
2026-10-07 12:38:28.724 WARN   Wiring.write_wire_scope: net not found
2026-10-07 12:38:28.724 WARN   Wiring.write_wire_scope: net not found
2026-10-07 12:38:28.724 WARN   Wiring.write_wire_scope: net not found
2026-10-07 12:38:28.724 WARN   Wiring.write_wire_scope: net not found
2026-10-07 12:38:28.724 WARN   Wiring.write_wire_scope: net not found
2026-10-07 12:38:28.724 WARN   Wiring.write_wire_scope: net not found
2026-10-07 12:38:28.724 WARN   Wiring.write_wire_scope: net not found
2026-10-07 12:38:28.724 WARN   Wiring.write_wire_scope: net not found
2026-10-07 12:38:28.724 WARN   Wiring.write_wire_scope: net not found
2026-10-07 12:38:28.724 WARN   Wiring.write_wire_scope: net not found
2026-10-07 12:38:28.724 WARN   Wiring.write_wire_scope: net not found
2026-10-07 12:38:28.724 WARN   Wiring.write_wire_scope: net not found
2026-10-07 12:38:28.724 WARN   Wiring.write_wire_scope: net not found
2026-10-07 12:38:28.724 WARN   Wiring.write_wire_scope: net not found
2026-10-07 12:38:28.724 WARN   Wiring.write_wire_scope: net not found
2026-10-07 12:38:28.724 WARN   Wiring.write_wire_scope: net not found
2026-10-07 12:38:28.724 WARN   Wiring.write_wire_scope: net not found
2026-10-07 12:38:28.724 WARN   Wiring.write_wire_scope: net not found
2026-10-07 12:38:28.724 WARN   Wiring.write_wire_scope: net not found
2026-10-07 12:38:28.724 WARN   Wiring.write_wire_scope: net not found
2026-10-07 12:38:28.724 WARN   Wiring.write_wire_scope: net not found
2026-10-07 12:38:28.724 WARN   Wiring.write_wire_scope: net not found
2026-10-07 12:38:28.724 WARN   Wiring.write_wire_scope: net not found
2026-10-07 12:38:28.724 WARN   Wiring.write_wire_scope: net not found
2026-10-07 12:38:28.724 WARN   Wiring.write_wire_scope: net not found
2026-10-07 12:38:29.048 WARN   Wiring.write_wire_scope: net not found
2026-10-07 12:38:29.049 WARN   Wiring.write_wire_scope: net not found
2026-10-07 12:38:29.049 WARN   Wiring.write_wire_scope: net not found
2026-10-07 12:38:29.049 WARN   Wiring.write_wire_scope: net not found
2026-10-07 12:38:29.049 WARN   Wiring.write_wire_scope: net not found
2026-10-07 12:38:29.049 WARN   Wiring.write_wire_scope: net not found
2026-10-07 12:38:29.049 WARN   Wiring.write_wire_scope: net not found
2026-10-07 12:38:29.049 WARN   Wiring.write_wire_scope: net not found
2026-10-07 12:38:29.049 WARN   Wiring.write_wire_scope: net not found
2026-10-07 12:38:29.049 WARN   Wiring.write_wire_scope: net not found
2026-10-07 12:38:29.049 WARN   Wiring.write_wire_scope: net not found
2026-10-07 12:38:29.049 WARN   Wiring.write_wire_scope: net not found
2026-10-07 12:38:29.049 WARN   Wiring.write_wire_scope: net not found
2026-10-07 12:38:29.049 WARN   Wiring.write_wire_scope: net not found
2026-10-07 12:38:29.049 WARN   Wiring.write_wire_scope: net not found
2026-10-07 12:38:29.049 WARN   Wiring.write_wire_scope: net not found
2026-10-07 12:38:29.049 WARN   Wiring.write_wire_scope: net not found
2026-10-07 12:38:29.049 WARN   Wiring.write_wire_scope: net not found
2026-10-07 12:38:29.049 WARN   Wiring.write_wire_scope: net not found
2026-10-07 12:38:29.049 WARN   Wiring.write_wire_scope: net not found
2026-10-07 12:38:29.049 WARN   Wiring.write_wire_scope: net not found
2026-10-07 12:38:29.049 WARN   Wiring.write_wire_scope: net not found
2026-10-07 12:38:29.049 WARN   Wiring.write_wire_scope: net not found
2026-10-07 12:38:29.049 WARN   Wiring.write_wire_scope: net not found
2026-10-07 12:38:29.049 WARN   Wiring.write_wire_scope: net not found
2026-10-07 12:38:29.049 WARN   Wiring.write_wire_scope: net not found
2026-10-07 12:38:29.049 WARN   Wiring.write_wire_scope: net not found
2026-10-07 12:38:29.049 WARN   Wiring.write_wire_scope: net not found
2026-10-07 12:38:29.049 WARN   Wiring.write_wire_scope: net not found
2026-10-07 12:38:29.049 WARN   Wiring.write_wire_scope: net not found
2026-10-07 12:38:29.049 WARN   Wiring.write_wire_scope: net not found
2026-10-07 12:38:29.049 WARN   Wiring.write_wire_scope: net not found
2026-10-07 12:38:29.049 WARN   Wiring.write_wire_scope: net not found
2026-10-07 12:38:29.049 WARN   Wiring.write_wire_scope: net not found
2026-10-07 12:38:29.049 WARN   Wiring.write_wire_scope: net not found
2026-10-07 12:38:29.049 WARN   Wiring.write_wire_scope: net not found
2026-10-07 12:38:29.049 WARN   Wiring.write_wire_scope: net not found
2026-10-07 12:38:29.049 WARN   Wiring.write_wire_scope: net not found
2026-10-07 12:38:29.049 WARN   Wiring.write_wire_scope: net not found
2026-10-07 12:38:29.049 WARN   Wiring.write_wire_scope: net not found
2026-10-07 12:38:29.049 WARN   Wiring.write_wire_scope: net not found
2026-10-07 12:38:29.049 WARN   Wiring.write_wire_scope: net not found
2026-10-07 12:38:29.049 WARN   Wiring.write_wire_scope: net not found
2026-10-07 12:38:29.049 WARN   Wiring.write_wire_scope: net not found
2026-10-07 12:38:29.049 WARN   Wiring.write_wire_scope: net not found
2026-10-07 12:38:29.049 WARN   Wiring.write_wire_scope: net not found
2026-10-07 12:38:29.049 WARN   Wiring.write_wire_scope: net not found
2026-10-07 12:38:29.049 WARN   Wiring.write_wire_scope: net not found
2026-10-07 12:38:29.049 WARN   Wiring.write_wire_scope: net not found
2026-10-07 12:38:29.049 WARN   Wiring.write_wire_scope: net not found
2026-10-07 12:38:29.049 WARN   Wiring.write_wire_scope: net not found
2026-10-07 12:38:29.049 WARN   Wiring.write_wire_scope: net not found
2026-10-07 12:38:29.049 WARN   Wiring.write_wire_scope: net not found
2026-10-07 12:38:29.049 WARN   Wiring.write_wire_scope: net not found
2026-10-07 12:38:29.049 WARN   Wiring.write_wire_scope: net not found
2026-10-07 12:38:29.049 WARN   Wiring.write_wire_scope: net not found
2026-10-07 12:38:29.049 WARN   Wiring.write_wire_scope: net not found
2026-10-07 12:38:29.049 WARN   Wiring.write_wire_scope: net not found
2026-10-07 12:38:29.049 WARN   Wiring.write_wire_scope: net not found
2026-10-07 12:38:29.049 WARN   Wiring.write_wire_scope: net not found
2026-10-07 12:38:29.050 WARN   Wiring.write_wire_scope: net not found
2026-10-07 12:38:29.050 WARN   Wiring.write_wire_scope: net not found
2026-10-07 12:38:29.050 WARN   Wiring.write_wire_scope: net not found
2026-10-07 12:38:29.050 WARN   Wiring.write_wire_scope: net not found
2026-10-07 12:38:29.050 WARN   Wiring.write_wire_scope: net not found
2026-10-07 12:38:29.050 WARN   Wiring.write_wire_scope: net not found
2026-10-07 12:38:29.050 WARN   Wiring.write_wire_scope: net not found
2026-10-07 12:38:29.050 WARN   Wiring.write_wire_scope: net not found
2026-10-07 12:38:29.623 WARN   Wiring.write_wire_scope: net not found
2026-10-07 12:38:29.624 WARN   Wiring.write_wire_scope: net not found
2026-10-07 12:38:29.624 WARN   Wiring.write_wire_scope: net not found
2026-10-07 12:38:29.624 WARN   Wiring.write_wire_scope: net not found
2026-10-07 12:38:29.624 WARN   Wiring.write_wire_scope: net not found
2026-10-07 12:38:29.624 WARN   Wiring.write_wire_scope: net not found
2026-10-07 12:38:29.624 WARN   Wiring.write_wire_scope: net not found
2026-10-07 12:38:29.624 WARN   Wiring.write_wire_scope: net not found
2026-10-07 12:38:29.624 WARN   Wiring.write_wire_scope: net not found
2026-10-07 12:38:29.624 WARN   Wiring.write_wire_scope: net not found
2026-10-07 12:38:29.624 WARN   Wiring.write_wire_scope: net not found
2026-10-07 12:38:29.624 WARN   Wiring.write_wire_scope: net not found
2026-10-07 12:38:29.624 WARN   Wiring.write_wire_scope: net not found
2026-10-07 12:38:29.624 WARN   Wiring.write_wire_scope: net not found
2026-10-07 12:38:29.624 WARN   Wiring.write_wire_scope: net not found
2026-10-07 12:38:29.624 WARN   Wiring.write_wire_scope: net not found
2026-10-07 12:38:29.624 WARN   Wiring.write_wire_scope: net not found
2026-10-07 12:38:29.624 WARN   Wiring.write_wire_scope: net not found
2026-10-07 12:38:29.624 WARN   Wiring.write_wire_scope: net not found
2026-10-07 12:38:29.624 WARN   Wiring.write_wire_scope: net not found
2026-10-07 12:38:29.624 WARN   Wiring.write_wire_scope: net not found
2026-10-07 12:38:29.624 WARN   Wiring.write_wire_scope: net not found
2026-10-07 12:38:29.624 WARN   Wiring.write_wire_scope: net not found
2026-10-07 12:38:29.624 WARN   Wiring.write_wire_scope: net not found
2026-10-07 12:38:29.624 WARN   Wiring.write_wire_scope: net not found
2026-10-07 12:38:29.624 WARN   Wiring.write_wire_scope: net not found
2026-10-07 12:38:29.624 WARN   Wiring.write_wire_scope: net not found
2026-10-07 12:38:29.624 WARN   Wiring.write_wire_scope: net not found
2026-10-07 12:38:29.624 WARN   Wiring.write_wire_scope: net not found
2026-10-07 12:38:29.624 WARN   Wiring.write_wire_scope: net not found
2026-10-07 12:38:29.624 WARN   Wiring.write_wire_scope: net not found
2026-10-07 12:38:29.624 WARN   Wiring.write_wire_scope: net not found
2026-10-07 12:38:29.624 WARN   Wiring.write_wire_scope: net not found
2026-10-07 12:38:29.624 WARN   Wiring.write_wire_scope: net not found
2026-10-07 12:38:29.624 WARN   Wiring.write_wire_scope: net not found
2026-10-07 12:38:29.624 WARN   Wiring.write_wire_scope: net not found
2026-10-07 12:38:29.624 WARN   Wiring.write_wire_scope: net not found
2026-10-07 12:38:29.624 WARN   Wiring.write_wire_scope: net not found
2026-10-07 12:38:29.624 WARN   Wiring.write_wire_scope: net not found
2026-10-07 12:38:29.624 WARN   Wiring.write_wire_scope: net not found
2026-10-07 12:38:29.624 WARN   Wiring.write_wire_scope: net not found
2026-10-07 12:38:29.624 WARN   Wiring.write_wire_scope: net not found
2026-10-07 12:38:29.624 WARN   Wiring.write_wire_scope: net not found
2026-10-07 12:38:29.624 WARN   Wiring.write_wire_scope: net not found
2026-10-07 12:38:29.624 WARN   Wiring.write_wire_scope: net not found
2026-10-07 12:38:29.624 WARN   Wiring.write_wire_scope: net not found
2026-10-07 12:38:29.624 WARN   Wiring.write_wire_scope: net not found
2026-10-07 12:38:29.624 WARN   Wiring.write_wire_scope: net not found
2026-10-07 12:38:29.624 WARN   Wiring.write_wire_scope: net not found
2026-10-07 12:38:29.624 WARN   Wiring.write_wire_scope: net not found
2026-10-07 12:38:29.624 WARN   Wiring.write_wire_scope: net not found
2026-10-07 12:38:29.624 WARN   Wiring.write_wire_scope: net not found
2026-10-07 12:38:29.624 WARN   Wiring.write_wire_scope: net not found
2026-10-07 12:38:29.624 WARN   Wiring.write_wire_scope: net not found
2026-10-07 12:38:29.624 WARN   Wiring.write_wire_scope: net not found
2026-10-07 12:38:29.624 WARN   Wiring.write_wire_scope: net not found
2026-10-07 12:38:29.624 WARN   Wiring.write_wire_scope: net not found
2026-10-07 12:38:29.624 WARN   Wiring.write_wire_scope: net not found
2026-10-07 12:38:29.624 WARN   Wiring.write_wire_scope: net not found
2026-10-07 12:38:29.624 WARN   Wiring.write_wire_scope: net not found
2026-10-07 12:38:29.625 WARN   Wiring.write_wire_scope: net not found
2026-10-07 12:38:29.625 WARN   Wiring.write_wire_scope: net not found
2026-10-07 12:38:29.625 WARN   Wiring.write_wire_scope: net not found
2026-10-07 12:38:29.625 WARN   Wiring.write_wire_scope: net not found
2026-10-07 12:38:29.625 WARN   Wiring.write_wire_scope: net not found
2026-10-07 12:38:29.625 WARN   Wiring.write_wire_scope: net not found
2026-10-07 12:38:29.625 WARN   Wiring.write_wire_scope: net not found
2026-10-07 12:38:29.625 WARN   Wiring.write_wire_scope: net not found
2026-10-07 12:38:31.889 WARN   Wiring.write_wire_scope: net not found
2026-10-07 12:38:31.889 WARN   Wiring.write_wire_scope: net not found
2026-10-07 12:38:31.889 WARN   Wiring.write_wire_scope: net not found
2026-10-07 12:38:31.889 WARN   Wiring.write_wire_scope: net not found
2026-10-07 12:38:31.889 WARN   Wiring.write_wire_scope: net not found
2026-10-07 12:38:31.889 WARN   Wiring.write_wire_scope: net not found
2026-10-07 12:38:31.889 WARN   Wiring.write_wire_scope: net not found
2026-10-07 12:38:31.889 WARN   Wiring.write_wire_scope: net not found
2026-10-07 12:38:31.889 WARN   Wiring.write_wire_scope: net not found
2026-10-07 12:38:31.889 WARN   Wiring.write_wire_scope: net not found
2026-10-07 12:38:31.889 WARN   Wiring.write_wire_scope: net not found
2026-10-07 12:38:31.889 WARN   Wiring.write_wire_scope: net not found
2026-10-07 12:38:31.889 WARN   Wiring.write_wire_scope: net not found
2026-10-07 12:38:31.889 WARN   Wiring.write_wire_scope: net not found
2026-10-07 12:38:31.889 WARN   Wiring.write_wire_scope: net not found
2026-10-07 12:38:31.889 WARN   Wiring.write_wire_scope: net not found
2026-10-07 12:38:31.889 WARN   Wiring.write_wire_scope: net not found
2026-10-07 12:38:31.889 WARN   Wiring.write_wire_scope: net not found
2026-10-07 12:38:31.889 WARN   Wiring.write_wire_scope: net not found
2026-10-07 12:38:31.889 WARN   Wiring.write_wire_scope: net not found
2026-10-07 12:38:31.889 WARN   Wiring.write_wire_scope: net not found
2026-10-07 12:38:31.889 WARN   Wiring.write_wire_scope: net not found
2026-10-07 12:38:31.889 WARN   Wiring.write_wire_scope: net not found
2026-10-07 12:38:31.889 WARN   Wiring.write_wire_scope: net not found
2026-10-07 12:38:31.889 WARN   Wiring.write_wire_scope: net not found
2026-10-07 12:38:31.889 WARN   Wiring.write_wire_scope: net not found
2026-10-07 12:38:31.890 WARN   Wiring.write_wire_scope: net not found
2026-10-07 12:38:31.890 WARN   Wiring.write_wire_scope: net not found
2026-10-07 12:38:31.890 WARN   Wiring.write_wire_scope: net not found
2026-10-07 12:38:31.890 WARN   Wiring.write_wire_scope: net not found
2026-10-07 12:38:31.890 WARN   Wiring.write_wire_scope: net not found
2026-10-07 12:38:31.890 WARN   Wiring.write_wire_scope: net not found
2026-10-07 12:38:31.890 WARN   Wiring.write_wire_scope: net not found
2026-10-07 12:38:31.890 WARN   Wiring.write_wire_scope: net not found
2026-10-07 12:38:31.890 WARN   Wiring.write_wire_scope: net not found
2026-10-07 12:38:31.890 WARN   Wiring.write_wire_scope: net not found
2026-10-07 12:38:31.890 WARN   Wiring.write_wire_scope: net not found
2026-10-07 12:38:31.890 WARN   Wiring.write_wire_scope: net not found
2026-10-07 12:38:31.890 WARN   Wiring.write_wire_scope: net not found
2026-10-07 12:38:31.890 WARN   Wiring.write_wire_scope: net not found
2026-10-07 12:38:31.890 WARN   Wiring.write_wire_scope: net not found
2026-10-07 12:38:31.890 WARN   Wiring.write_wire_scope: net not found
2026-10-07 12:38:31.890 WARN   Wiring.write_wire_scope: net not found
2026-10-07 12:38:31.890 WARN   Wiring.write_wire_scope: net not found
2026-10-07 12:38:31.890 WARN   Wiring.write_wire_scope: net not found
2026-10-07 12:38:31.890 WARN   Wiring.write_wire_scope: net not found
2026-10-07 12:38:31.890 WARN   Wiring.write_wire_scope: net not found
2026-10-07 12:38:31.890 WARN   Wiring.write_wire_scope: net not found
2026-10-07 12:38:31.890 WARN   Wiring.write_wire_scope: net not found
2026-10-07 12:38:31.890 WARN   Wiring.write_wire_scope: net not found
2026-10-07 12:38:31.890 WARN   Wiring.write_wire_scope: net not found
2026-10-07 12:38:31.890 WARN   Wiring.write_wire_scope: net not found
2026-10-07 12:38:31.890 WARN   Wiring.write_wire_scope: net not found
2026-10-07 12:38:31.890 WARN   Wiring.write_wire_scope: net not found
2026-10-07 12:38:31.890 WARN   Wiring.write_wire_scope: net not found
2026-10-07 12:38:31.890 WARN   Wiring.write_wire_scope: net not found
2026-10-07 12:38:31.890 WARN   Wiring.write_wire_scope: net not found
2026-10-07 12:38:31.890 WARN   Wiring.write_wire_scope: net not found
2026-10-07 12:38:31.890 WARN   Wiring.write_wire_scope: net not found
2026-10-07 12:38:31.890 WARN   Wiring.write_wire_scope: net not found
2026-10-07 12:38:31.890 WARN   Wiring.write_wire_scope: net not found
2026-10-07 12:38:31.890 WARN   Wiring.write_wire_scope: net not found
2026-10-07 12:38:31.890 WARN   Wiring.write_wire_scope: net not found
2026-10-07 12:38:31.890 WARN   Wiring.write_wire_scope: net not found
2026-10-07 12:38:31.890 WARN   Wiring.write_wire_scope: net not found
2026-10-07 12:38:31.890 WARN   Wiring.write_wire_scope: net not found
2026-10-07 12:38:31.890 WARN   Wiring.write_wire_scope: net not found
2026-10-07 12:38:31.890 WARN   Wiring.write_wire_scope: net not found
2026-10-07 12:38:34.108 WARN   Wiring.write_wire_scope: net not found
2026-10-07 12:38:34.108 WARN   Wiring.write_wire_scope: net not found
2026-10-07 12:38:34.108 WARN   Wiring.write_wire_scope: net not found
2026-10-07 12:38:34.108 WARN   Wiring.write_wire_scope: net not found
2026-10-07 12:38:34.108 WARN   Wiring.write_wire_scope: net not found
2026-10-07 12:38:34.108 WARN   Wiring.write_wire_scope: net not found
2026-10-07 12:38:34.108 WARN   Wiring.write_wire_scope: net not found
2026-10-07 12:38:34.108 WARN   Wiring.write_wire_scope: net not found
2026-10-07 12:38:34.108 WARN   Wiring.write_wire_scope: net not found
2026-10-07 12:38:34.108 WARN   Wiring.write_wire_scope: net not found
2026-10-07 12:38:34.108 WARN   Wiring.write_wire_scope: net not found
2026-10-07 12:38:34.108 WARN   Wiring.write_wire_scope: net not found
2026-10-07 12:38:34.108 WARN   Wiring.write_wire_scope: net not found
2026-10-07 12:38:34.108 WARN   Wiring.write_wire_scope: net not found
2026-10-07 12:38:34.108 WARN   Wiring.write_wire_scope: net not found
2026-10-07 12:38:34.108 WARN   Wiring.write_wire_scope: net not found
2026-10-07 12:38:34.108 WARN   Wiring.write_wire_scope: net not found
2026-10-07 12:38:34.108 WARN   Wiring.write_wire_scope: net not found
2026-10-07 12:38:34.108 WARN   Wiring.write_wire_scope: net not found
2026-10-07 12:38:34.108 WARN   Wiring.write_wire_scope: net not found
2026-10-07 12:38:34.108 WARN   Wiring.write_wire_scope: net not found
2026-10-07 12:38:34.108 WARN   Wiring.write_wire_scope: net not found
2026-10-07 12:38:34.108 WARN   Wiring.write_wire_scope: net not found
2026-10-07 12:38:34.108 WARN   Wiring.write_wire_scope: net not found
2026-10-07 12:38:34.108 WARN   Wiring.write_wire_scope: net not found
2026-10-07 12:38:34.108 WARN   Wiring.write_wire_scope: net not found
2026-10-07 12:38:34.109 WARN   Wiring.write_wire_scope: net not found
2026-10-07 12:38:34.109 WARN   Wiring.write_wire_scope: net not found
2026-10-07 12:38:34.109 WARN   Wiring.write_wire_scope: net not found
2026-10-07 12:38:34.109 WARN   Wiring.write_wire_scope: net not found
2026-10-07 12:38:34.109 WARN   Wiring.write_wire_scope: net not found
2026-10-07 12:38:34.109 WARN   Wiring.write_wire_scope: net not found
2026-10-07 12:38:34.109 WARN   Wiring.write_wire_scope: net not found
2026-10-07 12:38:34.109 WARN   Wiring.write_wire_scope: net not found
2026-10-07 12:38:34.109 WARN   Wiring.write_wire_scope: net not found
2026-10-07 12:38:34.109 WARN   Wiring.write_wire_scope: net not found
2026-10-07 12:38:34.109 WARN   Wiring.write_wire_scope: net not found
2026-10-07 12:38:34.109 WARN   Wiring.write_wire_scope: net not found
2026-10-07 12:38:34.109 WARN   Wiring.write_wire_scope: net not found
2026-10-07 12:38:34.109 WARN   Wiring.write_wire_scope: net not found
2026-10-07 12:38:34.109 WARN   Wiring.write_wire_scope: net not found
2026-10-07 12:38:34.109 WARN   Wiring.write_wire_scope: net not found
2026-10-07 12:38:34.109 WARN   Wiring.write_wire_scope: net not found
2026-10-07 12:38:34.109 WARN   Wiring.write_wire_scope: net not found
2026-10-07 12:38:34.109 WARN   Wiring.write_wire_scope: net not found
2026-10-07 12:38:34.109 WARN   Wiring.write_wire_scope: net not found
2026-10-07 12:38:34.109 WARN   Wiring.write_wire_scope: net not found
2026-10-07 12:38:34.109 WARN   Wiring.write_wire_scope: net not found
2026-10-07 12:38:34.109 WARN   Wiring.write_wire_scope: net not found
2026-10-07 12:38:34.109 WARN   Wiring.write_wire_scope: net not found
2026-10-07 12:38:34.109 WARN   Wiring.write_wire_scope: net not found
2026-10-07 12:38:34.109 WARN   Wiring.write_wire_scope: net not found
2026-10-07 12:38:34.109 WARN   Wiring.write_wire_scope: net not found
2026-10-07 12:38:34.109 WARN   Wiring.write_wire_scope: net not found
2026-10-07 12:38:34.109 WARN   Wiring.write_wire_scope: net not found
2026-10-07 12:38:34.109 WARN   Wiring.write_wire_scope: net not found
2026-10-07 12:38:34.109 WARN   Wiring.write_wire_scope: net not found
2026-10-07 12:38:34.109 WARN   Wiring.write_wire_scope: net not found
2026-10-07 12:38:34.109 WARN   Wiring.write_wire_scope: net not found
2026-10-07 12:38:34.109 WARN   Wiring.write_wire_scope: net not found
2026-10-07 12:38:34.109 WARN   Wiring.write_wire_scope: net not found
2026-10-07 12:38:34.109 WARN   Wiring.write_wire_scope: net not found
2026-10-07 12:38:34.109 WARN   Wiring.write_wire_scope: net not found
2026-10-07 12:38:34.109 WARN   Wiring.write_wire_scope: net not found
2026-10-07 12:38:34.109 WARN   Wiring.write_wire_scope: net not found
2026-10-07 12:38:34.109 WARN   Wiring.write_wire_scope: net not found
2026-10-07 12:38:34.109 WARN   Wiring.write_wire_scope: net not found
2026-10-07 12:38:34.109 WARN   Wiring.write_wire_scope: net not found
2026-10-07 12:38:34.657 WARN   Wiring.write_wire_scope: net not found
2026-10-07 12:38:34.657 WARN   Wiring.write_wire_scope: net not found
2026-10-07 12:38:34.657 WARN   Wiring.write_wire_scope: net not found
2026-10-07 12:38:34.657 WARN   Wiring.write_wire_scope: net not found
2026-10-07 12:38:34.657 WARN   Wiring.write_wire_scope: net not found
2026-10-07 12:38:34.657 WARN   Wiring.write_wire_scope: net not found
2026-10-07 12:38:34.657 WARN   Wiring.write_wire_scope: net not found
2026-10-07 12:38:34.657 WARN   Wiring.write_wire_scope: net not found
2026-10-07 12:38:34.657 WARN   Wiring.write_wire_scope: net not found
2026-10-07 12:38:34.657 WARN   Wiring.write_wire_scope: net not found
2026-10-07 12:38:34.657 WARN   Wiring.write_wire_scope: net not found
2026-10-07 12:38:34.657 WARN   Wiring.write_wire_scope: net not found
2026-10-07 12:38:34.657 WARN   Wiring.write_wire_scope: net not found
2026-10-07 12:38:34.657 WARN   Wiring.write_wire_scope: net not found
2026-10-07 12:38:34.657 WARN   Wiring.write_wire_scope: net not found
2026-10-07 12:38:34.657 WARN   Wiring.write_wire_scope: net not found
2026-10-07 12:38:34.657 WARN   Wiring.write_wire_scope: net not found
2026-10-07 12:38:34.657 WARN   Wiring.write_wire_scope: net not found
2026-10-07 12:38:34.657 WARN   Wiring.write_wire_scope: net not found
2026-10-07 12:38:34.657 WARN   Wiring.write_wire_scope: net not found
2026-10-07 12:38:34.657 WARN   Wiring.write_wire_scope: net not found
2026-10-07 12:38:34.657 WARN   Wiring.write_wire_scope: net not found
2026-10-07 12:38:34.657 WARN   Wiring.write_wire_scope: net not found
2026-10-07 12:38:34.657 WARN   Wiring.write_wire_scope: net not found
2026-10-07 12:38:34.657 WARN   Wiring.write_wire_scope: net not found
2026-10-07 12:38:34.657 WARN   Wiring.write_wire_scope: net not found
2026-10-07 12:38:34.657 WARN   Wiring.write_wire_scope: net not found
2026-10-07 12:38:34.657 WARN   Wiring.write_wire_scope: net not found
2026-10-07 12:38:34.657 WARN   Wiring.write_wire_scope: net not found
2026-10-07 12:38:34.657 WARN   Wiring.write_wire_scope: net not found
2026-10-07 12:38:34.657 WARN   Wiring.write_wire_scope: net not found
2026-10-07 12:38:34.657 WARN   Wiring.write_wire_scope: net not found
2026-10-07 12:38:34.657 WARN   Wiring.write_wire_scope: net not found
2026-10-07 12:38:34.657 WARN   Wiring.write_wire_scope: net not found
2026-10-07 12:38:34.657 WARN   Wiring.write_wire_scope: net not found
2026-10-07 12:38:34.657 WARN   Wiring.write_wire_scope: net not found
2026-10-07 12:38:34.657 WARN   Wiring.write_wire_scope: net not found
2026-10-07 12:38:34.657 WARN   Wiring.write_wire_scope: net not found
2026-10-07 12:38:34.657 WARN   Wiring.write_wire_scope: net not found
2026-10-07 12:38:34.657 WARN   Wiring.write_wire_scope: net not found
2026-10-07 12:38:34.657 WARN   Wiring.write_wire_scope: net not found
2026-10-07 12:38:34.658 WARN   Wiring.write_wire_scope: net not found
2026-10-07 12:38:34.658 WARN   Wiring.write_wire_scope: net not found
2026-10-07 12:38:34.658 WARN   Wiring.write_wire_scope: net not found
2026-10-07 12:38:34.658 WARN   Wiring.write_wire_scope: net not found
2026-10-07 12:38:34.658 WARN   Wiring.write_wire_scope: net not found
2026-10-07 12:38:34.658 WARN   Wiring.write_wire_scope: net not found
2026-10-07 12:38:34.658 WARN   Wiring.write_wire_scope: net not found
2026-10-07 12:38:34.658 WARN   Wiring.write_wire_scope: net not found
2026-10-07 12:38:34.658 WARN   Wiring.write_wire_scope: net not found
2026-10-07 12:38:34.658 WARN   Wiring.write_wire_scope: net not found
2026-10-07 12:38:34.658 WARN   Wiring.write_wire_scope: net not found
2026-10-07 12:38:34.658 WARN   Wiring.write_wire_scope: net not found
2026-10-07 12:38:34.658 WARN   Wiring.write_wire_scope: net not found
2026-10-07 12:38:34.658 WARN   Wiring.write_wire_scope: net not found
2026-10-07 12:38:34.658 WARN   Wiring.write_wire_scope: net not found
2026-10-07 12:38:34.658 WARN   Wiring.write_wire_scope: net not found
2026-10-07 12:38:34.658 WARN   Wiring.write_wire_scope: net not found
2026-10-07 12:38:34.658 WARN   Wiring.write_wire_scope: net not found
2026-10-07 12:38:34.658 WARN   Wiring.write_wire_scope: net not found
2026-10-07 12:38:34.658 WARN   Wiring.write_wire_scope: net not found
2026-10-07 12:38:34.658 WARN   Wiring.write_wire_scope: net not found
2026-10-07 12:38:34.658 WARN   Wiring.write_wire_scope: net not found
2026-10-07 12:38:34.658 WARN   Wiring.write_wire_scope: net not found
2026-10-07 12:38:34.658 WARN   Wiring.write_wire_scope: net not found
2026-10-07 12:38:34.658 WARN   Wiring.write_wire_scope: net not found
2026-10-07 12:38:34.658 WARN   Wiring.write_wire_scope: net not found
2026-10-07 12:38:34.658 WARN   Wiring.write_wire_scope: net not found
2026-10-07 12:38:35.189 WARN   Wiring.write_wire_scope: net not found
2026-10-07 12:38:35.189 WARN   Wiring.write_wire_scope: net not found
2026-10-07 12:38:35.189 WARN   Wiring.write_wire_scope: net not found
2026-10-07 12:38:35.189 WARN   Wiring.write_wire_scope: net not found
2026-10-07 12:38:35.189 WARN   Wiring.write_wire_scope: net not found
2026-10-07 12:38:35.189 WARN   Wiring.write_wire_scope: net not found
2026-10-07 12:38:35.189 WARN   Wiring.write_wire_scope: net not found
2026-10-07 12:38:35.189 WARN   Wiring.write_wire_scope: net not found
2026-10-07 12:38:35.189 WARN   Wiring.write_wire_scope: net not found
2026-10-07 12:38:35.189 WARN   Wiring.write_wire_scope: net not found
2026-10-07 12:38:35.189 WARN   Wiring.write_wire_scope: net not found
2026-10-07 12:38:35.189 WARN   Wiring.write_wire_scope: net not found
2026-10-07 12:38:35.189 WARN   Wiring.write_wire_scope: net not found
2026-10-07 12:38:35.189 WARN   Wiring.write_wire_scope: net not found
2026-10-07 12:38:35.189 WARN   Wiring.write_wire_scope: net not found
2026-10-07 12:38:35.189 WARN   Wiring.write_wire_scope: net not found
2026-10-07 12:38:35.189 WARN   Wiring.write_wire_scope: net not found
2026-10-07 12:38:35.189 WARN   Wiring.write_wire_scope: net not found
2026-10-07 12:38:35.190 WARN   Wiring.write_wire_scope: net not found
2026-10-07 12:38:35.190 WARN   Wiring.write_wire_scope: net not found
2026-10-07 12:38:35.190 WARN   Wiring.write_wire_scope: net not found
2026-10-07 12:38:35.190 WARN   Wiring.write_wire_scope: net not found
2026-10-07 12:38:35.190 WARN   Wiring.write_wire_scope: net not found
2026-10-07 12:38:35.190 WARN   Wiring.write_wire_scope: net not found
2026-10-07 12:38:35.190 WARN   Wiring.write_wire_scope: net not found
2026-10-07 12:38:35.190 WARN   Wiring.write_wire_scope: net not found
2026-10-07 12:38:35.190 WARN   Wiring.write_wire_scope: net not found
2026-10-07 12:38:35.190 WARN   Wiring.write_wire_scope: net not found
2026-10-07 12:38:35.190 WARN   Wiring.write_wire_scope: net not found
2026-10-07 12:38:35.190 WARN   Wiring.write_wire_scope: net not found
2026-10-07 12:38:35.190 WARN   Wiring.write_wire_scope: net not found
2026-10-07 12:38:35.190 WARN   Wiring.write_wire_scope: net not found
2026-10-07 12:38:35.190 WARN   Wiring.write_wire_scope: net not found
2026-10-07 12:38:35.190 WARN   Wiring.write_wire_scope: net not found
2026-10-07 12:38:35.190 WARN   Wiring.write_wire_scope: net not found
2026-10-07 12:38:35.190 WARN   Wiring.write_wire_scope: net not found
2026-10-07 12:38:35.190 WARN   Wiring.write_wire_scope: net not found
2026-10-07 12:38:35.190 WARN   Wiring.write_wire_scope: net not found
2026-10-07 12:38:35.190 WARN   Wiring.write_wire_scope: net not found
2026-10-07 12:38:35.190 WARN   Wiring.write_wire_scope: net not found
2026-10-07 12:38:35.190 WARN   Wiring.write_wire_scope: net not found
2026-10-07 12:38:35.190 WARN   Wiring.write_wire_scope: net not found
2026-10-07 12:38:35.190 WARN   Wiring.write_wire_scope: net not found
2026-10-07 12:38:35.190 WARN   Wiring.write_wire_scope: net not found
2026-10-07 12:38:35.190 WARN   Wiring.write_wire_scope: net not found
2026-10-07 12:38:35.190 WARN   Wiring.write_wire_scope: net not found
2026-10-07 12:38:35.190 WARN   Wiring.write_wire_scope: net not found
2026-10-07 12:38:35.190 WARN   Wiring.write_wire_scope: net not found
2026-10-07 12:38:35.190 WARN   Wiring.write_wire_scope: net not found
2026-10-07 12:38:35.190 WARN   Wiring.write_wire_scope: net not found
2026-10-07 12:38:35.190 WARN   Wiring.write_wire_scope: net not found
2026-10-07 12:38:35.190 WARN   Wiring.write_wire_scope: net not found
2026-10-07 12:38:35.190 WARN   Wiring.write_wire_scope: net not found
2026-10-07 12:38:35.190 WARN   Wiring.write_wire_scope: net not found
2026-10-07 12:38:35.190 WARN   Wiring.write_wire_scope: net not found
2026-10-07 12:38:35.190 WARN   Wiring.write_wire_scope: net not found
2026-10-07 12:38:35.190 WARN   Wiring.write_wire_scope: net not found
2026-10-07 12:38:35.190 WARN   Wiring.write_wire_scope: net not found
2026-10-07 12:38:35.190 WARN   Wiring.write_wire_scope: net not found
2026-10-07 12:38:35.190 WARN   Wiring.write_wire_scope: net not found
2026-10-07 12:38:35.190 WARN   Wiring.write_wire_scope: net not found
2026-10-07 12:38:35.190 WARN   Wiring.write_wire_scope: net not found
2026-10-07 12:38:35.190 WARN   Wiring.write_wire_scope: net not found
2026-10-07 12:38:35.190 WARN   Wiring.write_wire_scope: net not found
2026-10-07 12:38:35.190 WARN   Wiring.write_wire_scope: net not found
2026-10-07 12:38:35.190 WARN   Wiring.write_wire_scope: net not found
2026-10-07 12:38:35.190 WARN   Wiring.write_wire_scope: net not found
2026-10-07 12:38:35.190 WARN   Wiring.write_wire_scope: net not found
2026-10-07 12:38:35.648 WARN   Wiring.write_wire_scope: net not found
2026-10-07 12:38:35.648 WARN   Wiring.write_wire_scope: net not found
2026-10-07 12:38:35.648 WARN   Wiring.write_wire_scope: net not found
2026-10-07 12:38:35.648 WARN   Wiring.write_wire_scope: net not found
2026-10-07 12:38:35.648 WARN   Wiring.write_wire_scope: net not found
2026-10-07 12:38:35.648 WARN   Wiring.write_wire_scope: net not found
2026-10-07 12:38:35.648 WARN   Wiring.write_wire_scope: net not found
2026-10-07 12:38:35.648 WARN   Wiring.write_wire_scope: net not found
2026-10-07 12:38:35.648 WARN   Wiring.write_wire_scope: net not found
2026-10-07 12:38:35.648 WARN   Wiring.write_wire_scope: net not found
2026-10-07 12:38:35.648 WARN   Wiring.write_wire_scope: net not found
2026-10-07 12:38:35.648 WARN   Wiring.write_wire_scope: net not found
2026-10-07 12:38:35.648 WARN   Wiring.write_wire_scope: net not found
2026-10-07 12:38:35.648 WARN   Wiring.write_wire_scope: net not found
2026-10-07 12:38:35.648 WARN   Wiring.write_wire_scope: net not found
2026-10-07 12:38:35.648 WARN   Wiring.write_wire_scope: net not found
2026-10-07 12:38:35.648 WARN   Wiring.write_wire_scope: net not found
2026-10-07 12:38:35.648 WARN   Wiring.write_wire_scope: net not found
2026-10-07 12:38:35.648 WARN   Wiring.write_wire_scope: net not found
2026-10-07 12:38:35.648 WARN   Wiring.write_wire_scope: net not found
2026-10-07 12:38:35.648 WARN   Wiring.write_wire_scope: net not found
2026-10-07 12:38:35.648 WARN   Wiring.write_wire_scope: net not found
2026-10-07 12:38:35.648 WARN   Wiring.write_wire_scope: net not found
2026-10-07 12:38:35.648 WARN   Wiring.write_wire_scope: net not found
2026-10-07 12:38:35.648 WARN   Wiring.write_wire_scope: net not found
2026-10-07 12:38:35.648 WARN   Wiring.write_wire_scope: net not found
2026-10-07 12:38:35.649 WARN   Wiring.write_wire_scope: net not found
2026-10-07 12:38:35.649 WARN   Wiring.write_wire_scope: net not found
2026-10-07 12:38:35.649 WARN   Wiring.write_wire_scope: net not found
2026-10-07 12:38:35.649 WARN   Wiring.write_wire_scope: net not found
2026-10-07 12:38:35.649 WARN   Wiring.write_wire_scope: net not found
2026-10-07 12:38:35.649 WARN   Wiring.write_wire_scope: net not found
2026-10-07 12:38:35.649 WARN   Wiring.write_wire_scope: net not found
2026-10-07 12:38:35.649 WARN   Wiring.write_wire_scope: net not found
2026-10-07 12:38:35.649 WARN   Wiring.write_wire_scope: net not found
2026-10-07 12:38:35.649 WARN   Wiring.write_wire_scope: net not found
2026-10-07 12:38:35.649 WARN   Wiring.write_wire_scope: net not found
2026-10-07 12:38:35.649 WARN   Wiring.write_wire_scope: net not found
2026-10-07 12:38:35.649 WARN   Wiring.write_wire_scope: net not found
2026-10-07 12:38:35.649 WARN   Wiring.write_wire_scope: net not found
2026-10-07 12:38:35.649 WARN   Wiring.write_wire_scope: net not found
2026-10-07 12:38:35.649 WARN   Wiring.write_wire_scope: net not found
2026-10-07 12:38:35.649 WARN   Wiring.write_wire_scope: net not found
2026-10-07 12:38:35.649 WARN   Wiring.write_wire_scope: net not found
2026-10-07 12:38:35.649 WARN   Wiring.write_wire_scope: net not found
2026-10-07 12:38:35.649 WARN   Wiring.write_wire_scope: net not found
2026-10-07 12:38:35.649 WARN   Wiring.write_wire_scope: net not found
2026-10-07 12:38:35.649 WARN   Wiring.write_wire_scope: net not found
2026-10-07 12:38:35.649 WARN   Wiring.write_wire_scope: net not found
2026-10-07 12:38:35.649 WARN   Wiring.write_wire_scope: net not found
2026-10-07 12:38:35.649 WARN   Wiring.write_wire_scope: net not found
2026-10-07 12:38:35.649 WARN   Wiring.write_wire_scope: net not found
2026-10-07 12:38:35.649 WARN   Wiring.write_wire_scope: net not found
2026-10-07 12:38:35.649 WARN   Wiring.write_wire_scope: net not found
2026-10-07 12:38:35.649 WARN   Wiring.write_wire_scope: net not found
2026-10-07 12:38:35.649 WARN   Wiring.write_wire_scope: net not found
2026-10-07 12:38:35.649 WARN   Wiring.write_wire_scope: net not found
2026-10-07 12:38:35.649 WARN   Wiring.write_wire_scope: net not found
2026-10-07 12:38:35.649 WARN   Wiring.write_wire_scope: net not found
2026-10-07 12:38:35.649 WARN   Wiring.write_wire_scope: net not found
2026-10-07 12:38:35.649 WARN   Wiring.write_wire_scope: net not found
2026-10-07 12:38:35.649 WARN   Wiring.write_wire_scope: net not found
2026-10-07 12:38:35.649 WARN   Wiring.write_wire_scope: net not found
2026-10-07 12:38:35.649 WARN   Wiring.write_wire_scope: net not found
2026-10-07 12:38:35.649 WARN   Wiring.write_wire_scope: net not found
2026-10-07 12:38:35.649 WARN   Wiring.write_wire_scope: net not found
2026-10-07 12:38:35.649 WARN   Wiring.write_wire_scope: net not found
2026-10-07 12:38:35.649 WARN   Wiring.write_wire_scope: net not found
2026-10-07 12:38:37.638 WARN   Wiring.write_wire_scope: net not found
2026-10-07 12:38:37.638 WARN   Wiring.write_wire_scope: net not found
2026-10-07 12:38:37.638 WARN   Wiring.write_wire_scope: net not found
2026-10-07 12:38:37.638 WARN   Wiring.write_wire_scope: net not found
2026-10-07 12:38:37.638 WARN   Wiring.write_wire_scope: net not found
2026-10-07 12:38:37.638 WARN   Wiring.write_wire_scope: net not found
2026-10-07 12:38:37.638 WARN   Wiring.write_wire_scope: net not found
2026-10-07 12:38:37.638 WARN   Wiring.write_wire_scope: net not found
2026-10-07 12:38:37.638 WARN   Wiring.write_wire_scope: net not found
2026-10-07 12:38:37.638 WARN   Wiring.write_wire_scope: net not found
2026-10-07 12:38:37.638 WARN   Wiring.write_wire_scope: net not found
2026-10-07 12:38:37.638 WARN   Wiring.write_wire_scope: net not found
2026-10-07 12:38:37.638 WARN   Wiring.write_wire_scope: net not found
2026-10-07 12:38:37.638 WARN   Wiring.write_wire_scope: net not found
2026-10-07 12:38:37.638 WARN   Wiring.write_wire_scope: net not found
2026-10-07 12:38:37.638 WARN   Wiring.write_wire_scope: net not found
2026-10-07 12:38:37.638 WARN   Wiring.write_wire_scope: net not found
2026-10-07 12:38:37.638 WARN   Wiring.write_wire_scope: net not found
2026-10-07 12:38:37.638 WARN   Wiring.write_wire_scope: net not found
2026-10-07 12:38:37.638 WARN   Wiring.write_wire_scope: net not found
2026-10-07 12:38:37.638 WARN   Wiring.write_wire_scope: net not found
2026-10-07 12:38:37.638 WARN   Wiring.write_wire_scope: net not found
2026-10-07 12:38:37.638 WARN   Wiring.write_wire_scope: net not found
2026-10-07 12:38:37.638 WARN   Wiring.write_wire_scope: net not found
2026-10-07 12:38:37.638 WARN   Wiring.write_wire_scope: net not found
2026-10-07 12:38:37.638 WARN   Wiring.write_wire_scope: net not found
2026-10-07 12:38:37.638 WARN   Wiring.write_wire_scope: net not found
2026-10-07 12:38:37.638 WARN   Wiring.write_wire_scope: net not found
2026-10-07 12:38:37.638 WARN   Wiring.write_wire_scope: net not found
2026-10-07 12:38:37.638 WARN   Wiring.write_wire_scope: net not found
2026-10-07 12:38:37.638 WARN   Wiring.write_wire_scope: net not found
2026-10-07 12:38:37.638 WARN   Wiring.write_wire_scope: net not found
2026-10-07 12:38:37.638 WARN   Wiring.write_wire_scope: net not found
2026-10-07 12:38:37.638 WARN   Wiring.write_wire_scope: net not found
2026-10-07 12:38:37.638 WARN   Wiring.write_wire_scope: net not found
2026-10-07 12:38:37.638 WARN   Wiring.write_wire_scope: net not found
2026-10-07 12:38:37.638 WARN   Wiring.write_wire_scope: net not found
2026-10-07 12:38:37.638 WARN   Wiring.write_wire_scope: net not found
2026-10-07 12:38:37.638 WARN   Wiring.write_wire_scope: net not found
2026-10-07 12:38:37.638 WARN   Wiring.write_wire_scope: net not found
2026-10-07 12:38:37.638 WARN   Wiring.write_wire_scope: net not found
2026-10-07 12:38:37.638 WARN   Wiring.write_wire_scope: net not found
2026-10-07 12:38:37.638 WARN   Wiring.write_wire_scope: net not found
2026-10-07 12:38:37.638 WARN   Wiring.write_wire_scope: net not found
2026-10-07 12:38:37.638 WARN   Wiring.write_wire_scope: net not found
2026-10-07 12:38:37.638 WARN   Wiring.write_wire_scope: net not found
2026-10-07 12:38:37.638 WARN   Wiring.write_wire_scope: net not found
2026-10-07 12:38:37.638 WARN   Wiring.write_wire_scope: net not found
2026-10-07 12:38:37.638 WARN   Wiring.write_wire_scope: net not found
2026-10-07 12:38:37.638 WARN   Wiring.write_wire_scope: net not found
2026-10-07 12:38:37.638 WARN   Wiring.write_wire_scope: net not found
2026-10-07 12:38:37.638 WARN   Wiring.write_wire_scope: net not found
2026-10-07 12:38:37.638 WARN   Wiring.write_wire_scope: net not found
2026-10-07 12:38:37.638 WARN   Wiring.write_wire_scope: net not found
2026-10-07 12:38:37.638 WARN   Wiring.write_wire_scope: net not found
2026-10-07 12:38:37.638 WARN   Wiring.write_wire_scope: net not found
2026-10-07 12:38:37.638 WARN   Wiring.write_wire_scope: net not found
2026-10-07 12:38:37.638 WARN   Wiring.write_wire_scope: net not found
2026-10-07 12:38:37.638 WARN   Wiring.write_wire_scope: net not found
2026-10-07 12:38:37.638 WARN   Wiring.write_wire_scope: net not found
2026-10-07 12:38:37.639 WARN   Wiring.write_wire_scope: net not found
2026-10-07 12:38:37.639 WARN   Wiring.write_wire_scope: net not found
2026-10-07 12:38:37.639 WARN   Wiring.write_wire_scope: net not found
2026-10-07 12:38:37.639 WARN   Wiring.write_wire_scope: net not found
2026-10-07 12:38:37.639 WARN   Wiring.write_wire_scope: net not found
2026-10-07 12:38:37.639 WARN   Wiring.write_wire_scope: net not found
2026-10-07 12:38:37.639 WARN   Wiring.write_wire_scope: net not found
2026-10-07 12:38:37.639 WARN   Wiring.write_wire_scope: net not found
2026-10-07 12:38:38.008 WARN   Wiring.write_wire_scope: net not found
2026-10-07 12:38:38.008 WARN   Wiring.write_wire_scope: net not found
2026-10-07 12:38:38.009 WARN   Wiring.write_wire_scope: net not found
2026-10-07 12:38:38.009 WARN   Wiring.write_wire_scope: net not found
2026-10-07 12:38:38.009 WARN   Wiring.write_wire_scope: net not found
2026-10-07 12:38:38.009 WARN   Wiring.write_wire_scope: net not found
2026-10-07 12:38:38.009 WARN   Wiring.write_wire_scope: net not found
2026-10-07 12:38:38.009 WARN   Wiring.write_wire_scope: net not found
2026-10-07 12:38:38.009 WARN   Wiring.write_wire_scope: net not found
2026-10-07 12:38:38.009 WARN   Wiring.write_wire_scope: net not found
2026-10-07 12:38:38.009 WARN   Wiring.write_wire_scope: net not found
2026-10-07 12:38:38.009 WARN   Wiring.write_wire_scope: net not found
2026-10-07 12:38:38.009 WARN   Wiring.write_wire_scope: net not found
2026-10-07 12:38:38.009 WARN   Wiring.write_wire_scope: net not found
2026-10-07 12:38:38.009 WARN   Wiring.write_wire_scope: net not found
2026-10-07 12:38:38.009 WARN   Wiring.write_wire_scope: net not found
2026-10-07 12:38:38.009 WARN   Wiring.write_wire_scope: net not found
2026-10-07 12:38:38.009 WARN   Wiring.write_wire_scope: net not found
2026-10-07 12:38:38.009 WARN   Wiring.write_wire_scope: net not found
2026-10-07 12:38:38.009 WARN   Wiring.write_wire_scope: net not found
2026-10-07 12:38:38.009 WARN   Wiring.write_wire_scope: net not found
2026-10-07 12:38:38.009 WARN   Wiring.write_wire_scope: net not found
2026-10-07 12:38:38.009 WARN   Wiring.write_wire_scope: net not found
2026-10-07 12:38:38.009 WARN   Wiring.write_wire_scope: net not found
2026-10-07 12:38:38.009 WARN   Wiring.write_wire_scope: net not found
2026-10-07 12:38:38.009 WARN   Wiring.write_wire_scope: net not found
2026-10-07 12:38:38.009 WARN   Wiring.write_wire_scope: net not found
2026-10-07 12:38:38.009 WARN   Wiring.write_wire_scope: net not found
2026-10-07 12:38:38.009 WARN   Wiring.write_wire_scope: net not found
2026-10-07 12:38:38.009 WARN   Wiring.write_wire_scope: net not found
2026-10-07 12:38:38.009 WARN   Wiring.write_wire_scope: net not found
2026-10-07 12:38:38.009 WARN   Wiring.write_wire_scope: net not found
2026-10-07 12:38:38.009 WARN   Wiring.write_wire_scope: net not found
2026-10-07 12:38:38.009 WARN   Wiring.write_wire_scope: net not found
2026-10-07 12:38:38.009 WARN   Wiring.write_wire_scope: net not found
2026-10-07 12:38:38.009 WARN   Wiring.write_wire_scope: net not found
2026-10-07 12:38:38.009 WARN   Wiring.write_wire_scope: net not found
2026-10-07 12:38:38.009 WARN   Wiring.write_wire_scope: net not found
2026-10-07 12:38:38.009 WARN   Wiring.write_wire_scope: net not found
2026-10-07 12:38:38.009 WARN   Wiring.write_wire_scope: net not found
2026-10-07 12:38:38.009 WARN   Wiring.write_wire_scope: net not found
2026-10-07 12:38:38.009 WARN   Wiring.write_wire_scope: net not found
2026-10-07 12:38:38.009 WARN   Wiring.write_wire_scope: net not found
2026-10-07 12:38:38.009 WARN   Wiring.write_wire_scope: net not found
2026-10-07 12:38:38.009 WARN   Wiring.write_wire_scope: net not found
2026-10-07 12:38:38.009 WARN   Wiring.write_wire_scope: net not found
2026-10-07 12:38:38.009 WARN   Wiring.write_wire_scope: net not found
2026-10-07 12:38:38.009 WARN   Wiring.write_wire_scope: net not found
2026-10-07 12:38:38.009 WARN   Wiring.write_wire_scope: net not found
2026-10-07 12:38:38.009 WARN   Wiring.write_wire_scope: net not found
2026-10-07 12:38:38.009 WARN   Wiring.write_wire_scope: net not found
2026-10-07 12:38:38.009 WARN   Wiring.write_wire_scope: net not found
2026-10-07 12:38:38.009 WARN   Wiring.write_wire_scope: net not found
2026-10-07 12:38:38.009 WARN   Wiring.write_wire_scope: net not found
2026-10-07 12:38:38.009 WARN   Wiring.write_wire_scope: net not found
2026-10-07 12:38:38.009 WARN   Wiring.write_wire_scope: net not found
2026-10-07 12:38:38.009 WARN   Wiring.write_wire_scope: net not found
2026-10-07 12:38:38.009 WARN   Wiring.write_wire_scope: net not found
2026-10-07 12:38:38.009 WARN   Wiring.write_wire_scope: net not found
2026-10-07 12:38:38.009 WARN   Wiring.write_wire_scope: net not found
2026-10-07 12:38:38.009 WARN   Wiring.write_wire_scope: net not found
2026-10-07 12:38:38.009 WARN   Wiring.write_wire_scope: net not found
2026-10-07 12:38:38.009 WARN   Wiring.write_wire_scope: net not found
2026-10-07 12:38:38.009 WARN   Wiring.write_wire_scope: net not found
2026-10-07 12:38:38.009 WARN   Wiring.write_wire_scope: net not found
2026-10-07 12:38:38.009 WARN   Wiring.write_wire_scope: net not found
2026-10-07 12:38:38.009 WARN   Wiring.write_wire_scope: net not found
2026-10-07 12:38:38.009 WARN   Wiring.write_wire_scope: net not found
2026-10-07 12:38:38.570 WARN   Wiring.write_wire_scope: net not found
2026-10-07 12:38:38.570 WARN   Wiring.write_wire_scope: net not found
2026-10-07 12:38:38.571 WARN   Wiring.write_wire_scope: net not found
2026-10-07 12:38:38.571 WARN   Wiring.write_wire_scope: net not found
2026-10-07 12:38:38.571 WARN   Wiring.write_wire_scope: net not found
2026-10-07 12:38:38.571 WARN   Wiring.write_wire_scope: net not found
2026-10-07 12:38:38.571 WARN   Wiring.write_wire_scope: net not found
2026-10-07 12:38:38.571 WARN   Wiring.write_wire_scope: net not found
2026-10-07 12:38:38.571 WARN   Wiring.write_wire_scope: net not found
2026-10-07 12:38:38.571 WARN   Wiring.write_wire_scope: net not found
2026-10-07 12:38:38.571 WARN   Wiring.write_wire_scope: net not found
2026-10-07 12:38:38.571 WARN   Wiring.write_wire_scope: net not found
2026-10-07 12:38:38.571 WARN   Wiring.write_wire_scope: net not found
2026-10-07 12:38:38.571 WARN   Wiring.write_wire_scope: net not found
2026-10-07 12:38:38.571 WARN   Wiring.write_wire_scope: net not found
2026-10-07 12:38:38.571 WARN   Wiring.write_wire_scope: net not found
2026-10-07 12:38:38.571 WARN   Wiring.write_wire_scope: net not found
2026-10-07 12:38:38.571 WARN   Wiring.write_wire_scope: net not found
2026-10-07 12:38:38.571 WARN   Wiring.write_wire_scope: net not found
2026-10-07 12:38:38.571 WARN   Wiring.write_wire_scope: net not found
2026-10-07 12:38:38.571 WARN   Wiring.write_wire_scope: net not found
2026-10-07 12:38:38.571 WARN   Wiring.write_wire_scope: net not found
2026-10-07 12:38:38.571 WARN   Wiring.write_wire_scope: net not found
2026-10-07 12:38:38.571 WARN   Wiring.write_wire_scope: net not found
2026-10-07 12:38:38.571 WARN   Wiring.write_wire_scope: net not found
2026-10-07 12:38:38.571 WARN   Wiring.write_wire_scope: net not found
2026-10-07 12:38:38.571 WARN   Wiring.write_wire_scope: net not found
2026-10-07 12:38:38.571 WARN   Wiring.write_wire_scope: net not found
2026-10-07 12:38:38.571 WARN   Wiring.write_wire_scope: net not found
2026-10-07 12:38:38.571 WARN   Wiring.write_wire_scope: net not found
2026-10-07 12:38:38.571 WARN   Wiring.write_wire_scope: net not found
2026-10-07 12:38:38.571 WARN   Wiring.write_wire_scope: net not found
2026-10-07 12:38:38.571 WARN   Wiring.write_wire_scope: net not found
2026-10-07 12:38:38.571 WARN   Wiring.write_wire_scope: net not found
2026-10-07 12:38:38.571 WARN   Wiring.write_wire_scope: net not found
2026-10-07 12:38:38.571 WARN   Wiring.write_wire_scope: net not found
2026-10-07 12:38:38.571 WARN   Wiring.write_wire_scope: net not found
2026-10-07 12:38:38.571 WARN   Wiring.write_wire_scope: net not found
2026-10-07 12:38:38.571 WARN   Wiring.write_wire_scope: net not found
2026-10-07 12:38:38.571 WARN   Wiring.write_wire_scope: net not found
2026-10-07 12:38:38.571 WARN   Wiring.write_wire_scope: net not found
2026-10-07 12:38:38.571 WARN   Wiring.write_wire_scope: net not found
2026-10-07 12:38:38.571 WARN   Wiring.write_wire_scope: net not found
2026-10-07 12:38:38.571 WARN   Wiring.write_wire_scope: net not found
2026-10-07 12:38:38.571 WARN   Wiring.write_wire_scope: net not found
2026-10-07 12:38:38.571 WARN   Wiring.write_wire_scope: net not found
2026-10-07 12:38:38.571 WARN   Wiring.write_wire_scope: net not found
2026-10-07 12:38:38.571 WARN   Wiring.write_wire_scope: net not found
2026-10-07 12:38:38.571 WARN   Wiring.write_wire_scope: net not found
2026-10-07 12:38:38.571 WARN   Wiring.write_wire_scope: net not found
2026-10-07 12:38:38.571 WARN   Wiring.write_wire_scope: net not found
2026-10-07 12:38:38.571 WARN   Wiring.write_wire_scope: net not found
2026-10-07 12:38:38.571 WARN   Wiring.write_wire_scope: net not found
2026-10-07 12:38:38.571 WARN   Wiring.write_wire_scope: net not found
2026-10-07 12:38:38.571 WARN   Wiring.write_wire_scope: net not found
2026-10-07 12:38:38.571 WARN   Wiring.write_wire_scope: net not found
2026-10-07 12:38:38.571 WARN   Wiring.write_wire_scope: net not found
2026-10-07 12:38:38.571 WARN   Wiring.write_wire_scope: net not found
2026-10-07 12:38:38.571 WARN   Wiring.write_wire_scope: net not found
2026-10-07 12:38:38.571 WARN   Wiring.write_wire_scope: net not found
2026-10-07 12:38:38.571 WARN   Wiring.write_wire_scope: net not found
2026-10-07 12:38:38.571 WARN   Wiring.write_wire_scope: net not found
2026-10-07 12:38:38.571 WARN   Wiring.write_wire_scope: net not found
2026-10-07 12:38:38.571 WARN   Wiring.write_wire_scope: net not found
2026-10-07 12:38:38.571 WARN   Wiring.write_wire_scope: net not found
2026-10-07 12:38:38.571 WARN   Wiring.write_wire_scope: net not found
2026-10-07 12:38:38.571 WARN   Wiring.write_wire_scope: net not found
2026-10-07 12:38:38.572 WARN   Wiring.write_wire_scope: net not found
2026-10-07 12:38:40.907 WARN   Wiring.write_wire_scope: net not found
2026-10-07 12:38:40.907 WARN   Wiring.write_wire_scope: net not found
2026-10-07 12:38:40.907 WARN   Wiring.write_wire_scope: net not found
2026-10-07 12:38:40.907 WARN   Wiring.write_wire_scope: net not found
2026-10-07 12:38:40.907 WARN   Wiring.write_wire_scope: net not found
2026-10-07 12:38:40.907 WARN   Wiring.write_wire_scope: net not found
2026-10-07 12:38:40.907 WARN   Wiring.write_wire_scope: net not found
2026-10-07 12:38:40.907 WARN   Wiring.write_wire_scope: net not found
2026-10-07 12:38:40.907 WARN   Wiring.write_wire_scope: net not found
2026-10-07 12:38:40.907 WARN   Wiring.write_wire_scope: net not found
2026-10-07 12:38:40.907 WARN   Wiring.write_wire_scope: net not found
2026-10-07 12:38:40.907 WARN   Wiring.write_wire_scope: net not found
2026-10-07 12:38:40.907 WARN   Wiring.write_wire_scope: net not found
2026-10-07 12:38:40.907 WARN   Wiring.write_wire_scope: net not found
2026-10-07 12:38:40.907 WARN   Wiring.write_wire_scope: net not found
2026-10-07 12:38:40.907 WARN   Wiring.write_wire_scope: net not found
2026-10-07 12:38:40.907 WARN   Wiring.write_wire_scope: net not found
2026-10-07 12:38:40.907 WARN   Wiring.write_wire_scope: net not found
2026-10-07 12:38:40.907 WARN   Wiring.write_wire_scope: net not found
2026-10-07 12:38:40.907 WARN   Wiring.write_wire_scope: net not found
2026-10-07 12:38:40.907 WARN   Wiring.write_wire_scope: net not found
2026-10-07 12:38:40.907 WARN   Wiring.write_wire_scope: net not found
2026-10-07 12:38:40.907 WARN   Wiring.write_wire_scope: net not found
2026-10-07 12:38:40.907 WARN   Wiring.write_wire_scope: net not found
2026-10-07 12:38:40.907 WARN   Wiring.write_wire_scope: net not found
2026-10-07 12:38:40.907 WARN   Wiring.write_wire_scope: net not found
2026-10-07 12:38:40.907 WARN   Wiring.write_wire_scope: net not found
2026-10-07 12:38:40.907 WARN   Wiring.write_wire_scope: net not found
2026-10-07 12:38:40.907 WARN   Wiring.write_wire_scope: net not found
2026-10-07 12:38:40.907 WARN   Wiring.write_wire_scope: net not found
2026-10-07 12:38:40.907 WARN   Wiring.write_wire_scope: net not found
2026-10-07 12:38:40.907 WARN   Wiring.write_wire_scope: net not found
2026-10-07 12:38:40.907 WARN   Wiring.write_wire_scope: net not found
2026-10-07 12:38:40.907 WARN   Wiring.write_wire_scope: net not found
2026-10-07 12:38:40.907 WARN   Wiring.write_wire_scope: net not found
2026-10-07 12:38:40.907 WARN   Wiring.write_wire_scope: net not found
2026-10-07 12:38:40.907 WARN   Wiring.write_wire_scope: net not found
2026-10-07 12:38:40.907 WARN   Wiring.write_wire_scope: net not found
2026-10-07 12:38:40.907 WARN   Wiring.write_wire_scope: net not found
2026-10-07 12:38:40.907 WARN   Wiring.write_wire_scope: net not found
2026-10-07 12:38:40.907 WARN   Wiring.write_wire_scope: net not found
2026-10-07 12:38:40.907 WARN   Wiring.write_wire_scope: net not found
2026-10-07 12:38:40.907 WARN   Wiring.write_wire_scope: net not found
2026-10-07 12:38:40.907 WARN   Wiring.write_wire_scope: net not found
2026-10-07 12:38:40.908 WARN   Wiring.write_wire_scope: net not found
2026-10-07 12:38:40.908 WARN   Wiring.write_wire_scope: net not found
2026-10-07 12:38:40.908 WARN   Wiring.write_wire_scope: net not found
2026-10-07 12:38:40.908 WARN   Wiring.write_wire_scope: net not found
2026-10-07 12:38:40.908 WARN   Wiring.write_wire_scope: net not found
2026-10-07 12:38:40.908 WARN   Wiring.write_wire_scope: net not found
2026-10-07 12:38:40.908 WARN   Wiring.write_wire_scope: net not found
2026-10-07 12:38:40.908 WARN   Wiring.write_wire_scope: net not found
2026-10-07 12:38:40.908 WARN   Wiring.write_wire_scope: net not found
2026-10-07 12:38:40.908 WARN   Wiring.write_wire_scope: net not found
2026-10-07 12:38:40.908 WARN   Wiring.write_wire_scope: net not found
2026-10-07 12:38:40.908 WARN   Wiring.write_wire_scope: net not found
2026-10-07 12:38:40.908 WARN   Wiring.write_wire_scope: net not found
2026-10-07 12:38:40.908 WARN   Wiring.write_wire_scope: net not found
2026-10-07 12:38:40.908 WARN   Wiring.write_wire_scope: net not found
2026-10-07 12:38:40.908 WARN   Wiring.write_wire_scope: net not found
2026-10-07 12:38:40.908 WARN   Wiring.write_wire_scope: net not found
2026-10-07 12:38:40.908 WARN   Wiring.write_wire_scope: net not found
2026-10-07 12:38:40.908 WARN   Wiring.write_wire_scope: net not found
2026-10-07 12:38:40.908 WARN   Wiring.write_wire_scope: net not found
2026-10-07 12:38:40.908 WARN   Wiring.write_wire_scope: net not found
2026-10-07 12:38:40.908 WARN   Wiring.write_wire_scope: net not found
2026-10-07 12:38:40.908 WARN   Wiring.write_wire_scope: net not found
2026-10-07 12:38:40.908 WARN   Wiring.write_wire_scope: net not found
2026-10-07 12:38:41.381 WARN   Wiring.write_wire_scope: net not found
2026-10-07 12:38:41.381 WARN   Wiring.write_wire_scope: net not found
2026-10-07 12:38:41.381 WARN   Wiring.write_wire_scope: net not found
2026-10-07 12:38:41.381 WARN   Wiring.write_wire_scope: net not found
2026-10-07 12:38:41.381 WARN   Wiring.write_wire_scope: net not found
2026-10-07 12:38:41.381 WARN   Wiring.write_wire_scope: net not found
2026-10-07 12:38:41.381 WARN   Wiring.write_wire_scope: net not found
2026-10-07 12:38:41.381 WARN   Wiring.write_wire_scope: net not found
2026-10-07 12:38:41.381 WARN   Wiring.write_wire_scope: net not found
2026-10-07 12:38:41.381 WARN   Wiring.write_wire_scope: net not found
2026-10-07 12:38:41.381 WARN   Wiring.write_wire_scope: net not found
2026-10-07 12:38:41.381 WARN   Wiring.write_wire_scope: net not found
2026-10-07 12:38:41.381 WARN   Wiring.write_wire_scope: net not found
2026-10-07 12:38:41.381 WARN   Wiring.write_wire_scope: net not found
2026-10-07 12:38:41.381 WARN   Wiring.write_wire_scope: net not found
2026-10-07 12:38:41.381 WARN   Wiring.write_wire_scope: net not found
2026-10-07 12:38:41.381 WARN   Wiring.write_wire_scope: net not found
2026-10-07 12:38:41.381 WARN   Wiring.write_wire_scope: net not found
2026-10-07 12:38:41.381 WARN   Wiring.write_wire_scope: net not found
2026-10-07 12:38:41.381 WARN   Wiring.write_wire_scope: net not found
2026-10-07 12:38:41.381 WARN   Wiring.write_wire_scope: net not found
2026-10-07 12:38:41.381 WARN   Wiring.write_wire_scope: net not found
2026-10-07 12:38:41.381 WARN   Wiring.write_wire_scope: net not found
2026-10-07 12:38:41.381 WARN   Wiring.write_wire_scope: net not found
2026-10-07 12:38:41.381 WARN   Wiring.write_wire_scope: net not found
2026-10-07 12:38:41.381 WARN   Wiring.write_wire_scope: net not found
2026-10-07 12:38:41.381 WARN   Wiring.write_wire_scope: net not found
2026-10-07 12:38:41.381 WARN   Wiring.write_wire_scope: net not found
2026-10-07 12:38:41.381 WARN   Wiring.write_wire_scope: net not found
2026-10-07 12:38:41.381 WARN   Wiring.write_wire_scope: net not found
2026-10-07 12:38:41.381 WARN   Wiring.write_wire_scope: net not found
2026-10-07 12:38:41.381 WARN   Wiring.write_wire_scope: net not found
2026-10-07 12:38:41.381 WARN   Wiring.write_wire_scope: net not found
2026-10-07 12:38:41.381 WARN   Wiring.write_wire_scope: net not found
2026-10-07 12:38:41.381 WARN   Wiring.write_wire_scope: net not found
2026-10-07 12:38:41.381 WARN   Wiring.write_wire_scope: net not found
2026-10-07 12:38:41.381 WARN   Wiring.write_wire_scope: net not found
2026-10-07 12:38:41.381 WARN   Wiring.write_wire_scope: net not found
2026-10-07 12:38:41.381 WARN   Wiring.write_wire_scope: net not found
2026-10-07 12:38:41.381 WARN   Wiring.write_wire_scope: net not found
2026-10-07 12:38:41.381 WARN   Wiring.write_wire_scope: net not found
2026-10-07 12:38:41.381 WARN   Wiring.write_wire_scope: net not found
2026-10-07 12:38:41.381 WARN   Wiring.write_wire_scope: net not found
2026-10-07 12:38:41.381 WARN   Wiring.write_wire_scope: net not found
2026-10-07 12:38:41.381 WARN   Wiring.write_wire_scope: net not found
2026-10-07 12:38:41.381 WARN   Wiring.write_wire_scope: net not found
2026-10-07 12:38:41.381 WARN   Wiring.write_wire_scope: net not found
2026-10-07 12:38:41.381 WARN   Wiring.write_wire_scope: net not found
2026-10-07 12:38:41.381 WARN   Wiring.write_wire_scope: net not found
2026-10-07 12:38:41.381 WARN   Wiring.write_wire_scope: net not found
2026-10-07 12:38:41.381 WARN   Wiring.write_wire_scope: net not found
2026-10-07 12:38:41.381 WARN   Wiring.write_wire_scope: net not found
2026-10-07 12:38:41.381 WARN   Wiring.write_wire_scope: net not found
2026-10-07 12:38:41.381 WARN   Wiring.write_wire_scope: net not found
2026-10-07 12:38:41.381 WARN   Wiring.write_wire_scope: net not found
2026-10-07 12:38:41.382 WARN   Wiring.write_wire_scope: net not found
2026-10-07 12:38:41.382 WARN   Wiring.write_wire_scope: net not found
2026-10-07 12:38:41.382 WARN   Wiring.write_wire_scope: net not found
2026-10-07 12:38:41.382 WARN   Wiring.write_wire_scope: net not found
2026-10-07 12:38:41.382 WARN   Wiring.write_wire_scope: net not found
2026-10-07 12:38:41.382 WARN   Wiring.write_wire_scope: net not found
2026-10-07 12:38:41.382 WARN   Wiring.write_wire_scope: net not found
2026-10-07 12:38:41.382 WARN   Wiring.write_wire_scope: net not found
2026-10-07 12:38:41.382 WARN   Wiring.write_wire_scope: net not found
2026-10-07 12:38:41.382 WARN   Wiring.write_wire_scope: net not found
2026-10-07 12:38:41.382 WARN   Wiring.write_wire_scope: net not found
2026-10-07 12:38:41.382 WARN   Wiring.write_wire_scope: net not found
2026-10-07 12:38:41.382 WARN   Wiring.write_wire_scope: net not found
2026-10-07 12:38:41.925 WARN   Wiring.write_wire_scope: net not found
2026-10-07 12:38:41.925 WARN   Wiring.write_wire_scope: net not found
2026-10-07 12:38:41.926 WARN   Wiring.write_wire_scope: net not found
2026-10-07 12:38:41.926 WARN   Wiring.write_wire_scope: net not found
2026-10-07 12:38:41.926 WARN   Wiring.write_wire_scope: net not found
2026-10-07 12:38:41.926 WARN   Wiring.write_wire_scope: net not found
2026-10-07 12:38:41.926 WARN   Wiring.write_wire_scope: net not found
2026-10-07 12:38:41.926 WARN   Wiring.write_wire_scope: net not found
2026-10-07 12:38:41.926 WARN   Wiring.write_wire_scope: net not found
2026-10-07 12:38:41.926 WARN   Wiring.write_wire_scope: net not found
2026-10-07 12:38:41.926 WARN   Wiring.write_wire_scope: net not found
2026-10-07 12:38:41.926 WARN   Wiring.write_wire_scope: net not found
2026-10-07 12:38:41.926 WARN   Wiring.write_wire_scope: net not found
2026-10-07 12:38:41.926 WARN   Wiring.write_wire_scope: net not found
2026-10-07 12:38:41.926 WARN   Wiring.write_wire_scope: net not found
2026-10-07 12:38:41.926 WARN   Wiring.write_wire_scope: net not found
2026-10-07 12:38:41.926 WARN   Wiring.write_wire_scope: net not found
2026-10-07 12:38:41.926 WARN   Wiring.write_wire_scope: net not found
2026-10-07 12:38:41.926 WARN   Wiring.write_wire_scope: net not found
2026-10-07 12:38:41.926 WARN   Wiring.write_wire_scope: net not found
2026-10-07 12:38:41.926 WARN   Wiring.write_wire_scope: net not found
2026-10-07 12:38:41.926 WARN   Wiring.write_wire_scope: net not found
2026-10-07 12:38:41.926 WARN   Wiring.write_wire_scope: net not found
2026-10-07 12:38:41.926 WARN   Wiring.write_wire_scope: net not found
2026-10-07 12:38:41.926 WARN   Wiring.write_wire_scope: net not found
2026-10-07 12:38:41.926 WARN   Wiring.write_wire_scope: net not found
2026-10-07 12:38:41.926 WARN   Wiring.write_wire_scope: net not found
2026-10-07 12:38:41.926 WARN   Wiring.write_wire_scope: net not found
2026-10-07 12:38:41.926 WARN   Wiring.write_wire_scope: net not found
2026-10-07 12:38:41.926 WARN   Wiring.write_wire_scope: net not found
2026-10-07 12:38:41.926 WARN   Wiring.write_wire_scope: net not found
2026-10-07 12:38:41.926 WARN   Wiring.write_wire_scope: net not found
2026-10-07 12:38:41.926 WARN   Wiring.write_wire_scope: net not found
2026-10-07 12:38:41.926 WARN   Wiring.write_wire_scope: net not found
2026-10-07 12:38:41.926 WARN   Wiring.write_wire_scope: net not found
2026-10-07 12:38:41.926 WARN   Wiring.write_wire_scope: net not found
2026-10-07 12:38:41.926 WARN   Wiring.write_wire_scope: net not found
2026-10-07 12:38:41.926 WARN   Wiring.write_wire_scope: net not found
2026-10-07 12:38:41.926 WARN   Wiring.write_wire_scope: net not found
2026-10-07 12:38:41.926 WARN   Wiring.write_wire_scope: net not found
2026-10-07 12:38:41.926 WARN   Wiring.write_wire_scope: net not found
2026-10-07 12:38:41.926 WARN   Wiring.write_wire_scope: net not found
2026-10-07 12:38:41.926 WARN   Wiring.write_wire_scope: net not found
2026-10-07 12:38:41.926 WARN   Wiring.write_wire_scope: net not found
2026-10-07 12:38:41.926 WARN   Wiring.write_wire_scope: net not found
2026-10-07 12:38:41.926 WARN   Wiring.write_wire_scope: net not found
2026-10-07 12:38:41.926 WARN   Wiring.write_wire_scope: net not found
2026-10-07 12:38:41.926 WARN   Wiring.write_wire_scope: net not found
2026-10-07 12:38:41.926 WARN   Wiring.write_wire_scope: net not found
2026-10-07 12:38:41.926 WARN   Wiring.write_wire_scope: net not found
2026-10-07 12:38:41.926 WARN   Wiring.write_wire_scope: net not found
2026-10-07 12:38:41.926 WARN   Wiring.write_wire_scope: net not found
2026-10-07 12:38:41.926 WARN   Wiring.write_wire_scope: net not found
2026-10-07 12:38:41.926 WARN   Wiring.write_wire_scope: net not found
2026-10-07 12:38:41.926 WARN   Wiring.write_wire_scope: net not found
2026-10-07 12:38:41.926 WARN   Wiring.write_wire_scope: net not found
2026-10-07 12:38:41.926 WARN   Wiring.write_wire_scope: net not found
2026-10-07 12:38:41.926 WARN   Wiring.write_wire_scope: net not found
2026-10-07 12:38:41.926 WARN   Wiring.write_wire_scope: net not found
2026-10-07 12:38:41.926 WARN   Wiring.write_wire_scope: net not found
2026-10-07 12:38:41.926 WARN   Wiring.write_wire_scope: net not found
2026-10-07 12:38:41.926 WARN   Wiring.write_wire_scope: net not found
2026-10-07 12:38:41.926 WARN   Wiring.write_wire_scope: net not found
2026-10-07 12:38:41.926 WARN   Wiring.write_wire_scope: net not found
2026-10-07 12:38:41.926 WARN   Wiring.write_wire_scope: net not found
2026-10-07 12:38:41.926 WARN   Wiring.write_wire_scope: net not found
2026-10-07 12:38:41.926 WARN   Wiring.write_wire_scope: net not found
2026-10-07 12:38:41.926 WARN   Wiring.write_wire_scope: net not found
2026-10-07 12:38:42.185 WARN   Wiring.write_wire_scope: net not found
2026-10-07 12:38:42.185 WARN   Wiring.write_wire_scope: net not found
2026-10-07 12:38:42.185 WARN   Wiring.write_wire_scope: net not found
2026-10-07 12:38:42.185 WARN   Wiring.write_wire_scope: net not found
2026-10-07 12:38:42.185 WARN   Wiring.write_wire_scope: net not found
2026-10-07 12:38:42.185 WARN   Wiring.write_wire_scope: net not found
2026-10-07 12:38:42.185 WARN   Wiring.write_wire_scope: net not found
2026-10-07 12:38:42.185 WARN   Wiring.write_wire_scope: net not found
2026-10-07 12:38:42.185 WARN   Wiring.write_wire_scope: net not found
2026-10-07 12:38:42.185 WARN   Wiring.write_wire_scope: net not found
2026-10-07 12:38:42.185 WARN   Wiring.write_wire_scope: net not found
2026-10-07 12:38:42.186 WARN   Wiring.write_wire_scope: net not found
2026-10-07 12:38:42.186 WARN   Wiring.write_wire_scope: net not found
2026-10-07 12:38:42.186 WARN   Wiring.write_wire_scope: net not found
2026-10-07 12:38:42.186 WARN   Wiring.write_wire_scope: net not found
2026-10-07 12:38:42.186 WARN   Wiring.write_wire_scope: net not found
2026-10-07 12:38:42.186 WARN   Wiring.write_wire_scope: net not found
2026-10-07 12:38:42.186 WARN   Wiring.write_wire_scope: net not found
2026-10-07 12:38:42.186 WARN   Wiring.write_wire_scope: net not found
2026-10-07 12:38:42.186 WARN   Wiring.write_wire_scope: net not found
2026-10-07 12:38:42.186 WARN   Wiring.write_wire_scope: net not found
2026-10-07 12:38:42.186 WARN   Wiring.write_wire_scope: net not found
2026-10-07 12:38:42.186 WARN   Wiring.write_wire_scope: net not found
2026-10-07 12:38:42.186 WARN   Wiring.write_wire_scope: net not found
2026-10-07 12:38:42.186 WARN   Wiring.write_wire_scope: net not found
2026-10-07 12:38:42.186 WARN   Wiring.write_wire_scope: net not found
2026-10-07 12:38:42.186 WARN   Wiring.write_wire_scope: net not found
2026-10-07 12:38:42.186 WARN   Wiring.write_wire_scope: net not found
2026-10-07 12:38:42.186 WARN   Wiring.write_wire_scope: net not found
2026-10-07 12:38:42.186 WARN   Wiring.write_wire_scope: net not found
2026-10-07 12:38:42.186 WARN   Wiring.write_wire_scope: net not found
2026-10-07 12:38:42.186 WARN   Wiring.write_wire_scope: net not found
2026-10-07 12:38:42.186 WARN   Wiring.write_wire_scope: net not found
2026-10-07 12:38:42.186 WARN   Wiring.write_wire_scope: net not found
2026-10-07 12:38:42.186 WARN   Wiring.write_wire_scope: net not found
2026-10-07 12:38:42.186 WARN   Wiring.write_wire_scope: net not found
2026-10-07 12:38:42.186 WARN   Wiring.write_wire_scope: net not found
2026-10-07 12:38:42.186 WARN   Wiring.write_wire_scope: net not found
2026-10-07 12:38:42.186 WARN   Wiring.write_wire_scope: net not found
2026-10-07 12:38:42.186 WARN   Wiring.write_wire_scope: net not found
2026-10-07 12:38:42.186 WARN   Wiring.write_wire_scope: net not found
2026-10-07 12:38:42.186 WARN   Wiring.write_wire_scope: net not found
2026-10-07 12:38:42.186 WARN   Wiring.write_wire_scope: net not found
2026-10-07 12:38:42.186 WARN   Wiring.write_wire_scope: net not found
2026-10-07 12:38:42.186 WARN   Wiring.write_wire_scope: net not found
2026-10-07 12:38:42.186 WARN   Wiring.write_wire_scope: net not found
2026-10-07 12:38:42.186 WARN   Wiring.write_wire_scope: net not found
2026-10-07 12:38:42.186 WARN   Wiring.write_wire_scope: net not found
2026-10-07 12:38:42.186 WARN   Wiring.write_wire_scope: net not found
2026-10-07 12:38:42.186 WARN   Wiring.write_wire_scope: net not found
2026-10-07 12:38:42.186 WARN   Wiring.write_wire_scope: net not found
2026-10-07 12:38:42.186 WARN   Wiring.write_wire_scope: net not found
2026-10-07 12:38:42.186 WARN   Wiring.write_wire_scope: net not found
2026-10-07 12:38:42.186 WARN   Wiring.write_wire_scope: net not found
2026-10-07 12:38:42.186 WARN   Wiring.write_wire_scope: net not found
2026-10-07 12:38:42.186 WARN   Wiring.write_wire_scope: net not found
2026-10-07 12:38:42.186 WARN   Wiring.write_wire_scope: net not found
2026-10-07 12:38:42.186 WARN   Wiring.write_wire_scope: net not found
2026-10-07 12:38:42.186 WARN   Wiring.write_wire_scope: net not found
2026-10-07 12:38:42.186 WARN   Wiring.write_wire_scope: net not found
2026-10-07 12:38:42.186 WARN   Wiring.write_wire_scope: net not found
2026-10-07 12:38:42.186 WARN   Wiring.write_wire_scope: net not found
2026-10-07 12:38:42.186 WARN   Wiring.write_wire_scope: net not found
2026-10-07 12:38:42.186 WARN   Wiring.write_wire_scope: net not found
2026-10-07 12:38:42.186 WARN   Wiring.write_wire_scope: net not found
2026-10-07 12:38:42.186 WARN   Wiring.write_wire_scope: net not found
2026-10-07 12:38:42.186 WARN   Wiring.write_wire_scope: net not found
2026-10-07 12:38:42.186 WARN   Wiring.write_wire_scope: net not found
2026-10-07 12:38:42.782 WARN   Wiring.write_wire_scope: net not found
2026-10-07 12:38:42.782 WARN   Wiring.write_wire_scope: net not found
2026-10-07 12:38:42.782 WARN   Wiring.write_wire_scope: net not found
2026-10-07 12:38:42.782 WARN   Wiring.write_wire_scope: net not found
2026-10-07 12:38:42.782 WARN   Wiring.write_wire_scope: net not found
2026-10-07 12:38:42.782 WARN   Wiring.write_wire_scope: net not found
2026-10-07 12:38:42.782 WARN   Wiring.write_wire_scope: net not found
2026-10-07 12:38:42.782 WARN   Wiring.write_wire_scope: net not found
2026-10-07 12:38:42.782 WARN   Wiring.write_wire_scope: net not found
2026-10-07 12:38:42.782 WARN   Wiring.write_wire_scope: net not found
2026-10-07 12:38:42.782 WARN   Wiring.write_wire_scope: net not found
2026-10-07 12:38:42.782 WARN   Wiring.write_wire_scope: net not found
2026-10-07 12:38:42.782 WARN   Wiring.write_wire_scope: net not found
2026-10-07 12:38:42.782 WARN   Wiring.write_wire_scope: net not found
2026-10-07 12:38:42.782 WARN   Wiring.write_wire_scope: net not found
2026-10-07 12:38:42.782 WARN   Wiring.write_wire_scope: net not found
2026-10-07 12:38:42.782 WARN   Wiring.write_wire_scope: net not found
2026-10-07 12:38:42.782 WARN   Wiring.write_wire_scope: net not found
2026-10-07 12:38:42.782 WARN   Wiring.write_wire_scope: net not found
2026-10-07 12:38:42.782 WARN   Wiring.write_wire_scope: net not found
2026-10-07 12:38:42.782 WARN   Wiring.write_wire_scope: net not found
2026-10-07 12:38:42.782 WARN   Wiring.write_wire_scope: net not found
2026-10-07 12:38:42.782 WARN   Wiring.write_wire_scope: net not found
2026-10-07 12:38:42.782 WARN   Wiring.write_wire_scope: net not found
2026-10-07 12:38:42.782 WARN   Wiring.write_wire_scope: net not found
2026-10-07 12:38:42.782 WARN   Wiring.write_wire_scope: net not found
2026-10-07 12:38:42.782 WARN   Wiring.write_wire_scope: net not found
2026-10-07 12:38:42.782 WARN   Wiring.write_wire_scope: net not found
2026-10-07 12:38:42.782 WARN   Wiring.write_wire_scope: net not found
2026-10-07 12:38:42.782 WARN   Wiring.write_wire_scope: net not found
2026-10-07 12:38:42.782 WARN   Wiring.write_wire_scope: net not found
2026-10-07 12:38:42.782 WARN   Wiring.write_wire_scope: net not found
2026-10-07 12:38:42.782 WARN   Wiring.write_wire_scope: net not found
2026-10-07 12:38:42.782 WARN   Wiring.write_wire_scope: net not found
2026-10-07 12:38:42.782 WARN   Wiring.write_wire_scope: net not found
2026-10-07 12:38:42.782 WARN   Wiring.write_wire_scope: net not found
2026-10-07 12:38:42.782 WARN   Wiring.write_wire_scope: net not found
2026-10-07 12:38:42.782 WARN   Wiring.write_wire_scope: net not found
2026-10-07 12:38:42.782 WARN   Wiring.write_wire_scope: net not found
2026-10-07 12:38:42.782 WARN   Wiring.write_wire_scope: net not found
2026-10-07 12:38:42.782 WARN   Wiring.write_wire_scope: net not found
2026-10-07 12:38:42.782 WARN   Wiring.write_wire_scope: net not found
2026-10-07 12:38:42.782 WARN   Wiring.write_wire_scope: net not found
2026-10-07 12:38:42.782 WARN   Wiring.write_wire_scope: net not found
2026-10-07 12:38:42.783 WARN   Wiring.write_wire_scope: net not found
2026-10-07 12:38:42.783 WARN   Wiring.write_wire_scope: net not found
2026-10-07 12:38:42.783 WARN   Wiring.write_wire_scope: net not found
2026-10-07 12:38:42.783 WARN   Wiring.write_wire_scope: net not found
2026-10-07 12:38:42.783 WARN   Wiring.write_wire_scope: net not found
2026-10-07 12:38:42.783 WARN   Wiring.write_wire_scope: net not found
2026-10-07 12:38:42.783 WARN   Wiring.write_wire_scope: net not found
2026-10-07 12:38:42.783 WARN   Wiring.write_wire_scope: net not found
2026-10-07 12:38:42.783 WARN   Wiring.write_wire_scope: net not found
2026-10-07 12:38:42.783 WARN   Wiring.write_wire_scope: net not found
2026-10-07 12:38:42.783 WARN   Wiring.write_wire_scope: net not found
2026-10-07 12:38:42.783 WARN   Wiring.write_wire_scope: net not found
2026-10-07 12:38:42.783 WARN   Wiring.write_wire_scope: net not found
2026-10-07 12:38:42.783 WARN   Wiring.write_wire_scope: net not found
2026-10-07 12:38:42.783 WARN   Wiring.write_wire_scope: net not found
2026-10-07 12:38:42.783 WARN   Wiring.write_wire_scope: net not found
2026-10-07 12:38:42.783 WARN   Wiring.write_wire_scope: net not found
2026-10-07 12:38:42.783 WARN   Wiring.write_wire_scope: net not found
2026-10-07 12:38:42.783 WARN   Wiring.write_wire_scope: net not found
2026-10-07 12:38:42.783 WARN   Wiring.write_wire_scope: net not found
2026-10-07 12:38:42.783 WARN   Wiring.write_wire_scope: net not found
2026-10-07 12:38:42.783 WARN   Wiring.write_wire_scope: net not found
2026-10-07 12:38:42.783 WARN   Wiring.write_wire_scope: net not found
2026-10-07 12:38:42.783 WARN   Wiring.write_wire_scope: net not found
2026-10-07 12:38:43.314 WARN   Wiring.write_wire_scope: net not found
2026-10-07 12:38:43.314 WARN   Wiring.write_wire_scope: net not found
2026-10-07 12:38:43.314 WARN   Wiring.write_wire_scope: net not found
2026-10-07 12:38:43.314 WARN   Wiring.write_wire_scope: net not found
2026-10-07 12:38:43.314 WARN   Wiring.write_wire_scope: net not found
2026-10-07 12:38:43.314 WARN   Wiring.write_wire_scope: net not found
2026-10-07 12:38:43.314 WARN   Wiring.write_wire_scope: net not found
2026-10-07 12:38:43.314 WARN   Wiring.write_wire_scope: net not found
2026-10-07 12:38:43.314 WARN   Wiring.write_wire_scope: net not found
2026-10-07 12:38:43.314 WARN   Wiring.write_wire_scope: net not found
2026-10-07 12:38:43.314 WARN   Wiring.write_wire_scope: net not found
2026-10-07 12:38:43.314 WARN   Wiring.write_wire_scope: net not found
2026-10-07 12:38:43.314 WARN   Wiring.write_wire_scope: net not found
2026-10-07 12:38:43.314 WARN   Wiring.write_wire_scope: net not found
2026-10-07 12:38:43.314 WARN   Wiring.write_wire_scope: net not found
2026-10-07 12:38:43.314 WARN   Wiring.write_wire_scope: net not found
2026-10-07 12:38:43.314 WARN   Wiring.write_wire_scope: net not found
2026-10-07 12:38:43.314 WARN   Wiring.write_wire_scope: net not found
2026-10-07 12:38:43.314 WARN   Wiring.write_wire_scope: net not found
2026-10-07 12:38:43.314 WARN   Wiring.write_wire_scope: net not found
2026-10-07 12:38:43.314 WARN   Wiring.write_wire_scope: net not found
2026-10-07 12:38:43.314 WARN   Wiring.write_wire_scope: net not found
2026-10-07 12:38:43.314 WARN   Wiring.write_wire_scope: net not found
2026-10-07 12:38:43.314 WARN   Wiring.write_wire_scope: net not found
2026-10-07 12:38:43.314 WARN   Wiring.write_wire_scope: net not found
2026-10-07 12:38:43.314 WARN   Wiring.write_wire_scope: net not found
2026-10-07 12:38:43.315 WARN   Wiring.write_wire_scope: net not found
2026-10-07 12:38:43.315 WARN   Wiring.write_wire_scope: net not found
2026-10-07 12:38:43.315 WARN   Wiring.write_wire_scope: net not found
2026-10-07 12:38:43.315 WARN   Wiring.write_wire_scope: net not found
2026-10-07 12:38:43.315 WARN   Wiring.write_wire_scope: net not found
2026-10-07 12:38:43.315 WARN   Wiring.write_wire_scope: net not found
2026-10-07 12:38:43.315 WARN   Wiring.write_wire_scope: net not found
2026-10-07 12:38:43.315 WARN   Wiring.write_wire_scope: net not found
2026-10-07 12:38:43.315 WARN   Wiring.write_wire_scope: net not found
2026-10-07 12:38:43.315 WARN   Wiring.write_wire_scope: net not found
2026-10-07 12:38:43.315 WARN   Wiring.write_wire_scope: net not found
2026-10-07 12:38:43.315 WARN   Wiring.write_wire_scope: net not found
2026-10-07 12:38:43.315 WARN   Wiring.write_wire_scope: net not found
2026-10-07 12:38:43.315 WARN   Wiring.write_wire_scope: net not found
2026-10-07 12:38:43.315 WARN   Wiring.write_wire_scope: net not found
2026-10-07 12:38:43.315 WARN   Wiring.write_wire_scope: net not found
2026-10-07 12:38:43.315 WARN   Wiring.write_wire_scope: net not found
2026-10-07 12:38:43.315 WARN   Wiring.write_wire_scope: net not found
2026-10-07 12:38:43.315 WARN   Wiring.write_wire_scope: net not found
2026-10-07 12:38:43.315 WARN   Wiring.write_wire_scope: net not found
2026-10-07 12:38:43.315 WARN   Wiring.write_wire_scope: net not found
2026-10-07 12:38:43.315 WARN   Wiring.write_wire_scope: net not found
2026-10-07 12:38:43.315 WARN   Wiring.write_wire_scope: net not found
2026-10-07 12:38:43.315 WARN   Wiring.write_wire_scope: net not found
2026-10-07 12:38:43.315 WARN   Wiring.write_wire_scope: net not found
2026-10-07 12:38:43.315 WARN   Wiring.write_wire_scope: net not found
2026-10-07 12:38:43.315 WARN   Wiring.write_wire_scope: net not found
2026-10-07 12:38:43.315 WARN   Wiring.write_wire_scope: net not found
2026-10-07 12:38:43.315 WARN   Wiring.write_wire_scope: net not found
2026-10-07 12:38:43.315 WARN   Wiring.write_wire_scope: net not found
2026-10-07 12:38:43.315 WARN   Wiring.write_wire_scope: net not found
2026-10-07 12:38:43.315 WARN   Wiring.write_wire_scope: net not found
2026-10-07 12:38:43.315 WARN   Wiring.write_wire_scope: net not found
2026-10-07 12:38:43.315 WARN   Wiring.write_wire_scope: net not found
2026-10-07 12:38:43.315 WARN   Wiring.write_wire_scope: net not found
2026-10-07 12:38:43.315 WARN   Wiring.write_wire_scope: net not found
2026-10-07 12:38:43.315 WARN   Wiring.write_wire_scope: net not found
2026-10-07 12:38:43.315 WARN   Wiring.write_wire_scope: net not found
2026-10-07 12:38:43.315 WARN   Wiring.write_wire_scope: net not found
2026-10-07 12:38:43.315 WARN   Wiring.write_wire_scope: net not found
2026-10-07 12:38:43.315 WARN   Wiring.write_wire_scope: net not found
2026-10-07 12:38:43.315 WARN   Wiring.write_wire_scope: net not found
2026-10-07 12:38:43.816 WARN   Wiring.write_wire_scope: net not found
2026-10-07 12:38:43.816 WARN   Wiring.write_wire_scope: net not found
2026-10-07 12:38:43.816 WARN   Wiring.write_wire_scope: net not found
2026-10-07 12:38:43.816 WARN   Wiring.write_wire_scope: net not found
2026-10-07 12:38:43.816 WARN   Wiring.write_wire_scope: net not found
2026-10-07 12:38:43.816 WARN   Wiring.write_wire_scope: net not found
2026-10-07 12:38:43.816 WARN   Wiring.write_wire_scope: net not found
2026-10-07 12:38:43.816 WARN   Wiring.write_wire_scope: net not found
2026-10-07 12:38:43.816 WARN   Wiring.write_wire_scope: net not found
2026-10-07 12:38:43.816 WARN   Wiring.write_wire_scope: net not found
2026-10-07 12:38:43.816 WARN   Wiring.write_wire_scope: net not found
2026-10-07 12:38:43.816 WARN   Wiring.write_wire_scope: net not found
2026-10-07 12:38:43.816 WARN   Wiring.write_wire_scope: net not found
2026-10-07 12:38:43.816 WARN   Wiring.write_wire_scope: net not found
2026-10-07 12:38:43.816 WARN   Wiring.write_wire_scope: net not found
2026-10-07 12:38:43.816 WARN   Wiring.write_wire_scope: net not found
2026-10-07 12:38:43.816 WARN   Wiring.write_wire_scope: net not found
2026-10-07 12:38:43.816 WARN   Wiring.write_wire_scope: net not found
2026-10-07 12:38:43.816 WARN   Wiring.write_wire_scope: net not found
2026-10-07 12:38:43.816 WARN   Wiring.write_wire_scope: net not found
2026-10-07 12:38:43.816 WARN   Wiring.write_wire_scope: net not found
2026-10-07 12:38:43.816 WARN   Wiring.write_wire_scope: net not found
2026-10-07 12:38:43.816 WARN   Wiring.write_wire_scope: net not found
2026-10-07 12:38:43.816 WARN   Wiring.write_wire_scope: net not found
2026-10-07 12:38:43.816 WARN   Wiring.write_wire_scope: net not found
2026-10-07 12:38:43.817 WARN   Wiring.write_wire_scope: net not found
2026-10-07 12:38:43.817 WARN   Wiring.write_wire_scope: net not found
2026-10-07 12:38:43.817 WARN   Wiring.write_wire_scope: net not found
2026-10-07 12:38:43.817 WARN   Wiring.write_wire_scope: net not found
2026-10-07 12:38:43.817 WARN   Wiring.write_wire_scope: net not found
2026-10-07 12:38:43.817 WARN   Wiring.write_wire_scope: net not found
2026-10-07 12:38:43.817 WARN   Wiring.write_wire_scope: net not found
2026-10-07 12:38:43.817 WARN   Wiring.write_wire_scope: net not found
2026-10-07 12:38:43.817 WARN   Wiring.write_wire_scope: net not found
2026-10-07 12:38:43.817 WARN   Wiring.write_wire_scope: net not found
2026-10-07 12:38:43.817 WARN   Wiring.write_wire_scope: net not found
2026-10-07 12:38:43.817 WARN   Wiring.write_wire_scope: net not found
2026-10-07 12:38:43.817 WARN   Wiring.write_wire_scope: net not found
2026-10-07 12:38:43.817 WARN   Wiring.write_wire_scope: net not found
2026-10-07 12:38:43.817 WARN   Wiring.write_wire_scope: net not found
2026-10-07 12:38:43.817 WARN   Wiring.write_wire_scope: net not found
2026-10-07 12:38:43.817 WARN   Wiring.write_wire_scope: net not found
2026-10-07 12:38:43.817 WARN   Wiring.write_wire_scope: net not found
2026-10-07 12:38:43.817 WARN   Wiring.write_wire_scope: net not found
2026-10-07 12:38:43.817 WARN   Wiring.write_wire_scope: net not found
2026-10-07 12:38:43.817 WARN   Wiring.write_wire_scope: net not found
2026-10-07 12:38:43.817 WARN   Wiring.write_wire_scope: net not found
2026-10-07 12:38:43.817 WARN   Wiring.write_wire_scope: net not found
2026-10-07 12:38:43.817 WARN   Wiring.write_wire_scope: net not found
2026-10-07 12:38:43.817 WARN   Wiring.write_wire_scope: net not found
2026-10-07 12:38:43.817 WARN   Wiring.write_wire_scope: net not found
2026-10-07 12:38:43.817 WARN   Wiring.write_wire_scope: net not found
2026-10-07 12:38:43.817 WARN   Wiring.write_wire_scope: net not found
2026-10-07 12:38:43.817 WARN   Wiring.write_wire_scope: net not found
2026-10-07 12:38:43.817 WARN   Wiring.write_wire_scope: net not found
2026-10-07 12:38:43.817 WARN   Wiring.write_wire_scope: net not found
2026-10-07 12:38:43.817 WARN   Wiring.write_wire_scope: net not found
2026-10-07 12:38:43.817 WARN   Wiring.write_wire_scope: net not found
2026-10-07 12:38:43.817 WARN   Wiring.write_wire_scope: net not found
2026-10-07 12:38:43.817 WARN   Wiring.write_wire_scope: net not found
2026-10-07 12:38:43.817 WARN   Wiring.write_wire_scope: net not found
2026-10-07 12:38:43.817 WARN   Wiring.write_wire_scope: net not found
2026-10-07 12:38:43.817 WARN   Wiring.write_wire_scope: net not found
2026-10-07 12:38:43.817 WARN   Wiring.write_wire_scope: net not found
2026-10-07 12:38:43.817 WARN   Wiring.write_wire_scope: net not found
2026-10-07 12:38:43.817 WARN   Wiring.write_wire_scope: net not found
2026-10-07 12:38:43.817 WARN   Wiring.write_wire_scope: net not found
2026-10-07 12:38:43.817 WARN   Wiring.write_wire_scope: net not found
2026-10-07 12:38:44.474 WARN   Wiring.write_wire_scope: net not found
2026-10-07 12:38:44.474 WARN   Wiring.write_wire_scope: net not found
2026-10-07 12:38:44.474 WARN   Wiring.write_wire_scope: net not found
2026-10-07 12:38:44.474 WARN   Wiring.write_wire_scope: net not found
2026-10-07 12:38:44.474 WARN   Wiring.write_wire_scope: net not found
2026-10-07 12:38:44.474 WARN   Wiring.write_wire_scope: net not found
2026-10-07 12:38:44.475 WARN   Wiring.write_wire_scope: net not found
2026-10-07 12:38:44.475 WARN   Wiring.write_wire_scope: net not found
2026-10-07 12:38:44.475 WARN   Wiring.write_wire_scope: net not found
2026-10-07 12:38:44.475 WARN   Wiring.write_wire_scope: net not found
2026-10-07 12:38:44.475 WARN   Wiring.write_wire_scope: net not found
2026-10-07 12:38:44.475 WARN   Wiring.write_wire_scope: net not found
2026-10-07 12:38:44.475 WARN   Wiring.write_wire_scope: net not found
2026-10-07 12:38:44.475 WARN   Wiring.write_wire_scope: net not found
2026-10-07 12:38:44.475 WARN   Wiring.write_wire_scope: net not found
2026-10-07 12:38:44.475 WARN   Wiring.write_wire_scope: net not found
2026-10-07 12:38:44.475 WARN   Wiring.write_wire_scope: net not found
2026-10-07 12:38:44.475 WARN   Wiring.write_wire_scope: net not found
2026-10-07 12:38:44.475 WARN   Wiring.write_wire_scope: net not found
2026-10-07 12:38:44.475 WARN   Wiring.write_wire_scope: net not found
2026-10-07 12:38:44.475 WARN   Wiring.write_wire_scope: net not found
2026-10-07 12:38:44.475 WARN   Wiring.write_wire_scope: net not found
2026-10-07 12:38:44.475 WARN   Wiring.write_wire_scope: net not found
2026-10-07 12:38:44.475 WARN   Wiring.write_wire_scope: net not found
2026-10-07 12:38:44.475 WARN   Wiring.write_wire_scope: net not found
2026-10-07 12:38:44.475 WARN   Wiring.write_wire_scope: net not found
2026-10-07 12:38:44.475 WARN   Wiring.write_wire_scope: net not found
2026-10-07 12:38:44.475 WARN   Wiring.write_wire_scope: net not found
2026-10-07 12:38:44.475 WARN   Wiring.write_wire_scope: net not found
2026-10-07 12:38:44.475 WARN   Wiring.write_wire_scope: net not found
2026-10-07 12:38:44.475 WARN   Wiring.write_wire_scope: net not found
2026-10-07 12:38:44.475 WARN   Wiring.write_wire_scope: net not found
2026-10-07 12:38:44.475 WARN   Wiring.write_wire_scope: net not found
2026-10-07 12:38:44.475 WARN   Wiring.write_wire_scope: net not found
2026-10-07 12:38:44.475 WARN   Wiring.write_wire_scope: net not found
2026-10-07 12:38:44.475 WARN   Wiring.write_wire_scope: net not found
2026-10-07 12:38:44.475 WARN   Wiring.write_wire_scope: net not found
2026-10-07 12:38:44.475 WARN   Wiring.write_wire_scope: net not found
2026-10-07 12:38:44.475 WARN   Wiring.write_wire_scope: net not found
2026-10-07 12:38:44.475 WARN   Wiring.write_wire_scope: net not found
2026-10-07 12:38:44.475 WARN   Wiring.write_wire_scope: net not found
2026-10-07 12:38:44.475 WARN   Wiring.write_wire_scope: net not found
2026-10-07 12:38:44.475 WARN   Wiring.write_wire_scope: net not found
2026-10-07 12:38:44.475 WARN   Wiring.write_wire_scope: net not found
2026-10-07 12:38:44.475 WARN   Wiring.write_wire_scope: net not found
2026-10-07 12:38:44.475 WARN   Wiring.write_wire_scope: net not found
2026-10-07 12:38:44.475 WARN   Wiring.write_wire_scope: net not found
2026-10-07 12:38:44.475 WARN   Wiring.write_wire_scope: net not found
2026-10-07 12:38:44.475 WARN   Wiring.write_wire_scope: net not found
2026-10-07 12:38:44.475 WARN   Wiring.write_wire_scope: net not found
2026-10-07 12:38:44.475 WARN   Wiring.write_wire_scope: net not found
2026-10-07 12:38:44.475 WARN   Wiring.write_wire_scope: net not found
2026-10-07 12:38:44.475 WARN   Wiring.write_wire_scope: net not found
2026-10-07 12:38:44.475 WARN   Wiring.write_wire_scope: net not found
2026-10-07 12:38:44.475 WARN   Wiring.write_wire_scope: net not found
2026-10-07 12:38:44.475 WARN   Wiring.write_wire_scope: net not found
2026-10-07 12:38:44.475 WARN   Wiring.write_wire_scope: net not found
2026-10-07 12:38:44.475 WARN   Wiring.write_wire_scope: net not found
2026-10-07 12:38:44.475 WARN   Wiring.write_wire_scope: net not found
2026-10-07 12:38:44.475 WARN   Wiring.write_wire_scope: net not found
2026-10-07 12:38:44.475 WARN   Wiring.write_wire_scope: net not found
2026-10-07 12:38:44.475 WARN   Wiring.write_wire_scope: net not found
2026-10-07 12:38:44.475 WARN   Wiring.write_wire_scope: net not found
2026-10-07 12:38:44.475 WARN   Wiring.write_wire_scope: net not found
2026-10-07 12:38:44.475 WARN   Wiring.write_wire_scope: net not found
2026-10-07 12:38:44.475 WARN   Wiring.write_wire_scope: net not found
2026-10-07 12:38:44.475 WARN   Wiring.write_wire_scope: net not found
2026-10-07 12:38:44.475 WARN   Wiring.write_wire_scope: net not found
2026-10-07 12:38:44.978 WARN   Wiring.write_wire_scope: net not found
2026-10-07 12:38:44.978 WARN   Wiring.write_wire_scope: net not found
2026-10-07 12:38:44.978 WARN   Wiring.write_wire_scope: net not found
2026-10-07 12:38:44.978 WARN   Wiring.write_wire_scope: net not found
2026-10-07 12:38:44.978 WARN   Wiring.write_wire_scope: net not found
2026-10-07 12:38:44.978 WARN   Wiring.write_wire_scope: net not found
2026-10-07 12:38:44.978 WARN   Wiring.write_wire_scope: net not found
2026-10-07 12:38:44.978 WARN   Wiring.write_wire_scope: net not found
2026-10-07 12:38:44.978 WARN   Wiring.write_wire_scope: net not found
2026-10-07 12:38:44.978 WARN   Wiring.write_wire_scope: net not found
2026-10-07 12:38:44.978 WARN   Wiring.write_wire_scope: net not found
2026-10-07 12:38:44.978 WARN   Wiring.write_wire_scope: net not found
2026-10-07 12:38:44.978 WARN   Wiring.write_wire_scope: net not found
2026-10-07 12:38:44.978 WARN   Wiring.write_wire_scope: net not found
2026-10-07 12:38:44.978 WARN   Wiring.write_wire_scope: net not found
2026-10-07 12:38:44.978 WARN   Wiring.write_wire_scope: net not found
2026-10-07 12:38:44.978 WARN   Wiring.write_wire_scope: net not found
2026-10-07 12:38:44.978 WARN   Wiring.write_wire_scope: net not found
2026-10-07 12:38:44.978 WARN   Wiring.write_wire_scope: net not found
2026-10-07 12:38:44.978 WARN   Wiring.write_wire_scope: net not found
2026-10-07 12:38:44.978 WARN   Wiring.write_wire_scope: net not found
2026-10-07 12:38:44.978 WARN   Wiring.write_wire_scope: net not found
2026-10-07 12:38:44.978 WARN   Wiring.write_wire_scope: net not found
2026-10-07 12:38:44.979 WARN   Wiring.write_wire_scope: net not found
2026-10-07 12:38:44.979 WARN   Wiring.write_wire_scope: net not found
2026-10-07 12:38:44.979 WARN   Wiring.write_wire_scope: net not found
2026-10-07 12:38:44.979 WARN   Wiring.write_wire_scope: net not found
2026-10-07 12:38:44.979 WARN   Wiring.write_wire_scope: net not found
2026-10-07 12:38:44.979 WARN   Wiring.write_wire_scope: net not found
2026-10-07 12:38:44.979 WARN   Wiring.write_wire_scope: net not found
2026-10-07 12:38:44.979 WARN   Wiring.write_wire_scope: net not found
2026-10-07 12:38:44.979 WARN   Wiring.write_wire_scope: net not found
2026-10-07 12:38:44.979 WARN   Wiring.write_wire_scope: net not found
2026-10-07 12:38:44.979 WARN   Wiring.write_wire_scope: net not found
2026-10-07 12:38:44.979 WARN   Wiring.write_wire_scope: net not found
2026-10-07 12:38:44.979 WARN   Wiring.write_wire_scope: net not found
2026-10-07 12:38:44.979 WARN   Wiring.write_wire_scope: net not found
2026-10-07 12:38:44.979 WARN   Wiring.write_wire_scope: net not found
2026-10-07 12:38:44.979 WARN   Wiring.write_wire_scope: net not found
2026-10-07 12:38:44.979 WARN   Wiring.write_wire_scope: net not found
2026-10-07 12:38:44.979 WARN   Wiring.write_wire_scope: net not found
2026-10-07 12:38:44.979 WARN   Wiring.write_wire_scope: net not found
2026-10-07 12:38:44.979 WARN   Wiring.write_wire_scope: net not found
2026-10-07 12:38:44.979 WARN   Wiring.write_wire_scope: net not found
2026-10-07 12:38:44.979 WARN   Wiring.write_wire_scope: net not found
2026-10-07 12:38:44.979 WARN   Wiring.write_wire_scope: net not found
2026-10-07 12:38:44.979 WARN   Wiring.write_wire_scope: net not found
2026-10-07 12:38:44.979 WARN   Wiring.write_wire_scope: net not found
2026-10-07 12:38:44.979 WARN   Wiring.write_wire_scope: net not found
2026-10-07 12:38:44.979 WARN   Wiring.write_wire_scope: net not found
2026-10-07 12:38:44.979 WARN   Wiring.write_wire_scope: net not found
2026-10-07 12:38:44.979 WARN   Wiring.write_wire_scope: net not found
2026-10-07 12:38:44.979 WARN   Wiring.write_wire_scope: net not found
2026-10-07 12:38:44.979 WARN   Wiring.write_wire_scope: net not found
2026-10-07 12:38:44.979 WARN   Wiring.write_wire_scope: net not found
2026-10-07 12:38:44.979 WARN   Wiring.write_wire_scope: net not found
2026-10-07 12:38:44.979 WARN   Wiring.write_wire_scope: net not found
2026-10-07 12:38:44.979 WARN   Wiring.write_wire_scope: net not found
2026-10-07 12:38:44.979 WARN   Wiring.write_wire_scope: net not found
2026-10-07 12:38:44.979 WARN   Wiring.write_wire_scope: net not found
2026-10-07 12:38:44.979 WARN   Wiring.write_wire_scope: net not found
2026-10-07 12:38:44.979 WARN   Wiring.write_wire_scope: net not found
2026-10-07 12:38:44.979 WARN   Wiring.write_wire_scope: net not found
2026-10-07 12:38:44.979 WARN   Wiring.write_wire_scope: net not found
2026-10-07 12:38:44.979 WARN   Wiring.write_wire_scope: net not found
2026-10-07 12:38:44.979 WARN   Wiring.write_wire_scope: net not found
2026-10-07 12:38:44.979 WARN   Wiring.write_wire_scope: net not found
2026-10-07 12:38:44.979 WARN   Wiring.write_wire_scope: net not found
2026-10-07 12:38:45.632 WARN   Wiring.write_wire_scope: net not found
2026-10-07 12:38:45.632 WARN   Wiring.write_wire_scope: net not found
2026-10-07 12:38:45.632 WARN   Wiring.write_wire_scope: net not found
2026-10-07 12:38:45.632 WARN   Wiring.write_wire_scope: net not found
2026-10-07 12:38:45.632 WARN   Wiring.write_wire_scope: net not found
2026-10-07 12:38:45.632 WARN   Wiring.write_wire_scope: net not found
2026-10-07 12:38:45.632 WARN   Wiring.write_wire_scope: net not found
2026-10-07 12:38:45.632 WARN   Wiring.write_wire_scope: net not found
2026-10-07 12:38:45.632 WARN   Wiring.write_wire_scope: net not found
2026-10-07 12:38:45.632 WARN   Wiring.write_wire_scope: net not found
2026-10-07 12:38:45.632 WARN   Wiring.write_wire_scope: net not found
2026-10-07 12:38:45.632 WARN   Wiring.write_wire_scope: net not found
2026-10-07 12:38:45.632 WARN   Wiring.write_wire_scope: net not found
2026-10-07 12:38:45.632 WARN   Wiring.write_wire_scope: net not found
2026-10-07 12:38:45.632 WARN   Wiring.write_wire_scope: net not found
2026-10-07 12:38:45.632 WARN   Wiring.write_wire_scope: net not found
2026-10-07 12:38:45.632 WARN   Wiring.write_wire_scope: net not found
2026-10-07 12:38:45.632 WARN   Wiring.write_wire_scope: net not found
2026-10-07 12:38:45.632 WARN   Wiring.write_wire_scope: net not found
2026-10-07 12:38:45.632 WARN   Wiring.write_wire_scope: net not found
2026-10-07 12:38:45.632 WARN   Wiring.write_wire_scope: net not found
2026-10-07 12:38:45.632 WARN   Wiring.write_wire_scope: net not found
2026-10-07 12:38:45.632 WARN   Wiring.write_wire_scope: net not found
2026-10-07 12:38:45.632 WARN   Wiring.write_wire_scope: net not found
2026-10-07 12:38:45.632 WARN   Wiring.write_wire_scope: net not found
2026-10-07 12:38:45.632 WARN   Wiring.write_wire_scope: net not found
2026-10-07 12:38:45.632 WARN   Wiring.write_wire_scope: net not found
2026-10-07 12:38:45.632 WARN   Wiring.write_wire_scope: net not found
2026-10-07 12:38:45.632 WARN   Wiring.write_wire_scope: net not found
2026-10-07 12:38:45.632 WARN   Wiring.write_wire_scope: net not found
2026-10-07 12:38:45.632 WARN   Wiring.write_wire_scope: net not found
2026-10-07 12:38:45.632 WARN   Wiring.write_wire_scope: net not found
2026-10-07 12:38:45.632 WARN   Wiring.write_wire_scope: net not found
2026-10-07 12:38:45.632 WARN   Wiring.write_wire_scope: net not found
2026-10-07 12:38:45.632 WARN   Wiring.write_wire_scope: net not found
2026-10-07 12:38:45.632 WARN   Wiring.write_wire_scope: net not found
2026-10-07 12:38:45.632 WARN   Wiring.write_wire_scope: net not found
2026-10-07 12:38:45.632 WARN   Wiring.write_wire_scope: net not found
2026-10-07 12:38:45.632 WARN   Wiring.write_wire_scope: net not found
2026-10-07 12:38:45.632 WARN   Wiring.write_wire_scope: net not found
2026-10-07 12:38:45.632 WARN   Wiring.write_wire_scope: net not found
2026-10-07 12:38:45.632 WARN   Wiring.write_wire_scope: net not found
2026-10-07 12:38:45.632 WARN   Wiring.write_wire_scope: net not found
2026-10-07 12:38:45.632 WARN   Wiring.write_wire_scope: net not found
2026-10-07 12:38:45.632 WARN   Wiring.write_wire_scope: net not found
2026-10-07 12:38:45.632 WARN   Wiring.write_wire_scope: net not found
2026-10-07 12:38:45.632 WARN   Wiring.write_wire_scope: net not found
2026-10-07 12:38:45.632 WARN   Wiring.write_wire_scope: net not found
2026-10-07 12:38:45.632 WARN   Wiring.write_wire_scope: net not found
2026-10-07 12:38:45.632 WARN   Wiring.write_wire_scope: net not found
2026-10-07 12:38:45.632 WARN   Wiring.write_wire_scope: net not found
2026-10-07 12:38:45.632 WARN   Wiring.write_wire_scope: net not found
2026-10-07 12:38:45.632 WARN   Wiring.write_wire_scope: net not found
2026-10-07 12:38:45.632 WARN   Wiring.write_wire_scope: net not found
2026-10-07 12:38:45.632 WARN   Wiring.write_wire_scope: net not found
2026-10-07 12:38:45.632 WARN   Wiring.write_wire_scope: net not found
2026-10-07 12:38:45.632 WARN   Wiring.write_wire_scope: net not found
2026-10-07 12:38:45.632 WARN   Wiring.write_wire_scope: net not found
2026-10-07 12:38:45.632 WARN   Wiring.write_wire_scope: net not found
2026-10-07 12:38:45.632 WARN   Wiring.write_wire_scope: net not found
2026-10-07 12:38:45.632 WARN   Wiring.write_wire_scope: net not found
2026-10-07 12:38:45.632 WARN   Wiring.write_wire_scope: net not found
2026-10-07 12:38:45.632 WARN   Wiring.write_wire_scope: net not found
2026-10-07 12:38:45.632 WARN   Wiring.write_wire_scope: net not found
2026-10-07 12:38:45.632 WARN   Wiring.write_wire_scope: net not found
2026-10-07 12:38:45.632 WARN   Wiring.write_wire_scope: net not found
2026-10-07 12:38:45.633 WARN   Wiring.write_wire_scope: net not found
2026-10-07 12:38:45.633 WARN   Wiring.write_wire_scope: net not found
2026-10-07 12:38:46.188 WARN   Wiring.write_wire_scope: net not found
2026-10-07 12:38:46.188 WARN   Wiring.write_wire_scope: net not found
2026-10-07 12:38:46.188 WARN   Wiring.write_wire_scope: net not found
2026-10-07 12:38:46.188 WARN   Wiring.write_wire_scope: net not found
2026-10-07 12:38:46.188 WARN   Wiring.write_wire_scope: net not found
2026-10-07 12:38:46.188 WARN   Wiring.write_wire_scope: net not found
2026-10-07 12:38:46.188 WARN   Wiring.write_wire_scope: net not found
2026-10-07 12:38:46.188 WARN   Wiring.write_wire_scope: net not found
2026-10-07 12:38:46.189 WARN   Wiring.write_wire_scope: net not found
2026-10-07 12:38:46.189 WARN   Wiring.write_wire_scope: net not found
2026-10-07 12:38:46.189 WARN   Wiring.write_wire_scope: net not found
2026-10-07 12:38:46.189 WARN   Wiring.write_wire_scope: net not found
2026-10-07 12:38:46.189 WARN   Wiring.write_wire_scope: net not found
2026-10-07 12:38:46.189 WARN   Wiring.write_wire_scope: net not found
2026-10-07 12:38:46.189 WARN   Wiring.write_wire_scope: net not found
2026-10-07 12:38:46.189 WARN   Wiring.write_wire_scope: net not found
2026-10-07 12:38:46.189 WARN   Wiring.write_wire_scope: net not found
2026-10-07 12:38:46.189 WARN   Wiring.write_wire_scope: net not found
2026-10-07 12:38:46.189 WARN   Wiring.write_wire_scope: net not found
2026-10-07 12:38:46.189 WARN   Wiring.write_wire_scope: net not found
2026-10-07 12:38:46.189 WARN   Wiring.write_wire_scope: net not found
2026-10-07 12:38:46.189 WARN   Wiring.write_wire_scope: net not found
2026-10-07 12:38:46.189 WARN   Wiring.write_wire_scope: net not found
2026-10-07 12:38:46.189 WARN   Wiring.write_wire_scope: net not found
2026-10-07 12:38:46.189 WARN   Wiring.write_wire_scope: net not found
2026-10-07 12:38:46.189 WARN   Wiring.write_wire_scope: net not found
2026-10-07 12:38:46.189 WARN   Wiring.write_wire_scope: net not found
2026-10-07 12:38:46.189 WARN   Wiring.write_wire_scope: net not found
2026-10-07 12:38:46.189 WARN   Wiring.write_wire_scope: net not found
2026-10-07 12:38:46.189 WARN   Wiring.write_wire_scope: net not found
2026-10-07 12:38:46.189 WARN   Wiring.write_wire_scope: net not found
2026-10-07 12:38:46.189 WARN   Wiring.write_wire_scope: net not found
2026-10-07 12:38:46.189 WARN   Wiring.write_wire_scope: net not found
2026-10-07 12:38:46.189 WARN   Wiring.write_wire_scope: net not found
2026-10-07 12:38:46.189 WARN   Wiring.write_wire_scope: net not found
2026-10-07 12:38:46.189 WARN   Wiring.write_wire_scope: net not found
2026-10-07 12:38:46.189 WARN   Wiring.write_wire_scope: net not found
2026-10-07 12:38:46.189 WARN   Wiring.write_wire_scope: net not found
2026-10-07 12:38:46.189 WARN   Wiring.write_wire_scope: net not found
2026-10-07 12:38:46.189 WARN   Wiring.write_wire_scope: net not found
2026-10-07 12:38:46.189 WARN   Wiring.write_wire_scope: net not found
2026-10-07 12:38:46.189 WARN   Wiring.write_wire_scope: net not found
2026-10-07 12:38:46.189 WARN   Wiring.write_wire_scope: net not found
2026-10-07 12:38:46.189 WARN   Wiring.write_wire_scope: net not found
2026-10-07 12:38:46.189 WARN   Wiring.write_wire_scope: net not found
2026-10-07 12:38:46.189 WARN   Wiring.write_wire_scope: net not found
2026-10-07 12:38:46.189 WARN   Wiring.write_wire_scope: net not found
2026-10-07 12:38:46.189 WARN   Wiring.write_wire_scope: net not found
2026-10-07 12:38:46.189 WARN   Wiring.write_wire_scope: net not found
2026-10-07 12:38:46.189 WARN   Wiring.write_wire_scope: net not found
2026-10-07 12:38:46.189 WARN   Wiring.write_wire_scope: net not found
2026-10-07 12:38:46.189 WARN   Wiring.write_wire_scope: net not found
2026-10-07 12:38:46.189 WARN   Wiring.write_wire_scope: net not found
2026-10-07 12:38:46.189 WARN   Wiring.write_wire_scope: net not found
2026-10-07 12:38:46.189 WARN   Wiring.write_wire_scope: net not found
2026-10-07 12:38:46.189 WARN   Wiring.write_wire_scope: net not found
2026-10-07 12:38:46.189 WARN   Wiring.write_wire_scope: net not found
2026-10-07 12:38:46.189 WARN   Wiring.write_wire_scope: net not found
2026-10-07 12:38:46.189 WARN   Wiring.write_wire_scope: net not found
2026-10-07 12:38:46.189 WARN   Wiring.write_wire_scope: net not found
2026-10-07 12:38:46.189 WARN   Wiring.write_wire_scope: net not found
2026-10-07 12:38:46.189 WARN   Wiring.write_wire_scope: net not found
2026-10-07 12:38:46.189 WARN   Wiring.write_wire_scope: net not found
2026-10-07 12:38:46.189 WARN   Wiring.write_wire_scope: net not found
2026-10-07 12:38:46.189 WARN   Wiring.write_wire_scope: net not found
2026-10-07 12:38:46.189 WARN   Wiring.write_wire_scope: net not found
2026-10-07 12:38:46.189 WARN   Wiring.write_wire_scope: net not found
2026-10-07 12:38:46.189 WARN   Wiring.write_wire_scope: net not found
2026-10-07 12:38:46.748 WARN   Wiring.write_wire_scope: net not found
2026-10-07 12:38:46.748 WARN   Wiring.write_wire_scope: net not found
2026-10-07 12:38:46.748 WARN   Wiring.write_wire_scope: net not found
2026-10-07 12:38:46.748 WARN   Wiring.write_wire_scope: net not found
2026-10-07 12:38:46.748 WARN   Wiring.write_wire_scope: net not found
2026-10-07 12:38:46.748 WARN   Wiring.write_wire_scope: net not found
2026-10-07 12:38:46.748 WARN   Wiring.write_wire_scope: net not found
2026-10-07 12:38:46.748 WARN   Wiring.write_wire_scope: net not found
2026-10-07 12:38:46.748 WARN   Wiring.write_wire_scope: net not found
2026-10-07 12:38:46.748 WARN   Wiring.write_wire_scope: net not found
2026-10-07 12:38:46.748 WARN   Wiring.write_wire_scope: net not found
2026-10-07 12:38:46.748 WARN   Wiring.write_wire_scope: net not found
2026-10-07 12:38:46.748 WARN   Wiring.write_wire_scope: net not found
2026-10-07 12:38:46.748 WARN   Wiring.write_wire_scope: net not found
2026-10-07 12:38:46.748 WARN   Wiring.write_wire_scope: net not found
2026-10-07 12:38:46.748 WARN   Wiring.write_wire_scope: net not found
2026-10-07 12:38:46.748 WARN   Wiring.write_wire_scope: net not found
2026-10-07 12:38:46.748 WARN   Wiring.write_wire_scope: net not found
2026-10-07 12:38:46.748 WARN   Wiring.write_wire_scope: net not found
2026-10-07 12:38:46.748 WARN   Wiring.write_wire_scope: net not found
2026-10-07 12:38:46.748 WARN   Wiring.write_wire_scope: net not found
2026-10-07 12:38:46.748 WARN   Wiring.write_wire_scope: net not found
2026-10-07 12:38:46.748 WARN   Wiring.write_wire_scope: net not found
2026-10-07 12:38:46.748 WARN   Wiring.write_wire_scope: net not found
2026-10-07 12:38:46.748 WARN   Wiring.write_wire_scope: net not found
2026-10-07 12:38:46.748 WARN   Wiring.write_wire_scope: net not found
2026-10-07 12:38:46.748 WARN   Wiring.write_wire_scope: net not found
2026-10-07 12:38:46.748 WARN   Wiring.write_wire_scope: net not found
2026-10-07 12:38:46.748 WARN   Wiring.write_wire_scope: net not found
2026-10-07 12:38:46.748 WARN   Wiring.write_wire_scope: net not found
2026-10-07 12:38:46.748 WARN   Wiring.write_wire_scope: net not found
2026-10-07 12:38:46.748 WARN   Wiring.write_wire_scope: net not found
2026-10-07 12:38:46.748 WARN   Wiring.write_wire_scope: net not found
2026-10-07 12:38:46.748 WARN   Wiring.write_wire_scope: net not found
2026-10-07 12:38:46.748 WARN   Wiring.write_wire_scope: net not found
2026-10-07 12:38:46.748 WARN   Wiring.write_wire_scope: net not found
2026-10-07 12:38:46.748 WARN   Wiring.write_wire_scope: net not found
2026-10-07 12:38:46.748 WARN   Wiring.write_wire_scope: net not found
2026-10-07 12:38:46.748 WARN   Wiring.write_wire_scope: net not found
2026-10-07 12:38:46.749 WARN   Wiring.write_wire_scope: net not found
2026-10-07 12:38:46.749 WARN   Wiring.write_wire_scope: net not found
2026-10-07 12:38:46.749 WARN   Wiring.write_wire_scope: net not found
2026-10-07 12:38:46.749 WARN   Wiring.write_wire_scope: net not found
2026-10-07 12:38:46.749 WARN   Wiring.write_wire_scope: net not found
2026-10-07 12:38:46.749 WARN   Wiring.write_wire_scope: net not found
2026-10-07 12:38:46.749 WARN   Wiring.write_wire_scope: net not found
2026-10-07 12:38:46.749 WARN   Wiring.write_wire_scope: net not found
2026-10-07 12:38:46.749 WARN   Wiring.write_wire_scope: net not found
2026-10-07 12:38:46.749 WARN   Wiring.write_wire_scope: net not found
2026-10-07 12:38:46.749 WARN   Wiring.write_wire_scope: net not found
2026-10-07 12:38:46.749 WARN   Wiring.write_wire_scope: net not found
2026-10-07 12:38:46.749 WARN   Wiring.write_wire_scope: net not found
2026-10-07 12:38:46.749 WARN   Wiring.write_wire_scope: net not found
2026-10-07 12:38:46.749 WARN   Wiring.write_wire_scope: net not found
2026-10-07 12:38:46.749 WARN   Wiring.write_wire_scope: net not found
2026-10-07 12:38:46.749 WARN   Wiring.write_wire_scope: net not found
2026-10-07 12:38:46.749 WARN   Wiring.write_wire_scope: net not found
2026-10-07 12:38:46.749 WARN   Wiring.write_wire_scope: net not found
2026-10-07 12:38:46.749 WARN   Wiring.write_wire_scope: net not found
2026-10-07 12:38:46.749 WARN   Wiring.write_wire_scope: net not found
2026-10-07 12:38:46.749 WARN   Wiring.write_wire_scope: net not found
2026-10-07 12:38:46.749 WARN   Wiring.write_wire_scope: net not found
2026-10-07 12:38:46.749 WARN   Wiring.write_wire_scope: net not found
2026-10-07 12:38:46.749 WARN   Wiring.write_wire_scope: net not found
2026-10-07 12:38:46.749 WARN   Wiring.write_wire_scope: net not found
2026-10-07 12:38:46.749 WARN   Wiring.write_wire_scope: net not found
2026-10-07 12:38:46.749 WARN   Wiring.write_wire_scope: net not found
2026-10-07 12:38:46.749 WARN   Wiring.write_wire_scope: net not found
2026-10-07 12:38:47.218 WARN   Wiring.write_wire_scope: net not found
2026-10-07 12:38:47.218 WARN   Wiring.write_wire_scope: net not found
2026-10-07 12:38:47.218 WARN   Wiring.write_wire_scope: net not found
2026-10-07 12:38:47.218 WARN   Wiring.write_wire_scope: net not found
2026-10-07 12:38:47.218 WARN   Wiring.write_wire_scope: net not found
2026-10-07 12:38:47.218 WARN   Wiring.write_wire_scope: net not found
2026-10-07 12:38:47.218 WARN   Wiring.write_wire_scope: net not found
2026-10-07 12:38:47.218 WARN   Wiring.write_wire_scope: net not found
2026-10-07 12:38:47.218 WARN   Wiring.write_wire_scope: net not found
2026-10-07 12:38:47.218 WARN   Wiring.write_wire_scope: net not found
2026-10-07 12:38:47.218 WARN   Wiring.write_wire_scope: net not found
2026-10-07 12:38:47.218 WARN   Wiring.write_wire_scope: net not found
2026-10-07 12:38:47.218 WARN   Wiring.write_wire_scope: net not found
2026-10-07 12:38:47.218 WARN   Wiring.write_wire_scope: net not found
2026-10-07 12:38:47.218 WARN   Wiring.write_wire_scope: net not found
2026-10-07 12:38:47.218 WARN   Wiring.write_wire_scope: net not found
2026-10-07 12:38:47.218 WARN   Wiring.write_wire_scope: net not found
2026-10-07 12:38:47.218 WARN   Wiring.write_wire_scope: net not found
2026-10-07 12:38:47.218 WARN   Wiring.write_wire_scope: net not found
2026-10-07 12:38:47.218 WARN   Wiring.write_wire_scope: net not found
2026-10-07 12:38:47.218 WARN   Wiring.write_wire_scope: net not found
2026-10-07 12:38:47.218 WARN   Wiring.write_wire_scope: net not found
2026-10-07 12:38:47.218 WARN   Wiring.write_wire_scope: net not found
2026-10-07 12:38:47.218 WARN   Wiring.write_wire_scope: net not found
2026-10-07 12:38:47.218 WARN   Wiring.write_wire_scope: net not found
2026-10-07 12:38:47.218 WARN   Wiring.write_wire_scope: net not found
2026-10-07 12:38:47.218 WARN   Wiring.write_wire_scope: net not found
2026-10-07 12:38:47.218 WARN   Wiring.write_wire_scope: net not found
2026-10-07 12:38:47.218 WARN   Wiring.write_wire_scope: net not found
2026-10-07 12:38:47.218 WARN   Wiring.write_wire_scope: net not found
2026-10-07 12:38:47.218 WARN   Wiring.write_wire_scope: net not found
2026-10-07 12:38:47.218 WARN   Wiring.write_wire_scope: net not found
2026-10-07 12:38:47.218 WARN   Wiring.write_wire_scope: net not found
2026-10-07 12:38:47.218 WARN   Wiring.write_wire_scope: net not found
2026-10-07 12:38:47.218 WARN   Wiring.write_wire_scope: net not found
2026-10-07 12:38:47.218 WARN   Wiring.write_wire_scope: net not found
2026-10-07 12:38:47.218 WARN   Wiring.write_wire_scope: net not found
2026-10-07 12:38:47.218 WARN   Wiring.write_wire_scope: net not found
2026-10-07 12:38:47.218 WARN   Wiring.write_wire_scope: net not found
2026-10-07 12:38:47.218 WARN   Wiring.write_wire_scope: net not found
2026-10-07 12:38:47.218 WARN   Wiring.write_wire_scope: net not found
2026-10-07 12:38:47.218 WARN   Wiring.write_wire_scope: net not found
2026-10-07 12:38:47.218 WARN   Wiring.write_wire_scope: net not found
2026-10-07 12:38:47.218 WARN   Wiring.write_wire_scope: net not found
2026-10-07 12:38:47.218 WARN   Wiring.write_wire_scope: net not found
2026-10-07 12:38:47.218 WARN   Wiring.write_wire_scope: net not found
2026-10-07 12:38:47.218 WARN   Wiring.write_wire_scope: net not found
2026-10-07 12:38:47.218 WARN   Wiring.write_wire_scope: net not found
2026-10-07 12:38:47.218 WARN   Wiring.write_wire_scope: net not found
2026-10-07 12:38:47.218 WARN   Wiring.write_wire_scope: net not found
2026-10-07 12:38:47.218 WARN   Wiring.write_wire_scope: net not found
2026-10-07 12:38:47.218 WARN   Wiring.write_wire_scope: net not found
2026-10-07 12:38:47.218 WARN   Wiring.write_wire_scope: net not found
2026-10-07 12:38:47.218 WARN   Wiring.write_wire_scope: net not found
2026-10-07 12:38:47.218 WARN   Wiring.write_wire_scope: net not found
2026-10-07 12:38:47.218 WARN   Wiring.write_wire_scope: net not found
2026-10-07 12:38:47.218 WARN   Wiring.write_wire_scope: net not found
2026-10-07 12:38:47.218 WARN   Wiring.write_wire_scope: net not found
2026-10-07 12:38:47.218 WARN   Wiring.write_wire_scope: net not found
2026-10-07 12:38:47.218 WARN   Wiring.write_wire_scope: net not found
2026-10-07 12:38:47.218 WARN   Wiring.write_wire_scope: net not found
2026-10-07 12:38:47.218 WARN   Wiring.write_wire_scope: net not found
2026-10-07 12:38:47.218 WARN   Wiring.write_wire_scope: net not found
2026-10-07 12:38:47.218 WARN   Wiring.write_wire_scope: net not found
2026-10-07 12:38:47.218 WARN   Wiring.write_wire_scope: net not found
2026-10-07 12:38:47.219 WARN   Wiring.write_wire_scope: net not found
2026-10-07 12:38:47.219 WARN   Wiring.write_wire_scope: net not found
2026-10-07 12:38:47.219 WARN   Wiring.write_wire_scope: net not found
2026-10-07 12:38:47.873 WARN   Wiring.write_wire_scope: net not found
2026-10-07 12:38:47.873 WARN   Wiring.write_wire_scope: net not found
2026-10-07 12:38:47.873 WARN   Wiring.write_wire_scope: net not found
2026-10-07 12:38:47.873 WARN   Wiring.write_wire_scope: net not found
2026-10-07 12:38:47.873 WARN   Wiring.write_wire_scope: net not found
2026-10-07 12:38:47.873 WARN   Wiring.write_wire_scope: net not found
2026-10-07 12:38:47.873 WARN   Wiring.write_wire_scope: net not found
2026-10-07 12:38:47.873 WARN   Wiring.write_wire_scope: net not found
2026-10-07 12:38:47.873 WARN   Wiring.write_wire_scope: net not found
2026-10-07 12:38:47.873 WARN   Wiring.write_wire_scope: net not found
2026-10-07 12:38:47.873 WARN   Wiring.write_wire_scope: net not found
2026-10-07 12:38:47.873 WARN   Wiring.write_wire_scope: net not found
2026-10-07 12:38:47.873 WARN   Wiring.write_wire_scope: net not found
2026-10-07 12:38:47.873 WARN   Wiring.write_wire_scope: net not found
2026-10-07 12:38:47.873 WARN   Wiring.write_wire_scope: net not found
2026-10-07 12:38:47.873 WARN   Wiring.write_wire_scope: net not found
2026-10-07 12:38:47.873 WARN   Wiring.write_wire_scope: net not found
2026-10-07 12:38:47.873 WARN   Wiring.write_wire_scope: net not found
2026-10-07 12:38:47.873 WARN   Wiring.write_wire_scope: net not found
2026-10-07 12:38:47.873 WARN   Wiring.write_wire_scope: net not found
2026-10-07 12:38:47.873 WARN   Wiring.write_wire_scope: net not found
2026-10-07 12:38:47.873 WARN   Wiring.write_wire_scope: net not found
2026-10-07 12:38:47.873 WARN   Wiring.write_wire_scope: net not found
2026-10-07 12:38:47.873 WARN   Wiring.write_wire_scope: net not found
2026-10-07 12:38:47.873 WARN   Wiring.write_wire_scope: net not found
2026-10-07 12:38:47.873 WARN   Wiring.write_wire_scope: net not found
2026-10-07 12:38:47.873 WARN   Wiring.write_wire_scope: net not found
2026-10-07 12:38:47.873 WARN   Wiring.write_wire_scope: net not found
2026-10-07 12:38:47.873 WARN   Wiring.write_wire_scope: net not found
2026-10-07 12:38:47.873 WARN   Wiring.write_wire_scope: net not found
2026-10-07 12:38:47.874 WARN   Wiring.write_wire_scope: net not found
2026-10-07 12:38:47.874 WARN   Wiring.write_wire_scope: net not found
2026-10-07 12:38:47.874 WARN   Wiring.write_wire_scope: net not found
2026-10-07 12:38:47.874 WARN   Wiring.write_wire_scope: net not found
2026-10-07 12:38:47.874 WARN   Wiring.write_wire_scope: net not found
2026-10-07 12:38:47.874 WARN   Wiring.write_wire_scope: net not found
2026-10-07 12:38:47.874 WARN   Wiring.write_wire_scope: net not found
2026-10-07 12:38:47.874 WARN   Wiring.write_wire_scope: net not found
2026-10-07 12:38:47.874 WARN   Wiring.write_wire_scope: net not found
2026-10-07 12:38:47.874 WARN   Wiring.write_wire_scope: net not found
2026-10-07 12:38:47.874 WARN   Wiring.write_wire_scope: net not found
2026-10-07 12:38:47.874 WARN   Wiring.write_wire_scope: net not found
2026-10-07 12:38:47.874 WARN   Wiring.write_wire_scope: net not found
2026-10-07 12:38:47.874 WARN   Wiring.write_wire_scope: net not found
2026-10-07 12:38:47.874 WARN   Wiring.write_wire_scope: net not found
2026-10-07 12:38:47.874 WARN   Wiring.write_wire_scope: net not found
2026-10-07 12:38:47.874 WARN   Wiring.write_wire_scope: net not found
2026-10-07 12:38:47.874 WARN   Wiring.write_wire_scope: net not found
2026-10-07 12:38:47.874 WARN   Wiring.write_wire_scope: net not found
2026-10-07 12:38:47.874 WARN   Wiring.write_wire_scope: net not found
2026-10-07 12:38:47.874 WARN   Wiring.write_wire_scope: net not found
2026-10-07 12:38:47.874 WARN   Wiring.write_wire_scope: net not found
2026-10-07 12:38:47.874 WARN   Wiring.write_wire_scope: net not found
2026-10-07 12:38:47.874 WARN   Wiring.write_wire_scope: net not found
2026-10-07 12:38:47.874 WARN   Wiring.write_wire_scope: net not found
2026-10-07 12:38:47.874 WARN   Wiring.write_wire_scope: net not found
2026-10-07 12:38:47.874 WARN   Wiring.write_wire_scope: net not found
2026-10-07 12:38:47.874 WARN   Wiring.write_wire_scope: net not found
2026-10-07 12:38:47.874 WARN   Wiring.write_wire_scope: net not found
2026-10-07 12:38:47.874 WARN   Wiring.write_wire_scope: net not found
2026-10-07 12:38:47.874 WARN   Wiring.write_wire_scope: net not found
2026-10-07 12:38:47.874 WARN   Wiring.write_wire_scope: net not found
2026-10-07 12:38:47.874 WARN   Wiring.write_wire_scope: net not found
2026-10-07 12:38:47.874 WARN   Wiring.write_wire_scope: net not found
2026-10-07 12:38:47.874 WARN   Wiring.write_wire_scope: net not found
2026-10-07 12:38:47.874 WARN   Wiring.write_wire_scope: net not found
2026-10-07 12:38:47.874 WARN   Wiring.write_wire_scope: net not found
2026-10-07 12:38:47.874 WARN   Wiring.write_wire_scope: net not found
2026-10-07 12:38:48.416 WARN   Wiring.write_wire_scope: net not found
2026-10-07 12:38:48.416 WARN   Wiring.write_wire_scope: net not found
2026-10-07 12:38:48.416 WARN   Wiring.write_wire_scope: net not found
2026-10-07 12:38:48.416 WARN   Wiring.write_wire_scope: net not found
2026-10-07 12:38:48.416 WARN   Wiring.write_wire_scope: net not found
2026-10-07 12:38:48.416 WARN   Wiring.write_wire_scope: net not found
2026-10-07 12:38:48.416 WARN   Wiring.write_wire_scope: net not found
2026-10-07 12:38:48.416 WARN   Wiring.write_wire_scope: net not found
2026-10-07 12:38:48.416 WARN   Wiring.write_wire_scope: net not found
2026-10-07 12:38:48.416 WARN   Wiring.write_wire_scope: net not found
2026-10-07 12:38:48.416 WARN   Wiring.write_wire_scope: net not found
2026-10-07 12:38:48.416 WARN   Wiring.write_wire_scope: net not found
2026-10-07 12:38:48.416 WARN   Wiring.write_wire_scope: net not found
2026-10-07 12:38:48.416 WARN   Wiring.write_wire_scope: net not found
2026-10-07 12:38:48.416 WARN   Wiring.write_wire_scope: net not found
2026-10-07 12:38:48.416 WARN   Wiring.write_wire_scope: net not found
2026-10-07 12:38:48.416 WARN   Wiring.write_wire_scope: net not found
2026-10-07 12:38:48.416 WARN   Wiring.write_wire_scope: net not found
2026-10-07 12:38:48.416 WARN   Wiring.write_wire_scope: net not found
2026-10-07 12:38:48.416 WARN   Wiring.write_wire_scope: net not found
2026-10-07 12:38:48.416 WARN   Wiring.write_wire_scope: net not found
2026-10-07 12:38:48.416 WARN   Wiring.write_wire_scope: net not found
2026-10-07 12:38:48.416 WARN   Wiring.write_wire_scope: net not found
2026-10-07 12:38:48.416 WARN   Wiring.write_wire_scope: net not found
2026-10-07 12:38:48.416 WARN   Wiring.write_wire_scope: net not found
2026-10-07 12:38:48.416 WARN   Wiring.write_wire_scope: net not found
2026-10-07 12:38:48.417 WARN   Wiring.write_wire_scope: net not found
2026-10-07 12:38:48.417 WARN   Wiring.write_wire_scope: net not found
2026-10-07 12:38:48.417 WARN   Wiring.write_wire_scope: net not found
2026-10-07 12:38:48.417 WARN   Wiring.write_wire_scope: net not found
2026-10-07 12:38:48.417 WARN   Wiring.write_wire_scope: net not found
2026-10-07 12:38:48.417 WARN   Wiring.write_wire_scope: net not found
2026-10-07 12:38:48.417 WARN   Wiring.write_wire_scope: net not found
2026-10-07 12:38:48.417 WARN   Wiring.write_wire_scope: net not found
2026-10-07 12:38:48.417 WARN   Wiring.write_wire_scope: net not found
2026-10-07 12:38:48.417 WARN   Wiring.write_wire_scope: net not found
2026-10-07 12:38:48.417 WARN   Wiring.write_wire_scope: net not found
2026-10-07 12:38:48.417 WARN   Wiring.write_wire_scope: net not found
2026-10-07 12:38:48.417 WARN   Wiring.write_wire_scope: net not found
2026-10-07 12:38:48.417 WARN   Wiring.write_wire_scope: net not found
2026-10-07 12:38:48.417 WARN   Wiring.write_wire_scope: net not found
2026-10-07 12:38:48.417 WARN   Wiring.write_wire_scope: net not found
2026-10-07 12:38:48.417 WARN   Wiring.write_wire_scope: net not found
2026-10-07 12:38:48.417 WARN   Wiring.write_wire_scope: net not found
2026-10-07 12:38:48.417 WARN   Wiring.write_wire_scope: net not found
2026-10-07 12:38:48.417 WARN   Wiring.write_wire_scope: net not found
2026-10-07 12:38:48.417 WARN   Wiring.write_wire_scope: net not found
2026-10-07 12:38:48.417 WARN   Wiring.write_wire_scope: net not found
2026-10-07 12:38:48.417 WARN   Wiring.write_wire_scope: net not found
2026-10-07 12:38:48.417 WARN   Wiring.write_wire_scope: net not found
2026-10-07 12:38:48.417 WARN   Wiring.write_wire_scope: net not found
2026-10-07 12:38:48.417 WARN   Wiring.write_wire_scope: net not found
2026-10-07 12:38:48.417 WARN   Wiring.write_wire_scope: net not found
2026-10-07 12:38:48.417 WARN   Wiring.write_wire_scope: net not found
2026-10-07 12:38:48.417 WARN   Wiring.write_wire_scope: net not found
2026-10-07 12:38:48.417 WARN   Wiring.write_wire_scope: net not found
2026-10-07 12:38:48.417 WARN   Wiring.write_wire_scope: net not found
2026-10-07 12:38:48.417 WARN   Wiring.write_wire_scope: net not found
2026-10-07 12:38:48.417 WARN   Wiring.write_wire_scope: net not found
2026-10-07 12:38:48.417 WARN   Wiring.write_wire_scope: net not found
2026-10-07 12:38:48.417 WARN   Wiring.write_wire_scope: net not found
2026-10-07 12:38:48.417 WARN   Wiring.write_wire_scope: net not found
2026-10-07 12:38:48.417 WARN   Wiring.write_wire_scope: net not found
2026-10-07 12:38:48.417 WARN   Wiring.write_wire_scope: net not found
2026-10-07 12:38:48.417 WARN   Wiring.write_wire_scope: net not found
2026-10-07 12:38:48.417 WARN   Wiring.write_wire_scope: net not found
2026-10-07 12:38:48.417 WARN   Wiring.write_wire_scope: net not found
2026-10-07 12:38:48.417 WARN   Wiring.write_wire_scope: net not found
2026-10-07 12:38:48.571 WARN   Wiring.write_wire_scope: net not found
2026-10-07 12:38:48.571 WARN   Wiring.write_wire_scope: net not found
2026-10-07 12:38:48.571 WARN   Wiring.write_wire_scope: net not found
2026-10-07 12:38:48.571 WARN   Wiring.write_wire_scope: net not found
2026-10-07 12:38:48.571 WARN   Wiring.write_wire_scope: net not found
2026-10-07 12:38:48.571 WARN   Wiring.write_wire_scope: net not found
2026-10-07 12:38:48.571 WARN   Wiring.write_wire_scope: net not found
2026-10-07 12:38:48.571 WARN   Wiring.write_wire_scope: net not found
2026-10-07 12:38:48.571 WARN   Wiring.write_wire_scope: net not found
2026-10-07 12:38:48.571 WARN   Wiring.write_wire_scope: net not found
2026-10-07 12:38:48.571 WARN   Wiring.write_wire_scope: net not found
2026-10-07 12:38:48.571 WARN   Wiring.write_wire_scope: net not found
2026-10-07 12:38:48.571 WARN   Wiring.write_wire_scope: net not found
2026-10-07 12:38:48.571 WARN   Wiring.write_wire_scope: net not found
2026-10-07 12:38:48.571 WARN   Wiring.write_wire_scope: net not found
2026-10-07 12:38:48.571 WARN   Wiring.write_wire_scope: net not found
2026-10-07 12:38:48.571 WARN   Wiring.write_wire_scope: net not found
2026-10-07 12:38:48.571 WARN   Wiring.write_wire_scope: net not found
2026-10-07 12:38:48.571 WARN   Wiring.write_wire_scope: net not found
2026-10-07 12:38:48.571 WARN   Wiring.write_wire_scope: net not found
2026-10-07 12:38:48.571 WARN   Wiring.write_wire_scope: net not found
2026-10-07 12:38:48.571 WARN   Wiring.write_wire_scope: net not found
2026-10-07 12:38:48.571 WARN   Wiring.write_wire_scope: net not found
2026-10-07 12:38:48.571 WARN   Wiring.write_wire_scope: net not found
2026-10-07 12:38:48.571 WARN   Wiring.write_wire_scope: net not found
2026-10-07 12:38:48.571 WARN   Wiring.write_wire_scope: net not found
2026-10-07 12:38:48.571 WARN   Wiring.write_wire_scope: net not found
2026-10-07 12:38:48.571 WARN   Wiring.write_wire_scope: net not found
2026-10-07 12:38:48.571 WARN   Wiring.write_wire_scope: net not found
2026-10-07 12:38:48.571 WARN   Wiring.write_wire_scope: net not found
2026-10-07 12:38:48.571 WARN   Wiring.write_wire_scope: net not found
2026-10-07 12:38:48.571 WARN   Wiring.write_wire_scope: net not found
2026-10-07 12:38:48.571 WARN   Wiring.write_wire_scope: net not found
2026-10-07 12:38:48.571 WARN   Wiring.write_wire_scope: net not found
2026-10-07 12:38:48.571 WARN   Wiring.write_wire_scope: net not found
2026-10-07 12:38:48.571 WARN   Wiring.write_wire_scope: net not found
2026-10-07 12:38:48.571 WARN   Wiring.write_wire_scope: net not found
2026-10-07 12:38:48.571 WARN   Wiring.write_wire_scope: net not found
2026-10-07 12:38:48.571 WARN   Wiring.write_wire_scope: net not found
2026-10-07 12:38:48.571 WARN   Wiring.write_wire_scope: net not found
2026-10-07 12:38:48.571 WARN   Wiring.write_wire_scope: net not found
2026-10-07 12:38:48.571 WARN   Wiring.write_wire_scope: net not found
2026-10-07 12:38:48.571 WARN   Wiring.write_wire_scope: net not found
2026-10-07 12:38:48.571 WARN   Wiring.write_wire_scope: net not found
2026-10-07 12:38:48.571 WARN   Wiring.write_wire_scope: net not found
2026-10-07 12:38:48.571 WARN   Wiring.write_wire_scope: net not found
2026-10-07 12:38:48.571 WARN   Wiring.write_wire_scope: net not found
2026-10-07 12:38:48.571 WARN   Wiring.write_wire_scope: net not found
2026-10-07 12:38:48.571 WARN   Wiring.write_wire_scope: net not found
2026-10-07 12:38:48.571 WARN   Wiring.write_wire_scope: net not found
2026-10-07 12:38:48.571 WARN   Wiring.write_wire_scope: net not found
2026-10-07 12:38:48.571 WARN   Wiring.write_wire_scope: net not found
2026-10-07 12:38:48.571 WARN   Wiring.write_wire_scope: net not found
2026-10-07 12:38:48.571 WARN   Wiring.write_wire_scope: net not found
2026-10-07 12:38:48.571 WARN   Wiring.write_wire_scope: net not found
2026-10-07 12:38:48.571 WARN   Wiring.write_wire_scope: net not found
2026-10-07 12:38:48.571 WARN   Wiring.write_wire_scope: net not found
2026-10-07 12:38:48.571 WARN   Wiring.write_wire_scope: net not found
2026-10-07 12:38:48.571 WARN   Wiring.write_wire_scope: net not found
2026-10-07 12:38:48.571 WARN   Wiring.write_wire_scope: net not found
2026-10-07 12:38:48.572 WARN   Wiring.write_wire_scope: net not found
2026-10-07 12:38:48.572 WARN   Wiring.write_wire_scope: net not found
2026-10-07 12:38:48.572 WARN   Wiring.write_wire_scope: net not found
2026-10-07 12:38:48.572 WARN   Wiring.write_wire_scope: net not found
2026-10-07 12:38:48.572 WARN   Wiring.write_wire_scope: net not found
2026-10-07 12:38:48.572 WARN   Wiring.write_wire_scope: net not found
2026-10-07 12:38:48.572 WARN   Wiring.write_wire_scope: net not found
2026-10-07 12:38:48.572 WARN   Wiring.write_wire_scope: net not found
2026-10-07 12:38:48.611 INFO   [4B1866\9D172F] Auto-routing pass #1 on board '1903e8bf33783c5d20677e37a78c4ad4' was completed in 20.32 seconds with score 558.24 (45 unrouted and 190 violations), using 22.67 CPU seconds and the job allocated 29.98 GB of memory so far.
2026-10-07 12:38:48.748 INFO   [4B1866\9D172F] Auto-routing stage completed: started with 99 unrouted nets, completed in 23.32 seconds, final score: 558.24 (45 unrouted and 190 violations), using 22.67 total CPU seconds, 29.98 GB total allocated, and 602.1 MB peak heap usage.
2026-10-07 12:38:48.794 INFO   [4B1866\9D172F] Skipping optimization stage: the board has 45 unrouted connection(s) (optimizer only runs on completely routed boards).
2026-10-07 12:38:48.824 WARN   Wiring.write_wire_scope: net not found
2026-10-07 12:38:48.824 WARN   Wiring.write_wire_scope: net not found
2026-10-07 12:38:48.824 WARN   Wiring.write_wire_scope: net not found
2026-10-07 12:38:48.824 WARN   Wiring.write_wire_scope: net not found
2026-10-07 12:38:48.824 WARN   Wiring.write_wire_scope: net not found
2026-10-07 12:38:48.824 WARN   Wiring.write_wire_scope: net not found
2026-10-07 12:38:48.824 WARN   Wiring.write_wire_scope: net not found
2026-10-07 12:38:48.824 WARN   Wiring.write_wire_scope: net not found
2026-10-07 12:38:48.824 WARN   Wiring.write_wire_scope: net not found
2026-10-07 12:38:48.824 WARN   Wiring.write_wire_scope: net not found
2026-10-07 12:38:48.824 WARN   Wiring.write_wire_scope: net not found
2026-10-07 12:38:48.824 WARN   Wiring.write_wire_scope: net not found
2026-10-07 12:38:48.824 WARN   Wiring.write_wire_scope: net not found
2026-10-07 12:38:48.824 WARN   Wiring.write_wire_scope: net not found
2026-10-07 12:38:48.824 WARN   Wiring.write_wire_scope: net not found
2026-10-07 12:38:48.824 WARN   Wiring.write_wire_scope: net not found
2026-10-07 12:38:48.824 WARN   Wiring.write_wire_scope: net not found
2026-10-07 12:38:48.824 WARN   Wiring.write_wire_scope: net not found
2026-10-07 12:38:48.824 WARN   Wiring.write_wire_scope: net not found
2026-10-07 12:38:48.824 WARN   Wiring.write_wire_scope: net not found
2026-10-07 12:38:48.824 WARN   Wiring.write_wire_scope: net not found
2026-10-07 12:38:48.824 WARN   Wiring.write_wire_scope: net not found
2026-10-07 12:38:48.824 WARN   Wiring.write_wire_scope: net not found
2026-10-07 12:38:48.824 WARN   Wiring.write_wire_scope: net not found
2026-10-07 12:38:48.824 WARN   Wiring.write_wire_scope: net not found
2026-10-07 12:38:48.824 WARN   Wiring.write_wire_scope: net not found
2026-10-07 12:38:48.825 WARN   Wiring.write_wire_scope: net not found
2026-10-07 12:38:48.825 WARN   Wiring.write_wire_scope: net not found
2026-10-07 12:38:48.825 WARN   Wiring.write_wire_scope: net not found
2026-10-07 12:38:48.825 WARN   Wiring.write_wire_scope: net not found
2026-10-07 12:38:48.825 WARN   Wiring.write_wire_scope: net not found
2026-10-07 12:38:48.825 WARN   Wiring.write_wire_scope: net not found
2026-10-07 12:38:48.825 WARN   Wiring.write_wire_scope: net not found
2026-10-07 12:38:48.825 WARN   Wiring.write_wire_scope: net not found
2026-10-07 12:38:48.825 WARN   Wiring.write_wire_scope: net not found
2026-10-07 12:38:48.825 WARN   Wiring.write_wire_scope: net not found
2026-10-07 12:38:48.825 WARN   Wiring.write_wire_scope: net not found
2026-10-07 12:38:48.825 WARN   Wiring.write_wire_scope: net not found
2026-10-07 12:38:48.825 WARN   Wiring.write_wire_scope: net not found
2026-10-07 12:38:48.825 WARN   Wiring.write_wire_scope: net not found
2026-10-07 12:38:48.825 WARN   Wiring.write_wire_scope: net not found
2026-10-07 12:38:48.825 WARN   Wiring.write_wire_scope: net not found
2026-10-07 12:38:48.825 WARN   Wiring.write_wire_scope: net not found
2026-10-07 12:38:48.825 WARN   Wiring.write_wire_scope: net not found
2026-10-07 12:38:48.825 WARN   Wiring.write_wire_scope: net not found
2026-10-07 12:38:48.825 WARN   Wiring.write_wire_scope: net not found
2026-10-07 12:38:48.825 WARN   Wiring.write_wire_scope: net not found
2026-10-07 12:38:48.825 WARN   Wiring.write_wire_scope: net not found
2026-10-07 12:38:48.825 WARN   Wiring.write_wire_scope: net not found
2026-10-07 12:38:48.825 WARN   Wiring.write_wire_scope: net not found
2026-10-07 12:38:48.825 WARN   Wiring.write_wire_scope: net not found
2026-10-07 12:38:48.825 WARN   Wiring.write_wire_scope: net not found
2026-10-07 12:38:48.825 WARN   Wiring.write_wire_scope: net not found
2026-10-07 12:38:48.825 WARN   Wiring.write_wire_scope: net not found
2026-10-07 12:38:48.825 WARN   Wiring.write_wire_scope: net not found
2026-10-07 12:38:48.825 WARN   Wiring.write_wire_scope: net not found
2026-10-07 12:38:48.825 WARN   Wiring.write_wire_scope: net not found
2026-10-07 12:38:48.825 WARN   Wiring.write_wire_scope: net not found
2026-10-07 12:38:48.825 WARN   Wiring.write_wire_scope: net not found
2026-10-07 12:38:48.825 WARN   Wiring.write_wire_scope: net not found
2026-10-07 12:38:48.825 WARN   Wiring.write_wire_scope: net not found
2026-10-07 12:38:48.825 WARN   Wiring.write_wire_scope: net not found
2026-10-07 12:38:48.825 WARN   Wiring.write_wire_scope: net not found
2026-10-07 12:38:48.825 WARN   Wiring.write_wire_scope: net not found
2026-10-07 12:38:48.825 WARN   Wiring.write_wire_scope: net not found
2026-10-07 12:38:48.825 WARN   Wiring.write_wire_scope: net not found
2026-10-07 12:38:48.825 WARN   Wiring.write_wire_scope: net not found
2026-10-07 12:38:48.825 WARN   Wiring.write_wire_scope: net not found
2026-10-07 12:38:48.827 INFO   [4B1866\9D172F] Job '4B1866\9D172F' finished with state: COMPLETED (elapsed: 23.63 seconds, finished at UTC: 2026-10-07T01:38:48.826470755Z).
2026-10-07 12:38:48.846 INFO   Saving output file '/home/chithi/Desktop/DesktopSpeaker/ai-files/pcb/work-p1/B3-c4.ses' (SES)...
2026-10-07 12:38:48.847 INFO   Successfully saved output file '/home/chithi/Desktop/DesktopSpeaker/ai-files/pcb/work-p1/B3-c4.ses' (94476 bytes).
