2026-10-07 02:04:03.273 INFO   Freerouting v2.5.0 (build-date: 2026-10-05)
2026-10-07 02:04:03.539 INFO   Hardware: 24 CPU cores, 592 CPU score, 16056 MB RAM
2026-10-07 02:04:03.539 WARN   Deprecated settings path '-mp / --router.max_passes'; use '--router.autorouter.max_passes' instead. The old path will be removed in a future release.
2026-10-07 02:04:03.540 WARN   Couldn't get screen resolution. If you are running in a headless environment, disable the GUI by setting gui.enabled to false.
2026-10-07 02:04:04.564 WARN   Deprecated settings path 'router.max_passes'; use 'router.autorouter.max_passes' instead. The old path will be removed in a future release.
2026-10-07 02:04:04.823 INFO   [596E10\3E9B66] Loading board file 'C1-c2.dsn'...
2026-10-07 02:04:04.955 WARN   Wiring: via net '/PD_PLUG_EVENT' not found at '/PD_PLUG_EVENT'
2026-10-07 02:04:04.956 WARN   Wiring: via net '/BT_MFB' not found at '/BT_MFB'
2026-10-07 02:04:04.956 WARN   Wiring: via net '/BT_MFB' not found at '/BT_MFB'
2026-10-07 02:04:04.956 WARN   Wiring: via net '/BT_RST_N' not found at '/BT_RST_N'
2026-10-07 02:04:04.956 WARN   Wiring: via net '/BT_RST_N' not found at '/BT_RST_N'
2026-10-07 02:04:04.956 WARN   Wiring: via net 'Net-(U25-FSW)' not found at 'Net-(U25-FSW)'
2026-10-07 02:04:04.957 WARN   Wiring: via net 'Net-(U25-FSW)' not found at 'Net-(U25-FSW)'
2026-10-07 02:04:04.959 WARN   DSN file 'C1-c2.dsn' was loaded with 7 warning(s).
2026-10-07 02:04:05.031 INFO   [596E10\3E9B66] Job '596E10\3E9B66' started at 2026-10-06T15:04:05.030931052Z.
2026-10-07 02:04:05.095 WARN   Wiring.write_wire_scope: net not found
2026-10-07 02:04:05.095 WARN   Wiring.write_wire_scope: net not found
2026-10-07 02:04:05.095 WARN   Wiring.write_wire_scope: net not found
2026-10-07 02:04:05.095 WARN   Wiring.write_wire_scope: net not found
2026-10-07 02:04:05.095 WARN   Wiring.write_wire_scope: net not found
2026-10-07 02:04:05.095 WARN   Wiring.write_wire_scope: net not found
2026-10-07 02:04:05.095 WARN   Wiring.write_wire_scope: net not found
2026-10-07 02:04:05.095 WARN   Wiring.write_wire_scope: net not found
2026-10-07 02:04:05.095 WARN   Wiring.write_wire_scope: net not found
2026-10-07 02:04:05.095 WARN   Wiring.write_wire_scope: net not found
2026-10-07 02:04:05.096 WARN   Wiring.write_wire_scope: net not found
2026-10-07 02:04:05.096 WARN   Wiring.write_wire_scope: net not found
2026-10-07 02:04:05.096 WARN   Wiring.write_wire_scope: net not found
2026-10-07 02:04:05.096 WARN   Wiring.write_wire_scope: net not found
2026-10-07 02:04:05.096 WARN   Wiring.write_wire_scope: net not found
2026-10-07 02:04:05.096 WARN   Wiring.write_wire_scope: net not found
2026-10-07 02:04:05.096 WARN   Wiring.write_wire_scope: net not found
2026-10-07 02:04:05.096 WARN   Wiring.write_wire_scope: net not found
2026-10-07 02:04:05.096 WARN   Wiring.write_wire_scope: net not found
2026-10-07 02:04:05.096 WARN   Wiring.write_wire_scope: net not found
2026-10-07 02:04:05.096 WARN   Wiring.write_wire_scope: net not found
2026-10-07 02:04:05.096 WARN   Wiring.write_wire_scope: net not found
2026-10-07 02:04:05.096 WARN   Wiring.write_wire_scope: net not found
2026-10-07 02:04:05.096 WARN   Wiring.write_wire_scope: net not found
2026-10-07 02:04:05.096 WARN   Wiring.write_wire_scope: net not found
2026-10-07 02:04:05.097 WARN   Wiring.write_wire_scope: net not found
2026-10-07 02:04:05.097 WARN   Wiring.write_wire_scope: net not found
2026-10-07 02:04:05.097 WARN   Wiring.write_wire_scope: net not found
2026-10-07 02:04:05.097 WARN   Wiring.write_wire_scope: net not found
2026-10-07 02:04:05.097 WARN   Wiring.write_wire_scope: net not found
2026-10-07 02:04:05.097 WARN   Wiring.write_wire_scope: net not found
2026-10-07 02:04:05.097 WARN   Wiring.write_wire_scope: net not found
2026-10-07 02:04:05.097 WARN   Wiring.write_wire_scope: net not found
2026-10-07 02:04:05.097 WARN   Wiring.write_wire_scope: net not found
2026-10-07 02:04:05.097 WARN   Wiring.write_wire_scope: net not found
2026-10-07 02:04:05.097 WARN   Wiring.write_wire_scope: net not found
2026-10-07 02:04:05.097 WARN   Wiring.write_wire_scope: net not found
2026-10-07 02:04:05.097 WARN   Wiring.write_wire_scope: net not found
2026-10-07 02:04:05.097 WARN   Wiring.write_wire_scope: net not found
2026-10-07 02:04:05.097 WARN   Wiring.write_wire_scope: net not found
2026-10-07 02:04:05.097 WARN   Wiring.write_wire_scope: net not found
2026-10-07 02:04:05.097 WARN   Wiring.write_wire_scope: net not found
2026-10-07 02:04:05.097 WARN   Wiring.write_wire_scope: net not found
2026-10-07 02:04:05.097 WARN   Wiring.write_wire_scope: net not found
2026-10-07 02:04:05.098 WARN   Wiring.write_wire_scope: net not found
2026-10-07 02:04:05.098 WARN   Wiring.write_wire_scope: net not found
2026-10-07 02:04:05.098 WARN   Wiring.write_wire_scope: net not found
2026-10-07 02:04:05.098 WARN   Wiring.write_wire_scope: net not found
2026-10-07 02:04:05.098 WARN   Wiring.write_wire_scope: net not found
2026-10-07 02:04:05.098 WARN   Wiring.write_wire_scope: net not found
2026-10-07 02:04:05.098 WARN   Wiring.write_wire_scope: net not found
2026-10-07 02:04:05.098 WARN   Wiring.write_wire_scope: net not found
2026-10-07 02:04:05.098 WARN   Wiring.write_wire_scope: net not found
2026-10-07 02:04:05.098 WARN   Wiring.write_wire_scope: net not found
2026-10-07 02:04:05.098 WARN   Wiring.write_wire_scope: net not found
2026-10-07 02:04:05.098 WARN   Wiring.write_wire_scope: net not found
2026-10-07 02:04:05.098 WARN   Wiring.write_wire_scope: net not found
2026-10-07 02:04:05.098 WARN   Wiring.write_wire_scope: net not found
2026-10-07 02:04:05.098 WARN   Wiring.write_wire_scope: net not found
2026-10-07 02:04:05.098 WARN   Wiring.write_wire_scope: net not found
2026-10-07 02:04:05.098 WARN   Wiring.write_wire_scope: net not found
2026-10-07 02:04:05.098 WARN   Wiring.write_wire_scope: net not found
2026-10-07 02:04:05.098 WARN   Wiring.write_wire_scope: net not found
2026-10-07 02:04:05.098 WARN   Wiring.write_wire_scope: net not found
2026-10-07 02:04:05.098 WARN   Wiring.write_wire_scope: net not found
2026-10-07 02:04:05.098 WARN   Wiring.write_wire_scope: net not found
2026-10-07 02:04:05.098 WARN   Wiring.write_wire_scope: net not found
2026-10-07 02:04:05.098 WARN   Wiring.write_wire_scope: net not found
2026-10-07 02:04:05.098 WARN   Wiring.write_wire_scope: net not found
2026-10-07 02:04:05.099 WARN   Wiring.write_wire_scope: net not found
2026-10-07 02:04:05.099 WARN   Wiring.write_wire_scope: net not found
2026-10-07 02:04:05.099 WARN   Wiring.write_wire_scope: net not found
2026-10-07 02:04:05.099 WARN   Wiring.write_wire_scope: net not found
2026-10-07 02:04:05.099 WARN   Wiring.write_wire_scope: net not found
2026-10-07 02:04:05.099 WARN   Wiring.write_wire_scope: net not found
2026-10-07 02:04:05.099 WARN   Wiring.write_wire_scope: net not found
2026-10-07 02:04:05.099 WARN   Wiring.write_wire_scope: net not found
2026-10-07 02:04:05.099 WARN   Wiring.write_wire_scope: net not found
2026-10-07 02:04:05.099 WARN   Wiring.write_wire_scope: net not found
2026-10-07 02:04:05.099 WARN   Wiring.write_wire_scope: net not found
2026-10-07 02:04:05.099 WARN   Wiring.write_wire_scope: net not found
2026-10-07 02:04:05.099 WARN   Wiring.write_wire_scope: net not found
2026-10-07 02:04:05.099 WARN   Wiring.write_wire_scope: net not found
2026-10-07 02:04:05.099 WARN   Wiring.write_wire_scope: net not found
2026-10-07 02:04:05.099 WARN   Wiring.write_wire_scope: net not found
2026-10-07 02:04:05.099 WARN   Wiring.write_wire_scope: net not found
2026-10-07 02:04:05.148 WARN   Design Warning: Board has 172 pre-existing clearance violation(s) in the loaded design (before routing):
  - 172 unfixable violation(s) (cannot be resolved by Freerouting):
      * 10 pin-to-pin clearance violations (first 5 shown):
          - Q103.9 <-> Q103.8
          - Q103.9 <-> Q103.7
          - Q103.9 <-> Q103.6
          - Q103.9 <-> Q103.5
          - U25.21 <-> U25.20
          ... and 5 more
      * 162 fixed trace/via clearance violations (first 5 shown):
          - FixedVia#3046 <-> FixedTrace#3026
          - FixedVia#3046 <-> FixedTrace#3024
          - FixedVia#3046 <-> FixedTrace#3029 [net /SYS_RAW]
          - FixedVia#3045 <-> FixedTrace#3025
          - FixedVia#3045 <-> FixedTrace#3028 [net /SYS_RAW]
          ... and 157 more
  - 0 potentially fixable violations
Notice: Freerouting does not modify component placement, board outlines, or fixed items.
Resolving these 172 unfixable violation(s) is the responsibility of the board author in their EDA tool (e.g. KiCad).
2026-10-07 02:04:05.192 INFO   [596E10\3E9B66] Pipeline thread limits: autorouter pass is single-threaded, optimizer.max_threads=23.
2026-10-07 02:04:05.252 INFO   [596E10\3E9B66] Fanout stage started on board '6c91722267a36553a15aaad437ad61b0' with 43 of 1066 SMD pins needing fanout (0 already connected, 1023 netless).
2026-10-07 02:04:05.319 WARN   Wiring.write_wire_scope: net not found
2026-10-07 02:04:05.319 WARN   Wiring.write_wire_scope: net not found
2026-10-07 02:04:05.319 WARN   Wiring.write_wire_scope: net not found
2026-10-07 02:04:05.319 WARN   Wiring.write_wire_scope: net not found
2026-10-07 02:04:05.319 WARN   Wiring.write_wire_scope: net not found
2026-10-07 02:04:05.319 WARN   Wiring.write_wire_scope: net not found
2026-10-07 02:04:05.319 WARN   Wiring.write_wire_scope: net not found
2026-10-07 02:04:05.319 WARN   Wiring.write_wire_scope: net not found
2026-10-07 02:04:05.319 WARN   Wiring.write_wire_scope: net not found
2026-10-07 02:04:05.319 WARN   Wiring.write_wire_scope: net not found
2026-10-07 02:04:05.319 WARN   Wiring.write_wire_scope: net not found
2026-10-07 02:04:05.319 WARN   Wiring.write_wire_scope: net not found
2026-10-07 02:04:05.319 WARN   Wiring.write_wire_scope: net not found
2026-10-07 02:04:05.319 WARN   Wiring.write_wire_scope: net not found
2026-10-07 02:04:05.319 WARN   Wiring.write_wire_scope: net not found
2026-10-07 02:04:05.319 WARN   Wiring.write_wire_scope: net not found
2026-10-07 02:04:05.319 WARN   Wiring.write_wire_scope: net not found
2026-10-07 02:04:05.320 WARN   Wiring.write_wire_scope: net not found
2026-10-07 02:04:05.320 WARN   Wiring.write_wire_scope: net not found
2026-10-07 02:04:05.320 WARN   Wiring.write_wire_scope: net not found
2026-10-07 02:04:05.320 WARN   Wiring.write_wire_scope: net not found
2026-10-07 02:04:05.320 WARN   Wiring.write_wire_scope: net not found
2026-10-07 02:04:05.320 WARN   Wiring.write_wire_scope: net not found
2026-10-07 02:04:05.320 WARN   Wiring.write_wire_scope: net not found
2026-10-07 02:04:05.320 WARN   Wiring.write_wire_scope: net not found
2026-10-07 02:04:05.320 WARN   Wiring.write_wire_scope: net not found
2026-10-07 02:04:05.320 WARN   Wiring.write_wire_scope: net not found
2026-10-07 02:04:05.320 WARN   Wiring.write_wire_scope: net not found
2026-10-07 02:04:05.320 WARN   Wiring.write_wire_scope: net not found
2026-10-07 02:04:05.320 WARN   Wiring.write_wire_scope: net not found
2026-10-07 02:04:05.320 WARN   Wiring.write_wire_scope: net not found
2026-10-07 02:04:05.320 WARN   Wiring.write_wire_scope: net not found
2026-10-07 02:04:05.320 WARN   Wiring.write_wire_scope: net not found
2026-10-07 02:04:05.320 WARN   Wiring.write_wire_scope: net not found
2026-10-07 02:04:05.320 WARN   Wiring.write_wire_scope: net not found
2026-10-07 02:04:05.320 WARN   Wiring.write_wire_scope: net not found
2026-10-07 02:04:05.320 WARN   Wiring.write_wire_scope: net not found
2026-10-07 02:04:05.320 WARN   Wiring.write_wire_scope: net not found
2026-10-07 02:04:05.320 WARN   Wiring.write_wire_scope: net not found
2026-10-07 02:04:05.320 WARN   Wiring.write_wire_scope: net not found
2026-10-07 02:04:05.320 WARN   Wiring.write_wire_scope: net not found
2026-10-07 02:04:05.320 WARN   Wiring.write_wire_scope: net not found
2026-10-07 02:04:05.320 WARN   Wiring.write_wire_scope: net not found
2026-10-07 02:04:05.320 WARN   Wiring.write_wire_scope: net not found
2026-10-07 02:04:05.320 WARN   Wiring.write_wire_scope: net not found
2026-10-07 02:04:05.320 WARN   Wiring.write_wire_scope: net not found
2026-10-07 02:04:05.320 WARN   Wiring.write_wire_scope: net not found
2026-10-07 02:04:05.321 WARN   Wiring.write_wire_scope: net not found
2026-10-07 02:04:05.321 WARN   Wiring.write_wire_scope: net not found
2026-10-07 02:04:05.321 WARN   Wiring.write_wire_scope: net not found
2026-10-07 02:04:05.321 WARN   Wiring.write_wire_scope: net not found
2026-10-07 02:04:05.321 WARN   Wiring.write_wire_scope: net not found
2026-10-07 02:04:05.321 WARN   Wiring.write_wire_scope: net not found
2026-10-07 02:04:05.321 WARN   Wiring.write_wire_scope: net not found
2026-10-07 02:04:05.321 WARN   Wiring.write_wire_scope: net not found
2026-10-07 02:04:05.321 WARN   Wiring.write_wire_scope: net not found
2026-10-07 02:04:05.321 WARN   Wiring.write_wire_scope: net not found
2026-10-07 02:04:05.321 WARN   Wiring.write_wire_scope: net not found
2026-10-07 02:04:05.321 WARN   Wiring.write_wire_scope: net not found
2026-10-07 02:04:05.321 WARN   Wiring.write_wire_scope: net not found
2026-10-07 02:04:05.321 WARN   Wiring.write_wire_scope: net not found
2026-10-07 02:04:05.321 WARN   Wiring.write_wire_scope: net not found
2026-10-07 02:04:05.321 WARN   Wiring.write_wire_scope: net not found
2026-10-07 02:04:05.321 WARN   Wiring.write_wire_scope: net not found
2026-10-07 02:04:05.321 WARN   Wiring.write_wire_scope: net not found
2026-10-07 02:04:05.321 WARN   Wiring.write_wire_scope: net not found
2026-10-07 02:04:05.321 WARN   Wiring.write_wire_scope: net not found
2026-10-07 02:04:05.321 WARN   Wiring.write_wire_scope: net not found
2026-10-07 02:04:05.321 WARN   Wiring.write_wire_scope: net not found
2026-10-07 02:04:05.321 WARN   Wiring.write_wire_scope: net not found
2026-10-07 02:04:05.321 WARN   Wiring.write_wire_scope: net not found
2026-10-07 02:04:05.321 WARN   Wiring.write_wire_scope: net not found
2026-10-07 02:04:05.321 WARN   Wiring.write_wire_scope: net not found
2026-10-07 02:04:05.321 WARN   Wiring.write_wire_scope: net not found
2026-10-07 02:04:05.321 WARN   Wiring.write_wire_scope: net not found
2026-10-07 02:04:05.321 WARN   Wiring.write_wire_scope: net not found
2026-10-07 02:04:05.321 WARN   Wiring.write_wire_scope: net not found
2026-10-07 02:04:05.321 WARN   Wiring.write_wire_scope: net not found
2026-10-07 02:04:05.321 WARN   Wiring.write_wire_scope: net not found
2026-10-07 02:04:05.321 WARN   Wiring.write_wire_scope: net not found
2026-10-07 02:04:05.321 WARN   Wiring.write_wire_scope: net not found
2026-10-07 02:04:05.321 WARN   Wiring.write_wire_scope: net not found
2026-10-07 02:04:05.321 WARN   Wiring.write_wire_scope: net not found
2026-10-07 02:04:05.321 WARN   Wiring.write_wire_scope: net not found
2026-10-07 02:04:05.322 WARN   Wiring.write_wire_scope: net not found
2026-10-07 02:04:05.322 WARN   Wiring.write_wire_scope: net not found
2026-10-07 02:04:05.446 WARN   Wiring.write_wire_scope: net not found
2026-10-07 02:04:05.447 WARN   Wiring.write_wire_scope: net not found
2026-10-07 02:04:05.447 WARN   Wiring.write_wire_scope: net not found
2026-10-07 02:04:05.447 WARN   Wiring.write_wire_scope: net not found
2026-10-07 02:04:05.447 WARN   Wiring.write_wire_scope: net not found
2026-10-07 02:04:05.447 WARN   Wiring.write_wire_scope: net not found
2026-10-07 02:04:05.447 WARN   Wiring.write_wire_scope: net not found
2026-10-07 02:04:05.447 WARN   Wiring.write_wire_scope: net not found
2026-10-07 02:04:05.447 WARN   Wiring.write_wire_scope: net not found
2026-10-07 02:04:05.447 WARN   Wiring.write_wire_scope: net not found
2026-10-07 02:04:05.447 WARN   Wiring.write_wire_scope: net not found
2026-10-07 02:04:05.447 WARN   Wiring.write_wire_scope: net not found
2026-10-07 02:04:05.447 WARN   Wiring.write_wire_scope: net not found
2026-10-07 02:04:05.447 WARN   Wiring.write_wire_scope: net not found
2026-10-07 02:04:05.447 WARN   Wiring.write_wire_scope: net not found
2026-10-07 02:04:05.447 WARN   Wiring.write_wire_scope: net not found
2026-10-07 02:04:05.447 WARN   Wiring.write_wire_scope: net not found
2026-10-07 02:04:05.447 WARN   Wiring.write_wire_scope: net not found
2026-10-07 02:04:05.447 WARN   Wiring.write_wire_scope: net not found
2026-10-07 02:04:05.447 WARN   Wiring.write_wire_scope: net not found
2026-10-07 02:04:05.447 WARN   Wiring.write_wire_scope: net not found
2026-10-07 02:04:05.447 WARN   Wiring.write_wire_scope: net not found
2026-10-07 02:04:05.447 WARN   Wiring.write_wire_scope: net not found
2026-10-07 02:04:05.447 WARN   Wiring.write_wire_scope: net not found
2026-10-07 02:04:05.447 WARN   Wiring.write_wire_scope: net not found
2026-10-07 02:04:05.447 WARN   Wiring.write_wire_scope: net not found
2026-10-07 02:04:05.447 WARN   Wiring.write_wire_scope: net not found
2026-10-07 02:04:05.447 WARN   Wiring.write_wire_scope: net not found
2026-10-07 02:04:05.447 WARN   Wiring.write_wire_scope: net not found
2026-10-07 02:04:05.447 WARN   Wiring.write_wire_scope: net not found
2026-10-07 02:04:05.447 WARN   Wiring.write_wire_scope: net not found
2026-10-07 02:04:05.447 WARN   Wiring.write_wire_scope: net not found
2026-10-07 02:04:05.447 WARN   Wiring.write_wire_scope: net not found
2026-10-07 02:04:05.447 WARN   Wiring.write_wire_scope: net not found
2026-10-07 02:04:05.447 WARN   Wiring.write_wire_scope: net not found
2026-10-07 02:04:05.447 WARN   Wiring.write_wire_scope: net not found
2026-10-07 02:04:05.447 WARN   Wiring.write_wire_scope: net not found
2026-10-07 02:04:05.447 WARN   Wiring.write_wire_scope: net not found
2026-10-07 02:04:05.447 WARN   Wiring.write_wire_scope: net not found
2026-10-07 02:04:05.447 WARN   Wiring.write_wire_scope: net not found
2026-10-07 02:04:05.447 WARN   Wiring.write_wire_scope: net not found
2026-10-07 02:04:05.447 WARN   Wiring.write_wire_scope: net not found
2026-10-07 02:04:05.447 WARN   Wiring.write_wire_scope: net not found
2026-10-07 02:04:05.447 WARN   Wiring.write_wire_scope: net not found
2026-10-07 02:04:05.447 WARN   Wiring.write_wire_scope: net not found
2026-10-07 02:04:05.447 WARN   Wiring.write_wire_scope: net not found
2026-10-07 02:04:05.447 WARN   Wiring.write_wire_scope: net not found
2026-10-07 02:04:05.447 WARN   Wiring.write_wire_scope: net not found
2026-10-07 02:04:05.447 WARN   Wiring.write_wire_scope: net not found
2026-10-07 02:04:05.447 WARN   Wiring.write_wire_scope: net not found
2026-10-07 02:04:05.447 WARN   Wiring.write_wire_scope: net not found
2026-10-07 02:04:05.447 WARN   Wiring.write_wire_scope: net not found
2026-10-07 02:04:05.447 WARN   Wiring.write_wire_scope: net not found
2026-10-07 02:04:05.447 WARN   Wiring.write_wire_scope: net not found
2026-10-07 02:04:05.447 WARN   Wiring.write_wire_scope: net not found
2026-10-07 02:04:05.448 WARN   Wiring.write_wire_scope: net not found
2026-10-07 02:04:05.448 WARN   Wiring.write_wire_scope: net not found
2026-10-07 02:04:05.448 WARN   Wiring.write_wire_scope: net not found
2026-10-07 02:04:05.448 WARN   Wiring.write_wire_scope: net not found
2026-10-07 02:04:05.448 WARN   Wiring.write_wire_scope: net not found
2026-10-07 02:04:05.448 WARN   Wiring.write_wire_scope: net not found
2026-10-07 02:04:05.448 WARN   Wiring.write_wire_scope: net not found
2026-10-07 02:04:05.448 WARN   Wiring.write_wire_scope: net not found
2026-10-07 02:04:05.448 WARN   Wiring.write_wire_scope: net not found
2026-10-07 02:04:05.448 WARN   Wiring.write_wire_scope: net not found
2026-10-07 02:04:05.448 WARN   Wiring.write_wire_scope: net not found
2026-10-07 02:04:05.448 WARN   Wiring.write_wire_scope: net not found
2026-10-07 02:04:05.448 WARN   Wiring.write_wire_scope: net not found
2026-10-07 02:04:05.448 WARN   Wiring.write_wire_scope: net not found
2026-10-07 02:04:05.448 WARN   Wiring.write_wire_scope: net not found
2026-10-07 02:04:05.448 WARN   Wiring.write_wire_scope: net not found
2026-10-07 02:04:05.448 WARN   Wiring.write_wire_scope: net not found
2026-10-07 02:04:05.448 WARN   Wiring.write_wire_scope: net not found
2026-10-07 02:04:05.448 WARN   Wiring.write_wire_scope: net not found
2026-10-07 02:04:05.448 WARN   Wiring.write_wire_scope: net not found
2026-10-07 02:04:05.448 WARN   Wiring.write_wire_scope: net not found
2026-10-07 02:04:05.448 WARN   Wiring.write_wire_scope: net not found
2026-10-07 02:04:05.448 WARN   Wiring.write_wire_scope: net not found
2026-10-07 02:04:05.448 WARN   Wiring.write_wire_scope: net not found
2026-10-07 02:04:05.448 WARN   Wiring.write_wire_scope: net not found
2026-10-07 02:04:05.448 WARN   Wiring.write_wire_scope: net not found
2026-10-07 02:04:05.448 WARN   Wiring.write_wire_scope: net not found
2026-10-07 02:04:05.448 WARN   Wiring.write_wire_scope: net not found
2026-10-07 02:04:05.448 WARN   Wiring.write_wire_scope: net not found
2026-10-07 02:04:05.448 WARN   Wiring.write_wire_scope: net not found
2026-10-07 02:04:05.448 WARN   Wiring.write_wire_scope: net not found
2026-10-07 02:04:05.835 WARN   Wiring.write_wire_scope: net not found
2026-10-07 02:04:05.835 WARN   Wiring.write_wire_scope: net not found
2026-10-07 02:04:05.835 WARN   Wiring.write_wire_scope: net not found
2026-10-07 02:04:05.835 WARN   Wiring.write_wire_scope: net not found
2026-10-07 02:04:05.835 WARN   Wiring.write_wire_scope: net not found
2026-10-07 02:04:05.835 WARN   Wiring.write_wire_scope: net not found
2026-10-07 02:04:05.835 WARN   Wiring.write_wire_scope: net not found
2026-10-07 02:04:05.835 WARN   Wiring.write_wire_scope: net not found
2026-10-07 02:04:05.835 WARN   Wiring.write_wire_scope: net not found
2026-10-07 02:04:05.835 WARN   Wiring.write_wire_scope: net not found
2026-10-07 02:04:05.835 WARN   Wiring.write_wire_scope: net not found
2026-10-07 02:04:05.835 WARN   Wiring.write_wire_scope: net not found
2026-10-07 02:04:05.835 WARN   Wiring.write_wire_scope: net not found
2026-10-07 02:04:05.835 WARN   Wiring.write_wire_scope: net not found
2026-10-07 02:04:05.835 WARN   Wiring.write_wire_scope: net not found
2026-10-07 02:04:05.835 WARN   Wiring.write_wire_scope: net not found
2026-10-07 02:04:05.835 WARN   Wiring.write_wire_scope: net not found
2026-10-07 02:04:05.835 WARN   Wiring.write_wire_scope: net not found
2026-10-07 02:04:05.835 WARN   Wiring.write_wire_scope: net not found
2026-10-07 02:04:05.835 WARN   Wiring.write_wire_scope: net not found
2026-10-07 02:04:05.835 WARN   Wiring.write_wire_scope: net not found
2026-10-07 02:04:05.835 WARN   Wiring.write_wire_scope: net not found
2026-10-07 02:04:05.835 WARN   Wiring.write_wire_scope: net not found
2026-10-07 02:04:05.835 WARN   Wiring.write_wire_scope: net not found
2026-10-07 02:04:05.835 WARN   Wiring.write_wire_scope: net not found
2026-10-07 02:04:05.835 WARN   Wiring.write_wire_scope: net not found
2026-10-07 02:04:05.835 WARN   Wiring.write_wire_scope: net not found
2026-10-07 02:04:05.835 WARN   Wiring.write_wire_scope: net not found
2026-10-07 02:04:05.835 WARN   Wiring.write_wire_scope: net not found
2026-10-07 02:04:05.835 WARN   Wiring.write_wire_scope: net not found
2026-10-07 02:04:05.835 WARN   Wiring.write_wire_scope: net not found
2026-10-07 02:04:05.835 WARN   Wiring.write_wire_scope: net not found
2026-10-07 02:04:05.835 WARN   Wiring.write_wire_scope: net not found
2026-10-07 02:04:05.835 WARN   Wiring.write_wire_scope: net not found
2026-10-07 02:04:05.835 WARN   Wiring.write_wire_scope: net not found
2026-10-07 02:04:05.835 WARN   Wiring.write_wire_scope: net not found
2026-10-07 02:04:05.835 WARN   Wiring.write_wire_scope: net not found
2026-10-07 02:04:05.835 WARN   Wiring.write_wire_scope: net not found
2026-10-07 02:04:05.835 WARN   Wiring.write_wire_scope: net not found
2026-10-07 02:04:05.835 WARN   Wiring.write_wire_scope: net not found
2026-10-07 02:04:05.835 WARN   Wiring.write_wire_scope: net not found
2026-10-07 02:04:05.835 WARN   Wiring.write_wire_scope: net not found
2026-10-07 02:04:05.835 WARN   Wiring.write_wire_scope: net not found
2026-10-07 02:04:05.835 WARN   Wiring.write_wire_scope: net not found
2026-10-07 02:04:05.835 WARN   Wiring.write_wire_scope: net not found
2026-10-07 02:04:05.835 WARN   Wiring.write_wire_scope: net not found
2026-10-07 02:04:05.835 WARN   Wiring.write_wire_scope: net not found
2026-10-07 02:04:05.835 WARN   Wiring.write_wire_scope: net not found
2026-10-07 02:04:05.835 WARN   Wiring.write_wire_scope: net not found
2026-10-07 02:04:05.835 WARN   Wiring.write_wire_scope: net not found
2026-10-07 02:04:05.835 WARN   Wiring.write_wire_scope: net not found
2026-10-07 02:04:05.835 WARN   Wiring.write_wire_scope: net not found
2026-10-07 02:04:05.835 WARN   Wiring.write_wire_scope: net not found
2026-10-07 02:04:05.835 WARN   Wiring.write_wire_scope: net not found
2026-10-07 02:04:05.835 WARN   Wiring.write_wire_scope: net not found
2026-10-07 02:04:05.835 WARN   Wiring.write_wire_scope: net not found
2026-10-07 02:04:05.835 WARN   Wiring.write_wire_scope: net not found
2026-10-07 02:04:05.835 WARN   Wiring.write_wire_scope: net not found
2026-10-07 02:04:05.835 WARN   Wiring.write_wire_scope: net not found
2026-10-07 02:04:05.835 WARN   Wiring.write_wire_scope: net not found
2026-10-07 02:04:05.835 WARN   Wiring.write_wire_scope: net not found
2026-10-07 02:04:05.835 WARN   Wiring.write_wire_scope: net not found
2026-10-07 02:04:05.835 WARN   Wiring.write_wire_scope: net not found
2026-10-07 02:04:05.835 WARN   Wiring.write_wire_scope: net not found
2026-10-07 02:04:05.835 WARN   Wiring.write_wire_scope: net not found
2026-10-07 02:04:05.835 WARN   Wiring.write_wire_scope: net not found
2026-10-07 02:04:05.835 WARN   Wiring.write_wire_scope: net not found
2026-10-07 02:04:05.835 WARN   Wiring.write_wire_scope: net not found
2026-10-07 02:04:05.835 WARN   Wiring.write_wire_scope: net not found
2026-10-07 02:04:05.835 WARN   Wiring.write_wire_scope: net not found
2026-10-07 02:04:05.835 WARN   Wiring.write_wire_scope: net not found
2026-10-07 02:04:05.835 WARN   Wiring.write_wire_scope: net not found
2026-10-07 02:04:05.835 WARN   Wiring.write_wire_scope: net not found
2026-10-07 02:04:05.835 WARN   Wiring.write_wire_scope: net not found
2026-10-07 02:04:05.835 WARN   Wiring.write_wire_scope: net not found
2026-10-07 02:04:05.835 WARN   Wiring.write_wire_scope: net not found
2026-10-07 02:04:05.835 WARN   Wiring.write_wire_scope: net not found
2026-10-07 02:04:05.835 WARN   Wiring.write_wire_scope: net not found
2026-10-07 02:04:05.835 WARN   Wiring.write_wire_scope: net not found
2026-10-07 02:04:05.835 WARN   Wiring.write_wire_scope: net not found
2026-10-07 02:04:05.835 WARN   Wiring.write_wire_scope: net not found
2026-10-07 02:04:05.835 WARN   Wiring.write_wire_scope: net not found
2026-10-07 02:04:05.835 WARN   Wiring.write_wire_scope: net not found
2026-10-07 02:04:05.835 WARN   Wiring.write_wire_scope: net not found
2026-10-07 02:04:05.835 WARN   Wiring.write_wire_scope: net not found
2026-10-07 02:04:05.835 WARN   Wiring.write_wire_scope: net not found
2026-10-07 02:04:05.839 INFO   [596E10\3E9B66] Fanout pass #1 on board '432784b24ac907de3983ff111ecc8806' completed in 0.54 seconds with 13 SMD pins fanouted, 30 not routed, 0 insert errors, +0 extra vias (0 SMD pins still to check in pass, ripup costs=100).
2026-10-07 02:04:05.866 WARN   Wiring.write_wire_scope: net not found
2026-10-07 02:04:05.866 WARN   Wiring.write_wire_scope: net not found
2026-10-07 02:04:05.866 WARN   Wiring.write_wire_scope: net not found
2026-10-07 02:04:05.866 WARN   Wiring.write_wire_scope: net not found
2026-10-07 02:04:05.866 WARN   Wiring.write_wire_scope: net not found
2026-10-07 02:04:05.866 WARN   Wiring.write_wire_scope: net not found
2026-10-07 02:04:05.866 WARN   Wiring.write_wire_scope: net not found
2026-10-07 02:04:05.866 WARN   Wiring.write_wire_scope: net not found
2026-10-07 02:04:05.866 WARN   Wiring.write_wire_scope: net not found
2026-10-07 02:04:05.866 WARN   Wiring.write_wire_scope: net not found
2026-10-07 02:04:05.866 WARN   Wiring.write_wire_scope: net not found
2026-10-07 02:04:05.866 WARN   Wiring.write_wire_scope: net not found
2026-10-07 02:04:05.866 WARN   Wiring.write_wire_scope: net not found
2026-10-07 02:04:05.866 WARN   Wiring.write_wire_scope: net not found
2026-10-07 02:04:05.866 WARN   Wiring.write_wire_scope: net not found
2026-10-07 02:04:05.866 WARN   Wiring.write_wire_scope: net not found
2026-10-07 02:04:05.866 WARN   Wiring.write_wire_scope: net not found
2026-10-07 02:04:05.866 WARN   Wiring.write_wire_scope: net not found
2026-10-07 02:04:05.866 WARN   Wiring.write_wire_scope: net not found
2026-10-07 02:04:05.866 WARN   Wiring.write_wire_scope: net not found
2026-10-07 02:04:05.866 WARN   Wiring.write_wire_scope: net not found
2026-10-07 02:04:05.866 WARN   Wiring.write_wire_scope: net not found
2026-10-07 02:04:05.866 WARN   Wiring.write_wire_scope: net not found
2026-10-07 02:04:05.866 WARN   Wiring.write_wire_scope: net not found
2026-10-07 02:04:05.866 WARN   Wiring.write_wire_scope: net not found
2026-10-07 02:04:05.866 WARN   Wiring.write_wire_scope: net not found
2026-10-07 02:04:05.866 WARN   Wiring.write_wire_scope: net not found
2026-10-07 02:04:05.866 WARN   Wiring.write_wire_scope: net not found
2026-10-07 02:04:05.866 WARN   Wiring.write_wire_scope: net not found
2026-10-07 02:04:05.866 WARN   Wiring.write_wire_scope: net not found
2026-10-07 02:04:05.866 WARN   Wiring.write_wire_scope: net not found
2026-10-07 02:04:05.866 WARN   Wiring.write_wire_scope: net not found
2026-10-07 02:04:05.866 WARN   Wiring.write_wire_scope: net not found
2026-10-07 02:04:05.866 WARN   Wiring.write_wire_scope: net not found
2026-10-07 02:04:05.866 WARN   Wiring.write_wire_scope: net not found
2026-10-07 02:04:05.866 WARN   Wiring.write_wire_scope: net not found
2026-10-07 02:04:05.866 WARN   Wiring.write_wire_scope: net not found
2026-10-07 02:04:05.866 WARN   Wiring.write_wire_scope: net not found
2026-10-07 02:04:05.866 WARN   Wiring.write_wire_scope: net not found
2026-10-07 02:04:05.866 WARN   Wiring.write_wire_scope: net not found
2026-10-07 02:04:05.866 WARN   Wiring.write_wire_scope: net not found
2026-10-07 02:04:05.866 WARN   Wiring.write_wire_scope: net not found
2026-10-07 02:04:05.866 WARN   Wiring.write_wire_scope: net not found
2026-10-07 02:04:05.866 WARN   Wiring.write_wire_scope: net not found
2026-10-07 02:04:05.866 WARN   Wiring.write_wire_scope: net not found
2026-10-07 02:04:05.866 WARN   Wiring.write_wire_scope: net not found
2026-10-07 02:04:05.866 WARN   Wiring.write_wire_scope: net not found
2026-10-07 02:04:05.866 WARN   Wiring.write_wire_scope: net not found
2026-10-07 02:04:05.866 WARN   Wiring.write_wire_scope: net not found
2026-10-07 02:04:05.866 WARN   Wiring.write_wire_scope: net not found
2026-10-07 02:04:05.866 WARN   Wiring.write_wire_scope: net not found
2026-10-07 02:04:05.866 WARN   Wiring.write_wire_scope: net not found
2026-10-07 02:04:05.866 WARN   Wiring.write_wire_scope: net not found
2026-10-07 02:04:05.866 WARN   Wiring.write_wire_scope: net not found
2026-10-07 02:04:05.866 WARN   Wiring.write_wire_scope: net not found
2026-10-07 02:04:05.866 WARN   Wiring.write_wire_scope: net not found
2026-10-07 02:04:05.866 WARN   Wiring.write_wire_scope: net not found
2026-10-07 02:04:05.866 WARN   Wiring.write_wire_scope: net not found
2026-10-07 02:04:05.866 WARN   Wiring.write_wire_scope: net not found
2026-10-07 02:04:05.867 WARN   Wiring.write_wire_scope: net not found
2026-10-07 02:04:05.867 WARN   Wiring.write_wire_scope: net not found
2026-10-07 02:04:05.867 WARN   Wiring.write_wire_scope: net not found
2026-10-07 02:04:05.867 WARN   Wiring.write_wire_scope: net not found
2026-10-07 02:04:05.867 WARN   Wiring.write_wire_scope: net not found
2026-10-07 02:04:05.867 WARN   Wiring.write_wire_scope: net not found
2026-10-07 02:04:05.867 WARN   Wiring.write_wire_scope: net not found
2026-10-07 02:04:05.867 WARN   Wiring.write_wire_scope: net not found
2026-10-07 02:04:05.867 WARN   Wiring.write_wire_scope: net not found
2026-10-07 02:04:05.867 WARN   Wiring.write_wire_scope: net not found
2026-10-07 02:04:05.867 WARN   Wiring.write_wire_scope: net not found
2026-10-07 02:04:05.867 WARN   Wiring.write_wire_scope: net not found
2026-10-07 02:04:05.867 WARN   Wiring.write_wire_scope: net not found
2026-10-07 02:04:05.867 WARN   Wiring.write_wire_scope: net not found
2026-10-07 02:04:05.867 WARN   Wiring.write_wire_scope: net not found
2026-10-07 02:04:05.867 WARN   Wiring.write_wire_scope: net not found
2026-10-07 02:04:05.867 WARN   Wiring.write_wire_scope: net not found
2026-10-07 02:04:05.867 WARN   Wiring.write_wire_scope: net not found
2026-10-07 02:04:05.867 WARN   Wiring.write_wire_scope: net not found
2026-10-07 02:04:05.867 WARN   Wiring.write_wire_scope: net not found
2026-10-07 02:04:05.867 WARN   Wiring.write_wire_scope: net not found
2026-10-07 02:04:05.867 WARN   Wiring.write_wire_scope: net not found
2026-10-07 02:04:05.867 WARN   Wiring.write_wire_scope: net not found
2026-10-07 02:04:05.867 WARN   Wiring.write_wire_scope: net not found
2026-10-07 02:04:05.867 WARN   Wiring.write_wire_scope: net not found
2026-10-07 02:04:05.867 WARN   Wiring.write_wire_scope: net not found
2026-10-07 02:04:05.867 WARN   Wiring.write_wire_scope: net not found
2026-10-07 02:04:05.898 WARN   Wiring.write_wire_scope: net not found
2026-10-07 02:04:05.898 WARN   Wiring.write_wire_scope: net not found
2026-10-07 02:04:05.898 WARN   Wiring.write_wire_scope: net not found
2026-10-07 02:04:05.898 WARN   Wiring.write_wire_scope: net not found
2026-10-07 02:04:05.898 WARN   Wiring.write_wire_scope: net not found
2026-10-07 02:04:05.898 WARN   Wiring.write_wire_scope: net not found
2026-10-07 02:04:05.898 WARN   Wiring.write_wire_scope: net not found
2026-10-07 02:04:05.898 WARN   Wiring.write_wire_scope: net not found
2026-10-07 02:04:05.898 WARN   Wiring.write_wire_scope: net not found
2026-10-07 02:04:05.898 WARN   Wiring.write_wire_scope: net not found
2026-10-07 02:04:05.898 WARN   Wiring.write_wire_scope: net not found
2026-10-07 02:04:05.898 WARN   Wiring.write_wire_scope: net not found
2026-10-07 02:04:05.898 WARN   Wiring.write_wire_scope: net not found
2026-10-07 02:04:05.898 WARN   Wiring.write_wire_scope: net not found
2026-10-07 02:04:05.898 WARN   Wiring.write_wire_scope: net not found
2026-10-07 02:04:05.898 WARN   Wiring.write_wire_scope: net not found
2026-10-07 02:04:05.898 WARN   Wiring.write_wire_scope: net not found
2026-10-07 02:04:05.898 WARN   Wiring.write_wire_scope: net not found
2026-10-07 02:04:05.898 WARN   Wiring.write_wire_scope: net not found
2026-10-07 02:04:05.898 WARN   Wiring.write_wire_scope: net not found
2026-10-07 02:04:05.898 WARN   Wiring.write_wire_scope: net not found
2026-10-07 02:04:05.898 WARN   Wiring.write_wire_scope: net not found
2026-10-07 02:04:05.898 WARN   Wiring.write_wire_scope: net not found
2026-10-07 02:04:05.898 WARN   Wiring.write_wire_scope: net not found
2026-10-07 02:04:05.898 WARN   Wiring.write_wire_scope: net not found
2026-10-07 02:04:05.898 WARN   Wiring.write_wire_scope: net not found
2026-10-07 02:04:05.898 WARN   Wiring.write_wire_scope: net not found
2026-10-07 02:04:05.898 WARN   Wiring.write_wire_scope: net not found
2026-10-07 02:04:05.898 WARN   Wiring.write_wire_scope: net not found
2026-10-07 02:04:05.898 WARN   Wiring.write_wire_scope: net not found
2026-10-07 02:04:05.898 WARN   Wiring.write_wire_scope: net not found
2026-10-07 02:04:05.898 WARN   Wiring.write_wire_scope: net not found
2026-10-07 02:04:05.898 WARN   Wiring.write_wire_scope: net not found
2026-10-07 02:04:05.898 WARN   Wiring.write_wire_scope: net not found
2026-10-07 02:04:05.898 WARN   Wiring.write_wire_scope: net not found
2026-10-07 02:04:05.898 WARN   Wiring.write_wire_scope: net not found
2026-10-07 02:04:05.898 WARN   Wiring.write_wire_scope: net not found
2026-10-07 02:04:05.898 WARN   Wiring.write_wire_scope: net not found
2026-10-07 02:04:05.898 WARN   Wiring.write_wire_scope: net not found
2026-10-07 02:04:05.898 WARN   Wiring.write_wire_scope: net not found
2026-10-07 02:04:05.898 WARN   Wiring.write_wire_scope: net not found
2026-10-07 02:04:05.898 WARN   Wiring.write_wire_scope: net not found
2026-10-07 02:04:05.898 WARN   Wiring.write_wire_scope: net not found
2026-10-07 02:04:05.898 WARN   Wiring.write_wire_scope: net not found
2026-10-07 02:04:05.898 WARN   Wiring.write_wire_scope: net not found
2026-10-07 02:04:05.898 WARN   Wiring.write_wire_scope: net not found
2026-10-07 02:04:05.898 WARN   Wiring.write_wire_scope: net not found
2026-10-07 02:04:05.898 WARN   Wiring.write_wire_scope: net not found
2026-10-07 02:04:05.898 WARN   Wiring.write_wire_scope: net not found
2026-10-07 02:04:05.898 WARN   Wiring.write_wire_scope: net not found
2026-10-07 02:04:05.898 WARN   Wiring.write_wire_scope: net not found
2026-10-07 02:04:05.898 WARN   Wiring.write_wire_scope: net not found
2026-10-07 02:04:05.898 WARN   Wiring.write_wire_scope: net not found
2026-10-07 02:04:05.898 WARN   Wiring.write_wire_scope: net not found
2026-10-07 02:04:05.898 WARN   Wiring.write_wire_scope: net not found
2026-10-07 02:04:05.898 WARN   Wiring.write_wire_scope: net not found
2026-10-07 02:04:05.898 WARN   Wiring.write_wire_scope: net not found
2026-10-07 02:04:05.898 WARN   Wiring.write_wire_scope: net not found
2026-10-07 02:04:05.898 WARN   Wiring.write_wire_scope: net not found
2026-10-07 02:04:05.898 WARN   Wiring.write_wire_scope: net not found
2026-10-07 02:04:05.898 WARN   Wiring.write_wire_scope: net not found
2026-10-07 02:04:05.898 WARN   Wiring.write_wire_scope: net not found
2026-10-07 02:04:05.898 WARN   Wiring.write_wire_scope: net not found
2026-10-07 02:04:05.898 WARN   Wiring.write_wire_scope: net not found
2026-10-07 02:04:05.898 WARN   Wiring.write_wire_scope: net not found
2026-10-07 02:04:05.898 WARN   Wiring.write_wire_scope: net not found
2026-10-07 02:04:05.898 WARN   Wiring.write_wire_scope: net not found
2026-10-07 02:04:05.898 WARN   Wiring.write_wire_scope: net not found
2026-10-07 02:04:05.898 WARN   Wiring.write_wire_scope: net not found
2026-10-07 02:04:05.898 WARN   Wiring.write_wire_scope: net not found
2026-10-07 02:04:05.898 WARN   Wiring.write_wire_scope: net not found
2026-10-07 02:04:05.898 WARN   Wiring.write_wire_scope: net not found
2026-10-07 02:04:05.898 WARN   Wiring.write_wire_scope: net not found
2026-10-07 02:04:05.898 WARN   Wiring.write_wire_scope: net not found
2026-10-07 02:04:05.898 WARN   Wiring.write_wire_scope: net not found
2026-10-07 02:04:05.898 WARN   Wiring.write_wire_scope: net not found
2026-10-07 02:04:05.898 WARN   Wiring.write_wire_scope: net not found
2026-10-07 02:04:05.898 WARN   Wiring.write_wire_scope: net not found
2026-10-07 02:04:05.898 WARN   Wiring.write_wire_scope: net not found
2026-10-07 02:04:05.898 WARN   Wiring.write_wire_scope: net not found
2026-10-07 02:04:05.898 WARN   Wiring.write_wire_scope: net not found
2026-10-07 02:04:05.898 WARN   Wiring.write_wire_scope: net not found
2026-10-07 02:04:05.898 WARN   Wiring.write_wire_scope: net not found
2026-10-07 02:04:05.898 WARN   Wiring.write_wire_scope: net not found
2026-10-07 02:04:05.898 WARN   Wiring.write_wire_scope: net not found
2026-10-07 02:04:05.898 WARN   Wiring.write_wire_scope: net not found
2026-10-07 02:04:06.102 WARN   Wiring.write_wire_scope: net not found
2026-10-07 02:04:06.102 WARN   Wiring.write_wire_scope: net not found
2026-10-07 02:04:06.102 WARN   Wiring.write_wire_scope: net not found
2026-10-07 02:04:06.102 WARN   Wiring.write_wire_scope: net not found
2026-10-07 02:04:06.102 WARN   Wiring.write_wire_scope: net not found
2026-10-07 02:04:06.102 WARN   Wiring.write_wire_scope: net not found
2026-10-07 02:04:06.102 WARN   Wiring.write_wire_scope: net not found
2026-10-07 02:04:06.102 WARN   Wiring.write_wire_scope: net not found
2026-10-07 02:04:06.102 WARN   Wiring.write_wire_scope: net not found
2026-10-07 02:04:06.102 WARN   Wiring.write_wire_scope: net not found
2026-10-07 02:04:06.102 WARN   Wiring.write_wire_scope: net not found
2026-10-07 02:04:06.102 WARN   Wiring.write_wire_scope: net not found
2026-10-07 02:04:06.102 WARN   Wiring.write_wire_scope: net not found
2026-10-07 02:04:06.102 WARN   Wiring.write_wire_scope: net not found
2026-10-07 02:04:06.102 WARN   Wiring.write_wire_scope: net not found
2026-10-07 02:04:06.102 WARN   Wiring.write_wire_scope: net not found
2026-10-07 02:04:06.102 WARN   Wiring.write_wire_scope: net not found
2026-10-07 02:04:06.102 WARN   Wiring.write_wire_scope: net not found
2026-10-07 02:04:06.102 WARN   Wiring.write_wire_scope: net not found
2026-10-07 02:04:06.102 WARN   Wiring.write_wire_scope: net not found
2026-10-07 02:04:06.102 WARN   Wiring.write_wire_scope: net not found
2026-10-07 02:04:06.102 WARN   Wiring.write_wire_scope: net not found
2026-10-07 02:04:06.102 WARN   Wiring.write_wire_scope: net not found
2026-10-07 02:04:06.102 WARN   Wiring.write_wire_scope: net not found
2026-10-07 02:04:06.102 WARN   Wiring.write_wire_scope: net not found
2026-10-07 02:04:06.102 WARN   Wiring.write_wire_scope: net not found
2026-10-07 02:04:06.102 WARN   Wiring.write_wire_scope: net not found
2026-10-07 02:04:06.102 WARN   Wiring.write_wire_scope: net not found
2026-10-07 02:04:06.102 WARN   Wiring.write_wire_scope: net not found
2026-10-07 02:04:06.102 WARN   Wiring.write_wire_scope: net not found
2026-10-07 02:04:06.102 WARN   Wiring.write_wire_scope: net not found
2026-10-07 02:04:06.102 WARN   Wiring.write_wire_scope: net not found
2026-10-07 02:04:06.102 WARN   Wiring.write_wire_scope: net not found
2026-10-07 02:04:06.102 WARN   Wiring.write_wire_scope: net not found
2026-10-07 02:04:06.102 WARN   Wiring.write_wire_scope: net not found
2026-10-07 02:04:06.102 WARN   Wiring.write_wire_scope: net not found
2026-10-07 02:04:06.102 WARN   Wiring.write_wire_scope: net not found
2026-10-07 02:04:06.102 WARN   Wiring.write_wire_scope: net not found
2026-10-07 02:04:06.102 WARN   Wiring.write_wire_scope: net not found
2026-10-07 02:04:06.102 WARN   Wiring.write_wire_scope: net not found
2026-10-07 02:04:06.102 WARN   Wiring.write_wire_scope: net not found
2026-10-07 02:04:06.102 WARN   Wiring.write_wire_scope: net not found
2026-10-07 02:04:06.102 WARN   Wiring.write_wire_scope: net not found
2026-10-07 02:04:06.102 WARN   Wiring.write_wire_scope: net not found
2026-10-07 02:04:06.102 WARN   Wiring.write_wire_scope: net not found
2026-10-07 02:04:06.102 WARN   Wiring.write_wire_scope: net not found
2026-10-07 02:04:06.102 WARN   Wiring.write_wire_scope: net not found
2026-10-07 02:04:06.102 WARN   Wiring.write_wire_scope: net not found
2026-10-07 02:04:06.102 WARN   Wiring.write_wire_scope: net not found
2026-10-07 02:04:06.102 WARN   Wiring.write_wire_scope: net not found
2026-10-07 02:04:06.102 WARN   Wiring.write_wire_scope: net not found
2026-10-07 02:04:06.102 WARN   Wiring.write_wire_scope: net not found
2026-10-07 02:04:06.102 WARN   Wiring.write_wire_scope: net not found
2026-10-07 02:04:06.102 WARN   Wiring.write_wire_scope: net not found
2026-10-07 02:04:06.102 WARN   Wiring.write_wire_scope: net not found
2026-10-07 02:04:06.102 WARN   Wiring.write_wire_scope: net not found
2026-10-07 02:04:06.102 WARN   Wiring.write_wire_scope: net not found
2026-10-07 02:04:06.102 WARN   Wiring.write_wire_scope: net not found
2026-10-07 02:04:06.102 WARN   Wiring.write_wire_scope: net not found
2026-10-07 02:04:06.102 WARN   Wiring.write_wire_scope: net not found
2026-10-07 02:04:06.102 WARN   Wiring.write_wire_scope: net not found
2026-10-07 02:04:06.102 WARN   Wiring.write_wire_scope: net not found
2026-10-07 02:04:06.102 WARN   Wiring.write_wire_scope: net not found
2026-10-07 02:04:06.102 WARN   Wiring.write_wire_scope: net not found
2026-10-07 02:04:06.102 WARN   Wiring.write_wire_scope: net not found
2026-10-07 02:04:06.102 WARN   Wiring.write_wire_scope: net not found
2026-10-07 02:04:06.102 WARN   Wiring.write_wire_scope: net not found
2026-10-07 02:04:06.102 WARN   Wiring.write_wire_scope: net not found
2026-10-07 02:04:06.102 WARN   Wiring.write_wire_scope: net not found
2026-10-07 02:04:06.102 WARN   Wiring.write_wire_scope: net not found
2026-10-07 02:04:06.102 WARN   Wiring.write_wire_scope: net not found
2026-10-07 02:04:06.102 WARN   Wiring.write_wire_scope: net not found
2026-10-07 02:04:06.102 WARN   Wiring.write_wire_scope: net not found
2026-10-07 02:04:06.102 WARN   Wiring.write_wire_scope: net not found
2026-10-07 02:04:06.102 WARN   Wiring.write_wire_scope: net not found
2026-10-07 02:04:06.102 WARN   Wiring.write_wire_scope: net not found
2026-10-07 02:04:06.102 WARN   Wiring.write_wire_scope: net not found
2026-10-07 02:04:06.102 WARN   Wiring.write_wire_scope: net not found
2026-10-07 02:04:06.102 WARN   Wiring.write_wire_scope: net not found
2026-10-07 02:04:06.102 WARN   Wiring.write_wire_scope: net not found
2026-10-07 02:04:06.102 WARN   Wiring.write_wire_scope: net not found
2026-10-07 02:04:06.102 WARN   Wiring.write_wire_scope: net not found
2026-10-07 02:04:06.102 WARN   Wiring.write_wire_scope: net not found
2026-10-07 02:04:06.102 WARN   Wiring.write_wire_scope: net not found
2026-10-07 02:04:06.102 WARN   Wiring.write_wire_scope: net not found
2026-10-07 02:04:06.102 WARN   Wiring.write_wire_scope: net not found
2026-10-07 02:04:06.109 INFO   [596E10\3E9B66] Fanout pass #2 on board '432784b24ac907de3983ff111ecc8806' completed in 0.24 seconds with 0 SMD pins fanouted, 25 not routed, 0 insert errors, +0 extra vias (0 SMD pins still to check in pass, ripup costs=200).
2026-10-07 02:04:06.113 INFO   [596E10\3E9B66] Fanout stage completed: started with 43 total SMD pins, completed in 0.85 seconds, escaped pins: 23/43 (53.5%), using 0.84 total CPU seconds, 0.58 GB total allocated, and 190.0 MB peak heap usage.
2026-10-07 02:04:06.189 INFO   [596E10\3E9B66] Auto-routing stage started on board '432784b24ac907de3983ff111ecc8806' with baseline score 218.19 for 26 unrouted items.
2026-10-07 02:04:06.263 WARN   Wiring.write_wire_scope: net not found
2026-10-07 02:04:06.263 WARN   Wiring.write_wire_scope: net not found
2026-10-07 02:04:06.263 WARN   Wiring.write_wire_scope: net not found
2026-10-07 02:04:06.263 WARN   Wiring.write_wire_scope: net not found
2026-10-07 02:04:06.263 WARN   Wiring.write_wire_scope: net not found
2026-10-07 02:04:06.263 WARN   Wiring.write_wire_scope: net not found
2026-10-07 02:04:06.263 WARN   Wiring.write_wire_scope: net not found
2026-10-07 02:04:06.263 WARN   Wiring.write_wire_scope: net not found
2026-10-07 02:04:06.263 WARN   Wiring.write_wire_scope: net not found
2026-10-07 02:04:06.263 WARN   Wiring.write_wire_scope: net not found
2026-10-07 02:04:06.263 WARN   Wiring.write_wire_scope: net not found
2026-10-07 02:04:06.263 WARN   Wiring.write_wire_scope: net not found
2026-10-07 02:04:06.263 WARN   Wiring.write_wire_scope: net not found
2026-10-07 02:04:06.263 WARN   Wiring.write_wire_scope: net not found
2026-10-07 02:04:06.263 WARN   Wiring.write_wire_scope: net not found
2026-10-07 02:04:06.263 WARN   Wiring.write_wire_scope: net not found
2026-10-07 02:04:06.263 WARN   Wiring.write_wire_scope: net not found
2026-10-07 02:04:06.263 WARN   Wiring.write_wire_scope: net not found
2026-10-07 02:04:06.263 WARN   Wiring.write_wire_scope: net not found
2026-10-07 02:04:06.263 WARN   Wiring.write_wire_scope: net not found
2026-10-07 02:04:06.263 WARN   Wiring.write_wire_scope: net not found
2026-10-07 02:04:06.263 WARN   Wiring.write_wire_scope: net not found
2026-10-07 02:04:06.263 WARN   Wiring.write_wire_scope: net not found
2026-10-07 02:04:06.263 WARN   Wiring.write_wire_scope: net not found
2026-10-07 02:04:06.263 WARN   Wiring.write_wire_scope: net not found
2026-10-07 02:04:06.263 WARN   Wiring.write_wire_scope: net not found
2026-10-07 02:04:06.263 WARN   Wiring.write_wire_scope: net not found
2026-10-07 02:04:06.263 WARN   Wiring.write_wire_scope: net not found
2026-10-07 02:04:06.263 WARN   Wiring.write_wire_scope: net not found
2026-10-07 02:04:06.263 WARN   Wiring.write_wire_scope: net not found
2026-10-07 02:04:06.263 WARN   Wiring.write_wire_scope: net not found
2026-10-07 02:04:06.263 WARN   Wiring.write_wire_scope: net not found
2026-10-07 02:04:06.263 WARN   Wiring.write_wire_scope: net not found
2026-10-07 02:04:06.263 WARN   Wiring.write_wire_scope: net not found
2026-10-07 02:04:06.263 WARN   Wiring.write_wire_scope: net not found
2026-10-07 02:04:06.263 WARN   Wiring.write_wire_scope: net not found
2026-10-07 02:04:06.263 WARN   Wiring.write_wire_scope: net not found
2026-10-07 02:04:06.263 WARN   Wiring.write_wire_scope: net not found
2026-10-07 02:04:06.263 WARN   Wiring.write_wire_scope: net not found
2026-10-07 02:04:06.263 WARN   Wiring.write_wire_scope: net not found
2026-10-07 02:04:06.263 WARN   Wiring.write_wire_scope: net not found
2026-10-07 02:04:06.263 WARN   Wiring.write_wire_scope: net not found
2026-10-07 02:04:06.263 WARN   Wiring.write_wire_scope: net not found
2026-10-07 02:04:06.263 WARN   Wiring.write_wire_scope: net not found
2026-10-07 02:04:06.263 WARN   Wiring.write_wire_scope: net not found
2026-10-07 02:04:06.263 WARN   Wiring.write_wire_scope: net not found
2026-10-07 02:04:06.263 WARN   Wiring.write_wire_scope: net not found
2026-10-07 02:04:06.263 WARN   Wiring.write_wire_scope: net not found
2026-10-07 02:04:06.263 WARN   Wiring.write_wire_scope: net not found
2026-10-07 02:04:06.263 WARN   Wiring.write_wire_scope: net not found
2026-10-07 02:04:06.263 WARN   Wiring.write_wire_scope: net not found
2026-10-07 02:04:06.263 WARN   Wiring.write_wire_scope: net not found
2026-10-07 02:04:06.263 WARN   Wiring.write_wire_scope: net not found
2026-10-07 02:04:06.263 WARN   Wiring.write_wire_scope: net not found
2026-10-07 02:04:06.263 WARN   Wiring.write_wire_scope: net not found
2026-10-07 02:04:06.263 WARN   Wiring.write_wire_scope: net not found
2026-10-07 02:04:06.263 WARN   Wiring.write_wire_scope: net not found
2026-10-07 02:04:06.263 WARN   Wiring.write_wire_scope: net not found
2026-10-07 02:04:06.263 WARN   Wiring.write_wire_scope: net not found
2026-10-07 02:04:06.263 WARN   Wiring.write_wire_scope: net not found
2026-10-07 02:04:06.263 WARN   Wiring.write_wire_scope: net not found
2026-10-07 02:04:06.263 WARN   Wiring.write_wire_scope: net not found
2026-10-07 02:04:06.263 WARN   Wiring.write_wire_scope: net not found
2026-10-07 02:04:06.263 WARN   Wiring.write_wire_scope: net not found
2026-10-07 02:04:06.263 WARN   Wiring.write_wire_scope: net not found
2026-10-07 02:04:06.263 WARN   Wiring.write_wire_scope: net not found
2026-10-07 02:04:06.263 WARN   Wiring.write_wire_scope: net not found
2026-10-07 02:04:06.263 WARN   Wiring.write_wire_scope: net not found
2026-10-07 02:04:06.263 WARN   Wiring.write_wire_scope: net not found
2026-10-07 02:04:06.263 WARN   Wiring.write_wire_scope: net not found
2026-10-07 02:04:06.263 WARN   Wiring.write_wire_scope: net not found
2026-10-07 02:04:06.263 WARN   Wiring.write_wire_scope: net not found
2026-10-07 02:04:06.263 WARN   Wiring.write_wire_scope: net not found
2026-10-07 02:04:06.263 WARN   Wiring.write_wire_scope: net not found
2026-10-07 02:04:06.263 WARN   Wiring.write_wire_scope: net not found
2026-10-07 02:04:06.263 WARN   Wiring.write_wire_scope: net not found
2026-10-07 02:04:06.263 WARN   Wiring.write_wire_scope: net not found
2026-10-07 02:04:06.263 WARN   Wiring.write_wire_scope: net not found
2026-10-07 02:04:06.263 WARN   Wiring.write_wire_scope: net not found
2026-10-07 02:04:06.263 WARN   Wiring.write_wire_scope: net not found
2026-10-07 02:04:06.263 WARN   Wiring.write_wire_scope: net not found
2026-10-07 02:04:06.263 WARN   Wiring.write_wire_scope: net not found
2026-10-07 02:04:06.263 WARN   Wiring.write_wire_scope: net not found
2026-10-07 02:04:06.263 WARN   Wiring.write_wire_scope: net not found
2026-10-07 02:04:06.263 WARN   Wiring.write_wire_scope: net not found
2026-10-07 02:04:06.263 WARN   Wiring.write_wire_scope: net not found
2026-10-07 02:04:06.330 WARN   Wiring.write_wire_scope: net not found
2026-10-07 02:04:06.330 WARN   Wiring.write_wire_scope: net not found
2026-10-07 02:04:06.330 WARN   Wiring.write_wire_scope: net not found
2026-10-07 02:04:06.330 WARN   Wiring.write_wire_scope: net not found
2026-10-07 02:04:06.330 WARN   Wiring.write_wire_scope: net not found
2026-10-07 02:04:06.330 WARN   Wiring.write_wire_scope: net not found
2026-10-07 02:04:06.330 WARN   Wiring.write_wire_scope: net not found
2026-10-07 02:04:06.330 WARN   Wiring.write_wire_scope: net not found
2026-10-07 02:04:06.330 WARN   Wiring.write_wire_scope: net not found
2026-10-07 02:04:06.330 WARN   Wiring.write_wire_scope: net not found
2026-10-07 02:04:06.330 WARN   Wiring.write_wire_scope: net not found
2026-10-07 02:04:06.330 WARN   Wiring.write_wire_scope: net not found
2026-10-07 02:04:06.330 WARN   Wiring.write_wire_scope: net not found
2026-10-07 02:04:06.330 WARN   Wiring.write_wire_scope: net not found
2026-10-07 02:04:06.330 WARN   Wiring.write_wire_scope: net not found
2026-10-07 02:04:06.330 WARN   Wiring.write_wire_scope: net not found
2026-10-07 02:04:06.330 WARN   Wiring.write_wire_scope: net not found
2026-10-07 02:04:06.330 WARN   Wiring.write_wire_scope: net not found
2026-10-07 02:04:06.330 WARN   Wiring.write_wire_scope: net not found
2026-10-07 02:04:06.330 WARN   Wiring.write_wire_scope: net not found
2026-10-07 02:04:06.330 WARN   Wiring.write_wire_scope: net not found
2026-10-07 02:04:06.330 WARN   Wiring.write_wire_scope: net not found
2026-10-07 02:04:06.330 WARN   Wiring.write_wire_scope: net not found
2026-10-07 02:04:06.330 WARN   Wiring.write_wire_scope: net not found
2026-10-07 02:04:06.330 WARN   Wiring.write_wire_scope: net not found
2026-10-07 02:04:06.330 WARN   Wiring.write_wire_scope: net not found
2026-10-07 02:04:06.330 WARN   Wiring.write_wire_scope: net not found
2026-10-07 02:04:06.330 WARN   Wiring.write_wire_scope: net not found
2026-10-07 02:04:06.330 WARN   Wiring.write_wire_scope: net not found
2026-10-07 02:04:06.330 WARN   Wiring.write_wire_scope: net not found
2026-10-07 02:04:06.330 WARN   Wiring.write_wire_scope: net not found
2026-10-07 02:04:06.330 WARN   Wiring.write_wire_scope: net not found
2026-10-07 02:04:06.330 WARN   Wiring.write_wire_scope: net not found
2026-10-07 02:04:06.330 WARN   Wiring.write_wire_scope: net not found
2026-10-07 02:04:06.330 WARN   Wiring.write_wire_scope: net not found
2026-10-07 02:04:06.330 WARN   Wiring.write_wire_scope: net not found
2026-10-07 02:04:06.330 WARN   Wiring.write_wire_scope: net not found
2026-10-07 02:04:06.330 WARN   Wiring.write_wire_scope: net not found
2026-10-07 02:04:06.330 WARN   Wiring.write_wire_scope: net not found
2026-10-07 02:04:06.330 WARN   Wiring.write_wire_scope: net not found
2026-10-07 02:04:06.330 WARN   Wiring.write_wire_scope: net not found
2026-10-07 02:04:06.330 WARN   Wiring.write_wire_scope: net not found
2026-10-07 02:04:06.330 WARN   Wiring.write_wire_scope: net not found
2026-10-07 02:04:06.330 WARN   Wiring.write_wire_scope: net not found
2026-10-07 02:04:06.330 WARN   Wiring.write_wire_scope: net not found
2026-10-07 02:04:06.330 WARN   Wiring.write_wire_scope: net not found
2026-10-07 02:04:06.330 WARN   Wiring.write_wire_scope: net not found
2026-10-07 02:04:06.330 WARN   Wiring.write_wire_scope: net not found
2026-10-07 02:04:06.330 WARN   Wiring.write_wire_scope: net not found
2026-10-07 02:04:06.330 WARN   Wiring.write_wire_scope: net not found
2026-10-07 02:04:06.330 WARN   Wiring.write_wire_scope: net not found
2026-10-07 02:04:06.330 WARN   Wiring.write_wire_scope: net not found
2026-10-07 02:04:06.330 WARN   Wiring.write_wire_scope: net not found
2026-10-07 02:04:06.330 WARN   Wiring.write_wire_scope: net not found
2026-10-07 02:04:06.330 WARN   Wiring.write_wire_scope: net not found
2026-10-07 02:04:06.330 WARN   Wiring.write_wire_scope: net not found
2026-10-07 02:04:06.330 WARN   Wiring.write_wire_scope: net not found
2026-10-07 02:04:06.330 WARN   Wiring.write_wire_scope: net not found
2026-10-07 02:04:06.330 WARN   Wiring.write_wire_scope: net not found
2026-10-07 02:04:06.330 WARN   Wiring.write_wire_scope: net not found
2026-10-07 02:04:06.330 WARN   Wiring.write_wire_scope: net not found
2026-10-07 02:04:06.330 WARN   Wiring.write_wire_scope: net not found
2026-10-07 02:04:06.330 WARN   Wiring.write_wire_scope: net not found
2026-10-07 02:04:06.330 WARN   Wiring.write_wire_scope: net not found
2026-10-07 02:04:06.330 WARN   Wiring.write_wire_scope: net not found
2026-10-07 02:04:06.330 WARN   Wiring.write_wire_scope: net not found
2026-10-07 02:04:06.330 WARN   Wiring.write_wire_scope: net not found
2026-10-07 02:04:06.330 WARN   Wiring.write_wire_scope: net not found
2026-10-07 02:04:06.330 WARN   Wiring.write_wire_scope: net not found
2026-10-07 02:04:06.330 WARN   Wiring.write_wire_scope: net not found
2026-10-07 02:04:06.330 WARN   Wiring.write_wire_scope: net not found
2026-10-07 02:04:06.330 WARN   Wiring.write_wire_scope: net not found
2026-10-07 02:04:06.330 WARN   Wiring.write_wire_scope: net not found
2026-10-07 02:04:06.330 WARN   Wiring.write_wire_scope: net not found
2026-10-07 02:04:06.330 WARN   Wiring.write_wire_scope: net not found
2026-10-07 02:04:06.330 WARN   Wiring.write_wire_scope: net not found
2026-10-07 02:04:06.330 WARN   Wiring.write_wire_scope: net not found
2026-10-07 02:04:06.330 WARN   Wiring.write_wire_scope: net not found
2026-10-07 02:04:06.330 WARN   Wiring.write_wire_scope: net not found
2026-10-07 02:04:06.330 WARN   Wiring.write_wire_scope: net not found
2026-10-07 02:04:06.330 WARN   Wiring.write_wire_scope: net not found
2026-10-07 02:04:06.330 WARN   Wiring.write_wire_scope: net not found
2026-10-07 02:04:06.330 WARN   Wiring.write_wire_scope: net not found
2026-10-07 02:04:06.330 WARN   Wiring.write_wire_scope: net not found
2026-10-07 02:04:06.330 WARN   Wiring.write_wire_scope: net not found
2026-10-07 02:04:06.330 WARN   Wiring.write_wire_scope: net not found
2026-10-07 02:04:08.944 WARN   Wiring.write_wire_scope: net not found
2026-10-07 02:04:08.944 WARN   Wiring.write_wire_scope: net not found
2026-10-07 02:04:08.944 WARN   Wiring.write_wire_scope: net not found
2026-10-07 02:04:08.944 WARN   Wiring.write_wire_scope: net not found
2026-10-07 02:04:08.944 WARN   Wiring.write_wire_scope: net not found
2026-10-07 02:04:08.944 WARN   Wiring.write_wire_scope: net not found
2026-10-07 02:04:08.944 WARN   Wiring.write_wire_scope: net not found
2026-10-07 02:04:08.944 WARN   Wiring.write_wire_scope: net not found
2026-10-07 02:04:08.944 WARN   Wiring.write_wire_scope: net not found
2026-10-07 02:04:08.944 WARN   Wiring.write_wire_scope: net not found
2026-10-07 02:04:08.944 WARN   Wiring.write_wire_scope: net not found
2026-10-07 02:04:08.944 WARN   Wiring.write_wire_scope: net not found
2026-10-07 02:04:08.944 WARN   Wiring.write_wire_scope: net not found
2026-10-07 02:04:08.944 WARN   Wiring.write_wire_scope: net not found
2026-10-07 02:04:08.944 WARN   Wiring.write_wire_scope: net not found
2026-10-07 02:04:08.944 WARN   Wiring.write_wire_scope: net not found
2026-10-07 02:04:08.944 WARN   Wiring.write_wire_scope: net not found
2026-10-07 02:04:08.944 WARN   Wiring.write_wire_scope: net not found
2026-10-07 02:04:08.944 WARN   Wiring.write_wire_scope: net not found
2026-10-07 02:04:08.944 WARN   Wiring.write_wire_scope: net not found
2026-10-07 02:04:08.944 WARN   Wiring.write_wire_scope: net not found
2026-10-07 02:04:08.944 WARN   Wiring.write_wire_scope: net not found
2026-10-07 02:04:08.944 WARN   Wiring.write_wire_scope: net not found
2026-10-07 02:04:08.944 WARN   Wiring.write_wire_scope: net not found
2026-10-07 02:04:08.944 WARN   Wiring.write_wire_scope: net not found
2026-10-07 02:04:08.944 WARN   Wiring.write_wire_scope: net not found
2026-10-07 02:04:08.944 WARN   Wiring.write_wire_scope: net not found
2026-10-07 02:04:08.944 WARN   Wiring.write_wire_scope: net not found
2026-10-07 02:04:08.944 WARN   Wiring.write_wire_scope: net not found
2026-10-07 02:04:08.944 WARN   Wiring.write_wire_scope: net not found
2026-10-07 02:04:08.944 WARN   Wiring.write_wire_scope: net not found
2026-10-07 02:04:08.944 WARN   Wiring.write_wire_scope: net not found
2026-10-07 02:04:08.944 WARN   Wiring.write_wire_scope: net not found
2026-10-07 02:04:08.944 WARN   Wiring.write_wire_scope: net not found
2026-10-07 02:04:08.944 WARN   Wiring.write_wire_scope: net not found
2026-10-07 02:04:08.944 WARN   Wiring.write_wire_scope: net not found
2026-10-07 02:04:08.944 WARN   Wiring.write_wire_scope: net not found
2026-10-07 02:04:08.944 WARN   Wiring.write_wire_scope: net not found
2026-10-07 02:04:08.944 WARN   Wiring.write_wire_scope: net not found
2026-10-07 02:04:08.944 WARN   Wiring.write_wire_scope: net not found
2026-10-07 02:04:08.944 WARN   Wiring.write_wire_scope: net not found
2026-10-07 02:04:08.944 WARN   Wiring.write_wire_scope: net not found
2026-10-07 02:04:08.944 WARN   Wiring.write_wire_scope: net not found
2026-10-07 02:04:08.944 WARN   Wiring.write_wire_scope: net not found
2026-10-07 02:04:08.944 WARN   Wiring.write_wire_scope: net not found
2026-10-07 02:04:08.944 WARN   Wiring.write_wire_scope: net not found
2026-10-07 02:04:08.944 WARN   Wiring.write_wire_scope: net not found
2026-10-07 02:04:08.944 WARN   Wiring.write_wire_scope: net not found
2026-10-07 02:04:08.944 WARN   Wiring.write_wire_scope: net not found
2026-10-07 02:04:08.944 WARN   Wiring.write_wire_scope: net not found
2026-10-07 02:04:08.944 WARN   Wiring.write_wire_scope: net not found
2026-10-07 02:04:08.944 WARN   Wiring.write_wire_scope: net not found
2026-10-07 02:04:08.944 WARN   Wiring.write_wire_scope: net not found
2026-10-07 02:04:08.944 WARN   Wiring.write_wire_scope: net not found
2026-10-07 02:04:08.944 WARN   Wiring.write_wire_scope: net not found
2026-10-07 02:04:08.944 WARN   Wiring.write_wire_scope: net not found
2026-10-07 02:04:08.944 WARN   Wiring.write_wire_scope: net not found
2026-10-07 02:04:08.944 WARN   Wiring.write_wire_scope: net not found
2026-10-07 02:04:08.944 WARN   Wiring.write_wire_scope: net not found
2026-10-07 02:04:08.944 WARN   Wiring.write_wire_scope: net not found
2026-10-07 02:04:08.944 WARN   Wiring.write_wire_scope: net not found
2026-10-07 02:04:08.944 WARN   Wiring.write_wire_scope: net not found
2026-10-07 02:04:08.944 WARN   Wiring.write_wire_scope: net not found
2026-10-07 02:04:08.944 WARN   Wiring.write_wire_scope: net not found
2026-10-07 02:04:08.944 WARN   Wiring.write_wire_scope: net not found
2026-10-07 02:04:08.944 WARN   Wiring.write_wire_scope: net not found
2026-10-07 02:04:08.944 WARN   Wiring.write_wire_scope: net not found
2026-10-07 02:04:08.944 WARN   Wiring.write_wire_scope: net not found
2026-10-07 02:04:08.944 WARN   Wiring.write_wire_scope: net not found
2026-10-07 02:04:08.944 WARN   Wiring.write_wire_scope: net not found
2026-10-07 02:04:08.944 WARN   Wiring.write_wire_scope: net not found
2026-10-07 02:04:08.944 WARN   Wiring.write_wire_scope: net not found
2026-10-07 02:04:08.944 WARN   Wiring.write_wire_scope: net not found
2026-10-07 02:04:08.944 WARN   Wiring.write_wire_scope: net not found
2026-10-07 02:04:08.944 WARN   Wiring.write_wire_scope: net not found
2026-10-07 02:04:08.944 WARN   Wiring.write_wire_scope: net not found
2026-10-07 02:04:08.944 WARN   Wiring.write_wire_scope: net not found
2026-10-07 02:04:08.944 WARN   Wiring.write_wire_scope: net not found
2026-10-07 02:04:08.944 WARN   Wiring.write_wire_scope: net not found
2026-10-07 02:04:08.944 WARN   Wiring.write_wire_scope: net not found
2026-10-07 02:04:08.944 WARN   Wiring.write_wire_scope: net not found
2026-10-07 02:04:08.944 WARN   Wiring.write_wire_scope: net not found
2026-10-07 02:04:08.944 WARN   Wiring.write_wire_scope: net not found
2026-10-07 02:04:08.944 WARN   Wiring.write_wire_scope: net not found
2026-10-07 02:04:08.944 WARN   Wiring.write_wire_scope: net not found
2026-10-07 02:04:08.944 WARN   Wiring.write_wire_scope: net not found
2026-10-07 02:04:09.281 WARN   Wiring.write_wire_scope: net not found
2026-10-07 02:04:09.281 WARN   Wiring.write_wire_scope: net not found
2026-10-07 02:04:09.281 WARN   Wiring.write_wire_scope: net not found
2026-10-07 02:04:09.281 WARN   Wiring.write_wire_scope: net not found
2026-10-07 02:04:09.281 WARN   Wiring.write_wire_scope: net not found
2026-10-07 02:04:09.281 WARN   Wiring.write_wire_scope: net not found
2026-10-07 02:04:09.281 WARN   Wiring.write_wire_scope: net not found
2026-10-07 02:04:09.281 WARN   Wiring.write_wire_scope: net not found
2026-10-07 02:04:09.281 WARN   Wiring.write_wire_scope: net not found
2026-10-07 02:04:09.281 WARN   Wiring.write_wire_scope: net not found
2026-10-07 02:04:09.281 WARN   Wiring.write_wire_scope: net not found
2026-10-07 02:04:09.281 WARN   Wiring.write_wire_scope: net not found
2026-10-07 02:04:09.281 WARN   Wiring.write_wire_scope: net not found
2026-10-07 02:04:09.281 WARN   Wiring.write_wire_scope: net not found
2026-10-07 02:04:09.281 WARN   Wiring.write_wire_scope: net not found
2026-10-07 02:04:09.281 WARN   Wiring.write_wire_scope: net not found
2026-10-07 02:04:09.281 WARN   Wiring.write_wire_scope: net not found
2026-10-07 02:04:09.281 WARN   Wiring.write_wire_scope: net not found
2026-10-07 02:04:09.281 WARN   Wiring.write_wire_scope: net not found
2026-10-07 02:04:09.281 WARN   Wiring.write_wire_scope: net not found
2026-10-07 02:04:09.281 WARN   Wiring.write_wire_scope: net not found
2026-10-07 02:04:09.281 WARN   Wiring.write_wire_scope: net not found
2026-10-07 02:04:09.281 WARN   Wiring.write_wire_scope: net not found
2026-10-07 02:04:09.281 WARN   Wiring.write_wire_scope: net not found
2026-10-07 02:04:09.281 WARN   Wiring.write_wire_scope: net not found
2026-10-07 02:04:09.281 WARN   Wiring.write_wire_scope: net not found
2026-10-07 02:04:09.281 WARN   Wiring.write_wire_scope: net not found
2026-10-07 02:04:09.281 WARN   Wiring.write_wire_scope: net not found
2026-10-07 02:04:09.281 WARN   Wiring.write_wire_scope: net not found
2026-10-07 02:04:09.281 WARN   Wiring.write_wire_scope: net not found
2026-10-07 02:04:09.281 WARN   Wiring.write_wire_scope: net not found
2026-10-07 02:04:09.281 WARN   Wiring.write_wire_scope: net not found
2026-10-07 02:04:09.281 WARN   Wiring.write_wire_scope: net not found
2026-10-07 02:04:09.281 WARN   Wiring.write_wire_scope: net not found
2026-10-07 02:04:09.281 WARN   Wiring.write_wire_scope: net not found
2026-10-07 02:04:09.281 WARN   Wiring.write_wire_scope: net not found
2026-10-07 02:04:09.281 WARN   Wiring.write_wire_scope: net not found
2026-10-07 02:04:09.281 WARN   Wiring.write_wire_scope: net not found
2026-10-07 02:04:09.281 WARN   Wiring.write_wire_scope: net not found
2026-10-07 02:04:09.281 WARN   Wiring.write_wire_scope: net not found
2026-10-07 02:04:09.281 WARN   Wiring.write_wire_scope: net not found
2026-10-07 02:04:09.281 WARN   Wiring.write_wire_scope: net not found
2026-10-07 02:04:09.281 WARN   Wiring.write_wire_scope: net not found
2026-10-07 02:04:09.281 WARN   Wiring.write_wire_scope: net not found
2026-10-07 02:04:09.281 WARN   Wiring.write_wire_scope: net not found
2026-10-07 02:04:09.281 WARN   Wiring.write_wire_scope: net not found
2026-10-07 02:04:09.281 WARN   Wiring.write_wire_scope: net not found
2026-10-07 02:04:09.281 WARN   Wiring.write_wire_scope: net not found
2026-10-07 02:04:09.281 WARN   Wiring.write_wire_scope: net not found
2026-10-07 02:04:09.281 WARN   Wiring.write_wire_scope: net not found
2026-10-07 02:04:09.281 WARN   Wiring.write_wire_scope: net not found
2026-10-07 02:04:09.281 WARN   Wiring.write_wire_scope: net not found
2026-10-07 02:04:09.281 WARN   Wiring.write_wire_scope: net not found
2026-10-07 02:04:09.281 WARN   Wiring.write_wire_scope: net not found
2026-10-07 02:04:09.281 WARN   Wiring.write_wire_scope: net not found
2026-10-07 02:04:09.281 WARN   Wiring.write_wire_scope: net not found
2026-10-07 02:04:09.281 WARN   Wiring.write_wire_scope: net not found
2026-10-07 02:04:09.281 WARN   Wiring.write_wire_scope: net not found
2026-10-07 02:04:09.281 WARN   Wiring.write_wire_scope: net not found
2026-10-07 02:04:09.281 WARN   Wiring.write_wire_scope: net not found
2026-10-07 02:04:09.281 WARN   Wiring.write_wire_scope: net not found
2026-10-07 02:04:09.281 WARN   Wiring.write_wire_scope: net not found
2026-10-07 02:04:09.281 WARN   Wiring.write_wire_scope: net not found
2026-10-07 02:04:09.281 WARN   Wiring.write_wire_scope: net not found
2026-10-07 02:04:09.281 WARN   Wiring.write_wire_scope: net not found
2026-10-07 02:04:09.281 WARN   Wiring.write_wire_scope: net not found
2026-10-07 02:04:09.281 WARN   Wiring.write_wire_scope: net not found
2026-10-07 02:04:09.281 WARN   Wiring.write_wire_scope: net not found
2026-10-07 02:04:09.281 WARN   Wiring.write_wire_scope: net not found
2026-10-07 02:04:09.281 WARN   Wiring.write_wire_scope: net not found
2026-10-07 02:04:09.281 WARN   Wiring.write_wire_scope: net not found
2026-10-07 02:04:09.281 WARN   Wiring.write_wire_scope: net not found
2026-10-07 02:04:09.281 WARN   Wiring.write_wire_scope: net not found
2026-10-07 02:04:09.281 WARN   Wiring.write_wire_scope: net not found
2026-10-07 02:04:09.281 WARN   Wiring.write_wire_scope: net not found
2026-10-07 02:04:09.281 WARN   Wiring.write_wire_scope: net not found
2026-10-07 02:04:09.281 WARN   Wiring.write_wire_scope: net not found
2026-10-07 02:04:09.281 WARN   Wiring.write_wire_scope: net not found
2026-10-07 02:04:09.281 WARN   Wiring.write_wire_scope: net not found
2026-10-07 02:04:09.281 WARN   Wiring.write_wire_scope: net not found
2026-10-07 02:04:09.281 WARN   Wiring.write_wire_scope: net not found
2026-10-07 02:04:09.281 WARN   Wiring.write_wire_scope: net not found
2026-10-07 02:04:09.281 WARN   Wiring.write_wire_scope: net not found
2026-10-07 02:04:09.281 WARN   Wiring.write_wire_scope: net not found
2026-10-07 02:04:09.281 WARN   Wiring.write_wire_scope: net not found
2026-10-07 02:04:09.281 WARN   Wiring.write_wire_scope: net not found
2026-10-07 02:04:09.557 WARN   Wiring.write_wire_scope: net not found
2026-10-07 02:04:09.557 WARN   Wiring.write_wire_scope: net not found
2026-10-07 02:04:09.557 WARN   Wiring.write_wire_scope: net not found
2026-10-07 02:04:09.557 WARN   Wiring.write_wire_scope: net not found
2026-10-07 02:04:09.557 WARN   Wiring.write_wire_scope: net not found
2026-10-07 02:04:09.557 WARN   Wiring.write_wire_scope: net not found
2026-10-07 02:04:09.557 WARN   Wiring.write_wire_scope: net not found
2026-10-07 02:04:09.557 WARN   Wiring.write_wire_scope: net not found
2026-10-07 02:04:09.557 WARN   Wiring.write_wire_scope: net not found
2026-10-07 02:04:09.557 WARN   Wiring.write_wire_scope: net not found
2026-10-07 02:04:09.557 WARN   Wiring.write_wire_scope: net not found
2026-10-07 02:04:09.557 WARN   Wiring.write_wire_scope: net not found
2026-10-07 02:04:09.557 WARN   Wiring.write_wire_scope: net not found
2026-10-07 02:04:09.557 WARN   Wiring.write_wire_scope: net not found
2026-10-07 02:04:09.557 WARN   Wiring.write_wire_scope: net not found
2026-10-07 02:04:09.557 WARN   Wiring.write_wire_scope: net not found
2026-10-07 02:04:09.557 WARN   Wiring.write_wire_scope: net not found
2026-10-07 02:04:09.557 WARN   Wiring.write_wire_scope: net not found
2026-10-07 02:04:09.557 WARN   Wiring.write_wire_scope: net not found
2026-10-07 02:04:09.557 WARN   Wiring.write_wire_scope: net not found
2026-10-07 02:04:09.557 WARN   Wiring.write_wire_scope: net not found
2026-10-07 02:04:09.557 WARN   Wiring.write_wire_scope: net not found
2026-10-07 02:04:09.557 WARN   Wiring.write_wire_scope: net not found
2026-10-07 02:04:09.557 WARN   Wiring.write_wire_scope: net not found
2026-10-07 02:04:09.557 WARN   Wiring.write_wire_scope: net not found
2026-10-07 02:04:09.557 WARN   Wiring.write_wire_scope: net not found
2026-10-07 02:04:09.557 WARN   Wiring.write_wire_scope: net not found
2026-10-07 02:04:09.557 WARN   Wiring.write_wire_scope: net not found
2026-10-07 02:04:09.557 WARN   Wiring.write_wire_scope: net not found
2026-10-07 02:04:09.557 WARN   Wiring.write_wire_scope: net not found
2026-10-07 02:04:09.557 WARN   Wiring.write_wire_scope: net not found
2026-10-07 02:04:09.557 WARN   Wiring.write_wire_scope: net not found
2026-10-07 02:04:09.557 WARN   Wiring.write_wire_scope: net not found
2026-10-07 02:04:09.557 WARN   Wiring.write_wire_scope: net not found
2026-10-07 02:04:09.557 WARN   Wiring.write_wire_scope: net not found
2026-10-07 02:04:09.557 WARN   Wiring.write_wire_scope: net not found
2026-10-07 02:04:09.557 WARN   Wiring.write_wire_scope: net not found
2026-10-07 02:04:09.557 WARN   Wiring.write_wire_scope: net not found
2026-10-07 02:04:09.557 WARN   Wiring.write_wire_scope: net not found
2026-10-07 02:04:09.557 WARN   Wiring.write_wire_scope: net not found
2026-10-07 02:04:09.557 WARN   Wiring.write_wire_scope: net not found
2026-10-07 02:04:09.557 WARN   Wiring.write_wire_scope: net not found
2026-10-07 02:04:09.557 WARN   Wiring.write_wire_scope: net not found
2026-10-07 02:04:09.557 WARN   Wiring.write_wire_scope: net not found
2026-10-07 02:04:09.557 WARN   Wiring.write_wire_scope: net not found
2026-10-07 02:04:09.557 WARN   Wiring.write_wire_scope: net not found
2026-10-07 02:04:09.557 WARN   Wiring.write_wire_scope: net not found
2026-10-07 02:04:09.557 WARN   Wiring.write_wire_scope: net not found
2026-10-07 02:04:09.557 WARN   Wiring.write_wire_scope: net not found
2026-10-07 02:04:09.557 WARN   Wiring.write_wire_scope: net not found
2026-10-07 02:04:09.557 WARN   Wiring.write_wire_scope: net not found
2026-10-07 02:04:09.557 WARN   Wiring.write_wire_scope: net not found
2026-10-07 02:04:09.557 WARN   Wiring.write_wire_scope: net not found
2026-10-07 02:04:09.557 WARN   Wiring.write_wire_scope: net not found
2026-10-07 02:04:09.557 WARN   Wiring.write_wire_scope: net not found
2026-10-07 02:04:09.557 WARN   Wiring.write_wire_scope: net not found
2026-10-07 02:04:09.557 WARN   Wiring.write_wire_scope: net not found
2026-10-07 02:04:09.557 WARN   Wiring.write_wire_scope: net not found
2026-10-07 02:04:09.557 WARN   Wiring.write_wire_scope: net not found
2026-10-07 02:04:09.557 WARN   Wiring.write_wire_scope: net not found
2026-10-07 02:04:09.557 WARN   Wiring.write_wire_scope: net not found
2026-10-07 02:04:09.557 WARN   Wiring.write_wire_scope: net not found
2026-10-07 02:04:09.557 WARN   Wiring.write_wire_scope: net not found
2026-10-07 02:04:09.557 WARN   Wiring.write_wire_scope: net not found
2026-10-07 02:04:09.557 WARN   Wiring.write_wire_scope: net not found
2026-10-07 02:04:09.557 WARN   Wiring.write_wire_scope: net not found
2026-10-07 02:04:09.557 WARN   Wiring.write_wire_scope: net not found
2026-10-07 02:04:09.557 WARN   Wiring.write_wire_scope: net not found
2026-10-07 02:04:09.557 WARN   Wiring.write_wire_scope: net not found
2026-10-07 02:04:09.557 WARN   Wiring.write_wire_scope: net not found
2026-10-07 02:04:09.557 WARN   Wiring.write_wire_scope: net not found
2026-10-07 02:04:09.557 WARN   Wiring.write_wire_scope: net not found
2026-10-07 02:04:09.557 WARN   Wiring.write_wire_scope: net not found
2026-10-07 02:04:09.557 WARN   Wiring.write_wire_scope: net not found
2026-10-07 02:04:09.557 WARN   Wiring.write_wire_scope: net not found
2026-10-07 02:04:09.557 WARN   Wiring.write_wire_scope: net not found
2026-10-07 02:04:09.557 WARN   Wiring.write_wire_scope: net not found
2026-10-07 02:04:09.557 WARN   Wiring.write_wire_scope: net not found
2026-10-07 02:04:09.557 WARN   Wiring.write_wire_scope: net not found
2026-10-07 02:04:09.557 WARN   Wiring.write_wire_scope: net not found
2026-10-07 02:04:09.557 WARN   Wiring.write_wire_scope: net not found
2026-10-07 02:04:09.557 WARN   Wiring.write_wire_scope: net not found
2026-10-07 02:04:09.557 WARN   Wiring.write_wire_scope: net not found
2026-10-07 02:04:09.557 WARN   Wiring.write_wire_scope: net not found
2026-10-07 02:04:09.557 WARN   Wiring.write_wire_scope: net not found
2026-10-07 02:04:09.557 WARN   Wiring.write_wire_scope: net not found
2026-10-07 02:04:10.041 WARN   Wiring.write_wire_scope: net not found
2026-10-07 02:04:10.041 WARN   Wiring.write_wire_scope: net not found
2026-10-07 02:04:10.041 WARN   Wiring.write_wire_scope: net not found
2026-10-07 02:04:10.041 WARN   Wiring.write_wire_scope: net not found
2026-10-07 02:04:10.041 WARN   Wiring.write_wire_scope: net not found
2026-10-07 02:04:10.041 WARN   Wiring.write_wire_scope: net not found
2026-10-07 02:04:10.041 WARN   Wiring.write_wire_scope: net not found
2026-10-07 02:04:10.041 WARN   Wiring.write_wire_scope: net not found
2026-10-07 02:04:10.041 WARN   Wiring.write_wire_scope: net not found
2026-10-07 02:04:10.041 WARN   Wiring.write_wire_scope: net not found
2026-10-07 02:04:10.041 WARN   Wiring.write_wire_scope: net not found
2026-10-07 02:04:10.041 WARN   Wiring.write_wire_scope: net not found
2026-10-07 02:04:10.041 WARN   Wiring.write_wire_scope: net not found
2026-10-07 02:04:10.041 WARN   Wiring.write_wire_scope: net not found
2026-10-07 02:04:10.041 WARN   Wiring.write_wire_scope: net not found
2026-10-07 02:04:10.041 WARN   Wiring.write_wire_scope: net not found
2026-10-07 02:04:10.041 WARN   Wiring.write_wire_scope: net not found
2026-10-07 02:04:10.041 WARN   Wiring.write_wire_scope: net not found
2026-10-07 02:04:10.041 WARN   Wiring.write_wire_scope: net not found
2026-10-07 02:04:10.041 WARN   Wiring.write_wire_scope: net not found
2026-10-07 02:04:10.041 WARN   Wiring.write_wire_scope: net not found
2026-10-07 02:04:10.041 WARN   Wiring.write_wire_scope: net not found
2026-10-07 02:04:10.041 WARN   Wiring.write_wire_scope: net not found
2026-10-07 02:04:10.041 WARN   Wiring.write_wire_scope: net not found
2026-10-07 02:04:10.041 WARN   Wiring.write_wire_scope: net not found
2026-10-07 02:04:10.041 WARN   Wiring.write_wire_scope: net not found
2026-10-07 02:04:10.041 WARN   Wiring.write_wire_scope: net not found
2026-10-07 02:04:10.041 WARN   Wiring.write_wire_scope: net not found
2026-10-07 02:04:10.041 WARN   Wiring.write_wire_scope: net not found
2026-10-07 02:04:10.041 WARN   Wiring.write_wire_scope: net not found
2026-10-07 02:04:10.041 WARN   Wiring.write_wire_scope: net not found
2026-10-07 02:04:10.041 WARN   Wiring.write_wire_scope: net not found
2026-10-07 02:04:10.041 WARN   Wiring.write_wire_scope: net not found
2026-10-07 02:04:10.041 WARN   Wiring.write_wire_scope: net not found
2026-10-07 02:04:10.041 WARN   Wiring.write_wire_scope: net not found
2026-10-07 02:04:10.041 WARN   Wiring.write_wire_scope: net not found
2026-10-07 02:04:10.041 WARN   Wiring.write_wire_scope: net not found
2026-10-07 02:04:10.041 WARN   Wiring.write_wire_scope: net not found
2026-10-07 02:04:10.041 WARN   Wiring.write_wire_scope: net not found
2026-10-07 02:04:10.041 WARN   Wiring.write_wire_scope: net not found
2026-10-07 02:04:10.041 WARN   Wiring.write_wire_scope: net not found
2026-10-07 02:04:10.041 WARN   Wiring.write_wire_scope: net not found
2026-10-07 02:04:10.041 WARN   Wiring.write_wire_scope: net not found
2026-10-07 02:04:10.041 WARN   Wiring.write_wire_scope: net not found
2026-10-07 02:04:10.041 WARN   Wiring.write_wire_scope: net not found
2026-10-07 02:04:10.041 WARN   Wiring.write_wire_scope: net not found
2026-10-07 02:04:10.041 WARN   Wiring.write_wire_scope: net not found
2026-10-07 02:04:10.041 WARN   Wiring.write_wire_scope: net not found
2026-10-07 02:04:10.041 WARN   Wiring.write_wire_scope: net not found
2026-10-07 02:04:10.041 WARN   Wiring.write_wire_scope: net not found
2026-10-07 02:04:10.041 WARN   Wiring.write_wire_scope: net not found
2026-10-07 02:04:10.041 WARN   Wiring.write_wire_scope: net not found
2026-10-07 02:04:10.041 WARN   Wiring.write_wire_scope: net not found
2026-10-07 02:04:10.041 WARN   Wiring.write_wire_scope: net not found
2026-10-07 02:04:10.041 WARN   Wiring.write_wire_scope: net not found
2026-10-07 02:04:10.041 WARN   Wiring.write_wire_scope: net not found
2026-10-07 02:04:10.041 WARN   Wiring.write_wire_scope: net not found
2026-10-07 02:04:10.041 WARN   Wiring.write_wire_scope: net not found
2026-10-07 02:04:10.041 WARN   Wiring.write_wire_scope: net not found
2026-10-07 02:04:10.041 WARN   Wiring.write_wire_scope: net not found
2026-10-07 02:04:10.041 WARN   Wiring.write_wire_scope: net not found
2026-10-07 02:04:10.041 WARN   Wiring.write_wire_scope: net not found
2026-10-07 02:04:10.041 WARN   Wiring.write_wire_scope: net not found
2026-10-07 02:04:10.041 WARN   Wiring.write_wire_scope: net not found
2026-10-07 02:04:10.041 WARN   Wiring.write_wire_scope: net not found
2026-10-07 02:04:10.041 WARN   Wiring.write_wire_scope: net not found
2026-10-07 02:04:10.041 WARN   Wiring.write_wire_scope: net not found
2026-10-07 02:04:10.041 WARN   Wiring.write_wire_scope: net not found
2026-10-07 02:04:10.041 WARN   Wiring.write_wire_scope: net not found
2026-10-07 02:04:10.041 WARN   Wiring.write_wire_scope: net not found
2026-10-07 02:04:10.041 WARN   Wiring.write_wire_scope: net not found
2026-10-07 02:04:10.041 WARN   Wiring.write_wire_scope: net not found
2026-10-07 02:04:10.041 WARN   Wiring.write_wire_scope: net not found
2026-10-07 02:04:10.041 WARN   Wiring.write_wire_scope: net not found
2026-10-07 02:04:10.041 WARN   Wiring.write_wire_scope: net not found
2026-10-07 02:04:10.041 WARN   Wiring.write_wire_scope: net not found
2026-10-07 02:04:10.041 WARN   Wiring.write_wire_scope: net not found
2026-10-07 02:04:10.042 WARN   Wiring.write_wire_scope: net not found
2026-10-07 02:04:10.042 WARN   Wiring.write_wire_scope: net not found
2026-10-07 02:04:10.042 WARN   Wiring.write_wire_scope: net not found
2026-10-07 02:04:10.042 WARN   Wiring.write_wire_scope: net not found
2026-10-07 02:04:10.042 WARN   Wiring.write_wire_scope: net not found
2026-10-07 02:04:10.042 WARN   Wiring.write_wire_scope: net not found
2026-10-07 02:04:10.042 WARN   Wiring.write_wire_scope: net not found
2026-10-07 02:04:10.042 WARN   Wiring.write_wire_scope: net not found
2026-10-07 02:04:10.042 WARN   Wiring.write_wire_scope: net not found
2026-10-07 02:04:12.261 WARN   Wiring.write_wire_scope: net not found
2026-10-07 02:04:12.261 WARN   Wiring.write_wire_scope: net not found
2026-10-07 02:04:12.261 WARN   Wiring.write_wire_scope: net not found
2026-10-07 02:04:12.261 WARN   Wiring.write_wire_scope: net not found
2026-10-07 02:04:12.261 WARN   Wiring.write_wire_scope: net not found
2026-10-07 02:04:12.261 WARN   Wiring.write_wire_scope: net not found
2026-10-07 02:04:12.261 WARN   Wiring.write_wire_scope: net not found
2026-10-07 02:04:12.261 WARN   Wiring.write_wire_scope: net not found
2026-10-07 02:04:12.261 WARN   Wiring.write_wire_scope: net not found
2026-10-07 02:04:12.261 WARN   Wiring.write_wire_scope: net not found
2026-10-07 02:04:12.261 WARN   Wiring.write_wire_scope: net not found
2026-10-07 02:04:12.261 WARN   Wiring.write_wire_scope: net not found
2026-10-07 02:04:12.261 WARN   Wiring.write_wire_scope: net not found
2026-10-07 02:04:12.261 WARN   Wiring.write_wire_scope: net not found
2026-10-07 02:04:12.261 WARN   Wiring.write_wire_scope: net not found
2026-10-07 02:04:12.261 WARN   Wiring.write_wire_scope: net not found
2026-10-07 02:04:12.261 WARN   Wiring.write_wire_scope: net not found
2026-10-07 02:04:12.261 WARN   Wiring.write_wire_scope: net not found
2026-10-07 02:04:12.261 WARN   Wiring.write_wire_scope: net not found
2026-10-07 02:04:12.261 WARN   Wiring.write_wire_scope: net not found
2026-10-07 02:04:12.261 WARN   Wiring.write_wire_scope: net not found
2026-10-07 02:04:12.261 WARN   Wiring.write_wire_scope: net not found
2026-10-07 02:04:12.261 WARN   Wiring.write_wire_scope: net not found
2026-10-07 02:04:12.261 WARN   Wiring.write_wire_scope: net not found
2026-10-07 02:04:12.261 WARN   Wiring.write_wire_scope: net not found
2026-10-07 02:04:12.261 WARN   Wiring.write_wire_scope: net not found
2026-10-07 02:04:12.261 WARN   Wiring.write_wire_scope: net not found
2026-10-07 02:04:12.261 WARN   Wiring.write_wire_scope: net not found
2026-10-07 02:04:12.261 WARN   Wiring.write_wire_scope: net not found
2026-10-07 02:04:12.261 WARN   Wiring.write_wire_scope: net not found
2026-10-07 02:04:12.261 WARN   Wiring.write_wire_scope: net not found
2026-10-07 02:04:12.261 WARN   Wiring.write_wire_scope: net not found
2026-10-07 02:04:12.261 WARN   Wiring.write_wire_scope: net not found
2026-10-07 02:04:12.261 WARN   Wiring.write_wire_scope: net not found
2026-10-07 02:04:12.261 WARN   Wiring.write_wire_scope: net not found
2026-10-07 02:04:12.261 WARN   Wiring.write_wire_scope: net not found
2026-10-07 02:04:12.261 WARN   Wiring.write_wire_scope: net not found
2026-10-07 02:04:12.261 WARN   Wiring.write_wire_scope: net not found
2026-10-07 02:04:12.261 WARN   Wiring.write_wire_scope: net not found
2026-10-07 02:04:12.261 WARN   Wiring.write_wire_scope: net not found
2026-10-07 02:04:12.261 WARN   Wiring.write_wire_scope: net not found
2026-10-07 02:04:12.261 WARN   Wiring.write_wire_scope: net not found
2026-10-07 02:04:12.261 WARN   Wiring.write_wire_scope: net not found
2026-10-07 02:04:12.261 WARN   Wiring.write_wire_scope: net not found
2026-10-07 02:04:12.261 WARN   Wiring.write_wire_scope: net not found
2026-10-07 02:04:12.261 WARN   Wiring.write_wire_scope: net not found
2026-10-07 02:04:12.261 WARN   Wiring.write_wire_scope: net not found
2026-10-07 02:04:12.261 WARN   Wiring.write_wire_scope: net not found
2026-10-07 02:04:12.261 WARN   Wiring.write_wire_scope: net not found
2026-10-07 02:04:12.261 WARN   Wiring.write_wire_scope: net not found
2026-10-07 02:04:12.261 WARN   Wiring.write_wire_scope: net not found
2026-10-07 02:04:12.261 WARN   Wiring.write_wire_scope: net not found
2026-10-07 02:04:12.261 WARN   Wiring.write_wire_scope: net not found
2026-10-07 02:04:12.261 WARN   Wiring.write_wire_scope: net not found
2026-10-07 02:04:12.261 WARN   Wiring.write_wire_scope: net not found
2026-10-07 02:04:12.261 WARN   Wiring.write_wire_scope: net not found
2026-10-07 02:04:12.261 WARN   Wiring.write_wire_scope: net not found
2026-10-07 02:04:12.261 WARN   Wiring.write_wire_scope: net not found
2026-10-07 02:04:12.261 WARN   Wiring.write_wire_scope: net not found
2026-10-07 02:04:12.261 WARN   Wiring.write_wire_scope: net not found
2026-10-07 02:04:12.261 WARN   Wiring.write_wire_scope: net not found
2026-10-07 02:04:12.261 WARN   Wiring.write_wire_scope: net not found
2026-10-07 02:04:12.261 WARN   Wiring.write_wire_scope: net not found
2026-10-07 02:04:12.261 WARN   Wiring.write_wire_scope: net not found
2026-10-07 02:04:12.261 WARN   Wiring.write_wire_scope: net not found
2026-10-07 02:04:12.261 WARN   Wiring.write_wire_scope: net not found
2026-10-07 02:04:12.261 WARN   Wiring.write_wire_scope: net not found
2026-10-07 02:04:12.261 WARN   Wiring.write_wire_scope: net not found
2026-10-07 02:04:12.261 WARN   Wiring.write_wire_scope: net not found
2026-10-07 02:04:12.261 WARN   Wiring.write_wire_scope: net not found
2026-10-07 02:04:12.261 WARN   Wiring.write_wire_scope: net not found
2026-10-07 02:04:12.261 WARN   Wiring.write_wire_scope: net not found
2026-10-07 02:04:12.261 WARN   Wiring.write_wire_scope: net not found
2026-10-07 02:04:12.261 WARN   Wiring.write_wire_scope: net not found
2026-10-07 02:04:12.261 WARN   Wiring.write_wire_scope: net not found
2026-10-07 02:04:12.261 WARN   Wiring.write_wire_scope: net not found
2026-10-07 02:04:12.261 WARN   Wiring.write_wire_scope: net not found
2026-10-07 02:04:12.261 WARN   Wiring.write_wire_scope: net not found
2026-10-07 02:04:12.261 WARN   Wiring.write_wire_scope: net not found
2026-10-07 02:04:12.261 WARN   Wiring.write_wire_scope: net not found
2026-10-07 02:04:12.261 WARN   Wiring.write_wire_scope: net not found
2026-10-07 02:04:12.261 WARN   Wiring.write_wire_scope: net not found
2026-10-07 02:04:12.261 WARN   Wiring.write_wire_scope: net not found
2026-10-07 02:04:12.261 WARN   Wiring.write_wire_scope: net not found
2026-10-07 02:04:12.261 WARN   Wiring.write_wire_scope: net not found
2026-10-07 02:04:12.261 WARN   Wiring.write_wire_scope: net not found
2026-10-07 02:04:12.512 WARN   Wiring.write_wire_scope: net not found
2026-10-07 02:04:12.512 WARN   Wiring.write_wire_scope: net not found
2026-10-07 02:04:12.512 WARN   Wiring.write_wire_scope: net not found
2026-10-07 02:04:12.512 WARN   Wiring.write_wire_scope: net not found
2026-10-07 02:04:12.512 WARN   Wiring.write_wire_scope: net not found
2026-10-07 02:04:12.512 WARN   Wiring.write_wire_scope: net not found
2026-10-07 02:04:12.512 WARN   Wiring.write_wire_scope: net not found
2026-10-07 02:04:12.512 WARN   Wiring.write_wire_scope: net not found
2026-10-07 02:04:12.512 WARN   Wiring.write_wire_scope: net not found
2026-10-07 02:04:12.512 WARN   Wiring.write_wire_scope: net not found
2026-10-07 02:04:12.512 WARN   Wiring.write_wire_scope: net not found
2026-10-07 02:04:12.512 WARN   Wiring.write_wire_scope: net not found
2026-10-07 02:04:12.512 WARN   Wiring.write_wire_scope: net not found
2026-10-07 02:04:12.512 WARN   Wiring.write_wire_scope: net not found
2026-10-07 02:04:12.512 WARN   Wiring.write_wire_scope: net not found
2026-10-07 02:04:12.512 WARN   Wiring.write_wire_scope: net not found
2026-10-07 02:04:12.512 WARN   Wiring.write_wire_scope: net not found
2026-10-07 02:04:12.512 WARN   Wiring.write_wire_scope: net not found
2026-10-07 02:04:12.512 WARN   Wiring.write_wire_scope: net not found
2026-10-07 02:04:12.512 WARN   Wiring.write_wire_scope: net not found
2026-10-07 02:04:12.512 WARN   Wiring.write_wire_scope: net not found
2026-10-07 02:04:12.512 WARN   Wiring.write_wire_scope: net not found
2026-10-07 02:04:12.512 WARN   Wiring.write_wire_scope: net not found
2026-10-07 02:04:12.512 WARN   Wiring.write_wire_scope: net not found
2026-10-07 02:04:12.512 WARN   Wiring.write_wire_scope: net not found
2026-10-07 02:04:12.512 WARN   Wiring.write_wire_scope: net not found
2026-10-07 02:04:12.512 WARN   Wiring.write_wire_scope: net not found
2026-10-07 02:04:12.512 WARN   Wiring.write_wire_scope: net not found
2026-10-07 02:04:12.512 WARN   Wiring.write_wire_scope: net not found
2026-10-07 02:04:12.512 WARN   Wiring.write_wire_scope: net not found
2026-10-07 02:04:12.512 WARN   Wiring.write_wire_scope: net not found
2026-10-07 02:04:12.512 WARN   Wiring.write_wire_scope: net not found
2026-10-07 02:04:12.512 WARN   Wiring.write_wire_scope: net not found
2026-10-07 02:04:12.512 WARN   Wiring.write_wire_scope: net not found
2026-10-07 02:04:12.512 WARN   Wiring.write_wire_scope: net not found
2026-10-07 02:04:12.512 WARN   Wiring.write_wire_scope: net not found
2026-10-07 02:04:12.512 WARN   Wiring.write_wire_scope: net not found
2026-10-07 02:04:12.512 WARN   Wiring.write_wire_scope: net not found
2026-10-07 02:04:12.512 WARN   Wiring.write_wire_scope: net not found
2026-10-07 02:04:12.512 WARN   Wiring.write_wire_scope: net not found
2026-10-07 02:04:12.512 WARN   Wiring.write_wire_scope: net not found
2026-10-07 02:04:12.512 WARN   Wiring.write_wire_scope: net not found
2026-10-07 02:04:12.512 WARN   Wiring.write_wire_scope: net not found
2026-10-07 02:04:12.512 WARN   Wiring.write_wire_scope: net not found
2026-10-07 02:04:12.512 WARN   Wiring.write_wire_scope: net not found
2026-10-07 02:04:12.512 WARN   Wiring.write_wire_scope: net not found
2026-10-07 02:04:12.512 WARN   Wiring.write_wire_scope: net not found
2026-10-07 02:04:12.512 WARN   Wiring.write_wire_scope: net not found
2026-10-07 02:04:12.512 WARN   Wiring.write_wire_scope: net not found
2026-10-07 02:04:12.512 WARN   Wiring.write_wire_scope: net not found
2026-10-07 02:04:12.512 WARN   Wiring.write_wire_scope: net not found
2026-10-07 02:04:12.512 WARN   Wiring.write_wire_scope: net not found
2026-10-07 02:04:12.512 WARN   Wiring.write_wire_scope: net not found
2026-10-07 02:04:12.512 WARN   Wiring.write_wire_scope: net not found
2026-10-07 02:04:12.512 WARN   Wiring.write_wire_scope: net not found
2026-10-07 02:04:12.512 WARN   Wiring.write_wire_scope: net not found
2026-10-07 02:04:12.512 WARN   Wiring.write_wire_scope: net not found
2026-10-07 02:04:12.512 WARN   Wiring.write_wire_scope: net not found
2026-10-07 02:04:12.512 WARN   Wiring.write_wire_scope: net not found
2026-10-07 02:04:12.512 WARN   Wiring.write_wire_scope: net not found
2026-10-07 02:04:12.512 WARN   Wiring.write_wire_scope: net not found
2026-10-07 02:04:12.512 WARN   Wiring.write_wire_scope: net not found
2026-10-07 02:04:12.512 WARN   Wiring.write_wire_scope: net not found
2026-10-07 02:04:12.512 WARN   Wiring.write_wire_scope: net not found
2026-10-07 02:04:12.512 WARN   Wiring.write_wire_scope: net not found
2026-10-07 02:04:12.512 WARN   Wiring.write_wire_scope: net not found
2026-10-07 02:04:12.512 WARN   Wiring.write_wire_scope: net not found
2026-10-07 02:04:12.512 WARN   Wiring.write_wire_scope: net not found
2026-10-07 02:04:12.513 WARN   Wiring.write_wire_scope: net not found
2026-10-07 02:04:12.513 WARN   Wiring.write_wire_scope: net not found
2026-10-07 02:04:12.513 WARN   Wiring.write_wire_scope: net not found
2026-10-07 02:04:12.513 WARN   Wiring.write_wire_scope: net not found
2026-10-07 02:04:12.513 WARN   Wiring.write_wire_scope: net not found
2026-10-07 02:04:12.513 WARN   Wiring.write_wire_scope: net not found
2026-10-07 02:04:12.513 WARN   Wiring.write_wire_scope: net not found
2026-10-07 02:04:12.513 WARN   Wiring.write_wire_scope: net not found
2026-10-07 02:04:12.513 WARN   Wiring.write_wire_scope: net not found
2026-10-07 02:04:12.513 WARN   Wiring.write_wire_scope: net not found
2026-10-07 02:04:12.513 WARN   Wiring.write_wire_scope: net not found
2026-10-07 02:04:12.513 WARN   Wiring.write_wire_scope: net not found
2026-10-07 02:04:12.513 WARN   Wiring.write_wire_scope: net not found
2026-10-07 02:04:12.513 WARN   Wiring.write_wire_scope: net not found
2026-10-07 02:04:12.513 WARN   Wiring.write_wire_scope: net not found
2026-10-07 02:04:12.513 WARN   Wiring.write_wire_scope: net not found
2026-10-07 02:04:12.513 WARN   Wiring.write_wire_scope: net not found
2026-10-07 02:04:12.513 WARN   Wiring.write_wire_scope: net not found
2026-10-07 02:04:14.836 WARN   Wiring.write_wire_scope: net not found
2026-10-07 02:04:14.836 WARN   Wiring.write_wire_scope: net not found
2026-10-07 02:04:14.836 WARN   Wiring.write_wire_scope: net not found
2026-10-07 02:04:14.836 WARN   Wiring.write_wire_scope: net not found
2026-10-07 02:04:14.836 WARN   Wiring.write_wire_scope: net not found
2026-10-07 02:04:14.836 WARN   Wiring.write_wire_scope: net not found
2026-10-07 02:04:14.836 WARN   Wiring.write_wire_scope: net not found
2026-10-07 02:04:14.836 WARN   Wiring.write_wire_scope: net not found
2026-10-07 02:04:14.836 WARN   Wiring.write_wire_scope: net not found
2026-10-07 02:04:14.836 WARN   Wiring.write_wire_scope: net not found
2026-10-07 02:04:14.836 WARN   Wiring.write_wire_scope: net not found
2026-10-07 02:04:14.836 WARN   Wiring.write_wire_scope: net not found
2026-10-07 02:04:14.836 WARN   Wiring.write_wire_scope: net not found
2026-10-07 02:04:14.836 WARN   Wiring.write_wire_scope: net not found
2026-10-07 02:04:14.836 WARN   Wiring.write_wire_scope: net not found
2026-10-07 02:04:14.836 WARN   Wiring.write_wire_scope: net not found
2026-10-07 02:04:14.836 WARN   Wiring.write_wire_scope: net not found
2026-10-07 02:04:14.836 WARN   Wiring.write_wire_scope: net not found
2026-10-07 02:04:14.836 WARN   Wiring.write_wire_scope: net not found
2026-10-07 02:04:14.836 WARN   Wiring.write_wire_scope: net not found
2026-10-07 02:04:14.836 WARN   Wiring.write_wire_scope: net not found
2026-10-07 02:04:14.836 WARN   Wiring.write_wire_scope: net not found
2026-10-07 02:04:14.836 WARN   Wiring.write_wire_scope: net not found
2026-10-07 02:04:14.836 WARN   Wiring.write_wire_scope: net not found
2026-10-07 02:04:14.836 WARN   Wiring.write_wire_scope: net not found
2026-10-07 02:04:14.836 WARN   Wiring.write_wire_scope: net not found
2026-10-07 02:04:14.836 WARN   Wiring.write_wire_scope: net not found
2026-10-07 02:04:14.836 WARN   Wiring.write_wire_scope: net not found
2026-10-07 02:04:14.836 WARN   Wiring.write_wire_scope: net not found
2026-10-07 02:04:14.836 WARN   Wiring.write_wire_scope: net not found
2026-10-07 02:04:14.836 WARN   Wiring.write_wire_scope: net not found
2026-10-07 02:04:14.836 WARN   Wiring.write_wire_scope: net not found
2026-10-07 02:04:14.836 WARN   Wiring.write_wire_scope: net not found
2026-10-07 02:04:14.836 WARN   Wiring.write_wire_scope: net not found
2026-10-07 02:04:14.836 WARN   Wiring.write_wire_scope: net not found
2026-10-07 02:04:14.836 WARN   Wiring.write_wire_scope: net not found
2026-10-07 02:04:14.836 WARN   Wiring.write_wire_scope: net not found
2026-10-07 02:04:14.836 WARN   Wiring.write_wire_scope: net not found
2026-10-07 02:04:14.836 WARN   Wiring.write_wire_scope: net not found
2026-10-07 02:04:14.836 WARN   Wiring.write_wire_scope: net not found
2026-10-07 02:04:14.836 WARN   Wiring.write_wire_scope: net not found
2026-10-07 02:04:14.836 WARN   Wiring.write_wire_scope: net not found
2026-10-07 02:04:14.836 WARN   Wiring.write_wire_scope: net not found
2026-10-07 02:04:14.836 WARN   Wiring.write_wire_scope: net not found
2026-10-07 02:04:14.836 WARN   Wiring.write_wire_scope: net not found
2026-10-07 02:04:14.836 WARN   Wiring.write_wire_scope: net not found
2026-10-07 02:04:14.836 WARN   Wiring.write_wire_scope: net not found
2026-10-07 02:04:14.836 WARN   Wiring.write_wire_scope: net not found
2026-10-07 02:04:14.836 WARN   Wiring.write_wire_scope: net not found
2026-10-07 02:04:14.836 WARN   Wiring.write_wire_scope: net not found
2026-10-07 02:04:14.836 WARN   Wiring.write_wire_scope: net not found
2026-10-07 02:04:14.836 WARN   Wiring.write_wire_scope: net not found
2026-10-07 02:04:14.836 WARN   Wiring.write_wire_scope: net not found
2026-10-07 02:04:14.836 WARN   Wiring.write_wire_scope: net not found
2026-10-07 02:04:14.836 WARN   Wiring.write_wire_scope: net not found
2026-10-07 02:04:14.836 WARN   Wiring.write_wire_scope: net not found
2026-10-07 02:04:14.836 WARN   Wiring.write_wire_scope: net not found
2026-10-07 02:04:14.836 WARN   Wiring.write_wire_scope: net not found
2026-10-07 02:04:14.836 WARN   Wiring.write_wire_scope: net not found
2026-10-07 02:04:14.836 WARN   Wiring.write_wire_scope: net not found
2026-10-07 02:04:14.836 WARN   Wiring.write_wire_scope: net not found
2026-10-07 02:04:14.836 WARN   Wiring.write_wire_scope: net not found
2026-10-07 02:04:14.836 WARN   Wiring.write_wire_scope: net not found
2026-10-07 02:04:14.836 WARN   Wiring.write_wire_scope: net not found
2026-10-07 02:04:14.836 WARN   Wiring.write_wire_scope: net not found
2026-10-07 02:04:14.836 WARN   Wiring.write_wire_scope: net not found
2026-10-07 02:04:14.836 WARN   Wiring.write_wire_scope: net not found
2026-10-07 02:04:14.836 WARN   Wiring.write_wire_scope: net not found
2026-10-07 02:04:14.836 WARN   Wiring.write_wire_scope: net not found
2026-10-07 02:04:14.836 WARN   Wiring.write_wire_scope: net not found
2026-10-07 02:04:14.837 WARN   Wiring.write_wire_scope: net not found
2026-10-07 02:04:14.837 WARN   Wiring.write_wire_scope: net not found
2026-10-07 02:04:14.837 WARN   Wiring.write_wire_scope: net not found
2026-10-07 02:04:14.837 WARN   Wiring.write_wire_scope: net not found
2026-10-07 02:04:14.837 WARN   Wiring.write_wire_scope: net not found
2026-10-07 02:04:14.837 WARN   Wiring.write_wire_scope: net not found
2026-10-07 02:04:14.837 WARN   Wiring.write_wire_scope: net not found
2026-10-07 02:04:14.837 WARN   Wiring.write_wire_scope: net not found
2026-10-07 02:04:14.837 WARN   Wiring.write_wire_scope: net not found
2026-10-07 02:04:14.837 WARN   Wiring.write_wire_scope: net not found
2026-10-07 02:04:14.837 WARN   Wiring.write_wire_scope: net not found
2026-10-07 02:04:14.837 WARN   Wiring.write_wire_scope: net not found
2026-10-07 02:04:14.837 WARN   Wiring.write_wire_scope: net not found
2026-10-07 02:04:14.837 WARN   Wiring.write_wire_scope: net not found
2026-10-07 02:04:14.837 WARN   Wiring.write_wire_scope: net not found
2026-10-07 02:04:14.837 WARN   Wiring.write_wire_scope: net not found
2026-10-07 02:04:17.008 WARN   Wiring.write_wire_scope: net not found
2026-10-07 02:04:17.008 WARN   Wiring.write_wire_scope: net not found
2026-10-07 02:04:17.008 WARN   Wiring.write_wire_scope: net not found
2026-10-07 02:04:17.008 WARN   Wiring.write_wire_scope: net not found
2026-10-07 02:04:17.008 WARN   Wiring.write_wire_scope: net not found
2026-10-07 02:04:17.008 WARN   Wiring.write_wire_scope: net not found
2026-10-07 02:04:17.008 WARN   Wiring.write_wire_scope: net not found
2026-10-07 02:04:17.008 WARN   Wiring.write_wire_scope: net not found
2026-10-07 02:04:17.008 WARN   Wiring.write_wire_scope: net not found
2026-10-07 02:04:17.008 WARN   Wiring.write_wire_scope: net not found
2026-10-07 02:04:17.008 WARN   Wiring.write_wire_scope: net not found
2026-10-07 02:04:17.008 WARN   Wiring.write_wire_scope: net not found
2026-10-07 02:04:17.008 WARN   Wiring.write_wire_scope: net not found
2026-10-07 02:04:17.008 WARN   Wiring.write_wire_scope: net not found
2026-10-07 02:04:17.008 WARN   Wiring.write_wire_scope: net not found
2026-10-07 02:04:17.008 WARN   Wiring.write_wire_scope: net not found
2026-10-07 02:04:17.008 WARN   Wiring.write_wire_scope: net not found
2026-10-07 02:04:17.008 WARN   Wiring.write_wire_scope: net not found
2026-10-07 02:04:17.008 WARN   Wiring.write_wire_scope: net not found
2026-10-07 02:04:17.008 WARN   Wiring.write_wire_scope: net not found
2026-10-07 02:04:17.008 WARN   Wiring.write_wire_scope: net not found
2026-10-07 02:04:17.008 WARN   Wiring.write_wire_scope: net not found
2026-10-07 02:04:17.008 WARN   Wiring.write_wire_scope: net not found
2026-10-07 02:04:17.008 WARN   Wiring.write_wire_scope: net not found
2026-10-07 02:04:17.008 WARN   Wiring.write_wire_scope: net not found
2026-10-07 02:04:17.008 WARN   Wiring.write_wire_scope: net not found
2026-10-07 02:04:17.008 WARN   Wiring.write_wire_scope: net not found
2026-10-07 02:04:17.008 WARN   Wiring.write_wire_scope: net not found
2026-10-07 02:04:17.008 WARN   Wiring.write_wire_scope: net not found
2026-10-07 02:04:17.008 WARN   Wiring.write_wire_scope: net not found
2026-10-07 02:04:17.008 WARN   Wiring.write_wire_scope: net not found
2026-10-07 02:04:17.008 WARN   Wiring.write_wire_scope: net not found
2026-10-07 02:04:17.008 WARN   Wiring.write_wire_scope: net not found
2026-10-07 02:04:17.008 WARN   Wiring.write_wire_scope: net not found
2026-10-07 02:04:17.008 WARN   Wiring.write_wire_scope: net not found
2026-10-07 02:04:17.008 WARN   Wiring.write_wire_scope: net not found
2026-10-07 02:04:17.008 WARN   Wiring.write_wire_scope: net not found
2026-10-07 02:04:17.008 WARN   Wiring.write_wire_scope: net not found
2026-10-07 02:04:17.008 WARN   Wiring.write_wire_scope: net not found
2026-10-07 02:04:17.008 WARN   Wiring.write_wire_scope: net not found
2026-10-07 02:04:17.008 WARN   Wiring.write_wire_scope: net not found
2026-10-07 02:04:17.008 WARN   Wiring.write_wire_scope: net not found
2026-10-07 02:04:17.008 WARN   Wiring.write_wire_scope: net not found
2026-10-07 02:04:17.008 WARN   Wiring.write_wire_scope: net not found
2026-10-07 02:04:17.008 WARN   Wiring.write_wire_scope: net not found
2026-10-07 02:04:17.008 WARN   Wiring.write_wire_scope: net not found
2026-10-07 02:04:17.008 WARN   Wiring.write_wire_scope: net not found
2026-10-07 02:04:17.008 WARN   Wiring.write_wire_scope: net not found
2026-10-07 02:04:17.008 WARN   Wiring.write_wire_scope: net not found
2026-10-07 02:04:17.008 WARN   Wiring.write_wire_scope: net not found
2026-10-07 02:04:17.008 WARN   Wiring.write_wire_scope: net not found
2026-10-07 02:04:17.008 WARN   Wiring.write_wire_scope: net not found
2026-10-07 02:04:17.008 WARN   Wiring.write_wire_scope: net not found
2026-10-07 02:04:17.008 WARN   Wiring.write_wire_scope: net not found
2026-10-07 02:04:17.008 WARN   Wiring.write_wire_scope: net not found
2026-10-07 02:04:17.008 WARN   Wiring.write_wire_scope: net not found
2026-10-07 02:04:17.008 WARN   Wiring.write_wire_scope: net not found
2026-10-07 02:04:17.008 WARN   Wiring.write_wire_scope: net not found
2026-10-07 02:04:17.008 WARN   Wiring.write_wire_scope: net not found
2026-10-07 02:04:17.008 WARN   Wiring.write_wire_scope: net not found
2026-10-07 02:04:17.008 WARN   Wiring.write_wire_scope: net not found
2026-10-07 02:04:17.008 WARN   Wiring.write_wire_scope: net not found
2026-10-07 02:04:17.008 WARN   Wiring.write_wire_scope: net not found
2026-10-07 02:04:17.008 WARN   Wiring.write_wire_scope: net not found
2026-10-07 02:04:17.008 WARN   Wiring.write_wire_scope: net not found
2026-10-07 02:04:17.008 WARN   Wiring.write_wire_scope: net not found
2026-10-07 02:04:17.008 WARN   Wiring.write_wire_scope: net not found
2026-10-07 02:04:17.008 WARN   Wiring.write_wire_scope: net not found
2026-10-07 02:04:17.009 WARN   Wiring.write_wire_scope: net not found
2026-10-07 02:04:17.009 WARN   Wiring.write_wire_scope: net not found
2026-10-07 02:04:17.009 WARN   Wiring.write_wire_scope: net not found
2026-10-07 02:04:17.009 WARN   Wiring.write_wire_scope: net not found
2026-10-07 02:04:17.009 WARN   Wiring.write_wire_scope: net not found
2026-10-07 02:04:17.009 WARN   Wiring.write_wire_scope: net not found
2026-10-07 02:04:17.009 WARN   Wiring.write_wire_scope: net not found
2026-10-07 02:04:17.009 WARN   Wiring.write_wire_scope: net not found
2026-10-07 02:04:17.009 WARN   Wiring.write_wire_scope: net not found
2026-10-07 02:04:17.009 WARN   Wiring.write_wire_scope: net not found
2026-10-07 02:04:17.009 WARN   Wiring.write_wire_scope: net not found
2026-10-07 02:04:17.009 WARN   Wiring.write_wire_scope: net not found
2026-10-07 02:04:17.009 WARN   Wiring.write_wire_scope: net not found
2026-10-07 02:04:17.009 WARN   Wiring.write_wire_scope: net not found
2026-10-07 02:04:17.009 WARN   Wiring.write_wire_scope: net not found
2026-10-07 02:04:17.009 WARN   Wiring.write_wire_scope: net not found
2026-10-07 02:04:17.009 WARN   Wiring.write_wire_scope: net not found
2026-10-07 02:04:17.009 WARN   Wiring.write_wire_scope: net not found
2026-10-07 02:04:17.136 WARN   Wiring.write_wire_scope: net not found
2026-10-07 02:04:17.136 WARN   Wiring.write_wire_scope: net not found
2026-10-07 02:04:17.136 WARN   Wiring.write_wire_scope: net not found
2026-10-07 02:04:17.136 WARN   Wiring.write_wire_scope: net not found
2026-10-07 02:04:17.136 WARN   Wiring.write_wire_scope: net not found
2026-10-07 02:04:17.136 WARN   Wiring.write_wire_scope: net not found
2026-10-07 02:04:17.136 WARN   Wiring.write_wire_scope: net not found
2026-10-07 02:04:17.136 WARN   Wiring.write_wire_scope: net not found
2026-10-07 02:04:17.136 WARN   Wiring.write_wire_scope: net not found
2026-10-07 02:04:17.136 WARN   Wiring.write_wire_scope: net not found
2026-10-07 02:04:17.136 WARN   Wiring.write_wire_scope: net not found
2026-10-07 02:04:17.136 WARN   Wiring.write_wire_scope: net not found
2026-10-07 02:04:17.136 WARN   Wiring.write_wire_scope: net not found
2026-10-07 02:04:17.136 WARN   Wiring.write_wire_scope: net not found
2026-10-07 02:04:17.136 WARN   Wiring.write_wire_scope: net not found
2026-10-07 02:04:17.136 WARN   Wiring.write_wire_scope: net not found
2026-10-07 02:04:17.136 WARN   Wiring.write_wire_scope: net not found
2026-10-07 02:04:17.136 WARN   Wiring.write_wire_scope: net not found
2026-10-07 02:04:17.136 WARN   Wiring.write_wire_scope: net not found
2026-10-07 02:04:17.136 WARN   Wiring.write_wire_scope: net not found
2026-10-07 02:04:17.136 WARN   Wiring.write_wire_scope: net not found
2026-10-07 02:04:17.136 WARN   Wiring.write_wire_scope: net not found
2026-10-07 02:04:17.136 WARN   Wiring.write_wire_scope: net not found
2026-10-07 02:04:17.136 WARN   Wiring.write_wire_scope: net not found
2026-10-07 02:04:17.136 WARN   Wiring.write_wire_scope: net not found
2026-10-07 02:04:17.136 WARN   Wiring.write_wire_scope: net not found
2026-10-07 02:04:17.136 WARN   Wiring.write_wire_scope: net not found
2026-10-07 02:04:17.136 WARN   Wiring.write_wire_scope: net not found
2026-10-07 02:04:17.136 WARN   Wiring.write_wire_scope: net not found
2026-10-07 02:04:17.136 WARN   Wiring.write_wire_scope: net not found
2026-10-07 02:04:17.136 WARN   Wiring.write_wire_scope: net not found
2026-10-07 02:04:17.136 WARN   Wiring.write_wire_scope: net not found
2026-10-07 02:04:17.136 WARN   Wiring.write_wire_scope: net not found
2026-10-07 02:04:17.136 WARN   Wiring.write_wire_scope: net not found
2026-10-07 02:04:17.137 WARN   Wiring.write_wire_scope: net not found
2026-10-07 02:04:17.137 WARN   Wiring.write_wire_scope: net not found
2026-10-07 02:04:17.137 WARN   Wiring.write_wire_scope: net not found
2026-10-07 02:04:17.137 WARN   Wiring.write_wire_scope: net not found
2026-10-07 02:04:17.137 WARN   Wiring.write_wire_scope: net not found
2026-10-07 02:04:17.137 WARN   Wiring.write_wire_scope: net not found
2026-10-07 02:04:17.137 WARN   Wiring.write_wire_scope: net not found
2026-10-07 02:04:17.137 WARN   Wiring.write_wire_scope: net not found
2026-10-07 02:04:17.137 WARN   Wiring.write_wire_scope: net not found
2026-10-07 02:04:17.137 WARN   Wiring.write_wire_scope: net not found
2026-10-07 02:04:17.137 WARN   Wiring.write_wire_scope: net not found
2026-10-07 02:04:17.137 WARN   Wiring.write_wire_scope: net not found
2026-10-07 02:04:17.137 WARN   Wiring.write_wire_scope: net not found
2026-10-07 02:04:17.137 WARN   Wiring.write_wire_scope: net not found
2026-10-07 02:04:17.137 WARN   Wiring.write_wire_scope: net not found
2026-10-07 02:04:17.137 WARN   Wiring.write_wire_scope: net not found
2026-10-07 02:04:17.137 WARN   Wiring.write_wire_scope: net not found
2026-10-07 02:04:17.137 WARN   Wiring.write_wire_scope: net not found
2026-10-07 02:04:17.137 WARN   Wiring.write_wire_scope: net not found
2026-10-07 02:04:17.137 WARN   Wiring.write_wire_scope: net not found
2026-10-07 02:04:17.137 WARN   Wiring.write_wire_scope: net not found
2026-10-07 02:04:17.137 WARN   Wiring.write_wire_scope: net not found
2026-10-07 02:04:17.137 WARN   Wiring.write_wire_scope: net not found
2026-10-07 02:04:17.137 WARN   Wiring.write_wire_scope: net not found
2026-10-07 02:04:17.137 WARN   Wiring.write_wire_scope: net not found
2026-10-07 02:04:17.137 WARN   Wiring.write_wire_scope: net not found
2026-10-07 02:04:17.137 WARN   Wiring.write_wire_scope: net not found
2026-10-07 02:04:17.137 WARN   Wiring.write_wire_scope: net not found
2026-10-07 02:04:17.137 WARN   Wiring.write_wire_scope: net not found
2026-10-07 02:04:17.137 WARN   Wiring.write_wire_scope: net not found
2026-10-07 02:04:17.137 WARN   Wiring.write_wire_scope: net not found
2026-10-07 02:04:17.137 WARN   Wiring.write_wire_scope: net not found
2026-10-07 02:04:17.137 WARN   Wiring.write_wire_scope: net not found
2026-10-07 02:04:17.137 WARN   Wiring.write_wire_scope: net not found
2026-10-07 02:04:17.137 WARN   Wiring.write_wire_scope: net not found
2026-10-07 02:04:17.137 WARN   Wiring.write_wire_scope: net not found
2026-10-07 02:04:17.137 WARN   Wiring.write_wire_scope: net not found
2026-10-07 02:04:17.137 WARN   Wiring.write_wire_scope: net not found
2026-10-07 02:04:17.137 WARN   Wiring.write_wire_scope: net not found
2026-10-07 02:04:17.137 WARN   Wiring.write_wire_scope: net not found
2026-10-07 02:04:17.137 WARN   Wiring.write_wire_scope: net not found
2026-10-07 02:04:17.137 WARN   Wiring.write_wire_scope: net not found
2026-10-07 02:04:17.137 WARN   Wiring.write_wire_scope: net not found
2026-10-07 02:04:17.137 WARN   Wiring.write_wire_scope: net not found
2026-10-07 02:04:17.137 WARN   Wiring.write_wire_scope: net not found
2026-10-07 02:04:17.137 WARN   Wiring.write_wire_scope: net not found
2026-10-07 02:04:17.137 WARN   Wiring.write_wire_scope: net not found
2026-10-07 02:04:17.137 WARN   Wiring.write_wire_scope: net not found
2026-10-07 02:04:17.137 WARN   Wiring.write_wire_scope: net not found
2026-10-07 02:04:17.137 WARN   Wiring.write_wire_scope: net not found
2026-10-07 02:04:17.137 WARN   Wiring.write_wire_scope: net not found
2026-10-07 02:04:17.137 WARN   Wiring.write_wire_scope: net not found
2026-10-07 02:04:17.161 INFO   [596E10\3E9B66] Auto-routing pass #1 on board '432784b24ac907de3983ff111ecc8806' was completed in 10.93 seconds with score 346.40 (19 unrouted and 172 violations), using 11.72 CPU seconds and the job allocated 16.51 GB of memory so far.
2026-10-07 02:04:17.228 WARN   Wiring.write_wire_scope: net not found
2026-10-07 02:04:17.228 WARN   Wiring.write_wire_scope: net not found
2026-10-07 02:04:17.228 WARN   Wiring.write_wire_scope: net not found
2026-10-07 02:04:17.228 WARN   Wiring.write_wire_scope: net not found
2026-10-07 02:04:17.228 WARN   Wiring.write_wire_scope: net not found
2026-10-07 02:04:17.228 WARN   Wiring.write_wire_scope: net not found
2026-10-07 02:04:17.228 WARN   Wiring.write_wire_scope: net not found
2026-10-07 02:04:17.228 WARN   Wiring.write_wire_scope: net not found
2026-10-07 02:04:17.228 WARN   Wiring.write_wire_scope: net not found
2026-10-07 02:04:17.228 WARN   Wiring.write_wire_scope: net not found
2026-10-07 02:04:17.228 WARN   Wiring.write_wire_scope: net not found
2026-10-07 02:04:17.228 WARN   Wiring.write_wire_scope: net not found
2026-10-07 02:04:17.228 WARN   Wiring.write_wire_scope: net not found
2026-10-07 02:04:17.228 WARN   Wiring.write_wire_scope: net not found
2026-10-07 02:04:17.228 WARN   Wiring.write_wire_scope: net not found
2026-10-07 02:04:17.228 WARN   Wiring.write_wire_scope: net not found
2026-10-07 02:04:17.228 WARN   Wiring.write_wire_scope: net not found
2026-10-07 02:04:17.228 WARN   Wiring.write_wire_scope: net not found
2026-10-07 02:04:17.228 WARN   Wiring.write_wire_scope: net not found
2026-10-07 02:04:17.228 WARN   Wiring.write_wire_scope: net not found
2026-10-07 02:04:17.228 WARN   Wiring.write_wire_scope: net not found
2026-10-07 02:04:17.228 WARN   Wiring.write_wire_scope: net not found
2026-10-07 02:04:17.228 WARN   Wiring.write_wire_scope: net not found
2026-10-07 02:04:17.228 WARN   Wiring.write_wire_scope: net not found
2026-10-07 02:04:17.228 WARN   Wiring.write_wire_scope: net not found
2026-10-07 02:04:17.228 WARN   Wiring.write_wire_scope: net not found
2026-10-07 02:04:17.228 WARN   Wiring.write_wire_scope: net not found
2026-10-07 02:04:17.228 WARN   Wiring.write_wire_scope: net not found
2026-10-07 02:04:17.228 WARN   Wiring.write_wire_scope: net not found
2026-10-07 02:04:17.228 WARN   Wiring.write_wire_scope: net not found
2026-10-07 02:04:17.228 WARN   Wiring.write_wire_scope: net not found
2026-10-07 02:04:17.228 WARN   Wiring.write_wire_scope: net not found
2026-10-07 02:04:17.228 WARN   Wiring.write_wire_scope: net not found
2026-10-07 02:04:17.228 WARN   Wiring.write_wire_scope: net not found
2026-10-07 02:04:17.228 WARN   Wiring.write_wire_scope: net not found
2026-10-07 02:04:17.228 WARN   Wiring.write_wire_scope: net not found
2026-10-07 02:04:17.228 WARN   Wiring.write_wire_scope: net not found
2026-10-07 02:04:17.228 WARN   Wiring.write_wire_scope: net not found
2026-10-07 02:04:17.228 WARN   Wiring.write_wire_scope: net not found
2026-10-07 02:04:17.228 WARN   Wiring.write_wire_scope: net not found
2026-10-07 02:04:17.228 WARN   Wiring.write_wire_scope: net not found
2026-10-07 02:04:17.228 WARN   Wiring.write_wire_scope: net not found
2026-10-07 02:04:17.228 WARN   Wiring.write_wire_scope: net not found
2026-10-07 02:04:17.228 WARN   Wiring.write_wire_scope: net not found
2026-10-07 02:04:17.228 WARN   Wiring.write_wire_scope: net not found
2026-10-07 02:04:17.228 WARN   Wiring.write_wire_scope: net not found
2026-10-07 02:04:17.228 WARN   Wiring.write_wire_scope: net not found
2026-10-07 02:04:17.228 WARN   Wiring.write_wire_scope: net not found
2026-10-07 02:04:17.228 WARN   Wiring.write_wire_scope: net not found
2026-10-07 02:04:17.228 WARN   Wiring.write_wire_scope: net not found
2026-10-07 02:04:17.228 WARN   Wiring.write_wire_scope: net not found
2026-10-07 02:04:17.228 WARN   Wiring.write_wire_scope: net not found
2026-10-07 02:04:17.228 WARN   Wiring.write_wire_scope: net not found
2026-10-07 02:04:17.228 WARN   Wiring.write_wire_scope: net not found
2026-10-07 02:04:17.228 WARN   Wiring.write_wire_scope: net not found
2026-10-07 02:04:17.228 WARN   Wiring.write_wire_scope: net not found
2026-10-07 02:04:17.228 WARN   Wiring.write_wire_scope: net not found
2026-10-07 02:04:17.228 WARN   Wiring.write_wire_scope: net not found
2026-10-07 02:04:17.228 WARN   Wiring.write_wire_scope: net not found
2026-10-07 02:04:17.228 WARN   Wiring.write_wire_scope: net not found
2026-10-07 02:04:17.228 WARN   Wiring.write_wire_scope: net not found
2026-10-07 02:04:17.228 WARN   Wiring.write_wire_scope: net not found
2026-10-07 02:04:17.228 WARN   Wiring.write_wire_scope: net not found
2026-10-07 02:04:17.228 WARN   Wiring.write_wire_scope: net not found
2026-10-07 02:04:17.228 WARN   Wiring.write_wire_scope: net not found
2026-10-07 02:04:17.228 WARN   Wiring.write_wire_scope: net not found
2026-10-07 02:04:17.228 WARN   Wiring.write_wire_scope: net not found
2026-10-07 02:04:17.228 WARN   Wiring.write_wire_scope: net not found
2026-10-07 02:04:17.228 WARN   Wiring.write_wire_scope: net not found
2026-10-07 02:04:17.228 WARN   Wiring.write_wire_scope: net not found
2026-10-07 02:04:17.228 WARN   Wiring.write_wire_scope: net not found
2026-10-07 02:04:17.228 WARN   Wiring.write_wire_scope: net not found
2026-10-07 02:04:17.228 WARN   Wiring.write_wire_scope: net not found
2026-10-07 02:04:17.228 WARN   Wiring.write_wire_scope: net not found
2026-10-07 02:04:17.228 WARN   Wiring.write_wire_scope: net not found
2026-10-07 02:04:17.228 WARN   Wiring.write_wire_scope: net not found
2026-10-07 02:04:17.228 WARN   Wiring.write_wire_scope: net not found
2026-10-07 02:04:17.228 WARN   Wiring.write_wire_scope: net not found
2026-10-07 02:04:17.228 WARN   Wiring.write_wire_scope: net not found
2026-10-07 02:04:17.228 WARN   Wiring.write_wire_scope: net not found
2026-10-07 02:04:17.228 WARN   Wiring.write_wire_scope: net not found
2026-10-07 02:04:17.228 WARN   Wiring.write_wire_scope: net not found
2026-10-07 02:04:17.228 WARN   Wiring.write_wire_scope: net not found
2026-10-07 02:04:17.228 WARN   Wiring.write_wire_scope: net not found
2026-10-07 02:04:17.228 WARN   Wiring.write_wire_scope: net not found
2026-10-07 02:04:17.228 WARN   Wiring.write_wire_scope: net not found
2026-10-07 02:04:19.516 WARN   Wiring.write_wire_scope: net not found
2026-10-07 02:04:19.516 WARN   Wiring.write_wire_scope: net not found
2026-10-07 02:04:19.516 WARN   Wiring.write_wire_scope: net not found
2026-10-07 02:04:19.516 WARN   Wiring.write_wire_scope: net not found
2026-10-07 02:04:19.516 WARN   Wiring.write_wire_scope: net not found
2026-10-07 02:04:19.516 WARN   Wiring.write_wire_scope: net not found
2026-10-07 02:04:19.516 WARN   Wiring.write_wire_scope: net not found
2026-10-07 02:04:19.516 WARN   Wiring.write_wire_scope: net not found
2026-10-07 02:04:19.516 WARN   Wiring.write_wire_scope: net not found
2026-10-07 02:04:19.516 WARN   Wiring.write_wire_scope: net not found
2026-10-07 02:04:19.516 WARN   Wiring.write_wire_scope: net not found
2026-10-07 02:04:19.516 WARN   Wiring.write_wire_scope: net not found
2026-10-07 02:04:19.516 WARN   Wiring.write_wire_scope: net not found
2026-10-07 02:04:19.516 WARN   Wiring.write_wire_scope: net not found
2026-10-07 02:04:19.516 WARN   Wiring.write_wire_scope: net not found
2026-10-07 02:04:19.516 WARN   Wiring.write_wire_scope: net not found
2026-10-07 02:04:19.516 WARN   Wiring.write_wire_scope: net not found
2026-10-07 02:04:19.516 WARN   Wiring.write_wire_scope: net not found
2026-10-07 02:04:19.516 WARN   Wiring.write_wire_scope: net not found
2026-10-07 02:04:19.516 WARN   Wiring.write_wire_scope: net not found
2026-10-07 02:04:19.516 WARN   Wiring.write_wire_scope: net not found
2026-10-07 02:04:19.516 WARN   Wiring.write_wire_scope: net not found
2026-10-07 02:04:19.516 WARN   Wiring.write_wire_scope: net not found
2026-10-07 02:04:19.516 WARN   Wiring.write_wire_scope: net not found
2026-10-07 02:04:19.516 WARN   Wiring.write_wire_scope: net not found
2026-10-07 02:04:19.516 WARN   Wiring.write_wire_scope: net not found
2026-10-07 02:04:19.516 WARN   Wiring.write_wire_scope: net not found
2026-10-07 02:04:19.516 WARN   Wiring.write_wire_scope: net not found
2026-10-07 02:04:19.516 WARN   Wiring.write_wire_scope: net not found
2026-10-07 02:04:19.516 WARN   Wiring.write_wire_scope: net not found
2026-10-07 02:04:19.516 WARN   Wiring.write_wire_scope: net not found
2026-10-07 02:04:19.516 WARN   Wiring.write_wire_scope: net not found
2026-10-07 02:04:19.516 WARN   Wiring.write_wire_scope: net not found
2026-10-07 02:04:19.516 WARN   Wiring.write_wire_scope: net not found
2026-10-07 02:04:19.516 WARN   Wiring.write_wire_scope: net not found
2026-10-07 02:04:19.516 WARN   Wiring.write_wire_scope: net not found
2026-10-07 02:04:19.516 WARN   Wiring.write_wire_scope: net not found
2026-10-07 02:04:19.516 WARN   Wiring.write_wire_scope: net not found
2026-10-07 02:04:19.516 WARN   Wiring.write_wire_scope: net not found
2026-10-07 02:04:19.516 WARN   Wiring.write_wire_scope: net not found
2026-10-07 02:04:19.516 WARN   Wiring.write_wire_scope: net not found
2026-10-07 02:04:19.516 WARN   Wiring.write_wire_scope: net not found
2026-10-07 02:04:19.516 WARN   Wiring.write_wire_scope: net not found
2026-10-07 02:04:19.516 WARN   Wiring.write_wire_scope: net not found
2026-10-07 02:04:19.516 WARN   Wiring.write_wire_scope: net not found
2026-10-07 02:04:19.516 WARN   Wiring.write_wire_scope: net not found
2026-10-07 02:04:19.516 WARN   Wiring.write_wire_scope: net not found
2026-10-07 02:04:19.516 WARN   Wiring.write_wire_scope: net not found
2026-10-07 02:04:19.516 WARN   Wiring.write_wire_scope: net not found
2026-10-07 02:04:19.516 WARN   Wiring.write_wire_scope: net not found
2026-10-07 02:04:19.516 WARN   Wiring.write_wire_scope: net not found
2026-10-07 02:04:19.516 WARN   Wiring.write_wire_scope: net not found
2026-10-07 02:04:19.516 WARN   Wiring.write_wire_scope: net not found
2026-10-07 02:04:19.516 WARN   Wiring.write_wire_scope: net not found
2026-10-07 02:04:19.516 WARN   Wiring.write_wire_scope: net not found
2026-10-07 02:04:19.516 WARN   Wiring.write_wire_scope: net not found
2026-10-07 02:04:19.516 WARN   Wiring.write_wire_scope: net not found
2026-10-07 02:04:19.516 WARN   Wiring.write_wire_scope: net not found
2026-10-07 02:04:19.516 WARN   Wiring.write_wire_scope: net not found
2026-10-07 02:04:19.516 WARN   Wiring.write_wire_scope: net not found
2026-10-07 02:04:19.516 WARN   Wiring.write_wire_scope: net not found
2026-10-07 02:04:19.516 WARN   Wiring.write_wire_scope: net not found
2026-10-07 02:04:19.516 WARN   Wiring.write_wire_scope: net not found
2026-10-07 02:04:19.516 WARN   Wiring.write_wire_scope: net not found
2026-10-07 02:04:19.516 WARN   Wiring.write_wire_scope: net not found
2026-10-07 02:04:19.516 WARN   Wiring.write_wire_scope: net not found
2026-10-07 02:04:19.516 WARN   Wiring.write_wire_scope: net not found
2026-10-07 02:04:19.516 WARN   Wiring.write_wire_scope: net not found
2026-10-07 02:04:19.516 WARN   Wiring.write_wire_scope: net not found
2026-10-07 02:04:19.516 WARN   Wiring.write_wire_scope: net not found
2026-10-07 02:04:19.516 WARN   Wiring.write_wire_scope: net not found
2026-10-07 02:04:19.516 WARN   Wiring.write_wire_scope: net not found
2026-10-07 02:04:19.516 WARN   Wiring.write_wire_scope: net not found
2026-10-07 02:04:19.516 WARN   Wiring.write_wire_scope: net not found
2026-10-07 02:04:19.516 WARN   Wiring.write_wire_scope: net not found
2026-10-07 02:04:19.516 WARN   Wiring.write_wire_scope: net not found
2026-10-07 02:04:19.516 WARN   Wiring.write_wire_scope: net not found
2026-10-07 02:04:19.516 WARN   Wiring.write_wire_scope: net not found
2026-10-07 02:04:19.516 WARN   Wiring.write_wire_scope: net not found
2026-10-07 02:04:19.516 WARN   Wiring.write_wire_scope: net not found
2026-10-07 02:04:19.516 WARN   Wiring.write_wire_scope: net not found
2026-10-07 02:04:19.516 WARN   Wiring.write_wire_scope: net not found
2026-10-07 02:04:19.516 WARN   Wiring.write_wire_scope: net not found
2026-10-07 02:04:19.516 WARN   Wiring.write_wire_scope: net not found
2026-10-07 02:04:19.516 WARN   Wiring.write_wire_scope: net not found
2026-10-07 02:04:19.516 WARN   Wiring.write_wire_scope: net not found
2026-10-07 02:04:21.819 WARN   Wiring.write_wire_scope: net not found
2026-10-07 02:04:21.819 WARN   Wiring.write_wire_scope: net not found
2026-10-07 02:04:21.819 WARN   Wiring.write_wire_scope: net not found
2026-10-07 02:04:21.819 WARN   Wiring.write_wire_scope: net not found
2026-10-07 02:04:21.819 WARN   Wiring.write_wire_scope: net not found
2026-10-07 02:04:21.819 WARN   Wiring.write_wire_scope: net not found
2026-10-07 02:04:21.819 WARN   Wiring.write_wire_scope: net not found
2026-10-07 02:04:21.819 WARN   Wiring.write_wire_scope: net not found
2026-10-07 02:04:21.819 WARN   Wiring.write_wire_scope: net not found
2026-10-07 02:04:21.819 WARN   Wiring.write_wire_scope: net not found
2026-10-07 02:04:21.819 WARN   Wiring.write_wire_scope: net not found
2026-10-07 02:04:21.819 WARN   Wiring.write_wire_scope: net not found
2026-10-07 02:04:21.819 WARN   Wiring.write_wire_scope: net not found
2026-10-07 02:04:21.819 WARN   Wiring.write_wire_scope: net not found
2026-10-07 02:04:21.819 WARN   Wiring.write_wire_scope: net not found
2026-10-07 02:04:21.819 WARN   Wiring.write_wire_scope: net not found
2026-10-07 02:04:21.819 WARN   Wiring.write_wire_scope: net not found
2026-10-07 02:04:21.819 WARN   Wiring.write_wire_scope: net not found
2026-10-07 02:04:21.819 WARN   Wiring.write_wire_scope: net not found
2026-10-07 02:04:21.819 WARN   Wiring.write_wire_scope: net not found
2026-10-07 02:04:21.819 WARN   Wiring.write_wire_scope: net not found
2026-10-07 02:04:21.819 WARN   Wiring.write_wire_scope: net not found
2026-10-07 02:04:21.819 WARN   Wiring.write_wire_scope: net not found
2026-10-07 02:04:21.819 WARN   Wiring.write_wire_scope: net not found
2026-10-07 02:04:21.819 WARN   Wiring.write_wire_scope: net not found
2026-10-07 02:04:21.819 WARN   Wiring.write_wire_scope: net not found
2026-10-07 02:04:21.819 WARN   Wiring.write_wire_scope: net not found
2026-10-07 02:04:21.819 WARN   Wiring.write_wire_scope: net not found
2026-10-07 02:04:21.819 WARN   Wiring.write_wire_scope: net not found
2026-10-07 02:04:21.819 WARN   Wiring.write_wire_scope: net not found
2026-10-07 02:04:21.819 WARN   Wiring.write_wire_scope: net not found
2026-10-07 02:04:21.819 WARN   Wiring.write_wire_scope: net not found
2026-10-07 02:04:21.819 WARN   Wiring.write_wire_scope: net not found
2026-10-07 02:04:21.819 WARN   Wiring.write_wire_scope: net not found
2026-10-07 02:04:21.819 WARN   Wiring.write_wire_scope: net not found
2026-10-07 02:04:21.819 WARN   Wiring.write_wire_scope: net not found
2026-10-07 02:04:21.819 WARN   Wiring.write_wire_scope: net not found
2026-10-07 02:04:21.819 WARN   Wiring.write_wire_scope: net not found
2026-10-07 02:04:21.819 WARN   Wiring.write_wire_scope: net not found
2026-10-07 02:04:21.819 WARN   Wiring.write_wire_scope: net not found
2026-10-07 02:04:21.819 WARN   Wiring.write_wire_scope: net not found
2026-10-07 02:04:21.819 WARN   Wiring.write_wire_scope: net not found
2026-10-07 02:04:21.819 WARN   Wiring.write_wire_scope: net not found
2026-10-07 02:04:21.819 WARN   Wiring.write_wire_scope: net not found
2026-10-07 02:04:21.819 WARN   Wiring.write_wire_scope: net not found
2026-10-07 02:04:21.819 WARN   Wiring.write_wire_scope: net not found
2026-10-07 02:04:21.819 WARN   Wiring.write_wire_scope: net not found
2026-10-07 02:04:21.819 WARN   Wiring.write_wire_scope: net not found
2026-10-07 02:04:21.819 WARN   Wiring.write_wire_scope: net not found
2026-10-07 02:04:21.819 WARN   Wiring.write_wire_scope: net not found
2026-10-07 02:04:21.819 WARN   Wiring.write_wire_scope: net not found
2026-10-07 02:04:21.819 WARN   Wiring.write_wire_scope: net not found
2026-10-07 02:04:21.819 WARN   Wiring.write_wire_scope: net not found
2026-10-07 02:04:21.819 WARN   Wiring.write_wire_scope: net not found
2026-10-07 02:04:21.819 WARN   Wiring.write_wire_scope: net not found
2026-10-07 02:04:21.819 WARN   Wiring.write_wire_scope: net not found
2026-10-07 02:04:21.819 WARN   Wiring.write_wire_scope: net not found
2026-10-07 02:04:21.819 WARN   Wiring.write_wire_scope: net not found
2026-10-07 02:04:21.819 WARN   Wiring.write_wire_scope: net not found
2026-10-07 02:04:21.819 WARN   Wiring.write_wire_scope: net not found
2026-10-07 02:04:21.819 WARN   Wiring.write_wire_scope: net not found
2026-10-07 02:04:21.819 WARN   Wiring.write_wire_scope: net not found
2026-10-07 02:04:21.819 WARN   Wiring.write_wire_scope: net not found
2026-10-07 02:04:21.819 WARN   Wiring.write_wire_scope: net not found
2026-10-07 02:04:21.819 WARN   Wiring.write_wire_scope: net not found
2026-10-07 02:04:21.819 WARN   Wiring.write_wire_scope: net not found
2026-10-07 02:04:21.819 WARN   Wiring.write_wire_scope: net not found
2026-10-07 02:04:21.819 WARN   Wiring.write_wire_scope: net not found
2026-10-07 02:04:21.819 WARN   Wiring.write_wire_scope: net not found
2026-10-07 02:04:21.819 WARN   Wiring.write_wire_scope: net not found
2026-10-07 02:04:21.819 WARN   Wiring.write_wire_scope: net not found
2026-10-07 02:04:21.819 WARN   Wiring.write_wire_scope: net not found
2026-10-07 02:04:21.819 WARN   Wiring.write_wire_scope: net not found
2026-10-07 02:04:21.819 WARN   Wiring.write_wire_scope: net not found
2026-10-07 02:04:21.819 WARN   Wiring.write_wire_scope: net not found
2026-10-07 02:04:21.819 WARN   Wiring.write_wire_scope: net not found
2026-10-07 02:04:21.819 WARN   Wiring.write_wire_scope: net not found
2026-10-07 02:04:21.819 WARN   Wiring.write_wire_scope: net not found
2026-10-07 02:04:21.819 WARN   Wiring.write_wire_scope: net not found
2026-10-07 02:04:21.819 WARN   Wiring.write_wire_scope: net not found
2026-10-07 02:04:21.819 WARN   Wiring.write_wire_scope: net not found
2026-10-07 02:04:21.819 WARN   Wiring.write_wire_scope: net not found
2026-10-07 02:04:21.819 WARN   Wiring.write_wire_scope: net not found
2026-10-07 02:04:21.819 WARN   Wiring.write_wire_scope: net not found
2026-10-07 02:04:21.819 WARN   Wiring.write_wire_scope: net not found
2026-10-07 02:04:21.819 WARN   Wiring.write_wire_scope: net not found
2026-10-07 02:04:22.313 WARN   Wiring.write_wire_scope: net not found
2026-10-07 02:04:22.313 WARN   Wiring.write_wire_scope: net not found
2026-10-07 02:04:22.313 WARN   Wiring.write_wire_scope: net not found
2026-10-07 02:04:22.313 WARN   Wiring.write_wire_scope: net not found
2026-10-07 02:04:22.313 WARN   Wiring.write_wire_scope: net not found
2026-10-07 02:04:22.313 WARN   Wiring.write_wire_scope: net not found
2026-10-07 02:04:22.313 WARN   Wiring.write_wire_scope: net not found
2026-10-07 02:04:22.313 WARN   Wiring.write_wire_scope: net not found
2026-10-07 02:04:22.313 WARN   Wiring.write_wire_scope: net not found
2026-10-07 02:04:22.313 WARN   Wiring.write_wire_scope: net not found
2026-10-07 02:04:22.313 WARN   Wiring.write_wire_scope: net not found
2026-10-07 02:04:22.313 WARN   Wiring.write_wire_scope: net not found
2026-10-07 02:04:22.313 WARN   Wiring.write_wire_scope: net not found
2026-10-07 02:04:22.313 WARN   Wiring.write_wire_scope: net not found
2026-10-07 02:04:22.313 WARN   Wiring.write_wire_scope: net not found
2026-10-07 02:04:22.313 WARN   Wiring.write_wire_scope: net not found
2026-10-07 02:04:22.313 WARN   Wiring.write_wire_scope: net not found
2026-10-07 02:04:22.313 WARN   Wiring.write_wire_scope: net not found
2026-10-07 02:04:22.313 WARN   Wiring.write_wire_scope: net not found
2026-10-07 02:04:22.313 WARN   Wiring.write_wire_scope: net not found
2026-10-07 02:04:22.313 WARN   Wiring.write_wire_scope: net not found
2026-10-07 02:04:22.313 WARN   Wiring.write_wire_scope: net not found
2026-10-07 02:04:22.313 WARN   Wiring.write_wire_scope: net not found
2026-10-07 02:04:22.313 WARN   Wiring.write_wire_scope: net not found
2026-10-07 02:04:22.313 WARN   Wiring.write_wire_scope: net not found
2026-10-07 02:04:22.313 WARN   Wiring.write_wire_scope: net not found
2026-10-07 02:04:22.313 WARN   Wiring.write_wire_scope: net not found
2026-10-07 02:04:22.313 WARN   Wiring.write_wire_scope: net not found
2026-10-07 02:04:22.313 WARN   Wiring.write_wire_scope: net not found
2026-10-07 02:04:22.313 WARN   Wiring.write_wire_scope: net not found
2026-10-07 02:04:22.313 WARN   Wiring.write_wire_scope: net not found
2026-10-07 02:04:22.313 WARN   Wiring.write_wire_scope: net not found
2026-10-07 02:04:22.313 WARN   Wiring.write_wire_scope: net not found
2026-10-07 02:04:22.313 WARN   Wiring.write_wire_scope: net not found
2026-10-07 02:04:22.313 WARN   Wiring.write_wire_scope: net not found
2026-10-07 02:04:22.313 WARN   Wiring.write_wire_scope: net not found
2026-10-07 02:04:22.313 WARN   Wiring.write_wire_scope: net not found
2026-10-07 02:04:22.313 WARN   Wiring.write_wire_scope: net not found
2026-10-07 02:04:22.313 WARN   Wiring.write_wire_scope: net not found
2026-10-07 02:04:22.313 WARN   Wiring.write_wire_scope: net not found
2026-10-07 02:04:22.313 WARN   Wiring.write_wire_scope: net not found
2026-10-07 02:04:22.313 WARN   Wiring.write_wire_scope: net not found
2026-10-07 02:04:22.313 WARN   Wiring.write_wire_scope: net not found
2026-10-07 02:04:22.313 WARN   Wiring.write_wire_scope: net not found
2026-10-07 02:04:22.313 WARN   Wiring.write_wire_scope: net not found
2026-10-07 02:04:22.313 WARN   Wiring.write_wire_scope: net not found
2026-10-07 02:04:22.313 WARN   Wiring.write_wire_scope: net not found
2026-10-07 02:04:22.313 WARN   Wiring.write_wire_scope: net not found
2026-10-07 02:04:22.313 WARN   Wiring.write_wire_scope: net not found
2026-10-07 02:04:22.313 WARN   Wiring.write_wire_scope: net not found
2026-10-07 02:04:22.313 WARN   Wiring.write_wire_scope: net not found
2026-10-07 02:04:22.313 WARN   Wiring.write_wire_scope: net not found
2026-10-07 02:04:22.313 WARN   Wiring.write_wire_scope: net not found
2026-10-07 02:04:22.313 WARN   Wiring.write_wire_scope: net not found
2026-10-07 02:04:22.313 WARN   Wiring.write_wire_scope: net not found
2026-10-07 02:04:22.313 WARN   Wiring.write_wire_scope: net not found
2026-10-07 02:04:22.313 WARN   Wiring.write_wire_scope: net not found
2026-10-07 02:04:22.313 WARN   Wiring.write_wire_scope: net not found
2026-10-07 02:04:22.313 WARN   Wiring.write_wire_scope: net not found
2026-10-07 02:04:22.313 WARN   Wiring.write_wire_scope: net not found
2026-10-07 02:04:22.313 WARN   Wiring.write_wire_scope: net not found
2026-10-07 02:04:22.313 WARN   Wiring.write_wire_scope: net not found
2026-10-07 02:04:22.313 WARN   Wiring.write_wire_scope: net not found
2026-10-07 02:04:22.313 WARN   Wiring.write_wire_scope: net not found
2026-10-07 02:04:22.313 WARN   Wiring.write_wire_scope: net not found
2026-10-07 02:04:22.313 WARN   Wiring.write_wire_scope: net not found
2026-10-07 02:04:22.313 WARN   Wiring.write_wire_scope: net not found
2026-10-07 02:04:22.313 WARN   Wiring.write_wire_scope: net not found
2026-10-07 02:04:22.313 WARN   Wiring.write_wire_scope: net not found
2026-10-07 02:04:22.313 WARN   Wiring.write_wire_scope: net not found
2026-10-07 02:04:22.313 WARN   Wiring.write_wire_scope: net not found
2026-10-07 02:04:22.313 WARN   Wiring.write_wire_scope: net not found
2026-10-07 02:04:22.313 WARN   Wiring.write_wire_scope: net not found
2026-10-07 02:04:22.313 WARN   Wiring.write_wire_scope: net not found
2026-10-07 02:04:22.313 WARN   Wiring.write_wire_scope: net not found
2026-10-07 02:04:22.313 WARN   Wiring.write_wire_scope: net not found
2026-10-07 02:04:22.313 WARN   Wiring.write_wire_scope: net not found
2026-10-07 02:04:22.313 WARN   Wiring.write_wire_scope: net not found
2026-10-07 02:04:22.313 WARN   Wiring.write_wire_scope: net not found
2026-10-07 02:04:22.313 WARN   Wiring.write_wire_scope: net not found
2026-10-07 02:04:22.313 WARN   Wiring.write_wire_scope: net not found
2026-10-07 02:04:22.313 WARN   Wiring.write_wire_scope: net not found
2026-10-07 02:04:22.313 WARN   Wiring.write_wire_scope: net not found
2026-10-07 02:04:22.313 WARN   Wiring.write_wire_scope: net not found
2026-10-07 02:04:22.313 WARN   Wiring.write_wire_scope: net not found
2026-10-07 02:04:22.313 WARN   Wiring.write_wire_scope: net not found
2026-10-07 02:04:22.626 WARN   Wiring.write_wire_scope: net not found
2026-10-07 02:04:22.627 WARN   Wiring.write_wire_scope: net not found
2026-10-07 02:04:22.627 WARN   Wiring.write_wire_scope: net not found
2026-10-07 02:04:22.627 WARN   Wiring.write_wire_scope: net not found
2026-10-07 02:04:22.627 WARN   Wiring.write_wire_scope: net not found
2026-10-07 02:04:22.627 WARN   Wiring.write_wire_scope: net not found
2026-10-07 02:04:22.627 WARN   Wiring.write_wire_scope: net not found
2026-10-07 02:04:22.627 WARN   Wiring.write_wire_scope: net not found
2026-10-07 02:04:22.627 WARN   Wiring.write_wire_scope: net not found
2026-10-07 02:04:22.627 WARN   Wiring.write_wire_scope: net not found
2026-10-07 02:04:22.627 WARN   Wiring.write_wire_scope: net not found
2026-10-07 02:04:22.627 WARN   Wiring.write_wire_scope: net not found
2026-10-07 02:04:22.627 WARN   Wiring.write_wire_scope: net not found
2026-10-07 02:04:22.627 WARN   Wiring.write_wire_scope: net not found
2026-10-07 02:04:22.627 WARN   Wiring.write_wire_scope: net not found
2026-10-07 02:04:22.627 WARN   Wiring.write_wire_scope: net not found
2026-10-07 02:04:22.627 WARN   Wiring.write_wire_scope: net not found
2026-10-07 02:04:22.627 WARN   Wiring.write_wire_scope: net not found
2026-10-07 02:04:22.627 WARN   Wiring.write_wire_scope: net not found
2026-10-07 02:04:22.627 WARN   Wiring.write_wire_scope: net not found
2026-10-07 02:04:22.627 WARN   Wiring.write_wire_scope: net not found
2026-10-07 02:04:22.627 WARN   Wiring.write_wire_scope: net not found
2026-10-07 02:04:22.627 WARN   Wiring.write_wire_scope: net not found
2026-10-07 02:04:22.627 WARN   Wiring.write_wire_scope: net not found
2026-10-07 02:04:22.627 WARN   Wiring.write_wire_scope: net not found
2026-10-07 02:04:22.627 WARN   Wiring.write_wire_scope: net not found
2026-10-07 02:04:22.627 WARN   Wiring.write_wire_scope: net not found
2026-10-07 02:04:22.627 WARN   Wiring.write_wire_scope: net not found
2026-10-07 02:04:22.627 WARN   Wiring.write_wire_scope: net not found
2026-10-07 02:04:22.627 WARN   Wiring.write_wire_scope: net not found
2026-10-07 02:04:22.627 WARN   Wiring.write_wire_scope: net not found
2026-10-07 02:04:22.627 WARN   Wiring.write_wire_scope: net not found
2026-10-07 02:04:22.627 WARN   Wiring.write_wire_scope: net not found
2026-10-07 02:04:22.627 WARN   Wiring.write_wire_scope: net not found
2026-10-07 02:04:22.627 WARN   Wiring.write_wire_scope: net not found
2026-10-07 02:04:22.627 WARN   Wiring.write_wire_scope: net not found
2026-10-07 02:04:22.627 WARN   Wiring.write_wire_scope: net not found
2026-10-07 02:04:22.627 WARN   Wiring.write_wire_scope: net not found
2026-10-07 02:04:22.627 WARN   Wiring.write_wire_scope: net not found
2026-10-07 02:04:22.627 WARN   Wiring.write_wire_scope: net not found
2026-10-07 02:04:22.627 WARN   Wiring.write_wire_scope: net not found
2026-10-07 02:04:22.627 WARN   Wiring.write_wire_scope: net not found
2026-10-07 02:04:22.627 WARN   Wiring.write_wire_scope: net not found
2026-10-07 02:04:22.627 WARN   Wiring.write_wire_scope: net not found
2026-10-07 02:04:22.627 WARN   Wiring.write_wire_scope: net not found
2026-10-07 02:04:22.627 WARN   Wiring.write_wire_scope: net not found
2026-10-07 02:04:22.627 WARN   Wiring.write_wire_scope: net not found
2026-10-07 02:04:22.627 WARN   Wiring.write_wire_scope: net not found
2026-10-07 02:04:22.627 WARN   Wiring.write_wire_scope: net not found
2026-10-07 02:04:22.627 WARN   Wiring.write_wire_scope: net not found
2026-10-07 02:04:22.627 WARN   Wiring.write_wire_scope: net not found
2026-10-07 02:04:22.627 WARN   Wiring.write_wire_scope: net not found
2026-10-07 02:04:22.627 WARN   Wiring.write_wire_scope: net not found
2026-10-07 02:04:22.627 WARN   Wiring.write_wire_scope: net not found
2026-10-07 02:04:22.627 WARN   Wiring.write_wire_scope: net not found
2026-10-07 02:04:22.627 WARN   Wiring.write_wire_scope: net not found
2026-10-07 02:04:22.627 WARN   Wiring.write_wire_scope: net not found
2026-10-07 02:04:22.627 WARN   Wiring.write_wire_scope: net not found
2026-10-07 02:04:22.627 WARN   Wiring.write_wire_scope: net not found
2026-10-07 02:04:22.627 WARN   Wiring.write_wire_scope: net not found
2026-10-07 02:04:22.627 WARN   Wiring.write_wire_scope: net not found
2026-10-07 02:04:22.627 WARN   Wiring.write_wire_scope: net not found
2026-10-07 02:04:22.627 WARN   Wiring.write_wire_scope: net not found
2026-10-07 02:04:22.627 WARN   Wiring.write_wire_scope: net not found
2026-10-07 02:04:22.627 WARN   Wiring.write_wire_scope: net not found
2026-10-07 02:04:22.627 WARN   Wiring.write_wire_scope: net not found
2026-10-07 02:04:22.627 WARN   Wiring.write_wire_scope: net not found
2026-10-07 02:04:22.627 WARN   Wiring.write_wire_scope: net not found
2026-10-07 02:04:22.627 WARN   Wiring.write_wire_scope: net not found
2026-10-07 02:04:22.627 WARN   Wiring.write_wire_scope: net not found
2026-10-07 02:04:22.627 WARN   Wiring.write_wire_scope: net not found
2026-10-07 02:04:22.627 WARN   Wiring.write_wire_scope: net not found
2026-10-07 02:04:22.627 WARN   Wiring.write_wire_scope: net not found
2026-10-07 02:04:22.627 WARN   Wiring.write_wire_scope: net not found
2026-10-07 02:04:22.627 WARN   Wiring.write_wire_scope: net not found
2026-10-07 02:04:22.627 WARN   Wiring.write_wire_scope: net not found
2026-10-07 02:04:22.627 WARN   Wiring.write_wire_scope: net not found
2026-10-07 02:04:22.627 WARN   Wiring.write_wire_scope: net not found
2026-10-07 02:04:22.627 WARN   Wiring.write_wire_scope: net not found
2026-10-07 02:04:22.627 WARN   Wiring.write_wire_scope: net not found
2026-10-07 02:04:22.627 WARN   Wiring.write_wire_scope: net not found
2026-10-07 02:04:22.627 WARN   Wiring.write_wire_scope: net not found
2026-10-07 02:04:22.627 WARN   Wiring.write_wire_scope: net not found
2026-10-07 02:04:22.627 WARN   Wiring.write_wire_scope: net not found
2026-10-07 02:04:22.627 WARN   Wiring.write_wire_scope: net not found
2026-10-07 02:04:22.627 WARN   Wiring.write_wire_scope: net not found
2026-10-07 02:04:24.592 WARN   Wiring.write_wire_scope: net not found
2026-10-07 02:04:24.592 WARN   Wiring.write_wire_scope: net not found
2026-10-07 02:04:24.592 WARN   Wiring.write_wire_scope: net not found
2026-10-07 02:04:24.592 WARN   Wiring.write_wire_scope: net not found
2026-10-07 02:04:24.592 WARN   Wiring.write_wire_scope: net not found
2026-10-07 02:04:24.592 WARN   Wiring.write_wire_scope: net not found
2026-10-07 02:04:24.592 WARN   Wiring.write_wire_scope: net not found
2026-10-07 02:04:24.592 WARN   Wiring.write_wire_scope: net not found
2026-10-07 02:04:24.592 WARN   Wiring.write_wire_scope: net not found
2026-10-07 02:04:24.592 WARN   Wiring.write_wire_scope: net not found
2026-10-07 02:04:24.592 WARN   Wiring.write_wire_scope: net not found
2026-10-07 02:04:24.592 WARN   Wiring.write_wire_scope: net not found
2026-10-07 02:04:24.592 WARN   Wiring.write_wire_scope: net not found
2026-10-07 02:04:24.592 WARN   Wiring.write_wire_scope: net not found
2026-10-07 02:04:24.592 WARN   Wiring.write_wire_scope: net not found
2026-10-07 02:04:24.592 WARN   Wiring.write_wire_scope: net not found
2026-10-07 02:04:24.592 WARN   Wiring.write_wire_scope: net not found
2026-10-07 02:04:24.592 WARN   Wiring.write_wire_scope: net not found
2026-10-07 02:04:24.592 WARN   Wiring.write_wire_scope: net not found
2026-10-07 02:04:24.592 WARN   Wiring.write_wire_scope: net not found
2026-10-07 02:04:24.592 WARN   Wiring.write_wire_scope: net not found
2026-10-07 02:04:24.592 WARN   Wiring.write_wire_scope: net not found
2026-10-07 02:04:24.592 WARN   Wiring.write_wire_scope: net not found
2026-10-07 02:04:24.592 WARN   Wiring.write_wire_scope: net not found
2026-10-07 02:04:24.592 WARN   Wiring.write_wire_scope: net not found
2026-10-07 02:04:24.592 WARN   Wiring.write_wire_scope: net not found
2026-10-07 02:04:24.592 WARN   Wiring.write_wire_scope: net not found
2026-10-07 02:04:24.592 WARN   Wiring.write_wire_scope: net not found
2026-10-07 02:04:24.592 WARN   Wiring.write_wire_scope: net not found
2026-10-07 02:04:24.592 WARN   Wiring.write_wire_scope: net not found
2026-10-07 02:04:24.592 WARN   Wiring.write_wire_scope: net not found
2026-10-07 02:04:24.592 WARN   Wiring.write_wire_scope: net not found
2026-10-07 02:04:24.592 WARN   Wiring.write_wire_scope: net not found
2026-10-07 02:04:24.592 WARN   Wiring.write_wire_scope: net not found
2026-10-07 02:04:24.592 WARN   Wiring.write_wire_scope: net not found
2026-10-07 02:04:24.592 WARN   Wiring.write_wire_scope: net not found
2026-10-07 02:04:24.592 WARN   Wiring.write_wire_scope: net not found
2026-10-07 02:04:24.592 WARN   Wiring.write_wire_scope: net not found
2026-10-07 02:04:24.592 WARN   Wiring.write_wire_scope: net not found
2026-10-07 02:04:24.592 WARN   Wiring.write_wire_scope: net not found
2026-10-07 02:04:24.592 WARN   Wiring.write_wire_scope: net not found
2026-10-07 02:04:24.592 WARN   Wiring.write_wire_scope: net not found
2026-10-07 02:04:24.592 WARN   Wiring.write_wire_scope: net not found
2026-10-07 02:04:24.592 WARN   Wiring.write_wire_scope: net not found
2026-10-07 02:04:24.592 WARN   Wiring.write_wire_scope: net not found
2026-10-07 02:04:24.592 WARN   Wiring.write_wire_scope: net not found
2026-10-07 02:04:24.592 WARN   Wiring.write_wire_scope: net not found
2026-10-07 02:04:24.592 WARN   Wiring.write_wire_scope: net not found
2026-10-07 02:04:24.592 WARN   Wiring.write_wire_scope: net not found
2026-10-07 02:04:24.592 WARN   Wiring.write_wire_scope: net not found
2026-10-07 02:04:24.592 WARN   Wiring.write_wire_scope: net not found
2026-10-07 02:04:24.592 WARN   Wiring.write_wire_scope: net not found
2026-10-07 02:04:24.592 WARN   Wiring.write_wire_scope: net not found
2026-10-07 02:04:24.592 WARN   Wiring.write_wire_scope: net not found
2026-10-07 02:04:24.592 WARN   Wiring.write_wire_scope: net not found
2026-10-07 02:04:24.592 WARN   Wiring.write_wire_scope: net not found
2026-10-07 02:04:24.592 WARN   Wiring.write_wire_scope: net not found
2026-10-07 02:04:24.592 WARN   Wiring.write_wire_scope: net not found
2026-10-07 02:04:24.592 WARN   Wiring.write_wire_scope: net not found
2026-10-07 02:04:24.592 WARN   Wiring.write_wire_scope: net not found
2026-10-07 02:04:24.592 WARN   Wiring.write_wire_scope: net not found
2026-10-07 02:04:24.592 WARN   Wiring.write_wire_scope: net not found
2026-10-07 02:04:24.592 WARN   Wiring.write_wire_scope: net not found
2026-10-07 02:04:24.592 WARN   Wiring.write_wire_scope: net not found
2026-10-07 02:04:24.592 WARN   Wiring.write_wire_scope: net not found
2026-10-07 02:04:24.592 WARN   Wiring.write_wire_scope: net not found
2026-10-07 02:04:24.592 WARN   Wiring.write_wire_scope: net not found
2026-10-07 02:04:24.592 WARN   Wiring.write_wire_scope: net not found
2026-10-07 02:04:24.592 WARN   Wiring.write_wire_scope: net not found
2026-10-07 02:04:24.592 WARN   Wiring.write_wire_scope: net not found
2026-10-07 02:04:24.592 WARN   Wiring.write_wire_scope: net not found
2026-10-07 02:04:24.592 WARN   Wiring.write_wire_scope: net not found
2026-10-07 02:04:24.592 WARN   Wiring.write_wire_scope: net not found
2026-10-07 02:04:24.592 WARN   Wiring.write_wire_scope: net not found
2026-10-07 02:04:24.592 WARN   Wiring.write_wire_scope: net not found
2026-10-07 02:04:24.592 WARN   Wiring.write_wire_scope: net not found
2026-10-07 02:04:24.592 WARN   Wiring.write_wire_scope: net not found
2026-10-07 02:04:24.592 WARN   Wiring.write_wire_scope: net not found
2026-10-07 02:04:24.592 WARN   Wiring.write_wire_scope: net not found
2026-10-07 02:04:24.592 WARN   Wiring.write_wire_scope: net not found
2026-10-07 02:04:24.592 WARN   Wiring.write_wire_scope: net not found
2026-10-07 02:04:24.592 WARN   Wiring.write_wire_scope: net not found
2026-10-07 02:04:24.592 WARN   Wiring.write_wire_scope: net not found
2026-10-07 02:04:24.592 WARN   Wiring.write_wire_scope: net not found
2026-10-07 02:04:24.592 WARN   Wiring.write_wire_scope: net not found
2026-10-07 02:04:24.592 WARN   Wiring.write_wire_scope: net not found
2026-10-07 02:04:24.801 WARN   Wiring.write_wire_scope: net not found
2026-10-07 02:04:24.801 WARN   Wiring.write_wire_scope: net not found
2026-10-07 02:04:24.801 WARN   Wiring.write_wire_scope: net not found
2026-10-07 02:04:24.801 WARN   Wiring.write_wire_scope: net not found
2026-10-07 02:04:24.801 WARN   Wiring.write_wire_scope: net not found
2026-10-07 02:04:24.801 WARN   Wiring.write_wire_scope: net not found
2026-10-07 02:04:24.801 WARN   Wiring.write_wire_scope: net not found
2026-10-07 02:04:24.801 WARN   Wiring.write_wire_scope: net not found
2026-10-07 02:04:24.801 WARN   Wiring.write_wire_scope: net not found
2026-10-07 02:04:24.801 WARN   Wiring.write_wire_scope: net not found
2026-10-07 02:04:24.801 WARN   Wiring.write_wire_scope: net not found
2026-10-07 02:04:24.801 WARN   Wiring.write_wire_scope: net not found
2026-10-07 02:04:24.801 WARN   Wiring.write_wire_scope: net not found
2026-10-07 02:04:24.801 WARN   Wiring.write_wire_scope: net not found
2026-10-07 02:04:24.801 WARN   Wiring.write_wire_scope: net not found
2026-10-07 02:04:24.801 WARN   Wiring.write_wire_scope: net not found
2026-10-07 02:04:24.801 WARN   Wiring.write_wire_scope: net not found
2026-10-07 02:04:24.801 WARN   Wiring.write_wire_scope: net not found
2026-10-07 02:04:24.801 WARN   Wiring.write_wire_scope: net not found
2026-10-07 02:04:24.801 WARN   Wiring.write_wire_scope: net not found
2026-10-07 02:04:24.801 WARN   Wiring.write_wire_scope: net not found
2026-10-07 02:04:24.801 WARN   Wiring.write_wire_scope: net not found
2026-10-07 02:04:24.801 WARN   Wiring.write_wire_scope: net not found
2026-10-07 02:04:24.801 WARN   Wiring.write_wire_scope: net not found
2026-10-07 02:04:24.801 WARN   Wiring.write_wire_scope: net not found
2026-10-07 02:04:24.801 WARN   Wiring.write_wire_scope: net not found
2026-10-07 02:04:24.801 WARN   Wiring.write_wire_scope: net not found
2026-10-07 02:04:24.801 WARN   Wiring.write_wire_scope: net not found
2026-10-07 02:04:24.801 WARN   Wiring.write_wire_scope: net not found
2026-10-07 02:04:24.801 WARN   Wiring.write_wire_scope: net not found
2026-10-07 02:04:24.801 WARN   Wiring.write_wire_scope: net not found
2026-10-07 02:04:24.801 WARN   Wiring.write_wire_scope: net not found
2026-10-07 02:04:24.801 WARN   Wiring.write_wire_scope: net not found
2026-10-07 02:04:24.801 WARN   Wiring.write_wire_scope: net not found
2026-10-07 02:04:24.801 WARN   Wiring.write_wire_scope: net not found
2026-10-07 02:04:24.801 WARN   Wiring.write_wire_scope: net not found
2026-10-07 02:04:24.801 WARN   Wiring.write_wire_scope: net not found
2026-10-07 02:04:24.801 WARN   Wiring.write_wire_scope: net not found
2026-10-07 02:04:24.801 WARN   Wiring.write_wire_scope: net not found
2026-10-07 02:04:24.801 WARN   Wiring.write_wire_scope: net not found
2026-10-07 02:04:24.801 WARN   Wiring.write_wire_scope: net not found
2026-10-07 02:04:24.801 WARN   Wiring.write_wire_scope: net not found
2026-10-07 02:04:24.801 WARN   Wiring.write_wire_scope: net not found
2026-10-07 02:04:24.801 WARN   Wiring.write_wire_scope: net not found
2026-10-07 02:04:24.801 WARN   Wiring.write_wire_scope: net not found
2026-10-07 02:04:24.801 WARN   Wiring.write_wire_scope: net not found
2026-10-07 02:04:24.801 WARN   Wiring.write_wire_scope: net not found
2026-10-07 02:04:24.801 WARN   Wiring.write_wire_scope: net not found
2026-10-07 02:04:24.801 WARN   Wiring.write_wire_scope: net not found
2026-10-07 02:04:24.801 WARN   Wiring.write_wire_scope: net not found
2026-10-07 02:04:24.801 WARN   Wiring.write_wire_scope: net not found
2026-10-07 02:04:24.801 WARN   Wiring.write_wire_scope: net not found
2026-10-07 02:04:24.801 WARN   Wiring.write_wire_scope: net not found
2026-10-07 02:04:24.801 WARN   Wiring.write_wire_scope: net not found
2026-10-07 02:04:24.801 WARN   Wiring.write_wire_scope: net not found
2026-10-07 02:04:24.801 WARN   Wiring.write_wire_scope: net not found
2026-10-07 02:04:24.801 WARN   Wiring.write_wire_scope: net not found
2026-10-07 02:04:24.801 WARN   Wiring.write_wire_scope: net not found
2026-10-07 02:04:24.801 WARN   Wiring.write_wire_scope: net not found
2026-10-07 02:04:24.801 WARN   Wiring.write_wire_scope: net not found
2026-10-07 02:04:24.801 WARN   Wiring.write_wire_scope: net not found
2026-10-07 02:04:24.801 WARN   Wiring.write_wire_scope: net not found
2026-10-07 02:04:24.801 WARN   Wiring.write_wire_scope: net not found
2026-10-07 02:04:24.801 WARN   Wiring.write_wire_scope: net not found
2026-10-07 02:04:24.801 WARN   Wiring.write_wire_scope: net not found
2026-10-07 02:04:24.801 WARN   Wiring.write_wire_scope: net not found
2026-10-07 02:04:24.801 WARN   Wiring.write_wire_scope: net not found
2026-10-07 02:04:24.801 WARN   Wiring.write_wire_scope: net not found
2026-10-07 02:04:24.801 WARN   Wiring.write_wire_scope: net not found
2026-10-07 02:04:24.801 WARN   Wiring.write_wire_scope: net not found
2026-10-07 02:04:24.801 WARN   Wiring.write_wire_scope: net not found
2026-10-07 02:04:24.801 WARN   Wiring.write_wire_scope: net not found
2026-10-07 02:04:24.801 WARN   Wiring.write_wire_scope: net not found
2026-10-07 02:04:24.801 WARN   Wiring.write_wire_scope: net not found
2026-10-07 02:04:24.801 WARN   Wiring.write_wire_scope: net not found
2026-10-07 02:04:24.801 WARN   Wiring.write_wire_scope: net not found
2026-10-07 02:04:24.801 WARN   Wiring.write_wire_scope: net not found
2026-10-07 02:04:24.801 WARN   Wiring.write_wire_scope: net not found
2026-10-07 02:04:24.801 WARN   Wiring.write_wire_scope: net not found
2026-10-07 02:04:24.801 WARN   Wiring.write_wire_scope: net not found
2026-10-07 02:04:24.801 WARN   Wiring.write_wire_scope: net not found
2026-10-07 02:04:24.801 WARN   Wiring.write_wire_scope: net not found
2026-10-07 02:04:24.801 WARN   Wiring.write_wire_scope: net not found
2026-10-07 02:04:24.801 WARN   Wiring.write_wire_scope: net not found
2026-10-07 02:04:24.801 WARN   Wiring.write_wire_scope: net not found
2026-10-07 02:04:24.801 WARN   Wiring.write_wire_scope: net not found
2026-10-07 02:04:24.824 INFO   [596E10\3E9B66] Auto-routing pass #2 on board '9ee97402355e13148a1a728438467f36' was completed in 7.63 seconds with score 448.96 (16 unrouted and 172 violations), using 18.66 CPU seconds and the job allocated 27.27 GB of memory so far.
2026-10-07 02:04:24.906 INFO   [596E10\3E9B66] Auto-routing stage completed: started with 39 unrouted nets, completed in 19.69 seconds, final score: 448.96 (16 unrouted and 172 violations), using 18.66 total CPU seconds, 27.27 GB total allocated, and 626.7 MB peak heap usage.
2026-10-07 02:04:24.940 INFO   [596E10\3E9B66] Skipping optimization stage: the board has 16 unrouted connection(s) (optimizer only runs on completely routed boards).
2026-10-07 02:04:24.963 WARN   Wiring.write_wire_scope: net not found
2026-10-07 02:04:24.963 WARN   Wiring.write_wire_scope: net not found
2026-10-07 02:04:24.963 WARN   Wiring.write_wire_scope: net not found
2026-10-07 02:04:24.963 WARN   Wiring.write_wire_scope: net not found
2026-10-07 02:04:24.963 WARN   Wiring.write_wire_scope: net not found
2026-10-07 02:04:24.963 WARN   Wiring.write_wire_scope: net not found
2026-10-07 02:04:24.963 WARN   Wiring.write_wire_scope: net not found
2026-10-07 02:04:24.963 WARN   Wiring.write_wire_scope: net not found
2026-10-07 02:04:24.963 WARN   Wiring.write_wire_scope: net not found
2026-10-07 02:04:24.963 WARN   Wiring.write_wire_scope: net not found
2026-10-07 02:04:24.963 WARN   Wiring.write_wire_scope: net not found
2026-10-07 02:04:24.963 WARN   Wiring.write_wire_scope: net not found
2026-10-07 02:04:24.963 WARN   Wiring.write_wire_scope: net not found
2026-10-07 02:04:24.963 WARN   Wiring.write_wire_scope: net not found
2026-10-07 02:04:24.963 WARN   Wiring.write_wire_scope: net not found
2026-10-07 02:04:24.963 WARN   Wiring.write_wire_scope: net not found
2026-10-07 02:04:24.963 WARN   Wiring.write_wire_scope: net not found
2026-10-07 02:04:24.963 WARN   Wiring.write_wire_scope: net not found
2026-10-07 02:04:24.963 WARN   Wiring.write_wire_scope: net not found
2026-10-07 02:04:24.963 WARN   Wiring.write_wire_scope: net not found
2026-10-07 02:04:24.963 WARN   Wiring.write_wire_scope: net not found
2026-10-07 02:04:24.963 WARN   Wiring.write_wire_scope: net not found
2026-10-07 02:04:24.963 WARN   Wiring.write_wire_scope: net not found
2026-10-07 02:04:24.963 WARN   Wiring.write_wire_scope: net not found
2026-10-07 02:04:24.963 WARN   Wiring.write_wire_scope: net not found
2026-10-07 02:04:24.963 WARN   Wiring.write_wire_scope: net not found
2026-10-07 02:04:24.963 WARN   Wiring.write_wire_scope: net not found
2026-10-07 02:04:24.963 WARN   Wiring.write_wire_scope: net not found
2026-10-07 02:04:24.963 WARN   Wiring.write_wire_scope: net not found
2026-10-07 02:04:24.963 WARN   Wiring.write_wire_scope: net not found
2026-10-07 02:04:24.963 WARN   Wiring.write_wire_scope: net not found
2026-10-07 02:04:24.963 WARN   Wiring.write_wire_scope: net not found
2026-10-07 02:04:24.963 WARN   Wiring.write_wire_scope: net not found
2026-10-07 02:04:24.963 WARN   Wiring.write_wire_scope: net not found
2026-10-07 02:04:24.963 WARN   Wiring.write_wire_scope: net not found
2026-10-07 02:04:24.963 WARN   Wiring.write_wire_scope: net not found
2026-10-07 02:04:24.963 WARN   Wiring.write_wire_scope: net not found
2026-10-07 02:04:24.963 WARN   Wiring.write_wire_scope: net not found
2026-10-07 02:04:24.963 WARN   Wiring.write_wire_scope: net not found
2026-10-07 02:04:24.963 WARN   Wiring.write_wire_scope: net not found
2026-10-07 02:04:24.963 WARN   Wiring.write_wire_scope: net not found
2026-10-07 02:04:24.963 WARN   Wiring.write_wire_scope: net not found
2026-10-07 02:04:24.963 WARN   Wiring.write_wire_scope: net not found
2026-10-07 02:04:24.963 WARN   Wiring.write_wire_scope: net not found
2026-10-07 02:04:24.963 WARN   Wiring.write_wire_scope: net not found
2026-10-07 02:04:24.963 WARN   Wiring.write_wire_scope: net not found
2026-10-07 02:04:24.963 WARN   Wiring.write_wire_scope: net not found
2026-10-07 02:04:24.963 WARN   Wiring.write_wire_scope: net not found
2026-10-07 02:04:24.963 WARN   Wiring.write_wire_scope: net not found
2026-10-07 02:04:24.963 WARN   Wiring.write_wire_scope: net not found
2026-10-07 02:04:24.963 WARN   Wiring.write_wire_scope: net not found
2026-10-07 02:04:24.963 WARN   Wiring.write_wire_scope: net not found
2026-10-07 02:04:24.963 WARN   Wiring.write_wire_scope: net not found
2026-10-07 02:04:24.963 WARN   Wiring.write_wire_scope: net not found
2026-10-07 02:04:24.963 WARN   Wiring.write_wire_scope: net not found
2026-10-07 02:04:24.963 WARN   Wiring.write_wire_scope: net not found
2026-10-07 02:04:24.963 WARN   Wiring.write_wire_scope: net not found
2026-10-07 02:04:24.963 WARN   Wiring.write_wire_scope: net not found
2026-10-07 02:04:24.964 WARN   Wiring.write_wire_scope: net not found
2026-10-07 02:04:24.964 WARN   Wiring.write_wire_scope: net not found
2026-10-07 02:04:24.964 WARN   Wiring.write_wire_scope: net not found
2026-10-07 02:04:24.964 WARN   Wiring.write_wire_scope: net not found
2026-10-07 02:04:24.964 WARN   Wiring.write_wire_scope: net not found
2026-10-07 02:04:24.964 WARN   Wiring.write_wire_scope: net not found
2026-10-07 02:04:24.964 WARN   Wiring.write_wire_scope: net not found
2026-10-07 02:04:24.964 WARN   Wiring.write_wire_scope: net not found
2026-10-07 02:04:24.964 WARN   Wiring.write_wire_scope: net not found
2026-10-07 02:04:24.964 WARN   Wiring.write_wire_scope: net not found
2026-10-07 02:04:24.964 WARN   Wiring.write_wire_scope: net not found
2026-10-07 02:04:24.964 WARN   Wiring.write_wire_scope: net not found
2026-10-07 02:04:24.964 WARN   Wiring.write_wire_scope: net not found
2026-10-07 02:04:24.964 WARN   Wiring.write_wire_scope: net not found
2026-10-07 02:04:24.964 WARN   Wiring.write_wire_scope: net not found
2026-10-07 02:04:24.964 WARN   Wiring.write_wire_scope: net not found
2026-10-07 02:04:24.964 WARN   Wiring.write_wire_scope: net not found
2026-10-07 02:04:24.964 WARN   Wiring.write_wire_scope: net not found
2026-10-07 02:04:24.964 WARN   Wiring.write_wire_scope: net not found
2026-10-07 02:04:24.964 WARN   Wiring.write_wire_scope: net not found
2026-10-07 02:04:24.964 WARN   Wiring.write_wire_scope: net not found
2026-10-07 02:04:24.964 WARN   Wiring.write_wire_scope: net not found
2026-10-07 02:04:24.964 WARN   Wiring.write_wire_scope: net not found
2026-10-07 02:04:24.964 WARN   Wiring.write_wire_scope: net not found
2026-10-07 02:04:24.964 WARN   Wiring.write_wire_scope: net not found
2026-10-07 02:04:24.964 WARN   Wiring.write_wire_scope: net not found
2026-10-07 02:04:24.964 WARN   Wiring.write_wire_scope: net not found
2026-10-07 02:04:24.964 WARN   Wiring.write_wire_scope: net not found
2026-10-07 02:04:24.965 INFO   [596E10\3E9B66] Job '596E10\3E9B66' finished with state: COMPLETED (elapsed: 19.93 seconds, finished at UTC: 2026-10-06T15:04:24.964603717Z).
2026-10-07 02:04:24.986 INFO   Saving output file '/home/chithi/Desktop/DesktopSpeaker/ai-files/pcb/work-p1/C1-c2.ses' (SES)...
2026-10-07 02:04:24.988 INFO   Successfully saved output file '/home/chithi/Desktop/DesktopSpeaker/ai-files/pcb/work-p1/C1-c2.ses' (29436 bytes).
