2026-10-07 02:14:20.403 INFO   Freerouting v2.5.0 (build-date: 2026-10-05)
2026-10-07 02:14:20.675 INFO   Hardware: 24 CPU cores, 574 CPU score, 16056 MB RAM
2026-10-07 02:14:20.675 WARN   Deprecated settings path '-mp / --router.max_passes'; use '--router.autorouter.max_passes' instead. The old path will be removed in a future release.
2026-10-07 02:14:20.675 WARN   Couldn't get screen resolution. If you are running in a headless environment, disable the GUI by setting gui.enabled to false.
2026-10-07 02:14:21.702 WARN   Deprecated settings path 'router.max_passes'; use 'router.autorouter.max_passes' instead. The old path will be removed in a future release.
2026-10-07 02:14:21.962 INFO   [35A8BF\13C408] Loading board file 'C3-c4.dsn'...
2026-10-07 02:14:22.113 WARN   Wiring: via net '/PD_PLUG_EVENT' not found at '/PD_PLUG_EVENT'
2026-10-07 02:14:22.113 WARN   Wiring: via net '/PD_PLUG_EVENT' not found at '/PD_PLUG_EVENT'
2026-10-07 02:14:22.114 WARN   Wiring: via net '/PD_PLUG_EVENT' not found at '/PD_PLUG_EVENT'
2026-10-07 02:14:22.114 WARN   Wiring: via net '/BT_UART_TX' not found at '/BT_UART_TX'
2026-10-07 02:14:22.114 WARN   Wiring: via net '/BT_UART_TX' not found at '/BT_UART_TX'
2026-10-07 02:14:22.114 WARN   Wiring: via net '/BT_UART_TX' not found at '/BT_UART_TX'
2026-10-07 02:14:22.114 WARN   Wiring: via net '/BT_UART_RX' not found at '/BT_UART_RX'
2026-10-07 02:14:22.114 WARN   Wiring: via net '/BT_UART_RX' not found at '/BT_UART_RX'
2026-10-07 02:14:22.114 WARN   Wiring: via net '/BT_MFB' not found at '/BT_MFB'
2026-10-07 02:14:22.114 WARN   Wiring: via net '/BT_MFB' not found at '/BT_MFB'
2026-10-07 02:14:22.115 WARN   Wiring: via net '/BT_RST_N' not found at '/BT_RST_N'
2026-10-07 02:14:22.115 WARN   Wiring: via net '/BT_RST_N' not found at '/BT_RST_N'
2026-10-07 02:14:22.115 WARN   Wiring: via net '/BT_TX_IND' not found at '/BT_TX_IND'
2026-10-07 02:14:22.115 WARN   Wiring: via net '/BT_TX_IND' not found at '/BT_TX_IND'
2026-10-07 02:14:22.115 WARN   Wiring: via net '/PD_SINK_EN' not found at '/PD_SINK_EN'
2026-10-07 02:14:22.115 WARN   Wiring: via net '/PD_SINK_EN' not found at '/PD_SINK_EN'
2026-10-07 02:14:22.115 WARN   Wiring: via net 'Net-(U25-FSW)' not found at 'Net-(U25-FSW)'
2026-10-07 02:14:22.115 WARN   Wiring: via net 'Net-(U25-FSW)' not found at 'Net-(U25-FSW)'
2026-10-07 02:14:22.118 WARN   DSN file 'C3-c4.dsn' was loaded with 19 warning(s).
2026-10-07 02:14:22.198 INFO   [35A8BF\13C408] Job '35A8BF\13C408' started at 2026-10-06T15:14:22.198661842Z.
2026-10-07 02:14:22.249 WARN   Wiring.write_wire_scope: net not found
2026-10-07 02:14:22.249 WARN   Wiring.write_wire_scope: net not found
2026-10-07 02:14:22.249 WARN   Wiring.write_wire_scope: net not found
2026-10-07 02:14:22.250 WARN   Wiring.write_wire_scope: net not found
2026-10-07 02:14:22.250 WARN   Wiring.write_wire_scope: net not found
2026-10-07 02:14:22.250 WARN   Wiring.write_wire_scope: net not found
2026-10-07 02:14:22.250 WARN   Wiring.write_wire_scope: net not found
2026-10-07 02:14:22.250 WARN   Wiring.write_wire_scope: net not found
2026-10-07 02:14:22.250 WARN   Wiring.write_wire_scope: net not found
2026-10-07 02:14:22.250 WARN   Wiring.write_wire_scope: net not found
2026-10-07 02:14:22.250 WARN   Wiring.write_wire_scope: net not found
2026-10-07 02:14:22.250 WARN   Wiring.write_wire_scope: net not found
2026-10-07 02:14:22.250 WARN   Wiring.write_wire_scope: net not found
2026-10-07 02:14:22.250 WARN   Wiring.write_wire_scope: net not found
2026-10-07 02:14:22.250 WARN   Wiring.write_wire_scope: net not found
2026-10-07 02:14:22.250 WARN   Wiring.write_wire_scope: net not found
2026-10-07 02:14:22.250 WARN   Wiring.write_wire_scope: net not found
2026-10-07 02:14:22.250 WARN   Wiring.write_wire_scope: net not found
2026-10-07 02:14:22.250 WARN   Wiring.write_wire_scope: net not found
2026-10-07 02:14:22.250 WARN   Wiring.write_wire_scope: net not found
2026-10-07 02:14:22.251 WARN   Wiring.write_wire_scope: net not found
2026-10-07 02:14:22.251 WARN   Wiring.write_wire_scope: net not found
2026-10-07 02:14:22.251 WARN   Wiring.write_wire_scope: net not found
2026-10-07 02:14:22.251 WARN   Wiring.write_wire_scope: net not found
2026-10-07 02:14:22.251 WARN   Wiring.write_wire_scope: net not found
2026-10-07 02:14:22.251 WARN   Wiring.write_wire_scope: net not found
2026-10-07 02:14:22.251 WARN   Wiring.write_wire_scope: net not found
2026-10-07 02:14:22.251 WARN   Wiring.write_wire_scope: net not found
2026-10-07 02:14:22.251 WARN   Wiring.write_wire_scope: net not found
2026-10-07 02:14:22.251 WARN   Wiring.write_wire_scope: net not found
2026-10-07 02:14:22.251 WARN   Wiring.write_wire_scope: net not found
2026-10-07 02:14:22.251 WARN   Wiring.write_wire_scope: net not found
2026-10-07 02:14:22.251 WARN   Wiring.write_wire_scope: net not found
2026-10-07 02:14:22.251 WARN   Wiring.write_wire_scope: net not found
2026-10-07 02:14:22.251 WARN   Wiring.write_wire_scope: net not found
2026-10-07 02:14:22.251 WARN   Wiring.write_wire_scope: net not found
2026-10-07 02:14:22.251 WARN   Wiring.write_wire_scope: net not found
2026-10-07 02:14:22.251 WARN   Wiring.write_wire_scope: net not found
2026-10-07 02:14:22.251 WARN   Wiring.write_wire_scope: net not found
2026-10-07 02:14:22.252 WARN   Wiring.write_wire_scope: net not found
2026-10-07 02:14:22.252 WARN   Wiring.write_wire_scope: net not found
2026-10-07 02:14:22.252 WARN   Wiring.write_wire_scope: net not found
2026-10-07 02:14:22.252 WARN   Wiring.write_wire_scope: net not found
2026-10-07 02:14:22.252 WARN   Wiring.write_wire_scope: net not found
2026-10-07 02:14:22.252 WARN   Wiring.write_wire_scope: net not found
2026-10-07 02:14:22.252 WARN   Wiring.write_wire_scope: net not found
2026-10-07 02:14:22.252 WARN   Wiring.write_wire_scope: net not found
2026-10-07 02:14:22.252 WARN   Wiring.write_wire_scope: net not found
2026-10-07 02:14:22.252 WARN   Wiring.write_wire_scope: net not found
2026-10-07 02:14:22.252 WARN   Wiring.write_wire_scope: net not found
2026-10-07 02:14:22.252 WARN   Wiring.write_wire_scope: net not found
2026-10-07 02:14:22.252 WARN   Wiring.write_wire_scope: net not found
2026-10-07 02:14:22.252 WARN   Wiring.write_wire_scope: net not found
2026-10-07 02:14:22.252 WARN   Wiring.write_wire_scope: net not found
2026-10-07 02:14:22.252 WARN   Wiring.write_wire_scope: net not found
2026-10-07 02:14:22.252 WARN   Wiring.write_wire_scope: net not found
2026-10-07 02:14:22.252 WARN   Wiring.write_wire_scope: net not found
2026-10-07 02:14:22.253 WARN   Wiring.write_wire_scope: net not found
2026-10-07 02:14:22.253 WARN   Wiring.write_wire_scope: net not found
2026-10-07 02:14:22.253 WARN   Wiring.write_wire_scope: net not found
2026-10-07 02:14:22.253 WARN   Wiring.write_wire_scope: net not found
2026-10-07 02:14:22.253 WARN   Wiring.write_wire_scope: net not found
2026-10-07 02:14:22.253 WARN   Wiring.write_wire_scope: net not found
2026-10-07 02:14:22.253 WARN   Wiring.write_wire_scope: net not found
2026-10-07 02:14:22.253 WARN   Wiring.write_wire_scope: net not found
2026-10-07 02:14:22.253 WARN   Wiring.write_wire_scope: net not found
2026-10-07 02:14:22.253 WARN   Wiring.write_wire_scope: net not found
2026-10-07 02:14:22.253 WARN   Wiring.write_wire_scope: net not found
2026-10-07 02:14:22.253 WARN   Wiring.write_wire_scope: net not found
2026-10-07 02:14:22.253 WARN   Wiring.write_wire_scope: net not found
2026-10-07 02:14:22.253 WARN   Wiring.write_wire_scope: net not found
2026-10-07 02:14:22.253 WARN   Wiring.write_wire_scope: net not found
2026-10-07 02:14:22.253 WARN   Wiring.write_wire_scope: net not found
2026-10-07 02:14:22.253 WARN   Wiring.write_wire_scope: net not found
2026-10-07 02:14:22.253 WARN   Wiring.write_wire_scope: net not found
2026-10-07 02:14:22.253 WARN   Wiring.write_wire_scope: net not found
2026-10-07 02:14:22.253 WARN   Wiring.write_wire_scope: net not found
2026-10-07 02:14:22.253 WARN   Wiring.write_wire_scope: net not found
2026-10-07 02:14:22.253 WARN   Wiring.write_wire_scope: net not found
2026-10-07 02:14:22.253 WARN   Wiring.write_wire_scope: net not found
2026-10-07 02:14:22.253 WARN   Wiring.write_wire_scope: net not found
2026-10-07 02:14:22.254 WARN   Wiring.write_wire_scope: net not found
2026-10-07 02:14:22.254 WARN   Wiring.write_wire_scope: net not found
2026-10-07 02:14:22.254 WARN   Wiring.write_wire_scope: net not found
2026-10-07 02:14:22.254 WARN   Wiring.write_wire_scope: net not found
2026-10-07 02:14:22.254 WARN   Wiring.write_wire_scope: net not found
2026-10-07 02:14:22.254 WARN   Wiring.write_wire_scope: net not found
2026-10-07 02:14:22.254 WARN   Wiring.write_wire_scope: net not found
2026-10-07 02:14:22.254 WARN   Wiring.write_wire_scope: net not found
2026-10-07 02:14:22.254 WARN   Wiring.write_wire_scope: net not found
2026-10-07 02:14:22.254 WARN   Wiring.write_wire_scope: net not found
2026-10-07 02:14:22.254 WARN   Wiring.write_wire_scope: net not found
2026-10-07 02:14:22.254 WARN   Wiring.write_wire_scope: net not found
2026-10-07 02:14:22.254 WARN   Wiring.write_wire_scope: net not found
2026-10-07 02:14:22.254 WARN   Wiring.write_wire_scope: net not found
2026-10-07 02:14:22.254 WARN   Wiring.write_wire_scope: net not found
2026-10-07 02:14:22.254 WARN   Wiring.write_wire_scope: net not found
2026-10-07 02:14:22.254 WARN   Wiring.write_wire_scope: net not found
2026-10-07 02:14:22.254 WARN   Wiring.write_wire_scope: net not found
2026-10-07 02:14:22.254 WARN   Wiring.write_wire_scope: net not found
2026-10-07 02:14:22.254 WARN   Wiring.write_wire_scope: net not found
2026-10-07 02:14:22.254 WARN   Wiring.write_wire_scope: net not found
2026-10-07 02:14:22.254 WARN   Wiring.write_wire_scope: net not found
2026-10-07 02:14:22.255 WARN   Wiring.write_wire_scope: net not found
2026-10-07 02:14:22.255 WARN   Wiring.write_wire_scope: net not found
2026-10-07 02:14:22.255 WARN   Wiring.write_wire_scope: net not found
2026-10-07 02:14:22.255 WARN   Wiring.write_wire_scope: net not found
2026-10-07 02:14:22.255 WARN   Wiring.write_wire_scope: net not found
2026-10-07 02:14:22.255 WARN   Wiring.write_wire_scope: net not found
2026-10-07 02:14:22.255 WARN   Wiring.write_wire_scope: net not found
2026-10-07 02:14:22.255 WARN   Wiring.write_wire_scope: net not found
2026-10-07 02:14:22.255 WARN   Wiring.write_wire_scope: net not found
2026-10-07 02:14:22.255 WARN   Wiring.write_wire_scope: net not found
2026-10-07 02:14:22.255 WARN   Wiring.write_wire_scope: net not found
2026-10-07 02:14:22.255 WARN   Wiring.write_wire_scope: net not found
2026-10-07 02:14:22.255 WARN   Wiring.write_wire_scope: net not found
2026-10-07 02:14:22.255 WARN   Wiring.write_wire_scope: net not found
2026-10-07 02:14:22.255 WARN   Wiring.write_wire_scope: net not found
2026-10-07 02:14:22.255 WARN   Wiring.write_wire_scope: net not found
2026-10-07 02:14:22.255 WARN   Wiring.write_wire_scope: net not found
2026-10-07 02:14:22.255 WARN   Wiring.write_wire_scope: net not found
2026-10-07 02:14:22.255 WARN   Wiring.write_wire_scope: net not found
2026-10-07 02:14:22.255 WARN   Wiring.write_wire_scope: net not found
2026-10-07 02:14:22.255 WARN   Wiring.write_wire_scope: net not found
2026-10-07 02:14:22.255 WARN   Wiring.write_wire_scope: net not found
2026-10-07 02:14:22.255 WARN   Wiring.write_wire_scope: net not found
2026-10-07 02:14:22.255 WARN   Wiring.write_wire_scope: net not found
2026-10-07 02:14:22.255 WARN   Wiring.write_wire_scope: net not found
2026-10-07 02:14:22.256 WARN   Wiring.write_wire_scope: net not found
2026-10-07 02:14:22.256 WARN   Wiring.write_wire_scope: net not found
2026-10-07 02:14:22.256 WARN   Wiring.write_wire_scope: net not found
2026-10-07 02:14:22.256 WARN   Wiring.write_wire_scope: net not found
2026-10-07 02:14:22.256 WARN   Wiring.write_wire_scope: net not found
2026-10-07 02:14:22.256 WARN   Wiring.write_wire_scope: net not found
2026-10-07 02:14:22.256 WARN   Wiring.write_wire_scope: net not found
2026-10-07 02:14:22.256 WARN   Wiring.write_wire_scope: net not found
2026-10-07 02:14:22.256 WARN   Wiring.write_wire_scope: net not found
2026-10-07 02:14:22.312 WARN   Design Warning: Board has 257 pre-existing clearance violation(s) in the loaded design (before routing):
  - 257 unfixable violation(s) (cannot be resolved by Freerouting):
      * 10 pin-to-pin clearance violations (first 5 shown):
          - Q103.9 <-> Q103.8
          - Q103.9 <-> Q103.7
          - Q103.9 <-> Q103.6
          - Q103.9 <-> Q103.5
          - U25.21 <-> U25.20
          ... and 5 more
      * 247 fixed trace/via clearance violations (first 5 shown):
          - FixedVia#3115 <-> FixedTrace#3085
          - FixedVia#3115 <-> FixedTrace#3082
          - FixedVia#3115 <-> FixedTrace#3086 [net /SYS_RAW]
          - FixedVia#3114 <-> FixedTrace#3084
          - FixedVia#3114 <-> FixedTrace#3087 [net /SYS_RAW]
          ... and 242 more
  - 0 potentially fixable violations
Notice: Freerouting does not modify component placement, board outlines, or fixed items.
Resolving these 257 unfixable violation(s) is the responsibility of the board author in their EDA tool (e.g. KiCad).
2026-10-07 02:14:22.355 INFO   [35A8BF\13C408] Pipeline thread limits: autorouter pass is single-threaded, optimizer.max_threads=23.
2026-10-07 02:14:22.420 INFO   [35A8BF\13C408] Fanout stage started on board '67bca56ad394b47ea320c0d0a10606c4' with 23 of 1066 SMD pins needing fanout (0 already connected, 1043 netless).
2026-10-07 02:14:22.482 WARN   Wiring.write_wire_scope: net not found
2026-10-07 02:14:22.482 WARN   Wiring.write_wire_scope: net not found
2026-10-07 02:14:22.482 WARN   Wiring.write_wire_scope: net not found
2026-10-07 02:14:22.482 WARN   Wiring.write_wire_scope: net not found
2026-10-07 02:14:22.482 WARN   Wiring.write_wire_scope: net not found
2026-10-07 02:14:22.482 WARN   Wiring.write_wire_scope: net not found
2026-10-07 02:14:22.482 WARN   Wiring.write_wire_scope: net not found
2026-10-07 02:14:22.482 WARN   Wiring.write_wire_scope: net not found
2026-10-07 02:14:22.482 WARN   Wiring.write_wire_scope: net not found
2026-10-07 02:14:22.482 WARN   Wiring.write_wire_scope: net not found
2026-10-07 02:14:22.482 WARN   Wiring.write_wire_scope: net not found
2026-10-07 02:14:22.482 WARN   Wiring.write_wire_scope: net not found
2026-10-07 02:14:22.482 WARN   Wiring.write_wire_scope: net not found
2026-10-07 02:14:22.482 WARN   Wiring.write_wire_scope: net not found
2026-10-07 02:14:22.482 WARN   Wiring.write_wire_scope: net not found
2026-10-07 02:14:22.482 WARN   Wiring.write_wire_scope: net not found
2026-10-07 02:14:22.482 WARN   Wiring.write_wire_scope: net not found
2026-10-07 02:14:22.482 WARN   Wiring.write_wire_scope: net not found
2026-10-07 02:14:22.482 WARN   Wiring.write_wire_scope: net not found
2026-10-07 02:14:22.482 WARN   Wiring.write_wire_scope: net not found
2026-10-07 02:14:22.483 WARN   Wiring.write_wire_scope: net not found
2026-10-07 02:14:22.483 WARN   Wiring.write_wire_scope: net not found
2026-10-07 02:14:22.483 WARN   Wiring.write_wire_scope: net not found
2026-10-07 02:14:22.483 WARN   Wiring.write_wire_scope: net not found
2026-10-07 02:14:22.483 WARN   Wiring.write_wire_scope: net not found
2026-10-07 02:14:22.483 WARN   Wiring.write_wire_scope: net not found
2026-10-07 02:14:22.483 WARN   Wiring.write_wire_scope: net not found
2026-10-07 02:14:22.483 WARN   Wiring.write_wire_scope: net not found
2026-10-07 02:14:22.483 WARN   Wiring.write_wire_scope: net not found
2026-10-07 02:14:22.483 WARN   Wiring.write_wire_scope: net not found
2026-10-07 02:14:22.483 WARN   Wiring.write_wire_scope: net not found
2026-10-07 02:14:22.483 WARN   Wiring.write_wire_scope: net not found
2026-10-07 02:14:22.483 WARN   Wiring.write_wire_scope: net not found
2026-10-07 02:14:22.483 WARN   Wiring.write_wire_scope: net not found
2026-10-07 02:14:22.483 WARN   Wiring.write_wire_scope: net not found
2026-10-07 02:14:22.483 WARN   Wiring.write_wire_scope: net not found
2026-10-07 02:14:22.483 WARN   Wiring.write_wire_scope: net not found
2026-10-07 02:14:22.483 WARN   Wiring.write_wire_scope: net not found
2026-10-07 02:14:22.483 WARN   Wiring.write_wire_scope: net not found
2026-10-07 02:14:22.483 WARN   Wiring.write_wire_scope: net not found
2026-10-07 02:14:22.483 WARN   Wiring.write_wire_scope: net not found
2026-10-07 02:14:22.483 WARN   Wiring.write_wire_scope: net not found
2026-10-07 02:14:22.484 WARN   Wiring.write_wire_scope: net not found
2026-10-07 02:14:22.484 WARN   Wiring.write_wire_scope: net not found
2026-10-07 02:14:22.484 WARN   Wiring.write_wire_scope: net not found
2026-10-07 02:14:22.484 WARN   Wiring.write_wire_scope: net not found
2026-10-07 02:14:22.484 WARN   Wiring.write_wire_scope: net not found
2026-10-07 02:14:22.484 WARN   Wiring.write_wire_scope: net not found
2026-10-07 02:14:22.484 WARN   Wiring.write_wire_scope: net not found
2026-10-07 02:14:22.484 WARN   Wiring.write_wire_scope: net not found
2026-10-07 02:14:22.484 WARN   Wiring.write_wire_scope: net not found
2026-10-07 02:14:22.484 WARN   Wiring.write_wire_scope: net not found
2026-10-07 02:14:22.484 WARN   Wiring.write_wire_scope: net not found
2026-10-07 02:14:22.484 WARN   Wiring.write_wire_scope: net not found
2026-10-07 02:14:22.484 WARN   Wiring.write_wire_scope: net not found
2026-10-07 02:14:22.484 WARN   Wiring.write_wire_scope: net not found
2026-10-07 02:14:22.484 WARN   Wiring.write_wire_scope: net not found
2026-10-07 02:14:22.484 WARN   Wiring.write_wire_scope: net not found
2026-10-07 02:14:22.484 WARN   Wiring.write_wire_scope: net not found
2026-10-07 02:14:22.484 WARN   Wiring.write_wire_scope: net not found
2026-10-07 02:14:22.484 WARN   Wiring.write_wire_scope: net not found
2026-10-07 02:14:22.484 WARN   Wiring.write_wire_scope: net not found
2026-10-07 02:14:22.484 WARN   Wiring.write_wire_scope: net not found
2026-10-07 02:14:22.484 WARN   Wiring.write_wire_scope: net not found
2026-10-07 02:14:22.484 WARN   Wiring.write_wire_scope: net not found
2026-10-07 02:14:22.484 WARN   Wiring.write_wire_scope: net not found
2026-10-07 02:14:22.484 WARN   Wiring.write_wire_scope: net not found
2026-10-07 02:14:22.484 WARN   Wiring.write_wire_scope: net not found
2026-10-07 02:14:22.484 WARN   Wiring.write_wire_scope: net not found
2026-10-07 02:14:22.484 WARN   Wiring.write_wire_scope: net not found
2026-10-07 02:14:22.484 WARN   Wiring.write_wire_scope: net not found
2026-10-07 02:14:22.484 WARN   Wiring.write_wire_scope: net not found
2026-10-07 02:14:22.484 WARN   Wiring.write_wire_scope: net not found
2026-10-07 02:14:22.484 WARN   Wiring.write_wire_scope: net not found
2026-10-07 02:14:22.484 WARN   Wiring.write_wire_scope: net not found
2026-10-07 02:14:22.484 WARN   Wiring.write_wire_scope: net not found
2026-10-07 02:14:22.484 WARN   Wiring.write_wire_scope: net not found
2026-10-07 02:14:22.484 WARN   Wiring.write_wire_scope: net not found
2026-10-07 02:14:22.484 WARN   Wiring.write_wire_scope: net not found
2026-10-07 02:14:22.484 WARN   Wiring.write_wire_scope: net not found
2026-10-07 02:14:22.484 WARN   Wiring.write_wire_scope: net not found
2026-10-07 02:14:22.484 WARN   Wiring.write_wire_scope: net not found
2026-10-07 02:14:22.484 WARN   Wiring.write_wire_scope: net not found
2026-10-07 02:14:22.484 WARN   Wiring.write_wire_scope: net not found
2026-10-07 02:14:22.484 WARN   Wiring.write_wire_scope: net not found
2026-10-07 02:14:22.484 WARN   Wiring.write_wire_scope: net not found
2026-10-07 02:14:22.484 WARN   Wiring.write_wire_scope: net not found
2026-10-07 02:14:22.484 WARN   Wiring.write_wire_scope: net not found
2026-10-07 02:14:22.484 WARN   Wiring.write_wire_scope: net not found
2026-10-07 02:14:22.484 WARN   Wiring.write_wire_scope: net not found
2026-10-07 02:14:22.485 WARN   Wiring.write_wire_scope: net not found
2026-10-07 02:14:22.485 WARN   Wiring.write_wire_scope: net not found
2026-10-07 02:14:22.485 WARN   Wiring.write_wire_scope: net not found
2026-10-07 02:14:22.485 WARN   Wiring.write_wire_scope: net not found
2026-10-07 02:14:22.485 WARN   Wiring.write_wire_scope: net not found
2026-10-07 02:14:22.485 WARN   Wiring.write_wire_scope: net not found
2026-10-07 02:14:22.485 WARN   Wiring.write_wire_scope: net not found
2026-10-07 02:14:22.485 WARN   Wiring.write_wire_scope: net not found
2026-10-07 02:14:22.485 WARN   Wiring.write_wire_scope: net not found
2026-10-07 02:14:22.485 WARN   Wiring.write_wire_scope: net not found
2026-10-07 02:14:22.485 WARN   Wiring.write_wire_scope: net not found
2026-10-07 02:14:22.485 WARN   Wiring.write_wire_scope: net not found
2026-10-07 02:14:22.485 WARN   Wiring.write_wire_scope: net not found
2026-10-07 02:14:22.485 WARN   Wiring.write_wire_scope: net not found
2026-10-07 02:14:22.485 WARN   Wiring.write_wire_scope: net not found
2026-10-07 02:14:22.485 WARN   Wiring.write_wire_scope: net not found
2026-10-07 02:14:22.485 WARN   Wiring.write_wire_scope: net not found
2026-10-07 02:14:22.485 WARN   Wiring.write_wire_scope: net not found
2026-10-07 02:14:22.485 WARN   Wiring.write_wire_scope: net not found
2026-10-07 02:14:22.485 WARN   Wiring.write_wire_scope: net not found
2026-10-07 02:14:22.485 WARN   Wiring.write_wire_scope: net not found
2026-10-07 02:14:22.485 WARN   Wiring.write_wire_scope: net not found
2026-10-07 02:14:22.485 WARN   Wiring.write_wire_scope: net not found
2026-10-07 02:14:22.485 WARN   Wiring.write_wire_scope: net not found
2026-10-07 02:14:22.485 WARN   Wiring.write_wire_scope: net not found
2026-10-07 02:14:22.485 WARN   Wiring.write_wire_scope: net not found
2026-10-07 02:14:22.485 WARN   Wiring.write_wire_scope: net not found
2026-10-07 02:14:22.485 WARN   Wiring.write_wire_scope: net not found
2026-10-07 02:14:22.485 WARN   Wiring.write_wire_scope: net not found
2026-10-07 02:14:22.485 WARN   Wiring.write_wire_scope: net not found
2026-10-07 02:14:22.485 WARN   Wiring.write_wire_scope: net not found
2026-10-07 02:14:22.485 WARN   Wiring.write_wire_scope: net not found
2026-10-07 02:14:22.485 WARN   Wiring.write_wire_scope: net not found
2026-10-07 02:14:22.485 WARN   Wiring.write_wire_scope: net not found
2026-10-07 02:14:22.485 WARN   Wiring.write_wire_scope: net not found
2026-10-07 02:14:22.485 WARN   Wiring.write_wire_scope: net not found
2026-10-07 02:14:22.485 WARN   Wiring.write_wire_scope: net not found
2026-10-07 02:14:22.485 WARN   Wiring.write_wire_scope: net not found
2026-10-07 02:14:22.485 WARN   Wiring.write_wire_scope: net not found
2026-10-07 02:14:22.485 WARN   Wiring.write_wire_scope: net not found
2026-10-07 02:14:22.485 WARN   Wiring.write_wire_scope: net not found
2026-10-07 02:14:22.485 WARN   Wiring.write_wire_scope: net not found
2026-10-07 02:14:22.485 WARN   Wiring.write_wire_scope: net not found
2026-10-07 02:14:22.485 WARN   Wiring.write_wire_scope: net not found
2026-10-07 02:14:22.485 WARN   Wiring.write_wire_scope: net not found
2026-10-07 02:14:22.485 WARN   Wiring.write_wire_scope: net not found
2026-10-07 02:14:22.485 WARN   Wiring.write_wire_scope: net not found
2026-10-07 02:14:22.639 WARN   Wiring.write_wire_scope: net not found
2026-10-07 02:14:22.639 WARN   Wiring.write_wire_scope: net not found
2026-10-07 02:14:22.639 WARN   Wiring.write_wire_scope: net not found
2026-10-07 02:14:22.639 WARN   Wiring.write_wire_scope: net not found
2026-10-07 02:14:22.639 WARN   Wiring.write_wire_scope: net not found
2026-10-07 02:14:22.639 WARN   Wiring.write_wire_scope: net not found
2026-10-07 02:14:22.639 WARN   Wiring.write_wire_scope: net not found
2026-10-07 02:14:22.639 WARN   Wiring.write_wire_scope: net not found
2026-10-07 02:14:22.639 WARN   Wiring.write_wire_scope: net not found
2026-10-07 02:14:22.639 WARN   Wiring.write_wire_scope: net not found
2026-10-07 02:14:22.639 WARN   Wiring.write_wire_scope: net not found
2026-10-07 02:14:22.639 WARN   Wiring.write_wire_scope: net not found
2026-10-07 02:14:22.639 WARN   Wiring.write_wire_scope: net not found
2026-10-07 02:14:22.639 WARN   Wiring.write_wire_scope: net not found
2026-10-07 02:14:22.639 WARN   Wiring.write_wire_scope: net not found
2026-10-07 02:14:22.639 WARN   Wiring.write_wire_scope: net not found
2026-10-07 02:14:22.639 WARN   Wiring.write_wire_scope: net not found
2026-10-07 02:14:22.639 WARN   Wiring.write_wire_scope: net not found
2026-10-07 02:14:22.639 WARN   Wiring.write_wire_scope: net not found
2026-10-07 02:14:22.639 WARN   Wiring.write_wire_scope: net not found
2026-10-07 02:14:22.639 WARN   Wiring.write_wire_scope: net not found
2026-10-07 02:14:22.639 WARN   Wiring.write_wire_scope: net not found
2026-10-07 02:14:22.639 WARN   Wiring.write_wire_scope: net not found
2026-10-07 02:14:22.639 WARN   Wiring.write_wire_scope: net not found
2026-10-07 02:14:22.639 WARN   Wiring.write_wire_scope: net not found
2026-10-07 02:14:22.639 WARN   Wiring.write_wire_scope: net not found
2026-10-07 02:14:22.639 WARN   Wiring.write_wire_scope: net not found
2026-10-07 02:14:22.639 WARN   Wiring.write_wire_scope: net not found
2026-10-07 02:14:22.639 WARN   Wiring.write_wire_scope: net not found
2026-10-07 02:14:22.639 WARN   Wiring.write_wire_scope: net not found
2026-10-07 02:14:22.639 WARN   Wiring.write_wire_scope: net not found
2026-10-07 02:14:22.639 WARN   Wiring.write_wire_scope: net not found
2026-10-07 02:14:22.639 WARN   Wiring.write_wire_scope: net not found
2026-10-07 02:14:22.639 WARN   Wiring.write_wire_scope: net not found
2026-10-07 02:14:22.639 WARN   Wiring.write_wire_scope: net not found
2026-10-07 02:14:22.639 WARN   Wiring.write_wire_scope: net not found
2026-10-07 02:14:22.639 WARN   Wiring.write_wire_scope: net not found
2026-10-07 02:14:22.639 WARN   Wiring.write_wire_scope: net not found
2026-10-07 02:14:22.639 WARN   Wiring.write_wire_scope: net not found
2026-10-07 02:14:22.639 WARN   Wiring.write_wire_scope: net not found
2026-10-07 02:14:22.639 WARN   Wiring.write_wire_scope: net not found
2026-10-07 02:14:22.639 WARN   Wiring.write_wire_scope: net not found
2026-10-07 02:14:22.639 WARN   Wiring.write_wire_scope: net not found
2026-10-07 02:14:22.639 WARN   Wiring.write_wire_scope: net not found
2026-10-07 02:14:22.639 WARN   Wiring.write_wire_scope: net not found
2026-10-07 02:14:22.639 WARN   Wiring.write_wire_scope: net not found
2026-10-07 02:14:22.640 WARN   Wiring.write_wire_scope: net not found
2026-10-07 02:14:22.640 WARN   Wiring.write_wire_scope: net not found
2026-10-07 02:14:22.640 WARN   Wiring.write_wire_scope: net not found
2026-10-07 02:14:22.640 WARN   Wiring.write_wire_scope: net not found
2026-10-07 02:14:22.640 WARN   Wiring.write_wire_scope: net not found
2026-10-07 02:14:22.640 WARN   Wiring.write_wire_scope: net not found
2026-10-07 02:14:22.640 WARN   Wiring.write_wire_scope: net not found
2026-10-07 02:14:22.640 WARN   Wiring.write_wire_scope: net not found
2026-10-07 02:14:22.640 WARN   Wiring.write_wire_scope: net not found
2026-10-07 02:14:22.640 WARN   Wiring.write_wire_scope: net not found
2026-10-07 02:14:22.640 WARN   Wiring.write_wire_scope: net not found
2026-10-07 02:14:22.640 WARN   Wiring.write_wire_scope: net not found
2026-10-07 02:14:22.640 WARN   Wiring.write_wire_scope: net not found
2026-10-07 02:14:22.640 WARN   Wiring.write_wire_scope: net not found
2026-10-07 02:14:22.640 WARN   Wiring.write_wire_scope: net not found
2026-10-07 02:14:22.640 WARN   Wiring.write_wire_scope: net not found
2026-10-07 02:14:22.640 WARN   Wiring.write_wire_scope: net not found
2026-10-07 02:14:22.640 WARN   Wiring.write_wire_scope: net not found
2026-10-07 02:14:22.640 WARN   Wiring.write_wire_scope: net not found
2026-10-07 02:14:22.640 WARN   Wiring.write_wire_scope: net not found
2026-10-07 02:14:22.640 WARN   Wiring.write_wire_scope: net not found
2026-10-07 02:14:22.640 WARN   Wiring.write_wire_scope: net not found
2026-10-07 02:14:22.640 WARN   Wiring.write_wire_scope: net not found
2026-10-07 02:14:22.640 WARN   Wiring.write_wire_scope: net not found
2026-10-07 02:14:22.640 WARN   Wiring.write_wire_scope: net not found
2026-10-07 02:14:22.640 WARN   Wiring.write_wire_scope: net not found
2026-10-07 02:14:22.640 WARN   Wiring.write_wire_scope: net not found
2026-10-07 02:14:22.640 WARN   Wiring.write_wire_scope: net not found
2026-10-07 02:14:22.640 WARN   Wiring.write_wire_scope: net not found
2026-10-07 02:14:22.640 WARN   Wiring.write_wire_scope: net not found
2026-10-07 02:14:22.640 WARN   Wiring.write_wire_scope: net not found
2026-10-07 02:14:22.640 WARN   Wiring.write_wire_scope: net not found
2026-10-07 02:14:22.640 WARN   Wiring.write_wire_scope: net not found
2026-10-07 02:14:22.640 WARN   Wiring.write_wire_scope: net not found
2026-10-07 02:14:22.640 WARN   Wiring.write_wire_scope: net not found
2026-10-07 02:14:22.640 WARN   Wiring.write_wire_scope: net not found
2026-10-07 02:14:22.640 WARN   Wiring.write_wire_scope: net not found
2026-10-07 02:14:22.640 WARN   Wiring.write_wire_scope: net not found
2026-10-07 02:14:22.640 WARN   Wiring.write_wire_scope: net not found
2026-10-07 02:14:22.640 WARN   Wiring.write_wire_scope: net not found
2026-10-07 02:14:22.640 WARN   Wiring.write_wire_scope: net not found
2026-10-07 02:14:22.640 WARN   Wiring.write_wire_scope: net not found
2026-10-07 02:14:22.640 WARN   Wiring.write_wire_scope: net not found
2026-10-07 02:14:22.640 WARN   Wiring.write_wire_scope: net not found
2026-10-07 02:14:22.640 WARN   Wiring.write_wire_scope: net not found
2026-10-07 02:14:22.640 WARN   Wiring.write_wire_scope: net not found
2026-10-07 02:14:22.640 WARN   Wiring.write_wire_scope: net not found
2026-10-07 02:14:22.640 WARN   Wiring.write_wire_scope: net not found
2026-10-07 02:14:22.640 WARN   Wiring.write_wire_scope: net not found
2026-10-07 02:14:22.640 WARN   Wiring.write_wire_scope: net not found
2026-10-07 02:14:22.640 WARN   Wiring.write_wire_scope: net not found
2026-10-07 02:14:22.640 WARN   Wiring.write_wire_scope: net not found
2026-10-07 02:14:22.640 WARN   Wiring.write_wire_scope: net not found
2026-10-07 02:14:22.640 WARN   Wiring.write_wire_scope: net not found
2026-10-07 02:14:22.640 WARN   Wiring.write_wire_scope: net not found
2026-10-07 02:14:22.640 WARN   Wiring.write_wire_scope: net not found
2026-10-07 02:14:22.640 WARN   Wiring.write_wire_scope: net not found
2026-10-07 02:14:22.640 WARN   Wiring.write_wire_scope: net not found
2026-10-07 02:14:22.640 WARN   Wiring.write_wire_scope: net not found
2026-10-07 02:14:22.640 WARN   Wiring.write_wire_scope: net not found
2026-10-07 02:14:22.640 WARN   Wiring.write_wire_scope: net not found
2026-10-07 02:14:22.640 WARN   Wiring.write_wire_scope: net not found
2026-10-07 02:14:22.640 WARN   Wiring.write_wire_scope: net not found
2026-10-07 02:14:22.640 WARN   Wiring.write_wire_scope: net not found
2026-10-07 02:14:22.640 WARN   Wiring.write_wire_scope: net not found
2026-10-07 02:14:22.640 WARN   Wiring.write_wire_scope: net not found
2026-10-07 02:14:22.640 WARN   Wiring.write_wire_scope: net not found
2026-10-07 02:14:22.640 WARN   Wiring.write_wire_scope: net not found
2026-10-07 02:14:22.640 WARN   Wiring.write_wire_scope: net not found
2026-10-07 02:14:22.640 WARN   Wiring.write_wire_scope: net not found
2026-10-07 02:14:22.640 WARN   Wiring.write_wire_scope: net not found
2026-10-07 02:14:22.640 WARN   Wiring.write_wire_scope: net not found
2026-10-07 02:14:22.640 WARN   Wiring.write_wire_scope: net not found
2026-10-07 02:14:22.640 WARN   Wiring.write_wire_scope: net not found
2026-10-07 02:14:22.640 WARN   Wiring.write_wire_scope: net not found
2026-10-07 02:14:22.640 WARN   Wiring.write_wire_scope: net not found
2026-10-07 02:14:22.640 WARN   Wiring.write_wire_scope: net not found
2026-10-07 02:14:22.640 WARN   Wiring.write_wire_scope: net not found
2026-10-07 02:14:22.640 WARN   Wiring.write_wire_scope: net not found
2026-10-07 02:14:22.640 WARN   Wiring.write_wire_scope: net not found
2026-10-07 02:14:22.640 WARN   Wiring.write_wire_scope: net not found
2026-10-07 02:14:22.640 WARN   Wiring.write_wire_scope: net not found
2026-10-07 02:14:22.640 WARN   Wiring.write_wire_scope: net not found
2026-10-07 02:14:22.640 WARN   Wiring.write_wire_scope: net not found
2026-10-07 02:14:22.640 WARN   Wiring.write_wire_scope: net not found
2026-10-07 02:14:22.640 WARN   Wiring.write_wire_scope: net not found
2026-10-07 02:14:22.640 WARN   Wiring.write_wire_scope: net not found
2026-10-07 02:14:22.640 WARN   Wiring.write_wire_scope: net not found
2026-10-07 02:14:22.640 WARN   Wiring.write_wire_scope: net not found
2026-10-07 02:14:22.640 WARN   Wiring.write_wire_scope: net not found
2026-10-07 02:14:22.640 WARN   Wiring.write_wire_scope: net not found
2026-10-07 02:14:22.898 WARN   Wiring.write_wire_scope: net not found
2026-10-07 02:14:22.898 WARN   Wiring.write_wire_scope: net not found
2026-10-07 02:14:22.898 WARN   Wiring.write_wire_scope: net not found
2026-10-07 02:14:22.898 WARN   Wiring.write_wire_scope: net not found
2026-10-07 02:14:22.898 WARN   Wiring.write_wire_scope: net not found
2026-10-07 02:14:22.898 WARN   Wiring.write_wire_scope: net not found
2026-10-07 02:14:22.898 WARN   Wiring.write_wire_scope: net not found
2026-10-07 02:14:22.898 WARN   Wiring.write_wire_scope: net not found
2026-10-07 02:14:22.898 WARN   Wiring.write_wire_scope: net not found
2026-10-07 02:14:22.898 WARN   Wiring.write_wire_scope: net not found
2026-10-07 02:14:22.898 WARN   Wiring.write_wire_scope: net not found
2026-10-07 02:14:22.898 WARN   Wiring.write_wire_scope: net not found
2026-10-07 02:14:22.898 WARN   Wiring.write_wire_scope: net not found
2026-10-07 02:14:22.898 WARN   Wiring.write_wire_scope: net not found
2026-10-07 02:14:22.898 WARN   Wiring.write_wire_scope: net not found
2026-10-07 02:14:22.898 WARN   Wiring.write_wire_scope: net not found
2026-10-07 02:14:22.898 WARN   Wiring.write_wire_scope: net not found
2026-10-07 02:14:22.898 WARN   Wiring.write_wire_scope: net not found
2026-10-07 02:14:22.898 WARN   Wiring.write_wire_scope: net not found
2026-10-07 02:14:22.898 WARN   Wiring.write_wire_scope: net not found
2026-10-07 02:14:22.898 WARN   Wiring.write_wire_scope: net not found
2026-10-07 02:14:22.898 WARN   Wiring.write_wire_scope: net not found
2026-10-07 02:14:22.898 WARN   Wiring.write_wire_scope: net not found
2026-10-07 02:14:22.898 WARN   Wiring.write_wire_scope: net not found
2026-10-07 02:14:22.898 WARN   Wiring.write_wire_scope: net not found
2026-10-07 02:14:22.898 WARN   Wiring.write_wire_scope: net not found
2026-10-07 02:14:22.898 WARN   Wiring.write_wire_scope: net not found
2026-10-07 02:14:22.898 WARN   Wiring.write_wire_scope: net not found
2026-10-07 02:14:22.898 WARN   Wiring.write_wire_scope: net not found
2026-10-07 02:14:22.898 WARN   Wiring.write_wire_scope: net not found
2026-10-07 02:14:22.898 WARN   Wiring.write_wire_scope: net not found
2026-10-07 02:14:22.898 WARN   Wiring.write_wire_scope: net not found
2026-10-07 02:14:22.898 WARN   Wiring.write_wire_scope: net not found
2026-10-07 02:14:22.898 WARN   Wiring.write_wire_scope: net not found
2026-10-07 02:14:22.898 WARN   Wiring.write_wire_scope: net not found
2026-10-07 02:14:22.898 WARN   Wiring.write_wire_scope: net not found
2026-10-07 02:14:22.898 WARN   Wiring.write_wire_scope: net not found
2026-10-07 02:14:22.898 WARN   Wiring.write_wire_scope: net not found
2026-10-07 02:14:22.898 WARN   Wiring.write_wire_scope: net not found
2026-10-07 02:14:22.899 WARN   Wiring.write_wire_scope: net not found
2026-10-07 02:14:22.899 WARN   Wiring.write_wire_scope: net not found
2026-10-07 02:14:22.899 WARN   Wiring.write_wire_scope: net not found
2026-10-07 02:14:22.899 WARN   Wiring.write_wire_scope: net not found
2026-10-07 02:14:22.899 WARN   Wiring.write_wire_scope: net not found
2026-10-07 02:14:22.899 WARN   Wiring.write_wire_scope: net not found
2026-10-07 02:14:22.899 WARN   Wiring.write_wire_scope: net not found
2026-10-07 02:14:22.899 WARN   Wiring.write_wire_scope: net not found
2026-10-07 02:14:22.899 WARN   Wiring.write_wire_scope: net not found
2026-10-07 02:14:22.899 WARN   Wiring.write_wire_scope: net not found
2026-10-07 02:14:22.899 WARN   Wiring.write_wire_scope: net not found
2026-10-07 02:14:22.899 WARN   Wiring.write_wire_scope: net not found
2026-10-07 02:14:22.899 WARN   Wiring.write_wire_scope: net not found
2026-10-07 02:14:22.899 WARN   Wiring.write_wire_scope: net not found
2026-10-07 02:14:22.899 WARN   Wiring.write_wire_scope: net not found
2026-10-07 02:14:22.899 WARN   Wiring.write_wire_scope: net not found
2026-10-07 02:14:22.899 WARN   Wiring.write_wire_scope: net not found
2026-10-07 02:14:22.899 WARN   Wiring.write_wire_scope: net not found
2026-10-07 02:14:22.899 WARN   Wiring.write_wire_scope: net not found
2026-10-07 02:14:22.899 WARN   Wiring.write_wire_scope: net not found
2026-10-07 02:14:22.899 WARN   Wiring.write_wire_scope: net not found
2026-10-07 02:14:22.899 WARN   Wiring.write_wire_scope: net not found
2026-10-07 02:14:22.899 WARN   Wiring.write_wire_scope: net not found
2026-10-07 02:14:22.899 WARN   Wiring.write_wire_scope: net not found
2026-10-07 02:14:22.899 WARN   Wiring.write_wire_scope: net not found
2026-10-07 02:14:22.899 WARN   Wiring.write_wire_scope: net not found
2026-10-07 02:14:22.899 WARN   Wiring.write_wire_scope: net not found
2026-10-07 02:14:22.899 WARN   Wiring.write_wire_scope: net not found
2026-10-07 02:14:22.899 WARN   Wiring.write_wire_scope: net not found
2026-10-07 02:14:22.899 WARN   Wiring.write_wire_scope: net not found
2026-10-07 02:14:22.899 WARN   Wiring.write_wire_scope: net not found
2026-10-07 02:14:22.899 WARN   Wiring.write_wire_scope: net not found
2026-10-07 02:14:22.899 WARN   Wiring.write_wire_scope: net not found
2026-10-07 02:14:22.899 WARN   Wiring.write_wire_scope: net not found
2026-10-07 02:14:22.899 WARN   Wiring.write_wire_scope: net not found
2026-10-07 02:14:22.899 WARN   Wiring.write_wire_scope: net not found
2026-10-07 02:14:22.899 WARN   Wiring.write_wire_scope: net not found
2026-10-07 02:14:22.899 WARN   Wiring.write_wire_scope: net not found
2026-10-07 02:14:22.899 WARN   Wiring.write_wire_scope: net not found
2026-10-07 02:14:22.899 WARN   Wiring.write_wire_scope: net not found
2026-10-07 02:14:22.899 WARN   Wiring.write_wire_scope: net not found
2026-10-07 02:14:22.899 WARN   Wiring.write_wire_scope: net not found
2026-10-07 02:14:22.899 WARN   Wiring.write_wire_scope: net not found
2026-10-07 02:14:22.899 WARN   Wiring.write_wire_scope: net not found
2026-10-07 02:14:22.899 WARN   Wiring.write_wire_scope: net not found
2026-10-07 02:14:22.899 WARN   Wiring.write_wire_scope: net not found
2026-10-07 02:14:22.899 WARN   Wiring.write_wire_scope: net not found
2026-10-07 02:14:22.899 WARN   Wiring.write_wire_scope: net not found
2026-10-07 02:14:22.899 WARN   Wiring.write_wire_scope: net not found
2026-10-07 02:14:22.899 WARN   Wiring.write_wire_scope: net not found
2026-10-07 02:14:22.899 WARN   Wiring.write_wire_scope: net not found
2026-10-07 02:14:22.899 WARN   Wiring.write_wire_scope: net not found
2026-10-07 02:14:22.899 WARN   Wiring.write_wire_scope: net not found
2026-10-07 02:14:22.899 WARN   Wiring.write_wire_scope: net not found
2026-10-07 02:14:22.899 WARN   Wiring.write_wire_scope: net not found
2026-10-07 02:14:22.899 WARN   Wiring.write_wire_scope: net not found
2026-10-07 02:14:22.899 WARN   Wiring.write_wire_scope: net not found
2026-10-07 02:14:22.899 WARN   Wiring.write_wire_scope: net not found
2026-10-07 02:14:22.899 WARN   Wiring.write_wire_scope: net not found
2026-10-07 02:14:22.899 WARN   Wiring.write_wire_scope: net not found
2026-10-07 02:14:22.899 WARN   Wiring.write_wire_scope: net not found
2026-10-07 02:14:22.899 WARN   Wiring.write_wire_scope: net not found
2026-10-07 02:14:22.899 WARN   Wiring.write_wire_scope: net not found
2026-10-07 02:14:22.899 WARN   Wiring.write_wire_scope: net not found
2026-10-07 02:14:22.899 WARN   Wiring.write_wire_scope: net not found
2026-10-07 02:14:22.899 WARN   Wiring.write_wire_scope: net not found
2026-10-07 02:14:22.899 WARN   Wiring.write_wire_scope: net not found
2026-10-07 02:14:22.899 WARN   Wiring.write_wire_scope: net not found
2026-10-07 02:14:22.899 WARN   Wiring.write_wire_scope: net not found
2026-10-07 02:14:22.899 WARN   Wiring.write_wire_scope: net not found
2026-10-07 02:14:22.899 WARN   Wiring.write_wire_scope: net not found
2026-10-07 02:14:22.899 WARN   Wiring.write_wire_scope: net not found
2026-10-07 02:14:22.899 WARN   Wiring.write_wire_scope: net not found
2026-10-07 02:14:22.899 WARN   Wiring.write_wire_scope: net not found
2026-10-07 02:14:22.899 WARN   Wiring.write_wire_scope: net not found
2026-10-07 02:14:22.899 WARN   Wiring.write_wire_scope: net not found
2026-10-07 02:14:22.899 WARN   Wiring.write_wire_scope: net not found
2026-10-07 02:14:22.899 WARN   Wiring.write_wire_scope: net not found
2026-10-07 02:14:22.899 WARN   Wiring.write_wire_scope: net not found
2026-10-07 02:14:22.899 WARN   Wiring.write_wire_scope: net not found
2026-10-07 02:14:22.899 WARN   Wiring.write_wire_scope: net not found
2026-10-07 02:14:22.899 WARN   Wiring.write_wire_scope: net not found
2026-10-07 02:14:22.899 WARN   Wiring.write_wire_scope: net not found
2026-10-07 02:14:22.899 WARN   Wiring.write_wire_scope: net not found
2026-10-07 02:14:22.899 WARN   Wiring.write_wire_scope: net not found
2026-10-07 02:14:22.899 WARN   Wiring.write_wire_scope: net not found
2026-10-07 02:14:22.899 WARN   Wiring.write_wire_scope: net not found
2026-10-07 02:14:22.899 WARN   Wiring.write_wire_scope: net not found
2026-10-07 02:14:22.899 WARN   Wiring.write_wire_scope: net not found
2026-10-07 02:14:22.899 WARN   Wiring.write_wire_scope: net not found
2026-10-07 02:14:22.899 WARN   Wiring.write_wire_scope: net not found
2026-10-07 02:14:22.899 WARN   Wiring.write_wire_scope: net not found
2026-10-07 02:14:22.899 WARN   Wiring.write_wire_scope: net not found
2026-10-07 02:14:22.899 WARN   Wiring.write_wire_scope: net not found
2026-10-07 02:14:22.899 WARN   Wiring.write_wire_scope: net not found
2026-10-07 02:14:22.899 WARN   Wiring.write_wire_scope: net not found
2026-10-07 02:14:22.899 WARN   Wiring.write_wire_scope: net not found
2026-10-07 02:14:22.899 WARN   Wiring.write_wire_scope: net not found
2026-10-07 02:14:22.904 INFO   [35A8BF\13C408] Fanout pass #1 on board '47d9c44527b1a46ffbab8a326f7f1ec0' completed in 0.44 seconds with 9 SMD pins fanouted, 14 not routed, 0 insert errors, +0 extra vias (0 SMD pins still to check in pass, ripup costs=100).
2026-10-07 02:14:22.937 WARN   Wiring.write_wire_scope: net not found
2026-10-07 02:14:22.937 WARN   Wiring.write_wire_scope: net not found
2026-10-07 02:14:22.937 WARN   Wiring.write_wire_scope: net not found
2026-10-07 02:14:22.937 WARN   Wiring.write_wire_scope: net not found
2026-10-07 02:14:22.937 WARN   Wiring.write_wire_scope: net not found
2026-10-07 02:14:22.937 WARN   Wiring.write_wire_scope: net not found
2026-10-07 02:14:22.937 WARN   Wiring.write_wire_scope: net not found
2026-10-07 02:14:22.937 WARN   Wiring.write_wire_scope: net not found
2026-10-07 02:14:22.937 WARN   Wiring.write_wire_scope: net not found
2026-10-07 02:14:22.937 WARN   Wiring.write_wire_scope: net not found
2026-10-07 02:14:22.937 WARN   Wiring.write_wire_scope: net not found
2026-10-07 02:14:22.937 WARN   Wiring.write_wire_scope: net not found
2026-10-07 02:14:22.937 WARN   Wiring.write_wire_scope: net not found
2026-10-07 02:14:22.937 WARN   Wiring.write_wire_scope: net not found
2026-10-07 02:14:22.937 WARN   Wiring.write_wire_scope: net not found
2026-10-07 02:14:22.937 WARN   Wiring.write_wire_scope: net not found
2026-10-07 02:14:22.937 WARN   Wiring.write_wire_scope: net not found
2026-10-07 02:14:22.937 WARN   Wiring.write_wire_scope: net not found
2026-10-07 02:14:22.937 WARN   Wiring.write_wire_scope: net not found
2026-10-07 02:14:22.937 WARN   Wiring.write_wire_scope: net not found
2026-10-07 02:14:22.937 WARN   Wiring.write_wire_scope: net not found
2026-10-07 02:14:22.937 WARN   Wiring.write_wire_scope: net not found
2026-10-07 02:14:22.937 WARN   Wiring.write_wire_scope: net not found
2026-10-07 02:14:22.937 WARN   Wiring.write_wire_scope: net not found
2026-10-07 02:14:22.937 WARN   Wiring.write_wire_scope: net not found
2026-10-07 02:14:22.937 WARN   Wiring.write_wire_scope: net not found
2026-10-07 02:14:22.937 WARN   Wiring.write_wire_scope: net not found
2026-10-07 02:14:22.937 WARN   Wiring.write_wire_scope: net not found
2026-10-07 02:14:22.937 WARN   Wiring.write_wire_scope: net not found
2026-10-07 02:14:22.937 WARN   Wiring.write_wire_scope: net not found
2026-10-07 02:14:22.937 WARN   Wiring.write_wire_scope: net not found
2026-10-07 02:14:22.937 WARN   Wiring.write_wire_scope: net not found
2026-10-07 02:14:22.937 WARN   Wiring.write_wire_scope: net not found
2026-10-07 02:14:22.937 WARN   Wiring.write_wire_scope: net not found
2026-10-07 02:14:22.937 WARN   Wiring.write_wire_scope: net not found
2026-10-07 02:14:22.937 WARN   Wiring.write_wire_scope: net not found
2026-10-07 02:14:22.937 WARN   Wiring.write_wire_scope: net not found
2026-10-07 02:14:22.937 WARN   Wiring.write_wire_scope: net not found
2026-10-07 02:14:22.937 WARN   Wiring.write_wire_scope: net not found
2026-10-07 02:14:22.937 WARN   Wiring.write_wire_scope: net not found
2026-10-07 02:14:22.937 WARN   Wiring.write_wire_scope: net not found
2026-10-07 02:14:22.937 WARN   Wiring.write_wire_scope: net not found
2026-10-07 02:14:22.937 WARN   Wiring.write_wire_scope: net not found
2026-10-07 02:14:22.937 WARN   Wiring.write_wire_scope: net not found
2026-10-07 02:14:22.937 WARN   Wiring.write_wire_scope: net not found
2026-10-07 02:14:22.937 WARN   Wiring.write_wire_scope: net not found
2026-10-07 02:14:22.937 WARN   Wiring.write_wire_scope: net not found
2026-10-07 02:14:22.937 WARN   Wiring.write_wire_scope: net not found
2026-10-07 02:14:22.937 WARN   Wiring.write_wire_scope: net not found
2026-10-07 02:14:22.937 WARN   Wiring.write_wire_scope: net not found
2026-10-07 02:14:22.937 WARN   Wiring.write_wire_scope: net not found
2026-10-07 02:14:22.937 WARN   Wiring.write_wire_scope: net not found
2026-10-07 02:14:22.937 WARN   Wiring.write_wire_scope: net not found
2026-10-07 02:14:22.937 WARN   Wiring.write_wire_scope: net not found
2026-10-07 02:14:22.937 WARN   Wiring.write_wire_scope: net not found
2026-10-07 02:14:22.937 WARN   Wiring.write_wire_scope: net not found
2026-10-07 02:14:22.937 WARN   Wiring.write_wire_scope: net not found
2026-10-07 02:14:22.937 WARN   Wiring.write_wire_scope: net not found
2026-10-07 02:14:22.937 WARN   Wiring.write_wire_scope: net not found
2026-10-07 02:14:22.937 WARN   Wiring.write_wire_scope: net not found
2026-10-07 02:14:22.937 WARN   Wiring.write_wire_scope: net not found
2026-10-07 02:14:22.937 WARN   Wiring.write_wire_scope: net not found
2026-10-07 02:14:22.937 WARN   Wiring.write_wire_scope: net not found
2026-10-07 02:14:22.937 WARN   Wiring.write_wire_scope: net not found
2026-10-07 02:14:22.937 WARN   Wiring.write_wire_scope: net not found
2026-10-07 02:14:22.937 WARN   Wiring.write_wire_scope: net not found
2026-10-07 02:14:22.937 WARN   Wiring.write_wire_scope: net not found
2026-10-07 02:14:22.937 WARN   Wiring.write_wire_scope: net not found
2026-10-07 02:14:22.937 WARN   Wiring.write_wire_scope: net not found
2026-10-07 02:14:22.937 WARN   Wiring.write_wire_scope: net not found
2026-10-07 02:14:22.937 WARN   Wiring.write_wire_scope: net not found
2026-10-07 02:14:22.937 WARN   Wiring.write_wire_scope: net not found
2026-10-07 02:14:22.937 WARN   Wiring.write_wire_scope: net not found
2026-10-07 02:14:22.937 WARN   Wiring.write_wire_scope: net not found
2026-10-07 02:14:22.937 WARN   Wiring.write_wire_scope: net not found
2026-10-07 02:14:22.937 WARN   Wiring.write_wire_scope: net not found
2026-10-07 02:14:22.937 WARN   Wiring.write_wire_scope: net not found
2026-10-07 02:14:22.937 WARN   Wiring.write_wire_scope: net not found
2026-10-07 02:14:22.937 WARN   Wiring.write_wire_scope: net not found
2026-10-07 02:14:22.937 WARN   Wiring.write_wire_scope: net not found
2026-10-07 02:14:22.937 WARN   Wiring.write_wire_scope: net not found
2026-10-07 02:14:22.937 WARN   Wiring.write_wire_scope: net not found
2026-10-07 02:14:22.937 WARN   Wiring.write_wire_scope: net not found
2026-10-07 02:14:22.937 WARN   Wiring.write_wire_scope: net not found
2026-10-07 02:14:22.937 WARN   Wiring.write_wire_scope: net not found
2026-10-07 02:14:22.937 WARN   Wiring.write_wire_scope: net not found
2026-10-07 02:14:22.937 WARN   Wiring.write_wire_scope: net not found
2026-10-07 02:14:22.937 WARN   Wiring.write_wire_scope: net not found
2026-10-07 02:14:22.937 WARN   Wiring.write_wire_scope: net not found
2026-10-07 02:14:22.937 WARN   Wiring.write_wire_scope: net not found
2026-10-07 02:14:22.937 WARN   Wiring.write_wire_scope: net not found
2026-10-07 02:14:22.937 WARN   Wiring.write_wire_scope: net not found
2026-10-07 02:14:22.937 WARN   Wiring.write_wire_scope: net not found
2026-10-07 02:14:22.937 WARN   Wiring.write_wire_scope: net not found
2026-10-07 02:14:22.937 WARN   Wiring.write_wire_scope: net not found
2026-10-07 02:14:22.937 WARN   Wiring.write_wire_scope: net not found
2026-10-07 02:14:22.937 WARN   Wiring.write_wire_scope: net not found
2026-10-07 02:14:22.937 WARN   Wiring.write_wire_scope: net not found
2026-10-07 02:14:22.937 WARN   Wiring.write_wire_scope: net not found
2026-10-07 02:14:22.937 WARN   Wiring.write_wire_scope: net not found
2026-10-07 02:14:22.937 WARN   Wiring.write_wire_scope: net not found
2026-10-07 02:14:22.937 WARN   Wiring.write_wire_scope: net not found
2026-10-07 02:14:22.937 WARN   Wiring.write_wire_scope: net not found
2026-10-07 02:14:22.937 WARN   Wiring.write_wire_scope: net not found
2026-10-07 02:14:22.937 WARN   Wiring.write_wire_scope: net not found
2026-10-07 02:14:22.937 WARN   Wiring.write_wire_scope: net not found
2026-10-07 02:14:22.937 WARN   Wiring.write_wire_scope: net not found
2026-10-07 02:14:22.937 WARN   Wiring.write_wire_scope: net not found
2026-10-07 02:14:22.937 WARN   Wiring.write_wire_scope: net not found
2026-10-07 02:14:22.937 WARN   Wiring.write_wire_scope: net not found
2026-10-07 02:14:22.937 WARN   Wiring.write_wire_scope: net not found
2026-10-07 02:14:22.937 WARN   Wiring.write_wire_scope: net not found
2026-10-07 02:14:22.937 WARN   Wiring.write_wire_scope: net not found
2026-10-07 02:14:22.937 WARN   Wiring.write_wire_scope: net not found
2026-10-07 02:14:22.937 WARN   Wiring.write_wire_scope: net not found
2026-10-07 02:14:22.937 WARN   Wiring.write_wire_scope: net not found
2026-10-07 02:14:22.937 WARN   Wiring.write_wire_scope: net not found
2026-10-07 02:14:22.937 WARN   Wiring.write_wire_scope: net not found
2026-10-07 02:14:22.937 WARN   Wiring.write_wire_scope: net not found
2026-10-07 02:14:22.937 WARN   Wiring.write_wire_scope: net not found
2026-10-07 02:14:22.937 WARN   Wiring.write_wire_scope: net not found
2026-10-07 02:14:22.937 WARN   Wiring.write_wire_scope: net not found
2026-10-07 02:14:22.937 WARN   Wiring.write_wire_scope: net not found
2026-10-07 02:14:22.937 WARN   Wiring.write_wire_scope: net not found
2026-10-07 02:14:22.937 WARN   Wiring.write_wire_scope: net not found
2026-10-07 02:14:22.937 WARN   Wiring.write_wire_scope: net not found
2026-10-07 02:14:22.937 WARN   Wiring.write_wire_scope: net not found
2026-10-07 02:14:22.937 WARN   Wiring.write_wire_scope: net not found
2026-10-07 02:14:22.937 WARN   Wiring.write_wire_scope: net not found
2026-10-07 02:14:22.937 WARN   Wiring.write_wire_scope: net not found
2026-10-07 02:14:22.937 WARN   Wiring.write_wire_scope: net not found
2026-10-07 02:14:22.937 WARN   Wiring.write_wire_scope: net not found
2026-10-07 02:14:22.937 WARN   Wiring.write_wire_scope: net not found
2026-10-07 02:14:22.937 WARN   Wiring.write_wire_scope: net not found
2026-10-07 02:14:22.937 WARN   Wiring.write_wire_scope: net not found
2026-10-07 02:14:22.938 WARN   Wiring.write_wire_scope: net not found
2026-10-07 02:14:22.938 WARN   Wiring.write_wire_scope: net not found
2026-10-07 02:14:22.966 WARN   Wiring.write_wire_scope: net not found
2026-10-07 02:14:22.966 WARN   Wiring.write_wire_scope: net not found
2026-10-07 02:14:22.966 WARN   Wiring.write_wire_scope: net not found
2026-10-07 02:14:22.966 WARN   Wiring.write_wire_scope: net not found
2026-10-07 02:14:22.966 WARN   Wiring.write_wire_scope: net not found
2026-10-07 02:14:22.966 WARN   Wiring.write_wire_scope: net not found
2026-10-07 02:14:22.966 WARN   Wiring.write_wire_scope: net not found
2026-10-07 02:14:22.966 WARN   Wiring.write_wire_scope: net not found
2026-10-07 02:14:22.966 WARN   Wiring.write_wire_scope: net not found
2026-10-07 02:14:22.966 WARN   Wiring.write_wire_scope: net not found
2026-10-07 02:14:22.966 WARN   Wiring.write_wire_scope: net not found
2026-10-07 02:14:22.966 WARN   Wiring.write_wire_scope: net not found
2026-10-07 02:14:22.966 WARN   Wiring.write_wire_scope: net not found
2026-10-07 02:14:22.966 WARN   Wiring.write_wire_scope: net not found
2026-10-07 02:14:22.966 WARN   Wiring.write_wire_scope: net not found
2026-10-07 02:14:22.966 WARN   Wiring.write_wire_scope: net not found
2026-10-07 02:14:22.966 WARN   Wiring.write_wire_scope: net not found
2026-10-07 02:14:22.966 WARN   Wiring.write_wire_scope: net not found
2026-10-07 02:14:22.966 WARN   Wiring.write_wire_scope: net not found
2026-10-07 02:14:22.966 WARN   Wiring.write_wire_scope: net not found
2026-10-07 02:14:22.966 WARN   Wiring.write_wire_scope: net not found
2026-10-07 02:14:22.966 WARN   Wiring.write_wire_scope: net not found
2026-10-07 02:14:22.966 WARN   Wiring.write_wire_scope: net not found
2026-10-07 02:14:22.966 WARN   Wiring.write_wire_scope: net not found
2026-10-07 02:14:22.966 WARN   Wiring.write_wire_scope: net not found
2026-10-07 02:14:22.966 WARN   Wiring.write_wire_scope: net not found
2026-10-07 02:14:22.966 WARN   Wiring.write_wire_scope: net not found
2026-10-07 02:14:22.966 WARN   Wiring.write_wire_scope: net not found
2026-10-07 02:14:22.966 WARN   Wiring.write_wire_scope: net not found
2026-10-07 02:14:22.966 WARN   Wiring.write_wire_scope: net not found
2026-10-07 02:14:22.967 WARN   Wiring.write_wire_scope: net not found
2026-10-07 02:14:22.967 WARN   Wiring.write_wire_scope: net not found
2026-10-07 02:14:22.967 WARN   Wiring.write_wire_scope: net not found
2026-10-07 02:14:22.967 WARN   Wiring.write_wire_scope: net not found
2026-10-07 02:14:22.967 WARN   Wiring.write_wire_scope: net not found
2026-10-07 02:14:22.967 WARN   Wiring.write_wire_scope: net not found
2026-10-07 02:14:22.967 WARN   Wiring.write_wire_scope: net not found
2026-10-07 02:14:22.967 WARN   Wiring.write_wire_scope: net not found
2026-10-07 02:14:22.967 WARN   Wiring.write_wire_scope: net not found
2026-10-07 02:14:22.967 WARN   Wiring.write_wire_scope: net not found
2026-10-07 02:14:22.967 WARN   Wiring.write_wire_scope: net not found
2026-10-07 02:14:22.967 WARN   Wiring.write_wire_scope: net not found
2026-10-07 02:14:22.967 WARN   Wiring.write_wire_scope: net not found
2026-10-07 02:14:22.967 WARN   Wiring.write_wire_scope: net not found
2026-10-07 02:14:22.967 WARN   Wiring.write_wire_scope: net not found
2026-10-07 02:14:22.967 WARN   Wiring.write_wire_scope: net not found
2026-10-07 02:14:22.967 WARN   Wiring.write_wire_scope: net not found
2026-10-07 02:14:22.967 WARN   Wiring.write_wire_scope: net not found
2026-10-07 02:14:22.967 WARN   Wiring.write_wire_scope: net not found
2026-10-07 02:14:22.967 WARN   Wiring.write_wire_scope: net not found
2026-10-07 02:14:22.967 WARN   Wiring.write_wire_scope: net not found
2026-10-07 02:14:22.967 WARN   Wiring.write_wire_scope: net not found
2026-10-07 02:14:22.967 WARN   Wiring.write_wire_scope: net not found
2026-10-07 02:14:22.967 WARN   Wiring.write_wire_scope: net not found
2026-10-07 02:14:22.967 WARN   Wiring.write_wire_scope: net not found
2026-10-07 02:14:22.967 WARN   Wiring.write_wire_scope: net not found
2026-10-07 02:14:22.967 WARN   Wiring.write_wire_scope: net not found
2026-10-07 02:14:22.967 WARN   Wiring.write_wire_scope: net not found
2026-10-07 02:14:22.967 WARN   Wiring.write_wire_scope: net not found
2026-10-07 02:14:22.967 WARN   Wiring.write_wire_scope: net not found
2026-10-07 02:14:22.967 WARN   Wiring.write_wire_scope: net not found
2026-10-07 02:14:22.967 WARN   Wiring.write_wire_scope: net not found
2026-10-07 02:14:22.967 WARN   Wiring.write_wire_scope: net not found
2026-10-07 02:14:22.967 WARN   Wiring.write_wire_scope: net not found
2026-10-07 02:14:22.967 WARN   Wiring.write_wire_scope: net not found
2026-10-07 02:14:22.967 WARN   Wiring.write_wire_scope: net not found
2026-10-07 02:14:22.967 WARN   Wiring.write_wire_scope: net not found
2026-10-07 02:14:22.967 WARN   Wiring.write_wire_scope: net not found
2026-10-07 02:14:22.967 WARN   Wiring.write_wire_scope: net not found
2026-10-07 02:14:22.967 WARN   Wiring.write_wire_scope: net not found
2026-10-07 02:14:22.967 WARN   Wiring.write_wire_scope: net not found
2026-10-07 02:14:22.967 WARN   Wiring.write_wire_scope: net not found
2026-10-07 02:14:22.967 WARN   Wiring.write_wire_scope: net not found
2026-10-07 02:14:22.967 WARN   Wiring.write_wire_scope: net not found
2026-10-07 02:14:22.967 WARN   Wiring.write_wire_scope: net not found
2026-10-07 02:14:22.967 WARN   Wiring.write_wire_scope: net not found
2026-10-07 02:14:22.967 WARN   Wiring.write_wire_scope: net not found
2026-10-07 02:14:22.967 WARN   Wiring.write_wire_scope: net not found
2026-10-07 02:14:22.967 WARN   Wiring.write_wire_scope: net not found
2026-10-07 02:14:22.967 WARN   Wiring.write_wire_scope: net not found
2026-10-07 02:14:22.967 WARN   Wiring.write_wire_scope: net not found
2026-10-07 02:14:22.967 WARN   Wiring.write_wire_scope: net not found
2026-10-07 02:14:22.967 WARN   Wiring.write_wire_scope: net not found
2026-10-07 02:14:22.967 WARN   Wiring.write_wire_scope: net not found
2026-10-07 02:14:22.967 WARN   Wiring.write_wire_scope: net not found
2026-10-07 02:14:22.967 WARN   Wiring.write_wire_scope: net not found
2026-10-07 02:14:22.967 WARN   Wiring.write_wire_scope: net not found
2026-10-07 02:14:22.967 WARN   Wiring.write_wire_scope: net not found
2026-10-07 02:14:22.967 WARN   Wiring.write_wire_scope: net not found
2026-10-07 02:14:22.967 WARN   Wiring.write_wire_scope: net not found
2026-10-07 02:14:22.967 WARN   Wiring.write_wire_scope: net not found
2026-10-07 02:14:22.967 WARN   Wiring.write_wire_scope: net not found
2026-10-07 02:14:22.967 WARN   Wiring.write_wire_scope: net not found
2026-10-07 02:14:22.967 WARN   Wiring.write_wire_scope: net not found
2026-10-07 02:14:22.967 WARN   Wiring.write_wire_scope: net not found
2026-10-07 02:14:22.967 WARN   Wiring.write_wire_scope: net not found
2026-10-07 02:14:22.967 WARN   Wiring.write_wire_scope: net not found
2026-10-07 02:14:22.967 WARN   Wiring.write_wire_scope: net not found
2026-10-07 02:14:22.967 WARN   Wiring.write_wire_scope: net not found
2026-10-07 02:14:22.967 WARN   Wiring.write_wire_scope: net not found
2026-10-07 02:14:22.967 WARN   Wiring.write_wire_scope: net not found
2026-10-07 02:14:22.967 WARN   Wiring.write_wire_scope: net not found
2026-10-07 02:14:22.967 WARN   Wiring.write_wire_scope: net not found
2026-10-07 02:14:22.967 WARN   Wiring.write_wire_scope: net not found
2026-10-07 02:14:22.967 WARN   Wiring.write_wire_scope: net not found
2026-10-07 02:14:22.967 WARN   Wiring.write_wire_scope: net not found
2026-10-07 02:14:22.967 WARN   Wiring.write_wire_scope: net not found
2026-10-07 02:14:22.967 WARN   Wiring.write_wire_scope: net not found
2026-10-07 02:14:22.967 WARN   Wiring.write_wire_scope: net not found
2026-10-07 02:14:22.967 WARN   Wiring.write_wire_scope: net not found
2026-10-07 02:14:22.967 WARN   Wiring.write_wire_scope: net not found
2026-10-07 02:14:22.967 WARN   Wiring.write_wire_scope: net not found
2026-10-07 02:14:22.967 WARN   Wiring.write_wire_scope: net not found
2026-10-07 02:14:22.967 WARN   Wiring.write_wire_scope: net not found
2026-10-07 02:14:22.967 WARN   Wiring.write_wire_scope: net not found
2026-10-07 02:14:22.967 WARN   Wiring.write_wire_scope: net not found
2026-10-07 02:14:22.967 WARN   Wiring.write_wire_scope: net not found
2026-10-07 02:14:22.967 WARN   Wiring.write_wire_scope: net not found
2026-10-07 02:14:22.967 WARN   Wiring.write_wire_scope: net not found
2026-10-07 02:14:22.967 WARN   Wiring.write_wire_scope: net not found
2026-10-07 02:14:22.967 WARN   Wiring.write_wire_scope: net not found
2026-10-07 02:14:22.967 WARN   Wiring.write_wire_scope: net not found
2026-10-07 02:14:22.967 WARN   Wiring.write_wire_scope: net not found
2026-10-07 02:14:22.967 WARN   Wiring.write_wire_scope: net not found
2026-10-07 02:14:22.967 WARN   Wiring.write_wire_scope: net not found
2026-10-07 02:14:22.967 WARN   Wiring.write_wire_scope: net not found
2026-10-07 02:14:22.967 WARN   Wiring.write_wire_scope: net not found
2026-10-07 02:14:22.967 WARN   Wiring.write_wire_scope: net not found
2026-10-07 02:14:22.967 WARN   Wiring.write_wire_scope: net not found
2026-10-07 02:14:22.967 WARN   Wiring.write_wire_scope: net not found
2026-10-07 02:14:22.967 WARN   Wiring.write_wire_scope: net not found
2026-10-07 02:14:22.967 WARN   Wiring.write_wire_scope: net not found
2026-10-07 02:14:22.967 WARN   Wiring.write_wire_scope: net not found
2026-10-07 02:14:22.967 WARN   Wiring.write_wire_scope: net not found
2026-10-07 02:14:22.967 WARN   Wiring.write_wire_scope: net not found
2026-10-07 02:14:22.967 WARN   Wiring.write_wire_scope: net not found
2026-10-07 02:14:22.967 WARN   Wiring.write_wire_scope: net not found
2026-10-07 02:14:23.091 WARN   Wiring.write_wire_scope: net not found
2026-10-07 02:14:23.091 WARN   Wiring.write_wire_scope: net not found
2026-10-07 02:14:23.091 WARN   Wiring.write_wire_scope: net not found
2026-10-07 02:14:23.091 WARN   Wiring.write_wire_scope: net not found
2026-10-07 02:14:23.091 WARN   Wiring.write_wire_scope: net not found
2026-10-07 02:14:23.091 WARN   Wiring.write_wire_scope: net not found
2026-10-07 02:14:23.091 WARN   Wiring.write_wire_scope: net not found
2026-10-07 02:14:23.091 WARN   Wiring.write_wire_scope: net not found
2026-10-07 02:14:23.091 WARN   Wiring.write_wire_scope: net not found
2026-10-07 02:14:23.091 WARN   Wiring.write_wire_scope: net not found
2026-10-07 02:14:23.091 WARN   Wiring.write_wire_scope: net not found
2026-10-07 02:14:23.091 WARN   Wiring.write_wire_scope: net not found
2026-10-07 02:14:23.091 WARN   Wiring.write_wire_scope: net not found
2026-10-07 02:14:23.091 WARN   Wiring.write_wire_scope: net not found
2026-10-07 02:14:23.091 WARN   Wiring.write_wire_scope: net not found
2026-10-07 02:14:23.091 WARN   Wiring.write_wire_scope: net not found
2026-10-07 02:14:23.091 WARN   Wiring.write_wire_scope: net not found
2026-10-07 02:14:23.091 WARN   Wiring.write_wire_scope: net not found
2026-10-07 02:14:23.091 WARN   Wiring.write_wire_scope: net not found
2026-10-07 02:14:23.091 WARN   Wiring.write_wire_scope: net not found
2026-10-07 02:14:23.091 WARN   Wiring.write_wire_scope: net not found
2026-10-07 02:14:23.091 WARN   Wiring.write_wire_scope: net not found
2026-10-07 02:14:23.091 WARN   Wiring.write_wire_scope: net not found
2026-10-07 02:14:23.091 WARN   Wiring.write_wire_scope: net not found
2026-10-07 02:14:23.091 WARN   Wiring.write_wire_scope: net not found
2026-10-07 02:14:23.091 WARN   Wiring.write_wire_scope: net not found
2026-10-07 02:14:23.091 WARN   Wiring.write_wire_scope: net not found
2026-10-07 02:14:23.091 WARN   Wiring.write_wire_scope: net not found
2026-10-07 02:14:23.091 WARN   Wiring.write_wire_scope: net not found
2026-10-07 02:14:23.091 WARN   Wiring.write_wire_scope: net not found
2026-10-07 02:14:23.091 WARN   Wiring.write_wire_scope: net not found
2026-10-07 02:14:23.091 WARN   Wiring.write_wire_scope: net not found
2026-10-07 02:14:23.091 WARN   Wiring.write_wire_scope: net not found
2026-10-07 02:14:23.091 WARN   Wiring.write_wire_scope: net not found
2026-10-07 02:14:23.091 WARN   Wiring.write_wire_scope: net not found
2026-10-07 02:14:23.091 WARN   Wiring.write_wire_scope: net not found
2026-10-07 02:14:23.091 WARN   Wiring.write_wire_scope: net not found
2026-10-07 02:14:23.091 WARN   Wiring.write_wire_scope: net not found
2026-10-07 02:14:23.091 WARN   Wiring.write_wire_scope: net not found
2026-10-07 02:14:23.091 WARN   Wiring.write_wire_scope: net not found
2026-10-07 02:14:23.091 WARN   Wiring.write_wire_scope: net not found
2026-10-07 02:14:23.091 WARN   Wiring.write_wire_scope: net not found
2026-10-07 02:14:23.091 WARN   Wiring.write_wire_scope: net not found
2026-10-07 02:14:23.091 WARN   Wiring.write_wire_scope: net not found
2026-10-07 02:14:23.091 WARN   Wiring.write_wire_scope: net not found
2026-10-07 02:14:23.091 WARN   Wiring.write_wire_scope: net not found
2026-10-07 02:14:23.091 WARN   Wiring.write_wire_scope: net not found
2026-10-07 02:14:23.091 WARN   Wiring.write_wire_scope: net not found
2026-10-07 02:14:23.091 WARN   Wiring.write_wire_scope: net not found
2026-10-07 02:14:23.091 WARN   Wiring.write_wire_scope: net not found
2026-10-07 02:14:23.091 WARN   Wiring.write_wire_scope: net not found
2026-10-07 02:14:23.091 WARN   Wiring.write_wire_scope: net not found
2026-10-07 02:14:23.091 WARN   Wiring.write_wire_scope: net not found
2026-10-07 02:14:23.091 WARN   Wiring.write_wire_scope: net not found
2026-10-07 02:14:23.091 WARN   Wiring.write_wire_scope: net not found
2026-10-07 02:14:23.091 WARN   Wiring.write_wire_scope: net not found
2026-10-07 02:14:23.091 WARN   Wiring.write_wire_scope: net not found
2026-10-07 02:14:23.091 WARN   Wiring.write_wire_scope: net not found
2026-10-07 02:14:23.091 WARN   Wiring.write_wire_scope: net not found
2026-10-07 02:14:23.091 WARN   Wiring.write_wire_scope: net not found
2026-10-07 02:14:23.091 WARN   Wiring.write_wire_scope: net not found
2026-10-07 02:14:23.091 WARN   Wiring.write_wire_scope: net not found
2026-10-07 02:14:23.091 WARN   Wiring.write_wire_scope: net not found
2026-10-07 02:14:23.091 WARN   Wiring.write_wire_scope: net not found
2026-10-07 02:14:23.091 WARN   Wiring.write_wire_scope: net not found
2026-10-07 02:14:23.091 WARN   Wiring.write_wire_scope: net not found
2026-10-07 02:14:23.091 WARN   Wiring.write_wire_scope: net not found
2026-10-07 02:14:23.091 WARN   Wiring.write_wire_scope: net not found
2026-10-07 02:14:23.091 WARN   Wiring.write_wire_scope: net not found
2026-10-07 02:14:23.091 WARN   Wiring.write_wire_scope: net not found
2026-10-07 02:14:23.091 WARN   Wiring.write_wire_scope: net not found
2026-10-07 02:14:23.091 WARN   Wiring.write_wire_scope: net not found
2026-10-07 02:14:23.091 WARN   Wiring.write_wire_scope: net not found
2026-10-07 02:14:23.091 WARN   Wiring.write_wire_scope: net not found
2026-10-07 02:14:23.091 WARN   Wiring.write_wire_scope: net not found
2026-10-07 02:14:23.091 WARN   Wiring.write_wire_scope: net not found
2026-10-07 02:14:23.091 WARN   Wiring.write_wire_scope: net not found
2026-10-07 02:14:23.091 WARN   Wiring.write_wire_scope: net not found
2026-10-07 02:14:23.091 WARN   Wiring.write_wire_scope: net not found
2026-10-07 02:14:23.091 WARN   Wiring.write_wire_scope: net not found
2026-10-07 02:14:23.091 WARN   Wiring.write_wire_scope: net not found
2026-10-07 02:14:23.092 WARN   Wiring.write_wire_scope: net not found
2026-10-07 02:14:23.092 WARN   Wiring.write_wire_scope: net not found
2026-10-07 02:14:23.092 WARN   Wiring.write_wire_scope: net not found
2026-10-07 02:14:23.092 WARN   Wiring.write_wire_scope: net not found
2026-10-07 02:14:23.092 WARN   Wiring.write_wire_scope: net not found
2026-10-07 02:14:23.092 WARN   Wiring.write_wire_scope: net not found
2026-10-07 02:14:23.092 WARN   Wiring.write_wire_scope: net not found
2026-10-07 02:14:23.092 WARN   Wiring.write_wire_scope: net not found
2026-10-07 02:14:23.092 WARN   Wiring.write_wire_scope: net not found
2026-10-07 02:14:23.092 WARN   Wiring.write_wire_scope: net not found
2026-10-07 02:14:23.092 WARN   Wiring.write_wire_scope: net not found
2026-10-07 02:14:23.092 WARN   Wiring.write_wire_scope: net not found
2026-10-07 02:14:23.092 WARN   Wiring.write_wire_scope: net not found
2026-10-07 02:14:23.092 WARN   Wiring.write_wire_scope: net not found
2026-10-07 02:14:23.092 WARN   Wiring.write_wire_scope: net not found
2026-10-07 02:14:23.092 WARN   Wiring.write_wire_scope: net not found
2026-10-07 02:14:23.092 WARN   Wiring.write_wire_scope: net not found
2026-10-07 02:14:23.092 WARN   Wiring.write_wire_scope: net not found
2026-10-07 02:14:23.092 WARN   Wiring.write_wire_scope: net not found
2026-10-07 02:14:23.092 WARN   Wiring.write_wire_scope: net not found
2026-10-07 02:14:23.092 WARN   Wiring.write_wire_scope: net not found
2026-10-07 02:14:23.092 WARN   Wiring.write_wire_scope: net not found
2026-10-07 02:14:23.092 WARN   Wiring.write_wire_scope: net not found
2026-10-07 02:14:23.092 WARN   Wiring.write_wire_scope: net not found
2026-10-07 02:14:23.092 WARN   Wiring.write_wire_scope: net not found
2026-10-07 02:14:23.092 WARN   Wiring.write_wire_scope: net not found
2026-10-07 02:14:23.092 WARN   Wiring.write_wire_scope: net not found
2026-10-07 02:14:23.092 WARN   Wiring.write_wire_scope: net not found
2026-10-07 02:14:23.092 WARN   Wiring.write_wire_scope: net not found
2026-10-07 02:14:23.092 WARN   Wiring.write_wire_scope: net not found
2026-10-07 02:14:23.092 WARN   Wiring.write_wire_scope: net not found
2026-10-07 02:14:23.092 WARN   Wiring.write_wire_scope: net not found
2026-10-07 02:14:23.092 WARN   Wiring.write_wire_scope: net not found
2026-10-07 02:14:23.092 WARN   Wiring.write_wire_scope: net not found
2026-10-07 02:14:23.092 WARN   Wiring.write_wire_scope: net not found
2026-10-07 02:14:23.092 WARN   Wiring.write_wire_scope: net not found
2026-10-07 02:14:23.092 WARN   Wiring.write_wire_scope: net not found
2026-10-07 02:14:23.092 WARN   Wiring.write_wire_scope: net not found
2026-10-07 02:14:23.092 WARN   Wiring.write_wire_scope: net not found
2026-10-07 02:14:23.092 WARN   Wiring.write_wire_scope: net not found
2026-10-07 02:14:23.092 WARN   Wiring.write_wire_scope: net not found
2026-10-07 02:14:23.092 WARN   Wiring.write_wire_scope: net not found
2026-10-07 02:14:23.092 WARN   Wiring.write_wire_scope: net not found
2026-10-07 02:14:23.092 WARN   Wiring.write_wire_scope: net not found
2026-10-07 02:14:23.092 WARN   Wiring.write_wire_scope: net not found
2026-10-07 02:14:23.092 WARN   Wiring.write_wire_scope: net not found
2026-10-07 02:14:23.092 WARN   Wiring.write_wire_scope: net not found
2026-10-07 02:14:23.092 WARN   Wiring.write_wire_scope: net not found
2026-10-07 02:14:23.092 WARN   Wiring.write_wire_scope: net not found
2026-10-07 02:14:23.092 WARN   Wiring.write_wire_scope: net not found
2026-10-07 02:14:23.092 WARN   Wiring.write_wire_scope: net not found
2026-10-07 02:14:23.092 WARN   Wiring.write_wire_scope: net not found
2026-10-07 02:14:23.092 WARN   Wiring.write_wire_scope: net not found
2026-10-07 02:14:23.092 WARN   Wiring.write_wire_scope: net not found
2026-10-07 02:14:23.092 WARN   Wiring.write_wire_scope: net not found
2026-10-07 02:14:23.092 WARN   Wiring.write_wire_scope: net not found
2026-10-07 02:14:23.096 INFO   [35A8BF\13C408] Fanout pass #2 on board '47d9c44527b1a46ffbab8a326f7f1ec0' completed in 0.16 seconds with 0 SMD pins fanouted, 14 not routed, 0 insert errors, +0 extra vias (0 SMD pins still to check in pass, ripup costs=200).
2026-10-07 02:14:23.099 INFO   [35A8BF\13C408] Fanout stage completed: started with 23 total SMD pins, completed in 0.67 seconds, escaped pins: 14/23 (60.9%), using 0.68 total CPU seconds, 0.39 GB total allocated, and 326.3 MB peak heap usage.
2026-10-07 02:14:23.185 INFO   [35A8BF\13C408] Auto-routing stage started on board '47d9c44527b1a46ffbab8a326f7f1ec0' with baseline score 233.89 for 16 unrouted items.
2026-10-07 02:14:23.274 WARN   Wiring.write_wire_scope: net not found
2026-10-07 02:14:23.274 WARN   Wiring.write_wire_scope: net not found
2026-10-07 02:14:23.274 WARN   Wiring.write_wire_scope: net not found
2026-10-07 02:14:23.274 WARN   Wiring.write_wire_scope: net not found
2026-10-07 02:14:23.274 WARN   Wiring.write_wire_scope: net not found
2026-10-07 02:14:23.274 WARN   Wiring.write_wire_scope: net not found
2026-10-07 02:14:23.274 WARN   Wiring.write_wire_scope: net not found
2026-10-07 02:14:23.274 WARN   Wiring.write_wire_scope: net not found
2026-10-07 02:14:23.274 WARN   Wiring.write_wire_scope: net not found
2026-10-07 02:14:23.274 WARN   Wiring.write_wire_scope: net not found
2026-10-07 02:14:23.274 WARN   Wiring.write_wire_scope: net not found
2026-10-07 02:14:23.274 WARN   Wiring.write_wire_scope: net not found
2026-10-07 02:14:23.274 WARN   Wiring.write_wire_scope: net not found
2026-10-07 02:14:23.274 WARN   Wiring.write_wire_scope: net not found
2026-10-07 02:14:23.274 WARN   Wiring.write_wire_scope: net not found
2026-10-07 02:14:23.274 WARN   Wiring.write_wire_scope: net not found
2026-10-07 02:14:23.274 WARN   Wiring.write_wire_scope: net not found
2026-10-07 02:14:23.274 WARN   Wiring.write_wire_scope: net not found
2026-10-07 02:14:23.274 WARN   Wiring.write_wire_scope: net not found
2026-10-07 02:14:23.274 WARN   Wiring.write_wire_scope: net not found
2026-10-07 02:14:23.274 WARN   Wiring.write_wire_scope: net not found
2026-10-07 02:14:23.274 WARN   Wiring.write_wire_scope: net not found
2026-10-07 02:14:23.274 WARN   Wiring.write_wire_scope: net not found
2026-10-07 02:14:23.274 WARN   Wiring.write_wire_scope: net not found
2026-10-07 02:14:23.274 WARN   Wiring.write_wire_scope: net not found
2026-10-07 02:14:23.274 WARN   Wiring.write_wire_scope: net not found
2026-10-07 02:14:23.274 WARN   Wiring.write_wire_scope: net not found
2026-10-07 02:14:23.274 WARN   Wiring.write_wire_scope: net not found
2026-10-07 02:14:23.274 WARN   Wiring.write_wire_scope: net not found
2026-10-07 02:14:23.274 WARN   Wiring.write_wire_scope: net not found
2026-10-07 02:14:23.274 WARN   Wiring.write_wire_scope: net not found
2026-10-07 02:14:23.274 WARN   Wiring.write_wire_scope: net not found
2026-10-07 02:14:23.274 WARN   Wiring.write_wire_scope: net not found
2026-10-07 02:14:23.274 WARN   Wiring.write_wire_scope: net not found
2026-10-07 02:14:23.274 WARN   Wiring.write_wire_scope: net not found
2026-10-07 02:14:23.274 WARN   Wiring.write_wire_scope: net not found
2026-10-07 02:14:23.274 WARN   Wiring.write_wire_scope: net not found
2026-10-07 02:14:23.274 WARN   Wiring.write_wire_scope: net not found
2026-10-07 02:14:23.274 WARN   Wiring.write_wire_scope: net not found
2026-10-07 02:14:23.274 WARN   Wiring.write_wire_scope: net not found
2026-10-07 02:14:23.274 WARN   Wiring.write_wire_scope: net not found
2026-10-07 02:14:23.274 WARN   Wiring.write_wire_scope: net not found
2026-10-07 02:14:23.274 WARN   Wiring.write_wire_scope: net not found
2026-10-07 02:14:23.274 WARN   Wiring.write_wire_scope: net not found
2026-10-07 02:14:23.274 WARN   Wiring.write_wire_scope: net not found
2026-10-07 02:14:23.274 WARN   Wiring.write_wire_scope: net not found
2026-10-07 02:14:23.274 WARN   Wiring.write_wire_scope: net not found
2026-10-07 02:14:23.274 WARN   Wiring.write_wire_scope: net not found
2026-10-07 02:14:23.274 WARN   Wiring.write_wire_scope: net not found
2026-10-07 02:14:23.274 WARN   Wiring.write_wire_scope: net not found
2026-10-07 02:14:23.274 WARN   Wiring.write_wire_scope: net not found
2026-10-07 02:14:23.274 WARN   Wiring.write_wire_scope: net not found
2026-10-07 02:14:23.274 WARN   Wiring.write_wire_scope: net not found
2026-10-07 02:14:23.274 WARN   Wiring.write_wire_scope: net not found
2026-10-07 02:14:23.274 WARN   Wiring.write_wire_scope: net not found
2026-10-07 02:14:23.274 WARN   Wiring.write_wire_scope: net not found
2026-10-07 02:14:23.274 WARN   Wiring.write_wire_scope: net not found
2026-10-07 02:14:23.274 WARN   Wiring.write_wire_scope: net not found
2026-10-07 02:14:23.274 WARN   Wiring.write_wire_scope: net not found
2026-10-07 02:14:23.274 WARN   Wiring.write_wire_scope: net not found
2026-10-07 02:14:23.274 WARN   Wiring.write_wire_scope: net not found
2026-10-07 02:14:23.274 WARN   Wiring.write_wire_scope: net not found
2026-10-07 02:14:23.274 WARN   Wiring.write_wire_scope: net not found
2026-10-07 02:14:23.274 WARN   Wiring.write_wire_scope: net not found
2026-10-07 02:14:23.274 WARN   Wiring.write_wire_scope: net not found
2026-10-07 02:14:23.274 WARN   Wiring.write_wire_scope: net not found
2026-10-07 02:14:23.274 WARN   Wiring.write_wire_scope: net not found
2026-10-07 02:14:23.274 WARN   Wiring.write_wire_scope: net not found
2026-10-07 02:14:23.274 WARN   Wiring.write_wire_scope: net not found
2026-10-07 02:14:23.274 WARN   Wiring.write_wire_scope: net not found
2026-10-07 02:14:23.274 WARN   Wiring.write_wire_scope: net not found
2026-10-07 02:14:23.274 WARN   Wiring.write_wire_scope: net not found
2026-10-07 02:14:23.274 WARN   Wiring.write_wire_scope: net not found
2026-10-07 02:14:23.274 WARN   Wiring.write_wire_scope: net not found
2026-10-07 02:14:23.274 WARN   Wiring.write_wire_scope: net not found
2026-10-07 02:14:23.274 WARN   Wiring.write_wire_scope: net not found
2026-10-07 02:14:23.274 WARN   Wiring.write_wire_scope: net not found
2026-10-07 02:14:23.274 WARN   Wiring.write_wire_scope: net not found
2026-10-07 02:14:23.275 WARN   Wiring.write_wire_scope: net not found
2026-10-07 02:14:23.275 WARN   Wiring.write_wire_scope: net not found
2026-10-07 02:14:23.275 WARN   Wiring.write_wire_scope: net not found
2026-10-07 02:14:23.275 WARN   Wiring.write_wire_scope: net not found
2026-10-07 02:14:23.275 WARN   Wiring.write_wire_scope: net not found
2026-10-07 02:14:23.275 WARN   Wiring.write_wire_scope: net not found
2026-10-07 02:14:23.275 WARN   Wiring.write_wire_scope: net not found
2026-10-07 02:14:23.275 WARN   Wiring.write_wire_scope: net not found
2026-10-07 02:14:23.275 WARN   Wiring.write_wire_scope: net not found
2026-10-07 02:14:23.275 WARN   Wiring.write_wire_scope: net not found
2026-10-07 02:14:23.275 WARN   Wiring.write_wire_scope: net not found
2026-10-07 02:14:23.275 WARN   Wiring.write_wire_scope: net not found
2026-10-07 02:14:23.275 WARN   Wiring.write_wire_scope: net not found
2026-10-07 02:14:23.275 WARN   Wiring.write_wire_scope: net not found
2026-10-07 02:14:23.275 WARN   Wiring.write_wire_scope: net not found
2026-10-07 02:14:23.275 WARN   Wiring.write_wire_scope: net not found
2026-10-07 02:14:23.275 WARN   Wiring.write_wire_scope: net not found
2026-10-07 02:14:23.275 WARN   Wiring.write_wire_scope: net not found
2026-10-07 02:14:23.275 WARN   Wiring.write_wire_scope: net not found
2026-10-07 02:14:23.275 WARN   Wiring.write_wire_scope: net not found
2026-10-07 02:14:23.275 WARN   Wiring.write_wire_scope: net not found
2026-10-07 02:14:23.275 WARN   Wiring.write_wire_scope: net not found
2026-10-07 02:14:23.275 WARN   Wiring.write_wire_scope: net not found
2026-10-07 02:14:23.275 WARN   Wiring.write_wire_scope: net not found
2026-10-07 02:14:23.275 WARN   Wiring.write_wire_scope: net not found
2026-10-07 02:14:23.275 WARN   Wiring.write_wire_scope: net not found
2026-10-07 02:14:23.275 WARN   Wiring.write_wire_scope: net not found
2026-10-07 02:14:23.275 WARN   Wiring.write_wire_scope: net not found
2026-10-07 02:14:23.275 WARN   Wiring.write_wire_scope: net not found
2026-10-07 02:14:23.275 WARN   Wiring.write_wire_scope: net not found
2026-10-07 02:14:23.275 WARN   Wiring.write_wire_scope: net not found
2026-10-07 02:14:23.275 WARN   Wiring.write_wire_scope: net not found
2026-10-07 02:14:23.275 WARN   Wiring.write_wire_scope: net not found
2026-10-07 02:14:23.275 WARN   Wiring.write_wire_scope: net not found
2026-10-07 02:14:23.275 WARN   Wiring.write_wire_scope: net not found
2026-10-07 02:14:23.275 WARN   Wiring.write_wire_scope: net not found
2026-10-07 02:14:23.275 WARN   Wiring.write_wire_scope: net not found
2026-10-07 02:14:23.275 WARN   Wiring.write_wire_scope: net not found
2026-10-07 02:14:23.275 WARN   Wiring.write_wire_scope: net not found
2026-10-07 02:14:23.275 WARN   Wiring.write_wire_scope: net not found
2026-10-07 02:14:23.275 WARN   Wiring.write_wire_scope: net not found
2026-10-07 02:14:23.275 WARN   Wiring.write_wire_scope: net not found
2026-10-07 02:14:23.275 WARN   Wiring.write_wire_scope: net not found
2026-10-07 02:14:23.275 WARN   Wiring.write_wire_scope: net not found
2026-10-07 02:14:23.275 WARN   Wiring.write_wire_scope: net not found
2026-10-07 02:14:23.275 WARN   Wiring.write_wire_scope: net not found
2026-10-07 02:14:23.275 WARN   Wiring.write_wire_scope: net not found
2026-10-07 02:14:23.275 WARN   Wiring.write_wire_scope: net not found
2026-10-07 02:14:23.275 WARN   Wiring.write_wire_scope: net not found
2026-10-07 02:14:23.275 WARN   Wiring.write_wire_scope: net not found
2026-10-07 02:14:23.275 WARN   Wiring.write_wire_scope: net not found
2026-10-07 02:14:23.275 WARN   Wiring.write_wire_scope: net not found
2026-10-07 02:14:23.275 WARN   Wiring.write_wire_scope: net not found
2026-10-07 02:14:23.275 WARN   Wiring.write_wire_scope: net not found
2026-10-07 02:14:23.275 WARN   Wiring.write_wire_scope: net not found
2026-10-07 02:14:23.275 WARN   Wiring.write_wire_scope: net not found
2026-10-07 02:14:23.275 WARN   Wiring.write_wire_scope: net not found
2026-10-07 02:14:23.275 WARN   Wiring.write_wire_scope: net not found
2026-10-07 02:14:23.275 WARN   Wiring.write_wire_scope: net not found
2026-10-07 02:14:23.317 WARN   Wiring.write_wire_scope: net not found
2026-10-07 02:14:23.317 WARN   Wiring.write_wire_scope: net not found
2026-10-07 02:14:23.317 WARN   Wiring.write_wire_scope: net not found
2026-10-07 02:14:23.317 WARN   Wiring.write_wire_scope: net not found
2026-10-07 02:14:23.317 WARN   Wiring.write_wire_scope: net not found
2026-10-07 02:14:23.317 WARN   Wiring.write_wire_scope: net not found
2026-10-07 02:14:23.317 WARN   Wiring.write_wire_scope: net not found
2026-10-07 02:14:23.317 WARN   Wiring.write_wire_scope: net not found
2026-10-07 02:14:23.317 WARN   Wiring.write_wire_scope: net not found
2026-10-07 02:14:23.317 WARN   Wiring.write_wire_scope: net not found
2026-10-07 02:14:23.318 WARN   Wiring.write_wire_scope: net not found
2026-10-07 02:14:23.318 WARN   Wiring.write_wire_scope: net not found
2026-10-07 02:14:23.318 WARN   Wiring.write_wire_scope: net not found
2026-10-07 02:14:23.318 WARN   Wiring.write_wire_scope: net not found
2026-10-07 02:14:23.318 WARN   Wiring.write_wire_scope: net not found
2026-10-07 02:14:23.318 WARN   Wiring.write_wire_scope: net not found
2026-10-07 02:14:23.318 WARN   Wiring.write_wire_scope: net not found
2026-10-07 02:14:23.318 WARN   Wiring.write_wire_scope: net not found
2026-10-07 02:14:23.318 WARN   Wiring.write_wire_scope: net not found
2026-10-07 02:14:23.318 WARN   Wiring.write_wire_scope: net not found
2026-10-07 02:14:23.318 WARN   Wiring.write_wire_scope: net not found
2026-10-07 02:14:23.318 WARN   Wiring.write_wire_scope: net not found
2026-10-07 02:14:23.318 WARN   Wiring.write_wire_scope: net not found
2026-10-07 02:14:23.318 WARN   Wiring.write_wire_scope: net not found
2026-10-07 02:14:23.318 WARN   Wiring.write_wire_scope: net not found
2026-10-07 02:14:23.318 WARN   Wiring.write_wire_scope: net not found
2026-10-07 02:14:23.318 WARN   Wiring.write_wire_scope: net not found
2026-10-07 02:14:23.318 WARN   Wiring.write_wire_scope: net not found
2026-10-07 02:14:23.318 WARN   Wiring.write_wire_scope: net not found
2026-10-07 02:14:23.318 WARN   Wiring.write_wire_scope: net not found
2026-10-07 02:14:23.318 WARN   Wiring.write_wire_scope: net not found
2026-10-07 02:14:23.318 WARN   Wiring.write_wire_scope: net not found
2026-10-07 02:14:23.318 WARN   Wiring.write_wire_scope: net not found
2026-10-07 02:14:23.318 WARN   Wiring.write_wire_scope: net not found
2026-10-07 02:14:23.318 WARN   Wiring.write_wire_scope: net not found
2026-10-07 02:14:23.318 WARN   Wiring.write_wire_scope: net not found
2026-10-07 02:14:23.318 WARN   Wiring.write_wire_scope: net not found
2026-10-07 02:14:23.318 WARN   Wiring.write_wire_scope: net not found
2026-10-07 02:14:23.318 WARN   Wiring.write_wire_scope: net not found
2026-10-07 02:14:23.318 WARN   Wiring.write_wire_scope: net not found
2026-10-07 02:14:23.318 WARN   Wiring.write_wire_scope: net not found
2026-10-07 02:14:23.318 WARN   Wiring.write_wire_scope: net not found
2026-10-07 02:14:23.318 WARN   Wiring.write_wire_scope: net not found
2026-10-07 02:14:23.318 WARN   Wiring.write_wire_scope: net not found
2026-10-07 02:14:23.318 WARN   Wiring.write_wire_scope: net not found
2026-10-07 02:14:23.318 WARN   Wiring.write_wire_scope: net not found
2026-10-07 02:14:23.318 WARN   Wiring.write_wire_scope: net not found
2026-10-07 02:14:23.318 WARN   Wiring.write_wire_scope: net not found
2026-10-07 02:14:23.318 WARN   Wiring.write_wire_scope: net not found
2026-10-07 02:14:23.318 WARN   Wiring.write_wire_scope: net not found
2026-10-07 02:14:23.318 WARN   Wiring.write_wire_scope: net not found
2026-10-07 02:14:23.318 WARN   Wiring.write_wire_scope: net not found
2026-10-07 02:14:23.318 WARN   Wiring.write_wire_scope: net not found
2026-10-07 02:14:23.318 WARN   Wiring.write_wire_scope: net not found
2026-10-07 02:14:23.318 WARN   Wiring.write_wire_scope: net not found
2026-10-07 02:14:23.318 WARN   Wiring.write_wire_scope: net not found
2026-10-07 02:14:23.318 WARN   Wiring.write_wire_scope: net not found
2026-10-07 02:14:23.318 WARN   Wiring.write_wire_scope: net not found
2026-10-07 02:14:23.318 WARN   Wiring.write_wire_scope: net not found
2026-10-07 02:14:23.318 WARN   Wiring.write_wire_scope: net not found
2026-10-07 02:14:23.318 WARN   Wiring.write_wire_scope: net not found
2026-10-07 02:14:23.318 WARN   Wiring.write_wire_scope: net not found
2026-10-07 02:14:23.318 WARN   Wiring.write_wire_scope: net not found
2026-10-07 02:14:23.318 WARN   Wiring.write_wire_scope: net not found
2026-10-07 02:14:23.318 WARN   Wiring.write_wire_scope: net not found
2026-10-07 02:14:23.318 WARN   Wiring.write_wire_scope: net not found
2026-10-07 02:14:23.318 WARN   Wiring.write_wire_scope: net not found
2026-10-07 02:14:23.318 WARN   Wiring.write_wire_scope: net not found
2026-10-07 02:14:23.318 WARN   Wiring.write_wire_scope: net not found
2026-10-07 02:14:23.318 WARN   Wiring.write_wire_scope: net not found
2026-10-07 02:14:23.318 WARN   Wiring.write_wire_scope: net not found
2026-10-07 02:14:23.318 WARN   Wiring.write_wire_scope: net not found
2026-10-07 02:14:23.318 WARN   Wiring.write_wire_scope: net not found
2026-10-07 02:14:23.318 WARN   Wiring.write_wire_scope: net not found
2026-10-07 02:14:23.318 WARN   Wiring.write_wire_scope: net not found
2026-10-07 02:14:23.318 WARN   Wiring.write_wire_scope: net not found
2026-10-07 02:14:23.318 WARN   Wiring.write_wire_scope: net not found
2026-10-07 02:14:23.318 WARN   Wiring.write_wire_scope: net not found
2026-10-07 02:14:23.318 WARN   Wiring.write_wire_scope: net not found
2026-10-07 02:14:23.318 WARN   Wiring.write_wire_scope: net not found
2026-10-07 02:14:23.318 WARN   Wiring.write_wire_scope: net not found
2026-10-07 02:14:23.318 WARN   Wiring.write_wire_scope: net not found
2026-10-07 02:14:23.318 WARN   Wiring.write_wire_scope: net not found
2026-10-07 02:14:23.318 WARN   Wiring.write_wire_scope: net not found
2026-10-07 02:14:23.318 WARN   Wiring.write_wire_scope: net not found
2026-10-07 02:14:23.318 WARN   Wiring.write_wire_scope: net not found
2026-10-07 02:14:23.318 WARN   Wiring.write_wire_scope: net not found
2026-10-07 02:14:23.318 WARN   Wiring.write_wire_scope: net not found
2026-10-07 02:14:23.318 WARN   Wiring.write_wire_scope: net not found
2026-10-07 02:14:23.318 WARN   Wiring.write_wire_scope: net not found
2026-10-07 02:14:23.318 WARN   Wiring.write_wire_scope: net not found
2026-10-07 02:14:23.318 WARN   Wiring.write_wire_scope: net not found
2026-10-07 02:14:23.318 WARN   Wiring.write_wire_scope: net not found
2026-10-07 02:14:23.318 WARN   Wiring.write_wire_scope: net not found
2026-10-07 02:14:23.318 WARN   Wiring.write_wire_scope: net not found
2026-10-07 02:14:23.318 WARN   Wiring.write_wire_scope: net not found
2026-10-07 02:14:23.318 WARN   Wiring.write_wire_scope: net not found
2026-10-07 02:14:23.318 WARN   Wiring.write_wire_scope: net not found
2026-10-07 02:14:23.318 WARN   Wiring.write_wire_scope: net not found
2026-10-07 02:14:23.318 WARN   Wiring.write_wire_scope: net not found
2026-10-07 02:14:23.318 WARN   Wiring.write_wire_scope: net not found
2026-10-07 02:14:23.318 WARN   Wiring.write_wire_scope: net not found
2026-10-07 02:14:23.318 WARN   Wiring.write_wire_scope: net not found
2026-10-07 02:14:23.318 WARN   Wiring.write_wire_scope: net not found
2026-10-07 02:14:23.318 WARN   Wiring.write_wire_scope: net not found
2026-10-07 02:14:23.318 WARN   Wiring.write_wire_scope: net not found
2026-10-07 02:14:23.318 WARN   Wiring.write_wire_scope: net not found
2026-10-07 02:14:23.318 WARN   Wiring.write_wire_scope: net not found
2026-10-07 02:14:23.318 WARN   Wiring.write_wire_scope: net not found
2026-10-07 02:14:23.318 WARN   Wiring.write_wire_scope: net not found
2026-10-07 02:14:23.318 WARN   Wiring.write_wire_scope: net not found
2026-10-07 02:14:23.318 WARN   Wiring.write_wire_scope: net not found
2026-10-07 02:14:23.318 WARN   Wiring.write_wire_scope: net not found
2026-10-07 02:14:23.318 WARN   Wiring.write_wire_scope: net not found
2026-10-07 02:14:23.318 WARN   Wiring.write_wire_scope: net not found
2026-10-07 02:14:23.318 WARN   Wiring.write_wire_scope: net not found
2026-10-07 02:14:23.318 WARN   Wiring.write_wire_scope: net not found
2026-10-07 02:14:23.318 WARN   Wiring.write_wire_scope: net not found
2026-10-07 02:14:23.318 WARN   Wiring.write_wire_scope: net not found
2026-10-07 02:14:23.318 WARN   Wiring.write_wire_scope: net not found
2026-10-07 02:14:23.318 WARN   Wiring.write_wire_scope: net not found
2026-10-07 02:14:23.318 WARN   Wiring.write_wire_scope: net not found
2026-10-07 02:14:23.318 WARN   Wiring.write_wire_scope: net not found
2026-10-07 02:14:23.318 WARN   Wiring.write_wire_scope: net not found
2026-10-07 02:14:23.318 WARN   Wiring.write_wire_scope: net not found
2026-10-07 02:14:23.318 WARN   Wiring.write_wire_scope: net not found
2026-10-07 02:14:23.319 WARN   Wiring.write_wire_scope: net not found
2026-10-07 02:14:23.319 WARN   Wiring.write_wire_scope: net not found
2026-10-07 02:14:23.319 WARN   Wiring.write_wire_scope: net not found
2026-10-07 02:14:23.319 WARN   Wiring.write_wire_scope: net not found
2026-10-07 02:14:23.319 WARN   Wiring.write_wire_scope: net not found
2026-10-07 02:14:23.319 WARN   Wiring.write_wire_scope: net not found
2026-10-07 02:14:23.319 WARN   Wiring.write_wire_scope: net not found
2026-10-07 02:14:23.319 WARN   Wiring.write_wire_scope: net not found
2026-10-07 02:14:23.319 WARN   Wiring.write_wire_scope: net not found
2026-10-07 02:14:23.319 WARN   Wiring.write_wire_scope: net not found
2026-10-07 02:14:23.319 WARN   Wiring.write_wire_scope: net not found
2026-10-07 02:14:26.889 WARN   Wiring.write_wire_scope: net not found
2026-10-07 02:14:26.889 WARN   Wiring.write_wire_scope: net not found
2026-10-07 02:14:26.889 WARN   Wiring.write_wire_scope: net not found
2026-10-07 02:14:26.889 WARN   Wiring.write_wire_scope: net not found
2026-10-07 02:14:26.889 WARN   Wiring.write_wire_scope: net not found
2026-10-07 02:14:26.889 WARN   Wiring.write_wire_scope: net not found
2026-10-07 02:14:26.889 WARN   Wiring.write_wire_scope: net not found
2026-10-07 02:14:26.889 WARN   Wiring.write_wire_scope: net not found
2026-10-07 02:14:26.889 WARN   Wiring.write_wire_scope: net not found
2026-10-07 02:14:26.889 WARN   Wiring.write_wire_scope: net not found
2026-10-07 02:14:26.889 WARN   Wiring.write_wire_scope: net not found
2026-10-07 02:14:26.889 WARN   Wiring.write_wire_scope: net not found
2026-10-07 02:14:26.889 WARN   Wiring.write_wire_scope: net not found
2026-10-07 02:14:26.889 WARN   Wiring.write_wire_scope: net not found
2026-10-07 02:14:26.889 WARN   Wiring.write_wire_scope: net not found
2026-10-07 02:14:26.889 WARN   Wiring.write_wire_scope: net not found
2026-10-07 02:14:26.889 WARN   Wiring.write_wire_scope: net not found
2026-10-07 02:14:26.889 WARN   Wiring.write_wire_scope: net not found
2026-10-07 02:14:26.889 WARN   Wiring.write_wire_scope: net not found
2026-10-07 02:14:26.889 WARN   Wiring.write_wire_scope: net not found
2026-10-07 02:14:26.889 WARN   Wiring.write_wire_scope: net not found
2026-10-07 02:14:26.889 WARN   Wiring.write_wire_scope: net not found
2026-10-07 02:14:26.889 WARN   Wiring.write_wire_scope: net not found
2026-10-07 02:14:26.889 WARN   Wiring.write_wire_scope: net not found
2026-10-07 02:14:26.889 WARN   Wiring.write_wire_scope: net not found
2026-10-07 02:14:26.889 WARN   Wiring.write_wire_scope: net not found
2026-10-07 02:14:26.889 WARN   Wiring.write_wire_scope: net not found
2026-10-07 02:14:26.889 WARN   Wiring.write_wire_scope: net not found
2026-10-07 02:14:26.889 WARN   Wiring.write_wire_scope: net not found
2026-10-07 02:14:26.889 WARN   Wiring.write_wire_scope: net not found
2026-10-07 02:14:26.889 WARN   Wiring.write_wire_scope: net not found
2026-10-07 02:14:26.889 WARN   Wiring.write_wire_scope: net not found
2026-10-07 02:14:26.889 WARN   Wiring.write_wire_scope: net not found
2026-10-07 02:14:26.889 WARN   Wiring.write_wire_scope: net not found
2026-10-07 02:14:26.889 WARN   Wiring.write_wire_scope: net not found
2026-10-07 02:14:26.889 WARN   Wiring.write_wire_scope: net not found
2026-10-07 02:14:26.889 WARN   Wiring.write_wire_scope: net not found
2026-10-07 02:14:26.889 WARN   Wiring.write_wire_scope: net not found
2026-10-07 02:14:26.889 WARN   Wiring.write_wire_scope: net not found
2026-10-07 02:14:26.889 WARN   Wiring.write_wire_scope: net not found
2026-10-07 02:14:26.889 WARN   Wiring.write_wire_scope: net not found
2026-10-07 02:14:26.889 WARN   Wiring.write_wire_scope: net not found
2026-10-07 02:14:26.889 WARN   Wiring.write_wire_scope: net not found
2026-10-07 02:14:26.889 WARN   Wiring.write_wire_scope: net not found
2026-10-07 02:14:26.889 WARN   Wiring.write_wire_scope: net not found
2026-10-07 02:14:26.889 WARN   Wiring.write_wire_scope: net not found
2026-10-07 02:14:26.889 WARN   Wiring.write_wire_scope: net not found
2026-10-07 02:14:26.889 WARN   Wiring.write_wire_scope: net not found
2026-10-07 02:14:26.889 WARN   Wiring.write_wire_scope: net not found
2026-10-07 02:14:26.889 WARN   Wiring.write_wire_scope: net not found
2026-10-07 02:14:26.889 WARN   Wiring.write_wire_scope: net not found
2026-10-07 02:14:26.889 WARN   Wiring.write_wire_scope: net not found
2026-10-07 02:14:26.889 WARN   Wiring.write_wire_scope: net not found
2026-10-07 02:14:26.889 WARN   Wiring.write_wire_scope: net not found
2026-10-07 02:14:26.889 WARN   Wiring.write_wire_scope: net not found
2026-10-07 02:14:26.889 WARN   Wiring.write_wire_scope: net not found
2026-10-07 02:14:26.889 WARN   Wiring.write_wire_scope: net not found
2026-10-07 02:14:26.889 WARN   Wiring.write_wire_scope: net not found
2026-10-07 02:14:26.889 WARN   Wiring.write_wire_scope: net not found
2026-10-07 02:14:26.889 WARN   Wiring.write_wire_scope: net not found
2026-10-07 02:14:26.889 WARN   Wiring.write_wire_scope: net not found
2026-10-07 02:14:26.889 WARN   Wiring.write_wire_scope: net not found
2026-10-07 02:14:26.889 WARN   Wiring.write_wire_scope: net not found
2026-10-07 02:14:26.889 WARN   Wiring.write_wire_scope: net not found
2026-10-07 02:14:26.889 WARN   Wiring.write_wire_scope: net not found
2026-10-07 02:14:26.889 WARN   Wiring.write_wire_scope: net not found
2026-10-07 02:14:26.889 WARN   Wiring.write_wire_scope: net not found
2026-10-07 02:14:26.889 WARN   Wiring.write_wire_scope: net not found
2026-10-07 02:14:26.889 WARN   Wiring.write_wire_scope: net not found
2026-10-07 02:14:26.889 WARN   Wiring.write_wire_scope: net not found
2026-10-07 02:14:26.889 WARN   Wiring.write_wire_scope: net not found
2026-10-07 02:14:26.889 WARN   Wiring.write_wire_scope: net not found
2026-10-07 02:14:26.889 WARN   Wiring.write_wire_scope: net not found
2026-10-07 02:14:26.889 WARN   Wiring.write_wire_scope: net not found
2026-10-07 02:14:26.889 WARN   Wiring.write_wire_scope: net not found
2026-10-07 02:14:26.889 WARN   Wiring.write_wire_scope: net not found
2026-10-07 02:14:26.889 WARN   Wiring.write_wire_scope: net not found
2026-10-07 02:14:26.889 WARN   Wiring.write_wire_scope: net not found
2026-10-07 02:14:26.889 WARN   Wiring.write_wire_scope: net not found
2026-10-07 02:14:26.889 WARN   Wiring.write_wire_scope: net not found
2026-10-07 02:14:26.889 WARN   Wiring.write_wire_scope: net not found
2026-10-07 02:14:26.889 WARN   Wiring.write_wire_scope: net not found
2026-10-07 02:14:26.889 WARN   Wiring.write_wire_scope: net not found
2026-10-07 02:14:26.889 WARN   Wiring.write_wire_scope: net not found
2026-10-07 02:14:26.889 WARN   Wiring.write_wire_scope: net not found
2026-10-07 02:14:26.889 WARN   Wiring.write_wire_scope: net not found
2026-10-07 02:14:26.889 WARN   Wiring.write_wire_scope: net not found
2026-10-07 02:14:26.889 WARN   Wiring.write_wire_scope: net not found
2026-10-07 02:14:26.889 WARN   Wiring.write_wire_scope: net not found
2026-10-07 02:14:26.889 WARN   Wiring.write_wire_scope: net not found
2026-10-07 02:14:26.889 WARN   Wiring.write_wire_scope: net not found
2026-10-07 02:14:26.889 WARN   Wiring.write_wire_scope: net not found
2026-10-07 02:14:26.889 WARN   Wiring.write_wire_scope: net not found
2026-10-07 02:14:26.889 WARN   Wiring.write_wire_scope: net not found
2026-10-07 02:14:26.889 WARN   Wiring.write_wire_scope: net not found
2026-10-07 02:14:26.889 WARN   Wiring.write_wire_scope: net not found
2026-10-07 02:14:26.889 WARN   Wiring.write_wire_scope: net not found
2026-10-07 02:14:26.889 WARN   Wiring.write_wire_scope: net not found
2026-10-07 02:14:26.889 WARN   Wiring.write_wire_scope: net not found
2026-10-07 02:14:26.889 WARN   Wiring.write_wire_scope: net not found
2026-10-07 02:14:26.889 WARN   Wiring.write_wire_scope: net not found
2026-10-07 02:14:26.889 WARN   Wiring.write_wire_scope: net not found
2026-10-07 02:14:26.889 WARN   Wiring.write_wire_scope: net not found
2026-10-07 02:14:26.889 WARN   Wiring.write_wire_scope: net not found
2026-10-07 02:14:26.889 WARN   Wiring.write_wire_scope: net not found
2026-10-07 02:14:26.889 WARN   Wiring.write_wire_scope: net not found
2026-10-07 02:14:26.889 WARN   Wiring.write_wire_scope: net not found
2026-10-07 02:14:26.889 WARN   Wiring.write_wire_scope: net not found
2026-10-07 02:14:26.889 WARN   Wiring.write_wire_scope: net not found
2026-10-07 02:14:26.889 WARN   Wiring.write_wire_scope: net not found
2026-10-07 02:14:26.889 WARN   Wiring.write_wire_scope: net not found
2026-10-07 02:14:26.889 WARN   Wiring.write_wire_scope: net not found
2026-10-07 02:14:26.889 WARN   Wiring.write_wire_scope: net not found
2026-10-07 02:14:26.890 WARN   Wiring.write_wire_scope: net not found
2026-10-07 02:14:26.890 WARN   Wiring.write_wire_scope: net not found
2026-10-07 02:14:26.890 WARN   Wiring.write_wire_scope: net not found
2026-10-07 02:14:26.890 WARN   Wiring.write_wire_scope: net not found
2026-10-07 02:14:26.890 WARN   Wiring.write_wire_scope: net not found
2026-10-07 02:14:26.890 WARN   Wiring.write_wire_scope: net not found
2026-10-07 02:14:26.890 WARN   Wiring.write_wire_scope: net not found
2026-10-07 02:14:26.890 WARN   Wiring.write_wire_scope: net not found
2026-10-07 02:14:26.890 WARN   Wiring.write_wire_scope: net not found
2026-10-07 02:14:26.890 WARN   Wiring.write_wire_scope: net not found
2026-10-07 02:14:26.890 WARN   Wiring.write_wire_scope: net not found
2026-10-07 02:14:26.890 WARN   Wiring.write_wire_scope: net not found
2026-10-07 02:14:26.890 WARN   Wiring.write_wire_scope: net not found
2026-10-07 02:14:26.890 WARN   Wiring.write_wire_scope: net not found
2026-10-07 02:14:26.890 WARN   Wiring.write_wire_scope: net not found
2026-10-07 02:14:26.890 WARN   Wiring.write_wire_scope: net not found
2026-10-07 02:14:26.890 WARN   Wiring.write_wire_scope: net not found
2026-10-07 02:14:26.890 WARN   Wiring.write_wire_scope: net not found
2026-10-07 02:14:26.890 WARN   Wiring.write_wire_scope: net not found
2026-10-07 02:14:26.890 WARN   Wiring.write_wire_scope: net not found
2026-10-07 02:14:26.890 WARN   Wiring.write_wire_scope: net not found
2026-10-07 02:14:26.890 WARN   Wiring.write_wire_scope: net not found
2026-10-07 02:14:26.890 WARN   Wiring.write_wire_scope: net not found
2026-10-07 02:14:26.890 WARN   Wiring.write_wire_scope: net not found
2026-10-07 02:14:27.146 WARN   Wiring.write_wire_scope: net not found
2026-10-07 02:14:27.146 WARN   Wiring.write_wire_scope: net not found
2026-10-07 02:14:27.146 WARN   Wiring.write_wire_scope: net not found
2026-10-07 02:14:27.146 WARN   Wiring.write_wire_scope: net not found
2026-10-07 02:14:27.146 WARN   Wiring.write_wire_scope: net not found
2026-10-07 02:14:27.146 WARN   Wiring.write_wire_scope: net not found
2026-10-07 02:14:27.146 WARN   Wiring.write_wire_scope: net not found
2026-10-07 02:14:27.146 WARN   Wiring.write_wire_scope: net not found
2026-10-07 02:14:27.146 WARN   Wiring.write_wire_scope: net not found
2026-10-07 02:14:27.146 WARN   Wiring.write_wire_scope: net not found
2026-10-07 02:14:27.146 WARN   Wiring.write_wire_scope: net not found
2026-10-07 02:14:27.146 WARN   Wiring.write_wire_scope: net not found
2026-10-07 02:14:27.146 WARN   Wiring.write_wire_scope: net not found
2026-10-07 02:14:27.146 WARN   Wiring.write_wire_scope: net not found
2026-10-07 02:14:27.146 WARN   Wiring.write_wire_scope: net not found
2026-10-07 02:14:27.146 WARN   Wiring.write_wire_scope: net not found
2026-10-07 02:14:27.146 WARN   Wiring.write_wire_scope: net not found
2026-10-07 02:14:27.146 WARN   Wiring.write_wire_scope: net not found
2026-10-07 02:14:27.146 WARN   Wiring.write_wire_scope: net not found
2026-10-07 02:14:27.146 WARN   Wiring.write_wire_scope: net not found
2026-10-07 02:14:27.146 WARN   Wiring.write_wire_scope: net not found
2026-10-07 02:14:27.146 WARN   Wiring.write_wire_scope: net not found
2026-10-07 02:14:27.146 WARN   Wiring.write_wire_scope: net not found
2026-10-07 02:14:27.146 WARN   Wiring.write_wire_scope: net not found
2026-10-07 02:14:27.146 WARN   Wiring.write_wire_scope: net not found
2026-10-07 02:14:27.146 WARN   Wiring.write_wire_scope: net not found
2026-10-07 02:14:27.146 WARN   Wiring.write_wire_scope: net not found
2026-10-07 02:14:27.146 WARN   Wiring.write_wire_scope: net not found
2026-10-07 02:14:27.146 WARN   Wiring.write_wire_scope: net not found
2026-10-07 02:14:27.146 WARN   Wiring.write_wire_scope: net not found
2026-10-07 02:14:27.146 WARN   Wiring.write_wire_scope: net not found
2026-10-07 02:14:27.146 WARN   Wiring.write_wire_scope: net not found
2026-10-07 02:14:27.146 WARN   Wiring.write_wire_scope: net not found
2026-10-07 02:14:27.146 WARN   Wiring.write_wire_scope: net not found
2026-10-07 02:14:27.146 WARN   Wiring.write_wire_scope: net not found
2026-10-07 02:14:27.146 WARN   Wiring.write_wire_scope: net not found
2026-10-07 02:14:27.146 WARN   Wiring.write_wire_scope: net not found
2026-10-07 02:14:27.146 WARN   Wiring.write_wire_scope: net not found
2026-10-07 02:14:27.146 WARN   Wiring.write_wire_scope: net not found
2026-10-07 02:14:27.146 WARN   Wiring.write_wire_scope: net not found
2026-10-07 02:14:27.146 WARN   Wiring.write_wire_scope: net not found
2026-10-07 02:14:27.146 WARN   Wiring.write_wire_scope: net not found
2026-10-07 02:14:27.146 WARN   Wiring.write_wire_scope: net not found
2026-10-07 02:14:27.146 WARN   Wiring.write_wire_scope: net not found
2026-10-07 02:14:27.146 WARN   Wiring.write_wire_scope: net not found
2026-10-07 02:14:27.146 WARN   Wiring.write_wire_scope: net not found
2026-10-07 02:14:27.146 WARN   Wiring.write_wire_scope: net not found
2026-10-07 02:14:27.146 WARN   Wiring.write_wire_scope: net not found
2026-10-07 02:14:27.146 WARN   Wiring.write_wire_scope: net not found
2026-10-07 02:14:27.146 WARN   Wiring.write_wire_scope: net not found
2026-10-07 02:14:27.146 WARN   Wiring.write_wire_scope: net not found
2026-10-07 02:14:27.146 WARN   Wiring.write_wire_scope: net not found
2026-10-07 02:14:27.146 WARN   Wiring.write_wire_scope: net not found
2026-10-07 02:14:27.146 WARN   Wiring.write_wire_scope: net not found
2026-10-07 02:14:27.146 WARN   Wiring.write_wire_scope: net not found
2026-10-07 02:14:27.146 WARN   Wiring.write_wire_scope: net not found
2026-10-07 02:14:27.146 WARN   Wiring.write_wire_scope: net not found
2026-10-07 02:14:27.146 WARN   Wiring.write_wire_scope: net not found
2026-10-07 02:14:27.146 WARN   Wiring.write_wire_scope: net not found
2026-10-07 02:14:27.146 WARN   Wiring.write_wire_scope: net not found
2026-10-07 02:14:27.146 WARN   Wiring.write_wire_scope: net not found
2026-10-07 02:14:27.146 WARN   Wiring.write_wire_scope: net not found
2026-10-07 02:14:27.146 WARN   Wiring.write_wire_scope: net not found
2026-10-07 02:14:27.146 WARN   Wiring.write_wire_scope: net not found
2026-10-07 02:14:27.146 WARN   Wiring.write_wire_scope: net not found
2026-10-07 02:14:27.146 WARN   Wiring.write_wire_scope: net not found
2026-10-07 02:14:27.146 WARN   Wiring.write_wire_scope: net not found
2026-10-07 02:14:27.146 WARN   Wiring.write_wire_scope: net not found
2026-10-07 02:14:27.146 WARN   Wiring.write_wire_scope: net not found
2026-10-07 02:14:27.146 WARN   Wiring.write_wire_scope: net not found
2026-10-07 02:14:27.146 WARN   Wiring.write_wire_scope: net not found
2026-10-07 02:14:27.146 WARN   Wiring.write_wire_scope: net not found
2026-10-07 02:14:27.146 WARN   Wiring.write_wire_scope: net not found
2026-10-07 02:14:27.146 WARN   Wiring.write_wire_scope: net not found
2026-10-07 02:14:27.147 WARN   Wiring.write_wire_scope: net not found
2026-10-07 02:14:27.147 WARN   Wiring.write_wire_scope: net not found
2026-10-07 02:14:27.147 WARN   Wiring.write_wire_scope: net not found
2026-10-07 02:14:27.147 WARN   Wiring.write_wire_scope: net not found
2026-10-07 02:14:27.147 WARN   Wiring.write_wire_scope: net not found
2026-10-07 02:14:27.147 WARN   Wiring.write_wire_scope: net not found
2026-10-07 02:14:27.147 WARN   Wiring.write_wire_scope: net not found
2026-10-07 02:14:27.147 WARN   Wiring.write_wire_scope: net not found
2026-10-07 02:14:27.147 WARN   Wiring.write_wire_scope: net not found
2026-10-07 02:14:27.147 WARN   Wiring.write_wire_scope: net not found
2026-10-07 02:14:27.147 WARN   Wiring.write_wire_scope: net not found
2026-10-07 02:14:27.147 WARN   Wiring.write_wire_scope: net not found
2026-10-07 02:14:27.147 WARN   Wiring.write_wire_scope: net not found
2026-10-07 02:14:27.147 WARN   Wiring.write_wire_scope: net not found
2026-10-07 02:14:27.147 WARN   Wiring.write_wire_scope: net not found
2026-10-07 02:14:27.147 WARN   Wiring.write_wire_scope: net not found
2026-10-07 02:14:27.147 WARN   Wiring.write_wire_scope: net not found
2026-10-07 02:14:27.147 WARN   Wiring.write_wire_scope: net not found
2026-10-07 02:14:27.147 WARN   Wiring.write_wire_scope: net not found
2026-10-07 02:14:27.147 WARN   Wiring.write_wire_scope: net not found
2026-10-07 02:14:27.147 WARN   Wiring.write_wire_scope: net not found
2026-10-07 02:14:27.147 WARN   Wiring.write_wire_scope: net not found
2026-10-07 02:14:27.147 WARN   Wiring.write_wire_scope: net not found
2026-10-07 02:14:27.147 WARN   Wiring.write_wire_scope: net not found
2026-10-07 02:14:27.147 WARN   Wiring.write_wire_scope: net not found
2026-10-07 02:14:27.147 WARN   Wiring.write_wire_scope: net not found
2026-10-07 02:14:27.147 WARN   Wiring.write_wire_scope: net not found
2026-10-07 02:14:27.147 WARN   Wiring.write_wire_scope: net not found
2026-10-07 02:14:27.147 WARN   Wiring.write_wire_scope: net not found
2026-10-07 02:14:27.147 WARN   Wiring.write_wire_scope: net not found
2026-10-07 02:14:27.147 WARN   Wiring.write_wire_scope: net not found
2026-10-07 02:14:27.147 WARN   Wiring.write_wire_scope: net not found
2026-10-07 02:14:27.147 WARN   Wiring.write_wire_scope: net not found
2026-10-07 02:14:27.147 WARN   Wiring.write_wire_scope: net not found
2026-10-07 02:14:27.147 WARN   Wiring.write_wire_scope: net not found
2026-10-07 02:14:27.147 WARN   Wiring.write_wire_scope: net not found
2026-10-07 02:14:27.147 WARN   Wiring.write_wire_scope: net not found
2026-10-07 02:14:27.147 WARN   Wiring.write_wire_scope: net not found
2026-10-07 02:14:27.147 WARN   Wiring.write_wire_scope: net not found
2026-10-07 02:14:27.147 WARN   Wiring.write_wire_scope: net not found
2026-10-07 02:14:27.147 WARN   Wiring.write_wire_scope: net not found
2026-10-07 02:14:27.147 WARN   Wiring.write_wire_scope: net not found
2026-10-07 02:14:27.147 WARN   Wiring.write_wire_scope: net not found
2026-10-07 02:14:27.147 WARN   Wiring.write_wire_scope: net not found
2026-10-07 02:14:27.147 WARN   Wiring.write_wire_scope: net not found
2026-10-07 02:14:27.147 WARN   Wiring.write_wire_scope: net not found
2026-10-07 02:14:27.147 WARN   Wiring.write_wire_scope: net not found
2026-10-07 02:14:27.147 WARN   Wiring.write_wire_scope: net not found
2026-10-07 02:14:27.147 WARN   Wiring.write_wire_scope: net not found
2026-10-07 02:14:27.147 WARN   Wiring.write_wire_scope: net not found
2026-10-07 02:14:27.147 WARN   Wiring.write_wire_scope: net not found
2026-10-07 02:14:27.147 WARN   Wiring.write_wire_scope: net not found
2026-10-07 02:14:27.147 WARN   Wiring.write_wire_scope: net not found
2026-10-07 02:14:27.147 WARN   Wiring.write_wire_scope: net not found
2026-10-07 02:14:27.147 WARN   Wiring.write_wire_scope: net not found
2026-10-07 02:14:27.147 WARN   Wiring.write_wire_scope: net not found
2026-10-07 02:14:27.147 WARN   Wiring.write_wire_scope: net not found
2026-10-07 02:14:27.147 WARN   Wiring.write_wire_scope: net not found
2026-10-07 02:14:27.147 WARN   Wiring.write_wire_scope: net not found
2026-10-07 02:14:27.147 WARN   Wiring.write_wire_scope: net not found
2026-10-07 02:14:27.147 WARN   Wiring.write_wire_scope: net not found
2026-10-07 02:14:27.147 WARN   Wiring.write_wire_scope: net not found
2026-10-07 02:14:27.147 WARN   Wiring.write_wire_scope: net not found
2026-10-07 02:14:29.625 WARN   Wiring.write_wire_scope: net not found
2026-10-07 02:14:29.625 WARN   Wiring.write_wire_scope: net not found
2026-10-07 02:14:29.625 WARN   Wiring.write_wire_scope: net not found
2026-10-07 02:14:29.625 WARN   Wiring.write_wire_scope: net not found
2026-10-07 02:14:29.625 WARN   Wiring.write_wire_scope: net not found
2026-10-07 02:14:29.625 WARN   Wiring.write_wire_scope: net not found
2026-10-07 02:14:29.625 WARN   Wiring.write_wire_scope: net not found
2026-10-07 02:14:29.625 WARN   Wiring.write_wire_scope: net not found
2026-10-07 02:14:29.625 WARN   Wiring.write_wire_scope: net not found
2026-10-07 02:14:29.626 WARN   Wiring.write_wire_scope: net not found
2026-10-07 02:14:29.626 WARN   Wiring.write_wire_scope: net not found
2026-10-07 02:14:29.626 WARN   Wiring.write_wire_scope: net not found
2026-10-07 02:14:29.626 WARN   Wiring.write_wire_scope: net not found
2026-10-07 02:14:29.626 WARN   Wiring.write_wire_scope: net not found
2026-10-07 02:14:29.626 WARN   Wiring.write_wire_scope: net not found
2026-10-07 02:14:29.626 WARN   Wiring.write_wire_scope: net not found
2026-10-07 02:14:29.626 WARN   Wiring.write_wire_scope: net not found
2026-10-07 02:14:29.626 WARN   Wiring.write_wire_scope: net not found
2026-10-07 02:14:29.626 WARN   Wiring.write_wire_scope: net not found
2026-10-07 02:14:29.626 WARN   Wiring.write_wire_scope: net not found
2026-10-07 02:14:29.626 WARN   Wiring.write_wire_scope: net not found
2026-10-07 02:14:29.626 WARN   Wiring.write_wire_scope: net not found
2026-10-07 02:14:29.626 WARN   Wiring.write_wire_scope: net not found
2026-10-07 02:14:29.626 WARN   Wiring.write_wire_scope: net not found
2026-10-07 02:14:29.626 WARN   Wiring.write_wire_scope: net not found
2026-10-07 02:14:29.626 WARN   Wiring.write_wire_scope: net not found
2026-10-07 02:14:29.626 WARN   Wiring.write_wire_scope: net not found
2026-10-07 02:14:29.626 WARN   Wiring.write_wire_scope: net not found
2026-10-07 02:14:29.626 WARN   Wiring.write_wire_scope: net not found
2026-10-07 02:14:29.626 WARN   Wiring.write_wire_scope: net not found
2026-10-07 02:14:29.626 WARN   Wiring.write_wire_scope: net not found
2026-10-07 02:14:29.626 WARN   Wiring.write_wire_scope: net not found
2026-10-07 02:14:29.626 WARN   Wiring.write_wire_scope: net not found
2026-10-07 02:14:29.626 WARN   Wiring.write_wire_scope: net not found
2026-10-07 02:14:29.626 WARN   Wiring.write_wire_scope: net not found
2026-10-07 02:14:29.626 WARN   Wiring.write_wire_scope: net not found
2026-10-07 02:14:29.626 WARN   Wiring.write_wire_scope: net not found
2026-10-07 02:14:29.626 WARN   Wiring.write_wire_scope: net not found
2026-10-07 02:14:29.626 WARN   Wiring.write_wire_scope: net not found
2026-10-07 02:14:29.626 WARN   Wiring.write_wire_scope: net not found
2026-10-07 02:14:29.626 WARN   Wiring.write_wire_scope: net not found
2026-10-07 02:14:29.626 WARN   Wiring.write_wire_scope: net not found
2026-10-07 02:14:29.626 WARN   Wiring.write_wire_scope: net not found
2026-10-07 02:14:29.626 WARN   Wiring.write_wire_scope: net not found
2026-10-07 02:14:29.626 WARN   Wiring.write_wire_scope: net not found
2026-10-07 02:14:29.626 WARN   Wiring.write_wire_scope: net not found
2026-10-07 02:14:29.626 WARN   Wiring.write_wire_scope: net not found
2026-10-07 02:14:29.626 WARN   Wiring.write_wire_scope: net not found
2026-10-07 02:14:29.626 WARN   Wiring.write_wire_scope: net not found
2026-10-07 02:14:29.626 WARN   Wiring.write_wire_scope: net not found
2026-10-07 02:14:29.626 WARN   Wiring.write_wire_scope: net not found
2026-10-07 02:14:29.626 WARN   Wiring.write_wire_scope: net not found
2026-10-07 02:14:29.626 WARN   Wiring.write_wire_scope: net not found
2026-10-07 02:14:29.626 WARN   Wiring.write_wire_scope: net not found
2026-10-07 02:14:29.626 WARN   Wiring.write_wire_scope: net not found
2026-10-07 02:14:29.626 WARN   Wiring.write_wire_scope: net not found
2026-10-07 02:14:29.626 WARN   Wiring.write_wire_scope: net not found
2026-10-07 02:14:29.626 WARN   Wiring.write_wire_scope: net not found
2026-10-07 02:14:29.626 WARN   Wiring.write_wire_scope: net not found
2026-10-07 02:14:29.626 WARN   Wiring.write_wire_scope: net not found
2026-10-07 02:14:29.626 WARN   Wiring.write_wire_scope: net not found
2026-10-07 02:14:29.626 WARN   Wiring.write_wire_scope: net not found
2026-10-07 02:14:29.626 WARN   Wiring.write_wire_scope: net not found
2026-10-07 02:14:29.626 WARN   Wiring.write_wire_scope: net not found
2026-10-07 02:14:29.626 WARN   Wiring.write_wire_scope: net not found
2026-10-07 02:14:29.626 WARN   Wiring.write_wire_scope: net not found
2026-10-07 02:14:29.626 WARN   Wiring.write_wire_scope: net not found
2026-10-07 02:14:29.626 WARN   Wiring.write_wire_scope: net not found
2026-10-07 02:14:29.626 WARN   Wiring.write_wire_scope: net not found
2026-10-07 02:14:29.626 WARN   Wiring.write_wire_scope: net not found
2026-10-07 02:14:29.626 WARN   Wiring.write_wire_scope: net not found
2026-10-07 02:14:29.626 WARN   Wiring.write_wire_scope: net not found
2026-10-07 02:14:29.626 WARN   Wiring.write_wire_scope: net not found
2026-10-07 02:14:29.626 WARN   Wiring.write_wire_scope: net not found
2026-10-07 02:14:29.626 WARN   Wiring.write_wire_scope: net not found
2026-10-07 02:14:29.626 WARN   Wiring.write_wire_scope: net not found
2026-10-07 02:14:29.626 WARN   Wiring.write_wire_scope: net not found
2026-10-07 02:14:29.626 WARN   Wiring.write_wire_scope: net not found
2026-10-07 02:14:29.626 WARN   Wiring.write_wire_scope: net not found
2026-10-07 02:14:29.626 WARN   Wiring.write_wire_scope: net not found
2026-10-07 02:14:29.626 WARN   Wiring.write_wire_scope: net not found
2026-10-07 02:14:29.626 WARN   Wiring.write_wire_scope: net not found
2026-10-07 02:14:29.626 WARN   Wiring.write_wire_scope: net not found
2026-10-07 02:14:29.626 WARN   Wiring.write_wire_scope: net not found
2026-10-07 02:14:29.626 WARN   Wiring.write_wire_scope: net not found
2026-10-07 02:14:29.626 WARN   Wiring.write_wire_scope: net not found
2026-10-07 02:14:29.626 WARN   Wiring.write_wire_scope: net not found
2026-10-07 02:14:29.626 WARN   Wiring.write_wire_scope: net not found
2026-10-07 02:14:29.626 WARN   Wiring.write_wire_scope: net not found
2026-10-07 02:14:29.626 WARN   Wiring.write_wire_scope: net not found
2026-10-07 02:14:29.626 WARN   Wiring.write_wire_scope: net not found
2026-10-07 02:14:29.626 WARN   Wiring.write_wire_scope: net not found
2026-10-07 02:14:29.626 WARN   Wiring.write_wire_scope: net not found
2026-10-07 02:14:29.626 WARN   Wiring.write_wire_scope: net not found
2026-10-07 02:14:29.626 WARN   Wiring.write_wire_scope: net not found
2026-10-07 02:14:29.626 WARN   Wiring.write_wire_scope: net not found
2026-10-07 02:14:29.626 WARN   Wiring.write_wire_scope: net not found
2026-10-07 02:14:29.626 WARN   Wiring.write_wire_scope: net not found
2026-10-07 02:14:29.626 WARN   Wiring.write_wire_scope: net not found
2026-10-07 02:14:29.626 WARN   Wiring.write_wire_scope: net not found
2026-10-07 02:14:29.626 WARN   Wiring.write_wire_scope: net not found
2026-10-07 02:14:29.626 WARN   Wiring.write_wire_scope: net not found
2026-10-07 02:14:29.626 WARN   Wiring.write_wire_scope: net not found
2026-10-07 02:14:29.626 WARN   Wiring.write_wire_scope: net not found
2026-10-07 02:14:29.626 WARN   Wiring.write_wire_scope: net not found
2026-10-07 02:14:29.626 WARN   Wiring.write_wire_scope: net not found
2026-10-07 02:14:29.626 WARN   Wiring.write_wire_scope: net not found
2026-10-07 02:14:29.626 WARN   Wiring.write_wire_scope: net not found
2026-10-07 02:14:29.626 WARN   Wiring.write_wire_scope: net not found
2026-10-07 02:14:29.626 WARN   Wiring.write_wire_scope: net not found
2026-10-07 02:14:29.626 WARN   Wiring.write_wire_scope: net not found
2026-10-07 02:14:29.626 WARN   Wiring.write_wire_scope: net not found
2026-10-07 02:14:29.626 WARN   Wiring.write_wire_scope: net not found
2026-10-07 02:14:29.626 WARN   Wiring.write_wire_scope: net not found
2026-10-07 02:14:29.626 WARN   Wiring.write_wire_scope: net not found
2026-10-07 02:14:29.626 WARN   Wiring.write_wire_scope: net not found
2026-10-07 02:14:29.626 WARN   Wiring.write_wire_scope: net not found
2026-10-07 02:14:29.626 WARN   Wiring.write_wire_scope: net not found
2026-10-07 02:14:29.626 WARN   Wiring.write_wire_scope: net not found
2026-10-07 02:14:29.626 WARN   Wiring.write_wire_scope: net not found
2026-10-07 02:14:29.626 WARN   Wiring.write_wire_scope: net not found
2026-10-07 02:14:29.626 WARN   Wiring.write_wire_scope: net not found
2026-10-07 02:14:29.626 WARN   Wiring.write_wire_scope: net not found
2026-10-07 02:14:29.626 WARN   Wiring.write_wire_scope: net not found
2026-10-07 02:14:29.626 WARN   Wiring.write_wire_scope: net not found
2026-10-07 02:14:29.626 WARN   Wiring.write_wire_scope: net not found
2026-10-07 02:14:29.626 WARN   Wiring.write_wire_scope: net not found
2026-10-07 02:14:29.626 WARN   Wiring.write_wire_scope: net not found
2026-10-07 02:14:29.626 WARN   Wiring.write_wire_scope: net not found
2026-10-07 02:14:29.626 WARN   Wiring.write_wire_scope: net not found
2026-10-07 02:14:29.626 WARN   Wiring.write_wire_scope: net not found
2026-10-07 02:14:29.626 WARN   Wiring.write_wire_scope: net not found
2026-10-07 02:14:29.626 WARN   Wiring.write_wire_scope: net not found
2026-10-07 02:14:29.626 WARN   Wiring.write_wire_scope: net not found
2026-10-07 02:14:29.626 WARN   Wiring.write_wire_scope: net not found
2026-10-07 02:14:29.626 WARN   Wiring.write_wire_scope: net not found
2026-10-07 02:14:29.626 WARN   Wiring.write_wire_scope: net not found
2026-10-07 02:14:29.891 WARN   Wiring.write_wire_scope: net not found
2026-10-07 02:14:29.891 WARN   Wiring.write_wire_scope: net not found
2026-10-07 02:14:29.891 WARN   Wiring.write_wire_scope: net not found
2026-10-07 02:14:29.891 WARN   Wiring.write_wire_scope: net not found
2026-10-07 02:14:29.891 WARN   Wiring.write_wire_scope: net not found
2026-10-07 02:14:29.891 WARN   Wiring.write_wire_scope: net not found
2026-10-07 02:14:29.891 WARN   Wiring.write_wire_scope: net not found
2026-10-07 02:14:29.891 WARN   Wiring.write_wire_scope: net not found
2026-10-07 02:14:29.891 WARN   Wiring.write_wire_scope: net not found
2026-10-07 02:14:29.891 WARN   Wiring.write_wire_scope: net not found
2026-10-07 02:14:29.891 WARN   Wiring.write_wire_scope: net not found
2026-10-07 02:14:29.891 WARN   Wiring.write_wire_scope: net not found
2026-10-07 02:14:29.891 WARN   Wiring.write_wire_scope: net not found
2026-10-07 02:14:29.891 WARN   Wiring.write_wire_scope: net not found
2026-10-07 02:14:29.891 WARN   Wiring.write_wire_scope: net not found
2026-10-07 02:14:29.891 WARN   Wiring.write_wire_scope: net not found
2026-10-07 02:14:29.891 WARN   Wiring.write_wire_scope: net not found
2026-10-07 02:14:29.891 WARN   Wiring.write_wire_scope: net not found
2026-10-07 02:14:29.891 WARN   Wiring.write_wire_scope: net not found
2026-10-07 02:14:29.891 WARN   Wiring.write_wire_scope: net not found
2026-10-07 02:14:29.891 WARN   Wiring.write_wire_scope: net not found
2026-10-07 02:14:29.891 WARN   Wiring.write_wire_scope: net not found
2026-10-07 02:14:29.891 WARN   Wiring.write_wire_scope: net not found
2026-10-07 02:14:29.891 WARN   Wiring.write_wire_scope: net not found
2026-10-07 02:14:29.891 WARN   Wiring.write_wire_scope: net not found
2026-10-07 02:14:29.891 WARN   Wiring.write_wire_scope: net not found
2026-10-07 02:14:29.891 WARN   Wiring.write_wire_scope: net not found
2026-10-07 02:14:29.891 WARN   Wiring.write_wire_scope: net not found
2026-10-07 02:14:29.891 WARN   Wiring.write_wire_scope: net not found
2026-10-07 02:14:29.891 WARN   Wiring.write_wire_scope: net not found
2026-10-07 02:14:29.891 WARN   Wiring.write_wire_scope: net not found
2026-10-07 02:14:29.891 WARN   Wiring.write_wire_scope: net not found
2026-10-07 02:14:29.891 WARN   Wiring.write_wire_scope: net not found
2026-10-07 02:14:29.891 WARN   Wiring.write_wire_scope: net not found
2026-10-07 02:14:29.891 WARN   Wiring.write_wire_scope: net not found
2026-10-07 02:14:29.891 WARN   Wiring.write_wire_scope: net not found
2026-10-07 02:14:29.891 WARN   Wiring.write_wire_scope: net not found
2026-10-07 02:14:29.891 WARN   Wiring.write_wire_scope: net not found
2026-10-07 02:14:29.891 WARN   Wiring.write_wire_scope: net not found
2026-10-07 02:14:29.891 WARN   Wiring.write_wire_scope: net not found
2026-10-07 02:14:29.892 WARN   Wiring.write_wire_scope: net not found
2026-10-07 02:14:29.892 WARN   Wiring.write_wire_scope: net not found
2026-10-07 02:14:29.892 WARN   Wiring.write_wire_scope: net not found
2026-10-07 02:14:29.892 WARN   Wiring.write_wire_scope: net not found
2026-10-07 02:14:29.892 WARN   Wiring.write_wire_scope: net not found
2026-10-07 02:14:29.892 WARN   Wiring.write_wire_scope: net not found
2026-10-07 02:14:29.892 WARN   Wiring.write_wire_scope: net not found
2026-10-07 02:14:29.892 WARN   Wiring.write_wire_scope: net not found
2026-10-07 02:14:29.892 WARN   Wiring.write_wire_scope: net not found
2026-10-07 02:14:29.892 WARN   Wiring.write_wire_scope: net not found
2026-10-07 02:14:29.892 WARN   Wiring.write_wire_scope: net not found
2026-10-07 02:14:29.892 WARN   Wiring.write_wire_scope: net not found
2026-10-07 02:14:29.892 WARN   Wiring.write_wire_scope: net not found
2026-10-07 02:14:29.892 WARN   Wiring.write_wire_scope: net not found
2026-10-07 02:14:29.892 WARN   Wiring.write_wire_scope: net not found
2026-10-07 02:14:29.892 WARN   Wiring.write_wire_scope: net not found
2026-10-07 02:14:29.892 WARN   Wiring.write_wire_scope: net not found
2026-10-07 02:14:29.892 WARN   Wiring.write_wire_scope: net not found
2026-10-07 02:14:29.892 WARN   Wiring.write_wire_scope: net not found
2026-10-07 02:14:29.892 WARN   Wiring.write_wire_scope: net not found
2026-10-07 02:14:29.892 WARN   Wiring.write_wire_scope: net not found
2026-10-07 02:14:29.892 WARN   Wiring.write_wire_scope: net not found
2026-10-07 02:14:29.892 WARN   Wiring.write_wire_scope: net not found
2026-10-07 02:14:29.892 WARN   Wiring.write_wire_scope: net not found
2026-10-07 02:14:29.892 WARN   Wiring.write_wire_scope: net not found
2026-10-07 02:14:29.892 WARN   Wiring.write_wire_scope: net not found
2026-10-07 02:14:29.892 WARN   Wiring.write_wire_scope: net not found
2026-10-07 02:14:29.892 WARN   Wiring.write_wire_scope: net not found
2026-10-07 02:14:29.892 WARN   Wiring.write_wire_scope: net not found
2026-10-07 02:14:29.892 WARN   Wiring.write_wire_scope: net not found
2026-10-07 02:14:29.892 WARN   Wiring.write_wire_scope: net not found
2026-10-07 02:14:29.892 WARN   Wiring.write_wire_scope: net not found
2026-10-07 02:14:29.892 WARN   Wiring.write_wire_scope: net not found
2026-10-07 02:14:29.892 WARN   Wiring.write_wire_scope: net not found
2026-10-07 02:14:29.892 WARN   Wiring.write_wire_scope: net not found
2026-10-07 02:14:29.892 WARN   Wiring.write_wire_scope: net not found
2026-10-07 02:14:29.892 WARN   Wiring.write_wire_scope: net not found
2026-10-07 02:14:29.892 WARN   Wiring.write_wire_scope: net not found
2026-10-07 02:14:29.892 WARN   Wiring.write_wire_scope: net not found
2026-10-07 02:14:29.892 WARN   Wiring.write_wire_scope: net not found
2026-10-07 02:14:29.892 WARN   Wiring.write_wire_scope: net not found
2026-10-07 02:14:29.892 WARN   Wiring.write_wire_scope: net not found
2026-10-07 02:14:29.892 WARN   Wiring.write_wire_scope: net not found
2026-10-07 02:14:29.892 WARN   Wiring.write_wire_scope: net not found
2026-10-07 02:14:29.892 WARN   Wiring.write_wire_scope: net not found
2026-10-07 02:14:29.892 WARN   Wiring.write_wire_scope: net not found
2026-10-07 02:14:29.892 WARN   Wiring.write_wire_scope: net not found
2026-10-07 02:14:29.892 WARN   Wiring.write_wire_scope: net not found
2026-10-07 02:14:29.892 WARN   Wiring.write_wire_scope: net not found
2026-10-07 02:14:29.892 WARN   Wiring.write_wire_scope: net not found
2026-10-07 02:14:29.892 WARN   Wiring.write_wire_scope: net not found
2026-10-07 02:14:29.892 WARN   Wiring.write_wire_scope: net not found
2026-10-07 02:14:29.892 WARN   Wiring.write_wire_scope: net not found
2026-10-07 02:14:29.892 WARN   Wiring.write_wire_scope: net not found
2026-10-07 02:14:29.892 WARN   Wiring.write_wire_scope: net not found
2026-10-07 02:14:29.892 WARN   Wiring.write_wire_scope: net not found
2026-10-07 02:14:29.892 WARN   Wiring.write_wire_scope: net not found
2026-10-07 02:14:29.892 WARN   Wiring.write_wire_scope: net not found
2026-10-07 02:14:29.892 WARN   Wiring.write_wire_scope: net not found
2026-10-07 02:14:29.892 WARN   Wiring.write_wire_scope: net not found
2026-10-07 02:14:29.892 WARN   Wiring.write_wire_scope: net not found
2026-10-07 02:14:29.892 WARN   Wiring.write_wire_scope: net not found
2026-10-07 02:14:29.892 WARN   Wiring.write_wire_scope: net not found
2026-10-07 02:14:29.892 WARN   Wiring.write_wire_scope: net not found
2026-10-07 02:14:29.892 WARN   Wiring.write_wire_scope: net not found
2026-10-07 02:14:29.892 WARN   Wiring.write_wire_scope: net not found
2026-10-07 02:14:29.892 WARN   Wiring.write_wire_scope: net not found
2026-10-07 02:14:29.892 WARN   Wiring.write_wire_scope: net not found
2026-10-07 02:14:29.892 WARN   Wiring.write_wire_scope: net not found
2026-10-07 02:14:29.892 WARN   Wiring.write_wire_scope: net not found
2026-10-07 02:14:29.892 WARN   Wiring.write_wire_scope: net not found
2026-10-07 02:14:29.892 WARN   Wiring.write_wire_scope: net not found
2026-10-07 02:14:29.892 WARN   Wiring.write_wire_scope: net not found
2026-10-07 02:14:29.892 WARN   Wiring.write_wire_scope: net not found
2026-10-07 02:14:29.892 WARN   Wiring.write_wire_scope: net not found
2026-10-07 02:14:29.892 WARN   Wiring.write_wire_scope: net not found
2026-10-07 02:14:29.892 WARN   Wiring.write_wire_scope: net not found
2026-10-07 02:14:29.892 WARN   Wiring.write_wire_scope: net not found
2026-10-07 02:14:29.892 WARN   Wiring.write_wire_scope: net not found
2026-10-07 02:14:29.892 WARN   Wiring.write_wire_scope: net not found
2026-10-07 02:14:29.892 WARN   Wiring.write_wire_scope: net not found
2026-10-07 02:14:29.892 WARN   Wiring.write_wire_scope: net not found
2026-10-07 02:14:29.892 WARN   Wiring.write_wire_scope: net not found
2026-10-07 02:14:29.892 WARN   Wiring.write_wire_scope: net not found
2026-10-07 02:14:29.892 WARN   Wiring.write_wire_scope: net not found
2026-10-07 02:14:29.892 WARN   Wiring.write_wire_scope: net not found
2026-10-07 02:14:29.892 WARN   Wiring.write_wire_scope: net not found
2026-10-07 02:14:29.892 WARN   Wiring.write_wire_scope: net not found
2026-10-07 02:14:29.892 WARN   Wiring.write_wire_scope: net not found
2026-10-07 02:14:29.892 WARN   Wiring.write_wire_scope: net not found
2026-10-07 02:14:29.892 WARN   Wiring.write_wire_scope: net not found
2026-10-07 02:14:29.892 WARN   Wiring.write_wire_scope: net not found
2026-10-07 02:14:29.892 WARN   Wiring.write_wire_scope: net not found
2026-10-07 02:14:29.892 WARN   Wiring.write_wire_scope: net not found
2026-10-07 02:14:29.892 WARN   Wiring.write_wire_scope: net not found
2026-10-07 02:14:29.892 WARN   Wiring.write_wire_scope: net not found
2026-10-07 02:14:29.892 WARN   Wiring.write_wire_scope: net not found
2026-10-07 02:14:32.355 WARN   Wiring.write_wire_scope: net not found
2026-10-07 02:14:32.355 WARN   Wiring.write_wire_scope: net not found
2026-10-07 02:14:32.355 WARN   Wiring.write_wire_scope: net not found
2026-10-07 02:14:32.355 WARN   Wiring.write_wire_scope: net not found
2026-10-07 02:14:32.355 WARN   Wiring.write_wire_scope: net not found
2026-10-07 02:14:32.355 WARN   Wiring.write_wire_scope: net not found
2026-10-07 02:14:32.355 WARN   Wiring.write_wire_scope: net not found
2026-10-07 02:14:32.355 WARN   Wiring.write_wire_scope: net not found
2026-10-07 02:14:32.355 WARN   Wiring.write_wire_scope: net not found
2026-10-07 02:14:32.355 WARN   Wiring.write_wire_scope: net not found
2026-10-07 02:14:32.355 WARN   Wiring.write_wire_scope: net not found
2026-10-07 02:14:32.355 WARN   Wiring.write_wire_scope: net not found
2026-10-07 02:14:32.355 WARN   Wiring.write_wire_scope: net not found
2026-10-07 02:14:32.355 WARN   Wiring.write_wire_scope: net not found
2026-10-07 02:14:32.355 WARN   Wiring.write_wire_scope: net not found
2026-10-07 02:14:32.355 WARN   Wiring.write_wire_scope: net not found
2026-10-07 02:14:32.355 WARN   Wiring.write_wire_scope: net not found
2026-10-07 02:14:32.355 WARN   Wiring.write_wire_scope: net not found
2026-10-07 02:14:32.355 WARN   Wiring.write_wire_scope: net not found
2026-10-07 02:14:32.355 WARN   Wiring.write_wire_scope: net not found
2026-10-07 02:14:32.355 WARN   Wiring.write_wire_scope: net not found
2026-10-07 02:14:32.355 WARN   Wiring.write_wire_scope: net not found
2026-10-07 02:14:32.355 WARN   Wiring.write_wire_scope: net not found
2026-10-07 02:14:32.355 WARN   Wiring.write_wire_scope: net not found
2026-10-07 02:14:32.355 WARN   Wiring.write_wire_scope: net not found
2026-10-07 02:14:32.355 WARN   Wiring.write_wire_scope: net not found
2026-10-07 02:14:32.355 WARN   Wiring.write_wire_scope: net not found
2026-10-07 02:14:32.355 WARN   Wiring.write_wire_scope: net not found
2026-10-07 02:14:32.355 WARN   Wiring.write_wire_scope: net not found
2026-10-07 02:14:32.355 WARN   Wiring.write_wire_scope: net not found
2026-10-07 02:14:32.355 WARN   Wiring.write_wire_scope: net not found
2026-10-07 02:14:32.355 WARN   Wiring.write_wire_scope: net not found
2026-10-07 02:14:32.355 WARN   Wiring.write_wire_scope: net not found
2026-10-07 02:14:32.355 WARN   Wiring.write_wire_scope: net not found
2026-10-07 02:14:32.355 WARN   Wiring.write_wire_scope: net not found
2026-10-07 02:14:32.355 WARN   Wiring.write_wire_scope: net not found
2026-10-07 02:14:32.355 WARN   Wiring.write_wire_scope: net not found
2026-10-07 02:14:32.355 WARN   Wiring.write_wire_scope: net not found
2026-10-07 02:14:32.355 WARN   Wiring.write_wire_scope: net not found
2026-10-07 02:14:32.355 WARN   Wiring.write_wire_scope: net not found
2026-10-07 02:14:32.355 WARN   Wiring.write_wire_scope: net not found
2026-10-07 02:14:32.355 WARN   Wiring.write_wire_scope: net not found
2026-10-07 02:14:32.355 WARN   Wiring.write_wire_scope: net not found
2026-10-07 02:14:32.355 WARN   Wiring.write_wire_scope: net not found
2026-10-07 02:14:32.355 WARN   Wiring.write_wire_scope: net not found
2026-10-07 02:14:32.355 WARN   Wiring.write_wire_scope: net not found
2026-10-07 02:14:32.355 WARN   Wiring.write_wire_scope: net not found
2026-10-07 02:14:32.355 WARN   Wiring.write_wire_scope: net not found
2026-10-07 02:14:32.355 WARN   Wiring.write_wire_scope: net not found
2026-10-07 02:14:32.355 WARN   Wiring.write_wire_scope: net not found
2026-10-07 02:14:32.355 WARN   Wiring.write_wire_scope: net not found
2026-10-07 02:14:32.355 WARN   Wiring.write_wire_scope: net not found
2026-10-07 02:14:32.355 WARN   Wiring.write_wire_scope: net not found
2026-10-07 02:14:32.355 WARN   Wiring.write_wire_scope: net not found
2026-10-07 02:14:32.355 WARN   Wiring.write_wire_scope: net not found
2026-10-07 02:14:32.355 WARN   Wiring.write_wire_scope: net not found
2026-10-07 02:14:32.355 WARN   Wiring.write_wire_scope: net not found
2026-10-07 02:14:32.355 WARN   Wiring.write_wire_scope: net not found
2026-10-07 02:14:32.355 WARN   Wiring.write_wire_scope: net not found
2026-10-07 02:14:32.355 WARN   Wiring.write_wire_scope: net not found
2026-10-07 02:14:32.355 WARN   Wiring.write_wire_scope: net not found
2026-10-07 02:14:32.355 WARN   Wiring.write_wire_scope: net not found
2026-10-07 02:14:32.355 WARN   Wiring.write_wire_scope: net not found
2026-10-07 02:14:32.355 WARN   Wiring.write_wire_scope: net not found
2026-10-07 02:14:32.355 WARN   Wiring.write_wire_scope: net not found
2026-10-07 02:14:32.355 WARN   Wiring.write_wire_scope: net not found
2026-10-07 02:14:32.355 WARN   Wiring.write_wire_scope: net not found
2026-10-07 02:14:32.355 WARN   Wiring.write_wire_scope: net not found
2026-10-07 02:14:32.355 WARN   Wiring.write_wire_scope: net not found
2026-10-07 02:14:32.355 WARN   Wiring.write_wire_scope: net not found
2026-10-07 02:14:32.355 WARN   Wiring.write_wire_scope: net not found
2026-10-07 02:14:32.355 WARN   Wiring.write_wire_scope: net not found
2026-10-07 02:14:32.355 WARN   Wiring.write_wire_scope: net not found
2026-10-07 02:14:32.355 WARN   Wiring.write_wire_scope: net not found
2026-10-07 02:14:32.355 WARN   Wiring.write_wire_scope: net not found
2026-10-07 02:14:32.355 WARN   Wiring.write_wire_scope: net not found
2026-10-07 02:14:32.355 WARN   Wiring.write_wire_scope: net not found
2026-10-07 02:14:32.355 WARN   Wiring.write_wire_scope: net not found
2026-10-07 02:14:32.355 WARN   Wiring.write_wire_scope: net not found
2026-10-07 02:14:32.355 WARN   Wiring.write_wire_scope: net not found
2026-10-07 02:14:32.355 WARN   Wiring.write_wire_scope: net not found
2026-10-07 02:14:32.355 WARN   Wiring.write_wire_scope: net not found
2026-10-07 02:14:32.355 WARN   Wiring.write_wire_scope: net not found
2026-10-07 02:14:32.355 WARN   Wiring.write_wire_scope: net not found
2026-10-07 02:14:32.355 WARN   Wiring.write_wire_scope: net not found
2026-10-07 02:14:32.355 WARN   Wiring.write_wire_scope: net not found
2026-10-07 02:14:32.355 WARN   Wiring.write_wire_scope: net not found
2026-10-07 02:14:32.355 WARN   Wiring.write_wire_scope: net not found
2026-10-07 02:14:32.355 WARN   Wiring.write_wire_scope: net not found
2026-10-07 02:14:32.355 WARN   Wiring.write_wire_scope: net not found
2026-10-07 02:14:32.355 WARN   Wiring.write_wire_scope: net not found
2026-10-07 02:14:32.355 WARN   Wiring.write_wire_scope: net not found
2026-10-07 02:14:32.355 WARN   Wiring.write_wire_scope: net not found
2026-10-07 02:14:32.355 WARN   Wiring.write_wire_scope: net not found
2026-10-07 02:14:32.355 WARN   Wiring.write_wire_scope: net not found
2026-10-07 02:14:32.355 WARN   Wiring.write_wire_scope: net not found
2026-10-07 02:14:32.355 WARN   Wiring.write_wire_scope: net not found
2026-10-07 02:14:32.355 WARN   Wiring.write_wire_scope: net not found
2026-10-07 02:14:32.355 WARN   Wiring.write_wire_scope: net not found
2026-10-07 02:14:32.355 WARN   Wiring.write_wire_scope: net not found
2026-10-07 02:14:32.355 WARN   Wiring.write_wire_scope: net not found
2026-10-07 02:14:32.355 WARN   Wiring.write_wire_scope: net not found
2026-10-07 02:14:32.355 WARN   Wiring.write_wire_scope: net not found
2026-10-07 02:14:32.355 WARN   Wiring.write_wire_scope: net not found
2026-10-07 02:14:32.355 WARN   Wiring.write_wire_scope: net not found
2026-10-07 02:14:32.355 WARN   Wiring.write_wire_scope: net not found
2026-10-07 02:14:32.355 WARN   Wiring.write_wire_scope: net not found
2026-10-07 02:14:32.355 WARN   Wiring.write_wire_scope: net not found
2026-10-07 02:14:32.355 WARN   Wiring.write_wire_scope: net not found
2026-10-07 02:14:32.355 WARN   Wiring.write_wire_scope: net not found
2026-10-07 02:14:32.355 WARN   Wiring.write_wire_scope: net not found
2026-10-07 02:14:32.355 WARN   Wiring.write_wire_scope: net not found
2026-10-07 02:14:32.355 WARN   Wiring.write_wire_scope: net not found
2026-10-07 02:14:32.355 WARN   Wiring.write_wire_scope: net not found
2026-10-07 02:14:32.355 WARN   Wiring.write_wire_scope: net not found
2026-10-07 02:14:32.355 WARN   Wiring.write_wire_scope: net not found
2026-10-07 02:14:32.355 WARN   Wiring.write_wire_scope: net not found
2026-10-07 02:14:32.355 WARN   Wiring.write_wire_scope: net not found
2026-10-07 02:14:32.355 WARN   Wiring.write_wire_scope: net not found
2026-10-07 02:14:32.355 WARN   Wiring.write_wire_scope: net not found
2026-10-07 02:14:32.355 WARN   Wiring.write_wire_scope: net not found
2026-10-07 02:14:32.355 WARN   Wiring.write_wire_scope: net not found
2026-10-07 02:14:32.355 WARN   Wiring.write_wire_scope: net not found
2026-10-07 02:14:32.355 WARN   Wiring.write_wire_scope: net not found
2026-10-07 02:14:32.355 WARN   Wiring.write_wire_scope: net not found
2026-10-07 02:14:32.355 WARN   Wiring.write_wire_scope: net not found
2026-10-07 02:14:32.355 WARN   Wiring.write_wire_scope: net not found
2026-10-07 02:14:32.355 WARN   Wiring.write_wire_scope: net not found
2026-10-07 02:14:32.355 WARN   Wiring.write_wire_scope: net not found
2026-10-07 02:14:32.355 WARN   Wiring.write_wire_scope: net not found
2026-10-07 02:14:32.355 WARN   Wiring.write_wire_scope: net not found
2026-10-07 02:14:32.355 WARN   Wiring.write_wire_scope: net not found
2026-10-07 02:14:32.355 WARN   Wiring.write_wire_scope: net not found
2026-10-07 02:14:32.355 WARN   Wiring.write_wire_scope: net not found
2026-10-07 02:14:32.355 WARN   Wiring.write_wire_scope: net not found
2026-10-07 02:14:32.355 WARN   Wiring.write_wire_scope: net not found
2026-10-07 02:14:32.355 WARN   Wiring.write_wire_scope: net not found
2026-10-07 02:14:32.449 WARN   Wiring.write_wire_scope: net not found
2026-10-07 02:14:32.450 WARN   Wiring.write_wire_scope: net not found
2026-10-07 02:14:32.450 WARN   Wiring.write_wire_scope: net not found
2026-10-07 02:14:32.450 WARN   Wiring.write_wire_scope: net not found
2026-10-07 02:14:32.450 WARN   Wiring.write_wire_scope: net not found
2026-10-07 02:14:32.450 WARN   Wiring.write_wire_scope: net not found
2026-10-07 02:14:32.450 WARN   Wiring.write_wire_scope: net not found
2026-10-07 02:14:32.450 WARN   Wiring.write_wire_scope: net not found
2026-10-07 02:14:32.450 WARN   Wiring.write_wire_scope: net not found
2026-10-07 02:14:32.450 WARN   Wiring.write_wire_scope: net not found
2026-10-07 02:14:32.450 WARN   Wiring.write_wire_scope: net not found
2026-10-07 02:14:32.450 WARN   Wiring.write_wire_scope: net not found
2026-10-07 02:14:32.450 WARN   Wiring.write_wire_scope: net not found
2026-10-07 02:14:32.450 WARN   Wiring.write_wire_scope: net not found
2026-10-07 02:14:32.450 WARN   Wiring.write_wire_scope: net not found
2026-10-07 02:14:32.450 WARN   Wiring.write_wire_scope: net not found
2026-10-07 02:14:32.450 WARN   Wiring.write_wire_scope: net not found
2026-10-07 02:14:32.450 WARN   Wiring.write_wire_scope: net not found
2026-10-07 02:14:32.450 WARN   Wiring.write_wire_scope: net not found
2026-10-07 02:14:32.450 WARN   Wiring.write_wire_scope: net not found
2026-10-07 02:14:32.450 WARN   Wiring.write_wire_scope: net not found
2026-10-07 02:14:32.450 WARN   Wiring.write_wire_scope: net not found
2026-10-07 02:14:32.450 WARN   Wiring.write_wire_scope: net not found
2026-10-07 02:14:32.450 WARN   Wiring.write_wire_scope: net not found
2026-10-07 02:14:32.450 WARN   Wiring.write_wire_scope: net not found
2026-10-07 02:14:32.450 WARN   Wiring.write_wire_scope: net not found
2026-10-07 02:14:32.450 WARN   Wiring.write_wire_scope: net not found
2026-10-07 02:14:32.450 WARN   Wiring.write_wire_scope: net not found
2026-10-07 02:14:32.450 WARN   Wiring.write_wire_scope: net not found
2026-10-07 02:14:32.450 WARN   Wiring.write_wire_scope: net not found
2026-10-07 02:14:32.450 WARN   Wiring.write_wire_scope: net not found
2026-10-07 02:14:32.450 WARN   Wiring.write_wire_scope: net not found
2026-10-07 02:14:32.450 WARN   Wiring.write_wire_scope: net not found
2026-10-07 02:14:32.450 WARN   Wiring.write_wire_scope: net not found
2026-10-07 02:14:32.450 WARN   Wiring.write_wire_scope: net not found
2026-10-07 02:14:32.450 WARN   Wiring.write_wire_scope: net not found
2026-10-07 02:14:32.450 WARN   Wiring.write_wire_scope: net not found
2026-10-07 02:14:32.450 WARN   Wiring.write_wire_scope: net not found
2026-10-07 02:14:32.450 WARN   Wiring.write_wire_scope: net not found
2026-10-07 02:14:32.450 WARN   Wiring.write_wire_scope: net not found
2026-10-07 02:14:32.450 WARN   Wiring.write_wire_scope: net not found
2026-10-07 02:14:32.450 WARN   Wiring.write_wire_scope: net not found
2026-10-07 02:14:32.450 WARN   Wiring.write_wire_scope: net not found
2026-10-07 02:14:32.450 WARN   Wiring.write_wire_scope: net not found
2026-10-07 02:14:32.450 WARN   Wiring.write_wire_scope: net not found
2026-10-07 02:14:32.450 WARN   Wiring.write_wire_scope: net not found
2026-10-07 02:14:32.450 WARN   Wiring.write_wire_scope: net not found
2026-10-07 02:14:32.450 WARN   Wiring.write_wire_scope: net not found
2026-10-07 02:14:32.450 WARN   Wiring.write_wire_scope: net not found
2026-10-07 02:14:32.450 WARN   Wiring.write_wire_scope: net not found
2026-10-07 02:14:32.450 WARN   Wiring.write_wire_scope: net not found
2026-10-07 02:14:32.450 WARN   Wiring.write_wire_scope: net not found
2026-10-07 02:14:32.450 WARN   Wiring.write_wire_scope: net not found
2026-10-07 02:14:32.450 WARN   Wiring.write_wire_scope: net not found
2026-10-07 02:14:32.450 WARN   Wiring.write_wire_scope: net not found
2026-10-07 02:14:32.450 WARN   Wiring.write_wire_scope: net not found
2026-10-07 02:14:32.450 WARN   Wiring.write_wire_scope: net not found
2026-10-07 02:14:32.450 WARN   Wiring.write_wire_scope: net not found
2026-10-07 02:14:32.450 WARN   Wiring.write_wire_scope: net not found
2026-10-07 02:14:32.450 WARN   Wiring.write_wire_scope: net not found
2026-10-07 02:14:32.450 WARN   Wiring.write_wire_scope: net not found
2026-10-07 02:14:32.450 WARN   Wiring.write_wire_scope: net not found
2026-10-07 02:14:32.450 WARN   Wiring.write_wire_scope: net not found
2026-10-07 02:14:32.450 WARN   Wiring.write_wire_scope: net not found
2026-10-07 02:14:32.450 WARN   Wiring.write_wire_scope: net not found
2026-10-07 02:14:32.450 WARN   Wiring.write_wire_scope: net not found
2026-10-07 02:14:32.450 WARN   Wiring.write_wire_scope: net not found
2026-10-07 02:14:32.450 WARN   Wiring.write_wire_scope: net not found
2026-10-07 02:14:32.450 WARN   Wiring.write_wire_scope: net not found
2026-10-07 02:14:32.450 WARN   Wiring.write_wire_scope: net not found
2026-10-07 02:14:32.450 WARN   Wiring.write_wire_scope: net not found
2026-10-07 02:14:32.450 WARN   Wiring.write_wire_scope: net not found
2026-10-07 02:14:32.450 WARN   Wiring.write_wire_scope: net not found
2026-10-07 02:14:32.450 WARN   Wiring.write_wire_scope: net not found
2026-10-07 02:14:32.450 WARN   Wiring.write_wire_scope: net not found
2026-10-07 02:14:32.450 WARN   Wiring.write_wire_scope: net not found
2026-10-07 02:14:32.450 WARN   Wiring.write_wire_scope: net not found
2026-10-07 02:14:32.450 WARN   Wiring.write_wire_scope: net not found
2026-10-07 02:14:32.450 WARN   Wiring.write_wire_scope: net not found
2026-10-07 02:14:32.450 WARN   Wiring.write_wire_scope: net not found
2026-10-07 02:14:32.450 WARN   Wiring.write_wire_scope: net not found
2026-10-07 02:14:32.450 WARN   Wiring.write_wire_scope: net not found
2026-10-07 02:14:32.450 WARN   Wiring.write_wire_scope: net not found
2026-10-07 02:14:32.450 WARN   Wiring.write_wire_scope: net not found
2026-10-07 02:14:32.450 WARN   Wiring.write_wire_scope: net not found
2026-10-07 02:14:32.450 WARN   Wiring.write_wire_scope: net not found
2026-10-07 02:14:32.450 WARN   Wiring.write_wire_scope: net not found
2026-10-07 02:14:32.450 WARN   Wiring.write_wire_scope: net not found
2026-10-07 02:14:32.450 WARN   Wiring.write_wire_scope: net not found
2026-10-07 02:14:32.450 WARN   Wiring.write_wire_scope: net not found
2026-10-07 02:14:32.450 WARN   Wiring.write_wire_scope: net not found
2026-10-07 02:14:32.450 WARN   Wiring.write_wire_scope: net not found
2026-10-07 02:14:32.450 WARN   Wiring.write_wire_scope: net not found
2026-10-07 02:14:32.450 WARN   Wiring.write_wire_scope: net not found
2026-10-07 02:14:32.450 WARN   Wiring.write_wire_scope: net not found
2026-10-07 02:14:32.450 WARN   Wiring.write_wire_scope: net not found
2026-10-07 02:14:32.450 WARN   Wiring.write_wire_scope: net not found
2026-10-07 02:14:32.450 WARN   Wiring.write_wire_scope: net not found
2026-10-07 02:14:32.450 WARN   Wiring.write_wire_scope: net not found
2026-10-07 02:14:32.450 WARN   Wiring.write_wire_scope: net not found
2026-10-07 02:14:32.450 WARN   Wiring.write_wire_scope: net not found
2026-10-07 02:14:32.450 WARN   Wiring.write_wire_scope: net not found
2026-10-07 02:14:32.450 WARN   Wiring.write_wire_scope: net not found
2026-10-07 02:14:32.450 WARN   Wiring.write_wire_scope: net not found
2026-10-07 02:14:32.450 WARN   Wiring.write_wire_scope: net not found
2026-10-07 02:14:32.450 WARN   Wiring.write_wire_scope: net not found
2026-10-07 02:14:32.450 WARN   Wiring.write_wire_scope: net not found
2026-10-07 02:14:32.450 WARN   Wiring.write_wire_scope: net not found
2026-10-07 02:14:32.450 WARN   Wiring.write_wire_scope: net not found
2026-10-07 02:14:32.450 WARN   Wiring.write_wire_scope: net not found
2026-10-07 02:14:32.450 WARN   Wiring.write_wire_scope: net not found
2026-10-07 02:14:32.450 WARN   Wiring.write_wire_scope: net not found
2026-10-07 02:14:32.450 WARN   Wiring.write_wire_scope: net not found
2026-10-07 02:14:32.450 WARN   Wiring.write_wire_scope: net not found
2026-10-07 02:14:32.450 WARN   Wiring.write_wire_scope: net not found
2026-10-07 02:14:32.450 WARN   Wiring.write_wire_scope: net not found
2026-10-07 02:14:32.450 WARN   Wiring.write_wire_scope: net not found
2026-10-07 02:14:32.450 WARN   Wiring.write_wire_scope: net not found
2026-10-07 02:14:32.450 WARN   Wiring.write_wire_scope: net not found
2026-10-07 02:14:32.450 WARN   Wiring.write_wire_scope: net not found
2026-10-07 02:14:32.450 WARN   Wiring.write_wire_scope: net not found
2026-10-07 02:14:32.450 WARN   Wiring.write_wire_scope: net not found
2026-10-07 02:14:32.450 WARN   Wiring.write_wire_scope: net not found
2026-10-07 02:14:32.450 WARN   Wiring.write_wire_scope: net not found
2026-10-07 02:14:32.450 WARN   Wiring.write_wire_scope: net not found
2026-10-07 02:14:32.450 WARN   Wiring.write_wire_scope: net not found
2026-10-07 02:14:32.450 WARN   Wiring.write_wire_scope: net not found
2026-10-07 02:14:32.450 WARN   Wiring.write_wire_scope: net not found
2026-10-07 02:14:32.450 WARN   Wiring.write_wire_scope: net not found
2026-10-07 02:14:32.450 WARN   Wiring.write_wire_scope: net not found
2026-10-07 02:14:32.450 WARN   Wiring.write_wire_scope: net not found
2026-10-07 02:14:32.450 WARN   Wiring.write_wire_scope: net not found
2026-10-07 02:14:32.450 WARN   Wiring.write_wire_scope: net not found
2026-10-07 02:14:32.450 WARN   Wiring.write_wire_scope: net not found
2026-10-07 02:14:32.450 WARN   Wiring.write_wire_scope: net not found
2026-10-07 02:14:32.450 WARN   Wiring.write_wire_scope: net not found
2026-10-07 02:14:32.450 WARN   Wiring.write_wire_scope: net not found
2026-10-07 02:14:32.480 INFO   [35A8BF\13C408] Auto-routing pass #1 on board '47d9c44527b1a46ffbab8a326f7f1ec0' was completed in 9.25 seconds with score 353.89 (12 unrouted and 257 violations), using 9.73 CPU seconds and the job allocated 10.42 GB of memory so far.
2026-10-07 02:14:32.578 INFO   [35A8BF\13C408] Auto-routing stage completed: started with 25 unrouted nets, completed in 10.19 seconds, final score: 353.89 (12 unrouted and 257 violations), using 9.73 total CPU seconds, 10.42 GB total allocated, and 512.4 MB peak heap usage.
2026-10-07 02:14:32.616 INFO   [35A8BF\13C408] Skipping optimization stage: the board has 12 unrouted connection(s) (optimizer only runs on completely routed boards).
2026-10-07 02:14:32.647 WARN   Wiring.write_wire_scope: net not found
2026-10-07 02:14:32.647 WARN   Wiring.write_wire_scope: net not found
2026-10-07 02:14:32.647 WARN   Wiring.write_wire_scope: net not found
2026-10-07 02:14:32.647 WARN   Wiring.write_wire_scope: net not found
2026-10-07 02:14:32.647 WARN   Wiring.write_wire_scope: net not found
2026-10-07 02:14:32.647 WARN   Wiring.write_wire_scope: net not found
2026-10-07 02:14:32.647 WARN   Wiring.write_wire_scope: net not found
2026-10-07 02:14:32.647 WARN   Wiring.write_wire_scope: net not found
2026-10-07 02:14:32.647 WARN   Wiring.write_wire_scope: net not found
2026-10-07 02:14:32.647 WARN   Wiring.write_wire_scope: net not found
2026-10-07 02:14:32.647 WARN   Wiring.write_wire_scope: net not found
2026-10-07 02:14:32.647 WARN   Wiring.write_wire_scope: net not found
2026-10-07 02:14:32.647 WARN   Wiring.write_wire_scope: net not found
2026-10-07 02:14:32.647 WARN   Wiring.write_wire_scope: net not found
2026-10-07 02:14:32.647 WARN   Wiring.write_wire_scope: net not found
2026-10-07 02:14:32.647 WARN   Wiring.write_wire_scope: net not found
2026-10-07 02:14:32.647 WARN   Wiring.write_wire_scope: net not found
2026-10-07 02:14:32.647 WARN   Wiring.write_wire_scope: net not found
2026-10-07 02:14:32.647 WARN   Wiring.write_wire_scope: net not found
2026-10-07 02:14:32.647 WARN   Wiring.write_wire_scope: net not found
2026-10-07 02:14:32.647 WARN   Wiring.write_wire_scope: net not found
2026-10-07 02:14:32.647 WARN   Wiring.write_wire_scope: net not found
2026-10-07 02:14:32.647 WARN   Wiring.write_wire_scope: net not found
2026-10-07 02:14:32.647 WARN   Wiring.write_wire_scope: net not found
2026-10-07 02:14:32.647 WARN   Wiring.write_wire_scope: net not found
2026-10-07 02:14:32.647 WARN   Wiring.write_wire_scope: net not found
2026-10-07 02:14:32.647 WARN   Wiring.write_wire_scope: net not found
2026-10-07 02:14:32.647 WARN   Wiring.write_wire_scope: net not found
2026-10-07 02:14:32.647 WARN   Wiring.write_wire_scope: net not found
2026-10-07 02:14:32.647 WARN   Wiring.write_wire_scope: net not found
2026-10-07 02:14:32.647 WARN   Wiring.write_wire_scope: net not found
2026-10-07 02:14:32.647 WARN   Wiring.write_wire_scope: net not found
2026-10-07 02:14:32.647 WARN   Wiring.write_wire_scope: net not found
2026-10-07 02:14:32.647 WARN   Wiring.write_wire_scope: net not found
2026-10-07 02:14:32.647 WARN   Wiring.write_wire_scope: net not found
2026-10-07 02:14:32.647 WARN   Wiring.write_wire_scope: net not found
2026-10-07 02:14:32.647 WARN   Wiring.write_wire_scope: net not found
2026-10-07 02:14:32.647 WARN   Wiring.write_wire_scope: net not found
2026-10-07 02:14:32.647 WARN   Wiring.write_wire_scope: net not found
2026-10-07 02:14:32.647 WARN   Wiring.write_wire_scope: net not found
2026-10-07 02:14:32.647 WARN   Wiring.write_wire_scope: net not found
2026-10-07 02:14:32.647 WARN   Wiring.write_wire_scope: net not found
2026-10-07 02:14:32.647 WARN   Wiring.write_wire_scope: net not found
2026-10-07 02:14:32.647 WARN   Wiring.write_wire_scope: net not found
2026-10-07 02:14:32.647 WARN   Wiring.write_wire_scope: net not found
2026-10-07 02:14:32.647 WARN   Wiring.write_wire_scope: net not found
2026-10-07 02:14:32.647 WARN   Wiring.write_wire_scope: net not found
2026-10-07 02:14:32.647 WARN   Wiring.write_wire_scope: net not found
2026-10-07 02:14:32.647 WARN   Wiring.write_wire_scope: net not found
2026-10-07 02:14:32.647 WARN   Wiring.write_wire_scope: net not found
2026-10-07 02:14:32.647 WARN   Wiring.write_wire_scope: net not found
2026-10-07 02:14:32.647 WARN   Wiring.write_wire_scope: net not found
2026-10-07 02:14:32.647 WARN   Wiring.write_wire_scope: net not found
2026-10-07 02:14:32.647 WARN   Wiring.write_wire_scope: net not found
2026-10-07 02:14:32.647 WARN   Wiring.write_wire_scope: net not found
2026-10-07 02:14:32.647 WARN   Wiring.write_wire_scope: net not found
2026-10-07 02:14:32.647 WARN   Wiring.write_wire_scope: net not found
2026-10-07 02:14:32.647 WARN   Wiring.write_wire_scope: net not found
2026-10-07 02:14:32.647 WARN   Wiring.write_wire_scope: net not found
2026-10-07 02:14:32.647 WARN   Wiring.write_wire_scope: net not found
2026-10-07 02:14:32.647 WARN   Wiring.write_wire_scope: net not found
2026-10-07 02:14:32.647 WARN   Wiring.write_wire_scope: net not found
2026-10-07 02:14:32.647 WARN   Wiring.write_wire_scope: net not found
2026-10-07 02:14:32.647 WARN   Wiring.write_wire_scope: net not found
2026-10-07 02:14:32.647 WARN   Wiring.write_wire_scope: net not found
2026-10-07 02:14:32.647 WARN   Wiring.write_wire_scope: net not found
2026-10-07 02:14:32.647 WARN   Wiring.write_wire_scope: net not found
2026-10-07 02:14:32.647 WARN   Wiring.write_wire_scope: net not found
2026-10-07 02:14:32.647 WARN   Wiring.write_wire_scope: net not found
2026-10-07 02:14:32.647 WARN   Wiring.write_wire_scope: net not found
2026-10-07 02:14:32.647 WARN   Wiring.write_wire_scope: net not found
2026-10-07 02:14:32.647 WARN   Wiring.write_wire_scope: net not found
2026-10-07 02:14:32.647 WARN   Wiring.write_wire_scope: net not found
2026-10-07 02:14:32.647 WARN   Wiring.write_wire_scope: net not found
2026-10-07 02:14:32.647 WARN   Wiring.write_wire_scope: net not found
2026-10-07 02:14:32.647 WARN   Wiring.write_wire_scope: net not found
2026-10-07 02:14:32.647 WARN   Wiring.write_wire_scope: net not found
2026-10-07 02:14:32.647 WARN   Wiring.write_wire_scope: net not found
2026-10-07 02:14:32.647 WARN   Wiring.write_wire_scope: net not found
2026-10-07 02:14:32.647 WARN   Wiring.write_wire_scope: net not found
2026-10-07 02:14:32.647 WARN   Wiring.write_wire_scope: net not found
2026-10-07 02:14:32.647 WARN   Wiring.write_wire_scope: net not found
2026-10-07 02:14:32.647 WARN   Wiring.write_wire_scope: net not found
2026-10-07 02:14:32.647 WARN   Wiring.write_wire_scope: net not found
2026-10-07 02:14:32.647 WARN   Wiring.write_wire_scope: net not found
2026-10-07 02:14:32.647 WARN   Wiring.write_wire_scope: net not found
2026-10-07 02:14:32.647 WARN   Wiring.write_wire_scope: net not found
2026-10-07 02:14:32.647 WARN   Wiring.write_wire_scope: net not found
2026-10-07 02:14:32.647 WARN   Wiring.write_wire_scope: net not found
2026-10-07 02:14:32.647 WARN   Wiring.write_wire_scope: net not found
2026-10-07 02:14:32.647 WARN   Wiring.write_wire_scope: net not found
2026-10-07 02:14:32.647 WARN   Wiring.write_wire_scope: net not found
2026-10-07 02:14:32.647 WARN   Wiring.write_wire_scope: net not found
2026-10-07 02:14:32.647 WARN   Wiring.write_wire_scope: net not found
2026-10-07 02:14:32.647 WARN   Wiring.write_wire_scope: net not found
2026-10-07 02:14:32.647 WARN   Wiring.write_wire_scope: net not found
2026-10-07 02:14:32.647 WARN   Wiring.write_wire_scope: net not found
2026-10-07 02:14:32.647 WARN   Wiring.write_wire_scope: net not found
2026-10-07 02:14:32.647 WARN   Wiring.write_wire_scope: net not found
2026-10-07 02:14:32.647 WARN   Wiring.write_wire_scope: net not found
2026-10-07 02:14:32.647 WARN   Wiring.write_wire_scope: net not found
2026-10-07 02:14:32.647 WARN   Wiring.write_wire_scope: net not found
2026-10-07 02:14:32.647 WARN   Wiring.write_wire_scope: net not found
2026-10-07 02:14:32.647 WARN   Wiring.write_wire_scope: net not found
2026-10-07 02:14:32.647 WARN   Wiring.write_wire_scope: net not found
2026-10-07 02:14:32.647 WARN   Wiring.write_wire_scope: net not found
2026-10-07 02:14:32.647 WARN   Wiring.write_wire_scope: net not found
2026-10-07 02:14:32.647 WARN   Wiring.write_wire_scope: net not found
2026-10-07 02:14:32.647 WARN   Wiring.write_wire_scope: net not found
2026-10-07 02:14:32.647 WARN   Wiring.write_wire_scope: net not found
2026-10-07 02:14:32.647 WARN   Wiring.write_wire_scope: net not found
2026-10-07 02:14:32.647 WARN   Wiring.write_wire_scope: net not found
2026-10-07 02:14:32.647 WARN   Wiring.write_wire_scope: net not found
2026-10-07 02:14:32.647 WARN   Wiring.write_wire_scope: net not found
2026-10-07 02:14:32.647 WARN   Wiring.write_wire_scope: net not found
2026-10-07 02:14:32.647 WARN   Wiring.write_wire_scope: net not found
2026-10-07 02:14:32.647 WARN   Wiring.write_wire_scope: net not found
2026-10-07 02:14:32.647 WARN   Wiring.write_wire_scope: net not found
2026-10-07 02:14:32.647 WARN   Wiring.write_wire_scope: net not found
2026-10-07 02:14:32.647 WARN   Wiring.write_wire_scope: net not found
2026-10-07 02:14:32.647 WARN   Wiring.write_wire_scope: net not found
2026-10-07 02:14:32.647 WARN   Wiring.write_wire_scope: net not found
2026-10-07 02:14:32.647 WARN   Wiring.write_wire_scope: net not found
2026-10-07 02:14:32.647 WARN   Wiring.write_wire_scope: net not found
2026-10-07 02:14:32.647 WARN   Wiring.write_wire_scope: net not found
2026-10-07 02:14:32.647 WARN   Wiring.write_wire_scope: net not found
2026-10-07 02:14:32.647 WARN   Wiring.write_wire_scope: net not found
2026-10-07 02:14:32.647 WARN   Wiring.write_wire_scope: net not found
2026-10-07 02:14:32.647 WARN   Wiring.write_wire_scope: net not found
2026-10-07 02:14:32.647 WARN   Wiring.write_wire_scope: net not found
2026-10-07 02:14:32.647 WARN   Wiring.write_wire_scope: net not found
2026-10-07 02:14:32.647 WARN   Wiring.write_wire_scope: net not found
2026-10-07 02:14:32.647 WARN   Wiring.write_wire_scope: net not found
2026-10-07 02:14:32.647 WARN   Wiring.write_wire_scope: net not found
2026-10-07 02:14:32.647 WARN   Wiring.write_wire_scope: net not found
2026-10-07 02:14:32.647 WARN   Wiring.write_wire_scope: net not found
2026-10-07 02:14:32.647 WARN   Wiring.write_wire_scope: net not found
2026-10-07 02:14:32.648 INFO   [35A8BF\13C408] Job '35A8BF\13C408' finished with state: COMPLETED (elapsed: 10.45 seconds, finished at UTC: 2026-10-06T15:14:32.648202908Z).
2026-10-07 02:14:32.686 INFO   Saving output file '/home/chithi/Desktop/DesktopSpeaker/ai-files/pcb/work-p1/C3-c4.ses' (SES)...
2026-10-07 02:14:32.688 INFO   Successfully saved output file '/home/chithi/Desktop/DesktopSpeaker/ai-files/pcb/work-p1/C3-c4.ses' (26238 bytes).
