2026-10-07 02:14:43.405 INFO   Freerouting v2.5.0 (build-date: 2026-10-05)
2026-10-07 02:14:43.685 INFO   Hardware: 24 CPU cores, 561 CPU score, 16056 MB RAM
2026-10-07 02:14:43.686 WARN   Deprecated settings path '-mp / --router.max_passes'; use '--router.autorouter.max_passes' instead. The old path will be removed in a future release.
2026-10-07 02:14:43.686 WARN   Couldn't get screen resolution. If you are running in a headless environment, disable the GUI by setting gui.enabled to false.
2026-10-07 02:14:44.713 WARN   Deprecated settings path 'router.max_passes'; use 'router.autorouter.max_passes' instead. The old path will be removed in a future release.
2026-10-07 02:14:44.973 INFO   [DBE365\4FD394] Loading board file 'K1-c4.dsn'...
2026-10-07 02:14:45.106 WARN   DSN file 'K1-c4.dsn' was loaded with 1 warning(s).
2026-10-07 02:14:45.179 INFO   [DBE365\4FD394] Job 'DBE365\4FD394' started at 2026-10-06T15:14:45.179687959Z.
2026-10-07 02:14:45.246 WARN   Wiring.write_wire_scope: net not found
2026-10-07 02:14:45.247 WARN   Wiring.write_wire_scope: net not found
2026-10-07 02:14:45.247 WARN   Wiring.write_wire_scope: net not found
2026-10-07 02:14:45.247 WARN   Wiring.write_wire_scope: net not found
2026-10-07 02:14:45.247 WARN   Wiring.write_wire_scope: net not found
2026-10-07 02:14:45.247 WARN   Wiring.write_wire_scope: net not found
2026-10-07 02:14:45.247 WARN   Wiring.write_wire_scope: net not found
2026-10-07 02:14:45.247 WARN   Wiring.write_wire_scope: net not found
2026-10-07 02:14:45.247 WARN   Wiring.write_wire_scope: net not found
2026-10-07 02:14:45.247 WARN   Wiring.write_wire_scope: net not found
2026-10-07 02:14:45.247 WARN   Wiring.write_wire_scope: net not found
2026-10-07 02:14:45.247 WARN   Wiring.write_wire_scope: net not found
2026-10-07 02:14:45.247 WARN   Wiring.write_wire_scope: net not found
2026-10-07 02:14:45.247 WARN   Wiring.write_wire_scope: net not found
2026-10-07 02:14:45.247 WARN   Wiring.write_wire_scope: net not found
2026-10-07 02:14:45.247 WARN   Wiring.write_wire_scope: net not found
2026-10-07 02:14:45.248 WARN   Wiring.write_wire_scope: net not found
2026-10-07 02:14:45.248 WARN   Wiring.write_wire_scope: net not found
2026-10-07 02:14:45.248 WARN   Wiring.write_wire_scope: net not found
2026-10-07 02:14:45.248 WARN   Wiring.write_wire_scope: net not found
2026-10-07 02:14:45.248 WARN   Wiring.write_wire_scope: net not found
2026-10-07 02:14:45.248 WARN   Wiring.write_wire_scope: net not found
2026-10-07 02:14:45.248 WARN   Wiring.write_wire_scope: net not found
2026-10-07 02:14:45.248 WARN   Wiring.write_wire_scope: net not found
2026-10-07 02:14:45.248 WARN   Wiring.write_wire_scope: net not found
2026-10-07 02:14:45.248 WARN   Wiring.write_wire_scope: net not found
2026-10-07 02:14:45.248 WARN   Wiring.write_wire_scope: net not found
2026-10-07 02:14:45.248 WARN   Wiring.write_wire_scope: net not found
2026-10-07 02:14:45.248 WARN   Wiring.write_wire_scope: net not found
2026-10-07 02:14:45.248 WARN   Wiring.write_wire_scope: net not found
2026-10-07 02:14:45.248 WARN   Wiring.write_wire_scope: net not found
2026-10-07 02:14:45.248 WARN   Wiring.write_wire_scope: net not found
2026-10-07 02:14:45.248 WARN   Wiring.write_wire_scope: net not found
2026-10-07 02:14:45.248 WARN   Wiring.write_wire_scope: net not found
2026-10-07 02:14:45.248 WARN   Wiring.write_wire_scope: net not found
2026-10-07 02:14:45.249 WARN   Wiring.write_wire_scope: net not found
2026-10-07 02:14:45.249 WARN   Wiring.write_wire_scope: net not found
2026-10-07 02:14:45.249 WARN   Wiring.write_wire_scope: net not found
2026-10-07 02:14:45.249 WARN   Wiring.write_wire_scope: net not found
2026-10-07 02:14:45.249 WARN   Wiring.write_wire_scope: net not found
2026-10-07 02:14:45.249 WARN   Wiring.write_wire_scope: net not found
2026-10-07 02:14:45.249 WARN   Wiring.write_wire_scope: net not found
2026-10-07 02:14:45.249 WARN   Wiring.write_wire_scope: net not found
2026-10-07 02:14:45.249 WARN   Wiring.write_wire_scope: net not found
2026-10-07 02:14:45.249 WARN   Wiring.write_wire_scope: net not found
2026-10-07 02:14:45.249 WARN   Wiring.write_wire_scope: net not found
2026-10-07 02:14:45.249 WARN   Wiring.write_wire_scope: net not found
2026-10-07 02:14:45.249 WARN   Wiring.write_wire_scope: net not found
2026-10-07 02:14:45.249 WARN   Wiring.write_wire_scope: net not found
2026-10-07 02:14:45.249 WARN   Wiring.write_wire_scope: net not found
2026-10-07 02:14:45.250 WARN   Wiring.write_wire_scope: net not found
2026-10-07 02:14:45.250 WARN   Wiring.write_wire_scope: net not found
2026-10-07 02:14:45.250 WARN   Wiring.write_wire_scope: net not found
2026-10-07 02:14:45.250 WARN   Wiring.write_wire_scope: net not found
2026-10-07 02:14:45.250 WARN   Wiring.write_wire_scope: net not found
2026-10-07 02:14:45.250 WARN   Wiring.write_wire_scope: net not found
2026-10-07 02:14:45.250 WARN   Wiring.write_wire_scope: net not found
2026-10-07 02:14:45.250 WARN   Wiring.write_wire_scope: net not found
2026-10-07 02:14:45.250 WARN   Wiring.write_wire_scope: net not found
2026-10-07 02:14:45.250 WARN   Wiring.write_wire_scope: net not found
2026-10-07 02:14:45.250 WARN   Wiring.write_wire_scope: net not found
2026-10-07 02:14:45.250 WARN   Wiring.write_wire_scope: net not found
2026-10-07 02:14:45.250 WARN   Wiring.write_wire_scope: net not found
2026-10-07 02:14:45.250 WARN   Wiring.write_wire_scope: net not found
2026-10-07 02:14:45.250 WARN   Wiring.write_wire_scope: net not found
2026-10-07 02:14:45.250 WARN   Wiring.write_wire_scope: net not found
2026-10-07 02:14:45.250 WARN   Wiring.write_wire_scope: net not found
2026-10-07 02:14:45.250 WARN   Wiring.write_wire_scope: net not found
2026-10-07 02:14:45.250 WARN   Wiring.write_wire_scope: net not found
2026-10-07 02:14:45.250 WARN   Wiring.write_wire_scope: net not found
2026-10-07 02:14:45.251 WARN   Wiring.write_wire_scope: net not found
2026-10-07 02:14:45.251 WARN   Wiring.write_wire_scope: net not found
2026-10-07 02:14:45.251 WARN   Wiring.write_wire_scope: net not found
2026-10-07 02:14:45.251 WARN   Wiring.write_wire_scope: net not found
2026-10-07 02:14:45.251 WARN   Wiring.write_wire_scope: net not found
2026-10-07 02:14:45.251 WARN   Wiring.write_wire_scope: net not found
2026-10-07 02:14:45.251 WARN   Wiring.write_wire_scope: net not found
2026-10-07 02:14:45.251 WARN   Wiring.write_wire_scope: net not found
2026-10-07 02:14:45.251 WARN   Wiring.write_wire_scope: net not found
2026-10-07 02:14:45.251 WARN   Wiring.write_wire_scope: net not found
2026-10-07 02:14:45.251 WARN   Wiring.write_wire_scope: net not found
2026-10-07 02:14:45.251 WARN   Wiring.write_wire_scope: net not found
2026-10-07 02:14:45.251 WARN   Wiring.write_wire_scope: net not found
2026-10-07 02:14:45.251 WARN   Wiring.write_wire_scope: net not found
2026-10-07 02:14:45.251 WARN   Wiring.write_wire_scope: net not found
2026-10-07 02:14:45.251 WARN   Wiring.write_wire_scope: net not found
2026-10-07 02:14:45.252 WARN   Wiring.write_wire_scope: net not found
2026-10-07 02:14:45.252 WARN   Wiring.write_wire_scope: net not found
2026-10-07 02:14:45.252 WARN   Wiring.write_wire_scope: net not found
2026-10-07 02:14:45.252 WARN   Wiring.write_wire_scope: net not found
2026-10-07 02:14:45.252 WARN   Wiring.write_wire_scope: net not found
2026-10-07 02:14:45.252 WARN   Wiring.write_wire_scope: net not found
2026-10-07 02:14:45.252 WARN   Wiring.write_wire_scope: net not found
2026-10-07 02:14:45.252 WARN   Wiring.write_wire_scope: net not found
2026-10-07 02:14:45.252 WARN   Wiring.write_wire_scope: net not found
2026-10-07 02:14:45.252 WARN   Wiring.write_wire_scope: net not found
2026-10-07 02:14:45.252 WARN   Wiring.write_wire_scope: net not found
2026-10-07 02:14:45.252 WARN   Wiring.write_wire_scope: net not found
2026-10-07 02:14:45.252 WARN   Wiring.write_wire_scope: net not found
2026-10-07 02:14:45.252 WARN   Wiring.write_wire_scope: net not found
2026-10-07 02:14:45.252 WARN   Wiring.write_wire_scope: net not found
2026-10-07 02:14:45.252 WARN   Wiring.write_wire_scope: net not found
2026-10-07 02:14:45.252 WARN   Wiring.write_wire_scope: net not found
2026-10-07 02:14:45.252 WARN   Wiring.write_wire_scope: net not found
2026-10-07 02:14:45.252 WARN   Wiring.write_wire_scope: net not found
2026-10-07 02:14:45.253 WARN   Wiring.write_wire_scope: net not found
2026-10-07 02:14:45.253 WARN   Wiring.write_wire_scope: net not found
2026-10-07 02:14:45.253 WARN   Wiring.write_wire_scope: net not found
2026-10-07 02:14:45.253 WARN   Wiring.write_wire_scope: net not found
2026-10-07 02:14:45.253 WARN   Wiring.write_wire_scope: net not found
2026-10-07 02:14:45.253 WARN   Wiring.write_wire_scope: net not found
2026-10-07 02:14:45.253 WARN   Wiring.write_wire_scope: net not found
2026-10-07 02:14:45.253 WARN   Wiring.write_wire_scope: net not found
2026-10-07 02:14:45.253 WARN   Wiring.write_wire_scope: net not found
2026-10-07 02:14:45.253 WARN   Wiring.write_wire_scope: net not found
2026-10-07 02:14:45.253 WARN   Wiring.write_wire_scope: net not found
2026-10-07 02:14:45.253 WARN   Wiring.write_wire_scope: net not found
2026-10-07 02:14:45.253 WARN   Wiring.write_wire_scope: net not found
2026-10-07 02:14:45.253 WARN   Wiring.write_wire_scope: net not found
2026-10-07 02:14:45.253 WARN   Wiring.write_wire_scope: net not found
2026-10-07 02:14:45.253 WARN   Wiring.write_wire_scope: net not found
2026-10-07 02:14:45.253 WARN   Wiring.write_wire_scope: net not found
2026-10-07 02:14:45.254 WARN   Wiring.write_wire_scope: net not found
2026-10-07 02:14:45.254 WARN   Wiring.write_wire_scope: net not found
2026-10-07 02:14:45.254 WARN   Wiring.write_wire_scope: net not found
2026-10-07 02:14:45.254 WARN   Wiring.write_wire_scope: net not found
2026-10-07 02:14:45.254 WARN   Wiring.write_wire_scope: net not found
2026-10-07 02:14:45.254 WARN   Wiring.write_wire_scope: net not found
2026-10-07 02:14:45.254 WARN   Wiring.write_wire_scope: net not found
2026-10-07 02:14:45.254 WARN   Wiring.write_wire_scope: net not found
2026-10-07 02:14:45.254 WARN   Wiring.write_wire_scope: net not found
2026-10-07 02:14:45.254 WARN   Wiring.write_wire_scope: net not found
2026-10-07 02:14:45.254 WARN   Wiring.write_wire_scope: net not found
2026-10-07 02:14:45.254 WARN   Wiring.write_wire_scope: net not found
2026-10-07 02:14:45.254 WARN   Wiring.write_wire_scope: net not found
2026-10-07 02:14:45.254 WARN   Wiring.write_wire_scope: net not found
2026-10-07 02:14:45.312 WARN   Design Warning: Board has 247 pre-existing clearance violation(s) in the loaded design (before routing):
  - 247 unfixable violation(s) (cannot be resolved by Freerouting):
      * 10 pin-to-pin clearance violations (first 5 shown):
          - Q103.9 <-> Q103.8
          - Q103.9 <-> Q103.7
          - Q103.9 <-> Q103.6
          - Q103.9 <-> Q103.5
          - U25.21 <-> U25.20
          ... and 5 more
      * 237 fixed trace/via clearance violations (first 5 shown):
          - FixedTrace#3086 <-> R205.2
          - FixedTrace#3086 <-> FixedTrace#3085
          - FixedTrace#3086 <-> C211.1
          - FixedTrace#3085 <-> FixedTrace#3084
          - FixedTrace#3085 <-> U24.30
          ... and 232 more
  - 0 potentially fixable violations
Notice: Freerouting does not modify component placement, board outlines, or fixed items.
Resolving these 247 unfixable violation(s) is the responsibility of the board author in their EDA tool (e.g. KiCad).
2026-10-07 02:14:45.346 INFO   [DBE365\4FD394] Pipeline thread limits: autorouter pass is single-threaded, optimizer.max_threads=23.
2026-10-07 02:14:45.406 INFO   [DBE365\4FD394] Fanout stage started on board '8e26dce33151726ba7e5a4e402d9e982' with 24 of 1066 SMD pins needing fanout (0 already connected, 1042 netless).
2026-10-07 02:14:45.463 WARN   Wiring.write_wire_scope: net not found
2026-10-07 02:14:45.463 WARN   Wiring.write_wire_scope: net not found
2026-10-07 02:14:45.463 WARN   Wiring.write_wire_scope: net not found
2026-10-07 02:14:45.463 WARN   Wiring.write_wire_scope: net not found
2026-10-07 02:14:45.463 WARN   Wiring.write_wire_scope: net not found
2026-10-07 02:14:45.463 WARN   Wiring.write_wire_scope: net not found
2026-10-07 02:14:45.463 WARN   Wiring.write_wire_scope: net not found
2026-10-07 02:14:45.463 WARN   Wiring.write_wire_scope: net not found
2026-10-07 02:14:45.463 WARN   Wiring.write_wire_scope: net not found
2026-10-07 02:14:45.463 WARN   Wiring.write_wire_scope: net not found
2026-10-07 02:14:45.463 WARN   Wiring.write_wire_scope: net not found
2026-10-07 02:14:45.463 WARN   Wiring.write_wire_scope: net not found
2026-10-07 02:14:45.463 WARN   Wiring.write_wire_scope: net not found
2026-10-07 02:14:45.463 WARN   Wiring.write_wire_scope: net not found
2026-10-07 02:14:45.463 WARN   Wiring.write_wire_scope: net not found
2026-10-07 02:14:45.463 WARN   Wiring.write_wire_scope: net not found
2026-10-07 02:14:45.463 WARN   Wiring.write_wire_scope: net not found
2026-10-07 02:14:45.463 WARN   Wiring.write_wire_scope: net not found
2026-10-07 02:14:45.463 WARN   Wiring.write_wire_scope: net not found
2026-10-07 02:14:45.463 WARN   Wiring.write_wire_scope: net not found
2026-10-07 02:14:45.463 WARN   Wiring.write_wire_scope: net not found
2026-10-07 02:14:45.463 WARN   Wiring.write_wire_scope: net not found
2026-10-07 02:14:45.463 WARN   Wiring.write_wire_scope: net not found
2026-10-07 02:14:45.463 WARN   Wiring.write_wire_scope: net not found
2026-10-07 02:14:45.464 WARN   Wiring.write_wire_scope: net not found
2026-10-07 02:14:45.464 WARN   Wiring.write_wire_scope: net not found
2026-10-07 02:14:45.464 WARN   Wiring.write_wire_scope: net not found
2026-10-07 02:14:45.464 WARN   Wiring.write_wire_scope: net not found
2026-10-07 02:14:45.464 WARN   Wiring.write_wire_scope: net not found
2026-10-07 02:14:45.464 WARN   Wiring.write_wire_scope: net not found
2026-10-07 02:14:45.464 WARN   Wiring.write_wire_scope: net not found
2026-10-07 02:14:45.464 WARN   Wiring.write_wire_scope: net not found
2026-10-07 02:14:45.464 WARN   Wiring.write_wire_scope: net not found
2026-10-07 02:14:45.464 WARN   Wiring.write_wire_scope: net not found
2026-10-07 02:14:45.464 WARN   Wiring.write_wire_scope: net not found
2026-10-07 02:14:45.464 WARN   Wiring.write_wire_scope: net not found
2026-10-07 02:14:45.464 WARN   Wiring.write_wire_scope: net not found
2026-10-07 02:14:45.464 WARN   Wiring.write_wire_scope: net not found
2026-10-07 02:14:45.464 WARN   Wiring.write_wire_scope: net not found
2026-10-07 02:14:45.464 WARN   Wiring.write_wire_scope: net not found
2026-10-07 02:14:45.464 WARN   Wiring.write_wire_scope: net not found
2026-10-07 02:14:45.464 WARN   Wiring.write_wire_scope: net not found
2026-10-07 02:14:45.464 WARN   Wiring.write_wire_scope: net not found
2026-10-07 02:14:45.464 WARN   Wiring.write_wire_scope: net not found
2026-10-07 02:14:45.464 WARN   Wiring.write_wire_scope: net not found
2026-10-07 02:14:45.464 WARN   Wiring.write_wire_scope: net not found
2026-10-07 02:14:45.464 WARN   Wiring.write_wire_scope: net not found
2026-10-07 02:14:45.464 WARN   Wiring.write_wire_scope: net not found
2026-10-07 02:14:45.464 WARN   Wiring.write_wire_scope: net not found
2026-10-07 02:14:45.464 WARN   Wiring.write_wire_scope: net not found
2026-10-07 02:14:45.464 WARN   Wiring.write_wire_scope: net not found
2026-10-07 02:14:45.464 WARN   Wiring.write_wire_scope: net not found
2026-10-07 02:14:45.464 WARN   Wiring.write_wire_scope: net not found
2026-10-07 02:14:45.464 WARN   Wiring.write_wire_scope: net not found
2026-10-07 02:14:45.464 WARN   Wiring.write_wire_scope: net not found
2026-10-07 02:14:45.464 WARN   Wiring.write_wire_scope: net not found
2026-10-07 02:14:45.464 WARN   Wiring.write_wire_scope: net not found
2026-10-07 02:14:45.464 WARN   Wiring.write_wire_scope: net not found
2026-10-07 02:14:45.464 WARN   Wiring.write_wire_scope: net not found
2026-10-07 02:14:45.464 WARN   Wiring.write_wire_scope: net not found
2026-10-07 02:14:45.464 WARN   Wiring.write_wire_scope: net not found
2026-10-07 02:14:45.464 WARN   Wiring.write_wire_scope: net not found
2026-10-07 02:14:45.465 WARN   Wiring.write_wire_scope: net not found
2026-10-07 02:14:45.465 WARN   Wiring.write_wire_scope: net not found
2026-10-07 02:14:45.465 WARN   Wiring.write_wire_scope: net not found
2026-10-07 02:14:45.465 WARN   Wiring.write_wire_scope: net not found
2026-10-07 02:14:45.465 WARN   Wiring.write_wire_scope: net not found
2026-10-07 02:14:45.465 WARN   Wiring.write_wire_scope: net not found
2026-10-07 02:14:45.465 WARN   Wiring.write_wire_scope: net not found
2026-10-07 02:14:45.465 WARN   Wiring.write_wire_scope: net not found
2026-10-07 02:14:45.465 WARN   Wiring.write_wire_scope: net not found
2026-10-07 02:14:45.465 WARN   Wiring.write_wire_scope: net not found
2026-10-07 02:14:45.465 WARN   Wiring.write_wire_scope: net not found
2026-10-07 02:14:45.465 WARN   Wiring.write_wire_scope: net not found
2026-10-07 02:14:45.465 WARN   Wiring.write_wire_scope: net not found
2026-10-07 02:14:45.465 WARN   Wiring.write_wire_scope: net not found
2026-10-07 02:14:45.465 WARN   Wiring.write_wire_scope: net not found
2026-10-07 02:14:45.465 WARN   Wiring.write_wire_scope: net not found
2026-10-07 02:14:45.465 WARN   Wiring.write_wire_scope: net not found
2026-10-07 02:14:45.465 WARN   Wiring.write_wire_scope: net not found
2026-10-07 02:14:45.465 WARN   Wiring.write_wire_scope: net not found
2026-10-07 02:14:45.465 WARN   Wiring.write_wire_scope: net not found
2026-10-07 02:14:45.465 WARN   Wiring.write_wire_scope: net not found
2026-10-07 02:14:45.465 WARN   Wiring.write_wire_scope: net not found
2026-10-07 02:14:45.465 WARN   Wiring.write_wire_scope: net not found
2026-10-07 02:14:45.465 WARN   Wiring.write_wire_scope: net not found
2026-10-07 02:14:45.465 WARN   Wiring.write_wire_scope: net not found
2026-10-07 02:14:45.465 WARN   Wiring.write_wire_scope: net not found
2026-10-07 02:14:45.465 WARN   Wiring.write_wire_scope: net not found
2026-10-07 02:14:45.465 WARN   Wiring.write_wire_scope: net not found
2026-10-07 02:14:45.465 WARN   Wiring.write_wire_scope: net not found
2026-10-07 02:14:45.465 WARN   Wiring.write_wire_scope: net not found
2026-10-07 02:14:45.465 WARN   Wiring.write_wire_scope: net not found
2026-10-07 02:14:45.465 WARN   Wiring.write_wire_scope: net not found
2026-10-07 02:14:45.465 WARN   Wiring.write_wire_scope: net not found
2026-10-07 02:14:45.465 WARN   Wiring.write_wire_scope: net not found
2026-10-07 02:14:45.465 WARN   Wiring.write_wire_scope: net not found
2026-10-07 02:14:45.465 WARN   Wiring.write_wire_scope: net not found
2026-10-07 02:14:45.465 WARN   Wiring.write_wire_scope: net not found
2026-10-07 02:14:45.465 WARN   Wiring.write_wire_scope: net not found
2026-10-07 02:14:45.465 WARN   Wiring.write_wire_scope: net not found
2026-10-07 02:14:45.465 WARN   Wiring.write_wire_scope: net not found
2026-10-07 02:14:45.465 WARN   Wiring.write_wire_scope: net not found
2026-10-07 02:14:45.465 WARN   Wiring.write_wire_scope: net not found
2026-10-07 02:14:45.465 WARN   Wiring.write_wire_scope: net not found
2026-10-07 02:14:45.465 WARN   Wiring.write_wire_scope: net not found
2026-10-07 02:14:45.465 WARN   Wiring.write_wire_scope: net not found
2026-10-07 02:14:45.465 WARN   Wiring.write_wire_scope: net not found
2026-10-07 02:14:45.465 WARN   Wiring.write_wire_scope: net not found
2026-10-07 02:14:45.465 WARN   Wiring.write_wire_scope: net not found
2026-10-07 02:14:45.465 WARN   Wiring.write_wire_scope: net not found
2026-10-07 02:14:45.465 WARN   Wiring.write_wire_scope: net not found
2026-10-07 02:14:45.466 WARN   Wiring.write_wire_scope: net not found
2026-10-07 02:14:45.466 WARN   Wiring.write_wire_scope: net not found
2026-10-07 02:14:45.466 WARN   Wiring.write_wire_scope: net not found
2026-10-07 02:14:45.466 WARN   Wiring.write_wire_scope: net not found
2026-10-07 02:14:45.466 WARN   Wiring.write_wire_scope: net not found
2026-10-07 02:14:45.466 WARN   Wiring.write_wire_scope: net not found
2026-10-07 02:14:45.466 WARN   Wiring.write_wire_scope: net not found
2026-10-07 02:14:45.466 WARN   Wiring.write_wire_scope: net not found
2026-10-07 02:14:45.466 WARN   Wiring.write_wire_scope: net not found
2026-10-07 02:14:45.466 WARN   Wiring.write_wire_scope: net not found
2026-10-07 02:14:45.466 WARN   Wiring.write_wire_scope: net not found
2026-10-07 02:14:45.466 WARN   Wiring.write_wire_scope: net not found
2026-10-07 02:14:45.466 WARN   Wiring.write_wire_scope: net not found
2026-10-07 02:14:45.466 WARN   Wiring.write_wire_scope: net not found
2026-10-07 02:14:45.466 WARN   Wiring.write_wire_scope: net not found
2026-10-07 02:14:45.466 WARN   Wiring.write_wire_scope: net not found
2026-10-07 02:14:45.466 WARN   Wiring.write_wire_scope: net not found
2026-10-07 02:14:45.466 WARN   Wiring.write_wire_scope: net not found
2026-10-07 02:14:45.466 WARN   Wiring.write_wire_scope: net not found
2026-10-07 02:14:45.466 WARN   Wiring.write_wire_scope: net not found
2026-10-07 02:14:45.466 WARN   Wiring.write_wire_scope: net not found
2026-10-07 02:14:45.466 WARN   Wiring.write_wire_scope: net not found
2026-10-07 02:14:45.466 WARN   Wiring.write_wire_scope: net not found
2026-10-07 02:14:45.466 WARN   Wiring.write_wire_scope: net not found
2026-10-07 02:14:45.553 WARN   Wiring.write_wire_scope: net not found
2026-10-07 02:14:45.553 WARN   Wiring.write_wire_scope: net not found
2026-10-07 02:14:45.553 WARN   Wiring.write_wire_scope: net not found
2026-10-07 02:14:45.553 WARN   Wiring.write_wire_scope: net not found
2026-10-07 02:14:45.553 WARN   Wiring.write_wire_scope: net not found
2026-10-07 02:14:45.553 WARN   Wiring.write_wire_scope: net not found
2026-10-07 02:14:45.553 WARN   Wiring.write_wire_scope: net not found
2026-10-07 02:14:45.553 WARN   Wiring.write_wire_scope: net not found
2026-10-07 02:14:45.553 WARN   Wiring.write_wire_scope: net not found
2026-10-07 02:14:45.553 WARN   Wiring.write_wire_scope: net not found
2026-10-07 02:14:45.553 WARN   Wiring.write_wire_scope: net not found
2026-10-07 02:14:45.553 WARN   Wiring.write_wire_scope: net not found
2026-10-07 02:14:45.553 WARN   Wiring.write_wire_scope: net not found
2026-10-07 02:14:45.553 WARN   Wiring.write_wire_scope: net not found
2026-10-07 02:14:45.553 WARN   Wiring.write_wire_scope: net not found
2026-10-07 02:14:45.553 WARN   Wiring.write_wire_scope: net not found
2026-10-07 02:14:45.553 WARN   Wiring.write_wire_scope: net not found
2026-10-07 02:14:45.553 WARN   Wiring.write_wire_scope: net not found
2026-10-07 02:14:45.553 WARN   Wiring.write_wire_scope: net not found
2026-10-07 02:14:45.553 WARN   Wiring.write_wire_scope: net not found
2026-10-07 02:14:45.553 WARN   Wiring.write_wire_scope: net not found
2026-10-07 02:14:45.553 WARN   Wiring.write_wire_scope: net not found
2026-10-07 02:14:45.553 WARN   Wiring.write_wire_scope: net not found
2026-10-07 02:14:45.553 WARN   Wiring.write_wire_scope: net not found
2026-10-07 02:14:45.553 WARN   Wiring.write_wire_scope: net not found
2026-10-07 02:14:45.553 WARN   Wiring.write_wire_scope: net not found
2026-10-07 02:14:45.553 WARN   Wiring.write_wire_scope: net not found
2026-10-07 02:14:45.553 WARN   Wiring.write_wire_scope: net not found
2026-10-07 02:14:45.553 WARN   Wiring.write_wire_scope: net not found
2026-10-07 02:14:45.553 WARN   Wiring.write_wire_scope: net not found
2026-10-07 02:14:45.553 WARN   Wiring.write_wire_scope: net not found
2026-10-07 02:14:45.553 WARN   Wiring.write_wire_scope: net not found
2026-10-07 02:14:45.553 WARN   Wiring.write_wire_scope: net not found
2026-10-07 02:14:45.553 WARN   Wiring.write_wire_scope: net not found
2026-10-07 02:14:45.553 WARN   Wiring.write_wire_scope: net not found
2026-10-07 02:14:45.553 WARN   Wiring.write_wire_scope: net not found
2026-10-07 02:14:45.553 WARN   Wiring.write_wire_scope: net not found
2026-10-07 02:14:45.553 WARN   Wiring.write_wire_scope: net not found
2026-10-07 02:14:45.553 WARN   Wiring.write_wire_scope: net not found
2026-10-07 02:14:45.553 WARN   Wiring.write_wire_scope: net not found
2026-10-07 02:14:45.553 WARN   Wiring.write_wire_scope: net not found
2026-10-07 02:14:45.553 WARN   Wiring.write_wire_scope: net not found
2026-10-07 02:14:45.553 WARN   Wiring.write_wire_scope: net not found
2026-10-07 02:14:45.553 WARN   Wiring.write_wire_scope: net not found
2026-10-07 02:14:45.553 WARN   Wiring.write_wire_scope: net not found
2026-10-07 02:14:45.553 WARN   Wiring.write_wire_scope: net not found
2026-10-07 02:14:45.553 WARN   Wiring.write_wire_scope: net not found
2026-10-07 02:14:45.553 WARN   Wiring.write_wire_scope: net not found
2026-10-07 02:14:45.553 WARN   Wiring.write_wire_scope: net not found
2026-10-07 02:14:45.553 WARN   Wiring.write_wire_scope: net not found
2026-10-07 02:14:45.553 WARN   Wiring.write_wire_scope: net not found
2026-10-07 02:14:45.553 WARN   Wiring.write_wire_scope: net not found
2026-10-07 02:14:45.553 WARN   Wiring.write_wire_scope: net not found
2026-10-07 02:14:45.553 WARN   Wiring.write_wire_scope: net not found
2026-10-07 02:14:45.553 WARN   Wiring.write_wire_scope: net not found
2026-10-07 02:14:45.553 WARN   Wiring.write_wire_scope: net not found
2026-10-07 02:14:45.553 WARN   Wiring.write_wire_scope: net not found
2026-10-07 02:14:45.553 WARN   Wiring.write_wire_scope: net not found
2026-10-07 02:14:45.553 WARN   Wiring.write_wire_scope: net not found
2026-10-07 02:14:45.553 WARN   Wiring.write_wire_scope: net not found
2026-10-07 02:14:45.553 WARN   Wiring.write_wire_scope: net not found
2026-10-07 02:14:45.553 WARN   Wiring.write_wire_scope: net not found
2026-10-07 02:14:45.553 WARN   Wiring.write_wire_scope: net not found
2026-10-07 02:14:45.553 WARN   Wiring.write_wire_scope: net not found
2026-10-07 02:14:45.553 WARN   Wiring.write_wire_scope: net not found
2026-10-07 02:14:45.553 WARN   Wiring.write_wire_scope: net not found
2026-10-07 02:14:45.553 WARN   Wiring.write_wire_scope: net not found
2026-10-07 02:14:45.553 WARN   Wiring.write_wire_scope: net not found
2026-10-07 02:14:45.553 WARN   Wiring.write_wire_scope: net not found
2026-10-07 02:14:45.553 WARN   Wiring.write_wire_scope: net not found
2026-10-07 02:14:45.553 WARN   Wiring.write_wire_scope: net not found
2026-10-07 02:14:45.553 WARN   Wiring.write_wire_scope: net not found
2026-10-07 02:14:45.553 WARN   Wiring.write_wire_scope: net not found
2026-10-07 02:14:45.553 WARN   Wiring.write_wire_scope: net not found
2026-10-07 02:14:45.553 WARN   Wiring.write_wire_scope: net not found
2026-10-07 02:14:45.553 WARN   Wiring.write_wire_scope: net not found
2026-10-07 02:14:45.553 WARN   Wiring.write_wire_scope: net not found
2026-10-07 02:14:45.553 WARN   Wiring.write_wire_scope: net not found
2026-10-07 02:14:45.553 WARN   Wiring.write_wire_scope: net not found
2026-10-07 02:14:45.553 WARN   Wiring.write_wire_scope: net not found
2026-10-07 02:14:45.553 WARN   Wiring.write_wire_scope: net not found
2026-10-07 02:14:45.553 WARN   Wiring.write_wire_scope: net not found
2026-10-07 02:14:45.553 WARN   Wiring.write_wire_scope: net not found
2026-10-07 02:14:45.553 WARN   Wiring.write_wire_scope: net not found
2026-10-07 02:14:45.554 WARN   Wiring.write_wire_scope: net not found
2026-10-07 02:14:45.554 WARN   Wiring.write_wire_scope: net not found
2026-10-07 02:14:45.554 WARN   Wiring.write_wire_scope: net not found
2026-10-07 02:14:45.554 WARN   Wiring.write_wire_scope: net not found
2026-10-07 02:14:45.554 WARN   Wiring.write_wire_scope: net not found
2026-10-07 02:14:45.554 WARN   Wiring.write_wire_scope: net not found
2026-10-07 02:14:45.554 WARN   Wiring.write_wire_scope: net not found
2026-10-07 02:14:45.554 WARN   Wiring.write_wire_scope: net not found
2026-10-07 02:14:45.554 WARN   Wiring.write_wire_scope: net not found
2026-10-07 02:14:45.554 WARN   Wiring.write_wire_scope: net not found
2026-10-07 02:14:45.554 WARN   Wiring.write_wire_scope: net not found
2026-10-07 02:14:45.554 WARN   Wiring.write_wire_scope: net not found
2026-10-07 02:14:45.554 WARN   Wiring.write_wire_scope: net not found
2026-10-07 02:14:45.554 WARN   Wiring.write_wire_scope: net not found
2026-10-07 02:14:45.554 WARN   Wiring.write_wire_scope: net not found
2026-10-07 02:14:45.554 WARN   Wiring.write_wire_scope: net not found
2026-10-07 02:14:45.554 WARN   Wiring.write_wire_scope: net not found
2026-10-07 02:14:45.554 WARN   Wiring.write_wire_scope: net not found
2026-10-07 02:14:45.554 WARN   Wiring.write_wire_scope: net not found
2026-10-07 02:14:45.554 WARN   Wiring.write_wire_scope: net not found
2026-10-07 02:14:45.554 WARN   Wiring.write_wire_scope: net not found
2026-10-07 02:14:45.554 WARN   Wiring.write_wire_scope: net not found
2026-10-07 02:14:45.554 WARN   Wiring.write_wire_scope: net not found
2026-10-07 02:14:45.554 WARN   Wiring.write_wire_scope: net not found
2026-10-07 02:14:45.554 WARN   Wiring.write_wire_scope: net not found
2026-10-07 02:14:45.554 WARN   Wiring.write_wire_scope: net not found
2026-10-07 02:14:45.554 WARN   Wiring.write_wire_scope: net not found
2026-10-07 02:14:45.554 WARN   Wiring.write_wire_scope: net not found
2026-10-07 02:14:45.554 WARN   Wiring.write_wire_scope: net not found
2026-10-07 02:14:45.554 WARN   Wiring.write_wire_scope: net not found
2026-10-07 02:14:45.554 WARN   Wiring.write_wire_scope: net not found
2026-10-07 02:14:45.554 WARN   Wiring.write_wire_scope: net not found
2026-10-07 02:14:45.554 WARN   Wiring.write_wire_scope: net not found
2026-10-07 02:14:45.554 WARN   Wiring.write_wire_scope: net not found
2026-10-07 02:14:45.554 WARN   Wiring.write_wire_scope: net not found
2026-10-07 02:14:45.554 WARN   Wiring.write_wire_scope: net not found
2026-10-07 02:14:45.554 WARN   Wiring.write_wire_scope: net not found
2026-10-07 02:14:45.554 WARN   Wiring.write_wire_scope: net not found
2026-10-07 02:14:45.554 WARN   Wiring.write_wire_scope: net not found
2026-10-07 02:14:45.554 WARN   Wiring.write_wire_scope: net not found
2026-10-07 02:14:45.554 WARN   Wiring.write_wire_scope: net not found
2026-10-07 02:14:45.554 WARN   Wiring.write_wire_scope: net not found
2026-10-07 02:14:45.554 WARN   Wiring.write_wire_scope: net not found
2026-10-07 02:14:45.554 WARN   Wiring.write_wire_scope: net not found
2026-10-07 02:14:45.554 WARN   Wiring.write_wire_scope: net not found
2026-10-07 02:14:45.554 WARN   Wiring.write_wire_scope: net not found
2026-10-07 02:14:45.554 WARN   Wiring.write_wire_scope: net not found
2026-10-07 02:14:45.554 WARN   Wiring.write_wire_scope: net not found
2026-10-07 02:14:45.554 WARN   Wiring.write_wire_scope: net not found
2026-10-07 02:14:45.555 WARN   Wiring.write_wire_scope: net not found
2026-10-07 02:14:45.555 WARN   Wiring.write_wire_scope: net not found
2026-10-07 02:14:45.555 WARN   Wiring.write_wire_scope: net not found
2026-10-07 02:14:45.851 WARN   Wiring.write_wire_scope: net not found
2026-10-07 02:14:45.852 WARN   Wiring.write_wire_scope: net not found
2026-10-07 02:14:45.852 WARN   Wiring.write_wire_scope: net not found
2026-10-07 02:14:45.852 WARN   Wiring.write_wire_scope: net not found
2026-10-07 02:14:45.852 WARN   Wiring.write_wire_scope: net not found
2026-10-07 02:14:45.852 WARN   Wiring.write_wire_scope: net not found
2026-10-07 02:14:45.852 WARN   Wiring.write_wire_scope: net not found
2026-10-07 02:14:45.852 WARN   Wiring.write_wire_scope: net not found
2026-10-07 02:14:45.852 WARN   Wiring.write_wire_scope: net not found
2026-10-07 02:14:45.852 WARN   Wiring.write_wire_scope: net not found
2026-10-07 02:14:45.852 WARN   Wiring.write_wire_scope: net not found
2026-10-07 02:14:45.852 WARN   Wiring.write_wire_scope: net not found
2026-10-07 02:14:45.852 WARN   Wiring.write_wire_scope: net not found
2026-10-07 02:14:45.852 WARN   Wiring.write_wire_scope: net not found
2026-10-07 02:14:45.852 WARN   Wiring.write_wire_scope: net not found
2026-10-07 02:14:45.852 WARN   Wiring.write_wire_scope: net not found
2026-10-07 02:14:45.852 WARN   Wiring.write_wire_scope: net not found
2026-10-07 02:14:45.852 WARN   Wiring.write_wire_scope: net not found
2026-10-07 02:14:45.852 WARN   Wiring.write_wire_scope: net not found
2026-10-07 02:14:45.852 WARN   Wiring.write_wire_scope: net not found
2026-10-07 02:14:45.852 WARN   Wiring.write_wire_scope: net not found
2026-10-07 02:14:45.852 WARN   Wiring.write_wire_scope: net not found
2026-10-07 02:14:45.852 WARN   Wiring.write_wire_scope: net not found
2026-10-07 02:14:45.852 WARN   Wiring.write_wire_scope: net not found
2026-10-07 02:14:45.852 WARN   Wiring.write_wire_scope: net not found
2026-10-07 02:14:45.852 WARN   Wiring.write_wire_scope: net not found
2026-10-07 02:14:45.852 WARN   Wiring.write_wire_scope: net not found
2026-10-07 02:14:45.852 WARN   Wiring.write_wire_scope: net not found
2026-10-07 02:14:45.852 WARN   Wiring.write_wire_scope: net not found
2026-10-07 02:14:45.852 WARN   Wiring.write_wire_scope: net not found
2026-10-07 02:14:45.852 WARN   Wiring.write_wire_scope: net not found
2026-10-07 02:14:45.852 WARN   Wiring.write_wire_scope: net not found
2026-10-07 02:14:45.852 WARN   Wiring.write_wire_scope: net not found
2026-10-07 02:14:45.852 WARN   Wiring.write_wire_scope: net not found
2026-10-07 02:14:45.852 WARN   Wiring.write_wire_scope: net not found
2026-10-07 02:14:45.852 WARN   Wiring.write_wire_scope: net not found
2026-10-07 02:14:45.852 WARN   Wiring.write_wire_scope: net not found
2026-10-07 02:14:45.852 WARN   Wiring.write_wire_scope: net not found
2026-10-07 02:14:45.852 WARN   Wiring.write_wire_scope: net not found
2026-10-07 02:14:45.852 WARN   Wiring.write_wire_scope: net not found
2026-10-07 02:14:45.852 WARN   Wiring.write_wire_scope: net not found
2026-10-07 02:14:45.852 WARN   Wiring.write_wire_scope: net not found
2026-10-07 02:14:45.852 WARN   Wiring.write_wire_scope: net not found
2026-10-07 02:14:45.852 WARN   Wiring.write_wire_scope: net not found
2026-10-07 02:14:45.852 WARN   Wiring.write_wire_scope: net not found
2026-10-07 02:14:45.852 WARN   Wiring.write_wire_scope: net not found
2026-10-07 02:14:45.852 WARN   Wiring.write_wire_scope: net not found
2026-10-07 02:14:45.852 WARN   Wiring.write_wire_scope: net not found
2026-10-07 02:14:45.852 WARN   Wiring.write_wire_scope: net not found
2026-10-07 02:14:45.852 WARN   Wiring.write_wire_scope: net not found
2026-10-07 02:14:45.852 WARN   Wiring.write_wire_scope: net not found
2026-10-07 02:14:45.852 WARN   Wiring.write_wire_scope: net not found
2026-10-07 02:14:45.852 WARN   Wiring.write_wire_scope: net not found
2026-10-07 02:14:45.852 WARN   Wiring.write_wire_scope: net not found
2026-10-07 02:14:45.852 WARN   Wiring.write_wire_scope: net not found
2026-10-07 02:14:45.852 WARN   Wiring.write_wire_scope: net not found
2026-10-07 02:14:45.852 WARN   Wiring.write_wire_scope: net not found
2026-10-07 02:14:45.852 WARN   Wiring.write_wire_scope: net not found
2026-10-07 02:14:45.852 WARN   Wiring.write_wire_scope: net not found
2026-10-07 02:14:45.852 WARN   Wiring.write_wire_scope: net not found
2026-10-07 02:14:45.852 WARN   Wiring.write_wire_scope: net not found
2026-10-07 02:14:45.852 WARN   Wiring.write_wire_scope: net not found
2026-10-07 02:14:45.852 WARN   Wiring.write_wire_scope: net not found
2026-10-07 02:14:45.852 WARN   Wiring.write_wire_scope: net not found
2026-10-07 02:14:45.852 WARN   Wiring.write_wire_scope: net not found
2026-10-07 02:14:45.852 WARN   Wiring.write_wire_scope: net not found
2026-10-07 02:14:45.852 WARN   Wiring.write_wire_scope: net not found
2026-10-07 02:14:45.852 WARN   Wiring.write_wire_scope: net not found
2026-10-07 02:14:45.852 WARN   Wiring.write_wire_scope: net not found
2026-10-07 02:14:45.852 WARN   Wiring.write_wire_scope: net not found
2026-10-07 02:14:45.852 WARN   Wiring.write_wire_scope: net not found
2026-10-07 02:14:45.852 WARN   Wiring.write_wire_scope: net not found
2026-10-07 02:14:45.852 WARN   Wiring.write_wire_scope: net not found
2026-10-07 02:14:45.852 WARN   Wiring.write_wire_scope: net not found
2026-10-07 02:14:45.852 WARN   Wiring.write_wire_scope: net not found
2026-10-07 02:14:45.852 WARN   Wiring.write_wire_scope: net not found
2026-10-07 02:14:45.852 WARN   Wiring.write_wire_scope: net not found
2026-10-07 02:14:45.852 WARN   Wiring.write_wire_scope: net not found
2026-10-07 02:14:45.852 WARN   Wiring.write_wire_scope: net not found
2026-10-07 02:14:45.852 WARN   Wiring.write_wire_scope: net not found
2026-10-07 02:14:45.852 WARN   Wiring.write_wire_scope: net not found
2026-10-07 02:14:45.852 WARN   Wiring.write_wire_scope: net not found
2026-10-07 02:14:45.852 WARN   Wiring.write_wire_scope: net not found
2026-10-07 02:14:45.852 WARN   Wiring.write_wire_scope: net not found
2026-10-07 02:14:45.852 WARN   Wiring.write_wire_scope: net not found
2026-10-07 02:14:45.852 WARN   Wiring.write_wire_scope: net not found
2026-10-07 02:14:45.852 WARN   Wiring.write_wire_scope: net not found
2026-10-07 02:14:45.852 WARN   Wiring.write_wire_scope: net not found
2026-10-07 02:14:45.852 WARN   Wiring.write_wire_scope: net not found
2026-10-07 02:14:45.852 WARN   Wiring.write_wire_scope: net not found
2026-10-07 02:14:45.852 WARN   Wiring.write_wire_scope: net not found
2026-10-07 02:14:45.852 WARN   Wiring.write_wire_scope: net not found
2026-10-07 02:14:45.852 WARN   Wiring.write_wire_scope: net not found
2026-10-07 02:14:45.852 WARN   Wiring.write_wire_scope: net not found
2026-10-07 02:14:45.852 WARN   Wiring.write_wire_scope: net not found
2026-10-07 02:14:45.852 WARN   Wiring.write_wire_scope: net not found
2026-10-07 02:14:45.852 WARN   Wiring.write_wire_scope: net not found
2026-10-07 02:14:45.852 WARN   Wiring.write_wire_scope: net not found
2026-10-07 02:14:45.852 WARN   Wiring.write_wire_scope: net not found
2026-10-07 02:14:45.852 WARN   Wiring.write_wire_scope: net not found
2026-10-07 02:14:45.852 WARN   Wiring.write_wire_scope: net not found
2026-10-07 02:14:45.852 WARN   Wiring.write_wire_scope: net not found
2026-10-07 02:14:45.852 WARN   Wiring.write_wire_scope: net not found
2026-10-07 02:14:45.852 WARN   Wiring.write_wire_scope: net not found
2026-10-07 02:14:45.852 WARN   Wiring.write_wire_scope: net not found
2026-10-07 02:14:45.852 WARN   Wiring.write_wire_scope: net not found
2026-10-07 02:14:45.852 WARN   Wiring.write_wire_scope: net not found
2026-10-07 02:14:45.852 WARN   Wiring.write_wire_scope: net not found
2026-10-07 02:14:45.852 WARN   Wiring.write_wire_scope: net not found
2026-10-07 02:14:45.852 WARN   Wiring.write_wire_scope: net not found
2026-10-07 02:14:45.852 WARN   Wiring.write_wire_scope: net not found
2026-10-07 02:14:45.852 WARN   Wiring.write_wire_scope: net not found
2026-10-07 02:14:45.852 WARN   Wiring.write_wire_scope: net not found
2026-10-07 02:14:45.852 WARN   Wiring.write_wire_scope: net not found
2026-10-07 02:14:45.852 WARN   Wiring.write_wire_scope: net not found
2026-10-07 02:14:45.852 WARN   Wiring.write_wire_scope: net not found
2026-10-07 02:14:45.852 WARN   Wiring.write_wire_scope: net not found
2026-10-07 02:14:45.852 WARN   Wiring.write_wire_scope: net not found
2026-10-07 02:14:45.852 WARN   Wiring.write_wire_scope: net not found
2026-10-07 02:14:45.852 WARN   Wiring.write_wire_scope: net not found
2026-10-07 02:14:45.852 WARN   Wiring.write_wire_scope: net not found
2026-10-07 02:14:45.852 WARN   Wiring.write_wire_scope: net not found
2026-10-07 02:14:45.852 WARN   Wiring.write_wire_scope: net not found
2026-10-07 02:14:45.852 WARN   Wiring.write_wire_scope: net not found
2026-10-07 02:14:45.852 WARN   Wiring.write_wire_scope: net not found
2026-10-07 02:14:45.852 WARN   Wiring.write_wire_scope: net not found
2026-10-07 02:14:45.852 WARN   Wiring.write_wire_scope: net not found
2026-10-07 02:14:45.852 WARN   Wiring.write_wire_scope: net not found
2026-10-07 02:14:45.852 WARN   Wiring.write_wire_scope: net not found
2026-10-07 02:14:45.852 WARN   Wiring.write_wire_scope: net not found
2026-10-07 02:14:45.852 WARN   Wiring.write_wire_scope: net not found
2026-10-07 02:14:45.852 WARN   Wiring.write_wire_scope: net not found
2026-10-07 02:14:45.852 WARN   Wiring.write_wire_scope: net not found
2026-10-07 02:14:45.852 WARN   Wiring.write_wire_scope: net not found
2026-10-07 02:14:45.852 WARN   Wiring.write_wire_scope: net not found
2026-10-07 02:14:45.852 WARN   Wiring.write_wire_scope: net not found
2026-10-07 02:14:45.857 INFO   [DBE365\4FD394] Fanout pass #1 on board 'a4efc2c896b84e9bffda51ac9e008b15' completed in 0.41 seconds with 10 SMD pins fanouted, 14 not routed, 0 insert errors, +0 extra vias (0 SMD pins still to check in pass, ripup costs=100).
2026-10-07 02:14:45.886 WARN   Wiring.write_wire_scope: net not found
2026-10-07 02:14:45.886 WARN   Wiring.write_wire_scope: net not found
2026-10-07 02:14:45.886 WARN   Wiring.write_wire_scope: net not found
2026-10-07 02:14:45.886 WARN   Wiring.write_wire_scope: net not found
2026-10-07 02:14:45.886 WARN   Wiring.write_wire_scope: net not found
2026-10-07 02:14:45.886 WARN   Wiring.write_wire_scope: net not found
2026-10-07 02:14:45.886 WARN   Wiring.write_wire_scope: net not found
2026-10-07 02:14:45.886 WARN   Wiring.write_wire_scope: net not found
2026-10-07 02:14:45.886 WARN   Wiring.write_wire_scope: net not found
2026-10-07 02:14:45.886 WARN   Wiring.write_wire_scope: net not found
2026-10-07 02:14:45.886 WARN   Wiring.write_wire_scope: net not found
2026-10-07 02:14:45.886 WARN   Wiring.write_wire_scope: net not found
2026-10-07 02:14:45.886 WARN   Wiring.write_wire_scope: net not found
2026-10-07 02:14:45.886 WARN   Wiring.write_wire_scope: net not found
2026-10-07 02:14:45.886 WARN   Wiring.write_wire_scope: net not found
2026-10-07 02:14:45.886 WARN   Wiring.write_wire_scope: net not found
2026-10-07 02:14:45.886 WARN   Wiring.write_wire_scope: net not found
2026-10-07 02:14:45.886 WARN   Wiring.write_wire_scope: net not found
2026-10-07 02:14:45.886 WARN   Wiring.write_wire_scope: net not found
2026-10-07 02:14:45.886 WARN   Wiring.write_wire_scope: net not found
2026-10-07 02:14:45.886 WARN   Wiring.write_wire_scope: net not found
2026-10-07 02:14:45.886 WARN   Wiring.write_wire_scope: net not found
2026-10-07 02:14:45.886 WARN   Wiring.write_wire_scope: net not found
2026-10-07 02:14:45.886 WARN   Wiring.write_wire_scope: net not found
2026-10-07 02:14:45.886 WARN   Wiring.write_wire_scope: net not found
2026-10-07 02:14:45.886 WARN   Wiring.write_wire_scope: net not found
2026-10-07 02:14:45.886 WARN   Wiring.write_wire_scope: net not found
2026-10-07 02:14:45.886 WARN   Wiring.write_wire_scope: net not found
2026-10-07 02:14:45.886 WARN   Wiring.write_wire_scope: net not found
2026-10-07 02:14:45.886 WARN   Wiring.write_wire_scope: net not found
2026-10-07 02:14:45.886 WARN   Wiring.write_wire_scope: net not found
2026-10-07 02:14:45.886 WARN   Wiring.write_wire_scope: net not found
2026-10-07 02:14:45.886 WARN   Wiring.write_wire_scope: net not found
2026-10-07 02:14:45.886 WARN   Wiring.write_wire_scope: net not found
2026-10-07 02:14:45.886 WARN   Wiring.write_wire_scope: net not found
2026-10-07 02:14:45.886 WARN   Wiring.write_wire_scope: net not found
2026-10-07 02:14:45.886 WARN   Wiring.write_wire_scope: net not found
2026-10-07 02:14:45.886 WARN   Wiring.write_wire_scope: net not found
2026-10-07 02:14:45.886 WARN   Wiring.write_wire_scope: net not found
2026-10-07 02:14:45.886 WARN   Wiring.write_wire_scope: net not found
2026-10-07 02:14:45.886 WARN   Wiring.write_wire_scope: net not found
2026-10-07 02:14:45.886 WARN   Wiring.write_wire_scope: net not found
2026-10-07 02:14:45.886 WARN   Wiring.write_wire_scope: net not found
2026-10-07 02:14:45.886 WARN   Wiring.write_wire_scope: net not found
2026-10-07 02:14:45.886 WARN   Wiring.write_wire_scope: net not found
2026-10-07 02:14:45.886 WARN   Wiring.write_wire_scope: net not found
2026-10-07 02:14:45.886 WARN   Wiring.write_wire_scope: net not found
2026-10-07 02:14:45.886 WARN   Wiring.write_wire_scope: net not found
2026-10-07 02:14:45.886 WARN   Wiring.write_wire_scope: net not found
2026-10-07 02:14:45.886 WARN   Wiring.write_wire_scope: net not found
2026-10-07 02:14:45.886 WARN   Wiring.write_wire_scope: net not found
2026-10-07 02:14:45.886 WARN   Wiring.write_wire_scope: net not found
2026-10-07 02:14:45.886 WARN   Wiring.write_wire_scope: net not found
2026-10-07 02:14:45.886 WARN   Wiring.write_wire_scope: net not found
2026-10-07 02:14:45.886 WARN   Wiring.write_wire_scope: net not found
2026-10-07 02:14:45.886 WARN   Wiring.write_wire_scope: net not found
2026-10-07 02:14:45.886 WARN   Wiring.write_wire_scope: net not found
2026-10-07 02:14:45.886 WARN   Wiring.write_wire_scope: net not found
2026-10-07 02:14:45.886 WARN   Wiring.write_wire_scope: net not found
2026-10-07 02:14:45.886 WARN   Wiring.write_wire_scope: net not found
2026-10-07 02:14:45.886 WARN   Wiring.write_wire_scope: net not found
2026-10-07 02:14:45.886 WARN   Wiring.write_wire_scope: net not found
2026-10-07 02:14:45.886 WARN   Wiring.write_wire_scope: net not found
2026-10-07 02:14:45.886 WARN   Wiring.write_wire_scope: net not found
2026-10-07 02:14:45.886 WARN   Wiring.write_wire_scope: net not found
2026-10-07 02:14:45.886 WARN   Wiring.write_wire_scope: net not found
2026-10-07 02:14:45.886 WARN   Wiring.write_wire_scope: net not found
2026-10-07 02:14:45.886 WARN   Wiring.write_wire_scope: net not found
2026-10-07 02:14:45.886 WARN   Wiring.write_wire_scope: net not found
2026-10-07 02:14:45.886 WARN   Wiring.write_wire_scope: net not found
2026-10-07 02:14:45.886 WARN   Wiring.write_wire_scope: net not found
2026-10-07 02:14:45.886 WARN   Wiring.write_wire_scope: net not found
2026-10-07 02:14:45.886 WARN   Wiring.write_wire_scope: net not found
2026-10-07 02:14:45.886 WARN   Wiring.write_wire_scope: net not found
2026-10-07 02:14:45.886 WARN   Wiring.write_wire_scope: net not found
2026-10-07 02:14:45.886 WARN   Wiring.write_wire_scope: net not found
2026-10-07 02:14:45.886 WARN   Wiring.write_wire_scope: net not found
2026-10-07 02:14:45.886 WARN   Wiring.write_wire_scope: net not found
2026-10-07 02:14:45.886 WARN   Wiring.write_wire_scope: net not found
2026-10-07 02:14:45.886 WARN   Wiring.write_wire_scope: net not found
2026-10-07 02:14:45.886 WARN   Wiring.write_wire_scope: net not found
2026-10-07 02:14:45.886 WARN   Wiring.write_wire_scope: net not found
2026-10-07 02:14:45.886 WARN   Wiring.write_wire_scope: net not found
2026-10-07 02:14:45.886 WARN   Wiring.write_wire_scope: net not found
2026-10-07 02:14:45.886 WARN   Wiring.write_wire_scope: net not found
2026-10-07 02:14:45.886 WARN   Wiring.write_wire_scope: net not found
2026-10-07 02:14:45.886 WARN   Wiring.write_wire_scope: net not found
2026-10-07 02:14:45.886 WARN   Wiring.write_wire_scope: net not found
2026-10-07 02:14:45.886 WARN   Wiring.write_wire_scope: net not found
2026-10-07 02:14:45.886 WARN   Wiring.write_wire_scope: net not found
2026-10-07 02:14:45.886 WARN   Wiring.write_wire_scope: net not found
2026-10-07 02:14:45.886 WARN   Wiring.write_wire_scope: net not found
2026-10-07 02:14:45.886 WARN   Wiring.write_wire_scope: net not found
2026-10-07 02:14:45.886 WARN   Wiring.write_wire_scope: net not found
2026-10-07 02:14:45.886 WARN   Wiring.write_wire_scope: net not found
2026-10-07 02:14:45.886 WARN   Wiring.write_wire_scope: net not found
2026-10-07 02:14:45.886 WARN   Wiring.write_wire_scope: net not found
2026-10-07 02:14:45.886 WARN   Wiring.write_wire_scope: net not found
2026-10-07 02:14:45.886 WARN   Wiring.write_wire_scope: net not found
2026-10-07 02:14:45.886 WARN   Wiring.write_wire_scope: net not found
2026-10-07 02:14:45.886 WARN   Wiring.write_wire_scope: net not found
2026-10-07 02:14:45.886 WARN   Wiring.write_wire_scope: net not found
2026-10-07 02:14:45.886 WARN   Wiring.write_wire_scope: net not found
2026-10-07 02:14:45.886 WARN   Wiring.write_wire_scope: net not found
2026-10-07 02:14:45.886 WARN   Wiring.write_wire_scope: net not found
2026-10-07 02:14:45.886 WARN   Wiring.write_wire_scope: net not found
2026-10-07 02:14:45.886 WARN   Wiring.write_wire_scope: net not found
2026-10-07 02:14:45.886 WARN   Wiring.write_wire_scope: net not found
2026-10-07 02:14:45.886 WARN   Wiring.write_wire_scope: net not found
2026-10-07 02:14:45.886 WARN   Wiring.write_wire_scope: net not found
2026-10-07 02:14:45.886 WARN   Wiring.write_wire_scope: net not found
2026-10-07 02:14:45.886 WARN   Wiring.write_wire_scope: net not found
2026-10-07 02:14:45.886 WARN   Wiring.write_wire_scope: net not found
2026-10-07 02:14:45.886 WARN   Wiring.write_wire_scope: net not found
2026-10-07 02:14:45.886 WARN   Wiring.write_wire_scope: net not found
2026-10-07 02:14:45.886 WARN   Wiring.write_wire_scope: net not found
2026-10-07 02:14:45.886 WARN   Wiring.write_wire_scope: net not found
2026-10-07 02:14:45.886 WARN   Wiring.write_wire_scope: net not found
2026-10-07 02:14:45.886 WARN   Wiring.write_wire_scope: net not found
2026-10-07 02:14:45.886 WARN   Wiring.write_wire_scope: net not found
2026-10-07 02:14:45.886 WARN   Wiring.write_wire_scope: net not found
2026-10-07 02:14:45.886 WARN   Wiring.write_wire_scope: net not found
2026-10-07 02:14:45.886 WARN   Wiring.write_wire_scope: net not found
2026-10-07 02:14:45.886 WARN   Wiring.write_wire_scope: net not found
2026-10-07 02:14:45.886 WARN   Wiring.write_wire_scope: net not found
2026-10-07 02:14:45.886 WARN   Wiring.write_wire_scope: net not found
2026-10-07 02:14:45.886 WARN   Wiring.write_wire_scope: net not found
2026-10-07 02:14:45.886 WARN   Wiring.write_wire_scope: net not found
2026-10-07 02:14:45.886 WARN   Wiring.write_wire_scope: net not found
2026-10-07 02:14:45.886 WARN   Wiring.write_wire_scope: net not found
2026-10-07 02:14:45.886 WARN   Wiring.write_wire_scope: net not found
2026-10-07 02:14:45.886 WARN   Wiring.write_wire_scope: net not found
2026-10-07 02:14:45.886 WARN   Wiring.write_wire_scope: net not found
2026-10-07 02:14:45.886 WARN   Wiring.write_wire_scope: net not found
2026-10-07 02:14:45.886 WARN   Wiring.write_wire_scope: net not found
2026-10-07 02:14:45.886 WARN   Wiring.write_wire_scope: net not found
2026-10-07 02:14:45.920 WARN   Wiring.write_wire_scope: net not found
2026-10-07 02:14:45.920 WARN   Wiring.write_wire_scope: net not found
2026-10-07 02:14:45.920 WARN   Wiring.write_wire_scope: net not found
2026-10-07 02:14:45.920 WARN   Wiring.write_wire_scope: net not found
2026-10-07 02:14:45.920 WARN   Wiring.write_wire_scope: net not found
2026-10-07 02:14:45.920 WARN   Wiring.write_wire_scope: net not found
2026-10-07 02:14:45.920 WARN   Wiring.write_wire_scope: net not found
2026-10-07 02:14:45.920 WARN   Wiring.write_wire_scope: net not found
2026-10-07 02:14:45.920 WARN   Wiring.write_wire_scope: net not found
2026-10-07 02:14:45.920 WARN   Wiring.write_wire_scope: net not found
2026-10-07 02:14:45.920 WARN   Wiring.write_wire_scope: net not found
2026-10-07 02:14:45.920 WARN   Wiring.write_wire_scope: net not found
2026-10-07 02:14:45.920 WARN   Wiring.write_wire_scope: net not found
2026-10-07 02:14:45.920 WARN   Wiring.write_wire_scope: net not found
2026-10-07 02:14:45.920 WARN   Wiring.write_wire_scope: net not found
2026-10-07 02:14:45.920 WARN   Wiring.write_wire_scope: net not found
2026-10-07 02:14:45.920 WARN   Wiring.write_wire_scope: net not found
2026-10-07 02:14:45.920 WARN   Wiring.write_wire_scope: net not found
2026-10-07 02:14:45.920 WARN   Wiring.write_wire_scope: net not found
2026-10-07 02:14:45.920 WARN   Wiring.write_wire_scope: net not found
2026-10-07 02:14:45.920 WARN   Wiring.write_wire_scope: net not found
2026-10-07 02:14:45.920 WARN   Wiring.write_wire_scope: net not found
2026-10-07 02:14:45.920 WARN   Wiring.write_wire_scope: net not found
2026-10-07 02:14:45.920 WARN   Wiring.write_wire_scope: net not found
2026-10-07 02:14:45.920 WARN   Wiring.write_wire_scope: net not found
2026-10-07 02:14:45.920 WARN   Wiring.write_wire_scope: net not found
2026-10-07 02:14:45.920 WARN   Wiring.write_wire_scope: net not found
2026-10-07 02:14:45.920 WARN   Wiring.write_wire_scope: net not found
2026-10-07 02:14:45.920 WARN   Wiring.write_wire_scope: net not found
2026-10-07 02:14:45.920 WARN   Wiring.write_wire_scope: net not found
2026-10-07 02:14:45.920 WARN   Wiring.write_wire_scope: net not found
2026-10-07 02:14:45.920 WARN   Wiring.write_wire_scope: net not found
2026-10-07 02:14:45.920 WARN   Wiring.write_wire_scope: net not found
2026-10-07 02:14:45.920 WARN   Wiring.write_wire_scope: net not found
2026-10-07 02:14:45.920 WARN   Wiring.write_wire_scope: net not found
2026-10-07 02:14:45.920 WARN   Wiring.write_wire_scope: net not found
2026-10-07 02:14:45.920 WARN   Wiring.write_wire_scope: net not found
2026-10-07 02:14:45.920 WARN   Wiring.write_wire_scope: net not found
2026-10-07 02:14:45.920 WARN   Wiring.write_wire_scope: net not found
2026-10-07 02:14:45.920 WARN   Wiring.write_wire_scope: net not found
2026-10-07 02:14:45.920 WARN   Wiring.write_wire_scope: net not found
2026-10-07 02:14:45.920 WARN   Wiring.write_wire_scope: net not found
2026-10-07 02:14:45.920 WARN   Wiring.write_wire_scope: net not found
2026-10-07 02:14:45.920 WARN   Wiring.write_wire_scope: net not found
2026-10-07 02:14:45.920 WARN   Wiring.write_wire_scope: net not found
2026-10-07 02:14:45.920 WARN   Wiring.write_wire_scope: net not found
2026-10-07 02:14:45.920 WARN   Wiring.write_wire_scope: net not found
2026-10-07 02:14:45.920 WARN   Wiring.write_wire_scope: net not found
2026-10-07 02:14:45.920 WARN   Wiring.write_wire_scope: net not found
2026-10-07 02:14:45.920 WARN   Wiring.write_wire_scope: net not found
2026-10-07 02:14:45.920 WARN   Wiring.write_wire_scope: net not found
2026-10-07 02:14:45.920 WARN   Wiring.write_wire_scope: net not found
2026-10-07 02:14:45.920 WARN   Wiring.write_wire_scope: net not found
2026-10-07 02:14:45.920 WARN   Wiring.write_wire_scope: net not found
2026-10-07 02:14:45.920 WARN   Wiring.write_wire_scope: net not found
2026-10-07 02:14:45.920 WARN   Wiring.write_wire_scope: net not found
2026-10-07 02:14:45.920 WARN   Wiring.write_wire_scope: net not found
2026-10-07 02:14:45.920 WARN   Wiring.write_wire_scope: net not found
2026-10-07 02:14:45.920 WARN   Wiring.write_wire_scope: net not found
2026-10-07 02:14:45.920 WARN   Wiring.write_wire_scope: net not found
2026-10-07 02:14:45.920 WARN   Wiring.write_wire_scope: net not found
2026-10-07 02:14:45.920 WARN   Wiring.write_wire_scope: net not found
2026-10-07 02:14:45.920 WARN   Wiring.write_wire_scope: net not found
2026-10-07 02:14:45.920 WARN   Wiring.write_wire_scope: net not found
2026-10-07 02:14:45.920 WARN   Wiring.write_wire_scope: net not found
2026-10-07 02:14:45.920 WARN   Wiring.write_wire_scope: net not found
2026-10-07 02:14:45.920 WARN   Wiring.write_wire_scope: net not found
2026-10-07 02:14:45.920 WARN   Wiring.write_wire_scope: net not found
2026-10-07 02:14:45.920 WARN   Wiring.write_wire_scope: net not found
2026-10-07 02:14:45.920 WARN   Wiring.write_wire_scope: net not found
2026-10-07 02:14:45.920 WARN   Wiring.write_wire_scope: net not found
2026-10-07 02:14:45.920 WARN   Wiring.write_wire_scope: net not found
2026-10-07 02:14:45.920 WARN   Wiring.write_wire_scope: net not found
2026-10-07 02:14:45.920 WARN   Wiring.write_wire_scope: net not found
2026-10-07 02:14:45.920 WARN   Wiring.write_wire_scope: net not found
2026-10-07 02:14:45.920 WARN   Wiring.write_wire_scope: net not found
2026-10-07 02:14:45.920 WARN   Wiring.write_wire_scope: net not found
2026-10-07 02:14:45.920 WARN   Wiring.write_wire_scope: net not found
2026-10-07 02:14:45.920 WARN   Wiring.write_wire_scope: net not found
2026-10-07 02:14:45.920 WARN   Wiring.write_wire_scope: net not found
2026-10-07 02:14:45.920 WARN   Wiring.write_wire_scope: net not found
2026-10-07 02:14:45.920 WARN   Wiring.write_wire_scope: net not found
2026-10-07 02:14:45.920 WARN   Wiring.write_wire_scope: net not found
2026-10-07 02:14:45.920 WARN   Wiring.write_wire_scope: net not found
2026-10-07 02:14:45.920 WARN   Wiring.write_wire_scope: net not found
2026-10-07 02:14:45.920 WARN   Wiring.write_wire_scope: net not found
2026-10-07 02:14:45.920 WARN   Wiring.write_wire_scope: net not found
2026-10-07 02:14:45.920 WARN   Wiring.write_wire_scope: net not found
2026-10-07 02:14:45.920 WARN   Wiring.write_wire_scope: net not found
2026-10-07 02:14:45.920 WARN   Wiring.write_wire_scope: net not found
2026-10-07 02:14:45.920 WARN   Wiring.write_wire_scope: net not found
2026-10-07 02:14:45.920 WARN   Wiring.write_wire_scope: net not found
2026-10-07 02:14:45.920 WARN   Wiring.write_wire_scope: net not found
2026-10-07 02:14:45.920 WARN   Wiring.write_wire_scope: net not found
2026-10-07 02:14:45.920 WARN   Wiring.write_wire_scope: net not found
2026-10-07 02:14:45.920 WARN   Wiring.write_wire_scope: net not found
2026-10-07 02:14:45.920 WARN   Wiring.write_wire_scope: net not found
2026-10-07 02:14:45.920 WARN   Wiring.write_wire_scope: net not found
2026-10-07 02:14:45.921 WARN   Wiring.write_wire_scope: net not found
2026-10-07 02:14:45.921 WARN   Wiring.write_wire_scope: net not found
2026-10-07 02:14:45.921 WARN   Wiring.write_wire_scope: net not found
2026-10-07 02:14:45.921 WARN   Wiring.write_wire_scope: net not found
2026-10-07 02:14:45.921 WARN   Wiring.write_wire_scope: net not found
2026-10-07 02:14:45.921 WARN   Wiring.write_wire_scope: net not found
2026-10-07 02:14:45.921 WARN   Wiring.write_wire_scope: net not found
2026-10-07 02:14:45.921 WARN   Wiring.write_wire_scope: net not found
2026-10-07 02:14:45.921 WARN   Wiring.write_wire_scope: net not found
2026-10-07 02:14:45.921 WARN   Wiring.write_wire_scope: net not found
2026-10-07 02:14:45.921 WARN   Wiring.write_wire_scope: net not found
2026-10-07 02:14:45.921 WARN   Wiring.write_wire_scope: net not found
2026-10-07 02:14:45.921 WARN   Wiring.write_wire_scope: net not found
2026-10-07 02:14:45.921 WARN   Wiring.write_wire_scope: net not found
2026-10-07 02:14:45.921 WARN   Wiring.write_wire_scope: net not found
2026-10-07 02:14:45.921 WARN   Wiring.write_wire_scope: net not found
2026-10-07 02:14:45.921 WARN   Wiring.write_wire_scope: net not found
2026-10-07 02:14:45.921 WARN   Wiring.write_wire_scope: net not found
2026-10-07 02:14:45.921 WARN   Wiring.write_wire_scope: net not found
2026-10-07 02:14:45.921 WARN   Wiring.write_wire_scope: net not found
2026-10-07 02:14:45.921 WARN   Wiring.write_wire_scope: net not found
2026-10-07 02:14:45.921 WARN   Wiring.write_wire_scope: net not found
2026-10-07 02:14:45.921 WARN   Wiring.write_wire_scope: net not found
2026-10-07 02:14:45.921 WARN   Wiring.write_wire_scope: net not found
2026-10-07 02:14:45.921 WARN   Wiring.write_wire_scope: net not found
2026-10-07 02:14:45.921 WARN   Wiring.write_wire_scope: net not found
2026-10-07 02:14:45.921 WARN   Wiring.write_wire_scope: net not found
2026-10-07 02:14:45.921 WARN   Wiring.write_wire_scope: net not found
2026-10-07 02:14:45.921 WARN   Wiring.write_wire_scope: net not found
2026-10-07 02:14:45.921 WARN   Wiring.write_wire_scope: net not found
2026-10-07 02:14:45.921 WARN   Wiring.write_wire_scope: net not found
2026-10-07 02:14:45.921 WARN   Wiring.write_wire_scope: net not found
2026-10-07 02:14:45.921 WARN   Wiring.write_wire_scope: net not found
2026-10-07 02:14:45.921 WARN   Wiring.write_wire_scope: net not found
2026-10-07 02:14:45.921 WARN   Wiring.write_wire_scope: net not found
2026-10-07 02:14:45.921 WARN   Wiring.write_wire_scope: net not found
2026-10-07 02:14:45.921 WARN   Wiring.write_wire_scope: net not found
2026-10-07 02:14:45.921 WARN   Wiring.write_wire_scope: net not found
2026-10-07 02:14:46.009 WARN   Wiring.write_wire_scope: net not found
2026-10-07 02:14:46.009 WARN   Wiring.write_wire_scope: net not found
2026-10-07 02:14:46.009 WARN   Wiring.write_wire_scope: net not found
2026-10-07 02:14:46.009 WARN   Wiring.write_wire_scope: net not found
2026-10-07 02:14:46.009 WARN   Wiring.write_wire_scope: net not found
2026-10-07 02:14:46.009 WARN   Wiring.write_wire_scope: net not found
2026-10-07 02:14:46.009 WARN   Wiring.write_wire_scope: net not found
2026-10-07 02:14:46.009 WARN   Wiring.write_wire_scope: net not found
2026-10-07 02:14:46.009 WARN   Wiring.write_wire_scope: net not found
2026-10-07 02:14:46.009 WARN   Wiring.write_wire_scope: net not found
2026-10-07 02:14:46.009 WARN   Wiring.write_wire_scope: net not found
2026-10-07 02:14:46.009 WARN   Wiring.write_wire_scope: net not found
2026-10-07 02:14:46.009 WARN   Wiring.write_wire_scope: net not found
2026-10-07 02:14:46.009 WARN   Wiring.write_wire_scope: net not found
2026-10-07 02:14:46.009 WARN   Wiring.write_wire_scope: net not found
2026-10-07 02:14:46.009 WARN   Wiring.write_wire_scope: net not found
2026-10-07 02:14:46.009 WARN   Wiring.write_wire_scope: net not found
2026-10-07 02:14:46.009 WARN   Wiring.write_wire_scope: net not found
2026-10-07 02:14:46.009 WARN   Wiring.write_wire_scope: net not found
2026-10-07 02:14:46.009 WARN   Wiring.write_wire_scope: net not found
2026-10-07 02:14:46.009 WARN   Wiring.write_wire_scope: net not found
2026-10-07 02:14:46.009 WARN   Wiring.write_wire_scope: net not found
2026-10-07 02:14:46.009 WARN   Wiring.write_wire_scope: net not found
2026-10-07 02:14:46.009 WARN   Wiring.write_wire_scope: net not found
2026-10-07 02:14:46.009 WARN   Wiring.write_wire_scope: net not found
2026-10-07 02:14:46.009 WARN   Wiring.write_wire_scope: net not found
2026-10-07 02:14:46.009 WARN   Wiring.write_wire_scope: net not found
2026-10-07 02:14:46.009 WARN   Wiring.write_wire_scope: net not found
2026-10-07 02:14:46.009 WARN   Wiring.write_wire_scope: net not found
2026-10-07 02:14:46.009 WARN   Wiring.write_wire_scope: net not found
2026-10-07 02:14:46.009 WARN   Wiring.write_wire_scope: net not found
2026-10-07 02:14:46.009 WARN   Wiring.write_wire_scope: net not found
2026-10-07 02:14:46.009 WARN   Wiring.write_wire_scope: net not found
2026-10-07 02:14:46.009 WARN   Wiring.write_wire_scope: net not found
2026-10-07 02:14:46.009 WARN   Wiring.write_wire_scope: net not found
2026-10-07 02:14:46.009 WARN   Wiring.write_wire_scope: net not found
2026-10-07 02:14:46.009 WARN   Wiring.write_wire_scope: net not found
2026-10-07 02:14:46.009 WARN   Wiring.write_wire_scope: net not found
2026-10-07 02:14:46.009 WARN   Wiring.write_wire_scope: net not found
2026-10-07 02:14:46.009 WARN   Wiring.write_wire_scope: net not found
2026-10-07 02:14:46.009 WARN   Wiring.write_wire_scope: net not found
2026-10-07 02:14:46.009 WARN   Wiring.write_wire_scope: net not found
2026-10-07 02:14:46.009 WARN   Wiring.write_wire_scope: net not found
2026-10-07 02:14:46.009 WARN   Wiring.write_wire_scope: net not found
2026-10-07 02:14:46.009 WARN   Wiring.write_wire_scope: net not found
2026-10-07 02:14:46.009 WARN   Wiring.write_wire_scope: net not found
2026-10-07 02:14:46.009 WARN   Wiring.write_wire_scope: net not found
2026-10-07 02:14:46.009 WARN   Wiring.write_wire_scope: net not found
2026-10-07 02:14:46.009 WARN   Wiring.write_wire_scope: net not found
2026-10-07 02:14:46.009 WARN   Wiring.write_wire_scope: net not found
2026-10-07 02:14:46.009 WARN   Wiring.write_wire_scope: net not found
2026-10-07 02:14:46.009 WARN   Wiring.write_wire_scope: net not found
2026-10-07 02:14:46.009 WARN   Wiring.write_wire_scope: net not found
2026-10-07 02:14:46.009 WARN   Wiring.write_wire_scope: net not found
2026-10-07 02:14:46.009 WARN   Wiring.write_wire_scope: net not found
2026-10-07 02:14:46.009 WARN   Wiring.write_wire_scope: net not found
2026-10-07 02:14:46.009 WARN   Wiring.write_wire_scope: net not found
2026-10-07 02:14:46.009 WARN   Wiring.write_wire_scope: net not found
2026-10-07 02:14:46.009 WARN   Wiring.write_wire_scope: net not found
2026-10-07 02:14:46.009 WARN   Wiring.write_wire_scope: net not found
2026-10-07 02:14:46.009 WARN   Wiring.write_wire_scope: net not found
2026-10-07 02:14:46.009 WARN   Wiring.write_wire_scope: net not found
2026-10-07 02:14:46.009 WARN   Wiring.write_wire_scope: net not found
2026-10-07 02:14:46.009 WARN   Wiring.write_wire_scope: net not found
2026-10-07 02:14:46.009 WARN   Wiring.write_wire_scope: net not found
2026-10-07 02:14:46.009 WARN   Wiring.write_wire_scope: net not found
2026-10-07 02:14:46.009 WARN   Wiring.write_wire_scope: net not found
2026-10-07 02:14:46.009 WARN   Wiring.write_wire_scope: net not found
2026-10-07 02:14:46.009 WARN   Wiring.write_wire_scope: net not found
2026-10-07 02:14:46.009 WARN   Wiring.write_wire_scope: net not found
2026-10-07 02:14:46.009 WARN   Wiring.write_wire_scope: net not found
2026-10-07 02:14:46.009 WARN   Wiring.write_wire_scope: net not found
2026-10-07 02:14:46.009 WARN   Wiring.write_wire_scope: net not found
2026-10-07 02:14:46.009 WARN   Wiring.write_wire_scope: net not found
2026-10-07 02:14:46.009 WARN   Wiring.write_wire_scope: net not found
2026-10-07 02:14:46.009 WARN   Wiring.write_wire_scope: net not found
2026-10-07 02:14:46.009 WARN   Wiring.write_wire_scope: net not found
2026-10-07 02:14:46.009 WARN   Wiring.write_wire_scope: net not found
2026-10-07 02:14:46.009 WARN   Wiring.write_wire_scope: net not found
2026-10-07 02:14:46.009 WARN   Wiring.write_wire_scope: net not found
2026-10-07 02:14:46.009 WARN   Wiring.write_wire_scope: net not found
2026-10-07 02:14:46.009 WARN   Wiring.write_wire_scope: net not found
2026-10-07 02:14:46.009 WARN   Wiring.write_wire_scope: net not found
2026-10-07 02:14:46.009 WARN   Wiring.write_wire_scope: net not found
2026-10-07 02:14:46.009 WARN   Wiring.write_wire_scope: net not found
2026-10-07 02:14:46.009 WARN   Wiring.write_wire_scope: net not found
2026-10-07 02:14:46.009 WARN   Wiring.write_wire_scope: net not found
2026-10-07 02:14:46.009 WARN   Wiring.write_wire_scope: net not found
2026-10-07 02:14:46.009 WARN   Wiring.write_wire_scope: net not found
2026-10-07 02:14:46.009 WARN   Wiring.write_wire_scope: net not found
2026-10-07 02:14:46.009 WARN   Wiring.write_wire_scope: net not found
2026-10-07 02:14:46.009 WARN   Wiring.write_wire_scope: net not found
2026-10-07 02:14:46.009 WARN   Wiring.write_wire_scope: net not found
2026-10-07 02:14:46.009 WARN   Wiring.write_wire_scope: net not found
2026-10-07 02:14:46.009 WARN   Wiring.write_wire_scope: net not found
2026-10-07 02:14:46.009 WARN   Wiring.write_wire_scope: net not found
2026-10-07 02:14:46.009 WARN   Wiring.write_wire_scope: net not found
2026-10-07 02:14:46.009 WARN   Wiring.write_wire_scope: net not found
2026-10-07 02:14:46.009 WARN   Wiring.write_wire_scope: net not found
2026-10-07 02:14:46.009 WARN   Wiring.write_wire_scope: net not found
2026-10-07 02:14:46.009 WARN   Wiring.write_wire_scope: net not found
2026-10-07 02:14:46.009 WARN   Wiring.write_wire_scope: net not found
2026-10-07 02:14:46.009 WARN   Wiring.write_wire_scope: net not found
2026-10-07 02:14:46.009 WARN   Wiring.write_wire_scope: net not found
2026-10-07 02:14:46.009 WARN   Wiring.write_wire_scope: net not found
2026-10-07 02:14:46.009 WARN   Wiring.write_wire_scope: net not found
2026-10-07 02:14:46.009 WARN   Wiring.write_wire_scope: net not found
2026-10-07 02:14:46.009 WARN   Wiring.write_wire_scope: net not found
2026-10-07 02:14:46.009 WARN   Wiring.write_wire_scope: net not found
2026-10-07 02:14:46.009 WARN   Wiring.write_wire_scope: net not found
2026-10-07 02:14:46.009 WARN   Wiring.write_wire_scope: net not found
2026-10-07 02:14:46.009 WARN   Wiring.write_wire_scope: net not found
2026-10-07 02:14:46.009 WARN   Wiring.write_wire_scope: net not found
2026-10-07 02:14:46.009 WARN   Wiring.write_wire_scope: net not found
2026-10-07 02:14:46.009 WARN   Wiring.write_wire_scope: net not found
2026-10-07 02:14:46.009 WARN   Wiring.write_wire_scope: net not found
2026-10-07 02:14:46.009 WARN   Wiring.write_wire_scope: net not found
2026-10-07 02:14:46.009 WARN   Wiring.write_wire_scope: net not found
2026-10-07 02:14:46.009 WARN   Wiring.write_wire_scope: net not found
2026-10-07 02:14:46.009 WARN   Wiring.write_wire_scope: net not found
2026-10-07 02:14:46.009 WARN   Wiring.write_wire_scope: net not found
2026-10-07 02:14:46.009 WARN   Wiring.write_wire_scope: net not found
2026-10-07 02:14:46.009 WARN   Wiring.write_wire_scope: net not found
2026-10-07 02:14:46.009 WARN   Wiring.write_wire_scope: net not found
2026-10-07 02:14:46.009 WARN   Wiring.write_wire_scope: net not found
2026-10-07 02:14:46.009 WARN   Wiring.write_wire_scope: net not found
2026-10-07 02:14:46.009 WARN   Wiring.write_wire_scope: net not found
2026-10-07 02:14:46.009 WARN   Wiring.write_wire_scope: net not found
2026-10-07 02:14:46.009 WARN   Wiring.write_wire_scope: net not found
2026-10-07 02:14:46.009 WARN   Wiring.write_wire_scope: net not found
2026-10-07 02:14:46.009 WARN   Wiring.write_wire_scope: net not found
2026-10-07 02:14:46.009 WARN   Wiring.write_wire_scope: net not found
2026-10-07 02:14:46.009 WARN   Wiring.write_wire_scope: net not found
2026-10-07 02:14:46.009 WARN   Wiring.write_wire_scope: net not found
2026-10-07 02:14:46.009 WARN   Wiring.write_wire_scope: net not found
2026-10-07 02:14:46.009 WARN   Wiring.write_wire_scope: net not found
2026-10-07 02:14:46.013 INFO   [DBE365\4FD394] Fanout pass #2 on board 'a4efc2c896b84e9bffda51ac9e008b15' completed in 0.13 seconds with 0 SMD pins fanouted, 8 not routed, 0 insert errors, +0 extra vias (0 SMD pins still to check in pass, ripup costs=200).
2026-10-07 02:14:46.016 INFO   [DBE365\4FD394] Fanout stage completed: started with 24 total SMD pins, completed in 0.60 seconds, escaped pins: 16/24 (66.7%), using 0.61 total CPU seconds, 0.33 GB total allocated, and 331.7 MB peak heap usage.
2026-10-07 02:14:46.107 INFO   [DBE365\4FD394] Auto-routing stage started on board 'a4efc2c896b84e9bffda51ac9e008b15' with baseline score 241.04 for 17 unrouted items.
2026-10-07 02:14:46.191 WARN   Wiring.write_wire_scope: net not found
2026-10-07 02:14:46.192 WARN   Wiring.write_wire_scope: net not found
2026-10-07 02:14:46.192 WARN   Wiring.write_wire_scope: net not found
2026-10-07 02:14:46.192 WARN   Wiring.write_wire_scope: net not found
2026-10-07 02:14:46.192 WARN   Wiring.write_wire_scope: net not found
2026-10-07 02:14:46.192 WARN   Wiring.write_wire_scope: net not found
2026-10-07 02:14:46.192 WARN   Wiring.write_wire_scope: net not found
2026-10-07 02:14:46.192 WARN   Wiring.write_wire_scope: net not found
2026-10-07 02:14:46.192 WARN   Wiring.write_wire_scope: net not found
2026-10-07 02:14:46.192 WARN   Wiring.write_wire_scope: net not found
2026-10-07 02:14:46.192 WARN   Wiring.write_wire_scope: net not found
2026-10-07 02:14:46.192 WARN   Wiring.write_wire_scope: net not found
2026-10-07 02:14:46.192 WARN   Wiring.write_wire_scope: net not found
2026-10-07 02:14:46.192 WARN   Wiring.write_wire_scope: net not found
2026-10-07 02:14:46.192 WARN   Wiring.write_wire_scope: net not found
2026-10-07 02:14:46.192 WARN   Wiring.write_wire_scope: net not found
2026-10-07 02:14:46.192 WARN   Wiring.write_wire_scope: net not found
2026-10-07 02:14:46.192 WARN   Wiring.write_wire_scope: net not found
2026-10-07 02:14:46.192 WARN   Wiring.write_wire_scope: net not found
2026-10-07 02:14:46.192 WARN   Wiring.write_wire_scope: net not found
2026-10-07 02:14:46.192 WARN   Wiring.write_wire_scope: net not found
2026-10-07 02:14:46.192 WARN   Wiring.write_wire_scope: net not found
2026-10-07 02:14:46.192 WARN   Wiring.write_wire_scope: net not found
2026-10-07 02:14:46.192 WARN   Wiring.write_wire_scope: net not found
2026-10-07 02:14:46.192 WARN   Wiring.write_wire_scope: net not found
2026-10-07 02:14:46.192 WARN   Wiring.write_wire_scope: net not found
2026-10-07 02:14:46.192 WARN   Wiring.write_wire_scope: net not found
2026-10-07 02:14:46.192 WARN   Wiring.write_wire_scope: net not found
2026-10-07 02:14:46.192 WARN   Wiring.write_wire_scope: net not found
2026-10-07 02:14:46.192 WARN   Wiring.write_wire_scope: net not found
2026-10-07 02:14:46.192 WARN   Wiring.write_wire_scope: net not found
2026-10-07 02:14:46.192 WARN   Wiring.write_wire_scope: net not found
2026-10-07 02:14:46.192 WARN   Wiring.write_wire_scope: net not found
2026-10-07 02:14:46.192 WARN   Wiring.write_wire_scope: net not found
2026-10-07 02:14:46.192 WARN   Wiring.write_wire_scope: net not found
2026-10-07 02:14:46.192 WARN   Wiring.write_wire_scope: net not found
2026-10-07 02:14:46.192 WARN   Wiring.write_wire_scope: net not found
2026-10-07 02:14:46.192 WARN   Wiring.write_wire_scope: net not found
2026-10-07 02:14:46.192 WARN   Wiring.write_wire_scope: net not found
2026-10-07 02:14:46.192 WARN   Wiring.write_wire_scope: net not found
2026-10-07 02:14:46.192 WARN   Wiring.write_wire_scope: net not found
2026-10-07 02:14:46.192 WARN   Wiring.write_wire_scope: net not found
2026-10-07 02:14:46.192 WARN   Wiring.write_wire_scope: net not found
2026-10-07 02:14:46.192 WARN   Wiring.write_wire_scope: net not found
2026-10-07 02:14:46.192 WARN   Wiring.write_wire_scope: net not found
2026-10-07 02:14:46.192 WARN   Wiring.write_wire_scope: net not found
2026-10-07 02:14:46.192 WARN   Wiring.write_wire_scope: net not found
2026-10-07 02:14:46.192 WARN   Wiring.write_wire_scope: net not found
2026-10-07 02:14:46.192 WARN   Wiring.write_wire_scope: net not found
2026-10-07 02:14:46.192 WARN   Wiring.write_wire_scope: net not found
2026-10-07 02:14:46.192 WARN   Wiring.write_wire_scope: net not found
2026-10-07 02:14:46.192 WARN   Wiring.write_wire_scope: net not found
2026-10-07 02:14:46.192 WARN   Wiring.write_wire_scope: net not found
2026-10-07 02:14:46.192 WARN   Wiring.write_wire_scope: net not found
2026-10-07 02:14:46.192 WARN   Wiring.write_wire_scope: net not found
2026-10-07 02:14:46.192 WARN   Wiring.write_wire_scope: net not found
2026-10-07 02:14:46.192 WARN   Wiring.write_wire_scope: net not found
2026-10-07 02:14:46.192 WARN   Wiring.write_wire_scope: net not found
2026-10-07 02:14:46.192 WARN   Wiring.write_wire_scope: net not found
2026-10-07 02:14:46.192 WARN   Wiring.write_wire_scope: net not found
2026-10-07 02:14:46.192 WARN   Wiring.write_wire_scope: net not found
2026-10-07 02:14:46.192 WARN   Wiring.write_wire_scope: net not found
2026-10-07 02:14:46.192 WARN   Wiring.write_wire_scope: net not found
2026-10-07 02:14:46.192 WARN   Wiring.write_wire_scope: net not found
2026-10-07 02:14:46.192 WARN   Wiring.write_wire_scope: net not found
2026-10-07 02:14:46.192 WARN   Wiring.write_wire_scope: net not found
2026-10-07 02:14:46.192 WARN   Wiring.write_wire_scope: net not found
2026-10-07 02:14:46.192 WARN   Wiring.write_wire_scope: net not found
2026-10-07 02:14:46.192 WARN   Wiring.write_wire_scope: net not found
2026-10-07 02:14:46.192 WARN   Wiring.write_wire_scope: net not found
2026-10-07 02:14:46.192 WARN   Wiring.write_wire_scope: net not found
2026-10-07 02:14:46.192 WARN   Wiring.write_wire_scope: net not found
2026-10-07 02:14:46.192 WARN   Wiring.write_wire_scope: net not found
2026-10-07 02:14:46.192 WARN   Wiring.write_wire_scope: net not found
2026-10-07 02:14:46.192 WARN   Wiring.write_wire_scope: net not found
2026-10-07 02:14:46.192 WARN   Wiring.write_wire_scope: net not found
2026-10-07 02:14:46.192 WARN   Wiring.write_wire_scope: net not found
2026-10-07 02:14:46.192 WARN   Wiring.write_wire_scope: net not found
2026-10-07 02:14:46.192 WARN   Wiring.write_wire_scope: net not found
2026-10-07 02:14:46.192 WARN   Wiring.write_wire_scope: net not found
2026-10-07 02:14:46.192 WARN   Wiring.write_wire_scope: net not found
2026-10-07 02:14:46.192 WARN   Wiring.write_wire_scope: net not found
2026-10-07 02:14:46.192 WARN   Wiring.write_wire_scope: net not found
2026-10-07 02:14:46.192 WARN   Wiring.write_wire_scope: net not found
2026-10-07 02:14:46.192 WARN   Wiring.write_wire_scope: net not found
2026-10-07 02:14:46.192 WARN   Wiring.write_wire_scope: net not found
2026-10-07 02:14:46.192 WARN   Wiring.write_wire_scope: net not found
2026-10-07 02:14:46.192 WARN   Wiring.write_wire_scope: net not found
2026-10-07 02:14:46.192 WARN   Wiring.write_wire_scope: net not found
2026-10-07 02:14:46.192 WARN   Wiring.write_wire_scope: net not found
2026-10-07 02:14:46.192 WARN   Wiring.write_wire_scope: net not found
2026-10-07 02:14:46.192 WARN   Wiring.write_wire_scope: net not found
2026-10-07 02:14:46.192 WARN   Wiring.write_wire_scope: net not found
2026-10-07 02:14:46.192 WARN   Wiring.write_wire_scope: net not found
2026-10-07 02:14:46.192 WARN   Wiring.write_wire_scope: net not found
2026-10-07 02:14:46.192 WARN   Wiring.write_wire_scope: net not found
2026-10-07 02:14:46.192 WARN   Wiring.write_wire_scope: net not found
2026-10-07 02:14:46.192 WARN   Wiring.write_wire_scope: net not found
2026-10-07 02:14:46.192 WARN   Wiring.write_wire_scope: net not found
2026-10-07 02:14:46.192 WARN   Wiring.write_wire_scope: net not found
2026-10-07 02:14:46.192 WARN   Wiring.write_wire_scope: net not found
2026-10-07 02:14:46.192 WARN   Wiring.write_wire_scope: net not found
2026-10-07 02:14:46.192 WARN   Wiring.write_wire_scope: net not found
2026-10-07 02:14:46.192 WARN   Wiring.write_wire_scope: net not found
2026-10-07 02:14:46.192 WARN   Wiring.write_wire_scope: net not found
2026-10-07 02:14:46.192 WARN   Wiring.write_wire_scope: net not found
2026-10-07 02:14:46.192 WARN   Wiring.write_wire_scope: net not found
2026-10-07 02:14:46.192 WARN   Wiring.write_wire_scope: net not found
2026-10-07 02:14:46.192 WARN   Wiring.write_wire_scope: net not found
2026-10-07 02:14:46.192 WARN   Wiring.write_wire_scope: net not found
2026-10-07 02:14:46.192 WARN   Wiring.write_wire_scope: net not found
2026-10-07 02:14:46.192 WARN   Wiring.write_wire_scope: net not found
2026-10-07 02:14:46.192 WARN   Wiring.write_wire_scope: net not found
2026-10-07 02:14:46.192 WARN   Wiring.write_wire_scope: net not found
2026-10-07 02:14:46.192 WARN   Wiring.write_wire_scope: net not found
2026-10-07 02:14:46.192 WARN   Wiring.write_wire_scope: net not found
2026-10-07 02:14:46.192 WARN   Wiring.write_wire_scope: net not found
2026-10-07 02:14:46.192 WARN   Wiring.write_wire_scope: net not found
2026-10-07 02:14:46.192 WARN   Wiring.write_wire_scope: net not found
2026-10-07 02:14:46.192 WARN   Wiring.write_wire_scope: net not found
2026-10-07 02:14:46.192 WARN   Wiring.write_wire_scope: net not found
2026-10-07 02:14:46.192 WARN   Wiring.write_wire_scope: net not found
2026-10-07 02:14:46.192 WARN   Wiring.write_wire_scope: net not found
2026-10-07 02:14:46.192 WARN   Wiring.write_wire_scope: net not found
2026-10-07 02:14:46.192 WARN   Wiring.write_wire_scope: net not found
2026-10-07 02:14:46.192 WARN   Wiring.write_wire_scope: net not found
2026-10-07 02:14:46.192 WARN   Wiring.write_wire_scope: net not found
2026-10-07 02:14:46.192 WARN   Wiring.write_wire_scope: net not found
2026-10-07 02:14:46.192 WARN   Wiring.write_wire_scope: net not found
2026-10-07 02:14:46.192 WARN   Wiring.write_wire_scope: net not found
2026-10-07 02:14:46.192 WARN   Wiring.write_wire_scope: net not found
2026-10-07 02:14:46.192 WARN   Wiring.write_wire_scope: net not found
2026-10-07 02:14:46.192 WARN   Wiring.write_wire_scope: net not found
2026-10-07 02:14:46.192 WARN   Wiring.write_wire_scope: net not found
2026-10-07 02:14:46.192 WARN   Wiring.write_wire_scope: net not found
2026-10-07 02:14:46.192 WARN   Wiring.write_wire_scope: net not found
2026-10-07 02:14:46.248 WARN   Wiring.write_wire_scope: net not found
2026-10-07 02:14:46.248 WARN   Wiring.write_wire_scope: net not found
2026-10-07 02:14:46.248 WARN   Wiring.write_wire_scope: net not found
2026-10-07 02:14:46.248 WARN   Wiring.write_wire_scope: net not found
2026-10-07 02:14:46.248 WARN   Wiring.write_wire_scope: net not found
2026-10-07 02:14:46.248 WARN   Wiring.write_wire_scope: net not found
2026-10-07 02:14:46.248 WARN   Wiring.write_wire_scope: net not found
2026-10-07 02:14:46.248 WARN   Wiring.write_wire_scope: net not found
2026-10-07 02:14:46.248 WARN   Wiring.write_wire_scope: net not found
2026-10-07 02:14:46.248 WARN   Wiring.write_wire_scope: net not found
2026-10-07 02:14:46.248 WARN   Wiring.write_wire_scope: net not found
2026-10-07 02:14:46.248 WARN   Wiring.write_wire_scope: net not found
2026-10-07 02:14:46.248 WARN   Wiring.write_wire_scope: net not found
2026-10-07 02:14:46.248 WARN   Wiring.write_wire_scope: net not found
2026-10-07 02:14:46.248 WARN   Wiring.write_wire_scope: net not found
2026-10-07 02:14:46.248 WARN   Wiring.write_wire_scope: net not found
2026-10-07 02:14:46.248 WARN   Wiring.write_wire_scope: net not found
2026-10-07 02:14:46.248 WARN   Wiring.write_wire_scope: net not found
2026-10-07 02:14:46.248 WARN   Wiring.write_wire_scope: net not found
2026-10-07 02:14:46.248 WARN   Wiring.write_wire_scope: net not found
2026-10-07 02:14:46.248 WARN   Wiring.write_wire_scope: net not found
2026-10-07 02:14:46.248 WARN   Wiring.write_wire_scope: net not found
2026-10-07 02:14:46.248 WARN   Wiring.write_wire_scope: net not found
2026-10-07 02:14:46.248 WARN   Wiring.write_wire_scope: net not found
2026-10-07 02:14:46.248 WARN   Wiring.write_wire_scope: net not found
2026-10-07 02:14:46.248 WARN   Wiring.write_wire_scope: net not found
2026-10-07 02:14:46.248 WARN   Wiring.write_wire_scope: net not found
2026-10-07 02:14:46.248 WARN   Wiring.write_wire_scope: net not found
2026-10-07 02:14:46.249 WARN   Wiring.write_wire_scope: net not found
2026-10-07 02:14:46.249 WARN   Wiring.write_wire_scope: net not found
2026-10-07 02:14:46.249 WARN   Wiring.write_wire_scope: net not found
2026-10-07 02:14:46.249 WARN   Wiring.write_wire_scope: net not found
2026-10-07 02:14:46.249 WARN   Wiring.write_wire_scope: net not found
2026-10-07 02:14:46.249 WARN   Wiring.write_wire_scope: net not found
2026-10-07 02:14:46.249 WARN   Wiring.write_wire_scope: net not found
2026-10-07 02:14:46.249 WARN   Wiring.write_wire_scope: net not found
2026-10-07 02:14:46.249 WARN   Wiring.write_wire_scope: net not found
2026-10-07 02:14:46.249 WARN   Wiring.write_wire_scope: net not found
2026-10-07 02:14:46.249 WARN   Wiring.write_wire_scope: net not found
2026-10-07 02:14:46.249 WARN   Wiring.write_wire_scope: net not found
2026-10-07 02:14:46.249 WARN   Wiring.write_wire_scope: net not found
2026-10-07 02:14:46.249 WARN   Wiring.write_wire_scope: net not found
2026-10-07 02:14:46.249 WARN   Wiring.write_wire_scope: net not found
2026-10-07 02:14:46.249 WARN   Wiring.write_wire_scope: net not found
2026-10-07 02:14:46.249 WARN   Wiring.write_wire_scope: net not found
2026-10-07 02:14:46.249 WARN   Wiring.write_wire_scope: net not found
2026-10-07 02:14:46.249 WARN   Wiring.write_wire_scope: net not found
2026-10-07 02:14:46.249 WARN   Wiring.write_wire_scope: net not found
2026-10-07 02:14:46.249 WARN   Wiring.write_wire_scope: net not found
2026-10-07 02:14:46.249 WARN   Wiring.write_wire_scope: net not found
2026-10-07 02:14:46.249 WARN   Wiring.write_wire_scope: net not found
2026-10-07 02:14:46.249 WARN   Wiring.write_wire_scope: net not found
2026-10-07 02:14:46.249 WARN   Wiring.write_wire_scope: net not found
2026-10-07 02:14:46.249 WARN   Wiring.write_wire_scope: net not found
2026-10-07 02:14:46.249 WARN   Wiring.write_wire_scope: net not found
2026-10-07 02:14:46.249 WARN   Wiring.write_wire_scope: net not found
2026-10-07 02:14:46.249 WARN   Wiring.write_wire_scope: net not found
2026-10-07 02:14:46.249 WARN   Wiring.write_wire_scope: net not found
2026-10-07 02:14:46.249 WARN   Wiring.write_wire_scope: net not found
2026-10-07 02:14:46.249 WARN   Wiring.write_wire_scope: net not found
2026-10-07 02:14:46.249 WARN   Wiring.write_wire_scope: net not found
2026-10-07 02:14:46.249 WARN   Wiring.write_wire_scope: net not found
2026-10-07 02:14:46.249 WARN   Wiring.write_wire_scope: net not found
2026-10-07 02:14:46.249 WARN   Wiring.write_wire_scope: net not found
2026-10-07 02:14:46.249 WARN   Wiring.write_wire_scope: net not found
2026-10-07 02:14:46.249 WARN   Wiring.write_wire_scope: net not found
2026-10-07 02:14:46.249 WARN   Wiring.write_wire_scope: net not found
2026-10-07 02:14:46.249 WARN   Wiring.write_wire_scope: net not found
2026-10-07 02:14:46.249 WARN   Wiring.write_wire_scope: net not found
2026-10-07 02:14:46.249 WARN   Wiring.write_wire_scope: net not found
2026-10-07 02:14:46.249 WARN   Wiring.write_wire_scope: net not found
2026-10-07 02:14:46.249 WARN   Wiring.write_wire_scope: net not found
2026-10-07 02:14:46.249 WARN   Wiring.write_wire_scope: net not found
2026-10-07 02:14:46.249 WARN   Wiring.write_wire_scope: net not found
2026-10-07 02:14:46.249 WARN   Wiring.write_wire_scope: net not found
2026-10-07 02:14:46.249 WARN   Wiring.write_wire_scope: net not found
2026-10-07 02:14:46.249 WARN   Wiring.write_wire_scope: net not found
2026-10-07 02:14:46.249 WARN   Wiring.write_wire_scope: net not found
2026-10-07 02:14:46.249 WARN   Wiring.write_wire_scope: net not found
2026-10-07 02:14:46.249 WARN   Wiring.write_wire_scope: net not found
2026-10-07 02:14:46.249 WARN   Wiring.write_wire_scope: net not found
2026-10-07 02:14:46.249 WARN   Wiring.write_wire_scope: net not found
2026-10-07 02:14:46.249 WARN   Wiring.write_wire_scope: net not found
2026-10-07 02:14:46.249 WARN   Wiring.write_wire_scope: net not found
2026-10-07 02:14:46.249 WARN   Wiring.write_wire_scope: net not found
2026-10-07 02:14:46.249 WARN   Wiring.write_wire_scope: net not found
2026-10-07 02:14:46.249 WARN   Wiring.write_wire_scope: net not found
2026-10-07 02:14:46.249 WARN   Wiring.write_wire_scope: net not found
2026-10-07 02:14:46.249 WARN   Wiring.write_wire_scope: net not found
2026-10-07 02:14:46.249 WARN   Wiring.write_wire_scope: net not found
2026-10-07 02:14:46.249 WARN   Wiring.write_wire_scope: net not found
2026-10-07 02:14:46.249 WARN   Wiring.write_wire_scope: net not found
2026-10-07 02:14:46.249 WARN   Wiring.write_wire_scope: net not found
2026-10-07 02:14:46.249 WARN   Wiring.write_wire_scope: net not found
2026-10-07 02:14:46.249 WARN   Wiring.write_wire_scope: net not found
2026-10-07 02:14:46.249 WARN   Wiring.write_wire_scope: net not found
2026-10-07 02:14:46.249 WARN   Wiring.write_wire_scope: net not found
2026-10-07 02:14:46.249 WARN   Wiring.write_wire_scope: net not found
2026-10-07 02:14:46.249 WARN   Wiring.write_wire_scope: net not found
2026-10-07 02:14:46.249 WARN   Wiring.write_wire_scope: net not found
2026-10-07 02:14:46.249 WARN   Wiring.write_wire_scope: net not found
2026-10-07 02:14:46.249 WARN   Wiring.write_wire_scope: net not found
2026-10-07 02:14:46.249 WARN   Wiring.write_wire_scope: net not found
2026-10-07 02:14:46.249 WARN   Wiring.write_wire_scope: net not found
2026-10-07 02:14:46.249 WARN   Wiring.write_wire_scope: net not found
2026-10-07 02:14:46.249 WARN   Wiring.write_wire_scope: net not found
2026-10-07 02:14:46.249 WARN   Wiring.write_wire_scope: net not found
2026-10-07 02:14:46.249 WARN   Wiring.write_wire_scope: net not found
2026-10-07 02:14:46.249 WARN   Wiring.write_wire_scope: net not found
2026-10-07 02:14:46.249 WARN   Wiring.write_wire_scope: net not found
2026-10-07 02:14:46.249 WARN   Wiring.write_wire_scope: net not found
2026-10-07 02:14:46.249 WARN   Wiring.write_wire_scope: net not found
2026-10-07 02:14:46.249 WARN   Wiring.write_wire_scope: net not found
2026-10-07 02:14:46.249 WARN   Wiring.write_wire_scope: net not found
2026-10-07 02:14:46.249 WARN   Wiring.write_wire_scope: net not found
2026-10-07 02:14:46.249 WARN   Wiring.write_wire_scope: net not found
2026-10-07 02:14:46.249 WARN   Wiring.write_wire_scope: net not found
2026-10-07 02:14:46.249 WARN   Wiring.write_wire_scope: net not found
2026-10-07 02:14:46.249 WARN   Wiring.write_wire_scope: net not found
2026-10-07 02:14:46.249 WARN   Wiring.write_wire_scope: net not found
2026-10-07 02:14:46.249 WARN   Wiring.write_wire_scope: net not found
2026-10-07 02:14:46.249 WARN   Wiring.write_wire_scope: net not found
2026-10-07 02:14:46.249 WARN   Wiring.write_wire_scope: net not found
2026-10-07 02:14:46.249 WARN   Wiring.write_wire_scope: net not found
2026-10-07 02:14:46.249 WARN   Wiring.write_wire_scope: net not found
2026-10-07 02:14:46.249 WARN   Wiring.write_wire_scope: net not found
2026-10-07 02:14:46.249 WARN   Wiring.write_wire_scope: net not found
2026-10-07 02:14:46.249 WARN   Wiring.write_wire_scope: net not found
2026-10-07 02:14:46.249 WARN   Wiring.write_wire_scope: net not found
2026-10-07 02:14:46.249 WARN   Wiring.write_wire_scope: net not found
2026-10-07 02:14:46.249 WARN   Wiring.write_wire_scope: net not found
2026-10-07 02:14:46.249 WARN   Wiring.write_wire_scope: net not found
2026-10-07 02:14:46.249 WARN   Wiring.write_wire_scope: net not found
2026-10-07 02:14:46.249 WARN   Wiring.write_wire_scope: net not found
2026-10-07 02:14:46.249 WARN   Wiring.write_wire_scope: net not found
2026-10-07 02:14:46.249 WARN   Wiring.write_wire_scope: net not found
2026-10-07 02:14:47.103 WARN   Wiring.write_wire_scope: net not found
2026-10-07 02:14:47.103 WARN   Wiring.write_wire_scope: net not found
2026-10-07 02:14:47.103 WARN   Wiring.write_wire_scope: net not found
2026-10-07 02:14:47.103 WARN   Wiring.write_wire_scope: net not found
2026-10-07 02:14:47.103 WARN   Wiring.write_wire_scope: net not found
2026-10-07 02:14:47.103 WARN   Wiring.write_wire_scope: net not found
2026-10-07 02:14:47.103 WARN   Wiring.write_wire_scope: net not found
2026-10-07 02:14:47.103 WARN   Wiring.write_wire_scope: net not found
2026-10-07 02:14:47.103 WARN   Wiring.write_wire_scope: net not found
2026-10-07 02:14:47.103 WARN   Wiring.write_wire_scope: net not found
2026-10-07 02:14:47.103 WARN   Wiring.write_wire_scope: net not found
2026-10-07 02:14:47.103 WARN   Wiring.write_wire_scope: net not found
2026-10-07 02:14:47.103 WARN   Wiring.write_wire_scope: net not found
2026-10-07 02:14:47.103 WARN   Wiring.write_wire_scope: net not found
2026-10-07 02:14:47.103 WARN   Wiring.write_wire_scope: net not found
2026-10-07 02:14:47.103 WARN   Wiring.write_wire_scope: net not found
2026-10-07 02:14:47.103 WARN   Wiring.write_wire_scope: net not found
2026-10-07 02:14:47.103 WARN   Wiring.write_wire_scope: net not found
2026-10-07 02:14:47.103 WARN   Wiring.write_wire_scope: net not found
2026-10-07 02:14:47.103 WARN   Wiring.write_wire_scope: net not found
2026-10-07 02:14:47.103 WARN   Wiring.write_wire_scope: net not found
2026-10-07 02:14:47.103 WARN   Wiring.write_wire_scope: net not found
2026-10-07 02:14:47.103 WARN   Wiring.write_wire_scope: net not found
2026-10-07 02:14:47.103 WARN   Wiring.write_wire_scope: net not found
2026-10-07 02:14:47.103 WARN   Wiring.write_wire_scope: net not found
2026-10-07 02:14:47.103 WARN   Wiring.write_wire_scope: net not found
2026-10-07 02:14:47.103 WARN   Wiring.write_wire_scope: net not found
2026-10-07 02:14:47.103 WARN   Wiring.write_wire_scope: net not found
2026-10-07 02:14:47.103 WARN   Wiring.write_wire_scope: net not found
2026-10-07 02:14:47.103 WARN   Wiring.write_wire_scope: net not found
2026-10-07 02:14:47.103 WARN   Wiring.write_wire_scope: net not found
2026-10-07 02:14:47.103 WARN   Wiring.write_wire_scope: net not found
2026-10-07 02:14:47.103 WARN   Wiring.write_wire_scope: net not found
2026-10-07 02:14:47.103 WARN   Wiring.write_wire_scope: net not found
2026-10-07 02:14:47.103 WARN   Wiring.write_wire_scope: net not found
2026-10-07 02:14:47.103 WARN   Wiring.write_wire_scope: net not found
2026-10-07 02:14:47.103 WARN   Wiring.write_wire_scope: net not found
2026-10-07 02:14:47.103 WARN   Wiring.write_wire_scope: net not found
2026-10-07 02:14:47.103 WARN   Wiring.write_wire_scope: net not found
2026-10-07 02:14:47.103 WARN   Wiring.write_wire_scope: net not found
2026-10-07 02:14:47.103 WARN   Wiring.write_wire_scope: net not found
2026-10-07 02:14:47.103 WARN   Wiring.write_wire_scope: net not found
2026-10-07 02:14:47.103 WARN   Wiring.write_wire_scope: net not found
2026-10-07 02:14:47.103 WARN   Wiring.write_wire_scope: net not found
2026-10-07 02:14:47.103 WARN   Wiring.write_wire_scope: net not found
2026-10-07 02:14:47.103 WARN   Wiring.write_wire_scope: net not found
2026-10-07 02:14:47.103 WARN   Wiring.write_wire_scope: net not found
2026-10-07 02:14:47.103 WARN   Wiring.write_wire_scope: net not found
2026-10-07 02:14:47.103 WARN   Wiring.write_wire_scope: net not found
2026-10-07 02:14:47.103 WARN   Wiring.write_wire_scope: net not found
2026-10-07 02:14:47.103 WARN   Wiring.write_wire_scope: net not found
2026-10-07 02:14:47.103 WARN   Wiring.write_wire_scope: net not found
2026-10-07 02:14:47.103 WARN   Wiring.write_wire_scope: net not found
2026-10-07 02:14:47.103 WARN   Wiring.write_wire_scope: net not found
2026-10-07 02:14:47.103 WARN   Wiring.write_wire_scope: net not found
2026-10-07 02:14:47.103 WARN   Wiring.write_wire_scope: net not found
2026-10-07 02:14:47.103 WARN   Wiring.write_wire_scope: net not found
2026-10-07 02:14:47.103 WARN   Wiring.write_wire_scope: net not found
2026-10-07 02:14:47.103 WARN   Wiring.write_wire_scope: net not found
2026-10-07 02:14:47.103 WARN   Wiring.write_wire_scope: net not found
2026-10-07 02:14:47.103 WARN   Wiring.write_wire_scope: net not found
2026-10-07 02:14:47.103 WARN   Wiring.write_wire_scope: net not found
2026-10-07 02:14:47.103 WARN   Wiring.write_wire_scope: net not found
2026-10-07 02:14:47.103 WARN   Wiring.write_wire_scope: net not found
2026-10-07 02:14:47.103 WARN   Wiring.write_wire_scope: net not found
2026-10-07 02:14:47.103 WARN   Wiring.write_wire_scope: net not found
2026-10-07 02:14:47.103 WARN   Wiring.write_wire_scope: net not found
2026-10-07 02:14:47.103 WARN   Wiring.write_wire_scope: net not found
2026-10-07 02:14:47.103 WARN   Wiring.write_wire_scope: net not found
2026-10-07 02:14:47.103 WARN   Wiring.write_wire_scope: net not found
2026-10-07 02:14:47.103 WARN   Wiring.write_wire_scope: net not found
2026-10-07 02:14:47.103 WARN   Wiring.write_wire_scope: net not found
2026-10-07 02:14:47.103 WARN   Wiring.write_wire_scope: net not found
2026-10-07 02:14:47.103 WARN   Wiring.write_wire_scope: net not found
2026-10-07 02:14:47.103 WARN   Wiring.write_wire_scope: net not found
2026-10-07 02:14:47.103 WARN   Wiring.write_wire_scope: net not found
2026-10-07 02:14:47.103 WARN   Wiring.write_wire_scope: net not found
2026-10-07 02:14:47.103 WARN   Wiring.write_wire_scope: net not found
2026-10-07 02:14:47.103 WARN   Wiring.write_wire_scope: net not found
2026-10-07 02:14:47.103 WARN   Wiring.write_wire_scope: net not found
2026-10-07 02:14:47.103 WARN   Wiring.write_wire_scope: net not found
2026-10-07 02:14:47.103 WARN   Wiring.write_wire_scope: net not found
2026-10-07 02:14:47.103 WARN   Wiring.write_wire_scope: net not found
2026-10-07 02:14:47.103 WARN   Wiring.write_wire_scope: net not found
2026-10-07 02:14:47.103 WARN   Wiring.write_wire_scope: net not found
2026-10-07 02:14:47.103 WARN   Wiring.write_wire_scope: net not found
2026-10-07 02:14:47.103 WARN   Wiring.write_wire_scope: net not found
2026-10-07 02:14:47.103 WARN   Wiring.write_wire_scope: net not found
2026-10-07 02:14:47.103 WARN   Wiring.write_wire_scope: net not found
2026-10-07 02:14:47.103 WARN   Wiring.write_wire_scope: net not found
2026-10-07 02:14:47.103 WARN   Wiring.write_wire_scope: net not found
2026-10-07 02:14:47.103 WARN   Wiring.write_wire_scope: net not found
2026-10-07 02:14:47.103 WARN   Wiring.write_wire_scope: net not found
2026-10-07 02:14:47.103 WARN   Wiring.write_wire_scope: net not found
2026-10-07 02:14:47.103 WARN   Wiring.write_wire_scope: net not found
2026-10-07 02:14:47.103 WARN   Wiring.write_wire_scope: net not found
2026-10-07 02:14:47.103 WARN   Wiring.write_wire_scope: net not found
2026-10-07 02:14:47.103 WARN   Wiring.write_wire_scope: net not found
2026-10-07 02:14:47.103 WARN   Wiring.write_wire_scope: net not found
2026-10-07 02:14:47.103 WARN   Wiring.write_wire_scope: net not found
2026-10-07 02:14:47.103 WARN   Wiring.write_wire_scope: net not found
2026-10-07 02:14:47.103 WARN   Wiring.write_wire_scope: net not found
2026-10-07 02:14:47.103 WARN   Wiring.write_wire_scope: net not found
2026-10-07 02:14:47.103 WARN   Wiring.write_wire_scope: net not found
2026-10-07 02:14:47.103 WARN   Wiring.write_wire_scope: net not found
2026-10-07 02:14:47.103 WARN   Wiring.write_wire_scope: net not found
2026-10-07 02:14:47.103 WARN   Wiring.write_wire_scope: net not found
2026-10-07 02:14:47.103 WARN   Wiring.write_wire_scope: net not found
2026-10-07 02:14:47.103 WARN   Wiring.write_wire_scope: net not found
2026-10-07 02:14:47.103 WARN   Wiring.write_wire_scope: net not found
2026-10-07 02:14:47.103 WARN   Wiring.write_wire_scope: net not found
2026-10-07 02:14:47.103 WARN   Wiring.write_wire_scope: net not found
2026-10-07 02:14:47.103 WARN   Wiring.write_wire_scope: net not found
2026-10-07 02:14:47.103 WARN   Wiring.write_wire_scope: net not found
2026-10-07 02:14:47.103 WARN   Wiring.write_wire_scope: net not found
2026-10-07 02:14:47.103 WARN   Wiring.write_wire_scope: net not found
2026-10-07 02:14:47.103 WARN   Wiring.write_wire_scope: net not found
2026-10-07 02:14:47.103 WARN   Wiring.write_wire_scope: net not found
2026-10-07 02:14:47.103 WARN   Wiring.write_wire_scope: net not found
2026-10-07 02:14:47.103 WARN   Wiring.write_wire_scope: net not found
2026-10-07 02:14:47.103 WARN   Wiring.write_wire_scope: net not found
2026-10-07 02:14:47.103 WARN   Wiring.write_wire_scope: net not found
2026-10-07 02:14:47.103 WARN   Wiring.write_wire_scope: net not found
2026-10-07 02:14:47.103 WARN   Wiring.write_wire_scope: net not found
2026-10-07 02:14:47.103 WARN   Wiring.write_wire_scope: net not found
2026-10-07 02:14:47.103 WARN   Wiring.write_wire_scope: net not found
2026-10-07 02:14:47.103 WARN   Wiring.write_wire_scope: net not found
2026-10-07 02:14:47.103 WARN   Wiring.write_wire_scope: net not found
2026-10-07 02:14:47.103 WARN   Wiring.write_wire_scope: net not found
2026-10-07 02:14:47.104 WARN   Wiring.write_wire_scope: net not found
2026-10-07 02:14:47.104 WARN   Wiring.write_wire_scope: net not found
2026-10-07 02:14:47.104 WARN   Wiring.write_wire_scope: net not found
2026-10-07 02:14:47.104 WARN   Wiring.write_wire_scope: net not found
2026-10-07 02:14:47.104 WARN   Wiring.write_wire_scope: net not found
2026-10-07 02:14:47.104 WARN   Wiring.write_wire_scope: net not found
2026-10-07 02:14:47.104 WARN   Wiring.write_wire_scope: net not found
2026-10-07 02:14:48.010 WARN   Wiring.write_wire_scope: net not found
2026-10-07 02:14:48.010 WARN   Wiring.write_wire_scope: net not found
2026-10-07 02:14:48.010 WARN   Wiring.write_wire_scope: net not found
2026-10-07 02:14:48.010 WARN   Wiring.write_wire_scope: net not found
2026-10-07 02:14:48.010 WARN   Wiring.write_wire_scope: net not found
2026-10-07 02:14:48.010 WARN   Wiring.write_wire_scope: net not found
2026-10-07 02:14:48.010 WARN   Wiring.write_wire_scope: net not found
2026-10-07 02:14:48.010 WARN   Wiring.write_wire_scope: net not found
2026-10-07 02:14:48.010 WARN   Wiring.write_wire_scope: net not found
2026-10-07 02:14:48.010 WARN   Wiring.write_wire_scope: net not found
2026-10-07 02:14:48.010 WARN   Wiring.write_wire_scope: net not found
2026-10-07 02:14:48.010 WARN   Wiring.write_wire_scope: net not found
2026-10-07 02:14:48.010 WARN   Wiring.write_wire_scope: net not found
2026-10-07 02:14:48.010 WARN   Wiring.write_wire_scope: net not found
2026-10-07 02:14:48.010 WARN   Wiring.write_wire_scope: net not found
2026-10-07 02:14:48.010 WARN   Wiring.write_wire_scope: net not found
2026-10-07 02:14:48.010 WARN   Wiring.write_wire_scope: net not found
2026-10-07 02:14:48.010 WARN   Wiring.write_wire_scope: net not found
2026-10-07 02:14:48.010 WARN   Wiring.write_wire_scope: net not found
2026-10-07 02:14:48.010 WARN   Wiring.write_wire_scope: net not found
2026-10-07 02:14:48.010 WARN   Wiring.write_wire_scope: net not found
2026-10-07 02:14:48.010 WARN   Wiring.write_wire_scope: net not found
2026-10-07 02:14:48.010 WARN   Wiring.write_wire_scope: net not found
2026-10-07 02:14:48.010 WARN   Wiring.write_wire_scope: net not found
2026-10-07 02:14:48.010 WARN   Wiring.write_wire_scope: net not found
2026-10-07 02:14:48.010 WARN   Wiring.write_wire_scope: net not found
2026-10-07 02:14:48.010 WARN   Wiring.write_wire_scope: net not found
2026-10-07 02:14:48.010 WARN   Wiring.write_wire_scope: net not found
2026-10-07 02:14:48.010 WARN   Wiring.write_wire_scope: net not found
2026-10-07 02:14:48.010 WARN   Wiring.write_wire_scope: net not found
2026-10-07 02:14:48.010 WARN   Wiring.write_wire_scope: net not found
2026-10-07 02:14:48.010 WARN   Wiring.write_wire_scope: net not found
2026-10-07 02:14:48.010 WARN   Wiring.write_wire_scope: net not found
2026-10-07 02:14:48.010 WARN   Wiring.write_wire_scope: net not found
2026-10-07 02:14:48.010 WARN   Wiring.write_wire_scope: net not found
2026-10-07 02:14:48.010 WARN   Wiring.write_wire_scope: net not found
2026-10-07 02:14:48.010 WARN   Wiring.write_wire_scope: net not found
2026-10-07 02:14:48.010 WARN   Wiring.write_wire_scope: net not found
2026-10-07 02:14:48.010 WARN   Wiring.write_wire_scope: net not found
2026-10-07 02:14:48.010 WARN   Wiring.write_wire_scope: net not found
2026-10-07 02:14:48.010 WARN   Wiring.write_wire_scope: net not found
2026-10-07 02:14:48.010 WARN   Wiring.write_wire_scope: net not found
2026-10-07 02:14:48.010 WARN   Wiring.write_wire_scope: net not found
2026-10-07 02:14:48.010 WARN   Wiring.write_wire_scope: net not found
2026-10-07 02:14:48.010 WARN   Wiring.write_wire_scope: net not found
2026-10-07 02:14:48.010 WARN   Wiring.write_wire_scope: net not found
2026-10-07 02:14:48.010 WARN   Wiring.write_wire_scope: net not found
2026-10-07 02:14:48.010 WARN   Wiring.write_wire_scope: net not found
2026-10-07 02:14:48.010 WARN   Wiring.write_wire_scope: net not found
2026-10-07 02:14:48.010 WARN   Wiring.write_wire_scope: net not found
2026-10-07 02:14:48.010 WARN   Wiring.write_wire_scope: net not found
2026-10-07 02:14:48.010 WARN   Wiring.write_wire_scope: net not found
2026-10-07 02:14:48.010 WARN   Wiring.write_wire_scope: net not found
2026-10-07 02:14:48.010 WARN   Wiring.write_wire_scope: net not found
2026-10-07 02:14:48.010 WARN   Wiring.write_wire_scope: net not found
2026-10-07 02:14:48.010 WARN   Wiring.write_wire_scope: net not found
2026-10-07 02:14:48.010 WARN   Wiring.write_wire_scope: net not found
2026-10-07 02:14:48.010 WARN   Wiring.write_wire_scope: net not found
2026-10-07 02:14:48.010 WARN   Wiring.write_wire_scope: net not found
2026-10-07 02:14:48.010 WARN   Wiring.write_wire_scope: net not found
2026-10-07 02:14:48.010 WARN   Wiring.write_wire_scope: net not found
2026-10-07 02:14:48.011 WARN   Wiring.write_wire_scope: net not found
2026-10-07 02:14:48.011 WARN   Wiring.write_wire_scope: net not found
2026-10-07 02:14:48.011 WARN   Wiring.write_wire_scope: net not found
2026-10-07 02:14:48.011 WARN   Wiring.write_wire_scope: net not found
2026-10-07 02:14:48.011 WARN   Wiring.write_wire_scope: net not found
2026-10-07 02:14:48.011 WARN   Wiring.write_wire_scope: net not found
2026-10-07 02:14:48.011 WARN   Wiring.write_wire_scope: net not found
2026-10-07 02:14:48.011 WARN   Wiring.write_wire_scope: net not found
2026-10-07 02:14:48.011 WARN   Wiring.write_wire_scope: net not found
2026-10-07 02:14:48.011 WARN   Wiring.write_wire_scope: net not found
2026-10-07 02:14:48.011 WARN   Wiring.write_wire_scope: net not found
2026-10-07 02:14:48.011 WARN   Wiring.write_wire_scope: net not found
2026-10-07 02:14:48.011 WARN   Wiring.write_wire_scope: net not found
2026-10-07 02:14:48.011 WARN   Wiring.write_wire_scope: net not found
2026-10-07 02:14:48.011 WARN   Wiring.write_wire_scope: net not found
2026-10-07 02:14:48.011 WARN   Wiring.write_wire_scope: net not found
2026-10-07 02:14:48.011 WARN   Wiring.write_wire_scope: net not found
2026-10-07 02:14:48.011 WARN   Wiring.write_wire_scope: net not found
2026-10-07 02:14:48.011 WARN   Wiring.write_wire_scope: net not found
2026-10-07 02:14:48.011 WARN   Wiring.write_wire_scope: net not found
2026-10-07 02:14:48.011 WARN   Wiring.write_wire_scope: net not found
2026-10-07 02:14:48.011 WARN   Wiring.write_wire_scope: net not found
2026-10-07 02:14:48.011 WARN   Wiring.write_wire_scope: net not found
2026-10-07 02:14:48.011 WARN   Wiring.write_wire_scope: net not found
2026-10-07 02:14:48.011 WARN   Wiring.write_wire_scope: net not found
2026-10-07 02:14:48.011 WARN   Wiring.write_wire_scope: net not found
2026-10-07 02:14:48.011 WARN   Wiring.write_wire_scope: net not found
2026-10-07 02:14:48.011 WARN   Wiring.write_wire_scope: net not found
2026-10-07 02:14:48.011 WARN   Wiring.write_wire_scope: net not found
2026-10-07 02:14:48.011 WARN   Wiring.write_wire_scope: net not found
2026-10-07 02:14:48.011 WARN   Wiring.write_wire_scope: net not found
2026-10-07 02:14:48.011 WARN   Wiring.write_wire_scope: net not found
2026-10-07 02:14:48.011 WARN   Wiring.write_wire_scope: net not found
2026-10-07 02:14:48.011 WARN   Wiring.write_wire_scope: net not found
2026-10-07 02:14:48.011 WARN   Wiring.write_wire_scope: net not found
2026-10-07 02:14:48.011 WARN   Wiring.write_wire_scope: net not found
2026-10-07 02:14:48.011 WARN   Wiring.write_wire_scope: net not found
2026-10-07 02:14:48.011 WARN   Wiring.write_wire_scope: net not found
2026-10-07 02:14:48.011 WARN   Wiring.write_wire_scope: net not found
2026-10-07 02:14:48.011 WARN   Wiring.write_wire_scope: net not found
2026-10-07 02:14:48.011 WARN   Wiring.write_wire_scope: net not found
2026-10-07 02:14:48.011 WARN   Wiring.write_wire_scope: net not found
2026-10-07 02:14:48.011 WARN   Wiring.write_wire_scope: net not found
2026-10-07 02:14:48.011 WARN   Wiring.write_wire_scope: net not found
2026-10-07 02:14:48.011 WARN   Wiring.write_wire_scope: net not found
2026-10-07 02:14:48.011 WARN   Wiring.write_wire_scope: net not found
2026-10-07 02:14:48.011 WARN   Wiring.write_wire_scope: net not found
2026-10-07 02:14:48.011 WARN   Wiring.write_wire_scope: net not found
2026-10-07 02:14:48.011 WARN   Wiring.write_wire_scope: net not found
2026-10-07 02:14:48.011 WARN   Wiring.write_wire_scope: net not found
2026-10-07 02:14:48.011 WARN   Wiring.write_wire_scope: net not found
2026-10-07 02:14:48.011 WARN   Wiring.write_wire_scope: net not found
2026-10-07 02:14:48.011 WARN   Wiring.write_wire_scope: net not found
2026-10-07 02:14:48.011 WARN   Wiring.write_wire_scope: net not found
2026-10-07 02:14:48.011 WARN   Wiring.write_wire_scope: net not found
2026-10-07 02:14:48.011 WARN   Wiring.write_wire_scope: net not found
2026-10-07 02:14:48.011 WARN   Wiring.write_wire_scope: net not found
2026-10-07 02:14:48.011 WARN   Wiring.write_wire_scope: net not found
2026-10-07 02:14:48.011 WARN   Wiring.write_wire_scope: net not found
2026-10-07 02:14:48.011 WARN   Wiring.write_wire_scope: net not found
2026-10-07 02:14:48.011 WARN   Wiring.write_wire_scope: net not found
2026-10-07 02:14:48.011 WARN   Wiring.write_wire_scope: net not found
2026-10-07 02:14:48.011 WARN   Wiring.write_wire_scope: net not found
2026-10-07 02:14:48.011 WARN   Wiring.write_wire_scope: net not found
2026-10-07 02:14:48.011 WARN   Wiring.write_wire_scope: net not found
2026-10-07 02:14:48.011 WARN   Wiring.write_wire_scope: net not found
2026-10-07 02:14:48.011 WARN   Wiring.write_wire_scope: net not found
2026-10-07 02:14:48.011 WARN   Wiring.write_wire_scope: net not found
2026-10-07 02:14:48.011 WARN   Wiring.write_wire_scope: net not found
2026-10-07 02:14:48.011 WARN   Wiring.write_wire_scope: net not found
2026-10-07 02:14:48.011 WARN   Wiring.write_wire_scope: net not found
2026-10-07 02:14:48.011 WARN   Wiring.write_wire_scope: net not found
2026-10-07 02:14:48.011 WARN   Wiring.write_wire_scope: net not found
2026-10-07 02:14:48.011 WARN   Wiring.write_wire_scope: net not found
2026-10-07 02:14:48.011 WARN   Wiring.write_wire_scope: net not found
2026-10-07 02:14:48.434 WARN   Wiring.write_wire_scope: net not found
2026-10-07 02:14:48.434 WARN   Wiring.write_wire_scope: net not found
2026-10-07 02:14:48.434 WARN   Wiring.write_wire_scope: net not found
2026-10-07 02:14:48.434 WARN   Wiring.write_wire_scope: net not found
2026-10-07 02:14:48.434 WARN   Wiring.write_wire_scope: net not found
2026-10-07 02:14:48.434 WARN   Wiring.write_wire_scope: net not found
2026-10-07 02:14:48.434 WARN   Wiring.write_wire_scope: net not found
2026-10-07 02:14:48.434 WARN   Wiring.write_wire_scope: net not found
2026-10-07 02:14:48.434 WARN   Wiring.write_wire_scope: net not found
2026-10-07 02:14:48.434 WARN   Wiring.write_wire_scope: net not found
2026-10-07 02:14:48.434 WARN   Wiring.write_wire_scope: net not found
2026-10-07 02:14:48.434 WARN   Wiring.write_wire_scope: net not found
2026-10-07 02:14:48.434 WARN   Wiring.write_wire_scope: net not found
2026-10-07 02:14:48.434 WARN   Wiring.write_wire_scope: net not found
2026-10-07 02:14:48.434 WARN   Wiring.write_wire_scope: net not found
2026-10-07 02:14:48.434 WARN   Wiring.write_wire_scope: net not found
2026-10-07 02:14:48.434 WARN   Wiring.write_wire_scope: net not found
2026-10-07 02:14:48.434 WARN   Wiring.write_wire_scope: net not found
2026-10-07 02:14:48.434 WARN   Wiring.write_wire_scope: net not found
2026-10-07 02:14:48.434 WARN   Wiring.write_wire_scope: net not found
2026-10-07 02:14:48.434 WARN   Wiring.write_wire_scope: net not found
2026-10-07 02:14:48.434 WARN   Wiring.write_wire_scope: net not found
2026-10-07 02:14:48.434 WARN   Wiring.write_wire_scope: net not found
2026-10-07 02:14:48.434 WARN   Wiring.write_wire_scope: net not found
2026-10-07 02:14:48.434 WARN   Wiring.write_wire_scope: net not found
2026-10-07 02:14:48.434 WARN   Wiring.write_wire_scope: net not found
2026-10-07 02:14:48.434 WARN   Wiring.write_wire_scope: net not found
2026-10-07 02:14:48.434 WARN   Wiring.write_wire_scope: net not found
2026-10-07 02:14:48.434 WARN   Wiring.write_wire_scope: net not found
2026-10-07 02:14:48.434 WARN   Wiring.write_wire_scope: net not found
2026-10-07 02:14:48.434 WARN   Wiring.write_wire_scope: net not found
2026-10-07 02:14:48.434 WARN   Wiring.write_wire_scope: net not found
2026-10-07 02:14:48.434 WARN   Wiring.write_wire_scope: net not found
2026-10-07 02:14:48.434 WARN   Wiring.write_wire_scope: net not found
2026-10-07 02:14:48.434 WARN   Wiring.write_wire_scope: net not found
2026-10-07 02:14:48.434 WARN   Wiring.write_wire_scope: net not found
2026-10-07 02:14:48.434 WARN   Wiring.write_wire_scope: net not found
2026-10-07 02:14:48.434 WARN   Wiring.write_wire_scope: net not found
2026-10-07 02:14:48.434 WARN   Wiring.write_wire_scope: net not found
2026-10-07 02:14:48.434 WARN   Wiring.write_wire_scope: net not found
2026-10-07 02:14:48.434 WARN   Wiring.write_wire_scope: net not found
2026-10-07 02:14:48.434 WARN   Wiring.write_wire_scope: net not found
2026-10-07 02:14:48.434 WARN   Wiring.write_wire_scope: net not found
2026-10-07 02:14:48.434 WARN   Wiring.write_wire_scope: net not found
2026-10-07 02:14:48.434 WARN   Wiring.write_wire_scope: net not found
2026-10-07 02:14:48.434 WARN   Wiring.write_wire_scope: net not found
2026-10-07 02:14:48.434 WARN   Wiring.write_wire_scope: net not found
2026-10-07 02:14:48.434 WARN   Wiring.write_wire_scope: net not found
2026-10-07 02:14:48.434 WARN   Wiring.write_wire_scope: net not found
2026-10-07 02:14:48.434 WARN   Wiring.write_wire_scope: net not found
2026-10-07 02:14:48.434 WARN   Wiring.write_wire_scope: net not found
2026-10-07 02:14:48.434 WARN   Wiring.write_wire_scope: net not found
2026-10-07 02:14:48.434 WARN   Wiring.write_wire_scope: net not found
2026-10-07 02:14:48.434 WARN   Wiring.write_wire_scope: net not found
2026-10-07 02:14:48.434 WARN   Wiring.write_wire_scope: net not found
2026-10-07 02:14:48.435 WARN   Wiring.write_wire_scope: net not found
2026-10-07 02:14:48.435 WARN   Wiring.write_wire_scope: net not found
2026-10-07 02:14:48.435 WARN   Wiring.write_wire_scope: net not found
2026-10-07 02:14:48.435 WARN   Wiring.write_wire_scope: net not found
2026-10-07 02:14:48.435 WARN   Wiring.write_wire_scope: net not found
2026-10-07 02:14:48.435 WARN   Wiring.write_wire_scope: net not found
2026-10-07 02:14:48.435 WARN   Wiring.write_wire_scope: net not found
2026-10-07 02:14:48.435 WARN   Wiring.write_wire_scope: net not found
2026-10-07 02:14:48.435 WARN   Wiring.write_wire_scope: net not found
2026-10-07 02:14:48.435 WARN   Wiring.write_wire_scope: net not found
2026-10-07 02:14:48.435 WARN   Wiring.write_wire_scope: net not found
2026-10-07 02:14:48.435 WARN   Wiring.write_wire_scope: net not found
2026-10-07 02:14:48.435 WARN   Wiring.write_wire_scope: net not found
2026-10-07 02:14:48.435 WARN   Wiring.write_wire_scope: net not found
2026-10-07 02:14:48.435 WARN   Wiring.write_wire_scope: net not found
2026-10-07 02:14:48.435 WARN   Wiring.write_wire_scope: net not found
2026-10-07 02:14:48.435 WARN   Wiring.write_wire_scope: net not found
2026-10-07 02:14:48.435 WARN   Wiring.write_wire_scope: net not found
2026-10-07 02:14:48.435 WARN   Wiring.write_wire_scope: net not found
2026-10-07 02:14:48.435 WARN   Wiring.write_wire_scope: net not found
2026-10-07 02:14:48.435 WARN   Wiring.write_wire_scope: net not found
2026-10-07 02:14:48.435 WARN   Wiring.write_wire_scope: net not found
2026-10-07 02:14:48.435 WARN   Wiring.write_wire_scope: net not found
2026-10-07 02:14:48.435 WARN   Wiring.write_wire_scope: net not found
2026-10-07 02:14:48.435 WARN   Wiring.write_wire_scope: net not found
2026-10-07 02:14:48.435 WARN   Wiring.write_wire_scope: net not found
2026-10-07 02:14:48.435 WARN   Wiring.write_wire_scope: net not found
2026-10-07 02:14:48.435 WARN   Wiring.write_wire_scope: net not found
2026-10-07 02:14:48.435 WARN   Wiring.write_wire_scope: net not found
2026-10-07 02:14:48.435 WARN   Wiring.write_wire_scope: net not found
2026-10-07 02:14:48.435 WARN   Wiring.write_wire_scope: net not found
2026-10-07 02:14:48.435 WARN   Wiring.write_wire_scope: net not found
2026-10-07 02:14:48.435 WARN   Wiring.write_wire_scope: net not found
2026-10-07 02:14:48.435 WARN   Wiring.write_wire_scope: net not found
2026-10-07 02:14:48.435 WARN   Wiring.write_wire_scope: net not found
2026-10-07 02:14:48.435 WARN   Wiring.write_wire_scope: net not found
2026-10-07 02:14:48.435 WARN   Wiring.write_wire_scope: net not found
2026-10-07 02:14:48.435 WARN   Wiring.write_wire_scope: net not found
2026-10-07 02:14:48.435 WARN   Wiring.write_wire_scope: net not found
2026-10-07 02:14:48.435 WARN   Wiring.write_wire_scope: net not found
2026-10-07 02:14:48.435 WARN   Wiring.write_wire_scope: net not found
2026-10-07 02:14:48.435 WARN   Wiring.write_wire_scope: net not found
2026-10-07 02:14:48.435 WARN   Wiring.write_wire_scope: net not found
2026-10-07 02:14:48.435 WARN   Wiring.write_wire_scope: net not found
2026-10-07 02:14:48.435 WARN   Wiring.write_wire_scope: net not found
2026-10-07 02:14:48.435 WARN   Wiring.write_wire_scope: net not found
2026-10-07 02:14:48.435 WARN   Wiring.write_wire_scope: net not found
2026-10-07 02:14:48.435 WARN   Wiring.write_wire_scope: net not found
2026-10-07 02:14:48.435 WARN   Wiring.write_wire_scope: net not found
2026-10-07 02:14:48.435 WARN   Wiring.write_wire_scope: net not found
2026-10-07 02:14:48.435 WARN   Wiring.write_wire_scope: net not found
2026-10-07 02:14:48.435 WARN   Wiring.write_wire_scope: net not found
2026-10-07 02:14:48.435 WARN   Wiring.write_wire_scope: net not found
2026-10-07 02:14:48.435 WARN   Wiring.write_wire_scope: net not found
2026-10-07 02:14:48.435 WARN   Wiring.write_wire_scope: net not found
2026-10-07 02:14:48.435 WARN   Wiring.write_wire_scope: net not found
2026-10-07 02:14:48.435 WARN   Wiring.write_wire_scope: net not found
2026-10-07 02:14:48.435 WARN   Wiring.write_wire_scope: net not found
2026-10-07 02:14:48.435 WARN   Wiring.write_wire_scope: net not found
2026-10-07 02:14:48.435 WARN   Wiring.write_wire_scope: net not found
2026-10-07 02:14:48.435 WARN   Wiring.write_wire_scope: net not found
2026-10-07 02:14:48.435 WARN   Wiring.write_wire_scope: net not found
2026-10-07 02:14:48.435 WARN   Wiring.write_wire_scope: net not found
2026-10-07 02:14:48.435 WARN   Wiring.write_wire_scope: net not found
2026-10-07 02:14:48.435 WARN   Wiring.write_wire_scope: net not found
2026-10-07 02:14:48.435 WARN   Wiring.write_wire_scope: net not found
2026-10-07 02:14:48.435 WARN   Wiring.write_wire_scope: net not found
2026-10-07 02:14:48.435 WARN   Wiring.write_wire_scope: net not found
2026-10-07 02:14:48.435 WARN   Wiring.write_wire_scope: net not found
2026-10-07 02:14:48.435 WARN   Wiring.write_wire_scope: net not found
2026-10-07 02:14:48.435 WARN   Wiring.write_wire_scope: net not found
2026-10-07 02:14:48.435 WARN   Wiring.write_wire_scope: net not found
2026-10-07 02:14:48.435 WARN   Wiring.write_wire_scope: net not found
2026-10-07 02:14:48.435 WARN   Wiring.write_wire_scope: net not found
2026-10-07 02:14:48.435 WARN   Wiring.write_wire_scope: net not found
2026-10-07 02:14:48.435 WARN   Wiring.write_wire_scope: net not found
2026-10-07 02:14:48.435 WARN   Wiring.write_wire_scope: net not found
2026-10-07 02:14:48.435 WARN   Wiring.write_wire_scope: net not found
2026-10-07 02:14:48.435 WARN   Wiring.write_wire_scope: net not found
2026-10-07 02:14:48.435 WARN   Wiring.write_wire_scope: net not found
2026-10-07 02:14:48.435 WARN   Wiring.write_wire_scope: net not found
2026-10-07 02:14:49.181 WARN   Wiring.write_wire_scope: net not found
2026-10-07 02:14:49.181 WARN   Wiring.write_wire_scope: net not found
2026-10-07 02:14:49.181 WARN   Wiring.write_wire_scope: net not found
2026-10-07 02:14:49.181 WARN   Wiring.write_wire_scope: net not found
2026-10-07 02:14:49.181 WARN   Wiring.write_wire_scope: net not found
2026-10-07 02:14:49.181 WARN   Wiring.write_wire_scope: net not found
2026-10-07 02:14:49.181 WARN   Wiring.write_wire_scope: net not found
2026-10-07 02:14:49.181 WARN   Wiring.write_wire_scope: net not found
2026-10-07 02:14:49.181 WARN   Wiring.write_wire_scope: net not found
2026-10-07 02:14:49.181 WARN   Wiring.write_wire_scope: net not found
2026-10-07 02:14:49.181 WARN   Wiring.write_wire_scope: net not found
2026-10-07 02:14:49.181 WARN   Wiring.write_wire_scope: net not found
2026-10-07 02:14:49.181 WARN   Wiring.write_wire_scope: net not found
2026-10-07 02:14:49.181 WARN   Wiring.write_wire_scope: net not found
2026-10-07 02:14:49.181 WARN   Wiring.write_wire_scope: net not found
2026-10-07 02:14:49.181 WARN   Wiring.write_wire_scope: net not found
2026-10-07 02:14:49.181 WARN   Wiring.write_wire_scope: net not found
2026-10-07 02:14:49.181 WARN   Wiring.write_wire_scope: net not found
2026-10-07 02:14:49.181 WARN   Wiring.write_wire_scope: net not found
2026-10-07 02:14:49.181 WARN   Wiring.write_wire_scope: net not found
2026-10-07 02:14:49.181 WARN   Wiring.write_wire_scope: net not found
2026-10-07 02:14:49.181 WARN   Wiring.write_wire_scope: net not found
2026-10-07 02:14:49.181 WARN   Wiring.write_wire_scope: net not found
2026-10-07 02:14:49.181 WARN   Wiring.write_wire_scope: net not found
2026-10-07 02:14:49.181 WARN   Wiring.write_wire_scope: net not found
2026-10-07 02:14:49.181 WARN   Wiring.write_wire_scope: net not found
2026-10-07 02:14:49.181 WARN   Wiring.write_wire_scope: net not found
2026-10-07 02:14:49.181 WARN   Wiring.write_wire_scope: net not found
2026-10-07 02:14:49.181 WARN   Wiring.write_wire_scope: net not found
2026-10-07 02:14:49.181 WARN   Wiring.write_wire_scope: net not found
2026-10-07 02:14:49.181 WARN   Wiring.write_wire_scope: net not found
2026-10-07 02:14:49.181 WARN   Wiring.write_wire_scope: net not found
2026-10-07 02:14:49.181 WARN   Wiring.write_wire_scope: net not found
2026-10-07 02:14:49.181 WARN   Wiring.write_wire_scope: net not found
2026-10-07 02:14:49.181 WARN   Wiring.write_wire_scope: net not found
2026-10-07 02:14:49.181 WARN   Wiring.write_wire_scope: net not found
2026-10-07 02:14:49.181 WARN   Wiring.write_wire_scope: net not found
2026-10-07 02:14:49.181 WARN   Wiring.write_wire_scope: net not found
2026-10-07 02:14:49.181 WARN   Wiring.write_wire_scope: net not found
2026-10-07 02:14:49.181 WARN   Wiring.write_wire_scope: net not found
2026-10-07 02:14:49.181 WARN   Wiring.write_wire_scope: net not found
2026-10-07 02:14:49.181 WARN   Wiring.write_wire_scope: net not found
2026-10-07 02:14:49.181 WARN   Wiring.write_wire_scope: net not found
2026-10-07 02:14:49.181 WARN   Wiring.write_wire_scope: net not found
2026-10-07 02:14:49.181 WARN   Wiring.write_wire_scope: net not found
2026-10-07 02:14:49.181 WARN   Wiring.write_wire_scope: net not found
2026-10-07 02:14:49.181 WARN   Wiring.write_wire_scope: net not found
2026-10-07 02:14:49.181 WARN   Wiring.write_wire_scope: net not found
2026-10-07 02:14:49.181 WARN   Wiring.write_wire_scope: net not found
2026-10-07 02:14:49.181 WARN   Wiring.write_wire_scope: net not found
2026-10-07 02:14:49.181 WARN   Wiring.write_wire_scope: net not found
2026-10-07 02:14:49.181 WARN   Wiring.write_wire_scope: net not found
2026-10-07 02:14:49.181 WARN   Wiring.write_wire_scope: net not found
2026-10-07 02:14:49.181 WARN   Wiring.write_wire_scope: net not found
2026-10-07 02:14:49.181 WARN   Wiring.write_wire_scope: net not found
2026-10-07 02:14:49.181 WARN   Wiring.write_wire_scope: net not found
2026-10-07 02:14:49.181 WARN   Wiring.write_wire_scope: net not found
2026-10-07 02:14:49.181 WARN   Wiring.write_wire_scope: net not found
2026-10-07 02:14:49.181 WARN   Wiring.write_wire_scope: net not found
2026-10-07 02:14:49.181 WARN   Wiring.write_wire_scope: net not found
2026-10-07 02:14:49.181 WARN   Wiring.write_wire_scope: net not found
2026-10-07 02:14:49.181 WARN   Wiring.write_wire_scope: net not found
2026-10-07 02:14:49.181 WARN   Wiring.write_wire_scope: net not found
2026-10-07 02:14:49.181 WARN   Wiring.write_wire_scope: net not found
2026-10-07 02:14:49.181 WARN   Wiring.write_wire_scope: net not found
2026-10-07 02:14:49.181 WARN   Wiring.write_wire_scope: net not found
2026-10-07 02:14:49.181 WARN   Wiring.write_wire_scope: net not found
2026-10-07 02:14:49.181 WARN   Wiring.write_wire_scope: net not found
2026-10-07 02:14:49.181 WARN   Wiring.write_wire_scope: net not found
2026-10-07 02:14:49.181 WARN   Wiring.write_wire_scope: net not found
2026-10-07 02:14:49.181 WARN   Wiring.write_wire_scope: net not found
2026-10-07 02:14:49.181 WARN   Wiring.write_wire_scope: net not found
2026-10-07 02:14:49.181 WARN   Wiring.write_wire_scope: net not found
2026-10-07 02:14:49.181 WARN   Wiring.write_wire_scope: net not found
2026-10-07 02:14:49.181 WARN   Wiring.write_wire_scope: net not found
2026-10-07 02:14:49.181 WARN   Wiring.write_wire_scope: net not found
2026-10-07 02:14:49.181 WARN   Wiring.write_wire_scope: net not found
2026-10-07 02:14:49.181 WARN   Wiring.write_wire_scope: net not found
2026-10-07 02:14:49.181 WARN   Wiring.write_wire_scope: net not found
2026-10-07 02:14:49.181 WARN   Wiring.write_wire_scope: net not found
2026-10-07 02:14:49.181 WARN   Wiring.write_wire_scope: net not found
2026-10-07 02:14:49.181 WARN   Wiring.write_wire_scope: net not found
2026-10-07 02:14:49.181 WARN   Wiring.write_wire_scope: net not found
2026-10-07 02:14:49.181 WARN   Wiring.write_wire_scope: net not found
2026-10-07 02:14:49.181 WARN   Wiring.write_wire_scope: net not found
2026-10-07 02:14:49.181 WARN   Wiring.write_wire_scope: net not found
2026-10-07 02:14:49.181 WARN   Wiring.write_wire_scope: net not found
2026-10-07 02:14:49.181 WARN   Wiring.write_wire_scope: net not found
2026-10-07 02:14:49.181 WARN   Wiring.write_wire_scope: net not found
2026-10-07 02:14:49.181 WARN   Wiring.write_wire_scope: net not found
2026-10-07 02:14:49.182 WARN   Wiring.write_wire_scope: net not found
2026-10-07 02:14:49.182 WARN   Wiring.write_wire_scope: net not found
2026-10-07 02:14:49.182 WARN   Wiring.write_wire_scope: net not found
2026-10-07 02:14:49.182 WARN   Wiring.write_wire_scope: net not found
2026-10-07 02:14:49.182 WARN   Wiring.write_wire_scope: net not found
2026-10-07 02:14:49.182 WARN   Wiring.write_wire_scope: net not found
2026-10-07 02:14:49.182 WARN   Wiring.write_wire_scope: net not found
2026-10-07 02:14:49.182 WARN   Wiring.write_wire_scope: net not found
2026-10-07 02:14:49.182 WARN   Wiring.write_wire_scope: net not found
2026-10-07 02:14:49.182 WARN   Wiring.write_wire_scope: net not found
2026-10-07 02:14:49.182 WARN   Wiring.write_wire_scope: net not found
2026-10-07 02:14:49.182 WARN   Wiring.write_wire_scope: net not found
2026-10-07 02:14:49.182 WARN   Wiring.write_wire_scope: net not found
2026-10-07 02:14:49.182 WARN   Wiring.write_wire_scope: net not found
2026-10-07 02:14:49.182 WARN   Wiring.write_wire_scope: net not found
2026-10-07 02:14:49.182 WARN   Wiring.write_wire_scope: net not found
2026-10-07 02:14:49.182 WARN   Wiring.write_wire_scope: net not found
2026-10-07 02:14:49.182 WARN   Wiring.write_wire_scope: net not found
2026-10-07 02:14:49.182 WARN   Wiring.write_wire_scope: net not found
2026-10-07 02:14:49.182 WARN   Wiring.write_wire_scope: net not found
2026-10-07 02:14:49.182 WARN   Wiring.write_wire_scope: net not found
2026-10-07 02:14:49.182 WARN   Wiring.write_wire_scope: net not found
2026-10-07 02:14:49.182 WARN   Wiring.write_wire_scope: net not found
2026-10-07 02:14:49.182 WARN   Wiring.write_wire_scope: net not found
2026-10-07 02:14:49.182 WARN   Wiring.write_wire_scope: net not found
2026-10-07 02:14:49.182 WARN   Wiring.write_wire_scope: net not found
2026-10-07 02:14:49.182 WARN   Wiring.write_wire_scope: net not found
2026-10-07 02:14:49.182 WARN   Wiring.write_wire_scope: net not found
2026-10-07 02:14:49.182 WARN   Wiring.write_wire_scope: net not found
2026-10-07 02:14:49.182 WARN   Wiring.write_wire_scope: net not found
2026-10-07 02:14:49.182 WARN   Wiring.write_wire_scope: net not found
2026-10-07 02:14:49.182 WARN   Wiring.write_wire_scope: net not found
2026-10-07 02:14:49.182 WARN   Wiring.write_wire_scope: net not found
2026-10-07 02:14:49.182 WARN   Wiring.write_wire_scope: net not found
2026-10-07 02:14:49.182 WARN   Wiring.write_wire_scope: net not found
2026-10-07 02:14:49.182 WARN   Wiring.write_wire_scope: net not found
2026-10-07 02:14:49.182 WARN   Wiring.write_wire_scope: net not found
2026-10-07 02:14:49.182 WARN   Wiring.write_wire_scope: net not found
2026-10-07 02:14:49.182 WARN   Wiring.write_wire_scope: net not found
2026-10-07 02:14:49.182 WARN   Wiring.write_wire_scope: net not found
2026-10-07 02:14:49.182 WARN   Wiring.write_wire_scope: net not found
2026-10-07 02:14:49.182 WARN   Wiring.write_wire_scope: net not found
2026-10-07 02:14:49.182 WARN   Wiring.write_wire_scope: net not found
2026-10-07 02:14:49.182 WARN   Wiring.write_wire_scope: net not found
2026-10-07 02:14:49.182 WARN   Wiring.write_wire_scope: net not found
2026-10-07 02:14:49.182 WARN   Wiring.write_wire_scope: net not found
2026-10-07 02:14:49.444 WARN   Wiring.write_wire_scope: net not found
2026-10-07 02:14:49.444 WARN   Wiring.write_wire_scope: net not found
2026-10-07 02:14:49.444 WARN   Wiring.write_wire_scope: net not found
2026-10-07 02:14:49.444 WARN   Wiring.write_wire_scope: net not found
2026-10-07 02:14:49.444 WARN   Wiring.write_wire_scope: net not found
2026-10-07 02:14:49.444 WARN   Wiring.write_wire_scope: net not found
2026-10-07 02:14:49.444 WARN   Wiring.write_wire_scope: net not found
2026-10-07 02:14:49.444 WARN   Wiring.write_wire_scope: net not found
2026-10-07 02:14:49.444 WARN   Wiring.write_wire_scope: net not found
2026-10-07 02:14:49.444 WARN   Wiring.write_wire_scope: net not found
2026-10-07 02:14:49.444 WARN   Wiring.write_wire_scope: net not found
2026-10-07 02:14:49.444 WARN   Wiring.write_wire_scope: net not found
2026-10-07 02:14:49.444 WARN   Wiring.write_wire_scope: net not found
2026-10-07 02:14:49.444 WARN   Wiring.write_wire_scope: net not found
2026-10-07 02:14:49.444 WARN   Wiring.write_wire_scope: net not found
2026-10-07 02:14:49.444 WARN   Wiring.write_wire_scope: net not found
2026-10-07 02:14:49.444 WARN   Wiring.write_wire_scope: net not found
2026-10-07 02:14:49.444 WARN   Wiring.write_wire_scope: net not found
2026-10-07 02:14:49.444 WARN   Wiring.write_wire_scope: net not found
2026-10-07 02:14:49.444 WARN   Wiring.write_wire_scope: net not found
2026-10-07 02:14:49.444 WARN   Wiring.write_wire_scope: net not found
2026-10-07 02:14:49.444 WARN   Wiring.write_wire_scope: net not found
2026-10-07 02:14:49.444 WARN   Wiring.write_wire_scope: net not found
2026-10-07 02:14:49.444 WARN   Wiring.write_wire_scope: net not found
2026-10-07 02:14:49.444 WARN   Wiring.write_wire_scope: net not found
2026-10-07 02:14:49.444 WARN   Wiring.write_wire_scope: net not found
2026-10-07 02:14:49.444 WARN   Wiring.write_wire_scope: net not found
2026-10-07 02:14:49.444 WARN   Wiring.write_wire_scope: net not found
2026-10-07 02:14:49.444 WARN   Wiring.write_wire_scope: net not found
2026-10-07 02:14:49.444 WARN   Wiring.write_wire_scope: net not found
2026-10-07 02:14:49.444 WARN   Wiring.write_wire_scope: net not found
2026-10-07 02:14:49.444 WARN   Wiring.write_wire_scope: net not found
2026-10-07 02:14:49.444 WARN   Wiring.write_wire_scope: net not found
2026-10-07 02:14:49.444 WARN   Wiring.write_wire_scope: net not found
2026-10-07 02:14:49.444 WARN   Wiring.write_wire_scope: net not found
2026-10-07 02:14:49.444 WARN   Wiring.write_wire_scope: net not found
2026-10-07 02:14:49.444 WARN   Wiring.write_wire_scope: net not found
2026-10-07 02:14:49.444 WARN   Wiring.write_wire_scope: net not found
2026-10-07 02:14:49.444 WARN   Wiring.write_wire_scope: net not found
2026-10-07 02:14:49.444 WARN   Wiring.write_wire_scope: net not found
2026-10-07 02:14:49.444 WARN   Wiring.write_wire_scope: net not found
2026-10-07 02:14:49.444 WARN   Wiring.write_wire_scope: net not found
2026-10-07 02:14:49.444 WARN   Wiring.write_wire_scope: net not found
2026-10-07 02:14:49.444 WARN   Wiring.write_wire_scope: net not found
2026-10-07 02:14:49.444 WARN   Wiring.write_wire_scope: net not found
2026-10-07 02:14:49.444 WARN   Wiring.write_wire_scope: net not found
2026-10-07 02:14:49.444 WARN   Wiring.write_wire_scope: net not found
2026-10-07 02:14:49.444 WARN   Wiring.write_wire_scope: net not found
2026-10-07 02:14:49.444 WARN   Wiring.write_wire_scope: net not found
2026-10-07 02:14:49.444 WARN   Wiring.write_wire_scope: net not found
2026-10-07 02:14:49.444 WARN   Wiring.write_wire_scope: net not found
2026-10-07 02:14:49.444 WARN   Wiring.write_wire_scope: net not found
2026-10-07 02:14:49.444 WARN   Wiring.write_wire_scope: net not found
2026-10-07 02:14:49.444 WARN   Wiring.write_wire_scope: net not found
2026-10-07 02:14:49.444 WARN   Wiring.write_wire_scope: net not found
2026-10-07 02:14:49.444 WARN   Wiring.write_wire_scope: net not found
2026-10-07 02:14:49.444 WARN   Wiring.write_wire_scope: net not found
2026-10-07 02:14:49.444 WARN   Wiring.write_wire_scope: net not found
2026-10-07 02:14:49.444 WARN   Wiring.write_wire_scope: net not found
2026-10-07 02:14:49.444 WARN   Wiring.write_wire_scope: net not found
2026-10-07 02:14:49.444 WARN   Wiring.write_wire_scope: net not found
2026-10-07 02:14:49.444 WARN   Wiring.write_wire_scope: net not found
2026-10-07 02:14:49.444 WARN   Wiring.write_wire_scope: net not found
2026-10-07 02:14:49.444 WARN   Wiring.write_wire_scope: net not found
2026-10-07 02:14:49.444 WARN   Wiring.write_wire_scope: net not found
2026-10-07 02:14:49.444 WARN   Wiring.write_wire_scope: net not found
2026-10-07 02:14:49.444 WARN   Wiring.write_wire_scope: net not found
2026-10-07 02:14:49.444 WARN   Wiring.write_wire_scope: net not found
2026-10-07 02:14:49.444 WARN   Wiring.write_wire_scope: net not found
2026-10-07 02:14:49.444 WARN   Wiring.write_wire_scope: net not found
2026-10-07 02:14:49.444 WARN   Wiring.write_wire_scope: net not found
2026-10-07 02:14:49.444 WARN   Wiring.write_wire_scope: net not found
2026-10-07 02:14:49.444 WARN   Wiring.write_wire_scope: net not found
2026-10-07 02:14:49.444 WARN   Wiring.write_wire_scope: net not found
2026-10-07 02:14:49.444 WARN   Wiring.write_wire_scope: net not found
2026-10-07 02:14:49.444 WARN   Wiring.write_wire_scope: net not found
2026-10-07 02:14:49.444 WARN   Wiring.write_wire_scope: net not found
2026-10-07 02:14:49.444 WARN   Wiring.write_wire_scope: net not found
2026-10-07 02:14:49.444 WARN   Wiring.write_wire_scope: net not found
2026-10-07 02:14:49.444 WARN   Wiring.write_wire_scope: net not found
2026-10-07 02:14:49.444 WARN   Wiring.write_wire_scope: net not found
2026-10-07 02:14:49.444 WARN   Wiring.write_wire_scope: net not found
2026-10-07 02:14:49.444 WARN   Wiring.write_wire_scope: net not found
2026-10-07 02:14:49.444 WARN   Wiring.write_wire_scope: net not found
2026-10-07 02:14:49.444 WARN   Wiring.write_wire_scope: net not found
2026-10-07 02:14:49.444 WARN   Wiring.write_wire_scope: net not found
2026-10-07 02:14:49.444 WARN   Wiring.write_wire_scope: net not found
2026-10-07 02:14:49.444 WARN   Wiring.write_wire_scope: net not found
2026-10-07 02:14:49.444 WARN   Wiring.write_wire_scope: net not found
2026-10-07 02:14:49.444 WARN   Wiring.write_wire_scope: net not found
2026-10-07 02:14:49.444 WARN   Wiring.write_wire_scope: net not found
2026-10-07 02:14:49.444 WARN   Wiring.write_wire_scope: net not found
2026-10-07 02:14:49.444 WARN   Wiring.write_wire_scope: net not found
2026-10-07 02:14:49.444 WARN   Wiring.write_wire_scope: net not found
2026-10-07 02:14:49.444 WARN   Wiring.write_wire_scope: net not found
2026-10-07 02:14:49.444 WARN   Wiring.write_wire_scope: net not found
2026-10-07 02:14:49.444 WARN   Wiring.write_wire_scope: net not found
2026-10-07 02:14:49.444 WARN   Wiring.write_wire_scope: net not found
2026-10-07 02:14:49.444 WARN   Wiring.write_wire_scope: net not found
2026-10-07 02:14:49.444 WARN   Wiring.write_wire_scope: net not found
2026-10-07 02:14:49.444 WARN   Wiring.write_wire_scope: net not found
2026-10-07 02:14:49.444 WARN   Wiring.write_wire_scope: net not found
2026-10-07 02:14:49.444 WARN   Wiring.write_wire_scope: net not found
2026-10-07 02:14:49.444 WARN   Wiring.write_wire_scope: net not found
2026-10-07 02:14:49.444 WARN   Wiring.write_wire_scope: net not found
2026-10-07 02:14:49.444 WARN   Wiring.write_wire_scope: net not found
2026-10-07 02:14:49.444 WARN   Wiring.write_wire_scope: net not found
2026-10-07 02:14:49.444 WARN   Wiring.write_wire_scope: net not found
2026-10-07 02:14:49.444 WARN   Wiring.write_wire_scope: net not found
2026-10-07 02:14:49.444 WARN   Wiring.write_wire_scope: net not found
2026-10-07 02:14:49.444 WARN   Wiring.write_wire_scope: net not found
2026-10-07 02:14:49.444 WARN   Wiring.write_wire_scope: net not found
2026-10-07 02:14:49.444 WARN   Wiring.write_wire_scope: net not found
2026-10-07 02:14:49.444 WARN   Wiring.write_wire_scope: net not found
2026-10-07 02:14:49.444 WARN   Wiring.write_wire_scope: net not found
2026-10-07 02:14:49.444 WARN   Wiring.write_wire_scope: net not found
2026-10-07 02:14:49.444 WARN   Wiring.write_wire_scope: net not found
2026-10-07 02:14:49.444 WARN   Wiring.write_wire_scope: net not found
2026-10-07 02:14:49.444 WARN   Wiring.write_wire_scope: net not found
2026-10-07 02:14:49.444 WARN   Wiring.write_wire_scope: net not found
2026-10-07 02:14:49.444 WARN   Wiring.write_wire_scope: net not found
2026-10-07 02:14:49.444 WARN   Wiring.write_wire_scope: net not found
2026-10-07 02:14:49.444 WARN   Wiring.write_wire_scope: net not found
2026-10-07 02:14:49.444 WARN   Wiring.write_wire_scope: net not found
2026-10-07 02:14:49.444 WARN   Wiring.write_wire_scope: net not found
2026-10-07 02:14:49.444 WARN   Wiring.write_wire_scope: net not found
2026-10-07 02:14:49.444 WARN   Wiring.write_wire_scope: net not found
2026-10-07 02:14:49.444 WARN   Wiring.write_wire_scope: net not found
2026-10-07 02:14:49.444 WARN   Wiring.write_wire_scope: net not found
2026-10-07 02:14:49.444 WARN   Wiring.write_wire_scope: net not found
2026-10-07 02:14:49.444 WARN   Wiring.write_wire_scope: net not found
2026-10-07 02:14:49.444 WARN   Wiring.write_wire_scope: net not found
2026-10-07 02:14:49.444 WARN   Wiring.write_wire_scope: net not found
2026-10-07 02:14:49.444 WARN   Wiring.write_wire_scope: net not found
2026-10-07 02:14:49.444 WARN   Wiring.write_wire_scope: net not found
2026-10-07 02:14:49.444 WARN   Wiring.write_wire_scope: net not found
2026-10-07 02:14:49.471 INFO   [DBE365\4FD394] Auto-routing pass #1 on board 'a4efc2c896b84e9bffda51ac9e008b15' was completed in 3.31 seconds with score 290.43 (15 unrouted and 247 violations), using 3.82 CPU seconds and the job allocated 3.58 GB of memory so far.
2026-10-07 02:14:49.561 INFO   [DBE365\4FD394] Auto-routing stage completed: started with 27 unrouted nets, completed in 4.19 seconds, final score: 290.43 (15 unrouted and 247 violations), using 3.82 total CPU seconds, 3.58 GB total allocated, and 155.9 MB peak heap usage.
2026-10-07 02:14:49.597 INFO   [DBE365\4FD394] Skipping optimization stage: the board has 15 unrouted connection(s) (optimizer only runs on completely routed boards).
2026-10-07 02:14:49.620 WARN   Wiring.write_wire_scope: net not found
2026-10-07 02:14:49.621 WARN   Wiring.write_wire_scope: net not found
2026-10-07 02:14:49.621 WARN   Wiring.write_wire_scope: net not found
2026-10-07 02:14:49.621 WARN   Wiring.write_wire_scope: net not found
2026-10-07 02:14:49.621 WARN   Wiring.write_wire_scope: net not found
2026-10-07 02:14:49.621 WARN   Wiring.write_wire_scope: net not found
2026-10-07 02:14:49.621 WARN   Wiring.write_wire_scope: net not found
2026-10-07 02:14:49.621 WARN   Wiring.write_wire_scope: net not found
2026-10-07 02:14:49.621 WARN   Wiring.write_wire_scope: net not found
2026-10-07 02:14:49.621 WARN   Wiring.write_wire_scope: net not found
2026-10-07 02:14:49.621 WARN   Wiring.write_wire_scope: net not found
2026-10-07 02:14:49.621 WARN   Wiring.write_wire_scope: net not found
2026-10-07 02:14:49.621 WARN   Wiring.write_wire_scope: net not found
2026-10-07 02:14:49.621 WARN   Wiring.write_wire_scope: net not found
2026-10-07 02:14:49.621 WARN   Wiring.write_wire_scope: net not found
2026-10-07 02:14:49.621 WARN   Wiring.write_wire_scope: net not found
2026-10-07 02:14:49.621 WARN   Wiring.write_wire_scope: net not found
2026-10-07 02:14:49.621 WARN   Wiring.write_wire_scope: net not found
2026-10-07 02:14:49.621 WARN   Wiring.write_wire_scope: net not found
2026-10-07 02:14:49.621 WARN   Wiring.write_wire_scope: net not found
2026-10-07 02:14:49.621 WARN   Wiring.write_wire_scope: net not found
2026-10-07 02:14:49.621 WARN   Wiring.write_wire_scope: net not found
2026-10-07 02:14:49.621 WARN   Wiring.write_wire_scope: net not found
2026-10-07 02:14:49.621 WARN   Wiring.write_wire_scope: net not found
2026-10-07 02:14:49.621 WARN   Wiring.write_wire_scope: net not found
2026-10-07 02:14:49.621 WARN   Wiring.write_wire_scope: net not found
2026-10-07 02:14:49.621 WARN   Wiring.write_wire_scope: net not found
2026-10-07 02:14:49.621 WARN   Wiring.write_wire_scope: net not found
2026-10-07 02:14:49.621 WARN   Wiring.write_wire_scope: net not found
2026-10-07 02:14:49.621 WARN   Wiring.write_wire_scope: net not found
2026-10-07 02:14:49.621 WARN   Wiring.write_wire_scope: net not found
2026-10-07 02:14:49.621 WARN   Wiring.write_wire_scope: net not found
2026-10-07 02:14:49.621 WARN   Wiring.write_wire_scope: net not found
2026-10-07 02:14:49.621 WARN   Wiring.write_wire_scope: net not found
2026-10-07 02:14:49.621 WARN   Wiring.write_wire_scope: net not found
2026-10-07 02:14:49.621 WARN   Wiring.write_wire_scope: net not found
2026-10-07 02:14:49.621 WARN   Wiring.write_wire_scope: net not found
2026-10-07 02:14:49.621 WARN   Wiring.write_wire_scope: net not found
2026-10-07 02:14:49.621 WARN   Wiring.write_wire_scope: net not found
2026-10-07 02:14:49.621 WARN   Wiring.write_wire_scope: net not found
2026-10-07 02:14:49.621 WARN   Wiring.write_wire_scope: net not found
2026-10-07 02:14:49.621 WARN   Wiring.write_wire_scope: net not found
2026-10-07 02:14:49.621 WARN   Wiring.write_wire_scope: net not found
2026-10-07 02:14:49.621 WARN   Wiring.write_wire_scope: net not found
2026-10-07 02:14:49.621 WARN   Wiring.write_wire_scope: net not found
2026-10-07 02:14:49.621 WARN   Wiring.write_wire_scope: net not found
2026-10-07 02:14:49.621 WARN   Wiring.write_wire_scope: net not found
2026-10-07 02:14:49.621 WARN   Wiring.write_wire_scope: net not found
2026-10-07 02:14:49.621 WARN   Wiring.write_wire_scope: net not found
2026-10-07 02:14:49.621 WARN   Wiring.write_wire_scope: net not found
2026-10-07 02:14:49.621 WARN   Wiring.write_wire_scope: net not found
2026-10-07 02:14:49.621 WARN   Wiring.write_wire_scope: net not found
2026-10-07 02:14:49.621 WARN   Wiring.write_wire_scope: net not found
2026-10-07 02:14:49.621 WARN   Wiring.write_wire_scope: net not found
2026-10-07 02:14:49.621 WARN   Wiring.write_wire_scope: net not found
2026-10-07 02:14:49.621 WARN   Wiring.write_wire_scope: net not found
2026-10-07 02:14:49.621 WARN   Wiring.write_wire_scope: net not found
2026-10-07 02:14:49.621 WARN   Wiring.write_wire_scope: net not found
2026-10-07 02:14:49.621 WARN   Wiring.write_wire_scope: net not found
2026-10-07 02:14:49.621 WARN   Wiring.write_wire_scope: net not found
2026-10-07 02:14:49.621 WARN   Wiring.write_wire_scope: net not found
2026-10-07 02:14:49.621 WARN   Wiring.write_wire_scope: net not found
2026-10-07 02:14:49.621 WARN   Wiring.write_wire_scope: net not found
2026-10-07 02:14:49.621 WARN   Wiring.write_wire_scope: net not found
2026-10-07 02:14:49.621 WARN   Wiring.write_wire_scope: net not found
2026-10-07 02:14:49.621 WARN   Wiring.write_wire_scope: net not found
2026-10-07 02:14:49.621 WARN   Wiring.write_wire_scope: net not found
2026-10-07 02:14:49.621 WARN   Wiring.write_wire_scope: net not found
2026-10-07 02:14:49.621 WARN   Wiring.write_wire_scope: net not found
2026-10-07 02:14:49.621 WARN   Wiring.write_wire_scope: net not found
2026-10-07 02:14:49.621 WARN   Wiring.write_wire_scope: net not found
2026-10-07 02:14:49.621 WARN   Wiring.write_wire_scope: net not found
2026-10-07 02:14:49.621 WARN   Wiring.write_wire_scope: net not found
2026-10-07 02:14:49.621 WARN   Wiring.write_wire_scope: net not found
2026-10-07 02:14:49.621 WARN   Wiring.write_wire_scope: net not found
2026-10-07 02:14:49.621 WARN   Wiring.write_wire_scope: net not found
2026-10-07 02:14:49.621 WARN   Wiring.write_wire_scope: net not found
2026-10-07 02:14:49.621 WARN   Wiring.write_wire_scope: net not found
2026-10-07 02:14:49.621 WARN   Wiring.write_wire_scope: net not found
2026-10-07 02:14:49.621 WARN   Wiring.write_wire_scope: net not found
2026-10-07 02:14:49.621 WARN   Wiring.write_wire_scope: net not found
2026-10-07 02:14:49.621 WARN   Wiring.write_wire_scope: net not found
2026-10-07 02:14:49.621 WARN   Wiring.write_wire_scope: net not found
2026-10-07 02:14:49.621 WARN   Wiring.write_wire_scope: net not found
2026-10-07 02:14:49.621 WARN   Wiring.write_wire_scope: net not found
2026-10-07 02:14:49.621 WARN   Wiring.write_wire_scope: net not found
2026-10-07 02:14:49.621 WARN   Wiring.write_wire_scope: net not found
2026-10-07 02:14:49.621 WARN   Wiring.write_wire_scope: net not found
2026-10-07 02:14:49.621 WARN   Wiring.write_wire_scope: net not found
2026-10-07 02:14:49.621 WARN   Wiring.write_wire_scope: net not found
2026-10-07 02:14:49.621 WARN   Wiring.write_wire_scope: net not found
2026-10-07 02:14:49.621 WARN   Wiring.write_wire_scope: net not found
2026-10-07 02:14:49.621 WARN   Wiring.write_wire_scope: net not found
2026-10-07 02:14:49.621 WARN   Wiring.write_wire_scope: net not found
2026-10-07 02:14:49.621 WARN   Wiring.write_wire_scope: net not found
2026-10-07 02:14:49.621 WARN   Wiring.write_wire_scope: net not found
2026-10-07 02:14:49.621 WARN   Wiring.write_wire_scope: net not found
2026-10-07 02:14:49.621 WARN   Wiring.write_wire_scope: net not found
2026-10-07 02:14:49.621 WARN   Wiring.write_wire_scope: net not found
2026-10-07 02:14:49.621 WARN   Wiring.write_wire_scope: net not found
2026-10-07 02:14:49.621 WARN   Wiring.write_wire_scope: net not found
2026-10-07 02:14:49.621 WARN   Wiring.write_wire_scope: net not found
2026-10-07 02:14:49.621 WARN   Wiring.write_wire_scope: net not found
2026-10-07 02:14:49.621 WARN   Wiring.write_wire_scope: net not found
2026-10-07 02:14:49.621 WARN   Wiring.write_wire_scope: net not found
2026-10-07 02:14:49.621 WARN   Wiring.write_wire_scope: net not found
2026-10-07 02:14:49.621 WARN   Wiring.write_wire_scope: net not found
2026-10-07 02:14:49.621 WARN   Wiring.write_wire_scope: net not found
2026-10-07 02:14:49.621 WARN   Wiring.write_wire_scope: net not found
2026-10-07 02:14:49.621 WARN   Wiring.write_wire_scope: net not found
2026-10-07 02:14:49.621 WARN   Wiring.write_wire_scope: net not found
2026-10-07 02:14:49.621 WARN   Wiring.write_wire_scope: net not found
2026-10-07 02:14:49.621 WARN   Wiring.write_wire_scope: net not found
2026-10-07 02:14:49.621 WARN   Wiring.write_wire_scope: net not found
2026-10-07 02:14:49.621 WARN   Wiring.write_wire_scope: net not found
2026-10-07 02:14:49.621 WARN   Wiring.write_wire_scope: net not found
2026-10-07 02:14:49.621 WARN   Wiring.write_wire_scope: net not found
2026-10-07 02:14:49.621 WARN   Wiring.write_wire_scope: net not found
2026-10-07 02:14:49.621 WARN   Wiring.write_wire_scope: net not found
2026-10-07 02:14:49.621 WARN   Wiring.write_wire_scope: net not found
2026-10-07 02:14:49.621 WARN   Wiring.write_wire_scope: net not found
2026-10-07 02:14:49.621 WARN   Wiring.write_wire_scope: net not found
2026-10-07 02:14:49.621 WARN   Wiring.write_wire_scope: net not found
2026-10-07 02:14:49.621 WARN   Wiring.write_wire_scope: net not found
2026-10-07 02:14:49.621 WARN   Wiring.write_wire_scope: net not found
2026-10-07 02:14:49.621 WARN   Wiring.write_wire_scope: net not found
2026-10-07 02:14:49.621 WARN   Wiring.write_wire_scope: net not found
2026-10-07 02:14:49.621 WARN   Wiring.write_wire_scope: net not found
2026-10-07 02:14:49.621 WARN   Wiring.write_wire_scope: net not found
2026-10-07 02:14:49.621 WARN   Wiring.write_wire_scope: net not found
2026-10-07 02:14:49.621 WARN   Wiring.write_wire_scope: net not found
2026-10-07 02:14:49.621 WARN   Wiring.write_wire_scope: net not found
2026-10-07 02:14:49.621 WARN   Wiring.write_wire_scope: net not found
2026-10-07 02:14:49.621 WARN   Wiring.write_wire_scope: net not found
2026-10-07 02:14:49.621 WARN   Wiring.write_wire_scope: net not found
2026-10-07 02:14:49.621 WARN   Wiring.write_wire_scope: net not found
2026-10-07 02:14:49.623 INFO   [DBE365\4FD394] Job 'DBE365\4FD394' finished with state: COMPLETED (elapsed: 4.44 seconds, finished at UTC: 2026-10-06T15:14:49.622120102Z).
2026-10-07 02:14:49.672 INFO   Saving output file '/home/chithi/Desktop/DesktopSpeaker/ai-files/pcb/work-p1/K1-c4.ses' (SES)...
2026-10-07 02:14:49.674 INFO   Successfully saved output file '/home/chithi/Desktop/DesktopSpeaker/ai-files/pcb/work-p1/K1-c4.ses' (22738 bytes).
