2026-10-07 02:14:31.137 INFO   Freerouting v2.5.0 (build-date: 2026-10-05)
2026-10-07 02:14:31.411 INFO   Hardware: 24 CPU cores, 572 CPU score, 16056 MB RAM
2026-10-07 02:14:31.412 WARN   Deprecated settings path '-mp / --router.max_passes'; use '--router.autorouter.max_passes' instead. The old path will be removed in a future release.
2026-10-07 02:14:31.412 WARN   Couldn't get screen resolution. If you are running in a headless environment, disable the GUI by setting gui.enabled to false.
2026-10-07 02:14:32.444 WARN   Deprecated settings path 'router.max_passes'; use 'router.autorouter.max_passes' instead. The old path will be removed in a future release.
2026-10-07 02:14:32.705 INFO   [131E2B\56583F] Loading board file 'K1-c3.dsn'...
2026-10-07 02:14:32.844 WARN   DSN file 'K1-c3.dsn' was loaded with 1 warning(s).
2026-10-07 02:14:32.928 INFO   [131E2B\56583F] Job '131E2B\56583F' started at 2026-10-06T15:14:32.927918824Z.
2026-10-07 02:14:32.986 WARN   Wiring.write_wire_scope: net not found
2026-10-07 02:14:32.986 WARN   Wiring.write_wire_scope: net not found
2026-10-07 02:14:32.986 WARN   Wiring.write_wire_scope: net not found
2026-10-07 02:14:32.986 WARN   Wiring.write_wire_scope: net not found
2026-10-07 02:14:32.986 WARN   Wiring.write_wire_scope: net not found
2026-10-07 02:14:32.986 WARN   Wiring.write_wire_scope: net not found
2026-10-07 02:14:32.986 WARN   Wiring.write_wire_scope: net not found
2026-10-07 02:14:32.986 WARN   Wiring.write_wire_scope: net not found
2026-10-07 02:14:32.986 WARN   Wiring.write_wire_scope: net not found
2026-10-07 02:14:32.987 WARN   Wiring.write_wire_scope: net not found
2026-10-07 02:14:32.987 WARN   Wiring.write_wire_scope: net not found
2026-10-07 02:14:32.987 WARN   Wiring.write_wire_scope: net not found
2026-10-07 02:14:32.987 WARN   Wiring.write_wire_scope: net not found
2026-10-07 02:14:32.987 WARN   Wiring.write_wire_scope: net not found
2026-10-07 02:14:32.987 WARN   Wiring.write_wire_scope: net not found
2026-10-07 02:14:32.987 WARN   Wiring.write_wire_scope: net not found
2026-10-07 02:14:32.987 WARN   Wiring.write_wire_scope: net not found
2026-10-07 02:14:32.987 WARN   Wiring.write_wire_scope: net not found
2026-10-07 02:14:32.987 WARN   Wiring.write_wire_scope: net not found
2026-10-07 02:14:32.987 WARN   Wiring.write_wire_scope: net not found
2026-10-07 02:14:32.987 WARN   Wiring.write_wire_scope: net not found
2026-10-07 02:14:32.987 WARN   Wiring.write_wire_scope: net not found
2026-10-07 02:14:32.987 WARN   Wiring.write_wire_scope: net not found
2026-10-07 02:14:32.987 WARN   Wiring.write_wire_scope: net not found
2026-10-07 02:14:32.987 WARN   Wiring.write_wire_scope: net not found
2026-10-07 02:14:32.987 WARN   Wiring.write_wire_scope: net not found
2026-10-07 02:14:32.987 WARN   Wiring.write_wire_scope: net not found
2026-10-07 02:14:32.987 WARN   Wiring.write_wire_scope: net not found
2026-10-07 02:14:32.987 WARN   Wiring.write_wire_scope: net not found
2026-10-07 02:14:32.987 WARN   Wiring.write_wire_scope: net not found
2026-10-07 02:14:32.988 WARN   Wiring.write_wire_scope: net not found
2026-10-07 02:14:32.988 WARN   Wiring.write_wire_scope: net not found
2026-10-07 02:14:32.988 WARN   Wiring.write_wire_scope: net not found
2026-10-07 02:14:32.988 WARN   Wiring.write_wire_scope: net not found
2026-10-07 02:14:32.988 WARN   Wiring.write_wire_scope: net not found
2026-10-07 02:14:32.988 WARN   Wiring.write_wire_scope: net not found
2026-10-07 02:14:32.988 WARN   Wiring.write_wire_scope: net not found
2026-10-07 02:14:32.988 WARN   Wiring.write_wire_scope: net not found
2026-10-07 02:14:32.988 WARN   Wiring.write_wire_scope: net not found
2026-10-07 02:14:32.988 WARN   Wiring.write_wire_scope: net not found
2026-10-07 02:14:32.988 WARN   Wiring.write_wire_scope: net not found
2026-10-07 02:14:32.988 WARN   Wiring.write_wire_scope: net not found
2026-10-07 02:14:32.988 WARN   Wiring.write_wire_scope: net not found
2026-10-07 02:14:32.988 WARN   Wiring.write_wire_scope: net not found
2026-10-07 02:14:32.989 WARN   Wiring.write_wire_scope: net not found
2026-10-07 02:14:32.989 WARN   Wiring.write_wire_scope: net not found
2026-10-07 02:14:32.989 WARN   Wiring.write_wire_scope: net not found
2026-10-07 02:14:32.989 WARN   Wiring.write_wire_scope: net not found
2026-10-07 02:14:32.989 WARN   Wiring.write_wire_scope: net not found
2026-10-07 02:14:32.989 WARN   Wiring.write_wire_scope: net not found
2026-10-07 02:14:32.989 WARN   Wiring.write_wire_scope: net not found
2026-10-07 02:14:32.989 WARN   Wiring.write_wire_scope: net not found
2026-10-07 02:14:32.989 WARN   Wiring.write_wire_scope: net not found
2026-10-07 02:14:32.989 WARN   Wiring.write_wire_scope: net not found
2026-10-07 02:14:32.989 WARN   Wiring.write_wire_scope: net not found
2026-10-07 02:14:32.989 WARN   Wiring.write_wire_scope: net not found
2026-10-07 02:14:32.989 WARN   Wiring.write_wire_scope: net not found
2026-10-07 02:14:32.989 WARN   Wiring.write_wire_scope: net not found
2026-10-07 02:14:32.989 WARN   Wiring.write_wire_scope: net not found
2026-10-07 02:14:32.989 WARN   Wiring.write_wire_scope: net not found
2026-10-07 02:14:32.989 WARN   Wiring.write_wire_scope: net not found
2026-10-07 02:14:32.989 WARN   Wiring.write_wire_scope: net not found
2026-10-07 02:14:32.989 WARN   Wiring.write_wire_scope: net not found
2026-10-07 02:14:32.990 WARN   Wiring.write_wire_scope: net not found
2026-10-07 02:14:32.990 WARN   Wiring.write_wire_scope: net not found
2026-10-07 02:14:32.990 WARN   Wiring.write_wire_scope: net not found
2026-10-07 02:14:32.990 WARN   Wiring.write_wire_scope: net not found
2026-10-07 02:14:32.990 WARN   Wiring.write_wire_scope: net not found
2026-10-07 02:14:32.990 WARN   Wiring.write_wire_scope: net not found
2026-10-07 02:14:32.990 WARN   Wiring.write_wire_scope: net not found
2026-10-07 02:14:32.990 WARN   Wiring.write_wire_scope: net not found
2026-10-07 02:14:32.990 WARN   Wiring.write_wire_scope: net not found
2026-10-07 02:14:32.990 WARN   Wiring.write_wire_scope: net not found
2026-10-07 02:14:32.990 WARN   Wiring.write_wire_scope: net not found
2026-10-07 02:14:32.990 WARN   Wiring.write_wire_scope: net not found
2026-10-07 02:14:32.990 WARN   Wiring.write_wire_scope: net not found
2026-10-07 02:14:32.991 WARN   Wiring.write_wire_scope: net not found
2026-10-07 02:14:32.991 WARN   Wiring.write_wire_scope: net not found
2026-10-07 02:14:32.991 WARN   Wiring.write_wire_scope: net not found
2026-10-07 02:14:32.991 WARN   Wiring.write_wire_scope: net not found
2026-10-07 02:14:32.991 WARN   Wiring.write_wire_scope: net not found
2026-10-07 02:14:32.991 WARN   Wiring.write_wire_scope: net not found
2026-10-07 02:14:32.991 WARN   Wiring.write_wire_scope: net not found
2026-10-07 02:14:32.991 WARN   Wiring.write_wire_scope: net not found
2026-10-07 02:14:32.991 WARN   Wiring.write_wire_scope: net not found
2026-10-07 02:14:32.991 WARN   Wiring.write_wire_scope: net not found
2026-10-07 02:14:32.991 WARN   Wiring.write_wire_scope: net not found
2026-10-07 02:14:32.991 WARN   Wiring.write_wire_scope: net not found
2026-10-07 02:14:32.991 WARN   Wiring.write_wire_scope: net not found
2026-10-07 02:14:32.991 WARN   Wiring.write_wire_scope: net not found
2026-10-07 02:14:32.991 WARN   Wiring.write_wire_scope: net not found
2026-10-07 02:14:32.991 WARN   Wiring.write_wire_scope: net not found
2026-10-07 02:14:32.991 WARN   Wiring.write_wire_scope: net not found
2026-10-07 02:14:32.991 WARN   Wiring.write_wire_scope: net not found
2026-10-07 02:14:32.991 WARN   Wiring.write_wire_scope: net not found
2026-10-07 02:14:32.991 WARN   Wiring.write_wire_scope: net not found
2026-10-07 02:14:32.991 WARN   Wiring.write_wire_scope: net not found
2026-10-07 02:14:32.991 WARN   Wiring.write_wire_scope: net not found
2026-10-07 02:14:32.991 WARN   Wiring.write_wire_scope: net not found
2026-10-07 02:14:32.992 WARN   Wiring.write_wire_scope: net not found
2026-10-07 02:14:32.992 WARN   Wiring.write_wire_scope: net not found
2026-10-07 02:14:32.992 WARN   Wiring.write_wire_scope: net not found
2026-10-07 02:14:32.992 WARN   Wiring.write_wire_scope: net not found
2026-10-07 02:14:32.992 WARN   Wiring.write_wire_scope: net not found
2026-10-07 02:14:32.992 WARN   Wiring.write_wire_scope: net not found
2026-10-07 02:14:33.041 WARN   Design Warning: Board has 193 pre-existing clearance violation(s) in the loaded design (before routing):
  - 193 unfixable violation(s) (cannot be resolved by Freerouting):
      * 10 pin-to-pin clearance violations (first 5 shown):
          - Q103.9 <-> Q103.8
          - Q103.9 <-> Q103.7
          - Q103.9 <-> Q103.6
          - Q103.9 <-> Q103.5
          - U25.21 <-> U25.20
          ... and 5 more
      * 183 fixed trace/via clearance violations (first 5 shown):
          - FixedTrace#3055 <-> R205.2
          - FixedTrace#3055 <-> FixedTrace#3054
          - FixedTrace#3055 <-> C211.1
          - FixedTrace#3054 <-> FixedTrace#3053
          - FixedTrace#3054 <-> U24.30
          ... and 178 more
  - 0 potentially fixable violations
Notice: Freerouting does not modify component placement, board outlines, or fixed items.
Resolving these 193 unfixable violation(s) is the responsibility of the board author in their EDA tool (e.g. KiCad).
2026-10-07 02:14:33.084 INFO   [131E2B\56583F] Pipeline thread limits: autorouter pass is single-threaded, optimizer.max_threads=23.
2026-10-07 02:14:33.142 INFO   [131E2B\56583F] Fanout stage started on board 'b754a2f4dd441c71f5bca05936dd5c1c' with 24 of 1066 SMD pins needing fanout (0 already connected, 1042 netless).
2026-10-07 02:14:33.204 WARN   Wiring.write_wire_scope: net not found
2026-10-07 02:14:33.204 WARN   Wiring.write_wire_scope: net not found
2026-10-07 02:14:33.204 WARN   Wiring.write_wire_scope: net not found
2026-10-07 02:14:33.204 WARN   Wiring.write_wire_scope: net not found
2026-10-07 02:14:33.204 WARN   Wiring.write_wire_scope: net not found
2026-10-07 02:14:33.204 WARN   Wiring.write_wire_scope: net not found
2026-10-07 02:14:33.204 WARN   Wiring.write_wire_scope: net not found
2026-10-07 02:14:33.204 WARN   Wiring.write_wire_scope: net not found
2026-10-07 02:14:33.204 WARN   Wiring.write_wire_scope: net not found
2026-10-07 02:14:33.204 WARN   Wiring.write_wire_scope: net not found
2026-10-07 02:14:33.204 WARN   Wiring.write_wire_scope: net not found
2026-10-07 02:14:33.204 WARN   Wiring.write_wire_scope: net not found
2026-10-07 02:14:33.204 WARN   Wiring.write_wire_scope: net not found
2026-10-07 02:14:33.204 WARN   Wiring.write_wire_scope: net not found
2026-10-07 02:14:33.204 WARN   Wiring.write_wire_scope: net not found
2026-10-07 02:14:33.204 WARN   Wiring.write_wire_scope: net not found
2026-10-07 02:14:33.204 WARN   Wiring.write_wire_scope: net not found
2026-10-07 02:14:33.204 WARN   Wiring.write_wire_scope: net not found
2026-10-07 02:14:33.204 WARN   Wiring.write_wire_scope: net not found
2026-10-07 02:14:33.204 WARN   Wiring.write_wire_scope: net not found
2026-10-07 02:14:33.204 WARN   Wiring.write_wire_scope: net not found
2026-10-07 02:14:33.205 WARN   Wiring.write_wire_scope: net not found
2026-10-07 02:14:33.205 WARN   Wiring.write_wire_scope: net not found
2026-10-07 02:14:33.205 WARN   Wiring.write_wire_scope: net not found
2026-10-07 02:14:33.205 WARN   Wiring.write_wire_scope: net not found
2026-10-07 02:14:33.205 WARN   Wiring.write_wire_scope: net not found
2026-10-07 02:14:33.205 WARN   Wiring.write_wire_scope: net not found
2026-10-07 02:14:33.205 WARN   Wiring.write_wire_scope: net not found
2026-10-07 02:14:33.205 WARN   Wiring.write_wire_scope: net not found
2026-10-07 02:14:33.205 WARN   Wiring.write_wire_scope: net not found
2026-10-07 02:14:33.205 WARN   Wiring.write_wire_scope: net not found
2026-10-07 02:14:33.205 WARN   Wiring.write_wire_scope: net not found
2026-10-07 02:14:33.205 WARN   Wiring.write_wire_scope: net not found
2026-10-07 02:14:33.205 WARN   Wiring.write_wire_scope: net not found
2026-10-07 02:14:33.205 WARN   Wiring.write_wire_scope: net not found
2026-10-07 02:14:33.205 WARN   Wiring.write_wire_scope: net not found
2026-10-07 02:14:33.205 WARN   Wiring.write_wire_scope: net not found
2026-10-07 02:14:33.205 WARN   Wiring.write_wire_scope: net not found
2026-10-07 02:14:33.205 WARN   Wiring.write_wire_scope: net not found
2026-10-07 02:14:33.205 WARN   Wiring.write_wire_scope: net not found
2026-10-07 02:14:33.205 WARN   Wiring.write_wire_scope: net not found
2026-10-07 02:14:33.205 WARN   Wiring.write_wire_scope: net not found
2026-10-07 02:14:33.205 WARN   Wiring.write_wire_scope: net not found
2026-10-07 02:14:33.205 WARN   Wiring.write_wire_scope: net not found
2026-10-07 02:14:33.205 WARN   Wiring.write_wire_scope: net not found
2026-10-07 02:14:33.205 WARN   Wiring.write_wire_scope: net not found
2026-10-07 02:14:33.205 WARN   Wiring.write_wire_scope: net not found
2026-10-07 02:14:33.205 WARN   Wiring.write_wire_scope: net not found
2026-10-07 02:14:33.205 WARN   Wiring.write_wire_scope: net not found
2026-10-07 02:14:33.205 WARN   Wiring.write_wire_scope: net not found
2026-10-07 02:14:33.205 WARN   Wiring.write_wire_scope: net not found
2026-10-07 02:14:33.205 WARN   Wiring.write_wire_scope: net not found
2026-10-07 02:14:33.205 WARN   Wiring.write_wire_scope: net not found
2026-10-07 02:14:33.205 WARN   Wiring.write_wire_scope: net not found
2026-10-07 02:14:33.205 WARN   Wiring.write_wire_scope: net not found
2026-10-07 02:14:33.205 WARN   Wiring.write_wire_scope: net not found
2026-10-07 02:14:33.205 WARN   Wiring.write_wire_scope: net not found
2026-10-07 02:14:33.205 WARN   Wiring.write_wire_scope: net not found
2026-10-07 02:14:33.205 WARN   Wiring.write_wire_scope: net not found
2026-10-07 02:14:33.205 WARN   Wiring.write_wire_scope: net not found
2026-10-07 02:14:33.205 WARN   Wiring.write_wire_scope: net not found
2026-10-07 02:14:33.206 WARN   Wiring.write_wire_scope: net not found
2026-10-07 02:14:33.206 WARN   Wiring.write_wire_scope: net not found
2026-10-07 02:14:33.206 WARN   Wiring.write_wire_scope: net not found
2026-10-07 02:14:33.206 WARN   Wiring.write_wire_scope: net not found
2026-10-07 02:14:33.206 WARN   Wiring.write_wire_scope: net not found
2026-10-07 02:14:33.206 WARN   Wiring.write_wire_scope: net not found
2026-10-07 02:14:33.206 WARN   Wiring.write_wire_scope: net not found
2026-10-07 02:14:33.206 WARN   Wiring.write_wire_scope: net not found
2026-10-07 02:14:33.206 WARN   Wiring.write_wire_scope: net not found
2026-10-07 02:14:33.206 WARN   Wiring.write_wire_scope: net not found
2026-10-07 02:14:33.206 WARN   Wiring.write_wire_scope: net not found
2026-10-07 02:14:33.206 WARN   Wiring.write_wire_scope: net not found
2026-10-07 02:14:33.206 WARN   Wiring.write_wire_scope: net not found
2026-10-07 02:14:33.206 WARN   Wiring.write_wire_scope: net not found
2026-10-07 02:14:33.206 WARN   Wiring.write_wire_scope: net not found
2026-10-07 02:14:33.206 WARN   Wiring.write_wire_scope: net not found
2026-10-07 02:14:33.206 WARN   Wiring.write_wire_scope: net not found
2026-10-07 02:14:33.206 WARN   Wiring.write_wire_scope: net not found
2026-10-07 02:14:33.206 WARN   Wiring.write_wire_scope: net not found
2026-10-07 02:14:33.206 WARN   Wiring.write_wire_scope: net not found
2026-10-07 02:14:33.206 WARN   Wiring.write_wire_scope: net not found
2026-10-07 02:14:33.206 WARN   Wiring.write_wire_scope: net not found
2026-10-07 02:14:33.206 WARN   Wiring.write_wire_scope: net not found
2026-10-07 02:14:33.206 WARN   Wiring.write_wire_scope: net not found
2026-10-07 02:14:33.206 WARN   Wiring.write_wire_scope: net not found
2026-10-07 02:14:33.206 WARN   Wiring.write_wire_scope: net not found
2026-10-07 02:14:33.206 WARN   Wiring.write_wire_scope: net not found
2026-10-07 02:14:33.206 WARN   Wiring.write_wire_scope: net not found
2026-10-07 02:14:33.206 WARN   Wiring.write_wire_scope: net not found
2026-10-07 02:14:33.206 WARN   Wiring.write_wire_scope: net not found
2026-10-07 02:14:33.206 WARN   Wiring.write_wire_scope: net not found
2026-10-07 02:14:33.206 WARN   Wiring.write_wire_scope: net not found
2026-10-07 02:14:33.206 WARN   Wiring.write_wire_scope: net not found
2026-10-07 02:14:33.206 WARN   Wiring.write_wire_scope: net not found
2026-10-07 02:14:33.206 WARN   Wiring.write_wire_scope: net not found
2026-10-07 02:14:33.207 WARN   Wiring.write_wire_scope: net not found
2026-10-07 02:14:33.207 WARN   Wiring.write_wire_scope: net not found
2026-10-07 02:14:33.207 WARN   Wiring.write_wire_scope: net not found
2026-10-07 02:14:33.207 WARN   Wiring.write_wire_scope: net not found
2026-10-07 02:14:33.207 WARN   Wiring.write_wire_scope: net not found
2026-10-07 02:14:33.207 WARN   Wiring.write_wire_scope: net not found
2026-10-07 02:14:33.207 WARN   Wiring.write_wire_scope: net not found
2026-10-07 02:14:33.207 WARN   Wiring.write_wire_scope: net not found
2026-10-07 02:14:33.207 WARN   Wiring.write_wire_scope: net not found
2026-10-07 02:14:33.320 WARN   Wiring.write_wire_scope: net not found
2026-10-07 02:14:33.320 WARN   Wiring.write_wire_scope: net not found
2026-10-07 02:14:33.320 WARN   Wiring.write_wire_scope: net not found
2026-10-07 02:14:33.320 WARN   Wiring.write_wire_scope: net not found
2026-10-07 02:14:33.320 WARN   Wiring.write_wire_scope: net not found
2026-10-07 02:14:33.320 WARN   Wiring.write_wire_scope: net not found
2026-10-07 02:14:33.320 WARN   Wiring.write_wire_scope: net not found
2026-10-07 02:14:33.320 WARN   Wiring.write_wire_scope: net not found
2026-10-07 02:14:33.320 WARN   Wiring.write_wire_scope: net not found
2026-10-07 02:14:33.320 WARN   Wiring.write_wire_scope: net not found
2026-10-07 02:14:33.320 WARN   Wiring.write_wire_scope: net not found
2026-10-07 02:14:33.320 WARN   Wiring.write_wire_scope: net not found
2026-10-07 02:14:33.320 WARN   Wiring.write_wire_scope: net not found
2026-10-07 02:14:33.320 WARN   Wiring.write_wire_scope: net not found
2026-10-07 02:14:33.320 WARN   Wiring.write_wire_scope: net not found
2026-10-07 02:14:33.320 WARN   Wiring.write_wire_scope: net not found
2026-10-07 02:14:33.320 WARN   Wiring.write_wire_scope: net not found
2026-10-07 02:14:33.320 WARN   Wiring.write_wire_scope: net not found
2026-10-07 02:14:33.320 WARN   Wiring.write_wire_scope: net not found
2026-10-07 02:14:33.320 WARN   Wiring.write_wire_scope: net not found
2026-10-07 02:14:33.320 WARN   Wiring.write_wire_scope: net not found
2026-10-07 02:14:33.320 WARN   Wiring.write_wire_scope: net not found
2026-10-07 02:14:33.320 WARN   Wiring.write_wire_scope: net not found
2026-10-07 02:14:33.320 WARN   Wiring.write_wire_scope: net not found
2026-10-07 02:14:33.320 WARN   Wiring.write_wire_scope: net not found
2026-10-07 02:14:33.320 WARN   Wiring.write_wire_scope: net not found
2026-10-07 02:14:33.320 WARN   Wiring.write_wire_scope: net not found
2026-10-07 02:14:33.320 WARN   Wiring.write_wire_scope: net not found
2026-10-07 02:14:33.320 WARN   Wiring.write_wire_scope: net not found
2026-10-07 02:14:33.320 WARN   Wiring.write_wire_scope: net not found
2026-10-07 02:14:33.320 WARN   Wiring.write_wire_scope: net not found
2026-10-07 02:14:33.320 WARN   Wiring.write_wire_scope: net not found
2026-10-07 02:14:33.321 WARN   Wiring.write_wire_scope: net not found
2026-10-07 02:14:33.321 WARN   Wiring.write_wire_scope: net not found
2026-10-07 02:14:33.321 WARN   Wiring.write_wire_scope: net not found
2026-10-07 02:14:33.321 WARN   Wiring.write_wire_scope: net not found
2026-10-07 02:14:33.321 WARN   Wiring.write_wire_scope: net not found
2026-10-07 02:14:33.321 WARN   Wiring.write_wire_scope: net not found
2026-10-07 02:14:33.321 WARN   Wiring.write_wire_scope: net not found
2026-10-07 02:14:33.321 WARN   Wiring.write_wire_scope: net not found
2026-10-07 02:14:33.321 WARN   Wiring.write_wire_scope: net not found
2026-10-07 02:14:33.321 WARN   Wiring.write_wire_scope: net not found
2026-10-07 02:14:33.321 WARN   Wiring.write_wire_scope: net not found
2026-10-07 02:14:33.321 WARN   Wiring.write_wire_scope: net not found
2026-10-07 02:14:33.321 WARN   Wiring.write_wire_scope: net not found
2026-10-07 02:14:33.321 WARN   Wiring.write_wire_scope: net not found
2026-10-07 02:14:33.321 WARN   Wiring.write_wire_scope: net not found
2026-10-07 02:14:33.321 WARN   Wiring.write_wire_scope: net not found
2026-10-07 02:14:33.321 WARN   Wiring.write_wire_scope: net not found
2026-10-07 02:14:33.321 WARN   Wiring.write_wire_scope: net not found
2026-10-07 02:14:33.321 WARN   Wiring.write_wire_scope: net not found
2026-10-07 02:14:33.321 WARN   Wiring.write_wire_scope: net not found
2026-10-07 02:14:33.321 WARN   Wiring.write_wire_scope: net not found
2026-10-07 02:14:33.321 WARN   Wiring.write_wire_scope: net not found
2026-10-07 02:14:33.321 WARN   Wiring.write_wire_scope: net not found
2026-10-07 02:14:33.321 WARN   Wiring.write_wire_scope: net not found
2026-10-07 02:14:33.321 WARN   Wiring.write_wire_scope: net not found
2026-10-07 02:14:33.321 WARN   Wiring.write_wire_scope: net not found
2026-10-07 02:14:33.321 WARN   Wiring.write_wire_scope: net not found
2026-10-07 02:14:33.321 WARN   Wiring.write_wire_scope: net not found
2026-10-07 02:14:33.321 WARN   Wiring.write_wire_scope: net not found
2026-10-07 02:14:33.321 WARN   Wiring.write_wire_scope: net not found
2026-10-07 02:14:33.321 WARN   Wiring.write_wire_scope: net not found
2026-10-07 02:14:33.321 WARN   Wiring.write_wire_scope: net not found
2026-10-07 02:14:33.321 WARN   Wiring.write_wire_scope: net not found
2026-10-07 02:14:33.321 WARN   Wiring.write_wire_scope: net not found
2026-10-07 02:14:33.321 WARN   Wiring.write_wire_scope: net not found
2026-10-07 02:14:33.321 WARN   Wiring.write_wire_scope: net not found
2026-10-07 02:14:33.321 WARN   Wiring.write_wire_scope: net not found
2026-10-07 02:14:33.321 WARN   Wiring.write_wire_scope: net not found
2026-10-07 02:14:33.321 WARN   Wiring.write_wire_scope: net not found
2026-10-07 02:14:33.321 WARN   Wiring.write_wire_scope: net not found
2026-10-07 02:14:33.321 WARN   Wiring.write_wire_scope: net not found
2026-10-07 02:14:33.321 WARN   Wiring.write_wire_scope: net not found
2026-10-07 02:14:33.321 WARN   Wiring.write_wire_scope: net not found
2026-10-07 02:14:33.321 WARN   Wiring.write_wire_scope: net not found
2026-10-07 02:14:33.321 WARN   Wiring.write_wire_scope: net not found
2026-10-07 02:14:33.321 WARN   Wiring.write_wire_scope: net not found
2026-10-07 02:14:33.321 WARN   Wiring.write_wire_scope: net not found
2026-10-07 02:14:33.321 WARN   Wiring.write_wire_scope: net not found
2026-10-07 02:14:33.321 WARN   Wiring.write_wire_scope: net not found
2026-10-07 02:14:33.321 WARN   Wiring.write_wire_scope: net not found
2026-10-07 02:14:33.321 WARN   Wiring.write_wire_scope: net not found
2026-10-07 02:14:33.321 WARN   Wiring.write_wire_scope: net not found
2026-10-07 02:14:33.322 WARN   Wiring.write_wire_scope: net not found
2026-10-07 02:14:33.322 WARN   Wiring.write_wire_scope: net not found
2026-10-07 02:14:33.322 WARN   Wiring.write_wire_scope: net not found
2026-10-07 02:14:33.322 WARN   Wiring.write_wire_scope: net not found
2026-10-07 02:14:33.322 WARN   Wiring.write_wire_scope: net not found
2026-10-07 02:14:33.322 WARN   Wiring.write_wire_scope: net not found
2026-10-07 02:14:33.322 WARN   Wiring.write_wire_scope: net not found
2026-10-07 02:14:33.322 WARN   Wiring.write_wire_scope: net not found
2026-10-07 02:14:33.322 WARN   Wiring.write_wire_scope: net not found
2026-10-07 02:14:33.322 WARN   Wiring.write_wire_scope: net not found
2026-10-07 02:14:33.322 WARN   Wiring.write_wire_scope: net not found
2026-10-07 02:14:33.322 WARN   Wiring.write_wire_scope: net not found
2026-10-07 02:14:33.322 WARN   Wiring.write_wire_scope: net not found
2026-10-07 02:14:33.322 WARN   Wiring.write_wire_scope: net not found
2026-10-07 02:14:33.322 WARN   Wiring.write_wire_scope: net not found
2026-10-07 02:14:33.322 WARN   Wiring.write_wire_scope: net not found
2026-10-07 02:14:33.322 WARN   Wiring.write_wire_scope: net not found
2026-10-07 02:14:33.322 WARN   Wiring.write_wire_scope: net not found
2026-10-07 02:14:33.322 WARN   Wiring.write_wire_scope: net not found
2026-10-07 02:14:33.322 WARN   Wiring.write_wire_scope: net not found
2026-10-07 02:14:33.322 WARN   Wiring.write_wire_scope: net not found
2026-10-07 02:14:33.660 WARN   Wiring.write_wire_scope: net not found
2026-10-07 02:14:33.660 WARN   Wiring.write_wire_scope: net not found
2026-10-07 02:14:33.660 WARN   Wiring.write_wire_scope: net not found
2026-10-07 02:14:33.660 WARN   Wiring.write_wire_scope: net not found
2026-10-07 02:14:33.660 WARN   Wiring.write_wire_scope: net not found
2026-10-07 02:14:33.660 WARN   Wiring.write_wire_scope: net not found
2026-10-07 02:14:33.661 WARN   Wiring.write_wire_scope: net not found
2026-10-07 02:14:33.661 WARN   Wiring.write_wire_scope: net not found
2026-10-07 02:14:33.661 WARN   Wiring.write_wire_scope: net not found
2026-10-07 02:14:33.661 WARN   Wiring.write_wire_scope: net not found
2026-10-07 02:14:33.661 WARN   Wiring.write_wire_scope: net not found
2026-10-07 02:14:33.661 WARN   Wiring.write_wire_scope: net not found
2026-10-07 02:14:33.661 WARN   Wiring.write_wire_scope: net not found
2026-10-07 02:14:33.661 WARN   Wiring.write_wire_scope: net not found
2026-10-07 02:14:33.661 WARN   Wiring.write_wire_scope: net not found
2026-10-07 02:14:33.661 WARN   Wiring.write_wire_scope: net not found
2026-10-07 02:14:33.661 WARN   Wiring.write_wire_scope: net not found
2026-10-07 02:14:33.661 WARN   Wiring.write_wire_scope: net not found
2026-10-07 02:14:33.661 WARN   Wiring.write_wire_scope: net not found
2026-10-07 02:14:33.661 WARN   Wiring.write_wire_scope: net not found
2026-10-07 02:14:33.661 WARN   Wiring.write_wire_scope: net not found
2026-10-07 02:14:33.661 WARN   Wiring.write_wire_scope: net not found
2026-10-07 02:14:33.661 WARN   Wiring.write_wire_scope: net not found
2026-10-07 02:14:33.661 WARN   Wiring.write_wire_scope: net not found
2026-10-07 02:14:33.661 WARN   Wiring.write_wire_scope: net not found
2026-10-07 02:14:33.661 WARN   Wiring.write_wire_scope: net not found
2026-10-07 02:14:33.661 WARN   Wiring.write_wire_scope: net not found
2026-10-07 02:14:33.661 WARN   Wiring.write_wire_scope: net not found
2026-10-07 02:14:33.661 WARN   Wiring.write_wire_scope: net not found
2026-10-07 02:14:33.661 WARN   Wiring.write_wire_scope: net not found
2026-10-07 02:14:33.661 WARN   Wiring.write_wire_scope: net not found
2026-10-07 02:14:33.661 WARN   Wiring.write_wire_scope: net not found
2026-10-07 02:14:33.661 WARN   Wiring.write_wire_scope: net not found
2026-10-07 02:14:33.661 WARN   Wiring.write_wire_scope: net not found
2026-10-07 02:14:33.661 WARN   Wiring.write_wire_scope: net not found
2026-10-07 02:14:33.661 WARN   Wiring.write_wire_scope: net not found
2026-10-07 02:14:33.661 WARN   Wiring.write_wire_scope: net not found
2026-10-07 02:14:33.661 WARN   Wiring.write_wire_scope: net not found
2026-10-07 02:14:33.661 WARN   Wiring.write_wire_scope: net not found
2026-10-07 02:14:33.661 WARN   Wiring.write_wire_scope: net not found
2026-10-07 02:14:33.661 WARN   Wiring.write_wire_scope: net not found
2026-10-07 02:14:33.661 WARN   Wiring.write_wire_scope: net not found
2026-10-07 02:14:33.661 WARN   Wiring.write_wire_scope: net not found
2026-10-07 02:14:33.661 WARN   Wiring.write_wire_scope: net not found
2026-10-07 02:14:33.661 WARN   Wiring.write_wire_scope: net not found
2026-10-07 02:14:33.661 WARN   Wiring.write_wire_scope: net not found
2026-10-07 02:14:33.661 WARN   Wiring.write_wire_scope: net not found
2026-10-07 02:14:33.661 WARN   Wiring.write_wire_scope: net not found
2026-10-07 02:14:33.661 WARN   Wiring.write_wire_scope: net not found
2026-10-07 02:14:33.661 WARN   Wiring.write_wire_scope: net not found
2026-10-07 02:14:33.661 WARN   Wiring.write_wire_scope: net not found
2026-10-07 02:14:33.661 WARN   Wiring.write_wire_scope: net not found
2026-10-07 02:14:33.661 WARN   Wiring.write_wire_scope: net not found
2026-10-07 02:14:33.661 WARN   Wiring.write_wire_scope: net not found
2026-10-07 02:14:33.661 WARN   Wiring.write_wire_scope: net not found
2026-10-07 02:14:33.661 WARN   Wiring.write_wire_scope: net not found
2026-10-07 02:14:33.661 WARN   Wiring.write_wire_scope: net not found
2026-10-07 02:14:33.661 WARN   Wiring.write_wire_scope: net not found
2026-10-07 02:14:33.661 WARN   Wiring.write_wire_scope: net not found
2026-10-07 02:14:33.661 WARN   Wiring.write_wire_scope: net not found
2026-10-07 02:14:33.661 WARN   Wiring.write_wire_scope: net not found
2026-10-07 02:14:33.661 WARN   Wiring.write_wire_scope: net not found
2026-10-07 02:14:33.661 WARN   Wiring.write_wire_scope: net not found
2026-10-07 02:14:33.661 WARN   Wiring.write_wire_scope: net not found
2026-10-07 02:14:33.661 WARN   Wiring.write_wire_scope: net not found
2026-10-07 02:14:33.661 WARN   Wiring.write_wire_scope: net not found
2026-10-07 02:14:33.661 WARN   Wiring.write_wire_scope: net not found
2026-10-07 02:14:33.661 WARN   Wiring.write_wire_scope: net not found
2026-10-07 02:14:33.661 WARN   Wiring.write_wire_scope: net not found
2026-10-07 02:14:33.661 WARN   Wiring.write_wire_scope: net not found
2026-10-07 02:14:33.661 WARN   Wiring.write_wire_scope: net not found
2026-10-07 02:14:33.661 WARN   Wiring.write_wire_scope: net not found
2026-10-07 02:14:33.661 WARN   Wiring.write_wire_scope: net not found
2026-10-07 02:14:33.661 WARN   Wiring.write_wire_scope: net not found
2026-10-07 02:14:33.661 WARN   Wiring.write_wire_scope: net not found
2026-10-07 02:14:33.661 WARN   Wiring.write_wire_scope: net not found
2026-10-07 02:14:33.661 WARN   Wiring.write_wire_scope: net not found
2026-10-07 02:14:33.661 WARN   Wiring.write_wire_scope: net not found
2026-10-07 02:14:33.661 WARN   Wiring.write_wire_scope: net not found
2026-10-07 02:14:33.661 WARN   Wiring.write_wire_scope: net not found
2026-10-07 02:14:33.661 WARN   Wiring.write_wire_scope: net not found
2026-10-07 02:14:33.661 WARN   Wiring.write_wire_scope: net not found
2026-10-07 02:14:33.661 WARN   Wiring.write_wire_scope: net not found
2026-10-07 02:14:33.661 WARN   Wiring.write_wire_scope: net not found
2026-10-07 02:14:33.661 WARN   Wiring.write_wire_scope: net not found
2026-10-07 02:14:33.661 WARN   Wiring.write_wire_scope: net not found
2026-10-07 02:14:33.661 WARN   Wiring.write_wire_scope: net not found
2026-10-07 02:14:33.661 WARN   Wiring.write_wire_scope: net not found
2026-10-07 02:14:33.661 WARN   Wiring.write_wire_scope: net not found
2026-10-07 02:14:33.661 WARN   Wiring.write_wire_scope: net not found
2026-10-07 02:14:33.661 WARN   Wiring.write_wire_scope: net not found
2026-10-07 02:14:33.661 WARN   Wiring.write_wire_scope: net not found
2026-10-07 02:14:33.661 WARN   Wiring.write_wire_scope: net not found
2026-10-07 02:14:33.661 WARN   Wiring.write_wire_scope: net not found
2026-10-07 02:14:33.661 WARN   Wiring.write_wire_scope: net not found
2026-10-07 02:14:33.661 WARN   Wiring.write_wire_scope: net not found
2026-10-07 02:14:33.661 WARN   Wiring.write_wire_scope: net not found
2026-10-07 02:14:33.661 WARN   Wiring.write_wire_scope: net not found
2026-10-07 02:14:33.661 WARN   Wiring.write_wire_scope: net not found
2026-10-07 02:14:33.661 WARN   Wiring.write_wire_scope: net not found
2026-10-07 02:14:33.661 WARN   Wiring.write_wire_scope: net not found
2026-10-07 02:14:33.661 WARN   Wiring.write_wire_scope: net not found
2026-10-07 02:14:33.661 WARN   Wiring.write_wire_scope: net not found
2026-10-07 02:14:33.661 WARN   Wiring.write_wire_scope: net not found
2026-10-07 02:14:33.661 WARN   Wiring.write_wire_scope: net not found
2026-10-07 02:14:33.665 INFO   [131E2B\56583F] Fanout pass #1 on board '422751a08cccba012176d3bbc85a4994' completed in 0.48 seconds with 8 SMD pins fanouted, 16 not routed, 0 insert errors, +0 extra vias (0 SMD pins still to check in pass, ripup costs=100).
2026-10-07 02:14:33.692 WARN   Wiring.write_wire_scope: net not found
2026-10-07 02:14:33.692 WARN   Wiring.write_wire_scope: net not found
2026-10-07 02:14:33.692 WARN   Wiring.write_wire_scope: net not found
2026-10-07 02:14:33.692 WARN   Wiring.write_wire_scope: net not found
2026-10-07 02:14:33.692 WARN   Wiring.write_wire_scope: net not found
2026-10-07 02:14:33.692 WARN   Wiring.write_wire_scope: net not found
2026-10-07 02:14:33.692 WARN   Wiring.write_wire_scope: net not found
2026-10-07 02:14:33.692 WARN   Wiring.write_wire_scope: net not found
2026-10-07 02:14:33.692 WARN   Wiring.write_wire_scope: net not found
2026-10-07 02:14:33.692 WARN   Wiring.write_wire_scope: net not found
2026-10-07 02:14:33.692 WARN   Wiring.write_wire_scope: net not found
2026-10-07 02:14:33.692 WARN   Wiring.write_wire_scope: net not found
2026-10-07 02:14:33.692 WARN   Wiring.write_wire_scope: net not found
2026-10-07 02:14:33.692 WARN   Wiring.write_wire_scope: net not found
2026-10-07 02:14:33.692 WARN   Wiring.write_wire_scope: net not found
2026-10-07 02:14:33.692 WARN   Wiring.write_wire_scope: net not found
2026-10-07 02:14:33.692 WARN   Wiring.write_wire_scope: net not found
2026-10-07 02:14:33.692 WARN   Wiring.write_wire_scope: net not found
2026-10-07 02:14:33.692 WARN   Wiring.write_wire_scope: net not found
2026-10-07 02:14:33.692 WARN   Wiring.write_wire_scope: net not found
2026-10-07 02:14:33.692 WARN   Wiring.write_wire_scope: net not found
2026-10-07 02:14:33.692 WARN   Wiring.write_wire_scope: net not found
2026-10-07 02:14:33.692 WARN   Wiring.write_wire_scope: net not found
2026-10-07 02:14:33.692 WARN   Wiring.write_wire_scope: net not found
2026-10-07 02:14:33.692 WARN   Wiring.write_wire_scope: net not found
2026-10-07 02:14:33.692 WARN   Wiring.write_wire_scope: net not found
2026-10-07 02:14:33.692 WARN   Wiring.write_wire_scope: net not found
2026-10-07 02:14:33.692 WARN   Wiring.write_wire_scope: net not found
2026-10-07 02:14:33.692 WARN   Wiring.write_wire_scope: net not found
2026-10-07 02:14:33.692 WARN   Wiring.write_wire_scope: net not found
2026-10-07 02:14:33.692 WARN   Wiring.write_wire_scope: net not found
2026-10-07 02:14:33.692 WARN   Wiring.write_wire_scope: net not found
2026-10-07 02:14:33.692 WARN   Wiring.write_wire_scope: net not found
2026-10-07 02:14:33.692 WARN   Wiring.write_wire_scope: net not found
2026-10-07 02:14:33.692 WARN   Wiring.write_wire_scope: net not found
2026-10-07 02:14:33.692 WARN   Wiring.write_wire_scope: net not found
2026-10-07 02:14:33.692 WARN   Wiring.write_wire_scope: net not found
2026-10-07 02:14:33.692 WARN   Wiring.write_wire_scope: net not found
2026-10-07 02:14:33.692 WARN   Wiring.write_wire_scope: net not found
2026-10-07 02:14:33.692 WARN   Wiring.write_wire_scope: net not found
2026-10-07 02:14:33.692 WARN   Wiring.write_wire_scope: net not found
2026-10-07 02:14:33.692 WARN   Wiring.write_wire_scope: net not found
2026-10-07 02:14:33.692 WARN   Wiring.write_wire_scope: net not found
2026-10-07 02:14:33.692 WARN   Wiring.write_wire_scope: net not found
2026-10-07 02:14:33.692 WARN   Wiring.write_wire_scope: net not found
2026-10-07 02:14:33.692 WARN   Wiring.write_wire_scope: net not found
2026-10-07 02:14:33.692 WARN   Wiring.write_wire_scope: net not found
2026-10-07 02:14:33.692 WARN   Wiring.write_wire_scope: net not found
2026-10-07 02:14:33.692 WARN   Wiring.write_wire_scope: net not found
2026-10-07 02:14:33.692 WARN   Wiring.write_wire_scope: net not found
2026-10-07 02:14:33.692 WARN   Wiring.write_wire_scope: net not found
2026-10-07 02:14:33.692 WARN   Wiring.write_wire_scope: net not found
2026-10-07 02:14:33.692 WARN   Wiring.write_wire_scope: net not found
2026-10-07 02:14:33.692 WARN   Wiring.write_wire_scope: net not found
2026-10-07 02:14:33.692 WARN   Wiring.write_wire_scope: net not found
2026-10-07 02:14:33.692 WARN   Wiring.write_wire_scope: net not found
2026-10-07 02:14:33.692 WARN   Wiring.write_wire_scope: net not found
2026-10-07 02:14:33.692 WARN   Wiring.write_wire_scope: net not found
2026-10-07 02:14:33.692 WARN   Wiring.write_wire_scope: net not found
2026-10-07 02:14:33.692 WARN   Wiring.write_wire_scope: net not found
2026-10-07 02:14:33.692 WARN   Wiring.write_wire_scope: net not found
2026-10-07 02:14:33.692 WARN   Wiring.write_wire_scope: net not found
2026-10-07 02:14:33.692 WARN   Wiring.write_wire_scope: net not found
2026-10-07 02:14:33.692 WARN   Wiring.write_wire_scope: net not found
2026-10-07 02:14:33.692 WARN   Wiring.write_wire_scope: net not found
2026-10-07 02:14:33.692 WARN   Wiring.write_wire_scope: net not found
2026-10-07 02:14:33.692 WARN   Wiring.write_wire_scope: net not found
2026-10-07 02:14:33.692 WARN   Wiring.write_wire_scope: net not found
2026-10-07 02:14:33.692 WARN   Wiring.write_wire_scope: net not found
2026-10-07 02:14:33.692 WARN   Wiring.write_wire_scope: net not found
2026-10-07 02:14:33.692 WARN   Wiring.write_wire_scope: net not found
2026-10-07 02:14:33.692 WARN   Wiring.write_wire_scope: net not found
2026-10-07 02:14:33.692 WARN   Wiring.write_wire_scope: net not found
2026-10-07 02:14:33.692 WARN   Wiring.write_wire_scope: net not found
2026-10-07 02:14:33.692 WARN   Wiring.write_wire_scope: net not found
2026-10-07 02:14:33.692 WARN   Wiring.write_wire_scope: net not found
2026-10-07 02:14:33.692 WARN   Wiring.write_wire_scope: net not found
2026-10-07 02:14:33.692 WARN   Wiring.write_wire_scope: net not found
2026-10-07 02:14:33.692 WARN   Wiring.write_wire_scope: net not found
2026-10-07 02:14:33.692 WARN   Wiring.write_wire_scope: net not found
2026-10-07 02:14:33.692 WARN   Wiring.write_wire_scope: net not found
2026-10-07 02:14:33.692 WARN   Wiring.write_wire_scope: net not found
2026-10-07 02:14:33.692 WARN   Wiring.write_wire_scope: net not found
2026-10-07 02:14:33.692 WARN   Wiring.write_wire_scope: net not found
2026-10-07 02:14:33.692 WARN   Wiring.write_wire_scope: net not found
2026-10-07 02:14:33.692 WARN   Wiring.write_wire_scope: net not found
2026-10-07 02:14:33.692 WARN   Wiring.write_wire_scope: net not found
2026-10-07 02:14:33.692 WARN   Wiring.write_wire_scope: net not found
2026-10-07 02:14:33.692 WARN   Wiring.write_wire_scope: net not found
2026-10-07 02:14:33.692 WARN   Wiring.write_wire_scope: net not found
2026-10-07 02:14:33.692 WARN   Wiring.write_wire_scope: net not found
2026-10-07 02:14:33.692 WARN   Wiring.write_wire_scope: net not found
2026-10-07 02:14:33.692 WARN   Wiring.write_wire_scope: net not found
2026-10-07 02:14:33.692 WARN   Wiring.write_wire_scope: net not found
2026-10-07 02:14:33.692 WARN   Wiring.write_wire_scope: net not found
2026-10-07 02:14:33.692 WARN   Wiring.write_wire_scope: net not found
2026-10-07 02:14:33.692 WARN   Wiring.write_wire_scope: net not found
2026-10-07 02:14:33.692 WARN   Wiring.write_wire_scope: net not found
2026-10-07 02:14:33.692 WARN   Wiring.write_wire_scope: net not found
2026-10-07 02:14:33.692 WARN   Wiring.write_wire_scope: net not found
2026-10-07 02:14:33.692 WARN   Wiring.write_wire_scope: net not found
2026-10-07 02:14:33.692 WARN   Wiring.write_wire_scope: net not found
2026-10-07 02:14:33.692 WARN   Wiring.write_wire_scope: net not found
2026-10-07 02:14:33.692 WARN   Wiring.write_wire_scope: net not found
2026-10-07 02:14:33.692 WARN   Wiring.write_wire_scope: net not found
2026-10-07 02:14:33.729 WARN   Wiring.write_wire_scope: net not found
2026-10-07 02:14:33.729 WARN   Wiring.write_wire_scope: net not found
2026-10-07 02:14:33.729 WARN   Wiring.write_wire_scope: net not found
2026-10-07 02:14:33.729 WARN   Wiring.write_wire_scope: net not found
2026-10-07 02:14:33.729 WARN   Wiring.write_wire_scope: net not found
2026-10-07 02:14:33.729 WARN   Wiring.write_wire_scope: net not found
2026-10-07 02:14:33.729 WARN   Wiring.write_wire_scope: net not found
2026-10-07 02:14:33.729 WARN   Wiring.write_wire_scope: net not found
2026-10-07 02:14:33.729 WARN   Wiring.write_wire_scope: net not found
2026-10-07 02:14:33.729 WARN   Wiring.write_wire_scope: net not found
2026-10-07 02:14:33.729 WARN   Wiring.write_wire_scope: net not found
2026-10-07 02:14:33.729 WARN   Wiring.write_wire_scope: net not found
2026-10-07 02:14:33.729 WARN   Wiring.write_wire_scope: net not found
2026-10-07 02:14:33.729 WARN   Wiring.write_wire_scope: net not found
2026-10-07 02:14:33.729 WARN   Wiring.write_wire_scope: net not found
2026-10-07 02:14:33.729 WARN   Wiring.write_wire_scope: net not found
2026-10-07 02:14:33.729 WARN   Wiring.write_wire_scope: net not found
2026-10-07 02:14:33.729 WARN   Wiring.write_wire_scope: net not found
2026-10-07 02:14:33.729 WARN   Wiring.write_wire_scope: net not found
2026-10-07 02:14:33.729 WARN   Wiring.write_wire_scope: net not found
2026-10-07 02:14:33.729 WARN   Wiring.write_wire_scope: net not found
2026-10-07 02:14:33.729 WARN   Wiring.write_wire_scope: net not found
2026-10-07 02:14:33.729 WARN   Wiring.write_wire_scope: net not found
2026-10-07 02:14:33.729 WARN   Wiring.write_wire_scope: net not found
2026-10-07 02:14:33.729 WARN   Wiring.write_wire_scope: net not found
2026-10-07 02:14:33.729 WARN   Wiring.write_wire_scope: net not found
2026-10-07 02:14:33.729 WARN   Wiring.write_wire_scope: net not found
2026-10-07 02:14:33.729 WARN   Wiring.write_wire_scope: net not found
2026-10-07 02:14:33.729 WARN   Wiring.write_wire_scope: net not found
2026-10-07 02:14:33.729 WARN   Wiring.write_wire_scope: net not found
2026-10-07 02:14:33.729 WARN   Wiring.write_wire_scope: net not found
2026-10-07 02:14:33.729 WARN   Wiring.write_wire_scope: net not found
2026-10-07 02:14:33.729 WARN   Wiring.write_wire_scope: net not found
2026-10-07 02:14:33.729 WARN   Wiring.write_wire_scope: net not found
2026-10-07 02:14:33.729 WARN   Wiring.write_wire_scope: net not found
2026-10-07 02:14:33.729 WARN   Wiring.write_wire_scope: net not found
2026-10-07 02:14:33.729 WARN   Wiring.write_wire_scope: net not found
2026-10-07 02:14:33.729 WARN   Wiring.write_wire_scope: net not found
2026-10-07 02:14:33.729 WARN   Wiring.write_wire_scope: net not found
2026-10-07 02:14:33.729 WARN   Wiring.write_wire_scope: net not found
2026-10-07 02:14:33.729 WARN   Wiring.write_wire_scope: net not found
2026-10-07 02:14:33.729 WARN   Wiring.write_wire_scope: net not found
2026-10-07 02:14:33.729 WARN   Wiring.write_wire_scope: net not found
2026-10-07 02:14:33.729 WARN   Wiring.write_wire_scope: net not found
2026-10-07 02:14:33.729 WARN   Wiring.write_wire_scope: net not found
2026-10-07 02:14:33.729 WARN   Wiring.write_wire_scope: net not found
2026-10-07 02:14:33.729 WARN   Wiring.write_wire_scope: net not found
2026-10-07 02:14:33.729 WARN   Wiring.write_wire_scope: net not found
2026-10-07 02:14:33.729 WARN   Wiring.write_wire_scope: net not found
2026-10-07 02:14:33.729 WARN   Wiring.write_wire_scope: net not found
2026-10-07 02:14:33.729 WARN   Wiring.write_wire_scope: net not found
2026-10-07 02:14:33.729 WARN   Wiring.write_wire_scope: net not found
2026-10-07 02:14:33.729 WARN   Wiring.write_wire_scope: net not found
2026-10-07 02:14:33.729 WARN   Wiring.write_wire_scope: net not found
2026-10-07 02:14:33.729 WARN   Wiring.write_wire_scope: net not found
2026-10-07 02:14:33.729 WARN   Wiring.write_wire_scope: net not found
2026-10-07 02:14:33.729 WARN   Wiring.write_wire_scope: net not found
2026-10-07 02:14:33.729 WARN   Wiring.write_wire_scope: net not found
2026-10-07 02:14:33.729 WARN   Wiring.write_wire_scope: net not found
2026-10-07 02:14:33.729 WARN   Wiring.write_wire_scope: net not found
2026-10-07 02:14:33.729 WARN   Wiring.write_wire_scope: net not found
2026-10-07 02:14:33.729 WARN   Wiring.write_wire_scope: net not found
2026-10-07 02:14:33.729 WARN   Wiring.write_wire_scope: net not found
2026-10-07 02:14:33.729 WARN   Wiring.write_wire_scope: net not found
2026-10-07 02:14:33.729 WARN   Wiring.write_wire_scope: net not found
2026-10-07 02:14:33.729 WARN   Wiring.write_wire_scope: net not found
2026-10-07 02:14:33.729 WARN   Wiring.write_wire_scope: net not found
2026-10-07 02:14:33.729 WARN   Wiring.write_wire_scope: net not found
2026-10-07 02:14:33.729 WARN   Wiring.write_wire_scope: net not found
2026-10-07 02:14:33.729 WARN   Wiring.write_wire_scope: net not found
2026-10-07 02:14:33.729 WARN   Wiring.write_wire_scope: net not found
2026-10-07 02:14:33.729 WARN   Wiring.write_wire_scope: net not found
2026-10-07 02:14:33.729 WARN   Wiring.write_wire_scope: net not found
2026-10-07 02:14:33.729 WARN   Wiring.write_wire_scope: net not found
2026-10-07 02:14:33.729 WARN   Wiring.write_wire_scope: net not found
2026-10-07 02:14:33.729 WARN   Wiring.write_wire_scope: net not found
2026-10-07 02:14:33.729 WARN   Wiring.write_wire_scope: net not found
2026-10-07 02:14:33.729 WARN   Wiring.write_wire_scope: net not found
2026-10-07 02:14:33.729 WARN   Wiring.write_wire_scope: net not found
2026-10-07 02:14:33.729 WARN   Wiring.write_wire_scope: net not found
2026-10-07 02:14:33.729 WARN   Wiring.write_wire_scope: net not found
2026-10-07 02:14:33.729 WARN   Wiring.write_wire_scope: net not found
2026-10-07 02:14:33.729 WARN   Wiring.write_wire_scope: net not found
2026-10-07 02:14:33.729 WARN   Wiring.write_wire_scope: net not found
2026-10-07 02:14:33.729 WARN   Wiring.write_wire_scope: net not found
2026-10-07 02:14:33.729 WARN   Wiring.write_wire_scope: net not found
2026-10-07 02:14:33.729 WARN   Wiring.write_wire_scope: net not found
2026-10-07 02:14:33.729 WARN   Wiring.write_wire_scope: net not found
2026-10-07 02:14:33.729 WARN   Wiring.write_wire_scope: net not found
2026-10-07 02:14:33.729 WARN   Wiring.write_wire_scope: net not found
2026-10-07 02:14:33.729 WARN   Wiring.write_wire_scope: net not found
2026-10-07 02:14:33.729 WARN   Wiring.write_wire_scope: net not found
2026-10-07 02:14:33.729 WARN   Wiring.write_wire_scope: net not found
2026-10-07 02:14:33.729 WARN   Wiring.write_wire_scope: net not found
2026-10-07 02:14:33.729 WARN   Wiring.write_wire_scope: net not found
2026-10-07 02:14:33.729 WARN   Wiring.write_wire_scope: net not found
2026-10-07 02:14:33.729 WARN   Wiring.write_wire_scope: net not found
2026-10-07 02:14:33.729 WARN   Wiring.write_wire_scope: net not found
2026-10-07 02:14:33.729 WARN   Wiring.write_wire_scope: net not found
2026-10-07 02:14:33.729 WARN   Wiring.write_wire_scope: net not found
2026-10-07 02:14:33.729 WARN   Wiring.write_wire_scope: net not found
2026-10-07 02:14:33.729 WARN   Wiring.write_wire_scope: net not found
2026-10-07 02:14:33.729 WARN   Wiring.write_wire_scope: net not found
2026-10-07 02:14:33.729 WARN   Wiring.write_wire_scope: net not found
2026-10-07 02:14:33.729 WARN   Wiring.write_wire_scope: net not found
2026-10-07 02:14:33.820 WARN   Wiring.write_wire_scope: net not found
2026-10-07 02:14:33.820 WARN   Wiring.write_wire_scope: net not found
2026-10-07 02:14:33.820 WARN   Wiring.write_wire_scope: net not found
2026-10-07 02:14:33.820 WARN   Wiring.write_wire_scope: net not found
2026-10-07 02:14:33.820 WARN   Wiring.write_wire_scope: net not found
2026-10-07 02:14:33.820 WARN   Wiring.write_wire_scope: net not found
2026-10-07 02:14:33.820 WARN   Wiring.write_wire_scope: net not found
2026-10-07 02:14:33.820 WARN   Wiring.write_wire_scope: net not found
2026-10-07 02:14:33.820 WARN   Wiring.write_wire_scope: net not found
2026-10-07 02:14:33.820 WARN   Wiring.write_wire_scope: net not found
2026-10-07 02:14:33.820 WARN   Wiring.write_wire_scope: net not found
2026-10-07 02:14:33.820 WARN   Wiring.write_wire_scope: net not found
2026-10-07 02:14:33.821 WARN   Wiring.write_wire_scope: net not found
2026-10-07 02:14:33.821 WARN   Wiring.write_wire_scope: net not found
2026-10-07 02:14:33.821 WARN   Wiring.write_wire_scope: net not found
2026-10-07 02:14:33.821 WARN   Wiring.write_wire_scope: net not found
2026-10-07 02:14:33.821 WARN   Wiring.write_wire_scope: net not found
2026-10-07 02:14:33.821 WARN   Wiring.write_wire_scope: net not found
2026-10-07 02:14:33.821 WARN   Wiring.write_wire_scope: net not found
2026-10-07 02:14:33.821 WARN   Wiring.write_wire_scope: net not found
2026-10-07 02:14:33.821 WARN   Wiring.write_wire_scope: net not found
2026-10-07 02:14:33.821 WARN   Wiring.write_wire_scope: net not found
2026-10-07 02:14:33.821 WARN   Wiring.write_wire_scope: net not found
2026-10-07 02:14:33.821 WARN   Wiring.write_wire_scope: net not found
2026-10-07 02:14:33.821 WARN   Wiring.write_wire_scope: net not found
2026-10-07 02:14:33.821 WARN   Wiring.write_wire_scope: net not found
2026-10-07 02:14:33.821 WARN   Wiring.write_wire_scope: net not found
2026-10-07 02:14:33.821 WARN   Wiring.write_wire_scope: net not found
2026-10-07 02:14:33.821 WARN   Wiring.write_wire_scope: net not found
2026-10-07 02:14:33.821 WARN   Wiring.write_wire_scope: net not found
2026-10-07 02:14:33.821 WARN   Wiring.write_wire_scope: net not found
2026-10-07 02:14:33.821 WARN   Wiring.write_wire_scope: net not found
2026-10-07 02:14:33.821 WARN   Wiring.write_wire_scope: net not found
2026-10-07 02:14:33.821 WARN   Wiring.write_wire_scope: net not found
2026-10-07 02:14:33.821 WARN   Wiring.write_wire_scope: net not found
2026-10-07 02:14:33.821 WARN   Wiring.write_wire_scope: net not found
2026-10-07 02:14:33.821 WARN   Wiring.write_wire_scope: net not found
2026-10-07 02:14:33.821 WARN   Wiring.write_wire_scope: net not found
2026-10-07 02:14:33.821 WARN   Wiring.write_wire_scope: net not found
2026-10-07 02:14:33.821 WARN   Wiring.write_wire_scope: net not found
2026-10-07 02:14:33.821 WARN   Wiring.write_wire_scope: net not found
2026-10-07 02:14:33.821 WARN   Wiring.write_wire_scope: net not found
2026-10-07 02:14:33.821 WARN   Wiring.write_wire_scope: net not found
2026-10-07 02:14:33.821 WARN   Wiring.write_wire_scope: net not found
2026-10-07 02:14:33.821 WARN   Wiring.write_wire_scope: net not found
2026-10-07 02:14:33.821 WARN   Wiring.write_wire_scope: net not found
2026-10-07 02:14:33.821 WARN   Wiring.write_wire_scope: net not found
2026-10-07 02:14:33.821 WARN   Wiring.write_wire_scope: net not found
2026-10-07 02:14:33.821 WARN   Wiring.write_wire_scope: net not found
2026-10-07 02:14:33.821 WARN   Wiring.write_wire_scope: net not found
2026-10-07 02:14:33.821 WARN   Wiring.write_wire_scope: net not found
2026-10-07 02:14:33.821 WARN   Wiring.write_wire_scope: net not found
2026-10-07 02:14:33.821 WARN   Wiring.write_wire_scope: net not found
2026-10-07 02:14:33.821 WARN   Wiring.write_wire_scope: net not found
2026-10-07 02:14:33.821 WARN   Wiring.write_wire_scope: net not found
2026-10-07 02:14:33.821 WARN   Wiring.write_wire_scope: net not found
2026-10-07 02:14:33.821 WARN   Wiring.write_wire_scope: net not found
2026-10-07 02:14:33.821 WARN   Wiring.write_wire_scope: net not found
2026-10-07 02:14:33.821 WARN   Wiring.write_wire_scope: net not found
2026-10-07 02:14:33.821 WARN   Wiring.write_wire_scope: net not found
2026-10-07 02:14:33.821 WARN   Wiring.write_wire_scope: net not found
2026-10-07 02:14:33.821 WARN   Wiring.write_wire_scope: net not found
2026-10-07 02:14:33.821 WARN   Wiring.write_wire_scope: net not found
2026-10-07 02:14:33.821 WARN   Wiring.write_wire_scope: net not found
2026-10-07 02:14:33.821 WARN   Wiring.write_wire_scope: net not found
2026-10-07 02:14:33.821 WARN   Wiring.write_wire_scope: net not found
2026-10-07 02:14:33.821 WARN   Wiring.write_wire_scope: net not found
2026-10-07 02:14:33.821 WARN   Wiring.write_wire_scope: net not found
2026-10-07 02:14:33.821 WARN   Wiring.write_wire_scope: net not found
2026-10-07 02:14:33.821 WARN   Wiring.write_wire_scope: net not found
2026-10-07 02:14:33.821 WARN   Wiring.write_wire_scope: net not found
2026-10-07 02:14:33.821 WARN   Wiring.write_wire_scope: net not found
2026-10-07 02:14:33.821 WARN   Wiring.write_wire_scope: net not found
2026-10-07 02:14:33.821 WARN   Wiring.write_wire_scope: net not found
2026-10-07 02:14:33.821 WARN   Wiring.write_wire_scope: net not found
2026-10-07 02:14:33.821 WARN   Wiring.write_wire_scope: net not found
2026-10-07 02:14:33.821 WARN   Wiring.write_wire_scope: net not found
2026-10-07 02:14:33.821 WARN   Wiring.write_wire_scope: net not found
2026-10-07 02:14:33.821 WARN   Wiring.write_wire_scope: net not found
2026-10-07 02:14:33.821 WARN   Wiring.write_wire_scope: net not found
2026-10-07 02:14:33.821 WARN   Wiring.write_wire_scope: net not found
2026-10-07 02:14:33.821 WARN   Wiring.write_wire_scope: net not found
2026-10-07 02:14:33.821 WARN   Wiring.write_wire_scope: net not found
2026-10-07 02:14:33.821 WARN   Wiring.write_wire_scope: net not found
2026-10-07 02:14:33.821 WARN   Wiring.write_wire_scope: net not found
2026-10-07 02:14:33.821 WARN   Wiring.write_wire_scope: net not found
2026-10-07 02:14:33.821 WARN   Wiring.write_wire_scope: net not found
2026-10-07 02:14:33.821 WARN   Wiring.write_wire_scope: net not found
2026-10-07 02:14:33.821 WARN   Wiring.write_wire_scope: net not found
2026-10-07 02:14:33.821 WARN   Wiring.write_wire_scope: net not found
2026-10-07 02:14:33.821 WARN   Wiring.write_wire_scope: net not found
2026-10-07 02:14:33.821 WARN   Wiring.write_wire_scope: net not found
2026-10-07 02:14:33.821 WARN   Wiring.write_wire_scope: net not found
2026-10-07 02:14:33.821 WARN   Wiring.write_wire_scope: net not found
2026-10-07 02:14:33.821 WARN   Wiring.write_wire_scope: net not found
2026-10-07 02:14:33.821 WARN   Wiring.write_wire_scope: net not found
2026-10-07 02:14:33.821 WARN   Wiring.write_wire_scope: net not found
2026-10-07 02:14:33.821 WARN   Wiring.write_wire_scope: net not found
2026-10-07 02:14:33.821 WARN   Wiring.write_wire_scope: net not found
2026-10-07 02:14:33.821 WARN   Wiring.write_wire_scope: net not found
2026-10-07 02:14:33.821 WARN   Wiring.write_wire_scope: net not found
2026-10-07 02:14:33.821 WARN   Wiring.write_wire_scope: net not found
2026-10-07 02:14:33.821 WARN   Wiring.write_wire_scope: net not found
2026-10-07 02:14:33.821 WARN   Wiring.write_wire_scope: net not found
2026-10-07 02:14:33.821 WARN   Wiring.write_wire_scope: net not found
2026-10-07 02:14:33.825 INFO   [131E2B\56583F] Fanout pass #2 on board '422751a08cccba012176d3bbc85a4994' completed in 0.13 seconds with 0 SMD pins fanouted, 8 not routed, 0 insert errors, +0 extra vias (0 SMD pins still to check in pass, ripup costs=200).
2026-10-07 02:14:33.828 INFO   [131E2B\56583F] Fanout stage completed: started with 24 total SMD pins, completed in 0.68 seconds, escaped pins: 14/24 (58.3%), using 0.68 total CPU seconds, 0.36 GB total allocated, and 324.5 MB peak heap usage.
2026-10-07 02:14:33.905 INFO   [131E2B\56583F] Auto-routing stage started on board '422751a08cccba012176d3bbc85a4994' with baseline score 192.96 for 19 unrouted items.
2026-10-07 02:14:33.993 WARN   Wiring.write_wire_scope: net not found
2026-10-07 02:14:33.993 WARN   Wiring.write_wire_scope: net not found
2026-10-07 02:14:33.993 WARN   Wiring.write_wire_scope: net not found
2026-10-07 02:14:33.993 WARN   Wiring.write_wire_scope: net not found
2026-10-07 02:14:33.993 WARN   Wiring.write_wire_scope: net not found
2026-10-07 02:14:33.993 WARN   Wiring.write_wire_scope: net not found
2026-10-07 02:14:33.993 WARN   Wiring.write_wire_scope: net not found
2026-10-07 02:14:33.993 WARN   Wiring.write_wire_scope: net not found
2026-10-07 02:14:33.993 WARN   Wiring.write_wire_scope: net not found
2026-10-07 02:14:33.993 WARN   Wiring.write_wire_scope: net not found
2026-10-07 02:14:33.993 WARN   Wiring.write_wire_scope: net not found
2026-10-07 02:14:33.993 WARN   Wiring.write_wire_scope: net not found
2026-10-07 02:14:33.993 WARN   Wiring.write_wire_scope: net not found
2026-10-07 02:14:33.993 WARN   Wiring.write_wire_scope: net not found
2026-10-07 02:14:33.993 WARN   Wiring.write_wire_scope: net not found
2026-10-07 02:14:33.993 WARN   Wiring.write_wire_scope: net not found
2026-10-07 02:14:33.993 WARN   Wiring.write_wire_scope: net not found
2026-10-07 02:14:33.993 WARN   Wiring.write_wire_scope: net not found
2026-10-07 02:14:33.993 WARN   Wiring.write_wire_scope: net not found
2026-10-07 02:14:33.993 WARN   Wiring.write_wire_scope: net not found
2026-10-07 02:14:33.993 WARN   Wiring.write_wire_scope: net not found
2026-10-07 02:14:33.993 WARN   Wiring.write_wire_scope: net not found
2026-10-07 02:14:33.993 WARN   Wiring.write_wire_scope: net not found
2026-10-07 02:14:33.993 WARN   Wiring.write_wire_scope: net not found
2026-10-07 02:14:33.993 WARN   Wiring.write_wire_scope: net not found
2026-10-07 02:14:33.993 WARN   Wiring.write_wire_scope: net not found
2026-10-07 02:14:33.993 WARN   Wiring.write_wire_scope: net not found
2026-10-07 02:14:33.993 WARN   Wiring.write_wire_scope: net not found
2026-10-07 02:14:33.993 WARN   Wiring.write_wire_scope: net not found
2026-10-07 02:14:33.993 WARN   Wiring.write_wire_scope: net not found
2026-10-07 02:14:33.993 WARN   Wiring.write_wire_scope: net not found
2026-10-07 02:14:33.993 WARN   Wiring.write_wire_scope: net not found
2026-10-07 02:14:33.993 WARN   Wiring.write_wire_scope: net not found
2026-10-07 02:14:33.993 WARN   Wiring.write_wire_scope: net not found
2026-10-07 02:14:33.993 WARN   Wiring.write_wire_scope: net not found
2026-10-07 02:14:33.993 WARN   Wiring.write_wire_scope: net not found
2026-10-07 02:14:33.993 WARN   Wiring.write_wire_scope: net not found
2026-10-07 02:14:33.993 WARN   Wiring.write_wire_scope: net not found
2026-10-07 02:14:33.993 WARN   Wiring.write_wire_scope: net not found
2026-10-07 02:14:33.993 WARN   Wiring.write_wire_scope: net not found
2026-10-07 02:14:33.993 WARN   Wiring.write_wire_scope: net not found
2026-10-07 02:14:33.993 WARN   Wiring.write_wire_scope: net not found
2026-10-07 02:14:33.993 WARN   Wiring.write_wire_scope: net not found
2026-10-07 02:14:33.993 WARN   Wiring.write_wire_scope: net not found
2026-10-07 02:14:33.993 WARN   Wiring.write_wire_scope: net not found
2026-10-07 02:14:33.993 WARN   Wiring.write_wire_scope: net not found
2026-10-07 02:14:33.993 WARN   Wiring.write_wire_scope: net not found
2026-10-07 02:14:33.993 WARN   Wiring.write_wire_scope: net not found
2026-10-07 02:14:33.993 WARN   Wiring.write_wire_scope: net not found
2026-10-07 02:14:33.993 WARN   Wiring.write_wire_scope: net not found
2026-10-07 02:14:33.993 WARN   Wiring.write_wire_scope: net not found
2026-10-07 02:14:33.993 WARN   Wiring.write_wire_scope: net not found
2026-10-07 02:14:33.993 WARN   Wiring.write_wire_scope: net not found
2026-10-07 02:14:33.993 WARN   Wiring.write_wire_scope: net not found
2026-10-07 02:14:33.993 WARN   Wiring.write_wire_scope: net not found
2026-10-07 02:14:33.993 WARN   Wiring.write_wire_scope: net not found
2026-10-07 02:14:33.993 WARN   Wiring.write_wire_scope: net not found
2026-10-07 02:14:33.993 WARN   Wiring.write_wire_scope: net not found
2026-10-07 02:14:33.993 WARN   Wiring.write_wire_scope: net not found
2026-10-07 02:14:33.993 WARN   Wiring.write_wire_scope: net not found
2026-10-07 02:14:33.993 WARN   Wiring.write_wire_scope: net not found
2026-10-07 02:14:33.993 WARN   Wiring.write_wire_scope: net not found
2026-10-07 02:14:33.993 WARN   Wiring.write_wire_scope: net not found
2026-10-07 02:14:33.993 WARN   Wiring.write_wire_scope: net not found
2026-10-07 02:14:33.993 WARN   Wiring.write_wire_scope: net not found
2026-10-07 02:14:33.993 WARN   Wiring.write_wire_scope: net not found
2026-10-07 02:14:33.993 WARN   Wiring.write_wire_scope: net not found
2026-10-07 02:14:33.993 WARN   Wiring.write_wire_scope: net not found
2026-10-07 02:14:33.993 WARN   Wiring.write_wire_scope: net not found
2026-10-07 02:14:33.993 WARN   Wiring.write_wire_scope: net not found
2026-10-07 02:14:33.993 WARN   Wiring.write_wire_scope: net not found
2026-10-07 02:14:33.993 WARN   Wiring.write_wire_scope: net not found
2026-10-07 02:14:33.993 WARN   Wiring.write_wire_scope: net not found
2026-10-07 02:14:33.993 WARN   Wiring.write_wire_scope: net not found
2026-10-07 02:14:33.993 WARN   Wiring.write_wire_scope: net not found
2026-10-07 02:14:33.993 WARN   Wiring.write_wire_scope: net not found
2026-10-07 02:14:33.993 WARN   Wiring.write_wire_scope: net not found
2026-10-07 02:14:33.993 WARN   Wiring.write_wire_scope: net not found
2026-10-07 02:14:33.993 WARN   Wiring.write_wire_scope: net not found
2026-10-07 02:14:33.993 WARN   Wiring.write_wire_scope: net not found
2026-10-07 02:14:33.993 WARN   Wiring.write_wire_scope: net not found
2026-10-07 02:14:33.993 WARN   Wiring.write_wire_scope: net not found
2026-10-07 02:14:33.993 WARN   Wiring.write_wire_scope: net not found
2026-10-07 02:14:33.993 WARN   Wiring.write_wire_scope: net not found
2026-10-07 02:14:33.993 WARN   Wiring.write_wire_scope: net not found
2026-10-07 02:14:33.993 WARN   Wiring.write_wire_scope: net not found
2026-10-07 02:14:33.993 WARN   Wiring.write_wire_scope: net not found
2026-10-07 02:14:33.993 WARN   Wiring.write_wire_scope: net not found
2026-10-07 02:14:33.993 WARN   Wiring.write_wire_scope: net not found
2026-10-07 02:14:33.993 WARN   Wiring.write_wire_scope: net not found
2026-10-07 02:14:33.993 WARN   Wiring.write_wire_scope: net not found
2026-10-07 02:14:33.993 WARN   Wiring.write_wire_scope: net not found
2026-10-07 02:14:33.993 WARN   Wiring.write_wire_scope: net not found
2026-10-07 02:14:33.993 WARN   Wiring.write_wire_scope: net not found
2026-10-07 02:14:33.993 WARN   Wiring.write_wire_scope: net not found
2026-10-07 02:14:33.993 WARN   Wiring.write_wire_scope: net not found
2026-10-07 02:14:33.993 WARN   Wiring.write_wire_scope: net not found
2026-10-07 02:14:33.993 WARN   Wiring.write_wire_scope: net not found
2026-10-07 02:14:33.993 WARN   Wiring.write_wire_scope: net not found
2026-10-07 02:14:33.993 WARN   Wiring.write_wire_scope: net not found
2026-10-07 02:14:33.993 WARN   Wiring.write_wire_scope: net not found
2026-10-07 02:14:33.993 WARN   Wiring.write_wire_scope: net not found
2026-10-07 02:14:33.993 WARN   Wiring.write_wire_scope: net not found
2026-10-07 02:14:33.993 WARN   Wiring.write_wire_scope: net not found
2026-10-07 02:14:33.993 WARN   Wiring.write_wire_scope: net not found
2026-10-07 02:14:34.027 WARN   Wiring.write_wire_scope: net not found
2026-10-07 02:14:34.027 WARN   Wiring.write_wire_scope: net not found
2026-10-07 02:14:34.027 WARN   Wiring.write_wire_scope: net not found
2026-10-07 02:14:34.027 WARN   Wiring.write_wire_scope: net not found
2026-10-07 02:14:34.027 WARN   Wiring.write_wire_scope: net not found
2026-10-07 02:14:34.027 WARN   Wiring.write_wire_scope: net not found
2026-10-07 02:14:34.027 WARN   Wiring.write_wire_scope: net not found
2026-10-07 02:14:34.027 WARN   Wiring.write_wire_scope: net not found
2026-10-07 02:14:34.027 WARN   Wiring.write_wire_scope: net not found
2026-10-07 02:14:34.027 WARN   Wiring.write_wire_scope: net not found
2026-10-07 02:14:34.027 WARN   Wiring.write_wire_scope: net not found
2026-10-07 02:14:34.027 WARN   Wiring.write_wire_scope: net not found
2026-10-07 02:14:34.027 WARN   Wiring.write_wire_scope: net not found
2026-10-07 02:14:34.027 WARN   Wiring.write_wire_scope: net not found
2026-10-07 02:14:34.027 WARN   Wiring.write_wire_scope: net not found
2026-10-07 02:14:34.027 WARN   Wiring.write_wire_scope: net not found
2026-10-07 02:14:34.027 WARN   Wiring.write_wire_scope: net not found
2026-10-07 02:14:34.027 WARN   Wiring.write_wire_scope: net not found
2026-10-07 02:14:34.027 WARN   Wiring.write_wire_scope: net not found
2026-10-07 02:14:34.027 WARN   Wiring.write_wire_scope: net not found
2026-10-07 02:14:34.027 WARN   Wiring.write_wire_scope: net not found
2026-10-07 02:14:34.027 WARN   Wiring.write_wire_scope: net not found
2026-10-07 02:14:34.027 WARN   Wiring.write_wire_scope: net not found
2026-10-07 02:14:34.027 WARN   Wiring.write_wire_scope: net not found
2026-10-07 02:14:34.027 WARN   Wiring.write_wire_scope: net not found
2026-10-07 02:14:34.027 WARN   Wiring.write_wire_scope: net not found
2026-10-07 02:14:34.027 WARN   Wiring.write_wire_scope: net not found
2026-10-07 02:14:34.027 WARN   Wiring.write_wire_scope: net not found
2026-10-07 02:14:34.027 WARN   Wiring.write_wire_scope: net not found
2026-10-07 02:14:34.027 WARN   Wiring.write_wire_scope: net not found
2026-10-07 02:14:34.027 WARN   Wiring.write_wire_scope: net not found
2026-10-07 02:14:34.027 WARN   Wiring.write_wire_scope: net not found
2026-10-07 02:14:34.027 WARN   Wiring.write_wire_scope: net not found
2026-10-07 02:14:34.027 WARN   Wiring.write_wire_scope: net not found
2026-10-07 02:14:34.027 WARN   Wiring.write_wire_scope: net not found
2026-10-07 02:14:34.027 WARN   Wiring.write_wire_scope: net not found
2026-10-07 02:14:34.027 WARN   Wiring.write_wire_scope: net not found
2026-10-07 02:14:34.027 WARN   Wiring.write_wire_scope: net not found
2026-10-07 02:14:34.027 WARN   Wiring.write_wire_scope: net not found
2026-10-07 02:14:34.027 WARN   Wiring.write_wire_scope: net not found
2026-10-07 02:14:34.027 WARN   Wiring.write_wire_scope: net not found
2026-10-07 02:14:34.027 WARN   Wiring.write_wire_scope: net not found
2026-10-07 02:14:34.028 WARN   Wiring.write_wire_scope: net not found
2026-10-07 02:14:34.028 WARN   Wiring.write_wire_scope: net not found
2026-10-07 02:14:34.028 WARN   Wiring.write_wire_scope: net not found
2026-10-07 02:14:34.028 WARN   Wiring.write_wire_scope: net not found
2026-10-07 02:14:34.028 WARN   Wiring.write_wire_scope: net not found
2026-10-07 02:14:34.028 WARN   Wiring.write_wire_scope: net not found
2026-10-07 02:14:34.028 WARN   Wiring.write_wire_scope: net not found
2026-10-07 02:14:34.028 WARN   Wiring.write_wire_scope: net not found
2026-10-07 02:14:34.028 WARN   Wiring.write_wire_scope: net not found
2026-10-07 02:14:34.028 WARN   Wiring.write_wire_scope: net not found
2026-10-07 02:14:34.028 WARN   Wiring.write_wire_scope: net not found
2026-10-07 02:14:34.028 WARN   Wiring.write_wire_scope: net not found
2026-10-07 02:14:34.028 WARN   Wiring.write_wire_scope: net not found
2026-10-07 02:14:34.028 WARN   Wiring.write_wire_scope: net not found
2026-10-07 02:14:34.028 WARN   Wiring.write_wire_scope: net not found
2026-10-07 02:14:34.028 WARN   Wiring.write_wire_scope: net not found
2026-10-07 02:14:34.028 WARN   Wiring.write_wire_scope: net not found
2026-10-07 02:14:34.028 WARN   Wiring.write_wire_scope: net not found
2026-10-07 02:14:34.028 WARN   Wiring.write_wire_scope: net not found
2026-10-07 02:14:34.028 WARN   Wiring.write_wire_scope: net not found
2026-10-07 02:14:34.028 WARN   Wiring.write_wire_scope: net not found
2026-10-07 02:14:34.028 WARN   Wiring.write_wire_scope: net not found
2026-10-07 02:14:34.028 WARN   Wiring.write_wire_scope: net not found
2026-10-07 02:14:34.028 WARN   Wiring.write_wire_scope: net not found
2026-10-07 02:14:34.028 WARN   Wiring.write_wire_scope: net not found
2026-10-07 02:14:34.028 WARN   Wiring.write_wire_scope: net not found
2026-10-07 02:14:34.028 WARN   Wiring.write_wire_scope: net not found
2026-10-07 02:14:34.028 WARN   Wiring.write_wire_scope: net not found
2026-10-07 02:14:34.028 WARN   Wiring.write_wire_scope: net not found
2026-10-07 02:14:34.028 WARN   Wiring.write_wire_scope: net not found
2026-10-07 02:14:34.028 WARN   Wiring.write_wire_scope: net not found
2026-10-07 02:14:34.028 WARN   Wiring.write_wire_scope: net not found
2026-10-07 02:14:34.028 WARN   Wiring.write_wire_scope: net not found
2026-10-07 02:14:34.028 WARN   Wiring.write_wire_scope: net not found
2026-10-07 02:14:34.028 WARN   Wiring.write_wire_scope: net not found
2026-10-07 02:14:34.028 WARN   Wiring.write_wire_scope: net not found
2026-10-07 02:14:34.028 WARN   Wiring.write_wire_scope: net not found
2026-10-07 02:14:34.028 WARN   Wiring.write_wire_scope: net not found
2026-10-07 02:14:34.028 WARN   Wiring.write_wire_scope: net not found
2026-10-07 02:14:34.028 WARN   Wiring.write_wire_scope: net not found
2026-10-07 02:14:34.028 WARN   Wiring.write_wire_scope: net not found
2026-10-07 02:14:34.028 WARN   Wiring.write_wire_scope: net not found
2026-10-07 02:14:34.028 WARN   Wiring.write_wire_scope: net not found
2026-10-07 02:14:34.028 WARN   Wiring.write_wire_scope: net not found
2026-10-07 02:14:34.028 WARN   Wiring.write_wire_scope: net not found
2026-10-07 02:14:34.028 WARN   Wiring.write_wire_scope: net not found
2026-10-07 02:14:34.028 WARN   Wiring.write_wire_scope: net not found
2026-10-07 02:14:34.028 WARN   Wiring.write_wire_scope: net not found
2026-10-07 02:14:34.028 WARN   Wiring.write_wire_scope: net not found
2026-10-07 02:14:34.028 WARN   Wiring.write_wire_scope: net not found
2026-10-07 02:14:34.028 WARN   Wiring.write_wire_scope: net not found
2026-10-07 02:14:34.028 WARN   Wiring.write_wire_scope: net not found
2026-10-07 02:14:34.028 WARN   Wiring.write_wire_scope: net not found
2026-10-07 02:14:34.028 WARN   Wiring.write_wire_scope: net not found
2026-10-07 02:14:34.028 WARN   Wiring.write_wire_scope: net not found
2026-10-07 02:14:34.028 WARN   Wiring.write_wire_scope: net not found
2026-10-07 02:14:34.028 WARN   Wiring.write_wire_scope: net not found
2026-10-07 02:14:34.028 WARN   Wiring.write_wire_scope: net not found
2026-10-07 02:14:34.028 WARN   Wiring.write_wire_scope: net not found
2026-10-07 02:14:34.028 WARN   Wiring.write_wire_scope: net not found
2026-10-07 02:14:34.028 WARN   Wiring.write_wire_scope: net not found
2026-10-07 02:14:34.028 WARN   Wiring.write_wire_scope: net not found
2026-10-07 02:14:34.028 WARN   Wiring.write_wire_scope: net not found
2026-10-07 02:14:34.293 WARN   Wiring.write_wire_scope: net not found
2026-10-07 02:14:34.293 WARN   Wiring.write_wire_scope: net not found
2026-10-07 02:14:34.293 WARN   Wiring.write_wire_scope: net not found
2026-10-07 02:14:34.293 WARN   Wiring.write_wire_scope: net not found
2026-10-07 02:14:34.293 WARN   Wiring.write_wire_scope: net not found
2026-10-07 02:14:34.293 WARN   Wiring.write_wire_scope: net not found
2026-10-07 02:14:34.293 WARN   Wiring.write_wire_scope: net not found
2026-10-07 02:14:34.293 WARN   Wiring.write_wire_scope: net not found
2026-10-07 02:14:34.293 WARN   Wiring.write_wire_scope: net not found
2026-10-07 02:14:34.293 WARN   Wiring.write_wire_scope: net not found
2026-10-07 02:14:34.293 WARN   Wiring.write_wire_scope: net not found
2026-10-07 02:14:34.293 WARN   Wiring.write_wire_scope: net not found
2026-10-07 02:14:34.293 WARN   Wiring.write_wire_scope: net not found
2026-10-07 02:14:34.293 WARN   Wiring.write_wire_scope: net not found
2026-10-07 02:14:34.293 WARN   Wiring.write_wire_scope: net not found
2026-10-07 02:14:34.293 WARN   Wiring.write_wire_scope: net not found
2026-10-07 02:14:34.293 WARN   Wiring.write_wire_scope: net not found
2026-10-07 02:14:34.293 WARN   Wiring.write_wire_scope: net not found
2026-10-07 02:14:34.293 WARN   Wiring.write_wire_scope: net not found
2026-10-07 02:14:34.293 WARN   Wiring.write_wire_scope: net not found
2026-10-07 02:14:34.293 WARN   Wiring.write_wire_scope: net not found
2026-10-07 02:14:34.293 WARN   Wiring.write_wire_scope: net not found
2026-10-07 02:14:34.293 WARN   Wiring.write_wire_scope: net not found
2026-10-07 02:14:34.293 WARN   Wiring.write_wire_scope: net not found
2026-10-07 02:14:34.293 WARN   Wiring.write_wire_scope: net not found
2026-10-07 02:14:34.293 WARN   Wiring.write_wire_scope: net not found
2026-10-07 02:14:34.293 WARN   Wiring.write_wire_scope: net not found
2026-10-07 02:14:34.293 WARN   Wiring.write_wire_scope: net not found
2026-10-07 02:14:34.293 WARN   Wiring.write_wire_scope: net not found
2026-10-07 02:14:34.293 WARN   Wiring.write_wire_scope: net not found
2026-10-07 02:14:34.293 WARN   Wiring.write_wire_scope: net not found
2026-10-07 02:14:34.293 WARN   Wiring.write_wire_scope: net not found
2026-10-07 02:14:34.293 WARN   Wiring.write_wire_scope: net not found
2026-10-07 02:14:34.293 WARN   Wiring.write_wire_scope: net not found
2026-10-07 02:14:34.293 WARN   Wiring.write_wire_scope: net not found
2026-10-07 02:14:34.293 WARN   Wiring.write_wire_scope: net not found
2026-10-07 02:14:34.293 WARN   Wiring.write_wire_scope: net not found
2026-10-07 02:14:34.293 WARN   Wiring.write_wire_scope: net not found
2026-10-07 02:14:34.293 WARN   Wiring.write_wire_scope: net not found
2026-10-07 02:14:34.293 WARN   Wiring.write_wire_scope: net not found
2026-10-07 02:14:34.293 WARN   Wiring.write_wire_scope: net not found
2026-10-07 02:14:34.293 WARN   Wiring.write_wire_scope: net not found
2026-10-07 02:14:34.293 WARN   Wiring.write_wire_scope: net not found
2026-10-07 02:14:34.293 WARN   Wiring.write_wire_scope: net not found
2026-10-07 02:14:34.293 WARN   Wiring.write_wire_scope: net not found
2026-10-07 02:14:34.293 WARN   Wiring.write_wire_scope: net not found
2026-10-07 02:14:34.293 WARN   Wiring.write_wire_scope: net not found
2026-10-07 02:14:34.293 WARN   Wiring.write_wire_scope: net not found
2026-10-07 02:14:34.293 WARN   Wiring.write_wire_scope: net not found
2026-10-07 02:14:34.293 WARN   Wiring.write_wire_scope: net not found
2026-10-07 02:14:34.294 WARN   Wiring.write_wire_scope: net not found
2026-10-07 02:14:34.294 WARN   Wiring.write_wire_scope: net not found
2026-10-07 02:14:34.294 WARN   Wiring.write_wire_scope: net not found
2026-10-07 02:14:34.294 WARN   Wiring.write_wire_scope: net not found
2026-10-07 02:14:34.294 WARN   Wiring.write_wire_scope: net not found
2026-10-07 02:14:34.294 WARN   Wiring.write_wire_scope: net not found
2026-10-07 02:14:34.294 WARN   Wiring.write_wire_scope: net not found
2026-10-07 02:14:34.294 WARN   Wiring.write_wire_scope: net not found
2026-10-07 02:14:34.294 WARN   Wiring.write_wire_scope: net not found
2026-10-07 02:14:34.294 WARN   Wiring.write_wire_scope: net not found
2026-10-07 02:14:34.294 WARN   Wiring.write_wire_scope: net not found
2026-10-07 02:14:34.294 WARN   Wiring.write_wire_scope: net not found
2026-10-07 02:14:34.294 WARN   Wiring.write_wire_scope: net not found
2026-10-07 02:14:34.294 WARN   Wiring.write_wire_scope: net not found
2026-10-07 02:14:34.294 WARN   Wiring.write_wire_scope: net not found
2026-10-07 02:14:34.294 WARN   Wiring.write_wire_scope: net not found
2026-10-07 02:14:34.294 WARN   Wiring.write_wire_scope: net not found
2026-10-07 02:14:34.294 WARN   Wiring.write_wire_scope: net not found
2026-10-07 02:14:34.294 WARN   Wiring.write_wire_scope: net not found
2026-10-07 02:14:34.294 WARN   Wiring.write_wire_scope: net not found
2026-10-07 02:14:34.294 WARN   Wiring.write_wire_scope: net not found
2026-10-07 02:14:34.294 WARN   Wiring.write_wire_scope: net not found
2026-10-07 02:14:34.294 WARN   Wiring.write_wire_scope: net not found
2026-10-07 02:14:34.294 WARN   Wiring.write_wire_scope: net not found
2026-10-07 02:14:34.294 WARN   Wiring.write_wire_scope: net not found
2026-10-07 02:14:34.294 WARN   Wiring.write_wire_scope: net not found
2026-10-07 02:14:34.294 WARN   Wiring.write_wire_scope: net not found
2026-10-07 02:14:34.294 WARN   Wiring.write_wire_scope: net not found
2026-10-07 02:14:34.294 WARN   Wiring.write_wire_scope: net not found
2026-10-07 02:14:34.294 WARN   Wiring.write_wire_scope: net not found
2026-10-07 02:14:34.294 WARN   Wiring.write_wire_scope: net not found
2026-10-07 02:14:34.294 WARN   Wiring.write_wire_scope: net not found
2026-10-07 02:14:34.294 WARN   Wiring.write_wire_scope: net not found
2026-10-07 02:14:34.294 WARN   Wiring.write_wire_scope: net not found
2026-10-07 02:14:34.294 WARN   Wiring.write_wire_scope: net not found
2026-10-07 02:14:34.294 WARN   Wiring.write_wire_scope: net not found
2026-10-07 02:14:34.294 WARN   Wiring.write_wire_scope: net not found
2026-10-07 02:14:34.294 WARN   Wiring.write_wire_scope: net not found
2026-10-07 02:14:34.294 WARN   Wiring.write_wire_scope: net not found
2026-10-07 02:14:34.294 WARN   Wiring.write_wire_scope: net not found
2026-10-07 02:14:34.294 WARN   Wiring.write_wire_scope: net not found
2026-10-07 02:14:34.294 WARN   Wiring.write_wire_scope: net not found
2026-10-07 02:14:34.294 WARN   Wiring.write_wire_scope: net not found
2026-10-07 02:14:34.294 WARN   Wiring.write_wire_scope: net not found
2026-10-07 02:14:34.294 WARN   Wiring.write_wire_scope: net not found
2026-10-07 02:14:34.294 WARN   Wiring.write_wire_scope: net not found
2026-10-07 02:14:34.294 WARN   Wiring.write_wire_scope: net not found
2026-10-07 02:14:34.294 WARN   Wiring.write_wire_scope: net not found
2026-10-07 02:14:34.294 WARN   Wiring.write_wire_scope: net not found
2026-10-07 02:14:34.294 WARN   Wiring.write_wire_scope: net not found
2026-10-07 02:14:34.294 WARN   Wiring.write_wire_scope: net not found
2026-10-07 02:14:34.294 WARN   Wiring.write_wire_scope: net not found
2026-10-07 02:14:34.294 WARN   Wiring.write_wire_scope: net not found
2026-10-07 02:14:34.294 WARN   Wiring.write_wire_scope: net not found
2026-10-07 02:14:34.294 WARN   Wiring.write_wire_scope: net not found
2026-10-07 02:14:34.581 WARN   Wiring.write_wire_scope: net not found
2026-10-07 02:14:34.581 WARN   Wiring.write_wire_scope: net not found
2026-10-07 02:14:34.581 WARN   Wiring.write_wire_scope: net not found
2026-10-07 02:14:34.581 WARN   Wiring.write_wire_scope: net not found
2026-10-07 02:14:34.581 WARN   Wiring.write_wire_scope: net not found
2026-10-07 02:14:34.581 WARN   Wiring.write_wire_scope: net not found
2026-10-07 02:14:34.581 WARN   Wiring.write_wire_scope: net not found
2026-10-07 02:14:34.581 WARN   Wiring.write_wire_scope: net not found
2026-10-07 02:14:34.581 WARN   Wiring.write_wire_scope: net not found
2026-10-07 02:14:34.581 WARN   Wiring.write_wire_scope: net not found
2026-10-07 02:14:34.581 WARN   Wiring.write_wire_scope: net not found
2026-10-07 02:14:34.581 WARN   Wiring.write_wire_scope: net not found
2026-10-07 02:14:34.581 WARN   Wiring.write_wire_scope: net not found
2026-10-07 02:14:34.581 WARN   Wiring.write_wire_scope: net not found
2026-10-07 02:14:34.581 WARN   Wiring.write_wire_scope: net not found
2026-10-07 02:14:34.581 WARN   Wiring.write_wire_scope: net not found
2026-10-07 02:14:34.581 WARN   Wiring.write_wire_scope: net not found
2026-10-07 02:14:34.581 WARN   Wiring.write_wire_scope: net not found
2026-10-07 02:14:34.581 WARN   Wiring.write_wire_scope: net not found
2026-10-07 02:14:34.581 WARN   Wiring.write_wire_scope: net not found
2026-10-07 02:14:34.581 WARN   Wiring.write_wire_scope: net not found
2026-10-07 02:14:34.581 WARN   Wiring.write_wire_scope: net not found
2026-10-07 02:14:34.581 WARN   Wiring.write_wire_scope: net not found
2026-10-07 02:14:34.581 WARN   Wiring.write_wire_scope: net not found
2026-10-07 02:14:34.581 WARN   Wiring.write_wire_scope: net not found
2026-10-07 02:14:34.581 WARN   Wiring.write_wire_scope: net not found
2026-10-07 02:14:34.581 WARN   Wiring.write_wire_scope: net not found
2026-10-07 02:14:34.581 WARN   Wiring.write_wire_scope: net not found
2026-10-07 02:14:34.581 WARN   Wiring.write_wire_scope: net not found
2026-10-07 02:14:34.581 WARN   Wiring.write_wire_scope: net not found
2026-10-07 02:14:34.581 WARN   Wiring.write_wire_scope: net not found
2026-10-07 02:14:34.581 WARN   Wiring.write_wire_scope: net not found
2026-10-07 02:14:34.581 WARN   Wiring.write_wire_scope: net not found
2026-10-07 02:14:34.581 WARN   Wiring.write_wire_scope: net not found
2026-10-07 02:14:34.581 WARN   Wiring.write_wire_scope: net not found
2026-10-07 02:14:34.581 WARN   Wiring.write_wire_scope: net not found
2026-10-07 02:14:34.581 WARN   Wiring.write_wire_scope: net not found
2026-10-07 02:14:34.581 WARN   Wiring.write_wire_scope: net not found
2026-10-07 02:14:34.581 WARN   Wiring.write_wire_scope: net not found
2026-10-07 02:14:34.581 WARN   Wiring.write_wire_scope: net not found
2026-10-07 02:14:34.581 WARN   Wiring.write_wire_scope: net not found
2026-10-07 02:14:34.581 WARN   Wiring.write_wire_scope: net not found
2026-10-07 02:14:34.581 WARN   Wiring.write_wire_scope: net not found
2026-10-07 02:14:34.581 WARN   Wiring.write_wire_scope: net not found
2026-10-07 02:14:34.581 WARN   Wiring.write_wire_scope: net not found
2026-10-07 02:14:34.581 WARN   Wiring.write_wire_scope: net not found
2026-10-07 02:14:34.581 WARN   Wiring.write_wire_scope: net not found
2026-10-07 02:14:34.581 WARN   Wiring.write_wire_scope: net not found
2026-10-07 02:14:34.581 WARN   Wiring.write_wire_scope: net not found
2026-10-07 02:14:34.581 WARN   Wiring.write_wire_scope: net not found
2026-10-07 02:14:34.581 WARN   Wiring.write_wire_scope: net not found
2026-10-07 02:14:34.581 WARN   Wiring.write_wire_scope: net not found
2026-10-07 02:14:34.581 WARN   Wiring.write_wire_scope: net not found
2026-10-07 02:14:34.581 WARN   Wiring.write_wire_scope: net not found
2026-10-07 02:14:34.581 WARN   Wiring.write_wire_scope: net not found
2026-10-07 02:14:34.581 WARN   Wiring.write_wire_scope: net not found
2026-10-07 02:14:34.581 WARN   Wiring.write_wire_scope: net not found
2026-10-07 02:14:34.581 WARN   Wiring.write_wire_scope: net not found
2026-10-07 02:14:34.581 WARN   Wiring.write_wire_scope: net not found
2026-10-07 02:14:34.581 WARN   Wiring.write_wire_scope: net not found
2026-10-07 02:14:34.581 WARN   Wiring.write_wire_scope: net not found
2026-10-07 02:14:34.581 WARN   Wiring.write_wire_scope: net not found
2026-10-07 02:14:34.581 WARN   Wiring.write_wire_scope: net not found
2026-10-07 02:14:34.581 WARN   Wiring.write_wire_scope: net not found
2026-10-07 02:14:34.581 WARN   Wiring.write_wire_scope: net not found
2026-10-07 02:14:34.581 WARN   Wiring.write_wire_scope: net not found
2026-10-07 02:14:34.581 WARN   Wiring.write_wire_scope: net not found
2026-10-07 02:14:34.581 WARN   Wiring.write_wire_scope: net not found
2026-10-07 02:14:34.581 WARN   Wiring.write_wire_scope: net not found
2026-10-07 02:14:34.581 WARN   Wiring.write_wire_scope: net not found
2026-10-07 02:14:34.581 WARN   Wiring.write_wire_scope: net not found
2026-10-07 02:14:34.581 WARN   Wiring.write_wire_scope: net not found
2026-10-07 02:14:34.581 WARN   Wiring.write_wire_scope: net not found
2026-10-07 02:14:34.581 WARN   Wiring.write_wire_scope: net not found
2026-10-07 02:14:34.581 WARN   Wiring.write_wire_scope: net not found
2026-10-07 02:14:34.581 WARN   Wiring.write_wire_scope: net not found
2026-10-07 02:14:34.581 WARN   Wiring.write_wire_scope: net not found
2026-10-07 02:14:34.581 WARN   Wiring.write_wire_scope: net not found
2026-10-07 02:14:34.581 WARN   Wiring.write_wire_scope: net not found
2026-10-07 02:14:34.581 WARN   Wiring.write_wire_scope: net not found
2026-10-07 02:14:34.581 WARN   Wiring.write_wire_scope: net not found
2026-10-07 02:14:34.581 WARN   Wiring.write_wire_scope: net not found
2026-10-07 02:14:34.581 WARN   Wiring.write_wire_scope: net not found
2026-10-07 02:14:34.581 WARN   Wiring.write_wire_scope: net not found
2026-10-07 02:14:34.581 WARN   Wiring.write_wire_scope: net not found
2026-10-07 02:14:34.581 WARN   Wiring.write_wire_scope: net not found
2026-10-07 02:14:34.581 WARN   Wiring.write_wire_scope: net not found
2026-10-07 02:14:34.581 WARN   Wiring.write_wire_scope: net not found
2026-10-07 02:14:34.581 WARN   Wiring.write_wire_scope: net not found
2026-10-07 02:14:34.581 WARN   Wiring.write_wire_scope: net not found
2026-10-07 02:14:34.581 WARN   Wiring.write_wire_scope: net not found
2026-10-07 02:14:34.581 WARN   Wiring.write_wire_scope: net not found
2026-10-07 02:14:34.581 WARN   Wiring.write_wire_scope: net not found
2026-10-07 02:14:34.581 WARN   Wiring.write_wire_scope: net not found
2026-10-07 02:14:34.581 WARN   Wiring.write_wire_scope: net not found
2026-10-07 02:14:34.581 WARN   Wiring.write_wire_scope: net not found
2026-10-07 02:14:34.581 WARN   Wiring.write_wire_scope: net not found
2026-10-07 02:14:34.581 WARN   Wiring.write_wire_scope: net not found
2026-10-07 02:14:34.581 WARN   Wiring.write_wire_scope: net not found
2026-10-07 02:14:34.581 WARN   Wiring.write_wire_scope: net not found
2026-10-07 02:14:34.581 WARN   Wiring.write_wire_scope: net not found
2026-10-07 02:14:34.581 WARN   Wiring.write_wire_scope: net not found
2026-10-07 02:14:34.581 WARN   Wiring.write_wire_scope: net not found
2026-10-07 02:14:34.581 WARN   Wiring.write_wire_scope: net not found
2026-10-07 02:14:34.581 WARN   Wiring.write_wire_scope: net not found
2026-10-07 02:14:34.911 WARN   Wiring.write_wire_scope: net not found
2026-10-07 02:14:34.911 WARN   Wiring.write_wire_scope: net not found
2026-10-07 02:14:34.911 WARN   Wiring.write_wire_scope: net not found
2026-10-07 02:14:34.911 WARN   Wiring.write_wire_scope: net not found
2026-10-07 02:14:34.911 WARN   Wiring.write_wire_scope: net not found
2026-10-07 02:14:34.911 WARN   Wiring.write_wire_scope: net not found
2026-10-07 02:14:34.911 WARN   Wiring.write_wire_scope: net not found
2026-10-07 02:14:34.911 WARN   Wiring.write_wire_scope: net not found
2026-10-07 02:14:34.911 WARN   Wiring.write_wire_scope: net not found
2026-10-07 02:14:34.911 WARN   Wiring.write_wire_scope: net not found
2026-10-07 02:14:34.911 WARN   Wiring.write_wire_scope: net not found
2026-10-07 02:14:34.911 WARN   Wiring.write_wire_scope: net not found
2026-10-07 02:14:34.911 WARN   Wiring.write_wire_scope: net not found
2026-10-07 02:14:34.911 WARN   Wiring.write_wire_scope: net not found
2026-10-07 02:14:34.911 WARN   Wiring.write_wire_scope: net not found
2026-10-07 02:14:34.911 WARN   Wiring.write_wire_scope: net not found
2026-10-07 02:14:34.911 WARN   Wiring.write_wire_scope: net not found
2026-10-07 02:14:34.911 WARN   Wiring.write_wire_scope: net not found
2026-10-07 02:14:34.911 WARN   Wiring.write_wire_scope: net not found
2026-10-07 02:14:34.911 WARN   Wiring.write_wire_scope: net not found
2026-10-07 02:14:34.911 WARN   Wiring.write_wire_scope: net not found
2026-10-07 02:14:34.911 WARN   Wiring.write_wire_scope: net not found
2026-10-07 02:14:34.911 WARN   Wiring.write_wire_scope: net not found
2026-10-07 02:14:34.911 WARN   Wiring.write_wire_scope: net not found
2026-10-07 02:14:34.911 WARN   Wiring.write_wire_scope: net not found
2026-10-07 02:14:34.911 WARN   Wiring.write_wire_scope: net not found
2026-10-07 02:14:34.911 WARN   Wiring.write_wire_scope: net not found
2026-10-07 02:14:34.911 WARN   Wiring.write_wire_scope: net not found
2026-10-07 02:14:34.911 WARN   Wiring.write_wire_scope: net not found
2026-10-07 02:14:34.911 WARN   Wiring.write_wire_scope: net not found
2026-10-07 02:14:34.911 WARN   Wiring.write_wire_scope: net not found
2026-10-07 02:14:34.911 WARN   Wiring.write_wire_scope: net not found
2026-10-07 02:14:34.911 WARN   Wiring.write_wire_scope: net not found
2026-10-07 02:14:34.911 WARN   Wiring.write_wire_scope: net not found
2026-10-07 02:14:34.911 WARN   Wiring.write_wire_scope: net not found
2026-10-07 02:14:34.911 WARN   Wiring.write_wire_scope: net not found
2026-10-07 02:14:34.911 WARN   Wiring.write_wire_scope: net not found
2026-10-07 02:14:34.911 WARN   Wiring.write_wire_scope: net not found
2026-10-07 02:14:34.911 WARN   Wiring.write_wire_scope: net not found
2026-10-07 02:14:34.911 WARN   Wiring.write_wire_scope: net not found
2026-10-07 02:14:34.911 WARN   Wiring.write_wire_scope: net not found
2026-10-07 02:14:34.911 WARN   Wiring.write_wire_scope: net not found
2026-10-07 02:14:34.911 WARN   Wiring.write_wire_scope: net not found
2026-10-07 02:14:34.911 WARN   Wiring.write_wire_scope: net not found
2026-10-07 02:14:34.911 WARN   Wiring.write_wire_scope: net not found
2026-10-07 02:14:34.911 WARN   Wiring.write_wire_scope: net not found
2026-10-07 02:14:34.911 WARN   Wiring.write_wire_scope: net not found
2026-10-07 02:14:34.911 WARN   Wiring.write_wire_scope: net not found
2026-10-07 02:14:34.911 WARN   Wiring.write_wire_scope: net not found
2026-10-07 02:14:34.911 WARN   Wiring.write_wire_scope: net not found
2026-10-07 02:14:34.911 WARN   Wiring.write_wire_scope: net not found
2026-10-07 02:14:34.911 WARN   Wiring.write_wire_scope: net not found
2026-10-07 02:14:34.911 WARN   Wiring.write_wire_scope: net not found
2026-10-07 02:14:34.911 WARN   Wiring.write_wire_scope: net not found
2026-10-07 02:14:34.911 WARN   Wiring.write_wire_scope: net not found
2026-10-07 02:14:34.911 WARN   Wiring.write_wire_scope: net not found
2026-10-07 02:14:34.911 WARN   Wiring.write_wire_scope: net not found
2026-10-07 02:14:34.911 WARN   Wiring.write_wire_scope: net not found
2026-10-07 02:14:34.912 WARN   Wiring.write_wire_scope: net not found
2026-10-07 02:14:34.912 WARN   Wiring.write_wire_scope: net not found
2026-10-07 02:14:34.912 WARN   Wiring.write_wire_scope: net not found
2026-10-07 02:14:34.912 WARN   Wiring.write_wire_scope: net not found
2026-10-07 02:14:34.912 WARN   Wiring.write_wire_scope: net not found
2026-10-07 02:14:34.912 WARN   Wiring.write_wire_scope: net not found
2026-10-07 02:14:34.912 WARN   Wiring.write_wire_scope: net not found
2026-10-07 02:14:34.912 WARN   Wiring.write_wire_scope: net not found
2026-10-07 02:14:34.912 WARN   Wiring.write_wire_scope: net not found
2026-10-07 02:14:34.912 WARN   Wiring.write_wire_scope: net not found
2026-10-07 02:14:34.912 WARN   Wiring.write_wire_scope: net not found
2026-10-07 02:14:34.912 WARN   Wiring.write_wire_scope: net not found
2026-10-07 02:14:34.912 WARN   Wiring.write_wire_scope: net not found
2026-10-07 02:14:34.912 WARN   Wiring.write_wire_scope: net not found
2026-10-07 02:14:34.912 WARN   Wiring.write_wire_scope: net not found
2026-10-07 02:14:34.912 WARN   Wiring.write_wire_scope: net not found
2026-10-07 02:14:34.912 WARN   Wiring.write_wire_scope: net not found
2026-10-07 02:14:34.912 WARN   Wiring.write_wire_scope: net not found
2026-10-07 02:14:34.912 WARN   Wiring.write_wire_scope: net not found
2026-10-07 02:14:34.912 WARN   Wiring.write_wire_scope: net not found
2026-10-07 02:14:34.912 WARN   Wiring.write_wire_scope: net not found
2026-10-07 02:14:34.912 WARN   Wiring.write_wire_scope: net not found
2026-10-07 02:14:34.912 WARN   Wiring.write_wire_scope: net not found
2026-10-07 02:14:34.912 WARN   Wiring.write_wire_scope: net not found
2026-10-07 02:14:34.912 WARN   Wiring.write_wire_scope: net not found
2026-10-07 02:14:34.912 WARN   Wiring.write_wire_scope: net not found
2026-10-07 02:14:34.912 WARN   Wiring.write_wire_scope: net not found
2026-10-07 02:14:34.912 WARN   Wiring.write_wire_scope: net not found
2026-10-07 02:14:34.912 WARN   Wiring.write_wire_scope: net not found
2026-10-07 02:14:34.912 WARN   Wiring.write_wire_scope: net not found
2026-10-07 02:14:34.912 WARN   Wiring.write_wire_scope: net not found
2026-10-07 02:14:34.912 WARN   Wiring.write_wire_scope: net not found
2026-10-07 02:14:34.912 WARN   Wiring.write_wire_scope: net not found
2026-10-07 02:14:34.912 WARN   Wiring.write_wire_scope: net not found
2026-10-07 02:14:34.912 WARN   Wiring.write_wire_scope: net not found
2026-10-07 02:14:34.912 WARN   Wiring.write_wire_scope: net not found
2026-10-07 02:14:34.912 WARN   Wiring.write_wire_scope: net not found
2026-10-07 02:14:34.912 WARN   Wiring.write_wire_scope: net not found
2026-10-07 02:14:34.912 WARN   Wiring.write_wire_scope: net not found
2026-10-07 02:14:34.912 WARN   Wiring.write_wire_scope: net not found
2026-10-07 02:14:34.912 WARN   Wiring.write_wire_scope: net not found
2026-10-07 02:14:34.912 WARN   Wiring.write_wire_scope: net not found
2026-10-07 02:14:34.912 WARN   Wiring.write_wire_scope: net not found
2026-10-07 02:14:34.912 WARN   Wiring.write_wire_scope: net not found
2026-10-07 02:14:34.912 WARN   Wiring.write_wire_scope: net not found
2026-10-07 02:14:34.912 WARN   Wiring.write_wire_scope: net not found
2026-10-07 02:14:34.912 WARN   Wiring.write_wire_scope: net not found
2026-10-07 02:14:35.706 WARN   Wiring.write_wire_scope: net not found
2026-10-07 02:14:35.706 WARN   Wiring.write_wire_scope: net not found
2026-10-07 02:14:35.706 WARN   Wiring.write_wire_scope: net not found
2026-10-07 02:14:35.706 WARN   Wiring.write_wire_scope: net not found
2026-10-07 02:14:35.706 WARN   Wiring.write_wire_scope: net not found
2026-10-07 02:14:35.706 WARN   Wiring.write_wire_scope: net not found
2026-10-07 02:14:35.706 WARN   Wiring.write_wire_scope: net not found
2026-10-07 02:14:35.706 WARN   Wiring.write_wire_scope: net not found
2026-10-07 02:14:35.706 WARN   Wiring.write_wire_scope: net not found
2026-10-07 02:14:35.706 WARN   Wiring.write_wire_scope: net not found
2026-10-07 02:14:35.706 WARN   Wiring.write_wire_scope: net not found
2026-10-07 02:14:35.706 WARN   Wiring.write_wire_scope: net not found
2026-10-07 02:14:35.706 WARN   Wiring.write_wire_scope: net not found
2026-10-07 02:14:35.706 WARN   Wiring.write_wire_scope: net not found
2026-10-07 02:14:35.706 WARN   Wiring.write_wire_scope: net not found
2026-10-07 02:14:35.706 WARN   Wiring.write_wire_scope: net not found
2026-10-07 02:14:35.706 WARN   Wiring.write_wire_scope: net not found
2026-10-07 02:14:35.706 WARN   Wiring.write_wire_scope: net not found
2026-10-07 02:14:35.706 WARN   Wiring.write_wire_scope: net not found
2026-10-07 02:14:35.706 WARN   Wiring.write_wire_scope: net not found
2026-10-07 02:14:35.706 WARN   Wiring.write_wire_scope: net not found
2026-10-07 02:14:35.706 WARN   Wiring.write_wire_scope: net not found
2026-10-07 02:14:35.706 WARN   Wiring.write_wire_scope: net not found
2026-10-07 02:14:35.706 WARN   Wiring.write_wire_scope: net not found
2026-10-07 02:14:35.706 WARN   Wiring.write_wire_scope: net not found
2026-10-07 02:14:35.706 WARN   Wiring.write_wire_scope: net not found
2026-10-07 02:14:35.706 WARN   Wiring.write_wire_scope: net not found
2026-10-07 02:14:35.706 WARN   Wiring.write_wire_scope: net not found
2026-10-07 02:14:35.706 WARN   Wiring.write_wire_scope: net not found
2026-10-07 02:14:35.706 WARN   Wiring.write_wire_scope: net not found
2026-10-07 02:14:35.706 WARN   Wiring.write_wire_scope: net not found
2026-10-07 02:14:35.706 WARN   Wiring.write_wire_scope: net not found
2026-10-07 02:14:35.706 WARN   Wiring.write_wire_scope: net not found
2026-10-07 02:14:35.706 WARN   Wiring.write_wire_scope: net not found
2026-10-07 02:14:35.706 WARN   Wiring.write_wire_scope: net not found
2026-10-07 02:14:35.706 WARN   Wiring.write_wire_scope: net not found
2026-10-07 02:14:35.706 WARN   Wiring.write_wire_scope: net not found
2026-10-07 02:14:35.706 WARN   Wiring.write_wire_scope: net not found
2026-10-07 02:14:35.706 WARN   Wiring.write_wire_scope: net not found
2026-10-07 02:14:35.706 WARN   Wiring.write_wire_scope: net not found
2026-10-07 02:14:35.706 WARN   Wiring.write_wire_scope: net not found
2026-10-07 02:14:35.706 WARN   Wiring.write_wire_scope: net not found
2026-10-07 02:14:35.706 WARN   Wiring.write_wire_scope: net not found
2026-10-07 02:14:35.706 WARN   Wiring.write_wire_scope: net not found
2026-10-07 02:14:35.706 WARN   Wiring.write_wire_scope: net not found
2026-10-07 02:14:35.706 WARN   Wiring.write_wire_scope: net not found
2026-10-07 02:14:35.706 WARN   Wiring.write_wire_scope: net not found
2026-10-07 02:14:35.706 WARN   Wiring.write_wire_scope: net not found
2026-10-07 02:14:35.706 WARN   Wiring.write_wire_scope: net not found
2026-10-07 02:14:35.706 WARN   Wiring.write_wire_scope: net not found
2026-10-07 02:14:35.706 WARN   Wiring.write_wire_scope: net not found
2026-10-07 02:14:35.706 WARN   Wiring.write_wire_scope: net not found
2026-10-07 02:14:35.706 WARN   Wiring.write_wire_scope: net not found
2026-10-07 02:14:35.706 WARN   Wiring.write_wire_scope: net not found
2026-10-07 02:14:35.706 WARN   Wiring.write_wire_scope: net not found
2026-10-07 02:14:35.706 WARN   Wiring.write_wire_scope: net not found
2026-10-07 02:14:35.706 WARN   Wiring.write_wire_scope: net not found
2026-10-07 02:14:35.706 WARN   Wiring.write_wire_scope: net not found
2026-10-07 02:14:35.706 WARN   Wiring.write_wire_scope: net not found
2026-10-07 02:14:35.706 WARN   Wiring.write_wire_scope: net not found
2026-10-07 02:14:35.706 WARN   Wiring.write_wire_scope: net not found
2026-10-07 02:14:35.706 WARN   Wiring.write_wire_scope: net not found
2026-10-07 02:14:35.706 WARN   Wiring.write_wire_scope: net not found
2026-10-07 02:14:35.706 WARN   Wiring.write_wire_scope: net not found
2026-10-07 02:14:35.706 WARN   Wiring.write_wire_scope: net not found
2026-10-07 02:14:35.706 WARN   Wiring.write_wire_scope: net not found
2026-10-07 02:14:35.706 WARN   Wiring.write_wire_scope: net not found
2026-10-07 02:14:35.706 WARN   Wiring.write_wire_scope: net not found
2026-10-07 02:14:35.706 WARN   Wiring.write_wire_scope: net not found
2026-10-07 02:14:35.706 WARN   Wiring.write_wire_scope: net not found
2026-10-07 02:14:35.706 WARN   Wiring.write_wire_scope: net not found
2026-10-07 02:14:35.706 WARN   Wiring.write_wire_scope: net not found
2026-10-07 02:14:35.706 WARN   Wiring.write_wire_scope: net not found
2026-10-07 02:14:35.706 WARN   Wiring.write_wire_scope: net not found
2026-10-07 02:14:35.706 WARN   Wiring.write_wire_scope: net not found
2026-10-07 02:14:35.706 WARN   Wiring.write_wire_scope: net not found
2026-10-07 02:14:35.706 WARN   Wiring.write_wire_scope: net not found
2026-10-07 02:14:35.706 WARN   Wiring.write_wire_scope: net not found
2026-10-07 02:14:35.706 WARN   Wiring.write_wire_scope: net not found
2026-10-07 02:14:35.706 WARN   Wiring.write_wire_scope: net not found
2026-10-07 02:14:35.706 WARN   Wiring.write_wire_scope: net not found
2026-10-07 02:14:35.706 WARN   Wiring.write_wire_scope: net not found
2026-10-07 02:14:35.706 WARN   Wiring.write_wire_scope: net not found
2026-10-07 02:14:35.706 WARN   Wiring.write_wire_scope: net not found
2026-10-07 02:14:35.707 WARN   Wiring.write_wire_scope: net not found
2026-10-07 02:14:35.707 WARN   Wiring.write_wire_scope: net not found
2026-10-07 02:14:35.707 WARN   Wiring.write_wire_scope: net not found
2026-10-07 02:14:35.707 WARN   Wiring.write_wire_scope: net not found
2026-10-07 02:14:35.707 WARN   Wiring.write_wire_scope: net not found
2026-10-07 02:14:35.707 WARN   Wiring.write_wire_scope: net not found
2026-10-07 02:14:35.707 WARN   Wiring.write_wire_scope: net not found
2026-10-07 02:14:35.707 WARN   Wiring.write_wire_scope: net not found
2026-10-07 02:14:35.707 WARN   Wiring.write_wire_scope: net not found
2026-10-07 02:14:35.707 WARN   Wiring.write_wire_scope: net not found
2026-10-07 02:14:35.707 WARN   Wiring.write_wire_scope: net not found
2026-10-07 02:14:35.707 WARN   Wiring.write_wire_scope: net not found
2026-10-07 02:14:35.707 WARN   Wiring.write_wire_scope: net not found
2026-10-07 02:14:35.707 WARN   Wiring.write_wire_scope: net not found
2026-10-07 02:14:35.707 WARN   Wiring.write_wire_scope: net not found
2026-10-07 02:14:35.707 WARN   Wiring.write_wire_scope: net not found
2026-10-07 02:14:35.707 WARN   Wiring.write_wire_scope: net not found
2026-10-07 02:14:35.707 WARN   Wiring.write_wire_scope: net not found
2026-10-07 02:14:35.707 WARN   Wiring.write_wire_scope: net not found
2026-10-07 02:14:35.707 WARN   Wiring.write_wire_scope: net not found
2026-10-07 02:14:35.707 WARN   Wiring.write_wire_scope: net not found
2026-10-07 02:14:35.958 WARN   Wiring.write_wire_scope: net not found
2026-10-07 02:14:35.959 WARN   Wiring.write_wire_scope: net not found
2026-10-07 02:14:35.959 WARN   Wiring.write_wire_scope: net not found
2026-10-07 02:14:35.959 WARN   Wiring.write_wire_scope: net not found
2026-10-07 02:14:35.959 WARN   Wiring.write_wire_scope: net not found
2026-10-07 02:14:35.959 WARN   Wiring.write_wire_scope: net not found
2026-10-07 02:14:35.959 WARN   Wiring.write_wire_scope: net not found
2026-10-07 02:14:35.959 WARN   Wiring.write_wire_scope: net not found
2026-10-07 02:14:35.959 WARN   Wiring.write_wire_scope: net not found
2026-10-07 02:14:35.959 WARN   Wiring.write_wire_scope: net not found
2026-10-07 02:14:35.959 WARN   Wiring.write_wire_scope: net not found
2026-10-07 02:14:35.959 WARN   Wiring.write_wire_scope: net not found
2026-10-07 02:14:35.959 WARN   Wiring.write_wire_scope: net not found
2026-10-07 02:14:35.959 WARN   Wiring.write_wire_scope: net not found
2026-10-07 02:14:35.959 WARN   Wiring.write_wire_scope: net not found
2026-10-07 02:14:35.959 WARN   Wiring.write_wire_scope: net not found
2026-10-07 02:14:35.959 WARN   Wiring.write_wire_scope: net not found
2026-10-07 02:14:35.959 WARN   Wiring.write_wire_scope: net not found
2026-10-07 02:14:35.959 WARN   Wiring.write_wire_scope: net not found
2026-10-07 02:14:35.959 WARN   Wiring.write_wire_scope: net not found
2026-10-07 02:14:35.959 WARN   Wiring.write_wire_scope: net not found
2026-10-07 02:14:35.959 WARN   Wiring.write_wire_scope: net not found
2026-10-07 02:14:35.959 WARN   Wiring.write_wire_scope: net not found
2026-10-07 02:14:35.959 WARN   Wiring.write_wire_scope: net not found
2026-10-07 02:14:35.959 WARN   Wiring.write_wire_scope: net not found
2026-10-07 02:14:35.959 WARN   Wiring.write_wire_scope: net not found
2026-10-07 02:14:35.959 WARN   Wiring.write_wire_scope: net not found
2026-10-07 02:14:35.959 WARN   Wiring.write_wire_scope: net not found
2026-10-07 02:14:35.959 WARN   Wiring.write_wire_scope: net not found
2026-10-07 02:14:35.959 WARN   Wiring.write_wire_scope: net not found
2026-10-07 02:14:35.959 WARN   Wiring.write_wire_scope: net not found
2026-10-07 02:14:35.959 WARN   Wiring.write_wire_scope: net not found
2026-10-07 02:14:35.959 WARN   Wiring.write_wire_scope: net not found
2026-10-07 02:14:35.959 WARN   Wiring.write_wire_scope: net not found
2026-10-07 02:14:35.959 WARN   Wiring.write_wire_scope: net not found
2026-10-07 02:14:35.959 WARN   Wiring.write_wire_scope: net not found
2026-10-07 02:14:35.959 WARN   Wiring.write_wire_scope: net not found
2026-10-07 02:14:35.959 WARN   Wiring.write_wire_scope: net not found
2026-10-07 02:14:35.959 WARN   Wiring.write_wire_scope: net not found
2026-10-07 02:14:35.959 WARN   Wiring.write_wire_scope: net not found
2026-10-07 02:14:35.959 WARN   Wiring.write_wire_scope: net not found
2026-10-07 02:14:35.959 WARN   Wiring.write_wire_scope: net not found
2026-10-07 02:14:35.959 WARN   Wiring.write_wire_scope: net not found
2026-10-07 02:14:35.959 WARN   Wiring.write_wire_scope: net not found
2026-10-07 02:14:35.959 WARN   Wiring.write_wire_scope: net not found
2026-10-07 02:14:35.959 WARN   Wiring.write_wire_scope: net not found
2026-10-07 02:14:35.959 WARN   Wiring.write_wire_scope: net not found
2026-10-07 02:14:35.959 WARN   Wiring.write_wire_scope: net not found
2026-10-07 02:14:35.959 WARN   Wiring.write_wire_scope: net not found
2026-10-07 02:14:35.959 WARN   Wiring.write_wire_scope: net not found
2026-10-07 02:14:35.959 WARN   Wiring.write_wire_scope: net not found
2026-10-07 02:14:35.959 WARN   Wiring.write_wire_scope: net not found
2026-10-07 02:14:35.959 WARN   Wiring.write_wire_scope: net not found
2026-10-07 02:14:35.959 WARN   Wiring.write_wire_scope: net not found
2026-10-07 02:14:35.959 WARN   Wiring.write_wire_scope: net not found
2026-10-07 02:14:35.959 WARN   Wiring.write_wire_scope: net not found
2026-10-07 02:14:35.959 WARN   Wiring.write_wire_scope: net not found
2026-10-07 02:14:35.959 WARN   Wiring.write_wire_scope: net not found
2026-10-07 02:14:35.959 WARN   Wiring.write_wire_scope: net not found
2026-10-07 02:14:35.959 WARN   Wiring.write_wire_scope: net not found
2026-10-07 02:14:35.959 WARN   Wiring.write_wire_scope: net not found
2026-10-07 02:14:35.959 WARN   Wiring.write_wire_scope: net not found
2026-10-07 02:14:35.959 WARN   Wiring.write_wire_scope: net not found
2026-10-07 02:14:35.959 WARN   Wiring.write_wire_scope: net not found
2026-10-07 02:14:35.959 WARN   Wiring.write_wire_scope: net not found
2026-10-07 02:14:35.959 WARN   Wiring.write_wire_scope: net not found
2026-10-07 02:14:35.959 WARN   Wiring.write_wire_scope: net not found
2026-10-07 02:14:35.959 WARN   Wiring.write_wire_scope: net not found
2026-10-07 02:14:35.959 WARN   Wiring.write_wire_scope: net not found
2026-10-07 02:14:35.959 WARN   Wiring.write_wire_scope: net not found
2026-10-07 02:14:35.959 WARN   Wiring.write_wire_scope: net not found
2026-10-07 02:14:35.959 WARN   Wiring.write_wire_scope: net not found
2026-10-07 02:14:35.959 WARN   Wiring.write_wire_scope: net not found
2026-10-07 02:14:35.959 WARN   Wiring.write_wire_scope: net not found
2026-10-07 02:14:35.959 WARN   Wiring.write_wire_scope: net not found
2026-10-07 02:14:35.959 WARN   Wiring.write_wire_scope: net not found
2026-10-07 02:14:35.959 WARN   Wiring.write_wire_scope: net not found
2026-10-07 02:14:35.959 WARN   Wiring.write_wire_scope: net not found
2026-10-07 02:14:35.959 WARN   Wiring.write_wire_scope: net not found
2026-10-07 02:14:35.959 WARN   Wiring.write_wire_scope: net not found
2026-10-07 02:14:35.959 WARN   Wiring.write_wire_scope: net not found
2026-10-07 02:14:35.959 WARN   Wiring.write_wire_scope: net not found
2026-10-07 02:14:35.959 WARN   Wiring.write_wire_scope: net not found
2026-10-07 02:14:35.959 WARN   Wiring.write_wire_scope: net not found
2026-10-07 02:14:35.959 WARN   Wiring.write_wire_scope: net not found
2026-10-07 02:14:35.959 WARN   Wiring.write_wire_scope: net not found
2026-10-07 02:14:35.959 WARN   Wiring.write_wire_scope: net not found
2026-10-07 02:14:35.959 WARN   Wiring.write_wire_scope: net not found
2026-10-07 02:14:35.959 WARN   Wiring.write_wire_scope: net not found
2026-10-07 02:14:35.959 WARN   Wiring.write_wire_scope: net not found
2026-10-07 02:14:35.959 WARN   Wiring.write_wire_scope: net not found
2026-10-07 02:14:35.959 WARN   Wiring.write_wire_scope: net not found
2026-10-07 02:14:35.959 WARN   Wiring.write_wire_scope: net not found
2026-10-07 02:14:35.959 WARN   Wiring.write_wire_scope: net not found
2026-10-07 02:14:35.959 WARN   Wiring.write_wire_scope: net not found
2026-10-07 02:14:35.959 WARN   Wiring.write_wire_scope: net not found
2026-10-07 02:14:35.959 WARN   Wiring.write_wire_scope: net not found
2026-10-07 02:14:35.959 WARN   Wiring.write_wire_scope: net not found
2026-10-07 02:14:35.959 WARN   Wiring.write_wire_scope: net not found
2026-10-07 02:14:35.959 WARN   Wiring.write_wire_scope: net not found
2026-10-07 02:14:35.959 WARN   Wiring.write_wire_scope: net not found
2026-10-07 02:14:35.959 WARN   Wiring.write_wire_scope: net not found
2026-10-07 02:14:35.959 WARN   Wiring.write_wire_scope: net not found
2026-10-07 02:14:35.959 WARN   Wiring.write_wire_scope: net not found
2026-10-07 02:14:35.959 WARN   Wiring.write_wire_scope: net not found
2026-10-07 02:14:36.154 WARN   Wiring.write_wire_scope: net not found
2026-10-07 02:14:36.154 WARN   Wiring.write_wire_scope: net not found
2026-10-07 02:14:36.154 WARN   Wiring.write_wire_scope: net not found
2026-10-07 02:14:36.154 WARN   Wiring.write_wire_scope: net not found
2026-10-07 02:14:36.154 WARN   Wiring.write_wire_scope: net not found
2026-10-07 02:14:36.154 WARN   Wiring.write_wire_scope: net not found
2026-10-07 02:14:36.154 WARN   Wiring.write_wire_scope: net not found
2026-10-07 02:14:36.154 WARN   Wiring.write_wire_scope: net not found
2026-10-07 02:14:36.154 WARN   Wiring.write_wire_scope: net not found
2026-10-07 02:14:36.154 WARN   Wiring.write_wire_scope: net not found
2026-10-07 02:14:36.154 WARN   Wiring.write_wire_scope: net not found
2026-10-07 02:14:36.154 WARN   Wiring.write_wire_scope: net not found
2026-10-07 02:14:36.154 WARN   Wiring.write_wire_scope: net not found
2026-10-07 02:14:36.154 WARN   Wiring.write_wire_scope: net not found
2026-10-07 02:14:36.155 WARN   Wiring.write_wire_scope: net not found
2026-10-07 02:14:36.155 WARN   Wiring.write_wire_scope: net not found
2026-10-07 02:14:36.155 WARN   Wiring.write_wire_scope: net not found
2026-10-07 02:14:36.155 WARN   Wiring.write_wire_scope: net not found
2026-10-07 02:14:36.155 WARN   Wiring.write_wire_scope: net not found
2026-10-07 02:14:36.155 WARN   Wiring.write_wire_scope: net not found
2026-10-07 02:14:36.155 WARN   Wiring.write_wire_scope: net not found
2026-10-07 02:14:36.155 WARN   Wiring.write_wire_scope: net not found
2026-10-07 02:14:36.155 WARN   Wiring.write_wire_scope: net not found
2026-10-07 02:14:36.155 WARN   Wiring.write_wire_scope: net not found
2026-10-07 02:14:36.155 WARN   Wiring.write_wire_scope: net not found
2026-10-07 02:14:36.155 WARN   Wiring.write_wire_scope: net not found
2026-10-07 02:14:36.155 WARN   Wiring.write_wire_scope: net not found
2026-10-07 02:14:36.155 WARN   Wiring.write_wire_scope: net not found
2026-10-07 02:14:36.155 WARN   Wiring.write_wire_scope: net not found
2026-10-07 02:14:36.155 WARN   Wiring.write_wire_scope: net not found
2026-10-07 02:14:36.155 WARN   Wiring.write_wire_scope: net not found
2026-10-07 02:14:36.155 WARN   Wiring.write_wire_scope: net not found
2026-10-07 02:14:36.155 WARN   Wiring.write_wire_scope: net not found
2026-10-07 02:14:36.155 WARN   Wiring.write_wire_scope: net not found
2026-10-07 02:14:36.155 WARN   Wiring.write_wire_scope: net not found
2026-10-07 02:14:36.155 WARN   Wiring.write_wire_scope: net not found
2026-10-07 02:14:36.155 WARN   Wiring.write_wire_scope: net not found
2026-10-07 02:14:36.155 WARN   Wiring.write_wire_scope: net not found
2026-10-07 02:14:36.155 WARN   Wiring.write_wire_scope: net not found
2026-10-07 02:14:36.155 WARN   Wiring.write_wire_scope: net not found
2026-10-07 02:14:36.155 WARN   Wiring.write_wire_scope: net not found
2026-10-07 02:14:36.155 WARN   Wiring.write_wire_scope: net not found
2026-10-07 02:14:36.155 WARN   Wiring.write_wire_scope: net not found
2026-10-07 02:14:36.155 WARN   Wiring.write_wire_scope: net not found
2026-10-07 02:14:36.155 WARN   Wiring.write_wire_scope: net not found
2026-10-07 02:14:36.155 WARN   Wiring.write_wire_scope: net not found
2026-10-07 02:14:36.155 WARN   Wiring.write_wire_scope: net not found
2026-10-07 02:14:36.155 WARN   Wiring.write_wire_scope: net not found
2026-10-07 02:14:36.155 WARN   Wiring.write_wire_scope: net not found
2026-10-07 02:14:36.155 WARN   Wiring.write_wire_scope: net not found
2026-10-07 02:14:36.155 WARN   Wiring.write_wire_scope: net not found
2026-10-07 02:14:36.155 WARN   Wiring.write_wire_scope: net not found
2026-10-07 02:14:36.155 WARN   Wiring.write_wire_scope: net not found
2026-10-07 02:14:36.155 WARN   Wiring.write_wire_scope: net not found
2026-10-07 02:14:36.155 WARN   Wiring.write_wire_scope: net not found
2026-10-07 02:14:36.155 WARN   Wiring.write_wire_scope: net not found
2026-10-07 02:14:36.155 WARN   Wiring.write_wire_scope: net not found
2026-10-07 02:14:36.155 WARN   Wiring.write_wire_scope: net not found
2026-10-07 02:14:36.155 WARN   Wiring.write_wire_scope: net not found
2026-10-07 02:14:36.155 WARN   Wiring.write_wire_scope: net not found
2026-10-07 02:14:36.155 WARN   Wiring.write_wire_scope: net not found
2026-10-07 02:14:36.155 WARN   Wiring.write_wire_scope: net not found
2026-10-07 02:14:36.155 WARN   Wiring.write_wire_scope: net not found
2026-10-07 02:14:36.155 WARN   Wiring.write_wire_scope: net not found
2026-10-07 02:14:36.155 WARN   Wiring.write_wire_scope: net not found
2026-10-07 02:14:36.155 WARN   Wiring.write_wire_scope: net not found
2026-10-07 02:14:36.155 WARN   Wiring.write_wire_scope: net not found
2026-10-07 02:14:36.155 WARN   Wiring.write_wire_scope: net not found
2026-10-07 02:14:36.155 WARN   Wiring.write_wire_scope: net not found
2026-10-07 02:14:36.155 WARN   Wiring.write_wire_scope: net not found
2026-10-07 02:14:36.155 WARN   Wiring.write_wire_scope: net not found
2026-10-07 02:14:36.155 WARN   Wiring.write_wire_scope: net not found
2026-10-07 02:14:36.155 WARN   Wiring.write_wire_scope: net not found
2026-10-07 02:14:36.155 WARN   Wiring.write_wire_scope: net not found
2026-10-07 02:14:36.155 WARN   Wiring.write_wire_scope: net not found
2026-10-07 02:14:36.155 WARN   Wiring.write_wire_scope: net not found
2026-10-07 02:14:36.155 WARN   Wiring.write_wire_scope: net not found
2026-10-07 02:14:36.155 WARN   Wiring.write_wire_scope: net not found
2026-10-07 02:14:36.155 WARN   Wiring.write_wire_scope: net not found
2026-10-07 02:14:36.155 WARN   Wiring.write_wire_scope: net not found
2026-10-07 02:14:36.155 WARN   Wiring.write_wire_scope: net not found
2026-10-07 02:14:36.155 WARN   Wiring.write_wire_scope: net not found
2026-10-07 02:14:36.155 WARN   Wiring.write_wire_scope: net not found
2026-10-07 02:14:36.155 WARN   Wiring.write_wire_scope: net not found
2026-10-07 02:14:36.155 WARN   Wiring.write_wire_scope: net not found
2026-10-07 02:14:36.155 WARN   Wiring.write_wire_scope: net not found
2026-10-07 02:14:36.155 WARN   Wiring.write_wire_scope: net not found
2026-10-07 02:14:36.155 WARN   Wiring.write_wire_scope: net not found
2026-10-07 02:14:36.155 WARN   Wiring.write_wire_scope: net not found
2026-10-07 02:14:36.155 WARN   Wiring.write_wire_scope: net not found
2026-10-07 02:14:36.155 WARN   Wiring.write_wire_scope: net not found
2026-10-07 02:14:36.155 WARN   Wiring.write_wire_scope: net not found
2026-10-07 02:14:36.155 WARN   Wiring.write_wire_scope: net not found
2026-10-07 02:14:36.155 WARN   Wiring.write_wire_scope: net not found
2026-10-07 02:14:36.155 WARN   Wiring.write_wire_scope: net not found
2026-10-07 02:14:36.155 WARN   Wiring.write_wire_scope: net not found
2026-10-07 02:14:36.155 WARN   Wiring.write_wire_scope: net not found
2026-10-07 02:14:36.155 WARN   Wiring.write_wire_scope: net not found
2026-10-07 02:14:36.155 WARN   Wiring.write_wire_scope: net not found
2026-10-07 02:14:36.155 WARN   Wiring.write_wire_scope: net not found
2026-10-07 02:14:36.155 WARN   Wiring.write_wire_scope: net not found
2026-10-07 02:14:36.155 WARN   Wiring.write_wire_scope: net not found
2026-10-07 02:14:36.155 WARN   Wiring.write_wire_scope: net not found
2026-10-07 02:14:36.155 WARN   Wiring.write_wire_scope: net not found
2026-10-07 02:14:36.155 WARN   Wiring.write_wire_scope: net not found
2026-10-07 02:14:36.181 INFO   [131E2B\56583F] Auto-routing pass #1 on board '422751a08cccba012176d3bbc85a4994' was completed in 2.23 seconds with score 353.45 (13 unrouted and 193 violations), using 2.86 CPU seconds and the job allocated 2.32 GB of memory so far.
2026-10-07 02:14:36.267 INFO   [131E2B\56583F] Auto-routing stage completed: started with 27 unrouted nets, completed in 3.16 seconds, final score: 353.45 (13 unrouted and 193 violations), using 2.86 total CPU seconds, 2.32 GB total allocated, and 274.2 MB peak heap usage.
2026-10-07 02:14:36.305 INFO   [131E2B\56583F] Skipping optimization stage: the board has 13 unrouted connection(s) (optimizer only runs on completely routed boards).
2026-10-07 02:14:36.332 WARN   Wiring.write_wire_scope: net not found
2026-10-07 02:14:36.332 WARN   Wiring.write_wire_scope: net not found
2026-10-07 02:14:36.332 WARN   Wiring.write_wire_scope: net not found
2026-10-07 02:14:36.332 WARN   Wiring.write_wire_scope: net not found
2026-10-07 02:14:36.332 WARN   Wiring.write_wire_scope: net not found
2026-10-07 02:14:36.332 WARN   Wiring.write_wire_scope: net not found
2026-10-07 02:14:36.332 WARN   Wiring.write_wire_scope: net not found
2026-10-07 02:14:36.332 WARN   Wiring.write_wire_scope: net not found
2026-10-07 02:14:36.332 WARN   Wiring.write_wire_scope: net not found
2026-10-07 02:14:36.332 WARN   Wiring.write_wire_scope: net not found
2026-10-07 02:14:36.332 WARN   Wiring.write_wire_scope: net not found
2026-10-07 02:14:36.332 WARN   Wiring.write_wire_scope: net not found
2026-10-07 02:14:36.332 WARN   Wiring.write_wire_scope: net not found
2026-10-07 02:14:36.332 WARN   Wiring.write_wire_scope: net not found
2026-10-07 02:14:36.332 WARN   Wiring.write_wire_scope: net not found
2026-10-07 02:14:36.332 WARN   Wiring.write_wire_scope: net not found
2026-10-07 02:14:36.332 WARN   Wiring.write_wire_scope: net not found
2026-10-07 02:14:36.332 WARN   Wiring.write_wire_scope: net not found
2026-10-07 02:14:36.332 WARN   Wiring.write_wire_scope: net not found
2026-10-07 02:14:36.332 WARN   Wiring.write_wire_scope: net not found
2026-10-07 02:14:36.332 WARN   Wiring.write_wire_scope: net not found
2026-10-07 02:14:36.332 WARN   Wiring.write_wire_scope: net not found
2026-10-07 02:14:36.332 WARN   Wiring.write_wire_scope: net not found
2026-10-07 02:14:36.332 WARN   Wiring.write_wire_scope: net not found
2026-10-07 02:14:36.332 WARN   Wiring.write_wire_scope: net not found
2026-10-07 02:14:36.332 WARN   Wiring.write_wire_scope: net not found
2026-10-07 02:14:36.332 WARN   Wiring.write_wire_scope: net not found
2026-10-07 02:14:36.332 WARN   Wiring.write_wire_scope: net not found
2026-10-07 02:14:36.332 WARN   Wiring.write_wire_scope: net not found
2026-10-07 02:14:36.332 WARN   Wiring.write_wire_scope: net not found
2026-10-07 02:14:36.332 WARN   Wiring.write_wire_scope: net not found
2026-10-07 02:14:36.332 WARN   Wiring.write_wire_scope: net not found
2026-10-07 02:14:36.332 WARN   Wiring.write_wire_scope: net not found
2026-10-07 02:14:36.332 WARN   Wiring.write_wire_scope: net not found
2026-10-07 02:14:36.332 WARN   Wiring.write_wire_scope: net not found
2026-10-07 02:14:36.332 WARN   Wiring.write_wire_scope: net not found
2026-10-07 02:14:36.332 WARN   Wiring.write_wire_scope: net not found
2026-10-07 02:14:36.332 WARN   Wiring.write_wire_scope: net not found
2026-10-07 02:14:36.332 WARN   Wiring.write_wire_scope: net not found
2026-10-07 02:14:36.332 WARN   Wiring.write_wire_scope: net not found
2026-10-07 02:14:36.332 WARN   Wiring.write_wire_scope: net not found
2026-10-07 02:14:36.332 WARN   Wiring.write_wire_scope: net not found
2026-10-07 02:14:36.332 WARN   Wiring.write_wire_scope: net not found
2026-10-07 02:14:36.332 WARN   Wiring.write_wire_scope: net not found
2026-10-07 02:14:36.332 WARN   Wiring.write_wire_scope: net not found
2026-10-07 02:14:36.332 WARN   Wiring.write_wire_scope: net not found
2026-10-07 02:14:36.332 WARN   Wiring.write_wire_scope: net not found
2026-10-07 02:14:36.332 WARN   Wiring.write_wire_scope: net not found
2026-10-07 02:14:36.332 WARN   Wiring.write_wire_scope: net not found
2026-10-07 02:14:36.332 WARN   Wiring.write_wire_scope: net not found
2026-10-07 02:14:36.332 WARN   Wiring.write_wire_scope: net not found
2026-10-07 02:14:36.332 WARN   Wiring.write_wire_scope: net not found
2026-10-07 02:14:36.332 WARN   Wiring.write_wire_scope: net not found
2026-10-07 02:14:36.332 WARN   Wiring.write_wire_scope: net not found
2026-10-07 02:14:36.332 WARN   Wiring.write_wire_scope: net not found
2026-10-07 02:14:36.332 WARN   Wiring.write_wire_scope: net not found
2026-10-07 02:14:36.332 WARN   Wiring.write_wire_scope: net not found
2026-10-07 02:14:36.332 WARN   Wiring.write_wire_scope: net not found
2026-10-07 02:14:36.332 WARN   Wiring.write_wire_scope: net not found
2026-10-07 02:14:36.332 WARN   Wiring.write_wire_scope: net not found
2026-10-07 02:14:36.332 WARN   Wiring.write_wire_scope: net not found
2026-10-07 02:14:36.332 WARN   Wiring.write_wire_scope: net not found
2026-10-07 02:14:36.332 WARN   Wiring.write_wire_scope: net not found
2026-10-07 02:14:36.332 WARN   Wiring.write_wire_scope: net not found
2026-10-07 02:14:36.332 WARN   Wiring.write_wire_scope: net not found
2026-10-07 02:14:36.332 WARN   Wiring.write_wire_scope: net not found
2026-10-07 02:14:36.332 WARN   Wiring.write_wire_scope: net not found
2026-10-07 02:14:36.332 WARN   Wiring.write_wire_scope: net not found
2026-10-07 02:14:36.332 WARN   Wiring.write_wire_scope: net not found
2026-10-07 02:14:36.332 WARN   Wiring.write_wire_scope: net not found
2026-10-07 02:14:36.332 WARN   Wiring.write_wire_scope: net not found
2026-10-07 02:14:36.332 WARN   Wiring.write_wire_scope: net not found
2026-10-07 02:14:36.332 WARN   Wiring.write_wire_scope: net not found
2026-10-07 02:14:36.332 WARN   Wiring.write_wire_scope: net not found
2026-10-07 02:14:36.332 WARN   Wiring.write_wire_scope: net not found
2026-10-07 02:14:36.332 WARN   Wiring.write_wire_scope: net not found
2026-10-07 02:14:36.332 WARN   Wiring.write_wire_scope: net not found
2026-10-07 02:14:36.332 WARN   Wiring.write_wire_scope: net not found
2026-10-07 02:14:36.332 WARN   Wiring.write_wire_scope: net not found
2026-10-07 02:14:36.332 WARN   Wiring.write_wire_scope: net not found
2026-10-07 02:14:36.332 WARN   Wiring.write_wire_scope: net not found
2026-10-07 02:14:36.332 WARN   Wiring.write_wire_scope: net not found
2026-10-07 02:14:36.332 WARN   Wiring.write_wire_scope: net not found
2026-10-07 02:14:36.332 WARN   Wiring.write_wire_scope: net not found
2026-10-07 02:14:36.332 WARN   Wiring.write_wire_scope: net not found
2026-10-07 02:14:36.332 WARN   Wiring.write_wire_scope: net not found
2026-10-07 02:14:36.332 WARN   Wiring.write_wire_scope: net not found
2026-10-07 02:14:36.332 WARN   Wiring.write_wire_scope: net not found
2026-10-07 02:14:36.332 WARN   Wiring.write_wire_scope: net not found
2026-10-07 02:14:36.332 WARN   Wiring.write_wire_scope: net not found
2026-10-07 02:14:36.332 WARN   Wiring.write_wire_scope: net not found
2026-10-07 02:14:36.332 WARN   Wiring.write_wire_scope: net not found
2026-10-07 02:14:36.332 WARN   Wiring.write_wire_scope: net not found
2026-10-07 02:14:36.332 WARN   Wiring.write_wire_scope: net not found
2026-10-07 02:14:36.332 WARN   Wiring.write_wire_scope: net not found
2026-10-07 02:14:36.332 WARN   Wiring.write_wire_scope: net not found
2026-10-07 02:14:36.332 WARN   Wiring.write_wire_scope: net not found
2026-10-07 02:14:36.332 WARN   Wiring.write_wire_scope: net not found
2026-10-07 02:14:36.332 WARN   Wiring.write_wire_scope: net not found
2026-10-07 02:14:36.332 WARN   Wiring.write_wire_scope: net not found
2026-10-07 02:14:36.332 WARN   Wiring.write_wire_scope: net not found
2026-10-07 02:14:36.332 WARN   Wiring.write_wire_scope: net not found
2026-10-07 02:14:36.332 WARN   Wiring.write_wire_scope: net not found
2026-10-07 02:14:36.332 WARN   Wiring.write_wire_scope: net not found
2026-10-07 02:14:36.332 WARN   Wiring.write_wire_scope: net not found
2026-10-07 02:14:36.334 INFO   [131E2B\56583F] Job '131E2B\56583F' finished with state: COMPLETED (elapsed: 3.40 seconds, finished at UTC: 2026-10-06T15:14:36.333480715Z).
2026-10-07 02:14:36.348 INFO   Saving output file '/home/chithi/Desktop/DesktopSpeaker/ai-files/pcb/work-p1/K1-c3.ses' (SES)...
2026-10-07 02:14:36.350 INFO   Successfully saved output file '/home/chithi/Desktop/DesktopSpeaker/ai-files/pcb/work-p1/K1-c3.ses' (26483 bytes).
