2026-10-07 12:35:34.851 INFO   Freerouting v2.5.0 (build-date: 2026-10-05)
2026-10-07 12:35:35.117 INFO   Hardware: 24 CPU cores, 582 CPU score, 16056 MB RAM
2026-10-07 12:35:35.118 WARN   Deprecated settings path '-mp / --router.max_passes'; use '--router.autorouter.max_passes' instead. The old path will be removed in a future release.
2026-10-07 12:35:35.118 WARN   Couldn't get screen resolution. If you are running in a headless environment, disable the GUI by setting gui.enabled to false.
2026-10-07 12:35:36.142 WARN   Deprecated settings path 'router.max_passes'; use 'router.autorouter.max_passes' instead. The old path will be removed in a future release.
2026-10-07 12:35:36.401 INFO   [7E698B\8BA015] Loading board file 'K3-c5.dsn'...
2026-10-07 12:35:36.593 INFO   [7E698B\8BA015] Job '7E698B\8BA015' started at 2026-10-07T01:35:36.592950389Z.
2026-10-07 12:35:36.653 WARN   Wiring.write_wire_scope: net not found
2026-10-07 12:35:36.654 WARN   Wiring.write_wire_scope: net not found
2026-10-07 12:35:36.654 WARN   Wiring.write_wire_scope: net not found
2026-10-07 12:35:36.654 WARN   Wiring.write_wire_scope: net not found
2026-10-07 12:35:36.654 WARN   Wiring.write_wire_scope: net not found
2026-10-07 12:35:36.654 WARN   Wiring.write_wire_scope: net not found
2026-10-07 12:35:36.654 WARN   Wiring.write_wire_scope: net not found
2026-10-07 12:35:36.654 WARN   Wiring.write_wire_scope: net not found
2026-10-07 12:35:36.654 WARN   Wiring.write_wire_scope: net not found
2026-10-07 12:35:36.654 WARN   Wiring.write_wire_scope: net not found
2026-10-07 12:35:36.654 WARN   Wiring.write_wire_scope: net not found
2026-10-07 12:35:36.654 WARN   Wiring.write_wire_scope: net not found
2026-10-07 12:35:36.654 WARN   Wiring.write_wire_scope: net not found
2026-10-07 12:35:36.654 WARN   Wiring.write_wire_scope: net not found
2026-10-07 12:35:36.654 WARN   Wiring.write_wire_scope: net not found
2026-10-07 12:35:36.654 WARN   Wiring.write_wire_scope: net not found
2026-10-07 12:35:36.654 WARN   Wiring.write_wire_scope: net not found
2026-10-07 12:35:36.654 WARN   Wiring.write_wire_scope: net not found
2026-10-07 12:35:36.654 WARN   Wiring.write_wire_scope: net not found
2026-10-07 12:35:36.655 WARN   Wiring.write_wire_scope: net not found
2026-10-07 12:35:36.655 WARN   Wiring.write_wire_scope: net not found
2026-10-07 12:35:36.655 WARN   Wiring.write_wire_scope: net not found
2026-10-07 12:35:36.655 WARN   Wiring.write_wire_scope: net not found
2026-10-07 12:35:36.655 WARN   Wiring.write_wire_scope: net not found
2026-10-07 12:35:36.655 WARN   Wiring.write_wire_scope: net not found
2026-10-07 12:35:36.655 WARN   Wiring.write_wire_scope: net not found
2026-10-07 12:35:36.655 WARN   Wiring.write_wire_scope: net not found
2026-10-07 12:35:36.655 WARN   Wiring.write_wire_scope: net not found
2026-10-07 12:35:36.655 WARN   Wiring.write_wire_scope: net not found
2026-10-07 12:35:36.655 WARN   Wiring.write_wire_scope: net not found
2026-10-07 12:35:36.655 WARN   Wiring.write_wire_scope: net not found
2026-10-07 12:35:36.655 WARN   Wiring.write_wire_scope: net not found
2026-10-07 12:35:36.655 WARN   Wiring.write_wire_scope: net not found
2026-10-07 12:35:36.655 WARN   Wiring.write_wire_scope: net not found
2026-10-07 12:35:36.655 WARN   Wiring.write_wire_scope: net not found
2026-10-07 12:35:36.655 WARN   Wiring.write_wire_scope: net not found
2026-10-07 12:35:36.655 WARN   Wiring.write_wire_scope: net not found
2026-10-07 12:35:36.655 WARN   Wiring.write_wire_scope: net not found
2026-10-07 12:35:36.655 WARN   Wiring.write_wire_scope: net not found
2026-10-07 12:35:36.655 WARN   Wiring.write_wire_scope: net not found
2026-10-07 12:35:36.655 WARN   Wiring.write_wire_scope: net not found
2026-10-07 12:35:36.655 WARN   Wiring.write_wire_scope: net not found
2026-10-07 12:35:36.656 WARN   Wiring.write_wire_scope: net not found
2026-10-07 12:35:36.656 WARN   Wiring.write_wire_scope: net not found
2026-10-07 12:35:36.656 WARN   Wiring.write_wire_scope: net not found
2026-10-07 12:35:36.656 WARN   Wiring.write_wire_scope: net not found
2026-10-07 12:35:36.656 WARN   Wiring.write_wire_scope: net not found
2026-10-07 12:35:36.656 WARN   Wiring.write_wire_scope: net not found
2026-10-07 12:35:36.656 WARN   Wiring.write_wire_scope: net not found
2026-10-07 12:35:36.656 WARN   Wiring.write_wire_scope: net not found
2026-10-07 12:35:36.656 WARN   Wiring.write_wire_scope: net not found
2026-10-07 12:35:36.656 WARN   Wiring.write_wire_scope: net not found
2026-10-07 12:35:36.656 WARN   Wiring.write_wire_scope: net not found
2026-10-07 12:35:36.656 WARN   Wiring.write_wire_scope: net not found
2026-10-07 12:35:36.656 WARN   Wiring.write_wire_scope: net not found
2026-10-07 12:35:36.656 WARN   Wiring.write_wire_scope: net not found
2026-10-07 12:35:36.656 WARN   Wiring.write_wire_scope: net not found
2026-10-07 12:35:36.656 WARN   Wiring.write_wire_scope: net not found
2026-10-07 12:35:36.656 WARN   Wiring.write_wire_scope: net not found
2026-10-07 12:35:36.656 WARN   Wiring.write_wire_scope: net not found
2026-10-07 12:35:36.656 WARN   Wiring.write_wire_scope: net not found
2026-10-07 12:35:36.656 WARN   Wiring.write_wire_scope: net not found
2026-10-07 12:35:36.656 WARN   Wiring.write_wire_scope: net not found
2026-10-07 12:35:36.656 WARN   Wiring.write_wire_scope: net not found
2026-10-07 12:35:36.656 WARN   Wiring.write_wire_scope: net not found
2026-10-07 12:35:36.656 WARN   Wiring.write_wire_scope: net not found
2026-10-07 12:35:36.656 WARN   Wiring.write_wire_scope: net not found
2026-10-07 12:35:36.657 WARN   Wiring.write_wire_scope: net not found
2026-10-07 12:35:36.657 WARN   Wiring.write_wire_scope: net not found
2026-10-07 12:35:36.657 WARN   Wiring.write_wire_scope: net not found
2026-10-07 12:35:36.657 WARN   Wiring.write_wire_scope: net not found
2026-10-07 12:35:36.657 WARN   Wiring.write_wire_scope: net not found
2026-10-07 12:35:36.657 WARN   Wiring.write_wire_scope: net not found
2026-10-07 12:35:36.657 WARN   Wiring.write_wire_scope: net not found
2026-10-07 12:35:36.657 WARN   Wiring.write_wire_scope: net not found
2026-10-07 12:35:36.657 WARN   Wiring.write_wire_scope: net not found
2026-10-07 12:35:36.657 WARN   Wiring.write_wire_scope: net not found
2026-10-07 12:35:36.657 WARN   Wiring.write_wire_scope: net not found
2026-10-07 12:35:36.657 WARN   Wiring.write_wire_scope: net not found
2026-10-07 12:35:36.657 WARN   Wiring.write_wire_scope: net not found
2026-10-07 12:35:36.657 WARN   Wiring.write_wire_scope: net not found
2026-10-07 12:35:36.657 WARN   Wiring.write_wire_scope: net not found
2026-10-07 12:35:36.657 WARN   Wiring.write_wire_scope: net not found
2026-10-07 12:35:36.657 WARN   Wiring.write_wire_scope: net not found
2026-10-07 12:35:36.657 WARN   Wiring.write_wire_scope: net not found
2026-10-07 12:35:36.657 WARN   Wiring.write_wire_scope: net not found
2026-10-07 12:35:36.657 WARN   Wiring.write_wire_scope: net not found
2026-10-07 12:35:36.658 WARN   Wiring.write_wire_scope: net not found
2026-10-07 12:35:36.658 WARN   Wiring.write_wire_scope: net not found
2026-10-07 12:35:36.658 WARN   Wiring.write_wire_scope: net not found
2026-10-07 12:35:36.658 WARN   Wiring.write_wire_scope: net not found
2026-10-07 12:35:36.658 WARN   Wiring.write_wire_scope: net not found
2026-10-07 12:35:36.658 WARN   Wiring.write_wire_scope: net not found
2026-10-07 12:35:36.658 WARN   Wiring.write_wire_scope: net not found
2026-10-07 12:35:36.658 WARN   Wiring.write_wire_scope: net not found
2026-10-07 12:35:36.658 WARN   Wiring.write_wire_scope: net not found
2026-10-07 12:35:36.658 WARN   Wiring.write_wire_scope: net not found
2026-10-07 12:35:36.658 WARN   Wiring.write_wire_scope: net not found
2026-10-07 12:35:36.658 WARN   Wiring.write_wire_scope: net not found
2026-10-07 12:35:36.658 WARN   Wiring.write_wire_scope: net not found
2026-10-07 12:35:36.658 WARN   Wiring.write_wire_scope: net not found
2026-10-07 12:35:36.658 WARN   Wiring.write_wire_scope: net not found
2026-10-07 12:35:36.658 WARN   Wiring.write_wire_scope: net not found
2026-10-07 12:35:36.658 WARN   Wiring.write_wire_scope: net not found
2026-10-07 12:35:36.658 WARN   Wiring.write_wire_scope: net not found
2026-10-07 12:35:36.658 WARN   Wiring.write_wire_scope: net not found
2026-10-07 12:35:36.658 WARN   Wiring.write_wire_scope: net not found
2026-10-07 12:35:36.658 WARN   Wiring.write_wire_scope: net not found
2026-10-07 12:35:36.658 WARN   Wiring.write_wire_scope: net not found
2026-10-07 12:35:36.658 WARN   Wiring.write_wire_scope: net not found
2026-10-07 12:35:36.659 WARN   Wiring.write_wire_scope: net not found
2026-10-07 12:35:36.659 WARN   Wiring.write_wire_scope: net not found
2026-10-07 12:35:36.659 WARN   Wiring.write_wire_scope: net not found
2026-10-07 12:35:36.659 WARN   Wiring.write_wire_scope: net not found
2026-10-07 12:35:36.659 WARN   Wiring.write_wire_scope: net not found
2026-10-07 12:35:36.659 WARN   Wiring.write_wire_scope: net not found
2026-10-07 12:35:36.659 WARN   Wiring.write_wire_scope: net not found
2026-10-07 12:35:36.659 WARN   Wiring.write_wire_scope: net not found
2026-10-07 12:35:36.659 WARN   Wiring.write_wire_scope: net not found
2026-10-07 12:35:36.659 WARN   Wiring.write_wire_scope: net not found
2026-10-07 12:35:36.659 WARN   Wiring.write_wire_scope: net not found
2026-10-07 12:35:36.659 WARN   Wiring.write_wire_scope: net not found
2026-10-07 12:35:36.659 WARN   Wiring.write_wire_scope: net not found
2026-10-07 12:35:36.659 WARN   Wiring.write_wire_scope: net not found
2026-10-07 12:35:36.659 WARN   Wiring.write_wire_scope: net not found
2026-10-07 12:35:36.659 WARN   Wiring.write_wire_scope: net not found
2026-10-07 12:35:36.659 WARN   Wiring.write_wire_scope: net not found
2026-10-07 12:35:36.659 WARN   Wiring.write_wire_scope: net not found
2026-10-07 12:35:36.659 WARN   Wiring.write_wire_scope: net not found
2026-10-07 12:35:36.659 WARN   Wiring.write_wire_scope: net not found
2026-10-07 12:35:36.659 WARN   Wiring.write_wire_scope: net not found
2026-10-07 12:35:36.659 WARN   Wiring.write_wire_scope: net not found
2026-10-07 12:35:36.659 WARN   Wiring.write_wire_scope: net not found
2026-10-07 12:35:36.660 WARN   Wiring.write_wire_scope: net not found
2026-10-07 12:35:36.660 WARN   Wiring.write_wire_scope: net not found
2026-10-07 12:35:36.660 WARN   Wiring.write_wire_scope: net not found
2026-10-07 12:35:36.660 WARN   Wiring.write_wire_scope: net not found
2026-10-07 12:35:36.660 WARN   Wiring.write_wire_scope: net not found
2026-10-07 12:35:36.660 WARN   Wiring.write_wire_scope: net not found
2026-10-07 12:35:36.660 WARN   Wiring.write_wire_scope: net not found
2026-10-07 12:35:36.660 WARN   Wiring.write_wire_scope: net not found
2026-10-07 12:35:36.660 WARN   Wiring.write_wire_scope: net not found
2026-10-07 12:35:36.660 WARN   Wiring.write_wire_scope: net not found
2026-10-07 12:35:36.660 WARN   Wiring.write_wire_scope: net not found
2026-10-07 12:35:36.660 WARN   Wiring.write_wire_scope: net not found
2026-10-07 12:35:36.660 WARN   Wiring.write_wire_scope: net not found
2026-10-07 12:35:36.660 WARN   Wiring.write_wire_scope: net not found
2026-10-07 12:35:36.660 WARN   Wiring.write_wire_scope: net not found
2026-10-07 12:35:36.660 WARN   Wiring.write_wire_scope: net not found
2026-10-07 12:35:36.660 WARN   Wiring.write_wire_scope: net not found
2026-10-07 12:35:36.660 WARN   Wiring.write_wire_scope: net not found
2026-10-07 12:35:36.660 WARN   Wiring.write_wire_scope: net not found
2026-10-07 12:35:36.660 WARN   Wiring.write_wire_scope: net not found
2026-10-07 12:35:36.660 WARN   Wiring.write_wire_scope: net not found
2026-10-07 12:35:36.660 WARN   Wiring.write_wire_scope: net not found
2026-10-07 12:35:36.660 WARN   Wiring.write_wire_scope: net not found
2026-10-07 12:35:36.660 WARN   Wiring.write_wire_scope: net not found
2026-10-07 12:35:36.660 WARN   Wiring.write_wire_scope: net not found
2026-10-07 12:35:36.660 WARN   Wiring.write_wire_scope: net not found
2026-10-07 12:35:36.660 WARN   Wiring.write_wire_scope: net not found
2026-10-07 12:35:36.660 WARN   Wiring.write_wire_scope: net not found
2026-10-07 12:35:36.660 WARN   Wiring.write_wire_scope: net not found
2026-10-07 12:35:36.660 WARN   Wiring.write_wire_scope: net not found
2026-10-07 12:35:36.660 WARN   Wiring.write_wire_scope: net not found
2026-10-07 12:35:36.660 WARN   Wiring.write_wire_scope: net not found
2026-10-07 12:35:36.660 WARN   Wiring.write_wire_scope: net not found
2026-10-07 12:35:36.660 WARN   Wiring.write_wire_scope: net not found
2026-10-07 12:35:36.660 WARN   Wiring.write_wire_scope: net not found
2026-10-07 12:35:36.660 WARN   Wiring.write_wire_scope: net not found
2026-10-07 12:35:36.661 WARN   Wiring.write_wire_scope: net not found
2026-10-07 12:35:36.661 WARN   Wiring.write_wire_scope: net not found
2026-10-07 12:35:36.661 WARN   Wiring.write_wire_scope: net not found
2026-10-07 12:35:36.661 WARN   Wiring.write_wire_scope: net not found
2026-10-07 12:35:36.661 WARN   Wiring.write_wire_scope: net not found
2026-10-07 12:35:36.661 WARN   Wiring.write_wire_scope: net not found
2026-10-07 12:35:36.661 WARN   Wiring.write_wire_scope: net not found
2026-10-07 12:35:36.661 WARN   Wiring.write_wire_scope: net not found
2026-10-07 12:35:36.661 WARN   Wiring.write_wire_scope: net not found
2026-10-07 12:35:36.661 WARN   Wiring.write_wire_scope: net not found
2026-10-07 12:35:36.661 WARN   Wiring.write_wire_scope: net not found
2026-10-07 12:35:36.661 WARN   Wiring.write_wire_scope: net not found
2026-10-07 12:35:36.661 WARN   Wiring.write_wire_scope: net not found
2026-10-07 12:35:36.661 WARN   Wiring.write_wire_scope: net not found
2026-10-07 12:35:36.661 WARN   Wiring.write_wire_scope: net not found
2026-10-07 12:35:36.661 WARN   Wiring.write_wire_scope: net not found
2026-10-07 12:35:36.661 WARN   Wiring.write_wire_scope: net not found
2026-10-07 12:35:36.661 WARN   Wiring.write_wire_scope: net not found
2026-10-07 12:35:36.661 WARN   Wiring.write_wire_scope: net not found
2026-10-07 12:35:36.661 WARN   Wiring.write_wire_scope: net not found
2026-10-07 12:35:36.661 WARN   Wiring.write_wire_scope: net not found
2026-10-07 12:35:36.661 WARN   Wiring.write_wire_scope: net not found
2026-10-07 12:35:36.661 WARN   Wiring.write_wire_scope: net not found
2026-10-07 12:35:36.661 WARN   Wiring.write_wire_scope: net not found
2026-10-07 12:35:36.661 WARN   Wiring.write_wire_scope: net not found
2026-10-07 12:35:36.719 WARN   Design Warning: Board has 398 pre-existing clearance violation(s) in the loaded design (before routing):
  - 398 unfixable violation(s) (cannot be resolved by Freerouting):
      * 12 pin-to-pin clearance violations (first 5 shown):
          - Q103.9 <-> Q103.8
          - Q103.9 <-> Q103.7
          - Q103.9 <-> Q103.6
          - Q103.9 <-> Q103.5
          - U25.21 <-> U25.20
          ... and 7 more
      * 386 fixed trace/via clearance violations (first 5 shown):
          - FixedTrace#3144 <-> R226.2
          - FixedTrace#3144 <-> U8.9
          - FixedTrace#3143 <-> FixedTrace#3139
          - FixedTrace#3143 <-> FixedTrace#3137
          - FixedTrace#3142 <-> FixedTrace#3141
          ... and 381 more
  - 0 potentially fixable violations
Notice: Freerouting does not modify component placement, board outlines, or fixed items.
Resolving these 398 unfixable violation(s) is the responsibility of the board author in their EDA tool (e.g. KiCad).
2026-10-07 12:35:36.750 INFO   [7E698B\8BA015] Pipeline thread limits: autorouter pass is single-threaded, optimizer.max_threads=23.
2026-10-07 12:35:36.828 INFO   [7E698B\8BA015] Fanout stage started on board '8c6c7b9609b03ca55b6a04ea9c20eeb4' with 26 of 1066 SMD pins needing fanout (0 already connected, 1040 netless).
2026-10-07 12:35:36.881 WARN   Wiring.write_wire_scope: net not found
2026-10-07 12:35:36.881 WARN   Wiring.write_wire_scope: net not found
2026-10-07 12:35:36.881 WARN   Wiring.write_wire_scope: net not found
2026-10-07 12:35:36.881 WARN   Wiring.write_wire_scope: net not found
2026-10-07 12:35:36.881 WARN   Wiring.write_wire_scope: net not found
2026-10-07 12:35:36.881 WARN   Wiring.write_wire_scope: net not found
2026-10-07 12:35:36.881 WARN   Wiring.write_wire_scope: net not found
2026-10-07 12:35:36.881 WARN   Wiring.write_wire_scope: net not found
2026-10-07 12:35:36.881 WARN   Wiring.write_wire_scope: net not found
2026-10-07 12:35:36.881 WARN   Wiring.write_wire_scope: net not found
2026-10-07 12:35:36.881 WARN   Wiring.write_wire_scope: net not found
2026-10-07 12:35:36.881 WARN   Wiring.write_wire_scope: net not found
2026-10-07 12:35:36.881 WARN   Wiring.write_wire_scope: net not found
2026-10-07 12:35:36.881 WARN   Wiring.write_wire_scope: net not found
2026-10-07 12:35:36.881 WARN   Wiring.write_wire_scope: net not found
2026-10-07 12:35:36.881 WARN   Wiring.write_wire_scope: net not found
2026-10-07 12:35:36.881 WARN   Wiring.write_wire_scope: net not found
2026-10-07 12:35:36.881 WARN   Wiring.write_wire_scope: net not found
2026-10-07 12:35:36.881 WARN   Wiring.write_wire_scope: net not found
2026-10-07 12:35:36.881 WARN   Wiring.write_wire_scope: net not found
2026-10-07 12:35:36.881 WARN   Wiring.write_wire_scope: net not found
2026-10-07 12:35:36.881 WARN   Wiring.write_wire_scope: net not found
2026-10-07 12:35:36.881 WARN   Wiring.write_wire_scope: net not found
2026-10-07 12:35:36.881 WARN   Wiring.write_wire_scope: net not found
2026-10-07 12:35:36.881 WARN   Wiring.write_wire_scope: net not found
2026-10-07 12:35:36.881 WARN   Wiring.write_wire_scope: net not found
2026-10-07 12:35:36.881 WARN   Wiring.write_wire_scope: net not found
2026-10-07 12:35:36.881 WARN   Wiring.write_wire_scope: net not found
2026-10-07 12:35:36.881 WARN   Wiring.write_wire_scope: net not found
2026-10-07 12:35:36.881 WARN   Wiring.write_wire_scope: net not found
2026-10-07 12:35:36.881 WARN   Wiring.write_wire_scope: net not found
2026-10-07 12:35:36.881 WARN   Wiring.write_wire_scope: net not found
2026-10-07 12:35:36.882 WARN   Wiring.write_wire_scope: net not found
2026-10-07 12:35:36.882 WARN   Wiring.write_wire_scope: net not found
2026-10-07 12:35:36.882 WARN   Wiring.write_wire_scope: net not found
2026-10-07 12:35:36.882 WARN   Wiring.write_wire_scope: net not found
2026-10-07 12:35:36.882 WARN   Wiring.write_wire_scope: net not found
2026-10-07 12:35:36.882 WARN   Wiring.write_wire_scope: net not found
2026-10-07 12:35:36.882 WARN   Wiring.write_wire_scope: net not found
2026-10-07 12:35:36.882 WARN   Wiring.write_wire_scope: net not found
2026-10-07 12:35:36.882 WARN   Wiring.write_wire_scope: net not found
2026-10-07 12:35:36.882 WARN   Wiring.write_wire_scope: net not found
2026-10-07 12:35:36.882 WARN   Wiring.write_wire_scope: net not found
2026-10-07 12:35:36.882 WARN   Wiring.write_wire_scope: net not found
2026-10-07 12:35:36.882 WARN   Wiring.write_wire_scope: net not found
2026-10-07 12:35:36.882 WARN   Wiring.write_wire_scope: net not found
2026-10-07 12:35:36.882 WARN   Wiring.write_wire_scope: net not found
2026-10-07 12:35:36.882 WARN   Wiring.write_wire_scope: net not found
2026-10-07 12:35:36.882 WARN   Wiring.write_wire_scope: net not found
2026-10-07 12:35:36.882 WARN   Wiring.write_wire_scope: net not found
2026-10-07 12:35:36.882 WARN   Wiring.write_wire_scope: net not found
2026-10-07 12:35:36.882 WARN   Wiring.write_wire_scope: net not found
2026-10-07 12:35:36.882 WARN   Wiring.write_wire_scope: net not found
2026-10-07 12:35:36.882 WARN   Wiring.write_wire_scope: net not found
2026-10-07 12:35:36.882 WARN   Wiring.write_wire_scope: net not found
2026-10-07 12:35:36.882 WARN   Wiring.write_wire_scope: net not found
2026-10-07 12:35:36.882 WARN   Wiring.write_wire_scope: net not found
2026-10-07 12:35:36.882 WARN   Wiring.write_wire_scope: net not found
2026-10-07 12:35:36.882 WARN   Wiring.write_wire_scope: net not found
2026-10-07 12:35:36.882 WARN   Wiring.write_wire_scope: net not found
2026-10-07 12:35:36.882 WARN   Wiring.write_wire_scope: net not found
2026-10-07 12:35:36.882 WARN   Wiring.write_wire_scope: net not found
2026-10-07 12:35:36.882 WARN   Wiring.write_wire_scope: net not found
2026-10-07 12:35:36.882 WARN   Wiring.write_wire_scope: net not found
2026-10-07 12:35:36.882 WARN   Wiring.write_wire_scope: net not found
2026-10-07 12:35:36.882 WARN   Wiring.write_wire_scope: net not found
2026-10-07 12:35:36.882 WARN   Wiring.write_wire_scope: net not found
2026-10-07 12:35:36.882 WARN   Wiring.write_wire_scope: net not found
2026-10-07 12:35:36.882 WARN   Wiring.write_wire_scope: net not found
2026-10-07 12:35:36.882 WARN   Wiring.write_wire_scope: net not found
2026-10-07 12:35:36.882 WARN   Wiring.write_wire_scope: net not found
2026-10-07 12:35:36.882 WARN   Wiring.write_wire_scope: net not found
2026-10-07 12:35:36.882 WARN   Wiring.write_wire_scope: net not found
2026-10-07 12:35:36.882 WARN   Wiring.write_wire_scope: net not found
2026-10-07 12:35:36.882 WARN   Wiring.write_wire_scope: net not found
2026-10-07 12:35:36.882 WARN   Wiring.write_wire_scope: net not found
2026-10-07 12:35:36.882 WARN   Wiring.write_wire_scope: net not found
2026-10-07 12:35:36.882 WARN   Wiring.write_wire_scope: net not found
2026-10-07 12:35:36.882 WARN   Wiring.write_wire_scope: net not found
2026-10-07 12:35:36.882 WARN   Wiring.write_wire_scope: net not found
2026-10-07 12:35:36.882 WARN   Wiring.write_wire_scope: net not found
2026-10-07 12:35:36.882 WARN   Wiring.write_wire_scope: net not found
2026-10-07 12:35:36.882 WARN   Wiring.write_wire_scope: net not found
2026-10-07 12:35:36.882 WARN   Wiring.write_wire_scope: net not found
2026-10-07 12:35:36.882 WARN   Wiring.write_wire_scope: net not found
2026-10-07 12:35:36.882 WARN   Wiring.write_wire_scope: net not found
2026-10-07 12:35:36.882 WARN   Wiring.write_wire_scope: net not found
2026-10-07 12:35:36.882 WARN   Wiring.write_wire_scope: net not found
2026-10-07 12:35:36.882 WARN   Wiring.write_wire_scope: net not found
2026-10-07 12:35:36.882 WARN   Wiring.write_wire_scope: net not found
2026-10-07 12:35:36.882 WARN   Wiring.write_wire_scope: net not found
2026-10-07 12:35:36.882 WARN   Wiring.write_wire_scope: net not found
2026-10-07 12:35:36.882 WARN   Wiring.write_wire_scope: net not found
2026-10-07 12:35:36.882 WARN   Wiring.write_wire_scope: net not found
2026-10-07 12:35:36.882 WARN   Wiring.write_wire_scope: net not found
2026-10-07 12:35:36.882 WARN   Wiring.write_wire_scope: net not found
2026-10-07 12:35:36.882 WARN   Wiring.write_wire_scope: net not found
2026-10-07 12:35:36.882 WARN   Wiring.write_wire_scope: net not found
2026-10-07 12:35:36.882 WARN   Wiring.write_wire_scope: net not found
2026-10-07 12:35:36.882 WARN   Wiring.write_wire_scope: net not found
2026-10-07 12:35:36.882 WARN   Wiring.write_wire_scope: net not found
2026-10-07 12:35:36.882 WARN   Wiring.write_wire_scope: net not found
2026-10-07 12:35:36.882 WARN   Wiring.write_wire_scope: net not found
2026-10-07 12:35:36.882 WARN   Wiring.write_wire_scope: net not found
2026-10-07 12:35:36.882 WARN   Wiring.write_wire_scope: net not found
2026-10-07 12:35:36.882 WARN   Wiring.write_wire_scope: net not found
2026-10-07 12:35:36.882 WARN   Wiring.write_wire_scope: net not found
2026-10-07 12:35:36.882 WARN   Wiring.write_wire_scope: net not found
2026-10-07 12:35:36.882 WARN   Wiring.write_wire_scope: net not found
2026-10-07 12:35:36.882 WARN   Wiring.write_wire_scope: net not found
2026-10-07 12:35:36.883 WARN   Wiring.write_wire_scope: net not found
2026-10-07 12:35:36.883 WARN   Wiring.write_wire_scope: net not found
2026-10-07 12:35:36.883 WARN   Wiring.write_wire_scope: net not found
2026-10-07 12:35:36.883 WARN   Wiring.write_wire_scope: net not found
2026-10-07 12:35:36.883 WARN   Wiring.write_wire_scope: net not found
2026-10-07 12:35:36.883 WARN   Wiring.write_wire_scope: net not found
2026-10-07 12:35:36.883 WARN   Wiring.write_wire_scope: net not found
2026-10-07 12:35:36.883 WARN   Wiring.write_wire_scope: net not found
2026-10-07 12:35:36.883 WARN   Wiring.write_wire_scope: net not found
2026-10-07 12:35:36.883 WARN   Wiring.write_wire_scope: net not found
2026-10-07 12:35:36.883 WARN   Wiring.write_wire_scope: net not found
2026-10-07 12:35:36.883 WARN   Wiring.write_wire_scope: net not found
2026-10-07 12:35:36.883 WARN   Wiring.write_wire_scope: net not found
2026-10-07 12:35:36.883 WARN   Wiring.write_wire_scope: net not found
2026-10-07 12:35:36.883 WARN   Wiring.write_wire_scope: net not found
2026-10-07 12:35:36.883 WARN   Wiring.write_wire_scope: net not found
2026-10-07 12:35:36.883 WARN   Wiring.write_wire_scope: net not found
2026-10-07 12:35:36.883 WARN   Wiring.write_wire_scope: net not found
2026-10-07 12:35:36.883 WARN   Wiring.write_wire_scope: net not found
2026-10-07 12:35:36.883 WARN   Wiring.write_wire_scope: net not found
2026-10-07 12:35:36.883 WARN   Wiring.write_wire_scope: net not found
2026-10-07 12:35:36.883 WARN   Wiring.write_wire_scope: net not found
2026-10-07 12:35:36.883 WARN   Wiring.write_wire_scope: net not found
2026-10-07 12:35:36.883 WARN   Wiring.write_wire_scope: net not found
2026-10-07 12:35:36.883 WARN   Wiring.write_wire_scope: net not found
2026-10-07 12:35:36.883 WARN   Wiring.write_wire_scope: net not found
2026-10-07 12:35:36.883 WARN   Wiring.write_wire_scope: net not found
2026-10-07 12:35:36.883 WARN   Wiring.write_wire_scope: net not found
2026-10-07 12:35:36.883 WARN   Wiring.write_wire_scope: net not found
2026-10-07 12:35:36.883 WARN   Wiring.write_wire_scope: net not found
2026-10-07 12:35:36.883 WARN   Wiring.write_wire_scope: net not found
2026-10-07 12:35:36.883 WARN   Wiring.write_wire_scope: net not found
2026-10-07 12:35:36.883 WARN   Wiring.write_wire_scope: net not found
2026-10-07 12:35:36.883 WARN   Wiring.write_wire_scope: net not found
2026-10-07 12:35:36.883 WARN   Wiring.write_wire_scope: net not found
2026-10-07 12:35:36.883 WARN   Wiring.write_wire_scope: net not found
2026-10-07 12:35:36.883 WARN   Wiring.write_wire_scope: net not found
2026-10-07 12:35:36.883 WARN   Wiring.write_wire_scope: net not found
2026-10-07 12:35:36.883 WARN   Wiring.write_wire_scope: net not found
2026-10-07 12:35:36.883 WARN   Wiring.write_wire_scope: net not found
2026-10-07 12:35:36.883 WARN   Wiring.write_wire_scope: net not found
2026-10-07 12:35:36.883 WARN   Wiring.write_wire_scope: net not found
2026-10-07 12:35:36.883 WARN   Wiring.write_wire_scope: net not found
2026-10-07 12:35:36.883 WARN   Wiring.write_wire_scope: net not found
2026-10-07 12:35:36.883 WARN   Wiring.write_wire_scope: net not found
2026-10-07 12:35:36.883 WARN   Wiring.write_wire_scope: net not found
2026-10-07 12:35:36.883 WARN   Wiring.write_wire_scope: net not found
2026-10-07 12:35:36.883 WARN   Wiring.write_wire_scope: net not found
2026-10-07 12:35:36.883 WARN   Wiring.write_wire_scope: net not found
2026-10-07 12:35:36.883 WARN   Wiring.write_wire_scope: net not found
2026-10-07 12:35:36.883 WARN   Wiring.write_wire_scope: net not found
2026-10-07 12:35:36.883 WARN   Wiring.write_wire_scope: net not found
2026-10-07 12:35:36.883 WARN   Wiring.write_wire_scope: net not found
2026-10-07 12:35:36.883 WARN   Wiring.write_wire_scope: net not found
2026-10-07 12:35:36.883 WARN   Wiring.write_wire_scope: net not found
2026-10-07 12:35:36.883 WARN   Wiring.write_wire_scope: net not found
2026-10-07 12:35:36.883 WARN   Wiring.write_wire_scope: net not found
2026-10-07 12:35:36.883 WARN   Wiring.write_wire_scope: net not found
2026-10-07 12:35:36.883 WARN   Wiring.write_wire_scope: net not found
2026-10-07 12:35:36.883 WARN   Wiring.write_wire_scope: net not found
2026-10-07 12:35:36.883 WARN   Wiring.write_wire_scope: net not found
2026-10-07 12:35:36.883 WARN   Wiring.write_wire_scope: net not found
2026-10-07 12:35:36.883 WARN   Wiring.write_wire_scope: net not found
2026-10-07 12:35:36.883 WARN   Wiring.write_wire_scope: net not found
2026-10-07 12:35:36.883 WARN   Wiring.write_wire_scope: net not found
2026-10-07 12:35:36.883 WARN   Wiring.write_wire_scope: net not found
2026-10-07 12:35:36.883 WARN   Wiring.write_wire_scope: net not found
2026-10-07 12:35:36.883 WARN   Wiring.write_wire_scope: net not found
2026-10-07 12:35:36.883 WARN   Wiring.write_wire_scope: net not found
2026-10-07 12:35:36.883 WARN   Wiring.write_wire_scope: net not found
2026-10-07 12:35:36.883 WARN   Wiring.write_wire_scope: net not found
2026-10-07 12:35:36.883 WARN   Wiring.write_wire_scope: net not found
2026-10-07 12:35:36.883 WARN   Wiring.write_wire_scope: net not found
2026-10-07 12:35:36.883 WARN   Wiring.write_wire_scope: net not found
2026-10-07 12:35:36.883 WARN   Wiring.write_wire_scope: net not found
2026-10-07 12:35:36.883 WARN   Wiring.write_wire_scope: net not found
2026-10-07 12:35:36.883 WARN   Wiring.write_wire_scope: net not found
2026-10-07 12:35:36.883 WARN   Wiring.write_wire_scope: net not found
2026-10-07 12:35:36.883 WARN   Wiring.write_wire_scope: net not found
2026-10-07 12:35:36.883 WARN   Wiring.write_wire_scope: net not found
2026-10-07 12:35:36.883 WARN   Wiring.write_wire_scope: net not found
2026-10-07 12:35:36.883 WARN   Wiring.write_wire_scope: net not found
2026-10-07 12:35:36.883 WARN   Wiring.write_wire_scope: net not found
2026-10-07 12:35:36.883 WARN   Wiring.write_wire_scope: net not found
2026-10-07 12:35:37.004 WARN   Wiring.write_wire_scope: net not found
2026-10-07 12:35:37.004 WARN   Wiring.write_wire_scope: net not found
2026-10-07 12:35:37.004 WARN   Wiring.write_wire_scope: net not found
2026-10-07 12:35:37.004 WARN   Wiring.write_wire_scope: net not found
2026-10-07 12:35:37.004 WARN   Wiring.write_wire_scope: net not found
2026-10-07 12:35:37.004 WARN   Wiring.write_wire_scope: net not found
2026-10-07 12:35:37.004 WARN   Wiring.write_wire_scope: net not found
2026-10-07 12:35:37.004 WARN   Wiring.write_wire_scope: net not found
2026-10-07 12:35:37.004 WARN   Wiring.write_wire_scope: net not found
2026-10-07 12:35:37.004 WARN   Wiring.write_wire_scope: net not found
2026-10-07 12:35:37.004 WARN   Wiring.write_wire_scope: net not found
2026-10-07 12:35:37.004 WARN   Wiring.write_wire_scope: net not found
2026-10-07 12:35:37.004 WARN   Wiring.write_wire_scope: net not found
2026-10-07 12:35:37.004 WARN   Wiring.write_wire_scope: net not found
2026-10-07 12:35:37.004 WARN   Wiring.write_wire_scope: net not found
2026-10-07 12:35:37.004 WARN   Wiring.write_wire_scope: net not found
2026-10-07 12:35:37.004 WARN   Wiring.write_wire_scope: net not found
2026-10-07 12:35:37.004 WARN   Wiring.write_wire_scope: net not found
2026-10-07 12:35:37.004 WARN   Wiring.write_wire_scope: net not found
2026-10-07 12:35:37.004 WARN   Wiring.write_wire_scope: net not found
2026-10-07 12:35:37.004 WARN   Wiring.write_wire_scope: net not found
2026-10-07 12:35:37.004 WARN   Wiring.write_wire_scope: net not found
2026-10-07 12:35:37.004 WARN   Wiring.write_wire_scope: net not found
2026-10-07 12:35:37.004 WARN   Wiring.write_wire_scope: net not found
2026-10-07 12:35:37.004 WARN   Wiring.write_wire_scope: net not found
2026-10-07 12:35:37.004 WARN   Wiring.write_wire_scope: net not found
2026-10-07 12:35:37.004 WARN   Wiring.write_wire_scope: net not found
2026-10-07 12:35:37.004 WARN   Wiring.write_wire_scope: net not found
2026-10-07 12:35:37.004 WARN   Wiring.write_wire_scope: net not found
2026-10-07 12:35:37.004 WARN   Wiring.write_wire_scope: net not found
2026-10-07 12:35:37.004 WARN   Wiring.write_wire_scope: net not found
2026-10-07 12:35:37.004 WARN   Wiring.write_wire_scope: net not found
2026-10-07 12:35:37.004 WARN   Wiring.write_wire_scope: net not found
2026-10-07 12:35:37.004 WARN   Wiring.write_wire_scope: net not found
2026-10-07 12:35:37.004 WARN   Wiring.write_wire_scope: net not found
2026-10-07 12:35:37.004 WARN   Wiring.write_wire_scope: net not found
2026-10-07 12:35:37.004 WARN   Wiring.write_wire_scope: net not found
2026-10-07 12:35:37.004 WARN   Wiring.write_wire_scope: net not found
2026-10-07 12:35:37.004 WARN   Wiring.write_wire_scope: net not found
2026-10-07 12:35:37.004 WARN   Wiring.write_wire_scope: net not found
2026-10-07 12:35:37.004 WARN   Wiring.write_wire_scope: net not found
2026-10-07 12:35:37.004 WARN   Wiring.write_wire_scope: net not found
2026-10-07 12:35:37.004 WARN   Wiring.write_wire_scope: net not found
2026-10-07 12:35:37.004 WARN   Wiring.write_wire_scope: net not found
2026-10-07 12:35:37.004 WARN   Wiring.write_wire_scope: net not found
2026-10-07 12:35:37.004 WARN   Wiring.write_wire_scope: net not found
2026-10-07 12:35:37.004 WARN   Wiring.write_wire_scope: net not found
2026-10-07 12:35:37.004 WARN   Wiring.write_wire_scope: net not found
2026-10-07 12:35:37.004 WARN   Wiring.write_wire_scope: net not found
2026-10-07 12:35:37.004 WARN   Wiring.write_wire_scope: net not found
2026-10-07 12:35:37.004 WARN   Wiring.write_wire_scope: net not found
2026-10-07 12:35:37.004 WARN   Wiring.write_wire_scope: net not found
2026-10-07 12:35:37.004 WARN   Wiring.write_wire_scope: net not found
2026-10-07 12:35:37.004 WARN   Wiring.write_wire_scope: net not found
2026-10-07 12:35:37.004 WARN   Wiring.write_wire_scope: net not found
2026-10-07 12:35:37.004 WARN   Wiring.write_wire_scope: net not found
2026-10-07 12:35:37.004 WARN   Wiring.write_wire_scope: net not found
2026-10-07 12:35:37.004 WARN   Wiring.write_wire_scope: net not found
2026-10-07 12:35:37.004 WARN   Wiring.write_wire_scope: net not found
2026-10-07 12:35:37.004 WARN   Wiring.write_wire_scope: net not found
2026-10-07 12:35:37.004 WARN   Wiring.write_wire_scope: net not found
2026-10-07 12:35:37.004 WARN   Wiring.write_wire_scope: net not found
2026-10-07 12:35:37.004 WARN   Wiring.write_wire_scope: net not found
2026-10-07 12:35:37.004 WARN   Wiring.write_wire_scope: net not found
2026-10-07 12:35:37.004 WARN   Wiring.write_wire_scope: net not found
2026-10-07 12:35:37.004 WARN   Wiring.write_wire_scope: net not found
2026-10-07 12:35:37.004 WARN   Wiring.write_wire_scope: net not found
2026-10-07 12:35:37.004 WARN   Wiring.write_wire_scope: net not found
2026-10-07 12:35:37.004 WARN   Wiring.write_wire_scope: net not found
2026-10-07 12:35:37.004 WARN   Wiring.write_wire_scope: net not found
2026-10-07 12:35:37.004 WARN   Wiring.write_wire_scope: net not found
2026-10-07 12:35:37.004 WARN   Wiring.write_wire_scope: net not found
2026-10-07 12:35:37.004 WARN   Wiring.write_wire_scope: net not found
2026-10-07 12:35:37.004 WARN   Wiring.write_wire_scope: net not found
2026-10-07 12:35:37.004 WARN   Wiring.write_wire_scope: net not found
2026-10-07 12:35:37.004 WARN   Wiring.write_wire_scope: net not found
2026-10-07 12:35:37.004 WARN   Wiring.write_wire_scope: net not found
2026-10-07 12:35:37.004 WARN   Wiring.write_wire_scope: net not found
2026-10-07 12:35:37.004 WARN   Wiring.write_wire_scope: net not found
2026-10-07 12:35:37.004 WARN   Wiring.write_wire_scope: net not found
2026-10-07 12:35:37.004 WARN   Wiring.write_wire_scope: net not found
2026-10-07 12:35:37.004 WARN   Wiring.write_wire_scope: net not found
2026-10-07 12:35:37.004 WARN   Wiring.write_wire_scope: net not found
2026-10-07 12:35:37.004 WARN   Wiring.write_wire_scope: net not found
2026-10-07 12:35:37.004 WARN   Wiring.write_wire_scope: net not found
2026-10-07 12:35:37.004 WARN   Wiring.write_wire_scope: net not found
2026-10-07 12:35:37.004 WARN   Wiring.write_wire_scope: net not found
2026-10-07 12:35:37.004 WARN   Wiring.write_wire_scope: net not found
2026-10-07 12:35:37.004 WARN   Wiring.write_wire_scope: net not found
2026-10-07 12:35:37.004 WARN   Wiring.write_wire_scope: net not found
2026-10-07 12:35:37.004 WARN   Wiring.write_wire_scope: net not found
2026-10-07 12:35:37.004 WARN   Wiring.write_wire_scope: net not found
2026-10-07 12:35:37.004 WARN   Wiring.write_wire_scope: net not found
2026-10-07 12:35:37.004 WARN   Wiring.write_wire_scope: net not found
2026-10-07 12:35:37.004 WARN   Wiring.write_wire_scope: net not found
2026-10-07 12:35:37.004 WARN   Wiring.write_wire_scope: net not found
2026-10-07 12:35:37.004 WARN   Wiring.write_wire_scope: net not found
2026-10-07 12:35:37.004 WARN   Wiring.write_wire_scope: net not found
2026-10-07 12:35:37.004 WARN   Wiring.write_wire_scope: net not found
2026-10-07 12:35:37.004 WARN   Wiring.write_wire_scope: net not found
2026-10-07 12:35:37.004 WARN   Wiring.write_wire_scope: net not found
2026-10-07 12:35:37.004 WARN   Wiring.write_wire_scope: net not found
2026-10-07 12:35:37.004 WARN   Wiring.write_wire_scope: net not found
2026-10-07 12:35:37.004 WARN   Wiring.write_wire_scope: net not found
2026-10-07 12:35:37.004 WARN   Wiring.write_wire_scope: net not found
2026-10-07 12:35:37.004 WARN   Wiring.write_wire_scope: net not found
2026-10-07 12:35:37.004 WARN   Wiring.write_wire_scope: net not found
2026-10-07 12:35:37.004 WARN   Wiring.write_wire_scope: net not found
2026-10-07 12:35:37.004 WARN   Wiring.write_wire_scope: net not found
2026-10-07 12:35:37.004 WARN   Wiring.write_wire_scope: net not found
2026-10-07 12:35:37.004 WARN   Wiring.write_wire_scope: net not found
2026-10-07 12:35:37.004 WARN   Wiring.write_wire_scope: net not found
2026-10-07 12:35:37.004 WARN   Wiring.write_wire_scope: net not found
2026-10-07 12:35:37.004 WARN   Wiring.write_wire_scope: net not found
2026-10-07 12:35:37.004 WARN   Wiring.write_wire_scope: net not found
2026-10-07 12:35:37.004 WARN   Wiring.write_wire_scope: net not found
2026-10-07 12:35:37.004 WARN   Wiring.write_wire_scope: net not found
2026-10-07 12:35:37.004 WARN   Wiring.write_wire_scope: net not found
2026-10-07 12:35:37.004 WARN   Wiring.write_wire_scope: net not found
2026-10-07 12:35:37.004 WARN   Wiring.write_wire_scope: net not found
2026-10-07 12:35:37.004 WARN   Wiring.write_wire_scope: net not found
2026-10-07 12:35:37.004 WARN   Wiring.write_wire_scope: net not found
2026-10-07 12:35:37.004 WARN   Wiring.write_wire_scope: net not found
2026-10-07 12:35:37.004 WARN   Wiring.write_wire_scope: net not found
2026-10-07 12:35:37.004 WARN   Wiring.write_wire_scope: net not found
2026-10-07 12:35:37.004 WARN   Wiring.write_wire_scope: net not found
2026-10-07 12:35:37.004 WARN   Wiring.write_wire_scope: net not found
2026-10-07 12:35:37.004 WARN   Wiring.write_wire_scope: net not found
2026-10-07 12:35:37.004 WARN   Wiring.write_wire_scope: net not found
2026-10-07 12:35:37.004 WARN   Wiring.write_wire_scope: net not found
2026-10-07 12:35:37.005 WARN   Wiring.write_wire_scope: net not found
2026-10-07 12:35:37.005 WARN   Wiring.write_wire_scope: net not found
2026-10-07 12:35:37.005 WARN   Wiring.write_wire_scope: net not found
2026-10-07 12:35:37.005 WARN   Wiring.write_wire_scope: net not found
2026-10-07 12:35:37.005 WARN   Wiring.write_wire_scope: net not found
2026-10-07 12:35:37.005 WARN   Wiring.write_wire_scope: net not found
2026-10-07 12:35:37.005 WARN   Wiring.write_wire_scope: net not found
2026-10-07 12:35:37.005 WARN   Wiring.write_wire_scope: net not found
2026-10-07 12:35:37.005 WARN   Wiring.write_wire_scope: net not found
2026-10-07 12:35:37.005 WARN   Wiring.write_wire_scope: net not found
2026-10-07 12:35:37.005 WARN   Wiring.write_wire_scope: net not found
2026-10-07 12:35:37.005 WARN   Wiring.write_wire_scope: net not found
2026-10-07 12:35:37.005 WARN   Wiring.write_wire_scope: net not found
2026-10-07 12:35:37.005 WARN   Wiring.write_wire_scope: net not found
2026-10-07 12:35:37.005 WARN   Wiring.write_wire_scope: net not found
2026-10-07 12:35:37.005 WARN   Wiring.write_wire_scope: net not found
2026-10-07 12:35:37.005 WARN   Wiring.write_wire_scope: net not found
2026-10-07 12:35:37.005 WARN   Wiring.write_wire_scope: net not found
2026-10-07 12:35:37.005 WARN   Wiring.write_wire_scope: net not found
2026-10-07 12:35:37.005 WARN   Wiring.write_wire_scope: net not found
2026-10-07 12:35:37.005 WARN   Wiring.write_wire_scope: net not found
2026-10-07 12:35:37.005 WARN   Wiring.write_wire_scope: net not found
2026-10-07 12:35:37.005 WARN   Wiring.write_wire_scope: net not found
2026-10-07 12:35:37.005 WARN   Wiring.write_wire_scope: net not found
2026-10-07 12:35:37.005 WARN   Wiring.write_wire_scope: net not found
2026-10-07 12:35:37.005 WARN   Wiring.write_wire_scope: net not found
2026-10-07 12:35:37.005 WARN   Wiring.write_wire_scope: net not found
2026-10-07 12:35:37.005 WARN   Wiring.write_wire_scope: net not found
2026-10-07 12:35:37.005 WARN   Wiring.write_wire_scope: net not found
2026-10-07 12:35:37.005 WARN   Wiring.write_wire_scope: net not found
2026-10-07 12:35:37.005 WARN   Wiring.write_wire_scope: net not found
2026-10-07 12:35:37.005 WARN   Wiring.write_wire_scope: net not found
2026-10-07 12:35:37.005 WARN   Wiring.write_wire_scope: net not found
2026-10-07 12:35:37.005 WARN   Wiring.write_wire_scope: net not found
2026-10-07 12:35:37.005 WARN   Wiring.write_wire_scope: net not found
2026-10-07 12:35:37.005 WARN   Wiring.write_wire_scope: net not found
2026-10-07 12:35:37.005 WARN   Wiring.write_wire_scope: net not found
2026-10-07 12:35:37.005 WARN   Wiring.write_wire_scope: net not found
2026-10-07 12:35:37.005 WARN   Wiring.write_wire_scope: net not found
2026-10-07 12:35:37.005 WARN   Wiring.write_wire_scope: net not found
2026-10-07 12:35:37.005 WARN   Wiring.write_wire_scope: net not found
2026-10-07 12:35:37.005 WARN   Wiring.write_wire_scope: net not found
2026-10-07 12:35:37.005 WARN   Wiring.write_wire_scope: net not found
2026-10-07 12:35:37.005 WARN   Wiring.write_wire_scope: net not found
2026-10-07 12:35:37.005 WARN   Wiring.write_wire_scope: net not found
2026-10-07 12:35:37.005 WARN   Wiring.write_wire_scope: net not found
2026-10-07 12:35:37.005 WARN   Wiring.write_wire_scope: net not found
2026-10-07 12:35:37.005 WARN   Wiring.write_wire_scope: net not found
2026-10-07 12:35:37.005 WARN   Wiring.write_wire_scope: net not found
2026-10-07 12:35:37.005 WARN   Wiring.write_wire_scope: net not found
2026-10-07 12:35:37.005 WARN   Wiring.write_wire_scope: net not found
2026-10-07 12:35:37.005 WARN   Wiring.write_wire_scope: net not found
2026-10-07 12:35:37.005 WARN   Wiring.write_wire_scope: net not found
2026-10-07 12:35:37.005 WARN   Wiring.write_wire_scope: net not found
2026-10-07 12:35:37.005 WARN   Wiring.write_wire_scope: net not found
2026-10-07 12:35:37.005 WARN   Wiring.write_wire_scope: net not found
2026-10-07 12:35:37.005 WARN   Wiring.write_wire_scope: net not found
2026-10-07 12:35:37.005 WARN   Wiring.write_wire_scope: net not found
2026-10-07 12:35:37.005 WARN   Wiring.write_wire_scope: net not found
2026-10-07 12:35:37.005 WARN   Wiring.write_wire_scope: net not found
2026-10-07 12:35:37.005 WARN   Wiring.write_wire_scope: net not found
2026-10-07 12:35:37.005 WARN   Wiring.write_wire_scope: net not found
2026-10-07 12:35:37.005 WARN   Wiring.write_wire_scope: net not found
2026-10-07 12:35:37.005 WARN   Wiring.write_wire_scope: net not found
2026-10-07 12:35:37.348 WARN   Wiring.write_wire_scope: net not found
2026-10-07 12:35:37.348 WARN   Wiring.write_wire_scope: net not found
2026-10-07 12:35:37.348 WARN   Wiring.write_wire_scope: net not found
2026-10-07 12:35:37.348 WARN   Wiring.write_wire_scope: net not found
2026-10-07 12:35:37.348 WARN   Wiring.write_wire_scope: net not found
2026-10-07 12:35:37.348 WARN   Wiring.write_wire_scope: net not found
2026-10-07 12:35:37.348 WARN   Wiring.write_wire_scope: net not found
2026-10-07 12:35:37.348 WARN   Wiring.write_wire_scope: net not found
2026-10-07 12:35:37.348 WARN   Wiring.write_wire_scope: net not found
2026-10-07 12:35:37.348 WARN   Wiring.write_wire_scope: net not found
2026-10-07 12:35:37.348 WARN   Wiring.write_wire_scope: net not found
2026-10-07 12:35:37.348 WARN   Wiring.write_wire_scope: net not found
2026-10-07 12:35:37.348 WARN   Wiring.write_wire_scope: net not found
2026-10-07 12:35:37.348 WARN   Wiring.write_wire_scope: net not found
2026-10-07 12:35:37.348 WARN   Wiring.write_wire_scope: net not found
2026-10-07 12:35:37.348 WARN   Wiring.write_wire_scope: net not found
2026-10-07 12:35:37.348 WARN   Wiring.write_wire_scope: net not found
2026-10-07 12:35:37.348 WARN   Wiring.write_wire_scope: net not found
2026-10-07 12:35:37.348 WARN   Wiring.write_wire_scope: net not found
2026-10-07 12:35:37.348 WARN   Wiring.write_wire_scope: net not found
2026-10-07 12:35:37.348 WARN   Wiring.write_wire_scope: net not found
2026-10-07 12:35:37.348 WARN   Wiring.write_wire_scope: net not found
2026-10-07 12:35:37.348 WARN   Wiring.write_wire_scope: net not found
2026-10-07 12:35:37.348 WARN   Wiring.write_wire_scope: net not found
2026-10-07 12:35:37.348 WARN   Wiring.write_wire_scope: net not found
2026-10-07 12:35:37.348 WARN   Wiring.write_wire_scope: net not found
2026-10-07 12:35:37.348 WARN   Wiring.write_wire_scope: net not found
2026-10-07 12:35:37.348 WARN   Wiring.write_wire_scope: net not found
2026-10-07 12:35:37.348 WARN   Wiring.write_wire_scope: net not found
2026-10-07 12:35:37.348 WARN   Wiring.write_wire_scope: net not found
2026-10-07 12:35:37.348 WARN   Wiring.write_wire_scope: net not found
2026-10-07 12:35:37.348 WARN   Wiring.write_wire_scope: net not found
2026-10-07 12:35:37.348 WARN   Wiring.write_wire_scope: net not found
2026-10-07 12:35:37.348 WARN   Wiring.write_wire_scope: net not found
2026-10-07 12:35:37.348 WARN   Wiring.write_wire_scope: net not found
2026-10-07 12:35:37.348 WARN   Wiring.write_wire_scope: net not found
2026-10-07 12:35:37.348 WARN   Wiring.write_wire_scope: net not found
2026-10-07 12:35:37.348 WARN   Wiring.write_wire_scope: net not found
2026-10-07 12:35:37.348 WARN   Wiring.write_wire_scope: net not found
2026-10-07 12:35:37.348 WARN   Wiring.write_wire_scope: net not found
2026-10-07 12:35:37.348 WARN   Wiring.write_wire_scope: net not found
2026-10-07 12:35:37.348 WARN   Wiring.write_wire_scope: net not found
2026-10-07 12:35:37.348 WARN   Wiring.write_wire_scope: net not found
2026-10-07 12:35:37.348 WARN   Wiring.write_wire_scope: net not found
2026-10-07 12:35:37.348 WARN   Wiring.write_wire_scope: net not found
2026-10-07 12:35:37.348 WARN   Wiring.write_wire_scope: net not found
2026-10-07 12:35:37.348 WARN   Wiring.write_wire_scope: net not found
2026-10-07 12:35:37.348 WARN   Wiring.write_wire_scope: net not found
2026-10-07 12:35:37.348 WARN   Wiring.write_wire_scope: net not found
2026-10-07 12:35:37.348 WARN   Wiring.write_wire_scope: net not found
2026-10-07 12:35:37.348 WARN   Wiring.write_wire_scope: net not found
2026-10-07 12:35:37.348 WARN   Wiring.write_wire_scope: net not found
2026-10-07 12:35:37.348 WARN   Wiring.write_wire_scope: net not found
2026-10-07 12:35:37.348 WARN   Wiring.write_wire_scope: net not found
2026-10-07 12:35:37.348 WARN   Wiring.write_wire_scope: net not found
2026-10-07 12:35:37.348 WARN   Wiring.write_wire_scope: net not found
2026-10-07 12:35:37.348 WARN   Wiring.write_wire_scope: net not found
2026-10-07 12:35:37.348 WARN   Wiring.write_wire_scope: net not found
2026-10-07 12:35:37.348 WARN   Wiring.write_wire_scope: net not found
2026-10-07 12:35:37.348 WARN   Wiring.write_wire_scope: net not found
2026-10-07 12:35:37.348 WARN   Wiring.write_wire_scope: net not found
2026-10-07 12:35:37.348 WARN   Wiring.write_wire_scope: net not found
2026-10-07 12:35:37.348 WARN   Wiring.write_wire_scope: net not found
2026-10-07 12:35:37.348 WARN   Wiring.write_wire_scope: net not found
2026-10-07 12:35:37.348 WARN   Wiring.write_wire_scope: net not found
2026-10-07 12:35:37.348 WARN   Wiring.write_wire_scope: net not found
2026-10-07 12:35:37.348 WARN   Wiring.write_wire_scope: net not found
2026-10-07 12:35:37.348 WARN   Wiring.write_wire_scope: net not found
2026-10-07 12:35:37.348 WARN   Wiring.write_wire_scope: net not found
2026-10-07 12:35:37.349 WARN   Wiring.write_wire_scope: net not found
2026-10-07 12:35:37.349 WARN   Wiring.write_wire_scope: net not found
2026-10-07 12:35:37.349 WARN   Wiring.write_wire_scope: net not found
2026-10-07 12:35:37.349 WARN   Wiring.write_wire_scope: net not found
2026-10-07 12:35:37.349 WARN   Wiring.write_wire_scope: net not found
2026-10-07 12:35:37.349 WARN   Wiring.write_wire_scope: net not found
2026-10-07 12:35:37.349 WARN   Wiring.write_wire_scope: net not found
2026-10-07 12:35:37.349 WARN   Wiring.write_wire_scope: net not found
2026-10-07 12:35:37.349 WARN   Wiring.write_wire_scope: net not found
2026-10-07 12:35:37.349 WARN   Wiring.write_wire_scope: net not found
2026-10-07 12:35:37.349 WARN   Wiring.write_wire_scope: net not found
2026-10-07 12:35:37.349 WARN   Wiring.write_wire_scope: net not found
2026-10-07 12:35:37.349 WARN   Wiring.write_wire_scope: net not found
2026-10-07 12:35:37.349 WARN   Wiring.write_wire_scope: net not found
2026-10-07 12:35:37.349 WARN   Wiring.write_wire_scope: net not found
2026-10-07 12:35:37.349 WARN   Wiring.write_wire_scope: net not found
2026-10-07 12:35:37.349 WARN   Wiring.write_wire_scope: net not found
2026-10-07 12:35:37.349 WARN   Wiring.write_wire_scope: net not found
2026-10-07 12:35:37.349 WARN   Wiring.write_wire_scope: net not found
2026-10-07 12:35:37.349 WARN   Wiring.write_wire_scope: net not found
2026-10-07 12:35:37.349 WARN   Wiring.write_wire_scope: net not found
2026-10-07 12:35:37.349 WARN   Wiring.write_wire_scope: net not found
2026-10-07 12:35:37.349 WARN   Wiring.write_wire_scope: net not found
2026-10-07 12:35:37.349 WARN   Wiring.write_wire_scope: net not found
2026-10-07 12:35:37.349 WARN   Wiring.write_wire_scope: net not found
2026-10-07 12:35:37.349 WARN   Wiring.write_wire_scope: net not found
2026-10-07 12:35:37.349 WARN   Wiring.write_wire_scope: net not found
2026-10-07 12:35:37.349 WARN   Wiring.write_wire_scope: net not found
2026-10-07 12:35:37.349 WARN   Wiring.write_wire_scope: net not found
2026-10-07 12:35:37.349 WARN   Wiring.write_wire_scope: net not found
2026-10-07 12:35:37.349 WARN   Wiring.write_wire_scope: net not found
2026-10-07 12:35:37.349 WARN   Wiring.write_wire_scope: net not found
2026-10-07 12:35:37.349 WARN   Wiring.write_wire_scope: net not found
2026-10-07 12:35:37.349 WARN   Wiring.write_wire_scope: net not found
2026-10-07 12:35:37.349 WARN   Wiring.write_wire_scope: net not found
2026-10-07 12:35:37.349 WARN   Wiring.write_wire_scope: net not found
2026-10-07 12:35:37.349 WARN   Wiring.write_wire_scope: net not found
2026-10-07 12:35:37.349 WARN   Wiring.write_wire_scope: net not found
2026-10-07 12:35:37.349 WARN   Wiring.write_wire_scope: net not found
2026-10-07 12:35:37.349 WARN   Wiring.write_wire_scope: net not found
2026-10-07 12:35:37.349 WARN   Wiring.write_wire_scope: net not found
2026-10-07 12:35:37.349 WARN   Wiring.write_wire_scope: net not found
2026-10-07 12:35:37.349 WARN   Wiring.write_wire_scope: net not found
2026-10-07 12:35:37.349 WARN   Wiring.write_wire_scope: net not found
2026-10-07 12:35:37.349 WARN   Wiring.write_wire_scope: net not found
2026-10-07 12:35:37.349 WARN   Wiring.write_wire_scope: net not found
2026-10-07 12:35:37.349 WARN   Wiring.write_wire_scope: net not found
2026-10-07 12:35:37.349 WARN   Wiring.write_wire_scope: net not found
2026-10-07 12:35:37.349 WARN   Wiring.write_wire_scope: net not found
2026-10-07 12:35:37.349 WARN   Wiring.write_wire_scope: net not found
2026-10-07 12:35:37.349 WARN   Wiring.write_wire_scope: net not found
2026-10-07 12:35:37.349 WARN   Wiring.write_wire_scope: net not found
2026-10-07 12:35:37.349 WARN   Wiring.write_wire_scope: net not found
2026-10-07 12:35:37.349 WARN   Wiring.write_wire_scope: net not found
2026-10-07 12:35:37.349 WARN   Wiring.write_wire_scope: net not found
2026-10-07 12:35:37.349 WARN   Wiring.write_wire_scope: net not found
2026-10-07 12:35:37.349 WARN   Wiring.write_wire_scope: net not found
2026-10-07 12:35:37.349 WARN   Wiring.write_wire_scope: net not found
2026-10-07 12:35:37.349 WARN   Wiring.write_wire_scope: net not found
2026-10-07 12:35:37.349 WARN   Wiring.write_wire_scope: net not found
2026-10-07 12:35:37.349 WARN   Wiring.write_wire_scope: net not found
2026-10-07 12:35:37.349 WARN   Wiring.write_wire_scope: net not found
2026-10-07 12:35:37.349 WARN   Wiring.write_wire_scope: net not found
2026-10-07 12:35:37.349 WARN   Wiring.write_wire_scope: net not found
2026-10-07 12:35:37.349 WARN   Wiring.write_wire_scope: net not found
2026-10-07 12:35:37.349 WARN   Wiring.write_wire_scope: net not found
2026-10-07 12:35:37.349 WARN   Wiring.write_wire_scope: net not found
2026-10-07 12:35:37.349 WARN   Wiring.write_wire_scope: net not found
2026-10-07 12:35:37.349 WARN   Wiring.write_wire_scope: net not found
2026-10-07 12:35:37.349 WARN   Wiring.write_wire_scope: net not found
2026-10-07 12:35:37.349 WARN   Wiring.write_wire_scope: net not found
2026-10-07 12:35:37.349 WARN   Wiring.write_wire_scope: net not found
2026-10-07 12:35:37.349 WARN   Wiring.write_wire_scope: net not found
2026-10-07 12:35:37.349 WARN   Wiring.write_wire_scope: net not found
2026-10-07 12:35:37.349 WARN   Wiring.write_wire_scope: net not found
2026-10-07 12:35:37.349 WARN   Wiring.write_wire_scope: net not found
2026-10-07 12:35:37.349 WARN   Wiring.write_wire_scope: net not found
2026-10-07 12:35:37.349 WARN   Wiring.write_wire_scope: net not found
2026-10-07 12:35:37.349 WARN   Wiring.write_wire_scope: net not found
2026-10-07 12:35:37.349 WARN   Wiring.write_wire_scope: net not found
2026-10-07 12:35:37.349 WARN   Wiring.write_wire_scope: net not found
2026-10-07 12:35:37.349 WARN   Wiring.write_wire_scope: net not found
2026-10-07 12:35:37.349 WARN   Wiring.write_wire_scope: net not found
2026-10-07 12:35:37.349 WARN   Wiring.write_wire_scope: net not found
2026-10-07 12:35:37.349 WARN   Wiring.write_wire_scope: net not found
2026-10-07 12:35:37.349 WARN   Wiring.write_wire_scope: net not found
2026-10-07 12:35:37.349 WARN   Wiring.write_wire_scope: net not found
2026-10-07 12:35:37.349 WARN   Wiring.write_wire_scope: net not found
2026-10-07 12:35:37.349 WARN   Wiring.write_wire_scope: net not found
2026-10-07 12:35:37.349 WARN   Wiring.write_wire_scope: net not found
2026-10-07 12:35:37.349 WARN   Wiring.write_wire_scope: net not found
2026-10-07 12:35:37.349 WARN   Wiring.write_wire_scope: net not found
2026-10-07 12:35:37.349 WARN   Wiring.write_wire_scope: net not found
2026-10-07 12:35:37.349 WARN   Wiring.write_wire_scope: net not found
2026-10-07 12:35:37.349 WARN   Wiring.write_wire_scope: net not found
2026-10-07 12:35:37.349 WARN   Wiring.write_wire_scope: net not found
2026-10-07 12:35:37.349 WARN   Wiring.write_wire_scope: net not found
2026-10-07 12:35:37.349 WARN   Wiring.write_wire_scope: net not found
2026-10-07 12:35:37.349 WARN   Wiring.write_wire_scope: net not found
2026-10-07 12:35:37.349 WARN   Wiring.write_wire_scope: net not found
2026-10-07 12:35:37.349 WARN   Wiring.write_wire_scope: net not found
2026-10-07 12:35:37.349 WARN   Wiring.write_wire_scope: net not found
2026-10-07 12:35:37.349 WARN   Wiring.write_wire_scope: net not found
2026-10-07 12:35:37.349 WARN   Wiring.write_wire_scope: net not found
2026-10-07 12:35:37.349 WARN   Wiring.write_wire_scope: net not found
2026-10-07 12:35:37.349 WARN   Wiring.write_wire_scope: net not found
2026-10-07 12:35:37.349 WARN   Wiring.write_wire_scope: net not found
2026-10-07 12:35:37.349 WARN   Wiring.write_wire_scope: net not found
2026-10-07 12:35:37.349 WARN   Wiring.write_wire_scope: net not found
2026-10-07 12:35:37.349 WARN   Wiring.write_wire_scope: net not found
2026-10-07 12:35:37.349 WARN   Wiring.write_wire_scope: net not found
2026-10-07 12:35:37.349 WARN   Wiring.write_wire_scope: net not found
2026-10-07 12:35:37.349 WARN   Wiring.write_wire_scope: net not found
2026-10-07 12:35:37.349 WARN   Wiring.write_wire_scope: net not found
2026-10-07 12:35:37.349 WARN   Wiring.write_wire_scope: net not found
2026-10-07 12:35:37.349 WARN   Wiring.write_wire_scope: net not found
2026-10-07 12:35:37.349 WARN   Wiring.write_wire_scope: net not found
2026-10-07 12:35:37.349 WARN   Wiring.write_wire_scope: net not found
2026-10-07 12:35:37.349 WARN   Wiring.write_wire_scope: net not found
2026-10-07 12:35:37.349 WARN   Wiring.write_wire_scope: net not found
2026-10-07 12:35:37.349 WARN   Wiring.write_wire_scope: net not found
2026-10-07 12:35:37.349 WARN   Wiring.write_wire_scope: net not found
2026-10-07 12:35:37.349 WARN   Wiring.write_wire_scope: net not found
2026-10-07 12:35:37.349 WARN   Wiring.write_wire_scope: net not found
2026-10-07 12:35:37.349 WARN   Wiring.write_wire_scope: net not found
2026-10-07 12:35:37.358 INFO   [7E698B\8BA015] Fanout pass #1 on board 'bf51aa18c3e373bf19616d476d0df330' completed in 0.48 seconds with 7 SMD pins fanouted, 19 not routed, 0 insert errors, +0 extra vias (0 SMD pins still to check in pass, ripup costs=100).
2026-10-07 12:35:37.392 WARN   Wiring.write_wire_scope: net not found
2026-10-07 12:35:37.392 WARN   Wiring.write_wire_scope: net not found
2026-10-07 12:35:37.392 WARN   Wiring.write_wire_scope: net not found
2026-10-07 12:35:37.392 WARN   Wiring.write_wire_scope: net not found
2026-10-07 12:35:37.392 WARN   Wiring.write_wire_scope: net not found
2026-10-07 12:35:37.392 WARN   Wiring.write_wire_scope: net not found
2026-10-07 12:35:37.392 WARN   Wiring.write_wire_scope: net not found
2026-10-07 12:35:37.392 WARN   Wiring.write_wire_scope: net not found
2026-10-07 12:35:37.392 WARN   Wiring.write_wire_scope: net not found
2026-10-07 12:35:37.392 WARN   Wiring.write_wire_scope: net not found
2026-10-07 12:35:37.392 WARN   Wiring.write_wire_scope: net not found
2026-10-07 12:35:37.392 WARN   Wiring.write_wire_scope: net not found
2026-10-07 12:35:37.392 WARN   Wiring.write_wire_scope: net not found
2026-10-07 12:35:37.392 WARN   Wiring.write_wire_scope: net not found
2026-10-07 12:35:37.392 WARN   Wiring.write_wire_scope: net not found
2026-10-07 12:35:37.392 WARN   Wiring.write_wire_scope: net not found
2026-10-07 12:35:37.392 WARN   Wiring.write_wire_scope: net not found
2026-10-07 12:35:37.392 WARN   Wiring.write_wire_scope: net not found
2026-10-07 12:35:37.392 WARN   Wiring.write_wire_scope: net not found
2026-10-07 12:35:37.392 WARN   Wiring.write_wire_scope: net not found
2026-10-07 12:35:37.392 WARN   Wiring.write_wire_scope: net not found
2026-10-07 12:35:37.392 WARN   Wiring.write_wire_scope: net not found
2026-10-07 12:35:37.392 WARN   Wiring.write_wire_scope: net not found
2026-10-07 12:35:37.392 WARN   Wiring.write_wire_scope: net not found
2026-10-07 12:35:37.392 WARN   Wiring.write_wire_scope: net not found
2026-10-07 12:35:37.392 WARN   Wiring.write_wire_scope: net not found
2026-10-07 12:35:37.392 WARN   Wiring.write_wire_scope: net not found
2026-10-07 12:35:37.392 WARN   Wiring.write_wire_scope: net not found
2026-10-07 12:35:37.392 WARN   Wiring.write_wire_scope: net not found
2026-10-07 12:35:37.392 WARN   Wiring.write_wire_scope: net not found
2026-10-07 12:35:37.392 WARN   Wiring.write_wire_scope: net not found
2026-10-07 12:35:37.392 WARN   Wiring.write_wire_scope: net not found
2026-10-07 12:35:37.392 WARN   Wiring.write_wire_scope: net not found
2026-10-07 12:35:37.392 WARN   Wiring.write_wire_scope: net not found
2026-10-07 12:35:37.392 WARN   Wiring.write_wire_scope: net not found
2026-10-07 12:35:37.392 WARN   Wiring.write_wire_scope: net not found
2026-10-07 12:35:37.392 WARN   Wiring.write_wire_scope: net not found
2026-10-07 12:35:37.392 WARN   Wiring.write_wire_scope: net not found
2026-10-07 12:35:37.392 WARN   Wiring.write_wire_scope: net not found
2026-10-07 12:35:37.392 WARN   Wiring.write_wire_scope: net not found
2026-10-07 12:35:37.392 WARN   Wiring.write_wire_scope: net not found
2026-10-07 12:35:37.392 WARN   Wiring.write_wire_scope: net not found
2026-10-07 12:35:37.392 WARN   Wiring.write_wire_scope: net not found
2026-10-07 12:35:37.392 WARN   Wiring.write_wire_scope: net not found
2026-10-07 12:35:37.392 WARN   Wiring.write_wire_scope: net not found
2026-10-07 12:35:37.392 WARN   Wiring.write_wire_scope: net not found
2026-10-07 12:35:37.392 WARN   Wiring.write_wire_scope: net not found
2026-10-07 12:35:37.392 WARN   Wiring.write_wire_scope: net not found
2026-10-07 12:35:37.392 WARN   Wiring.write_wire_scope: net not found
2026-10-07 12:35:37.392 WARN   Wiring.write_wire_scope: net not found
2026-10-07 12:35:37.392 WARN   Wiring.write_wire_scope: net not found
2026-10-07 12:35:37.392 WARN   Wiring.write_wire_scope: net not found
2026-10-07 12:35:37.392 WARN   Wiring.write_wire_scope: net not found
2026-10-07 12:35:37.392 WARN   Wiring.write_wire_scope: net not found
2026-10-07 12:35:37.392 WARN   Wiring.write_wire_scope: net not found
2026-10-07 12:35:37.392 WARN   Wiring.write_wire_scope: net not found
2026-10-07 12:35:37.392 WARN   Wiring.write_wire_scope: net not found
2026-10-07 12:35:37.392 WARN   Wiring.write_wire_scope: net not found
2026-10-07 12:35:37.392 WARN   Wiring.write_wire_scope: net not found
2026-10-07 12:35:37.392 WARN   Wiring.write_wire_scope: net not found
2026-10-07 12:35:37.392 WARN   Wiring.write_wire_scope: net not found
2026-10-07 12:35:37.392 WARN   Wiring.write_wire_scope: net not found
2026-10-07 12:35:37.392 WARN   Wiring.write_wire_scope: net not found
2026-10-07 12:35:37.392 WARN   Wiring.write_wire_scope: net not found
2026-10-07 12:35:37.392 WARN   Wiring.write_wire_scope: net not found
2026-10-07 12:35:37.392 WARN   Wiring.write_wire_scope: net not found
2026-10-07 12:35:37.392 WARN   Wiring.write_wire_scope: net not found
2026-10-07 12:35:37.392 WARN   Wiring.write_wire_scope: net not found
2026-10-07 12:35:37.392 WARN   Wiring.write_wire_scope: net not found
2026-10-07 12:35:37.392 WARN   Wiring.write_wire_scope: net not found
2026-10-07 12:35:37.392 WARN   Wiring.write_wire_scope: net not found
2026-10-07 12:35:37.392 WARN   Wiring.write_wire_scope: net not found
2026-10-07 12:35:37.392 WARN   Wiring.write_wire_scope: net not found
2026-10-07 12:35:37.392 WARN   Wiring.write_wire_scope: net not found
2026-10-07 12:35:37.392 WARN   Wiring.write_wire_scope: net not found
2026-10-07 12:35:37.393 WARN   Wiring.write_wire_scope: net not found
2026-10-07 12:35:37.393 WARN   Wiring.write_wire_scope: net not found
2026-10-07 12:35:37.393 WARN   Wiring.write_wire_scope: net not found
2026-10-07 12:35:37.393 WARN   Wiring.write_wire_scope: net not found
2026-10-07 12:35:37.393 WARN   Wiring.write_wire_scope: net not found
2026-10-07 12:35:37.393 WARN   Wiring.write_wire_scope: net not found
2026-10-07 12:35:37.393 WARN   Wiring.write_wire_scope: net not found
2026-10-07 12:35:37.393 WARN   Wiring.write_wire_scope: net not found
2026-10-07 12:35:37.393 WARN   Wiring.write_wire_scope: net not found
2026-10-07 12:35:37.393 WARN   Wiring.write_wire_scope: net not found
2026-10-07 12:35:37.393 WARN   Wiring.write_wire_scope: net not found
2026-10-07 12:35:37.393 WARN   Wiring.write_wire_scope: net not found
2026-10-07 12:35:37.393 WARN   Wiring.write_wire_scope: net not found
2026-10-07 12:35:37.393 WARN   Wiring.write_wire_scope: net not found
2026-10-07 12:35:37.393 WARN   Wiring.write_wire_scope: net not found
2026-10-07 12:35:37.393 WARN   Wiring.write_wire_scope: net not found
2026-10-07 12:35:37.393 WARN   Wiring.write_wire_scope: net not found
2026-10-07 12:35:37.393 WARN   Wiring.write_wire_scope: net not found
2026-10-07 12:35:37.393 WARN   Wiring.write_wire_scope: net not found
2026-10-07 12:35:37.393 WARN   Wiring.write_wire_scope: net not found
2026-10-07 12:35:37.393 WARN   Wiring.write_wire_scope: net not found
2026-10-07 12:35:37.393 WARN   Wiring.write_wire_scope: net not found
2026-10-07 12:35:37.393 WARN   Wiring.write_wire_scope: net not found
2026-10-07 12:35:37.393 WARN   Wiring.write_wire_scope: net not found
2026-10-07 12:35:37.393 WARN   Wiring.write_wire_scope: net not found
2026-10-07 12:35:37.393 WARN   Wiring.write_wire_scope: net not found
2026-10-07 12:35:37.393 WARN   Wiring.write_wire_scope: net not found
2026-10-07 12:35:37.393 WARN   Wiring.write_wire_scope: net not found
2026-10-07 12:35:37.393 WARN   Wiring.write_wire_scope: net not found
2026-10-07 12:35:37.393 WARN   Wiring.write_wire_scope: net not found
2026-10-07 12:35:37.393 WARN   Wiring.write_wire_scope: net not found
2026-10-07 12:35:37.393 WARN   Wiring.write_wire_scope: net not found
2026-10-07 12:35:37.393 WARN   Wiring.write_wire_scope: net not found
2026-10-07 12:35:37.393 WARN   Wiring.write_wire_scope: net not found
2026-10-07 12:35:37.393 WARN   Wiring.write_wire_scope: net not found
2026-10-07 12:35:37.393 WARN   Wiring.write_wire_scope: net not found
2026-10-07 12:35:37.393 WARN   Wiring.write_wire_scope: net not found
2026-10-07 12:35:37.393 WARN   Wiring.write_wire_scope: net not found
2026-10-07 12:35:37.393 WARN   Wiring.write_wire_scope: net not found
2026-10-07 12:35:37.393 WARN   Wiring.write_wire_scope: net not found
2026-10-07 12:35:37.393 WARN   Wiring.write_wire_scope: net not found
2026-10-07 12:35:37.393 WARN   Wiring.write_wire_scope: net not found
2026-10-07 12:35:37.393 WARN   Wiring.write_wire_scope: net not found
2026-10-07 12:35:37.393 WARN   Wiring.write_wire_scope: net not found
2026-10-07 12:35:37.393 WARN   Wiring.write_wire_scope: net not found
2026-10-07 12:35:37.393 WARN   Wiring.write_wire_scope: net not found
2026-10-07 12:35:37.393 WARN   Wiring.write_wire_scope: net not found
2026-10-07 12:35:37.393 WARN   Wiring.write_wire_scope: net not found
2026-10-07 12:35:37.393 WARN   Wiring.write_wire_scope: net not found
2026-10-07 12:35:37.393 WARN   Wiring.write_wire_scope: net not found
2026-10-07 12:35:37.393 WARN   Wiring.write_wire_scope: net not found
2026-10-07 12:35:37.393 WARN   Wiring.write_wire_scope: net not found
2026-10-07 12:35:37.393 WARN   Wiring.write_wire_scope: net not found
2026-10-07 12:35:37.393 WARN   Wiring.write_wire_scope: net not found
2026-10-07 12:35:37.393 WARN   Wiring.write_wire_scope: net not found
2026-10-07 12:35:37.393 WARN   Wiring.write_wire_scope: net not found
2026-10-07 12:35:37.393 WARN   Wiring.write_wire_scope: net not found
2026-10-07 12:35:37.393 WARN   Wiring.write_wire_scope: net not found
2026-10-07 12:35:37.393 WARN   Wiring.write_wire_scope: net not found
2026-10-07 12:35:37.393 WARN   Wiring.write_wire_scope: net not found
2026-10-07 12:35:37.393 WARN   Wiring.write_wire_scope: net not found
2026-10-07 12:35:37.393 WARN   Wiring.write_wire_scope: net not found
2026-10-07 12:35:37.393 WARN   Wiring.write_wire_scope: net not found
2026-10-07 12:35:37.393 WARN   Wiring.write_wire_scope: net not found
2026-10-07 12:35:37.393 WARN   Wiring.write_wire_scope: net not found
2026-10-07 12:35:37.393 WARN   Wiring.write_wire_scope: net not found
2026-10-07 12:35:37.393 WARN   Wiring.write_wire_scope: net not found
2026-10-07 12:35:37.393 WARN   Wiring.write_wire_scope: net not found
2026-10-07 12:35:37.393 WARN   Wiring.write_wire_scope: net not found
2026-10-07 12:35:37.393 WARN   Wiring.write_wire_scope: net not found
2026-10-07 12:35:37.393 WARN   Wiring.write_wire_scope: net not found
2026-10-07 12:35:37.393 WARN   Wiring.write_wire_scope: net not found
2026-10-07 12:35:37.393 WARN   Wiring.write_wire_scope: net not found
2026-10-07 12:35:37.393 WARN   Wiring.write_wire_scope: net not found
2026-10-07 12:35:37.393 WARN   Wiring.write_wire_scope: net not found
2026-10-07 12:35:37.393 WARN   Wiring.write_wire_scope: net not found
2026-10-07 12:35:37.393 WARN   Wiring.write_wire_scope: net not found
2026-10-07 12:35:37.393 WARN   Wiring.write_wire_scope: net not found
2026-10-07 12:35:37.393 WARN   Wiring.write_wire_scope: net not found
2026-10-07 12:35:37.393 WARN   Wiring.write_wire_scope: net not found
2026-10-07 12:35:37.393 WARN   Wiring.write_wire_scope: net not found
2026-10-07 12:35:37.393 WARN   Wiring.write_wire_scope: net not found
2026-10-07 12:35:37.393 WARN   Wiring.write_wire_scope: net not found
2026-10-07 12:35:37.393 WARN   Wiring.write_wire_scope: net not found
2026-10-07 12:35:37.393 WARN   Wiring.write_wire_scope: net not found
2026-10-07 12:35:37.393 WARN   Wiring.write_wire_scope: net not found
2026-10-07 12:35:37.393 WARN   Wiring.write_wire_scope: net not found
2026-10-07 12:35:37.393 WARN   Wiring.write_wire_scope: net not found
2026-10-07 12:35:37.393 WARN   Wiring.write_wire_scope: net not found
2026-10-07 12:35:37.393 WARN   Wiring.write_wire_scope: net not found
2026-10-07 12:35:37.393 WARN   Wiring.write_wire_scope: net not found
2026-10-07 12:35:37.393 WARN   Wiring.write_wire_scope: net not found
2026-10-07 12:35:37.393 WARN   Wiring.write_wire_scope: net not found
2026-10-07 12:35:37.393 WARN   Wiring.write_wire_scope: net not found
2026-10-07 12:35:37.393 WARN   Wiring.write_wire_scope: net not found
2026-10-07 12:35:37.393 WARN   Wiring.write_wire_scope: net not found
2026-10-07 12:35:37.393 WARN   Wiring.write_wire_scope: net not found
2026-10-07 12:35:37.393 WARN   Wiring.write_wire_scope: net not found
2026-10-07 12:35:37.393 WARN   Wiring.write_wire_scope: net not found
2026-10-07 12:35:37.393 WARN   Wiring.write_wire_scope: net not found
2026-10-07 12:35:37.393 WARN   Wiring.write_wire_scope: net not found
2026-10-07 12:35:37.393 WARN   Wiring.write_wire_scope: net not found
2026-10-07 12:35:37.393 WARN   Wiring.write_wire_scope: net not found
2026-10-07 12:35:37.393 WARN   Wiring.write_wire_scope: net not found
2026-10-07 12:35:37.393 WARN   Wiring.write_wire_scope: net not found
2026-10-07 12:35:37.393 WARN   Wiring.write_wire_scope: net not found
2026-10-07 12:35:37.393 WARN   Wiring.write_wire_scope: net not found
2026-10-07 12:35:37.393 WARN   Wiring.write_wire_scope: net not found
2026-10-07 12:35:37.393 WARN   Wiring.write_wire_scope: net not found
2026-10-07 12:35:37.393 WARN   Wiring.write_wire_scope: net not found
2026-10-07 12:35:37.393 WARN   Wiring.write_wire_scope: net not found
2026-10-07 12:35:37.393 WARN   Wiring.write_wire_scope: net not found
2026-10-07 12:35:37.393 WARN   Wiring.write_wire_scope: net not found
2026-10-07 12:35:37.393 WARN   Wiring.write_wire_scope: net not found
2026-10-07 12:35:37.393 WARN   Wiring.write_wire_scope: net not found
2026-10-07 12:35:37.393 WARN   Wiring.write_wire_scope: net not found
2026-10-07 12:35:37.393 WARN   Wiring.write_wire_scope: net not found
2026-10-07 12:35:37.393 WARN   Wiring.write_wire_scope: net not found
2026-10-07 12:35:37.393 WARN   Wiring.write_wire_scope: net not found
2026-10-07 12:35:37.424 WARN   Wiring.write_wire_scope: net not found
2026-10-07 12:35:37.424 WARN   Wiring.write_wire_scope: net not found
2026-10-07 12:35:37.424 WARN   Wiring.write_wire_scope: net not found
2026-10-07 12:35:37.424 WARN   Wiring.write_wire_scope: net not found
2026-10-07 12:35:37.424 WARN   Wiring.write_wire_scope: net not found
2026-10-07 12:35:37.424 WARN   Wiring.write_wire_scope: net not found
2026-10-07 12:35:37.424 WARN   Wiring.write_wire_scope: net not found
2026-10-07 12:35:37.424 WARN   Wiring.write_wire_scope: net not found
2026-10-07 12:35:37.424 WARN   Wiring.write_wire_scope: net not found
2026-10-07 12:35:37.424 WARN   Wiring.write_wire_scope: net not found
2026-10-07 12:35:37.424 WARN   Wiring.write_wire_scope: net not found
2026-10-07 12:35:37.424 WARN   Wiring.write_wire_scope: net not found
2026-10-07 12:35:37.424 WARN   Wiring.write_wire_scope: net not found
2026-10-07 12:35:37.424 WARN   Wiring.write_wire_scope: net not found
2026-10-07 12:35:37.424 WARN   Wiring.write_wire_scope: net not found
2026-10-07 12:35:37.424 WARN   Wiring.write_wire_scope: net not found
2026-10-07 12:35:37.424 WARN   Wiring.write_wire_scope: net not found
2026-10-07 12:35:37.424 WARN   Wiring.write_wire_scope: net not found
2026-10-07 12:35:37.424 WARN   Wiring.write_wire_scope: net not found
2026-10-07 12:35:37.424 WARN   Wiring.write_wire_scope: net not found
2026-10-07 12:35:37.424 WARN   Wiring.write_wire_scope: net not found
2026-10-07 12:35:37.424 WARN   Wiring.write_wire_scope: net not found
2026-10-07 12:35:37.424 WARN   Wiring.write_wire_scope: net not found
2026-10-07 12:35:37.424 WARN   Wiring.write_wire_scope: net not found
2026-10-07 12:35:37.424 WARN   Wiring.write_wire_scope: net not found
2026-10-07 12:35:37.424 WARN   Wiring.write_wire_scope: net not found
2026-10-07 12:35:37.424 WARN   Wiring.write_wire_scope: net not found
2026-10-07 12:35:37.424 WARN   Wiring.write_wire_scope: net not found
2026-10-07 12:35:37.424 WARN   Wiring.write_wire_scope: net not found
2026-10-07 12:35:37.424 WARN   Wiring.write_wire_scope: net not found
2026-10-07 12:35:37.424 WARN   Wiring.write_wire_scope: net not found
2026-10-07 12:35:37.424 WARN   Wiring.write_wire_scope: net not found
2026-10-07 12:35:37.424 WARN   Wiring.write_wire_scope: net not found
2026-10-07 12:35:37.424 WARN   Wiring.write_wire_scope: net not found
2026-10-07 12:35:37.424 WARN   Wiring.write_wire_scope: net not found
2026-10-07 12:35:37.424 WARN   Wiring.write_wire_scope: net not found
2026-10-07 12:35:37.424 WARN   Wiring.write_wire_scope: net not found
2026-10-07 12:35:37.424 WARN   Wiring.write_wire_scope: net not found
2026-10-07 12:35:37.424 WARN   Wiring.write_wire_scope: net not found
2026-10-07 12:35:37.424 WARN   Wiring.write_wire_scope: net not found
2026-10-07 12:35:37.425 WARN   Wiring.write_wire_scope: net not found
2026-10-07 12:35:37.425 WARN   Wiring.write_wire_scope: net not found
2026-10-07 12:35:37.425 WARN   Wiring.write_wire_scope: net not found
2026-10-07 12:35:37.425 WARN   Wiring.write_wire_scope: net not found
2026-10-07 12:35:37.425 WARN   Wiring.write_wire_scope: net not found
2026-10-07 12:35:37.425 WARN   Wiring.write_wire_scope: net not found
2026-10-07 12:35:37.425 WARN   Wiring.write_wire_scope: net not found
2026-10-07 12:35:37.425 WARN   Wiring.write_wire_scope: net not found
2026-10-07 12:35:37.425 WARN   Wiring.write_wire_scope: net not found
2026-10-07 12:35:37.425 WARN   Wiring.write_wire_scope: net not found
2026-10-07 12:35:37.425 WARN   Wiring.write_wire_scope: net not found
2026-10-07 12:35:37.425 WARN   Wiring.write_wire_scope: net not found
2026-10-07 12:35:37.425 WARN   Wiring.write_wire_scope: net not found
2026-10-07 12:35:37.425 WARN   Wiring.write_wire_scope: net not found
2026-10-07 12:35:37.425 WARN   Wiring.write_wire_scope: net not found
2026-10-07 12:35:37.425 WARN   Wiring.write_wire_scope: net not found
2026-10-07 12:35:37.425 WARN   Wiring.write_wire_scope: net not found
2026-10-07 12:35:37.425 WARN   Wiring.write_wire_scope: net not found
2026-10-07 12:35:37.425 WARN   Wiring.write_wire_scope: net not found
2026-10-07 12:35:37.425 WARN   Wiring.write_wire_scope: net not found
2026-10-07 12:35:37.425 WARN   Wiring.write_wire_scope: net not found
2026-10-07 12:35:37.425 WARN   Wiring.write_wire_scope: net not found
2026-10-07 12:35:37.425 WARN   Wiring.write_wire_scope: net not found
2026-10-07 12:35:37.425 WARN   Wiring.write_wire_scope: net not found
2026-10-07 12:35:37.425 WARN   Wiring.write_wire_scope: net not found
2026-10-07 12:35:37.425 WARN   Wiring.write_wire_scope: net not found
2026-10-07 12:35:37.425 WARN   Wiring.write_wire_scope: net not found
2026-10-07 12:35:37.425 WARN   Wiring.write_wire_scope: net not found
2026-10-07 12:35:37.425 WARN   Wiring.write_wire_scope: net not found
2026-10-07 12:35:37.425 WARN   Wiring.write_wire_scope: net not found
2026-10-07 12:35:37.425 WARN   Wiring.write_wire_scope: net not found
2026-10-07 12:35:37.425 WARN   Wiring.write_wire_scope: net not found
2026-10-07 12:35:37.425 WARN   Wiring.write_wire_scope: net not found
2026-10-07 12:35:37.425 WARN   Wiring.write_wire_scope: net not found
2026-10-07 12:35:37.425 WARN   Wiring.write_wire_scope: net not found
2026-10-07 12:35:37.425 WARN   Wiring.write_wire_scope: net not found
2026-10-07 12:35:37.425 WARN   Wiring.write_wire_scope: net not found
2026-10-07 12:35:37.425 WARN   Wiring.write_wire_scope: net not found
2026-10-07 12:35:37.425 WARN   Wiring.write_wire_scope: net not found
2026-10-07 12:35:37.425 WARN   Wiring.write_wire_scope: net not found
2026-10-07 12:35:37.425 WARN   Wiring.write_wire_scope: net not found
2026-10-07 12:35:37.425 WARN   Wiring.write_wire_scope: net not found
2026-10-07 12:35:37.425 WARN   Wiring.write_wire_scope: net not found
2026-10-07 12:35:37.425 WARN   Wiring.write_wire_scope: net not found
2026-10-07 12:35:37.425 WARN   Wiring.write_wire_scope: net not found
2026-10-07 12:35:37.425 WARN   Wiring.write_wire_scope: net not found
2026-10-07 12:35:37.425 WARN   Wiring.write_wire_scope: net not found
2026-10-07 12:35:37.425 WARN   Wiring.write_wire_scope: net not found
2026-10-07 12:35:37.425 WARN   Wiring.write_wire_scope: net not found
2026-10-07 12:35:37.425 WARN   Wiring.write_wire_scope: net not found
2026-10-07 12:35:37.425 WARN   Wiring.write_wire_scope: net not found
2026-10-07 12:35:37.425 WARN   Wiring.write_wire_scope: net not found
2026-10-07 12:35:37.425 WARN   Wiring.write_wire_scope: net not found
2026-10-07 12:35:37.425 WARN   Wiring.write_wire_scope: net not found
2026-10-07 12:35:37.425 WARN   Wiring.write_wire_scope: net not found
2026-10-07 12:35:37.425 WARN   Wiring.write_wire_scope: net not found
2026-10-07 12:35:37.425 WARN   Wiring.write_wire_scope: net not found
2026-10-07 12:35:37.425 WARN   Wiring.write_wire_scope: net not found
2026-10-07 12:35:37.425 WARN   Wiring.write_wire_scope: net not found
2026-10-07 12:35:37.425 WARN   Wiring.write_wire_scope: net not found
2026-10-07 12:35:37.425 WARN   Wiring.write_wire_scope: net not found
2026-10-07 12:35:37.425 WARN   Wiring.write_wire_scope: net not found
2026-10-07 12:35:37.425 WARN   Wiring.write_wire_scope: net not found
2026-10-07 12:35:37.425 WARN   Wiring.write_wire_scope: net not found
2026-10-07 12:35:37.425 WARN   Wiring.write_wire_scope: net not found
2026-10-07 12:35:37.425 WARN   Wiring.write_wire_scope: net not found
2026-10-07 12:35:37.425 WARN   Wiring.write_wire_scope: net not found
2026-10-07 12:35:37.425 WARN   Wiring.write_wire_scope: net not found
2026-10-07 12:35:37.425 WARN   Wiring.write_wire_scope: net not found
2026-10-07 12:35:37.425 WARN   Wiring.write_wire_scope: net not found
2026-10-07 12:35:37.425 WARN   Wiring.write_wire_scope: net not found
2026-10-07 12:35:37.425 WARN   Wiring.write_wire_scope: net not found
2026-10-07 12:35:37.425 WARN   Wiring.write_wire_scope: net not found
2026-10-07 12:35:37.425 WARN   Wiring.write_wire_scope: net not found
2026-10-07 12:35:37.425 WARN   Wiring.write_wire_scope: net not found
2026-10-07 12:35:37.425 WARN   Wiring.write_wire_scope: net not found
2026-10-07 12:35:37.425 WARN   Wiring.write_wire_scope: net not found
2026-10-07 12:35:37.425 WARN   Wiring.write_wire_scope: net not found
2026-10-07 12:35:37.425 WARN   Wiring.write_wire_scope: net not found
2026-10-07 12:35:37.425 WARN   Wiring.write_wire_scope: net not found
2026-10-07 12:35:37.425 WARN   Wiring.write_wire_scope: net not found
2026-10-07 12:35:37.425 WARN   Wiring.write_wire_scope: net not found
2026-10-07 12:35:37.425 WARN   Wiring.write_wire_scope: net not found
2026-10-07 12:35:37.425 WARN   Wiring.write_wire_scope: net not found
2026-10-07 12:35:37.425 WARN   Wiring.write_wire_scope: net not found
2026-10-07 12:35:37.425 WARN   Wiring.write_wire_scope: net not found
2026-10-07 12:35:37.425 WARN   Wiring.write_wire_scope: net not found
2026-10-07 12:35:37.425 WARN   Wiring.write_wire_scope: net not found
2026-10-07 12:35:37.425 WARN   Wiring.write_wire_scope: net not found
2026-10-07 12:35:37.425 WARN   Wiring.write_wire_scope: net not found
2026-10-07 12:35:37.425 WARN   Wiring.write_wire_scope: net not found
2026-10-07 12:35:37.425 WARN   Wiring.write_wire_scope: net not found
2026-10-07 12:35:37.425 WARN   Wiring.write_wire_scope: net not found
2026-10-07 12:35:37.425 WARN   Wiring.write_wire_scope: net not found
2026-10-07 12:35:37.425 WARN   Wiring.write_wire_scope: net not found
2026-10-07 12:35:37.425 WARN   Wiring.write_wire_scope: net not found
2026-10-07 12:35:37.425 WARN   Wiring.write_wire_scope: net not found
2026-10-07 12:35:37.425 WARN   Wiring.write_wire_scope: net not found
2026-10-07 12:35:37.425 WARN   Wiring.write_wire_scope: net not found
2026-10-07 12:35:37.425 WARN   Wiring.write_wire_scope: net not found
2026-10-07 12:35:37.425 WARN   Wiring.write_wire_scope: net not found
2026-10-07 12:35:37.425 WARN   Wiring.write_wire_scope: net not found
2026-10-07 12:35:37.425 WARN   Wiring.write_wire_scope: net not found
2026-10-07 12:35:37.425 WARN   Wiring.write_wire_scope: net not found
2026-10-07 12:35:37.425 WARN   Wiring.write_wire_scope: net not found
2026-10-07 12:35:37.425 WARN   Wiring.write_wire_scope: net not found
2026-10-07 12:35:37.425 WARN   Wiring.write_wire_scope: net not found
2026-10-07 12:35:37.425 WARN   Wiring.write_wire_scope: net not found
2026-10-07 12:35:37.425 WARN   Wiring.write_wire_scope: net not found
2026-10-07 12:35:37.425 WARN   Wiring.write_wire_scope: net not found
2026-10-07 12:35:37.425 WARN   Wiring.write_wire_scope: net not found
2026-10-07 12:35:37.425 WARN   Wiring.write_wire_scope: net not found
2026-10-07 12:35:37.425 WARN   Wiring.write_wire_scope: net not found
2026-10-07 12:35:37.425 WARN   Wiring.write_wire_scope: net not found
2026-10-07 12:35:37.425 WARN   Wiring.write_wire_scope: net not found
2026-10-07 12:35:37.425 WARN   Wiring.write_wire_scope: net not found
2026-10-07 12:35:37.425 WARN   Wiring.write_wire_scope: net not found
2026-10-07 12:35:37.425 WARN   Wiring.write_wire_scope: net not found
2026-10-07 12:35:37.425 WARN   Wiring.write_wire_scope: net not found
2026-10-07 12:35:37.425 WARN   Wiring.write_wire_scope: net not found
2026-10-07 12:35:37.425 WARN   Wiring.write_wire_scope: net not found
2026-10-07 12:35:37.425 WARN   Wiring.write_wire_scope: net not found
2026-10-07 12:35:37.425 WARN   Wiring.write_wire_scope: net not found
2026-10-07 12:35:37.425 WARN   Wiring.write_wire_scope: net not found
2026-10-07 12:35:37.425 WARN   Wiring.write_wire_scope: net not found
2026-10-07 12:35:37.425 WARN   Wiring.write_wire_scope: net not found
2026-10-07 12:35:37.425 WARN   Wiring.write_wire_scope: net not found
2026-10-07 12:35:37.425 WARN   Wiring.write_wire_scope: net not found
2026-10-07 12:35:37.425 WARN   Wiring.write_wire_scope: net not found
2026-10-07 12:35:37.425 WARN   Wiring.write_wire_scope: net not found
2026-10-07 12:35:37.425 WARN   Wiring.write_wire_scope: net not found
2026-10-07 12:35:37.425 WARN   Wiring.write_wire_scope: net not found
2026-10-07 12:35:37.425 WARN   Wiring.write_wire_scope: net not found
2026-10-07 12:35:37.425 WARN   Wiring.write_wire_scope: net not found
2026-10-07 12:35:37.425 WARN   Wiring.write_wire_scope: net not found
2026-10-07 12:35:37.425 WARN   Wiring.write_wire_scope: net not found
2026-10-07 12:35:37.425 WARN   Wiring.write_wire_scope: net not found
2026-10-07 12:35:37.425 WARN   Wiring.write_wire_scope: net not found
2026-10-07 12:35:37.425 WARN   Wiring.write_wire_scope: net not found
2026-10-07 12:35:37.425 WARN   Wiring.write_wire_scope: net not found
2026-10-07 12:35:37.425 WARN   Wiring.write_wire_scope: net not found
2026-10-07 12:35:37.425 WARN   Wiring.write_wire_scope: net not found
2026-10-07 12:35:37.425 WARN   Wiring.write_wire_scope: net not found
2026-10-07 12:35:37.425 WARN   Wiring.write_wire_scope: net not found
2026-10-07 12:35:37.425 WARN   Wiring.write_wire_scope: net not found
2026-10-07 12:35:37.425 WARN   Wiring.write_wire_scope: net not found
2026-10-07 12:35:37.425 WARN   Wiring.write_wire_scope: net not found
2026-10-07 12:35:37.425 WARN   Wiring.write_wire_scope: net not found
2026-10-07 12:35:37.425 WARN   Wiring.write_wire_scope: net not found
2026-10-07 12:35:37.425 WARN   Wiring.write_wire_scope: net not found
2026-10-07 12:35:37.425 WARN   Wiring.write_wire_scope: net not found
2026-10-07 12:35:37.425 WARN   Wiring.write_wire_scope: net not found
2026-10-07 12:35:37.425 WARN   Wiring.write_wire_scope: net not found
2026-10-07 12:35:37.425 WARN   Wiring.write_wire_scope: net not found
2026-10-07 12:35:37.476 WARN   Wiring.write_wire_scope: net not found
2026-10-07 12:35:37.476 WARN   Wiring.write_wire_scope: net not found
2026-10-07 12:35:37.476 WARN   Wiring.write_wire_scope: net not found
2026-10-07 12:35:37.476 WARN   Wiring.write_wire_scope: net not found
2026-10-07 12:35:37.476 WARN   Wiring.write_wire_scope: net not found
2026-10-07 12:35:37.476 WARN   Wiring.write_wire_scope: net not found
2026-10-07 12:35:37.476 WARN   Wiring.write_wire_scope: net not found
2026-10-07 12:35:37.476 WARN   Wiring.write_wire_scope: net not found
2026-10-07 12:35:37.476 WARN   Wiring.write_wire_scope: net not found
2026-10-07 12:35:37.476 WARN   Wiring.write_wire_scope: net not found
2026-10-07 12:35:37.476 WARN   Wiring.write_wire_scope: net not found
2026-10-07 12:35:37.476 WARN   Wiring.write_wire_scope: net not found
2026-10-07 12:35:37.476 WARN   Wiring.write_wire_scope: net not found
2026-10-07 12:35:37.476 WARN   Wiring.write_wire_scope: net not found
2026-10-07 12:35:37.476 WARN   Wiring.write_wire_scope: net not found
2026-10-07 12:35:37.476 WARN   Wiring.write_wire_scope: net not found
2026-10-07 12:35:37.476 WARN   Wiring.write_wire_scope: net not found
2026-10-07 12:35:37.476 WARN   Wiring.write_wire_scope: net not found
2026-10-07 12:35:37.476 WARN   Wiring.write_wire_scope: net not found
2026-10-07 12:35:37.476 WARN   Wiring.write_wire_scope: net not found
2026-10-07 12:35:37.476 WARN   Wiring.write_wire_scope: net not found
2026-10-07 12:35:37.476 WARN   Wiring.write_wire_scope: net not found
2026-10-07 12:35:37.476 WARN   Wiring.write_wire_scope: net not found
2026-10-07 12:35:37.476 WARN   Wiring.write_wire_scope: net not found
2026-10-07 12:35:37.476 WARN   Wiring.write_wire_scope: net not found
2026-10-07 12:35:37.476 WARN   Wiring.write_wire_scope: net not found
2026-10-07 12:35:37.476 WARN   Wiring.write_wire_scope: net not found
2026-10-07 12:35:37.476 WARN   Wiring.write_wire_scope: net not found
2026-10-07 12:35:37.476 WARN   Wiring.write_wire_scope: net not found
2026-10-07 12:35:37.476 WARN   Wiring.write_wire_scope: net not found
2026-10-07 12:35:37.476 WARN   Wiring.write_wire_scope: net not found
2026-10-07 12:35:37.476 WARN   Wiring.write_wire_scope: net not found
2026-10-07 12:35:37.476 WARN   Wiring.write_wire_scope: net not found
2026-10-07 12:35:37.476 WARN   Wiring.write_wire_scope: net not found
2026-10-07 12:35:37.476 WARN   Wiring.write_wire_scope: net not found
2026-10-07 12:35:37.476 WARN   Wiring.write_wire_scope: net not found
2026-10-07 12:35:37.476 WARN   Wiring.write_wire_scope: net not found
2026-10-07 12:35:37.476 WARN   Wiring.write_wire_scope: net not found
2026-10-07 12:35:37.476 WARN   Wiring.write_wire_scope: net not found
2026-10-07 12:35:37.476 WARN   Wiring.write_wire_scope: net not found
2026-10-07 12:35:37.476 WARN   Wiring.write_wire_scope: net not found
2026-10-07 12:35:37.476 WARN   Wiring.write_wire_scope: net not found
2026-10-07 12:35:37.476 WARN   Wiring.write_wire_scope: net not found
2026-10-07 12:35:37.476 WARN   Wiring.write_wire_scope: net not found
2026-10-07 12:35:37.476 WARN   Wiring.write_wire_scope: net not found
2026-10-07 12:35:37.476 WARN   Wiring.write_wire_scope: net not found
2026-10-07 12:35:37.476 WARN   Wiring.write_wire_scope: net not found
2026-10-07 12:35:37.476 WARN   Wiring.write_wire_scope: net not found
2026-10-07 12:35:37.476 WARN   Wiring.write_wire_scope: net not found
2026-10-07 12:35:37.476 WARN   Wiring.write_wire_scope: net not found
2026-10-07 12:35:37.476 WARN   Wiring.write_wire_scope: net not found
2026-10-07 12:35:37.476 WARN   Wiring.write_wire_scope: net not found
2026-10-07 12:35:37.476 WARN   Wiring.write_wire_scope: net not found
2026-10-07 12:35:37.476 WARN   Wiring.write_wire_scope: net not found
2026-10-07 12:35:37.476 WARN   Wiring.write_wire_scope: net not found
2026-10-07 12:35:37.476 WARN   Wiring.write_wire_scope: net not found
2026-10-07 12:35:37.476 WARN   Wiring.write_wire_scope: net not found
2026-10-07 12:35:37.476 WARN   Wiring.write_wire_scope: net not found
2026-10-07 12:35:37.476 WARN   Wiring.write_wire_scope: net not found
2026-10-07 12:35:37.476 WARN   Wiring.write_wire_scope: net not found
2026-10-07 12:35:37.476 WARN   Wiring.write_wire_scope: net not found
2026-10-07 12:35:37.476 WARN   Wiring.write_wire_scope: net not found
2026-10-07 12:35:37.476 WARN   Wiring.write_wire_scope: net not found
2026-10-07 12:35:37.476 WARN   Wiring.write_wire_scope: net not found
2026-10-07 12:35:37.476 WARN   Wiring.write_wire_scope: net not found
2026-10-07 12:35:37.476 WARN   Wiring.write_wire_scope: net not found
2026-10-07 12:35:37.476 WARN   Wiring.write_wire_scope: net not found
2026-10-07 12:35:37.476 WARN   Wiring.write_wire_scope: net not found
2026-10-07 12:35:37.477 WARN   Wiring.write_wire_scope: net not found
2026-10-07 12:35:37.477 WARN   Wiring.write_wire_scope: net not found
2026-10-07 12:35:37.477 WARN   Wiring.write_wire_scope: net not found
2026-10-07 12:35:37.477 WARN   Wiring.write_wire_scope: net not found
2026-10-07 12:35:37.477 WARN   Wiring.write_wire_scope: net not found
2026-10-07 12:35:37.477 WARN   Wiring.write_wire_scope: net not found
2026-10-07 12:35:37.477 WARN   Wiring.write_wire_scope: net not found
2026-10-07 12:35:37.477 WARN   Wiring.write_wire_scope: net not found
2026-10-07 12:35:37.477 WARN   Wiring.write_wire_scope: net not found
2026-10-07 12:35:37.477 WARN   Wiring.write_wire_scope: net not found
2026-10-07 12:35:37.477 WARN   Wiring.write_wire_scope: net not found
2026-10-07 12:35:37.477 WARN   Wiring.write_wire_scope: net not found
2026-10-07 12:35:37.477 WARN   Wiring.write_wire_scope: net not found
2026-10-07 12:35:37.477 WARN   Wiring.write_wire_scope: net not found
2026-10-07 12:35:37.477 WARN   Wiring.write_wire_scope: net not found
2026-10-07 12:35:37.477 WARN   Wiring.write_wire_scope: net not found
2026-10-07 12:35:37.477 WARN   Wiring.write_wire_scope: net not found
2026-10-07 12:35:37.477 WARN   Wiring.write_wire_scope: net not found
2026-10-07 12:35:37.477 WARN   Wiring.write_wire_scope: net not found
2026-10-07 12:35:37.477 WARN   Wiring.write_wire_scope: net not found
2026-10-07 12:35:37.477 WARN   Wiring.write_wire_scope: net not found
2026-10-07 12:35:37.477 WARN   Wiring.write_wire_scope: net not found
2026-10-07 12:35:37.477 WARN   Wiring.write_wire_scope: net not found
2026-10-07 12:35:37.477 WARN   Wiring.write_wire_scope: net not found
2026-10-07 12:35:37.477 WARN   Wiring.write_wire_scope: net not found
2026-10-07 12:35:37.477 WARN   Wiring.write_wire_scope: net not found
2026-10-07 12:35:37.477 WARN   Wiring.write_wire_scope: net not found
2026-10-07 12:35:37.477 WARN   Wiring.write_wire_scope: net not found
2026-10-07 12:35:37.477 WARN   Wiring.write_wire_scope: net not found
2026-10-07 12:35:37.477 WARN   Wiring.write_wire_scope: net not found
2026-10-07 12:35:37.477 WARN   Wiring.write_wire_scope: net not found
2026-10-07 12:35:37.477 WARN   Wiring.write_wire_scope: net not found
2026-10-07 12:35:37.477 WARN   Wiring.write_wire_scope: net not found
2026-10-07 12:35:37.477 WARN   Wiring.write_wire_scope: net not found
2026-10-07 12:35:37.477 WARN   Wiring.write_wire_scope: net not found
2026-10-07 12:35:37.477 WARN   Wiring.write_wire_scope: net not found
2026-10-07 12:35:37.477 WARN   Wiring.write_wire_scope: net not found
2026-10-07 12:35:37.477 WARN   Wiring.write_wire_scope: net not found
2026-10-07 12:35:37.477 WARN   Wiring.write_wire_scope: net not found
2026-10-07 12:35:37.477 WARN   Wiring.write_wire_scope: net not found
2026-10-07 12:35:37.477 WARN   Wiring.write_wire_scope: net not found
2026-10-07 12:35:37.477 WARN   Wiring.write_wire_scope: net not found
2026-10-07 12:35:37.477 WARN   Wiring.write_wire_scope: net not found
2026-10-07 12:35:37.477 WARN   Wiring.write_wire_scope: net not found
2026-10-07 12:35:37.477 WARN   Wiring.write_wire_scope: net not found
2026-10-07 12:35:37.477 WARN   Wiring.write_wire_scope: net not found
2026-10-07 12:35:37.477 WARN   Wiring.write_wire_scope: net not found
2026-10-07 12:35:37.477 WARN   Wiring.write_wire_scope: net not found
2026-10-07 12:35:37.477 WARN   Wiring.write_wire_scope: net not found
2026-10-07 12:35:37.477 WARN   Wiring.write_wire_scope: net not found
2026-10-07 12:35:37.477 WARN   Wiring.write_wire_scope: net not found
2026-10-07 12:35:37.477 WARN   Wiring.write_wire_scope: net not found
2026-10-07 12:35:37.477 WARN   Wiring.write_wire_scope: net not found
2026-10-07 12:35:37.477 WARN   Wiring.write_wire_scope: net not found
2026-10-07 12:35:37.477 WARN   Wiring.write_wire_scope: net not found
2026-10-07 12:35:37.477 WARN   Wiring.write_wire_scope: net not found
2026-10-07 12:35:37.477 WARN   Wiring.write_wire_scope: net not found
2026-10-07 12:35:37.477 WARN   Wiring.write_wire_scope: net not found
2026-10-07 12:35:37.477 WARN   Wiring.write_wire_scope: net not found
2026-10-07 12:35:37.477 WARN   Wiring.write_wire_scope: net not found
2026-10-07 12:35:37.477 WARN   Wiring.write_wire_scope: net not found
2026-10-07 12:35:37.477 WARN   Wiring.write_wire_scope: net not found
2026-10-07 12:35:37.477 WARN   Wiring.write_wire_scope: net not found
2026-10-07 12:35:37.477 WARN   Wiring.write_wire_scope: net not found
2026-10-07 12:35:37.477 WARN   Wiring.write_wire_scope: net not found
2026-10-07 12:35:37.477 WARN   Wiring.write_wire_scope: net not found
2026-10-07 12:35:37.477 WARN   Wiring.write_wire_scope: net not found
2026-10-07 12:35:37.477 WARN   Wiring.write_wire_scope: net not found
2026-10-07 12:35:37.477 WARN   Wiring.write_wire_scope: net not found
2026-10-07 12:35:37.477 WARN   Wiring.write_wire_scope: net not found
2026-10-07 12:35:37.477 WARN   Wiring.write_wire_scope: net not found
2026-10-07 12:35:37.477 WARN   Wiring.write_wire_scope: net not found
2026-10-07 12:35:37.477 WARN   Wiring.write_wire_scope: net not found
2026-10-07 12:35:37.477 WARN   Wiring.write_wire_scope: net not found
2026-10-07 12:35:37.477 WARN   Wiring.write_wire_scope: net not found
2026-10-07 12:35:37.477 WARN   Wiring.write_wire_scope: net not found
2026-10-07 12:35:37.477 WARN   Wiring.write_wire_scope: net not found
2026-10-07 12:35:37.477 WARN   Wiring.write_wire_scope: net not found
2026-10-07 12:35:37.477 WARN   Wiring.write_wire_scope: net not found
2026-10-07 12:35:37.477 WARN   Wiring.write_wire_scope: net not found
2026-10-07 12:35:37.477 WARN   Wiring.write_wire_scope: net not found
2026-10-07 12:35:37.477 WARN   Wiring.write_wire_scope: net not found
2026-10-07 12:35:37.477 WARN   Wiring.write_wire_scope: net not found
2026-10-07 12:35:37.477 WARN   Wiring.write_wire_scope: net not found
2026-10-07 12:35:37.477 WARN   Wiring.write_wire_scope: net not found
2026-10-07 12:35:37.477 WARN   Wiring.write_wire_scope: net not found
2026-10-07 12:35:37.477 WARN   Wiring.write_wire_scope: net not found
2026-10-07 12:35:37.477 WARN   Wiring.write_wire_scope: net not found
2026-10-07 12:35:37.477 WARN   Wiring.write_wire_scope: net not found
2026-10-07 12:35:37.477 WARN   Wiring.write_wire_scope: net not found
2026-10-07 12:35:37.477 WARN   Wiring.write_wire_scope: net not found
2026-10-07 12:35:37.477 WARN   Wiring.write_wire_scope: net not found
2026-10-07 12:35:37.477 WARN   Wiring.write_wire_scope: net not found
2026-10-07 12:35:37.477 WARN   Wiring.write_wire_scope: net not found
2026-10-07 12:35:37.477 WARN   Wiring.write_wire_scope: net not found
2026-10-07 12:35:37.477 WARN   Wiring.write_wire_scope: net not found
2026-10-07 12:35:37.477 WARN   Wiring.write_wire_scope: net not found
2026-10-07 12:35:37.477 WARN   Wiring.write_wire_scope: net not found
2026-10-07 12:35:37.477 WARN   Wiring.write_wire_scope: net not found
2026-10-07 12:35:37.477 WARN   Wiring.write_wire_scope: net not found
2026-10-07 12:35:37.477 WARN   Wiring.write_wire_scope: net not found
2026-10-07 12:35:37.477 WARN   Wiring.write_wire_scope: net not found
2026-10-07 12:35:37.477 WARN   Wiring.write_wire_scope: net not found
2026-10-07 12:35:37.477 WARN   Wiring.write_wire_scope: net not found
2026-10-07 12:35:37.477 WARN   Wiring.write_wire_scope: net not found
2026-10-07 12:35:37.477 WARN   Wiring.write_wire_scope: net not found
2026-10-07 12:35:37.477 WARN   Wiring.write_wire_scope: net not found
2026-10-07 12:35:37.477 WARN   Wiring.write_wire_scope: net not found
2026-10-07 12:35:37.477 WARN   Wiring.write_wire_scope: net not found
2026-10-07 12:35:37.477 WARN   Wiring.write_wire_scope: net not found
2026-10-07 12:35:37.477 WARN   Wiring.write_wire_scope: net not found
2026-10-07 12:35:37.477 WARN   Wiring.write_wire_scope: net not found
2026-10-07 12:35:37.477 WARN   Wiring.write_wire_scope: net not found
2026-10-07 12:35:37.477 WARN   Wiring.write_wire_scope: net not found
2026-10-07 12:35:37.477 WARN   Wiring.write_wire_scope: net not found
2026-10-07 12:35:37.477 WARN   Wiring.write_wire_scope: net not found
2026-10-07 12:35:37.477 WARN   Wiring.write_wire_scope: net not found
2026-10-07 12:35:37.477 WARN   Wiring.write_wire_scope: net not found
2026-10-07 12:35:37.477 WARN   Wiring.write_wire_scope: net not found
2026-10-07 12:35:37.477 WARN   Wiring.write_wire_scope: net not found
2026-10-07 12:35:37.477 WARN   Wiring.write_wire_scope: net not found
2026-10-07 12:35:37.477 WARN   Wiring.write_wire_scope: net not found
2026-10-07 12:35:37.477 WARN   Wiring.write_wire_scope: net not found
2026-10-07 12:35:37.477 WARN   Wiring.write_wire_scope: net not found
2026-10-07 12:35:37.477 WARN   Wiring.write_wire_scope: net not found
2026-10-07 12:35:37.477 WARN   Wiring.write_wire_scope: net not found
2026-10-07 12:35:37.481 INFO   [7E698B\8BA015] Fanout pass #2 on board '824362c2f9cb6961397a83387ac42c31' completed in 0.09 seconds with 1 SMD pin fanouted, 4 not routed, 0 insert errors, +0 extra vias (0 SMD pins still to check in pass, ripup costs=200).
2026-10-07 12:35:37.506 WARN   Wiring.write_wire_scope: net not found
2026-10-07 12:35:37.506 WARN   Wiring.write_wire_scope: net not found
2026-10-07 12:35:37.506 WARN   Wiring.write_wire_scope: net not found
2026-10-07 12:35:37.506 WARN   Wiring.write_wire_scope: net not found
2026-10-07 12:35:37.506 WARN   Wiring.write_wire_scope: net not found
2026-10-07 12:35:37.506 WARN   Wiring.write_wire_scope: net not found
2026-10-07 12:35:37.506 WARN   Wiring.write_wire_scope: net not found
2026-10-07 12:35:37.506 WARN   Wiring.write_wire_scope: net not found
2026-10-07 12:35:37.506 WARN   Wiring.write_wire_scope: net not found
2026-10-07 12:35:37.506 WARN   Wiring.write_wire_scope: net not found
2026-10-07 12:35:37.506 WARN   Wiring.write_wire_scope: net not found
2026-10-07 12:35:37.506 WARN   Wiring.write_wire_scope: net not found
2026-10-07 12:35:37.506 WARN   Wiring.write_wire_scope: net not found
2026-10-07 12:35:37.506 WARN   Wiring.write_wire_scope: net not found
2026-10-07 12:35:37.506 WARN   Wiring.write_wire_scope: net not found
2026-10-07 12:35:37.506 WARN   Wiring.write_wire_scope: net not found
2026-10-07 12:35:37.506 WARN   Wiring.write_wire_scope: net not found
2026-10-07 12:35:37.506 WARN   Wiring.write_wire_scope: net not found
2026-10-07 12:35:37.506 WARN   Wiring.write_wire_scope: net not found
2026-10-07 12:35:37.506 WARN   Wiring.write_wire_scope: net not found
2026-10-07 12:35:37.506 WARN   Wiring.write_wire_scope: net not found
2026-10-07 12:35:37.506 WARN   Wiring.write_wire_scope: net not found
2026-10-07 12:35:37.506 WARN   Wiring.write_wire_scope: net not found
2026-10-07 12:35:37.506 WARN   Wiring.write_wire_scope: net not found
2026-10-07 12:35:37.506 WARN   Wiring.write_wire_scope: net not found
2026-10-07 12:35:37.506 WARN   Wiring.write_wire_scope: net not found
2026-10-07 12:35:37.506 WARN   Wiring.write_wire_scope: net not found
2026-10-07 12:35:37.506 WARN   Wiring.write_wire_scope: net not found
2026-10-07 12:35:37.506 WARN   Wiring.write_wire_scope: net not found
2026-10-07 12:35:37.506 WARN   Wiring.write_wire_scope: net not found
2026-10-07 12:35:37.506 WARN   Wiring.write_wire_scope: net not found
2026-10-07 12:35:37.506 WARN   Wiring.write_wire_scope: net not found
2026-10-07 12:35:37.506 WARN   Wiring.write_wire_scope: net not found
2026-10-07 12:35:37.506 WARN   Wiring.write_wire_scope: net not found
2026-10-07 12:35:37.506 WARN   Wiring.write_wire_scope: net not found
2026-10-07 12:35:37.506 WARN   Wiring.write_wire_scope: net not found
2026-10-07 12:35:37.506 WARN   Wiring.write_wire_scope: net not found
2026-10-07 12:35:37.506 WARN   Wiring.write_wire_scope: net not found
2026-10-07 12:35:37.506 WARN   Wiring.write_wire_scope: net not found
2026-10-07 12:35:37.506 WARN   Wiring.write_wire_scope: net not found
2026-10-07 12:35:37.506 WARN   Wiring.write_wire_scope: net not found
2026-10-07 12:35:37.506 WARN   Wiring.write_wire_scope: net not found
2026-10-07 12:35:37.506 WARN   Wiring.write_wire_scope: net not found
2026-10-07 12:35:37.506 WARN   Wiring.write_wire_scope: net not found
2026-10-07 12:35:37.506 WARN   Wiring.write_wire_scope: net not found
2026-10-07 12:35:37.506 WARN   Wiring.write_wire_scope: net not found
2026-10-07 12:35:37.506 WARN   Wiring.write_wire_scope: net not found
2026-10-07 12:35:37.506 WARN   Wiring.write_wire_scope: net not found
2026-10-07 12:35:37.506 WARN   Wiring.write_wire_scope: net not found
2026-10-07 12:35:37.506 WARN   Wiring.write_wire_scope: net not found
2026-10-07 12:35:37.506 WARN   Wiring.write_wire_scope: net not found
2026-10-07 12:35:37.506 WARN   Wiring.write_wire_scope: net not found
2026-10-07 12:35:37.506 WARN   Wiring.write_wire_scope: net not found
2026-10-07 12:35:37.506 WARN   Wiring.write_wire_scope: net not found
2026-10-07 12:35:37.506 WARN   Wiring.write_wire_scope: net not found
2026-10-07 12:35:37.506 WARN   Wiring.write_wire_scope: net not found
2026-10-07 12:35:37.506 WARN   Wiring.write_wire_scope: net not found
2026-10-07 12:35:37.506 WARN   Wiring.write_wire_scope: net not found
2026-10-07 12:35:37.506 WARN   Wiring.write_wire_scope: net not found
2026-10-07 12:35:37.506 WARN   Wiring.write_wire_scope: net not found
2026-10-07 12:35:37.506 WARN   Wiring.write_wire_scope: net not found
2026-10-07 12:35:37.506 WARN   Wiring.write_wire_scope: net not found
2026-10-07 12:35:37.506 WARN   Wiring.write_wire_scope: net not found
2026-10-07 12:35:37.506 WARN   Wiring.write_wire_scope: net not found
2026-10-07 12:35:37.506 WARN   Wiring.write_wire_scope: net not found
2026-10-07 12:35:37.506 WARN   Wiring.write_wire_scope: net not found
2026-10-07 12:35:37.506 WARN   Wiring.write_wire_scope: net not found
2026-10-07 12:35:37.506 WARN   Wiring.write_wire_scope: net not found
2026-10-07 12:35:37.507 WARN   Wiring.write_wire_scope: net not found
2026-10-07 12:35:37.507 WARN   Wiring.write_wire_scope: net not found
2026-10-07 12:35:37.507 WARN   Wiring.write_wire_scope: net not found
2026-10-07 12:35:37.507 WARN   Wiring.write_wire_scope: net not found
2026-10-07 12:35:37.507 WARN   Wiring.write_wire_scope: net not found
2026-10-07 12:35:37.507 WARN   Wiring.write_wire_scope: net not found
2026-10-07 12:35:37.507 WARN   Wiring.write_wire_scope: net not found
2026-10-07 12:35:37.507 WARN   Wiring.write_wire_scope: net not found
2026-10-07 12:35:37.507 WARN   Wiring.write_wire_scope: net not found
2026-10-07 12:35:37.507 WARN   Wiring.write_wire_scope: net not found
2026-10-07 12:35:37.507 WARN   Wiring.write_wire_scope: net not found
2026-10-07 12:35:37.507 WARN   Wiring.write_wire_scope: net not found
2026-10-07 12:35:37.507 WARN   Wiring.write_wire_scope: net not found
2026-10-07 12:35:37.507 WARN   Wiring.write_wire_scope: net not found
2026-10-07 12:35:37.507 WARN   Wiring.write_wire_scope: net not found
2026-10-07 12:35:37.507 WARN   Wiring.write_wire_scope: net not found
2026-10-07 12:35:37.507 WARN   Wiring.write_wire_scope: net not found
2026-10-07 12:35:37.507 WARN   Wiring.write_wire_scope: net not found
2026-10-07 12:35:37.507 WARN   Wiring.write_wire_scope: net not found
2026-10-07 12:35:37.507 WARN   Wiring.write_wire_scope: net not found
2026-10-07 12:35:37.507 WARN   Wiring.write_wire_scope: net not found
2026-10-07 12:35:37.507 WARN   Wiring.write_wire_scope: net not found
2026-10-07 12:35:37.507 WARN   Wiring.write_wire_scope: net not found
2026-10-07 12:35:37.507 WARN   Wiring.write_wire_scope: net not found
2026-10-07 12:35:37.507 WARN   Wiring.write_wire_scope: net not found
2026-10-07 12:35:37.507 WARN   Wiring.write_wire_scope: net not found
2026-10-07 12:35:37.507 WARN   Wiring.write_wire_scope: net not found
2026-10-07 12:35:37.507 WARN   Wiring.write_wire_scope: net not found
2026-10-07 12:35:37.507 WARN   Wiring.write_wire_scope: net not found
2026-10-07 12:35:37.507 WARN   Wiring.write_wire_scope: net not found
2026-10-07 12:35:37.507 WARN   Wiring.write_wire_scope: net not found
2026-10-07 12:35:37.507 WARN   Wiring.write_wire_scope: net not found
2026-10-07 12:35:37.507 WARN   Wiring.write_wire_scope: net not found
2026-10-07 12:35:37.507 WARN   Wiring.write_wire_scope: net not found
2026-10-07 12:35:37.507 WARN   Wiring.write_wire_scope: net not found
2026-10-07 12:35:37.507 WARN   Wiring.write_wire_scope: net not found
2026-10-07 12:35:37.507 WARN   Wiring.write_wire_scope: net not found
2026-10-07 12:35:37.507 WARN   Wiring.write_wire_scope: net not found
2026-10-07 12:35:37.507 WARN   Wiring.write_wire_scope: net not found
2026-10-07 12:35:37.507 WARN   Wiring.write_wire_scope: net not found
2026-10-07 12:35:37.507 WARN   Wiring.write_wire_scope: net not found
2026-10-07 12:35:37.507 WARN   Wiring.write_wire_scope: net not found
2026-10-07 12:35:37.507 WARN   Wiring.write_wire_scope: net not found
2026-10-07 12:35:37.507 WARN   Wiring.write_wire_scope: net not found
2026-10-07 12:35:37.507 WARN   Wiring.write_wire_scope: net not found
2026-10-07 12:35:37.507 WARN   Wiring.write_wire_scope: net not found
2026-10-07 12:35:37.507 WARN   Wiring.write_wire_scope: net not found
2026-10-07 12:35:37.507 WARN   Wiring.write_wire_scope: net not found
2026-10-07 12:35:37.507 WARN   Wiring.write_wire_scope: net not found
2026-10-07 12:35:37.507 WARN   Wiring.write_wire_scope: net not found
2026-10-07 12:35:37.507 WARN   Wiring.write_wire_scope: net not found
2026-10-07 12:35:37.507 WARN   Wiring.write_wire_scope: net not found
2026-10-07 12:35:37.507 WARN   Wiring.write_wire_scope: net not found
2026-10-07 12:35:37.507 WARN   Wiring.write_wire_scope: net not found
2026-10-07 12:35:37.507 WARN   Wiring.write_wire_scope: net not found
2026-10-07 12:35:37.507 WARN   Wiring.write_wire_scope: net not found
2026-10-07 12:35:37.507 WARN   Wiring.write_wire_scope: net not found
2026-10-07 12:35:37.507 WARN   Wiring.write_wire_scope: net not found
2026-10-07 12:35:37.507 WARN   Wiring.write_wire_scope: net not found
2026-10-07 12:35:37.507 WARN   Wiring.write_wire_scope: net not found
2026-10-07 12:35:37.507 WARN   Wiring.write_wire_scope: net not found
2026-10-07 12:35:37.507 WARN   Wiring.write_wire_scope: net not found
2026-10-07 12:35:37.507 WARN   Wiring.write_wire_scope: net not found
2026-10-07 12:35:37.507 WARN   Wiring.write_wire_scope: net not found
2026-10-07 12:35:37.507 WARN   Wiring.write_wire_scope: net not found
2026-10-07 12:35:37.507 WARN   Wiring.write_wire_scope: net not found
2026-10-07 12:35:37.507 WARN   Wiring.write_wire_scope: net not found
2026-10-07 12:35:37.507 WARN   Wiring.write_wire_scope: net not found
2026-10-07 12:35:37.507 WARN   Wiring.write_wire_scope: net not found
2026-10-07 12:35:37.507 WARN   Wiring.write_wire_scope: net not found
2026-10-07 12:35:37.507 WARN   Wiring.write_wire_scope: net not found
2026-10-07 12:35:37.507 WARN   Wiring.write_wire_scope: net not found
2026-10-07 12:35:37.507 WARN   Wiring.write_wire_scope: net not found
2026-10-07 12:35:37.507 WARN   Wiring.write_wire_scope: net not found
2026-10-07 12:35:37.507 WARN   Wiring.write_wire_scope: net not found
2026-10-07 12:35:37.507 WARN   Wiring.write_wire_scope: net not found
2026-10-07 12:35:37.507 WARN   Wiring.write_wire_scope: net not found
2026-10-07 12:35:37.507 WARN   Wiring.write_wire_scope: net not found
2026-10-07 12:35:37.507 WARN   Wiring.write_wire_scope: net not found
2026-10-07 12:35:37.507 WARN   Wiring.write_wire_scope: net not found
2026-10-07 12:35:37.507 WARN   Wiring.write_wire_scope: net not found
2026-10-07 12:35:37.507 WARN   Wiring.write_wire_scope: net not found
2026-10-07 12:35:37.507 WARN   Wiring.write_wire_scope: net not found
2026-10-07 12:35:37.507 WARN   Wiring.write_wire_scope: net not found
2026-10-07 12:35:37.507 WARN   Wiring.write_wire_scope: net not found
2026-10-07 12:35:37.507 WARN   Wiring.write_wire_scope: net not found
2026-10-07 12:35:37.507 WARN   Wiring.write_wire_scope: net not found
2026-10-07 12:35:37.507 WARN   Wiring.write_wire_scope: net not found
2026-10-07 12:35:37.507 WARN   Wiring.write_wire_scope: net not found
2026-10-07 12:35:37.507 WARN   Wiring.write_wire_scope: net not found
2026-10-07 12:35:37.507 WARN   Wiring.write_wire_scope: net not found
2026-10-07 12:35:37.507 WARN   Wiring.write_wire_scope: net not found
2026-10-07 12:35:37.507 WARN   Wiring.write_wire_scope: net not found
2026-10-07 12:35:37.507 WARN   Wiring.write_wire_scope: net not found
2026-10-07 12:35:37.507 WARN   Wiring.write_wire_scope: net not found
2026-10-07 12:35:37.507 WARN   Wiring.write_wire_scope: net not found
2026-10-07 12:35:37.507 WARN   Wiring.write_wire_scope: net not found
2026-10-07 12:35:37.507 WARN   Wiring.write_wire_scope: net not found
2026-10-07 12:35:37.507 WARN   Wiring.write_wire_scope: net not found
2026-10-07 12:35:37.507 WARN   Wiring.write_wire_scope: net not found
2026-10-07 12:35:37.507 WARN   Wiring.write_wire_scope: net not found
2026-10-07 12:35:37.507 WARN   Wiring.write_wire_scope: net not found
2026-10-07 12:35:37.507 WARN   Wiring.write_wire_scope: net not found
2026-10-07 12:35:37.507 WARN   Wiring.write_wire_scope: net not found
2026-10-07 12:35:37.507 WARN   Wiring.write_wire_scope: net not found
2026-10-07 12:35:37.507 WARN   Wiring.write_wire_scope: net not found
2026-10-07 12:35:37.507 WARN   Wiring.write_wire_scope: net not found
2026-10-07 12:35:37.507 WARN   Wiring.write_wire_scope: net not found
2026-10-07 12:35:37.507 WARN   Wiring.write_wire_scope: net not found
2026-10-07 12:35:37.507 WARN   Wiring.write_wire_scope: net not found
2026-10-07 12:35:37.507 WARN   Wiring.write_wire_scope: net not found
2026-10-07 12:35:37.507 WARN   Wiring.write_wire_scope: net not found
2026-10-07 12:35:37.507 WARN   Wiring.write_wire_scope: net not found
2026-10-07 12:35:37.507 WARN   Wiring.write_wire_scope: net not found
2026-10-07 12:35:37.507 WARN   Wiring.write_wire_scope: net not found
2026-10-07 12:35:37.507 WARN   Wiring.write_wire_scope: net not found
2026-10-07 12:35:37.507 WARN   Wiring.write_wire_scope: net not found
2026-10-07 12:35:37.507 WARN   Wiring.write_wire_scope: net not found
2026-10-07 12:35:37.507 WARN   Wiring.write_wire_scope: net not found
2026-10-07 12:35:37.507 WARN   Wiring.write_wire_scope: net not found
2026-10-07 12:35:37.507 WARN   Wiring.write_wire_scope: net not found
2026-10-07 12:35:37.507 WARN   Wiring.write_wire_scope: net not found
2026-10-07 12:35:37.507 WARN   Wiring.write_wire_scope: net not found
2026-10-07 12:35:37.507 WARN   Wiring.write_wire_scope: net not found
2026-10-07 12:35:37.507 WARN   Wiring.write_wire_scope: net not found
2026-10-07 12:35:37.507 WARN   Wiring.write_wire_scope: net not found
2026-10-07 12:35:37.532 WARN   Wiring.write_wire_scope: net not found
2026-10-07 12:35:37.532 WARN   Wiring.write_wire_scope: net not found
2026-10-07 12:35:37.532 WARN   Wiring.write_wire_scope: net not found
2026-10-07 12:35:37.532 WARN   Wiring.write_wire_scope: net not found
2026-10-07 12:35:37.532 WARN   Wiring.write_wire_scope: net not found
2026-10-07 12:35:37.532 WARN   Wiring.write_wire_scope: net not found
2026-10-07 12:35:37.532 WARN   Wiring.write_wire_scope: net not found
2026-10-07 12:35:37.532 WARN   Wiring.write_wire_scope: net not found
2026-10-07 12:35:37.532 WARN   Wiring.write_wire_scope: net not found
2026-10-07 12:35:37.532 WARN   Wiring.write_wire_scope: net not found
2026-10-07 12:35:37.532 WARN   Wiring.write_wire_scope: net not found
2026-10-07 12:35:37.532 WARN   Wiring.write_wire_scope: net not found
2026-10-07 12:35:37.532 WARN   Wiring.write_wire_scope: net not found
2026-10-07 12:35:37.532 WARN   Wiring.write_wire_scope: net not found
2026-10-07 12:35:37.532 WARN   Wiring.write_wire_scope: net not found
2026-10-07 12:35:37.532 WARN   Wiring.write_wire_scope: net not found
2026-10-07 12:35:37.532 WARN   Wiring.write_wire_scope: net not found
2026-10-07 12:35:37.532 WARN   Wiring.write_wire_scope: net not found
2026-10-07 12:35:37.532 WARN   Wiring.write_wire_scope: net not found
2026-10-07 12:35:37.532 WARN   Wiring.write_wire_scope: net not found
2026-10-07 12:35:37.532 WARN   Wiring.write_wire_scope: net not found
2026-10-07 12:35:37.532 WARN   Wiring.write_wire_scope: net not found
2026-10-07 12:35:37.532 WARN   Wiring.write_wire_scope: net not found
2026-10-07 12:35:37.532 WARN   Wiring.write_wire_scope: net not found
2026-10-07 12:35:37.532 WARN   Wiring.write_wire_scope: net not found
2026-10-07 12:35:37.532 WARN   Wiring.write_wire_scope: net not found
2026-10-07 12:35:37.532 WARN   Wiring.write_wire_scope: net not found
2026-10-07 12:35:37.532 WARN   Wiring.write_wire_scope: net not found
2026-10-07 12:35:37.532 WARN   Wiring.write_wire_scope: net not found
2026-10-07 12:35:37.532 WARN   Wiring.write_wire_scope: net not found
2026-10-07 12:35:37.532 WARN   Wiring.write_wire_scope: net not found
2026-10-07 12:35:37.532 WARN   Wiring.write_wire_scope: net not found
2026-10-07 12:35:37.532 WARN   Wiring.write_wire_scope: net not found
2026-10-07 12:35:37.532 WARN   Wiring.write_wire_scope: net not found
2026-10-07 12:35:37.532 WARN   Wiring.write_wire_scope: net not found
2026-10-07 12:35:37.532 WARN   Wiring.write_wire_scope: net not found
2026-10-07 12:35:37.532 WARN   Wiring.write_wire_scope: net not found
2026-10-07 12:35:37.532 WARN   Wiring.write_wire_scope: net not found
2026-10-07 12:35:37.532 WARN   Wiring.write_wire_scope: net not found
2026-10-07 12:35:37.532 WARN   Wiring.write_wire_scope: net not found
2026-10-07 12:35:37.532 WARN   Wiring.write_wire_scope: net not found
2026-10-07 12:35:37.532 WARN   Wiring.write_wire_scope: net not found
2026-10-07 12:35:37.532 WARN   Wiring.write_wire_scope: net not found
2026-10-07 12:35:37.532 WARN   Wiring.write_wire_scope: net not found
2026-10-07 12:35:37.532 WARN   Wiring.write_wire_scope: net not found
2026-10-07 12:35:37.532 WARN   Wiring.write_wire_scope: net not found
2026-10-07 12:35:37.532 WARN   Wiring.write_wire_scope: net not found
2026-10-07 12:35:37.532 WARN   Wiring.write_wire_scope: net not found
2026-10-07 12:35:37.532 WARN   Wiring.write_wire_scope: net not found
2026-10-07 12:35:37.532 WARN   Wiring.write_wire_scope: net not found
2026-10-07 12:35:37.532 WARN   Wiring.write_wire_scope: net not found
2026-10-07 12:35:37.532 WARN   Wiring.write_wire_scope: net not found
2026-10-07 12:35:37.532 WARN   Wiring.write_wire_scope: net not found
2026-10-07 12:35:37.532 WARN   Wiring.write_wire_scope: net not found
2026-10-07 12:35:37.532 WARN   Wiring.write_wire_scope: net not found
2026-10-07 12:35:37.532 WARN   Wiring.write_wire_scope: net not found
2026-10-07 12:35:37.532 WARN   Wiring.write_wire_scope: net not found
2026-10-07 12:35:37.532 WARN   Wiring.write_wire_scope: net not found
2026-10-07 12:35:37.532 WARN   Wiring.write_wire_scope: net not found
2026-10-07 12:35:37.532 WARN   Wiring.write_wire_scope: net not found
2026-10-07 12:35:37.532 WARN   Wiring.write_wire_scope: net not found
2026-10-07 12:35:37.532 WARN   Wiring.write_wire_scope: net not found
2026-10-07 12:35:37.532 WARN   Wiring.write_wire_scope: net not found
2026-10-07 12:35:37.532 WARN   Wiring.write_wire_scope: net not found
2026-10-07 12:35:37.532 WARN   Wiring.write_wire_scope: net not found
2026-10-07 12:35:37.532 WARN   Wiring.write_wire_scope: net not found
2026-10-07 12:35:37.532 WARN   Wiring.write_wire_scope: net not found
2026-10-07 12:35:37.532 WARN   Wiring.write_wire_scope: net not found
2026-10-07 12:35:37.532 WARN   Wiring.write_wire_scope: net not found
2026-10-07 12:35:37.532 WARN   Wiring.write_wire_scope: net not found
2026-10-07 12:35:37.532 WARN   Wiring.write_wire_scope: net not found
2026-10-07 12:35:37.532 WARN   Wiring.write_wire_scope: net not found
2026-10-07 12:35:37.532 WARN   Wiring.write_wire_scope: net not found
2026-10-07 12:35:37.532 WARN   Wiring.write_wire_scope: net not found
2026-10-07 12:35:37.532 WARN   Wiring.write_wire_scope: net not found
2026-10-07 12:35:37.532 WARN   Wiring.write_wire_scope: net not found
2026-10-07 12:35:37.532 WARN   Wiring.write_wire_scope: net not found
2026-10-07 12:35:37.532 WARN   Wiring.write_wire_scope: net not found
2026-10-07 12:35:37.532 WARN   Wiring.write_wire_scope: net not found
2026-10-07 12:35:37.532 WARN   Wiring.write_wire_scope: net not found
2026-10-07 12:35:37.532 WARN   Wiring.write_wire_scope: net not found
2026-10-07 12:35:37.532 WARN   Wiring.write_wire_scope: net not found
2026-10-07 12:35:37.532 WARN   Wiring.write_wire_scope: net not found
2026-10-07 12:35:37.532 WARN   Wiring.write_wire_scope: net not found
2026-10-07 12:35:37.532 WARN   Wiring.write_wire_scope: net not found
2026-10-07 12:35:37.532 WARN   Wiring.write_wire_scope: net not found
2026-10-07 12:35:37.532 WARN   Wiring.write_wire_scope: net not found
2026-10-07 12:35:37.532 WARN   Wiring.write_wire_scope: net not found
2026-10-07 12:35:37.532 WARN   Wiring.write_wire_scope: net not found
2026-10-07 12:35:37.532 WARN   Wiring.write_wire_scope: net not found
2026-10-07 12:35:37.533 WARN   Wiring.write_wire_scope: net not found
2026-10-07 12:35:37.533 WARN   Wiring.write_wire_scope: net not found
2026-10-07 12:35:37.533 WARN   Wiring.write_wire_scope: net not found
2026-10-07 12:35:37.533 WARN   Wiring.write_wire_scope: net not found
2026-10-07 12:35:37.533 WARN   Wiring.write_wire_scope: net not found
2026-10-07 12:35:37.533 WARN   Wiring.write_wire_scope: net not found
2026-10-07 12:35:37.533 WARN   Wiring.write_wire_scope: net not found
2026-10-07 12:35:37.533 WARN   Wiring.write_wire_scope: net not found
2026-10-07 12:35:37.533 WARN   Wiring.write_wire_scope: net not found
2026-10-07 12:35:37.533 WARN   Wiring.write_wire_scope: net not found
2026-10-07 12:35:37.533 WARN   Wiring.write_wire_scope: net not found
2026-10-07 12:35:37.533 WARN   Wiring.write_wire_scope: net not found
2026-10-07 12:35:37.533 WARN   Wiring.write_wire_scope: net not found
2026-10-07 12:35:37.533 WARN   Wiring.write_wire_scope: net not found
2026-10-07 12:35:37.533 WARN   Wiring.write_wire_scope: net not found
2026-10-07 12:35:37.533 WARN   Wiring.write_wire_scope: net not found
2026-10-07 12:35:37.533 WARN   Wiring.write_wire_scope: net not found
2026-10-07 12:35:37.533 WARN   Wiring.write_wire_scope: net not found
2026-10-07 12:35:37.533 WARN   Wiring.write_wire_scope: net not found
2026-10-07 12:35:37.533 WARN   Wiring.write_wire_scope: net not found
2026-10-07 12:35:37.533 WARN   Wiring.write_wire_scope: net not found
2026-10-07 12:35:37.533 WARN   Wiring.write_wire_scope: net not found
2026-10-07 12:35:37.533 WARN   Wiring.write_wire_scope: net not found
2026-10-07 12:35:37.533 WARN   Wiring.write_wire_scope: net not found
2026-10-07 12:35:37.533 WARN   Wiring.write_wire_scope: net not found
2026-10-07 12:35:37.533 WARN   Wiring.write_wire_scope: net not found
2026-10-07 12:35:37.533 WARN   Wiring.write_wire_scope: net not found
2026-10-07 12:35:37.533 WARN   Wiring.write_wire_scope: net not found
2026-10-07 12:35:37.533 WARN   Wiring.write_wire_scope: net not found
2026-10-07 12:35:37.533 WARN   Wiring.write_wire_scope: net not found
2026-10-07 12:35:37.533 WARN   Wiring.write_wire_scope: net not found
2026-10-07 12:35:37.533 WARN   Wiring.write_wire_scope: net not found
2026-10-07 12:35:37.533 WARN   Wiring.write_wire_scope: net not found
2026-10-07 12:35:37.533 WARN   Wiring.write_wire_scope: net not found
2026-10-07 12:35:37.533 WARN   Wiring.write_wire_scope: net not found
2026-10-07 12:35:37.533 WARN   Wiring.write_wire_scope: net not found
2026-10-07 12:35:37.533 WARN   Wiring.write_wire_scope: net not found
2026-10-07 12:35:37.533 WARN   Wiring.write_wire_scope: net not found
2026-10-07 12:35:37.533 WARN   Wiring.write_wire_scope: net not found
2026-10-07 12:35:37.533 WARN   Wiring.write_wire_scope: net not found
2026-10-07 12:35:37.533 WARN   Wiring.write_wire_scope: net not found
2026-10-07 12:35:37.533 WARN   Wiring.write_wire_scope: net not found
2026-10-07 12:35:37.533 WARN   Wiring.write_wire_scope: net not found
2026-10-07 12:35:37.533 WARN   Wiring.write_wire_scope: net not found
2026-10-07 12:35:37.533 WARN   Wiring.write_wire_scope: net not found
2026-10-07 12:35:37.533 WARN   Wiring.write_wire_scope: net not found
2026-10-07 12:35:37.533 WARN   Wiring.write_wire_scope: net not found
2026-10-07 12:35:37.533 WARN   Wiring.write_wire_scope: net not found
2026-10-07 12:35:37.533 WARN   Wiring.write_wire_scope: net not found
2026-10-07 12:35:37.533 WARN   Wiring.write_wire_scope: net not found
2026-10-07 12:35:37.533 WARN   Wiring.write_wire_scope: net not found
2026-10-07 12:35:37.533 WARN   Wiring.write_wire_scope: net not found
2026-10-07 12:35:37.533 WARN   Wiring.write_wire_scope: net not found
2026-10-07 12:35:37.533 WARN   Wiring.write_wire_scope: net not found
2026-10-07 12:35:37.533 WARN   Wiring.write_wire_scope: net not found
2026-10-07 12:35:37.533 WARN   Wiring.write_wire_scope: net not found
2026-10-07 12:35:37.533 WARN   Wiring.write_wire_scope: net not found
2026-10-07 12:35:37.533 WARN   Wiring.write_wire_scope: net not found
2026-10-07 12:35:37.533 WARN   Wiring.write_wire_scope: net not found
2026-10-07 12:35:37.533 WARN   Wiring.write_wire_scope: net not found
2026-10-07 12:35:37.533 WARN   Wiring.write_wire_scope: net not found
2026-10-07 12:35:37.533 WARN   Wiring.write_wire_scope: net not found
2026-10-07 12:35:37.533 WARN   Wiring.write_wire_scope: net not found
2026-10-07 12:35:37.533 WARN   Wiring.write_wire_scope: net not found
2026-10-07 12:35:37.533 WARN   Wiring.write_wire_scope: net not found
2026-10-07 12:35:37.533 WARN   Wiring.write_wire_scope: net not found
2026-10-07 12:35:37.533 WARN   Wiring.write_wire_scope: net not found
2026-10-07 12:35:37.533 WARN   Wiring.write_wire_scope: net not found
2026-10-07 12:35:37.533 WARN   Wiring.write_wire_scope: net not found
2026-10-07 12:35:37.533 WARN   Wiring.write_wire_scope: net not found
2026-10-07 12:35:37.533 WARN   Wiring.write_wire_scope: net not found
2026-10-07 12:35:37.533 WARN   Wiring.write_wire_scope: net not found
2026-10-07 12:35:37.533 WARN   Wiring.write_wire_scope: net not found
2026-10-07 12:35:37.533 WARN   Wiring.write_wire_scope: net not found
2026-10-07 12:35:37.533 WARN   Wiring.write_wire_scope: net not found
2026-10-07 12:35:37.533 WARN   Wiring.write_wire_scope: net not found
2026-10-07 12:35:37.533 WARN   Wiring.write_wire_scope: net not found
2026-10-07 12:35:37.533 WARN   Wiring.write_wire_scope: net not found
2026-10-07 12:35:37.533 WARN   Wiring.write_wire_scope: net not found
2026-10-07 12:35:37.533 WARN   Wiring.write_wire_scope: net not found
2026-10-07 12:35:37.533 WARN   Wiring.write_wire_scope: net not found
2026-10-07 12:35:37.533 WARN   Wiring.write_wire_scope: net not found
2026-10-07 12:35:37.533 WARN   Wiring.write_wire_scope: net not found
2026-10-07 12:35:37.533 WARN   Wiring.write_wire_scope: net not found
2026-10-07 12:35:37.533 WARN   Wiring.write_wire_scope: net not found
2026-10-07 12:35:37.533 WARN   Wiring.write_wire_scope: net not found
2026-10-07 12:35:37.533 WARN   Wiring.write_wire_scope: net not found
2026-10-07 12:35:37.533 WARN   Wiring.write_wire_scope: net not found
2026-10-07 12:35:37.533 WARN   Wiring.write_wire_scope: net not found
2026-10-07 12:35:37.533 WARN   Wiring.write_wire_scope: net not found
2026-10-07 12:35:37.533 WARN   Wiring.write_wire_scope: net not found
2026-10-07 12:35:37.533 WARN   Wiring.write_wire_scope: net not found
2026-10-07 12:35:37.533 WARN   Wiring.write_wire_scope: net not found
2026-10-07 12:35:37.533 WARN   Wiring.write_wire_scope: net not found
2026-10-07 12:35:37.533 WARN   Wiring.write_wire_scope: net not found
2026-10-07 12:35:37.533 WARN   Wiring.write_wire_scope: net not found
2026-10-07 12:35:37.533 WARN   Wiring.write_wire_scope: net not found
2026-10-07 12:35:37.533 WARN   Wiring.write_wire_scope: net not found
2026-10-07 12:35:37.533 WARN   Wiring.write_wire_scope: net not found
2026-10-07 12:35:37.533 WARN   Wiring.write_wire_scope: net not found
2026-10-07 12:35:37.533 WARN   Wiring.write_wire_scope: net not found
2026-10-07 12:35:37.533 WARN   Wiring.write_wire_scope: net not found
2026-10-07 12:35:37.533 WARN   Wiring.write_wire_scope: net not found
2026-10-07 12:35:37.533 WARN   Wiring.write_wire_scope: net not found
2026-10-07 12:35:37.557 WARN   Wiring.write_wire_scope: net not found
2026-10-07 12:35:37.557 WARN   Wiring.write_wire_scope: net not found
2026-10-07 12:35:37.557 WARN   Wiring.write_wire_scope: net not found
2026-10-07 12:35:37.557 WARN   Wiring.write_wire_scope: net not found
2026-10-07 12:35:37.557 WARN   Wiring.write_wire_scope: net not found
2026-10-07 12:35:37.557 WARN   Wiring.write_wire_scope: net not found
2026-10-07 12:35:37.557 WARN   Wiring.write_wire_scope: net not found
2026-10-07 12:35:37.557 WARN   Wiring.write_wire_scope: net not found
2026-10-07 12:35:37.557 WARN   Wiring.write_wire_scope: net not found
2026-10-07 12:35:37.557 WARN   Wiring.write_wire_scope: net not found
2026-10-07 12:35:37.557 WARN   Wiring.write_wire_scope: net not found
2026-10-07 12:35:37.557 WARN   Wiring.write_wire_scope: net not found
2026-10-07 12:35:37.557 WARN   Wiring.write_wire_scope: net not found
2026-10-07 12:35:37.557 WARN   Wiring.write_wire_scope: net not found
2026-10-07 12:35:37.557 WARN   Wiring.write_wire_scope: net not found
2026-10-07 12:35:37.557 WARN   Wiring.write_wire_scope: net not found
2026-10-07 12:35:37.557 WARN   Wiring.write_wire_scope: net not found
2026-10-07 12:35:37.557 WARN   Wiring.write_wire_scope: net not found
2026-10-07 12:35:37.557 WARN   Wiring.write_wire_scope: net not found
2026-10-07 12:35:37.557 WARN   Wiring.write_wire_scope: net not found
2026-10-07 12:35:37.557 WARN   Wiring.write_wire_scope: net not found
2026-10-07 12:35:37.557 WARN   Wiring.write_wire_scope: net not found
2026-10-07 12:35:37.557 WARN   Wiring.write_wire_scope: net not found
2026-10-07 12:35:37.557 WARN   Wiring.write_wire_scope: net not found
2026-10-07 12:35:37.557 WARN   Wiring.write_wire_scope: net not found
2026-10-07 12:35:37.557 WARN   Wiring.write_wire_scope: net not found
2026-10-07 12:35:37.557 WARN   Wiring.write_wire_scope: net not found
2026-10-07 12:35:37.557 WARN   Wiring.write_wire_scope: net not found
2026-10-07 12:35:37.557 WARN   Wiring.write_wire_scope: net not found
2026-10-07 12:35:37.557 WARN   Wiring.write_wire_scope: net not found
2026-10-07 12:35:37.557 WARN   Wiring.write_wire_scope: net not found
2026-10-07 12:35:37.557 WARN   Wiring.write_wire_scope: net not found
2026-10-07 12:35:37.557 WARN   Wiring.write_wire_scope: net not found
2026-10-07 12:35:37.557 WARN   Wiring.write_wire_scope: net not found
2026-10-07 12:35:37.557 WARN   Wiring.write_wire_scope: net not found
2026-10-07 12:35:37.557 WARN   Wiring.write_wire_scope: net not found
2026-10-07 12:35:37.557 WARN   Wiring.write_wire_scope: net not found
2026-10-07 12:35:37.557 WARN   Wiring.write_wire_scope: net not found
2026-10-07 12:35:37.557 WARN   Wiring.write_wire_scope: net not found
2026-10-07 12:35:37.557 WARN   Wiring.write_wire_scope: net not found
2026-10-07 12:35:37.557 WARN   Wiring.write_wire_scope: net not found
2026-10-07 12:35:37.557 WARN   Wiring.write_wire_scope: net not found
2026-10-07 12:35:37.557 WARN   Wiring.write_wire_scope: net not found
2026-10-07 12:35:37.557 WARN   Wiring.write_wire_scope: net not found
2026-10-07 12:35:37.557 WARN   Wiring.write_wire_scope: net not found
2026-10-07 12:35:37.557 WARN   Wiring.write_wire_scope: net not found
2026-10-07 12:35:37.557 WARN   Wiring.write_wire_scope: net not found
2026-10-07 12:35:37.557 WARN   Wiring.write_wire_scope: net not found
2026-10-07 12:35:37.557 WARN   Wiring.write_wire_scope: net not found
2026-10-07 12:35:37.557 WARN   Wiring.write_wire_scope: net not found
2026-10-07 12:35:37.557 WARN   Wiring.write_wire_scope: net not found
2026-10-07 12:35:37.557 WARN   Wiring.write_wire_scope: net not found
2026-10-07 12:35:37.557 WARN   Wiring.write_wire_scope: net not found
2026-10-07 12:35:37.557 WARN   Wiring.write_wire_scope: net not found
2026-10-07 12:35:37.557 WARN   Wiring.write_wire_scope: net not found
2026-10-07 12:35:37.557 WARN   Wiring.write_wire_scope: net not found
2026-10-07 12:35:37.557 WARN   Wiring.write_wire_scope: net not found
2026-10-07 12:35:37.557 WARN   Wiring.write_wire_scope: net not found
2026-10-07 12:35:37.557 WARN   Wiring.write_wire_scope: net not found
2026-10-07 12:35:37.557 WARN   Wiring.write_wire_scope: net not found
2026-10-07 12:35:37.557 WARN   Wiring.write_wire_scope: net not found
2026-10-07 12:35:37.557 WARN   Wiring.write_wire_scope: net not found
2026-10-07 12:35:37.557 WARN   Wiring.write_wire_scope: net not found
2026-10-07 12:35:37.557 WARN   Wiring.write_wire_scope: net not found
2026-10-07 12:35:37.557 WARN   Wiring.write_wire_scope: net not found
2026-10-07 12:35:37.557 WARN   Wiring.write_wire_scope: net not found
2026-10-07 12:35:37.557 WARN   Wiring.write_wire_scope: net not found
2026-10-07 12:35:37.557 WARN   Wiring.write_wire_scope: net not found
2026-10-07 12:35:37.557 WARN   Wiring.write_wire_scope: net not found
2026-10-07 12:35:37.557 WARN   Wiring.write_wire_scope: net not found
2026-10-07 12:35:37.557 WARN   Wiring.write_wire_scope: net not found
2026-10-07 12:35:37.557 WARN   Wiring.write_wire_scope: net not found
2026-10-07 12:35:37.557 WARN   Wiring.write_wire_scope: net not found
2026-10-07 12:35:37.557 WARN   Wiring.write_wire_scope: net not found
2026-10-07 12:35:37.557 WARN   Wiring.write_wire_scope: net not found
2026-10-07 12:35:37.557 WARN   Wiring.write_wire_scope: net not found
2026-10-07 12:35:37.557 WARN   Wiring.write_wire_scope: net not found
2026-10-07 12:35:37.557 WARN   Wiring.write_wire_scope: net not found
2026-10-07 12:35:37.557 WARN   Wiring.write_wire_scope: net not found
2026-10-07 12:35:37.557 WARN   Wiring.write_wire_scope: net not found
2026-10-07 12:35:37.557 WARN   Wiring.write_wire_scope: net not found
2026-10-07 12:35:37.557 WARN   Wiring.write_wire_scope: net not found
2026-10-07 12:35:37.557 WARN   Wiring.write_wire_scope: net not found
2026-10-07 12:35:37.557 WARN   Wiring.write_wire_scope: net not found
2026-10-07 12:35:37.557 WARN   Wiring.write_wire_scope: net not found
2026-10-07 12:35:37.557 WARN   Wiring.write_wire_scope: net not found
2026-10-07 12:35:37.557 WARN   Wiring.write_wire_scope: net not found
2026-10-07 12:35:37.557 WARN   Wiring.write_wire_scope: net not found
2026-10-07 12:35:37.557 WARN   Wiring.write_wire_scope: net not found
2026-10-07 12:35:37.557 WARN   Wiring.write_wire_scope: net not found
2026-10-07 12:35:37.557 WARN   Wiring.write_wire_scope: net not found
2026-10-07 12:35:37.557 WARN   Wiring.write_wire_scope: net not found
2026-10-07 12:35:37.557 WARN   Wiring.write_wire_scope: net not found
2026-10-07 12:35:37.557 WARN   Wiring.write_wire_scope: net not found
2026-10-07 12:35:37.557 WARN   Wiring.write_wire_scope: net not found
2026-10-07 12:35:37.557 WARN   Wiring.write_wire_scope: net not found
2026-10-07 12:35:37.557 WARN   Wiring.write_wire_scope: net not found
2026-10-07 12:35:37.557 WARN   Wiring.write_wire_scope: net not found
2026-10-07 12:35:37.557 WARN   Wiring.write_wire_scope: net not found
2026-10-07 12:35:37.557 WARN   Wiring.write_wire_scope: net not found
2026-10-07 12:35:37.557 WARN   Wiring.write_wire_scope: net not found
2026-10-07 12:35:37.557 WARN   Wiring.write_wire_scope: net not found
2026-10-07 12:35:37.557 WARN   Wiring.write_wire_scope: net not found
2026-10-07 12:35:37.557 WARN   Wiring.write_wire_scope: net not found
2026-10-07 12:35:37.557 WARN   Wiring.write_wire_scope: net not found
2026-10-07 12:35:37.557 WARN   Wiring.write_wire_scope: net not found
2026-10-07 12:35:37.557 WARN   Wiring.write_wire_scope: net not found
2026-10-07 12:35:37.557 WARN   Wiring.write_wire_scope: net not found
2026-10-07 12:35:37.557 WARN   Wiring.write_wire_scope: net not found
2026-10-07 12:35:37.557 WARN   Wiring.write_wire_scope: net not found
2026-10-07 12:35:37.557 WARN   Wiring.write_wire_scope: net not found
2026-10-07 12:35:37.557 WARN   Wiring.write_wire_scope: net not found
2026-10-07 12:35:37.557 WARN   Wiring.write_wire_scope: net not found
2026-10-07 12:35:37.557 WARN   Wiring.write_wire_scope: net not found
2026-10-07 12:35:37.557 WARN   Wiring.write_wire_scope: net not found
2026-10-07 12:35:37.557 WARN   Wiring.write_wire_scope: net not found
2026-10-07 12:35:37.557 WARN   Wiring.write_wire_scope: net not found
2026-10-07 12:35:37.557 WARN   Wiring.write_wire_scope: net not found
2026-10-07 12:35:37.557 WARN   Wiring.write_wire_scope: net not found
2026-10-07 12:35:37.557 WARN   Wiring.write_wire_scope: net not found
2026-10-07 12:35:37.557 WARN   Wiring.write_wire_scope: net not found
2026-10-07 12:35:37.557 WARN   Wiring.write_wire_scope: net not found
2026-10-07 12:35:37.557 WARN   Wiring.write_wire_scope: net not found
2026-10-07 12:35:37.557 WARN   Wiring.write_wire_scope: net not found
2026-10-07 12:35:37.557 WARN   Wiring.write_wire_scope: net not found
2026-10-07 12:35:37.557 WARN   Wiring.write_wire_scope: net not found
2026-10-07 12:35:37.557 WARN   Wiring.write_wire_scope: net not found
2026-10-07 12:35:37.557 WARN   Wiring.write_wire_scope: net not found
2026-10-07 12:35:37.557 WARN   Wiring.write_wire_scope: net not found
2026-10-07 12:35:37.557 WARN   Wiring.write_wire_scope: net not found
2026-10-07 12:35:37.557 WARN   Wiring.write_wire_scope: net not found
2026-10-07 12:35:37.557 WARN   Wiring.write_wire_scope: net not found
2026-10-07 12:35:37.557 WARN   Wiring.write_wire_scope: net not found
2026-10-07 12:35:37.557 WARN   Wiring.write_wire_scope: net not found
2026-10-07 12:35:37.557 WARN   Wiring.write_wire_scope: net not found
2026-10-07 12:35:37.557 WARN   Wiring.write_wire_scope: net not found
2026-10-07 12:35:37.557 WARN   Wiring.write_wire_scope: net not found
2026-10-07 12:35:37.557 WARN   Wiring.write_wire_scope: net not found
2026-10-07 12:35:37.557 WARN   Wiring.write_wire_scope: net not found
2026-10-07 12:35:37.557 WARN   Wiring.write_wire_scope: net not found
2026-10-07 12:35:37.557 WARN   Wiring.write_wire_scope: net not found
2026-10-07 12:35:37.557 WARN   Wiring.write_wire_scope: net not found
2026-10-07 12:35:37.557 WARN   Wiring.write_wire_scope: net not found
2026-10-07 12:35:37.557 WARN   Wiring.write_wire_scope: net not found
2026-10-07 12:35:37.557 WARN   Wiring.write_wire_scope: net not found
2026-10-07 12:35:37.557 WARN   Wiring.write_wire_scope: net not found
2026-10-07 12:35:37.557 WARN   Wiring.write_wire_scope: net not found
2026-10-07 12:35:37.557 WARN   Wiring.write_wire_scope: net not found
2026-10-07 12:35:37.557 WARN   Wiring.write_wire_scope: net not found
2026-10-07 12:35:37.557 WARN   Wiring.write_wire_scope: net not found
2026-10-07 12:35:37.557 WARN   Wiring.write_wire_scope: net not found
2026-10-07 12:35:37.557 WARN   Wiring.write_wire_scope: net not found
2026-10-07 12:35:37.557 WARN   Wiring.write_wire_scope: net not found
2026-10-07 12:35:37.557 WARN   Wiring.write_wire_scope: net not found
2026-10-07 12:35:37.557 WARN   Wiring.write_wire_scope: net not found
2026-10-07 12:35:37.557 WARN   Wiring.write_wire_scope: net not found
2026-10-07 12:35:37.557 WARN   Wiring.write_wire_scope: net not found
2026-10-07 12:35:37.557 WARN   Wiring.write_wire_scope: net not found
2026-10-07 12:35:37.557 WARN   Wiring.write_wire_scope: net not found
2026-10-07 12:35:37.557 WARN   Wiring.write_wire_scope: net not found
2026-10-07 12:35:37.557 WARN   Wiring.write_wire_scope: net not found
2026-10-07 12:35:37.557 WARN   Wiring.write_wire_scope: net not found
2026-10-07 12:35:37.557 WARN   Wiring.write_wire_scope: net not found
2026-10-07 12:35:37.557 WARN   Wiring.write_wire_scope: net not found
2026-10-07 12:35:37.557 WARN   Wiring.write_wire_scope: net not found
2026-10-07 12:35:37.557 WARN   Wiring.write_wire_scope: net not found
2026-10-07 12:35:37.557 WARN   Wiring.write_wire_scope: net not found
2026-10-07 12:35:37.557 WARN   Wiring.write_wire_scope: net not found
2026-10-07 12:35:37.557 WARN   Wiring.write_wire_scope: net not found
2026-10-07 12:35:37.557 WARN   Wiring.write_wire_scope: net not found
2026-10-07 12:35:37.557 WARN   Wiring.write_wire_scope: net not found
2026-10-07 12:35:37.557 WARN   Wiring.write_wire_scope: net not found
2026-10-07 12:35:37.557 WARN   Wiring.write_wire_scope: net not found
2026-10-07 12:35:37.557 WARN   Wiring.write_wire_scope: net not found
2026-10-07 12:35:37.557 WARN   Wiring.write_wire_scope: net not found
2026-10-07 12:35:37.557 WARN   Wiring.write_wire_scope: net not found
2026-10-07 12:35:37.557 WARN   Wiring.write_wire_scope: net not found
2026-10-07 12:35:37.557 WARN   Wiring.write_wire_scope: net not found
2026-10-07 12:35:37.557 WARN   Wiring.write_wire_scope: net not found
2026-10-07 12:35:37.557 WARN   Wiring.write_wire_scope: net not found
2026-10-07 12:35:37.557 WARN   Wiring.write_wire_scope: net not found
2026-10-07 12:35:37.557 WARN   Wiring.write_wire_scope: net not found
2026-10-07 12:35:37.557 WARN   Wiring.write_wire_scope: net not found
2026-10-07 12:35:37.557 WARN   Wiring.write_wire_scope: net not found
2026-10-07 12:35:37.557 WARN   Wiring.write_wire_scope: net not found
2026-10-07 12:35:37.557 WARN   Wiring.write_wire_scope: net not found
2026-10-07 12:35:37.557 WARN   Wiring.write_wire_scope: net not found
2026-10-07 12:35:37.558 WARN   Wiring.write_wire_scope: net not found
2026-10-07 12:35:37.558 WARN   Wiring.write_wire_scope: net not found
2026-10-07 12:35:37.558 WARN   Wiring.write_wire_scope: net not found
2026-10-07 12:35:37.558 WARN   Wiring.write_wire_scope: net not found
2026-10-07 12:35:37.558 WARN   Wiring.write_wire_scope: net not found
2026-10-07 12:35:37.558 WARN   Wiring.write_wire_scope: net not found
2026-10-07 12:35:37.558 WARN   Wiring.write_wire_scope: net not found
2026-10-07 12:35:37.562 INFO   [7E698B\8BA015] Fanout pass #3 on board '824362c2f9cb6961397a83387ac42c31' completed in 0.05 seconds with 0 SMD pins fanouted, 0 not routed, 0 insert errors, +0 extra vias (0 SMD pins still to check in pass, ripup costs=300).
2026-10-07 12:35:37.566 INFO   [7E698B\8BA015] Fanout stage completed: started with 26 total SMD pins, completed in 0.73 seconds, escaped pins: 11/26 (42.3%), using 0.73 total CPU seconds, 0.42 GB total allocated, and 152.3 MB peak heap usage.
2026-10-07 12:35:37.667 INFO   [7E698B\8BA015] Auto-routing stage started on board '824362c2f9cb6961397a83387ac42c31' with baseline score 188.17 for 19 unrouted items.
2026-10-07 12:35:37.760 WARN   Wiring.write_wire_scope: net not found
2026-10-07 12:35:37.760 WARN   Wiring.write_wire_scope: net not found
2026-10-07 12:35:37.760 WARN   Wiring.write_wire_scope: net not found
2026-10-07 12:35:37.760 WARN   Wiring.write_wire_scope: net not found
2026-10-07 12:35:37.760 WARN   Wiring.write_wire_scope: net not found
2026-10-07 12:35:37.760 WARN   Wiring.write_wire_scope: net not found
2026-10-07 12:35:37.760 WARN   Wiring.write_wire_scope: net not found
2026-10-07 12:35:37.760 WARN   Wiring.write_wire_scope: net not found
2026-10-07 12:35:37.760 WARN   Wiring.write_wire_scope: net not found
2026-10-07 12:35:37.760 WARN   Wiring.write_wire_scope: net not found
2026-10-07 12:35:37.760 WARN   Wiring.write_wire_scope: net not found
2026-10-07 12:35:37.760 WARN   Wiring.write_wire_scope: net not found
2026-10-07 12:35:37.760 WARN   Wiring.write_wire_scope: net not found
2026-10-07 12:35:37.760 WARN   Wiring.write_wire_scope: net not found
2026-10-07 12:35:37.760 WARN   Wiring.write_wire_scope: net not found
2026-10-07 12:35:37.760 WARN   Wiring.write_wire_scope: net not found
2026-10-07 12:35:37.760 WARN   Wiring.write_wire_scope: net not found
2026-10-07 12:35:37.760 WARN   Wiring.write_wire_scope: net not found
2026-10-07 12:35:37.760 WARN   Wiring.write_wire_scope: net not found
2026-10-07 12:35:37.760 WARN   Wiring.write_wire_scope: net not found
2026-10-07 12:35:37.760 WARN   Wiring.write_wire_scope: net not found
2026-10-07 12:35:37.760 WARN   Wiring.write_wire_scope: net not found
2026-10-07 12:35:37.760 WARN   Wiring.write_wire_scope: net not found
2026-10-07 12:35:37.760 WARN   Wiring.write_wire_scope: net not found
2026-10-07 12:35:37.760 WARN   Wiring.write_wire_scope: net not found
2026-10-07 12:35:37.760 WARN   Wiring.write_wire_scope: net not found
2026-10-07 12:35:37.760 WARN   Wiring.write_wire_scope: net not found
2026-10-07 12:35:37.760 WARN   Wiring.write_wire_scope: net not found
2026-10-07 12:35:37.760 WARN   Wiring.write_wire_scope: net not found
2026-10-07 12:35:37.760 WARN   Wiring.write_wire_scope: net not found
2026-10-07 12:35:37.760 WARN   Wiring.write_wire_scope: net not found
2026-10-07 12:35:37.760 WARN   Wiring.write_wire_scope: net not found
2026-10-07 12:35:37.760 WARN   Wiring.write_wire_scope: net not found
2026-10-07 12:35:37.760 WARN   Wiring.write_wire_scope: net not found
2026-10-07 12:35:37.760 WARN   Wiring.write_wire_scope: net not found
2026-10-07 12:35:37.760 WARN   Wiring.write_wire_scope: net not found
2026-10-07 12:35:37.760 WARN   Wiring.write_wire_scope: net not found
2026-10-07 12:35:37.760 WARN   Wiring.write_wire_scope: net not found
2026-10-07 12:35:37.760 WARN   Wiring.write_wire_scope: net not found
2026-10-07 12:35:37.760 WARN   Wiring.write_wire_scope: net not found
2026-10-07 12:35:37.760 WARN   Wiring.write_wire_scope: net not found
2026-10-07 12:35:37.760 WARN   Wiring.write_wire_scope: net not found
2026-10-07 12:35:37.760 WARN   Wiring.write_wire_scope: net not found
2026-10-07 12:35:37.760 WARN   Wiring.write_wire_scope: net not found
2026-10-07 12:35:37.760 WARN   Wiring.write_wire_scope: net not found
2026-10-07 12:35:37.760 WARN   Wiring.write_wire_scope: net not found
2026-10-07 12:35:37.760 WARN   Wiring.write_wire_scope: net not found
2026-10-07 12:35:37.760 WARN   Wiring.write_wire_scope: net not found
2026-10-07 12:35:37.760 WARN   Wiring.write_wire_scope: net not found
2026-10-07 12:35:37.760 WARN   Wiring.write_wire_scope: net not found
2026-10-07 12:35:37.760 WARN   Wiring.write_wire_scope: net not found
2026-10-07 12:35:37.760 WARN   Wiring.write_wire_scope: net not found
2026-10-07 12:35:37.760 WARN   Wiring.write_wire_scope: net not found
2026-10-07 12:35:37.760 WARN   Wiring.write_wire_scope: net not found
2026-10-07 12:35:37.760 WARN   Wiring.write_wire_scope: net not found
2026-10-07 12:35:37.760 WARN   Wiring.write_wire_scope: net not found
2026-10-07 12:35:37.760 WARN   Wiring.write_wire_scope: net not found
2026-10-07 12:35:37.760 WARN   Wiring.write_wire_scope: net not found
2026-10-07 12:35:37.760 WARN   Wiring.write_wire_scope: net not found
2026-10-07 12:35:37.760 WARN   Wiring.write_wire_scope: net not found
2026-10-07 12:35:37.760 WARN   Wiring.write_wire_scope: net not found
2026-10-07 12:35:37.760 WARN   Wiring.write_wire_scope: net not found
2026-10-07 12:35:37.760 WARN   Wiring.write_wire_scope: net not found
2026-10-07 12:35:37.760 WARN   Wiring.write_wire_scope: net not found
2026-10-07 12:35:37.760 WARN   Wiring.write_wire_scope: net not found
2026-10-07 12:35:37.760 WARN   Wiring.write_wire_scope: net not found
2026-10-07 12:35:37.760 WARN   Wiring.write_wire_scope: net not found
2026-10-07 12:35:37.760 WARN   Wiring.write_wire_scope: net not found
2026-10-07 12:35:37.760 WARN   Wiring.write_wire_scope: net not found
2026-10-07 12:35:37.760 WARN   Wiring.write_wire_scope: net not found
2026-10-07 12:35:37.760 WARN   Wiring.write_wire_scope: net not found
2026-10-07 12:35:37.760 WARN   Wiring.write_wire_scope: net not found
2026-10-07 12:35:37.760 WARN   Wiring.write_wire_scope: net not found
2026-10-07 12:35:37.760 WARN   Wiring.write_wire_scope: net not found
2026-10-07 12:35:37.760 WARN   Wiring.write_wire_scope: net not found
2026-10-07 12:35:37.760 WARN   Wiring.write_wire_scope: net not found
2026-10-07 12:35:37.760 WARN   Wiring.write_wire_scope: net not found
2026-10-07 12:35:37.760 WARN   Wiring.write_wire_scope: net not found
2026-10-07 12:35:37.760 WARN   Wiring.write_wire_scope: net not found
2026-10-07 12:35:37.760 WARN   Wiring.write_wire_scope: net not found
2026-10-07 12:35:37.760 WARN   Wiring.write_wire_scope: net not found
2026-10-07 12:35:37.760 WARN   Wiring.write_wire_scope: net not found
2026-10-07 12:35:37.760 WARN   Wiring.write_wire_scope: net not found
2026-10-07 12:35:37.760 WARN   Wiring.write_wire_scope: net not found
2026-10-07 12:35:37.760 WARN   Wiring.write_wire_scope: net not found
2026-10-07 12:35:37.760 WARN   Wiring.write_wire_scope: net not found
2026-10-07 12:35:37.760 WARN   Wiring.write_wire_scope: net not found
2026-10-07 12:35:37.760 WARN   Wiring.write_wire_scope: net not found
2026-10-07 12:35:37.760 WARN   Wiring.write_wire_scope: net not found
2026-10-07 12:35:37.760 WARN   Wiring.write_wire_scope: net not found
2026-10-07 12:35:37.760 WARN   Wiring.write_wire_scope: net not found
2026-10-07 12:35:37.760 WARN   Wiring.write_wire_scope: net not found
2026-10-07 12:35:37.760 WARN   Wiring.write_wire_scope: net not found
2026-10-07 12:35:37.760 WARN   Wiring.write_wire_scope: net not found
2026-10-07 12:35:37.760 WARN   Wiring.write_wire_scope: net not found
2026-10-07 12:35:37.760 WARN   Wiring.write_wire_scope: net not found
2026-10-07 12:35:37.760 WARN   Wiring.write_wire_scope: net not found
2026-10-07 12:35:37.760 WARN   Wiring.write_wire_scope: net not found
2026-10-07 12:35:37.760 WARN   Wiring.write_wire_scope: net not found
2026-10-07 12:35:37.760 WARN   Wiring.write_wire_scope: net not found
2026-10-07 12:35:37.760 WARN   Wiring.write_wire_scope: net not found
2026-10-07 12:35:37.760 WARN   Wiring.write_wire_scope: net not found
2026-10-07 12:35:37.760 WARN   Wiring.write_wire_scope: net not found
2026-10-07 12:35:37.760 WARN   Wiring.write_wire_scope: net not found
2026-10-07 12:35:37.760 WARN   Wiring.write_wire_scope: net not found
2026-10-07 12:35:37.760 WARN   Wiring.write_wire_scope: net not found
2026-10-07 12:35:37.760 WARN   Wiring.write_wire_scope: net not found
2026-10-07 12:35:37.760 WARN   Wiring.write_wire_scope: net not found
2026-10-07 12:35:37.760 WARN   Wiring.write_wire_scope: net not found
2026-10-07 12:35:37.760 WARN   Wiring.write_wire_scope: net not found
2026-10-07 12:35:37.760 WARN   Wiring.write_wire_scope: net not found
2026-10-07 12:35:37.760 WARN   Wiring.write_wire_scope: net not found
2026-10-07 12:35:37.760 WARN   Wiring.write_wire_scope: net not found
2026-10-07 12:35:37.760 WARN   Wiring.write_wire_scope: net not found
2026-10-07 12:35:37.760 WARN   Wiring.write_wire_scope: net not found
2026-10-07 12:35:37.760 WARN   Wiring.write_wire_scope: net not found
2026-10-07 12:35:37.760 WARN   Wiring.write_wire_scope: net not found
2026-10-07 12:35:37.760 WARN   Wiring.write_wire_scope: net not found
2026-10-07 12:35:37.760 WARN   Wiring.write_wire_scope: net not found
2026-10-07 12:35:37.760 WARN   Wiring.write_wire_scope: net not found
2026-10-07 12:35:37.760 WARN   Wiring.write_wire_scope: net not found
2026-10-07 12:35:37.761 WARN   Wiring.write_wire_scope: net not found
2026-10-07 12:35:37.761 WARN   Wiring.write_wire_scope: net not found
2026-10-07 12:35:37.761 WARN   Wiring.write_wire_scope: net not found
2026-10-07 12:35:37.761 WARN   Wiring.write_wire_scope: net not found
2026-10-07 12:35:37.761 WARN   Wiring.write_wire_scope: net not found
2026-10-07 12:35:37.761 WARN   Wiring.write_wire_scope: net not found
2026-10-07 12:35:37.761 WARN   Wiring.write_wire_scope: net not found
2026-10-07 12:35:37.761 WARN   Wiring.write_wire_scope: net not found
2026-10-07 12:35:37.761 WARN   Wiring.write_wire_scope: net not found
2026-10-07 12:35:37.761 WARN   Wiring.write_wire_scope: net not found
2026-10-07 12:35:37.761 WARN   Wiring.write_wire_scope: net not found
2026-10-07 12:35:37.761 WARN   Wiring.write_wire_scope: net not found
2026-10-07 12:35:37.761 WARN   Wiring.write_wire_scope: net not found
2026-10-07 12:35:37.761 WARN   Wiring.write_wire_scope: net not found
2026-10-07 12:35:37.761 WARN   Wiring.write_wire_scope: net not found
2026-10-07 12:35:37.761 WARN   Wiring.write_wire_scope: net not found
2026-10-07 12:35:37.761 WARN   Wiring.write_wire_scope: net not found
2026-10-07 12:35:37.761 WARN   Wiring.write_wire_scope: net not found
2026-10-07 12:35:37.761 WARN   Wiring.write_wire_scope: net not found
2026-10-07 12:35:37.761 WARN   Wiring.write_wire_scope: net not found
2026-10-07 12:35:37.761 WARN   Wiring.write_wire_scope: net not found
2026-10-07 12:35:37.761 WARN   Wiring.write_wire_scope: net not found
2026-10-07 12:35:37.761 WARN   Wiring.write_wire_scope: net not found
2026-10-07 12:35:37.761 WARN   Wiring.write_wire_scope: net not found
2026-10-07 12:35:37.761 WARN   Wiring.write_wire_scope: net not found
2026-10-07 12:35:37.761 WARN   Wiring.write_wire_scope: net not found
2026-10-07 12:35:37.761 WARN   Wiring.write_wire_scope: net not found
2026-10-07 12:35:37.761 WARN   Wiring.write_wire_scope: net not found
2026-10-07 12:35:37.761 WARN   Wiring.write_wire_scope: net not found
2026-10-07 12:35:37.761 WARN   Wiring.write_wire_scope: net not found
2026-10-07 12:35:37.761 WARN   Wiring.write_wire_scope: net not found
2026-10-07 12:35:37.761 WARN   Wiring.write_wire_scope: net not found
2026-10-07 12:35:37.761 WARN   Wiring.write_wire_scope: net not found
2026-10-07 12:35:37.761 WARN   Wiring.write_wire_scope: net not found
2026-10-07 12:35:37.761 WARN   Wiring.write_wire_scope: net not found
2026-10-07 12:35:37.761 WARN   Wiring.write_wire_scope: net not found
2026-10-07 12:35:37.761 WARN   Wiring.write_wire_scope: net not found
2026-10-07 12:35:37.761 WARN   Wiring.write_wire_scope: net not found
2026-10-07 12:35:37.761 WARN   Wiring.write_wire_scope: net not found
2026-10-07 12:35:37.761 WARN   Wiring.write_wire_scope: net not found
2026-10-07 12:35:37.761 WARN   Wiring.write_wire_scope: net not found
2026-10-07 12:35:37.761 WARN   Wiring.write_wire_scope: net not found
2026-10-07 12:35:37.761 WARN   Wiring.write_wire_scope: net not found
2026-10-07 12:35:37.761 WARN   Wiring.write_wire_scope: net not found
2026-10-07 12:35:37.761 WARN   Wiring.write_wire_scope: net not found
2026-10-07 12:35:37.761 WARN   Wiring.write_wire_scope: net not found
2026-10-07 12:35:37.761 WARN   Wiring.write_wire_scope: net not found
2026-10-07 12:35:37.761 WARN   Wiring.write_wire_scope: net not found
2026-10-07 12:35:37.761 WARN   Wiring.write_wire_scope: net not found
2026-10-07 12:35:37.761 WARN   Wiring.write_wire_scope: net not found
2026-10-07 12:35:37.761 WARN   Wiring.write_wire_scope: net not found
2026-10-07 12:35:37.761 WARN   Wiring.write_wire_scope: net not found
2026-10-07 12:35:37.761 WARN   Wiring.write_wire_scope: net not found
2026-10-07 12:35:37.761 WARN   Wiring.write_wire_scope: net not found
2026-10-07 12:35:37.761 WARN   Wiring.write_wire_scope: net not found
2026-10-07 12:35:37.761 WARN   Wiring.write_wire_scope: net not found
2026-10-07 12:35:37.761 WARN   Wiring.write_wire_scope: net not found
2026-10-07 12:35:37.761 WARN   Wiring.write_wire_scope: net not found
2026-10-07 12:35:37.761 WARN   Wiring.write_wire_scope: net not found
2026-10-07 12:35:37.761 WARN   Wiring.write_wire_scope: net not found
2026-10-07 12:35:37.761 WARN   Wiring.write_wire_scope: net not found
2026-10-07 12:35:37.761 WARN   Wiring.write_wire_scope: net not found
2026-10-07 12:35:37.761 WARN   Wiring.write_wire_scope: net not found
2026-10-07 12:35:37.761 WARN   Wiring.write_wire_scope: net not found
2026-10-07 12:35:37.761 WARN   Wiring.write_wire_scope: net not found
2026-10-07 12:35:37.761 WARN   Wiring.write_wire_scope: net not found
2026-10-07 12:35:37.761 WARN   Wiring.write_wire_scope: net not found
2026-10-07 12:35:37.761 WARN   Wiring.write_wire_scope: net not found
2026-10-07 12:35:37.761 WARN   Wiring.write_wire_scope: net not found
2026-10-07 12:35:37.761 WARN   Wiring.write_wire_scope: net not found
2026-10-07 12:35:37.761 WARN   Wiring.write_wire_scope: net not found
2026-10-07 12:35:37.761 WARN   Wiring.write_wire_scope: net not found
2026-10-07 12:35:37.761 WARN   Wiring.write_wire_scope: net not found
2026-10-07 12:35:37.802 WARN   Wiring.write_wire_scope: net not found
2026-10-07 12:35:37.802 WARN   Wiring.write_wire_scope: net not found
2026-10-07 12:35:37.802 WARN   Wiring.write_wire_scope: net not found
2026-10-07 12:35:37.802 WARN   Wiring.write_wire_scope: net not found
2026-10-07 12:35:37.802 WARN   Wiring.write_wire_scope: net not found
2026-10-07 12:35:37.802 WARN   Wiring.write_wire_scope: net not found
2026-10-07 12:35:37.802 WARN   Wiring.write_wire_scope: net not found
2026-10-07 12:35:37.802 WARN   Wiring.write_wire_scope: net not found
2026-10-07 12:35:37.802 WARN   Wiring.write_wire_scope: net not found
2026-10-07 12:35:37.802 WARN   Wiring.write_wire_scope: net not found
2026-10-07 12:35:37.802 WARN   Wiring.write_wire_scope: net not found
2026-10-07 12:35:37.802 WARN   Wiring.write_wire_scope: net not found
2026-10-07 12:35:37.802 WARN   Wiring.write_wire_scope: net not found
2026-10-07 12:35:37.802 WARN   Wiring.write_wire_scope: net not found
2026-10-07 12:35:37.802 WARN   Wiring.write_wire_scope: net not found
2026-10-07 12:35:37.802 WARN   Wiring.write_wire_scope: net not found
2026-10-07 12:35:37.802 WARN   Wiring.write_wire_scope: net not found
2026-10-07 12:35:37.802 WARN   Wiring.write_wire_scope: net not found
2026-10-07 12:35:37.802 WARN   Wiring.write_wire_scope: net not found
2026-10-07 12:35:37.802 WARN   Wiring.write_wire_scope: net not found
2026-10-07 12:35:37.802 WARN   Wiring.write_wire_scope: net not found
2026-10-07 12:35:37.802 WARN   Wiring.write_wire_scope: net not found
2026-10-07 12:35:37.802 WARN   Wiring.write_wire_scope: net not found
2026-10-07 12:35:37.802 WARN   Wiring.write_wire_scope: net not found
2026-10-07 12:35:37.802 WARN   Wiring.write_wire_scope: net not found
2026-10-07 12:35:37.802 WARN   Wiring.write_wire_scope: net not found
2026-10-07 12:35:37.802 WARN   Wiring.write_wire_scope: net not found
2026-10-07 12:35:37.802 WARN   Wiring.write_wire_scope: net not found
2026-10-07 12:35:37.802 WARN   Wiring.write_wire_scope: net not found
2026-10-07 12:35:37.802 WARN   Wiring.write_wire_scope: net not found
2026-10-07 12:35:37.802 WARN   Wiring.write_wire_scope: net not found
2026-10-07 12:35:37.802 WARN   Wiring.write_wire_scope: net not found
2026-10-07 12:35:37.802 WARN   Wiring.write_wire_scope: net not found
2026-10-07 12:35:37.802 WARN   Wiring.write_wire_scope: net not found
2026-10-07 12:35:37.802 WARN   Wiring.write_wire_scope: net not found
2026-10-07 12:35:37.802 WARN   Wiring.write_wire_scope: net not found
2026-10-07 12:35:37.802 WARN   Wiring.write_wire_scope: net not found
2026-10-07 12:35:37.802 WARN   Wiring.write_wire_scope: net not found
2026-10-07 12:35:37.802 WARN   Wiring.write_wire_scope: net not found
2026-10-07 12:35:37.802 WARN   Wiring.write_wire_scope: net not found
2026-10-07 12:35:37.802 WARN   Wiring.write_wire_scope: net not found
2026-10-07 12:35:37.802 WARN   Wiring.write_wire_scope: net not found
2026-10-07 12:35:37.803 WARN   Wiring.write_wire_scope: net not found
2026-10-07 12:35:37.803 WARN   Wiring.write_wire_scope: net not found
2026-10-07 12:35:37.803 WARN   Wiring.write_wire_scope: net not found
2026-10-07 12:35:37.803 WARN   Wiring.write_wire_scope: net not found
2026-10-07 12:35:37.803 WARN   Wiring.write_wire_scope: net not found
2026-10-07 12:35:37.803 WARN   Wiring.write_wire_scope: net not found
2026-10-07 12:35:37.803 WARN   Wiring.write_wire_scope: net not found
2026-10-07 12:35:37.803 WARN   Wiring.write_wire_scope: net not found
2026-10-07 12:35:37.803 WARN   Wiring.write_wire_scope: net not found
2026-10-07 12:35:37.803 WARN   Wiring.write_wire_scope: net not found
2026-10-07 12:35:37.803 WARN   Wiring.write_wire_scope: net not found
2026-10-07 12:35:37.803 WARN   Wiring.write_wire_scope: net not found
2026-10-07 12:35:37.803 WARN   Wiring.write_wire_scope: net not found
2026-10-07 12:35:37.803 WARN   Wiring.write_wire_scope: net not found
2026-10-07 12:35:37.803 WARN   Wiring.write_wire_scope: net not found
2026-10-07 12:35:37.803 WARN   Wiring.write_wire_scope: net not found
2026-10-07 12:35:37.803 WARN   Wiring.write_wire_scope: net not found
2026-10-07 12:35:37.803 WARN   Wiring.write_wire_scope: net not found
2026-10-07 12:35:37.803 WARN   Wiring.write_wire_scope: net not found
2026-10-07 12:35:37.803 WARN   Wiring.write_wire_scope: net not found
2026-10-07 12:35:37.803 WARN   Wiring.write_wire_scope: net not found
2026-10-07 12:35:37.803 WARN   Wiring.write_wire_scope: net not found
2026-10-07 12:35:37.803 WARN   Wiring.write_wire_scope: net not found
2026-10-07 12:35:37.803 WARN   Wiring.write_wire_scope: net not found
2026-10-07 12:35:37.803 WARN   Wiring.write_wire_scope: net not found
2026-10-07 12:35:37.803 WARN   Wiring.write_wire_scope: net not found
2026-10-07 12:35:37.803 WARN   Wiring.write_wire_scope: net not found
2026-10-07 12:35:37.803 WARN   Wiring.write_wire_scope: net not found
2026-10-07 12:35:37.803 WARN   Wiring.write_wire_scope: net not found
2026-10-07 12:35:37.803 WARN   Wiring.write_wire_scope: net not found
2026-10-07 12:35:37.803 WARN   Wiring.write_wire_scope: net not found
2026-10-07 12:35:37.803 WARN   Wiring.write_wire_scope: net not found
2026-10-07 12:35:37.803 WARN   Wiring.write_wire_scope: net not found
2026-10-07 12:35:37.803 WARN   Wiring.write_wire_scope: net not found
2026-10-07 12:35:37.803 WARN   Wiring.write_wire_scope: net not found
2026-10-07 12:35:37.803 WARN   Wiring.write_wire_scope: net not found
2026-10-07 12:35:37.803 WARN   Wiring.write_wire_scope: net not found
2026-10-07 12:35:37.803 WARN   Wiring.write_wire_scope: net not found
2026-10-07 12:35:37.803 WARN   Wiring.write_wire_scope: net not found
2026-10-07 12:35:37.803 WARN   Wiring.write_wire_scope: net not found
2026-10-07 12:35:37.803 WARN   Wiring.write_wire_scope: net not found
2026-10-07 12:35:37.803 WARN   Wiring.write_wire_scope: net not found
2026-10-07 12:35:37.803 WARN   Wiring.write_wire_scope: net not found
2026-10-07 12:35:37.803 WARN   Wiring.write_wire_scope: net not found
2026-10-07 12:35:37.803 WARN   Wiring.write_wire_scope: net not found
2026-10-07 12:35:37.803 WARN   Wiring.write_wire_scope: net not found
2026-10-07 12:35:37.803 WARN   Wiring.write_wire_scope: net not found
2026-10-07 12:35:37.803 WARN   Wiring.write_wire_scope: net not found
2026-10-07 12:35:37.803 WARN   Wiring.write_wire_scope: net not found
2026-10-07 12:35:37.803 WARN   Wiring.write_wire_scope: net not found
2026-10-07 12:35:37.803 WARN   Wiring.write_wire_scope: net not found
2026-10-07 12:35:37.803 WARN   Wiring.write_wire_scope: net not found
2026-10-07 12:35:37.803 WARN   Wiring.write_wire_scope: net not found
2026-10-07 12:35:37.803 WARN   Wiring.write_wire_scope: net not found
2026-10-07 12:35:37.803 WARN   Wiring.write_wire_scope: net not found
2026-10-07 12:35:37.803 WARN   Wiring.write_wire_scope: net not found
2026-10-07 12:35:37.803 WARN   Wiring.write_wire_scope: net not found
2026-10-07 12:35:37.803 WARN   Wiring.write_wire_scope: net not found
2026-10-07 12:35:37.803 WARN   Wiring.write_wire_scope: net not found
2026-10-07 12:35:37.803 WARN   Wiring.write_wire_scope: net not found
2026-10-07 12:35:37.803 WARN   Wiring.write_wire_scope: net not found
2026-10-07 12:35:37.803 WARN   Wiring.write_wire_scope: net not found
2026-10-07 12:35:37.803 WARN   Wiring.write_wire_scope: net not found
2026-10-07 12:35:37.803 WARN   Wiring.write_wire_scope: net not found
2026-10-07 12:35:37.803 WARN   Wiring.write_wire_scope: net not found
2026-10-07 12:35:37.803 WARN   Wiring.write_wire_scope: net not found
2026-10-07 12:35:37.803 WARN   Wiring.write_wire_scope: net not found
2026-10-07 12:35:37.803 WARN   Wiring.write_wire_scope: net not found
2026-10-07 12:35:37.803 WARN   Wiring.write_wire_scope: net not found
2026-10-07 12:35:37.803 WARN   Wiring.write_wire_scope: net not found
2026-10-07 12:35:37.803 WARN   Wiring.write_wire_scope: net not found
2026-10-07 12:35:37.803 WARN   Wiring.write_wire_scope: net not found
2026-10-07 12:35:37.803 WARN   Wiring.write_wire_scope: net not found
2026-10-07 12:35:37.803 WARN   Wiring.write_wire_scope: net not found
2026-10-07 12:35:37.803 WARN   Wiring.write_wire_scope: net not found
2026-10-07 12:35:37.803 WARN   Wiring.write_wire_scope: net not found
2026-10-07 12:35:37.803 WARN   Wiring.write_wire_scope: net not found
2026-10-07 12:35:37.803 WARN   Wiring.write_wire_scope: net not found
2026-10-07 12:35:37.803 WARN   Wiring.write_wire_scope: net not found
2026-10-07 12:35:37.803 WARN   Wiring.write_wire_scope: net not found
2026-10-07 12:35:37.803 WARN   Wiring.write_wire_scope: net not found
2026-10-07 12:35:37.803 WARN   Wiring.write_wire_scope: net not found
2026-10-07 12:35:37.803 WARN   Wiring.write_wire_scope: net not found
2026-10-07 12:35:37.803 WARN   Wiring.write_wire_scope: net not found
2026-10-07 12:35:37.803 WARN   Wiring.write_wire_scope: net not found
2026-10-07 12:35:37.803 WARN   Wiring.write_wire_scope: net not found
2026-10-07 12:35:37.803 WARN   Wiring.write_wire_scope: net not found
2026-10-07 12:35:37.803 WARN   Wiring.write_wire_scope: net not found
2026-10-07 12:35:37.803 WARN   Wiring.write_wire_scope: net not found
2026-10-07 12:35:37.803 WARN   Wiring.write_wire_scope: net not found
2026-10-07 12:35:37.803 WARN   Wiring.write_wire_scope: net not found
2026-10-07 12:35:37.803 WARN   Wiring.write_wire_scope: net not found
2026-10-07 12:35:37.803 WARN   Wiring.write_wire_scope: net not found
2026-10-07 12:35:37.803 WARN   Wiring.write_wire_scope: net not found
2026-10-07 12:35:37.803 WARN   Wiring.write_wire_scope: net not found
2026-10-07 12:35:37.803 WARN   Wiring.write_wire_scope: net not found
2026-10-07 12:35:37.803 WARN   Wiring.write_wire_scope: net not found
2026-10-07 12:35:37.803 WARN   Wiring.write_wire_scope: net not found
2026-10-07 12:35:37.803 WARN   Wiring.write_wire_scope: net not found
2026-10-07 12:35:37.803 WARN   Wiring.write_wire_scope: net not found
2026-10-07 12:35:37.803 WARN   Wiring.write_wire_scope: net not found
2026-10-07 12:35:37.803 WARN   Wiring.write_wire_scope: net not found
2026-10-07 12:35:37.803 WARN   Wiring.write_wire_scope: net not found
2026-10-07 12:35:37.803 WARN   Wiring.write_wire_scope: net not found
2026-10-07 12:35:37.803 WARN   Wiring.write_wire_scope: net not found
2026-10-07 12:35:37.803 WARN   Wiring.write_wire_scope: net not found
2026-10-07 12:35:37.803 WARN   Wiring.write_wire_scope: net not found
2026-10-07 12:35:37.803 WARN   Wiring.write_wire_scope: net not found
2026-10-07 12:35:37.803 WARN   Wiring.write_wire_scope: net not found
2026-10-07 12:35:37.803 WARN   Wiring.write_wire_scope: net not found
2026-10-07 12:35:37.803 WARN   Wiring.write_wire_scope: net not found
2026-10-07 12:35:37.803 WARN   Wiring.write_wire_scope: net not found
2026-10-07 12:35:37.803 WARN   Wiring.write_wire_scope: net not found
2026-10-07 12:35:37.803 WARN   Wiring.write_wire_scope: net not found
2026-10-07 12:35:37.803 WARN   Wiring.write_wire_scope: net not found
2026-10-07 12:35:37.803 WARN   Wiring.write_wire_scope: net not found
2026-10-07 12:35:37.803 WARN   Wiring.write_wire_scope: net not found
2026-10-07 12:35:37.803 WARN   Wiring.write_wire_scope: net not found
2026-10-07 12:35:37.803 WARN   Wiring.write_wire_scope: net not found
2026-10-07 12:35:37.803 WARN   Wiring.write_wire_scope: net not found
2026-10-07 12:35:37.803 WARN   Wiring.write_wire_scope: net not found
2026-10-07 12:35:37.803 WARN   Wiring.write_wire_scope: net not found
2026-10-07 12:35:37.803 WARN   Wiring.write_wire_scope: net not found
2026-10-07 12:35:37.803 WARN   Wiring.write_wire_scope: net not found
2026-10-07 12:35:37.803 WARN   Wiring.write_wire_scope: net not found
2026-10-07 12:35:37.803 WARN   Wiring.write_wire_scope: net not found
2026-10-07 12:35:37.803 WARN   Wiring.write_wire_scope: net not found
2026-10-07 12:35:37.803 WARN   Wiring.write_wire_scope: net not found
2026-10-07 12:35:37.803 WARN   Wiring.write_wire_scope: net not found
2026-10-07 12:35:37.803 WARN   Wiring.write_wire_scope: net not found
2026-10-07 12:35:37.803 WARN   Wiring.write_wire_scope: net not found
2026-10-07 12:35:37.803 WARN   Wiring.write_wire_scope: net not found
2026-10-07 12:35:37.803 WARN   Wiring.write_wire_scope: net not found
2026-10-07 12:35:37.803 WARN   Wiring.write_wire_scope: net not found
2026-10-07 12:35:37.803 WARN   Wiring.write_wire_scope: net not found
2026-10-07 12:35:37.803 WARN   Wiring.write_wire_scope: net not found
2026-10-07 12:35:37.803 WARN   Wiring.write_wire_scope: net not found
2026-10-07 12:35:37.803 WARN   Wiring.write_wire_scope: net not found
2026-10-07 12:35:37.803 WARN   Wiring.write_wire_scope: net not found
2026-10-07 12:35:37.803 WARN   Wiring.write_wire_scope: net not found
2026-10-07 12:35:37.803 WARN   Wiring.write_wire_scope: net not found
2026-10-07 12:35:37.803 WARN   Wiring.write_wire_scope: net not found
2026-10-07 12:35:37.803 WARN   Wiring.write_wire_scope: net not found
2026-10-07 12:35:37.803 WARN   Wiring.write_wire_scope: net not found
2026-10-07 12:35:37.803 WARN   Wiring.write_wire_scope: net not found
2026-10-07 12:35:37.803 WARN   Wiring.write_wire_scope: net not found
2026-10-07 12:35:37.803 WARN   Wiring.write_wire_scope: net not found
2026-10-07 12:35:37.803 WARN   Wiring.write_wire_scope: net not found
2026-10-07 12:35:37.803 WARN   Wiring.write_wire_scope: net not found
2026-10-07 12:35:37.803 WARN   Wiring.write_wire_scope: net not found
2026-10-07 12:35:37.803 WARN   Wiring.write_wire_scope: net not found
2026-10-07 12:35:37.803 WARN   Wiring.write_wire_scope: net not found
2026-10-07 12:35:38.598 WARN   Wiring.write_wire_scope: net not found
2026-10-07 12:35:38.599 WARN   Wiring.write_wire_scope: net not found
2026-10-07 12:35:38.599 WARN   Wiring.write_wire_scope: net not found
2026-10-07 12:35:38.599 WARN   Wiring.write_wire_scope: net not found
2026-10-07 12:35:38.599 WARN   Wiring.write_wire_scope: net not found
2026-10-07 12:35:38.599 WARN   Wiring.write_wire_scope: net not found
2026-10-07 12:35:38.599 WARN   Wiring.write_wire_scope: net not found
2026-10-07 12:35:38.599 WARN   Wiring.write_wire_scope: net not found
2026-10-07 12:35:38.599 WARN   Wiring.write_wire_scope: net not found
2026-10-07 12:35:38.599 WARN   Wiring.write_wire_scope: net not found
2026-10-07 12:35:38.599 WARN   Wiring.write_wire_scope: net not found
2026-10-07 12:35:38.599 WARN   Wiring.write_wire_scope: net not found
2026-10-07 12:35:38.599 WARN   Wiring.write_wire_scope: net not found
2026-10-07 12:35:38.599 WARN   Wiring.write_wire_scope: net not found
2026-10-07 12:35:38.599 WARN   Wiring.write_wire_scope: net not found
2026-10-07 12:35:38.599 WARN   Wiring.write_wire_scope: net not found
2026-10-07 12:35:38.599 WARN   Wiring.write_wire_scope: net not found
2026-10-07 12:35:38.599 WARN   Wiring.write_wire_scope: net not found
2026-10-07 12:35:38.599 WARN   Wiring.write_wire_scope: net not found
2026-10-07 12:35:38.599 WARN   Wiring.write_wire_scope: net not found
2026-10-07 12:35:38.599 WARN   Wiring.write_wire_scope: net not found
2026-10-07 12:35:38.599 WARN   Wiring.write_wire_scope: net not found
2026-10-07 12:35:38.599 WARN   Wiring.write_wire_scope: net not found
2026-10-07 12:35:38.599 WARN   Wiring.write_wire_scope: net not found
2026-10-07 12:35:38.599 WARN   Wiring.write_wire_scope: net not found
2026-10-07 12:35:38.599 WARN   Wiring.write_wire_scope: net not found
2026-10-07 12:35:38.599 WARN   Wiring.write_wire_scope: net not found
2026-10-07 12:35:38.599 WARN   Wiring.write_wire_scope: net not found
2026-10-07 12:35:38.599 WARN   Wiring.write_wire_scope: net not found
2026-10-07 12:35:38.599 WARN   Wiring.write_wire_scope: net not found
2026-10-07 12:35:38.599 WARN   Wiring.write_wire_scope: net not found
2026-10-07 12:35:38.599 WARN   Wiring.write_wire_scope: net not found
2026-10-07 12:35:38.599 WARN   Wiring.write_wire_scope: net not found
2026-10-07 12:35:38.599 WARN   Wiring.write_wire_scope: net not found
2026-10-07 12:35:38.599 WARN   Wiring.write_wire_scope: net not found
2026-10-07 12:35:38.599 WARN   Wiring.write_wire_scope: net not found
2026-10-07 12:35:38.599 WARN   Wiring.write_wire_scope: net not found
2026-10-07 12:35:38.599 WARN   Wiring.write_wire_scope: net not found
2026-10-07 12:35:38.599 WARN   Wiring.write_wire_scope: net not found
2026-10-07 12:35:38.599 WARN   Wiring.write_wire_scope: net not found
2026-10-07 12:35:38.599 WARN   Wiring.write_wire_scope: net not found
2026-10-07 12:35:38.599 WARN   Wiring.write_wire_scope: net not found
2026-10-07 12:35:38.599 WARN   Wiring.write_wire_scope: net not found
2026-10-07 12:35:38.599 WARN   Wiring.write_wire_scope: net not found
2026-10-07 12:35:38.599 WARN   Wiring.write_wire_scope: net not found
2026-10-07 12:35:38.599 WARN   Wiring.write_wire_scope: net not found
2026-10-07 12:35:38.599 WARN   Wiring.write_wire_scope: net not found
2026-10-07 12:35:38.599 WARN   Wiring.write_wire_scope: net not found
2026-10-07 12:35:38.599 WARN   Wiring.write_wire_scope: net not found
2026-10-07 12:35:38.599 WARN   Wiring.write_wire_scope: net not found
2026-10-07 12:35:38.599 WARN   Wiring.write_wire_scope: net not found
2026-10-07 12:35:38.599 WARN   Wiring.write_wire_scope: net not found
2026-10-07 12:35:38.599 WARN   Wiring.write_wire_scope: net not found
2026-10-07 12:35:38.599 WARN   Wiring.write_wire_scope: net not found
2026-10-07 12:35:38.599 WARN   Wiring.write_wire_scope: net not found
2026-10-07 12:35:38.599 WARN   Wiring.write_wire_scope: net not found
2026-10-07 12:35:38.599 WARN   Wiring.write_wire_scope: net not found
2026-10-07 12:35:38.599 WARN   Wiring.write_wire_scope: net not found
2026-10-07 12:35:38.599 WARN   Wiring.write_wire_scope: net not found
2026-10-07 12:35:38.599 WARN   Wiring.write_wire_scope: net not found
2026-10-07 12:35:38.599 WARN   Wiring.write_wire_scope: net not found
2026-10-07 12:35:38.599 WARN   Wiring.write_wire_scope: net not found
2026-10-07 12:35:38.599 WARN   Wiring.write_wire_scope: net not found
2026-10-07 12:35:38.599 WARN   Wiring.write_wire_scope: net not found
2026-10-07 12:35:38.599 WARN   Wiring.write_wire_scope: net not found
2026-10-07 12:35:38.599 WARN   Wiring.write_wire_scope: net not found
2026-10-07 12:35:38.599 WARN   Wiring.write_wire_scope: net not found
2026-10-07 12:35:38.599 WARN   Wiring.write_wire_scope: net not found
2026-10-07 12:35:38.599 WARN   Wiring.write_wire_scope: net not found
2026-10-07 12:35:38.599 WARN   Wiring.write_wire_scope: net not found
2026-10-07 12:35:38.599 WARN   Wiring.write_wire_scope: net not found
2026-10-07 12:35:38.599 WARN   Wiring.write_wire_scope: net not found
2026-10-07 12:35:38.599 WARN   Wiring.write_wire_scope: net not found
2026-10-07 12:35:38.599 WARN   Wiring.write_wire_scope: net not found
2026-10-07 12:35:38.599 WARN   Wiring.write_wire_scope: net not found
2026-10-07 12:35:38.599 WARN   Wiring.write_wire_scope: net not found
2026-10-07 12:35:38.599 WARN   Wiring.write_wire_scope: net not found
2026-10-07 12:35:38.599 WARN   Wiring.write_wire_scope: net not found
2026-10-07 12:35:38.599 WARN   Wiring.write_wire_scope: net not found
2026-10-07 12:35:38.599 WARN   Wiring.write_wire_scope: net not found
2026-10-07 12:35:38.599 WARN   Wiring.write_wire_scope: net not found
2026-10-07 12:35:38.599 WARN   Wiring.write_wire_scope: net not found
2026-10-07 12:35:38.599 WARN   Wiring.write_wire_scope: net not found
2026-10-07 12:35:38.599 WARN   Wiring.write_wire_scope: net not found
2026-10-07 12:35:38.599 WARN   Wiring.write_wire_scope: net not found
2026-10-07 12:35:38.599 WARN   Wiring.write_wire_scope: net not found
2026-10-07 12:35:38.599 WARN   Wiring.write_wire_scope: net not found
2026-10-07 12:35:38.599 WARN   Wiring.write_wire_scope: net not found
2026-10-07 12:35:38.599 WARN   Wiring.write_wire_scope: net not found
2026-10-07 12:35:38.599 WARN   Wiring.write_wire_scope: net not found
2026-10-07 12:35:38.599 WARN   Wiring.write_wire_scope: net not found
2026-10-07 12:35:38.599 WARN   Wiring.write_wire_scope: net not found
2026-10-07 12:35:38.599 WARN   Wiring.write_wire_scope: net not found
2026-10-07 12:35:38.599 WARN   Wiring.write_wire_scope: net not found
2026-10-07 12:35:38.599 WARN   Wiring.write_wire_scope: net not found
2026-10-07 12:35:38.599 WARN   Wiring.write_wire_scope: net not found
2026-10-07 12:35:38.599 WARN   Wiring.write_wire_scope: net not found
2026-10-07 12:35:38.599 WARN   Wiring.write_wire_scope: net not found
2026-10-07 12:35:38.599 WARN   Wiring.write_wire_scope: net not found
2026-10-07 12:35:38.599 WARN   Wiring.write_wire_scope: net not found
2026-10-07 12:35:38.599 WARN   Wiring.write_wire_scope: net not found
2026-10-07 12:35:38.599 WARN   Wiring.write_wire_scope: net not found
2026-10-07 12:35:38.599 WARN   Wiring.write_wire_scope: net not found
2026-10-07 12:35:38.599 WARN   Wiring.write_wire_scope: net not found
2026-10-07 12:35:38.599 WARN   Wiring.write_wire_scope: net not found
2026-10-07 12:35:38.599 WARN   Wiring.write_wire_scope: net not found
2026-10-07 12:35:38.599 WARN   Wiring.write_wire_scope: net not found
2026-10-07 12:35:38.599 WARN   Wiring.write_wire_scope: net not found
2026-10-07 12:35:38.599 WARN   Wiring.write_wire_scope: net not found
2026-10-07 12:35:38.599 WARN   Wiring.write_wire_scope: net not found
2026-10-07 12:35:38.599 WARN   Wiring.write_wire_scope: net not found
2026-10-07 12:35:38.599 WARN   Wiring.write_wire_scope: net not found
2026-10-07 12:35:38.599 WARN   Wiring.write_wire_scope: net not found
2026-10-07 12:35:38.599 WARN   Wiring.write_wire_scope: net not found
2026-10-07 12:35:38.599 WARN   Wiring.write_wire_scope: net not found
2026-10-07 12:35:38.599 WARN   Wiring.write_wire_scope: net not found
2026-10-07 12:35:38.599 WARN   Wiring.write_wire_scope: net not found
2026-10-07 12:35:38.599 WARN   Wiring.write_wire_scope: net not found
2026-10-07 12:35:38.599 WARN   Wiring.write_wire_scope: net not found
2026-10-07 12:35:38.599 WARN   Wiring.write_wire_scope: net not found
2026-10-07 12:35:38.599 WARN   Wiring.write_wire_scope: net not found
2026-10-07 12:35:38.599 WARN   Wiring.write_wire_scope: net not found
2026-10-07 12:35:38.599 WARN   Wiring.write_wire_scope: net not found
2026-10-07 12:35:38.599 WARN   Wiring.write_wire_scope: net not found
2026-10-07 12:35:38.599 WARN   Wiring.write_wire_scope: net not found
2026-10-07 12:35:38.599 WARN   Wiring.write_wire_scope: net not found
2026-10-07 12:35:38.599 WARN   Wiring.write_wire_scope: net not found
2026-10-07 12:35:38.599 WARN   Wiring.write_wire_scope: net not found
2026-10-07 12:35:38.599 WARN   Wiring.write_wire_scope: net not found
2026-10-07 12:35:38.599 WARN   Wiring.write_wire_scope: net not found
2026-10-07 12:35:38.599 WARN   Wiring.write_wire_scope: net not found
2026-10-07 12:35:38.599 WARN   Wiring.write_wire_scope: net not found
2026-10-07 12:35:38.599 WARN   Wiring.write_wire_scope: net not found
2026-10-07 12:35:38.599 WARN   Wiring.write_wire_scope: net not found
2026-10-07 12:35:38.599 WARN   Wiring.write_wire_scope: net not found
2026-10-07 12:35:38.599 WARN   Wiring.write_wire_scope: net not found
2026-10-07 12:35:38.599 WARN   Wiring.write_wire_scope: net not found
2026-10-07 12:35:38.599 WARN   Wiring.write_wire_scope: net not found
2026-10-07 12:35:38.599 WARN   Wiring.write_wire_scope: net not found
2026-10-07 12:35:38.599 WARN   Wiring.write_wire_scope: net not found
2026-10-07 12:35:38.599 WARN   Wiring.write_wire_scope: net not found
2026-10-07 12:35:38.599 WARN   Wiring.write_wire_scope: net not found
2026-10-07 12:35:38.599 WARN   Wiring.write_wire_scope: net not found
2026-10-07 12:35:38.599 WARN   Wiring.write_wire_scope: net not found
2026-10-07 12:35:38.599 WARN   Wiring.write_wire_scope: net not found
2026-10-07 12:35:38.599 WARN   Wiring.write_wire_scope: net not found
2026-10-07 12:35:38.599 WARN   Wiring.write_wire_scope: net not found
2026-10-07 12:35:38.599 WARN   Wiring.write_wire_scope: net not found
2026-10-07 12:35:38.599 WARN   Wiring.write_wire_scope: net not found
2026-10-07 12:35:38.599 WARN   Wiring.write_wire_scope: net not found
2026-10-07 12:35:38.599 WARN   Wiring.write_wire_scope: net not found
2026-10-07 12:35:38.599 WARN   Wiring.write_wire_scope: net not found
2026-10-07 12:35:38.599 WARN   Wiring.write_wire_scope: net not found
2026-10-07 12:35:38.599 WARN   Wiring.write_wire_scope: net not found
2026-10-07 12:35:38.599 WARN   Wiring.write_wire_scope: net not found
2026-10-07 12:35:38.599 WARN   Wiring.write_wire_scope: net not found
2026-10-07 12:35:38.599 WARN   Wiring.write_wire_scope: net not found
2026-10-07 12:35:38.599 WARN   Wiring.write_wire_scope: net not found
2026-10-07 12:35:38.599 WARN   Wiring.write_wire_scope: net not found
2026-10-07 12:35:38.599 WARN   Wiring.write_wire_scope: net not found
2026-10-07 12:35:38.599 WARN   Wiring.write_wire_scope: net not found
2026-10-07 12:35:38.599 WARN   Wiring.write_wire_scope: net not found
2026-10-07 12:35:38.599 WARN   Wiring.write_wire_scope: net not found
2026-10-07 12:35:38.599 WARN   Wiring.write_wire_scope: net not found
2026-10-07 12:35:38.599 WARN   Wiring.write_wire_scope: net not found
2026-10-07 12:35:38.599 WARN   Wiring.write_wire_scope: net not found
2026-10-07 12:35:38.599 WARN   Wiring.write_wire_scope: net not found
2026-10-07 12:35:38.599 WARN   Wiring.write_wire_scope: net not found
2026-10-07 12:35:38.599 WARN   Wiring.write_wire_scope: net not found
2026-10-07 12:35:38.599 WARN   Wiring.write_wire_scope: net not found
2026-10-07 12:35:38.599 WARN   Wiring.write_wire_scope: net not found
2026-10-07 12:35:38.599 WARN   Wiring.write_wire_scope: net not found
2026-10-07 12:35:38.599 WARN   Wiring.write_wire_scope: net not found
2026-10-07 12:35:38.599 WARN   Wiring.write_wire_scope: net not found
2026-10-07 12:35:38.599 WARN   Wiring.write_wire_scope: net not found
2026-10-07 12:35:38.599 WARN   Wiring.write_wire_scope: net not found
2026-10-07 12:35:38.599 WARN   Wiring.write_wire_scope: net not found
2026-10-07 12:35:38.599 WARN   Wiring.write_wire_scope: net not found
2026-10-07 12:35:38.599 WARN   Wiring.write_wire_scope: net not found
2026-10-07 12:35:38.599 WARN   Wiring.write_wire_scope: net not found
2026-10-07 12:35:38.599 WARN   Wiring.write_wire_scope: net not found
2026-10-07 12:35:38.599 WARN   Wiring.write_wire_scope: net not found
2026-10-07 12:35:38.599 WARN   Wiring.write_wire_scope: net not found
2026-10-07 12:35:38.599 WARN   Wiring.write_wire_scope: net not found
2026-10-07 12:35:38.599 WARN   Wiring.write_wire_scope: net not found
2026-10-07 12:35:38.599 WARN   Wiring.write_wire_scope: net not found
2026-10-07 12:35:38.599 WARN   Wiring.write_wire_scope: net not found
2026-10-07 12:35:38.599 WARN   Wiring.write_wire_scope: net not found
2026-10-07 12:35:38.599 WARN   Wiring.write_wire_scope: net not found
2026-10-07 12:35:38.599 WARN   Wiring.write_wire_scope: net not found
2026-10-07 12:35:38.599 WARN   Wiring.write_wire_scope: net not found
2026-10-07 12:35:38.599 WARN   Wiring.write_wire_scope: net not found
2026-10-07 12:35:38.599 WARN   Wiring.write_wire_scope: net not found
2026-10-07 12:35:38.599 WARN   Wiring.write_wire_scope: net not found
2026-10-07 12:35:38.916 WARN   Wiring.write_wire_scope: net not found
2026-10-07 12:35:38.916 WARN   Wiring.write_wire_scope: net not found
2026-10-07 12:35:38.916 WARN   Wiring.write_wire_scope: net not found
2026-10-07 12:35:38.916 WARN   Wiring.write_wire_scope: net not found
2026-10-07 12:35:38.916 WARN   Wiring.write_wire_scope: net not found
2026-10-07 12:35:38.916 WARN   Wiring.write_wire_scope: net not found
2026-10-07 12:35:38.916 WARN   Wiring.write_wire_scope: net not found
2026-10-07 12:35:38.916 WARN   Wiring.write_wire_scope: net not found
2026-10-07 12:35:38.916 WARN   Wiring.write_wire_scope: net not found
2026-10-07 12:35:38.916 WARN   Wiring.write_wire_scope: net not found
2026-10-07 12:35:38.916 WARN   Wiring.write_wire_scope: net not found
2026-10-07 12:35:38.916 WARN   Wiring.write_wire_scope: net not found
2026-10-07 12:35:38.916 WARN   Wiring.write_wire_scope: net not found
2026-10-07 12:35:38.917 WARN   Wiring.write_wire_scope: net not found
2026-10-07 12:35:38.917 WARN   Wiring.write_wire_scope: net not found
2026-10-07 12:35:38.917 WARN   Wiring.write_wire_scope: net not found
2026-10-07 12:35:38.917 WARN   Wiring.write_wire_scope: net not found
2026-10-07 12:35:38.917 WARN   Wiring.write_wire_scope: net not found
2026-10-07 12:35:38.917 WARN   Wiring.write_wire_scope: net not found
2026-10-07 12:35:38.917 WARN   Wiring.write_wire_scope: net not found
2026-10-07 12:35:38.917 WARN   Wiring.write_wire_scope: net not found
2026-10-07 12:35:38.917 WARN   Wiring.write_wire_scope: net not found
2026-10-07 12:35:38.917 WARN   Wiring.write_wire_scope: net not found
2026-10-07 12:35:38.917 WARN   Wiring.write_wire_scope: net not found
2026-10-07 12:35:38.917 WARN   Wiring.write_wire_scope: net not found
2026-10-07 12:35:38.917 WARN   Wiring.write_wire_scope: net not found
2026-10-07 12:35:38.917 WARN   Wiring.write_wire_scope: net not found
2026-10-07 12:35:38.917 WARN   Wiring.write_wire_scope: net not found
2026-10-07 12:35:38.917 WARN   Wiring.write_wire_scope: net not found
2026-10-07 12:35:38.917 WARN   Wiring.write_wire_scope: net not found
2026-10-07 12:35:38.917 WARN   Wiring.write_wire_scope: net not found
2026-10-07 12:35:38.917 WARN   Wiring.write_wire_scope: net not found
2026-10-07 12:35:38.917 WARN   Wiring.write_wire_scope: net not found
2026-10-07 12:35:38.917 WARN   Wiring.write_wire_scope: net not found
2026-10-07 12:35:38.917 WARN   Wiring.write_wire_scope: net not found
2026-10-07 12:35:38.917 WARN   Wiring.write_wire_scope: net not found
2026-10-07 12:35:38.917 WARN   Wiring.write_wire_scope: net not found
2026-10-07 12:35:38.917 WARN   Wiring.write_wire_scope: net not found
2026-10-07 12:35:38.917 WARN   Wiring.write_wire_scope: net not found
2026-10-07 12:35:38.917 WARN   Wiring.write_wire_scope: net not found
2026-10-07 12:35:38.917 WARN   Wiring.write_wire_scope: net not found
2026-10-07 12:35:38.917 WARN   Wiring.write_wire_scope: net not found
2026-10-07 12:35:38.917 WARN   Wiring.write_wire_scope: net not found
2026-10-07 12:35:38.917 WARN   Wiring.write_wire_scope: net not found
2026-10-07 12:35:38.917 WARN   Wiring.write_wire_scope: net not found
2026-10-07 12:35:38.917 WARN   Wiring.write_wire_scope: net not found
2026-10-07 12:35:38.917 WARN   Wiring.write_wire_scope: net not found
2026-10-07 12:35:38.917 WARN   Wiring.write_wire_scope: net not found
2026-10-07 12:35:38.917 WARN   Wiring.write_wire_scope: net not found
2026-10-07 12:35:38.917 WARN   Wiring.write_wire_scope: net not found
2026-10-07 12:35:38.917 WARN   Wiring.write_wire_scope: net not found
2026-10-07 12:35:38.917 WARN   Wiring.write_wire_scope: net not found
2026-10-07 12:35:38.917 WARN   Wiring.write_wire_scope: net not found
2026-10-07 12:35:38.917 WARN   Wiring.write_wire_scope: net not found
2026-10-07 12:35:38.917 WARN   Wiring.write_wire_scope: net not found
2026-10-07 12:35:38.917 WARN   Wiring.write_wire_scope: net not found
2026-10-07 12:35:38.917 WARN   Wiring.write_wire_scope: net not found
2026-10-07 12:35:38.917 WARN   Wiring.write_wire_scope: net not found
2026-10-07 12:35:38.917 WARN   Wiring.write_wire_scope: net not found
2026-10-07 12:35:38.917 WARN   Wiring.write_wire_scope: net not found
2026-10-07 12:35:38.917 WARN   Wiring.write_wire_scope: net not found
2026-10-07 12:35:38.917 WARN   Wiring.write_wire_scope: net not found
2026-10-07 12:35:38.917 WARN   Wiring.write_wire_scope: net not found
2026-10-07 12:35:38.917 WARN   Wiring.write_wire_scope: net not found
2026-10-07 12:35:38.917 WARN   Wiring.write_wire_scope: net not found
2026-10-07 12:35:38.917 WARN   Wiring.write_wire_scope: net not found
2026-10-07 12:35:38.917 WARN   Wiring.write_wire_scope: net not found
2026-10-07 12:35:38.917 WARN   Wiring.write_wire_scope: net not found
2026-10-07 12:35:38.917 WARN   Wiring.write_wire_scope: net not found
2026-10-07 12:35:38.917 WARN   Wiring.write_wire_scope: net not found
2026-10-07 12:35:38.917 WARN   Wiring.write_wire_scope: net not found
2026-10-07 12:35:38.917 WARN   Wiring.write_wire_scope: net not found
2026-10-07 12:35:38.917 WARN   Wiring.write_wire_scope: net not found
2026-10-07 12:35:38.917 WARN   Wiring.write_wire_scope: net not found
2026-10-07 12:35:38.917 WARN   Wiring.write_wire_scope: net not found
2026-10-07 12:35:38.917 WARN   Wiring.write_wire_scope: net not found
2026-10-07 12:35:38.917 WARN   Wiring.write_wire_scope: net not found
2026-10-07 12:35:38.917 WARN   Wiring.write_wire_scope: net not found
2026-10-07 12:35:38.917 WARN   Wiring.write_wire_scope: net not found
2026-10-07 12:35:38.917 WARN   Wiring.write_wire_scope: net not found
2026-10-07 12:35:38.917 WARN   Wiring.write_wire_scope: net not found
2026-10-07 12:35:38.917 WARN   Wiring.write_wire_scope: net not found
2026-10-07 12:35:38.917 WARN   Wiring.write_wire_scope: net not found
2026-10-07 12:35:38.917 WARN   Wiring.write_wire_scope: net not found
2026-10-07 12:35:38.917 WARN   Wiring.write_wire_scope: net not found
2026-10-07 12:35:38.917 WARN   Wiring.write_wire_scope: net not found
2026-10-07 12:35:38.917 WARN   Wiring.write_wire_scope: net not found
2026-10-07 12:35:38.917 WARN   Wiring.write_wire_scope: net not found
2026-10-07 12:35:38.917 WARN   Wiring.write_wire_scope: net not found
2026-10-07 12:35:38.917 WARN   Wiring.write_wire_scope: net not found
2026-10-07 12:35:38.917 WARN   Wiring.write_wire_scope: net not found
2026-10-07 12:35:38.917 WARN   Wiring.write_wire_scope: net not found
2026-10-07 12:35:38.917 WARN   Wiring.write_wire_scope: net not found
2026-10-07 12:35:38.917 WARN   Wiring.write_wire_scope: net not found
2026-10-07 12:35:38.917 WARN   Wiring.write_wire_scope: net not found
2026-10-07 12:35:38.917 WARN   Wiring.write_wire_scope: net not found
2026-10-07 12:35:38.917 WARN   Wiring.write_wire_scope: net not found
2026-10-07 12:35:38.917 WARN   Wiring.write_wire_scope: net not found
2026-10-07 12:35:38.917 WARN   Wiring.write_wire_scope: net not found
2026-10-07 12:35:38.917 WARN   Wiring.write_wire_scope: net not found
2026-10-07 12:35:38.917 WARN   Wiring.write_wire_scope: net not found
2026-10-07 12:35:38.917 WARN   Wiring.write_wire_scope: net not found
2026-10-07 12:35:38.917 WARN   Wiring.write_wire_scope: net not found
2026-10-07 12:35:38.917 WARN   Wiring.write_wire_scope: net not found
2026-10-07 12:35:38.917 WARN   Wiring.write_wire_scope: net not found
2026-10-07 12:35:38.917 WARN   Wiring.write_wire_scope: net not found
2026-10-07 12:35:38.917 WARN   Wiring.write_wire_scope: net not found
2026-10-07 12:35:38.917 WARN   Wiring.write_wire_scope: net not found
2026-10-07 12:35:38.917 WARN   Wiring.write_wire_scope: net not found
2026-10-07 12:35:38.917 WARN   Wiring.write_wire_scope: net not found
2026-10-07 12:35:38.917 WARN   Wiring.write_wire_scope: net not found
2026-10-07 12:35:38.917 WARN   Wiring.write_wire_scope: net not found
2026-10-07 12:35:38.917 WARN   Wiring.write_wire_scope: net not found
2026-10-07 12:35:38.917 WARN   Wiring.write_wire_scope: net not found
2026-10-07 12:35:38.917 WARN   Wiring.write_wire_scope: net not found
2026-10-07 12:35:38.917 WARN   Wiring.write_wire_scope: net not found
2026-10-07 12:35:38.917 WARN   Wiring.write_wire_scope: net not found
2026-10-07 12:35:38.917 WARN   Wiring.write_wire_scope: net not found
2026-10-07 12:35:38.917 WARN   Wiring.write_wire_scope: net not found
2026-10-07 12:35:38.917 WARN   Wiring.write_wire_scope: net not found
2026-10-07 12:35:38.917 WARN   Wiring.write_wire_scope: net not found
2026-10-07 12:35:38.917 WARN   Wiring.write_wire_scope: net not found
2026-10-07 12:35:38.917 WARN   Wiring.write_wire_scope: net not found
2026-10-07 12:35:38.917 WARN   Wiring.write_wire_scope: net not found
2026-10-07 12:35:38.917 WARN   Wiring.write_wire_scope: net not found
2026-10-07 12:35:38.917 WARN   Wiring.write_wire_scope: net not found
2026-10-07 12:35:38.917 WARN   Wiring.write_wire_scope: net not found
2026-10-07 12:35:38.917 WARN   Wiring.write_wire_scope: net not found
2026-10-07 12:35:38.917 WARN   Wiring.write_wire_scope: net not found
2026-10-07 12:35:38.917 WARN   Wiring.write_wire_scope: net not found
2026-10-07 12:35:38.917 WARN   Wiring.write_wire_scope: net not found
2026-10-07 12:35:38.917 WARN   Wiring.write_wire_scope: net not found
2026-10-07 12:35:38.917 WARN   Wiring.write_wire_scope: net not found
2026-10-07 12:35:38.917 WARN   Wiring.write_wire_scope: net not found
2026-10-07 12:35:38.917 WARN   Wiring.write_wire_scope: net not found
2026-10-07 12:35:38.917 WARN   Wiring.write_wire_scope: net not found
2026-10-07 12:35:38.917 WARN   Wiring.write_wire_scope: net not found
2026-10-07 12:35:38.917 WARN   Wiring.write_wire_scope: net not found
2026-10-07 12:35:38.917 WARN   Wiring.write_wire_scope: net not found
2026-10-07 12:35:38.917 WARN   Wiring.write_wire_scope: net not found
2026-10-07 12:35:38.917 WARN   Wiring.write_wire_scope: net not found
2026-10-07 12:35:38.917 WARN   Wiring.write_wire_scope: net not found
2026-10-07 12:35:38.917 WARN   Wiring.write_wire_scope: net not found
2026-10-07 12:35:38.917 WARN   Wiring.write_wire_scope: net not found
2026-10-07 12:35:38.917 WARN   Wiring.write_wire_scope: net not found
2026-10-07 12:35:38.917 WARN   Wiring.write_wire_scope: net not found
2026-10-07 12:35:38.917 WARN   Wiring.write_wire_scope: net not found
2026-10-07 12:35:38.917 WARN   Wiring.write_wire_scope: net not found
2026-10-07 12:35:38.917 WARN   Wiring.write_wire_scope: net not found
2026-10-07 12:35:38.917 WARN   Wiring.write_wire_scope: net not found
2026-10-07 12:35:38.917 WARN   Wiring.write_wire_scope: net not found
2026-10-07 12:35:38.917 WARN   Wiring.write_wire_scope: net not found
2026-10-07 12:35:38.917 WARN   Wiring.write_wire_scope: net not found
2026-10-07 12:35:38.917 WARN   Wiring.write_wire_scope: net not found
2026-10-07 12:35:38.917 WARN   Wiring.write_wire_scope: net not found
2026-10-07 12:35:38.917 WARN   Wiring.write_wire_scope: net not found
2026-10-07 12:35:38.917 WARN   Wiring.write_wire_scope: net not found
2026-10-07 12:35:38.917 WARN   Wiring.write_wire_scope: net not found
2026-10-07 12:35:38.917 WARN   Wiring.write_wire_scope: net not found
2026-10-07 12:35:38.917 WARN   Wiring.write_wire_scope: net not found
2026-10-07 12:35:38.917 WARN   Wiring.write_wire_scope: net not found
2026-10-07 12:35:38.917 WARN   Wiring.write_wire_scope: net not found
2026-10-07 12:35:38.917 WARN   Wiring.write_wire_scope: net not found
2026-10-07 12:35:38.917 WARN   Wiring.write_wire_scope: net not found
2026-10-07 12:35:38.917 WARN   Wiring.write_wire_scope: net not found
2026-10-07 12:35:38.917 WARN   Wiring.write_wire_scope: net not found
2026-10-07 12:35:38.917 WARN   Wiring.write_wire_scope: net not found
2026-10-07 12:35:38.917 WARN   Wiring.write_wire_scope: net not found
2026-10-07 12:35:38.917 WARN   Wiring.write_wire_scope: net not found
2026-10-07 12:35:38.917 WARN   Wiring.write_wire_scope: net not found
2026-10-07 12:35:38.917 WARN   Wiring.write_wire_scope: net not found
2026-10-07 12:35:38.917 WARN   Wiring.write_wire_scope: net not found
2026-10-07 12:35:38.917 WARN   Wiring.write_wire_scope: net not found
2026-10-07 12:35:38.917 WARN   Wiring.write_wire_scope: net not found
2026-10-07 12:35:38.917 WARN   Wiring.write_wire_scope: net not found
2026-10-07 12:35:38.917 WARN   Wiring.write_wire_scope: net not found
2026-10-07 12:35:38.917 WARN   Wiring.write_wire_scope: net not found
2026-10-07 12:35:38.917 WARN   Wiring.write_wire_scope: net not found
2026-10-07 12:35:38.917 WARN   Wiring.write_wire_scope: net not found
2026-10-07 12:35:38.917 WARN   Wiring.write_wire_scope: net not found
2026-10-07 12:35:38.917 WARN   Wiring.write_wire_scope: net not found
2026-10-07 12:35:38.917 WARN   Wiring.write_wire_scope: net not found
2026-10-07 12:35:38.917 WARN   Wiring.write_wire_scope: net not found
2026-10-07 12:35:38.917 WARN   Wiring.write_wire_scope: net not found
2026-10-07 12:35:38.917 WARN   Wiring.write_wire_scope: net not found
2026-10-07 12:35:38.917 WARN   Wiring.write_wire_scope: net not found
2026-10-07 12:35:38.917 WARN   Wiring.write_wire_scope: net not found
2026-10-07 12:35:38.917 WARN   Wiring.write_wire_scope: net not found
2026-10-07 12:35:38.917 WARN   Wiring.write_wire_scope: net not found
2026-10-07 12:35:38.917 WARN   Wiring.write_wire_scope: net not found
2026-10-07 12:35:38.917 WARN   Wiring.write_wire_scope: net not found
2026-10-07 12:35:38.917 WARN   Wiring.write_wire_scope: net not found
2026-10-07 12:35:38.917 WARN   Wiring.write_wire_scope: net not found
2026-10-07 12:35:38.917 WARN   Wiring.write_wire_scope: net not found
2026-10-07 12:35:39.213 WARN   Wiring.write_wire_scope: net not found
2026-10-07 12:35:39.213 WARN   Wiring.write_wire_scope: net not found
2026-10-07 12:35:39.213 WARN   Wiring.write_wire_scope: net not found
2026-10-07 12:35:39.213 WARN   Wiring.write_wire_scope: net not found
2026-10-07 12:35:39.213 WARN   Wiring.write_wire_scope: net not found
2026-10-07 12:35:39.213 WARN   Wiring.write_wire_scope: net not found
2026-10-07 12:35:39.213 WARN   Wiring.write_wire_scope: net not found
2026-10-07 12:35:39.213 WARN   Wiring.write_wire_scope: net not found
2026-10-07 12:35:39.213 WARN   Wiring.write_wire_scope: net not found
2026-10-07 12:35:39.213 WARN   Wiring.write_wire_scope: net not found
2026-10-07 12:35:39.213 WARN   Wiring.write_wire_scope: net not found
2026-10-07 12:35:39.213 WARN   Wiring.write_wire_scope: net not found
2026-10-07 12:35:39.213 WARN   Wiring.write_wire_scope: net not found
2026-10-07 12:35:39.213 WARN   Wiring.write_wire_scope: net not found
2026-10-07 12:35:39.213 WARN   Wiring.write_wire_scope: net not found
2026-10-07 12:35:39.213 WARN   Wiring.write_wire_scope: net not found
2026-10-07 12:35:39.213 WARN   Wiring.write_wire_scope: net not found
2026-10-07 12:35:39.213 WARN   Wiring.write_wire_scope: net not found
2026-10-07 12:35:39.213 WARN   Wiring.write_wire_scope: net not found
2026-10-07 12:35:39.213 WARN   Wiring.write_wire_scope: net not found
2026-10-07 12:35:39.213 WARN   Wiring.write_wire_scope: net not found
2026-10-07 12:35:39.213 WARN   Wiring.write_wire_scope: net not found
2026-10-07 12:35:39.213 WARN   Wiring.write_wire_scope: net not found
2026-10-07 12:35:39.213 WARN   Wiring.write_wire_scope: net not found
2026-10-07 12:35:39.213 WARN   Wiring.write_wire_scope: net not found
2026-10-07 12:35:39.213 WARN   Wiring.write_wire_scope: net not found
2026-10-07 12:35:39.213 WARN   Wiring.write_wire_scope: net not found
2026-10-07 12:35:39.213 WARN   Wiring.write_wire_scope: net not found
2026-10-07 12:35:39.213 WARN   Wiring.write_wire_scope: net not found
2026-10-07 12:35:39.213 WARN   Wiring.write_wire_scope: net not found
2026-10-07 12:35:39.213 WARN   Wiring.write_wire_scope: net not found
2026-10-07 12:35:39.213 WARN   Wiring.write_wire_scope: net not found
2026-10-07 12:35:39.213 WARN   Wiring.write_wire_scope: net not found
2026-10-07 12:35:39.213 WARN   Wiring.write_wire_scope: net not found
2026-10-07 12:35:39.213 WARN   Wiring.write_wire_scope: net not found
2026-10-07 12:35:39.213 WARN   Wiring.write_wire_scope: net not found
2026-10-07 12:35:39.213 WARN   Wiring.write_wire_scope: net not found
2026-10-07 12:35:39.213 WARN   Wiring.write_wire_scope: net not found
2026-10-07 12:35:39.213 WARN   Wiring.write_wire_scope: net not found
2026-10-07 12:35:39.213 WARN   Wiring.write_wire_scope: net not found
2026-10-07 12:35:39.213 WARN   Wiring.write_wire_scope: net not found
2026-10-07 12:35:39.213 WARN   Wiring.write_wire_scope: net not found
2026-10-07 12:35:39.213 WARN   Wiring.write_wire_scope: net not found
2026-10-07 12:35:39.213 WARN   Wiring.write_wire_scope: net not found
2026-10-07 12:35:39.213 WARN   Wiring.write_wire_scope: net not found
2026-10-07 12:35:39.213 WARN   Wiring.write_wire_scope: net not found
2026-10-07 12:35:39.213 WARN   Wiring.write_wire_scope: net not found
2026-10-07 12:35:39.213 WARN   Wiring.write_wire_scope: net not found
2026-10-07 12:35:39.213 WARN   Wiring.write_wire_scope: net not found
2026-10-07 12:35:39.213 WARN   Wiring.write_wire_scope: net not found
2026-10-07 12:35:39.213 WARN   Wiring.write_wire_scope: net not found
2026-10-07 12:35:39.213 WARN   Wiring.write_wire_scope: net not found
2026-10-07 12:35:39.213 WARN   Wiring.write_wire_scope: net not found
2026-10-07 12:35:39.213 WARN   Wiring.write_wire_scope: net not found
2026-10-07 12:35:39.213 WARN   Wiring.write_wire_scope: net not found
2026-10-07 12:35:39.213 WARN   Wiring.write_wire_scope: net not found
2026-10-07 12:35:39.213 WARN   Wiring.write_wire_scope: net not found
2026-10-07 12:35:39.213 WARN   Wiring.write_wire_scope: net not found
2026-10-07 12:35:39.213 WARN   Wiring.write_wire_scope: net not found
2026-10-07 12:35:39.213 WARN   Wiring.write_wire_scope: net not found
2026-10-07 12:35:39.213 WARN   Wiring.write_wire_scope: net not found
2026-10-07 12:35:39.213 WARN   Wiring.write_wire_scope: net not found
2026-10-07 12:35:39.213 WARN   Wiring.write_wire_scope: net not found
2026-10-07 12:35:39.213 WARN   Wiring.write_wire_scope: net not found
2026-10-07 12:35:39.213 WARN   Wiring.write_wire_scope: net not found
2026-10-07 12:35:39.213 WARN   Wiring.write_wire_scope: net not found
2026-10-07 12:35:39.213 WARN   Wiring.write_wire_scope: net not found
2026-10-07 12:35:39.213 WARN   Wiring.write_wire_scope: net not found
2026-10-07 12:35:39.213 WARN   Wiring.write_wire_scope: net not found
2026-10-07 12:35:39.213 WARN   Wiring.write_wire_scope: net not found
2026-10-07 12:35:39.213 WARN   Wiring.write_wire_scope: net not found
2026-10-07 12:35:39.213 WARN   Wiring.write_wire_scope: net not found
2026-10-07 12:35:39.213 WARN   Wiring.write_wire_scope: net not found
2026-10-07 12:35:39.213 WARN   Wiring.write_wire_scope: net not found
2026-10-07 12:35:39.213 WARN   Wiring.write_wire_scope: net not found
2026-10-07 12:35:39.213 WARN   Wiring.write_wire_scope: net not found
2026-10-07 12:35:39.213 WARN   Wiring.write_wire_scope: net not found
2026-10-07 12:35:39.213 WARN   Wiring.write_wire_scope: net not found
2026-10-07 12:35:39.213 WARN   Wiring.write_wire_scope: net not found
2026-10-07 12:35:39.213 WARN   Wiring.write_wire_scope: net not found
2026-10-07 12:35:39.213 WARN   Wiring.write_wire_scope: net not found
2026-10-07 12:35:39.213 WARN   Wiring.write_wire_scope: net not found
2026-10-07 12:35:39.213 WARN   Wiring.write_wire_scope: net not found
2026-10-07 12:35:39.213 WARN   Wiring.write_wire_scope: net not found
2026-10-07 12:35:39.213 WARN   Wiring.write_wire_scope: net not found
2026-10-07 12:35:39.213 WARN   Wiring.write_wire_scope: net not found
2026-10-07 12:35:39.213 WARN   Wiring.write_wire_scope: net not found
2026-10-07 12:35:39.213 WARN   Wiring.write_wire_scope: net not found
2026-10-07 12:35:39.213 WARN   Wiring.write_wire_scope: net not found
2026-10-07 12:35:39.213 WARN   Wiring.write_wire_scope: net not found
2026-10-07 12:35:39.213 WARN   Wiring.write_wire_scope: net not found
2026-10-07 12:35:39.213 WARN   Wiring.write_wire_scope: net not found
2026-10-07 12:35:39.213 WARN   Wiring.write_wire_scope: net not found
2026-10-07 12:35:39.213 WARN   Wiring.write_wire_scope: net not found
2026-10-07 12:35:39.213 WARN   Wiring.write_wire_scope: net not found
2026-10-07 12:35:39.213 WARN   Wiring.write_wire_scope: net not found
2026-10-07 12:35:39.213 WARN   Wiring.write_wire_scope: net not found
2026-10-07 12:35:39.213 WARN   Wiring.write_wire_scope: net not found
2026-10-07 12:35:39.213 WARN   Wiring.write_wire_scope: net not found
2026-10-07 12:35:39.213 WARN   Wiring.write_wire_scope: net not found
2026-10-07 12:35:39.213 WARN   Wiring.write_wire_scope: net not found
2026-10-07 12:35:39.213 WARN   Wiring.write_wire_scope: net not found
2026-10-07 12:35:39.213 WARN   Wiring.write_wire_scope: net not found
2026-10-07 12:35:39.213 WARN   Wiring.write_wire_scope: net not found
2026-10-07 12:35:39.213 WARN   Wiring.write_wire_scope: net not found
2026-10-07 12:35:39.213 WARN   Wiring.write_wire_scope: net not found
2026-10-07 12:35:39.213 WARN   Wiring.write_wire_scope: net not found
2026-10-07 12:35:39.213 WARN   Wiring.write_wire_scope: net not found
2026-10-07 12:35:39.213 WARN   Wiring.write_wire_scope: net not found
2026-10-07 12:35:39.213 WARN   Wiring.write_wire_scope: net not found
2026-10-07 12:35:39.213 WARN   Wiring.write_wire_scope: net not found
2026-10-07 12:35:39.213 WARN   Wiring.write_wire_scope: net not found
2026-10-07 12:35:39.213 WARN   Wiring.write_wire_scope: net not found
2026-10-07 12:35:39.213 WARN   Wiring.write_wire_scope: net not found
2026-10-07 12:35:39.213 WARN   Wiring.write_wire_scope: net not found
2026-10-07 12:35:39.213 WARN   Wiring.write_wire_scope: net not found
2026-10-07 12:35:39.213 WARN   Wiring.write_wire_scope: net not found
2026-10-07 12:35:39.213 WARN   Wiring.write_wire_scope: net not found
2026-10-07 12:35:39.213 WARN   Wiring.write_wire_scope: net not found
2026-10-07 12:35:39.213 WARN   Wiring.write_wire_scope: net not found
2026-10-07 12:35:39.213 WARN   Wiring.write_wire_scope: net not found
2026-10-07 12:35:39.213 WARN   Wiring.write_wire_scope: net not found
2026-10-07 12:35:39.213 WARN   Wiring.write_wire_scope: net not found
2026-10-07 12:35:39.213 WARN   Wiring.write_wire_scope: net not found
2026-10-07 12:35:39.213 WARN   Wiring.write_wire_scope: net not found
2026-10-07 12:35:39.213 WARN   Wiring.write_wire_scope: net not found
2026-10-07 12:35:39.213 WARN   Wiring.write_wire_scope: net not found
2026-10-07 12:35:39.213 WARN   Wiring.write_wire_scope: net not found
2026-10-07 12:35:39.213 WARN   Wiring.write_wire_scope: net not found
2026-10-07 12:35:39.213 WARN   Wiring.write_wire_scope: net not found
2026-10-07 12:35:39.213 WARN   Wiring.write_wire_scope: net not found
2026-10-07 12:35:39.213 WARN   Wiring.write_wire_scope: net not found
2026-10-07 12:35:39.213 WARN   Wiring.write_wire_scope: net not found
2026-10-07 12:35:39.213 WARN   Wiring.write_wire_scope: net not found
2026-10-07 12:35:39.213 WARN   Wiring.write_wire_scope: net not found
2026-10-07 12:35:39.213 WARN   Wiring.write_wire_scope: net not found
2026-10-07 12:35:39.213 WARN   Wiring.write_wire_scope: net not found
2026-10-07 12:35:39.213 WARN   Wiring.write_wire_scope: net not found
2026-10-07 12:35:39.213 WARN   Wiring.write_wire_scope: net not found
2026-10-07 12:35:39.213 WARN   Wiring.write_wire_scope: net not found
2026-10-07 12:35:39.213 WARN   Wiring.write_wire_scope: net not found
2026-10-07 12:35:39.213 WARN   Wiring.write_wire_scope: net not found
2026-10-07 12:35:39.213 WARN   Wiring.write_wire_scope: net not found
2026-10-07 12:35:39.213 WARN   Wiring.write_wire_scope: net not found
2026-10-07 12:35:39.213 WARN   Wiring.write_wire_scope: net not found
2026-10-07 12:35:39.213 WARN   Wiring.write_wire_scope: net not found
2026-10-07 12:35:39.213 WARN   Wiring.write_wire_scope: net not found
2026-10-07 12:35:39.213 WARN   Wiring.write_wire_scope: net not found
2026-10-07 12:35:39.213 WARN   Wiring.write_wire_scope: net not found
2026-10-07 12:35:39.213 WARN   Wiring.write_wire_scope: net not found
2026-10-07 12:35:39.213 WARN   Wiring.write_wire_scope: net not found
2026-10-07 12:35:39.213 WARN   Wiring.write_wire_scope: net not found
2026-10-07 12:35:39.213 WARN   Wiring.write_wire_scope: net not found
2026-10-07 12:35:39.213 WARN   Wiring.write_wire_scope: net not found
2026-10-07 12:35:39.213 WARN   Wiring.write_wire_scope: net not found
2026-10-07 12:35:39.213 WARN   Wiring.write_wire_scope: net not found
2026-10-07 12:35:39.213 WARN   Wiring.write_wire_scope: net not found
2026-10-07 12:35:39.213 WARN   Wiring.write_wire_scope: net not found
2026-10-07 12:35:39.213 WARN   Wiring.write_wire_scope: net not found
2026-10-07 12:35:39.213 WARN   Wiring.write_wire_scope: net not found
2026-10-07 12:35:39.213 WARN   Wiring.write_wire_scope: net not found
2026-10-07 12:35:39.213 WARN   Wiring.write_wire_scope: net not found
2026-10-07 12:35:39.213 WARN   Wiring.write_wire_scope: net not found
2026-10-07 12:35:39.213 WARN   Wiring.write_wire_scope: net not found
2026-10-07 12:35:39.213 WARN   Wiring.write_wire_scope: net not found
2026-10-07 12:35:39.213 WARN   Wiring.write_wire_scope: net not found
2026-10-07 12:35:39.213 WARN   Wiring.write_wire_scope: net not found
2026-10-07 12:35:39.213 WARN   Wiring.write_wire_scope: net not found
2026-10-07 12:35:39.213 WARN   Wiring.write_wire_scope: net not found
2026-10-07 12:35:39.213 WARN   Wiring.write_wire_scope: net not found
2026-10-07 12:35:39.213 WARN   Wiring.write_wire_scope: net not found
2026-10-07 12:35:39.213 WARN   Wiring.write_wire_scope: net not found
2026-10-07 12:35:39.213 WARN   Wiring.write_wire_scope: net not found
2026-10-07 12:35:39.213 WARN   Wiring.write_wire_scope: net not found
2026-10-07 12:35:39.213 WARN   Wiring.write_wire_scope: net not found
2026-10-07 12:35:39.213 WARN   Wiring.write_wire_scope: net not found
2026-10-07 12:35:39.213 WARN   Wiring.write_wire_scope: net not found
2026-10-07 12:35:39.213 WARN   Wiring.write_wire_scope: net not found
2026-10-07 12:35:39.213 WARN   Wiring.write_wire_scope: net not found
2026-10-07 12:35:39.213 WARN   Wiring.write_wire_scope: net not found
2026-10-07 12:35:39.213 WARN   Wiring.write_wire_scope: net not found
2026-10-07 12:35:39.213 WARN   Wiring.write_wire_scope: net not found
2026-10-07 12:35:39.213 WARN   Wiring.write_wire_scope: net not found
2026-10-07 12:35:39.213 WARN   Wiring.write_wire_scope: net not found
2026-10-07 12:35:39.213 WARN   Wiring.write_wire_scope: net not found
2026-10-07 12:35:39.213 WARN   Wiring.write_wire_scope: net not found
2026-10-07 12:35:39.213 WARN   Wiring.write_wire_scope: net not found
2026-10-07 12:35:39.213 WARN   Wiring.write_wire_scope: net not found
2026-10-07 12:35:39.213 WARN   Wiring.write_wire_scope: net not found
2026-10-07 12:35:39.213 WARN   Wiring.write_wire_scope: net not found
2026-10-07 12:35:39.213 WARN   Wiring.write_wire_scope: net not found
2026-10-07 12:35:39.213 WARN   Wiring.write_wire_scope: net not found
2026-10-07 12:35:39.213 WARN   Wiring.write_wire_scope: net not found
2026-10-07 12:35:39.213 WARN   Wiring.write_wire_scope: net not found
2026-10-07 12:35:40.049 WARN   Wiring.write_wire_scope: net not found
2026-10-07 12:35:40.049 WARN   Wiring.write_wire_scope: net not found
2026-10-07 12:35:40.049 WARN   Wiring.write_wire_scope: net not found
2026-10-07 12:35:40.049 WARN   Wiring.write_wire_scope: net not found
2026-10-07 12:35:40.049 WARN   Wiring.write_wire_scope: net not found
2026-10-07 12:35:40.049 WARN   Wiring.write_wire_scope: net not found
2026-10-07 12:35:40.049 WARN   Wiring.write_wire_scope: net not found
2026-10-07 12:35:40.049 WARN   Wiring.write_wire_scope: net not found
2026-10-07 12:35:40.049 WARN   Wiring.write_wire_scope: net not found
2026-10-07 12:35:40.049 WARN   Wiring.write_wire_scope: net not found
2026-10-07 12:35:40.049 WARN   Wiring.write_wire_scope: net not found
2026-10-07 12:35:40.049 WARN   Wiring.write_wire_scope: net not found
2026-10-07 12:35:40.049 WARN   Wiring.write_wire_scope: net not found
2026-10-07 12:35:40.049 WARN   Wiring.write_wire_scope: net not found
2026-10-07 12:35:40.049 WARN   Wiring.write_wire_scope: net not found
2026-10-07 12:35:40.049 WARN   Wiring.write_wire_scope: net not found
2026-10-07 12:35:40.049 WARN   Wiring.write_wire_scope: net not found
2026-10-07 12:35:40.049 WARN   Wiring.write_wire_scope: net not found
2026-10-07 12:35:40.049 WARN   Wiring.write_wire_scope: net not found
2026-10-07 12:35:40.049 WARN   Wiring.write_wire_scope: net not found
2026-10-07 12:35:40.049 WARN   Wiring.write_wire_scope: net not found
2026-10-07 12:35:40.049 WARN   Wiring.write_wire_scope: net not found
2026-10-07 12:35:40.049 WARN   Wiring.write_wire_scope: net not found
2026-10-07 12:35:40.049 WARN   Wiring.write_wire_scope: net not found
2026-10-07 12:35:40.049 WARN   Wiring.write_wire_scope: net not found
2026-10-07 12:35:40.049 WARN   Wiring.write_wire_scope: net not found
2026-10-07 12:35:40.049 WARN   Wiring.write_wire_scope: net not found
2026-10-07 12:35:40.049 WARN   Wiring.write_wire_scope: net not found
2026-10-07 12:35:40.049 WARN   Wiring.write_wire_scope: net not found
2026-10-07 12:35:40.049 WARN   Wiring.write_wire_scope: net not found
2026-10-07 12:35:40.049 WARN   Wiring.write_wire_scope: net not found
2026-10-07 12:35:40.049 WARN   Wiring.write_wire_scope: net not found
2026-10-07 12:35:40.049 WARN   Wiring.write_wire_scope: net not found
2026-10-07 12:35:40.049 WARN   Wiring.write_wire_scope: net not found
2026-10-07 12:35:40.049 WARN   Wiring.write_wire_scope: net not found
2026-10-07 12:35:40.049 WARN   Wiring.write_wire_scope: net not found
2026-10-07 12:35:40.049 WARN   Wiring.write_wire_scope: net not found
2026-10-07 12:35:40.049 WARN   Wiring.write_wire_scope: net not found
2026-10-07 12:35:40.049 WARN   Wiring.write_wire_scope: net not found
2026-10-07 12:35:40.049 WARN   Wiring.write_wire_scope: net not found
2026-10-07 12:35:40.049 WARN   Wiring.write_wire_scope: net not found
2026-10-07 12:35:40.049 WARN   Wiring.write_wire_scope: net not found
2026-10-07 12:35:40.049 WARN   Wiring.write_wire_scope: net not found
2026-10-07 12:35:40.049 WARN   Wiring.write_wire_scope: net not found
2026-10-07 12:35:40.049 WARN   Wiring.write_wire_scope: net not found
2026-10-07 12:35:40.049 WARN   Wiring.write_wire_scope: net not found
2026-10-07 12:35:40.049 WARN   Wiring.write_wire_scope: net not found
2026-10-07 12:35:40.049 WARN   Wiring.write_wire_scope: net not found
2026-10-07 12:35:40.049 WARN   Wiring.write_wire_scope: net not found
2026-10-07 12:35:40.049 WARN   Wiring.write_wire_scope: net not found
2026-10-07 12:35:40.049 WARN   Wiring.write_wire_scope: net not found
2026-10-07 12:35:40.049 WARN   Wiring.write_wire_scope: net not found
2026-10-07 12:35:40.049 WARN   Wiring.write_wire_scope: net not found
2026-10-07 12:35:40.049 WARN   Wiring.write_wire_scope: net not found
2026-10-07 12:35:40.049 WARN   Wiring.write_wire_scope: net not found
2026-10-07 12:35:40.049 WARN   Wiring.write_wire_scope: net not found
2026-10-07 12:35:40.049 WARN   Wiring.write_wire_scope: net not found
2026-10-07 12:35:40.049 WARN   Wiring.write_wire_scope: net not found
2026-10-07 12:35:40.049 WARN   Wiring.write_wire_scope: net not found
2026-10-07 12:35:40.049 WARN   Wiring.write_wire_scope: net not found
2026-10-07 12:35:40.049 WARN   Wiring.write_wire_scope: net not found
2026-10-07 12:35:40.049 WARN   Wiring.write_wire_scope: net not found
2026-10-07 12:35:40.049 WARN   Wiring.write_wire_scope: net not found
2026-10-07 12:35:40.049 WARN   Wiring.write_wire_scope: net not found
2026-10-07 12:35:40.049 WARN   Wiring.write_wire_scope: net not found
2026-10-07 12:35:40.049 WARN   Wiring.write_wire_scope: net not found
2026-10-07 12:35:40.049 WARN   Wiring.write_wire_scope: net not found
2026-10-07 12:35:40.049 WARN   Wiring.write_wire_scope: net not found
2026-10-07 12:35:40.049 WARN   Wiring.write_wire_scope: net not found
2026-10-07 12:35:40.049 WARN   Wiring.write_wire_scope: net not found
2026-10-07 12:35:40.049 WARN   Wiring.write_wire_scope: net not found
2026-10-07 12:35:40.049 WARN   Wiring.write_wire_scope: net not found
2026-10-07 12:35:40.049 WARN   Wiring.write_wire_scope: net not found
2026-10-07 12:35:40.049 WARN   Wiring.write_wire_scope: net not found
2026-10-07 12:35:40.049 WARN   Wiring.write_wire_scope: net not found
2026-10-07 12:35:40.049 WARN   Wiring.write_wire_scope: net not found
2026-10-07 12:35:40.049 WARN   Wiring.write_wire_scope: net not found
2026-10-07 12:35:40.049 WARN   Wiring.write_wire_scope: net not found
2026-10-07 12:35:40.049 WARN   Wiring.write_wire_scope: net not found
2026-10-07 12:35:40.049 WARN   Wiring.write_wire_scope: net not found
2026-10-07 12:35:40.049 WARN   Wiring.write_wire_scope: net not found
2026-10-07 12:35:40.049 WARN   Wiring.write_wire_scope: net not found
2026-10-07 12:35:40.049 WARN   Wiring.write_wire_scope: net not found
2026-10-07 12:35:40.049 WARN   Wiring.write_wire_scope: net not found
2026-10-07 12:35:40.049 WARN   Wiring.write_wire_scope: net not found
2026-10-07 12:35:40.049 WARN   Wiring.write_wire_scope: net not found
2026-10-07 12:35:40.049 WARN   Wiring.write_wire_scope: net not found
2026-10-07 12:35:40.049 WARN   Wiring.write_wire_scope: net not found
2026-10-07 12:35:40.049 WARN   Wiring.write_wire_scope: net not found
2026-10-07 12:35:40.049 WARN   Wiring.write_wire_scope: net not found
2026-10-07 12:35:40.049 WARN   Wiring.write_wire_scope: net not found
2026-10-07 12:35:40.049 WARN   Wiring.write_wire_scope: net not found
2026-10-07 12:35:40.049 WARN   Wiring.write_wire_scope: net not found
2026-10-07 12:35:40.049 WARN   Wiring.write_wire_scope: net not found
2026-10-07 12:35:40.049 WARN   Wiring.write_wire_scope: net not found
2026-10-07 12:35:40.049 WARN   Wiring.write_wire_scope: net not found
2026-10-07 12:35:40.049 WARN   Wiring.write_wire_scope: net not found
2026-10-07 12:35:40.049 WARN   Wiring.write_wire_scope: net not found
2026-10-07 12:35:40.049 WARN   Wiring.write_wire_scope: net not found
2026-10-07 12:35:40.049 WARN   Wiring.write_wire_scope: net not found
2026-10-07 12:35:40.049 WARN   Wiring.write_wire_scope: net not found
2026-10-07 12:35:40.049 WARN   Wiring.write_wire_scope: net not found
2026-10-07 12:35:40.049 WARN   Wiring.write_wire_scope: net not found
2026-10-07 12:35:40.049 WARN   Wiring.write_wire_scope: net not found
2026-10-07 12:35:40.049 WARN   Wiring.write_wire_scope: net not found
2026-10-07 12:35:40.049 WARN   Wiring.write_wire_scope: net not found
2026-10-07 12:35:40.049 WARN   Wiring.write_wire_scope: net not found
2026-10-07 12:35:40.049 WARN   Wiring.write_wire_scope: net not found
2026-10-07 12:35:40.049 WARN   Wiring.write_wire_scope: net not found
2026-10-07 12:35:40.049 WARN   Wiring.write_wire_scope: net not found
2026-10-07 12:35:40.049 WARN   Wiring.write_wire_scope: net not found
2026-10-07 12:35:40.049 WARN   Wiring.write_wire_scope: net not found
2026-10-07 12:35:40.049 WARN   Wiring.write_wire_scope: net not found
2026-10-07 12:35:40.049 WARN   Wiring.write_wire_scope: net not found
2026-10-07 12:35:40.049 WARN   Wiring.write_wire_scope: net not found
2026-10-07 12:35:40.049 WARN   Wiring.write_wire_scope: net not found
2026-10-07 12:35:40.049 WARN   Wiring.write_wire_scope: net not found
2026-10-07 12:35:40.049 WARN   Wiring.write_wire_scope: net not found
2026-10-07 12:35:40.049 WARN   Wiring.write_wire_scope: net not found
2026-10-07 12:35:40.049 WARN   Wiring.write_wire_scope: net not found
2026-10-07 12:35:40.049 WARN   Wiring.write_wire_scope: net not found
2026-10-07 12:35:40.049 WARN   Wiring.write_wire_scope: net not found
2026-10-07 12:35:40.049 WARN   Wiring.write_wire_scope: net not found
2026-10-07 12:35:40.049 WARN   Wiring.write_wire_scope: net not found
2026-10-07 12:35:40.049 WARN   Wiring.write_wire_scope: net not found
2026-10-07 12:35:40.049 WARN   Wiring.write_wire_scope: net not found
2026-10-07 12:35:40.049 WARN   Wiring.write_wire_scope: net not found
2026-10-07 12:35:40.049 WARN   Wiring.write_wire_scope: net not found
2026-10-07 12:35:40.049 WARN   Wiring.write_wire_scope: net not found
2026-10-07 12:35:40.049 WARN   Wiring.write_wire_scope: net not found
2026-10-07 12:35:40.049 WARN   Wiring.write_wire_scope: net not found
2026-10-07 12:35:40.049 WARN   Wiring.write_wire_scope: net not found
2026-10-07 12:35:40.049 WARN   Wiring.write_wire_scope: net not found
2026-10-07 12:35:40.049 WARN   Wiring.write_wire_scope: net not found
2026-10-07 12:35:40.049 WARN   Wiring.write_wire_scope: net not found
2026-10-07 12:35:40.049 WARN   Wiring.write_wire_scope: net not found
2026-10-07 12:35:40.049 WARN   Wiring.write_wire_scope: net not found
2026-10-07 12:35:40.049 WARN   Wiring.write_wire_scope: net not found
2026-10-07 12:35:40.049 WARN   Wiring.write_wire_scope: net not found
2026-10-07 12:35:40.049 WARN   Wiring.write_wire_scope: net not found
2026-10-07 12:35:40.049 WARN   Wiring.write_wire_scope: net not found
2026-10-07 12:35:40.049 WARN   Wiring.write_wire_scope: net not found
2026-10-07 12:35:40.049 WARN   Wiring.write_wire_scope: net not found
2026-10-07 12:35:40.049 WARN   Wiring.write_wire_scope: net not found
2026-10-07 12:35:40.049 WARN   Wiring.write_wire_scope: net not found
2026-10-07 12:35:40.049 WARN   Wiring.write_wire_scope: net not found
2026-10-07 12:35:40.049 WARN   Wiring.write_wire_scope: net not found
2026-10-07 12:35:40.049 WARN   Wiring.write_wire_scope: net not found
2026-10-07 12:35:40.049 WARN   Wiring.write_wire_scope: net not found
2026-10-07 12:35:40.049 WARN   Wiring.write_wire_scope: net not found
2026-10-07 12:35:40.049 WARN   Wiring.write_wire_scope: net not found
2026-10-07 12:35:40.049 WARN   Wiring.write_wire_scope: net not found
2026-10-07 12:35:40.049 WARN   Wiring.write_wire_scope: net not found
2026-10-07 12:35:40.049 WARN   Wiring.write_wire_scope: net not found
2026-10-07 12:35:40.049 WARN   Wiring.write_wire_scope: net not found
2026-10-07 12:35:40.049 WARN   Wiring.write_wire_scope: net not found
2026-10-07 12:35:40.049 WARN   Wiring.write_wire_scope: net not found
2026-10-07 12:35:40.049 WARN   Wiring.write_wire_scope: net not found
2026-10-07 12:35:40.049 WARN   Wiring.write_wire_scope: net not found
2026-10-07 12:35:40.049 WARN   Wiring.write_wire_scope: net not found
2026-10-07 12:35:40.049 WARN   Wiring.write_wire_scope: net not found
2026-10-07 12:35:40.049 WARN   Wiring.write_wire_scope: net not found
2026-10-07 12:35:40.049 WARN   Wiring.write_wire_scope: net not found
2026-10-07 12:35:40.049 WARN   Wiring.write_wire_scope: net not found
2026-10-07 12:35:40.049 WARN   Wiring.write_wire_scope: net not found
2026-10-07 12:35:40.049 WARN   Wiring.write_wire_scope: net not found
2026-10-07 12:35:40.049 WARN   Wiring.write_wire_scope: net not found
2026-10-07 12:35:40.049 WARN   Wiring.write_wire_scope: net not found
2026-10-07 12:35:40.049 WARN   Wiring.write_wire_scope: net not found
2026-10-07 12:35:40.049 WARN   Wiring.write_wire_scope: net not found
2026-10-07 12:35:40.049 WARN   Wiring.write_wire_scope: net not found
2026-10-07 12:35:40.049 WARN   Wiring.write_wire_scope: net not found
2026-10-07 12:35:40.049 WARN   Wiring.write_wire_scope: net not found
2026-10-07 12:35:40.049 WARN   Wiring.write_wire_scope: net not found
2026-10-07 12:35:40.049 WARN   Wiring.write_wire_scope: net not found
2026-10-07 12:35:40.049 WARN   Wiring.write_wire_scope: net not found
2026-10-07 12:35:40.050 WARN   Wiring.write_wire_scope: net not found
2026-10-07 12:35:40.050 WARN   Wiring.write_wire_scope: net not found
2026-10-07 12:35:40.050 WARN   Wiring.write_wire_scope: net not found
2026-10-07 12:35:40.050 WARN   Wiring.write_wire_scope: net not found
2026-10-07 12:35:40.050 WARN   Wiring.write_wire_scope: net not found
2026-10-07 12:35:40.050 WARN   Wiring.write_wire_scope: net not found
2026-10-07 12:35:40.050 WARN   Wiring.write_wire_scope: net not found
2026-10-07 12:35:40.050 WARN   Wiring.write_wire_scope: net not found
2026-10-07 12:35:40.050 WARN   Wiring.write_wire_scope: net not found
2026-10-07 12:35:40.050 WARN   Wiring.write_wire_scope: net not found
2026-10-07 12:35:40.050 WARN   Wiring.write_wire_scope: net not found
2026-10-07 12:35:40.050 WARN   Wiring.write_wire_scope: net not found
2026-10-07 12:35:40.050 WARN   Wiring.write_wire_scope: net not found
2026-10-07 12:35:40.050 WARN   Wiring.write_wire_scope: net not found
2026-10-07 12:35:40.050 WARN   Wiring.write_wire_scope: net not found
2026-10-07 12:35:40.050 WARN   Wiring.write_wire_scope: net not found
2026-10-07 12:35:40.050 WARN   Wiring.write_wire_scope: net not found
2026-10-07 12:35:40.050 WARN   Wiring.write_wire_scope: net not found
2026-10-07 12:35:40.105 WARN   Wiring.write_wire_scope: net not found
2026-10-07 12:35:40.105 WARN   Wiring.write_wire_scope: net not found
2026-10-07 12:35:40.105 WARN   Wiring.write_wire_scope: net not found
2026-10-07 12:35:40.105 WARN   Wiring.write_wire_scope: net not found
2026-10-07 12:35:40.105 WARN   Wiring.write_wire_scope: net not found
2026-10-07 12:35:40.105 WARN   Wiring.write_wire_scope: net not found
2026-10-07 12:35:40.105 WARN   Wiring.write_wire_scope: net not found
2026-10-07 12:35:40.105 WARN   Wiring.write_wire_scope: net not found
2026-10-07 12:35:40.105 WARN   Wiring.write_wire_scope: net not found
2026-10-07 12:35:40.105 WARN   Wiring.write_wire_scope: net not found
2026-10-07 12:35:40.105 WARN   Wiring.write_wire_scope: net not found
2026-10-07 12:35:40.105 WARN   Wiring.write_wire_scope: net not found
2026-10-07 12:35:40.105 WARN   Wiring.write_wire_scope: net not found
2026-10-07 12:35:40.105 WARN   Wiring.write_wire_scope: net not found
2026-10-07 12:35:40.105 WARN   Wiring.write_wire_scope: net not found
2026-10-07 12:35:40.105 WARN   Wiring.write_wire_scope: net not found
2026-10-07 12:35:40.105 WARN   Wiring.write_wire_scope: net not found
2026-10-07 12:35:40.105 WARN   Wiring.write_wire_scope: net not found
2026-10-07 12:35:40.105 WARN   Wiring.write_wire_scope: net not found
2026-10-07 12:35:40.105 WARN   Wiring.write_wire_scope: net not found
2026-10-07 12:35:40.105 WARN   Wiring.write_wire_scope: net not found
2026-10-07 12:35:40.105 WARN   Wiring.write_wire_scope: net not found
2026-10-07 12:35:40.105 WARN   Wiring.write_wire_scope: net not found
2026-10-07 12:35:40.105 WARN   Wiring.write_wire_scope: net not found
2026-10-07 12:35:40.105 WARN   Wiring.write_wire_scope: net not found
2026-10-07 12:35:40.105 WARN   Wiring.write_wire_scope: net not found
2026-10-07 12:35:40.105 WARN   Wiring.write_wire_scope: net not found
2026-10-07 12:35:40.105 WARN   Wiring.write_wire_scope: net not found
2026-10-07 12:35:40.105 WARN   Wiring.write_wire_scope: net not found
2026-10-07 12:35:40.105 WARN   Wiring.write_wire_scope: net not found
2026-10-07 12:35:40.105 WARN   Wiring.write_wire_scope: net not found
2026-10-07 12:35:40.105 WARN   Wiring.write_wire_scope: net not found
2026-10-07 12:35:40.105 WARN   Wiring.write_wire_scope: net not found
2026-10-07 12:35:40.105 WARN   Wiring.write_wire_scope: net not found
2026-10-07 12:35:40.105 WARN   Wiring.write_wire_scope: net not found
2026-10-07 12:35:40.105 WARN   Wiring.write_wire_scope: net not found
2026-10-07 12:35:40.105 WARN   Wiring.write_wire_scope: net not found
2026-10-07 12:35:40.105 WARN   Wiring.write_wire_scope: net not found
2026-10-07 12:35:40.105 WARN   Wiring.write_wire_scope: net not found
2026-10-07 12:35:40.105 WARN   Wiring.write_wire_scope: net not found
2026-10-07 12:35:40.105 WARN   Wiring.write_wire_scope: net not found
2026-10-07 12:35:40.105 WARN   Wiring.write_wire_scope: net not found
2026-10-07 12:35:40.105 WARN   Wiring.write_wire_scope: net not found
2026-10-07 12:35:40.105 WARN   Wiring.write_wire_scope: net not found
2026-10-07 12:35:40.105 WARN   Wiring.write_wire_scope: net not found
2026-10-07 12:35:40.105 WARN   Wiring.write_wire_scope: net not found
2026-10-07 12:35:40.105 WARN   Wiring.write_wire_scope: net not found
2026-10-07 12:35:40.105 WARN   Wiring.write_wire_scope: net not found
2026-10-07 12:35:40.105 WARN   Wiring.write_wire_scope: net not found
2026-10-07 12:35:40.105 WARN   Wiring.write_wire_scope: net not found
2026-10-07 12:35:40.105 WARN   Wiring.write_wire_scope: net not found
2026-10-07 12:35:40.105 WARN   Wiring.write_wire_scope: net not found
2026-10-07 12:35:40.105 WARN   Wiring.write_wire_scope: net not found
2026-10-07 12:35:40.105 WARN   Wiring.write_wire_scope: net not found
2026-10-07 12:35:40.105 WARN   Wiring.write_wire_scope: net not found
2026-10-07 12:35:40.105 WARN   Wiring.write_wire_scope: net not found
2026-10-07 12:35:40.105 WARN   Wiring.write_wire_scope: net not found
2026-10-07 12:35:40.105 WARN   Wiring.write_wire_scope: net not found
2026-10-07 12:35:40.105 WARN   Wiring.write_wire_scope: net not found
2026-10-07 12:35:40.105 WARN   Wiring.write_wire_scope: net not found
2026-10-07 12:35:40.105 WARN   Wiring.write_wire_scope: net not found
2026-10-07 12:35:40.105 WARN   Wiring.write_wire_scope: net not found
2026-10-07 12:35:40.105 WARN   Wiring.write_wire_scope: net not found
2026-10-07 12:35:40.105 WARN   Wiring.write_wire_scope: net not found
2026-10-07 12:35:40.105 WARN   Wiring.write_wire_scope: net not found
2026-10-07 12:35:40.105 WARN   Wiring.write_wire_scope: net not found
2026-10-07 12:35:40.105 WARN   Wiring.write_wire_scope: net not found
2026-10-07 12:35:40.105 WARN   Wiring.write_wire_scope: net not found
2026-10-07 12:35:40.105 WARN   Wiring.write_wire_scope: net not found
2026-10-07 12:35:40.105 WARN   Wiring.write_wire_scope: net not found
2026-10-07 12:35:40.105 WARN   Wiring.write_wire_scope: net not found
2026-10-07 12:35:40.105 WARN   Wiring.write_wire_scope: net not found
2026-10-07 12:35:40.105 WARN   Wiring.write_wire_scope: net not found
2026-10-07 12:35:40.105 WARN   Wiring.write_wire_scope: net not found
2026-10-07 12:35:40.105 WARN   Wiring.write_wire_scope: net not found
2026-10-07 12:35:40.105 WARN   Wiring.write_wire_scope: net not found
2026-10-07 12:35:40.105 WARN   Wiring.write_wire_scope: net not found
2026-10-07 12:35:40.105 WARN   Wiring.write_wire_scope: net not found
2026-10-07 12:35:40.105 WARN   Wiring.write_wire_scope: net not found
2026-10-07 12:35:40.105 WARN   Wiring.write_wire_scope: net not found
2026-10-07 12:35:40.105 WARN   Wiring.write_wire_scope: net not found
2026-10-07 12:35:40.105 WARN   Wiring.write_wire_scope: net not found
2026-10-07 12:35:40.105 WARN   Wiring.write_wire_scope: net not found
2026-10-07 12:35:40.105 WARN   Wiring.write_wire_scope: net not found
2026-10-07 12:35:40.105 WARN   Wiring.write_wire_scope: net not found
2026-10-07 12:35:40.105 WARN   Wiring.write_wire_scope: net not found
2026-10-07 12:35:40.105 WARN   Wiring.write_wire_scope: net not found
2026-10-07 12:35:40.105 WARN   Wiring.write_wire_scope: net not found
2026-10-07 12:35:40.105 WARN   Wiring.write_wire_scope: net not found
2026-10-07 12:35:40.105 WARN   Wiring.write_wire_scope: net not found
2026-10-07 12:35:40.105 WARN   Wiring.write_wire_scope: net not found
2026-10-07 12:35:40.105 WARN   Wiring.write_wire_scope: net not found
2026-10-07 12:35:40.105 WARN   Wiring.write_wire_scope: net not found
2026-10-07 12:35:40.105 WARN   Wiring.write_wire_scope: net not found
2026-10-07 12:35:40.105 WARN   Wiring.write_wire_scope: net not found
2026-10-07 12:35:40.105 WARN   Wiring.write_wire_scope: net not found
2026-10-07 12:35:40.105 WARN   Wiring.write_wire_scope: net not found
2026-10-07 12:35:40.105 WARN   Wiring.write_wire_scope: net not found
2026-10-07 12:35:40.105 WARN   Wiring.write_wire_scope: net not found
2026-10-07 12:35:40.105 WARN   Wiring.write_wire_scope: net not found
2026-10-07 12:35:40.105 WARN   Wiring.write_wire_scope: net not found
2026-10-07 12:35:40.105 WARN   Wiring.write_wire_scope: net not found
2026-10-07 12:35:40.105 WARN   Wiring.write_wire_scope: net not found
2026-10-07 12:35:40.105 WARN   Wiring.write_wire_scope: net not found
2026-10-07 12:35:40.105 WARN   Wiring.write_wire_scope: net not found
2026-10-07 12:35:40.105 WARN   Wiring.write_wire_scope: net not found
2026-10-07 12:35:40.105 WARN   Wiring.write_wire_scope: net not found
2026-10-07 12:35:40.105 WARN   Wiring.write_wire_scope: net not found
2026-10-07 12:35:40.105 WARN   Wiring.write_wire_scope: net not found
2026-10-07 12:35:40.105 WARN   Wiring.write_wire_scope: net not found
2026-10-07 12:35:40.105 WARN   Wiring.write_wire_scope: net not found
2026-10-07 12:35:40.105 WARN   Wiring.write_wire_scope: net not found
2026-10-07 12:35:40.105 WARN   Wiring.write_wire_scope: net not found
2026-10-07 12:35:40.105 WARN   Wiring.write_wire_scope: net not found
2026-10-07 12:35:40.105 WARN   Wiring.write_wire_scope: net not found
2026-10-07 12:35:40.105 WARN   Wiring.write_wire_scope: net not found
2026-10-07 12:35:40.105 WARN   Wiring.write_wire_scope: net not found
2026-10-07 12:35:40.105 WARN   Wiring.write_wire_scope: net not found
2026-10-07 12:35:40.105 WARN   Wiring.write_wire_scope: net not found
2026-10-07 12:35:40.105 WARN   Wiring.write_wire_scope: net not found
2026-10-07 12:35:40.105 WARN   Wiring.write_wire_scope: net not found
2026-10-07 12:35:40.105 WARN   Wiring.write_wire_scope: net not found
2026-10-07 12:35:40.105 WARN   Wiring.write_wire_scope: net not found
2026-10-07 12:35:40.105 WARN   Wiring.write_wire_scope: net not found
2026-10-07 12:35:40.105 WARN   Wiring.write_wire_scope: net not found
2026-10-07 12:35:40.105 WARN   Wiring.write_wire_scope: net not found
2026-10-07 12:35:40.105 WARN   Wiring.write_wire_scope: net not found
2026-10-07 12:35:40.105 WARN   Wiring.write_wire_scope: net not found
2026-10-07 12:35:40.105 WARN   Wiring.write_wire_scope: net not found
2026-10-07 12:35:40.105 WARN   Wiring.write_wire_scope: net not found
2026-10-07 12:35:40.105 WARN   Wiring.write_wire_scope: net not found
2026-10-07 12:35:40.105 WARN   Wiring.write_wire_scope: net not found
2026-10-07 12:35:40.105 WARN   Wiring.write_wire_scope: net not found
2026-10-07 12:35:40.105 WARN   Wiring.write_wire_scope: net not found
2026-10-07 12:35:40.105 WARN   Wiring.write_wire_scope: net not found
2026-10-07 12:35:40.105 WARN   Wiring.write_wire_scope: net not found
2026-10-07 12:35:40.105 WARN   Wiring.write_wire_scope: net not found
2026-10-07 12:35:40.105 WARN   Wiring.write_wire_scope: net not found
2026-10-07 12:35:40.105 WARN   Wiring.write_wire_scope: net not found
2026-10-07 12:35:40.105 WARN   Wiring.write_wire_scope: net not found
2026-10-07 12:35:40.105 WARN   Wiring.write_wire_scope: net not found
2026-10-07 12:35:40.105 WARN   Wiring.write_wire_scope: net not found
2026-10-07 12:35:40.105 WARN   Wiring.write_wire_scope: net not found
2026-10-07 12:35:40.105 WARN   Wiring.write_wire_scope: net not found
2026-10-07 12:35:40.105 WARN   Wiring.write_wire_scope: net not found
2026-10-07 12:35:40.105 WARN   Wiring.write_wire_scope: net not found
2026-10-07 12:35:40.105 WARN   Wiring.write_wire_scope: net not found
2026-10-07 12:35:40.105 WARN   Wiring.write_wire_scope: net not found
2026-10-07 12:35:40.105 WARN   Wiring.write_wire_scope: net not found
2026-10-07 12:35:40.105 WARN   Wiring.write_wire_scope: net not found
2026-10-07 12:35:40.105 WARN   Wiring.write_wire_scope: net not found
2026-10-07 12:35:40.105 WARN   Wiring.write_wire_scope: net not found
2026-10-07 12:35:40.105 WARN   Wiring.write_wire_scope: net not found
2026-10-07 12:35:40.105 WARN   Wiring.write_wire_scope: net not found
2026-10-07 12:35:40.105 WARN   Wiring.write_wire_scope: net not found
2026-10-07 12:35:40.105 WARN   Wiring.write_wire_scope: net not found
2026-10-07 12:35:40.105 WARN   Wiring.write_wire_scope: net not found
2026-10-07 12:35:40.105 WARN   Wiring.write_wire_scope: net not found
2026-10-07 12:35:40.105 WARN   Wiring.write_wire_scope: net not found
2026-10-07 12:35:40.105 WARN   Wiring.write_wire_scope: net not found
2026-10-07 12:35:40.105 WARN   Wiring.write_wire_scope: net not found
2026-10-07 12:35:40.105 WARN   Wiring.write_wire_scope: net not found
2026-10-07 12:35:40.105 WARN   Wiring.write_wire_scope: net not found
2026-10-07 12:35:40.105 WARN   Wiring.write_wire_scope: net not found
2026-10-07 12:35:40.105 WARN   Wiring.write_wire_scope: net not found
2026-10-07 12:35:40.105 WARN   Wiring.write_wire_scope: net not found
2026-10-07 12:35:40.105 WARN   Wiring.write_wire_scope: net not found
2026-10-07 12:35:40.105 WARN   Wiring.write_wire_scope: net not found
2026-10-07 12:35:40.105 WARN   Wiring.write_wire_scope: net not found
2026-10-07 12:35:40.105 WARN   Wiring.write_wire_scope: net not found
2026-10-07 12:35:40.105 WARN   Wiring.write_wire_scope: net not found
2026-10-07 12:35:40.105 WARN   Wiring.write_wire_scope: net not found
2026-10-07 12:35:40.105 WARN   Wiring.write_wire_scope: net not found
2026-10-07 12:35:40.105 WARN   Wiring.write_wire_scope: net not found
2026-10-07 12:35:40.105 WARN   Wiring.write_wire_scope: net not found
2026-10-07 12:35:40.105 WARN   Wiring.write_wire_scope: net not found
2026-10-07 12:35:40.105 WARN   Wiring.write_wire_scope: net not found
2026-10-07 12:35:40.105 WARN   Wiring.write_wire_scope: net not found
2026-10-07 12:35:40.105 WARN   Wiring.write_wire_scope: net not found
2026-10-07 12:35:40.105 WARN   Wiring.write_wire_scope: net not found
2026-10-07 12:35:40.105 WARN   Wiring.write_wire_scope: net not found
2026-10-07 12:35:40.105 WARN   Wiring.write_wire_scope: net not found
2026-10-07 12:35:40.105 WARN   Wiring.write_wire_scope: net not found
2026-10-07 12:35:40.105 WARN   Wiring.write_wire_scope: net not found
2026-10-07 12:35:40.105 WARN   Wiring.write_wire_scope: net not found
2026-10-07 12:35:40.105 WARN   Wiring.write_wire_scope: net not found
2026-10-07 12:35:40.105 WARN   Wiring.write_wire_scope: net not found
2026-10-07 12:35:40.105 WARN   Wiring.write_wire_scope: net not found
2026-10-07 12:35:40.105 WARN   Wiring.write_wire_scope: net not found
2026-10-07 12:35:40.105 WARN   Wiring.write_wire_scope: net not found
2026-10-07 12:35:40.105 WARN   Wiring.write_wire_scope: net not found
2026-10-07 12:35:40.105 WARN   Wiring.write_wire_scope: net not found
2026-10-07 12:35:40.105 WARN   Wiring.write_wire_scope: net not found
2026-10-07 12:35:40.105 WARN   Wiring.write_wire_scope: net not found
2026-10-07 12:35:40.137 INFO   [7E698B\8BA015] Auto-routing pass #1 on board '824362c2f9cb6961397a83387ac42c31' was completed in 2.41 seconds with score 348.67 (13 unrouted and 398 violations), using 2.82 CPU seconds and the job allocated 2.34 GB of memory so far.
2026-10-07 12:35:40.244 INFO   [7E698B\8BA015] Auto-routing stage completed: started with 27 unrouted nets, completed in 3.45 seconds, final score: 348.67 (13 unrouted and 398 violations), using 2.82 total CPU seconds, 2.34 GB total allocated, and 132.6 MB peak heap usage.
2026-10-07 12:35:40.280 INFO   [7E698B\8BA015] Skipping optimization stage: the board has 13 unrouted connection(s) (optimizer only runs on completely routed boards).
2026-10-07 12:35:40.303 WARN   Wiring.write_wire_scope: net not found
2026-10-07 12:35:40.303 WARN   Wiring.write_wire_scope: net not found
2026-10-07 12:35:40.303 WARN   Wiring.write_wire_scope: net not found
2026-10-07 12:35:40.303 WARN   Wiring.write_wire_scope: net not found
2026-10-07 12:35:40.303 WARN   Wiring.write_wire_scope: net not found
2026-10-07 12:35:40.303 WARN   Wiring.write_wire_scope: net not found
2026-10-07 12:35:40.303 WARN   Wiring.write_wire_scope: net not found
2026-10-07 12:35:40.303 WARN   Wiring.write_wire_scope: net not found
2026-10-07 12:35:40.303 WARN   Wiring.write_wire_scope: net not found
2026-10-07 12:35:40.303 WARN   Wiring.write_wire_scope: net not found
2026-10-07 12:35:40.303 WARN   Wiring.write_wire_scope: net not found
2026-10-07 12:35:40.303 WARN   Wiring.write_wire_scope: net not found
2026-10-07 12:35:40.303 WARN   Wiring.write_wire_scope: net not found
2026-10-07 12:35:40.303 WARN   Wiring.write_wire_scope: net not found
2026-10-07 12:35:40.303 WARN   Wiring.write_wire_scope: net not found
2026-10-07 12:35:40.303 WARN   Wiring.write_wire_scope: net not found
2026-10-07 12:35:40.303 WARN   Wiring.write_wire_scope: net not found
2026-10-07 12:35:40.303 WARN   Wiring.write_wire_scope: net not found
2026-10-07 12:35:40.303 WARN   Wiring.write_wire_scope: net not found
2026-10-07 12:35:40.303 WARN   Wiring.write_wire_scope: net not found
2026-10-07 12:35:40.303 WARN   Wiring.write_wire_scope: net not found
2026-10-07 12:35:40.303 WARN   Wiring.write_wire_scope: net not found
2026-10-07 12:35:40.303 WARN   Wiring.write_wire_scope: net not found
2026-10-07 12:35:40.303 WARN   Wiring.write_wire_scope: net not found
2026-10-07 12:35:40.303 WARN   Wiring.write_wire_scope: net not found
2026-10-07 12:35:40.303 WARN   Wiring.write_wire_scope: net not found
2026-10-07 12:35:40.303 WARN   Wiring.write_wire_scope: net not found
2026-10-07 12:35:40.303 WARN   Wiring.write_wire_scope: net not found
2026-10-07 12:35:40.303 WARN   Wiring.write_wire_scope: net not found
2026-10-07 12:35:40.303 WARN   Wiring.write_wire_scope: net not found
2026-10-07 12:35:40.304 WARN   Wiring.write_wire_scope: net not found
2026-10-07 12:35:40.304 WARN   Wiring.write_wire_scope: net not found
2026-10-07 12:35:40.304 WARN   Wiring.write_wire_scope: net not found
2026-10-07 12:35:40.304 WARN   Wiring.write_wire_scope: net not found
2026-10-07 12:35:40.304 WARN   Wiring.write_wire_scope: net not found
2026-10-07 12:35:40.304 WARN   Wiring.write_wire_scope: net not found
2026-10-07 12:35:40.304 WARN   Wiring.write_wire_scope: net not found
2026-10-07 12:35:40.304 WARN   Wiring.write_wire_scope: net not found
2026-10-07 12:35:40.304 WARN   Wiring.write_wire_scope: net not found
2026-10-07 12:35:40.304 WARN   Wiring.write_wire_scope: net not found
2026-10-07 12:35:40.304 WARN   Wiring.write_wire_scope: net not found
2026-10-07 12:35:40.304 WARN   Wiring.write_wire_scope: net not found
2026-10-07 12:35:40.304 WARN   Wiring.write_wire_scope: net not found
2026-10-07 12:35:40.304 WARN   Wiring.write_wire_scope: net not found
2026-10-07 12:35:40.304 WARN   Wiring.write_wire_scope: net not found
2026-10-07 12:35:40.304 WARN   Wiring.write_wire_scope: net not found
2026-10-07 12:35:40.304 WARN   Wiring.write_wire_scope: net not found
2026-10-07 12:35:40.304 WARN   Wiring.write_wire_scope: net not found
2026-10-07 12:35:40.304 WARN   Wiring.write_wire_scope: net not found
2026-10-07 12:35:40.304 WARN   Wiring.write_wire_scope: net not found
2026-10-07 12:35:40.304 WARN   Wiring.write_wire_scope: net not found
2026-10-07 12:35:40.304 WARN   Wiring.write_wire_scope: net not found
2026-10-07 12:35:40.304 WARN   Wiring.write_wire_scope: net not found
2026-10-07 12:35:40.304 WARN   Wiring.write_wire_scope: net not found
2026-10-07 12:35:40.304 WARN   Wiring.write_wire_scope: net not found
2026-10-07 12:35:40.304 WARN   Wiring.write_wire_scope: net not found
2026-10-07 12:35:40.304 WARN   Wiring.write_wire_scope: net not found
2026-10-07 12:35:40.304 WARN   Wiring.write_wire_scope: net not found
2026-10-07 12:35:40.304 WARN   Wiring.write_wire_scope: net not found
2026-10-07 12:35:40.304 WARN   Wiring.write_wire_scope: net not found
2026-10-07 12:35:40.304 WARN   Wiring.write_wire_scope: net not found
2026-10-07 12:35:40.304 WARN   Wiring.write_wire_scope: net not found
2026-10-07 12:35:40.304 WARN   Wiring.write_wire_scope: net not found
2026-10-07 12:35:40.304 WARN   Wiring.write_wire_scope: net not found
2026-10-07 12:35:40.304 WARN   Wiring.write_wire_scope: net not found
2026-10-07 12:35:40.304 WARN   Wiring.write_wire_scope: net not found
2026-10-07 12:35:40.304 WARN   Wiring.write_wire_scope: net not found
2026-10-07 12:35:40.304 WARN   Wiring.write_wire_scope: net not found
2026-10-07 12:35:40.304 WARN   Wiring.write_wire_scope: net not found
2026-10-07 12:35:40.304 WARN   Wiring.write_wire_scope: net not found
2026-10-07 12:35:40.304 WARN   Wiring.write_wire_scope: net not found
2026-10-07 12:35:40.304 WARN   Wiring.write_wire_scope: net not found
2026-10-07 12:35:40.304 WARN   Wiring.write_wire_scope: net not found
2026-10-07 12:35:40.304 WARN   Wiring.write_wire_scope: net not found
2026-10-07 12:35:40.304 WARN   Wiring.write_wire_scope: net not found
2026-10-07 12:35:40.304 WARN   Wiring.write_wire_scope: net not found
2026-10-07 12:35:40.304 WARN   Wiring.write_wire_scope: net not found
2026-10-07 12:35:40.304 WARN   Wiring.write_wire_scope: net not found
2026-10-07 12:35:40.304 WARN   Wiring.write_wire_scope: net not found
2026-10-07 12:35:40.304 WARN   Wiring.write_wire_scope: net not found
2026-10-07 12:35:40.304 WARN   Wiring.write_wire_scope: net not found
2026-10-07 12:35:40.304 WARN   Wiring.write_wire_scope: net not found
2026-10-07 12:35:40.304 WARN   Wiring.write_wire_scope: net not found
2026-10-07 12:35:40.304 WARN   Wiring.write_wire_scope: net not found
2026-10-07 12:35:40.304 WARN   Wiring.write_wire_scope: net not found
2026-10-07 12:35:40.304 WARN   Wiring.write_wire_scope: net not found
2026-10-07 12:35:40.304 WARN   Wiring.write_wire_scope: net not found
2026-10-07 12:35:40.304 WARN   Wiring.write_wire_scope: net not found
2026-10-07 12:35:40.304 WARN   Wiring.write_wire_scope: net not found
2026-10-07 12:35:40.304 WARN   Wiring.write_wire_scope: net not found
2026-10-07 12:35:40.304 WARN   Wiring.write_wire_scope: net not found
2026-10-07 12:35:40.304 WARN   Wiring.write_wire_scope: net not found
2026-10-07 12:35:40.304 WARN   Wiring.write_wire_scope: net not found
2026-10-07 12:35:40.304 WARN   Wiring.write_wire_scope: net not found
2026-10-07 12:35:40.304 WARN   Wiring.write_wire_scope: net not found
2026-10-07 12:35:40.304 WARN   Wiring.write_wire_scope: net not found
2026-10-07 12:35:40.304 WARN   Wiring.write_wire_scope: net not found
2026-10-07 12:35:40.304 WARN   Wiring.write_wire_scope: net not found
2026-10-07 12:35:40.304 WARN   Wiring.write_wire_scope: net not found
2026-10-07 12:35:40.304 WARN   Wiring.write_wire_scope: net not found
2026-10-07 12:35:40.304 WARN   Wiring.write_wire_scope: net not found
2026-10-07 12:35:40.304 WARN   Wiring.write_wire_scope: net not found
2026-10-07 12:35:40.304 WARN   Wiring.write_wire_scope: net not found
2026-10-07 12:35:40.304 WARN   Wiring.write_wire_scope: net not found
2026-10-07 12:35:40.304 WARN   Wiring.write_wire_scope: net not found
2026-10-07 12:35:40.304 WARN   Wiring.write_wire_scope: net not found
2026-10-07 12:35:40.304 WARN   Wiring.write_wire_scope: net not found
2026-10-07 12:35:40.304 WARN   Wiring.write_wire_scope: net not found
2026-10-07 12:35:40.304 WARN   Wiring.write_wire_scope: net not found
2026-10-07 12:35:40.304 WARN   Wiring.write_wire_scope: net not found
2026-10-07 12:35:40.304 WARN   Wiring.write_wire_scope: net not found
2026-10-07 12:35:40.304 WARN   Wiring.write_wire_scope: net not found
2026-10-07 12:35:40.304 WARN   Wiring.write_wire_scope: net not found
2026-10-07 12:35:40.304 WARN   Wiring.write_wire_scope: net not found
2026-10-07 12:35:40.304 WARN   Wiring.write_wire_scope: net not found
2026-10-07 12:35:40.304 WARN   Wiring.write_wire_scope: net not found
2026-10-07 12:35:40.304 WARN   Wiring.write_wire_scope: net not found
2026-10-07 12:35:40.304 WARN   Wiring.write_wire_scope: net not found
2026-10-07 12:35:40.304 WARN   Wiring.write_wire_scope: net not found
2026-10-07 12:35:40.304 WARN   Wiring.write_wire_scope: net not found
2026-10-07 12:35:40.304 WARN   Wiring.write_wire_scope: net not found
2026-10-07 12:35:40.304 WARN   Wiring.write_wire_scope: net not found
2026-10-07 12:35:40.304 WARN   Wiring.write_wire_scope: net not found
2026-10-07 12:35:40.304 WARN   Wiring.write_wire_scope: net not found
2026-10-07 12:35:40.304 WARN   Wiring.write_wire_scope: net not found
2026-10-07 12:35:40.304 WARN   Wiring.write_wire_scope: net not found
2026-10-07 12:35:40.304 WARN   Wiring.write_wire_scope: net not found
2026-10-07 12:35:40.304 WARN   Wiring.write_wire_scope: net not found
2026-10-07 12:35:40.304 WARN   Wiring.write_wire_scope: net not found
2026-10-07 12:35:40.304 WARN   Wiring.write_wire_scope: net not found
2026-10-07 12:35:40.304 WARN   Wiring.write_wire_scope: net not found
2026-10-07 12:35:40.304 WARN   Wiring.write_wire_scope: net not found
2026-10-07 12:35:40.304 WARN   Wiring.write_wire_scope: net not found
2026-10-07 12:35:40.304 WARN   Wiring.write_wire_scope: net not found
2026-10-07 12:35:40.304 WARN   Wiring.write_wire_scope: net not found
2026-10-07 12:35:40.304 WARN   Wiring.write_wire_scope: net not found
2026-10-07 12:35:40.304 WARN   Wiring.write_wire_scope: net not found
2026-10-07 12:35:40.304 WARN   Wiring.write_wire_scope: net not found
2026-10-07 12:35:40.304 WARN   Wiring.write_wire_scope: net not found
2026-10-07 12:35:40.304 WARN   Wiring.write_wire_scope: net not found
2026-10-07 12:35:40.304 WARN   Wiring.write_wire_scope: net not found
2026-10-07 12:35:40.304 WARN   Wiring.write_wire_scope: net not found
2026-10-07 12:35:40.304 WARN   Wiring.write_wire_scope: net not found
2026-10-07 12:35:40.304 WARN   Wiring.write_wire_scope: net not found
2026-10-07 12:35:40.304 WARN   Wiring.write_wire_scope: net not found
2026-10-07 12:35:40.304 WARN   Wiring.write_wire_scope: net not found
2026-10-07 12:35:40.304 WARN   Wiring.write_wire_scope: net not found
2026-10-07 12:35:40.304 WARN   Wiring.write_wire_scope: net not found
2026-10-07 12:35:40.304 WARN   Wiring.write_wire_scope: net not found
2026-10-07 12:35:40.304 WARN   Wiring.write_wire_scope: net not found
2026-10-07 12:35:40.304 WARN   Wiring.write_wire_scope: net not found
2026-10-07 12:35:40.304 WARN   Wiring.write_wire_scope: net not found
2026-10-07 12:35:40.304 WARN   Wiring.write_wire_scope: net not found
2026-10-07 12:35:40.304 WARN   Wiring.write_wire_scope: net not found
2026-10-07 12:35:40.304 WARN   Wiring.write_wire_scope: net not found
2026-10-07 12:35:40.304 WARN   Wiring.write_wire_scope: net not found
2026-10-07 12:35:40.304 WARN   Wiring.write_wire_scope: net not found
2026-10-07 12:35:40.304 WARN   Wiring.write_wire_scope: net not found
2026-10-07 12:35:40.304 WARN   Wiring.write_wire_scope: net not found
2026-10-07 12:35:40.304 WARN   Wiring.write_wire_scope: net not found
2026-10-07 12:35:40.304 WARN   Wiring.write_wire_scope: net not found
2026-10-07 12:35:40.304 WARN   Wiring.write_wire_scope: net not found
2026-10-07 12:35:40.304 WARN   Wiring.write_wire_scope: net not found
2026-10-07 12:35:40.304 WARN   Wiring.write_wire_scope: net not found
2026-10-07 12:35:40.304 WARN   Wiring.write_wire_scope: net not found
2026-10-07 12:35:40.304 WARN   Wiring.write_wire_scope: net not found
2026-10-07 12:35:40.304 WARN   Wiring.write_wire_scope: net not found
2026-10-07 12:35:40.304 WARN   Wiring.write_wire_scope: net not found
2026-10-07 12:35:40.304 WARN   Wiring.write_wire_scope: net not found
2026-10-07 12:35:40.304 WARN   Wiring.write_wire_scope: net not found
2026-10-07 12:35:40.304 WARN   Wiring.write_wire_scope: net not found
2026-10-07 12:35:40.304 WARN   Wiring.write_wire_scope: net not found
2026-10-07 12:35:40.304 WARN   Wiring.write_wire_scope: net not found
2026-10-07 12:35:40.304 WARN   Wiring.write_wire_scope: net not found
2026-10-07 12:35:40.304 WARN   Wiring.write_wire_scope: net not found
2026-10-07 12:35:40.304 WARN   Wiring.write_wire_scope: net not found
2026-10-07 12:35:40.304 WARN   Wiring.write_wire_scope: net not found
2026-10-07 12:35:40.304 WARN   Wiring.write_wire_scope: net not found
2026-10-07 12:35:40.304 WARN   Wiring.write_wire_scope: net not found
2026-10-07 12:35:40.304 WARN   Wiring.write_wire_scope: net not found
2026-10-07 12:35:40.304 WARN   Wiring.write_wire_scope: net not found
2026-10-07 12:35:40.304 WARN   Wiring.write_wire_scope: net not found
2026-10-07 12:35:40.304 WARN   Wiring.write_wire_scope: net not found
2026-10-07 12:35:40.304 WARN   Wiring.write_wire_scope: net not found
2026-10-07 12:35:40.304 WARN   Wiring.write_wire_scope: net not found
2026-10-07 12:35:40.304 WARN   Wiring.write_wire_scope: net not found
2026-10-07 12:35:40.304 WARN   Wiring.write_wire_scope: net not found
2026-10-07 12:35:40.304 WARN   Wiring.write_wire_scope: net not found
2026-10-07 12:35:40.304 WARN   Wiring.write_wire_scope: net not found
2026-10-07 12:35:40.304 WARN   Wiring.write_wire_scope: net not found
2026-10-07 12:35:40.304 WARN   Wiring.write_wire_scope: net not found
2026-10-07 12:35:40.304 WARN   Wiring.write_wire_scope: net not found
2026-10-07 12:35:40.304 WARN   Wiring.write_wire_scope: net not found
2026-10-07 12:35:40.304 WARN   Wiring.write_wire_scope: net not found
2026-10-07 12:35:40.305 INFO   [7E698B\8BA015] Job '7E698B\8BA015' finished with state: COMPLETED (elapsed: 3.71 seconds, finished at UTC: 2026-10-07T01:35:40.304881871Z).
2026-10-07 12:35:40.347 INFO   Saving output file '/home/chithi/Desktop/DesktopSpeaker/ai-files/pcb/work-p1/K3-c5.ses' (SES)...
2026-10-07 12:35:40.348 INFO   Successfully saved output file '/home/chithi/Desktop/DesktopSpeaker/ai-files/pcb/work-p1/K3-c5.ses' (22947 bytes).
