2026-10-07 12:35:57.559 INFO   Freerouting v2.5.0 (build-date: 2026-10-05)
2026-10-07 12:35:57.821 INFO   Hardware: 24 CPU cores, 593 CPU score, 16056 MB RAM
2026-10-07 12:35:57.821 WARN   Deprecated settings path '-mp / --router.max_passes'; use '--router.autorouter.max_passes' instead. The old path will be removed in a future release.
2026-10-07 12:35:57.822 WARN   Couldn't get screen resolution. If you are running in a headless environment, disable the GUI by setting gui.enabled to false.
2026-10-07 12:35:58.846 WARN   Deprecated settings path 'router.max_passes'; use 'router.autorouter.max_passes' instead. The old path will be removed in a future release.
2026-10-07 12:35:59.105 INFO   [8E7B86\355F8A] Loading board file 'K3-c7.dsn'...
2026-10-07 12:35:59.244 WARN   DSN file 'K3-c7.dsn' was loaded with 1 warning(s).
2026-10-07 12:35:59.317 INFO   [8E7B86\355F8A] Job '8E7B86\355F8A' started at 2026-10-07T01:35:59.316975289Z.
2026-10-07 12:35:59.384 WARN   Wiring.write_wire_scope: net not found
2026-10-07 12:35:59.384 WARN   Wiring.write_wire_scope: net not found
2026-10-07 12:35:59.384 WARN   Wiring.write_wire_scope: net not found
2026-10-07 12:35:59.384 WARN   Wiring.write_wire_scope: net not found
2026-10-07 12:35:59.384 WARN   Wiring.write_wire_scope: net not found
2026-10-07 12:35:59.384 WARN   Wiring.write_wire_scope: net not found
2026-10-07 12:35:59.384 WARN   Wiring.write_wire_scope: net not found
2026-10-07 12:35:59.384 WARN   Wiring.write_wire_scope: net not found
2026-10-07 12:35:59.385 WARN   Wiring.write_wire_scope: net not found
2026-10-07 12:35:59.385 WARN   Wiring.write_wire_scope: net not found
2026-10-07 12:35:59.385 WARN   Wiring.write_wire_scope: net not found
2026-10-07 12:35:59.385 WARN   Wiring.write_wire_scope: net not found
2026-10-07 12:35:59.385 WARN   Wiring.write_wire_scope: net not found
2026-10-07 12:35:59.385 WARN   Wiring.write_wire_scope: net not found
2026-10-07 12:35:59.385 WARN   Wiring.write_wire_scope: net not found
2026-10-07 12:35:59.385 WARN   Wiring.write_wire_scope: net not found
2026-10-07 12:35:59.385 WARN   Wiring.write_wire_scope: net not found
2026-10-07 12:35:59.385 WARN   Wiring.write_wire_scope: net not found
2026-10-07 12:35:59.385 WARN   Wiring.write_wire_scope: net not found
2026-10-07 12:35:59.385 WARN   Wiring.write_wire_scope: net not found
2026-10-07 12:35:59.385 WARN   Wiring.write_wire_scope: net not found
2026-10-07 12:35:59.385 WARN   Wiring.write_wire_scope: net not found
2026-10-07 12:35:59.385 WARN   Wiring.write_wire_scope: net not found
2026-10-07 12:35:59.385 WARN   Wiring.write_wire_scope: net not found
2026-10-07 12:35:59.385 WARN   Wiring.write_wire_scope: net not found
2026-10-07 12:35:59.385 WARN   Wiring.write_wire_scope: net not found
2026-10-07 12:35:59.385 WARN   Wiring.write_wire_scope: net not found
2026-10-07 12:35:59.385 WARN   Wiring.write_wire_scope: net not found
2026-10-07 12:35:59.385 WARN   Wiring.write_wire_scope: net not found
2026-10-07 12:35:59.385 WARN   Wiring.write_wire_scope: net not found
2026-10-07 12:35:59.386 WARN   Wiring.write_wire_scope: net not found
2026-10-07 12:35:59.386 WARN   Wiring.write_wire_scope: net not found
2026-10-07 12:35:59.386 WARN   Wiring.write_wire_scope: net not found
2026-10-07 12:35:59.386 WARN   Wiring.write_wire_scope: net not found
2026-10-07 12:35:59.386 WARN   Wiring.write_wire_scope: net not found
2026-10-07 12:35:59.386 WARN   Wiring.write_wire_scope: net not found
2026-10-07 12:35:59.386 WARN   Wiring.write_wire_scope: net not found
2026-10-07 12:35:59.386 WARN   Wiring.write_wire_scope: net not found
2026-10-07 12:35:59.386 WARN   Wiring.write_wire_scope: net not found
2026-10-07 12:35:59.386 WARN   Wiring.write_wire_scope: net not found
2026-10-07 12:35:59.387 WARN   Wiring.write_wire_scope: net not found
2026-10-07 12:35:59.387 WARN   Wiring.write_wire_scope: net not found
2026-10-07 12:35:59.387 WARN   Wiring.write_wire_scope: net not found
2026-10-07 12:35:59.387 WARN   Wiring.write_wire_scope: net not found
2026-10-07 12:35:59.387 WARN   Wiring.write_wire_scope: net not found
2026-10-07 12:35:59.387 WARN   Wiring.write_wire_scope: net not found
2026-10-07 12:35:59.387 WARN   Wiring.write_wire_scope: net not found
2026-10-07 12:35:59.387 WARN   Wiring.write_wire_scope: net not found
2026-10-07 12:35:59.387 WARN   Wiring.write_wire_scope: net not found
2026-10-07 12:35:59.387 WARN   Wiring.write_wire_scope: net not found
2026-10-07 12:35:59.387 WARN   Wiring.write_wire_scope: net not found
2026-10-07 12:35:59.388 WARN   Wiring.write_wire_scope: net not found
2026-10-07 12:35:59.388 WARN   Wiring.write_wire_scope: net not found
2026-10-07 12:35:59.388 WARN   Wiring.write_wire_scope: net not found
2026-10-07 12:35:59.388 WARN   Wiring.write_wire_scope: net not found
2026-10-07 12:35:59.388 WARN   Wiring.write_wire_scope: net not found
2026-10-07 12:35:59.388 WARN   Wiring.write_wire_scope: net not found
2026-10-07 12:35:59.388 WARN   Wiring.write_wire_scope: net not found
2026-10-07 12:35:59.388 WARN   Wiring.write_wire_scope: net not found
2026-10-07 12:35:59.388 WARN   Wiring.write_wire_scope: net not found
2026-10-07 12:35:59.388 WARN   Wiring.write_wire_scope: net not found
2026-10-07 12:35:59.388 WARN   Wiring.write_wire_scope: net not found
2026-10-07 12:35:59.388 WARN   Wiring.write_wire_scope: net not found
2026-10-07 12:35:59.388 WARN   Wiring.write_wire_scope: net not found
2026-10-07 12:35:59.388 WARN   Wiring.write_wire_scope: net not found
2026-10-07 12:35:59.388 WARN   Wiring.write_wire_scope: net not found
2026-10-07 12:35:59.388 WARN   Wiring.write_wire_scope: net not found
2026-10-07 12:35:59.388 WARN   Wiring.write_wire_scope: net not found
2026-10-07 12:35:59.388 WARN   Wiring.write_wire_scope: net not found
2026-10-07 12:35:59.388 WARN   Wiring.write_wire_scope: net not found
2026-10-07 12:35:59.389 WARN   Wiring.write_wire_scope: net not found
2026-10-07 12:35:59.389 WARN   Wiring.write_wire_scope: net not found
2026-10-07 12:35:59.389 WARN   Wiring.write_wire_scope: net not found
2026-10-07 12:35:59.389 WARN   Wiring.write_wire_scope: net not found
2026-10-07 12:35:59.389 WARN   Wiring.write_wire_scope: net not found
2026-10-07 12:35:59.389 WARN   Wiring.write_wire_scope: net not found
2026-10-07 12:35:59.389 WARN   Wiring.write_wire_scope: net not found
2026-10-07 12:35:59.389 WARN   Wiring.write_wire_scope: net not found
2026-10-07 12:35:59.389 WARN   Wiring.write_wire_scope: net not found
2026-10-07 12:35:59.389 WARN   Wiring.write_wire_scope: net not found
2026-10-07 12:35:59.389 WARN   Wiring.write_wire_scope: net not found
2026-10-07 12:35:59.389 WARN   Wiring.write_wire_scope: net not found
2026-10-07 12:35:59.389 WARN   Wiring.write_wire_scope: net not found
2026-10-07 12:35:59.389 WARN   Wiring.write_wire_scope: net not found
2026-10-07 12:35:59.389 WARN   Wiring.write_wire_scope: net not found
2026-10-07 12:35:59.389 WARN   Wiring.write_wire_scope: net not found
2026-10-07 12:35:59.389 WARN   Wiring.write_wire_scope: net not found
2026-10-07 12:35:59.389 WARN   Wiring.write_wire_scope: net not found
2026-10-07 12:35:59.389 WARN   Wiring.write_wire_scope: net not found
2026-10-07 12:35:59.389 WARN   Wiring.write_wire_scope: net not found
2026-10-07 12:35:59.389 WARN   Wiring.write_wire_scope: net not found
2026-10-07 12:35:59.389 WARN   Wiring.write_wire_scope: net not found
2026-10-07 12:35:59.389 WARN   Wiring.write_wire_scope: net not found
2026-10-07 12:35:59.389 WARN   Wiring.write_wire_scope: net not found
2026-10-07 12:35:59.390 WARN   Wiring.write_wire_scope: net not found
2026-10-07 12:35:59.390 WARN   Wiring.write_wire_scope: net not found
2026-10-07 12:35:59.390 WARN   Wiring.write_wire_scope: net not found
2026-10-07 12:35:59.390 WARN   Wiring.write_wire_scope: net not found
2026-10-07 12:35:59.390 WARN   Wiring.write_wire_scope: net not found
2026-10-07 12:35:59.390 WARN   Wiring.write_wire_scope: net not found
2026-10-07 12:35:59.390 WARN   Wiring.write_wire_scope: net not found
2026-10-07 12:35:59.390 WARN   Wiring.write_wire_scope: net not found
2026-10-07 12:35:59.390 WARN   Wiring.write_wire_scope: net not found
2026-10-07 12:35:59.390 WARN   Wiring.write_wire_scope: net not found
2026-10-07 12:35:59.390 WARN   Wiring.write_wire_scope: net not found
2026-10-07 12:35:59.390 WARN   Wiring.write_wire_scope: net not found
2026-10-07 12:35:59.390 WARN   Wiring.write_wire_scope: net not found
2026-10-07 12:35:59.390 WARN   Wiring.write_wire_scope: net not found
2026-10-07 12:35:59.390 WARN   Wiring.write_wire_scope: net not found
2026-10-07 12:35:59.390 WARN   Wiring.write_wire_scope: net not found
2026-10-07 12:35:59.390 WARN   Wiring.write_wire_scope: net not found
2026-10-07 12:35:59.390 WARN   Wiring.write_wire_scope: net not found
2026-10-07 12:35:59.390 WARN   Wiring.write_wire_scope: net not found
2026-10-07 12:35:59.390 WARN   Wiring.write_wire_scope: net not found
2026-10-07 12:35:59.391 WARN   Wiring.write_wire_scope: net not found
2026-10-07 12:35:59.391 WARN   Wiring.write_wire_scope: net not found
2026-10-07 12:35:59.391 WARN   Wiring.write_wire_scope: net not found
2026-10-07 12:35:59.391 WARN   Wiring.write_wire_scope: net not found
2026-10-07 12:35:59.391 WARN   Wiring.write_wire_scope: net not found
2026-10-07 12:35:59.391 WARN   Wiring.write_wire_scope: net not found
2026-10-07 12:35:59.391 WARN   Wiring.write_wire_scope: net not found
2026-10-07 12:35:59.391 WARN   Wiring.write_wire_scope: net not found
2026-10-07 12:35:59.391 WARN   Wiring.write_wire_scope: net not found
2026-10-07 12:35:59.391 WARN   Wiring.write_wire_scope: net not found
2026-10-07 12:35:59.391 WARN   Wiring.write_wire_scope: net not found
2026-10-07 12:35:59.391 WARN   Wiring.write_wire_scope: net not found
2026-10-07 12:35:59.391 WARN   Wiring.write_wire_scope: net not found
2026-10-07 12:35:59.391 WARN   Wiring.write_wire_scope: net not found
2026-10-07 12:35:59.391 WARN   Wiring.write_wire_scope: net not found
2026-10-07 12:35:59.391 WARN   Wiring.write_wire_scope: net not found
2026-10-07 12:35:59.391 WARN   Wiring.write_wire_scope: net not found
2026-10-07 12:35:59.391 WARN   Wiring.write_wire_scope: net not found
2026-10-07 12:35:59.391 WARN   Wiring.write_wire_scope: net not found
2026-10-07 12:35:59.391 WARN   Wiring.write_wire_scope: net not found
2026-10-07 12:35:59.391 WARN   Wiring.write_wire_scope: net not found
2026-10-07 12:35:59.391 WARN   Wiring.write_wire_scope: net not found
2026-10-07 12:35:59.391 WARN   Wiring.write_wire_scope: net not found
2026-10-07 12:35:59.391 WARN   Wiring.write_wire_scope: net not found
2026-10-07 12:35:59.391 WARN   Wiring.write_wire_scope: net not found
2026-10-07 12:35:59.391 WARN   Wiring.write_wire_scope: net not found
2026-10-07 12:35:59.391 WARN   Wiring.write_wire_scope: net not found
2026-10-07 12:35:59.392 WARN   Wiring.write_wire_scope: net not found
2026-10-07 12:35:59.392 WARN   Wiring.write_wire_scope: net not found
2026-10-07 12:35:59.392 WARN   Wiring.write_wire_scope: net not found
2026-10-07 12:35:59.392 WARN   Wiring.write_wire_scope: net not found
2026-10-07 12:35:59.392 WARN   Wiring.write_wire_scope: net not found
2026-10-07 12:35:59.392 WARN   Wiring.write_wire_scope: net not found
2026-10-07 12:35:59.392 WARN   Wiring.write_wire_scope: net not found
2026-10-07 12:35:59.392 WARN   Wiring.write_wire_scope: net not found
2026-10-07 12:35:59.392 WARN   Wiring.write_wire_scope: net not found
2026-10-07 12:35:59.392 WARN   Wiring.write_wire_scope: net not found
2026-10-07 12:35:59.392 WARN   Wiring.write_wire_scope: net not found
2026-10-07 12:35:59.392 WARN   Wiring.write_wire_scope: net not found
2026-10-07 12:35:59.392 WARN   Wiring.write_wire_scope: net not found
2026-10-07 12:35:59.392 WARN   Wiring.write_wire_scope: net not found
2026-10-07 12:35:59.392 WARN   Wiring.write_wire_scope: net not found
2026-10-07 12:35:59.392 WARN   Wiring.write_wire_scope: net not found
2026-10-07 12:35:59.392 WARN   Wiring.write_wire_scope: net not found
2026-10-07 12:35:59.392 WARN   Wiring.write_wire_scope: net not found
2026-10-07 12:35:59.392 WARN   Wiring.write_wire_scope: net not found
2026-10-07 12:35:59.392 WARN   Wiring.write_wire_scope: net not found
2026-10-07 12:35:59.392 WARN   Wiring.write_wire_scope: net not found
2026-10-07 12:35:59.392 WARN   Wiring.write_wire_scope: net not found
2026-10-07 12:35:59.392 WARN   Wiring.write_wire_scope: net not found
2026-10-07 12:35:59.392 WARN   Wiring.write_wire_scope: net not found
2026-10-07 12:35:59.393 WARN   Wiring.write_wire_scope: net not found
2026-10-07 12:35:59.393 WARN   Wiring.write_wire_scope: net not found
2026-10-07 12:35:59.393 WARN   Wiring.write_wire_scope: net not found
2026-10-07 12:35:59.393 WARN   Wiring.write_wire_scope: net not found
2026-10-07 12:35:59.393 WARN   Wiring.write_wire_scope: net not found
2026-10-07 12:35:59.393 WARN   Wiring.write_wire_scope: net not found
2026-10-07 12:35:59.393 WARN   Wiring.write_wire_scope: net not found
2026-10-07 12:35:59.393 WARN   Wiring.write_wire_scope: net not found
2026-10-07 12:35:59.393 WARN   Wiring.write_wire_scope: net not found
2026-10-07 12:35:59.393 WARN   Wiring.write_wire_scope: net not found
2026-10-07 12:35:59.393 WARN   Wiring.write_wire_scope: net not found
2026-10-07 12:35:59.393 WARN   Wiring.write_wire_scope: net not found
2026-10-07 12:35:59.393 WARN   Wiring.write_wire_scope: net not found
2026-10-07 12:35:59.393 WARN   Wiring.write_wire_scope: net not found
2026-10-07 12:35:59.393 WARN   Wiring.write_wire_scope: net not found
2026-10-07 12:35:59.393 WARN   Wiring.write_wire_scope: net not found
2026-10-07 12:35:59.393 WARN   Wiring.write_wire_scope: net not found
2026-10-07 12:35:59.393 WARN   Wiring.write_wire_scope: net not found
2026-10-07 12:35:59.393 WARN   Wiring.write_wire_scope: net not found
2026-10-07 12:35:59.393 WARN   Wiring.write_wire_scope: net not found
2026-10-07 12:35:59.393 WARN   Wiring.write_wire_scope: net not found
2026-10-07 12:35:59.393 WARN   Wiring.write_wire_scope: net not found
2026-10-07 12:35:59.393 WARN   Wiring.write_wire_scope: net not found
2026-10-07 12:35:59.393 WARN   Wiring.write_wire_scope: net not found
2026-10-07 12:35:59.393 WARN   Wiring.write_wire_scope: net not found
2026-10-07 12:35:59.393 WARN   Wiring.write_wire_scope: net not found
2026-10-07 12:35:59.393 WARN   Wiring.write_wire_scope: net not found
2026-10-07 12:35:59.393 WARN   Wiring.write_wire_scope: net not found
2026-10-07 12:35:59.393 WARN   Wiring.write_wire_scope: net not found
2026-10-07 12:35:59.393 WARN   Wiring.write_wire_scope: net not found
2026-10-07 12:35:59.393 WARN   Wiring.write_wire_scope: net not found
2026-10-07 12:35:59.393 WARN   Wiring.write_wire_scope: net not found
2026-10-07 12:35:59.393 WARN   Wiring.write_wire_scope: net not found
2026-10-07 12:35:59.394 WARN   Wiring.write_wire_scope: net not found
2026-10-07 12:35:59.394 WARN   Wiring.write_wire_scope: net not found
2026-10-07 12:35:59.394 WARN   Wiring.write_wire_scope: net not found
2026-10-07 12:35:59.394 WARN   Wiring.write_wire_scope: net not found
2026-10-07 12:35:59.394 WARN   Wiring.write_wire_scope: net not found
2026-10-07 12:35:59.394 WARN   Wiring.write_wire_scope: net not found
2026-10-07 12:35:59.394 WARN   Wiring.write_wire_scope: net not found
2026-10-07 12:35:59.394 WARN   Wiring.write_wire_scope: net not found
2026-10-07 12:35:59.394 WARN   Wiring.write_wire_scope: net not found
2026-10-07 12:35:59.394 WARN   Wiring.write_wire_scope: net not found
2026-10-07 12:35:59.394 WARN   Wiring.write_wire_scope: net not found
2026-10-07 12:35:59.394 WARN   Wiring.write_wire_scope: net not found
2026-10-07 12:35:59.394 WARN   Wiring.write_wire_scope: net not found
2026-10-07 12:35:59.394 WARN   Wiring.write_wire_scope: net not found
2026-10-07 12:35:59.394 WARN   Wiring.write_wire_scope: net not found
2026-10-07 12:35:59.394 WARN   Wiring.write_wire_scope: net not found
2026-10-07 12:35:59.394 WARN   Wiring.write_wire_scope: net not found
2026-10-07 12:35:59.394 WARN   Wiring.write_wire_scope: net not found
2026-10-07 12:35:59.394 WARN   Wiring.write_wire_scope: net not found
2026-10-07 12:35:59.394 WARN   Wiring.write_wire_scope: net not found
2026-10-07 12:35:59.394 WARN   Wiring.write_wire_scope: net not found
2026-10-07 12:35:59.394 WARN   Wiring.write_wire_scope: net not found
2026-10-07 12:35:59.394 WARN   Wiring.write_wire_scope: net not found
2026-10-07 12:35:59.394 WARN   Wiring.write_wire_scope: net not found
2026-10-07 12:35:59.394 WARN   Wiring.write_wire_scope: net not found
2026-10-07 12:35:59.394 WARN   Wiring.write_wire_scope: net not found
2026-10-07 12:35:59.394 WARN   Wiring.write_wire_scope: net not found
2026-10-07 12:35:59.394 WARN   Wiring.write_wire_scope: net not found
2026-10-07 12:35:59.394 WARN   Wiring.write_wire_scope: net not found
2026-10-07 12:35:59.394 WARN   Wiring.write_wire_scope: net not found
2026-10-07 12:35:59.394 WARN   Wiring.write_wire_scope: net not found
2026-10-07 12:35:59.394 WARN   Wiring.write_wire_scope: net not found
2026-10-07 12:35:59.395 WARN   Wiring.write_wire_scope: net not found
2026-10-07 12:35:59.395 WARN   Wiring.write_wire_scope: net not found
2026-10-07 12:35:59.395 WARN   Wiring.write_wire_scope: net not found
2026-10-07 12:35:59.395 WARN   Wiring.write_wire_scope: net not found
2026-10-07 12:35:59.395 WARN   Wiring.write_wire_scope: net not found
2026-10-07 12:35:59.395 WARN   Wiring.write_wire_scope: net not found
2026-10-07 12:35:59.395 WARN   Wiring.write_wire_scope: net not found
2026-10-07 12:35:59.395 WARN   Wiring.write_wire_scope: net not found
2026-10-07 12:35:59.395 WARN   Wiring.write_wire_scope: net not found
2026-10-07 12:35:59.395 WARN   Wiring.write_wire_scope: net not found
2026-10-07 12:35:59.395 WARN   Wiring.write_wire_scope: net not found
2026-10-07 12:35:59.395 WARN   Wiring.write_wire_scope: net not found
2026-10-07 12:35:59.395 WARN   Wiring.write_wire_scope: net not found
2026-10-07 12:35:59.395 WARN   Wiring.write_wire_scope: net not found
2026-10-07 12:35:59.395 WARN   Wiring.write_wire_scope: net not found
2026-10-07 12:35:59.395 WARN   Wiring.write_wire_scope: net not found
2026-10-07 12:35:59.395 WARN   Wiring.write_wire_scope: net not found
2026-10-07 12:35:59.395 WARN   Wiring.write_wire_scope: net not found
2026-10-07 12:35:59.395 WARN   Wiring.write_wire_scope: net not found
2026-10-07 12:35:59.395 WARN   Wiring.write_wire_scope: net not found
2026-10-07 12:35:59.395 WARN   Wiring.write_wire_scope: net not found
2026-10-07 12:35:59.395 WARN   Wiring.write_wire_scope: net not found
2026-10-07 12:35:59.395 WARN   Wiring.write_wire_scope: net not found
2026-10-07 12:35:59.395 WARN   Wiring.write_wire_scope: net not found
2026-10-07 12:35:59.395 WARN   Wiring.write_wire_scope: net not found
2026-10-07 12:35:59.395 WARN   Wiring.write_wire_scope: net not found
2026-10-07 12:35:59.395 WARN   Wiring.write_wire_scope: net not found
2026-10-07 12:35:59.395 WARN   Wiring.write_wire_scope: net not found
2026-10-07 12:35:59.395 WARN   Wiring.write_wire_scope: net not found
2026-10-07 12:35:59.395 WARN   Wiring.write_wire_scope: net not found
2026-10-07 12:35:59.395 WARN   Wiring.write_wire_scope: net not found
2026-10-07 12:35:59.395 WARN   Wiring.write_wire_scope: net not found
2026-10-07 12:35:59.395 WARN   Wiring.write_wire_scope: net not found
2026-10-07 12:35:59.395 WARN   Wiring.write_wire_scope: net not found
2026-10-07 12:35:59.395 WARN   Wiring.write_wire_scope: net not found
2026-10-07 12:35:59.395 WARN   Wiring.write_wire_scope: net not found
2026-10-07 12:35:59.395 WARN   Wiring.write_wire_scope: net not found
2026-10-07 12:35:59.395 WARN   Wiring.write_wire_scope: net not found
2026-10-07 12:35:59.396 WARN   Wiring.write_wire_scope: net not found
2026-10-07 12:35:59.396 WARN   Wiring.write_wire_scope: net not found
2026-10-07 12:35:59.396 WARN   Wiring.write_wire_scope: net not found
2026-10-07 12:35:59.396 WARN   Wiring.write_wire_scope: net not found
2026-10-07 12:35:59.396 WARN   Wiring.write_wire_scope: net not found
2026-10-07 12:35:59.396 WARN   Wiring.write_wire_scope: net not found
2026-10-07 12:35:59.396 WARN   Wiring.write_wire_scope: net not found
2026-10-07 12:35:59.396 WARN   Wiring.write_wire_scope: net not found
2026-10-07 12:35:59.396 WARN   Wiring.write_wire_scope: net not found
2026-10-07 12:35:59.396 WARN   Wiring.write_wire_scope: net not found
2026-10-07 12:35:59.396 WARN   Wiring.write_wire_scope: net not found
2026-10-07 12:35:59.396 WARN   Wiring.write_wire_scope: net not found
2026-10-07 12:35:59.396 WARN   Wiring.write_wire_scope: net not found
2026-10-07 12:35:59.396 WARN   Wiring.write_wire_scope: net not found
2026-10-07 12:35:59.396 WARN   Wiring.write_wire_scope: net not found
2026-10-07 12:35:59.396 WARN   Wiring.write_wire_scope: net not found
2026-10-07 12:35:59.396 WARN   Wiring.write_wire_scope: net not found
2026-10-07 12:35:59.396 WARN   Wiring.write_wire_scope: net not found
2026-10-07 12:35:59.396 WARN   Wiring.write_wire_scope: net not found
2026-10-07 12:35:59.396 WARN   Wiring.write_wire_scope: net not found
2026-10-07 12:35:59.396 WARN   Wiring.write_wire_scope: net not found
2026-10-07 12:35:59.396 WARN   Wiring.write_wire_scope: net not found
2026-10-07 12:35:59.396 WARN   Wiring.write_wire_scope: net not found
2026-10-07 12:35:59.396 WARN   Wiring.write_wire_scope: net not found
2026-10-07 12:35:59.396 WARN   Wiring.write_wire_scope: net not found
2026-10-07 12:35:59.396 WARN   Wiring.write_wire_scope: net not found
2026-10-07 12:35:59.396 WARN   Wiring.write_wire_scope: net not found
2026-10-07 12:35:59.396 WARN   Wiring.write_wire_scope: net not found
2026-10-07 12:35:59.396 WARN   Wiring.write_wire_scope: net not found
2026-10-07 12:35:59.396 WARN   Wiring.write_wire_scope: net not found
2026-10-07 12:35:59.396 WARN   Wiring.write_wire_scope: net not found
2026-10-07 12:35:59.396 WARN   Wiring.write_wire_scope: net not found
2026-10-07 12:35:59.396 WARN   Wiring.write_wire_scope: net not found
2026-10-07 12:35:59.396 WARN   Wiring.write_wire_scope: net not found
2026-10-07 12:35:59.396 WARN   Wiring.write_wire_scope: net not found
2026-10-07 12:35:59.396 WARN   Wiring.write_wire_scope: net not found
2026-10-07 12:35:59.396 WARN   Wiring.write_wire_scope: net not found
2026-10-07 12:35:59.396 WARN   Wiring.write_wire_scope: net not found
2026-10-07 12:35:59.396 WARN   Wiring.write_wire_scope: net not found
2026-10-07 12:35:59.396 WARN   Wiring.write_wire_scope: net not found
2026-10-07 12:35:59.396 WARN   Wiring.write_wire_scope: net not found
2026-10-07 12:35:59.396 WARN   Wiring.write_wire_scope: net not found
2026-10-07 12:35:59.396 WARN   Wiring.write_wire_scope: net not found
2026-10-07 12:35:59.396 WARN   Wiring.write_wire_scope: net not found
2026-10-07 12:35:59.396 WARN   Wiring.write_wire_scope: net not found
2026-10-07 12:35:59.396 WARN   Wiring.write_wire_scope: net not found
2026-10-07 12:35:59.396 WARN   Wiring.write_wire_scope: net not found
2026-10-07 12:35:59.396 WARN   Wiring.write_wire_scope: net not found
2026-10-07 12:35:59.396 WARN   Wiring.write_wire_scope: net not found
2026-10-07 12:35:59.396 WARN   Wiring.write_wire_scope: net not found
2026-10-07 12:35:59.396 WARN   Wiring.write_wire_scope: net not found
2026-10-07 12:35:59.396 WARN   Wiring.write_wire_scope: net not found
2026-10-07 12:35:59.396 WARN   Wiring.write_wire_scope: net not found
2026-10-07 12:35:59.396 WARN   Wiring.write_wire_scope: net not found
2026-10-07 12:35:59.396 WARN   Wiring.write_wire_scope: net not found
2026-10-07 12:35:59.396 WARN   Wiring.write_wire_scope: net not found
2026-10-07 12:35:59.396 WARN   Wiring.write_wire_scope: net not found
2026-10-07 12:35:59.397 WARN   Wiring.write_wire_scope: net not found
2026-10-07 12:35:59.397 WARN   Wiring.write_wire_scope: net not found
2026-10-07 12:35:59.397 WARN   Wiring.write_wire_scope: net not found
2026-10-07 12:35:59.397 WARN   Wiring.write_wire_scope: net not found
2026-10-07 12:35:59.397 WARN   Wiring.write_wire_scope: net not found
2026-10-07 12:35:59.397 WARN   Wiring.write_wire_scope: net not found
2026-10-07 12:35:59.397 WARN   Wiring.write_wire_scope: net not found
2026-10-07 12:35:59.397 WARN   Wiring.write_wire_scope: net not found
2026-10-07 12:35:59.397 WARN   Wiring.write_wire_scope: net not found
2026-10-07 12:35:59.397 WARN   Wiring.write_wire_scope: net not found
2026-10-07 12:35:59.397 WARN   Wiring.write_wire_scope: net not found
2026-10-07 12:35:59.397 WARN   Wiring.write_wire_scope: net not found
2026-10-07 12:35:59.397 WARN   Wiring.write_wire_scope: net not found
2026-10-07 12:35:59.397 WARN   Wiring.write_wire_scope: net not found
2026-10-07 12:35:59.397 WARN   Wiring.write_wire_scope: net not found
2026-10-07 12:35:59.469 WARN   Design Warning: Board has 641 pre-existing clearance violation(s) in the loaded design (before routing):
  - 641 unfixable violation(s) (cannot be resolved by Freerouting):
      * 10 pin-to-pin clearance violations (first 5 shown):
          - Q103.9 <-> Q103.8
          - Q103.9 <-> Q103.7
          - Q103.9 <-> Q103.6
          - Q103.9 <-> Q103.5
          - U25.21 <-> U25.20
          ... and 5 more
      * 631 fixed trace/via clearance violations (first 5 shown):
          - FixedTrace#3290 <-> R226.2
          - FixedTrace#3290 <-> U8.9
          - FixedTrace#3289 <-> FixedTrace#3285
          - FixedTrace#3289 <-> FixedTrace#3283
          - FixedTrace#3288 <-> FixedTrace#3287
          ... and 626 more
  - 0 potentially fixable violations
Notice: Freerouting does not modify component placement, board outlines, or fixed items.
Resolving these 641 unfixable violation(s) is the responsibility of the board author in their EDA tool (e.g. KiCad).
2026-10-07 12:35:59.501 INFO   [8E7B86\355F8A] Pipeline thread limits: autorouter pass is single-threaded, optimizer.max_threads=23.
2026-10-07 12:35:59.575 INFO   [8E7B86\355F8A] Fanout stage started on board '7cdcea72247290a23370aada853e2220' with 4 of 1066 SMD pins needing fanout (0 already connected, 1062 netless).
2026-10-07 12:35:59.626 WARN   Wiring.write_wire_scope: net not found
2026-10-07 12:35:59.626 WARN   Wiring.write_wire_scope: net not found
2026-10-07 12:35:59.626 WARN   Wiring.write_wire_scope: net not found
2026-10-07 12:35:59.626 WARN   Wiring.write_wire_scope: net not found
2026-10-07 12:35:59.626 WARN   Wiring.write_wire_scope: net not found
2026-10-07 12:35:59.626 WARN   Wiring.write_wire_scope: net not found
2026-10-07 12:35:59.626 WARN   Wiring.write_wire_scope: net not found
2026-10-07 12:35:59.626 WARN   Wiring.write_wire_scope: net not found
2026-10-07 12:35:59.626 WARN   Wiring.write_wire_scope: net not found
2026-10-07 12:35:59.626 WARN   Wiring.write_wire_scope: net not found
2026-10-07 12:35:59.626 WARN   Wiring.write_wire_scope: net not found
2026-10-07 12:35:59.626 WARN   Wiring.write_wire_scope: net not found
2026-10-07 12:35:59.626 WARN   Wiring.write_wire_scope: net not found
2026-10-07 12:35:59.626 WARN   Wiring.write_wire_scope: net not found
2026-10-07 12:35:59.626 WARN   Wiring.write_wire_scope: net not found
2026-10-07 12:35:59.626 WARN   Wiring.write_wire_scope: net not found
2026-10-07 12:35:59.626 WARN   Wiring.write_wire_scope: net not found
2026-10-07 12:35:59.626 WARN   Wiring.write_wire_scope: net not found
2026-10-07 12:35:59.626 WARN   Wiring.write_wire_scope: net not found
2026-10-07 12:35:59.626 WARN   Wiring.write_wire_scope: net not found
2026-10-07 12:35:59.626 WARN   Wiring.write_wire_scope: net not found
2026-10-07 12:35:59.626 WARN   Wiring.write_wire_scope: net not found
2026-10-07 12:35:59.626 WARN   Wiring.write_wire_scope: net not found
2026-10-07 12:35:59.626 WARN   Wiring.write_wire_scope: net not found
2026-10-07 12:35:59.626 WARN   Wiring.write_wire_scope: net not found
2026-10-07 12:35:59.626 WARN   Wiring.write_wire_scope: net not found
2026-10-07 12:35:59.626 WARN   Wiring.write_wire_scope: net not found
2026-10-07 12:35:59.626 WARN   Wiring.write_wire_scope: net not found
2026-10-07 12:35:59.626 WARN   Wiring.write_wire_scope: net not found
2026-10-07 12:35:59.626 WARN   Wiring.write_wire_scope: net not found
2026-10-07 12:35:59.626 WARN   Wiring.write_wire_scope: net not found
2026-10-07 12:35:59.626 WARN   Wiring.write_wire_scope: net not found
2026-10-07 12:35:59.626 WARN   Wiring.write_wire_scope: net not found
2026-10-07 12:35:59.626 WARN   Wiring.write_wire_scope: net not found
2026-10-07 12:35:59.626 WARN   Wiring.write_wire_scope: net not found
2026-10-07 12:35:59.626 WARN   Wiring.write_wire_scope: net not found
2026-10-07 12:35:59.626 WARN   Wiring.write_wire_scope: net not found
2026-10-07 12:35:59.626 WARN   Wiring.write_wire_scope: net not found
2026-10-07 12:35:59.626 WARN   Wiring.write_wire_scope: net not found
2026-10-07 12:35:59.626 WARN   Wiring.write_wire_scope: net not found
2026-10-07 12:35:59.626 WARN   Wiring.write_wire_scope: net not found
2026-10-07 12:35:59.626 WARN   Wiring.write_wire_scope: net not found
2026-10-07 12:35:59.626 WARN   Wiring.write_wire_scope: net not found
2026-10-07 12:35:59.626 WARN   Wiring.write_wire_scope: net not found
2026-10-07 12:35:59.626 WARN   Wiring.write_wire_scope: net not found
2026-10-07 12:35:59.626 WARN   Wiring.write_wire_scope: net not found
2026-10-07 12:35:59.626 WARN   Wiring.write_wire_scope: net not found
2026-10-07 12:35:59.626 WARN   Wiring.write_wire_scope: net not found
2026-10-07 12:35:59.626 WARN   Wiring.write_wire_scope: net not found
2026-10-07 12:35:59.626 WARN   Wiring.write_wire_scope: net not found
2026-10-07 12:35:59.626 WARN   Wiring.write_wire_scope: net not found
2026-10-07 12:35:59.626 WARN   Wiring.write_wire_scope: net not found
2026-10-07 12:35:59.626 WARN   Wiring.write_wire_scope: net not found
2026-10-07 12:35:59.626 WARN   Wiring.write_wire_scope: net not found
2026-10-07 12:35:59.626 WARN   Wiring.write_wire_scope: net not found
2026-10-07 12:35:59.626 WARN   Wiring.write_wire_scope: net not found
2026-10-07 12:35:59.626 WARN   Wiring.write_wire_scope: net not found
2026-10-07 12:35:59.626 WARN   Wiring.write_wire_scope: net not found
2026-10-07 12:35:59.626 WARN   Wiring.write_wire_scope: net not found
2026-10-07 12:35:59.626 WARN   Wiring.write_wire_scope: net not found
2026-10-07 12:35:59.626 WARN   Wiring.write_wire_scope: net not found
2026-10-07 12:35:59.627 WARN   Wiring.write_wire_scope: net not found
2026-10-07 12:35:59.627 WARN   Wiring.write_wire_scope: net not found
2026-10-07 12:35:59.627 WARN   Wiring.write_wire_scope: net not found
2026-10-07 12:35:59.627 WARN   Wiring.write_wire_scope: net not found
2026-10-07 12:35:59.627 WARN   Wiring.write_wire_scope: net not found
2026-10-07 12:35:59.627 WARN   Wiring.write_wire_scope: net not found
2026-10-07 12:35:59.627 WARN   Wiring.write_wire_scope: net not found
2026-10-07 12:35:59.627 WARN   Wiring.write_wire_scope: net not found
2026-10-07 12:35:59.627 WARN   Wiring.write_wire_scope: net not found
2026-10-07 12:35:59.627 WARN   Wiring.write_wire_scope: net not found
2026-10-07 12:35:59.627 WARN   Wiring.write_wire_scope: net not found
2026-10-07 12:35:59.627 WARN   Wiring.write_wire_scope: net not found
2026-10-07 12:35:59.627 WARN   Wiring.write_wire_scope: net not found
2026-10-07 12:35:59.627 WARN   Wiring.write_wire_scope: net not found
2026-10-07 12:35:59.627 WARN   Wiring.write_wire_scope: net not found
2026-10-07 12:35:59.627 WARN   Wiring.write_wire_scope: net not found
2026-10-07 12:35:59.627 WARN   Wiring.write_wire_scope: net not found
2026-10-07 12:35:59.627 WARN   Wiring.write_wire_scope: net not found
2026-10-07 12:35:59.627 WARN   Wiring.write_wire_scope: net not found
2026-10-07 12:35:59.627 WARN   Wiring.write_wire_scope: net not found
2026-10-07 12:35:59.627 WARN   Wiring.write_wire_scope: net not found
2026-10-07 12:35:59.627 WARN   Wiring.write_wire_scope: net not found
2026-10-07 12:35:59.627 WARN   Wiring.write_wire_scope: net not found
2026-10-07 12:35:59.627 WARN   Wiring.write_wire_scope: net not found
2026-10-07 12:35:59.627 WARN   Wiring.write_wire_scope: net not found
2026-10-07 12:35:59.627 WARN   Wiring.write_wire_scope: net not found
2026-10-07 12:35:59.627 WARN   Wiring.write_wire_scope: net not found
2026-10-07 12:35:59.627 WARN   Wiring.write_wire_scope: net not found
2026-10-07 12:35:59.627 WARN   Wiring.write_wire_scope: net not found
2026-10-07 12:35:59.627 WARN   Wiring.write_wire_scope: net not found
2026-10-07 12:35:59.627 WARN   Wiring.write_wire_scope: net not found
2026-10-07 12:35:59.627 WARN   Wiring.write_wire_scope: net not found
2026-10-07 12:35:59.627 WARN   Wiring.write_wire_scope: net not found
2026-10-07 12:35:59.627 WARN   Wiring.write_wire_scope: net not found
2026-10-07 12:35:59.627 WARN   Wiring.write_wire_scope: net not found
2026-10-07 12:35:59.627 WARN   Wiring.write_wire_scope: net not found
2026-10-07 12:35:59.627 WARN   Wiring.write_wire_scope: net not found
2026-10-07 12:35:59.627 WARN   Wiring.write_wire_scope: net not found
2026-10-07 12:35:59.632 WARN   Wiring.write_wire_scope: net not found
2026-10-07 12:35:59.632 WARN   Wiring.write_wire_scope: net not found
2026-10-07 12:35:59.632 WARN   Wiring.write_wire_scope: net not found
2026-10-07 12:35:59.632 WARN   Wiring.write_wire_scope: net not found
2026-10-07 12:35:59.632 WARN   Wiring.write_wire_scope: net not found
2026-10-07 12:35:59.632 WARN   Wiring.write_wire_scope: net not found
2026-10-07 12:35:59.632 WARN   Wiring.write_wire_scope: net not found
2026-10-07 12:35:59.632 WARN   Wiring.write_wire_scope: net not found
2026-10-07 12:35:59.632 WARN   Wiring.write_wire_scope: net not found
2026-10-07 12:35:59.632 WARN   Wiring.write_wire_scope: net not found
2026-10-07 12:35:59.632 WARN   Wiring.write_wire_scope: net not found
2026-10-07 12:35:59.632 WARN   Wiring.write_wire_scope: net not found
2026-10-07 12:35:59.632 WARN   Wiring.write_wire_scope: net not found
2026-10-07 12:35:59.632 WARN   Wiring.write_wire_scope: net not found
2026-10-07 12:35:59.632 WARN   Wiring.write_wire_scope: net not found
2026-10-07 12:35:59.632 WARN   Wiring.write_wire_scope: net not found
2026-10-07 12:35:59.632 WARN   Wiring.write_wire_scope: net not found
2026-10-07 12:35:59.632 WARN   Wiring.write_wire_scope: net not found
2026-10-07 12:35:59.632 WARN   Wiring.write_wire_scope: net not found
2026-10-07 12:35:59.632 WARN   Wiring.write_wire_scope: net not found
2026-10-07 12:35:59.632 WARN   Wiring.write_wire_scope: net not found
2026-10-07 12:35:59.632 WARN   Wiring.write_wire_scope: net not found
2026-10-07 12:35:59.632 WARN   Wiring.write_wire_scope: net not found
2026-10-07 12:35:59.632 WARN   Wiring.write_wire_scope: net not found
2026-10-07 12:35:59.632 WARN   Wiring.write_wire_scope: net not found
2026-10-07 12:35:59.632 WARN   Wiring.write_wire_scope: net not found
2026-10-07 12:35:59.632 WARN   Wiring.write_wire_scope: net not found
2026-10-07 12:35:59.632 WARN   Wiring.write_wire_scope: net not found
2026-10-07 12:35:59.632 WARN   Wiring.write_wire_scope: net not found
2026-10-07 12:35:59.632 WARN   Wiring.write_wire_scope: net not found
2026-10-07 12:35:59.632 WARN   Wiring.write_wire_scope: net not found
2026-10-07 12:35:59.632 WARN   Wiring.write_wire_scope: net not found
2026-10-07 12:35:59.632 WARN   Wiring.write_wire_scope: net not found
2026-10-07 12:35:59.632 WARN   Wiring.write_wire_scope: net not found
2026-10-07 12:35:59.632 WARN   Wiring.write_wire_scope: net not found
2026-10-07 12:35:59.632 WARN   Wiring.write_wire_scope: net not found
2026-10-07 12:35:59.632 WARN   Wiring.write_wire_scope: net not found
2026-10-07 12:35:59.632 WARN   Wiring.write_wire_scope: net not found
2026-10-07 12:35:59.632 WARN   Wiring.write_wire_scope: net not found
2026-10-07 12:35:59.632 WARN   Wiring.write_wire_scope: net not found
2026-10-07 12:35:59.632 WARN   Wiring.write_wire_scope: net not found
2026-10-07 12:35:59.632 WARN   Wiring.write_wire_scope: net not found
2026-10-07 12:35:59.632 WARN   Wiring.write_wire_scope: net not found
2026-10-07 12:35:59.632 WARN   Wiring.write_wire_scope: net not found
2026-10-07 12:35:59.632 WARN   Wiring.write_wire_scope: net not found
2026-10-07 12:35:59.632 WARN   Wiring.write_wire_scope: net not found
2026-10-07 12:35:59.632 WARN   Wiring.write_wire_scope: net not found
2026-10-07 12:35:59.632 WARN   Wiring.write_wire_scope: net not found
2026-10-07 12:35:59.632 WARN   Wiring.write_wire_scope: net not found
2026-10-07 12:35:59.632 WARN   Wiring.write_wire_scope: net not found
2026-10-07 12:35:59.632 WARN   Wiring.write_wire_scope: net not found
2026-10-07 12:35:59.632 WARN   Wiring.write_wire_scope: net not found
2026-10-07 12:35:59.632 WARN   Wiring.write_wire_scope: net not found
2026-10-07 12:35:59.632 WARN   Wiring.write_wire_scope: net not found
2026-10-07 12:35:59.632 WARN   Wiring.write_wire_scope: net not found
2026-10-07 12:35:59.632 WARN   Wiring.write_wire_scope: net not found
2026-10-07 12:35:59.632 WARN   Wiring.write_wire_scope: net not found
2026-10-07 12:35:59.632 WARN   Wiring.write_wire_scope: net not found
2026-10-07 12:35:59.632 WARN   Wiring.write_wire_scope: net not found
2026-10-07 12:35:59.632 WARN   Wiring.write_wire_scope: net not found
2026-10-07 12:35:59.632 WARN   Wiring.write_wire_scope: net not found
2026-10-07 12:35:59.632 WARN   Wiring.write_wire_scope: net not found
2026-10-07 12:35:59.632 WARN   Wiring.write_wire_scope: net not found
2026-10-07 12:35:59.632 WARN   Wiring.write_wire_scope: net not found
2026-10-07 12:35:59.632 WARN   Wiring.write_wire_scope: net not found
2026-10-07 12:35:59.632 WARN   Wiring.write_wire_scope: net not found
2026-10-07 12:35:59.632 WARN   Wiring.write_wire_scope: net not found
2026-10-07 12:35:59.632 WARN   Wiring.write_wire_scope: net not found
2026-10-07 12:35:59.632 WARN   Wiring.write_wire_scope: net not found
2026-10-07 12:35:59.633 WARN   Wiring.write_wire_scope: net not found
2026-10-07 12:35:59.633 WARN   Wiring.write_wire_scope: net not found
2026-10-07 12:35:59.633 WARN   Wiring.write_wire_scope: net not found
2026-10-07 12:35:59.633 WARN   Wiring.write_wire_scope: net not found
2026-10-07 12:35:59.633 WARN   Wiring.write_wire_scope: net not found
2026-10-07 12:35:59.633 WARN   Wiring.write_wire_scope: net not found
2026-10-07 12:35:59.633 WARN   Wiring.write_wire_scope: net not found
2026-10-07 12:35:59.633 WARN   Wiring.write_wire_scope: net not found
2026-10-07 12:35:59.633 WARN   Wiring.write_wire_scope: net not found
2026-10-07 12:35:59.633 WARN   Wiring.write_wire_scope: net not found
2026-10-07 12:35:59.633 WARN   Wiring.write_wire_scope: net not found
2026-10-07 12:35:59.633 WARN   Wiring.write_wire_scope: net not found
2026-10-07 12:35:59.633 WARN   Wiring.write_wire_scope: net not found
2026-10-07 12:35:59.633 WARN   Wiring.write_wire_scope: net not found
2026-10-07 12:35:59.633 WARN   Wiring.write_wire_scope: net not found
2026-10-07 12:35:59.633 WARN   Wiring.write_wire_scope: net not found
2026-10-07 12:35:59.633 WARN   Wiring.write_wire_scope: net not found
2026-10-07 12:35:59.633 WARN   Wiring.write_wire_scope: net not found
2026-10-07 12:35:59.633 WARN   Wiring.write_wire_scope: net not found
2026-10-07 12:35:59.633 WARN   Wiring.write_wire_scope: net not found
2026-10-07 12:35:59.633 WARN   Wiring.write_wire_scope: net not found
2026-10-07 12:35:59.633 WARN   Wiring.write_wire_scope: net not found
2026-10-07 12:35:59.633 WARN   Wiring.write_wire_scope: net not found
2026-10-07 12:35:59.633 WARN   Wiring.write_wire_scope: net not found
2026-10-07 12:35:59.633 WARN   Wiring.write_wire_scope: net not found
2026-10-07 12:35:59.633 WARN   Wiring.write_wire_scope: net not found
2026-10-07 12:35:59.633 WARN   Wiring.write_wire_scope: net not found
2026-10-07 12:35:59.633 WARN   Wiring.write_wire_scope: net not found
2026-10-07 12:35:59.633 WARN   Wiring.write_wire_scope: net not found
2026-10-07 12:35:59.633 WARN   Wiring.write_wire_scope: net not found
2026-10-07 12:35:59.633 WARN   Wiring.write_wire_scope: net not found
2026-10-07 12:35:59.633 WARN   Wiring.write_wire_scope: net not found
2026-10-07 12:35:59.633 WARN   Wiring.write_wire_scope: net not found
2026-10-07 12:35:59.633 WARN   Wiring.write_wire_scope: net not found
2026-10-07 12:35:59.633 WARN   Wiring.write_wire_scope: net not found
2026-10-07 12:35:59.633 WARN   Wiring.write_wire_scope: net not found
2026-10-07 12:35:59.633 WARN   Wiring.write_wire_scope: net not found
2026-10-07 12:35:59.633 WARN   Wiring.write_wire_scope: net not found
2026-10-07 12:35:59.633 WARN   Wiring.write_wire_scope: net not found
2026-10-07 12:35:59.633 WARN   Wiring.write_wire_scope: net not found
2026-10-07 12:35:59.633 WARN   Wiring.write_wire_scope: net not found
2026-10-07 12:35:59.633 WARN   Wiring.write_wire_scope: net not found
2026-10-07 12:35:59.633 WARN   Wiring.write_wire_scope: net not found
2026-10-07 12:35:59.633 WARN   Wiring.write_wire_scope: net not found
2026-10-07 12:35:59.633 WARN   Wiring.write_wire_scope: net not found
2026-10-07 12:35:59.633 WARN   Wiring.write_wire_scope: net not found
2026-10-07 12:35:59.633 WARN   Wiring.write_wire_scope: net not found
2026-10-07 12:35:59.633 WARN   Wiring.write_wire_scope: net not found
2026-10-07 12:35:59.633 WARN   Wiring.write_wire_scope: net not found
2026-10-07 12:35:59.633 WARN   Wiring.write_wire_scope: net not found
2026-10-07 12:35:59.633 WARN   Wiring.write_wire_scope: net not found
2026-10-07 12:35:59.633 WARN   Wiring.write_wire_scope: net not found
2026-10-07 12:35:59.633 WARN   Wiring.write_wire_scope: net not found
2026-10-07 12:35:59.633 WARN   Wiring.write_wire_scope: net not found
2026-10-07 12:35:59.633 WARN   Wiring.write_wire_scope: net not found
2026-10-07 12:35:59.633 WARN   Wiring.write_wire_scope: net not found
2026-10-07 12:35:59.633 WARN   Wiring.write_wire_scope: net not found
2026-10-07 12:35:59.633 WARN   Wiring.write_wire_scope: net not found
2026-10-07 12:35:59.633 WARN   Wiring.write_wire_scope: net not found
2026-10-07 12:35:59.633 WARN   Wiring.write_wire_scope: net not found
2026-10-07 12:35:59.633 WARN   Wiring.write_wire_scope: net not found
2026-10-07 12:35:59.633 WARN   Wiring.write_wire_scope: net not found
2026-10-07 12:35:59.633 WARN   Wiring.write_wire_scope: net not found
2026-10-07 12:35:59.633 WARN   Wiring.write_wire_scope: net not found
2026-10-07 12:35:59.633 WARN   Wiring.write_wire_scope: net not found
2026-10-07 12:35:59.633 WARN   Wiring.write_wire_scope: net not found
2026-10-07 12:35:59.633 WARN   Wiring.write_wire_scope: net not found
2026-10-07 12:35:59.633 WARN   Wiring.write_wire_scope: net not found
2026-10-07 12:35:59.633 WARN   Wiring.write_wire_scope: net not found
2026-10-07 12:35:59.633 WARN   Wiring.write_wire_scope: net not found
2026-10-07 12:35:59.633 WARN   Wiring.write_wire_scope: net not found
2026-10-07 12:35:59.633 WARN   Wiring.write_wire_scope: net not found
2026-10-07 12:35:59.633 WARN   Wiring.write_wire_scope: net not found
2026-10-07 12:35:59.633 WARN   Wiring.write_wire_scope: net not found
2026-10-07 12:35:59.633 WARN   Wiring.write_wire_scope: net not found
2026-10-07 12:35:59.633 WARN   Wiring.write_wire_scope: net not found
2026-10-07 12:35:59.633 WARN   Wiring.write_wire_scope: net not found
2026-10-07 12:35:59.633 WARN   Wiring.write_wire_scope: net not found
2026-10-07 12:35:59.633 WARN   Wiring.write_wire_scope: net not found
2026-10-07 12:35:59.633 WARN   Wiring.write_wire_scope: net not found
2026-10-07 12:35:59.633 WARN   Wiring.write_wire_scope: net not found
2026-10-07 12:35:59.633 WARN   Wiring.write_wire_scope: net not found
2026-10-07 12:35:59.633 WARN   Wiring.write_wire_scope: net not found
2026-10-07 12:35:59.633 WARN   Wiring.write_wire_scope: net not found
2026-10-07 12:35:59.633 WARN   Wiring.write_wire_scope: net not found
2026-10-07 12:35:59.633 WARN   Wiring.write_wire_scope: net not found
2026-10-07 12:35:59.633 WARN   Wiring.write_wire_scope: net not found
2026-10-07 12:35:59.633 WARN   Wiring.write_wire_scope: net not found
2026-10-07 12:35:59.633 WARN   Wiring.write_wire_scope: net not found
2026-10-07 12:35:59.633 WARN   Wiring.write_wire_scope: net not found
2026-10-07 12:35:59.633 WARN   Wiring.write_wire_scope: net not found
2026-10-07 12:35:59.633 WARN   Wiring.write_wire_scope: net not found
2026-10-07 12:35:59.633 WARN   Wiring.write_wire_scope: net not found
2026-10-07 12:35:59.633 WARN   Wiring.write_wire_scope: net not found
2026-10-07 12:35:59.633 WARN   Wiring.write_wire_scope: net not found
2026-10-07 12:35:59.633 WARN   Wiring.write_wire_scope: net not found
2026-10-07 12:35:59.634 WARN   Wiring.write_wire_scope: net not found
2026-10-07 12:35:59.634 WARN   Wiring.write_wire_scope: net not found
2026-10-07 12:35:59.634 WARN   Wiring.write_wire_scope: net not found
2026-10-07 12:35:59.634 WARN   Wiring.write_wire_scope: net not found
2026-10-07 12:35:59.634 WARN   Wiring.write_wire_scope: net not found
2026-10-07 12:35:59.634 WARN   Wiring.write_wire_scope: net not found
2026-10-07 12:35:59.634 WARN   Wiring.write_wire_scope: net not found
2026-10-07 12:35:59.634 WARN   Wiring.write_wire_scope: net not found
2026-10-07 12:35:59.634 WARN   Wiring.write_wire_scope: net not found
2026-10-07 12:35:59.634 WARN   Wiring.write_wire_scope: net not found
2026-10-07 12:35:59.634 WARN   Wiring.write_wire_scope: net not found
2026-10-07 12:35:59.634 WARN   Wiring.write_wire_scope: net not found
2026-10-07 12:35:59.634 WARN   Wiring.write_wire_scope: net not found
2026-10-07 12:35:59.634 WARN   Wiring.write_wire_scope: net not found
2026-10-07 12:35:59.634 WARN   Wiring.write_wire_scope: net not found
2026-10-07 12:35:59.634 WARN   Wiring.write_wire_scope: net not found
2026-10-07 12:35:59.634 WARN   Wiring.write_wire_scope: net not found
2026-10-07 12:35:59.634 WARN   Wiring.write_wire_scope: net not found
2026-10-07 12:35:59.634 WARN   Wiring.write_wire_scope: net not found
2026-10-07 12:35:59.634 WARN   Wiring.write_wire_scope: net not found
2026-10-07 12:35:59.634 WARN   Wiring.write_wire_scope: net not found
2026-10-07 12:35:59.634 WARN   Wiring.write_wire_scope: net not found
2026-10-07 12:35:59.634 WARN   Wiring.write_wire_scope: net not found
2026-10-07 12:35:59.634 WARN   Wiring.write_wire_scope: net not found
2026-10-07 12:35:59.634 WARN   Wiring.write_wire_scope: net not found
2026-10-07 12:35:59.634 WARN   Wiring.write_wire_scope: net not found
2026-10-07 12:35:59.634 WARN   Wiring.write_wire_scope: net not found
2026-10-07 12:35:59.634 WARN   Wiring.write_wire_scope: net not found
2026-10-07 12:35:59.634 WARN   Wiring.write_wire_scope: net not found
2026-10-07 12:35:59.634 WARN   Wiring.write_wire_scope: net not found
2026-10-07 12:35:59.634 WARN   Wiring.write_wire_scope: net not found
2026-10-07 12:35:59.634 WARN   Wiring.write_wire_scope: net not found
2026-10-07 12:35:59.634 WARN   Wiring.write_wire_scope: net not found
2026-10-07 12:35:59.634 WARN   Wiring.write_wire_scope: net not found
2026-10-07 12:35:59.634 WARN   Wiring.write_wire_scope: net not found
2026-10-07 12:35:59.634 WARN   Wiring.write_wire_scope: net not found
2026-10-07 12:35:59.634 WARN   Wiring.write_wire_scope: net not found
2026-10-07 12:35:59.634 WARN   Wiring.write_wire_scope: net not found
2026-10-07 12:35:59.634 WARN   Wiring.write_wire_scope: net not found
2026-10-07 12:35:59.634 WARN   Wiring.write_wire_scope: net not found
2026-10-07 12:35:59.634 WARN   Wiring.write_wire_scope: net not found
2026-10-07 12:35:59.634 WARN   Wiring.write_wire_scope: net not found
2026-10-07 12:35:59.634 WARN   Wiring.write_wire_scope: net not found
2026-10-07 12:35:59.634 WARN   Wiring.write_wire_scope: net not found
2026-10-07 12:35:59.634 WARN   Wiring.write_wire_scope: net not found
2026-10-07 12:35:59.634 WARN   Wiring.write_wire_scope: net not found
2026-10-07 12:35:59.634 WARN   Wiring.write_wire_scope: net not found
2026-10-07 12:35:59.634 WARN   Wiring.write_wire_scope: net not found
2026-10-07 12:35:59.634 WARN   Wiring.write_wire_scope: net not found
2026-10-07 12:35:59.634 WARN   Wiring.write_wire_scope: net not found
2026-10-07 12:35:59.634 WARN   Wiring.write_wire_scope: net not found
2026-10-07 12:35:59.634 WARN   Wiring.write_wire_scope: net not found
2026-10-07 12:35:59.634 WARN   Wiring.write_wire_scope: net not found
2026-10-07 12:35:59.634 WARN   Wiring.write_wire_scope: net not found
2026-10-07 12:35:59.634 WARN   Wiring.write_wire_scope: net not found
2026-10-07 12:35:59.634 WARN   Wiring.write_wire_scope: net not found
2026-10-07 12:35:59.634 WARN   Wiring.write_wire_scope: net not found
2026-10-07 12:35:59.634 WARN   Wiring.write_wire_scope: net not found
2026-10-07 12:35:59.634 WARN   Wiring.write_wire_scope: net not found
2026-10-07 12:35:59.634 WARN   Wiring.write_wire_scope: net not found
2026-10-07 12:35:59.634 WARN   Wiring.write_wire_scope: net not found
2026-10-07 12:35:59.634 WARN   Wiring.write_wire_scope: net not found
2026-10-07 12:35:59.634 WARN   Wiring.write_wire_scope: net not found
2026-10-07 12:35:59.634 WARN   Wiring.write_wire_scope: net not found
2026-10-07 12:35:59.634 WARN   Wiring.write_wire_scope: net not found
2026-10-07 12:35:59.634 WARN   Wiring.write_wire_scope: net not found
2026-10-07 12:35:59.634 WARN   Wiring.write_wire_scope: net not found
2026-10-07 12:35:59.634 WARN   Wiring.write_wire_scope: net not found
2026-10-07 12:35:59.634 WARN   Wiring.write_wire_scope: net not found
2026-10-07 12:35:59.634 WARN   Wiring.write_wire_scope: net not found
2026-10-07 12:35:59.634 WARN   Wiring.write_wire_scope: net not found
2026-10-07 12:35:59.634 WARN   Wiring.write_wire_scope: net not found
2026-10-07 12:35:59.634 WARN   Wiring.write_wire_scope: net not found
2026-10-07 12:35:59.634 WARN   Wiring.write_wire_scope: net not found
2026-10-07 12:35:59.634 WARN   Wiring.write_wire_scope: net not found
2026-10-07 12:35:59.634 WARN   Wiring.write_wire_scope: net not found
2026-10-07 12:35:59.751 WARN   Wiring.write_wire_scope: net not found
2026-10-07 12:35:59.751 WARN   Wiring.write_wire_scope: net not found
2026-10-07 12:35:59.751 WARN   Wiring.write_wire_scope: net not found
2026-10-07 12:35:59.751 WARN   Wiring.write_wire_scope: net not found
2026-10-07 12:35:59.751 WARN   Wiring.write_wire_scope: net not found
2026-10-07 12:35:59.751 WARN   Wiring.write_wire_scope: net not found
2026-10-07 12:35:59.751 WARN   Wiring.write_wire_scope: net not found
2026-10-07 12:35:59.751 WARN   Wiring.write_wire_scope: net not found
2026-10-07 12:35:59.751 WARN   Wiring.write_wire_scope: net not found
2026-10-07 12:35:59.751 WARN   Wiring.write_wire_scope: net not found
2026-10-07 12:35:59.751 WARN   Wiring.write_wire_scope: net not found
2026-10-07 12:35:59.751 WARN   Wiring.write_wire_scope: net not found
2026-10-07 12:35:59.751 WARN   Wiring.write_wire_scope: net not found
2026-10-07 12:35:59.751 WARN   Wiring.write_wire_scope: net not found
2026-10-07 12:35:59.751 WARN   Wiring.write_wire_scope: net not found
2026-10-07 12:35:59.751 WARN   Wiring.write_wire_scope: net not found
2026-10-07 12:35:59.751 WARN   Wiring.write_wire_scope: net not found
2026-10-07 12:35:59.751 WARN   Wiring.write_wire_scope: net not found
2026-10-07 12:35:59.751 WARN   Wiring.write_wire_scope: net not found
2026-10-07 12:35:59.751 WARN   Wiring.write_wire_scope: net not found
2026-10-07 12:35:59.751 WARN   Wiring.write_wire_scope: net not found
2026-10-07 12:35:59.751 WARN   Wiring.write_wire_scope: net not found
2026-10-07 12:35:59.751 WARN   Wiring.write_wire_scope: net not found
2026-10-07 12:35:59.751 WARN   Wiring.write_wire_scope: net not found
2026-10-07 12:35:59.751 WARN   Wiring.write_wire_scope: net not found
2026-10-07 12:35:59.751 WARN   Wiring.write_wire_scope: net not found
2026-10-07 12:35:59.751 WARN   Wiring.write_wire_scope: net not found
2026-10-07 12:35:59.751 WARN   Wiring.write_wire_scope: net not found
2026-10-07 12:35:59.751 WARN   Wiring.write_wire_scope: net not found
2026-10-07 12:35:59.751 WARN   Wiring.write_wire_scope: net not found
2026-10-07 12:35:59.751 WARN   Wiring.write_wire_scope: net not found
2026-10-07 12:35:59.751 WARN   Wiring.write_wire_scope: net not found
2026-10-07 12:35:59.751 WARN   Wiring.write_wire_scope: net not found
2026-10-07 12:35:59.751 WARN   Wiring.write_wire_scope: net not found
2026-10-07 12:35:59.751 WARN   Wiring.write_wire_scope: net not found
2026-10-07 12:35:59.751 WARN   Wiring.write_wire_scope: net not found
2026-10-07 12:35:59.751 WARN   Wiring.write_wire_scope: net not found
2026-10-07 12:35:59.751 WARN   Wiring.write_wire_scope: net not found
2026-10-07 12:35:59.751 WARN   Wiring.write_wire_scope: net not found
2026-10-07 12:35:59.751 WARN   Wiring.write_wire_scope: net not found
2026-10-07 12:35:59.751 WARN   Wiring.write_wire_scope: net not found
2026-10-07 12:35:59.751 WARN   Wiring.write_wire_scope: net not found
2026-10-07 12:35:59.751 WARN   Wiring.write_wire_scope: net not found
2026-10-07 12:35:59.751 WARN   Wiring.write_wire_scope: net not found
2026-10-07 12:35:59.751 WARN   Wiring.write_wire_scope: net not found
2026-10-07 12:35:59.751 WARN   Wiring.write_wire_scope: net not found
2026-10-07 12:35:59.751 WARN   Wiring.write_wire_scope: net not found
2026-10-07 12:35:59.751 WARN   Wiring.write_wire_scope: net not found
2026-10-07 12:35:59.751 WARN   Wiring.write_wire_scope: net not found
2026-10-07 12:35:59.751 WARN   Wiring.write_wire_scope: net not found
2026-10-07 12:35:59.751 WARN   Wiring.write_wire_scope: net not found
2026-10-07 12:35:59.751 WARN   Wiring.write_wire_scope: net not found
2026-10-07 12:35:59.751 WARN   Wiring.write_wire_scope: net not found
2026-10-07 12:35:59.751 WARN   Wiring.write_wire_scope: net not found
2026-10-07 12:35:59.751 WARN   Wiring.write_wire_scope: net not found
2026-10-07 12:35:59.751 WARN   Wiring.write_wire_scope: net not found
2026-10-07 12:35:59.752 WARN   Wiring.write_wire_scope: net not found
2026-10-07 12:35:59.752 WARN   Wiring.write_wire_scope: net not found
2026-10-07 12:35:59.752 WARN   Wiring.write_wire_scope: net not found
2026-10-07 12:35:59.752 WARN   Wiring.write_wire_scope: net not found
2026-10-07 12:35:59.752 WARN   Wiring.write_wire_scope: net not found
2026-10-07 12:35:59.752 WARN   Wiring.write_wire_scope: net not found
2026-10-07 12:35:59.752 WARN   Wiring.write_wire_scope: net not found
2026-10-07 12:35:59.752 WARN   Wiring.write_wire_scope: net not found
2026-10-07 12:35:59.752 WARN   Wiring.write_wire_scope: net not found
2026-10-07 12:35:59.752 WARN   Wiring.write_wire_scope: net not found
2026-10-07 12:35:59.752 WARN   Wiring.write_wire_scope: net not found
2026-10-07 12:35:59.752 WARN   Wiring.write_wire_scope: net not found
2026-10-07 12:35:59.752 WARN   Wiring.write_wire_scope: net not found
2026-10-07 12:35:59.752 WARN   Wiring.write_wire_scope: net not found
2026-10-07 12:35:59.752 WARN   Wiring.write_wire_scope: net not found
2026-10-07 12:35:59.752 WARN   Wiring.write_wire_scope: net not found
2026-10-07 12:35:59.752 WARN   Wiring.write_wire_scope: net not found
2026-10-07 12:35:59.752 WARN   Wiring.write_wire_scope: net not found
2026-10-07 12:35:59.752 WARN   Wiring.write_wire_scope: net not found
2026-10-07 12:35:59.752 WARN   Wiring.write_wire_scope: net not found
2026-10-07 12:35:59.752 WARN   Wiring.write_wire_scope: net not found
2026-10-07 12:35:59.752 WARN   Wiring.write_wire_scope: net not found
2026-10-07 12:35:59.752 WARN   Wiring.write_wire_scope: net not found
2026-10-07 12:35:59.752 WARN   Wiring.write_wire_scope: net not found
2026-10-07 12:35:59.752 WARN   Wiring.write_wire_scope: net not found
2026-10-07 12:35:59.752 WARN   Wiring.write_wire_scope: net not found
2026-10-07 12:35:59.752 WARN   Wiring.write_wire_scope: net not found
2026-10-07 12:35:59.752 WARN   Wiring.write_wire_scope: net not found
2026-10-07 12:35:59.752 WARN   Wiring.write_wire_scope: net not found
2026-10-07 12:35:59.752 WARN   Wiring.write_wire_scope: net not found
2026-10-07 12:35:59.752 WARN   Wiring.write_wire_scope: net not found
2026-10-07 12:35:59.752 WARN   Wiring.write_wire_scope: net not found
2026-10-07 12:35:59.752 WARN   Wiring.write_wire_scope: net not found
2026-10-07 12:35:59.752 WARN   Wiring.write_wire_scope: net not found
2026-10-07 12:35:59.752 WARN   Wiring.write_wire_scope: net not found
2026-10-07 12:35:59.752 WARN   Wiring.write_wire_scope: net not found
2026-10-07 12:35:59.752 WARN   Wiring.write_wire_scope: net not found
2026-10-07 12:35:59.752 WARN   Wiring.write_wire_scope: net not found
2026-10-07 12:35:59.752 WARN   Wiring.write_wire_scope: net not found
2026-10-07 12:35:59.752 WARN   Wiring.write_wire_scope: net not found
2026-10-07 12:35:59.752 WARN   Wiring.write_wire_scope: net not found
2026-10-07 12:35:59.752 WARN   Wiring.write_wire_scope: net not found
2026-10-07 12:35:59.752 WARN   Wiring.write_wire_scope: net not found
2026-10-07 12:35:59.752 WARN   Wiring.write_wire_scope: net not found
2026-10-07 12:35:59.752 WARN   Wiring.write_wire_scope: net not found
2026-10-07 12:35:59.752 WARN   Wiring.write_wire_scope: net not found
2026-10-07 12:35:59.752 WARN   Wiring.write_wire_scope: net not found
2026-10-07 12:35:59.752 WARN   Wiring.write_wire_scope: net not found
2026-10-07 12:35:59.752 WARN   Wiring.write_wire_scope: net not found
2026-10-07 12:35:59.752 WARN   Wiring.write_wire_scope: net not found
2026-10-07 12:35:59.752 WARN   Wiring.write_wire_scope: net not found
2026-10-07 12:35:59.752 WARN   Wiring.write_wire_scope: net not found
2026-10-07 12:35:59.752 WARN   Wiring.write_wire_scope: net not found
2026-10-07 12:35:59.752 WARN   Wiring.write_wire_scope: net not found
2026-10-07 12:35:59.752 WARN   Wiring.write_wire_scope: net not found
2026-10-07 12:35:59.752 WARN   Wiring.write_wire_scope: net not found
2026-10-07 12:35:59.752 WARN   Wiring.write_wire_scope: net not found
2026-10-07 12:35:59.752 WARN   Wiring.write_wire_scope: net not found
2026-10-07 12:35:59.752 WARN   Wiring.write_wire_scope: net not found
2026-10-07 12:35:59.752 WARN   Wiring.write_wire_scope: net not found
2026-10-07 12:35:59.752 WARN   Wiring.write_wire_scope: net not found
2026-10-07 12:35:59.752 WARN   Wiring.write_wire_scope: net not found
2026-10-07 12:35:59.752 WARN   Wiring.write_wire_scope: net not found
2026-10-07 12:35:59.752 WARN   Wiring.write_wire_scope: net not found
2026-10-07 12:35:59.752 WARN   Wiring.write_wire_scope: net not found
2026-10-07 12:35:59.752 WARN   Wiring.write_wire_scope: net not found
2026-10-07 12:35:59.752 WARN   Wiring.write_wire_scope: net not found
2026-10-07 12:35:59.752 WARN   Wiring.write_wire_scope: net not found
2026-10-07 12:35:59.752 WARN   Wiring.write_wire_scope: net not found
2026-10-07 12:35:59.752 WARN   Wiring.write_wire_scope: net not found
2026-10-07 12:35:59.752 WARN   Wiring.write_wire_scope: net not found
2026-10-07 12:35:59.752 WARN   Wiring.write_wire_scope: net not found
2026-10-07 12:35:59.752 WARN   Wiring.write_wire_scope: net not found
2026-10-07 12:35:59.752 WARN   Wiring.write_wire_scope: net not found
2026-10-07 12:35:59.752 WARN   Wiring.write_wire_scope: net not found
2026-10-07 12:35:59.752 WARN   Wiring.write_wire_scope: net not found
2026-10-07 12:35:59.752 WARN   Wiring.write_wire_scope: net not found
2026-10-07 12:35:59.752 WARN   Wiring.write_wire_scope: net not found
2026-10-07 12:35:59.752 WARN   Wiring.write_wire_scope: net not found
2026-10-07 12:35:59.752 WARN   Wiring.write_wire_scope: net not found
2026-10-07 12:35:59.752 WARN   Wiring.write_wire_scope: net not found
2026-10-07 12:35:59.752 WARN   Wiring.write_wire_scope: net not found
2026-10-07 12:35:59.752 WARN   Wiring.write_wire_scope: net not found
2026-10-07 12:35:59.752 WARN   Wiring.write_wire_scope: net not found
2026-10-07 12:35:59.752 WARN   Wiring.write_wire_scope: net not found
2026-10-07 12:35:59.752 WARN   Wiring.write_wire_scope: net not found
2026-10-07 12:35:59.752 WARN   Wiring.write_wire_scope: net not found
2026-10-07 12:35:59.752 WARN   Wiring.write_wire_scope: net not found
2026-10-07 12:35:59.752 WARN   Wiring.write_wire_scope: net not found
2026-10-07 12:35:59.752 WARN   Wiring.write_wire_scope: net not found
2026-10-07 12:35:59.752 WARN   Wiring.write_wire_scope: net not found
2026-10-07 12:35:59.752 WARN   Wiring.write_wire_scope: net not found
2026-10-07 12:35:59.752 WARN   Wiring.write_wire_scope: net not found
2026-10-07 12:35:59.752 WARN   Wiring.write_wire_scope: net not found
2026-10-07 12:35:59.752 WARN   Wiring.write_wire_scope: net not found
2026-10-07 12:35:59.752 WARN   Wiring.write_wire_scope: net not found
2026-10-07 12:35:59.752 WARN   Wiring.write_wire_scope: net not found
2026-10-07 12:35:59.752 WARN   Wiring.write_wire_scope: net not found
2026-10-07 12:35:59.752 WARN   Wiring.write_wire_scope: net not found
2026-10-07 12:35:59.752 WARN   Wiring.write_wire_scope: net not found
2026-10-07 12:35:59.752 WARN   Wiring.write_wire_scope: net not found
2026-10-07 12:35:59.752 WARN   Wiring.write_wire_scope: net not found
2026-10-07 12:35:59.752 WARN   Wiring.write_wire_scope: net not found
2026-10-07 12:35:59.752 WARN   Wiring.write_wire_scope: net not found
2026-10-07 12:35:59.752 WARN   Wiring.write_wire_scope: net not found
2026-10-07 12:35:59.752 WARN   Wiring.write_wire_scope: net not found
2026-10-07 12:35:59.752 WARN   Wiring.write_wire_scope: net not found
2026-10-07 12:35:59.752 WARN   Wiring.write_wire_scope: net not found
2026-10-07 12:35:59.752 WARN   Wiring.write_wire_scope: net not found
2026-10-07 12:35:59.752 WARN   Wiring.write_wire_scope: net not found
2026-10-07 12:35:59.752 WARN   Wiring.write_wire_scope: net not found
2026-10-07 12:35:59.752 WARN   Wiring.write_wire_scope: net not found
2026-10-07 12:35:59.752 WARN   Wiring.write_wire_scope: net not found
2026-10-07 12:35:59.752 WARN   Wiring.write_wire_scope: net not found
2026-10-07 12:35:59.752 WARN   Wiring.write_wire_scope: net not found
2026-10-07 12:35:59.752 WARN   Wiring.write_wire_scope: net not found
2026-10-07 12:35:59.752 WARN   Wiring.write_wire_scope: net not found
2026-10-07 12:35:59.752 WARN   Wiring.write_wire_scope: net not found
2026-10-07 12:35:59.752 WARN   Wiring.write_wire_scope: net not found
2026-10-07 12:35:59.752 WARN   Wiring.write_wire_scope: net not found
2026-10-07 12:35:59.752 WARN   Wiring.write_wire_scope: net not found
2026-10-07 12:35:59.752 WARN   Wiring.write_wire_scope: net not found
2026-10-07 12:35:59.752 WARN   Wiring.write_wire_scope: net not found
2026-10-07 12:35:59.752 WARN   Wiring.write_wire_scope: net not found
2026-10-07 12:35:59.752 WARN   Wiring.write_wire_scope: net not found
2026-10-07 12:35:59.752 WARN   Wiring.write_wire_scope: net not found
2026-10-07 12:35:59.752 WARN   Wiring.write_wire_scope: net not found
2026-10-07 12:35:59.752 WARN   Wiring.write_wire_scope: net not found
2026-10-07 12:35:59.752 WARN   Wiring.write_wire_scope: net not found
2026-10-07 12:35:59.752 WARN   Wiring.write_wire_scope: net not found
2026-10-07 12:35:59.752 WARN   Wiring.write_wire_scope: net not found
2026-10-07 12:35:59.752 WARN   Wiring.write_wire_scope: net not found
2026-10-07 12:35:59.752 WARN   Wiring.write_wire_scope: net not found
2026-10-07 12:35:59.752 WARN   Wiring.write_wire_scope: net not found
2026-10-07 12:35:59.752 WARN   Wiring.write_wire_scope: net not found
2026-10-07 12:35:59.752 WARN   Wiring.write_wire_scope: net not found
2026-10-07 12:35:59.752 WARN   Wiring.write_wire_scope: net not found
2026-10-07 12:35:59.752 WARN   Wiring.write_wire_scope: net not found
2026-10-07 12:35:59.752 WARN   Wiring.write_wire_scope: net not found
2026-10-07 12:35:59.752 WARN   Wiring.write_wire_scope: net not found
2026-10-07 12:35:59.752 WARN   Wiring.write_wire_scope: net not found
2026-10-07 12:35:59.752 WARN   Wiring.write_wire_scope: net not found
2026-10-07 12:35:59.752 WARN   Wiring.write_wire_scope: net not found
2026-10-07 12:35:59.752 WARN   Wiring.write_wire_scope: net not found
2026-10-07 12:35:59.752 WARN   Wiring.write_wire_scope: net not found
2026-10-07 12:35:59.752 WARN   Wiring.write_wire_scope: net not found
2026-10-07 12:35:59.752 WARN   Wiring.write_wire_scope: net not found
2026-10-07 12:35:59.752 WARN   Wiring.write_wire_scope: net not found
2026-10-07 12:35:59.752 WARN   Wiring.write_wire_scope: net not found
2026-10-07 12:35:59.752 WARN   Wiring.write_wire_scope: net not found
2026-10-07 12:35:59.752 WARN   Wiring.write_wire_scope: net not found
2026-10-07 12:35:59.752 WARN   Wiring.write_wire_scope: net not found
2026-10-07 12:35:59.752 WARN   Wiring.write_wire_scope: net not found
2026-10-07 12:35:59.752 WARN   Wiring.write_wire_scope: net not found
2026-10-07 12:35:59.752 WARN   Wiring.write_wire_scope: net not found
2026-10-07 12:35:59.752 WARN   Wiring.write_wire_scope: net not found
2026-10-07 12:35:59.752 WARN   Wiring.write_wire_scope: net not found
2026-10-07 12:35:59.752 WARN   Wiring.write_wire_scope: net not found
2026-10-07 12:35:59.752 WARN   Wiring.write_wire_scope: net not found
2026-10-07 12:35:59.752 WARN   Wiring.write_wire_scope: net not found
2026-10-07 12:35:59.752 WARN   Wiring.write_wire_scope: net not found
2026-10-07 12:35:59.752 WARN   Wiring.write_wire_scope: net not found
2026-10-07 12:35:59.752 WARN   Wiring.write_wire_scope: net not found
2026-10-07 12:35:59.752 WARN   Wiring.write_wire_scope: net not found
2026-10-07 12:35:59.752 WARN   Wiring.write_wire_scope: net not found
2026-10-07 12:35:59.752 WARN   Wiring.write_wire_scope: net not found
2026-10-07 12:35:59.752 WARN   Wiring.write_wire_scope: net not found
2026-10-07 12:35:59.752 WARN   Wiring.write_wire_scope: net not found
2026-10-07 12:35:59.752 WARN   Wiring.write_wire_scope: net not found
2026-10-07 12:35:59.752 WARN   Wiring.write_wire_scope: net not found
2026-10-07 12:35:59.752 WARN   Wiring.write_wire_scope: net not found
2026-10-07 12:35:59.752 WARN   Wiring.write_wire_scope: net not found
2026-10-07 12:35:59.752 WARN   Wiring.write_wire_scope: net not found
2026-10-07 12:35:59.752 WARN   Wiring.write_wire_scope: net not found
2026-10-07 12:35:59.752 WARN   Wiring.write_wire_scope: net not found
2026-10-07 12:35:59.752 WARN   Wiring.write_wire_scope: net not found
2026-10-07 12:35:59.752 WARN   Wiring.write_wire_scope: net not found
2026-10-07 12:35:59.753 WARN   Wiring.write_wire_scope: net not found
2026-10-07 12:35:59.753 WARN   Wiring.write_wire_scope: net not found
2026-10-07 12:35:59.753 WARN   Wiring.write_wire_scope: net not found
2026-10-07 12:35:59.753 WARN   Wiring.write_wire_scope: net not found
2026-10-07 12:35:59.753 WARN   Wiring.write_wire_scope: net not found
2026-10-07 12:35:59.753 WARN   Wiring.write_wire_scope: net not found
2026-10-07 12:35:59.753 WARN   Wiring.write_wire_scope: net not found
2026-10-07 12:35:59.753 WARN   Wiring.write_wire_scope: net not found
2026-10-07 12:35:59.753 WARN   Wiring.write_wire_scope: net not found
2026-10-07 12:35:59.753 WARN   Wiring.write_wire_scope: net not found
2026-10-07 12:35:59.753 WARN   Wiring.write_wire_scope: net not found
2026-10-07 12:35:59.753 WARN   Wiring.write_wire_scope: net not found
2026-10-07 12:35:59.753 WARN   Wiring.write_wire_scope: net not found
2026-10-07 12:35:59.753 WARN   Wiring.write_wire_scope: net not found
2026-10-07 12:35:59.753 WARN   Wiring.write_wire_scope: net not found
2026-10-07 12:35:59.753 WARN   Wiring.write_wire_scope: net not found
2026-10-07 12:35:59.753 WARN   Wiring.write_wire_scope: net not found
2026-10-07 12:35:59.753 WARN   Wiring.write_wire_scope: net not found
2026-10-07 12:35:59.753 WARN   Wiring.write_wire_scope: net not found
2026-10-07 12:35:59.753 WARN   Wiring.write_wire_scope: net not found
2026-10-07 12:35:59.753 WARN   Wiring.write_wire_scope: net not found
2026-10-07 12:35:59.753 WARN   Wiring.write_wire_scope: net not found
2026-10-07 12:35:59.753 WARN   Wiring.write_wire_scope: net not found
2026-10-07 12:35:59.753 WARN   Wiring.write_wire_scope: net not found
2026-10-07 12:35:59.753 WARN   Wiring.write_wire_scope: net not found
2026-10-07 12:35:59.753 WARN   Wiring.write_wire_scope: net not found
2026-10-07 12:35:59.753 WARN   Wiring.write_wire_scope: net not found
2026-10-07 12:35:59.753 WARN   Wiring.write_wire_scope: net not found
2026-10-07 12:35:59.753 WARN   Wiring.write_wire_scope: net not found
2026-10-07 12:35:59.753 WARN   Wiring.write_wire_scope: net not found
2026-10-07 12:35:59.753 WARN   Wiring.write_wire_scope: net not found
2026-10-07 12:35:59.753 WARN   Wiring.write_wire_scope: net not found
2026-10-07 12:35:59.753 WARN   Wiring.write_wire_scope: net not found
2026-10-07 12:35:59.753 WARN   Wiring.write_wire_scope: net not found
2026-10-07 12:35:59.753 WARN   Wiring.write_wire_scope: net not found
2026-10-07 12:35:59.753 WARN   Wiring.write_wire_scope: net not found
2026-10-07 12:35:59.753 WARN   Wiring.write_wire_scope: net not found
2026-10-07 12:35:59.753 WARN   Wiring.write_wire_scope: net not found
2026-10-07 12:35:59.753 WARN   Wiring.write_wire_scope: net not found
2026-10-07 12:35:59.753 WARN   Wiring.write_wire_scope: net not found
2026-10-07 12:35:59.753 WARN   Wiring.write_wire_scope: net not found
2026-10-07 12:35:59.753 WARN   Wiring.write_wire_scope: net not found
2026-10-07 12:35:59.753 WARN   Wiring.write_wire_scope: net not found
2026-10-07 12:35:59.753 WARN   Wiring.write_wire_scope: net not found
2026-10-07 12:35:59.753 WARN   Wiring.write_wire_scope: net not found
2026-10-07 12:35:59.753 WARN   Wiring.write_wire_scope: net not found
2026-10-07 12:35:59.753 WARN   Wiring.write_wire_scope: net not found
2026-10-07 12:35:59.753 WARN   Wiring.write_wire_scope: net not found
2026-10-07 12:35:59.753 WARN   Wiring.write_wire_scope: net not found
2026-10-07 12:35:59.753 WARN   Wiring.write_wire_scope: net not found
2026-10-07 12:35:59.753 WARN   Wiring.write_wire_scope: net not found
2026-10-07 12:35:59.753 WARN   Wiring.write_wire_scope: net not found
2026-10-07 12:35:59.753 WARN   Wiring.write_wire_scope: net not found
2026-10-07 12:35:59.753 WARN   Wiring.write_wire_scope: net not found
2026-10-07 12:35:59.753 WARN   Wiring.write_wire_scope: net not found
2026-10-07 12:35:59.753 WARN   Wiring.write_wire_scope: net not found
2026-10-07 12:35:59.753 WARN   Wiring.write_wire_scope: net not found
2026-10-07 12:35:59.753 WARN   Wiring.write_wire_scope: net not found
2026-10-07 12:35:59.753 WARN   Wiring.write_wire_scope: net not found
2026-10-07 12:35:59.753 WARN   Wiring.write_wire_scope: net not found
2026-10-07 12:35:59.753 WARN   Wiring.write_wire_scope: net not found
2026-10-07 12:35:59.753 WARN   Wiring.write_wire_scope: net not found
2026-10-07 12:35:59.753 WARN   Wiring.write_wire_scope: net not found
2026-10-07 12:35:59.753 WARN   Wiring.write_wire_scope: net not found
2026-10-07 12:35:59.753 WARN   Wiring.write_wire_scope: net not found
2026-10-07 12:35:59.753 WARN   Wiring.write_wire_scope: net not found
2026-10-07 12:35:59.753 WARN   Wiring.write_wire_scope: net not found
2026-10-07 12:35:59.753 WARN   Wiring.write_wire_scope: net not found
2026-10-07 12:35:59.753 WARN   Wiring.write_wire_scope: net not found
2026-10-07 12:35:59.753 WARN   Wiring.write_wire_scope: net not found
2026-10-07 12:35:59.753 WARN   Wiring.write_wire_scope: net not found
2026-10-07 12:35:59.753 WARN   Wiring.write_wire_scope: net not found
2026-10-07 12:35:59.753 WARN   Wiring.write_wire_scope: net not found
2026-10-07 12:35:59.753 WARN   Wiring.write_wire_scope: net not found
2026-10-07 12:35:59.753 WARN   Wiring.write_wire_scope: net not found
2026-10-07 12:35:59.753 WARN   Wiring.write_wire_scope: net not found
2026-10-07 12:35:59.753 WARN   Wiring.write_wire_scope: net not found
2026-10-07 12:35:59.753 WARN   Wiring.write_wire_scope: net not found
2026-10-07 12:35:59.753 WARN   Wiring.write_wire_scope: net not found
2026-10-07 12:35:59.753 WARN   Wiring.write_wire_scope: net not found
2026-10-07 12:35:59.753 WARN   Wiring.write_wire_scope: net not found
2026-10-07 12:35:59.753 WARN   Wiring.write_wire_scope: net not found
2026-10-07 12:35:59.753 WARN   Wiring.write_wire_scope: net not found
2026-10-07 12:35:59.753 WARN   Wiring.write_wire_scope: net not found
2026-10-07 12:35:59.753 WARN   Wiring.write_wire_scope: net not found
2026-10-07 12:35:59.753 WARN   Wiring.write_wire_scope: net not found
2026-10-07 12:35:59.753 WARN   Wiring.write_wire_scope: net not found
2026-10-07 12:35:59.753 WARN   Wiring.write_wire_scope: net not found
2026-10-07 12:35:59.753 WARN   Wiring.write_wire_scope: net not found
2026-10-07 12:35:59.753 WARN   Wiring.write_wire_scope: net not found
2026-10-07 12:35:59.753 WARN   Wiring.write_wire_scope: net not found
2026-10-07 12:35:59.753 WARN   Wiring.write_wire_scope: net not found
2026-10-07 12:35:59.753 WARN   Wiring.write_wire_scope: net not found
2026-10-07 12:35:59.753 WARN   Wiring.write_wire_scope: net not found
2026-10-07 12:35:59.753 WARN   Wiring.write_wire_scope: net not found
2026-10-07 12:35:59.753 WARN   Wiring.write_wire_scope: net not found
2026-10-07 12:35:59.753 WARN   Wiring.write_wire_scope: net not found
2026-10-07 12:35:59.753 WARN   Wiring.write_wire_scope: net not found
2026-10-07 12:35:59.753 WARN   Wiring.write_wire_scope: net not found
2026-10-07 12:35:59.753 WARN   Wiring.write_wire_scope: net not found
2026-10-07 12:35:59.753 WARN   Wiring.write_wire_scope: net not found
2026-10-07 12:35:59.753 WARN   Wiring.write_wire_scope: net not found
2026-10-07 12:35:59.753 WARN   Wiring.write_wire_scope: net not found
2026-10-07 12:35:59.753 WARN   Wiring.write_wire_scope: net not found
2026-10-07 12:35:59.753 WARN   Wiring.write_wire_scope: net not found
2026-10-07 12:35:59.753 WARN   Wiring.write_wire_scope: net not found
2026-10-07 12:35:59.753 WARN   Wiring.write_wire_scope: net not found
2026-10-07 12:35:59.815 WARN   Wiring.write_wire_scope: net not found
2026-10-07 12:35:59.815 WARN   Wiring.write_wire_scope: net not found
2026-10-07 12:35:59.815 WARN   Wiring.write_wire_scope: net not found
2026-10-07 12:35:59.815 WARN   Wiring.write_wire_scope: net not found
2026-10-07 12:35:59.815 WARN   Wiring.write_wire_scope: net not found
2026-10-07 12:35:59.815 WARN   Wiring.write_wire_scope: net not found
2026-10-07 12:35:59.815 WARN   Wiring.write_wire_scope: net not found
2026-10-07 12:35:59.815 WARN   Wiring.write_wire_scope: net not found
2026-10-07 12:35:59.815 WARN   Wiring.write_wire_scope: net not found
2026-10-07 12:35:59.815 WARN   Wiring.write_wire_scope: net not found
2026-10-07 12:35:59.815 WARN   Wiring.write_wire_scope: net not found
2026-10-07 12:35:59.815 WARN   Wiring.write_wire_scope: net not found
2026-10-07 12:35:59.815 WARN   Wiring.write_wire_scope: net not found
2026-10-07 12:35:59.815 WARN   Wiring.write_wire_scope: net not found
2026-10-07 12:35:59.815 WARN   Wiring.write_wire_scope: net not found
2026-10-07 12:35:59.815 WARN   Wiring.write_wire_scope: net not found
2026-10-07 12:35:59.815 WARN   Wiring.write_wire_scope: net not found
2026-10-07 12:35:59.815 WARN   Wiring.write_wire_scope: net not found
2026-10-07 12:35:59.815 WARN   Wiring.write_wire_scope: net not found
2026-10-07 12:35:59.815 WARN   Wiring.write_wire_scope: net not found
2026-10-07 12:35:59.815 WARN   Wiring.write_wire_scope: net not found
2026-10-07 12:35:59.815 WARN   Wiring.write_wire_scope: net not found
2026-10-07 12:35:59.815 WARN   Wiring.write_wire_scope: net not found
2026-10-07 12:35:59.815 WARN   Wiring.write_wire_scope: net not found
2026-10-07 12:35:59.815 WARN   Wiring.write_wire_scope: net not found
2026-10-07 12:35:59.815 WARN   Wiring.write_wire_scope: net not found
2026-10-07 12:35:59.815 WARN   Wiring.write_wire_scope: net not found
2026-10-07 12:35:59.815 WARN   Wiring.write_wire_scope: net not found
2026-10-07 12:35:59.815 WARN   Wiring.write_wire_scope: net not found
2026-10-07 12:35:59.815 WARN   Wiring.write_wire_scope: net not found
2026-10-07 12:35:59.815 WARN   Wiring.write_wire_scope: net not found
2026-10-07 12:35:59.815 WARN   Wiring.write_wire_scope: net not found
2026-10-07 12:35:59.815 WARN   Wiring.write_wire_scope: net not found
2026-10-07 12:35:59.815 WARN   Wiring.write_wire_scope: net not found
2026-10-07 12:35:59.815 WARN   Wiring.write_wire_scope: net not found
2026-10-07 12:35:59.815 WARN   Wiring.write_wire_scope: net not found
2026-10-07 12:35:59.815 WARN   Wiring.write_wire_scope: net not found
2026-10-07 12:35:59.815 WARN   Wiring.write_wire_scope: net not found
2026-10-07 12:35:59.815 WARN   Wiring.write_wire_scope: net not found
2026-10-07 12:35:59.815 WARN   Wiring.write_wire_scope: net not found
2026-10-07 12:35:59.815 WARN   Wiring.write_wire_scope: net not found
2026-10-07 12:35:59.815 WARN   Wiring.write_wire_scope: net not found
2026-10-07 12:35:59.815 WARN   Wiring.write_wire_scope: net not found
2026-10-07 12:35:59.815 WARN   Wiring.write_wire_scope: net not found
2026-10-07 12:35:59.815 WARN   Wiring.write_wire_scope: net not found
2026-10-07 12:35:59.815 WARN   Wiring.write_wire_scope: net not found
2026-10-07 12:35:59.815 WARN   Wiring.write_wire_scope: net not found
2026-10-07 12:35:59.815 WARN   Wiring.write_wire_scope: net not found
2026-10-07 12:35:59.815 WARN   Wiring.write_wire_scope: net not found
2026-10-07 12:35:59.815 WARN   Wiring.write_wire_scope: net not found
2026-10-07 12:35:59.815 WARN   Wiring.write_wire_scope: net not found
2026-10-07 12:35:59.815 WARN   Wiring.write_wire_scope: net not found
2026-10-07 12:35:59.815 WARN   Wiring.write_wire_scope: net not found
2026-10-07 12:35:59.815 WARN   Wiring.write_wire_scope: net not found
2026-10-07 12:35:59.815 WARN   Wiring.write_wire_scope: net not found
2026-10-07 12:35:59.815 WARN   Wiring.write_wire_scope: net not found
2026-10-07 12:35:59.815 WARN   Wiring.write_wire_scope: net not found
2026-10-07 12:35:59.815 WARN   Wiring.write_wire_scope: net not found
2026-10-07 12:35:59.815 WARN   Wiring.write_wire_scope: net not found
2026-10-07 12:35:59.816 WARN   Wiring.write_wire_scope: net not found
2026-10-07 12:35:59.816 WARN   Wiring.write_wire_scope: net not found
2026-10-07 12:35:59.816 WARN   Wiring.write_wire_scope: net not found
2026-10-07 12:35:59.816 WARN   Wiring.write_wire_scope: net not found
2026-10-07 12:35:59.816 WARN   Wiring.write_wire_scope: net not found
2026-10-07 12:35:59.816 WARN   Wiring.write_wire_scope: net not found
2026-10-07 12:35:59.816 WARN   Wiring.write_wire_scope: net not found
2026-10-07 12:35:59.816 WARN   Wiring.write_wire_scope: net not found
2026-10-07 12:35:59.816 WARN   Wiring.write_wire_scope: net not found
2026-10-07 12:35:59.816 WARN   Wiring.write_wire_scope: net not found
2026-10-07 12:35:59.816 WARN   Wiring.write_wire_scope: net not found
2026-10-07 12:35:59.816 WARN   Wiring.write_wire_scope: net not found
2026-10-07 12:35:59.816 WARN   Wiring.write_wire_scope: net not found
2026-10-07 12:35:59.816 WARN   Wiring.write_wire_scope: net not found
2026-10-07 12:35:59.816 WARN   Wiring.write_wire_scope: net not found
2026-10-07 12:35:59.816 WARN   Wiring.write_wire_scope: net not found
2026-10-07 12:35:59.816 WARN   Wiring.write_wire_scope: net not found
2026-10-07 12:35:59.816 WARN   Wiring.write_wire_scope: net not found
2026-10-07 12:35:59.816 WARN   Wiring.write_wire_scope: net not found
2026-10-07 12:35:59.816 WARN   Wiring.write_wire_scope: net not found
2026-10-07 12:35:59.816 WARN   Wiring.write_wire_scope: net not found
2026-10-07 12:35:59.816 WARN   Wiring.write_wire_scope: net not found
2026-10-07 12:35:59.816 WARN   Wiring.write_wire_scope: net not found
2026-10-07 12:35:59.816 WARN   Wiring.write_wire_scope: net not found
2026-10-07 12:35:59.816 WARN   Wiring.write_wire_scope: net not found
2026-10-07 12:35:59.816 WARN   Wiring.write_wire_scope: net not found
2026-10-07 12:35:59.816 WARN   Wiring.write_wire_scope: net not found
2026-10-07 12:35:59.816 WARN   Wiring.write_wire_scope: net not found
2026-10-07 12:35:59.816 WARN   Wiring.write_wire_scope: net not found
2026-10-07 12:35:59.816 WARN   Wiring.write_wire_scope: net not found
2026-10-07 12:35:59.816 WARN   Wiring.write_wire_scope: net not found
2026-10-07 12:35:59.816 WARN   Wiring.write_wire_scope: net not found
2026-10-07 12:35:59.816 WARN   Wiring.write_wire_scope: net not found
2026-10-07 12:35:59.816 WARN   Wiring.write_wire_scope: net not found
2026-10-07 12:35:59.816 WARN   Wiring.write_wire_scope: net not found
2026-10-07 12:35:59.816 WARN   Wiring.write_wire_scope: net not found
2026-10-07 12:35:59.816 WARN   Wiring.write_wire_scope: net not found
2026-10-07 12:35:59.816 WARN   Wiring.write_wire_scope: net not found
2026-10-07 12:35:59.816 WARN   Wiring.write_wire_scope: net not found
2026-10-07 12:35:59.816 WARN   Wiring.write_wire_scope: net not found
2026-10-07 12:35:59.816 WARN   Wiring.write_wire_scope: net not found
2026-10-07 12:35:59.816 WARN   Wiring.write_wire_scope: net not found
2026-10-07 12:35:59.816 WARN   Wiring.write_wire_scope: net not found
2026-10-07 12:35:59.816 WARN   Wiring.write_wire_scope: net not found
2026-10-07 12:35:59.816 WARN   Wiring.write_wire_scope: net not found
2026-10-07 12:35:59.816 WARN   Wiring.write_wire_scope: net not found
2026-10-07 12:35:59.816 WARN   Wiring.write_wire_scope: net not found
2026-10-07 12:35:59.816 WARN   Wiring.write_wire_scope: net not found
2026-10-07 12:35:59.816 WARN   Wiring.write_wire_scope: net not found
2026-10-07 12:35:59.816 WARN   Wiring.write_wire_scope: net not found
2026-10-07 12:35:59.816 WARN   Wiring.write_wire_scope: net not found
2026-10-07 12:35:59.816 WARN   Wiring.write_wire_scope: net not found
2026-10-07 12:35:59.816 WARN   Wiring.write_wire_scope: net not found
2026-10-07 12:35:59.816 WARN   Wiring.write_wire_scope: net not found
2026-10-07 12:35:59.816 WARN   Wiring.write_wire_scope: net not found
2026-10-07 12:35:59.816 WARN   Wiring.write_wire_scope: net not found
2026-10-07 12:35:59.816 WARN   Wiring.write_wire_scope: net not found
2026-10-07 12:35:59.816 WARN   Wiring.write_wire_scope: net not found
2026-10-07 12:35:59.816 WARN   Wiring.write_wire_scope: net not found
2026-10-07 12:35:59.816 WARN   Wiring.write_wire_scope: net not found
2026-10-07 12:35:59.816 WARN   Wiring.write_wire_scope: net not found
2026-10-07 12:35:59.816 WARN   Wiring.write_wire_scope: net not found
2026-10-07 12:35:59.816 WARN   Wiring.write_wire_scope: net not found
2026-10-07 12:35:59.816 WARN   Wiring.write_wire_scope: net not found
2026-10-07 12:35:59.816 WARN   Wiring.write_wire_scope: net not found
2026-10-07 12:35:59.816 WARN   Wiring.write_wire_scope: net not found
2026-10-07 12:35:59.816 WARN   Wiring.write_wire_scope: net not found
2026-10-07 12:35:59.816 WARN   Wiring.write_wire_scope: net not found
2026-10-07 12:35:59.816 WARN   Wiring.write_wire_scope: net not found
2026-10-07 12:35:59.816 WARN   Wiring.write_wire_scope: net not found
2026-10-07 12:35:59.816 WARN   Wiring.write_wire_scope: net not found
2026-10-07 12:35:59.816 WARN   Wiring.write_wire_scope: net not found
2026-10-07 12:35:59.816 WARN   Wiring.write_wire_scope: net not found
2026-10-07 12:35:59.816 WARN   Wiring.write_wire_scope: net not found
2026-10-07 12:35:59.816 WARN   Wiring.write_wire_scope: net not found
2026-10-07 12:35:59.816 WARN   Wiring.write_wire_scope: net not found
2026-10-07 12:35:59.816 WARN   Wiring.write_wire_scope: net not found
2026-10-07 12:35:59.816 WARN   Wiring.write_wire_scope: net not found
2026-10-07 12:35:59.816 WARN   Wiring.write_wire_scope: net not found
2026-10-07 12:35:59.816 WARN   Wiring.write_wire_scope: net not found
2026-10-07 12:35:59.816 WARN   Wiring.write_wire_scope: net not found
2026-10-07 12:35:59.816 WARN   Wiring.write_wire_scope: net not found
2026-10-07 12:35:59.816 WARN   Wiring.write_wire_scope: net not found
2026-10-07 12:35:59.816 WARN   Wiring.write_wire_scope: net not found
2026-10-07 12:35:59.816 WARN   Wiring.write_wire_scope: net not found
2026-10-07 12:35:59.816 WARN   Wiring.write_wire_scope: net not found
2026-10-07 12:35:59.816 WARN   Wiring.write_wire_scope: net not found
2026-10-07 12:35:59.816 WARN   Wiring.write_wire_scope: net not found
2026-10-07 12:35:59.816 WARN   Wiring.write_wire_scope: net not found
2026-10-07 12:35:59.816 WARN   Wiring.write_wire_scope: net not found
2026-10-07 12:35:59.816 WARN   Wiring.write_wire_scope: net not found
2026-10-07 12:35:59.816 WARN   Wiring.write_wire_scope: net not found
2026-10-07 12:35:59.816 WARN   Wiring.write_wire_scope: net not found
2026-10-07 12:35:59.816 WARN   Wiring.write_wire_scope: net not found
2026-10-07 12:35:59.816 WARN   Wiring.write_wire_scope: net not found
2026-10-07 12:35:59.816 WARN   Wiring.write_wire_scope: net not found
2026-10-07 12:35:59.816 WARN   Wiring.write_wire_scope: net not found
2026-10-07 12:35:59.816 WARN   Wiring.write_wire_scope: net not found
2026-10-07 12:35:59.816 WARN   Wiring.write_wire_scope: net not found
2026-10-07 12:35:59.816 WARN   Wiring.write_wire_scope: net not found
2026-10-07 12:35:59.816 WARN   Wiring.write_wire_scope: net not found
2026-10-07 12:35:59.816 WARN   Wiring.write_wire_scope: net not found
2026-10-07 12:35:59.816 WARN   Wiring.write_wire_scope: net not found
2026-10-07 12:35:59.816 WARN   Wiring.write_wire_scope: net not found
2026-10-07 12:35:59.816 WARN   Wiring.write_wire_scope: net not found
2026-10-07 12:35:59.816 WARN   Wiring.write_wire_scope: net not found
2026-10-07 12:35:59.816 WARN   Wiring.write_wire_scope: net not found
2026-10-07 12:35:59.816 WARN   Wiring.write_wire_scope: net not found
2026-10-07 12:35:59.816 WARN   Wiring.write_wire_scope: net not found
2026-10-07 12:35:59.816 WARN   Wiring.write_wire_scope: net not found
2026-10-07 12:35:59.816 WARN   Wiring.write_wire_scope: net not found
2026-10-07 12:35:59.816 WARN   Wiring.write_wire_scope: net not found
2026-10-07 12:35:59.816 WARN   Wiring.write_wire_scope: net not found
2026-10-07 12:35:59.816 WARN   Wiring.write_wire_scope: net not found
2026-10-07 12:35:59.816 WARN   Wiring.write_wire_scope: net not found
2026-10-07 12:35:59.816 WARN   Wiring.write_wire_scope: net not found
2026-10-07 12:35:59.816 WARN   Wiring.write_wire_scope: net not found
2026-10-07 12:35:59.816 WARN   Wiring.write_wire_scope: net not found
2026-10-07 12:35:59.816 WARN   Wiring.write_wire_scope: net not found
2026-10-07 12:35:59.816 WARN   Wiring.write_wire_scope: net not found
2026-10-07 12:35:59.816 WARN   Wiring.write_wire_scope: net not found
2026-10-07 12:35:59.816 WARN   Wiring.write_wire_scope: net not found
2026-10-07 12:35:59.816 WARN   Wiring.write_wire_scope: net not found
2026-10-07 12:35:59.816 WARN   Wiring.write_wire_scope: net not found
2026-10-07 12:35:59.816 WARN   Wiring.write_wire_scope: net not found
2026-10-07 12:35:59.816 WARN   Wiring.write_wire_scope: net not found
2026-10-07 12:35:59.816 WARN   Wiring.write_wire_scope: net not found
2026-10-07 12:35:59.816 WARN   Wiring.write_wire_scope: net not found
2026-10-07 12:35:59.816 WARN   Wiring.write_wire_scope: net not found
2026-10-07 12:35:59.816 WARN   Wiring.write_wire_scope: net not found
2026-10-07 12:35:59.816 WARN   Wiring.write_wire_scope: net not found
2026-10-07 12:35:59.816 WARN   Wiring.write_wire_scope: net not found
2026-10-07 12:35:59.816 WARN   Wiring.write_wire_scope: net not found
2026-10-07 12:35:59.816 WARN   Wiring.write_wire_scope: net not found
2026-10-07 12:35:59.816 WARN   Wiring.write_wire_scope: net not found
2026-10-07 12:35:59.816 WARN   Wiring.write_wire_scope: net not found
2026-10-07 12:35:59.816 WARN   Wiring.write_wire_scope: net not found
2026-10-07 12:35:59.816 WARN   Wiring.write_wire_scope: net not found
2026-10-07 12:35:59.816 WARN   Wiring.write_wire_scope: net not found
2026-10-07 12:35:59.816 WARN   Wiring.write_wire_scope: net not found
2026-10-07 12:35:59.816 WARN   Wiring.write_wire_scope: net not found
2026-10-07 12:35:59.816 WARN   Wiring.write_wire_scope: net not found
2026-10-07 12:35:59.816 WARN   Wiring.write_wire_scope: net not found
2026-10-07 12:35:59.816 WARN   Wiring.write_wire_scope: net not found
2026-10-07 12:35:59.816 WARN   Wiring.write_wire_scope: net not found
2026-10-07 12:35:59.816 WARN   Wiring.write_wire_scope: net not found
2026-10-07 12:35:59.816 WARN   Wiring.write_wire_scope: net not found
2026-10-07 12:35:59.816 WARN   Wiring.write_wire_scope: net not found
2026-10-07 12:35:59.816 WARN   Wiring.write_wire_scope: net not found
2026-10-07 12:35:59.816 WARN   Wiring.write_wire_scope: net not found
2026-10-07 12:35:59.816 WARN   Wiring.write_wire_scope: net not found
2026-10-07 12:35:59.816 WARN   Wiring.write_wire_scope: net not found
2026-10-07 12:35:59.816 WARN   Wiring.write_wire_scope: net not found
2026-10-07 12:35:59.816 WARN   Wiring.write_wire_scope: net not found
2026-10-07 12:35:59.816 WARN   Wiring.write_wire_scope: net not found
2026-10-07 12:35:59.816 WARN   Wiring.write_wire_scope: net not found
2026-10-07 12:35:59.816 WARN   Wiring.write_wire_scope: net not found
2026-10-07 12:35:59.816 WARN   Wiring.write_wire_scope: net not found
2026-10-07 12:35:59.816 WARN   Wiring.write_wire_scope: net not found
2026-10-07 12:35:59.816 WARN   Wiring.write_wire_scope: net not found
2026-10-07 12:35:59.816 WARN   Wiring.write_wire_scope: net not found
2026-10-07 12:35:59.816 WARN   Wiring.write_wire_scope: net not found
2026-10-07 12:35:59.816 WARN   Wiring.write_wire_scope: net not found
2026-10-07 12:35:59.816 WARN   Wiring.write_wire_scope: net not found
2026-10-07 12:35:59.816 WARN   Wiring.write_wire_scope: net not found
2026-10-07 12:35:59.816 WARN   Wiring.write_wire_scope: net not found
2026-10-07 12:35:59.816 WARN   Wiring.write_wire_scope: net not found
2026-10-07 12:35:59.816 WARN   Wiring.write_wire_scope: net not found
2026-10-07 12:35:59.816 WARN   Wiring.write_wire_scope: net not found
2026-10-07 12:35:59.816 WARN   Wiring.write_wire_scope: net not found
2026-10-07 12:35:59.816 WARN   Wiring.write_wire_scope: net not found
2026-10-07 12:35:59.816 WARN   Wiring.write_wire_scope: net not found
2026-10-07 12:35:59.816 WARN   Wiring.write_wire_scope: net not found
2026-10-07 12:35:59.817 WARN   Wiring.write_wire_scope: net not found
2026-10-07 12:35:59.817 WARN   Wiring.write_wire_scope: net not found
2026-10-07 12:35:59.817 WARN   Wiring.write_wire_scope: net not found
2026-10-07 12:35:59.817 WARN   Wiring.write_wire_scope: net not found
2026-10-07 12:35:59.817 WARN   Wiring.write_wire_scope: net not found
2026-10-07 12:35:59.817 WARN   Wiring.write_wire_scope: net not found
2026-10-07 12:35:59.817 WARN   Wiring.write_wire_scope: net not found
2026-10-07 12:35:59.817 WARN   Wiring.write_wire_scope: net not found
2026-10-07 12:35:59.817 WARN   Wiring.write_wire_scope: net not found
2026-10-07 12:35:59.817 WARN   Wiring.write_wire_scope: net not found
2026-10-07 12:35:59.817 WARN   Wiring.write_wire_scope: net not found
2026-10-07 12:35:59.817 WARN   Wiring.write_wire_scope: net not found
2026-10-07 12:35:59.817 WARN   Wiring.write_wire_scope: net not found
2026-10-07 12:35:59.817 WARN   Wiring.write_wire_scope: net not found
2026-10-07 12:35:59.817 WARN   Wiring.write_wire_scope: net not found
2026-10-07 12:35:59.817 WARN   Wiring.write_wire_scope: net not found
2026-10-07 12:35:59.817 WARN   Wiring.write_wire_scope: net not found
2026-10-07 12:35:59.817 WARN   Wiring.write_wire_scope: net not found
2026-10-07 12:35:59.817 WARN   Wiring.write_wire_scope: net not found
2026-10-07 12:35:59.817 WARN   Wiring.write_wire_scope: net not found
2026-10-07 12:35:59.817 WARN   Wiring.write_wire_scope: net not found
2026-10-07 12:35:59.817 WARN   Wiring.write_wire_scope: net not found
2026-10-07 12:35:59.817 WARN   Wiring.write_wire_scope: net not found
2026-10-07 12:35:59.817 WARN   Wiring.write_wire_scope: net not found
2026-10-07 12:35:59.817 WARN   Wiring.write_wire_scope: net not found
2026-10-07 12:35:59.817 WARN   Wiring.write_wire_scope: net not found
2026-10-07 12:35:59.817 WARN   Wiring.write_wire_scope: net not found
2026-10-07 12:35:59.817 WARN   Wiring.write_wire_scope: net not found
2026-10-07 12:35:59.817 WARN   Wiring.write_wire_scope: net not found
2026-10-07 12:35:59.817 WARN   Wiring.write_wire_scope: net not found
2026-10-07 12:35:59.817 WARN   Wiring.write_wire_scope: net not found
2026-10-07 12:35:59.817 WARN   Wiring.write_wire_scope: net not found
2026-10-07 12:35:59.817 WARN   Wiring.write_wire_scope: net not found
2026-10-07 12:35:59.817 WARN   Wiring.write_wire_scope: net not found
2026-10-07 12:35:59.817 WARN   Wiring.write_wire_scope: net not found
2026-10-07 12:35:59.817 WARN   Wiring.write_wire_scope: net not found
2026-10-07 12:35:59.817 WARN   Wiring.write_wire_scope: net not found
2026-10-07 12:35:59.817 WARN   Wiring.write_wire_scope: net not found
2026-10-07 12:35:59.817 WARN   Wiring.write_wire_scope: net not found
2026-10-07 12:35:59.817 WARN   Wiring.write_wire_scope: net not found
2026-10-07 12:35:59.817 WARN   Wiring.write_wire_scope: net not found
2026-10-07 12:35:59.817 WARN   Wiring.write_wire_scope: net not found
2026-10-07 12:35:59.817 WARN   Wiring.write_wire_scope: net not found
2026-10-07 12:35:59.817 WARN   Wiring.write_wire_scope: net not found
2026-10-07 12:35:59.817 WARN   Wiring.write_wire_scope: net not found
2026-10-07 12:35:59.817 WARN   Wiring.write_wire_scope: net not found
2026-10-07 12:35:59.817 WARN   Wiring.write_wire_scope: net not found
2026-10-07 12:35:59.817 WARN   Wiring.write_wire_scope: net not found
2026-10-07 12:35:59.817 WARN   Wiring.write_wire_scope: net not found
2026-10-07 12:35:59.817 WARN   Wiring.write_wire_scope: net not found
2026-10-07 12:35:59.817 WARN   Wiring.write_wire_scope: net not found
2026-10-07 12:35:59.817 WARN   Wiring.write_wire_scope: net not found
2026-10-07 12:35:59.817 WARN   Wiring.write_wire_scope: net not found
2026-10-07 12:35:59.817 WARN   Wiring.write_wire_scope: net not found
2026-10-07 12:35:59.817 WARN   Wiring.write_wire_scope: net not found
2026-10-07 12:35:59.817 WARN   Wiring.write_wire_scope: net not found
2026-10-07 12:35:59.817 WARN   Wiring.write_wire_scope: net not found
2026-10-07 12:35:59.817 WARN   Wiring.write_wire_scope: net not found
2026-10-07 12:35:59.817 WARN   Wiring.write_wire_scope: net not found
2026-10-07 12:35:59.817 WARN   Wiring.write_wire_scope: net not found
2026-10-07 12:35:59.817 WARN   Wiring.write_wire_scope: net not found
2026-10-07 12:35:59.817 WARN   Wiring.write_wire_scope: net not found
2026-10-07 12:35:59.817 WARN   Wiring.write_wire_scope: net not found
2026-10-07 12:35:59.817 WARN   Wiring.write_wire_scope: net not found
2026-10-07 12:35:59.817 WARN   Wiring.write_wire_scope: net not found
2026-10-07 12:35:59.817 WARN   Wiring.write_wire_scope: net not found
2026-10-07 12:35:59.817 WARN   Wiring.write_wire_scope: net not found
2026-10-07 12:35:59.817 WARN   Wiring.write_wire_scope: net not found
2026-10-07 12:35:59.817 WARN   Wiring.write_wire_scope: net not found
2026-10-07 12:35:59.817 WARN   Wiring.write_wire_scope: net not found
2026-10-07 12:35:59.817 WARN   Wiring.write_wire_scope: net not found
2026-10-07 12:35:59.817 WARN   Wiring.write_wire_scope: net not found
2026-10-07 12:35:59.817 WARN   Wiring.write_wire_scope: net not found
2026-10-07 12:35:59.817 WARN   Wiring.write_wire_scope: net not found
2026-10-07 12:35:59.817 WARN   Wiring.write_wire_scope: net not found
2026-10-07 12:35:59.817 WARN   Wiring.write_wire_scope: net not found
2026-10-07 12:35:59.817 WARN   Wiring.write_wire_scope: net not found
2026-10-07 12:35:59.817 WARN   Wiring.write_wire_scope: net not found
2026-10-07 12:35:59.817 WARN   Wiring.write_wire_scope: net not found
2026-10-07 12:35:59.817 WARN   Wiring.write_wire_scope: net not found
2026-10-07 12:35:59.817 WARN   Wiring.write_wire_scope: net not found
2026-10-07 12:35:59.817 WARN   Wiring.write_wire_scope: net not found
2026-10-07 12:35:59.817 WARN   Wiring.write_wire_scope: net not found
2026-10-07 12:35:59.817 WARN   Wiring.write_wire_scope: net not found
2026-10-07 12:35:59.817 WARN   Wiring.write_wire_scope: net not found
2026-10-07 12:35:59.817 WARN   Wiring.write_wire_scope: net not found
2026-10-07 12:35:59.817 WARN   Wiring.write_wire_scope: net not found
2026-10-07 12:35:59.817 WARN   Wiring.write_wire_scope: net not found
2026-10-07 12:35:59.817 WARN   Wiring.write_wire_scope: net not found
2026-10-07 12:35:59.817 WARN   Wiring.write_wire_scope: net not found
2026-10-07 12:35:59.817 WARN   Wiring.write_wire_scope: net not found
2026-10-07 12:35:59.817 WARN   Wiring.write_wire_scope: net not found
2026-10-07 12:35:59.817 WARN   Wiring.write_wire_scope: net not found
2026-10-07 12:35:59.817 WARN   Wiring.write_wire_scope: net not found
2026-10-07 12:35:59.817 WARN   Wiring.write_wire_scope: net not found
2026-10-07 12:35:59.817 WARN   Wiring.write_wire_scope: net not found
2026-10-07 12:35:59.817 WARN   Wiring.write_wire_scope: net not found
2026-10-07 12:35:59.817 WARN   Wiring.write_wire_scope: net not found
2026-10-07 12:35:59.817 WARN   Wiring.write_wire_scope: net not found
2026-10-07 12:35:59.817 WARN   Wiring.write_wire_scope: net not found
2026-10-07 12:35:59.817 WARN   Wiring.write_wire_scope: net not found
2026-10-07 12:35:59.817 WARN   Wiring.write_wire_scope: net not found
2026-10-07 12:35:59.817 WARN   Wiring.write_wire_scope: net not found
2026-10-07 12:35:59.817 WARN   Wiring.write_wire_scope: net not found
2026-10-07 12:35:59.817 WARN   Wiring.write_wire_scope: net not found
2026-10-07 12:35:59.817 WARN   Wiring.write_wire_scope: net not found
2026-10-07 12:35:59.817 WARN   Wiring.write_wire_scope: net not found
2026-10-07 12:35:59.817 WARN   Wiring.write_wire_scope: net not found
2026-10-07 12:35:59.821 INFO   [8E7B86\355F8A] Fanout pass #1 on board '7cdcea72247290a23370aada853e2220' completed in 0.21 seconds with 0 SMD pins fanouted, 4 not routed, 0 insert errors, +0 extra vias (0 SMD pins still to check in pass, ripup costs=100).
2026-10-07 12:35:59.824 INFO   [8E7B86\355F8A] Fanout stage completed: started with 4 total SMD pins, completed in 0.25 seconds, escaped pins: 0/4 (0.0%), using 0.25 total CPU seconds, 0.13 GB total allocated, and 163.1 MB peak heap usage.
2026-10-07 12:35:59.953 INFO   [8E7B86\355F8A] Auto-routing stage started on board '7cdcea72247290a23370aada853e2220' with baseline score 0.00 for 11 unrouted items.
2026-10-07 12:36:00.044 WARN   Wiring.write_wire_scope: net not found
2026-10-07 12:36:00.044 WARN   Wiring.write_wire_scope: net not found
2026-10-07 12:36:00.044 WARN   Wiring.write_wire_scope: net not found
2026-10-07 12:36:00.044 WARN   Wiring.write_wire_scope: net not found
2026-10-07 12:36:00.044 WARN   Wiring.write_wire_scope: net not found
2026-10-07 12:36:00.044 WARN   Wiring.write_wire_scope: net not found
2026-10-07 12:36:00.044 WARN   Wiring.write_wire_scope: net not found
2026-10-07 12:36:00.044 WARN   Wiring.write_wire_scope: net not found
2026-10-07 12:36:00.044 WARN   Wiring.write_wire_scope: net not found
2026-10-07 12:36:00.044 WARN   Wiring.write_wire_scope: net not found
2026-10-07 12:36:00.044 WARN   Wiring.write_wire_scope: net not found
2026-10-07 12:36:00.044 WARN   Wiring.write_wire_scope: net not found
2026-10-07 12:36:00.044 WARN   Wiring.write_wire_scope: net not found
2026-10-07 12:36:00.044 WARN   Wiring.write_wire_scope: net not found
2026-10-07 12:36:00.044 WARN   Wiring.write_wire_scope: net not found
2026-10-07 12:36:00.044 WARN   Wiring.write_wire_scope: net not found
2026-10-07 12:36:00.044 WARN   Wiring.write_wire_scope: net not found
2026-10-07 12:36:00.044 WARN   Wiring.write_wire_scope: net not found
2026-10-07 12:36:00.044 WARN   Wiring.write_wire_scope: net not found
2026-10-07 12:36:00.044 WARN   Wiring.write_wire_scope: net not found
2026-10-07 12:36:00.044 WARN   Wiring.write_wire_scope: net not found
2026-10-07 12:36:00.044 WARN   Wiring.write_wire_scope: net not found
2026-10-07 12:36:00.044 WARN   Wiring.write_wire_scope: net not found
2026-10-07 12:36:00.044 WARN   Wiring.write_wire_scope: net not found
2026-10-07 12:36:00.044 WARN   Wiring.write_wire_scope: net not found
2026-10-07 12:36:00.044 WARN   Wiring.write_wire_scope: net not found
2026-10-07 12:36:00.044 WARN   Wiring.write_wire_scope: net not found
2026-10-07 12:36:00.044 WARN   Wiring.write_wire_scope: net not found
2026-10-07 12:36:00.044 WARN   Wiring.write_wire_scope: net not found
2026-10-07 12:36:00.044 WARN   Wiring.write_wire_scope: net not found
2026-10-07 12:36:00.044 WARN   Wiring.write_wire_scope: net not found
2026-10-07 12:36:00.044 WARN   Wiring.write_wire_scope: net not found
2026-10-07 12:36:00.044 WARN   Wiring.write_wire_scope: net not found
2026-10-07 12:36:00.044 WARN   Wiring.write_wire_scope: net not found
2026-10-07 12:36:00.044 WARN   Wiring.write_wire_scope: net not found
2026-10-07 12:36:00.044 WARN   Wiring.write_wire_scope: net not found
2026-10-07 12:36:00.044 WARN   Wiring.write_wire_scope: net not found
2026-10-07 12:36:00.044 WARN   Wiring.write_wire_scope: net not found
2026-10-07 12:36:00.044 WARN   Wiring.write_wire_scope: net not found
2026-10-07 12:36:00.044 WARN   Wiring.write_wire_scope: net not found
2026-10-07 12:36:00.044 WARN   Wiring.write_wire_scope: net not found
2026-10-07 12:36:00.044 WARN   Wiring.write_wire_scope: net not found
2026-10-07 12:36:00.044 WARN   Wiring.write_wire_scope: net not found
2026-10-07 12:36:00.044 WARN   Wiring.write_wire_scope: net not found
2026-10-07 12:36:00.044 WARN   Wiring.write_wire_scope: net not found
2026-10-07 12:36:00.044 WARN   Wiring.write_wire_scope: net not found
2026-10-07 12:36:00.044 WARN   Wiring.write_wire_scope: net not found
2026-10-07 12:36:00.044 WARN   Wiring.write_wire_scope: net not found
2026-10-07 12:36:00.044 WARN   Wiring.write_wire_scope: net not found
2026-10-07 12:36:00.044 WARN   Wiring.write_wire_scope: net not found
2026-10-07 12:36:00.044 WARN   Wiring.write_wire_scope: net not found
2026-10-07 12:36:00.044 WARN   Wiring.write_wire_scope: net not found
2026-10-07 12:36:00.044 WARN   Wiring.write_wire_scope: net not found
2026-10-07 12:36:00.044 WARN   Wiring.write_wire_scope: net not found
2026-10-07 12:36:00.044 WARN   Wiring.write_wire_scope: net not found
2026-10-07 12:36:00.044 WARN   Wiring.write_wire_scope: net not found
2026-10-07 12:36:00.044 WARN   Wiring.write_wire_scope: net not found
2026-10-07 12:36:00.044 WARN   Wiring.write_wire_scope: net not found
2026-10-07 12:36:00.044 WARN   Wiring.write_wire_scope: net not found
2026-10-07 12:36:00.044 WARN   Wiring.write_wire_scope: net not found
2026-10-07 12:36:00.044 WARN   Wiring.write_wire_scope: net not found
2026-10-07 12:36:00.044 WARN   Wiring.write_wire_scope: net not found
2026-10-07 12:36:00.044 WARN   Wiring.write_wire_scope: net not found
2026-10-07 12:36:00.044 WARN   Wiring.write_wire_scope: net not found
2026-10-07 12:36:00.044 WARN   Wiring.write_wire_scope: net not found
2026-10-07 12:36:00.044 WARN   Wiring.write_wire_scope: net not found
2026-10-07 12:36:00.044 WARN   Wiring.write_wire_scope: net not found
2026-10-07 12:36:00.044 WARN   Wiring.write_wire_scope: net not found
2026-10-07 12:36:00.044 WARN   Wiring.write_wire_scope: net not found
2026-10-07 12:36:00.044 WARN   Wiring.write_wire_scope: net not found
2026-10-07 12:36:00.044 WARN   Wiring.write_wire_scope: net not found
2026-10-07 12:36:00.044 WARN   Wiring.write_wire_scope: net not found
2026-10-07 12:36:00.044 WARN   Wiring.write_wire_scope: net not found
2026-10-07 12:36:00.044 WARN   Wiring.write_wire_scope: net not found
2026-10-07 12:36:00.044 WARN   Wiring.write_wire_scope: net not found
2026-10-07 12:36:00.044 WARN   Wiring.write_wire_scope: net not found
2026-10-07 12:36:00.044 WARN   Wiring.write_wire_scope: net not found
2026-10-07 12:36:00.044 WARN   Wiring.write_wire_scope: net not found
2026-10-07 12:36:00.044 WARN   Wiring.write_wire_scope: net not found
2026-10-07 12:36:00.044 WARN   Wiring.write_wire_scope: net not found
2026-10-07 12:36:00.044 WARN   Wiring.write_wire_scope: net not found
2026-10-07 12:36:00.044 WARN   Wiring.write_wire_scope: net not found
2026-10-07 12:36:00.044 WARN   Wiring.write_wire_scope: net not found
2026-10-07 12:36:00.044 WARN   Wiring.write_wire_scope: net not found
2026-10-07 12:36:00.044 WARN   Wiring.write_wire_scope: net not found
2026-10-07 12:36:00.044 WARN   Wiring.write_wire_scope: net not found
2026-10-07 12:36:00.044 WARN   Wiring.write_wire_scope: net not found
2026-10-07 12:36:00.044 WARN   Wiring.write_wire_scope: net not found
2026-10-07 12:36:00.044 WARN   Wiring.write_wire_scope: net not found
2026-10-07 12:36:00.044 WARN   Wiring.write_wire_scope: net not found
2026-10-07 12:36:00.044 WARN   Wiring.write_wire_scope: net not found
2026-10-07 12:36:00.044 WARN   Wiring.write_wire_scope: net not found
2026-10-07 12:36:00.044 WARN   Wiring.write_wire_scope: net not found
2026-10-07 12:36:00.044 WARN   Wiring.write_wire_scope: net not found
2026-10-07 12:36:00.044 WARN   Wiring.write_wire_scope: net not found
2026-10-07 12:36:00.044 WARN   Wiring.write_wire_scope: net not found
2026-10-07 12:36:00.044 WARN   Wiring.write_wire_scope: net not found
2026-10-07 12:36:00.044 WARN   Wiring.write_wire_scope: net not found
2026-10-07 12:36:00.044 WARN   Wiring.write_wire_scope: net not found
2026-10-07 12:36:00.044 WARN   Wiring.write_wire_scope: net not found
2026-10-07 12:36:00.044 WARN   Wiring.write_wire_scope: net not found
2026-10-07 12:36:00.044 WARN   Wiring.write_wire_scope: net not found
2026-10-07 12:36:00.044 WARN   Wiring.write_wire_scope: net not found
2026-10-07 12:36:00.044 WARN   Wiring.write_wire_scope: net not found
2026-10-07 12:36:00.044 WARN   Wiring.write_wire_scope: net not found
2026-10-07 12:36:00.044 WARN   Wiring.write_wire_scope: net not found
2026-10-07 12:36:00.044 WARN   Wiring.write_wire_scope: net not found
2026-10-07 12:36:00.044 WARN   Wiring.write_wire_scope: net not found
2026-10-07 12:36:00.044 WARN   Wiring.write_wire_scope: net not found
2026-10-07 12:36:00.044 WARN   Wiring.write_wire_scope: net not found
2026-10-07 12:36:00.044 WARN   Wiring.write_wire_scope: net not found
2026-10-07 12:36:00.044 WARN   Wiring.write_wire_scope: net not found
2026-10-07 12:36:00.044 WARN   Wiring.write_wire_scope: net not found
2026-10-07 12:36:00.044 WARN   Wiring.write_wire_scope: net not found
2026-10-07 12:36:00.044 WARN   Wiring.write_wire_scope: net not found
2026-10-07 12:36:00.044 WARN   Wiring.write_wire_scope: net not found
2026-10-07 12:36:00.044 WARN   Wiring.write_wire_scope: net not found
2026-10-07 12:36:00.044 WARN   Wiring.write_wire_scope: net not found
2026-10-07 12:36:00.044 WARN   Wiring.write_wire_scope: net not found
2026-10-07 12:36:00.044 WARN   Wiring.write_wire_scope: net not found
2026-10-07 12:36:00.044 WARN   Wiring.write_wire_scope: net not found
2026-10-07 12:36:00.044 WARN   Wiring.write_wire_scope: net not found
2026-10-07 12:36:00.044 WARN   Wiring.write_wire_scope: net not found
2026-10-07 12:36:00.044 WARN   Wiring.write_wire_scope: net not found
2026-10-07 12:36:00.044 WARN   Wiring.write_wire_scope: net not found
2026-10-07 12:36:00.045 WARN   Wiring.write_wire_scope: net not found
2026-10-07 12:36:00.045 WARN   Wiring.write_wire_scope: net not found
2026-10-07 12:36:00.045 WARN   Wiring.write_wire_scope: net not found
2026-10-07 12:36:00.045 WARN   Wiring.write_wire_scope: net not found
2026-10-07 12:36:00.045 WARN   Wiring.write_wire_scope: net not found
2026-10-07 12:36:00.045 WARN   Wiring.write_wire_scope: net not found
2026-10-07 12:36:00.045 WARN   Wiring.write_wire_scope: net not found
2026-10-07 12:36:00.045 WARN   Wiring.write_wire_scope: net not found
2026-10-07 12:36:00.045 WARN   Wiring.write_wire_scope: net not found
2026-10-07 12:36:00.045 WARN   Wiring.write_wire_scope: net not found
2026-10-07 12:36:00.045 WARN   Wiring.write_wire_scope: net not found
2026-10-07 12:36:00.045 WARN   Wiring.write_wire_scope: net not found
2026-10-07 12:36:00.045 WARN   Wiring.write_wire_scope: net not found
2026-10-07 12:36:00.045 WARN   Wiring.write_wire_scope: net not found
2026-10-07 12:36:00.045 WARN   Wiring.write_wire_scope: net not found
2026-10-07 12:36:00.045 WARN   Wiring.write_wire_scope: net not found
2026-10-07 12:36:00.045 WARN   Wiring.write_wire_scope: net not found
2026-10-07 12:36:00.045 WARN   Wiring.write_wire_scope: net not found
2026-10-07 12:36:00.045 WARN   Wiring.write_wire_scope: net not found
2026-10-07 12:36:00.045 WARN   Wiring.write_wire_scope: net not found
2026-10-07 12:36:00.045 WARN   Wiring.write_wire_scope: net not found
2026-10-07 12:36:00.045 WARN   Wiring.write_wire_scope: net not found
2026-10-07 12:36:00.045 WARN   Wiring.write_wire_scope: net not found
2026-10-07 12:36:00.045 WARN   Wiring.write_wire_scope: net not found
2026-10-07 12:36:00.045 WARN   Wiring.write_wire_scope: net not found
2026-10-07 12:36:00.045 WARN   Wiring.write_wire_scope: net not found
2026-10-07 12:36:00.045 WARN   Wiring.write_wire_scope: net not found
2026-10-07 12:36:00.045 WARN   Wiring.write_wire_scope: net not found
2026-10-07 12:36:00.045 WARN   Wiring.write_wire_scope: net not found
2026-10-07 12:36:00.045 WARN   Wiring.write_wire_scope: net not found
2026-10-07 12:36:00.045 WARN   Wiring.write_wire_scope: net not found
2026-10-07 12:36:00.045 WARN   Wiring.write_wire_scope: net not found
2026-10-07 12:36:00.045 WARN   Wiring.write_wire_scope: net not found
2026-10-07 12:36:00.045 WARN   Wiring.write_wire_scope: net not found
2026-10-07 12:36:00.045 WARN   Wiring.write_wire_scope: net not found
2026-10-07 12:36:00.045 WARN   Wiring.write_wire_scope: net not found
2026-10-07 12:36:00.045 WARN   Wiring.write_wire_scope: net not found
2026-10-07 12:36:00.045 WARN   Wiring.write_wire_scope: net not found
2026-10-07 12:36:00.045 WARN   Wiring.write_wire_scope: net not found
2026-10-07 12:36:00.045 WARN   Wiring.write_wire_scope: net not found
2026-10-07 12:36:00.045 WARN   Wiring.write_wire_scope: net not found
2026-10-07 12:36:00.045 WARN   Wiring.write_wire_scope: net not found
2026-10-07 12:36:00.045 WARN   Wiring.write_wire_scope: net not found
2026-10-07 12:36:00.045 WARN   Wiring.write_wire_scope: net not found
2026-10-07 12:36:00.045 WARN   Wiring.write_wire_scope: net not found
2026-10-07 12:36:00.045 WARN   Wiring.write_wire_scope: net not found
2026-10-07 12:36:00.045 WARN   Wiring.write_wire_scope: net not found
2026-10-07 12:36:00.045 WARN   Wiring.write_wire_scope: net not found
2026-10-07 12:36:00.045 WARN   Wiring.write_wire_scope: net not found
2026-10-07 12:36:00.045 WARN   Wiring.write_wire_scope: net not found
2026-10-07 12:36:00.045 WARN   Wiring.write_wire_scope: net not found
2026-10-07 12:36:00.045 WARN   Wiring.write_wire_scope: net not found
2026-10-07 12:36:00.045 WARN   Wiring.write_wire_scope: net not found
2026-10-07 12:36:00.045 WARN   Wiring.write_wire_scope: net not found
2026-10-07 12:36:00.045 WARN   Wiring.write_wire_scope: net not found
2026-10-07 12:36:00.045 WARN   Wiring.write_wire_scope: net not found
2026-10-07 12:36:00.045 WARN   Wiring.write_wire_scope: net not found
2026-10-07 12:36:00.045 WARN   Wiring.write_wire_scope: net not found
2026-10-07 12:36:00.045 WARN   Wiring.write_wire_scope: net not found
2026-10-07 12:36:00.045 WARN   Wiring.write_wire_scope: net not found
2026-10-07 12:36:00.045 WARN   Wiring.write_wire_scope: net not found
2026-10-07 12:36:00.045 WARN   Wiring.write_wire_scope: net not found
2026-10-07 12:36:00.045 WARN   Wiring.write_wire_scope: net not found
2026-10-07 12:36:00.045 WARN   Wiring.write_wire_scope: net not found
2026-10-07 12:36:00.045 WARN   Wiring.write_wire_scope: net not found
2026-10-07 12:36:00.045 WARN   Wiring.write_wire_scope: net not found
2026-10-07 12:36:00.045 WARN   Wiring.write_wire_scope: net not found
2026-10-07 12:36:00.045 WARN   Wiring.write_wire_scope: net not found
2026-10-07 12:36:00.045 WARN   Wiring.write_wire_scope: net not found
2026-10-07 12:36:00.045 WARN   Wiring.write_wire_scope: net not found
2026-10-07 12:36:00.045 WARN   Wiring.write_wire_scope: net not found
2026-10-07 12:36:00.045 WARN   Wiring.write_wire_scope: net not found
2026-10-07 12:36:00.045 WARN   Wiring.write_wire_scope: net not found
2026-10-07 12:36:00.045 WARN   Wiring.write_wire_scope: net not found
2026-10-07 12:36:00.045 WARN   Wiring.write_wire_scope: net not found
2026-10-07 12:36:00.045 WARN   Wiring.write_wire_scope: net not found
2026-10-07 12:36:00.045 WARN   Wiring.write_wire_scope: net not found
2026-10-07 12:36:00.045 WARN   Wiring.write_wire_scope: net not found
2026-10-07 12:36:00.045 WARN   Wiring.write_wire_scope: net not found
2026-10-07 12:36:00.045 WARN   Wiring.write_wire_scope: net not found
2026-10-07 12:36:00.045 WARN   Wiring.write_wire_scope: net not found
2026-10-07 12:36:00.045 WARN   Wiring.write_wire_scope: net not found
2026-10-07 12:36:00.045 WARN   Wiring.write_wire_scope: net not found
2026-10-07 12:36:00.045 WARN   Wiring.write_wire_scope: net not found
2026-10-07 12:36:00.045 WARN   Wiring.write_wire_scope: net not found
2026-10-07 12:36:00.045 WARN   Wiring.write_wire_scope: net not found
2026-10-07 12:36:00.045 WARN   Wiring.write_wire_scope: net not found
2026-10-07 12:36:00.045 WARN   Wiring.write_wire_scope: net not found
2026-10-07 12:36:00.045 WARN   Wiring.write_wire_scope: net not found
2026-10-07 12:36:00.045 WARN   Wiring.write_wire_scope: net not found
2026-10-07 12:36:00.045 WARN   Wiring.write_wire_scope: net not found
2026-10-07 12:36:00.045 WARN   Wiring.write_wire_scope: net not found
2026-10-07 12:36:00.045 WARN   Wiring.write_wire_scope: net not found
2026-10-07 12:36:00.045 WARN   Wiring.write_wire_scope: net not found
2026-10-07 12:36:00.045 WARN   Wiring.write_wire_scope: net not found
2026-10-07 12:36:00.045 WARN   Wiring.write_wire_scope: net not found
2026-10-07 12:36:00.045 WARN   Wiring.write_wire_scope: net not found
2026-10-07 12:36:00.045 WARN   Wiring.write_wire_scope: net not found
2026-10-07 12:36:00.045 WARN   Wiring.write_wire_scope: net not found
2026-10-07 12:36:00.045 WARN   Wiring.write_wire_scope: net not found
2026-10-07 12:36:00.045 WARN   Wiring.write_wire_scope: net not found
2026-10-07 12:36:00.045 WARN   Wiring.write_wire_scope: net not found
2026-10-07 12:36:00.045 WARN   Wiring.write_wire_scope: net not found
2026-10-07 12:36:00.045 WARN   Wiring.write_wire_scope: net not found
2026-10-07 12:36:00.045 WARN   Wiring.write_wire_scope: net not found
2026-10-07 12:36:00.045 WARN   Wiring.write_wire_scope: net not found
2026-10-07 12:36:00.045 WARN   Wiring.write_wire_scope: net not found
2026-10-07 12:36:00.045 WARN   Wiring.write_wire_scope: net not found
2026-10-07 12:36:00.045 WARN   Wiring.write_wire_scope: net not found
2026-10-07 12:36:00.045 WARN   Wiring.write_wire_scope: net not found
2026-10-07 12:36:00.045 WARN   Wiring.write_wire_scope: net not found
2026-10-07 12:36:00.045 WARN   Wiring.write_wire_scope: net not found
2026-10-07 12:36:00.045 WARN   Wiring.write_wire_scope: net not found
2026-10-07 12:36:00.045 WARN   Wiring.write_wire_scope: net not found
2026-10-07 12:36:00.045 WARN   Wiring.write_wire_scope: net not found
2026-10-07 12:36:00.045 WARN   Wiring.write_wire_scope: net not found
2026-10-07 12:36:00.045 WARN   Wiring.write_wire_scope: net not found
2026-10-07 12:36:00.045 WARN   Wiring.write_wire_scope: net not found
2026-10-07 12:36:00.045 WARN   Wiring.write_wire_scope: net not found
2026-10-07 12:36:00.045 WARN   Wiring.write_wire_scope: net not found
2026-10-07 12:36:00.045 WARN   Wiring.write_wire_scope: net not found
2026-10-07 12:36:00.045 WARN   Wiring.write_wire_scope: net not found
2026-10-07 12:36:00.045 WARN   Wiring.write_wire_scope: net not found
2026-10-07 12:36:00.045 WARN   Wiring.write_wire_scope: net not found
2026-10-07 12:36:00.045 WARN   Wiring.write_wire_scope: net not found
2026-10-07 12:36:00.045 WARN   Wiring.write_wire_scope: net not found
2026-10-07 12:36:00.045 WARN   Wiring.write_wire_scope: net not found
2026-10-07 12:36:00.045 WARN   Wiring.write_wire_scope: net not found
2026-10-07 12:36:00.045 WARN   Wiring.write_wire_scope: net not found
2026-10-07 12:36:00.045 WARN   Wiring.write_wire_scope: net not found
2026-10-07 12:36:00.045 WARN   Wiring.write_wire_scope: net not found
2026-10-07 12:36:00.045 WARN   Wiring.write_wire_scope: net not found
2026-10-07 12:36:00.045 WARN   Wiring.write_wire_scope: net not found
2026-10-07 12:36:00.045 WARN   Wiring.write_wire_scope: net not found
2026-10-07 12:36:00.045 WARN   Wiring.write_wire_scope: net not found
2026-10-07 12:36:00.045 WARN   Wiring.write_wire_scope: net not found
2026-10-07 12:36:00.045 WARN   Wiring.write_wire_scope: net not found
2026-10-07 12:36:00.045 WARN   Wiring.write_wire_scope: net not found
2026-10-07 12:36:00.045 WARN   Wiring.write_wire_scope: net not found
2026-10-07 12:36:00.045 WARN   Wiring.write_wire_scope: net not found
2026-10-07 12:36:00.045 WARN   Wiring.write_wire_scope: net not found
2026-10-07 12:36:00.045 WARN   Wiring.write_wire_scope: net not found
2026-10-07 12:36:00.045 WARN   Wiring.write_wire_scope: net not found
2026-10-07 12:36:00.045 WARN   Wiring.write_wire_scope: net not found
2026-10-07 12:36:00.045 WARN   Wiring.write_wire_scope: net not found
2026-10-07 12:36:00.045 WARN   Wiring.write_wire_scope: net not found
2026-10-07 12:36:00.045 WARN   Wiring.write_wire_scope: net not found
2026-10-07 12:36:00.045 WARN   Wiring.write_wire_scope: net not found
2026-10-07 12:36:00.045 WARN   Wiring.write_wire_scope: net not found
2026-10-07 12:36:00.045 WARN   Wiring.write_wire_scope: net not found
2026-10-07 12:36:00.045 WARN   Wiring.write_wire_scope: net not found
2026-10-07 12:36:00.045 WARN   Wiring.write_wire_scope: net not found
2026-10-07 12:36:00.045 WARN   Wiring.write_wire_scope: net not found
2026-10-07 12:36:00.045 WARN   Wiring.write_wire_scope: net not found
2026-10-07 12:36:00.045 WARN   Wiring.write_wire_scope: net not found
2026-10-07 12:36:00.045 WARN   Wiring.write_wire_scope: net not found
2026-10-07 12:36:00.045 WARN   Wiring.write_wire_scope: net not found
2026-10-07 12:36:00.045 WARN   Wiring.write_wire_scope: net not found
2026-10-07 12:36:00.045 WARN   Wiring.write_wire_scope: net not found
2026-10-07 12:36:00.045 WARN   Wiring.write_wire_scope: net not found
2026-10-07 12:36:00.045 WARN   Wiring.write_wire_scope: net not found
2026-10-07 12:36:00.045 WARN   Wiring.write_wire_scope: net not found
2026-10-07 12:36:00.045 WARN   Wiring.write_wire_scope: net not found
2026-10-07 12:36:00.045 WARN   Wiring.write_wire_scope: net not found
2026-10-07 12:36:00.045 WARN   Wiring.write_wire_scope: net not found
2026-10-07 12:36:00.045 WARN   Wiring.write_wire_scope: net not found
2026-10-07 12:36:00.045 WARN   Wiring.write_wire_scope: net not found
2026-10-07 12:36:00.045 WARN   Wiring.write_wire_scope: net not found
2026-10-07 12:36:00.045 WARN   Wiring.write_wire_scope: net not found
2026-10-07 12:36:00.045 WARN   Wiring.write_wire_scope: net not found
2026-10-07 12:36:00.045 WARN   Wiring.write_wire_scope: net not found
2026-10-07 12:36:00.045 WARN   Wiring.write_wire_scope: net not found
2026-10-07 12:36:00.045 WARN   Wiring.write_wire_scope: net not found
2026-10-07 12:36:00.045 WARN   Wiring.write_wire_scope: net not found
2026-10-07 12:36:00.045 WARN   Wiring.write_wire_scope: net not found
2026-10-07 12:36:00.046 WARN   Wiring.write_wire_scope: net not found
2026-10-07 12:36:00.046 WARN   Wiring.write_wire_scope: net not found
2026-10-07 12:36:00.046 WARN   Wiring.write_wire_scope: net not found
2026-10-07 12:36:00.046 WARN   Wiring.write_wire_scope: net not found
2026-10-07 12:36:00.046 WARN   Wiring.write_wire_scope: net not found
2026-10-07 12:36:00.046 WARN   Wiring.write_wire_scope: net not found
2026-10-07 12:36:00.046 WARN   Wiring.write_wire_scope: net not found
2026-10-07 12:36:00.046 WARN   Wiring.write_wire_scope: net not found
2026-10-07 12:36:00.046 WARN   Wiring.write_wire_scope: net not found
2026-10-07 12:36:00.046 WARN   Wiring.write_wire_scope: net not found
2026-10-07 12:36:00.046 WARN   Wiring.write_wire_scope: net not found
2026-10-07 12:36:00.046 WARN   Wiring.write_wire_scope: net not found
2026-10-07 12:36:00.046 WARN   Wiring.write_wire_scope: net not found
2026-10-07 12:36:00.046 WARN   Wiring.write_wire_scope: net not found
2026-10-07 12:36:00.046 WARN   Wiring.write_wire_scope: net not found
2026-10-07 12:36:00.046 WARN   Wiring.write_wire_scope: net not found
2026-10-07 12:36:00.046 WARN   Wiring.write_wire_scope: net not found
2026-10-07 12:36:00.046 WARN   Wiring.write_wire_scope: net not found
2026-10-07 12:36:00.046 WARN   Wiring.write_wire_scope: net not found
2026-10-07 12:36:00.046 WARN   Wiring.write_wire_scope: net not found
2026-10-07 12:36:00.046 WARN   Wiring.write_wire_scope: net not found
2026-10-07 12:36:00.046 WARN   Wiring.write_wire_scope: net not found
2026-10-07 12:36:00.046 WARN   Wiring.write_wire_scope: net not found
2026-10-07 12:36:00.046 WARN   Wiring.write_wire_scope: net not found
2026-10-07 12:36:00.046 WARN   Wiring.write_wire_scope: net not found
2026-10-07 12:36:00.046 WARN   Wiring.write_wire_scope: net not found
2026-10-07 12:36:00.046 WARN   Wiring.write_wire_scope: net not found
2026-10-07 12:36:00.046 WARN   Wiring.write_wire_scope: net not found
2026-10-07 12:36:00.046 WARN   Wiring.write_wire_scope: net not found
2026-10-07 12:36:00.046 WARN   Wiring.write_wire_scope: net not found
2026-10-07 12:36:00.046 WARN   Wiring.write_wire_scope: net not found
2026-10-07 12:36:00.046 WARN   Wiring.write_wire_scope: net not found
2026-10-07 12:36:00.046 WARN   Wiring.write_wire_scope: net not found
2026-10-07 12:36:00.046 WARN   Wiring.write_wire_scope: net not found
2026-10-07 12:36:00.046 WARN   Wiring.write_wire_scope: net not found
2026-10-07 12:36:00.046 WARN   Wiring.write_wire_scope: net not found
2026-10-07 12:36:00.046 WARN   Wiring.write_wire_scope: net not found
2026-10-07 12:36:00.046 WARN   Wiring.write_wire_scope: net not found
2026-10-07 12:36:00.046 WARN   Wiring.write_wire_scope: net not found
2026-10-07 12:36:00.046 WARN   Wiring.write_wire_scope: net not found
2026-10-07 12:36:00.164 WARN   Wiring.write_wire_scope: net not found
2026-10-07 12:36:00.164 WARN   Wiring.write_wire_scope: net not found
2026-10-07 12:36:00.164 WARN   Wiring.write_wire_scope: net not found
2026-10-07 12:36:00.164 WARN   Wiring.write_wire_scope: net not found
2026-10-07 12:36:00.164 WARN   Wiring.write_wire_scope: net not found
2026-10-07 12:36:00.164 WARN   Wiring.write_wire_scope: net not found
2026-10-07 12:36:00.164 WARN   Wiring.write_wire_scope: net not found
2026-10-07 12:36:00.164 WARN   Wiring.write_wire_scope: net not found
2026-10-07 12:36:00.164 WARN   Wiring.write_wire_scope: net not found
2026-10-07 12:36:00.164 WARN   Wiring.write_wire_scope: net not found
2026-10-07 12:36:00.164 WARN   Wiring.write_wire_scope: net not found
2026-10-07 12:36:00.164 WARN   Wiring.write_wire_scope: net not found
2026-10-07 12:36:00.164 WARN   Wiring.write_wire_scope: net not found
2026-10-07 12:36:00.164 WARN   Wiring.write_wire_scope: net not found
2026-10-07 12:36:00.164 WARN   Wiring.write_wire_scope: net not found
2026-10-07 12:36:00.164 WARN   Wiring.write_wire_scope: net not found
2026-10-07 12:36:00.164 WARN   Wiring.write_wire_scope: net not found
2026-10-07 12:36:00.164 WARN   Wiring.write_wire_scope: net not found
2026-10-07 12:36:00.164 WARN   Wiring.write_wire_scope: net not found
2026-10-07 12:36:00.164 WARN   Wiring.write_wire_scope: net not found
2026-10-07 12:36:00.164 WARN   Wiring.write_wire_scope: net not found
2026-10-07 12:36:00.164 WARN   Wiring.write_wire_scope: net not found
2026-10-07 12:36:00.164 WARN   Wiring.write_wire_scope: net not found
2026-10-07 12:36:00.164 WARN   Wiring.write_wire_scope: net not found
2026-10-07 12:36:00.164 WARN   Wiring.write_wire_scope: net not found
2026-10-07 12:36:00.164 WARN   Wiring.write_wire_scope: net not found
2026-10-07 12:36:00.164 WARN   Wiring.write_wire_scope: net not found
2026-10-07 12:36:00.164 WARN   Wiring.write_wire_scope: net not found
2026-10-07 12:36:00.164 WARN   Wiring.write_wire_scope: net not found
2026-10-07 12:36:00.164 WARN   Wiring.write_wire_scope: net not found
2026-10-07 12:36:00.164 WARN   Wiring.write_wire_scope: net not found
2026-10-07 12:36:00.164 WARN   Wiring.write_wire_scope: net not found
2026-10-07 12:36:00.164 WARN   Wiring.write_wire_scope: net not found
2026-10-07 12:36:00.164 WARN   Wiring.write_wire_scope: net not found
2026-10-07 12:36:00.164 WARN   Wiring.write_wire_scope: net not found
2026-10-07 12:36:00.164 WARN   Wiring.write_wire_scope: net not found
2026-10-07 12:36:00.164 WARN   Wiring.write_wire_scope: net not found
2026-10-07 12:36:00.164 WARN   Wiring.write_wire_scope: net not found
2026-10-07 12:36:00.164 WARN   Wiring.write_wire_scope: net not found
2026-10-07 12:36:00.164 WARN   Wiring.write_wire_scope: net not found
2026-10-07 12:36:00.164 WARN   Wiring.write_wire_scope: net not found
2026-10-07 12:36:00.164 WARN   Wiring.write_wire_scope: net not found
2026-10-07 12:36:00.164 WARN   Wiring.write_wire_scope: net not found
2026-10-07 12:36:00.164 WARN   Wiring.write_wire_scope: net not found
2026-10-07 12:36:00.164 WARN   Wiring.write_wire_scope: net not found
2026-10-07 12:36:00.164 WARN   Wiring.write_wire_scope: net not found
2026-10-07 12:36:00.164 WARN   Wiring.write_wire_scope: net not found
2026-10-07 12:36:00.164 WARN   Wiring.write_wire_scope: net not found
2026-10-07 12:36:00.164 WARN   Wiring.write_wire_scope: net not found
2026-10-07 12:36:00.164 WARN   Wiring.write_wire_scope: net not found
2026-10-07 12:36:00.164 WARN   Wiring.write_wire_scope: net not found
2026-10-07 12:36:00.164 WARN   Wiring.write_wire_scope: net not found
2026-10-07 12:36:00.164 WARN   Wiring.write_wire_scope: net not found
2026-10-07 12:36:00.164 WARN   Wiring.write_wire_scope: net not found
2026-10-07 12:36:00.164 WARN   Wiring.write_wire_scope: net not found
2026-10-07 12:36:00.164 WARN   Wiring.write_wire_scope: net not found
2026-10-07 12:36:00.164 WARN   Wiring.write_wire_scope: net not found
2026-10-07 12:36:00.164 WARN   Wiring.write_wire_scope: net not found
2026-10-07 12:36:00.164 WARN   Wiring.write_wire_scope: net not found
2026-10-07 12:36:00.164 WARN   Wiring.write_wire_scope: net not found
2026-10-07 12:36:00.164 WARN   Wiring.write_wire_scope: net not found
2026-10-07 12:36:00.164 WARN   Wiring.write_wire_scope: net not found
2026-10-07 12:36:00.164 WARN   Wiring.write_wire_scope: net not found
2026-10-07 12:36:00.164 WARN   Wiring.write_wire_scope: net not found
2026-10-07 12:36:00.164 WARN   Wiring.write_wire_scope: net not found
2026-10-07 12:36:00.164 WARN   Wiring.write_wire_scope: net not found
2026-10-07 12:36:00.164 WARN   Wiring.write_wire_scope: net not found
2026-10-07 12:36:00.164 WARN   Wiring.write_wire_scope: net not found
2026-10-07 12:36:00.164 WARN   Wiring.write_wire_scope: net not found
2026-10-07 12:36:00.164 WARN   Wiring.write_wire_scope: net not found
2026-10-07 12:36:00.164 WARN   Wiring.write_wire_scope: net not found
2026-10-07 12:36:00.164 WARN   Wiring.write_wire_scope: net not found
2026-10-07 12:36:00.164 WARN   Wiring.write_wire_scope: net not found
2026-10-07 12:36:00.164 WARN   Wiring.write_wire_scope: net not found
2026-10-07 12:36:00.164 WARN   Wiring.write_wire_scope: net not found
2026-10-07 12:36:00.164 WARN   Wiring.write_wire_scope: net not found
2026-10-07 12:36:00.164 WARN   Wiring.write_wire_scope: net not found
2026-10-07 12:36:00.164 WARN   Wiring.write_wire_scope: net not found
2026-10-07 12:36:00.164 WARN   Wiring.write_wire_scope: net not found
2026-10-07 12:36:00.164 WARN   Wiring.write_wire_scope: net not found
2026-10-07 12:36:00.164 WARN   Wiring.write_wire_scope: net not found
2026-10-07 12:36:00.164 WARN   Wiring.write_wire_scope: net not found
2026-10-07 12:36:00.164 WARN   Wiring.write_wire_scope: net not found
2026-10-07 12:36:00.164 WARN   Wiring.write_wire_scope: net not found
2026-10-07 12:36:00.164 WARN   Wiring.write_wire_scope: net not found
2026-10-07 12:36:00.164 WARN   Wiring.write_wire_scope: net not found
2026-10-07 12:36:00.164 WARN   Wiring.write_wire_scope: net not found
2026-10-07 12:36:00.164 WARN   Wiring.write_wire_scope: net not found
2026-10-07 12:36:00.164 WARN   Wiring.write_wire_scope: net not found
2026-10-07 12:36:00.165 WARN   Wiring.write_wire_scope: net not found
2026-10-07 12:36:00.165 WARN   Wiring.write_wire_scope: net not found
2026-10-07 12:36:00.165 WARN   Wiring.write_wire_scope: net not found
2026-10-07 12:36:00.165 WARN   Wiring.write_wire_scope: net not found
2026-10-07 12:36:00.165 WARN   Wiring.write_wire_scope: net not found
2026-10-07 12:36:00.165 WARN   Wiring.write_wire_scope: net not found
2026-10-07 12:36:00.165 WARN   Wiring.write_wire_scope: net not found
2026-10-07 12:36:00.165 WARN   Wiring.write_wire_scope: net not found
2026-10-07 12:36:00.165 WARN   Wiring.write_wire_scope: net not found
2026-10-07 12:36:00.165 WARN   Wiring.write_wire_scope: net not found
2026-10-07 12:36:00.165 WARN   Wiring.write_wire_scope: net not found
2026-10-07 12:36:00.165 WARN   Wiring.write_wire_scope: net not found
2026-10-07 12:36:00.165 WARN   Wiring.write_wire_scope: net not found
2026-10-07 12:36:00.165 WARN   Wiring.write_wire_scope: net not found
2026-10-07 12:36:00.165 WARN   Wiring.write_wire_scope: net not found
2026-10-07 12:36:00.165 WARN   Wiring.write_wire_scope: net not found
2026-10-07 12:36:00.165 WARN   Wiring.write_wire_scope: net not found
2026-10-07 12:36:00.165 WARN   Wiring.write_wire_scope: net not found
2026-10-07 12:36:00.165 WARN   Wiring.write_wire_scope: net not found
2026-10-07 12:36:00.165 WARN   Wiring.write_wire_scope: net not found
2026-10-07 12:36:00.165 WARN   Wiring.write_wire_scope: net not found
2026-10-07 12:36:00.165 WARN   Wiring.write_wire_scope: net not found
2026-10-07 12:36:00.165 WARN   Wiring.write_wire_scope: net not found
2026-10-07 12:36:00.165 WARN   Wiring.write_wire_scope: net not found
2026-10-07 12:36:00.165 WARN   Wiring.write_wire_scope: net not found
2026-10-07 12:36:00.165 WARN   Wiring.write_wire_scope: net not found
2026-10-07 12:36:00.165 WARN   Wiring.write_wire_scope: net not found
2026-10-07 12:36:00.165 WARN   Wiring.write_wire_scope: net not found
2026-10-07 12:36:00.165 WARN   Wiring.write_wire_scope: net not found
2026-10-07 12:36:00.165 WARN   Wiring.write_wire_scope: net not found
2026-10-07 12:36:00.165 WARN   Wiring.write_wire_scope: net not found
2026-10-07 12:36:00.165 WARN   Wiring.write_wire_scope: net not found
2026-10-07 12:36:00.165 WARN   Wiring.write_wire_scope: net not found
2026-10-07 12:36:00.165 WARN   Wiring.write_wire_scope: net not found
2026-10-07 12:36:00.165 WARN   Wiring.write_wire_scope: net not found
2026-10-07 12:36:00.165 WARN   Wiring.write_wire_scope: net not found
2026-10-07 12:36:00.165 WARN   Wiring.write_wire_scope: net not found
2026-10-07 12:36:00.165 WARN   Wiring.write_wire_scope: net not found
2026-10-07 12:36:00.165 WARN   Wiring.write_wire_scope: net not found
2026-10-07 12:36:00.165 WARN   Wiring.write_wire_scope: net not found
2026-10-07 12:36:00.165 WARN   Wiring.write_wire_scope: net not found
2026-10-07 12:36:00.165 WARN   Wiring.write_wire_scope: net not found
2026-10-07 12:36:00.165 WARN   Wiring.write_wire_scope: net not found
2026-10-07 12:36:00.165 WARN   Wiring.write_wire_scope: net not found
2026-10-07 12:36:00.165 WARN   Wiring.write_wire_scope: net not found
2026-10-07 12:36:00.165 WARN   Wiring.write_wire_scope: net not found
2026-10-07 12:36:00.165 WARN   Wiring.write_wire_scope: net not found
2026-10-07 12:36:00.165 WARN   Wiring.write_wire_scope: net not found
2026-10-07 12:36:00.165 WARN   Wiring.write_wire_scope: net not found
2026-10-07 12:36:00.165 WARN   Wiring.write_wire_scope: net not found
2026-10-07 12:36:00.165 WARN   Wiring.write_wire_scope: net not found
2026-10-07 12:36:00.165 WARN   Wiring.write_wire_scope: net not found
2026-10-07 12:36:00.165 WARN   Wiring.write_wire_scope: net not found
2026-10-07 12:36:00.165 WARN   Wiring.write_wire_scope: net not found
2026-10-07 12:36:00.165 WARN   Wiring.write_wire_scope: net not found
2026-10-07 12:36:00.165 WARN   Wiring.write_wire_scope: net not found
2026-10-07 12:36:00.165 WARN   Wiring.write_wire_scope: net not found
2026-10-07 12:36:00.165 WARN   Wiring.write_wire_scope: net not found
2026-10-07 12:36:00.165 WARN   Wiring.write_wire_scope: net not found
2026-10-07 12:36:00.165 WARN   Wiring.write_wire_scope: net not found
2026-10-07 12:36:00.165 WARN   Wiring.write_wire_scope: net not found
2026-10-07 12:36:00.165 WARN   Wiring.write_wire_scope: net not found
2026-10-07 12:36:00.165 WARN   Wiring.write_wire_scope: net not found
2026-10-07 12:36:00.165 WARN   Wiring.write_wire_scope: net not found
2026-10-07 12:36:00.165 WARN   Wiring.write_wire_scope: net not found
2026-10-07 12:36:00.165 WARN   Wiring.write_wire_scope: net not found
2026-10-07 12:36:00.165 WARN   Wiring.write_wire_scope: net not found
2026-10-07 12:36:00.165 WARN   Wiring.write_wire_scope: net not found
2026-10-07 12:36:00.165 WARN   Wiring.write_wire_scope: net not found
2026-10-07 12:36:00.165 WARN   Wiring.write_wire_scope: net not found
2026-10-07 12:36:00.165 WARN   Wiring.write_wire_scope: net not found
2026-10-07 12:36:00.165 WARN   Wiring.write_wire_scope: net not found
2026-10-07 12:36:00.165 WARN   Wiring.write_wire_scope: net not found
2026-10-07 12:36:00.165 WARN   Wiring.write_wire_scope: net not found
2026-10-07 12:36:00.165 WARN   Wiring.write_wire_scope: net not found
2026-10-07 12:36:00.165 WARN   Wiring.write_wire_scope: net not found
2026-10-07 12:36:00.165 WARN   Wiring.write_wire_scope: net not found
2026-10-07 12:36:00.165 WARN   Wiring.write_wire_scope: net not found
2026-10-07 12:36:00.165 WARN   Wiring.write_wire_scope: net not found
2026-10-07 12:36:00.165 WARN   Wiring.write_wire_scope: net not found
2026-10-07 12:36:00.165 WARN   Wiring.write_wire_scope: net not found
2026-10-07 12:36:00.165 WARN   Wiring.write_wire_scope: net not found
2026-10-07 12:36:00.165 WARN   Wiring.write_wire_scope: net not found
2026-10-07 12:36:00.165 WARN   Wiring.write_wire_scope: net not found
2026-10-07 12:36:00.165 WARN   Wiring.write_wire_scope: net not found
2026-10-07 12:36:00.165 WARN   Wiring.write_wire_scope: net not found
2026-10-07 12:36:00.165 WARN   Wiring.write_wire_scope: net not found
2026-10-07 12:36:00.165 WARN   Wiring.write_wire_scope: net not found
2026-10-07 12:36:00.165 WARN   Wiring.write_wire_scope: net not found
2026-10-07 12:36:00.165 WARN   Wiring.write_wire_scope: net not found
2026-10-07 12:36:00.165 WARN   Wiring.write_wire_scope: net not found
2026-10-07 12:36:00.165 WARN   Wiring.write_wire_scope: net not found
2026-10-07 12:36:00.165 WARN   Wiring.write_wire_scope: net not found
2026-10-07 12:36:00.165 WARN   Wiring.write_wire_scope: net not found
2026-10-07 12:36:00.165 WARN   Wiring.write_wire_scope: net not found
2026-10-07 12:36:00.165 WARN   Wiring.write_wire_scope: net not found
2026-10-07 12:36:00.165 WARN   Wiring.write_wire_scope: net not found
2026-10-07 12:36:00.165 WARN   Wiring.write_wire_scope: net not found
2026-10-07 12:36:00.165 WARN   Wiring.write_wire_scope: net not found
2026-10-07 12:36:00.165 WARN   Wiring.write_wire_scope: net not found
2026-10-07 12:36:00.165 WARN   Wiring.write_wire_scope: net not found
2026-10-07 12:36:00.165 WARN   Wiring.write_wire_scope: net not found
2026-10-07 12:36:00.165 WARN   Wiring.write_wire_scope: net not found
2026-10-07 12:36:00.165 WARN   Wiring.write_wire_scope: net not found
2026-10-07 12:36:00.165 WARN   Wiring.write_wire_scope: net not found
2026-10-07 12:36:00.165 WARN   Wiring.write_wire_scope: net not found
2026-10-07 12:36:00.165 WARN   Wiring.write_wire_scope: net not found
2026-10-07 12:36:00.165 WARN   Wiring.write_wire_scope: net not found
2026-10-07 12:36:00.165 WARN   Wiring.write_wire_scope: net not found
2026-10-07 12:36:00.165 WARN   Wiring.write_wire_scope: net not found
2026-10-07 12:36:00.165 WARN   Wiring.write_wire_scope: net not found
2026-10-07 12:36:00.165 WARN   Wiring.write_wire_scope: net not found
2026-10-07 12:36:00.165 WARN   Wiring.write_wire_scope: net not found
2026-10-07 12:36:00.165 WARN   Wiring.write_wire_scope: net not found
2026-10-07 12:36:00.165 WARN   Wiring.write_wire_scope: net not found
2026-10-07 12:36:00.165 WARN   Wiring.write_wire_scope: net not found
2026-10-07 12:36:00.165 WARN   Wiring.write_wire_scope: net not found
2026-10-07 12:36:00.165 WARN   Wiring.write_wire_scope: net not found
2026-10-07 12:36:00.165 WARN   Wiring.write_wire_scope: net not found
2026-10-07 12:36:00.165 WARN   Wiring.write_wire_scope: net not found
2026-10-07 12:36:00.165 WARN   Wiring.write_wire_scope: net not found
2026-10-07 12:36:00.165 WARN   Wiring.write_wire_scope: net not found
2026-10-07 12:36:00.165 WARN   Wiring.write_wire_scope: net not found
2026-10-07 12:36:00.165 WARN   Wiring.write_wire_scope: net not found
2026-10-07 12:36:00.165 WARN   Wiring.write_wire_scope: net not found
2026-10-07 12:36:00.165 WARN   Wiring.write_wire_scope: net not found
2026-10-07 12:36:00.165 WARN   Wiring.write_wire_scope: net not found
2026-10-07 12:36:00.165 WARN   Wiring.write_wire_scope: net not found
2026-10-07 12:36:00.165 WARN   Wiring.write_wire_scope: net not found
2026-10-07 12:36:00.165 WARN   Wiring.write_wire_scope: net not found
2026-10-07 12:36:00.165 WARN   Wiring.write_wire_scope: net not found
2026-10-07 12:36:00.165 WARN   Wiring.write_wire_scope: net not found
2026-10-07 12:36:00.165 WARN   Wiring.write_wire_scope: net not found
2026-10-07 12:36:00.165 WARN   Wiring.write_wire_scope: net not found
2026-10-07 12:36:00.165 WARN   Wiring.write_wire_scope: net not found
2026-10-07 12:36:00.165 WARN   Wiring.write_wire_scope: net not found
2026-10-07 12:36:00.165 WARN   Wiring.write_wire_scope: net not found
2026-10-07 12:36:00.165 WARN   Wiring.write_wire_scope: net not found
2026-10-07 12:36:00.165 WARN   Wiring.write_wire_scope: net not found
2026-10-07 12:36:00.165 WARN   Wiring.write_wire_scope: net not found
2026-10-07 12:36:00.165 WARN   Wiring.write_wire_scope: net not found
2026-10-07 12:36:00.165 WARN   Wiring.write_wire_scope: net not found
2026-10-07 12:36:00.165 WARN   Wiring.write_wire_scope: net not found
2026-10-07 12:36:00.165 WARN   Wiring.write_wire_scope: net not found
2026-10-07 12:36:00.165 WARN   Wiring.write_wire_scope: net not found
2026-10-07 12:36:00.165 WARN   Wiring.write_wire_scope: net not found
2026-10-07 12:36:00.165 WARN   Wiring.write_wire_scope: net not found
2026-10-07 12:36:00.165 WARN   Wiring.write_wire_scope: net not found
2026-10-07 12:36:00.165 WARN   Wiring.write_wire_scope: net not found
2026-10-07 12:36:00.165 WARN   Wiring.write_wire_scope: net not found
2026-10-07 12:36:00.165 WARN   Wiring.write_wire_scope: net not found
2026-10-07 12:36:00.165 WARN   Wiring.write_wire_scope: net not found
2026-10-07 12:36:00.165 WARN   Wiring.write_wire_scope: net not found
2026-10-07 12:36:00.165 WARN   Wiring.write_wire_scope: net not found
2026-10-07 12:36:00.165 WARN   Wiring.write_wire_scope: net not found
2026-10-07 12:36:00.165 WARN   Wiring.write_wire_scope: net not found
2026-10-07 12:36:00.165 WARN   Wiring.write_wire_scope: net not found
2026-10-07 12:36:00.165 WARN   Wiring.write_wire_scope: net not found
2026-10-07 12:36:00.165 WARN   Wiring.write_wire_scope: net not found
2026-10-07 12:36:00.165 WARN   Wiring.write_wire_scope: net not found
2026-10-07 12:36:00.165 WARN   Wiring.write_wire_scope: net not found
2026-10-07 12:36:00.165 WARN   Wiring.write_wire_scope: net not found
2026-10-07 12:36:00.165 WARN   Wiring.write_wire_scope: net not found
2026-10-07 12:36:00.165 WARN   Wiring.write_wire_scope: net not found
2026-10-07 12:36:00.165 WARN   Wiring.write_wire_scope: net not found
2026-10-07 12:36:00.165 WARN   Wiring.write_wire_scope: net not found
2026-10-07 12:36:00.165 WARN   Wiring.write_wire_scope: net not found
2026-10-07 12:36:00.165 WARN   Wiring.write_wire_scope: net not found
2026-10-07 12:36:00.165 WARN   Wiring.write_wire_scope: net not found
2026-10-07 12:36:00.165 WARN   Wiring.write_wire_scope: net not found
2026-10-07 12:36:00.165 WARN   Wiring.write_wire_scope: net not found
2026-10-07 12:36:00.165 WARN   Wiring.write_wire_scope: net not found
2026-10-07 12:36:00.165 WARN   Wiring.write_wire_scope: net not found
2026-10-07 12:36:00.165 WARN   Wiring.write_wire_scope: net not found
2026-10-07 12:36:00.165 WARN   Wiring.write_wire_scope: net not found
2026-10-07 12:36:00.165 WARN   Wiring.write_wire_scope: net not found
2026-10-07 12:36:00.165 WARN   Wiring.write_wire_scope: net not found
2026-10-07 12:36:00.165 WARN   Wiring.write_wire_scope: net not found
2026-10-07 12:36:00.165 WARN   Wiring.write_wire_scope: net not found
2026-10-07 12:36:00.165 WARN   Wiring.write_wire_scope: net not found
2026-10-07 12:36:00.165 WARN   Wiring.write_wire_scope: net not found
2026-10-07 12:36:00.165 WARN   Wiring.write_wire_scope: net not found
2026-10-07 12:36:00.165 WARN   Wiring.write_wire_scope: net not found
2026-10-07 12:36:00.165 WARN   Wiring.write_wire_scope: net not found
2026-10-07 12:36:00.165 WARN   Wiring.write_wire_scope: net not found
2026-10-07 12:36:00.165 WARN   Wiring.write_wire_scope: net not found
2026-10-07 12:36:00.165 WARN   Wiring.write_wire_scope: net not found
2026-10-07 12:36:00.165 WARN   Wiring.write_wire_scope: net not found
2026-10-07 12:36:00.165 WARN   Wiring.write_wire_scope: net not found
2026-10-07 12:36:00.165 WARN   Wiring.write_wire_scope: net not found
2026-10-07 12:36:00.165 WARN   Wiring.write_wire_scope: net not found
2026-10-07 12:36:00.165 WARN   Wiring.write_wire_scope: net not found
2026-10-07 12:36:00.165 WARN   Wiring.write_wire_scope: net not found
2026-10-07 12:36:00.165 WARN   Wiring.write_wire_scope: net not found
2026-10-07 12:36:00.165 WARN   Wiring.write_wire_scope: net not found
2026-10-07 12:36:00.165 WARN   Wiring.write_wire_scope: net not found
2026-10-07 12:36:00.165 WARN   Wiring.write_wire_scope: net not found
2026-10-07 12:36:00.165 WARN   Wiring.write_wire_scope: net not found
2026-10-07 12:36:00.165 WARN   Wiring.write_wire_scope: net not found
2026-10-07 12:36:00.165 WARN   Wiring.write_wire_scope: net not found
2026-10-07 12:36:00.165 WARN   Wiring.write_wire_scope: net not found
2026-10-07 12:36:00.165 WARN   Wiring.write_wire_scope: net not found
2026-10-07 12:36:00.165 WARN   Wiring.write_wire_scope: net not found
2026-10-07 12:36:00.165 WARN   Wiring.write_wire_scope: net not found
2026-10-07 12:36:00.165 WARN   Wiring.write_wire_scope: net not found
2026-10-07 12:36:00.165 WARN   Wiring.write_wire_scope: net not found
2026-10-07 12:36:00.165 WARN   Wiring.write_wire_scope: net not found
2026-10-07 12:36:00.165 WARN   Wiring.write_wire_scope: net not found
2026-10-07 12:36:00.165 WARN   Wiring.write_wire_scope: net not found
2026-10-07 12:36:00.165 WARN   Wiring.write_wire_scope: net not found
2026-10-07 12:36:00.165 WARN   Wiring.write_wire_scope: net not found
2026-10-07 12:36:00.166 WARN   Wiring.write_wire_scope: net not found
2026-10-07 12:36:00.166 WARN   Wiring.write_wire_scope: net not found
2026-10-07 12:36:00.166 WARN   Wiring.write_wire_scope: net not found
2026-10-07 12:36:00.166 WARN   Wiring.write_wire_scope: net not found
2026-10-07 12:36:00.166 WARN   Wiring.write_wire_scope: net not found
2026-10-07 12:36:00.166 WARN   Wiring.write_wire_scope: net not found
2026-10-07 12:36:00.166 WARN   Wiring.write_wire_scope: net not found
2026-10-07 12:36:00.166 WARN   Wiring.write_wire_scope: net not found
2026-10-07 12:36:00.166 WARN   Wiring.write_wire_scope: net not found
2026-10-07 12:36:00.166 WARN   Wiring.write_wire_scope: net not found
2026-10-07 12:36:00.166 WARN   Wiring.write_wire_scope: net not found
2026-10-07 12:36:00.166 WARN   Wiring.write_wire_scope: net not found
2026-10-07 12:36:00.166 WARN   Wiring.write_wire_scope: net not found
2026-10-07 12:36:00.166 WARN   Wiring.write_wire_scope: net not found
2026-10-07 12:36:00.166 WARN   Wiring.write_wire_scope: net not found
2026-10-07 12:36:00.166 WARN   Wiring.write_wire_scope: net not found
2026-10-07 12:36:00.166 WARN   Wiring.write_wire_scope: net not found
2026-10-07 12:36:00.166 WARN   Wiring.write_wire_scope: net not found
2026-10-07 12:36:00.166 WARN   Wiring.write_wire_scope: net not found
2026-10-07 12:36:00.166 WARN   Wiring.write_wire_scope: net not found
2026-10-07 12:36:00.166 WARN   Wiring.write_wire_scope: net not found
2026-10-07 12:36:00.166 WARN   Wiring.write_wire_scope: net not found
2026-10-07 12:36:00.166 WARN   Wiring.write_wire_scope: net not found
2026-10-07 12:36:00.166 WARN   Wiring.write_wire_scope: net not found
2026-10-07 12:36:00.166 WARN   Wiring.write_wire_scope: net not found
2026-10-07 12:36:00.166 WARN   Wiring.write_wire_scope: net not found
2026-10-07 12:36:00.166 WARN   Wiring.write_wire_scope: net not found
2026-10-07 12:36:00.166 WARN   Wiring.write_wire_scope: net not found
2026-10-07 12:36:00.166 WARN   Wiring.write_wire_scope: net not found
2026-10-07 12:36:00.166 WARN   Wiring.write_wire_scope: net not found
2026-10-07 12:36:00.166 WARN   Wiring.write_wire_scope: net not found
2026-10-07 12:36:00.166 WARN   Wiring.write_wire_scope: net not found
2026-10-07 12:36:00.166 WARN   Wiring.write_wire_scope: net not found
2026-10-07 12:36:00.166 WARN   Wiring.write_wire_scope: net not found
2026-10-07 12:36:00.166 WARN   Wiring.write_wire_scope: net not found
2026-10-07 12:36:00.166 WARN   Wiring.write_wire_scope: net not found
2026-10-07 12:36:00.166 WARN   Wiring.write_wire_scope: net not found
2026-10-07 12:36:00.166 WARN   Wiring.write_wire_scope: net not found
2026-10-07 12:36:00.166 WARN   Wiring.write_wire_scope: net not found
2026-10-07 12:36:00.166 WARN   Wiring.write_wire_scope: net not found
2026-10-07 12:36:00.442 WARN   Wiring.write_wire_scope: net not found
2026-10-07 12:36:00.442 WARN   Wiring.write_wire_scope: net not found
2026-10-07 12:36:00.442 WARN   Wiring.write_wire_scope: net not found
2026-10-07 12:36:00.442 WARN   Wiring.write_wire_scope: net not found
2026-10-07 12:36:00.442 WARN   Wiring.write_wire_scope: net not found
2026-10-07 12:36:00.442 WARN   Wiring.write_wire_scope: net not found
2026-10-07 12:36:00.442 WARN   Wiring.write_wire_scope: net not found
2026-10-07 12:36:00.442 WARN   Wiring.write_wire_scope: net not found
2026-10-07 12:36:00.442 WARN   Wiring.write_wire_scope: net not found
2026-10-07 12:36:00.442 WARN   Wiring.write_wire_scope: net not found
2026-10-07 12:36:00.442 WARN   Wiring.write_wire_scope: net not found
2026-10-07 12:36:00.442 WARN   Wiring.write_wire_scope: net not found
2026-10-07 12:36:00.442 WARN   Wiring.write_wire_scope: net not found
2026-10-07 12:36:00.442 WARN   Wiring.write_wire_scope: net not found
2026-10-07 12:36:00.442 WARN   Wiring.write_wire_scope: net not found
2026-10-07 12:36:00.442 WARN   Wiring.write_wire_scope: net not found
2026-10-07 12:36:00.442 WARN   Wiring.write_wire_scope: net not found
2026-10-07 12:36:00.442 WARN   Wiring.write_wire_scope: net not found
2026-10-07 12:36:00.442 WARN   Wiring.write_wire_scope: net not found
2026-10-07 12:36:00.442 WARN   Wiring.write_wire_scope: net not found
2026-10-07 12:36:00.442 WARN   Wiring.write_wire_scope: net not found
2026-10-07 12:36:00.442 WARN   Wiring.write_wire_scope: net not found
2026-10-07 12:36:00.442 WARN   Wiring.write_wire_scope: net not found
2026-10-07 12:36:00.442 WARN   Wiring.write_wire_scope: net not found
2026-10-07 12:36:00.442 WARN   Wiring.write_wire_scope: net not found
2026-10-07 12:36:00.442 WARN   Wiring.write_wire_scope: net not found
2026-10-07 12:36:00.442 WARN   Wiring.write_wire_scope: net not found
2026-10-07 12:36:00.442 WARN   Wiring.write_wire_scope: net not found
2026-10-07 12:36:00.442 WARN   Wiring.write_wire_scope: net not found
2026-10-07 12:36:00.442 WARN   Wiring.write_wire_scope: net not found
2026-10-07 12:36:00.442 WARN   Wiring.write_wire_scope: net not found
2026-10-07 12:36:00.442 WARN   Wiring.write_wire_scope: net not found
2026-10-07 12:36:00.442 WARN   Wiring.write_wire_scope: net not found
2026-10-07 12:36:00.442 WARN   Wiring.write_wire_scope: net not found
2026-10-07 12:36:00.442 WARN   Wiring.write_wire_scope: net not found
2026-10-07 12:36:00.442 WARN   Wiring.write_wire_scope: net not found
2026-10-07 12:36:00.442 WARN   Wiring.write_wire_scope: net not found
2026-10-07 12:36:00.442 WARN   Wiring.write_wire_scope: net not found
2026-10-07 12:36:00.442 WARN   Wiring.write_wire_scope: net not found
2026-10-07 12:36:00.442 WARN   Wiring.write_wire_scope: net not found
2026-10-07 12:36:00.442 WARN   Wiring.write_wire_scope: net not found
2026-10-07 12:36:00.442 WARN   Wiring.write_wire_scope: net not found
2026-10-07 12:36:00.442 WARN   Wiring.write_wire_scope: net not found
2026-10-07 12:36:00.442 WARN   Wiring.write_wire_scope: net not found
2026-10-07 12:36:00.442 WARN   Wiring.write_wire_scope: net not found
2026-10-07 12:36:00.442 WARN   Wiring.write_wire_scope: net not found
2026-10-07 12:36:00.442 WARN   Wiring.write_wire_scope: net not found
2026-10-07 12:36:00.442 WARN   Wiring.write_wire_scope: net not found
2026-10-07 12:36:00.442 WARN   Wiring.write_wire_scope: net not found
2026-10-07 12:36:00.442 WARN   Wiring.write_wire_scope: net not found
2026-10-07 12:36:00.442 WARN   Wiring.write_wire_scope: net not found
2026-10-07 12:36:00.442 WARN   Wiring.write_wire_scope: net not found
2026-10-07 12:36:00.442 WARN   Wiring.write_wire_scope: net not found
2026-10-07 12:36:00.442 WARN   Wiring.write_wire_scope: net not found
2026-10-07 12:36:00.442 WARN   Wiring.write_wire_scope: net not found
2026-10-07 12:36:00.442 WARN   Wiring.write_wire_scope: net not found
2026-10-07 12:36:00.442 WARN   Wiring.write_wire_scope: net not found
2026-10-07 12:36:00.442 WARN   Wiring.write_wire_scope: net not found
2026-10-07 12:36:00.442 WARN   Wiring.write_wire_scope: net not found
2026-10-07 12:36:00.442 WARN   Wiring.write_wire_scope: net not found
2026-10-07 12:36:00.442 WARN   Wiring.write_wire_scope: net not found
2026-10-07 12:36:00.442 WARN   Wiring.write_wire_scope: net not found
2026-10-07 12:36:00.442 WARN   Wiring.write_wire_scope: net not found
2026-10-07 12:36:00.442 WARN   Wiring.write_wire_scope: net not found
2026-10-07 12:36:00.442 WARN   Wiring.write_wire_scope: net not found
2026-10-07 12:36:00.442 WARN   Wiring.write_wire_scope: net not found
2026-10-07 12:36:00.442 WARN   Wiring.write_wire_scope: net not found
2026-10-07 12:36:00.442 WARN   Wiring.write_wire_scope: net not found
2026-10-07 12:36:00.442 WARN   Wiring.write_wire_scope: net not found
2026-10-07 12:36:00.442 WARN   Wiring.write_wire_scope: net not found
2026-10-07 12:36:00.442 WARN   Wiring.write_wire_scope: net not found
2026-10-07 12:36:00.442 WARN   Wiring.write_wire_scope: net not found
2026-10-07 12:36:00.442 WARN   Wiring.write_wire_scope: net not found
2026-10-07 12:36:00.442 WARN   Wiring.write_wire_scope: net not found
2026-10-07 12:36:00.442 WARN   Wiring.write_wire_scope: net not found
2026-10-07 12:36:00.442 WARN   Wiring.write_wire_scope: net not found
2026-10-07 12:36:00.442 WARN   Wiring.write_wire_scope: net not found
2026-10-07 12:36:00.442 WARN   Wiring.write_wire_scope: net not found
2026-10-07 12:36:00.442 WARN   Wiring.write_wire_scope: net not found
2026-10-07 12:36:00.442 WARN   Wiring.write_wire_scope: net not found
2026-10-07 12:36:00.442 WARN   Wiring.write_wire_scope: net not found
2026-10-07 12:36:00.442 WARN   Wiring.write_wire_scope: net not found
2026-10-07 12:36:00.442 WARN   Wiring.write_wire_scope: net not found
2026-10-07 12:36:00.442 WARN   Wiring.write_wire_scope: net not found
2026-10-07 12:36:00.442 WARN   Wiring.write_wire_scope: net not found
2026-10-07 12:36:00.442 WARN   Wiring.write_wire_scope: net not found
2026-10-07 12:36:00.442 WARN   Wiring.write_wire_scope: net not found
2026-10-07 12:36:00.442 WARN   Wiring.write_wire_scope: net not found
2026-10-07 12:36:00.442 WARN   Wiring.write_wire_scope: net not found
2026-10-07 12:36:00.442 WARN   Wiring.write_wire_scope: net not found
2026-10-07 12:36:00.442 WARN   Wiring.write_wire_scope: net not found
2026-10-07 12:36:00.442 WARN   Wiring.write_wire_scope: net not found
2026-10-07 12:36:00.442 WARN   Wiring.write_wire_scope: net not found
2026-10-07 12:36:00.442 WARN   Wiring.write_wire_scope: net not found
2026-10-07 12:36:00.442 WARN   Wiring.write_wire_scope: net not found
2026-10-07 12:36:00.442 WARN   Wiring.write_wire_scope: net not found
2026-10-07 12:36:00.442 WARN   Wiring.write_wire_scope: net not found
2026-10-07 12:36:00.442 WARN   Wiring.write_wire_scope: net not found
2026-10-07 12:36:00.442 WARN   Wiring.write_wire_scope: net not found
2026-10-07 12:36:00.442 WARN   Wiring.write_wire_scope: net not found
2026-10-07 12:36:00.442 WARN   Wiring.write_wire_scope: net not found
2026-10-07 12:36:00.442 WARN   Wiring.write_wire_scope: net not found
2026-10-07 12:36:00.442 WARN   Wiring.write_wire_scope: net not found
2026-10-07 12:36:00.442 WARN   Wiring.write_wire_scope: net not found
2026-10-07 12:36:00.442 WARN   Wiring.write_wire_scope: net not found
2026-10-07 12:36:00.442 WARN   Wiring.write_wire_scope: net not found
2026-10-07 12:36:00.442 WARN   Wiring.write_wire_scope: net not found
2026-10-07 12:36:00.442 WARN   Wiring.write_wire_scope: net not found
2026-10-07 12:36:00.442 WARN   Wiring.write_wire_scope: net not found
2026-10-07 12:36:00.442 WARN   Wiring.write_wire_scope: net not found
2026-10-07 12:36:00.442 WARN   Wiring.write_wire_scope: net not found
2026-10-07 12:36:00.442 WARN   Wiring.write_wire_scope: net not found
2026-10-07 12:36:00.442 WARN   Wiring.write_wire_scope: net not found
2026-10-07 12:36:00.442 WARN   Wiring.write_wire_scope: net not found
2026-10-07 12:36:00.442 WARN   Wiring.write_wire_scope: net not found
2026-10-07 12:36:00.442 WARN   Wiring.write_wire_scope: net not found
2026-10-07 12:36:00.442 WARN   Wiring.write_wire_scope: net not found
2026-10-07 12:36:00.442 WARN   Wiring.write_wire_scope: net not found
2026-10-07 12:36:00.442 WARN   Wiring.write_wire_scope: net not found
2026-10-07 12:36:00.442 WARN   Wiring.write_wire_scope: net not found
2026-10-07 12:36:00.442 WARN   Wiring.write_wire_scope: net not found
2026-10-07 12:36:00.442 WARN   Wiring.write_wire_scope: net not found
2026-10-07 12:36:00.442 WARN   Wiring.write_wire_scope: net not found
2026-10-07 12:36:00.442 WARN   Wiring.write_wire_scope: net not found
2026-10-07 12:36:00.442 WARN   Wiring.write_wire_scope: net not found
2026-10-07 12:36:00.442 WARN   Wiring.write_wire_scope: net not found
2026-10-07 12:36:00.442 WARN   Wiring.write_wire_scope: net not found
2026-10-07 12:36:00.442 WARN   Wiring.write_wire_scope: net not found
2026-10-07 12:36:00.442 WARN   Wiring.write_wire_scope: net not found
2026-10-07 12:36:00.442 WARN   Wiring.write_wire_scope: net not found
2026-10-07 12:36:00.442 WARN   Wiring.write_wire_scope: net not found
2026-10-07 12:36:00.442 WARN   Wiring.write_wire_scope: net not found
2026-10-07 12:36:00.442 WARN   Wiring.write_wire_scope: net not found
2026-10-07 12:36:00.442 WARN   Wiring.write_wire_scope: net not found
2026-10-07 12:36:00.442 WARN   Wiring.write_wire_scope: net not found
2026-10-07 12:36:00.442 WARN   Wiring.write_wire_scope: net not found
2026-10-07 12:36:00.442 WARN   Wiring.write_wire_scope: net not found
2026-10-07 12:36:00.442 WARN   Wiring.write_wire_scope: net not found
2026-10-07 12:36:00.442 WARN   Wiring.write_wire_scope: net not found
2026-10-07 12:36:00.442 WARN   Wiring.write_wire_scope: net not found
2026-10-07 12:36:00.442 WARN   Wiring.write_wire_scope: net not found
2026-10-07 12:36:00.442 WARN   Wiring.write_wire_scope: net not found
2026-10-07 12:36:00.442 WARN   Wiring.write_wire_scope: net not found
2026-10-07 12:36:00.442 WARN   Wiring.write_wire_scope: net not found
2026-10-07 12:36:00.442 WARN   Wiring.write_wire_scope: net not found
2026-10-07 12:36:00.442 WARN   Wiring.write_wire_scope: net not found
2026-10-07 12:36:00.442 WARN   Wiring.write_wire_scope: net not found
2026-10-07 12:36:00.443 WARN   Wiring.write_wire_scope: net not found
2026-10-07 12:36:00.443 WARN   Wiring.write_wire_scope: net not found
2026-10-07 12:36:00.443 WARN   Wiring.write_wire_scope: net not found
2026-10-07 12:36:00.443 WARN   Wiring.write_wire_scope: net not found
2026-10-07 12:36:00.443 WARN   Wiring.write_wire_scope: net not found
2026-10-07 12:36:00.443 WARN   Wiring.write_wire_scope: net not found
2026-10-07 12:36:00.443 WARN   Wiring.write_wire_scope: net not found
2026-10-07 12:36:00.443 WARN   Wiring.write_wire_scope: net not found
2026-10-07 12:36:00.443 WARN   Wiring.write_wire_scope: net not found
2026-10-07 12:36:00.443 WARN   Wiring.write_wire_scope: net not found
2026-10-07 12:36:00.443 WARN   Wiring.write_wire_scope: net not found
2026-10-07 12:36:00.443 WARN   Wiring.write_wire_scope: net not found
2026-10-07 12:36:00.443 WARN   Wiring.write_wire_scope: net not found
2026-10-07 12:36:00.443 WARN   Wiring.write_wire_scope: net not found
2026-10-07 12:36:00.443 WARN   Wiring.write_wire_scope: net not found
2026-10-07 12:36:00.443 WARN   Wiring.write_wire_scope: net not found
2026-10-07 12:36:00.443 WARN   Wiring.write_wire_scope: net not found
2026-10-07 12:36:00.443 WARN   Wiring.write_wire_scope: net not found
2026-10-07 12:36:00.443 WARN   Wiring.write_wire_scope: net not found
2026-10-07 12:36:00.443 WARN   Wiring.write_wire_scope: net not found
2026-10-07 12:36:00.443 WARN   Wiring.write_wire_scope: net not found
2026-10-07 12:36:00.443 WARN   Wiring.write_wire_scope: net not found
2026-10-07 12:36:00.443 WARN   Wiring.write_wire_scope: net not found
2026-10-07 12:36:00.443 WARN   Wiring.write_wire_scope: net not found
2026-10-07 12:36:00.443 WARN   Wiring.write_wire_scope: net not found
2026-10-07 12:36:00.443 WARN   Wiring.write_wire_scope: net not found
2026-10-07 12:36:00.443 WARN   Wiring.write_wire_scope: net not found
2026-10-07 12:36:00.443 WARN   Wiring.write_wire_scope: net not found
2026-10-07 12:36:00.443 WARN   Wiring.write_wire_scope: net not found
2026-10-07 12:36:00.443 WARN   Wiring.write_wire_scope: net not found
2026-10-07 12:36:00.443 WARN   Wiring.write_wire_scope: net not found
2026-10-07 12:36:00.443 WARN   Wiring.write_wire_scope: net not found
2026-10-07 12:36:00.443 WARN   Wiring.write_wire_scope: net not found
2026-10-07 12:36:00.443 WARN   Wiring.write_wire_scope: net not found
2026-10-07 12:36:00.443 WARN   Wiring.write_wire_scope: net not found
2026-10-07 12:36:00.443 WARN   Wiring.write_wire_scope: net not found
2026-10-07 12:36:00.443 WARN   Wiring.write_wire_scope: net not found
2026-10-07 12:36:00.443 WARN   Wiring.write_wire_scope: net not found
2026-10-07 12:36:00.443 WARN   Wiring.write_wire_scope: net not found
2026-10-07 12:36:00.443 WARN   Wiring.write_wire_scope: net not found
2026-10-07 12:36:00.443 WARN   Wiring.write_wire_scope: net not found
2026-10-07 12:36:00.443 WARN   Wiring.write_wire_scope: net not found
2026-10-07 12:36:00.443 WARN   Wiring.write_wire_scope: net not found
2026-10-07 12:36:00.443 WARN   Wiring.write_wire_scope: net not found
2026-10-07 12:36:00.443 WARN   Wiring.write_wire_scope: net not found
2026-10-07 12:36:00.443 WARN   Wiring.write_wire_scope: net not found
2026-10-07 12:36:00.443 WARN   Wiring.write_wire_scope: net not found
2026-10-07 12:36:00.443 WARN   Wiring.write_wire_scope: net not found
2026-10-07 12:36:00.443 WARN   Wiring.write_wire_scope: net not found
2026-10-07 12:36:00.443 WARN   Wiring.write_wire_scope: net not found
2026-10-07 12:36:00.443 WARN   Wiring.write_wire_scope: net not found
2026-10-07 12:36:00.443 WARN   Wiring.write_wire_scope: net not found
2026-10-07 12:36:00.443 WARN   Wiring.write_wire_scope: net not found
2026-10-07 12:36:00.443 WARN   Wiring.write_wire_scope: net not found
2026-10-07 12:36:00.443 WARN   Wiring.write_wire_scope: net not found
2026-10-07 12:36:00.443 WARN   Wiring.write_wire_scope: net not found
2026-10-07 12:36:00.443 WARN   Wiring.write_wire_scope: net not found
2026-10-07 12:36:00.443 WARN   Wiring.write_wire_scope: net not found
2026-10-07 12:36:00.443 WARN   Wiring.write_wire_scope: net not found
2026-10-07 12:36:00.443 WARN   Wiring.write_wire_scope: net not found
2026-10-07 12:36:00.443 WARN   Wiring.write_wire_scope: net not found
2026-10-07 12:36:00.443 WARN   Wiring.write_wire_scope: net not found
2026-10-07 12:36:00.443 WARN   Wiring.write_wire_scope: net not found
2026-10-07 12:36:00.443 WARN   Wiring.write_wire_scope: net not found
2026-10-07 12:36:00.443 WARN   Wiring.write_wire_scope: net not found
2026-10-07 12:36:00.443 WARN   Wiring.write_wire_scope: net not found
2026-10-07 12:36:00.443 WARN   Wiring.write_wire_scope: net not found
2026-10-07 12:36:00.443 WARN   Wiring.write_wire_scope: net not found
2026-10-07 12:36:00.443 WARN   Wiring.write_wire_scope: net not found
2026-10-07 12:36:00.443 WARN   Wiring.write_wire_scope: net not found
2026-10-07 12:36:00.443 WARN   Wiring.write_wire_scope: net not found
2026-10-07 12:36:00.443 WARN   Wiring.write_wire_scope: net not found
2026-10-07 12:36:00.443 WARN   Wiring.write_wire_scope: net not found
2026-10-07 12:36:00.443 WARN   Wiring.write_wire_scope: net not found
2026-10-07 12:36:00.443 WARN   Wiring.write_wire_scope: net not found
2026-10-07 12:36:00.443 WARN   Wiring.write_wire_scope: net not found
2026-10-07 12:36:00.443 WARN   Wiring.write_wire_scope: net not found
2026-10-07 12:36:00.443 WARN   Wiring.write_wire_scope: net not found
2026-10-07 12:36:00.443 WARN   Wiring.write_wire_scope: net not found
2026-10-07 12:36:00.443 WARN   Wiring.write_wire_scope: net not found
2026-10-07 12:36:00.443 WARN   Wiring.write_wire_scope: net not found
2026-10-07 12:36:00.443 WARN   Wiring.write_wire_scope: net not found
2026-10-07 12:36:00.443 WARN   Wiring.write_wire_scope: net not found
2026-10-07 12:36:00.443 WARN   Wiring.write_wire_scope: net not found
2026-10-07 12:36:00.443 WARN   Wiring.write_wire_scope: net not found
2026-10-07 12:36:00.443 WARN   Wiring.write_wire_scope: net not found
2026-10-07 12:36:00.443 WARN   Wiring.write_wire_scope: net not found
2026-10-07 12:36:00.443 WARN   Wiring.write_wire_scope: net not found
2026-10-07 12:36:00.443 WARN   Wiring.write_wire_scope: net not found
2026-10-07 12:36:00.443 WARN   Wiring.write_wire_scope: net not found
2026-10-07 12:36:00.443 WARN   Wiring.write_wire_scope: net not found
2026-10-07 12:36:00.443 WARN   Wiring.write_wire_scope: net not found
2026-10-07 12:36:00.443 WARN   Wiring.write_wire_scope: net not found
2026-10-07 12:36:00.443 WARN   Wiring.write_wire_scope: net not found
2026-10-07 12:36:00.443 WARN   Wiring.write_wire_scope: net not found
2026-10-07 12:36:00.443 WARN   Wiring.write_wire_scope: net not found
2026-10-07 12:36:00.443 WARN   Wiring.write_wire_scope: net not found
2026-10-07 12:36:00.443 WARN   Wiring.write_wire_scope: net not found
2026-10-07 12:36:00.443 WARN   Wiring.write_wire_scope: net not found
2026-10-07 12:36:00.443 WARN   Wiring.write_wire_scope: net not found
2026-10-07 12:36:00.443 WARN   Wiring.write_wire_scope: net not found
2026-10-07 12:36:00.443 WARN   Wiring.write_wire_scope: net not found
2026-10-07 12:36:00.443 WARN   Wiring.write_wire_scope: net not found
2026-10-07 12:36:00.443 WARN   Wiring.write_wire_scope: net not found
2026-10-07 12:36:00.443 WARN   Wiring.write_wire_scope: net not found
2026-10-07 12:36:00.443 WARN   Wiring.write_wire_scope: net not found
2026-10-07 12:36:00.443 WARN   Wiring.write_wire_scope: net not found
2026-10-07 12:36:00.443 WARN   Wiring.write_wire_scope: net not found
2026-10-07 12:36:00.443 WARN   Wiring.write_wire_scope: net not found
2026-10-07 12:36:00.443 WARN   Wiring.write_wire_scope: net not found
2026-10-07 12:36:00.443 WARN   Wiring.write_wire_scope: net not found
2026-10-07 12:36:00.443 WARN   Wiring.write_wire_scope: net not found
2026-10-07 12:36:00.443 WARN   Wiring.write_wire_scope: net not found
2026-10-07 12:36:00.443 WARN   Wiring.write_wire_scope: net not found
2026-10-07 12:36:00.443 WARN   Wiring.write_wire_scope: net not found
2026-10-07 12:36:00.443 WARN   Wiring.write_wire_scope: net not found
2026-10-07 12:36:00.443 WARN   Wiring.write_wire_scope: net not found
2026-10-07 12:36:00.443 WARN   Wiring.write_wire_scope: net not found
2026-10-07 12:36:00.443 WARN   Wiring.write_wire_scope: net not found
2026-10-07 12:36:00.443 WARN   Wiring.write_wire_scope: net not found
2026-10-07 12:36:00.443 WARN   Wiring.write_wire_scope: net not found
2026-10-07 12:36:00.443 WARN   Wiring.write_wire_scope: net not found
2026-10-07 12:36:00.443 WARN   Wiring.write_wire_scope: net not found
2026-10-07 12:36:00.443 WARN   Wiring.write_wire_scope: net not found
2026-10-07 12:36:00.443 WARN   Wiring.write_wire_scope: net not found
2026-10-07 12:36:00.443 WARN   Wiring.write_wire_scope: net not found
2026-10-07 12:36:00.443 WARN   Wiring.write_wire_scope: net not found
2026-10-07 12:36:00.443 WARN   Wiring.write_wire_scope: net not found
2026-10-07 12:36:00.443 WARN   Wiring.write_wire_scope: net not found
2026-10-07 12:36:00.443 WARN   Wiring.write_wire_scope: net not found
2026-10-07 12:36:00.443 WARN   Wiring.write_wire_scope: net not found
2026-10-07 12:36:00.443 WARN   Wiring.write_wire_scope: net not found
2026-10-07 12:36:00.443 WARN   Wiring.write_wire_scope: net not found
2026-10-07 12:36:00.443 WARN   Wiring.write_wire_scope: net not found
2026-10-07 12:36:00.443 WARN   Wiring.write_wire_scope: net not found
2026-10-07 12:36:00.443 WARN   Wiring.write_wire_scope: net not found
2026-10-07 12:36:00.443 WARN   Wiring.write_wire_scope: net not found
2026-10-07 12:36:00.443 WARN   Wiring.write_wire_scope: net not found
2026-10-07 12:36:00.443 WARN   Wiring.write_wire_scope: net not found
2026-10-07 12:36:00.443 WARN   Wiring.write_wire_scope: net not found
2026-10-07 12:36:00.443 WARN   Wiring.write_wire_scope: net not found
2026-10-07 12:36:00.443 WARN   Wiring.write_wire_scope: net not found
2026-10-07 12:36:00.443 WARN   Wiring.write_wire_scope: net not found
2026-10-07 12:36:00.443 WARN   Wiring.write_wire_scope: net not found
2026-10-07 12:36:00.443 WARN   Wiring.write_wire_scope: net not found
2026-10-07 12:36:00.443 WARN   Wiring.write_wire_scope: net not found
2026-10-07 12:36:00.443 WARN   Wiring.write_wire_scope: net not found
2026-10-07 12:36:00.443 WARN   Wiring.write_wire_scope: net not found
2026-10-07 12:36:00.443 WARN   Wiring.write_wire_scope: net not found
2026-10-07 12:36:00.443 WARN   Wiring.write_wire_scope: net not found
2026-10-07 12:36:00.443 WARN   Wiring.write_wire_scope: net not found
2026-10-07 12:36:00.443 WARN   Wiring.write_wire_scope: net not found
2026-10-07 12:36:00.443 WARN   Wiring.write_wire_scope: net not found
2026-10-07 12:36:00.443 WARN   Wiring.write_wire_scope: net not found
2026-10-07 12:36:00.443 WARN   Wiring.write_wire_scope: net not found
2026-10-07 12:36:00.443 WARN   Wiring.write_wire_scope: net not found
2026-10-07 12:36:00.443 WARN   Wiring.write_wire_scope: net not found
2026-10-07 12:36:00.443 WARN   Wiring.write_wire_scope: net not found
2026-10-07 12:36:00.443 WARN   Wiring.write_wire_scope: net not found
2026-10-07 12:36:00.443 WARN   Wiring.write_wire_scope: net not found
2026-10-07 12:36:00.443 WARN   Wiring.write_wire_scope: net not found
2026-10-07 12:36:00.443 WARN   Wiring.write_wire_scope: net not found
2026-10-07 12:36:00.443 WARN   Wiring.write_wire_scope: net not found
2026-10-07 12:36:00.443 WARN   Wiring.write_wire_scope: net not found
2026-10-07 12:36:00.443 WARN   Wiring.write_wire_scope: net not found
2026-10-07 12:36:00.443 WARN   Wiring.write_wire_scope: net not found
2026-10-07 12:36:00.443 WARN   Wiring.write_wire_scope: net not found
2026-10-07 12:36:00.443 WARN   Wiring.write_wire_scope: net not found
2026-10-07 12:36:00.443 WARN   Wiring.write_wire_scope: net not found
2026-10-07 12:36:00.443 WARN   Wiring.write_wire_scope: net not found
2026-10-07 12:36:00.443 WARN   Wiring.write_wire_scope: net not found
2026-10-07 12:36:00.443 WARN   Wiring.write_wire_scope: net not found
2026-10-07 12:36:00.443 WARN   Wiring.write_wire_scope: net not found
2026-10-07 12:36:00.443 WARN   Wiring.write_wire_scope: net not found
2026-10-07 12:36:00.443 WARN   Wiring.write_wire_scope: net not found
2026-10-07 12:36:00.443 WARN   Wiring.write_wire_scope: net not found
2026-10-07 12:36:00.443 WARN   Wiring.write_wire_scope: net not found
2026-10-07 12:36:00.443 WARN   Wiring.write_wire_scope: net not found
2026-10-07 12:36:00.443 WARN   Wiring.write_wire_scope: net not found
2026-10-07 12:36:00.443 WARN   Wiring.write_wire_scope: net not found
2026-10-07 12:36:00.443 WARN   Wiring.write_wire_scope: net not found
2026-10-07 12:36:00.443 WARN   Wiring.write_wire_scope: net not found
2026-10-07 12:36:00.443 WARN   Wiring.write_wire_scope: net not found
2026-10-07 12:36:00.443 WARN   Wiring.write_wire_scope: net not found
2026-10-07 12:36:00.443 WARN   Wiring.write_wire_scope: net not found
2026-10-07 12:36:00.443 WARN   Wiring.write_wire_scope: net not found
2026-10-07 12:36:00.443 WARN   Wiring.write_wire_scope: net not found
2026-10-07 12:36:00.443 WARN   Wiring.write_wire_scope: net not found
2026-10-07 12:36:00.443 WARN   Wiring.write_wire_scope: net not found
2026-10-07 12:36:00.443 WARN   Wiring.write_wire_scope: net not found
2026-10-07 12:36:00.443 WARN   Wiring.write_wire_scope: net not found
2026-10-07 12:36:00.443 WARN   Wiring.write_wire_scope: net not found
2026-10-07 12:36:00.443 WARN   Wiring.write_wire_scope: net not found
2026-10-07 12:36:00.486 INFO   [8E7B86\355F8A] Auto-routing pass #1 on board '7cdcea72247290a23370aada853e2220' was completed in 0.47 seconds with score 166.43 (8 unrouted and 641 violations), using 0.84 CPU seconds and the job allocated 0.55 GB of memory so far.
2026-10-07 12:36:00.614 INFO   [8E7B86\355F8A] Auto-routing stage completed: started with 11 unrouted nets, completed in 1.07 seconds, final score: 166.43 (8 unrouted and 641 violations), using 0.84 total CPU seconds, 0.55 GB total allocated, and 143.9 MB peak heap usage.
2026-10-07 12:36:00.658 INFO   [8E7B86\355F8A] Skipping optimization stage: the board has 8 unrouted connection(s) (optimizer only runs on completely routed boards).
2026-10-07 12:36:00.680 WARN   Wiring.write_wire_scope: net not found
2026-10-07 12:36:00.680 WARN   Wiring.write_wire_scope: net not found
2026-10-07 12:36:00.680 WARN   Wiring.write_wire_scope: net not found
2026-10-07 12:36:00.680 WARN   Wiring.write_wire_scope: net not found
2026-10-07 12:36:00.680 WARN   Wiring.write_wire_scope: net not found
2026-10-07 12:36:00.680 WARN   Wiring.write_wire_scope: net not found
2026-10-07 12:36:00.680 WARN   Wiring.write_wire_scope: net not found
2026-10-07 12:36:00.680 WARN   Wiring.write_wire_scope: net not found
2026-10-07 12:36:00.680 WARN   Wiring.write_wire_scope: net not found
2026-10-07 12:36:00.680 WARN   Wiring.write_wire_scope: net not found
2026-10-07 12:36:00.680 WARN   Wiring.write_wire_scope: net not found
2026-10-07 12:36:00.680 WARN   Wiring.write_wire_scope: net not found
2026-10-07 12:36:00.680 WARN   Wiring.write_wire_scope: net not found
2026-10-07 12:36:00.680 WARN   Wiring.write_wire_scope: net not found
2026-10-07 12:36:00.680 WARN   Wiring.write_wire_scope: net not found
2026-10-07 12:36:00.680 WARN   Wiring.write_wire_scope: net not found
2026-10-07 12:36:00.680 WARN   Wiring.write_wire_scope: net not found
2026-10-07 12:36:00.680 WARN   Wiring.write_wire_scope: net not found
2026-10-07 12:36:00.680 WARN   Wiring.write_wire_scope: net not found
2026-10-07 12:36:00.680 WARN   Wiring.write_wire_scope: net not found
2026-10-07 12:36:00.680 WARN   Wiring.write_wire_scope: net not found
2026-10-07 12:36:00.680 WARN   Wiring.write_wire_scope: net not found
2026-10-07 12:36:00.680 WARN   Wiring.write_wire_scope: net not found
2026-10-07 12:36:00.680 WARN   Wiring.write_wire_scope: net not found
2026-10-07 12:36:00.680 WARN   Wiring.write_wire_scope: net not found
2026-10-07 12:36:00.680 WARN   Wiring.write_wire_scope: net not found
2026-10-07 12:36:00.680 WARN   Wiring.write_wire_scope: net not found
2026-10-07 12:36:00.680 WARN   Wiring.write_wire_scope: net not found
2026-10-07 12:36:00.680 WARN   Wiring.write_wire_scope: net not found
2026-10-07 12:36:00.680 WARN   Wiring.write_wire_scope: net not found
2026-10-07 12:36:00.680 WARN   Wiring.write_wire_scope: net not found
2026-10-07 12:36:00.680 WARN   Wiring.write_wire_scope: net not found
2026-10-07 12:36:00.680 WARN   Wiring.write_wire_scope: net not found
2026-10-07 12:36:00.680 WARN   Wiring.write_wire_scope: net not found
2026-10-07 12:36:00.680 WARN   Wiring.write_wire_scope: net not found
2026-10-07 12:36:00.680 WARN   Wiring.write_wire_scope: net not found
2026-10-07 12:36:00.680 WARN   Wiring.write_wire_scope: net not found
2026-10-07 12:36:00.680 WARN   Wiring.write_wire_scope: net not found
2026-10-07 12:36:00.680 WARN   Wiring.write_wire_scope: net not found
2026-10-07 12:36:00.680 WARN   Wiring.write_wire_scope: net not found
2026-10-07 12:36:00.680 WARN   Wiring.write_wire_scope: net not found
2026-10-07 12:36:00.680 WARN   Wiring.write_wire_scope: net not found
2026-10-07 12:36:00.680 WARN   Wiring.write_wire_scope: net not found
2026-10-07 12:36:00.680 WARN   Wiring.write_wire_scope: net not found
2026-10-07 12:36:00.680 WARN   Wiring.write_wire_scope: net not found
2026-10-07 12:36:00.680 WARN   Wiring.write_wire_scope: net not found
2026-10-07 12:36:00.680 WARN   Wiring.write_wire_scope: net not found
2026-10-07 12:36:00.680 WARN   Wiring.write_wire_scope: net not found
2026-10-07 12:36:00.680 WARN   Wiring.write_wire_scope: net not found
2026-10-07 12:36:00.680 WARN   Wiring.write_wire_scope: net not found
2026-10-07 12:36:00.680 WARN   Wiring.write_wire_scope: net not found
2026-10-07 12:36:00.680 WARN   Wiring.write_wire_scope: net not found
2026-10-07 12:36:00.680 WARN   Wiring.write_wire_scope: net not found
2026-10-07 12:36:00.680 WARN   Wiring.write_wire_scope: net not found
2026-10-07 12:36:00.680 WARN   Wiring.write_wire_scope: net not found
2026-10-07 12:36:00.680 WARN   Wiring.write_wire_scope: net not found
2026-10-07 12:36:00.680 WARN   Wiring.write_wire_scope: net not found
2026-10-07 12:36:00.680 WARN   Wiring.write_wire_scope: net not found
2026-10-07 12:36:00.680 WARN   Wiring.write_wire_scope: net not found
2026-10-07 12:36:00.680 WARN   Wiring.write_wire_scope: net not found
2026-10-07 12:36:00.680 WARN   Wiring.write_wire_scope: net not found
2026-10-07 12:36:00.680 WARN   Wiring.write_wire_scope: net not found
2026-10-07 12:36:00.680 WARN   Wiring.write_wire_scope: net not found
2026-10-07 12:36:00.680 WARN   Wiring.write_wire_scope: net not found
2026-10-07 12:36:00.680 WARN   Wiring.write_wire_scope: net not found
2026-10-07 12:36:00.680 WARN   Wiring.write_wire_scope: net not found
2026-10-07 12:36:00.680 WARN   Wiring.write_wire_scope: net not found
2026-10-07 12:36:00.680 WARN   Wiring.write_wire_scope: net not found
2026-10-07 12:36:00.680 WARN   Wiring.write_wire_scope: net not found
2026-10-07 12:36:00.680 WARN   Wiring.write_wire_scope: net not found
2026-10-07 12:36:00.680 WARN   Wiring.write_wire_scope: net not found
2026-10-07 12:36:00.680 WARN   Wiring.write_wire_scope: net not found
2026-10-07 12:36:00.680 WARN   Wiring.write_wire_scope: net not found
2026-10-07 12:36:00.680 WARN   Wiring.write_wire_scope: net not found
2026-10-07 12:36:00.680 WARN   Wiring.write_wire_scope: net not found
2026-10-07 12:36:00.680 WARN   Wiring.write_wire_scope: net not found
2026-10-07 12:36:00.680 WARN   Wiring.write_wire_scope: net not found
2026-10-07 12:36:00.680 WARN   Wiring.write_wire_scope: net not found
2026-10-07 12:36:00.680 WARN   Wiring.write_wire_scope: net not found
2026-10-07 12:36:00.680 WARN   Wiring.write_wire_scope: net not found
2026-10-07 12:36:00.680 WARN   Wiring.write_wire_scope: net not found
2026-10-07 12:36:00.680 WARN   Wiring.write_wire_scope: net not found
2026-10-07 12:36:00.680 WARN   Wiring.write_wire_scope: net not found
2026-10-07 12:36:00.680 WARN   Wiring.write_wire_scope: net not found
2026-10-07 12:36:00.680 WARN   Wiring.write_wire_scope: net not found
2026-10-07 12:36:00.680 WARN   Wiring.write_wire_scope: net not found
2026-10-07 12:36:00.680 WARN   Wiring.write_wire_scope: net not found
2026-10-07 12:36:00.680 WARN   Wiring.write_wire_scope: net not found
2026-10-07 12:36:00.680 WARN   Wiring.write_wire_scope: net not found
2026-10-07 12:36:00.680 WARN   Wiring.write_wire_scope: net not found
2026-10-07 12:36:00.680 WARN   Wiring.write_wire_scope: net not found
2026-10-07 12:36:00.680 WARN   Wiring.write_wire_scope: net not found
2026-10-07 12:36:00.680 WARN   Wiring.write_wire_scope: net not found
2026-10-07 12:36:00.680 WARN   Wiring.write_wire_scope: net not found
2026-10-07 12:36:00.680 WARN   Wiring.write_wire_scope: net not found
2026-10-07 12:36:00.680 WARN   Wiring.write_wire_scope: net not found
2026-10-07 12:36:00.680 WARN   Wiring.write_wire_scope: net not found
2026-10-07 12:36:00.680 WARN   Wiring.write_wire_scope: net not found
2026-10-07 12:36:00.680 WARN   Wiring.write_wire_scope: net not found
2026-10-07 12:36:00.680 WARN   Wiring.write_wire_scope: net not found
2026-10-07 12:36:00.680 WARN   Wiring.write_wire_scope: net not found
2026-10-07 12:36:00.680 WARN   Wiring.write_wire_scope: net not found
2026-10-07 12:36:00.680 WARN   Wiring.write_wire_scope: net not found
2026-10-07 12:36:00.680 WARN   Wiring.write_wire_scope: net not found
2026-10-07 12:36:00.680 WARN   Wiring.write_wire_scope: net not found
2026-10-07 12:36:00.680 WARN   Wiring.write_wire_scope: net not found
2026-10-07 12:36:00.680 WARN   Wiring.write_wire_scope: net not found
2026-10-07 12:36:00.680 WARN   Wiring.write_wire_scope: net not found
2026-10-07 12:36:00.680 WARN   Wiring.write_wire_scope: net not found
2026-10-07 12:36:00.680 WARN   Wiring.write_wire_scope: net not found
2026-10-07 12:36:00.680 WARN   Wiring.write_wire_scope: net not found
2026-10-07 12:36:00.680 WARN   Wiring.write_wire_scope: net not found
2026-10-07 12:36:00.680 WARN   Wiring.write_wire_scope: net not found
2026-10-07 12:36:00.680 WARN   Wiring.write_wire_scope: net not found
2026-10-07 12:36:00.680 WARN   Wiring.write_wire_scope: net not found
2026-10-07 12:36:00.680 WARN   Wiring.write_wire_scope: net not found
2026-10-07 12:36:00.680 WARN   Wiring.write_wire_scope: net not found
2026-10-07 12:36:00.680 WARN   Wiring.write_wire_scope: net not found
2026-10-07 12:36:00.680 WARN   Wiring.write_wire_scope: net not found
2026-10-07 12:36:00.680 WARN   Wiring.write_wire_scope: net not found
2026-10-07 12:36:00.680 WARN   Wiring.write_wire_scope: net not found
2026-10-07 12:36:00.680 WARN   Wiring.write_wire_scope: net not found
2026-10-07 12:36:00.680 WARN   Wiring.write_wire_scope: net not found
2026-10-07 12:36:00.680 WARN   Wiring.write_wire_scope: net not found
2026-10-07 12:36:00.680 WARN   Wiring.write_wire_scope: net not found
2026-10-07 12:36:00.680 WARN   Wiring.write_wire_scope: net not found
2026-10-07 12:36:00.680 WARN   Wiring.write_wire_scope: net not found
2026-10-07 12:36:00.680 WARN   Wiring.write_wire_scope: net not found
2026-10-07 12:36:00.680 WARN   Wiring.write_wire_scope: net not found
2026-10-07 12:36:00.680 WARN   Wiring.write_wire_scope: net not found
2026-10-07 12:36:00.680 WARN   Wiring.write_wire_scope: net not found
2026-10-07 12:36:00.680 WARN   Wiring.write_wire_scope: net not found
2026-10-07 12:36:00.680 WARN   Wiring.write_wire_scope: net not found
2026-10-07 12:36:00.680 WARN   Wiring.write_wire_scope: net not found
2026-10-07 12:36:00.680 WARN   Wiring.write_wire_scope: net not found
2026-10-07 12:36:00.680 WARN   Wiring.write_wire_scope: net not found
2026-10-07 12:36:00.680 WARN   Wiring.write_wire_scope: net not found
2026-10-07 12:36:00.680 WARN   Wiring.write_wire_scope: net not found
2026-10-07 12:36:00.680 WARN   Wiring.write_wire_scope: net not found
2026-10-07 12:36:00.680 WARN   Wiring.write_wire_scope: net not found
2026-10-07 12:36:00.680 WARN   Wiring.write_wire_scope: net not found
2026-10-07 12:36:00.680 WARN   Wiring.write_wire_scope: net not found
2026-10-07 12:36:00.680 WARN   Wiring.write_wire_scope: net not found
2026-10-07 12:36:00.680 WARN   Wiring.write_wire_scope: net not found
2026-10-07 12:36:00.680 WARN   Wiring.write_wire_scope: net not found
2026-10-07 12:36:00.680 WARN   Wiring.write_wire_scope: net not found
2026-10-07 12:36:00.680 WARN   Wiring.write_wire_scope: net not found
2026-10-07 12:36:00.681 WARN   Wiring.write_wire_scope: net not found
2026-10-07 12:36:00.681 WARN   Wiring.write_wire_scope: net not found
2026-10-07 12:36:00.681 WARN   Wiring.write_wire_scope: net not found
2026-10-07 12:36:00.681 WARN   Wiring.write_wire_scope: net not found
2026-10-07 12:36:00.681 WARN   Wiring.write_wire_scope: net not found
2026-10-07 12:36:00.681 WARN   Wiring.write_wire_scope: net not found
2026-10-07 12:36:00.681 WARN   Wiring.write_wire_scope: net not found
2026-10-07 12:36:00.681 WARN   Wiring.write_wire_scope: net not found
2026-10-07 12:36:00.681 WARN   Wiring.write_wire_scope: net not found
2026-10-07 12:36:00.681 WARN   Wiring.write_wire_scope: net not found
2026-10-07 12:36:00.681 WARN   Wiring.write_wire_scope: net not found
2026-10-07 12:36:00.681 WARN   Wiring.write_wire_scope: net not found
2026-10-07 12:36:00.681 WARN   Wiring.write_wire_scope: net not found
2026-10-07 12:36:00.681 WARN   Wiring.write_wire_scope: net not found
2026-10-07 12:36:00.681 WARN   Wiring.write_wire_scope: net not found
2026-10-07 12:36:00.681 WARN   Wiring.write_wire_scope: net not found
2026-10-07 12:36:00.681 WARN   Wiring.write_wire_scope: net not found
2026-10-07 12:36:00.681 WARN   Wiring.write_wire_scope: net not found
2026-10-07 12:36:00.681 WARN   Wiring.write_wire_scope: net not found
2026-10-07 12:36:00.681 WARN   Wiring.write_wire_scope: net not found
2026-10-07 12:36:00.681 WARN   Wiring.write_wire_scope: net not found
2026-10-07 12:36:00.681 WARN   Wiring.write_wire_scope: net not found
2026-10-07 12:36:00.681 WARN   Wiring.write_wire_scope: net not found
2026-10-07 12:36:00.681 WARN   Wiring.write_wire_scope: net not found
2026-10-07 12:36:00.681 WARN   Wiring.write_wire_scope: net not found
2026-10-07 12:36:00.681 WARN   Wiring.write_wire_scope: net not found
2026-10-07 12:36:00.681 WARN   Wiring.write_wire_scope: net not found
2026-10-07 12:36:00.681 WARN   Wiring.write_wire_scope: net not found
2026-10-07 12:36:00.681 WARN   Wiring.write_wire_scope: net not found
2026-10-07 12:36:00.681 WARN   Wiring.write_wire_scope: net not found
2026-10-07 12:36:00.681 WARN   Wiring.write_wire_scope: net not found
2026-10-07 12:36:00.681 WARN   Wiring.write_wire_scope: net not found
2026-10-07 12:36:00.681 WARN   Wiring.write_wire_scope: net not found
2026-10-07 12:36:00.681 WARN   Wiring.write_wire_scope: net not found
2026-10-07 12:36:00.681 WARN   Wiring.write_wire_scope: net not found
2026-10-07 12:36:00.681 WARN   Wiring.write_wire_scope: net not found
2026-10-07 12:36:00.681 WARN   Wiring.write_wire_scope: net not found
2026-10-07 12:36:00.681 WARN   Wiring.write_wire_scope: net not found
2026-10-07 12:36:00.681 WARN   Wiring.write_wire_scope: net not found
2026-10-07 12:36:00.681 WARN   Wiring.write_wire_scope: net not found
2026-10-07 12:36:00.681 WARN   Wiring.write_wire_scope: net not found
2026-10-07 12:36:00.681 WARN   Wiring.write_wire_scope: net not found
2026-10-07 12:36:00.681 WARN   Wiring.write_wire_scope: net not found
2026-10-07 12:36:00.681 WARN   Wiring.write_wire_scope: net not found
2026-10-07 12:36:00.681 WARN   Wiring.write_wire_scope: net not found
2026-10-07 12:36:00.681 WARN   Wiring.write_wire_scope: net not found
2026-10-07 12:36:00.681 WARN   Wiring.write_wire_scope: net not found
2026-10-07 12:36:00.681 WARN   Wiring.write_wire_scope: net not found
2026-10-07 12:36:00.681 WARN   Wiring.write_wire_scope: net not found
2026-10-07 12:36:00.681 WARN   Wiring.write_wire_scope: net not found
2026-10-07 12:36:00.681 WARN   Wiring.write_wire_scope: net not found
2026-10-07 12:36:00.681 WARN   Wiring.write_wire_scope: net not found
2026-10-07 12:36:00.681 WARN   Wiring.write_wire_scope: net not found
2026-10-07 12:36:00.681 WARN   Wiring.write_wire_scope: net not found
2026-10-07 12:36:00.681 WARN   Wiring.write_wire_scope: net not found
2026-10-07 12:36:00.681 WARN   Wiring.write_wire_scope: net not found
2026-10-07 12:36:00.681 WARN   Wiring.write_wire_scope: net not found
2026-10-07 12:36:00.681 WARN   Wiring.write_wire_scope: net not found
2026-10-07 12:36:00.681 WARN   Wiring.write_wire_scope: net not found
2026-10-07 12:36:00.681 WARN   Wiring.write_wire_scope: net not found
2026-10-07 12:36:00.681 WARN   Wiring.write_wire_scope: net not found
2026-10-07 12:36:00.681 WARN   Wiring.write_wire_scope: net not found
2026-10-07 12:36:00.681 WARN   Wiring.write_wire_scope: net not found
2026-10-07 12:36:00.681 WARN   Wiring.write_wire_scope: net not found
2026-10-07 12:36:00.681 WARN   Wiring.write_wire_scope: net not found
2026-10-07 12:36:00.681 WARN   Wiring.write_wire_scope: net not found
2026-10-07 12:36:00.681 WARN   Wiring.write_wire_scope: net not found
2026-10-07 12:36:00.681 WARN   Wiring.write_wire_scope: net not found
2026-10-07 12:36:00.681 WARN   Wiring.write_wire_scope: net not found
2026-10-07 12:36:00.681 WARN   Wiring.write_wire_scope: net not found
2026-10-07 12:36:00.681 WARN   Wiring.write_wire_scope: net not found
2026-10-07 12:36:00.681 WARN   Wiring.write_wire_scope: net not found
2026-10-07 12:36:00.681 WARN   Wiring.write_wire_scope: net not found
2026-10-07 12:36:00.681 WARN   Wiring.write_wire_scope: net not found
2026-10-07 12:36:00.681 WARN   Wiring.write_wire_scope: net not found
2026-10-07 12:36:00.681 WARN   Wiring.write_wire_scope: net not found
2026-10-07 12:36:00.681 WARN   Wiring.write_wire_scope: net not found
2026-10-07 12:36:00.681 WARN   Wiring.write_wire_scope: net not found
2026-10-07 12:36:00.681 WARN   Wiring.write_wire_scope: net not found
2026-10-07 12:36:00.681 WARN   Wiring.write_wire_scope: net not found
2026-10-07 12:36:00.681 WARN   Wiring.write_wire_scope: net not found
2026-10-07 12:36:00.681 WARN   Wiring.write_wire_scope: net not found
2026-10-07 12:36:00.681 WARN   Wiring.write_wire_scope: net not found
2026-10-07 12:36:00.681 WARN   Wiring.write_wire_scope: net not found
2026-10-07 12:36:00.681 WARN   Wiring.write_wire_scope: net not found
2026-10-07 12:36:00.681 WARN   Wiring.write_wire_scope: net not found
2026-10-07 12:36:00.681 WARN   Wiring.write_wire_scope: net not found
2026-10-07 12:36:00.681 WARN   Wiring.write_wire_scope: net not found
2026-10-07 12:36:00.681 WARN   Wiring.write_wire_scope: net not found
2026-10-07 12:36:00.681 WARN   Wiring.write_wire_scope: net not found
2026-10-07 12:36:00.681 WARN   Wiring.write_wire_scope: net not found
2026-10-07 12:36:00.681 WARN   Wiring.write_wire_scope: net not found
2026-10-07 12:36:00.681 WARN   Wiring.write_wire_scope: net not found
2026-10-07 12:36:00.681 WARN   Wiring.write_wire_scope: net not found
2026-10-07 12:36:00.681 WARN   Wiring.write_wire_scope: net not found
2026-10-07 12:36:00.681 WARN   Wiring.write_wire_scope: net not found
2026-10-07 12:36:00.681 WARN   Wiring.write_wire_scope: net not found
2026-10-07 12:36:00.681 WARN   Wiring.write_wire_scope: net not found
2026-10-07 12:36:00.681 WARN   Wiring.write_wire_scope: net not found
2026-10-07 12:36:00.681 WARN   Wiring.write_wire_scope: net not found
2026-10-07 12:36:00.681 WARN   Wiring.write_wire_scope: net not found
2026-10-07 12:36:00.681 WARN   Wiring.write_wire_scope: net not found
2026-10-07 12:36:00.681 WARN   Wiring.write_wire_scope: net not found
2026-10-07 12:36:00.681 WARN   Wiring.write_wire_scope: net not found
2026-10-07 12:36:00.681 WARN   Wiring.write_wire_scope: net not found
2026-10-07 12:36:00.681 WARN   Wiring.write_wire_scope: net not found
2026-10-07 12:36:00.681 WARN   Wiring.write_wire_scope: net not found
2026-10-07 12:36:00.681 WARN   Wiring.write_wire_scope: net not found
2026-10-07 12:36:00.681 WARN   Wiring.write_wire_scope: net not found
2026-10-07 12:36:00.681 WARN   Wiring.write_wire_scope: net not found
2026-10-07 12:36:00.681 WARN   Wiring.write_wire_scope: net not found
2026-10-07 12:36:00.681 WARN   Wiring.write_wire_scope: net not found
2026-10-07 12:36:00.681 WARN   Wiring.write_wire_scope: net not found
2026-10-07 12:36:00.681 WARN   Wiring.write_wire_scope: net not found
2026-10-07 12:36:00.681 WARN   Wiring.write_wire_scope: net not found
2026-10-07 12:36:00.681 WARN   Wiring.write_wire_scope: net not found
2026-10-07 12:36:00.681 WARN   Wiring.write_wire_scope: net not found
2026-10-07 12:36:00.681 WARN   Wiring.write_wire_scope: net not found
2026-10-07 12:36:00.681 WARN   Wiring.write_wire_scope: net not found
2026-10-07 12:36:00.681 WARN   Wiring.write_wire_scope: net not found
2026-10-07 12:36:00.681 WARN   Wiring.write_wire_scope: net not found
2026-10-07 12:36:00.681 WARN   Wiring.write_wire_scope: net not found
2026-10-07 12:36:00.681 WARN   Wiring.write_wire_scope: net not found
2026-10-07 12:36:00.681 WARN   Wiring.write_wire_scope: net not found
2026-10-07 12:36:00.681 WARN   Wiring.write_wire_scope: net not found
2026-10-07 12:36:00.681 WARN   Wiring.write_wire_scope: net not found
2026-10-07 12:36:00.681 WARN   Wiring.write_wire_scope: net not found
2026-10-07 12:36:00.681 WARN   Wiring.write_wire_scope: net not found
2026-10-07 12:36:00.681 WARN   Wiring.write_wire_scope: net not found
2026-10-07 12:36:00.681 WARN   Wiring.write_wire_scope: net not found
2026-10-07 12:36:00.681 WARN   Wiring.write_wire_scope: net not found
2026-10-07 12:36:00.681 WARN   Wiring.write_wire_scope: net not found
2026-10-07 12:36:00.681 WARN   Wiring.write_wire_scope: net not found
2026-10-07 12:36:00.681 WARN   Wiring.write_wire_scope: net not found
2026-10-07 12:36:00.681 WARN   Wiring.write_wire_scope: net not found
2026-10-07 12:36:00.681 WARN   Wiring.write_wire_scope: net not found
2026-10-07 12:36:00.681 WARN   Wiring.write_wire_scope: net not found
2026-10-07 12:36:00.681 WARN   Wiring.write_wire_scope: net not found
2026-10-07 12:36:00.681 WARN   Wiring.write_wire_scope: net not found
2026-10-07 12:36:00.681 WARN   Wiring.write_wire_scope: net not found
2026-10-07 12:36:00.681 WARN   Wiring.write_wire_scope: net not found
2026-10-07 12:36:00.681 WARN   Wiring.write_wire_scope: net not found
2026-10-07 12:36:00.681 WARN   Wiring.write_wire_scope: net not found
2026-10-07 12:36:00.681 WARN   Wiring.write_wire_scope: net not found
2026-10-07 12:36:00.681 WARN   Wiring.write_wire_scope: net not found
2026-10-07 12:36:00.681 WARN   Wiring.write_wire_scope: net not found
2026-10-07 12:36:00.681 WARN   Wiring.write_wire_scope: net not found
2026-10-07 12:36:00.681 WARN   Wiring.write_wire_scope: net not found
2026-10-07 12:36:00.681 WARN   Wiring.write_wire_scope: net not found
2026-10-07 12:36:00.681 WARN   Wiring.write_wire_scope: net not found
2026-10-07 12:36:00.681 WARN   Wiring.write_wire_scope: net not found
2026-10-07 12:36:00.681 WARN   Wiring.write_wire_scope: net not found
2026-10-07 12:36:00.681 WARN   Wiring.write_wire_scope: net not found
2026-10-07 12:36:00.681 WARN   Wiring.write_wire_scope: net not found
2026-10-07 12:36:00.681 WARN   Wiring.write_wire_scope: net not found
2026-10-07 12:36:00.681 WARN   Wiring.write_wire_scope: net not found
2026-10-07 12:36:00.681 WARN   Wiring.write_wire_scope: net not found
2026-10-07 12:36:00.681 WARN   Wiring.write_wire_scope: net not found
2026-10-07 12:36:00.681 WARN   Wiring.write_wire_scope: net not found
2026-10-07 12:36:00.681 WARN   Wiring.write_wire_scope: net not found
2026-10-07 12:36:00.681 WARN   Wiring.write_wire_scope: net not found
2026-10-07 12:36:00.681 WARN   Wiring.write_wire_scope: net not found
2026-10-07 12:36:00.681 WARN   Wiring.write_wire_scope: net not found
2026-10-07 12:36:00.681 WARN   Wiring.write_wire_scope: net not found
2026-10-07 12:36:00.681 WARN   Wiring.write_wire_scope: net not found
2026-10-07 12:36:00.681 WARN   Wiring.write_wire_scope: net not found
2026-10-07 12:36:00.681 WARN   Wiring.write_wire_scope: net not found
2026-10-07 12:36:00.681 WARN   Wiring.write_wire_scope: net not found
2026-10-07 12:36:00.681 WARN   Wiring.write_wire_scope: net not found
2026-10-07 12:36:00.681 WARN   Wiring.write_wire_scope: net not found
2026-10-07 12:36:00.681 WARN   Wiring.write_wire_scope: net not found
2026-10-07 12:36:00.681 WARN   Wiring.write_wire_scope: net not found
2026-10-07 12:36:00.681 WARN   Wiring.write_wire_scope: net not found
2026-10-07 12:36:00.681 WARN   Wiring.write_wire_scope: net not found
2026-10-07 12:36:00.681 WARN   Wiring.write_wire_scope: net not found
2026-10-07 12:36:00.681 WARN   Wiring.write_wire_scope: net not found
2026-10-07 12:36:00.681 WARN   Wiring.write_wire_scope: net not found
2026-10-07 12:36:00.681 WARN   Wiring.write_wire_scope: net not found
2026-10-07 12:36:00.681 WARN   Wiring.write_wire_scope: net not found
2026-10-07 12:36:00.681 WARN   Wiring.write_wire_scope: net not found
2026-10-07 12:36:00.681 WARN   Wiring.write_wire_scope: net not found
2026-10-07 12:36:00.681 WARN   Wiring.write_wire_scope: net not found
2026-10-07 12:36:00.681 WARN   Wiring.write_wire_scope: net not found
2026-10-07 12:36:00.681 WARN   Wiring.write_wire_scope: net not found
2026-10-07 12:36:00.681 WARN   Wiring.write_wire_scope: net not found
2026-10-07 12:36:00.681 WARN   Wiring.write_wire_scope: net not found
2026-10-07 12:36:00.681 WARN   Wiring.write_wire_scope: net not found
2026-10-07 12:36:00.681 WARN   Wiring.write_wire_scope: net not found
2026-10-07 12:36:00.681 WARN   Wiring.write_wire_scope: net not found
2026-10-07 12:36:00.681 WARN   Wiring.write_wire_scope: net not found
2026-10-07 12:36:00.681 WARN   Wiring.write_wire_scope: net not found
2026-10-07 12:36:00.681 WARN   Wiring.write_wire_scope: net not found
2026-10-07 12:36:00.681 WARN   Wiring.write_wire_scope: net not found
2026-10-07 12:36:00.683 INFO   [8E7B86\355F8A] Job '8E7B86\355F8A' finished with state: COMPLETED (elapsed: 1.36 seconds, finished at UTC: 2026-10-07T01:36:00.682656088Z).
2026-10-07 12:36:00.690 INFO   Saving output file '/home/chithi/Desktop/DesktopSpeaker/ai-files/pcb/work-p1/K3-c7.ses' (SES)...
2026-10-07 12:36:00.692 INFO   Successfully saved output file '/home/chithi/Desktop/DesktopSpeaker/ai-files/pcb/work-p1/K3-c7.ses' (21762 bytes).
