ISO-10303-21;
HEADER;
FILE_DESCRIPTION (( 'STEP AP214' ),
    '1' );
FILE_NAME ('XFL4015.STEP',
    '2017-05-30T16:56:18',
    ( '' ),
    ( '' ),
    'SwSTEP 2.0',
    'SolidWorks 2017',
    '' );
FILE_SCHEMA (( 'AUTOMOTIVE_DESIGN' ));
ENDSEC;

DATA;
#1 = EDGE_CURVE ( 'NONE', #914, #1648, #3132, .T. ) ;
#2 = LINE ( 'NONE', #2781, #2538 ) ;
#3 = LINE ( 'NONE', #1913, #76 ) ;
#4 = LINE ( 'NONE', #1831, #1304 ) ;
#5 = ORIENTED_EDGE ( 'NONE', *, *, #2411, .T. ) ;
#6 = LINE ( 'NONE', #407, #3160 ) ;
#7 = SURFACE_SIDE_STYLE ('',( #259 ) ) ;
#8 = DIRECTION ( 'NONE',  ( 0.6128916609699327500, -0.0000000000000000000, -0.7901669519244126600 ) ) ;
#9 = CARTESIAN_POINT ( 'NONE',  ( 1.544122212018435700, 1.499000000000000300, 0.6880001711715151300 ) ) ;
#10 = CARTESIAN_POINT ( 'NONE',  ( 1.751906728817887300, 1.500000000000000000, 0.07446027660003949600 ) ) ;
#11 = SURFACE_STYLE_FILL_AREA ( #654 ) ;
#12 = STYLED_ITEM ( 'NONE', ( #2441 ), #568 ) ;
#13 = PRESENTATION_LAYER_ASSIGNMENT (  '', '', ( #3065 ) ) ;
#14 = SURFACE_STYLE_USAGE ( .BOTH. , #7 ) ;
#15 = B_SPLINE_CURVE_WITH_KNOTS ( 'NONE', 3,
 ( #883, #2377, #1379, #3133, #1637, #158, #1878 ),
 .UNSPECIFIED., .F., .F.,
 ( 4, 1, 1, 1, 4 ),
 ( 0.0000000000000000000, 0.2372165186042098400, 0.4825864912431355200, 0.7368469271779311000, 1.000000000000000000 ),
 .UNSPECIFIED. ) ;
#16 =( GEOMETRIC_REPRESENTATION_CONTEXT ( 3 ) GLOBAL_UNCERTAINTY_ASSIGNED_CONTEXT ( ( #836 ) ) GLOBAL_UNIT_ASSIGNED_CONTEXT ( ( #3030, #1374, #1352 ) ) REPRESENTATION_CONTEXT ( 'NONE', 'WORKASPACE' ) );
#17 = CARTESIAN_POINT ( 'NONE',  ( 1.741952235316691600, 1.500000000000000000, 0.07415276901008967200 ) ) ;
#18 = CARTESIAN_POINT ( 'NONE',  ( 1.306071904175980700, 1.500000000000000200, -0.9250040029619155400 ) ) ;
#19 = FILL_AREA_STYLE ('',( #2931 ) ) ;
#20 = EDGE_CURVE ( 'NONE', #2210, #2283, #1131, .T. ) ;
#21 = LINE ( 'NONE', #874, #3186 ) ;
#22 = ORIENTED_EDGE ( 'NONE', *, *, #98, .T. ) ;
#23 = FACE_OUTER_BOUND ( 'NONE', #25, .T. ) ;
#24 = STYLED_ITEM ( 'NONE', ( #953 ), #2304 ) ;
#25 = EDGE_LOOP ( 'NONE', ( #2056, #2853, #72, #1444 ) ) ;
#26 = EDGE_CURVE ( 'NONE', #1616, #2675, #1743, .T. ) ;
#27 = CARTESIAN_POINT ( 'NONE',  ( 1.220722731398701900, 1.500000000000000000, -0.9612693162675856100 ) ) ;
#28 =( NAMED_UNIT ( * ) PLANE_ANGLE_UNIT ( ) SI_UNIT ( $, .RADIAN. ) );
#29 = MECHANICAL_DESIGN_GEOMETRIC_PRESENTATION_REPRESENTATION (  '', ( #2751 ), #213 ) ;
#30 = UNCERTAINTY_MEASURE_WITH_UNIT (LENGTH_MEASURE( 1.000000000000000100E-005 ), #1303, 'distance_accuracy_value', 'NONE');
#31 = B_SPLINE_CURVE_WITH_KNOTS ( 'NONE', 3,
 ( #281, #1895, #1734, #1726, #2941, #2165, #1402, #1244, #1658, #1197, #1138, #1206, #1168, #732, #774 ),
 .UNSPECIFIED., .F., .F.,
 ( 4, 1, 1, 1, 1, 1, 1, 1, 1, 1, 1, 1, 4 ),
 ( 0.0000000000000000000, 0.05027287497458368700, 0.1027903700748774900, 0.1576131012369290900, 0.2146311133156755800, 0.2740612127265388300, 0.3356974550538851500, 0.4000702787165527100, 0.4668267493853399700, 0.6020780869193701500, 0.7357515335047494200, 0.8682046170340282900, 1.000000000000000000 ),
 .UNSPECIFIED. ) ;
#32 = DIRECTION ( 'NONE',  ( -1.000000000000000000, 0.0000000000000000000, 0.0000000000000000000 ) ) ;
#33 = ADVANCED_FACE ( 'NONE', ( #561 ), #180, .T. ) ;
#34 = FACE_OUTER_BOUND ( 'NONE', #2817, .T. ) ;
#35 = ORIENTED_EDGE ( 'NONE', *, *, #1401, .T. ) ;
#36 =( GEOMETRIC_REPRESENTATION_CONTEXT ( 3 ) GLOBAL_UNCERTAINTY_ASSIGNED_CONTEXT ( ( #1781 ) ) GLOBAL_UNIT_ASSIGNED_CONTEXT ( ( #841, #2577, #1091 ) ) REPRESENTATION_CONTEXT ( 'NONE', 'WORKASPACE' ) );
#37 = UNCERTAINTY_MEASURE_WITH_UNIT (LENGTH_MEASURE( 1.000000000000000100E-005 ), #1158, 'distance_accuracy_value', 'NONE');
#38 = FACE_OUTER_BOUND ( 'NONE', #2686, .T. ) ;
#39 = VECTOR ( 'NONE', #2402, 1000.000000000000000 ) ;
#40 = VERTEX_POINT ( 'NONE', #1125 ) ;
#41 = DIRECTION ( 'NONE',  ( -0.0000000000000000000, 1.000000000000000000, -0.0000000000000000000 ) ) ;
#42 = LINE ( 'NONE', #2170, #631 ) ;
#43 =( NAMED_UNIT ( * ) SI_UNIT ( $, .STERADIAN. ) SOLID_ANGLE_UNIT ( ) );
#44 = SURFACE_STYLE_USAGE ( .BOTH. , #62 ) ;
#45 = EDGE_CURVE ( 'NONE', #1761, #2030, #2800, .T. ) ;
#46 = COLOUR_RGB ( '',1.000000000000000000, 1.000000000000000000, 1.000000000000000000 ) ;
#47 = ADVANCED_FACE ( 'NONE', ( #2157 ), #2118, .F. ) ;
#48 = CARTESIAN_POINT ( 'NONE',  ( 0.9874513463963773300, 1.500000000000000900, -1.091951448491995700 ) ) ;
#49 =( LENGTH_UNIT ( ) NAMED_UNIT ( * ) SI_UNIT ( .MILLI., .METRE. ) );
#50 = B_SPLINE_CURVE_WITH_KNOTS ( 'NONE', 3,
 ( #439, #249, #261, #225, #237, #217, #195 ),
 .UNSPECIFIED., .F., .F.,
 ( 4, 1, 1, 1, 4 ),
 ( 0.0000000000000000000, 0.2372165186042098600, 0.4825864912431355200, 0.7368469271779311000, 1.000000000000000000 ),
 .UNSPECIFIED. ) ;
#51 = MECHANICAL_DESIGN_GEOMETRIC_PRESENTATION_REPRESENTATION (  '', ( #2764 ), #231 ) ;
#52 =( NAMED_UNIT ( * ) SI_UNIT ( $, .STERADIAN. ) SOLID_ANGLE_UNIT ( ) );
#53 = ORIENTED_EDGE ( 'NONE', *, *, #304, .T. ) ;
#54 = PLANE ( 'NONE',  #2315 ) ;
#55 = EDGE_CURVE ( 'NONE', #219, #146, #1247, .T. ) ;
#56 = CARTESIAN_POINT ( 'NONE',  ( 1.610805886107622000, 1.499999999999999600, 0.7003192161876645700 ) ) ;
#57 = FACE_BOUND ( 'NONE', #1866, .T. ) ;
#58 = ORIENTED_EDGE ( 'NONE', *, *, #2655, .F. ) ;
#59 = ORIENTED_EDGE ( 'NONE', *, *, #2945, .T. ) ;
#60 = DIRECTION ( 'NONE',  ( -1.000000000000000000, 0.0000000000000000000, -0.0000000000000000000 ) ) ;
#61 = EDGE_LOOP ( 'NONE', ( #1006, #248, #1097, #877 ) ) ;
#62 = SURFACE_SIDE_STYLE ('',( #2719 ) ) ;
#63 =( LENGTH_UNIT ( ) NAMED_UNIT ( * ) SI_UNIT ( .MILLI., .METRE. ) );
#64 = FILL_AREA_STYLE_COLOUR ( '', #240 ) ;
#65 = COLOUR_RGB ( '',1.000000000000000000, 1.000000000000000000, 1.000000000000000000 ) ;
#66 = DIRECTION ( 'NONE',  ( -0.0000000000000000000, -0.0000000000000000000, 1.000000000000000000 ) ) ;
#67 = ADVANCED_FACE ( 'NONE', ( #3181 ), #637, .T. ) ;
#68 = VERTEX_POINT ( 'NONE', #1608 ) ;
#69 = EDGE_LOOP ( 'NONE', ( #468, #58, #2499, #735 ) ) ;
#70 =( NAMED_UNIT ( * ) PLANE_ANGLE_UNIT ( ) SI_UNIT ( $, .RADIAN. ) );
#71 = CARTESIAN_POINT ( 'NONE',  ( 1.604999999999999800, -0.1000000000000000100, -1.625000000000000400 ) ) ;
#72 = ORIENTED_EDGE ( 'NONE', *, *, #2551, .F. ) ;
#73 =( GEOMETRIC_REPRESENTATION_CONTEXT ( 3 ) GLOBAL_UNCERTAINTY_ASSIGNED_CONTEXT ( ( #30 ) ) GLOBAL_UNIT_ASSIGNED_CONTEXT ( ( #1303, #1163, #2073 ) ) REPRESENTATION_CONTEXT ( 'NONE', 'WORKASPACE' ) );
#74 = CARTESIAN_POINT ( 'NONE',  ( 0.8953625233604830500, 1.499000000000000300, -1.158973516637517900 ) ) ;
#75 = LINE ( 'NONE', #1110, #1300 ) ;
#76 = VECTOR ( 'NONE', #2166, 1000.000000000000000 ) ;
#77 =( NAMED_UNIT ( * ) SI_UNIT ( $, .STERADIAN. ) SOLID_ANGLE_UNIT ( ) );
#78 = PRESENTATION_LAYER_ASSIGNMENT (  '', '', ( #2972 ) ) ;
#79 = CARTESIAN_POINT ( 'NONE',  ( 0.2511377952755904400, 1.500000000000000000, -0.5510629921259852000 ) ) ;
#80 = DIRECTION ( 'NONE',  ( -1.000000000000000000, 0.0000000000000000000, 1.726864204244106600E-015 ) ) ;
#81 = VERTEX_POINT ( 'NONE', #1594 ) ;
#82 = EDGE_CURVE ( 'NONE', #391, #1456, #658, .T. ) ;
#83 = UNCERTAINTY_MEASURE_WITH_UNIT (LENGTH_MEASURE( 1.000000000000000100E-005 ), #99, 'distance_accuracy_value', 'NONE');
#84 = LINE ( 'NONE', #3211, #1391 ) ;
#85 = SURFACE_SIDE_STYLE ('',( #715 ) ) ;
#86 = CARTESIAN_POINT ( 'NONE',  ( 1.544122212018435700, 1.500000000000000200, 0.6880001711715151300 ) ) ;
#87 = CARTESIAN_POINT ( 'NONE',  ( 0.0000000000000000000, 1.500000000000000000, -0.5510629921259847500 ) ) ;
#88 = VECTOR ( 'NONE', #389, 1000.000000000000000 ) ;
#89 = ADVANCED_FACE ( 'NONE', ( #1876 ), #2585, .F. ) ;
#90 = LINE ( 'NONE', #2361, #1311 ) ;
#91 = EDGE_CURVE ( 'NONE', #907, #2632, #331, .T. ) ;
#92 =( NAMED_UNIT ( * ) PLANE_ANGLE_UNIT ( ) SI_UNIT ( $, .RADIAN. ) );
#93 = CARTESIAN_POINT ( 'NONE',  ( 1.307326258058622500, 1.500000000000000700, 0.7414061159970056800 ) ) ;
#94 = PRESENTATION_STYLE_ASSIGNMENT (( #2654 ) ) ;
#95 =( NAMED_UNIT ( * ) SI_UNIT ( $, .STERADIAN. ) SOLID_ANGLE_UNIT ( ) );
#96 = SURFACE_STYLE_USAGE ( .BOTH. , #1557 ) ;
#97 = DIRECTION ( 'NONE',  ( -0.0000000000000000000, 1.000000000000000000, -0.0000000000000000000 ) ) ;
#98 = EDGE_CURVE ( 'NONE', #2848, #3008, #2306, .T. ) ;
#99 =( LENGTH_UNIT ( ) NAMED_UNIT ( * ) SI_UNIT ( .MILLI., .METRE. ) );
#100 = CARTESIAN_POINT ( 'NONE',  ( 1.680333660469139700, 1.500000000000000000, -0.05938710461581957200 ) ) ;
#101 = CARTESIAN_POINT ( 'NONE',  ( 0.8953625233604830500, 1.500000000000000700, -1.158973516637517900 ) ) ;
#102 =( NAMED_UNIT ( * ) SI_UNIT ( $, .STERADIAN. ) SOLID_ANGLE_UNIT ( ) );
#103 = PRESENTATION_STYLE_ASSIGNMENT (( #3033 ) ) ;
#104 = CARTESIAN_POINT ( 'NONE',  ( 0.0000000000000000000, 1.499000000000000100, -0.5510629921259847500 ) ) ;
#105 = AXIS2_PLACEMENT_3D ( 'NONE', #2546, #1071, #2796 ) ;
#106 = CARTESIAN_POINT ( 'NONE',  ( -1.779138873006797400, 1.499000000000000100, -1.600000000000000800 ) ) ;
#107 = CARTESIAN_POINT ( 'NONE',  ( -1.779138873006797400, 1.499000000000000100, -1.600000000000000800 ) ) ;
#108 = PLANE ( 'NONE',  #2415 ) ;
#109 = ORIENTED_EDGE ( 'NONE', *, *, #252, .T. ) ;
#110 = CARTESIAN_POINT ( 'NONE',  ( 1.480071792920451400, 1.499000000000000100, -0.09801568493842208200 ) ) ;
#111 = PRESENTATION_STYLE_ASSIGNMENT (( #775 ) ) ;
#112 = CARTESIAN_POINT ( 'NONE',  ( 1.751906728817887300, 1.500000000000000000, -0.05374485160508873900 ) ) ;
#113 = EDGE_LOOP ( 'NONE', ( #374, #2026, #2907, #1449 ) ) ;
#114 = CARTESIAN_POINT ( 'NONE',  ( 1.741952235316691400, 1.499000000000000100, -0.6950780002206795600 ) ) ;
#115 = FACE_OUTER_BOUND ( 'NONE', #2715, .T. ) ;
#116 = DIRECTION ( 'NONE',  ( 0.0000000000000000000, 0.0000000000000000000, 1.000000000000000000 ) ) ;
#117 = CARTESIAN_POINT ( 'NONE',  ( 1.741952235316691400, 1.499000000000000100, -0.6950780002206795600 ) ) ;
#118 = CARTESIAN_POINT ( 'NONE',  ( 0.8773183431569596700, 1.500000000000000700, -1.174403472743377000 ) ) ;
#119 = VERTEX_POINT ( 'NONE', #1808 ) ;
#120 = AXIS2_PLACEMENT_3D ( 'NONE', #969, #985, #1063 ) ;
#121 = CARTESIAN_POINT ( 'NONE',  ( 0.4893720472440967200, 1.500000000000000000, -0.01437007874015880200 ) ) ;
#122 = SURFACE_SIDE_STYLE ('',( #1897 ) ) ;
#123 = DIRECTION ( 'NONE',  ( -1.000000000000000000, 0.0000000000000000000, -2.644395542647572300E-016 ) ) ;
#124 = CARTESIAN_POINT ( 'NONE',  ( 1.548993573913792100, 1.499999999999999800, -0.7221465875065599100 ) ) ;
#125 = DIRECTION ( 'NONE',  ( 1.000000000000000000, 0.0000000000000000000, 0.0000000000000000000 ) ) ;
#126 = CARTESIAN_POINT ( 'NONE',  ( 1.307326258058622500, 1.499000000000001000, -0.7970554224645335400 ) ) ;
#127 = CARTESIAN_POINT ( 'NONE',  ( 0.8773183431569596700, 1.499000000000000300, -1.174403472743377000 ) ) ;
#128 = CARTESIAN_POINT ( 'NONE',  ( 0.4841181102362233100, 1.499000000000000100, -0.1780492125984266000 ) ) ;
#129 = ORIENTED_EDGE ( 'NONE', *, *, #2989, .F. ) ;
#130 = CARTESIAN_POINT ( 'NONE',  ( 1.114153073453909800, 1.498999999999999900, -0.8940135759377260100 ) ) ;
#131 = PRESENTATION_LAYER_ASSIGNMENT (  '', '', ( #280 ) ) ;
#132 = MECHANICAL_DESIGN_GEOMETRIC_PRESENTATION_REPRESENTATION (  '', ( #2850 ), #296 ) ;
#133 = DIRECTION ( 'NONE',  ( 1.000000000000000000, 0.0000000000000000000, 0.0000000000000000000 ) ) ;
#134 = STYLED_ITEM ( 'NONE', ( #1493 ), #1752 ) ;
#135 = ORIENTED_EDGE ( 'NONE', *, *, #2384, .F. ) ;
#136 = EDGE_LOOP ( 'NONE', ( #789, #479, #2468, #794 ) ) ;
#137 = CARTESIAN_POINT ( 'NONE',  ( 0.8684932672794256600, 1.500000000000000700, -1.181949979810217100 ) ) ;
#138 = EDGE_CURVE ( 'NONE', #265, #2210, #999, .T. ) ;
#139 = CARTESIAN_POINT ( 'NONE',  ( 0.2511377952755904400, 1.499000000000000100, -0.5510629921259852000 ) ) ;
#140 = STYLED_ITEM ( 'NONE', ( #979 ), #3024 ) ;
#141 = ORIENTED_EDGE ( 'NONE', *, *, #2151, .T. ) ;
#142 = SURFACE_STYLE_USAGE ( .BOTH. , #1859 ) ;
#143 = CARTESIAN_POINT ( 'NONE',  ( 1.610805886107622000, 1.498999999999999700, -0.8381423222738732000 ) ) ;
#144 = CARTESIAN_POINT ( 'NONE',  ( 0.9200193266988363500, 1.499999999999999800, -1.029464509995124300 ) ) ;
#145 = PRESENTATION_STYLE_ASSIGNMENT (( #2971 ) ) ;
#146 = VERTEX_POINT ( 'NONE', #2568 ) ;
#147 = CARTESIAN_POINT ( 'NONE',  ( 1.741952235316691600, 1.499000000000000300, 0.8433835382408589900 ) ) ;
#148 = DIRECTION ( 'NONE',  ( -0.0000000000000000000, 0.0000000000000000000, -1.000000000000000000 ) ) ;
#149 = CARTESIAN_POINT ( 'NONE',  ( 0.9241035623546725000, 1.499000000000000300, -1.136619356654617900 ) ) ;
#150 = ORIENTED_EDGE ( 'NONE', *, *, #2801, .F. ) ;
#151 = EDGE_CURVE ( 'NONE', #3008, #2349, #2806, .T. ) ;
#152 = CARTESIAN_POINT ( 'NONE',  ( -0.3143562992125948400, 1.500000000000000000, 0.5383602362204742400 ) ) ;
#153 = FILL_AREA_STYLE ('',( #166 ) ) ;
#154 = CARTESIAN_POINT ( 'NONE',  ( 1.450844423491869200, 1.499000000000000300, 0.6626849795028626500 ) ) ;
#155 = CARTESIAN_POINT ( 'NONE',  ( 1.604999999999999800, -0.1000000000000000100, 1.625000000000000400 ) ) ;
#156 =( GEOMETRIC_REPRESENTATION_CONTEXT ( 3 ) GLOBAL_UNCERTAINTY_ASSIGNED_CONTEXT ( ( #187 ) ) GLOBAL_UNIT_ASSIGNED_CONTEXT ( ( #2102, #2139, #2277 ) ) REPRESENTATION_CONTEXT ( 'NONE', 'WORKASPACE' ) );
#157 = LINE ( 'NONE', #1128, #2720 ) ;
#158 = CARTESIAN_POINT ( 'NONE',  ( 1.727777239659924500, 1.500000000000000000, -0.8248777983726034400 ) ) ;
#159 = ORIENTED_EDGE ( 'NONE', *, *, #222, .F. ) ;
#160 = CARTESIAN_POINT ( 'NONE',  ( 1.741952235316691600, 1.500000000000000400, 0.8433835382408589900 ) ) ;
#161 = PLANE ( 'NONE',  #2511 ) ;
#162 = ADVANCED_FACE ( 'NONE', ( #2897 ), #2556, .F. ) ;
#163 =( NAMED_UNIT ( * ) PLANE_ANGLE_UNIT ( ) SI_UNIT ( $, .RADIAN. ) );
#164 = STYLED_ITEM ( 'NONE', ( #1536 ), #1307 ) ;
#165 = CARTESIAN_POINT ( 'NONE',  ( 1.751906728817887300, 1.499000000000000100, 0.8436910458308086700 ) ) ;
#166 = FILL_AREA_STYLE_COLOUR ( '', #3158 ) ;
#167 = EDGE_CURVE ( 'NONE', #3053, #2858, #1251, .T. ) ;
#168 = CARTESIAN_POINT ( 'NONE',  ( 1.022092828796336200, 1.500000000000000200, 0.4686843283626304600 ) ) ;
#169 = CARTESIAN_POINT ( 'NONE',  ( -0.3478405511811028000, 1.500000000000000000, -0.4493740157480306000 ) ) ;
#170 = CARTESIAN_POINT ( 'NONE',  ( 1.604999999999999800, -0.1000000000000000100, -1.625000000000000400 ) ) ;
#171 = FILL_AREA_STYLE ('',( #413 ) ) ;
#172 = DIRECTION ( 'NONE',  ( -1.000000000000000000, -0.0000000000000000000, -0.0000000000000000000 ) ) ;
#173 = PLANE ( 'NONE',  #3139 ) ;
#174 = EDGE_LOOP ( 'NONE', ( #3013, #288, #1933, #1067 ) ) ;
#175 = FILL_AREA_STYLE ('',( #186 ) ) ;
#176 = FILL_AREA_STYLE_COLOUR ( '', #1600 ) ;
#177 =( LENGTH_UNIT ( ) NAMED_UNIT ( * ) SI_UNIT ( .MILLI., .METRE. ) );
#178 = CARTESIAN_POINT ( 'NONE',  ( 0.4841181102362233100, 1.500000000000000000, -0.1780492125984266000 ) ) ;
#179 =( NAMED_UNIT ( * ) SI_UNIT ( $, .STERADIAN. ) SOLID_ANGLE_UNIT ( ) );
#180 = B_SPLINE_SURFACE_WITH_KNOTS ( 'NONE', 3, 1, ( 
 ( #792, #3023 ),
 ( #1275, #1036 ),
 ( #2509, #785 ),
 ( #2272, #544 ),
 ( #2020, #290 ),
 ( #1758, #422 ),
 ( #1890, #168 ),
 ( #1641, #3144 ),
 ( #1392, #2885 ),
 ( #1134, #2637 ),
 ( #891, #2385 ),
 ( #662, #2133 ),
 ( #410, #1873 ),
 ( #154, #1634 ),
 ( #3130, #1376 ) ),
 .UNSPECIFIED., .F., .F., .F.,
 ( 4, 1, 1, 1, 1, 1, 1, 1, 1, 1, 1, 1, 4 ),
 ( 2, 2 ),
 ( 0.0000000000000000000, 0.05027287497458368700, 0.1027903700748774900, 0.1576131012369290900, 0.2146311133156755800, 0.2740612127265388300, 0.3356974550538851500, 0.4000702787165527100, 0.4668267493853399700, 0.6020780869193701500, 0.7357515335047494200, 0.8682046170340282900, 1.000000000000000000 ),
 ( 0.0000000000000000000, 1.000000000000000000 ),
 .UNSPECIFIED. ) ;
#181 = CARTESIAN_POINT ( 'NONE',  ( -0.8876929133858242300, 1.499000000000000100, -0.2407657480314929800 ) ) ;
#182 = CARTESIAN_POINT ( 'NONE',  ( 1.151362903670955800, 1.499999999999999800, -0.9960006879916683000 ) ) ;
#183 = CARTESIAN_POINT ( 'NONE',  ( -0.3166751968503908100, 1.499000000000000100, 0.3254724409448839200 ) ) ;
#184 = AXIS2_PLACEMENT_3D ( 'NONE', #902, #1632, #1806 ) ;
#185 = MECHANICAL_DESIGN_GEOMETRIC_PRESENTATION_REPRESENTATION (  '', ( #3065 ), #342 ) ;
#186 = FILL_AREA_STYLE_COLOUR ( '', #1540 ) ;
#187 = UNCERTAINTY_MEASURE_WITH_UNIT (LENGTH_MEASURE( 1.000000000000000100E-005 ), #2102, 'distance_accuracy_value', 'NONE');
#188 = DIRECTION ( 'NONE',  ( -1.000000000000000000, 0.0000000000000000000, 0.0000000000000000000 ) ) ;
#189 = COLOUR_RGB ( '',1.000000000000000000, 1.000000000000000000, 1.000000000000000000 ) ;
#190 = CARTESIAN_POINT ( 'NONE',  ( 0.0000000000000000000, 1.500000000000000000, -0.5510629921259847500 ) ) ;
#191 = ORIENTED_EDGE ( 'NONE', *, *, #1074, .F. ) ;
#192 = CARTESIAN_POINT ( 'NONE',  ( 0.8953625233604828300, 1.500000000000000200, -0.3897427474067484700 ) ) ;
#193 = DIRECTION ( 'NONE',  ( 0.0000000000000000000, 0.0000000000000000000, -1.000000000000000000 ) ) ;
#194 = CARTESIAN_POINT ( 'NONE',  ( -0.3143562992125948400, 1.499000000000000100, 0.5383602362204742400 ) ) ;
#195 = CARTESIAN_POINT ( 'NONE',  ( 1.751906728817887300, 1.499000000000000100, -0.05374485160508873900 ) ) ;
#196 = CARTESIAN_POINT ( 'NONE',  ( -0.6245137795275572700, 1.500000000000000000, -0.4582499999999971600 ) ) ;
#197 = EDGE_LOOP ( 'NONE', ( #2008, #2986, #2433, #2544 ) ) ;
#198 = EDGE_CURVE ( 'NONE', #3011, #1761, #21, .T. ) ;
#199 = PRESENTATION_STYLE_ASSIGNMENT (( #2336 ) ) ;
#200 = FACE_OUTER_BOUND ( 'NONE', #505, .T. ) ;
#201 = CARTESIAN_POINT ( 'NONE',  ( 0.4027539370078745400, 1.499000000000000100, -0.3633523622047243900 ) ) ;
#202 = DIRECTION ( 'NONE',  ( 1.000000000000000000, -0.0000000000000000000, 0.0000000000000000000 ) ) ;
#203 = SURFACE_STYLE_FILL_AREA ( #1912 ) ;
#204 = PRESENTATION_STYLE_ASSIGNMENT (( #398 ) ) ;
#205 = CARTESIAN_POINT ( 'NONE',  ( 1.455842603308309800, 1.500000000000000000, -0.7457361340887325200 ) ) ;
#206 = AXIS2_PLACEMENT_3D ( 'NONE', #2839, #1397, #3152 ) ;
#207 = CARTESIAN_POINT ( 'NONE',  ( 0.8684932672794256600, 1.500000000000000000, -0.4127192105794477200 ) ) ;
#208 = DIRECTION ( 'NONE',  ( -1.000000000000000000, 0.0000000000000000000, 0.0000000000000000000 ) ) ;
#209 = FACE_OUTER_BOUND ( 'NONE', #197, .T. ) ;
#210 = EDGE_CURVE ( 'NONE', #2771, #2617, #2269, .T. ) ;
#211 = CARTESIAN_POINT ( 'NONE',  ( 1.480071792920451400, 1.500000000000000000, 0.6712150842923471100 ) ) ;
#212 = DIRECTION ( 'NONE',  ( 0.0000000000000000000, -1.000000000000000000, 0.0000000000000000000 ) ) ;
#213 =( GEOMETRIC_REPRESENTATION_CONTEXT ( 3 ) GLOBAL_UNCERTAINTY_ASSIGNED_CONTEXT ( ( #764 ) ) GLOBAL_UNIT_ASSIGNED_CONTEXT ( ( #1630, #1602, #2606 ) ) REPRESENTATION_CONTEXT ( 'NONE', 'WORKASPACE' ) );
#214 = DIRECTION ( 'NONE',  ( 1.000000000000000000, 0.0000000000000000000, 0.0000000000000000000 ) ) ;
#215 = CARTESIAN_POINT ( 'NONE',  ( 0.4027539370078745400, 1.500000000000000000, -0.3633523622047243900 ) ) ;
#216 = CARTESIAN_POINT ( 'NONE',  ( 0.8929323698435282000, 1.499999999999999800, -1.053744851605088900 ) ) ;
#217 = CARTESIAN_POINT ( 'NONE',  ( 1.727777239659924900, 1.499000000000000300, -0.05564702914183387900 ) ) ;
#218 = FILL_AREA_STYLE_COLOUR ( '', #1334 ) ;
#219 = VERTEX_POINT ( 'NONE', #2322 ) ;
#220 = CARTESIAN_POINT ( 'NONE',  ( -1.604999999999999800, -0.1000000000000000100, 1.625000000000000000 ) ) ;
#221 = CARTESIAN_POINT ( 'NONE',  ( 1.721481405670426200, 1.500000000000000200, 0.07352039776106124300 ) ) ;
#222 = EDGE_CURVE ( 'NONE', #2128, #2848, #609, .T. ) ;
#223 = ORIENTED_EDGE ( 'NONE', *, *, #1, .T. ) ;
#224 = ORIENTED_EDGE ( 'NONE', *, *, #1212, .T. ) ;
#225 = CARTESIAN_POINT ( 'NONE',  ( 1.610805886107622000, 1.498999999999999700, -0.06891155304310434000 ) ) ;
#226 = CARTESIAN_POINT ( 'NONE',  ( 0.7647272416384000000, 1.499000000000000100, -1.181949979810216900 ) ) ;
#227 = FACE_OUTER_BOUND ( 'NONE', #2308, .T. ) ;
#228 = VERTEX_POINT ( 'NONE', #1052 ) ;
#229 = COLOUR_RGB ( '',0.1921568627450980200, 0.2039215686274509800, 0.2039215686274509800 ) ;
#230 = CARTESIAN_POINT ( 'NONE',  ( 1.690025797102461900, 1.499999999999999800, 0.8399547696164519900 ) ) ;
#231 =( GEOMETRIC_REPRESENTATION_CONTEXT ( 3 ) GLOBAL_UNCERTAINTY_ASSIGNED_CONTEXT ( ( #37 ) ) GLOBAL_UNIT_ASSIGNED_CONTEXT ( ( #1158, #983, #1378 ) ) REPRESENTATION_CONTEXT ( 'NONE', 'WORKASPACE' ) );
#232 = CARTESIAN_POINT ( 'NONE',  ( 0.8929323698435283100, 1.499999999999999800, 0.4847166868564497500 ) ) ;
#233 = ORIENTED_EDGE ( 'NONE', *, *, #2742, .F. ) ;
#234 = EDGE_CURVE ( 'NONE', #119, #1793, #1176, .T. ) ;
#235 = ORIENTED_EDGE ( 'NONE', *, *, #45, .T. ) ;
#236 = PRODUCT_CONTEXT ( 'NONE', #2209, 'mechanical' ) ;
#237 = CARTESIAN_POINT ( 'NONE',  ( 1.680333660469139700, 1.499000000000000100, -0.05938710461581957200 ) ) ;
#238 = CARTESIAN_POINT ( 'NONE',  ( 1.043424900257970500, 1.500000000000000200, 0.6006602812686832000 ) ) ;
#239 = DIRECTION ( 'NONE',  ( -1.000000000000000000, -0.0000000000000000000, 1.726864204244106600E-015 ) ) ;
#240 = COLOUR_RGB ( '',1.000000000000000000, 1.000000000000000000, 1.000000000000000000 ) ;
#241 = ORIENTED_EDGE ( 'NONE', *, *, #138, .T. ) ;
#242 = COLOUR_RGB ( '',1.000000000000000000, 1.000000000000000000, 1.000000000000000000 ) ;
#243 = PLANE ( 'NONE',  #737 ) ;
#244 = FILL_AREA_STYLE ('',( #1625 ) ) ;
#245 = MECHANICAL_DESIGN_GEOMETRIC_PRESENTATION_REPRESENTATION (  '', ( #2972 ), #417 ) ;
#246 = CARTESIAN_POINT ( 'NONE',  ( -0.3166751968503908100, 1.499000000000000100, 0.3254724409448839200 ) ) ;
#247 = EDGE_CURVE ( 'NONE', #1034, #804, #527, .T. ) ;
#248 = ORIENTED_EDGE ( 'NONE', *, *, #1943, .F. ) ;
#249 = CARTESIAN_POINT ( 'NONE',  ( 1.501180092310290000, 1.499000000000000300, -0.09248403277877104100 ) ) ;
#250 = CARTESIAN_POINT ( 'NONE',  ( 1.480071792920451400, 1.500000000000000000, -0.8672464541691913300 ) ) ;
#251 =( LENGTH_UNIT ( ) NAMED_UNIT ( * ) SI_UNIT ( .MILLI., .METRE. ) );
#252 = EDGE_CURVE ( 'NONE', #1431, #2948, #2426, .T. ) ;
#253 = CARTESIAN_POINT ( 'NONE',  ( 1.610805886107622000, 1.498999999999999700, 0.7003192161876645700 ) ) ;
#254 = PRESENTATION_STYLE_ASSIGNMENT (( #142 ) ) ;
#255 = STYLED_ITEM ( 'NONE', ( #1061 ), #2260 ) ;
#256 = SURFACE_STYLE_FILL_AREA ( #2316 ) ;
#257 = EDGE_CURVE ( 'NONE', #1793, #1900, #1749, .T. ) ;
#258 = ORIENTED_EDGE ( 'NONE', *, *, #3218, .F. ) ;
#259 = SURFACE_STYLE_FILL_AREA ( #171 ) ;
#260 = EDGE_LOOP ( 'NONE', ( #241, #786, #1753, #1291 ) ) ;
#261 = CARTESIAN_POINT ( 'NONE',  ( 1.544122212018435700, 1.499000000000000300, -0.08123059805925426900 ) ) ;
#262 = DIRECTION ( 'NONE',  ( -0.0000000000000000000, 0.0000000000000000000, 1.000000000000000000 ) ) ;
#263 = B_SPLINE_CURVE_WITH_KNOTS ( 'NONE', 3,
 ( #2396, #2653, #1659, #183 ),
 .UNSPECIFIED., .F., .F.,
 ( 4, 4 ),
 ( 0.7272727272727274000, 0.8181818181818183400 ),
 .UNSPECIFIED. ) ;
#264 = CARTESIAN_POINT ( 'NONE',  ( 1.751906728817887300, 1.499000000000000100, -0.05374485160508873900 ) ) ;
#265 = VERTEX_POINT ( 'NONE', #404 ) ;
#266 = PRESENTATION_LAYER_ASSIGNMENT (  '', '', ( #3169 ) ) ;
#267 = FACE_OUTER_BOUND ( 'NONE', #3227, .T. ) ;
#268 = SURFACE_STYLE_FILL_AREA ( #2895 ) ;
#269 = ORIENTED_EDGE ( 'NONE', *, *, #554, .F. ) ;
#270 = VECTOR ( 'NONE', #597, 1000.000000000000000 ) ;
#271 = DIRECTION ( 'NONE',  ( 1.000000000000000000, 0.0000000000000000000, 0.0000000000000000000 ) ) ;
#272 = UNCERTAINTY_MEASURE_WITH_UNIT (LENGTH_MEASURE( 1.000000000000000100E-005 ), #1682, 'distance_accuracy_value', 'NONE');
#273 = PRESENTATION_STYLE_ASSIGNMENT (( #2389 ) ) ;
#274 = LINE ( 'NONE', #892, #934 ) ;
#275 = CARTESIAN_POINT ( 'NONE',  ( 1.604999999999999800, -0.1000000000000000100, -1.625000000000000400 ) ) ;
#276 = VECTOR ( 'NONE', #1428, 1000.000000000000000 ) ;
#277 = UNCERTAINTY_MEASURE_WITH_UNIT (LENGTH_MEASURE( 1.000000000000000100E-005 ), #1172, 'distance_accuracy_value', 'NONE');
#278 = FACE_OUTER_BOUND ( 'NONE', #2263, .T. ) ;
#279 = STYLED_ITEM ( 'NONE', ( #2589 ), #788 ) ;
#280 = STYLED_ITEM ( 'NONE', ( #1558 ), #162 ) ;
#281 = CARTESIAN_POINT ( 'NONE',  ( 0.8684932672794256600, 1.499000000000000100, -0.4127192105794477200 ) ) ;
#282 = CARTESIAN_POINT ( 'NONE',  ( -0.2283818897637797400, 1.500000000000000000, -0.3280688976377950600 ) ) ;
#283 = B_SPLINE_CURVE_WITH_KNOTS ( 'NONE', 3,
 ( #152, #322, #397, #357 ),
 .UNSPECIFIED., .F., .F.,
 ( 4, 4 ),
 ( 0.09090909090909091200, 0.1818181818181818200 ),
 .UNSPECIFIED. ) ;
#284 = PRESENTATION_LAYER_ASSIGNMENT (  '', '', ( #3192 ) ) ;
#285 = ORIENTED_EDGE ( 'NONE', *, *, #3100, .F. ) ;
#286 = SURFACE_STYLE_USAGE ( .BOTH. , #298 ) ;
#287 = DIRECTION ( 'NONE',  ( -0.0000000000000000000, -0.0000000000000000000, -1.000000000000000000 ) ) ;
#288 = ORIENTED_EDGE ( 'NONE', *, *, #2247, .F. ) ;
#289 = ORIENTED_EDGE ( 'NONE', *, *, #2785, .F. ) ;
#290 = CARTESIAN_POINT ( 'NONE',  ( 0.9547048450400021900, 1.500000000000000200, 0.4243094341581955500 ) ) ;
#291 = ADVANCED_FACE ( 'NONE', ( #2351 ), #1367, .T. ) ;
#292 = LINE ( 'NONE', #394, #1605 ) ;
#293 = EDGE_LOOP ( 'NONE', ( #2705, #1886, #2108, #2722 ) ) ;
#294 = FACE_OUTER_BOUND ( 'NONE', #1987, .T. ) ;
#295 = MECHANICAL_DESIGN_GEOMETRIC_PRESENTATION_REPRESENTATION (  '', ( #280 ), #478 ) ;
#296 =( GEOMETRIC_REPRESENTATION_CONTEXT ( 3 ) GLOBAL_UNCERTAINTY_ASSIGNED_CONTEXT ( ( #998 ) ) GLOBAL_UNIT_ASSIGNED_CONTEXT ( ( #1537, #70, #1775 ) ) REPRESENTATION_CONTEXT ( 'NONE', 'WORKASPACE' ) );
#297 = ORIENTED_EDGE ( 'NONE', *, *, #1740, .F. ) ;
#298 = SURFACE_SIDE_STYLE ('',( #1233 ) ) ;
#299 = CARTESIAN_POINT ( 'NONE',  ( 0.8773183431569596700, 1.499000000000000300, -1.174403472743377000 ) ) ;
#300 = AXIS2_PLACEMENT_3D ( 'NONE', #510, #502, #494 ) ;
#301 = ORIENTED_EDGE ( 'NONE', *, *, #2233, .T. ) ;
#302 = B_SPLINE_CURVE_WITH_KNOTS ( 'NONE', 3,
 ( #2063, #1312, #825, #2557 ),
 .UNSPECIFIED., .F., .F.,
 ( 4, 4 ),
 ( 0.3636363636363636500, 0.4545454545454545900 ),
 .UNSPECIFIED. ) ;
#303 =( LENGTH_UNIT ( ) NAMED_UNIT ( * ) SI_UNIT ( .MILLI., .METRE. ) );
#304 = EDGE_CURVE ( 'NONE', #2858, #1042, #1852, .T. ) ;
#305 = CARTESIAN_POINT ( 'NONE',  ( 0.9547048450400021900, 1.499000000000000300, -0.3449213350725736600 ) ) ;
#306 = AXIS2_PLACEMENT_3D ( 'NONE', #1685, #214, #1945 ) ;
#307 = VECTOR ( 'NONE', #1591, 1000.000000000000000 ) ;
#308 = ORIENTED_EDGE ( 'NONE', *, *, #705, .T. ) ;
#309 = LINE ( 'NONE', #1282, #975 ) ;
#310 = ORIENTED_EDGE ( 'NONE', *, *, #1079, .F. ) ;
#311 = ADVANCED_FACE ( 'NONE', ( #1202 ), #2317, .F. ) ;
#312 = SURFACE_STYLE_FILL_AREA ( #2695 ) ;
#313 = DIRECTION ( 'NONE',  ( 1.000000000000000000, 0.0000000000000000000, 0.0000000000000000000 ) ) ;
#314 = CARTESIAN_POINT ( 'NONE',  ( 0.8684932672794256600, 1.499000000000000100, -1.181949979810216900 ) ) ;
#315 = CARTESIAN_POINT ( 'NONE',  ( -2.149999999999999900, 1.500000000000000000, 2.149999999999999900 ) ) ;
#316 = CARTESIAN_POINT ( 'NONE',  ( -1.779138873006797400, 1.499000000000000100, 1.599999999999999400 ) ) ;
#317 = UNCERTAINTY_MEASURE_WITH_UNIT (LENGTH_MEASURE( 1.000000000000000100E-005 ), #738, 'distance_accuracy_value', 'NONE');
#318 = DIRECTION ( 'NONE',  ( 0.0000000000000000000, 0.0000000000000000000, 1.000000000000000000 ) ) ;
#319 = CARTESIAN_POINT ( 'NONE',  ( 1.657007087844693200, 1.499000000000000300, 0.8362302238642553800 ) ) ;
#320 = PRESENTATION_STYLE_ASSIGNMENT (( #452 ) ) ;
#321 = FILL_AREA_STYLE ('',( #395 ) ) ;
#322 = CARTESIAN_POINT ( 'NONE',  ( 0.1962598425196884200, 1.500000000000000000, 0.6777362204724415300 ) ) ;
#323 =( NAMED_UNIT ( * ) PLANE_ANGLE_UNIT ( ) SI_UNIT ( $, .RADIAN. ) );
#324 = AXIS2_PLACEMENT_3D ( 'NONE', #1062, #1054, #1044 ) ;
#325 = ADVANCED_FACE ( 'NONE', ( #982 ), #2918, .F. ) ;
#326 =( LENGTH_UNIT ( ) NAMED_UNIT ( * ) SI_UNIT ( .MILLI., .METRE. ) );
#327 = CARTESIAN_POINT ( 'NONE',  ( 1.022092828796336200, 1.499000000000000300, -0.3005464408681388100 ) ) ;
#328 = DIRECTION ( 'NONE',  ( -0.0000000000000000000, 1.000000000000000000, -0.0000000000000000000 ) ) ;
#329 = LINE ( 'NONE', #1440, #1644 ) ;
#330 = CARTESIAN_POINT ( 'NONE',  ( 1.751906728817887300, 1.499000000000000100, 0.7154859176256804800 ) ) ;
#331 = LINE ( 'NONE', #835, #1651 ) ;
#332 = FILL_AREA_STYLE_COLOUR ( '', #778 ) ;
#333 = ORIENTED_EDGE ( 'NONE', *, *, #210, .T. ) ;
#334 = EDGE_LOOP ( 'NONE', ( #964, #629, #2744, #1786 ) ) ;
#335 =( LENGTH_UNIT ( ) NAMED_UNIT ( * ) SI_UNIT ( .MILLI., .METRE. ) );
#336 = ORIENTED_EDGE ( 'NONE', *, *, #1074, .T. ) ;
#337 = CARTESIAN_POINT ( 'NONE',  ( 0.3034625984251982900, 1.499000000000000100, 0.0000000000000000000 ) ) ;
#338 =( NAMED_UNIT ( * ) PLANE_ANGLE_UNIT ( ) SI_UNIT ( $, .RADIAN. ) );
#339 = CARTESIAN_POINT ( 'NONE',  ( 1.751906728817887300, 1.499000000000000100, -0.6947704926307297600 ) ) ;
#340 = EDGE_LOOP ( 'NONE', ( #1829, #534, #3096, #2434 ) ) ;
#341 = PRESENTATION_LAYER_ASSIGNMENT (  '', '', ( #12 ) ) ;
#342 =( GEOMETRIC_REPRESENTATION_CONTEXT ( 3 ) GLOBAL_UNCERTAINTY_ASSIGNED_CONTEXT ( ( #1268 ) ) GLOBAL_UNIT_ASSIGNED_CONTEXT ( ( #303, #1765, #52 ) ) REPRESENTATION_CONTEXT ( 'NONE', 'WORKASPACE' ) );
#343 =( NAMED_UNIT ( * ) SI_UNIT ( $, .STERADIAN. ) SOLID_ANGLE_UNIT ( ) );
#344 = CARTESIAN_POINT ( 'NONE',  ( 0.7647272416384000000, 1.499000000000000100, 0.9975371996769626400 ) ) ;
#345 = LINE ( 'NONE', #264, #2910 ) ;
#346 = STYLED_ITEM ( 'NONE', ( #1618 ), #805 ) ;
#347 = CARTESIAN_POINT ( 'NONE',  ( 2.149999999999999900, 0.0000000000000000000, -2.149999999999999900 ) ) ;
#348 = VECTOR ( 'NONE', #918, 1000.000000000000000 ) ;
#349 = VERTEX_POINT ( 'NONE', #1096 ) ;
#350 = LINE ( 'NONE', #2141, #840 ) ;
#351 = LINE ( 'NONE', #1129, #2252 ) ;
#352 = CARTESIAN_POINT ( 'NONE',  ( 1.480071792920451400, 1.500000000000000000, 0.6712150842923471100 ) ) ;
#353 = SURFACE_SIDE_STYLE ('',( #1484 ) ) ;
#354 = VECTOR ( 'NONE', #1661, 1000.000000000000000 ) ;
#355 = CARTESIAN_POINT ( 'NONE',  ( 0.8684932672794256600, 1.499000000000000300, -1.181949979810217100 ) ) ;
#356 = EDGE_CURVE ( 'NONE', #2632, #2902, #755, .T. ) ;
#357 = CARTESIAN_POINT ( 'NONE',  ( 0.4893720472440967200, 1.500000000000000000, -0.01437007874015880200 ) ) ;
#358 =( NAMED_UNIT ( * ) PLANE_ANGLE_UNIT ( ) SI_UNIT ( $, .RADIAN. ) );
#359 =( NAMED_UNIT ( * ) PLANE_ANGLE_UNIT ( ) SI_UNIT ( $, .RADIAN. ) );
#360 = CARTESIAN_POINT ( 'NONE',  ( 1.721481405670426400, 1.499000000000000100, -0.6957103714697081600 ) ) ;
#361 = SURFACE_SIDE_STYLE ('',( #3184 ) ) ;
#362 = PRESENTATION_LAYER_ASSIGNMENT (  '', '', ( #24 ) ) ;
#363 = CARTESIAN_POINT ( 'NONE',  ( -0.7046437007874008000, 1.499000000000000100, -0.1909606299212582800 ) ) ;
#364 = EDGE_CURVE ( 'NONE', #1329, #2128, #2646, .T. ) ;
#365 = ORIENTED_EDGE ( 'NONE', *, *, #252, .F. ) ;
#366 = CARTESIAN_POINT ( 'NONE',  ( 0.8929323698435282000, 1.499000000000000100, -0.5409243387845759100 ) ) ;
#367 = CARTESIAN_POINT ( 'NONE',  ( -0.3166751968503908100, 1.500000000000000000, 0.3254724409448839200 ) ) ;
#368 = DIRECTION ( 'NONE',  ( 0.0000000000000000000, 0.0000000000000000000, -1.000000000000000000 ) ) ;
#369 =( LENGTH_UNIT ( ) NAMED_UNIT ( * ) SI_UNIT ( .MILLI., .METRE. ) );
#370 = B_SPLINE_SURFACE_WITH_KNOTS ( 'NONE', 3, 1, ( 
 ( #1156, #946 ),
 ( #1712, #1784 ),
 ( #1940, #1727 ),
 ( #2003, #2690 ),
 ( #2942, #2761 ),
 ( #2718, #2698 ),
 ( #1459, #2757 ) ),
 .UNSPECIFIED., .F., .F., .F.,
 ( 4, 1, 1, 1, 4 ),
 ( 2, 2 ),
 ( 0.0000000000000000000, 0.2372165186042098400, 0.4825864912431355200, 0.7368469271779311000, 1.000000000000000000 ),
 ( 0.0000000000000000000, 1.000000000000000000 ),
 .UNSPECIFIED. ) ;
#371 = STYLED_ITEM ( 'NONE', ( #3161 ), #2802 ) ;
#372 = DIRECTION ( 'NONE',  ( 1.000000000000000000, 0.0000000000000000000, 0.0000000000000000000 ) ) ;
#373 = SURFACE_STYLE_FILL_AREA ( #2401 ) ;
#374 = ORIENTED_EDGE ( 'NONE', *, *, #1926, .F. ) ;
#375 = CARTESIAN_POINT ( 'NONE',  ( 1.509960204297906800, 1.500000000000000000, -0.7316628569011275300 ) ) ;
#376 = CARTESIAN_POINT ( 'NONE',  ( 1.509960204297905900, 1.500000000000000000, 0.8067986815604110100 ) ) ;
#377 = ORIENTED_EDGE ( 'NONE', *, *, #2255, .F. ) ;
#378 = VECTOR ( 'NONE', #2447, 1000.000000000000000 ) ;
#379 = CARTESIAN_POINT ( 'NONE',  ( 1.163981641328089500, 1.499000000000000100, -0.8653319817567219900 ) ) ;
#380 = UNCERTAINTY_MEASURE_WITH_UNIT (LENGTH_MEASURE( 1.000000000000000100E-005 ), #2547, 'distance_accuracy_value', 'NONE');
#381 = CARTESIAN_POINT ( 'NONE',  ( 0.9241035623546725000, 1.500000000000000700, -1.136619356654617900 ) ) ;
#382 = EDGE_CURVE ( 'NONE', #2428, #3201, #1989, .T. ) ;
#383 = AXIS2_PLACEMENT_3D ( 'NONE', #2198, #3212, #1710 ) ;
#384 = LINE ( 'NONE', #1983, #1030 ) ;
#385 = VERTEX_POINT ( 'NONE', #2429 ) ;
#386 =( LENGTH_UNIT ( ) NAMED_UNIT ( * ) SI_UNIT ( .MILLI., .METRE. ) );
#387 = CARTESIAN_POINT ( 'NONE',  ( 1.077946915374149200, 1.499000000000000300, -0.9155614524571557000 ) ) ;
#388 = ORIENTED_EDGE ( 'NONE', *, *, #2922, .T. ) ;
#389 = DIRECTION ( 'NONE',  ( 1.000000000000000000, -0.0000000000000000000, -2.644395542647572300E-016 ) ) ;
#390 = FACE_OUTER_BOUND ( 'NONE', #1043, .T. ) ;
#391 = VERTEX_POINT ( 'NONE', #330 ) ;
#392 = FILL_AREA_STYLE_COLOUR ( '', #2477 ) ;
#393 = VECTOR ( 'NONE', #1546, 1000.000000000000100 ) ;
#394 = CARTESIAN_POINT ( 'NONE',  ( -1.779138873006797400, 1.499000000000000100, 1.599999999999999400 ) ) ;
#395 = FILL_AREA_STYLE_COLOUR ( '', #2473 ) ;
#396 = ORIENTED_EDGE ( 'NONE', *, *, #2028, .T. ) ;
#397 = CARTESIAN_POINT ( 'NONE',  ( 0.5016948818897674100, 1.500000000000000000, 0.3696161417322832400 ) ) ;
#398 = SURFACE_STYLE_USAGE ( .BOTH. , #856 ) ;
#399 = EDGE_CURVE ( 'NONE', #2046, #1294, #1236, .T. ) ;
#400 = FILL_AREA_STYLE ('',( #648 ) ) ;
#401 = CARTESIAN_POINT ( 'NONE',  ( 1.727777239659924500, 1.499000000000000100, -0.8248777983726034400 ) ) ;
#402 = CARTESIAN_POINT ( 'NONE',  ( 0.9018817286005941200, 1.499999999999999800, -1.045722780725276900 ) ) ;
#403 = DIRECTION ( 'NONE',  ( 0.0000000000000000000, 0.0000000000000000000, 1.000000000000000000 ) ) ;
#404 = CARTESIAN_POINT ( 'NONE',  ( -1.579138873006797000, 1.499000000000000100, -1.600000000000000800 ) ) ;
#405 = CARTESIAN_POINT ( 'NONE',  ( 0.8929323698435282000, 1.500000000000000000, -0.5409243387845759100 ) ) ;
#406 = SURFACE_STYLE_FILL_AREA ( #244 ) ;
#407 = CARTESIAN_POINT ( 'NONE',  ( 2.149999999999999900, 0.0000000000000000000, 2.149999999999999900 ) ) ;
#408 = DIRECTION ( 'NONE',  ( -0.0000000000000000000, 1.000000000000000000, -0.0000000000000000000 ) ) ;
#409 = B_SPLINE_SURFACE_WITH_KNOTS ( 'NONE', 3, 1, ( 
 ( #1033, #367 ),
 ( #622, #2067 ),
 ( #2103, #2079 ),
 ( #1867, #2580 ) ),
 .UNSPECIFIED., .F., .F., .F.,
 ( 4, 4 ),
 ( 2, 2 ),
 ( 0.6363636363636364600, 0.7272727272727274000 ),
 ( 0.0000000000000000000, 1.000000000000000000 ),
 .UNSPECIFIED. ) ;
#410 = CARTESIAN_POINT ( 'NONE',  ( 1.392243830835394800, 1.499000000000000300, 0.6455822020083957800 ) ) ;
#411 = DIRECTION ( 'NONE',  ( -1.000000000000000000, 0.0000000000000000000, -2.644395542647572300E-016 ) ) ;
#412 = ADVANCED_FACE ( 'NONE', ( #681 ), #594, .F. ) ;
#413 = FILL_AREA_STYLE_COLOUR ( '', #916 ) ;
#414 = DIRECTION ( 'NONE',  ( -0.0000000000000000000, 1.000000000000000000, -0.0000000000000000000 ) ) ;
#415 = STYLED_ITEM ( 'NONE', ( #1908 ), #412 ) ;
#416 = CARTESIAN_POINT ( 'NONE',  ( 0.8929323698435282000, 1.499000000000000100, -1.053744851605088900 ) ) ;
#417 =( GEOMETRIC_REPRESENTATION_CONTEXT ( 3 ) GLOBAL_UNCERTAINTY_ASSIGNED_CONTEXT ( ( #1510 ) ) GLOBAL_UNIT_ASSIGNED_CONTEXT ( ( #2921, #2841, #2582 ) ) REPRESENTATION_CONTEXT ( 'NONE', 'WORKASPACE' ) );
#418 = DIRECTION ( 'NONE',  ( 0.0000000000000000000, 0.0000000000000000000, -1.000000000000000000 ) ) ;
#419 = EDGE_CURVE ( 'NONE', #2900, #2675, #2925, .T. ) ;
#420 = CARTESIAN_POINT ( 'NONE',  ( -0.7849999999999995900, -0.1000000000000000100, -1.625000000000000000 ) ) ;
#421 =( NAMED_UNIT ( * ) SI_UNIT ( $, .STERADIAN. ) SOLID_ANGLE_UNIT ( ) );
#422 = CARTESIAN_POINT ( 'NONE',  ( 0.9874513463963773300, 1.500000000000000000, 0.4465100899695430600 ) ) ;
#423 = DIRECTION ( 'NONE',  ( -0.0000000000000000000, 1.000000000000000000, -0.0000000000000000000 ) ) ;
#424 =( NAMED_UNIT ( * ) PLANE_ANGLE_UNIT ( ) SI_UNIT ( $, .RADIAN. ) );
#425 = VERTEX_POINT ( 'NONE', #2194 ) ;
#426 = VERTEX_POINT ( 'NONE', #1777 ) ;
#427 =( NAMED_UNIT ( * ) PLANE_ANGLE_UNIT ( ) SI_UNIT ( $, .RADIAN. ) );
#428 = UNCERTAINTY_MEASURE_WITH_UNIT (LENGTH_MEASURE( 1.000000000000000100E-005 ), #1579, 'distance_accuracy_value', 'NONE');
#429 = CARTESIAN_POINT ( 'NONE',  ( -1.779138873006797400, 1.500000000000000000, 1.599999999999999400 ) ) ;
#430 = ORIENTED_EDGE ( 'NONE', *, *, #487, .T. ) ;
#431 = ORIENTED_EDGE ( 'NONE', *, *, #2633, .T. ) ;
#432 = EDGE_CURVE ( 'NONE', #2283, #228, #1670, .T. ) ;
#433 = CARTESIAN_POINT ( 'NONE',  ( 1.751906728817887300, 1.500000000000000000, 0.07446027660003949600 ) ) ;
#434 = CARTESIAN_POINT ( 'NONE',  ( 0.9547048450400021900, 1.498999999999999900, -1.114152104303343100 ) ) ;
#435 = VERTEX_POINT ( 'NONE', #1152 ) ;
#436 = CARTESIAN_POINT ( 'NONE',  ( 1.010354588278905100, 1.499000000000000100, 0.5782302139904946800 ) ) ;
#437 = SURFACE_SIDE_STYLE ('',( #203 ) ) ;
#438 = AXIS2_PLACEMENT_3D ( 'NONE', #170, #2147, #1148 ) ;
#439 = CARTESIAN_POINT ( 'NONE',  ( 1.480071792920451400, 1.499000000000000100, -0.09801568493842208200 ) ) ;
#440 = CARTESIAN_POINT ( 'NONE',  ( -0.6245137795275572700, 1.499000000000000100, -0.4582499999999971600 ) ) ;
#441 = EDGE_CURVE ( 'NONE', #991, #1405, #1583, .T. ) ;
#442 = ORIENTED_EDGE ( 'NONE', *, *, #198, .T. ) ;
#443 = SURFACE_SIDE_STYLE ('',( #11 ) ) ;
#444 = CARTESIAN_POINT ( 'NONE',  ( 0.2511377952755904400, 1.499000000000000100, -0.5510629921259852000 ) ) ;
#445 = MECHANICAL_DESIGN_GEOMETRIC_PRESENTATION_REPRESENTATION (  '', ( #3169 ), #600 ) ;
#446 = CARTESIAN_POINT ( 'NONE',  ( 0.7647272416384000000, 1.500000000000000000, 0.3565115586513215000 ) ) ;
#447 = PLANE ( 'NONE',  #462 ) ;
#448 = LINE ( 'NONE', #3038, #1738 ) ;
#449 = CARTESIAN_POINT ( 'NONE',  ( 1.741952235316691400, 1.500000000000000000, -0.6950780002206795600 ) ) ;
#450 = CARTESIAN_POINT ( 'NONE',  ( 0.8929323698435283100, 1.499000000000000300, -0.2845140823743195800 ) ) ;
#451 = CARTESIAN_POINT ( 'NONE',  ( -0.7516102362204726300, 1.500000000000000000, -0.4334232283464549700 ) ) ;
#452 = SURFACE_STYLE_USAGE ( .BOTH. , #639 ) ;
#453 = DIRECTION ( 'NONE',  ( 0.0000000000000000000, 0.0000000000000000000, 1.000000000000000000 ) ) ;
#454 = DIRECTION ( 'NONE',  ( 1.000000000000000000, 0.0000000000000000000, 0.0000000000000000000 ) ) ;
#455 = CARTESIAN_POINT ( 'NONE',  ( 0.8929323698435283100, 1.500000000000000000, -0.2845140823743195800 ) ) ;
#456 = CARTESIAN_POINT ( 'NONE',  ( -0.3143562992125948400, 1.499000000000000100, 0.5383602362204742400 ) ) ;
#457 = CARTESIAN_POINT ( 'NONE',  ( 1.307326258058622500, 1.500000000000000900, -0.7970554224645335400 ) ) ;
#458 = FILL_AREA_STYLE ('',( #461 ) ) ;
#459 = CARTESIAN_POINT ( 'NONE',  ( 0.8929323698435283100, 1.499999999999998900, -0.2845140823743195800 ) ) ;
#460 = CARTESIAN_POINT ( 'NONE',  ( 0.8953625233604830500, 1.499000000000000300, -1.158973516637517900 ) ) ;
#461 = FILL_AREA_STYLE_COLOUR ( '', #3075 ) ;
#462 = AXIS2_PLACEMENT_3D ( 'NONE', #104, #3129, #80 ) ;
#463 = AXIS2_PLACEMENT_3D ( 'NONE', #1585, #3080, #1331 ) ;
#464 = CARTESIAN_POINT ( 'NONE',  ( 0.4841181102362233100, 1.499000000000000100, -0.1780492125984266000 ) ) ;
#465 = MECHANICAL_DESIGN_GEOMETRIC_PRESENTATION_REPRESENTATION (  '', ( #3192 ), #623 ) ;
#466 = FILL_AREA_STYLE_COLOUR ( '', #2725 ) ;
#467 = COLOUR_RGB ( '',0.8274509803921568100, 0.8392156862745098200, 0.8274509803921568100 ) ;
#468 = ORIENTED_EDGE ( 'NONE', *, *, #304, .F. ) ;
#469 = FACE_OUTER_BOUND ( 'NONE', #1516, .T. ) ;
#470 = VERTEX_POINT ( 'NONE', #603 ) ;
#471 = CARTESIAN_POINT ( 'NONE',  ( 1.455842603308309800, 1.499000000000000100, 0.02349463514203683700 ) ) ;
#472 = CARTESIAN_POINT ( 'NONE',  ( 1.097244454863652900, 1.499000000000000300, -0.2560289607860884400 ) ) ;
#473 = DIRECTION ( 'NONE',  ( -1.000000000000000000, -0.0000000000000000000, -0.0000000000000000000 ) ) ;
#474 = CARTESIAN_POINT ( 'NONE',  ( 0.9488052297886935300, 1.500000000000000000, -0.2369466494200510600 ) ) ;
#475 = EDGE_LOOP ( 'NONE', ( #660, #976, #628, #3200, #862, #135, #2875, #3111 ) ) ;
#476 = CARTESIAN_POINT ( 'NONE',  ( -0.3478405511811028000, 1.499000000000000100, -0.4493740157480306000 ) ) ;
#477 = ORIENTED_EDGE ( 'NONE', *, *, #1774, .T. ) ;
#478 =( GEOMETRIC_REPRESENTATION_CONTEXT ( 3 ) GLOBAL_UNCERTAINTY_ASSIGNED_CONTEXT ( ( #1173 ) ) GLOBAL_UNIT_ASSIGNED_CONTEXT ( ( #335, #1798, #95 ) ) REPRESENTATION_CONTEXT ( 'NONE', 'WORKASPACE' ) );
#479 = ORIENTED_EDGE ( 'NONE', *, *, #1774, .F. ) ;
#480 = SURFACE_STYLE_FILL_AREA ( #1370 ) ;
#481 = CARTESIAN_POINT ( 'NONE',  ( 1.097244454863652600, 1.500000000000000000, -1.025259730016857800 ) ) ;
#482 = CARTESIAN_POINT ( 'NONE',  ( 0.9547048450400021900, 1.498999999999999900, -1.114152104303343100 ) ) ;
#483 = CARTESIAN_POINT ( 'NONE',  ( 1.622536821247664300, 1.500000000000000200, 0.8309696213212383100 ) ) ;
#484 = PRESENTATION_LAYER_ASSIGNMENT (  '', '', ( #134 ) ) ;
#485 = CARTESIAN_POINT ( 'NONE',  ( 1.455842603308309800, 1.500000000000000000, 0.02349463514203683700 ) ) ;
#486 = SURFACE_SIDE_STYLE ('',( #752 ) ) ;
#487 = EDGE_CURVE ( 'NONE', #2710, #1939, #2254, .T. ) ;
#488 = PRESENTATION_LAYER_ASSIGNMENT (  '', '', ( #140 ) ) ;
#489 = APPLICATION_PROTOCOL_DEFINITION ( 'draft international standard', 'automotive_design', 1998, #1973 ) ;
#490 = CARTESIAN_POINT ( 'NONE',  ( 0.9200193266988364600, 1.499999999999998700, -0.2602337407643551300 ) ) ;
#491 = CARTESIAN_POINT ( 'NONE',  ( 1.022092828796336200, 1.499000000000000600, -1.069777210098908700 ) ) ;
#492 = CARTESIAN_POINT ( 'NONE',  ( 1.450844423491869200, 1.499000000000000300, -0.1065457897279065700 ) ) ;
#493 = CARTESIAN_POINT ( 'NONE',  ( 0.9787168691373976400, 1.499999999999999800, 0.5555905617953369500 ) ) ;
#494 = DIRECTION ( 'NONE',  ( 0.0000000000000000000, 0.0000000000000000000, 1.000000000000000000 ) ) ;
#495 = STYLED_ITEM ( 'NONE', ( #2649 ), #2039 ) ;
#496 = VECTOR ( 'NONE', #66, 1000.000000000000000 ) ;
#497 = CARTESIAN_POINT ( 'NONE',  ( 0.9018817286005941200, 1.499000000000000300, -0.2764920114945077500 ) ) ;
#498 = PLANE ( 'NONE',  #120 ) ;
#499 = VECTOR ( 'NONE', #328, 1000.000000000000000 ) ;
#500 = DIRECTION ( 'NONE',  ( 0.0000000000000000000, 0.0000000000000000000, -1.000000000000000000 ) ) ;
#501 = SURFACE_SIDE_STYLE ('',( #2891 ) ) ;
#502 = DIRECTION ( 'NONE',  ( -1.000000000000000000, 0.0000000000000000000, 0.0000000000000000000 ) ) ;
#503 = PRESENTATION_STYLE_ASSIGNMENT (( #2741 ) ) ;
#504 = PRESENTATION_LAYER_ASSIGNMENT (  '', '', ( #164 ) ) ;
#505 = EDGE_LOOP ( 'NONE', ( #873, #233, #1527, #3052 ) ) ;
#506 = EDGE_LOOP ( 'NONE', ( #235, #2323, #2167, #442 ) ) ;
#507 = CARTESIAN_POINT ( 'NONE',  ( 0.9488052297886935300, 1.499999999999998700, -0.2369466494200510600 ) ) ;
#508 = CARTESIAN_POINT ( 'NONE',  ( 0.9241035623546725000, 1.499000000000000300, -1.136619356654617900 ) ) ;
#509 = CARTESIAN_POINT ( 'NONE',  ( 1.680333660469139700, 1.499000000000000100, 0.7098436646149498500 ) ) ;
#510 = CARTESIAN_POINT ( 'NONE',  ( 0.8929323698435282000, 1.499000000000000100, 0.4847166868564497000 ) ) ;
#511 = ORIENTED_EDGE ( 'NONE', *, *, #1174, .T. ) ;
#512 = PRESENTATION_STYLE_ASSIGNMENT (( #1126 ) ) ;
#513 = MECHANICAL_DESIGN_GEOMETRIC_PRESENTATION_REPRESENTATION (  '', ( #12 ), #692 ) ;
#514 = STYLED_ITEM ( 'NONE', ( #254 ), #47 ) ;
#515 = ORIENTED_EDGE ( 'NONE', *, *, #487, .F. ) ;
#516 = CARTESIAN_POINT ( 'NONE',  ( 0.9200193266988364600, 1.499000000000000100, -0.2602337407643551300 ) ) ;
#517 = CARTESIAN_POINT ( 'NONE',  ( 1.220722731398701900, 1.499000000000000100, -0.9612693162675856100 ) ) ;
#518 = AXIS2_PLACEMENT_3D ( 'NONE', #1870, #1552, #1532 ) ;
#519 = FACE_OUTER_BOUND ( 'NONE', #2275, .T. ) ;
#520 = UNCERTAINTY_MEASURE_WITH_UNIT (LENGTH_MEASURE( 1.000000000000000100E-005 ), #2605, 'distance_accuracy_value', 'NONE');
#521 = CARTESIAN_POINT ( 'NONE',  ( 0.9018817286005941200, 1.499999999999998900, -0.2764920114945077500 ) ) ;
#522 = CARTESIAN_POINT ( 'NONE',  ( 0.9874513463963773300, 1.499000000000000600, -1.091951448491995700 ) ) ;
#523 = ORIENTED_EDGE ( 'NONE', *, *, #846, .F. ) ;
#524 = EDGE_CURVE ( 'NONE', #2847, #2428, #938, .T. ) ;
#525 =( NAMED_UNIT ( * ) SI_UNIT ( $, .STERADIAN. ) SOLID_ANGLE_UNIT ( ) );
#526 = MECHANICAL_DESIGN_GEOMETRIC_PRESENTATION_REPRESENTATION (  '', ( #24 ), #711 ) ;
#527 = LINE ( 'NONE', #339, #1822 ) ;
#528 = EDGE_CURVE ( 'NONE', #1294, #2710, #1502, .T. ) ;
#529 = ORIENTED_EDGE ( 'NONE', *, *, #2801, .T. ) ;
#530 = CARTESIAN_POINT ( 'NONE',  ( 1.010354588278905100, 1.499999999999998700, -0.1910005552402744300 ) ) ;
#531 = SURFACE_STYLE_USAGE ( .BOTH. , #3208 ) ;
#532 = STYLED_ITEM ( 'NONE', ( #1192 ), #1528 ) ;
#533 = ORIENTED_EDGE ( 'NONE', *, *, #1917, .F. ) ;
#534 = ORIENTED_EDGE ( 'NONE', *, *, #2758, .F. ) ;
#535 = AXIS2_PLACEMENT_3D ( 'NONE', #1338, #3085, #1589 ) ;
#536 = ADVANCED_FACE ( 'NONE', ( #209 ), #1420, .T. ) ;
#537 = CARTESIAN_POINT ( 'NONE',  ( 1.450844423491869200, 1.498999999999999900, -0.8757765589586755700 ) ) ;
#538 = LINE ( 'NONE', #1657, #3105 ) ;
#539 = ORIENTED_EDGE ( 'NONE', *, *, #2471, .T. ) ;
#540 = LINE ( 'NONE', #1179, #1844 ) ;
#541 = VERTEX_POINT ( 'NONE', #347 ) ;
#542 = EDGE_CURVE ( 'NONE', #385, #1191, #2753, .T. ) ;
#543 = PRODUCT_DEFINITION ( 'UNKNOWN', '', #728, #1066 ) ;
#544 = CARTESIAN_POINT ( 'NONE',  ( 0.9241035623546726100, 1.500000000000000400, 0.4018421818069206100 ) ) ;
#545 = ORIENTED_EDGE ( 'NONE', *, *, #2399, .F. ) ;
#546 = SURFACE_STYLE_FILL_AREA ( #3097 ) ;
#547 = SURFACE_STYLE_FILL_AREA ( #1529 ) ;
#548 = CARTESIAN_POINT ( 'NONE',  ( 1.480071792920451400, 1.499000000000000100, -0.8672464541691913300 ) ) ;
#549 = B_SPLINE_CURVE_WITH_KNOTS ( 'NONE', 3,
 ( #1416, #2195, #949, #2694 ),
 .UNSPECIFIED., .F., .F.,
 ( 4, 4 ),
 ( 0.8181818181818183400, 0.9090909090909092800 ),
 .UNSPECIFIED. ) ;
#550 = STYLED_ITEM ( 'NONE', ( #1934 ), #1137 ) ;
#551 = SURFACE_SIDE_STYLE ('',( #3043 ) ) ;
#552 = ADVANCED_FACE ( 'NONE', ( #1432 ), #3063, .T. ) ;
#553 = CARTESIAN_POINT ( 'NONE',  ( -0.5425708661417304500, 1.500000000000000000, 0.2336811023622078200 ) ) ;
#554 = EDGE_CURVE ( 'NONE', #1481, #2948, #540, .T. ) ;
#555 = CARTESIAN_POINT ( 'NONE',  ( 0.8953625233604828300, 1.500000000000000200, -0.3897427474067484700 ) ) ;
#556 = ORIENTED_EDGE ( 'NONE', *, *, #3141, .T. ) ;
#557 = DIRECTION ( 'NONE',  ( 0.0000000000000000000, 0.0000000000000000000, 1.000000000000000000 ) ) ;
#558 = CARTESIAN_POINT ( 'NONE',  ( 1.306071904175980700, 1.499000000000000300, -0.9250040029619155400 ) ) ;
#559 = DIRECTION ( 'NONE',  ( 0.0000000000000000000, 0.0000000000000000000, 1.000000000000000000 ) ) ;
#561 = FACE_OUTER_BOUND ( 'NONE', #293, .T. ) ;
#560 = PLANE ( 'NONE',  #1161 ) ;
#562 = LINE ( 'NONE', #2044, #1871 ) ;
#563 = DIRECTION ( 'NONE',  ( -0.0000000000000000000, 0.0000000000000000000, -1.000000000000000000 ) ) ;
#564 = CARTESIAN_POINT ( 'NONE',  ( 1.680333660469139700, 1.500000000000000000, 0.7098436646149498500 ) ) ;
#565 = CARTESIAN_POINT ( 'NONE',  ( 0.8929323698435282000, 1.499000000000000100, 0.9975371996769626400 ) ) ;
#566 = COLOUR_RGB ( '',0.8274509803921568100, 0.8392156862745098200, 0.8274509803921568100 ) ;
#567 = AXIS2_PLACEMENT_3D ( 'NONE', #1823, #839, #887 ) ;
#568 = ADVANCED_FACE ( 'NONE', ( #1194 ), #560, .F. ) ;
#569 = ORIENTED_EDGE ( 'NONE', *, *, #1359, .T. ) ;
#570 = ORIENTED_EDGE ( 'NONE', *, *, #399, .T. ) ;
#571 = DIRECTION ( 'NONE',  ( -0.0000000000000000000, -1.000000000000000000, -0.0000000000000000000 ) ) ;
#572 = CARTESIAN_POINT ( 'NONE',  ( 1.392243830835394600, 1.499000000000000300, -0.8928793364531427700 ) ) ;
#573 = STYLED_ITEM ( 'NONE', ( #1159 ), #1893 ) ;
#574 = CARTESIAN_POINT ( 'NONE',  ( 0.8684932672794256600, 1.499000000000000100, -1.181949979810216900 ) ) ;
#575 = ORIENTED_EDGE ( 'NONE', *, *, #1574, .T. ) ;
#576 = EDGE_CURVE ( 'NONE', #1566, #1076, #309, .T. ) ;
#577 =( NAMED_UNIT ( * ) SI_UNIT ( $, .STERADIAN. ) SOLID_ANGLE_UNIT ( ) );
#578 = CARTESIAN_POINT ( 'NONE',  ( 0.9241035623546726100, 1.499000000000000600, -0.3673885874238487800 ) ) ;
#579 = FACE_OUTER_BOUND ( 'NONE', #1283, .T. ) ;
#580 = CARTESIAN_POINT ( 'NONE',  ( 0.8929323698435283100, 1.499000000000000300, -0.2845140823743195800 ) ) ;
#581 = SURFACE_STYLE_USAGE ( .BOTH. , #443 ) ;
#582 = LINE ( 'NONE', #1920, #2249 ) ;
#583 = ORIENTED_EDGE ( 'NONE', *, *, #55, .F. ) ;
#584 = FACE_OUTER_BOUND ( 'NONE', #2575, .T. ) ;
#585 = SURFACE_STYLE_FILL_AREA ( #641 ) ;
#586 = DIRECTION ( 'NONE',  ( -0.0000000000000000000, 1.000000000000000000, -0.0000000000000000000 ) ) ;
#587 = EDGE_CURVE ( 'NONE', #1042, #1111, #2218, .T. ) ;
#588 = DIRECTION ( 'NONE',  ( 1.000000000000000000, 0.0000000000000000000, 0.0000000000000000000 ) ) ;
#589 = DIRECTION ( 'NONE',  ( -0.0000000000000000000, 1.000000000000000000, -0.0000000000000000000 ) ) ;
#590 = VECTOR ( 'NONE', #714, 1000.000000000000000 ) ;
#591 = SURFACE_SIDE_STYLE ('',( #256 ) ) ;
#592 = ADVANCED_FACE ( 'NONE', ( #2777 ), #2492, .F. ) ;
#593 = PRESENTATION_LAYER_ASSIGNMENT (  '', '', ( #255 ) ) ;
#594 = PLANE ( 'NONE',  #1548 ) ;
#595 = EDGE_CURVE ( 'NONE', #1298, #2864, #1026, .T. ) ;
#596 = CARTESIAN_POINT ( 'NONE',  ( -0.7849999999999995900, -0.1000000000000000100, -1.624999999999999100 ) ) ;
#597 = DIRECTION ( 'NONE',  ( -0.0000000000000000000, 1.000000000000000000, -0.0000000000000000000 ) ) ;
#598 = FILL_AREA_STYLE_COLOUR ( '', #1541 ) ;
#599 = SURFACE_SIDE_STYLE ('',( #2869 ) ) ;
#600 =( GEOMETRIC_REPRESENTATION_CONTEXT ( 3 ) GLOBAL_UNCERTAINTY_ASSIGNED_CONTEXT ( ( #2383 ) ) GLOBAL_UNIT_ASSIGNED_CONTEXT ( ( #1087, #2828, #1332 ) ) REPRESENTATION_CONTEXT ( 'NONE', 'WORKASPACE' ) );
#601 = FILL_AREA_STYLE_COLOUR ( '', #2368 ) ;
#602 =( LENGTH_UNIT ( ) NAMED_UNIT ( * ) SI_UNIT ( .MILLI., .METRE. ) );
#603 = CARTESIAN_POINT ( 'NONE',  ( 1.751906728817887300, 1.500000000000000000, -0.8229756208358580700 ) ) ;
#604 = COLOUR_RGB ( '',1.000000000000000000, 1.000000000000000000, 1.000000000000000000 ) ;
#605 = SURFACE_SIDE_STYLE ('',( #2080 ) ) ;
#606 = FACE_OUTER_BOUND ( 'NONE', #1232, .T. ) ;
#607 = CARTESIAN_POINT ( 'NONE',  ( 0.8929323698435282000, 1.499000000000000100, -1.053744851605088900 ) ) ;
#608 = ORIENTED_EDGE ( 'NONE', *, *, #1564, .F. ) ;
#609 = LINE ( 'NONE', #71, #2491 ) ;
#610 = FILL_AREA_STYLE ('',( #64 ) ) ;
#611 = VERTEX_POINT ( 'NONE', #2329 ) ;
#612 = COLOUR_RGB ( '',1.000000000000000000, 1.000000000000000000, 1.000000000000000000 ) ;
#613 = SURFACE_STYLE_USAGE ( .BOTH. , #2340 ) ;
#614 = UNCERTAINTY_MEASURE_WITH_UNIT (LENGTH_MEASURE( 1.000000000000000100E-005 ), #618, 'distance_accuracy_value', 'NONE');
#615 = CARTESIAN_POINT ( 'NONE',  ( 1.690025797102462600, 1.499000000000000300, -0.6985067688450865600 ) ) ;
#616 =( LENGTH_UNIT ( ) NAMED_UNIT ( * ) SI_UNIT ( .MILLI., .METRE. ) );
#617 = ORIENTED_EDGE ( 'NONE', *, *, #2216, .F. ) ;
#618 =( LENGTH_UNIT ( ) NAMED_UNIT ( * ) SI_UNIT ( .MILLI., .METRE. ) );
#619 = PRESENTATION_LAYER_ASSIGNMENT (  '', '', ( #279 ) ) ;
#620 = CARTESIAN_POINT ( 'NONE',  ( 1.721481405670426400, 1.499000000000000100, -0.6957103714697081600 ) ) ;
#621 = UNCERTAINTY_MEASURE_WITH_UNIT (LENGTH_MEASURE( 1.000000000000000100E-005 ), #2734, 'distance_accuracy_value', 'NONE');
#622 = CARTESIAN_POINT ( 'NONE',  ( -0.5425708661417304500, 1.499000000000000100, 0.2336811023622078200 ) ) ;
#623 =( GEOMETRIC_REPRESENTATION_CONTEXT ( 3 ) GLOBAL_UNCERTAINTY_ASSIGNED_CONTEXT ( ( #2934 ) ) GLOBAL_UNIT_ASSIGNED_CONTEXT ( ( #2017, #2024, #2193 ) ) REPRESENTATION_CONTEXT ( 'NONE', 'WORKASPACE' ) );
#624 = DIRECTION ( 'NONE',  ( -0.0000000000000000000, 1.000000000000000000, -0.0000000000000000000 ) ) ;
#625 = VECTOR ( 'NONE', #1530, 1000.000000000000000 ) ;
#626 = CARTESIAN_POINT ( 'NONE',  ( 0.7647272416384000000, 1.499000000000000100, 0.3565115586513215000 ) ) ;
#627 = CARTESIAN_POINT ( 'NONE',  ( 1.455842603308309800, 1.499999999999999800, -0.7457361340887325200 ) ) ;
#628 = ORIENTED_EDGE ( 'NONE', *, *, #1737, .F. ) ;
#629 = ORIENTED_EDGE ( 'NONE', *, *, #1021, .F. ) ;
#630 = FILL_AREA_STYLE ('',( #2400 ) ) ;
#631 = VECTOR ( 'NONE', #1407, 1000.000000000000000 ) ;
#632 = CARTESIAN_POINT ( 'NONE',  ( 1.077946915374149200, 1.499000000000000300, -0.9155614524571557000 ) ) ;
#633 = CARTESIAN_POINT ( 'NONE',  ( 0.9547048450400021900, 1.500000000000000200, -1.114152104303343100 ) ) ;
#634 = CARTESIAN_POINT ( 'NONE',  ( 2.149999999999999900, 1.500000000000000000, -2.149999999999999900 ) ) ;
#635 = CARTESIAN_POINT ( 'NONE',  ( 0.9018817286005941200, 1.499000000000000300, 0.4927387577362614700 ) ) ;
#636 = LINE ( 'NONE', #446, #3207 ) ;
#637 = PLANE ( 'NONE',  #2677 ) ;
#638 = CARTESIAN_POINT ( 'NONE',  ( 1.043424900257970300, 1.498999999999999900, -0.9378012571928553400 ) ) ;
#639 = SURFACE_SIDE_STYLE ('',( #406 ) ) ;
#640 = DIRECTION ( 'NONE',  ( 0.0000000000000000000, 0.0000000000000000000, 1.000000000000000000 ) ) ;
#641 = FILL_AREA_STYLE ('',( #392 ) ) ;
#642 = MECHANICAL_DESIGN_GEOMETRIC_PRESENTATION_REPRESENTATION (  '', ( #134 ), #791 ) ;
#643 = FILL_AREA_STYLE ('',( #3087 ) ) ;
#644 = CARTESIAN_POINT ( 'NONE',  ( -2.149999999999999900, 1.500000000000000000, -2.149999999999999900 ) ) ;
#645 = EDGE_CURVE ( 'NONE', #777, #391, #1265, .T. ) ;
#646 = CARTESIAN_POINT ( 'NONE',  ( 1.480071792920451400, 1.499000000000000100, 0.6712150842923471100 ) ) ;
#647 = MECHANICAL_DESIGN_GEOMETRIC_PRESENTATION_REPRESENTATION (  '', ( #140 ), #797 ) ;
#648 = FILL_AREA_STYLE_COLOUR ( '', #823 ) ;
#649 = FACE_BOUND ( 'NONE', #1998, .T. ) ;
#650 = PLANE ( 'NONE',  #324 ) ;
#651 = ORIENTED_EDGE ( 'NONE', *, *, #1050, .T. ) ;
#652 = CARTESIAN_POINT ( 'NONE',  ( 0.8929323698435282000, 1.499999999999999800, -1.053744851605088900 ) ) ;
#653 = CARTESIAN_POINT ( 'NONE',  ( 1.751906728817887300, 1.499000000000000100, 0.7154859176256804800 ) ) ;
#654 = FILL_AREA_STYLE ('',( #682 ) ) ;
#655 = ORIENTED_EDGE ( 'NONE', *, *, #2075, .F. ) ;
#656 = FACE_OUTER_BOUND ( 'NONE', #1454, .T. ) ;
#657 = CARTESIAN_POINT ( 'NONE',  ( 1.604999999999999800, -0.1000000000000000100, 1.625000000000000400 ) ) ;
#658 = LINE ( 'NONE', #1832, #1220 ) ;
#659 = DIRECTION ( 'NONE',  ( 0.0000000000000000000, 0.0000000000000000000, -1.000000000000000000 ) ) ;
#660 = ORIENTED_EDGE ( 'NONE', *, *, #524, .F. ) ;
#661 = CARTESIAN_POINT ( 'NONE',  ( -0.3143562992125948400, 1.499000000000000100, 0.5383602362204742400 ) ) ;
#662 = CARTESIAN_POINT ( 'NONE',  ( 1.306071904175980700, 1.499000000000000600, 0.6134575354996231200 ) ) ;
#663 = CARTESIAN_POINT ( 'NONE',  ( -0.9870649606299186600, 1.500000000000000000, 0.1046240157480354700 ) ) ;
#664 = AXIS2_PLACEMENT_3D ( 'NONE', #2298, #2337, #2348 ) ;
#665 = CARTESIAN_POINT ( 'NONE',  ( 0.9787168691373976400, 1.498999999999999900, -0.2136402074354323300 ) ) ;
#666 = CARTESIAN_POINT ( 'NONE',  ( 2.149999999999999900, 1.500000000000000000, 2.149999999999999900 ) ) ;
#667 = ORIENTED_EDGE ( 'NONE', *, *, #2564, .T. ) ;
#668 = UNCERTAINTY_MEASURE_WITH_UNIT (LENGTH_MEASURE( 1.000000000000000100E-005 ), #2614, 'distance_accuracy_value', 'NONE');
#669 = LINE ( 'NONE', #2772, #1889 ) ;
#670 = SURFACE_SIDE_STYLE ('',( #2920 ) ) ;
#671 = VECTOR ( 'NONE', #1150, 1000.000000000000000 ) ;
#672 = CARTESIAN_POINT ( 'NONE',  ( 0.9874513463963773300, 1.499000000000000600, -1.091951448491995700 ) ) ;
#673 = LINE ( 'NONE', #2555, #2543 ) ;
#674 = VERTEX_POINT ( 'NONE', #2352 ) ;
#675 = LINE ( 'NONE', #644, #1901 ) ;
#676 = MECHANICAL_DESIGN_GEOMETRIC_PRESENTATION_REPRESENTATION (  '', ( #164 ), #1578 ) ;
#677 = CARTESIAN_POINT ( 'NONE',  ( 0.8929323698435283100, 1.500000000000000400, 0.4847166868564497500 ) ) ;
#678 = CARTESIAN_POINT ( 'NONE',  ( -0.6245137795275572700, 1.500000000000000000, -0.4582499999999971600 ) ) ;
#679 = CARTESIAN_POINT ( 'NONE',  ( 1.058640297848006500, 1.500000000000000000, -1.047445026902869700 ) ) ;
#680 = CARTESIAN_POINT ( 'NONE',  ( 0.7647272416384000000, 1.500000000000000000, -0.5409243387845759100 ) ) ;
#681 = FACE_OUTER_BOUND ( 'NONE', #1824, .T. ) ;
#682 = FILL_AREA_STYLE_COLOUR ( '', #3165 ) ;
#683 = FACE_OUTER_BOUND ( 'NONE', #69, .T. ) ;
#684 = CARTESIAN_POINT ( 'NONE',  ( 0.7647272416384000000, 1.499000000000000100, 0.3565115586513215000 ) ) ;
#685 = B_SPLINE_CURVE_WITH_KNOTS ( 'NONE', 3,
 ( #2650, #449, #935, #2671, #1167, #2929, #1425, #3185, #1679, #205, #1936, #457, #2190, #710, #2425, #943, #2687, #1181, #2940, #1437, #3195, #1687, #216 ),
 .UNSPECIFIED., .F., .F.,
 ( 4, 1, 1, 1, 1, 1, 1, 1, 1, 1, 1, 1, 1, 1, 1, 1, 1, 1, 1, 1, 4 ),
 ( 0.0000000000000000000, 0.03151551312998483000, 0.06480979674365734700, 0.09991169883527548100, 0.1366755286001709000, 0.1751432978746825200, 0.2157650117082457200, 0.2581569125231218400, 0.3022930440652046300, 0.3927408518774001500, 0.4832984694610616400, 0.5744114847371660800, 0.6664774093514971300, 0.7120107481430552100, 0.7563744975915032100, 0.7998154803065209400, 0.8419616993485903300, 0.8828431755911848600, 0.9229180315891947200, 0.9619666184423850700, 1.000000000000000000 ),
 .UNSPECIFIED. ) ;
#686 = ORIENTED_EDGE ( 'NONE', *, *, #2713, .T. ) ;
#687 = CARTESIAN_POINT ( 'NONE',  ( 1.751906728817887300, 1.499000000000000100, -0.8229756208358580700 ) ) ;
#688 = CARTESIAN_POINT ( 'NONE',  ( 0.8929323698435283100, 1.499000000000000300, 0.4847166868564497500 ) ) ;
#689 =( LENGTH_UNIT ( ) NAMED_UNIT ( * ) SI_UNIT ( .MILLI., .METRE. ) );
#690 = CARTESIAN_POINT ( 'NONE',  ( 1.228230476123695500, 1.498999999999999400, -0.06291714085651428600 ) ) ;
#691 = FILL_AREA_STYLE_COLOUR ( '', #2539 ) ;
#692 =( GEOMETRIC_REPRESENTATION_CONTEXT ( 3 ) GLOBAL_UNCERTAINTY_ASSIGNED_CONTEXT ( ( #2338 ) ) GLOBAL_UNIT_ASSIGNED_CONTEXT ( ( #1328, #1309, #179 ) ) REPRESENTATION_CONTEXT ( 'NONE', 'WORKASPACE' ) );
#693 = CARTESIAN_POINT ( 'NONE',  ( -0.8876929133858242300, 1.499000000000000100, -0.2407657480314929800 ) ) ;
#694 = PRESENTATION_LAYER_ASSIGNMENT (  '', '', ( #346 ) ) ;
#695 =( NAMED_UNIT ( * ) SI_UNIT ( $, .STERADIAN. ) SOLID_ANGLE_UNIT ( ) );
#696 = CARTESIAN_POINT ( 'NONE',  ( -0.6245137795275572700, 1.499000000000000100, -0.4582499999999971600 ) ) ;
#697 = CARTESIAN_POINT ( 'NONE',  ( 0.9018817286005941200, 1.500000000000000400, 0.4927387577362614700 ) ) ;
#698 = CARTESIAN_POINT ( 'NONE',  ( -0.7849999999999995900, -0.1000000000000000100, 1.625000000000000000 ) ) ;
#699 = CARTESIAN_POINT ( 'NONE',  ( 1.077946915374149200, 1.499999999999998700, -0.1463306832263861500 ) ) ;
#700 = CARTESIAN_POINT ( 'NONE',  ( -0.8562519685039373700, 1.500000000000000000, -0.3500551181102321600 ) ) ;
#701 = FILL_AREA_STYLE_COLOUR ( '', #758 ) ;
#702 = VERTEX_POINT ( 'NONE', #1617 ) ;
#703 = LINE ( 'NONE', #1711, #1253 ) ;
#704 = DIRECTION ( 'NONE',  ( 0.0000000000000000000, -0.0000000000000000000, -1.000000000000000000 ) ) ;
#705 = EDGE_CURVE ( 'NONE', #930, #992, #4, .T. ) ;
#706 = PLANE ( 'NONE',  #306 ) ;
#707 = ORIENTED_EDGE ( 'NONE', *, *, #2742, .T. ) ;
#708 = ORIENTED_EDGE ( 'NONE', *, *, #2932, .F. ) ;
#709 = DIRECTION ( 'NONE',  ( -0.0000000000000000000, 1.000000000000000000, -0.0000000000000000000 ) ) ;
#710 = CARTESIAN_POINT ( 'NONE',  ( 1.163981641328089500, 1.500000000000000000, -0.8653319817567219900 ) ) ;
#711 =( GEOMETRIC_REPRESENTATION_CONTEXT ( 3 ) GLOBAL_UNCERTAINTY_ASSIGNED_CONTEXT ( ( #2813 ) ) GLOBAL_UNIT_ASSIGNED_CONTEXT ( ( #1153, #2904, #1404 ) ) REPRESENTATION_CONTEXT ( 'NONE', 'WORKASPACE' ) );
#712 = CARTESIAN_POINT ( 'NONE',  ( 1.043424900257970500, 1.499000000000000300, -0.1685704879620862900 ) ) ;
#713 = EDGE_CURVE ( 'NONE', #2611, #1346, #673, .T. ) ;
#714 = DIRECTION ( 'NONE',  ( -0.0000000000000000000, -0.0000000000000000000, 1.000000000000000000 ) ) ;
#715 = SURFACE_STYLE_FILL_AREA ( #1299 ) ;
#716 = AXIS2_PLACEMENT_3D ( 'NONE', #3015, #3114, #60 ) ;
#717 = LINE ( 'NONE', #2155, #2691 ) ;
#718 = VERTEX_POINT ( 'NONE', #1935 ) ;
#719 = VECTOR ( 'NONE', #3168, 1000.000000000000000 ) ;
#720 = PRESENTATION_LAYER_ASSIGNMENT (  '', '', ( #371 ) ) ;
#721 = CARTESIAN_POINT ( 'NONE',  ( 0.1615118110236228600, 1.499000000000000100, -0.3894173228346473600 ) ) ;
#722 = VECTOR ( 'NONE', #368, 1000.000000000000000 ) ;
#723 = CARTESIAN_POINT ( 'NONE',  ( 1.450844423491869200, 1.500000000000000200, -0.1065457897279065700 ) ) ;
#724 = CARTESIAN_POINT ( 'NONE',  ( -0.3143562992125948400, 1.499000000000000100, 0.5383602362204742400 ) ) ;
#725 = MANIFOLD_SOLID_BREP ( 'Boss-Extrude2', #917 ) ;
#726 =( NAMED_UNIT ( * ) PLANE_ANGLE_UNIT ( ) SI_UNIT ( $, .RADIAN. ) );
#727 = EDGE_CURVE ( 'NONE', #68, #2442, #1231, .T. ) ;
#728 = PRODUCT_DEFINITION_FORMATION_WITH_SPECIFIED_SOURCE ( 'ANY', '', #2140, .NOT_KNOWN. ) ;
#729 = CARTESIAN_POINT ( 'NONE',  ( -0.4974094488188985900, 1.499000000000000100, -0.4830787401574795400 ) ) ;
#730 = UNCERTAINTY_MEASURE_WITH_UNIT (LENGTH_MEASURE( 1.000000000000000100E-005 ), #736, 'distance_accuracy_value', 'NONE');
#731 = FILL_AREA_STYLE ('',( #1196 ) ) ;
#732 = CARTESIAN_POINT ( 'NONE',  ( 1.450844423491869200, 1.499000000000000300, -0.1065457897279065700 ) ) ;
#733 = CARTESIAN_POINT ( 'NONE',  ( 1.548993573913792300, 1.500000000000000000, 0.8163149509549783000 ) ) ;
#734 = LINE ( 'NONE', #2410, #2025 ) ;
#735 = ORIENTED_EDGE ( 'NONE', *, *, #2075, .T. ) ;
#736 =( LENGTH_UNIT ( ) NAMED_UNIT ( * ) SI_UNIT ( .MILLI., .METRE. ) );
#737 = AXIS2_PLACEMENT_3D ( 'NONE', #1645, #208, #1438 ) ;
#738 =( LENGTH_UNIT ( ) NAMED_UNIT ( * ) SI_UNIT ( .MILLI., .METRE. ) );
#739 = EDGE_CURVE ( 'NONE', #2773, #2771, #582, .T. ) ;
#740 = ORIENTED_EDGE ( 'NONE', *, *, #1079, .T. ) ;
#741 = VECTOR ( 'NONE', #2221, 1000.000000000000000 ) ;
#742 = ORIENTED_EDGE ( 'NONE', *, *, #382, .T. ) ;
#743 = CARTESIAN_POINT ( 'NONE',  ( 1.022092828796336200, 1.500000000000000400, -1.069777210098908700 ) ) ;
#744 =( NAMED_UNIT ( * ) PLANE_ANGLE_UNIT ( ) SI_UNIT ( $, .RADIAN. ) );
#745 = CARTESIAN_POINT ( 'NONE',  ( 0.9200193266988364600, 1.500000000000000000, 0.5089970284664140400 ) ) ;
#746 = ORIENTED_EDGE ( 'NONE', *, *, #727, .F. ) ;
#747 = VECTOR ( 'NONE', #586, 1000.000000000000000 ) ;
#748 = VECTOR ( 'NONE', #2878, 1000.000000000000000 ) ;
#749 = PRESENTATION_LAYER_ASSIGNMENT (  '', '', ( #415 ) ) ;
#750 = ORIENTED_EDGE ( 'NONE', *, *, #705, .F. ) ;
#751 = FILL_AREA_STYLE ('',( #218 ) ) ;
#752 = SURFACE_STYLE_FILL_AREA ( #1967 ) ;
#753 = B_SPLINE_CURVE_WITH_KNOTS ( 'NONE', 3,
 ( #2234, #1717, #1690, #1457, #1020, #1014, #743, #679, #481, #182, #27, #18, #3196, #3187, #3174 ),
 .UNSPECIFIED., .F., .F.,
 ( 4, 1, 1, 1, 1, 1, 1, 1, 1, 1, 1, 1, 4 ),
 ( 0.0000000000000000000, 0.05027287497458368700, 0.1027903700748774900, 0.1576131012369289800, 0.2146311133156755300, 0.2740612127265387200, 0.3356974550538851000, 0.4000702787165526500, 0.4668267493853399100, 0.6020780869193700400, 0.7357515335047494200, 0.8682046170340282900, 1.000000000000000000 ),
 .UNSPECIFIED. ) ;
#754 =( LENGTH_UNIT ( ) NAMED_UNIT ( * ) SI_UNIT ( .MILLI., .METRE. ) );
#755 = LINE ( 'NONE', #1059, #1310 ) ;
#756 = EDGE_CURVE ( 'NONE', #702, #2778, #2915, .T. ) ;
#757 = COLOUR_RGB ( '',1.000000000000000000, 1.000000000000000000, 1.000000000000000000 ) ;
#758 = COLOUR_RGB ( '',1.000000000000000000, 1.000000000000000000, 1.000000000000000000 ) ;
#759 = ORIENTED_EDGE ( 'NONE', *, *, #2460, .T. ) ;
#760 = CARTESIAN_POINT ( 'NONE',  ( 1.387797039204568400, 1.499999999999998200, 0.002588101770247897800 ) ) ;
#761 = CARTESIAN_POINT ( 'NONE',  ( -1.604999999999999800, -0.0000000000000000000, -1.625000000000000000 ) ) ;
#762 = EDGE_CURVE ( 'NONE', #3093, #2632, #1478, .T. ) ;
#763 = SURFACE_STYLE_USAGE ( .BOTH. , #769 ) ;
#764 = UNCERTAINTY_MEASURE_WITH_UNIT (LENGTH_MEASURE( 1.000000000000000100E-005 ), #1630, 'distance_accuracy_value', 'NONE');
#765 = MECHANICAL_DESIGN_GEOMETRIC_PRESENTATION_REPRESENTATION (  '', ( #255 ), #920 ) ;
#766 = EDGE_CURVE ( 'NONE', #1107, #2349, #1010, .T. ) ;
#767 = CARTESIAN_POINT ( 'NONE',  ( 1.387797039204568400, 1.498999999999999700, 0.002588101770247897800 ) ) ;
#768 =( NAMED_UNIT ( * ) SI_UNIT ( $, .STERADIAN. ) SOLID_ANGLE_UNIT ( ) );
#769 = SURFACE_SIDE_STYLE ('',( #1382 ) ) ;
#770 = STYLED_ITEM ( 'NONE', ( #802 ), #2760 ) ;
#771 = VERTEX_POINT ( 'NONE', #2566 ) ;
#772 = SURFACE_STYLE_FILL_AREA ( #751 ) ;
#773 = ORIENTED_EDGE ( 'NONE', *, *, #595, .T. ) ;
#774 = CARTESIAN_POINT ( 'NONE',  ( 1.480071792920451400, 1.499000000000000100, -0.09801568493842208200 ) ) ;
#775 = SURFACE_STYLE_USAGE ( .BOTH. , #803 ) ;
#776 = COLOUR_RGB ( '',1.000000000000000000, 1.000000000000000000, 1.000000000000000000 ) ;
#777 = VERTEX_POINT ( 'NONE', #3071 ) ;
#778 = COLOUR_RGB ( '',1.000000000000000000, 1.000000000000000000, 1.000000000000000000 ) ;
#779 = MECHANICAL_DESIGN_GEOMETRIC_PRESENTATION_REPRESENTATION (  '', ( #279 ), #16 ) ;
#780 = CARTESIAN_POINT ( 'NONE',  ( 0.9787168691373976400, 1.499999999999998400, -0.2136402074354323300 ) ) ;
#781 = ADVANCED_FACE ( 'NONE', ( #2177 ), #447, .F. ) ;
#782 = DIRECTION ( 'NONE',  ( 1.000000000000000000, 0.0000000000000000000, 0.0000000000000000000 ) ) ;
#783 = B_SPLINE_SURFACE_WITH_KNOTS ( 'NONE', 3, 1, ( 
 ( #1887, #1639 ),
 ( #821, #1754 ),
 ( #1762, #1794 ),
 ( #1815, #1864 ),
 ( #3140, #100 ),
 ( #3007, #2819 ),
 ( #2615, #1884 ) ),
 .UNSPECIFIED., .F., .F., .F.,
 ( 4, 1, 1, 1, 4 ),
 ( 2, 2 ),
 ( 0.0000000000000000000, 0.2372165186042098600, 0.4825864912431355200, 0.7368469271779311000, 1.000000000000000000 ),
 ( 0.0000000000000000000, 1.000000000000000000 ),
 .UNSPECIFIED. ) ;
#784 = CARTESIAN_POINT ( 'NONE',  ( 1.721481405670426200, 1.499000000000000300, 0.07352039776106124300 ) ) ;
#785 = CARTESIAN_POINT ( 'NONE',  ( 0.8953625233604828300, 1.500000000000000200, 0.3794880218240207500 ) ) ;
#786 = ORIENTED_EDGE ( 'NONE', *, *, #20, .T. ) ;
#787 = STYLED_ITEM ( 'NONE', ( #1689 ), #291 ) ;
#788 = ADVANCED_FACE ( 'NONE', ( #34 ), #2835, .F. ) ;
#789 = ORIENTED_EDGE ( 'NONE', *, *, #756, .F. ) ;
#790 = CARTESIAN_POINT ( 'NONE',  ( 1.721481405670426200, 1.499999999999998900, 0.07352039776106124300 ) ) ;
#791 =( GEOMETRIC_REPRESENTATION_CONTEXT ( 3 ) GLOBAL_UNCERTAINTY_ASSIGNED_CONTEXT ( ( #380 ) ) GLOBAL_UNIT_ASSIGNED_CONTEXT ( ( #2547, #2788, #1790 ) ) REPRESENTATION_CONTEXT ( 'NONE', 'WORKASPACE' ) );
#792 = CARTESIAN_POINT ( 'NONE',  ( 0.8684932672794256600, 1.499000000000000300, 0.3565115586513215600 ) ) ;
#793 = EDGE_CURVE ( 'NONE', #1195, #470, #1704, .T. ) ;
#794 = ORIENTED_EDGE ( 'NONE', *, *, #1909, .T. ) ;
#795 = CARTESIAN_POINT ( 'NONE',  ( -0.7046437007874008000, 1.500000000000000000, -0.1909606299212582800 ) ) ;
#796 = CARTESIAN_POINT ( 'NONE',  ( 0.8773183431569596700, 1.499000000000000300, -0.4051727035126077000 ) ) ;
#797 =( GEOMETRIC_REPRESENTATION_CONTEXT ( 3 ) GLOBAL_UNCERTAINTY_ASSIGNED_CONTEXT ( ( #2970 ) ) GLOBAL_UNIT_ASSIGNED_CONTEXT ( ( #1442, #3202, #1697 ) ) REPRESENTATION_CONTEXT ( 'NONE', 'WORKASPACE' ) );
#798 = CARTESIAN_POINT ( 'NONE',  ( 0.8953625233604828300, 1.500000000000000200, 0.3794880218240207500 ) ) ;
#799 = VERTEX_POINT ( 'NONE', #3143 ) ;
#800 = DIRECTION ( 'NONE',  ( -0.0000000000000000000, 1.000000000000000000, -0.0000000000000000000 ) ) ;
#801 = CARTESIAN_POINT ( 'NONE',  ( 0.7849999999999998100, -0.1000000000000000100, -1.625000000000000200 ) ) ;
#802 = PRESENTATION_STYLE_ASSIGNMENT (( #1160 ) ) ;
#803 = SURFACE_SIDE_STYLE ('',( #772 ) ) ;
#804 = VERTEX_POINT ( 'NONE', #2795 ) ;
#805 = ADVANCED_FACE ( 'NONE', ( #2365 ), #370, .T. ) ;
#806 = FILL_AREA_STYLE_COLOUR ( '', #2591 ) ;
#807 = CARTESIAN_POINT ( 'NONE',  ( 0.8953625233604828300, 1.499000000000000300, -0.3897427474067484700 ) ) ;
#808 = DIRECTION ( 'NONE',  ( 0.0000000000000000000, 0.0000000000000000000, 1.000000000000000000 ) ) ;
#809 = PRESENTATION_LAYER_ASSIGNMENT (  '', '', ( #495 ) ) ;
#810 = DIRECTION ( 'NONE',  ( -0.0000000000000000000, 1.000000000000000000, -0.0000000000000000000 ) ) ;
#811 =( LENGTH_UNIT ( ) NAMED_UNIT ( * ) SI_UNIT ( .MILLI., .METRE. ) );
#812 =( NAMED_UNIT ( * ) SI_UNIT ( $, .STERADIAN. ) SOLID_ANGLE_UNIT ( ) );
#813 = CARTESIAN_POINT ( 'NONE',  ( 0.8684932672794256600, 1.499000000000000100, 0.3565115586513215000 ) ) ;
#814 = CARTESIAN_POINT ( 'NONE',  ( 0.9200193266988364600, 1.500000000000000200, 0.5089970284664140400 ) ) ;
#815 = CARTESIAN_POINT ( 'NONE',  ( 0.0000000000000000000, 1.499000000000000100, -0.5510629921259847500 ) ) ;
#816 = DIRECTION ( 'NONE',  ( -0.0000000000000000000, 1.000000000000000000, -0.0000000000000000000 ) ) ;
#817 = DIRECTION ( 'NONE',  ( 0.0000000000000000000, 0.0000000000000000000, -1.000000000000000000 ) ) ;
#818 = CARTESIAN_POINT ( 'NONE',  ( 0.8929323698435282000, 1.500000000000000000, 0.4847166868564497000 ) ) ;
#819 = ORIENTED_EDGE ( 'NONE', *, *, #2373, .F. ) ;
#820 = ADVANCED_FACE ( 'NONE', ( #390 ), #1511, .T. ) ;
#821 = CARTESIAN_POINT ( 'NONE',  ( 1.501180092310290000, 1.499000000000000300, -0.09248403277877104100 ) ) ;
#822 = SURFACE_SIDE_STYLE ('',( #886 ) ) ;
#823 = COLOUR_RGB ( '',1.000000000000000000, 1.000000000000000000, 1.000000000000000000 ) ;
#824 = LINE ( 'NONE', #3073, #2162 ) ;
#825 = CARTESIAN_POINT ( 'NONE',  ( -0.4974094488188985900, 1.499000000000000100, -0.4830787401574795400 ) ) ;
#826 = DIRECTION ( 'NONE',  ( 0.0000000000000000000, -1.000000000000000000, 0.0000000000000000000 ) ) ;
#827 = FILL_AREA_STYLE_COLOUR ( '', #3115 ) ;
#828 = EDGE_LOOP ( 'NONE', ( #2729, #2124, #1343, #35, #1948, #431, #3055, #2723 ) ) ;
#829 = PRESENTATION_LAYER_ASSIGNMENT (  '', '', ( #514 ) ) ;
#830 = DIRECTION ( 'NONE',  ( 0.0000000000000000000, 0.0000000000000000000, 1.000000000000000000 ) ) ;
#831 = FILL_AREA_STYLE ('',( #1741 ) ) ;
#832 = MECHANICAL_DESIGN_GEOMETRIC_PRESENTATION_REPRESENTATION (  '', ( #346 ), #1016 ) ;
#833 = FILL_AREA_STYLE ('',( #332 ) ) ;
#834 = ORIENTED_EDGE ( 'NONE', *, *, #542, .F. ) ;
#835 = CARTESIAN_POINT ( 'NONE',  ( 1.751906728817887300, 1.499000000000000100, -0.05374485160508873900 ) ) ;
#836 = UNCERTAINTY_MEASURE_WITH_UNIT (LENGTH_MEASURE( 1.000000000000000100E-005 ), #3030, 'distance_accuracy_value', 'NONE');
#837 = SURFACE_SIDE_STYLE ('',( #1040 ) ) ;
#838 =( NAMED_UNIT ( * ) SI_UNIT ( $, .STERADIAN. ) SOLID_ANGLE_UNIT ( ) );
#839 = DIRECTION ( 'NONE',  ( 0.0000000000000000000, 0.0000000000000000000, -1.000000000000000000 ) ) ;
#840 = VECTOR ( 'NONE', #2278, 1000.000000000000000 ) ;
#841 =( LENGTH_UNIT ( ) NAMED_UNIT ( * ) SI_UNIT ( .MILLI., .METRE. ) );
#842 = UNCERTAINTY_MEASURE_WITH_UNIT (LENGTH_MEASURE( 1.000000000000000100E-005 ), #616, 'distance_accuracy_value', 'NONE');
#843 = VECTOR ( 'NONE', #1363, 1000.000000000000000 ) ;
#844 = CARTESIAN_POINT ( 'NONE',  ( -2.149999999999999900, 1.500000000000000000, 2.149999999999999900 ) ) ;
#845 = VECTOR ( 'NONE', #709, 1000.000000000000000 ) ;
#846 = EDGE_CURVE ( 'NONE', #2442, #1760, #1418, .T. ) ;
#847 = CARTESIAN_POINT ( 'NONE',  ( 0.9874513463963773300, 1.499000000000000100, 0.4465100899695430600 ) ) ;
#848 = VECTOR ( 'NONE', #1811, 1000.000000000000000 ) ;
#849 = FILL_AREA_STYLE ('',( #1093 ) ) ;
#850 = CARTESIAN_POINT ( 'NONE',  ( 1.657007087844693600, 1.499000000000000300, -0.7022313145972835000 ) ) ;
#851 =( NAMED_UNIT ( * ) SI_UNIT ( $, .STERADIAN. ) SOLID_ANGLE_UNIT ( ) );
#852 = DIRECTION ( 'NONE',  ( 0.0000000000000000000, 0.0000000000000000000, 1.000000000000000000 ) ) ;
#853 = CARTESIAN_POINT ( 'NONE',  ( 1.657007087844693600, 1.499000000000000300, -0.7022313145972835000 ) ) ;
#854 = PRESENTATION_LAYER_ASSIGNMENT (  '', '', ( #532 ) ) ;
#855 = CARTESIAN_POINT ( 'NONE',  ( 0.3034625984251982900, 1.500000000000000000, 0.0000000000000000000 ) ) ;
#856 = SURFACE_SIDE_STYLE ('',( #2087 ) ) ;
#857 = MECHANICAL_DESIGN_GEOMETRIC_PRESENTATION_REPRESENTATION (  '', ( #371 ), #1027 ) ;
#858 =( NAMED_UNIT ( * ) SI_UNIT ( $, .STERADIAN. ) SOLID_ANGLE_UNIT ( ) );
#859 = CARTESIAN_POINT ( 'NONE',  ( 1.387797039204568400, 1.499999999999999300, -0.7666426674605212300 ) ) ;
#860 = DIRECTION ( 'NONE',  ( -0.0000000000000000000, -0.0000000000000000000, -1.000000000000000000 ) ) ;
#861 = CARTESIAN_POINT ( 'NONE',  ( 1.010354588278905100, 1.499000000000000100, -0.9602313244710438700 ) ) ;
#862 = ORIENTED_EDGE ( 'NONE', *, *, #1286, .F. ) ;
#863 = ORIENTED_EDGE ( 'NONE', *, *, #880, .T. ) ;
#864 = EDGE_CURVE ( 'NONE', #40, #1566, #2072, .T. ) ;
#865 = PRODUCT_RELATED_PRODUCT_CATEGORY ( 'part', '', ( #2140 ) ) ;
#866 = CARTESIAN_POINT ( 'NONE',  ( 1.077946915374149200, 1.499000000000000100, 0.6229000860043829600 ) ) ;
#867 = VECTOR ( 'NONE', #1295, 1000.000000000000000 ) ;
#868 = VERTEX_POINT ( 'NONE', #250 ) ;
#869 = FACE_BOUND ( 'NONE', #2440, .T. ) ;
#870 = DIRECTION ( 'NONE',  ( 1.000000000000000000, 0.0000000000000000000, 0.0000000000000000000 ) ) ;
#871 = CARTESIAN_POINT ( 'NONE',  ( 1.010354588278905100, 1.499000000000000100, -0.9602313244710438700 ) ) ;
#872 = CARTESIAN_POINT ( 'NONE',  ( -1.604999999999999800, -0.1000000000000000100, -1.625000000000000000 ) ) ;
#873 = ORIENTED_EDGE ( 'NONE', *, *, #257, .T. ) ;
#874 = CARTESIAN_POINT ( 'NONE',  ( -1.604999999999999800, -0.1000000000000000100, -1.625000000000000000 ) ) ;
#875 = SURFACE_STYLE_USAGE ( .BOTH. , #2372 ) ;
#876 = SURFACE_SIDE_STYLE ('',( #480 ) ) ;
#877 = ORIENTED_EDGE ( 'NONE', *, *, #1523, .T. ) ;
#878 = PRESENTATION_LAYER_ASSIGNMENT (  '', '', ( #550 ) ) ;
#879 = CARTESIAN_POINT ( 'NONE',  ( -0.3166751968503908100, 1.499000000000000100, 0.3254724409448839200 ) ) ;
#880 = EDGE_CURVE ( 'NONE', #1946, #1499, #2004, .T. ) ;
#881 = FILL_AREA_STYLE ('',( #3219 ) ) ;
#882 = CARTESIAN_POINT ( 'NONE',  ( 1.307326258058622500, 1.499999999999999600, -0.02782465323376388800 ) ) ;
#883 = CARTESIAN_POINT ( 'NONE',  ( 1.480071792920451400, 1.500000000000000000, -0.8672464541691913300 ) ) ;
#884 = VECTOR ( 'NONE', #2143, 1000.000000000000000 ) ;
#885 = ORIENTED_EDGE ( 'NONE', *, *, #2057, .T. ) ;
#886 = SURFACE_STYLE_FILL_AREA ( #831 ) ;
#887 = DIRECTION ( 'NONE',  ( -1.000000000000000000, 0.0000000000000000000, -0.0000000000000000000 ) ) ;
#888 = UNCERTAINTY_MEASURE_WITH_UNIT (LENGTH_MEASURE( 1.000000000000000100E-005 ), #1175, 'distance_accuracy_value', 'NONE');
#889 = CARTESIAN_POINT ( 'NONE',  ( 0.8929323698435282000, 1.500000000000000000, 0.9975371996769626400 ) ) ;
#890 = CARTESIAN_POINT ( 'NONE',  ( 1.043424900257970500, 1.500000000000000400, 0.6006602812686832000 ) ) ;
#891 = CARTESIAN_POINT ( 'NONE',  ( 1.220722731398701900, 1.499000000000000300, 0.5771922221939532700 ) ) ;
#892 = CARTESIAN_POINT ( 'NONE',  ( 0.7647272416384000000, 1.499000000000000100, -1.181949979810216900 ) ) ;
#893 = DIRECTION ( 'NONE',  ( -0.0000000000000000000, 1.000000000000000000, -0.0000000000000000000 ) ) ;
#894 = CARTESIAN_POINT ( 'NONE',  ( -0.8876929133858242300, 1.500000000000000000, -0.2407657480314929800 ) ) ;
#895 = MECHANICAL_DESIGN_GEOMETRIC_PRESENTATION_REPRESENTATION (  '', ( #415 ), #1060 ) ;
#896 = CARTESIAN_POINT ( 'NONE',  ( 0.9547048450400021900, 1.500000000000000200, 0.4243094341581955500 ) ) ;
#897 =( LENGTH_UNIT ( ) NAMED_UNIT ( * ) SI_UNIT ( .MILLI., .METRE. ) );
#898 = ADVANCED_FACE ( 'NONE', ( #2005 ), #498, .T. ) ;
#899 = PRESENTATION_LAYER_ASSIGNMENT (  '', '', ( #573 ) ) ;
#900 = PLANE ( 'NONE',  #2077 ) ;
#901 = EDGE_CURVE ( 'NONE', #470, #804, #1100, .T. ) ;
#902 = CARTESIAN_POINT ( 'NONE',  ( 1.751906728817887300, 1.499000000000000100, 0.7154859176256804800 ) ) ;
#903 = CARTESIAN_POINT ( 'NONE',  ( 0.7647272416384000000, 1.500000000000000000, -0.4127192105794477200 ) ) ;
#904 = CARTESIAN_POINT ( 'NONE',  ( 1.548993573913792100, 1.499000000000000100, 0.04708418172420910500 ) ) ;
#905 = VECTOR ( 'NONE', #1048, 1000.000000000000000 ) ;
#906 =( NAMED_UNIT ( * ) PLANE_ANGLE_UNIT ( ) SI_UNIT ( $, .RADIAN. ) );
#907 = VERTEX_POINT ( 'NONE', #1045 ) ;
#908 = CARTESIAN_POINT ( 'NONE',  ( -0.6439566929133848600, 1.499000000000000100, -0.3247007874015716000 ) ) ;
#909 = SURFACE_SIDE_STYLE ('',( #373 ) ) ;
#910 = EDGE_CURVE ( 'NONE', #1456, #771, #1992, .T. ) ;
#911 = DIRECTION ( 'NONE',  ( -0.0000000000000000000, 1.000000000000000000, -0.0000000000000000000 ) ) ;
#912 = VECTOR ( 'NONE', #1567, 1000.000000000000000 ) ;
#913 = CARTESIAN_POINT ( 'NONE',  ( -0.3166751968503908100, 1.499000000000000100, 0.3254724409448839200 ) ) ;
#914 = VERTEX_POINT ( 'NONE', #2782 ) ;
#915 = ORIENTED_EDGE ( 'NONE', *, *, #2293, .T. ) ;
#916 = COLOUR_RGB ( '',1.000000000000000000, 1.000000000000000000, 1.000000000000000000 ) ;
#917 = CLOSED_SHELL ( 'NONE', ( #1269, #2386, #162, #1766, #568, #1514, #1635, #2039, #1307, #67, #33, #2503, #552, #536, #788, #898, #2273, #3006, #1528, #1752, #2012, #1038, #1053, #2890, #2304, #2515, #2786, #820, #1384, #805, #1069, #2629, #2288, #1893, #592, #3146, #2760, #3024, #1780, #311, #1545, #1799, #1137, #781, #2058, #2022, #1023, #47, #3037, #2260, #89, #1287, #325, #2802, #2770, #2138, #3058, #412, #2537, #291 ) ) ;
#918 = DIRECTION ( 'NONE',  ( -0.0000000000000000000, 1.000000000000000000, -0.0000000000000000000 ) ) ;
#919 =( NAMED_UNIT ( * ) SI_UNIT ( $, .STERADIAN. ) SOLID_ANGLE_UNIT ( ) );
#920 =( GEOMETRIC_REPRESENTATION_CONTEXT ( 3 ) GLOBAL_UNCERTAINTY_ASSIGNED_CONTEXT ( ( #2002 ) ) GLOBAL_UNIT_ASSIGNED_CONTEXT ( ( #1803, #338, #2064 ) ) REPRESENTATION_CONTEXT ( 'NONE', 'WORKASPACE' ) );
#921 = CARTESIAN_POINT ( 'NONE',  ( 1.586545031820005600, 1.499000000000000100, 0.05505218495456507700 ) ) ;
#922 = FILL_AREA_STYLE ('',( #691 ) ) ;
#923 = ORIENTED_EDGE ( 'NONE', *, *, #98, .F. ) ;
#924 = EDGE_CURVE ( 'NONE', #2222, #799, #1751, .T. ) ;
#925 = CARTESIAN_POINT ( 'NONE',  ( 0.9241035623546726100, 1.500000000000000400, 0.4018421818069206100 ) ) ;
#926 = DIRECTION ( 'NONE',  ( -0.0000000000000000000, 1.000000000000000000, -0.0000000000000000000 ) ) ;
#927 = COLOUR_RGB ( '',1.000000000000000000, 1.000000000000000000, 1.000000000000000000 ) ;
#928 = DIRECTION ( 'NONE',  ( 1.000000000000000000, 0.0000000000000000000, 0.0000000000000000000 ) ) ;
#929 = VECTOR ( 'NONE', #3183, 1000.000000000000000 ) ;
#930 = VERTEX_POINT ( 'NONE', #1024 ) ;
#931 = LINE ( 'NONE', #2362, #2824 ) ;
#932 = FILL_AREA_STYLE_COLOUR ( '', #2822 ) ;
#933 = LINE ( 'NONE', #2379, #1580 ) ;
#934 = VECTOR ( 'NONE', #2886, 1000.000000000000000 ) ;
#935 = CARTESIAN_POINT ( 'NONE',  ( 1.721481405670426400, 1.500000000000000000, -0.6957103714697081600 ) ) ;
#936 = CARTESIAN_POINT ( 'NONE',  ( 1.622536821247664100, 1.499999999999998700, 0.06173885209046914300 ) ) ;
#937 = CARTESIAN_POINT ( 'NONE',  ( -0.8876929133858242300, 1.500000000000000000, -0.2407657480314929800 ) ) ;
#938 = LINE ( 'NONE', #2790, #848 ) ;
#939 = SURFACE_SIDE_STYLE ('',( #1865 ) ) ;
#940 = SURFACE_SIDE_STYLE ('',( #3203 ) ) ;
#941 = B_SPLINE_CURVE_WITH_KNOTS ( 'NONE', 3,
 ( #1115, #3122, #1621, #143, #1860, #401, #2119 ),
 .UNSPECIFIED., .F., .F.,
 ( 4, 1, 1, 1, 4 ),
 ( 0.0000000000000000000, 0.2372165186042098400, 0.4825864912431355200, 0.7368469271779311000, 1.000000000000000000 ),
 .UNSPECIFIED. ) ;
#942 = CARTESIAN_POINT ( 'NONE',  ( 0.4893720472440967200, 1.500000000000000000, -0.01437007874015880200 ) ) ;
#943 = CARTESIAN_POINT ( 'NONE',  ( 1.077946915374149200, 1.500000000000000200, -0.9155614524571557000 ) ) ;
#944 = DIRECTION ( 'NONE',  ( 0.7901669519244126600, 0.0000000000000000000, 0.6128916609699327500 ) ) ;
#945 = CARTESIAN_POINT ( 'NONE',  ( 1.622536821247664100, 1.499000000000000100, 0.06173885209046914300 ) ) ;
#946 = CARTESIAN_POINT ( 'NONE',  ( 1.480071792920451400, 1.500000000000000000, -0.8672464541691913300 ) ) ;
#947 = CARTESIAN_POINT ( 'NONE',  ( 1.151362903670955600, 1.498999999999999700, -0.2267699187608990500 ) ) ;
#948 = CARTESIAN_POINT ( 'NONE',  ( 1.721481405670426800, 1.500000000000000700, 0.8427511669918307200 ) ) ;
#949 = CARTESIAN_POINT ( 'NONE',  ( 0.3053405511811036500, 1.500000000000000000, -0.1358877952755912800 ) ) ;
#950 = STYLED_ITEM ( 'NONE', ( #145 ), #1038 ) ;
#951 = CARTESIAN_POINT ( 'NONE',  ( -0.2283818897637797400, 1.499000000000000100, -0.3280688976377950600 ) ) ;
#952 = UNCERTAINTY_MEASURE_WITH_UNIT (LENGTH_MEASURE( 1.000000000000000100E-005 ), #63, 'distance_accuracy_value', 'NONE');
#953 = PRESENTATION_STYLE_ASSIGNMENT (( #2657 ) ) ;
#954 = ORIENTED_EDGE ( 'NONE', *, *, #978, .F. ) ;
#955 = DIRECTION ( 'NONE',  ( -0.0000000000000000000, 1.000000000000000000, -0.0000000000000000000 ) ) ;
#956 = CARTESIAN_POINT ( 'NONE',  ( 1.604999999999999800, 0.0000000000000000000, 1.625000000000000400 ) ) ;
#957 =( NAMED_UNIT ( * ) PLANE_ANGLE_UNIT ( ) SI_UNIT ( $, .RADIAN. ) );
#958 = SURFACE_STYLE_FILL_AREA ( #1369 ) ;
#959 = ORIENTED_EDGE ( 'NONE', *, *, #2227, .T. ) ;
#960 = LINE ( 'NONE', #2395, #1521 ) ;
#961 = CARTESIAN_POINT ( 'NONE',  ( 0.1962598425196884200, 1.499000000000000100, 0.6777362204724415300 ) ) ;
#962 = FILL_AREA_STYLE ('',( #1201 ) ) ;
#963 = CARTESIAN_POINT ( 'NONE',  ( -0.6245137795275572700, 1.499000000000000100, -0.4582499999999971600 ) ) ;
#964 = ORIENTED_EDGE ( 'NONE', *, *, #846, .T. ) ;
#965 = ORIENTED_EDGE ( 'NONE', *, *, #2980, .T. ) ;
#966 = AXIS2_PLACEMENT_3D ( 'NONE', #1554, #32, #852 ) ;
#967 = SURFACE_STYLE_USAGE ( .BOTH. , #2446 ) ;
#968 = CARTESIAN_POINT ( 'NONE',  ( 1.043424900257970500, 1.499999999999998900, -0.1685704879620862900 ) ) ;
#969 = CARTESIAN_POINT ( 'NONE',  ( 0.8929323698435282000, 1.499000000000000100, -0.2845140823743195200 ) ) ;
#970 = SURFACE_STYLE_FILL_AREA ( #1340 ) ;
#971 = CARTESIAN_POINT ( 'NONE',  ( 1.455842603308310300, 1.500000000000000200, 0.7927254043728062500 ) ) ;
#972 = STYLED_ITEM ( 'NONE', ( #320 ), #1766 ) ;
#973 = PRESENTATION_STYLE_ASSIGNMENT (( #967 ) ) ;
#974 = CARTESIAN_POINT ( 'NONE',  ( 0.9200193266988364600, 1.500000000000000000, -0.2602337407643551300 ) ) ;
#975 = VECTOR ( 'NONE', #2161, 1000.000000000000000 ) ;
#976 = ORIENTED_EDGE ( 'NONE', *, *, #1592, .F. ) ;
#977 =( NAMED_UNIT ( * ) SI_UNIT ( $, .STERADIAN. ) SOLID_ANGLE_UNIT ( ) );
#978 = EDGE_CURVE ( 'NONE', #146, #1405, #3010, .T. ) ;
#979 = PRESENTATION_STYLE_ASSIGNMENT (( #2947 ) ) ;
#980 = STYLED_ITEM ( 'NONE', ( #2048 ), #3037 ) ;
#981 = EDGE_LOOP ( 'NONE', ( #511, #1263, #1222, #2870 ) ) ;
#982 = FACE_OUTER_BOUND ( 'NONE', #1601, .T. ) ;
#983 =( NAMED_UNIT ( * ) PLANE_ANGLE_UNIT ( ) SI_UNIT ( $, .RADIAN. ) );
#984 = FACE_OUTER_BOUND ( 'NONE', #981, .T. ) ;
#985 = DIRECTION ( 'NONE',  ( -1.000000000000000000, 0.0000000000000000000, 0.0000000000000000000 ) ) ;
#986 = CARTESIAN_POINT ( 'NONE',  ( 1.058640297848006500, 1.500000000000000000, -0.2782142576721004500 ) ) ;
#987 = CARTESIAN_POINT ( 'NONE',  ( 0.8929323698435283100, 1.499999999999999800, 0.4847166868564497500 ) ) ;
#988 = SURFACE_STYLE_FILL_AREA ( #2398 ) ;
#989 = CARTESIAN_POINT ( 'NONE',  ( 1.741952235316691600, 1.499000000000000100, 0.07415276901008967200 ) ) ;
#990 = MECHANICAL_DESIGN_GEOMETRIC_PRESENTATION_REPRESENTATION (  '', ( #495 ), #1136 ) ;
#991 = VERTEX_POINT ( 'NONE', #1703 ) ;
#992 = VERTEX_POINT ( 'NONE', #1764 ) ;
#993 = CARTESIAN_POINT ( 'NONE',  ( 1.163981641328089500, 1.499000000000000100, -0.09610121252595239800 ) ) ;
#994 = CARTESIAN_POINT ( 'NONE',  ( 1.751906728817887300, 1.500000000000000000, -0.8229756208358580700 ) ) ;
#995 = B_SPLINE_CURVE_WITH_KNOTS ( 'NONE', 3,
 ( #10, #17, #221, #2467, #2258, #2439, #2458, #1017, #3226, #485, #1230, #3217, #2493, #2701, #2736, #2982, #2973, #3210, #2712, #474, #974, #2994, #2051 ),
 .UNSPECIFIED., .F., .F.,
 ( 4, 1, 1, 1, 1, 1, 1, 1, 1, 1, 1, 1, 1, 1, 1, 1, 1, 1, 1, 1, 4 ),
 ( 0.0000000000000000000, 0.03151551312998483000, 0.06480979674365733300, 0.09991169883527546700, 0.1366755286001709000, 0.1751432978746825200, 0.2157650117082457200, 0.2581569125231218400, 0.3022930440652046300, 0.3927408518774001500, 0.4832984694610616400, 0.5744114847371660800, 0.6664774093514971300, 0.7120107481430552100, 0.7563744975915032100, 0.7998154803065208300, 0.8419616993485902200, 0.8828431755911847500, 0.9229180315891946100, 0.9619666184423849600, 1.000000000000000000 ),
 .UNSPECIFIED. ) ;
#996 =( NAMED_UNIT ( * ) SI_UNIT ( $, .STERADIAN. ) SOLID_ANGLE_UNIT ( ) );
#997 = COLOUR_RGB ( '',1.000000000000000000, 1.000000000000000000, 1.000000000000000000 ) ;
#998 = UNCERTAINTY_MEASURE_WITH_UNIT (LENGTH_MEASURE( 1.000000000000000100E-005 ), #1537, 'distance_accuracy_value', 'NONE');
#999 = LINE ( 'NONE', #106, #912 ) ;
#1000 = VERTEX_POINT ( 'NONE', #1746 ) ;
#1001 = ORIENTED_EDGE ( 'NONE', *, *, #3031, .T. ) ;
#1002 = EDGE_LOOP ( 'NONE', ( #365, #1101, #533, #2769, #1937, #285, #523, #2563, #2344, #2692, #545 ) ) ;
#1003 = CARTESIAN_POINT ( 'NONE',  ( 1.307326258058622500, 1.499000000000001000, -0.02782465323376388800 ) ) ;
#1004 =( LENGTH_UNIT ( ) NAMED_UNIT ( * ) SI_UNIT ( .MILLI., .METRE. ) );
#1005 = DIRECTION ( 'NONE',  ( -0.0000000000000000000, 1.000000000000000000, -0.0000000000000000000 ) ) ;
#1006 = ORIENTED_EDGE ( 'NONE', *, *, #576, .T. ) ;
#1007 = LINE ( 'NONE', #275, #1663 ) ;
#1008 = FACE_OUTER_BOUND ( 'NONE', #506, .T. ) ;
#1009 = EDGE_LOOP ( 'NONE', ( #2581, #1257, #3193, #2495 ) ) ;
#1010 = LINE ( 'NONE', #3103, #1573 ) ;
#1011 = STYLED_ITEM ( 'NONE', ( #1534 ), #592 ) ;
#1012 = ORIENTED_EDGE ( 'NONE', *, *, #2411, .F. ) ;
#1013 = MECHANICAL_DESIGN_GEOMETRIC_PRESENTATION_REPRESENTATION (  '', ( #514 ), #1162 ) ;
#1014 = CARTESIAN_POINT ( 'NONE',  ( 0.9874513463963773300, 1.500000000000000400, -1.091951448491995700 ) ) ;
#1015 =( NAMED_UNIT ( * ) SI_UNIT ( $, .STERADIAN. ) SOLID_ANGLE_UNIT ( ) );
#1016 =( GEOMETRIC_REPRESENTATION_CONTEXT ( 3 ) GLOBAL_UNCERTAINTY_ASSIGNED_CONTEXT ( ( #272 ) ) GLOBAL_UNIT_ASSIGNED_CONTEXT ( ( #1682, #744, #768 ) ) REPRESENTATION_CONTEXT ( 'NONE', 'WORKASPACE' ) );
#1017 = CARTESIAN_POINT ( 'NONE',  ( 1.548993573913792100, 1.500000000000000000, 0.04708418172420910500 ) ) ;
#1018 = VECTOR ( 'NONE', #97, 1000.000000000000000 ) ;
#1019 = COLOUR_RGB ( '',1.000000000000000000, 1.000000000000000000, 1.000000000000000000 ) ;
#1020 = CARTESIAN_POINT ( 'NONE',  ( 0.9547048450400021900, 1.499999999999999800, -1.114152104303343100 ) ) ;
#1021 = EDGE_CURVE ( 'NONE', #3127, #1760, #384, .T. ) ;
#1022 = STYLED_ITEM ( 'NONE', ( #1213 ), #2386 ) ;
#1023 = ADVANCED_FACE ( 'NONE', ( #469 ), #1974, .F. ) ;
#1024 = CARTESIAN_POINT ( 'NONE',  ( 0.4893720472440967200, 1.499000000000000100, -0.01437007874015880200 ) ) ;
#1025 = MECHANICAL_DESIGN_GEOMETRIC_PRESENTATION_REPRESENTATION (  '', ( #532 ), #1189 ) ;
#1026 = B_SPLINE_CURVE_WITH_KNOTS ( 'NONE', 3,
 ( #879, #1795, #2648, #2117 ),
 .UNSPECIFIED., .F., .F.,
 ( 4, 4 ),
 ( 0.6363636363636364600, 0.7272727272727274000 ),
 .UNSPECIFIED. ) ;
#1027 =( GEOMETRIC_REPRESENTATION_CONTEXT ( 3 ) GLOBAL_UNCERTAINTY_ASSIGNED_CONTEXT ( ( #668 ) ) GLOBAL_UNIT_ASSIGNED_CONTEXT ( ( #2614, #1119, #2867 ) ) REPRESENTATION_CONTEXT ( 'NONE', 'WORKASPACE' ) );
#1028 = ORIENTED_EDGE ( 'NONE', *, *, #1902, .T. ) ;
#1029 = LINE ( 'NONE', #2708, #1693 ) ;
#1030 = VECTOR ( 'NONE', #1954, 1000.000000000000000 ) ;
#1031 = EDGE_LOOP ( 'NONE', ( #2036, #3135, #2069, #2250 ) ) ;
#1032 = VERTEX_POINT ( 'NONE', #1207 ) ;
#1033 = CARTESIAN_POINT ( 'NONE',  ( -0.3166751968503908100, 1.499000000000000100, 0.3254724409448839200 ) ) ;
#1034 = VERTEX_POINT ( 'NONE', #2281 ) ;
#1035 = EDGE_CURVE ( 'NONE', #2737, #2179, #1371, .T. ) ;
#1036 = CARTESIAN_POINT ( 'NONE',  ( 0.8773183431569596700, 1.500000000000000200, 0.3640580657181616800 ) ) ;
#1037 = ORIENTED_EDGE ( 'NONE', *, *, #1375, .T. ) ;
#1038 = ADVANCED_FACE ( 'NONE', ( #2031 ), #2953, .T. ) ;
#1039 = PRESENTATION_STYLE_ASSIGNMENT (( #44 ) ) ;
#1040 = SURFACE_STYLE_FILL_AREA ( #2332 ) ;
#1041 = ORIENTED_EDGE ( 'NONE', *, *, #1286, .T. ) ;
#1042 = VERTEX_POINT ( 'NONE', #2289 ) ;
#1043 = EDGE_LOOP ( 'NONE', ( #3064, #2956, #301, #1073 ) ) ;
#1044 = DIRECTION ( 'NONE',  ( 0.0000000000000000000, 0.0000000000000000000, 1.000000000000000000 ) ) ;
#1045 = CARTESIAN_POINT ( 'NONE',  ( 1.751906728817887300, 1.499000000000000100, -0.05374485160508873900 ) ) ;
#1046 = B_SPLINE_CURVE_WITH_KNOTS ( 'NONE', 3,
 ( #813, #1104, #2872, #2859, #2844, #847, #2821, #2807, #2794, #2783, #2683, #2669, #2662, #2647, #2608 ),
 .UNSPECIFIED., .F., .F.,
 ( 4, 1, 1, 1, 1, 1, 1, 1, 1, 1, 1, 1, 4 ),
 ( 0.0000000000000000000, 0.05027287497458368700, 0.1027903700748774900, 0.1576131012369290900, 0.2146311133156755800, 0.2740612127265388300, 0.3356974550538851500, 0.4000702787165527100, 0.4668267493853399700, 0.6020780869193701500, 0.7357515335047494200, 0.8682046170340282900, 1.000000000000000000 ),
 .UNSPECIFIED. ) ;
#1047 = MECHANICAL_DESIGN_GEOMETRIC_PRESENTATION_REPRESENTATION (  '', ( #550 ), #1210 ) ;
#1048 = DIRECTION ( 'NONE',  ( 1.000000000000000000, 0.0000000000000000000, 0.0000000000000000000 ) ) ;
#1049 = PLANE ( 'NONE',  #105 ) ;
#1050 = EDGE_CURVE ( 'NONE', #1346, #2995, #3021, .T. ) ;
#1051 = CARTESIAN_POINT ( 'NONE',  ( 0.9241035623546726100, 1.500000000000000400, -0.3673885874238487800 ) ) ;
#1052 = CARTESIAN_POINT ( 'NONE',  ( -1.579138873006797000, 1.499000000000000100, 1.599999999999999400 ) ) ;
#1053 = ADVANCED_FACE ( 'NONE', ( #3051 ), #1443, .T. ) ;
#1054 = DIRECTION ( 'NONE',  ( -1.000000000000000000, -0.0000000000000000000, 0.0000000000000000000 ) ) ;
#1055 = DIRECTION ( 'NONE',  ( -0.0000000000000000000, 1.000000000000000000, -0.0000000000000000000 ) ) ;
#1056 = DIRECTION ( 'NONE',  ( -1.000000000000000000, -0.0000000000000000000, -0.0000000000000000000 ) ) ;
#1057 = CARTESIAN_POINT ( 'NONE',  ( 1.501180092310290000, 1.500000000000000200, 0.6767467364519983400 ) ) ;
#1058 = CARTESIAN_POINT ( 'NONE',  ( -0.7046437007874008000, 1.500000000000000000, -0.1909606299212582800 ) ) ;
#1059 = CARTESIAN_POINT ( 'NONE',  ( 1.751906728817887300, 1.500000000000000000, -0.05374485160508873900 ) ) ;
#1060 =( GEOMETRIC_REPRESENTATION_CONTEXT ( 3 ) GLOBAL_UNCERTAINTY_ASSIGNED_CONTEXT ( ( #614 ) ) GLOBAL_UNIT_ASSIGNED_CONTEXT ( ( #618, #2642, #1108 ) ) REPRESENTATION_CONTEXT ( 'NONE', 'WORKASPACE' ) );
#1061 = PRESENTATION_STYLE_ASSIGNMENT (( #96 ) ) ;
#1062 = CARTESIAN_POINT ( 'NONE',  ( -0.7849999999999995900, -0.1000000000000000100, 1.625000000000000000 ) ) ;
#1063 = DIRECTION ( 'NONE',  ( 0.0000000000000000000, 0.0000000000000000000, 1.000000000000000000 ) ) ;
#1064 = MECHANICAL_DESIGN_GEOMETRIC_PRESENTATION_REPRESENTATION (  '', ( #573 ), #1229 ) ;
#1065 = FILL_AREA_STYLE ('',( #2313 ) ) ;
#1066 = PRODUCT_DEFINITION_CONTEXT ( 'detailed design', #1973, 'design' ) ;
#1067 = ORIENTED_EDGE ( 'NONE', *, *, #2261, .T. ) ;
#1068 = EDGE_CURVE ( 'NONE', #2006, #907, #50, .T. ) ;
#1069 = ADVANCED_FACE ( 'NONE', ( #1560 ), #243, .T. ) ;
#1070 = ORIENTED_EDGE ( 'NONE', *, *, #793, .T. ) ;
#1071 = DIRECTION ( 'NONE',  ( 2.644395542647572300E-016, 0.0000000000000000000, 1.000000000000000000 ) ) ;
#1072 = SURFACE_SIDE_STYLE ('',( #1931 ) ) ;
#1073 = ORIENTED_EDGE ( 'NONE', *, *, #3120, .T. ) ;
#1074 = EDGE_CURVE ( 'NONE', #2363, #1431, #1330, .T. ) ;
#1075 = CARTESIAN_POINT ( 'NONE',  ( 1.501180092310290000, 1.500000000000000200, -0.09248403277877104100 ) ) ;
#1076 = VERTEX_POINT ( 'NONE', #2496 ) ;
#1077 = DIRECTION ( 'NONE',  ( -0.0000000000000000000, 1.000000000000000000, -0.0000000000000000000 ) ) ;
#1078 = FILL_AREA_STYLE_COLOUR ( '', #189 ) ;
#1079 = EDGE_CURVE ( 'NONE', #2536, #2737, #703, .T. ) ;
#1080 = CARTESIAN_POINT ( 'NONE',  ( 0.8684932672794256600, 1.500000000000000000, 0.3565115586513215000 ) ) ;
#1081 = UNCERTAINTY_MEASURE_WITH_UNIT (LENGTH_MEASURE( 1.000000000000000100E-005 ), #49, 'distance_accuracy_value', 'NONE');
#1082 = SURFACE_STYLE_FILL_AREA ( #643 ) ;
#1083 = CARTESIAN_POINT ( 'NONE',  ( -1.579138873006797000, 1.500000000000000000, 1.599999999999999400 ) ) ;
#1084 = CARTESIAN_POINT ( 'NONE',  ( 1.727777239659924900, 1.500000000000000200, -0.05564702914183387900 ) ) ;
#1085 = PRESENTATION_LAYER_ASSIGNMENT (  '', '', ( #770 ) ) ;
#1086 = CARTESIAN_POINT ( 'NONE',  ( 0.7849999999999998100, -0.1000000000000000100, 1.625000000000000200 ) ) ;
#1087 =( LENGTH_UNIT ( ) NAMED_UNIT ( * ) SI_UNIT ( .MILLI., .METRE. ) );
#1088 = CARTESIAN_POINT ( 'NONE',  ( 0.8929323698435282000, 1.499000000000000100, 0.2283064304461933400 ) ) ;
#1089 = DIRECTION ( 'NONE',  ( -1.000000000000000000, 0.0000000000000000000, 0.0000000000000000000 ) ) ;
#1090 = ORIENTED_EDGE ( 'NONE', *, *, #1174, .F. ) ;
#1091 =( NAMED_UNIT ( * ) SI_UNIT ( $, .STERADIAN. ) SOLID_ANGLE_UNIT ( ) );
#1092 = CARTESIAN_POINT ( 'NONE',  ( 0.4893720472440967200, 1.499000000000000100, -0.01437007874015880200 ) ) ;
#1093 = FILL_AREA_STYLE_COLOUR ( '', #566 ) ;
#1094 = CARTESIAN_POINT ( 'NONE',  ( 1.622536821247663900, 1.499000000000000100, -0.7074919171402999100 ) ) ;
#1095 = VECTOR ( 'NONE', #1396, 1000.000000000000000 ) ;
#1096 = CARTESIAN_POINT ( 'NONE',  ( -0.7046437007874008000, 1.500000000000000000, -0.1909606299212582800 ) ) ;
#1097 = ORIENTED_EDGE ( 'NONE', *, *, #45, .F. ) ;
#1098 = CARTESIAN_POINT ( 'NONE',  ( 1.586545031820006100, 1.499000000000000300, -0.7141785842762045100 ) ) ;
#1099 = DIRECTION ( 'NONE',  ( -0.0000000000000000000, 1.000000000000000000, -0.0000000000000000000 ) ) ;
#1100 = LINE ( 'NONE', #994, #2432 ) ;
#1101 = ORIENTED_EDGE ( 'NONE', *, *, #1243, .F. ) ;
#1102 = AXIS2_PLACEMENT_3D ( 'NONE', #2228, #2235, #2212 ) ;
#1103 = ORIENTED_EDGE ( 'NONE', *, *, #3218, .T. ) ;
#1104 = CARTESIAN_POINT ( 'NONE',  ( 0.8773183431569596700, 1.499000000000000300, 0.3640580657181616800 ) ) ;
#1105 =( LENGTH_UNIT ( ) NAMED_UNIT ( * ) SI_UNIT ( .MILLI., .METRE. ) );
#1106 = CARTESIAN_POINT ( 'NONE',  ( 1.307326258058622500, 1.500000000000000700, -0.7970554224645335400 ) ) ;
#1107 = VERTEX_POINT ( 'NONE', #956 ) ;
#1108 =( NAMED_UNIT ( * ) SI_UNIT ( $, .STERADIAN. ) SOLID_ANGLE_UNIT ( ) );
#1109 = CARTESIAN_POINT ( 'NONE',  ( 0.9488052297886936400, 1.499000000000000100, -1.006177418650820600 ) ) ;
#1110 = CARTESIAN_POINT ( 'NONE',  ( 2.149999999999999900, 1.500000000000000000, -2.149999999999999900 ) ) ;
#1111 = VERTEX_POINT ( 'NONE', #1669 ) ;
#1112 = COLOUR_RGB ( '',0.8274509803921568100, 0.8392156862745098200, 0.8274509803921568100 ) ;
#1113 = SURFACE_STYLE_USAGE ( .BOTH. , #1888 ) ;
#1114 = CARTESIAN_POINT ( 'NONE',  ( -1.779138873006797400, 1.499000000000000100, 1.599999999999999400 ) ) ;
#1115 = CARTESIAN_POINT ( 'NONE',  ( 1.480071792920451400, 1.499000000000000100, -0.8672464541691913300 ) ) ;
#1116 = CARTESIAN_POINT ( 'NONE',  ( 0.9787168691373976400, 1.498999999999999900, -0.9828709766662012700 ) ) ;
#1117 = PRESENTATION_LAYER_ASSIGNMENT (  '', '', ( #787 ) ) ;
#1118 = CARTESIAN_POINT ( 'NONE',  ( -0.7046437007874008000, 1.500000000000000000, -0.1909606299212582800 ) ) ;
#1119 =( NAMED_UNIT ( * ) PLANE_ANGLE_UNIT ( ) SI_UNIT ( $, .RADIAN. ) );
#1120 = SURFACE_STYLE_USAGE ( .BOTH. , #1130 ) ;
#1121 = CARTESIAN_POINT ( 'NONE',  ( 0.8929323698435282000, 1.500000000000000000, -0.5409243387845759100 ) ) ;
#1122 = EDGE_CURVE ( 'NONE', #425, #868, #753, .T. ) ;
#1123 = CARTESIAN_POINT ( 'NONE',  ( 0.8773183431569596700, 1.500000000000000200, -0.4051727035126077000 ) ) ;
#1124 = CARTESIAN_POINT ( 'NONE',  ( 0.9200193266988364600, 1.499000000000000100, 0.5089970284664140400 ) ) ;
#1125 = CARTESIAN_POINT ( 'NONE',  ( -1.604999999999999800, 0.0000000000000000000, 1.624999999999999800 ) ) ;
#1126 = SURFACE_STYLE_USAGE ( .BOTH. , #2623 ) ;
#1127 = CARTESIAN_POINT ( 'NONE',  ( 1.114153073453909600, 1.498999999999999900, -0.1247828067069570300 ) ) ;
#1128 = CARTESIAN_POINT ( 'NONE',  ( 0.8929323698435282000, 1.499000000000000100, 0.9975371996769626400 ) ) ;
#1129 = CARTESIAN_POINT ( 'NONE',  ( 1.480071792920451400, 1.499000000000000100, 0.6712150842923471100 ) ) ;
#1130 = SURFACE_SIDE_STYLE ('',( #1082 ) ) ;
#1131 = LINE ( 'NONE', #316, #496 ) ;
#1132 = CARTESIAN_POINT ( 'NONE',  ( 1.228230476123696400, 1.500000000000000900, 0.7063136283742552600 ) ) ;
#1133 = LINE ( 'NONE', #2052, #2388 ) ;
#1134 = CARTESIAN_POINT ( 'NONE',  ( 1.151362903670955600, 1.498999999999999700, 0.5424608504698699200 ) ) ;
#1135 = CARTESIAN_POINT ( 'NONE',  ( -0.3143562992125948400, 1.500000000000000000, 0.5383602362204742400 ) ) ;
#1136 =( GEOMETRIC_REPRESENTATION_CONTEXT ( 3 ) GLOBAL_UNCERTAINTY_ASSIGNED_CONTEXT ( ( #520 ) ) GLOBAL_UNIT_ASSIGNED_CONTEXT ( ( #2605, #2659, #2553 ) ) REPRESENTATION_CONTEXT ( 'NONE', 'WORKASPACE' ) );
#1137 = ADVANCED_FACE ( 'NONE', ( #23 ), #1452, .F. ) ;
#1138 = CARTESIAN_POINT ( 'NONE',  ( 1.220722731398701900, 1.499000000000000300, -0.1920385470368161100 ) ) ;
#1139 = CARTESIAN_POINT ( 'NONE',  ( -0.7046437007874008000, 1.499000000000000100, -0.1909606299212582800 ) ) ;
#1140 = SURFACE_STYLE_FILL_AREA ( #2750 ) ;
#1141 = ORIENTED_EDGE ( 'NONE', *, *, #2094, .F. ) ;
#1142 = CARTESIAN_POINT ( 'NONE',  ( 1.721481405670426800, 1.499000000000000600, 0.8427511669918307200 ) ) ;
#1143 = ORIENTED_EDGE ( 'NONE', *, *, #198, .F. ) ;
#1144 =( NAMED_UNIT ( * ) SI_UNIT ( $, .STERADIAN. ) SOLID_ANGLE_UNIT ( ) );
#1145 = DIRECTION ( 'NONE',  ( 1.000000000000000000, 0.0000000000000000000, 0.0000000000000000000 ) ) ;
#1146 = EDGE_LOOP ( 'NONE', ( #1264, #834, #819, #1606 ) ) ;
#1147 = DIRECTION ( 'NONE',  ( 1.000000000000000000, 0.0000000000000000000, 0.0000000000000000000 ) ) ;
#1148 = DIRECTION ( 'NONE',  ( 0.0000000000000000000, 0.0000000000000000000, 1.000000000000000000 ) ) ;
#1149 = CARTESIAN_POINT ( 'NONE',  ( 1.163981641328089500, 1.499999999999998700, -0.09610121252595239800 ) ) ;
#1150 = DIRECTION ( 'NONE',  ( -0.0000000000000000000, -1.000000000000000000, -0.0000000000000000000 ) ) ;
#1151 = ORIENTED_EDGE ( 'NONE', *, *, #3084, .T. ) ;
#1152 = CARTESIAN_POINT ( 'NONE',  ( -1.579138873006797000, 1.500000000000000000, -1.600000000000000800 ) ) ;
#1153 =( LENGTH_UNIT ( ) NAMED_UNIT ( * ) SI_UNIT ( .MILLI., .METRE. ) );
#1154 = SURFACE_STYLE_FILL_AREA ( #881 ) ;
#1155 =( NAMED_UNIT ( * ) PLANE_ANGLE_UNIT ( ) SI_UNIT ( $, .RADIAN. ) );
#1156 = CARTESIAN_POINT ( 'NONE',  ( 1.480071792920451400, 1.499000000000000100, -0.8672464541691913300 ) ) ;
#1157 = CARTESIAN_POINT ( 'NONE',  ( -0.8876929133858242300, 1.500000000000000000, -0.2407657480314929800 ) ) ;
#1158 =( LENGTH_UNIT ( ) NAMED_UNIT ( * ) SI_UNIT ( .MILLI., .METRE. ) );
#1159 = PRESENTATION_STYLE_ASSIGNMENT (( #2527 ) ) ;
#1160 = SURFACE_STYLE_USAGE ( .BOTH. , #2665 ) ;
#1161 = AXIS2_PLACEMENT_3D ( 'NONE', #315, #202, #193 ) ;
#1162 =( GEOMETRIC_REPRESENTATION_CONTEXT ( 3 ) GLOBAL_UNCERTAINTY_ASSIGNED_CONTEXT ( ( #1840 ) ) GLOBAL_UNIT_ASSIGNED_CONTEXT ( ( #1620, #3121, #1362 ) ) REPRESENTATION_CONTEXT ( 'NONE', 'WORKASPACE' ) );
#1163 =( NAMED_UNIT ( * ) PLANE_ANGLE_UNIT ( ) SI_UNIT ( $, .RADIAN. ) );
#1164 = STYLED_ITEM ( 'NONE', ( #1039 ), #820 ) ;
#1165 = ORIENTED_EDGE ( 'NONE', *, *, #1359, .F. ) ;
#1166 = CARTESIAN_POINT ( 'NONE',  ( 1.751906728817887300, 1.499000000000000100, -0.8229756208358580700 ) ) ;
#1167 = CARTESIAN_POINT ( 'NONE',  ( 1.657007087844693600, 1.500000000000000200, -0.7022313145972835000 ) ) ;
#1168 = CARTESIAN_POINT ( 'NONE',  ( 1.392243830835394800, 1.499000000000000300, -0.1236485672223735500 ) ) ;
#1169 = FILL_AREA_STYLE_COLOUR ( '', #1664 ) ;
#1170 = CARTESIAN_POINT ( 'NONE',  ( 1.622536821247664300, 1.499000000000000300, 0.8309696213212383100 ) ) ;
#1171 = SURFACE_STYLE_USAGE ( .BOTH. , #2089 ) ;
#1172 =( LENGTH_UNIT ( ) NAMED_UNIT ( * ) SI_UNIT ( .MILLI., .METRE. ) );
#1173 = UNCERTAINTY_MEASURE_WITH_UNIT (LENGTH_MEASURE( 1.000000000000000100E-005 ), #335, 'distance_accuracy_value', 'NONE');
#1174 = EDGE_CURVE ( 'NONE', #435, #1032, #1029, .T. ) ;
#1175 =( LENGTH_UNIT ( ) NAMED_UNIT ( * ) SI_UNIT ( .MILLI., .METRE. ) );
#1176 = LINE ( 'NONE', #2933, #3090 ) ;
#1177 = B_SPLINE_CURVE_WITH_KNOTS ( 'NONE', 3,
 ( #696, #1918, #2924, #1419 ),
 .UNSPECIFIED., .F., .F.,
 ( 4, 4 ),
 ( 0.2727272727272727100, 0.3636363636363636500 ),
 .UNSPECIFIED. ) ;
#1178 = ORIENTED_EDGE ( 'NONE', *, *, #3031, .F. ) ;
#1179 = CARTESIAN_POINT ( 'NONE',  ( 0.0000000000000000000, 1.499000000000000100, -0.5510629921259847500 ) ) ;
#1180 = UNCERTAINTY_MEASURE_WITH_UNIT (LENGTH_MEASURE( 1.000000000000000100E-005 ), #3002, 'distance_accuracy_value', 'NONE');
#1181 = CARTESIAN_POINT ( 'NONE',  ( 1.010354588278905100, 1.500000000000000000, -0.9602313244710438700 ) ) ;
#1182 = ORIENTED_EDGE ( 'NONE', *, *, #82, .F. ) ;
#1183 = AXIS2_PLACEMENT_3D ( 'NONE', #1662, #188, #1916 ) ;
#1184 = DIRECTION ( 'NONE',  ( 0.6128916609699327500, 0.0000000000000000000, -0.7901669519244126600 ) ) ;
#1185 = ORIENTED_EDGE ( 'NONE', *, *, #1631, .F. ) ;
#1186 = DIRECTION ( 'NONE',  ( 0.0000000000000000000, 0.0000000000000000000, 1.000000000000000000 ) ) ;
#1187 = PLANE ( 'NONE',  #2126 ) ;
#1188 = CARTESIAN_POINT ( 'NONE',  ( 0.4893720472440967200, 1.499000000000000100, -0.01437007874015880200 ) ) ;
#1189 =( GEOMETRIC_REPRESENTATION_CONTEXT ( 3 ) GLOBAL_UNCERTAINTY_ASSIGNED_CONTEXT ( ( #1316 ) ) GLOBAL_UNIT_ASSIGNED_CONTEXT ( ( #1318, #1308, #1640 ) ) REPRESENTATION_CONTEXT ( 'NONE', 'WORKASPACE' ) );
#1190 = SURFACE_SIDE_STYLE ('',( #312 ) ) ;
#1191 = VERTEX_POINT ( 'NONE', #2697 ) ;
#1192 = PRESENTATION_STYLE_ASSIGNMENT (( #1351 ) ) ;
#1193 = ORIENTED_EDGE ( 'NONE', *, *, #20, .F. ) ;
#1194 = FACE_OUTER_BOUND ( 'NONE', #340, .T. ) ;
#1195 = VERTEX_POINT ( 'NONE', #3147 ) ;
#1196 = FILL_AREA_STYLE_COLOUR ( '', #2282 ) ;
#1197 = CARTESIAN_POINT ( 'NONE',  ( 1.151362903670955600, 1.498999999999999700, -0.2267699187608990500 ) ) ;
#1198 = CARTESIAN_POINT ( 'NONE',  ( 1.690025797102461900, 1.498999999999999900, 0.8399547696164519900 ) ) ;
#1199 = PRESENTATION_STYLE_ASSIGNMENT (( #2681 ) ) ;
#1200 = CARTESIAN_POINT ( 'NONE',  ( 0.4893720472440967200, 1.499000000000000100, -0.01437007874015880200 ) ) ;
#1201 = FILL_AREA_STYLE_COLOUR ( '', #1227 ) ;
#1202 = FACE_OUTER_BOUND ( 'NONE', #2988, .T. ) ;
#1203 = EDGE_CURVE ( 'NONE', #771, #3053, #2354, .T. ) ;
#1204 = VECTOR ( 'NONE', #624, 1000.000000000000000 ) ;
#1205 =( NAMED_UNIT ( * ) PLANE_ANGLE_UNIT ( ) SI_UNIT ( $, .RADIAN. ) );
#1206 = CARTESIAN_POINT ( 'NONE',  ( 1.306071904175980700, 1.499000000000000600, -0.1557732337311461300 ) ) ;
#1207 = CARTESIAN_POINT ( 'NONE',  ( -1.779138873006797400, 1.500000000000000000, -1.600000000000000800 ) ) ;
#1208 = CARTESIAN_POINT ( 'NONE',  ( 1.307326258058622500, 1.500000000000000400, 0.7414061159970056800 ) ) ;
#1209 = PLANE ( 'NONE',  #300 ) ;
#1210 =( GEOMETRIC_REPRESENTATION_CONTEXT ( 3 ) GLOBAL_UNCERTAINTY_ASSIGNED_CONTEXT ( ( #2693 ) ) GLOBAL_UNIT_ASSIGNED_CONTEXT ( ( #2969, #2962, #2952 ) ) REPRESENTATION_CONTEXT ( 'NONE', 'WORKASPACE' ) );
#1211 = CARTESIAN_POINT ( 'NONE',  ( -1.779138873006797400, 1.499000000000000100, 1.599999999999999400 ) ) ;
#1212 = EDGE_CURVE ( 'NONE', #1843, #435, #2267, .T. ) ;
#1213 = PRESENTATION_STYLE_ASSIGNMENT (( #2679 ) ) ;
#1214 = EDGE_LOOP ( 'NONE', ( #2588, #655, #1535, #885 ) ) ;
#1215 = ORIENTED_EDGE ( 'NONE', *, *, #2471, .F. ) ;
#1216 = CARTESIAN_POINT ( 'NONE',  ( 0.9488052297886935300, 1.499000000000000100, -0.2369466494200510600 ) ) ;
#1217 = CARTESIAN_POINT ( 'NONE',  ( 1.751906728817887300, 1.499000000000000100, 0.8436910458308086700 ) ) ;
#1218 = LINE ( 'NONE', #1802, #2523 ) ;
#1219 = CARTESIAN_POINT ( 'NONE',  ( -2.149999999999999900, 1.500000000000000000, -2.149999999999999900 ) ) ;
#1220 = VECTOR ( 'NONE', #2837, 1000.000000000000000 ) ;
#1221 = CARTESIAN_POINT ( 'NONE',  ( 0.8684932672794256600, 1.500000000000000000, -0.4127192105794477200 ) ) ;
#1222 = ORIENTED_EDGE ( 'NONE', *, *, #138, .F. ) ;
#1223 = UNCERTAINTY_MEASURE_WITH_UNIT (LENGTH_MEASURE( 1.000000000000000100E-005 ), #897, 'distance_accuracy_value', 'NONE');
#1224 = ORIENTED_EDGE ( 'NONE', *, *, #910, .F. ) ;
#1225 = CARTESIAN_POINT ( 'NONE',  ( 1.010354588278905100, 1.499000000000000100, -0.1910005552402744300 ) ) ;
#1226 = CARTESIAN_POINT ( 'NONE',  ( 1.721481405670426800, 1.499000000000000600, 0.8427511669918307200 ) ) ;
#1227 = COLOUR_RGB ( '',1.000000000000000000, 1.000000000000000000, 1.000000000000000000 ) ;
#1228 = CARTESIAN_POINT ( 'NONE',  ( 1.480071792920451400, 1.500000000000000000, 0.6712150842923471100 ) ) ;
#1229 =( GEOMETRIC_REPRESENTATION_CONTEXT ( 3 ) GLOBAL_UNCERTAINTY_ASSIGNED_CONTEXT ( ( #952 ) ) GLOBAL_UNIT_ASSIGNED_CONTEXT ( ( #63, #92, #102 ) ) REPRESENTATION_CONTEXT ( 'NONE', 'WORKASPACE' ) );
#1230 = CARTESIAN_POINT ( 'NONE',  ( 1.387797039204568400, 1.499999999999999600, 0.002588101770247897800 ) ) ;
#1231 = LINE ( 'NONE', #1858, #348 ) ;
#1232 = EDGE_LOOP ( 'NONE', ( #1165, #1845, #1982, #1421, #2171, #1968, #377, #150 ) ) ;
#1233 = SURFACE_STYLE_FILL_AREA ( #321 ) ;
#1234 = EDGE_CURVE ( 'NONE', #1939, #2046, #2949, .T. ) ;
#1235 = VECTOR ( 'NONE', #1613, 1000.000000000000000 ) ;
#1236 = LINE ( 'NONE', #1381, #590 ) ;
#1237 = CARTESIAN_POINT ( 'NONE',  ( 1.228230476123695500, 1.499999999999998000, -0.06291714085651428600 ) ) ;
#1238 = CARTESIAN_POINT ( 'NONE',  ( 1.741952235316691600, 1.499000000000000300, 0.8433835382408589900 ) ) ;
#1239 = DIRECTION ( 'NONE',  ( 1.000000000000000000, 0.0000000000000000000, -0.0000000000000000000 ) ) ;
#1240 = EDGE_CURVE ( 'NONE', #611, #1616, #960, .T. ) ;
#1241 = CARTESIAN_POINT ( 'NONE',  ( -0.6245137795275572700, 1.500000000000000000, -0.4582499999999971600 ) ) ;
#1242 = STYLED_ITEM ( 'NONE', ( #2738 ), #2273 ) ;
#1243 = EDGE_CURVE ( 'NONE', #992, #1431, #2735, .T. ) ;
#1244 = CARTESIAN_POINT ( 'NONE',  ( 1.058640297848006500, 1.499000000000000100, -0.2782142576721004500 ) ) ;
#1245 = CARTESIAN_POINT ( 'NONE',  ( 1.151362903670955800, 1.498999999999999900, -0.9960006879916683000 ) ) ;
#1246 = B_SPLINE_CURVE_WITH_KNOTS ( 'NONE', 3,
 ( #2482, #989, #2479, #1480, #2248, #2240, #2230, #2224, #2214, #2204, #1997, #1994, #1978, #1958, #1730, #1721, #1714, #1497, #1486, #1471, #1462, #1450, #1248 ),
 .UNSPECIFIED., .F., .F.,
 ( 4, 1, 1, 1, 1, 1, 1, 1, 1, 1, 1, 1, 1, 1, 1, 1, 1, 1, 1, 1, 4 ),
 ( 0.0000000000000000000, 0.03151551312998483000, 0.06480979674365733300, 0.09991169883527546700, 0.1366755286001709000, 0.1751432978746825200, 0.2157650117082457200, 0.2581569125231218400, 0.3022930440652046300, 0.3927408518774001500, 0.4832984694610616400, 0.5744114847371660800, 0.6664774093514971300, 0.7120107481430552100, 0.7563744975915032100, 0.7998154803065208300, 0.8419616993485902200, 0.8828431755911847500, 0.9229180315891946100, 0.9619666184423849600, 1.000000000000000000 ),
 .UNSPECIFIED. ) ;
#1247 = LINE ( 'NONE', #2367, #2567 ) ;
#1248 = CARTESIAN_POINT ( 'NONE',  ( 0.8929323698435283100, 1.499000000000000300, -0.2845140823743195800 ) ) ;
#1249 = MECHANICAL_DESIGN_GEOMETRIC_PRESENTATION_REPRESENTATION (  '', ( #770 ), #1422 ) ;
#1250 = VECTOR ( 'NONE', #2154, 1000.000000000000000 ) ;
#1251 = LINE ( 'NONE', #818, #2572 ) ;
#1252 = EDGE_LOOP ( 'NONE', ( #2739, #2266, #1951, #1388 ) ) ;
#1253 = VECTOR ( 'NONE', #2912, 1000.000000000000000 ) ;
#1254 = CARTESIAN_POINT ( 'NONE',  ( 1.657007087844693400, 1.499999999999998900, 0.06699945463348595800 ) ) ;
#1255 = CARTESIAN_POINT ( 'NONE',  ( 1.657007087844693200, 1.499000000000000300, 0.8362302238642553800 ) ) ;
#1256 = STYLED_ITEM ( 'NONE', ( #1430 ), #3146 ) ;
#1257 = ORIENTED_EDGE ( 'NONE', *, *, #1341, .F. ) ;
#1258 = COLOUR_RGB ( '',1.000000000000000000, 1.000000000000000000, 1.000000000000000000 ) ;
#1259 = DIRECTION ( 'NONE',  ( -0.0000000000000000000, 0.0000000000000000000, 1.000000000000000000 ) ) ;
#1260 = SURFACE_STYLE_FILL_AREA ( #1387 ) ;
#1261 = PRESENTATION_STYLE_ASSIGNMENT (( #1789 ) ) ;
#1262 = CARTESIAN_POINT ( 'NONE',  ( 1.548993573913792300, 1.499000000000000100, 0.8163149509549783000 ) ) ;
#1263 = ORIENTED_EDGE ( 'NONE', *, *, #2726, .F. ) ;
#1264 = ORIENTED_EDGE ( 'NONE', *, *, #3077, .T. ) ;
#1265 = B_SPLINE_CURVE_WITH_KNOTS ( 'NONE', 3,
 ( #646, #2374, #2684, #2670, #2663, #2106, #2096 ),
 .UNSPECIFIED., .F., .F.,
 ( 4, 1, 1, 1, 4 ),
 ( 0.0000000000000000000, 0.2372165186042098600, 0.4825864912431355200, 0.7368469271779311000, 1.000000000000000000 ),
 .UNSPECIFIED. ) ;
#1266 = PRESENTATION_LAYER_ASSIGNMENT (  '', '', ( #950 ) ) ;
#1267 = LINE ( 'NONE', #1677, #2504 ) ;
#1268 = UNCERTAINTY_MEASURE_WITH_UNIT (LENGTH_MEASURE( 1.000000000000000100E-005 ), #303, 'distance_accuracy_value', 'NONE');
#1269 = ADVANCED_FACE ( 'NONE', ( #294, #2208, #869 ), #2200, .T. ) ;
#1270 = VECTOR ( 'NONE', #559, 1000.000000000000000 ) ;
#1271 = CARTESIAN_POINT ( 'NONE',  ( 0.8929323698435282000, 1.500000000000000000, -0.2845140823743195200 ) ) ;
#1272 = CARTESIAN_POINT ( 'NONE',  ( 0.7647272416384000000, 1.499000000000000100, -0.4127192105794477200 ) ) ;
#1273 = UNCERTAINTY_MEASURE_WITH_UNIT (LENGTH_MEASURE( 1.000000000000000100E-005 ), #1885, 'distance_accuracy_value', 'NONE');
#1274 = CARTESIAN_POINT ( 'NONE',  ( 1.097244454863652600, 1.499000000000000100, -1.025259730016857800 ) ) ;
#1275 = CARTESIAN_POINT ( 'NONE',  ( 0.8773183431569596700, 1.499000000000000300, 0.3640580657181616800 ) ) ;
#1276 = CARTESIAN_POINT ( 'NONE',  ( 1.727777239659924900, 1.500000000000000200, 0.7135837400889355500 ) ) ;
#1277 = MECHANICAL_DESIGN_GEOMETRIC_PRESENTATION_REPRESENTATION (  '', ( #787 ), #1455 ) ;
#1278 =( NAMED_UNIT ( * ) SI_UNIT ( $, .STERADIAN. ) SOLID_ANGLE_UNIT ( ) );
#1279 = CARTESIAN_POINT ( 'NONE',  ( 1.509960204297905900, 1.498999999999999900, 0.8067986815604110100 ) ) ;
#1280 = PRESENTATION_LAYER_ASSIGNMENT (  '', '', ( #972 ) ) ;
#1281 = FACE_BOUND ( 'NONE', #1463, .T. ) ;
#1283 = EDGE_LOOP ( 'NONE', ( #2625, #2242, #2116, #1666 ) ) ;
#1282 = CARTESIAN_POINT ( 'NONE',  ( -1.604999999999999800, -0.0000000000000000000, -1.625000000000000000 ) ) ;
#1284 = B_SPLINE_CURVE_WITH_KNOTS ( 'NONE', 3,
 ( #1767, #553, #2286, #795 ),
 .UNSPECIFIED., .F., .F.,
 ( 4, 4 ),
 ( 0.6363636363636364600, 0.7272727272727274000 ),
 .UNSPECIFIED. ) ;
#1285 = CARTESIAN_POINT ( 'NONE',  ( -0.6245137795275572700, 1.500000000000000000, -0.4582499999999971600 ) ) ;
#1286 = EDGE_CURVE ( 'NONE', #914, #2006, #31, .T. ) ;
#1287 = ADVANCED_FACE ( 'NONE', ( #656 ), #650, .F. ) ;
#1288 = SURFACE_SIDE_STYLE ('',( #1322 ) ) ;
#1289 = CARTESIAN_POINT ( 'NONE',  ( 1.480071792920451400, 1.500000000000000000, 0.6712150842923471100 ) ) ;
#1290 = PRESENTATION_LAYER_ASSIGNMENT (  '', '', ( #980 ) ) ;
#1291 = ORIENTED_EDGE ( 'NONE', *, *, #2974, .T. ) ;
#1292 = CARTESIAN_POINT ( 'NONE',  ( 0.8929323698435282000, 1.500000000000000000, 0.9975371996769626400 ) ) ;
#1293 = ORIENTED_EDGE ( 'NONE', *, *, #1926, .T. ) ;
#1294 = VERTEX_POINT ( 'NONE', #844 ) ;
#1295 = DIRECTION ( 'NONE',  ( -0.0000000000000000000, 1.000000000000000000, -0.0000000000000000000 ) ) ;
#1296 = CARTESIAN_POINT ( 'NONE',  ( 1.586545031820005400, 1.499000000000000100, 0.8242829541853342600 ) ) ;
#1297 = CARTESIAN_POINT ( 'NONE',  ( 1.228230476123696400, 1.499000000000000800, 0.7063136283742552600 ) ) ;
#1298 = VERTEX_POINT ( 'NONE', #913 ) ;
#1299 = FILL_AREA_STYLE ('',( #806 ) ) ;
#1300 = VECTOR ( 'NONE', #2562, 1000.000000000000000 ) ;
#1301 = CARTESIAN_POINT ( 'NONE',  ( -0.6439566929133848600, 1.500000000000000000, -0.3247007874015716000 ) ) ;
#1302 = LINE ( 'NONE', #2149, #671 ) ;
#1303 =( LENGTH_UNIT ( ) NAMED_UNIT ( * ) SI_UNIT ( .MILLI., .METRE. ) );
#1304 = VECTOR ( 'NONE', #2542, 1000.000000000000000 ) ;
#1305 = ORIENTED_EDGE ( 'NONE', *, *, #1740, .T. ) ;
#1306 = VECTOR ( 'NONE', #557, 1000.000000000000000 ) ;
#1307 = ADVANCED_FACE ( 'NONE', ( #2779 ), #900, .T. ) ;
#1308 =( NAMED_UNIT ( * ) PLANE_ANGLE_UNIT ( ) SI_UNIT ( $, .RADIAN. ) );
#1309 =( NAMED_UNIT ( * ) PLANE_ANGLE_UNIT ( ) SI_UNIT ( $, .RADIAN. ) );
#1310 = VECTOR ( 'NONE', #453, 1000.000000000000000 ) ;
#1311 = VECTOR ( 'NONE', #2047, 1000.000000000000000 ) ;
#1312 = CARTESIAN_POINT ( 'NONE',  ( -0.3478405511811028000, 1.499000000000000100, -0.4493740157480306000 ) ) ;
#1313 = CARTESIAN_POINT ( 'NONE',  ( 0.8684932672794256600, 1.499000000000000300, -0.4127192105794477700 ) ) ;
#1314 = PLANE ( 'NONE',  #1411 ) ;
#1315 =( NAMED_UNIT ( * ) SI_UNIT ( $, .STERADIAN. ) SOLID_ANGLE_UNIT ( ) );
#1316 = UNCERTAINTY_MEASURE_WITH_UNIT (LENGTH_MEASURE( 1.000000000000000100E-005 ), #1318, 'distance_accuracy_value', 'NONE');
#1317 = DIRECTION ( 'NONE',  ( 0.0000000000000000000, 0.0000000000000000000, 1.000000000000000000 ) ) ;
#1318 =( LENGTH_UNIT ( ) NAMED_UNIT ( * ) SI_UNIT ( .MILLI., .METRE. ) );
#1319 = CARTESIAN_POINT ( 'NONE',  ( 0.9488052297886935300, 1.499000000000000100, 0.5322841198107181000 ) ) ;
#1320 = ORIENTED_EDGE ( 'NONE', *, *, #762, .T. ) ;
#1321 = DIRECTION ( 'NONE',  ( 0.0000000000000000000, 0.0000000000000000000, -1.000000000000000000 ) ) ;
#1322 = SURFACE_STYLE_FILL_AREA ( #2775 ) ;
#1323 = FILL_AREA_STYLE_COLOUR ( '', #2188 ) ;
#1324 = PRESENTATION_LAYER_ASSIGNMENT (  '', '', ( #1011 ) ) ;
#1325 = CARTESIAN_POINT ( 'NONE',  ( 1.751906728817887300, 1.500000000000000000, 0.8436910458308086700 ) ) ;
#1326 = FILL_AREA_STYLE_COLOUR ( '', #1453 ) ;
#1327 = CARTESIAN_POINT ( 'NONE',  ( 0.7849999999999998100, 0.0000000000000000000, 1.625000000000000200 ) ) ;
#1328 =( LENGTH_UNIT ( ) NAMED_UNIT ( * ) SI_UNIT ( .MILLI., .METRE. ) );
#1329 = VERTEX_POINT ( 'NONE', #801 ) ;
#1330 = LINE ( 'NONE', #1681, #1999 ) ;
#1331 = DIRECTION ( 'NONE',  ( 1.000000000000000000, 0.0000000000000000000, 0.0000000000000000000 ) ) ;
#1332 =( NAMED_UNIT ( * ) SI_UNIT ( $, .STERADIAN. ) SOLID_ANGLE_UNIT ( ) );
#1333 = DIRECTION ( 'NONE',  ( -1.000000000000000000, 0.0000000000000000000, 0.0000000000000000000 ) ) ;
#1334 = COLOUR_RGB ( '',1.000000000000000000, 1.000000000000000000, 1.000000000000000000 ) ;
#1335 = ORIENTED_EDGE ( 'NONE', *, *, #1068, .T. ) ;
#1336 = SURFACE_SIDE_STYLE ('',( #546 ) ) ;
#1337 = EDGE_LOOP ( 'NONE', ( #2916, #2716, #1488, #59 ) ) ;
#1338 = CARTESIAN_POINT ( 'NONE',  ( 0.7647272416384000000, 1.499000000000000100, -0.5409243387845759100 ) ) ;
#1339 = CARTESIAN_POINT ( 'NONE',  ( -1.779138873006797400, 1.499000000000000100, -1.600000000000000800 ) ) ;
#1340 = FILL_AREA_STYLE ('',( #2881 ) ) ;
#1341 = EDGE_CURVE ( 'NONE', #2046, #119, #675, .T. ) ;
#1342 = FILL_AREA_STYLE_COLOUR ( '', #3108 ) ;
#1343 = ORIENTED_EDGE ( 'NONE', *, *, #1035, .T. ) ;
#1344 = LINE ( 'NONE', #2787, #2010 ) ;
#1345 = CARTESIAN_POINT ( 'NONE',  ( 1.586545031820006100, 1.499000000000000300, -0.7141785842762045100 ) ) ;
#1346 = VERTEX_POINT ( 'NONE', #855 ) ;
#1347 = PRESENTATION_LAYER_ASSIGNMENT (  '', '', ( #1022 ) ) ;
#1348 = SURFACE_STYLE_USAGE ( .BOTH. , #1072 ) ;
#1349 = LINE ( 'NONE', #2905, #719 ) ;
#1350 = CARTESIAN_POINT ( 'NONE',  ( 1.509960204297906800, 1.499000000000000300, -0.7316628569011275300 ) ) ;
#1351 = SURFACE_STYLE_USAGE ( .BOTH. , #1358 ) ;
#1352 =( NAMED_UNIT ( * ) SI_UNIT ( $, .STERADIAN. ) SOLID_ANGLE_UNIT ( ) );
#1353 = VECTOR ( 'NONE', #408, 1000.000000000000000 ) ;
#1354 = STYLED_ITEM ( 'NONE', ( #273 ), #2890 ) ;
#1355 = SURFACE_SIDE_STYLE ('',( #1924 ) ) ;
#1356 = CARTESIAN_POINT ( 'NONE',  ( 1.228230476123695500, 1.499999999999999100, -0.8321479100872830600 ) ) ;
#1357 = CARTESIAN_POINT ( 'NONE',  ( 0.9018817286005941200, 1.499000000000000100, -1.045722780725276900 ) ) ;
#1358 = SURFACE_SIDE_STYLE ('',( #1260 ) ) ;
#1359 = EDGE_CURVE ( 'NONE', #81, #718, #2545, .T. ) ;
#1360 = ORIENTED_EDGE ( 'NONE', *, *, #587, .T. ) ;
#1361 = DIRECTION ( 'NONE',  ( -0.0000000000000000000, 1.000000000000000000, -0.0000000000000000000 ) ) ;
#1362 =( NAMED_UNIT ( * ) SI_UNIT ( $, .STERADIAN. ) SOLID_ANGLE_UNIT ( ) );
#1363 = DIRECTION ( 'NONE',  ( -0.0000000000000000000, 1.000000000000000000, -0.0000000000000000000 ) ) ;
#1364 = VECTOR ( 'NONE', #454, 1000.000000000000000 ) ;
#1365 = ORIENTED_EDGE ( 'NONE', *, *, #1708, .T. ) ;
#1366 = CARTESIAN_POINT ( 'NONE',  ( 0.9488052297886936400, 1.499000000000000100, -1.006177418650820600 ) ) ;
#1367 = PLANE ( 'NONE',  #1972 ) ;
#1368 = ORIENTED_EDGE ( 'NONE', *, *, #91, .T. ) ;
#1369 = FILL_AREA_STYLE ('',( #1326 ) ) ;
#1370 = FILL_AREA_STYLE ('',( #1877 ) ) ;
#1371 = LINE ( 'NONE', #2245, #741 ) ;
#1372 = STYLED_ITEM ( 'NONE', ( #2113 ), #1269 ) ;
#1373 = EDGE_LOOP ( 'NONE', ( #2984, #750, #2618, #1611 ) ) ;
#1374 =( NAMED_UNIT ( * ) PLANE_ANGLE_UNIT ( ) SI_UNIT ( $, .RADIAN. ) );
#1375 = EDGE_CURVE ( 'NONE', #1900, #541, #6, .T. ) ;
#1376 = CARTESIAN_POINT ( 'NONE',  ( 1.480071792920451400, 1.500000000000000000, 0.6712150842923471100 ) ) ;
#1377 =( NAMED_UNIT ( * ) PLANE_ANGLE_UNIT ( ) SI_UNIT ( $, .RADIAN. ) );
#1378 =( NAMED_UNIT ( * ) SI_UNIT ( $, .STERADIAN. ) SOLID_ANGLE_UNIT ( ) );
#1379 = CARTESIAN_POINT ( 'NONE',  ( 1.544122212018436100, 1.500000000000000400, -0.8504613672900239700 ) ) ;
#1380 = EDGE_LOOP ( 'NONE', ( #430, #2985, #570, #2627 ) ) ;
#1381 = CARTESIAN_POINT ( 'NONE',  ( -2.149999999999999900, 1.500000000000000000, 2.149999999999999900 ) ) ;
#1382 = SURFACE_STYLE_FILL_AREA ( #962 ) ;
#1383 = DIRECTION ( 'NONE',  ( 0.0000000000000000000, 0.0000000000000000000, 1.000000000000000000 ) ) ;
#1384 = ADVANCED_FACE ( 'NONE', ( #584 ), #1458, .T. ) ;
#1385 = LINE ( 'NONE', #1646, #2639 ) ;
#1386 = FILL_AREA_STYLE_COLOUR ( '', #46 ) ;
#1387 = FILL_AREA_STYLE ('',( #1581 ) ) ;
#1388 = ORIENTED_EDGE ( 'NONE', *, *, #247, .T. ) ;
#1389 = CARTESIAN_POINT ( 'NONE',  ( -0.3166751968503908100, 1.500000000000000000, 0.3254724409448839200 ) ) ;
#1390 = CARTESIAN_POINT ( 'NONE',  ( 1.077946915374149200, 1.500000000000000200, 0.6229000860043829600 ) ) ;
#1391 = VECTOR ( 'NONE', #1709, 1000.000000000000000 ) ;
#1392 = CARTESIAN_POINT ( 'NONE',  ( 1.097244454863652900, 1.499000000000000300, 0.5132018084446808800 ) ) ;
#1393 = CARTESIAN_POINT ( 'NONE',  ( 1.509960204297906800, 1.499000000000000300, 0.03756791232964204500 ) ) ;
#1394 = CARTESIAN_POINT ( 'NONE',  ( -0.4560118110236215900, 1.499000000000000100, -0.2967913385826763700 ) ) ;
#1395 = STYLED_ITEM ( 'NONE', ( #2328 ), #536 ) ;
#1396 = DIRECTION ( 'NONE',  ( -1.000000000000000000, -0.0000000000000000000, 1.726864204244106600E-015 ) ) ;
#1397 = DIRECTION ( 'NONE',  ( 0.0000000000000000000, -1.000000000000000000, 0.0000000000000000000 ) ) ;
#1398 = CARTESIAN_POINT ( 'NONE',  ( 1.157914205808729300, 1.498999999999999900, -0.2238212179192432000 ) ) ;
#1399 = STYLED_ITEM ( 'NONE', ( #2448 ), #2012 ) ;
#1400 = LINE ( 'NONE', #653, #1636 ) ;
#1401 = EDGE_CURVE ( 'NONE', #2179, #425, #1576, .T. ) ;
#1402 = CARTESIAN_POINT ( 'NONE',  ( 1.022092828796336200, 1.499000000000000300, -0.3005464408681388100 ) ) ;
#1403 = CARTESIAN_POINT ( 'NONE',  ( 1.751906728817887300, 1.500000000000000200, 0.8436910458308086700 ) ) ;
#1404 =( NAMED_UNIT ( * ) SI_UNIT ( $, .STERADIAN. ) SOLID_ANGLE_UNIT ( ) );
#1405 = VERTEX_POINT ( 'NONE', #2505 ) ;
#1406 = EDGE_CURVE ( 'NONE', #1000, #2027, #931, .T. ) ;
#1407 = DIRECTION ( 'NONE',  ( -0.0000000000000000000, -0.0000000000000000000, -1.000000000000000000 ) ) ;
#1408 =( LENGTH_UNIT ( ) NAMED_UNIT ( * ) SI_UNIT ( .MILLI., .METRE. ) );
#1409 = CARTESIAN_POINT ( 'NONE',  ( 1.680333660469139700, 1.500000000000000000, -0.05938710461581957200 ) ) ;
#1410 = CARTESIAN_POINT ( 'NONE',  ( -0.9870649606299186600, 1.500000000000000000, 0.1046240157480354700 ) ) ;
#1411 = AXIS2_PLACEMENT_3D ( 'NONE', #2320, #826, #2558 ) ;
#1412 =( NAMED_UNIT ( * ) PLANE_ANGLE_UNIT ( ) SI_UNIT ( $, .RADIAN. ) );
#1413 = EDGE_CURVE ( 'NONE', #3011, #40, #2251, .T. ) ;
#1414 = ORIENTED_EDGE ( 'NONE', *, *, #2307, .T. ) ;
#1415 = CARTESIAN_POINT ( 'NONE',  ( -0.4560118110236215900, 1.500000000000000000, -0.2967913385826763700 ) ) ;
#1416 = CARTESIAN_POINT ( 'NONE',  ( 0.0000000000000000000, 1.500000000000000000, -0.5510629921259847500 ) ) ;
#1417 = UNCERTAINTY_MEASURE_WITH_UNIT (LENGTH_MEASURE( 1.000000000000000100E-005 ), #386, 'distance_accuracy_value', 'NONE');
#1418 = LINE ( 'NONE', #282, #2743 ) ;
#1419 = CARTESIAN_POINT ( 'NONE',  ( -0.8876929133858242300, 1.499000000000000100, -0.2407657480314929800 ) ) ;
#1420 = B_SPLINE_SURFACE_WITH_KNOTS ( 'NONE', 3, 1, ( 
 ( #2903, #1403 ),
 ( #147, #160 ),
 ( #1142, #948 ),
 ( #1903, #2136 ),
 ( #319, #1834 ),
 ( #2123, #1853 ),
 ( #3110, #2519 ),
 ( #2110, #1863 ),
 ( #2168, #376 ),
 ( #1571, #2816 ),
 ( #1882, #1915 ),
 ( #2927, #93 ),
 ( #1297, #1132 ),
 ( #1846, #1817 ),
 ( #2392, #2364 ),
 ( #866, #1390 ),
 ( #1436, #890 ),
 ( #436, #1785 ),
 ( #2860, #1565 ),
 ( #1319, #1423 ),
 ( #1124, #814 ),
 ( #635, #697 ),
 ( #688, #677 ) ),
 .UNSPECIFIED., .F., .F., .F.,
 ( 4, 1, 1, 1, 1, 1, 1, 1, 1, 1, 1, 1, 1, 1, 1, 1, 1, 1, 1, 1, 4 ),
 ( 2, 2 ),
 ( 0.0000000000000000000, 0.03151551312998482300, 0.06480979674365733300, 0.09991169883527546700, 0.1366755286001708800, 0.1751432978746824700, 0.2157650117082456900, 0.2581569125231217800, 0.3022930440652045700, 0.3927408518774001000, 0.4832984694610615900, 0.5744114847371660800, 0.6664774093514971300, 0.7120107481430552100, 0.7563744975915032100, 0.7998154803065208300, 0.8419616993485902200, 0.8828431755911847500, 0.9229180315891946100, 0.9619666184423849600, 1.000000000000000000 ),
 ( 0.0000000000000000000, 1.000000000000000000 ),
 .UNSPECIFIED. ) ;
#1421 = ORIENTED_EDGE ( 'NONE', *, *, #3047, .F. ) ;
#1422 =( GEOMETRIC_REPRESENTATION_CONTEXT ( 3 ) GLOBAL_UNCERTAINTY_ASSIGNED_CONTEXT ( ( #2727 ) ) GLOBAL_UNIT_ASSIGNED_CONTEXT ( ( #2914, #1412, #3175 ) ) REPRESENTATION_CONTEXT ( 'NONE', 'WORKASPACE' ) );
#1423 = CARTESIAN_POINT ( 'NONE',  ( 0.9488052297886935300, 1.500000000000000200, 0.5322841198107181000 ) ) ;
#1424 = UNCERTAINTY_MEASURE_WITH_UNIT (LENGTH_MEASURE( 1.000000000000000100E-005 ), #602, 'distance_accuracy_value', 'NONE');
#1425 = CARTESIAN_POINT ( 'NONE',  ( 1.586545031820006100, 1.500000000000000200, -0.7141785842762045100 ) ) ;
#1426 = LINE ( 'NONE', #110, #2746 ) ;
#1427 = CARTESIAN_POINT ( 'NONE',  ( 1.163981641328089000, 1.498999999999999700, 0.6731295567048165600 ) ) ;
#1428 = DIRECTION ( 'NONE',  ( 0.0000000000000000000, 0.0000000000000000000, -1.000000000000000000 ) ) ;
#1429 =( NAMED_UNIT ( * ) SI_UNIT ( $, .STERADIAN. ) SOLID_ANGLE_UNIT ( ) );
#1430 = PRESENTATION_STYLE_ASSIGNMENT (( #2163 ) ) ;
#1431 = VERTEX_POINT ( 'NONE', #2060 ) ;
#1432 = FACE_OUTER_BOUND ( 'NONE', #136, .T. ) ;
#1433 = AXIS2_PLACEMENT_3D ( 'NONE', #155, #1875, #411 ) ;
#1434 =( NAMED_UNIT ( * ) SI_UNIT ( $, .STERADIAN. ) SOLID_ANGLE_UNIT ( ) );
#1435 = CARTESIAN_POINT ( 'NONE',  ( -0.3166751968503908100, 1.499000000000000100, 0.3254724409448839200 ) ) ;
#1436 = CARTESIAN_POINT ( 'NONE',  ( 1.043424900257970500, 1.499000000000000300, 0.6006602812686832000 ) ) ;
#1437 = CARTESIAN_POINT ( 'NONE',  ( 0.9488052297886936400, 1.500000000000000000, -1.006177418650820600 ) ) ;
#1438 = DIRECTION ( 'NONE',  ( 0.0000000000000000000, 0.0000000000000000000, 1.000000000000000000 ) ) ;
#1439 = CARTESIAN_POINT ( 'NONE',  ( 1.455842603308310300, 1.499000000000000300, 0.7927254043728062500 ) ) ;
#1440 = CARTESIAN_POINT ( 'NONE',  ( 1.604999999999999800, 0.0000000000000000000, -1.625000000000000400 ) ) ;
#1441 = MECHANICAL_DESIGN_GEOMETRIC_PRESENTATION_REPRESENTATION (  '', ( #950 ), #1603 ) ;
#1442 =( LENGTH_UNIT ( ) NAMED_UNIT ( * ) SI_UNIT ( .MILLI., .METRE. ) );
#1443 = B_SPLINE_SURFACE_WITH_KNOTS ( 'NONE', 3, 1, ( 
 ( #2507, #2991 ),
 ( #3029, #3188 ),
 ( #784, #790 ),
 ( #3197, #3040 ),
 ( #1474, #1254 ),
 ( #945, #936 ),
 ( #921, #1491 ),
 ( #904, #1446 ),
 ( #1393, #1503 ),
 ( #471, #1468 ),
 ( #767, #760 ),
 ( #1003, #882 ),
 ( #690, #1237 ),
 ( #993, #1149 ),
 ( #1127, #2689 ),
 ( #1995, #699 ),
 ( #712, #968 ),
 ( #1225, #530 ),
 ( #665, #780 ),
 ( #1216, #507 ),
 ( #516, #490 ),
 ( #497, #521 ),
 ( #450, #459 ) ),
 .UNSPECIFIED., .F., .F., .F.,
 ( 4, 1, 1, 1, 1, 1, 1, 1, 1, 1, 1, 1, 1, 1, 1, 1, 1, 1, 1, 1, 4 ),
 ( 2, 2 ),
 ( 0.0000000000000000000, 0.03151551312998483000, 0.06480979674365733300, 0.09991169883527546700, 0.1366755286001709000, 0.1751432978746825200, 0.2157650117082457200, 0.2581569125231218400, 0.3022930440652046300, 0.3927408518774001500, 0.4832984694610616400, 0.5744114847371660800, 0.6664774093514971300, 0.7120107481430552100, 0.7563744975915032100, 0.7998154803065208300, 0.8419616993485902200, 0.8828431755911847500, 0.9229180315891946100, 0.9619666184423849600, 1.000000000000000000 ),
 ( 0.0000000000000000000, 1.000000000000000000 ),
 .UNSPECIFIED. ) ;
#1444 = ORIENTED_EDGE ( 'NONE', *, *, #554, .T. ) ;
#1445 =( LENGTH_UNIT ( ) NAMED_UNIT ( * ) SI_UNIT ( .MILLI., .METRE. ) );
#1446 = CARTESIAN_POINT ( 'NONE',  ( 1.548993573913792100, 1.499999999999998700, 0.04708418172420910500 ) ) ;
#1447 = CARTESIAN_POINT ( 'NONE',  ( 1.387797039204568400, 1.498999999999999900, 0.7718188710010169800 ) ) ;
#1448 = CARTESIAN_POINT ( 'NONE',  ( -0.3479645669291339100, 1.500000000000000000, -0.1738976377952753700 ) ) ;
#1449 = ORIENTED_EDGE ( 'NONE', *, *, #739, .T. ) ;
#1450 = CARTESIAN_POINT ( 'NONE',  ( 0.9018817286005941200, 1.499000000000000300, -0.2764920114945077500 ) ) ;
#1451 = PLANE ( 'NONE',  #2132 ) ;
#1452 = B_SPLINE_SURFACE_WITH_KNOTS ( 'NONE', 3, 1, ( 
 ( #2640, #2898 ),
 ( #721, #2887 ),
 ( #2877, #2749 ),
 ( #2740, #2733 ) ),
 .UNSPECIFIED., .F., .F., .F.,
 ( 4, 4 ),
 ( 2, 2 ),
 ( 0.8181818181818183400, 0.9090909090909092800 ),
 ( 0.0000000000000000000, 1.000000000000000000 ),
 .UNSPECIFIED. ) ;
#1453 = COLOUR_RGB ( '',0.8274509803921568100, 0.8392156862745098200, 0.8274509803921568100 ) ;
#1454 = EDGE_LOOP ( 'NONE', ( #2175, #258, #1733, #3107 ) ) ;
#1455 =( GEOMETRIC_REPRESENTATION_CONTEXT ( 3 ) GLOBAL_UNCERTAINTY_ASSIGNED_CONTEXT ( ( #2092 ) ) GLOBAL_UNIT_ASSIGNED_CONTEXT ( ( #2418, #2065, #1315 ) ) REPRESENTATION_CONTEXT ( 'NONE', 'WORKASPACE' ) );
#1456 = VERTEX_POINT ( 'NONE', #2350 ) ;
#1457 = CARTESIAN_POINT ( 'NONE',  ( 0.9241035623546725000, 1.500000000000000200, -1.136619356654617900 ) ) ;
#1458 = B_SPLINE_SURFACE_WITH_KNOTS ( 'NONE', 3, 1, ( 
 ( #355, #137 ),
 ( #127, #118 ),
 ( #74, #101 ),
 ( #149, #381 ),
 ( #434, #633 ),
 ( #672, #48 ),
 ( #3089, #3126 ),
 ( #3099, #3076 ),
 ( #3069, #3054 ),
 ( #3039, #3028 ),
 ( #2906, #2893 ),
 ( #2868, #2833 ),
 ( #2805, #2792 ),
 ( #2645, #2631 ),
 ( #2619, #2554 ) ),
 .UNSPECIFIED., .F., .F., .F.,
 ( 4, 1, 1, 1, 1, 1, 1, 1, 1, 1, 1, 1, 4 ),
 ( 2, 2 ),
 ( 0.0000000000000000000, 0.05027287497458368700, 0.1027903700748774900, 0.1576131012369289800, 0.2146311133156755300, 0.2740612127265387200, 0.3356974550538851000, 0.4000702787165526500, 0.4668267493853399100, 0.6020780869193700400, 0.7357515335047494200, 0.8682046170340282900, 1.000000000000000000 ),
 ( 0.0000000000000000000, 1.000000000000000000 ),
 .UNSPECIFIED. ) ;
#1459 = CARTESIAN_POINT ( 'NONE',  ( 1.751906728817887300, 1.499000000000000100, -0.8229756208358580700 ) ) ;
#1460 = CARTESIAN_POINT ( 'NONE',  ( 1.163981641328089000, 1.499999999999999600, 0.6731295567048165600 ) ) ;
#1461 = MECHANICAL_DESIGN_GEOMETRIC_PRESENTATION_REPRESENTATION (  '', ( #972 ), #1629 ) ;
#1462 = CARTESIAN_POINT ( 'NONE',  ( 0.9200193266988364600, 1.499000000000000100, -0.2602337407643551300 ) ) ;
#1463 = EDGE_LOOP ( 'NONE', ( #1509, #1090, #3081, #129 ) ) ;
#1464 = DIRECTION ( 'NONE',  ( -0.0000000000000000000, 0.0000000000000000000, 1.000000000000000000 ) ) ;
#1465 = EDGE_CURVE ( 'NONE', #1076, #674, #350, .T. ) ;
#1466 = MECHANICAL_DESIGN_GEOMETRIC_PRESENTATION_REPRESENTATION (  '', ( #980 ), #1633 ) ;
#1467 = ORIENTED_EDGE ( 'NONE', *, *, #1413, .F. ) ;
#1468 = CARTESIAN_POINT ( 'NONE',  ( 1.455842603308309800, 1.499999999999998700, 0.02349463514203683700 ) ) ;
#1469 = CARTESIAN_POINT ( 'NONE',  ( 1.058640297848006500, 1.499000000000000100, -1.047445026902869700 ) ) ;
#1470 = CARTESIAN_POINT ( 'NONE',  ( 1.480071792920451400, 1.499000000000000100, 0.6712150842923471100 ) ) ;
#1471 = CARTESIAN_POINT ( 'NONE',  ( 0.9488052297886935300, 1.499000000000000100, -0.2369466494200510600 ) ) ;
#1472 = B_SPLINE_SURFACE_WITH_KNOTS ( 'NONE', 3, 1, ( 
 ( #1313, #1539 ),
 ( #796, #1556 ),
 ( #807, #555 ),
 ( #578, #1051 ),
 ( #305, #3034 ),
 ( #2295, #3061 ),
 ( #327, #1526 ),
 ( #2043, #986 ),
 ( #472, #1955 ),
 ( #947, #1941 ),
 ( #1965, #1719 ),
 ( #1647, #1898 ),
 ( #1610, #1879 ),
 ( #492, #723 ),
 ( #1862, #1914 ) ),
 .UNSPECIFIED., .F., .F., .F.,
 ( 4, 1, 1, 1, 1, 1, 1, 1, 1, 1, 1, 1, 4 ),
 ( 2, 2 ),
 ( 0.0000000000000000000, 0.05027287497458368700, 0.1027903700748774900, 0.1576131012369290900, 0.2146311133156755800, 0.2740612127265388300, 0.3356974550538851500, 0.4000702787165527100, 0.4668267493853399700, 0.6020780869193701500, 0.7357515335047494200, 0.8682046170340282900, 1.000000000000000000 ),
 ( 0.0000000000000000000, 1.000000000000000000 ),
 .UNSPECIFIED. ) ;
#1473 = STYLED_ITEM ( 'NONE', ( #2331 ), #2058 ) ;
#1474 = CARTESIAN_POINT ( 'NONE',  ( 1.657007087844693400, 1.499000000000000300, 0.06699945463348595800 ) ) ;
#1475 = B_SPLINE_SURFACE_WITH_KNOTS ( 'NONE', 3, 1, ( 
 ( #2382, #2926 ),
 ( #2541, #2620 ),
 ( #2160, #1830 ),
 ( #1435, #1389 ) ),
 .UNSPECIFIED., .F., .F., .F.,
 ( 4, 4 ),
 ( 2, 2 ),
 ( 0.7272727272727274000, 0.8181818181818183400 ),
 ( 0.0000000000000000000, 1.000000000000000000 ),
 .UNSPECIFIED. ) ;
#1476 = CARTESIAN_POINT ( 'NONE',  ( 1.307326258058622500, 1.499000000000000600, 0.7414061159970056800 ) ) ;
#1477 = SURFACE_STYLE_USAGE ( .BOTH. , #3027 ) ;
#1478 = B_SPLINE_CURVE_WITH_KNOTS ( 'NONE', 3,
 ( #2405, #1075, #1604, #2583, #1409, #1084, #112 ),
 .UNSPECIFIED., .F., .F.,
 ( 4, 1, 1, 1, 4 ),
 ( 0.0000000000000000000, 0.2372165186042098600, 0.4825864912431355200, 0.7368469271779311000, 1.000000000000000000 ),
 .UNSPECIFIED. ) ;
#1479 = CARTESIAN_POINT ( 'NONE',  ( 1.501180092310290000, 1.500000000000000200, 0.6767467364519983400 ) ) ;
#1480 = CARTESIAN_POINT ( 'NONE',  ( 1.690025797102461900, 1.499000000000000100, 0.07072400038568282800 ) ) ;
#1481 = VERTEX_POINT ( 'NONE', #1842 ) ;
#1482 = SURFACE_STYLE_FILL_AREA ( #400 ) ;
#1483 = CARTESIAN_POINT ( 'NONE',  ( 1.114153073453910000, 1.499000000000000300, 0.6444479625238122000 ) ) ;
#1484 = SURFACE_STYLE_FILL_AREA ( #1810 ) ;
#1485 = COLOUR_RGB ( '',0.1921568627450980200, 0.2039215686274509800, 0.2039215686274509800 ) ;
#1486 = CARTESIAN_POINT ( 'NONE',  ( 0.9787168691373976400, 1.498999999999999900, -0.2136402074354323300 ) ) ;
#1487 = ORIENTED_EDGE ( 'NONE', *, *, #151, .T. ) ;
#1488 = ORIENTED_EDGE ( 'NONE', *, *, #2793, .T. ) ;
#1489 = MECHANICAL_DESIGN_GEOMETRIC_PRESENTATION_REPRESENTATION (  '', ( #1011 ), #1671 ) ;
#1490 = STYLED_ITEM ( 'NONE', ( #2483 ), #67 ) ;
#1491 = CARTESIAN_POINT ( 'NONE',  ( 1.586545031820005600, 1.499999999999998700, 0.05505218495456507700 ) ) ;
#1492 = CARTESIAN_POINT ( 'NONE',  ( 1.228230476123696400, 1.499000000000000800, 0.7063136283742552600 ) ) ;
#1493 = PRESENTATION_STYLE_ASSIGNMENT (( #2776 ) ) ;
#1494 = B_SPLINE_CURVE_WITH_KNOTS ( 'NONE', 3,
 ( #1289, #1057, #86, #56, #564, #1776, #2517 ),
 .UNSPECIFIED., .F., .F.,
 ( 4, 1, 1, 1, 4 ),
 ( 0.0000000000000000000, 0.2372165186042098600, 0.4825864912431355200, 0.7368469271779311000, 1.000000000000000000 ),
 .UNSPECIFIED. ) ;
#1495 = PRESENTATION_LAYER_ASSIGNMENT (  '', '', ( #1164 ) ) ;
#1496 = ORIENTED_EDGE ( 'NONE', *, *, #2574, .F. ) ;
#1497 = CARTESIAN_POINT ( 'NONE',  ( 1.010354588278905100, 1.499000000000000100, -0.1910005552402744300 ) ) ;
#1498 = PRESENTATION_STYLE_ASSIGNMENT (( #2909 ) ) ;
#1499 = VERTEX_POINT ( 'NONE', #2127 ) ;
#1500 = SURFACE_STYLE_FILL_AREA ( #1783 ) ;
#1501 = LINE ( 'NONE', #2134, #843 ) ;
#1502 = LINE ( 'NONE', #3074, #2755 ) ;
#1503 = CARTESIAN_POINT ( 'NONE',  ( 1.509960204297906800, 1.499999999999998900, 0.03756791232964204500 ) ) ;
#1504 = CARTESIAN_POINT ( 'NONE',  ( 1.077946915374149200, 1.499000000000000100, 0.6229000860043829600 ) ) ;
#1505 = UNCERTAINTY_MEASURE_WITH_UNIT (LENGTH_MEASURE( 1.000000000000000100E-005 ), #3042, 'distance_accuracy_value', 'NONE');
#1506 = MECHANICAL_DESIGN_GEOMETRIC_PRESENTATION_REPRESENTATION (  '', ( #1022 ), #1688 ) ;
#1507 = CARTESIAN_POINT ( 'NONE',  ( 1.480071792920451400, 1.499000000000000100, -0.09801568493842208200 ) ) ;
#1508 = CARTESIAN_POINT ( 'NONE',  ( -1.579138873006797000, 1.499000000000000100, 1.599999999999999400 ) ) ;
#1509 = ORIENTED_EDGE ( 'NONE', *, *, #2293, .F. ) ;
#1510 = UNCERTAINTY_MEASURE_WITH_UNIT (LENGTH_MEASURE( 1.000000000000000100E-005 ), #2921, 'distance_accuracy_value', 'NONE');
#1511 = PLANE ( 'NONE',  #2339 ) ;
#1512 = STYLED_ITEM ( 'NONE', ( #1619 ), #1545 ) ;
#1513 = B_SPLINE_CURVE_WITH_KNOTS ( 'NONE', 3,
 ( #693, #2169, #3178, #1675 ),
 .UNSPECIFIED., .F., .F.,
 ( 4, 4 ),
 ( 0.1818181818181818200, 0.2727272727272727100 ),
 .UNSPECIFIED. ) ;
#1514 = ADVANCED_FACE ( 'NONE', ( #200 ), #1805, .F. ) ;
#1515 = AXIS2_PLACEMENT_3D ( 'NONE', #3125, #1628, #148 ) ;
#1516 = EDGE_LOOP ( 'NONE', ( #224, #1185, #1975, #1660 ) ) ;
#1517 = EDGE_LOOP ( 'NONE', ( #3088, #2309, #2641, #1971 ) ) ;
#1518 = PRESENTATION_STYLE_ASSIGNMENT (( #1477 ) ) ;
#1519 =( NAMED_UNIT ( * ) PLANE_ANGLE_UNIT ( ) SI_UNIT ( $, .RADIAN. ) );
#1520 = EDGE_LOOP ( 'NONE', ( #583, #1624, #742, #396 ) ) ;
#1521 = VECTOR ( 'NONE', #2376, 1000.000000000000000 ) ;
#1522 = CARTESIAN_POINT ( 'NONE',  ( 1.010354588278905100, 1.499000000000000100, 0.5782302139904946800 ) ) ;
#1523 = EDGE_CURVE ( 'NONE', #1761, #1566, #2497, .T. ) ;
#1524 = ORIENTED_EDGE ( 'NONE', *, *, #2551, .T. ) ;
#1525 = CARTESIAN_POINT ( 'NONE',  ( 1.751906728817887300, 1.500000000000000000, 0.7154859176256804800 ) ) ;
#1526 = CARTESIAN_POINT ( 'NONE',  ( 1.022092828796336200, 1.500000000000000200, -0.3005464408681388100 ) ) ;
#1527 = ORIENTED_EDGE ( 'NONE', *, *, #528, .F. ) ;
#1528 = ADVANCED_FACE ( 'NONE', ( #3198 ), #2016, .T. ) ;
#1529 = FILL_AREA_STYLE ('',( #1386 ) ) ;
#1530 = DIRECTION ( 'NONE',  ( -0.0000000000000000000, 1.000000000000000000, -0.0000000000000000000 ) ) ;
#1531 = CARTESIAN_POINT ( 'NONE',  ( 0.9787168691373976400, 1.498999999999999900, 0.5555905617953369500 ) ) ;
#1532 = DIRECTION ( 'NONE',  ( 0.0000000000000000000, 9.754827078878893000E-014, -1.000000000000000000 ) ) ;
#1533 = VERTEX_POINT ( 'NONE', #1550 ) ;
#1534 = PRESENTATION_STYLE_ASSIGNMENT (( #3118 ) ) ;
#1535 = ORIENTED_EDGE ( 'NONE', *, *, #2932, .T. ) ;
#1536 = PRESENTATION_STYLE_ASSIGNMENT (( #1770 ) ) ;
#1537 =( LENGTH_UNIT ( ) NAMED_UNIT ( * ) SI_UNIT ( .MILLI., .METRE. ) );
#1538 = EDGE_CURVE ( 'NONE', #2823, #2737, #2279, .T. ) ;
#1539 = CARTESIAN_POINT ( 'NONE',  ( 0.8684932672794256600, 1.500000000000000200, -0.4127192105794477700 ) ) ;
#1540 = COLOUR_RGB ( '',0.8274509803921568100, 0.8392156862745098200, 0.8274509803921568100 ) ;
#1541 = COLOUR_RGB ( '',1.000000000000000000, 1.000000000000000000, 1.000000000000000000 ) ;
#1542 = SURFACE_SIDE_STYLE ('',( #547 ) ) ;
#1543 = CARTESIAN_POINT ( 'NONE',  ( -1.604999999999999800, -0.1000000000000000100, -1.625000000000000000 ) ) ;
#1544 = CARTESIAN_POINT ( 'NONE',  ( 1.043424900257970500, 1.499000000000000300, 0.6006602812686832000 ) ) ;
#1545 = ADVANCED_FACE ( 'NONE', ( #2958 ), #409, .F. ) ;
#1546 = DIRECTION ( 'NONE',  ( 0.6128916609699327500, -0.0000000000000000000, -0.7901669519244126600 ) ) ;
#1547 = CARTESIAN_POINT ( 'NONE',  ( -0.3479645669291339100, 1.500000000000000000, -0.1738976377952753700 ) ) ;
#1548 = AXIS2_PLACEMENT_3D ( 'NONE', #2573, #125, #2626 ) ;
#1549 = UNCERTAINTY_MEASURE_WITH_UNIT (LENGTH_MEASURE( 1.000000000000000100E-005 ), #326, 'distance_accuracy_value', 'NONE');
#1550 = CARTESIAN_POINT ( 'NONE',  ( -0.7849999999999995900, -0.1000000000000000100, 1.625000000000000000 ) ) ;
#1551 = FACE_OUTER_BOUND ( 'NONE', #2668, .T. ) ;
#1552 = DIRECTION ( 'NONE',  ( 8.341556776181933000E-014, -1.000000000000000000, -9.754827078878893000E-014 ) ) ;
#1553 = ORIENTED_EDGE ( 'NONE', *, *, #1406, .F. ) ;
#1554 = CARTESIAN_POINT ( 'NONE',  ( 2.149999999999999900, 1.500000000000000000, 2.149999999999999900 ) ) ;
#1555 = EDGE_CURVE ( 'NONE', #228, #1843, #2636, .T. ) ;
#1556 = CARTESIAN_POINT ( 'NONE',  ( 0.8773183431569596700, 1.500000000000000200, -0.4051727035126077000 ) ) ;
#1557 = SURFACE_SIDE_STYLE ('',( #3046 ) ) ;
#1558 = PRESENTATION_STYLE_ASSIGNMENT (( #2062 ) ) ;
#1559 = ORIENTED_EDGE ( 'NONE', *, *, #1538, .F. ) ;
#1560 = FACE_OUTER_BOUND ( 'NONE', #1252, .T. ) ;
#1561 = EDGE_LOOP ( 'NONE', ( #2424, #1722, #2274, #1070 ) ) ;
#1562 = SURFACE_STYLE_USAGE ( .BOTH. , #3066 ) ;
#1563 = SURFACE_STYLE_USAGE ( .BOTH. , #1542 ) ;
#1564 = EDGE_CURVE ( 'NONE', #1939, #541, #75, .T. ) ;
#1565 = CARTESIAN_POINT ( 'NONE',  ( 0.9787168691373976400, 1.500000000000000000, 0.5555905617953369500 ) ) ;
#1566 = VERTEX_POINT ( 'NONE', #3157 ) ;
#1567 = DIRECTION ( 'NONE',  ( -1.000000000000000000, -0.0000000000000000000, -0.0000000000000000000 ) ) ;
#1568 = LINE ( 'NONE', #246, #2820 ) ;
#1569 = DIRECTION ( 'NONE',  ( -0.0000000000000000000, 1.000000000000000000, -0.0000000000000000000 ) ) ;
#1570 = PRESENTATION_LAYER_ASSIGNMENT (  '', '', ( #1242 ) ) ;
#1571 = CARTESIAN_POINT ( 'NONE',  ( 1.455842603308310300, 1.499000000000000300, 0.7927254043728062500 ) ) ;
#1572 = ORIENTED_EDGE ( 'NONE', *, *, #1243, .T. ) ;
#1573 = VECTOR ( 'NONE', #2784, 1000.000000000000000 ) ;
#1574 = EDGE_CURVE ( 'NONE', #1329, #1000, #2, .T. ) ;
#1575 = ORIENTED_EDGE ( 'NONE', *, *, #2514, .T. ) ;
#1576 = LINE ( 'NONE', #2512, #2917 ) ;
#1577 = PLANE ( 'NONE',  #535 ) ;
#1578 =( GEOMETRIC_REPRESENTATION_CONTEXT ( 3 ) GLOBAL_UNCERTAINTY_ASSIGNED_CONTEXT ( ( #1850 ) ) GLOBAL_UNIT_ASSIGNED_CONTEXT ( ( #2034, #1519, #1652 ) ) REPRESENTATION_CONTEXT ( 'NONE', 'WORKASPACE' ) );
#1579 =( LENGTH_UNIT ( ) NAMED_UNIT ( * ) SI_UNIT ( .MILLI., .METRE. ) );
#1580 = VECTOR ( 'NONE', #1383, 1000.000000000000000 ) ;
#1581 = FILL_AREA_STYLE_COLOUR ( '', #1836 ) ;
#1582 = CARTESIAN_POINT ( 'NONE',  ( 1.751906728817887300, 1.500000000000000000, 0.7154859176256804800 ) ) ;
#1583 = LINE ( 'NONE', #1792, #2830 ) ;
#1584 = STYLED_ITEM ( 'NONE', ( #2993 ), #2770 ) ;
#1585 = CARTESIAN_POINT ( 'NONE',  ( -1.604999999999999800, -0.1000000000000000100, -1.625000000000000000 ) ) ;
#1586 = CARTESIAN_POINT ( 'NONE',  ( 1.751906728817887300, 1.499999999999999800, -0.6947704926307297600 ) ) ;
#1587 = FILL_AREA_STYLE_COLOUR ( '', #2488 ) ;
#1588 = CARTESIAN_POINT ( 'NONE',  ( 1.604999999999999800, -0.1000000000000000100, 1.625000000000000400 ) ) ;
#1589 = DIRECTION ( 'NONE',  ( 0.0000000000000000000, 0.0000000000000000000, -1.000000000000000000 ) ) ;
#1590 =( NAMED_UNIT ( * ) PLANE_ANGLE_UNIT ( ) SI_UNIT ( $, .RADIAN. ) );
#1591 = DIRECTION ( 'NONE',  ( -1.000000000000000000, 0.0000000000000000000, 0.0000000000000000000 ) ) ;
#1592 = EDGE_CURVE ( 'NONE', #2142, #2847, #1246, .T. ) ;
#1593 = PRESENTATION_LAYER_ASSIGNMENT (  '', '', ( #1256 ) ) ;
#1594 = CARTESIAN_POINT ( 'NONE',  ( 0.8929323698435282000, 1.499000000000000100, -1.053744851605088900 ) ) ;
#1595 = CARTESIAN_POINT ( 'NONE',  ( 1.548993573913792100, 1.499000000000000100, -0.7221465875065599100 ) ) ;
#1596 = EDGE_LOOP ( 'NONE', ( #2115, #22, #1756, #2944 ) ) ;
#1597 = ADVANCED_BREP_SHAPE_REPRESENTATION ( 'XFL4015', ( #725, #383 ), #2095 ) ;
#1598 =( NAMED_UNIT ( * ) PLANE_ANGLE_UNIT ( ) SI_UNIT ( $, .RADIAN. ) );
#1599 = CARTESIAN_POINT ( 'NONE',  ( 1.387797039204568400, 1.498999999999999700, -0.7666426674605212300 ) ) ;
#1600 = COLOUR_RGB ( '',1.000000000000000000, 1.000000000000000000, 1.000000000000000000 ) ;
#1601 = EDGE_LOOP ( 'NONE', ( #1788, #1467, #2706, #1103 ) ) ;
#1602 =( NAMED_UNIT ( * ) PLANE_ANGLE_UNIT ( ) SI_UNIT ( $, .RADIAN. ) );
#1603 =( GEOMETRIC_REPRESENTATION_CONTEXT ( 3 ) GLOBAL_UNCERTAINTY_ASSIGNED_CONTEXT ( ( #1180 ) ) GLOBAL_UNIT_ASSIGNED_CONTEXT ( ( #3002, #2978, #812 ) ) REPRESENTATION_CONTEXT ( 'NONE', 'WORKASPACE' ) );
#1604 = CARTESIAN_POINT ( 'NONE',  ( 1.544122212018435700, 1.500000000000000200, -0.08123059805925426900 ) ) ;
#1605 = VECTOR ( 'NONE', #800, 1000.000000000000000 ) ;
#1606 = ORIENTED_EDGE ( 'NONE', *, *, #419, .T. ) ;
#1607 = VECTOR ( 'NONE', #2474, 1000.000000000000000 ) ;
#1608 = CARTESIAN_POINT ( 'NONE',  ( -0.3479645669291339100, 1.499000000000000100, -0.1738976377952753700 ) ) ;
#1609 = CARTESIAN_POINT ( 'NONE',  ( 1.163981641328089500, 1.499999999999999800, -0.8653319817567219900 ) ) ;
#1610 = CARTESIAN_POINT ( 'NONE',  ( 1.392243830835394800, 1.499000000000000300, -0.1236485672223735500 ) ) ;
#1611 = ORIENTED_EDGE ( 'NONE', *, *, #542, .T. ) ;
#1612 =( NAMED_UNIT ( * ) SI_UNIT ( $, .STERADIAN. ) SOLID_ANGLE_UNIT ( ) );
#1613 = DIRECTION ( 'NONE',  ( -1.000000000000000000, 0.0000000000000000000, 0.0000000000000000000 ) ) ;
#1614 =( NAMED_UNIT ( * ) SI_UNIT ( $, .STERADIAN. ) SOLID_ANGLE_UNIT ( ) );
#1615 = CARTESIAN_POINT ( 'NONE',  ( 0.7647272416384000000, 1.499000000000000100, 0.9975371996769626400 ) ) ;
#1616 = VERTEX_POINT ( 'NONE', #1241 ) ;
#1617 = CARTESIAN_POINT ( 'NONE',  ( 1.751906728817887300, 1.500000000000000000, 0.7154859176256804800 ) ) ;
#1618 = PRESENTATION_STYLE_ASSIGNMENT (( #531 ) ) ;
#1619 = PRESENTATION_STYLE_ASSIGNMENT (( #2023 ) ) ;
#1620 =( LENGTH_UNIT ( ) NAMED_UNIT ( * ) SI_UNIT ( .MILLI., .METRE. ) );
#1621 = CARTESIAN_POINT ( 'NONE',  ( 1.544122212018436100, 1.499000000000000600, -0.8504613672900239700 ) ) ;
#1622 = SURFACE_STYLE_FILL_AREA ( #731 ) ;
#1623 = CARTESIAN_POINT ( 'NONE',  ( 0.9200193266988363500, 1.499000000000000100, -1.029464509995124300 ) ) ;
#1624 = ORIENTED_EDGE ( 'NONE', *, *, #2261, .F. ) ;
#1625 = FILL_AREA_STYLE_COLOUR ( '', #2967 ) ;
#1626 = EDGE_LOOP ( 'NONE', ( #5, #2520, #1524, #3109, #773, #686, #2207, #667, #965, #2107, #2241 ) ) ;
#1627 =( LENGTH_UNIT ( ) NAMED_UNIT ( * ) SI_UNIT ( .MILLI., .METRE. ) );
#1628 = DIRECTION ( 'NONE',  ( 1.000000000000000000, 0.0000000000000000000, -0.0000000000000000000 ) ) ;
#1629 =( GEOMETRIC_REPRESENTATION_CONTEXT ( 3 ) GLOBAL_UNCERTAINTY_ASSIGNED_CONTEXT ( ( #3012 ) ) GLOBAL_UNIT_ASSIGNED_CONTEXT ( ( #1736, #424, #2979 ) ) REPRESENTATION_CONTEXT ( 'NONE', 'WORKASPACE' ) );
#1630 =( LENGTH_UNIT ( ) NAMED_UNIT ( * ) SI_UNIT ( .MILLI., .METRE. ) );
#1631 = EDGE_CURVE ( 'NONE', #265, #435, #669, .T. ) ;
#1632 = DIRECTION ( 'NONE',  ( -1.000000000000000000, 0.0000000000000000000, 0.0000000000000000000 ) ) ;
#1633 =( GEOMETRIC_REPRESENTATION_CONTEXT ( 3 ) GLOBAL_UNCERTAINTY_ASSIGNED_CONTEXT ( ( #317 ) ) GLOBAL_UNIT_ASSIGNED_CONTEXT ( ( #738, #2451, #977 ) ) REPRESENTATION_CONTEXT ( 'NONE', 'WORKASPACE' ) );
#1634 = CARTESIAN_POINT ( 'NONE',  ( 1.450844423491869200, 1.500000000000000200, 0.6626849795028626500 ) ) ;
#1635 = ADVANCED_FACE ( 'NONE', ( #579 ), #1209, .T. ) ;
#1636 = VECTOR ( 'NONE', #423, 1000.000000000000000 ) ;
#1637 = CARTESIAN_POINT ( 'NONE',  ( 1.680333660469139500, 1.499999999999999800, -0.8286178738465889100 ) ) ;
#1638 = DIRECTION ( 'NONE',  ( 0.0000000000000000000, -1.000000000000000000, 0.0000000000000000000 ) ) ;
#1639 = CARTESIAN_POINT ( 'NONE',  ( 1.480071792920451400, 1.500000000000000000, -0.09801568493842208200 ) ) ;
#1640 =( NAMED_UNIT ( * ) SI_UNIT ( $, .STERADIAN. ) SOLID_ANGLE_UNIT ( ) );
#1641 = CARTESIAN_POINT ( 'NONE',  ( 1.058640297848006500, 1.499000000000000100, 0.4910165115586687100 ) ) ;
#1642 = AXIS2_PLACEMENT_3D ( 'NONE', #2780, #2791, #2803 ) ;
#1643 = CARTESIAN_POINT ( 'NONE',  ( 1.751906728817887300, 1.499000000000000100, 0.07446027660003949600 ) ) ;
#1644 = VECTOR ( 'NONE', #3225, 1000.000000000000000 ) ;
#1645 = CARTESIAN_POINT ( 'NONE',  ( 1.751906728817887300, 1.499000000000000100, -0.8229756208358580700 ) ) ;
#1646 = CARTESIAN_POINT ( 'NONE',  ( -1.604999999999999800, 0.0000000000000000000, 1.625000000000000000 ) ) ;
#1647 = CARTESIAN_POINT ( 'NONE',  ( 1.306071904175980700, 1.499000000000000600, -0.1557732337311461300 ) ) ;
#1648 = VERTEX_POINT ( 'NONE', #1221 ) ;
#1649 = SURFACE_SIDE_STYLE ('',( #2996 ) ) ;
#1650 = DIRECTION ( 'NONE',  ( 0.0000000000000000000, 9.754827078878659500E-014, -1.000000000000000000 ) ) ;
#1651 = VECTOR ( 'NONE', #2330, 1000.000000000000000 ) ;
#1652 =( NAMED_UNIT ( * ) SI_UNIT ( $, .STERADIAN. ) SOLID_ANGLE_UNIT ( ) );
#1653 = ORIENTED_EDGE ( 'NONE', *, *, #756, .T. ) ;
#1654 = ORIENTED_EDGE ( 'NONE', *, *, #2922, .F. ) ;
#1655 = ORIENTED_EDGE ( 'NONE', *, *, #595, .F. ) ;
#1656 = DIRECTION ( 'NONE',  ( -0.0000000000000000000, 1.000000000000000000, -0.0000000000000000000 ) ) ;
#1657 = CARTESIAN_POINT ( 'NONE',  ( -0.7849999999999995900, -0.1000000000000000100, 1.625000000000000000 ) ) ;
#1658 = CARTESIAN_POINT ( 'NONE',  ( 1.097244454863652900, 1.499000000000000300, -0.2560289607860884400 ) ) ;
#1659 = CARTESIAN_POINT ( 'NONE',  ( -0.01897834645668995000, 1.499000000000000100, 0.4464527559055115300 ) ) ;
#1660 = ORIENTED_EDGE ( 'NONE', *, *, #1555, .T. ) ;
#1661 = DIRECTION ( 'NONE',  ( 1.000000000000000000, 0.0000000000000000000, 0.0000000000000000000 ) ) ;
#1662 = CARTESIAN_POINT ( 'NONE',  ( 0.8929323698435282000, 1.499000000000000100, -1.053744851605088900 ) ) ;
#1663 = VECTOR ( 'NONE', #1005, 1000.000000000000000 ) ;
#1664 = COLOUR_RGB ( '',0.8274509803921568100, 0.8392156862745098200, 0.8274509803921568100 ) ;
#1665 = ORIENTED_EDGE ( 'NONE', *, *, #234, .F. ) ;
#1666 = ORIENTED_EDGE ( 'NONE', *, *, #2655, .T. ) ;
#1667 = UNCERTAINTY_MEASURE_WITH_UNIT (LENGTH_MEASURE( 1.000000000000000100E-005 ), #1004, 'distance_accuracy_value', 'NONE');
#1668 = CARTESIAN_POINT ( 'NONE',  ( -0.6001240157480283200, 1.500000000000000000, 0.4603641732283489900 ) ) ;
#1669 = CARTESIAN_POINT ( 'NONE',  ( 0.7647272416384000000, 1.500000000000000000, 0.3565115586513215000 ) ) ;
#1670 = LINE ( 'NONE', #3167, #354 ) ;
#1671 =( GEOMETRIC_REPRESENTATION_CONTEXT ( 3 ) GLOBAL_UNCERTAINTY_ASSIGNED_CONTEXT ( ( #1505 ) ) GLOBAL_UNIT_ASSIGNED_CONTEXT ( ( #3042, #2189, #2172 ) ) REPRESENTATION_CONTEXT ( 'NONE', 'WORKASPACE' ) );
#1672 = AXIS2_PLACEMENT_3D ( 'NONE', #1114, #2610, #870 ) ;
#1673 = SURFACE_STYLE_USAGE ( .BOTH. , #1649 ) ;
#1674 = VECTOR ( 'NONE', #3113, 1000.000000000000000 ) ;
#1675 = CARTESIAN_POINT ( 'NONE',  ( -0.3143562992125948400, 1.499000000000000100, 0.5383602362204742400 ) ) ;
#1676 = MECHANICAL_DESIGN_GEOMETRIC_PRESENTATION_REPRESENTATION (  '', ( #1164 ), #1816 ) ;
#1677 = CARTESIAN_POINT ( 'NONE',  ( -1.779138873006797400, 1.500000000000000000, 1.599999999999999400 ) ) ;
#1678 =( NAMED_UNIT ( * ) SI_UNIT ( $, .STERADIAN. ) SOLID_ANGLE_UNIT ( ) );
#1679 = CARTESIAN_POINT ( 'NONE',  ( 1.509960204297906800, 1.500000000000000200, -0.7316628569011275300 ) ) ;
#1680 = SURFACE_STYLE_USAGE ( .BOTH. , #2688 ) ;
#1681 = CARTESIAN_POINT ( 'NONE',  ( 0.2511377952755904400, 1.499000000000000100, -0.5510629921259852000 ) ) ;
#1682 =( LENGTH_UNIT ( ) NAMED_UNIT ( * ) SI_UNIT ( .MILLI., .METRE. ) );
#1683 = CARTESIAN_POINT ( 'NONE',  ( 1.306071904175980700, 1.500000000000000400, 0.6134575354996231200 ) ) ;
#1684 = CARTESIAN_POINT ( 'NONE',  ( 2.149999999999998100, 1.500000000000000000, -2.149999999999999900 ) ) ;
#1685 = CARTESIAN_POINT ( 'NONE',  ( 0.7647272416384000000, 1.499000000000000100, 0.2283064304461933400 ) ) ;
#1686 = ORIENTED_EDGE ( 'NONE', *, *, #1716, .F. ) ;
#1687 = CARTESIAN_POINT ( 'NONE',  ( 0.9018817286005941200, 1.500000000000000000, -1.045722780725276900 ) ) ;
#1688 =( GEOMETRIC_REPRESENTATION_CONTEXT ( 3 ) GLOBAL_UNCERTAINTY_ASSIGNED_CONTEXT ( ( #277 ) ) GLOBAL_UNIT_ASSIGNED_CONTEXT ( ( #1172, #2935, #1429 ) ) REPRESENTATION_CONTEXT ( 'NONE', 'WORKASPACE' ) );
#1689 = PRESENTATION_STYLE_ASSIGNMENT (( #1348 ) ) ;
#1690 = CARTESIAN_POINT ( 'NONE',  ( 0.8953625233604830500, 1.500000000000000200, -1.158973516637517900 ) ) ;
#1691 = CARTESIAN_POINT ( 'NONE',  ( 0.9488052297886935300, 1.499000000000000100, 0.5322841198107181000 ) ) ;
#1692 = ORIENTED_EDGE ( 'NONE', *, *, #1413, .T. ) ;
#1693 = VECTOR ( 'NONE', #2717, 1000.000000000000000 ) ;
#1694 = CARTESIAN_POINT ( 'NONE',  ( 0.2511377952755904400, 1.499000000000000100, -0.5510629921259852000 ) ) ;
#1695 = AXIS2_PLACEMENT_3D ( 'NONE', #1272, #1259, #1145 ) ;
#1696 = VECTOR ( 'NONE', #1742, 1000.000000000000000 ) ;
#1697 =( NAMED_UNIT ( * ) SI_UNIT ( $, .STERADIAN. ) SOLID_ANGLE_UNIT ( ) );
#1698 = ORIENTED_EDGE ( 'NONE', *, *, #645, .T. ) ;
#1699 = PRESENTATION_LAYER_ASSIGNMENT (  '', '', ( #1354 ) ) ;
#1700 = ORIENTED_EDGE ( 'NONE', *, *, #2384, .T. ) ;
#1701 =( NAMED_UNIT ( * ) SI_UNIT ( $, .STERADIAN. ) SOLID_ANGLE_UNIT ( ) );
#1702 = ORIENTED_EDGE ( 'NONE', *, *, #2028, .F. ) ;
#1703 = CARTESIAN_POINT ( 'NONE',  ( 0.7647272416384000000, 1.499000000000000100, -0.4127192105794477200 ) ) ;
#1704 = LINE ( 'NONE', #1166, #3014 ) ;
#1705 = LINE ( 'NONE', #2318, #1949 ) ;
#1706 = CARTESIAN_POINT ( 'NONE',  ( 1.751906728817887300, 1.500000000000000000, 0.8436910458308086700 ) ) ;
#1707 = EDGE_LOOP ( 'NONE', ( #2660, #1750, #2215, #1970 ) ) ;
#1708 = EDGE_CURVE ( 'NONE', #2128, #2027, #1007, .T. ) ;
#1709 = DIRECTION ( 'NONE',  ( -0.0000000000000000000, 1.000000000000000000, -0.0000000000000000000 ) ) ;
#1710 = DIRECTION ( 'NONE',  ( 1.000000000000000000, 0.0000000000000000000, 0.0000000000000000000 ) ) ;
#1711 = CARTESIAN_POINT ( 'NONE',  ( 0.7647272416384000000, 1.499000000000000100, -0.5409243387845759100 ) ) ;
#1712 = CARTESIAN_POINT ( 'NONE',  ( 1.501180092310289600, 1.499000000000000100, -0.8617148020095404300 ) ) ;
#1713 = CARTESIAN_POINT ( 'NONE',  ( 1.077946915374149200, 1.500000000000000000, 0.6229000860043829600 ) ) ;
#1714 = CARTESIAN_POINT ( 'NONE',  ( 1.043424900257970500, 1.499000000000000300, -0.1685704879620862900 ) ) ;
#1715 = PRESENTATION_LAYER_ASSIGNMENT (  '', '', ( #1372 ) ) ;
#1716 = EDGE_CURVE ( 'NONE', #2363, #1481, #2319, .T. ) ;
#1717 = CARTESIAN_POINT ( 'NONE',  ( 0.8773183431569596700, 1.500000000000000200, -1.174403472743377000 ) ) ;
#1718 = CARTESIAN_POINT ( 'NONE',  ( 0.7647272416384000000, 1.500000000000000000, 0.2283064304461933400 ) ) ;
#1719 = CARTESIAN_POINT ( 'NONE',  ( 1.220722731398701900, 1.500000000000000200, -0.1920385470368161100 ) ) ;
#1720 = FILL_AREA_STYLE_COLOUR ( '', #997 ) ;
#1721 = CARTESIAN_POINT ( 'NONE',  ( 1.077946915374149200, 1.499000000000000100, -0.1463306832263861500 ) ) ;
#1722 = ORIENTED_EDGE ( 'NONE', *, *, #2042, .F. ) ;
#1723 = COLOUR_RGB ( '',1.000000000000000000, 1.000000000000000000, 1.000000000000000000 ) ;
#1724 = PRESENTATION_LAYER_ASSIGNMENT (  '', '', ( #1395 ) ) ;
#1725 = ORIENTED_EDGE ( 'NONE', *, *, #1747, .F. ) ;
#1726 = CARTESIAN_POINT ( 'NONE',  ( 0.9241035623546726100, 1.499000000000000600, -0.3673885874238487800 ) ) ;
#1727 = CARTESIAN_POINT ( 'NONE',  ( 1.544122212018436100, 1.500000000000000400, -0.8504613672900239700 ) ) ;
#1728 = CARTESIAN_POINT ( 'NONE',  ( 1.544122212018435700, 1.500000000000000200, 0.6880001711715151300 ) ) ;
#1729 = PRESENTATION_LAYER_ASSIGNMENT (  '', '', ( #1399 ) ) ;
#1730 = CARTESIAN_POINT ( 'NONE',  ( 1.114153073453909600, 1.498999999999999900, -0.1247828067069570300 ) ) ;
#1731 = EDGE_LOOP ( 'NONE', ( #2358, #2524, #923, #3213 ) ) ;
#1732 = EDGE_CURVE ( 'NONE', #2902, #3003, #995, .T. ) ;
#1733 = ORIENTED_EDGE ( 'NONE', *, *, #3166, .F. ) ;
#1734 = CARTESIAN_POINT ( 'NONE',  ( 0.8953625233604828300, 1.499000000000000300, -0.3897427474067484700 ) ) ;
#1735 = DIRECTION ( 'NONE',  ( -1.000000000000000000, 0.0000000000000000000, 0.0000000000000000000 ) ) ;
#1736 =( LENGTH_UNIT ( ) NAMED_UNIT ( * ) SI_UNIT ( .MILLI., .METRE. ) );
#1737 = EDGE_CURVE ( 'NONE', #907, #2142, #345, .T. ) ;
#1738 = VECTOR ( 'NONE', #3067, 1000.000000000000000 ) ;
#1739 = MECHANICAL_DESIGN_GEOMETRIC_PRESENTATION_REPRESENTATION (  '', ( #1242 ), #1922 ) ;
#1740 = EDGE_CURVE ( 'NONE', #1298, #2995, #1568, .T. ) ;
#1741 = FILL_AREA_STYLE_COLOUR ( '', #242 ) ;
#1742 = DIRECTION ( 'NONE',  ( 0.0000000000000000000, 0.0000000000000000000, -1.000000000000000000 ) ) ;
#1743 = B_SPLINE_CURVE_WITH_KNOTS ( 'NONE', 3,
 ( #1285, #3032, #2529, #2774 ),
 .UNSPECIFIED., .F., .F.,
 ( 4, 4 ),
 ( 0.2727272727272727100, 0.3636363636363636500 ),
 .UNSPECIFIED. ) ;
#1744 = UNCERTAINTY_MEASURE_WITH_UNIT (LENGTH_MEASURE( 1.000000000000000100E-005 ), #1627, 'distance_accuracy_value', 'NONE');
#1745 = UNCERTAINTY_MEASURE_WITH_UNIT (LENGTH_MEASURE( 1.000000000000000100E-005 ), #177, 'distance_accuracy_value', 'NONE');
#1746 = CARTESIAN_POINT ( 'NONE',  ( 0.7849999999999997000, 0.0000000000000000000, -1.625000000000000200 ) ) ;
#1747 = EDGE_CURVE ( 'NONE', #2617, #702, #1494, .T. ) ;
#1748 = MECHANICAL_DESIGN_GEOMETRIC_PRESENTATION_REPRESENTATION (  '', ( #1256 ), #1944 ) ;
#1749 = LINE ( 'NONE', #2656, #3005 ) ;
#1750 = ORIENTED_EDGE ( 'NONE', *, *, #1555, .F. ) ;
#1751 = LINE ( 'NONE', #2256, #3095 ) ;
#1752 = ADVANCED_FACE ( 'NONE', ( #267 ), #1472, .T. ) ;
#1753 = ORIENTED_EDGE ( 'NONE', *, *, #432, .T. ) ;
#1754 = CARTESIAN_POINT ( 'NONE',  ( 1.501180092310290000, 1.500000000000000200, -0.09248403277877104100 ) ) ;
#1755 = SURFACE_STYLE_USAGE ( .BOTH. , #1763 ) ;
#1756 = ORIENTED_EDGE ( 'NONE', *, *, #2574, .T. ) ;
#1757 = B_SPLINE_CURVE_WITH_KNOTS ( 'NONE', 3,
 ( #724, #961, #2699, #1200 ),
 .UNSPECIFIED., .F., .F.,
 ( 4, 4 ),
 ( 0.09090909090909091200, 0.1818181818181818200 ),
 .UNSPECIFIED. ) ;
#1758 = CARTESIAN_POINT ( 'NONE',  ( 0.9874513463963773300, 1.499000000000000100, 0.4465100899695430600 ) ) ;
#1759 = ORIENTED_EDGE ( 'NONE', *, *, #1375, .F. ) ;
#1760 = VERTEX_POINT ( 'NONE', #1768 ) ;
#1761 = VERTEX_POINT ( 'NONE', #872 ) ;
#1762 = CARTESIAN_POINT ( 'NONE',  ( 1.544122212018435700, 1.499000000000000300, -0.08123059805925426900 ) ) ;
#1763 = SURFACE_SIDE_STYLE ('',( #1500 ) ) ;
#1764 = CARTESIAN_POINT ( 'NONE',  ( 0.4893720472440967200, 1.500000000000000000, -0.01437007874015880200 ) ) ;
#1765 =( NAMED_UNIT ( * ) PLANE_ANGLE_UNIT ( ) SI_UNIT ( $, .RADIAN. ) );
#1766 = ADVANCED_FACE ( 'NONE', ( #2291 ), #1187, .F. ) ;
#1767 = CARTESIAN_POINT ( 'NONE',  ( -0.3166751968503908100, 1.500000000000000000, 0.3254724409448839200 ) ) ;
#1768 = CARTESIAN_POINT ( 'NONE',  ( -0.2283818897637797400, 1.500000000000000000, -0.3280688976377950600 ) ) ;
#1769 = STYLED_ITEM ( 'NONE', ( #2445 ), #311 ) ;
#1770 = SURFACE_STYLE_USAGE ( .BOTH. , #822 ) ;
#1771 = FILL_AREA_STYLE_COLOUR ( '', #2356 ) ;
#1772 =( NAMED_UNIT ( * ) PLANE_ANGLE_UNIT ( ) SI_UNIT ( $, .RADIAN. ) );
#1773 = FILL_AREA_STYLE_COLOUR ( '', #2387 ) ;
#1774 = EDGE_CURVE ( 'NONE', #391, #702, #1400, .T. ) ;
#1775 =( NAMED_UNIT ( * ) SI_UNIT ( $, .STERADIAN. ) SOLID_ANGLE_UNIT ( ) );
#1776 = CARTESIAN_POINT ( 'NONE',  ( 1.727777239659924900, 1.500000000000000200, 0.7135837400889355500 ) ) ;
#1777 = CARTESIAN_POINT ( 'NONE',  ( 0.8929323698435282000, 1.499999999999999800, -1.053744851605088900 ) ) ;
#1778 = PRESENTATION_STYLE_ASSIGNMENT (( #2029 ) ) ;
#1779 = ORIENTED_EDGE ( 'NONE', *, *, #2713, .F. ) ;
#1780 = ADVANCED_FACE ( 'NONE', ( #2054 ), #173, .F. ) ;
#1781 = UNCERTAINTY_MEASURE_WITH_UNIT (LENGTH_MEASURE( 1.000000000000000100E-005 ), #841, 'distance_accuracy_value', 'NONE');
#1782 = FACE_OUTER_BOUND ( 'NONE', #260, .T. ) ;
#1783 = FILL_AREA_STYLE ('',( #2265 ) ) ;
#1784 = CARTESIAN_POINT ( 'NONE',  ( 1.501180092310289600, 1.500000000000000000, -0.8617148020095404300 ) ) ;
#1785 = CARTESIAN_POINT ( 'NONE',  ( 1.010354588278905100, 1.500000000000000200, 0.5782302139904946800 ) ) ;
#1786 = ORIENTED_EDGE ( 'NONE', *, *, #727, .T. ) ;
#1787 = COLOUR_RGB ( '',1.000000000000000000, 1.000000000000000000, 1.000000000000000000 ) ;
#1788 = ORIENTED_EDGE ( 'NONE', *, *, #2732, .T. ) ;
#1789 = SURFACE_STYLE_USAGE ( .BOTH. , #85 ) ;
#1790 =( NAMED_UNIT ( * ) SI_UNIT ( $, .STERADIAN. ) SOLID_ANGLE_UNIT ( ) );
#1791 = PRESENTATION_LAYER_ASSIGNMENT (  '', '', ( #1473 ) ) ;
#1792 = CARTESIAN_POINT ( 'NONE',  ( 0.7647272416384000000, 1.499000000000000100, -0.4127192105794477200 ) ) ;
#1793 = VERTEX_POINT ( 'NONE', #2191 ) ;
#1794 = CARTESIAN_POINT ( 'NONE',  ( 1.544122212018435700, 1.500000000000000200, -0.08123059805925426900 ) ) ;
#1795 = CARTESIAN_POINT ( 'NONE',  ( -0.5425708661417304500, 1.499000000000000100, 0.2336811023622078200 ) ) ;
#1796 = EDGE_LOOP ( 'NONE', ( #109, #269, #1686, #336 ) ) ;
#1797 = PRESENTATION_STYLE_ASSIGNMENT (( #286 ) ) ;
#1798 =( NAMED_UNIT ( * ) PLANE_ANGLE_UNIT ( ) SI_UNIT ( $, .RADIAN. ) );
#1799 = ADVANCED_FACE ( 'NONE', ( #519 ), #1475, .F. ) ;
#1800 = FACE_OUTER_BOUND ( 'NONE', #3149, .T. ) ;
#1801 = CARTESIAN_POINT ( 'NONE',  ( 0.3053405511811036500, 1.499000000000000100, -0.1358877952755912800 ) ) ;
#1802 = CARTESIAN_POINT ( 'NONE',  ( 0.7647272416384000000, 1.499000000000000100, 0.2283064304461933400 ) ) ;
#1803 =( LENGTH_UNIT ( ) NAMED_UNIT ( * ) SI_UNIT ( .MILLI., .METRE. ) );
#1804 =( NAMED_UNIT ( * ) PLANE_ANGLE_UNIT ( ) SI_UNIT ( $, .RADIAN. ) );
#1805 = PLANE ( 'NONE',  #716 ) ;
#1806 = DIRECTION ( 'NONE',  ( 0.0000000000000000000, 0.0000000000000000000, 1.000000000000000000 ) ) ;
#1807 = SURFACE_STYLE_FILL_AREA ( #458 ) ;
#1808 = CARTESIAN_POINT ( 'NONE',  ( -2.149999999999999900, 0.0000000000000000000, -2.149999999999999900 ) ) ;
#1809 = CARTESIAN_POINT ( 'NONE',  ( 1.751906728817887300, 1.500000000000000000, -0.05374485160508873900 ) ) ;
#1810 = FILL_AREA_STYLE ('',( #1078 ) ) ;
#1811 = DIRECTION ( 'NONE',  ( 0.0000000000000000000, 0.0000000000000000000, 1.000000000000000000 ) ) ;
#1812 = STYLED_ITEM ( 'NONE', ( #2470 ), #725 ) ;
#1813 = PRESENTATION_LAYER_ASSIGNMENT (  '', '', ( #1490 ) ) ;
#1814 = DIRECTION ( 'NONE',  ( -0.0000000000000000000, 1.000000000000000000, -0.0000000000000000000 ) ) ;
#1815 = CARTESIAN_POINT ( 'NONE',  ( 1.610805886107622000, 1.498999999999999700, -0.06891155304310434000 ) ) ;
#1816 =( GEOMETRIC_REPRESENTATION_CONTEXT ( 3 ) GLOBAL_UNCERTAINTY_ASSIGNED_CONTEXT ( ( #1081 ) ) GLOBAL_UNIT_ASSIGNED_CONTEXT ( ( #49, #28, #77 ) ) REPRESENTATION_CONTEXT ( 'NONE', 'WORKASPACE' ) );
#1817 = CARTESIAN_POINT ( 'NONE',  ( 1.163981641328089000, 1.499999999999999800, 0.6731295567048165600 ) ) ;
#1818 =( NAMED_UNIT ( * ) SI_UNIT ( $, .STERADIAN. ) SOLID_ANGLE_UNIT ( ) );
#1819 = PRESENTATION_STYLE_ASSIGNMENT (( #2088 ) ) ;
#1820 = CARTESIAN_POINT ( 'NONE',  ( 1.741952235316691400, 1.499999999999999800, -0.6950780002206795600 ) ) ;
#1821 = PLANE ( 'NONE',  #206 ) ;
#1822 = VECTOR ( 'NONE', #810, 1000.000000000000000 ) ;
#1823 = CARTESIAN_POINT ( 'NONE',  ( -1.604999999999999800, -0.1000000000000000100, 1.625000000000000000 ) ) ;
#1824 = EDGE_LOOP ( 'NONE', ( #1028, #2121, #1496, #1487 ) ) ;
#1825 = CARTESIAN_POINT ( 'NONE',  ( 1.751906728817887300, 1.499000000000000100, -0.6947704926307297600 ) ) ;
#1826 =( NAMED_UNIT ( * ) PLANE_ANGLE_UNIT ( ) SI_UNIT ( $, .RADIAN. ) );
#1827 =( NAMED_UNIT ( * ) SI_UNIT ( $, .STERADIAN. ) SOLID_ANGLE_UNIT ( ) );
#1828 = EDGE_LOOP ( 'NONE', ( #2397, #3179, #2494, #388 ) ) ;
#1829 = ORIENTED_EDGE ( 'NONE', *, *, #234, .T. ) ;
#1830 = CARTESIAN_POINT ( 'NONE',  ( -0.01897834645668995000, 1.500000000000000000, 0.4464527559055115300 ) ) ;
#1831 = CARTESIAN_POINT ( 'NONE',  ( 0.4893720472440967200, 1.499000000000000100, -0.01437007874015880200 ) ) ;
#1832 = CARTESIAN_POINT ( 'NONE',  ( 1.751906728817887300, 1.499000000000000100, 0.7154859176256804800 ) ) ;
#1833 = CARTESIAN_POINT ( 'NONE',  ( 1.509960204297906800, 1.499000000000000300, -0.7316628569011275300 ) ) ;
#1834 = CARTESIAN_POINT ( 'NONE',  ( 1.657007087844693200, 1.500000000000000400, 0.8362302238642553800 ) ) ;
#1835 = ORIENTED_EDGE ( 'NONE', *, *, #2533, .F. ) ;
#1836 = COLOUR_RGB ( '',1.000000000000000000, 1.000000000000000000, 1.000000000000000000 ) ;
#1837 = CARTESIAN_POINT ( 'NONE',  ( 1.228230476123695500, 1.498999999999999400, -0.8321479100872830600 ) ) ;
#1838 = PRESENTATION_LAYER_ASSIGNMENT (  '', '', ( #1512 ) ) ;
#1839 = DIRECTION ( 'NONE',  ( 0.0000000000000000000, 1.000000000000000000, 0.0000000000000000000 ) ) ;
#1840 = UNCERTAINTY_MEASURE_WITH_UNIT (LENGTH_MEASURE( 1.000000000000000100E-005 ), #1620, 'distance_accuracy_value', 'NONE');
#1841 = VECTOR ( 'NONE', #1952, 1000.000000000000000 ) ;
#1842 = CARTESIAN_POINT ( 'NONE',  ( 0.0000000000000000000, 1.499000000000000100, -0.5510629921259847500 ) ) ;
#1843 = VERTEX_POINT ( 'NONE', #1083 ) ;
#1844 = VECTOR ( 'NONE', #1656, 1000.000000000000000 ) ;
#1845 = ORIENTED_EDGE ( 'NONE', *, *, #2793, .F. ) ;
#1846 = CARTESIAN_POINT ( 'NONE',  ( 1.163981641328089000, 1.498999999999999700, 0.6731295567048165600 ) ) ;
#1847 = COLOUR_RGB ( '',1.000000000000000000, 1.000000000000000000, 1.000000000000000000 ) ;
#1848 = MECHANICAL_DESIGN_GEOMETRIC_PRESENTATION_REPRESENTATION (  '', ( #1354 ), #2021 ) ;
#1849 = FILL_AREA_STYLE_COLOUR ( '', #604 ) ;
#1850 = UNCERTAINTY_MEASURE_WITH_UNIT (LENGTH_MEASURE( 1.000000000000000100E-005 ), #2034, 'distance_accuracy_value', 'NONE');
#1851 = CARTESIAN_POINT ( 'NONE',  ( 1.114153073453909800, 1.499999999999999600, -0.8940135759377260100 ) ) ;
#1852 = LINE ( 'NONE', #1292, #2508 ) ;
#1853 = CARTESIAN_POINT ( 'NONE',  ( 1.622536821247664300, 1.500000000000000400, 0.8309696213212383100 ) ) ;
#1854 = LINE ( 'NONE', #420, #1204 ) ;
#1855 = PLANE ( 'NONE',  #1515 ) ;
#1856 =( NAMED_UNIT ( * ) PLANE_ANGLE_UNIT ( ) SI_UNIT ( $, .RADIAN. ) );
#1857 = EDGE_CURVE ( 'NONE', #1648, #3093, #2019, .T. ) ;
#1858 = CARTESIAN_POINT ( 'NONE',  ( -0.3479645669291339100, 1.499000000000000100, -0.1738976377952753700 ) ) ;
#1859 = SURFACE_SIDE_STYLE ('',( #1482 ) ) ;
#1860 = CARTESIAN_POINT ( 'NONE',  ( 1.680333660469139500, 1.498999999999999900, -0.8286178738465889100 ) ) ;
#1861 = CARTESIAN_POINT ( 'NONE',  ( 0.9018817286005941200, 1.499000000000000100, -1.045722780725276900 ) ) ;
#1862 = CARTESIAN_POINT ( 'NONE',  ( 1.480071792920451400, 1.499000000000000100, -0.09801568493842208200 ) ) ;
#1863 = CARTESIAN_POINT ( 'NONE',  ( 1.548993573913792300, 1.500000000000000200, 0.8163149509549783000 ) ) ;
#1864 = CARTESIAN_POINT ( 'NONE',  ( 1.610805886107622000, 1.499999999999999600, -0.06891155304310434000 ) ) ;
#1865 = SURFACE_STYLE_FILL_AREA ( #2419 ) ;
#1866 = EDGE_LOOP ( 'NONE', ( #2506, #3204, #2371, #556, #2730, #1320, #2104, #2531 ) ) ;
#1867 = CARTESIAN_POINT ( 'NONE',  ( -0.7046437007874008000, 1.499000000000000100, -0.1909606299212582800 ) ) ;
#1868 = ORIENTED_EDGE ( 'NONE', *, *, #864, .F. ) ;
#1869 = MECHANICAL_DESIGN_GEOMETRIC_PRESENTATION_REPRESENTATION (  '', ( #1372 ), #2037 ) ;
#1870 = CARTESIAN_POINT ( 'NONE',  ( 1.157914205808729300, 1.498999999999999900, 0.5454095513115260200 ) ) ;
#1871 = VECTOR ( 'NONE', #2789, 1000.000000000000000 ) ;
#1872 = EDGE_CURVE ( 'NONE', #2773, #777, #1046, .T. ) ;
#1873 = CARTESIAN_POINT ( 'NONE',  ( 1.392243830835394800, 1.500000000000000200, 0.6455822020083957800 ) ) ;
#1874 = B_SPLINE_SURFACE_WITH_KNOTS ( 'NONE', 3, 1, ( 
 ( #2070, #1586 ),
 ( #114, #1820 ),
 ( #360, #2085 ),
 ( #615, #2343 ),
 ( #850, #2586 ),
 ( #1094, #2838 ),
 ( #1345, #3094 ),
 ( #1595, #124 ),
 ( #1833, #375 ),
 ( #2099, #627 ),
 ( #2355, #859 ),
 ( #2601, #1106 ),
 ( #2849, #1356 ),
 ( #3106, #1609 ),
 ( #130, #1851 ),
 ( #387, #2109 ),
 ( #638, #2369 ),
 ( #871, #2612 ),
 ( #1116, #2863 ),
 ( #1366, #3123 ),
 ( #1623, #144 ),
 ( #1861, #402 ),
 ( #2120, #652 ) ),
 .UNSPECIFIED., .F., .F., .F.,
 ( 4, 1, 1, 1, 1, 1, 1, 1, 1, 1, 1, 1, 1, 1, 1, 1, 1, 1, 1, 1, 4 ),
 ( 2, 2 ),
 ( 0.0000000000000000000, 0.03151551312998483000, 0.06480979674365734700, 0.09991169883527548100, 0.1366755286001709000, 0.1751432978746825200, 0.2157650117082457200, 0.2581569125231218400, 0.3022930440652046300, 0.3927408518774001500, 0.4832984694610616400, 0.5744114847371660800, 0.6664774093514971300, 0.7120107481430552100, 0.7563744975915032100, 0.7998154803065209400, 0.8419616993485903300, 0.8828431755911848600, 0.9229180315891947200, 0.9619666184423850700, 1.000000000000000000 ),
 ( 0.0000000000000000000, 1.000000000000000000 ),
 .UNSPECIFIED. ) ;
#1875 = DIRECTION ( 'NONE',  ( 2.644395542647572300E-016, 0.0000000000000000000, -1.000000000000000000 ) ) ;
#1876 = FACE_OUTER_BOUND ( 'NONE', #61, .T. ) ;
#1877 = FILL_AREA_STYLE_COLOUR ( '', #1112 ) ;
#1878 = CARTESIAN_POINT ( 'NONE',  ( 1.751906728817887300, 1.500000000000000000, -0.8229756208358580700 ) ) ;
#1879 = CARTESIAN_POINT ( 'NONE',  ( 1.392243830835394800, 1.500000000000000200, -0.1236485672223735500 ) ) ;
#1880 = ORIENTED_EDGE ( 'NONE', *, *, #1747, .T. ) ;
#1881 = VERTEX_POINT ( 'NONE', #2404 ) ;
#1882 = CARTESIAN_POINT ( 'NONE',  ( 1.387797039204568400, 1.498999999999999900, 0.7718188710010169800 ) ) ;
#1883 = FILL_AREA_STYLE_COLOUR ( '', #2826 ) ;
#1884 = CARTESIAN_POINT ( 'NONE',  ( 1.751906728817887300, 1.500000000000000000, -0.05374485160508873900 ) ) ;
#1885 =( LENGTH_UNIT ( ) NAMED_UNIT ( * ) SI_UNIT ( .MILLI., .METRE. ) );
#1886 = ORIENTED_EDGE ( 'NONE', *, *, #739, .F. ) ;
#1887 = CARTESIAN_POINT ( 'NONE',  ( 1.480071792920451400, 1.499000000000000100, -0.09801568493842208200 ) ) ;
#1888 = SURFACE_SIDE_STYLE ('',( #2500 ) ) ;
#1889 = VECTOR ( 'NONE', #1099, 1000.000000000000000 ) ;
#1890 = CARTESIAN_POINT ( 'NONE',  ( 1.022092828796336200, 1.499000000000000300, 0.4686843283626304600 ) ) ;
#1891 = B_SPLINE_SURFACE_WITH_KNOTS ( 'NONE', 3, 1, ( 
 ( #951, #1960 ),
 ( #476, #2205 ),
 ( #729, #2444 ),
 ( #963, #2702 ) ),
 .UNSPECIFIED., .F., .F., .F.,
 ( 4, 4 ),
 ( 2, 2 ),
 ( 0.3636363636363636500, 0.4545454545454545900 ),
 ( 0.0000000000000000000, 1.000000000000000000 ),
 .UNSPECIFIED. ) ;
#1892 = CARTESIAN_POINT ( 'NONE',  ( -0.2283818897637797400, 1.500000000000000000, -0.3280688976377950600 ) ) ;
#1893 = ADVANCED_FACE ( 'NONE', ( #278 ), #2552, .F. ) ;
#1894 = FACE_OUTER_BOUND ( 'NONE', #1031, .T. ) ;
#1895 = CARTESIAN_POINT ( 'NONE',  ( 0.8773183431569596700, 1.499000000000000300, -0.4051727035126077000 ) ) ;
#1896 =( NAMED_UNIT ( * ) SI_UNIT ( $, .STERADIAN. ) SOLID_ANGLE_UNIT ( ) );
#1897 = SURFACE_STYLE_FILL_AREA ( #153 ) ;
#1898 = CARTESIAN_POINT ( 'NONE',  ( 1.306071904175980700, 1.500000000000000400, -0.1557732337311461300 ) ) ;
#1899 = MECHANICAL_DESIGN_GEOMETRIC_PRESENTATION_REPRESENTATION (  '', ( #1395 ), #2055 ) ;
#1900 = VERTEX_POINT ( 'NONE', #2565 ) ;
#1901 = VECTOR ( 'NONE', #571, 1000.000000000000000 ) ;
#1902 = EDGE_CURVE ( 'NONE', #2349, #1000, #2603, .T. ) ;
#1903 = CARTESIAN_POINT ( 'NONE',  ( 1.690025797102461900, 1.498999999999999900, 0.8399547696164519900 ) ) ;
#1904 = LINE ( 'NONE', #366, #1235 ) ;
#1905 = CARTESIAN_POINT ( 'NONE',  ( -0.8876929133858242300, 1.499000000000000100, -0.2407657480314929800 ) ) ;
#1906 = MECHANICAL_DESIGN_GEOMETRIC_PRESENTATION_REPRESENTATION (  '', ( #1399 ), #2061 ) ;
#1907 = CARTESIAN_POINT ( 'NONE',  ( 1.604999999999999800, 0.0000000000000000000, -1.625000000000000400 ) ) ;
#1908 = PRESENTATION_STYLE_ASSIGNMENT (( #581 ) ) ;
#1909 = EDGE_CURVE ( 'NONE', #1456, #2778, #1961, .T. ) ;
#1910 = FILL_AREA_STYLE ('',( #1342 ) ) ;
#1911 = UNCERTAINTY_MEASURE_WITH_UNIT (LENGTH_MEASURE( 1.000000000000000100E-005 ), #1445, 'distance_accuracy_value', 'NONE');
#1912 = FILL_AREA_STYLE ('',( #2896 ) ) ;
#1913 = CARTESIAN_POINT ( 'NONE',  ( -2.149999999999999900, 1.500000000000000000, 2.149999999999999900 ) ) ;
#1914 = CARTESIAN_POINT ( 'NONE',  ( 1.480071792920451400, 1.500000000000000000, -0.09801568493842208200 ) ) ;
#1915 = CARTESIAN_POINT ( 'NONE',  ( 1.387797039204568400, 1.500000000000000000, 0.7718188710010169800 ) ) ;
#1916 = DIRECTION ( 'NONE',  ( 0.0000000000000000000, 0.0000000000000000000, 1.000000000000000000 ) ) ;
#1917 = EDGE_CURVE ( 'NONE', #1191, #992, #283, .T. ) ;
#1918 = CARTESIAN_POINT ( 'NONE',  ( -0.7516102362204726300, 1.499000000000000100, -0.4334232283464549700 ) ) ;
#1919 = B_SPLINE_CURVE_WITH_KNOTS ( 'NONE', 3,
 ( #2375, #663, #2638, #1135 ),
 .UNSPECIFIED., .F., .F.,
 ( 4, 4 ),
 ( 0.1818181818181818200, 0.2727272727272727100 ),
 .UNSPECIFIED. ) ;
#1920 = CARTESIAN_POINT ( 'NONE',  ( 0.8684932672794256600, 1.499000000000000100, 0.3565115586513215000 ) ) ;
#1921 = CARTESIAN_POINT ( 'NONE',  ( -0.3143562992125948400, 1.500000000000000000, 0.5383602362204742400 ) ) ;
#1922 =( GEOMETRIC_REPRESENTATION_CONTEXT ( 3 ) GLOBAL_UNCERTAINTY_ASSIGNED_CONTEXT ( ( #1424 ) ) GLOBAL_UNIT_ASSIGNED_CONTEXT ( ( #602, #2333, #838 ) ) REPRESENTATION_CONTEXT ( 'NONE', 'WORKASPACE' ) );
#1923 = DIRECTION ( 'NONE',  ( 0.0000000000000000000, -0.0000000000000000000, -1.000000000000000000 ) ) ;
#1924 = SURFACE_STYLE_FILL_AREA ( #3104 ) ;
#1925 = CARTESIAN_POINT ( 'NONE',  ( -0.7516102362204726300, 1.499000000000000100, -0.4334232283464549700 ) ) ;
#1926 = EDGE_CURVE ( 'NONE', #1111, #2771, #636, .T. ) ;
#1927 =( LENGTH_UNIT ( ) NAMED_UNIT ( * ) SI_UNIT ( .MILLI., .METRE. ) );
#1928 = PLANE ( 'NONE',  #2199 ) ;
#1929 = STYLED_ITEM ( 'NONE', ( #1797 ), #1384 ) ;
#1930 = FILL_AREA_STYLE_COLOUR ( '', #2964 ) ;
#1931 = SURFACE_STYLE_FILL_AREA ( #630 ) ;
#1932 = PRESENTATION_LAYER_ASSIGNMENT (  '', '', ( #1584 ) ) ;
#1933 = ORIENTED_EDGE ( 'NONE', *, *, #524, .T. ) ;
#1934 = PRESENTATION_STYLE_ASSIGNMENT (( #2977 ) ) ;
#1935 = CARTESIAN_POINT ( 'NONE',  ( 0.8929323698435282000, 1.499000000000000100, -0.5409243387845759100 ) ) ;
#1936 = CARTESIAN_POINT ( 'NONE',  ( 1.387797039204568400, 1.499999999999999600, -0.7666426674605212300 ) ) ;
#1937 = ORIENTED_EDGE ( 'NONE', *, *, #26, .F. ) ;
#1938 = CARTESIAN_POINT ( 'NONE',  ( -0.2283818897637797400, 1.499000000000000100, -0.3280688976377950600 ) ) ;
#1939 = VERTEX_POINT ( 'NONE', #634 ) ;
#1940 = CARTESIAN_POINT ( 'NONE',  ( 1.544122212018436100, 1.499000000000000600, -0.8504613672900239700 ) ) ;
#1941 = CARTESIAN_POINT ( 'NONE',  ( 1.151362903670955600, 1.499999999999999600, -0.2267699187608990500 ) ) ;
#1942 = DIRECTION ( 'NONE',  ( 0.0000000000000000000, -0.0000000000000000000, -1.000000000000000000 ) ) ;
#1943 = EDGE_CURVE ( 'NONE', #2030, #1076, #1854, .T. ) ;
#1944 =( GEOMETRIC_REPRESENTATION_CONTEXT ( 3 ) GLOBAL_UNCERTAINTY_ASSIGNED_CONTEXT ( ( #2342 ) ) GLOBAL_UNIT_ASSIGNED_CONTEXT ( ( #689, #2407, #919 ) ) REPRESENTATION_CONTEXT ( 'NONE', 'WORKASPACE' ) );
#1945 = DIRECTION ( 'NONE',  ( 0.0000000000000000000, 0.0000000000000000000, -1.000000000000000000 ) ) ;
#1946 = VERTEX_POINT ( 'NONE', #574 ) ;
#1947 = SURFACE_STYLE_FILL_AREA ( #1065 ) ;
#1948 = ORIENTED_EDGE ( 'NONE', *, *, #1122, .T. ) ;
#1949 = VECTOR ( 'NONE', #1321, 1000.000000000000000 ) ;
#1950 = LINE ( 'NONE', #684, #39 ) ;
#1951 = ORIENTED_EDGE ( 'NONE', *, *, #1979, .T. ) ;
#1952 = DIRECTION ( 'NONE',  ( -0.0000000000000000000, 0.0000000000000000000, 1.000000000000000000 ) ) ;
#1953 = DIRECTION ( 'NONE',  ( 0.0000000000000000000, -1.000000000000000000, 0.0000000000000000000 ) ) ;
#1954 = DIRECTION ( 'NONE',  ( -0.0000000000000000000, 1.000000000000000000, -0.0000000000000000000 ) ) ;
#1955 = CARTESIAN_POINT ( 'NONE',  ( 1.097244454863652900, 1.500000000000000200, -0.2560289607860884400 ) ) ;
#1956 = VECTOR ( 'NONE', #2658, 1000.000000000000000 ) ;
#1957 = CARTESIAN_POINT ( 'NONE',  ( 0.8929323698435282000, 1.499000000000000100, 0.2283064304461933400 ) ) ;
#1958 = CARTESIAN_POINT ( 'NONE',  ( 1.163981641328089500, 1.499000000000000100, -0.09610121252595239800 ) ) ;
#1959 = STYLED_ITEM ( 'NONE', ( #503 ), #1053 ) ;
#1960 = CARTESIAN_POINT ( 'NONE',  ( -0.2283818897637797400, 1.500000000000000000, -0.3280688976377950600 ) ) ;
#1961 = LINE ( 'NONE', #165, #1353 ) ;
#1962 = APPLICATION_PROTOCOL_DEFINITION ( 'draft international standard', 'automotive_design', 1998, #2209 ) ;
#1963 = CARTESIAN_POINT ( 'NONE',  ( 2.149999999999998100, 0.0000000000000000000, -2.149999999999999900 ) ) ;
#1964 = SURFACE_SIDE_STYLE ('',( #2950 ) ) ;
#1965 = CARTESIAN_POINT ( 'NONE',  ( 1.220722731398701900, 1.499000000000000300, -0.1920385470368161100 ) ) ;
#1966 = CARTESIAN_POINT ( 'NONE',  ( 1.657007087844693200, 1.500000000000000200, 0.8362302238642553800 ) ) ;
#1967 = FILL_AREA_STYLE ('',( #466 ) ) ;
#1968 = ORIENTED_EDGE ( 'NONE', *, *, #2233, .F. ) ;
#1969 = FACE_OUTER_BOUND ( 'NONE', #1380, .T. ) ;
#1970 = ORIENTED_EDGE ( 'NONE', *, *, #2068, .T. ) ;
#1971 = ORIENTED_EDGE ( 'NONE', *, *, #1021, .T. ) ;
#1972 = AXIS2_PLACEMENT_3D ( 'NONE', #1588, #1638, #704 ) ;
#1973 = APPLICATION_CONTEXT ( 'automotive_design' ) ;
#1974 = PLANE ( 'NONE',  #1102 ) ;
#1975 = ORIENTED_EDGE ( 'NONE', *, *, #2974, .F. ) ;
#1976 = CARTESIAN_POINT ( 'NONE',  ( 1.010354588278905100, 1.500000000000000000, 0.5782302139904946800 ) ) ;
#1977 = STYLED_ITEM ( 'NONE', ( #94 ), #1780 ) ;
#1978 = CARTESIAN_POINT ( 'NONE',  ( 1.228230476123695500, 1.498999999999999400, -0.06291714085651428600 ) ) ;
#1979 = EDGE_CURVE ( 'NONE', #1195, #1034, #2510, .T. ) ;
#1980 = ORIENTED_EDGE ( 'NONE', *, *, #2785, .T. ) ;
#1981 = STYLED_ITEM ( 'NONE', ( #512 ), #3058 ) ;
#1982 = ORIENTED_EDGE ( 'NONE', *, *, #1979, .F. ) ;
#1983 = CARTESIAN_POINT ( 'NONE',  ( -0.2283818897637797400, 1.499000000000000100, -0.3280688976377950600 ) ) ;
#1984 = PRESENTATION_STYLE_ASSIGNMENT (( #763 ) ) ;
#1985 = SURFACE_STYLE_FILL_AREA ( #922 ) ;
#1986 = FILL_AREA_STYLE ('',( #1720 ) ) ;
#1987 = EDGE_LOOP ( 'NONE', ( #1759, #2913, #1665, #1835 ) ) ;
#1988 = MECHANICAL_DESIGN_GEOMETRIC_PRESENTATION_REPRESENTATION (  '', ( #1473 ), #2146 ) ;
#1989 = LINE ( 'NONE', #2153, #2549 ) ;
#1990 =( NAMED_UNIT ( * ) SI_UNIT ( $, .STERADIAN. ) SOLID_ANGLE_UNIT ( ) );
#1991 = SURFACE_STYLE_FILL_AREA ( #2560 ) ;
#1992 = B_SPLINE_CURVE_WITH_KNOTS ( 'NONE', 3,
 ( #1217, #1238, #1226, #1198, #1255, #1170, #1296, #1262, #1279, #1439, #1447, #1476, #1492, #1427, #1483, #1504, #1544, #1522, #1531, #1691, #2487, #2454, #2963 ),
 .UNSPECIFIED., .F., .F.,
 ( 4, 1, 1, 1, 1, 1, 1, 1, 1, 1, 1, 1, 1, 1, 1, 1, 1, 1, 1, 1, 4 ),
 ( 0.0000000000000000000, 0.03151551312998482300, 0.06480979674365733300, 0.09991169883527546700, 0.1366755286001708800, 0.1751432978746824700, 0.2157650117082456900, 0.2581569125231217800, 0.3022930440652045700, 0.3927408518774001000, 0.4832984694610615900, 0.5744114847371660800, 0.6664774093514971300, 0.7120107481430552100, 0.7563744975915032100, 0.7998154803065208300, 0.8419616993485902200, 0.8828431755911847500, 0.9229180315891946100, 0.9619666184423849600, 1.000000000000000000 ),
 .UNSPECIFIED. ) ;
#1993 = CARTESIAN_POINT ( 'NONE',  ( 1.610805886107622000, 1.499999999999999600, 0.7003192161876645700 ) ) ;
#1994 = CARTESIAN_POINT ( 'NONE',  ( 1.307326258058622500, 1.499000000000001000, -0.02782465323376388800 ) ) ;
#1995 = CARTESIAN_POINT ( 'NONE',  ( 1.077946915374149200, 1.499000000000000100, -0.1463306832263861500 ) ) ;
#1996 = FACE_OUTER_BOUND ( 'NONE', #3019, .T. ) ;
#1997 = CARTESIAN_POINT ( 'NONE',  ( 1.387797039204568400, 1.498999999999999700, 0.002588101770247897800 ) ) ;
#1998 = EDGE_LOOP ( 'NONE', ( #2152, #53, #1360, #1293, #333, #1880, #1653, #759 ) ) ;
#1999 = VECTOR ( 'NONE', #893, 1000.000000000000000 ) ;
#2000 = MECHANICAL_DESIGN_GEOMETRIC_PRESENTATION_REPRESENTATION (  '', ( #1490 ), #2181 ) ;
#2001 =( NAMED_UNIT ( * ) PLANE_ANGLE_UNIT ( ) SI_UNIT ( $, .RADIAN. ) );
#2002 = UNCERTAINTY_MEASURE_WITH_UNIT (LENGTH_MEASURE( 1.000000000000000100E-005 ), #1803, 'distance_accuracy_value', 'NONE');
#2003 = CARTESIAN_POINT ( 'NONE',  ( 1.610805886107622000, 1.498999999999999700, -0.8381423222738732000 ) ) ;
#2004 = B_SPLINE_CURVE_WITH_KNOTS ( 'NONE', 3,
 ( #314, #299, #460, #508, #482, #522, #491, #1469, #1274, #1245, #517, #558, #572, #537, #548 ),
 .UNSPECIFIED., .F., .F.,
 ( 4, 1, 1, 1, 1, 1, 1, 1, 1, 1, 1, 1, 4 ),
 ( 0.0000000000000000000, 0.05027287497458368700, 0.1027903700748774900, 0.1576131012369289800, 0.2146311133156755300, 0.2740612127265387200, 0.3356974550538851000, 0.4000702787165526500, 0.4668267493853399100, 0.6020780869193700400, 0.7357515335047494200, 0.8682046170340282900, 1.000000000000000000 ),
 .UNSPECIFIED. ) ;
#2005 = FACE_OUTER_BOUND ( 'NONE', #174, .T. ) ;
#2006 = VERTEX_POINT ( 'NONE', #1507 ) ;
#2007 = CARTESIAN_POINT ( 'NONE',  ( 0.0000000000000000000, 1.499000000000000100, -0.5510629921259847500 ) ) ;
#2008 = ORIENTED_EDGE ( 'NONE', *, *, #2460, .F. ) ;
#2009 =( LENGTH_UNIT ( ) NAMED_UNIT ( * ) SI_UNIT ( .MILLI., .METRE. ) );
#2010 = VECTOR ( 'NONE', #1056, 1000.000000000000000 ) ;
#2011 = EDGE_LOOP ( 'NONE', ( #915, #2403, #1193, #3142 ) ) ;
#2012 = ADVANCED_FACE ( 'NONE', ( #3119 ), #783, .T. ) ;
#2013 = FACE_OUTER_BOUND ( 'NONE', #2951, .T. ) ;
#2014 = STYLED_ITEM ( 'NONE', ( #2231 ), #2503 ) ;
#2015 =( NAMED_UNIT ( * ) SI_UNIT ( $, .STERADIAN. ) SOLID_ANGLE_UNIT ( ) );
#2016 = PLANE ( 'NONE',  #1695 ) ;
#2017 =( LENGTH_UNIT ( ) NAMED_UNIT ( * ) SI_UNIT ( .MILLI., .METRE. ) );
#2018 = MECHANICAL_DESIGN_GEOMETRIC_PRESENTATION_REPRESENTATION (  '', ( #1512 ), #2201 ) ;
#2019 = B_SPLINE_CURVE_WITH_KNOTS ( 'NONE', 3,
 ( #207, #1123, #192, #3194, #3182, #3170, #3128, #3117, #3102, #3091, #3078, #3070, #3056, #3041, #2938 ),
 .UNSPECIFIED., .F., .F.,
 ( 4, 1, 1, 1, 1, 1, 1, 1, 1, 1, 1, 1, 4 ),
 ( 0.0000000000000000000, 0.05027287497458368700, 0.1027903700748774900, 0.1576131012369290900, 0.2146311133156755800, 0.2740612127265388300, 0.3356974550538851500, 0.4000702787165527100, 0.4668267493853399700, 0.6020780869193701500, 0.7357515335047494200, 0.8682046170340282900, 1.000000000000000000 ),
 .UNSPECIFIED. ) ;
#2020 = CARTESIAN_POINT ( 'NONE',  ( 0.9547048450400021900, 1.499000000000000300, 0.4243094341581955500 ) ) ;
#2021 =( GEOMETRIC_REPRESENTATION_CONTEXT ( 3 ) GLOBAL_UNCERTAINTY_ASSIGNED_CONTEXT ( ( #1223 ) ) GLOBAL_UNIT_ASSIGNED_CONTEXT ( ( #897, #2644, #1144 ) ) REPRESENTATION_CONTEXT ( 'NONE', 'WORKASPACE' ) );
#2022 = ADVANCED_FACE ( 'NONE', ( #984 ), #2033, .F. ) ;
#2023 = SURFACE_STYLE_USAGE ( .BOTH. , #2158 ) ;
#2024 =( NAMED_UNIT ( * ) PLANE_ANGLE_UNIT ( ) SI_UNIT ( $, .RADIAN. ) );
#2025 = VECTOR ( 'NONE', #926, 1000.000000000000000 ) ;
#2026 = ORIENTED_EDGE ( 'NONE', *, *, #2057, .F. ) ;
#2027 = VERTEX_POINT ( 'NONE', #1907 ) ;
#2028 = EDGE_CURVE ( 'NONE', #3201, #146, #90, .T. ) ;
#2029 = SURFACE_STYLE_USAGE ( .BOTH. , #551 ) ;
#2030 = VERTEX_POINT ( 'NONE', #2390 ) ;
#2031 = FACE_OUTER_BOUND ( 'NONE', #1828, .T. ) ;
#2032 = ORIENTED_EDGE ( 'NONE', *, *, #1872, .F. ) ;
#2033 = PLANE ( 'NONE',  #664 ) ;
#2034 =( LENGTH_UNIT ( ) NAMED_UNIT ( * ) SI_UNIT ( .MILLI., .METRE. ) );
#2035 = FILL_AREA_STYLE ('',( #1771 ) ) ;
#2036 = ORIENTED_EDGE ( 'NONE', *, *, #26, .T. ) ;
#2037 =( GEOMETRIC_REPRESENTATION_CONTEXT ( 3 ) GLOBAL_UNCERTAINTY_ASSIGNED_CONTEXT ( ( #2438 ) ) GLOBAL_UNIT_ASSIGNED_CONTEXT ( ( #2009, #2001, #1990 ) ) REPRESENTATION_CONTEXT ( 'NONE', 'WORKASPACE' ) );
#2038 = DIRECTION ( 'NONE',  ( -1.000000000000000000, 0.0000000000000000000, 0.0000000000000000000 ) ) ;
#2039 = ADVANCED_FACE ( 'NONE', ( #683 ), #2380, .T. ) ;
#2040 = COLOUR_RGB ( '',1.000000000000000000, 1.000000000000000000, 1.000000000000000000 ) ;
#2041 = CARTESIAN_POINT ( 'NONE',  ( 0.8929323698435282000, 1.499000000000000100, -0.5409243387845759100 ) ) ;
#2042 = EDGE_CURVE ( 'NONE', #1499, #868, #448, .T. ) ;
#2043 = CARTESIAN_POINT ( 'NONE',  ( 1.058640297848006500, 1.499000000000000100, -0.2782142576721004500 ) ) ;
#2044 = CARTESIAN_POINT ( 'NONE',  ( 0.7647272416384000000, 1.499000000000000100, -1.181949979810216900 ) ) ;
#2045 = LINE ( 'NONE', #107, #748 ) ;
#2046 = VERTEX_POINT ( 'NONE', #2857 ) ;
#2047 = DIRECTION ( 'NONE',  ( -0.0000000000000000000, 1.000000000000000000, -0.0000000000000000000 ) ) ;
#2048 = PRESENTATION_STYLE_ASSIGNMENT (( #2217 ) ) ;
#2049 = SURFACE_STYLE_USAGE ( .BOTH. , #1964 ) ;
#2050 =( NAMED_UNIT ( * ) PLANE_ANGLE_UNIT ( ) SI_UNIT ( $, .RADIAN. ) );
#2051 = CARTESIAN_POINT ( 'NONE',  ( 0.8929323698435283100, 1.500000000000000000, -0.2845140823743195800 ) ) ;
#2052 = CARTESIAN_POINT ( 'NONE',  ( 0.7647272416384000000, 1.499000000000000100, -0.5409243387845759100 ) ) ;
#2053 = CARTESIAN_POINT ( 'NONE',  ( -0.6439566929133848600, 1.500000000000000000, -0.3247007874015716000 ) ) ;
#2054 = FACE_OUTER_BOUND ( 'NONE', #334, .T. ) ;
#2055 =( GEOMETRIC_REPRESENTATION_CONTEXT ( 3 ) GLOBAL_UNCERTAINTY_ASSIGNED_CONTEXT ( ( #1744 ) ) GLOBAL_UNIT_ASSIGNED_CONTEXT ( ( #1627, #1598, #1612 ) ) REPRESENTATION_CONTEXT ( 'NONE', 'WORKASPACE' ) );
#2056 = ORIENTED_EDGE ( 'NONE', *, *, #2399, .T. ) ;
#2057 = EDGE_CURVE ( 'NONE', #1881, #1111, #2409, .T. ) ;
#2058 = ADVANCED_FACE ( 'NONE', ( #2998 ), #3155, .T. ) ;
#2059 = FILL_AREA_STYLE ('',( #598 ) ) ;
#2060 = CARTESIAN_POINT ( 'NONE',  ( 0.2511377952755904400, 1.500000000000000000, -0.5510629921259853100 ) ) ;
#2061 =( GEOMETRIC_REPRESENTATION_CONTEXT ( 3 ) GLOBAL_UNCERTAINTY_ASSIGNED_CONTEXT ( ( #428 ) ) GLOBAL_UNIT_ASSIGNED_CONTEXT ( ( #1579, #1590, #1614 ) ) REPRESENTATION_CONTEXT ( 'NONE', 'WORKASPACE' ) );
#2062 = SURFACE_STYLE_USAGE ( .BOTH. , #591 ) ;
#2063 = CARTESIAN_POINT ( 'NONE',  ( -0.2283818897637797400, 1.499000000000000100, -0.3280688976377950600 ) ) ;
#2064 =( NAMED_UNIT ( * ) SI_UNIT ( $, .STERADIAN. ) SOLID_ANGLE_UNIT ( ) );
#2065 =( NAMED_UNIT ( * ) PLANE_ANGLE_UNIT ( ) SI_UNIT ( $, .RADIAN. ) );
#2066 = SURFACE_SIDE_STYLE ('',( #2226 ) ) ;
#2067 = CARTESIAN_POINT ( 'NONE',  ( -0.5425708661417304500, 1.500000000000000000, 0.2336811023622078200 ) ) ;
#2068 = EDGE_CURVE ( 'NONE', #2283, #2463, #292, .T. ) ;
#2069 = ORIENTED_EDGE ( 'NONE', *, *, #2980, .F. ) ;
#2070 = CARTESIAN_POINT ( 'NONE',  ( 1.751906728817887300, 1.499000000000000100, -0.6947704926307297600 ) ) ;
#2071 = SURFACE_STYLE_USAGE ( .BOTH. , #353 ) ;
#2072 = LINE ( 'NONE', #761, #2672 ) ;
#2073 =( NAMED_UNIT ( * ) SI_UNIT ( $, .STERADIAN. ) SOLID_ANGLE_UNIT ( ) );
#2074 = ORIENTED_EDGE ( 'NONE', *, *, #713, .T. ) ;
#2075 = EDGE_CURVE ( 'NONE', #799, #1042, #2264, .T. ) ;
#2076 = FILL_AREA_STYLE ('',( #3164 ) ) ;
#2077 = AXIS2_PLACEMENT_3D ( 'NONE', #1615, #782, #659 ) ;
#2078 = SURFACE_STYLE_USAGE ( .BOTH. , #2066 ) ;
#2079 = CARTESIAN_POINT ( 'NONE',  ( -0.7821417322834622900, 1.500000000000000000, -0.02017322834645249000 ) ) ;
#2080 = SURFACE_STYLE_FILL_AREA ( #2076 ) ;
#2081 = CARTESIAN_POINT ( 'NONE',  ( 0.7647272416384000000, 1.500000000000000000, 0.9975371996769626400 ) ) ;
#2082 = MECHANICAL_DESIGN_GEOMETRIC_PRESENTATION_REPRESENTATION (  '', ( #1584 ), #2259 ) ;
#2083 =( LENGTH_UNIT ( ) NAMED_UNIT ( * ) SI_UNIT ( .MILLI., .METRE. ) );
#2084 = COLOUR_RGB ( '',1.000000000000000000, 1.000000000000000000, 1.000000000000000000 ) ;
#2085 = CARTESIAN_POINT ( 'NONE',  ( 1.721481405670426400, 1.499999999999999800, -0.6957103714697081600 ) ) ;
#2086 = ORIENTED_EDGE ( 'NONE', *, *, #645, .F. ) ;
#2087 = SURFACE_STYLE_FILL_AREA ( #833 ) ;
#2088 = SURFACE_STYLE_USAGE ( .BOTH. , #361 ) ;
#2089 = SURFACE_SIDE_STYLE ('',( #2225 ) ) ;
#2090 = CARTESIAN_POINT ( 'NONE',  ( 0.7647272416384000000, 1.499000000000000100, -1.181949979810216900 ) ) ;
#2091 = CARTESIAN_POINT ( 'NONE',  ( 1.604999999999999800, -0.1000000000000000100, -1.625000000000000400 ) ) ;
#2092 = UNCERTAINTY_MEASURE_WITH_UNIT (LENGTH_MEASURE( 1.000000000000000100E-005 ), #2418, 'distance_accuracy_value', 'NONE');
#2093 = SURFACE_STYLE_USAGE ( .BOTH. , #876 ) ;
#2094 = EDGE_CURVE ( 'NONE', #2848, #1107, #2852, .T. ) ;
#2095 =( GEOMETRIC_REPRESENTATION_CONTEXT ( 3 ) GLOBAL_UNCERTAINTY_ASSIGNED_CONTEXT ( ( #1911 ) ) GLOBAL_UNIT_ASSIGNED_CONTEXT ( ( #1445, #3205, #1701 ) ) REPRESENTATION_CONTEXT ( 'NONE', 'WORKASPACE' ) );
#2096 = CARTESIAN_POINT ( 'NONE',  ( 1.751906728817887300, 1.499000000000000100, 0.7154859176256804800 ) ) ;
#2097 = DIRECTION ( 'NONE',  ( -0.0000000000000000000, 0.0000000000000000000, 1.000000000000000000 ) ) ;
#2098 = UNCERTAINTY_MEASURE_WITH_UNIT (LENGTH_MEASURE( 1.000000000000000100E-005 ), #3150, 'distance_accuracy_value', 'NONE');
#2099 = CARTESIAN_POINT ( 'NONE',  ( 1.455842603308309800, 1.499000000000000100, -0.7457361340887325200 ) ) ;
#2100 = CARTESIAN_POINT ( 'NONE',  ( -0.4560118110236215900, 1.499000000000000100, -0.2967913385826763700 ) ) ;
#2101 = CARTESIAN_POINT ( 'NONE',  ( 1.114153073453909800, 1.498999999999999900, -0.8940135759377260100 ) ) ;
#2102 =( LENGTH_UNIT ( ) NAMED_UNIT ( * ) SI_UNIT ( .MILLI., .METRE. ) );
#2103 = CARTESIAN_POINT ( 'NONE',  ( -0.7821417322834622900, 1.499000000000000100, -0.02017322834645249000 ) ) ;
#2104 = ORIENTED_EDGE ( 'NONE', *, *, #356, .T. ) ;
#2105 = AXIS2_PLACEMENT_3D ( 'NONE', #2449, #2465, #2481 ) ;
#2106 = CARTESIAN_POINT ( 'NONE',  ( 1.727777239659924900, 1.499000000000000300, 0.7135837400889355500 ) ) ;
#2107 = ORIENTED_EDGE ( 'NONE', *, *, #2373, .T. ) ;
#2108 = ORIENTED_EDGE ( 'NONE', *, *, #1872, .T. ) ;
#2109 = CARTESIAN_POINT ( 'NONE',  ( 1.077946915374149200, 1.500000000000000000, -0.9155614524571557000 ) ) ;
#2110 = CARTESIAN_POINT ( 'NONE',  ( 1.548993573913792300, 1.499000000000000100, 0.8163149509549783000 ) ) ;
#2111 = VECTOR ( 'NONE', #1317, 1000.000000000000000 ) ;
#2112 = ORIENTED_EDGE ( 'NONE', *, *, #364, .F. ) ;
#2113 = PRESENTATION_STYLE_ASSIGNMENT (( #2135 ) ) ;
#2114 = PLANE ( 'NONE',  #438 ) ;
#2115 = ORIENTED_EDGE ( 'NONE', *, *, #222, .T. ) ;
#2116 = ORIENTED_EDGE ( 'NONE', *, *, #2871, .T. ) ;
#2117 = CARTESIAN_POINT ( 'NONE',  ( -0.7046437007874008000, 1.499000000000000100, -0.1909606299212582800 ) ) ;
#2118 = PLANE ( 'NONE',  #1672 ) ;
#2119 = CARTESIAN_POINT ( 'NONE',  ( 1.751906728817887300, 1.499000000000000100, -0.8229756208358580700 ) ) ;
#2120 = CARTESIAN_POINT ( 'NONE',  ( 0.8929323698435282000, 1.499000000000000100, -1.053744851605088900 ) ) ;
#2121 = ORIENTED_EDGE ( 'NONE', *, *, #1574, .F. ) ;
#2122 = PRESENTATION_LAYER_ASSIGNMENT (  '', '', ( #1769 ) ) ;
#2123 = CARTESIAN_POINT ( 'NONE',  ( 1.622536821247664300, 1.499000000000000300, 0.8309696213212383100 ) ) ;
#2124 = ORIENTED_EDGE ( 'NONE', *, *, #1538, .T. ) ;
#2125 = CARTESIAN_POINT ( 'NONE',  ( 0.8929323698435283100, 1.499000000000000300, -0.2845140823743195800 ) ) ;
#2126 = AXIS2_PLACEMENT_3D ( 'NONE', #1219, #403, #1239 ) ;
#2127 = CARTESIAN_POINT ( 'NONE',  ( 1.480071792920451400, 1.499000000000000100, -0.8672464541691913300 ) ) ;
#2128 = VERTEX_POINT ( 'NONE', #2091 ) ;
#2129 = ORIENTED_EDGE ( 'NONE', *, *, #924, .F. ) ;
#2130 = EDGE_CURVE ( 'NONE', #3003, #219, #2765, .T. ) ;
#2131 = CARTESIAN_POINT ( 'NONE',  ( 0.1962598425196884200, 1.499000000000000100, 0.6777362204724415300 ) ) ;
#2132 = AXIS2_PLACEMENT_3D ( 'NONE', #1211, #2966, #1464 ) ;
#2133 = CARTESIAN_POINT ( 'NONE',  ( 1.306071904175980700, 1.500000000000000400, 0.6134575354996231200 ) ) ;
#2134 = CARTESIAN_POINT ( 'NONE',  ( 0.8684932672794256600, 1.499000000000000100, -1.181949979810216900 ) ) ;
#2135 = SURFACE_STYLE_USAGE ( .BOTH. , #2148 ) ;
#2136 = CARTESIAN_POINT ( 'NONE',  ( 1.690025797102461900, 1.500000000000000000, 0.8399547696164519900 ) ) ;
#2137 = FILL_AREA_STYLE ('',( #1883 ) ) ;
#2138 = ADVANCED_FACE ( 'NONE', ( #227 ), #2114, .F. ) ;
#2139 =( NAMED_UNIT ( * ) PLANE_ANGLE_UNIT ( ) SI_UNIT ( $, .RADIAN. ) );
#2140 = PRODUCT ( 'XFL4015', 'XFL4015', '', ( #236 ) ) ;
#2141 = CARTESIAN_POINT ( 'NONE',  ( -0.7849999999999995900, 0.0000000000000000000, 1.625000000000000000 ) ) ;
#2142 = VERTEX_POINT ( 'NONE', #1643 ) ;
#2143 = DIRECTION ( 'NONE',  ( 0.0000000000000000000, 0.0000000000000000000, -1.000000000000000000 ) ) ;
#2144 = UNCERTAINTY_MEASURE_WITH_UNIT (LENGTH_MEASURE( 1.000000000000000100E-005 ), #754, 'distance_accuracy_value', 'NONE');
#2145 = CARTESIAN_POINT ( 'NONE',  ( -0.4974094488188985900, 1.500000000000000000, -0.4830787401574795400 ) ) ;
#2146 =( GEOMETRIC_REPRESENTATION_CONTEXT ( 3 ) GLOBAL_UNCERTAINTY_ASSIGNED_CONTEXT ( ( #3177 ) ) GLOBAL_UNIT_ASSIGNED_CONTEXT ( ( #811, #1826, #2015 ) ) REPRESENTATION_CONTEXT ( 'NONE', 'WORKASPACE' ) );
#2147 = DIRECTION ( 'NONE',  ( -1.000000000000000000, 0.0000000000000000000, 0.0000000000000000000 ) ) ;
#2148 = SURFACE_SIDE_STYLE ('',( #2768 ) ) ;
#2149 = CARTESIAN_POINT ( 'NONE',  ( 2.149999999999999900, 1.500000000000000000, 2.149999999999999900 ) ) ;
#2150 = SURFACE_SIDE_STYLE ('',( #988 ) ) ;
#2151 = EDGE_CURVE ( 'NONE', #3201, #991, #1218, .T. ) ;
#2152 = ORIENTED_EDGE ( 'NONE', *, *, #167, .T. ) ;
#2153 = CARTESIAN_POINT ( 'NONE',  ( 0.8929323698435282000, 1.499000000000000100, 0.2283064304461933400 ) ) ;
#2154 = DIRECTION ( 'NONE',  ( -0.0000000000000000000, -0.0000000000000000000, 1.000000000000000000 ) ) ;
#2155 = CARTESIAN_POINT ( 'NONE',  ( 1.751906728817887300, 1.499000000000000100, 0.07446027660003949600 ) ) ;
#2156 = CARTESIAN_POINT ( 'NONE',  ( 0.4251407480314976000, 1.499000000000000100, -0.2737047244094496500 ) ) ;
#2157 = FACE_OUTER_BOUND ( 'NONE', #1707, .T. ) ;
#2158 = SURFACE_SIDE_STYLE ('',( #970 ) ) ;
#2159 = STYLED_ITEM ( 'NONE', ( #1261 ), #2537 ) ;
#2160 = CARTESIAN_POINT ( 'NONE',  ( -0.01897834645668995000, 1.499000000000000100, 0.4464527559055115300 ) ) ;
#2161 = DIRECTION ( 'NONE',  ( 1.000000000000000000, 0.0000000000000000000, 0.0000000000000000000 ) ) ;
#2162 = VECTOR ( 'NONE', #1569, 1000.000000000000000 ) ;
#2163 = SURFACE_STYLE_USAGE ( .BOTH. , #437 ) ;
#2164 = VECTOR ( 'NONE', #1077, 1000.000000000000000 ) ;
#2165 = CARTESIAN_POINT ( 'NONE',  ( 0.9874513463963773300, 1.499000000000000100, -0.3227206792612262200 ) ) ;
#2166 = DIRECTION ( 'NONE',  ( -0.0000000000000000000, -1.000000000000000000, -0.0000000000000000000 ) ) ;
#2167 = ORIENTED_EDGE ( 'NONE', *, *, #2417, .T. ) ;
#2168 = CARTESIAN_POINT ( 'NONE',  ( 1.509960204297905900, 1.498999999999999900, 0.8067986815604110100 ) ) ;
#2169 = CARTESIAN_POINT ( 'NONE',  ( -0.9870649606299186600, 1.499000000000000100, 0.1046240157480354700 ) ) ;
#2170 = CARTESIAN_POINT ( 'NONE',  ( -1.579138873006797000, 1.499000000000000100, -1.600000000000000800 ) ) ;
#2171 = ORIENTED_EDGE ( 'NONE', *, *, #880, .F. ) ;
#2172 =( NAMED_UNIT ( * ) SI_UNIT ( $, .STERADIAN. ) SOLID_ANGLE_UNIT ( ) );
#2173 = SURFACE_STYLE_FILL_AREA ( #2305 ) ;
#2174 = FILL_AREA_STYLE ('',( #2244 ) ) ;
#2175 = ORIENTED_EDGE ( 'NONE', *, *, #1465, .T. ) ;
#2176 = CARTESIAN_POINT ( 'NONE',  ( -0.8562519685039373700, 1.499000000000000100, -0.3500551181102321600 ) ) ;
#2177 = FACE_OUTER_BOUND ( 'NONE', #1796, .T. ) ;
#2178 = PRESENTATION_LAYER_ASSIGNMENT (  '', '', ( #1812 ) ) ;
#2179 = VERTEX_POINT ( 'NONE', #2652 ) ;
#2180 = COLOUR_RGB ( '',0.1921568627450980200, 0.2039215686274509800, 0.2039215686274509800 ) ;
#2181 =( GEOMETRIC_REPRESENTATION_CONTEXT ( 3 ) GLOBAL_UNCERTAINTY_ASSIGNED_CONTEXT ( ( #2435 ) ) GLOBAL_UNIT_ASSIGNED_CONTEXT ( ( #1105, #2600, #858 ) ) REPRESENTATION_CONTEXT ( 'NONE', 'WORKASPACE' ) );
#2182 = CARTESIAN_POINT ( 'NONE',  ( -0.8876929133858242300, 1.499000000000000100, -0.2407657480314929800 ) ) ;
#2183 = FILL_AREA_STYLE_COLOUR ( '', #2518 ) ;
#2184 = FACE_OUTER_BOUND ( 'NONE', #475, .T. ) ;
#2185 = LINE ( 'NONE', #903, #2752 ) ;
#2186 = STYLED_ITEM ( 'NONE', ( #111 ), #898 ) ;
#2187 = CARTESIAN_POINT ( 'NONE',  ( 0.7849999999999998100, -0.1000000000000000100, 1.625000000000000200 ) ) ;
#2188 = COLOUR_RGB ( '',1.000000000000000000, 1.000000000000000000, 1.000000000000000000 ) ;
#2189 =( NAMED_UNIT ( * ) PLANE_ANGLE_UNIT ( ) SI_UNIT ( $, .RADIAN. ) );
#2190 = CARTESIAN_POINT ( 'NONE',  ( 1.228230476123695500, 1.499999999999999300, -0.8321479100872830600 ) ) ;
#2191 = CARTESIAN_POINT ( 'NONE',  ( -2.149999999999999900, 0.0000000000000000000, 2.149999999999999900 ) ) ;
#2192 = SURFACE_STYLE_FILL_AREA ( #2413 ) ;
#2193 =( NAMED_UNIT ( * ) SI_UNIT ( $, .STERADIAN. ) SOLID_ANGLE_UNIT ( ) );
#2194 = CARTESIAN_POINT ( 'NONE',  ( 0.8684932672794256600, 1.500000000000000000, -1.181949979810216900 ) ) ;
#2195 = CARTESIAN_POINT ( 'NONE',  ( 0.1615118110236228600, 1.500000000000000000, -0.3894173228346473600 ) ) ;
#2196 = CARTESIAN_POINT ( 'NONE',  ( -1.604999999999999800, -0.1000000000000000100, 1.625000000000000000 ) ) ;
#2197 = UNCERTAINTY_MEASURE_WITH_UNIT (LENGTH_MEASURE( 1.000000000000000100E-005 ), #2707, 'distance_accuracy_value', 'NONE');
#2198 = CARTESIAN_POINT ( 'NONE',  ( 0.0000000000000000000, 0.0000000000000000000, 0.0000000000000000000 ) ) ;
#2199 = AXIS2_PLACEMENT_3D ( 'NONE', #1684, #212, #1942 ) ;
#2200 = PLANE ( 'NONE',  #2528 ) ;
#2201 =( GEOMETRIC_REPRESENTATION_CONTEXT ( 3 ) GLOBAL_UNCERTAINTY_ASSIGNED_CONTEXT ( ( #1273 ) ) GLOBAL_UNIT_ASSIGNED_CONTEXT ( ( #1885, #1856, #1827 ) ) REPRESENTATION_CONTEXT ( 'NONE', 'WORKASPACE' ) );
#2202 = ORIENTED_EDGE ( 'NONE', *, *, #1732, .F. ) ;
#2203 = ORIENTED_EDGE ( 'NONE', *, *, #3120, .F. ) ;
#2204 = CARTESIAN_POINT ( 'NONE',  ( 1.455842603308309800, 1.499000000000000100, 0.02349463514203683700 ) ) ;
#2205 = CARTESIAN_POINT ( 'NONE',  ( -0.3478405511811028000, 1.500000000000000000, -0.4493740157480306000 ) ) ;
#2206 = VECTOR ( 'NONE', #41, 1000.000000000000000 ) ;
#2207 = ORIENTED_EDGE ( 'NONE', *, *, #2595, .T. ) ;
#2208 = FACE_BOUND ( 'NONE', #2594, .T. ) ;
#2209 = APPLICATION_CONTEXT ( 'automotive_design' ) ;
#2210 = VERTEX_POINT ( 'NONE', #1339 ) ;
#2211 = CARTESIAN_POINT ( 'NONE',  ( 0.2511377952755904400, 1.500000000000000000, -0.5510629921259853100 ) ) ;
#2212 = DIRECTION ( 'NONE',  ( -0.0000000000000000000, 0.0000000000000000000, -1.000000000000000000 ) ) ;
#2213 = CARTESIAN_POINT ( 'NONE',  ( 1.586545031820005400, 1.500000000000000000, 0.8242829541853342600 ) ) ;
#2214 = CARTESIAN_POINT ( 'NONE',  ( 1.509960204297906800, 1.499000000000000300, 0.03756791232964204500 ) ) ;
#2215 = ORIENTED_EDGE ( 'NONE', *, *, #432, .F. ) ;
#2216 = EDGE_CURVE ( 'NONE', #426, #2823, #3137, .T. ) ;
#2217 = SURFACE_STYLE_USAGE ( .BOTH. , #486 ) ;
#2218 = LINE ( 'NONE', #2081, #884 ) ;
#2219 = ORIENTED_EDGE ( 'NONE', *, *, #2255, .T. ) ;
#2220 = CARTESIAN_POINT ( 'NONE',  ( 0.4027539370078745400, 1.500000000000000000, -0.3633523622047243900 ) ) ;
#2221 = DIRECTION ( 'NONE',  ( 0.0000000000000000000, 0.0000000000000000000, -1.000000000000000000 ) ) ;
#2222 = VERTEX_POINT ( 'NONE', #565 ) ;
#2223 = CARTESIAN_POINT ( 'NONE',  ( 0.9488052297886935300, 1.500000000000000000, 0.5322841198107181000 ) ) ;
#2224 = CARTESIAN_POINT ( 'NONE',  ( 1.548993573913792100, 1.499000000000000100, 0.04708418172420910500 ) ) ;
#2225 = SURFACE_STYLE_FILL_AREA ( #175 ) ;
#2226 = SURFACE_STYLE_FILL_AREA ( #2059 ) ;
#2227 = EDGE_CURVE ( 'NONE', #349, #2442, #2754, .T. ) ;
#2228 = CARTESIAN_POINT ( 'NONE',  ( -1.579138873006797000, 1.499000000000000100, -1.600000000000000800 ) ) ;
#2229 = SURFACE_STYLE_USAGE ( .BOTH. , #501 ) ;
#2230 = CARTESIAN_POINT ( 'NONE',  ( 1.586545031820005600, 1.499000000000000100, 0.05505218495456507700 ) ) ;
#2231 = PRESENTATION_STYLE_ASSIGNMENT (( #2229 ) ) ;
#2232 = STYLED_ITEM ( 'NONE', ( #204 ), #552 ) ;
#2233 = EDGE_CURVE ( 'NONE', #2810, #1946, #562, .T. ) ;
#2234 = CARTESIAN_POINT ( 'NONE',  ( 0.8684932672794256600, 1.500000000000000000, -1.181949979810216900 ) ) ;
#2235 = DIRECTION ( 'NONE',  ( 1.000000000000000000, 0.0000000000000000000, -0.0000000000000000000 ) ) ;
#2236 = B_SPLINE_CURVE_WITH_KNOTS ( 'NONE', 3,
 ( #1188, #464, #3199, #1694 ),
 .UNSPECIFIED., .F., .F.,
 ( 4, 4 ),
 ( 0.0000000000000000000, 0.09090909090909091200 ),
 .UNSPECIFIED. ) ;
#2237 = VECTOR ( 'NONE', #123, 1000.000000000000000 ) ;
#2238 = CARTESIAN_POINT ( 'NONE',  ( 1.680333660469139700, 1.500000000000000000, 0.7098436646149498500 ) ) ;
#2239 = STYLED_ITEM ( 'NONE', ( #2880 ), #2022 ) ;
#2240 = CARTESIAN_POINT ( 'NONE',  ( 1.622536821247664100, 1.499000000000000100, 0.06173885209046914300 ) ) ;
#2241 = ORIENTED_EDGE ( 'NONE', *, *, #2431, .T. ) ;
#2242 = ORIENTED_EDGE ( 'NONE', *, *, #1203, .F. ) ;
#2243 = ORIENTED_EDGE ( 'NONE', *, *, #1523, .F. ) ;
#2244 = FILL_AREA_STYLE_COLOUR ( '', #229 ) ;
#2245 = CARTESIAN_POINT ( 'NONE',  ( 0.7647272416384000000, 1.500000000000000000, -0.5409243387845759100 ) ) ;
#2246 = VECTOR ( 'NONE', #239, 1000.000000000000000 ) ;
#2247 = EDGE_CURVE ( 'NONE', #2847, #3003, #3220, .T. ) ;
#2248 = CARTESIAN_POINT ( 'NONE',  ( 1.657007087844693400, 1.499000000000000300, 0.06699945463348595800 ) ) ;
#2249 = VECTOR ( 'NONE', #1055, 1000.000000000000000 ) ;
#2250 = ORIENTED_EDGE ( 'NONE', *, *, #1240, .T. ) ;
#2251 = LINE ( 'NONE', #2299, #270 ) ;
#2252 = VECTOR ( 'NONE', #3138, 1000.000000000000000 ) ;
#2253 = STYLED_ITEM ( 'NONE', ( #1819 ), #2288 ) ;
#2254 = LINE ( 'NONE', #2865, #276 ) ;
#2255 = EDGE_CURVE ( 'NONE', #2536, #2810, #1133, .T. ) ;
#2256 = CARTESIAN_POINT ( 'NONE',  ( 0.8929323698435282000, 1.499000000000000100, 0.9975371996769626400 ) ) ;
#2257 = PRESENTATION_LAYER_ASSIGNMENT (  '', '', ( #1929 ) ) ;
#2258 = CARTESIAN_POINT ( 'NONE',  ( 1.657007087844693400, 1.500000000000000200, 0.06699945463348595800 ) ) ;
#2259 =( GEOMETRIC_REPRESENTATION_CONTEXT ( 3 ) GLOBAL_UNCERTAINTY_ASSIGNED_CONTEXT ( ( #83 ) ) GLOBAL_UNIT_ASSIGNED_CONTEXT ( ( #99, #1804, #343 ) ) REPRESENTATION_CONTEXT ( 'NONE', 'WORKASPACE' ) );
#2260 = ADVANCED_FACE ( 'NONE', ( #1782 ), #1314, .F. ) ;
#2261 = EDGE_CURVE ( 'NONE', #2428, #219, #824, .T. ) ;
#2262 = LINE ( 'NONE', #429, #1250 ) ;
#2263 = EDGE_LOOP ( 'NONE', ( #1572, #191, #1012, #308 ) ) ;
#2264 = LINE ( 'NONE', #344, #2206 ) ;
#2265 = FILL_AREA_STYLE_COLOUR ( '', #2180 ) ;
#2266 = ORIENTED_EDGE ( 'NONE', *, *, #793, .F. ) ;
#2267 = LINE ( 'NONE', #2486, #378 ) ;
#2268 = FILL_AREA_STYLE_COLOUR ( '', #65 ) ;
#2269 = B_SPLINE_CURVE_WITH_KNOTS ( 'NONE', 3,
 ( #3151, #3136, #798, #925, #896, #2334, #2548, #2587, #2346, #2613, #2535, #1683, #2602, #2559, #211 ),
 .UNSPECIFIED., .F., .F.,
 ( 4, 1, 1, 1, 1, 1, 1, 1, 1, 1, 1, 1, 4 ),
 ( 0.0000000000000000000, 0.05027287497458368700, 0.1027903700748774900, 0.1576131012369290900, 0.2146311133156755800, 0.2740612127265388300, 0.3356974550538851500, 0.4000702787165527100, 0.4668267493853399700, 0.6020780869193701500, 0.7357515335047494200, 0.8682046170340282900, 1.000000000000000000 ),
 .UNSPECIFIED. ) ;
#2270 = PRESENTATION_STYLE_ASSIGNMENT (( #2049 ) ) ;
#2271 = PRESENTATION_LAYER_ASSIGNMENT (  '', '', ( #1959 ) ) ;
#2272 = CARTESIAN_POINT ( 'NONE',  ( 0.9241035623546726100, 1.499000000000000600, 0.4018421818069206100 ) ) ;
#2273 = ADVANCED_FACE ( 'NONE', ( #2804 ), #108, .T. ) ;
#2274 = ORIENTED_EDGE ( 'NONE', *, *, #3047, .T. ) ;
#2275 = EDGE_LOOP ( 'NONE', ( #651, #297, #2501, #2074 ) ) ;
#2276 = SURFACE_STYLE_FILL_AREA ( #3171 ) ;
#2277 =( NAMED_UNIT ( * ) SI_UNIT ( $, .STERADIAN. ) SOLID_ANGLE_UNIT ( ) );
#2278 = DIRECTION ( 'NONE',  ( -0.0000000000000000000, 0.0000000000000000000, 1.000000000000000000 ) ) ;
#2279 = LINE ( 'NONE', #1121, #307 ) ;
#2280 = PRESENTATION_STYLE_ASSIGNMENT (( #2570 ) ) ;
#2281 = CARTESIAN_POINT ( 'NONE',  ( 1.751906728817887300, 1.499000000000000100, -0.6947704926307297600 ) ) ;
#2282 = COLOUR_RGB ( '',0.7921568627450980000, 0.8196078431372548800, 0.9333333333333333500 ) ;
#2283 = VERTEX_POINT ( 'NONE', #2815 ) ;
#2284 = FILL_AREA_STYLE ('',( #1773 ) ) ;
#2285 = FACE_OUTER_BOUND ( 'NONE', #1517, .T. ) ;
#2286 = CARTESIAN_POINT ( 'NONE',  ( -0.7821417322834622900, 1.500000000000000000, -0.02017322834645249000 ) ) ;
#2287 = MECHANICAL_DESIGN_GEOMETRIC_PRESENTATION_REPRESENTATION (  '', ( #1769 ), #2452 ) ;
#2288 = ADVANCED_FACE ( 'NONE', ( #606 ), #1821, .F. ) ;
#2289 = CARTESIAN_POINT ( 'NONE',  ( 0.7647272416384000000, 1.500000000000000000, 0.9975371996769626400 ) ) ;
#2290 = PRESENTATION_LAYER_ASSIGNMENT (  '', '', ( #1977 ) ) ;
#2291 = FACE_OUTER_BOUND ( 'NONE', #1009, .T. ) ;
#2292 = DIRECTION ( 'NONE',  ( -0.0000000000000000000, 1.000000000000000000, -0.0000000000000000000 ) ) ;
#2293 = EDGE_CURVE ( 'NONE', #1032, #2463, #2262, .T. ) ;
#2294 = DIRECTION ( 'NONE',  ( -1.000000000000000000, 0.0000000000000000000, 0.0000000000000000000 ) ) ;
#2295 = CARTESIAN_POINT ( 'NONE',  ( 0.9874513463963773300, 1.499000000000000100, -0.3227206792612262200 ) ) ;
#2296 = PRESENTATION_LAYER_ASSIGNMENT (  '', '', ( #1981 ) ) ;
#2297 = FILL_AREA_STYLE_COLOUR ( '', #1723 ) ;
#2298 = CARTESIAN_POINT ( 'NONE',  ( -1.779138873006797400, 1.499000000000000100, -1.600000000000000800 ) ) ;
#2299 = CARTESIAN_POINT ( 'NONE',  ( -1.604999999999999800, -0.1000000000000000100, 1.625000000000000000 ) ) ;
#2300 = CARTESIAN_POINT ( 'NONE',  ( -0.01897834645668995000, 1.500000000000000000, 0.4464527559055115300 ) ) ;
#2301 = LINE ( 'NONE', #220, #2976 ) ;
#2302 =( NAMED_UNIT ( * ) SI_UNIT ( $, .STERADIAN. ) SOLID_ANGLE_UNIT ( ) );
#2303 = ORIENTED_EDGE ( 'NONE', *, *, #2732, .F. ) ;
#2304 = ADVANCED_FACE ( 'NONE', ( #2943 ), #2797, .T. ) ;
#2305 = FILL_AREA_STYLE ('',( #3048 ) ) ;
#2306 = LINE ( 'NONE', #2825, #2237 ) ;
#2307 = EDGE_CURVE ( 'NONE', #2864, #349, #734, .T. ) ;
#2308 = EDGE_LOOP ( 'NONE', ( #539, #1141, #159, #1365 ) ) ;
#2309 = ORIENTED_EDGE ( 'NONE', *, *, #1240, .F. ) ;
#2310 = DIRECTION ( 'NONE',  ( 0.0000000000000000000, -0.0000000000000000000, 1.000000000000000000 ) ) ;
#2311 = DIRECTION ( 'NONE',  ( -0.0000000000000000000, 1.000000000000000000, -0.0000000000000000000 ) ) ;
#2312 = ORIENTED_EDGE ( 'NONE', *, *, #1708, .F. ) ;
#2313 = FILL_AREA_STYLE_COLOUR ( '', #1258 ) ;
#2314 = ORIENTED_EDGE ( 'NONE', *, *, #1122, .F. ) ;
#2315 = AXIS2_PLACEMENT_3D ( 'NONE', #2041, #563, #2294 ) ;
#2316 = FILL_AREA_STYLE ('',( #2812 ) ) ;
#2317 = B_SPLINE_SURFACE_WITH_KNOTS ( 'NONE', 3, 1, ( 
 ( #363, #1118 ),
 ( #908, #2053 ),
 ( #2100, #1415 ),
 ( #3036, #2840 ) ),
 .UNSPECIFIED., .F., .F., .F.,
 ( 4, 4 ),
 ( 2, 2 ),
 ( 0.5454545454545455300, 0.6363636363636364600 ),
 ( 0.0000000000000000000, 1.000000000000000000 ),
 .UNSPECIFIED. ) ;
#2318 = CARTESIAN_POINT ( 'NONE',  ( 0.7849999999999998100, -0.1000000000000000100, 1.625000000000000200 ) ) ;
#2319 = LINE ( 'NONE', #2007, #2246 ) ;
#2320 = CARTESIAN_POINT ( 'NONE',  ( -1.579138873006797000, 1.499000000000000100, -1.600000000000000800 ) ) ;
#2321 = SURFACE_STYLE_FILL_AREA ( #2408 ) ;
#2322 = CARTESIAN_POINT ( 'NONE',  ( 0.8929323698435282000, 1.500000000000000000, 0.2283064304461933400 ) ) ;
#2323 = ORIENTED_EDGE ( 'NONE', *, *, #3166, .T. ) ;
#2324 = ORIENTED_EDGE ( 'NONE', *, *, #1406, .T. ) ;
#2325 = DIRECTION ( 'NONE',  ( 0.0000000000000000000, 1.000000000000000000, -0.0000000000000000000 ) ) ;
#2326 = CARTESIAN_POINT ( 'NONE',  ( 1.604999999999999800, -0.1000000000000000100, 1.625000000000000400 ) ) ;
#2327 = DIRECTION ( 'NONE',  ( 1.000000000000000000, -0.0000000000000000000, -2.644395542647572300E-016 ) ) ;
#2328 = PRESENTATION_STYLE_ASSIGNMENT (( #1673 ) ) ;
#2329 = CARTESIAN_POINT ( 'NONE',  ( -0.6245137795275572700, 1.499000000000000100, -0.4582499999999971600 ) ) ;
#2330 = DIRECTION ( 'NONE',  ( -0.0000000000000000000, 1.000000000000000000, -0.0000000000000000000 ) ) ;
#2331 = PRESENTATION_STYLE_ASSIGNMENT (( #1120 ) ) ;
#2332 = FILL_AREA_STYLE ('',( #601 ) ) ;
#2333 =( NAMED_UNIT ( * ) PLANE_ANGLE_UNIT ( ) SI_UNIT ( $, .RADIAN. ) );
#2334 = CARTESIAN_POINT ( 'NONE',  ( 0.9874513463963773300, 1.500000000000000000, 0.4465100899695430600 ) ) ;
#2335 = MECHANICAL_DESIGN_GEOMETRIC_PRESENTATION_REPRESENTATION (  '', ( #1812 ), #2484 ) ;
#2336 = SURFACE_STYLE_USAGE ( .BOTH. , #605 ) ;
#2337 = DIRECTION ( 'NONE',  ( 0.0000000000000000000, 0.0000000000000000000, -1.000000000000000000 ) ) ;
#2338 = UNCERTAINTY_MEASURE_WITH_UNIT (LENGTH_MEASURE( 1.000000000000000100E-005 ), #1328, 'distance_accuracy_value', 'NONE');
#2339 = AXIS2_PLACEMENT_3D ( 'NONE', #226, #262, #271 ) ;
#2340 = SURFACE_SIDE_STYLE ('',( #2525 ) ) ;
#2341 = ORIENTED_EDGE ( 'NONE', *, *, #1902, .F. ) ;
#2342 = UNCERTAINTY_MEASURE_WITH_UNIT (LENGTH_MEASURE( 1.000000000000000100E-005 ), #689, 'distance_accuracy_value', 'NONE');
#2343 = CARTESIAN_POINT ( 'NONE',  ( 1.690025797102462600, 1.500000000000000000, -0.6985067688450865600 ) ) ;
#2344 = ORIENTED_EDGE ( 'NONE', *, *, #2514, .F. ) ;
#2345 =( NAMED_UNIT ( * ) PLANE_ANGLE_UNIT ( ) SI_UNIT ( $, .RADIAN. ) );
#2346 = CARTESIAN_POINT ( 'NONE',  ( 1.097244454863652900, 1.500000000000000200, 0.5132018084446808800 ) ) ;
#2347 = CARTESIAN_POINT ( 'NONE',  ( 1.690025797102462600, 1.499000000000000300, -0.6985067688450865600 ) ) ;
#2348 = DIRECTION ( 'NONE',  ( -1.000000000000000000, 0.0000000000000000000, -0.0000000000000000000 ) ) ;
#2349 = VERTEX_POINT ( 'NONE', #2666 ) ;
#2350 = CARTESIAN_POINT ( 'NONE',  ( 1.751906728817887300, 1.499000000000000100, 0.8436910458308086700 ) ) ;
#2351 = FACE_OUTER_BOUND ( 'NONE', #1596, .T. ) ;
#2352 = CARTESIAN_POINT ( 'NONE',  ( -0.7849999999999995900, 0.0000000000000000000, 1.625000000000000000 ) ) ;
#2353 = EDGE_LOOP ( 'NONE', ( #1037, #608, #515, #707 ) ) ;
#2354 = LINE ( 'NONE', #2673, #1607 ) ;
#2355 = CARTESIAN_POINT ( 'NONE',  ( 1.387797039204568400, 1.498999999999999700, -0.7666426674605212300 ) ) ;
#2356 = COLOUR_RGB ( '',1.000000000000000000, 1.000000000000000000, 1.000000000000000000 ) ;
#2357 = PRESENTATION_LAYER_ASSIGNMENT (  '', '', ( #2014 ) ) ;
#2358 = ORIENTED_EDGE ( 'NONE', *, *, #766, .T. ) ;
#2359 = CARTESIAN_POINT ( 'NONE',  ( 1.043424900257970300, 1.498999999999999900, -0.9378012571928553400 ) ) ;
#2360 = STYLED_ITEM ( 'NONE', ( #1984 ), #1635 ) ;
#2361 = CARTESIAN_POINT ( 'NONE',  ( 0.7647272416384000000, 1.499000000000000100, 0.2283064304461933400 ) ) ;
#2362 = CARTESIAN_POINT ( 'NONE',  ( 1.604999999999999800, 0.0000000000000000000, -1.625000000000000400 ) ) ;
#2363 = VERTEX_POINT ( 'NONE', #444 ) ;
#2364 = CARTESIAN_POINT ( 'NONE',  ( 1.114153073453910000, 1.500000000000000400, 0.6444479625238122000 ) ) ;
#2365 = FACE_OUTER_BOUND ( 'NONE', #1561, .T. ) ;
#2366 = STYLED_ITEM ( 'NONE', ( #1199 ), #3006 ) ;
#2367 = CARTESIAN_POINT ( 'NONE',  ( 0.8929323698435282000, 1.500000000000000000, 0.2283064304461933400 ) ) ;
#2368 = COLOUR_RGB ( '',1.000000000000000000, 1.000000000000000000, 1.000000000000000000 ) ;
#2369 = CARTESIAN_POINT ( 'NONE',  ( 1.043424900257970300, 1.499999999999999600, -0.9378012571928553400 ) ) ;
#2370 = ORIENTED_EDGE ( 'NONE', *, *, #2901, .F. ) ;
#2371 = ORIENTED_EDGE ( 'NONE', *, *, #978, .T. ) ;
#2372 = SURFACE_SIDE_STYLE ('',( #585 ) ) ;
#2373 = EDGE_CURVE ( 'NONE', #2900, #385, #1513, .T. ) ;
#2374 = CARTESIAN_POINT ( 'NONE',  ( 1.501180092310290000, 1.499000000000000300, 0.6767467364519983400 ) ) ;
#2375 = CARTESIAN_POINT ( 'NONE',  ( -0.8876929133858242300, 1.500000000000000000, -0.2407657480314929800 ) ) ;
#2376 = DIRECTION ( 'NONE',  ( -0.0000000000000000000, 1.000000000000000000, -0.0000000000000000000 ) ) ;
#2377 = CARTESIAN_POINT ( 'NONE',  ( 1.501180092310289600, 1.500000000000000000, -0.8617148020095404300 ) ) ;
#2378 =( NAMED_UNIT ( * ) SI_UNIT ( $, .STERADIAN. ) SOLID_ANGLE_UNIT ( ) );
#2379 = CARTESIAN_POINT ( 'NONE',  ( 0.8929323698435282000, 1.499000000000000100, 0.4847166868564497000 ) ) ;
#2380 = PLANE ( 'NONE',  #1642 ) ;
#2381 = STYLED_ITEM ( 'NONE', ( #3022 ), #1287 ) ;
#2382 = CARTESIAN_POINT ( 'NONE',  ( 0.3034625984251982900, 1.499000000000000100, 0.0000000000000000000 ) ) ;
#2383 = UNCERTAINTY_MEASURE_WITH_UNIT (LENGTH_MEASURE( 1.000000000000000100E-005 ), #1087, 'distance_accuracy_value', 'NONE');
#2384 = EDGE_CURVE ( 'NONE', #991, #914, #2704, .T. ) ;
#2385 = CARTESIAN_POINT ( 'NONE',  ( 1.220722731398701900, 1.500000000000000200, 0.5771922221939532700 ) ) ;
#2386 = ADVANCED_FACE ( 'NONE', ( #1281, #2616, #57, #1969, #649, #3215 ), #1928, .F. ) ;
#2387 = COLOUR_RGB ( '',1.000000000000000000, 1.000000000000000000, 1.000000000000000000 ) ;
#2388 = VECTOR ( 'NONE', #817, 1000.000000000000000 ) ;
#2389 = SURFACE_STYLE_USAGE ( .BOTH. , #670 ) ;
#2390 = CARTESIAN_POINT ( 'NONE',  ( -0.7849999999999995900, -0.1000000000000000100, -1.625000000000000000 ) ) ;
#2391 = EDGE_LOOP ( 'NONE', ( #2939, #3190, #1700, #223 ) ) ;
#2392 = CARTESIAN_POINT ( 'NONE',  ( 1.114153073453910000, 1.499000000000000300, 0.6444479625238122000 ) ) ;
#2393 = EDGE_LOOP ( 'NONE', ( #2960, #289, #1335, #1368 ) ) ;
#2394 = CARTESIAN_POINT ( 'NONE',  ( -0.2283818897637797400, 1.499000000000000100, -0.3280688976377950600 ) ) ;
#2395 = CARTESIAN_POINT ( 'NONE',  ( -0.6245137795275572700, 1.499000000000000100, -0.4582499999999971600 ) ) ;
#2396 = CARTESIAN_POINT ( 'NONE',  ( 0.3034625984251982900, 1.499000000000000100, 0.0000000000000000000 ) ) ;
#2397 = ORIENTED_EDGE ( 'NONE', *, *, #356, .F. ) ;
#2398 = FILL_AREA_STYLE ('',( #701 ) ) ;
#2399 = EDGE_CURVE ( 'NONE', #2948, #1346, #549, .T. ) ;
#2400 = FILL_AREA_STYLE_COLOUR ( '', #467 ) ;
#2401 = FILL_AREA_STYLE ('',( #176 ) ) ;
#2402 = DIRECTION ( 'NONE',  ( 1.000000000000000000, 0.0000000000000000000, 0.0000000000000000000 ) ) ;
#2403 = ORIENTED_EDGE ( 'NONE', *, *, #2068, .F. ) ;
#2404 = CARTESIAN_POINT ( 'NONE',  ( 0.7647272416384000000, 1.499000000000000100, 0.3565115586513215000 ) ) ;
#2405 = CARTESIAN_POINT ( 'NONE',  ( 1.480071792920451400, 1.500000000000000000, -0.09801568493842208200 ) ) ;
#2406 = COLOUR_RGB ( '',0.8274509803921568100, 0.8392156862745098200, 0.8274509803921568100 ) ;
#2407 =( NAMED_UNIT ( * ) PLANE_ANGLE_UNIT ( ) SI_UNIT ( $, .RADIAN. ) );
#2408 = FILL_AREA_STYLE ('',( #1169 ) ) ;
#2409 = LINE ( 'NONE', #2843, #1674 ) ;
#2410 = CARTESIAN_POINT ( 'NONE',  ( -0.7046437007874008000, 1.499000000000000100, -0.1909606299212582800 ) ) ;
#2411 = EDGE_CURVE ( 'NONE', #930, #2363, #2236, .T. ) ;
#2412 = PRESENTATION_STYLE_ASSIGNMENT (( #1680 ) ) ;
#2413 = FILL_AREA_STYLE ('',( #2597 ) ) ;
#2414 = CARTESIAN_POINT ( 'NONE',  ( 0.7647272416384000000, 1.499000000000000100, 0.2283064304461933400 ) ) ;
#2415 = AXIS2_PLACEMENT_3D ( 'NONE', #1088, #2829, #1333 ) ;
#2416 = CARTESIAN_POINT ( 'NONE',  ( -0.8876929133858242300, 1.499000000000000100, -0.2407657480314929800 ) ) ;
#2417 = EDGE_CURVE ( 'NONE', #1533, #3011, #2301, .T. ) ;
#2418 =( LENGTH_UNIT ( ) NAMED_UNIT ( * ) SI_UNIT ( .MILLI., .METRE. ) );
#2419 = FILL_AREA_STYLE ('',( #2183 ) ) ;
#2420 = MECHANICAL_DESIGN_GEOMETRIC_PRESENTATION_REPRESENTATION (  '', ( #1929 ), #2578 ) ;
#2421 = FILL_AREA_STYLE ('',( #3180 ) ) ;
#2422 = SURFACE_SIDE_STYLE ('',( #2192 ) ) ;
#2423 = CARTESIAN_POINT ( 'NONE',  ( 0.5016948818897674100, 1.500000000000000000, 0.3696161417322832400 ) ) ;
#2424 = ORIENTED_EDGE ( 'NONE', *, *, #2633, .F. ) ;
#2425 = CARTESIAN_POINT ( 'NONE',  ( 1.114153073453909800, 1.499999999999999800, -0.8940135759377260100 ) ) ;
#2426 = LINE ( 'NONE', #87, #1095 ) ;
#2427 = CARTESIAN_POINT ( 'NONE',  ( -2.149999999999999900, 1.500000000000000000, -2.149999999999999900 ) ) ;
#2428 = VERTEX_POINT ( 'NONE', #1957 ) ;
#2429 = CARTESIAN_POINT ( 'NONE',  ( -0.3143562992125948400, 1.499000000000000100, 0.5383602362204742400 ) ) ;
#2430 = CARTESIAN_POINT ( 'NONE',  ( -1.779138873006797400, 1.500000000000000000, 1.599999999999999400 ) ) ;
#2431 = EDGE_CURVE ( 'NONE', #385, #930, #1757, .T. ) ;
#2432 = VECTOR ( 'NONE', #1186, 1000.000000000000000 ) ;
#2433 = ORIENTED_EDGE ( 'NONE', *, *, #910, .T. ) ;
#2434 = ORIENTED_EDGE ( 'NONE', *, *, #1341, .T. ) ;
#2435 = UNCERTAINTY_MEASURE_WITH_UNIT (LENGTH_MEASURE( 1.000000000000000100E-005 ), #1105, 'distance_accuracy_value', 'NONE');
#2436 = EDGE_LOOP ( 'NONE', ( #617, #2530, #569, #1001 ) ) ;
#2437 = CARTESIAN_POINT ( 'NONE',  ( 0.4841181102362233100, 1.500000000000000000, -0.1780492125984266000 ) ) ;
#2438 = UNCERTAINTY_MEASURE_WITH_UNIT (LENGTH_MEASURE( 1.000000000000000100E-005 ), #2009, 'distance_accuracy_value', 'NONE');
#2439 = CARTESIAN_POINT ( 'NONE',  ( 1.622536821247664100, 1.500000000000000000, 0.06173885209046914300 ) ) ;
#2440 = EDGE_LOOP ( 'NONE', ( #2521, #1215, #1553, #2341 ) ) ;
#2441 = PRESENTATION_STYLE_ASSIGNMENT (( #1113 ) ) ;
#2442 = VERTEX_POINT ( 'NONE', #1448 ) ;
#2443 = MECHANICAL_DESIGN_GEOMETRIC_PRESENTATION_REPRESENTATION (  '', ( #1959 ), #2607 ) ;
#2444 = CARTESIAN_POINT ( 'NONE',  ( -0.4974094488188985900, 1.500000000000000000, -0.4830787401574795400 ) ) ;
#2445 = PRESENTATION_STYLE_ASSIGNMENT (( #2678 ) ) ;
#2446 = SURFACE_SIDE_STYLE ('',( #1622 ) ) ;
#2447 = DIRECTION ( 'NONE',  ( -0.0000000000000000000, -0.0000000000000000000, -1.000000000000000000 ) ) ;
#2448 = PRESENTATION_STYLE_ASSIGNMENT (( #1563 ) ) ;
#2449 = CARTESIAN_POINT ( 'NONE',  ( 1.751906728817887300, 1.499000000000000100, -0.05374485160508873900 ) ) ;
#2450 = CARTESIAN_POINT ( 'NONE',  ( 1.509960204297905900, 1.499999999999999800, 0.8067986815604110100 ) ) ;
#2451 =( NAMED_UNIT ( * ) PLANE_ANGLE_UNIT ( ) SI_UNIT ( $, .RADIAN. ) );
#2452 =( GEOMETRIC_REPRESENTATION_CONTEXT ( 3 ) GLOBAL_UNCERTAINTY_ASSIGNED_CONTEXT ( ( #2685 ) ) GLOBAL_UNIT_ASSIGNED_CONTEXT ( ( #1927, #427, #2378 ) ) REPRESENTATION_CONTEXT ( 'NONE', 'WORKASPACE' ) );
#2453 = DIRECTION ( 'NONE',  ( -1.000000000000000000, -0.0000000000000000000, -0.0000000000000000000 ) ) ;
#2454 = CARTESIAN_POINT ( 'NONE',  ( 0.9018817286005941200, 1.499000000000000300, 0.4927387577362614700 ) ) ;
#2455 = CARTESIAN_POINT ( 'NONE',  ( 0.9018817286005941200, 1.500000000000000200, 0.4927387577362614700 ) ) ;
#2456 = MECHANICAL_DESIGN_GEOMETRIC_PRESENTATION_REPRESENTATION (  '', ( #1977 ), #2630 ) ;
#2457 = VECTOR ( 'NONE', #2292, 1000.000000000000000 ) ;
#2458 = CARTESIAN_POINT ( 'NONE',  ( 1.586545031820005600, 1.500000000000000000, 0.05505218495456507700 ) ) ;
#2459 = ORIENTED_EDGE ( 'NONE', *, *, #576, .F. ) ;
#2460 = EDGE_CURVE ( 'NONE', #2778, #3053, #2489, .T. ) ;
#2461 = VECTOR ( 'NONE', #808, 1000.000000000000000 ) ;
#2462 = MECHANICAL_DESIGN_GEOMETRIC_PRESENTATION_REPRESENTATION (  '', ( #1981 ), #2635 ) ;
#2463 = VERTEX_POINT ( 'NONE', #2430 ) ;
#2464 = CARTESIAN_POINT ( 'NONE',  ( 0.4893720472440967200, 1.500000000000000000, -0.01437007874015880200 ) ) ;
#2465 = DIRECTION ( 'NONE',  ( -1.000000000000000000, 0.0000000000000000000, 0.0000000000000000000 ) ) ;
#2466 =( NAMED_UNIT ( * ) PLANE_ANGLE_UNIT ( ) SI_UNIT ( $, .RADIAN. ) );
#2467 = CARTESIAN_POINT ( 'NONE',  ( 1.690025797102461900, 1.500000000000000000, 0.07072400038568282800 ) ) ;
#2468 = ORIENTED_EDGE ( 'NONE', *, *, #82, .T. ) ;
#2469 = STYLED_ITEM ( 'NONE', ( #1518 ), #2138 ) ;
#2470 = PRESENTATION_STYLE_ASSIGNMENT (( #2634 ) ) ;
#2471 = EDGE_CURVE ( 'NONE', #2027, #1107, #329, .T. ) ;
#2472 = ORIENTED_EDGE ( 'NONE', *, *, #1592, .T. ) ;
#2473 = COLOUR_RGB ( '',1.000000000000000000, 1.000000000000000000, 1.000000000000000000 ) ;
#2474 = DIRECTION ( 'NONE',  ( -0.0000000000000000000, 1.000000000000000000, -0.0000000000000000000 ) ) ;
#2475 = UNCERTAINTY_MEASURE_WITH_UNIT (LENGTH_MEASURE( 1.000000000000000100E-005 ), #1408, 'distance_accuracy_value', 'NONE');
#2476 = CARTESIAN_POINT ( 'NONE',  ( 0.2987224409448851500, 1.500000000000000000, 0.3424035433070868300 ) ) ;
#2477 = COLOUR_RGB ( '',0.8274509803921568100, 0.8392156862745098200, 0.8274509803921568100 ) ;
#2478 = B_SPLINE_CURVE_WITH_KNOTS ( 'NONE', 3,
 ( #815, #3060, #1801, #337 ),
 .UNSPECIFIED., .F., .F.,
 ( 4, 4 ),
 ( 0.8181818181818183400, 0.9090909090909092800 ),
 .UNSPECIFIED. ) ;
#2479 = CARTESIAN_POINT ( 'NONE',  ( 1.721481405670426200, 1.499000000000000300, 0.07352039776106124300 ) ) ;
#2480 = PRESENTATION_LAYER_ASSIGNMENT (  '', '', ( #2159 ) ) ;
#2481 = DIRECTION ( 'NONE',  ( 0.0000000000000000000, 0.0000000000000000000, 1.000000000000000000 ) ) ;
#2482 = CARTESIAN_POINT ( 'NONE',  ( 1.751906728817887300, 1.499000000000000100, 0.07446027660003949600 ) ) ;
#2483 = PRESENTATION_STYLE_ASSIGNMENT (( #2846 ) ) ;
#2484 =( GEOMETRIC_REPRESENTATION_CONTEXT ( 3 ) GLOBAL_UNCERTAINTY_ASSIGNED_CONTEXT ( ( #2561 ) ) GLOBAL_UNIT_ASSIGNED_CONTEXT ( ( #2609, #1772, #1678 ) ) REPRESENTATION_CONTEXT ( 'NONE', 'WORKASPACE' ) );
#2485 = STYLED_ITEM ( 'NONE', ( #3223 ), #89 ) ;
#2486 = CARTESIAN_POINT ( 'NONE',  ( -1.579138873006797000, 1.500000000000000000, -1.600000000000000800 ) ) ;
#2487 = CARTESIAN_POINT ( 'NONE',  ( 0.9200193266988364600, 1.499000000000000100, 0.5089970284664140400 ) ) ;
#2488 = COLOUR_RGB ( '',1.000000000000000000, 1.000000000000000000, 1.000000000000000000 ) ;
#2489 = B_SPLINE_CURVE_WITH_KNOTS ( 'NONE', 3,
 ( #1706, #2955, #3209, #230, #1966, #483, #2213, #733, #2450, #971, #2711, #1208, #2965, #1460, #3214, #1713, #238, #1976, #493, #2223, #745, #2455, #987 ),
 .UNSPECIFIED., .F., .F.,
 ( 4, 1, 1, 1, 1, 1, 1, 1, 1, 1, 1, 1, 1, 1, 1, 1, 1, 1, 1, 1, 4 ),
 ( 0.0000000000000000000, 0.03151551312998482300, 0.06480979674365733300, 0.09991169883527546700, 0.1366755286001708800, 0.1751432978746824700, 0.2157650117082456900, 0.2581569125231217800, 0.3022930440652045700, 0.3927408518774001000, 0.4832984694610615900, 0.5744114847371660800, 0.6664774093514971300, 0.7120107481430552100, 0.7563744975915032100, 0.7998154803065208300, 0.8419616993485902200, 0.8828431755911847500, 0.9229180315891946100, 0.9619666184423849600, 1.000000000000000000 ),
 .UNSPECIFIED. ) ;
#2490 = PRESENTATION_LAYER_ASSIGNMENT (  '', '', ( #2186 ) ) ;
#2491 = VECTOR ( 'NONE', #116, 1000.000000000000000 ) ;
#2492 = B_SPLINE_SURFACE_WITH_KNOTS ( 'NONE', 3, 1, ( 
 ( #456, #3079 ),
 ( #2131, #2621 ),
 ( #2598, #2423 ),
 ( #1092, #942 ) ),
 .UNSPECIFIED., .F., .F., .F.,
 ( 4, 4 ),
 ( 2, 2 ),
 ( 0.09090909090909091200, 0.1818181818181818200 ),
 ( 0.0000000000000000000, 1.000000000000000000 ),
 .UNSPECIFIED. ) ;
#2493 = CARTESIAN_POINT ( 'NONE',  ( 1.228230476123695500, 1.499999999999999300, -0.06291714085651428600 ) ) ;
#2494 = ORIENTED_EDGE ( 'NONE', *, *, #1737, .T. ) ;
#2495 = ORIENTED_EDGE ( 'NONE', *, *, #1564, .T. ) ;
#2496 = CARTESIAN_POINT ( 'NONE',  ( -0.7849999999999995900, -0.0000000000000000000, -1.625000000000000000 ) ) ;
#2497 = LINE ( 'NONE', #1543, #625 ) ;
#2498 = LINE ( 'NONE', #698, #1841 ) ;
#2499 = ORIENTED_EDGE ( 'NONE', *, *, #924, .T. ) ;
#2500 = SURFACE_STYLE_FILL_AREA ( #1910 ) ;
#2501 = ORIENTED_EDGE ( 'NONE', *, *, #2747, .F. ) ;
#2502 = MECHANICAL_DESIGN_GEOMETRIC_PRESENTATION_REPRESENTATION (  '', ( #2014 ), #2696 ) ;
#2503 = ADVANCED_FACE ( 'NONE', ( #1551 ), #2954, .T. ) ;
#2504 = VECTOR ( 'NONE', #928, 1000.000000000000000 ) ;
#2505 = CARTESIAN_POINT ( 'NONE',  ( 0.7647272416384000000, 1.500000000000000000, -0.4127192105794477200 ) ) ;
#2506 = ORIENTED_EDGE ( 'NONE', *, *, #2130, .T. ) ;
#2507 = CARTESIAN_POINT ( 'NONE',  ( 1.751906728817887300, 1.499000000000000100, 0.07446027660003949600 ) ) ;
#2508 = VECTOR ( 'NONE', #3083, 1000.000000000000000 ) ;
#2509 = CARTESIAN_POINT ( 'NONE',  ( 0.8953625233604828300, 1.499000000000000300, 0.3794880218240207500 ) ) ;
#2510 = LINE ( 'NONE', #687, #1270 ) ;
#2511 = AXIS2_PLACEMENT_3D ( 'NONE', #1398, #3154, #1650 ) ;
#2512 = CARTESIAN_POINT ( 'NONE',  ( 0.7647272416384000000, 1.500000000000000000, -1.181949979810216900 ) ) ;
#2513 = CARTESIAN_POINT ( 'NONE',  ( 0.3034625984251982900, 1.500000000000000000, 0.0000000000000000000 ) ) ;
#2514 = EDGE_CURVE ( 'NONE', #2995, #349, #1284, .T. ) ;
#2515 = ADVANCED_FACE ( 'NONE', ( #1996 ), #54, .T. ) ;
#2516 = FILL_AREA_STYLE_COLOUR ( '', #2664 ) ;
#2517 = CARTESIAN_POINT ( 'NONE',  ( 1.751906728817887300, 1.500000000000000000, 0.7154859176256804800 ) ) ;
#2518 = COLOUR_RGB ( '',0.1921568627450980200, 0.2039215686274509800, 0.2039215686274509800 ) ;
#2519 = CARTESIAN_POINT ( 'NONE',  ( 1.586545031820005400, 1.500000000000000200, 0.8242829541853342600 ) ) ;
#2520 = ORIENTED_EDGE ( 'NONE', *, *, #1716, .T. ) ;
#2521 = ORIENTED_EDGE ( 'NONE', *, *, #766, .F. ) ;
#2522 = FILL_AREA_STYLE_COLOUR ( '', #757 ) ;
#2523 = VECTOR ( 'NONE', #500, 1000.000000000000000 ) ;
#2524 = ORIENTED_EDGE ( 'NONE', *, *, #151, .F. ) ;
#2525 = SURFACE_STYLE_FILL_AREA ( #849 ) ;
#2526 = FILL_AREA_STYLE_COLOUR ( '', #1787 ) ;
#2527 = SURFACE_STYLE_USAGE ( .BOTH. , #2422 ) ;
#2528 = AXIS2_PLACEMENT_3D ( 'NONE', #1963, #1953, #1923 ) ;
#2529 = CARTESIAN_POINT ( 'NONE',  ( -0.8562519685039373700, 1.500000000000000000, -0.3500551181102321600 ) ) ;
#2530 = ORIENTED_EDGE ( 'NONE', *, *, #2945, .F. ) ;
#2531 = ORIENTED_EDGE ( 'NONE', *, *, #1732, .T. ) ;
#2532 = CARTESIAN_POINT ( 'NONE',  ( 0.7647272416384000000, 1.499000000000000100, -0.5409243387845759100 ) ) ;
#2533 = EDGE_CURVE ( 'NONE', #541, #119, #1344, .T. ) ;
#2534 = SURFACE_SIDE_STYLE ('',( #2173 ) ) ;
#2535 = CARTESIAN_POINT ( 'NONE',  ( 1.220722731398701900, 1.500000000000000200, 0.5771922221939532700 ) ) ;
#2536 = VERTEX_POINT ( 'NONE', #2532 ) ;
#2537 = ADVANCED_FACE ( 'NONE', ( #38 ), #1049, .F. ) ;
#2538 = VECTOR ( 'NONE', #2311, 1000.000000000000000 ) ;
#2539 = COLOUR_RGB ( '',1.000000000000000000, 1.000000000000000000, 1.000000000000000000 ) ;
#2540 = CARTESIAN_POINT ( 'NONE',  ( -0.3166751968503908100, 1.500000000000000000, 0.3254724409448839200 ) ) ;
#2541 = CARTESIAN_POINT ( 'NONE',  ( 0.2987224409448851500, 1.499000000000000100, 0.3424035433070868300 ) ) ;
#2542 = DIRECTION ( 'NONE',  ( -0.0000000000000000000, 1.000000000000000000, -0.0000000000000000000 ) ) ;
#2543 = VECTOR ( 'NONE', #1361, 1000.000000000000000 ) ;
#2544 = ORIENTED_EDGE ( 'NONE', *, *, #1203, .T. ) ;
#2545 = LINE ( 'NONE', #607, #1306 ) ;
#2546 = CARTESIAN_POINT ( 'NONE',  ( 1.604999999999999800, -0.1000000000000000100, -1.625000000000000400 ) ) ;
#2547 =( LENGTH_UNIT ( ) NAMED_UNIT ( * ) SI_UNIT ( .MILLI., .METRE. ) );
#2548 = CARTESIAN_POINT ( 'NONE',  ( 1.022092828796336200, 1.500000000000000200, 0.4686843283626304600 ) ) ;
#2549 = VECTOR ( 'NONE', #1089, 1000.000000000000000 ) ;
#2550 = PRESENTATION_LAYER_ASSIGNMENT (  '', '', ( #2232 ) ) ;
#2551 = EDGE_CURVE ( 'NONE', #1481, #2611, #2478, .T. ) ;
#2552 = B_SPLINE_SURFACE_WITH_KNOTS ( 'NONE', 3, 1, ( 
 ( #2908, #121 ),
 ( #128, #178 ),
 ( #201, #215 ),
 ( #139, #79 ) ),
 .UNSPECIFIED., .F., .F., .F.,
 ( 4, 4 ),
 ( 2, 2 ),
 ( 0.0000000000000000000, 0.09090909090909091200 ),
 ( 0.0000000000000000000, 1.000000000000000000 ),
 .UNSPECIFIED. ) ;
#2553 =( NAMED_UNIT ( * ) SI_UNIT ( $, .STERADIAN. ) SOLID_ANGLE_UNIT ( ) );
#2554 = CARTESIAN_POINT ( 'NONE',  ( 1.480071792920451400, 1.500000000000000400, -0.8672464541691913300 ) ) ;
#2555 = CARTESIAN_POINT ( 'NONE',  ( 0.3034625984251982900, 1.499000000000000100, 0.0000000000000000000 ) ) ;
#2556 = PLANE ( 'NONE',  #966 ) ;
#2557 = CARTESIAN_POINT ( 'NONE',  ( -0.6245137795275572700, 1.499000000000000100, -0.4582499999999971600 ) ) ;
#2558 = DIRECTION ( 'NONE',  ( 0.0000000000000000000, -0.0000000000000000000, -1.000000000000000000 ) ) ;
#2559 = CARTESIAN_POINT ( 'NONE',  ( 1.450844423491869200, 1.500000000000000200, 0.6626849795028626500 ) ) ;
#2560 = FILL_AREA_STYLE ('',( #2522 ) ) ;
#2561 = UNCERTAINTY_MEASURE_WITH_UNIT (LENGTH_MEASURE( 1.000000000000000100E-005 ), #2609, 'distance_accuracy_value', 'NONE');
#2562 = DIRECTION ( 'NONE',  ( -0.0000000000000000000, -1.000000000000000000, -0.0000000000000000000 ) ) ;
#2563 = ORIENTED_EDGE ( 'NONE', *, *, #2227, .F. ) ;
#2564 = EDGE_CURVE ( 'NONE', #3127, #611, #302, .T. ) ;
#2565 = CARTESIAN_POINT ( 'NONE',  ( 2.149999999999999900, 0.0000000000000000000, 2.149999999999999900 ) ) ;
#2567 = VECTOR ( 'NONE', #2038, 1000.000000000000000 ) ;
#2566 = CARTESIAN_POINT ( 'NONE',  ( 0.8929323698435283100, 1.499000000000000300, 0.4847166868564497500 ) ) ;
#2568 = CARTESIAN_POINT ( 'NONE',  ( 0.7647272416384000000, 1.500000000000000000, 0.2283064304461933400 ) ) ;
#2569 = UNCERTAINTY_MEASURE_WITH_UNIT (LENGTH_MEASURE( 1.000000000000000100E-005 ), #251, 'distance_accuracy_value', 'NONE');
#2570 = SURFACE_STYLE_USAGE ( .BOTH. , #837 ) ;
#2571 = PRESENTATION_LAYER_ASSIGNMENT (  '', '', ( #2253 ) ) ;
#2572 = VECTOR ( 'NONE', #640, 1000.000000000000000 ) ;
#2573 = CARTESIAN_POINT ( 'NONE',  ( 0.7849999999999998100, -0.1000000000000000100, 1.625000000000000200 ) ) ;
#2574 = EDGE_CURVE ( 'NONE', #3008, #1329, #1705, .T. ) ;
#2575 = EDGE_LOOP ( 'NONE', ( #2314, #2203, #863, #2762 ) ) ;
#2576 = SURFACE_STYLE_FILL_AREA ( #2997 ) ;
#2577 =( NAMED_UNIT ( * ) PLANE_ANGLE_UNIT ( ) SI_UNIT ( $, .RADIAN. ) );
#2578 =( GEOMETRIC_REPRESENTATION_CONTEXT ( 3 ) GLOBAL_UNCERTAINTY_ASSIGNED_CONTEXT ( ( #1745 ) ) GLOBAL_UNIT_ASSIGNED_CONTEXT ( ( #177, #163, #43 ) ) REPRESENTATION_CONTEXT ( 'NONE', 'WORKASPACE' ) );
#2579 = SURFACE_SIDE_STYLE ('',( #1991 ) ) ;
#2580 = CARTESIAN_POINT ( 'NONE',  ( -0.7046437007874008000, 1.500000000000000000, -0.1909606299212582800 ) ) ;
#2581 = ORIENTED_EDGE ( 'NONE', *, *, #2533, .T. ) ;
#2582 =( NAMED_UNIT ( * ) SI_UNIT ( $, .STERADIAN. ) SOLID_ANGLE_UNIT ( ) );
#2583 = CARTESIAN_POINT ( 'NONE',  ( 1.610805886107622000, 1.499999999999999600, -0.06891155304310434000 ) ) ;
#2584 = STYLED_ITEM ( 'NONE', ( #199 ), #2786 ) ;
#2585 = PLANE ( 'NONE',  #463 ) ;
#2586 = CARTESIAN_POINT ( 'NONE',  ( 1.657007087844693600, 1.500000000000000000, -0.7022313145972835000 ) ) ;
#2587 = CARTESIAN_POINT ( 'NONE',  ( 1.058640297848006500, 1.500000000000000000, 0.4910165115586687100 ) ) ;
#2588 = ORIENTED_EDGE ( 'NONE', *, *, #587, .F. ) ;
#2589 = PRESENTATION_STYLE_ASSIGNMENT (( #2845 ) ) ;
#2590 = CARTESIAN_POINT ( 'NONE',  ( 1.622536821247663900, 1.499000000000000100, -0.7074919171402999100 ) ) ;
#2591 = COLOUR_RGB ( '',0.8274509803921568100, 0.8392156862745098200, 0.8274509803921568100 ) ;
#2592 = SURFACE_STYLE_USAGE ( .BOTH. , #2579 ) ;
#2593 = ORIENTED_EDGE ( 'NONE', *, *, #2247, .T. ) ;
#2594 = EDGE_LOOP ( 'NONE', ( #2682, #2459, #1868, #2303 ) ) ;
#2595 = EDGE_CURVE ( 'NONE', #68, #3127, #3016, .T. ) ;
#2596 = STYLED_ITEM ( 'NONE', ( #973 ), #1597 ) ;
#2597 = FILL_AREA_STYLE_COLOUR ( '', #2836 ) ;
#2598 = CARTESIAN_POINT ( 'NONE',  ( 0.5016948818897674100, 1.499000000000000100, 0.3696161417322832400 ) ) ;
#2599 = LINE ( 'NONE', #416, #1956 ) ;
#2600 =( NAMED_UNIT ( * ) PLANE_ANGLE_UNIT ( ) SI_UNIT ( $, .RADIAN. ) );
#2601 = CARTESIAN_POINT ( 'NONE',  ( 1.307326258058622500, 1.499000000000001000, -0.7970554224645335400 ) ) ;
#2602 = CARTESIAN_POINT ( 'NONE',  ( 1.392243830835394800, 1.500000000000000200, 0.6455822020083957800 ) ) ;
#2603 = LINE ( 'NONE', #1327, #722 ) ;
#2604 = CARTESIAN_POINT ( 'NONE',  ( 0.9787168691373976400, 1.498999999999999900, -0.9828709766662012700 ) ) ;
#2605 =( LENGTH_UNIT ( ) NAMED_UNIT ( * ) SI_UNIT ( .MILLI., .METRE. ) );
#2606 =( NAMED_UNIT ( * ) SI_UNIT ( $, .STERADIAN. ) SOLID_ANGLE_UNIT ( ) );
#2607 =( GEOMETRIC_REPRESENTATION_CONTEXT ( 3 ) GLOBAL_UNCERTAINTY_ASSIGNED_CONTEXT ( ( #621 ) ) GLOBAL_UNIT_ASSIGNED_CONTEXT ( ( #2734, #2728, #3017 ) ) REPRESENTATION_CONTEXT ( 'NONE', 'WORKASPACE' ) );
#2608 = CARTESIAN_POINT ( 'NONE',  ( 1.480071792920451400, 1.499000000000000100, 0.6712150842923471100 ) ) ;
#2609 =( LENGTH_UNIT ( ) NAMED_UNIT ( * ) SI_UNIT ( .MILLI., .METRE. ) );
#2610 = DIRECTION ( 'NONE',  ( -0.0000000000000000000, 0.0000000000000000000, 1.000000000000000000 ) ) ;
#2611 = VERTEX_POINT ( 'NONE', #3072 ) ;
#2612 = CARTESIAN_POINT ( 'NONE',  ( 1.010354588278905100, 1.499999999999999800, -0.9602313244710438700 ) ) ;
#2613 = CARTESIAN_POINT ( 'NONE',  ( 1.151362903670955600, 1.499999999999999600, 0.5424608504698699200 ) ) ;
#2614 =( LENGTH_UNIT ( ) NAMED_UNIT ( * ) SI_UNIT ( .MILLI., .METRE. ) );
#2615 = CARTESIAN_POINT ( 'NONE',  ( 1.751906728817887300, 1.499000000000000100, -0.05374485160508873900 ) ) ;
#2616 = FACE_BOUND ( 'NONE', #1002, .T. ) ;
#2617 = VERTEX_POINT ( 'NONE', #352 ) ;
#2618 = ORIENTED_EDGE ( 'NONE', *, *, #2431, .F. ) ;
#2619 = CARTESIAN_POINT ( 'NONE',  ( 1.480071792920451400, 1.499000000000000100, -0.8672464541691913300 ) ) ;
#2620 = CARTESIAN_POINT ( 'NONE',  ( 0.2987224409448851500, 1.500000000000000000, 0.3424035433070868300 ) ) ;
#2621 = CARTESIAN_POINT ( 'NONE',  ( 0.1962598425196884200, 1.500000000000000000, 0.6777362204724415300 ) ) ;
#2622 = ORIENTED_EDGE ( 'NONE', *, *, #1035, .F. ) ;
#2623 = SURFACE_SIDE_STYLE ('',( #1154 ) ) ;
#2624 = STYLED_ITEM ( 'NONE', ( #2879 ), #325 ) ;
#2625 = ORIENTED_EDGE ( 'NONE', *, *, #167, .F. ) ;
#2626 = DIRECTION ( 'NONE',  ( 0.0000000000000000000, 0.0000000000000000000, -1.000000000000000000 ) ) ;
#2627 = ORIENTED_EDGE ( 'NONE', *, *, #528, .T. ) ;
#2628 = CARTESIAN_POINT ( 'NONE',  ( -0.7046437007874008000, 1.499000000000000100, -0.1909606299212582800 ) ) ;
#2629 = ADVANCED_FACE ( 'NONE', ( #2959 ), #1874, .T. ) ;
#2630 =( GEOMETRIC_REPRESENTATION_CONTEXT ( 3 ) GLOBAL_UNCERTAINTY_ASSIGNED_CONTEXT ( ( #2098 ) ) GLOBAL_UNIT_ASSIGNED_CONTEXT ( ( #3150, #906, #1896 ) ) REPRESENTATION_CONTEXT ( 'NONE', 'WORKASPACE' ) );
#2631 = CARTESIAN_POINT ( 'NONE',  ( 1.450844423491869200, 1.500000000000000200, -0.8757765589586755700 ) ) ;
#2632 = VERTEX_POINT ( 'NONE', #1809 ) ;
#2633 = EDGE_CURVE ( 'NONE', #868, #470, #15, .T. ) ;
#2634 = SURFACE_STYLE_USAGE ( .BOTH. , #122 ) ;
#2635 =( GEOMETRIC_REPRESENTATION_CONTEXT ( 3 ) GLOBAL_UNCERTAINTY_ASSIGNED_CONTEXT ( ( #3059 ) ) GLOBAL_UNIT_ASSIGNED_CONTEXT ( ( #2876, #1377, #3131 ) ) REPRESENTATION_CONTEXT ( 'NONE', 'WORKASPACE' ) );
#2636 = LINE ( 'NONE', #1508, #747 ) ;
#2637 = CARTESIAN_POINT ( 'NONE',  ( 1.151362903670955600, 1.499999999999999600, 0.5424608504698699200 ) ) ;
#2638 = CARTESIAN_POINT ( 'NONE',  ( -0.6001240157480283200, 1.500000000000000000, 0.4603641732283489900 ) ) ;
#2639 = VECTOR ( 'NONE', #172, 1000.000000000000000 ) ;
#2640 = CARTESIAN_POINT ( 'NONE',  ( 0.0000000000000000000, 1.499000000000000100, -0.5510629921259847500 ) ) ;
#2641 = ORIENTED_EDGE ( 'NONE', *, *, #2564, .F. ) ;
#2642 =( NAMED_UNIT ( * ) PLANE_ANGLE_UNIT ( ) SI_UNIT ( $, .RADIAN. ) );
#2643 = FACE_OUTER_BOUND ( 'NONE', #2011, .T. ) ;
#2644 =( NAMED_UNIT ( * ) PLANE_ANGLE_UNIT ( ) SI_UNIT ( $, .RADIAN. ) );
#2645 = CARTESIAN_POINT ( 'NONE',  ( 1.450844423491869200, 1.498999999999999900, -0.8757765589586755700 ) ) ;
#2646 = LINE ( 'NONE', #2851, #88 ) ;
#2647 = CARTESIAN_POINT ( 'NONE',  ( 1.450844423491869200, 1.499000000000000300, 0.6626849795028626500 ) ) ;
#2648 = CARTESIAN_POINT ( 'NONE',  ( -0.7821417322834622900, 1.499000000000000100, -0.02017322834645249000 ) ) ;
#2649 = PRESENTATION_STYLE_ASSIGNMENT (( #2592 ) ) ;
#2650 = CARTESIAN_POINT ( 'NONE',  ( 1.751906728817887300, 1.500000000000000000, -0.6947704926307297600 ) ) ;
#2651 = AXIS2_PLACEMENT_3D ( 'NONE', #2156, #1839, #2310 ) ;
#2652 = CARTESIAN_POINT ( 'NONE',  ( 0.7647272416384000000, 1.500000000000000000, -1.181949979810216900 ) ) ;
#2653 = CARTESIAN_POINT ( 'NONE',  ( 0.2987224409448851500, 1.499000000000000100, 0.3424035433070868300 ) ) ;
#2654 = SURFACE_STYLE_USAGE ( .BOTH. , #2150 ) ;
#2655 = EDGE_CURVE ( 'NONE', #2222, #2858, #157, .T. ) ;
#2656 = CARTESIAN_POINT ( 'NONE',  ( -2.149999999999999900, 0.0000000000000000000, 2.149999999999999900 ) ) ;
#2657 = SURFACE_STYLE_USAGE ( .BOTH. , #909 ) ;
#2658 = DIRECTION ( 'NONE',  ( -0.0000000000000000000, 1.000000000000000000, -0.0000000000000000000 ) ) ;
#2659 =( NAMED_UNIT ( * ) PLANE_ANGLE_UNIT ( ) SI_UNIT ( $, .RADIAN. ) );
#2660 = ORIENTED_EDGE ( 'NONE', *, *, #2989, .T. ) ;
#2661 = MECHANICAL_DESIGN_GEOMETRIC_PRESENTATION_REPRESENTATION (  '', ( #2159 ), #2809 ) ;
#2662 = CARTESIAN_POINT ( 'NONE',  ( 1.392243830835394800, 1.499000000000000300, 0.6455822020083957800 ) ) ;
#2663 = CARTESIAN_POINT ( 'NONE',  ( 1.680333660469139700, 1.499000000000000100, 0.7098436646149498500 ) ) ;
#2664 = COLOUR_RGB ( '',1.000000000000000000, 1.000000000000000000, 1.000000000000000000 ) ;
#2665 = SURFACE_SIDE_STYLE ('',( #1985 ) ) ;
#2666 = CARTESIAN_POINT ( 'NONE',  ( 0.7849999999999998100, 0.0000000000000000000, 1.625000000000000200 ) ) ;
#2667 = CARTESIAN_POINT ( 'NONE',  ( -0.3166751968503908100, 1.500000000000000000, 0.3254724409448839200 ) ) ;
#2668 = EDGE_LOOP ( 'NONE', ( #1725, #3216, #1698, #477 ) ) ;
#2669 = CARTESIAN_POINT ( 'NONE',  ( 1.306071904175980700, 1.499000000000000600, 0.6134575354996231200 ) ) ;
#2670 = CARTESIAN_POINT ( 'NONE',  ( 1.610805886107622000, 1.498999999999999700, 0.7003192161876645700 ) ) ;
#2671 = CARTESIAN_POINT ( 'NONE',  ( 1.690025797102462600, 1.500000000000000200, -0.6985067688450865600 ) ) ;
#2672 = VECTOR ( 'NONE', #287, 1000.000000000000000 ) ;
#2673 = CARTESIAN_POINT ( 'NONE',  ( 0.8929323698435283100, 1.499000000000000300, 0.4847166868564497500 ) ) ;
#2674 = PLANE ( 'NONE',  #2756 ) ;
#2675 = VERTEX_POINT ( 'NONE', #894 ) ;
#2676 = STYLED_ITEM ( 'NONE', ( #1498 ), #781 ) ;
#2677 = AXIS2_PLACEMENT_3D ( 'NONE', #626, #2097, #372 ) ;
#2678 = SURFACE_STYLE_USAGE ( .BOTH. , #1336 ) ;
#2679 = SURFACE_STYLE_USAGE ( .BOTH. , #939 ) ;
#2680 = MECHANICAL_DESIGN_GEOMETRIC_PRESENTATION_REPRESENTATION (  '', ( #2186 ), #2834 ) ;
#2681 = SURFACE_STYLE_USAGE ( .BOTH. , #940 ) ;
#2682 = ORIENTED_EDGE ( 'NONE', *, *, #1465, .F. ) ;
#2683 = CARTESIAN_POINT ( 'NONE',  ( 1.220722731398701900, 1.499000000000000300, 0.5771922221939532700 ) ) ;
#2684 = CARTESIAN_POINT ( 'NONE',  ( 1.544122212018435700, 1.499000000000000300, 0.6880001711715151300 ) ) ;
#2685 = UNCERTAINTY_MEASURE_WITH_UNIT (LENGTH_MEASURE( 1.000000000000000100E-005 ), #1927, 'distance_accuracy_value', 'NONE');
#2686 = EDGE_LOOP ( 'NONE', ( #2324, #2312, #2112, #575 ) ) ;
#2687 = CARTESIAN_POINT ( 'NONE',  ( 1.043424900257970300, 1.499999999999999800, -0.9378012571928553400 ) ) ;
#2688 = SURFACE_SIDE_STYLE ('',( #1807 ) ) ;
#2689 = CARTESIAN_POINT ( 'NONE',  ( 1.114153073453909600, 1.499999999999998400, -0.1247828067069570300 ) ) ;
#2690 = CARTESIAN_POINT ( 'NONE',  ( 1.610805886107622000, 1.499999999999999600, -0.8381423222738732000 ) ) ;
#2691 = VECTOR ( 'NONE', #911, 1000.000000000000000 ) ;
#2692 = ORIENTED_EDGE ( 'NONE', *, *, #1050, .F. ) ;
#2693 = UNCERTAINTY_MEASURE_WITH_UNIT (LENGTH_MEASURE( 1.000000000000000100E-005 ), #2969, 'distance_accuracy_value', 'NONE');
#2694 = CARTESIAN_POINT ( 'NONE',  ( 0.3034625984251982900, 1.500000000000000000, 0.0000000000000000000 ) ) ;
#2695 = FILL_AREA_STYLE ('',( #1930 ) ) ;
#2696 =( GEOMETRIC_REPRESENTATION_CONTEXT ( 3 ) GLOBAL_UNCERTAINTY_ASSIGNED_CONTEXT ( ( #2144 ) ) GLOBAL_UNIT_ASSIGNED_CONTEXT ( ( #754, #2466, #996 ) ) REPRESENTATION_CONTEXT ( 'NONE', 'WORKASPACE' ) );
#2697 = CARTESIAN_POINT ( 'NONE',  ( -0.3143562992125948400, 1.500000000000000000, 0.5383602362204742400 ) ) ;
#2698 = CARTESIAN_POINT ( 'NONE',  ( 1.727777239659924500, 1.500000000000000000, -0.8248777983726034400 ) ) ;
#2699 = CARTESIAN_POINT ( 'NONE',  ( 0.5016948818897674100, 1.499000000000000100, 0.3696161417322832400 ) ) ;
#2700 = PRESENTATION_LAYER_ASSIGNMENT (  '', '', ( #2360 ) ) ;
#2701 = CARTESIAN_POINT ( 'NONE',  ( 1.163981641328089500, 1.500000000000000000, -0.09610121252595239800 ) ) ;
#2702 = CARTESIAN_POINT ( 'NONE',  ( -0.6245137795275572700, 1.500000000000000000, -0.4582499999999971600 ) ) ;
#2703 = PRESENTATION_LAYER_ASSIGNMENT (  '', '', ( #2366 ) ) ;
#2704 = LINE ( 'NONE', #2919, #1364 ) ;
#2705 = ORIENTED_EDGE ( 'NONE', *, *, #210, .F. ) ;
#2706 = ORIENTED_EDGE ( 'NONE', *, *, #2417, .F. ) ;
#2707 =( LENGTH_UNIT ( ) NAMED_UNIT ( * ) SI_UNIT ( .MILLI., .METRE. ) );
#2708 = CARTESIAN_POINT ( 'NONE',  ( -1.779138873006797400, 1.500000000000000000, -1.600000000000000800 ) ) ;
#2709 = SURFACE_SIDE_STYLE ('',( #1140 ) ) ;
#2710 = VERTEX_POINT ( 'NONE', #666 ) ;
#2711 = CARTESIAN_POINT ( 'NONE',  ( 1.387797039204568400, 1.499999999999999800, 0.7718188710010169800 ) ) ;
#2712 = CARTESIAN_POINT ( 'NONE',  ( 0.9787168691373976400, 1.499999999999999800, -0.2136402074354323300 ) ) ;
#2713 = EDGE_CURVE ( 'NONE', #2864, #68, #2763, .T. ) ;
#2714 = SURFACE_STYLE_FILL_AREA ( #2999 ) ;
#2715 = EDGE_LOOP ( 'NONE', ( #2622, #310, #2219, #1151 ) ) ;
#2716 = ORIENTED_EDGE ( 'NONE', *, *, #247, .F. ) ;
#2717 = DIRECTION ( 'NONE',  ( -1.000000000000000000, -0.0000000000000000000, -0.0000000000000000000 ) ) ;
#2718 = CARTESIAN_POINT ( 'NONE',  ( 1.727777239659924500, 1.499000000000000100, -0.8248777983726034400 ) ) ;
#2719 = SURFACE_STYLE_FILL_AREA ( #19 ) ;
#2720 = VECTOR ( 'NONE', #414, 1000.000000000000000 ) ;
#2721 = SHAPE_DEFINITION_REPRESENTATION ( #2894, #1597 ) ;
#2722 = ORIENTED_EDGE ( 'NONE', *, *, #2884, .T. ) ;
#2723 = ORIENTED_EDGE ( 'NONE', *, *, #3153, .T. ) ;
#2724 = PRESENTATION_LAYER_ASSIGNMENT (  '', '', ( #2381 ) ) ;
#2725 = COLOUR_RGB ( '',1.000000000000000000, 1.000000000000000000, 1.000000000000000000 ) ;
#2726 = EDGE_CURVE ( 'NONE', #2210, #1032, #2045, .T. ) ;
#2727 = UNCERTAINTY_MEASURE_WITH_UNIT (LENGTH_MEASURE( 1.000000000000000100E-005 ), #2914, 'distance_accuracy_value', 'NONE');
#2728 =( NAMED_UNIT ( * ) PLANE_ANGLE_UNIT ( ) SI_UNIT ( $, .RADIAN. ) );
#2729 = ORIENTED_EDGE ( 'NONE', *, *, #2216, .T. ) ;
#2730 = ORIENTED_EDGE ( 'NONE', *, *, #1857, .T. ) ;
#2731 = MECHANICAL_DESIGN_GEOMETRIC_PRESENTATION_REPRESENTATION (  '', ( #2232 ), #2899 ) ;
#2732 = EDGE_CURVE ( 'NONE', #674, #40, #1385, .T. ) ;
#2733 = CARTESIAN_POINT ( 'NONE',  ( 0.3034625984251982900, 1.500000000000000000, 0.0000000000000000000 ) ) ;
#2734 =( LENGTH_UNIT ( ) NAMED_UNIT ( * ) SI_UNIT ( .MILLI., .METRE. ) );
#2735 = B_SPLINE_CURVE_WITH_KNOTS ( 'NONE', 3,
 ( #2464, #2437, #2220, #2211 ),
 .UNSPECIFIED., .F., .F.,
 ( 4, 4 ),
 ( 0.0000000000000000000, 0.09090909090909091200 ),
 .UNSPECIFIED. ) ;
#2736 = CARTESIAN_POINT ( 'NONE',  ( 1.114153073453909600, 1.499999999999999800, -0.1247828067069570300 ) ) ;
#2737 = VERTEX_POINT ( 'NONE', #680 ) ;
#2738 = PRESENTATION_STYLE_ASSIGNMENT (( #2071 ) ) ;
#2739 = ORIENTED_EDGE ( 'NONE', *, *, #901, .F. ) ;
#2740 = CARTESIAN_POINT ( 'NONE',  ( 0.3034625984251982900, 1.499000000000000100, 0.0000000000000000000 ) ) ;
#2741 = SURFACE_STYLE_USAGE ( .BOTH. , #2709 ) ;
#2742 = EDGE_CURVE ( 'NONE', #2710, #1900, #1302, .T. ) ;
#2743 = VECTOR ( 'NONE', #8, 1000.000000000000100 ) ;
#2744 = ORIENTED_EDGE ( 'NONE', *, *, #2595, .F. ) ;
#2745 = MECHANICAL_DESIGN_GEOMETRIC_PRESENTATION_REPRESENTATION (  '', ( #2253 ), #2930 ) ;
#2746 = VECTOR ( 'NONE', #1814, 1000.000000000000000 ) ;
#2747 = EDGE_CURVE ( 'NONE', #2611, #1298, #263, .T. ) ;
#2748 = PRESENTATION_STYLE_ASSIGNMENT (( #1755 ) ) ;
#2749 = CARTESIAN_POINT ( 'NONE',  ( 0.3053405511811036500, 1.500000000000000000, -0.1358877952755912800 ) ) ;
#2750 = FILL_AREA_STYLE ('',( #2526 ) ) ;
#2751 = STYLED_ITEM ( 'NONE', ( #2748 ), #1514 ) ;
#2752 = VECTOR ( 'NONE', #1147, 1000.000000000000000 ) ;
#2753 = LINE ( 'NONE', #661, #845 ) ;
#2754 = B_SPLINE_CURVE_WITH_KNOTS ( 'NONE', 3,
 ( #1058, #1301, #3049, #1547 ),
 .UNSPECIFIED., .F., .F.,
 ( 4, 4 ),
 ( 0.5454545454545455300, 0.6363636363636364600 ),
 .UNSPECIFIED. ) ;
#2755 = VECTOR ( 'NONE', #3176, 1000.000000000000000 ) ;
#2756 = AXIS2_PLACEMENT_3D ( 'NONE', #596, #2325, #830 ) ;
#2757 = CARTESIAN_POINT ( 'NONE',  ( 1.751906728817887300, 1.500000000000000000, -0.8229756208358580700 ) ) ;
#2758 = EDGE_CURVE ( 'NONE', #1294, #1793, #3, .T. ) ;
#2759 = PRESENTATION_LAYER_ASSIGNMENT (  '', '', ( #2596 ) ) ;
#2760 = ADVANCED_FACE ( 'NONE', ( #1894 ), #2975, .F. ) ;
#2761 = CARTESIAN_POINT ( 'NONE',  ( 1.680333660469139500, 1.499999999999999800, -0.8286178738465889100 ) ) ;
#2762 = ORIENTED_EDGE ( 'NONE', *, *, #2042, .T. ) ;
#2763 = B_SPLINE_CURVE_WITH_KNOTS ( 'NONE', 3,
 ( #1139, #2888, #1394, #3148 ),
 .UNSPECIFIED., .F., .F.,
 ( 4, 4 ),
 ( 0.5454545454545455300, 0.6363636363636364600 ),
 .UNSPECIFIED. ) ;
#2764 = STYLED_ITEM ( 'NONE', ( #2811 ), #1069 ) ;
#2765 = LINE ( 'NONE', #1271, #2111 ) ;
#2766 = CARTESIAN_POINT ( 'NONE',  ( 1.727777239659924900, 1.499000000000000300, 0.7135837400889355500 ) ) ;
#2767 = ORIENTED_EDGE ( 'NONE', *, *, #2871, .F. ) ;
#2768 = SURFACE_STYLE_FILL_AREA ( #2174 ) ;
#2769 = ORIENTED_EDGE ( 'NONE', *, *, #3077, .F. ) ;
#2770 = ADVANCED_FACE ( 'NONE', ( #1008 ), #2674, .F. ) ;
#2771 = VERTEX_POINT ( 'NONE', #1080 ) ;
#2772 = CARTESIAN_POINT ( 'NONE',  ( -1.579138873006797000, 1.499000000000000100, -1.600000000000000800 ) ) ;
#2773 = VERTEX_POINT ( 'NONE', #2818 ) ;
#2774 = CARTESIAN_POINT ( 'NONE',  ( -0.8876929133858242300, 1.500000000000000000, -0.2407657480314929800 ) ) ;
#2775 = FILL_AREA_STYLE ('',( #2516 ) ) ;
#2776 = SURFACE_STYLE_USAGE ( .BOTH. , #2534 ) ;
#2777 = FACE_OUTER_BOUND ( 'NONE', #1373, .T. ) ;
#2778 = VERTEX_POINT ( 'NONE', #1325 ) ;
#2779 = FACE_OUTER_BOUND ( 'NONE', #1214, .T. ) ;
#2780 = CARTESIAN_POINT ( 'NONE',  ( 0.8929323698435282000, 1.499000000000000100, 0.9975371996769626400 ) ) ;
#2781 = CARTESIAN_POINT ( 'NONE',  ( 0.7849999999999998100, -0.1000000000000000100, -1.625000000000000200 ) ) ;
#2782 = CARTESIAN_POINT ( 'NONE',  ( 0.8684932672794256600, 1.499000000000000100, -0.4127192105794477200 ) ) ;
#2783 = CARTESIAN_POINT ( 'NONE',  ( 1.151362903670955600, 1.498999999999999700, 0.5424608504698699200 ) ) ;
#2784 = DIRECTION ( 'NONE',  ( -1.000000000000000000, 0.0000000000000000000, -2.644395542647572300E-016 ) ) ;
#2785 = EDGE_CURVE ( 'NONE', #2006, #3093, #1426, .T. ) ;
#2786 = ADVANCED_FACE ( 'NONE', ( #115 ), #1577, .T. ) ;
#2787 = CARTESIAN_POINT ( 'NONE',  ( -2.149999999999999900, 0.0000000000000000000, -2.149999999999999900 ) ) ;
#2788 =( NAMED_UNIT ( * ) PLANE_ANGLE_UNIT ( ) SI_UNIT ( $, .RADIAN. ) );
#2789 = DIRECTION ( 'NONE',  ( 1.000000000000000000, 0.0000000000000000000, 0.0000000000000000000 ) ) ;
#2790 = CARTESIAN_POINT ( 'NONE',  ( 0.8929323698435282000, 1.499000000000000100, -0.2845140823743195200 ) ) ;
#2791 = DIRECTION ( 'NONE',  ( -0.0000000000000000000, 0.0000000000000000000, -1.000000000000000000 ) ) ;
#2792 = CARTESIAN_POINT ( 'NONE',  ( 1.392243830835394600, 1.500000000000000700, -0.8928793364531427700 ) ) ;
#2793 = EDGE_CURVE ( 'NONE', #1034, #81, #2892, .T. ) ;
#2794 = CARTESIAN_POINT ( 'NONE',  ( 1.097244454863652900, 1.499000000000000300, 0.5132018084446808800 ) ) ;
#2795 = CARTESIAN_POINT ( 'NONE',  ( 1.751906728817887300, 1.500000000000000000, -0.6947704926307297600 ) ) ;
#2796 = DIRECTION ( 'NONE',  ( 1.000000000000000000, 0.0000000000000000000, -2.644395542647572300E-016 ) ) ;
#2797 = PLANE ( 'NONE',  #1183 ) ;
#2798 = PRESENTATION_LAYER_ASSIGNMENT (  '', '', ( #2469 ) ) ;
#2799 = DIRECTION ( 'NONE',  ( -0.0000000000000000000, 1.000000000000000000, -0.0000000000000000000 ) ) ;
#2800 = LINE ( 'NONE', #2874, #905 ) ;
#2801 = EDGE_CURVE ( 'NONE', #718, #2536, #1904, .T. ) ;
#2802 = ADVANCED_FACE ( 'NONE', ( #1800 ), #1855, .F. ) ;
#2803 = DIRECTION ( 'NONE',  ( -1.000000000000000000, 0.0000000000000000000, 0.0000000000000000000 ) ) ;
#2804 = FACE_OUTER_BOUND ( 'NONE', #1520, .T. ) ;
#2805 = CARTESIAN_POINT ( 'NONE',  ( 1.392243830835394600, 1.499000000000000300, -0.8928793364531427700 ) ) ;
#2806 = LINE ( 'NONE', #1086, #2164 ) ;
#2807 = CARTESIAN_POINT ( 'NONE',  ( 1.058640297848006500, 1.499000000000000100, 0.4910165115586687100 ) ) ;
#2808 = FILL_AREA_STYLE_COLOUR ( '', #2957 ) ;
#2809 =( GEOMETRIC_REPRESENTATION_CONTEXT ( 3 ) GLOBAL_UNCERTAINTY_ASSIGNED_CONTEXT ( ( #1549 ) ) GLOBAL_UNIT_ASSIGNED_CONTEXT ( ( #326, #2050, #577 ) ) REPRESENTATION_CONTEXT ( 'NONE', 'WORKASPACE' ) );
#2810 = VERTEX_POINT ( 'NONE', #2090 ) ;
#2811 = PRESENTATION_STYLE_ASSIGNMENT (( #14 ) ) ;
#2812 = FILL_AREA_STYLE_COLOUR ( '', #1485 ) ;
#2813 = UNCERTAINTY_MEASURE_WITH_UNIT (LENGTH_MEASURE( 1.000000000000000100E-005 ), #1153, 'distance_accuracy_value', 'NONE');
#2814 = CARTESIAN_POINT ( 'NONE',  ( -0.2283818897637797400, 1.499000000000000100, -0.3280688976377950600 ) ) ;
#2815 = CARTESIAN_POINT ( 'NONE',  ( -1.779138873006797400, 1.499000000000000100, 1.599999999999999400 ) ) ;
#2816 = CARTESIAN_POINT ( 'NONE',  ( 1.455842603308310300, 1.500000000000000400, 0.7927254043728062500 ) ) ;
#2817 = EDGE_LOOP ( 'NONE', ( #2767, #1224, #1182, #2086, #2032, #2370, #708, #2129 ) ) ;
#2818 = CARTESIAN_POINT ( 'NONE',  ( 0.8684932672794256600, 1.499000000000000100, 0.3565115586513215000 ) ) ;
#2819 = CARTESIAN_POINT ( 'NONE',  ( 1.727777239659924900, 1.500000000000000200, -0.05564702914183387900 ) ) ;
#2820 = VECTOR ( 'NONE', #816, 1000.000000000000000 ) ;
#2821 = CARTESIAN_POINT ( 'NONE',  ( 1.022092828796336200, 1.499000000000000300, 0.4686843283626304600 ) ) ;
#2822 = COLOUR_RGB ( '',1.000000000000000000, 1.000000000000000000, 1.000000000000000000 ) ;
#2823 = VERTEX_POINT ( 'NONE', #405 ) ;
#2824 = VECTOR ( 'NONE', #2327, 1000.000000000000000 ) ;
#2825 = CARTESIAN_POINT ( 'NONE',  ( 1.604999999999999800, -0.1000000000000000100, 1.625000000000000400 ) ) ;
#2826 = COLOUR_RGB ( '',1.000000000000000000, 1.000000000000000000, 1.000000000000000000 ) ;
#2827 = FACE_OUTER_BOUND ( 'NONE', #1146, .T. ) ;
#2828 =( NAMED_UNIT ( * ) PLANE_ANGLE_UNIT ( ) SI_UNIT ( $, .RADIAN. ) );
#2829 = DIRECTION ( 'NONE',  ( -0.0000000000000000000, 0.0000000000000000000, -1.000000000000000000 ) ) ;
#2830 = VECTOR ( 'NONE', #2799, 1000.000000000000000 ) ;
#2831 = PRESENTATION_LAYER_ASSIGNMENT (  '', '', ( #2676 ) ) ;
#2832 = PRESENTATION_LAYER_ASSIGNMENT (  '', '', ( #2485 ) ) ;
#2833 = CARTESIAN_POINT ( 'NONE',  ( 1.306071904175980700, 1.500000000000000700, -0.9250040029619155400 ) ) ;
#2834 =( GEOMETRIC_REPRESENTATION_CONTEXT ( 3 ) GLOBAL_UNCERTAINTY_ASSIGNED_CONTEXT ( ( #1667 ) ) GLOBAL_UNIT_ASSIGNED_CONTEXT ( ( #1004, #957, #1015 ) ) REPRESENTATION_CONTEXT ( 'NONE', 'WORKASPACE' ) );
#2835 = PLANE ( 'NONE',  #518 ) ;
#2836 = COLOUR_RGB ( '',1.000000000000000000, 1.000000000000000000, 1.000000000000000000 ) ;
#2837 = DIRECTION ( 'NONE',  ( 0.0000000000000000000, 0.0000000000000000000, 1.000000000000000000 ) ) ;
#2838 = CARTESIAN_POINT ( 'NONE',  ( 1.622536821247663900, 1.499999999999999800, -0.7074919171402999100 ) ) ;
#2839 = CARTESIAN_POINT ( 'NONE',  ( 1.157914205808729500, 1.499000000000000100, -0.9930519871500125300 ) ) ;
#2840 = CARTESIAN_POINT ( 'NONE',  ( -0.3479645669291339100, 1.500000000000000000, -0.1738976377952753700 ) ) ;
#2841 =( NAMED_UNIT ( * ) PLANE_ANGLE_UNIT ( ) SI_UNIT ( $, .RADIAN. ) );
#2842 = CARTESIAN_POINT ( 'NONE',  ( 1.548993573913792100, 1.499000000000000100, -0.7221465875065599100 ) ) ;
#2843 = CARTESIAN_POINT ( 'NONE',  ( 0.7647272416384000000, 1.499000000000000100, 0.3565115586513215000 ) ) ;
#2844 = CARTESIAN_POINT ( 'NONE',  ( 0.9547048450400021900, 1.499000000000000300, 0.4243094341581955500 ) ) ;
#2845 = SURFACE_STYLE_USAGE ( .BOTH. , #2873 ) ;
#2846 = SURFACE_STYLE_USAGE ( .BOTH. , #1355 ) ;
#2847 = VERTEX_POINT ( 'NONE', #2125 ) ;
#2848 = VERTEX_POINT ( 'NONE', #657 ) ;
#2849 = CARTESIAN_POINT ( 'NONE',  ( 1.228230476123695500, 1.498999999999999400, -0.8321479100872830600 ) ) ;
#2850 = STYLED_ITEM ( 'NONE', ( #103 ), #2515 ) ;
#2851 = CARTESIAN_POINT ( 'NONE',  ( 1.604999999999999800, -0.1000000000000000100, -1.625000000000000400 ) ) ;
#2852 = LINE ( 'NONE', #2326, #867 ) ;
#2853 = ORIENTED_EDGE ( 'NONE', *, *, #713, .F. ) ;
#2854 = VECTOR ( 'NONE', #2453, 1000.000000000000000 ) ;
#2855 = CARTESIAN_POINT ( 'NONE',  ( 0.9200193266988363500, 1.499000000000000100, -1.029464509995124300 ) ) ;
#2856 = MECHANICAL_DESIGN_GEOMETRIC_PRESENTATION_REPRESENTATION (  '', ( #2360 ), #3018 ) ;
#2857 = CARTESIAN_POINT ( 'NONE',  ( -2.149999999999999900, 1.500000000000000000, -2.149999999999999900 ) ) ;
#2858 = VERTEX_POINT ( 'NONE', #889 ) ;
#2859 = CARTESIAN_POINT ( 'NONE',  ( 0.9241035623546726100, 1.499000000000000600, 0.4018421818069206100 ) ) ;
#2860 = CARTESIAN_POINT ( 'NONE',  ( 0.9787168691373976400, 1.498999999999999900, 0.5555905617953369500 ) ) ;
#2861 = MECHANICAL_DESIGN_GEOMETRIC_PRESENTATION_REPRESENTATION (  '', ( #2366 ), #3026 ) ;
#2862 = PLANE ( 'NONE',  #1433 ) ;
#2863 = CARTESIAN_POINT ( 'NONE',  ( 0.9787168691373976400, 1.499999999999999600, -0.9828709766662012700 ) ) ;
#2864 = VERTEX_POINT ( 'NONE', #2628 ) ;
#2865 = CARTESIAN_POINT ( 'NONE',  ( 2.149999999999999900, 1.500000000000000000, 2.149999999999999900 ) ) ;
#2866 = COLOUR_RGB ( '',1.000000000000000000, 1.000000000000000000, 1.000000000000000000 ) ;
#2867 =( NAMED_UNIT ( * ) SI_UNIT ( $, .STERADIAN. ) SOLID_ANGLE_UNIT ( ) );
#2868 = CARTESIAN_POINT ( 'NONE',  ( 1.306071904175980700, 1.499000000000000300, -0.9250040029619155400 ) ) ;
#2869 = SURFACE_STYLE_FILL_AREA ( #610 ) ;
#2870 = ORIENTED_EDGE ( 'NONE', *, *, #1631, .T. ) ;
#2871 = EDGE_CURVE ( 'NONE', #771, #2222, #933, .T. ) ;
#2872 = CARTESIAN_POINT ( 'NONE',  ( 0.8953625233604828300, 1.499000000000000300, 0.3794880218240207500 ) ) ;
#2873 = SURFACE_SIDE_STYLE ('',( #1947 ) ) ;
#2874 = CARTESIAN_POINT ( 'NONE',  ( -1.604999999999999800, -0.1000000000000000100, -1.625000000000000000 ) ) ;
#2875 = ORIENTED_EDGE ( 'NONE', *, *, #2151, .F. ) ;
#2876 =( LENGTH_UNIT ( ) NAMED_UNIT ( * ) SI_UNIT ( .MILLI., .METRE. ) );
#2877 = CARTESIAN_POINT ( 'NONE',  ( 0.3053405511811036500, 1.499000000000000100, -0.1358877952755912800 ) ) ;
#2878 = DIRECTION ( 'NONE',  ( -0.0000000000000000000, 1.000000000000000000, -0.0000000000000000000 ) ) ;
#2879 = PRESENTATION_STYLE_ASSIGNMENT (( #1171 ) ) ;
#2880 = PRESENTATION_STYLE_ASSIGNMENT (( #2078 ) ) ;
#2881 = FILL_AREA_STYLE_COLOUR ( '', #2866 ) ;
#2882 = MECHANICAL_DESIGN_GEOMETRIC_PRESENTATION_REPRESENTATION (  '', ( #2381 ), #3044 ) ;
#2883 = SURFACE_SIDE_STYLE ('',( #268 ) ) ;
#2884 = EDGE_CURVE ( 'NONE', #777, #2617, #351, .T. ) ;
#2885 = CARTESIAN_POINT ( 'NONE',  ( 1.097244454863652900, 1.500000000000000200, 0.5132018084446808800 ) ) ;
#2886 = DIRECTION ( 'NONE',  ( -0.0000000000000000000, 1.000000000000000000, -0.0000000000000000000 ) ) ;
#2887 = CARTESIAN_POINT ( 'NONE',  ( 0.1615118110236228600, 1.500000000000000000, -0.3894173228346473600 ) ) ;
#2888 = CARTESIAN_POINT ( 'NONE',  ( -0.6439566929133848600, 1.499000000000000100, -0.3247007874015716000 ) ) ;
#2889 = DIRECTION ( 'NONE',  ( -0.0000000000000000000, -0.0000000000000000000, 1.000000000000000000 ) ) ;
#2890 = ADVANCED_FACE ( 'NONE', ( #2184 ), #161, .F. ) ;
#2891 = SURFACE_STYLE_FILL_AREA ( #1986 ) ;
#2892 = B_SPLINE_CURVE_WITH_KNOTS ( 'NONE', 3,
 ( #1825, #117, #620, #2347, #853, #2590, #1098, #2842, #1350, #3098, #1599, #126, #1837, #379, #2101, #632, #2359, #861, #2604, #1109, #2855, #1357, #3112 ),
 .UNSPECIFIED., .F., .F.,
 ( 4, 1, 1, 1, 1, 1, 1, 1, 1, 1, 1, 1, 1, 1, 1, 1, 1, 1, 1, 1, 4 ),
 ( 0.0000000000000000000, 0.03151551312998483000, 0.06480979674365734700, 0.09991169883527548100, 0.1366755286001709000, 0.1751432978746825200, 0.2157650117082457200, 0.2581569125231218400, 0.3022930440652046300, 0.3927408518774001500, 0.4832984694610616400, 0.5744114847371660800, 0.6664774093514971300, 0.7120107481430552100, 0.7563744975915032100, 0.7998154803065209400, 0.8419616993485903300, 0.8828431755911848600, 0.9229180315891947200, 0.9619666184423850700, 1.000000000000000000 ),
 .UNSPECIFIED. ) ;
#2893 = CARTESIAN_POINT ( 'NONE',  ( 1.220722731398701900, 1.500000000000000400, -0.9612693162675856100 ) ) ;
#2894 = PRODUCT_DEFINITION_SHAPE ( 'NONE', 'NONE',  #543 ) ;
#2895 = FILL_AREA_STYLE ('',( #932 ) ) ;
#2896 = FILL_AREA_STYLE_COLOUR ( '', #2084 ) ;
#2897 = FACE_OUTER_BOUND ( 'NONE', #2353, .T. ) ;
#2898 = CARTESIAN_POINT ( 'NONE',  ( 0.0000000000000000000, 1.500000000000000000, -0.5510629921259847500 ) ) ;
#2899 =( GEOMETRIC_REPRESENTATION_CONTEXT ( 3 ) GLOBAL_UNCERTAINTY_ASSIGNED_CONTEXT ( ( #2928 ) ) GLOBAL_UNIT_ASSIGNED_CONTEXT ( ( #369, #358, #421 ) ) REPRESENTATION_CONTEXT ( 'NONE', 'WORKASPACE' ) );
#2900 = VERTEX_POINT ( 'NONE', #1905 ) ;
#2901 = EDGE_CURVE ( 'NONE', #1881, #2773, #1950, .T. ) ;
#2902 = VERTEX_POINT ( 'NONE', #433 ) ;
#2903 = CARTESIAN_POINT ( 'NONE',  ( 1.751906728817887300, 1.499000000000000100, 0.8436910458308086700 ) ) ;
#2904 =( NAMED_UNIT ( * ) PLANE_ANGLE_UNIT ( ) SI_UNIT ( $, .RADIAN. ) );
#2905 = CARTESIAN_POINT ( 'NONE',  ( 0.7647272416384000000, 1.499000000000000100, 0.9975371996769626400 ) ) ;
#2906 = CARTESIAN_POINT ( 'NONE',  ( 1.220722731398701900, 1.499000000000000100, -0.9612693162675856100 ) ) ;
#2907 = ORIENTED_EDGE ( 'NONE', *, *, #2901, .T. ) ;
#2908 = CARTESIAN_POINT ( 'NONE',  ( 0.4893720472440967200, 1.499000000000000100, -0.01437007874015880200 ) ) ;
#2909 = SURFACE_STYLE_USAGE ( .BOTH. , #2883 ) ;
#2910 = VECTOR ( 'NONE', #318, 1000.000000000000000 ) ;
#2911 = CARTESIAN_POINT ( 'NONE',  ( -0.9870649606299186600, 1.499000000000000100, 0.1046240157480354700 ) ) ;
#2912 = DIRECTION ( 'NONE',  ( -0.0000000000000000000, 1.000000000000000000, -0.0000000000000000000 ) ) ;
#2913 = ORIENTED_EDGE ( 'NONE', *, *, #257, .F. ) ;
#2914 =( LENGTH_UNIT ( ) NAMED_UNIT ( * ) SI_UNIT ( .MILLI., .METRE. ) );
#2915 = LINE ( 'NONE', #1582, #929 ) ;
#2916 = ORIENTED_EDGE ( 'NONE', *, *, #3153, .F. ) ;
#2917 = VECTOR ( 'NONE', #313, 1000.000000000000000 ) ;
#2918 = PLANE ( 'NONE',  #567 ) ;
#2919 = CARTESIAN_POINT ( 'NONE',  ( 0.7647272416384000000, 1.499000000000000100, -0.4127192105794477200 ) ) ;
#2920 = SURFACE_STYLE_FILL_AREA ( #2137 ) ;
#2921 =( LENGTH_UNIT ( ) NAMED_UNIT ( * ) SI_UNIT ( .MILLI., .METRE. ) );
#2922 = EDGE_CURVE ( 'NONE', #2142, #2902, #717, .T. ) ;
#2923 =( NAMED_UNIT ( * ) PLANE_ANGLE_UNIT ( ) SI_UNIT ( $, .RADIAN. ) );
#2924 = CARTESIAN_POINT ( 'NONE',  ( -0.8562519685039373700, 1.499000000000000100, -0.3500551181102321600 ) ) ;
#2925 = LINE ( 'NONE', #2182, #1018 ) ;
#2926 = CARTESIAN_POINT ( 'NONE',  ( 0.3034625984251982900, 1.500000000000000000, 0.0000000000000000000 ) ) ;
#2927 = CARTESIAN_POINT ( 'NONE',  ( 1.307326258058622500, 1.499000000000000600, 0.7414061159970056800 ) ) ;
#2928 = UNCERTAINTY_MEASURE_WITH_UNIT (LENGTH_MEASURE( 1.000000000000000100E-005 ), #369, 'distance_accuracy_value', 'NONE');
#2929 = CARTESIAN_POINT ( 'NONE',  ( 1.622536821247663900, 1.500000000000000000, -0.7074919171402999100 ) ) ;
#2930 =( GEOMETRIC_REPRESENTATION_CONTEXT ( 3 ) GLOBAL_UNCERTAINTY_ASSIGNED_CONTEXT ( ( #842 ) ) GLOBAL_UNIT_ASSIGNED_CONTEXT ( ( #616, #2345, #851 ) ) REPRESENTATION_CONTEXT ( 'NONE', 'WORKASPACE' ) );
#2931 = FILL_AREA_STYLE_COLOUR ( '', #2040 ) ;
#2932 = EDGE_CURVE ( 'NONE', #799, #1881, #1349, .T. ) ;
#2933 = CARTESIAN_POINT ( 'NONE',  ( -2.149999999999999900, 0.0000000000000000000, 2.149999999999999900 ) ) ;
#2934 = UNCERTAINTY_MEASURE_WITH_UNIT (LENGTH_MEASURE( 1.000000000000000100E-005 ), #2017, 'distance_accuracy_value', 'NONE');
#2935 =( NAMED_UNIT ( * ) PLANE_ANGLE_UNIT ( ) SI_UNIT ( $, .RADIAN. ) );
#2936 =( NAMED_UNIT ( * ) PLANE_ANGLE_UNIT ( ) SI_UNIT ( $, .RADIAN. ) );
#2937 = PRESENTATION_LAYER_ASSIGNMENT (  '', '', ( #2584 ) ) ;
#2938 = CARTESIAN_POINT ( 'NONE',  ( 1.480071792920451400, 1.500000000000000000, -0.09801568493842208200 ) ) ;
#2939 = ORIENTED_EDGE ( 'NONE', *, *, #3141, .F. ) ;
#2940 = CARTESIAN_POINT ( 'NONE',  ( 0.9787168691373976400, 1.499999999999999800, -0.9828709766662012700 ) ) ;
#2941 = CARTESIAN_POINT ( 'NONE',  ( 0.9547048450400021900, 1.499000000000000300, -0.3449213350725736600 ) ) ;
#2942 = CARTESIAN_POINT ( 'NONE',  ( 1.680333660469139500, 1.498999999999999900, -0.8286178738465889100 ) ) ;
#2943 = FACE_OUTER_BOUND ( 'NONE', #2436, .T. ) ;
#2944 = ORIENTED_EDGE ( 'NONE', *, *, #364, .T. ) ;
#2945 = EDGE_CURVE ( 'NONE', #81, #426, #2599, .T. ) ;
#2946 = MECHANICAL_DESIGN_GEOMETRIC_PRESENTATION_REPRESENTATION (  '', ( #2596 ), #3101 ) ;
#2947 = SURFACE_STYLE_USAGE ( .BOTH. , #1190 ) ;
#2948 = VERTEX_POINT ( 'NONE', #190 ) ;
#2949 = LINE ( 'NONE', #2427, #2854 ) ;
#2950 = SURFACE_STYLE_FILL_AREA ( #2035 ) ;
#2951 = EDGE_LOOP ( 'NONE', ( #954, #1702, #141, #3057 ) ) ;
#2952 =( NAMED_UNIT ( * ) SI_UNIT ( $, .STERADIAN. ) SOLID_ANGLE_UNIT ( ) );
#2953 = PLANE ( 'NONE',  #2105 ) ;
#2954 = B_SPLINE_SURFACE_WITH_KNOTS ( 'NONE', 3, 1, ( 
 ( #1470, #1228 ),
 ( #2981, #1479 ),
 ( #9, #1728 ),
 ( #253, #1993 ),
 ( #509, #2238 ),
 ( #2766, #1276 ),
 ( #3025, #1525 ) ),
 .UNSPECIFIED., .F., .F., .F.,
 ( 4, 1, 1, 1, 4 ),
 ( 2, 2 ),
 ( 0.0000000000000000000, 0.2372165186042098600, 0.4825864912431355200, 0.7368469271779311000, 1.000000000000000000 ),
 ( 0.0000000000000000000, 1.000000000000000000 ),
 .UNSPECIFIED. ) ;
#2955 = CARTESIAN_POINT ( 'NONE',  ( 1.741952235316691600, 1.500000000000000200, 0.8433835382408589900 ) ) ;
#2956 = ORIENTED_EDGE ( 'NONE', *, *, #3084, .F. ) ;
#2957 = COLOUR_RGB ( '',1.000000000000000000, 1.000000000000000000, 1.000000000000000000 ) ;
#2958 = FACE_OUTER_BOUND ( 'NONE', #3224, .T. ) ;
#2959 = FACE_OUTER_BOUND ( 'NONE', #1337, .T. ) ;
#2960 = ORIENTED_EDGE ( 'NONE', *, *, #762, .F. ) ;
#2961 =( NAMED_UNIT ( * ) SI_UNIT ( $, .STERADIAN. ) SOLID_ANGLE_UNIT ( ) );
#2962 =( NAMED_UNIT ( * ) PLANE_ANGLE_UNIT ( ) SI_UNIT ( $, .RADIAN. ) );
#2963 = CARTESIAN_POINT ( 'NONE',  ( 0.8929323698435283100, 1.499000000000000300, 0.4847166868564497500 ) ) ;
#2964 = COLOUR_RGB ( '',1.000000000000000000, 1.000000000000000000, 1.000000000000000000 ) ;
#2965 = CARTESIAN_POINT ( 'NONE',  ( 1.228230476123696400, 1.500000000000000700, 0.7063136283742552600 ) ) ;
#2966 = DIRECTION ( 'NONE',  ( -1.000000000000000000, 0.0000000000000000000, -0.0000000000000000000 ) ) ;
#2967 = COLOUR_RGB ( '',0.1921568627450980200, 0.2039215686274509800, 0.2039215686274509800 ) ;
#2968 = PRESENTATION_LAYER_ASSIGNMENT (  '', '', ( #2624 ) ) ;
#2969 =( LENGTH_UNIT ( ) NAMED_UNIT ( * ) SI_UNIT ( .MILLI., .METRE. ) );
#2970 = UNCERTAINTY_MEASURE_WITH_UNIT (LENGTH_MEASURE( 1.000000000000000100E-005 ), #1442, 'distance_accuracy_value', 'NONE');
#2971 = SURFACE_STYLE_USAGE ( .BOTH. , #3009 ) ;
#2972 = STYLED_ITEM ( 'NONE', ( #2412 ), #1799 ) ;
#2973 = CARTESIAN_POINT ( 'NONE',  ( 1.043424900257970500, 1.500000000000000200, -0.1685704879620862900 ) ) ;
#2974 = EDGE_CURVE ( 'NONE', #228, #265, #42, .T. ) ;
#2975 = B_SPLINE_SURFACE_WITH_KNOTS ( 'NONE', 3, 1, ( 
 ( #440, #196 ),
 ( #1925, #451 ),
 ( #2176, #700 ),
 ( #2416, #937 ) ),
 .UNSPECIFIED., .F., .F., .F.,
 ( 4, 4 ),
 ( 2, 2 ),
 ( 0.2727272727272727100, 0.3636363636363636500 ),
 ( 0.0000000000000000000, 1.000000000000000000 ),
 .UNSPECIFIED. ) ;
#2976 = VECTOR ( 'NONE', #473, 1000.000000000000000 ) ;
#2977 = SURFACE_STYLE_USAGE ( .BOTH. , #2990 ) ;
#2978 =( NAMED_UNIT ( * ) PLANE_ANGLE_UNIT ( ) SI_UNIT ( $, .RADIAN. ) );
#2979 =( NAMED_UNIT ( * ) SI_UNIT ( $, .STERADIAN. ) SOLID_ANGLE_UNIT ( ) );
#2980 = EDGE_CURVE ( 'NONE', #611, #2900, #1177, .T. ) ;
#2981 = CARTESIAN_POINT ( 'NONE',  ( 1.501180092310290000, 1.499000000000000300, 0.6767467364519983400 ) ) ;
#2982 = CARTESIAN_POINT ( 'NONE',  ( 1.077946915374149200, 1.500000000000000000, -0.1463306832263861500 ) ) ;
#2983 = ORIENTED_EDGE ( 'NONE', *, *, #1857, .F. ) ;
#2984 = ORIENTED_EDGE ( 'NONE', *, *, #1917, .T. ) ;
#2985 = ORIENTED_EDGE ( 'NONE', *, *, #1234, .T. ) ;
#2986 = ORIENTED_EDGE ( 'NONE', *, *, #1909, .F. ) ;
#2987 = MECHANICAL_DESIGN_GEOMETRIC_PRESENTATION_REPRESENTATION (  '', ( #2469 ), #3162 ) ;
#2988 = EDGE_LOOP ( 'NONE', ( #959, #746, #1779, #1414 ) ) ;
#2989 = EDGE_CURVE ( 'NONE', #2463, #1843, #1267, .T. ) ;
#2990 = SURFACE_SIDE_STYLE ('',( #2576 ) ) ;
#2991 = CARTESIAN_POINT ( 'NONE',  ( 1.751906728817887300, 1.499999999999998700, 0.07446027660003949600 ) ) ;
#2992 = B_SPLINE_SURFACE_WITH_KNOTS ( 'NONE', 3, 1, ( 
 ( #181, #1157 ),
 ( #2911, #1410 ),
 ( #3173, #1668 ),
 ( #194, #1921 ) ),
 .UNSPECIFIED., .F., .F., .F.,
 ( 4, 4 ),
 ( 2, 2 ),
 ( 0.1818181818181818200, 0.2727272727272727100 ),
 ( 0.0000000000000000000, 1.000000000000000000 ),
 .UNSPECIFIED. ) ;
#2993 = PRESENTATION_STYLE_ASSIGNMENT (( #1562 ) ) ;
#2994 = CARTESIAN_POINT ( 'NONE',  ( 0.9018817286005941200, 1.500000000000000200, -0.2764920114945077500 ) ) ;
#2995 = VERTEX_POINT ( 'NONE', #2667 ) ;
#2996 = SURFACE_STYLE_FILL_AREA ( #3050 ) ;
#2997 = FILL_AREA_STYLE ('',( #3163 ) ) ;
#2998 = FACE_OUTER_BOUND ( 'NONE', #1626, .T. ) ;
#2999 = FILL_AREA_STYLE ('',( #2268 ) ) ;
#3000 = MECHANICAL_DESIGN_GEOMETRIC_PRESENTATION_REPRESENTATION (  '', ( #2676 ), #3189 ) ;
#3001 = MECHANICAL_DESIGN_GEOMETRIC_PRESENTATION_REPRESENTATION (  '', ( #2485 ), #3191 ) ;
#3002 =( LENGTH_UNIT ( ) NAMED_UNIT ( * ) SI_UNIT ( .MILLI., .METRE. ) );
#3003 = VERTEX_POINT ( 'NONE', #455 ) ;
#3004 = ORIENTED_EDGE ( 'NONE', *, *, #2307, .F. ) ;
#3005 = VECTOR ( 'NONE', #133, 1000.000000000000000 ) ;
#3006 = ADVANCED_FACE ( 'NONE', ( #2013 ), #706, .T. ) ;
#3007 = CARTESIAN_POINT ( 'NONE',  ( 1.727777239659924900, 1.499000000000000300, -0.05564702914183387900 ) ) ;
#3008 = VERTEX_POINT ( 'NONE', #2187 ) ;
#3009 = SURFACE_SIDE_STYLE ('',( #2714 ) ) ;
#3010 = LINE ( 'NONE', #1718, #1696 ) ;
#3011 = VERTEX_POINT ( 'NONE', #2196 ) ;
#3012 = UNCERTAINTY_MEASURE_WITH_UNIT (LENGTH_MEASURE( 1.000000000000000100E-005 ), #1736, 'distance_accuracy_value', 'NONE');
#3013 = ORIENTED_EDGE ( 'NONE', *, *, #2130, .F. ) ;
#3014 = VECTOR ( 'NONE', #589, 1000.000000000000000 ) ;
#3015 = CARTESIAN_POINT ( 'NONE',  ( -2.149999999999999900, 1.500000000000000000, 2.149999999999999900 ) ) ;
#3016 = LINE ( 'NONE', #2814, #393 ) ;
#3017 =( NAMED_UNIT ( * ) SI_UNIT ( $, .STERADIAN. ) SOLID_ANGLE_UNIT ( ) );
#3018 =( GEOMETRIC_REPRESENTATION_CONTEXT ( 3 ) GLOBAL_UNCERTAINTY_ASSIGNED_CONTEXT ( ( #730 ) ) GLOBAL_UNIT_ASSIGNED_CONTEXT ( ( #736, #726, #525 ) ) REPRESENTATION_CONTEXT ( 'NONE', 'WORKASPACE' ) );
#3019 = EDGE_LOOP ( 'NONE', ( #1559, #1178, #529, #740 ) ) ;
#3020 = EDGE_LOOP ( 'NONE', ( #2202, #1654, #2472, #2593 ) ) ;
#3021 = B_SPLINE_CURVE_WITH_KNOTS ( 'NONE', 3,
 ( #2513, #2476, #2300, #2540 ),
 .UNSPECIFIED., .F., .F.,
 ( 4, 4 ),
 ( 0.7272727272727274000, 0.8181818181818183400 ),
 .UNSPECIFIED. ) ;
#3022 = PRESENTATION_STYLE_ASSIGNMENT (( #2093 ) ) ;
#3023 = CARTESIAN_POINT ( 'NONE',  ( 0.8684932672794256600, 1.500000000000000200, 0.3565115586513215600 ) ) ;
#3024 = ADVANCED_FACE ( 'NONE', ( #2285 ), #1891, .F. ) ;
#3025 = CARTESIAN_POINT ( 'NONE',  ( 1.751906728817887300, 1.499000000000000100, 0.7154859176256804800 ) ) ;
#3026 =( GEOMETRIC_REPRESENTATION_CONTEXT ( 3 ) GLOBAL_UNCERTAINTY_ASSIGNED_CONTEXT ( ( #888 ) ) GLOBAL_UNIT_ASSIGNED_CONTEXT ( ( #1175, #2936, #1434 ) ) REPRESENTATION_CONTEXT ( 'NONE', 'WORKASPACE' ) );
#3027 = SURFACE_SIDE_STYLE ('',( #958 ) ) ;
#3028 = CARTESIAN_POINT ( 'NONE',  ( 1.151362903670955800, 1.500000000000000200, -0.9960006879916683000 ) ) ;
#3029 = CARTESIAN_POINT ( 'NONE',  ( 1.741952235316691600, 1.499000000000000100, 0.07415276901008967200 ) ) ;
#3030 =( LENGTH_UNIT ( ) NAMED_UNIT ( * ) SI_UNIT ( .MILLI., .METRE. ) );
#3031 = EDGE_CURVE ( 'NONE', #718, #2823, #84, .T. ) ;
#3032 = CARTESIAN_POINT ( 'NONE',  ( -0.7516102362204726300, 1.500000000000000000, -0.4334232283464549700 ) ) ;
#3033 = SURFACE_STYLE_USAGE ( .BOTH. , #1288 ) ;
#3034 = CARTESIAN_POINT ( 'NONE',  ( 0.9547048450400021900, 1.500000000000000200, -0.3449213350725736600 ) ) ;
#3035 = PRESENTATION_LAYER_ASSIGNMENT (  '', '', ( #2239 ) ) ;
#3036 = CARTESIAN_POINT ( 'NONE',  ( -0.3479645669291339100, 1.499000000000000100, -0.1738976377952753700 ) ) ;
#3037 = ADVANCED_FACE ( 'NONE', ( #2643 ), #1451, .F. ) ;
#3038 = CARTESIAN_POINT ( 'NONE',  ( 1.480071792920451400, 1.499000000000000100, -0.8672464541691913300 ) ) ;
#3039 = CARTESIAN_POINT ( 'NONE',  ( 1.151362903670955800, 1.498999999999999900, -0.9960006879916683000 ) ) ;
#3040 = CARTESIAN_POINT ( 'NONE',  ( 1.690025797102461900, 1.499999999999998700, 0.07072400038568282800 ) ) ;
#3041 = CARTESIAN_POINT ( 'NONE',  ( 1.450844423491869200, 1.500000000000000200, -0.1065457897279065700 ) ) ;
#3043 = SURFACE_STYLE_FILL_AREA ( #2284 ) ;
#3042 =( LENGTH_UNIT ( ) NAMED_UNIT ( * ) SI_UNIT ( .MILLI., .METRE. ) );
#3044 =( GEOMETRIC_REPRESENTATION_CONTEXT ( 3 ) GLOBAL_UNCERTAINTY_ASSIGNED_CONTEXT ( ( #2475 ) ) GLOBAL_UNIT_ASSIGNED_CONTEXT ( ( #1408, #1155, #1278 ) ) REPRESENTATION_CONTEXT ( 'NONE', 'WORKASPACE' ) );
#3045 = CARTESIAN_POINT ( 'NONE',  ( 0.8684932672794256600, 1.499000000000000100, -0.4127192105794477200 ) ) ;
#3046 = SURFACE_STYLE_FILL_AREA ( #3062 ) ;
#3047 = EDGE_CURVE ( 'NONE', #1499, #1195, #941, .T. ) ;
#3048 = FILL_AREA_STYLE_COLOUR ( '', #927 ) ;
#3049 = CARTESIAN_POINT ( 'NONE',  ( -0.4560118110236215900, 1.500000000000000000, -0.2967913385826763700 ) ) ;
#3050 = FILL_AREA_STYLE ('',( #1323 ) ) ;
#3051 = FACE_OUTER_BOUND ( 'NONE', #3020, .T. ) ;
#3052 = ORIENTED_EDGE ( 'NONE', *, *, #2758, .T. ) ;
#3053 = VERTEX_POINT ( 'NONE', #232 ) ;
#3054 = CARTESIAN_POINT ( 'NONE',  ( 1.097244454863652600, 1.500000000000000400, -1.025259730016857800 ) ) ;
#3055 = ORIENTED_EDGE ( 'NONE', *, *, #901, .T. ) ;
#3056 = CARTESIAN_POINT ( 'NONE',  ( 1.392243830835394800, 1.500000000000000200, -0.1236485672223735500 ) ) ;
#3057 = ORIENTED_EDGE ( 'NONE', *, *, #441, .T. ) ;
#3058 = ADVANCED_FACE ( 'NONE', ( #3068 ), #2862, .F. ) ;
#3059 = UNCERTAINTY_MEASURE_WITH_UNIT (LENGTH_MEASURE( 1.000000000000000100E-005 ), #2876, 'distance_accuracy_value', 'NONE');
#3060 = CARTESIAN_POINT ( 'NONE',  ( 0.1615118110236228600, 1.499000000000000100, -0.3894173228346473600 ) ) ;
#3061 = CARTESIAN_POINT ( 'NONE',  ( 0.9874513463963773300, 1.500000000000000000, -0.3227206792612262200 ) ) ;
#3062 = FILL_AREA_STYLE ('',( #2297 ) ) ;
#3063 = PLANE ( 'NONE',  #184 ) ;
#3064 = ORIENTED_EDGE ( 'NONE', *, *, #1401, .F. ) ;
#3065 = STYLED_ITEM ( 'NONE', ( #1778 ), #33 ) ;
#3066 = SURFACE_SIDE_STYLE ('',( #2321 ) ) ;
#3067 = DIRECTION ( 'NONE',  ( -0.0000000000000000000, 1.000000000000000000, -0.0000000000000000000 ) ) ;
#3068 = FACE_OUTER_BOUND ( 'NONE', #1731, .T. ) ;
#3069 = CARTESIAN_POINT ( 'NONE',  ( 1.097244454863652600, 1.499000000000000100, -1.025259730016857800 ) ) ;
#3070 = CARTESIAN_POINT ( 'NONE',  ( 1.306071904175980700, 1.500000000000000400, -0.1557732337311461300 ) ) ;
#3071 = CARTESIAN_POINT ( 'NONE',  ( 1.480071792920451400, 1.499000000000000100, 0.6712150842923471100 ) ) ;
#3072 = CARTESIAN_POINT ( 'NONE',  ( 0.3034625984251982900, 1.499000000000000100, 0.0000000000000000000 ) ) ;
#3073 = CARTESIAN_POINT ( 'NONE',  ( 0.8929323698435282000, 1.499000000000000100, 0.2283064304461933400 ) ) ;
#3074 = CARTESIAN_POINT ( 'NONE',  ( -2.149999999999999900, 1.500000000000000000, 2.149999999999999900 ) ) ;
#3075 = COLOUR_RGB ( '',1.000000000000000000, 1.000000000000000000, 1.000000000000000000 ) ;
#3076 = CARTESIAN_POINT ( 'NONE',  ( 1.058640297848006500, 1.500000000000000400, -1.047445026902869700 ) ) ;
#3077 = EDGE_CURVE ( 'NONE', #2675, #1191, #1919, .T. ) ;
#3078 = CARTESIAN_POINT ( 'NONE',  ( 1.220722731398701900, 1.500000000000000200, -0.1920385470368161100 ) ) ;
#3079 = CARTESIAN_POINT ( 'NONE',  ( -0.3143562992125948400, 1.500000000000000000, 0.5383602362204742400 ) ) ;
#3080 = DIRECTION ( 'NONE',  ( -0.0000000000000000000, 0.0000000000000000000, 1.000000000000000000 ) ) ;
#3081 = ORIENTED_EDGE ( 'NONE', *, *, #1212, .F. ) ;
#3082 = FILL_AREA_STYLE ('',( #1587 ) ) ;
#3083 = DIRECTION ( 'NONE',  ( -1.000000000000000000, 0.0000000000000000000, 0.0000000000000000000 ) ) ;
#3084 = EDGE_CURVE ( 'NONE', #2810, #2179, #274, .T. ) ;
#3085 = DIRECTION ( 'NONE',  ( 1.000000000000000000, 0.0000000000000000000, 0.0000000000000000000 ) ) ;
#3086 = PRESENTATION_LAYER_ASSIGNMENT (  '', '', ( #2751 ) ) ;
#3087 = FILL_AREA_STYLE_COLOUR ( '', #1019 ) ;
#3088 = ORIENTED_EDGE ( 'NONE', *, *, #3100, .T. ) ;
#3089 = CARTESIAN_POINT ( 'NONE',  ( 1.022092828796336200, 1.499000000000000600, -1.069777210098908700 ) ) ;
#3090 = VECTOR ( 'NONE', #2889, 1000.000000000000000 ) ;
#3091 = CARTESIAN_POINT ( 'NONE',  ( 1.151362903670955600, 1.499999999999999600, -0.2267699187608990500 ) ) ;
#3092 = MECHANICAL_DESIGN_GEOMETRIC_PRESENTATION_REPRESENTATION (  '', ( #2584 ), #36 ) ;
#3093 = VERTEX_POINT ( 'NONE', #3145 ) ;
#3094 = CARTESIAN_POINT ( 'NONE',  ( 1.586545031820006100, 1.500000000000000000, -0.7141785842762045100 ) ) ;
#3095 = VECTOR ( 'NONE', #1735, 1000.000000000000000 ) ;
#3096 = ORIENTED_EDGE ( 'NONE', *, *, #399, .F. ) ;
#3097 = FILL_AREA_STYLE ('',( #827 ) ) ;
#3098 = CARTESIAN_POINT ( 'NONE',  ( 1.455842603308309800, 1.499000000000000100, -0.7457361340887325200 ) ) ;
#3099 = CARTESIAN_POINT ( 'NONE',  ( 1.058640297848006500, 1.499000000000000100, -1.047445026902869700 ) ) ;
#3100 = EDGE_CURVE ( 'NONE', #1760, #1616, #3156, .T. ) ;
#3101 =( GEOMETRIC_REPRESENTATION_CONTEXT ( 3 ) GLOBAL_UNCERTAINTY_ASSIGNED_CONTEXT ( ( #2197 ) ) GLOBAL_UNIT_ASSIGNED_CONTEXT ( ( #2707, #1205, #2961 ) ) REPRESENTATION_CONTEXT ( 'NONE', 'WORKASPACE' ) );
#3102 = CARTESIAN_POINT ( 'NONE',  ( 1.097244454863652900, 1.500000000000000200, -0.2560289607860884400 ) ) ;
#3103 = CARTESIAN_POINT ( 'NONE',  ( 1.604999999999999800, 0.0000000000000000000, 1.625000000000000400 ) ) ;
#3104 = FILL_AREA_STYLE ('',( #1849 ) ) ;
#3105 = VECTOR ( 'NONE', #955, 1000.000000000000000 ) ;
#3106 = CARTESIAN_POINT ( 'NONE',  ( 1.163981641328089500, 1.499000000000000100, -0.8653319817567219900 ) ) ;
#3107 = ORIENTED_EDGE ( 'NONE', *, *, #1943, .T. ) ;
#3108 = COLOUR_RGB ( '',0.1921568627450980200, 0.2039215686274509800, 0.2039215686274509800 ) ;
#3109 = ORIENTED_EDGE ( 'NONE', *, *, #2747, .T. ) ;
#3110 = CARTESIAN_POINT ( 'NONE',  ( 1.586545031820005400, 1.499000000000000100, 0.8242829541853342600 ) ) ;
#3111 = ORIENTED_EDGE ( 'NONE', *, *, #382, .F. ) ;
#3112 = CARTESIAN_POINT ( 'NONE',  ( 0.8929323698435282000, 1.499000000000000100, -1.053744851605088900 ) ) ;
#3113 = DIRECTION ( 'NONE',  ( -0.0000000000000000000, 1.000000000000000000, -0.0000000000000000000 ) ) ;
#3114 = DIRECTION ( 'NONE',  ( 0.0000000000000000000, 0.0000000000000000000, -1.000000000000000000 ) ) ;
#3115 = COLOUR_RGB ( '',1.000000000000000000, 1.000000000000000000, 1.000000000000000000 ) ;
#3116 = PRESENTATION_LAYER_ASSIGNMENT (  '', '', ( #2764 ) ) ;
#3117 = CARTESIAN_POINT ( 'NONE',  ( 1.058640297848006500, 1.500000000000000000, -0.2782142576721004500 ) ) ;
#3118 = SURFACE_STYLE_USAGE ( .BOTH. , #599 ) ;
#3119 = FACE_OUTER_BOUND ( 'NONE', #2393, .T. ) ;
#3120 = EDGE_CURVE ( 'NONE', #1946, #425, #1501, .T. ) ;
#3121 =( NAMED_UNIT ( * ) PLANE_ANGLE_UNIT ( ) SI_UNIT ( $, .RADIAN. ) );
#3122 = CARTESIAN_POINT ( 'NONE',  ( 1.501180092310289600, 1.499000000000000100, -0.8617148020095404300 ) ) ;
#3123 = CARTESIAN_POINT ( 'NONE',  ( 0.9488052297886936400, 1.499999999999999800, -1.006177418650820600 ) ) ;
#3124 = CARTESIAN_POINT ( 'NONE',  ( 0.8929323698435282000, 1.500000000000000000, -1.053744851605088900 ) ) ;
#3125 = CARTESIAN_POINT ( 'NONE',  ( -1.604999999999999800, -0.1000000000000000100, -1.625000000000000000 ) ) ;
#3126 = CARTESIAN_POINT ( 'NONE',  ( 1.022092828796336200, 1.500000000000000900, -1.069777210098908700 ) ) ;
#3127 = VERTEX_POINT ( 'NONE', #2394 ) ;
#3128 = CARTESIAN_POINT ( 'NONE',  ( 1.022092828796336200, 1.500000000000000200, -0.3005464408681388100 ) ) ;
#3129 = DIRECTION ( 'NONE',  ( -1.726864204244106600E-015, 0.0000000000000000000, -1.000000000000000000 ) ) ;
#3130 = CARTESIAN_POINT ( 'NONE',  ( 1.480071792920451400, 1.499000000000000100, 0.6712150842923471100 ) ) ;
#3131 =( NAMED_UNIT ( * ) SI_UNIT ( $, .STERADIAN. ) SOLID_ANGLE_UNIT ( ) );
#3132 = LINE ( 'NONE', #3045, #2457 ) ;
#3133 = CARTESIAN_POINT ( 'NONE',  ( 1.610805886107622000, 1.499999999999999600, -0.8381423222738732000 ) ) ;
#3134 = MECHANICAL_DESIGN_GEOMETRIC_PRESENTATION_REPRESENTATION (  '', ( #2624 ), #73 ) ;
#3135 = ORIENTED_EDGE ( 'NONE', *, *, #419, .F. ) ;
#3136 = CARTESIAN_POINT ( 'NONE',  ( 0.8773183431569596700, 1.500000000000000200, 0.3640580657181616800 ) ) ;
#3137 = LINE ( 'NONE', #3124, #2461 ) ;
#3138 = DIRECTION ( 'NONE',  ( -0.0000000000000000000, 1.000000000000000000, -0.0000000000000000000 ) ) ;
#3139 = AXIS2_PLACEMENT_3D ( 'NONE', #1938, #944, #1184 ) ;
#3140 = CARTESIAN_POINT ( 'NONE',  ( 1.680333660469139700, 1.499000000000000100, -0.05938710461581957200 ) ) ;
#3141 = EDGE_CURVE ( 'NONE', #1405, #1648, #2185, .T. ) ;
#3142 = ORIENTED_EDGE ( 'NONE', *, *, #2726, .T. ) ;
#3143 = CARTESIAN_POINT ( 'NONE',  ( 0.7647272416384000000, 1.499000000000000100, 0.9975371996769626400 ) ) ;
#3144 = CARTESIAN_POINT ( 'NONE',  ( 1.058640297848006500, 1.500000000000000000, 0.4910165115586687100 ) ) ;
#3145 = CARTESIAN_POINT ( 'NONE',  ( 1.480071792920451400, 1.500000000000000000, -0.09801568493842208200 ) ) ;
#3146 = ADVANCED_FACE ( 'NONE', ( #2827 ), #2992, .F. ) ;
#3147 = CARTESIAN_POINT ( 'NONE',  ( 1.751906728817887300, 1.499000000000000100, -0.8229756208358580700 ) ) ;
#3148 = CARTESIAN_POINT ( 'NONE',  ( -0.3479645669291339100, 1.499000000000000100, -0.1738976377952753700 ) ) ;
#3149 = EDGE_LOOP ( 'NONE', ( #3221, #2243, #1143, #1692 ) ) ;
#3150 =( LENGTH_UNIT ( ) NAMED_UNIT ( * ) SI_UNIT ( .MILLI., .METRE. ) );
#3151 = CARTESIAN_POINT ( 'NONE',  ( 0.8684932672794256600, 1.500000000000000000, 0.3565115586513215000 ) ) ;
#3152 = DIRECTION ( 'NONE',  ( 0.0000000000000000000, -0.0000000000000000000, -1.000000000000000000 ) ) ;
#3153 = EDGE_CURVE ( 'NONE', #804, #426, #685, .T. ) ;
#3154 = DIRECTION ( 'NONE',  ( 8.341556776181732300E-014, -1.000000000000000000, -9.754827078878659500E-014 ) ) ;
#3155 = PLANE ( 'NONE',  #2651 ) ;
#3156 = B_SPLINE_CURVE_WITH_KNOTS ( 'NONE', 3,
 ( #1892, #169, #2145, #678 ),
 .UNSPECIFIED., .F., .F.,
 ( 4, 4 ),
 ( 0.3636363636363636500, 0.4545454545454545900 ),
 .UNSPECIFIED. ) ;
#3157 = CARTESIAN_POINT ( 'NONE',  ( -1.604999999999999800, -0.0000000000000000000, -1.625000000000000000 ) ) ;
#3158 = COLOUR_RGB ( '',0.7921568627450980000, 0.8196078431372548800, 0.9333333333333333500 ) ;
#3159 = ORIENTED_EDGE ( 'NONE', *, *, #1, .F. ) ;
#3160 = VECTOR ( 'NONE', #418, 1000.000000000000000 ) ;
#3161 = PRESENTATION_STYLE_ASSIGNMENT (( #875 ) ) ;
#3162 =( GEOMETRIC_REPRESENTATION_CONTEXT ( 3 ) GLOBAL_UNCERTAINTY_ASSIGNED_CONTEXT ( ( #2569 ) ) GLOBAL_UNIT_ASSIGNED_CONTEXT ( ( #251, #2923, #695 ) ) REPRESENTATION_CONTEXT ( 'NONE', 'WORKASPACE' ) );
#3163 = FILL_AREA_STYLE_COLOUR ( '', #612 ) ;
#3164 = FILL_AREA_STYLE_COLOUR ( '', #776 ) ;
#3165 = COLOUR_RGB ( '',0.8274509803921568100, 0.8392156862745098200, 0.8274509803921568100 ) ;
#3166 = EDGE_CURVE ( 'NONE', #2030, #1533, #2498, .T. ) ;
#3167 = CARTESIAN_POINT ( 'NONE',  ( -1.779138873006797400, 1.499000000000000100, 1.599999999999999400 ) ) ;
#3168 = DIRECTION ( 'NONE',  ( 0.0000000000000000000, 0.0000000000000000000, -1.000000000000000000 ) ) ;
#3169 = STYLED_ITEM ( 'NONE', ( #2280 ), #2629 ) ;
#3170 = CARTESIAN_POINT ( 'NONE',  ( 0.9874513463963773300, 1.500000000000000000, -0.3227206792612262200 ) ) ;
#3171 = FILL_AREA_STYLE ('',( #2808 ) ) ;
#3172 = UNCERTAINTY_MEASURE_WITH_UNIT (LENGTH_MEASURE( 1.000000000000000100E-005 ), #2083, 'distance_accuracy_value', 'NONE');
#3173 = CARTESIAN_POINT ( 'NONE',  ( -0.6001240157480283200, 1.499000000000000100, 0.4603641732283489900 ) ) ;
#3174 = CARTESIAN_POINT ( 'NONE',  ( 1.480071792920451400, 1.500000000000000000, -0.8672464541691913300 ) ) ;
#3175 =( NAMED_UNIT ( * ) SI_UNIT ( $, .STERADIAN. ) SOLID_ANGLE_UNIT ( ) );
#3176 = DIRECTION ( 'NONE',  ( 1.000000000000000000, 0.0000000000000000000, 0.0000000000000000000 ) ) ;
#3177 = UNCERTAINTY_MEASURE_WITH_UNIT (LENGTH_MEASURE( 1.000000000000000100E-005 ), #811, 'distance_accuracy_value', 'NONE');
#3178 = CARTESIAN_POINT ( 'NONE',  ( -0.6001240157480283200, 1.499000000000000100, 0.4603641732283489900 ) ) ;
#3179 = ORIENTED_EDGE ( 'NONE', *, *, #91, .F. ) ;
#3180 = FILL_AREA_STYLE_COLOUR ( '', #1847 ) ;
#3181 = FACE_OUTER_BOUND ( 'NONE', #113, .T. ) ;
#3182 = CARTESIAN_POINT ( 'NONE',  ( 0.9547048450400021900, 1.500000000000000200, -0.3449213350725736600 ) ) ;
#3183 = DIRECTION ( 'NONE',  ( 0.0000000000000000000, 0.0000000000000000000, 1.000000000000000000 ) ) ;
#3184 = SURFACE_STYLE_FILL_AREA ( #3082 ) ;
#3185 = CARTESIAN_POINT ( 'NONE',  ( 1.548993573913792100, 1.500000000000000000, -0.7221465875065599100 ) ) ;
#3186 = VECTOR ( 'NONE', #860, 1000.000000000000000 ) ;
#3187 = CARTESIAN_POINT ( 'NONE',  ( 1.450844423491869200, 1.499999999999999800, -0.8757765589586755700 ) ) ;
#3188 = CARTESIAN_POINT ( 'NONE',  ( 1.741952235316691600, 1.499999999999998700, 0.07415276901008967200 ) ) ;
#3189 =( GEOMETRIC_REPRESENTATION_CONTEXT ( 3 ) GLOBAL_UNCERTAINTY_ASSIGNED_CONTEXT ( ( #1417 ) ) GLOBAL_UNIT_ASSIGNED_CONTEXT ( ( #386, #323, #2302 ) ) REPRESENTATION_CONTEXT ( 'NONE', 'WORKASPACE' ) );
#3190 = ORIENTED_EDGE ( 'NONE', *, *, #441, .F. ) ;
#3191 =( GEOMETRIC_REPRESENTATION_CONTEXT ( 3 ) GLOBAL_UNCERTAINTY_ASSIGNED_CONTEXT ( ( #3172 ) ) GLOBAL_UNIT_ASSIGNED_CONTEXT ( ( #2083, #359, #1818 ) ) REPRESENTATION_CONTEXT ( 'NONE', 'WORKASPACE' ) );
#3192 = STYLED_ITEM ( 'NONE', ( #2270 ), #1023 ) ;
#3193 = ORIENTED_EDGE ( 'NONE', *, *, #1234, .F. ) ;
#3194 = CARTESIAN_POINT ( 'NONE',  ( 0.9241035623546726100, 1.500000000000000400, -0.3673885874238487800 ) ) ;
#3195 = CARTESIAN_POINT ( 'NONE',  ( 0.9200193266988363500, 1.500000000000000000, -1.029464509995124300 ) ) ;
#3196 = CARTESIAN_POINT ( 'NONE',  ( 1.392243830835394600, 1.500000000000000200, -0.8928793364531427700 ) ) ;
#3197 = CARTESIAN_POINT ( 'NONE',  ( 1.690025797102461900, 1.499000000000000100, 0.07072400038568282800 ) ) ;
#3198 = FACE_OUTER_BOUND ( 'NONE', #2391, .T. ) ;
#3199 = CARTESIAN_POINT ( 'NONE',  ( 0.4027539370078745400, 1.499000000000000100, -0.3633523622047243900 ) ) ;
#3200 = ORIENTED_EDGE ( 'NONE', *, *, #1068, .F. ) ;
#3201 = VERTEX_POINT ( 'NONE', #2414 ) ;
#3202 =( NAMED_UNIT ( * ) PLANE_ANGLE_UNIT ( ) SI_UNIT ( $, .RADIAN. ) );
#3203 = SURFACE_STYLE_FILL_AREA ( #2421 ) ;
#3204 = ORIENTED_EDGE ( 'NONE', *, *, #55, .T. ) ;
#3205 =( NAMED_UNIT ( * ) PLANE_ANGLE_UNIT ( ) SI_UNIT ( $, .RADIAN. ) );
#3206 = PRESENTATION_LAYER_ASSIGNMENT (  '', '', ( #2850 ) ) ;
#3207 = VECTOR ( 'NONE', #588, 1000.000000000000000 ) ;
#3208 = SURFACE_SIDE_STYLE ('',( #2276 ) ) ;
#3209 = CARTESIAN_POINT ( 'NONE',  ( 1.721481405670426800, 1.500000000000000400, 0.8427511669918307200 ) ) ;
#3210 = CARTESIAN_POINT ( 'NONE',  ( 1.010354588278905100, 1.500000000000000000, -0.1910005552402744300 ) ) ;
#3211 = CARTESIAN_POINT ( 'NONE',  ( 0.8929323698435282000, 1.499000000000000100, -0.5409243387845759100 ) ) ;
#3212 = DIRECTION ( 'NONE',  ( 0.0000000000000000000, 0.0000000000000000000, 1.000000000000000000 ) ) ;
#3213 = ORIENTED_EDGE ( 'NONE', *, *, #2094, .T. ) ;
#3214 = CARTESIAN_POINT ( 'NONE',  ( 1.114153073453910000, 1.500000000000000200, 0.6444479625238122000 ) ) ;
#3215 = FACE_BOUND ( 'NONE', #828, .T. ) ;
#3216 = ORIENTED_EDGE ( 'NONE', *, *, #2884, .F. ) ;
#3217 = CARTESIAN_POINT ( 'NONE',  ( 1.307326258058622500, 1.500000000000000900, -0.02782465323376388800 ) ) ;
#3218 = EDGE_CURVE ( 'NONE', #1533, #674, #538, .T. ) ;
#3219 = FILL_AREA_STYLE_COLOUR ( '', #2406 ) ;
#3220 = LINE ( 'NONE', #580, #499 ) ;
#3221 = ORIENTED_EDGE ( 'NONE', *, *, #864, .T. ) ;
#3222 = MECHANICAL_DESIGN_GEOMETRIC_PRESENTATION_REPRESENTATION (  '', ( #2239 ), #156 ) ;
#3223 = PRESENTATION_STYLE_ASSIGNMENT (( #613 ) ) ;
#3224 = EDGE_LOOP ( 'NONE', ( #1575, #3004, #1655, #1305 ) ) ;
#3225 = DIRECTION ( 'NONE',  ( 0.0000000000000000000, 0.0000000000000000000, 1.000000000000000000 ) ) ;
#3226 = CARTESIAN_POINT ( 'NONE',  ( 1.509960204297906800, 1.500000000000000200, 0.03756791232964204500 ) ) ;
#3227 = EDGE_LOOP ( 'NONE', ( #2983, #3159, #1041, #1980 ) ) ;
ENDSEC;
END-ISO-10303-21;
