ISO-10303-21;
HEADER;
FILE_DESCRIPTION(('FreeCAD Model'),'2;1');
FILE_NAME('Open CASCADE Shape Model','2026-10-02T22:33:44',('FreeCAD'),(
    'FreeCAD'),'Open CASCADE STEP processor 7.8','FreeCAD','Unknown');
FILE_SCHEMA(('AUTOMOTIVE_DESIGN { 1 0 10303 214 1 1 1 1 }'));
ENDSEC;
DATA;
#1 = APPLICATION_PROTOCOL_DEFINITION('international standard',
  'automotive_design',2000,#2);
#2 = APPLICATION_CONTEXT(
  'core data for automotive mechanical design processes');
#3 = SHAPE_DEFINITION_REPRESENTATION(#4,#10);
#4 = PRODUCT_DEFINITION_SHAPE('','',#5);
#5 = PRODUCT_DEFINITION('design','',#6,#9);
#6 = PRODUCT_DEFINITION_FORMATION('','',#7);
#7 = PRODUCT('Open CASCADE STEP translator 7.8 1',
  'Open CASCADE STEP translator 7.8 1','',(#8));
#8 = PRODUCT_CONTEXT('',#2,'mechanical');
#9 = PRODUCT_DEFINITION_CONTEXT('part definition',#2,'design');
#10 = ADVANCED_BREP_SHAPE_REPRESENTATION('',(#11,#15),#14804);
#11 = AXIS2_PLACEMENT_3D('',#12,#13,#14);
#12 = CARTESIAN_POINT('',(0.,0.,0.));
#13 = DIRECTION('',(0.,0.,1.));
#14 = DIRECTION('',(1.,0.,-0.));
#15 = MANIFOLD_SOLID_BREP('',#16);
#16 = CLOSED_SHELL('',(#17,#59,#101,#143,#185,#227,#259,#291,#323,#355,
    #387,#429,#461,#537,#569,#2099,#2123,#2163,#2203,#2243,#2283,#2323,
    #2363,#2403,#2443,#2483,#2523,#2563,#2603,#2643,#2683,#2723,#2763,
    #2803,#2843,#2883,#2923,#2963,#3003,#3043,#3083,#3123,#3163,#3203,
    #3243,#3283,#3323,#3363,#3403,#3443,#3483,#3523,#3563,#3603,#3643,
    #3683,#3723,#3754,#3785,#3826,#3857,#3879,#3944,#4007,#4029,#4629,
    #4881,#4898,#4920,#4954,#4974,#4998,#5008,#5020,#5060,#5084,#5117,
    #5134,#5174,#5214,#5231,#5248,#5279,#5296,#5327,#5344,#5361,#5378,
    #5395,#5412,#5429,#5446,#5463,#5480,#5497,#5514,#5531,#5548,#5565,
    #5582,#5599,#5616,#5633,#5650,#5667,#5684,#5701,#5718,#5735,#5752,
    #5769,#5786,#5803,#5820,#5837,#5854,#5871,#5888,#5905,#5922,#5939,
    #5956,#5973,#5990,#6007,#6024,#6063,#6095,#6119,#6136,#6167,#6191,
    #6215,#6232,#6263,#6287,#6311,#6328,#6359,#6383,#6415,#6440,#6480,
    #6520,#6889,#7076,#7111,#7133,#7150,#7167,#7179,#7210,#7252,#7276,
    #7311,#7333,#7355,#7372,#7397,#7415,#7427,#7458,#7500,#7524,#7559,
    #7581,#7611,#7634,#7651,#7663,#7675,#7724,#7748,#7790,#7807,#7829,
    #7851,#7868,#7885,#7897,#7946,#7970,#8012,#8029,#8051,#8073,#8090,
    #8107,#8119,#8168,#8192,#8234,#8251,#8273,#8285,#8297,#8309,#8321,
    #8333,#8345,#8357,#8369,#8381,#8393,#8411,#8427,#8445,#8461,#8479,
    #8495,#8513,#8529,#8547,#8563,#8575,#8587,#8599,#8611,#8623,#8645,
    #8664,#8683,#8695,#8726,#8750,#8774,#8798,#8822,#8839,#8853,#8889,
    #8913,#8942,#8971,#9000,#9029,#9058,#9087,#9111,#9140,#9169,#9198,
    #9227,#9249,#9271,#9302,#9326,#9350,#9374,#9398,#9422,#9446,#9470,
    #9494,#9518,#9542,#9559,#9579,#9709,#9731,#9752,#9773,#9794,#9815,
    #9832,#9844,#9875,#9899,#9923,#9952,#9981,#10010,#10032,#10047,
    #10171,#10193,#10210,#10227,#10244,#10261,#10278,#10295,#10307,
    #10338,#10362,#10391,#10415,#10444,#10461,#10475,#10506,#10530,
    #10554,#10578,#10602,#10626,#10650,#10674,#10698,#10722,#10746,
    #10763,#10783,#10983,#11009,#11026,#11047,#11068,#11085,#11106,
    #11127,#11148,#11169,#11186,#11203,#11220,#11237,#11253,#11289,
    #11318,#11347,#11376,#11405,#11434,#11458,#11475,#11491,#11527,
    #11551,#11580,#11609,#11638,#11667,#11696,#11725,#11754,#11783,
    #11812,#11841,#11865,#11894,#11923,#11952,#11981,#12010,#12039,
    #12068,#12090,#12119,#12150,#12174,#12203,#12227,#12251,#12275,
    #12299,#12323,#12347,#12376,#12405,#12429,#12458,#12487,#12504,
    #12527,#12558,#12582,#12606,#12630,#12654,#12678,#12702,#12726,
    #12750,#12774,#12798,#12815,#12835,#12965,#12987,#13008,#13029,
    #13050,#13071,#13088,#13100,#13131,#13155,#13179,#13208,#13237,
    #13266,#13288,#13303,#13427,#13449,#13466,#13483,#13500,#13517,
    #13534,#13551,#13563,#13594,#13618,#13647,#13671,#13700,#13717,
    #13731,#14056,#14082,#14103,#14124,#14145,#14166,#14187,#14208,
    #14229,#14250,#14271,#14292,#14313,#14330,#14347,#14364,#14381,
    #14402,#14423,#14444,#14465,#14486,#14507,#14528,#14545,#14566,
    #14587,#14604,#14625,#14646,#14667,#14684,#14705,#14721,#14766,
    #14794));
#17 = ADVANCED_FACE('',(#18),#54,.T.);
#18 = FACE_BOUND('',#19,.T.);
#19 = EDGE_LOOP('',(#20,#31,#39,#48));
#20 = ORIENTED_EDGE('',*,*,#21,.F.);
#21 = EDGE_CURVE('',#22,#24,#26,.T.);
#22 = VERTEX_POINT('',#23);
#23 = CARTESIAN_POINT('',(-5.05,-4.995,-1.));
#24 = VERTEX_POINT('',#25);
#25 = CARTESIAN_POINT('',(-4.45,-4.995,-1.));
#26 = CIRCLE('',#27,0.3);
#27 = AXIS2_PLACEMENT_3D('',#28,#29,#30);
#28 = CARTESIAN_POINT('',(-4.75,-4.995,-1.));
#29 = DIRECTION('',(0.,0.,-1.));
#30 = DIRECTION('',(1.,0.,0.));
#31 = ORIENTED_EDGE('',*,*,#32,.T.);
#32 = EDGE_CURVE('',#22,#33,#35,.T.);
#33 = VERTEX_POINT('',#34);
#34 = CARTESIAN_POINT('',(-5.15,-4.995,-0.9));
#35 = LINE('',#36,#37);
#36 = CARTESIAN_POINT('',(-5.05,-4.995,-1.));
#37 = VECTOR('',#38,1.);
#38 = DIRECTION('',(-0.707106781187,8.659560562355E-17,0.707106781187));
#39 = ORIENTED_EDGE('',*,*,#40,.F.);
#40 = EDGE_CURVE('',#41,#33,#43,.T.);
#41 = VERTEX_POINT('',#42);
#42 = CARTESIAN_POINT('',(-4.35,-4.995,-0.9));
#43 = CIRCLE('',#44,0.4);
#44 = AXIS2_PLACEMENT_3D('',#45,#46,#47);
#45 = CARTESIAN_POINT('',(-4.75,-4.995,-0.9));
#46 = DIRECTION('',(0.,0.,1.));
#47 = DIRECTION('',(1.,0.,-0.));
#48 = ORIENTED_EDGE('',*,*,#49,.F.);
#49 = EDGE_CURVE('',#24,#41,#50,.T.);
#50 = LINE('',#51,#52);
#51 = CARTESIAN_POINT('',(-4.45,-4.995,-1.));
#52 = VECTOR('',#53,1.);
#53 = DIRECTION('',(0.707106781187,0.,0.707106781187));
#54 = CONICAL_SURFACE('',#55,0.3,0.785398163397);
#55 = AXIS2_PLACEMENT_3D('',#56,#57,#58);
#56 = CARTESIAN_POINT('',(-4.75,-4.995,-1.));
#57 = DIRECTION('',(0.,0.,1.));
#58 = DIRECTION('',(1.,0.,-0.));
#59 = ADVANCED_FACE('',(#60),#96,.T.);
#60 = FACE_BOUND('',#61,.T.);
#61 = EDGE_LOOP('',(#62,#73,#81,#90));
#62 = ORIENTED_EDGE('',*,*,#63,.F.);
#63 = EDGE_CURVE('',#64,#66,#68,.T.);
#64 = VERTEX_POINT('',#65);
#65 = CARTESIAN_POINT('',(-2.55,-4.995,-1.));
#66 = VERTEX_POINT('',#67);
#67 = CARTESIAN_POINT('',(-1.95,-4.995,-1.));
#68 = CIRCLE('',#69,0.3);
#69 = AXIS2_PLACEMENT_3D('',#70,#71,#72);
#70 = CARTESIAN_POINT('',(-2.25,-4.995,-1.));
#71 = DIRECTION('',(0.,0.,-1.));
#72 = DIRECTION('',(1.,0.,0.));
#73 = ORIENTED_EDGE('',*,*,#74,.T.);
#74 = EDGE_CURVE('',#64,#75,#77,.T.);
#75 = VERTEX_POINT('',#76);
#76 = CARTESIAN_POINT('',(-2.65,-4.995,-0.9));
#77 = LINE('',#78,#79);
#78 = CARTESIAN_POINT('',(-2.55,-4.995,-1.));
#79 = VECTOR('',#80,1.);
#80 = DIRECTION('',(-0.707106781187,8.659560562355E-17,0.707106781187));
#81 = ORIENTED_EDGE('',*,*,#82,.F.);
#82 = EDGE_CURVE('',#83,#75,#85,.T.);
#83 = VERTEX_POINT('',#84);
#84 = CARTESIAN_POINT('',(-1.85,-4.995,-0.9));
#85 = CIRCLE('',#86,0.4);
#86 = AXIS2_PLACEMENT_3D('',#87,#88,#89);
#87 = CARTESIAN_POINT('',(-2.25,-4.995,-0.9));
#88 = DIRECTION('',(0.,0.,1.));
#89 = DIRECTION('',(1.,0.,-0.));
#90 = ORIENTED_EDGE('',*,*,#91,.F.);
#91 = EDGE_CURVE('',#66,#83,#92,.T.);
#92 = LINE('',#93,#94);
#93 = CARTESIAN_POINT('',(-1.95,-4.995,-1.));
#94 = VECTOR('',#95,1.);
#95 = DIRECTION('',(0.707106781187,0.,0.707106781187));
#96 = CONICAL_SURFACE('',#97,0.3,0.785398163397);
#97 = AXIS2_PLACEMENT_3D('',#98,#99,#100);
#98 = CARTESIAN_POINT('',(-2.25,-4.995,-1.));
#99 = DIRECTION('',(0.,0.,1.));
#100 = DIRECTION('',(1.,0.,-0.));
#101 = ADVANCED_FACE('',(#102),#138,.T.);
#102 = FACE_BOUND('',#103,.T.);
#103 = EDGE_LOOP('',(#104,#115,#123,#132));
#104 = ORIENTED_EDGE('',*,*,#105,.F.);
#105 = EDGE_CURVE('',#106,#108,#110,.T.);
#106 = VERTEX_POINT('',#107);
#107 = CARTESIAN_POINT('',(-2.55,5.005,-1.));
#108 = VERTEX_POINT('',#109);
#109 = CARTESIAN_POINT('',(-1.95,5.005,-1.));
#110 = CIRCLE('',#111,0.3);
#111 = AXIS2_PLACEMENT_3D('',#112,#113,#114);
#112 = CARTESIAN_POINT('',(-2.25,5.005,-1.));
#113 = DIRECTION('',(0.,0.,-1.));
#114 = DIRECTION('',(-1.,0.,0.));
#115 = ORIENTED_EDGE('',*,*,#116,.T.);
#116 = EDGE_CURVE('',#106,#117,#119,.T.);
#117 = VERTEX_POINT('',#118);
#118 = CARTESIAN_POINT('',(-2.65,5.005,-0.9));
#119 = LINE('',#120,#121);
#120 = CARTESIAN_POINT('',(-2.55,5.005,-1.));
#121 = VECTOR('',#122,1.);
#122 = DIRECTION('',(-0.707106781187,8.659560562355E-17,0.707106781187)
  );
#123 = ORIENTED_EDGE('',*,*,#124,.F.);
#124 = EDGE_CURVE('',#125,#117,#127,.T.);
#125 = VERTEX_POINT('',#126);
#126 = CARTESIAN_POINT('',(-1.85,5.005,-0.9));
#127 = CIRCLE('',#128,0.4);
#128 = AXIS2_PLACEMENT_3D('',#129,#130,#131);
#129 = CARTESIAN_POINT('',(-2.25,5.005,-0.9));
#130 = DIRECTION('',(0.,0.,1.));
#131 = DIRECTION('',(-1.,0.,0.));
#132 = ORIENTED_EDGE('',*,*,#133,.F.);
#133 = EDGE_CURVE('',#108,#125,#134,.T.);
#134 = LINE('',#135,#136);
#135 = CARTESIAN_POINT('',(-1.95,5.005,-1.));
#136 = VECTOR('',#137,1.);
#137 = DIRECTION('',(0.707106781187,0.,0.707106781187));
#138 = CONICAL_SURFACE('',#139,0.3,0.785398163397);
#139 = AXIS2_PLACEMENT_3D('',#140,#141,#142);
#140 = CARTESIAN_POINT('',(-2.25,5.005,-1.));
#141 = DIRECTION('',(0.,0.,1.));
#142 = DIRECTION('',(1.,0.,-0.));
#143 = ADVANCED_FACE('',(#144),#180,.T.);
#144 = FACE_BOUND('',#145,.T.);
#145 = EDGE_LOOP('',(#146,#157,#165,#174));
#146 = ORIENTED_EDGE('',*,*,#147,.F.);
#147 = EDGE_CURVE('',#148,#150,#152,.T.);
#148 = VERTEX_POINT('',#149);
#149 = CARTESIAN_POINT('',(2.35,5.E-03,-1.));
#150 = VERTEX_POINT('',#151);
#151 = CARTESIAN_POINT('',(2.95,5.E-03,-1.));
#152 = CIRCLE('',#153,0.3);
#153 = AXIS2_PLACEMENT_3D('',#154,#155,#156);
#154 = CARTESIAN_POINT('',(2.65,5.E-03,-1.));
#155 = DIRECTION('',(0.,0.,-1.));
#156 = DIRECTION('',(-1.,0.,0.));
#157 = ORIENTED_EDGE('',*,*,#158,.T.);
#158 = EDGE_CURVE('',#148,#159,#161,.T.);
#159 = VERTEX_POINT('',#160);
#160 = CARTESIAN_POINT('',(2.25,5.E-03,-0.9));
#161 = LINE('',#162,#163);
#162 = CARTESIAN_POINT('',(2.35,5.E-03,-1.));
#163 = VECTOR('',#164,1.);
#164 = DIRECTION('',(-0.707106781187,8.659560562355E-17,0.707106781187)
  );
#165 = ORIENTED_EDGE('',*,*,#166,.F.);
#166 = EDGE_CURVE('',#167,#159,#169,.T.);
#167 = VERTEX_POINT('',#168);
#168 = CARTESIAN_POINT('',(3.05,5.E-03,-0.9));
#169 = CIRCLE('',#170,0.4);
#170 = AXIS2_PLACEMENT_3D('',#171,#172,#173);
#171 = CARTESIAN_POINT('',(2.65,5.E-03,-0.9));
#172 = DIRECTION('',(0.,0.,1.));
#173 = DIRECTION('',(-1.,0.,0.));
#174 = ORIENTED_EDGE('',*,*,#175,.F.);
#175 = EDGE_CURVE('',#150,#167,#176,.T.);
#176 = LINE('',#177,#178);
#177 = CARTESIAN_POINT('',(2.95,5.E-03,-1.));
#178 = VECTOR('',#179,1.);
#179 = DIRECTION('',(0.707106781187,0.,0.707106781187));
#180 = CONICAL_SURFACE('',#181,0.3,0.785398163397);
#181 = AXIS2_PLACEMENT_3D('',#182,#183,#184);
#182 = CARTESIAN_POINT('',(2.65,5.E-03,-1.));
#183 = DIRECTION('',(0.,0.,1.));
#184 = DIRECTION('',(1.,0.,-0.));
#185 = ADVANCED_FACE('',(#186),#222,.T.);
#186 = FACE_BOUND('',#187,.T.);
#187 = EDGE_LOOP('',(#188,#199,#207,#216));
#188 = ORIENTED_EDGE('',*,*,#189,.F.);
#189 = EDGE_CURVE('',#190,#192,#194,.T.);
#190 = VERTEX_POINT('',#191);
#191 = CARTESIAN_POINT('',(-5.05,5.005,-1.));
#192 = VERTEX_POINT('',#193);
#193 = CARTESIAN_POINT('',(-4.45,5.005,-1.));
#194 = CIRCLE('',#195,0.3);
#195 = AXIS2_PLACEMENT_3D('',#196,#197,#198);
#196 = CARTESIAN_POINT('',(-4.75,5.005,-1.));
#197 = DIRECTION('',(0.,0.,-1.));
#198 = DIRECTION('',(-1.,0.,0.));
#199 = ORIENTED_EDGE('',*,*,#200,.T.);
#200 = EDGE_CURVE('',#190,#201,#203,.T.);
#201 = VERTEX_POINT('',#202);
#202 = CARTESIAN_POINT('',(-5.15,5.005,-0.9));
#203 = LINE('',#204,#205);
#204 = CARTESIAN_POINT('',(-5.05,5.005,-1.));
#205 = VECTOR('',#206,1.);
#206 = DIRECTION('',(-0.707106781187,8.659560562355E-17,0.707106781187)
  );
#207 = ORIENTED_EDGE('',*,*,#208,.F.);
#208 = EDGE_CURVE('',#209,#201,#211,.T.);
#209 = VERTEX_POINT('',#210);
#210 = CARTESIAN_POINT('',(-4.35,5.005,-0.9));
#211 = CIRCLE('',#212,0.4);
#212 = AXIS2_PLACEMENT_3D('',#213,#214,#215);
#213 = CARTESIAN_POINT('',(-4.75,5.005,-0.9));
#214 = DIRECTION('',(0.,0.,1.));
#215 = DIRECTION('',(-1.,0.,0.));
#216 = ORIENTED_EDGE('',*,*,#217,.F.);
#217 = EDGE_CURVE('',#192,#209,#218,.T.);
#218 = LINE('',#219,#220);
#219 = CARTESIAN_POINT('',(-4.45,5.005,-1.));
#220 = VECTOR('',#221,1.);
#221 = DIRECTION('',(0.707106781187,0.,0.707106781187));
#222 = CONICAL_SURFACE('',#223,0.3,0.785398163397);
#223 = AXIS2_PLACEMENT_3D('',#224,#225,#226);
#224 = CARTESIAN_POINT('',(-4.75,5.005,-1.));
#225 = DIRECTION('',(0.,0.,1.));
#226 = DIRECTION('',(1.,0.,-0.));
#227 = ADVANCED_FACE('',(#228),#254,.T.);
#228 = FACE_BOUND('',#229,.T.);
#229 = EDGE_LOOP('',(#230,#231,#239,#248));
#230 = ORIENTED_EDGE('',*,*,#40,.T.);
#231 = ORIENTED_EDGE('',*,*,#232,.T.);
#232 = EDGE_CURVE('',#33,#233,#235,.T.);
#233 = VERTEX_POINT('',#234);
#234 = CARTESIAN_POINT('',(-5.15,-4.995,0.));
#235 = LINE('',#236,#237);
#236 = CARTESIAN_POINT('',(-5.15,-4.995,-1.));
#237 = VECTOR('',#238,1.);
#238 = DIRECTION('',(-0.,-0.,1.));
#239 = ORIENTED_EDGE('',*,*,#240,.T.);
#240 = EDGE_CURVE('',#233,#241,#243,.T.);
#241 = VERTEX_POINT('',#242);
#242 = CARTESIAN_POINT('',(-4.35,-4.995,0.));
#243 = CIRCLE('',#244,0.4);
#244 = AXIS2_PLACEMENT_3D('',#245,#246,#247);
#245 = CARTESIAN_POINT('',(-4.75,-4.995,0.));
#246 = DIRECTION('',(0.,0.,-1.));
#247 = DIRECTION('',(1.,0.,0.));
#248 = ORIENTED_EDGE('',*,*,#249,.F.);
#249 = EDGE_CURVE('',#41,#241,#250,.T.);
#250 = LINE('',#251,#252);
#251 = CARTESIAN_POINT('',(-4.35,-4.995,-1.));
#252 = VECTOR('',#253,1.);
#253 = DIRECTION('',(-0.,-0.,1.));
#254 = CYLINDRICAL_SURFACE('',#255,0.4);
#255 = AXIS2_PLACEMENT_3D('',#256,#257,#258);
#256 = CARTESIAN_POINT('',(-4.75,-4.995,-1.));
#257 = DIRECTION('',(-0.,-0.,1.));
#258 = DIRECTION('',(1.,0.,0.));
#259 = ADVANCED_FACE('',(#260),#286,.T.);
#260 = FACE_BOUND('',#261,.T.);
#261 = EDGE_LOOP('',(#262,#263,#271,#280));
#262 = ORIENTED_EDGE('',*,*,#82,.T.);
#263 = ORIENTED_EDGE('',*,*,#264,.T.);
#264 = EDGE_CURVE('',#75,#265,#267,.T.);
#265 = VERTEX_POINT('',#266);
#266 = CARTESIAN_POINT('',(-2.65,-4.995,0.));
#267 = LINE('',#268,#269);
#268 = CARTESIAN_POINT('',(-2.65,-4.995,-1.));
#269 = VECTOR('',#270,1.);
#270 = DIRECTION('',(-0.,-0.,1.));
#271 = ORIENTED_EDGE('',*,*,#272,.T.);
#272 = EDGE_CURVE('',#265,#273,#275,.T.);
#273 = VERTEX_POINT('',#274);
#274 = CARTESIAN_POINT('',(-1.85,-4.995,0.));
#275 = CIRCLE('',#276,0.4);
#276 = AXIS2_PLACEMENT_3D('',#277,#278,#279);
#277 = CARTESIAN_POINT('',(-2.25,-4.995,0.));
#278 = DIRECTION('',(0.,0.,-1.));
#279 = DIRECTION('',(1.,0.,0.));
#280 = ORIENTED_EDGE('',*,*,#281,.F.);
#281 = EDGE_CURVE('',#83,#273,#282,.T.);
#282 = LINE('',#283,#284);
#283 = CARTESIAN_POINT('',(-1.85,-4.995,-1.));
#284 = VECTOR('',#285,1.);
#285 = DIRECTION('',(-0.,-0.,1.));
#286 = CYLINDRICAL_SURFACE('',#287,0.4);
#287 = AXIS2_PLACEMENT_3D('',#288,#289,#290);
#288 = CARTESIAN_POINT('',(-2.25,-4.995,-1.));
#289 = DIRECTION('',(-0.,-0.,1.));
#290 = DIRECTION('',(1.,0.,0.));
#291 = ADVANCED_FACE('',(#292),#318,.T.);
#292 = FACE_BOUND('',#293,.T.);
#293 = EDGE_LOOP('',(#294,#295,#303,#312));
#294 = ORIENTED_EDGE('',*,*,#166,.T.);
#295 = ORIENTED_EDGE('',*,*,#296,.T.);
#296 = EDGE_CURVE('',#159,#297,#299,.T.);
#297 = VERTEX_POINT('',#298);
#298 = CARTESIAN_POINT('',(2.25,5.E-03,0.));
#299 = LINE('',#300,#301);
#300 = CARTESIAN_POINT('',(2.25,5.E-03,-1.));
#301 = VECTOR('',#302,1.);
#302 = DIRECTION('',(-0.,-0.,1.));
#303 = ORIENTED_EDGE('',*,*,#304,.T.);
#304 = EDGE_CURVE('',#297,#305,#307,.T.);
#305 = VERTEX_POINT('',#306);
#306 = CARTESIAN_POINT('',(3.05,5.E-03,0.));
#307 = CIRCLE('',#308,0.4);
#308 = AXIS2_PLACEMENT_3D('',#309,#310,#311);
#309 = CARTESIAN_POINT('',(2.65,5.E-03,0.));
#310 = DIRECTION('',(0.,0.,-1.));
#311 = DIRECTION('',(1.,0.,0.));
#312 = ORIENTED_EDGE('',*,*,#313,.F.);
#313 = EDGE_CURVE('',#167,#305,#314,.T.);
#314 = LINE('',#315,#316);
#315 = CARTESIAN_POINT('',(3.05,5.E-03,-1.));
#316 = VECTOR('',#317,1.);
#317 = DIRECTION('',(-0.,-0.,1.));
#318 = CYLINDRICAL_SURFACE('',#319,0.4);
#319 = AXIS2_PLACEMENT_3D('',#320,#321,#322);
#320 = CARTESIAN_POINT('',(2.65,5.E-03,-1.));
#321 = DIRECTION('',(-0.,-0.,1.));
#322 = DIRECTION('',(1.,0.,0.));
#323 = ADVANCED_FACE('',(#324),#350,.T.);
#324 = FACE_BOUND('',#325,.T.);
#325 = EDGE_LOOP('',(#326,#327,#335,#344));
#326 = ORIENTED_EDGE('',*,*,#124,.T.);
#327 = ORIENTED_EDGE('',*,*,#328,.T.);
#328 = EDGE_CURVE('',#117,#329,#331,.T.);
#329 = VERTEX_POINT('',#330);
#330 = CARTESIAN_POINT('',(-2.65,5.005,0.));
#331 = LINE('',#332,#333);
#332 = CARTESIAN_POINT('',(-2.65,5.005,-1.));
#333 = VECTOR('',#334,1.);
#334 = DIRECTION('',(-0.,-0.,1.));
#335 = ORIENTED_EDGE('',*,*,#336,.T.);
#336 = EDGE_CURVE('',#329,#337,#339,.T.);
#337 = VERTEX_POINT('',#338);
#338 = CARTESIAN_POINT('',(-1.85,5.005,0.));
#339 = CIRCLE('',#340,0.4);
#340 = AXIS2_PLACEMENT_3D('',#341,#342,#343);
#341 = CARTESIAN_POINT('',(-2.25,5.005,0.));
#342 = DIRECTION('',(0.,0.,-1.));
#343 = DIRECTION('',(1.,0.,0.));
#344 = ORIENTED_EDGE('',*,*,#345,.F.);
#345 = EDGE_CURVE('',#125,#337,#346,.T.);
#346 = LINE('',#347,#348);
#347 = CARTESIAN_POINT('',(-1.85,5.005,-1.));
#348 = VECTOR('',#349,1.);
#349 = DIRECTION('',(-0.,-0.,1.));
#350 = CYLINDRICAL_SURFACE('',#351,0.4);
#351 = AXIS2_PLACEMENT_3D('',#352,#353,#354);
#352 = CARTESIAN_POINT('',(-2.25,5.005,-1.));
#353 = DIRECTION('',(-0.,-0.,1.));
#354 = DIRECTION('',(1.,0.,0.));
#355 = ADVANCED_FACE('',(#356),#382,.T.);
#356 = FACE_BOUND('',#357,.T.);
#357 = EDGE_LOOP('',(#358,#359,#367,#376));
#358 = ORIENTED_EDGE('',*,*,#208,.T.);
#359 = ORIENTED_EDGE('',*,*,#360,.T.);
#360 = EDGE_CURVE('',#201,#361,#363,.T.);
#361 = VERTEX_POINT('',#362);
#362 = CARTESIAN_POINT('',(-5.15,5.005,0.));
#363 = LINE('',#364,#365);
#364 = CARTESIAN_POINT('',(-5.15,5.005,-1.));
#365 = VECTOR('',#366,1.);
#366 = DIRECTION('',(-0.,-0.,1.));
#367 = ORIENTED_EDGE('',*,*,#368,.T.);
#368 = EDGE_CURVE('',#361,#369,#371,.T.);
#369 = VERTEX_POINT('',#370);
#370 = CARTESIAN_POINT('',(-4.35,5.005,0.));
#371 = CIRCLE('',#372,0.4);
#372 = AXIS2_PLACEMENT_3D('',#373,#374,#375);
#373 = CARTESIAN_POINT('',(-4.75,5.005,0.));
#374 = DIRECTION('',(0.,0.,-1.));
#375 = DIRECTION('',(1.,0.,0.));
#376 = ORIENTED_EDGE('',*,*,#377,.F.);
#377 = EDGE_CURVE('',#209,#369,#378,.T.);
#378 = LINE('',#379,#380);
#379 = CARTESIAN_POINT('',(-4.35,5.005,-1.));
#380 = VECTOR('',#381,1.);
#381 = DIRECTION('',(-0.,-0.,1.));
#382 = CYLINDRICAL_SURFACE('',#383,0.4);
#383 = AXIS2_PLACEMENT_3D('',#384,#385,#386);
#384 = CARTESIAN_POINT('',(-4.75,5.005,-1.));
#385 = DIRECTION('',(-0.,-0.,1.));
#386 = DIRECTION('',(1.,0.,0.));
#387 = ADVANCED_FACE('',(#388),#424,.F.);
#388 = FACE_BOUND('',#389,.F.);
#389 = EDGE_LOOP('',(#390,#400,#409,#417));
#390 = ORIENTED_EDGE('',*,*,#391,.T.);
#391 = EDGE_CURVE('',#392,#394,#396,.T.);
#392 = VERTEX_POINT('',#393);
#393 = CARTESIAN_POINT('',(-8.65,5.E-03,4.3));
#394 = VERTEX_POINT('',#395);
#395 = CARTESIAN_POINT('',(-9.05,5.E-03,4.7));
#396 = LINE('',#397,#398);
#397 = CARTESIAN_POINT('',(-8.65,5.E-03,4.3));
#398 = VECTOR('',#399,1.);
#399 = DIRECTION('',(-0.707106781187,0.,0.707106781187));
#400 = ORIENTED_EDGE('',*,*,#401,.T.);
#401 = EDGE_CURVE('',#394,#402,#404,.T.);
#402 = VERTEX_POINT('',#403);
#403 = CARTESIAN_POINT('',(-9.05,5.E-03,0.3));
#404 = CIRCLE('',#405,2.2);
#405 = AXIS2_PLACEMENT_3D('',#406,#407,#408);
#406 = CARTESIAN_POINT('',(-9.05,5.E-03,2.5));
#407 = DIRECTION('',(1.,0.,-0.));
#408 = DIRECTION('',(0.,0.,1.));
#409 = ORIENTED_EDGE('',*,*,#410,.F.);
#410 = EDGE_CURVE('',#411,#402,#413,.T.);
#411 = VERTEX_POINT('',#412);
#412 = CARTESIAN_POINT('',(-8.65,5.E-03,0.7));
#413 = LINE('',#414,#415);
#414 = CARTESIAN_POINT('',(-8.65,5.E-03,0.7));
#415 = VECTOR('',#416,1.);
#416 = DIRECTION('',(-0.707106781187,8.659560562355E-17,-0.707106781187)
  );
#417 = ORIENTED_EDGE('',*,*,#418,.T.);
#418 = EDGE_CURVE('',#411,#392,#419,.T.);
#419 = CIRCLE('',#420,1.8);
#420 = AXIS2_PLACEMENT_3D('',#421,#422,#423);
#421 = CARTESIAN_POINT('',(-8.65,5.E-03,2.5));
#422 = DIRECTION('',(-1.,0.,0.));
#423 = DIRECTION('',(0.,0.,1.));
#424 = CONICAL_SURFACE('',#425,1.8,0.785398163397);
#425 = AXIS2_PLACEMENT_3D('',#426,#427,#428);
#426 = CARTESIAN_POINT('',(-8.65,5.E-03,2.5));
#427 = DIRECTION('',(-1.,0.,0.));
#428 = DIRECTION('',(0.,0.,1.));
#429 = ADVANCED_FACE('',(#430),#456,.F.);
#430 = FACE_BOUND('',#431,.F.);
#431 = EDGE_LOOP('',(#432,#440,#441,#449));
#432 = ORIENTED_EDGE('',*,*,#433,.T.);
#433 = EDGE_CURVE('',#434,#392,#436,.T.);
#434 = VERTEX_POINT('',#435);
#435 = CARTESIAN_POINT('',(-6.25,5.E-03,4.3));
#436 = LINE('',#437,#438);
#437 = CARTESIAN_POINT('',(-6.25,5.E-03,4.3));
#438 = VECTOR('',#439,1.);
#439 = DIRECTION('',(-1.,-0.,-0.));
#440 = ORIENTED_EDGE('',*,*,#418,.F.);
#441 = ORIENTED_EDGE('',*,*,#442,.F.);
#442 = EDGE_CURVE('',#443,#411,#445,.T.);
#443 = VERTEX_POINT('',#444);
#444 = CARTESIAN_POINT('',(-6.25,5.E-03,0.7));
#445 = LINE('',#446,#447);
#446 = CARTESIAN_POINT('',(-6.25,5.E-03,0.7));
#447 = VECTOR('',#448,1.);
#448 = DIRECTION('',(-1.,-0.,-0.));
#449 = ORIENTED_EDGE('',*,*,#450,.T.);
#450 = EDGE_CURVE('',#443,#434,#451,.T.);
#451 = CIRCLE('',#452,1.8);
#452 = AXIS2_PLACEMENT_3D('',#453,#454,#455);
#453 = CARTESIAN_POINT('',(-6.25,5.E-03,2.5));
#454 = DIRECTION('',(-1.,0.,0.));
#455 = DIRECTION('',(0.,0.,1.));
#456 = CYLINDRICAL_SURFACE('',#457,1.8);
#457 = AXIS2_PLACEMENT_3D('',#458,#459,#460);
#458 = CARTESIAN_POINT('',(-6.25,5.E-03,2.5));
#459 = DIRECTION('',(-1.,-0.,-0.));
#460 = DIRECTION('',(-0.,0.,1.));
#461 = ADVANCED_FACE('',(#462),#532,.T.);
#462 = FACE_BOUND('',#463,.T.);
#463 = EDGE_LOOP('',(#464,#475,#483,#492,#500,#509,#517,#526));
#464 = ORIENTED_EDGE('',*,*,#465,.T.);
#465 = EDGE_CURVE('',#466,#468,#470,.T.);
#466 = VERTEX_POINT('',#467);
#467 = CARTESIAN_POINT('',(-5.75,1.663312395178,0.));
#468 = VERTEX_POINT('',#469);
#469 = CARTESIAN_POINT('',(-5.75,5.E-03,-0.5));
#470 = CIRCLE('',#471,3.);
#471 = AXIS2_PLACEMENT_3D('',#472,#473,#474);
#472 = CARTESIAN_POINT('',(-5.75,5.E-03,2.5));
#473 = DIRECTION('',(-1.,0.,0.));
#474 = DIRECTION('',(0.,0.,1.));
#475 = ORIENTED_EDGE('',*,*,#476,.T.);
#476 = EDGE_CURVE('',#468,#477,#479,.T.);
#477 = VERTEX_POINT('',#478);
#478 = CARTESIAN_POINT('',(-7.65,5.E-03,-0.5));
#479 = LINE('',#480,#481);
#480 = CARTESIAN_POINT('',(-5.75,5.E-03,-0.5));
#481 = VECTOR('',#482,1.);
#482 = DIRECTION('',(-1.,0.,0.));
#483 = ORIENTED_EDGE('',*,*,#484,.F.);
#484 = EDGE_CURVE('',#485,#477,#487,.T.);
#485 = VERTEX_POINT('',#486);
#486 = CARTESIAN_POINT('',(-7.65,5.E-03,5.5));
#487 = CIRCLE('',#488,3.);
#488 = AXIS2_PLACEMENT_3D('',#489,#490,#491);
#489 = CARTESIAN_POINT('',(-7.65,5.E-03,2.5));
#490 = DIRECTION('',(-1.,-0.,0.));
#491 = DIRECTION('',(-0.,0.,-1.));
#492 = ORIENTED_EDGE('',*,*,#493,.F.);
#493 = EDGE_CURVE('',#494,#485,#496,.T.);
#494 = VERTEX_POINT('',#495);
#495 = CARTESIAN_POINT('',(-5.75,5.E-03,5.5));
#496 = LINE('',#497,#498);
#497 = CARTESIAN_POINT('',(-5.75,5.E-03,5.5));
#498 = VECTOR('',#499,1.);
#499 = DIRECTION('',(-1.,0.,0.));
#500 = ORIENTED_EDGE('',*,*,#501,.T.);
#501 = EDGE_CURVE('',#494,#502,#504,.T.);
#502 = VERTEX_POINT('',#503);
#503 = CARTESIAN_POINT('',(-5.75,1.663312395178,5.));
#504 = CIRCLE('',#505,3.);
#505 = AXIS2_PLACEMENT_3D('',#506,#507,#508);
#506 = CARTESIAN_POINT('',(-5.75,5.E-03,2.5));
#507 = DIRECTION('',(-1.,0.,0.));
#508 = DIRECTION('',(0.,0.,1.));
#509 = ORIENTED_EDGE('',*,*,#510,.T.);
#510 = EDGE_CURVE('',#502,#511,#513,.T.);
#511 = VERTEX_POINT('',#512);
#512 = CARTESIAN_POINT('',(-6.25,1.663312395178,5.));
#513 = LINE('',#514,#515);
#514 = CARTESIAN_POINT('',(-5.75,1.663312395178,5.));
#515 = VECTOR('',#516,1.);
#516 = DIRECTION('',(-1.,0.,0.));
#517 = ORIENTED_EDGE('',*,*,#518,.F.);
#518 = EDGE_CURVE('',#519,#511,#521,.T.);
#519 = VERTEX_POINT('',#520);
#520 = CARTESIAN_POINT('',(-6.25,1.663312395178,0.));
#521 = CIRCLE('',#522,3.);
#522 = AXIS2_PLACEMENT_3D('',#523,#524,#525);
#523 = CARTESIAN_POINT('',(-6.25,5.E-03,2.5));
#524 = DIRECTION('',(1.,0.,0.));
#525 = DIRECTION('',(0.,0.,-1.));
#526 = ORIENTED_EDGE('',*,*,#527,.F.);
#527 = EDGE_CURVE('',#466,#519,#528,.T.);
#528 = LINE('',#529,#530);
#529 = CARTESIAN_POINT('',(-5.75,1.663312395178,0.));
#530 = VECTOR('',#531,1.);
#531 = DIRECTION('',(-1.,0.,0.));
#532 = CYLINDRICAL_SURFACE('',#533,3.);
#533 = AXIS2_PLACEMENT_3D('',#534,#535,#536);
#534 = CARTESIAN_POINT('',(-5.75,5.E-03,2.5));
#535 = DIRECTION('',(-1.,0.,0.));
#536 = DIRECTION('',(0.,0.,1.));
#537 = ADVANCED_FACE('',(#538),#564,.T.);
#538 = FACE_BOUND('',#539,.T.);
#539 = EDGE_LOOP('',(#540,#541,#549,#558));
#540 = ORIENTED_EDGE('',*,*,#484,.T.);
#541 = ORIENTED_EDGE('',*,*,#542,.T.);
#542 = EDGE_CURVE('',#477,#543,#545,.T.);
#543 = VERTEX_POINT('',#544);
#544 = CARTESIAN_POINT('',(-9.05,5.E-03,-0.5));
#545 = LINE('',#546,#547);
#546 = CARTESIAN_POINT('',(-5.75,5.E-03,-0.5));
#547 = VECTOR('',#548,1.);
#548 = DIRECTION('',(-1.,0.,0.));
#549 = ORIENTED_EDGE('',*,*,#550,.F.);
#550 = EDGE_CURVE('',#551,#543,#553,.T.);
#551 = VERTEX_POINT('',#552);
#552 = CARTESIAN_POINT('',(-9.05,5.E-03,5.5));
#553 = CIRCLE('',#554,3.);
#554 = AXIS2_PLACEMENT_3D('',#555,#556,#557);
#555 = CARTESIAN_POINT('',(-9.05,5.E-03,2.5));
#556 = DIRECTION('',(-1.,0.,0.));
#557 = DIRECTION('',(0.,0.,1.));
#558 = ORIENTED_EDGE('',*,*,#559,.F.);
#559 = EDGE_CURVE('',#485,#551,#560,.T.);
#560 = LINE('',#561,#562);
#561 = CARTESIAN_POINT('',(-5.75,5.E-03,5.5));
#562 = VECTOR('',#563,1.);
#563 = DIRECTION('',(-1.,0.,0.));
#564 = CYLINDRICAL_SURFACE('',#565,3.);
#565 = AXIS2_PLACEMENT_3D('',#566,#567,#568);
#566 = CARTESIAN_POINT('',(-5.75,5.E-03,2.5));
#567 = DIRECTION('',(-1.,0.,0.));
#568 = DIRECTION('',(0.,0.,1.));
#569 = ADVANCED_FACE('',(#570,#697,#819,#917,#1043,#1109,#1159,#1257,
    #1319,#1385,#1574,#1672,#1734,#1800),#2094,.F.);
#570 = FACE_BOUND('',#571,.T.);
#571 = EDGE_LOOP('',(#572,#582,#590,#599,#608,#616,#625,#634,#642,#650,
    #658,#666,#674,#682,#691));
#572 = ORIENTED_EDGE('',*,*,#573,.F.);
#573 = EDGE_CURVE('',#574,#576,#578,.T.);
#574 = VERTEX_POINT('',#575);
#575 = CARTESIAN_POINT('',(-2.795632413585,-5.995,4.003971426695));
#576 = VERTEX_POINT('',#577);
#577 = CARTESIAN_POINT('',(-2.83964883204,-5.995,4.003971426695));
#578 = LINE('',#579,#580);
#579 = CARTESIAN_POINT('',(-2.83964883204,-5.995,4.003971426695));
#580 = VECTOR('',#581,1.);
#581 = DIRECTION('',(-1.,-0.,-0.));
#582 = ORIENTED_EDGE('',*,*,#583,.F.);
#583 = EDGE_CURVE('',#584,#574,#586,.T.);
#584 = VERTEX_POINT('',#585);
#585 = CARTESIAN_POINT('',(-2.905500166742,-5.995,3.725316305123));
#586 = LINE('',#587,#588);
#587 = CARTESIAN_POINT('',(-2.795632413585,-5.995,4.003971426695));
#588 = VECTOR('',#589,1.);
#589 = DIRECTION('',(0.366797678951,-0.,0.930300737781));
#590 = ORIENTED_EDGE('',*,*,#591,.F.);
#591 = EDGE_CURVE('',#592,#584,#594,.T.);
#592 = VERTEX_POINT('',#593);
#593 = CARTESIAN_POINT('',(-2.991886720289,-5.995,3.647854340356));
#594 = B_SPLINE_CURVE_WITH_KNOTS('',3,(#595,#596,#597,#598),
  .UNSPECIFIED.,.F.,.F.,(4,4),(1.,2.),.PIECEWISE_BEZIER_KNOTS.);
#595 = CARTESIAN_POINT('',(-2.991886720289,-5.995,3.647854340356));
#596 = CARTESIAN_POINT('',(-2.954715374781,-5.995,3.647854340356));
#597 = CARTESIAN_POINT('',(-2.925948739096,-5.995,3.673674995278));
#598 = CARTESIAN_POINT('',(-2.905500166742,-5.995,3.725316305123));
#599 = ORIENTED_EDGE('',*,*,#600,.F.);
#600 = EDGE_CURVE('',#601,#592,#603,.T.);
#601 = VERTEX_POINT('',#602);
#602 = CARTESIAN_POINT('',(-3.019267012085,-5.995,3.651320200078));
#603 = B_SPLINE_CURVE_WITH_KNOTS('',3,(#604,#605,#606,#607),
  .UNSPECIFIED.,.F.,.F.,(4,4),(2.,3.),.PIECEWISE_BEZIER_KNOTS.);
#604 = CARTESIAN_POINT('',(-3.019267012085,-5.995,3.651320200078));
#605 = CARTESIAN_POINT('',(-3.011728767192,-5.995,3.649067391259));
#606 = CARTESIAN_POINT('',(-3.002544238931,-5.995,3.647854340356));
#607 = CARTESIAN_POINT('',(-2.991886720289,-5.995,3.647854340356));
#608 = ORIENTED_EDGE('',*,*,#609,.F.);
#609 = EDGE_CURVE('',#610,#601,#612,.T.);
#610 = VERTEX_POINT('',#611);
#611 = CARTESIAN_POINT('',(-3.019267012085,-5.995,3.689098071038));
#612 = LINE('',#613,#614);
#613 = CARTESIAN_POINT('',(-3.019267012085,-5.995,3.651320200078));
#614 = VECTOR('',#615,1.);
#615 = DIRECTION('',(-0.,-0.,-1.));
#616 = ORIENTED_EDGE('',*,*,#617,.F.);
#617 = EDGE_CURVE('',#618,#610,#620,.T.);
#618 = VERTEX_POINT('',#619);
#619 = CARTESIAN_POINT('',(-2.995179287025,-5.995,3.684245867427));
#620 = B_SPLINE_CURVE_WITH_KNOTS('',3,(#621,#622,#623,#624),
  .UNSPECIFIED.,.F.,.F.,(4,4),(4.,5.),.PIECEWISE_BEZIER_KNOTS.);
#621 = CARTESIAN_POINT('',(-2.995179287025,-5.995,3.684245867427));
#622 = CARTESIAN_POINT('',(-3.002977471396,-5.995,3.684245867427));
#623 = CARTESIAN_POINT('',(-3.010948948755,-5.995,3.685805504302));
#624 = CARTESIAN_POINT('',(-3.019267012085,-5.995,3.689098071038));
#625 = ORIENTED_EDGE('',*,*,#626,.F.);
#626 = EDGE_CURVE('',#627,#618,#629,.T.);
#627 = VERTEX_POINT('',#628);
#628 = CARTESIAN_POINT('',(-2.951682747525,-5.995,3.71838458568));
#629 = B_SPLINE_CURVE_WITH_KNOTS('',3,(#630,#631,#632,#633),
  .UNSPECIFIED.,.F.,.F.,(4,4),(5.,6.),.PIECEWISE_BEZIER_KNOTS.);
#630 = CARTESIAN_POINT('',(-2.951682747525,-5.995,3.71838458568));
#631 = CARTESIAN_POINT('',(-2.961300508251,-5.995,3.695509911522));
#632 = CARTESIAN_POINT('',(-2.975770472586,-5.995,3.684245867427));
#633 = CARTESIAN_POINT('',(-2.995179287025,-5.995,3.684245867427));
#634 = ORIENTED_EDGE('',*,*,#635,.F.);
#635 = EDGE_CURVE('',#636,#627,#638,.T.);
#636 = VERTEX_POINT('',#637);
#637 = CARTESIAN_POINT('',(-2.933053751524,-5.995,3.762401004138));
#638 = LINE('',#639,#640);
#639 = CARTESIAN_POINT('',(-2.951682747525,-5.995,3.71838458568));
#640 = VECTOR('',#641,1.);
#641 = DIRECTION('',(-0.389758265065,-0.,-0.920917203017));
#642 = ORIENTED_EDGE('',*,*,#643,.F.);
#643 = EDGE_CURVE('',#644,#636,#646,.T.);
#644 = VERTEX_POINT('',#645);
#645 = CARTESIAN_POINT('',(-3.028018307881,-5.995,4.003971426695));
#646 = LINE('',#647,#648);
#647 = CARTESIAN_POINT('',(-2.933053751524,-5.995,3.762401004138));
#648 = VECTOR('',#649,1.);
#649 = DIRECTION('',(0.365858921669,-0.,-0.930670322636));
#650 = ORIENTED_EDGE('',*,*,#651,.F.);
#651 = EDGE_CURVE('',#652,#644,#654,.T.);
#652 = VERTEX_POINT('',#653);
#653 = CARTESIAN_POINT('',(-2.980536029702,-5.995,4.003971426695));
#654 = LINE('',#655,#656);
#655 = CARTESIAN_POINT('',(-3.028018307881,-5.995,4.003971426695));
#656 = VECTOR('',#657,1.);
#657 = DIRECTION('',(-1.,-0.,-0.));
#658 = ORIENTED_EDGE('',*,*,#659,.F.);
#659 = EDGE_CURVE('',#660,#652,#662,.T.);
#660 = VERTEX_POINT('',#661);
#661 = CARTESIAN_POINT('',(-2.917284089794,-5.995,3.822013791339));
#662 = LINE('',#663,#664);
#663 = CARTESIAN_POINT('',(-2.980536029702,-5.995,4.003971426695));
#664 = VECTOR('',#665,1.);
#665 = DIRECTION('',(-0.328346164813,-0.,0.944557460429));
#666 = ORIENTED_EDGE('',*,*,#667,.F.);
#667 = EDGE_CURVE('',#668,#660,#670,.T.);
#668 = VERTEX_POINT('',#669);
#669 = CARTESIAN_POINT('',(-2.912085300211,-5.995,3.802085097943));
#670 = LINE('',#671,#672);
#671 = CARTESIAN_POINT('',(-2.917284089794,-5.995,3.822013791339));
#672 = VECTOR('',#673,1.);
#673 = DIRECTION('',(-0.252421897188,-0.,0.967617272386));
#674 = ORIENTED_EDGE('',*,*,#675,.F.);
#675 = EDGE_CURVE('',#676,#668,#678,.T.);
#676 = VERTEX_POINT('',#677);
#677 = CARTESIAN_POINT('',(-2.910958895803,-5.995,3.802085097943));
#678 = LINE('',#679,#680);
#679 = CARTESIAN_POINT('',(-2.912085300211,-5.995,3.802085097943));
#680 = VECTOR('',#681,1.);
#681 = DIRECTION('',(-1.,-0.,-0.));
#682 = ORIENTED_EDGE('',*,*,#683,.F.);
#683 = EDGE_CURVE('',#684,#676,#686,.T.);
#684 = VERTEX_POINT('',#685);
#685 = CARTESIAN_POINT('',(-2.90576010622,-5.995,3.821667205367));
#686 = B_SPLINE_CURVE_WITH_KNOTS('',3,(#687,#688,#689,#690),
  .UNSPECIFIED.,.F.,.F.,(4,4),(12.,13.),.PIECEWISE_BEZIER_KNOTS.);
#687 = CARTESIAN_POINT('',(-2.90576010622,-5.995,3.821667205367));
#688 = CARTESIAN_POINT('',(-2.908359501011,-5.995,3.813175849051));
#689 = CARTESIAN_POINT('',(-2.910092430874,-5.995,3.806590715582));
#690 = CARTESIAN_POINT('',(-2.910958895803,-5.995,3.802085097943));
#691 = ORIENTED_EDGE('',*,*,#692,.F.);
#692 = EDGE_CURVE('',#576,#684,#693,.T.);
#693 = LINE('',#694,#695);
#694 = CARTESIAN_POINT('',(-2.90576010622,-5.995,3.821667205367));
#695 = VECTOR('',#696,1.);
#696 = DIRECTION('',(-0.340917796219,-0.,-0.9400931104));
#697 = FACE_BOUND('',#698,.T.);
#698 = EDGE_LOOP('',(#699,#710,#719,#727,#735,#743,#751,#760,#769,#778,
    #787,#795,#804,#813));
#699 = ORIENTED_EDGE('',*,*,#700,.F.);
#700 = EDGE_CURVE('',#701,#703,#705,.T.);
#701 = VERTEX_POINT('',#702);
#702 = CARTESIAN_POINT('',(-3.35866132527,-5.995,4.00951680225));
#703 = VERTEX_POINT('',#704);
#704 = CARTESIAN_POINT('',(-3.442015251562,-5.995,3.986988714063));
#705 = B_SPLINE_CURVE_WITH_KNOTS('',3,(#706,#707,#708,#709),
  .UNSPECIFIED.,.F.,.F.,(4,4),(0.,1.),.PIECEWISE_BEZIER_KNOTS.);
#706 = CARTESIAN_POINT('',(-3.35866132527,-5.995,4.00951680225));
#707 = CARTESIAN_POINT('',(-3.390200648731,-5.995,4.00951680225));
#708 = CARTESIAN_POINT('',(-3.418014172993,-5.995,4.002065203849));
#709 = CARTESIAN_POINT('',(-3.442015251562,-5.995,3.986988714063));
#710 = ORIENTED_EDGE('',*,*,#711,.F.);
#711 = EDGE_CURVE('',#712,#701,#714,.T.);
#712 = VERTEX_POINT('',#713);
#713 = CARTESIAN_POINT('',(-3.271148367313,-5.995,3.91767151964));
#714 = B_SPLINE_CURVE_WITH_KNOTS('',3,(#715,#716,#717,#718),
  .UNSPECIFIED.,.F.,.F.,(4,4),(1.,2.),.PIECEWISE_BEZIER_KNOTS.);
#715 = CARTESIAN_POINT('',(-3.271148367313,-5.995,3.91767151964));
#716 = CARTESIAN_POINT('',(-3.271148367313,-5.995,3.979017236704));
#717 = CARTESIAN_POINT('',(-3.300348235464,-5.995,4.00951680225));
#718 = CARTESIAN_POINT('',(-3.35866132527,-5.995,4.00951680225));
#719 = ORIENTED_EDGE('',*,*,#720,.F.);
#720 = EDGE_CURVE('',#721,#712,#723,.T.);
#721 = VERTEX_POINT('',#722);
#722 = CARTESIAN_POINT('',(-3.271148367313,-5.995,3.76188112518));
#723 = LINE('',#724,#725);
#724 = CARTESIAN_POINT('',(-3.271148367313,-5.995,3.91767151964));
#725 = VECTOR('',#726,1.);
#726 = DIRECTION('',(-0.,-0.,1.));
#727 = ORIENTED_EDGE('',*,*,#728,.F.);
#728 = EDGE_CURVE('',#729,#721,#731,.T.);
#729 = VERTEX_POINT('',#730);
#730 = CARTESIAN_POINT('',(-3.313605148896,-5.995,3.76188112518));
#731 = LINE('',#732,#733);
#732 = CARTESIAN_POINT('',(-3.271148367313,-5.995,3.76188112518));
#733 = VECTOR('',#734,1.);
#734 = DIRECTION('',(1.,-0.,-0.));
#735 = ORIENTED_EDGE('',*,*,#736,.F.);
#736 = EDGE_CURVE('',#737,#729,#739,.T.);
#737 = VERTEX_POINT('',#738);
#738 = CARTESIAN_POINT('',(-3.313605148896,-5.995,3.799312410167));
#739 = LINE('',#740,#741);
#740 = CARTESIAN_POINT('',(-3.313605148896,-5.995,3.76188112518));
#741 = VECTOR('',#742,1.);
#742 = DIRECTION('',(-0.,-0.,-1.));
#743 = ORIENTED_EDGE('',*,*,#744,.F.);
#744 = EDGE_CURVE('',#745,#737,#747,.T.);
#745 = VERTEX_POINT('',#746);
#746 = CARTESIAN_POINT('',(-3.314731553306,-5.995,3.799312410167));
#747 = LINE('',#748,#749);
#748 = CARTESIAN_POINT('',(-3.313605148896,-5.995,3.799312410167));
#749 = VECTOR('',#750,1.);
#750 = DIRECTION('',(1.,-0.,-0.));
#751 = ORIENTED_EDGE('',*,*,#752,.F.);
#752 = EDGE_CURVE('',#753,#745,#755,.T.);
#753 = VERTEX_POINT('',#754);
#754 = CARTESIAN_POINT('',(-3.388900951336,-5.995,3.75616245664));
#755 = B_SPLINE_CURVE_WITH_KNOTS('',3,(#756,#757,#758,#759),
  .UNSPECIFIED.,.F.,.F.,(4,4),(6.,7.),.PIECEWISE_BEZIER_KNOTS.);
#756 = CARTESIAN_POINT('',(-3.388900951336,-5.995,3.75616245664));
#757 = CARTESIAN_POINT('',(-3.356235223465,-5.995,3.75616245664));
#758 = CARTESIAN_POINT('',(-3.331454326459,-5.995,3.770545774482));
#759 = CARTESIAN_POINT('',(-3.314731553306,-5.995,3.799312410167));
#760 = ORIENTED_EDGE('',*,*,#761,.F.);
#761 = EDGE_CURVE('',#762,#753,#764,.T.);
#762 = VERTEX_POINT('',#763);
#763 = CARTESIAN_POINT('',(-3.444874585831,-5.995,3.775224685105));
#764 = B_SPLINE_CURVE_WITH_KNOTS('',3,(#765,#766,#767,#768),
  .UNSPECIFIED.,.F.,.F.,(4,4),(7.,8.),.PIECEWISE_BEZIER_KNOTS.);
#765 = CARTESIAN_POINT('',(-3.444874585831,-5.995,3.775224685105));
#766 = CARTESIAN_POINT('',(-3.431011146947,-5.995,3.762574297124));
#767 = CARTESIAN_POINT('',(-3.412382150946,-5.995,3.75616245664));
#768 = CARTESIAN_POINT('',(-3.388900951336,-5.995,3.75616245664));
#769 = ORIENTED_EDGE('',*,*,#770,.F.);
#770 = EDGE_CURVE('',#771,#762,#773,.T.);
#771 = VERTEX_POINT('',#772);
#772 = CARTESIAN_POINT('',(-3.465669744158,-5.995,3.826692701964));
#773 = B_SPLINE_CURVE_WITH_KNOTS('',3,(#774,#775,#776,#777),
  .UNSPECIFIED.,.F.,.F.,(4,4),(8.,9.),.PIECEWISE_BEZIER_KNOTS.);
#774 = CARTESIAN_POINT('',(-3.465669744158,-5.995,3.826692701964));
#775 = CARTESIAN_POINT('',(-3.465669744158,-5.995,3.805031078707));
#776 = CARTESIAN_POINT('',(-3.458738024716,-5.995,3.787875073086));
#777 = CARTESIAN_POINT('',(-3.444874585831,-5.995,3.775224685105));
#778 = ORIENTED_EDGE('',*,*,#779,.F.);
#779 = EDGE_CURVE('',#780,#771,#782,.T.);
#780 = VERTEX_POINT('',#781);
#781 = CARTESIAN_POINT('',(-3.385348445123,-5.995,3.905714303604));
#782 = B_SPLINE_CURVE_WITH_KNOTS('',3,(#783,#784,#785,#786),
  .UNSPECIFIED.,.F.,.F.,(4,4),(9.,10.),.PIECEWISE_BEZIER_KNOTS.);
#783 = CARTESIAN_POINT('',(-3.385348445123,-5.995,3.905714303604));
#784 = CARTESIAN_POINT('',(-3.438895977812,-5.995,3.898262705203));
#785 = CARTESIAN_POINT('',(-3.465669744158,-5.995,3.871922171323));
#786 = CARTESIAN_POINT('',(-3.465669744158,-5.995,3.826692701964));
#787 = ORIENTED_EDGE('',*,*,#788,.F.);
#788 = EDGE_CURVE('',#789,#780,#791,.T.);
#789 = VERTEX_POINT('',#790);
#790 = CARTESIAN_POINT('',(-3.313605148896,-5.995,3.915765296796));
#791 = LINE('',#792,#793);
#792 = CARTESIAN_POINT('',(-3.385348445123,-5.995,3.905714303604));
#793 = VECTOR('',#794,1.);
#794 = DIRECTION('',(-0.990328603988,-0.,-0.138741688482));
#795 = ORIENTED_EDGE('',*,*,#796,.F.);
#796 = EDGE_CURVE('',#797,#789,#799,.T.);
#797 = VERTEX_POINT('',#798);
#798 = CARTESIAN_POINT('',(-3.362647063949,-5.995,3.975031498025));
#799 = B_SPLINE_CURVE_WITH_KNOTS('',3,(#800,#801,#802,#803),
  .UNSPECIFIED.,.F.,.F.,(4,4),(11.,12.),.PIECEWISE_BEZIER_KNOTS.);
#800 = CARTESIAN_POINT('',(-3.362647063949,-5.995,3.975031498025));
#801 = CARTESIAN_POINT('',(-3.329981336078,-5.995,3.975031498025));
#802 = CARTESIAN_POINT('',(-3.313605148896,-5.995,3.955276097614));
#803 = CARTESIAN_POINT('',(-3.313605148896,-5.995,3.915765296796));
#804 = ORIENTED_EDGE('',*,*,#805,.F.);
#805 = EDGE_CURVE('',#806,#797,#808,.T.);
#806 = VERTEX_POINT('',#807);
#807 = CARTESIAN_POINT('',(-3.442015251562,-5.995,3.945744983381));
#808 = B_SPLINE_CURVE_WITH_KNOTS('',3,(#809,#810,#811,#812),
  .UNSPECIFIED.,.F.,.F.,(4,4),(12.,13.),.PIECEWISE_BEZIER_KNOTS.);
#809 = CARTESIAN_POINT('',(-3.442015251562,-5.995,3.945744983381));
#810 = CARTESIAN_POINT('',(-3.418100819486,-5.995,3.96515379782));
#811 = CARTESIAN_POINT('',(-3.391673639113,-5.995,3.975031498025));
#812 = CARTESIAN_POINT('',(-3.362647063949,-5.995,3.975031498025));
#813 = ORIENTED_EDGE('',*,*,#814,.F.);
#814 = EDGE_CURVE('',#703,#806,#815,.T.);
#815 = LINE('',#816,#817);
#816 = CARTESIAN_POINT('',(-3.442015251562,-5.995,3.945744983381));
#817 = VECTOR('',#818,1.);
#818 = DIRECTION('',(-0.,-0.,-1.));
#819 = FACE_BOUND('',#820,.T.);
#820 = EDGE_LOOP('',(#821,#831,#839,#847,#855,#863,#871,#879,#887,#895,
    #903,#911));
#821 = ORIENTED_EDGE('',*,*,#822,.F.);
#822 = EDGE_CURVE('',#823,#825,#827,.T.);
#823 = VERTEX_POINT('',#824);
#824 = CARTESIAN_POINT('',(-3.506306949387,-5.995,3.76188112518));
#825 = VERTEX_POINT('',#826);
#826 = CARTESIAN_POINT('',(-3.506306949387,-5.995,3.80052546107));
#827 = LINE('',#828,#829);
#828 = CARTESIAN_POINT('',(-3.506306949387,-5.995,3.80052546107));
#829 = VECTOR('',#830,1.);
#830 = DIRECTION('',(-0.,-0.,1.));
#831 = ORIENTED_EDGE('',*,*,#832,.F.);
#832 = EDGE_CURVE('',#833,#823,#835,.T.);
#833 = VERTEX_POINT('',#834);
#834 = CARTESIAN_POINT('',(-3.688611170715,-5.995,3.76188112518));
#835 = LINE('',#836,#837);
#836 = CARTESIAN_POINT('',(-3.506306949387,-5.995,3.76188112518));
#837 = VECTOR('',#838,1.);
#838 = DIRECTION('',(1.,-0.,-0.));
#839 = ORIENTED_EDGE('',*,*,#840,.F.);
#840 = EDGE_CURVE('',#841,#833,#843,.T.);
#841 = VERTEX_POINT('',#842);
#842 = CARTESIAN_POINT('',(-3.688611170715,-5.995,4.100842205899));
#843 = LINE('',#844,#845);
#844 = CARTESIAN_POINT('',(-3.688611170715,-5.995,3.76188112518));
#845 = VECTOR('',#846,1.);
#846 = DIRECTION('',(-0.,-0.,-1.));
#847 = ORIENTED_EDGE('',*,*,#848,.F.);
#848 = EDGE_CURVE('',#849,#841,#851,.T.);
#849 = VERTEX_POINT('',#850);
#850 = CARTESIAN_POINT('',(-3.514018487267,-5.995,4.100842205899));
#851 = LINE('',#852,#853);
#852 = CARTESIAN_POINT('',(-3.688611170715,-5.995,4.100842205899));
#853 = VECTOR('',#854,1.);
#854 = DIRECTION('',(-1.,-0.,-0.));
#855 = ORIENTED_EDGE('',*,*,#856,.F.);
#856 = EDGE_CURVE('',#857,#849,#859,.T.);
#857 = VERTEX_POINT('',#858);
#858 = CARTESIAN_POINT('',(-3.514018487267,-5.995,4.061851284038));
#859 = LINE('',#860,#861);
#860 = CARTESIAN_POINT('',(-3.514018487267,-5.995,4.100842205899));
#861 = VECTOR('',#862,1.);
#862 = DIRECTION('',(-0.,-0.,1.));
#863 = ORIENTED_EDGE('',*,*,#864,.F.);
#864 = EDGE_CURVE('',#865,#857,#867,.T.);
#865 = VERTEX_POINT('',#866);
#866 = CARTESIAN_POINT('',(-3.644854691737,-5.995,4.061851284038));
#867 = LINE('',#868,#869);
#868 = CARTESIAN_POINT('',(-3.514018487267,-5.995,4.061851284038));
#869 = VECTOR('',#870,1.);
#870 = DIRECTION('',(1.,-0.,-0.));
#871 = ORIENTED_EDGE('',*,*,#872,.F.);
#872 = EDGE_CURVE('',#873,#865,#875,.T.);
#873 = VERTEX_POINT('',#874);
#874 = CARTESIAN_POINT('',(-3.644854691737,-5.995,3.953369874768));
#875 = LINE('',#876,#877);
#876 = CARTESIAN_POINT('',(-3.644854691737,-5.995,4.061851284038));
#877 = VECTOR('',#878,1.);
#878 = DIRECTION('',(-0.,-0.,1.));
#879 = ORIENTED_EDGE('',*,*,#880,.F.);
#880 = EDGE_CURVE('',#881,#873,#883,.T.);
#881 = VERTEX_POINT('',#882);
#882 = CARTESIAN_POINT('',(-3.523636247992,-5.995,3.953369874768));
#883 = LINE('',#884,#885);
#884 = CARTESIAN_POINT('',(-3.644854691737,-5.995,3.953369874768));
#885 = VECTOR('',#886,1.);
#886 = DIRECTION('',(-1.,-0.,-0.));
#887 = ORIENTED_EDGE('',*,*,#888,.F.);
#888 = EDGE_CURVE('',#889,#881,#891,.T.);
#889 = VERTEX_POINT('',#890);
#890 = CARTESIAN_POINT('',(-3.523636247992,-5.995,3.914552245892));
#891 = LINE('',#892,#893);
#892 = CARTESIAN_POINT('',(-3.523636247992,-5.995,3.953369874768));
#893 = VECTOR('',#894,1.);
#894 = DIRECTION('',(-0.,-0.,1.));
#895 = ORIENTED_EDGE('',*,*,#896,.F.);
#896 = EDGE_CURVE('',#897,#889,#899,.T.);
#897 = VERTEX_POINT('',#898);
#898 = CARTESIAN_POINT('',(-3.644854691737,-5.995,3.914552245892));
#899 = LINE('',#900,#901);
#900 = CARTESIAN_POINT('',(-3.523636247992,-5.995,3.914552245892));
#901 = VECTOR('',#902,1.);
#902 = DIRECTION('',(1.,-0.,-0.));
#903 = ORIENTED_EDGE('',*,*,#904,.F.);
#904 = EDGE_CURVE('',#905,#897,#907,.T.);
#905 = VERTEX_POINT('',#906);
#906 = CARTESIAN_POINT('',(-3.644854691737,-5.995,3.80052546107));
#907 = LINE('',#908,#909);
#908 = CARTESIAN_POINT('',(-3.644854691737,-5.995,3.914552245892));
#909 = VECTOR('',#910,1.);
#910 = DIRECTION('',(-0.,-0.,1.));
#911 = ORIENTED_EDGE('',*,*,#912,.F.);
#912 = EDGE_CURVE('',#825,#905,#913,.T.);
#913 = LINE('',#914,#915);
#914 = CARTESIAN_POINT('',(-3.644854691737,-5.995,3.80052546107));
#915 = VECTOR('',#916,1.);
#916 = DIRECTION('',(-1.,-0.,-0.));
#917 = FACE_BOUND('',#918,.T.);
#918 = EDGE_LOOP('',(#919,#930,#939,#948,#957,#966,#975,#983,#992,#1001,
    #1010,#1019,#1028,#1037));
#919 = ORIENTED_EDGE('',*,*,#920,.F.);
#920 = EDGE_CURVE('',#921,#923,#925,.T.);
#921 = VERTEX_POINT('',#922);
#922 = CARTESIAN_POINT('',(-3.33604659059,-5.995,4.293890592362));
#923 = VERTEX_POINT('',#924);
#924 = CARTESIAN_POINT('',(-3.242208438642,-5.995,4.313645992772));
#925 = B_SPLINE_CURVE_WITH_KNOTS('',3,(#926,#927,#928,#929),
  .UNSPECIFIED.,.F.,.F.,(4,4),(0.,1.),.PIECEWISE_BEZIER_KNOTS.);
#926 = CARTESIAN_POINT('',(-3.33604659059,-5.995,4.293890592362));
#927 = CARTESIAN_POINT('',(-3.298442012617,-5.995,4.293890592362));
#928 = CARTESIAN_POINT('',(-3.267162628634,-5.995,4.300475725831));
#929 = CARTESIAN_POINT('',(-3.242208438642,-5.995,4.313645992772));
#930 = ORIENTED_EDGE('',*,*,#931,.F.);
#931 = EDGE_CURVE('',#932,#921,#934,.T.);
#932 = VERTEX_POINT('',#933);
#933 = CARTESIAN_POINT('',(-3.452499477218,-5.995,4.340159819638));
#934 = B_SPLINE_CURVE_WITH_KNOTS('',3,(#935,#936,#937,#938),
  .UNSPECIFIED.,.F.,.F.,(4,4),(1.,2.),.PIECEWISE_BEZIER_KNOTS.);
#935 = CARTESIAN_POINT('',(-3.452499477218,-5.995,4.340159819638));
#936 = CARTESIAN_POINT('',(-3.423472902054,-5.995,4.309313668121));
#937 = CARTESIAN_POINT('',(-3.384655273178,-5.995,4.293890592362));
#938 = CARTESIAN_POINT('',(-3.33604659059,-5.995,4.293890592362));
#939 = ORIENTED_EDGE('',*,*,#940,.F.);
#940 = EDGE_CURVE('',#941,#932,#943,.T.);
#941 = VERTEX_POINT('',#942);
#942 = CARTESIAN_POINT('',(-3.495996016717,-5.995,4.462677960776));
#943 = B_SPLINE_CURVE_WITH_KNOTS('',3,(#944,#945,#946,#947),
  .UNSPECIFIED.,.F.,.F.,(4,4),(2.,3.),.PIECEWISE_BEZIER_KNOTS.);
#944 = CARTESIAN_POINT('',(-3.495996016717,-5.995,4.462677960776));
#945 = CARTESIAN_POINT('',(-3.495996016717,-5.995,4.411903115863));
#946 = CARTESIAN_POINT('',(-3.481526052382,-5.995,4.371005971155));
#947 = CARTESIAN_POINT('',(-3.452499477218,-5.995,4.340159819638));
#948 = ORIENTED_EDGE('',*,*,#949,.F.);
#949 = EDGE_CURVE('',#950,#941,#952,.T.);
#950 = VERTEX_POINT('',#951);
#951 = CARTESIAN_POINT('',(-3.447040748158,-5.995,4.594380630177));
#952 = B_SPLINE_CURVE_WITH_KNOTS('',3,(#953,#954,#955,#956),
  .UNSPECIFIED.,.F.,.F.,(4,4),(3.,4.),.PIECEWISE_BEZIER_KNOTS.);
#953 = CARTESIAN_POINT('',(-3.447040748158,-5.995,4.594380630177));
#954 = CARTESIAN_POINT('',(-3.479706476028,-5.995,4.561108376856));
#955 = CARTESIAN_POINT('',(-3.495996016717,-5.995,4.517265251383));
#956 = CARTESIAN_POINT('',(-3.495996016717,-5.995,4.462677960776));
#957 = ORIENTED_EDGE('',*,*,#958,.F.);
#958 = EDGE_CURVE('',#959,#950,#961,.T.);
#959 = VERTEX_POINT('',#960);
#960 = CARTESIAN_POINT('',(-3.322529737678,-5.995,4.644289010161));
#961 = B_SPLINE_CURVE_WITH_KNOTS('',3,(#962,#963,#964,#965),
  .UNSPECIFIED.,.F.,.F.,(4,4),(4.,5.),.PIECEWISE_BEZIER_KNOTS.);
#962 = CARTESIAN_POINT('',(-3.322529737678,-5.995,4.644289010161));
#963 = CARTESIAN_POINT('',(-3.372871350126,-5.995,4.644289010161));
#964 = CARTESIAN_POINT('',(-3.414375020286,-5.995,4.6276528835));
#965 = CARTESIAN_POINT('',(-3.447040748158,-5.995,4.594380630177));
#966 = ORIENTED_EDGE('',*,*,#967,.F.);
#967 = EDGE_CURVE('',#968,#959,#970,.T.);
#968 = VERTEX_POINT('',#969);
#969 = CARTESIAN_POINT('',(-3.242208438642,-5.995,4.630425571276));
#970 = B_SPLINE_CURVE_WITH_KNOTS('',3,(#971,#972,#973,#974),
  .UNSPECIFIED.,.F.,.F.,(4,4),(5.,6.),.PIECEWISE_BEZIER_KNOTS.);
#971 = CARTESIAN_POINT('',(-3.242208438642,-5.995,4.630425571276));
#972 = CARTESIAN_POINT('',(-3.263350182941,-5.995,4.639610099538));
#973 = CARTESIAN_POINT('',(-3.290123949287,-5.995,4.644289010161));
#974 = CARTESIAN_POINT('',(-3.322529737678,-5.995,4.644289010161));
#975 = ORIENTED_EDGE('',*,*,#976,.F.);
#976 = EDGE_CURVE('',#977,#968,#979,.T.);
#977 = VERTEX_POINT('',#978);
#978 = CARTESIAN_POINT('',(-3.242208438642,-5.995,4.58467622296));
#979 = LINE('',#980,#981);
#980 = CARTESIAN_POINT('',(-3.242208438642,-5.995,4.630425571276));
#981 = VECTOR('',#982,1.);
#982 = DIRECTION('',(-0.,-0.,1.));
#983 = ORIENTED_EDGE('',*,*,#984,.F.);
#984 = EDGE_CURVE('',#985,#977,#987,.T.);
#985 = VERTEX_POINT('',#986);
#986 = CARTESIAN_POINT('',(-3.322096505213,-5.995,4.60477820934));
#987 = B_SPLINE_CURVE_WITH_KNOTS('',3,(#988,#989,#990,#991),
  .UNSPECIFIED.,.F.,.F.,(4,4),(7.,8.),.PIECEWISE_BEZIER_KNOTS.);
#988 = CARTESIAN_POINT('',(-3.322096505213,-5.995,4.60477820934));
#989 = CARTESIAN_POINT('',(-3.29306993005,-5.995,4.60477820934));
#990 = CARTESIAN_POINT('',(-3.26646945669,-5.995,4.59819307587));
#991 = CARTESIAN_POINT('',(-3.242208438642,-5.995,4.58467622296));
#992 = ORIENTED_EDGE('',*,*,#993,.F.);
#993 = EDGE_CURVE('',#994,#985,#996,.T.);
#994 = VERTEX_POINT('',#995);
#995 = CARTESIAN_POINT('',(-3.414461666779,-5.995,4.567173631367));
#996 = B_SPLINE_CURVE_WITH_KNOTS('',3,(#997,#998,#999,#1000),
  .UNSPECIFIED.,.F.,.F.,(4,4),(8.,9.),.PIECEWISE_BEZIER_KNOTS.);
#997 = CARTESIAN_POINT('',(-3.414461666779,-5.995,4.567173631367));
#998 = CARTESIAN_POINT('',(-3.390633881197,-5.995,4.592301114344));
#999 = CARTESIAN_POINT('',(-3.359874376172,-5.995,4.60477820934));
#1000 = CARTESIAN_POINT('',(-3.322096505213,-5.995,4.60477820934));
#1001 = ORIENTED_EDGE('',*,*,#1002,.F.);
#1002 = EDGE_CURVE('',#1003,#994,#1005,.T.);
#1003 = VERTEX_POINT('',#1004);
#1004 = CARTESIAN_POINT('',(-3.450073375412,-5.995,4.465277355569));
#1005 = B_SPLINE_CURVE_WITH_KNOTS('',3,(#1006,#1007,#1008,#1009),
  .UNSPECIFIED.,.F.,.F.,(4,4),(9.,10.),.PIECEWISE_BEZIER_KNOTS.);
#1006 = CARTESIAN_POINT('',(-3.450073375412,-5.995,4.465277355569));
#1007 = CARTESIAN_POINT('',(-3.450073375412,-5.995,4.507907430138));
#1008 = CARTESIAN_POINT('',(-3.438202805869,-5.995,4.541872855402));
#1009 = CARTESIAN_POINT('',(-3.414461666779,-5.995,4.567173631367));
#1010 = ORIENTED_EDGE('',*,*,#1011,.F.);
#1011 = EDGE_CURVE('',#1012,#1003,#1014,.T.);
#1012 = VERTEX_POINT('',#1013);
#1013 = CARTESIAN_POINT('',(-3.416801122091,-5.995,4.368579869351));
#1014 = B_SPLINE_CURVE_WITH_KNOTS('',3,(#1015,#1016,#1017,#1018),
  .UNSPECIFIED.,.F.,.F.,(4,4),(10.,11.),.PIECEWISE_BEZIER_KNOTS.);
#1015 = CARTESIAN_POINT('',(-3.416801122091,-5.995,4.368579869351));
#1016 = CARTESIAN_POINT('',(-3.438982624306,-5.995,4.392494301427));
#1017 = CARTESIAN_POINT('',(-3.450073375412,-5.995,4.424726796833));
#1018 = CARTESIAN_POINT('',(-3.450073375412,-5.995,4.465277355569));
#1019 = ORIENTED_EDGE('',*,*,#1020,.F.);
#1020 = EDGE_CURVE('',#1021,#1012,#1023,.T.);
#1021 = VERTEX_POINT('',#1022);
#1022 = CARTESIAN_POINT('',(-3.3297213966,-5.995,4.332881514223));
#1023 = B_SPLINE_CURVE_WITH_KNOTS('',3,(#1024,#1025,#1026,#1027),
  .UNSPECIFIED.,.F.,.F.,(4,4),(11.,12.),.PIECEWISE_BEZIER_KNOTS.);
#1024 = CARTESIAN_POINT('',(-3.3297213966,-5.995,4.332881514223));
#1025 = CARTESIAN_POINT('',(-3.365593044712,-5.995,4.332881514223));
#1026 = CARTESIAN_POINT('',(-3.394619619876,-5.995,4.344838730261));
#1027 = CARTESIAN_POINT('',(-3.416801122091,-5.995,4.368579869351));
#1028 = ORIENTED_EDGE('',*,*,#1029,.F.);
#1029 = EDGE_CURVE('',#1030,#1021,#1032,.T.);
#1030 = VERTEX_POINT('',#1031);
#1031 = CARTESIAN_POINT('',(-3.242208438642,-5.995,4.355582895398));
#1032 = B_SPLINE_CURVE_WITH_KNOTS('',3,(#1033,#1034,#1035,#1036),
  .UNSPECIFIED.,.F.,.F.,(4,4),(12.,13.),.PIECEWISE_BEZIER_KNOTS.);
#1033 = CARTESIAN_POINT('',(-3.242208438642,-5.995,4.355582895398));
#1034 = CARTESIAN_POINT('',(-3.266989335648,-5.995,4.34050640561));
#1035 = CARTESIAN_POINT('',(-3.296189203798,-5.995,4.332881514223));
#1036 = CARTESIAN_POINT('',(-3.3297213966,-5.995,4.332881514223));
#1037 = ORIENTED_EDGE('',*,*,#1038,.F.);
#1038 = EDGE_CURVE('',#923,#1030,#1039,.T.);
#1039 = LINE('',#1040,#1041);
#1040 = CARTESIAN_POINT('',(-3.242208438642,-5.995,4.355582895398));
#1041 = VECTOR('',#1042,1.);
#1042 = DIRECTION('',(-0.,-0.,1.));
#1043 = FACE_BOUND('',#1044,.T.);
#1044 = EDGE_LOOP('',(#1045,#1055,#1063,#1071,#1079,#1087,#1095,#1103));
#1045 = ORIENTED_EDGE('',*,*,#1046,.F.);
#1046 = EDGE_CURVE('',#1047,#1049,#1051,.T.);
#1047 = VERTEX_POINT('',#1048);
#1048 = CARTESIAN_POINT('',(3.25,-5.995,1.));
#1049 = VERTEX_POINT('',#1050);
#1050 = CARTESIAN_POINT('',(4.35,-5.995,1.));
#1051 = LINE('',#1052,#1053);
#1052 = CARTESIAN_POINT('',(3.25,-5.995,1.));
#1053 = VECTOR('',#1054,1.);
#1054 = DIRECTION('',(1.,0.,0.));
#1055 = ORIENTED_EDGE('',*,*,#1056,.T.);
#1056 = EDGE_CURVE('',#1047,#1057,#1059,.T.);
#1057 = VERTEX_POINT('',#1058);
#1058 = CARTESIAN_POINT('',(3.25,-5.995,5.));
#1059 = LINE('',#1060,#1061);
#1060 = CARTESIAN_POINT('',(3.25,-5.995,1.));
#1061 = VECTOR('',#1062,1.);
#1062 = DIRECTION('',(-0.,-0.,1.));
#1063 = ORIENTED_EDGE('',*,*,#1064,.F.);
#1064 = EDGE_CURVE('',#1065,#1057,#1067,.T.);
#1065 = VERTEX_POINT('',#1066);
#1066 = CARTESIAN_POINT('',(-5.75,-5.995,5.));
#1067 = LINE('',#1068,#1069);
#1068 = CARTESIAN_POINT('',(-5.75,-5.995,5.));
#1069 = VECTOR('',#1070,1.);
#1070 = DIRECTION('',(1.,0.,0.));
#1071 = ORIENTED_EDGE('',*,*,#1072,.T.);
#1072 = EDGE_CURVE('',#1065,#1073,#1075,.T.);
#1073 = VERTEX_POINT('',#1074);
#1074 = CARTESIAN_POINT('',(-5.75,-5.995,0.));
#1075 = LINE('',#1076,#1077);
#1076 = CARTESIAN_POINT('',(-5.75,-5.995,5.));
#1077 = VECTOR('',#1078,1.);
#1078 = DIRECTION('',(-0.,-0.,-1.));
#1079 = ORIENTED_EDGE('',*,*,#1080,.T.);
#1080 = EDGE_CURVE('',#1073,#1081,#1083,.T.);
#1081 = VERTEX_POINT('',#1082);
#1082 = CARTESIAN_POINT('',(5.15,-5.995,0.));
#1083 = LINE('',#1084,#1085);
#1084 = CARTESIAN_POINT('',(-5.75,-5.995,0.));
#1085 = VECTOR('',#1086,1.);
#1086 = DIRECTION('',(1.,0.,0.));
#1087 = ORIENTED_EDGE('',*,*,#1088,.F.);
#1088 = EDGE_CURVE('',#1089,#1081,#1091,.T.);
#1089 = VERTEX_POINT('',#1090);
#1090 = CARTESIAN_POINT('',(5.15,-5.995,5.));
#1091 = LINE('',#1092,#1093);
#1092 = CARTESIAN_POINT('',(5.15,-5.995,5.));
#1093 = VECTOR('',#1094,1.);
#1094 = DIRECTION('',(-0.,-0.,-1.));
#1095 = ORIENTED_EDGE('',*,*,#1096,.F.);
#1096 = EDGE_CURVE('',#1097,#1089,#1099,.T.);
#1097 = VERTEX_POINT('',#1098);
#1098 = CARTESIAN_POINT('',(4.35,-5.995,5.));
#1099 = LINE('',#1100,#1101);
#1100 = CARTESIAN_POINT('',(-5.75,-5.995,5.));
#1101 = VECTOR('',#1102,1.);
#1102 = DIRECTION('',(1.,0.,0.));
#1103 = ORIENTED_EDGE('',*,*,#1104,.F.);
#1104 = EDGE_CURVE('',#1049,#1097,#1105,.T.);
#1105 = LINE('',#1106,#1107);
#1106 = CARTESIAN_POINT('',(4.35,-5.995,1.));
#1107 = VECTOR('',#1108,1.);
#1108 = DIRECTION('',(-0.,-0.,1.));
#1109 = FACE_BOUND('',#1110,.T.);
#1110 = EDGE_LOOP('',(#1111,#1121,#1129,#1137,#1145,#1153));
#1111 = ORIENTED_EDGE('',*,*,#1112,.F.);
#1112 = EDGE_CURVE('',#1113,#1115,#1117,.T.);
#1113 = VERTEX_POINT('',#1114);
#1114 = CARTESIAN_POINT('',(-3.509859455601,-5.995,4.299609260902));
#1115 = VERTEX_POINT('',#1116);
#1116 = CARTESIAN_POINT('',(-3.509859455601,-5.995,4.338253596791));
#1117 = LINE('',#1118,#1119);
#1118 = CARTESIAN_POINT('',(-3.509859455601,-5.995,4.338253596791));
#1119 = VECTOR('',#1120,1.);
#1120 = DIRECTION('',(-0.,-0.,1.));
#1121 = ORIENTED_EDGE('',*,*,#1122,.F.);
#1122 = EDGE_CURVE('',#1123,#1113,#1125,.T.);
#1123 = VERTEX_POINT('',#1124);
#1124 = CARTESIAN_POINT('',(-3.688611170715,-5.995,4.299609260902));
#1125 = LINE('',#1126,#1127);
#1126 = CARTESIAN_POINT('',(-3.509859455601,-5.995,4.299609260902));
#1127 = VECTOR('',#1128,1.);
#1128 = DIRECTION('',(1.,-0.,-0.));
#1129 = ORIENTED_EDGE('',*,*,#1130,.F.);
#1130 = EDGE_CURVE('',#1131,#1123,#1133,.T.);
#1131 = VERTEX_POINT('',#1132);
#1132 = CARTESIAN_POINT('',(-3.688611170715,-5.995,4.638570341621));
#1133 = LINE('',#1134,#1135);
#1134 = CARTESIAN_POINT('',(-3.688611170715,-5.995,4.299609260902));
#1135 = VECTOR('',#1136,1.);
#1136 = DIRECTION('',(-0.,-0.,-1.));
#1137 = ORIENTED_EDGE('',*,*,#1138,.F.);
#1138 = EDGE_CURVE('',#1139,#1131,#1141,.T.);
#1139 = VERTEX_POINT('',#1140);
#1140 = CARTESIAN_POINT('',(-3.644854691737,-5.995,4.638570341621));
#1141 = LINE('',#1142,#1143);
#1142 = CARTESIAN_POINT('',(-3.688611170715,-5.995,4.638570341621));
#1143 = VECTOR('',#1144,1.);
#1144 = DIRECTION('',(-1.,-0.,-0.));
#1145 = ORIENTED_EDGE('',*,*,#1146,.F.);
#1146 = EDGE_CURVE('',#1147,#1139,#1149,.T.);
#1147 = VERTEX_POINT('',#1148);
#1148 = CARTESIAN_POINT('',(-3.644854691737,-5.995,4.338253596791));
#1149 = LINE('',#1150,#1151);
#1150 = CARTESIAN_POINT('',(-3.644854691737,-5.995,4.638570341621));
#1151 = VECTOR('',#1152,1.);
#1152 = DIRECTION('',(-0.,-0.,1.));
#1153 = ORIENTED_EDGE('',*,*,#1154,.F.);
#1154 = EDGE_CURVE('',#1115,#1147,#1155,.T.);
#1155 = LINE('',#1156,#1157);
#1156 = CARTESIAN_POINT('',(-3.644854691737,-5.995,4.338253596791));
#1157 = VECTOR('',#1158,1.);
#1158 = DIRECTION('',(-1.,-0.,-0.));
#1159 = FACE_BOUND('',#1160,.T.);
#1160 = EDGE_LOOP('',(#1161,#1171,#1179,#1187,#1195,#1203,#1211,#1219,
    #1227,#1235,#1243,#1251));
#1161 = ORIENTED_EDGE('',*,*,#1162,.F.);
#1162 = EDGE_CURVE('',#1163,#1165,#1167,.T.);
#1163 = VERTEX_POINT('',#1164);
#1164 = CARTESIAN_POINT('',(-2.992060013276,-5.995,4.299609260902));
#1165 = VERTEX_POINT('',#1166);
#1166 = CARTESIAN_POINT('',(-2.992060013276,-5.995,4.338253596791));
#1167 = LINE('',#1168,#1169);
#1168 = CARTESIAN_POINT('',(-2.992060013276,-5.995,4.338253596791));
#1169 = VECTOR('',#1170,1.);
#1170 = DIRECTION('',(-0.,-0.,1.));
#1171 = ORIENTED_EDGE('',*,*,#1172,.F.);
#1172 = EDGE_CURVE('',#1173,#1163,#1175,.T.);
#1173 = VERTEX_POINT('',#1174);
#1174 = CARTESIAN_POINT('',(-3.174364234602,-5.995,4.299609260902));
#1175 = LINE('',#1176,#1177);
#1176 = CARTESIAN_POINT('',(-2.992060013276,-5.995,4.299609260902));
#1177 = VECTOR('',#1178,1.);
#1178 = DIRECTION('',(1.,-0.,-0.));
#1179 = ORIENTED_EDGE('',*,*,#1180,.F.);
#1180 = EDGE_CURVE('',#1181,#1173,#1183,.T.);
#1181 = VERTEX_POINT('',#1182);
#1182 = CARTESIAN_POINT('',(-3.174364234602,-5.995,4.638570341621));
#1183 = LINE('',#1184,#1185);
#1184 = CARTESIAN_POINT('',(-3.174364234602,-5.995,4.299609260902));
#1185 = VECTOR('',#1186,1.);
#1186 = DIRECTION('',(-0.,-0.,-1.));
#1187 = ORIENTED_EDGE('',*,*,#1188,.F.);
#1188 = EDGE_CURVE('',#1189,#1181,#1191,.T.);
#1189 = VERTEX_POINT('',#1190);
#1190 = CARTESIAN_POINT('',(-2.999771551154,-5.995,4.638570341621));
#1191 = LINE('',#1192,#1193);
#1192 = CARTESIAN_POINT('',(-3.174364234602,-5.995,4.638570341621));
#1193 = VECTOR('',#1194,1.);
#1194 = DIRECTION('',(-1.,-0.,-0.));
#1195 = ORIENTED_EDGE('',*,*,#1196,.F.);
#1196 = EDGE_CURVE('',#1197,#1189,#1199,.T.);
#1197 = VERTEX_POINT('',#1198);
#1198 = CARTESIAN_POINT('',(-2.999771551154,-5.995,4.599579419759));
#1199 = LINE('',#1200,#1201);
#1200 = CARTESIAN_POINT('',(-2.999771551154,-5.995,4.638570341621));
#1201 = VECTOR('',#1202,1.);
#1202 = DIRECTION('',(-0.,-0.,1.));
#1203 = ORIENTED_EDGE('',*,*,#1204,.F.);
#1204 = EDGE_CURVE('',#1205,#1197,#1207,.T.);
#1205 = VERTEX_POINT('',#1206);
#1206 = CARTESIAN_POINT('',(-3.130607755624,-5.995,4.599579419759));
#1207 = LINE('',#1208,#1209);
#1208 = CARTESIAN_POINT('',(-2.999771551154,-5.995,4.599579419759));
#1209 = VECTOR('',#1210,1.);
#1210 = DIRECTION('',(1.,-0.,-0.));
#1211 = ORIENTED_EDGE('',*,*,#1212,.F.);
#1212 = EDGE_CURVE('',#1213,#1205,#1215,.T.);
#1213 = VERTEX_POINT('',#1214);
#1214 = CARTESIAN_POINT('',(-3.130607755624,-5.995,4.491098010489));
#1215 = LINE('',#1216,#1217);
#1216 = CARTESIAN_POINT('',(-3.130607755624,-5.995,4.599579419759));
#1217 = VECTOR('',#1218,1.);
#1218 = DIRECTION('',(-0.,-0.,1.));
#1219 = ORIENTED_EDGE('',*,*,#1220,.F.);
#1220 = EDGE_CURVE('',#1221,#1213,#1223,.T.);
#1221 = VERTEX_POINT('',#1222);
#1222 = CARTESIAN_POINT('',(-3.009389311881,-5.995,4.491098010489));
#1223 = LINE('',#1224,#1225);
#1224 = CARTESIAN_POINT('',(-3.130607755624,-5.995,4.491098010489));
#1225 = VECTOR('',#1226,1.);
#1226 = DIRECTION('',(-1.,-0.,-0.));
#1227 = ORIENTED_EDGE('',*,*,#1228,.F.);
#1228 = EDGE_CURVE('',#1229,#1221,#1231,.T.);
#1229 = VERTEX_POINT('',#1230);
#1230 = CARTESIAN_POINT('',(-3.009389311881,-5.995,4.452280381614));
#1231 = LINE('',#1232,#1233);
#1232 = CARTESIAN_POINT('',(-3.009389311881,-5.995,4.491098010489));
#1233 = VECTOR('',#1234,1.);
#1234 = DIRECTION('',(-0.,-0.,1.));
#1235 = ORIENTED_EDGE('',*,*,#1236,.F.);
#1236 = EDGE_CURVE('',#1237,#1229,#1239,.T.);
#1237 = VERTEX_POINT('',#1238);
#1238 = CARTESIAN_POINT('',(-3.130607755624,-5.995,4.452280381614));
#1239 = LINE('',#1240,#1241);
#1240 = CARTESIAN_POINT('',(-3.009389311881,-5.995,4.452280381614));
#1241 = VECTOR('',#1242,1.);
#1242 = DIRECTION('',(1.,-0.,-0.));
#1243 = ORIENTED_EDGE('',*,*,#1244,.F.);
#1244 = EDGE_CURVE('',#1245,#1237,#1247,.T.);
#1245 = VERTEX_POINT('',#1246);
#1246 = CARTESIAN_POINT('',(-3.130607755624,-5.995,4.338253596791));
#1247 = LINE('',#1248,#1249);
#1248 = CARTESIAN_POINT('',(-3.130607755624,-5.995,4.452280381614));
#1249 = VECTOR('',#1250,1.);
#1250 = DIRECTION('',(-0.,-0.,1.));
#1251 = ORIENTED_EDGE('',*,*,#1252,.F.);
#1252 = EDGE_CURVE('',#1165,#1245,#1253,.T.);
#1253 = LINE('',#1254,#1255);
#1254 = CARTESIAN_POINT('',(-3.130607755624,-5.995,4.338253596791));
#1255 = VECTOR('',#1256,1.);
#1256 = DIRECTION('',(-1.,-0.,-0.));
#1257 = FACE_BOUND('',#1258,.T.);
#1258 = EDGE_LOOP('',(#1259,#1269,#1277,#1285,#1294,#1303,#1312));
#1259 = ORIENTED_EDGE('',*,*,#1260,.F.);
#1260 = EDGE_CURVE('',#1261,#1263,#1265,.T.);
#1261 = VERTEX_POINT('',#1262);
#1262 = CARTESIAN_POINT('',(-2.928028254928,-5.995,4.299609260902));
#1263 = VERTEX_POINT('',#1264);
#1264 = CARTESIAN_POINT('',(-2.834796628432,-5.995,4.299609260902));
#1265 = LINE('',#1266,#1267);
#1266 = CARTESIAN_POINT('',(-2.834796628432,-5.995,4.299609260902));
#1267 = VECTOR('',#1268,1.);
#1268 = DIRECTION('',(1.,-0.,-0.));
#1269 = ORIENTED_EDGE('',*,*,#1270,.F.);
#1270 = EDGE_CURVE('',#1271,#1261,#1273,.T.);
#1271 = VERTEX_POINT('',#1272);
#1272 = CARTESIAN_POINT('',(-2.928028254928,-5.995,4.638570341621));
#1273 = LINE('',#1274,#1275);
#1274 = CARTESIAN_POINT('',(-2.928028254928,-5.995,4.299609260902));
#1275 = VECTOR('',#1276,1.);
#1276 = DIRECTION('',(-0.,-0.,-1.));
#1277 = ORIENTED_EDGE('',*,*,#1278,.F.);
#1278 = EDGE_CURVE('',#1279,#1271,#1281,.T.);
#1279 = VERTEX_POINT('',#1280);
#1280 = CARTESIAN_POINT('',(-2.83133076871,-5.995,4.638570341621));
#1281 = LINE('',#1282,#1283);
#1282 = CARTESIAN_POINT('',(-2.928028254928,-5.995,4.638570341621));
#1283 = VECTOR('',#1284,1.);
#1284 = DIRECTION('',(-1.,-0.,-0.));
#1285 = ORIENTED_EDGE('',*,*,#1286,.F.);
#1286 = EDGE_CURVE('',#1287,#1279,#1289,.T.);
#1287 = VERTEX_POINT('',#1288);
#1288 = CARTESIAN_POINT('',(-2.703180605524,-5.995,4.593687458233));
#1289 = B_SPLINE_CURVE_WITH_KNOTS('',3,(#1290,#1291,#1292,#1293),
  .UNSPECIFIED.,.F.,.F.,(4,4),(2.,3.),.PIECEWISE_BEZIER_KNOTS.);
#1290 = CARTESIAN_POINT('',(-2.703180605524,-5.995,4.593687458233));
#1291 = CARTESIAN_POINT('',(-2.737232677284,-5.995,4.623667144821));
#1292 = CARTESIAN_POINT('',(-2.779949398346,-5.995,4.638570341621));
#1293 = CARTESIAN_POINT('',(-2.83133076871,-5.995,4.638570341621));
#1294 = ORIENTED_EDGE('',*,*,#1295,.F.);
#1295 = EDGE_CURVE('',#1296,#1287,#1298,.T.);
#1296 = VERTEX_POINT('',#1297);
#1297 = CARTESIAN_POINT('',(-2.652059174639,-5.995,4.473422125913));
#1298 = B_SPLINE_CURVE_WITH_KNOTS('',3,(#1299,#1300,#1301,#1302),
  .UNSPECIFIED.,.F.,.F.,(4,4),(3.,4.),.PIECEWISE_BEZIER_KNOTS.);
#1299 = CARTESIAN_POINT('',(-2.652059174639,-5.995,4.473422125913));
#1300 = CARTESIAN_POINT('',(-2.652059174639,-5.995,4.523677091867));
#1301 = CARTESIAN_POINT('',(-2.669128533765,-5.995,4.563707771646));
#1302 = CARTESIAN_POINT('',(-2.703180605524,-5.995,4.593687458233));
#1303 = ORIENTED_EDGE('',*,*,#1304,.F.);
#1304 = EDGE_CURVE('',#1305,#1296,#1307,.T.);
#1305 = VERTEX_POINT('',#1306);
#1306 = CARTESIAN_POINT('',(-2.703180605524,-5.995,4.347091539079));
#1307 = B_SPLINE_CURVE_WITH_KNOTS('',3,(#1308,#1309,#1310,#1311),
  .UNSPECIFIED.,.F.,.F.,(4,4),(4.,5.),.PIECEWISE_BEZIER_KNOTS.);
#1308 = CARTESIAN_POINT('',(-2.703180605524,-5.995,4.347091539079));
#1309 = CARTESIAN_POINT('',(-2.669128533765,-5.995,4.378804155528));
#1310 = CARTESIAN_POINT('',(-2.652059174639,-5.995,4.420914351139));
#1311 = CARTESIAN_POINT('',(-2.652059174639,-5.995,4.473422125913));
#1312 = ORIENTED_EDGE('',*,*,#1313,.F.);
#1313 = EDGE_CURVE('',#1263,#1305,#1314,.T.);
#1314 = B_SPLINE_CURVE_WITH_KNOTS('',3,(#1315,#1316,#1317,#1318),
  .UNSPECIFIED.,.F.,.F.,(4,4),(5.,6.),.PIECEWISE_BEZIER_KNOTS.);
#1315 = CARTESIAN_POINT('',(-2.834796628432,-5.995,4.299609260902));
#1316 = CARTESIAN_POINT('',(-2.781162449249,-5.995,4.299609260902));
#1317 = CARTESIAN_POINT('',(-2.737232677284,-5.995,4.315378922633));
#1318 = CARTESIAN_POINT('',(-2.703180605524,-5.995,4.347091539079));
#1319 = FACE_BOUND('',#1320,.T.);
#1320 = EDGE_LOOP('',(#1321,#1331,#1339,#1347,#1355,#1363,#1371,#1379));
#1321 = ORIENTED_EDGE('',*,*,#1322,.F.);
#1322 = EDGE_CURVE('',#1323,#1325,#1327,.T.);
#1323 = VERTEX_POINT('',#1324);
#1324 = CARTESIAN_POINT('',(-2.328261230199,-5.995,4.299609260902));
#1325 = VERTEX_POINT('',#1326);
#1326 = CARTESIAN_POINT('',(-2.457364504809,-5.995,4.638570341621));
#1327 = LINE('',#1328,#1329);
#1328 = CARTESIAN_POINT('',(-2.457364504809,-5.995,4.638570341621));
#1329 = VECTOR('',#1330,1.);
#1330 = DIRECTION('',(-0.35593572437,-0.,0.934510438742));
#1331 = ORIENTED_EDGE('',*,*,#1332,.F.);
#1332 = EDGE_CURVE('',#1333,#1323,#1335,.T.);
#1333 = VERTEX_POINT('',#1334);
#1334 = CARTESIAN_POINT('',(-2.376609973308,-5.995,4.299609260902));
#1335 = LINE('',#1336,#1337);
#1336 = CARTESIAN_POINT('',(-2.328261230199,-5.995,4.299609260902));
#1337 = VECTOR('',#1338,1.);
#1338 = DIRECTION('',(1.,-0.,-0.));
#1339 = ORIENTED_EDGE('',*,*,#1340,.F.);
#1340 = EDGE_CURVE('',#1341,#1333,#1343,.T.);
#1341 = VERTEX_POINT('',#1342);
#1342 = CARTESIAN_POINT('',(-2.411181924025,-5.995,4.392321008441));
#1343 = LINE('',#1344,#1345);
#1344 = CARTESIAN_POINT('',(-2.376609973308,-5.995,4.299609260902));
#1345 = VECTOR('',#1346,1.);
#1346 = DIRECTION('',(0.349395479469,-0.,-0.936975345954));
#1347 = ORIENTED_EDGE('',*,*,#1348,.F.);
#1348 = EDGE_CURVE('',#1349,#1341,#1351,.T.);
#1349 = VERTEX_POINT('',#1350);
#1350 = CARTESIAN_POINT('',(-2.552329061166,-5.995,4.392321008441));
#1351 = LINE('',#1352,#1353);
#1352 = CARTESIAN_POINT('',(-2.411181924025,-5.995,4.392321008441));
#1353 = VECTOR('',#1354,1.);
#1354 = DIRECTION('',(1.,-0.,-0.));
#1355 = ORIENTED_EDGE('',*,*,#1356,.F.);
#1356 = EDGE_CURVE('',#1357,#1349,#1359,.T.);
#1357 = VERTEX_POINT('',#1358);
#1358 = CARTESIAN_POINT('',(-2.584908142544,-5.995,4.299609260902));
#1359 = LINE('',#1360,#1361);
#1360 = CARTESIAN_POINT('',(-2.552329061166,-5.995,4.392321008441));
#1361 = VECTOR('',#1362,1.);
#1362 = DIRECTION('',(0.33152841835,-0.,0.943445233082));
#1363 = ORIENTED_EDGE('',*,*,#1364,.F.);
#1364 = EDGE_CURVE('',#1365,#1357,#1367,.T.);
#1365 = VERTEX_POINT('',#1366);
#1366 = CARTESIAN_POINT('',(-2.633256885651,-5.995,4.299609260902));
#1367 = LINE('',#1368,#1369);
#1368 = CARTESIAN_POINT('',(-2.584908142544,-5.995,4.299609260902));
#1369 = VECTOR('',#1370,1.);
#1370 = DIRECTION('',(1.,-0.,-0.));
#1371 = ORIENTED_EDGE('',*,*,#1372,.F.);
#1372 = EDGE_CURVE('',#1373,#1365,#1375,.T.);
#1373 = VERTEX_POINT('',#1374);
#1374 = CARTESIAN_POINT('',(-2.504153611043,-5.995,4.638570341621));
#1375 = LINE('',#1376,#1377);
#1376 = CARTESIAN_POINT('',(-2.633256885651,-5.995,4.299609260902));
#1377 = VECTOR('',#1378,1.);
#1378 = DIRECTION('',(-0.355935724364,-0.,-0.934510438744));
#1379 = ORIENTED_EDGE('',*,*,#1380,.F.);
#1380 = EDGE_CURVE('',#1325,#1373,#1381,.T.);
#1381 = LINE('',#1382,#1383);
#1382 = CARTESIAN_POINT('',(-2.504153611043,-5.995,4.638570341621));
#1383 = VECTOR('',#1384,1.);
#1384 = DIRECTION('',(-1.,-0.,-0.));
#1385 = FACE_BOUND('',#1386,.T.);
#1386 = EDGE_LOOP('',(#1387,#1398,#1407,#1416,#1425,#1434,#1443,#1452,
    #1461,#1470,#1478,#1487,#1496,#1505,#1514,#1523,#1532,#1541,#1550,
    #1559,#1568));
#1387 = ORIENTED_EDGE('',*,*,#1388,.F.);
#1388 = EDGE_CURVE('',#1389,#1391,#1393,.T.);
#1389 = VERTEX_POINT('',#1390);
#1390 = CARTESIAN_POINT('',(-3.143778022564,-5.995,3.790821053851));
#1391 = VERTEX_POINT('',#1392);
#1392 = CARTESIAN_POINT('',(-3.213615095944,-5.995,3.814215606966));
#1393 = B_SPLINE_CURVE_WITH_KNOTS('',3,(#1394,#1395,#1396,#1397),
  .UNSPECIFIED.,.F.,.F.,(4,4),(0.,1.),.PIECEWISE_BEZIER_KNOTS.);
#1394 = CARTESIAN_POINT('',(-3.143778022564,-5.995,3.790821053851));
#1395 = CARTESIAN_POINT('',(-3.168732212556,-5.995,3.790821053851));
#1396 = CARTESIAN_POINT('',(-3.191953472687,-5.995,3.798619238223));
#1397 = CARTESIAN_POINT('',(-3.213615095944,-5.995,3.814215606966));
#1398 = ORIENTED_EDGE('',*,*,#1399,.F.);
#1399 = EDGE_CURVE('',#1400,#1389,#1402,.T.);
#1400 = VERTEX_POINT('',#1401);
#1401 = CARTESIAN_POINT('',(-3.093696349595,-5.995,3.823573428214));
#1402 = B_SPLINE_CURVE_WITH_KNOTS('',3,(#1403,#1404,#1405,#1406),
  .UNSPECIFIED.,.F.,.F.,(4,4),(1.,2.),.PIECEWISE_BEZIER_KNOTS.);
#1403 = CARTESIAN_POINT('',(-3.093696349595,-5.995,3.823573428214));
#1404 = CARTESIAN_POINT('',(-3.093696349595,-5.995,3.801738511971));
#1405 = CARTESIAN_POINT('',(-3.110419122749,-5.995,3.790821053851));
#1406 = CARTESIAN_POINT('',(-3.143778022564,-5.995,3.790821053851));
#1407 = ORIENTED_EDGE('',*,*,#1408,.F.);
#1408 = EDGE_CURVE('',#1409,#1400,#1411,.T.);
#1409 = VERTEX_POINT('',#1410);
#1410 = CARTESIAN_POINT('',(-3.104613807717,-5.995,3.846621395358));
#1411 = B_SPLINE_CURVE_WITH_KNOTS('',3,(#1412,#1413,#1414,#1415),
  .UNSPECIFIED.,.F.,.F.,(4,4),(2.,3.),.PIECEWISE_BEZIER_KNOTS.);
#1412 = CARTESIAN_POINT('',(-3.104613807717,-5.995,3.846621395358));
#1413 = CARTESIAN_POINT('',(-3.097335502302,-5.995,3.840556140847));
#1414 = CARTESIAN_POINT('',(-3.093696349595,-5.995,3.832931249462));
#1415 = CARTESIAN_POINT('',(-3.093696349595,-5.995,3.823573428214));
#1416 = ORIENTED_EDGE('',*,*,#1417,.F.);
#1417 = EDGE_CURVE('',#1418,#1409,#1420,.T.);
#1418 = VERTEX_POINT('',#1419);
#1419 = CARTESIAN_POINT('',(-3.149063458639,-5.995,3.868283018616));
#1420 = B_SPLINE_CURVE_WITH_KNOTS('',3,(#1421,#1422,#1423,#1424),
  .UNSPECIFIED.,.F.,.F.,(4,4),(3.,4.),.PIECEWISE_BEZIER_KNOTS.);
#1421 = CARTESIAN_POINT('',(-3.149063458639,-5.995,3.868283018616));
#1422 = CARTESIAN_POINT('',(-3.126708663438,-5.995,3.859964955285));
#1423 = CARTESIAN_POINT('',(-3.111892113131,-5.995,3.85268664987));
#1424 = CARTESIAN_POINT('',(-3.104613807717,-5.995,3.846621395358));
#1425 = ORIENTED_EDGE('',*,*,#1426,.F.);
#1426 = EDGE_CURVE('',#1427,#1418,#1429,.T.);
#1427 = VERTEX_POINT('',#1428);
#1428 = CARTESIAN_POINT('',(-3.201311293934,-5.995,3.900342221036));
#1429 = B_SPLINE_CURVE_WITH_KNOTS('',3,(#1430,#1431,#1432,#1433),
  .UNSPECIFIED.,.F.,.F.,(4,4),(4.,5.),.PIECEWISE_BEZIER_KNOTS.);
#1430 = CARTESIAN_POINT('',(-3.201311293934,-5.995,3.900342221036));
#1431 = CARTESIAN_POINT('',(-3.193339816575,-5.995,3.889771348887));
#1432 = CARTESIAN_POINT('',(-3.175837224984,-5.995,3.87902718375));
#1433 = CARTESIAN_POINT('',(-3.149063458639,-5.995,3.868283018616));
#1434 = ORIENTED_EDGE('',*,*,#1435,.F.);
#1435 = EDGE_CURVE('',#1436,#1427,#1438,.T.);
#1436 = VERTEX_POINT('',#1437);
#1437 = CARTESIAN_POINT('',(-3.213355156465,-5.995,3.938639970954));
#1438 = B_SPLINE_CURVE_WITH_KNOTS('',3,(#1439,#1440,#1441,#1442),
  .UNSPECIFIED.,.F.,.F.,(4,4),(5.,6.),.PIECEWISE_BEZIER_KNOTS.);
#1439 = CARTESIAN_POINT('',(-3.213355156465,-5.995,3.938639970954));
#1440 = CARTESIAN_POINT('',(-3.213355156465,-5.995,3.923736774152));
#1441 = CARTESIAN_POINT('',(-3.209369417785,-5.995,3.910913093185));
#1442 = CARTESIAN_POINT('',(-3.201311293934,-5.995,3.900342221036));
#1443 = ORIENTED_EDGE('',*,*,#1444,.F.);
#1444 = EDGE_CURVE('',#1445,#1436,#1447,.T.);
#1445 = VERTEX_POINT('',#1446);
#1446 = CARTESIAN_POINT('',(-3.186148157654,-5.995,3.990281280796));
#1447 = B_SPLINE_CURVE_WITH_KNOTS('',3,(#1448,#1449,#1450,#1451),
  .UNSPECIFIED.,.F.,.F.,(4,4),(6.,7.),.PIECEWISE_BEZIER_KNOTS.);
#1448 = CARTESIAN_POINT('',(-3.186148157654,-5.995,3.990281280796));
#1449 = CARTESIAN_POINT('',(-3.204257274697,-5.995,3.977284306843));
#1450 = CARTESIAN_POINT('',(-3.213355156465,-5.995,3.960128301223));
#1451 = CARTESIAN_POINT('',(-3.213355156465,-5.995,3.938639970954));
#1452 = ORIENTED_EDGE('',*,*,#1453,.F.);
#1453 = EDGE_CURVE('',#1454,#1445,#1456,.T.);
#1454 = VERTEX_POINT('',#1455);
#1455 = CARTESIAN_POINT('',(-3.119083772052,-5.995,4.00951680225));
#1456 = B_SPLINE_CURVE_WITH_KNOTS('',3,(#1457,#1458,#1459,#1460),
  .UNSPECIFIED.,.F.,.F.,(4,4),(7.,8.),.PIECEWISE_BEZIER_KNOTS.);
#1457 = CARTESIAN_POINT('',(-3.119083772052,-5.995,4.00951680225));
#1458 = CARTESIAN_POINT('',(-3.145597598918,-5.995,4.00951680225));
#1459 = CARTESIAN_POINT('',(-3.167952394119,-5.995,4.003104961766));
#1460 = CARTESIAN_POINT('',(-3.186148157654,-5.995,3.990281280796));
#1461 = ORIENTED_EDGE('',*,*,#1462,.F.);
#1462 = EDGE_CURVE('',#1463,#1454,#1465,.T.);
#1463 = VERTEX_POINT('',#1464);
#1464 = CARTESIAN_POINT('',(-3.061723793668,-5.995,3.998772637113));
#1465 = B_SPLINE_CURVE_WITH_KNOTS('',3,(#1466,#1467,#1468,#1469),
  .UNSPECIFIED.,.F.,.F.,(4,4),(8.,9.),.PIECEWISE_BEZIER_KNOTS.);
#1466 = CARTESIAN_POINT('',(-3.061723793668,-5.995,3.998772637113));
#1467 = CARTESIAN_POINT('',(-3.079399678246,-5.995,4.006050942528));
#1468 = CARTESIAN_POINT('',(-3.098461906712,-5.995,4.00951680225));
#1469 = CARTESIAN_POINT('',(-3.119083772052,-5.995,4.00951680225));
#1470 = ORIENTED_EDGE('',*,*,#1471,.F.);
#1471 = EDGE_CURVE('',#1472,#1463,#1474,.T.);
#1472 = VERTEX_POINT('',#1473);
#1473 = CARTESIAN_POINT('',(-3.061723793668,-5.995,3.957528906433));
#1474 = LINE('',#1475,#1476);
#1475 = CARTESIAN_POINT('',(-3.061723793668,-5.995,3.998772637113));
#1476 = VECTOR('',#1477,1.);
#1477 = DIRECTION('',(-0.,-0.,1.));
#1478 = ORIENTED_EDGE('',*,*,#1479,.F.);
#1479 = EDGE_CURVE('',#1480,#1472,#1482,.T.);
#1480 = VERTEX_POINT('',#1481);
#1481 = CARTESIAN_POINT('',(-3.123242803717,-5.995,3.975031498025));
#1482 = B_SPLINE_CURVE_WITH_KNOTS('',3,(#1483,#1484,#1485,#1486),
  .UNSPECIFIED.,.F.,.F.,(4,4),(10.,11.),.PIECEWISE_BEZIER_KNOTS.);
#1483 = CARTESIAN_POINT('',(-3.123242803717,-5.995,3.975031498025));
#1484 = CARTESIAN_POINT('',(-3.100281483065,-5.995,3.975031498025));
#1485 = CARTESIAN_POINT('',(-3.079832910711,-5.995,3.969139536499));
#1486 = CARTESIAN_POINT('',(-3.061723793668,-5.995,3.957528906433));
#1487 = ORIENTED_EDGE('',*,*,#1488,.F.);
#1488 = EDGE_CURVE('',#1489,#1480,#1491,.T.);
#1489 = VERTEX_POINT('',#1490);
#1490 = CARTESIAN_POINT('',(-3.156688350025,-5.995,3.966020262749));
#1491 = B_SPLINE_CURVE_WITH_KNOTS('',3,(#1492,#1493,#1494,#1495),
  .UNSPECIFIED.,.F.,.F.,(4,4),(11.,12.),.PIECEWISE_BEZIER_KNOTS.);
#1492 = CARTESIAN_POINT('',(-3.156688350025,-5.995,3.966020262749));
#1493 = CARTESIAN_POINT('',(-3.148110347216,-5.995,3.972085517261));
#1494 = CARTESIAN_POINT('',(-3.136932949615,-5.995,3.975031498025));
#1495 = CARTESIAN_POINT('',(-3.123242803717,-5.995,3.975031498025));
#1496 = ORIENTED_EDGE('',*,*,#1497,.F.);
#1497 = EDGE_CURVE('',#1498,#1489,#1500,.T.);
#1498 = VERTEX_POINT('',#1499);
#1499 = CARTESIAN_POINT('',(-3.169598677487,-5.995,3.942452416647));
#1500 = B_SPLINE_CURVE_WITH_KNOTS('',3,(#1501,#1502,#1503,#1504),
  .UNSPECIFIED.,.F.,.F.,(4,4),(12.,13.),.PIECEWISE_BEZIER_KNOTS.);
#1501 = CARTESIAN_POINT('',(-3.169598677487,-5.995,3.942452416647));
#1502 = CARTESIAN_POINT('',(-3.169598677487,-5.995,3.952156823864));
#1503 = CARTESIAN_POINT('',(-3.165266352834,-5.995,3.960128301223));
#1504 = CARTESIAN_POINT('',(-3.156688350025,-5.995,3.966020262749));
#1505 = ORIENTED_EDGE('',*,*,#1506,.F.);
#1506 = EDGE_CURVE('',#1507,#1498,#1509,.T.);
#1507 = VERTEX_POINT('',#1508);
#1508 = CARTESIAN_POINT('',(-3.160327502733,-5.995,3.919924328461));
#1509 = B_SPLINE_CURVE_WITH_KNOTS('',3,(#1510,#1511,#1512,#1513),
  .UNSPECIFIED.,.F.,.F.,(4,4),(13.,14.),.PIECEWISE_BEZIER_KNOTS.);
#1510 = CARTESIAN_POINT('',(-3.160327502733,-5.995,3.919924328461));
#1511 = CARTESIAN_POINT('',(-3.166479403738,-5.995,3.925296411027));
#1512 = CARTESIAN_POINT('',(-3.169598677487,-5.995,3.932748009428));
#1513 = CARTESIAN_POINT('',(-3.169598677487,-5.995,3.942452416647));
#1514 = ORIENTED_EDGE('',*,*,#1515,.F.);
#1515 = EDGE_CURVE('',#1516,#1507,#1518,.T.);
#1516 = VERTEX_POINT('',#1517);
#1517 = CARTESIAN_POINT('',(-3.119083772052,-5.995,3.899129170133));
#1518 = B_SPLINE_CURVE_WITH_KNOTS('',3,(#1519,#1520,#1521,#1522),
  .UNSPECIFIED.,.F.,.F.,(4,4),(14.,15.),.PIECEWISE_BEZIER_KNOTS.);
#1519 = CARTESIAN_POINT('',(-3.119083772052,-5.995,3.899129170133));
#1520 = CARTESIAN_POINT('',(-3.140398809337,-5.995,3.907447233463));
#1521 = CARTESIAN_POINT('',(-3.154088955234,-5.995,3.914378952906));
#1522 = CARTESIAN_POINT('',(-3.160327502733,-5.995,3.919924328461));
#1523 = ORIENTED_EDGE('',*,*,#1524,.F.);
#1524 = EDGE_CURVE('',#1525,#1516,#1527,.T.);
#1525 = VERTEX_POINT('',#1526);
#1526 = CARTESIAN_POINT('',(-3.064323188459,-5.995,3.867763139658));
#1527 = B_SPLINE_CURVE_WITH_KNOTS('',3,(#1528,#1529,#1530,#1531),
  .UNSPECIFIED.,.F.,.F.,(4,4),(15.,16.),.PIECEWISE_BEZIER_KNOTS.);
#1528 = CARTESIAN_POINT('',(-3.064323188459,-5.995,3.867763139658));
#1529 = CARTESIAN_POINT('',(-3.073854302692,-5.995,3.878507304793));
#1530 = CARTESIAN_POINT('',(-3.092050066227,-5.995,3.889078176941));
#1531 = CARTESIAN_POINT('',(-3.119083772052,-5.995,3.899129170133));
#1532 = ORIENTED_EDGE('',*,*,#1533,.F.);
#1533 = EDGE_CURVE('',#1534,#1525,#1536,.T.);
#1534 = VERTEX_POINT('',#1535);
#1535 = CARTESIAN_POINT('',(-3.050113163603,-5.995,3.827732459879));
#1536 = B_SPLINE_CURVE_WITH_KNOTS('',3,(#1537,#1538,#1539,#1540),
  .UNSPECIFIED.,.F.,.F.,(4,4),(16.,17.),.PIECEWISE_BEZIER_KNOTS.);
#1537 = CARTESIAN_POINT('',(-3.050113163603,-5.995,3.827732459879));
#1538 = CARTESIAN_POINT('',(-3.050113163603,-5.995,3.843675414597));
#1539 = CARTESIAN_POINT('',(-3.05487872072,-5.995,3.857018974524));
#1540 = CARTESIAN_POINT('',(-3.064323188459,-5.995,3.867763139658));
#1541 = ORIENTED_EDGE('',*,*,#1542,.F.);
#1542 = EDGE_CURVE('',#1543,#1534,#1545,.T.);
#1543 = VERTEX_POINT('',#1544);
#1544 = CARTESIAN_POINT('',(-3.077406808906,-5.995,3.775397978091));
#1545 = B_SPLINE_CURVE_WITH_KNOTS('',3,(#1546,#1547,#1548,#1549),
  .UNSPECIFIED.,.F.,.F.,(4,4),(17.,18.),.PIECEWISE_BEZIER_KNOTS.);
#1546 = CARTESIAN_POINT('',(-3.077406808906,-5.995,3.775397978091));
#1547 = CARTESIAN_POINT('',(-3.059211045371,-5.995,3.788048366075));
#1548 = CARTESIAN_POINT('',(-3.050113163603,-5.995,3.805550957664));
#1549 = CARTESIAN_POINT('',(-3.050113163603,-5.995,3.827732459879));
#1550 = ORIENTED_EDGE('',*,*,#1551,.F.);
#1551 = EDGE_CURVE('',#1552,#1543,#1554,.T.);
#1552 = VERTEX_POINT('',#1553);
#1553 = CARTESIAN_POINT('',(-3.147937054229,-5.995,3.75616245664));
#1554 = B_SPLINE_CURVE_WITH_KNOTS('',3,(#1555,#1556,#1557,#1558),
  .UNSPECIFIED.,.F.,.F.,(4,4),(18.,19.),.PIECEWISE_BEZIER_KNOTS.);
#1555 = CARTESIAN_POINT('',(-3.147937054229,-5.995,3.75616245664));
#1556 = CARTESIAN_POINT('',(-3.119083772052,-5.995,3.75616245664));
#1557 = CARTESIAN_POINT('',(-3.095515925949,-5.995,3.762574297124));
#1558 = CARTESIAN_POINT('',(-3.077406808906,-5.995,3.775397978091));
#1559 = ORIENTED_EDGE('',*,*,#1560,.F.);
#1560 = EDGE_CURVE('',#1561,#1552,#1563,.T.);
#1561 = VERTEX_POINT('',#1562);
#1562 = CARTESIAN_POINT('',(-3.213615095944,-5.995,3.770372481497));
#1563 = B_SPLINE_CURVE_WITH_KNOTS('',3,(#1564,#1565,#1566,#1567),
  .UNSPECIFIED.,.F.,.F.,(4,4),(19.,20.),.PIECEWISE_BEZIER_KNOTS.);
#1564 = CARTESIAN_POINT('',(-3.213615095944,-5.995,3.770372481497));
#1565 = CARTESIAN_POINT('',(-3.19489945345,-5.995,3.761014660249));
#1566 = CARTESIAN_POINT('',(-3.173064537207,-5.995,3.75616245664));
#1567 = CARTESIAN_POINT('',(-3.147937054229,-5.995,3.75616245664));
#1568 = ORIENTED_EDGE('',*,*,#1569,.F.);
#1569 = EDGE_CURVE('',#1391,#1561,#1570,.T.);
#1570 = LINE('',#1571,#1572);
#1571 = CARTESIAN_POINT('',(-3.213615095944,-5.995,3.770372481497));
#1572 = VECTOR('',#1573,1.);
#1573 = DIRECTION('',(-0.,-0.,-1.));
#1574 = FACE_BOUND('',#1575,.T.);
#1575 = EDGE_LOOP('',(#1576,#1586,#1594,#1602,#1610,#1618,#1626,#1634,
    #1642,#1650,#1658,#1666));
#1576 = ORIENTED_EDGE('',*,*,#1577,.F.);
#1577 = EDGE_CURVE('',#1578,#1580,#1582,.T.);
#1578 = VERTEX_POINT('',#1579);
#1579 = CARTESIAN_POINT('',(-2.567578843938,-5.995,3.76188112518));
#1580 = VERTEX_POINT('',#1581);
#1581 = CARTESIAN_POINT('',(-2.567578843938,-5.995,3.80052546107));
#1582 = LINE('',#1583,#1584);
#1583 = CARTESIAN_POINT('',(-2.567578843938,-5.995,3.80052546107));
#1584 = VECTOR('',#1585,1.);
#1585 = DIRECTION('',(-0.,-0.,1.));
#1586 = ORIENTED_EDGE('',*,*,#1587,.F.);
#1587 = EDGE_CURVE('',#1588,#1578,#1590,.T.);
#1588 = VERTEX_POINT('',#1589);
#1589 = CARTESIAN_POINT('',(-2.749883065266,-5.995,3.76188112518));
#1590 = LINE('',#1591,#1592);
#1591 = CARTESIAN_POINT('',(-2.567578843938,-5.995,3.76188112518));
#1592 = VECTOR('',#1593,1.);
#1593 = DIRECTION('',(1.,-0.,-0.));
#1594 = ORIENTED_EDGE('',*,*,#1595,.F.);
#1595 = EDGE_CURVE('',#1596,#1588,#1598,.T.);
#1596 = VERTEX_POINT('',#1597);
#1597 = CARTESIAN_POINT('',(-2.749883065266,-5.995,4.100842205899));
#1598 = LINE('',#1599,#1600);
#1599 = CARTESIAN_POINT('',(-2.749883065266,-5.995,3.76188112518));
#1600 = VECTOR('',#1601,1.);
#1601 = DIRECTION('',(-0.,-0.,-1.));
#1602 = ORIENTED_EDGE('',*,*,#1603,.F.);
#1603 = EDGE_CURVE('',#1604,#1596,#1606,.T.);
#1604 = VERTEX_POINT('',#1605);
#1605 = CARTESIAN_POINT('',(-2.575290381818,-5.995,4.100842205899));
#1606 = LINE('',#1607,#1608);
#1607 = CARTESIAN_POINT('',(-2.749883065266,-5.995,4.100842205899));
#1608 = VECTOR('',#1609,1.);
#1609 = DIRECTION('',(-1.,-0.,-0.));
#1610 = ORIENTED_EDGE('',*,*,#1611,.F.);
#1611 = EDGE_CURVE('',#1612,#1604,#1614,.T.);
#1612 = VERTEX_POINT('',#1613);
#1613 = CARTESIAN_POINT('',(-2.575290381818,-5.995,4.061851284038));
#1614 = LINE('',#1615,#1616);
#1615 = CARTESIAN_POINT('',(-2.575290381818,-5.995,4.100842205899));
#1616 = VECTOR('',#1617,1.);
#1617 = DIRECTION('',(-0.,-0.,1.));
#1618 = ORIENTED_EDGE('',*,*,#1619,.F.);
#1619 = EDGE_CURVE('',#1620,#1612,#1622,.T.);
#1620 = VERTEX_POINT('',#1621);
#1621 = CARTESIAN_POINT('',(-2.706126586286,-5.995,4.061851284038));
#1622 = LINE('',#1623,#1624);
#1623 = CARTESIAN_POINT('',(-2.575290381818,-5.995,4.061851284038));
#1624 = VECTOR('',#1625,1.);
#1625 = DIRECTION('',(1.,-0.,-0.));
#1626 = ORIENTED_EDGE('',*,*,#1627,.F.);
#1627 = EDGE_CURVE('',#1628,#1620,#1630,.T.);
#1628 = VERTEX_POINT('',#1629);
#1629 = CARTESIAN_POINT('',(-2.706126586286,-5.995,3.953369874768));
#1630 = LINE('',#1631,#1632);
#1631 = CARTESIAN_POINT('',(-2.706126586286,-5.995,4.061851284038));
#1632 = VECTOR('',#1633,1.);
#1633 = DIRECTION('',(-0.,-0.,1.));
#1634 = ORIENTED_EDGE('',*,*,#1635,.F.);
#1635 = EDGE_CURVE('',#1636,#1628,#1638,.T.);
#1636 = VERTEX_POINT('',#1637);
#1637 = CARTESIAN_POINT('',(-2.584908142544,-5.995,3.953369874768));
#1638 = LINE('',#1639,#1640);
#1639 = CARTESIAN_POINT('',(-2.706126586286,-5.995,3.953369874768));
#1640 = VECTOR('',#1641,1.);
#1641 = DIRECTION('',(-1.,-0.,-0.));
#1642 = ORIENTED_EDGE('',*,*,#1643,.F.);
#1643 = EDGE_CURVE('',#1644,#1636,#1646,.T.);
#1644 = VERTEX_POINT('',#1645);
#1645 = CARTESIAN_POINT('',(-2.584908142544,-5.995,3.914552245892));
#1646 = LINE('',#1647,#1648);
#1647 = CARTESIAN_POINT('',(-2.584908142544,-5.995,3.953369874768));
#1648 = VECTOR('',#1649,1.);
#1649 = DIRECTION('',(-0.,-0.,1.));
#1650 = ORIENTED_EDGE('',*,*,#1651,.F.);
#1651 = EDGE_CURVE('',#1652,#1644,#1654,.T.);
#1652 = VERTEX_POINT('',#1653);
#1653 = CARTESIAN_POINT('',(-2.706126586286,-5.995,3.914552245892));
#1654 = LINE('',#1655,#1656);
#1655 = CARTESIAN_POINT('',(-2.584908142544,-5.995,3.914552245892));
#1656 = VECTOR('',#1657,1.);
#1657 = DIRECTION('',(1.,-0.,-0.));
#1658 = ORIENTED_EDGE('',*,*,#1659,.F.);
#1659 = EDGE_CURVE('',#1660,#1652,#1662,.T.);
#1660 = VERTEX_POINT('',#1661);
#1661 = CARTESIAN_POINT('',(-2.706126586286,-5.995,3.80052546107));
#1662 = LINE('',#1663,#1664);
#1663 = CARTESIAN_POINT('',(-2.706126586286,-5.995,3.914552245892));
#1664 = VECTOR('',#1665,1.);
#1665 = DIRECTION('',(-0.,-0.,1.));
#1666 = ORIENTED_EDGE('',*,*,#1667,.F.);
#1667 = EDGE_CURVE('',#1580,#1660,#1668,.T.);
#1668 = LINE('',#1669,#1670);
#1669 = CARTESIAN_POINT('',(-2.706126586286,-5.995,3.80052546107));
#1670 = VECTOR('',#1671,1.);
#1671 = DIRECTION('',(-1.,-0.,-0.));
#1672 = FACE_BOUND('',#1673,.T.);
#1673 = EDGE_LOOP('',(#1674,#1684,#1692,#1700,#1709,#1718,#1727));
#1674 = ORIENTED_EDGE('',*,*,#1675,.F.);
#1675 = EDGE_CURVE('',#1676,#1678,#1680,.T.);
#1676 = VERTEX_POINT('',#1677);
#1677 = CARTESIAN_POINT('',(-2.50354708559,-5.995,3.76188112518));
#1678 = VERTEX_POINT('',#1679);
#1679 = CARTESIAN_POINT('',(-2.410315459094,-5.995,3.76188112518));
#1680 = LINE('',#1681,#1682);
#1681 = CARTESIAN_POINT('',(-2.410315459094,-5.995,3.76188112518));
#1682 = VECTOR('',#1683,1.);
#1683 = DIRECTION('',(1.,-0.,-0.));
#1684 = ORIENTED_EDGE('',*,*,#1685,.F.);
#1685 = EDGE_CURVE('',#1686,#1676,#1688,.T.);
#1686 = VERTEX_POINT('',#1687);
#1687 = CARTESIAN_POINT('',(-2.50354708559,-5.995,4.100842205899));
#1688 = LINE('',#1689,#1690);
#1689 = CARTESIAN_POINT('',(-2.50354708559,-5.995,3.76188112518));
#1690 = VECTOR('',#1691,1.);
#1691 = DIRECTION('',(-0.,-0.,-1.));
#1692 = ORIENTED_EDGE('',*,*,#1693,.F.);
#1693 = EDGE_CURVE('',#1694,#1686,#1696,.T.);
#1694 = VERTEX_POINT('',#1695);
#1695 = CARTESIAN_POINT('',(-2.406849599374,-5.995,4.100842205899));
#1696 = LINE('',#1697,#1698);
#1697 = CARTESIAN_POINT('',(-2.50354708559,-5.995,4.100842205899));
#1698 = VECTOR('',#1699,1.);
#1699 = DIRECTION('',(-1.,-0.,-0.));
#1700 = ORIENTED_EDGE('',*,*,#1701,.F.);
#1701 = EDGE_CURVE('',#1702,#1694,#1704,.T.);
#1702 = VERTEX_POINT('',#1703);
#1703 = CARTESIAN_POINT('',(-2.278699436189,-5.995,4.055959322512));
#1704 = B_SPLINE_CURVE_WITH_KNOTS('',3,(#1705,#1706,#1707,#1708),
  .UNSPECIFIED.,.F.,.F.,(4,4),(2.,3.),.PIECEWISE_BEZIER_KNOTS.);
#1705 = CARTESIAN_POINT('',(-2.278699436189,-5.995,4.055959322512));
#1706 = CARTESIAN_POINT('',(-2.312751507946,-5.995,4.085939009097));
#1707 = CARTESIAN_POINT('',(-2.355468229011,-5.995,4.100842205899));
#1708 = CARTESIAN_POINT('',(-2.406849599374,-5.995,4.100842205899));
#1709 = ORIENTED_EDGE('',*,*,#1710,.F.);
#1710 = EDGE_CURVE('',#1711,#1702,#1713,.T.);
#1711 = VERTEX_POINT('',#1712);
#1712 = CARTESIAN_POINT('',(-2.227578005301,-5.995,3.93569399019));
#1713 = B_SPLINE_CURVE_WITH_KNOTS('',3,(#1714,#1715,#1716,#1717),
  .UNSPECIFIED.,.F.,.F.,(4,4),(3.,4.),.PIECEWISE_BEZIER_KNOTS.);
#1714 = CARTESIAN_POINT('',(-2.227578005301,-5.995,3.93569399019));
#1715 = CARTESIAN_POINT('',(-2.227578005301,-5.995,3.985948956145));
#1716 = CARTESIAN_POINT('',(-2.244647364429,-5.995,4.025979635924));
#1717 = CARTESIAN_POINT('',(-2.278699436189,-5.995,4.055959322512));
#1718 = ORIENTED_EDGE('',*,*,#1719,.F.);
#1719 = EDGE_CURVE('',#1720,#1711,#1722,.T.);
#1720 = VERTEX_POINT('',#1721);
#1721 = CARTESIAN_POINT('',(-2.278699436189,-5.995,3.809363403358));
#1722 = B_SPLINE_CURVE_WITH_KNOTS('',3,(#1723,#1724,#1725,#1726),
  .UNSPECIFIED.,.F.,.F.,(4,4),(4.,5.),.PIECEWISE_BEZIER_KNOTS.);
#1723 = CARTESIAN_POINT('',(-2.278699436189,-5.995,3.809363403358));
#1724 = CARTESIAN_POINT('',(-2.244647364429,-5.995,3.841076019806));
#1725 = CARTESIAN_POINT('',(-2.227578005301,-5.995,3.883186215415));
#1726 = CARTESIAN_POINT('',(-2.227578005301,-5.995,3.93569399019));
#1727 = ORIENTED_EDGE('',*,*,#1728,.F.);
#1728 = EDGE_CURVE('',#1678,#1720,#1729,.T.);
#1729 = B_SPLINE_CURVE_WITH_KNOTS('',3,(#1730,#1731,#1732,#1733),
  .UNSPECIFIED.,.F.,.F.,(4,4),(5.,6.),.PIECEWISE_BEZIER_KNOTS.);
#1730 = CARTESIAN_POINT('',(-2.410315459094,-5.995,3.76188112518));
#1731 = CARTESIAN_POINT('',(-2.356681279912,-5.995,3.76188112518));
#1732 = CARTESIAN_POINT('',(-2.312751507946,-5.995,3.777650786909));
#1733 = CARTESIAN_POINT('',(-2.278699436189,-5.995,3.809363403358));
#1734 = FACE_BOUND('',#1735,.T.);
#1735 = EDGE_LOOP('',(#1736,#1746,#1754,#1762,#1770,#1778,#1786,#1794));
#1736 = ORIENTED_EDGE('',*,*,#1737,.F.);
#1737 = EDGE_CURVE('',#1738,#1740,#1742,.T.);
#1738 = VERTEX_POINT('',#1739);
#1739 = CARTESIAN_POINT('',(-1.903780060863,-5.995,3.76188112518));
#1740 = VERTEX_POINT('',#1741);
#1741 = CARTESIAN_POINT('',(-2.032883335471,-5.995,4.100842205899));
#1742 = LINE('',#1743,#1744);
#1743 = CARTESIAN_POINT('',(-2.032883335471,-5.995,4.100842205899));
#1744 = VECTOR('',#1745,1.);
#1745 = DIRECTION('',(-0.355935724364,-0.,0.934510438744));
#1746 = ORIENTED_EDGE('',*,*,#1747,.F.);
#1747 = EDGE_CURVE('',#1748,#1738,#1750,.T.);
#1748 = VERTEX_POINT('',#1749);
#1749 = CARTESIAN_POINT('',(-1.95212880397,-5.995,3.76188112518));
#1750 = LINE('',#1751,#1752);
#1751 = CARTESIAN_POINT('',(-1.903780060863,-5.995,3.76188112518));
#1752 = VECTOR('',#1753,1.);
#1753 = DIRECTION('',(1.,-0.,-0.));
#1754 = ORIENTED_EDGE('',*,*,#1755,.F.);
#1755 = EDGE_CURVE('',#1756,#1748,#1758,.T.);
#1756 = VERTEX_POINT('',#1757);
#1757 = CARTESIAN_POINT('',(-1.98670075469,-5.995,3.854592872717));
#1758 = LINE('',#1759,#1760);
#1759 = CARTESIAN_POINT('',(-1.95212880397,-5.995,3.76188112518));
#1760 = VECTOR('',#1761,1.);
#1761 = DIRECTION('',(0.349395479497,-0.,-0.936975345944));
#1762 = ORIENTED_EDGE('',*,*,#1763,.F.);
#1763 = EDGE_CURVE('',#1764,#1756,#1766,.T.);
#1764 = VERTEX_POINT('',#1765);
#1765 = CARTESIAN_POINT('',(-2.127847891831,-5.995,3.854592872717));
#1766 = LINE('',#1767,#1768);
#1767 = CARTESIAN_POINT('',(-1.98670075469,-5.995,3.854592872717));
#1768 = VECTOR('',#1769,1.);
#1769 = DIRECTION('',(1.,-0.,-0.));
#1770 = ORIENTED_EDGE('',*,*,#1771,.F.);
#1771 = EDGE_CURVE('',#1772,#1764,#1774,.T.);
#1772 = VERTEX_POINT('',#1773);
#1773 = CARTESIAN_POINT('',(-2.160426973209,-5.995,3.76188112518));
#1774 = LINE('',#1775,#1776);
#1775 = CARTESIAN_POINT('',(-2.127847891831,-5.995,3.854592872717));
#1776 = VECTOR('',#1777,1.);
#1777 = DIRECTION('',(0.331528418358,-0.,0.94344523308));
#1778 = ORIENTED_EDGE('',*,*,#1779,.F.);
#1779 = EDGE_CURVE('',#1780,#1772,#1782,.T.);
#1780 = VERTEX_POINT('',#1781);
#1781 = CARTESIAN_POINT('',(-2.208775716318,-5.995,3.76188112518));
#1782 = LINE('',#1783,#1784);
#1783 = CARTESIAN_POINT('',(-2.160426973209,-5.995,3.76188112518));
#1784 = VECTOR('',#1785,1.);
#1785 = DIRECTION('',(1.,-0.,-0.));
#1786 = ORIENTED_EDGE('',*,*,#1787,.F.);
#1787 = EDGE_CURVE('',#1788,#1780,#1790,.T.);
#1788 = VERTEX_POINT('',#1789);
#1789 = CARTESIAN_POINT('',(-2.079672441708,-5.995,4.100842205899));
#1790 = LINE('',#1791,#1792);
#1791 = CARTESIAN_POINT('',(-2.208775716318,-5.995,3.76188112518));
#1792 = VECTOR('',#1793,1.);
#1793 = DIRECTION('',(-0.35593572437,-0.,-0.934510438742));
#1794 = ORIENTED_EDGE('',*,*,#1795,.F.);
#1795 = EDGE_CURVE('',#1740,#1788,#1796,.T.);
#1796 = LINE('',#1797,#1798);
#1797 = CARTESIAN_POINT('',(-2.079672441708,-5.995,4.100842205899));
#1798 = VECTOR('',#1799,1.);
#1799 = DIRECTION('',(-1.,-0.,-0.));
#1800 = FACE_BOUND('',#1801,.T.);
#1801 = EDGE_LOOP('',(#1802,#1813,#1822,#1831,#1839,#1848,#1857,#1866,
    #1874,#1883,#1892,#1901,#1910,#1919,#1928,#1937,#1946,#1955,#1964,
    #1972,#1980,#1988,#1997,#2006,#2015,#2024,#2033,#2042,#2051,#2060,
    #2069,#2078,#2087));
#1802 = ORIENTED_EDGE('',*,*,#1803,.F.);
#1803 = EDGE_CURVE('',#1804,#1806,#1808,.T.);
#1804 = VERTEX_POINT('',#1805);
#1805 = CARTESIAN_POINT('',(-3.966213721206,-5.995,4.098102559244));
#1806 = VERTEX_POINT('',#1807);
#1807 = CARTESIAN_POINT('',(-4.204801549191,-5.995,4.413809675414));
#1808 = B_SPLINE_CURVE_WITH_KNOTS('',3,(#1809,#1810,#1811,#1812),
  .UNSPECIFIED.,.F.,.F.,(4,4),(35.,36.),.PIECEWISE_BEZIER_KNOTS.);
#1809 = CARTESIAN_POINT('',(-3.966213721206,-5.995,4.098102559244));
#1810 = CARTESIAN_POINT('',(-3.968623663051,-5.995,4.242701184368));
#1811 = CARTESIAN_POINT('',(-4.067432841534,-5.995,4.370430078682));
#1812 = CARTESIAN_POINT('',(-4.204801549191,-5.995,4.413809675414));
#1813 = ORIENTED_EDGE('',*,*,#1814,.F.);
#1814 = EDGE_CURVE('',#1815,#1804,#1817,.T.);
#1815 = VERTEX_POINT('',#1816);
#1816 = CARTESIAN_POINT('',(-4.055382948446,-5.995,3.86915459057));
#1817 = B_SPLINE_CURVE_WITH_KNOTS('',3,(#1818,#1819,#1820,#1821),
  .UNSPECIFIED.,.F.,.F.,(4,4),(34.,35.),.PIECEWISE_BEZIER_KNOTS.);
#1818 = CARTESIAN_POINT('',(-4.055382948446,-5.995,3.86915459057));
#1819 = CARTESIAN_POINT('',(-3.997543424849,-5.995,3.931813997855));
#1820 = CARTESIAN_POINT('',(-3.966213721206,-5.995,4.013753307628));
#1821 = CARTESIAN_POINT('',(-3.966213721206,-5.995,4.098102559244));
#1822 = ORIENTED_EDGE('',*,*,#1823,.F.);
#1823 = EDGE_CURVE('',#1824,#1815,#1826,.T.);
#1824 = VERTEX_POINT('',#1825);
#1825 = CARTESIAN_POINT('',(-4.274690965875,-5.995,3.760705552776));
#1826 = B_SPLINE_CURVE_WITH_KNOTS('',3,(#1827,#1828,#1829,#1830),
  .UNSPECIFIED.,.F.,.F.,(4,4),(33.,34.),.PIECEWISE_BEZIER_KNOTS.);
#1827 = CARTESIAN_POINT('',(-4.274690965875,-5.995,3.760705552776));
#1828 = CARTESIAN_POINT('',(-4.190341714259,-5.995,3.767935470243));
#1829 = CARTESIAN_POINT('',(-4.113222380107,-5.995,3.806495183286));
#1830 = CARTESIAN_POINT('',(-4.055382948446,-5.995,3.86915459057));
#1831 = ORIENTED_EDGE('',*,*,#1832,.F.);
#1832 = EDGE_CURVE('',#1833,#1824,#1835,.T.);
#1833 = VERTEX_POINT('',#1834);
#1834 = CARTESIAN_POINT('',(-4.416879649155,-5.995,3.760705552776));
#1835 = LINE('',#1836,#1837);
#1836 = CARTESIAN_POINT('',(-4.281920883341,-5.995,3.760705552776));
#1837 = VECTOR('',#1838,1.);
#1838 = DIRECTION('',(1.,0.,0.));
#1839 = ORIENTED_EDGE('',*,*,#1840,.F.);
#1840 = EDGE_CURVE('',#1841,#1833,#1843,.T.);
#1841 = VERTEX_POINT('',#1842);
#1842 = CARTESIAN_POINT('',(-4.486769065839,-5.995,3.835414853151));
#1843 = B_SPLINE_CURVE_WITH_KNOTS('',3,(#1844,#1845,#1846,#1847),
  .UNSPECIFIED.,.F.,.F.,(4,4),(28.,29.),.PIECEWISE_BEZIER_KNOTS.);
#1844 = CARTESIAN_POINT('',(-4.486769065839,-5.995,3.835414853151));
#1845 = CARTESIAN_POINT('',(-4.486769065839,-5.995,3.796855232042));
#1846 = CARTESIAN_POINT('',(-4.455439362198,-5.995,3.76311549462));
#1847 = CARTESIAN_POINT('',(-4.416879649155,-5.995,3.760705552776));
#1848 = ORIENTED_EDGE('',*,*,#1849,.F.);
#1849 = EDGE_CURVE('',#1850,#1841,#1852,.T.);
#1850 = VERTEX_POINT('',#1851);
#1851 = CARTESIAN_POINT('',(-4.412059765466,-5.995,3.910124153523));
#1852 = B_SPLINE_CURVE_WITH_KNOTS('',3,(#1853,#1854,#1855,#1856),
  .UNSPECIFIED.,.F.,.F.,(4,4),(27.,28.),.PIECEWISE_BEZIER_KNOTS.);
#1853 = CARTESIAN_POINT('',(-4.412059765466,-5.995,3.910124153523));
#1854 = CARTESIAN_POINT('',(-4.453029420353,-5.995,3.910124153523));
#1855 = CARTESIAN_POINT('',(-4.486769065839,-5.995,3.876384416104));
#1856 = CARTESIAN_POINT('',(-4.486769065839,-5.995,3.835414853151));
#1857 = ORIENTED_EDGE('',*,*,#1858,.F.);
#1858 = EDGE_CURVE('',#1859,#1850,#1861,.T.);
#1859 = VERTEX_POINT('',#1860);
#1860 = CARTESIAN_POINT('',(-4.397599930534,-5.995,3.90771421168));
#1861 = B_SPLINE_CURVE_WITH_KNOTS('',3,(#1862,#1863,#1864,#1865),
  .UNSPECIFIED.,.F.,.F.,(4,4),(26.,27.),.PIECEWISE_BEZIER_KNOTS.);
#1862 = CARTESIAN_POINT('',(-4.397599930534,-5.995,3.90771421168));
#1863 = CARTESIAN_POINT('',(-4.402419906156,-5.995,3.90771421168));
#1864 = CARTESIAN_POINT('',(-4.407239881778,-5.995,3.910124153523));
#1865 = CARTESIAN_POINT('',(-4.412059765466,-5.995,3.910124153523));
#1866 = ORIENTED_EDGE('',*,*,#1867,.F.);
#1867 = EDGE_CURVE('',#1868,#1859,#1870,.T.);
#1868 = VERTEX_POINT('',#1869);
#1869 = CARTESIAN_POINT('',(-4.289150892741,-5.995,3.90771421168));
#1870 = LINE('',#1871,#1872);
#1871 = CARTESIAN_POINT('',(-4.289150892741,-5.995,3.90771421168));
#1872 = VECTOR('',#1873,1.);
#1873 = DIRECTION('',(-1.,0.,0.));
#1874 = ORIENTED_EDGE('',*,*,#1875,.F.);
#1875 = EDGE_CURVE('',#1876,#1868,#1878,.T.);
#1876 = VERTEX_POINT('',#1877);
#1877 = CARTESIAN_POINT('',(-4.115632413886,-5.995,4.095692525467));
#1878 = B_SPLINE_CURVE_WITH_KNOTS('',3,(#1879,#1880,#1881,#1882),
  .UNSPECIFIED.,.F.,.F.,(4,4),(24.,25.),.PIECEWISE_BEZIER_KNOTS.);
#1879 = CARTESIAN_POINT('',(-4.115632413886,-5.995,4.095692525467));
#1880 = CARTESIAN_POINT('',(-4.115632413886,-5.995,3.99688339295));
#1881 = CARTESIAN_POINT('',(-4.190341714259,-5.995,3.914944129147));
#1882 = CARTESIAN_POINT('',(-4.289150892741,-5.995,3.90771421168));
#1883 = ORIENTED_EDGE('',*,*,#1884,.F.);
#1884 = EDGE_CURVE('',#1885,#1876,#1887,.T.);
#1885 = VERTEX_POINT('',#1886);
#1886 = CARTESIAN_POINT('',(-4.303610727673,-5.995,4.283670839255));
#1887 = B_SPLINE_CURVE_WITH_KNOTS('',3,(#1888,#1889,#1890,#1891),
  .UNSPECIFIED.,.F.,.F.,(4,4),(23.,24.),.PIECEWISE_BEZIER_KNOTS.);
#1888 = CARTESIAN_POINT('',(-4.303610727673,-5.995,4.283670839255));
#1889 = CARTESIAN_POINT('',(-4.199981665502,-5.995,4.283670839255));
#1890 = CARTESIAN_POINT('',(-4.115632413886,-5.995,4.199321587638));
#1891 = CARTESIAN_POINT('',(-4.115632413886,-5.995,4.095692525467));
#1892 = ORIENTED_EDGE('',*,*,#1893,.F.);
#1893 = EDGE_CURVE('',#1894,#1885,#1896,.T.);
#1894 = VERTEX_POINT('',#1895);
#1895 = CARTESIAN_POINT('',(-4.322890538228,-5.995,4.283670839255));
#1896 = B_SPLINE_CURVE_WITH_KNOTS('',3,(#1897,#1898,#1899,#1900),
  .UNSPECIFIED.,.F.,.F.,(4,4),(22.,23.),.PIECEWISE_BEZIER_KNOTS.);
#1897 = CARTESIAN_POINT('',(-4.322890538228,-5.995,4.283670839255));
#1898 = CARTESIAN_POINT('',(-4.315660620762,-5.995,4.283670839255));
#1899 = CARTESIAN_POINT('',(-4.31084064514,-5.995,4.283670839255));
#1900 = CARTESIAN_POINT('',(-4.303610727673,-5.995,4.283670839255));
#1901 = ORIENTED_EDGE('',*,*,#1902,.F.);
#1902 = EDGE_CURVE('',#1903,#1894,#1905,.T.);
#1903 = VERTEX_POINT('',#1904);
#1904 = CARTESIAN_POINT('',(-4.660287544695,-5.995,4.584918166457));
#1905 = B_SPLINE_CURVE_WITH_KNOTS('',3,(#1906,#1907,#1908,#1909),
  .UNSPECIFIED.,.F.,.F.,(4,4),(21.,22.),.PIECEWISE_BEZIER_KNOTS.);
#1906 = CARTESIAN_POINT('',(-4.660287544695,-5.995,4.584918166457));
#1907 = CARTESIAN_POINT('',(-4.486769065839,-5.995,4.584918166457));
#1908 = CARTESIAN_POINT('',(-4.342170348782,-5.995,4.452369342488));
#1909 = CARTESIAN_POINT('',(-4.322890538228,-5.995,4.283670839255));
#1910 = ORIENTED_EDGE('',*,*,#1911,.F.);
#1911 = EDGE_CURVE('',#1912,#1903,#1914,.T.);
#1912 = VERTEX_POINT('',#1913);
#1913 = CARTESIAN_POINT('',(-4.983224624297,-5.995,4.353560347871));
#1914 = B_SPLINE_CURVE_WITH_KNOTS('',3,(#1915,#1916,#1917,#1918),
  .UNSPECIFIED.,.F.,.F.,(4,4),(20.,21.),.PIECEWISE_BEZIER_KNOTS.);
#1915 = CARTESIAN_POINT('',(-4.983224624297,-5.995,4.353560347871));
#1916 = CARTESIAN_POINT('',(-4.937435085722,-5.995,4.488519021753));
#1917 = CARTESIAN_POINT('',(-4.812116179219,-5.995,4.584918166457));
#1918 = CARTESIAN_POINT('',(-4.660287544695,-5.995,4.584918166457));
#1919 = ORIENTED_EDGE('',*,*,#1920,.F.);
#1920 = EDGE_CURVE('',#1921,#1912,#1923,.T.);
#1921 = VERTEX_POINT('',#1922);
#1922 = CARTESIAN_POINT('',(-5.110953472644,-5.995,4.389710027136));
#1923 = B_SPLINE_CURVE_WITH_KNOTS('',3,(#1924,#1925,#1926,#1927),
  .UNSPECIFIED.,.F.,.F.,(4,4),(19.,20.),.PIECEWISE_BEZIER_KNOTS.);
#1924 = CARTESIAN_POINT('',(-5.110953472644,-5.995,4.389710027136));
#1925 = CARTESIAN_POINT('',(-5.065163888102,-5.995,4.389710027136));
#1926 = CARTESIAN_POINT('',(-5.01937430356,-5.995,4.375250146238));
#1927 = CARTESIAN_POINT('',(-4.983224624297,-5.995,4.353560347871));
#1928 = ORIENTED_EDGE('',*,*,#1929,.F.);
#1929 = EDGE_CURVE('',#1930,#1921,#1932,.T.);
#1930 = VERTEX_POINT('',#1931);
#1931 = CARTESIAN_POINT('',(-5.351951334406,-5.995,4.148712165375));
#1932 = B_SPLINE_CURVE_WITH_KNOTS('',3,(#1933,#1934,#1935,#1936),
  .UNSPECIFIED.,.F.,.F.,(4,4),(18.,19.),.PIECEWISE_BEZIER_KNOTS.);
#1933 = CARTESIAN_POINT('',(-5.351951334406,-5.995,4.148712165375));
#1934 = CARTESIAN_POINT('',(-5.351951334406,-5.995,4.281260989344));
#1935 = CARTESIAN_POINT('',(-5.243502296613,-5.995,4.389710027136));
#1936 = CARTESIAN_POINT('',(-5.110953472644,-5.995,4.389710027136));
#1937 = ORIENTED_EDGE('',*,*,#1938,.F.);
#1938 = EDGE_CURVE('',#1939,#1930,#1941,.T.);
#1939 = VERTEX_POINT('',#1940);
#1940 = CARTESIAN_POINT('',(-5.207352617349,-5.995,3.926994114168));
#1941 = B_SPLINE_CURVE_WITH_KNOTS('',3,(#1942,#1943,#1944,#1945),
  .UNSPECIFIED.,.F.,.F.,(4,4),(17.,18.),.PIECEWISE_BEZIER_KNOTS.);
#1942 = CARTESIAN_POINT('',(-5.207352617349,-5.995,3.926994114168));
#1943 = CARTESIAN_POINT('',(-5.291701868965,-5.995,3.965553781241));
#1944 = CARTESIAN_POINT('',(-5.351951334406,-5.995,4.049903032858));
#1945 = CARTESIAN_POINT('',(-5.351951334406,-5.995,4.148712165375));
#1946 = ORIENTED_EDGE('',*,*,#1947,.F.);
#1947 = EDGE_CURVE('',#1948,#1939,#1950,.T.);
#1948 = VERTEX_POINT('',#1949);
#1949 = CARTESIAN_POINT('',(-4.980814636485,-5.995,4.086052712123));
#1950 = B_SPLINE_CURVE_WITH_KNOTS('',3,(#1951,#1952,#1953,#1954),
  .UNSPECIFIED.,.F.,.F.,(4,4),(16.,17.),.PIECEWISE_BEZIER_KNOTS.);
#1951 = CARTESIAN_POINT('',(-4.980814636485,-5.995,4.086052712123));
#1952 = CARTESIAN_POINT('',(-5.084443744623,-5.995,4.086052712123));
#1953 = CARTESIAN_POINT('',(-5.173612925895,-5.995,4.018573329218));
#1954 = CARTESIAN_POINT('',(-5.207352617349,-5.995,3.926994114168));
#1955 = ORIENTED_EDGE('',*,*,#1956,.F.);
#1956 = EDGE_CURVE('',#1957,#1948,#1959,.T.);
#1957 = VERTEX_POINT('',#1958);
#1958 = CARTESIAN_POINT('',(-4.800066240163,-5.995,4.004113448317));
#1959 = B_SPLINE_CURVE_WITH_KNOTS('',3,(#1960,#1961,#1962,#1963),
  .UNSPECIFIED.,.F.,.F.,(4,4),(15.,16.),.PIECEWISE_BEZIER_KNOTS.);
#1960 = CARTESIAN_POINT('',(-4.800066240163,-5.995,4.004113448317));
#1961 = CARTESIAN_POINT('',(-4.843445836895,-5.995,4.054723008481));
#1962 = CARTESIAN_POINT('',(-4.908515277957,-5.995,4.086052712123));
#1963 = CARTESIAN_POINT('',(-4.980814636485,-5.995,4.086052712123));
#1964 = ORIENTED_EDGE('',*,*,#1965,.F.);
#1965 = EDGE_CURVE('',#1966,#1957,#1968,.T.);
#1966 = VERTEX_POINT('',#1967);
#1967 = CARTESIAN_POINT('',(-4.477129114596,-5.995,4.17281195155));
#1968 = LINE('',#1969,#1970);
#1969 = CARTESIAN_POINT('',(-4.477129114596,-5.995,4.17281195155));
#1970 = VECTOR('',#1971,1.);
#1971 = DIRECTION('',(-0.886348842796,0.,-0.463018065387));
#1972 = ORIENTED_EDGE('',*,*,#1973,.F.);
#1973 = EDGE_CURVE('',#1974,#1966,#1976,.T.);
#1974 = VERTEX_POINT('',#1975);
#1975 = CARTESIAN_POINT('',(-4.402419814222,-5.995,4.045083057237));
#1976 = LINE('',#1977,#1978);
#1977 = CARTESIAN_POINT('',(-4.402419814222,-5.995,4.045083057237));
#1978 = VECTOR('',#1979,1.);
#1979 = DIRECTION('',(-0.50488304865,0.,0.863187758941));
#1980 = ORIENTED_EDGE('',*,*,#1981,.F.);
#1981 = EDGE_CURVE('',#1982,#1974,#1984,.T.);
#1982 = VERTEX_POINT('',#1983);
#1983 = CARTESIAN_POINT('',(-4.739816820689,-5.995,3.866744648727));
#1984 = LINE('',#1985,#1986);
#1985 = CARTESIAN_POINT('',(-4.739816820689,-5.995,3.866744648727));
#1986 = VECTOR('',#1987,1.);
#1987 = DIRECTION('',(0.884094950248,0.,0.467307306755));
#1988 = ORIENTED_EDGE('',*,*,#1989,.F.);
#1989 = EDGE_CURVE('',#1990,#1982,#1992,.T.);
#1990 = VERTEX_POINT('',#1991);
#1991 = CARTESIAN_POINT('',(-4.739816820689,-5.995,3.842644862549));
#1992 = B_SPLINE_CURVE_WITH_KNOTS('',3,(#1993,#1994,#1995,#1996),
  .UNSPECIFIED.,.F.,.F.,(4,4),(11.,12.),.PIECEWISE_BEZIER_KNOTS.);
#1993 = CARTESIAN_POINT('',(-4.739816820689,-5.995,3.842644862549));
#1994 = CARTESIAN_POINT('',(-4.739816820689,-5.995,3.849874780016));
#1995 = CARTESIAN_POINT('',(-4.739816820689,-5.995,3.857104697483));
#1996 = CARTESIAN_POINT('',(-4.739816820689,-5.995,3.866744648727));
#1997 = ORIENTED_EDGE('',*,*,#1998,.F.);
#1998 = EDGE_CURVE('',#1999,#1990,#2001,.T.);
#1999 = VERTEX_POINT('',#2000);
#2000 = CARTESIAN_POINT('',(-4.980814682452,-5.995,3.601647000787));
#2001 = B_SPLINE_CURVE_WITH_KNOTS('',3,(#2002,#2003,#2004,#2005),
  .UNSPECIFIED.,.F.,.F.,(4,4),(10.,11.),.PIECEWISE_BEZIER_KNOTS.);
#2002 = CARTESIAN_POINT('',(-4.980814682452,-5.995,3.601647000787));
#2003 = CARTESIAN_POINT('',(-4.848265858483,-5.995,3.601647000787));
#2004 = CARTESIAN_POINT('',(-4.739816820689,-5.995,3.710096038579));
#2005 = CARTESIAN_POINT('',(-4.739816820689,-5.995,3.842644862549));
#2006 = ORIENTED_EDGE('',*,*,#2007,.F.);
#2007 = EDGE_CURVE('',#2008,#1999,#2010,.T.);
#2008 = VERTEX_POINT('',#2009);
#2009 = CARTESIAN_POINT('',(-5.20976267411,-5.995,3.765525528399));
#2010 = B_SPLINE_CURVE_WITH_KNOTS('',3,(#2011,#2012,#2013,#2014),
  .UNSPECIFIED.,.F.,.F.,(4,4),(9.,10.),.PIECEWISE_BEZIER_KNOTS.);
#2011 = CARTESIAN_POINT('',(-5.20976267411,-5.995,3.765525528399));
#2012 = CARTESIAN_POINT('',(-5.178432947485,-5.995,3.669126383693));
#2013 = CARTESIAN_POINT('',(-5.086853778401,-5.995,3.601647000787));
#2014 = CARTESIAN_POINT('',(-4.980814682452,-5.995,3.601647000787));
#2015 = ORIENTED_EDGE('',*,*,#2016,.F.);
#2016 = EDGE_CURVE('',#2017,#2008,#2019,.T.);
#2017 = VERTEX_POINT('',#2018);
#2018 = CARTESIAN_POINT('',(-5.402560963519,-5.995,3.881204483658));
#2019 = B_SPLINE_CURVE_WITH_KNOTS('',3,(#2020,#2021,#2022,#2023),
  .UNSPECIFIED.,.F.,.F.,(4,4),(8.,9.),.PIECEWISE_BEZIER_KNOTS.);
#2020 = CARTESIAN_POINT('',(-5.402560963519,-5.995,3.881204483658));
#2021 = CARTESIAN_POINT('',(-5.349541438529,-5.995,3.823364960061));
#2022 = CARTESIAN_POINT('',(-5.284471997466,-5.995,3.784805338954));
#2023 = CARTESIAN_POINT('',(-5.20976267411,-5.995,3.765525528399));
#2024 = ORIENTED_EDGE('',*,*,#2025,.F.);
#2025 = EDGE_CURVE('',#2026,#2017,#2028,.T.);
#2026 = VERTEX_POINT('',#2027);
#2027 = CARTESIAN_POINT('',(-5.503780060863,-5.995,4.14389209782));
#2028 = B_SPLINE_CURVE_WITH_KNOTS('',3,(#2029,#2030,#2031,#2032),
  .UNSPECIFIED.,.F.,.F.,(4,4),(7.,8.),.PIECEWISE_BEZIER_KNOTS.);
#2029 = CARTESIAN_POINT('',(-5.503780060863,-5.995,4.14389209782));
#2030 = CARTESIAN_POINT('',(-5.503780060863,-5.995,4.047492953114));
#2031 = CARTESIAN_POINT('',(-5.467630381599,-5.995,3.953503750253));
#2032 = CARTESIAN_POINT('',(-5.402560963519,-5.995,3.881204483658));
#2033 = ORIENTED_EDGE('',*,*,#2034,.F.);
#2034 = EDGE_CURVE('',#2035,#2026,#2037,.T.);
#2035 = VERTEX_POINT('',#2036);
#2036 = CARTESIAN_POINT('',(-5.390511001481,-5.995,4.418629628051));
#2037 = B_SPLINE_CURVE_WITH_KNOTS('',3,(#2038,#2039,#2040,#2041),
  .UNSPECIFIED.,.F.,.F.,(4,4),(6.,7.),.PIECEWISE_BEZIER_KNOTS.);
#2038 = CARTESIAN_POINT('',(-5.390511001481,-5.995,4.418629628051));
#2039 = CARTESIAN_POINT('',(-5.462810423214,-5.995,4.346330292506));
#2040 = CARTESIAN_POINT('',(-5.503780060863,-5.995,4.247521159989));
#2041 = CARTESIAN_POINT('',(-5.503780060863,-5.995,4.14389209782));
#2042 = ORIENTED_EDGE('',*,*,#2043,.F.);
#2043 = EDGE_CURVE('',#2044,#2035,#2046,.T.);
#2044 = VERTEX_POINT('',#2045);
#2045 = CARTESIAN_POINT('',(-5.113363460455,-5.995,4.534308606294));
#2046 = B_SPLINE_CURVE_WITH_KNOTS('',3,(#2047,#2048,#2049,#2050),
  .UNSPECIFIED.,.F.,.F.,(4,4),(5.,6.),.PIECEWISE_BEZIER_KNOTS.);
#2047 = CARTESIAN_POINT('',(-5.113363460455,-5.995,4.534308606294));
#2048 = CARTESIAN_POINT('',(-5.216992545609,-5.995,4.534308606294));
#2049 = CARTESIAN_POINT('',(-5.315801655142,-5.995,4.493338974393));
#2050 = CARTESIAN_POINT('',(-5.390511001481,-5.995,4.418629628051));
#2051 = ORIENTED_EDGE('',*,*,#2052,.F.);
#2052 = EDGE_CURVE('',#2053,#2044,#2055,.T.);
#2053 = VERTEX_POINT('',#2054);
#2054 = CARTESIAN_POINT('',(-5.057933970636,-5.995,4.529488653656));
#2055 = B_SPLINE_CURVE_WITH_KNOTS('',3,(#2056,#2057,#2058,#2059),
  .UNSPECIFIED.,.F.,.F.,(4,4),(4.,5.),.PIECEWISE_BEZIER_KNOTS.);
#2056 = CARTESIAN_POINT('',(-5.057933970636,-5.995,4.529488653656));
#2057 = CARTESIAN_POINT('',(-5.077213781191,-5.995,4.531898641466));
#2058 = CARTESIAN_POINT('',(-5.0940836499,-5.995,4.534308606294));
#2059 = CARTESIAN_POINT('',(-5.113363460455,-5.995,4.534308606294));
#2060 = ORIENTED_EDGE('',*,*,#2061,.F.);
#2061 = EDGE_CURVE('',#2062,#2053,#2064,.T.);
#2062 = VERTEX_POINT('',#2063);
#2063 = CARTESIAN_POINT('',(-4.951894920654,-5.995,4.635527715128));
#2064 = B_SPLINE_CURVE_WITH_KNOTS('',3,(#2065,#2066,#2067,#2068),
  .UNSPECIFIED.,.F.,.F.,(4,4),(3.,4.),.PIECEWISE_BEZIER_KNOTS.);
#2065 = CARTESIAN_POINT('',(-4.951894920654,-5.995,4.635527715128));
#2066 = CARTESIAN_POINT('',(-4.992864575541,-5.995,4.606607964822));
#2067 = CARTESIAN_POINT('',(-5.026604266994,-5.995,4.570458285559));
#2068 = CARTESIAN_POINT('',(-5.057933970636,-5.995,4.529488653656));
#2069 = ORIENTED_EDGE('',*,*,#2070,.F.);
#2070 = EDGE_CURVE('',#2071,#2062,#2073,.T.);
#2071 = VERTEX_POINT('',#2072);
#2072 = CARTESIAN_POINT('',(-4.66269748654,-5.995,4.729516883515));
#2073 = B_SPLINE_CURVE_WITH_KNOTS('',3,(#2074,#2075,#2076,#2077),
  .UNSPECIFIED.,.F.,.F.,(4,4),(2.,3.),.PIECEWISE_BEZIER_KNOTS.);
#2074 = CARTESIAN_POINT('',(-4.66269748654,-5.995,4.729516883515));
#2075 = CARTESIAN_POINT('',(-4.768736536521,-5.995,4.729516883515));
#2076 = CARTESIAN_POINT('',(-4.867545669037,-5.995,4.695777183443));
#2077 = CARTESIAN_POINT('',(-4.951894920654,-5.995,4.635527715128));
#2078 = ORIENTED_EDGE('',*,*,#2079,.F.);
#2079 = EDGE_CURVE('',#2080,#2071,#2082,.T.);
#2080 = VERTEX_POINT('',#2081);
#2081 = CARTESIAN_POINT('',(-4.334940431316,-5.995,4.604197988502));
#2082 = B_SPLINE_CURVE_WITH_KNOTS('',3,(#2083,#2084,#2085,#2086),
  .UNSPECIFIED.,.F.,.F.,(4,4),(1.,2.),.PIECEWISE_BEZIER_KNOTS.);
#2083 = CARTESIAN_POINT('',(-4.334940431316,-5.995,4.604197988502));
#2084 = CARTESIAN_POINT('',(-4.426519600399,-5.995,4.683727290355));
#2085 = CARTESIAN_POINT('',(-4.542198555659,-5.995,4.729516883515));
#2086 = CARTESIAN_POINT('',(-4.66269748654,-5.995,4.729516883515));
#2087 = ORIENTED_EDGE('',*,*,#2088,.F.);
#2088 = EDGE_CURVE('',#1806,#2080,#2089,.T.);
#2089 = B_SPLINE_CURVE_WITH_KNOTS('',3,(#2090,#2091,#2092,#2093),
  .UNSPECIFIED.,.F.,.F.,(4,4),(0.,1.),.PIECEWISE_BEZIER_KNOTS.);
#2090 = CARTESIAN_POINT('',(-4.204801549191,-5.995,4.413809675414));
#2091 = CARTESIAN_POINT('',(-4.231311277211,-5.995,4.48610903394));
#2092 = CARTESIAN_POINT('',(-4.277100907719,-5.995,4.551178452021));
#2093 = CARTESIAN_POINT('',(-4.334940431316,-5.995,4.604197988502));
#2094 = PLANE('',#2095);
#2095 = AXIS2_PLACEMENT_3D('',#2096,#2097,#2098);
#2096 = CARTESIAN_POINT('',(-5.75,-5.995,5.));
#2097 = DIRECTION('',(0.,1.,0.));
#2098 = DIRECTION('',(0.,-0.,1.));
#2099 = ADVANCED_FACE('',(#2100),#2118,.T.);
#2100 = FACE_BOUND('',#2101,.T.);
#2101 = EDGE_LOOP('',(#2102,#2103,#2110,#2111));
#2102 = ORIENTED_EDGE('',*,*,#542,.F.);
#2103 = ORIENTED_EDGE('',*,*,#2104,.T.);
#2104 = EDGE_CURVE('',#477,#485,#2105,.T.);
#2105 = CIRCLE('',#2106,3.);
#2106 = AXIS2_PLACEMENT_3D('',#2107,#2108,#2109);
#2107 = CARTESIAN_POINT('',(-7.65,5.E-03,2.5));
#2108 = DIRECTION('',(-1.,-0.,0.));
#2109 = DIRECTION('',(-0.,0.,-1.));
#2110 = ORIENTED_EDGE('',*,*,#559,.T.);
#2111 = ORIENTED_EDGE('',*,*,#2112,.F.);
#2112 = EDGE_CURVE('',#543,#551,#2113,.T.);
#2113 = CIRCLE('',#2114,3.);
#2114 = AXIS2_PLACEMENT_3D('',#2115,#2116,#2117);
#2115 = CARTESIAN_POINT('',(-9.05,5.E-03,2.5));
#2116 = DIRECTION('',(-1.,0.,0.));
#2117 = DIRECTION('',(0.,0.,1.));
#2118 = CYLINDRICAL_SURFACE('',#2119,3.);
#2119 = AXIS2_PLACEMENT_3D('',#2120,#2121,#2122);
#2120 = CARTESIAN_POINT('',(-5.75,5.E-03,2.5));
#2121 = DIRECTION('',(-1.,0.,0.));
#2122 = DIRECTION('',(0.,0.,1.));
#2123 = ADVANCED_FACE('',(#2124),#2158,.F.);
#2124 = FACE_BOUND('',#2125,.T.);
#2125 = EDGE_LOOP('',(#2126,#2136,#2144,#2152));
#2126 = ORIENTED_EDGE('',*,*,#2127,.F.);
#2127 = EDGE_CURVE('',#2128,#2130,#2132,.T.);
#2128 = VERTEX_POINT('',#2129);
#2129 = CARTESIAN_POINT('',(-2.25,2.935,4.5));
#2130 = VERTEX_POINT('',#2131);
#2131 = CARTESIAN_POINT('',(-2.25,2.935,5.));
#2132 = LINE('',#2133,#2134);
#2133 = CARTESIAN_POINT('',(-2.25,2.935,3.));
#2134 = VECTOR('',#2135,1.);
#2135 = DIRECTION('',(0.,0.,1.));
#2136 = ORIENTED_EDGE('',*,*,#2137,.T.);
#2137 = EDGE_CURVE('',#2128,#2138,#2140,.T.);
#2138 = VERTEX_POINT('',#2139);
#2139 = CARTESIAN_POINT('',(-2.25,3.005,4.5));
#2140 = LINE('',#2141,#2142);
#2141 = CARTESIAN_POINT('',(-2.25,-2.995,4.5));
#2142 = VECTOR('',#2143,1.);
#2143 = DIRECTION('',(0.,1.,-0.));
#2144 = ORIENTED_EDGE('',*,*,#2145,.T.);
#2145 = EDGE_CURVE('',#2138,#2146,#2148,.T.);
#2146 = VERTEX_POINT('',#2147);
#2147 = CARTESIAN_POINT('',(-2.25,3.005,5.));
#2148 = LINE('',#2149,#2150);
#2149 = CARTESIAN_POINT('',(-2.25,3.005,3.));
#2150 = VECTOR('',#2151,1.);
#2151 = DIRECTION('',(-0.,-0.,1.));
#2152 = ORIENTED_EDGE('',*,*,#2153,.T.);
#2153 = EDGE_CURVE('',#2146,#2130,#2154,.T.);
#2154 = LINE('',#2155,#2156);
#2155 = CARTESIAN_POINT('',(-2.25,-2.995,5.));
#2156 = VECTOR('',#2157,1.);
#2157 = DIRECTION('',(-0.,-1.,-0.));
#2158 = PLANE('',#2159);
#2159 = AXIS2_PLACEMENT_3D('',#2160,#2161,#2162);
#2160 = CARTESIAN_POINT('',(-2.25,-2.995,3.));
#2161 = DIRECTION('',(-1.,0.,0.));
#2162 = DIRECTION('',(0.,0.,1.));
#2163 = ADVANCED_FACE('',(#2164),#2198,.F.);
#2164 = FACE_BOUND('',#2165,.T.);
#2165 = EDGE_LOOP('',(#2166,#2176,#2184,#2192));
#2166 = ORIENTED_EDGE('',*,*,#2167,.F.);
#2167 = EDGE_CURVE('',#2168,#2170,#2172,.T.);
#2168 = VERTEX_POINT('',#2169);
#2169 = CARTESIAN_POINT('',(1.25,3.005,4.5));
#2170 = VERTEX_POINT('',#2171);
#2171 = CARTESIAN_POINT('',(1.25,3.005,5.));
#2172 = LINE('',#2173,#2174);
#2173 = CARTESIAN_POINT('',(1.25,3.005,3.));
#2174 = VECTOR('',#2175,1.);
#2175 = DIRECTION('',(-0.,-0.,1.));
#2176 = ORIENTED_EDGE('',*,*,#2177,.T.);
#2177 = EDGE_CURVE('',#2168,#2178,#2180,.T.);
#2178 = VERTEX_POINT('',#2179);
#2179 = CARTESIAN_POINT('',(1.25,2.935,4.5));
#2180 = LINE('',#2181,#2182);
#2181 = CARTESIAN_POINT('',(1.25,-2.995,4.5));
#2182 = VECTOR('',#2183,1.);
#2183 = DIRECTION('',(-0.,-1.,0.));
#2184 = ORIENTED_EDGE('',*,*,#2185,.T.);
#2185 = EDGE_CURVE('',#2178,#2186,#2188,.T.);
#2186 = VERTEX_POINT('',#2187);
#2187 = CARTESIAN_POINT('',(1.25,2.935,5.));
#2188 = LINE('',#2189,#2190);
#2189 = CARTESIAN_POINT('',(1.25,2.935,3.));
#2190 = VECTOR('',#2191,1.);
#2191 = DIRECTION('',(0.,0.,1.));
#2192 = ORIENTED_EDGE('',*,*,#2193,.T.);
#2193 = EDGE_CURVE('',#2186,#2170,#2194,.T.);
#2194 = LINE('',#2195,#2196);
#2195 = CARTESIAN_POINT('',(1.25,-2.995,5.));
#2196 = VECTOR('',#2197,1.);
#2197 = DIRECTION('',(0.,1.,0.));
#2198 = PLANE('',#2199);
#2199 = AXIS2_PLACEMENT_3D('',#2200,#2201,#2202);
#2200 = CARTESIAN_POINT('',(1.25,-2.995,3.));
#2201 = DIRECTION('',(1.,-0.,0.));
#2202 = DIRECTION('',(0.,0.,-1.));
#2203 = ADVANCED_FACE('',(#2204),#2238,.F.);
#2204 = FACE_BOUND('',#2205,.T.);
#2205 = EDGE_LOOP('',(#2206,#2216,#2224,#2232));
#2206 = ORIENTED_EDGE('',*,*,#2207,.F.);
#2207 = EDGE_CURVE('',#2208,#2210,#2212,.T.);
#2208 = VERTEX_POINT('',#2209);
#2209 = CARTESIAN_POINT('',(-2.25,2.635,4.5));
#2210 = VERTEX_POINT('',#2211);
#2211 = CARTESIAN_POINT('',(-2.25,2.635,5.));
#2212 = LINE('',#2213,#2214);
#2213 = CARTESIAN_POINT('',(-2.25,2.635,3.));
#2214 = VECTOR('',#2215,1.);
#2215 = DIRECTION('',(0.,0.,1.));
#2216 = ORIENTED_EDGE('',*,*,#2217,.T.);
#2217 = EDGE_CURVE('',#2208,#2218,#2220,.T.);
#2218 = VERTEX_POINT('',#2219);
#2219 = CARTESIAN_POINT('',(-2.25,2.785,4.5));
#2220 = LINE('',#2221,#2222);
#2221 = CARTESIAN_POINT('',(-2.25,-2.995,4.5));
#2222 = VECTOR('',#2223,1.);
#2223 = DIRECTION('',(0.,1.,-0.));
#2224 = ORIENTED_EDGE('',*,*,#2225,.T.);
#2225 = EDGE_CURVE('',#2218,#2226,#2228,.T.);
#2226 = VERTEX_POINT('',#2227);
#2227 = CARTESIAN_POINT('',(-2.25,2.785,5.));
#2228 = LINE('',#2229,#2230);
#2229 = CARTESIAN_POINT('',(-2.25,2.785,3.));
#2230 = VECTOR('',#2231,1.);
#2231 = DIRECTION('',(0.,0.,1.));
#2232 = ORIENTED_EDGE('',*,*,#2233,.T.);
#2233 = EDGE_CURVE('',#2226,#2210,#2234,.T.);
#2234 = LINE('',#2235,#2236);
#2235 = CARTESIAN_POINT('',(-2.25,-2.995,5.));
#2236 = VECTOR('',#2237,1.);
#2237 = DIRECTION('',(-0.,-1.,-0.));
#2238 = PLANE('',#2239);
#2239 = AXIS2_PLACEMENT_3D('',#2240,#2241,#2242);
#2240 = CARTESIAN_POINT('',(-2.25,-2.995,3.));
#2241 = DIRECTION('',(-1.,0.,0.));
#2242 = DIRECTION('',(0.,0.,1.));
#2243 = ADVANCED_FACE('',(#2244),#2278,.F.);
#2244 = FACE_BOUND('',#2245,.T.);
#2245 = EDGE_LOOP('',(#2246,#2256,#2264,#2272));
#2246 = ORIENTED_EDGE('',*,*,#2247,.F.);
#2247 = EDGE_CURVE('',#2248,#2250,#2252,.T.);
#2248 = VERTEX_POINT('',#2249);
#2249 = CARTESIAN_POINT('',(1.25,2.785,4.5));
#2250 = VERTEX_POINT('',#2251);
#2251 = CARTESIAN_POINT('',(1.25,2.785,5.));
#2252 = LINE('',#2253,#2254);
#2253 = CARTESIAN_POINT('',(1.25,2.785,3.));
#2254 = VECTOR('',#2255,1.);
#2255 = DIRECTION('',(0.,0.,1.));
#2256 = ORIENTED_EDGE('',*,*,#2257,.T.);
#2257 = EDGE_CURVE('',#2248,#2258,#2260,.T.);
#2258 = VERTEX_POINT('',#2259);
#2259 = CARTESIAN_POINT('',(1.25,2.635,4.5));
#2260 = LINE('',#2261,#2262);
#2261 = CARTESIAN_POINT('',(1.25,-2.995,4.5));
#2262 = VECTOR('',#2263,1.);
#2263 = DIRECTION('',(-0.,-1.,0.));
#2264 = ORIENTED_EDGE('',*,*,#2265,.T.);
#2265 = EDGE_CURVE('',#2258,#2266,#2268,.T.);
#2266 = VERTEX_POINT('',#2267);
#2267 = CARTESIAN_POINT('',(1.25,2.635,5.));
#2268 = LINE('',#2269,#2270);
#2269 = CARTESIAN_POINT('',(1.25,2.635,3.));
#2270 = VECTOR('',#2271,1.);
#2271 = DIRECTION('',(0.,0.,1.));
#2272 = ORIENTED_EDGE('',*,*,#2273,.T.);
#2273 = EDGE_CURVE('',#2266,#2250,#2274,.T.);
#2274 = LINE('',#2275,#2276);
#2275 = CARTESIAN_POINT('',(1.25,-2.995,5.));
#2276 = VECTOR('',#2277,1.);
#2277 = DIRECTION('',(0.,1.,0.));
#2278 = PLANE('',#2279);
#2279 = AXIS2_PLACEMENT_3D('',#2280,#2281,#2282);
#2280 = CARTESIAN_POINT('',(1.25,-2.995,3.));
#2281 = DIRECTION('',(1.,-0.,0.));
#2282 = DIRECTION('',(0.,0.,-1.));
#2283 = ADVANCED_FACE('',(#2284),#2318,.F.);
#2284 = FACE_BOUND('',#2285,.T.);
#2285 = EDGE_LOOP('',(#2286,#2296,#2304,#2312));
#2286 = ORIENTED_EDGE('',*,*,#2287,.F.);
#2287 = EDGE_CURVE('',#2288,#2290,#2292,.T.);
#2288 = VERTEX_POINT('',#2289);
#2289 = CARTESIAN_POINT('',(-2.25,2.335,4.5));
#2290 = VERTEX_POINT('',#2291);
#2291 = CARTESIAN_POINT('',(-2.25,2.335,5.));
#2292 = LINE('',#2293,#2294);
#2293 = CARTESIAN_POINT('',(-2.25,2.335,3.));
#2294 = VECTOR('',#2295,1.);
#2295 = DIRECTION('',(0.,0.,1.));
#2296 = ORIENTED_EDGE('',*,*,#2297,.T.);
#2297 = EDGE_CURVE('',#2288,#2298,#2300,.T.);
#2298 = VERTEX_POINT('',#2299);
#2299 = CARTESIAN_POINT('',(-2.25,2.485,4.5));
#2300 = LINE('',#2301,#2302);
#2301 = CARTESIAN_POINT('',(-2.25,-2.995,4.5));
#2302 = VECTOR('',#2303,1.);
#2303 = DIRECTION('',(0.,1.,-0.));
#2304 = ORIENTED_EDGE('',*,*,#2305,.T.);
#2305 = EDGE_CURVE('',#2298,#2306,#2308,.T.);
#2306 = VERTEX_POINT('',#2307);
#2307 = CARTESIAN_POINT('',(-2.25,2.485,5.));
#2308 = LINE('',#2309,#2310);
#2309 = CARTESIAN_POINT('',(-2.25,2.485,3.));
#2310 = VECTOR('',#2311,1.);
#2311 = DIRECTION('',(0.,0.,1.));
#2312 = ORIENTED_EDGE('',*,*,#2313,.T.);
#2313 = EDGE_CURVE('',#2306,#2290,#2314,.T.);
#2314 = LINE('',#2315,#2316);
#2315 = CARTESIAN_POINT('',(-2.25,-2.995,5.));
#2316 = VECTOR('',#2317,1.);
#2317 = DIRECTION('',(-0.,-1.,-0.));
#2318 = PLANE('',#2319);
#2319 = AXIS2_PLACEMENT_3D('',#2320,#2321,#2322);
#2320 = CARTESIAN_POINT('',(-2.25,-2.995,3.));
#2321 = DIRECTION('',(-1.,0.,0.));
#2322 = DIRECTION('',(0.,0.,1.));
#2323 = ADVANCED_FACE('',(#2324),#2358,.F.);
#2324 = FACE_BOUND('',#2325,.T.);
#2325 = EDGE_LOOP('',(#2326,#2336,#2344,#2352));
#2326 = ORIENTED_EDGE('',*,*,#2327,.F.);
#2327 = EDGE_CURVE('',#2328,#2330,#2332,.T.);
#2328 = VERTEX_POINT('',#2329);
#2329 = CARTESIAN_POINT('',(1.25,2.485,4.5));
#2330 = VERTEX_POINT('',#2331);
#2331 = CARTESIAN_POINT('',(1.25,2.485,5.));
#2332 = LINE('',#2333,#2334);
#2333 = CARTESIAN_POINT('',(1.25,2.485,3.));
#2334 = VECTOR('',#2335,1.);
#2335 = DIRECTION('',(0.,0.,1.));
#2336 = ORIENTED_EDGE('',*,*,#2337,.T.);
#2337 = EDGE_CURVE('',#2328,#2338,#2340,.T.);
#2338 = VERTEX_POINT('',#2339);
#2339 = CARTESIAN_POINT('',(1.25,2.335,4.5));
#2340 = LINE('',#2341,#2342);
#2341 = CARTESIAN_POINT('',(1.25,-2.995,4.5));
#2342 = VECTOR('',#2343,1.);
#2343 = DIRECTION('',(-0.,-1.,0.));
#2344 = ORIENTED_EDGE('',*,*,#2345,.T.);
#2345 = EDGE_CURVE('',#2338,#2346,#2348,.T.);
#2346 = VERTEX_POINT('',#2347);
#2347 = CARTESIAN_POINT('',(1.25,2.335,5.));
#2348 = LINE('',#2349,#2350);
#2349 = CARTESIAN_POINT('',(1.25,2.335,3.));
#2350 = VECTOR('',#2351,1.);
#2351 = DIRECTION('',(0.,0.,1.));
#2352 = ORIENTED_EDGE('',*,*,#2353,.T.);
#2353 = EDGE_CURVE('',#2346,#2330,#2354,.T.);
#2354 = LINE('',#2355,#2356);
#2355 = CARTESIAN_POINT('',(1.25,-2.995,5.));
#2356 = VECTOR('',#2357,1.);
#2357 = DIRECTION('',(0.,1.,0.));
#2358 = PLANE('',#2359);
#2359 = AXIS2_PLACEMENT_3D('',#2360,#2361,#2362);
#2360 = CARTESIAN_POINT('',(1.25,-2.995,3.));
#2361 = DIRECTION('',(1.,-0.,0.));
#2362 = DIRECTION('',(0.,0.,-1.));
#2363 = ADVANCED_FACE('',(#2364),#2398,.F.);
#2364 = FACE_BOUND('',#2365,.T.);
#2365 = EDGE_LOOP('',(#2366,#2376,#2384,#2392));
#2366 = ORIENTED_EDGE('',*,*,#2367,.F.);
#2367 = EDGE_CURVE('',#2368,#2370,#2372,.T.);
#2368 = VERTEX_POINT('',#2369);
#2369 = CARTESIAN_POINT('',(-2.25,2.035,4.5));
#2370 = VERTEX_POINT('',#2371);
#2371 = CARTESIAN_POINT('',(-2.25,2.035,5.));
#2372 = LINE('',#2373,#2374);
#2373 = CARTESIAN_POINT('',(-2.25,2.035,3.));
#2374 = VECTOR('',#2375,1.);
#2375 = DIRECTION('',(0.,0.,1.));
#2376 = ORIENTED_EDGE('',*,*,#2377,.T.);
#2377 = EDGE_CURVE('',#2368,#2378,#2380,.T.);
#2378 = VERTEX_POINT('',#2379);
#2379 = CARTESIAN_POINT('',(-2.25,2.185,4.5));
#2380 = LINE('',#2381,#2382);
#2381 = CARTESIAN_POINT('',(-2.25,-2.995,4.5));
#2382 = VECTOR('',#2383,1.);
#2383 = DIRECTION('',(0.,1.,-0.));
#2384 = ORIENTED_EDGE('',*,*,#2385,.T.);
#2385 = EDGE_CURVE('',#2378,#2386,#2388,.T.);
#2386 = VERTEX_POINT('',#2387);
#2387 = CARTESIAN_POINT('',(-2.25,2.185,5.));
#2388 = LINE('',#2389,#2390);
#2389 = CARTESIAN_POINT('',(-2.25,2.185,3.));
#2390 = VECTOR('',#2391,1.);
#2391 = DIRECTION('',(0.,0.,1.));
#2392 = ORIENTED_EDGE('',*,*,#2393,.T.);
#2393 = EDGE_CURVE('',#2386,#2370,#2394,.T.);
#2394 = LINE('',#2395,#2396);
#2395 = CARTESIAN_POINT('',(-2.25,-2.995,5.));
#2396 = VECTOR('',#2397,1.);
#2397 = DIRECTION('',(-0.,-1.,-0.));
#2398 = PLANE('',#2399);
#2399 = AXIS2_PLACEMENT_3D('',#2400,#2401,#2402);
#2400 = CARTESIAN_POINT('',(-2.25,-2.995,3.));
#2401 = DIRECTION('',(-1.,0.,0.));
#2402 = DIRECTION('',(0.,0.,1.));
#2403 = ADVANCED_FACE('',(#2404),#2438,.F.);
#2404 = FACE_BOUND('',#2405,.T.);
#2405 = EDGE_LOOP('',(#2406,#2416,#2424,#2432));
#2406 = ORIENTED_EDGE('',*,*,#2407,.F.);
#2407 = EDGE_CURVE('',#2408,#2410,#2412,.T.);
#2408 = VERTEX_POINT('',#2409);
#2409 = CARTESIAN_POINT('',(1.25,2.185,4.5));
#2410 = VERTEX_POINT('',#2411);
#2411 = CARTESIAN_POINT('',(1.25,2.185,5.));
#2412 = LINE('',#2413,#2414);
#2413 = CARTESIAN_POINT('',(1.25,2.185,3.));
#2414 = VECTOR('',#2415,1.);
#2415 = DIRECTION('',(0.,0.,1.));
#2416 = ORIENTED_EDGE('',*,*,#2417,.T.);
#2417 = EDGE_CURVE('',#2408,#2418,#2420,.T.);
#2418 = VERTEX_POINT('',#2419);
#2419 = CARTESIAN_POINT('',(1.25,2.035,4.5));
#2420 = LINE('',#2421,#2422);
#2421 = CARTESIAN_POINT('',(1.25,-2.995,4.5));
#2422 = VECTOR('',#2423,1.);
#2423 = DIRECTION('',(-0.,-1.,0.));
#2424 = ORIENTED_EDGE('',*,*,#2425,.T.);
#2425 = EDGE_CURVE('',#2418,#2426,#2428,.T.);
#2426 = VERTEX_POINT('',#2427);
#2427 = CARTESIAN_POINT('',(1.25,2.035,5.));
#2428 = LINE('',#2429,#2430);
#2429 = CARTESIAN_POINT('',(1.25,2.035,3.));
#2430 = VECTOR('',#2431,1.);
#2431 = DIRECTION('',(0.,0.,1.));
#2432 = ORIENTED_EDGE('',*,*,#2433,.T.);
#2433 = EDGE_CURVE('',#2426,#2410,#2434,.T.);
#2434 = LINE('',#2435,#2436);
#2435 = CARTESIAN_POINT('',(1.25,-2.995,5.));
#2436 = VECTOR('',#2437,1.);
#2437 = DIRECTION('',(0.,1.,0.));
#2438 = PLANE('',#2439);
#2439 = AXIS2_PLACEMENT_3D('',#2440,#2441,#2442);
#2440 = CARTESIAN_POINT('',(1.25,-2.995,3.));
#2441 = DIRECTION('',(1.,-0.,0.));
#2442 = DIRECTION('',(0.,0.,-1.));
#2443 = ADVANCED_FACE('',(#2444),#2478,.F.);
#2444 = FACE_BOUND('',#2445,.T.);
#2445 = EDGE_LOOP('',(#2446,#2456,#2464,#2472));
#2446 = ORIENTED_EDGE('',*,*,#2447,.F.);
#2447 = EDGE_CURVE('',#2448,#2450,#2452,.T.);
#2448 = VERTEX_POINT('',#2449);
#2449 = CARTESIAN_POINT('',(-2.25,1.735,4.5));
#2450 = VERTEX_POINT('',#2451);
#2451 = CARTESIAN_POINT('',(-2.25,1.735,5.));
#2452 = LINE('',#2453,#2454);
#2453 = CARTESIAN_POINT('',(-2.25,1.735,3.));
#2454 = VECTOR('',#2455,1.);
#2455 = DIRECTION('',(0.,0.,1.));
#2456 = ORIENTED_EDGE('',*,*,#2457,.T.);
#2457 = EDGE_CURVE('',#2448,#2458,#2460,.T.);
#2458 = VERTEX_POINT('',#2459);
#2459 = CARTESIAN_POINT('',(-2.25,1.885,4.5));
#2460 = LINE('',#2461,#2462);
#2461 = CARTESIAN_POINT('',(-2.25,-2.995,4.5));
#2462 = VECTOR('',#2463,1.);
#2463 = DIRECTION('',(0.,1.,-0.));
#2464 = ORIENTED_EDGE('',*,*,#2465,.T.);
#2465 = EDGE_CURVE('',#2458,#2466,#2468,.T.);
#2466 = VERTEX_POINT('',#2467);
#2467 = CARTESIAN_POINT('',(-2.25,1.885,5.));
#2468 = LINE('',#2469,#2470);
#2469 = CARTESIAN_POINT('',(-2.25,1.885,3.));
#2470 = VECTOR('',#2471,1.);
#2471 = DIRECTION('',(0.,0.,1.));
#2472 = ORIENTED_EDGE('',*,*,#2473,.T.);
#2473 = EDGE_CURVE('',#2466,#2450,#2474,.T.);
#2474 = LINE('',#2475,#2476);
#2475 = CARTESIAN_POINT('',(-2.25,-2.995,5.));
#2476 = VECTOR('',#2477,1.);
#2477 = DIRECTION('',(-0.,-1.,-0.));
#2478 = PLANE('',#2479);
#2479 = AXIS2_PLACEMENT_3D('',#2480,#2481,#2482);
#2480 = CARTESIAN_POINT('',(-2.25,-2.995,3.));
#2481 = DIRECTION('',(-1.,0.,0.));
#2482 = DIRECTION('',(0.,0.,1.));
#2483 = ADVANCED_FACE('',(#2484),#2518,.F.);
#2484 = FACE_BOUND('',#2485,.T.);
#2485 = EDGE_LOOP('',(#2486,#2496,#2504,#2512));
#2486 = ORIENTED_EDGE('',*,*,#2487,.F.);
#2487 = EDGE_CURVE('',#2488,#2490,#2492,.T.);
#2488 = VERTEX_POINT('',#2489);
#2489 = CARTESIAN_POINT('',(1.25,1.885,4.5));
#2490 = VERTEX_POINT('',#2491);
#2491 = CARTESIAN_POINT('',(1.25,1.885,5.));
#2492 = LINE('',#2493,#2494);
#2493 = CARTESIAN_POINT('',(1.25,1.885,3.));
#2494 = VECTOR('',#2495,1.);
#2495 = DIRECTION('',(0.,0.,1.));
#2496 = ORIENTED_EDGE('',*,*,#2497,.T.);
#2497 = EDGE_CURVE('',#2488,#2498,#2500,.T.);
#2498 = VERTEX_POINT('',#2499);
#2499 = CARTESIAN_POINT('',(1.25,1.735,4.5));
#2500 = LINE('',#2501,#2502);
#2501 = CARTESIAN_POINT('',(1.25,-2.995,4.5));
#2502 = VECTOR('',#2503,1.);
#2503 = DIRECTION('',(-0.,-1.,0.));
#2504 = ORIENTED_EDGE('',*,*,#2505,.T.);
#2505 = EDGE_CURVE('',#2498,#2506,#2508,.T.);
#2506 = VERTEX_POINT('',#2507);
#2507 = CARTESIAN_POINT('',(1.25,1.735,5.));
#2508 = LINE('',#2509,#2510);
#2509 = CARTESIAN_POINT('',(1.25,1.735,3.));
#2510 = VECTOR('',#2511,1.);
#2511 = DIRECTION('',(0.,0.,1.));
#2512 = ORIENTED_EDGE('',*,*,#2513,.T.);
#2513 = EDGE_CURVE('',#2506,#2490,#2514,.T.);
#2514 = LINE('',#2515,#2516);
#2515 = CARTESIAN_POINT('',(1.25,-2.995,5.));
#2516 = VECTOR('',#2517,1.);
#2517 = DIRECTION('',(0.,1.,0.));
#2518 = PLANE('',#2519);
#2519 = AXIS2_PLACEMENT_3D('',#2520,#2521,#2522);
#2520 = CARTESIAN_POINT('',(1.25,-2.995,3.));
#2521 = DIRECTION('',(1.,-0.,0.));
#2522 = DIRECTION('',(0.,0.,-1.));
#2523 = ADVANCED_FACE('',(#2524),#2558,.F.);
#2524 = FACE_BOUND('',#2525,.T.);
#2525 = EDGE_LOOP('',(#2526,#2536,#2544,#2552));
#2526 = ORIENTED_EDGE('',*,*,#2527,.F.);
#2527 = EDGE_CURVE('',#2528,#2530,#2532,.T.);
#2528 = VERTEX_POINT('',#2529);
#2529 = CARTESIAN_POINT('',(-2.25,1.435,4.5));
#2530 = VERTEX_POINT('',#2531);
#2531 = CARTESIAN_POINT('',(-2.25,1.435,5.));
#2532 = LINE('',#2533,#2534);
#2533 = CARTESIAN_POINT('',(-2.25,1.435,3.));
#2534 = VECTOR('',#2535,1.);
#2535 = DIRECTION('',(0.,0.,1.));
#2536 = ORIENTED_EDGE('',*,*,#2537,.T.);
#2537 = EDGE_CURVE('',#2528,#2538,#2540,.T.);
#2538 = VERTEX_POINT('',#2539);
#2539 = CARTESIAN_POINT('',(-2.25,1.585,4.5));
#2540 = LINE('',#2541,#2542);
#2541 = CARTESIAN_POINT('',(-2.25,-2.995,4.5));
#2542 = VECTOR('',#2543,1.);
#2543 = DIRECTION('',(0.,1.,-0.));
#2544 = ORIENTED_EDGE('',*,*,#2545,.T.);
#2545 = EDGE_CURVE('',#2538,#2546,#2548,.T.);
#2546 = VERTEX_POINT('',#2547);
#2547 = CARTESIAN_POINT('',(-2.25,1.585,5.));
#2548 = LINE('',#2549,#2550);
#2549 = CARTESIAN_POINT('',(-2.25,1.585,3.));
#2550 = VECTOR('',#2551,1.);
#2551 = DIRECTION('',(0.,0.,1.));
#2552 = ORIENTED_EDGE('',*,*,#2553,.T.);
#2553 = EDGE_CURVE('',#2546,#2530,#2554,.T.);
#2554 = LINE('',#2555,#2556);
#2555 = CARTESIAN_POINT('',(-2.25,-2.995,5.));
#2556 = VECTOR('',#2557,1.);
#2557 = DIRECTION('',(-0.,-1.,-0.));
#2558 = PLANE('',#2559);
#2559 = AXIS2_PLACEMENT_3D('',#2560,#2561,#2562);
#2560 = CARTESIAN_POINT('',(-2.25,-2.995,3.));
#2561 = DIRECTION('',(-1.,0.,0.));
#2562 = DIRECTION('',(0.,0.,1.));
#2563 = ADVANCED_FACE('',(#2564),#2598,.F.);
#2564 = FACE_BOUND('',#2565,.T.);
#2565 = EDGE_LOOP('',(#2566,#2576,#2584,#2592));
#2566 = ORIENTED_EDGE('',*,*,#2567,.F.);
#2567 = EDGE_CURVE('',#2568,#2570,#2572,.T.);
#2568 = VERTEX_POINT('',#2569);
#2569 = CARTESIAN_POINT('',(1.25,1.585,4.5));
#2570 = VERTEX_POINT('',#2571);
#2571 = CARTESIAN_POINT('',(1.25,1.585,5.));
#2572 = LINE('',#2573,#2574);
#2573 = CARTESIAN_POINT('',(1.25,1.585,3.));
#2574 = VECTOR('',#2575,1.);
#2575 = DIRECTION('',(0.,0.,1.));
#2576 = ORIENTED_EDGE('',*,*,#2577,.T.);
#2577 = EDGE_CURVE('',#2568,#2578,#2580,.T.);
#2578 = VERTEX_POINT('',#2579);
#2579 = CARTESIAN_POINT('',(1.25,1.435,4.5));
#2580 = LINE('',#2581,#2582);
#2581 = CARTESIAN_POINT('',(1.25,-2.995,4.5));
#2582 = VECTOR('',#2583,1.);
#2583 = DIRECTION('',(-0.,-1.,0.));
#2584 = ORIENTED_EDGE('',*,*,#2585,.T.);
#2585 = EDGE_CURVE('',#2578,#2586,#2588,.T.);
#2586 = VERTEX_POINT('',#2587);
#2587 = CARTESIAN_POINT('',(1.25,1.435,5.));
#2588 = LINE('',#2589,#2590);
#2589 = CARTESIAN_POINT('',(1.25,1.435,3.));
#2590 = VECTOR('',#2591,1.);
#2591 = DIRECTION('',(0.,0.,1.));
#2592 = ORIENTED_EDGE('',*,*,#2593,.T.);
#2593 = EDGE_CURVE('',#2586,#2570,#2594,.T.);
#2594 = LINE('',#2595,#2596);
#2595 = CARTESIAN_POINT('',(1.25,-2.995,5.));
#2596 = VECTOR('',#2597,1.);
#2597 = DIRECTION('',(0.,1.,0.));
#2598 = PLANE('',#2599);
#2599 = AXIS2_PLACEMENT_3D('',#2600,#2601,#2602);
#2600 = CARTESIAN_POINT('',(1.25,-2.995,3.));
#2601 = DIRECTION('',(1.,-0.,0.));
#2602 = DIRECTION('',(0.,0.,-1.));
#2603 = ADVANCED_FACE('',(#2604),#2638,.F.);
#2604 = FACE_BOUND('',#2605,.T.);
#2605 = EDGE_LOOP('',(#2606,#2616,#2624,#2632));
#2606 = ORIENTED_EDGE('',*,*,#2607,.F.);
#2607 = EDGE_CURVE('',#2608,#2610,#2612,.T.);
#2608 = VERTEX_POINT('',#2609);
#2609 = CARTESIAN_POINT('',(-2.25,1.135,4.5));
#2610 = VERTEX_POINT('',#2611);
#2611 = CARTESIAN_POINT('',(-2.25,1.135,5.));
#2612 = LINE('',#2613,#2614);
#2613 = CARTESIAN_POINT('',(-2.25,1.135,3.));
#2614 = VECTOR('',#2615,1.);
#2615 = DIRECTION('',(0.,0.,1.));
#2616 = ORIENTED_EDGE('',*,*,#2617,.T.);
#2617 = EDGE_CURVE('',#2608,#2618,#2620,.T.);
#2618 = VERTEX_POINT('',#2619);
#2619 = CARTESIAN_POINT('',(-2.25,1.285,4.5));
#2620 = LINE('',#2621,#2622);
#2621 = CARTESIAN_POINT('',(-2.25,-2.995,4.5));
#2622 = VECTOR('',#2623,1.);
#2623 = DIRECTION('',(0.,1.,-0.));
#2624 = ORIENTED_EDGE('',*,*,#2625,.T.);
#2625 = EDGE_CURVE('',#2618,#2626,#2628,.T.);
#2626 = VERTEX_POINT('',#2627);
#2627 = CARTESIAN_POINT('',(-2.25,1.285,5.));
#2628 = LINE('',#2629,#2630);
#2629 = CARTESIAN_POINT('',(-2.25,1.285,3.));
#2630 = VECTOR('',#2631,1.);
#2631 = DIRECTION('',(0.,0.,1.));
#2632 = ORIENTED_EDGE('',*,*,#2633,.T.);
#2633 = EDGE_CURVE('',#2626,#2610,#2634,.T.);
#2634 = LINE('',#2635,#2636);
#2635 = CARTESIAN_POINT('',(-2.25,-2.995,5.));
#2636 = VECTOR('',#2637,1.);
#2637 = DIRECTION('',(-0.,-1.,-0.));
#2638 = PLANE('',#2639);
#2639 = AXIS2_PLACEMENT_3D('',#2640,#2641,#2642);
#2640 = CARTESIAN_POINT('',(-2.25,-2.995,3.));
#2641 = DIRECTION('',(-1.,0.,0.));
#2642 = DIRECTION('',(0.,0.,1.));
#2643 = ADVANCED_FACE('',(#2644),#2678,.F.);
#2644 = FACE_BOUND('',#2645,.T.);
#2645 = EDGE_LOOP('',(#2646,#2656,#2664,#2672));
#2646 = ORIENTED_EDGE('',*,*,#2647,.F.);
#2647 = EDGE_CURVE('',#2648,#2650,#2652,.T.);
#2648 = VERTEX_POINT('',#2649);
#2649 = CARTESIAN_POINT('',(1.25,1.285,4.5));
#2650 = VERTEX_POINT('',#2651);
#2651 = CARTESIAN_POINT('',(1.25,1.285,5.));
#2652 = LINE('',#2653,#2654);
#2653 = CARTESIAN_POINT('',(1.25,1.285,3.));
#2654 = VECTOR('',#2655,1.);
#2655 = DIRECTION('',(0.,0.,1.));
#2656 = ORIENTED_EDGE('',*,*,#2657,.T.);
#2657 = EDGE_CURVE('',#2648,#2658,#2660,.T.);
#2658 = VERTEX_POINT('',#2659);
#2659 = CARTESIAN_POINT('',(1.25,1.135,4.5));
#2660 = LINE('',#2661,#2662);
#2661 = CARTESIAN_POINT('',(1.25,-2.995,4.5));
#2662 = VECTOR('',#2663,1.);
#2663 = DIRECTION('',(-0.,-1.,0.));
#2664 = ORIENTED_EDGE('',*,*,#2665,.T.);
#2665 = EDGE_CURVE('',#2658,#2666,#2668,.T.);
#2666 = VERTEX_POINT('',#2667);
#2667 = CARTESIAN_POINT('',(1.25,1.135,5.));
#2668 = LINE('',#2669,#2670);
#2669 = CARTESIAN_POINT('',(1.25,1.135,3.));
#2670 = VECTOR('',#2671,1.);
#2671 = DIRECTION('',(0.,0.,1.));
#2672 = ORIENTED_EDGE('',*,*,#2673,.T.);
#2673 = EDGE_CURVE('',#2666,#2650,#2674,.T.);
#2674 = LINE('',#2675,#2676);
#2675 = CARTESIAN_POINT('',(1.25,-2.995,5.));
#2676 = VECTOR('',#2677,1.);
#2677 = DIRECTION('',(0.,1.,0.));
#2678 = PLANE('',#2679);
#2679 = AXIS2_PLACEMENT_3D('',#2680,#2681,#2682);
#2680 = CARTESIAN_POINT('',(1.25,-2.995,3.));
#2681 = DIRECTION('',(1.,-0.,0.));
#2682 = DIRECTION('',(0.,0.,-1.));
#2683 = ADVANCED_FACE('',(#2684),#2718,.F.);
#2684 = FACE_BOUND('',#2685,.T.);
#2685 = EDGE_LOOP('',(#2686,#2696,#2704,#2712));
#2686 = ORIENTED_EDGE('',*,*,#2687,.F.);
#2687 = EDGE_CURVE('',#2688,#2690,#2692,.T.);
#2688 = VERTEX_POINT('',#2689);
#2689 = CARTESIAN_POINT('',(-2.25,0.835,4.5));
#2690 = VERTEX_POINT('',#2691);
#2691 = CARTESIAN_POINT('',(-2.25,0.835,5.));
#2692 = LINE('',#2693,#2694);
#2693 = CARTESIAN_POINT('',(-2.25,0.835,3.));
#2694 = VECTOR('',#2695,1.);
#2695 = DIRECTION('',(0.,0.,1.));
#2696 = ORIENTED_EDGE('',*,*,#2697,.T.);
#2697 = EDGE_CURVE('',#2688,#2698,#2700,.T.);
#2698 = VERTEX_POINT('',#2699);
#2699 = CARTESIAN_POINT('',(-2.25,0.985,4.5));
#2700 = LINE('',#2701,#2702);
#2701 = CARTESIAN_POINT('',(-2.25,-2.995,4.5));
#2702 = VECTOR('',#2703,1.);
#2703 = DIRECTION('',(0.,1.,-0.));
#2704 = ORIENTED_EDGE('',*,*,#2705,.T.);
#2705 = EDGE_CURVE('',#2698,#2706,#2708,.T.);
#2706 = VERTEX_POINT('',#2707);
#2707 = CARTESIAN_POINT('',(-2.25,0.985,5.));
#2708 = LINE('',#2709,#2710);
#2709 = CARTESIAN_POINT('',(-2.25,0.985,3.));
#2710 = VECTOR('',#2711,1.);
#2711 = DIRECTION('',(0.,0.,1.));
#2712 = ORIENTED_EDGE('',*,*,#2713,.T.);
#2713 = EDGE_CURVE('',#2706,#2690,#2714,.T.);
#2714 = LINE('',#2715,#2716);
#2715 = CARTESIAN_POINT('',(-2.25,-2.995,5.));
#2716 = VECTOR('',#2717,1.);
#2717 = DIRECTION('',(-0.,-1.,-0.));
#2718 = PLANE('',#2719);
#2719 = AXIS2_PLACEMENT_3D('',#2720,#2721,#2722);
#2720 = CARTESIAN_POINT('',(-2.25,-2.995,3.));
#2721 = DIRECTION('',(-1.,0.,0.));
#2722 = DIRECTION('',(0.,0.,1.));
#2723 = ADVANCED_FACE('',(#2724),#2758,.F.);
#2724 = FACE_BOUND('',#2725,.T.);
#2725 = EDGE_LOOP('',(#2726,#2736,#2744,#2752));
#2726 = ORIENTED_EDGE('',*,*,#2727,.F.);
#2727 = EDGE_CURVE('',#2728,#2730,#2732,.T.);
#2728 = VERTEX_POINT('',#2729);
#2729 = CARTESIAN_POINT('',(1.25,0.985,4.5));
#2730 = VERTEX_POINT('',#2731);
#2731 = CARTESIAN_POINT('',(1.25,0.985,5.));
#2732 = LINE('',#2733,#2734);
#2733 = CARTESIAN_POINT('',(1.25,0.985,3.));
#2734 = VECTOR('',#2735,1.);
#2735 = DIRECTION('',(0.,0.,1.));
#2736 = ORIENTED_EDGE('',*,*,#2737,.T.);
#2737 = EDGE_CURVE('',#2728,#2738,#2740,.T.);
#2738 = VERTEX_POINT('',#2739);
#2739 = CARTESIAN_POINT('',(1.25,0.835,4.5));
#2740 = LINE('',#2741,#2742);
#2741 = CARTESIAN_POINT('',(1.25,-2.995,4.5));
#2742 = VECTOR('',#2743,1.);
#2743 = DIRECTION('',(-0.,-1.,0.));
#2744 = ORIENTED_EDGE('',*,*,#2745,.T.);
#2745 = EDGE_CURVE('',#2738,#2746,#2748,.T.);
#2746 = VERTEX_POINT('',#2747);
#2747 = CARTESIAN_POINT('',(1.25,0.835,5.));
#2748 = LINE('',#2749,#2750);
#2749 = CARTESIAN_POINT('',(1.25,0.835,3.));
#2750 = VECTOR('',#2751,1.);
#2751 = DIRECTION('',(0.,0.,1.));
#2752 = ORIENTED_EDGE('',*,*,#2753,.T.);
#2753 = EDGE_CURVE('',#2746,#2730,#2754,.T.);
#2754 = LINE('',#2755,#2756);
#2755 = CARTESIAN_POINT('',(1.25,-2.995,5.));
#2756 = VECTOR('',#2757,1.);
#2757 = DIRECTION('',(0.,1.,0.));
#2758 = PLANE('',#2759);
#2759 = AXIS2_PLACEMENT_3D('',#2760,#2761,#2762);
#2760 = CARTESIAN_POINT('',(1.25,-2.995,3.));
#2761 = DIRECTION('',(1.,-0.,0.));
#2762 = DIRECTION('',(0.,0.,-1.));
#2763 = ADVANCED_FACE('',(#2764),#2798,.F.);
#2764 = FACE_BOUND('',#2765,.T.);
#2765 = EDGE_LOOP('',(#2766,#2776,#2784,#2792));
#2766 = ORIENTED_EDGE('',*,*,#2767,.F.);
#2767 = EDGE_CURVE('',#2768,#2770,#2772,.T.);
#2768 = VERTEX_POINT('',#2769);
#2769 = CARTESIAN_POINT('',(-2.25,0.535,4.5));
#2770 = VERTEX_POINT('',#2771);
#2771 = CARTESIAN_POINT('',(-2.25,0.535,5.));
#2772 = LINE('',#2773,#2774);
#2773 = CARTESIAN_POINT('',(-2.25,0.535,3.));
#2774 = VECTOR('',#2775,1.);
#2775 = DIRECTION('',(0.,0.,1.));
#2776 = ORIENTED_EDGE('',*,*,#2777,.T.);
#2777 = EDGE_CURVE('',#2768,#2778,#2780,.T.);
#2778 = VERTEX_POINT('',#2779);
#2779 = CARTESIAN_POINT('',(-2.25,0.685,4.5));
#2780 = LINE('',#2781,#2782);
#2781 = CARTESIAN_POINT('',(-2.25,-2.995,4.5));
#2782 = VECTOR('',#2783,1.);
#2783 = DIRECTION('',(0.,1.,-0.));
#2784 = ORIENTED_EDGE('',*,*,#2785,.T.);
#2785 = EDGE_CURVE('',#2778,#2786,#2788,.T.);
#2786 = VERTEX_POINT('',#2787);
#2787 = CARTESIAN_POINT('',(-2.25,0.685,5.));
#2788 = LINE('',#2789,#2790);
#2789 = CARTESIAN_POINT('',(-2.25,0.685,3.));
#2790 = VECTOR('',#2791,1.);
#2791 = DIRECTION('',(0.,0.,1.));
#2792 = ORIENTED_EDGE('',*,*,#2793,.T.);
#2793 = EDGE_CURVE('',#2786,#2770,#2794,.T.);
#2794 = LINE('',#2795,#2796);
#2795 = CARTESIAN_POINT('',(-2.25,-2.995,5.));
#2796 = VECTOR('',#2797,1.);
#2797 = DIRECTION('',(-0.,-1.,-0.));
#2798 = PLANE('',#2799);
#2799 = AXIS2_PLACEMENT_3D('',#2800,#2801,#2802);
#2800 = CARTESIAN_POINT('',(-2.25,-2.995,3.));
#2801 = DIRECTION('',(-1.,0.,0.));
#2802 = DIRECTION('',(0.,0.,1.));
#2803 = ADVANCED_FACE('',(#2804),#2838,.F.);
#2804 = FACE_BOUND('',#2805,.T.);
#2805 = EDGE_LOOP('',(#2806,#2816,#2824,#2832));
#2806 = ORIENTED_EDGE('',*,*,#2807,.F.);
#2807 = EDGE_CURVE('',#2808,#2810,#2812,.T.);
#2808 = VERTEX_POINT('',#2809);
#2809 = CARTESIAN_POINT('',(1.25,0.685,4.5));
#2810 = VERTEX_POINT('',#2811);
#2811 = CARTESIAN_POINT('',(1.25,0.685,5.));
#2812 = LINE('',#2813,#2814);
#2813 = CARTESIAN_POINT('',(1.25,0.685,3.));
#2814 = VECTOR('',#2815,1.);
#2815 = DIRECTION('',(0.,0.,1.));
#2816 = ORIENTED_EDGE('',*,*,#2817,.T.);
#2817 = EDGE_CURVE('',#2808,#2818,#2820,.T.);
#2818 = VERTEX_POINT('',#2819);
#2819 = CARTESIAN_POINT('',(1.25,0.535,4.5));
#2820 = LINE('',#2821,#2822);
#2821 = CARTESIAN_POINT('',(1.25,-2.995,4.5));
#2822 = VECTOR('',#2823,1.);
#2823 = DIRECTION('',(-0.,-1.,0.));
#2824 = ORIENTED_EDGE('',*,*,#2825,.T.);
#2825 = EDGE_CURVE('',#2818,#2826,#2828,.T.);
#2826 = VERTEX_POINT('',#2827);
#2827 = CARTESIAN_POINT('',(1.25,0.535,5.));
#2828 = LINE('',#2829,#2830);
#2829 = CARTESIAN_POINT('',(1.25,0.535,3.));
#2830 = VECTOR('',#2831,1.);
#2831 = DIRECTION('',(0.,0.,1.));
#2832 = ORIENTED_EDGE('',*,*,#2833,.T.);
#2833 = EDGE_CURVE('',#2826,#2810,#2834,.T.);
#2834 = LINE('',#2835,#2836);
#2835 = CARTESIAN_POINT('',(1.25,-2.995,5.));
#2836 = VECTOR('',#2837,1.);
#2837 = DIRECTION('',(0.,1.,0.));
#2838 = PLANE('',#2839);
#2839 = AXIS2_PLACEMENT_3D('',#2840,#2841,#2842);
#2840 = CARTESIAN_POINT('',(1.25,-2.995,3.));
#2841 = DIRECTION('',(1.,-0.,0.));
#2842 = DIRECTION('',(0.,0.,-1.));
#2843 = ADVANCED_FACE('',(#2844),#2878,.F.);
#2844 = FACE_BOUND('',#2845,.T.);
#2845 = EDGE_LOOP('',(#2846,#2856,#2864,#2872));
#2846 = ORIENTED_EDGE('',*,*,#2847,.F.);
#2847 = EDGE_CURVE('',#2848,#2850,#2852,.T.);
#2848 = VERTEX_POINT('',#2849);
#2849 = CARTESIAN_POINT('',(-2.25,0.235,4.5));
#2850 = VERTEX_POINT('',#2851);
#2851 = CARTESIAN_POINT('',(-2.25,0.235,5.));
#2852 = LINE('',#2853,#2854);
#2853 = CARTESIAN_POINT('',(-2.25,0.235,3.));
#2854 = VECTOR('',#2855,1.);
#2855 = DIRECTION('',(0.,0.,1.));
#2856 = ORIENTED_EDGE('',*,*,#2857,.T.);
#2857 = EDGE_CURVE('',#2848,#2858,#2860,.T.);
#2858 = VERTEX_POINT('',#2859);
#2859 = CARTESIAN_POINT('',(-2.25,0.385,4.5));
#2860 = LINE('',#2861,#2862);
#2861 = CARTESIAN_POINT('',(-2.25,-2.995,4.5));
#2862 = VECTOR('',#2863,1.);
#2863 = DIRECTION('',(0.,1.,-0.));
#2864 = ORIENTED_EDGE('',*,*,#2865,.T.);
#2865 = EDGE_CURVE('',#2858,#2866,#2868,.T.);
#2866 = VERTEX_POINT('',#2867);
#2867 = CARTESIAN_POINT('',(-2.25,0.385,5.));
#2868 = LINE('',#2869,#2870);
#2869 = CARTESIAN_POINT('',(-2.25,0.385,3.));
#2870 = VECTOR('',#2871,1.);
#2871 = DIRECTION('',(0.,0.,1.));
#2872 = ORIENTED_EDGE('',*,*,#2873,.T.);
#2873 = EDGE_CURVE('',#2866,#2850,#2874,.T.);
#2874 = LINE('',#2875,#2876);
#2875 = CARTESIAN_POINT('',(-2.25,-2.995,5.));
#2876 = VECTOR('',#2877,1.);
#2877 = DIRECTION('',(-0.,-1.,-0.));
#2878 = PLANE('',#2879);
#2879 = AXIS2_PLACEMENT_3D('',#2880,#2881,#2882);
#2880 = CARTESIAN_POINT('',(-2.25,-2.995,3.));
#2881 = DIRECTION('',(-1.,0.,0.));
#2882 = DIRECTION('',(0.,0.,1.));
#2883 = ADVANCED_FACE('',(#2884),#2918,.F.);
#2884 = FACE_BOUND('',#2885,.T.);
#2885 = EDGE_LOOP('',(#2886,#2896,#2904,#2912));
#2886 = ORIENTED_EDGE('',*,*,#2887,.F.);
#2887 = EDGE_CURVE('',#2888,#2890,#2892,.T.);
#2888 = VERTEX_POINT('',#2889);
#2889 = CARTESIAN_POINT('',(1.25,0.385,4.5));
#2890 = VERTEX_POINT('',#2891);
#2891 = CARTESIAN_POINT('',(1.25,0.385,5.));
#2892 = LINE('',#2893,#2894);
#2893 = CARTESIAN_POINT('',(1.25,0.385,3.));
#2894 = VECTOR('',#2895,1.);
#2895 = DIRECTION('',(0.,0.,1.));
#2896 = ORIENTED_EDGE('',*,*,#2897,.T.);
#2897 = EDGE_CURVE('',#2888,#2898,#2900,.T.);
#2898 = VERTEX_POINT('',#2899);
#2899 = CARTESIAN_POINT('',(1.25,0.235,4.5));
#2900 = LINE('',#2901,#2902);
#2901 = CARTESIAN_POINT('',(1.25,-2.995,4.5));
#2902 = VECTOR('',#2903,1.);
#2903 = DIRECTION('',(-0.,-1.,0.));
#2904 = ORIENTED_EDGE('',*,*,#2905,.T.);
#2905 = EDGE_CURVE('',#2898,#2906,#2908,.T.);
#2906 = VERTEX_POINT('',#2907);
#2907 = CARTESIAN_POINT('',(1.25,0.235,5.));
#2908 = LINE('',#2909,#2910);
#2909 = CARTESIAN_POINT('',(1.25,0.235,3.));
#2910 = VECTOR('',#2911,1.);
#2911 = DIRECTION('',(0.,0.,1.));
#2912 = ORIENTED_EDGE('',*,*,#2913,.T.);
#2913 = EDGE_CURVE('',#2906,#2890,#2914,.T.);
#2914 = LINE('',#2915,#2916);
#2915 = CARTESIAN_POINT('',(1.25,-2.995,5.));
#2916 = VECTOR('',#2917,1.);
#2917 = DIRECTION('',(0.,1.,0.));
#2918 = PLANE('',#2919);
#2919 = AXIS2_PLACEMENT_3D('',#2920,#2921,#2922);
#2920 = CARTESIAN_POINT('',(1.25,-2.995,3.));
#2921 = DIRECTION('',(1.,-0.,0.));
#2922 = DIRECTION('',(0.,0.,-1.));
#2923 = ADVANCED_FACE('',(#2924),#2958,.F.);
#2924 = FACE_BOUND('',#2925,.T.);
#2925 = EDGE_LOOP('',(#2926,#2936,#2944,#2952));
#2926 = ORIENTED_EDGE('',*,*,#2927,.F.);
#2927 = EDGE_CURVE('',#2928,#2930,#2932,.T.);
#2928 = VERTEX_POINT('',#2929);
#2929 = CARTESIAN_POINT('',(-2.25,-6.5E-02,4.5));
#2930 = VERTEX_POINT('',#2931);
#2931 = CARTESIAN_POINT('',(-2.25,-6.5E-02,5.));
#2932 = LINE('',#2933,#2934);
#2933 = CARTESIAN_POINT('',(-2.25,-6.5E-02,3.));
#2934 = VECTOR('',#2935,1.);
#2935 = DIRECTION('',(0.,0.,1.));
#2936 = ORIENTED_EDGE('',*,*,#2937,.T.);
#2937 = EDGE_CURVE('',#2928,#2938,#2940,.T.);
#2938 = VERTEX_POINT('',#2939);
#2939 = CARTESIAN_POINT('',(-2.25,8.5E-02,4.5));
#2940 = LINE('',#2941,#2942);
#2941 = CARTESIAN_POINT('',(-2.25,-2.995,4.5));
#2942 = VECTOR('',#2943,1.);
#2943 = DIRECTION('',(0.,1.,-0.));
#2944 = ORIENTED_EDGE('',*,*,#2945,.T.);
#2945 = EDGE_CURVE('',#2938,#2946,#2948,.T.);
#2946 = VERTEX_POINT('',#2947);
#2947 = CARTESIAN_POINT('',(-2.25,8.5E-02,5.));
#2948 = LINE('',#2949,#2950);
#2949 = CARTESIAN_POINT('',(-2.25,8.5E-02,3.));
#2950 = VECTOR('',#2951,1.);
#2951 = DIRECTION('',(0.,0.,1.));
#2952 = ORIENTED_EDGE('',*,*,#2953,.T.);
#2953 = EDGE_CURVE('',#2946,#2930,#2954,.T.);
#2954 = LINE('',#2955,#2956);
#2955 = CARTESIAN_POINT('',(-2.25,-2.995,5.));
#2956 = VECTOR('',#2957,1.);
#2957 = DIRECTION('',(-0.,-1.,-0.));
#2958 = PLANE('',#2959);
#2959 = AXIS2_PLACEMENT_3D('',#2960,#2961,#2962);
#2960 = CARTESIAN_POINT('',(-2.25,-2.995,3.));
#2961 = DIRECTION('',(-1.,0.,0.));
#2962 = DIRECTION('',(0.,0.,1.));
#2963 = ADVANCED_FACE('',(#2964),#2998,.F.);
#2964 = FACE_BOUND('',#2965,.T.);
#2965 = EDGE_LOOP('',(#2966,#2976,#2984,#2992));
#2966 = ORIENTED_EDGE('',*,*,#2967,.F.);
#2967 = EDGE_CURVE('',#2968,#2970,#2972,.T.);
#2968 = VERTEX_POINT('',#2969);
#2969 = CARTESIAN_POINT('',(1.25,8.5E-02,4.5));
#2970 = VERTEX_POINT('',#2971);
#2971 = CARTESIAN_POINT('',(1.25,8.5E-02,5.));
#2972 = LINE('',#2973,#2974);
#2973 = CARTESIAN_POINT('',(1.25,8.5E-02,3.));
#2974 = VECTOR('',#2975,1.);
#2975 = DIRECTION('',(0.,0.,1.));
#2976 = ORIENTED_EDGE('',*,*,#2977,.T.);
#2977 = EDGE_CURVE('',#2968,#2978,#2980,.T.);
#2978 = VERTEX_POINT('',#2979);
#2979 = CARTESIAN_POINT('',(1.25,-6.5E-02,4.5));
#2980 = LINE('',#2981,#2982);
#2981 = CARTESIAN_POINT('',(1.25,-2.995,4.5));
#2982 = VECTOR('',#2983,1.);
#2983 = DIRECTION('',(-0.,-1.,0.));
#2984 = ORIENTED_EDGE('',*,*,#2985,.T.);
#2985 = EDGE_CURVE('',#2978,#2986,#2988,.T.);
#2986 = VERTEX_POINT('',#2987);
#2987 = CARTESIAN_POINT('',(1.25,-6.5E-02,5.));
#2988 = LINE('',#2989,#2990);
#2989 = CARTESIAN_POINT('',(1.25,-6.5E-02,3.));
#2990 = VECTOR('',#2991,1.);
#2991 = DIRECTION('',(0.,0.,1.));
#2992 = ORIENTED_EDGE('',*,*,#2993,.T.);
#2993 = EDGE_CURVE('',#2986,#2970,#2994,.T.);
#2994 = LINE('',#2995,#2996);
#2995 = CARTESIAN_POINT('',(1.25,-2.995,5.));
#2996 = VECTOR('',#2997,1.);
#2997 = DIRECTION('',(0.,1.,0.));
#2998 = PLANE('',#2999);
#2999 = AXIS2_PLACEMENT_3D('',#3000,#3001,#3002);
#3000 = CARTESIAN_POINT('',(1.25,-2.995,3.));
#3001 = DIRECTION('',(1.,-0.,0.));
#3002 = DIRECTION('',(0.,0.,-1.));
#3003 = ADVANCED_FACE('',(#3004),#3038,.F.);
#3004 = FACE_BOUND('',#3005,.T.);
#3005 = EDGE_LOOP('',(#3006,#3016,#3024,#3032));
#3006 = ORIENTED_EDGE('',*,*,#3007,.F.);
#3007 = EDGE_CURVE('',#3008,#3010,#3012,.T.);
#3008 = VERTEX_POINT('',#3009);
#3009 = CARTESIAN_POINT('',(-2.25,-0.365,4.5));
#3010 = VERTEX_POINT('',#3011);
#3011 = CARTESIAN_POINT('',(-2.25,-0.365,5.));
#3012 = LINE('',#3013,#3014);
#3013 = CARTESIAN_POINT('',(-2.25,-0.365,3.));
#3014 = VECTOR('',#3015,1.);
#3015 = DIRECTION('',(0.,0.,1.));
#3016 = ORIENTED_EDGE('',*,*,#3017,.T.);
#3017 = EDGE_CURVE('',#3008,#3018,#3020,.T.);
#3018 = VERTEX_POINT('',#3019);
#3019 = CARTESIAN_POINT('',(-2.25,-0.215,4.5));
#3020 = LINE('',#3021,#3022);
#3021 = CARTESIAN_POINT('',(-2.25,-2.995,4.5));
#3022 = VECTOR('',#3023,1.);
#3023 = DIRECTION('',(0.,1.,-0.));
#3024 = ORIENTED_EDGE('',*,*,#3025,.T.);
#3025 = EDGE_CURVE('',#3018,#3026,#3028,.T.);
#3026 = VERTEX_POINT('',#3027);
#3027 = CARTESIAN_POINT('',(-2.25,-0.215,5.));
#3028 = LINE('',#3029,#3030);
#3029 = CARTESIAN_POINT('',(-2.25,-0.215,3.));
#3030 = VECTOR('',#3031,1.);
#3031 = DIRECTION('',(0.,0.,1.));
#3032 = ORIENTED_EDGE('',*,*,#3033,.T.);
#3033 = EDGE_CURVE('',#3026,#3010,#3034,.T.);
#3034 = LINE('',#3035,#3036);
#3035 = CARTESIAN_POINT('',(-2.25,-2.995,5.));
#3036 = VECTOR('',#3037,1.);
#3037 = DIRECTION('',(-0.,-1.,-0.));
#3038 = PLANE('',#3039);
#3039 = AXIS2_PLACEMENT_3D('',#3040,#3041,#3042);
#3040 = CARTESIAN_POINT('',(-2.25,-2.995,3.));
#3041 = DIRECTION('',(-1.,0.,0.));
#3042 = DIRECTION('',(0.,0.,1.));
#3043 = ADVANCED_FACE('',(#3044),#3078,.F.);
#3044 = FACE_BOUND('',#3045,.T.);
#3045 = EDGE_LOOP('',(#3046,#3056,#3064,#3072));
#3046 = ORIENTED_EDGE('',*,*,#3047,.F.);
#3047 = EDGE_CURVE('',#3048,#3050,#3052,.T.);
#3048 = VERTEX_POINT('',#3049);
#3049 = CARTESIAN_POINT('',(1.25,-0.215,4.5));
#3050 = VERTEX_POINT('',#3051);
#3051 = CARTESIAN_POINT('',(1.25,-0.215,5.));
#3052 = LINE('',#3053,#3054);
#3053 = CARTESIAN_POINT('',(1.25,-0.215,3.));
#3054 = VECTOR('',#3055,1.);
#3055 = DIRECTION('',(0.,0.,1.));
#3056 = ORIENTED_EDGE('',*,*,#3057,.T.);
#3057 = EDGE_CURVE('',#3048,#3058,#3060,.T.);
#3058 = VERTEX_POINT('',#3059);
#3059 = CARTESIAN_POINT('',(1.25,-0.365,4.5));
#3060 = LINE('',#3061,#3062);
#3061 = CARTESIAN_POINT('',(1.25,-2.995,4.5));
#3062 = VECTOR('',#3063,1.);
#3063 = DIRECTION('',(-0.,-1.,0.));
#3064 = ORIENTED_EDGE('',*,*,#3065,.T.);
#3065 = EDGE_CURVE('',#3058,#3066,#3068,.T.);
#3066 = VERTEX_POINT('',#3067);
#3067 = CARTESIAN_POINT('',(1.25,-0.365,5.));
#3068 = LINE('',#3069,#3070);
#3069 = CARTESIAN_POINT('',(1.25,-0.365,3.));
#3070 = VECTOR('',#3071,1.);
#3071 = DIRECTION('',(0.,0.,1.));
#3072 = ORIENTED_EDGE('',*,*,#3073,.T.);
#3073 = EDGE_CURVE('',#3066,#3050,#3074,.T.);
#3074 = LINE('',#3075,#3076);
#3075 = CARTESIAN_POINT('',(1.25,-2.995,5.));
#3076 = VECTOR('',#3077,1.);
#3077 = DIRECTION('',(0.,1.,0.));
#3078 = PLANE('',#3079);
#3079 = AXIS2_PLACEMENT_3D('',#3080,#3081,#3082);
#3080 = CARTESIAN_POINT('',(1.25,-2.995,3.));
#3081 = DIRECTION('',(1.,-0.,0.));
#3082 = DIRECTION('',(0.,0.,-1.));
#3083 = ADVANCED_FACE('',(#3084),#3118,.F.);
#3084 = FACE_BOUND('',#3085,.T.);
#3085 = EDGE_LOOP('',(#3086,#3096,#3104,#3112));
#3086 = ORIENTED_EDGE('',*,*,#3087,.F.);
#3087 = EDGE_CURVE('',#3088,#3090,#3092,.T.);
#3088 = VERTEX_POINT('',#3089);
#3089 = CARTESIAN_POINT('',(-2.25,-0.665,4.5));
#3090 = VERTEX_POINT('',#3091);
#3091 = CARTESIAN_POINT('',(-2.25,-0.665,5.));
#3092 = LINE('',#3093,#3094);
#3093 = CARTESIAN_POINT('',(-2.25,-0.665,3.));
#3094 = VECTOR('',#3095,1.);
#3095 = DIRECTION('',(0.,0.,1.));
#3096 = ORIENTED_EDGE('',*,*,#3097,.T.);
#3097 = EDGE_CURVE('',#3088,#3098,#3100,.T.);
#3098 = VERTEX_POINT('',#3099);
#3099 = CARTESIAN_POINT('',(-2.25,-0.515,4.5));
#3100 = LINE('',#3101,#3102);
#3101 = CARTESIAN_POINT('',(-2.25,-2.995,4.5));
#3102 = VECTOR('',#3103,1.);
#3103 = DIRECTION('',(0.,1.,-0.));
#3104 = ORIENTED_EDGE('',*,*,#3105,.T.);
#3105 = EDGE_CURVE('',#3098,#3106,#3108,.T.);
#3106 = VERTEX_POINT('',#3107);
#3107 = CARTESIAN_POINT('',(-2.25,-0.515,5.));
#3108 = LINE('',#3109,#3110);
#3109 = CARTESIAN_POINT('',(-2.25,-0.515,3.));
#3110 = VECTOR('',#3111,1.);
#3111 = DIRECTION('',(0.,0.,1.));
#3112 = ORIENTED_EDGE('',*,*,#3113,.T.);
#3113 = EDGE_CURVE('',#3106,#3090,#3114,.T.);
#3114 = LINE('',#3115,#3116);
#3115 = CARTESIAN_POINT('',(-2.25,-2.995,5.));
#3116 = VECTOR('',#3117,1.);
#3117 = DIRECTION('',(-0.,-1.,-0.));
#3118 = PLANE('',#3119);
#3119 = AXIS2_PLACEMENT_3D('',#3120,#3121,#3122);
#3120 = CARTESIAN_POINT('',(-2.25,-2.995,3.));
#3121 = DIRECTION('',(-1.,0.,0.));
#3122 = DIRECTION('',(0.,0.,1.));
#3123 = ADVANCED_FACE('',(#3124),#3158,.F.);
#3124 = FACE_BOUND('',#3125,.T.);
#3125 = EDGE_LOOP('',(#3126,#3136,#3144,#3152));
#3126 = ORIENTED_EDGE('',*,*,#3127,.F.);
#3127 = EDGE_CURVE('',#3128,#3130,#3132,.T.);
#3128 = VERTEX_POINT('',#3129);
#3129 = CARTESIAN_POINT('',(1.25,-0.515,4.5));
#3130 = VERTEX_POINT('',#3131);
#3131 = CARTESIAN_POINT('',(1.25,-0.515,5.));
#3132 = LINE('',#3133,#3134);
#3133 = CARTESIAN_POINT('',(1.25,-0.515,3.));
#3134 = VECTOR('',#3135,1.);
#3135 = DIRECTION('',(0.,0.,1.));
#3136 = ORIENTED_EDGE('',*,*,#3137,.T.);
#3137 = EDGE_CURVE('',#3128,#3138,#3140,.T.);
#3138 = VERTEX_POINT('',#3139);
#3139 = CARTESIAN_POINT('',(1.25,-0.665,4.5));
#3140 = LINE('',#3141,#3142);
#3141 = CARTESIAN_POINT('',(1.25,-2.995,4.5));
#3142 = VECTOR('',#3143,1.);
#3143 = DIRECTION('',(-0.,-1.,0.));
#3144 = ORIENTED_EDGE('',*,*,#3145,.T.);
#3145 = EDGE_CURVE('',#3138,#3146,#3148,.T.);
#3146 = VERTEX_POINT('',#3147);
#3147 = CARTESIAN_POINT('',(1.25,-0.665,5.));
#3148 = LINE('',#3149,#3150);
#3149 = CARTESIAN_POINT('',(1.25,-0.665,3.));
#3150 = VECTOR('',#3151,1.);
#3151 = DIRECTION('',(0.,0.,1.));
#3152 = ORIENTED_EDGE('',*,*,#3153,.T.);
#3153 = EDGE_CURVE('',#3146,#3130,#3154,.T.);
#3154 = LINE('',#3155,#3156);
#3155 = CARTESIAN_POINT('',(1.25,-2.995,5.));
#3156 = VECTOR('',#3157,1.);
#3157 = DIRECTION('',(0.,1.,0.));
#3158 = PLANE('',#3159);
#3159 = AXIS2_PLACEMENT_3D('',#3160,#3161,#3162);
#3160 = CARTESIAN_POINT('',(1.25,-2.995,3.));
#3161 = DIRECTION('',(1.,-0.,0.));
#3162 = DIRECTION('',(0.,0.,-1.));
#3163 = ADVANCED_FACE('',(#3164),#3198,.F.);
#3164 = FACE_BOUND('',#3165,.T.);
#3165 = EDGE_LOOP('',(#3166,#3176,#3184,#3192));
#3166 = ORIENTED_EDGE('',*,*,#3167,.F.);
#3167 = EDGE_CURVE('',#3168,#3170,#3172,.T.);
#3168 = VERTEX_POINT('',#3169);
#3169 = CARTESIAN_POINT('',(-2.25,-0.965,4.5));
#3170 = VERTEX_POINT('',#3171);
#3171 = CARTESIAN_POINT('',(-2.25,-0.965,5.));
#3172 = LINE('',#3173,#3174);
#3173 = CARTESIAN_POINT('',(-2.25,-0.965,3.));
#3174 = VECTOR('',#3175,1.);
#3175 = DIRECTION('',(0.,0.,1.));
#3176 = ORIENTED_EDGE('',*,*,#3177,.T.);
#3177 = EDGE_CURVE('',#3168,#3178,#3180,.T.);
#3178 = VERTEX_POINT('',#3179);
#3179 = CARTESIAN_POINT('',(-2.25,-0.815,4.5));
#3180 = LINE('',#3181,#3182);
#3181 = CARTESIAN_POINT('',(-2.25,-2.995,4.5));
#3182 = VECTOR('',#3183,1.);
#3183 = DIRECTION('',(0.,1.,-0.));
#3184 = ORIENTED_EDGE('',*,*,#3185,.T.);
#3185 = EDGE_CURVE('',#3178,#3186,#3188,.T.);
#3186 = VERTEX_POINT('',#3187);
#3187 = CARTESIAN_POINT('',(-2.25,-0.815,5.));
#3188 = LINE('',#3189,#3190);
#3189 = CARTESIAN_POINT('',(-2.25,-0.815,3.));
#3190 = VECTOR('',#3191,1.);
#3191 = DIRECTION('',(0.,0.,1.));
#3192 = ORIENTED_EDGE('',*,*,#3193,.T.);
#3193 = EDGE_CURVE('',#3186,#3170,#3194,.T.);
#3194 = LINE('',#3195,#3196);
#3195 = CARTESIAN_POINT('',(-2.25,-2.995,5.));
#3196 = VECTOR('',#3197,1.);
#3197 = DIRECTION('',(-0.,-1.,-0.));
#3198 = PLANE('',#3199);
#3199 = AXIS2_PLACEMENT_3D('',#3200,#3201,#3202);
#3200 = CARTESIAN_POINT('',(-2.25,-2.995,3.));
#3201 = DIRECTION('',(-1.,0.,0.));
#3202 = DIRECTION('',(0.,0.,1.));
#3203 = ADVANCED_FACE('',(#3204),#3238,.F.);
#3204 = FACE_BOUND('',#3205,.T.);
#3205 = EDGE_LOOP('',(#3206,#3216,#3224,#3232));
#3206 = ORIENTED_EDGE('',*,*,#3207,.F.);
#3207 = EDGE_CURVE('',#3208,#3210,#3212,.T.);
#3208 = VERTEX_POINT('',#3209);
#3209 = CARTESIAN_POINT('',(1.25,-0.815,4.5));
#3210 = VERTEX_POINT('',#3211);
#3211 = CARTESIAN_POINT('',(1.25,-0.815,5.));
#3212 = LINE('',#3213,#3214);
#3213 = CARTESIAN_POINT('',(1.25,-0.815,3.));
#3214 = VECTOR('',#3215,1.);
#3215 = DIRECTION('',(0.,0.,1.));
#3216 = ORIENTED_EDGE('',*,*,#3217,.T.);
#3217 = EDGE_CURVE('',#3208,#3218,#3220,.T.);
#3218 = VERTEX_POINT('',#3219);
#3219 = CARTESIAN_POINT('',(1.25,-0.965,4.5));
#3220 = LINE('',#3221,#3222);
#3221 = CARTESIAN_POINT('',(1.25,-2.995,4.5));
#3222 = VECTOR('',#3223,1.);
#3223 = DIRECTION('',(-0.,-1.,0.));
#3224 = ORIENTED_EDGE('',*,*,#3225,.T.);
#3225 = EDGE_CURVE('',#3218,#3226,#3228,.T.);
#3226 = VERTEX_POINT('',#3227);
#3227 = CARTESIAN_POINT('',(1.25,-0.965,5.));
#3228 = LINE('',#3229,#3230);
#3229 = CARTESIAN_POINT('',(1.25,-0.965,3.));
#3230 = VECTOR('',#3231,1.);
#3231 = DIRECTION('',(0.,0.,1.));
#3232 = ORIENTED_EDGE('',*,*,#3233,.T.);
#3233 = EDGE_CURVE('',#3226,#3210,#3234,.T.);
#3234 = LINE('',#3235,#3236);
#3235 = CARTESIAN_POINT('',(1.25,-2.995,5.));
#3236 = VECTOR('',#3237,1.);
#3237 = DIRECTION('',(0.,1.,0.));
#3238 = PLANE('',#3239);
#3239 = AXIS2_PLACEMENT_3D('',#3240,#3241,#3242);
#3240 = CARTESIAN_POINT('',(1.25,-2.995,3.));
#3241 = DIRECTION('',(1.,-0.,0.));
#3242 = DIRECTION('',(0.,0.,-1.));
#3243 = ADVANCED_FACE('',(#3244),#3278,.F.);
#3244 = FACE_BOUND('',#3245,.T.);
#3245 = EDGE_LOOP('',(#3246,#3256,#3264,#3272));
#3246 = ORIENTED_EDGE('',*,*,#3247,.F.);
#3247 = EDGE_CURVE('',#3248,#3250,#3252,.T.);
#3248 = VERTEX_POINT('',#3249);
#3249 = CARTESIAN_POINT('',(-2.25,-1.265,4.5));
#3250 = VERTEX_POINT('',#3251);
#3251 = CARTESIAN_POINT('',(-2.25,-1.265,5.));
#3252 = LINE('',#3253,#3254);
#3253 = CARTESIAN_POINT('',(-2.25,-1.265,3.));
#3254 = VECTOR('',#3255,1.);
#3255 = DIRECTION('',(0.,0.,1.));
#3256 = ORIENTED_EDGE('',*,*,#3257,.T.);
#3257 = EDGE_CURVE('',#3248,#3258,#3260,.T.);
#3258 = VERTEX_POINT('',#3259);
#3259 = CARTESIAN_POINT('',(-2.25,-1.115,4.5));
#3260 = LINE('',#3261,#3262);
#3261 = CARTESIAN_POINT('',(-2.25,-2.995,4.5));
#3262 = VECTOR('',#3263,1.);
#3263 = DIRECTION('',(0.,1.,-0.));
#3264 = ORIENTED_EDGE('',*,*,#3265,.T.);
#3265 = EDGE_CURVE('',#3258,#3266,#3268,.T.);
#3266 = VERTEX_POINT('',#3267);
#3267 = CARTESIAN_POINT('',(-2.25,-1.115,5.));
#3268 = LINE('',#3269,#3270);
#3269 = CARTESIAN_POINT('',(-2.25,-1.115,3.));
#3270 = VECTOR('',#3271,1.);
#3271 = DIRECTION('',(0.,0.,1.));
#3272 = ORIENTED_EDGE('',*,*,#3273,.T.);
#3273 = EDGE_CURVE('',#3266,#3250,#3274,.T.);
#3274 = LINE('',#3275,#3276);
#3275 = CARTESIAN_POINT('',(-2.25,-2.995,5.));
#3276 = VECTOR('',#3277,1.);
#3277 = DIRECTION('',(-0.,-1.,-0.));
#3278 = PLANE('',#3279);
#3279 = AXIS2_PLACEMENT_3D('',#3280,#3281,#3282);
#3280 = CARTESIAN_POINT('',(-2.25,-2.995,3.));
#3281 = DIRECTION('',(-1.,0.,0.));
#3282 = DIRECTION('',(0.,0.,1.));
#3283 = ADVANCED_FACE('',(#3284),#3318,.F.);
#3284 = FACE_BOUND('',#3285,.T.);
#3285 = EDGE_LOOP('',(#3286,#3296,#3304,#3312));
#3286 = ORIENTED_EDGE('',*,*,#3287,.F.);
#3287 = EDGE_CURVE('',#3288,#3290,#3292,.T.);
#3288 = VERTEX_POINT('',#3289);
#3289 = CARTESIAN_POINT('',(1.25,-1.115,4.5));
#3290 = VERTEX_POINT('',#3291);
#3291 = CARTESIAN_POINT('',(1.25,-1.115,5.));
#3292 = LINE('',#3293,#3294);
#3293 = CARTESIAN_POINT('',(1.25,-1.115,3.));
#3294 = VECTOR('',#3295,1.);
#3295 = DIRECTION('',(0.,0.,1.));
#3296 = ORIENTED_EDGE('',*,*,#3297,.T.);
#3297 = EDGE_CURVE('',#3288,#3298,#3300,.T.);
#3298 = VERTEX_POINT('',#3299);
#3299 = CARTESIAN_POINT('',(1.25,-1.265,4.5));
#3300 = LINE('',#3301,#3302);
#3301 = CARTESIAN_POINT('',(1.25,-2.995,4.5));
#3302 = VECTOR('',#3303,1.);
#3303 = DIRECTION('',(-0.,-1.,0.));
#3304 = ORIENTED_EDGE('',*,*,#3305,.T.);
#3305 = EDGE_CURVE('',#3298,#3306,#3308,.T.);
#3306 = VERTEX_POINT('',#3307);
#3307 = CARTESIAN_POINT('',(1.25,-1.265,5.));
#3308 = LINE('',#3309,#3310);
#3309 = CARTESIAN_POINT('',(1.25,-1.265,3.));
#3310 = VECTOR('',#3311,1.);
#3311 = DIRECTION('',(0.,0.,1.));
#3312 = ORIENTED_EDGE('',*,*,#3313,.T.);
#3313 = EDGE_CURVE('',#3306,#3290,#3314,.T.);
#3314 = LINE('',#3315,#3316);
#3315 = CARTESIAN_POINT('',(1.25,-2.995,5.));
#3316 = VECTOR('',#3317,1.);
#3317 = DIRECTION('',(0.,1.,0.));
#3318 = PLANE('',#3319);
#3319 = AXIS2_PLACEMENT_3D('',#3320,#3321,#3322);
#3320 = CARTESIAN_POINT('',(1.25,-2.995,3.));
#3321 = DIRECTION('',(1.,-0.,0.));
#3322 = DIRECTION('',(0.,0.,-1.));
#3323 = ADVANCED_FACE('',(#3324),#3358,.F.);
#3324 = FACE_BOUND('',#3325,.T.);
#3325 = EDGE_LOOP('',(#3326,#3336,#3344,#3352));
#3326 = ORIENTED_EDGE('',*,*,#3327,.F.);
#3327 = EDGE_CURVE('',#3328,#3330,#3332,.T.);
#3328 = VERTEX_POINT('',#3329);
#3329 = CARTESIAN_POINT('',(-2.25,-1.565,4.5));
#3330 = VERTEX_POINT('',#3331);
#3331 = CARTESIAN_POINT('',(-2.25,-1.565,5.));
#3332 = LINE('',#3333,#3334);
#3333 = CARTESIAN_POINT('',(-2.25,-1.565,3.));
#3334 = VECTOR('',#3335,1.);
#3335 = DIRECTION('',(0.,0.,1.));
#3336 = ORIENTED_EDGE('',*,*,#3337,.T.);
#3337 = EDGE_CURVE('',#3328,#3338,#3340,.T.);
#3338 = VERTEX_POINT('',#3339);
#3339 = CARTESIAN_POINT('',(-2.25,-1.415,4.5));
#3340 = LINE('',#3341,#3342);
#3341 = CARTESIAN_POINT('',(-2.25,-2.995,4.5));
#3342 = VECTOR('',#3343,1.);
#3343 = DIRECTION('',(0.,1.,-0.));
#3344 = ORIENTED_EDGE('',*,*,#3345,.T.);
#3345 = EDGE_CURVE('',#3338,#3346,#3348,.T.);
#3346 = VERTEX_POINT('',#3347);
#3347 = CARTESIAN_POINT('',(-2.25,-1.415,5.));
#3348 = LINE('',#3349,#3350);
#3349 = CARTESIAN_POINT('',(-2.25,-1.415,3.));
#3350 = VECTOR('',#3351,1.);
#3351 = DIRECTION('',(0.,0.,1.));
#3352 = ORIENTED_EDGE('',*,*,#3353,.T.);
#3353 = EDGE_CURVE('',#3346,#3330,#3354,.T.);
#3354 = LINE('',#3355,#3356);
#3355 = CARTESIAN_POINT('',(-2.25,-2.995,5.));
#3356 = VECTOR('',#3357,1.);
#3357 = DIRECTION('',(-0.,-1.,-0.));
#3358 = PLANE('',#3359);
#3359 = AXIS2_PLACEMENT_3D('',#3360,#3361,#3362);
#3360 = CARTESIAN_POINT('',(-2.25,-2.995,3.));
#3361 = DIRECTION('',(-1.,0.,0.));
#3362 = DIRECTION('',(0.,0.,1.));
#3363 = ADVANCED_FACE('',(#3364),#3398,.F.);
#3364 = FACE_BOUND('',#3365,.T.);
#3365 = EDGE_LOOP('',(#3366,#3376,#3384,#3392));
#3366 = ORIENTED_EDGE('',*,*,#3367,.F.);
#3367 = EDGE_CURVE('',#3368,#3370,#3372,.T.);
#3368 = VERTEX_POINT('',#3369);
#3369 = CARTESIAN_POINT('',(1.25,-1.415,4.5));
#3370 = VERTEX_POINT('',#3371);
#3371 = CARTESIAN_POINT('',(1.25,-1.415,5.));
#3372 = LINE('',#3373,#3374);
#3373 = CARTESIAN_POINT('',(1.25,-1.415,3.));
#3374 = VECTOR('',#3375,1.);
#3375 = DIRECTION('',(0.,0.,1.));
#3376 = ORIENTED_EDGE('',*,*,#3377,.T.);
#3377 = EDGE_CURVE('',#3368,#3378,#3380,.T.);
#3378 = VERTEX_POINT('',#3379);
#3379 = CARTESIAN_POINT('',(1.25,-1.565,4.5));
#3380 = LINE('',#3381,#3382);
#3381 = CARTESIAN_POINT('',(1.25,-2.995,4.5));
#3382 = VECTOR('',#3383,1.);
#3383 = DIRECTION('',(-0.,-1.,0.));
#3384 = ORIENTED_EDGE('',*,*,#3385,.T.);
#3385 = EDGE_CURVE('',#3378,#3386,#3388,.T.);
#3386 = VERTEX_POINT('',#3387);
#3387 = CARTESIAN_POINT('',(1.25,-1.565,5.));
#3388 = LINE('',#3389,#3390);
#3389 = CARTESIAN_POINT('',(1.25,-1.565,3.));
#3390 = VECTOR('',#3391,1.);
#3391 = DIRECTION('',(0.,0.,1.));
#3392 = ORIENTED_EDGE('',*,*,#3393,.T.);
#3393 = EDGE_CURVE('',#3386,#3370,#3394,.T.);
#3394 = LINE('',#3395,#3396);
#3395 = CARTESIAN_POINT('',(1.25,-2.995,5.));
#3396 = VECTOR('',#3397,1.);
#3397 = DIRECTION('',(0.,1.,0.));
#3398 = PLANE('',#3399);
#3399 = AXIS2_PLACEMENT_3D('',#3400,#3401,#3402);
#3400 = CARTESIAN_POINT('',(1.25,-2.995,3.));
#3401 = DIRECTION('',(1.,-0.,0.));
#3402 = DIRECTION('',(0.,0.,-1.));
#3403 = ADVANCED_FACE('',(#3404),#3438,.F.);
#3404 = FACE_BOUND('',#3405,.T.);
#3405 = EDGE_LOOP('',(#3406,#3416,#3424,#3432));
#3406 = ORIENTED_EDGE('',*,*,#3407,.F.);
#3407 = EDGE_CURVE('',#3408,#3410,#3412,.T.);
#3408 = VERTEX_POINT('',#3409);
#3409 = CARTESIAN_POINT('',(-2.25,-1.865,4.5));
#3410 = VERTEX_POINT('',#3411);
#3411 = CARTESIAN_POINT('',(-2.25,-1.865,5.));
#3412 = LINE('',#3413,#3414);
#3413 = CARTESIAN_POINT('',(-2.25,-1.865,3.));
#3414 = VECTOR('',#3415,1.);
#3415 = DIRECTION('',(0.,0.,1.));
#3416 = ORIENTED_EDGE('',*,*,#3417,.T.);
#3417 = EDGE_CURVE('',#3408,#3418,#3420,.T.);
#3418 = VERTEX_POINT('',#3419);
#3419 = CARTESIAN_POINT('',(-2.25,-1.715,4.5));
#3420 = LINE('',#3421,#3422);
#3421 = CARTESIAN_POINT('',(-2.25,-2.995,4.5));
#3422 = VECTOR('',#3423,1.);
#3423 = DIRECTION('',(0.,1.,-0.));
#3424 = ORIENTED_EDGE('',*,*,#3425,.T.);
#3425 = EDGE_CURVE('',#3418,#3426,#3428,.T.);
#3426 = VERTEX_POINT('',#3427);
#3427 = CARTESIAN_POINT('',(-2.25,-1.715,5.));
#3428 = LINE('',#3429,#3430);
#3429 = CARTESIAN_POINT('',(-2.25,-1.715,3.));
#3430 = VECTOR('',#3431,1.);
#3431 = DIRECTION('',(0.,0.,1.));
#3432 = ORIENTED_EDGE('',*,*,#3433,.T.);
#3433 = EDGE_CURVE('',#3426,#3410,#3434,.T.);
#3434 = LINE('',#3435,#3436);
#3435 = CARTESIAN_POINT('',(-2.25,-2.995,5.));
#3436 = VECTOR('',#3437,1.);
#3437 = DIRECTION('',(-0.,-1.,-0.));
#3438 = PLANE('',#3439);
#3439 = AXIS2_PLACEMENT_3D('',#3440,#3441,#3442);
#3440 = CARTESIAN_POINT('',(-2.25,-2.995,3.));
#3441 = DIRECTION('',(-1.,0.,0.));
#3442 = DIRECTION('',(0.,0.,1.));
#3443 = ADVANCED_FACE('',(#3444),#3478,.F.);
#3444 = FACE_BOUND('',#3445,.T.);
#3445 = EDGE_LOOP('',(#3446,#3456,#3464,#3472));
#3446 = ORIENTED_EDGE('',*,*,#3447,.F.);
#3447 = EDGE_CURVE('',#3448,#3450,#3452,.T.);
#3448 = VERTEX_POINT('',#3449);
#3449 = CARTESIAN_POINT('',(1.25,-1.715,4.5));
#3450 = VERTEX_POINT('',#3451);
#3451 = CARTESIAN_POINT('',(1.25,-1.715,5.));
#3452 = LINE('',#3453,#3454);
#3453 = CARTESIAN_POINT('',(1.25,-1.715,3.));
#3454 = VECTOR('',#3455,1.);
#3455 = DIRECTION('',(0.,0.,1.));
#3456 = ORIENTED_EDGE('',*,*,#3457,.T.);
#3457 = EDGE_CURVE('',#3448,#3458,#3460,.T.);
#3458 = VERTEX_POINT('',#3459);
#3459 = CARTESIAN_POINT('',(1.25,-1.865,4.5));
#3460 = LINE('',#3461,#3462);
#3461 = CARTESIAN_POINT('',(1.25,-2.995,4.5));
#3462 = VECTOR('',#3463,1.);
#3463 = DIRECTION('',(-0.,-1.,0.));
#3464 = ORIENTED_EDGE('',*,*,#3465,.T.);
#3465 = EDGE_CURVE('',#3458,#3466,#3468,.T.);
#3466 = VERTEX_POINT('',#3467);
#3467 = CARTESIAN_POINT('',(1.25,-1.865,5.));
#3468 = LINE('',#3469,#3470);
#3469 = CARTESIAN_POINT('',(1.25,-1.865,3.));
#3470 = VECTOR('',#3471,1.);
#3471 = DIRECTION('',(0.,0.,1.));
#3472 = ORIENTED_EDGE('',*,*,#3473,.T.);
#3473 = EDGE_CURVE('',#3466,#3450,#3474,.T.);
#3474 = LINE('',#3475,#3476);
#3475 = CARTESIAN_POINT('',(1.25,-2.995,5.));
#3476 = VECTOR('',#3477,1.);
#3477 = DIRECTION('',(0.,1.,0.));
#3478 = PLANE('',#3479);
#3479 = AXIS2_PLACEMENT_3D('',#3480,#3481,#3482);
#3480 = CARTESIAN_POINT('',(1.25,-2.995,3.));
#3481 = DIRECTION('',(1.,-0.,0.));
#3482 = DIRECTION('',(0.,0.,-1.));
#3483 = ADVANCED_FACE('',(#3484),#3518,.F.);
#3484 = FACE_BOUND('',#3485,.T.);
#3485 = EDGE_LOOP('',(#3486,#3496,#3504,#3512));
#3486 = ORIENTED_EDGE('',*,*,#3487,.F.);
#3487 = EDGE_CURVE('',#3488,#3490,#3492,.T.);
#3488 = VERTEX_POINT('',#3489);
#3489 = CARTESIAN_POINT('',(-2.25,-2.165,4.5));
#3490 = VERTEX_POINT('',#3491);
#3491 = CARTESIAN_POINT('',(-2.25,-2.165,5.));
#3492 = LINE('',#3493,#3494);
#3493 = CARTESIAN_POINT('',(-2.25,-2.165,3.));
#3494 = VECTOR('',#3495,1.);
#3495 = DIRECTION('',(0.,0.,1.));
#3496 = ORIENTED_EDGE('',*,*,#3497,.T.);
#3497 = EDGE_CURVE('',#3488,#3498,#3500,.T.);
#3498 = VERTEX_POINT('',#3499);
#3499 = CARTESIAN_POINT('',(-2.25,-2.015,4.5));
#3500 = LINE('',#3501,#3502);
#3501 = CARTESIAN_POINT('',(-2.25,-2.995,4.5));
#3502 = VECTOR('',#3503,1.);
#3503 = DIRECTION('',(0.,1.,-0.));
#3504 = ORIENTED_EDGE('',*,*,#3505,.T.);
#3505 = EDGE_CURVE('',#3498,#3506,#3508,.T.);
#3506 = VERTEX_POINT('',#3507);
#3507 = CARTESIAN_POINT('',(-2.25,-2.015,5.));
#3508 = LINE('',#3509,#3510);
#3509 = CARTESIAN_POINT('',(-2.25,-2.015,3.));
#3510 = VECTOR('',#3511,1.);
#3511 = DIRECTION('',(0.,0.,1.));
#3512 = ORIENTED_EDGE('',*,*,#3513,.T.);
#3513 = EDGE_CURVE('',#3506,#3490,#3514,.T.);
#3514 = LINE('',#3515,#3516);
#3515 = CARTESIAN_POINT('',(-2.25,-2.995,5.));
#3516 = VECTOR('',#3517,1.);
#3517 = DIRECTION('',(-0.,-1.,-0.));
#3518 = PLANE('',#3519);
#3519 = AXIS2_PLACEMENT_3D('',#3520,#3521,#3522);
#3520 = CARTESIAN_POINT('',(-2.25,-2.995,3.));
#3521 = DIRECTION('',(-1.,0.,0.));
#3522 = DIRECTION('',(0.,0.,1.));
#3523 = ADVANCED_FACE('',(#3524),#3558,.F.);
#3524 = FACE_BOUND('',#3525,.T.);
#3525 = EDGE_LOOP('',(#3526,#3536,#3544,#3552));
#3526 = ORIENTED_EDGE('',*,*,#3527,.F.);
#3527 = EDGE_CURVE('',#3528,#3530,#3532,.T.);
#3528 = VERTEX_POINT('',#3529);
#3529 = CARTESIAN_POINT('',(1.25,-2.015,4.5));
#3530 = VERTEX_POINT('',#3531);
#3531 = CARTESIAN_POINT('',(1.25,-2.015,5.));
#3532 = LINE('',#3533,#3534);
#3533 = CARTESIAN_POINT('',(1.25,-2.015,3.));
#3534 = VECTOR('',#3535,1.);
#3535 = DIRECTION('',(0.,0.,1.));
#3536 = ORIENTED_EDGE('',*,*,#3537,.T.);
#3537 = EDGE_CURVE('',#3528,#3538,#3540,.T.);
#3538 = VERTEX_POINT('',#3539);
#3539 = CARTESIAN_POINT('',(1.25,-2.165,4.5));
#3540 = LINE('',#3541,#3542);
#3541 = CARTESIAN_POINT('',(1.25,-2.995,4.5));
#3542 = VECTOR('',#3543,1.);
#3543 = DIRECTION('',(-0.,-1.,0.));
#3544 = ORIENTED_EDGE('',*,*,#3545,.T.);
#3545 = EDGE_CURVE('',#3538,#3546,#3548,.T.);
#3546 = VERTEX_POINT('',#3547);
#3547 = CARTESIAN_POINT('',(1.25,-2.165,5.));
#3548 = LINE('',#3549,#3550);
#3549 = CARTESIAN_POINT('',(1.25,-2.165,3.));
#3550 = VECTOR('',#3551,1.);
#3551 = DIRECTION('',(0.,0.,1.));
#3552 = ORIENTED_EDGE('',*,*,#3553,.T.);
#3553 = EDGE_CURVE('',#3546,#3530,#3554,.T.);
#3554 = LINE('',#3555,#3556);
#3555 = CARTESIAN_POINT('',(1.25,-2.995,5.));
#3556 = VECTOR('',#3557,1.);
#3557 = DIRECTION('',(0.,1.,0.));
#3558 = PLANE('',#3559);
#3559 = AXIS2_PLACEMENT_3D('',#3560,#3561,#3562);
#3560 = CARTESIAN_POINT('',(1.25,-2.995,3.));
#3561 = DIRECTION('',(1.,-0.,0.));
#3562 = DIRECTION('',(0.,0.,-1.));
#3563 = ADVANCED_FACE('',(#3564),#3598,.F.);
#3564 = FACE_BOUND('',#3565,.T.);
#3565 = EDGE_LOOP('',(#3566,#3576,#3584,#3592));
#3566 = ORIENTED_EDGE('',*,*,#3567,.F.);
#3567 = EDGE_CURVE('',#3568,#3570,#3572,.T.);
#3568 = VERTEX_POINT('',#3569);
#3569 = CARTESIAN_POINT('',(-2.25,-2.465,4.5));
#3570 = VERTEX_POINT('',#3571);
#3571 = CARTESIAN_POINT('',(-2.25,-2.465,5.));
#3572 = LINE('',#3573,#3574);
#3573 = CARTESIAN_POINT('',(-2.25,-2.465,3.));
#3574 = VECTOR('',#3575,1.);
#3575 = DIRECTION('',(0.,0.,1.));
#3576 = ORIENTED_EDGE('',*,*,#3577,.T.);
#3577 = EDGE_CURVE('',#3568,#3578,#3580,.T.);
#3578 = VERTEX_POINT('',#3579);
#3579 = CARTESIAN_POINT('',(-2.25,-2.315,4.5));
#3580 = LINE('',#3581,#3582);
#3581 = CARTESIAN_POINT('',(-2.25,-2.995,4.5));
#3582 = VECTOR('',#3583,1.);
#3583 = DIRECTION('',(0.,1.,-0.));
#3584 = ORIENTED_EDGE('',*,*,#3585,.T.);
#3585 = EDGE_CURVE('',#3578,#3586,#3588,.T.);
#3586 = VERTEX_POINT('',#3587);
#3587 = CARTESIAN_POINT('',(-2.25,-2.315,5.));
#3588 = LINE('',#3589,#3590);
#3589 = CARTESIAN_POINT('',(-2.25,-2.315,3.));
#3590 = VECTOR('',#3591,1.);
#3591 = DIRECTION('',(0.,0.,1.));
#3592 = ORIENTED_EDGE('',*,*,#3593,.T.);
#3593 = EDGE_CURVE('',#3586,#3570,#3594,.T.);
#3594 = LINE('',#3595,#3596);
#3595 = CARTESIAN_POINT('',(-2.25,-2.995,5.));
#3596 = VECTOR('',#3597,1.);
#3597 = DIRECTION('',(-0.,-1.,-0.));
#3598 = PLANE('',#3599);
#3599 = AXIS2_PLACEMENT_3D('',#3600,#3601,#3602);
#3600 = CARTESIAN_POINT('',(-2.25,-2.995,3.));
#3601 = DIRECTION('',(-1.,0.,0.));
#3602 = DIRECTION('',(0.,0.,1.));
#3603 = ADVANCED_FACE('',(#3604),#3638,.F.);
#3604 = FACE_BOUND('',#3605,.T.);
#3605 = EDGE_LOOP('',(#3606,#3616,#3624,#3632));
#3606 = ORIENTED_EDGE('',*,*,#3607,.F.);
#3607 = EDGE_CURVE('',#3608,#3610,#3612,.T.);
#3608 = VERTEX_POINT('',#3609);
#3609 = CARTESIAN_POINT('',(1.25,-2.315,4.5));
#3610 = VERTEX_POINT('',#3611);
#3611 = CARTESIAN_POINT('',(1.25,-2.315,5.));
#3612 = LINE('',#3613,#3614);
#3613 = CARTESIAN_POINT('',(1.25,-2.315,3.));
#3614 = VECTOR('',#3615,1.);
#3615 = DIRECTION('',(0.,0.,1.));
#3616 = ORIENTED_EDGE('',*,*,#3617,.T.);
#3617 = EDGE_CURVE('',#3608,#3618,#3620,.T.);
#3618 = VERTEX_POINT('',#3619);
#3619 = CARTESIAN_POINT('',(1.25,-2.465,4.5));
#3620 = LINE('',#3621,#3622);
#3621 = CARTESIAN_POINT('',(1.25,-2.995,4.5));
#3622 = VECTOR('',#3623,1.);
#3623 = DIRECTION('',(-0.,-1.,0.));
#3624 = ORIENTED_EDGE('',*,*,#3625,.T.);
#3625 = EDGE_CURVE('',#3618,#3626,#3628,.T.);
#3626 = VERTEX_POINT('',#3627);
#3627 = CARTESIAN_POINT('',(1.25,-2.465,5.));
#3628 = LINE('',#3629,#3630);
#3629 = CARTESIAN_POINT('',(1.25,-2.465,3.));
#3630 = VECTOR('',#3631,1.);
#3631 = DIRECTION('',(0.,0.,1.));
#3632 = ORIENTED_EDGE('',*,*,#3633,.T.);
#3633 = EDGE_CURVE('',#3626,#3610,#3634,.T.);
#3634 = LINE('',#3635,#3636);
#3635 = CARTESIAN_POINT('',(1.25,-2.995,5.));
#3636 = VECTOR('',#3637,1.);
#3637 = DIRECTION('',(0.,1.,0.));
#3638 = PLANE('',#3639);
#3639 = AXIS2_PLACEMENT_3D('',#3640,#3641,#3642);
#3640 = CARTESIAN_POINT('',(1.25,-2.995,3.));
#3641 = DIRECTION('',(1.,-0.,0.));
#3642 = DIRECTION('',(0.,0.,-1.));
#3643 = ADVANCED_FACE('',(#3644),#3678,.F.);
#3644 = FACE_BOUND('',#3645,.T.);
#3645 = EDGE_LOOP('',(#3646,#3656,#3664,#3672));
#3646 = ORIENTED_EDGE('',*,*,#3647,.F.);
#3647 = EDGE_CURVE('',#3648,#3650,#3652,.T.);
#3648 = VERTEX_POINT('',#3649);
#3649 = CARTESIAN_POINT('',(-2.25,-2.765,4.5));
#3650 = VERTEX_POINT('',#3651);
#3651 = CARTESIAN_POINT('',(-2.25,-2.765,5.));
#3652 = LINE('',#3653,#3654);
#3653 = CARTESIAN_POINT('',(-2.25,-2.765,3.));
#3654 = VECTOR('',#3655,1.);
#3655 = DIRECTION('',(0.,0.,1.));
#3656 = ORIENTED_EDGE('',*,*,#3657,.T.);
#3657 = EDGE_CURVE('',#3648,#3658,#3660,.T.);
#3658 = VERTEX_POINT('',#3659);
#3659 = CARTESIAN_POINT('',(-2.25,-2.615,4.5));
#3660 = LINE('',#3661,#3662);
#3661 = CARTESIAN_POINT('',(-2.25,-2.995,4.5));
#3662 = VECTOR('',#3663,1.);
#3663 = DIRECTION('',(0.,1.,-0.));
#3664 = ORIENTED_EDGE('',*,*,#3665,.T.);
#3665 = EDGE_CURVE('',#3658,#3666,#3668,.T.);
#3666 = VERTEX_POINT('',#3667);
#3667 = CARTESIAN_POINT('',(-2.25,-2.615,5.));
#3668 = LINE('',#3669,#3670);
#3669 = CARTESIAN_POINT('',(-2.25,-2.615,3.));
#3670 = VECTOR('',#3671,1.);
#3671 = DIRECTION('',(0.,0.,1.));
#3672 = ORIENTED_EDGE('',*,*,#3673,.T.);
#3673 = EDGE_CURVE('',#3666,#3650,#3674,.T.);
#3674 = LINE('',#3675,#3676);
#3675 = CARTESIAN_POINT('',(-2.25,-2.995,5.));
#3676 = VECTOR('',#3677,1.);
#3677 = DIRECTION('',(-0.,-1.,-0.));
#3678 = PLANE('',#3679);
#3679 = AXIS2_PLACEMENT_3D('',#3680,#3681,#3682);
#3680 = CARTESIAN_POINT('',(-2.25,-2.995,3.));
#3681 = DIRECTION('',(-1.,0.,0.));
#3682 = DIRECTION('',(0.,0.,1.));
#3683 = ADVANCED_FACE('',(#3684),#3718,.F.);
#3684 = FACE_BOUND('',#3685,.T.);
#3685 = EDGE_LOOP('',(#3686,#3696,#3704,#3712));
#3686 = ORIENTED_EDGE('',*,*,#3687,.F.);
#3687 = EDGE_CURVE('',#3688,#3690,#3692,.T.);
#3688 = VERTEX_POINT('',#3689);
#3689 = CARTESIAN_POINT('',(1.25,-2.615,4.5));
#3690 = VERTEX_POINT('',#3691);
#3691 = CARTESIAN_POINT('',(1.25,-2.615,5.));
#3692 = LINE('',#3693,#3694);
#3693 = CARTESIAN_POINT('',(1.25,-2.615,3.));
#3694 = VECTOR('',#3695,1.);
#3695 = DIRECTION('',(0.,0.,1.));
#3696 = ORIENTED_EDGE('',*,*,#3697,.T.);
#3697 = EDGE_CURVE('',#3688,#3698,#3700,.T.);
#3698 = VERTEX_POINT('',#3699);
#3699 = CARTESIAN_POINT('',(1.25,-2.765,4.5));
#3700 = LINE('',#3701,#3702);
#3701 = CARTESIAN_POINT('',(1.25,-2.995,4.5));
#3702 = VECTOR('',#3703,1.);
#3703 = DIRECTION('',(-0.,-1.,0.));
#3704 = ORIENTED_EDGE('',*,*,#3705,.T.);
#3705 = EDGE_CURVE('',#3698,#3706,#3708,.T.);
#3706 = VERTEX_POINT('',#3707);
#3707 = CARTESIAN_POINT('',(1.25,-2.765,5.));
#3708 = LINE('',#3709,#3710);
#3709 = CARTESIAN_POINT('',(1.25,-2.765,3.));
#3710 = VECTOR('',#3711,1.);
#3711 = DIRECTION('',(0.,0.,1.));
#3712 = ORIENTED_EDGE('',*,*,#3713,.T.);
#3713 = EDGE_CURVE('',#3706,#3690,#3714,.T.);
#3714 = LINE('',#3715,#3716);
#3715 = CARTESIAN_POINT('',(1.25,-2.995,5.));
#3716 = VECTOR('',#3717,1.);
#3717 = DIRECTION('',(0.,1.,0.));
#3718 = PLANE('',#3719);
#3719 = AXIS2_PLACEMENT_3D('',#3720,#3721,#3722);
#3720 = CARTESIAN_POINT('',(1.25,-2.995,3.));
#3721 = DIRECTION('',(1.,-0.,0.));
#3722 = DIRECTION('',(0.,0.,-1.));
#3723 = ADVANCED_FACE('',(#3724),#3749,.F.);
#3724 = FACE_BOUND('',#3725,.T.);
#3725 = EDGE_LOOP('',(#3726,#3734,#3735,#3743));
#3726 = ORIENTED_EDGE('',*,*,#3727,.T.);
#3727 = EDGE_CURVE('',#3728,#519,#3730,.T.);
#3728 = VERTEX_POINT('',#3729);
#3729 = CARTESIAN_POINT('',(-6.25,4.505,0.));
#3730 = LINE('',#3731,#3732);
#3731 = CARTESIAN_POINT('',(-6.25,-4.495,0.));
#3732 = VECTOR('',#3733,1.);
#3733 = DIRECTION('',(-0.,-1.,-0.));
#3734 = ORIENTED_EDGE('',*,*,#518,.T.);
#3735 = ORIENTED_EDGE('',*,*,#3736,.F.);
#3736 = EDGE_CURVE('',#3737,#511,#3739,.T.);
#3737 = VERTEX_POINT('',#3738);
#3738 = CARTESIAN_POINT('',(-6.25,4.505,5.));
#3739 = LINE('',#3740,#3741);
#3740 = CARTESIAN_POINT('',(-6.25,-4.495,5.));
#3741 = VECTOR('',#3742,1.);
#3742 = DIRECTION('',(-0.,-1.,-0.));
#3743 = ORIENTED_EDGE('',*,*,#3744,.T.);
#3744 = EDGE_CURVE('',#3737,#3728,#3745,.T.);
#3745 = LINE('',#3746,#3747);
#3746 = CARTESIAN_POINT('',(-6.25,4.505,5.));
#3747 = VECTOR('',#3748,1.);
#3748 = DIRECTION('',(-0.,-0.,-1.));
#3749 = PLANE('',#3750);
#3750 = AXIS2_PLACEMENT_3D('',#3751,#3752,#3753);
#3751 = CARTESIAN_POINT('',(-6.25,-4.495,5.));
#3752 = DIRECTION('',(1.,0.,0.));
#3753 = DIRECTION('',(0.,0.,-1.));
#3754 = ADVANCED_FACE('',(#3755),#3780,.F.);
#3755 = FACE_BOUND('',#3756,.T.);
#3756 = EDGE_LOOP('',(#3757,#3765,#3766,#3774));
#3757 = ORIENTED_EDGE('',*,*,#3758,.T.);
#3758 = EDGE_CURVE('',#3759,#3728,#3761,.T.);
#3759 = VERTEX_POINT('',#3760);
#3760 = CARTESIAN_POINT('',(-5.75,4.505,0.));
#3761 = LINE('',#3762,#3763);
#3762 = CARTESIAN_POINT('',(-6.25,4.505,0.));
#3763 = VECTOR('',#3764,1.);
#3764 = DIRECTION('',(-1.,-0.,-0.));
#3765 = ORIENTED_EDGE('',*,*,#3744,.F.);
#3766 = ORIENTED_EDGE('',*,*,#3767,.F.);
#3767 = EDGE_CURVE('',#3768,#3737,#3770,.T.);
#3768 = VERTEX_POINT('',#3769);
#3769 = CARTESIAN_POINT('',(-5.75,4.505,5.));
#3770 = LINE('',#3771,#3772);
#3771 = CARTESIAN_POINT('',(-6.25,4.505,5.));
#3772 = VECTOR('',#3773,1.);
#3773 = DIRECTION('',(-1.,-0.,-0.));
#3774 = ORIENTED_EDGE('',*,*,#3775,.T.);
#3775 = EDGE_CURVE('',#3768,#3759,#3776,.T.);
#3776 = LINE('',#3777,#3778);
#3777 = CARTESIAN_POINT('',(-5.75,4.505,5.));
#3778 = VECTOR('',#3779,1.);
#3779 = DIRECTION('',(-0.,-0.,-1.));
#3780 = PLANE('',#3781);
#3781 = AXIS2_PLACEMENT_3D('',#3782,#3783,#3784);
#3782 = CARTESIAN_POINT('',(-6.25,4.505,5.));
#3783 = DIRECTION('',(0.,-1.,0.));
#3784 = DIRECTION('',(0.,-0.,-1.));
#3785 = ADVANCED_FACE('',(#3786),#3821,.F.);
#3786 = FACE_BOUND('',#3787,.T.);
#3787 = EDGE_LOOP('',(#3788,#3798,#3807,#3815));
#3788 = ORIENTED_EDGE('',*,*,#3789,.F.);
#3789 = EDGE_CURVE('',#3790,#3792,#3794,.T.);
#3790 = VERTEX_POINT('',#3791);
#3791 = CARTESIAN_POINT('',(-6.25,-1.653312395178,5.));
#3792 = VERTEX_POINT('',#3793);
#3793 = CARTESIAN_POINT('',(-6.25,-4.495,5.));
#3794 = LINE('',#3795,#3796);
#3795 = CARTESIAN_POINT('',(-6.25,-4.495,5.));
#3796 = VECTOR('',#3797,1.);
#3797 = DIRECTION('',(-0.,-1.,-0.));
#3798 = ORIENTED_EDGE('',*,*,#3799,.T.);
#3799 = EDGE_CURVE('',#3790,#3800,#3802,.T.);
#3800 = VERTEX_POINT('',#3801);
#3801 = CARTESIAN_POINT('',(-6.25,-1.653312395178,0.));
#3802 = CIRCLE('',#3803,3.);
#3803 = AXIS2_PLACEMENT_3D('',#3804,#3805,#3806);
#3804 = CARTESIAN_POINT('',(-6.25,5.E-03,2.5));
#3805 = DIRECTION('',(1.,0.,0.));
#3806 = DIRECTION('',(0.,0.,-1.));
#3807 = ORIENTED_EDGE('',*,*,#3808,.T.);
#3808 = EDGE_CURVE('',#3800,#3809,#3811,.T.);
#3809 = VERTEX_POINT('',#3810);
#3810 = CARTESIAN_POINT('',(-6.25,-4.495,0.));
#3811 = LINE('',#3812,#3813);
#3812 = CARTESIAN_POINT('',(-6.25,-4.495,0.));
#3813 = VECTOR('',#3814,1.);
#3814 = DIRECTION('',(-0.,-1.,-0.));
#3815 = ORIENTED_EDGE('',*,*,#3816,.F.);
#3816 = EDGE_CURVE('',#3792,#3809,#3817,.T.);
#3817 = LINE('',#3818,#3819);
#3818 = CARTESIAN_POINT('',(-6.25,-4.495,5.));
#3819 = VECTOR('',#3820,1.);
#3820 = DIRECTION('',(-0.,-0.,-1.));
#3821 = PLANE('',#3822);
#3822 = AXIS2_PLACEMENT_3D('',#3823,#3824,#3825);
#3823 = CARTESIAN_POINT('',(-6.25,-4.495,5.));
#3824 = DIRECTION('',(1.,0.,0.));
#3825 = DIRECTION('',(0.,0.,-1.));
#3826 = ADVANCED_FACE('',(#3827),#3852,.F.);
#3827 = FACE_BOUND('',#3828,.T.);
#3828 = EDGE_LOOP('',(#3829,#3837,#3845,#3851));
#3829 = ORIENTED_EDGE('',*,*,#3830,.T.);
#3830 = EDGE_CURVE('',#3809,#3831,#3833,.T.);
#3831 = VERTEX_POINT('',#3832);
#3832 = CARTESIAN_POINT('',(-5.75,-4.495,0.));
#3833 = LINE('',#3834,#3835);
#3834 = CARTESIAN_POINT('',(-6.25,-4.495,0.));
#3835 = VECTOR('',#3836,1.);
#3836 = DIRECTION('',(1.,0.,0.));
#3837 = ORIENTED_EDGE('',*,*,#3838,.F.);
#3838 = EDGE_CURVE('',#3839,#3831,#3841,.T.);
#3839 = VERTEX_POINT('',#3840);
#3840 = CARTESIAN_POINT('',(-5.75,-4.495,5.));
#3841 = LINE('',#3842,#3843);
#3842 = CARTESIAN_POINT('',(-5.75,-4.495,5.));
#3843 = VECTOR('',#3844,1.);
#3844 = DIRECTION('',(-0.,-0.,-1.));
#3845 = ORIENTED_EDGE('',*,*,#3846,.F.);
#3846 = EDGE_CURVE('',#3792,#3839,#3847,.T.);
#3847 = LINE('',#3848,#3849);
#3848 = CARTESIAN_POINT('',(-6.25,-4.495,5.));
#3849 = VECTOR('',#3850,1.);
#3850 = DIRECTION('',(1.,0.,0.));
#3851 = ORIENTED_EDGE('',*,*,#3816,.T.);
#3852 = PLANE('',#3853);
#3853 = AXIS2_PLACEMENT_3D('',#3854,#3855,#3856);
#3854 = CARTESIAN_POINT('',(-6.25,-4.495,5.));
#3855 = DIRECTION('',(0.,1.,0.));
#3856 = DIRECTION('',(0.,-0.,1.));
#3857 = ADVANCED_FACE('',(#3858),#3874,.F.);
#3858 = FACE_BOUND('',#3859,.T.);
#3859 = EDGE_LOOP('',(#3860,#3866,#3867,#3873));
#3860 = ORIENTED_EDGE('',*,*,#3861,.T.);
#3861 = EDGE_CURVE('',#3831,#1073,#3862,.T.);
#3862 = LINE('',#3863,#3864);
#3863 = CARTESIAN_POINT('',(-5.75,-4.495,0.));
#3864 = VECTOR('',#3865,1.);
#3865 = DIRECTION('',(0.,-1.,0.));
#3866 = ORIENTED_EDGE('',*,*,#1072,.F.);
#3867 = ORIENTED_EDGE('',*,*,#3868,.F.);
#3868 = EDGE_CURVE('',#3839,#1065,#3869,.T.);
#3869 = LINE('',#3870,#3871);
#3870 = CARTESIAN_POINT('',(-5.75,-4.495,5.));
#3871 = VECTOR('',#3872,1.);
#3872 = DIRECTION('',(0.,-1.,0.));
#3873 = ORIENTED_EDGE('',*,*,#3838,.T.);
#3874 = PLANE('',#3875);
#3875 = AXIS2_PLACEMENT_3D('',#3876,#3877,#3878);
#3876 = CARTESIAN_POINT('',(-5.75,-4.495,5.));
#3877 = DIRECTION('',(1.,0.,-0.));
#3878 = DIRECTION('',(-0.,0.,-1.));
#3879 = ADVANCED_FACE('',(#3880,#3914),#3939,.F.);
#3880 = FACE_BOUND('',#3881,.T.);
#3881 = EDGE_LOOP('',(#3882,#3892,#3900,#3908));
#3882 = ORIENTED_EDGE('',*,*,#3883,.F.);
#3883 = EDGE_CURVE('',#3884,#3886,#3888,.T.);
#3884 = VERTEX_POINT('',#3885);
#3885 = CARTESIAN_POINT('',(5.15,-5.495,4.5));
#3886 = VERTEX_POINT('',#3887);
#3887 = CARTESIAN_POINT('',(5.15,-5.495,0.5));
#3888 = LINE('',#3889,#3890);
#3889 = CARTESIAN_POINT('',(5.15,-5.495,0.5));
#3890 = VECTOR('',#3891,1.);
#3891 = DIRECTION('',(-0.,-0.,-1.));
#3892 = ORIENTED_EDGE('',*,*,#3893,.F.);
#3893 = EDGE_CURVE('',#3894,#3884,#3896,.T.);
#3894 = VERTEX_POINT('',#3895);
#3895 = CARTESIAN_POINT('',(5.15,5.505,4.5));
#3896 = LINE('',#3897,#3898);
#3897 = CARTESIAN_POINT('',(5.15,5.505,4.5));
#3898 = VECTOR('',#3899,1.);
#3899 = DIRECTION('',(0.,-1.,0.));
#3900 = ORIENTED_EDGE('',*,*,#3901,.F.);
#3901 = EDGE_CURVE('',#3902,#3894,#3904,.T.);
#3902 = VERTEX_POINT('',#3903);
#3903 = CARTESIAN_POINT('',(5.15,5.505,0.5));
#3904 = LINE('',#3905,#3906);
#3905 = CARTESIAN_POINT('',(5.15,5.505,0.5));
#3906 = VECTOR('',#3907,1.);
#3907 = DIRECTION('',(0.,0.,1.));
#3908 = ORIENTED_EDGE('',*,*,#3909,.F.);
#3909 = EDGE_CURVE('',#3886,#3902,#3910,.T.);
#3910 = LINE('',#3911,#3912);
#3911 = CARTESIAN_POINT('',(5.15,5.505,0.5));
#3912 = VECTOR('',#3913,1.);
#3913 = DIRECTION('',(-0.,1.,-0.));
#3914 = FACE_BOUND('',#3915,.T.);
#3915 = EDGE_LOOP('',(#3916,#3924,#3932,#3938));
#3916 = ORIENTED_EDGE('',*,*,#3917,.T.);
#3917 = EDGE_CURVE('',#1081,#3918,#3920,.T.);
#3918 = VERTEX_POINT('',#3919);
#3919 = CARTESIAN_POINT('',(5.15,6.005,0.));
#3920 = LINE('',#3921,#3922);
#3921 = CARTESIAN_POINT('',(5.15,6.005,0.));
#3922 = VECTOR('',#3923,1.);
#3923 = DIRECTION('',(-0.,1.,-0.));
#3924 = ORIENTED_EDGE('',*,*,#3925,.F.);
#3925 = EDGE_CURVE('',#3926,#3918,#3928,.T.);
#3926 = VERTEX_POINT('',#3927);
#3927 = CARTESIAN_POINT('',(5.15,6.005,5.));
#3928 = LINE('',#3929,#3930);
#3929 = CARTESIAN_POINT('',(5.15,6.005,5.));
#3930 = VECTOR('',#3931,1.);
#3931 = DIRECTION('',(-0.,-0.,-1.));
#3932 = ORIENTED_EDGE('',*,*,#3933,.F.);
#3933 = EDGE_CURVE('',#1089,#3926,#3934,.T.);
#3934 = LINE('',#3935,#3936);
#3935 = CARTESIAN_POINT('',(5.15,6.005,5.));
#3936 = VECTOR('',#3937,1.);
#3937 = DIRECTION('',(-0.,1.,-0.));
#3938 = ORIENTED_EDGE('',*,*,#1088,.T.);
#3939 = PLANE('',#3940);
#3940 = AXIS2_PLACEMENT_3D('',#3941,#3942,#3943);
#3941 = CARTESIAN_POINT('',(5.15,6.005,5.));
#3942 = DIRECTION('',(-1.,0.,0.));
#3943 = DIRECTION('',(0.,0.,1.));
#3944 = ADVANCED_FACE('',(#3945),#4002,.F.);
#3945 = FACE_BOUND('',#3946,.T.);
#3946 = EDGE_LOOP('',(#3947,#3957,#3965,#3973,#3981,#3987,#3988,#3996));
#3947 = ORIENTED_EDGE('',*,*,#3948,.F.);
#3948 = EDGE_CURVE('',#3949,#3951,#3953,.T.);
#3949 = VERTEX_POINT('',#3950);
#3950 = CARTESIAN_POINT('',(3.25,6.005,5.));
#3951 = VERTEX_POINT('',#3952);
#3952 = CARTESIAN_POINT('',(-5.75,6.005,5.));
#3953 = LINE('',#3954,#3955);
#3954 = CARTESIAN_POINT('',(-5.75,6.005,5.));
#3955 = VECTOR('',#3956,1.);
#3956 = DIRECTION('',(-1.,-0.,-0.));
#3957 = ORIENTED_EDGE('',*,*,#3958,.F.);
#3958 = EDGE_CURVE('',#3959,#3949,#3961,.T.);
#3959 = VERTEX_POINT('',#3960);
#3960 = CARTESIAN_POINT('',(3.25,6.005,1.));
#3961 = LINE('',#3962,#3963);
#3962 = CARTESIAN_POINT('',(3.25,6.005,1.));
#3963 = VECTOR('',#3964,1.);
#3964 = DIRECTION('',(-0.,-0.,1.));
#3965 = ORIENTED_EDGE('',*,*,#3966,.F.);
#3966 = EDGE_CURVE('',#3967,#3959,#3969,.T.);
#3967 = VERTEX_POINT('',#3968);
#3968 = CARTESIAN_POINT('',(4.35,6.005,1.));
#3969 = LINE('',#3970,#3971);
#3970 = CARTESIAN_POINT('',(3.25,6.005,1.));
#3971 = VECTOR('',#3972,1.);
#3972 = DIRECTION('',(-1.,-0.,-0.));
#3973 = ORIENTED_EDGE('',*,*,#3974,.T.);
#3974 = EDGE_CURVE('',#3967,#3975,#3977,.T.);
#3975 = VERTEX_POINT('',#3976);
#3976 = CARTESIAN_POINT('',(4.35,6.005,5.));
#3977 = LINE('',#3978,#3979);
#3978 = CARTESIAN_POINT('',(4.35,6.005,1.));
#3979 = VECTOR('',#3980,1.);
#3980 = DIRECTION('',(-0.,-0.,1.));
#3981 = ORIENTED_EDGE('',*,*,#3982,.F.);
#3982 = EDGE_CURVE('',#3926,#3975,#3983,.T.);
#3983 = LINE('',#3984,#3985);
#3984 = CARTESIAN_POINT('',(-5.75,6.005,5.));
#3985 = VECTOR('',#3986,1.);
#3986 = DIRECTION('',(-1.,-0.,-0.));
#3987 = ORIENTED_EDGE('',*,*,#3925,.T.);
#3988 = ORIENTED_EDGE('',*,*,#3989,.T.);
#3989 = EDGE_CURVE('',#3918,#3990,#3992,.T.);
#3990 = VERTEX_POINT('',#3991);
#3991 = CARTESIAN_POINT('',(-5.75,6.005,0.));
#3992 = LINE('',#3993,#3994);
#3993 = CARTESIAN_POINT('',(-5.75,6.005,0.));
#3994 = VECTOR('',#3995,1.);
#3995 = DIRECTION('',(-1.,-0.,-0.));
#3996 = ORIENTED_EDGE('',*,*,#3997,.F.);
#3997 = EDGE_CURVE('',#3951,#3990,#3998,.T.);
#3998 = LINE('',#3999,#4000);
#3999 = CARTESIAN_POINT('',(-5.75,6.005,5.));
#4000 = VECTOR('',#4001,1.);
#4001 = DIRECTION('',(-0.,-0.,-1.));
#4002 = PLANE('',#4003);
#4003 = AXIS2_PLACEMENT_3D('',#4004,#4005,#4006);
#4004 = CARTESIAN_POINT('',(-5.75,6.005,5.));
#4005 = DIRECTION('',(0.,-1.,0.));
#4006 = DIRECTION('',(0.,-0.,-1.));
#4007 = ADVANCED_FACE('',(#4008),#4024,.F.);
#4008 = FACE_BOUND('',#4009,.T.);
#4009 = EDGE_LOOP('',(#4010,#4016,#4017,#4023));
#4010 = ORIENTED_EDGE('',*,*,#4011,.T.);
#4011 = EDGE_CURVE('',#3990,#3759,#4012,.T.);
#4012 = LINE('',#4013,#4014);
#4013 = CARTESIAN_POINT('',(-5.75,4.505,0.));
#4014 = VECTOR('',#4015,1.);
#4015 = DIRECTION('',(-0.,-1.,-0.));
#4016 = ORIENTED_EDGE('',*,*,#3775,.F.);
#4017 = ORIENTED_EDGE('',*,*,#4018,.F.);
#4018 = EDGE_CURVE('',#3951,#3768,#4019,.T.);
#4019 = LINE('',#4020,#4021);
#4020 = CARTESIAN_POINT('',(-5.75,4.505,5.));
#4021 = VECTOR('',#4022,1.);
#4022 = DIRECTION('',(-0.,-1.,-0.));
#4023 = ORIENTED_EDGE('',*,*,#3997,.T.);
#4024 = PLANE('',#4025);
#4025 = AXIS2_PLACEMENT_3D('',#4026,#4027,#4028);
#4026 = CARTESIAN_POINT('',(-5.75,4.505,5.));
#4027 = DIRECTION('',(1.,0.,0.));
#4028 = DIRECTION('',(0.,0.,-1.));
#4029 = ADVANCED_FACE('',(#4030,#4134,#4168,#4202,#4236,#4270,#4286,
    #4302,#4318,#4334,#4350,#4366,#4382,#4398,#4414,#4430,#4446,#4462,
    #4478,#4494,#4510,#4526,#4542,#4558,#4574,#4608),#4624,.T.);
#4030 = FACE_BOUND('',#4031,.T.);
#4031 = EDGE_LOOP('',(#4032,#4040,#4048,#4056,#4064,#4072,#4078,#4079,
    #4080,#4081,#4082,#4090,#4098,#4104,#4105,#4106,#4107,#4115,#4123,
    #4129,#4130,#4131,#4132,#4133));
#4032 = ORIENTED_EDGE('',*,*,#4033,.F.);
#4033 = EDGE_CURVE('',#4034,#502,#4036,.T.);
#4034 = VERTEX_POINT('',#4035);
#4035 = CARTESIAN_POINT('',(-5.75,3.005,5.));
#4036 = LINE('',#4037,#4038);
#4037 = CARTESIAN_POINT('',(-5.75,-2.995,5.));
#4038 = VECTOR('',#4039,1.);
#4039 = DIRECTION('',(-0.,-1.,-0.));
#4040 = ORIENTED_EDGE('',*,*,#4041,.F.);
#4041 = EDGE_CURVE('',#4042,#4034,#4044,.T.);
#4042 = VERTEX_POINT('',#4043);
#4043 = CARTESIAN_POINT('',(-3.75,3.005,5.));
#4044 = LINE('',#4045,#4046);
#4045 = CARTESIAN_POINT('',(-5.75,3.005,5.));
#4046 = VECTOR('',#4047,1.);
#4047 = DIRECTION('',(-1.,-0.,-0.));
#4048 = ORIENTED_EDGE('',*,*,#4049,.F.);
#4049 = EDGE_CURVE('',#4050,#4042,#4052,.T.);
#4050 = VERTEX_POINT('',#4051);
#4051 = CARTESIAN_POINT('',(-3.75,-2.995,5.));
#4052 = LINE('',#4053,#4054);
#4053 = CARTESIAN_POINT('',(-3.75,-2.995,5.));
#4054 = VECTOR('',#4055,1.);
#4055 = DIRECTION('',(0.,1.,0.));
#4056 = ORIENTED_EDGE('',*,*,#4057,.F.);
#4057 = EDGE_CURVE('',#4058,#4050,#4060,.T.);
#4058 = VERTEX_POINT('',#4059);
#4059 = CARTESIAN_POINT('',(-5.75,-2.995,5.));
#4060 = LINE('',#4061,#4062);
#4061 = CARTESIAN_POINT('',(-5.75,-2.995,5.));
#4062 = VECTOR('',#4063,1.);
#4063 = DIRECTION('',(1.,0.,0.));
#4064 = ORIENTED_EDGE('',*,*,#4065,.F.);
#4065 = EDGE_CURVE('',#4066,#4058,#4068,.T.);
#4066 = VERTEX_POINT('',#4067);
#4067 = CARTESIAN_POINT('',(-5.75,-1.653312395178,5.));
#4068 = LINE('',#4069,#4070);
#4069 = CARTESIAN_POINT('',(-5.75,-2.995,5.));
#4070 = VECTOR('',#4071,1.);
#4071 = DIRECTION('',(-0.,-1.,-0.));
#4072 = ORIENTED_EDGE('',*,*,#4073,.F.);
#4073 = EDGE_CURVE('',#3790,#4066,#4074,.T.);
#4074 = LINE('',#4075,#4076);
#4075 = CARTESIAN_POINT('',(-5.75,-1.653312395178,5.));
#4076 = VECTOR('',#4077,1.);
#4077 = DIRECTION('',(1.,-0.,-0.));
#4078 = ORIENTED_EDGE('',*,*,#3789,.T.);
#4079 = ORIENTED_EDGE('',*,*,#3846,.T.);
#4080 = ORIENTED_EDGE('',*,*,#3868,.T.);
#4081 = ORIENTED_EDGE('',*,*,#1064,.T.);
#4082 = ORIENTED_EDGE('',*,*,#4083,.F.);
#4083 = EDGE_CURVE('',#4084,#1057,#4086,.T.);
#4084 = VERTEX_POINT('',#4085);
#4085 = CARTESIAN_POINT('',(3.25,-5.195,5.));
#4086 = LINE('',#4087,#4088);
#4087 = CARTESIAN_POINT('',(3.25,-5.995,5.));
#4088 = VECTOR('',#4089,1.);
#4089 = DIRECTION('',(2.168404344971E-15,-1.,-0.));
#4090 = ORIENTED_EDGE('',*,*,#4091,.F.);
#4091 = EDGE_CURVE('',#4092,#4084,#4094,.T.);
#4092 = VERTEX_POINT('',#4093);
#4093 = CARTESIAN_POINT('',(4.35,-5.195,5.));
#4094 = LINE('',#4095,#4096);
#4095 = CARTESIAN_POINT('',(3.25,-5.195,5.));
#4096 = VECTOR('',#4097,1.);
#4097 = DIRECTION('',(-1.,-0.,-0.));
#4098 = ORIENTED_EDGE('',*,*,#4099,.F.);
#4099 = EDGE_CURVE('',#1097,#4092,#4100,.T.);
#4100 = LINE('',#4101,#4102);
#4101 = CARTESIAN_POINT('',(4.35,-5.995,5.));
#4102 = VECTOR('',#4103,1.);
#4103 = DIRECTION('',(0.,1.,0.));
#4104 = ORIENTED_EDGE('',*,*,#1096,.T.);
#4105 = ORIENTED_EDGE('',*,*,#3933,.T.);
#4106 = ORIENTED_EDGE('',*,*,#3982,.T.);
#4107 = ORIENTED_EDGE('',*,*,#4108,.F.);
#4108 = EDGE_CURVE('',#4109,#3975,#4111,.T.);
#4109 = VERTEX_POINT('',#4110);
#4110 = CARTESIAN_POINT('',(4.35,5.205,5.));
#4111 = LINE('',#4112,#4113);
#4112 = CARTESIAN_POINT('',(4.35,6.005,5.));
#4113 = VECTOR('',#4114,1.);
#4114 = DIRECTION('',(-0.,1.,-0.));
#4115 = ORIENTED_EDGE('',*,*,#4116,.F.);
#4116 = EDGE_CURVE('',#4117,#4109,#4119,.T.);
#4117 = VERTEX_POINT('',#4118);
#4118 = CARTESIAN_POINT('',(3.25,5.205,5.));
#4119 = LINE('',#4120,#4121);
#4120 = CARTESIAN_POINT('',(3.25,5.205,5.));
#4121 = VECTOR('',#4122,1.);
#4122 = DIRECTION('',(1.,0.,0.));
#4123 = ORIENTED_EDGE('',*,*,#4124,.F.);
#4124 = EDGE_CURVE('',#3949,#4117,#4125,.T.);
#4125 = LINE('',#4126,#4127);
#4126 = CARTESIAN_POINT('',(3.25,6.005,5.));
#4127 = VECTOR('',#4128,1.);
#4128 = DIRECTION('',(0.,-1.,0.));
#4129 = ORIENTED_EDGE('',*,*,#3948,.T.);
#4130 = ORIENTED_EDGE('',*,*,#4018,.T.);
#4131 = ORIENTED_EDGE('',*,*,#3767,.T.);
#4132 = ORIENTED_EDGE('',*,*,#3736,.T.);
#4133 = ORIENTED_EDGE('',*,*,#510,.F.);
#4134 = FACE_BOUND('',#4135,.T.);
#4135 = EDGE_LOOP('',(#4136,#4146,#4154,#4162));
#4136 = ORIENTED_EDGE('',*,*,#4137,.F.);
#4137 = EDGE_CURVE('',#4138,#4140,#4142,.T.);
#4138 = VERTEX_POINT('',#4139);
#4139 = CARTESIAN_POINT('',(1.596604217864,-4.695557370188,5.));
#4140 = VERTEX_POINT('',#4141);
#4141 = CARTESIAN_POINT('',(1.596604217864,-5.001724423047,5.));
#4142 = LINE('',#4143,#4144);
#4143 = CARTESIAN_POINT('',(1.596604217864,-5.001724423047,5.));
#4144 = VECTOR('',#4145,1.);
#4145 = DIRECTION('',(-0.,-1.,-0.));
#4146 = ORIENTED_EDGE('',*,*,#4147,.F.);
#4147 = EDGE_CURVE('',#4148,#4138,#4150,.T.);
#4148 = VERTEX_POINT('',#4149);
#4149 = CARTESIAN_POINT('',(2.155691879605,-4.695557370188,5.));
#4150 = LINE('',#4151,#4152);
#4151 = CARTESIAN_POINT('',(1.596604217864,-4.695557370188,5.));
#4152 = VECTOR('',#4153,1.);
#4153 = DIRECTION('',(-1.,-0.,-0.));
#4154 = ORIENTED_EDGE('',*,*,#4155,.F.);
#4155 = EDGE_CURVE('',#4156,#4148,#4158,.T.);
#4156 = VERTEX_POINT('',#4157);
#4157 = CARTESIAN_POINT('',(2.155691879605,-5.001724423047,5.));
#4158 = LINE('',#4159,#4160);
#4159 = CARTESIAN_POINT('',(2.155691879605,-5.001724423047,5.));
#4160 = VECTOR('',#4161,1.);
#4161 = DIRECTION('',(0.,1.,0.));
#4162 = ORIENTED_EDGE('',*,*,#4163,.F.);
#4163 = EDGE_CURVE('',#4140,#4156,#4164,.T.);
#4164 = LINE('',#4165,#4166);
#4165 = CARTESIAN_POINT('',(1.596604217864,-5.001724423047,5.));
#4166 = VECTOR('',#4167,1.);
#4167 = DIRECTION('',(1.,0.,0.));
#4168 = FACE_BOUND('',#4169,.T.);
#4169 = EDGE_LOOP('',(#4170,#4180,#4188,#4196));
#4170 = ORIENTED_EDGE('',*,*,#4171,.F.);
#4171 = EDGE_CURVE('',#4172,#4174,#4176,.T.);
#4172 = VERTEX_POINT('',#4173);
#4173 = CARTESIAN_POINT('',(2.555040209421,-2.818620220056,5.));
#4174 = VERTEX_POINT('',#4175);
#4175 = CARTESIAN_POINT('',(2.555040209421,-3.297838215835,5.));
#4176 = LINE('',#4177,#4178);
#4177 = CARTESIAN_POINT('',(2.555040209421,-3.297838215835,5.));
#4178 = VECTOR('',#4179,1.);
#4179 = DIRECTION('',(-0.,-1.,-0.));
#4180 = ORIENTED_EDGE('',*,*,#4181,.F.);
#4181 = EDGE_CURVE('',#4182,#4172,#4184,.T.);
#4182 = VERTEX_POINT('',#4183);
#4183 = CARTESIAN_POINT('',(3.340425258058,-2.818620220056,5.));
#4184 = LINE('',#4185,#4186);
#4185 = CARTESIAN_POINT('',(2.555040209421,-2.818620220056,5.));
#4186 = VECTOR('',#4187,1.);
#4187 = DIRECTION('',(-1.,-0.,-0.));
#4188 = ORIENTED_EDGE('',*,*,#4189,.F.);
#4189 = EDGE_CURVE('',#4190,#4182,#4192,.T.);
#4190 = VERTEX_POINT('',#4191);
#4191 = CARTESIAN_POINT('',(3.340425258058,-3.297838215835,5.));
#4192 = LINE('',#4193,#4194);
#4193 = CARTESIAN_POINT('',(3.340425258058,-3.297838215835,5.));
#4194 = VECTOR('',#4195,1.);
#4195 = DIRECTION('',(0.,1.,0.));
#4196 = ORIENTED_EDGE('',*,*,#4197,.F.);
#4197 = EDGE_CURVE('',#4174,#4190,#4198,.T.);
#4198 = LINE('',#4199,#4200);
#4199 = CARTESIAN_POINT('',(2.555040209421,-3.297838215835,5.));
#4200 = VECTOR('',#4201,1.);
#4201 = DIRECTION('',(1.,0.,0.));
#4202 = FACE_BOUND('',#4203,.T.);
#4203 = EDGE_LOOP('',(#4204,#4214,#4222,#4230));
#4204 = ORIENTED_EDGE('',*,*,#4205,.F.);
#4205 = EDGE_CURVE('',#4206,#4208,#4210,.T.);
#4206 = VERTEX_POINT('',#4207);
#4207 = CARTESIAN_POINT('',(3.340425258058,3.307838215835,5.));
#4208 = VERTEX_POINT('',#4209);
#4209 = CARTESIAN_POINT('',(2.555040209421,3.307838215835,5.));
#4210 = LINE('',#4211,#4212);
#4211 = CARTESIAN_POINT('',(2.555040209421,3.307838215835,5.));
#4212 = VECTOR('',#4213,1.);
#4213 = DIRECTION('',(-1.,-0.,-0.));
#4214 = ORIENTED_EDGE('',*,*,#4215,.F.);
#4215 = EDGE_CURVE('',#4216,#4206,#4218,.T.);
#4216 = VERTEX_POINT('',#4217);
#4217 = CARTESIAN_POINT('',(3.340425258058,2.828620220056,5.));
#4218 = LINE('',#4219,#4220);
#4219 = CARTESIAN_POINT('',(3.340425258058,3.307838215835,5.));
#4220 = VECTOR('',#4221,1.);
#4221 = DIRECTION('',(-0.,1.,-0.));
#4222 = ORIENTED_EDGE('',*,*,#4223,.F.);
#4223 = EDGE_CURVE('',#4224,#4216,#4226,.T.);
#4224 = VERTEX_POINT('',#4225);
#4225 = CARTESIAN_POINT('',(2.555040209421,2.828620220056,5.));
#4226 = LINE('',#4227,#4228);
#4227 = CARTESIAN_POINT('',(2.555040209421,2.828620220056,5.));
#4228 = VECTOR('',#4229,1.);
#4229 = DIRECTION('',(1.,0.,0.));
#4230 = ORIENTED_EDGE('',*,*,#4231,.F.);
#4231 = EDGE_CURVE('',#4208,#4224,#4232,.T.);
#4232 = LINE('',#4233,#4234);
#4233 = CARTESIAN_POINT('',(2.555040209421,3.307838215835,5.));
#4234 = VECTOR('',#4235,1.);
#4235 = DIRECTION('',(0.,-1.,0.));
#4236 = FACE_BOUND('',#4237,.T.);
#4237 = EDGE_LOOP('',(#4238,#4248,#4256,#4264));
#4238 = ORIENTED_EDGE('',*,*,#4239,.F.);
#4239 = EDGE_CURVE('',#4240,#4242,#4244,.T.);
#4240 = VERTEX_POINT('',#4241);
#4241 = CARTESIAN_POINT('',(2.155691879605,5.011724423047,5.));
#4242 = VERTEX_POINT('',#4243);
#4243 = CARTESIAN_POINT('',(1.596604217864,5.011724423047,5.));
#4244 = LINE('',#4245,#4246);
#4245 = CARTESIAN_POINT('',(1.596604217864,5.011724423047,5.));
#4246 = VECTOR('',#4247,1.);
#4247 = DIRECTION('',(-1.,-0.,-0.));
#4248 = ORIENTED_EDGE('',*,*,#4249,.F.);
#4249 = EDGE_CURVE('',#4250,#4240,#4252,.T.);
#4250 = VERTEX_POINT('',#4251);
#4251 = CARTESIAN_POINT('',(2.155691879605,4.705557370188,5.));
#4252 = LINE('',#4253,#4254);
#4253 = CARTESIAN_POINT('',(2.155691879605,5.011724423047,5.));
#4254 = VECTOR('',#4255,1.);
#4255 = DIRECTION('',(-0.,1.,-0.));
#4256 = ORIENTED_EDGE('',*,*,#4257,.F.);
#4257 = EDGE_CURVE('',#4258,#4250,#4260,.T.);
#4258 = VERTEX_POINT('',#4259);
#4259 = CARTESIAN_POINT('',(1.596604217864,4.705557370188,5.));
#4260 = LINE('',#4261,#4262);
#4261 = CARTESIAN_POINT('',(1.596604217864,4.705557370188,5.));
#4262 = VECTOR('',#4263,1.);
#4263 = DIRECTION('',(1.,0.,0.));
#4264 = ORIENTED_EDGE('',*,*,#4265,.F.);
#4265 = EDGE_CURVE('',#4242,#4258,#4266,.T.);
#4266 = LINE('',#4267,#4268);
#4267 = CARTESIAN_POINT('',(1.596604217864,5.011724423047,5.));
#4268 = VECTOR('',#4269,1.);
#4269 = DIRECTION('',(0.,-1.,0.));
#4270 = FACE_BOUND('',#4271,.T.);
#4271 = EDGE_LOOP('',(#4272,#4273,#4279,#4280));
#4272 = ORIENTED_EDGE('',*,*,#2233,.F.);
#4273 = ORIENTED_EDGE('',*,*,#4274,.T.);
#4274 = EDGE_CURVE('',#2226,#2250,#4275,.T.);
#4275 = LINE('',#4276,#4277);
#4276 = CARTESIAN_POINT('',(-2.25,2.785,5.));
#4277 = VECTOR('',#4278,1.);
#4278 = DIRECTION('',(1.,0.,0.));
#4279 = ORIENTED_EDGE('',*,*,#2273,.F.);
#4280 = ORIENTED_EDGE('',*,*,#4281,.T.);
#4281 = EDGE_CURVE('',#2266,#2210,#4282,.T.);
#4282 = LINE('',#4283,#4284);
#4283 = CARTESIAN_POINT('',(-2.25,2.635,5.));
#4284 = VECTOR('',#4285,1.);
#4285 = DIRECTION('',(-1.,-0.,-0.));
#4286 = FACE_BOUND('',#4287,.T.);
#4287 = EDGE_LOOP('',(#4288,#4289,#4295,#4296));
#4288 = ORIENTED_EDGE('',*,*,#2313,.F.);
#4289 = ORIENTED_EDGE('',*,*,#4290,.T.);
#4290 = EDGE_CURVE('',#2306,#2330,#4291,.T.);
#4291 = LINE('',#4292,#4293);
#4292 = CARTESIAN_POINT('',(-2.25,2.485,5.));
#4293 = VECTOR('',#4294,1.);
#4294 = DIRECTION('',(1.,0.,0.));
#4295 = ORIENTED_EDGE('',*,*,#2353,.F.);
#4296 = ORIENTED_EDGE('',*,*,#4297,.T.);
#4297 = EDGE_CURVE('',#2346,#2290,#4298,.T.);
#4298 = LINE('',#4299,#4300);
#4299 = CARTESIAN_POINT('',(-2.25,2.335,5.));
#4300 = VECTOR('',#4301,1.);
#4301 = DIRECTION('',(-1.,-0.,-0.));
#4302 = FACE_BOUND('',#4303,.T.);
#4303 = EDGE_LOOP('',(#4304,#4305,#4311,#4312));
#4304 = ORIENTED_EDGE('',*,*,#2393,.F.);
#4305 = ORIENTED_EDGE('',*,*,#4306,.T.);
#4306 = EDGE_CURVE('',#2386,#2410,#4307,.T.);
#4307 = LINE('',#4308,#4309);
#4308 = CARTESIAN_POINT('',(-2.25,2.185,5.));
#4309 = VECTOR('',#4310,1.);
#4310 = DIRECTION('',(1.,0.,0.));
#4311 = ORIENTED_EDGE('',*,*,#2433,.F.);
#4312 = ORIENTED_EDGE('',*,*,#4313,.T.);
#4313 = EDGE_CURVE('',#2426,#2370,#4314,.T.);
#4314 = LINE('',#4315,#4316);
#4315 = CARTESIAN_POINT('',(-2.25,2.035,5.));
#4316 = VECTOR('',#4317,1.);
#4317 = DIRECTION('',(-1.,-0.,-0.));
#4318 = FACE_BOUND('',#4319,.T.);
#4319 = EDGE_LOOP('',(#4320,#4321,#4327,#4328));
#4320 = ORIENTED_EDGE('',*,*,#2473,.F.);
#4321 = ORIENTED_EDGE('',*,*,#4322,.T.);
#4322 = EDGE_CURVE('',#2466,#2490,#4323,.T.);
#4323 = LINE('',#4324,#4325);
#4324 = CARTESIAN_POINT('',(-2.25,1.885,5.));
#4325 = VECTOR('',#4326,1.);
#4326 = DIRECTION('',(1.,0.,0.));
#4327 = ORIENTED_EDGE('',*,*,#2513,.F.);
#4328 = ORIENTED_EDGE('',*,*,#4329,.T.);
#4329 = EDGE_CURVE('',#2506,#2450,#4330,.T.);
#4330 = LINE('',#4331,#4332);
#4331 = CARTESIAN_POINT('',(-2.25,1.735,5.));
#4332 = VECTOR('',#4333,1.);
#4333 = DIRECTION('',(-1.,-0.,-0.));
#4334 = FACE_BOUND('',#4335,.T.);
#4335 = EDGE_LOOP('',(#4336,#4337,#4343,#4344));
#4336 = ORIENTED_EDGE('',*,*,#2553,.F.);
#4337 = ORIENTED_EDGE('',*,*,#4338,.T.);
#4338 = EDGE_CURVE('',#2546,#2570,#4339,.T.);
#4339 = LINE('',#4340,#4341);
#4340 = CARTESIAN_POINT('',(-2.25,1.585,5.));
#4341 = VECTOR('',#4342,1.);
#4342 = DIRECTION('',(1.,0.,0.));
#4343 = ORIENTED_EDGE('',*,*,#2593,.F.);
#4344 = ORIENTED_EDGE('',*,*,#4345,.T.);
#4345 = EDGE_CURVE('',#2586,#2530,#4346,.T.);
#4346 = LINE('',#4347,#4348);
#4347 = CARTESIAN_POINT('',(-2.25,1.435,5.));
#4348 = VECTOR('',#4349,1.);
#4349 = DIRECTION('',(-1.,-0.,-0.));
#4350 = FACE_BOUND('',#4351,.T.);
#4351 = EDGE_LOOP('',(#4352,#4353,#4359,#4360));
#4352 = ORIENTED_EDGE('',*,*,#2633,.F.);
#4353 = ORIENTED_EDGE('',*,*,#4354,.T.);
#4354 = EDGE_CURVE('',#2626,#2650,#4355,.T.);
#4355 = LINE('',#4356,#4357);
#4356 = CARTESIAN_POINT('',(-2.25,1.285,5.));
#4357 = VECTOR('',#4358,1.);
#4358 = DIRECTION('',(1.,0.,0.));
#4359 = ORIENTED_EDGE('',*,*,#2673,.F.);
#4360 = ORIENTED_EDGE('',*,*,#4361,.T.);
#4361 = EDGE_CURVE('',#2666,#2610,#4362,.T.);
#4362 = LINE('',#4363,#4364);
#4363 = CARTESIAN_POINT('',(-2.25,1.135,5.));
#4364 = VECTOR('',#4365,1.);
#4365 = DIRECTION('',(-1.,-0.,-0.));
#4366 = FACE_BOUND('',#4367,.T.);
#4367 = EDGE_LOOP('',(#4368,#4369,#4375,#4376));
#4368 = ORIENTED_EDGE('',*,*,#2713,.F.);
#4369 = ORIENTED_EDGE('',*,*,#4370,.T.);
#4370 = EDGE_CURVE('',#2706,#2730,#4371,.T.);
#4371 = LINE('',#4372,#4373);
#4372 = CARTESIAN_POINT('',(-2.25,0.985,5.));
#4373 = VECTOR('',#4374,1.);
#4374 = DIRECTION('',(1.,0.,0.));
#4375 = ORIENTED_EDGE('',*,*,#2753,.F.);
#4376 = ORIENTED_EDGE('',*,*,#4377,.T.);
#4377 = EDGE_CURVE('',#2746,#2690,#4378,.T.);
#4378 = LINE('',#4379,#4380);
#4379 = CARTESIAN_POINT('',(-2.25,0.835,5.));
#4380 = VECTOR('',#4381,1.);
#4381 = DIRECTION('',(-1.,-0.,-0.));
#4382 = FACE_BOUND('',#4383,.T.);
#4383 = EDGE_LOOP('',(#4384,#4385,#4391,#4392));
#4384 = ORIENTED_EDGE('',*,*,#2793,.F.);
#4385 = ORIENTED_EDGE('',*,*,#4386,.T.);
#4386 = EDGE_CURVE('',#2786,#2810,#4387,.T.);
#4387 = LINE('',#4388,#4389);
#4388 = CARTESIAN_POINT('',(-2.25,0.685,5.));
#4389 = VECTOR('',#4390,1.);
#4390 = DIRECTION('',(1.,0.,0.));
#4391 = ORIENTED_EDGE('',*,*,#2833,.F.);
#4392 = ORIENTED_EDGE('',*,*,#4393,.T.);
#4393 = EDGE_CURVE('',#2826,#2770,#4394,.T.);
#4394 = LINE('',#4395,#4396);
#4395 = CARTESIAN_POINT('',(-2.25,0.535,5.));
#4396 = VECTOR('',#4397,1.);
#4397 = DIRECTION('',(-1.,-0.,-0.));
#4398 = FACE_BOUND('',#4399,.T.);
#4399 = EDGE_LOOP('',(#4400,#4401,#4407,#4408));
#4400 = ORIENTED_EDGE('',*,*,#2873,.F.);
#4401 = ORIENTED_EDGE('',*,*,#4402,.T.);
#4402 = EDGE_CURVE('',#2866,#2890,#4403,.T.);
#4403 = LINE('',#4404,#4405);
#4404 = CARTESIAN_POINT('',(-2.25,0.385,5.));
#4405 = VECTOR('',#4406,1.);
#4406 = DIRECTION('',(1.,0.,0.));
#4407 = ORIENTED_EDGE('',*,*,#2913,.F.);
#4408 = ORIENTED_EDGE('',*,*,#4409,.T.);
#4409 = EDGE_CURVE('',#2906,#2850,#4410,.T.);
#4410 = LINE('',#4411,#4412);
#4411 = CARTESIAN_POINT('',(-2.25,0.235,5.));
#4412 = VECTOR('',#4413,1.);
#4413 = DIRECTION('',(-1.,-0.,-0.));
#4414 = FACE_BOUND('',#4415,.T.);
#4415 = EDGE_LOOP('',(#4416,#4417,#4423,#4424));
#4416 = ORIENTED_EDGE('',*,*,#2953,.F.);
#4417 = ORIENTED_EDGE('',*,*,#4418,.T.);
#4418 = EDGE_CURVE('',#2946,#2970,#4419,.T.);
#4419 = LINE('',#4420,#4421);
#4420 = CARTESIAN_POINT('',(-2.25,8.5E-02,5.));
#4421 = VECTOR('',#4422,1.);
#4422 = DIRECTION('',(1.,0.,0.));
#4423 = ORIENTED_EDGE('',*,*,#2993,.F.);
#4424 = ORIENTED_EDGE('',*,*,#4425,.T.);
#4425 = EDGE_CURVE('',#2986,#2930,#4426,.T.);
#4426 = LINE('',#4427,#4428);
#4427 = CARTESIAN_POINT('',(-2.25,-6.5E-02,5.));
#4428 = VECTOR('',#4429,1.);
#4429 = DIRECTION('',(-1.,-0.,-0.));
#4430 = FACE_BOUND('',#4431,.T.);
#4431 = EDGE_LOOP('',(#4432,#4433,#4439,#4440));
#4432 = ORIENTED_EDGE('',*,*,#3033,.F.);
#4433 = ORIENTED_EDGE('',*,*,#4434,.T.);
#4434 = EDGE_CURVE('',#3026,#3050,#4435,.T.);
#4435 = LINE('',#4436,#4437);
#4436 = CARTESIAN_POINT('',(-2.25,-0.215,5.));
#4437 = VECTOR('',#4438,1.);
#4438 = DIRECTION('',(1.,0.,0.));
#4439 = ORIENTED_EDGE('',*,*,#3073,.F.);
#4440 = ORIENTED_EDGE('',*,*,#4441,.T.);
#4441 = EDGE_CURVE('',#3066,#3010,#4442,.T.);
#4442 = LINE('',#4443,#4444);
#4443 = CARTESIAN_POINT('',(-2.25,-0.365,5.));
#4444 = VECTOR('',#4445,1.);
#4445 = DIRECTION('',(-1.,-0.,-0.));
#4446 = FACE_BOUND('',#4447,.T.);
#4447 = EDGE_LOOP('',(#4448,#4449,#4455,#4456));
#4448 = ORIENTED_EDGE('',*,*,#3113,.F.);
#4449 = ORIENTED_EDGE('',*,*,#4450,.T.);
#4450 = EDGE_CURVE('',#3106,#3130,#4451,.T.);
#4451 = LINE('',#4452,#4453);
#4452 = CARTESIAN_POINT('',(-2.25,-0.515,5.));
#4453 = VECTOR('',#4454,1.);
#4454 = DIRECTION('',(1.,0.,0.));
#4455 = ORIENTED_EDGE('',*,*,#3153,.F.);
#4456 = ORIENTED_EDGE('',*,*,#4457,.T.);
#4457 = EDGE_CURVE('',#3146,#3090,#4458,.T.);
#4458 = LINE('',#4459,#4460);
#4459 = CARTESIAN_POINT('',(-2.25,-0.665,5.));
#4460 = VECTOR('',#4461,1.);
#4461 = DIRECTION('',(-1.,-0.,-0.));
#4462 = FACE_BOUND('',#4463,.T.);
#4463 = EDGE_LOOP('',(#4464,#4465,#4471,#4472));
#4464 = ORIENTED_EDGE('',*,*,#3193,.F.);
#4465 = ORIENTED_EDGE('',*,*,#4466,.T.);
#4466 = EDGE_CURVE('',#3186,#3210,#4467,.T.);
#4467 = LINE('',#4468,#4469);
#4468 = CARTESIAN_POINT('',(-2.25,-0.815,5.));
#4469 = VECTOR('',#4470,1.);
#4470 = DIRECTION('',(1.,0.,0.));
#4471 = ORIENTED_EDGE('',*,*,#3233,.F.);
#4472 = ORIENTED_EDGE('',*,*,#4473,.T.);
#4473 = EDGE_CURVE('',#3226,#3170,#4474,.T.);
#4474 = LINE('',#4475,#4476);
#4475 = CARTESIAN_POINT('',(-2.25,-0.965,5.));
#4476 = VECTOR('',#4477,1.);
#4477 = DIRECTION('',(-1.,-0.,-0.));
#4478 = FACE_BOUND('',#4479,.T.);
#4479 = EDGE_LOOP('',(#4480,#4481,#4487,#4488));
#4480 = ORIENTED_EDGE('',*,*,#3273,.F.);
#4481 = ORIENTED_EDGE('',*,*,#4482,.T.);
#4482 = EDGE_CURVE('',#3266,#3290,#4483,.T.);
#4483 = LINE('',#4484,#4485);
#4484 = CARTESIAN_POINT('',(-2.25,-1.115,5.));
#4485 = VECTOR('',#4486,1.);
#4486 = DIRECTION('',(1.,0.,0.));
#4487 = ORIENTED_EDGE('',*,*,#3313,.F.);
#4488 = ORIENTED_EDGE('',*,*,#4489,.T.);
#4489 = EDGE_CURVE('',#3306,#3250,#4490,.T.);
#4490 = LINE('',#4491,#4492);
#4491 = CARTESIAN_POINT('',(-2.25,-1.265,5.));
#4492 = VECTOR('',#4493,1.);
#4493 = DIRECTION('',(-1.,-0.,-0.));
#4494 = FACE_BOUND('',#4495,.T.);
#4495 = EDGE_LOOP('',(#4496,#4497,#4503,#4504));
#4496 = ORIENTED_EDGE('',*,*,#3353,.F.);
#4497 = ORIENTED_EDGE('',*,*,#4498,.T.);
#4498 = EDGE_CURVE('',#3346,#3370,#4499,.T.);
#4499 = LINE('',#4500,#4501);
#4500 = CARTESIAN_POINT('',(-2.25,-1.415,5.));
#4501 = VECTOR('',#4502,1.);
#4502 = DIRECTION('',(1.,0.,0.));
#4503 = ORIENTED_EDGE('',*,*,#3393,.F.);
#4504 = ORIENTED_EDGE('',*,*,#4505,.T.);
#4505 = EDGE_CURVE('',#3386,#3330,#4506,.T.);
#4506 = LINE('',#4507,#4508);
#4507 = CARTESIAN_POINT('',(-2.25,-1.565,5.));
#4508 = VECTOR('',#4509,1.);
#4509 = DIRECTION('',(-1.,-0.,-0.));
#4510 = FACE_BOUND('',#4511,.T.);
#4511 = EDGE_LOOP('',(#4512,#4513,#4519,#4520));
#4512 = ORIENTED_EDGE('',*,*,#3433,.F.);
#4513 = ORIENTED_EDGE('',*,*,#4514,.T.);
#4514 = EDGE_CURVE('',#3426,#3450,#4515,.T.);
#4515 = LINE('',#4516,#4517);
#4516 = CARTESIAN_POINT('',(-2.25,-1.715,5.));
#4517 = VECTOR('',#4518,1.);
#4518 = DIRECTION('',(1.,0.,0.));
#4519 = ORIENTED_EDGE('',*,*,#3473,.F.);
#4520 = ORIENTED_EDGE('',*,*,#4521,.T.);
#4521 = EDGE_CURVE('',#3466,#3410,#4522,.T.);
#4522 = LINE('',#4523,#4524);
#4523 = CARTESIAN_POINT('',(-2.25,-1.865,5.));
#4524 = VECTOR('',#4525,1.);
#4525 = DIRECTION('',(-1.,-0.,-0.));
#4526 = FACE_BOUND('',#4527,.T.);
#4527 = EDGE_LOOP('',(#4528,#4529,#4535,#4536));
#4528 = ORIENTED_EDGE('',*,*,#3513,.F.);
#4529 = ORIENTED_EDGE('',*,*,#4530,.T.);
#4530 = EDGE_CURVE('',#3506,#3530,#4531,.T.);
#4531 = LINE('',#4532,#4533);
#4532 = CARTESIAN_POINT('',(-2.25,-2.015,5.));
#4533 = VECTOR('',#4534,1.);
#4534 = DIRECTION('',(1.,0.,0.));
#4535 = ORIENTED_EDGE('',*,*,#3553,.F.);
#4536 = ORIENTED_EDGE('',*,*,#4537,.T.);
#4537 = EDGE_CURVE('',#3546,#3490,#4538,.T.);
#4538 = LINE('',#4539,#4540);
#4539 = CARTESIAN_POINT('',(-2.25,-2.165,5.));
#4540 = VECTOR('',#4541,1.);
#4541 = DIRECTION('',(-1.,-0.,-0.));
#4542 = FACE_BOUND('',#4543,.T.);
#4543 = EDGE_LOOP('',(#4544,#4545,#4551,#4552));
#4544 = ORIENTED_EDGE('',*,*,#3593,.F.);
#4545 = ORIENTED_EDGE('',*,*,#4546,.T.);
#4546 = EDGE_CURVE('',#3586,#3610,#4547,.T.);
#4547 = LINE('',#4548,#4549);
#4548 = CARTESIAN_POINT('',(-2.25,-2.315,5.));
#4549 = VECTOR('',#4550,1.);
#4550 = DIRECTION('',(1.,0.,0.));
#4551 = ORIENTED_EDGE('',*,*,#3633,.F.);
#4552 = ORIENTED_EDGE('',*,*,#4553,.T.);
#4553 = EDGE_CURVE('',#3626,#3570,#4554,.T.);
#4554 = LINE('',#4555,#4556);
#4555 = CARTESIAN_POINT('',(-2.25,-2.465,5.));
#4556 = VECTOR('',#4557,1.);
#4557 = DIRECTION('',(-1.,-0.,-0.));
#4558 = FACE_BOUND('',#4559,.T.);
#4559 = EDGE_LOOP('',(#4560,#4561,#4567,#4568));
#4560 = ORIENTED_EDGE('',*,*,#3673,.F.);
#4561 = ORIENTED_EDGE('',*,*,#4562,.T.);
#4562 = EDGE_CURVE('',#3666,#3690,#4563,.T.);
#4563 = LINE('',#4564,#4565);
#4564 = CARTESIAN_POINT('',(-2.25,-2.615,5.));
#4565 = VECTOR('',#4566,1.);
#4566 = DIRECTION('',(1.,0.,0.));
#4567 = ORIENTED_EDGE('',*,*,#3713,.F.);
#4568 = ORIENTED_EDGE('',*,*,#4569,.T.);
#4569 = EDGE_CURVE('',#3706,#3650,#4570,.T.);
#4570 = LINE('',#4571,#4572);
#4571 = CARTESIAN_POINT('',(-2.25,-2.765,5.));
#4572 = VECTOR('',#4573,1.);
#4573 = DIRECTION('',(-1.,-0.,-0.));
#4574 = FACE_BOUND('',#4575,.T.);
#4575 = EDGE_LOOP('',(#4576,#4586,#4594,#4602));
#4576 = ORIENTED_EDGE('',*,*,#4577,.F.);
#4577 = EDGE_CURVE('',#4578,#4580,#4582,.T.);
#4578 = VERTEX_POINT('',#4579);
#4579 = CARTESIAN_POINT('',(-2.25,-2.915,5.));
#4580 = VERTEX_POINT('',#4581);
#4581 = CARTESIAN_POINT('',(-2.25,-2.995,5.));
#4582 = LINE('',#4583,#4584);
#4583 = CARTESIAN_POINT('',(-2.25,-2.995,5.));
#4584 = VECTOR('',#4585,1.);
#4585 = DIRECTION('',(-0.,-1.,-0.));
#4586 = ORIENTED_EDGE('',*,*,#4587,.T.);
#4587 = EDGE_CURVE('',#4578,#4588,#4590,.T.);
#4588 = VERTEX_POINT('',#4589);
#4589 = CARTESIAN_POINT('',(1.25,-2.915,5.));
#4590 = LINE('',#4591,#4592);
#4591 = CARTESIAN_POINT('',(-2.25,-2.915,5.));
#4592 = VECTOR('',#4593,1.);
#4593 = DIRECTION('',(1.,0.,0.));
#4594 = ORIENTED_EDGE('',*,*,#4595,.F.);
#4595 = EDGE_CURVE('',#4596,#4588,#4598,.T.);
#4596 = VERTEX_POINT('',#4597);
#4597 = CARTESIAN_POINT('',(1.25,-2.995,5.));
#4598 = LINE('',#4599,#4600);
#4599 = CARTESIAN_POINT('',(1.25,-2.995,5.));
#4600 = VECTOR('',#4601,1.);
#4601 = DIRECTION('',(0.,1.,0.));
#4602 = ORIENTED_EDGE('',*,*,#4603,.F.);
#4603 = EDGE_CURVE('',#4580,#4596,#4604,.T.);
#4604 = LINE('',#4605,#4606);
#4605 = CARTESIAN_POINT('',(-2.25,-2.995,5.));
#4606 = VECTOR('',#4607,1.);
#4607 = DIRECTION('',(1.,0.,0.));
#4608 = FACE_BOUND('',#4609,.T.);
#4609 = EDGE_LOOP('',(#4610,#4611,#4617,#4618));
#4610 = ORIENTED_EDGE('',*,*,#2153,.F.);
#4611 = ORIENTED_EDGE('',*,*,#4612,.F.);
#4612 = EDGE_CURVE('',#2170,#2146,#4613,.T.);
#4613 = LINE('',#4614,#4615);
#4614 = CARTESIAN_POINT('',(-2.25,3.005,5.));
#4615 = VECTOR('',#4616,1.);
#4616 = DIRECTION('',(-1.,-0.,-0.));
#4617 = ORIENTED_EDGE('',*,*,#2193,.F.);
#4618 = ORIENTED_EDGE('',*,*,#4619,.T.);
#4619 = EDGE_CURVE('',#2186,#2130,#4620,.T.);
#4620 = LINE('',#4621,#4622);
#4621 = CARTESIAN_POINT('',(-2.25,2.935,5.));
#4622 = VECTOR('',#4623,1.);
#4623 = DIRECTION('',(-1.,-0.,-0.));
#4624 = PLANE('',#4625);
#4625 = AXIS2_PLACEMENT_3D('',#4626,#4627,#4628);
#4626 = CARTESIAN_POINT('',(-6.25,5.E-03,5.));
#4627 = DIRECTION('',(0.,0.,1.));
#4628 = DIRECTION('',(1.,0.,-0.));
#4629 = ADVANCED_FACE('',(#4630,#4640,#4650,#4660,#4670,#4680,#4714,
    #4748,#4782,#4816,#4850),#4876,.F.);
#4630 = FACE_BOUND('',#4631,.T.);
#4631 = EDGE_LOOP('',(#4632,#4639));
#4632 = ORIENTED_EDGE('',*,*,#4633,.F.);
#4633 = EDGE_CURVE('',#241,#233,#4634,.T.);
#4634 = CIRCLE('',#4635,0.4);
#4635 = AXIS2_PLACEMENT_3D('',#4636,#4637,#4638);
#4636 = CARTESIAN_POINT('',(-4.75,-4.995,0.));
#4637 = DIRECTION('',(0.,0.,-1.));
#4638 = DIRECTION('',(1.,0.,0.));
#4639 = ORIENTED_EDGE('',*,*,#240,.F.);
#4640 = FACE_BOUND('',#4641,.T.);
#4641 = EDGE_LOOP('',(#4642,#4649));
#4642 = ORIENTED_EDGE('',*,*,#4643,.F.);
#4643 = EDGE_CURVE('',#273,#265,#4644,.T.);
#4644 = CIRCLE('',#4645,0.4);
#4645 = AXIS2_PLACEMENT_3D('',#4646,#4647,#4648);
#4646 = CARTESIAN_POINT('',(-2.25,-4.995,0.));
#4647 = DIRECTION('',(0.,0.,-1.));
#4648 = DIRECTION('',(1.,0.,0.));
#4649 = ORIENTED_EDGE('',*,*,#272,.F.);
#4650 = FACE_BOUND('',#4651,.T.);
#4651 = EDGE_LOOP('',(#4652,#4659));
#4652 = ORIENTED_EDGE('',*,*,#4653,.F.);
#4653 = EDGE_CURVE('',#305,#297,#4654,.T.);
#4654 = CIRCLE('',#4655,0.4);
#4655 = AXIS2_PLACEMENT_3D('',#4656,#4657,#4658);
#4656 = CARTESIAN_POINT('',(2.65,5.E-03,0.));
#4657 = DIRECTION('',(0.,0.,-1.));
#4658 = DIRECTION('',(1.,0.,0.));
#4659 = ORIENTED_EDGE('',*,*,#304,.F.);
#4660 = FACE_BOUND('',#4661,.T.);
#4661 = EDGE_LOOP('',(#4662,#4669));
#4662 = ORIENTED_EDGE('',*,*,#4663,.F.);
#4663 = EDGE_CURVE('',#337,#329,#4664,.T.);
#4664 = CIRCLE('',#4665,0.4);
#4665 = AXIS2_PLACEMENT_3D('',#4666,#4667,#4668);
#4666 = CARTESIAN_POINT('',(-2.25,5.005,0.));
#4667 = DIRECTION('',(0.,0.,-1.));
#4668 = DIRECTION('',(1.,0.,0.));
#4669 = ORIENTED_EDGE('',*,*,#336,.F.);
#4670 = FACE_BOUND('',#4671,.T.);
#4671 = EDGE_LOOP('',(#4672,#4679));
#4672 = ORIENTED_EDGE('',*,*,#4673,.F.);
#4673 = EDGE_CURVE('',#369,#361,#4674,.T.);
#4674 = CIRCLE('',#4675,0.4);
#4675 = AXIS2_PLACEMENT_3D('',#4676,#4677,#4678);
#4676 = CARTESIAN_POINT('',(-4.75,5.005,0.));
#4677 = DIRECTION('',(0.,0.,-1.));
#4678 = DIRECTION('',(1.,0.,0.));
#4679 = ORIENTED_EDGE('',*,*,#368,.F.);
#4680 = FACE_BOUND('',#4681,.T.);
#4681 = EDGE_LOOP('',(#4682,#4692,#4700,#4708));
#4682 = ORIENTED_EDGE('',*,*,#4683,.T.);
#4683 = EDGE_CURVE('',#4684,#4686,#4688,.T.);
#4684 = VERTEX_POINT('',#4685);
#4685 = CARTESIAN_POINT('',(-2.775,-0.445,0.));
#4686 = VERTEX_POINT('',#4687);
#4687 = CARTESIAN_POINT('',(-2.525,-0.445,0.));
#4688 = LINE('',#4689,#4690);
#4689 = CARTESIAN_POINT('',(-6.25,-0.445,0.));
#4690 = VECTOR('',#4691,1.);
#4691 = DIRECTION('',(1.,-2.168404344971E-16,0.));
#4692 = ORIENTED_EDGE('',*,*,#4693,.T.);
#4693 = EDGE_CURVE('',#4686,#4694,#4696,.T.);
#4694 = VERTEX_POINT('',#4695);
#4695 = CARTESIAN_POINT('',(-2.525,0.455,0.));
#4696 = LINE('',#4697,#4698);
#4697 = CARTESIAN_POINT('',(-2.525,5.E-03,0.));
#4698 = VECTOR('',#4699,1.);
#4699 = DIRECTION('',(0.,1.,0.));
#4700 = ORIENTED_EDGE('',*,*,#4701,.T.);
#4701 = EDGE_CURVE('',#4694,#4702,#4704,.T.);
#4702 = VERTEX_POINT('',#4703);
#4703 = CARTESIAN_POINT('',(-2.775,0.455,0.));
#4704 = LINE('',#4705,#4706);
#4705 = CARTESIAN_POINT('',(-6.25,0.455,0.));
#4706 = VECTOR('',#4707,1.);
#4707 = DIRECTION('',(-1.,2.168404344971E-16,0.));
#4708 = ORIENTED_EDGE('',*,*,#4709,.T.);
#4709 = EDGE_CURVE('',#4702,#4684,#4710,.T.);
#4710 = LINE('',#4711,#4712);
#4711 = CARTESIAN_POINT('',(-2.775,5.E-03,0.));
#4712 = VECTOR('',#4713,1.);
#4713 = DIRECTION('',(0.,-1.,0.));
#4714 = FACE_BOUND('',#4715,.T.);
#4715 = EDGE_LOOP('',(#4716,#4726,#4734,#4742));
#4716 = ORIENTED_EDGE('',*,*,#4717,.T.);
#4717 = EDGE_CURVE('',#4718,#4720,#4722,.T.);
#4718 = VERTEX_POINT('',#4719);
#4719 = CARTESIAN_POINT('',(2.15,-2.295,0.));
#4720 = VERTEX_POINT('',#4721);
#4721 = CARTESIAN_POINT('',(2.15,-2.695,0.));
#4722 = LINE('',#4723,#4724);
#4723 = CARTESIAN_POINT('',(2.15,5.E-03,0.));
#4724 = VECTOR('',#4725,1.);
#4725 = DIRECTION('',(0.,-1.,0.));
#4726 = ORIENTED_EDGE('',*,*,#4727,.T.);
#4727 = EDGE_CURVE('',#4720,#4728,#4730,.T.);
#4728 = VERTEX_POINT('',#4729);
#4729 = CARTESIAN_POINT('',(3.15,-2.695,0.));
#4730 = LINE('',#4731,#4732);
#4731 = CARTESIAN_POINT('',(-6.25,-2.695,0.));
#4732 = VECTOR('',#4733,1.);
#4733 = DIRECTION('',(1.,8.673617379884E-16,-0.));
#4734 = ORIENTED_EDGE('',*,*,#4735,.T.);
#4735 = EDGE_CURVE('',#4728,#4736,#4738,.T.);
#4736 = VERTEX_POINT('',#4737);
#4737 = CARTESIAN_POINT('',(3.15,-2.295,0.));
#4738 = LINE('',#4739,#4740);
#4739 = CARTESIAN_POINT('',(3.15,5.E-03,0.));
#4740 = VECTOR('',#4741,1.);
#4741 = DIRECTION('',(0.,1.,-0.));
#4742 = ORIENTED_EDGE('',*,*,#4743,.T.);
#4743 = EDGE_CURVE('',#4736,#4718,#4744,.T.);
#4744 = LINE('',#4745,#4746);
#4745 = CARTESIAN_POINT('',(-6.25,-2.295,0.));
#4746 = VECTOR('',#4747,1.);
#4747 = DIRECTION('',(-1.,-0.,0.));
#4748 = FACE_BOUND('',#4749,.T.);
#4749 = EDGE_LOOP('',(#4750,#4760,#4768,#4776));
#4750 = ORIENTED_EDGE('',*,*,#4751,.T.);
#4751 = EDGE_CURVE('',#4752,#4754,#4756,.T.);
#4752 = VERTEX_POINT('',#4753);
#4753 = CARTESIAN_POINT('',(2.15,-4.87,0.));
#4754 = VERTEX_POINT('',#4755);
#4755 = CARTESIAN_POINT('',(2.15,-5.12,0.));
#4756 = LINE('',#4757,#4758);
#4757 = CARTESIAN_POINT('',(2.15,5.E-03,0.));
#4758 = VECTOR('',#4759,1.);
#4759 = DIRECTION('',(0.,-1.,0.));
#4760 = ORIENTED_EDGE('',*,*,#4761,.T.);
#4761 = EDGE_CURVE('',#4754,#4762,#4764,.T.);
#4762 = VERTEX_POINT('',#4763);
#4763 = CARTESIAN_POINT('',(3.15,-5.12,0.));
#4764 = LINE('',#4765,#4766);
#4765 = CARTESIAN_POINT('',(-6.25,-5.12,0.));
#4766 = VECTOR('',#4767,1.);
#4767 = DIRECTION('',(1.,8.673617379884E-16,-0.));
#4768 = ORIENTED_EDGE('',*,*,#4769,.T.);
#4769 = EDGE_CURVE('',#4762,#4770,#4772,.T.);
#4770 = VERTEX_POINT('',#4771);
#4771 = CARTESIAN_POINT('',(3.15,-4.87,0.));
#4772 = LINE('',#4773,#4774);
#4773 = CARTESIAN_POINT('',(3.15,5.E-03,0.));
#4774 = VECTOR('',#4775,1.);
#4775 = DIRECTION('',(0.,1.,-0.));
#4776 = ORIENTED_EDGE('',*,*,#4777,.T.);
#4777 = EDGE_CURVE('',#4770,#4752,#4778,.T.);
#4778 = LINE('',#4779,#4780);
#4779 = CARTESIAN_POINT('',(-6.25,-4.87,0.));
#4780 = VECTOR('',#4781,1.);
#4781 = DIRECTION('',(-1.,-0.,0.));
#4782 = FACE_BOUND('',#4783,.T.);
#4783 = EDGE_LOOP('',(#4784,#4794,#4802,#4810));
#4784 = ORIENTED_EDGE('',*,*,#4785,.T.);
#4785 = EDGE_CURVE('',#4786,#4788,#4790,.T.);
#4786 = VERTEX_POINT('',#4787);
#4787 = CARTESIAN_POINT('',(3.15,5.13,0.));
#4788 = VERTEX_POINT('',#4789);
#4789 = CARTESIAN_POINT('',(2.15,5.13,0.));
#4790 = LINE('',#4791,#4792);
#4791 = CARTESIAN_POINT('',(-6.25,5.13,0.));
#4792 = VECTOR('',#4793,1.);
#4793 = DIRECTION('',(-1.,8.673617379884E-16,0.));
#4794 = ORIENTED_EDGE('',*,*,#4795,.T.);
#4795 = EDGE_CURVE('',#4788,#4796,#4798,.T.);
#4796 = VERTEX_POINT('',#4797);
#4797 = CARTESIAN_POINT('',(2.15,4.88,0.));
#4798 = LINE('',#4799,#4800);
#4799 = CARTESIAN_POINT('',(2.15,5.E-03,0.));
#4800 = VECTOR('',#4801,1.);
#4801 = DIRECTION('',(0.,-1.,0.));
#4802 = ORIENTED_EDGE('',*,*,#4803,.T.);
#4803 = EDGE_CURVE('',#4796,#4804,#4806,.T.);
#4804 = VERTEX_POINT('',#4805);
#4805 = CARTESIAN_POINT('',(3.15,4.88,0.));
#4806 = LINE('',#4807,#4808);
#4807 = CARTESIAN_POINT('',(-6.25,4.88,0.));
#4808 = VECTOR('',#4809,1.);
#4809 = DIRECTION('',(1.,0.,-0.));
#4810 = ORIENTED_EDGE('',*,*,#4811,.T.);
#4811 = EDGE_CURVE('',#4804,#4786,#4812,.T.);
#4812 = LINE('',#4813,#4814);
#4813 = CARTESIAN_POINT('',(3.15,5.E-03,0.));
#4814 = VECTOR('',#4815,1.);
#4815 = DIRECTION('',(0.,1.,0.));
#4816 = FACE_BOUND('',#4817,.T.);
#4817 = EDGE_LOOP('',(#4818,#4828,#4836,#4844));
#4818 = ORIENTED_EDGE('',*,*,#4819,.T.);
#4819 = EDGE_CURVE('',#4820,#4822,#4824,.T.);
#4820 = VERTEX_POINT('',#4821);
#4821 = CARTESIAN_POINT('',(3.15,2.705,0.));
#4822 = VERTEX_POINT('',#4823);
#4823 = CARTESIAN_POINT('',(2.15,2.705,0.));
#4824 = LINE('',#4825,#4826);
#4825 = CARTESIAN_POINT('',(-6.25,2.705,0.));
#4826 = VECTOR('',#4827,1.);
#4827 = DIRECTION('',(-1.,8.673617379884E-16,0.));
#4828 = ORIENTED_EDGE('',*,*,#4829,.T.);
#4829 = EDGE_CURVE('',#4822,#4830,#4832,.T.);
#4830 = VERTEX_POINT('',#4831);
#4831 = CARTESIAN_POINT('',(2.15,2.305,0.));
#4832 = LINE('',#4833,#4834);
#4833 = CARTESIAN_POINT('',(2.15,5.E-03,0.));
#4834 = VECTOR('',#4835,1.);
#4835 = DIRECTION('',(0.,-1.,0.));
#4836 = ORIENTED_EDGE('',*,*,#4837,.T.);
#4837 = EDGE_CURVE('',#4830,#4838,#4840,.T.);
#4838 = VERTEX_POINT('',#4839);
#4839 = CARTESIAN_POINT('',(3.15,2.305,0.));
#4840 = LINE('',#4841,#4842);
#4841 = CARTESIAN_POINT('',(-6.25,2.305,0.));
#4842 = VECTOR('',#4843,1.);
#4843 = DIRECTION('',(1.,0.,-0.));
#4844 = ORIENTED_EDGE('',*,*,#4845,.T.);
#4845 = EDGE_CURVE('',#4838,#4820,#4846,.T.);
#4846 = LINE('',#4847,#4848);
#4847 = CARTESIAN_POINT('',(3.15,5.E-03,0.));
#4848 = VECTOR('',#4849,1.);
#4849 = DIRECTION('',(0.,1.,0.));
#4850 = FACE_BOUND('',#4851,.T.);
#4851 = EDGE_LOOP('',(#4852,#4860,#4861,#4862,#4863,#4864,#4865,#4866,
    #4867,#4868,#4869,#4870));
#4852 = ORIENTED_EDGE('',*,*,#4853,.F.);
#4853 = EDGE_CURVE('',#466,#4854,#4856,.T.);
#4854 = VERTEX_POINT('',#4855);
#4855 = CARTESIAN_POINT('',(-5.75,-1.653312395178,0.));
#4856 = LINE('',#4857,#4858);
#4857 = CARTESIAN_POINT('',(-5.75,5.E-03,0.));
#4858 = VECTOR('',#4859,1.);
#4859 = DIRECTION('',(0.,-1.,0.));
#4860 = ORIENTED_EDGE('',*,*,#527,.T.);
#4861 = ORIENTED_EDGE('',*,*,#3727,.F.);
#4862 = ORIENTED_EDGE('',*,*,#3758,.F.);
#4863 = ORIENTED_EDGE('',*,*,#4011,.F.);
#4864 = ORIENTED_EDGE('',*,*,#3989,.F.);
#4865 = ORIENTED_EDGE('',*,*,#3917,.F.);
#4866 = ORIENTED_EDGE('',*,*,#1080,.F.);
#4867 = ORIENTED_EDGE('',*,*,#3861,.F.);
#4868 = ORIENTED_EDGE('',*,*,#3830,.F.);
#4869 = ORIENTED_EDGE('',*,*,#3808,.F.);
#4870 = ORIENTED_EDGE('',*,*,#4871,.T.);
#4871 = EDGE_CURVE('',#3800,#4854,#4872,.T.);
#4872 = LINE('',#4873,#4874);
#4873 = CARTESIAN_POINT('',(-5.75,-1.653312395178,0.));
#4874 = VECTOR('',#4875,1.);
#4875 = DIRECTION('',(1.,-0.,-0.));
#4876 = PLANE('',#4877);
#4877 = AXIS2_PLACEMENT_3D('',#4878,#4879,#4880);
#4878 = CARTESIAN_POINT('',(-6.25,5.E-03,0.));
#4879 = DIRECTION('',(0.,0.,1.));
#4880 = DIRECTION('',(1.,0.,-0.));
#4881 = ADVANCED_FACE('',(#4882),#4893,.F.);
#4882 = FACE_BOUND('',#4883,.T.);
#4883 = EDGE_LOOP('',(#4884,#4885,#4886));
#4884 = ORIENTED_EDGE('',*,*,#465,.F.);
#4885 = ORIENTED_EDGE('',*,*,#4853,.T.);
#4886 = ORIENTED_EDGE('',*,*,#4887,.F.);
#4887 = EDGE_CURVE('',#468,#4854,#4888,.T.);
#4888 = CIRCLE('',#4889,3.);
#4889 = AXIS2_PLACEMENT_3D('',#4890,#4891,#4892);
#4890 = CARTESIAN_POINT('',(-5.75,5.E-03,2.5));
#4891 = DIRECTION('',(-1.,0.,0.));
#4892 = DIRECTION('',(0.,0.,1.));
#4893 = PLANE('',#4894);
#4894 = AXIS2_PLACEMENT_3D('',#4895,#4896,#4897);
#4895 = CARTESIAN_POINT('',(-5.75,5.E-03,2.5));
#4896 = DIRECTION('',(-1.,0.,0.));
#4897 = DIRECTION('',(0.,0.,1.));
#4898 = ADVANCED_FACE('',(#4899),#4915,.T.);
#4899 = FACE_BOUND('',#4900,.T.);
#4900 = EDGE_LOOP('',(#4901,#4902,#4903,#4904,#4905,#4906,#4913,#4914));
#4901 = ORIENTED_EDGE('',*,*,#476,.F.);
#4902 = ORIENTED_EDGE('',*,*,#4887,.T.);
#4903 = ORIENTED_EDGE('',*,*,#4871,.F.);
#4904 = ORIENTED_EDGE('',*,*,#3799,.F.);
#4905 = ORIENTED_EDGE('',*,*,#4073,.T.);
#4906 = ORIENTED_EDGE('',*,*,#4907,.T.);
#4907 = EDGE_CURVE('',#4066,#494,#4908,.T.);
#4908 = CIRCLE('',#4909,3.);
#4909 = AXIS2_PLACEMENT_3D('',#4910,#4911,#4912);
#4910 = CARTESIAN_POINT('',(-5.75,5.E-03,2.5));
#4911 = DIRECTION('',(-1.,0.,0.));
#4912 = DIRECTION('',(0.,0.,1.));
#4913 = ORIENTED_EDGE('',*,*,#493,.T.);
#4914 = ORIENTED_EDGE('',*,*,#2104,.F.);
#4915 = CYLINDRICAL_SURFACE('',#4916,3.);
#4916 = AXIS2_PLACEMENT_3D('',#4917,#4918,#4919);
#4917 = CARTESIAN_POINT('',(-5.75,5.E-03,2.5));
#4918 = DIRECTION('',(-1.,0.,0.));
#4919 = DIRECTION('',(0.,0.,1.));
#4920 = ADVANCED_FACE('',(#4921),#4949,.F.);
#4921 = FACE_BOUND('',#4922,.T.);
#4922 = EDGE_LOOP('',(#4923,#4924,#4925,#4933,#4941,#4947,#4948));
#4923 = ORIENTED_EDGE('',*,*,#4907,.F.);
#4924 = ORIENTED_EDGE('',*,*,#4065,.T.);
#4925 = ORIENTED_EDGE('',*,*,#4926,.F.);
#4926 = EDGE_CURVE('',#4927,#4058,#4929,.T.);
#4927 = VERTEX_POINT('',#4928);
#4928 = CARTESIAN_POINT('',(-5.75,-2.995,4.4));
#4929 = LINE('',#4930,#4931);
#4930 = CARTESIAN_POINT('',(-5.75,-2.995,4.4));
#4931 = VECTOR('',#4932,1.);
#4932 = DIRECTION('',(-0.,-0.,1.));
#4933 = ORIENTED_EDGE('',*,*,#4934,.F.);
#4934 = EDGE_CURVE('',#4935,#4927,#4937,.T.);
#4935 = VERTEX_POINT('',#4936);
#4936 = CARTESIAN_POINT('',(-5.75,3.005,4.4));
#4937 = LINE('',#4938,#4939);
#4938 = CARTESIAN_POINT('',(-5.75,-2.995,4.4));
#4939 = VECTOR('',#4940,1.);
#4940 = DIRECTION('',(-0.,-1.,-0.));
#4941 = ORIENTED_EDGE('',*,*,#4942,.T.);
#4942 = EDGE_CURVE('',#4935,#4034,#4943,.T.);
#4943 = LINE('',#4944,#4945);
#4944 = CARTESIAN_POINT('',(-5.75,3.005,4.4));
#4945 = VECTOR('',#4946,1.);
#4946 = DIRECTION('',(-0.,-0.,1.));
#4947 = ORIENTED_EDGE('',*,*,#4033,.T.);
#4948 = ORIENTED_EDGE('',*,*,#501,.F.);
#4949 = PLANE('',#4950);
#4950 = AXIS2_PLACEMENT_3D('',#4951,#4952,#4953);
#4951 = CARTESIAN_POINT('',(-5.75,5.E-03,2.5));
#4952 = DIRECTION('',(-1.,0.,0.));
#4953 = DIRECTION('',(0.,0.,1.));
#4954 = ADVANCED_FACE('',(#4955,#4965),#4969,.T.);
#4955 = FACE_BOUND('',#4956,.T.);
#4956 = EDGE_LOOP('',(#4957,#4958));
#4957 = ORIENTED_EDGE('',*,*,#401,.T.);
#4958 = ORIENTED_EDGE('',*,*,#4959,.T.);
#4959 = EDGE_CURVE('',#402,#394,#4960,.T.);
#4960 = CIRCLE('',#4961,2.2);
#4961 = AXIS2_PLACEMENT_3D('',#4962,#4963,#4964);
#4962 = CARTESIAN_POINT('',(-9.05,5.E-03,2.5));
#4963 = DIRECTION('',(1.,0.,-0.));
#4964 = DIRECTION('',(0.,0.,1.));
#4965 = FACE_BOUND('',#4966,.T.);
#4966 = EDGE_LOOP('',(#4967,#4968));
#4967 = ORIENTED_EDGE('',*,*,#550,.T.);
#4968 = ORIENTED_EDGE('',*,*,#2112,.T.);
#4969 = PLANE('',#4970);
#4970 = AXIS2_PLACEMENT_3D('',#4971,#4972,#4973);
#4971 = CARTESIAN_POINT('',(-9.05,5.E-03,2.5));
#4972 = DIRECTION('',(-1.,0.,0.));
#4973 = DIRECTION('',(0.,0.,1.));
#4974 = ADVANCED_FACE('',(#4975),#4993,.F.);
#4975 = FACE_BOUND('',#4976,.F.);
#4976 = EDGE_LOOP('',(#4977,#4984,#4985,#4992));
#4977 = ORIENTED_EDGE('',*,*,#4978,.F.);
#4978 = EDGE_CURVE('',#392,#411,#4979,.T.);
#4979 = CIRCLE('',#4980,1.8);
#4980 = AXIS2_PLACEMENT_3D('',#4981,#4982,#4983);
#4981 = CARTESIAN_POINT('',(-8.65,5.E-03,2.5));
#4982 = DIRECTION('',(-1.,0.,0.));
#4983 = DIRECTION('',(0.,0.,1.));
#4984 = ORIENTED_EDGE('',*,*,#433,.F.);
#4985 = ORIENTED_EDGE('',*,*,#4986,.T.);
#4986 = EDGE_CURVE('',#434,#443,#4987,.T.);
#4987 = CIRCLE('',#4988,1.8);
#4988 = AXIS2_PLACEMENT_3D('',#4989,#4990,#4991);
#4989 = CARTESIAN_POINT('',(-6.25,5.E-03,2.5));
#4990 = DIRECTION('',(-1.,0.,0.));
#4991 = DIRECTION('',(0.,0.,1.));
#4992 = ORIENTED_EDGE('',*,*,#442,.T.);
#4993 = CYLINDRICAL_SURFACE('',#4994,1.8);
#4994 = AXIS2_PLACEMENT_3D('',#4995,#4996,#4997);
#4995 = CARTESIAN_POINT('',(-6.25,5.E-03,2.5));
#4996 = DIRECTION('',(-1.,-0.,-0.));
#4997 = DIRECTION('',(-0.,0.,1.));
#4998 = ADVANCED_FACE('',(#4999),#5003,.T.);
#4999 = FACE_BOUND('',#5000,.T.);
#5000 = EDGE_LOOP('',(#5001,#5002));
#5001 = ORIENTED_EDGE('',*,*,#4986,.T.);
#5002 = ORIENTED_EDGE('',*,*,#450,.T.);
#5003 = PLANE('',#5004);
#5004 = AXIS2_PLACEMENT_3D('',#5005,#5006,#5007);
#5005 = CARTESIAN_POINT('',(-6.25,5.E-03,2.5));
#5006 = DIRECTION('',(-1.,0.,0.));
#5007 = DIRECTION('',(0.,0.,1.));
#5008 = ADVANCED_FACE('',(#5009),#5015,.F.);
#5009 = FACE_BOUND('',#5010,.F.);
#5010 = EDGE_LOOP('',(#5011,#5012,#5013,#5014));
#5011 = ORIENTED_EDGE('',*,*,#4959,.T.);
#5012 = ORIENTED_EDGE('',*,*,#391,.F.);
#5013 = ORIENTED_EDGE('',*,*,#4978,.T.);
#5014 = ORIENTED_EDGE('',*,*,#410,.T.);
#5015 = CONICAL_SURFACE('',#5016,1.8,0.785398163397);
#5016 = AXIS2_PLACEMENT_3D('',#5017,#5018,#5019);
#5017 = CARTESIAN_POINT('',(-8.65,5.E-03,2.5));
#5018 = DIRECTION('',(-1.,0.,0.));
#5019 = DIRECTION('',(0.,0.,1.));
#5020 = ADVANCED_FACE('',(#5021),#5055,.F.);
#5021 = FACE_BOUND('',#5022,.T.);
#5022 = EDGE_LOOP('',(#5023,#5033,#5041,#5047,#5048,#5049));
#5023 = ORIENTED_EDGE('',*,*,#5024,.T.);
#5024 = EDGE_CURVE('',#5025,#5027,#5029,.T.);
#5025 = VERTEX_POINT('',#5026);
#5026 = CARTESIAN_POINT('',(3.25,-5.495,1.));
#5027 = VERTEX_POINT('',#5028);
#5028 = CARTESIAN_POINT('',(3.25,-5.495,4.5));
#5029 = LINE('',#5030,#5031);
#5030 = CARTESIAN_POINT('',(3.25,-5.495,1.));
#5031 = VECTOR('',#5032,1.);
#5032 = DIRECTION('',(0.,0.,1.));
#5033 = ORIENTED_EDGE('',*,*,#5034,.T.);
#5034 = EDGE_CURVE('',#5027,#5035,#5037,.T.);
#5035 = VERTEX_POINT('',#5036);
#5036 = CARTESIAN_POINT('',(3.25,-5.195,4.5));
#5037 = LINE('',#5038,#5039);
#5038 = CARTESIAN_POINT('',(3.25,-5.995,4.5));
#5039 = VECTOR('',#5040,1.);
#5040 = DIRECTION('',(-2.168404344971E-15,1.,0.));
#5041 = ORIENTED_EDGE('',*,*,#5042,.T.);
#5042 = EDGE_CURVE('',#5035,#4084,#5043,.T.);
#5043 = LINE('',#5044,#5045);
#5044 = CARTESIAN_POINT('',(3.25,-5.195,1.));
#5045 = VECTOR('',#5046,1.);
#5046 = DIRECTION('',(-0.,-0.,1.));
#5047 = ORIENTED_EDGE('',*,*,#4083,.T.);
#5048 = ORIENTED_EDGE('',*,*,#1056,.F.);
#5049 = ORIENTED_EDGE('',*,*,#5050,.F.);
#5050 = EDGE_CURVE('',#5025,#1047,#5051,.T.);
#5051 = LINE('',#5052,#5053);
#5052 = CARTESIAN_POINT('',(3.25,-5.995,1.));
#5053 = VECTOR('',#5054,1.);
#5054 = DIRECTION('',(2.168404344971E-15,-1.,-0.));
#5055 = PLANE('',#5056);
#5056 = AXIS2_PLACEMENT_3D('',#5057,#5058,#5059);
#5057 = CARTESIAN_POINT('',(3.25,-5.995,1.));
#5058 = DIRECTION('',(-1.,-2.168404344971E-15,0.));
#5059 = DIRECTION('',(2.168404344971E-15,-1.,0.));
#5060 = ADVANCED_FACE('',(#5061),#5079,.F.);
#5061 = FACE_BOUND('',#5062,.T.);
#5062 = EDGE_LOOP('',(#5063,#5064,#5072,#5078));
#5063 = ORIENTED_EDGE('',*,*,#5042,.F.);
#5064 = ORIENTED_EDGE('',*,*,#5065,.T.);
#5065 = EDGE_CURVE('',#5035,#5066,#5068,.T.);
#5066 = VERTEX_POINT('',#5067);
#5067 = CARTESIAN_POINT('',(4.35,-5.195,4.5));
#5068 = LINE('',#5069,#5070);
#5069 = CARTESIAN_POINT('',(3.25,-5.195,4.5));
#5070 = VECTOR('',#5071,1.);
#5071 = DIRECTION('',(1.,0.,-0.));
#5072 = ORIENTED_EDGE('',*,*,#5073,.T.);
#5073 = EDGE_CURVE('',#5066,#4092,#5074,.T.);
#5074 = LINE('',#5075,#5076);
#5075 = CARTESIAN_POINT('',(4.35,-5.195,1.));
#5076 = VECTOR('',#5077,1.);
#5077 = DIRECTION('',(-0.,-0.,1.));
#5078 = ORIENTED_EDGE('',*,*,#4091,.T.);
#5079 = PLANE('',#5080);
#5080 = AXIS2_PLACEMENT_3D('',#5081,#5082,#5083);
#5081 = CARTESIAN_POINT('',(3.25,-5.195,1.));
#5082 = DIRECTION('',(-0.,1.,0.));
#5083 = DIRECTION('',(0.,0.,1.));
#5084 = ADVANCED_FACE('',(#5085),#5112,.F.);
#5085 = FACE_BOUND('',#5086,.T.);
#5086 = EDGE_LOOP('',(#5087,#5088,#5096,#5104,#5110,#5111));
#5087 = ORIENTED_EDGE('',*,*,#5073,.F.);
#5088 = ORIENTED_EDGE('',*,*,#5089,.T.);
#5089 = EDGE_CURVE('',#5066,#5090,#5092,.T.);
#5090 = VERTEX_POINT('',#5091);
#5091 = CARTESIAN_POINT('',(4.35,-5.495,4.5));
#5092 = LINE('',#5093,#5094);
#5093 = CARTESIAN_POINT('',(4.35,-5.995,4.5));
#5094 = VECTOR('',#5095,1.);
#5095 = DIRECTION('',(-0.,-1.,0.));
#5096 = ORIENTED_EDGE('',*,*,#5097,.T.);
#5097 = EDGE_CURVE('',#5090,#5098,#5100,.T.);
#5098 = VERTEX_POINT('',#5099);
#5099 = CARTESIAN_POINT('',(4.35,-5.495,1.));
#5100 = LINE('',#5101,#5102);
#5101 = CARTESIAN_POINT('',(4.35,-5.495,1.));
#5102 = VECTOR('',#5103,1.);
#5103 = DIRECTION('',(0.,0.,-1.));
#5104 = ORIENTED_EDGE('',*,*,#5105,.F.);
#5105 = EDGE_CURVE('',#1049,#5098,#5106,.T.);
#5106 = LINE('',#5107,#5108);
#5107 = CARTESIAN_POINT('',(4.35,-5.995,1.));
#5108 = VECTOR('',#5109,1.);
#5109 = DIRECTION('',(0.,1.,0.));
#5110 = ORIENTED_EDGE('',*,*,#1104,.T.);
#5111 = ORIENTED_EDGE('',*,*,#4099,.T.);
#5112 = PLANE('',#5113);
#5113 = AXIS2_PLACEMENT_3D('',#5114,#5115,#5116);
#5114 = CARTESIAN_POINT('',(4.35,-5.995,1.));
#5115 = DIRECTION('',(1.,-0.,0.));
#5116 = DIRECTION('',(0.,0.,-1.));
#5117 = ADVANCED_FACE('',(#5118),#5129,.F.);
#5118 = FACE_BOUND('',#5119,.T.);
#5119 = EDGE_LOOP('',(#5120,#5121,#5127,#5128));
#5120 = ORIENTED_EDGE('',*,*,#5105,.T.);
#5121 = ORIENTED_EDGE('',*,*,#5122,.T.);
#5122 = EDGE_CURVE('',#5098,#5025,#5123,.T.);
#5123 = LINE('',#5124,#5125);
#5124 = CARTESIAN_POINT('',(-6.25,-5.495,1.));
#5125 = VECTOR('',#5126,1.);
#5126 = DIRECTION('',(-1.,0.,0.));
#5127 = ORIENTED_EDGE('',*,*,#5050,.T.);
#5128 = ORIENTED_EDGE('',*,*,#1046,.T.);
#5129 = PLANE('',#5130);
#5130 = AXIS2_PLACEMENT_3D('',#5131,#5132,#5133);
#5131 = CARTESIAN_POINT('',(-6.25,5.E-03,1.));
#5132 = DIRECTION('',(0.,0.,-1.));
#5133 = DIRECTION('',(-1.,0.,-0.));
#5134 = ADVANCED_FACE('',(#5135),#5169,.F.);
#5135 = FACE_BOUND('',#5136,.T.);
#5136 = EDGE_LOOP('',(#5137,#5145,#5153,#5161,#5167,#5168));
#5137 = ORIENTED_EDGE('',*,*,#5138,.F.);
#5138 = EDGE_CURVE('',#5139,#4117,#5141,.T.);
#5139 = VERTEX_POINT('',#5140);
#5140 = CARTESIAN_POINT('',(3.25,5.205,4.5));
#5141 = LINE('',#5142,#5143);
#5142 = CARTESIAN_POINT('',(3.25,5.205,1.));
#5143 = VECTOR('',#5144,1.);
#5144 = DIRECTION('',(-0.,-0.,1.));
#5145 = ORIENTED_EDGE('',*,*,#5146,.T.);
#5146 = EDGE_CURVE('',#5139,#5147,#5149,.T.);
#5147 = VERTEX_POINT('',#5148);
#5148 = CARTESIAN_POINT('',(3.25,5.505,4.5));
#5149 = LINE('',#5150,#5151);
#5150 = CARTESIAN_POINT('',(3.25,6.005,4.5));
#5151 = VECTOR('',#5152,1.);
#5152 = DIRECTION('',(0.,1.,0.));
#5153 = ORIENTED_EDGE('',*,*,#5154,.T.);
#5154 = EDGE_CURVE('',#5147,#5155,#5157,.T.);
#5155 = VERTEX_POINT('',#5156);
#5156 = CARTESIAN_POINT('',(3.25,5.505,1.));
#5157 = LINE('',#5158,#5159);
#5158 = CARTESIAN_POINT('',(3.25,5.505,1.));
#5159 = VECTOR('',#5160,1.);
#5160 = DIRECTION('',(0.,0.,-1.));
#5161 = ORIENTED_EDGE('',*,*,#5162,.F.);
#5162 = EDGE_CURVE('',#3959,#5155,#5163,.T.);
#5163 = LINE('',#5164,#5165);
#5164 = CARTESIAN_POINT('',(3.25,6.005,1.));
#5165 = VECTOR('',#5166,1.);
#5166 = DIRECTION('',(0.,-1.,0.));
#5167 = ORIENTED_EDGE('',*,*,#3958,.T.);
#5168 = ORIENTED_EDGE('',*,*,#4124,.T.);
#5169 = PLANE('',#5170);
#5170 = AXIS2_PLACEMENT_3D('',#5171,#5172,#5173);
#5171 = CARTESIAN_POINT('',(3.25,6.005,1.));
#5172 = DIRECTION('',(-1.,0.,-0.));
#5173 = DIRECTION('',(0.,0.,1.));
#5174 = ADVANCED_FACE('',(#5175),#5209,.F.);
#5175 = FACE_BOUND('',#5176,.T.);
#5176 = EDGE_LOOP('',(#5177,#5187,#5195,#5201,#5202,#5203));
#5177 = ORIENTED_EDGE('',*,*,#5178,.T.);
#5178 = EDGE_CURVE('',#5179,#5181,#5183,.T.);
#5179 = VERTEX_POINT('',#5180);
#5180 = CARTESIAN_POINT('',(4.35,5.505,1.));
#5181 = VERTEX_POINT('',#5182);
#5182 = CARTESIAN_POINT('',(4.35,5.505,4.5));
#5183 = LINE('',#5184,#5185);
#5184 = CARTESIAN_POINT('',(4.35,5.505,1.));
#5185 = VECTOR('',#5186,1.);
#5186 = DIRECTION('',(-0.,0.,1.));
#5187 = ORIENTED_EDGE('',*,*,#5188,.T.);
#5188 = EDGE_CURVE('',#5181,#5189,#5191,.T.);
#5189 = VERTEX_POINT('',#5190);
#5190 = CARTESIAN_POINT('',(4.35,5.205,4.5));
#5191 = LINE('',#5192,#5193);
#5192 = CARTESIAN_POINT('',(4.35,6.005,4.5));
#5193 = VECTOR('',#5194,1.);
#5194 = DIRECTION('',(0.,-1.,0.));
#5195 = ORIENTED_EDGE('',*,*,#5196,.T.);
#5196 = EDGE_CURVE('',#5189,#4109,#5197,.T.);
#5197 = LINE('',#5198,#5199);
#5198 = CARTESIAN_POINT('',(4.35,5.205,1.));
#5199 = VECTOR('',#5200,1.);
#5200 = DIRECTION('',(-0.,-0.,1.));
#5201 = ORIENTED_EDGE('',*,*,#4108,.T.);
#5202 = ORIENTED_EDGE('',*,*,#3974,.F.);
#5203 = ORIENTED_EDGE('',*,*,#5204,.F.);
#5204 = EDGE_CURVE('',#5179,#3967,#5205,.T.);
#5205 = LINE('',#5206,#5207);
#5206 = CARTESIAN_POINT('',(4.35,6.005,1.));
#5207 = VECTOR('',#5208,1.);
#5208 = DIRECTION('',(-0.,1.,-0.));
#5209 = PLANE('',#5210);
#5210 = AXIS2_PLACEMENT_3D('',#5211,#5212,#5213);
#5211 = CARTESIAN_POINT('',(4.35,6.005,1.));
#5212 = DIRECTION('',(1.,0.,0.));
#5213 = DIRECTION('',(0.,0.,-1.));
#5214 = ADVANCED_FACE('',(#5215),#5226,.F.);
#5215 = FACE_BOUND('',#5216,.T.);
#5216 = EDGE_LOOP('',(#5217,#5218,#5224,#5225));
#5217 = ORIENTED_EDGE('',*,*,#5196,.F.);
#5218 = ORIENTED_EDGE('',*,*,#5219,.T.);
#5219 = EDGE_CURVE('',#5189,#5139,#5220,.T.);
#5220 = LINE('',#5221,#5222);
#5221 = CARTESIAN_POINT('',(3.25,5.205,4.5));
#5222 = VECTOR('',#5223,1.);
#5223 = DIRECTION('',(-1.,0.,0.));
#5224 = ORIENTED_EDGE('',*,*,#5138,.T.);
#5225 = ORIENTED_EDGE('',*,*,#4116,.T.);
#5226 = PLANE('',#5227);
#5227 = AXIS2_PLACEMENT_3D('',#5228,#5229,#5230);
#5228 = CARTESIAN_POINT('',(3.25,5.205,1.));
#5229 = DIRECTION('',(0.,-1.,0.));
#5230 = DIRECTION('',(0.,-0.,-1.));
#5231 = ADVANCED_FACE('',(#5232),#5243,.T.);
#5232 = FACE_BOUND('',#5233,.T.);
#5233 = EDGE_LOOP('',(#5234,#5240,#5241,#5242));
#5234 = ORIENTED_EDGE('',*,*,#5235,.F.);
#5235 = EDGE_CURVE('',#5179,#5155,#5236,.T.);
#5236 = LINE('',#5237,#5238);
#5237 = CARTESIAN_POINT('',(-6.25,5.505,1.));
#5238 = VECTOR('',#5239,1.);
#5239 = DIRECTION('',(-1.,0.,0.));
#5240 = ORIENTED_EDGE('',*,*,#5204,.T.);
#5241 = ORIENTED_EDGE('',*,*,#3966,.T.);
#5242 = ORIENTED_EDGE('',*,*,#5162,.T.);
#5243 = PLANE('',#5244);
#5244 = AXIS2_PLACEMENT_3D('',#5245,#5246,#5247);
#5245 = CARTESIAN_POINT('',(-6.25,5.E-03,1.));
#5246 = DIRECTION('',(-0.,0.,1.));
#5247 = DIRECTION('',(1.,0.,0.));
#5248 = ADVANCED_FACE('',(#5249),#5274,.F.);
#5249 = FACE_BOUND('',#5250,.T.);
#5250 = EDGE_LOOP('',(#5251,#5259,#5267,#5273));
#5251 = ORIENTED_EDGE('',*,*,#5252,.F.);
#5252 = EDGE_CURVE('',#5253,#4580,#5255,.T.);
#5253 = VERTEX_POINT('',#5254);
#5254 = CARTESIAN_POINT('',(-2.25,-2.995,4.5));
#5255 = LINE('',#5256,#5257);
#5256 = CARTESIAN_POINT('',(-2.25,-2.995,3.));
#5257 = VECTOR('',#5258,1.);
#5258 = DIRECTION('',(-0.,-0.,1.));
#5259 = ORIENTED_EDGE('',*,*,#5260,.T.);
#5260 = EDGE_CURVE('',#5253,#5261,#5263,.T.);
#5261 = VERTEX_POINT('',#5262);
#5262 = CARTESIAN_POINT('',(-2.25,-2.915,4.5));
#5263 = LINE('',#5264,#5265);
#5264 = CARTESIAN_POINT('',(-2.25,-2.995,4.5));
#5265 = VECTOR('',#5266,1.);
#5266 = DIRECTION('',(0.,1.,-0.));
#5267 = ORIENTED_EDGE('',*,*,#5268,.T.);
#5268 = EDGE_CURVE('',#5261,#4578,#5269,.T.);
#5269 = LINE('',#5270,#5271);
#5270 = CARTESIAN_POINT('',(-2.25,-2.915,3.));
#5271 = VECTOR('',#5272,1.);
#5272 = DIRECTION('',(0.,0.,1.));
#5273 = ORIENTED_EDGE('',*,*,#4577,.T.);
#5274 = PLANE('',#5275);
#5275 = AXIS2_PLACEMENT_3D('',#5276,#5277,#5278);
#5276 = CARTESIAN_POINT('',(-2.25,-2.995,3.));
#5277 = DIRECTION('',(-1.,0.,0.));
#5278 = DIRECTION('',(0.,0.,1.));
#5279 = ADVANCED_FACE('',(#5280),#5291,.F.);
#5280 = FACE_BOUND('',#5281,.T.);
#5281 = EDGE_LOOP('',(#5282,#5283,#5289,#5290));
#5282 = ORIENTED_EDGE('',*,*,#2145,.F.);
#5283 = ORIENTED_EDGE('',*,*,#5284,.T.);
#5284 = EDGE_CURVE('',#2138,#2168,#5285,.T.);
#5285 = LINE('',#5286,#5287);
#5286 = CARTESIAN_POINT('',(-2.25,3.005,4.5));
#5287 = VECTOR('',#5288,1.);
#5288 = DIRECTION('',(1.,0.,-0.));
#5289 = ORIENTED_EDGE('',*,*,#2167,.T.);
#5290 = ORIENTED_EDGE('',*,*,#4612,.T.);
#5291 = PLANE('',#5292);
#5292 = AXIS2_PLACEMENT_3D('',#5293,#5294,#5295);
#5293 = CARTESIAN_POINT('',(-2.25,3.005,3.));
#5294 = DIRECTION('',(-0.,1.,0.));
#5295 = DIRECTION('',(0.,0.,1.));
#5296 = ADVANCED_FACE('',(#5297),#5322,.F.);
#5297 = FACE_BOUND('',#5298,.T.);
#5298 = EDGE_LOOP('',(#5299,#5307,#5315,#5321));
#5299 = ORIENTED_EDGE('',*,*,#5300,.F.);
#5300 = EDGE_CURVE('',#5301,#4588,#5303,.T.);
#5301 = VERTEX_POINT('',#5302);
#5302 = CARTESIAN_POINT('',(1.25,-2.915,4.5));
#5303 = LINE('',#5304,#5305);
#5304 = CARTESIAN_POINT('',(1.25,-2.915,3.));
#5305 = VECTOR('',#5306,1.);
#5306 = DIRECTION('',(0.,0.,1.));
#5307 = ORIENTED_EDGE('',*,*,#5308,.T.);
#5308 = EDGE_CURVE('',#5301,#5309,#5311,.T.);
#5309 = VERTEX_POINT('',#5310);
#5310 = CARTESIAN_POINT('',(1.25,-2.995,4.5));
#5311 = LINE('',#5312,#5313);
#5312 = CARTESIAN_POINT('',(1.25,-2.995,4.5));
#5313 = VECTOR('',#5314,1.);
#5314 = DIRECTION('',(-0.,-1.,0.));
#5315 = ORIENTED_EDGE('',*,*,#5316,.T.);
#5316 = EDGE_CURVE('',#5309,#4596,#5317,.T.);
#5317 = LINE('',#5318,#5319);
#5318 = CARTESIAN_POINT('',(1.25,-2.995,3.));
#5319 = VECTOR('',#5320,1.);
#5320 = DIRECTION('',(-0.,-0.,1.));
#5321 = ORIENTED_EDGE('',*,*,#4595,.T.);
#5322 = PLANE('',#5323);
#5323 = AXIS2_PLACEMENT_3D('',#5324,#5325,#5326);
#5324 = CARTESIAN_POINT('',(1.25,-2.995,3.));
#5325 = DIRECTION('',(1.,-0.,0.));
#5326 = DIRECTION('',(0.,0.,-1.));
#5327 = ADVANCED_FACE('',(#5328),#5339,.F.);
#5328 = FACE_BOUND('',#5329,.T.);
#5329 = EDGE_LOOP('',(#5330,#5331,#5337,#5338));
#5330 = ORIENTED_EDGE('',*,*,#5316,.F.);
#5331 = ORIENTED_EDGE('',*,*,#5332,.T.);
#5332 = EDGE_CURVE('',#5309,#5253,#5333,.T.);
#5333 = LINE('',#5334,#5335);
#5334 = CARTESIAN_POINT('',(-2.25,-2.995,4.5));
#5335 = VECTOR('',#5336,1.);
#5336 = DIRECTION('',(-1.,0.,0.));
#5337 = ORIENTED_EDGE('',*,*,#5252,.T.);
#5338 = ORIENTED_EDGE('',*,*,#4603,.T.);
#5339 = PLANE('',#5340);
#5340 = AXIS2_PLACEMENT_3D('',#5341,#5342,#5343);
#5341 = CARTESIAN_POINT('',(-2.25,-2.995,3.));
#5342 = DIRECTION('',(0.,-1.,0.));
#5343 = DIRECTION('',(0.,-0.,-1.));
#5344 = ADVANCED_FACE('',(#5345),#5356,.T.);
#5345 = FACE_BOUND('',#5346,.T.);
#5346 = EDGE_LOOP('',(#5347,#5353,#5354,#5355));
#5347 = ORIENTED_EDGE('',*,*,#5348,.F.);
#5348 = EDGE_CURVE('',#3648,#3698,#5349,.T.);
#5349 = LINE('',#5350,#5351);
#5350 = CARTESIAN_POINT('',(-2.25,-2.765,4.5));
#5351 = VECTOR('',#5352,1.);
#5352 = DIRECTION('',(1.,0.,0.));
#5353 = ORIENTED_EDGE('',*,*,#3647,.T.);
#5354 = ORIENTED_EDGE('',*,*,#4569,.F.);
#5355 = ORIENTED_EDGE('',*,*,#3705,.F.);
#5356 = PLANE('',#5357);
#5357 = AXIS2_PLACEMENT_3D('',#5358,#5359,#5360);
#5358 = CARTESIAN_POINT('',(-2.25,-2.765,3.));
#5359 = DIRECTION('',(0.,1.,0.));
#5360 = DIRECTION('',(0.,-0.,1.));
#5361 = ADVANCED_FACE('',(#5362),#5373,.T.);
#5362 = FACE_BOUND('',#5363,.T.);
#5363 = EDGE_LOOP('',(#5364,#5370,#5371,#5372));
#5364 = ORIENTED_EDGE('',*,*,#5365,.F.);
#5365 = EDGE_CURVE('',#5301,#5261,#5366,.T.);
#5366 = LINE('',#5367,#5368);
#5367 = CARTESIAN_POINT('',(-2.25,-2.915,4.5));
#5368 = VECTOR('',#5369,1.);
#5369 = DIRECTION('',(-1.,0.,0.));
#5370 = ORIENTED_EDGE('',*,*,#5300,.T.);
#5371 = ORIENTED_EDGE('',*,*,#4587,.F.);
#5372 = ORIENTED_EDGE('',*,*,#5268,.F.);
#5373 = PLANE('',#5374);
#5374 = AXIS2_PLACEMENT_3D('',#5375,#5376,#5377);
#5375 = CARTESIAN_POINT('',(-2.25,-2.915,3.));
#5376 = DIRECTION('',(0.,-1.,0.));
#5377 = DIRECTION('',(0.,-0.,-1.));
#5378 = ADVANCED_FACE('',(#5379),#5390,.T.);
#5379 = FACE_BOUND('',#5380,.T.);
#5380 = EDGE_LOOP('',(#5381,#5387,#5388,#5389));
#5381 = ORIENTED_EDGE('',*,*,#5382,.F.);
#5382 = EDGE_CURVE('',#3568,#3618,#5383,.T.);
#5383 = LINE('',#5384,#5385);
#5384 = CARTESIAN_POINT('',(-2.25,-2.465,4.5));
#5385 = VECTOR('',#5386,1.);
#5386 = DIRECTION('',(1.,0.,0.));
#5387 = ORIENTED_EDGE('',*,*,#3567,.T.);
#5388 = ORIENTED_EDGE('',*,*,#4553,.F.);
#5389 = ORIENTED_EDGE('',*,*,#3625,.F.);
#5390 = PLANE('',#5391);
#5391 = AXIS2_PLACEMENT_3D('',#5392,#5393,#5394);
#5392 = CARTESIAN_POINT('',(-2.25,-2.465,3.));
#5393 = DIRECTION('',(0.,1.,0.));
#5394 = DIRECTION('',(0.,-0.,1.));
#5395 = ADVANCED_FACE('',(#5396),#5407,.T.);
#5396 = FACE_BOUND('',#5397,.T.);
#5397 = EDGE_LOOP('',(#5398,#5404,#5405,#5406));
#5398 = ORIENTED_EDGE('',*,*,#5399,.F.);
#5399 = EDGE_CURVE('',#3688,#3658,#5400,.T.);
#5400 = LINE('',#5401,#5402);
#5401 = CARTESIAN_POINT('',(-2.25,-2.615,4.5));
#5402 = VECTOR('',#5403,1.);
#5403 = DIRECTION('',(-1.,0.,0.));
#5404 = ORIENTED_EDGE('',*,*,#3687,.T.);
#5405 = ORIENTED_EDGE('',*,*,#4562,.F.);
#5406 = ORIENTED_EDGE('',*,*,#3665,.F.);
#5407 = PLANE('',#5408);
#5408 = AXIS2_PLACEMENT_3D('',#5409,#5410,#5411);
#5409 = CARTESIAN_POINT('',(-2.25,-2.615,3.));
#5410 = DIRECTION('',(0.,-1.,0.));
#5411 = DIRECTION('',(0.,-0.,-1.));
#5412 = ADVANCED_FACE('',(#5413),#5424,.T.);
#5413 = FACE_BOUND('',#5414,.T.);
#5414 = EDGE_LOOP('',(#5415,#5421,#5422,#5423));
#5415 = ORIENTED_EDGE('',*,*,#5416,.F.);
#5416 = EDGE_CURVE('',#3488,#3538,#5417,.T.);
#5417 = LINE('',#5418,#5419);
#5418 = CARTESIAN_POINT('',(-2.25,-2.165,4.5));
#5419 = VECTOR('',#5420,1.);
#5420 = DIRECTION('',(1.,0.,0.));
#5421 = ORIENTED_EDGE('',*,*,#3487,.T.);
#5422 = ORIENTED_EDGE('',*,*,#4537,.F.);
#5423 = ORIENTED_EDGE('',*,*,#3545,.F.);
#5424 = PLANE('',#5425);
#5425 = AXIS2_PLACEMENT_3D('',#5426,#5427,#5428);
#5426 = CARTESIAN_POINT('',(-2.25,-2.165,3.));
#5427 = DIRECTION('',(0.,1.,0.));
#5428 = DIRECTION('',(0.,-0.,1.));
#5429 = ADVANCED_FACE('',(#5430),#5441,.T.);
#5430 = FACE_BOUND('',#5431,.T.);
#5431 = EDGE_LOOP('',(#5432,#5438,#5439,#5440));
#5432 = ORIENTED_EDGE('',*,*,#5433,.F.);
#5433 = EDGE_CURVE('',#3608,#3578,#5434,.T.);
#5434 = LINE('',#5435,#5436);
#5435 = CARTESIAN_POINT('',(-2.25,-2.315,4.5));
#5436 = VECTOR('',#5437,1.);
#5437 = DIRECTION('',(-1.,0.,0.));
#5438 = ORIENTED_EDGE('',*,*,#3607,.T.);
#5439 = ORIENTED_EDGE('',*,*,#4546,.F.);
#5440 = ORIENTED_EDGE('',*,*,#3585,.F.);
#5441 = PLANE('',#5442);
#5442 = AXIS2_PLACEMENT_3D('',#5443,#5444,#5445);
#5443 = CARTESIAN_POINT('',(-2.25,-2.315,3.));
#5444 = DIRECTION('',(0.,-1.,0.));
#5445 = DIRECTION('',(0.,-0.,-1.));
#5446 = ADVANCED_FACE('',(#5447),#5458,.T.);
#5447 = FACE_BOUND('',#5448,.T.);
#5448 = EDGE_LOOP('',(#5449,#5455,#5456,#5457));
#5449 = ORIENTED_EDGE('',*,*,#5450,.F.);
#5450 = EDGE_CURVE('',#3408,#3458,#5451,.T.);
#5451 = LINE('',#5452,#5453);
#5452 = CARTESIAN_POINT('',(-2.25,-1.865,4.5));
#5453 = VECTOR('',#5454,1.);
#5454 = DIRECTION('',(1.,0.,0.));
#5455 = ORIENTED_EDGE('',*,*,#3407,.T.);
#5456 = ORIENTED_EDGE('',*,*,#4521,.F.);
#5457 = ORIENTED_EDGE('',*,*,#3465,.F.);
#5458 = PLANE('',#5459);
#5459 = AXIS2_PLACEMENT_3D('',#5460,#5461,#5462);
#5460 = CARTESIAN_POINT('',(-2.25,-1.865,3.));
#5461 = DIRECTION('',(0.,1.,0.));
#5462 = DIRECTION('',(0.,-0.,1.));
#5463 = ADVANCED_FACE('',(#5464),#5475,.T.);
#5464 = FACE_BOUND('',#5465,.T.);
#5465 = EDGE_LOOP('',(#5466,#5472,#5473,#5474));
#5466 = ORIENTED_EDGE('',*,*,#5467,.F.);
#5467 = EDGE_CURVE('',#3528,#3498,#5468,.T.);
#5468 = LINE('',#5469,#5470);
#5469 = CARTESIAN_POINT('',(-2.25,-2.015,4.5));
#5470 = VECTOR('',#5471,1.);
#5471 = DIRECTION('',(-1.,0.,0.));
#5472 = ORIENTED_EDGE('',*,*,#3527,.T.);
#5473 = ORIENTED_EDGE('',*,*,#4530,.F.);
#5474 = ORIENTED_EDGE('',*,*,#3505,.F.);
#5475 = PLANE('',#5476);
#5476 = AXIS2_PLACEMENT_3D('',#5477,#5478,#5479);
#5477 = CARTESIAN_POINT('',(-2.25,-2.015,3.));
#5478 = DIRECTION('',(0.,-1.,0.));
#5479 = DIRECTION('',(0.,-0.,-1.));
#5480 = ADVANCED_FACE('',(#5481),#5492,.T.);
#5481 = FACE_BOUND('',#5482,.T.);
#5482 = EDGE_LOOP('',(#5483,#5489,#5490,#5491));
#5483 = ORIENTED_EDGE('',*,*,#5484,.F.);
#5484 = EDGE_CURVE('',#3328,#3378,#5485,.T.);
#5485 = LINE('',#5486,#5487);
#5486 = CARTESIAN_POINT('',(-2.25,-1.565,4.5));
#5487 = VECTOR('',#5488,1.);
#5488 = DIRECTION('',(1.,0.,0.));
#5489 = ORIENTED_EDGE('',*,*,#3327,.T.);
#5490 = ORIENTED_EDGE('',*,*,#4505,.F.);
#5491 = ORIENTED_EDGE('',*,*,#3385,.F.);
#5492 = PLANE('',#5493);
#5493 = AXIS2_PLACEMENT_3D('',#5494,#5495,#5496);
#5494 = CARTESIAN_POINT('',(-2.25,-1.565,3.));
#5495 = DIRECTION('',(0.,1.,0.));
#5496 = DIRECTION('',(0.,-0.,1.));
#5497 = ADVANCED_FACE('',(#5498),#5509,.T.);
#5498 = FACE_BOUND('',#5499,.T.);
#5499 = EDGE_LOOP('',(#5500,#5506,#5507,#5508));
#5500 = ORIENTED_EDGE('',*,*,#5501,.F.);
#5501 = EDGE_CURVE('',#3448,#3418,#5502,.T.);
#5502 = LINE('',#5503,#5504);
#5503 = CARTESIAN_POINT('',(-2.25,-1.715,4.5));
#5504 = VECTOR('',#5505,1.);
#5505 = DIRECTION('',(-1.,0.,0.));
#5506 = ORIENTED_EDGE('',*,*,#3447,.T.);
#5507 = ORIENTED_EDGE('',*,*,#4514,.F.);
#5508 = ORIENTED_EDGE('',*,*,#3425,.F.);
#5509 = PLANE('',#5510);
#5510 = AXIS2_PLACEMENT_3D('',#5511,#5512,#5513);
#5511 = CARTESIAN_POINT('',(-2.25,-1.715,3.));
#5512 = DIRECTION('',(0.,-1.,0.));
#5513 = DIRECTION('',(0.,-0.,-1.));
#5514 = ADVANCED_FACE('',(#5515),#5526,.T.);
#5515 = FACE_BOUND('',#5516,.T.);
#5516 = EDGE_LOOP('',(#5517,#5523,#5524,#5525));
#5517 = ORIENTED_EDGE('',*,*,#5518,.F.);
#5518 = EDGE_CURVE('',#3248,#3298,#5519,.T.);
#5519 = LINE('',#5520,#5521);
#5520 = CARTESIAN_POINT('',(-2.25,-1.265,4.5));
#5521 = VECTOR('',#5522,1.);
#5522 = DIRECTION('',(1.,0.,0.));
#5523 = ORIENTED_EDGE('',*,*,#3247,.T.);
#5524 = ORIENTED_EDGE('',*,*,#4489,.F.);
#5525 = ORIENTED_EDGE('',*,*,#3305,.F.);
#5526 = PLANE('',#5527);
#5527 = AXIS2_PLACEMENT_3D('',#5528,#5529,#5530);
#5528 = CARTESIAN_POINT('',(-2.25,-1.265,3.));
#5529 = DIRECTION('',(0.,1.,0.));
#5530 = DIRECTION('',(0.,-0.,1.));
#5531 = ADVANCED_FACE('',(#5532),#5543,.T.);
#5532 = FACE_BOUND('',#5533,.T.);
#5533 = EDGE_LOOP('',(#5534,#5540,#5541,#5542));
#5534 = ORIENTED_EDGE('',*,*,#5535,.F.);
#5535 = EDGE_CURVE('',#3368,#3338,#5536,.T.);
#5536 = LINE('',#5537,#5538);
#5537 = CARTESIAN_POINT('',(-2.25,-1.415,4.5));
#5538 = VECTOR('',#5539,1.);
#5539 = DIRECTION('',(-1.,0.,0.));
#5540 = ORIENTED_EDGE('',*,*,#3367,.T.);
#5541 = ORIENTED_EDGE('',*,*,#4498,.F.);
#5542 = ORIENTED_EDGE('',*,*,#3345,.F.);
#5543 = PLANE('',#5544);
#5544 = AXIS2_PLACEMENT_3D('',#5545,#5546,#5547);
#5545 = CARTESIAN_POINT('',(-2.25,-1.415,3.));
#5546 = DIRECTION('',(0.,-1.,0.));
#5547 = DIRECTION('',(0.,-0.,-1.));
#5548 = ADVANCED_FACE('',(#5549),#5560,.T.);
#5549 = FACE_BOUND('',#5550,.T.);
#5550 = EDGE_LOOP('',(#5551,#5557,#5558,#5559));
#5551 = ORIENTED_EDGE('',*,*,#5552,.F.);
#5552 = EDGE_CURVE('',#3168,#3218,#5553,.T.);
#5553 = LINE('',#5554,#5555);
#5554 = CARTESIAN_POINT('',(-2.25,-0.965,4.5));
#5555 = VECTOR('',#5556,1.);
#5556 = DIRECTION('',(1.,0.,0.));
#5557 = ORIENTED_EDGE('',*,*,#3167,.T.);
#5558 = ORIENTED_EDGE('',*,*,#4473,.F.);
#5559 = ORIENTED_EDGE('',*,*,#3225,.F.);
#5560 = PLANE('',#5561);
#5561 = AXIS2_PLACEMENT_3D('',#5562,#5563,#5564);
#5562 = CARTESIAN_POINT('',(-2.25,-0.965,3.));
#5563 = DIRECTION('',(0.,1.,0.));
#5564 = DIRECTION('',(0.,-0.,1.));
#5565 = ADVANCED_FACE('',(#5566),#5577,.T.);
#5566 = FACE_BOUND('',#5567,.T.);
#5567 = EDGE_LOOP('',(#5568,#5574,#5575,#5576));
#5568 = ORIENTED_EDGE('',*,*,#5569,.F.);
#5569 = EDGE_CURVE('',#3288,#3258,#5570,.T.);
#5570 = LINE('',#5571,#5572);
#5571 = CARTESIAN_POINT('',(-2.25,-1.115,4.5));
#5572 = VECTOR('',#5573,1.);
#5573 = DIRECTION('',(-1.,0.,0.));
#5574 = ORIENTED_EDGE('',*,*,#3287,.T.);
#5575 = ORIENTED_EDGE('',*,*,#4482,.F.);
#5576 = ORIENTED_EDGE('',*,*,#3265,.F.);
#5577 = PLANE('',#5578);
#5578 = AXIS2_PLACEMENT_3D('',#5579,#5580,#5581);
#5579 = CARTESIAN_POINT('',(-2.25,-1.115,3.));
#5580 = DIRECTION('',(0.,-1.,0.));
#5581 = DIRECTION('',(0.,-0.,-1.));
#5582 = ADVANCED_FACE('',(#5583),#5594,.T.);
#5583 = FACE_BOUND('',#5584,.T.);
#5584 = EDGE_LOOP('',(#5585,#5591,#5592,#5593));
#5585 = ORIENTED_EDGE('',*,*,#5586,.F.);
#5586 = EDGE_CURVE('',#3088,#3138,#5587,.T.);
#5587 = LINE('',#5588,#5589);
#5588 = CARTESIAN_POINT('',(-2.25,-0.665,4.5));
#5589 = VECTOR('',#5590,1.);
#5590 = DIRECTION('',(1.,0.,0.));
#5591 = ORIENTED_EDGE('',*,*,#3087,.T.);
#5592 = ORIENTED_EDGE('',*,*,#4457,.F.);
#5593 = ORIENTED_EDGE('',*,*,#3145,.F.);
#5594 = PLANE('',#5595);
#5595 = AXIS2_PLACEMENT_3D('',#5596,#5597,#5598);
#5596 = CARTESIAN_POINT('',(-2.25,-0.665,3.));
#5597 = DIRECTION('',(0.,1.,0.));
#5598 = DIRECTION('',(0.,-0.,1.));
#5599 = ADVANCED_FACE('',(#5600),#5611,.T.);
#5600 = FACE_BOUND('',#5601,.T.);
#5601 = EDGE_LOOP('',(#5602,#5608,#5609,#5610));
#5602 = ORIENTED_EDGE('',*,*,#5603,.F.);
#5603 = EDGE_CURVE('',#3208,#3178,#5604,.T.);
#5604 = LINE('',#5605,#5606);
#5605 = CARTESIAN_POINT('',(-2.25,-0.815,4.5));
#5606 = VECTOR('',#5607,1.);
#5607 = DIRECTION('',(-1.,0.,0.));
#5608 = ORIENTED_EDGE('',*,*,#3207,.T.);
#5609 = ORIENTED_EDGE('',*,*,#4466,.F.);
#5610 = ORIENTED_EDGE('',*,*,#3185,.F.);
#5611 = PLANE('',#5612);
#5612 = AXIS2_PLACEMENT_3D('',#5613,#5614,#5615);
#5613 = CARTESIAN_POINT('',(-2.25,-0.815,3.));
#5614 = DIRECTION('',(0.,-1.,0.));
#5615 = DIRECTION('',(0.,-0.,-1.));
#5616 = ADVANCED_FACE('',(#5617),#5628,.T.);
#5617 = FACE_BOUND('',#5618,.T.);
#5618 = EDGE_LOOP('',(#5619,#5625,#5626,#5627));
#5619 = ORIENTED_EDGE('',*,*,#5620,.F.);
#5620 = EDGE_CURVE('',#3008,#3058,#5621,.T.);
#5621 = LINE('',#5622,#5623);
#5622 = CARTESIAN_POINT('',(-2.25,-0.365,4.5));
#5623 = VECTOR('',#5624,1.);
#5624 = DIRECTION('',(1.,0.,0.));
#5625 = ORIENTED_EDGE('',*,*,#3007,.T.);
#5626 = ORIENTED_EDGE('',*,*,#4441,.F.);
#5627 = ORIENTED_EDGE('',*,*,#3065,.F.);
#5628 = PLANE('',#5629);
#5629 = AXIS2_PLACEMENT_3D('',#5630,#5631,#5632);
#5630 = CARTESIAN_POINT('',(-2.25,-0.365,3.));
#5631 = DIRECTION('',(0.,1.,0.));
#5632 = DIRECTION('',(0.,-0.,1.));
#5633 = ADVANCED_FACE('',(#5634),#5645,.T.);
#5634 = FACE_BOUND('',#5635,.T.);
#5635 = EDGE_LOOP('',(#5636,#5642,#5643,#5644));
#5636 = ORIENTED_EDGE('',*,*,#5637,.F.);
#5637 = EDGE_CURVE('',#3128,#3098,#5638,.T.);
#5638 = LINE('',#5639,#5640);
#5639 = CARTESIAN_POINT('',(-2.25,-0.515,4.5));
#5640 = VECTOR('',#5641,1.);
#5641 = DIRECTION('',(-1.,0.,0.));
#5642 = ORIENTED_EDGE('',*,*,#3127,.T.);
#5643 = ORIENTED_EDGE('',*,*,#4450,.F.);
#5644 = ORIENTED_EDGE('',*,*,#3105,.F.);
#5645 = PLANE('',#5646);
#5646 = AXIS2_PLACEMENT_3D('',#5647,#5648,#5649);
#5647 = CARTESIAN_POINT('',(-2.25,-0.515,3.));
#5648 = DIRECTION('',(0.,-1.,0.));
#5649 = DIRECTION('',(0.,-0.,-1.));
#5650 = ADVANCED_FACE('',(#5651),#5662,.T.);
#5651 = FACE_BOUND('',#5652,.T.);
#5652 = EDGE_LOOP('',(#5653,#5659,#5660,#5661));
#5653 = ORIENTED_EDGE('',*,*,#5654,.F.);
#5654 = EDGE_CURVE('',#2928,#2978,#5655,.T.);
#5655 = LINE('',#5656,#5657);
#5656 = CARTESIAN_POINT('',(-2.25,-6.5E-02,4.5));
#5657 = VECTOR('',#5658,1.);
#5658 = DIRECTION('',(1.,0.,0.));
#5659 = ORIENTED_EDGE('',*,*,#2927,.T.);
#5660 = ORIENTED_EDGE('',*,*,#4425,.F.);
#5661 = ORIENTED_EDGE('',*,*,#2985,.F.);
#5662 = PLANE('',#5663);
#5663 = AXIS2_PLACEMENT_3D('',#5664,#5665,#5666);
#5664 = CARTESIAN_POINT('',(-2.25,-6.5E-02,3.));
#5665 = DIRECTION('',(0.,1.,0.));
#5666 = DIRECTION('',(0.,-0.,1.));
#5667 = ADVANCED_FACE('',(#5668),#5679,.T.);
#5668 = FACE_BOUND('',#5669,.T.);
#5669 = EDGE_LOOP('',(#5670,#5676,#5677,#5678));
#5670 = ORIENTED_EDGE('',*,*,#5671,.F.);
#5671 = EDGE_CURVE('',#3048,#3018,#5672,.T.);
#5672 = LINE('',#5673,#5674);
#5673 = CARTESIAN_POINT('',(-2.25,-0.215,4.5));
#5674 = VECTOR('',#5675,1.);
#5675 = DIRECTION('',(-1.,0.,0.));
#5676 = ORIENTED_EDGE('',*,*,#3047,.T.);
#5677 = ORIENTED_EDGE('',*,*,#4434,.F.);
#5678 = ORIENTED_EDGE('',*,*,#3025,.F.);
#5679 = PLANE('',#5680);
#5680 = AXIS2_PLACEMENT_3D('',#5681,#5682,#5683);
#5681 = CARTESIAN_POINT('',(-2.25,-0.215,3.));
#5682 = DIRECTION('',(0.,-1.,0.));
#5683 = DIRECTION('',(0.,-0.,-1.));
#5684 = ADVANCED_FACE('',(#5685),#5696,.T.);
#5685 = FACE_BOUND('',#5686,.T.);
#5686 = EDGE_LOOP('',(#5687,#5693,#5694,#5695));
#5687 = ORIENTED_EDGE('',*,*,#5688,.F.);
#5688 = EDGE_CURVE('',#2848,#2898,#5689,.T.);
#5689 = LINE('',#5690,#5691);
#5690 = CARTESIAN_POINT('',(-2.25,0.235,4.5));
#5691 = VECTOR('',#5692,1.);
#5692 = DIRECTION('',(1.,0.,0.));
#5693 = ORIENTED_EDGE('',*,*,#2847,.T.);
#5694 = ORIENTED_EDGE('',*,*,#4409,.F.);
#5695 = ORIENTED_EDGE('',*,*,#2905,.F.);
#5696 = PLANE('',#5697);
#5697 = AXIS2_PLACEMENT_3D('',#5698,#5699,#5700);
#5698 = CARTESIAN_POINT('',(-2.25,0.235,3.));
#5699 = DIRECTION('',(0.,1.,0.));
#5700 = DIRECTION('',(0.,-0.,1.));
#5701 = ADVANCED_FACE('',(#5702),#5713,.T.);
#5702 = FACE_BOUND('',#5703,.T.);
#5703 = EDGE_LOOP('',(#5704,#5710,#5711,#5712));
#5704 = ORIENTED_EDGE('',*,*,#5705,.F.);
#5705 = EDGE_CURVE('',#2968,#2938,#5706,.T.);
#5706 = LINE('',#5707,#5708);
#5707 = CARTESIAN_POINT('',(-2.25,8.5E-02,4.5));
#5708 = VECTOR('',#5709,1.);
#5709 = DIRECTION('',(-1.,0.,0.));
#5710 = ORIENTED_EDGE('',*,*,#2967,.T.);
#5711 = ORIENTED_EDGE('',*,*,#4418,.F.);
#5712 = ORIENTED_EDGE('',*,*,#2945,.F.);
#5713 = PLANE('',#5714);
#5714 = AXIS2_PLACEMENT_3D('',#5715,#5716,#5717);
#5715 = CARTESIAN_POINT('',(-2.25,8.5E-02,3.));
#5716 = DIRECTION('',(0.,-1.,0.));
#5717 = DIRECTION('',(0.,-0.,-1.));
#5718 = ADVANCED_FACE('',(#5719),#5730,.T.);
#5719 = FACE_BOUND('',#5720,.T.);
#5720 = EDGE_LOOP('',(#5721,#5727,#5728,#5729));
#5721 = ORIENTED_EDGE('',*,*,#5722,.F.);
#5722 = EDGE_CURVE('',#2768,#2818,#5723,.T.);
#5723 = LINE('',#5724,#5725);
#5724 = CARTESIAN_POINT('',(-2.25,0.535,4.5));
#5725 = VECTOR('',#5726,1.);
#5726 = DIRECTION('',(1.,0.,0.));
#5727 = ORIENTED_EDGE('',*,*,#2767,.T.);
#5728 = ORIENTED_EDGE('',*,*,#4393,.F.);
#5729 = ORIENTED_EDGE('',*,*,#2825,.F.);
#5730 = PLANE('',#5731);
#5731 = AXIS2_PLACEMENT_3D('',#5732,#5733,#5734);
#5732 = CARTESIAN_POINT('',(-2.25,0.535,3.));
#5733 = DIRECTION('',(0.,1.,0.));
#5734 = DIRECTION('',(0.,-0.,1.));
#5735 = ADVANCED_FACE('',(#5736),#5747,.T.);
#5736 = FACE_BOUND('',#5737,.T.);
#5737 = EDGE_LOOP('',(#5738,#5744,#5745,#5746));
#5738 = ORIENTED_EDGE('',*,*,#5739,.F.);
#5739 = EDGE_CURVE('',#2888,#2858,#5740,.T.);
#5740 = LINE('',#5741,#5742);
#5741 = CARTESIAN_POINT('',(-2.25,0.385,4.5));
#5742 = VECTOR('',#5743,1.);
#5743 = DIRECTION('',(-1.,0.,0.));
#5744 = ORIENTED_EDGE('',*,*,#2887,.T.);
#5745 = ORIENTED_EDGE('',*,*,#4402,.F.);
#5746 = ORIENTED_EDGE('',*,*,#2865,.F.);
#5747 = PLANE('',#5748);
#5748 = AXIS2_PLACEMENT_3D('',#5749,#5750,#5751);
#5749 = CARTESIAN_POINT('',(-2.25,0.385,3.));
#5750 = DIRECTION('',(0.,-1.,0.));
#5751 = DIRECTION('',(0.,-0.,-1.));
#5752 = ADVANCED_FACE('',(#5753),#5764,.T.);
#5753 = FACE_BOUND('',#5754,.T.);
#5754 = EDGE_LOOP('',(#5755,#5761,#5762,#5763));
#5755 = ORIENTED_EDGE('',*,*,#5756,.F.);
#5756 = EDGE_CURVE('',#2688,#2738,#5757,.T.);
#5757 = LINE('',#5758,#5759);
#5758 = CARTESIAN_POINT('',(-2.25,0.835,4.5));
#5759 = VECTOR('',#5760,1.);
#5760 = DIRECTION('',(1.,0.,0.));
#5761 = ORIENTED_EDGE('',*,*,#2687,.T.);
#5762 = ORIENTED_EDGE('',*,*,#4377,.F.);
#5763 = ORIENTED_EDGE('',*,*,#2745,.F.);
#5764 = PLANE('',#5765);
#5765 = AXIS2_PLACEMENT_3D('',#5766,#5767,#5768);
#5766 = CARTESIAN_POINT('',(-2.25,0.835,3.));
#5767 = DIRECTION('',(0.,1.,0.));
#5768 = DIRECTION('',(0.,-0.,1.));
#5769 = ADVANCED_FACE('',(#5770),#5781,.T.);
#5770 = FACE_BOUND('',#5771,.T.);
#5771 = EDGE_LOOP('',(#5772,#5778,#5779,#5780));
#5772 = ORIENTED_EDGE('',*,*,#5773,.F.);
#5773 = EDGE_CURVE('',#2808,#2778,#5774,.T.);
#5774 = LINE('',#5775,#5776);
#5775 = CARTESIAN_POINT('',(-2.25,0.685,4.5));
#5776 = VECTOR('',#5777,1.);
#5777 = DIRECTION('',(-1.,0.,0.));
#5778 = ORIENTED_EDGE('',*,*,#2807,.T.);
#5779 = ORIENTED_EDGE('',*,*,#4386,.F.);
#5780 = ORIENTED_EDGE('',*,*,#2785,.F.);
#5781 = PLANE('',#5782);
#5782 = AXIS2_PLACEMENT_3D('',#5783,#5784,#5785);
#5783 = CARTESIAN_POINT('',(-2.25,0.685,3.));
#5784 = DIRECTION('',(0.,-1.,0.));
#5785 = DIRECTION('',(0.,-0.,-1.));
#5786 = ADVANCED_FACE('',(#5787),#5798,.T.);
#5787 = FACE_BOUND('',#5788,.T.);
#5788 = EDGE_LOOP('',(#5789,#5795,#5796,#5797));
#5789 = ORIENTED_EDGE('',*,*,#5790,.F.);
#5790 = EDGE_CURVE('',#2608,#2658,#5791,.T.);
#5791 = LINE('',#5792,#5793);
#5792 = CARTESIAN_POINT('',(-2.25,1.135,4.5));
#5793 = VECTOR('',#5794,1.);
#5794 = DIRECTION('',(1.,0.,0.));
#5795 = ORIENTED_EDGE('',*,*,#2607,.T.);
#5796 = ORIENTED_EDGE('',*,*,#4361,.F.);
#5797 = ORIENTED_EDGE('',*,*,#2665,.F.);
#5798 = PLANE('',#5799);
#5799 = AXIS2_PLACEMENT_3D('',#5800,#5801,#5802);
#5800 = CARTESIAN_POINT('',(-2.25,1.135,3.));
#5801 = DIRECTION('',(0.,1.,0.));
#5802 = DIRECTION('',(0.,-0.,1.));
#5803 = ADVANCED_FACE('',(#5804),#5815,.T.);
#5804 = FACE_BOUND('',#5805,.T.);
#5805 = EDGE_LOOP('',(#5806,#5812,#5813,#5814));
#5806 = ORIENTED_EDGE('',*,*,#5807,.F.);
#5807 = EDGE_CURVE('',#2728,#2698,#5808,.T.);
#5808 = LINE('',#5809,#5810);
#5809 = CARTESIAN_POINT('',(-2.25,0.985,4.5));
#5810 = VECTOR('',#5811,1.);
#5811 = DIRECTION('',(-1.,0.,0.));
#5812 = ORIENTED_EDGE('',*,*,#2727,.T.);
#5813 = ORIENTED_EDGE('',*,*,#4370,.F.);
#5814 = ORIENTED_EDGE('',*,*,#2705,.F.);
#5815 = PLANE('',#5816);
#5816 = AXIS2_PLACEMENT_3D('',#5817,#5818,#5819);
#5817 = CARTESIAN_POINT('',(-2.25,0.985,3.));
#5818 = DIRECTION('',(0.,-1.,0.));
#5819 = DIRECTION('',(0.,-0.,-1.));
#5820 = ADVANCED_FACE('',(#5821),#5832,.T.);
#5821 = FACE_BOUND('',#5822,.T.);
#5822 = EDGE_LOOP('',(#5823,#5829,#5830,#5831));
#5823 = ORIENTED_EDGE('',*,*,#5824,.F.);
#5824 = EDGE_CURVE('',#2528,#2578,#5825,.T.);
#5825 = LINE('',#5826,#5827);
#5826 = CARTESIAN_POINT('',(-2.25,1.435,4.5));
#5827 = VECTOR('',#5828,1.);
#5828 = DIRECTION('',(1.,0.,0.));
#5829 = ORIENTED_EDGE('',*,*,#2527,.T.);
#5830 = ORIENTED_EDGE('',*,*,#4345,.F.);
#5831 = ORIENTED_EDGE('',*,*,#2585,.F.);
#5832 = PLANE('',#5833);
#5833 = AXIS2_PLACEMENT_3D('',#5834,#5835,#5836);
#5834 = CARTESIAN_POINT('',(-2.25,1.435,3.));
#5835 = DIRECTION('',(0.,1.,0.));
#5836 = DIRECTION('',(0.,-0.,1.));
#5837 = ADVANCED_FACE('',(#5838),#5849,.T.);
#5838 = FACE_BOUND('',#5839,.T.);
#5839 = EDGE_LOOP('',(#5840,#5846,#5847,#5848));
#5840 = ORIENTED_EDGE('',*,*,#5841,.F.);
#5841 = EDGE_CURVE('',#2648,#2618,#5842,.T.);
#5842 = LINE('',#5843,#5844);
#5843 = CARTESIAN_POINT('',(-2.25,1.285,4.5));
#5844 = VECTOR('',#5845,1.);
#5845 = DIRECTION('',(-1.,0.,0.));
#5846 = ORIENTED_EDGE('',*,*,#2647,.T.);
#5847 = ORIENTED_EDGE('',*,*,#4354,.F.);
#5848 = ORIENTED_EDGE('',*,*,#2625,.F.);
#5849 = PLANE('',#5850);
#5850 = AXIS2_PLACEMENT_3D('',#5851,#5852,#5853);
#5851 = CARTESIAN_POINT('',(-2.25,1.285,3.));
#5852 = DIRECTION('',(0.,-1.,0.));
#5853 = DIRECTION('',(0.,-0.,-1.));
#5854 = ADVANCED_FACE('',(#5855),#5866,.T.);
#5855 = FACE_BOUND('',#5856,.T.);
#5856 = EDGE_LOOP('',(#5857,#5863,#5864,#5865));
#5857 = ORIENTED_EDGE('',*,*,#5858,.F.);
#5858 = EDGE_CURVE('',#2448,#2498,#5859,.T.);
#5859 = LINE('',#5860,#5861);
#5860 = CARTESIAN_POINT('',(-2.25,1.735,4.5));
#5861 = VECTOR('',#5862,1.);
#5862 = DIRECTION('',(1.,0.,0.));
#5863 = ORIENTED_EDGE('',*,*,#2447,.T.);
#5864 = ORIENTED_EDGE('',*,*,#4329,.F.);
#5865 = ORIENTED_EDGE('',*,*,#2505,.F.);
#5866 = PLANE('',#5867);
#5867 = AXIS2_PLACEMENT_3D('',#5868,#5869,#5870);
#5868 = CARTESIAN_POINT('',(-2.25,1.735,3.));
#5869 = DIRECTION('',(0.,1.,0.));
#5870 = DIRECTION('',(0.,-0.,1.));
#5871 = ADVANCED_FACE('',(#5872),#5883,.T.);
#5872 = FACE_BOUND('',#5873,.T.);
#5873 = EDGE_LOOP('',(#5874,#5880,#5881,#5882));
#5874 = ORIENTED_EDGE('',*,*,#5875,.F.);
#5875 = EDGE_CURVE('',#2568,#2538,#5876,.T.);
#5876 = LINE('',#5877,#5878);
#5877 = CARTESIAN_POINT('',(-2.25,1.585,4.5));
#5878 = VECTOR('',#5879,1.);
#5879 = DIRECTION('',(-1.,0.,0.));
#5880 = ORIENTED_EDGE('',*,*,#2567,.T.);
#5881 = ORIENTED_EDGE('',*,*,#4338,.F.);
#5882 = ORIENTED_EDGE('',*,*,#2545,.F.);
#5883 = PLANE('',#5884);
#5884 = AXIS2_PLACEMENT_3D('',#5885,#5886,#5887);
#5885 = CARTESIAN_POINT('',(-2.25,1.585,3.));
#5886 = DIRECTION('',(0.,-1.,0.));
#5887 = DIRECTION('',(0.,-0.,-1.));
#5888 = ADVANCED_FACE('',(#5889),#5900,.T.);
#5889 = FACE_BOUND('',#5890,.T.);
#5890 = EDGE_LOOP('',(#5891,#5897,#5898,#5899));
#5891 = ORIENTED_EDGE('',*,*,#5892,.F.);
#5892 = EDGE_CURVE('',#2368,#2418,#5893,.T.);
#5893 = LINE('',#5894,#5895);
#5894 = CARTESIAN_POINT('',(-2.25,2.035,4.5));
#5895 = VECTOR('',#5896,1.);
#5896 = DIRECTION('',(1.,0.,0.));
#5897 = ORIENTED_EDGE('',*,*,#2367,.T.);
#5898 = ORIENTED_EDGE('',*,*,#4313,.F.);
#5899 = ORIENTED_EDGE('',*,*,#2425,.F.);
#5900 = PLANE('',#5901);
#5901 = AXIS2_PLACEMENT_3D('',#5902,#5903,#5904);
#5902 = CARTESIAN_POINT('',(-2.25,2.035,3.));
#5903 = DIRECTION('',(0.,1.,0.));
#5904 = DIRECTION('',(0.,-0.,1.));
#5905 = ADVANCED_FACE('',(#5906),#5917,.T.);
#5906 = FACE_BOUND('',#5907,.T.);
#5907 = EDGE_LOOP('',(#5908,#5914,#5915,#5916));
#5908 = ORIENTED_EDGE('',*,*,#5909,.F.);
#5909 = EDGE_CURVE('',#2488,#2458,#5910,.T.);
#5910 = LINE('',#5911,#5912);
#5911 = CARTESIAN_POINT('',(-2.25,1.885,4.5));
#5912 = VECTOR('',#5913,1.);
#5913 = DIRECTION('',(-1.,0.,0.));
#5914 = ORIENTED_EDGE('',*,*,#2487,.T.);
#5915 = ORIENTED_EDGE('',*,*,#4322,.F.);
#5916 = ORIENTED_EDGE('',*,*,#2465,.F.);
#5917 = PLANE('',#5918);
#5918 = AXIS2_PLACEMENT_3D('',#5919,#5920,#5921);
#5919 = CARTESIAN_POINT('',(-2.25,1.885,3.));
#5920 = DIRECTION('',(0.,-1.,0.));
#5921 = DIRECTION('',(0.,-0.,-1.));
#5922 = ADVANCED_FACE('',(#5923),#5934,.T.);
#5923 = FACE_BOUND('',#5924,.T.);
#5924 = EDGE_LOOP('',(#5925,#5931,#5932,#5933));
#5925 = ORIENTED_EDGE('',*,*,#5926,.F.);
#5926 = EDGE_CURVE('',#2288,#2338,#5927,.T.);
#5927 = LINE('',#5928,#5929);
#5928 = CARTESIAN_POINT('',(-2.25,2.335,4.5));
#5929 = VECTOR('',#5930,1.);
#5930 = DIRECTION('',(1.,0.,0.));
#5931 = ORIENTED_EDGE('',*,*,#2287,.T.);
#5932 = ORIENTED_EDGE('',*,*,#4297,.F.);
#5933 = ORIENTED_EDGE('',*,*,#2345,.F.);
#5934 = PLANE('',#5935);
#5935 = AXIS2_PLACEMENT_3D('',#5936,#5937,#5938);
#5936 = CARTESIAN_POINT('',(-2.25,2.335,3.));
#5937 = DIRECTION('',(0.,1.,0.));
#5938 = DIRECTION('',(0.,-0.,1.));
#5939 = ADVANCED_FACE('',(#5940),#5951,.T.);
#5940 = FACE_BOUND('',#5941,.T.);
#5941 = EDGE_LOOP('',(#5942,#5948,#5949,#5950));
#5942 = ORIENTED_EDGE('',*,*,#5943,.F.);
#5943 = EDGE_CURVE('',#2408,#2378,#5944,.T.);
#5944 = LINE('',#5945,#5946);
#5945 = CARTESIAN_POINT('',(-2.25,2.185,4.5));
#5946 = VECTOR('',#5947,1.);
#5947 = DIRECTION('',(-1.,0.,0.));
#5948 = ORIENTED_EDGE('',*,*,#2407,.T.);
#5949 = ORIENTED_EDGE('',*,*,#4306,.F.);
#5950 = ORIENTED_EDGE('',*,*,#2385,.F.);
#5951 = PLANE('',#5952);
#5952 = AXIS2_PLACEMENT_3D('',#5953,#5954,#5955);
#5953 = CARTESIAN_POINT('',(-2.25,2.185,3.));
#5954 = DIRECTION('',(0.,-1.,0.));
#5955 = DIRECTION('',(0.,-0.,-1.));
#5956 = ADVANCED_FACE('',(#5957),#5968,.T.);
#5957 = FACE_BOUND('',#5958,.T.);
#5958 = EDGE_LOOP('',(#5959,#5965,#5966,#5967));
#5959 = ORIENTED_EDGE('',*,*,#5960,.F.);
#5960 = EDGE_CURVE('',#2208,#2258,#5961,.T.);
#5961 = LINE('',#5962,#5963);
#5962 = CARTESIAN_POINT('',(-2.25,2.635,4.5));
#5963 = VECTOR('',#5964,1.);
#5964 = DIRECTION('',(1.,0.,0.));
#5965 = ORIENTED_EDGE('',*,*,#2207,.T.);
#5966 = ORIENTED_EDGE('',*,*,#4281,.F.);
#5967 = ORIENTED_EDGE('',*,*,#2265,.F.);
#5968 = PLANE('',#5969);
#5969 = AXIS2_PLACEMENT_3D('',#5970,#5971,#5972);
#5970 = CARTESIAN_POINT('',(-2.25,2.635,3.));
#5971 = DIRECTION('',(0.,1.,0.));
#5972 = DIRECTION('',(0.,-0.,1.));
#5973 = ADVANCED_FACE('',(#5974),#5985,.T.);
#5974 = FACE_BOUND('',#5975,.T.);
#5975 = EDGE_LOOP('',(#5976,#5982,#5983,#5984));
#5976 = ORIENTED_EDGE('',*,*,#5977,.F.);
#5977 = EDGE_CURVE('',#2328,#2298,#5978,.T.);
#5978 = LINE('',#5979,#5980);
#5979 = CARTESIAN_POINT('',(-2.25,2.485,4.5));
#5980 = VECTOR('',#5981,1.);
#5981 = DIRECTION('',(-1.,0.,0.));
#5982 = ORIENTED_EDGE('',*,*,#2327,.T.);
#5983 = ORIENTED_EDGE('',*,*,#4290,.F.);
#5984 = ORIENTED_EDGE('',*,*,#2305,.F.);
#5985 = PLANE('',#5986);
#5986 = AXIS2_PLACEMENT_3D('',#5987,#5988,#5989);
#5987 = CARTESIAN_POINT('',(-2.25,2.485,3.));
#5988 = DIRECTION('',(0.,-1.,0.));
#5989 = DIRECTION('',(0.,-0.,-1.));
#5990 = ADVANCED_FACE('',(#5991),#6002,.T.);
#5991 = FACE_BOUND('',#5992,.T.);
#5992 = EDGE_LOOP('',(#5993,#5999,#6000,#6001));
#5993 = ORIENTED_EDGE('',*,*,#5994,.F.);
#5994 = EDGE_CURVE('',#2128,#2178,#5995,.T.);
#5995 = LINE('',#5996,#5997);
#5996 = CARTESIAN_POINT('',(-2.25,2.935,4.5));
#5997 = VECTOR('',#5998,1.);
#5998 = DIRECTION('',(1.,0.,0.));
#5999 = ORIENTED_EDGE('',*,*,#2127,.T.);
#6000 = ORIENTED_EDGE('',*,*,#4619,.F.);
#6001 = ORIENTED_EDGE('',*,*,#2185,.F.);
#6002 = PLANE('',#6003);
#6003 = AXIS2_PLACEMENT_3D('',#6004,#6005,#6006);
#6004 = CARTESIAN_POINT('',(-2.25,2.935,3.));
#6005 = DIRECTION('',(0.,1.,0.));
#6006 = DIRECTION('',(0.,-0.,1.));
#6007 = ADVANCED_FACE('',(#6008),#6019,.T.);
#6008 = FACE_BOUND('',#6009,.T.);
#6009 = EDGE_LOOP('',(#6010,#6016,#6017,#6018));
#6010 = ORIENTED_EDGE('',*,*,#6011,.F.);
#6011 = EDGE_CURVE('',#2248,#2218,#6012,.T.);
#6012 = LINE('',#6013,#6014);
#6013 = CARTESIAN_POINT('',(-2.25,2.785,4.5));
#6014 = VECTOR('',#6015,1.);
#6015 = DIRECTION('',(-1.,0.,0.));
#6016 = ORIENTED_EDGE('',*,*,#2247,.T.);
#6017 = ORIENTED_EDGE('',*,*,#4274,.F.);
#6018 = ORIENTED_EDGE('',*,*,#2225,.F.);
#6019 = PLANE('',#6020);
#6020 = AXIS2_PLACEMENT_3D('',#6021,#6022,#6023);
#6021 = CARTESIAN_POINT('',(-2.25,2.785,3.));
#6022 = DIRECTION('',(0.,-1.,0.));
#6023 = DIRECTION('',(0.,-0.,-1.));
#6024 = ADVANCED_FACE('',(#6025),#6058,.F.);
#6025 = FACE_BOUND('',#6026,.T.);
#6026 = EDGE_LOOP('',(#6027,#6035,#6043,#6051,#6057));
#6027 = ORIENTED_EDGE('',*,*,#6028,.F.);
#6028 = EDGE_CURVE('',#6029,#4242,#6031,.T.);
#6029 = VERTEX_POINT('',#6030);
#6030 = CARTESIAN_POINT('',(1.596604217864,5.011724423047,4.5));
#6031 = LINE('',#6032,#6033);
#6032 = CARTESIAN_POINT('',(1.596604217864,5.011724423047,3.));
#6033 = VECTOR('',#6034,1.);
#6034 = DIRECTION('',(-0.,-0.,1.));
#6035 = ORIENTED_EDGE('',*,*,#6036,.T.);
#6036 = EDGE_CURVE('',#6029,#6037,#6039,.T.);
#6037 = VERTEX_POINT('',#6038);
#6038 = CARTESIAN_POINT('',(2.15,5.011724423047,4.5));
#6039 = LINE('',#6040,#6041);
#6040 = CARTESIAN_POINT('',(1.596604217864,5.011724423047,4.5));
#6041 = VECTOR('',#6042,1.);
#6042 = DIRECTION('',(1.,0.,-0.));
#6043 = ORIENTED_EDGE('',*,*,#6044,.T.);
#6044 = EDGE_CURVE('',#6037,#6045,#6047,.T.);
#6045 = VERTEX_POINT('',#6046);
#6046 = CARTESIAN_POINT('',(2.155691879605,5.011724423047,4.5));
#6047 = LINE('',#6048,#6049);
#6048 = CARTESIAN_POINT('',(1.596604217864,5.011724423047,4.5));
#6049 = VECTOR('',#6050,1.);
#6050 = DIRECTION('',(1.,0.,-0.));
#6051 = ORIENTED_EDGE('',*,*,#6052,.T.);
#6052 = EDGE_CURVE('',#6045,#4240,#6053,.T.);
#6053 = LINE('',#6054,#6055);
#6054 = CARTESIAN_POINT('',(2.155691879605,5.011724423047,3.));
#6055 = VECTOR('',#6056,1.);
#6056 = DIRECTION('',(-0.,-0.,1.));
#6057 = ORIENTED_EDGE('',*,*,#4239,.T.);
#6058 = PLANE('',#6059);
#6059 = AXIS2_PLACEMENT_3D('',#6060,#6061,#6062);
#6060 = CARTESIAN_POINT('',(1.596604217864,5.011724423047,3.));
#6061 = DIRECTION('',(-0.,1.,0.));
#6062 = DIRECTION('',(0.,0.,1.));
#6063 = ADVANCED_FACE('',(#6064),#6090,.F.);
#6064 = FACE_BOUND('',#6065,.T.);
#6065 = EDGE_LOOP('',(#6066,#6067,#6075,#6083,#6089));
#6066 = ORIENTED_EDGE('',*,*,#6052,.F.);
#6067 = ORIENTED_EDGE('',*,*,#6068,.T.);
#6068 = EDGE_CURVE('',#6045,#6069,#6071,.T.);
#6069 = VERTEX_POINT('',#6070);
#6070 = CARTESIAN_POINT('',(2.155691879605,4.88,4.5));
#6071 = LINE('',#6072,#6073);
#6072 = CARTESIAN_POINT('',(2.155691879605,5.011724423047,4.5));
#6073 = VECTOR('',#6074,1.);
#6074 = DIRECTION('',(0.,-1.,0.));
#6075 = ORIENTED_EDGE('',*,*,#6076,.T.);
#6076 = EDGE_CURVE('',#6069,#6077,#6079,.T.);
#6077 = VERTEX_POINT('',#6078);
#6078 = CARTESIAN_POINT('',(2.155691879605,4.705557370188,4.5));
#6079 = LINE('',#6080,#6081);
#6080 = CARTESIAN_POINT('',(2.155691879605,5.011724423047,4.5));
#6081 = VECTOR('',#6082,1.);
#6082 = DIRECTION('',(0.,-1.,0.));
#6083 = ORIENTED_EDGE('',*,*,#6084,.T.);
#6084 = EDGE_CURVE('',#6077,#4250,#6085,.T.);
#6085 = LINE('',#6086,#6087);
#6086 = CARTESIAN_POINT('',(2.155691879605,4.705557370188,3.));
#6087 = VECTOR('',#6088,1.);
#6088 = DIRECTION('',(-0.,-0.,1.));
#6089 = ORIENTED_EDGE('',*,*,#4249,.T.);
#6090 = PLANE('',#6091);
#6091 = AXIS2_PLACEMENT_3D('',#6092,#6093,#6094);
#6092 = CARTESIAN_POINT('',(2.155691879605,5.011724423047,3.));
#6093 = DIRECTION('',(1.,0.,0.));
#6094 = DIRECTION('',(0.,0.,-1.));
#6095 = ADVANCED_FACE('',(#6096),#6114,.F.);
#6096 = FACE_BOUND('',#6097,.T.);
#6097 = EDGE_LOOP('',(#6098,#6099,#6107,#6113));
#6098 = ORIENTED_EDGE('',*,*,#6084,.F.);
#6099 = ORIENTED_EDGE('',*,*,#6100,.T.);
#6100 = EDGE_CURVE('',#6077,#6101,#6103,.T.);
#6101 = VERTEX_POINT('',#6102);
#6102 = CARTESIAN_POINT('',(1.596604217864,4.705557370188,4.5));
#6103 = LINE('',#6104,#6105);
#6104 = CARTESIAN_POINT('',(1.596604217864,4.705557370188,4.5));
#6105 = VECTOR('',#6106,1.);
#6106 = DIRECTION('',(-1.,0.,0.));
#6107 = ORIENTED_EDGE('',*,*,#6108,.T.);
#6108 = EDGE_CURVE('',#6101,#4258,#6109,.T.);
#6109 = LINE('',#6110,#6111);
#6110 = CARTESIAN_POINT('',(1.596604217864,4.705557370188,3.));
#6111 = VECTOR('',#6112,1.);
#6112 = DIRECTION('',(-0.,-0.,1.));
#6113 = ORIENTED_EDGE('',*,*,#4257,.T.);
#6114 = PLANE('',#6115);
#6115 = AXIS2_PLACEMENT_3D('',#6116,#6117,#6118);
#6116 = CARTESIAN_POINT('',(1.596604217864,4.705557370188,3.));
#6117 = DIRECTION('',(0.,-1.,0.));
#6118 = DIRECTION('',(0.,-0.,-1.));
#6119 = ADVANCED_FACE('',(#6120),#6131,.F.);
#6120 = FACE_BOUND('',#6121,.T.);
#6121 = EDGE_LOOP('',(#6122,#6123,#6129,#6130));
#6122 = ORIENTED_EDGE('',*,*,#6108,.F.);
#6123 = ORIENTED_EDGE('',*,*,#6124,.T.);
#6124 = EDGE_CURVE('',#6101,#6029,#6125,.T.);
#6125 = LINE('',#6126,#6127);
#6126 = CARTESIAN_POINT('',(1.596604217864,5.011724423047,4.5));
#6127 = VECTOR('',#6128,1.);
#6128 = DIRECTION('',(0.,1.,0.));
#6129 = ORIENTED_EDGE('',*,*,#6028,.T.);
#6130 = ORIENTED_EDGE('',*,*,#4265,.T.);
#6131 = PLANE('',#6132);
#6132 = AXIS2_PLACEMENT_3D('',#6133,#6134,#6135);
#6133 = CARTESIAN_POINT('',(1.596604217864,5.011724423047,3.));
#6134 = DIRECTION('',(-1.,0.,-0.));
#6135 = DIRECTION('',(0.,0.,1.));
#6136 = ADVANCED_FACE('',(#6137),#6162,.F.);
#6137 = FACE_BOUND('',#6138,.T.);
#6138 = EDGE_LOOP('',(#6139,#6147,#6155,#6161));
#6139 = ORIENTED_EDGE('',*,*,#6140,.F.);
#6140 = EDGE_CURVE('',#6141,#4208,#6143,.T.);
#6141 = VERTEX_POINT('',#6142);
#6142 = CARTESIAN_POINT('',(2.555040209421,3.307838215835,4.5));
#6143 = LINE('',#6144,#6145);
#6144 = CARTESIAN_POINT('',(2.555040209421,3.307838215835,3.));
#6145 = VECTOR('',#6146,1.);
#6146 = DIRECTION('',(-0.,-0.,1.));
#6147 = ORIENTED_EDGE('',*,*,#6148,.T.);
#6148 = EDGE_CURVE('',#6141,#6149,#6151,.T.);
#6149 = VERTEX_POINT('',#6150);
#6150 = CARTESIAN_POINT('',(3.340425258058,3.307838215835,4.5));
#6151 = LINE('',#6152,#6153);
#6152 = CARTESIAN_POINT('',(2.555040209421,3.307838215835,4.5));
#6153 = VECTOR('',#6154,1.);
#6154 = DIRECTION('',(1.,0.,-0.));
#6155 = ORIENTED_EDGE('',*,*,#6156,.T.);
#6156 = EDGE_CURVE('',#6149,#4206,#6157,.T.);
#6157 = LINE('',#6158,#6159);
#6158 = CARTESIAN_POINT('',(3.340425258058,3.307838215835,3.));
#6159 = VECTOR('',#6160,1.);
#6160 = DIRECTION('',(-0.,-0.,1.));
#6161 = ORIENTED_EDGE('',*,*,#4205,.T.);
#6162 = PLANE('',#6163);
#6163 = AXIS2_PLACEMENT_3D('',#6164,#6165,#6166);
#6164 = CARTESIAN_POINT('',(2.555040209421,3.307838215835,3.));
#6165 = DIRECTION('',(-0.,1.,0.));
#6166 = DIRECTION('',(0.,0.,1.));
#6167 = ADVANCED_FACE('',(#6168),#6186,.F.);
#6168 = FACE_BOUND('',#6169,.T.);
#6169 = EDGE_LOOP('',(#6170,#6171,#6179,#6185));
#6170 = ORIENTED_EDGE('',*,*,#6156,.F.);
#6171 = ORIENTED_EDGE('',*,*,#6172,.T.);
#6172 = EDGE_CURVE('',#6149,#6173,#6175,.T.);
#6173 = VERTEX_POINT('',#6174);
#6174 = CARTESIAN_POINT('',(3.340425258058,2.828620220056,4.5));
#6175 = LINE('',#6176,#6177);
#6176 = CARTESIAN_POINT('',(3.340425258058,3.307838215835,4.5));
#6177 = VECTOR('',#6178,1.);
#6178 = DIRECTION('',(0.,-1.,0.));
#6179 = ORIENTED_EDGE('',*,*,#6180,.T.);
#6180 = EDGE_CURVE('',#6173,#4216,#6181,.T.);
#6181 = LINE('',#6182,#6183);
#6182 = CARTESIAN_POINT('',(3.340425258058,2.828620220056,3.));
#6183 = VECTOR('',#6184,1.);
#6184 = DIRECTION('',(-0.,-0.,1.));
#6185 = ORIENTED_EDGE('',*,*,#4215,.T.);
#6186 = PLANE('',#6187);
#6187 = AXIS2_PLACEMENT_3D('',#6188,#6189,#6190);
#6188 = CARTESIAN_POINT('',(3.340425258058,3.307838215835,3.));
#6189 = DIRECTION('',(1.,0.,0.));
#6190 = DIRECTION('',(0.,0.,-1.));
#6191 = ADVANCED_FACE('',(#6192),#6210,.F.);
#6192 = FACE_BOUND('',#6193,.T.);
#6193 = EDGE_LOOP('',(#6194,#6195,#6203,#6209));
#6194 = ORIENTED_EDGE('',*,*,#6180,.F.);
#6195 = ORIENTED_EDGE('',*,*,#6196,.T.);
#6196 = EDGE_CURVE('',#6173,#6197,#6199,.T.);
#6197 = VERTEX_POINT('',#6198);
#6198 = CARTESIAN_POINT('',(2.555040209421,2.828620220056,4.5));
#6199 = LINE('',#6200,#6201);
#6200 = CARTESIAN_POINT('',(2.555040209421,2.828620220056,4.5));
#6201 = VECTOR('',#6202,1.);
#6202 = DIRECTION('',(-1.,0.,0.));
#6203 = ORIENTED_EDGE('',*,*,#6204,.T.);
#6204 = EDGE_CURVE('',#6197,#4224,#6205,.T.);
#6205 = LINE('',#6206,#6207);
#6206 = CARTESIAN_POINT('',(2.555040209421,2.828620220056,3.));
#6207 = VECTOR('',#6208,1.);
#6208 = DIRECTION('',(-0.,-0.,1.));
#6209 = ORIENTED_EDGE('',*,*,#4223,.T.);
#6210 = PLANE('',#6211);
#6211 = AXIS2_PLACEMENT_3D('',#6212,#6213,#6214);
#6212 = CARTESIAN_POINT('',(2.555040209421,2.828620220056,3.));
#6213 = DIRECTION('',(0.,-1.,0.));
#6214 = DIRECTION('',(0.,-0.,-1.));
#6215 = ADVANCED_FACE('',(#6216),#6227,.F.);
#6216 = FACE_BOUND('',#6217,.T.);
#6217 = EDGE_LOOP('',(#6218,#6219,#6225,#6226));
#6218 = ORIENTED_EDGE('',*,*,#6204,.F.);
#6219 = ORIENTED_EDGE('',*,*,#6220,.T.);
#6220 = EDGE_CURVE('',#6197,#6141,#6221,.T.);
#6221 = LINE('',#6222,#6223);
#6222 = CARTESIAN_POINT('',(2.555040209421,3.307838215835,4.5));
#6223 = VECTOR('',#6224,1.);
#6224 = DIRECTION('',(0.,1.,0.));
#6225 = ORIENTED_EDGE('',*,*,#6140,.T.);
#6226 = ORIENTED_EDGE('',*,*,#4231,.T.);
#6227 = PLANE('',#6228);
#6228 = AXIS2_PLACEMENT_3D('',#6229,#6230,#6231);
#6229 = CARTESIAN_POINT('',(2.555040209421,3.307838215835,3.));
#6230 = DIRECTION('',(-1.,0.,-0.));
#6231 = DIRECTION('',(0.,0.,1.));
#6232 = ADVANCED_FACE('',(#6233),#6258,.F.);
#6233 = FACE_BOUND('',#6234,.T.);
#6234 = EDGE_LOOP('',(#6235,#6243,#6251,#6257));
#6235 = ORIENTED_EDGE('',*,*,#6236,.F.);
#6236 = EDGE_CURVE('',#6237,#4174,#6239,.T.);
#6237 = VERTEX_POINT('',#6238);
#6238 = CARTESIAN_POINT('',(2.555040209421,-3.297838215835,4.5));
#6239 = LINE('',#6240,#6241);
#6240 = CARTESIAN_POINT('',(2.555040209421,-3.297838215835,3.));
#6241 = VECTOR('',#6242,1.);
#6242 = DIRECTION('',(-0.,-0.,1.));
#6243 = ORIENTED_EDGE('',*,*,#6244,.T.);
#6244 = EDGE_CURVE('',#6237,#6245,#6247,.T.);
#6245 = VERTEX_POINT('',#6246);
#6246 = CARTESIAN_POINT('',(2.555040209421,-2.818620220056,4.5));
#6247 = LINE('',#6248,#6249);
#6248 = CARTESIAN_POINT('',(2.555040209421,-3.297838215835,4.5));
#6249 = VECTOR('',#6250,1.);
#6250 = DIRECTION('',(0.,1.,-0.));
#6251 = ORIENTED_EDGE('',*,*,#6252,.T.);
#6252 = EDGE_CURVE('',#6245,#4172,#6253,.T.);
#6253 = LINE('',#6254,#6255);
#6254 = CARTESIAN_POINT('',(2.555040209421,-2.818620220056,3.));
#6255 = VECTOR('',#6256,1.);
#6256 = DIRECTION('',(-0.,-0.,1.));
#6257 = ORIENTED_EDGE('',*,*,#4171,.T.);
#6258 = PLANE('',#6259);
#6259 = AXIS2_PLACEMENT_3D('',#6260,#6261,#6262);
#6260 = CARTESIAN_POINT('',(2.555040209421,-3.297838215835,3.));
#6261 = DIRECTION('',(-1.,0.,0.));
#6262 = DIRECTION('',(0.,0.,1.));
#6263 = ADVANCED_FACE('',(#6264),#6282,.F.);
#6264 = FACE_BOUND('',#6265,.T.);
#6265 = EDGE_LOOP('',(#6266,#6267,#6275,#6281));
#6266 = ORIENTED_EDGE('',*,*,#6252,.F.);
#6267 = ORIENTED_EDGE('',*,*,#6268,.T.);
#6268 = EDGE_CURVE('',#6245,#6269,#6271,.T.);
#6269 = VERTEX_POINT('',#6270);
#6270 = CARTESIAN_POINT('',(3.340425258058,-2.818620220056,4.5));
#6271 = LINE('',#6272,#6273);
#6272 = CARTESIAN_POINT('',(2.555040209421,-2.818620220056,4.5));
#6273 = VECTOR('',#6274,1.);
#6274 = DIRECTION('',(1.,0.,-0.));
#6275 = ORIENTED_EDGE('',*,*,#6276,.T.);
#6276 = EDGE_CURVE('',#6269,#4182,#6277,.T.);
#6277 = LINE('',#6278,#6279);
#6278 = CARTESIAN_POINT('',(3.340425258058,-2.818620220056,3.));
#6279 = VECTOR('',#6280,1.);
#6280 = DIRECTION('',(-0.,-0.,1.));
#6281 = ORIENTED_EDGE('',*,*,#4181,.T.);
#6282 = PLANE('',#6283);
#6283 = AXIS2_PLACEMENT_3D('',#6284,#6285,#6286);
#6284 = CARTESIAN_POINT('',(2.555040209421,-2.818620220056,3.));
#6285 = DIRECTION('',(-0.,1.,0.));
#6286 = DIRECTION('',(0.,0.,1.));
#6287 = ADVANCED_FACE('',(#6288),#6306,.F.);
#6288 = FACE_BOUND('',#6289,.T.);
#6289 = EDGE_LOOP('',(#6290,#6291,#6299,#6305));
#6290 = ORIENTED_EDGE('',*,*,#6276,.F.);
#6291 = ORIENTED_EDGE('',*,*,#6292,.T.);
#6292 = EDGE_CURVE('',#6269,#6293,#6295,.T.);
#6293 = VERTEX_POINT('',#6294);
#6294 = CARTESIAN_POINT('',(3.340425258058,-3.297838215835,4.5));
#6295 = LINE('',#6296,#6297);
#6296 = CARTESIAN_POINT('',(3.340425258058,-3.297838215835,4.5));
#6297 = VECTOR('',#6298,1.);
#6298 = DIRECTION('',(-0.,-1.,0.));
#6299 = ORIENTED_EDGE('',*,*,#6300,.T.);
#6300 = EDGE_CURVE('',#6293,#4190,#6301,.T.);
#6301 = LINE('',#6302,#6303);
#6302 = CARTESIAN_POINT('',(3.340425258058,-3.297838215835,3.));
#6303 = VECTOR('',#6304,1.);
#6304 = DIRECTION('',(-0.,-0.,1.));
#6305 = ORIENTED_EDGE('',*,*,#4189,.T.);
#6306 = PLANE('',#6307);
#6307 = AXIS2_PLACEMENT_3D('',#6308,#6309,#6310);
#6308 = CARTESIAN_POINT('',(3.340425258058,-3.297838215835,3.));
#6309 = DIRECTION('',(1.,-0.,0.));
#6310 = DIRECTION('',(0.,0.,-1.));
#6311 = ADVANCED_FACE('',(#6312),#6323,.F.);
#6312 = FACE_BOUND('',#6313,.T.);
#6313 = EDGE_LOOP('',(#6314,#6315,#6321,#6322));
#6314 = ORIENTED_EDGE('',*,*,#6300,.F.);
#6315 = ORIENTED_EDGE('',*,*,#6316,.T.);
#6316 = EDGE_CURVE('',#6293,#6237,#6317,.T.);
#6317 = LINE('',#6318,#6319);
#6318 = CARTESIAN_POINT('',(2.555040209421,-3.297838215835,4.5));
#6319 = VECTOR('',#6320,1.);
#6320 = DIRECTION('',(-1.,0.,0.));
#6321 = ORIENTED_EDGE('',*,*,#6236,.T.);
#6322 = ORIENTED_EDGE('',*,*,#4197,.T.);
#6323 = PLANE('',#6324);
#6324 = AXIS2_PLACEMENT_3D('',#6325,#6326,#6327);
#6325 = CARTESIAN_POINT('',(2.555040209421,-3.297838215835,3.));
#6326 = DIRECTION('',(0.,-1.,0.));
#6327 = DIRECTION('',(0.,-0.,-1.));
#6328 = ADVANCED_FACE('',(#6329),#6354,.F.);
#6329 = FACE_BOUND('',#6330,.T.);
#6330 = EDGE_LOOP('',(#6331,#6339,#6347,#6353));
#6331 = ORIENTED_EDGE('',*,*,#6332,.F.);
#6332 = EDGE_CURVE('',#6333,#4140,#6335,.T.);
#6333 = VERTEX_POINT('',#6334);
#6334 = CARTESIAN_POINT('',(1.596604217864,-5.001724423047,4.5));
#6335 = LINE('',#6336,#6337);
#6336 = CARTESIAN_POINT('',(1.596604217864,-5.001724423047,3.));
#6337 = VECTOR('',#6338,1.);
#6338 = DIRECTION('',(-0.,-0.,1.));
#6339 = ORIENTED_EDGE('',*,*,#6340,.T.);
#6340 = EDGE_CURVE('',#6333,#6341,#6343,.T.);
#6341 = VERTEX_POINT('',#6342);
#6342 = CARTESIAN_POINT('',(1.596604217864,-4.695557370188,4.5));
#6343 = LINE('',#6344,#6345);
#6344 = CARTESIAN_POINT('',(1.596604217864,-5.001724423047,4.5));
#6345 = VECTOR('',#6346,1.);
#6346 = DIRECTION('',(0.,1.,-0.));
#6347 = ORIENTED_EDGE('',*,*,#6348,.T.);
#6348 = EDGE_CURVE('',#6341,#4138,#6349,.T.);
#6349 = LINE('',#6350,#6351);
#6350 = CARTESIAN_POINT('',(1.596604217864,-4.695557370188,3.));
#6351 = VECTOR('',#6352,1.);
#6352 = DIRECTION('',(-0.,-0.,1.));
#6353 = ORIENTED_EDGE('',*,*,#4137,.T.);
#6354 = PLANE('',#6355);
#6355 = AXIS2_PLACEMENT_3D('',#6356,#6357,#6358);
#6356 = CARTESIAN_POINT('',(1.596604217864,-5.001724423047,3.));
#6357 = DIRECTION('',(-1.,0.,0.));
#6358 = DIRECTION('',(0.,0.,1.));
#6359 = ADVANCED_FACE('',(#6360),#6378,.F.);
#6360 = FACE_BOUND('',#6361,.T.);
#6361 = EDGE_LOOP('',(#6362,#6363,#6371,#6377));
#6362 = ORIENTED_EDGE('',*,*,#6348,.F.);
#6363 = ORIENTED_EDGE('',*,*,#6364,.T.);
#6364 = EDGE_CURVE('',#6341,#6365,#6367,.T.);
#6365 = VERTEX_POINT('',#6366);
#6366 = CARTESIAN_POINT('',(2.155691879605,-4.695557370188,4.5));
#6367 = LINE('',#6368,#6369);
#6368 = CARTESIAN_POINT('',(1.596604217864,-4.695557370188,4.5));
#6369 = VECTOR('',#6370,1.);
#6370 = DIRECTION('',(1.,0.,-0.));
#6371 = ORIENTED_EDGE('',*,*,#6372,.T.);
#6372 = EDGE_CURVE('',#6365,#4148,#6373,.T.);
#6373 = LINE('',#6374,#6375);
#6374 = CARTESIAN_POINT('',(2.155691879605,-4.695557370188,3.));
#6375 = VECTOR('',#6376,1.);
#6376 = DIRECTION('',(-0.,-0.,1.));
#6377 = ORIENTED_EDGE('',*,*,#4147,.T.);
#6378 = PLANE('',#6379);
#6379 = AXIS2_PLACEMENT_3D('',#6380,#6381,#6382);
#6380 = CARTESIAN_POINT('',(1.596604217864,-4.695557370188,3.));
#6381 = DIRECTION('',(-0.,1.,0.));
#6382 = DIRECTION('',(0.,0.,1.));
#6383 = ADVANCED_FACE('',(#6384),#6410,.F.);
#6384 = FACE_BOUND('',#6385,.T.);
#6385 = EDGE_LOOP('',(#6386,#6387,#6395,#6403,#6409));
#6386 = ORIENTED_EDGE('',*,*,#6372,.F.);
#6387 = ORIENTED_EDGE('',*,*,#6388,.T.);
#6388 = EDGE_CURVE('',#6365,#6389,#6391,.T.);
#6389 = VERTEX_POINT('',#6390);
#6390 = CARTESIAN_POINT('',(2.155691879605,-4.87,4.5));
#6391 = LINE('',#6392,#6393);
#6392 = CARTESIAN_POINT('',(2.155691879605,-5.001724423047,4.5));
#6393 = VECTOR('',#6394,1.);
#6394 = DIRECTION('',(-0.,-1.,0.));
#6395 = ORIENTED_EDGE('',*,*,#6396,.T.);
#6396 = EDGE_CURVE('',#6389,#6397,#6399,.T.);
#6397 = VERTEX_POINT('',#6398);
#6398 = CARTESIAN_POINT('',(2.155691879605,-5.001724423047,4.5));
#6399 = LINE('',#6400,#6401);
#6400 = CARTESIAN_POINT('',(2.155691879605,-5.001724423047,4.5));
#6401 = VECTOR('',#6402,1.);
#6402 = DIRECTION('',(-0.,-1.,0.));
#6403 = ORIENTED_EDGE('',*,*,#6404,.T.);
#6404 = EDGE_CURVE('',#6397,#4156,#6405,.T.);
#6405 = LINE('',#6406,#6407);
#6406 = CARTESIAN_POINT('',(2.155691879605,-5.001724423047,3.));
#6407 = VECTOR('',#6408,1.);
#6408 = DIRECTION('',(-0.,-0.,1.));
#6409 = ORIENTED_EDGE('',*,*,#4155,.T.);
#6410 = PLANE('',#6411);
#6411 = AXIS2_PLACEMENT_3D('',#6412,#6413,#6414);
#6412 = CARTESIAN_POINT('',(2.155691879605,-5.001724423047,3.));
#6413 = DIRECTION('',(1.,-0.,0.));
#6414 = DIRECTION('',(0.,0.,-1.));
#6415 = ADVANCED_FACE('',(#6416),#6435,.F.);
#6416 = FACE_BOUND('',#6417,.T.);
#6417 = EDGE_LOOP('',(#6418,#6419,#6427,#6433,#6434));
#6418 = ORIENTED_EDGE('',*,*,#6404,.F.);
#6419 = ORIENTED_EDGE('',*,*,#6420,.T.);
#6420 = EDGE_CURVE('',#6397,#6421,#6423,.T.);
#6421 = VERTEX_POINT('',#6422);
#6422 = CARTESIAN_POINT('',(2.15,-5.001724423047,4.5));
#6423 = LINE('',#6424,#6425);
#6424 = CARTESIAN_POINT('',(1.596604217864,-5.001724423047,4.5));
#6425 = VECTOR('',#6426,1.);
#6426 = DIRECTION('',(-1.,0.,0.));
#6427 = ORIENTED_EDGE('',*,*,#6428,.T.);
#6428 = EDGE_CURVE('',#6421,#6333,#6429,.T.);
#6429 = LINE('',#6430,#6431);
#6430 = CARTESIAN_POINT('',(1.596604217864,-5.001724423047,4.5));
#6431 = VECTOR('',#6432,1.);
#6432 = DIRECTION('',(-1.,0.,0.));
#6433 = ORIENTED_EDGE('',*,*,#6332,.T.);
#6434 = ORIENTED_EDGE('',*,*,#4163,.T.);
#6435 = PLANE('',#6436);
#6436 = AXIS2_PLACEMENT_3D('',#6437,#6438,#6439);
#6437 = CARTESIAN_POINT('',(1.596604217864,-5.001724423047,3.));
#6438 = DIRECTION('',(0.,-1.,0.));
#6439 = DIRECTION('',(0.,-0.,-1.));
#6440 = ADVANCED_FACE('',(#6441),#6475,.F.);
#6441 = FACE_BOUND('',#6442,.T.);
#6442 = EDGE_LOOP('',(#6443,#6444,#6445,#6451,#6452,#6460,#6468,#6474));
#6443 = ORIENTED_EDGE('',*,*,#5122,.F.);
#6444 = ORIENTED_EDGE('',*,*,#5097,.F.);
#6445 = ORIENTED_EDGE('',*,*,#6446,.T.);
#6446 = EDGE_CURVE('',#5090,#3884,#6447,.T.);
#6447 = LINE('',#6448,#6449);
#6448 = CARTESIAN_POINT('',(-4.85,-5.495,4.5));
#6449 = VECTOR('',#6450,1.);
#6450 = DIRECTION('',(1.,-0.,-0.));
#6451 = ORIENTED_EDGE('',*,*,#3883,.T.);
#6452 = ORIENTED_EDGE('',*,*,#6453,.F.);
#6453 = EDGE_CURVE('',#6454,#3886,#6456,.T.);
#6454 = VERTEX_POINT('',#6455);
#6455 = CARTESIAN_POINT('',(-4.85,-5.495,0.5));
#6456 = LINE('',#6457,#6458);
#6457 = CARTESIAN_POINT('',(-4.85,-5.495,0.5));
#6458 = VECTOR('',#6459,1.);
#6459 = DIRECTION('',(1.,-0.,-0.));
#6460 = ORIENTED_EDGE('',*,*,#6461,.F.);
#6461 = EDGE_CURVE('',#6462,#6454,#6464,.T.);
#6462 = VERTEX_POINT('',#6463);
#6463 = CARTESIAN_POINT('',(-4.85,-5.495,4.5));
#6464 = LINE('',#6465,#6466);
#6465 = CARTESIAN_POINT('',(-4.85,-5.495,0.5));
#6466 = VECTOR('',#6467,1.);
#6467 = DIRECTION('',(-0.,-0.,-1.));
#6468 = ORIENTED_EDGE('',*,*,#6469,.T.);
#6469 = EDGE_CURVE('',#6462,#5027,#6470,.T.);
#6470 = LINE('',#6471,#6472);
#6471 = CARTESIAN_POINT('',(-4.85,-5.495,4.5));
#6472 = VECTOR('',#6473,1.);
#6473 = DIRECTION('',(1.,-0.,-0.));
#6474 = ORIENTED_EDGE('',*,*,#5024,.F.);
#6475 = PLANE('',#6476);
#6476 = AXIS2_PLACEMENT_3D('',#6477,#6478,#6479);
#6477 = CARTESIAN_POINT('',(-4.85,-5.495,0.5));
#6478 = DIRECTION('',(0.,-1.,0.));
#6479 = DIRECTION('',(0.,-0.,-1.));
#6480 = ADVANCED_FACE('',(#6481),#6515,.F.);
#6481 = FACE_BOUND('',#6482,.T.);
#6482 = EDGE_LOOP('',(#6483,#6491,#6499,#6505,#6506,#6512,#6513,#6514));
#6483 = ORIENTED_EDGE('',*,*,#6484,.F.);
#6484 = EDGE_CURVE('',#6485,#5147,#6487,.T.);
#6485 = VERTEX_POINT('',#6486);
#6486 = CARTESIAN_POINT('',(-4.85,5.505,4.5));
#6487 = LINE('',#6488,#6489);
#6488 = CARTESIAN_POINT('',(-4.85,5.505,4.5));
#6489 = VECTOR('',#6490,1.);
#6490 = DIRECTION('',(1.,-0.,-0.));
#6491 = ORIENTED_EDGE('',*,*,#6492,.F.);
#6492 = EDGE_CURVE('',#6493,#6485,#6495,.T.);
#6493 = VERTEX_POINT('',#6494);
#6494 = CARTESIAN_POINT('',(-4.85,5.505,0.5));
#6495 = LINE('',#6496,#6497);
#6496 = CARTESIAN_POINT('',(-4.85,5.505,0.5));
#6497 = VECTOR('',#6498,1.);
#6498 = DIRECTION('',(0.,0.,1.));
#6499 = ORIENTED_EDGE('',*,*,#6500,.T.);
#6500 = EDGE_CURVE('',#6493,#3902,#6501,.T.);
#6501 = LINE('',#6502,#6503);
#6502 = CARTESIAN_POINT('',(-4.85,5.505,0.5));
#6503 = VECTOR('',#6504,1.);
#6504 = DIRECTION('',(1.,-0.,-0.));
#6505 = ORIENTED_EDGE('',*,*,#3901,.T.);
#6506 = ORIENTED_EDGE('',*,*,#6507,.F.);
#6507 = EDGE_CURVE('',#5181,#3894,#6508,.T.);
#6508 = LINE('',#6509,#6510);
#6509 = CARTESIAN_POINT('',(-4.85,5.505,4.5));
#6510 = VECTOR('',#6511,1.);
#6511 = DIRECTION('',(1.,-0.,-0.));
#6512 = ORIENTED_EDGE('',*,*,#5178,.F.);
#6513 = ORIENTED_EDGE('',*,*,#5235,.T.);
#6514 = ORIENTED_EDGE('',*,*,#5154,.F.);
#6515 = PLANE('',#6516);
#6516 = AXIS2_PLACEMENT_3D('',#6517,#6518,#6519);
#6517 = CARTESIAN_POINT('',(-4.85,5.505,0.5));
#6518 = DIRECTION('',(0.,1.,-0.));
#6519 = DIRECTION('',(0.,0.,1.));
#6520 = ADVANCED_FACE('',(#6521,#6555,#6589,#6623,#6629,#6635,#6641,
    #6647,#6653,#6659,#6665,#6671,#6677,#6683,#6689,#6695,#6701,#6707,
    #6713,#6719,#6725,#6731,#6737,#6773,#6779,#6785,#6821,#6827,#6833),
  #6884,.F.);
#6521 = FACE_BOUND('',#6522,.T.);
#6522 = EDGE_LOOP('',(#6523,#6533,#6541,#6549));
#6523 = ORIENTED_EDGE('',*,*,#6524,.F.);
#6524 = EDGE_CURVE('',#6525,#6527,#6529,.T.);
#6525 = VERTEX_POINT('',#6526);
#6526 = CARTESIAN_POINT('',(-2.525,-0.445,4.5));
#6527 = VERTEX_POINT('',#6528);
#6528 = CARTESIAN_POINT('',(-2.775,-0.445,4.5));
#6529 = LINE('',#6530,#6531);
#6530 = CARTESIAN_POINT('',(-2.775,-0.445,4.5));
#6531 = VECTOR('',#6532,1.);
#6532 = DIRECTION('',(-1.,2.168404344971E-16,-0.));
#6533 = ORIENTED_EDGE('',*,*,#6534,.F.);
#6534 = EDGE_CURVE('',#6535,#6525,#6537,.T.);
#6535 = VERTEX_POINT('',#6536);
#6536 = CARTESIAN_POINT('',(-2.525,0.455,4.5));
#6537 = LINE('',#6538,#6539);
#6538 = CARTESIAN_POINT('',(-2.525,0.455,4.5));
#6539 = VECTOR('',#6540,1.);
#6540 = DIRECTION('',(0.,-1.,0.));
#6541 = ORIENTED_EDGE('',*,*,#6542,.F.);
#6542 = EDGE_CURVE('',#6543,#6535,#6545,.T.);
#6543 = VERTEX_POINT('',#6544);
#6544 = CARTESIAN_POINT('',(-2.775,0.455,4.5));
#6545 = LINE('',#6546,#6547);
#6546 = CARTESIAN_POINT('',(-2.775,0.455,4.5));
#6547 = VECTOR('',#6548,1.);
#6548 = DIRECTION('',(1.,-2.168404344971E-16,0.));
#6549 = ORIENTED_EDGE('',*,*,#6550,.F.);
#6550 = EDGE_CURVE('',#6527,#6543,#6551,.T.);
#6551 = LINE('',#6552,#6553);
#6552 = CARTESIAN_POINT('',(-2.775,0.455,4.5));
#6553 = VECTOR('',#6554,1.);
#6554 = DIRECTION('',(-0.,1.,-0.));
#6555 = FACE_BOUND('',#6556,.T.);
#6556 = EDGE_LOOP('',(#6557,#6567,#6575,#6583));
#6557 = ORIENTED_EDGE('',*,*,#6558,.F.);
#6558 = EDGE_CURVE('',#6559,#6561,#6563,.T.);
#6559 = VERTEX_POINT('',#6560);
#6560 = CARTESIAN_POINT('',(2.15,-2.695,4.5));
#6561 = VERTEX_POINT('',#6562);
#6562 = CARTESIAN_POINT('',(2.15,-2.295,4.5));
#6563 = LINE('',#6564,#6565);
#6564 = CARTESIAN_POINT('',(2.15,-2.695,4.5));
#6565 = VECTOR('',#6566,1.);
#6566 = DIRECTION('',(0.,1.,0.));
#6567 = ORIENTED_EDGE('',*,*,#6568,.F.);
#6568 = EDGE_CURVE('',#6569,#6559,#6571,.T.);
#6569 = VERTEX_POINT('',#6570);
#6570 = CARTESIAN_POINT('',(3.15,-2.695,4.5));
#6571 = LINE('',#6572,#6573);
#6572 = CARTESIAN_POINT('',(2.15,-2.695,4.5));
#6573 = VECTOR('',#6574,1.);
#6574 = DIRECTION('',(-1.,-8.673617379884E-16,-0.));
#6575 = ORIENTED_EDGE('',*,*,#6576,.F.);
#6576 = EDGE_CURVE('',#6577,#6569,#6579,.T.);
#6577 = VERTEX_POINT('',#6578);
#6578 = CARTESIAN_POINT('',(3.15,-2.295,4.5));
#6579 = LINE('',#6580,#6581);
#6580 = CARTESIAN_POINT('',(3.15,-2.695,4.5));
#6581 = VECTOR('',#6582,1.);
#6582 = DIRECTION('',(-0.,-1.,-0.));
#6583 = ORIENTED_EDGE('',*,*,#6584,.F.);
#6584 = EDGE_CURVE('',#6561,#6577,#6585,.T.);
#6585 = LINE('',#6586,#6587);
#6586 = CARTESIAN_POINT('',(2.15,-2.295,4.5));
#6587 = VECTOR('',#6588,1.);
#6588 = DIRECTION('',(1.,0.,0.));
#6589 = FACE_BOUND('',#6590,.T.);
#6590 = EDGE_LOOP('',(#6591,#6601,#6609,#6617));
#6591 = ORIENTED_EDGE('',*,*,#6592,.F.);
#6592 = EDGE_CURVE('',#6593,#6595,#6597,.T.);
#6593 = VERTEX_POINT('',#6594);
#6594 = CARTESIAN_POINT('',(2.15,2.705,4.5));
#6595 = VERTEX_POINT('',#6596);
#6596 = CARTESIAN_POINT('',(3.15,2.705,4.5));
#6597 = LINE('',#6598,#6599);
#6598 = CARTESIAN_POINT('',(2.15,2.705,4.5));
#6599 = VECTOR('',#6600,1.);
#6600 = DIRECTION('',(1.,-8.673617379884E-16,0.));
#6601 = ORIENTED_EDGE('',*,*,#6602,.F.);
#6602 = EDGE_CURVE('',#6603,#6593,#6605,.T.);
#6603 = VERTEX_POINT('',#6604);
#6604 = CARTESIAN_POINT('',(2.15,2.305,4.5));
#6605 = LINE('',#6606,#6607);
#6606 = CARTESIAN_POINT('',(2.15,2.705,4.5));
#6607 = VECTOR('',#6608,1.);
#6608 = DIRECTION('',(-0.,1.,-0.));
#6609 = ORIENTED_EDGE('',*,*,#6610,.F.);
#6610 = EDGE_CURVE('',#6611,#6603,#6613,.T.);
#6611 = VERTEX_POINT('',#6612);
#6612 = CARTESIAN_POINT('',(3.15,2.305,4.5));
#6613 = LINE('',#6614,#6615);
#6614 = CARTESIAN_POINT('',(2.15,2.305,4.5));
#6615 = VECTOR('',#6616,1.);
#6616 = DIRECTION('',(-1.,-0.,-0.));
#6617 = ORIENTED_EDGE('',*,*,#6618,.F.);
#6618 = EDGE_CURVE('',#6595,#6611,#6619,.T.);
#6619 = LINE('',#6620,#6621);
#6620 = CARTESIAN_POINT('',(3.15,2.705,4.5));
#6621 = VECTOR('',#6622,1.);
#6622 = DIRECTION('',(0.,-1.,0.));
#6623 = FACE_BOUND('',#6624,.T.);
#6624 = EDGE_LOOP('',(#6625,#6626,#6627,#6628));
#6625 = ORIENTED_EDGE('',*,*,#5348,.T.);
#6626 = ORIENTED_EDGE('',*,*,#3697,.F.);
#6627 = ORIENTED_EDGE('',*,*,#5399,.T.);
#6628 = ORIENTED_EDGE('',*,*,#3657,.F.);
#6629 = FACE_BOUND('',#6630,.T.);
#6630 = EDGE_LOOP('',(#6631,#6632,#6633,#6634));
#6631 = ORIENTED_EDGE('',*,*,#5382,.T.);
#6632 = ORIENTED_EDGE('',*,*,#3617,.F.);
#6633 = ORIENTED_EDGE('',*,*,#5433,.T.);
#6634 = ORIENTED_EDGE('',*,*,#3577,.F.);
#6635 = FACE_BOUND('',#6636,.T.);
#6636 = EDGE_LOOP('',(#6637,#6638,#6639,#6640));
#6637 = ORIENTED_EDGE('',*,*,#5416,.T.);
#6638 = ORIENTED_EDGE('',*,*,#3537,.F.);
#6639 = ORIENTED_EDGE('',*,*,#5467,.T.);
#6640 = ORIENTED_EDGE('',*,*,#3497,.F.);
#6641 = FACE_BOUND('',#6642,.T.);
#6642 = EDGE_LOOP('',(#6643,#6644,#6645,#6646));
#6643 = ORIENTED_EDGE('',*,*,#5450,.T.);
#6644 = ORIENTED_EDGE('',*,*,#3457,.F.);
#6645 = ORIENTED_EDGE('',*,*,#5501,.T.);
#6646 = ORIENTED_EDGE('',*,*,#3417,.F.);
#6647 = FACE_BOUND('',#6648,.T.);
#6648 = EDGE_LOOP('',(#6649,#6650,#6651,#6652));
#6649 = ORIENTED_EDGE('',*,*,#5484,.T.);
#6650 = ORIENTED_EDGE('',*,*,#3377,.F.);
#6651 = ORIENTED_EDGE('',*,*,#5535,.T.);
#6652 = ORIENTED_EDGE('',*,*,#3337,.F.);
#6653 = FACE_BOUND('',#6654,.T.);
#6654 = EDGE_LOOP('',(#6655,#6656,#6657,#6658));
#6655 = ORIENTED_EDGE('',*,*,#5518,.T.);
#6656 = ORIENTED_EDGE('',*,*,#3297,.F.);
#6657 = ORIENTED_EDGE('',*,*,#5569,.T.);
#6658 = ORIENTED_EDGE('',*,*,#3257,.F.);
#6659 = FACE_BOUND('',#6660,.T.);
#6660 = EDGE_LOOP('',(#6661,#6662,#6663,#6664));
#6661 = ORIENTED_EDGE('',*,*,#5552,.T.);
#6662 = ORIENTED_EDGE('',*,*,#3217,.F.);
#6663 = ORIENTED_EDGE('',*,*,#5603,.T.);
#6664 = ORIENTED_EDGE('',*,*,#3177,.F.);
#6665 = FACE_BOUND('',#6666,.T.);
#6666 = EDGE_LOOP('',(#6667,#6668,#6669,#6670));
#6667 = ORIENTED_EDGE('',*,*,#5586,.T.);
#6668 = ORIENTED_EDGE('',*,*,#3137,.F.);
#6669 = ORIENTED_EDGE('',*,*,#5637,.T.);
#6670 = ORIENTED_EDGE('',*,*,#3097,.F.);
#6671 = FACE_BOUND('',#6672,.T.);
#6672 = EDGE_LOOP('',(#6673,#6674,#6675,#6676));
#6673 = ORIENTED_EDGE('',*,*,#5620,.T.);
#6674 = ORIENTED_EDGE('',*,*,#3057,.F.);
#6675 = ORIENTED_EDGE('',*,*,#5671,.T.);
#6676 = ORIENTED_EDGE('',*,*,#3017,.F.);
#6677 = FACE_BOUND('',#6678,.T.);
#6678 = EDGE_LOOP('',(#6679,#6680,#6681,#6682));
#6679 = ORIENTED_EDGE('',*,*,#5654,.T.);
#6680 = ORIENTED_EDGE('',*,*,#2977,.F.);
#6681 = ORIENTED_EDGE('',*,*,#5705,.T.);
#6682 = ORIENTED_EDGE('',*,*,#2937,.F.);
#6683 = FACE_BOUND('',#6684,.T.);
#6684 = EDGE_LOOP('',(#6685,#6686,#6687,#6688));
#6685 = ORIENTED_EDGE('',*,*,#5688,.T.);
#6686 = ORIENTED_EDGE('',*,*,#2897,.F.);
#6687 = ORIENTED_EDGE('',*,*,#5739,.T.);
#6688 = ORIENTED_EDGE('',*,*,#2857,.F.);
#6689 = FACE_BOUND('',#6690,.T.);
#6690 = EDGE_LOOP('',(#6691,#6692,#6693,#6694));
#6691 = ORIENTED_EDGE('',*,*,#5722,.T.);
#6692 = ORIENTED_EDGE('',*,*,#2817,.F.);
#6693 = ORIENTED_EDGE('',*,*,#5773,.T.);
#6694 = ORIENTED_EDGE('',*,*,#2777,.F.);
#6695 = FACE_BOUND('',#6696,.T.);
#6696 = EDGE_LOOP('',(#6697,#6698,#6699,#6700));
#6697 = ORIENTED_EDGE('',*,*,#5756,.T.);
#6698 = ORIENTED_EDGE('',*,*,#2737,.F.);
#6699 = ORIENTED_EDGE('',*,*,#5807,.T.);
#6700 = ORIENTED_EDGE('',*,*,#2697,.F.);
#6701 = FACE_BOUND('',#6702,.T.);
#6702 = EDGE_LOOP('',(#6703,#6704,#6705,#6706));
#6703 = ORIENTED_EDGE('',*,*,#5790,.T.);
#6704 = ORIENTED_EDGE('',*,*,#2657,.F.);
#6705 = ORIENTED_EDGE('',*,*,#5841,.T.);
#6706 = ORIENTED_EDGE('',*,*,#2617,.F.);
#6707 = FACE_BOUND('',#6708,.T.);
#6708 = EDGE_LOOP('',(#6709,#6710,#6711,#6712));
#6709 = ORIENTED_EDGE('',*,*,#5824,.T.);
#6710 = ORIENTED_EDGE('',*,*,#2577,.F.);
#6711 = ORIENTED_EDGE('',*,*,#5875,.T.);
#6712 = ORIENTED_EDGE('',*,*,#2537,.F.);
#6713 = FACE_BOUND('',#6714,.T.);
#6714 = EDGE_LOOP('',(#6715,#6716,#6717,#6718));
#6715 = ORIENTED_EDGE('',*,*,#5858,.T.);
#6716 = ORIENTED_EDGE('',*,*,#2497,.F.);
#6717 = ORIENTED_EDGE('',*,*,#5909,.T.);
#6718 = ORIENTED_EDGE('',*,*,#2457,.F.);
#6719 = FACE_BOUND('',#6720,.T.);
#6720 = EDGE_LOOP('',(#6721,#6722,#6723,#6724));
#6721 = ORIENTED_EDGE('',*,*,#5892,.T.);
#6722 = ORIENTED_EDGE('',*,*,#2417,.F.);
#6723 = ORIENTED_EDGE('',*,*,#5943,.T.);
#6724 = ORIENTED_EDGE('',*,*,#2377,.F.);
#6725 = FACE_BOUND('',#6726,.T.);
#6726 = EDGE_LOOP('',(#6727,#6728,#6729,#6730));
#6727 = ORIENTED_EDGE('',*,*,#5926,.T.);
#6728 = ORIENTED_EDGE('',*,*,#2337,.F.);
#6729 = ORIENTED_EDGE('',*,*,#5977,.T.);
#6730 = ORIENTED_EDGE('',*,*,#2297,.F.);
#6731 = FACE_BOUND('',#6732,.T.);
#6732 = EDGE_LOOP('',(#6733,#6734,#6735,#6736));
#6733 = ORIENTED_EDGE('',*,*,#5960,.T.);
#6734 = ORIENTED_EDGE('',*,*,#2257,.F.);
#6735 = ORIENTED_EDGE('',*,*,#6011,.T.);
#6736 = ORIENTED_EDGE('',*,*,#2217,.F.);
#6737 = FACE_BOUND('',#6738,.T.);
#6738 = EDGE_LOOP('',(#6739,#6749,#6755,#6756,#6757,#6758,#6759,#6767));
#6739 = ORIENTED_EDGE('',*,*,#6740,.F.);
#6740 = EDGE_CURVE('',#6741,#6743,#6745,.T.);
#6741 = VERTEX_POINT('',#6742);
#6742 = CARTESIAN_POINT('',(3.15,-4.87,4.5));
#6743 = VERTEX_POINT('',#6744);
#6744 = CARTESIAN_POINT('',(3.15,-5.12,4.5));
#6745 = LINE('',#6746,#6747);
#6746 = CARTESIAN_POINT('',(3.15,-5.12,4.5));
#6747 = VECTOR('',#6748,1.);
#6748 = DIRECTION('',(-0.,-1.,-0.));
#6749 = ORIENTED_EDGE('',*,*,#6750,.F.);
#6750 = EDGE_CURVE('',#6389,#6741,#6751,.T.);
#6751 = LINE('',#6752,#6753);
#6752 = CARTESIAN_POINT('',(2.15,-4.87,4.5));
#6753 = VECTOR('',#6754,1.);
#6754 = DIRECTION('',(1.,0.,0.));
#6755 = ORIENTED_EDGE('',*,*,#6388,.F.);
#6756 = ORIENTED_EDGE('',*,*,#6364,.F.);
#6757 = ORIENTED_EDGE('',*,*,#6340,.F.);
#6758 = ORIENTED_EDGE('',*,*,#6428,.F.);
#6759 = ORIENTED_EDGE('',*,*,#6760,.F.);
#6760 = EDGE_CURVE('',#6761,#6421,#6763,.T.);
#6761 = VERTEX_POINT('',#6762);
#6762 = CARTESIAN_POINT('',(2.15,-5.12,4.5));
#6763 = LINE('',#6764,#6765);
#6764 = CARTESIAN_POINT('',(2.15,-5.12,4.5));
#6765 = VECTOR('',#6766,1.);
#6766 = DIRECTION('',(0.,1.,0.));
#6767 = ORIENTED_EDGE('',*,*,#6768,.F.);
#6768 = EDGE_CURVE('',#6743,#6761,#6769,.T.);
#6769 = LINE('',#6770,#6771);
#6770 = CARTESIAN_POINT('',(2.15,-5.12,4.5));
#6771 = VECTOR('',#6772,1.);
#6772 = DIRECTION('',(-1.,-8.673617379884E-16,-0.));
#6773 = FACE_BOUND('',#6774,.T.);
#6774 = EDGE_LOOP('',(#6775,#6776,#6777,#6778));
#6775 = ORIENTED_EDGE('',*,*,#6316,.F.);
#6776 = ORIENTED_EDGE('',*,*,#6292,.F.);
#6777 = ORIENTED_EDGE('',*,*,#6268,.F.);
#6778 = ORIENTED_EDGE('',*,*,#6244,.F.);
#6779 = FACE_BOUND('',#6780,.T.);
#6780 = EDGE_LOOP('',(#6781,#6782,#6783,#6784));
#6781 = ORIENTED_EDGE('',*,*,#6220,.F.);
#6782 = ORIENTED_EDGE('',*,*,#6196,.F.);
#6783 = ORIENTED_EDGE('',*,*,#6172,.F.);
#6784 = ORIENTED_EDGE('',*,*,#6148,.F.);
#6785 = FACE_BOUND('',#6786,.T.);
#6786 = EDGE_LOOP('',(#6787,#6797,#6803,#6804,#6805,#6806,#6807,#6815));
#6787 = ORIENTED_EDGE('',*,*,#6788,.F.);
#6788 = EDGE_CURVE('',#6789,#6791,#6793,.T.);
#6789 = VERTEX_POINT('',#6790);
#6790 = CARTESIAN_POINT('',(2.15,5.13,4.5));
#6791 = VERTEX_POINT('',#6792);
#6792 = CARTESIAN_POINT('',(3.15,5.13,4.5));
#6793 = LINE('',#6794,#6795);
#6794 = CARTESIAN_POINT('',(2.15,5.13,4.5));
#6795 = VECTOR('',#6796,1.);
#6796 = DIRECTION('',(1.,-8.673617379884E-16,0.));
#6797 = ORIENTED_EDGE('',*,*,#6798,.F.);
#6798 = EDGE_CURVE('',#6037,#6789,#6799,.T.);
#6799 = LINE('',#6800,#6801);
#6800 = CARTESIAN_POINT('',(2.15,5.13,4.5));
#6801 = VECTOR('',#6802,1.);
#6802 = DIRECTION('',(-0.,1.,-0.));
#6803 = ORIENTED_EDGE('',*,*,#6036,.F.);
#6804 = ORIENTED_EDGE('',*,*,#6124,.F.);
#6805 = ORIENTED_EDGE('',*,*,#6100,.F.);
#6806 = ORIENTED_EDGE('',*,*,#6076,.F.);
#6807 = ORIENTED_EDGE('',*,*,#6808,.F.);
#6808 = EDGE_CURVE('',#6809,#6069,#6811,.T.);
#6809 = VERTEX_POINT('',#6810);
#6810 = CARTESIAN_POINT('',(3.15,4.88,4.5));
#6811 = LINE('',#6812,#6813);
#6812 = CARTESIAN_POINT('',(2.15,4.88,4.5));
#6813 = VECTOR('',#6814,1.);
#6814 = DIRECTION('',(-1.,-0.,-0.));
#6815 = ORIENTED_EDGE('',*,*,#6816,.F.);
#6816 = EDGE_CURVE('',#6791,#6809,#6817,.T.);
#6817 = LINE('',#6818,#6819);
#6818 = CARTESIAN_POINT('',(3.15,5.13,4.5));
#6819 = VECTOR('',#6820,1.);
#6820 = DIRECTION('',(0.,-1.,0.));
#6821 = FACE_BOUND('',#6822,.T.);
#6822 = EDGE_LOOP('',(#6823,#6824,#6825,#6826));
#6823 = ORIENTED_EDGE('',*,*,#2137,.F.);
#6824 = ORIENTED_EDGE('',*,*,#5994,.T.);
#6825 = ORIENTED_EDGE('',*,*,#2177,.F.);
#6826 = ORIENTED_EDGE('',*,*,#5284,.F.);
#6827 = FACE_BOUND('',#6828,.T.);
#6828 = EDGE_LOOP('',(#6829,#6830,#6831,#6832));
#6829 = ORIENTED_EDGE('',*,*,#5308,.F.);
#6830 = ORIENTED_EDGE('',*,*,#5365,.T.);
#6831 = ORIENTED_EDGE('',*,*,#5260,.F.);
#6832 = ORIENTED_EDGE('',*,*,#5332,.F.);
#6833 = FACE_BOUND('',#6834,.T.);
#6834 = EDGE_LOOP('',(#6835,#6845,#6853,#6859,#6860,#6861,#6862,#6863,
    #6864,#6865,#6866,#6867,#6868,#6869,#6870,#6878));
#6835 = ORIENTED_EDGE('',*,*,#6836,.T.);
#6836 = EDGE_CURVE('',#6837,#6839,#6841,.T.);
#6837 = VERTEX_POINT('',#6838);
#6838 = CARTESIAN_POINT('',(-3.75,-2.995,4.5));
#6839 = VERTEX_POINT('',#6840);
#6840 = CARTESIAN_POINT('',(-3.75,3.005,4.5));
#6841 = LINE('',#6842,#6843);
#6842 = CARTESIAN_POINT('',(-3.75,5.505,4.5));
#6843 = VECTOR('',#6844,1.);
#6844 = DIRECTION('',(0.,1.,-0.));
#6845 = ORIENTED_EDGE('',*,*,#6846,.T.);
#6846 = EDGE_CURVE('',#6839,#6847,#6849,.T.);
#6847 = VERTEX_POINT('',#6848);
#6848 = CARTESIAN_POINT('',(-4.85,3.005,4.5));
#6849 = LINE('',#6850,#6851);
#6850 = CARTESIAN_POINT('',(-4.85,3.005,4.5));
#6851 = VECTOR('',#6852,1.);
#6852 = DIRECTION('',(-1.,-0.,0.));
#6853 = ORIENTED_EDGE('',*,*,#6854,.F.);
#6854 = EDGE_CURVE('',#6485,#6847,#6855,.T.);
#6855 = LINE('',#6856,#6857);
#6856 = CARTESIAN_POINT('',(-4.85,5.505,4.5));
#6857 = VECTOR('',#6858,1.);
#6858 = DIRECTION('',(0.,-1.,0.));
#6859 = ORIENTED_EDGE('',*,*,#6484,.T.);
#6860 = ORIENTED_EDGE('',*,*,#5146,.F.);
#6861 = ORIENTED_EDGE('',*,*,#5219,.F.);
#6862 = ORIENTED_EDGE('',*,*,#5188,.F.);
#6863 = ORIENTED_EDGE('',*,*,#6507,.T.);
#6864 = ORIENTED_EDGE('',*,*,#3893,.T.);
#6865 = ORIENTED_EDGE('',*,*,#6446,.F.);
#6866 = ORIENTED_EDGE('',*,*,#5089,.F.);
#6867 = ORIENTED_EDGE('',*,*,#5065,.F.);
#6868 = ORIENTED_EDGE('',*,*,#5034,.F.);
#6869 = ORIENTED_EDGE('',*,*,#6469,.F.);
#6870 = ORIENTED_EDGE('',*,*,#6871,.F.);
#6871 = EDGE_CURVE('',#6872,#6462,#6874,.T.);
#6872 = VERTEX_POINT('',#6873);
#6873 = CARTESIAN_POINT('',(-4.85,-2.995,4.5));
#6874 = LINE('',#6875,#6876);
#6875 = CARTESIAN_POINT('',(-4.85,5.505,4.5));
#6876 = VECTOR('',#6877,1.);
#6877 = DIRECTION('',(0.,-1.,0.));
#6878 = ORIENTED_EDGE('',*,*,#6879,.T.);
#6879 = EDGE_CURVE('',#6872,#6837,#6880,.T.);
#6880 = LINE('',#6881,#6882);
#6881 = CARTESIAN_POINT('',(-4.85,-2.995,4.5));
#6882 = VECTOR('',#6883,1.);
#6883 = DIRECTION('',(1.,0.,-0.));
#6884 = PLANE('',#6885);
#6885 = AXIS2_PLACEMENT_3D('',#6886,#6887,#6888);
#6886 = CARTESIAN_POINT('',(-4.85,5.505,4.5));
#6887 = DIRECTION('',(0.,0.,1.));
#6888 = DIRECTION('',(1.,0.,-0.));
#6889 = ADVANCED_FACE('',(#6890,#6924,#6958,#6992,#7026,#7060),#7071,.F.
  );
#6890 = FACE_BOUND('',#6891,.T.);
#6891 = EDGE_LOOP('',(#6892,#6902,#6910,#6918));
#6892 = ORIENTED_EDGE('',*,*,#6893,.T.);
#6893 = EDGE_CURVE('',#6894,#6896,#6898,.T.);
#6894 = VERTEX_POINT('',#6895);
#6895 = CARTESIAN_POINT('',(-2.775,0.455,0.5));
#6896 = VERTEX_POINT('',#6897);
#6897 = CARTESIAN_POINT('',(-2.525,0.455,0.5));
#6898 = LINE('',#6899,#6900);
#6899 = CARTESIAN_POINT('',(-4.85,0.455,0.5));
#6900 = VECTOR('',#6901,1.);
#6901 = DIRECTION('',(1.,-2.168404344971E-16,0.));
#6902 = ORIENTED_EDGE('',*,*,#6903,.T.);
#6903 = EDGE_CURVE('',#6896,#6904,#6906,.T.);
#6904 = VERTEX_POINT('',#6905);
#6905 = CARTESIAN_POINT('',(-2.525,-0.445,0.5));
#6906 = LINE('',#6907,#6908);
#6907 = CARTESIAN_POINT('',(-2.525,5.505,0.5));
#6908 = VECTOR('',#6909,1.);
#6909 = DIRECTION('',(0.,-1.,0.));
#6910 = ORIENTED_EDGE('',*,*,#6911,.T.);
#6911 = EDGE_CURVE('',#6904,#6912,#6914,.T.);
#6912 = VERTEX_POINT('',#6913);
#6913 = CARTESIAN_POINT('',(-2.775,-0.445,0.5));
#6914 = LINE('',#6915,#6916);
#6915 = CARTESIAN_POINT('',(-4.85,-0.445,0.5));
#6916 = VECTOR('',#6917,1.);
#6917 = DIRECTION('',(-1.,2.168404344971E-16,0.));
#6918 = ORIENTED_EDGE('',*,*,#6919,.T.);
#6919 = EDGE_CURVE('',#6912,#6894,#6920,.T.);
#6920 = LINE('',#6921,#6922);
#6921 = CARTESIAN_POINT('',(-2.775,5.505,0.5));
#6922 = VECTOR('',#6923,1.);
#6923 = DIRECTION('',(0.,1.,0.));
#6924 = FACE_BOUND('',#6925,.T.);
#6925 = EDGE_LOOP('',(#6926,#6936,#6944,#6952));
#6926 = ORIENTED_EDGE('',*,*,#6927,.T.);
#6927 = EDGE_CURVE('',#6928,#6930,#6932,.T.);
#6928 = VERTEX_POINT('',#6929);
#6929 = CARTESIAN_POINT('',(3.15,-2.295,0.5));
#6930 = VERTEX_POINT('',#6931);
#6931 = CARTESIAN_POINT('',(3.15,-2.695,0.5));
#6932 = LINE('',#6933,#6934);
#6933 = CARTESIAN_POINT('',(3.15,5.505,0.5));
#6934 = VECTOR('',#6935,1.);
#6935 = DIRECTION('',(0.,-1.,0.));
#6936 = ORIENTED_EDGE('',*,*,#6937,.T.);
#6937 = EDGE_CURVE('',#6930,#6938,#6940,.T.);
#6938 = VERTEX_POINT('',#6939);
#6939 = CARTESIAN_POINT('',(2.15,-2.695,0.5));
#6940 = LINE('',#6941,#6942);
#6941 = CARTESIAN_POINT('',(-4.85,-2.695,0.5));
#6942 = VECTOR('',#6943,1.);
#6943 = DIRECTION('',(-1.,-8.673617379884E-16,0.));
#6944 = ORIENTED_EDGE('',*,*,#6945,.T.);
#6945 = EDGE_CURVE('',#6938,#6946,#6948,.T.);
#6946 = VERTEX_POINT('',#6947);
#6947 = CARTESIAN_POINT('',(2.15,-2.295,0.5));
#6948 = LINE('',#6949,#6950);
#6949 = CARTESIAN_POINT('',(2.15,5.505,0.5));
#6950 = VECTOR('',#6951,1.);
#6951 = DIRECTION('',(0.,1.,0.));
#6952 = ORIENTED_EDGE('',*,*,#6953,.T.);
#6953 = EDGE_CURVE('',#6946,#6928,#6954,.T.);
#6954 = LINE('',#6955,#6956);
#6955 = CARTESIAN_POINT('',(-4.85,-2.295,0.5));
#6956 = VECTOR('',#6957,1.);
#6957 = DIRECTION('',(1.,0.,0.));
#6958 = FACE_BOUND('',#6959,.T.);
#6959 = EDGE_LOOP('',(#6960,#6970,#6978,#6986));
#6960 = ORIENTED_EDGE('',*,*,#6961,.T.);
#6961 = EDGE_CURVE('',#6962,#6964,#6966,.T.);
#6962 = VERTEX_POINT('',#6963);
#6963 = CARTESIAN_POINT('',(3.15,-4.87,0.5));
#6964 = VERTEX_POINT('',#6965);
#6965 = CARTESIAN_POINT('',(3.15,-5.12,0.5));
#6966 = LINE('',#6967,#6968);
#6967 = CARTESIAN_POINT('',(3.15,5.505,0.5));
#6968 = VECTOR('',#6969,1.);
#6969 = DIRECTION('',(0.,-1.,0.));
#6970 = ORIENTED_EDGE('',*,*,#6971,.T.);
#6971 = EDGE_CURVE('',#6964,#6972,#6974,.T.);
#6972 = VERTEX_POINT('',#6973);
#6973 = CARTESIAN_POINT('',(2.15,-5.12,0.5));
#6974 = LINE('',#6975,#6976);
#6975 = CARTESIAN_POINT('',(-4.85,-5.12,0.5));
#6976 = VECTOR('',#6977,1.);
#6977 = DIRECTION('',(-1.,-8.673617379884E-16,0.));
#6978 = ORIENTED_EDGE('',*,*,#6979,.T.);
#6979 = EDGE_CURVE('',#6972,#6980,#6982,.T.);
#6980 = VERTEX_POINT('',#6981);
#6981 = CARTESIAN_POINT('',(2.15,-4.87,0.5));
#6982 = LINE('',#6983,#6984);
#6983 = CARTESIAN_POINT('',(2.15,5.505,0.5));
#6984 = VECTOR('',#6985,1.);
#6985 = DIRECTION('',(0.,1.,0.));
#6986 = ORIENTED_EDGE('',*,*,#6987,.T.);
#6987 = EDGE_CURVE('',#6980,#6962,#6988,.T.);
#6988 = LINE('',#6989,#6990);
#6989 = CARTESIAN_POINT('',(-4.85,-4.87,0.5));
#6990 = VECTOR('',#6991,1.);
#6991 = DIRECTION('',(1.,0.,0.));
#6992 = FACE_BOUND('',#6993,.T.);
#6993 = EDGE_LOOP('',(#6994,#7004,#7012,#7020));
#6994 = ORIENTED_EDGE('',*,*,#6995,.T.);
#6995 = EDGE_CURVE('',#6996,#6998,#7000,.T.);
#6996 = VERTEX_POINT('',#6997);
#6997 = CARTESIAN_POINT('',(3.15,4.88,0.5));
#6998 = VERTEX_POINT('',#6999);
#6999 = CARTESIAN_POINT('',(2.15,4.88,0.5));
#7000 = LINE('',#7001,#7002);
#7001 = CARTESIAN_POINT('',(-4.85,4.88,0.5));
#7002 = VECTOR('',#7003,1.);
#7003 = DIRECTION('',(-1.,0.,0.));
#7004 = ORIENTED_EDGE('',*,*,#7005,.T.);
#7005 = EDGE_CURVE('',#6998,#7006,#7008,.T.);
#7006 = VERTEX_POINT('',#7007);
#7007 = CARTESIAN_POINT('',(2.15,5.13,0.5));
#7008 = LINE('',#7009,#7010);
#7009 = CARTESIAN_POINT('',(2.15,5.505,0.5));
#7010 = VECTOR('',#7011,1.);
#7011 = DIRECTION('',(0.,1.,0.));
#7012 = ORIENTED_EDGE('',*,*,#7013,.T.);
#7013 = EDGE_CURVE('',#7006,#7014,#7016,.T.);
#7014 = VERTEX_POINT('',#7015);
#7015 = CARTESIAN_POINT('',(3.15,5.13,0.5));
#7016 = LINE('',#7017,#7018);
#7017 = CARTESIAN_POINT('',(-4.85,5.13,0.5));
#7018 = VECTOR('',#7019,1.);
#7019 = DIRECTION('',(1.,-8.673617379884E-16,0.));
#7020 = ORIENTED_EDGE('',*,*,#7021,.T.);
#7021 = EDGE_CURVE('',#7014,#6996,#7022,.T.);
#7022 = LINE('',#7023,#7024);
#7023 = CARTESIAN_POINT('',(3.15,5.505,0.5));
#7024 = VECTOR('',#7025,1.);
#7025 = DIRECTION('',(0.,-1.,0.));
#7026 = FACE_BOUND('',#7027,.T.);
#7027 = EDGE_LOOP('',(#7028,#7038,#7046,#7054));
#7028 = ORIENTED_EDGE('',*,*,#7029,.T.);
#7029 = EDGE_CURVE('',#7030,#7032,#7034,.T.);
#7030 = VERTEX_POINT('',#7031);
#7031 = CARTESIAN_POINT('',(3.15,2.305,0.5));
#7032 = VERTEX_POINT('',#7033);
#7033 = CARTESIAN_POINT('',(2.15,2.305,0.5));
#7034 = LINE('',#7035,#7036);
#7035 = CARTESIAN_POINT('',(-4.85,2.305,0.5));
#7036 = VECTOR('',#7037,1.);
#7037 = DIRECTION('',(-1.,0.,0.));
#7038 = ORIENTED_EDGE('',*,*,#7039,.T.);
#7039 = EDGE_CURVE('',#7032,#7040,#7042,.T.);
#7040 = VERTEX_POINT('',#7041);
#7041 = CARTESIAN_POINT('',(2.15,2.705,0.5));
#7042 = LINE('',#7043,#7044);
#7043 = CARTESIAN_POINT('',(2.15,5.505,0.5));
#7044 = VECTOR('',#7045,1.);
#7045 = DIRECTION('',(0.,1.,0.));
#7046 = ORIENTED_EDGE('',*,*,#7047,.T.);
#7047 = EDGE_CURVE('',#7040,#7048,#7050,.T.);
#7048 = VERTEX_POINT('',#7049);
#7049 = CARTESIAN_POINT('',(3.15,2.705,0.5));
#7050 = LINE('',#7051,#7052);
#7051 = CARTESIAN_POINT('',(-4.85,2.705,0.5));
#7052 = VECTOR('',#7053,1.);
#7053 = DIRECTION('',(1.,-8.673617379884E-16,0.));
#7054 = ORIENTED_EDGE('',*,*,#7055,.T.);
#7055 = EDGE_CURVE('',#7048,#7030,#7056,.T.);
#7056 = LINE('',#7057,#7058);
#7057 = CARTESIAN_POINT('',(3.15,5.505,0.5));
#7058 = VECTOR('',#7059,1.);
#7059 = DIRECTION('',(0.,-1.,0.));
#7060 = FACE_BOUND('',#7061,.T.);
#7061 = EDGE_LOOP('',(#7062,#7063,#7064,#7070));
#7062 = ORIENTED_EDGE('',*,*,#3909,.T.);
#7063 = ORIENTED_EDGE('',*,*,#6500,.F.);
#7064 = ORIENTED_EDGE('',*,*,#7065,.F.);
#7065 = EDGE_CURVE('',#6454,#6493,#7066,.T.);
#7066 = LINE('',#7067,#7068);
#7067 = CARTESIAN_POINT('',(-4.85,5.505,0.5));
#7068 = VECTOR('',#7069,1.);
#7069 = DIRECTION('',(-0.,1.,-0.));
#7070 = ORIENTED_EDGE('',*,*,#6453,.T.);
#7071 = PLANE('',#7072);
#7072 = AXIS2_PLACEMENT_3D('',#7073,#7074,#7075);
#7073 = CARTESIAN_POINT('',(-4.85,5.505,0.5));
#7074 = DIRECTION('',(-0.,0.,-1.));
#7075 = DIRECTION('',(-1.,0.,0.));
#7076 = ADVANCED_FACE('',(#7077),#7106,.F.);
#7077 = FACE_BOUND('',#7078,.T.);
#7078 = EDGE_LOOP('',(#7079,#7080,#7088,#7096,#7102,#7103,#7104,#7105));
#7079 = ORIENTED_EDGE('',*,*,#6854,.T.);
#7080 = ORIENTED_EDGE('',*,*,#7081,.T.);
#7081 = EDGE_CURVE('',#6847,#7082,#7084,.T.);
#7082 = VERTEX_POINT('',#7083);
#7083 = CARTESIAN_POINT('',(-4.85,3.005,4.4));
#7084 = LINE('',#7085,#7086);
#7085 = CARTESIAN_POINT('',(-4.85,3.005,2.5));
#7086 = VECTOR('',#7087,1.);
#7087 = DIRECTION('',(0.,0.,-1.));
#7088 = ORIENTED_EDGE('',*,*,#7089,.T.);
#7089 = EDGE_CURVE('',#7082,#7090,#7092,.T.);
#7090 = VERTEX_POINT('',#7091);
#7091 = CARTESIAN_POINT('',(-4.85,-2.995,4.4));
#7092 = LINE('',#7093,#7094);
#7093 = CARTESIAN_POINT('',(-4.85,5.E-03,4.4));
#7094 = VECTOR('',#7095,1.);
#7095 = DIRECTION('',(0.,-1.,0.));
#7096 = ORIENTED_EDGE('',*,*,#7097,.T.);
#7097 = EDGE_CURVE('',#7090,#6872,#7098,.T.);
#7098 = LINE('',#7099,#7100);
#7099 = CARTESIAN_POINT('',(-4.85,-2.995,2.5));
#7100 = VECTOR('',#7101,1.);
#7101 = DIRECTION('',(0.,0.,1.));
#7102 = ORIENTED_EDGE('',*,*,#6871,.T.);
#7103 = ORIENTED_EDGE('',*,*,#6461,.T.);
#7104 = ORIENTED_EDGE('',*,*,#7065,.T.);
#7105 = ORIENTED_EDGE('',*,*,#6492,.T.);
#7106 = PLANE('',#7107);
#7107 = AXIS2_PLACEMENT_3D('',#7108,#7109,#7110);
#7108 = CARTESIAN_POINT('',(-4.85,5.E-03,2.5));
#7109 = DIRECTION('',(-1.,0.,0.));
#7110 = DIRECTION('',(0.,0.,1.));
#7111 = ADVANCED_FACE('',(#7112),#7128,.T.);
#7112 = FACE_BOUND('',#7113,.T.);
#7113 = EDGE_LOOP('',(#7114,#7115,#7121,#7122));
#7114 = ORIENTED_EDGE('',*,*,#7047,.F.);
#7115 = ORIENTED_EDGE('',*,*,#7116,.F.);
#7116 = EDGE_CURVE('',#6593,#7040,#7117,.T.);
#7117 = LINE('',#7118,#7119);
#7118 = CARTESIAN_POINT('',(2.15,2.705,4.5));
#7119 = VECTOR('',#7120,1.);
#7120 = DIRECTION('',(0.,0.,-1.));
#7121 = ORIENTED_EDGE('',*,*,#6592,.T.);
#7122 = ORIENTED_EDGE('',*,*,#7123,.T.);
#7123 = EDGE_CURVE('',#6595,#7048,#7124,.T.);
#7124 = LINE('',#7125,#7126);
#7125 = CARTESIAN_POINT('',(3.15,2.705,4.5));
#7126 = VECTOR('',#7127,1.);
#7127 = DIRECTION('',(0.,0.,-1.));
#7128 = PLANE('',#7129);
#7129 = AXIS2_PLACEMENT_3D('',#7130,#7131,#7132);
#7130 = CARTESIAN_POINT('',(2.15,2.705,4.5));
#7131 = DIRECTION('',(8.673617379884E-16,1.,0.));
#7132 = DIRECTION('',(-1.,8.673617379884E-16,0.));
#7133 = ADVANCED_FACE('',(#7134),#7145,.T.);
#7134 = FACE_BOUND('',#7135,.T.);
#7135 = EDGE_LOOP('',(#7136,#7137,#7138,#7139));
#7136 = ORIENTED_EDGE('',*,*,#7055,.F.);
#7137 = ORIENTED_EDGE('',*,*,#7123,.F.);
#7138 = ORIENTED_EDGE('',*,*,#6618,.T.);
#7139 = ORIENTED_EDGE('',*,*,#7140,.T.);
#7140 = EDGE_CURVE('',#6611,#7030,#7141,.T.);
#7141 = LINE('',#7142,#7143);
#7142 = CARTESIAN_POINT('',(3.15,2.305,4.5));
#7143 = VECTOR('',#7144,1.);
#7144 = DIRECTION('',(0.,0.,-1.));
#7145 = PLANE('',#7146);
#7146 = AXIS2_PLACEMENT_3D('',#7147,#7148,#7149);
#7147 = CARTESIAN_POINT('',(3.15,2.705,4.5));
#7148 = DIRECTION('',(1.,0.,0.));
#7149 = DIRECTION('',(0.,0.,-1.));
#7150 = ADVANCED_FACE('',(#7151),#7162,.T.);
#7151 = FACE_BOUND('',#7152,.T.);
#7152 = EDGE_LOOP('',(#7153,#7154,#7155,#7156));
#7153 = ORIENTED_EDGE('',*,*,#7029,.F.);
#7154 = ORIENTED_EDGE('',*,*,#7140,.F.);
#7155 = ORIENTED_EDGE('',*,*,#6610,.T.);
#7156 = ORIENTED_EDGE('',*,*,#7157,.T.);
#7157 = EDGE_CURVE('',#6603,#7032,#7158,.T.);
#7158 = LINE('',#7159,#7160);
#7159 = CARTESIAN_POINT('',(2.15,2.305,4.5));
#7160 = VECTOR('',#7161,1.);
#7161 = DIRECTION('',(0.,0.,-1.));
#7162 = PLANE('',#7163);
#7163 = AXIS2_PLACEMENT_3D('',#7164,#7165,#7166);
#7164 = CARTESIAN_POINT('',(2.15,2.305,4.5));
#7165 = DIRECTION('',(0.,-1.,0.));
#7166 = DIRECTION('',(0.,-0.,-1.));
#7167 = ADVANCED_FACE('',(#7168),#7174,.T.);
#7168 = FACE_BOUND('',#7169,.T.);
#7169 = EDGE_LOOP('',(#7170,#7171,#7172,#7173));
#7170 = ORIENTED_EDGE('',*,*,#7039,.F.);
#7171 = ORIENTED_EDGE('',*,*,#7157,.F.);
#7172 = ORIENTED_EDGE('',*,*,#6602,.T.);
#7173 = ORIENTED_EDGE('',*,*,#7116,.T.);
#7174 = PLANE('',#7175);
#7175 = AXIS2_PLACEMENT_3D('',#7176,#7177,#7178);
#7176 = CARTESIAN_POINT('',(2.15,2.705,4.5));
#7177 = DIRECTION('',(-1.,0.,-0.));
#7178 = DIRECTION('',(0.,0.,1.));
#7179 = ADVANCED_FACE('',(#7180),#7205,.T.);
#7180 = FACE_BOUND('',#7181,.T.);
#7181 = EDGE_LOOP('',(#7182,#7190,#7198,#7204));
#7182 = ORIENTED_EDGE('',*,*,#7183,.T.);
#7183 = EDGE_CURVE('',#4822,#7184,#7186,.T.);
#7184 = VERTEX_POINT('',#7185);
#7185 = CARTESIAN_POINT('',(2.15,2.705,-2.6));
#7186 = LINE('',#7187,#7188);
#7187 = CARTESIAN_POINT('',(2.15,2.705,4.5));
#7188 = VECTOR('',#7189,1.);
#7189 = DIRECTION('',(0.,0.,-1.));
#7190 = ORIENTED_EDGE('',*,*,#7191,.T.);
#7191 = EDGE_CURVE('',#7184,#7192,#7194,.T.);
#7192 = VERTEX_POINT('',#7193);
#7193 = CARTESIAN_POINT('',(2.15,2.305,-2.6));
#7194 = LINE('',#7195,#7196);
#7195 = CARTESIAN_POINT('',(2.15,2.305,-2.6));
#7196 = VECTOR('',#7197,1.);
#7197 = DIRECTION('',(-0.,-1.,-0.));
#7198 = ORIENTED_EDGE('',*,*,#7199,.F.);
#7199 = EDGE_CURVE('',#4830,#7192,#7200,.T.);
#7200 = LINE('',#7201,#7202);
#7201 = CARTESIAN_POINT('',(2.15,2.305,4.5));
#7202 = VECTOR('',#7203,1.);
#7203 = DIRECTION('',(0.,0.,-1.));
#7204 = ORIENTED_EDGE('',*,*,#4829,.F.);
#7205 = PLANE('',#7206);
#7206 = AXIS2_PLACEMENT_3D('',#7207,#7208,#7209);
#7207 = CARTESIAN_POINT('',(2.15,2.705,4.5));
#7208 = DIRECTION('',(-1.,0.,-0.));
#7209 = DIRECTION('',(0.,0.,1.));
#7210 = ADVANCED_FACE('',(#7211),#7247,.T.);
#7211 = FACE_BOUND('',#7212,.T.);
#7212 = EDGE_LOOP('',(#7213,#7214,#7223,#7231,#7240,#7246));
#7213 = ORIENTED_EDGE('',*,*,#7199,.T.);
#7214 = ORIENTED_EDGE('',*,*,#7215,.T.);
#7215 = EDGE_CURVE('',#7192,#7216,#7218,.T.);
#7216 = VERTEX_POINT('',#7217);
#7217 = CARTESIAN_POINT('',(2.55,2.305,-3.));
#7218 = CIRCLE('',#7219,0.4);
#7219 = AXIS2_PLACEMENT_3D('',#7220,#7221,#7222);
#7220 = CARTESIAN_POINT('',(2.55,2.305,-2.6));
#7221 = DIRECTION('',(0.,-1.,0.));
#7222 = DIRECTION('',(0.,0.,-1.));
#7223 = ORIENTED_EDGE('',*,*,#7224,.F.);
#7224 = EDGE_CURVE('',#7225,#7216,#7227,.T.);
#7225 = VERTEX_POINT('',#7226);
#7226 = CARTESIAN_POINT('',(2.75,2.305,-3.));
#7227 = LINE('',#7228,#7229);
#7228 = CARTESIAN_POINT('',(2.15,2.305,-3.));
#7229 = VECTOR('',#7230,1.);
#7230 = DIRECTION('',(-1.,-0.,-0.));
#7231 = ORIENTED_EDGE('',*,*,#7232,.T.);
#7232 = EDGE_CURVE('',#7225,#7233,#7235,.T.);
#7233 = VERTEX_POINT('',#7234);
#7234 = CARTESIAN_POINT('',(3.15,2.305,-2.6));
#7235 = CIRCLE('',#7236,0.4);
#7236 = AXIS2_PLACEMENT_3D('',#7237,#7238,#7239);
#7237 = CARTESIAN_POINT('',(2.75,2.305,-2.6));
#7238 = DIRECTION('',(0.,-1.,0.));
#7239 = DIRECTION('',(0.,0.,-1.));
#7240 = ORIENTED_EDGE('',*,*,#7241,.F.);
#7241 = EDGE_CURVE('',#4838,#7233,#7242,.T.);
#7242 = LINE('',#7243,#7244);
#7243 = CARTESIAN_POINT('',(3.15,2.305,4.5));
#7244 = VECTOR('',#7245,1.);
#7245 = DIRECTION('',(0.,0.,-1.));
#7246 = ORIENTED_EDGE('',*,*,#4837,.F.);
#7247 = PLANE('',#7248);
#7248 = AXIS2_PLACEMENT_3D('',#7249,#7250,#7251);
#7249 = CARTESIAN_POINT('',(2.15,2.305,4.5));
#7250 = DIRECTION('',(0.,-1.,0.));
#7251 = DIRECTION('',(0.,-0.,-1.));
#7252 = ADVANCED_FACE('',(#7253),#7271,.T.);
#7253 = FACE_BOUND('',#7254,.T.);
#7254 = EDGE_LOOP('',(#7255,#7256,#7264,#7270));
#7255 = ORIENTED_EDGE('',*,*,#7241,.T.);
#7256 = ORIENTED_EDGE('',*,*,#7257,.T.);
#7257 = EDGE_CURVE('',#7233,#7258,#7260,.T.);
#7258 = VERTEX_POINT('',#7259);
#7259 = CARTESIAN_POINT('',(3.15,2.705,-2.6));
#7260 = LINE('',#7261,#7262);
#7261 = CARTESIAN_POINT('',(3.15,2.705,-2.6));
#7262 = VECTOR('',#7263,1.);
#7263 = DIRECTION('',(-0.,1.,-0.));
#7264 = ORIENTED_EDGE('',*,*,#7265,.F.);
#7265 = EDGE_CURVE('',#4820,#7258,#7266,.T.);
#7266 = LINE('',#7267,#7268);
#7267 = CARTESIAN_POINT('',(3.15,2.705,4.5));
#7268 = VECTOR('',#7269,1.);
#7269 = DIRECTION('',(0.,0.,-1.));
#7270 = ORIENTED_EDGE('',*,*,#4845,.F.);
#7271 = PLANE('',#7272);
#7272 = AXIS2_PLACEMENT_3D('',#7273,#7274,#7275);
#7273 = CARTESIAN_POINT('',(3.15,2.705,4.5));
#7274 = DIRECTION('',(1.,0.,0.));
#7275 = DIRECTION('',(0.,0.,-1.));
#7276 = ADVANCED_FACE('',(#7277),#7306,.T.);
#7277 = FACE_BOUND('',#7278,.T.);
#7278 = EDGE_LOOP('',(#7279,#7289,#7296,#7297,#7298,#7299));
#7279 = ORIENTED_EDGE('',*,*,#7280,.F.);
#7280 = EDGE_CURVE('',#7281,#7283,#7285,.T.);
#7281 = VERTEX_POINT('',#7282);
#7282 = CARTESIAN_POINT('',(2.55,2.705,-3.));
#7283 = VERTEX_POINT('',#7284);
#7284 = CARTESIAN_POINT('',(2.75,2.705,-3.));
#7285 = LINE('',#7286,#7287);
#7286 = CARTESIAN_POINT('',(2.15,2.705,-3.));
#7287 = VECTOR('',#7288,1.);
#7288 = DIRECTION('',(1.,-8.673617379884E-16,0.));
#7289 = ORIENTED_EDGE('',*,*,#7290,.T.);
#7290 = EDGE_CURVE('',#7281,#7184,#7291,.T.);
#7291 = CIRCLE('',#7292,0.4);
#7292 = AXIS2_PLACEMENT_3D('',#7293,#7294,#7295);
#7293 = CARTESIAN_POINT('',(2.55,2.705,-2.6));
#7294 = DIRECTION('',(8.673617379884E-16,1.,0.));
#7295 = DIRECTION('',(-1.,8.673617379884E-16,0.));
#7296 = ORIENTED_EDGE('',*,*,#7183,.F.);
#7297 = ORIENTED_EDGE('',*,*,#4819,.F.);
#7298 = ORIENTED_EDGE('',*,*,#7265,.T.);
#7299 = ORIENTED_EDGE('',*,*,#7300,.T.);
#7300 = EDGE_CURVE('',#7258,#7283,#7301,.T.);
#7301 = CIRCLE('',#7302,0.4);
#7302 = AXIS2_PLACEMENT_3D('',#7303,#7304,#7305);
#7303 = CARTESIAN_POINT('',(2.75,2.705,-2.6));
#7304 = DIRECTION('',(8.673617379884E-16,1.,0.));
#7305 = DIRECTION('',(-1.,8.673617379884E-16,0.));
#7306 = PLANE('',#7307);
#7307 = AXIS2_PLACEMENT_3D('',#7308,#7309,#7310);
#7308 = CARTESIAN_POINT('',(2.15,2.705,4.5));
#7309 = DIRECTION('',(8.673617379884E-16,1.,0.));
#7310 = DIRECTION('',(-1.,8.673617379884E-16,0.));
#7311 = ADVANCED_FACE('',(#7312),#7328,.F.);
#7312 = FACE_BOUND('',#7313,.T.);
#7313 = EDGE_LOOP('',(#7314,#7315,#7321,#7322));
#7314 = ORIENTED_EDGE('',*,*,#7224,.T.);
#7315 = ORIENTED_EDGE('',*,*,#7316,.T.);
#7316 = EDGE_CURVE('',#7216,#7281,#7317,.T.);
#7317 = LINE('',#7318,#7319);
#7318 = CARTESIAN_POINT('',(2.55,2.705,-3.));
#7319 = VECTOR('',#7320,1.);
#7320 = DIRECTION('',(0.,1.,-0.));
#7321 = ORIENTED_EDGE('',*,*,#7280,.T.);
#7322 = ORIENTED_EDGE('',*,*,#7323,.T.);
#7323 = EDGE_CURVE('',#7283,#7225,#7324,.T.);
#7324 = LINE('',#7325,#7326);
#7325 = CARTESIAN_POINT('',(2.75,2.305,-3.));
#7326 = VECTOR('',#7327,1.);
#7327 = DIRECTION('',(0.,-1.,0.));
#7328 = PLANE('',#7329);
#7329 = AXIS2_PLACEMENT_3D('',#7330,#7331,#7332);
#7330 = CARTESIAN_POINT('',(-6.25,5.E-03,-3.));
#7331 = DIRECTION('',(-0.,0.,1.));
#7332 = DIRECTION('',(1.,0.,0.));
#7333 = ADVANCED_FACE('',(#7334),#7350,.T.);
#7334 = FACE_BOUND('',#7335,.T.);
#7335 = EDGE_LOOP('',(#7336,#7337,#7343,#7344));
#7336 = ORIENTED_EDGE('',*,*,#7013,.F.);
#7337 = ORIENTED_EDGE('',*,*,#7338,.F.);
#7338 = EDGE_CURVE('',#6789,#7006,#7339,.T.);
#7339 = LINE('',#7340,#7341);
#7340 = CARTESIAN_POINT('',(2.15,5.13,4.5));
#7341 = VECTOR('',#7342,1.);
#7342 = DIRECTION('',(0.,0.,-1.));
#7343 = ORIENTED_EDGE('',*,*,#6788,.T.);
#7344 = ORIENTED_EDGE('',*,*,#7345,.T.);
#7345 = EDGE_CURVE('',#6791,#7014,#7346,.T.);
#7346 = LINE('',#7347,#7348);
#7347 = CARTESIAN_POINT('',(3.15,5.13,4.5));
#7348 = VECTOR('',#7349,1.);
#7349 = DIRECTION('',(0.,0.,-1.));
#7350 = PLANE('',#7351);
#7351 = AXIS2_PLACEMENT_3D('',#7352,#7353,#7354);
#7352 = CARTESIAN_POINT('',(2.15,5.13,4.5));
#7353 = DIRECTION('',(8.673617379884E-16,1.,0.));
#7354 = DIRECTION('',(-1.,8.673617379884E-16,0.));
#7355 = ADVANCED_FACE('',(#7356),#7367,.T.);
#7356 = FACE_BOUND('',#7357,.T.);
#7357 = EDGE_LOOP('',(#7358,#7359,#7360,#7361));
#7358 = ORIENTED_EDGE('',*,*,#7021,.F.);
#7359 = ORIENTED_EDGE('',*,*,#7345,.F.);
#7360 = ORIENTED_EDGE('',*,*,#6816,.T.);
#7361 = ORIENTED_EDGE('',*,*,#7362,.T.);
#7362 = EDGE_CURVE('',#6809,#6996,#7363,.T.);
#7363 = LINE('',#7364,#7365);
#7364 = CARTESIAN_POINT('',(3.15,4.88,4.5));
#7365 = VECTOR('',#7366,1.);
#7366 = DIRECTION('',(0.,0.,-1.));
#7367 = PLANE('',#7368);
#7368 = AXIS2_PLACEMENT_3D('',#7369,#7370,#7371);
#7369 = CARTESIAN_POINT('',(3.15,5.13,4.5));
#7370 = DIRECTION('',(1.,0.,0.));
#7371 = DIRECTION('',(0.,0.,-1.));
#7372 = ADVANCED_FACE('',(#7373),#7392,.T.);
#7373 = FACE_BOUND('',#7374,.T.);
#7374 = EDGE_LOOP('',(#7375,#7376,#7377,#7378,#7386));
#7375 = ORIENTED_EDGE('',*,*,#6995,.F.);
#7376 = ORIENTED_EDGE('',*,*,#7362,.F.);
#7377 = ORIENTED_EDGE('',*,*,#6808,.T.);
#7378 = ORIENTED_EDGE('',*,*,#7379,.T.);
#7379 = EDGE_CURVE('',#6069,#7380,#7382,.T.);
#7380 = VERTEX_POINT('',#7381);
#7381 = CARTESIAN_POINT('',(2.15,4.88,4.5));
#7382 = LINE('',#7383,#7384);
#7383 = CARTESIAN_POINT('',(2.15,4.88,4.5));
#7384 = VECTOR('',#7385,1.);
#7385 = DIRECTION('',(-1.,-0.,-0.));
#7386 = ORIENTED_EDGE('',*,*,#7387,.T.);
#7387 = EDGE_CURVE('',#7380,#6998,#7388,.T.);
#7388 = LINE('',#7389,#7390);
#7389 = CARTESIAN_POINT('',(2.15,4.88,4.5));
#7390 = VECTOR('',#7391,1.);
#7391 = DIRECTION('',(0.,0.,-1.));
#7392 = PLANE('',#7393);
#7393 = AXIS2_PLACEMENT_3D('',#7394,#7395,#7396);
#7394 = CARTESIAN_POINT('',(2.15,4.88,4.5));
#7395 = DIRECTION('',(0.,-1.,0.));
#7396 = DIRECTION('',(0.,-0.,-1.));
#7397 = ADVANCED_FACE('',(#7398),#7410,.T.);
#7398 = FACE_BOUND('',#7399,.T.);
#7399 = EDGE_LOOP('',(#7400,#7401,#7402,#7408,#7409));
#7400 = ORIENTED_EDGE('',*,*,#7005,.F.);
#7401 = ORIENTED_EDGE('',*,*,#7387,.F.);
#7402 = ORIENTED_EDGE('',*,*,#7403,.T.);
#7403 = EDGE_CURVE('',#7380,#6037,#7404,.T.);
#7404 = LINE('',#7405,#7406);
#7405 = CARTESIAN_POINT('',(2.15,5.13,4.5));
#7406 = VECTOR('',#7407,1.);
#7407 = DIRECTION('',(-0.,1.,-0.));
#7408 = ORIENTED_EDGE('',*,*,#6798,.T.);
#7409 = ORIENTED_EDGE('',*,*,#7338,.T.);
#7410 = PLANE('',#7411);
#7411 = AXIS2_PLACEMENT_3D('',#7412,#7413,#7414);
#7412 = CARTESIAN_POINT('',(2.15,5.13,4.5));
#7413 = DIRECTION('',(-1.,0.,-0.));
#7414 = DIRECTION('',(0.,0.,1.));
#7415 = ADVANCED_FACE('',(#7416),#7422,.T.);
#7416 = FACE_BOUND('',#7417,.T.);
#7417 = EDGE_LOOP('',(#7418,#7419,#7420,#7421));
#7418 = ORIENTED_EDGE('',*,*,#6044,.F.);
#7419 = ORIENTED_EDGE('',*,*,#7403,.F.);
#7420 = ORIENTED_EDGE('',*,*,#7379,.F.);
#7421 = ORIENTED_EDGE('',*,*,#6068,.F.);
#7422 = PLANE('',#7423);
#7423 = AXIS2_PLACEMENT_3D('',#7424,#7425,#7426);
#7424 = CARTESIAN_POINT('',(-6.25,5.E-03,4.5));
#7425 = DIRECTION('',(-0.,0.,1.));
#7426 = DIRECTION('',(1.,0.,0.));
#7427 = ADVANCED_FACE('',(#7428),#7453,.T.);
#7428 = FACE_BOUND('',#7429,.T.);
#7429 = EDGE_LOOP('',(#7430,#7438,#7446,#7452));
#7430 = ORIENTED_EDGE('',*,*,#7431,.T.);
#7431 = EDGE_CURVE('',#4788,#7432,#7434,.T.);
#7432 = VERTEX_POINT('',#7433);
#7433 = CARTESIAN_POINT('',(2.15,5.13,-2.6));
#7434 = LINE('',#7435,#7436);
#7435 = CARTESIAN_POINT('',(2.15,5.13,4.5));
#7436 = VECTOR('',#7437,1.);
#7437 = DIRECTION('',(0.,0.,-1.));
#7438 = ORIENTED_EDGE('',*,*,#7439,.T.);
#7439 = EDGE_CURVE('',#7432,#7440,#7442,.T.);
#7440 = VERTEX_POINT('',#7441);
#7441 = CARTESIAN_POINT('',(2.15,4.88,-2.6));
#7442 = LINE('',#7443,#7444);
#7443 = CARTESIAN_POINT('',(2.15,4.88,-2.6));
#7444 = VECTOR('',#7445,1.);
#7445 = DIRECTION('',(-0.,-1.,-0.));
#7446 = ORIENTED_EDGE('',*,*,#7447,.F.);
#7447 = EDGE_CURVE('',#4796,#7440,#7448,.T.);
#7448 = LINE('',#7449,#7450);
#7449 = CARTESIAN_POINT('',(2.15,4.88,4.5));
#7450 = VECTOR('',#7451,1.);
#7451 = DIRECTION('',(0.,0.,-1.));
#7452 = ORIENTED_EDGE('',*,*,#4795,.F.);
#7453 = PLANE('',#7454);
#7454 = AXIS2_PLACEMENT_3D('',#7455,#7456,#7457);
#7455 = CARTESIAN_POINT('',(2.15,5.13,4.5));
#7456 = DIRECTION('',(-1.,0.,-0.));
#7457 = DIRECTION('',(0.,0.,1.));
#7458 = ADVANCED_FACE('',(#7459),#7495,.T.);
#7459 = FACE_BOUND('',#7460,.T.);
#7460 = EDGE_LOOP('',(#7461,#7471,#7480,#7486,#7487,#7488));
#7461 = ORIENTED_EDGE('',*,*,#7462,.F.);
#7462 = EDGE_CURVE('',#7463,#7465,#7467,.T.);
#7463 = VERTEX_POINT('',#7464);
#7464 = CARTESIAN_POINT('',(2.75,4.88,-3.));
#7465 = VERTEX_POINT('',#7466);
#7466 = CARTESIAN_POINT('',(2.55,4.88,-3.));
#7467 = LINE('',#7468,#7469);
#7468 = CARTESIAN_POINT('',(2.15,4.88,-3.));
#7469 = VECTOR('',#7470,1.);
#7470 = DIRECTION('',(-1.,-0.,-0.));
#7471 = ORIENTED_EDGE('',*,*,#7472,.T.);
#7472 = EDGE_CURVE('',#7463,#7473,#7475,.T.);
#7473 = VERTEX_POINT('',#7474);
#7474 = CARTESIAN_POINT('',(3.15,4.88,-2.6));
#7475 = CIRCLE('',#7476,0.4);
#7476 = AXIS2_PLACEMENT_3D('',#7477,#7478,#7479);
#7477 = CARTESIAN_POINT('',(2.75,4.88,-2.6));
#7478 = DIRECTION('',(0.,-1.,0.));
#7479 = DIRECTION('',(0.,0.,-1.));
#7480 = ORIENTED_EDGE('',*,*,#7481,.F.);
#7481 = EDGE_CURVE('',#4804,#7473,#7482,.T.);
#7482 = LINE('',#7483,#7484);
#7483 = CARTESIAN_POINT('',(3.15,4.88,4.5));
#7484 = VECTOR('',#7485,1.);
#7485 = DIRECTION('',(0.,0.,-1.));
#7486 = ORIENTED_EDGE('',*,*,#4803,.F.);
#7487 = ORIENTED_EDGE('',*,*,#7447,.T.);
#7488 = ORIENTED_EDGE('',*,*,#7489,.T.);
#7489 = EDGE_CURVE('',#7440,#7465,#7490,.T.);
#7490 = CIRCLE('',#7491,0.4);
#7491 = AXIS2_PLACEMENT_3D('',#7492,#7493,#7494);
#7492 = CARTESIAN_POINT('',(2.55,4.88,-2.6));
#7493 = DIRECTION('',(0.,-1.,0.));
#7494 = DIRECTION('',(0.,0.,-1.));
#7495 = PLANE('',#7496);
#7496 = AXIS2_PLACEMENT_3D('',#7497,#7498,#7499);
#7497 = CARTESIAN_POINT('',(2.15,4.88,4.5));
#7498 = DIRECTION('',(0.,-1.,0.));
#7499 = DIRECTION('',(0.,-0.,-1.));
#7500 = ADVANCED_FACE('',(#7501),#7519,.T.);
#7501 = FACE_BOUND('',#7502,.T.);
#7502 = EDGE_LOOP('',(#7503,#7504,#7512,#7518));
#7503 = ORIENTED_EDGE('',*,*,#7481,.T.);
#7504 = ORIENTED_EDGE('',*,*,#7505,.T.);
#7505 = EDGE_CURVE('',#7473,#7506,#7508,.T.);
#7506 = VERTEX_POINT('',#7507);
#7507 = CARTESIAN_POINT('',(3.15,5.13,-2.6));
#7508 = LINE('',#7509,#7510);
#7509 = CARTESIAN_POINT('',(3.15,5.13,-2.6));
#7510 = VECTOR('',#7511,1.);
#7511 = DIRECTION('',(-0.,1.,-0.));
#7512 = ORIENTED_EDGE('',*,*,#7513,.F.);
#7513 = EDGE_CURVE('',#4786,#7506,#7514,.T.);
#7514 = LINE('',#7515,#7516);
#7515 = CARTESIAN_POINT('',(3.15,5.13,4.5));
#7516 = VECTOR('',#7517,1.);
#7517 = DIRECTION('',(0.,0.,-1.));
#7518 = ORIENTED_EDGE('',*,*,#4811,.F.);
#7519 = PLANE('',#7520);
#7520 = AXIS2_PLACEMENT_3D('',#7521,#7522,#7523);
#7521 = CARTESIAN_POINT('',(3.15,5.13,4.5));
#7522 = DIRECTION('',(1.,0.,0.));
#7523 = DIRECTION('',(0.,0.,-1.));
#7524 = ADVANCED_FACE('',(#7525),#7554,.T.);
#7525 = FACE_BOUND('',#7526,.T.);
#7526 = EDGE_LOOP('',(#7527,#7528,#7537,#7545,#7552,#7553));
#7527 = ORIENTED_EDGE('',*,*,#7513,.T.);
#7528 = ORIENTED_EDGE('',*,*,#7529,.T.);
#7529 = EDGE_CURVE('',#7506,#7530,#7532,.T.);
#7530 = VERTEX_POINT('',#7531);
#7531 = CARTESIAN_POINT('',(2.75,5.13,-3.));
#7532 = CIRCLE('',#7533,0.4);
#7533 = AXIS2_PLACEMENT_3D('',#7534,#7535,#7536);
#7534 = CARTESIAN_POINT('',(2.75,5.13,-2.6));
#7535 = DIRECTION('',(8.673617379884E-16,1.,0.));
#7536 = DIRECTION('',(-1.,8.673617379884E-16,0.));
#7537 = ORIENTED_EDGE('',*,*,#7538,.F.);
#7538 = EDGE_CURVE('',#7539,#7530,#7541,.T.);
#7539 = VERTEX_POINT('',#7540);
#7540 = CARTESIAN_POINT('',(2.55,5.13,-3.));
#7541 = LINE('',#7542,#7543);
#7542 = CARTESIAN_POINT('',(2.15,5.13,-3.));
#7543 = VECTOR('',#7544,1.);
#7544 = DIRECTION('',(1.,-8.673617379884E-16,0.));
#7545 = ORIENTED_EDGE('',*,*,#7546,.T.);
#7546 = EDGE_CURVE('',#7539,#7432,#7547,.T.);
#7547 = CIRCLE('',#7548,0.4);
#7548 = AXIS2_PLACEMENT_3D('',#7549,#7550,#7551);
#7549 = CARTESIAN_POINT('',(2.55,5.13,-2.6));
#7550 = DIRECTION('',(8.673617379884E-16,1.,0.));
#7551 = DIRECTION('',(-1.,8.673617379884E-16,0.));
#7552 = ORIENTED_EDGE('',*,*,#7431,.F.);
#7553 = ORIENTED_EDGE('',*,*,#4785,.F.);
#7554 = PLANE('',#7555);
#7555 = AXIS2_PLACEMENT_3D('',#7556,#7557,#7558);
#7556 = CARTESIAN_POINT('',(2.15,5.13,4.5));
#7557 = DIRECTION('',(8.673617379884E-16,1.,0.));
#7558 = DIRECTION('',(-1.,8.673617379884E-16,0.));
#7559 = ADVANCED_FACE('',(#7560),#7576,.F.);
#7560 = FACE_BOUND('',#7561,.T.);
#7561 = EDGE_LOOP('',(#7562,#7563,#7569,#7570));
#7562 = ORIENTED_EDGE('',*,*,#7538,.T.);
#7563 = ORIENTED_EDGE('',*,*,#7564,.T.);
#7564 = EDGE_CURVE('',#7530,#7463,#7565,.T.);
#7565 = LINE('',#7566,#7567);
#7566 = CARTESIAN_POINT('',(2.75,4.88,-3.));
#7567 = VECTOR('',#7568,1.);
#7568 = DIRECTION('',(0.,-1.,0.));
#7569 = ORIENTED_EDGE('',*,*,#7462,.T.);
#7570 = ORIENTED_EDGE('',*,*,#7571,.T.);
#7571 = EDGE_CURVE('',#7465,#7539,#7572,.T.);
#7572 = LINE('',#7573,#7574);
#7573 = CARTESIAN_POINT('',(2.55,5.13,-3.));
#7574 = VECTOR('',#7575,1.);
#7575 = DIRECTION('',(0.,1.,-0.));
#7576 = PLANE('',#7577);
#7577 = AXIS2_PLACEMENT_3D('',#7578,#7579,#7580);
#7578 = CARTESIAN_POINT('',(-6.25,5.E-03,-3.));
#7579 = DIRECTION('',(-0.,0.,1.));
#7580 = DIRECTION('',(1.,0.,0.));
#7581 = ADVANCED_FACE('',(#7582),#7606,.T.);
#7582 = FACE_BOUND('',#7583,.T.);
#7583 = EDGE_LOOP('',(#7584,#7585,#7591,#7592,#7600));
#7584 = ORIENTED_EDGE('',*,*,#6979,.F.);
#7585 = ORIENTED_EDGE('',*,*,#7586,.F.);
#7586 = EDGE_CURVE('',#6761,#6972,#7587,.T.);
#7587 = LINE('',#7588,#7589);
#7588 = CARTESIAN_POINT('',(2.15,-5.12,4.5));
#7589 = VECTOR('',#7590,1.);
#7590 = DIRECTION('',(0.,0.,-1.));
#7591 = ORIENTED_EDGE('',*,*,#6760,.T.);
#7592 = ORIENTED_EDGE('',*,*,#7593,.T.);
#7593 = EDGE_CURVE('',#6421,#7594,#7596,.T.);
#7594 = VERTEX_POINT('',#7595);
#7595 = CARTESIAN_POINT('',(2.15,-4.87,4.5));
#7596 = LINE('',#7597,#7598);
#7597 = CARTESIAN_POINT('',(2.15,-5.12,4.5));
#7598 = VECTOR('',#7599,1.);
#7599 = DIRECTION('',(0.,1.,0.));
#7600 = ORIENTED_EDGE('',*,*,#7601,.T.);
#7601 = EDGE_CURVE('',#7594,#6980,#7602,.T.);
#7602 = LINE('',#7603,#7604);
#7603 = CARTESIAN_POINT('',(2.15,-4.87,4.5));
#7604 = VECTOR('',#7605,1.);
#7605 = DIRECTION('',(0.,0.,-1.));
#7606 = PLANE('',#7607);
#7607 = AXIS2_PLACEMENT_3D('',#7608,#7609,#7610);
#7608 = CARTESIAN_POINT('',(2.15,-5.12,4.5));
#7609 = DIRECTION('',(-1.,0.,0.));
#7610 = DIRECTION('',(0.,0.,1.));
#7611 = ADVANCED_FACE('',(#7612),#7629,.T.);
#7612 = FACE_BOUND('',#7613,.T.);
#7613 = EDGE_LOOP('',(#7614,#7615,#7616,#7622,#7623));
#7614 = ORIENTED_EDGE('',*,*,#6987,.F.);
#7615 = ORIENTED_EDGE('',*,*,#7601,.F.);
#7616 = ORIENTED_EDGE('',*,*,#7617,.T.);
#7617 = EDGE_CURVE('',#7594,#6389,#7618,.T.);
#7618 = LINE('',#7619,#7620);
#7619 = CARTESIAN_POINT('',(2.15,-4.87,4.5));
#7620 = VECTOR('',#7621,1.);
#7621 = DIRECTION('',(1.,0.,0.));
#7622 = ORIENTED_EDGE('',*,*,#6750,.T.);
#7623 = ORIENTED_EDGE('',*,*,#7624,.T.);
#7624 = EDGE_CURVE('',#6741,#6962,#7625,.T.);
#7625 = LINE('',#7626,#7627);
#7626 = CARTESIAN_POINT('',(3.15,-4.87,4.5));
#7627 = VECTOR('',#7628,1.);
#7628 = DIRECTION('',(0.,0.,-1.));
#7629 = PLANE('',#7630);
#7630 = AXIS2_PLACEMENT_3D('',#7631,#7632,#7633);
#7631 = CARTESIAN_POINT('',(2.15,-4.87,4.5));
#7632 = DIRECTION('',(-0.,1.,0.));
#7633 = DIRECTION('',(0.,0.,1.));
#7634 = ADVANCED_FACE('',(#7635),#7646,.T.);
#7635 = FACE_BOUND('',#7636,.T.);
#7636 = EDGE_LOOP('',(#7637,#7638,#7639,#7640));
#7637 = ORIENTED_EDGE('',*,*,#6961,.F.);
#7638 = ORIENTED_EDGE('',*,*,#7624,.F.);
#7639 = ORIENTED_EDGE('',*,*,#6740,.T.);
#7640 = ORIENTED_EDGE('',*,*,#7641,.T.);
#7641 = EDGE_CURVE('',#6743,#6964,#7642,.T.);
#7642 = LINE('',#7643,#7644);
#7643 = CARTESIAN_POINT('',(3.15,-5.12,4.5));
#7644 = VECTOR('',#7645,1.);
#7645 = DIRECTION('',(0.,0.,-1.));
#7646 = PLANE('',#7647);
#7647 = AXIS2_PLACEMENT_3D('',#7648,#7649,#7650);
#7648 = CARTESIAN_POINT('',(3.15,-5.12,4.5));
#7649 = DIRECTION('',(1.,-0.,0.));
#7650 = DIRECTION('',(0.,0.,-1.));
#7651 = ADVANCED_FACE('',(#7652),#7658,.T.);
#7652 = FACE_BOUND('',#7653,.T.);
#7653 = EDGE_LOOP('',(#7654,#7655,#7656,#7657));
#7654 = ORIENTED_EDGE('',*,*,#6971,.F.);
#7655 = ORIENTED_EDGE('',*,*,#7641,.F.);
#7656 = ORIENTED_EDGE('',*,*,#6768,.T.);
#7657 = ORIENTED_EDGE('',*,*,#7586,.T.);
#7658 = PLANE('',#7659);
#7659 = AXIS2_PLACEMENT_3D('',#7660,#7661,#7662);
#7660 = CARTESIAN_POINT('',(2.15,-5.12,4.5));
#7661 = DIRECTION('',(8.673617379884E-16,-1.,0.));
#7662 = DIRECTION('',(1.,8.673617379884E-16,0.));
#7663 = ADVANCED_FACE('',(#7664),#7670,.T.);
#7664 = FACE_BOUND('',#7665,.T.);
#7665 = EDGE_LOOP('',(#7666,#7667,#7668,#7669));
#7666 = ORIENTED_EDGE('',*,*,#6396,.F.);
#7667 = ORIENTED_EDGE('',*,*,#7617,.F.);
#7668 = ORIENTED_EDGE('',*,*,#7593,.F.);
#7669 = ORIENTED_EDGE('',*,*,#6420,.F.);
#7670 = PLANE('',#7671);
#7671 = AXIS2_PLACEMENT_3D('',#7672,#7673,#7674);
#7672 = CARTESIAN_POINT('',(-6.25,5.E-03,4.5));
#7673 = DIRECTION('',(0.,0.,1.));
#7674 = DIRECTION('',(1.,0.,-0.));
#7675 = ADVANCED_FACE('',(#7676),#7719,.T.);
#7676 = FACE_BOUND('',#7677,.T.);
#7677 = EDGE_LOOP('',(#7678,#7686,#7695,#7703,#7712,#7718));
#7678 = ORIENTED_EDGE('',*,*,#7679,.T.);
#7679 = EDGE_CURVE('',#4754,#7680,#7682,.T.);
#7680 = VERTEX_POINT('',#7681);
#7681 = CARTESIAN_POINT('',(2.15,-5.12,-2.6));
#7682 = LINE('',#7683,#7684);
#7683 = CARTESIAN_POINT('',(2.15,-5.12,4.5));
#7684 = VECTOR('',#7685,1.);
#7685 = DIRECTION('',(0.,0.,-1.));
#7686 = ORIENTED_EDGE('',*,*,#7687,.T.);
#7687 = EDGE_CURVE('',#7680,#7688,#7690,.T.);
#7688 = VERTEX_POINT('',#7689);
#7689 = CARTESIAN_POINT('',(2.55,-5.12,-3.));
#7690 = CIRCLE('',#7691,0.4);
#7691 = AXIS2_PLACEMENT_3D('',#7692,#7693,#7694);
#7692 = CARTESIAN_POINT('',(2.55,-5.12,-2.6));
#7693 = DIRECTION('',(8.673617379884E-16,-1.,0.));
#7694 = DIRECTION('',(1.,8.673617379884E-16,0.));
#7695 = ORIENTED_EDGE('',*,*,#7696,.F.);
#7696 = EDGE_CURVE('',#7697,#7688,#7699,.T.);
#7697 = VERTEX_POINT('',#7698);
#7698 = CARTESIAN_POINT('',(2.75,-5.12,-3.));
#7699 = LINE('',#7700,#7701);
#7700 = CARTESIAN_POINT('',(2.15,-5.12,-3.));
#7701 = VECTOR('',#7702,1.);
#7702 = DIRECTION('',(-1.,-8.673617379884E-16,-0.));
#7703 = ORIENTED_EDGE('',*,*,#7704,.T.);
#7704 = EDGE_CURVE('',#7697,#7705,#7707,.T.);
#7705 = VERTEX_POINT('',#7706);
#7706 = CARTESIAN_POINT('',(3.15,-5.12,-2.6));
#7707 = CIRCLE('',#7708,0.4);
#7708 = AXIS2_PLACEMENT_3D('',#7709,#7710,#7711);
#7709 = CARTESIAN_POINT('',(2.75,-5.12,-2.6));
#7710 = DIRECTION('',(8.673617379884E-16,-1.,0.));
#7711 = DIRECTION('',(1.,8.673617379884E-16,0.));
#7712 = ORIENTED_EDGE('',*,*,#7713,.F.);
#7713 = EDGE_CURVE('',#4762,#7705,#7714,.T.);
#7714 = LINE('',#7715,#7716);
#7715 = CARTESIAN_POINT('',(3.15,-5.12,4.5));
#7716 = VECTOR('',#7717,1.);
#7717 = DIRECTION('',(0.,0.,-1.));
#7718 = ORIENTED_EDGE('',*,*,#4761,.F.);
#7719 = PLANE('',#7720);
#7720 = AXIS2_PLACEMENT_3D('',#7721,#7722,#7723);
#7721 = CARTESIAN_POINT('',(2.15,-5.12,4.5));
#7722 = DIRECTION('',(8.673617379884E-16,-1.,0.));
#7723 = DIRECTION('',(1.,8.673617379884E-16,0.));
#7724 = ADVANCED_FACE('',(#7725),#7743,.T.);
#7725 = FACE_BOUND('',#7726,.T.);
#7726 = EDGE_LOOP('',(#7727,#7728,#7736,#7742));
#7727 = ORIENTED_EDGE('',*,*,#7713,.T.);
#7728 = ORIENTED_EDGE('',*,*,#7729,.T.);
#7729 = EDGE_CURVE('',#7705,#7730,#7732,.T.);
#7730 = VERTEX_POINT('',#7731);
#7731 = CARTESIAN_POINT('',(3.15,-4.87,-2.6));
#7732 = LINE('',#7733,#7734);
#7733 = CARTESIAN_POINT('',(3.15,-4.87,-2.6));
#7734 = VECTOR('',#7735,1.);
#7735 = DIRECTION('',(0.,1.,-0.));
#7736 = ORIENTED_EDGE('',*,*,#7737,.F.);
#7737 = EDGE_CURVE('',#4770,#7730,#7738,.T.);
#7738 = LINE('',#7739,#7740);
#7739 = CARTESIAN_POINT('',(3.15,-4.87,4.5));
#7740 = VECTOR('',#7741,1.);
#7741 = DIRECTION('',(0.,0.,-1.));
#7742 = ORIENTED_EDGE('',*,*,#4769,.F.);
#7743 = PLANE('',#7744);
#7744 = AXIS2_PLACEMENT_3D('',#7745,#7746,#7747);
#7745 = CARTESIAN_POINT('',(3.15,-5.12,4.5));
#7746 = DIRECTION('',(1.,-0.,0.));
#7747 = DIRECTION('',(0.,0.,-1.));
#7748 = ADVANCED_FACE('',(#7749),#7785,.T.);
#7749 = FACE_BOUND('',#7750,.T.);
#7750 = EDGE_LOOP('',(#7751,#7761,#7770,#7776,#7777,#7778));
#7751 = ORIENTED_EDGE('',*,*,#7752,.F.);
#7752 = EDGE_CURVE('',#7753,#7755,#7757,.T.);
#7753 = VERTEX_POINT('',#7754);
#7754 = CARTESIAN_POINT('',(2.55,-4.87,-3.));
#7755 = VERTEX_POINT('',#7756);
#7756 = CARTESIAN_POINT('',(2.75,-4.87,-3.));
#7757 = LINE('',#7758,#7759);
#7758 = CARTESIAN_POINT('',(2.15,-4.87,-3.));
#7759 = VECTOR('',#7760,1.);
#7760 = DIRECTION('',(1.,0.,0.));
#7761 = ORIENTED_EDGE('',*,*,#7762,.T.);
#7762 = EDGE_CURVE('',#7753,#7763,#7765,.T.);
#7763 = VERTEX_POINT('',#7764);
#7764 = CARTESIAN_POINT('',(2.15,-4.87,-2.6));
#7765 = CIRCLE('',#7766,0.4);
#7766 = AXIS2_PLACEMENT_3D('',#7767,#7768,#7769);
#7767 = CARTESIAN_POINT('',(2.55,-4.87,-2.6));
#7768 = DIRECTION('',(-0.,1.,0.));
#7769 = DIRECTION('',(0.,0.,1.));
#7770 = ORIENTED_EDGE('',*,*,#7771,.F.);
#7771 = EDGE_CURVE('',#4752,#7763,#7772,.T.);
#7772 = LINE('',#7773,#7774);
#7773 = CARTESIAN_POINT('',(2.15,-4.87,4.5));
#7774 = VECTOR('',#7775,1.);
#7775 = DIRECTION('',(0.,0.,-1.));
#7776 = ORIENTED_EDGE('',*,*,#4777,.F.);
#7777 = ORIENTED_EDGE('',*,*,#7737,.T.);
#7778 = ORIENTED_EDGE('',*,*,#7779,.T.);
#7779 = EDGE_CURVE('',#7730,#7755,#7780,.T.);
#7780 = CIRCLE('',#7781,0.4);
#7781 = AXIS2_PLACEMENT_3D('',#7782,#7783,#7784);
#7782 = CARTESIAN_POINT('',(2.75,-4.87,-2.6));
#7783 = DIRECTION('',(-0.,1.,0.));
#7784 = DIRECTION('',(0.,0.,1.));
#7785 = PLANE('',#7786);
#7786 = AXIS2_PLACEMENT_3D('',#7787,#7788,#7789);
#7787 = CARTESIAN_POINT('',(2.15,-4.87,4.5));
#7788 = DIRECTION('',(-0.,1.,0.));
#7789 = DIRECTION('',(0.,0.,1.));
#7790 = ADVANCED_FACE('',(#7791),#7802,.T.);
#7791 = FACE_BOUND('',#7792,.T.);
#7792 = EDGE_LOOP('',(#7793,#7794,#7800,#7801));
#7793 = ORIENTED_EDGE('',*,*,#7771,.T.);
#7794 = ORIENTED_EDGE('',*,*,#7795,.T.);
#7795 = EDGE_CURVE('',#7763,#7680,#7796,.T.);
#7796 = LINE('',#7797,#7798);
#7797 = CARTESIAN_POINT('',(2.15,-5.12,-2.6));
#7798 = VECTOR('',#7799,1.);
#7799 = DIRECTION('',(-0.,-1.,-0.));
#7800 = ORIENTED_EDGE('',*,*,#7679,.F.);
#7801 = ORIENTED_EDGE('',*,*,#4751,.F.);
#7802 = PLANE('',#7803);
#7803 = AXIS2_PLACEMENT_3D('',#7804,#7805,#7806);
#7804 = CARTESIAN_POINT('',(2.15,-5.12,4.5));
#7805 = DIRECTION('',(-1.,0.,0.));
#7806 = DIRECTION('',(0.,0.,1.));
#7807 = ADVANCED_FACE('',(#7808),#7824,.F.);
#7808 = FACE_BOUND('',#7809,.T.);
#7809 = EDGE_LOOP('',(#7810,#7811,#7817,#7818));
#7810 = ORIENTED_EDGE('',*,*,#7696,.T.);
#7811 = ORIENTED_EDGE('',*,*,#7812,.T.);
#7812 = EDGE_CURVE('',#7688,#7753,#7813,.T.);
#7813 = LINE('',#7814,#7815);
#7814 = CARTESIAN_POINT('',(2.55,-4.87,-3.));
#7815 = VECTOR('',#7816,1.);
#7816 = DIRECTION('',(0.,1.,-0.));
#7817 = ORIENTED_EDGE('',*,*,#7752,.T.);
#7818 = ORIENTED_EDGE('',*,*,#7819,.T.);
#7819 = EDGE_CURVE('',#7755,#7697,#7820,.T.);
#7820 = LINE('',#7821,#7822);
#7821 = CARTESIAN_POINT('',(2.75,-5.12,-3.));
#7822 = VECTOR('',#7823,1.);
#7823 = DIRECTION('',(-0.,-1.,0.));
#7824 = PLANE('',#7825);
#7825 = AXIS2_PLACEMENT_3D('',#7826,#7827,#7828);
#7826 = CARTESIAN_POINT('',(-6.25,5.E-03,-3.));
#7827 = DIRECTION('',(0.,0.,1.));
#7828 = DIRECTION('',(1.,0.,-0.));
#7829 = ADVANCED_FACE('',(#7830),#7846,.T.);
#7830 = FACE_BOUND('',#7831,.T.);
#7831 = EDGE_LOOP('',(#7832,#7833,#7839,#7840));
#7832 = ORIENTED_EDGE('',*,*,#6945,.F.);
#7833 = ORIENTED_EDGE('',*,*,#7834,.F.);
#7834 = EDGE_CURVE('',#6559,#6938,#7835,.T.);
#7835 = LINE('',#7836,#7837);
#7836 = CARTESIAN_POINT('',(2.15,-2.695,4.5));
#7837 = VECTOR('',#7838,1.);
#7838 = DIRECTION('',(0.,0.,-1.));
#7839 = ORIENTED_EDGE('',*,*,#6558,.T.);
#7840 = ORIENTED_EDGE('',*,*,#7841,.T.);
#7841 = EDGE_CURVE('',#6561,#6946,#7842,.T.);
#7842 = LINE('',#7843,#7844);
#7843 = CARTESIAN_POINT('',(2.15,-2.295,4.5));
#7844 = VECTOR('',#7845,1.);
#7845 = DIRECTION('',(0.,0.,-1.));
#7846 = PLANE('',#7847);
#7847 = AXIS2_PLACEMENT_3D('',#7848,#7849,#7850);
#7848 = CARTESIAN_POINT('',(2.15,-2.695,4.5));
#7849 = DIRECTION('',(-1.,0.,0.));
#7850 = DIRECTION('',(0.,0.,1.));
#7851 = ADVANCED_FACE('',(#7852),#7863,.T.);
#7852 = FACE_BOUND('',#7853,.T.);
#7853 = EDGE_LOOP('',(#7854,#7855,#7856,#7857));
#7854 = ORIENTED_EDGE('',*,*,#6953,.F.);
#7855 = ORIENTED_EDGE('',*,*,#7841,.F.);
#7856 = ORIENTED_EDGE('',*,*,#6584,.T.);
#7857 = ORIENTED_EDGE('',*,*,#7858,.T.);
#7858 = EDGE_CURVE('',#6577,#6928,#7859,.T.);
#7859 = LINE('',#7860,#7861);
#7860 = CARTESIAN_POINT('',(3.15,-2.295,4.5));
#7861 = VECTOR('',#7862,1.);
#7862 = DIRECTION('',(0.,0.,-1.));
#7863 = PLANE('',#7864);
#7864 = AXIS2_PLACEMENT_3D('',#7865,#7866,#7867);
#7865 = CARTESIAN_POINT('',(2.15,-2.295,4.5));
#7866 = DIRECTION('',(-0.,1.,0.));
#7867 = DIRECTION('',(0.,0.,1.));
#7868 = ADVANCED_FACE('',(#7869),#7880,.T.);
#7869 = FACE_BOUND('',#7870,.T.);
#7870 = EDGE_LOOP('',(#7871,#7872,#7873,#7874));
#7871 = ORIENTED_EDGE('',*,*,#6927,.F.);
#7872 = ORIENTED_EDGE('',*,*,#7858,.F.);
#7873 = ORIENTED_EDGE('',*,*,#6576,.T.);
#7874 = ORIENTED_EDGE('',*,*,#7875,.T.);
#7875 = EDGE_CURVE('',#6569,#6930,#7876,.T.);
#7876 = LINE('',#7877,#7878);
#7877 = CARTESIAN_POINT('',(3.15,-2.695,4.5));
#7878 = VECTOR('',#7879,1.);
#7879 = DIRECTION('',(0.,0.,-1.));
#7880 = PLANE('',#7881);
#7881 = AXIS2_PLACEMENT_3D('',#7882,#7883,#7884);
#7882 = CARTESIAN_POINT('',(3.15,-2.695,4.5));
#7883 = DIRECTION('',(1.,-0.,0.));
#7884 = DIRECTION('',(0.,0.,-1.));
#7885 = ADVANCED_FACE('',(#7886),#7892,.T.);
#7886 = FACE_BOUND('',#7887,.T.);
#7887 = EDGE_LOOP('',(#7888,#7889,#7890,#7891));
#7888 = ORIENTED_EDGE('',*,*,#6937,.F.);
#7889 = ORIENTED_EDGE('',*,*,#7875,.F.);
#7890 = ORIENTED_EDGE('',*,*,#6568,.T.);
#7891 = ORIENTED_EDGE('',*,*,#7834,.T.);
#7892 = PLANE('',#7893);
#7893 = AXIS2_PLACEMENT_3D('',#7894,#7895,#7896);
#7894 = CARTESIAN_POINT('',(2.15,-2.695,4.5));
#7895 = DIRECTION('',(8.673617379884E-16,-1.,0.));
#7896 = DIRECTION('',(1.,8.673617379884E-16,0.));
#7897 = ADVANCED_FACE('',(#7898),#7941,.T.);
#7898 = FACE_BOUND('',#7899,.T.);
#7899 = EDGE_LOOP('',(#7900,#7908,#7917,#7925,#7934,#7940));
#7900 = ORIENTED_EDGE('',*,*,#7901,.T.);
#7901 = EDGE_CURVE('',#4720,#7902,#7904,.T.);
#7902 = VERTEX_POINT('',#7903);
#7903 = CARTESIAN_POINT('',(2.15,-2.695,-2.6));
#7904 = LINE('',#7905,#7906);
#7905 = CARTESIAN_POINT('',(2.15,-2.695,4.5));
#7906 = VECTOR('',#7907,1.);
#7907 = DIRECTION('',(0.,0.,-1.));
#7908 = ORIENTED_EDGE('',*,*,#7909,.T.);
#7909 = EDGE_CURVE('',#7902,#7910,#7912,.T.);
#7910 = VERTEX_POINT('',#7911);
#7911 = CARTESIAN_POINT('',(2.55,-2.695,-3.));
#7912 = CIRCLE('',#7913,0.4);
#7913 = AXIS2_PLACEMENT_3D('',#7914,#7915,#7916);
#7914 = CARTESIAN_POINT('',(2.55,-2.695,-2.6));
#7915 = DIRECTION('',(8.673617379884E-16,-1.,0.));
#7916 = DIRECTION('',(1.,8.673617379884E-16,0.));
#7917 = ORIENTED_EDGE('',*,*,#7918,.F.);
#7918 = EDGE_CURVE('',#7919,#7910,#7921,.T.);
#7919 = VERTEX_POINT('',#7920);
#7920 = CARTESIAN_POINT('',(2.75,-2.695,-3.));
#7921 = LINE('',#7922,#7923);
#7922 = CARTESIAN_POINT('',(2.15,-2.695,-3.));
#7923 = VECTOR('',#7924,1.);
#7924 = DIRECTION('',(-1.,-8.673617379884E-16,-0.));
#7925 = ORIENTED_EDGE('',*,*,#7926,.T.);
#7926 = EDGE_CURVE('',#7919,#7927,#7929,.T.);
#7927 = VERTEX_POINT('',#7928);
#7928 = CARTESIAN_POINT('',(3.15,-2.695,-2.6));
#7929 = CIRCLE('',#7930,0.4);
#7930 = AXIS2_PLACEMENT_3D('',#7931,#7932,#7933);
#7931 = CARTESIAN_POINT('',(2.75,-2.695,-2.6));
#7932 = DIRECTION('',(8.673617379884E-16,-1.,0.));
#7933 = DIRECTION('',(1.,8.673617379884E-16,0.));
#7934 = ORIENTED_EDGE('',*,*,#7935,.F.);
#7935 = EDGE_CURVE('',#4728,#7927,#7936,.T.);
#7936 = LINE('',#7937,#7938);
#7937 = CARTESIAN_POINT('',(3.15,-2.695,4.5));
#7938 = VECTOR('',#7939,1.);
#7939 = DIRECTION('',(0.,0.,-1.));
#7940 = ORIENTED_EDGE('',*,*,#4727,.F.);
#7941 = PLANE('',#7942);
#7942 = AXIS2_PLACEMENT_3D('',#7943,#7944,#7945);
#7943 = CARTESIAN_POINT('',(2.15,-2.695,4.5));
#7944 = DIRECTION('',(8.673617379884E-16,-1.,0.));
#7945 = DIRECTION('',(1.,8.673617379884E-16,0.));
#7946 = ADVANCED_FACE('',(#7947),#7965,.T.);
#7947 = FACE_BOUND('',#7948,.T.);
#7948 = EDGE_LOOP('',(#7949,#7950,#7958,#7964));
#7949 = ORIENTED_EDGE('',*,*,#7935,.T.);
#7950 = ORIENTED_EDGE('',*,*,#7951,.T.);
#7951 = EDGE_CURVE('',#7927,#7952,#7954,.T.);
#7952 = VERTEX_POINT('',#7953);
#7953 = CARTESIAN_POINT('',(3.15,-2.295,-2.6));
#7954 = LINE('',#7955,#7956);
#7955 = CARTESIAN_POINT('',(3.15,-2.295,-2.6));
#7956 = VECTOR('',#7957,1.);
#7957 = DIRECTION('',(0.,1.,-0.));
#7958 = ORIENTED_EDGE('',*,*,#7959,.F.);
#7959 = EDGE_CURVE('',#4736,#7952,#7960,.T.);
#7960 = LINE('',#7961,#7962);
#7961 = CARTESIAN_POINT('',(3.15,-2.295,4.5));
#7962 = VECTOR('',#7963,1.);
#7963 = DIRECTION('',(0.,0.,-1.));
#7964 = ORIENTED_EDGE('',*,*,#4735,.F.);
#7965 = PLANE('',#7966);
#7966 = AXIS2_PLACEMENT_3D('',#7967,#7968,#7969);
#7967 = CARTESIAN_POINT('',(3.15,-2.695,4.5));
#7968 = DIRECTION('',(1.,-0.,0.));
#7969 = DIRECTION('',(0.,0.,-1.));
#7970 = ADVANCED_FACE('',(#7971),#8007,.T.);
#7971 = FACE_BOUND('',#7972,.T.);
#7972 = EDGE_LOOP('',(#7973,#7983,#7992,#7998,#7999,#8000));
#7973 = ORIENTED_EDGE('',*,*,#7974,.F.);
#7974 = EDGE_CURVE('',#7975,#7977,#7979,.T.);
#7975 = VERTEX_POINT('',#7976);
#7976 = CARTESIAN_POINT('',(2.55,-2.295,-3.));
#7977 = VERTEX_POINT('',#7978);
#7978 = CARTESIAN_POINT('',(2.75,-2.295,-3.));
#7979 = LINE('',#7980,#7981);
#7980 = CARTESIAN_POINT('',(2.15,-2.295,-3.));
#7981 = VECTOR('',#7982,1.);
#7982 = DIRECTION('',(1.,0.,0.));
#7983 = ORIENTED_EDGE('',*,*,#7984,.T.);
#7984 = EDGE_CURVE('',#7975,#7985,#7987,.T.);
#7985 = VERTEX_POINT('',#7986);
#7986 = CARTESIAN_POINT('',(2.15,-2.295,-2.6));
#7987 = CIRCLE('',#7988,0.4);
#7988 = AXIS2_PLACEMENT_3D('',#7989,#7990,#7991);
#7989 = CARTESIAN_POINT('',(2.55,-2.295,-2.6));
#7990 = DIRECTION('',(-0.,1.,0.));
#7991 = DIRECTION('',(0.,0.,1.));
#7992 = ORIENTED_EDGE('',*,*,#7993,.F.);
#7993 = EDGE_CURVE('',#4718,#7985,#7994,.T.);
#7994 = LINE('',#7995,#7996);
#7995 = CARTESIAN_POINT('',(2.15,-2.295,4.5));
#7996 = VECTOR('',#7997,1.);
#7997 = DIRECTION('',(0.,0.,-1.));
#7998 = ORIENTED_EDGE('',*,*,#4743,.F.);
#7999 = ORIENTED_EDGE('',*,*,#7959,.T.);
#8000 = ORIENTED_EDGE('',*,*,#8001,.T.);
#8001 = EDGE_CURVE('',#7952,#7977,#8002,.T.);
#8002 = CIRCLE('',#8003,0.4);
#8003 = AXIS2_PLACEMENT_3D('',#8004,#8005,#8006);
#8004 = CARTESIAN_POINT('',(2.75,-2.295,-2.6));
#8005 = DIRECTION('',(-0.,1.,0.));
#8006 = DIRECTION('',(0.,0.,1.));
#8007 = PLANE('',#8008);
#8008 = AXIS2_PLACEMENT_3D('',#8009,#8010,#8011);
#8009 = CARTESIAN_POINT('',(2.15,-2.295,4.5));
#8010 = DIRECTION('',(-0.,1.,0.));
#8011 = DIRECTION('',(0.,0.,1.));
#8012 = ADVANCED_FACE('',(#8013),#8024,.T.);
#8013 = FACE_BOUND('',#8014,.T.);
#8014 = EDGE_LOOP('',(#8015,#8016,#8022,#8023));
#8015 = ORIENTED_EDGE('',*,*,#7993,.T.);
#8016 = ORIENTED_EDGE('',*,*,#8017,.T.);
#8017 = EDGE_CURVE('',#7985,#7902,#8018,.T.);
#8018 = LINE('',#8019,#8020);
#8019 = CARTESIAN_POINT('',(2.15,-2.695,-2.6));
#8020 = VECTOR('',#8021,1.);
#8021 = DIRECTION('',(-0.,-1.,-0.));
#8022 = ORIENTED_EDGE('',*,*,#7901,.F.);
#8023 = ORIENTED_EDGE('',*,*,#4717,.F.);
#8024 = PLANE('',#8025);
#8025 = AXIS2_PLACEMENT_3D('',#8026,#8027,#8028);
#8026 = CARTESIAN_POINT('',(2.15,-2.695,4.5));
#8027 = DIRECTION('',(-1.,0.,0.));
#8028 = DIRECTION('',(0.,0.,1.));
#8029 = ADVANCED_FACE('',(#8030),#8046,.F.);
#8030 = FACE_BOUND('',#8031,.T.);
#8031 = EDGE_LOOP('',(#8032,#8033,#8039,#8040));
#8032 = ORIENTED_EDGE('',*,*,#7918,.T.);
#8033 = ORIENTED_EDGE('',*,*,#8034,.T.);
#8034 = EDGE_CURVE('',#7910,#7975,#8035,.T.);
#8035 = LINE('',#8036,#8037);
#8036 = CARTESIAN_POINT('',(2.55,-2.295,-3.));
#8037 = VECTOR('',#8038,1.);
#8038 = DIRECTION('',(0.,1.,-0.));
#8039 = ORIENTED_EDGE('',*,*,#7974,.T.);
#8040 = ORIENTED_EDGE('',*,*,#8041,.T.);
#8041 = EDGE_CURVE('',#7977,#7919,#8042,.T.);
#8042 = LINE('',#8043,#8044);
#8043 = CARTESIAN_POINT('',(2.75,-2.695,-3.));
#8044 = VECTOR('',#8045,1.);
#8045 = DIRECTION('',(-0.,-1.,0.));
#8046 = PLANE('',#8047);
#8047 = AXIS2_PLACEMENT_3D('',#8048,#8049,#8050);
#8048 = CARTESIAN_POINT('',(-6.25,5.E-03,-3.));
#8049 = DIRECTION('',(0.,0.,1.));
#8050 = DIRECTION('',(1.,0.,-0.));
#8051 = ADVANCED_FACE('',(#8052),#8068,.T.);
#8052 = FACE_BOUND('',#8053,.T.);
#8053 = EDGE_LOOP('',(#8054,#8055,#8061,#8062));
#8054 = ORIENTED_EDGE('',*,*,#6911,.F.);
#8055 = ORIENTED_EDGE('',*,*,#8056,.F.);
#8056 = EDGE_CURVE('',#6525,#6904,#8057,.T.);
#8057 = LINE('',#8058,#8059);
#8058 = CARTESIAN_POINT('',(-2.525,-0.445,4.5));
#8059 = VECTOR('',#8060,1.);
#8060 = DIRECTION('',(0.,0.,-1.));
#8061 = ORIENTED_EDGE('',*,*,#6524,.T.);
#8062 = ORIENTED_EDGE('',*,*,#8063,.T.);
#8063 = EDGE_CURVE('',#6527,#6912,#8064,.T.);
#8064 = LINE('',#8065,#8066);
#8065 = CARTESIAN_POINT('',(-2.775,-0.445,4.5));
#8066 = VECTOR('',#8067,1.);
#8067 = DIRECTION('',(0.,0.,-1.));
#8068 = PLANE('',#8069);
#8069 = AXIS2_PLACEMENT_3D('',#8070,#8071,#8072);
#8070 = CARTESIAN_POINT('',(-2.775,-0.445,4.5));
#8071 = DIRECTION('',(-2.168404344971E-16,-1.,0.));
#8072 = DIRECTION('',(1.,-2.168404344971E-16,0.));
#8073 = ADVANCED_FACE('',(#8074),#8085,.T.);
#8074 = FACE_BOUND('',#8075,.T.);
#8075 = EDGE_LOOP('',(#8076,#8077,#8078,#8079));
#8076 = ORIENTED_EDGE('',*,*,#6919,.F.);
#8077 = ORIENTED_EDGE('',*,*,#8063,.F.);
#8078 = ORIENTED_EDGE('',*,*,#6550,.T.);
#8079 = ORIENTED_EDGE('',*,*,#8080,.T.);
#8080 = EDGE_CURVE('',#6543,#6894,#8081,.T.);
#8081 = LINE('',#8082,#8083);
#8082 = CARTESIAN_POINT('',(-2.775,0.455,4.5));
#8083 = VECTOR('',#8084,1.);
#8084 = DIRECTION('',(0.,0.,-1.));
#8085 = PLANE('',#8086);
#8086 = AXIS2_PLACEMENT_3D('',#8087,#8088,#8089);
#8087 = CARTESIAN_POINT('',(-2.775,0.455,4.5));
#8088 = DIRECTION('',(-1.,0.,-0.));
#8089 = DIRECTION('',(0.,0.,1.));
#8090 = ADVANCED_FACE('',(#8091),#8102,.T.);
#8091 = FACE_BOUND('',#8092,.T.);
#8092 = EDGE_LOOP('',(#8093,#8094,#8095,#8096));
#8093 = ORIENTED_EDGE('',*,*,#6893,.F.);
#8094 = ORIENTED_EDGE('',*,*,#8080,.F.);
#8095 = ORIENTED_EDGE('',*,*,#6542,.T.);
#8096 = ORIENTED_EDGE('',*,*,#8097,.T.);
#8097 = EDGE_CURVE('',#6535,#6896,#8098,.T.);
#8098 = LINE('',#8099,#8100);
#8099 = CARTESIAN_POINT('',(-2.525,0.455,4.5));
#8100 = VECTOR('',#8101,1.);
#8101 = DIRECTION('',(0.,0.,-1.));
#8102 = PLANE('',#8103);
#8103 = AXIS2_PLACEMENT_3D('',#8104,#8105,#8106);
#8104 = CARTESIAN_POINT('',(-2.775,0.455,4.5));
#8105 = DIRECTION('',(2.168404344971E-16,1.,0.));
#8106 = DIRECTION('',(-1.,2.168404344971E-16,0.));
#8107 = ADVANCED_FACE('',(#8108),#8114,.T.);
#8108 = FACE_BOUND('',#8109,.T.);
#8109 = EDGE_LOOP('',(#8110,#8111,#8112,#8113));
#8110 = ORIENTED_EDGE('',*,*,#6903,.F.);
#8111 = ORIENTED_EDGE('',*,*,#8097,.F.);
#8112 = ORIENTED_EDGE('',*,*,#6534,.T.);
#8113 = ORIENTED_EDGE('',*,*,#8056,.T.);
#8114 = PLANE('',#8115);
#8115 = AXIS2_PLACEMENT_3D('',#8116,#8117,#8118);
#8116 = CARTESIAN_POINT('',(-2.525,0.455,4.5));
#8117 = DIRECTION('',(1.,0.,0.));
#8118 = DIRECTION('',(0.,0.,-1.));
#8119 = ADVANCED_FACE('',(#8120),#8163,.T.);
#8120 = FACE_BOUND('',#8121,.T.);
#8121 = EDGE_LOOP('',(#8122,#8132,#8141,#8147,#8148,#8156));
#8122 = ORIENTED_EDGE('',*,*,#8123,.F.);
#8123 = EDGE_CURVE('',#8124,#8126,#8128,.T.);
#8124 = VERTEX_POINT('',#8125);
#8125 = CARTESIAN_POINT('',(-2.525,5.5E-02,-3.));
#8126 = VERTEX_POINT('',#8127);
#8127 = CARTESIAN_POINT('',(-2.525,-4.5E-02,-3.));
#8128 = LINE('',#8129,#8130);
#8129 = CARTESIAN_POINT('',(-2.525,0.455,-3.));
#8130 = VECTOR('',#8131,1.);
#8131 = DIRECTION('',(0.,-1.,0.));
#8132 = ORIENTED_EDGE('',*,*,#8133,.T.);
#8133 = EDGE_CURVE('',#8124,#8134,#8136,.T.);
#8134 = VERTEX_POINT('',#8135);
#8135 = CARTESIAN_POINT('',(-2.525,0.455,-2.6));
#8136 = CIRCLE('',#8137,0.4);
#8137 = AXIS2_PLACEMENT_3D('',#8138,#8139,#8140);
#8138 = CARTESIAN_POINT('',(-2.525,5.5E-02,-2.6));
#8139 = DIRECTION('',(1.,0.,0.));
#8140 = DIRECTION('',(0.,0.,-1.));
#8141 = ORIENTED_EDGE('',*,*,#8142,.F.);
#8142 = EDGE_CURVE('',#4694,#8134,#8143,.T.);
#8143 = LINE('',#8144,#8145);
#8144 = CARTESIAN_POINT('',(-2.525,0.455,4.5));
#8145 = VECTOR('',#8146,1.);
#8146 = DIRECTION('',(0.,0.,-1.));
#8147 = ORIENTED_EDGE('',*,*,#4693,.F.);
#8148 = ORIENTED_EDGE('',*,*,#8149,.T.);
#8149 = EDGE_CURVE('',#4686,#8150,#8152,.T.);
#8150 = VERTEX_POINT('',#8151);
#8151 = CARTESIAN_POINT('',(-2.525,-0.445,-2.6));
#8152 = LINE('',#8153,#8154);
#8153 = CARTESIAN_POINT('',(-2.525,-0.445,4.5));
#8154 = VECTOR('',#8155,1.);
#8155 = DIRECTION('',(0.,0.,-1.));
#8156 = ORIENTED_EDGE('',*,*,#8157,.T.);
#8157 = EDGE_CURVE('',#8150,#8126,#8158,.T.);
#8158 = CIRCLE('',#8159,0.4);
#8159 = AXIS2_PLACEMENT_3D('',#8160,#8161,#8162);
#8160 = CARTESIAN_POINT('',(-2.525,-4.5E-02,-2.6));
#8161 = DIRECTION('',(1.,0.,0.));
#8162 = DIRECTION('',(0.,0.,-1.));
#8163 = PLANE('',#8164);
#8164 = AXIS2_PLACEMENT_3D('',#8165,#8166,#8167);
#8165 = CARTESIAN_POINT('',(-2.525,0.455,4.5));
#8166 = DIRECTION('',(1.,0.,0.));
#8167 = DIRECTION('',(0.,0.,-1.));
#8168 = ADVANCED_FACE('',(#8169),#8187,.T.);
#8169 = FACE_BOUND('',#8170,.T.);
#8170 = EDGE_LOOP('',(#8171,#8172,#8180,#8186));
#8171 = ORIENTED_EDGE('',*,*,#8142,.T.);
#8172 = ORIENTED_EDGE('',*,*,#8173,.T.);
#8173 = EDGE_CURVE('',#8134,#8174,#8176,.T.);
#8174 = VERTEX_POINT('',#8175);
#8175 = CARTESIAN_POINT('',(-2.775,0.455,-2.6));
#8176 = LINE('',#8177,#8178);
#8177 = CARTESIAN_POINT('',(-2.775,0.455,-2.6));
#8178 = VECTOR('',#8179,1.);
#8179 = DIRECTION('',(-1.,2.168404344971E-16,-0.));
#8180 = ORIENTED_EDGE('',*,*,#8181,.F.);
#8181 = EDGE_CURVE('',#4702,#8174,#8182,.T.);
#8182 = LINE('',#8183,#8184);
#8183 = CARTESIAN_POINT('',(-2.775,0.455,4.5));
#8184 = VECTOR('',#8185,1.);
#8185 = DIRECTION('',(0.,0.,-1.));
#8186 = ORIENTED_EDGE('',*,*,#4701,.F.);
#8187 = PLANE('',#8188);
#8188 = AXIS2_PLACEMENT_3D('',#8189,#8190,#8191);
#8189 = CARTESIAN_POINT('',(-2.775,0.455,4.5));
#8190 = DIRECTION('',(2.168404344971E-16,1.,0.));
#8191 = DIRECTION('',(-1.,2.168404344971E-16,0.));
#8192 = ADVANCED_FACE('',(#8193),#8229,.T.);
#8193 = FACE_BOUND('',#8194,.T.);
#8194 = EDGE_LOOP('',(#8195,#8196,#8205,#8213,#8222,#8228));
#8195 = ORIENTED_EDGE('',*,*,#8181,.T.);
#8196 = ORIENTED_EDGE('',*,*,#8197,.T.);
#8197 = EDGE_CURVE('',#8174,#8198,#8200,.T.);
#8198 = VERTEX_POINT('',#8199);
#8199 = CARTESIAN_POINT('',(-2.775,5.5E-02,-3.));
#8200 = CIRCLE('',#8201,0.4);
#8201 = AXIS2_PLACEMENT_3D('',#8202,#8203,#8204);
#8202 = CARTESIAN_POINT('',(-2.775,5.5E-02,-2.6));
#8203 = DIRECTION('',(-1.,0.,-0.));
#8204 = DIRECTION('',(-0.,0.,1.));
#8205 = ORIENTED_EDGE('',*,*,#8206,.F.);
#8206 = EDGE_CURVE('',#8207,#8198,#8209,.T.);
#8207 = VERTEX_POINT('',#8208);
#8208 = CARTESIAN_POINT('',(-2.775,-4.5E-02,-3.));
#8209 = LINE('',#8210,#8211);
#8210 = CARTESIAN_POINT('',(-2.775,0.455,-3.));
#8211 = VECTOR('',#8212,1.);
#8212 = DIRECTION('',(-0.,1.,-0.));
#8213 = ORIENTED_EDGE('',*,*,#8214,.T.);
#8214 = EDGE_CURVE('',#8207,#8215,#8217,.T.);
#8215 = VERTEX_POINT('',#8216);
#8216 = CARTESIAN_POINT('',(-2.775,-0.445,-2.6));
#8217 = CIRCLE('',#8218,0.4);
#8218 = AXIS2_PLACEMENT_3D('',#8219,#8220,#8221);
#8219 = CARTESIAN_POINT('',(-2.775,-4.5E-02,-2.6));
#8220 = DIRECTION('',(-1.,0.,-0.));
#8221 = DIRECTION('',(-0.,0.,1.));
#8222 = ORIENTED_EDGE('',*,*,#8223,.F.);
#8223 = EDGE_CURVE('',#4684,#8215,#8224,.T.);
#8224 = LINE('',#8225,#8226);
#8225 = CARTESIAN_POINT('',(-2.775,-0.445,4.5));
#8226 = VECTOR('',#8227,1.);
#8227 = DIRECTION('',(0.,0.,-1.));
#8228 = ORIENTED_EDGE('',*,*,#4709,.F.);
#8229 = PLANE('',#8230);
#8230 = AXIS2_PLACEMENT_3D('',#8231,#8232,#8233);
#8231 = CARTESIAN_POINT('',(-2.775,0.455,4.5));
#8232 = DIRECTION('',(-1.,0.,-0.));
#8233 = DIRECTION('',(0.,0.,1.));
#8234 = ADVANCED_FACE('',(#8235),#8246,.T.);
#8235 = FACE_BOUND('',#8236,.T.);
#8236 = EDGE_LOOP('',(#8237,#8238,#8244,#8245));
#8237 = ORIENTED_EDGE('',*,*,#8223,.T.);
#8238 = ORIENTED_EDGE('',*,*,#8239,.T.);
#8239 = EDGE_CURVE('',#8215,#8150,#8240,.T.);
#8240 = LINE('',#8241,#8242);
#8241 = CARTESIAN_POINT('',(-2.525,-0.445,-2.6));
#8242 = VECTOR('',#8243,1.);
#8243 = DIRECTION('',(1.,-2.168404344971E-16,-0.));
#8244 = ORIENTED_EDGE('',*,*,#8149,.F.);
#8245 = ORIENTED_EDGE('',*,*,#4683,.F.);
#8246 = PLANE('',#8247);
#8247 = AXIS2_PLACEMENT_3D('',#8248,#8249,#8250);
#8248 = CARTESIAN_POINT('',(-2.775,-0.445,4.5));
#8249 = DIRECTION('',(-2.168404344971E-16,-1.,0.));
#8250 = DIRECTION('',(1.,-2.168404344971E-16,0.));
#8251 = ADVANCED_FACE('',(#8252),#8268,.F.);
#8252 = FACE_BOUND('',#8253,.T.);
#8253 = EDGE_LOOP('',(#8254,#8255,#8261,#8262));
#8254 = ORIENTED_EDGE('',*,*,#8206,.T.);
#8255 = ORIENTED_EDGE('',*,*,#8256,.T.);
#8256 = EDGE_CURVE('',#8198,#8124,#8257,.T.);
#8257 = LINE('',#8258,#8259);
#8258 = CARTESIAN_POINT('',(-2.525,5.5E-02,-3.));
#8259 = VECTOR('',#8260,1.);
#8260 = DIRECTION('',(1.,-2.168404344971E-16,0.));
#8261 = ORIENTED_EDGE('',*,*,#8123,.T.);
#8262 = ORIENTED_EDGE('',*,*,#8263,.T.);
#8263 = EDGE_CURVE('',#8126,#8207,#8264,.T.);
#8264 = LINE('',#8265,#8266);
#8265 = CARTESIAN_POINT('',(-2.775,-4.5E-02,-3.));
#8266 = VECTOR('',#8267,1.);
#8267 = DIRECTION('',(-1.,2.168404344971E-16,0.));
#8268 = PLANE('',#8269);
#8269 = AXIS2_PLACEMENT_3D('',#8270,#8271,#8272);
#8270 = CARTESIAN_POINT('',(-6.25,5.E-03,-3.));
#8271 = DIRECTION('',(0.,0.,1.));
#8272 = DIRECTION('',(1.,0.,-0.));
#8273 = ADVANCED_FACE('',(#8274),#8280,.T.);
#8274 = FACE_BOUND('',#8275,.T.);
#8275 = EDGE_LOOP('',(#8276,#8277,#8278,#8279));
#8276 = ORIENTED_EDGE('',*,*,#7529,.F.);
#8277 = ORIENTED_EDGE('',*,*,#7505,.F.);
#8278 = ORIENTED_EDGE('',*,*,#7472,.F.);
#8279 = ORIENTED_EDGE('',*,*,#7564,.F.);
#8280 = CYLINDRICAL_SURFACE('',#8281,0.4);
#8281 = AXIS2_PLACEMENT_3D('',#8282,#8283,#8284);
#8282 = CARTESIAN_POINT('',(2.75,5.E-03,-2.6));
#8283 = DIRECTION('',(0.,1.,-0.));
#8284 = DIRECTION('',(0.,0.,1.));
#8285 = ADVANCED_FACE('',(#8286),#8292,.T.);
#8286 = FACE_BOUND('',#8287,.T.);
#8287 = EDGE_LOOP('',(#8288,#8289,#8290,#8291));
#8288 = ORIENTED_EDGE('',*,*,#7489,.F.);
#8289 = ORIENTED_EDGE('',*,*,#7439,.F.);
#8290 = ORIENTED_EDGE('',*,*,#7546,.F.);
#8291 = ORIENTED_EDGE('',*,*,#7571,.F.);
#8292 = CYLINDRICAL_SURFACE('',#8293,0.4);
#8293 = AXIS2_PLACEMENT_3D('',#8294,#8295,#8296);
#8294 = CARTESIAN_POINT('',(2.55,5.E-03,-2.6));
#8295 = DIRECTION('',(0.,-1.,0.));
#8296 = DIRECTION('',(0.,0.,-1.));
#8297 = ADVANCED_FACE('',(#8298),#8304,.T.);
#8298 = FACE_BOUND('',#8299,.T.);
#8299 = EDGE_LOOP('',(#8300,#8301,#8302,#8303));
#8300 = ORIENTED_EDGE('',*,*,#7215,.F.);
#8301 = ORIENTED_EDGE('',*,*,#7191,.F.);
#8302 = ORIENTED_EDGE('',*,*,#7290,.F.);
#8303 = ORIENTED_EDGE('',*,*,#7316,.F.);
#8304 = CYLINDRICAL_SURFACE('',#8305,0.4);
#8305 = AXIS2_PLACEMENT_3D('',#8306,#8307,#8308);
#8306 = CARTESIAN_POINT('',(2.55,5.E-03,-2.6));
#8307 = DIRECTION('',(0.,-1.,0.));
#8308 = DIRECTION('',(0.,0.,-1.));
#8309 = ADVANCED_FACE('',(#8310),#8316,.T.);
#8310 = FACE_BOUND('',#8311,.T.);
#8311 = EDGE_LOOP('',(#8312,#8313,#8314,#8315));
#8312 = ORIENTED_EDGE('',*,*,#7300,.F.);
#8313 = ORIENTED_EDGE('',*,*,#7257,.F.);
#8314 = ORIENTED_EDGE('',*,*,#7232,.F.);
#8315 = ORIENTED_EDGE('',*,*,#7323,.F.);
#8316 = CYLINDRICAL_SURFACE('',#8317,0.4);
#8317 = AXIS2_PLACEMENT_3D('',#8318,#8319,#8320);
#8318 = CARTESIAN_POINT('',(2.75,5.E-03,-2.6));
#8319 = DIRECTION('',(0.,1.,-0.));
#8320 = DIRECTION('',(0.,0.,1.));
#8321 = ADVANCED_FACE('',(#8322),#8328,.T.);
#8322 = FACE_BOUND('',#8323,.T.);
#8323 = EDGE_LOOP('',(#8324,#8325,#8326,#8327));
#8324 = ORIENTED_EDGE('',*,*,#7687,.F.);
#8325 = ORIENTED_EDGE('',*,*,#7795,.F.);
#8326 = ORIENTED_EDGE('',*,*,#7762,.F.);
#8327 = ORIENTED_EDGE('',*,*,#7812,.F.);
#8328 = CYLINDRICAL_SURFACE('',#8329,0.4);
#8329 = AXIS2_PLACEMENT_3D('',#8330,#8331,#8332);
#8330 = CARTESIAN_POINT('',(2.55,5.E-03,-2.6));
#8331 = DIRECTION('',(0.,-1.,0.));
#8332 = DIRECTION('',(0.,0.,-1.));
#8333 = ADVANCED_FACE('',(#8334),#8340,.T.);
#8334 = FACE_BOUND('',#8335,.T.);
#8335 = EDGE_LOOP('',(#8336,#8337,#8338,#8339));
#8336 = ORIENTED_EDGE('',*,*,#7779,.F.);
#8337 = ORIENTED_EDGE('',*,*,#7729,.F.);
#8338 = ORIENTED_EDGE('',*,*,#7704,.F.);
#8339 = ORIENTED_EDGE('',*,*,#7819,.F.);
#8340 = CYLINDRICAL_SURFACE('',#8341,0.4);
#8341 = AXIS2_PLACEMENT_3D('',#8342,#8343,#8344);
#8342 = CARTESIAN_POINT('',(2.75,5.E-03,-2.6));
#8343 = DIRECTION('',(0.,1.,-0.));
#8344 = DIRECTION('',(0.,0.,1.));
#8345 = ADVANCED_FACE('',(#8346),#8352,.T.);
#8346 = FACE_BOUND('',#8347,.T.);
#8347 = EDGE_LOOP('',(#8348,#8349,#8350,#8351));
#8348 = ORIENTED_EDGE('',*,*,#7909,.F.);
#8349 = ORIENTED_EDGE('',*,*,#8017,.F.);
#8350 = ORIENTED_EDGE('',*,*,#7984,.F.);
#8351 = ORIENTED_EDGE('',*,*,#8034,.F.);
#8352 = CYLINDRICAL_SURFACE('',#8353,0.4);
#8353 = AXIS2_PLACEMENT_3D('',#8354,#8355,#8356);
#8354 = CARTESIAN_POINT('',(2.55,5.E-03,-2.6));
#8355 = DIRECTION('',(0.,-1.,0.));
#8356 = DIRECTION('',(0.,0.,-1.));
#8357 = ADVANCED_FACE('',(#8358),#8364,.T.);
#8358 = FACE_BOUND('',#8359,.T.);
#8359 = EDGE_LOOP('',(#8360,#8361,#8362,#8363));
#8360 = ORIENTED_EDGE('',*,*,#8001,.F.);
#8361 = ORIENTED_EDGE('',*,*,#7951,.F.);
#8362 = ORIENTED_EDGE('',*,*,#7926,.F.);
#8363 = ORIENTED_EDGE('',*,*,#8041,.F.);
#8364 = CYLINDRICAL_SURFACE('',#8365,0.4);
#8365 = AXIS2_PLACEMENT_3D('',#8366,#8367,#8368);
#8366 = CARTESIAN_POINT('',(2.75,5.E-03,-2.6));
#8367 = DIRECTION('',(0.,1.,-0.));
#8368 = DIRECTION('',(0.,0.,1.));
#8369 = ADVANCED_FACE('',(#8370),#8376,.T.);
#8370 = FACE_BOUND('',#8371,.T.);
#8371 = EDGE_LOOP('',(#8372,#8373,#8374,#8375));
#8372 = ORIENTED_EDGE('',*,*,#8197,.F.);
#8373 = ORIENTED_EDGE('',*,*,#8173,.F.);
#8374 = ORIENTED_EDGE('',*,*,#8133,.F.);
#8375 = ORIENTED_EDGE('',*,*,#8256,.F.);
#8376 = CYLINDRICAL_SURFACE('',#8377,0.4);
#8377 = AXIS2_PLACEMENT_3D('',#8378,#8379,#8380);
#8378 = CARTESIAN_POINT('',(-6.25,5.5E-02,-2.6));
#8379 = DIRECTION('',(-1.,2.168404344971E-16,0.));
#8380 = DIRECTION('',(-2.168404344971E-16,-1.,0.));
#8381 = ADVANCED_FACE('',(#8382),#8388,.T.);
#8382 = FACE_BOUND('',#8383,.T.);
#8383 = EDGE_LOOP('',(#8384,#8385,#8386,#8387));
#8384 = ORIENTED_EDGE('',*,*,#8157,.F.);
#8385 = ORIENTED_EDGE('',*,*,#8239,.F.);
#8386 = ORIENTED_EDGE('',*,*,#8214,.F.);
#8387 = ORIENTED_EDGE('',*,*,#8263,.F.);
#8388 = CYLINDRICAL_SURFACE('',#8389,0.4);
#8389 = AXIS2_PLACEMENT_3D('',#8390,#8391,#8392);
#8390 = CARTESIAN_POINT('',(-6.25,-4.5E-02,-2.6));
#8391 = DIRECTION('',(1.,-2.168404344971E-16,0.));
#8392 = DIRECTION('',(2.168404344971E-16,1.,0.));
#8393 = ADVANCED_FACE('',(#8394),#8406,.T.);
#8394 = FACE_BOUND('',#8395,.T.);
#8395 = EDGE_LOOP('',(#8396,#8397,#8404,#8405));
#8396 = ORIENTED_EDGE('',*,*,#360,.F.);
#8397 = ORIENTED_EDGE('',*,*,#8398,.T.);
#8398 = EDGE_CURVE('',#201,#209,#8399,.T.);
#8399 = CIRCLE('',#8400,0.4);
#8400 = AXIS2_PLACEMENT_3D('',#8401,#8402,#8403);
#8401 = CARTESIAN_POINT('',(-4.75,5.005,-0.9));
#8402 = DIRECTION('',(0.,0.,1.));
#8403 = DIRECTION('',(-1.,0.,0.));
#8404 = ORIENTED_EDGE('',*,*,#377,.T.);
#8405 = ORIENTED_EDGE('',*,*,#4673,.T.);
#8406 = CYLINDRICAL_SURFACE('',#8407,0.4);
#8407 = AXIS2_PLACEMENT_3D('',#8408,#8409,#8410);
#8408 = CARTESIAN_POINT('',(-4.75,5.005,-1.));
#8409 = DIRECTION('',(-0.,-0.,1.));
#8410 = DIRECTION('',(1.,0.,0.));
#8411 = ADVANCED_FACE('',(#8412),#8422,.T.);
#8412 = FACE_BOUND('',#8413,.T.);
#8413 = EDGE_LOOP('',(#8414,#8421));
#8414 = ORIENTED_EDGE('',*,*,#8415,.T.);
#8415 = EDGE_CURVE('',#192,#190,#8416,.T.);
#8416 = CIRCLE('',#8417,0.3);
#8417 = AXIS2_PLACEMENT_3D('',#8418,#8419,#8420);
#8418 = CARTESIAN_POINT('',(-4.75,5.005,-1.));
#8419 = DIRECTION('',(0.,0.,-1.));
#8420 = DIRECTION('',(-1.,0.,0.));
#8421 = ORIENTED_EDGE('',*,*,#189,.T.);
#8422 = PLANE('',#8423);
#8423 = AXIS2_PLACEMENT_3D('',#8424,#8425,#8426);
#8424 = CARTESIAN_POINT('',(-4.75,5.005,-1.));
#8425 = DIRECTION('',(0.,0.,-1.));
#8426 = DIRECTION('',(-1.,0.,-0.));
#8427 = ADVANCED_FACE('',(#8428),#8440,.T.);
#8428 = FACE_BOUND('',#8429,.T.);
#8429 = EDGE_LOOP('',(#8430,#8431,#8438,#8439));
#8430 = ORIENTED_EDGE('',*,*,#328,.F.);
#8431 = ORIENTED_EDGE('',*,*,#8432,.T.);
#8432 = EDGE_CURVE('',#117,#125,#8433,.T.);
#8433 = CIRCLE('',#8434,0.4);
#8434 = AXIS2_PLACEMENT_3D('',#8435,#8436,#8437);
#8435 = CARTESIAN_POINT('',(-2.25,5.005,-0.9));
#8436 = DIRECTION('',(0.,0.,1.));
#8437 = DIRECTION('',(-1.,0.,0.));
#8438 = ORIENTED_EDGE('',*,*,#345,.T.);
#8439 = ORIENTED_EDGE('',*,*,#4663,.T.);
#8440 = CYLINDRICAL_SURFACE('',#8441,0.4);
#8441 = AXIS2_PLACEMENT_3D('',#8442,#8443,#8444);
#8442 = CARTESIAN_POINT('',(-2.25,5.005,-1.));
#8443 = DIRECTION('',(-0.,-0.,1.));
#8444 = DIRECTION('',(1.,0.,0.));
#8445 = ADVANCED_FACE('',(#8446),#8456,.T.);
#8446 = FACE_BOUND('',#8447,.T.);
#8447 = EDGE_LOOP('',(#8448,#8455));
#8448 = ORIENTED_EDGE('',*,*,#8449,.T.);
#8449 = EDGE_CURVE('',#108,#106,#8450,.T.);
#8450 = CIRCLE('',#8451,0.3);
#8451 = AXIS2_PLACEMENT_3D('',#8452,#8453,#8454);
#8452 = CARTESIAN_POINT('',(-2.25,5.005,-1.));
#8453 = DIRECTION('',(0.,0.,-1.));
#8454 = DIRECTION('',(-1.,0.,0.));
#8455 = ORIENTED_EDGE('',*,*,#105,.T.);
#8456 = PLANE('',#8457);
#8457 = AXIS2_PLACEMENT_3D('',#8458,#8459,#8460);
#8458 = CARTESIAN_POINT('',(-2.25,5.005,-1.));
#8459 = DIRECTION('',(0.,0.,-1.));
#8460 = DIRECTION('',(-1.,0.,-0.));
#8461 = ADVANCED_FACE('',(#8462),#8474,.T.);
#8462 = FACE_BOUND('',#8463,.T.);
#8463 = EDGE_LOOP('',(#8464,#8465,#8472,#8473));
#8464 = ORIENTED_EDGE('',*,*,#296,.F.);
#8465 = ORIENTED_EDGE('',*,*,#8466,.T.);
#8466 = EDGE_CURVE('',#159,#167,#8467,.T.);
#8467 = CIRCLE('',#8468,0.4);
#8468 = AXIS2_PLACEMENT_3D('',#8469,#8470,#8471);
#8469 = CARTESIAN_POINT('',(2.65,5.E-03,-0.9));
#8470 = DIRECTION('',(0.,0.,1.));
#8471 = DIRECTION('',(-1.,0.,0.));
#8472 = ORIENTED_EDGE('',*,*,#313,.T.);
#8473 = ORIENTED_EDGE('',*,*,#4653,.T.);
#8474 = CYLINDRICAL_SURFACE('',#8475,0.4);
#8475 = AXIS2_PLACEMENT_3D('',#8476,#8477,#8478);
#8476 = CARTESIAN_POINT('',(2.65,5.E-03,-1.));
#8477 = DIRECTION('',(-0.,-0.,1.));
#8478 = DIRECTION('',(1.,0.,0.));
#8479 = ADVANCED_FACE('',(#8480),#8490,.T.);
#8480 = FACE_BOUND('',#8481,.T.);
#8481 = EDGE_LOOP('',(#8482,#8489));
#8482 = ORIENTED_EDGE('',*,*,#8483,.T.);
#8483 = EDGE_CURVE('',#150,#148,#8484,.T.);
#8484 = CIRCLE('',#8485,0.3);
#8485 = AXIS2_PLACEMENT_3D('',#8486,#8487,#8488);
#8486 = CARTESIAN_POINT('',(2.65,5.E-03,-1.));
#8487 = DIRECTION('',(0.,0.,-1.));
#8488 = DIRECTION('',(-1.,0.,0.));
#8489 = ORIENTED_EDGE('',*,*,#147,.T.);
#8490 = PLANE('',#8491);
#8491 = AXIS2_PLACEMENT_3D('',#8492,#8493,#8494);
#8492 = CARTESIAN_POINT('',(2.65,5.E-03,-1.));
#8493 = DIRECTION('',(0.,0.,-1.));
#8494 = DIRECTION('',(-1.,0.,-0.));
#8495 = ADVANCED_FACE('',(#8496),#8508,.T.);
#8496 = FACE_BOUND('',#8497,.T.);
#8497 = EDGE_LOOP('',(#8498,#8499,#8506,#8507));
#8498 = ORIENTED_EDGE('',*,*,#264,.F.);
#8499 = ORIENTED_EDGE('',*,*,#8500,.T.);
#8500 = EDGE_CURVE('',#75,#83,#8501,.T.);
#8501 = CIRCLE('',#8502,0.4);
#8502 = AXIS2_PLACEMENT_3D('',#8503,#8504,#8505);
#8503 = CARTESIAN_POINT('',(-2.25,-4.995,-0.9));
#8504 = DIRECTION('',(0.,0.,1.));
#8505 = DIRECTION('',(1.,0.,-0.));
#8506 = ORIENTED_EDGE('',*,*,#281,.T.);
#8507 = ORIENTED_EDGE('',*,*,#4643,.T.);
#8508 = CYLINDRICAL_SURFACE('',#8509,0.4);
#8509 = AXIS2_PLACEMENT_3D('',#8510,#8511,#8512);
#8510 = CARTESIAN_POINT('',(-2.25,-4.995,-1.));
#8511 = DIRECTION('',(-0.,-0.,1.));
#8512 = DIRECTION('',(1.,0.,0.));
#8513 = ADVANCED_FACE('',(#8514),#8524,.F.);
#8514 = FACE_BOUND('',#8515,.T.);
#8515 = EDGE_LOOP('',(#8516,#8523));
#8516 = ORIENTED_EDGE('',*,*,#8517,.T.);
#8517 = EDGE_CURVE('',#66,#64,#8518,.T.);
#8518 = CIRCLE('',#8519,0.3);
#8519 = AXIS2_PLACEMENT_3D('',#8520,#8521,#8522);
#8520 = CARTESIAN_POINT('',(-2.25,-4.995,-1.));
#8521 = DIRECTION('',(0.,0.,-1.));
#8522 = DIRECTION('',(1.,0.,0.));
#8523 = ORIENTED_EDGE('',*,*,#63,.T.);
#8524 = PLANE('',#8525);
#8525 = AXIS2_PLACEMENT_3D('',#8526,#8527,#8528);
#8526 = CARTESIAN_POINT('',(-2.25,-4.995,-1.));
#8527 = DIRECTION('',(0.,-0.,1.));
#8528 = DIRECTION('',(1.,0.,0.));
#8529 = ADVANCED_FACE('',(#8530),#8542,.T.);
#8530 = FACE_BOUND('',#8531,.T.);
#8531 = EDGE_LOOP('',(#8532,#8533,#8540,#8541));
#8532 = ORIENTED_EDGE('',*,*,#232,.F.);
#8533 = ORIENTED_EDGE('',*,*,#8534,.T.);
#8534 = EDGE_CURVE('',#33,#41,#8535,.T.);
#8535 = CIRCLE('',#8536,0.4);
#8536 = AXIS2_PLACEMENT_3D('',#8537,#8538,#8539);
#8537 = CARTESIAN_POINT('',(-4.75,-4.995,-0.9));
#8538 = DIRECTION('',(0.,0.,1.));
#8539 = DIRECTION('',(1.,0.,-0.));
#8540 = ORIENTED_EDGE('',*,*,#249,.T.);
#8541 = ORIENTED_EDGE('',*,*,#4633,.T.);
#8542 = CYLINDRICAL_SURFACE('',#8543,0.4);
#8543 = AXIS2_PLACEMENT_3D('',#8544,#8545,#8546);
#8544 = CARTESIAN_POINT('',(-4.75,-4.995,-1.));
#8545 = DIRECTION('',(-0.,-0.,1.));
#8546 = DIRECTION('',(1.,0.,0.));
#8547 = ADVANCED_FACE('',(#8548),#8558,.F.);
#8548 = FACE_BOUND('',#8549,.T.);
#8549 = EDGE_LOOP('',(#8550,#8557));
#8550 = ORIENTED_EDGE('',*,*,#8551,.T.);
#8551 = EDGE_CURVE('',#24,#22,#8552,.T.);
#8552 = CIRCLE('',#8553,0.3);
#8553 = AXIS2_PLACEMENT_3D('',#8554,#8555,#8556);
#8554 = CARTESIAN_POINT('',(-4.75,-4.995,-1.));
#8555 = DIRECTION('',(0.,0.,-1.));
#8556 = DIRECTION('',(1.,0.,0.));
#8557 = ORIENTED_EDGE('',*,*,#21,.T.);
#8558 = PLANE('',#8559);
#8559 = AXIS2_PLACEMENT_3D('',#8560,#8561,#8562);
#8560 = CARTESIAN_POINT('',(-4.75,-4.995,-1.));
#8561 = DIRECTION('',(0.,-0.,1.));
#8562 = DIRECTION('',(1.,0.,0.));
#8563 = ADVANCED_FACE('',(#8564),#8570,.T.);
#8564 = FACE_BOUND('',#8565,.T.);
#8565 = EDGE_LOOP('',(#8566,#8567,#8568,#8569));
#8566 = ORIENTED_EDGE('',*,*,#200,.F.);
#8567 = ORIENTED_EDGE('',*,*,#8415,.F.);
#8568 = ORIENTED_EDGE('',*,*,#217,.T.);
#8569 = ORIENTED_EDGE('',*,*,#8398,.F.);
#8570 = CONICAL_SURFACE('',#8571,0.3,0.785398163397);
#8571 = AXIS2_PLACEMENT_3D('',#8572,#8573,#8574);
#8572 = CARTESIAN_POINT('',(-4.75,5.005,-1.));
#8573 = DIRECTION('',(0.,0.,1.));
#8574 = DIRECTION('',(1.,0.,-0.));
#8575 = ADVANCED_FACE('',(#8576),#8582,.T.);
#8576 = FACE_BOUND('',#8577,.T.);
#8577 = EDGE_LOOP('',(#8578,#8579,#8580,#8581));
#8578 = ORIENTED_EDGE('',*,*,#158,.F.);
#8579 = ORIENTED_EDGE('',*,*,#8483,.F.);
#8580 = ORIENTED_EDGE('',*,*,#175,.T.);
#8581 = ORIENTED_EDGE('',*,*,#8466,.F.);
#8582 = CONICAL_SURFACE('',#8583,0.3,0.785398163397);
#8583 = AXIS2_PLACEMENT_3D('',#8584,#8585,#8586);
#8584 = CARTESIAN_POINT('',(2.65,5.E-03,-1.));
#8585 = DIRECTION('',(0.,0.,1.));
#8586 = DIRECTION('',(1.,0.,-0.));
#8587 = ADVANCED_FACE('',(#8588),#8594,.T.);
#8588 = FACE_BOUND('',#8589,.T.);
#8589 = EDGE_LOOP('',(#8590,#8591,#8592,#8593));
#8590 = ORIENTED_EDGE('',*,*,#116,.F.);
#8591 = ORIENTED_EDGE('',*,*,#8449,.F.);
#8592 = ORIENTED_EDGE('',*,*,#133,.T.);
#8593 = ORIENTED_EDGE('',*,*,#8432,.F.);
#8594 = CONICAL_SURFACE('',#8595,0.3,0.785398163397);
#8595 = AXIS2_PLACEMENT_3D('',#8596,#8597,#8598);
#8596 = CARTESIAN_POINT('',(-2.25,5.005,-1.));
#8597 = DIRECTION('',(0.,0.,1.));
#8598 = DIRECTION('',(1.,0.,-0.));
#8599 = ADVANCED_FACE('',(#8600),#8606,.T.);
#8600 = FACE_BOUND('',#8601,.T.);
#8601 = EDGE_LOOP('',(#8602,#8603,#8604,#8605));
#8602 = ORIENTED_EDGE('',*,*,#74,.F.);
#8603 = ORIENTED_EDGE('',*,*,#8517,.F.);
#8604 = ORIENTED_EDGE('',*,*,#91,.T.);
#8605 = ORIENTED_EDGE('',*,*,#8500,.F.);
#8606 = CONICAL_SURFACE('',#8607,0.3,0.785398163397);
#8607 = AXIS2_PLACEMENT_3D('',#8608,#8609,#8610);
#8608 = CARTESIAN_POINT('',(-2.25,-4.995,-1.));
#8609 = DIRECTION('',(0.,0.,1.));
#8610 = DIRECTION('',(1.,0.,-0.));
#8611 = ADVANCED_FACE('',(#8612),#8618,.T.);
#8612 = FACE_BOUND('',#8613,.T.);
#8613 = EDGE_LOOP('',(#8614,#8615,#8616,#8617));
#8614 = ORIENTED_EDGE('',*,*,#32,.F.);
#8615 = ORIENTED_EDGE('',*,*,#8551,.F.);
#8616 = ORIENTED_EDGE('',*,*,#49,.T.);
#8617 = ORIENTED_EDGE('',*,*,#8534,.F.);
#8618 = CONICAL_SURFACE('',#8619,0.3,0.785398163397);
#8619 = AXIS2_PLACEMENT_3D('',#8620,#8621,#8622);
#8620 = CARTESIAN_POINT('',(-4.75,-4.995,-1.));
#8621 = DIRECTION('',(0.,0.,1.));
#8622 = DIRECTION('',(1.,0.,-0.));
#8623 = ADVANCED_FACE('',(#8624),#8640,.F.);
#8624 = FACE_BOUND('',#8625,.T.);
#8625 = EDGE_LOOP('',(#8626,#8632,#8633,#8639));
#8626 = ORIENTED_EDGE('',*,*,#8627,.T.);
#8627 = EDGE_CURVE('',#6837,#4050,#8628,.T.);
#8628 = LINE('',#8629,#8630);
#8629 = CARTESIAN_POINT('',(-3.75,-2.995,4.4));
#8630 = VECTOR('',#8631,1.);
#8631 = DIRECTION('',(-0.,-0.,1.));
#8632 = ORIENTED_EDGE('',*,*,#4049,.T.);
#8633 = ORIENTED_EDGE('',*,*,#8634,.F.);
#8634 = EDGE_CURVE('',#6839,#4042,#8635,.T.);
#8635 = LINE('',#8636,#8637);
#8636 = CARTESIAN_POINT('',(-3.75,3.005,4.4));
#8637 = VECTOR('',#8638,1.);
#8638 = DIRECTION('',(-0.,-0.,1.));
#8639 = ORIENTED_EDGE('',*,*,#6836,.F.);
#8640 = PLANE('',#8641);
#8641 = AXIS2_PLACEMENT_3D('',#8642,#8643,#8644);
#8642 = CARTESIAN_POINT('',(-3.75,-2.995,4.4));
#8643 = DIRECTION('',(1.,-0.,0.));
#8644 = DIRECTION('',(0.,0.,-1.));
#8645 = ADVANCED_FACE('',(#8646),#8659,.F.);
#8646 = FACE_BOUND('',#8647,.T.);
#8647 = EDGE_LOOP('',(#8648,#8649,#8650,#8651,#8657,#8658));
#8648 = ORIENTED_EDGE('',*,*,#8634,.T.);
#8649 = ORIENTED_EDGE('',*,*,#4041,.T.);
#8650 = ORIENTED_EDGE('',*,*,#4942,.F.);
#8651 = ORIENTED_EDGE('',*,*,#8652,.F.);
#8652 = EDGE_CURVE('',#7082,#4935,#8653,.T.);
#8653 = LINE('',#8654,#8655);
#8654 = CARTESIAN_POINT('',(-5.75,3.005,4.4));
#8655 = VECTOR('',#8656,1.);
#8656 = DIRECTION('',(-1.,-0.,-0.));
#8657 = ORIENTED_EDGE('',*,*,#7081,.F.);
#8658 = ORIENTED_EDGE('',*,*,#6846,.F.);
#8659 = PLANE('',#8660);
#8660 = AXIS2_PLACEMENT_3D('',#8661,#8662,#8663);
#8661 = CARTESIAN_POINT('',(-5.75,3.005,4.4));
#8662 = DIRECTION('',(-0.,1.,0.));
#8663 = DIRECTION('',(0.,0.,1.));
#8664 = ADVANCED_FACE('',(#8665),#8678,.F.);
#8665 = FACE_BOUND('',#8666,.T.);
#8666 = EDGE_LOOP('',(#8667,#8668,#8674,#8675,#8676,#8677));
#8667 = ORIENTED_EDGE('',*,*,#7097,.F.);
#8668 = ORIENTED_EDGE('',*,*,#8669,.F.);
#8669 = EDGE_CURVE('',#4927,#7090,#8670,.T.);
#8670 = LINE('',#8671,#8672);
#8671 = CARTESIAN_POINT('',(-5.75,-2.995,4.4));
#8672 = VECTOR('',#8673,1.);
#8673 = DIRECTION('',(1.,0.,0.));
#8674 = ORIENTED_EDGE('',*,*,#4926,.T.);
#8675 = ORIENTED_EDGE('',*,*,#4057,.T.);
#8676 = ORIENTED_EDGE('',*,*,#8627,.F.);
#8677 = ORIENTED_EDGE('',*,*,#6879,.F.);
#8678 = PLANE('',#8679);
#8679 = AXIS2_PLACEMENT_3D('',#8680,#8681,#8682);
#8680 = CARTESIAN_POINT('',(-5.75,-2.995,4.4));
#8681 = DIRECTION('',(0.,-1.,0.));
#8682 = DIRECTION('',(0.,-0.,-1.));
#8683 = ADVANCED_FACE('',(#8684),#8690,.F.);
#8684 = FACE_BOUND('',#8685,.T.);
#8685 = EDGE_LOOP('',(#8686,#8687,#8688,#8689));
#8686 = ORIENTED_EDGE('',*,*,#8652,.T.);
#8687 = ORIENTED_EDGE('',*,*,#4934,.T.);
#8688 = ORIENTED_EDGE('',*,*,#8669,.T.);
#8689 = ORIENTED_EDGE('',*,*,#7089,.F.);
#8690 = PLANE('',#8691);
#8691 = AXIS2_PLACEMENT_3D('',#8692,#8693,#8694);
#8692 = CARTESIAN_POINT('',(-6.25,5.E-03,4.4));
#8693 = DIRECTION('',(0.,0.,-1.));
#8694 = DIRECTION('',(-1.,0.,-0.));
#8695 = ADVANCED_FACE('',(#8696),#8721,.F.);
#8696 = FACE_BOUND('',#8697,.T.);
#8697 = EDGE_LOOP('',(#8698,#8699,#8707,#8715));
#8698 = ORIENTED_EDGE('',*,*,#1112,.T.);
#8699 = ORIENTED_EDGE('',*,*,#8700,.F.);
#8700 = EDGE_CURVE('',#8701,#1115,#8703,.T.);
#8701 = VERTEX_POINT('',#8702);
#8702 = CARTESIAN_POINT('',(-3.509859455601,-6.005,4.338253596791));
#8703 = LINE('',#8704,#8705);
#8704 = CARTESIAN_POINT('',(-3.509859455601,-6.005,4.338253596791));
#8705 = VECTOR('',#8706,1.);
#8706 = DIRECTION('',(-0.,1.,-0.));
#8707 = ORIENTED_EDGE('',*,*,#8708,.F.);
#8708 = EDGE_CURVE('',#8709,#8701,#8711,.T.);
#8709 = VERTEX_POINT('',#8710);
#8710 = CARTESIAN_POINT('',(-3.509859455601,-6.005,4.299609260902));
#8711 = LINE('',#8712,#8713);
#8712 = CARTESIAN_POINT('',(-3.509859455601,-6.005,4.338253596791));
#8713 = VECTOR('',#8714,1.);
#8714 = DIRECTION('',(-0.,-0.,1.));
#8715 = ORIENTED_EDGE('',*,*,#8716,.T.);
#8716 = EDGE_CURVE('',#8709,#1113,#8717,.T.);
#8717 = LINE('',#8718,#8719);
#8718 = CARTESIAN_POINT('',(-3.509859455601,-6.005,4.299609260902));
#8719 = VECTOR('',#8720,1.);
#8720 = DIRECTION('',(-0.,1.,-0.));
#8721 = PLANE('',#8722);
#8722 = AXIS2_PLACEMENT_3D('',#8723,#8724,#8725);
#8723 = CARTESIAN_POINT('',(-3.509859455601,-6.005,4.338253596791));
#8724 = DIRECTION('',(-1.,0.,-0.));
#8725 = DIRECTION('',(0.,0.,1.));
#8726 = ADVANCED_FACE('',(#8727),#8745,.F.);
#8727 = FACE_BOUND('',#8728,.T.);
#8728 = EDGE_LOOP('',(#8729,#8730,#8738,#8744));
#8729 = ORIENTED_EDGE('',*,*,#1154,.T.);
#8730 = ORIENTED_EDGE('',*,*,#8731,.F.);
#8731 = EDGE_CURVE('',#8732,#1147,#8734,.T.);
#8732 = VERTEX_POINT('',#8733);
#8733 = CARTESIAN_POINT('',(-3.644854691737,-6.005,4.338253596791));
#8734 = LINE('',#8735,#8736);
#8735 = CARTESIAN_POINT('',(-3.644854691737,-6.005,4.338253596791));
#8736 = VECTOR('',#8737,1.);
#8737 = DIRECTION('',(-0.,1.,-0.));
#8738 = ORIENTED_EDGE('',*,*,#8739,.F.);
#8739 = EDGE_CURVE('',#8701,#8732,#8740,.T.);
#8740 = LINE('',#8741,#8742);
#8741 = CARTESIAN_POINT('',(-3.644854691737,-6.005,4.338253596791));
#8742 = VECTOR('',#8743,1.);
#8743 = DIRECTION('',(-1.,-0.,-0.));
#8744 = ORIENTED_EDGE('',*,*,#8700,.T.);
#8745 = PLANE('',#8746);
#8746 = AXIS2_PLACEMENT_3D('',#8747,#8748,#8749);
#8747 = CARTESIAN_POINT('',(-3.644854691737,-6.005,4.338253596791));
#8748 = DIRECTION('',(0.,0.,-1.));
#8749 = DIRECTION('',(-1.,0.,-0.));
#8750 = ADVANCED_FACE('',(#8751),#8769,.F.);
#8751 = FACE_BOUND('',#8752,.T.);
#8752 = EDGE_LOOP('',(#8753,#8754,#8762,#8768));
#8753 = ORIENTED_EDGE('',*,*,#1146,.T.);
#8754 = ORIENTED_EDGE('',*,*,#8755,.F.);
#8755 = EDGE_CURVE('',#8756,#1139,#8758,.T.);
#8756 = VERTEX_POINT('',#8757);
#8757 = CARTESIAN_POINT('',(-3.644854691737,-6.005,4.638570341621));
#8758 = LINE('',#8759,#8760);
#8759 = CARTESIAN_POINT('',(-3.644854691737,-6.005,4.638570341621));
#8760 = VECTOR('',#8761,1.);
#8761 = DIRECTION('',(-0.,1.,-0.));
#8762 = ORIENTED_EDGE('',*,*,#8763,.F.);
#8763 = EDGE_CURVE('',#8732,#8756,#8764,.T.);
#8764 = LINE('',#8765,#8766);
#8765 = CARTESIAN_POINT('',(-3.644854691737,-6.005,4.638570341621));
#8766 = VECTOR('',#8767,1.);
#8767 = DIRECTION('',(-0.,-0.,1.));
#8768 = ORIENTED_EDGE('',*,*,#8731,.T.);
#8769 = PLANE('',#8770);
#8770 = AXIS2_PLACEMENT_3D('',#8771,#8772,#8773);
#8771 = CARTESIAN_POINT('',(-3.644854691737,-6.005,4.638570341621));
#8772 = DIRECTION('',(-1.,0.,-0.));
#8773 = DIRECTION('',(0.,0.,1.));
#8774 = ADVANCED_FACE('',(#8775),#8793,.F.);
#8775 = FACE_BOUND('',#8776,.T.);
#8776 = EDGE_LOOP('',(#8777,#8778,#8786,#8792));
#8777 = ORIENTED_EDGE('',*,*,#1138,.T.);
#8778 = ORIENTED_EDGE('',*,*,#8779,.F.);
#8779 = EDGE_CURVE('',#8780,#1131,#8782,.T.);
#8780 = VERTEX_POINT('',#8781);
#8781 = CARTESIAN_POINT('',(-3.688611170715,-6.005,4.638570341621));
#8782 = LINE('',#8783,#8784);
#8783 = CARTESIAN_POINT('',(-3.688611170715,-6.005,4.638570341621));
#8784 = VECTOR('',#8785,1.);
#8785 = DIRECTION('',(-0.,1.,-0.));
#8786 = ORIENTED_EDGE('',*,*,#8787,.F.);
#8787 = EDGE_CURVE('',#8756,#8780,#8788,.T.);
#8788 = LINE('',#8789,#8790);
#8789 = CARTESIAN_POINT('',(-3.688611170715,-6.005,4.638570341621));
#8790 = VECTOR('',#8791,1.);
#8791 = DIRECTION('',(-1.,-0.,-0.));
#8792 = ORIENTED_EDGE('',*,*,#8755,.T.);
#8793 = PLANE('',#8794);
#8794 = AXIS2_PLACEMENT_3D('',#8795,#8796,#8797);
#8795 = CARTESIAN_POINT('',(-3.688611170715,-6.005,4.638570341621));
#8796 = DIRECTION('',(0.,0.,-1.));
#8797 = DIRECTION('',(-1.,0.,-0.));
#8798 = ADVANCED_FACE('',(#8799),#8817,.F.);
#8799 = FACE_BOUND('',#8800,.T.);
#8800 = EDGE_LOOP('',(#8801,#8802,#8810,#8816));
#8801 = ORIENTED_EDGE('',*,*,#1130,.T.);
#8802 = ORIENTED_EDGE('',*,*,#8803,.F.);
#8803 = EDGE_CURVE('',#8804,#1123,#8806,.T.);
#8804 = VERTEX_POINT('',#8805);
#8805 = CARTESIAN_POINT('',(-3.688611170715,-6.005,4.299609260902));
#8806 = LINE('',#8807,#8808);
#8807 = CARTESIAN_POINT('',(-3.688611170715,-6.005,4.299609260902));
#8808 = VECTOR('',#8809,1.);
#8809 = DIRECTION('',(-0.,1.,-0.));
#8810 = ORIENTED_EDGE('',*,*,#8811,.F.);
#8811 = EDGE_CURVE('',#8780,#8804,#8812,.T.);
#8812 = LINE('',#8813,#8814);
#8813 = CARTESIAN_POINT('',(-3.688611170715,-6.005,4.299609260902));
#8814 = VECTOR('',#8815,1.);
#8815 = DIRECTION('',(-0.,-0.,-1.));
#8816 = ORIENTED_EDGE('',*,*,#8779,.T.);
#8817 = PLANE('',#8818);
#8818 = AXIS2_PLACEMENT_3D('',#8819,#8820,#8821);
#8819 = CARTESIAN_POINT('',(-3.688611170715,-6.005,4.299609260902));
#8820 = DIRECTION('',(1.,0.,-0.));
#8821 = DIRECTION('',(-0.,0.,-1.));
#8822 = ADVANCED_FACE('',(#8823),#8834,.F.);
#8823 = FACE_BOUND('',#8824,.T.);
#8824 = EDGE_LOOP('',(#8825,#8826,#8827,#8833));
#8825 = ORIENTED_EDGE('',*,*,#1122,.T.);
#8826 = ORIENTED_EDGE('',*,*,#8716,.F.);
#8827 = ORIENTED_EDGE('',*,*,#8828,.F.);
#8828 = EDGE_CURVE('',#8804,#8709,#8829,.T.);
#8829 = LINE('',#8830,#8831);
#8830 = CARTESIAN_POINT('',(-3.509859455601,-6.005,4.299609260902));
#8831 = VECTOR('',#8832,1.);
#8832 = DIRECTION('',(1.,-0.,-0.));
#8833 = ORIENTED_EDGE('',*,*,#8803,.T.);
#8834 = PLANE('',#8835);
#8835 = AXIS2_PLACEMENT_3D('',#8836,#8837,#8838);
#8836 = CARTESIAN_POINT('',(-3.509859455601,-6.005,4.299609260902));
#8837 = DIRECTION('',(0.,0.,1.));
#8838 = DIRECTION('',(1.,0.,-0.));
#8839 = ADVANCED_FACE('',(#8840),#8848,.F.);
#8840 = FACE_BOUND('',#8841,.T.);
#8841 = EDGE_LOOP('',(#8842,#8843,#8844,#8845,#8846,#8847));
#8842 = ORIENTED_EDGE('',*,*,#8708,.T.);
#8843 = ORIENTED_EDGE('',*,*,#8739,.T.);
#8844 = ORIENTED_EDGE('',*,*,#8763,.T.);
#8845 = ORIENTED_EDGE('',*,*,#8787,.T.);
#8846 = ORIENTED_EDGE('',*,*,#8811,.T.);
#8847 = ORIENTED_EDGE('',*,*,#8828,.T.);
#8848 = PLANE('',#8849);
#8849 = AXIS2_PLACEMENT_3D('',#8850,#8851,#8852);
#8850 = CARTESIAN_POINT('',(-6.25,-6.005,2.5));
#8851 = DIRECTION('',(0.,1.,0.));
#8852 = DIRECTION('',(0.,-0.,1.));
#8853 = ADVANCED_FACE('',(#8854),#8880,.F.);
#8854 = FACE_BOUND('',#8855,.F.);
#8855 = EDGE_LOOP('',(#8856,#8864,#8873,#8879));
#8856 = ORIENTED_EDGE('',*,*,#8857,.F.);
#8857 = EDGE_CURVE('',#8858,#921,#8860,.T.);
#8858 = VERTEX_POINT('',#8859);
#8859 = CARTESIAN_POINT('',(-3.33604659059,-6.005,4.293890592362));
#8860 = LINE('',#8861,#8862);
#8861 = CARTESIAN_POINT('',(-3.33604659059,-6.005,4.293890592362));
#8862 = VECTOR('',#8863,1.);
#8863 = DIRECTION('',(-0.,1.,-0.));
#8864 = ORIENTED_EDGE('',*,*,#8865,.T.);
#8865 = EDGE_CURVE('',#8858,#8866,#8868,.T.);
#8866 = VERTEX_POINT('',#8867);
#8867 = CARTESIAN_POINT('',(-3.242208438642,-6.005,4.313645992772));
#8868 = B_SPLINE_CURVE_WITH_KNOTS('',3,(#8869,#8870,#8871,#8872),
  .UNSPECIFIED.,.F.,.F.,(4,4),(0.,1.),.PIECEWISE_BEZIER_KNOTS.);
#8869 = CARTESIAN_POINT('',(-3.33604659059,-6.005,4.293890592362));
#8870 = CARTESIAN_POINT('',(-3.298442012617,-6.005,4.293890592362));
#8871 = CARTESIAN_POINT('',(-3.267162628634,-6.005,4.300475725831));
#8872 = CARTESIAN_POINT('',(-3.242208438642,-6.005,4.313645992772));
#8873 = ORIENTED_EDGE('',*,*,#8874,.T.);
#8874 = EDGE_CURVE('',#8866,#923,#8875,.T.);
#8875 = LINE('',#8876,#8877);
#8876 = CARTESIAN_POINT('',(-3.242208438642,-6.005,4.313645992772));
#8877 = VECTOR('',#8878,1.);
#8878 = DIRECTION('',(-0.,1.,-0.));
#8879 = ORIENTED_EDGE('',*,*,#920,.F.);
#8880 = B_SPLINE_SURFACE_WITH_KNOTS('',3,1,(
    (#8881,#8882)
    ,(#8883,#8884)
    ,(#8885,#8886)
    ,(#8887,#8888
    )),.UNSPECIFIED.,.F.,.F.,.F.,(4,4),(2,2),(0.,1.),(0.,1.),
  .PIECEWISE_BEZIER_KNOTS.);
#8881 = CARTESIAN_POINT('',(-3.33604659059,-6.005,4.293890592362));
#8882 = CARTESIAN_POINT('',(-3.33604659059,-5.995,4.293890592362));
#8883 = CARTESIAN_POINT('',(-3.298442012617,-6.005,4.293890592362));
#8884 = CARTESIAN_POINT('',(-3.298442012617,-5.995,4.293890592362));
#8885 = CARTESIAN_POINT('',(-3.267162628634,-6.005,4.300475725831));
#8886 = CARTESIAN_POINT('',(-3.267162628634,-5.995,4.300475725831));
#8887 = CARTESIAN_POINT('',(-3.242208438642,-6.005,4.313645992772));
#8888 = CARTESIAN_POINT('',(-3.242208438642,-5.995,4.313645992772));
#8889 = ADVANCED_FACE('',(#8890),#8908,.F.);
#8890 = FACE_BOUND('',#8891,.T.);
#8891 = EDGE_LOOP('',(#8892,#8893,#8901,#8907));
#8892 = ORIENTED_EDGE('',*,*,#1038,.T.);
#8893 = ORIENTED_EDGE('',*,*,#8894,.F.);
#8894 = EDGE_CURVE('',#8895,#1030,#8897,.T.);
#8895 = VERTEX_POINT('',#8896);
#8896 = CARTESIAN_POINT('',(-3.242208438642,-6.005,4.355582895398));
#8897 = LINE('',#8898,#8899);
#8898 = CARTESIAN_POINT('',(-3.242208438642,-6.005,4.355582895398));
#8899 = VECTOR('',#8900,1.);
#8900 = DIRECTION('',(-0.,1.,-0.));
#8901 = ORIENTED_EDGE('',*,*,#8902,.F.);
#8902 = EDGE_CURVE('',#8866,#8895,#8903,.T.);
#8903 = LINE('',#8904,#8905);
#8904 = CARTESIAN_POINT('',(-3.242208438642,-6.005,4.355582895398));
#8905 = VECTOR('',#8906,1.);
#8906 = DIRECTION('',(-0.,-0.,1.));
#8907 = ORIENTED_EDGE('',*,*,#8874,.T.);
#8908 = PLANE('',#8909);
#8909 = AXIS2_PLACEMENT_3D('',#8910,#8911,#8912);
#8910 = CARTESIAN_POINT('',(-3.242208438642,-6.005,4.355582895398));
#8911 = DIRECTION('',(-1.,0.,-0.));
#8912 = DIRECTION('',(0.,0.,1.));
#8913 = ADVANCED_FACE('',(#8914),#8933,.F.);
#8914 = FACE_BOUND('',#8915,.F.);
#8915 = EDGE_LOOP('',(#8916,#8917,#8926,#8932));
#8916 = ORIENTED_EDGE('',*,*,#8894,.F.);
#8917 = ORIENTED_EDGE('',*,*,#8918,.T.);
#8918 = EDGE_CURVE('',#8895,#8919,#8921,.T.);
#8919 = VERTEX_POINT('',#8920);
#8920 = CARTESIAN_POINT('',(-3.3297213966,-6.005,4.332881514223));
#8921 = B_SPLINE_CURVE_WITH_KNOTS('',3,(#8922,#8923,#8924,#8925),
  .UNSPECIFIED.,.F.,.F.,(4,4),(12.,13.),.PIECEWISE_BEZIER_KNOTS.);
#8922 = CARTESIAN_POINT('',(-3.242208438642,-6.005,4.355582895398));
#8923 = CARTESIAN_POINT('',(-3.266989335648,-6.005,4.34050640561));
#8924 = CARTESIAN_POINT('',(-3.296189203798,-6.005,4.332881514223));
#8925 = CARTESIAN_POINT('',(-3.3297213966,-6.005,4.332881514223));
#8926 = ORIENTED_EDGE('',*,*,#8927,.T.);
#8927 = EDGE_CURVE('',#8919,#1021,#8928,.T.);
#8928 = LINE('',#8929,#8930);
#8929 = CARTESIAN_POINT('',(-3.3297213966,-6.005,4.332881514223));
#8930 = VECTOR('',#8931,1.);
#8931 = DIRECTION('',(-0.,1.,-0.));
#8932 = ORIENTED_EDGE('',*,*,#1029,.F.);
#8933 = B_SPLINE_SURFACE_WITH_KNOTS('',3,1,(
    (#8934,#8935)
    ,(#8936,#8937)
    ,(#8938,#8939)
    ,(#8940,#8941
    )),.UNSPECIFIED.,.F.,.F.,.F.,(4,4),(2,2),(12.,13.),(0.,1.),
  .PIECEWISE_BEZIER_KNOTS.);
#8934 = CARTESIAN_POINT('',(-3.242208438642,-6.005,4.355582895398));
#8935 = CARTESIAN_POINT('',(-3.242208438642,-5.995,4.355582895398));
#8936 = CARTESIAN_POINT('',(-3.266989335648,-6.005,4.34050640561));
#8937 = CARTESIAN_POINT('',(-3.266989335648,-5.995,4.34050640561));
#8938 = CARTESIAN_POINT('',(-3.296189203798,-6.005,4.332881514223));
#8939 = CARTESIAN_POINT('',(-3.296189203798,-5.995,4.332881514223));
#8940 = CARTESIAN_POINT('',(-3.3297213966,-6.005,4.332881514223));
#8941 = CARTESIAN_POINT('',(-3.3297213966,-5.995,4.332881514223));
#8942 = ADVANCED_FACE('',(#8943),#8962,.F.);
#8943 = FACE_BOUND('',#8944,.F.);
#8944 = EDGE_LOOP('',(#8945,#8946,#8955,#8961));
#8945 = ORIENTED_EDGE('',*,*,#8927,.F.);
#8946 = ORIENTED_EDGE('',*,*,#8947,.T.);
#8947 = EDGE_CURVE('',#8919,#8948,#8950,.T.);
#8948 = VERTEX_POINT('',#8949);
#8949 = CARTESIAN_POINT('',(-3.416801122091,-6.005,4.368579869351));
#8950 = B_SPLINE_CURVE_WITH_KNOTS('',3,(#8951,#8952,#8953,#8954),
  .UNSPECIFIED.,.F.,.F.,(4,4),(11.,12.),.PIECEWISE_BEZIER_KNOTS.);
#8951 = CARTESIAN_POINT('',(-3.3297213966,-6.005,4.332881514223));
#8952 = CARTESIAN_POINT('',(-3.365593044712,-6.005,4.332881514223));
#8953 = CARTESIAN_POINT('',(-3.394619619876,-6.005,4.344838730261));
#8954 = CARTESIAN_POINT('',(-3.416801122091,-6.005,4.368579869351));
#8955 = ORIENTED_EDGE('',*,*,#8956,.T.);
#8956 = EDGE_CURVE('',#8948,#1012,#8957,.T.);
#8957 = LINE('',#8958,#8959);
#8958 = CARTESIAN_POINT('',(-3.416801122091,-6.005,4.368579869351));
#8959 = VECTOR('',#8960,1.);
#8960 = DIRECTION('',(-0.,1.,-0.));
#8961 = ORIENTED_EDGE('',*,*,#1020,.F.);
#8962 = B_SPLINE_SURFACE_WITH_KNOTS('',3,1,(
    (#8963,#8964)
    ,(#8965,#8966)
    ,(#8967,#8968)
    ,(#8969,#8970
    )),.UNSPECIFIED.,.F.,.F.,.F.,(4,4),(2,2),(11.,12.),(0.,1.),
  .PIECEWISE_BEZIER_KNOTS.);
#8963 = CARTESIAN_POINT('',(-3.3297213966,-6.005,4.332881514223));
#8964 = CARTESIAN_POINT('',(-3.3297213966,-5.995,4.332881514223));
#8965 = CARTESIAN_POINT('',(-3.365593044712,-6.005,4.332881514223));
#8966 = CARTESIAN_POINT('',(-3.365593044712,-5.995,4.332881514223));
#8967 = CARTESIAN_POINT('',(-3.394619619876,-6.005,4.344838730261));
#8968 = CARTESIAN_POINT('',(-3.394619619876,-5.995,4.344838730261));
#8969 = CARTESIAN_POINT('',(-3.416801122091,-6.005,4.368579869351));
#8970 = CARTESIAN_POINT('',(-3.416801122091,-5.995,4.368579869351));
#8971 = ADVANCED_FACE('',(#8972),#8991,.F.);
#8972 = FACE_BOUND('',#8973,.F.);
#8973 = EDGE_LOOP('',(#8974,#8975,#8984,#8990));
#8974 = ORIENTED_EDGE('',*,*,#8956,.F.);
#8975 = ORIENTED_EDGE('',*,*,#8976,.T.);
#8976 = EDGE_CURVE('',#8948,#8977,#8979,.T.);
#8977 = VERTEX_POINT('',#8978);
#8978 = CARTESIAN_POINT('',(-3.450073375412,-6.005,4.465277355569));
#8979 = B_SPLINE_CURVE_WITH_KNOTS('',3,(#8980,#8981,#8982,#8983),
  .UNSPECIFIED.,.F.,.F.,(4,4),(10.,11.),.PIECEWISE_BEZIER_KNOTS.);
#8980 = CARTESIAN_POINT('',(-3.416801122091,-6.005,4.368579869351));
#8981 = CARTESIAN_POINT('',(-3.438982624306,-6.005,4.392494301427));
#8982 = CARTESIAN_POINT('',(-3.450073375412,-6.005,4.424726796833));
#8983 = CARTESIAN_POINT('',(-3.450073375412,-6.005,4.465277355569));
#8984 = ORIENTED_EDGE('',*,*,#8985,.T.);
#8985 = EDGE_CURVE('',#8977,#1003,#8986,.T.);
#8986 = LINE('',#8987,#8988);
#8987 = CARTESIAN_POINT('',(-3.450073375412,-6.005,4.465277355569));
#8988 = VECTOR('',#8989,1.);
#8989 = DIRECTION('',(-0.,1.,-0.));
#8990 = ORIENTED_EDGE('',*,*,#1011,.F.);
#8991 = B_SPLINE_SURFACE_WITH_KNOTS('',3,1,(
    (#8992,#8993)
    ,(#8994,#8995)
    ,(#8996,#8997)
    ,(#8998,#8999
    )),.UNSPECIFIED.,.F.,.F.,.F.,(4,4),(2,2),(10.,11.),(0.,1.),
  .PIECEWISE_BEZIER_KNOTS.);
#8992 = CARTESIAN_POINT('',(-3.416801122091,-6.005,4.368579869351));
#8993 = CARTESIAN_POINT('',(-3.416801122091,-5.995,4.368579869351));
#8994 = CARTESIAN_POINT('',(-3.438982624306,-6.005,4.392494301427));
#8995 = CARTESIAN_POINT('',(-3.438982624306,-5.995,4.392494301427));
#8996 = CARTESIAN_POINT('',(-3.450073375412,-6.005,4.424726796833));
#8997 = CARTESIAN_POINT('',(-3.450073375412,-5.995,4.424726796833));
#8998 = CARTESIAN_POINT('',(-3.450073375412,-6.005,4.465277355569));
#8999 = CARTESIAN_POINT('',(-3.450073375412,-5.995,4.465277355569));
#9000 = ADVANCED_FACE('',(#9001),#9020,.F.);
#9001 = FACE_BOUND('',#9002,.F.);
#9002 = EDGE_LOOP('',(#9003,#9004,#9013,#9019));
#9003 = ORIENTED_EDGE('',*,*,#8985,.F.);
#9004 = ORIENTED_EDGE('',*,*,#9005,.T.);
#9005 = EDGE_CURVE('',#8977,#9006,#9008,.T.);
#9006 = VERTEX_POINT('',#9007);
#9007 = CARTESIAN_POINT('',(-3.414461666779,-6.005,4.567173631367));
#9008 = B_SPLINE_CURVE_WITH_KNOTS('',3,(#9009,#9010,#9011,#9012),
  .UNSPECIFIED.,.F.,.F.,(4,4),(9.,10.),.PIECEWISE_BEZIER_KNOTS.);
#9009 = CARTESIAN_POINT('',(-3.450073375412,-6.005,4.465277355569));
#9010 = CARTESIAN_POINT('',(-3.450073375412,-6.005,4.507907430138));
#9011 = CARTESIAN_POINT('',(-3.438202805869,-6.005,4.541872855402));
#9012 = CARTESIAN_POINT('',(-3.414461666779,-6.005,4.567173631367));
#9013 = ORIENTED_EDGE('',*,*,#9014,.T.);
#9014 = EDGE_CURVE('',#9006,#994,#9015,.T.);
#9015 = LINE('',#9016,#9017);
#9016 = CARTESIAN_POINT('',(-3.414461666779,-6.005,4.567173631367));
#9017 = VECTOR('',#9018,1.);
#9018 = DIRECTION('',(-0.,1.,-0.));
#9019 = ORIENTED_EDGE('',*,*,#1002,.F.);
#9020 = B_SPLINE_SURFACE_WITH_KNOTS('',3,1,(
    (#9021,#9022)
    ,(#9023,#9024)
    ,(#9025,#9026)
    ,(#9027,#9028
    )),.UNSPECIFIED.,.F.,.F.,.F.,(4,4),(2,2),(9.,10.),(0.,1.),
  .PIECEWISE_BEZIER_KNOTS.);
#9021 = CARTESIAN_POINT('',(-3.450073375412,-6.005,4.465277355569));
#9022 = CARTESIAN_POINT('',(-3.450073375412,-5.995,4.465277355569));
#9023 = CARTESIAN_POINT('',(-3.450073375412,-6.005,4.507907430138));
#9024 = CARTESIAN_POINT('',(-3.450073375412,-5.995,4.507907430138));
#9025 = CARTESIAN_POINT('',(-3.438202805869,-6.005,4.541872855402));
#9026 = CARTESIAN_POINT('',(-3.438202805869,-5.995,4.541872855402));
#9027 = CARTESIAN_POINT('',(-3.414461666779,-6.005,4.567173631367));
#9028 = CARTESIAN_POINT('',(-3.414461666779,-5.995,4.567173631367));
#9029 = ADVANCED_FACE('',(#9030),#9049,.F.);
#9030 = FACE_BOUND('',#9031,.F.);
#9031 = EDGE_LOOP('',(#9032,#9033,#9042,#9048));
#9032 = ORIENTED_EDGE('',*,*,#9014,.F.);
#9033 = ORIENTED_EDGE('',*,*,#9034,.T.);
#9034 = EDGE_CURVE('',#9006,#9035,#9037,.T.);
#9035 = VERTEX_POINT('',#9036);
#9036 = CARTESIAN_POINT('',(-3.322096505213,-6.005,4.60477820934));
#9037 = B_SPLINE_CURVE_WITH_KNOTS('',3,(#9038,#9039,#9040,#9041),
  .UNSPECIFIED.,.F.,.F.,(4,4),(8.,9.),.PIECEWISE_BEZIER_KNOTS.);
#9038 = CARTESIAN_POINT('',(-3.414461666779,-6.005,4.567173631367));
#9039 = CARTESIAN_POINT('',(-3.390633881197,-6.005,4.592301114344));
#9040 = CARTESIAN_POINT('',(-3.359874376172,-6.005,4.60477820934));
#9041 = CARTESIAN_POINT('',(-3.322096505213,-6.005,4.60477820934));
#9042 = ORIENTED_EDGE('',*,*,#9043,.T.);
#9043 = EDGE_CURVE('',#9035,#985,#9044,.T.);
#9044 = LINE('',#9045,#9046);
#9045 = CARTESIAN_POINT('',(-3.322096505213,-6.005,4.60477820934));
#9046 = VECTOR('',#9047,1.);
#9047 = DIRECTION('',(-0.,1.,-0.));
#9048 = ORIENTED_EDGE('',*,*,#993,.F.);
#9049 = B_SPLINE_SURFACE_WITH_KNOTS('',3,1,(
    (#9050,#9051)
    ,(#9052,#9053)
    ,(#9054,#9055)
    ,(#9056,#9057
    )),.UNSPECIFIED.,.F.,.F.,.F.,(4,4),(2,2),(8.,9.),(0.,1.),
  .PIECEWISE_BEZIER_KNOTS.);
#9050 = CARTESIAN_POINT('',(-3.414461666779,-6.005,4.567173631367));
#9051 = CARTESIAN_POINT('',(-3.414461666779,-5.995,4.567173631367));
#9052 = CARTESIAN_POINT('',(-3.390633881197,-6.005,4.592301114344));
#9053 = CARTESIAN_POINT('',(-3.390633881197,-5.995,4.592301114344));
#9054 = CARTESIAN_POINT('',(-3.359874376172,-6.005,4.60477820934));
#9055 = CARTESIAN_POINT('',(-3.359874376172,-5.995,4.60477820934));
#9056 = CARTESIAN_POINT('',(-3.322096505213,-6.005,4.60477820934));
#9057 = CARTESIAN_POINT('',(-3.322096505213,-5.995,4.60477820934));
#9058 = ADVANCED_FACE('',(#9059),#9078,.F.);
#9059 = FACE_BOUND('',#9060,.F.);
#9060 = EDGE_LOOP('',(#9061,#9062,#9071,#9077));
#9061 = ORIENTED_EDGE('',*,*,#9043,.F.);
#9062 = ORIENTED_EDGE('',*,*,#9063,.T.);
#9063 = EDGE_CURVE('',#9035,#9064,#9066,.T.);
#9064 = VERTEX_POINT('',#9065);
#9065 = CARTESIAN_POINT('',(-3.242208438642,-6.005,4.58467622296));
#9066 = B_SPLINE_CURVE_WITH_KNOTS('',3,(#9067,#9068,#9069,#9070),
  .UNSPECIFIED.,.F.,.F.,(4,4),(7.,8.),.PIECEWISE_BEZIER_KNOTS.);
#9067 = CARTESIAN_POINT('',(-3.322096505213,-6.005,4.60477820934));
#9068 = CARTESIAN_POINT('',(-3.29306993005,-6.005,4.60477820934));
#9069 = CARTESIAN_POINT('',(-3.26646945669,-6.005,4.59819307587));
#9070 = CARTESIAN_POINT('',(-3.242208438642,-6.005,4.58467622296));
#9071 = ORIENTED_EDGE('',*,*,#9072,.T.);
#9072 = EDGE_CURVE('',#9064,#977,#9073,.T.);
#9073 = LINE('',#9074,#9075);
#9074 = CARTESIAN_POINT('',(-3.242208438642,-6.005,4.58467622296));
#9075 = VECTOR('',#9076,1.);
#9076 = DIRECTION('',(-0.,1.,-0.));
#9077 = ORIENTED_EDGE('',*,*,#984,.F.);
#9078 = B_SPLINE_SURFACE_WITH_KNOTS('',3,1,(
    (#9079,#9080)
    ,(#9081,#9082)
    ,(#9083,#9084)
    ,(#9085,#9086
    )),.UNSPECIFIED.,.F.,.F.,.F.,(4,4),(2,2),(7.,8.),(0.,1.),
  .PIECEWISE_BEZIER_KNOTS.);
#9079 = CARTESIAN_POINT('',(-3.322096505213,-6.005,4.60477820934));
#9080 = CARTESIAN_POINT('',(-3.322096505213,-5.995,4.60477820934));
#9081 = CARTESIAN_POINT('',(-3.29306993005,-6.005,4.60477820934));
#9082 = CARTESIAN_POINT('',(-3.29306993005,-5.995,4.60477820934));
#9083 = CARTESIAN_POINT('',(-3.26646945669,-6.005,4.59819307587));
#9084 = CARTESIAN_POINT('',(-3.26646945669,-5.995,4.59819307587));
#9085 = CARTESIAN_POINT('',(-3.242208438642,-6.005,4.58467622296));
#9086 = CARTESIAN_POINT('',(-3.242208438642,-5.995,4.58467622296));
#9087 = ADVANCED_FACE('',(#9088),#9106,.F.);
#9088 = FACE_BOUND('',#9089,.T.);
#9089 = EDGE_LOOP('',(#9090,#9091,#9099,#9105));
#9090 = ORIENTED_EDGE('',*,*,#976,.T.);
#9091 = ORIENTED_EDGE('',*,*,#9092,.F.);
#9092 = EDGE_CURVE('',#9093,#968,#9095,.T.);
#9093 = VERTEX_POINT('',#9094);
#9094 = CARTESIAN_POINT('',(-3.242208438642,-6.005,4.630425571276));
#9095 = LINE('',#9096,#9097);
#9096 = CARTESIAN_POINT('',(-3.242208438642,-6.005,4.630425571276));
#9097 = VECTOR('',#9098,1.);
#9098 = DIRECTION('',(-0.,1.,-0.));
#9099 = ORIENTED_EDGE('',*,*,#9100,.F.);
#9100 = EDGE_CURVE('',#9064,#9093,#9101,.T.);
#9101 = LINE('',#9102,#9103);
#9102 = CARTESIAN_POINT('',(-3.242208438642,-6.005,4.630425571276));
#9103 = VECTOR('',#9104,1.);
#9104 = DIRECTION('',(-0.,-0.,1.));
#9105 = ORIENTED_EDGE('',*,*,#9072,.T.);
#9106 = PLANE('',#9107);
#9107 = AXIS2_PLACEMENT_3D('',#9108,#9109,#9110);
#9108 = CARTESIAN_POINT('',(-3.242208438642,-6.005,4.630425571276));
#9109 = DIRECTION('',(-1.,0.,-0.));
#9110 = DIRECTION('',(0.,0.,1.));
#9111 = ADVANCED_FACE('',(#9112),#9131,.F.);
#9112 = FACE_BOUND('',#9113,.F.);
#9113 = EDGE_LOOP('',(#9114,#9115,#9124,#9130));
#9114 = ORIENTED_EDGE('',*,*,#9092,.F.);
#9115 = ORIENTED_EDGE('',*,*,#9116,.T.);
#9116 = EDGE_CURVE('',#9093,#9117,#9119,.T.);
#9117 = VERTEX_POINT('',#9118);
#9118 = CARTESIAN_POINT('',(-3.322529737678,-6.005,4.644289010161));
#9119 = B_SPLINE_CURVE_WITH_KNOTS('',3,(#9120,#9121,#9122,#9123),
  .UNSPECIFIED.,.F.,.F.,(4,4),(5.,6.),.PIECEWISE_BEZIER_KNOTS.);
#9120 = CARTESIAN_POINT('',(-3.242208438642,-6.005,4.630425571276));
#9121 = CARTESIAN_POINT('',(-3.263350182941,-6.005,4.639610099538));
#9122 = CARTESIAN_POINT('',(-3.290123949287,-6.005,4.644289010161));
#9123 = CARTESIAN_POINT('',(-3.322529737678,-6.005,4.644289010161));
#9124 = ORIENTED_EDGE('',*,*,#9125,.T.);
#9125 = EDGE_CURVE('',#9117,#959,#9126,.T.);
#9126 = LINE('',#9127,#9128);
#9127 = CARTESIAN_POINT('',(-3.322529737678,-6.005,4.644289010161));
#9128 = VECTOR('',#9129,1.);
#9129 = DIRECTION('',(-0.,1.,-0.));
#9130 = ORIENTED_EDGE('',*,*,#967,.F.);
#9131 = B_SPLINE_SURFACE_WITH_KNOTS('',3,1,(
    (#9132,#9133)
    ,(#9134,#9135)
    ,(#9136,#9137)
    ,(#9138,#9139
    )),.UNSPECIFIED.,.F.,.F.,.F.,(4,4),(2,2),(5.,6.),(0.,1.),
  .PIECEWISE_BEZIER_KNOTS.);
#9132 = CARTESIAN_POINT('',(-3.242208438642,-6.005,4.630425571276));
#9133 = CARTESIAN_POINT('',(-3.242208438642,-5.995,4.630425571276));
#9134 = CARTESIAN_POINT('',(-3.263350182941,-6.005,4.639610099538));
#9135 = CARTESIAN_POINT('',(-3.263350182941,-5.995,4.639610099538));
#9136 = CARTESIAN_POINT('',(-3.290123949287,-6.005,4.644289010161));
#9137 = CARTESIAN_POINT('',(-3.290123949287,-5.995,4.644289010161));
#9138 = CARTESIAN_POINT('',(-3.322529737678,-6.005,4.644289010161));
#9139 = CARTESIAN_POINT('',(-3.322529737678,-5.995,4.644289010161));
#9140 = ADVANCED_FACE('',(#9141),#9160,.F.);
#9141 = FACE_BOUND('',#9142,.F.);
#9142 = EDGE_LOOP('',(#9143,#9144,#9153,#9159));
#9143 = ORIENTED_EDGE('',*,*,#9125,.F.);
#9144 = ORIENTED_EDGE('',*,*,#9145,.T.);
#9145 = EDGE_CURVE('',#9117,#9146,#9148,.T.);
#9146 = VERTEX_POINT('',#9147);
#9147 = CARTESIAN_POINT('',(-3.447040748158,-6.005,4.594380630177));
#9148 = B_SPLINE_CURVE_WITH_KNOTS('',3,(#9149,#9150,#9151,#9152),
  .UNSPECIFIED.,.F.,.F.,(4,4),(4.,5.),.PIECEWISE_BEZIER_KNOTS.);
#9149 = CARTESIAN_POINT('',(-3.322529737678,-6.005,4.644289010161));
#9150 = CARTESIAN_POINT('',(-3.372871350126,-6.005,4.644289010161));
#9151 = CARTESIAN_POINT('',(-3.414375020286,-6.005,4.6276528835));
#9152 = CARTESIAN_POINT('',(-3.447040748158,-6.005,4.594380630177));
#9153 = ORIENTED_EDGE('',*,*,#9154,.T.);
#9154 = EDGE_CURVE('',#9146,#950,#9155,.T.);
#9155 = LINE('',#9156,#9157);
#9156 = CARTESIAN_POINT('',(-3.447040748158,-6.005,4.594380630177));
#9157 = VECTOR('',#9158,1.);
#9158 = DIRECTION('',(-0.,1.,-0.));
#9159 = ORIENTED_EDGE('',*,*,#958,.F.);
#9160 = B_SPLINE_SURFACE_WITH_KNOTS('',3,1,(
    (#9161,#9162)
    ,(#9163,#9164)
    ,(#9165,#9166)
    ,(#9167,#9168
    )),.UNSPECIFIED.,.F.,.F.,.F.,(4,4),(2,2),(4.,5.),(0.,1.),
  .PIECEWISE_BEZIER_KNOTS.);
#9161 = CARTESIAN_POINT('',(-3.322529737678,-6.005,4.644289010161));
#9162 = CARTESIAN_POINT('',(-3.322529737678,-5.995,4.644289010161));
#9163 = CARTESIAN_POINT('',(-3.372871350126,-6.005,4.644289010161));
#9164 = CARTESIAN_POINT('',(-3.372871350126,-5.995,4.644289010161));
#9165 = CARTESIAN_POINT('',(-3.414375020286,-6.005,4.6276528835));
#9166 = CARTESIAN_POINT('',(-3.414375020286,-5.995,4.6276528835));
#9167 = CARTESIAN_POINT('',(-3.447040748158,-6.005,4.594380630177));
#9168 = CARTESIAN_POINT('',(-3.447040748158,-5.995,4.594380630177));
#9169 = ADVANCED_FACE('',(#9170),#9189,.F.);
#9170 = FACE_BOUND('',#9171,.F.);
#9171 = EDGE_LOOP('',(#9172,#9173,#9182,#9188));
#9172 = ORIENTED_EDGE('',*,*,#9154,.F.);
#9173 = ORIENTED_EDGE('',*,*,#9174,.T.);
#9174 = EDGE_CURVE('',#9146,#9175,#9177,.T.);
#9175 = VERTEX_POINT('',#9176);
#9176 = CARTESIAN_POINT('',(-3.495996016717,-6.005,4.462677960776));
#9177 = B_SPLINE_CURVE_WITH_KNOTS('',3,(#9178,#9179,#9180,#9181),
  .UNSPECIFIED.,.F.,.F.,(4,4),(3.,4.),.PIECEWISE_BEZIER_KNOTS.);
#9178 = CARTESIAN_POINT('',(-3.447040748158,-6.005,4.594380630177));
#9179 = CARTESIAN_POINT('',(-3.479706476028,-6.005,4.561108376856));
#9180 = CARTESIAN_POINT('',(-3.495996016717,-6.005,4.517265251383));
#9181 = CARTESIAN_POINT('',(-3.495996016717,-6.005,4.462677960776));
#9182 = ORIENTED_EDGE('',*,*,#9183,.T.);
#9183 = EDGE_CURVE('',#9175,#941,#9184,.T.);
#9184 = LINE('',#9185,#9186);
#9185 = CARTESIAN_POINT('',(-3.495996016717,-6.005,4.462677960776));
#9186 = VECTOR('',#9187,1.);
#9187 = DIRECTION('',(-0.,1.,-0.));
#9188 = ORIENTED_EDGE('',*,*,#949,.F.);
#9189 = B_SPLINE_SURFACE_WITH_KNOTS('',3,1,(
    (#9190,#9191)
    ,(#9192,#9193)
    ,(#9194,#9195)
    ,(#9196,#9197
    )),.UNSPECIFIED.,.F.,.F.,.F.,(4,4),(2,2),(3.,4.),(0.,1.),
  .PIECEWISE_BEZIER_KNOTS.);
#9190 = CARTESIAN_POINT('',(-3.447040748158,-6.005,4.594380630177));
#9191 = CARTESIAN_POINT('',(-3.447040748158,-5.995,4.594380630177));
#9192 = CARTESIAN_POINT('',(-3.479706476028,-6.005,4.561108376856));
#9193 = CARTESIAN_POINT('',(-3.479706476028,-5.995,4.561108376856));
#9194 = CARTESIAN_POINT('',(-3.495996016717,-6.005,4.517265251383));
#9195 = CARTESIAN_POINT('',(-3.495996016717,-5.995,4.517265251383));
#9196 = CARTESIAN_POINT('',(-3.495996016717,-6.005,4.462677960776));
#9197 = CARTESIAN_POINT('',(-3.495996016717,-5.995,4.462677960776));
#9198 = ADVANCED_FACE('',(#9199),#9218,.F.);
#9199 = FACE_BOUND('',#9200,.F.);
#9200 = EDGE_LOOP('',(#9201,#9202,#9211,#9217));
#9201 = ORIENTED_EDGE('',*,*,#9183,.F.);
#9202 = ORIENTED_EDGE('',*,*,#9203,.T.);
#9203 = EDGE_CURVE('',#9175,#9204,#9206,.T.);
#9204 = VERTEX_POINT('',#9205);
#9205 = CARTESIAN_POINT('',(-3.452499477218,-6.005,4.340159819638));
#9206 = B_SPLINE_CURVE_WITH_KNOTS('',3,(#9207,#9208,#9209,#9210),
  .UNSPECIFIED.,.F.,.F.,(4,4),(2.,3.),.PIECEWISE_BEZIER_KNOTS.);
#9207 = CARTESIAN_POINT('',(-3.495996016717,-6.005,4.462677960776));
#9208 = CARTESIAN_POINT('',(-3.495996016717,-6.005,4.411903115863));
#9209 = CARTESIAN_POINT('',(-3.481526052382,-6.005,4.371005971155));
#9210 = CARTESIAN_POINT('',(-3.452499477218,-6.005,4.340159819638));
#9211 = ORIENTED_EDGE('',*,*,#9212,.T.);
#9212 = EDGE_CURVE('',#9204,#932,#9213,.T.);
#9213 = LINE('',#9214,#9215);
#9214 = CARTESIAN_POINT('',(-3.452499477218,-6.005,4.340159819638));
#9215 = VECTOR('',#9216,1.);
#9216 = DIRECTION('',(-0.,1.,-0.));
#9217 = ORIENTED_EDGE('',*,*,#940,.F.);
#9218 = B_SPLINE_SURFACE_WITH_KNOTS('',3,1,(
    (#9219,#9220)
    ,(#9221,#9222)
    ,(#9223,#9224)
    ,(#9225,#9226
    )),.UNSPECIFIED.,.F.,.F.,.F.,(4,4),(2,2),(2.,3.),(0.,1.),
  .PIECEWISE_BEZIER_KNOTS.);
#9219 = CARTESIAN_POINT('',(-3.495996016717,-6.005,4.462677960776));
#9220 = CARTESIAN_POINT('',(-3.495996016717,-5.995,4.462677960776));
#9221 = CARTESIAN_POINT('',(-3.495996016717,-6.005,4.411903115863));
#9222 = CARTESIAN_POINT('',(-3.495996016717,-5.995,4.411903115863));
#9223 = CARTESIAN_POINT('',(-3.481526052382,-6.005,4.371005971155));
#9224 = CARTESIAN_POINT('',(-3.481526052382,-5.995,4.371005971155));
#9225 = CARTESIAN_POINT('',(-3.452499477218,-6.005,4.340159819638));
#9226 = CARTESIAN_POINT('',(-3.452499477218,-5.995,4.340159819638));
#9227 = ADVANCED_FACE('',(#9228),#9240,.F.);
#9228 = FACE_BOUND('',#9229,.F.);
#9229 = EDGE_LOOP('',(#9230,#9231,#9238,#9239));
#9230 = ORIENTED_EDGE('',*,*,#9212,.F.);
#9231 = ORIENTED_EDGE('',*,*,#9232,.T.);
#9232 = EDGE_CURVE('',#9204,#8858,#9233,.T.);
#9233 = B_SPLINE_CURVE_WITH_KNOTS('',3,(#9234,#9235,#9236,#9237),
  .UNSPECIFIED.,.F.,.F.,(4,4),(1.,2.),.PIECEWISE_BEZIER_KNOTS.);
#9234 = CARTESIAN_POINT('',(-3.452499477218,-6.005,4.340159819638));
#9235 = CARTESIAN_POINT('',(-3.423472902054,-6.005,4.309313668121));
#9236 = CARTESIAN_POINT('',(-3.384655273178,-6.005,4.293890592362));
#9237 = CARTESIAN_POINT('',(-3.33604659059,-6.005,4.293890592362));
#9238 = ORIENTED_EDGE('',*,*,#8857,.T.);
#9239 = ORIENTED_EDGE('',*,*,#931,.F.);
#9240 = B_SPLINE_SURFACE_WITH_KNOTS('',3,1,(
    (#9241,#9242)
    ,(#9243,#9244)
    ,(#9245,#9246)
    ,(#9247,#9248
    )),.UNSPECIFIED.,.F.,.F.,.F.,(4,4),(2,2),(1.,2.),(0.,1.),
  .PIECEWISE_BEZIER_KNOTS.);
#9241 = CARTESIAN_POINT('',(-3.452499477218,-6.005,4.340159819638));
#9242 = CARTESIAN_POINT('',(-3.452499477218,-5.995,4.340159819638));
#9243 = CARTESIAN_POINT('',(-3.423472902054,-6.005,4.309313668121));
#9244 = CARTESIAN_POINT('',(-3.423472902054,-5.995,4.309313668121));
#9245 = CARTESIAN_POINT('',(-3.384655273178,-6.005,4.293890592362));
#9246 = CARTESIAN_POINT('',(-3.384655273178,-5.995,4.293890592362));
#9247 = CARTESIAN_POINT('',(-3.33604659059,-6.005,4.293890592362));
#9248 = CARTESIAN_POINT('',(-3.33604659059,-5.995,4.293890592362));
#9249 = ADVANCED_FACE('',(#9250),#9266,.T.);
#9250 = FACE_BOUND('',#9251,.T.);
#9251 = EDGE_LOOP('',(#9252,#9253,#9254,#9255,#9256,#9257,#9258,#9259,
    #9260,#9261,#9262,#9263,#9264,#9265));
#9252 = ORIENTED_EDGE('',*,*,#8865,.T.);
#9253 = ORIENTED_EDGE('',*,*,#8902,.T.);
#9254 = ORIENTED_EDGE('',*,*,#8918,.T.);
#9255 = ORIENTED_EDGE('',*,*,#8947,.T.);
#9256 = ORIENTED_EDGE('',*,*,#8976,.T.);
#9257 = ORIENTED_EDGE('',*,*,#9005,.T.);
#9258 = ORIENTED_EDGE('',*,*,#9034,.T.);
#9259 = ORIENTED_EDGE('',*,*,#9063,.T.);
#9260 = ORIENTED_EDGE('',*,*,#9100,.T.);
#9261 = ORIENTED_EDGE('',*,*,#9116,.T.);
#9262 = ORIENTED_EDGE('',*,*,#9145,.T.);
#9263 = ORIENTED_EDGE('',*,*,#9174,.T.);
#9264 = ORIENTED_EDGE('',*,*,#9203,.T.);
#9265 = ORIENTED_EDGE('',*,*,#9232,.T.);
#9266 = PLANE('',#9267);
#9267 = AXIS2_PLACEMENT_3D('',#9268,#9269,#9270);
#9268 = CARTESIAN_POINT('',(-3.284383619123,-6.005,4.298829442464));
#9269 = DIRECTION('',(0.,-1.,0.));
#9270 = DIRECTION('',(0.,-0.,-1.));
#9271 = ADVANCED_FACE('',(#9272),#9297,.F.);
#9272 = FACE_BOUND('',#9273,.T.);
#9273 = EDGE_LOOP('',(#9274,#9275,#9283,#9291));
#9274 = ORIENTED_EDGE('',*,*,#1162,.T.);
#9275 = ORIENTED_EDGE('',*,*,#9276,.F.);
#9276 = EDGE_CURVE('',#9277,#1165,#9279,.T.);
#9277 = VERTEX_POINT('',#9278);
#9278 = CARTESIAN_POINT('',(-2.992060013276,-6.005,4.338253596791));
#9279 = LINE('',#9280,#9281);
#9280 = CARTESIAN_POINT('',(-2.992060013276,-6.005,4.338253596791));
#9281 = VECTOR('',#9282,1.);
#9282 = DIRECTION('',(-0.,1.,-0.));
#9283 = ORIENTED_EDGE('',*,*,#9284,.F.);
#9284 = EDGE_CURVE('',#9285,#9277,#9287,.T.);
#9285 = VERTEX_POINT('',#9286);
#9286 = CARTESIAN_POINT('',(-2.992060013276,-6.005,4.299609260902));
#9287 = LINE('',#9288,#9289);
#9288 = CARTESIAN_POINT('',(-2.992060013276,-6.005,4.338253596791));
#9289 = VECTOR('',#9290,1.);
#9290 = DIRECTION('',(-0.,-0.,1.));
#9291 = ORIENTED_EDGE('',*,*,#9292,.T.);
#9292 = EDGE_CURVE('',#9285,#1163,#9293,.T.);
#9293 = LINE('',#9294,#9295);
#9294 = CARTESIAN_POINT('',(-2.992060013276,-6.005,4.299609260902));
#9295 = VECTOR('',#9296,1.);
#9296 = DIRECTION('',(-0.,1.,-0.));
#9297 = PLANE('',#9298);
#9298 = AXIS2_PLACEMENT_3D('',#9299,#9300,#9301);
#9299 = CARTESIAN_POINT('',(-2.992060013276,-6.005,4.338253596791));
#9300 = DIRECTION('',(-1.,0.,-0.));
#9301 = DIRECTION('',(0.,0.,1.));
#9302 = ADVANCED_FACE('',(#9303),#9321,.F.);
#9303 = FACE_BOUND('',#9304,.T.);
#9304 = EDGE_LOOP('',(#9305,#9306,#9314,#9320));
#9305 = ORIENTED_EDGE('',*,*,#1252,.T.);
#9306 = ORIENTED_EDGE('',*,*,#9307,.F.);
#9307 = EDGE_CURVE('',#9308,#1245,#9310,.T.);
#9308 = VERTEX_POINT('',#9309);
#9309 = CARTESIAN_POINT('',(-3.130607755624,-6.005,4.338253596791));
#9310 = LINE('',#9311,#9312);
#9311 = CARTESIAN_POINT('',(-3.130607755624,-6.005,4.338253596791));
#9312 = VECTOR('',#9313,1.);
#9313 = DIRECTION('',(-0.,1.,-0.));
#9314 = ORIENTED_EDGE('',*,*,#9315,.F.);
#9315 = EDGE_CURVE('',#9277,#9308,#9316,.T.);
#9316 = LINE('',#9317,#9318);
#9317 = CARTESIAN_POINT('',(-3.130607755624,-6.005,4.338253596791));
#9318 = VECTOR('',#9319,1.);
#9319 = DIRECTION('',(-1.,-0.,-0.));
#9320 = ORIENTED_EDGE('',*,*,#9276,.T.);
#9321 = PLANE('',#9322);
#9322 = AXIS2_PLACEMENT_3D('',#9323,#9324,#9325);
#9323 = CARTESIAN_POINT('',(-3.130607755624,-6.005,4.338253596791));
#9324 = DIRECTION('',(0.,0.,-1.));
#9325 = DIRECTION('',(-1.,0.,-0.));
#9326 = ADVANCED_FACE('',(#9327),#9345,.F.);
#9327 = FACE_BOUND('',#9328,.T.);
#9328 = EDGE_LOOP('',(#9329,#9330,#9338,#9344));
#9329 = ORIENTED_EDGE('',*,*,#1244,.T.);
#9330 = ORIENTED_EDGE('',*,*,#9331,.F.);
#9331 = EDGE_CURVE('',#9332,#1237,#9334,.T.);
#9332 = VERTEX_POINT('',#9333);
#9333 = CARTESIAN_POINT('',(-3.130607755624,-6.005,4.452280381614));
#9334 = LINE('',#9335,#9336);
#9335 = CARTESIAN_POINT('',(-3.130607755624,-6.005,4.452280381614));
#9336 = VECTOR('',#9337,1.);
#9337 = DIRECTION('',(-0.,1.,-0.));
#9338 = ORIENTED_EDGE('',*,*,#9339,.F.);
#9339 = EDGE_CURVE('',#9308,#9332,#9340,.T.);
#9340 = LINE('',#9341,#9342);
#9341 = CARTESIAN_POINT('',(-3.130607755624,-6.005,4.452280381614));
#9342 = VECTOR('',#9343,1.);
#9343 = DIRECTION('',(-0.,-0.,1.));
#9344 = ORIENTED_EDGE('',*,*,#9307,.T.);
#9345 = PLANE('',#9346);
#9346 = AXIS2_PLACEMENT_3D('',#9347,#9348,#9349);
#9347 = CARTESIAN_POINT('',(-3.130607755624,-6.005,4.452280381614));
#9348 = DIRECTION('',(-1.,0.,-0.));
#9349 = DIRECTION('',(0.,0.,1.));
#9350 = ADVANCED_FACE('',(#9351),#9369,.F.);
#9351 = FACE_BOUND('',#9352,.T.);
#9352 = EDGE_LOOP('',(#9353,#9354,#9362,#9368));
#9353 = ORIENTED_EDGE('',*,*,#1236,.T.);
#9354 = ORIENTED_EDGE('',*,*,#9355,.F.);
#9355 = EDGE_CURVE('',#9356,#1229,#9358,.T.);
#9356 = VERTEX_POINT('',#9357);
#9357 = CARTESIAN_POINT('',(-3.009389311881,-6.005,4.452280381614));
#9358 = LINE('',#9359,#9360);
#9359 = CARTESIAN_POINT('',(-3.009389311881,-6.005,4.452280381614));
#9360 = VECTOR('',#9361,1.);
#9361 = DIRECTION('',(-0.,1.,-0.));
#9362 = ORIENTED_EDGE('',*,*,#9363,.F.);
#9363 = EDGE_CURVE('',#9332,#9356,#9364,.T.);
#9364 = LINE('',#9365,#9366);
#9365 = CARTESIAN_POINT('',(-3.009389311881,-6.005,4.452280381614));
#9366 = VECTOR('',#9367,1.);
#9367 = DIRECTION('',(1.,-0.,-0.));
#9368 = ORIENTED_EDGE('',*,*,#9331,.T.);
#9369 = PLANE('',#9370);
#9370 = AXIS2_PLACEMENT_3D('',#9371,#9372,#9373);
#9371 = CARTESIAN_POINT('',(-3.009389311881,-6.005,4.452280381614));
#9372 = DIRECTION('',(0.,0.,1.));
#9373 = DIRECTION('',(1.,0.,-0.));
#9374 = ADVANCED_FACE('',(#9375),#9393,.F.);
#9375 = FACE_BOUND('',#9376,.T.);
#9376 = EDGE_LOOP('',(#9377,#9378,#9386,#9392));
#9377 = ORIENTED_EDGE('',*,*,#1228,.T.);
#9378 = ORIENTED_EDGE('',*,*,#9379,.F.);
#9379 = EDGE_CURVE('',#9380,#1221,#9382,.T.);
#9380 = VERTEX_POINT('',#9381);
#9381 = CARTESIAN_POINT('',(-3.009389311881,-6.005,4.491098010489));
#9382 = LINE('',#9383,#9384);
#9383 = CARTESIAN_POINT('',(-3.009389311881,-6.005,4.491098010489));
#9384 = VECTOR('',#9385,1.);
#9385 = DIRECTION('',(-0.,1.,-0.));
#9386 = ORIENTED_EDGE('',*,*,#9387,.F.);
#9387 = EDGE_CURVE('',#9356,#9380,#9388,.T.);
#9388 = LINE('',#9389,#9390);
#9389 = CARTESIAN_POINT('',(-3.009389311881,-6.005,4.491098010489));
#9390 = VECTOR('',#9391,1.);
#9391 = DIRECTION('',(-0.,-0.,1.));
#9392 = ORIENTED_EDGE('',*,*,#9355,.T.);
#9393 = PLANE('',#9394);
#9394 = AXIS2_PLACEMENT_3D('',#9395,#9396,#9397);
#9395 = CARTESIAN_POINT('',(-3.009389311881,-6.005,4.491098010489));
#9396 = DIRECTION('',(-1.,0.,-0.));
#9397 = DIRECTION('',(0.,0.,1.));
#9398 = ADVANCED_FACE('',(#9399),#9417,.F.);
#9399 = FACE_BOUND('',#9400,.T.);
#9400 = EDGE_LOOP('',(#9401,#9402,#9410,#9416));
#9401 = ORIENTED_EDGE('',*,*,#1220,.T.);
#9402 = ORIENTED_EDGE('',*,*,#9403,.F.);
#9403 = EDGE_CURVE('',#9404,#1213,#9406,.T.);
#9404 = VERTEX_POINT('',#9405);
#9405 = CARTESIAN_POINT('',(-3.130607755624,-6.005,4.491098010489));
#9406 = LINE('',#9407,#9408);
#9407 = CARTESIAN_POINT('',(-3.130607755624,-6.005,4.491098010489));
#9408 = VECTOR('',#9409,1.);
#9409 = DIRECTION('',(-0.,1.,-0.));
#9410 = ORIENTED_EDGE('',*,*,#9411,.F.);
#9411 = EDGE_CURVE('',#9380,#9404,#9412,.T.);
#9412 = LINE('',#9413,#9414);
#9413 = CARTESIAN_POINT('',(-3.130607755624,-6.005,4.491098010489));
#9414 = VECTOR('',#9415,1.);
#9415 = DIRECTION('',(-1.,-0.,-0.));
#9416 = ORIENTED_EDGE('',*,*,#9379,.T.);
#9417 = PLANE('',#9418);
#9418 = AXIS2_PLACEMENT_3D('',#9419,#9420,#9421);
#9419 = CARTESIAN_POINT('',(-3.130607755624,-6.005,4.491098010489));
#9420 = DIRECTION('',(0.,0.,-1.));
#9421 = DIRECTION('',(-1.,0.,-0.));
#9422 = ADVANCED_FACE('',(#9423),#9441,.F.);
#9423 = FACE_BOUND('',#9424,.T.);
#9424 = EDGE_LOOP('',(#9425,#9426,#9434,#9440));
#9425 = ORIENTED_EDGE('',*,*,#1212,.T.);
#9426 = ORIENTED_EDGE('',*,*,#9427,.F.);
#9427 = EDGE_CURVE('',#9428,#1205,#9430,.T.);
#9428 = VERTEX_POINT('',#9429);
#9429 = CARTESIAN_POINT('',(-3.130607755624,-6.005,4.599579419759));
#9430 = LINE('',#9431,#9432);
#9431 = CARTESIAN_POINT('',(-3.130607755624,-6.005,4.599579419759));
#9432 = VECTOR('',#9433,1.);
#9433 = DIRECTION('',(-0.,1.,-0.));
#9434 = ORIENTED_EDGE('',*,*,#9435,.F.);
#9435 = EDGE_CURVE('',#9404,#9428,#9436,.T.);
#9436 = LINE('',#9437,#9438);
#9437 = CARTESIAN_POINT('',(-3.130607755624,-6.005,4.599579419759));
#9438 = VECTOR('',#9439,1.);
#9439 = DIRECTION('',(-0.,-0.,1.));
#9440 = ORIENTED_EDGE('',*,*,#9403,.T.);
#9441 = PLANE('',#9442);
#9442 = AXIS2_PLACEMENT_3D('',#9443,#9444,#9445);
#9443 = CARTESIAN_POINT('',(-3.130607755624,-6.005,4.599579419759));
#9444 = DIRECTION('',(-1.,0.,-0.));
#9445 = DIRECTION('',(0.,0.,1.));
#9446 = ADVANCED_FACE('',(#9447),#9465,.F.);
#9447 = FACE_BOUND('',#9448,.T.);
#9448 = EDGE_LOOP('',(#9449,#9450,#9458,#9464));
#9449 = ORIENTED_EDGE('',*,*,#1204,.T.);
#9450 = ORIENTED_EDGE('',*,*,#9451,.F.);
#9451 = EDGE_CURVE('',#9452,#1197,#9454,.T.);
#9452 = VERTEX_POINT('',#9453);
#9453 = CARTESIAN_POINT('',(-2.999771551154,-6.005,4.599579419759));
#9454 = LINE('',#9455,#9456);
#9455 = CARTESIAN_POINT('',(-2.999771551154,-6.005,4.599579419759));
#9456 = VECTOR('',#9457,1.);
#9457 = DIRECTION('',(-0.,1.,-0.));
#9458 = ORIENTED_EDGE('',*,*,#9459,.F.);
#9459 = EDGE_CURVE('',#9428,#9452,#9460,.T.);
#9460 = LINE('',#9461,#9462);
#9461 = CARTESIAN_POINT('',(-2.999771551154,-6.005,4.599579419759));
#9462 = VECTOR('',#9463,1.);
#9463 = DIRECTION('',(1.,-0.,-0.));
#9464 = ORIENTED_EDGE('',*,*,#9427,.T.);
#9465 = PLANE('',#9466);
#9466 = AXIS2_PLACEMENT_3D('',#9467,#9468,#9469);
#9467 = CARTESIAN_POINT('',(-2.999771551154,-6.005,4.599579419759));
#9468 = DIRECTION('',(0.,0.,1.));
#9469 = DIRECTION('',(1.,0.,-0.));
#9470 = ADVANCED_FACE('',(#9471),#9489,.F.);
#9471 = FACE_BOUND('',#9472,.T.);
#9472 = EDGE_LOOP('',(#9473,#9474,#9482,#9488));
#9473 = ORIENTED_EDGE('',*,*,#1196,.T.);
#9474 = ORIENTED_EDGE('',*,*,#9475,.F.);
#9475 = EDGE_CURVE('',#9476,#1189,#9478,.T.);
#9476 = VERTEX_POINT('',#9477);
#9477 = CARTESIAN_POINT('',(-2.999771551154,-6.005,4.638570341621));
#9478 = LINE('',#9479,#9480);
#9479 = CARTESIAN_POINT('',(-2.999771551154,-6.005,4.638570341621));
#9480 = VECTOR('',#9481,1.);
#9481 = DIRECTION('',(-0.,1.,-0.));
#9482 = ORIENTED_EDGE('',*,*,#9483,.F.);
#9483 = EDGE_CURVE('',#9452,#9476,#9484,.T.);
#9484 = LINE('',#9485,#9486);
#9485 = CARTESIAN_POINT('',(-2.999771551154,-6.005,4.638570341621));
#9486 = VECTOR('',#9487,1.);
#9487 = DIRECTION('',(-0.,-0.,1.));
#9488 = ORIENTED_EDGE('',*,*,#9451,.T.);
#9489 = PLANE('',#9490);
#9490 = AXIS2_PLACEMENT_3D('',#9491,#9492,#9493);
#9491 = CARTESIAN_POINT('',(-2.999771551154,-6.005,4.638570341621));
#9492 = DIRECTION('',(-1.,0.,-0.));
#9493 = DIRECTION('',(0.,0.,1.));
#9494 = ADVANCED_FACE('',(#9495),#9513,.F.);
#9495 = FACE_BOUND('',#9496,.T.);
#9496 = EDGE_LOOP('',(#9497,#9498,#9506,#9512));
#9497 = ORIENTED_EDGE('',*,*,#1188,.T.);
#9498 = ORIENTED_EDGE('',*,*,#9499,.F.);
#9499 = EDGE_CURVE('',#9500,#1181,#9502,.T.);
#9500 = VERTEX_POINT('',#9501);
#9501 = CARTESIAN_POINT('',(-3.174364234602,-6.005,4.638570341621));
#9502 = LINE('',#9503,#9504);
#9503 = CARTESIAN_POINT('',(-3.174364234602,-6.005,4.638570341621));
#9504 = VECTOR('',#9505,1.);
#9505 = DIRECTION('',(-0.,1.,-0.));
#9506 = ORIENTED_EDGE('',*,*,#9507,.F.);
#9507 = EDGE_CURVE('',#9476,#9500,#9508,.T.);
#9508 = LINE('',#9509,#9510);
#9509 = CARTESIAN_POINT('',(-3.174364234602,-6.005,4.638570341621));
#9510 = VECTOR('',#9511,1.);
#9511 = DIRECTION('',(-1.,-0.,-0.));
#9512 = ORIENTED_EDGE('',*,*,#9475,.T.);
#9513 = PLANE('',#9514);
#9514 = AXIS2_PLACEMENT_3D('',#9515,#9516,#9517);
#9515 = CARTESIAN_POINT('',(-3.174364234602,-6.005,4.638570341621));
#9516 = DIRECTION('',(0.,0.,-1.));
#9517 = DIRECTION('',(-1.,0.,-0.));
#9518 = ADVANCED_FACE('',(#9519),#9537,.F.);
#9519 = FACE_BOUND('',#9520,.T.);
#9520 = EDGE_LOOP('',(#9521,#9522,#9530,#9536));
#9521 = ORIENTED_EDGE('',*,*,#1180,.T.);
#9522 = ORIENTED_EDGE('',*,*,#9523,.F.);
#9523 = EDGE_CURVE('',#9524,#1173,#9526,.T.);
#9524 = VERTEX_POINT('',#9525);
#9525 = CARTESIAN_POINT('',(-3.174364234602,-6.005,4.299609260902));
#9526 = LINE('',#9527,#9528);
#9527 = CARTESIAN_POINT('',(-3.174364234602,-6.005,4.299609260902));
#9528 = VECTOR('',#9529,1.);
#9529 = DIRECTION('',(-0.,1.,-0.));
#9530 = ORIENTED_EDGE('',*,*,#9531,.F.);
#9531 = EDGE_CURVE('',#9500,#9524,#9532,.T.);
#9532 = LINE('',#9533,#9534);
#9533 = CARTESIAN_POINT('',(-3.174364234602,-6.005,4.299609260902));
#9534 = VECTOR('',#9535,1.);
#9535 = DIRECTION('',(-0.,-0.,-1.));
#9536 = ORIENTED_EDGE('',*,*,#9499,.T.);
#9537 = PLANE('',#9538);
#9538 = AXIS2_PLACEMENT_3D('',#9539,#9540,#9541);
#9539 = CARTESIAN_POINT('',(-3.174364234602,-6.005,4.299609260902));
#9540 = DIRECTION('',(1.,0.,-0.));
#9541 = DIRECTION('',(-0.,0.,-1.));
#9542 = ADVANCED_FACE('',(#9543),#9554,.F.);
#9543 = FACE_BOUND('',#9544,.T.);
#9544 = EDGE_LOOP('',(#9545,#9546,#9547,#9553));
#9545 = ORIENTED_EDGE('',*,*,#1172,.T.);
#9546 = ORIENTED_EDGE('',*,*,#9292,.F.);
#9547 = ORIENTED_EDGE('',*,*,#9548,.F.);
#9548 = EDGE_CURVE('',#9524,#9285,#9549,.T.);
#9549 = LINE('',#9550,#9551);
#9550 = CARTESIAN_POINT('',(-2.992060013276,-6.005,4.299609260902));
#9551 = VECTOR('',#9552,1.);
#9552 = DIRECTION('',(1.,-0.,-0.));
#9553 = ORIENTED_EDGE('',*,*,#9523,.T.);
#9554 = PLANE('',#9555);
#9555 = AXIS2_PLACEMENT_3D('',#9556,#9557,#9558);
#9556 = CARTESIAN_POINT('',(-2.992060013276,-6.005,4.299609260902));
#9557 = DIRECTION('',(0.,0.,1.));
#9558 = DIRECTION('',(1.,0.,-0.));
#9559 = ADVANCED_FACE('',(#9560),#9574,.F.);
#9560 = FACE_BOUND('',#9561,.T.);
#9561 = EDGE_LOOP('',(#9562,#9563,#9564,#9565,#9566,#9567,#9568,#9569,
    #9570,#9571,#9572,#9573));
#9562 = ORIENTED_EDGE('',*,*,#9284,.T.);
#9563 = ORIENTED_EDGE('',*,*,#9315,.T.);
#9564 = ORIENTED_EDGE('',*,*,#9339,.T.);
#9565 = ORIENTED_EDGE('',*,*,#9363,.T.);
#9566 = ORIENTED_EDGE('',*,*,#9387,.T.);
#9567 = ORIENTED_EDGE('',*,*,#9411,.T.);
#9568 = ORIENTED_EDGE('',*,*,#9435,.T.);
#9569 = ORIENTED_EDGE('',*,*,#9459,.T.);
#9570 = ORIENTED_EDGE('',*,*,#9483,.T.);
#9571 = ORIENTED_EDGE('',*,*,#9507,.T.);
#9572 = ORIENTED_EDGE('',*,*,#9531,.T.);
#9573 = ORIENTED_EDGE('',*,*,#9548,.T.);
#9574 = PLANE('',#9575);
#9575 = AXIS2_PLACEMENT_3D('',#9576,#9577,#9578);
#9576 = CARTESIAN_POINT('',(-6.25,-6.005,2.5));
#9577 = DIRECTION('',(0.,1.,0.));
#9578 = DIRECTION('',(0.,-0.,1.));
#9579 = ADVANCED_FACE('',(#9580,#9642),#9704,.T.);
#9580 = FACE_BOUND('',#9581,.T.);
#9581 = EDGE_LOOP('',(#9582,#9592,#9601,#9610,#9619,#9628,#9636));
#9582 = ORIENTED_EDGE('',*,*,#9583,.T.);
#9583 = EDGE_CURVE('',#9584,#9586,#9588,.T.);
#9584 = VERTEX_POINT('',#9585);
#9585 = CARTESIAN_POINT('',(-2.928028254928,-6.005,4.299609260902));
#9586 = VERTEX_POINT('',#9587);
#9587 = CARTESIAN_POINT('',(-2.834796628432,-6.005,4.299609260902));
#9588 = LINE('',#9589,#9590);
#9589 = CARTESIAN_POINT('',(-2.834796628432,-6.005,4.299609260902));
#9590 = VECTOR('',#9591,1.);
#9591 = DIRECTION('',(1.,-0.,-0.));
#9592 = ORIENTED_EDGE('',*,*,#9593,.T.);
#9593 = EDGE_CURVE('',#9586,#9594,#9596,.T.);
#9594 = VERTEX_POINT('',#9595);
#9595 = CARTESIAN_POINT('',(-2.703180605524,-6.005,4.347091539079));
#9596 = B_SPLINE_CURVE_WITH_KNOTS('',3,(#9597,#9598,#9599,#9600),
  .UNSPECIFIED.,.F.,.F.,(4,4),(5.,6.),.PIECEWISE_BEZIER_KNOTS.);
#9597 = CARTESIAN_POINT('',(-2.834796628432,-6.005,4.299609260902));
#9598 = CARTESIAN_POINT('',(-2.781162449249,-6.005,4.299609260902));
#9599 = CARTESIAN_POINT('',(-2.737232677284,-6.005,4.315378922633));
#9600 = CARTESIAN_POINT('',(-2.703180605524,-6.005,4.347091539079));
#9601 = ORIENTED_EDGE('',*,*,#9602,.T.);
#9602 = EDGE_CURVE('',#9594,#9603,#9605,.T.);
#9603 = VERTEX_POINT('',#9604);
#9604 = CARTESIAN_POINT('',(-2.652059174639,-6.005,4.473422125913));
#9605 = B_SPLINE_CURVE_WITH_KNOTS('',3,(#9606,#9607,#9608,#9609),
  .UNSPECIFIED.,.F.,.F.,(4,4),(4.,5.),.PIECEWISE_BEZIER_KNOTS.);
#9606 = CARTESIAN_POINT('',(-2.703180605524,-6.005,4.347091539079));
#9607 = CARTESIAN_POINT('',(-2.669128533765,-6.005,4.378804155528));
#9608 = CARTESIAN_POINT('',(-2.652059174639,-6.005,4.420914351139));
#9609 = CARTESIAN_POINT('',(-2.652059174639,-6.005,4.473422125913));
#9610 = ORIENTED_EDGE('',*,*,#9611,.T.);
#9611 = EDGE_CURVE('',#9603,#9612,#9614,.T.);
#9612 = VERTEX_POINT('',#9613);
#9613 = CARTESIAN_POINT('',(-2.703180605524,-6.005,4.593687458233));
#9614 = B_SPLINE_CURVE_WITH_KNOTS('',3,(#9615,#9616,#9617,#9618),
  .UNSPECIFIED.,.F.,.F.,(4,4),(3.,4.),.PIECEWISE_BEZIER_KNOTS.);
#9615 = CARTESIAN_POINT('',(-2.652059174639,-6.005,4.473422125913));
#9616 = CARTESIAN_POINT('',(-2.652059174639,-6.005,4.523677091867));
#9617 = CARTESIAN_POINT('',(-2.669128533765,-6.005,4.563707771646));
#9618 = CARTESIAN_POINT('',(-2.703180605524,-6.005,4.593687458233));
#9619 = ORIENTED_EDGE('',*,*,#9620,.T.);
#9620 = EDGE_CURVE('',#9612,#9621,#9623,.T.);
#9621 = VERTEX_POINT('',#9622);
#9622 = CARTESIAN_POINT('',(-2.83133076871,-6.005,4.638570341621));
#9623 = B_SPLINE_CURVE_WITH_KNOTS('',3,(#9624,#9625,#9626,#9627),
  .UNSPECIFIED.,.F.,.F.,(4,4),(2.,3.),.PIECEWISE_BEZIER_KNOTS.);
#9624 = CARTESIAN_POINT('',(-2.703180605524,-6.005,4.593687458233));
#9625 = CARTESIAN_POINT('',(-2.737232677284,-6.005,4.623667144821));
#9626 = CARTESIAN_POINT('',(-2.779949398346,-6.005,4.638570341621));
#9627 = CARTESIAN_POINT('',(-2.83133076871,-6.005,4.638570341621));
#9628 = ORIENTED_EDGE('',*,*,#9629,.T.);
#9629 = EDGE_CURVE('',#9621,#9630,#9632,.T.);
#9630 = VERTEX_POINT('',#9631);
#9631 = CARTESIAN_POINT('',(-2.928028254928,-6.005,4.638570341621));
#9632 = LINE('',#9633,#9634);
#9633 = CARTESIAN_POINT('',(-2.928028254928,-6.005,4.638570341621));
#9634 = VECTOR('',#9635,1.);
#9635 = DIRECTION('',(-1.,-0.,-0.));
#9636 = ORIENTED_EDGE('',*,*,#9637,.T.);
#9637 = EDGE_CURVE('',#9630,#9584,#9638,.T.);
#9638 = LINE('',#9639,#9640);
#9639 = CARTESIAN_POINT('',(-2.928028254928,-6.005,4.299609260902));
#9640 = VECTOR('',#9641,1.);
#9641 = DIRECTION('',(-0.,-0.,-1.));
#9642 = FACE_BOUND('',#9643,.T.);
#9643 = EDGE_LOOP('',(#9644,#9654,#9662,#9671,#9680,#9689,#9698));
#9644 = ORIENTED_EDGE('',*,*,#9645,.F.);
#9645 = EDGE_CURVE('',#9646,#9648,#9650,.T.);
#9646 = VERTEX_POINT('',#9647);
#9647 = CARTESIAN_POINT('',(-2.884271775949,-6.005,4.599579419759));
#9648 = VERTEX_POINT('',#9649);
#9649 = CARTESIAN_POINT('',(-2.884271775949,-6.005,4.338253596791));
#9650 = LINE('',#9651,#9652);
#9651 = CARTESIAN_POINT('',(-2.884271775949,-6.005,4.599579419759));
#9652 = VECTOR('',#9653,1.);
#9653 = DIRECTION('',(0.,0.,-1.));
#9654 = ORIENTED_EDGE('',*,*,#9655,.F.);
#9655 = EDGE_CURVE('',#9656,#9646,#9658,.T.);
#9656 = VERTEX_POINT('',#9657);
#9657 = CARTESIAN_POINT('',(-2.833063698573,-6.005,4.599579419759));
#9658 = LINE('',#9659,#9660);
#9659 = CARTESIAN_POINT('',(-2.833063698573,-6.005,4.599579419759));
#9660 = VECTOR('',#9661,1.);
#9661 = DIRECTION('',(-1.,0.,0.));
#9662 = ORIENTED_EDGE('',*,*,#9663,.F.);
#9663 = EDGE_CURVE('',#9664,#9656,#9666,.T.);
#9664 = VERTEX_POINT('',#9665);
#9665 = CARTESIAN_POINT('',(-2.735239807945,-6.005,4.567693510325));
#9666 = B_SPLINE_CURVE_WITH_KNOTS('',3,(#9667,#9668,#9669,#9670),
  .UNSPECIFIED.,.F.,.F.,(4,4),(5.,6.),.PIECEWISE_BEZIER_KNOTS.);
#9667 = CARTESIAN_POINT('',(-2.735239807945,-6.005,4.567693510325));
#9668 = CARTESIAN_POINT('',(-2.760020704952,-6.005,4.589008547611));
#9669 = CARTESIAN_POINT('',(-2.792686432823,-6.005,4.599579419759));
#9670 = CARTESIAN_POINT('',(-2.833063698573,-6.005,4.599579419759));
#9671 = ORIENTED_EDGE('',*,*,#9672,.F.);
#9672 = EDGE_CURVE('',#9673,#9664,#9675,.T.);
#9673 = VERTEX_POINT('',#9674);
#9674 = CARTESIAN_POINT('',(-2.698068462435,-6.005,4.47220907501));
#9675 = B_SPLINE_CURVE_WITH_KNOTS('',3,(#9676,#9677,#9678,#9679),
  .UNSPECIFIED.,.F.,.F.,(4,4),(4.,5.),.PIECEWISE_BEZIER_KNOTS.);
#9676 = CARTESIAN_POINT('',(-2.698068462435,-6.005,4.47220907501));
#9677 = CARTESIAN_POINT('',(-2.698068462435,-6.005,4.514492563607));
#9678 = CARTESIAN_POINT('',(-2.71045891094,-6.005,4.546378473042));
#9679 = CARTESIAN_POINT('',(-2.735239807945,-6.005,4.567693510325));
#9680 = ORIENTED_EDGE('',*,*,#9681,.F.);
#9681 = EDGE_CURVE('',#9682,#9673,#9684,.T.);
#9682 = VERTEX_POINT('',#9683);
#9683 = CARTESIAN_POINT('',(-2.73428669652,-6.005,4.373605365945));
#9684 = B_SPLINE_CURVE_WITH_KNOTS('',3,(#9685,#9686,#9687,#9688),
  .UNSPECIFIED.,.F.,.F.,(4,4),(3.,4.),.PIECEWISE_BEZIER_KNOTS.);
#9685 = CARTESIAN_POINT('',(-2.73428669652,-6.005,4.373605365945));
#9686 = CARTESIAN_POINT('',(-2.710112324966,-6.005,4.396999919063));
#9687 = CARTESIAN_POINT('',(-2.698068462435,-6.005,4.429925586413));
#9688 = CARTESIAN_POINT('',(-2.698068462435,-6.005,4.47220907501));
#9689 = ORIENTED_EDGE('',*,*,#9690,.F.);
#9690 = EDGE_CURVE('',#9691,#9682,#9693,.T.);
#9691 = VERTEX_POINT('',#9692);
#9692 = CARTESIAN_POINT('',(-2.835056567911,-6.005,4.338253596791));
#9693 = B_SPLINE_CURVE_WITH_KNOTS('',3,(#9694,#9695,#9696,#9697),
  .UNSPECIFIED.,.F.,.F.,(4,4),(2.,3.),.PIECEWISE_BEZIER_KNOTS.);
#9694 = CARTESIAN_POINT('',(-2.835056567911,-6.005,4.338253596791));
#9695 = CARTESIAN_POINT('',(-2.791993260877,-6.005,4.338253596791));
#9696 = CARTESIAN_POINT('',(-2.758374421582,-6.005,4.350037519843));
#9697 = CARTESIAN_POINT('',(-2.73428669652,-6.005,4.373605365945));
#9698 = ORIENTED_EDGE('',*,*,#9699,.F.);
#9699 = EDGE_CURVE('',#9648,#9691,#9700,.T.);
#9700 = LINE('',#9701,#9702);
#9701 = CARTESIAN_POINT('',(-2.884271775949,-6.005,4.338253596791));
#9702 = VECTOR('',#9703,1.);
#9703 = DIRECTION('',(1.,0.,0.));
#9704 = PLANE('',#9705);
#9705 = AXIS2_PLACEMENT_3D('',#9706,#9707,#9708);
#9706 = CARTESIAN_POINT('',(-2.760757200141,-6.005,4.627371282397));
#9707 = DIRECTION('',(0.,-1.,0.));
#9708 = DIRECTION('',(0.,-0.,-1.));
#9709 = ADVANCED_FACE('',(#9710),#9726,.F.);
#9710 = FACE_BOUND('',#9711,.T.);
#9711 = EDGE_LOOP('',(#9712,#9713,#9719,#9720));
#9712 = ORIENTED_EDGE('',*,*,#1260,.T.);
#9713 = ORIENTED_EDGE('',*,*,#9714,.F.);
#9714 = EDGE_CURVE('',#9586,#1263,#9715,.T.);
#9715 = LINE('',#9716,#9717);
#9716 = CARTESIAN_POINT('',(-2.834796628432,-6.005,4.299609260902));
#9717 = VECTOR('',#9718,1.);
#9718 = DIRECTION('',(-0.,1.,-0.));
#9719 = ORIENTED_EDGE('',*,*,#9583,.F.);
#9720 = ORIENTED_EDGE('',*,*,#9721,.T.);
#9721 = EDGE_CURVE('',#9584,#1261,#9722,.T.);
#9722 = LINE('',#9723,#9724);
#9723 = CARTESIAN_POINT('',(-2.928028254928,-6.005,4.299609260902));
#9724 = VECTOR('',#9725,1.);
#9725 = DIRECTION('',(-0.,1.,-0.));
#9726 = PLANE('',#9727);
#9727 = AXIS2_PLACEMENT_3D('',#9728,#9729,#9730);
#9728 = CARTESIAN_POINT('',(-2.834796628432,-6.005,4.299609260902));
#9729 = DIRECTION('',(0.,0.,1.));
#9730 = DIRECTION('',(1.,0.,-0.));
#9731 = ADVANCED_FACE('',(#9732),#9743,.F.);
#9732 = FACE_BOUND('',#9733,.F.);
#9733 = EDGE_LOOP('',(#9734,#9735,#9736,#9742));
#9734 = ORIENTED_EDGE('',*,*,#9714,.F.);
#9735 = ORIENTED_EDGE('',*,*,#9593,.T.);
#9736 = ORIENTED_EDGE('',*,*,#9737,.T.);
#9737 = EDGE_CURVE('',#9594,#1305,#9738,.T.);
#9738 = LINE('',#9739,#9740);
#9739 = CARTESIAN_POINT('',(-2.703180605524,-6.005,4.347091539079));
#9740 = VECTOR('',#9741,1.);
#9741 = DIRECTION('',(-0.,1.,-0.));
#9742 = ORIENTED_EDGE('',*,*,#1313,.F.);
#9743 = B_SPLINE_SURFACE_WITH_KNOTS('',3,1,(
    (#9744,#9745)
    ,(#9746,#9747)
    ,(#9748,#9749)
    ,(#9750,#9751
    )),.UNSPECIFIED.,.F.,.F.,.F.,(4,4),(2,2),(5.,6.),(0.,1.),
  .PIECEWISE_BEZIER_KNOTS.);
#9744 = CARTESIAN_POINT('',(-2.834796628432,-6.005,4.299609260902));
#9745 = CARTESIAN_POINT('',(-2.834796628432,-5.995,4.299609260902));
#9746 = CARTESIAN_POINT('',(-2.781162449249,-6.005,4.299609260902));
#9747 = CARTESIAN_POINT('',(-2.781162449249,-5.995,4.299609260902));
#9748 = CARTESIAN_POINT('',(-2.737232677284,-6.005,4.315378922633));
#9749 = CARTESIAN_POINT('',(-2.737232677284,-5.995,4.315378922633));
#9750 = CARTESIAN_POINT('',(-2.703180605524,-6.005,4.347091539079));
#9751 = CARTESIAN_POINT('',(-2.703180605524,-5.995,4.347091539079));
#9752 = ADVANCED_FACE('',(#9753),#9764,.F.);
#9753 = FACE_BOUND('',#9754,.F.);
#9754 = EDGE_LOOP('',(#9755,#9756,#9757,#9763));
#9755 = ORIENTED_EDGE('',*,*,#9737,.F.);
#9756 = ORIENTED_EDGE('',*,*,#9602,.T.);
#9757 = ORIENTED_EDGE('',*,*,#9758,.T.);
#9758 = EDGE_CURVE('',#9603,#1296,#9759,.T.);
#9759 = LINE('',#9760,#9761);
#9760 = CARTESIAN_POINT('',(-2.652059174639,-6.005,4.473422125913));
#9761 = VECTOR('',#9762,1.);
#9762 = DIRECTION('',(-0.,1.,-0.));
#9763 = ORIENTED_EDGE('',*,*,#1304,.F.);
#9764 = B_SPLINE_SURFACE_WITH_KNOTS('',3,1,(
    (#9765,#9766)
    ,(#9767,#9768)
    ,(#9769,#9770)
    ,(#9771,#9772
    )),.UNSPECIFIED.,.F.,.F.,.F.,(4,4),(2,2),(4.,5.),(0.,1.),
  .PIECEWISE_BEZIER_KNOTS.);
#9765 = CARTESIAN_POINT('',(-2.703180605524,-6.005,4.347091539079));
#9766 = CARTESIAN_POINT('',(-2.703180605524,-5.995,4.347091539079));
#9767 = CARTESIAN_POINT('',(-2.669128533765,-6.005,4.378804155528));
#9768 = CARTESIAN_POINT('',(-2.669128533765,-5.995,4.378804155528));
#9769 = CARTESIAN_POINT('',(-2.652059174639,-6.005,4.420914351139));
#9770 = CARTESIAN_POINT('',(-2.652059174639,-5.995,4.420914351139));
#9771 = CARTESIAN_POINT('',(-2.652059174639,-6.005,4.473422125913));
#9772 = CARTESIAN_POINT('',(-2.652059174639,-5.995,4.473422125913));
#9773 = ADVANCED_FACE('',(#9774),#9785,.F.);
#9774 = FACE_BOUND('',#9775,.F.);
#9775 = EDGE_LOOP('',(#9776,#9777,#9778,#9784));
#9776 = ORIENTED_EDGE('',*,*,#9758,.F.);
#9777 = ORIENTED_EDGE('',*,*,#9611,.T.);
#9778 = ORIENTED_EDGE('',*,*,#9779,.T.);
#9779 = EDGE_CURVE('',#9612,#1287,#9780,.T.);
#9780 = LINE('',#9781,#9782);
#9781 = CARTESIAN_POINT('',(-2.703180605524,-6.005,4.593687458233));
#9782 = VECTOR('',#9783,1.);
#9783 = DIRECTION('',(-0.,1.,-0.));
#9784 = ORIENTED_EDGE('',*,*,#1295,.F.);
#9785 = B_SPLINE_SURFACE_WITH_KNOTS('',3,1,(
    (#9786,#9787)
    ,(#9788,#9789)
    ,(#9790,#9791)
    ,(#9792,#9793
    )),.UNSPECIFIED.,.F.,.F.,.F.,(4,4),(2,2),(3.,4.),(0.,1.),
  .PIECEWISE_BEZIER_KNOTS.);
#9786 = CARTESIAN_POINT('',(-2.652059174639,-6.005,4.473422125913));
#9787 = CARTESIAN_POINT('',(-2.652059174639,-5.995,4.473422125913));
#9788 = CARTESIAN_POINT('',(-2.652059174639,-6.005,4.523677091867));
#9789 = CARTESIAN_POINT('',(-2.652059174639,-5.995,4.523677091867));
#9790 = CARTESIAN_POINT('',(-2.669128533765,-6.005,4.563707771646));
#9791 = CARTESIAN_POINT('',(-2.669128533765,-5.995,4.563707771646));
#9792 = CARTESIAN_POINT('',(-2.703180605524,-6.005,4.593687458233));
#9793 = CARTESIAN_POINT('',(-2.703180605524,-5.995,4.593687458233));
#9794 = ADVANCED_FACE('',(#9795),#9806,.F.);
#9795 = FACE_BOUND('',#9796,.F.);
#9796 = EDGE_LOOP('',(#9797,#9798,#9799,#9805));
#9797 = ORIENTED_EDGE('',*,*,#9779,.F.);
#9798 = ORIENTED_EDGE('',*,*,#9620,.T.);
#9799 = ORIENTED_EDGE('',*,*,#9800,.T.);
#9800 = EDGE_CURVE('',#9621,#1279,#9801,.T.);
#9801 = LINE('',#9802,#9803);
#9802 = CARTESIAN_POINT('',(-2.83133076871,-6.005,4.638570341621));
#9803 = VECTOR('',#9804,1.);
#9804 = DIRECTION('',(-0.,1.,-0.));
#9805 = ORIENTED_EDGE('',*,*,#1286,.F.);
#9806 = B_SPLINE_SURFACE_WITH_KNOTS('',3,1,(
    (#9807,#9808)
    ,(#9809,#9810)
    ,(#9811,#9812)
    ,(#9813,#9814
    )),.UNSPECIFIED.,.F.,.F.,.F.,(4,4),(2,2),(2.,3.),(0.,1.),
  .PIECEWISE_BEZIER_KNOTS.);
#9807 = CARTESIAN_POINT('',(-2.703180605524,-6.005,4.593687458233));
#9808 = CARTESIAN_POINT('',(-2.703180605524,-5.995,4.593687458233));
#9809 = CARTESIAN_POINT('',(-2.737232677284,-6.005,4.623667144821));
#9810 = CARTESIAN_POINT('',(-2.737232677284,-5.995,4.623667144821));
#9811 = CARTESIAN_POINT('',(-2.779949398346,-6.005,4.638570341621));
#9812 = CARTESIAN_POINT('',(-2.779949398346,-5.995,4.638570341621));
#9813 = CARTESIAN_POINT('',(-2.83133076871,-6.005,4.638570341621));
#9814 = CARTESIAN_POINT('',(-2.83133076871,-5.995,4.638570341621));
#9815 = ADVANCED_FACE('',(#9816),#9827,.F.);
#9816 = FACE_BOUND('',#9817,.T.);
#9817 = EDGE_LOOP('',(#9818,#9819,#9825,#9826));
#9818 = ORIENTED_EDGE('',*,*,#1278,.T.);
#9819 = ORIENTED_EDGE('',*,*,#9820,.F.);
#9820 = EDGE_CURVE('',#9630,#1271,#9821,.T.);
#9821 = LINE('',#9822,#9823);
#9822 = CARTESIAN_POINT('',(-2.928028254928,-6.005,4.638570341621));
#9823 = VECTOR('',#9824,1.);
#9824 = DIRECTION('',(-0.,1.,-0.));
#9825 = ORIENTED_EDGE('',*,*,#9629,.F.);
#9826 = ORIENTED_EDGE('',*,*,#9800,.T.);
#9827 = PLANE('',#9828);
#9828 = AXIS2_PLACEMENT_3D('',#9829,#9830,#9831);
#9829 = CARTESIAN_POINT('',(-2.928028254928,-6.005,4.638570341621));
#9830 = DIRECTION('',(0.,0.,-1.));
#9831 = DIRECTION('',(-1.,0.,-0.));
#9832 = ADVANCED_FACE('',(#9833),#9839,.F.);
#9833 = FACE_BOUND('',#9834,.T.);
#9834 = EDGE_LOOP('',(#9835,#9836,#9837,#9838));
#9835 = ORIENTED_EDGE('',*,*,#1270,.T.);
#9836 = ORIENTED_EDGE('',*,*,#9721,.F.);
#9837 = ORIENTED_EDGE('',*,*,#9637,.F.);
#9838 = ORIENTED_EDGE('',*,*,#9820,.T.);
#9839 = PLANE('',#9840);
#9840 = AXIS2_PLACEMENT_3D('',#9841,#9842,#9843);
#9841 = CARTESIAN_POINT('',(-2.928028254928,-6.005,4.299609260902));
#9842 = DIRECTION('',(1.,0.,-0.));
#9843 = DIRECTION('',(-0.,0.,-1.));
#9844 = ADVANCED_FACE('',(#9845),#9870,.T.);
#9845 = FACE_BOUND('',#9846,.T.);
#9846 = EDGE_LOOP('',(#9847,#9857,#9863,#9864));
#9847 = ORIENTED_EDGE('',*,*,#9848,.F.);
#9848 = EDGE_CURVE('',#9849,#9851,#9853,.T.);
#9849 = VERTEX_POINT('',#9850);
#9850 = CARTESIAN_POINT('',(-2.833063698573,-5.995,4.599579419759));
#9851 = VERTEX_POINT('',#9852);
#9852 = CARTESIAN_POINT('',(-2.884271775949,-5.995,4.599579419759));
#9853 = LINE('',#9854,#9855);
#9854 = CARTESIAN_POINT('',(-2.833063698573,-5.995,4.599579419759));
#9855 = VECTOR('',#9856,1.);
#9856 = DIRECTION('',(-1.,0.,0.));
#9857 = ORIENTED_EDGE('',*,*,#9858,.F.);
#9858 = EDGE_CURVE('',#9656,#9849,#9859,.T.);
#9859 = LINE('',#9860,#9861);
#9860 = CARTESIAN_POINT('',(-2.833063698573,-6.005,4.599579419759));
#9861 = VECTOR('',#9862,1.);
#9862 = DIRECTION('',(-0.,1.,-0.));
#9863 = ORIENTED_EDGE('',*,*,#9655,.T.);
#9864 = ORIENTED_EDGE('',*,*,#9865,.T.);
#9865 = EDGE_CURVE('',#9646,#9851,#9866,.T.);
#9866 = LINE('',#9867,#9868);
#9867 = CARTESIAN_POINT('',(-2.884271775949,-6.005,4.599579419759));
#9868 = VECTOR('',#9869,1.);
#9869 = DIRECTION('',(-0.,1.,-0.));
#9870 = PLANE('',#9871);
#9871 = AXIS2_PLACEMENT_3D('',#9872,#9873,#9874);
#9872 = CARTESIAN_POINT('',(-2.833063698573,-6.005,4.599579419759));
#9873 = DIRECTION('',(-0.,0.,-1.));
#9874 = DIRECTION('',(-1.,0.,0.));
#9875 = ADVANCED_FACE('',(#9876),#9894,.T.);
#9876 = FACE_BOUND('',#9877,.T.);
#9877 = EDGE_LOOP('',(#9878,#9886,#9887,#9888));
#9878 = ORIENTED_EDGE('',*,*,#9879,.F.);
#9879 = EDGE_CURVE('',#9851,#9880,#9882,.T.);
#9880 = VERTEX_POINT('',#9881);
#9881 = CARTESIAN_POINT('',(-2.884271775949,-5.995,4.338253596791));
#9882 = LINE('',#9883,#9884);
#9883 = CARTESIAN_POINT('',(-2.884271775949,-5.995,4.599579419759));
#9884 = VECTOR('',#9885,1.);
#9885 = DIRECTION('',(0.,0.,-1.));
#9886 = ORIENTED_EDGE('',*,*,#9865,.F.);
#9887 = ORIENTED_EDGE('',*,*,#9645,.T.);
#9888 = ORIENTED_EDGE('',*,*,#9889,.T.);
#9889 = EDGE_CURVE('',#9648,#9880,#9890,.T.);
#9890 = LINE('',#9891,#9892);
#9891 = CARTESIAN_POINT('',(-2.884271775949,-6.005,4.338253596791));
#9892 = VECTOR('',#9893,1.);
#9893 = DIRECTION('',(-0.,1.,-0.));
#9894 = PLANE('',#9895);
#9895 = AXIS2_PLACEMENT_3D('',#9896,#9897,#9898);
#9896 = CARTESIAN_POINT('',(-2.884271775949,-6.005,4.599579419759));
#9897 = DIRECTION('',(1.,0.,0.));
#9898 = DIRECTION('',(0.,0.,-1.));
#9899 = ADVANCED_FACE('',(#9900),#9918,.T.);
#9900 = FACE_BOUND('',#9901,.T.);
#9901 = EDGE_LOOP('',(#9902,#9910,#9911,#9912));
#9902 = ORIENTED_EDGE('',*,*,#9903,.F.);
#9903 = EDGE_CURVE('',#9880,#9904,#9906,.T.);
#9904 = VERTEX_POINT('',#9905);
#9905 = CARTESIAN_POINT('',(-2.835056567911,-5.995,4.338253596791));
#9906 = LINE('',#9907,#9908);
#9907 = CARTESIAN_POINT('',(-2.884271775949,-5.995,4.338253596791));
#9908 = VECTOR('',#9909,1.);
#9909 = DIRECTION('',(1.,0.,0.));
#9910 = ORIENTED_EDGE('',*,*,#9889,.F.);
#9911 = ORIENTED_EDGE('',*,*,#9699,.T.);
#9912 = ORIENTED_EDGE('',*,*,#9913,.T.);
#9913 = EDGE_CURVE('',#9691,#9904,#9914,.T.);
#9914 = LINE('',#9915,#9916);
#9915 = CARTESIAN_POINT('',(-2.835056567911,-6.005,4.338253596791));
#9916 = VECTOR('',#9917,1.);
#9917 = DIRECTION('',(-0.,1.,-0.));
#9918 = PLANE('',#9919);
#9919 = AXIS2_PLACEMENT_3D('',#9920,#9921,#9922);
#9920 = CARTESIAN_POINT('',(-2.884271775949,-6.005,4.338253596791));
#9921 = DIRECTION('',(-0.,0.,1.));
#9922 = DIRECTION('',(1.,0.,0.));
#9923 = ADVANCED_FACE('',(#9924),#9943,.T.);
#9924 = FACE_BOUND('',#9925,.T.);
#9925 = EDGE_LOOP('',(#9926,#9935,#9936,#9937));
#9926 = ORIENTED_EDGE('',*,*,#9927,.F.);
#9927 = EDGE_CURVE('',#9904,#9928,#9930,.T.);
#9928 = VERTEX_POINT('',#9929);
#9929 = CARTESIAN_POINT('',(-2.73428669652,-5.995,4.373605365945));
#9930 = B_SPLINE_CURVE_WITH_KNOTS('',3,(#9931,#9932,#9933,#9934),
  .UNSPECIFIED.,.F.,.F.,(4,4),(2.,3.),.PIECEWISE_BEZIER_KNOTS.);
#9931 = CARTESIAN_POINT('',(-2.835056567911,-5.995,4.338253596791));
#9932 = CARTESIAN_POINT('',(-2.791993260877,-5.995,4.338253596791));
#9933 = CARTESIAN_POINT('',(-2.758374421582,-5.995,4.350037519843));
#9934 = CARTESIAN_POINT('',(-2.73428669652,-5.995,4.373605365945));
#9935 = ORIENTED_EDGE('',*,*,#9913,.F.);
#9936 = ORIENTED_EDGE('',*,*,#9690,.T.);
#9937 = ORIENTED_EDGE('',*,*,#9938,.T.);
#9938 = EDGE_CURVE('',#9682,#9928,#9939,.T.);
#9939 = LINE('',#9940,#9941);
#9940 = CARTESIAN_POINT('',(-2.73428669652,-6.005,4.373605365945));
#9941 = VECTOR('',#9942,1.);
#9942 = DIRECTION('',(-0.,1.,-0.));
#9943 = B_SPLINE_SURFACE_WITH_KNOTS('',3,1,(
    (#9944,#9945)
    ,(#9946,#9947)
    ,(#9948,#9949)
    ,(#9950,#9951
    )),.UNSPECIFIED.,.F.,.F.,.F.,(4,4),(2,2),(2.,3.),(0.,1.),
  .PIECEWISE_BEZIER_KNOTS.);
#9944 = CARTESIAN_POINT('',(-2.835056567911,-6.005,4.338253596791));
#9945 = CARTESIAN_POINT('',(-2.835056567911,-5.995,4.338253596791));
#9946 = CARTESIAN_POINT('',(-2.791993260877,-6.005,4.338253596791));
#9947 = CARTESIAN_POINT('',(-2.791993260877,-5.995,4.338253596791));
#9948 = CARTESIAN_POINT('',(-2.758374421582,-6.005,4.350037519843));
#9949 = CARTESIAN_POINT('',(-2.758374421582,-5.995,4.350037519843));
#9950 = CARTESIAN_POINT('',(-2.73428669652,-6.005,4.373605365945));
#9951 = CARTESIAN_POINT('',(-2.73428669652,-5.995,4.373605365945));
#9952 = ADVANCED_FACE('',(#9953),#9972,.T.);
#9953 = FACE_BOUND('',#9954,.T.);
#9954 = EDGE_LOOP('',(#9955,#9964,#9965,#9966));
#9955 = ORIENTED_EDGE('',*,*,#9956,.F.);
#9956 = EDGE_CURVE('',#9928,#9957,#9959,.T.);
#9957 = VERTEX_POINT('',#9958);
#9958 = CARTESIAN_POINT('',(-2.698068462435,-5.995,4.47220907501));
#9959 = B_SPLINE_CURVE_WITH_KNOTS('',3,(#9960,#9961,#9962,#9963),
  .UNSPECIFIED.,.F.,.F.,(4,4),(3.,4.),.PIECEWISE_BEZIER_KNOTS.);
#9960 = CARTESIAN_POINT('',(-2.73428669652,-5.995,4.373605365945));
#9961 = CARTESIAN_POINT('',(-2.710112324966,-5.995,4.396999919063));
#9962 = CARTESIAN_POINT('',(-2.698068462435,-5.995,4.429925586413));
#9963 = CARTESIAN_POINT('',(-2.698068462435,-5.995,4.47220907501));
#9964 = ORIENTED_EDGE('',*,*,#9938,.F.);
#9965 = ORIENTED_EDGE('',*,*,#9681,.T.);
#9966 = ORIENTED_EDGE('',*,*,#9967,.T.);
#9967 = EDGE_CURVE('',#9673,#9957,#9968,.T.);
#9968 = LINE('',#9969,#9970);
#9969 = CARTESIAN_POINT('',(-2.698068462435,-6.005,4.47220907501));
#9970 = VECTOR('',#9971,1.);
#9971 = DIRECTION('',(-0.,1.,-0.));
#9972 = B_SPLINE_SURFACE_WITH_KNOTS('',3,1,(
    (#9973,#9974)
    ,(#9975,#9976)
    ,(#9977,#9978)
    ,(#9979,#9980
    )),.UNSPECIFIED.,.F.,.F.,.F.,(4,4),(2,2),(3.,4.),(0.,1.),
  .PIECEWISE_BEZIER_KNOTS.);
#9973 = CARTESIAN_POINT('',(-2.73428669652,-6.005,4.373605365945));
#9974 = CARTESIAN_POINT('',(-2.73428669652,-5.995,4.373605365945));
#9975 = CARTESIAN_POINT('',(-2.710112324966,-6.005,4.396999919063));
#9976 = CARTESIAN_POINT('',(-2.710112324966,-5.995,4.396999919063));
#9977 = CARTESIAN_POINT('',(-2.698068462435,-6.005,4.429925586413));
#9978 = CARTESIAN_POINT('',(-2.698068462435,-5.995,4.429925586413));
#9979 = CARTESIAN_POINT('',(-2.698068462435,-6.005,4.47220907501));
#9980 = CARTESIAN_POINT('',(-2.698068462435,-5.995,4.47220907501));
#9981 = ADVANCED_FACE('',(#9982),#10001,.T.);
#9982 = FACE_BOUND('',#9983,.T.);
#9983 = EDGE_LOOP('',(#9984,#9993,#9994,#9995));
#9984 = ORIENTED_EDGE('',*,*,#9985,.F.);
#9985 = EDGE_CURVE('',#9957,#9986,#9988,.T.);
#9986 = VERTEX_POINT('',#9987);
#9987 = CARTESIAN_POINT('',(-2.735239807945,-5.995,4.567693510325));
#9988 = B_SPLINE_CURVE_WITH_KNOTS('',3,(#9989,#9990,#9991,#9992),
  .UNSPECIFIED.,.F.,.F.,(4,4),(4.,5.),.PIECEWISE_BEZIER_KNOTS.);
#9989 = CARTESIAN_POINT('',(-2.698068462435,-5.995,4.47220907501));
#9990 = CARTESIAN_POINT('',(-2.698068462435,-5.995,4.514492563607));
#9991 = CARTESIAN_POINT('',(-2.71045891094,-5.995,4.546378473042));
#9992 = CARTESIAN_POINT('',(-2.735239807945,-5.995,4.567693510325));
#9993 = ORIENTED_EDGE('',*,*,#9967,.F.);
#9994 = ORIENTED_EDGE('',*,*,#9672,.T.);
#9995 = ORIENTED_EDGE('',*,*,#9996,.T.);
#9996 = EDGE_CURVE('',#9664,#9986,#9997,.T.);
#9997 = LINE('',#9998,#9999);
#9998 = CARTESIAN_POINT('',(-2.735239807945,-6.005,4.567693510325));
#9999 = VECTOR('',#10000,1.);
#10000 = DIRECTION('',(-0.,1.,-0.));
#10001 = B_SPLINE_SURFACE_WITH_KNOTS('',3,1,(
    (#10002,#10003)
    ,(#10004,#10005)
    ,(#10006,#10007)
    ,(#10008,#10009
    )),.UNSPECIFIED.,.F.,.F.,.F.,(4,4),(2,2),(4.,5.),(0.,1.),
  .PIECEWISE_BEZIER_KNOTS.);
#10002 = CARTESIAN_POINT('',(-2.698068462435,-6.005,4.47220907501));
#10003 = CARTESIAN_POINT('',(-2.698068462435,-5.995,4.47220907501));
#10004 = CARTESIAN_POINT('',(-2.698068462435,-6.005,4.514492563607));
#10005 = CARTESIAN_POINT('',(-2.698068462435,-5.995,4.514492563607));
#10006 = CARTESIAN_POINT('',(-2.71045891094,-6.005,4.546378473042));
#10007 = CARTESIAN_POINT('',(-2.71045891094,-5.995,4.546378473042));
#10008 = CARTESIAN_POINT('',(-2.735239807945,-6.005,4.567693510325));
#10009 = CARTESIAN_POINT('',(-2.735239807945,-5.995,4.567693510325));
#10010 = ADVANCED_FACE('',(#10011),#10023,.T.);
#10011 = FACE_BOUND('',#10012,.T.);
#10012 = EDGE_LOOP('',(#10013,#10020,#10021,#10022));
#10013 = ORIENTED_EDGE('',*,*,#10014,.F.);
#10014 = EDGE_CURVE('',#9986,#9849,#10015,.T.);
#10015 = B_SPLINE_CURVE_WITH_KNOTS('',3,(#10016,#10017,#10018,#10019),
  .UNSPECIFIED.,.F.,.F.,(4,4),(5.,6.),.PIECEWISE_BEZIER_KNOTS.);
#10016 = CARTESIAN_POINT('',(-2.735239807945,-5.995,4.567693510325));
#10017 = CARTESIAN_POINT('',(-2.760020704952,-5.995,4.589008547611));
#10018 = CARTESIAN_POINT('',(-2.792686432823,-5.995,4.599579419759));
#10019 = CARTESIAN_POINT('',(-2.833063698573,-5.995,4.599579419759));
#10020 = ORIENTED_EDGE('',*,*,#9996,.F.);
#10021 = ORIENTED_EDGE('',*,*,#9663,.T.);
#10022 = ORIENTED_EDGE('',*,*,#9858,.T.);
#10023 = B_SPLINE_SURFACE_WITH_KNOTS('',3,1,(
    (#10024,#10025)
    ,(#10026,#10027)
    ,(#10028,#10029)
    ,(#10030,#10031
    )),.UNSPECIFIED.,.F.,.F.,.F.,(4,4),(2,2),(5.,6.),(0.,1.),
  .PIECEWISE_BEZIER_KNOTS.);
#10024 = CARTESIAN_POINT('',(-2.735239807945,-6.005,4.567693510325));
#10025 = CARTESIAN_POINT('',(-2.735239807945,-5.995,4.567693510325));
#10026 = CARTESIAN_POINT('',(-2.760020704952,-6.005,4.589008547611));
#10027 = CARTESIAN_POINT('',(-2.760020704952,-5.995,4.589008547611));
#10028 = CARTESIAN_POINT('',(-2.792686432823,-6.005,4.599579419759));
#10029 = CARTESIAN_POINT('',(-2.792686432823,-5.995,4.599579419759));
#10030 = CARTESIAN_POINT('',(-2.833063698573,-6.005,4.599579419759));
#10031 = CARTESIAN_POINT('',(-2.833063698573,-5.995,4.599579419759));
#10032 = ADVANCED_FACE('',(#10033),#10042,.F.);
#10033 = FACE_BOUND('',#10034,.T.);
#10034 = EDGE_LOOP('',(#10035,#10036,#10037,#10038,#10039,#10040,#10041)
  );
#10035 = ORIENTED_EDGE('',*,*,#10014,.T.);
#10036 = ORIENTED_EDGE('',*,*,#9848,.T.);
#10037 = ORIENTED_EDGE('',*,*,#9879,.T.);
#10038 = ORIENTED_EDGE('',*,*,#9903,.T.);
#10039 = ORIENTED_EDGE('',*,*,#9927,.T.);
#10040 = ORIENTED_EDGE('',*,*,#9956,.T.);
#10041 = ORIENTED_EDGE('',*,*,#9985,.T.);
#10042 = PLANE('',#10043);
#10043 = AXIS2_PLACEMENT_3D('',#10044,#10045,#10046);
#10044 = CARTESIAN_POINT('',(-5.75,-5.995,5.));
#10045 = DIRECTION('',(0.,1.,0.));
#10046 = DIRECTION('',(0.,-0.,1.));
#10047 = ADVANCED_FACE('',(#10048,#10114),#10166,.F.);
#10048 = FACE_BOUND('',#10049,.T.);
#10049 = EDGE_LOOP('',(#10050,#10060,#10068,#10076,#10084,#10092,#10100,
    #10108));
#10050 = ORIENTED_EDGE('',*,*,#10051,.T.);
#10051 = EDGE_CURVE('',#10052,#10054,#10056,.T.);
#10052 = VERTEX_POINT('',#10053);
#10053 = CARTESIAN_POINT('',(-2.328261230199,-6.005,4.299609260902));
#10054 = VERTEX_POINT('',#10055);
#10055 = CARTESIAN_POINT('',(-2.457364504809,-6.005,4.638570341621));
#10056 = LINE('',#10057,#10058);
#10057 = CARTESIAN_POINT('',(-2.457364504809,-6.005,4.638570341621));
#10058 = VECTOR('',#10059,1.);
#10059 = DIRECTION('',(-0.35593572437,-0.,0.934510438742));
#10060 = ORIENTED_EDGE('',*,*,#10061,.T.);
#10061 = EDGE_CURVE('',#10054,#10062,#10064,.T.);
#10062 = VERTEX_POINT('',#10063);
#10063 = CARTESIAN_POINT('',(-2.504153611043,-6.005,4.638570341621));
#10064 = LINE('',#10065,#10066);
#10065 = CARTESIAN_POINT('',(-2.504153611043,-6.005,4.638570341621));
#10066 = VECTOR('',#10067,1.);
#10067 = DIRECTION('',(-1.,-0.,-0.));
#10068 = ORIENTED_EDGE('',*,*,#10069,.T.);
#10069 = EDGE_CURVE('',#10062,#10070,#10072,.T.);
#10070 = VERTEX_POINT('',#10071);
#10071 = CARTESIAN_POINT('',(-2.633256885651,-6.005,4.299609260902));
#10072 = LINE('',#10073,#10074);
#10073 = CARTESIAN_POINT('',(-2.633256885651,-6.005,4.299609260902));
#10074 = VECTOR('',#10075,1.);
#10075 = DIRECTION('',(-0.355935724364,-0.,-0.934510438744));
#10076 = ORIENTED_EDGE('',*,*,#10077,.T.);
#10077 = EDGE_CURVE('',#10070,#10078,#10080,.T.);
#10078 = VERTEX_POINT('',#10079);
#10079 = CARTESIAN_POINT('',(-2.584908142544,-6.005,4.299609260902));
#10080 = LINE('',#10081,#10082);
#10081 = CARTESIAN_POINT('',(-2.584908142544,-6.005,4.299609260902));
#10082 = VECTOR('',#10083,1.);
#10083 = DIRECTION('',(1.,-0.,-0.));
#10084 = ORIENTED_EDGE('',*,*,#10085,.T.);
#10085 = EDGE_CURVE('',#10078,#10086,#10088,.T.);
#10086 = VERTEX_POINT('',#10087);
#10087 = CARTESIAN_POINT('',(-2.552329061166,-6.005,4.392321008441));
#10088 = LINE('',#10089,#10090);
#10089 = CARTESIAN_POINT('',(-2.552329061166,-6.005,4.392321008441));
#10090 = VECTOR('',#10091,1.);
#10091 = DIRECTION('',(0.33152841835,-0.,0.943445233082));
#10092 = ORIENTED_EDGE('',*,*,#10093,.T.);
#10093 = EDGE_CURVE('',#10086,#10094,#10096,.T.);
#10094 = VERTEX_POINT('',#10095);
#10095 = CARTESIAN_POINT('',(-2.411181924025,-6.005,4.392321008441));
#10096 = LINE('',#10097,#10098);
#10097 = CARTESIAN_POINT('',(-2.411181924025,-6.005,4.392321008441));
#10098 = VECTOR('',#10099,1.);
#10099 = DIRECTION('',(1.,-0.,-0.));
#10100 = ORIENTED_EDGE('',*,*,#10101,.T.);
#10101 = EDGE_CURVE('',#10094,#10102,#10104,.T.);
#10102 = VERTEX_POINT('',#10103);
#10103 = CARTESIAN_POINT('',(-2.376609973308,-6.005,4.299609260902));
#10104 = LINE('',#10105,#10106);
#10105 = CARTESIAN_POINT('',(-2.376609973308,-6.005,4.299609260902));
#10106 = VECTOR('',#10107,1.);
#10107 = DIRECTION('',(0.349395479469,-0.,-0.936975345954));
#10108 = ORIENTED_EDGE('',*,*,#10109,.T.);
#10109 = EDGE_CURVE('',#10102,#10052,#10110,.T.);
#10110 = LINE('',#10111,#10112);
#10111 = CARTESIAN_POINT('',(-2.328261230199,-6.005,4.299609260902));
#10112 = VECTOR('',#10113,1.);
#10113 = DIRECTION('',(1.,-0.,-0.));
#10114 = FACE_BOUND('',#10115,.T.);
#10115 = EDGE_LOOP('',(#10116,#10126,#10134,#10143,#10151,#10160));
#10116 = ORIENTED_EDGE('',*,*,#10117,.F.);
#10117 = EDGE_CURVE('',#10118,#10120,#10122,.T.);
#10118 = VERTEX_POINT('',#10119);
#10119 = CARTESIAN_POINT('',(-2.538465622282,-6.005,4.430618758359));
#10120 = VERTEX_POINT('',#10121);
#10121 = CARTESIAN_POINT('',(-2.424698776938,-6.005,4.430618758359));
#10122 = LINE('',#10123,#10124);
#10123 = CARTESIAN_POINT('',(-2.538465622282,-6.005,4.430618758359));
#10124 = VECTOR('',#10125,1.);
#10125 = DIRECTION('',(1.,0.,0.));
#10126 = ORIENTED_EDGE('',*,*,#10127,.F.);
#10127 = EDGE_CURVE('',#10128,#10118,#10130,.T.);
#10128 = VERTEX_POINT('',#10129);
#10129 = CARTESIAN_POINT('',(-2.487777423861,-6.005,4.571505956018));
#10130 = LINE('',#10131,#10132);
#10131 = CARTESIAN_POINT('',(-2.487777423861,-6.005,4.571505956018));
#10132 = VECTOR('',#10133,1.);
#10133 = DIRECTION('',(-0.338535034314,0.,-0.940953787676));
#10134 = ORIENTED_EDGE('',*,*,#10135,.F.);
#10135 = EDGE_CURVE('',#10136,#10128,#10138,.T.);
#10136 = VERTEX_POINT('',#10137);
#10137 = CARTESIAN_POINT('',(-2.482232048307,-6.005,4.595247095108));
#10138 = B_SPLINE_CURVE_WITH_KNOTS('',3,(#10139,#10140,#10141,#10142),
  .UNSPECIFIED.,.F.,.F.,(4,4),(3.,4.),.PIECEWISE_BEZIER_KNOTS.);
#10139 = CARTESIAN_POINT('',(-2.482232048307,-6.005,4.595247095108));
#10140 = CARTESIAN_POINT('',(-2.483878331675,-6.005,4.585022808931));
#10141 = CARTESIAN_POINT('',(-2.485697908029,-6.005,4.577051331573));
#10142 = CARTESIAN_POINT('',(-2.487777423861,-6.005,4.571505956018));
#10143 = ORIENTED_EDGE('',*,*,#10144,.F.);
#10144 = EDGE_CURVE('',#10145,#10136,#10147,.T.);
#10145 = VERTEX_POINT('',#10146);
#10146 = CARTESIAN_POINT('',(-2.481192290392,-6.005,4.595247095108));
#10147 = LINE('',#10148,#10149);
#10148 = CARTESIAN_POINT('',(-2.481192290392,-6.005,4.595247095108));
#10149 = VECTOR('',#10150,1.);
#10150 = DIRECTION('',(-1.,0.,0.));
#10151 = ORIENTED_EDGE('',*,*,#10152,.F.);
#10152 = EDGE_CURVE('',#10153,#10145,#10155,.T.);
#10153 = VERTEX_POINT('',#10154);
#10154 = CARTESIAN_POINT('',(-2.475906854316,-6.005,4.571505956018));
#10155 = B_SPLINE_CURVE_WITH_KNOTS('',3,(#10156,#10157,#10158,#10159),
  .UNSPECIFIED.,.F.,.F.,(4,4),(1.,2.),.PIECEWISE_BEZIER_KNOTS.);
#10156 = CARTESIAN_POINT('',(-2.475906854316,-6.005,4.571505956018));
#10157 = CARTESIAN_POINT('',(-2.477553137684,-6.005,4.576184866641));
#10158 = CARTESIAN_POINT('',(-2.479286067545,-6.005,4.583983051014));
#10159 = CARTESIAN_POINT('',(-2.481192290392,-6.005,4.595247095108));
#10160 = ORIENTED_EDGE('',*,*,#10161,.F.);
#10161 = EDGE_CURVE('',#10120,#10153,#10162,.T.);
#10162 = LINE('',#10163,#10164);
#10163 = CARTESIAN_POINT('',(-2.424698776938,-6.005,4.430618758359));
#10164 = VECTOR('',#10165,1.);
#10165 = DIRECTION('',(-0.341603830682,0.,0.939844041777));
#10166 = PLANE('',#10167);
#10167 = AXIS2_PLACEMENT_3D('',#10168,#10169,#10170);
#10168 = CARTESIAN_POINT('',(-6.25,-6.005,2.5));
#10169 = DIRECTION('',(0.,1.,0.));
#10170 = DIRECTION('',(0.,-0.,1.));
#10171 = ADVANCED_FACE('',(#10172),#10188,.F.);
#10172 = FACE_BOUND('',#10173,.T.);
#10173 = EDGE_LOOP('',(#10174,#10175,#10181,#10182));
#10174 = ORIENTED_EDGE('',*,*,#1322,.T.);
#10175 = ORIENTED_EDGE('',*,*,#10176,.F.);
#10176 = EDGE_CURVE('',#10054,#1325,#10177,.T.);
#10177 = LINE('',#10178,#10179);
#10178 = CARTESIAN_POINT('',(-2.457364504809,-6.005,4.638570341621));
#10179 = VECTOR('',#10180,1.);
#10180 = DIRECTION('',(-0.,1.,-0.));
#10181 = ORIENTED_EDGE('',*,*,#10051,.F.);
#10182 = ORIENTED_EDGE('',*,*,#10183,.T.);
#10183 = EDGE_CURVE('',#10052,#1323,#10184,.T.);
#10184 = LINE('',#10185,#10186);
#10185 = CARTESIAN_POINT('',(-2.328261230199,-6.005,4.299609260902));
#10186 = VECTOR('',#10187,1.);
#10187 = DIRECTION('',(-0.,1.,-0.));
#10188 = PLANE('',#10189);
#10189 = AXIS2_PLACEMENT_3D('',#10190,#10191,#10192);
#10190 = CARTESIAN_POINT('',(-2.457364504809,-6.005,4.638570341621));
#10191 = DIRECTION('',(-0.934510438742,0.,-0.35593572437));
#10192 = DIRECTION('',(-0.35593572437,0.,0.934510438742));
#10193 = ADVANCED_FACE('',(#10194),#10205,.F.);
#10194 = FACE_BOUND('',#10195,.T.);
#10195 = EDGE_LOOP('',(#10196,#10197,#10203,#10204));
#10196 = ORIENTED_EDGE('',*,*,#1380,.T.);
#10197 = ORIENTED_EDGE('',*,*,#10198,.F.);
#10198 = EDGE_CURVE('',#10062,#1373,#10199,.T.);
#10199 = LINE('',#10200,#10201);
#10200 = CARTESIAN_POINT('',(-2.504153611043,-6.005,4.638570341621));
#10201 = VECTOR('',#10202,1.);
#10202 = DIRECTION('',(-0.,1.,-0.));
#10203 = ORIENTED_EDGE('',*,*,#10061,.F.);
#10204 = ORIENTED_EDGE('',*,*,#10176,.T.);
#10205 = PLANE('',#10206);
#10206 = AXIS2_PLACEMENT_3D('',#10207,#10208,#10209);
#10207 = CARTESIAN_POINT('',(-2.504153611043,-6.005,4.638570341621));
#10208 = DIRECTION('',(0.,0.,-1.));
#10209 = DIRECTION('',(-1.,0.,-0.));
#10210 = ADVANCED_FACE('',(#10211),#10222,.F.);
#10211 = FACE_BOUND('',#10212,.T.);
#10212 = EDGE_LOOP('',(#10213,#10214,#10220,#10221));
#10213 = ORIENTED_EDGE('',*,*,#1372,.T.);
#10214 = ORIENTED_EDGE('',*,*,#10215,.F.);
#10215 = EDGE_CURVE('',#10070,#1365,#10216,.T.);
#10216 = LINE('',#10217,#10218);
#10217 = CARTESIAN_POINT('',(-2.633256885651,-6.005,4.299609260902));
#10218 = VECTOR('',#10219,1.);
#10219 = DIRECTION('',(-0.,1.,-0.));
#10220 = ORIENTED_EDGE('',*,*,#10069,.F.);
#10221 = ORIENTED_EDGE('',*,*,#10198,.T.);
#10222 = PLANE('',#10223);
#10223 = AXIS2_PLACEMENT_3D('',#10224,#10225,#10226);
#10224 = CARTESIAN_POINT('',(-2.633256885651,-6.005,4.299609260902));
#10225 = DIRECTION('',(0.934510438744,0.,-0.355935724364));
#10226 = DIRECTION('',(-0.355935724364,0.,-0.934510438744));
#10227 = ADVANCED_FACE('',(#10228),#10239,.F.);
#10228 = FACE_BOUND('',#10229,.T.);
#10229 = EDGE_LOOP('',(#10230,#10231,#10237,#10238));
#10230 = ORIENTED_EDGE('',*,*,#1364,.T.);
#10231 = ORIENTED_EDGE('',*,*,#10232,.F.);
#10232 = EDGE_CURVE('',#10078,#1357,#10233,.T.);
#10233 = LINE('',#10234,#10235);
#10234 = CARTESIAN_POINT('',(-2.584908142544,-6.005,4.299609260902));
#10235 = VECTOR('',#10236,1.);
#10236 = DIRECTION('',(-0.,1.,-0.));
#10237 = ORIENTED_EDGE('',*,*,#10077,.F.);
#10238 = ORIENTED_EDGE('',*,*,#10215,.T.);
#10239 = PLANE('',#10240);
#10240 = AXIS2_PLACEMENT_3D('',#10241,#10242,#10243);
#10241 = CARTESIAN_POINT('',(-2.584908142544,-6.005,4.299609260902));
#10242 = DIRECTION('',(0.,0.,1.));
#10243 = DIRECTION('',(1.,0.,-0.));
#10244 = ADVANCED_FACE('',(#10245),#10256,.F.);
#10245 = FACE_BOUND('',#10246,.T.);
#10246 = EDGE_LOOP('',(#10247,#10248,#10254,#10255));
#10247 = ORIENTED_EDGE('',*,*,#1356,.T.);
#10248 = ORIENTED_EDGE('',*,*,#10249,.F.);
#10249 = EDGE_CURVE('',#10086,#1349,#10250,.T.);
#10250 = LINE('',#10251,#10252);
#10251 = CARTESIAN_POINT('',(-2.552329061166,-6.005,4.392321008441));
#10252 = VECTOR('',#10253,1.);
#10253 = DIRECTION('',(-0.,1.,-0.));
#10254 = ORIENTED_EDGE('',*,*,#10085,.F.);
#10255 = ORIENTED_EDGE('',*,*,#10232,.T.);
#10256 = PLANE('',#10257);
#10257 = AXIS2_PLACEMENT_3D('',#10258,#10259,#10260);
#10258 = CARTESIAN_POINT('',(-2.552329061166,-6.005,4.392321008441));
#10259 = DIRECTION('',(-0.943445233082,0.,0.33152841835));
#10260 = DIRECTION('',(0.33152841835,0.,0.943445233082));
#10261 = ADVANCED_FACE('',(#10262),#10273,.F.);
#10262 = FACE_BOUND('',#10263,.T.);
#10263 = EDGE_LOOP('',(#10264,#10265,#10271,#10272));
#10264 = ORIENTED_EDGE('',*,*,#1348,.T.);
#10265 = ORIENTED_EDGE('',*,*,#10266,.F.);
#10266 = EDGE_CURVE('',#10094,#1341,#10267,.T.);
#10267 = LINE('',#10268,#10269);
#10268 = CARTESIAN_POINT('',(-2.411181924025,-6.005,4.392321008441));
#10269 = VECTOR('',#10270,1.);
#10270 = DIRECTION('',(-0.,1.,-0.));
#10271 = ORIENTED_EDGE('',*,*,#10093,.F.);
#10272 = ORIENTED_EDGE('',*,*,#10249,.T.);
#10273 = PLANE('',#10274);
#10274 = AXIS2_PLACEMENT_3D('',#10275,#10276,#10277);
#10275 = CARTESIAN_POINT('',(-2.411181924025,-6.005,4.392321008441));
#10276 = DIRECTION('',(0.,0.,1.));
#10277 = DIRECTION('',(1.,0.,-0.));
#10278 = ADVANCED_FACE('',(#10279),#10290,.F.);
#10279 = FACE_BOUND('',#10280,.T.);
#10280 = EDGE_LOOP('',(#10281,#10282,#10288,#10289));
#10281 = ORIENTED_EDGE('',*,*,#1340,.T.);
#10282 = ORIENTED_EDGE('',*,*,#10283,.F.);
#10283 = EDGE_CURVE('',#10102,#1333,#10284,.T.);
#10284 = LINE('',#10285,#10286);
#10285 = CARTESIAN_POINT('',(-2.376609973308,-6.005,4.299609260902));
#10286 = VECTOR('',#10287,1.);
#10287 = DIRECTION('',(-0.,1.,-0.));
#10288 = ORIENTED_EDGE('',*,*,#10101,.F.);
#10289 = ORIENTED_EDGE('',*,*,#10266,.T.);
#10290 = PLANE('',#10291);
#10291 = AXIS2_PLACEMENT_3D('',#10292,#10293,#10294);
#10292 = CARTESIAN_POINT('',(-2.376609973308,-6.005,4.299609260902));
#10293 = DIRECTION('',(0.936975345954,0.,0.349395479469));
#10294 = DIRECTION('',(0.349395479469,0.,-0.936975345954));
#10295 = ADVANCED_FACE('',(#10296),#10302,.F.);
#10296 = FACE_BOUND('',#10297,.T.);
#10297 = EDGE_LOOP('',(#10298,#10299,#10300,#10301));
#10298 = ORIENTED_EDGE('',*,*,#1332,.T.);
#10299 = ORIENTED_EDGE('',*,*,#10183,.F.);
#10300 = ORIENTED_EDGE('',*,*,#10109,.F.);
#10301 = ORIENTED_EDGE('',*,*,#10283,.T.);
#10302 = PLANE('',#10303);
#10303 = AXIS2_PLACEMENT_3D('',#10304,#10305,#10306);
#10304 = CARTESIAN_POINT('',(-2.328261230199,-6.005,4.299609260902));
#10305 = DIRECTION('',(0.,0.,1.));
#10306 = DIRECTION('',(1.,0.,-0.));
#10307 = ADVANCED_FACE('',(#10308),#10333,.T.);
#10308 = FACE_BOUND('',#10309,.T.);
#10309 = EDGE_LOOP('',(#10310,#10320,#10326,#10327));
#10310 = ORIENTED_EDGE('',*,*,#10311,.F.);
#10311 = EDGE_CURVE('',#10312,#10314,#10316,.T.);
#10312 = VERTEX_POINT('',#10313);
#10313 = CARTESIAN_POINT('',(-2.538465622282,-5.995,4.430618758359));
#10314 = VERTEX_POINT('',#10315);
#10315 = CARTESIAN_POINT('',(-2.424698776938,-5.995,4.430618758359));
#10316 = LINE('',#10317,#10318);
#10317 = CARTESIAN_POINT('',(-2.538465622282,-5.995,4.430618758359));
#10318 = VECTOR('',#10319,1.);
#10319 = DIRECTION('',(1.,0.,0.));
#10320 = ORIENTED_EDGE('',*,*,#10321,.F.);
#10321 = EDGE_CURVE('',#10118,#10312,#10322,.T.);
#10322 = LINE('',#10323,#10324);
#10323 = CARTESIAN_POINT('',(-2.538465622282,-6.005,4.430618758359));
#10324 = VECTOR('',#10325,1.);
#10325 = DIRECTION('',(-0.,1.,-0.));
#10326 = ORIENTED_EDGE('',*,*,#10117,.T.);
#10327 = ORIENTED_EDGE('',*,*,#10328,.T.);
#10328 = EDGE_CURVE('',#10120,#10314,#10329,.T.);
#10329 = LINE('',#10330,#10331);
#10330 = CARTESIAN_POINT('',(-2.424698776938,-6.005,4.430618758359));
#10331 = VECTOR('',#10332,1.);
#10332 = DIRECTION('',(-0.,1.,-0.));
#10333 = PLANE('',#10334);
#10334 = AXIS2_PLACEMENT_3D('',#10335,#10336,#10337);
#10335 = CARTESIAN_POINT('',(-2.538465622282,-6.005,4.430618758359));
#10336 = DIRECTION('',(-0.,0.,1.));
#10337 = DIRECTION('',(1.,0.,0.));
#10338 = ADVANCED_FACE('',(#10339),#10357,.T.);
#10339 = FACE_BOUND('',#10340,.T.);
#10340 = EDGE_LOOP('',(#10341,#10349,#10350,#10351));
#10341 = ORIENTED_EDGE('',*,*,#10342,.F.);
#10342 = EDGE_CURVE('',#10314,#10343,#10345,.T.);
#10343 = VERTEX_POINT('',#10344);
#10344 = CARTESIAN_POINT('',(-2.475906854316,-5.995,4.571505956018));
#10345 = LINE('',#10346,#10347);
#10346 = CARTESIAN_POINT('',(-2.424698776938,-5.995,4.430618758359));
#10347 = VECTOR('',#10348,1.);
#10348 = DIRECTION('',(-0.341603830682,0.,0.939844041777));
#10349 = ORIENTED_EDGE('',*,*,#10328,.F.);
#10350 = ORIENTED_EDGE('',*,*,#10161,.T.);
#10351 = ORIENTED_EDGE('',*,*,#10352,.T.);
#10352 = EDGE_CURVE('',#10153,#10343,#10353,.T.);
#10353 = LINE('',#10354,#10355);
#10354 = CARTESIAN_POINT('',(-2.475906854316,-6.005,4.571505956018));
#10355 = VECTOR('',#10356,1.);
#10356 = DIRECTION('',(-0.,1.,-0.));
#10357 = PLANE('',#10358);
#10358 = AXIS2_PLACEMENT_3D('',#10359,#10360,#10361);
#10359 = CARTESIAN_POINT('',(-2.424698776938,-6.005,4.430618758359));
#10360 = DIRECTION('',(-0.939844041777,0.,-0.341603830682));
#10361 = DIRECTION('',(-0.341603830682,0.,0.939844041777));
#10362 = ADVANCED_FACE('',(#10363),#10382,.T.);
#10363 = FACE_BOUND('',#10364,.T.);
#10364 = EDGE_LOOP('',(#10365,#10374,#10375,#10376));
#10365 = ORIENTED_EDGE('',*,*,#10366,.F.);
#10366 = EDGE_CURVE('',#10343,#10367,#10369,.T.);
#10367 = VERTEX_POINT('',#10368);
#10368 = CARTESIAN_POINT('',(-2.481192290392,-5.995,4.595247095108));
#10369 = B_SPLINE_CURVE_WITH_KNOTS('',3,(#10370,#10371,#10372,#10373),
  .UNSPECIFIED.,.F.,.F.,(4,4),(1.,2.),.PIECEWISE_BEZIER_KNOTS.);
#10370 = CARTESIAN_POINT('',(-2.475906854316,-5.995,4.571505956018));
#10371 = CARTESIAN_POINT('',(-2.477553137684,-5.995,4.576184866641));
#10372 = CARTESIAN_POINT('',(-2.479286067545,-5.995,4.583983051014));
#10373 = CARTESIAN_POINT('',(-2.481192290392,-5.995,4.595247095108));
#10374 = ORIENTED_EDGE('',*,*,#10352,.F.);
#10375 = ORIENTED_EDGE('',*,*,#10152,.T.);
#10376 = ORIENTED_EDGE('',*,*,#10377,.T.);
#10377 = EDGE_CURVE('',#10145,#10367,#10378,.T.);
#10378 = LINE('',#10379,#10380);
#10379 = CARTESIAN_POINT('',(-2.481192290392,-6.005,4.595247095108));
#10380 = VECTOR('',#10381,1.);
#10381 = DIRECTION('',(-0.,1.,-0.));
#10382 = B_SPLINE_SURFACE_WITH_KNOTS('',3,1,(
    (#10383,#10384)
    ,(#10385,#10386)
    ,(#10387,#10388)
    ,(#10389,#10390
    )),.UNSPECIFIED.,.F.,.F.,.F.,(4,4),(2,2),(1.,2.),(0.,1.),
  .PIECEWISE_BEZIER_KNOTS.);
#10383 = CARTESIAN_POINT('',(-2.475906854316,-6.005,4.571505956018));
#10384 = CARTESIAN_POINT('',(-2.475906854316,-5.995,4.571505956018));
#10385 = CARTESIAN_POINT('',(-2.477553137684,-6.005,4.576184866641));
#10386 = CARTESIAN_POINT('',(-2.477553137684,-5.995,4.576184866641));
#10387 = CARTESIAN_POINT('',(-2.479286067545,-6.005,4.583983051014));
#10388 = CARTESIAN_POINT('',(-2.479286067545,-5.995,4.583983051014));
#10389 = CARTESIAN_POINT('',(-2.481192290392,-6.005,4.595247095108));
#10390 = CARTESIAN_POINT('',(-2.481192290392,-5.995,4.595247095108));
#10391 = ADVANCED_FACE('',(#10392),#10410,.T.);
#10392 = FACE_BOUND('',#10393,.T.);
#10393 = EDGE_LOOP('',(#10394,#10402,#10403,#10404));
#10394 = ORIENTED_EDGE('',*,*,#10395,.F.);
#10395 = EDGE_CURVE('',#10367,#10396,#10398,.T.);
#10396 = VERTEX_POINT('',#10397);
#10397 = CARTESIAN_POINT('',(-2.482232048307,-5.995,4.595247095108));
#10398 = LINE('',#10399,#10400);
#10399 = CARTESIAN_POINT('',(-2.481192290392,-5.995,4.595247095108));
#10400 = VECTOR('',#10401,1.);
#10401 = DIRECTION('',(-1.,0.,0.));
#10402 = ORIENTED_EDGE('',*,*,#10377,.F.);
#10403 = ORIENTED_EDGE('',*,*,#10144,.T.);
#10404 = ORIENTED_EDGE('',*,*,#10405,.T.);
#10405 = EDGE_CURVE('',#10136,#10396,#10406,.T.);
#10406 = LINE('',#10407,#10408);
#10407 = CARTESIAN_POINT('',(-2.482232048307,-6.005,4.595247095108));
#10408 = VECTOR('',#10409,1.);
#10409 = DIRECTION('',(-0.,1.,-0.));
#10410 = PLANE('',#10411);
#10411 = AXIS2_PLACEMENT_3D('',#10412,#10413,#10414);
#10412 = CARTESIAN_POINT('',(-2.481192290392,-6.005,4.595247095108));
#10413 = DIRECTION('',(-0.,0.,-1.));
#10414 = DIRECTION('',(-1.,0.,0.));
#10415 = ADVANCED_FACE('',(#10416),#10435,.T.);
#10416 = FACE_BOUND('',#10417,.T.);
#10417 = EDGE_LOOP('',(#10418,#10427,#10428,#10429));
#10418 = ORIENTED_EDGE('',*,*,#10419,.F.);
#10419 = EDGE_CURVE('',#10396,#10420,#10422,.T.);
#10420 = VERTEX_POINT('',#10421);
#10421 = CARTESIAN_POINT('',(-2.487777423861,-5.995,4.571505956018));
#10422 = B_SPLINE_CURVE_WITH_KNOTS('',3,(#10423,#10424,#10425,#10426),
  .UNSPECIFIED.,.F.,.F.,(4,4),(3.,4.),.PIECEWISE_BEZIER_KNOTS.);
#10423 = CARTESIAN_POINT('',(-2.482232048307,-5.995,4.595247095108));
#10424 = CARTESIAN_POINT('',(-2.483878331675,-5.995,4.585022808931));
#10425 = CARTESIAN_POINT('',(-2.485697908029,-5.995,4.577051331573));
#10426 = CARTESIAN_POINT('',(-2.487777423861,-5.995,4.571505956018));
#10427 = ORIENTED_EDGE('',*,*,#10405,.F.);
#10428 = ORIENTED_EDGE('',*,*,#10135,.T.);
#10429 = ORIENTED_EDGE('',*,*,#10430,.T.);
#10430 = EDGE_CURVE('',#10128,#10420,#10431,.T.);
#10431 = LINE('',#10432,#10433);
#10432 = CARTESIAN_POINT('',(-2.487777423861,-6.005,4.571505956018));
#10433 = VECTOR('',#10434,1.);
#10434 = DIRECTION('',(-0.,1.,-0.));
#10435 = B_SPLINE_SURFACE_WITH_KNOTS('',3,1,(
    (#10436,#10437)
    ,(#10438,#10439)
    ,(#10440,#10441)
    ,(#10442,#10443
    )),.UNSPECIFIED.,.F.,.F.,.F.,(4,4),(2,2),(3.,4.),(0.,1.),
  .PIECEWISE_BEZIER_KNOTS.);
#10436 = CARTESIAN_POINT('',(-2.482232048307,-6.005,4.595247095108));
#10437 = CARTESIAN_POINT('',(-2.482232048307,-5.995,4.595247095108));
#10438 = CARTESIAN_POINT('',(-2.483878331675,-6.005,4.585022808931));
#10439 = CARTESIAN_POINT('',(-2.483878331675,-5.995,4.585022808931));
#10440 = CARTESIAN_POINT('',(-2.485697908029,-6.005,4.577051331573));
#10441 = CARTESIAN_POINT('',(-2.485697908029,-5.995,4.577051331573));
#10442 = CARTESIAN_POINT('',(-2.487777423861,-6.005,4.571505956018));
#10443 = CARTESIAN_POINT('',(-2.487777423861,-5.995,4.571505956018));
#10444 = ADVANCED_FACE('',(#10445),#10456,.T.);
#10445 = FACE_BOUND('',#10446,.T.);
#10446 = EDGE_LOOP('',(#10447,#10453,#10454,#10455));
#10447 = ORIENTED_EDGE('',*,*,#10448,.F.);
#10448 = EDGE_CURVE('',#10420,#10312,#10449,.T.);
#10449 = LINE('',#10450,#10451);
#10450 = CARTESIAN_POINT('',(-2.487777423861,-5.995,4.571505956018));
#10451 = VECTOR('',#10452,1.);
#10452 = DIRECTION('',(-0.338535034314,0.,-0.940953787676));
#10453 = ORIENTED_EDGE('',*,*,#10430,.F.);
#10454 = ORIENTED_EDGE('',*,*,#10127,.T.);
#10455 = ORIENTED_EDGE('',*,*,#10321,.T.);
#10456 = PLANE('',#10457);
#10457 = AXIS2_PLACEMENT_3D('',#10458,#10459,#10460);
#10458 = CARTESIAN_POINT('',(-2.487777423861,-6.005,4.571505956018));
#10459 = DIRECTION('',(0.940953787676,0.,-0.338535034314));
#10460 = DIRECTION('',(-0.338535034314,0.,-0.940953787676));
#10461 = ADVANCED_FACE('',(#10462),#10470,.F.);
#10462 = FACE_BOUND('',#10463,.T.);
#10463 = EDGE_LOOP('',(#10464,#10465,#10466,#10467,#10468,#10469));
#10464 = ORIENTED_EDGE('',*,*,#10448,.T.);
#10465 = ORIENTED_EDGE('',*,*,#10311,.T.);
#10466 = ORIENTED_EDGE('',*,*,#10342,.T.);
#10467 = ORIENTED_EDGE('',*,*,#10366,.T.);
#10468 = ORIENTED_EDGE('',*,*,#10395,.T.);
#10469 = ORIENTED_EDGE('',*,*,#10419,.T.);
#10470 = PLANE('',#10471);
#10471 = AXIS2_PLACEMENT_3D('',#10472,#10473,#10474);
#10472 = CARTESIAN_POINT('',(-5.75,-5.995,5.));
#10473 = DIRECTION('',(0.,1.,0.));
#10474 = DIRECTION('',(0.,-0.,1.));
#10475 = ADVANCED_FACE('',(#10476),#10501,.F.);
#10476 = FACE_BOUND('',#10477,.T.);
#10477 = EDGE_LOOP('',(#10478,#10479,#10487,#10495));
#10478 = ORIENTED_EDGE('',*,*,#822,.T.);
#10479 = ORIENTED_EDGE('',*,*,#10480,.F.);
#10480 = EDGE_CURVE('',#10481,#825,#10483,.T.);
#10481 = VERTEX_POINT('',#10482);
#10482 = CARTESIAN_POINT('',(-3.506306949387,-6.005,3.80052546107));
#10483 = LINE('',#10484,#10485);
#10484 = CARTESIAN_POINT('',(-3.506306949387,-6.005,3.80052546107));
#10485 = VECTOR('',#10486,1.);
#10486 = DIRECTION('',(-0.,1.,-0.));
#10487 = ORIENTED_EDGE('',*,*,#10488,.F.);
#10488 = EDGE_CURVE('',#10489,#10481,#10491,.T.);
#10489 = VERTEX_POINT('',#10490);
#10490 = CARTESIAN_POINT('',(-3.506306949387,-6.005,3.76188112518));
#10491 = LINE('',#10492,#10493);
#10492 = CARTESIAN_POINT('',(-3.506306949387,-6.005,3.80052546107));
#10493 = VECTOR('',#10494,1.);
#10494 = DIRECTION('',(-0.,-0.,1.));
#10495 = ORIENTED_EDGE('',*,*,#10496,.T.);
#10496 = EDGE_CURVE('',#10489,#823,#10497,.T.);
#10497 = LINE('',#10498,#10499);
#10498 = CARTESIAN_POINT('',(-3.506306949387,-6.005,3.76188112518));
#10499 = VECTOR('',#10500,1.);
#10500 = DIRECTION('',(-0.,1.,-0.));
#10501 = PLANE('',#10502);
#10502 = AXIS2_PLACEMENT_3D('',#10503,#10504,#10505);
#10503 = CARTESIAN_POINT('',(-3.506306949387,-6.005,3.80052546107));
#10504 = DIRECTION('',(-1.,0.,-0.));
#10505 = DIRECTION('',(0.,0.,1.));
#10506 = ADVANCED_FACE('',(#10507),#10525,.F.);
#10507 = FACE_BOUND('',#10508,.T.);
#10508 = EDGE_LOOP('',(#10509,#10510,#10518,#10524));
#10509 = ORIENTED_EDGE('',*,*,#912,.T.);
#10510 = ORIENTED_EDGE('',*,*,#10511,.F.);
#10511 = EDGE_CURVE('',#10512,#905,#10514,.T.);
#10512 = VERTEX_POINT('',#10513);
#10513 = CARTESIAN_POINT('',(-3.644854691737,-6.005,3.80052546107));
#10514 = LINE('',#10515,#10516);
#10515 = CARTESIAN_POINT('',(-3.644854691737,-6.005,3.80052546107));
#10516 = VECTOR('',#10517,1.);
#10517 = DIRECTION('',(-0.,1.,-0.));
#10518 = ORIENTED_EDGE('',*,*,#10519,.F.);
#10519 = EDGE_CURVE('',#10481,#10512,#10520,.T.);
#10520 = LINE('',#10521,#10522);
#10521 = CARTESIAN_POINT('',(-3.644854691737,-6.005,3.80052546107));
#10522 = VECTOR('',#10523,1.);
#10523 = DIRECTION('',(-1.,-0.,-0.));
#10524 = ORIENTED_EDGE('',*,*,#10480,.T.);
#10525 = PLANE('',#10526);
#10526 = AXIS2_PLACEMENT_3D('',#10527,#10528,#10529);
#10527 = CARTESIAN_POINT('',(-3.644854691737,-6.005,3.80052546107));
#10528 = DIRECTION('',(0.,0.,-1.));
#10529 = DIRECTION('',(-1.,0.,-0.));
#10530 = ADVANCED_FACE('',(#10531),#10549,.F.);
#10531 = FACE_BOUND('',#10532,.T.);
#10532 = EDGE_LOOP('',(#10533,#10534,#10542,#10548));
#10533 = ORIENTED_EDGE('',*,*,#904,.T.);
#10534 = ORIENTED_EDGE('',*,*,#10535,.F.);
#10535 = EDGE_CURVE('',#10536,#897,#10538,.T.);
#10536 = VERTEX_POINT('',#10537);
#10537 = CARTESIAN_POINT('',(-3.644854691737,-6.005,3.914552245892));
#10538 = LINE('',#10539,#10540);
#10539 = CARTESIAN_POINT('',(-3.644854691737,-6.005,3.914552245892));
#10540 = VECTOR('',#10541,1.);
#10541 = DIRECTION('',(-0.,1.,-0.));
#10542 = ORIENTED_EDGE('',*,*,#10543,.F.);
#10543 = EDGE_CURVE('',#10512,#10536,#10544,.T.);
#10544 = LINE('',#10545,#10546);
#10545 = CARTESIAN_POINT('',(-3.644854691737,-6.005,3.914552245892));
#10546 = VECTOR('',#10547,1.);
#10547 = DIRECTION('',(-0.,-0.,1.));
#10548 = ORIENTED_EDGE('',*,*,#10511,.T.);
#10549 = PLANE('',#10550);
#10550 = AXIS2_PLACEMENT_3D('',#10551,#10552,#10553);
#10551 = CARTESIAN_POINT('',(-3.644854691737,-6.005,3.914552245892));
#10552 = DIRECTION('',(-1.,0.,-0.));
#10553 = DIRECTION('',(0.,0.,1.));
#10554 = ADVANCED_FACE('',(#10555),#10573,.F.);
#10555 = FACE_BOUND('',#10556,.T.);
#10556 = EDGE_LOOP('',(#10557,#10558,#10566,#10572));
#10557 = ORIENTED_EDGE('',*,*,#896,.T.);
#10558 = ORIENTED_EDGE('',*,*,#10559,.F.);
#10559 = EDGE_CURVE('',#10560,#889,#10562,.T.);
#10560 = VERTEX_POINT('',#10561);
#10561 = CARTESIAN_POINT('',(-3.523636247992,-6.005,3.914552245892));
#10562 = LINE('',#10563,#10564);
#10563 = CARTESIAN_POINT('',(-3.523636247992,-6.005,3.914552245892));
#10564 = VECTOR('',#10565,1.);
#10565 = DIRECTION('',(-0.,1.,-0.));
#10566 = ORIENTED_EDGE('',*,*,#10567,.F.);
#10567 = EDGE_CURVE('',#10536,#10560,#10568,.T.);
#10568 = LINE('',#10569,#10570);
#10569 = CARTESIAN_POINT('',(-3.523636247992,-6.005,3.914552245892));
#10570 = VECTOR('',#10571,1.);
#10571 = DIRECTION('',(1.,-0.,-0.));
#10572 = ORIENTED_EDGE('',*,*,#10535,.T.);
#10573 = PLANE('',#10574);
#10574 = AXIS2_PLACEMENT_3D('',#10575,#10576,#10577);
#10575 = CARTESIAN_POINT('',(-3.523636247992,-6.005,3.914552245892));
#10576 = DIRECTION('',(0.,0.,1.));
#10577 = DIRECTION('',(1.,0.,-0.));
#10578 = ADVANCED_FACE('',(#10579),#10597,.F.);
#10579 = FACE_BOUND('',#10580,.T.);
#10580 = EDGE_LOOP('',(#10581,#10582,#10590,#10596));
#10581 = ORIENTED_EDGE('',*,*,#888,.T.);
#10582 = ORIENTED_EDGE('',*,*,#10583,.F.);
#10583 = EDGE_CURVE('',#10584,#881,#10586,.T.);
#10584 = VERTEX_POINT('',#10585);
#10585 = CARTESIAN_POINT('',(-3.523636247992,-6.005,3.953369874768));
#10586 = LINE('',#10587,#10588);
#10587 = CARTESIAN_POINT('',(-3.523636247992,-6.005,3.953369874768));
#10588 = VECTOR('',#10589,1.);
#10589 = DIRECTION('',(-0.,1.,-0.));
#10590 = ORIENTED_EDGE('',*,*,#10591,.F.);
#10591 = EDGE_CURVE('',#10560,#10584,#10592,.T.);
#10592 = LINE('',#10593,#10594);
#10593 = CARTESIAN_POINT('',(-3.523636247992,-6.005,3.953369874768));
#10594 = VECTOR('',#10595,1.);
#10595 = DIRECTION('',(-0.,-0.,1.));
#10596 = ORIENTED_EDGE('',*,*,#10559,.T.);
#10597 = PLANE('',#10598);
#10598 = AXIS2_PLACEMENT_3D('',#10599,#10600,#10601);
#10599 = CARTESIAN_POINT('',(-3.523636247992,-6.005,3.953369874768));
#10600 = DIRECTION('',(-1.,0.,-0.));
#10601 = DIRECTION('',(0.,0.,1.));
#10602 = ADVANCED_FACE('',(#10603),#10621,.F.);
#10603 = FACE_BOUND('',#10604,.T.);
#10604 = EDGE_LOOP('',(#10605,#10606,#10614,#10620));
#10605 = ORIENTED_EDGE('',*,*,#880,.T.);
#10606 = ORIENTED_EDGE('',*,*,#10607,.F.);
#10607 = EDGE_CURVE('',#10608,#873,#10610,.T.);
#10608 = VERTEX_POINT('',#10609);
#10609 = CARTESIAN_POINT('',(-3.644854691737,-6.005,3.953369874768));
#10610 = LINE('',#10611,#10612);
#10611 = CARTESIAN_POINT('',(-3.644854691737,-6.005,3.953369874768));
#10612 = VECTOR('',#10613,1.);
#10613 = DIRECTION('',(-0.,1.,-0.));
#10614 = ORIENTED_EDGE('',*,*,#10615,.F.);
#10615 = EDGE_CURVE('',#10584,#10608,#10616,.T.);
#10616 = LINE('',#10617,#10618);
#10617 = CARTESIAN_POINT('',(-3.644854691737,-6.005,3.953369874768));
#10618 = VECTOR('',#10619,1.);
#10619 = DIRECTION('',(-1.,-0.,-0.));
#10620 = ORIENTED_EDGE('',*,*,#10583,.T.);
#10621 = PLANE('',#10622);
#10622 = AXIS2_PLACEMENT_3D('',#10623,#10624,#10625);
#10623 = CARTESIAN_POINT('',(-3.644854691737,-6.005,3.953369874768));
#10624 = DIRECTION('',(0.,0.,-1.));
#10625 = DIRECTION('',(-1.,0.,-0.));
#10626 = ADVANCED_FACE('',(#10627),#10645,.F.);
#10627 = FACE_BOUND('',#10628,.T.);
#10628 = EDGE_LOOP('',(#10629,#10630,#10638,#10644));
#10629 = ORIENTED_EDGE('',*,*,#872,.T.);
#10630 = ORIENTED_EDGE('',*,*,#10631,.F.);
#10631 = EDGE_CURVE('',#10632,#865,#10634,.T.);
#10632 = VERTEX_POINT('',#10633);
#10633 = CARTESIAN_POINT('',(-3.644854691737,-6.005,4.061851284038));
#10634 = LINE('',#10635,#10636);
#10635 = CARTESIAN_POINT('',(-3.644854691737,-6.005,4.061851284038));
#10636 = VECTOR('',#10637,1.);
#10637 = DIRECTION('',(-0.,1.,-0.));
#10638 = ORIENTED_EDGE('',*,*,#10639,.F.);
#10639 = EDGE_CURVE('',#10608,#10632,#10640,.T.);
#10640 = LINE('',#10641,#10642);
#10641 = CARTESIAN_POINT('',(-3.644854691737,-6.005,4.061851284038));
#10642 = VECTOR('',#10643,1.);
#10643 = DIRECTION('',(-0.,-0.,1.));
#10644 = ORIENTED_EDGE('',*,*,#10607,.T.);
#10645 = PLANE('',#10646);
#10646 = AXIS2_PLACEMENT_3D('',#10647,#10648,#10649);
#10647 = CARTESIAN_POINT('',(-3.644854691737,-6.005,4.061851284038));
#10648 = DIRECTION('',(-1.,0.,-0.));
#10649 = DIRECTION('',(0.,0.,1.));
#10650 = ADVANCED_FACE('',(#10651),#10669,.F.);
#10651 = FACE_BOUND('',#10652,.T.);
#10652 = EDGE_LOOP('',(#10653,#10654,#10662,#10668));
#10653 = ORIENTED_EDGE('',*,*,#864,.T.);
#10654 = ORIENTED_EDGE('',*,*,#10655,.F.);
#10655 = EDGE_CURVE('',#10656,#857,#10658,.T.);
#10656 = VERTEX_POINT('',#10657);
#10657 = CARTESIAN_POINT('',(-3.514018487267,-6.005,4.061851284038));
#10658 = LINE('',#10659,#10660);
#10659 = CARTESIAN_POINT('',(-3.514018487267,-6.005,4.061851284038));
#10660 = VECTOR('',#10661,1.);
#10661 = DIRECTION('',(-0.,1.,-0.));
#10662 = ORIENTED_EDGE('',*,*,#10663,.F.);
#10663 = EDGE_CURVE('',#10632,#10656,#10664,.T.);
#10664 = LINE('',#10665,#10666);
#10665 = CARTESIAN_POINT('',(-3.514018487267,-6.005,4.061851284038));
#10666 = VECTOR('',#10667,1.);
#10667 = DIRECTION('',(1.,-0.,-0.));
#10668 = ORIENTED_EDGE('',*,*,#10631,.T.);
#10669 = PLANE('',#10670);
#10670 = AXIS2_PLACEMENT_3D('',#10671,#10672,#10673);
#10671 = CARTESIAN_POINT('',(-3.514018487267,-6.005,4.061851284038));
#10672 = DIRECTION('',(0.,0.,1.));
#10673 = DIRECTION('',(1.,0.,-0.));
#10674 = ADVANCED_FACE('',(#10675),#10693,.F.);
#10675 = FACE_BOUND('',#10676,.T.);
#10676 = EDGE_LOOP('',(#10677,#10678,#10686,#10692));
#10677 = ORIENTED_EDGE('',*,*,#856,.T.);
#10678 = ORIENTED_EDGE('',*,*,#10679,.F.);
#10679 = EDGE_CURVE('',#10680,#849,#10682,.T.);
#10680 = VERTEX_POINT('',#10681);
#10681 = CARTESIAN_POINT('',(-3.514018487267,-6.005,4.100842205899));
#10682 = LINE('',#10683,#10684);
#10683 = CARTESIAN_POINT('',(-3.514018487267,-6.005,4.100842205899));
#10684 = VECTOR('',#10685,1.);
#10685 = DIRECTION('',(-0.,1.,-0.));
#10686 = ORIENTED_EDGE('',*,*,#10687,.F.);
#10687 = EDGE_CURVE('',#10656,#10680,#10688,.T.);
#10688 = LINE('',#10689,#10690);
#10689 = CARTESIAN_POINT('',(-3.514018487267,-6.005,4.100842205899));
#10690 = VECTOR('',#10691,1.);
#10691 = DIRECTION('',(-0.,-0.,1.));
#10692 = ORIENTED_EDGE('',*,*,#10655,.T.);
#10693 = PLANE('',#10694);
#10694 = AXIS2_PLACEMENT_3D('',#10695,#10696,#10697);
#10695 = CARTESIAN_POINT('',(-3.514018487267,-6.005,4.100842205899));
#10696 = DIRECTION('',(-1.,0.,-0.));
#10697 = DIRECTION('',(0.,0.,1.));
#10698 = ADVANCED_FACE('',(#10699),#10717,.F.);
#10699 = FACE_BOUND('',#10700,.T.);
#10700 = EDGE_LOOP('',(#10701,#10702,#10710,#10716));
#10701 = ORIENTED_EDGE('',*,*,#848,.T.);
#10702 = ORIENTED_EDGE('',*,*,#10703,.F.);
#10703 = EDGE_CURVE('',#10704,#841,#10706,.T.);
#10704 = VERTEX_POINT('',#10705);
#10705 = CARTESIAN_POINT('',(-3.688611170715,-6.005,4.100842205899));
#10706 = LINE('',#10707,#10708);
#10707 = CARTESIAN_POINT('',(-3.688611170715,-6.005,4.100842205899));
#10708 = VECTOR('',#10709,1.);
#10709 = DIRECTION('',(-0.,1.,-0.));
#10710 = ORIENTED_EDGE('',*,*,#10711,.F.);
#10711 = EDGE_CURVE('',#10680,#10704,#10712,.T.);
#10712 = LINE('',#10713,#10714);
#10713 = CARTESIAN_POINT('',(-3.688611170715,-6.005,4.100842205899));
#10714 = VECTOR('',#10715,1.);
#10715 = DIRECTION('',(-1.,-0.,-0.));
#10716 = ORIENTED_EDGE('',*,*,#10679,.T.);
#10717 = PLANE('',#10718);
#10718 = AXIS2_PLACEMENT_3D('',#10719,#10720,#10721);
#10719 = CARTESIAN_POINT('',(-3.688611170715,-6.005,4.100842205899));
#10720 = DIRECTION('',(0.,0.,-1.));
#10721 = DIRECTION('',(-1.,0.,-0.));
#10722 = ADVANCED_FACE('',(#10723),#10741,.F.);
#10723 = FACE_BOUND('',#10724,.T.);
#10724 = EDGE_LOOP('',(#10725,#10726,#10734,#10740));
#10725 = ORIENTED_EDGE('',*,*,#840,.T.);
#10726 = ORIENTED_EDGE('',*,*,#10727,.F.);
#10727 = EDGE_CURVE('',#10728,#833,#10730,.T.);
#10728 = VERTEX_POINT('',#10729);
#10729 = CARTESIAN_POINT('',(-3.688611170715,-6.005,3.76188112518));
#10730 = LINE('',#10731,#10732);
#10731 = CARTESIAN_POINT('',(-3.688611170715,-6.005,3.76188112518));
#10732 = VECTOR('',#10733,1.);
#10733 = DIRECTION('',(-0.,1.,-0.));
#10734 = ORIENTED_EDGE('',*,*,#10735,.F.);
#10735 = EDGE_CURVE('',#10704,#10728,#10736,.T.);
#10736 = LINE('',#10737,#10738);
#10737 = CARTESIAN_POINT('',(-3.688611170715,-6.005,3.76188112518));
#10738 = VECTOR('',#10739,1.);
#10739 = DIRECTION('',(-0.,-0.,-1.));
#10740 = ORIENTED_EDGE('',*,*,#10703,.T.);
#10741 = PLANE('',#10742);
#10742 = AXIS2_PLACEMENT_3D('',#10743,#10744,#10745);
#10743 = CARTESIAN_POINT('',(-3.688611170715,-6.005,3.76188112518));
#10744 = DIRECTION('',(1.,0.,-0.));
#10745 = DIRECTION('',(-0.,0.,-1.));
#10746 = ADVANCED_FACE('',(#10747),#10758,.F.);
#10747 = FACE_BOUND('',#10748,.T.);
#10748 = EDGE_LOOP('',(#10749,#10750,#10751,#10757));
#10749 = ORIENTED_EDGE('',*,*,#832,.T.);
#10750 = ORIENTED_EDGE('',*,*,#10496,.F.);
#10751 = ORIENTED_EDGE('',*,*,#10752,.F.);
#10752 = EDGE_CURVE('',#10728,#10489,#10753,.T.);
#10753 = LINE('',#10754,#10755);
#10754 = CARTESIAN_POINT('',(-3.506306949387,-6.005,3.76188112518));
#10755 = VECTOR('',#10756,1.);
#10756 = DIRECTION('',(1.,-0.,-0.));
#10757 = ORIENTED_EDGE('',*,*,#10727,.T.);
#10758 = PLANE('',#10759);
#10759 = AXIS2_PLACEMENT_3D('',#10760,#10761,#10762);
#10760 = CARTESIAN_POINT('',(-3.506306949387,-6.005,3.76188112518));
#10761 = DIRECTION('',(0.,0.,1.));
#10762 = DIRECTION('',(1.,0.,-0.));
#10763 = ADVANCED_FACE('',(#10764),#10778,.F.);
#10764 = FACE_BOUND('',#10765,.T.);
#10765 = EDGE_LOOP('',(#10766,#10767,#10768,#10769,#10770,#10771,#10772,
    #10773,#10774,#10775,#10776,#10777));
#10766 = ORIENTED_EDGE('',*,*,#10488,.T.);
#10767 = ORIENTED_EDGE('',*,*,#10519,.T.);
#10768 = ORIENTED_EDGE('',*,*,#10543,.T.);
#10769 = ORIENTED_EDGE('',*,*,#10567,.T.);
#10770 = ORIENTED_EDGE('',*,*,#10591,.T.);
#10771 = ORIENTED_EDGE('',*,*,#10615,.T.);
#10772 = ORIENTED_EDGE('',*,*,#10639,.T.);
#10773 = ORIENTED_EDGE('',*,*,#10663,.T.);
#10774 = ORIENTED_EDGE('',*,*,#10687,.T.);
#10775 = ORIENTED_EDGE('',*,*,#10711,.T.);
#10776 = ORIENTED_EDGE('',*,*,#10735,.T.);
#10777 = ORIENTED_EDGE('',*,*,#10752,.T.);
#10778 = PLANE('',#10779);
#10779 = AXIS2_PLACEMENT_3D('',#10780,#10781,#10782);
#10780 = CARTESIAN_POINT('',(-6.25,-6.005,2.5));
#10781 = DIRECTION('',(0.,1.,0.));
#10782 = DIRECTION('',(0.,-0.,1.));
#10783 = ADVANCED_FACE('',(#10784,#10906),#10978,.T.);
#10784 = FACE_BOUND('',#10785,.T.);
#10785 = EDGE_LOOP('',(#10786,#10797,#10805,#10814,#10823,#10831,#10840,
    #10849,#10858,#10867,#10875,#10883,#10891,#10899));
#10786 = ORIENTED_EDGE('',*,*,#10787,.T.);
#10787 = EDGE_CURVE('',#10788,#10790,#10792,.T.);
#10788 = VERTEX_POINT('',#10789);
#10789 = CARTESIAN_POINT('',(-3.35866132527,-6.005,4.00951680225));
#10790 = VERTEX_POINT('',#10791);
#10791 = CARTESIAN_POINT('',(-3.442015251562,-6.005,3.986988714063));
#10792 = B_SPLINE_CURVE_WITH_KNOTS('',3,(#10793,#10794,#10795,#10796),
  .UNSPECIFIED.,.F.,.F.,(4,4),(0.,1.),.PIECEWISE_BEZIER_KNOTS.);
#10793 = CARTESIAN_POINT('',(-3.35866132527,-6.005,4.00951680225));
#10794 = CARTESIAN_POINT('',(-3.390200648731,-6.005,4.00951680225));
#10795 = CARTESIAN_POINT('',(-3.418014172993,-6.005,4.002065203849));
#10796 = CARTESIAN_POINT('',(-3.442015251562,-6.005,3.986988714063));
#10797 = ORIENTED_EDGE('',*,*,#10798,.T.);
#10798 = EDGE_CURVE('',#10790,#10799,#10801,.T.);
#10799 = VERTEX_POINT('',#10800);
#10800 = CARTESIAN_POINT('',(-3.442015251562,-6.005,3.945744983381));
#10801 = LINE('',#10802,#10803);
#10802 = CARTESIAN_POINT('',(-3.442015251562,-6.005,3.945744983381));
#10803 = VECTOR('',#10804,1.);
#10804 = DIRECTION('',(-0.,-0.,-1.));
#10805 = ORIENTED_EDGE('',*,*,#10806,.T.);
#10806 = EDGE_CURVE('',#10799,#10807,#10809,.T.);
#10807 = VERTEX_POINT('',#10808);
#10808 = CARTESIAN_POINT('',(-3.362647063949,-6.005,3.975031498025));
#10809 = B_SPLINE_CURVE_WITH_KNOTS('',3,(#10810,#10811,#10812,#10813),
  .UNSPECIFIED.,.F.,.F.,(4,4),(12.,13.),.PIECEWISE_BEZIER_KNOTS.);
#10810 = CARTESIAN_POINT('',(-3.442015251562,-6.005,3.945744983381));
#10811 = CARTESIAN_POINT('',(-3.418100819486,-6.005,3.96515379782));
#10812 = CARTESIAN_POINT('',(-3.391673639113,-6.005,3.975031498025));
#10813 = CARTESIAN_POINT('',(-3.362647063949,-6.005,3.975031498025));
#10814 = ORIENTED_EDGE('',*,*,#10815,.T.);
#10815 = EDGE_CURVE('',#10807,#10816,#10818,.T.);
#10816 = VERTEX_POINT('',#10817);
#10817 = CARTESIAN_POINT('',(-3.313605148896,-6.005,3.915765296796));
#10818 = B_SPLINE_CURVE_WITH_KNOTS('',3,(#10819,#10820,#10821,#10822),
  .UNSPECIFIED.,.F.,.F.,(4,4),(11.,12.),.PIECEWISE_BEZIER_KNOTS.);
#10819 = CARTESIAN_POINT('',(-3.362647063949,-6.005,3.975031498025));
#10820 = CARTESIAN_POINT('',(-3.329981336078,-6.005,3.975031498025));
#10821 = CARTESIAN_POINT('',(-3.313605148896,-6.005,3.955276097614));
#10822 = CARTESIAN_POINT('',(-3.313605148896,-6.005,3.915765296796));
#10823 = ORIENTED_EDGE('',*,*,#10824,.T.);
#10824 = EDGE_CURVE('',#10816,#10825,#10827,.T.);
#10825 = VERTEX_POINT('',#10826);
#10826 = CARTESIAN_POINT('',(-3.385348445123,-6.005,3.905714303604));
#10827 = LINE('',#10828,#10829);
#10828 = CARTESIAN_POINT('',(-3.385348445123,-6.005,3.905714303604));
#10829 = VECTOR('',#10830,1.);
#10830 = DIRECTION('',(-0.990328603988,-0.,-0.138741688482));
#10831 = ORIENTED_EDGE('',*,*,#10832,.T.);
#10832 = EDGE_CURVE('',#10825,#10833,#10835,.T.);
#10833 = VERTEX_POINT('',#10834);
#10834 = CARTESIAN_POINT('',(-3.465669744158,-6.005,3.826692701964));
#10835 = B_SPLINE_CURVE_WITH_KNOTS('',3,(#10836,#10837,#10838,#10839),
  .UNSPECIFIED.,.F.,.F.,(4,4),(9.,10.),.PIECEWISE_BEZIER_KNOTS.);
#10836 = CARTESIAN_POINT('',(-3.385348445123,-6.005,3.905714303604));
#10837 = CARTESIAN_POINT('',(-3.438895977812,-6.005,3.898262705203));
#10838 = CARTESIAN_POINT('',(-3.465669744158,-6.005,3.871922171323));
#10839 = CARTESIAN_POINT('',(-3.465669744158,-6.005,3.826692701964));
#10840 = ORIENTED_EDGE('',*,*,#10841,.T.);
#10841 = EDGE_CURVE('',#10833,#10842,#10844,.T.);
#10842 = VERTEX_POINT('',#10843);
#10843 = CARTESIAN_POINT('',(-3.444874585831,-6.005,3.775224685105));
#10844 = B_SPLINE_CURVE_WITH_KNOTS('',3,(#10845,#10846,#10847,#10848),
  .UNSPECIFIED.,.F.,.F.,(4,4),(8.,9.),.PIECEWISE_BEZIER_KNOTS.);
#10845 = CARTESIAN_POINT('',(-3.465669744158,-6.005,3.826692701964));
#10846 = CARTESIAN_POINT('',(-3.465669744158,-6.005,3.805031078707));
#10847 = CARTESIAN_POINT('',(-3.458738024716,-6.005,3.787875073086));
#10848 = CARTESIAN_POINT('',(-3.444874585831,-6.005,3.775224685105));
#10849 = ORIENTED_EDGE('',*,*,#10850,.T.);
#10850 = EDGE_CURVE('',#10842,#10851,#10853,.T.);
#10851 = VERTEX_POINT('',#10852);
#10852 = CARTESIAN_POINT('',(-3.388900951336,-6.005,3.75616245664));
#10853 = B_SPLINE_CURVE_WITH_KNOTS('',3,(#10854,#10855,#10856,#10857),
  .UNSPECIFIED.,.F.,.F.,(4,4),(7.,8.),.PIECEWISE_BEZIER_KNOTS.);
#10854 = CARTESIAN_POINT('',(-3.444874585831,-6.005,3.775224685105));
#10855 = CARTESIAN_POINT('',(-3.431011146947,-6.005,3.762574297124));
#10856 = CARTESIAN_POINT('',(-3.412382150946,-6.005,3.75616245664));
#10857 = CARTESIAN_POINT('',(-3.388900951336,-6.005,3.75616245664));
#10858 = ORIENTED_EDGE('',*,*,#10859,.T.);
#10859 = EDGE_CURVE('',#10851,#10860,#10862,.T.);
#10860 = VERTEX_POINT('',#10861);
#10861 = CARTESIAN_POINT('',(-3.314731553306,-6.005,3.799312410167));
#10862 = B_SPLINE_CURVE_WITH_KNOTS('',3,(#10863,#10864,#10865,#10866),
  .UNSPECIFIED.,.F.,.F.,(4,4),(6.,7.),.PIECEWISE_BEZIER_KNOTS.);
#10863 = CARTESIAN_POINT('',(-3.388900951336,-6.005,3.75616245664));
#10864 = CARTESIAN_POINT('',(-3.356235223465,-6.005,3.75616245664));
#10865 = CARTESIAN_POINT('',(-3.331454326459,-6.005,3.770545774482));
#10866 = CARTESIAN_POINT('',(-3.314731553306,-6.005,3.799312410167));
#10867 = ORIENTED_EDGE('',*,*,#10868,.T.);
#10868 = EDGE_CURVE('',#10860,#10869,#10871,.T.);
#10869 = VERTEX_POINT('',#10870);
#10870 = CARTESIAN_POINT('',(-3.313605148896,-6.005,3.799312410167));
#10871 = LINE('',#10872,#10873);
#10872 = CARTESIAN_POINT('',(-3.313605148896,-6.005,3.799312410167));
#10873 = VECTOR('',#10874,1.);
#10874 = DIRECTION('',(1.,-0.,-0.));
#10875 = ORIENTED_EDGE('',*,*,#10876,.T.);
#10876 = EDGE_CURVE('',#10869,#10877,#10879,.T.);
#10877 = VERTEX_POINT('',#10878);
#10878 = CARTESIAN_POINT('',(-3.313605148896,-6.005,3.76188112518));
#10879 = LINE('',#10880,#10881);
#10880 = CARTESIAN_POINT('',(-3.313605148896,-6.005,3.76188112518));
#10881 = VECTOR('',#10882,1.);
#10882 = DIRECTION('',(-0.,-0.,-1.));
#10883 = ORIENTED_EDGE('',*,*,#10884,.T.);
#10884 = EDGE_CURVE('',#10877,#10885,#10887,.T.);
#10885 = VERTEX_POINT('',#10886);
#10886 = CARTESIAN_POINT('',(-3.271148367313,-6.005,3.76188112518));
#10887 = LINE('',#10888,#10889);
#10888 = CARTESIAN_POINT('',(-3.271148367313,-6.005,3.76188112518));
#10889 = VECTOR('',#10890,1.);
#10890 = DIRECTION('',(1.,-0.,-0.));
#10891 = ORIENTED_EDGE('',*,*,#10892,.T.);
#10892 = EDGE_CURVE('',#10885,#10893,#10895,.T.);
#10893 = VERTEX_POINT('',#10894);
#10894 = CARTESIAN_POINT('',(-3.271148367313,-6.005,3.91767151964));
#10895 = LINE('',#10896,#10897);
#10896 = CARTESIAN_POINT('',(-3.271148367313,-6.005,3.91767151964));
#10897 = VECTOR('',#10898,1.);
#10898 = DIRECTION('',(-0.,-0.,1.));
#10899 = ORIENTED_EDGE('',*,*,#10900,.T.);
#10900 = EDGE_CURVE('',#10893,#10788,#10901,.T.);
#10901 = B_SPLINE_CURVE_WITH_KNOTS('',3,(#10902,#10903,#10904,#10905),
  .UNSPECIFIED.,.F.,.F.,(4,4),(1.,2.),.PIECEWISE_BEZIER_KNOTS.);
#10902 = CARTESIAN_POINT('',(-3.271148367313,-6.005,3.91767151964));
#10903 = CARTESIAN_POINT('',(-3.271148367313,-6.005,3.979017236704));
#10904 = CARTESIAN_POINT('',(-3.300348235464,-6.005,4.00951680225));
#10905 = CARTESIAN_POINT('',(-3.35866132527,-6.005,4.00951680225));
#10906 = FACE_BOUND('',#10907,.T.);
#10907 = EDGE_LOOP('',(#10908,#10919,#10928,#10936,#10944,#10953,#10962,
    #10971));
#10908 = ORIENTED_EDGE('',*,*,#10909,.F.);
#10909 = EDGE_CURVE('',#10910,#10912,#10914,.T.);
#10910 = VERTEX_POINT('',#10911);
#10911 = CARTESIAN_POINT('',(-3.41134239303,-6.005,3.860831420215));
#10912 = VERTEX_POINT('',#10913);
#10913 = CARTESIAN_POINT('',(-3.422606437123,-6.005,3.830158561684));
#10914 = B_SPLINE_CURVE_WITH_KNOTS('',3,(#10915,#10916,#10917,#10918),
  .UNSPECIFIED.,.F.,.F.,(4,4),(1.,2.),.PIECEWISE_BEZIER_KNOTS.);
#10915 = CARTESIAN_POINT('',(-3.41134239303,-6.005,3.860831420215));
#10916 = CARTESIAN_POINT('',(-3.418793991431,-6.005,3.853553114802));
#10917 = CARTESIAN_POINT('',(-3.422606437123,-6.005,3.843328828625));
#10918 = CARTESIAN_POINT('',(-3.422606437123,-6.005,3.830158561684));
#10919 = ORIENTED_EDGE('',*,*,#10920,.F.);
#10920 = EDGE_CURVE('',#10921,#10910,#10923,.T.);
#10921 = VERTEX_POINT('',#10922);
#10922 = CARTESIAN_POINT('',(-3.370271955336,-6.005,3.875734617017));
#10923 = B_SPLINE_CURVE_WITH_KNOTS('',3,(#10924,#10925,#10926,#10927),
  .UNSPECIFIED.,.F.,.F.,(4,4),(0.,1.),.PIECEWISE_BEZIER_KNOTS.);
#10924 = CARTESIAN_POINT('',(-3.370271955336,-6.005,3.875734617017));
#10925 = CARTESIAN_POINT('',(-3.390114002238,-6.005,3.872961929238));
#10926 = CARTESIAN_POINT('',(-3.403804148137,-6.005,3.86810972563));
#10927 = CARTESIAN_POINT('',(-3.41134239303,-6.005,3.860831420215));
#10928 = ORIENTED_EDGE('',*,*,#10929,.F.);
#10929 = EDGE_CURVE('',#10930,#10921,#10932,.T.);
#10930 = VERTEX_POINT('',#10931);
#10931 = CARTESIAN_POINT('',(-3.313605148896,-6.005,3.883359508404));
#10932 = LINE('',#10933,#10934);
#10933 = CARTESIAN_POINT('',(-3.313605148896,-6.005,3.883359508404));
#10934 = VECTOR('',#10935,1.);
#10935 = DIRECTION('',(-0.9910683663,0.,-0.133354764894));
#10936 = ORIENTED_EDGE('',*,*,#10937,.F.);
#10937 = EDGE_CURVE('',#10938,#10930,#10940,.T.);
#10938 = VERTEX_POINT('',#10939);
#10939 = CARTESIAN_POINT('',(-3.313605148896,-6.005,3.860138248271));
#10940 = LINE('',#10941,#10942);
#10941 = CARTESIAN_POINT('',(-3.313605148896,-6.005,3.860138248271));
#10942 = VECTOR('',#10943,1.);
#10943 = DIRECTION('',(0.,0.,1.));
#10944 = ORIENTED_EDGE('',*,*,#10945,.F.);
#10945 = EDGE_CURVE('',#10946,#10938,#10948,.T.);
#10946 = VERTEX_POINT('',#10947);
#10947 = CARTESIAN_POINT('',(-3.331800912432,-6.005,3.810749747247));
#10948 = B_SPLINE_CURVE_WITH_KNOTS('',3,(#10949,#10950,#10951,#10952),
  .UNSPECIFIED.,.F.,.F.,(4,4),(5.,6.),.PIECEWISE_BEZIER_KNOTS.);
#10949 = CARTESIAN_POINT('',(-3.331800912432,-6.005,3.810749747247));
#10950 = CARTESIAN_POINT('',(-3.319670403408,-6.005,3.8237467212));
#10951 = CARTESIAN_POINT('',(-3.313605148896,-6.005,3.840209554875));
#10952 = CARTESIAN_POINT('',(-3.313605148896,-6.005,3.860138248271));
#10953 = ORIENTED_EDGE('',*,*,#10954,.F.);
#10954 = EDGE_CURVE('',#10955,#10946,#10957,.T.);
#10955 = VERTEX_POINT('',#10956);
#10956 = CARTESIAN_POINT('',(-3.377896846722,-6.005,3.790994346836));
#10957 = B_SPLINE_CURVE_WITH_KNOTS('',3,(#10958,#10959,#10960,#10961),
  .UNSPECIFIED.,.F.,.F.,(4,4),(4.,5.),.PIECEWISE_BEZIER_KNOTS.);
#10958 = CARTESIAN_POINT('',(-3.377896846722,-6.005,3.790994346836));
#10959 = CARTESIAN_POINT('',(-3.359267850721,-6.005,3.790994346836));
#10960 = CARTESIAN_POINT('',(-3.343844774963,-6.005,3.797579480306));
#10961 = CARTESIAN_POINT('',(-3.331800912432,-6.005,3.810749747247));
#10962 = ORIENTED_EDGE('',*,*,#10963,.F.);
#10963 = EDGE_CURVE('',#10964,#10955,#10966,.T.);
#10964 = VERTEX_POINT('',#10965);
#10965 = CARTESIAN_POINT('',(-3.410302635114,-6.005,3.801911804957));
#10966 = B_SPLINE_CURVE_WITH_KNOTS('',3,(#10967,#10968,#10969,#10970),
  .UNSPECIFIED.,.F.,.F.,(4,4),(3.,4.),.PIECEWISE_BEZIER_KNOTS.);
#10967 = CARTESIAN_POINT('',(-3.410302635114,-6.005,3.801911804957));
#10968 = CARTESIAN_POINT('',(-3.402157864769,-6.005,3.794633499544));
#10969 = CARTESIAN_POINT('',(-3.391327053142,-6.005,3.790994346836));
#10970 = CARTESIAN_POINT('',(-3.377896846722,-6.005,3.790994346836));
#10971 = ORIENTED_EDGE('',*,*,#10972,.F.);
#10972 = EDGE_CURVE('',#10912,#10964,#10973,.T.);
#10973 = B_SPLINE_CURVE_WITH_KNOTS('',3,(#10974,#10975,#10976,#10977),
  .UNSPECIFIED.,.F.,.F.,(4,4),(2.,3.),.PIECEWISE_BEZIER_KNOTS.);
#10974 = CARTESIAN_POINT('',(-3.422606437123,-6.005,3.830158561684));
#10975 = CARTESIAN_POINT('',(-3.422606437123,-6.005,3.81854793162));
#10976 = CARTESIAN_POINT('',(-3.418534051951,-6.005,3.809190110372));
#10977 = CARTESIAN_POINT('',(-3.410302635114,-6.005,3.801911804957));
#10978 = PLANE('',#10979);
#10979 = AXIS2_PLACEMENT_3D('',#10980,#10981,#10982);
#10980 = CARTESIAN_POINT('',(-3.403165130251,-6.005,4.003906441826));
#10981 = DIRECTION('',(0.,-1.,0.));
#10982 = DIRECTION('',(0.,-0.,-1.));
#10983 = ADVANCED_FACE('',(#10984),#11000,.F.);
#10984 = FACE_BOUND('',#10985,.F.);
#10985 = EDGE_LOOP('',(#10986,#10992,#10993,#10999));
#10986 = ORIENTED_EDGE('',*,*,#10987,.F.);
#10987 = EDGE_CURVE('',#10788,#701,#10988,.T.);
#10988 = LINE('',#10989,#10990);
#10989 = CARTESIAN_POINT('',(-3.35866132527,-6.005,4.00951680225));
#10990 = VECTOR('',#10991,1.);
#10991 = DIRECTION('',(-0.,1.,-0.));
#10992 = ORIENTED_EDGE('',*,*,#10787,.T.);
#10993 = ORIENTED_EDGE('',*,*,#10994,.T.);
#10994 = EDGE_CURVE('',#10790,#703,#10995,.T.);
#10995 = LINE('',#10996,#10997);
#10996 = CARTESIAN_POINT('',(-3.442015251562,-6.005,3.986988714063));
#10997 = VECTOR('',#10998,1.);
#10998 = DIRECTION('',(-0.,1.,-0.));
#10999 = ORIENTED_EDGE('',*,*,#700,.F.);
#11000 = B_SPLINE_SURFACE_WITH_KNOTS('',3,1,(
    (#11001,#11002)
    ,(#11003,#11004)
    ,(#11005,#11006)
    ,(#11007,#11008
    )),.UNSPECIFIED.,.F.,.F.,.F.,(4,4),(2,2),(0.,1.),(0.,1.),
  .PIECEWISE_BEZIER_KNOTS.);
#11001 = CARTESIAN_POINT('',(-3.35866132527,-6.005,4.00951680225));
#11002 = CARTESIAN_POINT('',(-3.35866132527,-5.995,4.00951680225));
#11003 = CARTESIAN_POINT('',(-3.390200648731,-6.005,4.00951680225));
#11004 = CARTESIAN_POINT('',(-3.390200648731,-5.995,4.00951680225));
#11005 = CARTESIAN_POINT('',(-3.418014172993,-6.005,4.002065203849));
#11006 = CARTESIAN_POINT('',(-3.418014172993,-5.995,4.002065203849));
#11007 = CARTESIAN_POINT('',(-3.442015251562,-6.005,3.986988714063));
#11008 = CARTESIAN_POINT('',(-3.442015251562,-5.995,3.986988714063));
#11009 = ADVANCED_FACE('',(#11010),#11021,.F.);
#11010 = FACE_BOUND('',#11011,.T.);
#11011 = EDGE_LOOP('',(#11012,#11013,#11019,#11020));
#11012 = ORIENTED_EDGE('',*,*,#814,.T.);
#11013 = ORIENTED_EDGE('',*,*,#11014,.F.);
#11014 = EDGE_CURVE('',#10799,#806,#11015,.T.);
#11015 = LINE('',#11016,#11017);
#11016 = CARTESIAN_POINT('',(-3.442015251562,-6.005,3.945744983381));
#11017 = VECTOR('',#11018,1.);
#11018 = DIRECTION('',(-0.,1.,-0.));
#11019 = ORIENTED_EDGE('',*,*,#10798,.F.);
#11020 = ORIENTED_EDGE('',*,*,#10994,.T.);
#11021 = PLANE('',#11022);
#11022 = AXIS2_PLACEMENT_3D('',#11023,#11024,#11025);
#11023 = CARTESIAN_POINT('',(-3.442015251562,-6.005,3.945744983381));
#11024 = DIRECTION('',(1.,0.,-0.));
#11025 = DIRECTION('',(-0.,0.,-1.));
#11026 = ADVANCED_FACE('',(#11027),#11038,.F.);
#11027 = FACE_BOUND('',#11028,.F.);
#11028 = EDGE_LOOP('',(#11029,#11030,#11031,#11037));
#11029 = ORIENTED_EDGE('',*,*,#11014,.F.);
#11030 = ORIENTED_EDGE('',*,*,#10806,.T.);
#11031 = ORIENTED_EDGE('',*,*,#11032,.T.);
#11032 = EDGE_CURVE('',#10807,#797,#11033,.T.);
#11033 = LINE('',#11034,#11035);
#11034 = CARTESIAN_POINT('',(-3.362647063949,-6.005,3.975031498025));
#11035 = VECTOR('',#11036,1.);
#11036 = DIRECTION('',(-0.,1.,-0.));
#11037 = ORIENTED_EDGE('',*,*,#805,.F.);
#11038 = B_SPLINE_SURFACE_WITH_KNOTS('',3,1,(
    (#11039,#11040)
    ,(#11041,#11042)
    ,(#11043,#11044)
    ,(#11045,#11046
    )),.UNSPECIFIED.,.F.,.F.,.F.,(4,4),(2,2),(12.,13.),(0.,1.),
  .PIECEWISE_BEZIER_KNOTS.);
#11039 = CARTESIAN_POINT('',(-3.442015251562,-6.005,3.945744983381));
#11040 = CARTESIAN_POINT('',(-3.442015251562,-5.995,3.945744983381));
#11041 = CARTESIAN_POINT('',(-3.418100819486,-6.005,3.96515379782));
#11042 = CARTESIAN_POINT('',(-3.418100819486,-5.995,3.96515379782));
#11043 = CARTESIAN_POINT('',(-3.391673639113,-6.005,3.975031498025));
#11044 = CARTESIAN_POINT('',(-3.391673639113,-5.995,3.975031498025));
#11045 = CARTESIAN_POINT('',(-3.362647063949,-6.005,3.975031498025));
#11046 = CARTESIAN_POINT('',(-3.362647063949,-5.995,3.975031498025));
#11047 = ADVANCED_FACE('',(#11048),#11059,.F.);
#11048 = FACE_BOUND('',#11049,.F.);
#11049 = EDGE_LOOP('',(#11050,#11051,#11052,#11058));
#11050 = ORIENTED_EDGE('',*,*,#11032,.F.);
#11051 = ORIENTED_EDGE('',*,*,#10815,.T.);
#11052 = ORIENTED_EDGE('',*,*,#11053,.T.);
#11053 = EDGE_CURVE('',#10816,#789,#11054,.T.);
#11054 = LINE('',#11055,#11056);
#11055 = CARTESIAN_POINT('',(-3.313605148896,-6.005,3.915765296796));
#11056 = VECTOR('',#11057,1.);
#11057 = DIRECTION('',(-0.,1.,-0.));
#11058 = ORIENTED_EDGE('',*,*,#796,.F.);
#11059 = B_SPLINE_SURFACE_WITH_KNOTS('',3,1,(
    (#11060,#11061)
    ,(#11062,#11063)
    ,(#11064,#11065)
    ,(#11066,#11067
    )),.UNSPECIFIED.,.F.,.F.,.F.,(4,4),(2,2),(11.,12.),(0.,1.),
  .PIECEWISE_BEZIER_KNOTS.);
#11060 = CARTESIAN_POINT('',(-3.362647063949,-6.005,3.975031498025));
#11061 = CARTESIAN_POINT('',(-3.362647063949,-5.995,3.975031498025));
#11062 = CARTESIAN_POINT('',(-3.329981336078,-6.005,3.975031498025));
#11063 = CARTESIAN_POINT('',(-3.329981336078,-5.995,3.975031498025));
#11064 = CARTESIAN_POINT('',(-3.313605148896,-6.005,3.955276097614));
#11065 = CARTESIAN_POINT('',(-3.313605148896,-5.995,3.955276097614));
#11066 = CARTESIAN_POINT('',(-3.313605148896,-6.005,3.915765296796));
#11067 = CARTESIAN_POINT('',(-3.313605148896,-5.995,3.915765296796));
#11068 = ADVANCED_FACE('',(#11069),#11080,.F.);
#11069 = FACE_BOUND('',#11070,.T.);
#11070 = EDGE_LOOP('',(#11071,#11072,#11078,#11079));
#11071 = ORIENTED_EDGE('',*,*,#788,.T.);
#11072 = ORIENTED_EDGE('',*,*,#11073,.F.);
#11073 = EDGE_CURVE('',#10825,#780,#11074,.T.);
#11074 = LINE('',#11075,#11076);
#11075 = CARTESIAN_POINT('',(-3.385348445123,-6.005,3.905714303604));
#11076 = VECTOR('',#11077,1.);
#11077 = DIRECTION('',(-0.,1.,-0.));
#11078 = ORIENTED_EDGE('',*,*,#10824,.F.);
#11079 = ORIENTED_EDGE('',*,*,#11053,.T.);
#11080 = PLANE('',#11081);
#11081 = AXIS2_PLACEMENT_3D('',#11082,#11083,#11084);
#11082 = CARTESIAN_POINT('',(-3.385348445123,-6.005,3.905714303604));
#11083 = DIRECTION('',(0.138741688482,0.,-0.990328603988));
#11084 = DIRECTION('',(-0.990328603988,0.,-0.138741688482));
#11085 = ADVANCED_FACE('',(#11086),#11097,.F.);
#11086 = FACE_BOUND('',#11087,.F.);
#11087 = EDGE_LOOP('',(#11088,#11089,#11090,#11096));
#11088 = ORIENTED_EDGE('',*,*,#11073,.F.);
#11089 = ORIENTED_EDGE('',*,*,#10832,.T.);
#11090 = ORIENTED_EDGE('',*,*,#11091,.T.);
#11091 = EDGE_CURVE('',#10833,#771,#11092,.T.);
#11092 = LINE('',#11093,#11094);
#11093 = CARTESIAN_POINT('',(-3.465669744158,-6.005,3.826692701964));
#11094 = VECTOR('',#11095,1.);
#11095 = DIRECTION('',(-0.,1.,-0.));
#11096 = ORIENTED_EDGE('',*,*,#779,.F.);
#11097 = B_SPLINE_SURFACE_WITH_KNOTS('',3,1,(
    (#11098,#11099)
    ,(#11100,#11101)
    ,(#11102,#11103)
    ,(#11104,#11105
    )),.UNSPECIFIED.,.F.,.F.,.F.,(4,4),(2,2),(9.,10.),(0.,1.),
  .PIECEWISE_BEZIER_KNOTS.);
#11098 = CARTESIAN_POINT('',(-3.385348445123,-6.005,3.905714303604));
#11099 = CARTESIAN_POINT('',(-3.385348445123,-5.995,3.905714303604));
#11100 = CARTESIAN_POINT('',(-3.438895977812,-6.005,3.898262705203));
#11101 = CARTESIAN_POINT('',(-3.438895977812,-5.995,3.898262705203));
#11102 = CARTESIAN_POINT('',(-3.465669744158,-6.005,3.871922171323));
#11103 = CARTESIAN_POINT('',(-3.465669744158,-5.995,3.871922171323));
#11104 = CARTESIAN_POINT('',(-3.465669744158,-6.005,3.826692701964));
#11105 = CARTESIAN_POINT('',(-3.465669744158,-5.995,3.826692701964));
#11106 = ADVANCED_FACE('',(#11107),#11118,.F.);
#11107 = FACE_BOUND('',#11108,.F.);
#11108 = EDGE_LOOP('',(#11109,#11110,#11111,#11117));
#11109 = ORIENTED_EDGE('',*,*,#11091,.F.);
#11110 = ORIENTED_EDGE('',*,*,#10841,.T.);
#11111 = ORIENTED_EDGE('',*,*,#11112,.T.);
#11112 = EDGE_CURVE('',#10842,#762,#11113,.T.);
#11113 = LINE('',#11114,#11115);
#11114 = CARTESIAN_POINT('',(-3.444874585831,-6.005,3.775224685105));
#11115 = VECTOR('',#11116,1.);
#11116 = DIRECTION('',(-0.,1.,-0.));
#11117 = ORIENTED_EDGE('',*,*,#770,.F.);
#11118 = B_SPLINE_SURFACE_WITH_KNOTS('',3,1,(
    (#11119,#11120)
    ,(#11121,#11122)
    ,(#11123,#11124)
    ,(#11125,#11126
    )),.UNSPECIFIED.,.F.,.F.,.F.,(4,4),(2,2),(8.,9.),(0.,1.),
  .PIECEWISE_BEZIER_KNOTS.);
#11119 = CARTESIAN_POINT('',(-3.465669744158,-6.005,3.826692701964));
#11120 = CARTESIAN_POINT('',(-3.465669744158,-5.995,3.826692701964));
#11121 = CARTESIAN_POINT('',(-3.465669744158,-6.005,3.805031078707));
#11122 = CARTESIAN_POINT('',(-3.465669744158,-5.995,3.805031078707));
#11123 = CARTESIAN_POINT('',(-3.458738024716,-6.005,3.787875073086));
#11124 = CARTESIAN_POINT('',(-3.458738024716,-5.995,3.787875073086));
#11125 = CARTESIAN_POINT('',(-3.444874585831,-6.005,3.775224685105));
#11126 = CARTESIAN_POINT('',(-3.444874585831,-5.995,3.775224685105));
#11127 = ADVANCED_FACE('',(#11128),#11139,.F.);
#11128 = FACE_BOUND('',#11129,.F.);
#11129 = EDGE_LOOP('',(#11130,#11131,#11132,#11138));
#11130 = ORIENTED_EDGE('',*,*,#11112,.F.);
#11131 = ORIENTED_EDGE('',*,*,#10850,.T.);
#11132 = ORIENTED_EDGE('',*,*,#11133,.T.);
#11133 = EDGE_CURVE('',#10851,#753,#11134,.T.);
#11134 = LINE('',#11135,#11136);
#11135 = CARTESIAN_POINT('',(-3.388900951336,-6.005,3.75616245664));
#11136 = VECTOR('',#11137,1.);
#11137 = DIRECTION('',(-0.,1.,-0.));
#11138 = ORIENTED_EDGE('',*,*,#761,.F.);
#11139 = B_SPLINE_SURFACE_WITH_KNOTS('',3,1,(
    (#11140,#11141)
    ,(#11142,#11143)
    ,(#11144,#11145)
    ,(#11146,#11147
    )),.UNSPECIFIED.,.F.,.F.,.F.,(4,4),(2,2),(7.,8.),(0.,1.),
  .PIECEWISE_BEZIER_KNOTS.);
#11140 = CARTESIAN_POINT('',(-3.444874585831,-6.005,3.775224685105));
#11141 = CARTESIAN_POINT('',(-3.444874585831,-5.995,3.775224685105));
#11142 = CARTESIAN_POINT('',(-3.431011146947,-6.005,3.762574297124));
#11143 = CARTESIAN_POINT('',(-3.431011146947,-5.995,3.762574297124));
#11144 = CARTESIAN_POINT('',(-3.412382150946,-6.005,3.75616245664));
#11145 = CARTESIAN_POINT('',(-3.412382150946,-5.995,3.75616245664));
#11146 = CARTESIAN_POINT('',(-3.388900951336,-6.005,3.75616245664));
#11147 = CARTESIAN_POINT('',(-3.388900951336,-5.995,3.75616245664));
#11148 = ADVANCED_FACE('',(#11149),#11160,.F.);
#11149 = FACE_BOUND('',#11150,.F.);
#11150 = EDGE_LOOP('',(#11151,#11152,#11153,#11159));
#11151 = ORIENTED_EDGE('',*,*,#11133,.F.);
#11152 = ORIENTED_EDGE('',*,*,#10859,.T.);
#11153 = ORIENTED_EDGE('',*,*,#11154,.T.);
#11154 = EDGE_CURVE('',#10860,#745,#11155,.T.);
#11155 = LINE('',#11156,#11157);
#11156 = CARTESIAN_POINT('',(-3.314731553306,-6.005,3.799312410167));
#11157 = VECTOR('',#11158,1.);
#11158 = DIRECTION('',(-0.,1.,-0.));
#11159 = ORIENTED_EDGE('',*,*,#752,.F.);
#11160 = B_SPLINE_SURFACE_WITH_KNOTS('',3,1,(
    (#11161,#11162)
    ,(#11163,#11164)
    ,(#11165,#11166)
    ,(#11167,#11168
    )),.UNSPECIFIED.,.F.,.F.,.F.,(4,4),(2,2),(6.,7.),(0.,1.),
  .PIECEWISE_BEZIER_KNOTS.);
#11161 = CARTESIAN_POINT('',(-3.388900951336,-6.005,3.75616245664));
#11162 = CARTESIAN_POINT('',(-3.388900951336,-5.995,3.75616245664));
#11163 = CARTESIAN_POINT('',(-3.356235223465,-6.005,3.75616245664));
#11164 = CARTESIAN_POINT('',(-3.356235223465,-5.995,3.75616245664));
#11165 = CARTESIAN_POINT('',(-3.331454326459,-6.005,3.770545774482));
#11166 = CARTESIAN_POINT('',(-3.331454326459,-5.995,3.770545774482));
#11167 = CARTESIAN_POINT('',(-3.314731553306,-6.005,3.799312410167));
#11168 = CARTESIAN_POINT('',(-3.314731553306,-5.995,3.799312410167));
#11169 = ADVANCED_FACE('',(#11170),#11181,.F.);
#11170 = FACE_BOUND('',#11171,.T.);
#11171 = EDGE_LOOP('',(#11172,#11173,#11179,#11180));
#11172 = ORIENTED_EDGE('',*,*,#744,.T.);
#11173 = ORIENTED_EDGE('',*,*,#11174,.F.);
#11174 = EDGE_CURVE('',#10869,#737,#11175,.T.);
#11175 = LINE('',#11176,#11177);
#11176 = CARTESIAN_POINT('',(-3.313605148896,-6.005,3.799312410167));
#11177 = VECTOR('',#11178,1.);
#11178 = DIRECTION('',(-0.,1.,-0.));
#11179 = ORIENTED_EDGE('',*,*,#10868,.F.);
#11180 = ORIENTED_EDGE('',*,*,#11154,.T.);
#11181 = PLANE('',#11182);
#11182 = AXIS2_PLACEMENT_3D('',#11183,#11184,#11185);
#11183 = CARTESIAN_POINT('',(-3.313605148896,-6.005,3.799312410167));
#11184 = DIRECTION('',(0.,0.,1.));
#11185 = DIRECTION('',(1.,0.,-0.));
#11186 = ADVANCED_FACE('',(#11187),#11198,.F.);
#11187 = FACE_BOUND('',#11188,.T.);
#11188 = EDGE_LOOP('',(#11189,#11190,#11196,#11197));
#11189 = ORIENTED_EDGE('',*,*,#736,.T.);
#11190 = ORIENTED_EDGE('',*,*,#11191,.F.);
#11191 = EDGE_CURVE('',#10877,#729,#11192,.T.);
#11192 = LINE('',#11193,#11194);
#11193 = CARTESIAN_POINT('',(-3.313605148896,-6.005,3.76188112518));
#11194 = VECTOR('',#11195,1.);
#11195 = DIRECTION('',(-0.,1.,-0.));
#11196 = ORIENTED_EDGE('',*,*,#10876,.F.);
#11197 = ORIENTED_EDGE('',*,*,#11174,.T.);
#11198 = PLANE('',#11199);
#11199 = AXIS2_PLACEMENT_3D('',#11200,#11201,#11202);
#11200 = CARTESIAN_POINT('',(-3.313605148896,-6.005,3.76188112518));
#11201 = DIRECTION('',(1.,0.,-0.));
#11202 = DIRECTION('',(-0.,0.,-1.));
#11203 = ADVANCED_FACE('',(#11204),#11215,.F.);
#11204 = FACE_BOUND('',#11205,.T.);
#11205 = EDGE_LOOP('',(#11206,#11207,#11213,#11214));
#11206 = ORIENTED_EDGE('',*,*,#728,.T.);
#11207 = ORIENTED_EDGE('',*,*,#11208,.F.);
#11208 = EDGE_CURVE('',#10885,#721,#11209,.T.);
#11209 = LINE('',#11210,#11211);
#11210 = CARTESIAN_POINT('',(-3.271148367313,-6.005,3.76188112518));
#11211 = VECTOR('',#11212,1.);
#11212 = DIRECTION('',(-0.,1.,-0.));
#11213 = ORIENTED_EDGE('',*,*,#10884,.F.);
#11214 = ORIENTED_EDGE('',*,*,#11191,.T.);
#11215 = PLANE('',#11216);
#11216 = AXIS2_PLACEMENT_3D('',#11217,#11218,#11219);
#11217 = CARTESIAN_POINT('',(-3.271148367313,-6.005,3.76188112518));
#11218 = DIRECTION('',(0.,0.,1.));
#11219 = DIRECTION('',(1.,0.,-0.));
#11220 = ADVANCED_FACE('',(#11221),#11232,.F.);
#11221 = FACE_BOUND('',#11222,.T.);
#11222 = EDGE_LOOP('',(#11223,#11224,#11230,#11231));
#11223 = ORIENTED_EDGE('',*,*,#720,.T.);
#11224 = ORIENTED_EDGE('',*,*,#11225,.F.);
#11225 = EDGE_CURVE('',#10893,#712,#11226,.T.);
#11226 = LINE('',#11227,#11228);
#11227 = CARTESIAN_POINT('',(-3.271148367313,-6.005,3.91767151964));
#11228 = VECTOR('',#11229,1.);
#11229 = DIRECTION('',(-0.,1.,-0.));
#11230 = ORIENTED_EDGE('',*,*,#10892,.F.);
#11231 = ORIENTED_EDGE('',*,*,#11208,.T.);
#11232 = PLANE('',#11233);
#11233 = AXIS2_PLACEMENT_3D('',#11234,#11235,#11236);
#11234 = CARTESIAN_POINT('',(-3.271148367313,-6.005,3.91767151964));
#11235 = DIRECTION('',(-1.,0.,-0.));
#11236 = DIRECTION('',(0.,0.,1.));
#11237 = ADVANCED_FACE('',(#11238),#11244,.F.);
#11238 = FACE_BOUND('',#11239,.F.);
#11239 = EDGE_LOOP('',(#11240,#11241,#11242,#11243));
#11240 = ORIENTED_EDGE('',*,*,#11225,.F.);
#11241 = ORIENTED_EDGE('',*,*,#10900,.T.);
#11242 = ORIENTED_EDGE('',*,*,#10987,.T.);
#11243 = ORIENTED_EDGE('',*,*,#711,.F.);
#11244 = B_SPLINE_SURFACE_WITH_KNOTS('',3,1,(
    (#11245,#11246)
    ,(#11247,#11248)
    ,(#11249,#11250)
    ,(#11251,#11252
    )),.UNSPECIFIED.,.F.,.F.,.F.,(4,4),(2,2),(1.,2.),(0.,1.),
  .PIECEWISE_BEZIER_KNOTS.);
#11245 = CARTESIAN_POINT('',(-3.271148367313,-6.005,3.91767151964));
#11246 = CARTESIAN_POINT('',(-3.271148367313,-5.995,3.91767151964));
#11247 = CARTESIAN_POINT('',(-3.271148367313,-6.005,3.979017236704));
#11248 = CARTESIAN_POINT('',(-3.271148367313,-5.995,3.979017236704));
#11249 = CARTESIAN_POINT('',(-3.300348235464,-6.005,4.00951680225));
#11250 = CARTESIAN_POINT('',(-3.300348235464,-5.995,4.00951680225));
#11251 = CARTESIAN_POINT('',(-3.35866132527,-6.005,4.00951680225));
#11252 = CARTESIAN_POINT('',(-3.35866132527,-5.995,4.00951680225));
#11253 = ADVANCED_FACE('',(#11254),#11280,.T.);
#11254 = FACE_BOUND('',#11255,.T.);
#11255 = EDGE_LOOP('',(#11256,#11267,#11273,#11274));
#11256 = ORIENTED_EDGE('',*,*,#11257,.F.);
#11257 = EDGE_CURVE('',#11258,#11260,#11262,.T.);
#11258 = VERTEX_POINT('',#11259);
#11259 = CARTESIAN_POINT('',(-3.370271955336,-5.995,3.875734617017));
#11260 = VERTEX_POINT('',#11261);
#11261 = CARTESIAN_POINT('',(-3.41134239303,-5.995,3.860831420215));
#11262 = B_SPLINE_CURVE_WITH_KNOTS('',3,(#11263,#11264,#11265,#11266),
  .UNSPECIFIED.,.F.,.F.,(4,4),(0.,1.),.PIECEWISE_BEZIER_KNOTS.);
#11263 = CARTESIAN_POINT('',(-3.370271955336,-5.995,3.875734617017));
#11264 = CARTESIAN_POINT('',(-3.390114002238,-5.995,3.872961929238));
#11265 = CARTESIAN_POINT('',(-3.403804148137,-5.995,3.86810972563));
#11266 = CARTESIAN_POINT('',(-3.41134239303,-5.995,3.860831420215));
#11267 = ORIENTED_EDGE('',*,*,#11268,.F.);
#11268 = EDGE_CURVE('',#10921,#11258,#11269,.T.);
#11269 = LINE('',#11270,#11271);
#11270 = CARTESIAN_POINT('',(-3.370271955336,-6.005,3.875734617017));
#11271 = VECTOR('',#11272,1.);
#11272 = DIRECTION('',(-0.,1.,-0.));
#11273 = ORIENTED_EDGE('',*,*,#10920,.T.);
#11274 = ORIENTED_EDGE('',*,*,#11275,.T.);
#11275 = EDGE_CURVE('',#10910,#11260,#11276,.T.);
#11276 = LINE('',#11277,#11278);
#11277 = CARTESIAN_POINT('',(-3.41134239303,-6.005,3.860831420215));
#11278 = VECTOR('',#11279,1.);
#11279 = DIRECTION('',(-0.,1.,-0.));
#11280 = B_SPLINE_SURFACE_WITH_KNOTS('',3,1,(
    (#11281,#11282)
    ,(#11283,#11284)
    ,(#11285,#11286)
    ,(#11287,#11288
    )),.UNSPECIFIED.,.F.,.F.,.F.,(4,4),(2,2),(0.,1.),(0.,1.),
  .PIECEWISE_BEZIER_KNOTS.);
#11281 = CARTESIAN_POINT('',(-3.370271955336,-6.005,3.875734617017));
#11282 = CARTESIAN_POINT('',(-3.370271955336,-5.995,3.875734617017));
#11283 = CARTESIAN_POINT('',(-3.390114002238,-6.005,3.872961929238));
#11284 = CARTESIAN_POINT('',(-3.390114002238,-5.995,3.872961929238));
#11285 = CARTESIAN_POINT('',(-3.403804148137,-6.005,3.86810972563));
#11286 = CARTESIAN_POINT('',(-3.403804148137,-5.995,3.86810972563));
#11287 = CARTESIAN_POINT('',(-3.41134239303,-6.005,3.860831420215));
#11288 = CARTESIAN_POINT('',(-3.41134239303,-5.995,3.860831420215));
#11289 = ADVANCED_FACE('',(#11290),#11309,.T.);
#11290 = FACE_BOUND('',#11291,.T.);
#11291 = EDGE_LOOP('',(#11292,#11301,#11302,#11303));
#11292 = ORIENTED_EDGE('',*,*,#11293,.F.);
#11293 = EDGE_CURVE('',#11260,#11294,#11296,.T.);
#11294 = VERTEX_POINT('',#11295);
#11295 = CARTESIAN_POINT('',(-3.422606437123,-5.995,3.830158561684));
#11296 = B_SPLINE_CURVE_WITH_KNOTS('',3,(#11297,#11298,#11299,#11300),
  .UNSPECIFIED.,.F.,.F.,(4,4),(1.,2.),.PIECEWISE_BEZIER_KNOTS.);
#11297 = CARTESIAN_POINT('',(-3.41134239303,-5.995,3.860831420215));
#11298 = CARTESIAN_POINT('',(-3.418793991431,-5.995,3.853553114802));
#11299 = CARTESIAN_POINT('',(-3.422606437123,-5.995,3.843328828625));
#11300 = CARTESIAN_POINT('',(-3.422606437123,-5.995,3.830158561684));
#11301 = ORIENTED_EDGE('',*,*,#11275,.F.);
#11302 = ORIENTED_EDGE('',*,*,#10909,.T.);
#11303 = ORIENTED_EDGE('',*,*,#11304,.T.);
#11304 = EDGE_CURVE('',#10912,#11294,#11305,.T.);
#11305 = LINE('',#11306,#11307);
#11306 = CARTESIAN_POINT('',(-3.422606437123,-6.005,3.830158561684));
#11307 = VECTOR('',#11308,1.);
#11308 = DIRECTION('',(-0.,1.,-0.));
#11309 = B_SPLINE_SURFACE_WITH_KNOTS('',3,1,(
    (#11310,#11311)
    ,(#11312,#11313)
    ,(#11314,#11315)
    ,(#11316,#11317
    )),.UNSPECIFIED.,.F.,.F.,.F.,(4,4),(2,2),(1.,2.),(0.,1.),
  .PIECEWISE_BEZIER_KNOTS.);
#11310 = CARTESIAN_POINT('',(-3.41134239303,-6.005,3.860831420215));
#11311 = CARTESIAN_POINT('',(-3.41134239303,-5.995,3.860831420215));
#11312 = CARTESIAN_POINT('',(-3.418793991431,-6.005,3.853553114802));
#11313 = CARTESIAN_POINT('',(-3.418793991431,-5.995,3.853553114802));
#11314 = CARTESIAN_POINT('',(-3.422606437123,-6.005,3.843328828625));
#11315 = CARTESIAN_POINT('',(-3.422606437123,-5.995,3.843328828625));
#11316 = CARTESIAN_POINT('',(-3.422606437123,-6.005,3.830158561684));
#11317 = CARTESIAN_POINT('',(-3.422606437123,-5.995,3.830158561684));
#11318 = ADVANCED_FACE('',(#11319),#11338,.T.);
#11319 = FACE_BOUND('',#11320,.T.);
#11320 = EDGE_LOOP('',(#11321,#11330,#11331,#11332));
#11321 = ORIENTED_EDGE('',*,*,#11322,.F.);
#11322 = EDGE_CURVE('',#11294,#11323,#11325,.T.);
#11323 = VERTEX_POINT('',#11324);
#11324 = CARTESIAN_POINT('',(-3.410302635114,-5.995,3.801911804957));
#11325 = B_SPLINE_CURVE_WITH_KNOTS('',3,(#11326,#11327,#11328,#11329),
  .UNSPECIFIED.,.F.,.F.,(4,4),(2.,3.),.PIECEWISE_BEZIER_KNOTS.);
#11326 = CARTESIAN_POINT('',(-3.422606437123,-5.995,3.830158561684));
#11327 = CARTESIAN_POINT('',(-3.422606437123,-5.995,3.81854793162));
#11328 = CARTESIAN_POINT('',(-3.418534051951,-5.995,3.809190110372));
#11329 = CARTESIAN_POINT('',(-3.410302635114,-5.995,3.801911804957));
#11330 = ORIENTED_EDGE('',*,*,#11304,.F.);
#11331 = ORIENTED_EDGE('',*,*,#10972,.T.);
#11332 = ORIENTED_EDGE('',*,*,#11333,.T.);
#11333 = EDGE_CURVE('',#10964,#11323,#11334,.T.);
#11334 = LINE('',#11335,#11336);
#11335 = CARTESIAN_POINT('',(-3.410302635114,-6.005,3.801911804957));
#11336 = VECTOR('',#11337,1.);
#11337 = DIRECTION('',(-0.,1.,-0.));
#11338 = B_SPLINE_SURFACE_WITH_KNOTS('',3,1,(
    (#11339,#11340)
    ,(#11341,#11342)
    ,(#11343,#11344)
    ,(#11345,#11346
    )),.UNSPECIFIED.,.F.,.F.,.F.,(4,4),(2,2),(2.,3.),(0.,1.),
  .PIECEWISE_BEZIER_KNOTS.);
#11339 = CARTESIAN_POINT('',(-3.422606437123,-6.005,3.830158561684));
#11340 = CARTESIAN_POINT('',(-3.422606437123,-5.995,3.830158561684));
#11341 = CARTESIAN_POINT('',(-3.422606437123,-6.005,3.81854793162));
#11342 = CARTESIAN_POINT('',(-3.422606437123,-5.995,3.81854793162));
#11343 = CARTESIAN_POINT('',(-3.418534051951,-6.005,3.809190110372));
#11344 = CARTESIAN_POINT('',(-3.418534051951,-5.995,3.809190110372));
#11345 = CARTESIAN_POINT('',(-3.410302635114,-6.005,3.801911804957));
#11346 = CARTESIAN_POINT('',(-3.410302635114,-5.995,3.801911804957));
#11347 = ADVANCED_FACE('',(#11348),#11367,.T.);
#11348 = FACE_BOUND('',#11349,.T.);
#11349 = EDGE_LOOP('',(#11350,#11359,#11360,#11361));
#11350 = ORIENTED_EDGE('',*,*,#11351,.F.);
#11351 = EDGE_CURVE('',#11323,#11352,#11354,.T.);
#11352 = VERTEX_POINT('',#11353);
#11353 = CARTESIAN_POINT('',(-3.377896846722,-5.995,3.790994346836));
#11354 = B_SPLINE_CURVE_WITH_KNOTS('',3,(#11355,#11356,#11357,#11358),
  .UNSPECIFIED.,.F.,.F.,(4,4),(3.,4.),.PIECEWISE_BEZIER_KNOTS.);
#11355 = CARTESIAN_POINT('',(-3.410302635114,-5.995,3.801911804957));
#11356 = CARTESIAN_POINT('',(-3.402157864769,-5.995,3.794633499544));
#11357 = CARTESIAN_POINT('',(-3.391327053142,-5.995,3.790994346836));
#11358 = CARTESIAN_POINT('',(-3.377896846722,-5.995,3.790994346836));
#11359 = ORIENTED_EDGE('',*,*,#11333,.F.);
#11360 = ORIENTED_EDGE('',*,*,#10963,.T.);
#11361 = ORIENTED_EDGE('',*,*,#11362,.T.);
#11362 = EDGE_CURVE('',#10955,#11352,#11363,.T.);
#11363 = LINE('',#11364,#11365);
#11364 = CARTESIAN_POINT('',(-3.377896846722,-6.005,3.790994346836));
#11365 = VECTOR('',#11366,1.);
#11366 = DIRECTION('',(-0.,1.,-0.));
#11367 = B_SPLINE_SURFACE_WITH_KNOTS('',3,1,(
    (#11368,#11369)
    ,(#11370,#11371)
    ,(#11372,#11373)
    ,(#11374,#11375
    )),.UNSPECIFIED.,.F.,.F.,.F.,(4,4),(2,2),(3.,4.),(0.,1.),
  .PIECEWISE_BEZIER_KNOTS.);
#11368 = CARTESIAN_POINT('',(-3.410302635114,-6.005,3.801911804957));
#11369 = CARTESIAN_POINT('',(-3.410302635114,-5.995,3.801911804957));
#11370 = CARTESIAN_POINT('',(-3.402157864769,-6.005,3.794633499544));
#11371 = CARTESIAN_POINT('',(-3.402157864769,-5.995,3.794633499544));
#11372 = CARTESIAN_POINT('',(-3.391327053142,-6.005,3.790994346836));
#11373 = CARTESIAN_POINT('',(-3.391327053142,-5.995,3.790994346836));
#11374 = CARTESIAN_POINT('',(-3.377896846722,-6.005,3.790994346836));
#11375 = CARTESIAN_POINT('',(-3.377896846722,-5.995,3.790994346836));
#11376 = ADVANCED_FACE('',(#11377),#11396,.T.);
#11377 = FACE_BOUND('',#11378,.T.);
#11378 = EDGE_LOOP('',(#11379,#11388,#11389,#11390));
#11379 = ORIENTED_EDGE('',*,*,#11380,.F.);
#11380 = EDGE_CURVE('',#11352,#11381,#11383,.T.);
#11381 = VERTEX_POINT('',#11382);
#11382 = CARTESIAN_POINT('',(-3.331800912432,-5.995,3.810749747247));
#11383 = B_SPLINE_CURVE_WITH_KNOTS('',3,(#11384,#11385,#11386,#11387),
  .UNSPECIFIED.,.F.,.F.,(4,4),(4.,5.),.PIECEWISE_BEZIER_KNOTS.);
#11384 = CARTESIAN_POINT('',(-3.377896846722,-5.995,3.790994346836));
#11385 = CARTESIAN_POINT('',(-3.359267850721,-5.995,3.790994346836));
#11386 = CARTESIAN_POINT('',(-3.343844774963,-5.995,3.797579480306));
#11387 = CARTESIAN_POINT('',(-3.331800912432,-5.995,3.810749747247));
#11388 = ORIENTED_EDGE('',*,*,#11362,.F.);
#11389 = ORIENTED_EDGE('',*,*,#10954,.T.);
#11390 = ORIENTED_EDGE('',*,*,#11391,.T.);
#11391 = EDGE_CURVE('',#10946,#11381,#11392,.T.);
#11392 = LINE('',#11393,#11394);
#11393 = CARTESIAN_POINT('',(-3.331800912432,-6.005,3.810749747247));
#11394 = VECTOR('',#11395,1.);
#11395 = DIRECTION('',(-0.,1.,-0.));
#11396 = B_SPLINE_SURFACE_WITH_KNOTS('',3,1,(
    (#11397,#11398)
    ,(#11399,#11400)
    ,(#11401,#11402)
    ,(#11403,#11404
    )),.UNSPECIFIED.,.F.,.F.,.F.,(4,4),(2,2),(4.,5.),(0.,1.),
  .PIECEWISE_BEZIER_KNOTS.);
#11397 = CARTESIAN_POINT('',(-3.377896846722,-6.005,3.790994346836));
#11398 = CARTESIAN_POINT('',(-3.377896846722,-5.995,3.790994346836));
#11399 = CARTESIAN_POINT('',(-3.359267850721,-6.005,3.790994346836));
#11400 = CARTESIAN_POINT('',(-3.359267850721,-5.995,3.790994346836));
#11401 = CARTESIAN_POINT('',(-3.343844774963,-6.005,3.797579480306));
#11402 = CARTESIAN_POINT('',(-3.343844774963,-5.995,3.797579480306));
#11403 = CARTESIAN_POINT('',(-3.331800912432,-6.005,3.810749747247));
#11404 = CARTESIAN_POINT('',(-3.331800912432,-5.995,3.810749747247));
#11405 = ADVANCED_FACE('',(#11406),#11425,.T.);
#11406 = FACE_BOUND('',#11407,.T.);
#11407 = EDGE_LOOP('',(#11408,#11417,#11418,#11419));
#11408 = ORIENTED_EDGE('',*,*,#11409,.F.);
#11409 = EDGE_CURVE('',#11381,#11410,#11412,.T.);
#11410 = VERTEX_POINT('',#11411);
#11411 = CARTESIAN_POINT('',(-3.313605148896,-5.995,3.860138248271));
#11412 = B_SPLINE_CURVE_WITH_KNOTS('',3,(#11413,#11414,#11415,#11416),
  .UNSPECIFIED.,.F.,.F.,(4,4),(5.,6.),.PIECEWISE_BEZIER_KNOTS.);
#11413 = CARTESIAN_POINT('',(-3.331800912432,-5.995,3.810749747247));
#11414 = CARTESIAN_POINT('',(-3.319670403408,-5.995,3.8237467212));
#11415 = CARTESIAN_POINT('',(-3.313605148896,-5.995,3.840209554875));
#11416 = CARTESIAN_POINT('',(-3.313605148896,-5.995,3.860138248271));
#11417 = ORIENTED_EDGE('',*,*,#11391,.F.);
#11418 = ORIENTED_EDGE('',*,*,#10945,.T.);
#11419 = ORIENTED_EDGE('',*,*,#11420,.T.);
#11420 = EDGE_CURVE('',#10938,#11410,#11421,.T.);
#11421 = LINE('',#11422,#11423);
#11422 = CARTESIAN_POINT('',(-3.313605148896,-6.005,3.860138248271));
#11423 = VECTOR('',#11424,1.);
#11424 = DIRECTION('',(-0.,1.,-0.));
#11425 = B_SPLINE_SURFACE_WITH_KNOTS('',3,1,(
    (#11426,#11427)
    ,(#11428,#11429)
    ,(#11430,#11431)
    ,(#11432,#11433
    )),.UNSPECIFIED.,.F.,.F.,.F.,(4,4),(2,2),(5.,6.),(0.,1.),
  .PIECEWISE_BEZIER_KNOTS.);
#11426 = CARTESIAN_POINT('',(-3.331800912432,-6.005,3.810749747247));
#11427 = CARTESIAN_POINT('',(-3.331800912432,-5.995,3.810749747247));
#11428 = CARTESIAN_POINT('',(-3.319670403408,-6.005,3.8237467212));
#11429 = CARTESIAN_POINT('',(-3.319670403408,-5.995,3.8237467212));
#11430 = CARTESIAN_POINT('',(-3.313605148896,-6.005,3.840209554875));
#11431 = CARTESIAN_POINT('',(-3.313605148896,-5.995,3.840209554875));
#11432 = CARTESIAN_POINT('',(-3.313605148896,-6.005,3.860138248271));
#11433 = CARTESIAN_POINT('',(-3.313605148896,-5.995,3.860138248271));
#11434 = ADVANCED_FACE('',(#11435),#11453,.T.);
#11435 = FACE_BOUND('',#11436,.T.);
#11436 = EDGE_LOOP('',(#11437,#11445,#11446,#11447));
#11437 = ORIENTED_EDGE('',*,*,#11438,.F.);
#11438 = EDGE_CURVE('',#11410,#11439,#11441,.T.);
#11439 = VERTEX_POINT('',#11440);
#11440 = CARTESIAN_POINT('',(-3.313605148896,-5.995,3.883359508404));
#11441 = LINE('',#11442,#11443);
#11442 = CARTESIAN_POINT('',(-3.313605148896,-5.995,3.860138248271));
#11443 = VECTOR('',#11444,1.);
#11444 = DIRECTION('',(0.,0.,1.));
#11445 = ORIENTED_EDGE('',*,*,#11420,.F.);
#11446 = ORIENTED_EDGE('',*,*,#10937,.T.);
#11447 = ORIENTED_EDGE('',*,*,#11448,.T.);
#11448 = EDGE_CURVE('',#10930,#11439,#11449,.T.);
#11449 = LINE('',#11450,#11451);
#11450 = CARTESIAN_POINT('',(-3.313605148896,-6.005,3.883359508404));
#11451 = VECTOR('',#11452,1.);
#11452 = DIRECTION('',(-0.,1.,-0.));
#11453 = PLANE('',#11454);
#11454 = AXIS2_PLACEMENT_3D('',#11455,#11456,#11457);
#11455 = CARTESIAN_POINT('',(-3.313605148896,-6.005,3.860138248271));
#11456 = DIRECTION('',(-1.,0.,0.));
#11457 = DIRECTION('',(0.,0.,1.));
#11458 = ADVANCED_FACE('',(#11459),#11470,.T.);
#11459 = FACE_BOUND('',#11460,.T.);
#11460 = EDGE_LOOP('',(#11461,#11467,#11468,#11469));
#11461 = ORIENTED_EDGE('',*,*,#11462,.F.);
#11462 = EDGE_CURVE('',#11439,#11258,#11463,.T.);
#11463 = LINE('',#11464,#11465);
#11464 = CARTESIAN_POINT('',(-3.313605148896,-5.995,3.883359508404));
#11465 = VECTOR('',#11466,1.);
#11466 = DIRECTION('',(-0.9910683663,0.,-0.133354764894));
#11467 = ORIENTED_EDGE('',*,*,#11448,.F.);
#11468 = ORIENTED_EDGE('',*,*,#10929,.T.);
#11469 = ORIENTED_EDGE('',*,*,#11268,.T.);
#11470 = PLANE('',#11471);
#11471 = AXIS2_PLACEMENT_3D('',#11472,#11473,#11474);
#11472 = CARTESIAN_POINT('',(-3.313605148896,-6.005,3.883359508404));
#11473 = DIRECTION('',(0.133354764894,0.,-0.9910683663));
#11474 = DIRECTION('',(-0.9910683663,0.,-0.133354764894));
#11475 = ADVANCED_FACE('',(#11476),#11486,.F.);
#11476 = FACE_BOUND('',#11477,.T.);
#11477 = EDGE_LOOP('',(#11478,#11479,#11480,#11481,#11482,#11483,#11484,
    #11485));
#11478 = ORIENTED_EDGE('',*,*,#11462,.T.);
#11479 = ORIENTED_EDGE('',*,*,#11257,.T.);
#11480 = ORIENTED_EDGE('',*,*,#11293,.T.);
#11481 = ORIENTED_EDGE('',*,*,#11322,.T.);
#11482 = ORIENTED_EDGE('',*,*,#11351,.T.);
#11483 = ORIENTED_EDGE('',*,*,#11380,.T.);
#11484 = ORIENTED_EDGE('',*,*,#11409,.T.);
#11485 = ORIENTED_EDGE('',*,*,#11438,.T.);
#11486 = PLANE('',#11487);
#11487 = AXIS2_PLACEMENT_3D('',#11488,#11489,#11490);
#11488 = CARTESIAN_POINT('',(-5.75,-5.995,5.));
#11489 = DIRECTION('',(0.,1.,0.));
#11490 = DIRECTION('',(0.,-0.,1.));
#11491 = ADVANCED_FACE('',(#11492),#11518,.F.);
#11492 = FACE_BOUND('',#11493,.F.);
#11493 = EDGE_LOOP('',(#11494,#11502,#11511,#11517));
#11494 = ORIENTED_EDGE('',*,*,#11495,.F.);
#11495 = EDGE_CURVE('',#11496,#1389,#11498,.T.);
#11496 = VERTEX_POINT('',#11497);
#11497 = CARTESIAN_POINT('',(-3.143778022564,-6.005,3.790821053851));
#11498 = LINE('',#11499,#11500);
#11499 = CARTESIAN_POINT('',(-3.143778022564,-6.005,3.790821053851));
#11500 = VECTOR('',#11501,1.);
#11501 = DIRECTION('',(-0.,1.,-0.));
#11502 = ORIENTED_EDGE('',*,*,#11503,.T.);
#11503 = EDGE_CURVE('',#11496,#11504,#11506,.T.);
#11504 = VERTEX_POINT('',#11505);
#11505 = CARTESIAN_POINT('',(-3.213615095944,-6.005,3.814215606966));
#11506 = B_SPLINE_CURVE_WITH_KNOTS('',3,(#11507,#11508,#11509,#11510),
  .UNSPECIFIED.,.F.,.F.,(4,4),(0.,1.),.PIECEWISE_BEZIER_KNOTS.);
#11507 = CARTESIAN_POINT('',(-3.143778022564,-6.005,3.790821053851));
#11508 = CARTESIAN_POINT('',(-3.168732212556,-6.005,3.790821053851));
#11509 = CARTESIAN_POINT('',(-3.191953472687,-6.005,3.798619238223));
#11510 = CARTESIAN_POINT('',(-3.213615095944,-6.005,3.814215606966));
#11511 = ORIENTED_EDGE('',*,*,#11512,.T.);
#11512 = EDGE_CURVE('',#11504,#1391,#11513,.T.);
#11513 = LINE('',#11514,#11515);
#11514 = CARTESIAN_POINT('',(-3.213615095944,-6.005,3.814215606966));
#11515 = VECTOR('',#11516,1.);
#11516 = DIRECTION('',(-0.,1.,-0.));
#11517 = ORIENTED_EDGE('',*,*,#1388,.F.);
#11518 = B_SPLINE_SURFACE_WITH_KNOTS('',3,1,(
    (#11519,#11520)
    ,(#11521,#11522)
    ,(#11523,#11524)
    ,(#11525,#11526
    )),.UNSPECIFIED.,.F.,.F.,.F.,(4,4),(2,2),(0.,1.),(0.,1.),
  .PIECEWISE_BEZIER_KNOTS.);
#11519 = CARTESIAN_POINT('',(-3.143778022564,-6.005,3.790821053851));
#11520 = CARTESIAN_POINT('',(-3.143778022564,-5.995,3.790821053851));
#11521 = CARTESIAN_POINT('',(-3.168732212556,-6.005,3.790821053851));
#11522 = CARTESIAN_POINT('',(-3.168732212556,-5.995,3.790821053851));
#11523 = CARTESIAN_POINT('',(-3.191953472687,-6.005,3.798619238223));
#11524 = CARTESIAN_POINT('',(-3.191953472687,-5.995,3.798619238223));
#11525 = CARTESIAN_POINT('',(-3.213615095944,-6.005,3.814215606966));
#11526 = CARTESIAN_POINT('',(-3.213615095944,-5.995,3.814215606966));
#11527 = ADVANCED_FACE('',(#11528),#11546,.F.);
#11528 = FACE_BOUND('',#11529,.T.);
#11529 = EDGE_LOOP('',(#11530,#11531,#11539,#11545));
#11530 = ORIENTED_EDGE('',*,*,#1569,.T.);
#11531 = ORIENTED_EDGE('',*,*,#11532,.F.);
#11532 = EDGE_CURVE('',#11533,#1561,#11535,.T.);
#11533 = VERTEX_POINT('',#11534);
#11534 = CARTESIAN_POINT('',(-3.213615095944,-6.005,3.770372481497));
#11535 = LINE('',#11536,#11537);
#11536 = CARTESIAN_POINT('',(-3.213615095944,-6.005,3.770372481497));
#11537 = VECTOR('',#11538,1.);
#11538 = DIRECTION('',(-0.,1.,-0.));
#11539 = ORIENTED_EDGE('',*,*,#11540,.F.);
#11540 = EDGE_CURVE('',#11504,#11533,#11541,.T.);
#11541 = LINE('',#11542,#11543);
#11542 = CARTESIAN_POINT('',(-3.213615095944,-6.005,3.770372481497));
#11543 = VECTOR('',#11544,1.);
#11544 = DIRECTION('',(-0.,-0.,-1.));
#11545 = ORIENTED_EDGE('',*,*,#11512,.T.);
#11546 = PLANE('',#11547);
#11547 = AXIS2_PLACEMENT_3D('',#11548,#11549,#11550);
#11548 = CARTESIAN_POINT('',(-3.213615095944,-6.005,3.770372481497));
#11549 = DIRECTION('',(1.,0.,-0.));
#11550 = DIRECTION('',(-0.,0.,-1.));
#11551 = ADVANCED_FACE('',(#11552),#11571,.F.);
#11552 = FACE_BOUND('',#11553,.F.);
#11553 = EDGE_LOOP('',(#11554,#11555,#11564,#11570));
#11554 = ORIENTED_EDGE('',*,*,#11532,.F.);
#11555 = ORIENTED_EDGE('',*,*,#11556,.T.);
#11556 = EDGE_CURVE('',#11533,#11557,#11559,.T.);
#11557 = VERTEX_POINT('',#11558);
#11558 = CARTESIAN_POINT('',(-3.147937054229,-6.005,3.75616245664));
#11559 = B_SPLINE_CURVE_WITH_KNOTS('',3,(#11560,#11561,#11562,#11563),
  .UNSPECIFIED.,.F.,.F.,(4,4),(19.,20.),.PIECEWISE_BEZIER_KNOTS.);
#11560 = CARTESIAN_POINT('',(-3.213615095944,-6.005,3.770372481497));
#11561 = CARTESIAN_POINT('',(-3.19489945345,-6.005,3.761014660249));
#11562 = CARTESIAN_POINT('',(-3.173064537207,-6.005,3.75616245664));
#11563 = CARTESIAN_POINT('',(-3.147937054229,-6.005,3.75616245664));
#11564 = ORIENTED_EDGE('',*,*,#11565,.T.);
#11565 = EDGE_CURVE('',#11557,#1552,#11566,.T.);
#11566 = LINE('',#11567,#11568);
#11567 = CARTESIAN_POINT('',(-3.147937054229,-6.005,3.75616245664));
#11568 = VECTOR('',#11569,1.);
#11569 = DIRECTION('',(-0.,1.,-0.));
#11570 = ORIENTED_EDGE('',*,*,#1560,.F.);
#11571 = B_SPLINE_SURFACE_WITH_KNOTS('',3,1,(
    (#11572,#11573)
    ,(#11574,#11575)
    ,(#11576,#11577)
    ,(#11578,#11579
    )),.UNSPECIFIED.,.F.,.F.,.F.,(4,4),(2,2),(19.,20.),(0.,1.),
  .PIECEWISE_BEZIER_KNOTS.);
#11572 = CARTESIAN_POINT('',(-3.213615095944,-6.005,3.770372481497));
#11573 = CARTESIAN_POINT('',(-3.213615095944,-5.995,3.770372481497));
#11574 = CARTESIAN_POINT('',(-3.19489945345,-6.005,3.761014660249));
#11575 = CARTESIAN_POINT('',(-3.19489945345,-5.995,3.761014660249));
#11576 = CARTESIAN_POINT('',(-3.173064537207,-6.005,3.75616245664));
#11577 = CARTESIAN_POINT('',(-3.173064537207,-5.995,3.75616245664));
#11578 = CARTESIAN_POINT('',(-3.147937054229,-6.005,3.75616245664));
#11579 = CARTESIAN_POINT('',(-3.147937054229,-5.995,3.75616245664));
#11580 = ADVANCED_FACE('',(#11581),#11600,.F.);
#11581 = FACE_BOUND('',#11582,.F.);
#11582 = EDGE_LOOP('',(#11583,#11584,#11593,#11599));
#11583 = ORIENTED_EDGE('',*,*,#11565,.F.);
#11584 = ORIENTED_EDGE('',*,*,#11585,.T.);
#11585 = EDGE_CURVE('',#11557,#11586,#11588,.T.);
#11586 = VERTEX_POINT('',#11587);
#11587 = CARTESIAN_POINT('',(-3.077406808906,-6.005,3.775397978091));
#11588 = B_SPLINE_CURVE_WITH_KNOTS('',3,(#11589,#11590,#11591,#11592),
  .UNSPECIFIED.,.F.,.F.,(4,4),(18.,19.),.PIECEWISE_BEZIER_KNOTS.);
#11589 = CARTESIAN_POINT('',(-3.147937054229,-6.005,3.75616245664));
#11590 = CARTESIAN_POINT('',(-3.119083772052,-6.005,3.75616245664));
#11591 = CARTESIAN_POINT('',(-3.095515925949,-6.005,3.762574297124));
#11592 = CARTESIAN_POINT('',(-3.077406808906,-6.005,3.775397978091));
#11593 = ORIENTED_EDGE('',*,*,#11594,.T.);
#11594 = EDGE_CURVE('',#11586,#1543,#11595,.T.);
#11595 = LINE('',#11596,#11597);
#11596 = CARTESIAN_POINT('',(-3.077406808906,-6.005,3.775397978091));
#11597 = VECTOR('',#11598,1.);
#11598 = DIRECTION('',(-0.,1.,-0.));
#11599 = ORIENTED_EDGE('',*,*,#1551,.F.);
#11600 = B_SPLINE_SURFACE_WITH_KNOTS('',3,1,(
    (#11601,#11602)
    ,(#11603,#11604)
    ,(#11605,#11606)
    ,(#11607,#11608
    )),.UNSPECIFIED.,.F.,.F.,.F.,(4,4),(2,2),(18.,19.),(0.,1.),
  .PIECEWISE_BEZIER_KNOTS.);
#11601 = CARTESIAN_POINT('',(-3.147937054229,-6.005,3.75616245664));
#11602 = CARTESIAN_POINT('',(-3.147937054229,-5.995,3.75616245664));
#11603 = CARTESIAN_POINT('',(-3.119083772052,-6.005,3.75616245664));
#11604 = CARTESIAN_POINT('',(-3.119083772052,-5.995,3.75616245664));
#11605 = CARTESIAN_POINT('',(-3.095515925949,-6.005,3.762574297124));
#11606 = CARTESIAN_POINT('',(-3.095515925949,-5.995,3.762574297124));
#11607 = CARTESIAN_POINT('',(-3.077406808906,-6.005,3.775397978091));
#11608 = CARTESIAN_POINT('',(-3.077406808906,-5.995,3.775397978091));
#11609 = ADVANCED_FACE('',(#11610),#11629,.F.);
#11610 = FACE_BOUND('',#11611,.F.);
#11611 = EDGE_LOOP('',(#11612,#11613,#11622,#11628));
#11612 = ORIENTED_EDGE('',*,*,#11594,.F.);
#11613 = ORIENTED_EDGE('',*,*,#11614,.T.);
#11614 = EDGE_CURVE('',#11586,#11615,#11617,.T.);
#11615 = VERTEX_POINT('',#11616);
#11616 = CARTESIAN_POINT('',(-3.050113163603,-6.005,3.827732459879));
#11617 = B_SPLINE_CURVE_WITH_KNOTS('',3,(#11618,#11619,#11620,#11621),
  .UNSPECIFIED.,.F.,.F.,(4,4),(17.,18.),.PIECEWISE_BEZIER_KNOTS.);
#11618 = CARTESIAN_POINT('',(-3.077406808906,-6.005,3.775397978091));
#11619 = CARTESIAN_POINT('',(-3.059211045371,-6.005,3.788048366075));
#11620 = CARTESIAN_POINT('',(-3.050113163603,-6.005,3.805550957664));
#11621 = CARTESIAN_POINT('',(-3.050113163603,-6.005,3.827732459879));
#11622 = ORIENTED_EDGE('',*,*,#11623,.T.);
#11623 = EDGE_CURVE('',#11615,#1534,#11624,.T.);
#11624 = LINE('',#11625,#11626);
#11625 = CARTESIAN_POINT('',(-3.050113163603,-6.005,3.827732459879));
#11626 = VECTOR('',#11627,1.);
#11627 = DIRECTION('',(-0.,1.,-0.));
#11628 = ORIENTED_EDGE('',*,*,#1542,.F.);
#11629 = B_SPLINE_SURFACE_WITH_KNOTS('',3,1,(
    (#11630,#11631)
    ,(#11632,#11633)
    ,(#11634,#11635)
    ,(#11636,#11637
    )),.UNSPECIFIED.,.F.,.F.,.F.,(4,4),(2,2),(17.,18.),(0.,1.),
  .PIECEWISE_BEZIER_KNOTS.);
#11630 = CARTESIAN_POINT('',(-3.077406808906,-6.005,3.775397978091));
#11631 = CARTESIAN_POINT('',(-3.077406808906,-5.995,3.775397978091));
#11632 = CARTESIAN_POINT('',(-3.059211045371,-6.005,3.788048366075));
#11633 = CARTESIAN_POINT('',(-3.059211045371,-5.995,3.788048366075));
#11634 = CARTESIAN_POINT('',(-3.050113163603,-6.005,3.805550957664));
#11635 = CARTESIAN_POINT('',(-3.050113163603,-5.995,3.805550957664));
#11636 = CARTESIAN_POINT('',(-3.050113163603,-6.005,3.827732459879));
#11637 = CARTESIAN_POINT('',(-3.050113163603,-5.995,3.827732459879));
#11638 = ADVANCED_FACE('',(#11639),#11658,.F.);
#11639 = FACE_BOUND('',#11640,.F.);
#11640 = EDGE_LOOP('',(#11641,#11642,#11651,#11657));
#11641 = ORIENTED_EDGE('',*,*,#11623,.F.);
#11642 = ORIENTED_EDGE('',*,*,#11643,.T.);
#11643 = EDGE_CURVE('',#11615,#11644,#11646,.T.);
#11644 = VERTEX_POINT('',#11645);
#11645 = CARTESIAN_POINT('',(-3.064323188459,-6.005,3.867763139658));
#11646 = B_SPLINE_CURVE_WITH_KNOTS('',3,(#11647,#11648,#11649,#11650),
  .UNSPECIFIED.,.F.,.F.,(4,4),(16.,17.),.PIECEWISE_BEZIER_KNOTS.);
#11647 = CARTESIAN_POINT('',(-3.050113163603,-6.005,3.827732459879));
#11648 = CARTESIAN_POINT('',(-3.050113163603,-6.005,3.843675414597));
#11649 = CARTESIAN_POINT('',(-3.05487872072,-6.005,3.857018974524));
#11650 = CARTESIAN_POINT('',(-3.064323188459,-6.005,3.867763139658));
#11651 = ORIENTED_EDGE('',*,*,#11652,.T.);
#11652 = EDGE_CURVE('',#11644,#1525,#11653,.T.);
#11653 = LINE('',#11654,#11655);
#11654 = CARTESIAN_POINT('',(-3.064323188459,-6.005,3.867763139658));
#11655 = VECTOR('',#11656,1.);
#11656 = DIRECTION('',(-0.,1.,-0.));
#11657 = ORIENTED_EDGE('',*,*,#1533,.F.);
#11658 = B_SPLINE_SURFACE_WITH_KNOTS('',3,1,(
    (#11659,#11660)
    ,(#11661,#11662)
    ,(#11663,#11664)
    ,(#11665,#11666
    )),.UNSPECIFIED.,.F.,.F.,.F.,(4,4),(2,2),(16.,17.),(0.,1.),
  .PIECEWISE_BEZIER_KNOTS.);
#11659 = CARTESIAN_POINT('',(-3.050113163603,-6.005,3.827732459879));
#11660 = CARTESIAN_POINT('',(-3.050113163603,-5.995,3.827732459879));
#11661 = CARTESIAN_POINT('',(-3.050113163603,-6.005,3.843675414597));
#11662 = CARTESIAN_POINT('',(-3.050113163603,-5.995,3.843675414597));
#11663 = CARTESIAN_POINT('',(-3.05487872072,-6.005,3.857018974524));
#11664 = CARTESIAN_POINT('',(-3.05487872072,-5.995,3.857018974524));
#11665 = CARTESIAN_POINT('',(-3.064323188459,-6.005,3.867763139658));
#11666 = CARTESIAN_POINT('',(-3.064323188459,-5.995,3.867763139658));
#11667 = ADVANCED_FACE('',(#11668),#11687,.F.);
#11668 = FACE_BOUND('',#11669,.F.);
#11669 = EDGE_LOOP('',(#11670,#11671,#11680,#11686));
#11670 = ORIENTED_EDGE('',*,*,#11652,.F.);
#11671 = ORIENTED_EDGE('',*,*,#11672,.T.);
#11672 = EDGE_CURVE('',#11644,#11673,#11675,.T.);
#11673 = VERTEX_POINT('',#11674);
#11674 = CARTESIAN_POINT('',(-3.119083772052,-6.005,3.899129170133));
#11675 = B_SPLINE_CURVE_WITH_KNOTS('',3,(#11676,#11677,#11678,#11679),
  .UNSPECIFIED.,.F.,.F.,(4,4),(15.,16.),.PIECEWISE_BEZIER_KNOTS.);
#11676 = CARTESIAN_POINT('',(-3.064323188459,-6.005,3.867763139658));
#11677 = CARTESIAN_POINT('',(-3.073854302692,-6.005,3.878507304793));
#11678 = CARTESIAN_POINT('',(-3.092050066227,-6.005,3.889078176941));
#11679 = CARTESIAN_POINT('',(-3.119083772052,-6.005,3.899129170133));
#11680 = ORIENTED_EDGE('',*,*,#11681,.T.);
#11681 = EDGE_CURVE('',#11673,#1516,#11682,.T.);
#11682 = LINE('',#11683,#11684);
#11683 = CARTESIAN_POINT('',(-3.119083772052,-6.005,3.899129170133));
#11684 = VECTOR('',#11685,1.);
#11685 = DIRECTION('',(-0.,1.,-0.));
#11686 = ORIENTED_EDGE('',*,*,#1524,.F.);
#11687 = B_SPLINE_SURFACE_WITH_KNOTS('',3,1,(
    (#11688,#11689)
    ,(#11690,#11691)
    ,(#11692,#11693)
    ,(#11694,#11695
    )),.UNSPECIFIED.,.F.,.F.,.F.,(4,4),(2,2),(15.,16.),(0.,1.),
  .PIECEWISE_BEZIER_KNOTS.);
#11688 = CARTESIAN_POINT('',(-3.064323188459,-6.005,3.867763139658));
#11689 = CARTESIAN_POINT('',(-3.064323188459,-5.995,3.867763139658));
#11690 = CARTESIAN_POINT('',(-3.073854302692,-6.005,3.878507304793));
#11691 = CARTESIAN_POINT('',(-3.073854302692,-5.995,3.878507304793));
#11692 = CARTESIAN_POINT('',(-3.092050066227,-6.005,3.889078176941));
#11693 = CARTESIAN_POINT('',(-3.092050066227,-5.995,3.889078176941));
#11694 = CARTESIAN_POINT('',(-3.119083772052,-6.005,3.899129170133));
#11695 = CARTESIAN_POINT('',(-3.119083772052,-5.995,3.899129170133));
#11696 = ADVANCED_FACE('',(#11697),#11716,.F.);
#11697 = FACE_BOUND('',#11698,.F.);
#11698 = EDGE_LOOP('',(#11699,#11700,#11709,#11715));
#11699 = ORIENTED_EDGE('',*,*,#11681,.F.);
#11700 = ORIENTED_EDGE('',*,*,#11701,.T.);
#11701 = EDGE_CURVE('',#11673,#11702,#11704,.T.);
#11702 = VERTEX_POINT('',#11703);
#11703 = CARTESIAN_POINT('',(-3.160327502733,-6.005,3.919924328461));
#11704 = B_SPLINE_CURVE_WITH_KNOTS('',3,(#11705,#11706,#11707,#11708),
  .UNSPECIFIED.,.F.,.F.,(4,4),(14.,15.),.PIECEWISE_BEZIER_KNOTS.);
#11705 = CARTESIAN_POINT('',(-3.119083772052,-6.005,3.899129170133));
#11706 = CARTESIAN_POINT('',(-3.140398809337,-6.005,3.907447233463));
#11707 = CARTESIAN_POINT('',(-3.154088955234,-6.005,3.914378952906));
#11708 = CARTESIAN_POINT('',(-3.160327502733,-6.005,3.919924328461));
#11709 = ORIENTED_EDGE('',*,*,#11710,.T.);
#11710 = EDGE_CURVE('',#11702,#1507,#11711,.T.);
#11711 = LINE('',#11712,#11713);
#11712 = CARTESIAN_POINT('',(-3.160327502733,-6.005,3.919924328461));
#11713 = VECTOR('',#11714,1.);
#11714 = DIRECTION('',(-0.,1.,-0.));
#11715 = ORIENTED_EDGE('',*,*,#1515,.F.);
#11716 = B_SPLINE_SURFACE_WITH_KNOTS('',3,1,(
    (#11717,#11718)
    ,(#11719,#11720)
    ,(#11721,#11722)
    ,(#11723,#11724
    )),.UNSPECIFIED.,.F.,.F.,.F.,(4,4),(2,2),(14.,15.),(0.,1.),
  .PIECEWISE_BEZIER_KNOTS.);
#11717 = CARTESIAN_POINT('',(-3.119083772052,-6.005,3.899129170133));
#11718 = CARTESIAN_POINT('',(-3.119083772052,-5.995,3.899129170133));
#11719 = CARTESIAN_POINT('',(-3.140398809337,-6.005,3.907447233463));
#11720 = CARTESIAN_POINT('',(-3.140398809337,-5.995,3.907447233463));
#11721 = CARTESIAN_POINT('',(-3.154088955234,-6.005,3.914378952906));
#11722 = CARTESIAN_POINT('',(-3.154088955234,-5.995,3.914378952906));
#11723 = CARTESIAN_POINT('',(-3.160327502733,-6.005,3.919924328461));
#11724 = CARTESIAN_POINT('',(-3.160327502733,-5.995,3.919924328461));
#11725 = ADVANCED_FACE('',(#11726),#11745,.F.);
#11726 = FACE_BOUND('',#11727,.F.);
#11727 = EDGE_LOOP('',(#11728,#11729,#11738,#11744));
#11728 = ORIENTED_EDGE('',*,*,#11710,.F.);
#11729 = ORIENTED_EDGE('',*,*,#11730,.T.);
#11730 = EDGE_CURVE('',#11702,#11731,#11733,.T.);
#11731 = VERTEX_POINT('',#11732);
#11732 = CARTESIAN_POINT('',(-3.169598677487,-6.005,3.942452416647));
#11733 = B_SPLINE_CURVE_WITH_KNOTS('',3,(#11734,#11735,#11736,#11737),
  .UNSPECIFIED.,.F.,.F.,(4,4),(13.,14.),.PIECEWISE_BEZIER_KNOTS.);
#11734 = CARTESIAN_POINT('',(-3.160327502733,-6.005,3.919924328461));
#11735 = CARTESIAN_POINT('',(-3.166479403738,-6.005,3.925296411027));
#11736 = CARTESIAN_POINT('',(-3.169598677487,-6.005,3.932748009428));
#11737 = CARTESIAN_POINT('',(-3.169598677487,-6.005,3.942452416647));
#11738 = ORIENTED_EDGE('',*,*,#11739,.T.);
#11739 = EDGE_CURVE('',#11731,#1498,#11740,.T.);
#11740 = LINE('',#11741,#11742);
#11741 = CARTESIAN_POINT('',(-3.169598677487,-6.005,3.942452416647));
#11742 = VECTOR('',#11743,1.);
#11743 = DIRECTION('',(-0.,1.,-0.));
#11744 = ORIENTED_EDGE('',*,*,#1506,.F.);
#11745 = B_SPLINE_SURFACE_WITH_KNOTS('',3,1,(
    (#11746,#11747)
    ,(#11748,#11749)
    ,(#11750,#11751)
    ,(#11752,#11753
    )),.UNSPECIFIED.,.F.,.F.,.F.,(4,4),(2,2),(13.,14.),(0.,1.),
  .PIECEWISE_BEZIER_KNOTS.);
#11746 = CARTESIAN_POINT('',(-3.160327502733,-6.005,3.919924328461));
#11747 = CARTESIAN_POINT('',(-3.160327502733,-5.995,3.919924328461));
#11748 = CARTESIAN_POINT('',(-3.166479403738,-6.005,3.925296411027));
#11749 = CARTESIAN_POINT('',(-3.166479403738,-5.995,3.925296411027));
#11750 = CARTESIAN_POINT('',(-3.169598677487,-6.005,3.932748009428));
#11751 = CARTESIAN_POINT('',(-3.169598677487,-5.995,3.932748009428));
#11752 = CARTESIAN_POINT('',(-3.169598677487,-6.005,3.942452416647));
#11753 = CARTESIAN_POINT('',(-3.169598677487,-5.995,3.942452416647));
#11754 = ADVANCED_FACE('',(#11755),#11774,.F.);
#11755 = FACE_BOUND('',#11756,.F.);
#11756 = EDGE_LOOP('',(#11757,#11758,#11767,#11773));
#11757 = ORIENTED_EDGE('',*,*,#11739,.F.);
#11758 = ORIENTED_EDGE('',*,*,#11759,.T.);
#11759 = EDGE_CURVE('',#11731,#11760,#11762,.T.);
#11760 = VERTEX_POINT('',#11761);
#11761 = CARTESIAN_POINT('',(-3.156688350025,-6.005,3.966020262749));
#11762 = B_SPLINE_CURVE_WITH_KNOTS('',3,(#11763,#11764,#11765,#11766),
  .UNSPECIFIED.,.F.,.F.,(4,4),(12.,13.),.PIECEWISE_BEZIER_KNOTS.);
#11763 = CARTESIAN_POINT('',(-3.169598677487,-6.005,3.942452416647));
#11764 = CARTESIAN_POINT('',(-3.169598677487,-6.005,3.952156823864));
#11765 = CARTESIAN_POINT('',(-3.165266352834,-6.005,3.960128301223));
#11766 = CARTESIAN_POINT('',(-3.156688350025,-6.005,3.966020262749));
#11767 = ORIENTED_EDGE('',*,*,#11768,.T.);
#11768 = EDGE_CURVE('',#11760,#1489,#11769,.T.);
#11769 = LINE('',#11770,#11771);
#11770 = CARTESIAN_POINT('',(-3.156688350025,-6.005,3.966020262749));
#11771 = VECTOR('',#11772,1.);
#11772 = DIRECTION('',(-0.,1.,-0.));
#11773 = ORIENTED_EDGE('',*,*,#1497,.F.);
#11774 = B_SPLINE_SURFACE_WITH_KNOTS('',3,1,(
    (#11775,#11776)
    ,(#11777,#11778)
    ,(#11779,#11780)
    ,(#11781,#11782
    )),.UNSPECIFIED.,.F.,.F.,.F.,(4,4),(2,2),(12.,13.),(0.,1.),
  .PIECEWISE_BEZIER_KNOTS.);
#11775 = CARTESIAN_POINT('',(-3.169598677487,-6.005,3.942452416647));
#11776 = CARTESIAN_POINT('',(-3.169598677487,-5.995,3.942452416647));
#11777 = CARTESIAN_POINT('',(-3.169598677487,-6.005,3.952156823864));
#11778 = CARTESIAN_POINT('',(-3.169598677487,-5.995,3.952156823864));
#11779 = CARTESIAN_POINT('',(-3.165266352834,-6.005,3.960128301223));
#11780 = CARTESIAN_POINT('',(-3.165266352834,-5.995,3.960128301223));
#11781 = CARTESIAN_POINT('',(-3.156688350025,-6.005,3.966020262749));
#11782 = CARTESIAN_POINT('',(-3.156688350025,-5.995,3.966020262749));
#11783 = ADVANCED_FACE('',(#11784),#11803,.F.);
#11784 = FACE_BOUND('',#11785,.F.);
#11785 = EDGE_LOOP('',(#11786,#11787,#11796,#11802));
#11786 = ORIENTED_EDGE('',*,*,#11768,.F.);
#11787 = ORIENTED_EDGE('',*,*,#11788,.T.);
#11788 = EDGE_CURVE('',#11760,#11789,#11791,.T.);
#11789 = VERTEX_POINT('',#11790);
#11790 = CARTESIAN_POINT('',(-3.123242803717,-6.005,3.975031498025));
#11791 = B_SPLINE_CURVE_WITH_KNOTS('',3,(#11792,#11793,#11794,#11795),
  .UNSPECIFIED.,.F.,.F.,(4,4),(11.,12.),.PIECEWISE_BEZIER_KNOTS.);
#11792 = CARTESIAN_POINT('',(-3.156688350025,-6.005,3.966020262749));
#11793 = CARTESIAN_POINT('',(-3.148110347216,-6.005,3.972085517261));
#11794 = CARTESIAN_POINT('',(-3.136932949615,-6.005,3.975031498025));
#11795 = CARTESIAN_POINT('',(-3.123242803717,-6.005,3.975031498025));
#11796 = ORIENTED_EDGE('',*,*,#11797,.T.);
#11797 = EDGE_CURVE('',#11789,#1480,#11798,.T.);
#11798 = LINE('',#11799,#11800);
#11799 = CARTESIAN_POINT('',(-3.123242803717,-6.005,3.975031498025));
#11800 = VECTOR('',#11801,1.);
#11801 = DIRECTION('',(-0.,1.,-0.));
#11802 = ORIENTED_EDGE('',*,*,#1488,.F.);
#11803 = B_SPLINE_SURFACE_WITH_KNOTS('',3,1,(
    (#11804,#11805)
    ,(#11806,#11807)
    ,(#11808,#11809)
    ,(#11810,#11811
    )),.UNSPECIFIED.,.F.,.F.,.F.,(4,4),(2,2),(11.,12.),(0.,1.),
  .PIECEWISE_BEZIER_KNOTS.);
#11804 = CARTESIAN_POINT('',(-3.156688350025,-6.005,3.966020262749));
#11805 = CARTESIAN_POINT('',(-3.156688350025,-5.995,3.966020262749));
#11806 = CARTESIAN_POINT('',(-3.148110347216,-6.005,3.972085517261));
#11807 = CARTESIAN_POINT('',(-3.148110347216,-5.995,3.972085517261));
#11808 = CARTESIAN_POINT('',(-3.136932949615,-6.005,3.975031498025));
#11809 = CARTESIAN_POINT('',(-3.136932949615,-5.995,3.975031498025));
#11810 = CARTESIAN_POINT('',(-3.123242803717,-6.005,3.975031498025));
#11811 = CARTESIAN_POINT('',(-3.123242803717,-5.995,3.975031498025));
#11812 = ADVANCED_FACE('',(#11813),#11832,.F.);
#11813 = FACE_BOUND('',#11814,.F.);
#11814 = EDGE_LOOP('',(#11815,#11816,#11825,#11831));
#11815 = ORIENTED_EDGE('',*,*,#11797,.F.);
#11816 = ORIENTED_EDGE('',*,*,#11817,.T.);
#11817 = EDGE_CURVE('',#11789,#11818,#11820,.T.);
#11818 = VERTEX_POINT('',#11819);
#11819 = CARTESIAN_POINT('',(-3.061723793668,-6.005,3.957528906433));
#11820 = B_SPLINE_CURVE_WITH_KNOTS('',3,(#11821,#11822,#11823,#11824),
  .UNSPECIFIED.,.F.,.F.,(4,4),(10.,11.),.PIECEWISE_BEZIER_KNOTS.);
#11821 = CARTESIAN_POINT('',(-3.123242803717,-6.005,3.975031498025));
#11822 = CARTESIAN_POINT('',(-3.100281483065,-6.005,3.975031498025));
#11823 = CARTESIAN_POINT('',(-3.079832910711,-6.005,3.969139536499));
#11824 = CARTESIAN_POINT('',(-3.061723793668,-6.005,3.957528906433));
#11825 = ORIENTED_EDGE('',*,*,#11826,.T.);
#11826 = EDGE_CURVE('',#11818,#1472,#11827,.T.);
#11827 = LINE('',#11828,#11829);
#11828 = CARTESIAN_POINT('',(-3.061723793668,-6.005,3.957528906433));
#11829 = VECTOR('',#11830,1.);
#11830 = DIRECTION('',(-0.,1.,-0.));
#11831 = ORIENTED_EDGE('',*,*,#1479,.F.);
#11832 = B_SPLINE_SURFACE_WITH_KNOTS('',3,1,(
    (#11833,#11834)
    ,(#11835,#11836)
    ,(#11837,#11838)
    ,(#11839,#11840
    )),.UNSPECIFIED.,.F.,.F.,.F.,(4,4),(2,2),(10.,11.),(0.,1.),
  .PIECEWISE_BEZIER_KNOTS.);
#11833 = CARTESIAN_POINT('',(-3.123242803717,-6.005,3.975031498025));
#11834 = CARTESIAN_POINT('',(-3.123242803717,-5.995,3.975031498025));
#11835 = CARTESIAN_POINT('',(-3.100281483065,-6.005,3.975031498025));
#11836 = CARTESIAN_POINT('',(-3.100281483065,-5.995,3.975031498025));
#11837 = CARTESIAN_POINT('',(-3.079832910711,-6.005,3.969139536499));
#11838 = CARTESIAN_POINT('',(-3.079832910711,-5.995,3.969139536499));
#11839 = CARTESIAN_POINT('',(-3.061723793668,-6.005,3.957528906433));
#11840 = CARTESIAN_POINT('',(-3.061723793668,-5.995,3.957528906433));
#11841 = ADVANCED_FACE('',(#11842),#11860,.F.);
#11842 = FACE_BOUND('',#11843,.T.);
#11843 = EDGE_LOOP('',(#11844,#11845,#11853,#11859));
#11844 = ORIENTED_EDGE('',*,*,#1471,.T.);
#11845 = ORIENTED_EDGE('',*,*,#11846,.F.);
#11846 = EDGE_CURVE('',#11847,#1463,#11849,.T.);
#11847 = VERTEX_POINT('',#11848);
#11848 = CARTESIAN_POINT('',(-3.061723793668,-6.005,3.998772637113));
#11849 = LINE('',#11850,#11851);
#11850 = CARTESIAN_POINT('',(-3.061723793668,-6.005,3.998772637113));
#11851 = VECTOR('',#11852,1.);
#11852 = DIRECTION('',(-0.,1.,-0.));
#11853 = ORIENTED_EDGE('',*,*,#11854,.F.);
#11854 = EDGE_CURVE('',#11818,#11847,#11855,.T.);
#11855 = LINE('',#11856,#11857);
#11856 = CARTESIAN_POINT('',(-3.061723793668,-6.005,3.998772637113));
#11857 = VECTOR('',#11858,1.);
#11858 = DIRECTION('',(-0.,-0.,1.));
#11859 = ORIENTED_EDGE('',*,*,#11826,.T.);
#11860 = PLANE('',#11861);
#11861 = AXIS2_PLACEMENT_3D('',#11862,#11863,#11864);
#11862 = CARTESIAN_POINT('',(-3.061723793668,-6.005,3.998772637113));
#11863 = DIRECTION('',(-1.,0.,-0.));
#11864 = DIRECTION('',(0.,0.,1.));
#11865 = ADVANCED_FACE('',(#11866),#11885,.F.);
#11866 = FACE_BOUND('',#11867,.F.);
#11867 = EDGE_LOOP('',(#11868,#11869,#11878,#11884));
#11868 = ORIENTED_EDGE('',*,*,#11846,.F.);
#11869 = ORIENTED_EDGE('',*,*,#11870,.T.);
#11870 = EDGE_CURVE('',#11847,#11871,#11873,.T.);
#11871 = VERTEX_POINT('',#11872);
#11872 = CARTESIAN_POINT('',(-3.119083772052,-6.005,4.00951680225));
#11873 = B_SPLINE_CURVE_WITH_KNOTS('',3,(#11874,#11875,#11876,#11877),
  .UNSPECIFIED.,.F.,.F.,(4,4),(8.,9.),.PIECEWISE_BEZIER_KNOTS.);
#11874 = CARTESIAN_POINT('',(-3.061723793668,-6.005,3.998772637113));
#11875 = CARTESIAN_POINT('',(-3.079399678246,-6.005,4.006050942528));
#11876 = CARTESIAN_POINT('',(-3.098461906712,-6.005,4.00951680225));
#11877 = CARTESIAN_POINT('',(-3.119083772052,-6.005,4.00951680225));
#11878 = ORIENTED_EDGE('',*,*,#11879,.T.);
#11879 = EDGE_CURVE('',#11871,#1454,#11880,.T.);
#11880 = LINE('',#11881,#11882);
#11881 = CARTESIAN_POINT('',(-3.119083772052,-6.005,4.00951680225));
#11882 = VECTOR('',#11883,1.);
#11883 = DIRECTION('',(-0.,1.,-0.));
#11884 = ORIENTED_EDGE('',*,*,#1462,.F.);
#11885 = B_SPLINE_SURFACE_WITH_KNOTS('',3,1,(
    (#11886,#11887)
    ,(#11888,#11889)
    ,(#11890,#11891)
    ,(#11892,#11893
    )),.UNSPECIFIED.,.F.,.F.,.F.,(4,4),(2,2),(8.,9.),(0.,1.),
  .PIECEWISE_BEZIER_KNOTS.);
#11886 = CARTESIAN_POINT('',(-3.061723793668,-6.005,3.998772637113));
#11887 = CARTESIAN_POINT('',(-3.061723793668,-5.995,3.998772637113));
#11888 = CARTESIAN_POINT('',(-3.079399678246,-6.005,4.006050942528));
#11889 = CARTESIAN_POINT('',(-3.079399678246,-5.995,4.006050942528));
#11890 = CARTESIAN_POINT('',(-3.098461906712,-6.005,4.00951680225));
#11891 = CARTESIAN_POINT('',(-3.098461906712,-5.995,4.00951680225));
#11892 = CARTESIAN_POINT('',(-3.119083772052,-6.005,4.00951680225));
#11893 = CARTESIAN_POINT('',(-3.119083772052,-5.995,4.00951680225));
#11894 = ADVANCED_FACE('',(#11895),#11914,.F.);
#11895 = FACE_BOUND('',#11896,.F.);
#11896 = EDGE_LOOP('',(#11897,#11898,#11907,#11913));
#11897 = ORIENTED_EDGE('',*,*,#11879,.F.);
#11898 = ORIENTED_EDGE('',*,*,#11899,.T.);
#11899 = EDGE_CURVE('',#11871,#11900,#11902,.T.);
#11900 = VERTEX_POINT('',#11901);
#11901 = CARTESIAN_POINT('',(-3.186148157654,-6.005,3.990281280796));
#11902 = B_SPLINE_CURVE_WITH_KNOTS('',3,(#11903,#11904,#11905,#11906),
  .UNSPECIFIED.,.F.,.F.,(4,4),(7.,8.),.PIECEWISE_BEZIER_KNOTS.);
#11903 = CARTESIAN_POINT('',(-3.119083772052,-6.005,4.00951680225));
#11904 = CARTESIAN_POINT('',(-3.145597598918,-6.005,4.00951680225));
#11905 = CARTESIAN_POINT('',(-3.167952394119,-6.005,4.003104961766));
#11906 = CARTESIAN_POINT('',(-3.186148157654,-6.005,3.990281280796));
#11907 = ORIENTED_EDGE('',*,*,#11908,.T.);
#11908 = EDGE_CURVE('',#11900,#1445,#11909,.T.);
#11909 = LINE('',#11910,#11911);
#11910 = CARTESIAN_POINT('',(-3.186148157654,-6.005,3.990281280796));
#11911 = VECTOR('',#11912,1.);
#11912 = DIRECTION('',(-0.,1.,-0.));
#11913 = ORIENTED_EDGE('',*,*,#1453,.F.);
#11914 = B_SPLINE_SURFACE_WITH_KNOTS('',3,1,(
    (#11915,#11916)
    ,(#11917,#11918)
    ,(#11919,#11920)
    ,(#11921,#11922
    )),.UNSPECIFIED.,.F.,.F.,.F.,(4,4),(2,2),(7.,8.),(0.,1.),
  .PIECEWISE_BEZIER_KNOTS.);
#11915 = CARTESIAN_POINT('',(-3.119083772052,-6.005,4.00951680225));
#11916 = CARTESIAN_POINT('',(-3.119083772052,-5.995,4.00951680225));
#11917 = CARTESIAN_POINT('',(-3.145597598918,-6.005,4.00951680225));
#11918 = CARTESIAN_POINT('',(-3.145597598918,-5.995,4.00951680225));
#11919 = CARTESIAN_POINT('',(-3.167952394119,-6.005,4.003104961766));
#11920 = CARTESIAN_POINT('',(-3.167952394119,-5.995,4.003104961766));
#11921 = CARTESIAN_POINT('',(-3.186148157654,-6.005,3.990281280796));
#11922 = CARTESIAN_POINT('',(-3.186148157654,-5.995,3.990281280796));
#11923 = ADVANCED_FACE('',(#11924),#11943,.F.);
#11924 = FACE_BOUND('',#11925,.F.);
#11925 = EDGE_LOOP('',(#11926,#11927,#11936,#11942));
#11926 = ORIENTED_EDGE('',*,*,#11908,.F.);
#11927 = ORIENTED_EDGE('',*,*,#11928,.T.);
#11928 = EDGE_CURVE('',#11900,#11929,#11931,.T.);
#11929 = VERTEX_POINT('',#11930);
#11930 = CARTESIAN_POINT('',(-3.213355156465,-6.005,3.938639970954));
#11931 = B_SPLINE_CURVE_WITH_KNOTS('',3,(#11932,#11933,#11934,#11935),
  .UNSPECIFIED.,.F.,.F.,(4,4),(6.,7.),.PIECEWISE_BEZIER_KNOTS.);
#11932 = CARTESIAN_POINT('',(-3.186148157654,-6.005,3.990281280796));
#11933 = CARTESIAN_POINT('',(-3.204257274697,-6.005,3.977284306843));
#11934 = CARTESIAN_POINT('',(-3.213355156465,-6.005,3.960128301223));
#11935 = CARTESIAN_POINT('',(-3.213355156465,-6.005,3.938639970954));
#11936 = ORIENTED_EDGE('',*,*,#11937,.T.);
#11937 = EDGE_CURVE('',#11929,#1436,#11938,.T.);
#11938 = LINE('',#11939,#11940);
#11939 = CARTESIAN_POINT('',(-3.213355156465,-6.005,3.938639970954));
#11940 = VECTOR('',#11941,1.);
#11941 = DIRECTION('',(-0.,1.,-0.));
#11942 = ORIENTED_EDGE('',*,*,#1444,.F.);
#11943 = B_SPLINE_SURFACE_WITH_KNOTS('',3,1,(
    (#11944,#11945)
    ,(#11946,#11947)
    ,(#11948,#11949)
    ,(#11950,#11951
    )),.UNSPECIFIED.,.F.,.F.,.F.,(4,4),(2,2),(6.,7.),(0.,1.),
  .PIECEWISE_BEZIER_KNOTS.);
#11944 = CARTESIAN_POINT('',(-3.186148157654,-6.005,3.990281280796));
#11945 = CARTESIAN_POINT('',(-3.186148157654,-5.995,3.990281280796));
#11946 = CARTESIAN_POINT('',(-3.204257274697,-6.005,3.977284306843));
#11947 = CARTESIAN_POINT('',(-3.204257274697,-5.995,3.977284306843));
#11948 = CARTESIAN_POINT('',(-3.213355156465,-6.005,3.960128301223));
#11949 = CARTESIAN_POINT('',(-3.213355156465,-5.995,3.960128301223));
#11950 = CARTESIAN_POINT('',(-3.213355156465,-6.005,3.938639970954));
#11951 = CARTESIAN_POINT('',(-3.213355156465,-5.995,3.938639970954));
#11952 = ADVANCED_FACE('',(#11953),#11972,.F.);
#11953 = FACE_BOUND('',#11954,.F.);
#11954 = EDGE_LOOP('',(#11955,#11956,#11965,#11971));
#11955 = ORIENTED_EDGE('',*,*,#11937,.F.);
#11956 = ORIENTED_EDGE('',*,*,#11957,.T.);
#11957 = EDGE_CURVE('',#11929,#11958,#11960,.T.);
#11958 = VERTEX_POINT('',#11959);
#11959 = CARTESIAN_POINT('',(-3.201311293934,-6.005,3.900342221036));
#11960 = B_SPLINE_CURVE_WITH_KNOTS('',3,(#11961,#11962,#11963,#11964),
  .UNSPECIFIED.,.F.,.F.,(4,4),(5.,6.),.PIECEWISE_BEZIER_KNOTS.);
#11961 = CARTESIAN_POINT('',(-3.213355156465,-6.005,3.938639970954));
#11962 = CARTESIAN_POINT('',(-3.213355156465,-6.005,3.923736774152));
#11963 = CARTESIAN_POINT('',(-3.209369417785,-6.005,3.910913093185));
#11964 = CARTESIAN_POINT('',(-3.201311293934,-6.005,3.900342221036));
#11965 = ORIENTED_EDGE('',*,*,#11966,.T.);
#11966 = EDGE_CURVE('',#11958,#1427,#11967,.T.);
#11967 = LINE('',#11968,#11969);
#11968 = CARTESIAN_POINT('',(-3.201311293934,-6.005,3.900342221036));
#11969 = VECTOR('',#11970,1.);
#11970 = DIRECTION('',(-0.,1.,-0.));
#11971 = ORIENTED_EDGE('',*,*,#1435,.F.);
#11972 = B_SPLINE_SURFACE_WITH_KNOTS('',3,1,(
    (#11973,#11974)
    ,(#11975,#11976)
    ,(#11977,#11978)
    ,(#11979,#11980
    )),.UNSPECIFIED.,.F.,.F.,.F.,(4,4),(2,2),(5.,6.),(0.,1.),
  .PIECEWISE_BEZIER_KNOTS.);
#11973 = CARTESIAN_POINT('',(-3.213355156465,-6.005,3.938639970954));
#11974 = CARTESIAN_POINT('',(-3.213355156465,-5.995,3.938639970954));
#11975 = CARTESIAN_POINT('',(-3.213355156465,-6.005,3.923736774152));
#11976 = CARTESIAN_POINT('',(-3.213355156465,-5.995,3.923736774152));
#11977 = CARTESIAN_POINT('',(-3.209369417785,-6.005,3.910913093185));
#11978 = CARTESIAN_POINT('',(-3.209369417785,-5.995,3.910913093185));
#11979 = CARTESIAN_POINT('',(-3.201311293934,-6.005,3.900342221036));
#11980 = CARTESIAN_POINT('',(-3.201311293934,-5.995,3.900342221036));
#11981 = ADVANCED_FACE('',(#11982),#12001,.F.);
#11982 = FACE_BOUND('',#11983,.F.);
#11983 = EDGE_LOOP('',(#11984,#11985,#11994,#12000));
#11984 = ORIENTED_EDGE('',*,*,#11966,.F.);
#11985 = ORIENTED_EDGE('',*,*,#11986,.T.);
#11986 = EDGE_CURVE('',#11958,#11987,#11989,.T.);
#11987 = VERTEX_POINT('',#11988);
#11988 = CARTESIAN_POINT('',(-3.149063458639,-6.005,3.868283018616));
#11989 = B_SPLINE_CURVE_WITH_KNOTS('',3,(#11990,#11991,#11992,#11993),
  .UNSPECIFIED.,.F.,.F.,(4,4),(4.,5.),.PIECEWISE_BEZIER_KNOTS.);
#11990 = CARTESIAN_POINT('',(-3.201311293934,-6.005,3.900342221036));
#11991 = CARTESIAN_POINT('',(-3.193339816575,-6.005,3.889771348887));
#11992 = CARTESIAN_POINT('',(-3.175837224984,-6.005,3.87902718375));
#11993 = CARTESIAN_POINT('',(-3.149063458639,-6.005,3.868283018616));
#11994 = ORIENTED_EDGE('',*,*,#11995,.T.);
#11995 = EDGE_CURVE('',#11987,#1418,#11996,.T.);
#11996 = LINE('',#11997,#11998);
#11997 = CARTESIAN_POINT('',(-3.149063458639,-6.005,3.868283018616));
#11998 = VECTOR('',#11999,1.);
#11999 = DIRECTION('',(-0.,1.,-0.));
#12000 = ORIENTED_EDGE('',*,*,#1426,.F.);
#12001 = B_SPLINE_SURFACE_WITH_KNOTS('',3,1,(
    (#12002,#12003)
    ,(#12004,#12005)
    ,(#12006,#12007)
    ,(#12008,#12009
    )),.UNSPECIFIED.,.F.,.F.,.F.,(4,4),(2,2),(4.,5.),(0.,1.),
  .PIECEWISE_BEZIER_KNOTS.);
#12002 = CARTESIAN_POINT('',(-3.201311293934,-6.005,3.900342221036));
#12003 = CARTESIAN_POINT('',(-3.201311293934,-5.995,3.900342221036));
#12004 = CARTESIAN_POINT('',(-3.193339816575,-6.005,3.889771348887));
#12005 = CARTESIAN_POINT('',(-3.193339816575,-5.995,3.889771348887));
#12006 = CARTESIAN_POINT('',(-3.175837224984,-6.005,3.87902718375));
#12007 = CARTESIAN_POINT('',(-3.175837224984,-5.995,3.87902718375));
#12008 = CARTESIAN_POINT('',(-3.149063458639,-6.005,3.868283018616));
#12009 = CARTESIAN_POINT('',(-3.149063458639,-5.995,3.868283018616));
#12010 = ADVANCED_FACE('',(#12011),#12030,.F.);
#12011 = FACE_BOUND('',#12012,.F.);
#12012 = EDGE_LOOP('',(#12013,#12014,#12023,#12029));
#12013 = ORIENTED_EDGE('',*,*,#11995,.F.);
#12014 = ORIENTED_EDGE('',*,*,#12015,.T.);
#12015 = EDGE_CURVE('',#11987,#12016,#12018,.T.);
#12016 = VERTEX_POINT('',#12017);
#12017 = CARTESIAN_POINT('',(-3.104613807717,-6.005,3.846621395358));
#12018 = B_SPLINE_CURVE_WITH_KNOTS('',3,(#12019,#12020,#12021,#12022),
  .UNSPECIFIED.,.F.,.F.,(4,4),(3.,4.),.PIECEWISE_BEZIER_KNOTS.);
#12019 = CARTESIAN_POINT('',(-3.149063458639,-6.005,3.868283018616));
#12020 = CARTESIAN_POINT('',(-3.126708663438,-6.005,3.859964955285));
#12021 = CARTESIAN_POINT('',(-3.111892113131,-6.005,3.85268664987));
#12022 = CARTESIAN_POINT('',(-3.104613807717,-6.005,3.846621395358));
#12023 = ORIENTED_EDGE('',*,*,#12024,.T.);
#12024 = EDGE_CURVE('',#12016,#1409,#12025,.T.);
#12025 = LINE('',#12026,#12027);
#12026 = CARTESIAN_POINT('',(-3.104613807717,-6.005,3.846621395358));
#12027 = VECTOR('',#12028,1.);
#12028 = DIRECTION('',(-0.,1.,-0.));
#12029 = ORIENTED_EDGE('',*,*,#1417,.F.);
#12030 = B_SPLINE_SURFACE_WITH_KNOTS('',3,1,(
    (#12031,#12032)
    ,(#12033,#12034)
    ,(#12035,#12036)
    ,(#12037,#12038
    )),.UNSPECIFIED.,.F.,.F.,.F.,(4,4),(2,2),(3.,4.),(0.,1.),
  .PIECEWISE_BEZIER_KNOTS.);
#12031 = CARTESIAN_POINT('',(-3.149063458639,-6.005,3.868283018616));
#12032 = CARTESIAN_POINT('',(-3.149063458639,-5.995,3.868283018616));
#12033 = CARTESIAN_POINT('',(-3.126708663438,-6.005,3.859964955285));
#12034 = CARTESIAN_POINT('',(-3.126708663438,-5.995,3.859964955285));
#12035 = CARTESIAN_POINT('',(-3.111892113131,-6.005,3.85268664987));
#12036 = CARTESIAN_POINT('',(-3.111892113131,-5.995,3.85268664987));
#12037 = CARTESIAN_POINT('',(-3.104613807717,-6.005,3.846621395358));
#12038 = CARTESIAN_POINT('',(-3.104613807717,-5.995,3.846621395358));
#12039 = ADVANCED_FACE('',(#12040),#12059,.F.);
#12040 = FACE_BOUND('',#12041,.F.);
#12041 = EDGE_LOOP('',(#12042,#12043,#12052,#12058));
#12042 = ORIENTED_EDGE('',*,*,#12024,.F.);
#12043 = ORIENTED_EDGE('',*,*,#12044,.T.);
#12044 = EDGE_CURVE('',#12016,#12045,#12047,.T.);
#12045 = VERTEX_POINT('',#12046);
#12046 = CARTESIAN_POINT('',(-3.093696349595,-6.005,3.823573428214));
#12047 = B_SPLINE_CURVE_WITH_KNOTS('',3,(#12048,#12049,#12050,#12051),
  .UNSPECIFIED.,.F.,.F.,(4,4),(2.,3.),.PIECEWISE_BEZIER_KNOTS.);
#12048 = CARTESIAN_POINT('',(-3.104613807717,-6.005,3.846621395358));
#12049 = CARTESIAN_POINT('',(-3.097335502302,-6.005,3.840556140847));
#12050 = CARTESIAN_POINT('',(-3.093696349595,-6.005,3.832931249462));
#12051 = CARTESIAN_POINT('',(-3.093696349595,-6.005,3.823573428214));
#12052 = ORIENTED_EDGE('',*,*,#12053,.T.);
#12053 = EDGE_CURVE('',#12045,#1400,#12054,.T.);
#12054 = LINE('',#12055,#12056);
#12055 = CARTESIAN_POINT('',(-3.093696349595,-6.005,3.823573428214));
#12056 = VECTOR('',#12057,1.);
#12057 = DIRECTION('',(-0.,1.,-0.));
#12058 = ORIENTED_EDGE('',*,*,#1408,.F.);
#12059 = B_SPLINE_SURFACE_WITH_KNOTS('',3,1,(
    (#12060,#12061)
    ,(#12062,#12063)
    ,(#12064,#12065)
    ,(#12066,#12067
    )),.UNSPECIFIED.,.F.,.F.,.F.,(4,4),(2,2),(2.,3.),(0.,1.),
  .PIECEWISE_BEZIER_KNOTS.);
#12060 = CARTESIAN_POINT('',(-3.104613807717,-6.005,3.846621395358));
#12061 = CARTESIAN_POINT('',(-3.104613807717,-5.995,3.846621395358));
#12062 = CARTESIAN_POINT('',(-3.097335502302,-6.005,3.840556140847));
#12063 = CARTESIAN_POINT('',(-3.097335502302,-5.995,3.840556140847));
#12064 = CARTESIAN_POINT('',(-3.093696349595,-6.005,3.832931249462));
#12065 = CARTESIAN_POINT('',(-3.093696349595,-5.995,3.832931249462));
#12066 = CARTESIAN_POINT('',(-3.093696349595,-6.005,3.823573428214));
#12067 = CARTESIAN_POINT('',(-3.093696349595,-5.995,3.823573428214));
#12068 = ADVANCED_FACE('',(#12069),#12081,.F.);
#12069 = FACE_BOUND('',#12070,.F.);
#12070 = EDGE_LOOP('',(#12071,#12072,#12079,#12080));
#12071 = ORIENTED_EDGE('',*,*,#12053,.F.);
#12072 = ORIENTED_EDGE('',*,*,#12073,.T.);
#12073 = EDGE_CURVE('',#12045,#11496,#12074,.T.);
#12074 = B_SPLINE_CURVE_WITH_KNOTS('',3,(#12075,#12076,#12077,#12078),
  .UNSPECIFIED.,.F.,.F.,(4,4),(1.,2.),.PIECEWISE_BEZIER_KNOTS.);
#12075 = CARTESIAN_POINT('',(-3.093696349595,-6.005,3.823573428214));
#12076 = CARTESIAN_POINT('',(-3.093696349595,-6.005,3.801738511971));
#12077 = CARTESIAN_POINT('',(-3.110419122749,-6.005,3.790821053851));
#12078 = CARTESIAN_POINT('',(-3.143778022564,-6.005,3.790821053851));
#12079 = ORIENTED_EDGE('',*,*,#11495,.T.);
#12080 = ORIENTED_EDGE('',*,*,#1399,.F.);
#12081 = B_SPLINE_SURFACE_WITH_KNOTS('',3,1,(
    (#12082,#12083)
    ,(#12084,#12085)
    ,(#12086,#12087)
    ,(#12088,#12089
    )),.UNSPECIFIED.,.F.,.F.,.F.,(4,4),(2,2),(1.,2.),(0.,1.),
  .PIECEWISE_BEZIER_KNOTS.);
#12082 = CARTESIAN_POINT('',(-3.093696349595,-6.005,3.823573428214));
#12083 = CARTESIAN_POINT('',(-3.093696349595,-5.995,3.823573428214));
#12084 = CARTESIAN_POINT('',(-3.093696349595,-6.005,3.801738511971));
#12085 = CARTESIAN_POINT('',(-3.093696349595,-5.995,3.801738511971));
#12086 = CARTESIAN_POINT('',(-3.110419122749,-6.005,3.790821053851));
#12087 = CARTESIAN_POINT('',(-3.110419122749,-5.995,3.790821053851));
#12088 = CARTESIAN_POINT('',(-3.143778022564,-6.005,3.790821053851));
#12089 = CARTESIAN_POINT('',(-3.143778022564,-5.995,3.790821053851));
#12090 = ADVANCED_FACE('',(#12091),#12114,.F.);
#12091 = FACE_BOUND('',#12092,.T.);
#12092 = EDGE_LOOP('',(#12093,#12094,#12095,#12096,#12097,#12098,#12099,
    #12100,#12101,#12102,#12103,#12104,#12105,#12106,#12107,#12108,
    #12109,#12110,#12111,#12112,#12113));
#12093 = ORIENTED_EDGE('',*,*,#11503,.T.);
#12094 = ORIENTED_EDGE('',*,*,#11540,.T.);
#12095 = ORIENTED_EDGE('',*,*,#11556,.T.);
#12096 = ORIENTED_EDGE('',*,*,#11585,.T.);
#12097 = ORIENTED_EDGE('',*,*,#11614,.T.);
#12098 = ORIENTED_EDGE('',*,*,#11643,.T.);
#12099 = ORIENTED_EDGE('',*,*,#11672,.T.);
#12100 = ORIENTED_EDGE('',*,*,#11701,.T.);
#12101 = ORIENTED_EDGE('',*,*,#11730,.T.);
#12102 = ORIENTED_EDGE('',*,*,#11759,.T.);
#12103 = ORIENTED_EDGE('',*,*,#11788,.T.);
#12104 = ORIENTED_EDGE('',*,*,#11817,.T.);
#12105 = ORIENTED_EDGE('',*,*,#11854,.T.);
#12106 = ORIENTED_EDGE('',*,*,#11870,.T.);
#12107 = ORIENTED_EDGE('',*,*,#11899,.T.);
#12108 = ORIENTED_EDGE('',*,*,#11928,.T.);
#12109 = ORIENTED_EDGE('',*,*,#11957,.T.);
#12110 = ORIENTED_EDGE('',*,*,#11986,.T.);
#12111 = ORIENTED_EDGE('',*,*,#12015,.T.);
#12112 = ORIENTED_EDGE('',*,*,#12044,.T.);
#12113 = ORIENTED_EDGE('',*,*,#12073,.T.);
#12114 = PLANE('',#12115);
#12115 = AXIS2_PLACEMENT_3D('',#12116,#12117,#12118);
#12116 = CARTESIAN_POINT('',(-3.17993127178,-6.005,3.79666969213));
#12117 = DIRECTION('',(0.,1.,0.));
#12118 = DIRECTION('',(0.,-0.,1.));
#12119 = ADVANCED_FACE('',(#12120),#12145,.F.);
#12120 = FACE_BOUND('',#12121,.T.);
#12121 = EDGE_LOOP('',(#12122,#12123,#12131,#12139));
#12122 = ORIENTED_EDGE('',*,*,#573,.T.);
#12123 = ORIENTED_EDGE('',*,*,#12124,.F.);
#12124 = EDGE_CURVE('',#12125,#576,#12127,.T.);
#12125 = VERTEX_POINT('',#12126);
#12126 = CARTESIAN_POINT('',(-2.83964883204,-6.005,4.003971426695));
#12127 = LINE('',#12128,#12129);
#12128 = CARTESIAN_POINT('',(-2.83964883204,-6.005,4.003971426695));
#12129 = VECTOR('',#12130,1.);
#12130 = DIRECTION('',(-0.,1.,-0.));
#12131 = ORIENTED_EDGE('',*,*,#12132,.F.);
#12132 = EDGE_CURVE('',#12133,#12125,#12135,.T.);
#12133 = VERTEX_POINT('',#12134);
#12134 = CARTESIAN_POINT('',(-2.795632413585,-6.005,4.003971426695));
#12135 = LINE('',#12136,#12137);
#12136 = CARTESIAN_POINT('',(-2.83964883204,-6.005,4.003971426695));
#12137 = VECTOR('',#12138,1.);
#12138 = DIRECTION('',(-1.,-0.,-0.));
#12139 = ORIENTED_EDGE('',*,*,#12140,.T.);
#12140 = EDGE_CURVE('',#12133,#574,#12141,.T.);
#12141 = LINE('',#12142,#12143);
#12142 = CARTESIAN_POINT('',(-2.795632413585,-6.005,4.003971426695));
#12143 = VECTOR('',#12144,1.);
#12144 = DIRECTION('',(-0.,1.,-0.));
#12145 = PLANE('',#12146);
#12146 = AXIS2_PLACEMENT_3D('',#12147,#12148,#12149);
#12147 = CARTESIAN_POINT('',(-2.83964883204,-6.005,4.003971426695));
#12148 = DIRECTION('',(0.,0.,-1.));
#12149 = DIRECTION('',(-1.,0.,-0.));
#12150 = ADVANCED_FACE('',(#12151),#12169,.F.);
#12151 = FACE_BOUND('',#12152,.T.);
#12152 = EDGE_LOOP('',(#12153,#12154,#12162,#12168));
#12153 = ORIENTED_EDGE('',*,*,#692,.T.);
#12154 = ORIENTED_EDGE('',*,*,#12155,.F.);
#12155 = EDGE_CURVE('',#12156,#684,#12158,.T.);
#12156 = VERTEX_POINT('',#12157);
#12157 = CARTESIAN_POINT('',(-2.90576010622,-6.005,3.821667205367));
#12158 = LINE('',#12159,#12160);
#12159 = CARTESIAN_POINT('',(-2.90576010622,-6.005,3.821667205367));
#12160 = VECTOR('',#12161,1.);
#12161 = DIRECTION('',(-0.,1.,-0.));
#12162 = ORIENTED_EDGE('',*,*,#12163,.F.);
#12163 = EDGE_CURVE('',#12125,#12156,#12164,.T.);
#12164 = LINE('',#12165,#12166);
#12165 = CARTESIAN_POINT('',(-2.90576010622,-6.005,3.821667205367));
#12166 = VECTOR('',#12167,1.);
#12167 = DIRECTION('',(-0.340917796219,-0.,-0.9400931104));
#12168 = ORIENTED_EDGE('',*,*,#12124,.T.);
#12169 = PLANE('',#12170);
#12170 = AXIS2_PLACEMENT_3D('',#12171,#12172,#12173);
#12171 = CARTESIAN_POINT('',(-2.90576010622,-6.005,3.821667205367));
#12172 = DIRECTION('',(0.9400931104,0.,-0.340917796219));
#12173 = DIRECTION('',(-0.340917796219,0.,-0.9400931104));
#12174 = ADVANCED_FACE('',(#12175),#12194,.F.);
#12175 = FACE_BOUND('',#12176,.F.);
#12176 = EDGE_LOOP('',(#12177,#12178,#12187,#12193));
#12177 = ORIENTED_EDGE('',*,*,#12155,.F.);
#12178 = ORIENTED_EDGE('',*,*,#12179,.T.);
#12179 = EDGE_CURVE('',#12156,#12180,#12182,.T.);
#12180 = VERTEX_POINT('',#12181);
#12181 = CARTESIAN_POINT('',(-2.910958895803,-6.005,3.802085097943));
#12182 = B_SPLINE_CURVE_WITH_KNOTS('',3,(#12183,#12184,#12185,#12186),
  .UNSPECIFIED.,.F.,.F.,(4,4),(12.,13.),.PIECEWISE_BEZIER_KNOTS.);
#12183 = CARTESIAN_POINT('',(-2.90576010622,-6.005,3.821667205367));
#12184 = CARTESIAN_POINT('',(-2.908359501011,-6.005,3.813175849051));
#12185 = CARTESIAN_POINT('',(-2.910092430874,-6.005,3.806590715582));
#12186 = CARTESIAN_POINT('',(-2.910958895803,-6.005,3.802085097943));
#12187 = ORIENTED_EDGE('',*,*,#12188,.T.);
#12188 = EDGE_CURVE('',#12180,#676,#12189,.T.);
#12189 = LINE('',#12190,#12191);
#12190 = CARTESIAN_POINT('',(-2.910958895803,-6.005,3.802085097943));
#12191 = VECTOR('',#12192,1.);
#12192 = DIRECTION('',(-0.,1.,-0.));
#12193 = ORIENTED_EDGE('',*,*,#683,.F.);
#12194 = B_SPLINE_SURFACE_WITH_KNOTS('',3,1,(
    (#12195,#12196)
    ,(#12197,#12198)
    ,(#12199,#12200)
    ,(#12201,#12202
    )),.UNSPECIFIED.,.F.,.F.,.F.,(4,4),(2,2),(12.,13.),(0.,1.),
  .PIECEWISE_BEZIER_KNOTS.);
#12195 = CARTESIAN_POINT('',(-2.90576010622,-6.005,3.821667205367));
#12196 = CARTESIAN_POINT('',(-2.90576010622,-5.995,3.821667205367));
#12197 = CARTESIAN_POINT('',(-2.908359501011,-6.005,3.813175849051));
#12198 = CARTESIAN_POINT('',(-2.908359501011,-5.995,3.813175849051));
#12199 = CARTESIAN_POINT('',(-2.910092430874,-6.005,3.806590715582));
#12200 = CARTESIAN_POINT('',(-2.910092430874,-5.995,3.806590715582));
#12201 = CARTESIAN_POINT('',(-2.910958895803,-6.005,3.802085097943));
#12202 = CARTESIAN_POINT('',(-2.910958895803,-5.995,3.802085097943));
#12203 = ADVANCED_FACE('',(#12204),#12222,.F.);
#12204 = FACE_BOUND('',#12205,.T.);
#12205 = EDGE_LOOP('',(#12206,#12207,#12215,#12221));
#12206 = ORIENTED_EDGE('',*,*,#675,.T.);
#12207 = ORIENTED_EDGE('',*,*,#12208,.F.);
#12208 = EDGE_CURVE('',#12209,#668,#12211,.T.);
#12209 = VERTEX_POINT('',#12210);
#12210 = CARTESIAN_POINT('',(-2.912085300211,-6.005,3.802085097943));
#12211 = LINE('',#12212,#12213);
#12212 = CARTESIAN_POINT('',(-2.912085300211,-6.005,3.802085097943));
#12213 = VECTOR('',#12214,1.);
#12214 = DIRECTION('',(-0.,1.,-0.));
#12215 = ORIENTED_EDGE('',*,*,#12216,.F.);
#12216 = EDGE_CURVE('',#12180,#12209,#12217,.T.);
#12217 = LINE('',#12218,#12219);
#12218 = CARTESIAN_POINT('',(-2.912085300211,-6.005,3.802085097943));
#12219 = VECTOR('',#12220,1.);
#12220 = DIRECTION('',(-1.,-0.,-0.));
#12221 = ORIENTED_EDGE('',*,*,#12188,.T.);
#12222 = PLANE('',#12223);
#12223 = AXIS2_PLACEMENT_3D('',#12224,#12225,#12226);
#12224 = CARTESIAN_POINT('',(-2.912085300211,-6.005,3.802085097943));
#12225 = DIRECTION('',(0.,0.,-1.));
#12226 = DIRECTION('',(-1.,0.,-0.));
#12227 = ADVANCED_FACE('',(#12228),#12246,.F.);
#12228 = FACE_BOUND('',#12229,.T.);
#12229 = EDGE_LOOP('',(#12230,#12231,#12239,#12245));
#12230 = ORIENTED_EDGE('',*,*,#667,.T.);
#12231 = ORIENTED_EDGE('',*,*,#12232,.F.);
#12232 = EDGE_CURVE('',#12233,#660,#12235,.T.);
#12233 = VERTEX_POINT('',#12234);
#12234 = CARTESIAN_POINT('',(-2.917284089794,-6.005,3.822013791339));
#12235 = LINE('',#12236,#12237);
#12236 = CARTESIAN_POINT('',(-2.917284089794,-6.005,3.822013791339));
#12237 = VECTOR('',#12238,1.);
#12238 = DIRECTION('',(-0.,1.,-0.));
#12239 = ORIENTED_EDGE('',*,*,#12240,.F.);
#12240 = EDGE_CURVE('',#12209,#12233,#12241,.T.);
#12241 = LINE('',#12242,#12243);
#12242 = CARTESIAN_POINT('',(-2.917284089794,-6.005,3.822013791339));
#12243 = VECTOR('',#12244,1.);
#12244 = DIRECTION('',(-0.252421897188,-0.,0.967617272386));
#12245 = ORIENTED_EDGE('',*,*,#12208,.T.);
#12246 = PLANE('',#12247);
#12247 = AXIS2_PLACEMENT_3D('',#12248,#12249,#12250);
#12248 = CARTESIAN_POINT('',(-2.917284089794,-6.005,3.822013791339));
#12249 = DIRECTION('',(-0.967617272386,0.,-0.252421897188));
#12250 = DIRECTION('',(-0.252421897188,0.,0.967617272386));
#12251 = ADVANCED_FACE('',(#12252),#12270,.F.);
#12252 = FACE_BOUND('',#12253,.T.);
#12253 = EDGE_LOOP('',(#12254,#12255,#12263,#12269));
#12254 = ORIENTED_EDGE('',*,*,#659,.T.);
#12255 = ORIENTED_EDGE('',*,*,#12256,.F.);
#12256 = EDGE_CURVE('',#12257,#652,#12259,.T.);
#12257 = VERTEX_POINT('',#12258);
#12258 = CARTESIAN_POINT('',(-2.980536029702,-6.005,4.003971426695));
#12259 = LINE('',#12260,#12261);
#12260 = CARTESIAN_POINT('',(-2.980536029702,-6.005,4.003971426695));
#12261 = VECTOR('',#12262,1.);
#12262 = DIRECTION('',(-0.,1.,-0.));
#12263 = ORIENTED_EDGE('',*,*,#12264,.F.);
#12264 = EDGE_CURVE('',#12233,#12257,#12265,.T.);
#12265 = LINE('',#12266,#12267);
#12266 = CARTESIAN_POINT('',(-2.980536029702,-6.005,4.003971426695));
#12267 = VECTOR('',#12268,1.);
#12268 = DIRECTION('',(-0.328346164813,-0.,0.944557460429));
#12269 = ORIENTED_EDGE('',*,*,#12232,.T.);
#12270 = PLANE('',#12271);
#12271 = AXIS2_PLACEMENT_3D('',#12272,#12273,#12274);
#12272 = CARTESIAN_POINT('',(-2.980536029702,-6.005,4.003971426695));
#12273 = DIRECTION('',(-0.944557460429,0.,-0.328346164813));
#12274 = DIRECTION('',(-0.328346164813,0.,0.944557460429));
#12275 = ADVANCED_FACE('',(#12276),#12294,.F.);
#12276 = FACE_BOUND('',#12277,.T.);
#12277 = EDGE_LOOP('',(#12278,#12279,#12287,#12293));
#12278 = ORIENTED_EDGE('',*,*,#651,.T.);
#12279 = ORIENTED_EDGE('',*,*,#12280,.F.);
#12280 = EDGE_CURVE('',#12281,#644,#12283,.T.);
#12281 = VERTEX_POINT('',#12282);
#12282 = CARTESIAN_POINT('',(-3.028018307881,-6.005,4.003971426695));
#12283 = LINE('',#12284,#12285);
#12284 = CARTESIAN_POINT('',(-3.028018307881,-6.005,4.003971426695));
#12285 = VECTOR('',#12286,1.);
#12286 = DIRECTION('',(-0.,1.,-0.));
#12287 = ORIENTED_EDGE('',*,*,#12288,.F.);
#12288 = EDGE_CURVE('',#12257,#12281,#12289,.T.);
#12289 = LINE('',#12290,#12291);
#12290 = CARTESIAN_POINT('',(-3.028018307881,-6.005,4.003971426695));
#12291 = VECTOR('',#12292,1.);
#12292 = DIRECTION('',(-1.,-0.,-0.));
#12293 = ORIENTED_EDGE('',*,*,#12256,.T.);
#12294 = PLANE('',#12295);
#12295 = AXIS2_PLACEMENT_3D('',#12296,#12297,#12298);
#12296 = CARTESIAN_POINT('',(-3.028018307881,-6.005,4.003971426695));
#12297 = DIRECTION('',(0.,0.,-1.));
#12298 = DIRECTION('',(-1.,0.,-0.));
#12299 = ADVANCED_FACE('',(#12300),#12318,.F.);
#12300 = FACE_BOUND('',#12301,.T.);
#12301 = EDGE_LOOP('',(#12302,#12303,#12311,#12317));
#12302 = ORIENTED_EDGE('',*,*,#643,.T.);
#12303 = ORIENTED_EDGE('',*,*,#12304,.F.);
#12304 = EDGE_CURVE('',#12305,#636,#12307,.T.);
#12305 = VERTEX_POINT('',#12306);
#12306 = CARTESIAN_POINT('',(-2.933053751524,-6.005,3.762401004138));
#12307 = LINE('',#12308,#12309);
#12308 = CARTESIAN_POINT('',(-2.933053751524,-6.005,3.762401004138));
#12309 = VECTOR('',#12310,1.);
#12310 = DIRECTION('',(-0.,1.,-0.));
#12311 = ORIENTED_EDGE('',*,*,#12312,.F.);
#12312 = EDGE_CURVE('',#12281,#12305,#12313,.T.);
#12313 = LINE('',#12314,#12315);
#12314 = CARTESIAN_POINT('',(-2.933053751524,-6.005,3.762401004138));
#12315 = VECTOR('',#12316,1.);
#12316 = DIRECTION('',(0.365858921669,-0.,-0.930670322636));
#12317 = ORIENTED_EDGE('',*,*,#12280,.T.);
#12318 = PLANE('',#12319);
#12319 = AXIS2_PLACEMENT_3D('',#12320,#12321,#12322);
#12320 = CARTESIAN_POINT('',(-2.933053751524,-6.005,3.762401004138));
#12321 = DIRECTION('',(0.930670322636,0.,0.365858921669));
#12322 = DIRECTION('',(0.365858921669,0.,-0.930670322636));
#12323 = ADVANCED_FACE('',(#12324),#12342,.F.);
#12324 = FACE_BOUND('',#12325,.T.);
#12325 = EDGE_LOOP('',(#12326,#12327,#12335,#12341));
#12326 = ORIENTED_EDGE('',*,*,#635,.T.);
#12327 = ORIENTED_EDGE('',*,*,#12328,.F.);
#12328 = EDGE_CURVE('',#12329,#627,#12331,.T.);
#12329 = VERTEX_POINT('',#12330);
#12330 = CARTESIAN_POINT('',(-2.951682747525,-6.005,3.71838458568));
#12331 = LINE('',#12332,#12333);
#12332 = CARTESIAN_POINT('',(-2.951682747525,-6.005,3.71838458568));
#12333 = VECTOR('',#12334,1.);
#12334 = DIRECTION('',(-0.,1.,-0.));
#12335 = ORIENTED_EDGE('',*,*,#12336,.F.);
#12336 = EDGE_CURVE('',#12305,#12329,#12337,.T.);
#12337 = LINE('',#12338,#12339);
#12338 = CARTESIAN_POINT('',(-2.951682747525,-6.005,3.71838458568));
#12339 = VECTOR('',#12340,1.);
#12340 = DIRECTION('',(-0.389758265065,-0.,-0.920917203017));
#12341 = ORIENTED_EDGE('',*,*,#12304,.T.);
#12342 = PLANE('',#12343);
#12343 = AXIS2_PLACEMENT_3D('',#12344,#12345,#12346);
#12344 = CARTESIAN_POINT('',(-2.951682747525,-6.005,3.71838458568));
#12345 = DIRECTION('',(0.920917203017,0.,-0.389758265065));
#12346 = DIRECTION('',(-0.389758265065,0.,-0.920917203017));
#12347 = ADVANCED_FACE('',(#12348),#12367,.F.);
#12348 = FACE_BOUND('',#12349,.F.);
#12349 = EDGE_LOOP('',(#12350,#12351,#12360,#12366));
#12350 = ORIENTED_EDGE('',*,*,#12328,.F.);
#12351 = ORIENTED_EDGE('',*,*,#12352,.T.);
#12352 = EDGE_CURVE('',#12329,#12353,#12355,.T.);
#12353 = VERTEX_POINT('',#12354);
#12354 = CARTESIAN_POINT('',(-2.995179287025,-6.005,3.684245867427));
#12355 = B_SPLINE_CURVE_WITH_KNOTS('',3,(#12356,#12357,#12358,#12359),
  .UNSPECIFIED.,.F.,.F.,(4,4),(5.,6.),.PIECEWISE_BEZIER_KNOTS.);
#12356 = CARTESIAN_POINT('',(-2.951682747525,-6.005,3.71838458568));
#12357 = CARTESIAN_POINT('',(-2.961300508251,-6.005,3.695509911522));
#12358 = CARTESIAN_POINT('',(-2.975770472586,-6.005,3.684245867427));
#12359 = CARTESIAN_POINT('',(-2.995179287025,-6.005,3.684245867427));
#12360 = ORIENTED_EDGE('',*,*,#12361,.T.);
#12361 = EDGE_CURVE('',#12353,#618,#12362,.T.);
#12362 = LINE('',#12363,#12364);
#12363 = CARTESIAN_POINT('',(-2.995179287025,-6.005,3.684245867427));
#12364 = VECTOR('',#12365,1.);
#12365 = DIRECTION('',(-0.,1.,-0.));
#12366 = ORIENTED_EDGE('',*,*,#626,.F.);
#12367 = B_SPLINE_SURFACE_WITH_KNOTS('',3,1,(
    (#12368,#12369)
    ,(#12370,#12371)
    ,(#12372,#12373)
    ,(#12374,#12375
    )),.UNSPECIFIED.,.F.,.F.,.F.,(4,4),(2,2),(5.,6.),(0.,1.),
  .PIECEWISE_BEZIER_KNOTS.);
#12368 = CARTESIAN_POINT('',(-2.951682747525,-6.005,3.71838458568));
#12369 = CARTESIAN_POINT('',(-2.951682747525,-5.995,3.71838458568));
#12370 = CARTESIAN_POINT('',(-2.961300508251,-6.005,3.695509911522));
#12371 = CARTESIAN_POINT('',(-2.961300508251,-5.995,3.695509911522));
#12372 = CARTESIAN_POINT('',(-2.975770472586,-6.005,3.684245867427));
#12373 = CARTESIAN_POINT('',(-2.975770472586,-5.995,3.684245867427));
#12374 = CARTESIAN_POINT('',(-2.995179287025,-6.005,3.684245867427));
#12375 = CARTESIAN_POINT('',(-2.995179287025,-5.995,3.684245867427));
#12376 = ADVANCED_FACE('',(#12377),#12396,.F.);
#12377 = FACE_BOUND('',#12378,.F.);
#12378 = EDGE_LOOP('',(#12379,#12380,#12389,#12395));
#12379 = ORIENTED_EDGE('',*,*,#12361,.F.);
#12380 = ORIENTED_EDGE('',*,*,#12381,.T.);
#12381 = EDGE_CURVE('',#12353,#12382,#12384,.T.);
#12382 = VERTEX_POINT('',#12383);
#12383 = CARTESIAN_POINT('',(-3.019267012085,-6.005,3.689098071038));
#12384 = B_SPLINE_CURVE_WITH_KNOTS('',3,(#12385,#12386,#12387,#12388),
  .UNSPECIFIED.,.F.,.F.,(4,4),(4.,5.),.PIECEWISE_BEZIER_KNOTS.);
#12385 = CARTESIAN_POINT('',(-2.995179287025,-6.005,3.684245867427));
#12386 = CARTESIAN_POINT('',(-3.002977471396,-6.005,3.684245867427));
#12387 = CARTESIAN_POINT('',(-3.010948948755,-6.005,3.685805504302));
#12388 = CARTESIAN_POINT('',(-3.019267012085,-6.005,3.689098071038));
#12389 = ORIENTED_EDGE('',*,*,#12390,.T.);
#12390 = EDGE_CURVE('',#12382,#610,#12391,.T.);
#12391 = LINE('',#12392,#12393);
#12392 = CARTESIAN_POINT('',(-3.019267012085,-6.005,3.689098071038));
#12393 = VECTOR('',#12394,1.);
#12394 = DIRECTION('',(-0.,1.,-0.));
#12395 = ORIENTED_EDGE('',*,*,#617,.F.);
#12396 = B_SPLINE_SURFACE_WITH_KNOTS('',3,1,(
    (#12397,#12398)
    ,(#12399,#12400)
    ,(#12401,#12402)
    ,(#12403,#12404
    )),.UNSPECIFIED.,.F.,.F.,.F.,(4,4),(2,2),(4.,5.),(0.,1.),
  .PIECEWISE_BEZIER_KNOTS.);
#12397 = CARTESIAN_POINT('',(-2.995179287025,-6.005,3.684245867427));
#12398 = CARTESIAN_POINT('',(-2.995179287025,-5.995,3.684245867427));
#12399 = CARTESIAN_POINT('',(-3.002977471396,-6.005,3.684245867427));
#12400 = CARTESIAN_POINT('',(-3.002977471396,-5.995,3.684245867427));
#12401 = CARTESIAN_POINT('',(-3.010948948755,-6.005,3.685805504302));
#12402 = CARTESIAN_POINT('',(-3.010948948755,-5.995,3.685805504302));
#12403 = CARTESIAN_POINT('',(-3.019267012085,-6.005,3.689098071038));
#12404 = CARTESIAN_POINT('',(-3.019267012085,-5.995,3.689098071038));
#12405 = ADVANCED_FACE('',(#12406),#12424,.F.);
#12406 = FACE_BOUND('',#12407,.T.);
#12407 = EDGE_LOOP('',(#12408,#12409,#12417,#12423));
#12408 = ORIENTED_EDGE('',*,*,#609,.T.);
#12409 = ORIENTED_EDGE('',*,*,#12410,.F.);
#12410 = EDGE_CURVE('',#12411,#601,#12413,.T.);
#12411 = VERTEX_POINT('',#12412);
#12412 = CARTESIAN_POINT('',(-3.019267012085,-6.005,3.651320200078));
#12413 = LINE('',#12414,#12415);
#12414 = CARTESIAN_POINT('',(-3.019267012085,-6.005,3.651320200078));
#12415 = VECTOR('',#12416,1.);
#12416 = DIRECTION('',(-0.,1.,-0.));
#12417 = ORIENTED_EDGE('',*,*,#12418,.F.);
#12418 = EDGE_CURVE('',#12382,#12411,#12419,.T.);
#12419 = LINE('',#12420,#12421);
#12420 = CARTESIAN_POINT('',(-3.019267012085,-6.005,3.651320200078));
#12421 = VECTOR('',#12422,1.);
#12422 = DIRECTION('',(-0.,-0.,-1.));
#12423 = ORIENTED_EDGE('',*,*,#12390,.T.);
#12424 = PLANE('',#12425);
#12425 = AXIS2_PLACEMENT_3D('',#12426,#12427,#12428);
#12426 = CARTESIAN_POINT('',(-3.019267012085,-6.005,3.651320200078));
#12427 = DIRECTION('',(1.,0.,-0.));
#12428 = DIRECTION('',(-0.,0.,-1.));
#12429 = ADVANCED_FACE('',(#12430),#12449,.F.);
#12430 = FACE_BOUND('',#12431,.F.);
#12431 = EDGE_LOOP('',(#12432,#12433,#12442,#12448));
#12432 = ORIENTED_EDGE('',*,*,#12410,.F.);
#12433 = ORIENTED_EDGE('',*,*,#12434,.T.);
#12434 = EDGE_CURVE('',#12411,#12435,#12437,.T.);
#12435 = VERTEX_POINT('',#12436);
#12436 = CARTESIAN_POINT('',(-2.991886720289,-6.005,3.647854340356));
#12437 = B_SPLINE_CURVE_WITH_KNOTS('',3,(#12438,#12439,#12440,#12441),
  .UNSPECIFIED.,.F.,.F.,(4,4),(2.,3.),.PIECEWISE_BEZIER_KNOTS.);
#12438 = CARTESIAN_POINT('',(-3.019267012085,-6.005,3.651320200078));
#12439 = CARTESIAN_POINT('',(-3.011728767192,-6.005,3.649067391259));
#12440 = CARTESIAN_POINT('',(-3.002544238931,-6.005,3.647854340356));
#12441 = CARTESIAN_POINT('',(-2.991886720289,-6.005,3.647854340356));
#12442 = ORIENTED_EDGE('',*,*,#12443,.T.);
#12443 = EDGE_CURVE('',#12435,#592,#12444,.T.);
#12444 = LINE('',#12445,#12446);
#12445 = CARTESIAN_POINT('',(-2.991886720289,-6.005,3.647854340356));
#12446 = VECTOR('',#12447,1.);
#12447 = DIRECTION('',(-0.,1.,-0.));
#12448 = ORIENTED_EDGE('',*,*,#600,.F.);
#12449 = B_SPLINE_SURFACE_WITH_KNOTS('',3,1,(
    (#12450,#12451)
    ,(#12452,#12453)
    ,(#12454,#12455)
    ,(#12456,#12457
    )),.UNSPECIFIED.,.F.,.F.,.F.,(4,4),(2,2),(2.,3.),(0.,1.),
  .PIECEWISE_BEZIER_KNOTS.);
#12450 = CARTESIAN_POINT('',(-3.019267012085,-6.005,3.651320200078));
#12451 = CARTESIAN_POINT('',(-3.019267012085,-5.995,3.651320200078));
#12452 = CARTESIAN_POINT('',(-3.011728767192,-6.005,3.649067391259));
#12453 = CARTESIAN_POINT('',(-3.011728767192,-5.995,3.649067391259));
#12454 = CARTESIAN_POINT('',(-3.002544238931,-6.005,3.647854340356));
#12455 = CARTESIAN_POINT('',(-3.002544238931,-5.995,3.647854340356));
#12456 = CARTESIAN_POINT('',(-2.991886720289,-6.005,3.647854340356));
#12457 = CARTESIAN_POINT('',(-2.991886720289,-5.995,3.647854340356));
#12458 = ADVANCED_FACE('',(#12459),#12478,.F.);
#12459 = FACE_BOUND('',#12460,.F.);
#12460 = EDGE_LOOP('',(#12461,#12462,#12471,#12477));
#12461 = ORIENTED_EDGE('',*,*,#12443,.F.);
#12462 = ORIENTED_EDGE('',*,*,#12463,.T.);
#12463 = EDGE_CURVE('',#12435,#12464,#12466,.T.);
#12464 = VERTEX_POINT('',#12465);
#12465 = CARTESIAN_POINT('',(-2.905500166742,-6.005,3.725316305123));
#12466 = B_SPLINE_CURVE_WITH_KNOTS('',3,(#12467,#12468,#12469,#12470),
  .UNSPECIFIED.,.F.,.F.,(4,4),(1.,2.),.PIECEWISE_BEZIER_KNOTS.);
#12467 = CARTESIAN_POINT('',(-2.991886720289,-6.005,3.647854340356));
#12468 = CARTESIAN_POINT('',(-2.954715374781,-6.005,3.647854340356));
#12469 = CARTESIAN_POINT('',(-2.925948739096,-6.005,3.673674995278));
#12470 = CARTESIAN_POINT('',(-2.905500166742,-6.005,3.725316305123));
#12471 = ORIENTED_EDGE('',*,*,#12472,.T.);
#12472 = EDGE_CURVE('',#12464,#584,#12473,.T.);
#12473 = LINE('',#12474,#12475);
#12474 = CARTESIAN_POINT('',(-2.905500166742,-6.005,3.725316305123));
#12475 = VECTOR('',#12476,1.);
#12476 = DIRECTION('',(-0.,1.,-0.));
#12477 = ORIENTED_EDGE('',*,*,#591,.F.);
#12478 = B_SPLINE_SURFACE_WITH_KNOTS('',3,1,(
    (#12479,#12480)
    ,(#12481,#12482)
    ,(#12483,#12484)
    ,(#12485,#12486
    )),.UNSPECIFIED.,.F.,.F.,.F.,(4,4),(2,2),(1.,2.),(0.,1.),
  .PIECEWISE_BEZIER_KNOTS.);
#12479 = CARTESIAN_POINT('',(-2.991886720289,-6.005,3.647854340356));
#12480 = CARTESIAN_POINT('',(-2.991886720289,-5.995,3.647854340356));
#12481 = CARTESIAN_POINT('',(-2.954715374781,-6.005,3.647854340356));
#12482 = CARTESIAN_POINT('',(-2.954715374781,-5.995,3.647854340356));
#12483 = CARTESIAN_POINT('',(-2.925948739096,-6.005,3.673674995278));
#12484 = CARTESIAN_POINT('',(-2.925948739096,-5.995,3.673674995278));
#12485 = CARTESIAN_POINT('',(-2.905500166742,-6.005,3.725316305123));
#12486 = CARTESIAN_POINT('',(-2.905500166742,-5.995,3.725316305123));
#12487 = ADVANCED_FACE('',(#12488),#12499,.F.);
#12488 = FACE_BOUND('',#12489,.T.);
#12489 = EDGE_LOOP('',(#12490,#12491,#12492,#12498));
#12490 = ORIENTED_EDGE('',*,*,#583,.T.);
#12491 = ORIENTED_EDGE('',*,*,#12140,.F.);
#12492 = ORIENTED_EDGE('',*,*,#12493,.F.);
#12493 = EDGE_CURVE('',#12464,#12133,#12494,.T.);
#12494 = LINE('',#12495,#12496);
#12495 = CARTESIAN_POINT('',(-2.795632413585,-6.005,4.003971426695));
#12496 = VECTOR('',#12497,1.);
#12497 = DIRECTION('',(0.366797678951,-0.,0.930300737781));
#12498 = ORIENTED_EDGE('',*,*,#12472,.T.);
#12499 = PLANE('',#12500);
#12500 = AXIS2_PLACEMENT_3D('',#12501,#12502,#12503);
#12501 = CARTESIAN_POINT('',(-2.795632413585,-6.005,4.003971426695));
#12502 = DIRECTION('',(-0.930300737781,0.,0.366797678951));
#12503 = DIRECTION('',(0.366797678951,0.,0.930300737781));
#12504 = ADVANCED_FACE('',(#12505),#12522,.T.);
#12505 = FACE_BOUND('',#12506,.T.);
#12506 = EDGE_LOOP('',(#12507,#12508,#12509,#12510,#12511,#12512,#12513,
    #12514,#12515,#12516,#12517,#12518,#12519,#12520,#12521));
#12507 = ORIENTED_EDGE('',*,*,#12132,.T.);
#12508 = ORIENTED_EDGE('',*,*,#12163,.T.);
#12509 = ORIENTED_EDGE('',*,*,#12179,.T.);
#12510 = ORIENTED_EDGE('',*,*,#12216,.T.);
#12511 = ORIENTED_EDGE('',*,*,#12240,.T.);
#12512 = ORIENTED_EDGE('',*,*,#12264,.T.);
#12513 = ORIENTED_EDGE('',*,*,#12288,.T.);
#12514 = ORIENTED_EDGE('',*,*,#12312,.T.);
#12515 = ORIENTED_EDGE('',*,*,#12336,.T.);
#12516 = ORIENTED_EDGE('',*,*,#12352,.T.);
#12517 = ORIENTED_EDGE('',*,*,#12381,.T.);
#12518 = ORIENTED_EDGE('',*,*,#12418,.T.);
#12519 = ORIENTED_EDGE('',*,*,#12434,.T.);
#12520 = ORIENTED_EDGE('',*,*,#12463,.T.);
#12521 = ORIENTED_EDGE('',*,*,#12493,.T.);
#12522 = PLANE('',#12523);
#12523 = AXIS2_PLACEMENT_3D('',#12524,#12525,#12526);
#12524 = CARTESIAN_POINT('',(-2.942422403583,-6.005,3.667219831548));
#12525 = DIRECTION('',(0.,-1.,0.));
#12526 = DIRECTION('',(0.,-0.,-1.));
#12527 = ADVANCED_FACE('',(#12528),#12553,.F.);
#12528 = FACE_BOUND('',#12529,.T.);
#12529 = EDGE_LOOP('',(#12530,#12531,#12539,#12547));
#12530 = ORIENTED_EDGE('',*,*,#1577,.T.);
#12531 = ORIENTED_EDGE('',*,*,#12532,.F.);
#12532 = EDGE_CURVE('',#12533,#1580,#12535,.T.);
#12533 = VERTEX_POINT('',#12534);
#12534 = CARTESIAN_POINT('',(-2.567578843938,-6.005,3.80052546107));
#12535 = LINE('',#12536,#12537);
#12536 = CARTESIAN_POINT('',(-2.567578843938,-6.005,3.80052546107));
#12537 = VECTOR('',#12538,1.);
#12538 = DIRECTION('',(-0.,1.,-0.));
#12539 = ORIENTED_EDGE('',*,*,#12540,.F.);
#12540 = EDGE_CURVE('',#12541,#12533,#12543,.T.);
#12541 = VERTEX_POINT('',#12542);
#12542 = CARTESIAN_POINT('',(-2.567578843938,-6.005,3.76188112518));
#12543 = LINE('',#12544,#12545);
#12544 = CARTESIAN_POINT('',(-2.567578843938,-6.005,3.80052546107));
#12545 = VECTOR('',#12546,1.);
#12546 = DIRECTION('',(-0.,-0.,1.));
#12547 = ORIENTED_EDGE('',*,*,#12548,.T.);
#12548 = EDGE_CURVE('',#12541,#1578,#12549,.T.);
#12549 = LINE('',#12550,#12551);
#12550 = CARTESIAN_POINT('',(-2.567578843938,-6.005,3.76188112518));
#12551 = VECTOR('',#12552,1.);
#12552 = DIRECTION('',(-0.,1.,-0.));
#12553 = PLANE('',#12554);
#12554 = AXIS2_PLACEMENT_3D('',#12555,#12556,#12557);
#12555 = CARTESIAN_POINT('',(-2.567578843938,-6.005,3.80052546107));
#12556 = DIRECTION('',(-1.,0.,-0.));
#12557 = DIRECTION('',(0.,0.,1.));
#12558 = ADVANCED_FACE('',(#12559),#12577,.F.);
#12559 = FACE_BOUND('',#12560,.T.);
#12560 = EDGE_LOOP('',(#12561,#12562,#12570,#12576));
#12561 = ORIENTED_EDGE('',*,*,#1667,.T.);
#12562 = ORIENTED_EDGE('',*,*,#12563,.F.);
#12563 = EDGE_CURVE('',#12564,#1660,#12566,.T.);
#12564 = VERTEX_POINT('',#12565);
#12565 = CARTESIAN_POINT('',(-2.706126586286,-6.005,3.80052546107));
#12566 = LINE('',#12567,#12568);
#12567 = CARTESIAN_POINT('',(-2.706126586286,-6.005,3.80052546107));
#12568 = VECTOR('',#12569,1.);
#12569 = DIRECTION('',(-0.,1.,-0.));
#12570 = ORIENTED_EDGE('',*,*,#12571,.F.);
#12571 = EDGE_CURVE('',#12533,#12564,#12572,.T.);
#12572 = LINE('',#12573,#12574);
#12573 = CARTESIAN_POINT('',(-2.706126586286,-6.005,3.80052546107));
#12574 = VECTOR('',#12575,1.);
#12575 = DIRECTION('',(-1.,-0.,-0.));
#12576 = ORIENTED_EDGE('',*,*,#12532,.T.);
#12577 = PLANE('',#12578);
#12578 = AXIS2_PLACEMENT_3D('',#12579,#12580,#12581);
#12579 = CARTESIAN_POINT('',(-2.706126586286,-6.005,3.80052546107));
#12580 = DIRECTION('',(0.,0.,-1.));
#12581 = DIRECTION('',(-1.,0.,-0.));
#12582 = ADVANCED_FACE('',(#12583),#12601,.F.);
#12583 = FACE_BOUND('',#12584,.T.);
#12584 = EDGE_LOOP('',(#12585,#12586,#12594,#12600));
#12585 = ORIENTED_EDGE('',*,*,#1659,.T.);
#12586 = ORIENTED_EDGE('',*,*,#12587,.F.);
#12587 = EDGE_CURVE('',#12588,#1652,#12590,.T.);
#12588 = VERTEX_POINT('',#12589);
#12589 = CARTESIAN_POINT('',(-2.706126586286,-6.005,3.914552245892));
#12590 = LINE('',#12591,#12592);
#12591 = CARTESIAN_POINT('',(-2.706126586286,-6.005,3.914552245892));
#12592 = VECTOR('',#12593,1.);
#12593 = DIRECTION('',(-0.,1.,-0.));
#12594 = ORIENTED_EDGE('',*,*,#12595,.F.);
#12595 = EDGE_CURVE('',#12564,#12588,#12596,.T.);
#12596 = LINE('',#12597,#12598);
#12597 = CARTESIAN_POINT('',(-2.706126586286,-6.005,3.914552245892));
#12598 = VECTOR('',#12599,1.);
#12599 = DIRECTION('',(-0.,-0.,1.));
#12600 = ORIENTED_EDGE('',*,*,#12563,.T.);
#12601 = PLANE('',#12602);
#12602 = AXIS2_PLACEMENT_3D('',#12603,#12604,#12605);
#12603 = CARTESIAN_POINT('',(-2.706126586286,-6.005,3.914552245892));
#12604 = DIRECTION('',(-1.,0.,-0.));
#12605 = DIRECTION('',(0.,0.,1.));
#12606 = ADVANCED_FACE('',(#12607),#12625,.F.);
#12607 = FACE_BOUND('',#12608,.T.);
#12608 = EDGE_LOOP('',(#12609,#12610,#12618,#12624));
#12609 = ORIENTED_EDGE('',*,*,#1651,.T.);
#12610 = ORIENTED_EDGE('',*,*,#12611,.F.);
#12611 = EDGE_CURVE('',#12612,#1644,#12614,.T.);
#12612 = VERTEX_POINT('',#12613);
#12613 = CARTESIAN_POINT('',(-2.584908142544,-6.005,3.914552245892));
#12614 = LINE('',#12615,#12616);
#12615 = CARTESIAN_POINT('',(-2.584908142544,-6.005,3.914552245892));
#12616 = VECTOR('',#12617,1.);
#12617 = DIRECTION('',(-0.,1.,-0.));
#12618 = ORIENTED_EDGE('',*,*,#12619,.F.);
#12619 = EDGE_CURVE('',#12588,#12612,#12620,.T.);
#12620 = LINE('',#12621,#12622);
#12621 = CARTESIAN_POINT('',(-2.584908142544,-6.005,3.914552245892));
#12622 = VECTOR('',#12623,1.);
#12623 = DIRECTION('',(1.,-0.,-0.));
#12624 = ORIENTED_EDGE('',*,*,#12587,.T.);
#12625 = PLANE('',#12626);
#12626 = AXIS2_PLACEMENT_3D('',#12627,#12628,#12629);
#12627 = CARTESIAN_POINT('',(-2.584908142544,-6.005,3.914552245892));
#12628 = DIRECTION('',(0.,0.,1.));
#12629 = DIRECTION('',(1.,0.,-0.));
#12630 = ADVANCED_FACE('',(#12631),#12649,.F.);
#12631 = FACE_BOUND('',#12632,.T.);
#12632 = EDGE_LOOP('',(#12633,#12634,#12642,#12648));
#12633 = ORIENTED_EDGE('',*,*,#1643,.T.);
#12634 = ORIENTED_EDGE('',*,*,#12635,.F.);
#12635 = EDGE_CURVE('',#12636,#1636,#12638,.T.);
#12636 = VERTEX_POINT('',#12637);
#12637 = CARTESIAN_POINT('',(-2.584908142544,-6.005,3.953369874768));
#12638 = LINE('',#12639,#12640);
#12639 = CARTESIAN_POINT('',(-2.584908142544,-6.005,3.953369874768));
#12640 = VECTOR('',#12641,1.);
#12641 = DIRECTION('',(-0.,1.,-0.));
#12642 = ORIENTED_EDGE('',*,*,#12643,.F.);
#12643 = EDGE_CURVE('',#12612,#12636,#12644,.T.);
#12644 = LINE('',#12645,#12646);
#12645 = CARTESIAN_POINT('',(-2.584908142544,-6.005,3.953369874768));
#12646 = VECTOR('',#12647,1.);
#12647 = DIRECTION('',(-0.,-0.,1.));
#12648 = ORIENTED_EDGE('',*,*,#12611,.T.);
#12649 = PLANE('',#12650);
#12650 = AXIS2_PLACEMENT_3D('',#12651,#12652,#12653);
#12651 = CARTESIAN_POINT('',(-2.584908142544,-6.005,3.953369874768));
#12652 = DIRECTION('',(-1.,0.,-0.));
#12653 = DIRECTION('',(0.,0.,1.));
#12654 = ADVANCED_FACE('',(#12655),#12673,.F.);
#12655 = FACE_BOUND('',#12656,.T.);
#12656 = EDGE_LOOP('',(#12657,#12658,#12666,#12672));
#12657 = ORIENTED_EDGE('',*,*,#1635,.T.);
#12658 = ORIENTED_EDGE('',*,*,#12659,.F.);
#12659 = EDGE_CURVE('',#12660,#1628,#12662,.T.);
#12660 = VERTEX_POINT('',#12661);
#12661 = CARTESIAN_POINT('',(-2.706126586286,-6.005,3.953369874768));
#12662 = LINE('',#12663,#12664);
#12663 = CARTESIAN_POINT('',(-2.706126586286,-6.005,3.953369874768));
#12664 = VECTOR('',#12665,1.);
#12665 = DIRECTION('',(-0.,1.,-0.));
#12666 = ORIENTED_EDGE('',*,*,#12667,.F.);
#12667 = EDGE_CURVE('',#12636,#12660,#12668,.T.);
#12668 = LINE('',#12669,#12670);
#12669 = CARTESIAN_POINT('',(-2.706126586286,-6.005,3.953369874768));
#12670 = VECTOR('',#12671,1.);
#12671 = DIRECTION('',(-1.,-0.,-0.));
#12672 = ORIENTED_EDGE('',*,*,#12635,.T.);
#12673 = PLANE('',#12674);
#12674 = AXIS2_PLACEMENT_3D('',#12675,#12676,#12677);
#12675 = CARTESIAN_POINT('',(-2.706126586286,-6.005,3.953369874768));
#12676 = DIRECTION('',(0.,0.,-1.));
#12677 = DIRECTION('',(-1.,0.,-0.));
#12678 = ADVANCED_FACE('',(#12679),#12697,.F.);
#12679 = FACE_BOUND('',#12680,.T.);
#12680 = EDGE_LOOP('',(#12681,#12682,#12690,#12696));
#12681 = ORIENTED_EDGE('',*,*,#1627,.T.);
#12682 = ORIENTED_EDGE('',*,*,#12683,.F.);
#12683 = EDGE_CURVE('',#12684,#1620,#12686,.T.);
#12684 = VERTEX_POINT('',#12685);
#12685 = CARTESIAN_POINT('',(-2.706126586286,-6.005,4.061851284038));
#12686 = LINE('',#12687,#12688);
#12687 = CARTESIAN_POINT('',(-2.706126586286,-6.005,4.061851284038));
#12688 = VECTOR('',#12689,1.);
#12689 = DIRECTION('',(-0.,1.,-0.));
#12690 = ORIENTED_EDGE('',*,*,#12691,.F.);
#12691 = EDGE_CURVE('',#12660,#12684,#12692,.T.);
#12692 = LINE('',#12693,#12694);
#12693 = CARTESIAN_POINT('',(-2.706126586286,-6.005,4.061851284038));
#12694 = VECTOR('',#12695,1.);
#12695 = DIRECTION('',(-0.,-0.,1.));
#12696 = ORIENTED_EDGE('',*,*,#12659,.T.);
#12697 = PLANE('',#12698);
#12698 = AXIS2_PLACEMENT_3D('',#12699,#12700,#12701);
#12699 = CARTESIAN_POINT('',(-2.706126586286,-6.005,4.061851284038));
#12700 = DIRECTION('',(-1.,0.,-0.));
#12701 = DIRECTION('',(0.,0.,1.));
#12702 = ADVANCED_FACE('',(#12703),#12721,.F.);
#12703 = FACE_BOUND('',#12704,.T.);
#12704 = EDGE_LOOP('',(#12705,#12706,#12714,#12720));
#12705 = ORIENTED_EDGE('',*,*,#1619,.T.);
#12706 = ORIENTED_EDGE('',*,*,#12707,.F.);
#12707 = EDGE_CURVE('',#12708,#1612,#12710,.T.);
#12708 = VERTEX_POINT('',#12709);
#12709 = CARTESIAN_POINT('',(-2.575290381818,-6.005,4.061851284038));
#12710 = LINE('',#12711,#12712);
#12711 = CARTESIAN_POINT('',(-2.575290381818,-6.005,4.061851284038));
#12712 = VECTOR('',#12713,1.);
#12713 = DIRECTION('',(-0.,1.,-0.));
#12714 = ORIENTED_EDGE('',*,*,#12715,.F.);
#12715 = EDGE_CURVE('',#12684,#12708,#12716,.T.);
#12716 = LINE('',#12717,#12718);
#12717 = CARTESIAN_POINT('',(-2.575290381818,-6.005,4.061851284038));
#12718 = VECTOR('',#12719,1.);
#12719 = DIRECTION('',(1.,-0.,-0.));
#12720 = ORIENTED_EDGE('',*,*,#12683,.T.);
#12721 = PLANE('',#12722);
#12722 = AXIS2_PLACEMENT_3D('',#12723,#12724,#12725);
#12723 = CARTESIAN_POINT('',(-2.575290381818,-6.005,4.061851284038));
#12724 = DIRECTION('',(0.,0.,1.));
#12725 = DIRECTION('',(1.,0.,-0.));
#12726 = ADVANCED_FACE('',(#12727),#12745,.F.);
#12727 = FACE_BOUND('',#12728,.T.);
#12728 = EDGE_LOOP('',(#12729,#12730,#12738,#12744));
#12729 = ORIENTED_EDGE('',*,*,#1611,.T.);
#12730 = ORIENTED_EDGE('',*,*,#12731,.F.);
#12731 = EDGE_CURVE('',#12732,#1604,#12734,.T.);
#12732 = VERTEX_POINT('',#12733);
#12733 = CARTESIAN_POINT('',(-2.575290381818,-6.005,4.100842205899));
#12734 = LINE('',#12735,#12736);
#12735 = CARTESIAN_POINT('',(-2.575290381818,-6.005,4.100842205899));
#12736 = VECTOR('',#12737,1.);
#12737 = DIRECTION('',(-0.,1.,-0.));
#12738 = ORIENTED_EDGE('',*,*,#12739,.F.);
#12739 = EDGE_CURVE('',#12708,#12732,#12740,.T.);
#12740 = LINE('',#12741,#12742);
#12741 = CARTESIAN_POINT('',(-2.575290381818,-6.005,4.100842205899));
#12742 = VECTOR('',#12743,1.);
#12743 = DIRECTION('',(-0.,-0.,1.));
#12744 = ORIENTED_EDGE('',*,*,#12707,.T.);
#12745 = PLANE('',#12746);
#12746 = AXIS2_PLACEMENT_3D('',#12747,#12748,#12749);
#12747 = CARTESIAN_POINT('',(-2.575290381818,-6.005,4.100842205899));
#12748 = DIRECTION('',(-1.,0.,-0.));
#12749 = DIRECTION('',(0.,0.,1.));
#12750 = ADVANCED_FACE('',(#12751),#12769,.F.);
#12751 = FACE_BOUND('',#12752,.T.);
#12752 = EDGE_LOOP('',(#12753,#12754,#12762,#12768));
#12753 = ORIENTED_EDGE('',*,*,#1603,.T.);
#12754 = ORIENTED_EDGE('',*,*,#12755,.F.);
#12755 = EDGE_CURVE('',#12756,#1596,#12758,.T.);
#12756 = VERTEX_POINT('',#12757);
#12757 = CARTESIAN_POINT('',(-2.749883065266,-6.005,4.100842205899));
#12758 = LINE('',#12759,#12760);
#12759 = CARTESIAN_POINT('',(-2.749883065266,-6.005,4.100842205899));
#12760 = VECTOR('',#12761,1.);
#12761 = DIRECTION('',(-0.,1.,-0.));
#12762 = ORIENTED_EDGE('',*,*,#12763,.F.);
#12763 = EDGE_CURVE('',#12732,#12756,#12764,.T.);
#12764 = LINE('',#12765,#12766);
#12765 = CARTESIAN_POINT('',(-2.749883065266,-6.005,4.100842205899));
#12766 = VECTOR('',#12767,1.);
#12767 = DIRECTION('',(-1.,-0.,-0.));
#12768 = ORIENTED_EDGE('',*,*,#12731,.T.);
#12769 = PLANE('',#12770);
#12770 = AXIS2_PLACEMENT_3D('',#12771,#12772,#12773);
#12771 = CARTESIAN_POINT('',(-2.749883065266,-6.005,4.100842205899));
#12772 = DIRECTION('',(0.,0.,-1.));
#12773 = DIRECTION('',(-1.,0.,-0.));
#12774 = ADVANCED_FACE('',(#12775),#12793,.F.);
#12775 = FACE_BOUND('',#12776,.T.);
#12776 = EDGE_LOOP('',(#12777,#12778,#12786,#12792));
#12777 = ORIENTED_EDGE('',*,*,#1595,.T.);
#12778 = ORIENTED_EDGE('',*,*,#12779,.F.);
#12779 = EDGE_CURVE('',#12780,#1588,#12782,.T.);
#12780 = VERTEX_POINT('',#12781);
#12781 = CARTESIAN_POINT('',(-2.749883065266,-6.005,3.76188112518));
#12782 = LINE('',#12783,#12784);
#12783 = CARTESIAN_POINT('',(-2.749883065266,-6.005,3.76188112518));
#12784 = VECTOR('',#12785,1.);
#12785 = DIRECTION('',(-0.,1.,-0.));
#12786 = ORIENTED_EDGE('',*,*,#12787,.F.);
#12787 = EDGE_CURVE('',#12756,#12780,#12788,.T.);
#12788 = LINE('',#12789,#12790);
#12789 = CARTESIAN_POINT('',(-2.749883065266,-6.005,3.76188112518));
#12790 = VECTOR('',#12791,1.);
#12791 = DIRECTION('',(-0.,-0.,-1.));
#12792 = ORIENTED_EDGE('',*,*,#12755,.T.);
#12793 = PLANE('',#12794);
#12794 = AXIS2_PLACEMENT_3D('',#12795,#12796,#12797);
#12795 = CARTESIAN_POINT('',(-2.749883065266,-6.005,3.76188112518));
#12796 = DIRECTION('',(1.,0.,-0.));
#12797 = DIRECTION('',(-0.,0.,-1.));
#12798 = ADVANCED_FACE('',(#12799),#12810,.F.);
#12799 = FACE_BOUND('',#12800,.T.);
#12800 = EDGE_LOOP('',(#12801,#12802,#12803,#12809));
#12801 = ORIENTED_EDGE('',*,*,#1587,.T.);
#12802 = ORIENTED_EDGE('',*,*,#12548,.F.);
#12803 = ORIENTED_EDGE('',*,*,#12804,.F.);
#12804 = EDGE_CURVE('',#12780,#12541,#12805,.T.);
#12805 = LINE('',#12806,#12807);
#12806 = CARTESIAN_POINT('',(-2.567578843938,-6.005,3.76188112518));
#12807 = VECTOR('',#12808,1.);
#12808 = DIRECTION('',(1.,-0.,-0.));
#12809 = ORIENTED_EDGE('',*,*,#12779,.T.);
#12810 = PLANE('',#12811);
#12811 = AXIS2_PLACEMENT_3D('',#12812,#12813,#12814);
#12812 = CARTESIAN_POINT('',(-2.567578843938,-6.005,3.76188112518));
#12813 = DIRECTION('',(0.,0.,1.));
#12814 = DIRECTION('',(1.,0.,-0.));
#12815 = ADVANCED_FACE('',(#12816),#12830,.F.);
#12816 = FACE_BOUND('',#12817,.T.);
#12817 = EDGE_LOOP('',(#12818,#12819,#12820,#12821,#12822,#12823,#12824,
    #12825,#12826,#12827,#12828,#12829));
#12818 = ORIENTED_EDGE('',*,*,#12540,.T.);
#12819 = ORIENTED_EDGE('',*,*,#12571,.T.);
#12820 = ORIENTED_EDGE('',*,*,#12595,.T.);
#12821 = ORIENTED_EDGE('',*,*,#12619,.T.);
#12822 = ORIENTED_EDGE('',*,*,#12643,.T.);
#12823 = ORIENTED_EDGE('',*,*,#12667,.T.);
#12824 = ORIENTED_EDGE('',*,*,#12691,.T.);
#12825 = ORIENTED_EDGE('',*,*,#12715,.T.);
#12826 = ORIENTED_EDGE('',*,*,#12739,.T.);
#12827 = ORIENTED_EDGE('',*,*,#12763,.T.);
#12828 = ORIENTED_EDGE('',*,*,#12787,.T.);
#12829 = ORIENTED_EDGE('',*,*,#12804,.T.);
#12830 = PLANE('',#12831);
#12831 = AXIS2_PLACEMENT_3D('',#12832,#12833,#12834);
#12832 = CARTESIAN_POINT('',(-6.25,-6.005,2.5));
#12833 = DIRECTION('',(0.,1.,0.));
#12834 = DIRECTION('',(0.,-0.,1.));
#12835 = ADVANCED_FACE('',(#12836,#12898),#12960,.T.);
#12836 = FACE_BOUND('',#12837,.T.);
#12837 = EDGE_LOOP('',(#12838,#12848,#12857,#12866,#12875,#12884,#12892)
  );
#12838 = ORIENTED_EDGE('',*,*,#12839,.T.);
#12839 = EDGE_CURVE('',#12840,#12842,#12844,.T.);
#12840 = VERTEX_POINT('',#12841);
#12841 = CARTESIAN_POINT('',(-2.50354708559,-6.005,3.76188112518));
#12842 = VERTEX_POINT('',#12843);
#12843 = CARTESIAN_POINT('',(-2.410315459094,-6.005,3.76188112518));
#12844 = LINE('',#12845,#12846);
#12845 = CARTESIAN_POINT('',(-2.410315459094,-6.005,3.76188112518));
#12846 = VECTOR('',#12847,1.);
#12847 = DIRECTION('',(1.,-0.,-0.));
#12848 = ORIENTED_EDGE('',*,*,#12849,.T.);
#12849 = EDGE_CURVE('',#12842,#12850,#12852,.T.);
#12850 = VERTEX_POINT('',#12851);
#12851 = CARTESIAN_POINT('',(-2.278699436189,-6.005,3.809363403358));
#12852 = B_SPLINE_CURVE_WITH_KNOTS('',3,(#12853,#12854,#12855,#12856),
  .UNSPECIFIED.,.F.,.F.,(4,4),(5.,6.),.PIECEWISE_BEZIER_KNOTS.);
#12853 = CARTESIAN_POINT('',(-2.410315459094,-6.005,3.76188112518));
#12854 = CARTESIAN_POINT('',(-2.356681279912,-6.005,3.76188112518));
#12855 = CARTESIAN_POINT('',(-2.312751507946,-6.005,3.777650786909));
#12856 = CARTESIAN_POINT('',(-2.278699436189,-6.005,3.809363403358));
#12857 = ORIENTED_EDGE('',*,*,#12858,.T.);
#12858 = EDGE_CURVE('',#12850,#12859,#12861,.T.);
#12859 = VERTEX_POINT('',#12860);
#12860 = CARTESIAN_POINT('',(-2.227578005301,-6.005,3.93569399019));
#12861 = B_SPLINE_CURVE_WITH_KNOTS('',3,(#12862,#12863,#12864,#12865),
  .UNSPECIFIED.,.F.,.F.,(4,4),(4.,5.),.PIECEWISE_BEZIER_KNOTS.);
#12862 = CARTESIAN_POINT('',(-2.278699436189,-6.005,3.809363403358));
#12863 = CARTESIAN_POINT('',(-2.244647364429,-6.005,3.841076019806));
#12864 = CARTESIAN_POINT('',(-2.227578005301,-6.005,3.883186215415));
#12865 = CARTESIAN_POINT('',(-2.227578005301,-6.005,3.93569399019));
#12866 = ORIENTED_EDGE('',*,*,#12867,.T.);
#12867 = EDGE_CURVE('',#12859,#12868,#12870,.T.);
#12868 = VERTEX_POINT('',#12869);
#12869 = CARTESIAN_POINT('',(-2.278699436189,-6.005,4.055959322512));
#12870 = B_SPLINE_CURVE_WITH_KNOTS('',3,(#12871,#12872,#12873,#12874),
  .UNSPECIFIED.,.F.,.F.,(4,4),(3.,4.),.PIECEWISE_BEZIER_KNOTS.);
#12871 = CARTESIAN_POINT('',(-2.227578005301,-6.005,3.93569399019));
#12872 = CARTESIAN_POINT('',(-2.227578005301,-6.005,3.985948956145));
#12873 = CARTESIAN_POINT('',(-2.244647364429,-6.005,4.025979635924));
#12874 = CARTESIAN_POINT('',(-2.278699436189,-6.005,4.055959322512));
#12875 = ORIENTED_EDGE('',*,*,#12876,.T.);
#12876 = EDGE_CURVE('',#12868,#12877,#12879,.T.);
#12877 = VERTEX_POINT('',#12878);
#12878 = CARTESIAN_POINT('',(-2.406849599374,-6.005,4.100842205899));
#12879 = B_SPLINE_CURVE_WITH_KNOTS('',3,(#12880,#12881,#12882,#12883),
  .UNSPECIFIED.,.F.,.F.,(4,4),(2.,3.),.PIECEWISE_BEZIER_KNOTS.);
#12880 = CARTESIAN_POINT('',(-2.278699436189,-6.005,4.055959322512));
#12881 = CARTESIAN_POINT('',(-2.312751507946,-6.005,4.085939009097));
#12882 = CARTESIAN_POINT('',(-2.355468229011,-6.005,4.100842205899));
#12883 = CARTESIAN_POINT('',(-2.406849599374,-6.005,4.100842205899));
#12884 = ORIENTED_EDGE('',*,*,#12885,.T.);
#12885 = EDGE_CURVE('',#12877,#12886,#12888,.T.);
#12886 = VERTEX_POINT('',#12887);
#12887 = CARTESIAN_POINT('',(-2.50354708559,-6.005,4.100842205899));
#12888 = LINE('',#12889,#12890);
#12889 = CARTESIAN_POINT('',(-2.50354708559,-6.005,4.100842205899));
#12890 = VECTOR('',#12891,1.);
#12891 = DIRECTION('',(-1.,-0.,-0.));
#12892 = ORIENTED_EDGE('',*,*,#12893,.T.);
#12893 = EDGE_CURVE('',#12886,#12840,#12894,.T.);
#12894 = LINE('',#12895,#12896);
#12895 = CARTESIAN_POINT('',(-2.50354708559,-6.005,3.76188112518));
#12896 = VECTOR('',#12897,1.);
#12897 = DIRECTION('',(-0.,-0.,-1.));
#12898 = FACE_BOUND('',#12899,.T.);
#12899 = EDGE_LOOP('',(#12900,#12910,#12918,#12927,#12936,#12945,#12954)
  );
#12900 = ORIENTED_EDGE('',*,*,#12901,.F.);
#12901 = EDGE_CURVE('',#12902,#12904,#12906,.T.);
#12902 = VERTEX_POINT('',#12903);
#12903 = CARTESIAN_POINT('',(-2.459790606613,-6.005,4.061851284038));
#12904 = VERTEX_POINT('',#12905);
#12905 = CARTESIAN_POINT('',(-2.459790606613,-6.005,3.80052546107));
#12906 = LINE('',#12907,#12908);
#12907 = CARTESIAN_POINT('',(-2.459790606613,-6.005,4.061851284038));
#12908 = VECTOR('',#12909,1.);
#12909 = DIRECTION('',(0.,0.,-1.));
#12910 = ORIENTED_EDGE('',*,*,#12911,.F.);
#12911 = EDGE_CURVE('',#12912,#12902,#12914,.T.);
#12912 = VERTEX_POINT('',#12913);
#12913 = CARTESIAN_POINT('',(-2.408582529235,-6.005,4.061851284038));
#12914 = LINE('',#12915,#12916);
#12915 = CARTESIAN_POINT('',(-2.408582529235,-6.005,4.061851284038));
#12916 = VECTOR('',#12917,1.);
#12917 = DIRECTION('',(-1.,0.,0.));
#12918 = ORIENTED_EDGE('',*,*,#12919,.F.);
#12919 = EDGE_CURVE('',#12920,#12912,#12922,.T.);
#12920 = VERTEX_POINT('',#12921);
#12921 = CARTESIAN_POINT('',(-2.310758638609,-6.005,4.029965374604));
#12922 = B_SPLINE_CURVE_WITH_KNOTS('',3,(#12923,#12924,#12925,#12926),
  .UNSPECIFIED.,.F.,.F.,(4,4),(5.,6.),.PIECEWISE_BEZIER_KNOTS.);
#12923 = CARTESIAN_POINT('',(-2.310758638609,-6.005,4.029965374604));
#12924 = CARTESIAN_POINT('',(-2.335539535614,-6.005,4.051280411887));
#12925 = CARTESIAN_POINT('',(-2.368205263485,-6.005,4.061851284038));
#12926 = CARTESIAN_POINT('',(-2.408582529235,-6.005,4.061851284038));
#12927 = ORIENTED_EDGE('',*,*,#12928,.F.);
#12928 = EDGE_CURVE('',#12929,#12920,#12931,.T.);
#12929 = VERTEX_POINT('',#12930);
#12930 = CARTESIAN_POINT('',(-2.273587293102,-6.005,3.934480939289));
#12931 = B_SPLINE_CURVE_WITH_KNOTS('',3,(#12932,#12933,#12934,#12935),
  .UNSPECIFIED.,.F.,.F.,(4,4),(4.,5.),.PIECEWISE_BEZIER_KNOTS.);
#12932 = CARTESIAN_POINT('',(-2.273587293102,-6.005,3.934480939289));
#12933 = CARTESIAN_POINT('',(-2.273587293102,-6.005,3.976764427886));
#12934 = CARTESIAN_POINT('',(-2.285977741604,-6.005,4.008650337318));
#12935 = CARTESIAN_POINT('',(-2.310758638609,-6.005,4.029965374604));
#12936 = ORIENTED_EDGE('',*,*,#12937,.F.);
#12937 = EDGE_CURVE('',#12938,#12929,#12940,.T.);
#12938 = VERTEX_POINT('',#12939);
#12939 = CARTESIAN_POINT('',(-2.309805527185,-6.005,3.835877230224));
#12940 = B_SPLINE_CURVE_WITH_KNOTS('',3,(#12941,#12942,#12943,#12944),
  .UNSPECIFIED.,.F.,.F.,(4,4),(3.,4.),.PIECEWISE_BEZIER_KNOTS.);
#12941 = CARTESIAN_POINT('',(-2.309805527185,-6.005,3.835877230224));
#12942 = CARTESIAN_POINT('',(-2.28563115563,-6.005,3.859271783342));
#12943 = CARTESIAN_POINT('',(-2.273587293102,-6.005,3.892197450691));
#12944 = CARTESIAN_POINT('',(-2.273587293102,-6.005,3.934480939289));
#12945 = ORIENTED_EDGE('',*,*,#12946,.F.);
#12946 = EDGE_CURVE('',#12947,#12938,#12949,.T.);
#12947 = VERTEX_POINT('',#12948);
#12948 = CARTESIAN_POINT('',(-2.410575398575,-6.005,3.80052546107));
#12949 = B_SPLINE_CURVE_WITH_KNOTS('',3,(#12950,#12951,#12952,#12953),
  .UNSPECIFIED.,.F.,.F.,(4,4),(2.,3.),.PIECEWISE_BEZIER_KNOTS.);
#12950 = CARTESIAN_POINT('',(-2.410575398575,-6.005,3.80052546107));
#12951 = CARTESIAN_POINT('',(-2.367512091541,-6.005,3.80052546107));
#12952 = CARTESIAN_POINT('',(-2.333893252246,-6.005,3.81230938412));
#12953 = CARTESIAN_POINT('',(-2.309805527185,-6.005,3.835877230224));
#12954 = ORIENTED_EDGE('',*,*,#12955,.F.);
#12955 = EDGE_CURVE('',#12904,#12947,#12956,.T.);
#12956 = LINE('',#12957,#12958);
#12957 = CARTESIAN_POINT('',(-2.459790606613,-6.005,3.80052546107));
#12958 = VECTOR('',#12959,1.);
#12959 = DIRECTION('',(1.,0.,0.));
#12960 = PLANE('',#12961);
#12961 = AXIS2_PLACEMENT_3D('',#12962,#12963,#12964);
#12962 = CARTESIAN_POINT('',(-2.336276030804,-6.005,4.089643146675));
#12963 = DIRECTION('',(0.,-1.,0.));
#12964 = DIRECTION('',(0.,-0.,-1.));
#12965 = ADVANCED_FACE('',(#12966),#12982,.F.);
#12966 = FACE_BOUND('',#12967,.T.);
#12967 = EDGE_LOOP('',(#12968,#12969,#12975,#12976));
#12968 = ORIENTED_EDGE('',*,*,#1675,.T.);
#12969 = ORIENTED_EDGE('',*,*,#12970,.F.);
#12970 = EDGE_CURVE('',#12842,#1678,#12971,.T.);
#12971 = LINE('',#12972,#12973);
#12972 = CARTESIAN_POINT('',(-2.410315459094,-6.005,3.76188112518));
#12973 = VECTOR('',#12974,1.);
#12974 = DIRECTION('',(-0.,1.,-0.));
#12975 = ORIENTED_EDGE('',*,*,#12839,.F.);
#12976 = ORIENTED_EDGE('',*,*,#12977,.T.);
#12977 = EDGE_CURVE('',#12840,#1676,#12978,.T.);
#12978 = LINE('',#12979,#12980);
#12979 = CARTESIAN_POINT('',(-2.50354708559,-6.005,3.76188112518));
#12980 = VECTOR('',#12981,1.);
#12981 = DIRECTION('',(-0.,1.,-0.));
#12982 = PLANE('',#12983);
#12983 = AXIS2_PLACEMENT_3D('',#12984,#12985,#12986);
#12984 = CARTESIAN_POINT('',(-2.410315459094,-6.005,3.76188112518));
#12985 = DIRECTION('',(0.,0.,1.));
#12986 = DIRECTION('',(1.,0.,-0.));
#12987 = ADVANCED_FACE('',(#12988),#12999,.F.);
#12988 = FACE_BOUND('',#12989,.F.);
#12989 = EDGE_LOOP('',(#12990,#12991,#12992,#12998));
#12990 = ORIENTED_EDGE('',*,*,#12970,.F.);
#12991 = ORIENTED_EDGE('',*,*,#12849,.T.);
#12992 = ORIENTED_EDGE('',*,*,#12993,.T.);
#12993 = EDGE_CURVE('',#12850,#1720,#12994,.T.);
#12994 = LINE('',#12995,#12996);
#12995 = CARTESIAN_POINT('',(-2.278699436189,-6.005,3.809363403358));
#12996 = VECTOR('',#12997,1.);
#12997 = DIRECTION('',(-0.,1.,-0.));
#12998 = ORIENTED_EDGE('',*,*,#1728,.F.);
#12999 = B_SPLINE_SURFACE_WITH_KNOTS('',3,1,(
    (#13000,#13001)
    ,(#13002,#13003)
    ,(#13004,#13005)
    ,(#13006,#13007
    )),.UNSPECIFIED.,.F.,.F.,.F.,(4,4),(2,2),(5.,6.),(0.,1.),
  .PIECEWISE_BEZIER_KNOTS.);
#13000 = CARTESIAN_POINT('',(-2.410315459094,-6.005,3.76188112518));
#13001 = CARTESIAN_POINT('',(-2.410315459094,-5.995,3.76188112518));
#13002 = CARTESIAN_POINT('',(-2.356681279912,-6.005,3.76188112518));
#13003 = CARTESIAN_POINT('',(-2.356681279912,-5.995,3.76188112518));
#13004 = CARTESIAN_POINT('',(-2.312751507946,-6.005,3.777650786909));
#13005 = CARTESIAN_POINT('',(-2.312751507946,-5.995,3.777650786909));
#13006 = CARTESIAN_POINT('',(-2.278699436189,-6.005,3.809363403358));
#13007 = CARTESIAN_POINT('',(-2.278699436189,-5.995,3.809363403358));
#13008 = ADVANCED_FACE('',(#13009),#13020,.F.);
#13009 = FACE_BOUND('',#13010,.F.);
#13010 = EDGE_LOOP('',(#13011,#13012,#13013,#13019));
#13011 = ORIENTED_EDGE('',*,*,#12993,.F.);
#13012 = ORIENTED_EDGE('',*,*,#12858,.T.);
#13013 = ORIENTED_EDGE('',*,*,#13014,.T.);
#13014 = EDGE_CURVE('',#12859,#1711,#13015,.T.);
#13015 = LINE('',#13016,#13017);
#13016 = CARTESIAN_POINT('',(-2.227578005301,-6.005,3.93569399019));
#13017 = VECTOR('',#13018,1.);
#13018 = DIRECTION('',(-0.,1.,-0.));
#13019 = ORIENTED_EDGE('',*,*,#1719,.F.);
#13020 = B_SPLINE_SURFACE_WITH_KNOTS('',3,1,(
    (#13021,#13022)
    ,(#13023,#13024)
    ,(#13025,#13026)
    ,(#13027,#13028
    )),.UNSPECIFIED.,.F.,.F.,.F.,(4,4),(2,2),(4.,5.),(0.,1.),
  .PIECEWISE_BEZIER_KNOTS.);
#13021 = CARTESIAN_POINT('',(-2.278699436189,-6.005,3.809363403358));
#13022 = CARTESIAN_POINT('',(-2.278699436189,-5.995,3.809363403358));
#13023 = CARTESIAN_POINT('',(-2.244647364429,-6.005,3.841076019806));
#13024 = CARTESIAN_POINT('',(-2.244647364429,-5.995,3.841076019806));
#13025 = CARTESIAN_POINT('',(-2.227578005301,-6.005,3.883186215415));
#13026 = CARTESIAN_POINT('',(-2.227578005301,-5.995,3.883186215415));
#13027 = CARTESIAN_POINT('',(-2.227578005301,-6.005,3.93569399019));
#13028 = CARTESIAN_POINT('',(-2.227578005301,-5.995,3.93569399019));
#13029 = ADVANCED_FACE('',(#13030),#13041,.F.);
#13030 = FACE_BOUND('',#13031,.F.);
#13031 = EDGE_LOOP('',(#13032,#13033,#13034,#13040));
#13032 = ORIENTED_EDGE('',*,*,#13014,.F.);
#13033 = ORIENTED_EDGE('',*,*,#12867,.T.);
#13034 = ORIENTED_EDGE('',*,*,#13035,.T.);
#13035 = EDGE_CURVE('',#12868,#1702,#13036,.T.);
#13036 = LINE('',#13037,#13038);
#13037 = CARTESIAN_POINT('',(-2.278699436189,-6.005,4.055959322512));
#13038 = VECTOR('',#13039,1.);
#13039 = DIRECTION('',(-0.,1.,-0.));
#13040 = ORIENTED_EDGE('',*,*,#1710,.F.);
#13041 = B_SPLINE_SURFACE_WITH_KNOTS('',3,1,(
    (#13042,#13043)
    ,(#13044,#13045)
    ,(#13046,#13047)
    ,(#13048,#13049
    )),.UNSPECIFIED.,.F.,.F.,.F.,(4,4),(2,2),(3.,4.),(0.,1.),
  .PIECEWISE_BEZIER_KNOTS.);
#13042 = CARTESIAN_POINT('',(-2.227578005301,-6.005,3.93569399019));
#13043 = CARTESIAN_POINT('',(-2.227578005301,-5.995,3.93569399019));
#13044 = CARTESIAN_POINT('',(-2.227578005301,-6.005,3.985948956145));
#13045 = CARTESIAN_POINT('',(-2.227578005301,-5.995,3.985948956145));
#13046 = CARTESIAN_POINT('',(-2.244647364429,-6.005,4.025979635924));
#13047 = CARTESIAN_POINT('',(-2.244647364429,-5.995,4.025979635924));
#13048 = CARTESIAN_POINT('',(-2.278699436189,-6.005,4.055959322512));
#13049 = CARTESIAN_POINT('',(-2.278699436189,-5.995,4.055959322512));
#13050 = ADVANCED_FACE('',(#13051),#13062,.F.);
#13051 = FACE_BOUND('',#13052,.F.);
#13052 = EDGE_LOOP('',(#13053,#13054,#13055,#13061));
#13053 = ORIENTED_EDGE('',*,*,#13035,.F.);
#13054 = ORIENTED_EDGE('',*,*,#12876,.T.);
#13055 = ORIENTED_EDGE('',*,*,#13056,.T.);
#13056 = EDGE_CURVE('',#12877,#1694,#13057,.T.);
#13057 = LINE('',#13058,#13059);
#13058 = CARTESIAN_POINT('',(-2.406849599374,-6.005,4.100842205899));
#13059 = VECTOR('',#13060,1.);
#13060 = DIRECTION('',(-0.,1.,-0.));
#13061 = ORIENTED_EDGE('',*,*,#1701,.F.);
#13062 = B_SPLINE_SURFACE_WITH_KNOTS('',3,1,(
    (#13063,#13064)
    ,(#13065,#13066)
    ,(#13067,#13068)
    ,(#13069,#13070
    )),.UNSPECIFIED.,.F.,.F.,.F.,(4,4),(2,2),(2.,3.),(0.,1.),
  .PIECEWISE_BEZIER_KNOTS.);
#13063 = CARTESIAN_POINT('',(-2.278699436189,-6.005,4.055959322512));
#13064 = CARTESIAN_POINT('',(-2.278699436189,-5.995,4.055959322512));
#13065 = CARTESIAN_POINT('',(-2.312751507946,-6.005,4.085939009097));
#13066 = CARTESIAN_POINT('',(-2.312751507946,-5.995,4.085939009097));
#13067 = CARTESIAN_POINT('',(-2.355468229011,-6.005,4.100842205899));
#13068 = CARTESIAN_POINT('',(-2.355468229011,-5.995,4.100842205899));
#13069 = CARTESIAN_POINT('',(-2.406849599374,-6.005,4.100842205899));
#13070 = CARTESIAN_POINT('',(-2.406849599374,-5.995,4.100842205899));
#13071 = ADVANCED_FACE('',(#13072),#13083,.F.);
#13072 = FACE_BOUND('',#13073,.T.);
#13073 = EDGE_LOOP('',(#13074,#13075,#13081,#13082));
#13074 = ORIENTED_EDGE('',*,*,#1693,.T.);
#13075 = ORIENTED_EDGE('',*,*,#13076,.F.);
#13076 = EDGE_CURVE('',#12886,#1686,#13077,.T.);
#13077 = LINE('',#13078,#13079);
#13078 = CARTESIAN_POINT('',(-2.50354708559,-6.005,4.100842205899));
#13079 = VECTOR('',#13080,1.);
#13080 = DIRECTION('',(-0.,1.,-0.));
#13081 = ORIENTED_EDGE('',*,*,#12885,.F.);
#13082 = ORIENTED_EDGE('',*,*,#13056,.T.);
#13083 = PLANE('',#13084);
#13084 = AXIS2_PLACEMENT_3D('',#13085,#13086,#13087);
#13085 = CARTESIAN_POINT('',(-2.50354708559,-6.005,4.100842205899));
#13086 = DIRECTION('',(0.,0.,-1.));
#13087 = DIRECTION('',(-1.,0.,-0.));
#13088 = ADVANCED_FACE('',(#13089),#13095,.F.);
#13089 = FACE_BOUND('',#13090,.T.);
#13090 = EDGE_LOOP('',(#13091,#13092,#13093,#13094));
#13091 = ORIENTED_EDGE('',*,*,#1685,.T.);
#13092 = ORIENTED_EDGE('',*,*,#12977,.F.);
#13093 = ORIENTED_EDGE('',*,*,#12893,.F.);
#13094 = ORIENTED_EDGE('',*,*,#13076,.T.);
#13095 = PLANE('',#13096);
#13096 = AXIS2_PLACEMENT_3D('',#13097,#13098,#13099);
#13097 = CARTESIAN_POINT('',(-2.50354708559,-6.005,3.76188112518));
#13098 = DIRECTION('',(1.,0.,-0.));
#13099 = DIRECTION('',(-0.,0.,-1.));
#13100 = ADVANCED_FACE('',(#13101),#13126,.T.);
#13101 = FACE_BOUND('',#13102,.T.);
#13102 = EDGE_LOOP('',(#13103,#13113,#13119,#13120));
#13103 = ORIENTED_EDGE('',*,*,#13104,.F.);
#13104 = EDGE_CURVE('',#13105,#13107,#13109,.T.);
#13105 = VERTEX_POINT('',#13106);
#13106 = CARTESIAN_POINT('',(-2.408582529235,-5.995,4.061851284038));
#13107 = VERTEX_POINT('',#13108);
#13108 = CARTESIAN_POINT('',(-2.459790606613,-5.995,4.061851284038));
#13109 = LINE('',#13110,#13111);
#13110 = CARTESIAN_POINT('',(-2.408582529235,-5.995,4.061851284038));
#13111 = VECTOR('',#13112,1.);
#13112 = DIRECTION('',(-1.,0.,0.));
#13113 = ORIENTED_EDGE('',*,*,#13114,.F.);
#13114 = EDGE_CURVE('',#12912,#13105,#13115,.T.);
#13115 = LINE('',#13116,#13117);
#13116 = CARTESIAN_POINT('',(-2.408582529235,-6.005,4.061851284038));
#13117 = VECTOR('',#13118,1.);
#13118 = DIRECTION('',(-0.,1.,-0.));
#13119 = ORIENTED_EDGE('',*,*,#12911,.T.);
#13120 = ORIENTED_EDGE('',*,*,#13121,.T.);
#13121 = EDGE_CURVE('',#12902,#13107,#13122,.T.);
#13122 = LINE('',#13123,#13124);
#13123 = CARTESIAN_POINT('',(-2.459790606613,-6.005,4.061851284038));
#13124 = VECTOR('',#13125,1.);
#13125 = DIRECTION('',(-0.,1.,-0.));
#13126 = PLANE('',#13127);
#13127 = AXIS2_PLACEMENT_3D('',#13128,#13129,#13130);
#13128 = CARTESIAN_POINT('',(-2.408582529235,-6.005,4.061851284038));
#13129 = DIRECTION('',(-0.,0.,-1.));
#13130 = DIRECTION('',(-1.,0.,0.));
#13131 = ADVANCED_FACE('',(#13132),#13150,.T.);
#13132 = FACE_BOUND('',#13133,.T.);
#13133 = EDGE_LOOP('',(#13134,#13142,#13143,#13144));
#13134 = ORIENTED_EDGE('',*,*,#13135,.F.);
#13135 = EDGE_CURVE('',#13107,#13136,#13138,.T.);
#13136 = VERTEX_POINT('',#13137);
#13137 = CARTESIAN_POINT('',(-2.459790606613,-5.995,3.80052546107));
#13138 = LINE('',#13139,#13140);
#13139 = CARTESIAN_POINT('',(-2.459790606613,-5.995,4.061851284038));
#13140 = VECTOR('',#13141,1.);
#13141 = DIRECTION('',(0.,0.,-1.));
#13142 = ORIENTED_EDGE('',*,*,#13121,.F.);
#13143 = ORIENTED_EDGE('',*,*,#12901,.T.);
#13144 = ORIENTED_EDGE('',*,*,#13145,.T.);
#13145 = EDGE_CURVE('',#12904,#13136,#13146,.T.);
#13146 = LINE('',#13147,#13148);
#13147 = CARTESIAN_POINT('',(-2.459790606613,-6.005,3.80052546107));
#13148 = VECTOR('',#13149,1.);
#13149 = DIRECTION('',(-0.,1.,-0.));
#13150 = PLANE('',#13151);
#13151 = AXIS2_PLACEMENT_3D('',#13152,#13153,#13154);
#13152 = CARTESIAN_POINT('',(-2.459790606613,-6.005,4.061851284038));
#13153 = DIRECTION('',(1.,0.,0.));
#13154 = DIRECTION('',(0.,0.,-1.));
#13155 = ADVANCED_FACE('',(#13156),#13174,.T.);
#13156 = FACE_BOUND('',#13157,.T.);
#13157 = EDGE_LOOP('',(#13158,#13166,#13167,#13168));
#13158 = ORIENTED_EDGE('',*,*,#13159,.F.);
#13159 = EDGE_CURVE('',#13136,#13160,#13162,.T.);
#13160 = VERTEX_POINT('',#13161);
#13161 = CARTESIAN_POINT('',(-2.410575398575,-5.995,3.80052546107));
#13162 = LINE('',#13163,#13164);
#13163 = CARTESIAN_POINT('',(-2.459790606613,-5.995,3.80052546107));
#13164 = VECTOR('',#13165,1.);
#13165 = DIRECTION('',(1.,0.,0.));
#13166 = ORIENTED_EDGE('',*,*,#13145,.F.);
#13167 = ORIENTED_EDGE('',*,*,#12955,.T.);
#13168 = ORIENTED_EDGE('',*,*,#13169,.T.);
#13169 = EDGE_CURVE('',#12947,#13160,#13170,.T.);
#13170 = LINE('',#13171,#13172);
#13171 = CARTESIAN_POINT('',(-2.410575398575,-6.005,3.80052546107));
#13172 = VECTOR('',#13173,1.);
#13173 = DIRECTION('',(-0.,1.,-0.));
#13174 = PLANE('',#13175);
#13175 = AXIS2_PLACEMENT_3D('',#13176,#13177,#13178);
#13176 = CARTESIAN_POINT('',(-2.459790606613,-6.005,3.80052546107));
#13177 = DIRECTION('',(-0.,0.,1.));
#13178 = DIRECTION('',(1.,0.,0.));
#13179 = ADVANCED_FACE('',(#13180),#13199,.T.);
#13180 = FACE_BOUND('',#13181,.T.);
#13181 = EDGE_LOOP('',(#13182,#13191,#13192,#13193));
#13182 = ORIENTED_EDGE('',*,*,#13183,.F.);
#13183 = EDGE_CURVE('',#13160,#13184,#13186,.T.);
#13184 = VERTEX_POINT('',#13185);
#13185 = CARTESIAN_POINT('',(-2.309805527185,-5.995,3.835877230224));
#13186 = B_SPLINE_CURVE_WITH_KNOTS('',3,(#13187,#13188,#13189,#13190),
  .UNSPECIFIED.,.F.,.F.,(4,4),(2.,3.),.PIECEWISE_BEZIER_KNOTS.);
#13187 = CARTESIAN_POINT('',(-2.410575398575,-5.995,3.80052546107));
#13188 = CARTESIAN_POINT('',(-2.367512091541,-5.995,3.80052546107));
#13189 = CARTESIAN_POINT('',(-2.333893252246,-5.995,3.81230938412));
#13190 = CARTESIAN_POINT('',(-2.309805527185,-5.995,3.835877230224));
#13191 = ORIENTED_EDGE('',*,*,#13169,.F.);
#13192 = ORIENTED_EDGE('',*,*,#12946,.T.);
#13193 = ORIENTED_EDGE('',*,*,#13194,.T.);
#13194 = EDGE_CURVE('',#12938,#13184,#13195,.T.);
#13195 = LINE('',#13196,#13197);
#13196 = CARTESIAN_POINT('',(-2.309805527185,-6.005,3.835877230224));
#13197 = VECTOR('',#13198,1.);
#13198 = DIRECTION('',(-0.,1.,-0.));
#13199 = B_SPLINE_SURFACE_WITH_KNOTS('',3,1,(
    (#13200,#13201)
    ,(#13202,#13203)
    ,(#13204,#13205)
    ,(#13206,#13207
    )),.UNSPECIFIED.,.F.,.F.,.F.,(4,4),(2,2),(2.,3.),(0.,1.),
  .PIECEWISE_BEZIER_KNOTS.);
#13200 = CARTESIAN_POINT('',(-2.410575398575,-6.005,3.80052546107));
#13201 = CARTESIAN_POINT('',(-2.410575398575,-5.995,3.80052546107));
#13202 = CARTESIAN_POINT('',(-2.367512091541,-6.005,3.80052546107));
#13203 = CARTESIAN_POINT('',(-2.367512091541,-5.995,3.80052546107));
#13204 = CARTESIAN_POINT('',(-2.333893252246,-6.005,3.81230938412));
#13205 = CARTESIAN_POINT('',(-2.333893252246,-5.995,3.81230938412));
#13206 = CARTESIAN_POINT('',(-2.309805527185,-6.005,3.835877230224));
#13207 = CARTESIAN_POINT('',(-2.309805527185,-5.995,3.835877230224));
#13208 = ADVANCED_FACE('',(#13209),#13228,.T.);
#13209 = FACE_BOUND('',#13210,.T.);
#13210 = EDGE_LOOP('',(#13211,#13220,#13221,#13222));
#13211 = ORIENTED_EDGE('',*,*,#13212,.F.);
#13212 = EDGE_CURVE('',#13184,#13213,#13215,.T.);
#13213 = VERTEX_POINT('',#13214);
#13214 = CARTESIAN_POINT('',(-2.273587293102,-5.995,3.934480939289));
#13215 = B_SPLINE_CURVE_WITH_KNOTS('',3,(#13216,#13217,#13218,#13219),
  .UNSPECIFIED.,.F.,.F.,(4,4),(3.,4.),.PIECEWISE_BEZIER_KNOTS.);
#13216 = CARTESIAN_POINT('',(-2.309805527185,-5.995,3.835877230224));
#13217 = CARTESIAN_POINT('',(-2.28563115563,-5.995,3.859271783342));
#13218 = CARTESIAN_POINT('',(-2.273587293102,-5.995,3.892197450691));
#13219 = CARTESIAN_POINT('',(-2.273587293102,-5.995,3.934480939289));
#13220 = ORIENTED_EDGE('',*,*,#13194,.F.);
#13221 = ORIENTED_EDGE('',*,*,#12937,.T.);
#13222 = ORIENTED_EDGE('',*,*,#13223,.T.);
#13223 = EDGE_CURVE('',#12929,#13213,#13224,.T.);
#13224 = LINE('',#13225,#13226);
#13225 = CARTESIAN_POINT('',(-2.273587293102,-6.005,3.934480939289));
#13226 = VECTOR('',#13227,1.);
#13227 = DIRECTION('',(-0.,1.,-0.));
#13228 = B_SPLINE_SURFACE_WITH_KNOTS('',3,1,(
    (#13229,#13230)
    ,(#13231,#13232)
    ,(#13233,#13234)
    ,(#13235,#13236
    )),.UNSPECIFIED.,.F.,.F.,.F.,(4,4),(2,2),(3.,4.),(0.,1.),
  .PIECEWISE_BEZIER_KNOTS.);
#13229 = CARTESIAN_POINT('',(-2.309805527185,-6.005,3.835877230224));
#13230 = CARTESIAN_POINT('',(-2.309805527185,-5.995,3.835877230224));
#13231 = CARTESIAN_POINT('',(-2.28563115563,-6.005,3.859271783342));
#13232 = CARTESIAN_POINT('',(-2.28563115563,-5.995,3.859271783342));
#13233 = CARTESIAN_POINT('',(-2.273587293102,-6.005,3.892197450691));
#13234 = CARTESIAN_POINT('',(-2.273587293102,-5.995,3.892197450691));
#13235 = CARTESIAN_POINT('',(-2.273587293102,-6.005,3.934480939289));
#13236 = CARTESIAN_POINT('',(-2.273587293102,-5.995,3.934480939289));
#13237 = ADVANCED_FACE('',(#13238),#13257,.T.);
#13238 = FACE_BOUND('',#13239,.T.);
#13239 = EDGE_LOOP('',(#13240,#13249,#13250,#13251));
#13240 = ORIENTED_EDGE('',*,*,#13241,.F.);
#13241 = EDGE_CURVE('',#13213,#13242,#13244,.T.);
#13242 = VERTEX_POINT('',#13243);
#13243 = CARTESIAN_POINT('',(-2.310758638609,-5.995,4.029965374604));
#13244 = B_SPLINE_CURVE_WITH_KNOTS('',3,(#13245,#13246,#13247,#13248),
  .UNSPECIFIED.,.F.,.F.,(4,4),(4.,5.),.PIECEWISE_BEZIER_KNOTS.);
#13245 = CARTESIAN_POINT('',(-2.273587293102,-5.995,3.934480939289));
#13246 = CARTESIAN_POINT('',(-2.273587293102,-5.995,3.976764427886));
#13247 = CARTESIAN_POINT('',(-2.285977741604,-5.995,4.008650337318));
#13248 = CARTESIAN_POINT('',(-2.310758638609,-5.995,4.029965374604));
#13249 = ORIENTED_EDGE('',*,*,#13223,.F.);
#13250 = ORIENTED_EDGE('',*,*,#12928,.T.);
#13251 = ORIENTED_EDGE('',*,*,#13252,.T.);
#13252 = EDGE_CURVE('',#12920,#13242,#13253,.T.);
#13253 = LINE('',#13254,#13255);
#13254 = CARTESIAN_POINT('',(-2.310758638609,-6.005,4.029965374604));
#13255 = VECTOR('',#13256,1.);
#13256 = DIRECTION('',(-0.,1.,-0.));
#13257 = B_SPLINE_SURFACE_WITH_KNOTS('',3,1,(
    (#13258,#13259)
    ,(#13260,#13261)
    ,(#13262,#13263)
    ,(#13264,#13265
    )),.UNSPECIFIED.,.F.,.F.,.F.,(4,4),(2,2),(4.,5.),(0.,1.),
  .PIECEWISE_BEZIER_KNOTS.);
#13258 = CARTESIAN_POINT('',(-2.273587293102,-6.005,3.934480939289));
#13259 = CARTESIAN_POINT('',(-2.273587293102,-5.995,3.934480939289));
#13260 = CARTESIAN_POINT('',(-2.273587293102,-6.005,3.976764427886));
#13261 = CARTESIAN_POINT('',(-2.273587293102,-5.995,3.976764427886));
#13262 = CARTESIAN_POINT('',(-2.285977741604,-6.005,4.008650337318));
#13263 = CARTESIAN_POINT('',(-2.285977741604,-5.995,4.008650337318));
#13264 = CARTESIAN_POINT('',(-2.310758638609,-6.005,4.029965374604));
#13265 = CARTESIAN_POINT('',(-2.310758638609,-5.995,4.029965374604));
#13266 = ADVANCED_FACE('',(#13267),#13279,.T.);
#13267 = FACE_BOUND('',#13268,.T.);
#13268 = EDGE_LOOP('',(#13269,#13276,#13277,#13278));
#13269 = ORIENTED_EDGE('',*,*,#13270,.F.);
#13270 = EDGE_CURVE('',#13242,#13105,#13271,.T.);
#13271 = B_SPLINE_CURVE_WITH_KNOTS('',3,(#13272,#13273,#13274,#13275),
  .UNSPECIFIED.,.F.,.F.,(4,4),(5.,6.),.PIECEWISE_BEZIER_KNOTS.);
#13272 = CARTESIAN_POINT('',(-2.310758638609,-5.995,4.029965374604));
#13273 = CARTESIAN_POINT('',(-2.335539535614,-5.995,4.051280411887));
#13274 = CARTESIAN_POINT('',(-2.368205263485,-5.995,4.061851284038));
#13275 = CARTESIAN_POINT('',(-2.408582529235,-5.995,4.061851284038));
#13276 = ORIENTED_EDGE('',*,*,#13252,.F.);
#13277 = ORIENTED_EDGE('',*,*,#12919,.T.);
#13278 = ORIENTED_EDGE('',*,*,#13114,.T.);
#13279 = B_SPLINE_SURFACE_WITH_KNOTS('',3,1,(
    (#13280,#13281)
    ,(#13282,#13283)
    ,(#13284,#13285)
    ,(#13286,#13287
    )),.UNSPECIFIED.,.F.,.F.,.F.,(4,4),(2,2),(5.,6.),(0.,1.),
  .PIECEWISE_BEZIER_KNOTS.);
#13280 = CARTESIAN_POINT('',(-2.310758638609,-6.005,4.029965374604));
#13281 = CARTESIAN_POINT('',(-2.310758638609,-5.995,4.029965374604));
#13282 = CARTESIAN_POINT('',(-2.335539535614,-6.005,4.051280411887));
#13283 = CARTESIAN_POINT('',(-2.335539535614,-5.995,4.051280411887));
#13284 = CARTESIAN_POINT('',(-2.368205263485,-6.005,4.061851284038));
#13285 = CARTESIAN_POINT('',(-2.368205263485,-5.995,4.061851284038));
#13286 = CARTESIAN_POINT('',(-2.408582529235,-6.005,4.061851284038));
#13287 = CARTESIAN_POINT('',(-2.408582529235,-5.995,4.061851284038));
#13288 = ADVANCED_FACE('',(#13289),#13298,.F.);
#13289 = FACE_BOUND('',#13290,.T.);
#13290 = EDGE_LOOP('',(#13291,#13292,#13293,#13294,#13295,#13296,#13297)
  );
#13291 = ORIENTED_EDGE('',*,*,#13270,.T.);
#13292 = ORIENTED_EDGE('',*,*,#13104,.T.);
#13293 = ORIENTED_EDGE('',*,*,#13135,.T.);
#13294 = ORIENTED_EDGE('',*,*,#13159,.T.);
#13295 = ORIENTED_EDGE('',*,*,#13183,.T.);
#13296 = ORIENTED_EDGE('',*,*,#13212,.T.);
#13297 = ORIENTED_EDGE('',*,*,#13241,.T.);
#13298 = PLANE('',#13299);
#13299 = AXIS2_PLACEMENT_3D('',#13300,#13301,#13302);
#13300 = CARTESIAN_POINT('',(-5.75,-5.995,5.));
#13301 = DIRECTION('',(0.,1.,0.));
#13302 = DIRECTION('',(0.,-0.,1.));
#13303 = ADVANCED_FACE('',(#13304,#13370),#13422,.F.);
#13304 = FACE_BOUND('',#13305,.T.);
#13305 = EDGE_LOOP('',(#13306,#13316,#13324,#13332,#13340,#13348,#13356,
    #13364));
#13306 = ORIENTED_EDGE('',*,*,#13307,.T.);
#13307 = EDGE_CURVE('',#13308,#13310,#13312,.T.);
#13308 = VERTEX_POINT('',#13309);
#13309 = CARTESIAN_POINT('',(-1.903780060863,-6.005,3.76188112518));
#13310 = VERTEX_POINT('',#13311);
#13311 = CARTESIAN_POINT('',(-2.032883335471,-6.005,4.100842205899));
#13312 = LINE('',#13313,#13314);
#13313 = CARTESIAN_POINT('',(-2.032883335471,-6.005,4.100842205899));
#13314 = VECTOR('',#13315,1.);
#13315 = DIRECTION('',(-0.355935724364,-0.,0.934510438744));
#13316 = ORIENTED_EDGE('',*,*,#13317,.T.);
#13317 = EDGE_CURVE('',#13310,#13318,#13320,.T.);
#13318 = VERTEX_POINT('',#13319);
#13319 = CARTESIAN_POINT('',(-2.079672441708,-6.005,4.100842205899));
#13320 = LINE('',#13321,#13322);
#13321 = CARTESIAN_POINT('',(-2.079672441708,-6.005,4.100842205899));
#13322 = VECTOR('',#13323,1.);
#13323 = DIRECTION('',(-1.,-0.,-0.));
#13324 = ORIENTED_EDGE('',*,*,#13325,.T.);
#13325 = EDGE_CURVE('',#13318,#13326,#13328,.T.);
#13326 = VERTEX_POINT('',#13327);
#13327 = CARTESIAN_POINT('',(-2.208775716318,-6.005,3.76188112518));
#13328 = LINE('',#13329,#13330);
#13329 = CARTESIAN_POINT('',(-2.208775716318,-6.005,3.76188112518));
#13330 = VECTOR('',#13331,1.);
#13331 = DIRECTION('',(-0.35593572437,-0.,-0.934510438742));
#13332 = ORIENTED_EDGE('',*,*,#13333,.T.);
#13333 = EDGE_CURVE('',#13326,#13334,#13336,.T.);
#13334 = VERTEX_POINT('',#13335);
#13335 = CARTESIAN_POINT('',(-2.160426973209,-6.005,3.76188112518));
#13336 = LINE('',#13337,#13338);
#13337 = CARTESIAN_POINT('',(-2.160426973209,-6.005,3.76188112518));
#13338 = VECTOR('',#13339,1.);
#13339 = DIRECTION('',(1.,-0.,-0.));
#13340 = ORIENTED_EDGE('',*,*,#13341,.T.);
#13341 = EDGE_CURVE('',#13334,#13342,#13344,.T.);
#13342 = VERTEX_POINT('',#13343);
#13343 = CARTESIAN_POINT('',(-2.127847891831,-6.005,3.854592872717));
#13344 = LINE('',#13345,#13346);
#13345 = CARTESIAN_POINT('',(-2.127847891831,-6.005,3.854592872717));
#13346 = VECTOR('',#13347,1.);
#13347 = DIRECTION('',(0.331528418358,-0.,0.94344523308));
#13348 = ORIENTED_EDGE('',*,*,#13349,.T.);
#13349 = EDGE_CURVE('',#13342,#13350,#13352,.T.);
#13350 = VERTEX_POINT('',#13351);
#13351 = CARTESIAN_POINT('',(-1.98670075469,-6.005,3.854592872717));
#13352 = LINE('',#13353,#13354);
#13353 = CARTESIAN_POINT('',(-1.98670075469,-6.005,3.854592872717));
#13354 = VECTOR('',#13355,1.);
#13355 = DIRECTION('',(1.,-0.,-0.));
#13356 = ORIENTED_EDGE('',*,*,#13357,.T.);
#13357 = EDGE_CURVE('',#13350,#13358,#13360,.T.);
#13358 = VERTEX_POINT('',#13359);
#13359 = CARTESIAN_POINT('',(-1.95212880397,-6.005,3.76188112518));
#13360 = LINE('',#13361,#13362);
#13361 = CARTESIAN_POINT('',(-1.95212880397,-6.005,3.76188112518));
#13362 = VECTOR('',#13363,1.);
#13363 = DIRECTION('',(0.349395479497,-0.,-0.936975345944));
#13364 = ORIENTED_EDGE('',*,*,#13365,.T.);
#13365 = EDGE_CURVE('',#13358,#13308,#13366,.T.);
#13366 = LINE('',#13367,#13368);
#13367 = CARTESIAN_POINT('',(-1.903780060863,-6.005,3.76188112518));
#13368 = VECTOR('',#13369,1.);
#13369 = DIRECTION('',(1.,-0.,-0.));
#13370 = FACE_BOUND('',#13371,.T.);
#13371 = EDGE_LOOP('',(#13372,#13382,#13390,#13399,#13407,#13416));
#13372 = ORIENTED_EDGE('',*,*,#13373,.F.);
#13373 = EDGE_CURVE('',#13374,#13376,#13378,.T.);
#13374 = VERTEX_POINT('',#13375);
#13375 = CARTESIAN_POINT('',(-2.113984452944,-6.005,3.892890622635));
#13376 = VERTEX_POINT('',#13377);
#13377 = CARTESIAN_POINT('',(-2.000217607601,-6.005,3.892890622635));
#13378 = LINE('',#13379,#13380);
#13379 = CARTESIAN_POINT('',(-2.113984452944,-6.005,3.892890622635));
#13380 = VECTOR('',#13381,1.);
#13381 = DIRECTION('',(1.,0.,0.));
#13382 = ORIENTED_EDGE('',*,*,#13383,.F.);
#13383 = EDGE_CURVE('',#13384,#13374,#13386,.T.);
#13384 = VERTEX_POINT('',#13385);
#13385 = CARTESIAN_POINT('',(-2.063296254526,-6.005,4.033777820297));
#13386 = LINE('',#13387,#13388);
#13387 = CARTESIAN_POINT('',(-2.063296254526,-6.005,4.033777820297));
#13388 = VECTOR('',#13389,1.);
#13389 = DIRECTION('',(-0.338535034296,0.,-0.940953787683));
#13390 = ORIENTED_EDGE('',*,*,#13391,.F.);
#13391 = EDGE_CURVE('',#13392,#13384,#13394,.T.);
#13392 = VERTEX_POINT('',#13393);
#13393 = CARTESIAN_POINT('',(-2.057750878972,-6.005,4.057518959385));
#13394 = B_SPLINE_CURVE_WITH_KNOTS('',3,(#13395,#13396,#13397,#13398),
  .UNSPECIFIED.,.F.,.F.,(4,4),(3.,4.),.PIECEWISE_BEZIER_KNOTS.);
#13395 = CARTESIAN_POINT('',(-2.057750878972,-6.005,4.057518959385));
#13396 = CARTESIAN_POINT('',(-2.059397162339,-6.005,4.047294673208));
#13397 = CARTESIAN_POINT('',(-2.061216738691,-6.005,4.039323195849));
#13398 = CARTESIAN_POINT('',(-2.063296254526,-6.005,4.033777820297));
#13399 = ORIENTED_EDGE('',*,*,#13400,.F.);
#13400 = EDGE_CURVE('',#13401,#13392,#13403,.T.);
#13401 = VERTEX_POINT('',#13402);
#13402 = CARTESIAN_POINT('',(-2.056711121054,-6.005,4.057518959385));
#13403 = LINE('',#13404,#13405);
#13404 = CARTESIAN_POINT('',(-2.056711121054,-6.005,4.057518959385));
#13405 = VECTOR('',#13406,1.);
#13406 = DIRECTION('',(-1.,0.,0.));
#13407 = ORIENTED_EDGE('',*,*,#13408,.F.);
#13408 = EDGE_CURVE('',#13409,#13401,#13411,.T.);
#13409 = VERTEX_POINT('',#13410);
#13410 = CARTESIAN_POINT('',(-2.051425684981,-6.005,4.033777820297));
#13411 = B_SPLINE_CURVE_WITH_KNOTS('',3,(#13412,#13413,#13414,#13415),
  .UNSPECIFIED.,.F.,.F.,(4,4),(1.,2.),.PIECEWISE_BEZIER_KNOTS.);
#13412 = CARTESIAN_POINT('',(-2.051425684981,-6.005,4.033777820297));
#13413 = CARTESIAN_POINT('',(-2.053071968346,-6.005,4.03845673092));
#13414 = CARTESIAN_POINT('',(-2.05480489821,-6.005,4.046254915292));
#13415 = CARTESIAN_POINT('',(-2.056711121054,-6.005,4.057518959385));
#13416 = ORIENTED_EDGE('',*,*,#13417,.F.);
#13417 = EDGE_CURVE('',#13376,#13409,#13418,.T.);
#13418 = LINE('',#13419,#13420);
#13419 = CARTESIAN_POINT('',(-2.000217607601,-6.005,3.892890622635));
#13420 = VECTOR('',#13421,1.);
#13421 = DIRECTION('',(-0.34160383069,0.,0.939844041774));
#13422 = PLANE('',#13423);
#13423 = AXIS2_PLACEMENT_3D('',#13424,#13425,#13426);
#13424 = CARTESIAN_POINT('',(-6.25,-6.005,2.5));
#13425 = DIRECTION('',(0.,1.,0.));
#13426 = DIRECTION('',(0.,-0.,1.));
#13427 = ADVANCED_FACE('',(#13428),#13444,.F.);
#13428 = FACE_BOUND('',#13429,.T.);
#13429 = EDGE_LOOP('',(#13430,#13431,#13437,#13438));
#13430 = ORIENTED_EDGE('',*,*,#1737,.T.);
#13431 = ORIENTED_EDGE('',*,*,#13432,.F.);
#13432 = EDGE_CURVE('',#13310,#1740,#13433,.T.);
#13433 = LINE('',#13434,#13435);
#13434 = CARTESIAN_POINT('',(-2.032883335471,-6.005,4.100842205899));
#13435 = VECTOR('',#13436,1.);
#13436 = DIRECTION('',(-0.,1.,-0.));
#13437 = ORIENTED_EDGE('',*,*,#13307,.F.);
#13438 = ORIENTED_EDGE('',*,*,#13439,.T.);
#13439 = EDGE_CURVE('',#13308,#1738,#13440,.T.);
#13440 = LINE('',#13441,#13442);
#13441 = CARTESIAN_POINT('',(-1.903780060863,-6.005,3.76188112518));
#13442 = VECTOR('',#13443,1.);
#13443 = DIRECTION('',(-0.,1.,-0.));
#13444 = PLANE('',#13445);
#13445 = AXIS2_PLACEMENT_3D('',#13446,#13447,#13448);
#13446 = CARTESIAN_POINT('',(-2.032883335471,-6.005,4.100842205899));
#13447 = DIRECTION('',(-0.934510438744,0.,-0.355935724364));
#13448 = DIRECTION('',(-0.355935724364,0.,0.934510438744));
#13449 = ADVANCED_FACE('',(#13450),#13461,.F.);
#13450 = FACE_BOUND('',#13451,.T.);
#13451 = EDGE_LOOP('',(#13452,#13453,#13459,#13460));
#13452 = ORIENTED_EDGE('',*,*,#1795,.T.);
#13453 = ORIENTED_EDGE('',*,*,#13454,.F.);
#13454 = EDGE_CURVE('',#13318,#1788,#13455,.T.);
#13455 = LINE('',#13456,#13457);
#13456 = CARTESIAN_POINT('',(-2.079672441708,-6.005,4.100842205899));
#13457 = VECTOR('',#13458,1.);
#13458 = DIRECTION('',(-0.,1.,-0.));
#13459 = ORIENTED_EDGE('',*,*,#13317,.F.);
#13460 = ORIENTED_EDGE('',*,*,#13432,.T.);
#13461 = PLANE('',#13462);
#13462 = AXIS2_PLACEMENT_3D('',#13463,#13464,#13465);
#13463 = CARTESIAN_POINT('',(-2.079672441708,-6.005,4.100842205899));
#13464 = DIRECTION('',(0.,0.,-1.));
#13465 = DIRECTION('',(-1.,0.,-0.));
#13466 = ADVANCED_FACE('',(#13467),#13478,.F.);
#13467 = FACE_BOUND('',#13468,.T.);
#13468 = EDGE_LOOP('',(#13469,#13470,#13476,#13477));
#13469 = ORIENTED_EDGE('',*,*,#1787,.T.);
#13470 = ORIENTED_EDGE('',*,*,#13471,.F.);
#13471 = EDGE_CURVE('',#13326,#1780,#13472,.T.);
#13472 = LINE('',#13473,#13474);
#13473 = CARTESIAN_POINT('',(-2.208775716318,-6.005,3.76188112518));
#13474 = VECTOR('',#13475,1.);
#13475 = DIRECTION('',(-0.,1.,-0.));
#13476 = ORIENTED_EDGE('',*,*,#13325,.F.);
#13477 = ORIENTED_EDGE('',*,*,#13454,.T.);
#13478 = PLANE('',#13479);
#13479 = AXIS2_PLACEMENT_3D('',#13480,#13481,#13482);
#13480 = CARTESIAN_POINT('',(-2.208775716318,-6.005,3.76188112518));
#13481 = DIRECTION('',(0.934510438742,0.,-0.35593572437));
#13482 = DIRECTION('',(-0.35593572437,0.,-0.934510438742));
#13483 = ADVANCED_FACE('',(#13484),#13495,.F.);
#13484 = FACE_BOUND('',#13485,.T.);
#13485 = EDGE_LOOP('',(#13486,#13487,#13493,#13494));
#13486 = ORIENTED_EDGE('',*,*,#1779,.T.);
#13487 = ORIENTED_EDGE('',*,*,#13488,.F.);
#13488 = EDGE_CURVE('',#13334,#1772,#13489,.T.);
#13489 = LINE('',#13490,#13491);
#13490 = CARTESIAN_POINT('',(-2.160426973209,-6.005,3.76188112518));
#13491 = VECTOR('',#13492,1.);
#13492 = DIRECTION('',(-0.,1.,-0.));
#13493 = ORIENTED_EDGE('',*,*,#13333,.F.);
#13494 = ORIENTED_EDGE('',*,*,#13471,.T.);
#13495 = PLANE('',#13496);
#13496 = AXIS2_PLACEMENT_3D('',#13497,#13498,#13499);
#13497 = CARTESIAN_POINT('',(-2.160426973209,-6.005,3.76188112518));
#13498 = DIRECTION('',(0.,0.,1.));
#13499 = DIRECTION('',(1.,0.,-0.));
#13500 = ADVANCED_FACE('',(#13501),#13512,.F.);
#13501 = FACE_BOUND('',#13502,.T.);
#13502 = EDGE_LOOP('',(#13503,#13504,#13510,#13511));
#13503 = ORIENTED_EDGE('',*,*,#1771,.T.);
#13504 = ORIENTED_EDGE('',*,*,#13505,.F.);
#13505 = EDGE_CURVE('',#13342,#1764,#13506,.T.);
#13506 = LINE('',#13507,#13508);
#13507 = CARTESIAN_POINT('',(-2.127847891831,-6.005,3.854592872717));
#13508 = VECTOR('',#13509,1.);
#13509 = DIRECTION('',(-0.,1.,-0.));
#13510 = ORIENTED_EDGE('',*,*,#13341,.F.);
#13511 = ORIENTED_EDGE('',*,*,#13488,.T.);
#13512 = PLANE('',#13513);
#13513 = AXIS2_PLACEMENT_3D('',#13514,#13515,#13516);
#13514 = CARTESIAN_POINT('',(-2.127847891831,-6.005,3.854592872717));
#13515 = DIRECTION('',(-0.94344523308,0.,0.331528418358));
#13516 = DIRECTION('',(0.331528418358,0.,0.94344523308));
#13517 = ADVANCED_FACE('',(#13518),#13529,.F.);
#13518 = FACE_BOUND('',#13519,.T.);
#13519 = EDGE_LOOP('',(#13520,#13521,#13527,#13528));
#13520 = ORIENTED_EDGE('',*,*,#1763,.T.);
#13521 = ORIENTED_EDGE('',*,*,#13522,.F.);
#13522 = EDGE_CURVE('',#13350,#1756,#13523,.T.);
#13523 = LINE('',#13524,#13525);
#13524 = CARTESIAN_POINT('',(-1.98670075469,-6.005,3.854592872717));
#13525 = VECTOR('',#13526,1.);
#13526 = DIRECTION('',(-0.,1.,-0.));
#13527 = ORIENTED_EDGE('',*,*,#13349,.F.);
#13528 = ORIENTED_EDGE('',*,*,#13505,.T.);
#13529 = PLANE('',#13530);
#13530 = AXIS2_PLACEMENT_3D('',#13531,#13532,#13533);
#13531 = CARTESIAN_POINT('',(-1.98670075469,-6.005,3.854592872717));
#13532 = DIRECTION('',(0.,0.,1.));
#13533 = DIRECTION('',(1.,0.,-0.));
#13534 = ADVANCED_FACE('',(#13535),#13546,.F.);
#13535 = FACE_BOUND('',#13536,.T.);
#13536 = EDGE_LOOP('',(#13537,#13538,#13544,#13545));
#13537 = ORIENTED_EDGE('',*,*,#1755,.T.);
#13538 = ORIENTED_EDGE('',*,*,#13539,.F.);
#13539 = EDGE_CURVE('',#13358,#1748,#13540,.T.);
#13540 = LINE('',#13541,#13542);
#13541 = CARTESIAN_POINT('',(-1.95212880397,-6.005,3.76188112518));
#13542 = VECTOR('',#13543,1.);
#13543 = DIRECTION('',(-0.,1.,-0.));
#13544 = ORIENTED_EDGE('',*,*,#13357,.F.);
#13545 = ORIENTED_EDGE('',*,*,#13522,.T.);
#13546 = PLANE('',#13547);
#13547 = AXIS2_PLACEMENT_3D('',#13548,#13549,#13550);
#13548 = CARTESIAN_POINT('',(-1.95212880397,-6.005,3.76188112518));
#13549 = DIRECTION('',(0.936975345944,0.,0.349395479497));
#13550 = DIRECTION('',(0.349395479497,0.,-0.936975345944));
#13551 = ADVANCED_FACE('',(#13552),#13558,.F.);
#13552 = FACE_BOUND('',#13553,.T.);
#13553 = EDGE_LOOP('',(#13554,#13555,#13556,#13557));
#13554 = ORIENTED_EDGE('',*,*,#1747,.T.);
#13555 = ORIENTED_EDGE('',*,*,#13439,.F.);
#13556 = ORIENTED_EDGE('',*,*,#13365,.F.);
#13557 = ORIENTED_EDGE('',*,*,#13539,.T.);
#13558 = PLANE('',#13559);
#13559 = AXIS2_PLACEMENT_3D('',#13560,#13561,#13562);
#13560 = CARTESIAN_POINT('',(-1.903780060863,-6.005,3.76188112518));
#13561 = DIRECTION('',(0.,0.,1.));
#13562 = DIRECTION('',(1.,0.,-0.));
#13563 = ADVANCED_FACE('',(#13564),#13589,.T.);
#13564 = FACE_BOUND('',#13565,.T.);
#13565 = EDGE_LOOP('',(#13566,#13576,#13582,#13583));
#13566 = ORIENTED_EDGE('',*,*,#13567,.F.);
#13567 = EDGE_CURVE('',#13568,#13570,#13572,.T.);
#13568 = VERTEX_POINT('',#13569);
#13569 = CARTESIAN_POINT('',(-2.113984452944,-5.995,3.892890622635));
#13570 = VERTEX_POINT('',#13571);
#13571 = CARTESIAN_POINT('',(-2.000217607601,-5.995,3.892890622635));
#13572 = LINE('',#13573,#13574);
#13573 = CARTESIAN_POINT('',(-2.113984452944,-5.995,3.892890622635));
#13574 = VECTOR('',#13575,1.);
#13575 = DIRECTION('',(1.,0.,0.));
#13576 = ORIENTED_EDGE('',*,*,#13577,.F.);
#13577 = EDGE_CURVE('',#13374,#13568,#13578,.T.);
#13578 = LINE('',#13579,#13580);
#13579 = CARTESIAN_POINT('',(-2.113984452944,-6.005,3.892890622635));
#13580 = VECTOR('',#13581,1.);
#13581 = DIRECTION('',(-0.,1.,-0.));
#13582 = ORIENTED_EDGE('',*,*,#13373,.T.);
#13583 = ORIENTED_EDGE('',*,*,#13584,.T.);
#13584 = EDGE_CURVE('',#13376,#13570,#13585,.T.);
#13585 = LINE('',#13586,#13587);
#13586 = CARTESIAN_POINT('',(-2.000217607601,-6.005,3.892890622635));
#13587 = VECTOR('',#13588,1.);
#13588 = DIRECTION('',(-0.,1.,-0.));
#13589 = PLANE('',#13590);
#13590 = AXIS2_PLACEMENT_3D('',#13591,#13592,#13593);
#13591 = CARTESIAN_POINT('',(-2.113984452944,-6.005,3.892890622635));
#13592 = DIRECTION('',(-0.,0.,1.));
#13593 = DIRECTION('',(1.,0.,0.));
#13594 = ADVANCED_FACE('',(#13595),#13613,.T.);
#13595 = FACE_BOUND('',#13596,.T.);
#13596 = EDGE_LOOP('',(#13597,#13605,#13606,#13607));
#13597 = ORIENTED_EDGE('',*,*,#13598,.F.);
#13598 = EDGE_CURVE('',#13570,#13599,#13601,.T.);
#13599 = VERTEX_POINT('',#13600);
#13600 = CARTESIAN_POINT('',(-2.051425684981,-5.995,4.033777820297));
#13601 = LINE('',#13602,#13603);
#13602 = CARTESIAN_POINT('',(-2.000217607601,-5.995,3.892890622635));
#13603 = VECTOR('',#13604,1.);
#13604 = DIRECTION('',(-0.34160383069,0.,0.939844041774));
#13605 = ORIENTED_EDGE('',*,*,#13584,.F.);
#13606 = ORIENTED_EDGE('',*,*,#13417,.T.);
#13607 = ORIENTED_EDGE('',*,*,#13608,.T.);
#13608 = EDGE_CURVE('',#13409,#13599,#13609,.T.);
#13609 = LINE('',#13610,#13611);
#13610 = CARTESIAN_POINT('',(-2.051425684981,-6.005,4.033777820297));
#13611 = VECTOR('',#13612,1.);
#13612 = DIRECTION('',(-0.,1.,-0.));
#13613 = PLANE('',#13614);
#13614 = AXIS2_PLACEMENT_3D('',#13615,#13616,#13617);
#13615 = CARTESIAN_POINT('',(-2.000217607601,-6.005,3.892890622635));
#13616 = DIRECTION('',(-0.939844041774,0.,-0.34160383069));
#13617 = DIRECTION('',(-0.34160383069,0.,0.939844041774));
#13618 = ADVANCED_FACE('',(#13619),#13638,.T.);
#13619 = FACE_BOUND('',#13620,.T.);
#13620 = EDGE_LOOP('',(#13621,#13630,#13631,#13632));
#13621 = ORIENTED_EDGE('',*,*,#13622,.F.);
#13622 = EDGE_CURVE('',#13599,#13623,#13625,.T.);
#13623 = VERTEX_POINT('',#13624);
#13624 = CARTESIAN_POINT('',(-2.056711121054,-5.995,4.057518959385));
#13625 = B_SPLINE_CURVE_WITH_KNOTS('',3,(#13626,#13627,#13628,#13629),
  .UNSPECIFIED.,.F.,.F.,(4,4),(1.,2.),.PIECEWISE_BEZIER_KNOTS.);
#13626 = CARTESIAN_POINT('',(-2.051425684981,-5.995,4.033777820297));
#13627 = CARTESIAN_POINT('',(-2.053071968346,-5.995,4.03845673092));
#13628 = CARTESIAN_POINT('',(-2.05480489821,-5.995,4.046254915292));
#13629 = CARTESIAN_POINT('',(-2.056711121054,-5.995,4.057518959385));
#13630 = ORIENTED_EDGE('',*,*,#13608,.F.);
#13631 = ORIENTED_EDGE('',*,*,#13408,.T.);
#13632 = ORIENTED_EDGE('',*,*,#13633,.T.);
#13633 = EDGE_CURVE('',#13401,#13623,#13634,.T.);
#13634 = LINE('',#13635,#13636);
#13635 = CARTESIAN_POINT('',(-2.056711121054,-6.005,4.057518959385));
#13636 = VECTOR('',#13637,1.);
#13637 = DIRECTION('',(-0.,1.,-0.));
#13638 = B_SPLINE_SURFACE_WITH_KNOTS('',3,1,(
    (#13639,#13640)
    ,(#13641,#13642)
    ,(#13643,#13644)
    ,(#13645,#13646
    )),.UNSPECIFIED.,.F.,.F.,.F.,(4,4),(2,2),(1.,2.),(0.,1.),
  .PIECEWISE_BEZIER_KNOTS.);
#13639 = CARTESIAN_POINT('',(-2.051425684981,-6.005,4.033777820297));
#13640 = CARTESIAN_POINT('',(-2.051425684981,-5.995,4.033777820297));
#13641 = CARTESIAN_POINT('',(-2.053071968346,-6.005,4.03845673092));
#13642 = CARTESIAN_POINT('',(-2.053071968346,-5.995,4.03845673092));
#13643 = CARTESIAN_POINT('',(-2.05480489821,-6.005,4.046254915292));
#13644 = CARTESIAN_POINT('',(-2.05480489821,-5.995,4.046254915292));
#13645 = CARTESIAN_POINT('',(-2.056711121054,-6.005,4.057518959385));
#13646 = CARTESIAN_POINT('',(-2.056711121054,-5.995,4.057518959385));
#13647 = ADVANCED_FACE('',(#13648),#13666,.T.);
#13648 = FACE_BOUND('',#13649,.T.);
#13649 = EDGE_LOOP('',(#13650,#13658,#13659,#13660));
#13650 = ORIENTED_EDGE('',*,*,#13651,.F.);
#13651 = EDGE_CURVE('',#13623,#13652,#13654,.T.);
#13652 = VERTEX_POINT('',#13653);
#13653 = CARTESIAN_POINT('',(-2.057750878972,-5.995,4.057518959385));
#13654 = LINE('',#13655,#13656);
#13655 = CARTESIAN_POINT('',(-2.056711121054,-5.995,4.057518959385));
#13656 = VECTOR('',#13657,1.);
#13657 = DIRECTION('',(-1.,0.,0.));
#13658 = ORIENTED_EDGE('',*,*,#13633,.F.);
#13659 = ORIENTED_EDGE('',*,*,#13400,.T.);
#13660 = ORIENTED_EDGE('',*,*,#13661,.T.);
#13661 = EDGE_CURVE('',#13392,#13652,#13662,.T.);
#13662 = LINE('',#13663,#13664);
#13663 = CARTESIAN_POINT('',(-2.057750878972,-6.005,4.057518959385));
#13664 = VECTOR('',#13665,1.);
#13665 = DIRECTION('',(-0.,1.,-0.));
#13666 = PLANE('',#13667);
#13667 = AXIS2_PLACEMENT_3D('',#13668,#13669,#13670);
#13668 = CARTESIAN_POINT('',(-2.056711121054,-6.005,4.057518959385));
#13669 = DIRECTION('',(-0.,0.,-1.));
#13670 = DIRECTION('',(-1.,0.,0.));
#13671 = ADVANCED_FACE('',(#13672),#13691,.T.);
#13672 = FACE_BOUND('',#13673,.T.);
#13673 = EDGE_LOOP('',(#13674,#13683,#13684,#13685));
#13674 = ORIENTED_EDGE('',*,*,#13675,.F.);
#13675 = EDGE_CURVE('',#13652,#13676,#13678,.T.);
#13676 = VERTEX_POINT('',#13677);
#13677 = CARTESIAN_POINT('',(-2.063296254526,-5.995,4.033777820297));
#13678 = B_SPLINE_CURVE_WITH_KNOTS('',3,(#13679,#13680,#13681,#13682),
  .UNSPECIFIED.,.F.,.F.,(4,4),(3.,4.),.PIECEWISE_BEZIER_KNOTS.);
#13679 = CARTESIAN_POINT('',(-2.057750878972,-5.995,4.057518959385));
#13680 = CARTESIAN_POINT('',(-2.059397162339,-5.995,4.047294673208));
#13681 = CARTESIAN_POINT('',(-2.061216738691,-5.995,4.039323195849));
#13682 = CARTESIAN_POINT('',(-2.063296254526,-5.995,4.033777820297));
#13683 = ORIENTED_EDGE('',*,*,#13661,.F.);
#13684 = ORIENTED_EDGE('',*,*,#13391,.T.);
#13685 = ORIENTED_EDGE('',*,*,#13686,.T.);
#13686 = EDGE_CURVE('',#13384,#13676,#13687,.T.);
#13687 = LINE('',#13688,#13689);
#13688 = CARTESIAN_POINT('',(-2.063296254526,-6.005,4.033777820297));
#13689 = VECTOR('',#13690,1.);
#13690 = DIRECTION('',(-0.,1.,-0.));
#13691 = B_SPLINE_SURFACE_WITH_KNOTS('',3,1,(
    (#13692,#13693)
    ,(#13694,#13695)
    ,(#13696,#13697)
    ,(#13698,#13699
    )),.UNSPECIFIED.,.F.,.F.,.F.,(4,4),(2,2),(3.,4.),(0.,1.),
  .PIECEWISE_BEZIER_KNOTS.);
#13692 = CARTESIAN_POINT('',(-2.057750878972,-6.005,4.057518959385));
#13693 = CARTESIAN_POINT('',(-2.057750878972,-5.995,4.057518959385));
#13694 = CARTESIAN_POINT('',(-2.059397162339,-6.005,4.047294673208));
#13695 = CARTESIAN_POINT('',(-2.059397162339,-5.995,4.047294673208));
#13696 = CARTESIAN_POINT('',(-2.061216738691,-6.005,4.039323195849));
#13697 = CARTESIAN_POINT('',(-2.061216738691,-5.995,4.039323195849));
#13698 = CARTESIAN_POINT('',(-2.063296254526,-6.005,4.033777820297));
#13699 = CARTESIAN_POINT('',(-2.063296254526,-5.995,4.033777820297));
#13700 = ADVANCED_FACE('',(#13701),#13712,.T.);
#13701 = FACE_BOUND('',#13702,.T.);
#13702 = EDGE_LOOP('',(#13703,#13709,#13710,#13711));
#13703 = ORIENTED_EDGE('',*,*,#13704,.F.);
#13704 = EDGE_CURVE('',#13676,#13568,#13705,.T.);
#13705 = LINE('',#13706,#13707);
#13706 = CARTESIAN_POINT('',(-2.063296254526,-5.995,4.033777820297));
#13707 = VECTOR('',#13708,1.);
#13708 = DIRECTION('',(-0.338535034296,0.,-0.940953787683));
#13709 = ORIENTED_EDGE('',*,*,#13686,.F.);
#13710 = ORIENTED_EDGE('',*,*,#13383,.T.);
#13711 = ORIENTED_EDGE('',*,*,#13577,.T.);
#13712 = PLANE('',#13713);
#13713 = AXIS2_PLACEMENT_3D('',#13714,#13715,#13716);
#13714 = CARTESIAN_POINT('',(-2.063296254526,-6.005,4.033777820297));
#13715 = DIRECTION('',(0.940953787683,0.,-0.338535034296));
#13716 = DIRECTION('',(-0.338535034296,0.,-0.940953787683));
#13717 = ADVANCED_FACE('',(#13718),#13726,.F.);
#13718 = FACE_BOUND('',#13719,.T.);
#13719 = EDGE_LOOP('',(#13720,#13721,#13722,#13723,#13724,#13725));
#13720 = ORIENTED_EDGE('',*,*,#13704,.T.);
#13721 = ORIENTED_EDGE('',*,*,#13567,.T.);
#13722 = ORIENTED_EDGE('',*,*,#13598,.T.);
#13723 = ORIENTED_EDGE('',*,*,#13622,.T.);
#13724 = ORIENTED_EDGE('',*,*,#13651,.T.);
#13725 = ORIENTED_EDGE('',*,*,#13675,.T.);
#13726 = PLANE('',#13727);
#13727 = AXIS2_PLACEMENT_3D('',#13728,#13729,#13730);
#13728 = CARTESIAN_POINT('',(-5.75,-5.995,5.));
#13729 = DIRECTION('',(0.,1.,0.));
#13730 = DIRECTION('',(0.,-0.,1.));
#13731 = ADVANCED_FACE('',(#13732,#14026),#14051,.F.);
#13732 = FACE_BOUND('',#13733,.T.);
#13733 = EDGE_LOOP('',(#13734,#13745,#13754,#13763,#13772,#13781,#13790,
    #13799,#13808,#13817,#13826,#13835,#13844,#13853,#13861,#13869,
    #13877,#13886,#13895,#13904,#13913,#13922,#13931,#13940,#13949,
    #13958,#13967,#13975,#13984,#13993,#14002,#14010,#14019));
#13734 = ORIENTED_EDGE('',*,*,#13735,.T.);
#13735 = EDGE_CURVE('',#13736,#13738,#13740,.T.);
#13736 = VERTEX_POINT('',#13737);
#13737 = CARTESIAN_POINT('',(-3.966213721206,-6.005,4.098102559244));
#13738 = VERTEX_POINT('',#13739);
#13739 = CARTESIAN_POINT('',(-4.204801549191,-6.005,4.413809675414));
#13740 = B_SPLINE_CURVE_WITH_KNOTS('',3,(#13741,#13742,#13743,#13744),
  .UNSPECIFIED.,.F.,.F.,(4,4),(35.,36.),.PIECEWISE_BEZIER_KNOTS.);
#13741 = CARTESIAN_POINT('',(-3.966213721206,-6.005,4.098102559244));
#13742 = CARTESIAN_POINT('',(-3.968623663051,-6.005,4.242701184368));
#13743 = CARTESIAN_POINT('',(-4.067432841534,-6.005,4.370430078682));
#13744 = CARTESIAN_POINT('',(-4.204801549191,-6.005,4.413809675414));
#13745 = ORIENTED_EDGE('',*,*,#13746,.T.);
#13746 = EDGE_CURVE('',#13738,#13747,#13749,.T.);
#13747 = VERTEX_POINT('',#13748);
#13748 = CARTESIAN_POINT('',(-4.334940431316,-6.005,4.604197988502));
#13749 = B_SPLINE_CURVE_WITH_KNOTS('',3,(#13750,#13751,#13752,#13753),
  .UNSPECIFIED.,.F.,.F.,(4,4),(0.,1.),.PIECEWISE_BEZIER_KNOTS.);
#13750 = CARTESIAN_POINT('',(-4.204801549191,-6.005,4.413809675414));
#13751 = CARTESIAN_POINT('',(-4.231311277211,-6.005,4.48610903394));
#13752 = CARTESIAN_POINT('',(-4.277100907719,-6.005,4.551178452021));
#13753 = CARTESIAN_POINT('',(-4.334940431316,-6.005,4.604197988502));
#13754 = ORIENTED_EDGE('',*,*,#13755,.T.);
#13755 = EDGE_CURVE('',#13747,#13756,#13758,.T.);
#13756 = VERTEX_POINT('',#13757);
#13757 = CARTESIAN_POINT('',(-4.66269748654,-6.005,4.729516883515));
#13758 = B_SPLINE_CURVE_WITH_KNOTS('',3,(#13759,#13760,#13761,#13762),
  .UNSPECIFIED.,.F.,.F.,(4,4),(1.,2.),.PIECEWISE_BEZIER_KNOTS.);
#13759 = CARTESIAN_POINT('',(-4.334940431316,-6.005,4.604197988502));
#13760 = CARTESIAN_POINT('',(-4.426519600399,-6.005,4.683727290355));
#13761 = CARTESIAN_POINT('',(-4.542198555659,-6.005,4.729516883515));
#13762 = CARTESIAN_POINT('',(-4.66269748654,-6.005,4.729516883515));
#13763 = ORIENTED_EDGE('',*,*,#13764,.T.);
#13764 = EDGE_CURVE('',#13756,#13765,#13767,.T.);
#13765 = VERTEX_POINT('',#13766);
#13766 = CARTESIAN_POINT('',(-4.951894920654,-6.005,4.635527715128));
#13767 = B_SPLINE_CURVE_WITH_KNOTS('',3,(#13768,#13769,#13770,#13771),
  .UNSPECIFIED.,.F.,.F.,(4,4),(2.,3.),.PIECEWISE_BEZIER_KNOTS.);
#13768 = CARTESIAN_POINT('',(-4.66269748654,-6.005,4.729516883515));
#13769 = CARTESIAN_POINT('',(-4.768736536521,-6.005,4.729516883515));
#13770 = CARTESIAN_POINT('',(-4.867545669037,-6.005,4.695777183443));
#13771 = CARTESIAN_POINT('',(-4.951894920654,-6.005,4.635527715128));
#13772 = ORIENTED_EDGE('',*,*,#13773,.T.);
#13773 = EDGE_CURVE('',#13765,#13774,#13776,.T.);
#13774 = VERTEX_POINT('',#13775);
#13775 = CARTESIAN_POINT('',(-5.057933970636,-6.005,4.529488653656));
#13776 = B_SPLINE_CURVE_WITH_KNOTS('',3,(#13777,#13778,#13779,#13780),
  .UNSPECIFIED.,.F.,.F.,(4,4),(3.,4.),.PIECEWISE_BEZIER_KNOTS.);
#13777 = CARTESIAN_POINT('',(-4.951894920654,-6.005,4.635527715128));
#13778 = CARTESIAN_POINT('',(-4.992864575541,-6.005,4.606607964822));
#13779 = CARTESIAN_POINT('',(-5.026604266994,-6.005,4.570458285559));
#13780 = CARTESIAN_POINT('',(-5.057933970636,-6.005,4.529488653656));
#13781 = ORIENTED_EDGE('',*,*,#13782,.T.);
#13782 = EDGE_CURVE('',#13774,#13783,#13785,.T.);
#13783 = VERTEX_POINT('',#13784);
#13784 = CARTESIAN_POINT('',(-5.113363460455,-6.005,4.534308606294));
#13785 = B_SPLINE_CURVE_WITH_KNOTS('',3,(#13786,#13787,#13788,#13789),
  .UNSPECIFIED.,.F.,.F.,(4,4),(4.,5.),.PIECEWISE_BEZIER_KNOTS.);
#13786 = CARTESIAN_POINT('',(-5.057933970636,-6.005,4.529488653656));
#13787 = CARTESIAN_POINT('',(-5.077213781191,-6.005,4.531898641466));
#13788 = CARTESIAN_POINT('',(-5.0940836499,-6.005,4.534308606294));
#13789 = CARTESIAN_POINT('',(-5.113363460455,-6.005,4.534308606294));
#13790 = ORIENTED_EDGE('',*,*,#13791,.T.);
#13791 = EDGE_CURVE('',#13783,#13792,#13794,.T.);
#13792 = VERTEX_POINT('',#13793);
#13793 = CARTESIAN_POINT('',(-5.390511001481,-6.005,4.418629628051));
#13794 = B_SPLINE_CURVE_WITH_KNOTS('',3,(#13795,#13796,#13797,#13798),
  .UNSPECIFIED.,.F.,.F.,(4,4),(5.,6.),.PIECEWISE_BEZIER_KNOTS.);
#13795 = CARTESIAN_POINT('',(-5.113363460455,-6.005,4.534308606294));
#13796 = CARTESIAN_POINT('',(-5.216992545609,-6.005,4.534308606294));
#13797 = CARTESIAN_POINT('',(-5.315801655142,-6.005,4.493338974393));
#13798 = CARTESIAN_POINT('',(-5.390511001481,-6.005,4.418629628051));
#13799 = ORIENTED_EDGE('',*,*,#13800,.T.);
#13800 = EDGE_CURVE('',#13792,#13801,#13803,.T.);
#13801 = VERTEX_POINT('',#13802);
#13802 = CARTESIAN_POINT('',(-5.503780060863,-6.005,4.14389209782));
#13803 = B_SPLINE_CURVE_WITH_KNOTS('',3,(#13804,#13805,#13806,#13807),
  .UNSPECIFIED.,.F.,.F.,(4,4),(6.,7.),.PIECEWISE_BEZIER_KNOTS.);
#13804 = CARTESIAN_POINT('',(-5.390511001481,-6.005,4.418629628051));
#13805 = CARTESIAN_POINT('',(-5.462810423214,-6.005,4.346330292506));
#13806 = CARTESIAN_POINT('',(-5.503780060863,-6.005,4.247521159989));
#13807 = CARTESIAN_POINT('',(-5.503780060863,-6.005,4.14389209782));
#13808 = ORIENTED_EDGE('',*,*,#13809,.T.);
#13809 = EDGE_CURVE('',#13801,#13810,#13812,.T.);
#13810 = VERTEX_POINT('',#13811);
#13811 = CARTESIAN_POINT('',(-5.402560963519,-6.005,3.881204483658));
#13812 = B_SPLINE_CURVE_WITH_KNOTS('',3,(#13813,#13814,#13815,#13816),
  .UNSPECIFIED.,.F.,.F.,(4,4),(7.,8.),.PIECEWISE_BEZIER_KNOTS.);
#13813 = CARTESIAN_POINT('',(-5.503780060863,-6.005,4.14389209782));
#13814 = CARTESIAN_POINT('',(-5.503780060863,-6.005,4.047492953114));
#13815 = CARTESIAN_POINT('',(-5.467630381599,-6.005,3.953503750253));
#13816 = CARTESIAN_POINT('',(-5.402560963519,-6.005,3.881204483658));
#13817 = ORIENTED_EDGE('',*,*,#13818,.T.);
#13818 = EDGE_CURVE('',#13810,#13819,#13821,.T.);
#13819 = VERTEX_POINT('',#13820);
#13820 = CARTESIAN_POINT('',(-5.20976267411,-6.005,3.765525528399));
#13821 = B_SPLINE_CURVE_WITH_KNOTS('',3,(#13822,#13823,#13824,#13825),
  .UNSPECIFIED.,.F.,.F.,(4,4),(8.,9.),.PIECEWISE_BEZIER_KNOTS.);
#13822 = CARTESIAN_POINT('',(-5.402560963519,-6.005,3.881204483658));
#13823 = CARTESIAN_POINT('',(-5.349541438529,-6.005,3.823364960061));
#13824 = CARTESIAN_POINT('',(-5.284471997466,-6.005,3.784805338954));
#13825 = CARTESIAN_POINT('',(-5.20976267411,-6.005,3.765525528399));
#13826 = ORIENTED_EDGE('',*,*,#13827,.T.);
#13827 = EDGE_CURVE('',#13819,#13828,#13830,.T.);
#13828 = VERTEX_POINT('',#13829);
#13829 = CARTESIAN_POINT('',(-4.980814682452,-6.005,3.601647000787));
#13830 = B_SPLINE_CURVE_WITH_KNOTS('',3,(#13831,#13832,#13833,#13834),
  .UNSPECIFIED.,.F.,.F.,(4,4),(9.,10.),.PIECEWISE_BEZIER_KNOTS.);
#13831 = CARTESIAN_POINT('',(-5.20976267411,-6.005,3.765525528399));
#13832 = CARTESIAN_POINT('',(-5.178432947485,-6.005,3.669126383693));
#13833 = CARTESIAN_POINT('',(-5.086853778401,-6.005,3.601647000787));
#13834 = CARTESIAN_POINT('',(-4.980814682452,-6.005,3.601647000787));
#13835 = ORIENTED_EDGE('',*,*,#13836,.T.);
#13836 = EDGE_CURVE('',#13828,#13837,#13839,.T.);
#13837 = VERTEX_POINT('',#13838);
#13838 = CARTESIAN_POINT('',(-4.739816820689,-6.005,3.842644862549));
#13839 = B_SPLINE_CURVE_WITH_KNOTS('',3,(#13840,#13841,#13842,#13843),
  .UNSPECIFIED.,.F.,.F.,(4,4),(10.,11.),.PIECEWISE_BEZIER_KNOTS.);
#13840 = CARTESIAN_POINT('',(-4.980814682452,-6.005,3.601647000787));
#13841 = CARTESIAN_POINT('',(-4.848265858483,-6.005,3.601647000787));
#13842 = CARTESIAN_POINT('',(-4.739816820689,-6.005,3.710096038579));
#13843 = CARTESIAN_POINT('',(-4.739816820689,-6.005,3.842644862549));
#13844 = ORIENTED_EDGE('',*,*,#13845,.T.);
#13845 = EDGE_CURVE('',#13837,#13846,#13848,.T.);
#13846 = VERTEX_POINT('',#13847);
#13847 = CARTESIAN_POINT('',(-4.739816820689,-6.005,3.866744648727));
#13848 = B_SPLINE_CURVE_WITH_KNOTS('',3,(#13849,#13850,#13851,#13852),
  .UNSPECIFIED.,.F.,.F.,(4,4),(11.,12.),.PIECEWISE_BEZIER_KNOTS.);
#13849 = CARTESIAN_POINT('',(-4.739816820689,-6.005,3.842644862549));
#13850 = CARTESIAN_POINT('',(-4.739816820689,-6.005,3.849874780016));
#13851 = CARTESIAN_POINT('',(-4.739816820689,-6.005,3.857104697483));
#13852 = CARTESIAN_POINT('',(-4.739816820689,-6.005,3.866744648727));
#13853 = ORIENTED_EDGE('',*,*,#13854,.T.);
#13854 = EDGE_CURVE('',#13846,#13855,#13857,.T.);
#13855 = VERTEX_POINT('',#13856);
#13856 = CARTESIAN_POINT('',(-4.402419814222,-6.005,4.045083057237));
#13857 = LINE('',#13858,#13859);
#13858 = CARTESIAN_POINT('',(-4.739816820689,-6.005,3.866744648727));
#13859 = VECTOR('',#13860,1.);
#13860 = DIRECTION('',(0.884094950248,0.,0.467307306755));
#13861 = ORIENTED_EDGE('',*,*,#13862,.T.);
#13862 = EDGE_CURVE('',#13855,#13863,#13865,.T.);
#13863 = VERTEX_POINT('',#13864);
#13864 = CARTESIAN_POINT('',(-4.477129114596,-6.005,4.17281195155));
#13865 = LINE('',#13866,#13867);
#13866 = CARTESIAN_POINT('',(-4.402419814222,-6.005,4.045083057237));
#13867 = VECTOR('',#13868,1.);
#13868 = DIRECTION('',(-0.50488304865,0.,0.863187758941));
#13869 = ORIENTED_EDGE('',*,*,#13870,.T.);
#13870 = EDGE_CURVE('',#13863,#13871,#13873,.T.);
#13871 = VERTEX_POINT('',#13872);
#13872 = CARTESIAN_POINT('',(-4.800066240163,-6.005,4.004113448317));
#13873 = LINE('',#13874,#13875);
#13874 = CARTESIAN_POINT('',(-4.477129114596,-6.005,4.17281195155));
#13875 = VECTOR('',#13876,1.);
#13876 = DIRECTION('',(-0.886348842796,0.,-0.463018065387));
#13877 = ORIENTED_EDGE('',*,*,#13878,.T.);
#13878 = EDGE_CURVE('',#13871,#13879,#13881,.T.);
#13879 = VERTEX_POINT('',#13880);
#13880 = CARTESIAN_POINT('',(-4.980814636485,-6.005,4.086052712123));
#13881 = B_SPLINE_CURVE_WITH_KNOTS('',3,(#13882,#13883,#13884,#13885),
  .UNSPECIFIED.,.F.,.F.,(4,4),(15.,16.),.PIECEWISE_BEZIER_KNOTS.);
#13882 = CARTESIAN_POINT('',(-4.800066240163,-6.005,4.004113448317));
#13883 = CARTESIAN_POINT('',(-4.843445836895,-6.005,4.054723008481));
#13884 = CARTESIAN_POINT('',(-4.908515277957,-6.005,4.086052712123));
#13885 = CARTESIAN_POINT('',(-4.980814636485,-6.005,4.086052712123));
#13886 = ORIENTED_EDGE('',*,*,#13887,.T.);
#13887 = EDGE_CURVE('',#13879,#13888,#13890,.T.);
#13888 = VERTEX_POINT('',#13889);
#13889 = CARTESIAN_POINT('',(-5.207352617349,-6.005,3.926994114168));
#13890 = B_SPLINE_CURVE_WITH_KNOTS('',3,(#13891,#13892,#13893,#13894),
  .UNSPECIFIED.,.F.,.F.,(4,4),(16.,17.),.PIECEWISE_BEZIER_KNOTS.);
#13891 = CARTESIAN_POINT('',(-4.980814636485,-6.005,4.086052712123));
#13892 = CARTESIAN_POINT('',(-5.084443744623,-6.005,4.086052712123));
#13893 = CARTESIAN_POINT('',(-5.173612925895,-6.005,4.018573329218));
#13894 = CARTESIAN_POINT('',(-5.207352617349,-6.005,3.926994114168));
#13895 = ORIENTED_EDGE('',*,*,#13896,.T.);
#13896 = EDGE_CURVE('',#13888,#13897,#13899,.T.);
#13897 = VERTEX_POINT('',#13898);
#13898 = CARTESIAN_POINT('',(-5.351951334406,-6.005,4.148712165375));
#13899 = B_SPLINE_CURVE_WITH_KNOTS('',3,(#13900,#13901,#13902,#13903),
  .UNSPECIFIED.,.F.,.F.,(4,4),(17.,18.),.PIECEWISE_BEZIER_KNOTS.);
#13900 = CARTESIAN_POINT('',(-5.207352617349,-6.005,3.926994114168));
#13901 = CARTESIAN_POINT('',(-5.291701868965,-6.005,3.965553781241));
#13902 = CARTESIAN_POINT('',(-5.351951334406,-6.005,4.049903032858));
#13903 = CARTESIAN_POINT('',(-5.351951334406,-6.005,4.148712165375));
#13904 = ORIENTED_EDGE('',*,*,#13905,.T.);
#13905 = EDGE_CURVE('',#13897,#13906,#13908,.T.);
#13906 = VERTEX_POINT('',#13907);
#13907 = CARTESIAN_POINT('',(-5.110953472644,-6.005,4.389710027136));
#13908 = B_SPLINE_CURVE_WITH_KNOTS('',3,(#13909,#13910,#13911,#13912),
  .UNSPECIFIED.,.F.,.F.,(4,4),(18.,19.),.PIECEWISE_BEZIER_KNOTS.);
#13909 = CARTESIAN_POINT('',(-5.351951334406,-6.005,4.148712165375));
#13910 = CARTESIAN_POINT('',(-5.351951334406,-6.005,4.281260989344));
#13911 = CARTESIAN_POINT('',(-5.243502296613,-6.005,4.389710027136));
#13912 = CARTESIAN_POINT('',(-5.110953472644,-6.005,4.389710027136));
#13913 = ORIENTED_EDGE('',*,*,#13914,.T.);
#13914 = EDGE_CURVE('',#13906,#13915,#13917,.T.);
#13915 = VERTEX_POINT('',#13916);
#13916 = CARTESIAN_POINT('',(-4.983224624297,-6.005,4.353560347871));
#13917 = B_SPLINE_CURVE_WITH_KNOTS('',3,(#13918,#13919,#13920,#13921),
  .UNSPECIFIED.,.F.,.F.,(4,4),(19.,20.),.PIECEWISE_BEZIER_KNOTS.);
#13918 = CARTESIAN_POINT('',(-5.110953472644,-6.005,4.389710027136));
#13919 = CARTESIAN_POINT('',(-5.065163888102,-6.005,4.389710027136));
#13920 = CARTESIAN_POINT('',(-5.01937430356,-6.005,4.375250146238));
#13921 = CARTESIAN_POINT('',(-4.983224624297,-6.005,4.353560347871));
#13922 = ORIENTED_EDGE('',*,*,#13923,.T.);
#13923 = EDGE_CURVE('',#13915,#13924,#13926,.T.);
#13924 = VERTEX_POINT('',#13925);
#13925 = CARTESIAN_POINT('',(-4.660287544695,-6.005,4.584918166457));
#13926 = B_SPLINE_CURVE_WITH_KNOTS('',3,(#13927,#13928,#13929,#13930),
  .UNSPECIFIED.,.F.,.F.,(4,4),(20.,21.),.PIECEWISE_BEZIER_KNOTS.);
#13927 = CARTESIAN_POINT('',(-4.983224624297,-6.005,4.353560347871));
#13928 = CARTESIAN_POINT('',(-4.937435085722,-6.005,4.488519021753));
#13929 = CARTESIAN_POINT('',(-4.812116179219,-6.005,4.584918166457));
#13930 = CARTESIAN_POINT('',(-4.660287544695,-6.005,4.584918166457));
#13931 = ORIENTED_EDGE('',*,*,#13932,.T.);
#13932 = EDGE_CURVE('',#13924,#13933,#13935,.T.);
#13933 = VERTEX_POINT('',#13934);
#13934 = CARTESIAN_POINT('',(-4.322890538228,-6.005,4.283670839255));
#13935 = B_SPLINE_CURVE_WITH_KNOTS('',3,(#13936,#13937,#13938,#13939),
  .UNSPECIFIED.,.F.,.F.,(4,4),(21.,22.),.PIECEWISE_BEZIER_KNOTS.);
#13936 = CARTESIAN_POINT('',(-4.660287544695,-6.005,4.584918166457));
#13937 = CARTESIAN_POINT('',(-4.486769065839,-6.005,4.584918166457));
#13938 = CARTESIAN_POINT('',(-4.342170348782,-6.005,4.452369342488));
#13939 = CARTESIAN_POINT('',(-4.322890538228,-6.005,4.283670839255));
#13940 = ORIENTED_EDGE('',*,*,#13941,.T.);
#13941 = EDGE_CURVE('',#13933,#13942,#13944,.T.);
#13942 = VERTEX_POINT('',#13943);
#13943 = CARTESIAN_POINT('',(-4.303610727673,-6.005,4.283670839255));
#13944 = B_SPLINE_CURVE_WITH_KNOTS('',3,(#13945,#13946,#13947,#13948),
  .UNSPECIFIED.,.F.,.F.,(4,4),(22.,23.),.PIECEWISE_BEZIER_KNOTS.);
#13945 = CARTESIAN_POINT('',(-4.322890538228,-6.005,4.283670839255));
#13946 = CARTESIAN_POINT('',(-4.315660620762,-6.005,4.283670839255));
#13947 = CARTESIAN_POINT('',(-4.31084064514,-6.005,4.283670839255));
#13948 = CARTESIAN_POINT('',(-4.303610727673,-6.005,4.283670839255));
#13949 = ORIENTED_EDGE('',*,*,#13950,.T.);
#13950 = EDGE_CURVE('',#13942,#13951,#13953,.T.);
#13951 = VERTEX_POINT('',#13952);
#13952 = CARTESIAN_POINT('',(-4.115632413886,-6.005,4.095692525467));
#13953 = B_SPLINE_CURVE_WITH_KNOTS('',3,(#13954,#13955,#13956,#13957),
  .UNSPECIFIED.,.F.,.F.,(4,4),(23.,24.),.PIECEWISE_BEZIER_KNOTS.);
#13954 = CARTESIAN_POINT('',(-4.303610727673,-6.005,4.283670839255));
#13955 = CARTESIAN_POINT('',(-4.199981665502,-6.005,4.283670839255));
#13956 = CARTESIAN_POINT('',(-4.115632413886,-6.005,4.199321587638));
#13957 = CARTESIAN_POINT('',(-4.115632413886,-6.005,4.095692525467));
#13958 = ORIENTED_EDGE('',*,*,#13959,.T.);
#13959 = EDGE_CURVE('',#13951,#13960,#13962,.T.);
#13960 = VERTEX_POINT('',#13961);
#13961 = CARTESIAN_POINT('',(-4.289150892741,-6.005,3.90771421168));
#13962 = B_SPLINE_CURVE_WITH_KNOTS('',3,(#13963,#13964,#13965,#13966),
  .UNSPECIFIED.,.F.,.F.,(4,4),(24.,25.),.PIECEWISE_BEZIER_KNOTS.);
#13963 = CARTESIAN_POINT('',(-4.115632413886,-6.005,4.095692525467));
#13964 = CARTESIAN_POINT('',(-4.115632413886,-6.005,3.99688339295));
#13965 = CARTESIAN_POINT('',(-4.190341714259,-6.005,3.914944129147));
#13966 = CARTESIAN_POINT('',(-4.289150892741,-6.005,3.90771421168));
#13967 = ORIENTED_EDGE('',*,*,#13968,.T.);
#13968 = EDGE_CURVE('',#13960,#13969,#13971,.T.);
#13969 = VERTEX_POINT('',#13970);
#13970 = CARTESIAN_POINT('',(-4.397599930534,-6.005,3.90771421168));
#13971 = LINE('',#13972,#13973);
#13972 = CARTESIAN_POINT('',(-4.289150892741,-6.005,3.90771421168));
#13973 = VECTOR('',#13974,1.);
#13974 = DIRECTION('',(-1.,0.,0.));
#13975 = ORIENTED_EDGE('',*,*,#13976,.T.);
#13976 = EDGE_CURVE('',#13969,#13977,#13979,.T.);
#13977 = VERTEX_POINT('',#13978);
#13978 = CARTESIAN_POINT('',(-4.412059765466,-6.005,3.910124153523));
#13979 = B_SPLINE_CURVE_WITH_KNOTS('',3,(#13980,#13981,#13982,#13983),
  .UNSPECIFIED.,.F.,.F.,(4,4),(26.,27.),.PIECEWISE_BEZIER_KNOTS.);
#13980 = CARTESIAN_POINT('',(-4.397599930534,-6.005,3.90771421168));
#13981 = CARTESIAN_POINT('',(-4.402419906156,-6.005,3.90771421168));
#13982 = CARTESIAN_POINT('',(-4.407239881778,-6.005,3.910124153523));
#13983 = CARTESIAN_POINT('',(-4.412059765466,-6.005,3.910124153523));
#13984 = ORIENTED_EDGE('',*,*,#13985,.T.);
#13985 = EDGE_CURVE('',#13977,#13986,#13988,.T.);
#13986 = VERTEX_POINT('',#13987);
#13987 = CARTESIAN_POINT('',(-4.486769065839,-6.005,3.835414853151));
#13988 = B_SPLINE_CURVE_WITH_KNOTS('',3,(#13989,#13990,#13991,#13992),
  .UNSPECIFIED.,.F.,.F.,(4,4),(27.,28.),.PIECEWISE_BEZIER_KNOTS.);
#13989 = CARTESIAN_POINT('',(-4.412059765466,-6.005,3.910124153523));
#13990 = CARTESIAN_POINT('',(-4.453029420353,-6.005,3.910124153523));
#13991 = CARTESIAN_POINT('',(-4.486769065839,-6.005,3.876384416104));
#13992 = CARTESIAN_POINT('',(-4.486769065839,-6.005,3.835414853151));
#13993 = ORIENTED_EDGE('',*,*,#13994,.T.);
#13994 = EDGE_CURVE('',#13986,#13995,#13997,.T.);
#13995 = VERTEX_POINT('',#13996);
#13996 = CARTESIAN_POINT('',(-4.416879649155,-6.005,3.760705552776));
#13997 = B_SPLINE_CURVE_WITH_KNOTS('',3,(#13998,#13999,#14000,#14001),
  .UNSPECIFIED.,.F.,.F.,(4,4),(28.,29.),.PIECEWISE_BEZIER_KNOTS.);
#13998 = CARTESIAN_POINT('',(-4.486769065839,-6.005,3.835414853151));
#13999 = CARTESIAN_POINT('',(-4.486769065839,-6.005,3.796855232042));
#14000 = CARTESIAN_POINT('',(-4.455439362198,-6.005,3.76311549462));
#14001 = CARTESIAN_POINT('',(-4.416879649155,-6.005,3.760705552776));
#14002 = ORIENTED_EDGE('',*,*,#14003,.T.);
#14003 = EDGE_CURVE('',#13995,#14004,#14006,.T.);
#14004 = VERTEX_POINT('',#14005);
#14005 = CARTESIAN_POINT('',(-4.274690965875,-6.005,3.760705552776));
#14006 = LINE('',#14007,#14008);
#14007 = CARTESIAN_POINT('',(-4.416879649155,-6.005,3.760705552776));
#14008 = VECTOR('',#14009,1.);
#14009 = DIRECTION('',(1.,0.,0.));
#14010 = ORIENTED_EDGE('',*,*,#14011,.T.);
#14011 = EDGE_CURVE('',#14004,#14012,#14014,.T.);
#14012 = VERTEX_POINT('',#14013);
#14013 = CARTESIAN_POINT('',(-4.055382948446,-6.005,3.86915459057));
#14014 = B_SPLINE_CURVE_WITH_KNOTS('',3,(#14015,#14016,#14017,#14018),
  .UNSPECIFIED.,.F.,.F.,(4,4),(33.,34.),.PIECEWISE_BEZIER_KNOTS.);
#14015 = CARTESIAN_POINT('',(-4.274690965875,-6.005,3.760705552776));
#14016 = CARTESIAN_POINT('',(-4.190341714259,-6.005,3.767935470243));
#14017 = CARTESIAN_POINT('',(-4.113222380107,-6.005,3.806495183286));
#14018 = CARTESIAN_POINT('',(-4.055382948446,-6.005,3.86915459057));
#14019 = ORIENTED_EDGE('',*,*,#14020,.T.);
#14020 = EDGE_CURVE('',#14012,#13736,#14021,.T.);
#14021 = B_SPLINE_CURVE_WITH_KNOTS('',3,(#14022,#14023,#14024,#14025),
  .UNSPECIFIED.,.F.,.F.,(4,4),(34.,35.),.PIECEWISE_BEZIER_KNOTS.);
#14022 = CARTESIAN_POINT('',(-4.055382948446,-6.005,3.86915459057));
#14023 = CARTESIAN_POINT('',(-3.997543424849,-6.005,3.931813997855));
#14024 = CARTESIAN_POINT('',(-3.966213721206,-6.005,4.013753307628));
#14025 = CARTESIAN_POINT('',(-3.966213721206,-6.005,4.098102559244));
#14026 = FACE_BOUND('',#14027,.T.);
#14027 = EDGE_LOOP('',(#14028,#14042));
#14028 = ORIENTED_EDGE('',*,*,#14029,.F.);
#14029 = EDGE_CURVE('',#14030,#14032,#14034,.T.);
#14030 = VERTEX_POINT('',#14031);
#14031 = CARTESIAN_POINT('',(-4.983224670264,-6.005,3.746245533978));
#14032 = VERTEX_POINT('',#14033);
#14033 = CARTESIAN_POINT('',(-4.983224670264,-6.005,3.934223939699));
#14034 = B_SPLINE_CURVE_WITH_KNOTS('',3,(#14035,#14036,#14037,#14038,
    #14039,#14040,#14041),.UNSPECIFIED.,.F.,.F.,(4,3,4),(0.,1.,2.),
  .PIECEWISE_BEZIER_KNOTS.);
#14035 = CARTESIAN_POINT('',(-4.983224670264,-6.005,3.746245533978));
#14036 = CARTESIAN_POINT('',(-4.930205168256,-6.005,3.746245533978));
#14037 = CARTESIAN_POINT('',(-4.88923551337,-6.005,3.789625222641));
#14038 = CARTESIAN_POINT('',(-4.88923551337,-6.005,3.840234736838));
#14039 = CARTESIAN_POINT('',(-4.88923551337,-6.005,3.893254284813));
#14040 = CARTESIAN_POINT('',(-4.9326151101,-6.005,3.934223939699));
#14041 = CARTESIAN_POINT('',(-4.983224670264,-6.005,3.934223939699));
#14042 = ORIENTED_EDGE('',*,*,#14043,.F.);
#14043 = EDGE_CURVE('',#14032,#14030,#14044,.T.);
#14044 = B_SPLINE_CURVE_WITH_KNOTS('',3,(#14045,#14046,#14047,#14048,
    #14049,#14050),.UNSPECIFIED.,.F.,.F.,(4,2,4),(2.,3.,4.),
  .UNSPECIFIED.);
#14045 = CARTESIAN_POINT('',(-4.983224670264,-6.005,3.934223939699));
#14046 = CARTESIAN_POINT('',(-5.033834230426,-6.005,3.934223939699));
#14047 = CARTESIAN_POINT('',(-5.077213827157,-6.005,3.893254284813));
#14048 = CARTESIAN_POINT('',(-5.077213827157,-6.005,3.787215188864));
#14049 = CARTESIAN_POINT('',(-5.033834230426,-6.005,3.746245533978));
#14050 = CARTESIAN_POINT('',(-4.983224670264,-6.005,3.746245533978));
#14051 = PLANE('',#14052);
#14052 = AXIS2_PLACEMENT_3D('',#14053,#14054,#14055);
#14053 = CARTESIAN_POINT('',(-4.034898098019,-6.005,4.293913252976));
#14054 = DIRECTION('',(0.,1.,0.));
#14055 = DIRECTION('',(0.,-0.,1.));
#14056 = ADVANCED_FACE('',(#14057),#14073,.F.);
#14057 = FACE_BOUND('',#14058,.F.);
#14058 = EDGE_LOOP('',(#14059,#14065,#14066,#14072));
#14059 = ORIENTED_EDGE('',*,*,#14060,.F.);
#14060 = EDGE_CURVE('',#13736,#1804,#14061,.T.);
#14061 = LINE('',#14062,#14063);
#14062 = CARTESIAN_POINT('',(-3.966213721206,-6.005,4.098102559244));
#14063 = VECTOR('',#14064,1.);
#14064 = DIRECTION('',(-0.,1.,-0.));
#14065 = ORIENTED_EDGE('',*,*,#13735,.T.);
#14066 = ORIENTED_EDGE('',*,*,#14067,.T.);
#14067 = EDGE_CURVE('',#13738,#1806,#14068,.T.);
#14068 = LINE('',#14069,#14070);
#14069 = CARTESIAN_POINT('',(-4.204801549191,-6.005,4.413809675414));
#14070 = VECTOR('',#14071,1.);
#14071 = DIRECTION('',(-0.,1.,-0.));
#14072 = ORIENTED_EDGE('',*,*,#1803,.F.);
#14073 = B_SPLINE_SURFACE_WITH_KNOTS('',3,1,(
    (#14074,#14075)
    ,(#14076,#14077)
    ,(#14078,#14079)
    ,(#14080,#14081
    )),.UNSPECIFIED.,.F.,.F.,.F.,(4,4),(2,2),(35.,36.),(0.,1.),
  .PIECEWISE_BEZIER_KNOTS.);
#14074 = CARTESIAN_POINT('',(-3.966213721206,-6.005,4.098102559244));
#14075 = CARTESIAN_POINT('',(-3.966213721206,-5.995,4.098102559244));
#14076 = CARTESIAN_POINT('',(-3.968623663051,-6.005,4.242701184368));
#14077 = CARTESIAN_POINT('',(-3.968623663051,-5.995,4.242701184368));
#14078 = CARTESIAN_POINT('',(-4.067432841534,-6.005,4.370430078682));
#14079 = CARTESIAN_POINT('',(-4.067432841534,-5.995,4.370430078682));
#14080 = CARTESIAN_POINT('',(-4.204801549191,-6.005,4.413809675414));
#14081 = CARTESIAN_POINT('',(-4.204801549191,-5.995,4.413809675414));
#14082 = ADVANCED_FACE('',(#14083),#14094,.F.);
#14083 = FACE_BOUND('',#14084,.F.);
#14084 = EDGE_LOOP('',(#14085,#14086,#14087,#14093));
#14085 = ORIENTED_EDGE('',*,*,#14067,.F.);
#14086 = ORIENTED_EDGE('',*,*,#13746,.T.);
#14087 = ORIENTED_EDGE('',*,*,#14088,.T.);
#14088 = EDGE_CURVE('',#13747,#2080,#14089,.T.);
#14089 = LINE('',#14090,#14091);
#14090 = CARTESIAN_POINT('',(-4.334940431316,-6.005,4.604197988502));
#14091 = VECTOR('',#14092,1.);
#14092 = DIRECTION('',(-0.,1.,-0.));
#14093 = ORIENTED_EDGE('',*,*,#2088,.F.);
#14094 = B_SPLINE_SURFACE_WITH_KNOTS('',3,1,(
    (#14095,#14096)
    ,(#14097,#14098)
    ,(#14099,#14100)
    ,(#14101,#14102
    )),.UNSPECIFIED.,.F.,.F.,.F.,(4,4),(2,2),(0.,1.),(0.,1.),
  .PIECEWISE_BEZIER_KNOTS.);
#14095 = CARTESIAN_POINT('',(-4.204801549191,-6.005,4.413809675414));
#14096 = CARTESIAN_POINT('',(-4.204801549191,-5.995,4.413809675414));
#14097 = CARTESIAN_POINT('',(-4.231311277211,-6.005,4.48610903394));
#14098 = CARTESIAN_POINT('',(-4.231311277211,-5.995,4.48610903394));
#14099 = CARTESIAN_POINT('',(-4.277100907719,-6.005,4.551178452021));
#14100 = CARTESIAN_POINT('',(-4.277100907719,-5.995,4.551178452021));
#14101 = CARTESIAN_POINT('',(-4.334940431316,-6.005,4.604197988502));
#14102 = CARTESIAN_POINT('',(-4.334940431316,-5.995,4.604197988502));
#14103 = ADVANCED_FACE('',(#14104),#14115,.F.);
#14104 = FACE_BOUND('',#14105,.F.);
#14105 = EDGE_LOOP('',(#14106,#14107,#14108,#14114));
#14106 = ORIENTED_EDGE('',*,*,#14088,.F.);
#14107 = ORIENTED_EDGE('',*,*,#13755,.T.);
#14108 = ORIENTED_EDGE('',*,*,#14109,.T.);
#14109 = EDGE_CURVE('',#13756,#2071,#14110,.T.);
#14110 = LINE('',#14111,#14112);
#14111 = CARTESIAN_POINT('',(-4.66269748654,-6.005,4.729516883515));
#14112 = VECTOR('',#14113,1.);
#14113 = DIRECTION('',(-0.,1.,-0.));
#14114 = ORIENTED_EDGE('',*,*,#2079,.F.);
#14115 = B_SPLINE_SURFACE_WITH_KNOTS('',3,1,(
    (#14116,#14117)
    ,(#14118,#14119)
    ,(#14120,#14121)
    ,(#14122,#14123
    )),.UNSPECIFIED.,.F.,.F.,.F.,(4,4),(2,2),(1.,2.),(0.,1.),
  .PIECEWISE_BEZIER_KNOTS.);
#14116 = CARTESIAN_POINT('',(-4.334940431316,-6.005,4.604197988502));
#14117 = CARTESIAN_POINT('',(-4.334940431316,-5.995,4.604197988502));
#14118 = CARTESIAN_POINT('',(-4.426519600399,-6.005,4.683727290355));
#14119 = CARTESIAN_POINT('',(-4.426519600399,-5.995,4.683727290355));
#14120 = CARTESIAN_POINT('',(-4.542198555659,-6.005,4.729516883515));
#14121 = CARTESIAN_POINT('',(-4.542198555659,-5.995,4.729516883515));
#14122 = CARTESIAN_POINT('',(-4.66269748654,-6.005,4.729516883515));
#14123 = CARTESIAN_POINT('',(-4.66269748654,-5.995,4.729516883515));
#14124 = ADVANCED_FACE('',(#14125),#14136,.F.);
#14125 = FACE_BOUND('',#14126,.F.);
#14126 = EDGE_LOOP('',(#14127,#14128,#14129,#14135));
#14127 = ORIENTED_EDGE('',*,*,#14109,.F.);
#14128 = ORIENTED_EDGE('',*,*,#13764,.T.);
#14129 = ORIENTED_EDGE('',*,*,#14130,.T.);
#14130 = EDGE_CURVE('',#13765,#2062,#14131,.T.);
#14131 = LINE('',#14132,#14133);
#14132 = CARTESIAN_POINT('',(-4.951894920654,-6.005,4.635527715128));
#14133 = VECTOR('',#14134,1.);
#14134 = DIRECTION('',(-0.,1.,-0.));
#14135 = ORIENTED_EDGE('',*,*,#2070,.F.);
#14136 = B_SPLINE_SURFACE_WITH_KNOTS('',3,1,(
    (#14137,#14138)
    ,(#14139,#14140)
    ,(#14141,#14142)
    ,(#14143,#14144
    )),.UNSPECIFIED.,.F.,.F.,.F.,(4,4),(2,2),(2.,3.),(0.,1.),
  .PIECEWISE_BEZIER_KNOTS.);
#14137 = CARTESIAN_POINT('',(-4.66269748654,-6.005,4.729516883515));
#14138 = CARTESIAN_POINT('',(-4.66269748654,-5.995,4.729516883515));
#14139 = CARTESIAN_POINT('',(-4.768736536521,-6.005,4.729516883515));
#14140 = CARTESIAN_POINT('',(-4.768736536521,-5.995,4.729516883515));
#14141 = CARTESIAN_POINT('',(-4.867545669037,-6.005,4.695777183443));
#14142 = CARTESIAN_POINT('',(-4.867545669037,-5.995,4.695777183443));
#14143 = CARTESIAN_POINT('',(-4.951894920654,-6.005,4.635527715128));
#14144 = CARTESIAN_POINT('',(-4.951894920654,-5.995,4.635527715128));
#14145 = ADVANCED_FACE('',(#14146),#14157,.F.);
#14146 = FACE_BOUND('',#14147,.F.);
#14147 = EDGE_LOOP('',(#14148,#14149,#14150,#14156));
#14148 = ORIENTED_EDGE('',*,*,#14130,.F.);
#14149 = ORIENTED_EDGE('',*,*,#13773,.T.);
#14150 = ORIENTED_EDGE('',*,*,#14151,.T.);
#14151 = EDGE_CURVE('',#13774,#2053,#14152,.T.);
#14152 = LINE('',#14153,#14154);
#14153 = CARTESIAN_POINT('',(-5.057933970636,-6.005,4.529488653656));
#14154 = VECTOR('',#14155,1.);
#14155 = DIRECTION('',(-0.,1.,-0.));
#14156 = ORIENTED_EDGE('',*,*,#2061,.F.);
#14157 = B_SPLINE_SURFACE_WITH_KNOTS('',3,1,(
    (#14158,#14159)
    ,(#14160,#14161)
    ,(#14162,#14163)
    ,(#14164,#14165
    )),.UNSPECIFIED.,.F.,.F.,.F.,(4,4),(2,2),(3.,4.),(0.,1.),
  .PIECEWISE_BEZIER_KNOTS.);
#14158 = CARTESIAN_POINT('',(-4.951894920654,-6.005,4.635527715128));
#14159 = CARTESIAN_POINT('',(-4.951894920654,-5.995,4.635527715128));
#14160 = CARTESIAN_POINT('',(-4.992864575541,-6.005,4.606607964822));
#14161 = CARTESIAN_POINT('',(-4.992864575541,-5.995,4.606607964822));
#14162 = CARTESIAN_POINT('',(-5.026604266994,-6.005,4.570458285559));
#14163 = CARTESIAN_POINT('',(-5.026604266994,-5.995,4.570458285559));
#14164 = CARTESIAN_POINT('',(-5.057933970636,-6.005,4.529488653656));
#14165 = CARTESIAN_POINT('',(-5.057933970636,-5.995,4.529488653656));
#14166 = ADVANCED_FACE('',(#14167),#14178,.F.);
#14167 = FACE_BOUND('',#14168,.F.);
#14168 = EDGE_LOOP('',(#14169,#14170,#14171,#14177));
#14169 = ORIENTED_EDGE('',*,*,#14151,.F.);
#14170 = ORIENTED_EDGE('',*,*,#13782,.T.);
#14171 = ORIENTED_EDGE('',*,*,#14172,.T.);
#14172 = EDGE_CURVE('',#13783,#2044,#14173,.T.);
#14173 = LINE('',#14174,#14175);
#14174 = CARTESIAN_POINT('',(-5.113363460455,-6.005,4.534308606294));
#14175 = VECTOR('',#14176,1.);
#14176 = DIRECTION('',(-0.,1.,-0.));
#14177 = ORIENTED_EDGE('',*,*,#2052,.F.);
#14178 = B_SPLINE_SURFACE_WITH_KNOTS('',3,1,(
    (#14179,#14180)
    ,(#14181,#14182)
    ,(#14183,#14184)
    ,(#14185,#14186
    )),.UNSPECIFIED.,.F.,.F.,.F.,(4,4),(2,2),(4.,5.),(0.,1.),
  .PIECEWISE_BEZIER_KNOTS.);
#14179 = CARTESIAN_POINT('',(-5.057933970636,-6.005,4.529488653656));
#14180 = CARTESIAN_POINT('',(-5.057933970636,-5.995,4.529488653656));
#14181 = CARTESIAN_POINT('',(-5.077213781191,-6.005,4.531898641466));
#14182 = CARTESIAN_POINT('',(-5.077213781191,-5.995,4.531898641466));
#14183 = CARTESIAN_POINT('',(-5.0940836499,-6.005,4.534308606294));
#14184 = CARTESIAN_POINT('',(-5.0940836499,-5.995,4.534308606294));
#14185 = CARTESIAN_POINT('',(-5.113363460455,-6.005,4.534308606294));
#14186 = CARTESIAN_POINT('',(-5.113363460455,-5.995,4.534308606294));
#14187 = ADVANCED_FACE('',(#14188),#14199,.F.);
#14188 = FACE_BOUND('',#14189,.F.);
#14189 = EDGE_LOOP('',(#14190,#14191,#14192,#14198));
#14190 = ORIENTED_EDGE('',*,*,#14172,.F.);
#14191 = ORIENTED_EDGE('',*,*,#13791,.T.);
#14192 = ORIENTED_EDGE('',*,*,#14193,.T.);
#14193 = EDGE_CURVE('',#13792,#2035,#14194,.T.);
#14194 = LINE('',#14195,#14196);
#14195 = CARTESIAN_POINT('',(-5.390511001481,-6.005,4.418629628051));
#14196 = VECTOR('',#14197,1.);
#14197 = DIRECTION('',(-0.,1.,-0.));
#14198 = ORIENTED_EDGE('',*,*,#2043,.F.);
#14199 = B_SPLINE_SURFACE_WITH_KNOTS('',3,1,(
    (#14200,#14201)
    ,(#14202,#14203)
    ,(#14204,#14205)
    ,(#14206,#14207
    )),.UNSPECIFIED.,.F.,.F.,.F.,(4,4),(2,2),(5.,6.),(0.,1.),
  .PIECEWISE_BEZIER_KNOTS.);
#14200 = CARTESIAN_POINT('',(-5.113363460455,-6.005,4.534308606294));
#14201 = CARTESIAN_POINT('',(-5.113363460455,-5.995,4.534308606294));
#14202 = CARTESIAN_POINT('',(-5.216992545609,-6.005,4.534308606294));
#14203 = CARTESIAN_POINT('',(-5.216992545609,-5.995,4.534308606294));
#14204 = CARTESIAN_POINT('',(-5.315801655142,-6.005,4.493338974393));
#14205 = CARTESIAN_POINT('',(-5.315801655142,-5.995,4.493338974393));
#14206 = CARTESIAN_POINT('',(-5.390511001481,-6.005,4.418629628051));
#14207 = CARTESIAN_POINT('',(-5.390511001481,-5.995,4.418629628051));
#14208 = ADVANCED_FACE('',(#14209),#14220,.F.);
#14209 = FACE_BOUND('',#14210,.F.);
#14210 = EDGE_LOOP('',(#14211,#14212,#14213,#14219));
#14211 = ORIENTED_EDGE('',*,*,#14193,.F.);
#14212 = ORIENTED_EDGE('',*,*,#13800,.T.);
#14213 = ORIENTED_EDGE('',*,*,#14214,.T.);
#14214 = EDGE_CURVE('',#13801,#2026,#14215,.T.);
#14215 = LINE('',#14216,#14217);
#14216 = CARTESIAN_POINT('',(-5.503780060863,-6.005,4.14389209782));
#14217 = VECTOR('',#14218,1.);
#14218 = DIRECTION('',(-0.,1.,-0.));
#14219 = ORIENTED_EDGE('',*,*,#2034,.F.);
#14220 = B_SPLINE_SURFACE_WITH_KNOTS('',3,1,(
    (#14221,#14222)
    ,(#14223,#14224)
    ,(#14225,#14226)
    ,(#14227,#14228
    )),.UNSPECIFIED.,.F.,.F.,.F.,(4,4),(2,2),(6.,7.),(0.,1.),
  .PIECEWISE_BEZIER_KNOTS.);
#14221 = CARTESIAN_POINT('',(-5.390511001481,-6.005,4.418629628051));
#14222 = CARTESIAN_POINT('',(-5.390511001481,-5.995,4.418629628051));
#14223 = CARTESIAN_POINT('',(-5.462810423214,-6.005,4.346330292506));
#14224 = CARTESIAN_POINT('',(-5.462810423214,-5.995,4.346330292506));
#14225 = CARTESIAN_POINT('',(-5.503780060863,-6.005,4.247521159989));
#14226 = CARTESIAN_POINT('',(-5.503780060863,-5.995,4.247521159989));
#14227 = CARTESIAN_POINT('',(-5.503780060863,-6.005,4.14389209782));
#14228 = CARTESIAN_POINT('',(-5.503780060863,-5.995,4.14389209782));
#14229 = ADVANCED_FACE('',(#14230),#14241,.F.);
#14230 = FACE_BOUND('',#14231,.F.);
#14231 = EDGE_LOOP('',(#14232,#14233,#14234,#14240));
#14232 = ORIENTED_EDGE('',*,*,#14214,.F.);
#14233 = ORIENTED_EDGE('',*,*,#13809,.T.);
#14234 = ORIENTED_EDGE('',*,*,#14235,.T.);
#14235 = EDGE_CURVE('',#13810,#2017,#14236,.T.);
#14236 = LINE('',#14237,#14238);
#14237 = CARTESIAN_POINT('',(-5.402560963519,-6.005,3.881204483658));
#14238 = VECTOR('',#14239,1.);
#14239 = DIRECTION('',(-0.,1.,-0.));
#14240 = ORIENTED_EDGE('',*,*,#2025,.F.);
#14241 = B_SPLINE_SURFACE_WITH_KNOTS('',3,1,(
    (#14242,#14243)
    ,(#14244,#14245)
    ,(#14246,#14247)
    ,(#14248,#14249
    )),.UNSPECIFIED.,.F.,.F.,.F.,(4,4),(2,2),(7.,8.),(0.,1.),
  .PIECEWISE_BEZIER_KNOTS.);
#14242 = CARTESIAN_POINT('',(-5.503780060863,-6.005,4.14389209782));
#14243 = CARTESIAN_POINT('',(-5.503780060863,-5.995,4.14389209782));
#14244 = CARTESIAN_POINT('',(-5.503780060863,-6.005,4.047492953114));
#14245 = CARTESIAN_POINT('',(-5.503780060863,-5.995,4.047492953114));
#14246 = CARTESIAN_POINT('',(-5.467630381599,-6.005,3.953503750253));
#14247 = CARTESIAN_POINT('',(-5.467630381599,-5.995,3.953503750253));
#14248 = CARTESIAN_POINT('',(-5.402560963519,-6.005,3.881204483658));
#14249 = CARTESIAN_POINT('',(-5.402560963519,-5.995,3.881204483658));
#14250 = ADVANCED_FACE('',(#14251),#14262,.F.);
#14251 = FACE_BOUND('',#14252,.F.);
#14252 = EDGE_LOOP('',(#14253,#14254,#14255,#14261));
#14253 = ORIENTED_EDGE('',*,*,#14235,.F.);
#14254 = ORIENTED_EDGE('',*,*,#13818,.T.);
#14255 = ORIENTED_EDGE('',*,*,#14256,.T.);
#14256 = EDGE_CURVE('',#13819,#2008,#14257,.T.);
#14257 = LINE('',#14258,#14259);
#14258 = CARTESIAN_POINT('',(-5.20976267411,-6.005,3.765525528399));
#14259 = VECTOR('',#14260,1.);
#14260 = DIRECTION('',(-0.,1.,-0.));
#14261 = ORIENTED_EDGE('',*,*,#2016,.F.);
#14262 = B_SPLINE_SURFACE_WITH_KNOTS('',3,1,(
    (#14263,#14264)
    ,(#14265,#14266)
    ,(#14267,#14268)
    ,(#14269,#14270
    )),.UNSPECIFIED.,.F.,.F.,.F.,(4,4),(2,2),(8.,9.),(0.,1.),
  .PIECEWISE_BEZIER_KNOTS.);
#14263 = CARTESIAN_POINT('',(-5.402560963519,-6.005,3.881204483658));
#14264 = CARTESIAN_POINT('',(-5.402560963519,-5.995,3.881204483658));
#14265 = CARTESIAN_POINT('',(-5.349541438529,-6.005,3.823364960061));
#14266 = CARTESIAN_POINT('',(-5.349541438529,-5.995,3.823364960061));
#14267 = CARTESIAN_POINT('',(-5.284471997466,-6.005,3.784805338954));
#14268 = CARTESIAN_POINT('',(-5.284471997466,-5.995,3.784805338954));
#14269 = CARTESIAN_POINT('',(-5.20976267411,-6.005,3.765525528399));
#14270 = CARTESIAN_POINT('',(-5.20976267411,-5.995,3.765525528399));
#14271 = ADVANCED_FACE('',(#14272),#14283,.F.);
#14272 = FACE_BOUND('',#14273,.F.);
#14273 = EDGE_LOOP('',(#14274,#14275,#14276,#14282));
#14274 = ORIENTED_EDGE('',*,*,#14256,.F.);
#14275 = ORIENTED_EDGE('',*,*,#13827,.T.);
#14276 = ORIENTED_EDGE('',*,*,#14277,.T.);
#14277 = EDGE_CURVE('',#13828,#1999,#14278,.T.);
#14278 = LINE('',#14279,#14280);
#14279 = CARTESIAN_POINT('',(-4.980814682452,-6.005,3.601647000787));
#14280 = VECTOR('',#14281,1.);
#14281 = DIRECTION('',(-0.,1.,-0.));
#14282 = ORIENTED_EDGE('',*,*,#2007,.F.);
#14283 = B_SPLINE_SURFACE_WITH_KNOTS('',3,1,(
    (#14284,#14285)
    ,(#14286,#14287)
    ,(#14288,#14289)
    ,(#14290,#14291
    )),.UNSPECIFIED.,.F.,.F.,.F.,(4,4),(2,2),(9.,10.),(0.,1.),
  .PIECEWISE_BEZIER_KNOTS.);
#14284 = CARTESIAN_POINT('',(-5.20976267411,-6.005,3.765525528399));
#14285 = CARTESIAN_POINT('',(-5.20976267411,-5.995,3.765525528399));
#14286 = CARTESIAN_POINT('',(-5.178432947485,-6.005,3.669126383693));
#14287 = CARTESIAN_POINT('',(-5.178432947485,-5.995,3.669126383693));
#14288 = CARTESIAN_POINT('',(-5.086853778401,-6.005,3.601647000787));
#14289 = CARTESIAN_POINT('',(-5.086853778401,-5.995,3.601647000787));
#14290 = CARTESIAN_POINT('',(-4.980814682452,-6.005,3.601647000787));
#14291 = CARTESIAN_POINT('',(-4.980814682452,-5.995,3.601647000787));
#14292 = ADVANCED_FACE('',(#14293),#14304,.F.);
#14293 = FACE_BOUND('',#14294,.F.);
#14294 = EDGE_LOOP('',(#14295,#14296,#14297,#14303));
#14295 = ORIENTED_EDGE('',*,*,#14277,.F.);
#14296 = ORIENTED_EDGE('',*,*,#13836,.T.);
#14297 = ORIENTED_EDGE('',*,*,#14298,.T.);
#14298 = EDGE_CURVE('',#13837,#1990,#14299,.T.);
#14299 = LINE('',#14300,#14301);
#14300 = CARTESIAN_POINT('',(-4.739816820689,-6.005,3.842644862549));
#14301 = VECTOR('',#14302,1.);
#14302 = DIRECTION('',(-0.,1.,-0.));
#14303 = ORIENTED_EDGE('',*,*,#1998,.F.);
#14304 = B_SPLINE_SURFACE_WITH_KNOTS('',3,1,(
    (#14305,#14306)
    ,(#14307,#14308)
    ,(#14309,#14310)
    ,(#14311,#14312
    )),.UNSPECIFIED.,.F.,.F.,.F.,(4,4),(2,2),(10.,11.),(0.,1.),
  .PIECEWISE_BEZIER_KNOTS.);
#14305 = CARTESIAN_POINT('',(-4.980814682452,-6.005,3.601647000787));
#14306 = CARTESIAN_POINT('',(-4.980814682452,-5.995,3.601647000787));
#14307 = CARTESIAN_POINT('',(-4.848265858483,-6.005,3.601647000787));
#14308 = CARTESIAN_POINT('',(-4.848265858483,-5.995,3.601647000787));
#14309 = CARTESIAN_POINT('',(-4.739816820689,-6.005,3.710096038579));
#14310 = CARTESIAN_POINT('',(-4.739816820689,-5.995,3.710096038579));
#14311 = CARTESIAN_POINT('',(-4.739816820689,-6.005,3.842644862549));
#14312 = CARTESIAN_POINT('',(-4.739816820689,-5.995,3.842644862549));
#14313 = ADVANCED_FACE('',(#14314),#14325,.F.);
#14314 = FACE_BOUND('',#14315,.T.);
#14315 = EDGE_LOOP('',(#14316,#14317,#14323,#14324));
#14316 = ORIENTED_EDGE('',*,*,#1989,.T.);
#14317 = ORIENTED_EDGE('',*,*,#14318,.F.);
#14318 = EDGE_CURVE('',#13846,#1982,#14319,.T.);
#14319 = LINE('',#14320,#14321);
#14320 = CARTESIAN_POINT('',(-4.739816820689,-6.005,3.866744648727));
#14321 = VECTOR('',#14322,1.);
#14322 = DIRECTION('',(-0.,1.,-0.));
#14323 = ORIENTED_EDGE('',*,*,#13845,.F.);
#14324 = ORIENTED_EDGE('',*,*,#14298,.T.);
#14325 = PLANE('',#14326);
#14326 = AXIS2_PLACEMENT_3D('',#14327,#14328,#14329);
#14327 = CARTESIAN_POINT('',(-4.739816820689,-6.005,3.842644862549));
#14328 = DIRECTION('',(-1.,0.,0.));
#14329 = DIRECTION('',(0.,0.,1.));
#14330 = ADVANCED_FACE('',(#14331),#14342,.F.);
#14331 = FACE_BOUND('',#14332,.T.);
#14332 = EDGE_LOOP('',(#14333,#14334,#14340,#14341));
#14333 = ORIENTED_EDGE('',*,*,#1981,.T.);
#14334 = ORIENTED_EDGE('',*,*,#14335,.F.);
#14335 = EDGE_CURVE('',#13855,#1974,#14336,.T.);
#14336 = LINE('',#14337,#14338);
#14337 = CARTESIAN_POINT('',(-4.402419814222,-6.005,4.045083057237));
#14338 = VECTOR('',#14339,1.);
#14339 = DIRECTION('',(-0.,1.,-0.));
#14340 = ORIENTED_EDGE('',*,*,#13854,.F.);
#14341 = ORIENTED_EDGE('',*,*,#14318,.T.);
#14342 = PLANE('',#14343);
#14343 = AXIS2_PLACEMENT_3D('',#14344,#14345,#14346);
#14344 = CARTESIAN_POINT('',(-4.739816820689,-6.005,3.866744648727));
#14345 = DIRECTION('',(-0.467307306755,0.,0.884094950248));
#14346 = DIRECTION('',(0.884094950248,0.,0.467307306755));
#14347 = ADVANCED_FACE('',(#14348),#14359,.F.);
#14348 = FACE_BOUND('',#14349,.T.);
#14349 = EDGE_LOOP('',(#14350,#14351,#14357,#14358));
#14350 = ORIENTED_EDGE('',*,*,#1973,.T.);
#14351 = ORIENTED_EDGE('',*,*,#14352,.F.);
#14352 = EDGE_CURVE('',#13863,#1966,#14353,.T.);
#14353 = LINE('',#14354,#14355);
#14354 = CARTESIAN_POINT('',(-4.477129114596,-6.005,4.17281195155));
#14355 = VECTOR('',#14356,1.);
#14356 = DIRECTION('',(-0.,1.,-0.));
#14357 = ORIENTED_EDGE('',*,*,#13862,.F.);
#14358 = ORIENTED_EDGE('',*,*,#14335,.T.);
#14359 = PLANE('',#14360);
#14360 = AXIS2_PLACEMENT_3D('',#14361,#14362,#14363);
#14361 = CARTESIAN_POINT('',(-4.402419814222,-6.005,4.045083057237));
#14362 = DIRECTION('',(-0.863187758941,0.,-0.50488304865));
#14363 = DIRECTION('',(-0.50488304865,0.,0.863187758941));
#14364 = ADVANCED_FACE('',(#14365),#14376,.F.);
#14365 = FACE_BOUND('',#14366,.T.);
#14366 = EDGE_LOOP('',(#14367,#14368,#14374,#14375));
#14367 = ORIENTED_EDGE('',*,*,#1965,.T.);
#14368 = ORIENTED_EDGE('',*,*,#14369,.F.);
#14369 = EDGE_CURVE('',#13871,#1957,#14370,.T.);
#14370 = LINE('',#14371,#14372);
#14371 = CARTESIAN_POINT('',(-4.800066240163,-6.005,4.004113448317));
#14372 = VECTOR('',#14373,1.);
#14373 = DIRECTION('',(-0.,1.,-0.));
#14374 = ORIENTED_EDGE('',*,*,#13870,.F.);
#14375 = ORIENTED_EDGE('',*,*,#14352,.T.);
#14376 = PLANE('',#14377);
#14377 = AXIS2_PLACEMENT_3D('',#14378,#14379,#14380);
#14378 = CARTESIAN_POINT('',(-4.477129114596,-6.005,4.17281195155));
#14379 = DIRECTION('',(0.463018065387,0.,-0.886348842796));
#14380 = DIRECTION('',(-0.886348842796,0.,-0.463018065387));
#14381 = ADVANCED_FACE('',(#14382),#14393,.F.);
#14382 = FACE_BOUND('',#14383,.F.);
#14383 = EDGE_LOOP('',(#14384,#14385,#14386,#14392));
#14384 = ORIENTED_EDGE('',*,*,#14369,.F.);
#14385 = ORIENTED_EDGE('',*,*,#13878,.T.);
#14386 = ORIENTED_EDGE('',*,*,#14387,.T.);
#14387 = EDGE_CURVE('',#13879,#1948,#14388,.T.);
#14388 = LINE('',#14389,#14390);
#14389 = CARTESIAN_POINT('',(-4.980814636485,-6.005,4.086052712123));
#14390 = VECTOR('',#14391,1.);
#14391 = DIRECTION('',(-0.,1.,-0.));
#14392 = ORIENTED_EDGE('',*,*,#1956,.F.);
#14393 = B_SPLINE_SURFACE_WITH_KNOTS('',3,1,(
    (#14394,#14395)
    ,(#14396,#14397)
    ,(#14398,#14399)
    ,(#14400,#14401
    )),.UNSPECIFIED.,.F.,.F.,.F.,(4,4),(2,2),(15.,16.),(0.,1.),
  .PIECEWISE_BEZIER_KNOTS.);
#14394 = CARTESIAN_POINT('',(-4.800066240163,-6.005,4.004113448317));
#14395 = CARTESIAN_POINT('',(-4.800066240163,-5.995,4.004113448317));
#14396 = CARTESIAN_POINT('',(-4.843445836895,-6.005,4.054723008481));
#14397 = CARTESIAN_POINT('',(-4.843445836895,-5.995,4.054723008481));
#14398 = CARTESIAN_POINT('',(-4.908515277957,-6.005,4.086052712123));
#14399 = CARTESIAN_POINT('',(-4.908515277957,-5.995,4.086052712123));
#14400 = CARTESIAN_POINT('',(-4.980814636485,-6.005,4.086052712123));
#14401 = CARTESIAN_POINT('',(-4.980814636485,-5.995,4.086052712123));
#14402 = ADVANCED_FACE('',(#14403),#14414,.F.);
#14403 = FACE_BOUND('',#14404,.F.);
#14404 = EDGE_LOOP('',(#14405,#14406,#14407,#14413));
#14405 = ORIENTED_EDGE('',*,*,#14387,.F.);
#14406 = ORIENTED_EDGE('',*,*,#13887,.T.);
#14407 = ORIENTED_EDGE('',*,*,#14408,.T.);
#14408 = EDGE_CURVE('',#13888,#1939,#14409,.T.);
#14409 = LINE('',#14410,#14411);
#14410 = CARTESIAN_POINT('',(-5.207352617349,-6.005,3.926994114168));
#14411 = VECTOR('',#14412,1.);
#14412 = DIRECTION('',(-0.,1.,-0.));
#14413 = ORIENTED_EDGE('',*,*,#1947,.F.);
#14414 = B_SPLINE_SURFACE_WITH_KNOTS('',3,1,(
    (#14415,#14416)
    ,(#14417,#14418)
    ,(#14419,#14420)
    ,(#14421,#14422
    )),.UNSPECIFIED.,.F.,.F.,.F.,(4,4),(2,2),(16.,17.),(0.,1.),
  .PIECEWISE_BEZIER_KNOTS.);
#14415 = CARTESIAN_POINT('',(-4.980814636485,-6.005,4.086052712123));
#14416 = CARTESIAN_POINT('',(-4.980814636485,-5.995,4.086052712123));
#14417 = CARTESIAN_POINT('',(-5.084443744623,-6.005,4.086052712123));
#14418 = CARTESIAN_POINT('',(-5.084443744623,-5.995,4.086052712123));
#14419 = CARTESIAN_POINT('',(-5.173612925895,-6.005,4.018573329218));
#14420 = CARTESIAN_POINT('',(-5.173612925895,-5.995,4.018573329218));
#14421 = CARTESIAN_POINT('',(-5.207352617349,-6.005,3.926994114168));
#14422 = CARTESIAN_POINT('',(-5.207352617349,-5.995,3.926994114168));
#14423 = ADVANCED_FACE('',(#14424),#14435,.F.);
#14424 = FACE_BOUND('',#14425,.F.);
#14425 = EDGE_LOOP('',(#14426,#14427,#14428,#14434));
#14426 = ORIENTED_EDGE('',*,*,#14408,.F.);
#14427 = ORIENTED_EDGE('',*,*,#13896,.T.);
#14428 = ORIENTED_EDGE('',*,*,#14429,.T.);
#14429 = EDGE_CURVE('',#13897,#1930,#14430,.T.);
#14430 = LINE('',#14431,#14432);
#14431 = CARTESIAN_POINT('',(-5.351951334406,-6.005,4.148712165375));
#14432 = VECTOR('',#14433,1.);
#14433 = DIRECTION('',(-0.,1.,-0.));
#14434 = ORIENTED_EDGE('',*,*,#1938,.F.);
#14435 = B_SPLINE_SURFACE_WITH_KNOTS('',3,1,(
    (#14436,#14437)
    ,(#14438,#14439)
    ,(#14440,#14441)
    ,(#14442,#14443
    )),.UNSPECIFIED.,.F.,.F.,.F.,(4,4),(2,2),(17.,18.),(0.,1.),
  .PIECEWISE_BEZIER_KNOTS.);
#14436 = CARTESIAN_POINT('',(-5.207352617349,-6.005,3.926994114168));
#14437 = CARTESIAN_POINT('',(-5.207352617349,-5.995,3.926994114168));
#14438 = CARTESIAN_POINT('',(-5.291701868965,-6.005,3.965553781241));
#14439 = CARTESIAN_POINT('',(-5.291701868965,-5.995,3.965553781241));
#14440 = CARTESIAN_POINT('',(-5.351951334406,-6.005,4.049903032858));
#14441 = CARTESIAN_POINT('',(-5.351951334406,-5.995,4.049903032858));
#14442 = CARTESIAN_POINT('',(-5.351951334406,-6.005,4.148712165375));
#14443 = CARTESIAN_POINT('',(-5.351951334406,-5.995,4.148712165375));
#14444 = ADVANCED_FACE('',(#14445),#14456,.F.);
#14445 = FACE_BOUND('',#14446,.F.);
#14446 = EDGE_LOOP('',(#14447,#14448,#14449,#14455));
#14447 = ORIENTED_EDGE('',*,*,#14429,.F.);
#14448 = ORIENTED_EDGE('',*,*,#13905,.T.);
#14449 = ORIENTED_EDGE('',*,*,#14450,.T.);
#14450 = EDGE_CURVE('',#13906,#1921,#14451,.T.);
#14451 = LINE('',#14452,#14453);
#14452 = CARTESIAN_POINT('',(-5.110953472644,-6.005,4.389710027136));
#14453 = VECTOR('',#14454,1.);
#14454 = DIRECTION('',(-0.,1.,-0.));
#14455 = ORIENTED_EDGE('',*,*,#1929,.F.);
#14456 = B_SPLINE_SURFACE_WITH_KNOTS('',3,1,(
    (#14457,#14458)
    ,(#14459,#14460)
    ,(#14461,#14462)
    ,(#14463,#14464
    )),.UNSPECIFIED.,.F.,.F.,.F.,(4,4),(2,2),(18.,19.),(0.,1.),
  .PIECEWISE_BEZIER_KNOTS.);
#14457 = CARTESIAN_POINT('',(-5.351951334406,-6.005,4.148712165375));
#14458 = CARTESIAN_POINT('',(-5.351951334406,-5.995,4.148712165375));
#14459 = CARTESIAN_POINT('',(-5.351951334406,-6.005,4.281260989344));
#14460 = CARTESIAN_POINT('',(-5.351951334406,-5.995,4.281260989344));
#14461 = CARTESIAN_POINT('',(-5.243502296613,-6.005,4.389710027136));
#14462 = CARTESIAN_POINT('',(-5.243502296613,-5.995,4.389710027136));
#14463 = CARTESIAN_POINT('',(-5.110953472644,-6.005,4.389710027136));
#14464 = CARTESIAN_POINT('',(-5.110953472644,-5.995,4.389710027136));
#14465 = ADVANCED_FACE('',(#14466),#14477,.F.);
#14466 = FACE_BOUND('',#14467,.F.);
#14467 = EDGE_LOOP('',(#14468,#14469,#14470,#14476));
#14468 = ORIENTED_EDGE('',*,*,#14450,.F.);
#14469 = ORIENTED_EDGE('',*,*,#13914,.T.);
#14470 = ORIENTED_EDGE('',*,*,#14471,.T.);
#14471 = EDGE_CURVE('',#13915,#1912,#14472,.T.);
#14472 = LINE('',#14473,#14474);
#14473 = CARTESIAN_POINT('',(-4.983224624297,-6.005,4.353560347871));
#14474 = VECTOR('',#14475,1.);
#14475 = DIRECTION('',(-0.,1.,-0.));
#14476 = ORIENTED_EDGE('',*,*,#1920,.F.);
#14477 = B_SPLINE_SURFACE_WITH_KNOTS('',3,1,(
    (#14478,#14479)
    ,(#14480,#14481)
    ,(#14482,#14483)
    ,(#14484,#14485
    )),.UNSPECIFIED.,.F.,.F.,.F.,(4,4),(2,2),(19.,20.),(0.,1.),
  .PIECEWISE_BEZIER_KNOTS.);
#14478 = CARTESIAN_POINT('',(-5.110953472644,-6.005,4.389710027136));
#14479 = CARTESIAN_POINT('',(-5.110953472644,-5.995,4.389710027136));
#14480 = CARTESIAN_POINT('',(-5.065163888102,-6.005,4.389710027136));
#14481 = CARTESIAN_POINT('',(-5.065163888102,-5.995,4.389710027136));
#14482 = CARTESIAN_POINT('',(-5.01937430356,-6.005,4.375250146238));
#14483 = CARTESIAN_POINT('',(-5.01937430356,-5.995,4.375250146238));
#14484 = CARTESIAN_POINT('',(-4.983224624297,-6.005,4.353560347871));
#14485 = CARTESIAN_POINT('',(-4.983224624297,-5.995,4.353560347871));
#14486 = ADVANCED_FACE('',(#14487),#14498,.F.);
#14487 = FACE_BOUND('',#14488,.F.);
#14488 = EDGE_LOOP('',(#14489,#14490,#14491,#14497));
#14489 = ORIENTED_EDGE('',*,*,#14471,.F.);
#14490 = ORIENTED_EDGE('',*,*,#13923,.T.);
#14491 = ORIENTED_EDGE('',*,*,#14492,.T.);
#14492 = EDGE_CURVE('',#13924,#1903,#14493,.T.);
#14493 = LINE('',#14494,#14495);
#14494 = CARTESIAN_POINT('',(-4.660287544695,-6.005,4.584918166457));
#14495 = VECTOR('',#14496,1.);
#14496 = DIRECTION('',(-0.,1.,-0.));
#14497 = ORIENTED_EDGE('',*,*,#1911,.F.);
#14498 = B_SPLINE_SURFACE_WITH_KNOTS('',3,1,(
    (#14499,#14500)
    ,(#14501,#14502)
    ,(#14503,#14504)
    ,(#14505,#14506
    )),.UNSPECIFIED.,.F.,.F.,.F.,(4,4),(2,2),(20.,21.),(0.,1.),
  .PIECEWISE_BEZIER_KNOTS.);
#14499 = CARTESIAN_POINT('',(-4.983224624297,-6.005,4.353560347871));
#14500 = CARTESIAN_POINT('',(-4.983224624297,-5.995,4.353560347871));
#14501 = CARTESIAN_POINT('',(-4.937435085722,-6.005,4.488519021753));
#14502 = CARTESIAN_POINT('',(-4.937435085722,-5.995,4.488519021753));
#14503 = CARTESIAN_POINT('',(-4.812116179219,-6.005,4.584918166457));
#14504 = CARTESIAN_POINT('',(-4.812116179219,-5.995,4.584918166457));
#14505 = CARTESIAN_POINT('',(-4.660287544695,-6.005,4.584918166457));
#14506 = CARTESIAN_POINT('',(-4.660287544695,-5.995,4.584918166457));
#14507 = ADVANCED_FACE('',(#14508),#14519,.F.);
#14508 = FACE_BOUND('',#14509,.F.);
#14509 = EDGE_LOOP('',(#14510,#14511,#14512,#14518));
#14510 = ORIENTED_EDGE('',*,*,#14492,.F.);
#14511 = ORIENTED_EDGE('',*,*,#13932,.T.);
#14512 = ORIENTED_EDGE('',*,*,#14513,.T.);
#14513 = EDGE_CURVE('',#13933,#1894,#14514,.T.);
#14514 = LINE('',#14515,#14516);
#14515 = CARTESIAN_POINT('',(-4.322890538228,-6.005,4.283670839255));
#14516 = VECTOR('',#14517,1.);
#14517 = DIRECTION('',(-0.,1.,-0.));
#14518 = ORIENTED_EDGE('',*,*,#1902,.F.);
#14519 = B_SPLINE_SURFACE_WITH_KNOTS('',3,1,(
    (#14520,#14521)
    ,(#14522,#14523)
    ,(#14524,#14525)
    ,(#14526,#14527
    )),.UNSPECIFIED.,.F.,.F.,.F.,(4,4),(2,2),(21.,22.),(0.,1.),
  .PIECEWISE_BEZIER_KNOTS.);
#14520 = CARTESIAN_POINT('',(-4.660287544695,-6.005,4.584918166457));
#14521 = CARTESIAN_POINT('',(-4.660287544695,-5.995,4.584918166457));
#14522 = CARTESIAN_POINT('',(-4.486769065839,-6.005,4.584918166457));
#14523 = CARTESIAN_POINT('',(-4.486769065839,-5.995,4.584918166457));
#14524 = CARTESIAN_POINT('',(-4.342170348782,-6.005,4.452369342488));
#14525 = CARTESIAN_POINT('',(-4.342170348782,-5.995,4.452369342488));
#14526 = CARTESIAN_POINT('',(-4.322890538228,-6.005,4.283670839255));
#14527 = CARTESIAN_POINT('',(-4.322890538228,-5.995,4.283670839255));
#14528 = ADVANCED_FACE('',(#14529),#14540,.F.);
#14529 = FACE_BOUND('',#14530,.T.);
#14530 = EDGE_LOOP('',(#14531,#14532,#14538,#14539));
#14531 = ORIENTED_EDGE('',*,*,#1893,.T.);
#14532 = ORIENTED_EDGE('',*,*,#14533,.F.);
#14533 = EDGE_CURVE('',#13942,#1885,#14534,.T.);
#14534 = LINE('',#14535,#14536);
#14535 = CARTESIAN_POINT('',(-4.303610727673,-6.005,4.283670839255));
#14536 = VECTOR('',#14537,1.);
#14537 = DIRECTION('',(-0.,1.,-0.));
#14538 = ORIENTED_EDGE('',*,*,#13941,.F.);
#14539 = ORIENTED_EDGE('',*,*,#14513,.T.);
#14540 = PLANE('',#14541);
#14541 = AXIS2_PLACEMENT_3D('',#14542,#14543,#14544);
#14542 = CARTESIAN_POINT('',(-4.322890538228,-6.005,4.283670839255));
#14543 = DIRECTION('',(-0.,0.,1.));
#14544 = DIRECTION('',(1.,0.,0.));
#14545 = ADVANCED_FACE('',(#14546),#14557,.F.);
#14546 = FACE_BOUND('',#14547,.F.);
#14547 = EDGE_LOOP('',(#14548,#14549,#14550,#14556));
#14548 = ORIENTED_EDGE('',*,*,#14533,.F.);
#14549 = ORIENTED_EDGE('',*,*,#13950,.T.);
#14550 = ORIENTED_EDGE('',*,*,#14551,.T.);
#14551 = EDGE_CURVE('',#13951,#1876,#14552,.T.);
#14552 = LINE('',#14553,#14554);
#14553 = CARTESIAN_POINT('',(-4.115632413886,-6.005,4.095692525467));
#14554 = VECTOR('',#14555,1.);
#14555 = DIRECTION('',(-0.,1.,-0.));
#14556 = ORIENTED_EDGE('',*,*,#1884,.F.);
#14557 = B_SPLINE_SURFACE_WITH_KNOTS('',3,1,(
    (#14558,#14559)
    ,(#14560,#14561)
    ,(#14562,#14563)
    ,(#14564,#14565
    )),.UNSPECIFIED.,.F.,.F.,.F.,(4,4),(2,2),(23.,24.),(0.,1.),
  .PIECEWISE_BEZIER_KNOTS.);
#14558 = CARTESIAN_POINT('',(-4.303610727673,-6.005,4.283670839255));
#14559 = CARTESIAN_POINT('',(-4.303610727673,-5.995,4.283670839255));
#14560 = CARTESIAN_POINT('',(-4.199981665502,-6.005,4.283670839255));
#14561 = CARTESIAN_POINT('',(-4.199981665502,-5.995,4.283670839255));
#14562 = CARTESIAN_POINT('',(-4.115632413886,-6.005,4.199321587638));
#14563 = CARTESIAN_POINT('',(-4.115632413886,-5.995,4.199321587638));
#14564 = CARTESIAN_POINT('',(-4.115632413886,-6.005,4.095692525467));
#14565 = CARTESIAN_POINT('',(-4.115632413886,-5.995,4.095692525467));
#14566 = ADVANCED_FACE('',(#14567),#14578,.F.);
#14567 = FACE_BOUND('',#14568,.F.);
#14568 = EDGE_LOOP('',(#14569,#14570,#14571,#14577));
#14569 = ORIENTED_EDGE('',*,*,#14551,.F.);
#14570 = ORIENTED_EDGE('',*,*,#13959,.T.);
#14571 = ORIENTED_EDGE('',*,*,#14572,.T.);
#14572 = EDGE_CURVE('',#13960,#1868,#14573,.T.);
#14573 = LINE('',#14574,#14575);
#14574 = CARTESIAN_POINT('',(-4.289150892741,-6.005,3.90771421168));
#14575 = VECTOR('',#14576,1.);
#14576 = DIRECTION('',(-0.,1.,-0.));
#14577 = ORIENTED_EDGE('',*,*,#1875,.F.);
#14578 = B_SPLINE_SURFACE_WITH_KNOTS('',3,1,(
    (#14579,#14580)
    ,(#14581,#14582)
    ,(#14583,#14584)
    ,(#14585,#14586
    )),.UNSPECIFIED.,.F.,.F.,.F.,(4,4),(2,2),(24.,25.),(0.,1.),
  .PIECEWISE_BEZIER_KNOTS.);
#14579 = CARTESIAN_POINT('',(-4.115632413886,-6.005,4.095692525467));
#14580 = CARTESIAN_POINT('',(-4.115632413886,-5.995,4.095692525467));
#14581 = CARTESIAN_POINT('',(-4.115632413886,-6.005,3.99688339295));
#14582 = CARTESIAN_POINT('',(-4.115632413886,-5.995,3.99688339295));
#14583 = CARTESIAN_POINT('',(-4.190341714259,-6.005,3.914944129147));
#14584 = CARTESIAN_POINT('',(-4.190341714259,-5.995,3.914944129147));
#14585 = CARTESIAN_POINT('',(-4.289150892741,-6.005,3.90771421168));
#14586 = CARTESIAN_POINT('',(-4.289150892741,-5.995,3.90771421168));
#14587 = ADVANCED_FACE('',(#14588),#14599,.F.);
#14588 = FACE_BOUND('',#14589,.T.);
#14589 = EDGE_LOOP('',(#14590,#14591,#14597,#14598));
#14590 = ORIENTED_EDGE('',*,*,#1867,.T.);
#14591 = ORIENTED_EDGE('',*,*,#14592,.F.);
#14592 = EDGE_CURVE('',#13969,#1859,#14593,.T.);
#14593 = LINE('',#14594,#14595);
#14594 = CARTESIAN_POINT('',(-4.397599930534,-6.005,3.90771421168));
#14595 = VECTOR('',#14596,1.);
#14596 = DIRECTION('',(-0.,1.,-0.));
#14597 = ORIENTED_EDGE('',*,*,#13968,.F.);
#14598 = ORIENTED_EDGE('',*,*,#14572,.T.);
#14599 = PLANE('',#14600);
#14600 = AXIS2_PLACEMENT_3D('',#14601,#14602,#14603);
#14601 = CARTESIAN_POINT('',(-4.289150892741,-6.005,3.90771421168));
#14602 = DIRECTION('',(-0.,0.,-1.));
#14603 = DIRECTION('',(-1.,0.,0.));
#14604 = ADVANCED_FACE('',(#14605),#14616,.F.);
#14605 = FACE_BOUND('',#14606,.F.);
#14606 = EDGE_LOOP('',(#14607,#14608,#14609,#14615));
#14607 = ORIENTED_EDGE('',*,*,#14592,.F.);
#14608 = ORIENTED_EDGE('',*,*,#13976,.T.);
#14609 = ORIENTED_EDGE('',*,*,#14610,.T.);
#14610 = EDGE_CURVE('',#13977,#1850,#14611,.T.);
#14611 = LINE('',#14612,#14613);
#14612 = CARTESIAN_POINT('',(-4.412059765466,-6.005,3.910124153523));
#14613 = VECTOR('',#14614,1.);
#14614 = DIRECTION('',(-0.,1.,-0.));
#14615 = ORIENTED_EDGE('',*,*,#1858,.F.);
#14616 = B_SPLINE_SURFACE_WITH_KNOTS('',3,1,(
    (#14617,#14618)
    ,(#14619,#14620)
    ,(#14621,#14622)
    ,(#14623,#14624
    )),.UNSPECIFIED.,.F.,.F.,.F.,(4,4),(2,2),(26.,27.),(0.,1.),
  .PIECEWISE_BEZIER_KNOTS.);
#14617 = CARTESIAN_POINT('',(-4.397599930534,-6.005,3.90771421168));
#14618 = CARTESIAN_POINT('',(-4.397599930534,-5.995,3.90771421168));
#14619 = CARTESIAN_POINT('',(-4.402419906156,-6.005,3.90771421168));
#14620 = CARTESIAN_POINT('',(-4.402419906156,-5.995,3.90771421168));
#14621 = CARTESIAN_POINT('',(-4.407239881778,-6.005,3.910124153523));
#14622 = CARTESIAN_POINT('',(-4.407239881778,-5.995,3.910124153523));
#14623 = CARTESIAN_POINT('',(-4.412059765466,-6.005,3.910124153523));
#14624 = CARTESIAN_POINT('',(-4.412059765466,-5.995,3.910124153523));
#14625 = ADVANCED_FACE('',(#14626),#14637,.F.);
#14626 = FACE_BOUND('',#14627,.F.);
#14627 = EDGE_LOOP('',(#14628,#14629,#14630,#14636));
#14628 = ORIENTED_EDGE('',*,*,#14610,.F.);
#14629 = ORIENTED_EDGE('',*,*,#13985,.T.);
#14630 = ORIENTED_EDGE('',*,*,#14631,.T.);
#14631 = EDGE_CURVE('',#13986,#1841,#14632,.T.);
#14632 = LINE('',#14633,#14634);
#14633 = CARTESIAN_POINT('',(-4.486769065839,-6.005,3.835414853151));
#14634 = VECTOR('',#14635,1.);
#14635 = DIRECTION('',(-0.,1.,-0.));
#14636 = ORIENTED_EDGE('',*,*,#1849,.F.);
#14637 = B_SPLINE_SURFACE_WITH_KNOTS('',3,1,(
    (#14638,#14639)
    ,(#14640,#14641)
    ,(#14642,#14643)
    ,(#14644,#14645
    )),.UNSPECIFIED.,.F.,.F.,.F.,(4,4),(2,2),(27.,28.),(0.,1.),
  .PIECEWISE_BEZIER_KNOTS.);
#14638 = CARTESIAN_POINT('',(-4.412059765466,-6.005,3.910124153523));
#14639 = CARTESIAN_POINT('',(-4.412059765466,-5.995,3.910124153523));
#14640 = CARTESIAN_POINT('',(-4.453029420353,-6.005,3.910124153523));
#14641 = CARTESIAN_POINT('',(-4.453029420353,-5.995,3.910124153523));
#14642 = CARTESIAN_POINT('',(-4.486769065839,-6.005,3.876384416104));
#14643 = CARTESIAN_POINT('',(-4.486769065839,-5.995,3.876384416104));
#14644 = CARTESIAN_POINT('',(-4.486769065839,-6.005,3.835414853151));
#14645 = CARTESIAN_POINT('',(-4.486769065839,-5.995,3.835414853151));
#14646 = ADVANCED_FACE('',(#14647),#14658,.F.);
#14647 = FACE_BOUND('',#14648,.F.);
#14648 = EDGE_LOOP('',(#14649,#14650,#14651,#14657));
#14649 = ORIENTED_EDGE('',*,*,#14631,.F.);
#14650 = ORIENTED_EDGE('',*,*,#13994,.T.);
#14651 = ORIENTED_EDGE('',*,*,#14652,.T.);
#14652 = EDGE_CURVE('',#13995,#1833,#14653,.T.);
#14653 = LINE('',#14654,#14655);
#14654 = CARTESIAN_POINT('',(-4.416879649155,-6.005,3.760705552776));
#14655 = VECTOR('',#14656,1.);
#14656 = DIRECTION('',(-0.,1.,-0.));
#14657 = ORIENTED_EDGE('',*,*,#1840,.F.);
#14658 = B_SPLINE_SURFACE_WITH_KNOTS('',3,1,(
    (#14659,#14660)
    ,(#14661,#14662)
    ,(#14663,#14664)
    ,(#14665,#14666
    )),.UNSPECIFIED.,.F.,.F.,.F.,(4,4),(2,2),(28.,29.),(0.,1.),
  .PIECEWISE_BEZIER_KNOTS.);
#14659 = CARTESIAN_POINT('',(-4.486769065839,-6.005,3.835414853151));
#14660 = CARTESIAN_POINT('',(-4.486769065839,-5.995,3.835414853151));
#14661 = CARTESIAN_POINT('',(-4.486769065839,-6.005,3.796855232042));
#14662 = CARTESIAN_POINT('',(-4.486769065839,-5.995,3.796855232042));
#14663 = CARTESIAN_POINT('',(-4.455439362198,-6.005,3.76311549462));
#14664 = CARTESIAN_POINT('',(-4.455439362198,-5.995,3.76311549462));
#14665 = CARTESIAN_POINT('',(-4.416879649155,-6.005,3.760705552776));
#14666 = CARTESIAN_POINT('',(-4.416879649155,-5.995,3.760705552776));
#14667 = ADVANCED_FACE('',(#14668),#14679,.F.);
#14668 = FACE_BOUND('',#14669,.T.);
#14669 = EDGE_LOOP('',(#14670,#14671,#14677,#14678));
#14670 = ORIENTED_EDGE('',*,*,#1832,.T.);
#14671 = ORIENTED_EDGE('',*,*,#14672,.F.);
#14672 = EDGE_CURVE('',#14004,#1824,#14673,.T.);
#14673 = LINE('',#14674,#14675);
#14674 = CARTESIAN_POINT('',(-4.274690965875,-6.005,3.760705552776));
#14675 = VECTOR('',#14676,1.);
#14676 = DIRECTION('',(-0.,1.,-0.));
#14677 = ORIENTED_EDGE('',*,*,#14003,.F.);
#14678 = ORIENTED_EDGE('',*,*,#14652,.T.);
#14679 = PLANE('',#14680);
#14680 = AXIS2_PLACEMENT_3D('',#14681,#14682,#14683);
#14681 = CARTESIAN_POINT('',(-4.281920883341,-6.005,3.760705552776));
#14682 = DIRECTION('',(-0.,0.,1.));
#14683 = DIRECTION('',(1.,0.,0.));
#14684 = ADVANCED_FACE('',(#14685),#14696,.F.);
#14685 = FACE_BOUND('',#14686,.F.);
#14686 = EDGE_LOOP('',(#14687,#14688,#14689,#14695));
#14687 = ORIENTED_EDGE('',*,*,#14672,.F.);
#14688 = ORIENTED_EDGE('',*,*,#14011,.T.);
#14689 = ORIENTED_EDGE('',*,*,#14690,.T.);
#14690 = EDGE_CURVE('',#14012,#1815,#14691,.T.);
#14691 = LINE('',#14692,#14693);
#14692 = CARTESIAN_POINT('',(-4.055382948446,-6.005,3.86915459057));
#14693 = VECTOR('',#14694,1.);
#14694 = DIRECTION('',(-0.,1.,-0.));
#14695 = ORIENTED_EDGE('',*,*,#1823,.F.);
#14696 = B_SPLINE_SURFACE_WITH_KNOTS('',3,1,(
    (#14697,#14698)
    ,(#14699,#14700)
    ,(#14701,#14702)
    ,(#14703,#14704
    )),.UNSPECIFIED.,.F.,.F.,.F.,(4,4),(2,2),(33.,34.),(0.,1.),
  .PIECEWISE_BEZIER_KNOTS.);
#14697 = CARTESIAN_POINT('',(-4.274690965875,-6.005,3.760705552776));
#14698 = CARTESIAN_POINT('',(-4.274690965875,-5.995,3.760705552776));
#14699 = CARTESIAN_POINT('',(-4.190341714259,-6.005,3.767935470243));
#14700 = CARTESIAN_POINT('',(-4.190341714259,-5.995,3.767935470243));
#14701 = CARTESIAN_POINT('',(-4.113222380107,-6.005,3.806495183286));
#14702 = CARTESIAN_POINT('',(-4.113222380107,-5.995,3.806495183286));
#14703 = CARTESIAN_POINT('',(-4.055382948446,-6.005,3.86915459057));
#14704 = CARTESIAN_POINT('',(-4.055382948446,-5.995,3.86915459057));
#14705 = ADVANCED_FACE('',(#14706),#14712,.F.);
#14706 = FACE_BOUND('',#14707,.F.);
#14707 = EDGE_LOOP('',(#14708,#14709,#14710,#14711));
#14708 = ORIENTED_EDGE('',*,*,#14690,.F.);
#14709 = ORIENTED_EDGE('',*,*,#14020,.T.);
#14710 = ORIENTED_EDGE('',*,*,#14060,.T.);
#14711 = ORIENTED_EDGE('',*,*,#1814,.F.);
#14712 = B_SPLINE_SURFACE_WITH_KNOTS('',3,1,(
    (#14713,#14714)
    ,(#14715,#14716)
    ,(#14717,#14718)
    ,(#14719,#14720
    )),.UNSPECIFIED.,.F.,.F.,.F.,(4,4),(2,2),(34.,35.),(0.,1.),
  .PIECEWISE_BEZIER_KNOTS.);
#14713 = CARTESIAN_POINT('',(-4.055382948446,-6.005,3.86915459057));
#14714 = CARTESIAN_POINT('',(-4.055382948446,-5.995,3.86915459057));
#14715 = CARTESIAN_POINT('',(-3.997543424849,-6.005,3.931813997855));
#14716 = CARTESIAN_POINT('',(-3.997543424849,-5.995,3.931813997855));
#14717 = CARTESIAN_POINT('',(-3.966213721206,-6.005,4.013753307628));
#14718 = CARTESIAN_POINT('',(-3.966213721206,-5.995,4.013753307628));
#14719 = CARTESIAN_POINT('',(-3.966213721206,-6.005,4.098102559244));
#14720 = CARTESIAN_POINT('',(-3.966213721206,-5.995,4.098102559244));
#14721 = ADVANCED_FACE('',(#14722),#14751,.T.);
#14722 = FACE_BOUND('',#14723,.T.);
#14723 = EDGE_LOOP('',(#14724,#14738,#14744,#14745));
#14724 = ORIENTED_EDGE('',*,*,#14725,.F.);
#14725 = EDGE_CURVE('',#14726,#14728,#14730,.T.);
#14726 = VERTEX_POINT('',#14727);
#14727 = CARTESIAN_POINT('',(-4.983224670264,-5.995,3.746245533978));
#14728 = VERTEX_POINT('',#14729);
#14729 = CARTESIAN_POINT('',(-4.983224670264,-5.995,3.934223939699));
#14730 = B_SPLINE_CURVE_WITH_KNOTS('',3,(#14731,#14732,#14733,#14734,
    #14735,#14736,#14737),.UNSPECIFIED.,.F.,.F.,(4,3,4),(0.,1.,2.),
  .PIECEWISE_BEZIER_KNOTS.);
#14731 = CARTESIAN_POINT('',(-4.983224670264,-5.995,3.746245533978));
#14732 = CARTESIAN_POINT('',(-4.930205168256,-5.995,3.746245533978));
#14733 = CARTESIAN_POINT('',(-4.88923551337,-5.995,3.789625222641));
#14734 = CARTESIAN_POINT('',(-4.88923551337,-5.995,3.840234736838));
#14735 = CARTESIAN_POINT('',(-4.88923551337,-5.995,3.893254284813));
#14736 = CARTESIAN_POINT('',(-4.9326151101,-5.995,3.934223939699));
#14737 = CARTESIAN_POINT('',(-4.983224670264,-5.995,3.934223939699));
#14738 = ORIENTED_EDGE('',*,*,#14739,.F.);
#14739 = EDGE_CURVE('',#14030,#14726,#14740,.T.);
#14740 = LINE('',#14741,#14742);
#14741 = CARTESIAN_POINT('',(-4.983224670264,-6.005,3.746245533978));
#14742 = VECTOR('',#14743,1.);
#14743 = DIRECTION('',(-0.,1.,-0.));
#14744 = ORIENTED_EDGE('',*,*,#14029,.T.);
#14745 = ORIENTED_EDGE('',*,*,#14746,.T.);
#14746 = EDGE_CURVE('',#14032,#14728,#14747,.T.);
#14747 = LINE('',#14748,#14749);
#14748 = CARTESIAN_POINT('',(-4.983224670264,-6.005,3.934223939699));
#14749 = VECTOR('',#14750,1.);
#14750 = DIRECTION('',(-0.,1.,-0.));
#14751 = B_SPLINE_SURFACE_WITH_KNOTS('',3,1,(
    (#14752,#14753)
    ,(#14754,#14755)
    ,(#14756,#14757)
    ,(#14758,#14759)
    ,(#14760,#14761)
    ,(#14762,#14763)
    ,(#14764,#14765
  )),.UNSPECIFIED.,.F.,.F.,.F.,(4,3,4),(2,2),(0.,1.,2.),(0.,1.),
  .PIECEWISE_BEZIER_KNOTS.);
#14752 = CARTESIAN_POINT('',(-4.983224670264,-6.005,3.746245533978));
#14753 = CARTESIAN_POINT('',(-4.983224670264,-5.995,3.746245533978));
#14754 = CARTESIAN_POINT('',(-4.930205168256,-6.005,3.746245533978));
#14755 = CARTESIAN_POINT('',(-4.930205168256,-5.995,3.746245533978));
#14756 = CARTESIAN_POINT('',(-4.88923551337,-6.005,3.789625222641));
#14757 = CARTESIAN_POINT('',(-4.88923551337,-5.995,3.789625222641));
#14758 = CARTESIAN_POINT('',(-4.88923551337,-6.005,3.840234736838));
#14759 = CARTESIAN_POINT('',(-4.88923551337,-5.995,3.840234736838));
#14760 = CARTESIAN_POINT('',(-4.88923551337,-6.005,3.893254284813));
#14761 = CARTESIAN_POINT('',(-4.88923551337,-5.995,3.893254284813));
#14762 = CARTESIAN_POINT('',(-4.9326151101,-6.005,3.934223939699));
#14763 = CARTESIAN_POINT('',(-4.9326151101,-5.995,3.934223939699));
#14764 = CARTESIAN_POINT('',(-4.983224670264,-6.005,3.934223939699));
#14765 = CARTESIAN_POINT('',(-4.983224670264,-5.995,3.934223939699));
#14766 = ADVANCED_FACE('',(#14767),#14781,.T.);
#14767 = FACE_BOUND('',#14768,.T.);
#14768 = EDGE_LOOP('',(#14769,#14778,#14779,#14780));
#14769 = ORIENTED_EDGE('',*,*,#14770,.F.);
#14770 = EDGE_CURVE('',#14728,#14726,#14771,.T.);
#14771 = B_SPLINE_CURVE_WITH_KNOTS('',3,(#14772,#14773,#14774,#14775,
    #14776,#14777),.UNSPECIFIED.,.F.,.F.,(4,2,4),(2.,3.,4.),
  .UNSPECIFIED.);
#14772 = CARTESIAN_POINT('',(-4.983224670264,-5.995,3.934223939699));
#14773 = CARTESIAN_POINT('',(-5.033834230426,-5.995,3.934223939699));
#14774 = CARTESIAN_POINT('',(-5.077213827157,-5.995,3.893254284813));
#14775 = CARTESIAN_POINT('',(-5.077213827157,-5.995,3.787215188864));
#14776 = CARTESIAN_POINT('',(-5.033834230426,-5.995,3.746245533978));
#14777 = CARTESIAN_POINT('',(-4.983224670264,-5.995,3.746245533978));
#14778 = ORIENTED_EDGE('',*,*,#14746,.F.);
#14779 = ORIENTED_EDGE('',*,*,#14043,.T.);
#14780 = ORIENTED_EDGE('',*,*,#14739,.T.);
#14781 = B_SPLINE_SURFACE_WITH_KNOTS('',3,1,(
    (#14782,#14783)
    ,(#14784,#14785)
    ,(#14786,#14787)
    ,(#14788,#14789)
    ,(#14790,#14791)
    ,(#14792,#14793
  )),.UNSPECIFIED.,.F.,.F.,.F.,(4,2,4),(2,2),(2.,3.,4.),(0.,1.),
  .UNSPECIFIED.);
#14782 = CARTESIAN_POINT('',(-4.983224670264,-6.005,3.934223939699));
#14783 = CARTESIAN_POINT('',(-4.983224670264,-5.995,3.934223939699));
#14784 = CARTESIAN_POINT('',(-5.033834230426,-6.005,3.934223939699));
#14785 = CARTESIAN_POINT('',(-5.033834230426,-5.995,3.934223939699));
#14786 = CARTESIAN_POINT('',(-5.077213827157,-6.005,3.893254284813));
#14787 = CARTESIAN_POINT('',(-5.077213827157,-5.995,3.893254284813));
#14788 = CARTESIAN_POINT('',(-5.077213827157,-6.005,3.787215188864));
#14789 = CARTESIAN_POINT('',(-5.077213827157,-5.995,3.787215188864));
#14790 = CARTESIAN_POINT('',(-5.033834230426,-6.005,3.746245533978));
#14791 = CARTESIAN_POINT('',(-5.033834230426,-5.995,3.746245533978));
#14792 = CARTESIAN_POINT('',(-4.983224670264,-6.005,3.746245533978));
#14793 = CARTESIAN_POINT('',(-4.983224670264,-5.995,3.746245533978));
#14794 = ADVANCED_FACE('',(#14795),#14799,.F.);
#14795 = FACE_BOUND('',#14796,.T.);
#14796 = EDGE_LOOP('',(#14797,#14798));
#14797 = ORIENTED_EDGE('',*,*,#14770,.T.);
#14798 = ORIENTED_EDGE('',*,*,#14725,.T.);
#14799 = PLANE('',#14800);
#14800 = AXIS2_PLACEMENT_3D('',#14801,#14802,#14803);
#14801 = CARTESIAN_POINT('',(-5.75,-5.995,5.));
#14802 = DIRECTION('',(0.,1.,0.));
#14803 = DIRECTION('',(0.,-0.,1.));
#14804 = ( GEOMETRIC_REPRESENTATION_CONTEXT(3) 
GLOBAL_UNCERTAINTY_ASSIGNED_CONTEXT((#14808)) 
GLOBAL_UNIT_ASSIGNED_CONTEXT((#14805,#14806,#14807)) 
REPRESENTATION_CONTEXT('Context #1',
  '3D Context with UNIT and UNCERTAINTY') );
#14805 = ( LENGTH_UNIT() NAMED_UNIT(*) SI_UNIT(.MILLI.,.METRE.) );
#14806 = ( NAMED_UNIT(*) PLANE_ANGLE_UNIT() SI_UNIT($,.RADIAN.) );
#14807 = ( NAMED_UNIT(*) SI_UNIT($,.STERADIAN.) SOLID_ANGLE_UNIT() );
#14808 = UNCERTAINTY_MEASURE_WITH_UNIT(LENGTH_MEASURE(1.E-07),#14805,
  'distance_accuracy_value','confusion accuracy');
#14809 = PRODUCT_RELATED_PRODUCT_CATEGORY('part',$,(#7));
ENDSEC;
END-ISO-10303-21;
