ISO-10303-21;
HEADER;
FILE_DESCRIPTION(('Open CASCADE Model'),'2;1');
FILE_NAME('Open CASCADE Shape Model','2026-10-04T23:56:45',('Author'),(
    'Open CASCADE'),'Open CASCADE STEP processor 8.0','Open CASCADE 8.0'
  ,'Unknown');
FILE_SCHEMA(('AUTOMOTIVE_DESIGN { 1 0 10303 214 1 1 1 1 }'));
ENDSEC;
DATA;
#1 = APPLICATION_PROTOCOL_DEFINITION('international standard',
  'automotive_design',2000,#2);
#2 = APPLICATION_CONTEXT(
  'core data for automotive mechanical design processes');
#3 = SHAPE_DEFINITION_REPRESENTATION(#4,#10);
#4 = PRODUCT_DEFINITION_SHAPE('','',#5);
#5 = PRODUCT_DEFINITION('design','',#6,#9);
#6 = PRODUCT_DEFINITION_FORMATION('','',#7);
#7 = PRODUCT('=>[0:1:1:2]','=>[0:1:1:2]','',(#8));
#8 = PRODUCT_CONTEXT('',#2,'mechanical');
#9 = PRODUCT_DEFINITION_CONTEXT('part definition',#2,'design');
#10 = SHAPE_REPRESENTATION('',(#11,#15),#19);
#11 = AXIS2_PLACEMENT_3D('',#12,#13,#14);
#12 = CARTESIAN_POINT('',(0.,0.,0.));
#13 = DIRECTION('',(0.,0.,1.));
#14 = DIRECTION('',(1.,0.,-0.));
#15 = AXIS2_PLACEMENT_3D('',#16,#17,#18);
#16 = CARTESIAN_POINT('',(0.,0.,0.68));
#17 = DIRECTION('',(0.,-1.,0.));
#18 = DIRECTION('',(1.,0.,0.));
#19 = ( GEOMETRIC_REPRESENTATION_CONTEXT(3) 
GLOBAL_UNCERTAINTY_ASSIGNED_CONTEXT((#23)) GLOBAL_UNIT_ASSIGNED_CONTEXT(
(#20,#21,#22)) REPRESENTATION_CONTEXT('Context #1',
  '3D Context with UNIT and UNCERTAINTY') );
#20 = ( LENGTH_UNIT() NAMED_UNIT(*) SI_UNIT(.MILLI.,.METRE.) );
#21 = ( NAMED_UNIT(*) PLANE_ANGLE_UNIT() SI_UNIT($,.RADIAN.) );
#22 = ( NAMED_UNIT(*) SI_UNIT($,.STERADIAN.) SOLID_ANGLE_UNIT() );
#23 = UNCERTAINTY_MEASURE_WITH_UNIT(LENGTH_MEASURE(5.E-06),#20,
  'distance_accuracy_value','confusion accuracy');
#24 = PRODUCT_RELATED_PRODUCT_CATEGORY('part',$,(#7));
#25 = SHAPE_DEFINITION_REPRESENTATION(#26,#32);
#26 = PRODUCT_DEFINITION_SHAPE('','',#27);
#27 = PRODUCT_DEFINITION('design','',#28,#31);
#28 = PRODUCT_DEFINITION_FORMATION('','',#29);
#29 = PRODUCT('SOLID','SOLID','',(#30));
#30 = PRODUCT_CONTEXT('',#2,'mechanical');
#31 = PRODUCT_DEFINITION_CONTEXT('part definition',#2,'design');
#32 = ADVANCED_BREP_SHAPE_REPRESENTATION('',(#11,#33),#6111);
#33 = MANIFOLD_SOLID_BREP('',#34);
#34 = CLOSED_SHELL('',(#35,#941,#1073,#1217,#1410,#1544,#1720,#1854,
    #1952,#2024,#2101,#2128,#2271,#2529,#2600,#2940,#2989,#3192,#3241,
    #3347,#3424,#3480,#3585,#3684,#3761,#3810,#3882,#3983,#4103,#4173,
    #4294,#4325,#4332,#4380,#4455,#4532,#4560,#4565,#4571,#4577,#4584,
    #4611,#4620,#4669,#4697,#4703,#4779,#4828,#4899,#4948,#4997,#5046,
    #5095,#5144,#5193,#5242,#5291,#5340,#5389,#5416,#5753,#5780,#5807,
    #5834,#5861,#5888,#5915,#5942,#5969,#5996,#6023,#6050,#6077,#6104));
#35 = ADVANCED_FACE('',(#36,#155),#50,.F.);
#36 = FACE_BOUND('',#37,.F.);
#37 = EDGE_LOOP('',(#38,#73,#101,#129));
#38 = ORIENTED_EDGE('',*,*,#39,.F.);
#39 = EDGE_CURVE('',#40,#42,#44,.T.);
#40 = VERTEX_POINT('',#41);
#41 = CARTESIAN_POINT('',(-2.033998972012,-0.55,2.333998972012));
#42 = VERTEX_POINT('',#43);
#43 = CARTESIAN_POINT('',(-2.033998972012,-0.55,-2.333998972012));
#44 = SURFACE_CURVE('',#45,(#49,#61),.PCURVE_S1.);
#45 = LINE('',#46,#47);
#46 = CARTESIAN_POINT('',(-2.033998972012,-0.55,2.333998972012));
#47 = VECTOR('',#48,1.);
#48 = DIRECTION('',(0.,0.,-1.));
#49 = PCURVE('',#50,#55);
#50 = PLANE('',#51);
#51 = AXIS2_PLACEMENT_3D('',#52,#53,#54);
#52 = CARTESIAN_POINT('',(0.,-0.55,0.));
#53 = DIRECTION('',(0.,1.,0.));
#54 = DIRECTION('',(1.,0.,0.));
#55 = DEFINITIONAL_REPRESENTATION('',(#56),#60);
#56 = LINE('',#57,#58);
#57 = CARTESIAN_POINT('',(-2.033998972012,-2.333998972012));
#58 = VECTOR('',#59,1.);
#59 = DIRECTION('',(0.,1.));
#60 = ( GEOMETRIC_REPRESENTATION_CONTEXT(2) 
PARAMETRIC_REPRESENTATION_CONTEXT() REPRESENTATION_CONTEXT('2D SPACE',''
  ) );
#61 = PCURVE('',#62,#67);
#62 = CYLINDRICAL_SURFACE('',#63,0.1);
#63 = AXIS2_PLACEMENT_3D('',#64,#65,#66);
#64 = CARTESIAN_POINT('',(-2.033998972012,-0.45,9.018));
#65 = DIRECTION('',(0.,0.,-1.));
#66 = DIRECTION('',(0.,-1.,0.));
#67 = DEFINITIONAL_REPRESENTATION('',(#68),#72);
#68 = LINE('',#69,#70);
#69 = CARTESIAN_POINT('',(0.,6.684001027988));
#70 = VECTOR('',#71,1.);
#71 = DIRECTION('',(0.,1.));
#72 = ( GEOMETRIC_REPRESENTATION_CONTEXT(2) 
PARAMETRIC_REPRESENTATION_CONTEXT() REPRESENTATION_CONTEXT('2D SPACE',''
  ) );
#73 = ORIENTED_EDGE('',*,*,#74,.F.);
#74 = EDGE_CURVE('',#75,#40,#77,.T.);
#75 = VERTEX_POINT('',#76);
#76 = CARTESIAN_POINT('',(2.033998972012,-0.55,2.333998972012));
#77 = SURFACE_CURVE('',#78,(#82,#89),.PCURVE_S1.);
#78 = LINE('',#79,#80);
#79 = CARTESIAN_POINT('',(2.033998972012,-0.55,2.333998972012));
#80 = VECTOR('',#81,1.);
#81 = DIRECTION('',(-1.,0.,0.));
#82 = PCURVE('',#50,#83);
#83 = DEFINITIONAL_REPRESENTATION('',(#84),#88);
#84 = LINE('',#85,#86);
#85 = CARTESIAN_POINT('',(2.033998972012,-2.333998972012));
#86 = VECTOR('',#87,1.);
#87 = DIRECTION('',(-1.,0.));
#88 = ( GEOMETRIC_REPRESENTATION_CONTEXT(2) 
PARAMETRIC_REPRESENTATION_CONTEXT() REPRESENTATION_CONTEXT('2D SPACE',''
  ) );
#89 = PCURVE('',#90,#95);
#90 = CYLINDRICAL_SURFACE('',#91,0.1);
#91 = AXIS2_PLACEMENT_3D('',#92,#93,#94);
#92 = CARTESIAN_POINT('',(7.93584,-0.45,2.333998972012));
#93 = DIRECTION('',(-1.,0.,0.));
#94 = DIRECTION('',(0.,-1.,0.));
#95 = DEFINITIONAL_REPRESENTATION('',(#96),#100);
#96 = LINE('',#97,#98);
#97 = CARTESIAN_POINT('',(0.,5.901841027988));
#98 = VECTOR('',#99,1.);
#99 = DIRECTION('',(0.,1.));
#100 = ( GEOMETRIC_REPRESENTATION_CONTEXT(2) 
PARAMETRIC_REPRESENTATION_CONTEXT() REPRESENTATION_CONTEXT('2D SPACE',''
  ) );
#101 = ORIENTED_EDGE('',*,*,#102,.F.);
#102 = EDGE_CURVE('',#103,#75,#105,.T.);
#103 = VERTEX_POINT('',#104);
#104 = CARTESIAN_POINT('',(2.033998972012,-0.55,-2.333998972012));
#105 = SURFACE_CURVE('',#106,(#110,#117),.PCURVE_S1.);
#106 = LINE('',#107,#108);
#107 = CARTESIAN_POINT('',(2.033998972012,-0.55,-2.333998972012));
#108 = VECTOR('',#109,1.);
#109 = DIRECTION('',(0.,0.,1.));
#110 = PCURVE('',#50,#111);
#111 = DEFINITIONAL_REPRESENTATION('',(#112),#116);
#112 = LINE('',#113,#114);
#113 = CARTESIAN_POINT('',(2.033998972012,2.333998972012));
#114 = VECTOR('',#115,1.);
#115 = DIRECTION('',(0.,-1.));
#116 = ( GEOMETRIC_REPRESENTATION_CONTEXT(2) 
PARAMETRIC_REPRESENTATION_CONTEXT() REPRESENTATION_CONTEXT('2D SPACE',''
  ) );
#117 = PCURVE('',#118,#123);
#118 = CYLINDRICAL_SURFACE('',#119,0.1);
#119 = AXIS2_PLACEMENT_3D('',#120,#121,#122);
#120 = CARTESIAN_POINT('',(2.033998972012,-0.45,-9.018));
#121 = DIRECTION('',(0.,0.,1.));
#122 = DIRECTION('',(0.,-1.,0.));
#123 = DEFINITIONAL_REPRESENTATION('',(#124),#128);
#124 = LINE('',#125,#126);
#125 = CARTESIAN_POINT('',(0.,6.684001027988));
#126 = VECTOR('',#127,1.);
#127 = DIRECTION('',(0.,1.));
#128 = ( GEOMETRIC_REPRESENTATION_CONTEXT(2) 
PARAMETRIC_REPRESENTATION_CONTEXT() REPRESENTATION_CONTEXT('2D SPACE',''
  ) );
#129 = ORIENTED_EDGE('',*,*,#130,.F.);
#130 = EDGE_CURVE('',#42,#103,#131,.T.);
#131 = SURFACE_CURVE('',#132,(#136,#143),.PCURVE_S1.);
#132 = LINE('',#133,#134);
#133 = CARTESIAN_POINT('',(-2.033998972012,-0.55,-2.333998972012));
#134 = VECTOR('',#135,1.);
#135 = DIRECTION('',(1.,0.,0.));
#136 = PCURVE('',#50,#137);
#137 = DEFINITIONAL_REPRESENTATION('',(#138),#142);
#138 = LINE('',#139,#140);
#139 = CARTESIAN_POINT('',(-2.033998972012,2.333998972012));
#140 = VECTOR('',#141,1.);
#141 = DIRECTION('',(1.,0.));
#142 = ( GEOMETRIC_REPRESENTATION_CONTEXT(2) 
PARAMETRIC_REPRESENTATION_CONTEXT() REPRESENTATION_CONTEXT('2D SPACE',''
  ) );
#143 = PCURVE('',#144,#149);
#144 = CYLINDRICAL_SURFACE('',#145,0.1);
#145 = AXIS2_PLACEMENT_3D('',#146,#147,#148);
#146 = CARTESIAN_POINT('',(-7.93584,-0.45,-2.333998972012));
#147 = DIRECTION('',(1.,0.,0.));
#148 = DIRECTION('',(0.,-1.,0.));
#149 = DEFINITIONAL_REPRESENTATION('',(#150),#154);
#150 = LINE('',#151,#152);
#151 = CARTESIAN_POINT('',(0.,5.901841027988));
#152 = VECTOR('',#153,1.);
#153 = DIRECTION('',(0.,1.));
#154 = ( GEOMETRIC_REPRESENTATION_CONTEXT(2) 
PARAMETRIC_REPRESENTATION_CONTEXT() REPRESENTATION_CONTEXT('2D SPACE',''
  ) );
#155 = FACE_BOUND('',#156,.F.);
#156 = EDGE_LOOP('',(#157,#187,#215,#243,#271,#299,#327,#355,#383,#411,
    #439,#467,#495,#523,#551,#579,#607,#635,#663,#691,#719,#747,#775,
    #803,#831,#859,#887,#915));
#157 = ORIENTED_EDGE('',*,*,#158,.F.);
#158 = EDGE_CURVE('',#159,#161,#163,.T.);
#159 = VERTEX_POINT('',#160);
#160 = CARTESIAN_POINT('',(-1.2545,-0.55,-1.155));
#161 = VERTEX_POINT('',#162);
#162 = CARTESIAN_POINT('',(-1.2545,-0.55,1.155));
#163 = SURFACE_CURVE('',#164,(#168,#175),.PCURVE_S1.);
#164 = LINE('',#165,#166);
#165 = CARTESIAN_POINT('',(-1.2545,-0.55,-1.155));
#166 = VECTOR('',#167,1.);
#167 = DIRECTION('',(0.,0.,1.));
#168 = PCURVE('',#50,#169);
#169 = DEFINITIONAL_REPRESENTATION('',(#170),#174);
#170 = LINE('',#171,#172);
#171 = CARTESIAN_POINT('',(-1.2545,1.155));
#172 = VECTOR('',#173,1.);
#173 = DIRECTION('',(0.,-1.));
#174 = ( GEOMETRIC_REPRESENTATION_CONTEXT(2) 
PARAMETRIC_REPRESENTATION_CONTEXT() REPRESENTATION_CONTEXT('2D SPACE',''
  ) );
#175 = PCURVE('',#176,#181);
#176 = PLANE('',#177);
#177 = AXIS2_PLACEMENT_3D('',#178,#179,#180);
#178 = CARTESIAN_POINT('',(-1.2545,-0.55,-1.155));
#179 = DIRECTION('',(-1.,0.,0.));
#180 = DIRECTION('',(0.,0.,1.));
#181 = DEFINITIONAL_REPRESENTATION('',(#182),#186);
#182 = LINE('',#183,#184);
#183 = CARTESIAN_POINT('',(0.,0.));
#184 = VECTOR('',#185,1.);
#185 = DIRECTION('',(1.,0.));
#186 = ( GEOMETRIC_REPRESENTATION_CONTEXT(2) 
PARAMETRIC_REPRESENTATION_CONTEXT() REPRESENTATION_CONTEXT('2D SPACE',''
  ) );
#187 = ORIENTED_EDGE('',*,*,#188,.F.);
#188 = EDGE_CURVE('',#189,#159,#191,.T.);
#189 = VERTEX_POINT('',#190);
#190 = CARTESIAN_POINT('',(-0.574,-0.55,-1.155));
#191 = SURFACE_CURVE('',#192,(#196,#203),.PCURVE_S1.);
#192 = LINE('',#193,#194);
#193 = CARTESIAN_POINT('',(-0.574,-0.55,-1.155));
#194 = VECTOR('',#195,1.);
#195 = DIRECTION('',(-1.,0.,0.));
#196 = PCURVE('',#50,#197);
#197 = DEFINITIONAL_REPRESENTATION('',(#198),#202);
#198 = LINE('',#199,#200);
#199 = CARTESIAN_POINT('',(-0.574,1.155));
#200 = VECTOR('',#201,1.);
#201 = DIRECTION('',(-1.,0.));
#202 = ( GEOMETRIC_REPRESENTATION_CONTEXT(2) 
PARAMETRIC_REPRESENTATION_CONTEXT() REPRESENTATION_CONTEXT('2D SPACE',''
  ) );
#203 = PCURVE('',#204,#209);
#204 = PLANE('',#205);
#205 = AXIS2_PLACEMENT_3D('',#206,#207,#208);
#206 = CARTESIAN_POINT('',(1.2545,-0.55,-1.155));
#207 = DIRECTION('',(0.,0.,-1.));
#208 = DIRECTION('',(-1.,0.,0.));
#209 = DEFINITIONAL_REPRESENTATION('',(#210),#214);
#210 = LINE('',#211,#212);
#211 = CARTESIAN_POINT('',(1.8285,0.));
#212 = VECTOR('',#213,1.);
#213 = DIRECTION('',(1.,0.));
#214 = ( GEOMETRIC_REPRESENTATION_CONTEXT(2) 
PARAMETRIC_REPRESENTATION_CONTEXT() REPRESENTATION_CONTEXT('2D SPACE',''
  ) );
#215 = ORIENTED_EDGE('',*,*,#216,.F.);
#216 = EDGE_CURVE('',#217,#189,#219,.T.);
#217 = VERTEX_POINT('',#218);
#218 = CARTESIAN_POINT('',(-0.574,-0.55,-1.305));
#219 = SURFACE_CURVE('',#220,(#224,#231),.PCURVE_S1.);
#220 = LINE('',#221,#222);
#221 = CARTESIAN_POINT('',(-0.574,-0.55,-1.305));
#222 = VECTOR('',#223,1.);
#223 = DIRECTION('',(0.,0.,1.));
#224 = PCURVE('',#50,#225);
#225 = DEFINITIONAL_REPRESENTATION('',(#226),#230);
#226 = LINE('',#227,#228);
#227 = CARTESIAN_POINT('',(-0.574,1.305));
#228 = VECTOR('',#229,1.);
#229 = DIRECTION('',(0.,-1.));
#230 = ( GEOMETRIC_REPRESENTATION_CONTEXT(2) 
PARAMETRIC_REPRESENTATION_CONTEXT() REPRESENTATION_CONTEXT('2D SPACE',''
  ) );
#231 = PCURVE('',#232,#237);
#232 = PLANE('',#233);
#233 = AXIS2_PLACEMENT_3D('',#234,#235,#236);
#234 = CARTESIAN_POINT('',(-0.574,-0.55,-1.305));
#235 = DIRECTION('',(-1.,0.,0.));
#236 = DIRECTION('',(0.,0.,1.));
#237 = DEFINITIONAL_REPRESENTATION('',(#238),#242);
#238 = LINE('',#239,#240);
#239 = CARTESIAN_POINT('',(0.,0.));
#240 = VECTOR('',#241,1.);
#241 = DIRECTION('',(1.,0.));
#242 = ( GEOMETRIC_REPRESENTATION_CONTEXT(2) 
PARAMETRIC_REPRESENTATION_CONTEXT() REPRESENTATION_CONTEXT('2D SPACE',''
  ) );
#243 = ORIENTED_EDGE('',*,*,#244,.F.);
#244 = EDGE_CURVE('',#245,#217,#247,.T.);
#245 = VERTEX_POINT('',#246);
#246 = CARTESIAN_POINT('',(-0.4735,-0.55,-1.305));
#247 = SURFACE_CURVE('',#248,(#252,#259),.PCURVE_S1.);
#248 = LINE('',#249,#250);
#249 = CARTESIAN_POINT('',(-0.4735,-0.55,-1.305));
#250 = VECTOR('',#251,1.);
#251 = DIRECTION('',(-1.,0.,0.));
#252 = PCURVE('',#50,#253);
#253 = DEFINITIONAL_REPRESENTATION('',(#254),#258);
#254 = LINE('',#255,#256);
#255 = CARTESIAN_POINT('',(-0.4735,1.305));
#256 = VECTOR('',#257,1.);
#257 = DIRECTION('',(-1.,0.));
#258 = ( GEOMETRIC_REPRESENTATION_CONTEXT(2) 
PARAMETRIC_REPRESENTATION_CONTEXT() REPRESENTATION_CONTEXT('2D SPACE',''
  ) );
#259 = PCURVE('',#260,#265);
#260 = PLANE('',#261);
#261 = AXIS2_PLACEMENT_3D('',#262,#263,#264);
#262 = CARTESIAN_POINT('',(-0.4735,-0.55,-1.305));
#263 = DIRECTION('',(0.,0.,-1.));
#264 = DIRECTION('',(-1.,0.,0.));
#265 = DEFINITIONAL_REPRESENTATION('',(#266),#270);
#266 = LINE('',#267,#268);
#267 = CARTESIAN_POINT('',(0.,0.));
#268 = VECTOR('',#269,1.);
#269 = DIRECTION('',(1.,0.));
#270 = ( GEOMETRIC_REPRESENTATION_CONTEXT(2) 
PARAMETRIC_REPRESENTATION_CONTEXT() REPRESENTATION_CONTEXT('2D SPACE',''
  ) );
#271 = ORIENTED_EDGE('',*,*,#272,.F.);
#272 = EDGE_CURVE('',#273,#245,#275,.T.);
#273 = VERTEX_POINT('',#274);
#274 = CARTESIAN_POINT('',(-0.4735,-0.55,-1.455));
#275 = SURFACE_CURVE('',#276,(#280,#287),.PCURVE_S1.);
#276 = LINE('',#277,#278);
#277 = CARTESIAN_POINT('',(-0.4735,-0.55,-1.455));
#278 = VECTOR('',#279,1.);
#279 = DIRECTION('',(0.,0.,1.));
#280 = PCURVE('',#50,#281);
#281 = DEFINITIONAL_REPRESENTATION('',(#282),#286);
#282 = LINE('',#283,#284);
#283 = CARTESIAN_POINT('',(-0.4735,1.455));
#284 = VECTOR('',#285,1.);
#285 = DIRECTION('',(0.,-1.));
#286 = ( GEOMETRIC_REPRESENTATION_CONTEXT(2) 
PARAMETRIC_REPRESENTATION_CONTEXT() REPRESENTATION_CONTEXT('2D SPACE',''
  ) );
#287 = PCURVE('',#288,#293);
#288 = PLANE('',#289);
#289 = AXIS2_PLACEMENT_3D('',#290,#291,#292);
#290 = CARTESIAN_POINT('',(-0.4735,-0.55,-1.455));
#291 = DIRECTION('',(-1.,0.,0.));
#292 = DIRECTION('',(0.,0.,1.));
#293 = DEFINITIONAL_REPRESENTATION('',(#294),#298);
#294 = LINE('',#295,#296);
#295 = CARTESIAN_POINT('',(0.,0.));
#296 = VECTOR('',#297,1.);
#297 = DIRECTION('',(1.,0.));
#298 = ( GEOMETRIC_REPRESENTATION_CONTEXT(2) 
PARAMETRIC_REPRESENTATION_CONTEXT() REPRESENTATION_CONTEXT('2D SPACE',''
  ) );
#299 = ORIENTED_EDGE('',*,*,#300,.F.);
#300 = EDGE_CURVE('',#301,#273,#303,.T.);
#301 = VERTEX_POINT('',#302);
#302 = CARTESIAN_POINT('',(-0.1735,-0.55,-1.455));
#303 = SURFACE_CURVE('',#304,(#308,#315),.PCURVE_S1.);
#304 = LINE('',#305,#306);
#305 = CARTESIAN_POINT('',(-0.1735,-0.55,-1.455));
#306 = VECTOR('',#307,1.);
#307 = DIRECTION('',(-1.,0.,0.));
#308 = PCURVE('',#50,#309);
#309 = DEFINITIONAL_REPRESENTATION('',(#310),#314);
#310 = LINE('',#311,#312);
#311 = CARTESIAN_POINT('',(-0.1735,1.455));
#312 = VECTOR('',#313,1.);
#313 = DIRECTION('',(-1.,0.));
#314 = ( GEOMETRIC_REPRESENTATION_CONTEXT(2) 
PARAMETRIC_REPRESENTATION_CONTEXT() REPRESENTATION_CONTEXT('2D SPACE',''
  ) );
#315 = PCURVE('',#316,#321);
#316 = PLANE('',#317);
#317 = AXIS2_PLACEMENT_3D('',#318,#319,#320);
#318 = CARTESIAN_POINT('',(-0.1735,-0.55,-1.455));
#319 = DIRECTION('',(0.,0.,-1.));
#320 = DIRECTION('',(-1.,0.,0.));
#321 = DEFINITIONAL_REPRESENTATION('',(#322),#326);
#322 = LINE('',#323,#324);
#323 = CARTESIAN_POINT('',(0.,0.));
#324 = VECTOR('',#325,1.);
#325 = DIRECTION('',(1.,0.));
#326 = ( GEOMETRIC_REPRESENTATION_CONTEXT(2) 
PARAMETRIC_REPRESENTATION_CONTEXT() REPRESENTATION_CONTEXT('2D SPACE',''
  ) );
#327 = ORIENTED_EDGE('',*,*,#328,.F.);
#328 = EDGE_CURVE('',#329,#301,#331,.T.);
#329 = VERTEX_POINT('',#330);
#330 = CARTESIAN_POINT('',(-0.1735,-0.55,-1.305));
#331 = SURFACE_CURVE('',#332,(#336,#343),.PCURVE_S1.);
#332 = LINE('',#333,#334);
#333 = CARTESIAN_POINT('',(-0.1735,-0.55,-1.305));
#334 = VECTOR('',#335,1.);
#335 = DIRECTION('',(0.,0.,-1.));
#336 = PCURVE('',#50,#337);
#337 = DEFINITIONAL_REPRESENTATION('',(#338),#342);
#338 = LINE('',#339,#340);
#339 = CARTESIAN_POINT('',(-0.1735,1.305));
#340 = VECTOR('',#341,1.);
#341 = DIRECTION('',(0.,1.));
#342 = ( GEOMETRIC_REPRESENTATION_CONTEXT(2) 
PARAMETRIC_REPRESENTATION_CONTEXT() REPRESENTATION_CONTEXT('2D SPACE',''
  ) );
#343 = PCURVE('',#344,#349);
#344 = PLANE('',#345);
#345 = AXIS2_PLACEMENT_3D('',#346,#347,#348);
#346 = CARTESIAN_POINT('',(-0.1735,-0.55,-1.305));
#347 = DIRECTION('',(1.,0.,0.));
#348 = DIRECTION('',(0.,0.,-1.));
#349 = DEFINITIONAL_REPRESENTATION('',(#350),#354);
#350 = LINE('',#351,#352);
#351 = CARTESIAN_POINT('',(0.,0.));
#352 = VECTOR('',#353,1.);
#353 = DIRECTION('',(1.,0.));
#354 = ( GEOMETRIC_REPRESENTATION_CONTEXT(2) 
PARAMETRIC_REPRESENTATION_CONTEXT() REPRESENTATION_CONTEXT('2D SPACE',''
  ) );
#355 = ORIENTED_EDGE('',*,*,#356,.F.);
#356 = EDGE_CURVE('',#357,#329,#359,.T.);
#357 = VERTEX_POINT('',#358);
#358 = CARTESIAN_POINT('',(0.1735,-0.55,-1.305));
#359 = SURFACE_CURVE('',#360,(#364,#371),.PCURVE_S1.);
#360 = LINE('',#361,#362);
#361 = CARTESIAN_POINT('',(0.1735,-0.55,-1.305));
#362 = VECTOR('',#363,1.);
#363 = DIRECTION('',(-1.,0.,0.));
#364 = PCURVE('',#50,#365);
#365 = DEFINITIONAL_REPRESENTATION('',(#366),#370);
#366 = LINE('',#367,#368);
#367 = CARTESIAN_POINT('',(0.1735,1.305));
#368 = VECTOR('',#369,1.);
#369 = DIRECTION('',(-1.,0.));
#370 = ( GEOMETRIC_REPRESENTATION_CONTEXT(2) 
PARAMETRIC_REPRESENTATION_CONTEXT() REPRESENTATION_CONTEXT('2D SPACE',''
  ) );
#371 = PCURVE('',#372,#377);
#372 = PLANE('',#373);
#373 = AXIS2_PLACEMENT_3D('',#374,#375,#376);
#374 = CARTESIAN_POINT('',(0.1735,-0.55,-1.305));
#375 = DIRECTION('',(0.,0.,-1.));
#376 = DIRECTION('',(-1.,0.,0.));
#377 = DEFINITIONAL_REPRESENTATION('',(#378),#382);
#378 = LINE('',#379,#380);
#379 = CARTESIAN_POINT('',(0.,0.));
#380 = VECTOR('',#381,1.);
#381 = DIRECTION('',(1.,0.));
#382 = ( GEOMETRIC_REPRESENTATION_CONTEXT(2) 
PARAMETRIC_REPRESENTATION_CONTEXT() REPRESENTATION_CONTEXT('2D SPACE',''
  ) );
#383 = ORIENTED_EDGE('',*,*,#384,.F.);
#384 = EDGE_CURVE('',#385,#357,#387,.T.);
#385 = VERTEX_POINT('',#386);
#386 = CARTESIAN_POINT('',(0.1735,-0.55,-1.455));
#387 = SURFACE_CURVE('',#388,(#392,#399),.PCURVE_S1.);
#388 = LINE('',#389,#390);
#389 = CARTESIAN_POINT('',(0.1735,-0.55,-1.455));
#390 = VECTOR('',#391,1.);
#391 = DIRECTION('',(0.,0.,1.));
#392 = PCURVE('',#50,#393);
#393 = DEFINITIONAL_REPRESENTATION('',(#394),#398);
#394 = LINE('',#395,#396);
#395 = CARTESIAN_POINT('',(0.1735,1.455));
#396 = VECTOR('',#397,1.);
#397 = DIRECTION('',(0.,-1.));
#398 = ( GEOMETRIC_REPRESENTATION_CONTEXT(2) 
PARAMETRIC_REPRESENTATION_CONTEXT() REPRESENTATION_CONTEXT('2D SPACE',''
  ) );
#399 = PCURVE('',#400,#405);
#400 = PLANE('',#401);
#401 = AXIS2_PLACEMENT_3D('',#402,#403,#404);
#402 = CARTESIAN_POINT('',(0.1735,-0.55,-1.455));
#403 = DIRECTION('',(-1.,0.,0.));
#404 = DIRECTION('',(0.,0.,1.));
#405 = DEFINITIONAL_REPRESENTATION('',(#406),#410);
#406 = LINE('',#407,#408);
#407 = CARTESIAN_POINT('',(0.,0.));
#408 = VECTOR('',#409,1.);
#409 = DIRECTION('',(1.,0.));
#410 = ( GEOMETRIC_REPRESENTATION_CONTEXT(2) 
PARAMETRIC_REPRESENTATION_CONTEXT() REPRESENTATION_CONTEXT('2D SPACE',''
  ) );
#411 = ORIENTED_EDGE('',*,*,#412,.F.);
#412 = EDGE_CURVE('',#413,#385,#415,.T.);
#413 = VERTEX_POINT('',#414);
#414 = CARTESIAN_POINT('',(0.4735,-0.55,-1.455));
#415 = SURFACE_CURVE('',#416,(#420,#427),.PCURVE_S1.);
#416 = LINE('',#417,#418);
#417 = CARTESIAN_POINT('',(0.4735,-0.55,-1.455));
#418 = VECTOR('',#419,1.);
#419 = DIRECTION('',(-1.,0.,0.));
#420 = PCURVE('',#50,#421);
#421 = DEFINITIONAL_REPRESENTATION('',(#422),#426);
#422 = LINE('',#423,#424);
#423 = CARTESIAN_POINT('',(0.4735,1.455));
#424 = VECTOR('',#425,1.);
#425 = DIRECTION('',(-1.,0.));
#426 = ( GEOMETRIC_REPRESENTATION_CONTEXT(2) 
PARAMETRIC_REPRESENTATION_CONTEXT() REPRESENTATION_CONTEXT('2D SPACE',''
  ) );
#427 = PCURVE('',#428,#433);
#428 = PLANE('',#429);
#429 = AXIS2_PLACEMENT_3D('',#430,#431,#432);
#430 = CARTESIAN_POINT('',(0.4735,-0.55,-1.455));
#431 = DIRECTION('',(0.,0.,-1.));
#432 = DIRECTION('',(-1.,0.,0.));
#433 = DEFINITIONAL_REPRESENTATION('',(#434),#438);
#434 = LINE('',#435,#436);
#435 = CARTESIAN_POINT('',(0.,0.));
#436 = VECTOR('',#437,1.);
#437 = DIRECTION('',(1.,0.));
#438 = ( GEOMETRIC_REPRESENTATION_CONTEXT(2) 
PARAMETRIC_REPRESENTATION_CONTEXT() REPRESENTATION_CONTEXT('2D SPACE',''
  ) );
#439 = ORIENTED_EDGE('',*,*,#440,.F.);
#440 = EDGE_CURVE('',#441,#413,#443,.T.);
#441 = VERTEX_POINT('',#442);
#442 = CARTESIAN_POINT('',(0.4735,-0.55,-1.305));
#443 = SURFACE_CURVE('',#444,(#448,#455),.PCURVE_S1.);
#444 = LINE('',#445,#446);
#445 = CARTESIAN_POINT('',(0.4735,-0.55,-1.305));
#446 = VECTOR('',#447,1.);
#447 = DIRECTION('',(0.,0.,-1.));
#448 = PCURVE('',#50,#449);
#449 = DEFINITIONAL_REPRESENTATION('',(#450),#454);
#450 = LINE('',#451,#452);
#451 = CARTESIAN_POINT('',(0.4735,1.305));
#452 = VECTOR('',#453,1.);
#453 = DIRECTION('',(0.,1.));
#454 = ( GEOMETRIC_REPRESENTATION_CONTEXT(2) 
PARAMETRIC_REPRESENTATION_CONTEXT() REPRESENTATION_CONTEXT('2D SPACE',''
  ) );
#455 = PCURVE('',#456,#461);
#456 = PLANE('',#457);
#457 = AXIS2_PLACEMENT_3D('',#458,#459,#460);
#458 = CARTESIAN_POINT('',(0.4735,-0.55,-1.305));
#459 = DIRECTION('',(1.,0.,0.));
#460 = DIRECTION('',(0.,0.,-1.));
#461 = DEFINITIONAL_REPRESENTATION('',(#462),#466);
#462 = LINE('',#463,#464);
#463 = CARTESIAN_POINT('',(0.,0.));
#464 = VECTOR('',#465,1.);
#465 = DIRECTION('',(1.,0.));
#466 = ( GEOMETRIC_REPRESENTATION_CONTEXT(2) 
PARAMETRIC_REPRESENTATION_CONTEXT() REPRESENTATION_CONTEXT('2D SPACE',''
  ) );
#467 = ORIENTED_EDGE('',*,*,#468,.F.);
#468 = EDGE_CURVE('',#469,#441,#471,.T.);
#469 = VERTEX_POINT('',#470);
#470 = CARTESIAN_POINT('',(0.574,-0.55,-1.305));
#471 = SURFACE_CURVE('',#472,(#476,#483),.PCURVE_S1.);
#472 = LINE('',#473,#474);
#473 = CARTESIAN_POINT('',(0.574,-0.55,-1.305));
#474 = VECTOR('',#475,1.);
#475 = DIRECTION('',(-1.,0.,0.));
#476 = PCURVE('',#50,#477);
#477 = DEFINITIONAL_REPRESENTATION('',(#478),#482);
#478 = LINE('',#479,#480);
#479 = CARTESIAN_POINT('',(0.574,1.305));
#480 = VECTOR('',#481,1.);
#481 = DIRECTION('',(-1.,0.));
#482 = ( GEOMETRIC_REPRESENTATION_CONTEXT(2) 
PARAMETRIC_REPRESENTATION_CONTEXT() REPRESENTATION_CONTEXT('2D SPACE',''
  ) );
#483 = PCURVE('',#484,#489);
#484 = PLANE('',#485);
#485 = AXIS2_PLACEMENT_3D('',#486,#487,#488);
#486 = CARTESIAN_POINT('',(0.574,-0.55,-1.305));
#487 = DIRECTION('',(0.,0.,-1.));
#488 = DIRECTION('',(-1.,0.,0.));
#489 = DEFINITIONAL_REPRESENTATION('',(#490),#494);
#490 = LINE('',#491,#492);
#491 = CARTESIAN_POINT('',(0.,0.));
#492 = VECTOR('',#493,1.);
#493 = DIRECTION('',(1.,0.));
#494 = ( GEOMETRIC_REPRESENTATION_CONTEXT(2) 
PARAMETRIC_REPRESENTATION_CONTEXT() REPRESENTATION_CONTEXT('2D SPACE',''
  ) );
#495 = ORIENTED_EDGE('',*,*,#496,.F.);
#496 = EDGE_CURVE('',#497,#469,#499,.T.);
#497 = VERTEX_POINT('',#498);
#498 = CARTESIAN_POINT('',(0.574,-0.55,-1.155));
#499 = SURFACE_CURVE('',#500,(#504,#511),.PCURVE_S1.);
#500 = LINE('',#501,#502);
#501 = CARTESIAN_POINT('',(0.574,-0.55,-1.155));
#502 = VECTOR('',#503,1.);
#503 = DIRECTION('',(0.,0.,-1.));
#504 = PCURVE('',#50,#505);
#505 = DEFINITIONAL_REPRESENTATION('',(#506),#510);
#506 = LINE('',#507,#508);
#507 = CARTESIAN_POINT('',(0.574,1.155));
#508 = VECTOR('',#509,1.);
#509 = DIRECTION('',(0.,1.));
#510 = ( GEOMETRIC_REPRESENTATION_CONTEXT(2) 
PARAMETRIC_REPRESENTATION_CONTEXT() REPRESENTATION_CONTEXT('2D SPACE',''
  ) );
#511 = PCURVE('',#512,#517);
#512 = PLANE('',#513);
#513 = AXIS2_PLACEMENT_3D('',#514,#515,#516);
#514 = CARTESIAN_POINT('',(0.574,-0.55,-1.155));
#515 = DIRECTION('',(1.,0.,0.));
#516 = DIRECTION('',(0.,0.,-1.));
#517 = DEFINITIONAL_REPRESENTATION('',(#518),#522);
#518 = LINE('',#519,#520);
#519 = CARTESIAN_POINT('',(0.,0.));
#520 = VECTOR('',#521,1.);
#521 = DIRECTION('',(1.,0.));
#522 = ( GEOMETRIC_REPRESENTATION_CONTEXT(2) 
PARAMETRIC_REPRESENTATION_CONTEXT() REPRESENTATION_CONTEXT('2D SPACE',''
  ) );
#523 = ORIENTED_EDGE('',*,*,#524,.F.);
#524 = EDGE_CURVE('',#525,#497,#527,.T.);
#525 = VERTEX_POINT('',#526);
#526 = CARTESIAN_POINT('',(1.2545,-0.55,-1.155));
#527 = SURFACE_CURVE('',#528,(#532,#539),.PCURVE_S1.);
#528 = LINE('',#529,#530);
#529 = CARTESIAN_POINT('',(1.2545,-0.55,-1.155));
#530 = VECTOR('',#531,1.);
#531 = DIRECTION('',(-1.,0.,0.));
#532 = PCURVE('',#50,#533);
#533 = DEFINITIONAL_REPRESENTATION('',(#534),#538);
#534 = LINE('',#535,#536);
#535 = CARTESIAN_POINT('',(1.2545,1.155));
#536 = VECTOR('',#537,1.);
#537 = DIRECTION('',(-1.,0.));
#538 = ( GEOMETRIC_REPRESENTATION_CONTEXT(2) 
PARAMETRIC_REPRESENTATION_CONTEXT() REPRESENTATION_CONTEXT('2D SPACE',''
  ) );
#539 = PCURVE('',#540,#545);
#540 = PLANE('',#541);
#541 = AXIS2_PLACEMENT_3D('',#542,#543,#544);
#542 = CARTESIAN_POINT('',(1.2545,-0.55,-1.155));
#543 = DIRECTION('',(0.,0.,-1.));
#544 = DIRECTION('',(-1.,0.,0.));
#545 = DEFINITIONAL_REPRESENTATION('',(#546),#550);
#546 = LINE('',#547,#548);
#547 = CARTESIAN_POINT('',(0.,0.));
#548 = VECTOR('',#549,1.);
#549 = DIRECTION('',(1.,0.));
#550 = ( GEOMETRIC_REPRESENTATION_CONTEXT(2) 
PARAMETRIC_REPRESENTATION_CONTEXT() REPRESENTATION_CONTEXT('2D SPACE',''
  ) );
#551 = ORIENTED_EDGE('',*,*,#552,.F.);
#552 = EDGE_CURVE('',#553,#525,#555,.T.);
#553 = VERTEX_POINT('',#554);
#554 = CARTESIAN_POINT('',(1.2545,-0.55,1.155));
#555 = SURFACE_CURVE('',#556,(#560,#567),.PCURVE_S1.);
#556 = LINE('',#557,#558);
#557 = CARTESIAN_POINT('',(1.2545,-0.55,1.155));
#558 = VECTOR('',#559,1.);
#559 = DIRECTION('',(0.,0.,-1.));
#560 = PCURVE('',#50,#561);
#561 = DEFINITIONAL_REPRESENTATION('',(#562),#566);
#562 = LINE('',#563,#564);
#563 = CARTESIAN_POINT('',(1.2545,-1.155));
#564 = VECTOR('',#565,1.);
#565 = DIRECTION('',(0.,1.));
#566 = ( GEOMETRIC_REPRESENTATION_CONTEXT(2) 
PARAMETRIC_REPRESENTATION_CONTEXT() REPRESENTATION_CONTEXT('2D SPACE',''
  ) );
#567 = PCURVE('',#568,#573);
#568 = PLANE('',#569);
#569 = AXIS2_PLACEMENT_3D('',#570,#571,#572);
#570 = CARTESIAN_POINT('',(1.2545,-0.55,1.155));
#571 = DIRECTION('',(1.,0.,0.));
#572 = DIRECTION('',(0.,0.,-1.));
#573 = DEFINITIONAL_REPRESENTATION('',(#574),#578);
#574 = LINE('',#575,#576);
#575 = CARTESIAN_POINT('',(0.,0.));
#576 = VECTOR('',#577,1.);
#577 = DIRECTION('',(1.,0.));
#578 = ( GEOMETRIC_REPRESENTATION_CONTEXT(2) 
PARAMETRIC_REPRESENTATION_CONTEXT() REPRESENTATION_CONTEXT('2D SPACE',''
  ) );
#579 = ORIENTED_EDGE('',*,*,#580,.F.);
#580 = EDGE_CURVE('',#581,#553,#583,.T.);
#581 = VERTEX_POINT('',#582);
#582 = CARTESIAN_POINT('',(0.574,-0.55,1.155));
#583 = SURFACE_CURVE('',#584,(#588,#595),.PCURVE_S1.);
#584 = LINE('',#585,#586);
#585 = CARTESIAN_POINT('',(0.574,-0.55,1.155));
#586 = VECTOR('',#587,1.);
#587 = DIRECTION('',(1.,0.,0.));
#588 = PCURVE('',#50,#589);
#589 = DEFINITIONAL_REPRESENTATION('',(#590),#594);
#590 = LINE('',#591,#592);
#591 = CARTESIAN_POINT('',(0.574,-1.155));
#592 = VECTOR('',#593,1.);
#593 = DIRECTION('',(1.,0.));
#594 = ( GEOMETRIC_REPRESENTATION_CONTEXT(2) 
PARAMETRIC_REPRESENTATION_CONTEXT() REPRESENTATION_CONTEXT('2D SPACE',''
  ) );
#595 = PCURVE('',#596,#601);
#596 = PLANE('',#597);
#597 = AXIS2_PLACEMENT_3D('',#598,#599,#600);
#598 = CARTESIAN_POINT('',(-1.2545,-0.55,1.155));
#599 = DIRECTION('',(0.,0.,1.));
#600 = DIRECTION('',(1.,0.,-0.));
#601 = DEFINITIONAL_REPRESENTATION('',(#602),#606);
#602 = LINE('',#603,#604);
#603 = CARTESIAN_POINT('',(1.8285,0.));
#604 = VECTOR('',#605,1.);
#605 = DIRECTION('',(1.,0.));
#606 = ( GEOMETRIC_REPRESENTATION_CONTEXT(2) 
PARAMETRIC_REPRESENTATION_CONTEXT() REPRESENTATION_CONTEXT('2D SPACE',''
  ) );
#607 = ORIENTED_EDGE('',*,*,#608,.T.);
#608 = EDGE_CURVE('',#581,#609,#611,.T.);
#609 = VERTEX_POINT('',#610);
#610 = CARTESIAN_POINT('',(0.574,-0.55,1.305));
#611 = SURFACE_CURVE('',#612,(#616,#623),.PCURVE_S1.);
#612 = LINE('',#613,#614);
#613 = CARTESIAN_POINT('',(0.574,-0.55,1.155));
#614 = VECTOR('',#615,1.);
#615 = DIRECTION('',(0.,0.,1.));
#616 = PCURVE('',#50,#617);
#617 = DEFINITIONAL_REPRESENTATION('',(#618),#622);
#618 = LINE('',#619,#620);
#619 = CARTESIAN_POINT('',(0.574,-1.155));
#620 = VECTOR('',#621,1.);
#621 = DIRECTION('',(0.,-1.));
#622 = ( GEOMETRIC_REPRESENTATION_CONTEXT(2) 
PARAMETRIC_REPRESENTATION_CONTEXT() REPRESENTATION_CONTEXT('2D SPACE',''
  ) );
#623 = PCURVE('',#624,#629);
#624 = PLANE('',#625);
#625 = AXIS2_PLACEMENT_3D('',#626,#627,#628);
#626 = CARTESIAN_POINT('',(0.574,-0.55,1.155));
#627 = DIRECTION('',(-1.,0.,0.));
#628 = DIRECTION('',(0.,0.,1.));
#629 = DEFINITIONAL_REPRESENTATION('',(#630),#634);
#630 = LINE('',#631,#632);
#631 = CARTESIAN_POINT('',(0.,0.));
#632 = VECTOR('',#633,1.);
#633 = DIRECTION('',(1.,0.));
#634 = ( GEOMETRIC_REPRESENTATION_CONTEXT(2) 
PARAMETRIC_REPRESENTATION_CONTEXT() REPRESENTATION_CONTEXT('2D SPACE',''
  ) );
#635 = ORIENTED_EDGE('',*,*,#636,.T.);
#636 = EDGE_CURVE('',#609,#637,#639,.T.);
#637 = VERTEX_POINT('',#638);
#638 = CARTESIAN_POINT('',(0.4735,-0.55,1.305));
#639 = SURFACE_CURVE('',#640,(#644,#651),.PCURVE_S1.);
#640 = LINE('',#641,#642);
#641 = CARTESIAN_POINT('',(0.574,-0.55,1.305));
#642 = VECTOR('',#643,1.);
#643 = DIRECTION('',(-1.,0.,0.));
#644 = PCURVE('',#50,#645);
#645 = DEFINITIONAL_REPRESENTATION('',(#646),#650);
#646 = LINE('',#647,#648);
#647 = CARTESIAN_POINT('',(0.574,-1.305));
#648 = VECTOR('',#649,1.);
#649 = DIRECTION('',(-1.,0.));
#650 = ( GEOMETRIC_REPRESENTATION_CONTEXT(2) 
PARAMETRIC_REPRESENTATION_CONTEXT() REPRESENTATION_CONTEXT('2D SPACE',''
  ) );
#651 = PCURVE('',#652,#657);
#652 = PLANE('',#653);
#653 = AXIS2_PLACEMENT_3D('',#654,#655,#656);
#654 = CARTESIAN_POINT('',(0.574,-0.55,1.305));
#655 = DIRECTION('',(0.,0.,-1.));
#656 = DIRECTION('',(-1.,0.,0.));
#657 = DEFINITIONAL_REPRESENTATION('',(#658),#662);
#658 = LINE('',#659,#660);
#659 = CARTESIAN_POINT('',(0.,0.));
#660 = VECTOR('',#661,1.);
#661 = DIRECTION('',(1.,0.));
#662 = ( GEOMETRIC_REPRESENTATION_CONTEXT(2) 
PARAMETRIC_REPRESENTATION_CONTEXT() REPRESENTATION_CONTEXT('2D SPACE',''
  ) );
#663 = ORIENTED_EDGE('',*,*,#664,.T.);
#664 = EDGE_CURVE('',#637,#665,#667,.T.);
#665 = VERTEX_POINT('',#666);
#666 = CARTESIAN_POINT('',(0.4735,-0.55,1.455));
#667 = SURFACE_CURVE('',#668,(#672,#679),.PCURVE_S1.);
#668 = LINE('',#669,#670);
#669 = CARTESIAN_POINT('',(0.4735,-0.55,1.305));
#670 = VECTOR('',#671,1.);
#671 = DIRECTION('',(0.,0.,1.));
#672 = PCURVE('',#50,#673);
#673 = DEFINITIONAL_REPRESENTATION('',(#674),#678);
#674 = LINE('',#675,#676);
#675 = CARTESIAN_POINT('',(0.4735,-1.305));
#676 = VECTOR('',#677,1.);
#677 = DIRECTION('',(0.,-1.));
#678 = ( GEOMETRIC_REPRESENTATION_CONTEXT(2) 
PARAMETRIC_REPRESENTATION_CONTEXT() REPRESENTATION_CONTEXT('2D SPACE',''
  ) );
#679 = PCURVE('',#680,#685);
#680 = PLANE('',#681);
#681 = AXIS2_PLACEMENT_3D('',#682,#683,#684);
#682 = CARTESIAN_POINT('',(0.4735,-0.55,1.305));
#683 = DIRECTION('',(-1.,0.,0.));
#684 = DIRECTION('',(0.,0.,1.));
#685 = DEFINITIONAL_REPRESENTATION('',(#686),#690);
#686 = LINE('',#687,#688);
#687 = CARTESIAN_POINT('',(0.,0.));
#688 = VECTOR('',#689,1.);
#689 = DIRECTION('',(1.,0.));
#690 = ( GEOMETRIC_REPRESENTATION_CONTEXT(2) 
PARAMETRIC_REPRESENTATION_CONTEXT() REPRESENTATION_CONTEXT('2D SPACE',''
  ) );
#691 = ORIENTED_EDGE('',*,*,#692,.T.);
#692 = EDGE_CURVE('',#665,#693,#695,.T.);
#693 = VERTEX_POINT('',#694);
#694 = CARTESIAN_POINT('',(0.1735,-0.55,1.455));
#695 = SURFACE_CURVE('',#696,(#700,#707),.PCURVE_S1.);
#696 = LINE('',#697,#698);
#697 = CARTESIAN_POINT('',(0.4735,-0.55,1.455));
#698 = VECTOR('',#699,1.);
#699 = DIRECTION('',(-1.,0.,0.));
#700 = PCURVE('',#50,#701);
#701 = DEFINITIONAL_REPRESENTATION('',(#702),#706);
#702 = LINE('',#703,#704);
#703 = CARTESIAN_POINT('',(0.4735,-1.455));
#704 = VECTOR('',#705,1.);
#705 = DIRECTION('',(-1.,0.));
#706 = ( GEOMETRIC_REPRESENTATION_CONTEXT(2) 
PARAMETRIC_REPRESENTATION_CONTEXT() REPRESENTATION_CONTEXT('2D SPACE',''
  ) );
#707 = PCURVE('',#708,#713);
#708 = PLANE('',#709);
#709 = AXIS2_PLACEMENT_3D('',#710,#711,#712);
#710 = CARTESIAN_POINT('',(0.4735,-0.55,1.455));
#711 = DIRECTION('',(0.,0.,-1.));
#712 = DIRECTION('',(-1.,0.,0.));
#713 = DEFINITIONAL_REPRESENTATION('',(#714),#718);
#714 = LINE('',#715,#716);
#715 = CARTESIAN_POINT('',(0.,0.));
#716 = VECTOR('',#717,1.);
#717 = DIRECTION('',(1.,0.));
#718 = ( GEOMETRIC_REPRESENTATION_CONTEXT(2) 
PARAMETRIC_REPRESENTATION_CONTEXT() REPRESENTATION_CONTEXT('2D SPACE',''
  ) );
#719 = ORIENTED_EDGE('',*,*,#720,.T.);
#720 = EDGE_CURVE('',#693,#721,#723,.T.);
#721 = VERTEX_POINT('',#722);
#722 = CARTESIAN_POINT('',(0.1735,-0.55,1.305));
#723 = SURFACE_CURVE('',#724,(#728,#735),.PCURVE_S1.);
#724 = LINE('',#725,#726);
#725 = CARTESIAN_POINT('',(0.1735,-0.55,1.455));
#726 = VECTOR('',#727,1.);
#727 = DIRECTION('',(0.,0.,-1.));
#728 = PCURVE('',#50,#729);
#729 = DEFINITIONAL_REPRESENTATION('',(#730),#734);
#730 = LINE('',#731,#732);
#731 = CARTESIAN_POINT('',(0.1735,-1.455));
#732 = VECTOR('',#733,1.);
#733 = DIRECTION('',(0.,1.));
#734 = ( GEOMETRIC_REPRESENTATION_CONTEXT(2) 
PARAMETRIC_REPRESENTATION_CONTEXT() REPRESENTATION_CONTEXT('2D SPACE',''
  ) );
#735 = PCURVE('',#736,#741);
#736 = PLANE('',#737);
#737 = AXIS2_PLACEMENT_3D('',#738,#739,#740);
#738 = CARTESIAN_POINT('',(0.1735,-0.55,1.455));
#739 = DIRECTION('',(1.,0.,0.));
#740 = DIRECTION('',(0.,0.,-1.));
#741 = DEFINITIONAL_REPRESENTATION('',(#742),#746);
#742 = LINE('',#743,#744);
#743 = CARTESIAN_POINT('',(0.,0.));
#744 = VECTOR('',#745,1.);
#745 = DIRECTION('',(1.,0.));
#746 = ( GEOMETRIC_REPRESENTATION_CONTEXT(2) 
PARAMETRIC_REPRESENTATION_CONTEXT() REPRESENTATION_CONTEXT('2D SPACE',''
  ) );
#747 = ORIENTED_EDGE('',*,*,#748,.T.);
#748 = EDGE_CURVE('',#721,#749,#751,.T.);
#749 = VERTEX_POINT('',#750);
#750 = CARTESIAN_POINT('',(-0.1735,-0.55,1.305));
#751 = SURFACE_CURVE('',#752,(#756,#763),.PCURVE_S1.);
#752 = LINE('',#753,#754);
#753 = CARTESIAN_POINT('',(0.1735,-0.55,1.305));
#754 = VECTOR('',#755,1.);
#755 = DIRECTION('',(-1.,0.,0.));
#756 = PCURVE('',#50,#757);
#757 = DEFINITIONAL_REPRESENTATION('',(#758),#762);
#758 = LINE('',#759,#760);
#759 = CARTESIAN_POINT('',(0.1735,-1.305));
#760 = VECTOR('',#761,1.);
#761 = DIRECTION('',(-1.,0.));
#762 = ( GEOMETRIC_REPRESENTATION_CONTEXT(2) 
PARAMETRIC_REPRESENTATION_CONTEXT() REPRESENTATION_CONTEXT('2D SPACE',''
  ) );
#763 = PCURVE('',#764,#769);
#764 = PLANE('',#765);
#765 = AXIS2_PLACEMENT_3D('',#766,#767,#768);
#766 = CARTESIAN_POINT('',(0.1735,-0.55,1.305));
#767 = DIRECTION('',(0.,0.,-1.));
#768 = DIRECTION('',(-1.,0.,0.));
#769 = DEFINITIONAL_REPRESENTATION('',(#770),#774);
#770 = LINE('',#771,#772);
#771 = CARTESIAN_POINT('',(0.,0.));
#772 = VECTOR('',#773,1.);
#773 = DIRECTION('',(1.,0.));
#774 = ( GEOMETRIC_REPRESENTATION_CONTEXT(2) 
PARAMETRIC_REPRESENTATION_CONTEXT() REPRESENTATION_CONTEXT('2D SPACE',''
  ) );
#775 = ORIENTED_EDGE('',*,*,#776,.T.);
#776 = EDGE_CURVE('',#749,#777,#779,.T.);
#777 = VERTEX_POINT('',#778);
#778 = CARTESIAN_POINT('',(-0.1735,-0.55,1.455));
#779 = SURFACE_CURVE('',#780,(#784,#791),.PCURVE_S1.);
#780 = LINE('',#781,#782);
#781 = CARTESIAN_POINT('',(-0.1735,-0.55,1.305));
#782 = VECTOR('',#783,1.);
#783 = DIRECTION('',(0.,0.,1.));
#784 = PCURVE('',#50,#785);
#785 = DEFINITIONAL_REPRESENTATION('',(#786),#790);
#786 = LINE('',#787,#788);
#787 = CARTESIAN_POINT('',(-0.1735,-1.305));
#788 = VECTOR('',#789,1.);
#789 = DIRECTION('',(0.,-1.));
#790 = ( GEOMETRIC_REPRESENTATION_CONTEXT(2) 
PARAMETRIC_REPRESENTATION_CONTEXT() REPRESENTATION_CONTEXT('2D SPACE',''
  ) );
#791 = PCURVE('',#792,#797);
#792 = PLANE('',#793);
#793 = AXIS2_PLACEMENT_3D('',#794,#795,#796);
#794 = CARTESIAN_POINT('',(-0.1735,-0.55,1.305));
#795 = DIRECTION('',(-1.,0.,0.));
#796 = DIRECTION('',(0.,0.,1.));
#797 = DEFINITIONAL_REPRESENTATION('',(#798),#802);
#798 = LINE('',#799,#800);
#799 = CARTESIAN_POINT('',(0.,0.));
#800 = VECTOR('',#801,1.);
#801 = DIRECTION('',(1.,0.));
#802 = ( GEOMETRIC_REPRESENTATION_CONTEXT(2) 
PARAMETRIC_REPRESENTATION_CONTEXT() REPRESENTATION_CONTEXT('2D SPACE',''
  ) );
#803 = ORIENTED_EDGE('',*,*,#804,.T.);
#804 = EDGE_CURVE('',#777,#805,#807,.T.);
#805 = VERTEX_POINT('',#806);
#806 = CARTESIAN_POINT('',(-0.4735,-0.55,1.455));
#807 = SURFACE_CURVE('',#808,(#812,#819),.PCURVE_S1.);
#808 = LINE('',#809,#810);
#809 = CARTESIAN_POINT('',(-0.1735,-0.55,1.455));
#810 = VECTOR('',#811,1.);
#811 = DIRECTION('',(-1.,0.,0.));
#812 = PCURVE('',#50,#813);
#813 = DEFINITIONAL_REPRESENTATION('',(#814),#818);
#814 = LINE('',#815,#816);
#815 = CARTESIAN_POINT('',(-0.1735,-1.455));
#816 = VECTOR('',#817,1.);
#817 = DIRECTION('',(-1.,0.));
#818 = ( GEOMETRIC_REPRESENTATION_CONTEXT(2) 
PARAMETRIC_REPRESENTATION_CONTEXT() REPRESENTATION_CONTEXT('2D SPACE',''
  ) );
#819 = PCURVE('',#820,#825);
#820 = PLANE('',#821);
#821 = AXIS2_PLACEMENT_3D('',#822,#823,#824);
#822 = CARTESIAN_POINT('',(-0.1735,-0.55,1.455));
#823 = DIRECTION('',(0.,0.,-1.));
#824 = DIRECTION('',(-1.,0.,0.));
#825 = DEFINITIONAL_REPRESENTATION('',(#826),#830);
#826 = LINE('',#827,#828);
#827 = CARTESIAN_POINT('',(0.,0.));
#828 = VECTOR('',#829,1.);
#829 = DIRECTION('',(1.,0.));
#830 = ( GEOMETRIC_REPRESENTATION_CONTEXT(2) 
PARAMETRIC_REPRESENTATION_CONTEXT() REPRESENTATION_CONTEXT('2D SPACE',''
  ) );
#831 = ORIENTED_EDGE('',*,*,#832,.T.);
#832 = EDGE_CURVE('',#805,#833,#835,.T.);
#833 = VERTEX_POINT('',#834);
#834 = CARTESIAN_POINT('',(-0.4735,-0.55,1.305));
#835 = SURFACE_CURVE('',#836,(#840,#847),.PCURVE_S1.);
#836 = LINE('',#837,#838);
#837 = CARTESIAN_POINT('',(-0.4735,-0.55,1.455));
#838 = VECTOR('',#839,1.);
#839 = DIRECTION('',(0.,0.,-1.));
#840 = PCURVE('',#50,#841);
#841 = DEFINITIONAL_REPRESENTATION('',(#842),#846);
#842 = LINE('',#843,#844);
#843 = CARTESIAN_POINT('',(-0.4735,-1.455));
#844 = VECTOR('',#845,1.);
#845 = DIRECTION('',(0.,1.));
#846 = ( GEOMETRIC_REPRESENTATION_CONTEXT(2) 
PARAMETRIC_REPRESENTATION_CONTEXT() REPRESENTATION_CONTEXT('2D SPACE',''
  ) );
#847 = PCURVE('',#848,#853);
#848 = PLANE('',#849);
#849 = AXIS2_PLACEMENT_3D('',#850,#851,#852);
#850 = CARTESIAN_POINT('',(-0.4735,-0.55,1.455));
#851 = DIRECTION('',(1.,0.,0.));
#852 = DIRECTION('',(0.,0.,-1.));
#853 = DEFINITIONAL_REPRESENTATION('',(#854),#858);
#854 = LINE('',#855,#856);
#855 = CARTESIAN_POINT('',(0.,0.));
#856 = VECTOR('',#857,1.);
#857 = DIRECTION('',(1.,0.));
#858 = ( GEOMETRIC_REPRESENTATION_CONTEXT(2) 
PARAMETRIC_REPRESENTATION_CONTEXT() REPRESENTATION_CONTEXT('2D SPACE',''
  ) );
#859 = ORIENTED_EDGE('',*,*,#860,.T.);
#860 = EDGE_CURVE('',#833,#861,#863,.T.);
#861 = VERTEX_POINT('',#862);
#862 = CARTESIAN_POINT('',(-0.574,-0.55,1.305));
#863 = SURFACE_CURVE('',#864,(#868,#875),.PCURVE_S1.);
#864 = LINE('',#865,#866);
#865 = CARTESIAN_POINT('',(-0.4735,-0.55,1.305));
#866 = VECTOR('',#867,1.);
#867 = DIRECTION('',(-1.,0.,0.));
#868 = PCURVE('',#50,#869);
#869 = DEFINITIONAL_REPRESENTATION('',(#870),#874);
#870 = LINE('',#871,#872);
#871 = CARTESIAN_POINT('',(-0.4735,-1.305));
#872 = VECTOR('',#873,1.);
#873 = DIRECTION('',(-1.,0.));
#874 = ( GEOMETRIC_REPRESENTATION_CONTEXT(2) 
PARAMETRIC_REPRESENTATION_CONTEXT() REPRESENTATION_CONTEXT('2D SPACE',''
  ) );
#875 = PCURVE('',#876,#881);
#876 = PLANE('',#877);
#877 = AXIS2_PLACEMENT_3D('',#878,#879,#880);
#878 = CARTESIAN_POINT('',(-0.4735,-0.55,1.305));
#879 = DIRECTION('',(0.,0.,-1.));
#880 = DIRECTION('',(-1.,0.,0.));
#881 = DEFINITIONAL_REPRESENTATION('',(#882),#886);
#882 = LINE('',#883,#884);
#883 = CARTESIAN_POINT('',(0.,0.));
#884 = VECTOR('',#885,1.);
#885 = DIRECTION('',(1.,0.));
#886 = ( GEOMETRIC_REPRESENTATION_CONTEXT(2) 
PARAMETRIC_REPRESENTATION_CONTEXT() REPRESENTATION_CONTEXT('2D SPACE',''
  ) );
#887 = ORIENTED_EDGE('',*,*,#888,.T.);
#888 = EDGE_CURVE('',#861,#889,#891,.T.);
#889 = VERTEX_POINT('',#890);
#890 = CARTESIAN_POINT('',(-0.574,-0.55,1.155));
#891 = SURFACE_CURVE('',#892,(#896,#903),.PCURVE_S1.);
#892 = LINE('',#893,#894);
#893 = CARTESIAN_POINT('',(-0.574,-0.55,1.305));
#894 = VECTOR('',#895,1.);
#895 = DIRECTION('',(0.,0.,-1.));
#896 = PCURVE('',#50,#897);
#897 = DEFINITIONAL_REPRESENTATION('',(#898),#902);
#898 = LINE('',#899,#900);
#899 = CARTESIAN_POINT('',(-0.574,-1.305));
#900 = VECTOR('',#901,1.);
#901 = DIRECTION('',(0.,1.));
#902 = ( GEOMETRIC_REPRESENTATION_CONTEXT(2) 
PARAMETRIC_REPRESENTATION_CONTEXT() REPRESENTATION_CONTEXT('2D SPACE',''
  ) );
#903 = PCURVE('',#904,#909);
#904 = PLANE('',#905);
#905 = AXIS2_PLACEMENT_3D('',#906,#907,#908);
#906 = CARTESIAN_POINT('',(-0.574,-0.55,1.305));
#907 = DIRECTION('',(1.,0.,0.));
#908 = DIRECTION('',(0.,0.,-1.));
#909 = DEFINITIONAL_REPRESENTATION('',(#910),#914);
#910 = LINE('',#911,#912);
#911 = CARTESIAN_POINT('',(0.,0.));
#912 = VECTOR('',#913,1.);
#913 = DIRECTION('',(1.,0.));
#914 = ( GEOMETRIC_REPRESENTATION_CONTEXT(2) 
PARAMETRIC_REPRESENTATION_CONTEXT() REPRESENTATION_CONTEXT('2D SPACE',''
  ) );
#915 = ORIENTED_EDGE('',*,*,#916,.F.);
#916 = EDGE_CURVE('',#161,#889,#917,.T.);
#917 = SURFACE_CURVE('',#918,(#922,#929),.PCURVE_S1.);
#918 = LINE('',#919,#920);
#919 = CARTESIAN_POINT('',(-1.2545,-0.55,1.155));
#920 = VECTOR('',#921,1.);
#921 = DIRECTION('',(1.,0.,0.));
#922 = PCURVE('',#50,#923);
#923 = DEFINITIONAL_REPRESENTATION('',(#924),#928);
#924 = LINE('',#925,#926);
#925 = CARTESIAN_POINT('',(-1.2545,-1.155));
#926 = VECTOR('',#927,1.);
#927 = DIRECTION('',(1.,0.));
#928 = ( GEOMETRIC_REPRESENTATION_CONTEXT(2) 
PARAMETRIC_REPRESENTATION_CONTEXT() REPRESENTATION_CONTEXT('2D SPACE',''
  ) );
#929 = PCURVE('',#930,#935);
#930 = PLANE('',#931);
#931 = AXIS2_PLACEMENT_3D('',#932,#933,#934);
#932 = CARTESIAN_POINT('',(-1.2545,-0.55,1.155));
#933 = DIRECTION('',(0.,0.,1.));
#934 = DIRECTION('',(1.,0.,-0.));
#935 = DEFINITIONAL_REPRESENTATION('',(#936),#940);
#936 = LINE('',#937,#938);
#937 = CARTESIAN_POINT('',(0.,0.));
#938 = VECTOR('',#939,1.);
#939 = DIRECTION('',(1.,0.));
#940 = ( GEOMETRIC_REPRESENTATION_CONTEXT(2) 
PARAMETRIC_REPRESENTATION_CONTEXT() REPRESENTATION_CONTEXT('2D SPACE',''
  ) );
#941 = ADVANCED_FACE('',(#942),#62,.T.);
#942 = FACE_BOUND('',#943,.T.);
#943 = EDGE_LOOP('',(#944,#995,#996,#1047));
#944 = ORIENTED_EDGE('',*,*,#945,.F.);
#945 = EDGE_CURVE('',#42,#946,#948,.T.);
#946 = VERTEX_POINT('',#947);
#947 = CARTESIAN_POINT('',(-2.131813732086,-0.470791169082,
    -2.333998972012));
#948 = SURFACE_CURVE('',#949,(#954,#961),.PCURVE_S1.);
#949 = CIRCLE('',#950,0.1);
#950 = AXIS2_PLACEMENT_3D('',#951,#952,#953);
#951 = CARTESIAN_POINT('',(-2.033998972012,-0.45,-2.333998972012));
#952 = DIRECTION('',(0.,0.,-1.));
#953 = DIRECTION('',(0.,-1.,0.));
#954 = PCURVE('',#62,#955);
#955 = DEFINITIONAL_REPRESENTATION('',(#956),#960);
#956 = LINE('',#957,#958);
#957 = CARTESIAN_POINT('',(0.,11.351998972012));
#958 = VECTOR('',#959,1.);
#959 = DIRECTION('',(1.,0.));
#960 = ( GEOMETRIC_REPRESENTATION_CONTEXT(2) 
PARAMETRIC_REPRESENTATION_CONTEXT() REPRESENTATION_CONTEXT('2D SPACE',''
  ) );
#961 = PCURVE('',#962,#967);
#962 = SPHERICAL_SURFACE('',#963,0.1);
#963 = AXIS2_PLACEMENT_3D('',#964,#965,#966);
#964 = CARTESIAN_POINT('',(-2.033998972012,-0.45,-2.333998972012));
#965 = DIRECTION('',(0.,0.62932039105,-0.777145961457));
#966 = DIRECTION('',(0.,-0.777145961457,-0.62932039105));
#967 = DEFINITIONAL_REPRESENTATION('',(#968),#994);
#968 = B_SPLINE_CURVE_WITH_KNOTS('',3,(#969,#970,#971,#972,#973,#974,
    #975,#976,#977,#978,#979,#980,#981,#982,#983,#984,#985,#986,#987,
    #988,#989,#990,#991,#992,#993),.UNSPECIFIED.,.F.,.F.,(4,1,1,1,1,1,1,
    1,1,1,1,1,1,1,1,1,1,1,1,1,1,1,4),(0.,6.187985529803E-02,
    0.123759710596,0.185639565894,0.247519421192,0.30939927649,
    0.371279131788,0.433158987086,0.495038842384,0.556918697682,
    0.61879855298,0.680678408278,0.742558263576,0.804438118874,
    0.866317974172,0.92819782947,0.990077684768,1.051957540066,
    1.113837395365,1.175717250663,1.237597105961,1.299476961259,
    1.361356816557),.QUASI_UNIFORM_KNOTS.);
#969 = CARTESIAN_POINT('',(0.,-0.680678408278));
#970 = CARTESIAN_POINT('',(2.654324914546E-02,-0.680681221105));
#971 = CARTESIAN_POINT('',(7.962356523446E-02,-0.67964253675));
#972 = CARTESIAN_POINT('',(0.158850663499,-0.675006259728));
#973 = CARTESIAN_POINT('',(0.237297594278,-0.667333745926));
#974 = CARTESIAN_POINT('',(0.314619434191,-0.656711339446));
#975 = CARTESIAN_POINT('',(0.390515704026,-0.643249768781));
#976 = CARTESIAN_POINT('',(0.464741573827,-0.627083495566));
#977 = CARTESIAN_POINT('',(0.537111184294,-0.608364177083));
#978 = CARTESIAN_POINT('',(0.607497818404,-0.587255581544));
#979 = CARTESIAN_POINT('',(0.675830537842,-0.563928488244));
#980 = CARTESIAN_POINT('',(0.742088577046,-0.538556326024));
#981 = CARTESIAN_POINT('',(0.806294392404,-0.511311559004));
#982 = CARTESIAN_POINT('',(0.868506238617,-0.482362894426));
#983 = CARTESIAN_POINT('',(0.928810916081,-0.451873266704));
#984 = CARTESIAN_POINT('',(0.987317128549,-0.419998515728));
#985 = CARTESIAN_POINT('',(1.044149699409,-0.386886650878));
#986 = CARTESIAN_POINT('',(1.099444746517,-0.352677586139));
#987 = CARTESIAN_POINT('',(1.15334581211,-0.317503243499));
#988 = CARTESIAN_POINT('',(1.206000873437,-0.281487915019));
#989 = CARTESIAN_POINT('',(1.257560144621,-0.244748865463));
#990 = CARTESIAN_POINT('',(1.308174492988,-0.207396892197));
#991 = CARTESIAN_POINT('',(1.35799457078,-0.169537624376));
#992 = CARTESIAN_POINT('',(1.390778016064,-0.144026165373));
#993 = CARTESIAN_POINT('',(1.407087208682,-0.131219309274));
#994 = ( GEOMETRIC_REPRESENTATION_CONTEXT(2) 
PARAMETRIC_REPRESENTATION_CONTEXT() REPRESENTATION_CONTEXT('2D SPACE',''
  ) );
#995 = ORIENTED_EDGE('',*,*,#39,.F.);
#996 = ORIENTED_EDGE('',*,*,#997,.F.);
#997 = EDGE_CURVE('',#998,#40,#1000,.T.);
#998 = VERTEX_POINT('',#999);
#999 = CARTESIAN_POINT('',(-2.131813732086,-0.470791169082,
    2.333998972012));
#1000 = SURFACE_CURVE('',#1001,(#1006,#1013),.PCURVE_S1.);
#1001 = CIRCLE('',#1002,0.1);
#1002 = AXIS2_PLACEMENT_3D('',#1003,#1004,#1005);
#1003 = CARTESIAN_POINT('',(-2.033998972012,-0.45,2.333998972012));
#1004 = DIRECTION('',(0.,0.,1.));
#1005 = DIRECTION('',(-0.978147600734,-0.207911690818,0.));
#1006 = PCURVE('',#62,#1007);
#1007 = DEFINITIONAL_REPRESENTATION('',(#1008),#1012);
#1008 = LINE('',#1009,#1010);
#1009 = CARTESIAN_POINT('',(1.361356816556,6.684001027988));
#1010 = VECTOR('',#1011,1.);
#1011 = DIRECTION('',(-1.,0.));
#1012 = ( GEOMETRIC_REPRESENTATION_CONTEXT(2) 
PARAMETRIC_REPRESENTATION_CONTEXT() REPRESENTATION_CONTEXT('2D SPACE',''
  ) );
#1013 = PCURVE('',#1014,#1019);
#1014 = SPHERICAL_SURFACE('',#1015,0.1);
#1015 = AXIS2_PLACEMENT_3D('',#1016,#1017,#1018);
#1016 = CARTESIAN_POINT('',(-2.033998972012,-0.45,2.333998972012));
#1017 = DIRECTION('',(0.707106781187,0.,0.707106781187));
#1018 = DIRECTION('',(-0.677173462579,-0.28787532572,0.677173462579));
#1019 = DEFINITIONAL_REPRESENTATION('',(#1020),#1046);
#1020 = B_SPLINE_CURVE_WITH_KNOTS('',3,(#1021,#1022,#1023,#1024,#1025,
    #1026,#1027,#1028,#1029,#1030,#1031,#1032,#1033,#1034,#1035,#1036,
    #1037,#1038,#1039,#1040,#1041,#1042,#1043,#1044,#1045),
  .UNSPECIFIED.,.F.,.F.,(4,1,1,1,1,1,1,1,1,1,1,1,1,1,1,1,1,1,1,1,1,1,4),
  (0.,6.187985529798E-02,0.123759710596,0.185639565894,0.247519421192,
    0.30939927649,0.371279131788,0.433158987086,0.495038842384,
    0.556918697682,0.61879855298,0.680678408278,0.742558263576,
    0.804438118874,0.866317974172,0.92819782947,0.990077684768,
    1.051957540066,1.113837395364,1.175717250662,1.23759710596,
    1.299476961258,1.361356816556),.QUASI_UNIFORM_KNOTS.);
#1021 = CARTESIAN_POINT('',(0.,-0.763777790946));
#1022 = CARTESIAN_POINT('',(2.797113788963E-02,-0.759581142177));
#1023 = CARTESIAN_POINT('',(8.320320745565E-02,-0.750007976053));
#1024 = CARTESIAN_POINT('',(0.163633907094,-0.732327194624));
#1025 = CARTESIAN_POINT('',(0.241316525335,-0.711536628782));
#1026 = CARTESIAN_POINT('',(0.316074002647,-0.687873166237));
#1027 = CARTESIAN_POINT('',(0.387819193966,-0.661578144026));
#1028 = CARTESIAN_POINT('',(0.456554243229,-0.632892633929));
#1029 = CARTESIAN_POINT('',(0.522349833369,-0.602050643096));
#1030 = CARTESIAN_POINT('',(0.585329551786,-0.569275198873));
#1031 = CARTESIAN_POINT('',(0.645654594214,-0.53477574131));
#1032 = CARTESIAN_POINT('',(0.703511174992,-0.498746880862));
#1033 = CARTESIAN_POINT('',(0.75910040087,-0.461368112557));
#1034 = CARTESIAN_POINT('',(0.812630601655,-0.422804231677));
#1035 = CARTESIAN_POINT('',(0.864311787013,-0.383206212194));
#1036 = CARTESIAN_POINT('',(0.914351874006,-0.342712370645));
#1037 = CARTESIAN_POINT('',(0.962954321228,-0.301449684215));
#1038 = CARTESIAN_POINT('',(1.010316845295,-0.259535172379));
#1039 = CARTESIAN_POINT('',(1.056630948834,-0.2170772849));
#1040 = CARTESIAN_POINT('',(1.102082035502,-0.174177256082));
#1041 = CARTESIAN_POINT('',(1.146849965406,-0.130930428044));
#1042 = CARTESIAN_POINT('',(1.191109838157,-8.742746248138E-02));
#1043 = CARTESIAN_POINT('',(1.235033225033,-4.375572484336E-02));
#1044 = CARTESIAN_POINT('',(1.26420347429,-1.458510896245E-02));
#1045 = CARTESIAN_POINT('',(1.27878882311,0.));
#1046 = ( GEOMETRIC_REPRESENTATION_CONTEXT(2) 
PARAMETRIC_REPRESENTATION_CONTEXT() REPRESENTATION_CONTEXT('2D SPACE',''
  ) );
#1047 = ORIENTED_EDGE('',*,*,#1048,.T.);
#1048 = EDGE_CURVE('',#998,#946,#1049,.T.);
#1049 = SURFACE_CURVE('',#1050,(#1054,#1061),.PCURVE_S1.);
#1050 = LINE('',#1051,#1052);
#1051 = CARTESIAN_POINT('',(-2.131813732086,-0.470791169082,
    2.333998972012));
#1052 = VECTOR('',#1053,1.);
#1053 = DIRECTION('',(0.,0.,-1.));
#1054 = PCURVE('',#62,#1055);
#1055 = DEFINITIONAL_REPRESENTATION('',(#1056),#1060);
#1056 = LINE('',#1057,#1058);
#1057 = CARTESIAN_POINT('',(1.361356816557,6.684001027988));
#1058 = VECTOR('',#1059,1.);
#1059 = DIRECTION('',(0.,1.));
#1060 = ( GEOMETRIC_REPRESENTATION_CONTEXT(2) 
PARAMETRIC_REPRESENTATION_CONTEXT() REPRESENTATION_CONTEXT('2D SPACE',''
  ) );
#1061 = PCURVE('',#1062,#1067);
#1062 = PLANE('',#1063);
#1063 = AXIS2_PLACEMENT_3D('',#1064,#1065,#1066);
#1064 = CARTESIAN_POINT('',(-2.2,-0.15,-2.5));
#1065 = DIRECTION('',(-0.978147600734,-0.207911690818,0.));
#1066 = DIRECTION('',(0.,0.,1.));
#1067 = DEFINITIONAL_REPRESENTATION('',(#1068),#1072);
#1068 = LINE('',#1069,#1070);
#1069 = CARTESIAN_POINT('',(4.833998972012,-0.327957834627));
#1070 = VECTOR('',#1071,1.);
#1071 = DIRECTION('',(-1.,0.));
#1072 = ( GEOMETRIC_REPRESENTATION_CONTEXT(2) 
PARAMETRIC_REPRESENTATION_CONTEXT() REPRESENTATION_CONTEXT('2D SPACE',''
  ) );
#1073 = ADVANCED_FACE('',(#1074),#1062,.T.);
#1074 = FACE_BOUND('',#1075,.F.);
#1075 = EDGE_LOOP('',(#1076,#1077,#1105,#1134,#1162,#1191));
#1076 = ORIENTED_EDGE('',*,*,#1048,.T.);
#1077 = ORIENTED_EDGE('',*,*,#1078,.F.);
#1078 = EDGE_CURVE('',#1079,#946,#1081,.T.);
#1079 = VERTEX_POINT('',#1080);
#1080 = CARTESIAN_POINT('',(-2.199976628885,-0.150109952451,
    -2.402161868812));
#1081 = SURFACE_CURVE('',#1082,(#1086,#1093),.PCURVE_S1.);
#1082 = LINE('',#1083,#1084);
#1083 = CARTESIAN_POINT('',(-2.199976628885,-0.150109952451,
    -2.402161868812));
#1084 = VECTOR('',#1085,1.);
#1085 = DIRECTION('',(0.203558594953,-0.957667894858,0.203558594953));
#1086 = PCURVE('',#1062,#1087);
#1087 = DEFINITIONAL_REPRESENTATION('',(#1088),#1092);
#1088 = LINE('',#1089,#1090);
#1089 = CARTESIAN_POINT('',(9.7838131188E-02,-1.124088537851E-04));
#1090 = VECTOR('',#1091,1.);
#1091 = DIRECTION('',(0.203558594953,-0.979062765312));
#1092 = ( GEOMETRIC_REPRESENTATION_CONTEXT(2) 
PARAMETRIC_REPRESENTATION_CONTEXT() REPRESENTATION_CONTEXT('2D SPACE',''
  ) );
#1093 = PCURVE('',#1094,#1099);
#1094 = CYLINDRICAL_SURFACE('',#1095,0.1);
#1095 = AXIS2_PLACEMENT_3D('',#1096,#1097,#1098);
#1096 = CARTESIAN_POINT('',(-2.502388611309,1.7536,-2.802388611309));
#1097 = DIRECTION('',(0.203558594953,-0.957667894858,0.203558594953));
#1098 = DIRECTION('',(-0.978147600734,-0.207911690818,
    -5.107025913276E-15));
#1099 = DEFINITIONAL_REPRESENTATION('',(#1100),#1104);
#1100 = LINE('',#1101,#1102);
#1101 = CARTESIAN_POINT('',(0.,1.966150054188));
#1102 = VECTOR('',#1103,1.);
#1103 = DIRECTION('',(0.,1.));
#1104 = ( GEOMETRIC_REPRESENTATION_CONTEXT(2) 
PARAMETRIC_REPRESENTATION_CONTEXT() REPRESENTATION_CONTEXT('2D SPACE',''
  ) );
#1105 = ORIENTED_EDGE('',*,*,#1106,.F.);
#1106 = EDGE_CURVE('',#1107,#1079,#1109,.T.);
#1107 = VERTEX_POINT('',#1108);
#1108 = CARTESIAN_POINT('',(-2.2,-0.15,-2.4));
#1109 = SURFACE_CURVE('',#1110,(#1115,#1123),.PCURVE_S1.);
#1110 = B_SPLINE_CURVE_WITH_KNOTS('',3,(#1111,#1112,#1113,#1114),
  .UNSPECIFIED.,.F.,.F.,(4,4),(0.,1.),.PIECEWISE_BEZIER_KNOTS.);
#1111 = CARTESIAN_POINT('',(-2.2,-0.15,-2.4));
#1112 = CARTESIAN_POINT('',(-2.2,-0.15,-2.4007225662));
#1113 = CARTESIAN_POINT('',(-2.199992169645,-0.150036838926,
    -2.401443179163));
#1114 = CARTESIAN_POINT('',(-2.199976628885,-0.150109952451,
    -2.402161868812));
#1115 = PCURVE('',#1062,#1116);
#1116 = DEFINITIONAL_REPRESENTATION('',(#1117),#1122);
#1117 = B_SPLINE_CURVE_WITH_KNOTS('',3,(#1118,#1119,#1120,#1121),
  .UNSPECIFIED.,.F.,.F.,(4,4),(0.,1.),.PIECEWISE_BEZIER_KNOTS.);
#1118 = CARTESIAN_POINT('',(0.1,0.));
#1119 = CARTESIAN_POINT('',(9.92774338E-02,0.));
#1120 = CARTESIAN_POINT('',(9.8556820837E-02,-3.766192933048E-05));
#1121 = CARTESIAN_POINT('',(9.7838131188E-02,-1.124088537851E-04));
#1122 = ( GEOMETRIC_REPRESENTATION_CONTEXT(2) 
PARAMETRIC_REPRESENTATION_CONTEXT() REPRESENTATION_CONTEXT('2D SPACE',''
  ) );
#1123 = PCURVE('',#1124,#1129);
#1124 = CYLINDRICAL_SURFACE('',#1125,0.1);
#1125 = AXIS2_PLACEMENT_3D('',#1126,#1127,#1128);
#1126 = CARTESIAN_POINT('',(-2.1,1.7536,-2.4));
#1127 = DIRECTION('',(0.,-1.,0.));
#1128 = DIRECTION('',(-1.,0.,0.));
#1129 = DEFINITIONAL_REPRESENTATION('',(#1130),#1133);
#1130 = B_SPLINE_CURVE_WITH_KNOTS('',1,(#1131,#1132),.UNSPECIFIED.,.F.,
  .F.,(2,2),(0.,1.),.PIECEWISE_BEZIER_KNOTS.);
#1131 = CARTESIAN_POINT('',(0.,1.9036));
#1132 = CARTESIAN_POINT('',(2.162037245364E-02,1.903709952451));
#1133 = ( GEOMETRIC_REPRESENTATION_CONTEXT(2) 
PARAMETRIC_REPRESENTATION_CONTEXT() REPRESENTATION_CONTEXT('2D SPACE',''
  ) );
#1134 = ORIENTED_EDGE('',*,*,#1135,.T.);
#1135 = EDGE_CURVE('',#1107,#1136,#1138,.T.);
#1136 = VERTEX_POINT('',#1137);
#1137 = CARTESIAN_POINT('',(-2.2,-0.15,2.4));
#1138 = SURFACE_CURVE('',#1139,(#1143,#1150),.PCURVE_S1.);
#1139 = LINE('',#1140,#1141);
#1140 = CARTESIAN_POINT('',(-2.2,-0.15,-2.4));
#1141 = VECTOR('',#1142,1.);
#1142 = DIRECTION('',(0.,0.,1.));
#1143 = PCURVE('',#1062,#1144);
#1144 = DEFINITIONAL_REPRESENTATION('',(#1145),#1149);
#1145 = LINE('',#1146,#1147);
#1146 = CARTESIAN_POINT('',(0.1,0.));
#1147 = VECTOR('',#1148,1.);
#1148 = DIRECTION('',(1.,0.));
#1149 = ( GEOMETRIC_REPRESENTATION_CONTEXT(2) 
PARAMETRIC_REPRESENTATION_CONTEXT() REPRESENTATION_CONTEXT('2D SPACE',''
  ) );
#1150 = PCURVE('',#1151,#1156);
#1151 = PLANE('',#1152);
#1152 = AXIS2_PLACEMENT_3D('',#1153,#1154,#1155);
#1153 = CARTESIAN_POINT('',(-2.2,-0.55,-2.5));
#1154 = DIRECTION('',(-1.,0.,0.));
#1155 = DIRECTION('',(0.,0.,1.));
#1156 = DEFINITIONAL_REPRESENTATION('',(#1157),#1161);
#1157 = LINE('',#1158,#1159);
#1158 = CARTESIAN_POINT('',(0.1,0.4));
#1159 = VECTOR('',#1160,1.);
#1160 = DIRECTION('',(1.,0.));
#1161 = ( GEOMETRIC_REPRESENTATION_CONTEXT(2) 
PARAMETRIC_REPRESENTATION_CONTEXT() REPRESENTATION_CONTEXT('2D SPACE',''
  ) );
#1162 = ORIENTED_EDGE('',*,*,#1163,.F.);
#1163 = EDGE_CURVE('',#1164,#1136,#1166,.T.);
#1164 = VERTEX_POINT('',#1165);
#1165 = CARTESIAN_POINT('',(-2.199976628885,-0.150109952451,
    2.402161868812));
#1166 = SURFACE_CURVE('',#1167,(#1172,#1180),.PCURVE_S1.);
#1167 = B_SPLINE_CURVE_WITH_KNOTS('',3,(#1168,#1169,#1170,#1171),
  .UNSPECIFIED.,.F.,.F.,(4,4),(0.,1.),.PIECEWISE_BEZIER_KNOTS.);
#1168 = CARTESIAN_POINT('',(-2.199976628885,-0.150109952451,
    2.402161868812));
#1169 = CARTESIAN_POINT('',(-2.199992169645,-0.150036838926,
    2.401443179163));
#1170 = CARTESIAN_POINT('',(-2.2,-0.15,2.4007225662));
#1171 = CARTESIAN_POINT('',(-2.2,-0.15,2.4));
#1172 = PCURVE('',#1062,#1173);
#1173 = DEFINITIONAL_REPRESENTATION('',(#1174),#1179);
#1174 = B_SPLINE_CURVE_WITH_KNOTS('',3,(#1175,#1176,#1177,#1178),
  .UNSPECIFIED.,.F.,.F.,(4,4),(0.,1.),.PIECEWISE_BEZIER_KNOTS.);
#1175 = CARTESIAN_POINT('',(4.902161868812,-1.124088537851E-04));
#1176 = CARTESIAN_POINT('',(4.901443179163,-3.766192933048E-05));
#1177 = CARTESIAN_POINT('',(4.9007225662,0.));
#1178 = CARTESIAN_POINT('',(4.9,0.));
#1179 = ( GEOMETRIC_REPRESENTATION_CONTEXT(2) 
PARAMETRIC_REPRESENTATION_CONTEXT() REPRESENTATION_CONTEXT('2D SPACE',''
  ) );
#1180 = PCURVE('',#1181,#1186);
#1181 = CYLINDRICAL_SURFACE('',#1182,0.1);
#1182 = AXIS2_PLACEMENT_3D('',#1183,#1184,#1185);
#1183 = CARTESIAN_POINT('',(-2.1,1.7536,2.4));
#1184 = DIRECTION('',(0.,-1.,0.));
#1185 = DIRECTION('',(0.,0.,1.));
#1186 = DEFINITIONAL_REPRESENTATION('',(#1187),#1190);
#1187 = B_SPLINE_CURVE_WITH_KNOTS('',1,(#1188,#1189),.UNSPECIFIED.,.F.,
  .F.,(2,2),(0.,1.),.PIECEWISE_BEZIER_KNOTS.);
#1188 = CARTESIAN_POINT('',(1.549175954341,1.903709952451));
#1189 = CARTESIAN_POINT('',(1.570796326795,1.9036));
#1190 = ( GEOMETRIC_REPRESENTATION_CONTEXT(2) 
PARAMETRIC_REPRESENTATION_CONTEXT() REPRESENTATION_CONTEXT('2D SPACE',''
  ) );
#1191 = ORIENTED_EDGE('',*,*,#1192,.T.);
#1192 = EDGE_CURVE('',#1164,#998,#1193,.T.);
#1193 = SURFACE_CURVE('',#1194,(#1198,#1205),.PCURVE_S1.);
#1194 = LINE('',#1195,#1196);
#1195 = CARTESIAN_POINT('',(-2.199976628885,-0.150109952451,
    2.402161868812));
#1196 = VECTOR('',#1197,1.);
#1197 = DIRECTION('',(0.203558594953,-0.957667894858,-0.203558594953));
#1198 = PCURVE('',#1062,#1199);
#1199 = DEFINITIONAL_REPRESENTATION('',(#1200),#1204);
#1200 = LINE('',#1201,#1202);
#1201 = CARTESIAN_POINT('',(4.902161868812,-1.124088537851E-04));
#1202 = VECTOR('',#1203,1.);
#1203 = DIRECTION('',(-0.203558594953,-0.979062765312));
#1204 = ( GEOMETRIC_REPRESENTATION_CONTEXT(2) 
PARAMETRIC_REPRESENTATION_CONTEXT() REPRESENTATION_CONTEXT('2D SPACE',''
  ) );
#1205 = PCURVE('',#1206,#1211);
#1206 = CYLINDRICAL_SURFACE('',#1207,0.1);
#1207 = AXIS2_PLACEMENT_3D('',#1208,#1209,#1210);
#1208 = CARTESIAN_POINT('',(-2.502388611309,1.7536,2.802388611309));
#1209 = DIRECTION('',(0.203558594953,-0.957667894858,-0.203558594953));
#1210 = DIRECTION('',(-5.107025913276E-15,-0.207911690818,0.978147600734
    ));
#1211 = DEFINITIONAL_REPRESENTATION('',(#1212),#1216);
#1212 = LINE('',#1213,#1214);
#1213 = CARTESIAN_POINT('',(1.527555581894,1.966150054188));
#1214 = VECTOR('',#1215,1.);
#1215 = DIRECTION('',(0.,1.));
#1216 = ( GEOMETRIC_REPRESENTATION_CONTEXT(2) 
PARAMETRIC_REPRESENTATION_CONTEXT() REPRESENTATION_CONTEXT('2D SPACE',''
  ) );
#1217 = ADVANCED_FACE('',(#1218),#1094,.T.);
#1218 = FACE_BOUND('',#1219,.T.);
#1219 = EDGE_LOOP('',(#1220,#1266,#1267,#1384));
#1220 = ORIENTED_EDGE('',*,*,#1221,.F.);
#1221 = EDGE_CURVE('',#946,#1222,#1224,.T.);
#1222 = VERTEX_POINT('',#1223);
#1223 = CARTESIAN_POINT('',(-2.033998972012,-0.470791169082,
    -2.431813732086));
#1224 = SURFACE_CURVE('',#1225,(#1230,#1237),.PCURVE_S1.);
#1225 = CIRCLE('',#1226,0.1);
#1226 = AXIS2_PLACEMENT_3D('',#1227,#1228,#1229);
#1227 = CARTESIAN_POINT('',(-2.033998972012,-0.45,-2.333998972012));
#1228 = DIRECTION('',(0.203558594953,-0.957667894858,0.203558594953));
#1229 = DIRECTION('',(-0.978147600734,-0.207911690818,
    -5.107025913276E-15));
#1230 = PCURVE('',#1094,#1231);
#1231 = DEFINITIONAL_REPRESENTATION('',(#1232),#1236);
#1232 = LINE('',#1233,#1234);
#1233 = CARTESIAN_POINT('',(0.,2.301006446841));
#1234 = VECTOR('',#1235,1.);
#1235 = DIRECTION('',(1.,0.));
#1236 = ( GEOMETRIC_REPRESENTATION_CONTEXT(2) 
PARAMETRIC_REPRESENTATION_CONTEXT() REPRESENTATION_CONTEXT('2D SPACE',''
  ) );
#1237 = PCURVE('',#962,#1238);
#1238 = DEFINITIONAL_REPRESENTATION('',(#1239),#1265);
#1239 = B_SPLINE_CURVE_WITH_KNOTS('',3,(#1240,#1241,#1242,#1243,#1244,
    #1245,#1246,#1247,#1248,#1249,#1250,#1251,#1252,#1253,#1254,#1255,
    #1256,#1257,#1258,#1259,#1260,#1261,#1262,#1263,#1264),
  .UNSPECIFIED.,.F.,.F.,(4,1,1,1,1,1,1,1,1,1,1,1,1,1,1,1,1,1,1,1,1,1,4),
  (0.,6.943434463147E-02,0.138868689263,0.208303033894,0.277737378526,
    0.347171723157,0.416606067789,0.48604041242,0.555474757052,
    0.624909101683,0.694343446315,0.763777790946,0.833212135578,
    0.902646480209,0.972080824841,1.041515169472,1.110949514104,
    1.180383858735,1.249818203366,1.319252547998,1.388686892629,
    1.458121237261,1.527555581892),.QUASI_UNIFORM_KNOTS.);
#1240 = CARTESIAN_POINT('',(1.407087208681,-0.131219309275));
#1241 = CARTESIAN_POINT('',(1.389170339915,-0.116381367582));
#1242 = CARTESIAN_POINT('',(1.353546536535,-8.65815293441E-02));
#1243 = CARTESIAN_POINT('',(1.300525047567,-4.163740300959E-02));
#1244 = CARTESIAN_POINT('',(1.247701718319,3.422842232379E-03));
#1245 = CARTESIAN_POINT('',(1.1948621375,4.847359703996E-02));
#1246 = CARTESIAN_POINT('',(1.141791636189,9.338883513791E-02));
#1247 = CARTESIAN_POINT('',(1.088274442998,0.138040786042));
#1248 = CARTESIAN_POINT('',(1.034092674943,0.182298135507));
#1249 = CARTESIAN_POINT('',(0.979025640831,0.226024337621));
#1250 = CARTESIAN_POINT('',(0.922849503517,0.269075884194));
#1251 = CARTESIAN_POINT('',(0.865337500395,0.311300588857));
#1252 = CARTESIAN_POINT('',(0.806260929736,0.352535907345));
#1253 = CARTESIAN_POINT('',(0.745391165936,0.392607354387));
#1254 = CARTESIAN_POINT('',(0.682503009569,0.43132710634));
#1255 = CARTESIAN_POINT('',(0.617379715123,0.468492921901));
#1256 = CARTESIAN_POINT('',(0.549820030559,0.503887560169));
#1257 = CARTESIAN_POINT('',(0.479647563754,0.537278938752));
#1258 = CARTESIAN_POINT('',(0.40672248932,0.568421291465));
#1259 = CARTESIAN_POINT('',(0.330955859213,0.597057746049));
#1260 = CARTESIAN_POINT('',(0.252324286229,0.622924262302));
#1261 = CARTESIAN_POINT('',(0.170889718812,0.645756573174));
#1262 = CARTESIAN_POINT('',(8.6800019885E-02,0.665294991789));
#1263 = CARTESIAN_POINT('',(2.916732104941E-02,0.675969243991));
#1264 = CARTESIAN_POINT('',(0.,0.680678408278));
#1265 = ( GEOMETRIC_REPRESENTATION_CONTEXT(2) 
PARAMETRIC_REPRESENTATION_CONTEXT() REPRESENTATION_CONTEXT('2D SPACE',''
  ) );
#1266 = ORIENTED_EDGE('',*,*,#1078,.F.);
#1267 = ORIENTED_EDGE('',*,*,#1268,.T.);
#1268 = EDGE_CURVE('',#1079,#1269,#1271,.T.);
#1269 = VERTEX_POINT('',#1270);
#1270 = CARTESIAN_POINT('',(-2.102161868812,-0.150109952451,
    -2.499976628885));
#1271 = SURFACE_CURVE('',#1272,(#1282,#1333),.PCURVE_S1.);
#1272 = B_SPLINE_CURVE_WITH_KNOTS('',3,(#1273,#1274,#1275,#1276,#1277,
    #1278,#1279,#1280,#1281),.UNSPECIFIED.,.F.,.F.,(4,1,1,1,1,1,4),(0.,
    0.166666666667,0.333333333333,0.5,0.666666666667,0.833333333333,1.),
  .UNSPECIFIED.);
#1273 = CARTESIAN_POINT('',(-2.199976628885,-0.150109952451,
    -2.402161868812));
#1274 = CARTESIAN_POINT('',(-2.199793656643,-0.15097076917,
    -2.410623505267));
#1275 = CARTESIAN_POINT('',(-2.197273220002,-0.1524648888,
    -2.427513219859));
#1276 = CARTESIAN_POINT('',(-2.187166771938,-0.153876727975,
    -2.451197636601));
#1277 = CARTESIAN_POINT('',(-2.171474915043,-0.154353520781,
    -2.471474915043));
#1278 = CARTESIAN_POINT('',(-2.151197636601,-0.153876727975,
    -2.487166771938));
#1279 = CARTESIAN_POINT('',(-2.127513219859,-0.1524648888,
    -2.497273220002));
#1280 = CARTESIAN_POINT('',(-2.110623505267,-0.15097076917,
    -2.499793656643));
#1281 = CARTESIAN_POINT('',(-2.102161868812,-0.150109952451,
    -2.499976628885));
#1282 = PCURVE('',#1094,#1283);
#1283 = DEFINITIONAL_REPRESENTATION('',(#1284),#1332);
#1284 = B_SPLINE_CURVE_WITH_KNOTS('',3,(#1285,#1286,#1287,#1288,#1289,
    #1290,#1291,#1292,#1293,#1294,#1295,#1296,#1297,#1298,#1299,#1300,
    #1301,#1302,#1303,#1304,#1305,#1306,#1307,#1308,#1309,#1310,#1311,
    #1312,#1313,#1314,#1315,#1316,#1317,#1318,#1319,#1320,#1321,#1322,
    #1323,#1324,#1325,#1326,#1327,#1328,#1329,#1330,#1331),
  .UNSPECIFIED.,.F.,.F.,(4,1,1,1,1,1,1,1,1,1,1,1,1,1,1,1,1,1,1,1,1,1,1,1
    ,1,1,1,1,1,1,1,1,1,1,1,1,1,1,1,1,1,1,1,1,4),(0.,2.272727272727E-02,
    4.545454545455E-02,6.818181818182E-02,9.090909090909E-02,
    0.113636363636,0.136363636364,0.159090909091,0.181818181818,
    0.204545454545,0.227272727273,0.25,0.272727272727,0.295454545455,
    0.318181818182,0.340909090909,0.363636363636,0.386363636364,
    0.409090909091,0.431818181818,0.454545454545,0.477272727273,0.5,
    0.522727272727,0.545454545455,0.568181818182,0.590909090909,
    0.613636363636,0.636363636364,0.659090909091,0.681818181818,
    0.704545454545,0.727272727273,0.75,0.772727272727,0.795454545455,
    0.818181818182,0.840909090909,0.863636363636,0.886363636364,
    0.909090909091,0.931818181818,0.954545454545,0.977272727273,1.),
  .QUASI_UNIFORM_KNOTS.);
#1285 = CARTESIAN_POINT('',(0.,1.966150054188));
#1286 = CARTESIAN_POINT('',(1.1541274969E-02,1.96603267009));
#1287 = CARTESIAN_POINT('',(3.462631841145E-02,1.965802132522));
#1288 = CARTESIAN_POINT('',(6.92634265782E-02,1.965469390295));
#1289 = CARTESIAN_POINT('',(0.103912180609,1.965150084414));
#1290 = CARTESIAN_POINT('',(0.138574542065,1.964844587172));
#1291 = CARTESIAN_POINT('',(0.173252571136,1.964553270592));
#1292 = CARTESIAN_POINT('',(0.207948693986,1.964276507706));
#1293 = CARTESIAN_POINT('',(0.242665434736,1.964014667778));
#1294 = CARTESIAN_POINT('',(0.277407251352,1.963768134138));
#1295 = CARTESIAN_POINT('',(0.312171651458,1.963537206739));
#1296 = CARTESIAN_POINT('',(0.346951808883,1.96332214608));
#1297 = CARTESIAN_POINT('',(0.381741194864,1.963123222295));
#1298 = CARTESIAN_POINT('',(0.416532801094,1.962940702575));
#1299 = CARTESIAN_POINT('',(0.451319633025,1.962774856248));
#1300 = CARTESIAN_POINT('',(0.486095206868,1.96262594704));
#1301 = CARTESIAN_POINT('',(0.520852761199,1.962494258941));
#1302 = CARTESIAN_POINT('',(0.55558993285,1.962379992304));
#1303 = CARTESIAN_POINT('',(0.590311431167,1.962283170597));
#1304 = CARTESIAN_POINT('',(0.625020065829,1.962203847139));
#1305 = CARTESIAN_POINT('',(0.659718597512,1.962142067248));
#1306 = CARTESIAN_POINT('',(0.694409454125,1.962097878388));
#1307 = CARTESIAN_POINT('',(0.729095027376,1.962071327446));
#1308 = CARTESIAN_POINT('',(0.763777790946,1.962062461466));
#1309 = CARTESIAN_POINT('',(0.798460554516,1.962071327446));
#1310 = CARTESIAN_POINT('',(0.833146127767,1.962097878388));
#1311 = CARTESIAN_POINT('',(0.86783698438,1.962142067248));
#1312 = CARTESIAN_POINT('',(0.902535516063,1.962203847139));
#1313 = CARTESIAN_POINT('',(0.937244150725,1.962283170597));
#1314 = CARTESIAN_POINT('',(0.971965649042,1.962379992304));
#1315 = CARTESIAN_POINT('',(1.006702820694,1.962494258941));
#1316 = CARTESIAN_POINT('',(1.041460375024,1.96262594704));
#1317 = CARTESIAN_POINT('',(1.076235948867,1.962774856248));
#1318 = CARTESIAN_POINT('',(1.111022780798,1.962940702575));
#1319 = CARTESIAN_POINT('',(1.145814387028,1.963123222295));
#1320 = CARTESIAN_POINT('',(1.180603773009,1.96332214608));
#1321 = CARTESIAN_POINT('',(1.215383930434,1.963537206739));
#1322 = CARTESIAN_POINT('',(1.25014833054,1.963768134138));
#1323 = CARTESIAN_POINT('',(1.284890147156,1.964014667778));
#1324 = CARTESIAN_POINT('',(1.319606887906,1.964276507706));
#1325 = CARTESIAN_POINT('',(1.354303010756,1.964553270592));
#1326 = CARTESIAN_POINT('',(1.388981039827,1.964844587172));
#1327 = CARTESIAN_POINT('',(1.423643401283,1.965150084414));
#1328 = CARTESIAN_POINT('',(1.458292155314,1.965469390295));
#1329 = CARTESIAN_POINT('',(1.49292926348,1.965802132522));
#1330 = CARTESIAN_POINT('',(1.516014306924,1.96603267009));
#1331 = CARTESIAN_POINT('',(1.527555581894,1.966150054188));
#1332 = ( GEOMETRIC_REPRESENTATION_CONTEXT(2) 
PARAMETRIC_REPRESENTATION_CONTEXT() REPRESENTATION_CONTEXT('2D SPACE',''
  ) );
#1333 = PCURVE('',#1124,#1334);
#1334 = DEFINITIONAL_REPRESENTATION('',(#1335),#1383);
#1335 = B_SPLINE_CURVE_WITH_KNOTS('',3,(#1336,#1337,#1338,#1339,#1340,
    #1341,#1342,#1343,#1344,#1345,#1346,#1347,#1348,#1349,#1350,#1351,
    #1352,#1353,#1354,#1355,#1356,#1357,#1358,#1359,#1360,#1361,#1362,
    #1363,#1364,#1365,#1366,#1367,#1368,#1369,#1370,#1371,#1372,#1373,
    #1374,#1375,#1376,#1377,#1378,#1379,#1380,#1381,#1382),
  .UNSPECIFIED.,.F.,.F.,(4,1,1,1,1,1,1,1,1,1,1,1,1,1,1,1,1,1,1,1,1,1,1,1
    ,1,1,1,1,1,1,1,1,1,1,1,1,1,1,1,1,1,1,1,1,4),(0.,2.272727272727E-02,
    4.545454545455E-02,6.818181818182E-02,9.090909090909E-02,
    0.113636363636,0.136363636364,0.159090909091,0.181818181818,
    0.204545454545,0.227272727273,0.25,0.272727272727,0.295454545455,
    0.318181818182,0.340909090909,0.363636363636,0.386363636364,
    0.409090909091,0.431818181818,0.454545454545,0.477272727273,0.5,
    0.522727272727,0.545454545455,0.568181818182,0.590909090909,
    0.613636363636,0.636363636364,0.659090909091,0.681818181818,
    0.704545454545,0.727272727273,0.75,0.772727272727,0.795454545455,
    0.818181818182,0.840909090909,0.863636363636,0.886363636364,
    0.909090909091,0.931818181818,0.954545454545,0.977272727273,1.),
  .QUASI_UNIFORM_KNOTS.);
#1336 = CARTESIAN_POINT('',(2.162037245364E-02,1.903709952451));
#1337 = CARTESIAN_POINT('',(3.316164742361E-02,1.903827336549));
#1338 = CARTESIAN_POINT('',(5.624669086695E-02,1.904057874117));
#1339 = CARTESIAN_POINT('',(9.088379903321E-02,1.904390616344));
#1340 = CARTESIAN_POINT('',(0.125532553064,1.904709922224));
#1341 = CARTESIAN_POINT('',(0.16019491452,1.905015419466));
#1342 = CARTESIAN_POINT('',(0.194872943591,1.905306736046));
#1343 = CARTESIAN_POINT('',(0.22956906644,1.905583498932));
#1344 = CARTESIAN_POINT('',(0.264285807191,1.905845338861));
#1345 = CARTESIAN_POINT('',(0.299027623806,1.9060918725));
#1346 = CARTESIAN_POINT('',(0.333792023912,1.9063227999));
#1347 = CARTESIAN_POINT('',(0.368572181336,1.906537860559));
#1348 = CARTESIAN_POINT('',(0.403361567317,1.906736784344));
#1349 = CARTESIAN_POINT('',(0.438153173548,1.906919304063));
#1350 = CARTESIAN_POINT('',(0.472940005479,1.907085150391));
#1351 = CARTESIAN_POINT('',(0.507715579321,1.907234059599));
#1352 = CARTESIAN_POINT('',(0.542473133651,1.907365747697));
#1353 = CARTESIAN_POINT('',(0.577210305302,1.907480014335));
#1354 = CARTESIAN_POINT('',(0.61193180362,1.907576836041));
#1355 = CARTESIAN_POINT('',(0.646640438281,1.9076561595));
#1356 = CARTESIAN_POINT('',(0.681338969964,1.90771793939));
#1357 = CARTESIAN_POINT('',(0.716029826577,1.907762128251));
#1358 = CARTESIAN_POINT('',(0.750715399828,1.907788679192));
#1359 = CARTESIAN_POINT('',(0.785398163397,1.907797545172));
#1360 = CARTESIAN_POINT('',(0.820080926967,1.907788679192));
#1361 = CARTESIAN_POINT('',(0.854766500218,1.907762128251));
#1362 = CARTESIAN_POINT('',(0.889457356831,1.90771793939));
#1363 = CARTESIAN_POINT('',(0.924155888514,1.9076561595));
#1364 = CARTESIAN_POINT('',(0.958864523175,1.907576836041));
#1365 = CARTESIAN_POINT('',(0.993586021493,1.907480014335));
#1366 = CARTESIAN_POINT('',(1.028323193144,1.907365747697));
#1367 = CARTESIAN_POINT('',(1.063080747474,1.907234059599));
#1368 = CARTESIAN_POINT('',(1.097856321316,1.907085150391));
#1369 = CARTESIAN_POINT('',(1.132643153247,1.906919304063));
#1370 = CARTESIAN_POINT('',(1.167434759478,1.906736784344));
#1371 = CARTESIAN_POINT('',(1.202224145458,1.906537860559));
#1372 = CARTESIAN_POINT('',(1.237004302883,1.9063227999));
#1373 = CARTESIAN_POINT('',(1.271768702989,1.9060918725));
#1374 = CARTESIAN_POINT('',(1.306510519604,1.905845338861));
#1375 = CARTESIAN_POINT('',(1.341227260355,1.905583498932));
#1376 = CARTESIAN_POINT('',(1.375923383204,1.905306736046));
#1377 = CARTESIAN_POINT('',(1.410601412275,1.905015419466));
#1378 = CARTESIAN_POINT('',(1.445263773731,1.904709922224));
#1379 = CARTESIAN_POINT('',(1.479912527762,1.904390616344));
#1380 = CARTESIAN_POINT('',(1.514549635928,1.904057874117));
#1381 = CARTESIAN_POINT('',(1.537634679371,1.903827336549));
#1382 = CARTESIAN_POINT('',(1.549175954341,1.903709952451));
#1383 = ( GEOMETRIC_REPRESENTATION_CONTEXT(2) 
PARAMETRIC_REPRESENTATION_CONTEXT() REPRESENTATION_CONTEXT('2D SPACE',''
  ) );
#1384 = ORIENTED_EDGE('',*,*,#1385,.T.);
#1385 = EDGE_CURVE('',#1269,#1222,#1386,.T.);
#1386 = SURFACE_CURVE('',#1387,(#1391,#1398),.PCURVE_S1.);
#1387 = LINE('',#1388,#1389);
#1388 = CARTESIAN_POINT('',(-2.102161868812,-0.150109952451,
    -2.499976628885));
#1389 = VECTOR('',#1390,1.);
#1390 = DIRECTION('',(0.203558594953,-0.957667894858,0.203558594953));
#1391 = PCURVE('',#1094,#1392);
#1392 = DEFINITIONAL_REPRESENTATION('',(#1393),#1397);
#1393 = LINE('',#1394,#1395);
#1394 = CARTESIAN_POINT('',(1.527555581894,1.966150054188));
#1395 = VECTOR('',#1396,1.);
#1396 = DIRECTION('',(-1.326207949421E-14,1.));
#1397 = ( GEOMETRIC_REPRESENTATION_CONTEXT(2) 
PARAMETRIC_REPRESENTATION_CONTEXT() REPRESENTATION_CONTEXT('2D SPACE',''
  ) );
#1398 = PCURVE('',#1399,#1404);
#1399 = PLANE('',#1400);
#1400 = AXIS2_PLACEMENT_3D('',#1401,#1402,#1403);
#1401 = CARTESIAN_POINT('',(2.2,-0.15,-2.5));
#1402 = DIRECTION('',(0.,-0.207911690818,-0.978147600734));
#1403 = DIRECTION('',(-1.,-0.,0.));
#1404 = DEFINITIONAL_REPRESENTATION('',(#1405),#1409);
#1405 = LINE('',#1406,#1407);
#1406 = CARTESIAN_POINT('',(4.302161868812,-1.124088537851E-04));
#1407 = VECTOR('',#1408,1.);
#1408 = DIRECTION('',(-0.203558594953,-0.979062765312));
#1409 = ( GEOMETRIC_REPRESENTATION_CONTEXT(2) 
PARAMETRIC_REPRESENTATION_CONTEXT() REPRESENTATION_CONTEXT('2D SPACE',''
  ) );
#1410 = ADVANCED_FACE('',(#1411),#1399,.T.);
#1411 = FACE_BOUND('',#1412,.F.);
#1412 = EDGE_LOOP('',(#1413,#1443,#1472,#1500,#1522,#1523));
#1413 = ORIENTED_EDGE('',*,*,#1414,.F.);
#1414 = EDGE_CURVE('',#1415,#1417,#1419,.T.);
#1415 = VERTEX_POINT('',#1416);
#1416 = CARTESIAN_POINT('',(2.102161868812,-0.150109952451,
    -2.499976628885));
#1417 = VERTEX_POINT('',#1418);
#1418 = CARTESIAN_POINT('',(2.033998972012,-0.470791169082,
    -2.431813732086));
#1419 = SURFACE_CURVE('',#1420,(#1424,#1431),.PCURVE_S1.);
#1420 = LINE('',#1421,#1422);
#1421 = CARTESIAN_POINT('',(2.102161868812,-0.150109952451,
    -2.499976628885));
#1422 = VECTOR('',#1423,1.);
#1423 = DIRECTION('',(-0.203558594953,-0.957667894858,0.203558594953));
#1424 = PCURVE('',#1399,#1425);
#1425 = DEFINITIONAL_REPRESENTATION('',(#1426),#1430);
#1426 = LINE('',#1427,#1428);
#1427 = CARTESIAN_POINT('',(9.7838131188E-02,-1.124088537851E-04));
#1428 = VECTOR('',#1429,1.);
#1429 = DIRECTION('',(0.203558594953,-0.979062765312));
#1430 = ( GEOMETRIC_REPRESENTATION_CONTEXT(2) 
PARAMETRIC_REPRESENTATION_CONTEXT() REPRESENTATION_CONTEXT('2D SPACE',''
  ) );
#1431 = PCURVE('',#1432,#1437);
#1432 = CYLINDRICAL_SURFACE('',#1433,0.1);
#1433 = AXIS2_PLACEMENT_3D('',#1434,#1435,#1436);
#1434 = CARTESIAN_POINT('',(2.502388611309,1.7536,-2.802388611309));
#1435 = DIRECTION('',(-0.203558594953,-0.957667894858,0.203558594953));
#1436 = DIRECTION('',(5.107025913276E-15,-0.207911690818,-0.978147600734
    ));
#1437 = DEFINITIONAL_REPRESENTATION('',(#1438),#1442);
#1438 = LINE('',#1439,#1440);
#1439 = CARTESIAN_POINT('',(0.,1.966150054188));
#1440 = VECTOR('',#1441,1.);
#1441 = DIRECTION('',(0.,1.));
#1442 = ( GEOMETRIC_REPRESENTATION_CONTEXT(2) 
PARAMETRIC_REPRESENTATION_CONTEXT() REPRESENTATION_CONTEXT('2D SPACE',''
  ) );
#1443 = ORIENTED_EDGE('',*,*,#1444,.F.);
#1444 = EDGE_CURVE('',#1445,#1415,#1447,.T.);
#1445 = VERTEX_POINT('',#1446);
#1446 = CARTESIAN_POINT('',(2.1,-0.15,-2.5));
#1447 = SURFACE_CURVE('',#1448,(#1453,#1461),.PCURVE_S1.);
#1448 = B_SPLINE_CURVE_WITH_KNOTS('',3,(#1449,#1450,#1451,#1452),
  .UNSPECIFIED.,.F.,.F.,(4,4),(0.,1.),.PIECEWISE_BEZIER_KNOTS.);
#1449 = CARTESIAN_POINT('',(2.1,-0.15,-2.5));
#1450 = CARTESIAN_POINT('',(2.1007225662,-0.15,-2.5));
#1451 = CARTESIAN_POINT('',(2.101443179163,-0.150036838926,
    -2.499992169645));
#1452 = CARTESIAN_POINT('',(2.102161868812,-0.150109952451,
    -2.499976628885));
#1453 = PCURVE('',#1399,#1454);
#1454 = DEFINITIONAL_REPRESENTATION('',(#1455),#1460);
#1455 = B_SPLINE_CURVE_WITH_KNOTS('',3,(#1456,#1457,#1458,#1459),
  .UNSPECIFIED.,.F.,.F.,(4,4),(0.,1.),.PIECEWISE_BEZIER_KNOTS.);
#1456 = CARTESIAN_POINT('',(0.1,0.));
#1457 = CARTESIAN_POINT('',(9.92774338E-02,0.));
#1458 = CARTESIAN_POINT('',(9.8556820837E-02,-3.766192933048E-05));
#1459 = CARTESIAN_POINT('',(9.7838131188E-02,-1.124088537851E-04));
#1460 = ( GEOMETRIC_REPRESENTATION_CONTEXT(2) 
PARAMETRIC_REPRESENTATION_CONTEXT() REPRESENTATION_CONTEXT('2D SPACE',''
  ) );
#1461 = PCURVE('',#1462,#1467);
#1462 = CYLINDRICAL_SURFACE('',#1463,0.1);
#1463 = AXIS2_PLACEMENT_3D('',#1464,#1465,#1466);
#1464 = CARTESIAN_POINT('',(2.1,1.7536,-2.4));
#1465 = DIRECTION('',(0.,-1.,0.));
#1466 = DIRECTION('',(0.,0.,-1.));
#1467 = DEFINITIONAL_REPRESENTATION('',(#1468),#1471);
#1468 = B_SPLINE_CURVE_WITH_KNOTS('',1,(#1469,#1470),.UNSPECIFIED.,.F.,
  .F.,(2,2),(0.,1.),.PIECEWISE_BEZIER_KNOTS.);
#1469 = CARTESIAN_POINT('',(0.,1.9036));
#1470 = CARTESIAN_POINT('',(2.162037245363E-02,1.903709952451));
#1471 = ( GEOMETRIC_REPRESENTATION_CONTEXT(2) 
PARAMETRIC_REPRESENTATION_CONTEXT() REPRESENTATION_CONTEXT('2D SPACE',''
  ) );
#1472 = ORIENTED_EDGE('',*,*,#1473,.T.);
#1473 = EDGE_CURVE('',#1445,#1474,#1476,.T.);
#1474 = VERTEX_POINT('',#1475);
#1475 = CARTESIAN_POINT('',(-2.1,-0.15,-2.5));
#1476 = SURFACE_CURVE('',#1477,(#1481,#1488),.PCURVE_S1.);
#1477 = LINE('',#1478,#1479);
#1478 = CARTESIAN_POINT('',(2.1,-0.15,-2.5));
#1479 = VECTOR('',#1480,1.);
#1480 = DIRECTION('',(-1.,0.,0.));
#1481 = PCURVE('',#1399,#1482);
#1482 = DEFINITIONAL_REPRESENTATION('',(#1483),#1487);
#1483 = LINE('',#1484,#1485);
#1484 = CARTESIAN_POINT('',(0.1,0.));
#1485 = VECTOR('',#1486,1.);
#1486 = DIRECTION('',(1.,0.));
#1487 = ( GEOMETRIC_REPRESENTATION_CONTEXT(2) 
PARAMETRIC_REPRESENTATION_CONTEXT() REPRESENTATION_CONTEXT('2D SPACE',''
  ) );
#1488 = PCURVE('',#1489,#1494);
#1489 = PLANE('',#1490);
#1490 = AXIS2_PLACEMENT_3D('',#1491,#1492,#1493);
#1491 = CARTESIAN_POINT('',(2.2,-0.55,-2.5));
#1492 = DIRECTION('',(0.,0.,-1.));
#1493 = DIRECTION('',(-1.,0.,0.));
#1494 = DEFINITIONAL_REPRESENTATION('',(#1495),#1499);
#1495 = LINE('',#1496,#1497);
#1496 = CARTESIAN_POINT('',(0.1,0.4));
#1497 = VECTOR('',#1498,1.);
#1498 = DIRECTION('',(1.,0.));
#1499 = ( GEOMETRIC_REPRESENTATION_CONTEXT(2) 
PARAMETRIC_REPRESENTATION_CONTEXT() REPRESENTATION_CONTEXT('2D SPACE',''
  ) );
#1500 = ORIENTED_EDGE('',*,*,#1501,.F.);
#1501 = EDGE_CURVE('',#1269,#1474,#1502,.T.);
#1502 = SURFACE_CURVE('',#1503,(#1508,#1516),.PCURVE_S1.);
#1503 = B_SPLINE_CURVE_WITH_KNOTS('',3,(#1504,#1505,#1506,#1507),
  .UNSPECIFIED.,.F.,.F.,(4,4),(0.,1.),.PIECEWISE_BEZIER_KNOTS.);
#1504 = CARTESIAN_POINT('',(-2.102161868812,-0.150109952451,
    -2.499976628885));
#1505 = CARTESIAN_POINT('',(-2.101443179163,-0.150036838926,
    -2.499992169645));
#1506 = CARTESIAN_POINT('',(-2.1007225662,-0.15,-2.5));
#1507 = CARTESIAN_POINT('',(-2.1,-0.15,-2.5));
#1508 = PCURVE('',#1399,#1509);
#1509 = DEFINITIONAL_REPRESENTATION('',(#1510),#1515);
#1510 = B_SPLINE_CURVE_WITH_KNOTS('',3,(#1511,#1512,#1513,#1514),
  .UNSPECIFIED.,.F.,.F.,(4,4),(0.,1.),.PIECEWISE_BEZIER_KNOTS.);
#1511 = CARTESIAN_POINT('',(4.302161868812,-1.124088537851E-04));
#1512 = CARTESIAN_POINT('',(4.301443179163,-3.766192933048E-05));
#1513 = CARTESIAN_POINT('',(4.3007225662,0.));
#1514 = CARTESIAN_POINT('',(4.3,0.));
#1515 = ( GEOMETRIC_REPRESENTATION_CONTEXT(2) 
PARAMETRIC_REPRESENTATION_CONTEXT() REPRESENTATION_CONTEXT('2D SPACE',''
  ) );
#1516 = PCURVE('',#1124,#1517);
#1517 = DEFINITIONAL_REPRESENTATION('',(#1518),#1521);
#1518 = B_SPLINE_CURVE_WITH_KNOTS('',1,(#1519,#1520),.UNSPECIFIED.,.F.,
  .F.,(2,2),(0.,1.),.PIECEWISE_BEZIER_KNOTS.);
#1519 = CARTESIAN_POINT('',(1.549175954341,1.903709952451));
#1520 = CARTESIAN_POINT('',(1.570796326795,1.9036));
#1521 = ( GEOMETRIC_REPRESENTATION_CONTEXT(2) 
PARAMETRIC_REPRESENTATION_CONTEXT() REPRESENTATION_CONTEXT('2D SPACE',''
  ) );
#1522 = ORIENTED_EDGE('',*,*,#1385,.T.);
#1523 = ORIENTED_EDGE('',*,*,#1524,.T.);
#1524 = EDGE_CURVE('',#1222,#1417,#1525,.T.);
#1525 = SURFACE_CURVE('',#1526,(#1530,#1537),.PCURVE_S1.);
#1526 = LINE('',#1527,#1528);
#1527 = CARTESIAN_POINT('',(-2.033998972012,-0.470791169082,
    -2.431813732086));
#1528 = VECTOR('',#1529,1.);
#1529 = DIRECTION('',(1.,0.,0.));
#1530 = PCURVE('',#1399,#1531);
#1531 = DEFINITIONAL_REPRESENTATION('',(#1532),#1536);
#1532 = LINE('',#1533,#1534);
#1533 = CARTESIAN_POINT('',(4.233998972012,-0.327957834627));
#1534 = VECTOR('',#1535,1.);
#1535 = DIRECTION('',(-1.,0.));
#1536 = ( GEOMETRIC_REPRESENTATION_CONTEXT(2) 
PARAMETRIC_REPRESENTATION_CONTEXT() REPRESENTATION_CONTEXT('2D SPACE',''
  ) );
#1537 = PCURVE('',#144,#1538);
#1538 = DEFINITIONAL_REPRESENTATION('',(#1539),#1543);
#1539 = LINE('',#1540,#1541);
#1540 = CARTESIAN_POINT('',(1.361356816557,5.901841027988));
#1541 = VECTOR('',#1542,1.);
#1542 = DIRECTION('',(0.,1.));
#1543 = ( GEOMETRIC_REPRESENTATION_CONTEXT(2) 
PARAMETRIC_REPRESENTATION_CONTEXT() REPRESENTATION_CONTEXT('2D SPACE',''
  ) );
#1544 = ADVANCED_FACE('',(#1545),#1432,.T.);
#1545 = FACE_BOUND('',#1546,.T.);
#1546 = EDGE_LOOP('',(#1547,#1576,#1577,#1694));
#1547 = ORIENTED_EDGE('',*,*,#1548,.F.);
#1548 = EDGE_CURVE('',#1417,#1549,#1551,.T.);
#1549 = VERTEX_POINT('',#1550);
#1550 = CARTESIAN_POINT('',(2.131813732086,-0.470791169082,
    -2.333998972012));
#1551 = SURFACE_CURVE('',#1552,(#1557,#1564),.PCURVE_S1.);
#1552 = CIRCLE('',#1553,0.1);
#1553 = AXIS2_PLACEMENT_3D('',#1554,#1555,#1556);
#1554 = CARTESIAN_POINT('',(2.033998972012,-0.45,-2.333998972012));
#1555 = DIRECTION('',(-0.203558594953,-0.957667894858,0.203558594953));
#1556 = DIRECTION('',(5.107025913276E-15,-0.207911690818,-0.978147600734
    ));
#1557 = PCURVE('',#1432,#1558);
#1558 = DEFINITIONAL_REPRESENTATION('',(#1559),#1563);
#1559 = LINE('',#1560,#1561);
#1560 = CARTESIAN_POINT('',(0.,2.301006446841));
#1561 = VECTOR('',#1562,1.);
#1562 = DIRECTION('',(1.,0.));
#1563 = ( GEOMETRIC_REPRESENTATION_CONTEXT(2) 
PARAMETRIC_REPRESENTATION_CONTEXT() REPRESENTATION_CONTEXT('2D SPACE',''
  ) );
#1564 = PCURVE('',#1565,#1570);
#1565 = SPHERICAL_SURFACE('',#1566,0.1);
#1566 = AXIS2_PLACEMENT_3D('',#1567,#1568,#1569);
#1567 = CARTESIAN_POINT('',(2.033998972012,-0.45,-2.333998972012));
#1568 = DIRECTION('',(-0.707106781187,0.,-0.707106781187));
#1569 = DIRECTION('',(0.677173462579,-0.28787532572,-0.677173462579));
#1570 = DEFINITIONAL_REPRESENTATION('',(#1571),#1575);
#1571 = LINE('',#1572,#1573);
#1572 = CARTESIAN_POINT('',(0.,0.763777790946));
#1573 = VECTOR('',#1574,1.);
#1574 = DIRECTION('',(0.,-1.));
#1575 = ( GEOMETRIC_REPRESENTATION_CONTEXT(2) 
PARAMETRIC_REPRESENTATION_CONTEXT() REPRESENTATION_CONTEXT('2D SPACE',''
  ) );
#1576 = ORIENTED_EDGE('',*,*,#1414,.F.);
#1577 = ORIENTED_EDGE('',*,*,#1578,.T.);
#1578 = EDGE_CURVE('',#1415,#1579,#1581,.T.);
#1579 = VERTEX_POINT('',#1580);
#1580 = CARTESIAN_POINT('',(2.199976628885,-0.150109952451,
    -2.402161868812));
#1581 = SURFACE_CURVE('',#1582,(#1592,#1643),.PCURVE_S1.);
#1582 = B_SPLINE_CURVE_WITH_KNOTS('',3,(#1583,#1584,#1585,#1586,#1587,
    #1588,#1589,#1590,#1591),.UNSPECIFIED.,.F.,.F.,(4,1,1,1,1,1,4),(0.,
    0.166666666667,0.333333333333,0.5,0.666666666667,0.833333333333,1.),
  .UNSPECIFIED.);
#1583 = CARTESIAN_POINT('',(2.102161868812,-0.150109952451,
    -2.499976628885));
#1584 = CARTESIAN_POINT('',(2.110623505267,-0.15097076917,
    -2.499793656643));
#1585 = CARTESIAN_POINT('',(2.127513219859,-0.1524648888,-2.497273220002
    ));
#1586 = CARTESIAN_POINT('',(2.151197636601,-0.153876727975,
    -2.487166771938));
#1587 = CARTESIAN_POINT('',(2.171474915043,-0.154353520781,
    -2.471474915043));
#1588 = CARTESIAN_POINT('',(2.187166771938,-0.153876727975,
    -2.451197636601));
#1589 = CARTESIAN_POINT('',(2.197273220002,-0.1524648888,-2.427513219859
    ));
#1590 = CARTESIAN_POINT('',(2.199793656643,-0.15097076917,
    -2.410623505267));
#1591 = CARTESIAN_POINT('',(2.199976628885,-0.150109952451,
    -2.402161868812));
#1592 = PCURVE('',#1432,#1593);
#1593 = DEFINITIONAL_REPRESENTATION('',(#1594),#1642);
#1594 = B_SPLINE_CURVE_WITH_KNOTS('',3,(#1595,#1596,#1597,#1598,#1599,
    #1600,#1601,#1602,#1603,#1604,#1605,#1606,#1607,#1608,#1609,#1610,
    #1611,#1612,#1613,#1614,#1615,#1616,#1617,#1618,#1619,#1620,#1621,
    #1622,#1623,#1624,#1625,#1626,#1627,#1628,#1629,#1630,#1631,#1632,
    #1633,#1634,#1635,#1636,#1637,#1638,#1639,#1640,#1641),
  .UNSPECIFIED.,.F.,.F.,(4,1,1,1,1,1,1,1,1,1,1,1,1,1,1,1,1,1,1,1,1,1,1,1
    ,1,1,1,1,1,1,1,1,1,1,1,1,1,1,1,1,1,1,1,1,4),(0.,2.272727272727E-02,
    4.545454545455E-02,6.818181818182E-02,9.090909090909E-02,
    0.113636363636,0.136363636364,0.159090909091,0.181818181818,
    0.204545454545,0.227272727273,0.25,0.272727272727,0.295454545455,
    0.318181818182,0.340909090909,0.363636363636,0.386363636364,
    0.409090909091,0.431818181818,0.454545454545,0.477272727273,0.5,
    0.522727272727,0.545454545455,0.568181818182,0.590909090909,
    0.613636363636,0.636363636364,0.659090909091,0.681818181818,
    0.704545454545,0.727272727273,0.75,0.772727272727,0.795454545455,
    0.818181818182,0.840909090909,0.863636363636,0.886363636364,
    0.909090909091,0.931818181818,0.954545454545,0.977272727273,1.),
  .QUASI_UNIFORM_KNOTS.);
#1595 = CARTESIAN_POINT('',(0.,1.966150054188));
#1596 = CARTESIAN_POINT('',(1.154127496899E-02,1.96603267009));
#1597 = CARTESIAN_POINT('',(3.462631841144E-02,1.965802132522));
#1598 = CARTESIAN_POINT('',(6.92634265782E-02,1.965469390295));
#1599 = CARTESIAN_POINT('',(0.103912180609,1.965150084414));
#1600 = CARTESIAN_POINT('',(0.138574542065,1.964844587172));
#1601 = CARTESIAN_POINT('',(0.173252571136,1.964553270592));
#1602 = CARTESIAN_POINT('',(0.207948693986,1.964276507706));
#1603 = CARTESIAN_POINT('',(0.242665434736,1.964014667778));
#1604 = CARTESIAN_POINT('',(0.277407251352,1.963768134138));
#1605 = CARTESIAN_POINT('',(0.312171651458,1.963537206739));
#1606 = CARTESIAN_POINT('',(0.346951808883,1.96332214608));
#1607 = CARTESIAN_POINT('',(0.381741194864,1.963123222295));
#1608 = CARTESIAN_POINT('',(0.416532801094,1.962940702575));
#1609 = CARTESIAN_POINT('',(0.451319633025,1.962774856248));
#1610 = CARTESIAN_POINT('',(0.486095206868,1.96262594704));
#1611 = CARTESIAN_POINT('',(0.520852761199,1.962494258941));
#1612 = CARTESIAN_POINT('',(0.55558993285,1.962379992304));
#1613 = CARTESIAN_POINT('',(0.590311431167,1.962283170597));
#1614 = CARTESIAN_POINT('',(0.625020065829,1.962203847139));
#1615 = CARTESIAN_POINT('',(0.659718597512,1.962142067248));
#1616 = CARTESIAN_POINT('',(0.694409454125,1.962097878388));
#1617 = CARTESIAN_POINT('',(0.729095027376,1.962071327446));
#1618 = CARTESIAN_POINT('',(0.763777790946,1.962062461466));
#1619 = CARTESIAN_POINT('',(0.798460554516,1.962071327446));
#1620 = CARTESIAN_POINT('',(0.833146127767,1.962097878388));
#1621 = CARTESIAN_POINT('',(0.86783698438,1.962142067248));
#1622 = CARTESIAN_POINT('',(0.902535516063,1.962203847139));
#1623 = CARTESIAN_POINT('',(0.937244150725,1.962283170597));
#1624 = CARTESIAN_POINT('',(0.971965649042,1.962379992304));
#1625 = CARTESIAN_POINT('',(1.006702820694,1.962494258941));
#1626 = CARTESIAN_POINT('',(1.041460375024,1.96262594704));
#1627 = CARTESIAN_POINT('',(1.076235948867,1.962774856248));
#1628 = CARTESIAN_POINT('',(1.111022780798,1.962940702575));
#1629 = CARTESIAN_POINT('',(1.145814387028,1.963123222295));
#1630 = CARTESIAN_POINT('',(1.180603773009,1.96332214608));
#1631 = CARTESIAN_POINT('',(1.215383930434,1.963537206739));
#1632 = CARTESIAN_POINT('',(1.25014833054,1.963768134138));
#1633 = CARTESIAN_POINT('',(1.284890147156,1.964014667778));
#1634 = CARTESIAN_POINT('',(1.319606887906,1.964276507706));
#1635 = CARTESIAN_POINT('',(1.354303010756,1.964553270592));
#1636 = CARTESIAN_POINT('',(1.388981039827,1.964844587172));
#1637 = CARTESIAN_POINT('',(1.423643401283,1.965150084414));
#1638 = CARTESIAN_POINT('',(1.458292155314,1.965469390295));
#1639 = CARTESIAN_POINT('',(1.49292926348,1.965802132522));
#1640 = CARTESIAN_POINT('',(1.516014306924,1.96603267009));
#1641 = CARTESIAN_POINT('',(1.527555581894,1.966150054188));
#1642 = ( GEOMETRIC_REPRESENTATION_CONTEXT(2) 
PARAMETRIC_REPRESENTATION_CONTEXT() REPRESENTATION_CONTEXT('2D SPACE',''
  ) );
#1643 = PCURVE('',#1462,#1644);
#1644 = DEFINITIONAL_REPRESENTATION('',(#1645),#1693);
#1645 = B_SPLINE_CURVE_WITH_KNOTS('',3,(#1646,#1647,#1648,#1649,#1650,
    #1651,#1652,#1653,#1654,#1655,#1656,#1657,#1658,#1659,#1660,#1661,
    #1662,#1663,#1664,#1665,#1666,#1667,#1668,#1669,#1670,#1671,#1672,
    #1673,#1674,#1675,#1676,#1677,#1678,#1679,#1680,#1681,#1682,#1683,
    #1684,#1685,#1686,#1687,#1688,#1689,#1690,#1691,#1692),
  .UNSPECIFIED.,.F.,.F.,(4,1,1,1,1,1,1,1,1,1,1,1,1,1,1,1,1,1,1,1,1,1,1,1
    ,1,1,1,1,1,1,1,1,1,1,1,1,1,1,1,1,1,1,1,1,4),(0.,2.272727272727E-02,
    4.545454545455E-02,6.818181818182E-02,9.090909090909E-02,
    0.113636363636,0.136363636364,0.159090909091,0.181818181818,
    0.204545454545,0.227272727273,0.25,0.272727272727,0.295454545455,
    0.318181818182,0.340909090909,0.363636363636,0.386363636364,
    0.409090909091,0.431818181818,0.454545454545,0.477272727273,0.5,
    0.522727272727,0.545454545455,0.568181818182,0.590909090909,
    0.613636363636,0.636363636364,0.659090909091,0.681818181818,
    0.704545454545,0.727272727273,0.75,0.772727272727,0.795454545455,
    0.818181818182,0.840909090909,0.863636363636,0.886363636364,
    0.909090909091,0.931818181818,0.954545454545,0.977272727273,1.),
  .QUASI_UNIFORM_KNOTS.);
#1646 = CARTESIAN_POINT('',(2.162037245363E-02,1.903709952451));
#1647 = CARTESIAN_POINT('',(3.31616474236E-02,1.903827336549));
#1648 = CARTESIAN_POINT('',(5.624669086694E-02,1.904057874117));
#1649 = CARTESIAN_POINT('',(9.088379903321E-02,1.904390616344));
#1650 = CARTESIAN_POINT('',(0.125532553064,1.904709922224));
#1651 = CARTESIAN_POINT('',(0.16019491452,1.905015419466));
#1652 = CARTESIAN_POINT('',(0.194872943591,1.905306736046));
#1653 = CARTESIAN_POINT('',(0.22956906644,1.905583498932));
#1654 = CARTESIAN_POINT('',(0.264285807191,1.905845338861));
#1655 = CARTESIAN_POINT('',(0.299027623806,1.9060918725));
#1656 = CARTESIAN_POINT('',(0.333792023912,1.9063227999));
#1657 = CARTESIAN_POINT('',(0.368572181336,1.906537860559));
#1658 = CARTESIAN_POINT('',(0.403361567317,1.906736784344));
#1659 = CARTESIAN_POINT('',(0.438153173548,1.906919304063));
#1660 = CARTESIAN_POINT('',(0.472940005479,1.907085150391));
#1661 = CARTESIAN_POINT('',(0.507715579321,1.907234059599));
#1662 = CARTESIAN_POINT('',(0.542473133651,1.907365747697));
#1663 = CARTESIAN_POINT('',(0.577210305302,1.907480014335));
#1664 = CARTESIAN_POINT('',(0.61193180362,1.907576836041));
#1665 = CARTESIAN_POINT('',(0.646640438281,1.9076561595));
#1666 = CARTESIAN_POINT('',(0.681338969964,1.90771793939));
#1667 = CARTESIAN_POINT('',(0.716029826577,1.907762128251));
#1668 = CARTESIAN_POINT('',(0.750715399828,1.907788679192));
#1669 = CARTESIAN_POINT('',(0.785398163397,1.907797545172));
#1670 = CARTESIAN_POINT('',(0.820080926967,1.907788679192));
#1671 = CARTESIAN_POINT('',(0.854766500218,1.907762128251));
#1672 = CARTESIAN_POINT('',(0.889457356831,1.90771793939));
#1673 = CARTESIAN_POINT('',(0.924155888514,1.9076561595));
#1674 = CARTESIAN_POINT('',(0.958864523175,1.907576836041));
#1675 = CARTESIAN_POINT('',(0.993586021493,1.907480014335));
#1676 = CARTESIAN_POINT('',(1.028323193144,1.907365747697));
#1677 = CARTESIAN_POINT('',(1.063080747474,1.907234059599));
#1678 = CARTESIAN_POINT('',(1.097856321316,1.907085150391));
#1679 = CARTESIAN_POINT('',(1.132643153247,1.906919304063));
#1680 = CARTESIAN_POINT('',(1.167434759478,1.906736784344));
#1681 = CARTESIAN_POINT('',(1.202224145458,1.906537860559));
#1682 = CARTESIAN_POINT('',(1.237004302883,1.9063227999));
#1683 = CARTESIAN_POINT('',(1.271768702989,1.9060918725));
#1684 = CARTESIAN_POINT('',(1.306510519604,1.905845338861));
#1685 = CARTESIAN_POINT('',(1.341227260355,1.905583498932));
#1686 = CARTESIAN_POINT('',(1.375923383204,1.905306736046));
#1687 = CARTESIAN_POINT('',(1.410601412275,1.905015419466));
#1688 = CARTESIAN_POINT('',(1.445263773731,1.904709922224));
#1689 = CARTESIAN_POINT('',(1.479912527762,1.904390616344));
#1690 = CARTESIAN_POINT('',(1.514549635928,1.904057874117));
#1691 = CARTESIAN_POINT('',(1.537634679371,1.903827336549));
#1692 = CARTESIAN_POINT('',(1.549175954341,1.903709952451));
#1693 = ( GEOMETRIC_REPRESENTATION_CONTEXT(2) 
PARAMETRIC_REPRESENTATION_CONTEXT() REPRESENTATION_CONTEXT('2D SPACE',''
  ) );
#1694 = ORIENTED_EDGE('',*,*,#1695,.T.);
#1695 = EDGE_CURVE('',#1579,#1549,#1696,.T.);
#1696 = SURFACE_CURVE('',#1697,(#1701,#1708),.PCURVE_S1.);
#1697 = LINE('',#1698,#1699);
#1698 = CARTESIAN_POINT('',(2.199976628885,-0.150109952451,
    -2.402161868812));
#1699 = VECTOR('',#1700,1.);
#1700 = DIRECTION('',(-0.203558594953,-0.957667894858,0.203558594953));
#1701 = PCURVE('',#1432,#1702);
#1702 = DEFINITIONAL_REPRESENTATION('',(#1703),#1707);
#1703 = LINE('',#1704,#1705);
#1704 = CARTESIAN_POINT('',(1.527555581894,1.966150054188));
#1705 = VECTOR('',#1706,1.);
#1706 = DIRECTION('',(0.,1.));
#1707 = ( GEOMETRIC_REPRESENTATION_CONTEXT(2) 
PARAMETRIC_REPRESENTATION_CONTEXT() REPRESENTATION_CONTEXT('2D SPACE',''
  ) );
#1708 = PCURVE('',#1709,#1714);
#1709 = PLANE('',#1710);
#1710 = AXIS2_PLACEMENT_3D('',#1711,#1712,#1713);
#1711 = CARTESIAN_POINT('',(2.2,-0.15,2.5));
#1712 = DIRECTION('',(0.978147600734,-0.207911690818,0.));
#1713 = DIRECTION('',(0.,0.,-1.));
#1714 = DEFINITIONAL_REPRESENTATION('',(#1715),#1719);
#1715 = LINE('',#1716,#1717);
#1716 = CARTESIAN_POINT('',(4.902161868812,-1.124088537851E-04));
#1717 = VECTOR('',#1718,1.);
#1718 = DIRECTION('',(-0.203558594953,-0.979062765312));
#1719 = ( GEOMETRIC_REPRESENTATION_CONTEXT(2) 
PARAMETRIC_REPRESENTATION_CONTEXT() REPRESENTATION_CONTEXT('2D SPACE',''
  ) );
#1720 = ADVANCED_FACE('',(#1721),#1709,.T.);
#1721 = FACE_BOUND('',#1722,.F.);
#1722 = EDGE_LOOP('',(#1723,#1724,#1747,#1775,#1804,#1832));
#1723 = ORIENTED_EDGE('',*,*,#1695,.T.);
#1724 = ORIENTED_EDGE('',*,*,#1725,.T.);
#1725 = EDGE_CURVE('',#1549,#1726,#1728,.T.);
#1726 = VERTEX_POINT('',#1727);
#1727 = CARTESIAN_POINT('',(2.131813732086,-0.470791169082,
    2.333998972012));
#1728 = SURFACE_CURVE('',#1729,(#1733,#1740),.PCURVE_S1.);
#1729 = LINE('',#1730,#1731);
#1730 = CARTESIAN_POINT('',(2.131813732086,-0.470791169082,
    -2.333998972012));
#1731 = VECTOR('',#1732,1.);
#1732 = DIRECTION('',(0.,0.,1.));
#1733 = PCURVE('',#1709,#1734);
#1734 = DEFINITIONAL_REPRESENTATION('',(#1735),#1739);
#1735 = LINE('',#1736,#1737);
#1736 = CARTESIAN_POINT('',(4.833998972012,-0.327957834627));
#1737 = VECTOR('',#1738,1.);
#1738 = DIRECTION('',(-1.,0.));
#1739 = ( GEOMETRIC_REPRESENTATION_CONTEXT(2) 
PARAMETRIC_REPRESENTATION_CONTEXT() REPRESENTATION_CONTEXT('2D SPACE',''
  ) );
#1740 = PCURVE('',#118,#1741);
#1741 = DEFINITIONAL_REPRESENTATION('',(#1742),#1746);
#1742 = LINE('',#1743,#1744);
#1743 = CARTESIAN_POINT('',(1.361356816557,6.684001027988));
#1744 = VECTOR('',#1745,1.);
#1745 = DIRECTION('',(0.,1.));
#1746 = ( GEOMETRIC_REPRESENTATION_CONTEXT(2) 
PARAMETRIC_REPRESENTATION_CONTEXT() REPRESENTATION_CONTEXT('2D SPACE',''
  ) );
#1747 = ORIENTED_EDGE('',*,*,#1748,.F.);
#1748 = EDGE_CURVE('',#1749,#1726,#1751,.T.);
#1749 = VERTEX_POINT('',#1750);
#1750 = CARTESIAN_POINT('',(2.199976628885,-0.150109952451,
    2.402161868812));
#1751 = SURFACE_CURVE('',#1752,(#1756,#1763),.PCURVE_S1.);
#1752 = LINE('',#1753,#1754);
#1753 = CARTESIAN_POINT('',(2.199976628885,-0.150109952451,
    2.402161868812));
#1754 = VECTOR('',#1755,1.);
#1755 = DIRECTION('',(-0.203558594953,-0.957667894858,-0.203558594953));
#1756 = PCURVE('',#1709,#1757);
#1757 = DEFINITIONAL_REPRESENTATION('',(#1758),#1762);
#1758 = LINE('',#1759,#1760);
#1759 = CARTESIAN_POINT('',(9.7838131188E-02,-1.124088537851E-04));
#1760 = VECTOR('',#1761,1.);
#1761 = DIRECTION('',(0.203558594953,-0.979062765312));
#1762 = ( GEOMETRIC_REPRESENTATION_CONTEXT(2) 
PARAMETRIC_REPRESENTATION_CONTEXT() REPRESENTATION_CONTEXT('2D SPACE',''
  ) );
#1763 = PCURVE('',#1764,#1769);
#1764 = CYLINDRICAL_SURFACE('',#1765,0.1);
#1765 = AXIS2_PLACEMENT_3D('',#1766,#1767,#1768);
#1766 = CARTESIAN_POINT('',(2.502388611309,1.7536,2.802388611309));
#1767 = DIRECTION('',(-0.203558594953,-0.957667894858,-0.203558594953));
#1768 = DIRECTION('',(0.978147600734,-0.207911690818,5.107025913276E-15)
  );
#1769 = DEFINITIONAL_REPRESENTATION('',(#1770),#1774);
#1770 = LINE('',#1771,#1772);
#1771 = CARTESIAN_POINT('',(0.,1.966150054188));
#1772 = VECTOR('',#1773,1.);
#1773 = DIRECTION('',(0.,1.));
#1774 = ( GEOMETRIC_REPRESENTATION_CONTEXT(2) 
PARAMETRIC_REPRESENTATION_CONTEXT() REPRESENTATION_CONTEXT('2D SPACE',''
  ) );
#1775 = ORIENTED_EDGE('',*,*,#1776,.F.);
#1776 = EDGE_CURVE('',#1777,#1749,#1779,.T.);
#1777 = VERTEX_POINT('',#1778);
#1778 = CARTESIAN_POINT('',(2.2,-0.15,2.4));
#1779 = SURFACE_CURVE('',#1780,(#1785,#1793),.PCURVE_S1.);
#1780 = B_SPLINE_CURVE_WITH_KNOTS('',3,(#1781,#1782,#1783,#1784),
  .UNSPECIFIED.,.F.,.F.,(4,4),(0.,1.),.PIECEWISE_BEZIER_KNOTS.);
#1781 = CARTESIAN_POINT('',(2.2,-0.15,2.4));
#1782 = CARTESIAN_POINT('',(2.2,-0.15,2.4007225662));
#1783 = CARTESIAN_POINT('',(2.199992169645,-0.150036838926,
    2.401443179163));
#1784 = CARTESIAN_POINT('',(2.199976628885,-0.150109952451,
    2.402161868812));
#1785 = PCURVE('',#1709,#1786);
#1786 = DEFINITIONAL_REPRESENTATION('',(#1787),#1792);
#1787 = B_SPLINE_CURVE_WITH_KNOTS('',3,(#1788,#1789,#1790,#1791),
  .UNSPECIFIED.,.F.,.F.,(4,4),(0.,1.),.PIECEWISE_BEZIER_KNOTS.);
#1788 = CARTESIAN_POINT('',(0.1,0.));
#1789 = CARTESIAN_POINT('',(9.92774338E-02,0.));
#1790 = CARTESIAN_POINT('',(9.8556820837E-02,-3.766192933048E-05));
#1791 = CARTESIAN_POINT('',(9.7838131188E-02,-1.124088537851E-04));
#1792 = ( GEOMETRIC_REPRESENTATION_CONTEXT(2) 
PARAMETRIC_REPRESENTATION_CONTEXT() REPRESENTATION_CONTEXT('2D SPACE',''
  ) );
#1793 = PCURVE('',#1794,#1799);
#1794 = CYLINDRICAL_SURFACE('',#1795,0.1);
#1795 = AXIS2_PLACEMENT_3D('',#1796,#1797,#1798);
#1796 = CARTESIAN_POINT('',(2.1,1.7536,2.4));
#1797 = DIRECTION('',(0.,-1.,0.));
#1798 = DIRECTION('',(1.,0.,0.));
#1799 = DEFINITIONAL_REPRESENTATION('',(#1800),#1803);
#1800 = B_SPLINE_CURVE_WITH_KNOTS('',1,(#1801,#1802),.UNSPECIFIED.,.F.,
  .F.,(2,2),(0.,1.),.PIECEWISE_BEZIER_KNOTS.);
#1801 = CARTESIAN_POINT('',(0.,1.9036));
#1802 = CARTESIAN_POINT('',(2.162037245364E-02,1.903709952451));
#1803 = ( GEOMETRIC_REPRESENTATION_CONTEXT(2) 
PARAMETRIC_REPRESENTATION_CONTEXT() REPRESENTATION_CONTEXT('2D SPACE',''
  ) );
#1804 = ORIENTED_EDGE('',*,*,#1805,.T.);
#1805 = EDGE_CURVE('',#1777,#1806,#1808,.T.);
#1806 = VERTEX_POINT('',#1807);
#1807 = CARTESIAN_POINT('',(2.2,-0.15,-2.4));
#1808 = SURFACE_CURVE('',#1809,(#1813,#1820),.PCURVE_S1.);
#1809 = LINE('',#1810,#1811);
#1810 = CARTESIAN_POINT('',(2.2,-0.15,2.4));
#1811 = VECTOR('',#1812,1.);
#1812 = DIRECTION('',(0.,0.,-1.));
#1813 = PCURVE('',#1709,#1814);
#1814 = DEFINITIONAL_REPRESENTATION('',(#1815),#1819);
#1815 = LINE('',#1816,#1817);
#1816 = CARTESIAN_POINT('',(0.1,0.));
#1817 = VECTOR('',#1818,1.);
#1818 = DIRECTION('',(1.,0.));
#1819 = ( GEOMETRIC_REPRESENTATION_CONTEXT(2) 
PARAMETRIC_REPRESENTATION_CONTEXT() REPRESENTATION_CONTEXT('2D SPACE',''
  ) );
#1820 = PCURVE('',#1821,#1826);
#1821 = PLANE('',#1822);
#1822 = AXIS2_PLACEMENT_3D('',#1823,#1824,#1825);
#1823 = CARTESIAN_POINT('',(2.2,-0.55,2.5));
#1824 = DIRECTION('',(1.,0.,0.));
#1825 = DIRECTION('',(0.,0.,-1.));
#1826 = DEFINITIONAL_REPRESENTATION('',(#1827),#1831);
#1827 = LINE('',#1828,#1829);
#1828 = CARTESIAN_POINT('',(0.1,0.4));
#1829 = VECTOR('',#1830,1.);
#1830 = DIRECTION('',(1.,0.));
#1831 = ( GEOMETRIC_REPRESENTATION_CONTEXT(2) 
PARAMETRIC_REPRESENTATION_CONTEXT() REPRESENTATION_CONTEXT('2D SPACE',''
  ) );
#1832 = ORIENTED_EDGE('',*,*,#1833,.F.);
#1833 = EDGE_CURVE('',#1579,#1806,#1834,.T.);
#1834 = SURFACE_CURVE('',#1835,(#1840,#1848),.PCURVE_S1.);
#1835 = B_SPLINE_CURVE_WITH_KNOTS('',3,(#1836,#1837,#1838,#1839),
  .UNSPECIFIED.,.F.,.F.,(4,4),(0.,1.),.PIECEWISE_BEZIER_KNOTS.);
#1836 = CARTESIAN_POINT('',(2.199976628885,-0.150109952451,
    -2.402161868812));
#1837 = CARTESIAN_POINT('',(2.199992169645,-0.150036838926,
    -2.401443179163));
#1838 = CARTESIAN_POINT('',(2.2,-0.15,-2.4007225662));
#1839 = CARTESIAN_POINT('',(2.2,-0.15,-2.4));
#1840 = PCURVE('',#1709,#1841);
#1841 = DEFINITIONAL_REPRESENTATION('',(#1842),#1847);
#1842 = B_SPLINE_CURVE_WITH_KNOTS('',3,(#1843,#1844,#1845,#1846),
  .UNSPECIFIED.,.F.,.F.,(4,4),(0.,1.),.PIECEWISE_BEZIER_KNOTS.);
#1843 = CARTESIAN_POINT('',(4.902161868812,-1.124088537851E-04));
#1844 = CARTESIAN_POINT('',(4.901443179163,-3.766192933048E-05));
#1845 = CARTESIAN_POINT('',(4.9007225662,0.));
#1846 = CARTESIAN_POINT('',(4.9,0.));
#1847 = ( GEOMETRIC_REPRESENTATION_CONTEXT(2) 
PARAMETRIC_REPRESENTATION_CONTEXT() REPRESENTATION_CONTEXT('2D SPACE',''
  ) );
#1848 = PCURVE('',#1462,#1849);
#1849 = DEFINITIONAL_REPRESENTATION('',(#1850),#1853);
#1850 = B_SPLINE_CURVE_WITH_KNOTS('',1,(#1851,#1852),.UNSPECIFIED.,.F.,
  .F.,(2,2),(0.,1.),.PIECEWISE_BEZIER_KNOTS.);
#1851 = CARTESIAN_POINT('',(1.549175954341,1.903709952451));
#1852 = CARTESIAN_POINT('',(1.570796326795,1.9036));
#1853 = ( GEOMETRIC_REPRESENTATION_CONTEXT(2) 
PARAMETRIC_REPRESENTATION_CONTEXT() REPRESENTATION_CONTEXT('2D SPACE',''
  ) );
#1854 = ADVANCED_FACE('',(#1855),#118,.T.);
#1855 = FACE_BOUND('',#1856,.T.);
#1856 = EDGE_LOOP('',(#1857,#1901,#1902,#1951));
#1857 = ORIENTED_EDGE('',*,*,#1858,.F.);
#1858 = EDGE_CURVE('',#1549,#103,#1859,.T.);
#1859 = SURFACE_CURVE('',#1860,(#1865,#1872),.PCURVE_S1.);
#1860 = CIRCLE('',#1861,0.1);
#1861 = AXIS2_PLACEMENT_3D('',#1862,#1863,#1864);
#1862 = CARTESIAN_POINT('',(2.033998972012,-0.45,-2.333998972012));
#1863 = DIRECTION('',(0.,0.,-1.));
#1864 = DIRECTION('',(0.978147600734,-0.207911690818,0.));
#1865 = PCURVE('',#118,#1866);
#1866 = DEFINITIONAL_REPRESENTATION('',(#1867),#1871);
#1867 = LINE('',#1868,#1869);
#1868 = CARTESIAN_POINT('',(1.361356816556,6.684001027988));
#1869 = VECTOR('',#1870,1.);
#1870 = DIRECTION('',(-1.,0.));
#1871 = ( GEOMETRIC_REPRESENTATION_CONTEXT(2) 
PARAMETRIC_REPRESENTATION_CONTEXT() REPRESENTATION_CONTEXT('2D SPACE',''
  ) );
#1872 = PCURVE('',#1565,#1873);
#1873 = DEFINITIONAL_REPRESENTATION('',(#1874),#1900);
#1874 = B_SPLINE_CURVE_WITH_KNOTS('',3,(#1875,#1876,#1877,#1878,#1879,
    #1880,#1881,#1882,#1883,#1884,#1885,#1886,#1887,#1888,#1889,#1890,
    #1891,#1892,#1893,#1894,#1895,#1896,#1897,#1898,#1899),
  .UNSPECIFIED.,.F.,.F.,(4,1,1,1,1,1,1,1,1,1,1,1,1,1,1,1,1,1,1,1,1,1,4),
  (0.,6.187985529798E-02,0.123759710596,0.185639565894,0.247519421192,
    0.30939927649,0.371279131788,0.433158987086,0.495038842384,
    0.556918697682,0.61879855298,0.680678408278,0.742558263576,
    0.804438118874,0.866317974172,0.92819782947,0.990077684768,
    1.051957540066,1.113837395364,1.175717250662,1.23759710596,
    1.299476961258,1.361356816556),.QUASI_UNIFORM_KNOTS.);
#1875 = CARTESIAN_POINT('',(0.,-0.763777790946));
#1876 = CARTESIAN_POINT('',(2.797113788963E-02,-0.759581142177));
#1877 = CARTESIAN_POINT('',(8.320320745565E-02,-0.750007976053));
#1878 = CARTESIAN_POINT('',(0.163633907094,-0.732327194624));
#1879 = CARTESIAN_POINT('',(0.241316525335,-0.711536628782));
#1880 = CARTESIAN_POINT('',(0.316074002647,-0.687873166237));
#1881 = CARTESIAN_POINT('',(0.387819193966,-0.661578144026));
#1882 = CARTESIAN_POINT('',(0.456554243229,-0.632892633929));
#1883 = CARTESIAN_POINT('',(0.522349833369,-0.602050643096));
#1884 = CARTESIAN_POINT('',(0.585329551786,-0.569275198873));
#1885 = CARTESIAN_POINT('',(0.645654594214,-0.53477574131));
#1886 = CARTESIAN_POINT('',(0.703511174992,-0.498746880862));
#1887 = CARTESIAN_POINT('',(0.75910040087,-0.461368112557));
#1888 = CARTESIAN_POINT('',(0.812630601655,-0.422804231677));
#1889 = CARTESIAN_POINT('',(0.864311787013,-0.383206212194));
#1890 = CARTESIAN_POINT('',(0.914351874006,-0.342712370645));
#1891 = CARTESIAN_POINT('',(0.962954321228,-0.301449684215));
#1892 = CARTESIAN_POINT('',(1.010316845295,-0.259535172379));
#1893 = CARTESIAN_POINT('',(1.056630948834,-0.2170772849));
#1894 = CARTESIAN_POINT('',(1.102082035502,-0.174177256082));
#1895 = CARTESIAN_POINT('',(1.146849965406,-0.130930428044));
#1896 = CARTESIAN_POINT('',(1.191109838157,-8.742746248138E-02));
#1897 = CARTESIAN_POINT('',(1.235033225033,-4.375572484336E-02));
#1898 = CARTESIAN_POINT('',(1.26420347429,-1.458510896245E-02));
#1899 = CARTESIAN_POINT('',(1.27878882311,0.));
#1900 = ( GEOMETRIC_REPRESENTATION_CONTEXT(2) 
PARAMETRIC_REPRESENTATION_CONTEXT() REPRESENTATION_CONTEXT('2D SPACE',''
  ) );
#1901 = ORIENTED_EDGE('',*,*,#1725,.T.);
#1902 = ORIENTED_EDGE('',*,*,#1903,.F.);
#1903 = EDGE_CURVE('',#75,#1726,#1904,.T.);
#1904 = SURFACE_CURVE('',#1905,(#1910,#1917),.PCURVE_S1.);
#1905 = CIRCLE('',#1906,0.1);
#1906 = AXIS2_PLACEMENT_3D('',#1907,#1908,#1909);
#1907 = CARTESIAN_POINT('',(2.033998972012,-0.45,2.333998972012));
#1908 = DIRECTION('',(0.,0.,1.));
#1909 = DIRECTION('',(0.,-1.,0.));
#1910 = PCURVE('',#118,#1911);
#1911 = DEFINITIONAL_REPRESENTATION('',(#1912),#1916);
#1912 = LINE('',#1913,#1914);
#1913 = CARTESIAN_POINT('',(0.,11.351998972012));
#1914 = VECTOR('',#1915,1.);
#1915 = DIRECTION('',(1.,0.));
#1916 = ( GEOMETRIC_REPRESENTATION_CONTEXT(2) 
PARAMETRIC_REPRESENTATION_CONTEXT() REPRESENTATION_CONTEXT('2D SPACE',''
  ) );
#1917 = PCURVE('',#1918,#1923);
#1918 = SPHERICAL_SURFACE('',#1919,0.1);
#1919 = AXIS2_PLACEMENT_3D('',#1920,#1921,#1922);
#1920 = CARTESIAN_POINT('',(2.033998972012,-0.45,2.333998972012));
#1921 = DIRECTION('',(0.707106781187,0.,-0.707106781187));
#1922 = DIRECTION('',(0.677173462579,-0.28787532572,0.677173462579));
#1923 = DEFINITIONAL_REPRESENTATION('',(#1924),#1950);
#1924 = B_SPLINE_CURVE_WITH_KNOTS('',3,(#1925,#1926,#1927,#1928,#1929,
    #1930,#1931,#1932,#1933,#1934,#1935,#1936,#1937,#1938,#1939,#1940,
    #1941,#1942,#1943,#1944,#1945,#1946,#1947,#1948,#1949),
  .UNSPECIFIED.,.F.,.F.,(4,1,1,1,1,1,1,1,1,1,1,1,1,1,1,1,1,1,1,1,1,1,4),
  (0.,6.187985529803E-02,0.123759710596,0.185639565894,0.247519421192,
    0.30939927649,0.371279131788,0.433158987086,0.495038842384,
    0.556918697682,0.61879855298,0.680678408278,0.742558263576,
    0.804438118874,0.866317974172,0.92819782947,0.990077684768,
    1.051957540066,1.113837395365,1.175717250663,1.237597105961,
    1.299476961259,1.361356816557),.QUASI_UNIFORM_KNOTS.);
#1925 = CARTESIAN_POINT('',(1.27878882311,0.));
#1926 = CARTESIAN_POINT('',(1.26420347429,1.458510896246E-02));
#1927 = CARTESIAN_POINT('',(1.235033225033,4.375572484339E-02));
#1928 = CARTESIAN_POINT('',(1.191109838157,8.742746248145E-02));
#1929 = CARTESIAN_POINT('',(1.146849965406,0.130930428044));
#1930 = CARTESIAN_POINT('',(1.102082035502,0.174177256082));
#1931 = CARTESIAN_POINT('',(1.056630948834,0.2170772849));
#1932 = CARTESIAN_POINT('',(1.010316845295,0.259535172379));
#1933 = CARTESIAN_POINT('',(0.962954321228,0.301449684216));
#1934 = CARTESIAN_POINT('',(0.914351874006,0.342712370646));
#1935 = CARTESIAN_POINT('',(0.864311787013,0.383206212195));
#1936 = CARTESIAN_POINT('',(0.812630601655,0.422804231677));
#1937 = CARTESIAN_POINT('',(0.75910040087,0.461368112557));
#1938 = CARTESIAN_POINT('',(0.703511174991,0.498746880863));
#1939 = CARTESIAN_POINT('',(0.645654594213,0.534775741311));
#1940 = CARTESIAN_POINT('',(0.585329551785,0.569275198873));
#1941 = CARTESIAN_POINT('',(0.522349833368,0.602050643096));
#1942 = CARTESIAN_POINT('',(0.456554243228,0.632892633929));
#1943 = CARTESIAN_POINT('',(0.387819193965,0.661578144026));
#1944 = CARTESIAN_POINT('',(0.316074002646,0.687873166238));
#1945 = CARTESIAN_POINT('',(0.241316525334,0.711536628783));
#1946 = CARTESIAN_POINT('',(0.163633907093,0.732327194624));
#1947 = CARTESIAN_POINT('',(8.320320745401E-02,0.750007976053));
#1948 = CARTESIAN_POINT('',(2.797113788876E-02,0.759581142177));
#1949 = CARTESIAN_POINT('',(0.,0.763777790946));
#1950 = ( GEOMETRIC_REPRESENTATION_CONTEXT(2) 
PARAMETRIC_REPRESENTATION_CONTEXT() REPRESENTATION_CONTEXT('2D SPACE',''
  ) );
#1951 = ORIENTED_EDGE('',*,*,#102,.F.);
#1952 = ADVANCED_FACE('',(#1953),#1918,.T.);
#1953 = FACE_BOUND('',#1954,.T.);
#1954 = EDGE_LOOP('',(#1955,#1956,#1980));
#1955 = ORIENTED_EDGE('',*,*,#1903,.T.);
#1956 = ORIENTED_EDGE('',*,*,#1957,.T.);
#1957 = EDGE_CURVE('',#1726,#1958,#1960,.T.);
#1958 = VERTEX_POINT('',#1959);
#1959 = CARTESIAN_POINT('',(2.033998972012,-0.470791169082,
    2.431813732086));
#1960 = SURFACE_CURVE('',#1961,(#1966,#1973),.PCURVE_S1.);
#1961 = CIRCLE('',#1962,0.1);
#1962 = AXIS2_PLACEMENT_3D('',#1963,#1964,#1965);
#1963 = CARTESIAN_POINT('',(2.033998972012,-0.45,2.333998972012));
#1964 = DIRECTION('',(-0.203558594953,-0.957667894858,-0.203558594953));
#1965 = DIRECTION('',(0.978147600734,-0.207911690818,5.107025913276E-15)
  );
#1966 = PCURVE('',#1918,#1967);
#1967 = DEFINITIONAL_REPRESENTATION('',(#1968),#1972);
#1968 = LINE('',#1969,#1970);
#1969 = CARTESIAN_POINT('',(0.,0.763777790946));
#1970 = VECTOR('',#1971,1.);
#1971 = DIRECTION('',(0.,-1.));
#1972 = ( GEOMETRIC_REPRESENTATION_CONTEXT(2) 
PARAMETRIC_REPRESENTATION_CONTEXT() REPRESENTATION_CONTEXT('2D SPACE',''
  ) );
#1973 = PCURVE('',#1764,#1974);
#1974 = DEFINITIONAL_REPRESENTATION('',(#1975),#1979);
#1975 = LINE('',#1976,#1977);
#1976 = CARTESIAN_POINT('',(0.,2.301006446841));
#1977 = VECTOR('',#1978,1.);
#1978 = DIRECTION('',(1.,0.));
#1979 = ( GEOMETRIC_REPRESENTATION_CONTEXT(2) 
PARAMETRIC_REPRESENTATION_CONTEXT() REPRESENTATION_CONTEXT('2D SPACE',''
  ) );
#1980 = ORIENTED_EDGE('',*,*,#1981,.T.);
#1981 = EDGE_CURVE('',#1958,#75,#1982,.T.);
#1982 = SURFACE_CURVE('',#1983,(#1988,#2017),.PCURVE_S1.);
#1983 = CIRCLE('',#1984,0.1);
#1984 = AXIS2_PLACEMENT_3D('',#1985,#1986,#1987);
#1985 = CARTESIAN_POINT('',(2.033998972012,-0.45,2.333998972012));
#1986 = DIRECTION('',(1.,0.,0.));
#1987 = DIRECTION('',(0.,-0.207911690818,0.978147600734));
#1988 = PCURVE('',#1918,#1989);
#1989 = DEFINITIONAL_REPRESENTATION('',(#1990),#2016);
#1990 = B_SPLINE_CURVE_WITH_KNOTS('',3,(#1991,#1992,#1993,#1994,#1995,
    #1996,#1997,#1998,#1999,#2000,#2001,#2002,#2003,#2004,#2005,#2006,
    #2007,#2008,#2009,#2010,#2011,#2012,#2013,#2014,#2015),
  .UNSPECIFIED.,.F.,.F.,(4,1,1,1,1,1,1,1,1,1,1,1,1,1,1,1,1,1,1,1,1,1,4),
  (0.,6.187985529798E-02,0.123759710596,0.185639565894,0.247519421192,
    0.30939927649,0.371279131788,0.433158987086,0.495038842384,
    0.556918697682,0.61879855298,0.680678408278,0.742558263576,
    0.804438118874,0.866317974172,0.92819782947,0.990077684768,
    1.051957540066,1.113837395364,1.175717250662,1.23759710596,
    1.299476961258,1.361356816556),.QUASI_UNIFORM_KNOTS.);
#1991 = CARTESIAN_POINT('',(0.,-0.763777790946));
#1992 = CARTESIAN_POINT('',(2.797113788963E-02,-0.759581142177));
#1993 = CARTESIAN_POINT('',(8.320320745565E-02,-0.750007976053));
#1994 = CARTESIAN_POINT('',(0.163633907094,-0.732327194624));
#1995 = CARTESIAN_POINT('',(0.241316525335,-0.711536628782));
#1996 = CARTESIAN_POINT('',(0.316074002647,-0.687873166237));
#1997 = CARTESIAN_POINT('',(0.387819193966,-0.661578144026));
#1998 = CARTESIAN_POINT('',(0.456554243229,-0.632892633929));
#1999 = CARTESIAN_POINT('',(0.522349833369,-0.602050643096));
#2000 = CARTESIAN_POINT('',(0.585329551786,-0.569275198873));
#2001 = CARTESIAN_POINT('',(0.645654594214,-0.53477574131));
#2002 = CARTESIAN_POINT('',(0.703511174992,-0.498746880862));
#2003 = CARTESIAN_POINT('',(0.75910040087,-0.461368112557));
#2004 = CARTESIAN_POINT('',(0.812630601655,-0.422804231677));
#2005 = CARTESIAN_POINT('',(0.864311787013,-0.383206212194));
#2006 = CARTESIAN_POINT('',(0.914351874006,-0.342712370645));
#2007 = CARTESIAN_POINT('',(0.962954321228,-0.301449684215));
#2008 = CARTESIAN_POINT('',(1.010316845295,-0.259535172379));
#2009 = CARTESIAN_POINT('',(1.056630948834,-0.2170772849));
#2010 = CARTESIAN_POINT('',(1.102082035502,-0.174177256082));
#2011 = CARTESIAN_POINT('',(1.146849965406,-0.130930428044));
#2012 = CARTESIAN_POINT('',(1.191109838157,-8.742746248138E-02));
#2013 = CARTESIAN_POINT('',(1.235033225033,-4.375572484336E-02));
#2014 = CARTESIAN_POINT('',(1.26420347429,-1.458510896245E-02));
#2015 = CARTESIAN_POINT('',(1.27878882311,0.));
#2016 = ( GEOMETRIC_REPRESENTATION_CONTEXT(2) 
PARAMETRIC_REPRESENTATION_CONTEXT() REPRESENTATION_CONTEXT('2D SPACE',''
  ) );
#2017 = PCURVE('',#90,#2018);
#2018 = DEFINITIONAL_REPRESENTATION('',(#2019),#2023);
#2019 = LINE('',#2020,#2021);
#2020 = CARTESIAN_POINT('',(1.361356816556,5.901841027988));
#2021 = VECTOR('',#2022,1.);
#2022 = DIRECTION('',(-1.,0.));
#2023 = ( GEOMETRIC_REPRESENTATION_CONTEXT(2) 
PARAMETRIC_REPRESENTATION_CONTEXT() REPRESENTATION_CONTEXT('2D SPACE',''
  ) );
#2024 = ADVANCED_FACE('',(#2025),#90,.T.);
#2025 = FACE_BOUND('',#2026,.T.);
#2026 = EDGE_LOOP('',(#2027,#2028,#2056,#2100));
#2027 = ORIENTED_EDGE('',*,*,#1981,.F.);
#2028 = ORIENTED_EDGE('',*,*,#2029,.T.);
#2029 = EDGE_CURVE('',#1958,#2030,#2032,.T.);
#2030 = VERTEX_POINT('',#2031);
#2031 = CARTESIAN_POINT('',(-2.033998972012,-0.470791169082,
    2.431813732086));
#2032 = SURFACE_CURVE('',#2033,(#2037,#2044),.PCURVE_S1.);
#2033 = LINE('',#2034,#2035);
#2034 = CARTESIAN_POINT('',(2.033998972012,-0.470791169082,
    2.431813732086));
#2035 = VECTOR('',#2036,1.);
#2036 = DIRECTION('',(-1.,0.,0.));
#2037 = PCURVE('',#90,#2038);
#2038 = DEFINITIONAL_REPRESENTATION('',(#2039),#2043);
#2039 = LINE('',#2040,#2041);
#2040 = CARTESIAN_POINT('',(1.361356816557,5.901841027988));
#2041 = VECTOR('',#2042,1.);
#2042 = DIRECTION('',(0.,1.));
#2043 = ( GEOMETRIC_REPRESENTATION_CONTEXT(2) 
PARAMETRIC_REPRESENTATION_CONTEXT() REPRESENTATION_CONTEXT('2D SPACE',''
  ) );
#2044 = PCURVE('',#2045,#2050);
#2045 = PLANE('',#2046);
#2046 = AXIS2_PLACEMENT_3D('',#2047,#2048,#2049);
#2047 = CARTESIAN_POINT('',(-2.2,-0.15,2.5));
#2048 = DIRECTION('',(0.,-0.207911690818,0.978147600734));
#2049 = DIRECTION('',(1.,0.,0.));
#2050 = DEFINITIONAL_REPRESENTATION('',(#2051),#2055);
#2051 = LINE('',#2052,#2053);
#2052 = CARTESIAN_POINT('',(4.233998972012,-0.327957834627));
#2053 = VECTOR('',#2054,1.);
#2054 = DIRECTION('',(-1.,0.));
#2055 = ( GEOMETRIC_REPRESENTATION_CONTEXT(2) 
PARAMETRIC_REPRESENTATION_CONTEXT() REPRESENTATION_CONTEXT('2D SPACE',''
  ) );
#2056 = ORIENTED_EDGE('',*,*,#2057,.F.);
#2057 = EDGE_CURVE('',#40,#2030,#2058,.T.);
#2058 = SURFACE_CURVE('',#2059,(#2064,#2071),.PCURVE_S1.);
#2059 = CIRCLE('',#2060,0.1);
#2060 = AXIS2_PLACEMENT_3D('',#2061,#2062,#2063);
#2061 = CARTESIAN_POINT('',(-2.033998972012,-0.45,2.333998972012));
#2062 = DIRECTION('',(-1.,0.,0.));
#2063 = DIRECTION('',(0.,-1.,0.));
#2064 = PCURVE('',#90,#2065);
#2065 = DEFINITIONAL_REPRESENTATION('',(#2066),#2070);
#2066 = LINE('',#2067,#2068);
#2067 = CARTESIAN_POINT('',(0.,9.969838972012));
#2068 = VECTOR('',#2069,1.);
#2069 = DIRECTION('',(1.,0.));
#2070 = ( GEOMETRIC_REPRESENTATION_CONTEXT(2) 
PARAMETRIC_REPRESENTATION_CONTEXT() REPRESENTATION_CONTEXT('2D SPACE',''
  ) );
#2071 = PCURVE('',#1014,#2072);
#2072 = DEFINITIONAL_REPRESENTATION('',(#2073),#2099);
#2073 = B_SPLINE_CURVE_WITH_KNOTS('',3,(#2074,#2075,#2076,#2077,#2078,
    #2079,#2080,#2081,#2082,#2083,#2084,#2085,#2086,#2087,#2088,#2089,
    #2090,#2091,#2092,#2093,#2094,#2095,#2096,#2097,#2098),
  .UNSPECIFIED.,.F.,.F.,(4,1,1,1,1,1,1,1,1,1,1,1,1,1,1,1,1,1,1,1,1,1,4),
  (0.,6.187985529803E-02,0.123759710596,0.185639565894,0.247519421192,
    0.30939927649,0.371279131788,0.433158987086,0.495038842384,
    0.556918697682,0.61879855298,0.680678408278,0.742558263576,
    0.804438118874,0.866317974172,0.92819782947,0.990077684768,
    1.051957540066,1.113837395365,1.175717250663,1.237597105961,
    1.299476961259,1.361356816557),.QUASI_UNIFORM_KNOTS.);
#2074 = CARTESIAN_POINT('',(1.27878882311,0.));
#2075 = CARTESIAN_POINT('',(1.26420347429,1.458510896246E-02));
#2076 = CARTESIAN_POINT('',(1.235033225033,4.375572484339E-02));
#2077 = CARTESIAN_POINT('',(1.191109838157,8.742746248145E-02));
#2078 = CARTESIAN_POINT('',(1.146849965406,0.130930428044));
#2079 = CARTESIAN_POINT('',(1.102082035502,0.174177256082));
#2080 = CARTESIAN_POINT('',(1.056630948834,0.2170772849));
#2081 = CARTESIAN_POINT('',(1.010316845295,0.259535172379));
#2082 = CARTESIAN_POINT('',(0.962954321228,0.301449684216));
#2083 = CARTESIAN_POINT('',(0.914351874006,0.342712370646));
#2084 = CARTESIAN_POINT('',(0.864311787013,0.383206212195));
#2085 = CARTESIAN_POINT('',(0.812630601655,0.422804231677));
#2086 = CARTESIAN_POINT('',(0.75910040087,0.461368112557));
#2087 = CARTESIAN_POINT('',(0.703511174991,0.498746880863));
#2088 = CARTESIAN_POINT('',(0.645654594213,0.534775741311));
#2089 = CARTESIAN_POINT('',(0.585329551785,0.569275198873));
#2090 = CARTESIAN_POINT('',(0.522349833368,0.602050643096));
#2091 = CARTESIAN_POINT('',(0.456554243228,0.632892633929));
#2092 = CARTESIAN_POINT('',(0.387819193965,0.661578144026));
#2093 = CARTESIAN_POINT('',(0.316074002646,0.687873166238));
#2094 = CARTESIAN_POINT('',(0.241316525334,0.711536628783));
#2095 = CARTESIAN_POINT('',(0.163633907093,0.732327194624));
#2096 = CARTESIAN_POINT('',(8.320320745401E-02,0.750007976053));
#2097 = CARTESIAN_POINT('',(2.797113788876E-02,0.759581142177));
#2098 = CARTESIAN_POINT('',(0.,0.763777790946));
#2099 = ( GEOMETRIC_REPRESENTATION_CONTEXT(2) 
PARAMETRIC_REPRESENTATION_CONTEXT() REPRESENTATION_CONTEXT('2D SPACE',''
  ) );
#2100 = ORIENTED_EDGE('',*,*,#74,.F.);
#2101 = ADVANCED_FACE('',(#2102),#1014,.T.);
#2102 = FACE_BOUND('',#2103,.T.);
#2103 = EDGE_LOOP('',(#2104,#2126,#2127));
#2104 = ORIENTED_EDGE('',*,*,#2105,.T.);
#2105 = EDGE_CURVE('',#2030,#998,#2106,.T.);
#2106 = SURFACE_CURVE('',#2107,(#2112,#2119),.PCURVE_S1.);
#2107 = CIRCLE('',#2108,0.1);
#2108 = AXIS2_PLACEMENT_3D('',#2109,#2110,#2111);
#2109 = CARTESIAN_POINT('',(-2.033998972012,-0.45,2.333998972012));
#2110 = DIRECTION('',(0.203558594953,-0.957667894858,-0.203558594953));
#2111 = DIRECTION('',(-5.107025913276E-15,-0.207911690818,0.978147600734
    ));
#2112 = PCURVE('',#1014,#2113);
#2113 = DEFINITIONAL_REPRESENTATION('',(#2114),#2118);
#2114 = LINE('',#2115,#2116);
#2115 = CARTESIAN_POINT('',(0.,0.763777790946));
#2116 = VECTOR('',#2117,1.);
#2117 = DIRECTION('',(0.,-1.));
#2118 = ( GEOMETRIC_REPRESENTATION_CONTEXT(2) 
PARAMETRIC_REPRESENTATION_CONTEXT() REPRESENTATION_CONTEXT('2D SPACE',''
  ) );
#2119 = PCURVE('',#1206,#2120);
#2120 = DEFINITIONAL_REPRESENTATION('',(#2121),#2125);
#2121 = LINE('',#2122,#2123);
#2122 = CARTESIAN_POINT('',(0.,2.301006446841));
#2123 = VECTOR('',#2124,1.);
#2124 = DIRECTION('',(1.,0.));
#2125 = ( GEOMETRIC_REPRESENTATION_CONTEXT(2) 
PARAMETRIC_REPRESENTATION_CONTEXT() REPRESENTATION_CONTEXT('2D SPACE',''
  ) );
#2126 = ORIENTED_EDGE('',*,*,#997,.T.);
#2127 = ORIENTED_EDGE('',*,*,#2057,.T.);
#2128 = ADVANCED_FACE('',(#2129),#1206,.T.);
#2129 = FACE_BOUND('',#2130,.T.);
#2130 = EDGE_LOOP('',(#2131,#2132,#2155,#2270));
#2131 = ORIENTED_EDGE('',*,*,#2105,.F.);
#2132 = ORIENTED_EDGE('',*,*,#2133,.F.);
#2133 = EDGE_CURVE('',#2134,#2030,#2136,.T.);
#2134 = VERTEX_POINT('',#2135);
#2135 = CARTESIAN_POINT('',(-2.102161868812,-0.150109952451,
    2.499976628885));
#2136 = SURFACE_CURVE('',#2137,(#2141,#2148),.PCURVE_S1.);
#2137 = LINE('',#2138,#2139);
#2138 = CARTESIAN_POINT('',(-2.102161868812,-0.150109952451,
    2.499976628885));
#2139 = VECTOR('',#2140,1.);
#2140 = DIRECTION('',(0.203558594953,-0.957667894858,-0.203558594953));
#2141 = PCURVE('',#1206,#2142);
#2142 = DEFINITIONAL_REPRESENTATION('',(#2143),#2147);
#2143 = LINE('',#2144,#2145);
#2144 = CARTESIAN_POINT('',(0.,1.966150054188));
#2145 = VECTOR('',#2146,1.);
#2146 = DIRECTION('',(0.,1.));
#2147 = ( GEOMETRIC_REPRESENTATION_CONTEXT(2) 
PARAMETRIC_REPRESENTATION_CONTEXT() REPRESENTATION_CONTEXT('2D SPACE',''
  ) );
#2148 = PCURVE('',#2045,#2149);
#2149 = DEFINITIONAL_REPRESENTATION('',(#2150),#2154);
#2150 = LINE('',#2151,#2152);
#2151 = CARTESIAN_POINT('',(9.7838131188E-02,-1.124088537851E-04));
#2152 = VECTOR('',#2153,1.);
#2153 = DIRECTION('',(0.203558594953,-0.979062765312));
#2154 = ( GEOMETRIC_REPRESENTATION_CONTEXT(2) 
PARAMETRIC_REPRESENTATION_CONTEXT() REPRESENTATION_CONTEXT('2D SPACE',''
  ) );
#2155 = ORIENTED_EDGE('',*,*,#2156,.T.);
#2156 = EDGE_CURVE('',#2134,#1164,#2157,.T.);
#2157 = SURFACE_CURVE('',#2158,(#2168,#2219),.PCURVE_S1.);
#2158 = B_SPLINE_CURVE_WITH_KNOTS('',3,(#2159,#2160,#2161,#2162,#2163,
    #2164,#2165,#2166,#2167),.UNSPECIFIED.,.F.,.F.,(4,1,1,1,1,1,4),(0.,
    0.166666666667,0.333333333333,0.5,0.666666666667,0.833333333333,1.),
  .UNSPECIFIED.);
#2159 = CARTESIAN_POINT('',(-2.102161868812,-0.150109952451,
    2.499976628885));
#2160 = CARTESIAN_POINT('',(-2.110623505267,-0.15097076917,
    2.499793656643));
#2161 = CARTESIAN_POINT('',(-2.127513219859,-0.1524648888,2.497273220002
    ));
#2162 = CARTESIAN_POINT('',(-2.151197636601,-0.153876727975,
    2.487166771938));
#2163 = CARTESIAN_POINT('',(-2.171474915043,-0.154353520781,
    2.471474915043));
#2164 = CARTESIAN_POINT('',(-2.187166771938,-0.153876727975,
    2.451197636601));
#2165 = CARTESIAN_POINT('',(-2.197273220002,-0.1524648888,2.427513219859
    ));
#2166 = CARTESIAN_POINT('',(-2.199793656643,-0.15097076917,
    2.410623505267));
#2167 = CARTESIAN_POINT('',(-2.199976628885,-0.150109952451,
    2.402161868812));
#2168 = PCURVE('',#1206,#2169);
#2169 = DEFINITIONAL_REPRESENTATION('',(#2170),#2218);
#2170 = B_SPLINE_CURVE_WITH_KNOTS('',3,(#2171,#2172,#2173,#2174,#2175,
    #2176,#2177,#2178,#2179,#2180,#2181,#2182,#2183,#2184,#2185,#2186,
    #2187,#2188,#2189,#2190,#2191,#2192,#2193,#2194,#2195,#2196,#2197,
    #2198,#2199,#2200,#2201,#2202,#2203,#2204,#2205,#2206,#2207,#2208,
    #2209,#2210,#2211,#2212,#2213,#2214,#2215,#2216,#2217),
  .UNSPECIFIED.,.F.,.F.,(4,1,1,1,1,1,1,1,1,1,1,1,1,1,1,1,1,1,1,1,1,1,1,1
    ,1,1,1,1,1,1,1,1,1,1,1,1,1,1,1,1,1,1,1,1,4),(0.,2.272727272727E-02,
    4.545454545455E-02,6.818181818182E-02,9.090909090909E-02,
    0.113636363636,0.136363636364,0.159090909091,0.181818181818,
    0.204545454545,0.227272727273,0.25,0.272727272727,0.295454545455,
    0.318181818182,0.340909090909,0.363636363636,0.386363636364,
    0.409090909091,0.431818181818,0.454545454545,0.477272727273,0.5,
    0.522727272727,0.545454545455,0.568181818182,0.590909090909,
    0.613636363636,0.636363636364,0.659090909091,0.681818181818,
    0.704545454545,0.727272727273,0.75,0.772727272727,0.795454545455,
    0.818181818182,0.840909090909,0.863636363636,0.886363636364,
    0.909090909091,0.931818181818,0.954545454545,0.977272727273,1.),
  .QUASI_UNIFORM_KNOTS.);
#2171 = CARTESIAN_POINT('',(0.,1.966150054188));
#2172 = CARTESIAN_POINT('',(1.154127496899E-02,1.96603267009));
#2173 = CARTESIAN_POINT('',(3.462631841144E-02,1.965802132522));
#2174 = CARTESIAN_POINT('',(6.92634265782E-02,1.965469390295));
#2175 = CARTESIAN_POINT('',(0.103912180609,1.965150084414));
#2176 = CARTESIAN_POINT('',(0.138574542065,1.964844587172));
#2177 = CARTESIAN_POINT('',(0.173252571136,1.964553270592));
#2178 = CARTESIAN_POINT('',(0.207948693986,1.964276507706));
#2179 = CARTESIAN_POINT('',(0.242665434736,1.964014667778));
#2180 = CARTESIAN_POINT('',(0.277407251352,1.963768134138));
#2181 = CARTESIAN_POINT('',(0.312171651458,1.963537206739));
#2182 = CARTESIAN_POINT('',(0.346951808883,1.96332214608));
#2183 = CARTESIAN_POINT('',(0.381741194864,1.963123222295));
#2184 = CARTESIAN_POINT('',(0.416532801094,1.962940702575));
#2185 = CARTESIAN_POINT('',(0.451319633025,1.962774856248));
#2186 = CARTESIAN_POINT('',(0.486095206868,1.96262594704));
#2187 = CARTESIAN_POINT('',(0.520852761199,1.962494258941));
#2188 = CARTESIAN_POINT('',(0.55558993285,1.962379992304));
#2189 = CARTESIAN_POINT('',(0.590311431167,1.962283170597));
#2190 = CARTESIAN_POINT('',(0.625020065829,1.962203847139));
#2191 = CARTESIAN_POINT('',(0.659718597512,1.962142067248));
#2192 = CARTESIAN_POINT('',(0.694409454125,1.962097878388));
#2193 = CARTESIAN_POINT('',(0.729095027376,1.962071327446));
#2194 = CARTESIAN_POINT('',(0.763777790946,1.962062461466));
#2195 = CARTESIAN_POINT('',(0.798460554516,1.962071327446));
#2196 = CARTESIAN_POINT('',(0.833146127767,1.962097878388));
#2197 = CARTESIAN_POINT('',(0.86783698438,1.962142067248));
#2198 = CARTESIAN_POINT('',(0.902535516063,1.962203847139));
#2199 = CARTESIAN_POINT('',(0.937244150725,1.962283170597));
#2200 = CARTESIAN_POINT('',(0.971965649042,1.962379992304));
#2201 = CARTESIAN_POINT('',(1.006702820694,1.962494258941));
#2202 = CARTESIAN_POINT('',(1.041460375024,1.96262594704));
#2203 = CARTESIAN_POINT('',(1.076235948867,1.962774856248));
#2204 = CARTESIAN_POINT('',(1.111022780798,1.962940702575));
#2205 = CARTESIAN_POINT('',(1.145814387028,1.963123222295));
#2206 = CARTESIAN_POINT('',(1.180603773009,1.96332214608));
#2207 = CARTESIAN_POINT('',(1.215383930434,1.963537206739));
#2208 = CARTESIAN_POINT('',(1.25014833054,1.963768134138));
#2209 = CARTESIAN_POINT('',(1.284890147156,1.964014667778));
#2210 = CARTESIAN_POINT('',(1.319606887906,1.964276507706));
#2211 = CARTESIAN_POINT('',(1.354303010756,1.964553270592));
#2212 = CARTESIAN_POINT('',(1.388981039827,1.964844587172));
#2213 = CARTESIAN_POINT('',(1.423643401283,1.965150084414));
#2214 = CARTESIAN_POINT('',(1.458292155314,1.965469390295));
#2215 = CARTESIAN_POINT('',(1.49292926348,1.965802132522));
#2216 = CARTESIAN_POINT('',(1.516014306924,1.96603267009));
#2217 = CARTESIAN_POINT('',(1.527555581894,1.966150054188));
#2218 = ( GEOMETRIC_REPRESENTATION_CONTEXT(2) 
PARAMETRIC_REPRESENTATION_CONTEXT() REPRESENTATION_CONTEXT('2D SPACE',''
  ) );
#2219 = PCURVE('',#1181,#2220);
#2220 = DEFINITIONAL_REPRESENTATION('',(#2221),#2269);
#2221 = B_SPLINE_CURVE_WITH_KNOTS('',3,(#2222,#2223,#2224,#2225,#2226,
    #2227,#2228,#2229,#2230,#2231,#2232,#2233,#2234,#2235,#2236,#2237,
    #2238,#2239,#2240,#2241,#2242,#2243,#2244,#2245,#2246,#2247,#2248,
    #2249,#2250,#2251,#2252,#2253,#2254,#2255,#2256,#2257,#2258,#2259,
    #2260,#2261,#2262,#2263,#2264,#2265,#2266,#2267,#2268),
  .UNSPECIFIED.,.F.,.F.,(4,1,1,1,1,1,1,1,1,1,1,1,1,1,1,1,1,1,1,1,1,1,1,1
    ,1,1,1,1,1,1,1,1,1,1,1,1,1,1,1,1,1,1,1,1,4),(0.,2.272727272727E-02,
    4.545454545455E-02,6.818181818182E-02,9.090909090909E-02,
    0.113636363636,0.136363636364,0.159090909091,0.181818181818,
    0.204545454545,0.227272727273,0.25,0.272727272727,0.295454545455,
    0.318181818182,0.340909090909,0.363636363636,0.386363636364,
    0.409090909091,0.431818181818,0.454545454545,0.477272727273,0.5,
    0.522727272727,0.545454545455,0.568181818182,0.590909090909,
    0.613636363636,0.636363636364,0.659090909091,0.681818181818,
    0.704545454545,0.727272727273,0.75,0.772727272727,0.795454545455,
    0.818181818182,0.840909090909,0.863636363636,0.886363636364,
    0.909090909091,0.931818181818,0.954545454545,0.977272727273,1.),
  .QUASI_UNIFORM_KNOTS.);
#2222 = CARTESIAN_POINT('',(2.162037245363E-02,1.903709952451));
#2223 = CARTESIAN_POINT('',(3.31616474236E-02,1.903827336549));
#2224 = CARTESIAN_POINT('',(5.624669086694E-02,1.904057874117));
#2225 = CARTESIAN_POINT('',(9.088379903321E-02,1.904390616344));
#2226 = CARTESIAN_POINT('',(0.125532553064,1.904709922224));
#2227 = CARTESIAN_POINT('',(0.16019491452,1.905015419466));
#2228 = CARTESIAN_POINT('',(0.194872943591,1.905306736046));
#2229 = CARTESIAN_POINT('',(0.22956906644,1.905583498932));
#2230 = CARTESIAN_POINT('',(0.264285807191,1.905845338861));
#2231 = CARTESIAN_POINT('',(0.299027623806,1.9060918725));
#2232 = CARTESIAN_POINT('',(0.333792023912,1.9063227999));
#2233 = CARTESIAN_POINT('',(0.368572181336,1.906537860559));
#2234 = CARTESIAN_POINT('',(0.403361567317,1.906736784344));
#2235 = CARTESIAN_POINT('',(0.438153173548,1.906919304063));
#2236 = CARTESIAN_POINT('',(0.472940005479,1.907085150391));
#2237 = CARTESIAN_POINT('',(0.507715579321,1.907234059599));
#2238 = CARTESIAN_POINT('',(0.542473133651,1.907365747697));
#2239 = CARTESIAN_POINT('',(0.577210305302,1.907480014335));
#2240 = CARTESIAN_POINT('',(0.61193180362,1.907576836041));
#2241 = CARTESIAN_POINT('',(0.646640438281,1.9076561595));
#2242 = CARTESIAN_POINT('',(0.681338969964,1.90771793939));
#2243 = CARTESIAN_POINT('',(0.716029826577,1.907762128251));
#2244 = CARTESIAN_POINT('',(0.750715399828,1.907788679192));
#2245 = CARTESIAN_POINT('',(0.785398163397,1.907797545172));
#2246 = CARTESIAN_POINT('',(0.820080926967,1.907788679192));
#2247 = CARTESIAN_POINT('',(0.854766500218,1.907762128251));
#2248 = CARTESIAN_POINT('',(0.889457356831,1.90771793939));
#2249 = CARTESIAN_POINT('',(0.924155888514,1.9076561595));
#2250 = CARTESIAN_POINT('',(0.958864523175,1.907576836041));
#2251 = CARTESIAN_POINT('',(0.993586021493,1.907480014335));
#2252 = CARTESIAN_POINT('',(1.028323193144,1.907365747697));
#2253 = CARTESIAN_POINT('',(1.063080747474,1.907234059599));
#2254 = CARTESIAN_POINT('',(1.097856321316,1.907085150391));
#2255 = CARTESIAN_POINT('',(1.132643153247,1.906919304063));
#2256 = CARTESIAN_POINT('',(1.167434759478,1.906736784344));
#2257 = CARTESIAN_POINT('',(1.202224145458,1.906537860559));
#2258 = CARTESIAN_POINT('',(1.237004302883,1.9063227999));
#2259 = CARTESIAN_POINT('',(1.271768702989,1.9060918725));
#2260 = CARTESIAN_POINT('',(1.306510519604,1.905845338861));
#2261 = CARTESIAN_POINT('',(1.341227260355,1.905583498932));
#2262 = CARTESIAN_POINT('',(1.375923383204,1.905306736046));
#2263 = CARTESIAN_POINT('',(1.410601412275,1.905015419466));
#2264 = CARTESIAN_POINT('',(1.445263773731,1.904709922224));
#2265 = CARTESIAN_POINT('',(1.479912527762,1.904390616344));
#2266 = CARTESIAN_POINT('',(1.514549635928,1.904057874117));
#2267 = CARTESIAN_POINT('',(1.537634679371,1.903827336549));
#2268 = CARTESIAN_POINT('',(1.549175954341,1.903709952451));
#2269 = ( GEOMETRIC_REPRESENTATION_CONTEXT(2) 
PARAMETRIC_REPRESENTATION_CONTEXT() REPRESENTATION_CONTEXT('2D SPACE',''
  ) );
#2270 = ORIENTED_EDGE('',*,*,#1192,.T.);
#2271 = ADVANCED_FACE('',(#2272),#1181,.T.);
#2272 = FACE_BOUND('',#2273,.T.);
#2273 = EDGE_LOOP('',(#2274,#2305,#2427,#2456,#2477,#2478,#2479,#2503));
#2274 = ORIENTED_EDGE('',*,*,#2275,.F.);
#2275 = EDGE_CURVE('',#2276,#2278,#2280,.T.);
#2276 = VERTEX_POINT('',#2277);
#2277 = CARTESIAN_POINT('',(-2.102161868812,1.09952450577E-04,
    2.499976628885));
#2278 = VERTEX_POINT('',#2279);
#2279 = CARTESIAN_POINT('',(-2.1,0.,2.5));
#2280 = SURFACE_CURVE('',#2281,(#2286,#2292),.PCURVE_S1.);
#2281 = B_SPLINE_CURVE_WITH_KNOTS('',3,(#2282,#2283,#2284,#2285),
  .UNSPECIFIED.,.F.,.F.,(4,4),(0.,1.),.PIECEWISE_BEZIER_KNOTS.);
#2282 = CARTESIAN_POINT('',(-2.102161868812,1.099524505768E-04,
    2.499976628885));
#2283 = CARTESIAN_POINT('',(-2.101443179163,3.68389259364E-05,
    2.499992169645));
#2284 = CARTESIAN_POINT('',(-2.1007225662,0.,2.5));
#2285 = CARTESIAN_POINT('',(-2.1,0.,2.5));
#2286 = PCURVE('',#1181,#2287);
#2287 = DEFINITIONAL_REPRESENTATION('',(#2288),#2291);
#2288 = B_SPLINE_CURVE_WITH_KNOTS('',1,(#2289,#2290),.UNSPECIFIED.,.F.,
  .F.,(2,2),(0.,1.),.PIECEWISE_BEZIER_KNOTS.);
#2289 = CARTESIAN_POINT('',(2.162037245363E-02,1.753490047549));
#2290 = CARTESIAN_POINT('',(0.,1.7536));
#2291 = ( GEOMETRIC_REPRESENTATION_CONTEXT(2) 
PARAMETRIC_REPRESENTATION_CONTEXT() REPRESENTATION_CONTEXT('2D SPACE',''
  ) );
#2292 = PCURVE('',#2293,#2298);
#2293 = PLANE('',#2294);
#2294 = AXIS2_PLACEMENT_3D('',#2295,#2296,#2297);
#2295 = CARTESIAN_POINT('',(-2.2,0.,2.5));
#2296 = DIRECTION('',(0.,0.207911690818,0.978147600734));
#2297 = DIRECTION('',(1.,0.,-0.));
#2298 = DEFINITIONAL_REPRESENTATION('',(#2299),#2304);
#2299 = B_SPLINE_CURVE_WITH_KNOTS('',3,(#2300,#2301,#2302,#2303),
  .UNSPECIFIED.,.F.,.F.,(4,4),(0.,1.),.PIECEWISE_BEZIER_KNOTS.);
#2300 = CARTESIAN_POINT('',(9.7838131188E-02,1.124088537625E-04));
#2301 = CARTESIAN_POINT('',(9.8556820837E-02,3.766192936602E-05));
#2302 = CARTESIAN_POINT('',(9.92774338E-02,0.));
#2303 = CARTESIAN_POINT('',(0.1,0.));
#2304 = ( GEOMETRIC_REPRESENTATION_CONTEXT(2) 
PARAMETRIC_REPRESENTATION_CONTEXT() REPRESENTATION_CONTEXT('2D SPACE',''
  ) );
#2305 = ORIENTED_EDGE('',*,*,#2306,.F.);
#2306 = EDGE_CURVE('',#2307,#2276,#2309,.T.);
#2307 = VERTEX_POINT('',#2308);
#2308 = CARTESIAN_POINT('',(-2.199976628885,1.099524505772E-04,
    2.402161868812));
#2309 = SURFACE_CURVE('',#2310,(#2320,#2371),.PCURVE_S1.);
#2310 = B_SPLINE_CURVE_WITH_KNOTS('',3,(#2311,#2312,#2313,#2314,#2315,
    #2316,#2317,#2318,#2319),.UNSPECIFIED.,.F.,.F.,(4,1,1,1,1,1,4),(0.,
    0.166666666667,0.333333333333,0.5,0.666666666667,0.833333333333,1.),
  .UNSPECIFIED.);
#2311 = CARTESIAN_POINT('',(-2.199976628885,1.099524505772E-04,
    2.402161868812));
#2312 = CARTESIAN_POINT('',(-2.199793656643,9.707691701317E-04,
    2.410623505267));
#2313 = CARTESIAN_POINT('',(-2.197273220002,2.464888799839E-03,
    2.427513219859));
#2314 = CARTESIAN_POINT('',(-2.187166771938,3.876727975369E-03,
    2.451197636601));
#2315 = CARTESIAN_POINT('',(-2.171474915043,4.353520780588E-03,
    2.471474915043));
#2316 = CARTESIAN_POINT('',(-2.151197636601,3.876727975369E-03,
    2.487166771938));
#2317 = CARTESIAN_POINT('',(-2.127513219859,2.464888799839E-03,
    2.497273220002));
#2318 = CARTESIAN_POINT('',(-2.110623505267,9.707691701316E-04,
    2.499793656643));
#2319 = CARTESIAN_POINT('',(-2.102161868812,1.09952450577E-04,
    2.499976628885));
#2320 = PCURVE('',#1181,#2321);
#2321 = DEFINITIONAL_REPRESENTATION('',(#2322),#2370);
#2322 = B_SPLINE_CURVE_WITH_KNOTS('',3,(#2323,#2324,#2325,#2326,#2327,
    #2328,#2329,#2330,#2331,#2332,#2333,#2334,#2335,#2336,#2337,#2338,
    #2339,#2340,#2341,#2342,#2343,#2344,#2345,#2346,#2347,#2348,#2349,
    #2350,#2351,#2352,#2353,#2354,#2355,#2356,#2357,#2358,#2359,#2360,
    #2361,#2362,#2363,#2364,#2365,#2366,#2367,#2368,#2369),
  .UNSPECIFIED.,.F.,.F.,(4,1,1,1,1,1,1,1,1,1,1,1,1,1,1,1,1,1,1,1,1,1,1,1
    ,1,1,1,1,1,1,1,1,1,1,1,1,1,1,1,1,1,1,1,1,4),(0.,2.272727272727E-02,
    4.545454545455E-02,6.818181818182E-02,9.090909090909E-02,
    0.113636363636,0.136363636364,0.159090909091,0.181818181818,
    0.204545454545,0.227272727273,0.25,0.272727272727,0.295454545455,
    0.318181818182,0.340909090909,0.363636363636,0.386363636364,
    0.409090909091,0.431818181818,0.454545454545,0.477272727273,0.5,
    0.522727272727,0.545454545455,0.568181818182,0.590909090909,
    0.613636363636,0.636363636364,0.659090909091,0.681818181818,
    0.704545454545,0.727272727273,0.75,0.772727272727,0.795454545455,
    0.818181818182,0.840909090909,0.863636363636,0.886363636364,
    0.909090909091,0.931818181818,0.954545454545,0.977272727273,1.),
  .QUASI_UNIFORM_KNOTS.);
#2323 = CARTESIAN_POINT('',(1.549175954341,1.753490047549));
#2324 = CARTESIAN_POINT('',(1.537634679371,1.753372663451));
#2325 = CARTESIAN_POINT('',(1.514549635928,1.753142125883));
#2326 = CARTESIAN_POINT('',(1.479912527762,1.752809383656));
#2327 = CARTESIAN_POINT('',(1.445263773731,1.752490077776));
#2328 = CARTESIAN_POINT('',(1.410601412275,1.752184580534));
#2329 = CARTESIAN_POINT('',(1.375923383204,1.751893263954));
#2330 = CARTESIAN_POINT('',(1.341227260355,1.751616501068));
#2331 = CARTESIAN_POINT('',(1.306510519604,1.751354661139));
#2332 = CARTESIAN_POINT('',(1.271768702989,1.7511081275));
#2333 = CARTESIAN_POINT('',(1.237004302883,1.7508772001));
#2334 = CARTESIAN_POINT('',(1.202224145458,1.750662139441));
#2335 = CARTESIAN_POINT('',(1.167434759478,1.750463215656));
#2336 = CARTESIAN_POINT('',(1.132643153247,1.750280695937));
#2337 = CARTESIAN_POINT('',(1.097856321316,1.750114849609));
#2338 = CARTESIAN_POINT('',(1.063080747474,1.749965940401));
#2339 = CARTESIAN_POINT('',(1.028323193144,1.749834252303));
#2340 = CARTESIAN_POINT('',(0.993586021493,1.749719985665));
#2341 = CARTESIAN_POINT('',(0.958864523175,1.749623163959));
#2342 = CARTESIAN_POINT('',(0.924155888514,1.7495438405));
#2343 = CARTESIAN_POINT('',(0.889457356831,1.74948206061));
#2344 = CARTESIAN_POINT('',(0.854766500218,1.749437871749));
#2345 = CARTESIAN_POINT('',(0.820080926967,1.749411320808));
#2346 = CARTESIAN_POINT('',(0.785398163397,1.749402454828));
#2347 = CARTESIAN_POINT('',(0.750715399828,1.749411320808));
#2348 = CARTESIAN_POINT('',(0.716029826577,1.749437871749));
#2349 = CARTESIAN_POINT('',(0.681338969964,1.74948206061));
#2350 = CARTESIAN_POINT('',(0.646640438281,1.7495438405));
#2351 = CARTESIAN_POINT('',(0.61193180362,1.749623163959));
#2352 = CARTESIAN_POINT('',(0.577210305302,1.749719985665));
#2353 = CARTESIAN_POINT('',(0.542473133651,1.749834252303));
#2354 = CARTESIAN_POINT('',(0.507715579321,1.749965940401));
#2355 = CARTESIAN_POINT('',(0.472940005479,1.750114849609));
#2356 = CARTESIAN_POINT('',(0.438153173548,1.750280695937));
#2357 = CARTESIAN_POINT('',(0.403361567317,1.750463215656));
#2358 = CARTESIAN_POINT('',(0.368572181336,1.750662139441));
#2359 = CARTESIAN_POINT('',(0.333792023912,1.7508772001));
#2360 = CARTESIAN_POINT('',(0.299027623806,1.7511081275));
#2361 = CARTESIAN_POINT('',(0.264285807191,1.751354661139));
#2362 = CARTESIAN_POINT('',(0.22956906644,1.751616501068));
#2363 = CARTESIAN_POINT('',(0.194872943591,1.751893263954));
#2364 = CARTESIAN_POINT('',(0.16019491452,1.752184580534));
#2365 = CARTESIAN_POINT('',(0.125532553064,1.752490077776));
#2366 = CARTESIAN_POINT('',(9.088379903321E-02,1.752809383656));
#2367 = CARTESIAN_POINT('',(5.624669086694E-02,1.753142125883));
#2368 = CARTESIAN_POINT('',(3.31616474236E-02,1.753372663451));
#2369 = CARTESIAN_POINT('',(2.162037245363E-02,1.753490047549));
#2370 = ( GEOMETRIC_REPRESENTATION_CONTEXT(2) 
PARAMETRIC_REPRESENTATION_CONTEXT() REPRESENTATION_CONTEXT('2D SPACE',''
  ) );
#2371 = PCURVE('',#2372,#2377);
#2372 = CYLINDRICAL_SURFACE('',#2373,0.1);
#2373 = AXIS2_PLACEMENT_3D('',#2374,#2375,#2376);
#2374 = CARTESIAN_POINT('',(-1.725026753969,1.7536,2.025026753969));
#2375 = DIRECTION('',(-0.203558594953,-0.957667894858,0.203558594953));
#2376 = DIRECTION('',(-5.107025913276E-15,0.207911690818,0.978147600734)
  );
#2377 = DEFINITIONAL_REPRESENTATION('',(#2378),#2426);
#2378 = B_SPLINE_CURVE_WITH_KNOTS('',3,(#2379,#2380,#2381,#2382,#2383,
    #2384,#2385,#2386,#2387,#2388,#2389,#2390,#2391,#2392,#2393,#2394,
    #2395,#2396,#2397,#2398,#2399,#2400,#2401,#2402,#2403,#2404,#2405,
    #2406,#2407,#2408,#2409,#2410,#2411,#2412,#2413,#2414,#2415,#2416,
    #2417,#2418,#2419,#2420,#2421,#2422,#2423,#2424,#2425),
  .UNSPECIFIED.,.F.,.F.,(4,1,1,1,1,1,1,1,1,1,1,1,1,1,1,1,1,1,1,1,1,1,1,1
    ,1,1,1,1,1,1,1,1,1,1,1,1,1,1,1,1,1,1,1,1,4),(0.,2.272727272727E-02,
    4.545454545455E-02,6.818181818182E-02,9.090909090909E-02,
    0.113636363636,0.136363636364,0.159090909091,0.181818181818,
    0.204545454545,0.227272727273,0.25,0.272727272727,0.295454545455,
    0.318181818182,0.340909090909,0.363636363636,0.386363636364,
    0.409090909091,0.431818181818,0.454545454545,0.477272727273,0.5,
    0.522727272727,0.545454545455,0.568181818182,0.590909090909,
    0.613636363636,0.636363636364,0.659090909091,0.681818181818,
    0.704545454545,0.727272727273,0.75,0.772727272727,0.795454545455,
    0.818181818182,0.840909090909,0.863636363636,0.886363636364,
    0.909090909091,0.931818181818,0.954545454545,0.977272727273,1.),
  .QUASI_UNIFORM_KNOTS.);
#2379 = CARTESIAN_POINT('',(1.527555581891,1.852710345787));
#2380 = CARTESIAN_POINT('',(1.516014306921,1.852827729885));
#2381 = CARTESIAN_POINT('',(1.492929263477,1.853058267453));
#2382 = CARTESIAN_POINT('',(1.458292155311,1.85339100968));
#2383 = CARTESIAN_POINT('',(1.42364340128,1.853710315561));
#2384 = CARTESIAN_POINT('',(1.388981039824,1.854015812802));
#2385 = CARTESIAN_POINT('',(1.354303010754,1.854307129382));
#2386 = CARTESIAN_POINT('',(1.319606887904,1.854583892268));
#2387 = CARTESIAN_POINT('',(1.284890147154,1.854845732197));
#2388 = CARTESIAN_POINT('',(1.250148330538,1.855092265837));
#2389 = CARTESIAN_POINT('',(1.215383930432,1.855323193236));
#2390 = CARTESIAN_POINT('',(1.180603773008,1.855538253895));
#2391 = CARTESIAN_POINT('',(1.145814387027,1.85573717768));
#2392 = CARTESIAN_POINT('',(1.111022780796,1.855919697399));
#2393 = CARTESIAN_POINT('',(1.076235948865,1.856085543727));
#2394 = CARTESIAN_POINT('',(1.041460375023,1.856234452935));
#2395 = CARTESIAN_POINT('',(1.006702820693,1.856366141034));
#2396 = CARTESIAN_POINT('',(0.971965649041,1.856480407671));
#2397 = CARTESIAN_POINT('',(0.937244150724,1.856577229378));
#2398 = CARTESIAN_POINT('',(0.902535516063,1.856656552836));
#2399 = CARTESIAN_POINT('',(0.86783698438,1.856718332727));
#2400 = CARTESIAN_POINT('',(0.833146127767,1.856762521587));
#2401 = CARTESIAN_POINT('',(0.798460554516,1.856789072528));
#2402 = CARTESIAN_POINT('',(0.763777790946,1.856797938508));
#2403 = CARTESIAN_POINT('',(0.729095027376,1.856789072528));
#2404 = CARTESIAN_POINT('',(0.694409454125,1.856762521587));
#2405 = CARTESIAN_POINT('',(0.659718597512,1.856718332727));
#2406 = CARTESIAN_POINT('',(0.625020065829,1.856656552836));
#2407 = CARTESIAN_POINT('',(0.590311431168,1.856577229378));
#2408 = CARTESIAN_POINT('',(0.555589932851,1.856480407671));
#2409 = CARTESIAN_POINT('',(0.5208527612,1.856366141034));
#2410 = CARTESIAN_POINT('',(0.486095206869,1.856234452935));
#2411 = CARTESIAN_POINT('',(0.451319633027,1.856085543727));
#2412 = CARTESIAN_POINT('',(0.416532801096,1.855919697399));
#2413 = CARTESIAN_POINT('',(0.381741194865,1.85573717768));
#2414 = CARTESIAN_POINT('',(0.346951808885,1.855538253895));
#2415 = CARTESIAN_POINT('',(0.31217165146,1.855323193236));
#2416 = CARTESIAN_POINT('',(0.277407251354,1.855092265837));
#2417 = CARTESIAN_POINT('',(0.242665434739,1.854845732197));
#2418 = CARTESIAN_POINT('',(0.207948693988,1.854583892268));
#2419 = CARTESIAN_POINT('',(0.173252571139,1.854307129382));
#2420 = CARTESIAN_POINT('',(0.138574542068,1.854015812802));
#2421 = CARTESIAN_POINT('',(0.103912180612,1.853710315561));
#2422 = CARTESIAN_POINT('',(6.926342658099E-02,1.85339100968));
#2423 = CARTESIAN_POINT('',(3.462631841504E-02,1.853058267453));
#2424 = CARTESIAN_POINT('',(1.154127497087E-02,1.852827729885));
#2425 = CARTESIAN_POINT('',(0.,1.852710345787));
#2426 = ( GEOMETRIC_REPRESENTATION_CONTEXT(2) 
PARAMETRIC_REPRESENTATION_CONTEXT() REPRESENTATION_CONTEXT('2D SPACE',''
  ) );
#2427 = ORIENTED_EDGE('',*,*,#2428,.F.);
#2428 = EDGE_CURVE('',#2429,#2307,#2431,.T.);
#2429 = VERTEX_POINT('',#2430);
#2430 = CARTESIAN_POINT('',(-2.2,0.,2.4));
#2431 = SURFACE_CURVE('',#2432,(#2437,#2443),.PCURVE_S1.);
#2432 = B_SPLINE_CURVE_WITH_KNOTS('',3,(#2433,#2434,#2435,#2436),
  .UNSPECIFIED.,.F.,.F.,(4,4),(0.,1.),.PIECEWISE_BEZIER_KNOTS.);
#2433 = CARTESIAN_POINT('',(-2.2,0.,2.4));
#2434 = CARTESIAN_POINT('',(-2.2,0.,2.4007225662));
#2435 = CARTESIAN_POINT('',(-2.199992169645,3.683892593637E-05,
    2.401443179163));
#2436 = CARTESIAN_POINT('',(-2.199976628885,1.099524505768E-04,
    2.402161868812));
#2437 = PCURVE('',#1181,#2438);
#2438 = DEFINITIONAL_REPRESENTATION('',(#2439),#2442);
#2439 = B_SPLINE_CURVE_WITH_KNOTS('',1,(#2440,#2441),.UNSPECIFIED.,.F.,
  .F.,(2,2),(0.,1.),.PIECEWISE_BEZIER_KNOTS.);
#2440 = CARTESIAN_POINT('',(1.570796326795,1.7536));
#2441 = CARTESIAN_POINT('',(1.549175954341,1.753490047549));
#2442 = ( GEOMETRIC_REPRESENTATION_CONTEXT(2) 
PARAMETRIC_REPRESENTATION_CONTEXT() REPRESENTATION_CONTEXT('2D SPACE',''
  ) );
#2443 = PCURVE('',#2444,#2449);
#2444 = PLANE('',#2445);
#2445 = AXIS2_PLACEMENT_3D('',#2446,#2447,#2448);
#2446 = CARTESIAN_POINT('',(-2.2,0.,-2.5));
#2447 = DIRECTION('',(-0.978147600734,0.207911690818,0.));
#2448 = DIRECTION('',(0.,0.,1.));
#2449 = DEFINITIONAL_REPRESENTATION('',(#2450),#2455);
#2450 = B_SPLINE_CURVE_WITH_KNOTS('',3,(#2451,#2452,#2453,#2454),
  .UNSPECIFIED.,.F.,.F.,(4,4),(0.,1.),.PIECEWISE_BEZIER_KNOTS.);
#2451 = CARTESIAN_POINT('',(4.9,0.));
#2452 = CARTESIAN_POINT('',(4.9007225662,0.));
#2453 = CARTESIAN_POINT('',(4.901443179163,3.7661929366E-05));
#2454 = CARTESIAN_POINT('',(4.902161868812,1.124088537625E-04));
#2455 = ( GEOMETRIC_REPRESENTATION_CONTEXT(2) 
PARAMETRIC_REPRESENTATION_CONTEXT() REPRESENTATION_CONTEXT('2D SPACE',''
  ) );
#2456 = ORIENTED_EDGE('',*,*,#2457,.T.);
#2457 = EDGE_CURVE('',#2429,#1136,#2458,.T.);
#2458 = SURFACE_CURVE('',#2459,(#2463,#2470),.PCURVE_S1.);
#2459 = LINE('',#2460,#2461);
#2460 = CARTESIAN_POINT('',(-2.2,0.,2.4));
#2461 = VECTOR('',#2462,1.);
#2462 = DIRECTION('',(0.,-1.,0.));
#2463 = PCURVE('',#1181,#2464);
#2464 = DEFINITIONAL_REPRESENTATION('',(#2465),#2469);
#2465 = LINE('',#2466,#2467);
#2466 = CARTESIAN_POINT('',(1.570796326795,1.7536));
#2467 = VECTOR('',#2468,1.);
#2468 = DIRECTION('',(0.,1.));
#2469 = ( GEOMETRIC_REPRESENTATION_CONTEXT(2) 
PARAMETRIC_REPRESENTATION_CONTEXT() REPRESENTATION_CONTEXT('2D SPACE',''
  ) );
#2470 = PCURVE('',#1151,#2471);
#2471 = DEFINITIONAL_REPRESENTATION('',(#2472),#2476);
#2472 = LINE('',#2473,#2474);
#2473 = CARTESIAN_POINT('',(4.9,0.55));
#2474 = VECTOR('',#2475,1.);
#2475 = DIRECTION('',(0.,-1.));
#2476 = ( GEOMETRIC_REPRESENTATION_CONTEXT(2) 
PARAMETRIC_REPRESENTATION_CONTEXT() REPRESENTATION_CONTEXT('2D SPACE',''
  ) );
#2477 = ORIENTED_EDGE('',*,*,#1163,.F.);
#2478 = ORIENTED_EDGE('',*,*,#2156,.F.);
#2479 = ORIENTED_EDGE('',*,*,#2480,.F.);
#2480 = EDGE_CURVE('',#2481,#2134,#2483,.T.);
#2481 = VERTEX_POINT('',#2482);
#2482 = CARTESIAN_POINT('',(-2.1,-0.15,2.5));
#2483 = SURFACE_CURVE('',#2484,(#2489,#2495),.PCURVE_S1.);
#2484 = B_SPLINE_CURVE_WITH_KNOTS('',3,(#2485,#2486,#2487,#2488),
  .UNSPECIFIED.,.F.,.F.,(4,4),(0.,1.),.PIECEWISE_BEZIER_KNOTS.);
#2485 = CARTESIAN_POINT('',(-2.1,-0.15,2.5));
#2486 = CARTESIAN_POINT('',(-2.1007225662,-0.15,2.5));
#2487 = CARTESIAN_POINT('',(-2.101443179163,-0.150036838926,
    2.499992169645));
#2488 = CARTESIAN_POINT('',(-2.102161868812,-0.150109952451,
    2.499976628885));
#2489 = PCURVE('',#1181,#2490);
#2490 = DEFINITIONAL_REPRESENTATION('',(#2491),#2494);
#2491 = B_SPLINE_CURVE_WITH_KNOTS('',1,(#2492,#2493),.UNSPECIFIED.,.F.,
  .F.,(2,2),(0.,1.),.PIECEWISE_BEZIER_KNOTS.);
#2492 = CARTESIAN_POINT('',(0.,1.9036));
#2493 = CARTESIAN_POINT('',(2.162037245363E-02,1.903709952451));
#2494 = ( GEOMETRIC_REPRESENTATION_CONTEXT(2) 
PARAMETRIC_REPRESENTATION_CONTEXT() REPRESENTATION_CONTEXT('2D SPACE',''
  ) );
#2495 = PCURVE('',#2045,#2496);
#2496 = DEFINITIONAL_REPRESENTATION('',(#2497),#2502);
#2497 = B_SPLINE_CURVE_WITH_KNOTS('',3,(#2498,#2499,#2500,#2501),
  .UNSPECIFIED.,.F.,.F.,(4,4),(0.,1.),.PIECEWISE_BEZIER_KNOTS.);
#2498 = CARTESIAN_POINT('',(0.1,0.));
#2499 = CARTESIAN_POINT('',(9.92774338E-02,0.));
#2500 = CARTESIAN_POINT('',(9.8556820837E-02,-3.766192933048E-05));
#2501 = CARTESIAN_POINT('',(9.7838131188E-02,-1.124088537851E-04));
#2502 = ( GEOMETRIC_REPRESENTATION_CONTEXT(2) 
PARAMETRIC_REPRESENTATION_CONTEXT() REPRESENTATION_CONTEXT('2D SPACE',''
  ) );
#2503 = ORIENTED_EDGE('',*,*,#2504,.F.);
#2504 = EDGE_CURVE('',#2278,#2481,#2505,.T.);
#2505 = SURFACE_CURVE('',#2506,(#2510,#2517),.PCURVE_S1.);
#2506 = LINE('',#2507,#2508);
#2507 = CARTESIAN_POINT('',(-2.1,0.,2.5));
#2508 = VECTOR('',#2509,1.);
#2509 = DIRECTION('',(0.,-1.,0.));
#2510 = PCURVE('',#1181,#2511);
#2511 = DEFINITIONAL_REPRESENTATION('',(#2512),#2516);
#2512 = LINE('',#2513,#2514);
#2513 = CARTESIAN_POINT('',(0.,1.7536));
#2514 = VECTOR('',#2515,1.);
#2515 = DIRECTION('',(0.,1.));
#2516 = ( GEOMETRIC_REPRESENTATION_CONTEXT(2) 
PARAMETRIC_REPRESENTATION_CONTEXT() REPRESENTATION_CONTEXT('2D SPACE',''
  ) );
#2517 = PCURVE('',#2518,#2523);
#2518 = PLANE('',#2519);
#2519 = AXIS2_PLACEMENT_3D('',#2520,#2521,#2522);
#2520 = CARTESIAN_POINT('',(-2.2,-0.55,2.5));
#2521 = DIRECTION('',(0.,0.,1.));
#2522 = DIRECTION('',(1.,0.,-0.));
#2523 = DEFINITIONAL_REPRESENTATION('',(#2524),#2528);
#2524 = LINE('',#2525,#2526);
#2525 = CARTESIAN_POINT('',(0.1,0.55));
#2526 = VECTOR('',#2527,1.);
#2527 = DIRECTION('',(0.,-1.));
#2528 = ( GEOMETRIC_REPRESENTATION_CONTEXT(2) 
PARAMETRIC_REPRESENTATION_CONTEXT() REPRESENTATION_CONTEXT('2D SPACE',''
  ) );
#2529 = ADVANCED_FACE('',(#2530),#2518,.T.);
#2530 = FACE_BOUND('',#2531,.F.);
#2531 = EDGE_LOOP('',(#2532,#2557,#2578,#2579));
#2532 = ORIENTED_EDGE('',*,*,#2533,.T.);
#2533 = EDGE_CURVE('',#2534,#2536,#2538,.T.);
#2534 = VERTEX_POINT('',#2535);
#2535 = CARTESIAN_POINT('',(2.1,0.,2.5));
#2536 = VERTEX_POINT('',#2537);
#2537 = CARTESIAN_POINT('',(2.1,-0.15,2.5));
#2538 = SURFACE_CURVE('',#2539,(#2543,#2550),.PCURVE_S1.);
#2539 = LINE('',#2540,#2541);
#2540 = CARTESIAN_POINT('',(2.1,0.,2.5));
#2541 = VECTOR('',#2542,1.);
#2542 = DIRECTION('',(0.,-1.,0.));
#2543 = PCURVE('',#2518,#2544);
#2544 = DEFINITIONAL_REPRESENTATION('',(#2545),#2549);
#2545 = LINE('',#2546,#2547);
#2546 = CARTESIAN_POINT('',(4.3,0.55));
#2547 = VECTOR('',#2548,1.);
#2548 = DIRECTION('',(0.,-1.));
#2549 = ( GEOMETRIC_REPRESENTATION_CONTEXT(2) 
PARAMETRIC_REPRESENTATION_CONTEXT() REPRESENTATION_CONTEXT('2D SPACE',''
  ) );
#2550 = PCURVE('',#1794,#2551);
#2551 = DEFINITIONAL_REPRESENTATION('',(#2552),#2556);
#2552 = LINE('',#2553,#2554);
#2553 = CARTESIAN_POINT('',(1.570796326795,1.7536));
#2554 = VECTOR('',#2555,1.);
#2555 = DIRECTION('',(0.,1.));
#2556 = ( GEOMETRIC_REPRESENTATION_CONTEXT(2) 
PARAMETRIC_REPRESENTATION_CONTEXT() REPRESENTATION_CONTEXT('2D SPACE',''
  ) );
#2557 = ORIENTED_EDGE('',*,*,#2558,.F.);
#2558 = EDGE_CURVE('',#2481,#2536,#2559,.T.);
#2559 = SURFACE_CURVE('',#2560,(#2564,#2571),.PCURVE_S1.);
#2560 = LINE('',#2561,#2562);
#2561 = CARTESIAN_POINT('',(-2.1,-0.15,2.5));
#2562 = VECTOR('',#2563,1.);
#2563 = DIRECTION('',(1.,0.,0.));
#2564 = PCURVE('',#2518,#2565);
#2565 = DEFINITIONAL_REPRESENTATION('',(#2566),#2570);
#2566 = LINE('',#2567,#2568);
#2567 = CARTESIAN_POINT('',(0.1,0.4));
#2568 = VECTOR('',#2569,1.);
#2569 = DIRECTION('',(1.,0.));
#2570 = ( GEOMETRIC_REPRESENTATION_CONTEXT(2) 
PARAMETRIC_REPRESENTATION_CONTEXT() REPRESENTATION_CONTEXT('2D SPACE',''
  ) );
#2571 = PCURVE('',#2045,#2572);
#2572 = DEFINITIONAL_REPRESENTATION('',(#2573),#2577);
#2573 = LINE('',#2574,#2575);
#2574 = CARTESIAN_POINT('',(0.1,0.));
#2575 = VECTOR('',#2576,1.);
#2576 = DIRECTION('',(1.,0.));
#2577 = ( GEOMETRIC_REPRESENTATION_CONTEXT(2) 
PARAMETRIC_REPRESENTATION_CONTEXT() REPRESENTATION_CONTEXT('2D SPACE',''
  ) );
#2578 = ORIENTED_EDGE('',*,*,#2504,.F.);
#2579 = ORIENTED_EDGE('',*,*,#2580,.T.);
#2580 = EDGE_CURVE('',#2278,#2534,#2581,.T.);
#2581 = SURFACE_CURVE('',#2582,(#2586,#2593),.PCURVE_S1.);
#2582 = LINE('',#2583,#2584);
#2583 = CARTESIAN_POINT('',(-2.1,0.,2.5));
#2584 = VECTOR('',#2585,1.);
#2585 = DIRECTION('',(1.,0.,0.));
#2586 = PCURVE('',#2518,#2587);
#2587 = DEFINITIONAL_REPRESENTATION('',(#2588),#2592);
#2588 = LINE('',#2589,#2590);
#2589 = CARTESIAN_POINT('',(0.1,0.55));
#2590 = VECTOR('',#2591,1.);
#2591 = DIRECTION('',(1.,0.));
#2592 = ( GEOMETRIC_REPRESENTATION_CONTEXT(2) 
PARAMETRIC_REPRESENTATION_CONTEXT() REPRESENTATION_CONTEXT('2D SPACE',''
  ) );
#2593 = PCURVE('',#2293,#2594);
#2594 = DEFINITIONAL_REPRESENTATION('',(#2595),#2599);
#2595 = LINE('',#2596,#2597);
#2596 = CARTESIAN_POINT('',(0.1,0.));
#2597 = VECTOR('',#2598,1.);
#2598 = DIRECTION('',(1.,0.));
#2599 = ( GEOMETRIC_REPRESENTATION_CONTEXT(2) 
PARAMETRIC_REPRESENTATION_CONTEXT() REPRESENTATION_CONTEXT('2D SPACE',''
  ) );
#2600 = ADVANCED_FACE('',(#2601),#1794,.T.);
#2601 = FACE_BOUND('',#2602,.T.);
#2602 = EDGE_LOOP('',(#2603,#2634,#2756,#2778,#2779,#2803,#2918,#2919));
#2603 = ORIENTED_EDGE('',*,*,#2604,.F.);
#2604 = EDGE_CURVE('',#2605,#2607,#2609,.T.);
#2605 = VERTEX_POINT('',#2606);
#2606 = CARTESIAN_POINT('',(2.199976628885,1.099524505767E-04,
    2.402161868812));
#2607 = VERTEX_POINT('',#2608);
#2608 = CARTESIAN_POINT('',(2.2,0.,2.4));
#2609 = SURFACE_CURVE('',#2610,(#2615,#2621),.PCURVE_S1.);
#2610 = B_SPLINE_CURVE_WITH_KNOTS('',3,(#2611,#2612,#2613,#2614),
  .UNSPECIFIED.,.F.,.F.,(4,4),(0.,1.),.PIECEWISE_BEZIER_KNOTS.);
#2611 = CARTESIAN_POINT('',(2.199976628885,1.099524505767E-04,
    2.402161868812));
#2612 = CARTESIAN_POINT('',(2.199992169645,3.683892593635E-05,
    2.401443179163));
#2613 = CARTESIAN_POINT('',(2.2,0.,2.4007225662));
#2614 = CARTESIAN_POINT('',(2.2,0.,2.4));
#2615 = PCURVE('',#1794,#2616);
#2616 = DEFINITIONAL_REPRESENTATION('',(#2617),#2620);
#2617 = B_SPLINE_CURVE_WITH_KNOTS('',1,(#2618,#2619),.UNSPECIFIED.,.F.,
  .F.,(2,2),(0.,1.),.PIECEWISE_BEZIER_KNOTS.);
#2618 = CARTESIAN_POINT('',(2.162037245364E-02,1.753490047549));
#2619 = CARTESIAN_POINT('',(0.,1.7536));
#2620 = ( GEOMETRIC_REPRESENTATION_CONTEXT(2) 
PARAMETRIC_REPRESENTATION_CONTEXT() REPRESENTATION_CONTEXT('2D SPACE',''
  ) );
#2621 = PCURVE('',#2622,#2627);
#2622 = PLANE('',#2623);
#2623 = AXIS2_PLACEMENT_3D('',#2624,#2625,#2626);
#2624 = CARTESIAN_POINT('',(2.2,0.,2.5));
#2625 = DIRECTION('',(0.978147600734,0.207911690818,0.));
#2626 = DIRECTION('',(0.,0.,-1.));
#2627 = DEFINITIONAL_REPRESENTATION('',(#2628),#2633);
#2628 = B_SPLINE_CURVE_WITH_KNOTS('',3,(#2629,#2630,#2631,#2632),
  .UNSPECIFIED.,.F.,.F.,(4,4),(0.,1.),.PIECEWISE_BEZIER_KNOTS.);
#2629 = CARTESIAN_POINT('',(9.7838131188E-02,1.124088537624E-04));
#2630 = CARTESIAN_POINT('',(9.8556820837E-02,3.766192936598E-05));
#2631 = CARTESIAN_POINT('',(9.92774338E-02,0.));
#2632 = CARTESIAN_POINT('',(0.1,0.));
#2633 = ( GEOMETRIC_REPRESENTATION_CONTEXT(2) 
PARAMETRIC_REPRESENTATION_CONTEXT() REPRESENTATION_CONTEXT('2D SPACE',''
  ) );
#2634 = ORIENTED_EDGE('',*,*,#2635,.F.);
#2635 = EDGE_CURVE('',#2636,#2605,#2638,.T.);
#2636 = VERTEX_POINT('',#2637);
#2637 = CARTESIAN_POINT('',(2.102161868812,1.099524505769E-04,
    2.499976628885));
#2638 = SURFACE_CURVE('',#2639,(#2649,#2700),.PCURVE_S1.);
#2639 = B_SPLINE_CURVE_WITH_KNOTS('',3,(#2640,#2641,#2642,#2643,#2644,
    #2645,#2646,#2647,#2648),.UNSPECIFIED.,.F.,.F.,(4,1,1,1,1,1,4),(0.,
    0.166666666667,0.333333333333,0.5,0.666666666667,0.833333333333,1.),
  .UNSPECIFIED.);
#2640 = CARTESIAN_POINT('',(2.102161868812,1.099524505771E-04,
    2.499976628885));
#2641 = CARTESIAN_POINT('',(2.110623505267,9.707691701318E-04,
    2.499793656643));
#2642 = CARTESIAN_POINT('',(2.127513219859,2.464888799838E-03,
    2.497273220002));
#2643 = CARTESIAN_POINT('',(2.151197636601,3.876727975371E-03,
    2.487166771938));
#2644 = CARTESIAN_POINT('',(2.171474915043,4.353520780585E-03,
    2.471474915043));
#2645 = CARTESIAN_POINT('',(2.187166771938,3.876727975371E-03,
    2.451197636601));
#2646 = CARTESIAN_POINT('',(2.197273220002,2.464888799841E-03,
    2.427513219859));
#2647 = CARTESIAN_POINT('',(2.199793656643,9.707691701324E-04,
    2.410623505267));
#2648 = CARTESIAN_POINT('',(2.199976628885,1.099524505779E-04,
    2.402161868812));
#2649 = PCURVE('',#1794,#2650);
#2650 = DEFINITIONAL_REPRESENTATION('',(#2651),#2699);
#2651 = B_SPLINE_CURVE_WITH_KNOTS('',3,(#2652,#2653,#2654,#2655,#2656,
    #2657,#2658,#2659,#2660,#2661,#2662,#2663,#2664,#2665,#2666,#2667,
    #2668,#2669,#2670,#2671,#2672,#2673,#2674,#2675,#2676,#2677,#2678,
    #2679,#2680,#2681,#2682,#2683,#2684,#2685,#2686,#2687,#2688,#2689,
    #2690,#2691,#2692,#2693,#2694,#2695,#2696,#2697,#2698),
  .UNSPECIFIED.,.F.,.F.,(4,1,1,1,1,1,1,1,1,1,1,1,1,1,1,1,1,1,1,1,1,1,1,1
    ,1,1,1,1,1,1,1,1,1,1,1,1,1,1,1,1,1,1,1,1,4),(0.,2.272727272727E-02,
    4.545454545455E-02,6.818181818182E-02,9.090909090909E-02,
    0.113636363636,0.136363636364,0.159090909091,0.181818181818,
    0.204545454545,0.227272727273,0.25,0.272727272727,0.295454545455,
    0.318181818182,0.340909090909,0.363636363636,0.386363636364,
    0.409090909091,0.431818181818,0.454545454545,0.477272727273,0.5,
    0.522727272727,0.545454545455,0.568181818182,0.590909090909,
    0.613636363636,0.636363636364,0.659090909091,0.681818181818,
    0.704545454545,0.727272727273,0.75,0.772727272727,0.795454545455,
    0.818181818182,0.840909090909,0.863636363636,0.886363636364,
    0.909090909091,0.931818181818,0.954545454545,0.977272727273,1.),
  .QUASI_UNIFORM_KNOTS.);
#2652 = CARTESIAN_POINT('',(1.549175954341,1.753490047549));
#2653 = CARTESIAN_POINT('',(1.537634679371,1.753372663451));
#2654 = CARTESIAN_POINT('',(1.514549635928,1.753142125883));
#2655 = CARTESIAN_POINT('',(1.479912527762,1.752809383656));
#2656 = CARTESIAN_POINT('',(1.445263773731,1.752490077776));
#2657 = CARTESIAN_POINT('',(1.410601412275,1.752184580534));
#2658 = CARTESIAN_POINT('',(1.375923383204,1.751893263954));
#2659 = CARTESIAN_POINT('',(1.341227260355,1.751616501068));
#2660 = CARTESIAN_POINT('',(1.306510519604,1.751354661139));
#2661 = CARTESIAN_POINT('',(1.271768702989,1.7511081275));
#2662 = CARTESIAN_POINT('',(1.237004302883,1.7508772001));
#2663 = CARTESIAN_POINT('',(1.202224145459,1.750662139441));
#2664 = CARTESIAN_POINT('',(1.167434759478,1.750463215656));
#2665 = CARTESIAN_POINT('',(1.132643153247,1.750280695937));
#2666 = CARTESIAN_POINT('',(1.097856321316,1.750114849609));
#2667 = CARTESIAN_POINT('',(1.063080747474,1.749965940401));
#2668 = CARTESIAN_POINT('',(1.028323193144,1.749834252303));
#2669 = CARTESIAN_POINT('',(0.993586021493,1.749719985665));
#2670 = CARTESIAN_POINT('',(0.958864523175,1.749623163959));
#2671 = CARTESIAN_POINT('',(0.924155888514,1.7495438405));
#2672 = CARTESIAN_POINT('',(0.889457356831,1.74948206061));
#2673 = CARTESIAN_POINT('',(0.854766500218,1.749437871749));
#2674 = CARTESIAN_POINT('',(0.820080926967,1.749411320808));
#2675 = CARTESIAN_POINT('',(0.785398163397,1.749402454828));
#2676 = CARTESIAN_POINT('',(0.750715399828,1.749411320808));
#2677 = CARTESIAN_POINT('',(0.716029826577,1.749437871749));
#2678 = CARTESIAN_POINT('',(0.681338969964,1.74948206061));
#2679 = CARTESIAN_POINT('',(0.646640438281,1.7495438405));
#2680 = CARTESIAN_POINT('',(0.61193180362,1.749623163959));
#2681 = CARTESIAN_POINT('',(0.577210305302,1.749719985665));
#2682 = CARTESIAN_POINT('',(0.542473133651,1.749834252303));
#2683 = CARTESIAN_POINT('',(0.507715579321,1.749965940401));
#2684 = CARTESIAN_POINT('',(0.472940005479,1.750114849609));
#2685 = CARTESIAN_POINT('',(0.438153173548,1.750280695937));
#2686 = CARTESIAN_POINT('',(0.403361567317,1.750463215656));
#2687 = CARTESIAN_POINT('',(0.368572181336,1.750662139441));
#2688 = CARTESIAN_POINT('',(0.333792023912,1.7508772001));
#2689 = CARTESIAN_POINT('',(0.299027623806,1.7511081275));
#2690 = CARTESIAN_POINT('',(0.264285807191,1.751354661139));
#2691 = CARTESIAN_POINT('',(0.22956906644,1.751616501068));
#2692 = CARTESIAN_POINT('',(0.194872943591,1.751893263954));
#2693 = CARTESIAN_POINT('',(0.16019491452,1.752184580534));
#2694 = CARTESIAN_POINT('',(0.125532553064,1.752490077776));
#2695 = CARTESIAN_POINT('',(9.088379903321E-02,1.752809383656));
#2696 = CARTESIAN_POINT('',(5.624669086694E-02,1.753142125883));
#2697 = CARTESIAN_POINT('',(3.316164742361E-02,1.753372663451));
#2698 = CARTESIAN_POINT('',(2.162037245364E-02,1.753490047549));
#2699 = ( GEOMETRIC_REPRESENTATION_CONTEXT(2) 
PARAMETRIC_REPRESENTATION_CONTEXT() REPRESENTATION_CONTEXT('2D SPACE',''
  ) );
#2700 = PCURVE('',#2701,#2706);
#2701 = CYLINDRICAL_SURFACE('',#2702,0.1);
#2702 = AXIS2_PLACEMENT_3D('',#2703,#2704,#2705);
#2703 = CARTESIAN_POINT('',(1.725026753969,1.7536,2.025026753969));
#2704 = DIRECTION('',(0.203558594953,-0.957667894858,0.203558594953));
#2705 = DIRECTION('',(0.978147600734,0.207911690818,5.107025913276E-15)
  );
#2706 = DEFINITIONAL_REPRESENTATION('',(#2707),#2755);
#2707 = B_SPLINE_CURVE_WITH_KNOTS('',3,(#2708,#2709,#2710,#2711,#2712,
    #2713,#2714,#2715,#2716,#2717,#2718,#2719,#2720,#2721,#2722,#2723,
    #2724,#2725,#2726,#2727,#2728,#2729,#2730,#2731,#2732,#2733,#2734,
    #2735,#2736,#2737,#2738,#2739,#2740,#2741,#2742,#2743,#2744,#2745,
    #2746,#2747,#2748,#2749,#2750,#2751,#2752,#2753,#2754),
  .UNSPECIFIED.,.F.,.F.,(4,1,1,1,1,1,1,1,1,1,1,1,1,1,1,1,1,1,1,1,1,1,1,1
    ,1,1,1,1,1,1,1,1,1,1,1,1,1,1,1,1,1,1,1,1,4),(0.,2.272727272727E-02,
    4.545454545455E-02,6.818181818182E-02,9.090909090909E-02,
    0.113636363636,0.136363636364,0.159090909091,0.181818181818,
    0.204545454545,0.227272727273,0.25,0.272727272727,0.295454545455,
    0.318181818182,0.340909090909,0.363636363636,0.386363636364,
    0.409090909091,0.431818181818,0.454545454545,0.477272727273,0.5,
    0.522727272727,0.545454545455,0.568181818182,0.590909090909,
    0.613636363636,0.636363636364,0.659090909091,0.681818181818,
    0.704545454545,0.727272727273,0.75,0.772727272727,0.795454545455,
    0.818181818182,0.840909090909,0.863636363636,0.886363636364,
    0.909090909091,0.931818181818,0.954545454545,0.977272727273,1.),
  .QUASI_UNIFORM_KNOTS.);
#2708 = CARTESIAN_POINT('',(1.527555581891,1.852710345787));
#2709 = CARTESIAN_POINT('',(1.516014306921,1.852827729885));
#2710 = CARTESIAN_POINT('',(1.492929263477,1.853058267453));
#2711 = CARTESIAN_POINT('',(1.458292155311,1.85339100968));
#2712 = CARTESIAN_POINT('',(1.42364340128,1.853710315561));
#2713 = CARTESIAN_POINT('',(1.388981039824,1.854015812802));
#2714 = CARTESIAN_POINT('',(1.354303010754,1.854307129382));
#2715 = CARTESIAN_POINT('',(1.319606887904,1.854583892268));
#2716 = CARTESIAN_POINT('',(1.284890147154,1.854845732197));
#2717 = CARTESIAN_POINT('',(1.250148330538,1.855092265837));
#2718 = CARTESIAN_POINT('',(1.215383930432,1.855323193236));
#2719 = CARTESIAN_POINT('',(1.180603773008,1.855538253895));
#2720 = CARTESIAN_POINT('',(1.145814387027,1.85573717768));
#2721 = CARTESIAN_POINT('',(1.111022780796,1.855919697399));
#2722 = CARTESIAN_POINT('',(1.076235948865,1.856085543727));
#2723 = CARTESIAN_POINT('',(1.041460375023,1.856234452935));
#2724 = CARTESIAN_POINT('',(1.006702820693,1.856366141034));
#2725 = CARTESIAN_POINT('',(0.971965649041,1.856480407671));
#2726 = CARTESIAN_POINT('',(0.937244150724,1.856577229378));
#2727 = CARTESIAN_POINT('',(0.902535516063,1.856656552836));
#2728 = CARTESIAN_POINT('',(0.86783698438,1.856718332727));
#2729 = CARTESIAN_POINT('',(0.833146127767,1.856762521587));
#2730 = CARTESIAN_POINT('',(0.798460554516,1.856789072528));
#2731 = CARTESIAN_POINT('',(0.763777790946,1.856797938508));
#2732 = CARTESIAN_POINT('',(0.729095027376,1.856789072528));
#2733 = CARTESIAN_POINT('',(0.694409454125,1.856762521587));
#2734 = CARTESIAN_POINT('',(0.659718597512,1.856718332727));
#2735 = CARTESIAN_POINT('',(0.625020065829,1.856656552836));
#2736 = CARTESIAN_POINT('',(0.590311431168,1.856577229378));
#2737 = CARTESIAN_POINT('',(0.555589932851,1.856480407671));
#2738 = CARTESIAN_POINT('',(0.5208527612,1.856366141034));
#2739 = CARTESIAN_POINT('',(0.486095206869,1.856234452935));
#2740 = CARTESIAN_POINT('',(0.451319633027,1.856085543727));
#2741 = CARTESIAN_POINT('',(0.416532801096,1.855919697399));
#2742 = CARTESIAN_POINT('',(0.381741194865,1.85573717768));
#2743 = CARTESIAN_POINT('',(0.346951808885,1.855538253895));
#2744 = CARTESIAN_POINT('',(0.31217165146,1.855323193236));
#2745 = CARTESIAN_POINT('',(0.277407251354,1.855092265837));
#2746 = CARTESIAN_POINT('',(0.242665434739,1.854845732197));
#2747 = CARTESIAN_POINT('',(0.207948693988,1.854583892268));
#2748 = CARTESIAN_POINT('',(0.173252571139,1.854307129382));
#2749 = CARTESIAN_POINT('',(0.138574542068,1.854015812802));
#2750 = CARTESIAN_POINT('',(0.103912180612,1.853710315561));
#2751 = CARTESIAN_POINT('',(6.926342658099E-02,1.85339100968));
#2752 = CARTESIAN_POINT('',(3.462631841504E-02,1.853058267453));
#2753 = CARTESIAN_POINT('',(1.154127497087E-02,1.852827729885));
#2754 = CARTESIAN_POINT('',(0.,1.852710345787));
#2755 = ( GEOMETRIC_REPRESENTATION_CONTEXT(2) 
PARAMETRIC_REPRESENTATION_CONTEXT() REPRESENTATION_CONTEXT('2D SPACE',''
  ) );
#2756 = ORIENTED_EDGE('',*,*,#2757,.F.);
#2757 = EDGE_CURVE('',#2534,#2636,#2758,.T.);
#2758 = SURFACE_CURVE('',#2759,(#2764,#2770),.PCURVE_S1.);
#2759 = B_SPLINE_CURVE_WITH_KNOTS('',3,(#2760,#2761,#2762,#2763),
  .UNSPECIFIED.,.F.,.F.,(4,4),(0.,1.),.PIECEWISE_BEZIER_KNOTS.);
#2760 = CARTESIAN_POINT('',(2.1,0.,2.5));
#2761 = CARTESIAN_POINT('',(2.1007225662,0.,2.5));
#2762 = CARTESIAN_POINT('',(2.101443179163,3.683892593643E-05,
    2.499992169645));
#2763 = CARTESIAN_POINT('',(2.102161868812,1.099524505769E-04,
    2.499976628885));
#2764 = PCURVE('',#1794,#2765);
#2765 = DEFINITIONAL_REPRESENTATION('',(#2766),#2769);
#2766 = B_SPLINE_CURVE_WITH_KNOTS('',1,(#2767,#2768),.UNSPECIFIED.,.F.,
  .F.,(2,2),(0.,1.),.PIECEWISE_BEZIER_KNOTS.);
#2767 = CARTESIAN_POINT('',(1.570796326795,1.7536));
#2768 = CARTESIAN_POINT('',(1.549175954341,1.753490047549));
#2769 = ( GEOMETRIC_REPRESENTATION_CONTEXT(2) 
PARAMETRIC_REPRESENTATION_CONTEXT() REPRESENTATION_CONTEXT('2D SPACE',''
  ) );
#2770 = PCURVE('',#2293,#2771);
#2771 = DEFINITIONAL_REPRESENTATION('',(#2772),#2777);
#2772 = B_SPLINE_CURVE_WITH_KNOTS('',3,(#2773,#2774,#2775,#2776),
  .UNSPECIFIED.,.F.,.F.,(4,4),(0.,1.),.PIECEWISE_BEZIER_KNOTS.);
#2773 = CARTESIAN_POINT('',(4.3,0.));
#2774 = CARTESIAN_POINT('',(4.3007225662,0.));
#2775 = CARTESIAN_POINT('',(4.301443179163,3.766192936605E-05));
#2776 = CARTESIAN_POINT('',(4.302161868812,1.124088537626E-04));
#2777 = ( GEOMETRIC_REPRESENTATION_CONTEXT(2) 
PARAMETRIC_REPRESENTATION_CONTEXT() REPRESENTATION_CONTEXT('2D SPACE',''
  ) );
#2778 = ORIENTED_EDGE('',*,*,#2533,.T.);
#2779 = ORIENTED_EDGE('',*,*,#2780,.F.);
#2780 = EDGE_CURVE('',#2781,#2536,#2783,.T.);
#2781 = VERTEX_POINT('',#2782);
#2782 = CARTESIAN_POINT('',(2.102161868812,-0.150109952451,
    2.499976628885));
#2783 = SURFACE_CURVE('',#2784,(#2789,#2795),.PCURVE_S1.);
#2784 = B_SPLINE_CURVE_WITH_KNOTS('',3,(#2785,#2786,#2787,#2788),
  .UNSPECIFIED.,.F.,.F.,(4,4),(0.,1.),.PIECEWISE_BEZIER_KNOTS.);
#2785 = CARTESIAN_POINT('',(2.102161868812,-0.150109952451,
    2.499976628885));
#2786 = CARTESIAN_POINT('',(2.101443179163,-0.150036838926,
    2.499992169645));
#2787 = CARTESIAN_POINT('',(2.1007225662,-0.15,2.5));
#2788 = CARTESIAN_POINT('',(2.1,-0.15,2.5));
#2789 = PCURVE('',#1794,#2790);
#2790 = DEFINITIONAL_REPRESENTATION('',(#2791),#2794);
#2791 = B_SPLINE_CURVE_WITH_KNOTS('',1,(#2792,#2793),.UNSPECIFIED.,.F.,
  .F.,(2,2),(0.,1.),.PIECEWISE_BEZIER_KNOTS.);
#2792 = CARTESIAN_POINT('',(1.549175954341,1.903709952451));
#2793 = CARTESIAN_POINT('',(1.570796326795,1.9036));
#2794 = ( GEOMETRIC_REPRESENTATION_CONTEXT(2) 
PARAMETRIC_REPRESENTATION_CONTEXT() REPRESENTATION_CONTEXT('2D SPACE',''
  ) );
#2795 = PCURVE('',#2045,#2796);
#2796 = DEFINITIONAL_REPRESENTATION('',(#2797),#2802);
#2797 = B_SPLINE_CURVE_WITH_KNOTS('',3,(#2798,#2799,#2800,#2801),
  .UNSPECIFIED.,.F.,.F.,(4,4),(0.,1.),.PIECEWISE_BEZIER_KNOTS.);
#2798 = CARTESIAN_POINT('',(4.302161868812,-1.124088537851E-04));
#2799 = CARTESIAN_POINT('',(4.301443179163,-3.766192933048E-05));
#2800 = CARTESIAN_POINT('',(4.3007225662,0.));
#2801 = CARTESIAN_POINT('',(4.3,0.));
#2802 = ( GEOMETRIC_REPRESENTATION_CONTEXT(2) 
PARAMETRIC_REPRESENTATION_CONTEXT() REPRESENTATION_CONTEXT('2D SPACE',''
  ) );
#2803 = ORIENTED_EDGE('',*,*,#2804,.F.);
#2804 = EDGE_CURVE('',#1749,#2781,#2805,.T.);
#2805 = SURFACE_CURVE('',#2806,(#2816,#2867),.PCURVE_S1.);
#2806 = B_SPLINE_CURVE_WITH_KNOTS('',3,(#2807,#2808,#2809,#2810,#2811,
    #2812,#2813,#2814,#2815),.UNSPECIFIED.,.F.,.F.,(4,1,1,1,1,1,4),(0.,
    0.166666666667,0.333333333333,0.5,0.666666666667,0.833333333333,1.),
  .UNSPECIFIED.);
#2807 = CARTESIAN_POINT('',(2.199976628885,-0.150109952451,
    2.402161868812));
#2808 = CARTESIAN_POINT('',(2.199793656643,-0.15097076917,2.410623505267
    ));
#2809 = CARTESIAN_POINT('',(2.197273220002,-0.1524648888,2.427513219859)
  );
#2810 = CARTESIAN_POINT('',(2.187166771938,-0.153876727975,
    2.451197636601));
#2811 = CARTESIAN_POINT('',(2.171474915043,-0.154353520781,
    2.471474915043));
#2812 = CARTESIAN_POINT('',(2.151197636601,-0.153876727975,
    2.487166771938));
#2813 = CARTESIAN_POINT('',(2.127513219859,-0.1524648888,2.497273220002)
  );
#2814 = CARTESIAN_POINT('',(2.110623505267,-0.15097076917,2.499793656643
    ));
#2815 = CARTESIAN_POINT('',(2.102161868812,-0.150109952451,
    2.499976628885));
#2816 = PCURVE('',#1794,#2817);
#2817 = DEFINITIONAL_REPRESENTATION('',(#2818),#2866);
#2818 = B_SPLINE_CURVE_WITH_KNOTS('',3,(#2819,#2820,#2821,#2822,#2823,
    #2824,#2825,#2826,#2827,#2828,#2829,#2830,#2831,#2832,#2833,#2834,
    #2835,#2836,#2837,#2838,#2839,#2840,#2841,#2842,#2843,#2844,#2845,
    #2846,#2847,#2848,#2849,#2850,#2851,#2852,#2853,#2854,#2855,#2856,
    #2857,#2858,#2859,#2860,#2861,#2862,#2863,#2864,#2865),
  .UNSPECIFIED.,.F.,.F.,(4,1,1,1,1,1,1,1,1,1,1,1,1,1,1,1,1,1,1,1,1,1,1,1
    ,1,1,1,1,1,1,1,1,1,1,1,1,1,1,1,1,1,1,1,1,4),(0.,2.272727272727E-02,
    4.545454545455E-02,6.818181818182E-02,9.090909090909E-02,
    0.113636363636,0.136363636364,0.159090909091,0.181818181818,
    0.204545454545,0.227272727273,0.25,0.272727272727,0.295454545455,
    0.318181818182,0.340909090909,0.363636363636,0.386363636364,
    0.409090909091,0.431818181818,0.454545454545,0.477272727273,0.5,
    0.522727272727,0.545454545455,0.568181818182,0.590909090909,
    0.613636363636,0.636363636364,0.659090909091,0.681818181818,
    0.704545454545,0.727272727273,0.75,0.772727272727,0.795454545455,
    0.818181818182,0.840909090909,0.863636363636,0.886363636364,
    0.909090909091,0.931818181818,0.954545454545,0.977272727273,1.),
  .QUASI_UNIFORM_KNOTS.);
#2819 = CARTESIAN_POINT('',(2.162037245364E-02,1.903709952451));
#2820 = CARTESIAN_POINT('',(3.316164742361E-02,1.903827336549));
#2821 = CARTESIAN_POINT('',(5.624669086695E-02,1.904057874117));
#2822 = CARTESIAN_POINT('',(9.088379903321E-02,1.904390616344));
#2823 = CARTESIAN_POINT('',(0.125532553064,1.904709922224));
#2824 = CARTESIAN_POINT('',(0.16019491452,1.905015419466));
#2825 = CARTESIAN_POINT('',(0.194872943591,1.905306736046));
#2826 = CARTESIAN_POINT('',(0.22956906644,1.905583498932));
#2827 = CARTESIAN_POINT('',(0.264285807191,1.905845338861));
#2828 = CARTESIAN_POINT('',(0.299027623806,1.9060918725));
#2829 = CARTESIAN_POINT('',(0.333792023912,1.9063227999));
#2830 = CARTESIAN_POINT('',(0.368572181336,1.906537860559));
#2831 = CARTESIAN_POINT('',(0.403361567317,1.906736784344));
#2832 = CARTESIAN_POINT('',(0.438153173548,1.906919304063));
#2833 = CARTESIAN_POINT('',(0.472940005479,1.907085150391));
#2834 = CARTESIAN_POINT('',(0.507715579321,1.907234059599));
#2835 = CARTESIAN_POINT('',(0.542473133651,1.907365747697));
#2836 = CARTESIAN_POINT('',(0.577210305302,1.907480014335));
#2837 = CARTESIAN_POINT('',(0.61193180362,1.907576836041));
#2838 = CARTESIAN_POINT('',(0.646640438281,1.9076561595));
#2839 = CARTESIAN_POINT('',(0.681338969964,1.90771793939));
#2840 = CARTESIAN_POINT('',(0.716029826577,1.907762128251));
#2841 = CARTESIAN_POINT('',(0.750715399828,1.907788679192));
#2842 = CARTESIAN_POINT('',(0.785398163397,1.907797545172));
#2843 = CARTESIAN_POINT('',(0.820080926967,1.907788679192));
#2844 = CARTESIAN_POINT('',(0.854766500218,1.907762128251));
#2845 = CARTESIAN_POINT('',(0.889457356831,1.90771793939));
#2846 = CARTESIAN_POINT('',(0.924155888514,1.9076561595));
#2847 = CARTESIAN_POINT('',(0.958864523175,1.907576836041));
#2848 = CARTESIAN_POINT('',(0.993586021493,1.907480014335));
#2849 = CARTESIAN_POINT('',(1.028323193144,1.907365747697));
#2850 = CARTESIAN_POINT('',(1.063080747474,1.907234059599));
#2851 = CARTESIAN_POINT('',(1.097856321316,1.907085150391));
#2852 = CARTESIAN_POINT('',(1.132643153247,1.906919304063));
#2853 = CARTESIAN_POINT('',(1.167434759478,1.906736784344));
#2854 = CARTESIAN_POINT('',(1.202224145458,1.906537860559));
#2855 = CARTESIAN_POINT('',(1.237004302883,1.9063227999));
#2856 = CARTESIAN_POINT('',(1.271768702989,1.9060918725));
#2857 = CARTESIAN_POINT('',(1.306510519604,1.905845338861));
#2858 = CARTESIAN_POINT('',(1.341227260355,1.905583498932));
#2859 = CARTESIAN_POINT('',(1.375923383204,1.905306736046));
#2860 = CARTESIAN_POINT('',(1.410601412275,1.905015419466));
#2861 = CARTESIAN_POINT('',(1.445263773731,1.904709922224));
#2862 = CARTESIAN_POINT('',(1.479912527762,1.904390616344));
#2863 = CARTESIAN_POINT('',(1.514549635928,1.904057874117));
#2864 = CARTESIAN_POINT('',(1.537634679371,1.903827336549));
#2865 = CARTESIAN_POINT('',(1.549175954341,1.903709952451));
#2866 = ( GEOMETRIC_REPRESENTATION_CONTEXT(2) 
PARAMETRIC_REPRESENTATION_CONTEXT() REPRESENTATION_CONTEXT('2D SPACE',''
  ) );
#2867 = PCURVE('',#1764,#2868);
#2868 = DEFINITIONAL_REPRESENTATION('',(#2869),#2917);
#2869 = B_SPLINE_CURVE_WITH_KNOTS('',3,(#2870,#2871,#2872,#2873,#2874,
    #2875,#2876,#2877,#2878,#2879,#2880,#2881,#2882,#2883,#2884,#2885,
    #2886,#2887,#2888,#2889,#2890,#2891,#2892,#2893,#2894,#2895,#2896,
    #2897,#2898,#2899,#2900,#2901,#2902,#2903,#2904,#2905,#2906,#2907,
    #2908,#2909,#2910,#2911,#2912,#2913,#2914,#2915,#2916),
  .UNSPECIFIED.,.F.,.F.,(4,1,1,1,1,1,1,1,1,1,1,1,1,1,1,1,1,1,1,1,1,1,1,1
    ,1,1,1,1,1,1,1,1,1,1,1,1,1,1,1,1,1,1,1,1,4),(0.,2.272727272727E-02,
    4.545454545455E-02,6.818181818182E-02,9.090909090909E-02,
    0.113636363636,0.136363636364,0.159090909091,0.181818181818,
    0.204545454545,0.227272727273,0.25,0.272727272727,0.295454545455,
    0.318181818182,0.340909090909,0.363636363636,0.386363636364,
    0.409090909091,0.431818181818,0.454545454545,0.477272727273,0.5,
    0.522727272727,0.545454545455,0.568181818182,0.590909090909,
    0.613636363636,0.636363636364,0.659090909091,0.681818181818,
    0.704545454545,0.727272727273,0.75,0.772727272727,0.795454545455,
    0.818181818182,0.840909090909,0.863636363636,0.886363636364,
    0.909090909091,0.931818181818,0.954545454545,0.977272727273,1.),
  .QUASI_UNIFORM_KNOTS.);
#2870 = CARTESIAN_POINT('',(0.,1.966150054188));
#2871 = CARTESIAN_POINT('',(1.1541274969E-02,1.96603267009));
#2872 = CARTESIAN_POINT('',(3.462631841145E-02,1.965802132522));
#2873 = CARTESIAN_POINT('',(6.92634265782E-02,1.965469390295));
#2874 = CARTESIAN_POINT('',(0.103912180609,1.965150084414));
#2875 = CARTESIAN_POINT('',(0.138574542065,1.964844587172));
#2876 = CARTESIAN_POINT('',(0.173252571136,1.964553270592));
#2877 = CARTESIAN_POINT('',(0.207948693986,1.964276507706));
#2878 = CARTESIAN_POINT('',(0.242665434736,1.964014667778));
#2879 = CARTESIAN_POINT('',(0.277407251352,1.963768134138));
#2880 = CARTESIAN_POINT('',(0.312171651458,1.963537206739));
#2881 = CARTESIAN_POINT('',(0.346951808883,1.96332214608));
#2882 = CARTESIAN_POINT('',(0.381741194864,1.963123222295));
#2883 = CARTESIAN_POINT('',(0.416532801094,1.962940702575));
#2884 = CARTESIAN_POINT('',(0.451319633025,1.962774856248));
#2885 = CARTESIAN_POINT('',(0.486095206868,1.96262594704));
#2886 = CARTESIAN_POINT('',(0.520852761199,1.962494258941));
#2887 = CARTESIAN_POINT('',(0.55558993285,1.962379992304));
#2888 = CARTESIAN_POINT('',(0.590311431167,1.962283170597));
#2889 = CARTESIAN_POINT('',(0.625020065829,1.962203847139));
#2890 = CARTESIAN_POINT('',(0.659718597512,1.962142067248));
#2891 = CARTESIAN_POINT('',(0.694409454125,1.962097878388));
#2892 = CARTESIAN_POINT('',(0.729095027376,1.962071327446));
#2893 = CARTESIAN_POINT('',(0.763777790946,1.962062461466));
#2894 = CARTESIAN_POINT('',(0.798460554516,1.962071327446));
#2895 = CARTESIAN_POINT('',(0.833146127767,1.962097878388));
#2896 = CARTESIAN_POINT('',(0.86783698438,1.962142067248));
#2897 = CARTESIAN_POINT('',(0.902535516063,1.962203847139));
#2898 = CARTESIAN_POINT('',(0.937244150725,1.962283170597));
#2899 = CARTESIAN_POINT('',(0.971965649042,1.962379992304));
#2900 = CARTESIAN_POINT('',(1.006702820694,1.962494258941));
#2901 = CARTESIAN_POINT('',(1.041460375024,1.96262594704));
#2902 = CARTESIAN_POINT('',(1.076235948867,1.962774856248));
#2903 = CARTESIAN_POINT('',(1.111022780798,1.962940702575));
#2904 = CARTESIAN_POINT('',(1.145814387028,1.963123222295));
#2905 = CARTESIAN_POINT('',(1.180603773009,1.96332214608));
#2906 = CARTESIAN_POINT('',(1.215383930434,1.963537206739));
#2907 = CARTESIAN_POINT('',(1.25014833054,1.963768134138));
#2908 = CARTESIAN_POINT('',(1.284890147156,1.964014667778));
#2909 = CARTESIAN_POINT('',(1.319606887906,1.964276507706));
#2910 = CARTESIAN_POINT('',(1.354303010756,1.964553270592));
#2911 = CARTESIAN_POINT('',(1.388981039827,1.964844587172));
#2912 = CARTESIAN_POINT('',(1.423643401283,1.965150084414));
#2913 = CARTESIAN_POINT('',(1.458292155314,1.965469390295));
#2914 = CARTESIAN_POINT('',(1.49292926348,1.965802132522));
#2915 = CARTESIAN_POINT('',(1.516014306924,1.96603267009));
#2916 = CARTESIAN_POINT('',(1.527555581894,1.966150054188));
#2917 = ( GEOMETRIC_REPRESENTATION_CONTEXT(2) 
PARAMETRIC_REPRESENTATION_CONTEXT() REPRESENTATION_CONTEXT('2D SPACE',''
  ) );
#2918 = ORIENTED_EDGE('',*,*,#1776,.F.);
#2919 = ORIENTED_EDGE('',*,*,#2920,.F.);
#2920 = EDGE_CURVE('',#2607,#1777,#2921,.T.);
#2921 = SURFACE_CURVE('',#2922,(#2926,#2933),.PCURVE_S1.);
#2922 = LINE('',#2923,#2924);
#2923 = CARTESIAN_POINT('',(2.2,0.,2.4));
#2924 = VECTOR('',#2925,1.);
#2925 = DIRECTION('',(0.,-1.,0.));
#2926 = PCURVE('',#1794,#2927);
#2927 = DEFINITIONAL_REPRESENTATION('',(#2928),#2932);
#2928 = LINE('',#2929,#2930);
#2929 = CARTESIAN_POINT('',(0.,1.7536));
#2930 = VECTOR('',#2931,1.);
#2931 = DIRECTION('',(0.,1.));
#2932 = ( GEOMETRIC_REPRESENTATION_CONTEXT(2) 
PARAMETRIC_REPRESENTATION_CONTEXT() REPRESENTATION_CONTEXT('2D SPACE',''
  ) );
#2933 = PCURVE('',#1821,#2934);
#2934 = DEFINITIONAL_REPRESENTATION('',(#2935),#2939);
#2935 = LINE('',#2936,#2937);
#2936 = CARTESIAN_POINT('',(0.1,0.55));
#2937 = VECTOR('',#2938,1.);
#2938 = DIRECTION('',(0.,-1.));
#2939 = ( GEOMETRIC_REPRESENTATION_CONTEXT(2) 
PARAMETRIC_REPRESENTATION_CONTEXT() REPRESENTATION_CONTEXT('2D SPACE',''
  ) );
#2940 = ADVANCED_FACE('',(#2941),#1821,.T.);
#2941 = FACE_BOUND('',#2942,.F.);
#2942 = EDGE_LOOP('',(#2943,#2966,#2967,#2968));
#2943 = ORIENTED_EDGE('',*,*,#2944,.T.);
#2944 = EDGE_CURVE('',#2945,#1806,#2947,.T.);
#2945 = VERTEX_POINT('',#2946);
#2946 = CARTESIAN_POINT('',(2.2,0.,-2.4));
#2947 = SURFACE_CURVE('',#2948,(#2952,#2959),.PCURVE_S1.);
#2948 = LINE('',#2949,#2950);
#2949 = CARTESIAN_POINT('',(2.2,0.,-2.4));
#2950 = VECTOR('',#2951,1.);
#2951 = DIRECTION('',(0.,-1.,0.));
#2952 = PCURVE('',#1821,#2953);
#2953 = DEFINITIONAL_REPRESENTATION('',(#2954),#2958);
#2954 = LINE('',#2955,#2956);
#2955 = CARTESIAN_POINT('',(4.9,0.55));
#2956 = VECTOR('',#2957,1.);
#2957 = DIRECTION('',(0.,-1.));
#2958 = ( GEOMETRIC_REPRESENTATION_CONTEXT(2) 
PARAMETRIC_REPRESENTATION_CONTEXT() REPRESENTATION_CONTEXT('2D SPACE',''
  ) );
#2959 = PCURVE('',#1462,#2960);
#2960 = DEFINITIONAL_REPRESENTATION('',(#2961),#2965);
#2961 = LINE('',#2962,#2963);
#2962 = CARTESIAN_POINT('',(1.570796326795,1.7536));
#2963 = VECTOR('',#2964,1.);
#2964 = DIRECTION('',(0.,1.));
#2965 = ( GEOMETRIC_REPRESENTATION_CONTEXT(2) 
PARAMETRIC_REPRESENTATION_CONTEXT() REPRESENTATION_CONTEXT('2D SPACE',''
  ) );
#2966 = ORIENTED_EDGE('',*,*,#1805,.F.);
#2967 = ORIENTED_EDGE('',*,*,#2920,.F.);
#2968 = ORIENTED_EDGE('',*,*,#2969,.T.);
#2969 = EDGE_CURVE('',#2607,#2945,#2970,.T.);
#2970 = SURFACE_CURVE('',#2971,(#2975,#2982),.PCURVE_S1.);
#2971 = LINE('',#2972,#2973);
#2972 = CARTESIAN_POINT('',(2.2,0.,2.4));
#2973 = VECTOR('',#2974,1.);
#2974 = DIRECTION('',(0.,0.,-1.));
#2975 = PCURVE('',#1821,#2976);
#2976 = DEFINITIONAL_REPRESENTATION('',(#2977),#2981);
#2977 = LINE('',#2978,#2979);
#2978 = CARTESIAN_POINT('',(0.1,0.55));
#2979 = VECTOR('',#2980,1.);
#2980 = DIRECTION('',(1.,0.));
#2981 = ( GEOMETRIC_REPRESENTATION_CONTEXT(2) 
PARAMETRIC_REPRESENTATION_CONTEXT() REPRESENTATION_CONTEXT('2D SPACE',''
  ) );
#2982 = PCURVE('',#2622,#2983);
#2983 = DEFINITIONAL_REPRESENTATION('',(#2984),#2988);
#2984 = LINE('',#2985,#2986);
#2985 = CARTESIAN_POINT('',(0.1,0.));
#2986 = VECTOR('',#2987,1.);
#2987 = DIRECTION('',(1.,0.));
#2988 = ( GEOMETRIC_REPRESENTATION_CONTEXT(2) 
PARAMETRIC_REPRESENTATION_CONTEXT() REPRESENTATION_CONTEXT('2D SPACE',''
  ) );
#2989 = ADVANCED_FACE('',(#2990),#1462,.T.);
#2990 = FACE_BOUND('',#2991,.T.);
#2991 = EDGE_LOOP('',(#2992,#3023,#3145,#3167,#3168,#3169,#3170,#3171));
#2992 = ORIENTED_EDGE('',*,*,#2993,.F.);
#2993 = EDGE_CURVE('',#2994,#2996,#2998,.T.);
#2994 = VERTEX_POINT('',#2995);
#2995 = CARTESIAN_POINT('',(2.102161868812,1.099524505768E-04,
    -2.499976628885));
#2996 = VERTEX_POINT('',#2997);
#2997 = CARTESIAN_POINT('',(2.1,0.,-2.5));
#2998 = SURFACE_CURVE('',#2999,(#3004,#3010),.PCURVE_S1.);
#2999 = B_SPLINE_CURVE_WITH_KNOTS('',3,(#3000,#3001,#3002,#3003),
  .UNSPECIFIED.,.F.,.F.,(4,4),(0.,1.),.PIECEWISE_BEZIER_KNOTS.);
#3000 = CARTESIAN_POINT('',(2.102161868812,1.099524505768E-04,
    -2.499976628885));
#3001 = CARTESIAN_POINT('',(2.101443179163,3.68389259364E-05,
    -2.499992169645));
#3002 = CARTESIAN_POINT('',(2.1007225662,0.,-2.5));
#3003 = CARTESIAN_POINT('',(2.1,0.,-2.5));
#3004 = PCURVE('',#1462,#3005);
#3005 = DEFINITIONAL_REPRESENTATION('',(#3006),#3009);
#3006 = B_SPLINE_CURVE_WITH_KNOTS('',1,(#3007,#3008),.UNSPECIFIED.,.F.,
  .F.,(2,2),(0.,1.),.PIECEWISE_BEZIER_KNOTS.);
#3007 = CARTESIAN_POINT('',(2.162037245363E-02,1.753490047549));
#3008 = CARTESIAN_POINT('',(0.,1.7536));
#3009 = ( GEOMETRIC_REPRESENTATION_CONTEXT(2) 
PARAMETRIC_REPRESENTATION_CONTEXT() REPRESENTATION_CONTEXT('2D SPACE',''
  ) );
#3010 = PCURVE('',#3011,#3016);
#3011 = PLANE('',#3012);
#3012 = AXIS2_PLACEMENT_3D('',#3013,#3014,#3015);
#3013 = CARTESIAN_POINT('',(2.2,0.,-2.5));
#3014 = DIRECTION('',(0.,0.207911690818,-0.978147600734));
#3015 = DIRECTION('',(-1.,0.,0.));
#3016 = DEFINITIONAL_REPRESENTATION('',(#3017),#3022);
#3017 = B_SPLINE_CURVE_WITH_KNOTS('',3,(#3018,#3019,#3020,#3021),
  .UNSPECIFIED.,.F.,.F.,(4,4),(0.,1.),.PIECEWISE_BEZIER_KNOTS.);
#3018 = CARTESIAN_POINT('',(9.7838131188E-02,1.124088537625E-04));
#3019 = CARTESIAN_POINT('',(9.8556820837E-02,3.766192936602E-05));
#3020 = CARTESIAN_POINT('',(9.92774338E-02,0.));
#3021 = CARTESIAN_POINT('',(0.1,0.));
#3022 = ( GEOMETRIC_REPRESENTATION_CONTEXT(2) 
PARAMETRIC_REPRESENTATION_CONTEXT() REPRESENTATION_CONTEXT('2D SPACE',''
  ) );
#3023 = ORIENTED_EDGE('',*,*,#3024,.F.);
#3024 = EDGE_CURVE('',#3025,#2994,#3027,.T.);
#3025 = VERTEX_POINT('',#3026);
#3026 = CARTESIAN_POINT('',(2.199976628885,1.099524505768E-04,
    -2.402161868812));
#3027 = SURFACE_CURVE('',#3028,(#3038,#3089),.PCURVE_S1.);
#3028 = B_SPLINE_CURVE_WITH_KNOTS('',3,(#3029,#3030,#3031,#3032,#3033,
    #3034,#3035,#3036,#3037),.UNSPECIFIED.,.F.,.F.,(4,1,1,1,1,1,4),(0.,
    0.166666666667,0.333333333333,0.5,0.666666666667,0.833333333333,1.),
  .UNSPECIFIED.);
#3029 = CARTESIAN_POINT('',(2.199976628885,1.099524505772E-04,
    -2.402161868812));
#3030 = CARTESIAN_POINT('',(2.199793656643,9.707691701317E-04,
    -2.410623505267));
#3031 = CARTESIAN_POINT('',(2.197273220002,2.464888799839E-03,
    -2.427513219859));
#3032 = CARTESIAN_POINT('',(2.187166771938,3.876727975369E-03,
    -2.451197636601));
#3033 = CARTESIAN_POINT('',(2.171474915043,4.353520780588E-03,
    -2.471474915043));
#3034 = CARTESIAN_POINT('',(2.151197636601,3.876727975369E-03,
    -2.487166771938));
#3035 = CARTESIAN_POINT('',(2.127513219859,2.464888799839E-03,
    -2.497273220002));
#3036 = CARTESIAN_POINT('',(2.110623505267,9.707691701316E-04,
    -2.499793656643));
#3037 = CARTESIAN_POINT('',(2.102161868812,1.09952450577E-04,
    -2.499976628885));
#3038 = PCURVE('',#1462,#3039);
#3039 = DEFINITIONAL_REPRESENTATION('',(#3040),#3088);
#3040 = B_SPLINE_CURVE_WITH_KNOTS('',3,(#3041,#3042,#3043,#3044,#3045,
    #3046,#3047,#3048,#3049,#3050,#3051,#3052,#3053,#3054,#3055,#3056,
    #3057,#3058,#3059,#3060,#3061,#3062,#3063,#3064,#3065,#3066,#3067,
    #3068,#3069,#3070,#3071,#3072,#3073,#3074,#3075,#3076,#3077,#3078,
    #3079,#3080,#3081,#3082,#3083,#3084,#3085,#3086,#3087),
  .UNSPECIFIED.,.F.,.F.,(4,1,1,1,1,1,1,1,1,1,1,1,1,1,1,1,1,1,1,1,1,1,1,1
    ,1,1,1,1,1,1,1,1,1,1,1,1,1,1,1,1,1,1,1,1,4),(0.,2.272727272727E-02,
    4.545454545455E-02,6.818181818182E-02,9.090909090909E-02,
    0.113636363636,0.136363636364,0.159090909091,0.181818181818,
    0.204545454545,0.227272727273,0.25,0.272727272727,0.295454545455,
    0.318181818182,0.340909090909,0.363636363636,0.386363636364,
    0.409090909091,0.431818181818,0.454545454545,0.477272727273,0.5,
    0.522727272727,0.545454545455,0.568181818182,0.590909090909,
    0.613636363636,0.636363636364,0.659090909091,0.681818181818,
    0.704545454545,0.727272727273,0.75,0.772727272727,0.795454545455,
    0.818181818182,0.840909090909,0.863636363636,0.886363636364,
    0.909090909091,0.931818181818,0.954545454545,0.977272727273,1.),
  .QUASI_UNIFORM_KNOTS.);
#3041 = CARTESIAN_POINT('',(1.549175954341,1.753490047549));
#3042 = CARTESIAN_POINT('',(1.537634679371,1.753372663451));
#3043 = CARTESIAN_POINT('',(1.514549635928,1.753142125883));
#3044 = CARTESIAN_POINT('',(1.479912527762,1.752809383656));
#3045 = CARTESIAN_POINT('',(1.445263773731,1.752490077776));
#3046 = CARTESIAN_POINT('',(1.410601412275,1.752184580534));
#3047 = CARTESIAN_POINT('',(1.375923383204,1.751893263954));
#3048 = CARTESIAN_POINT('',(1.341227260355,1.751616501068));
#3049 = CARTESIAN_POINT('',(1.306510519604,1.751354661139));
#3050 = CARTESIAN_POINT('',(1.271768702989,1.7511081275));
#3051 = CARTESIAN_POINT('',(1.237004302883,1.7508772001));
#3052 = CARTESIAN_POINT('',(1.202224145458,1.750662139441));
#3053 = CARTESIAN_POINT('',(1.167434759478,1.750463215656));
#3054 = CARTESIAN_POINT('',(1.132643153247,1.750280695937));
#3055 = CARTESIAN_POINT('',(1.097856321316,1.750114849609));
#3056 = CARTESIAN_POINT('',(1.063080747474,1.749965940401));
#3057 = CARTESIAN_POINT('',(1.028323193144,1.749834252303));
#3058 = CARTESIAN_POINT('',(0.993586021493,1.749719985665));
#3059 = CARTESIAN_POINT('',(0.958864523175,1.749623163959));
#3060 = CARTESIAN_POINT('',(0.924155888514,1.7495438405));
#3061 = CARTESIAN_POINT('',(0.889457356831,1.74948206061));
#3062 = CARTESIAN_POINT('',(0.854766500218,1.749437871749));
#3063 = CARTESIAN_POINT('',(0.820080926967,1.749411320808));
#3064 = CARTESIAN_POINT('',(0.785398163397,1.749402454828));
#3065 = CARTESIAN_POINT('',(0.750715399828,1.749411320808));
#3066 = CARTESIAN_POINT('',(0.716029826577,1.749437871749));
#3067 = CARTESIAN_POINT('',(0.681338969964,1.74948206061));
#3068 = CARTESIAN_POINT('',(0.646640438281,1.7495438405));
#3069 = CARTESIAN_POINT('',(0.61193180362,1.749623163959));
#3070 = CARTESIAN_POINT('',(0.577210305302,1.749719985665));
#3071 = CARTESIAN_POINT('',(0.542473133651,1.749834252303));
#3072 = CARTESIAN_POINT('',(0.507715579321,1.749965940401));
#3073 = CARTESIAN_POINT('',(0.472940005479,1.750114849609));
#3074 = CARTESIAN_POINT('',(0.438153173548,1.750280695937));
#3075 = CARTESIAN_POINT('',(0.403361567317,1.750463215656));
#3076 = CARTESIAN_POINT('',(0.368572181336,1.750662139441));
#3077 = CARTESIAN_POINT('',(0.333792023912,1.7508772001));
#3078 = CARTESIAN_POINT('',(0.299027623806,1.7511081275));
#3079 = CARTESIAN_POINT('',(0.264285807191,1.751354661139));
#3080 = CARTESIAN_POINT('',(0.22956906644,1.751616501068));
#3081 = CARTESIAN_POINT('',(0.194872943591,1.751893263954));
#3082 = CARTESIAN_POINT('',(0.16019491452,1.752184580534));
#3083 = CARTESIAN_POINT('',(0.125532553064,1.752490077776));
#3084 = CARTESIAN_POINT('',(9.088379903321E-02,1.752809383656));
#3085 = CARTESIAN_POINT('',(5.624669086694E-02,1.753142125883));
#3086 = CARTESIAN_POINT('',(3.31616474236E-02,1.753372663451));
#3087 = CARTESIAN_POINT('',(2.162037245363E-02,1.753490047549));
#3088 = ( GEOMETRIC_REPRESENTATION_CONTEXT(2) 
PARAMETRIC_REPRESENTATION_CONTEXT() REPRESENTATION_CONTEXT('2D SPACE',''
  ) );
#3089 = PCURVE('',#3090,#3095);
#3090 = CYLINDRICAL_SURFACE('',#3091,0.1);
#3091 = AXIS2_PLACEMENT_3D('',#3092,#3093,#3094);
#3092 = CARTESIAN_POINT('',(1.725026753969,1.7536,-2.025026753969));
#3093 = DIRECTION('',(0.203558594953,-0.957667894858,-0.203558594953));
#3094 = DIRECTION('',(5.107025913276E-15,0.207911690818,-0.978147600734)
  );
#3095 = DEFINITIONAL_REPRESENTATION('',(#3096),#3144);
#3096 = B_SPLINE_CURVE_WITH_KNOTS('',3,(#3097,#3098,#3099,#3100,#3101,
    #3102,#3103,#3104,#3105,#3106,#3107,#3108,#3109,#3110,#3111,#3112,
    #3113,#3114,#3115,#3116,#3117,#3118,#3119,#3120,#3121,#3122,#3123,
    #3124,#3125,#3126,#3127,#3128,#3129,#3130,#3131,#3132,#3133,#3134,
    #3135,#3136,#3137,#3138,#3139,#3140,#3141,#3142,#3143),
  .UNSPECIFIED.,.F.,.F.,(4,1,1,1,1,1,1,1,1,1,1,1,1,1,1,1,1,1,1,1,1,1,1,1
    ,1,1,1,1,1,1,1,1,1,1,1,1,1,1,1,1,1,1,1,1,4),(0.,2.272727272727E-02,
    4.545454545455E-02,6.818181818182E-02,9.090909090909E-02,
    0.113636363636,0.136363636364,0.159090909091,0.181818181818,
    0.204545454545,0.227272727273,0.25,0.272727272727,0.295454545455,
    0.318181818182,0.340909090909,0.363636363636,0.386363636364,
    0.409090909091,0.431818181818,0.454545454545,0.477272727273,0.5,
    0.522727272727,0.545454545455,0.568181818182,0.590909090909,
    0.613636363636,0.636363636364,0.659090909091,0.681818181818,
    0.704545454545,0.727272727273,0.75,0.772727272727,0.795454545455,
    0.818181818182,0.840909090909,0.863636363636,0.886363636364,
    0.909090909091,0.931818181818,0.954545454545,0.977272727273,1.),
  .QUASI_UNIFORM_KNOTS.);
#3097 = CARTESIAN_POINT('',(1.527555581891,1.852710345787));
#3098 = CARTESIAN_POINT('',(1.516014306921,1.852827729885));
#3099 = CARTESIAN_POINT('',(1.492929263477,1.853058267453));
#3100 = CARTESIAN_POINT('',(1.458292155311,1.85339100968));
#3101 = CARTESIAN_POINT('',(1.42364340128,1.853710315561));
#3102 = CARTESIAN_POINT('',(1.388981039824,1.854015812802));
#3103 = CARTESIAN_POINT('',(1.354303010754,1.854307129382));
#3104 = CARTESIAN_POINT('',(1.319606887904,1.854583892268));
#3105 = CARTESIAN_POINT('',(1.284890147154,1.854845732197));
#3106 = CARTESIAN_POINT('',(1.250148330538,1.855092265837));
#3107 = CARTESIAN_POINT('',(1.215383930432,1.855323193236));
#3108 = CARTESIAN_POINT('',(1.180603773008,1.855538253895));
#3109 = CARTESIAN_POINT('',(1.145814387027,1.85573717768));
#3110 = CARTESIAN_POINT('',(1.111022780796,1.855919697399));
#3111 = CARTESIAN_POINT('',(1.076235948865,1.856085543727));
#3112 = CARTESIAN_POINT('',(1.041460375023,1.856234452935));
#3113 = CARTESIAN_POINT('',(1.006702820693,1.856366141034));
#3114 = CARTESIAN_POINT('',(0.971965649041,1.856480407671));
#3115 = CARTESIAN_POINT('',(0.937244150724,1.856577229378));
#3116 = CARTESIAN_POINT('',(0.902535516063,1.856656552836));
#3117 = CARTESIAN_POINT('',(0.86783698438,1.856718332727));
#3118 = CARTESIAN_POINT('',(0.833146127767,1.856762521587));
#3119 = CARTESIAN_POINT('',(0.798460554516,1.856789072528));
#3120 = CARTESIAN_POINT('',(0.763777790946,1.856797938508));
#3121 = CARTESIAN_POINT('',(0.729095027376,1.856789072528));
#3122 = CARTESIAN_POINT('',(0.694409454125,1.856762521587));
#3123 = CARTESIAN_POINT('',(0.659718597512,1.856718332727));
#3124 = CARTESIAN_POINT('',(0.625020065829,1.856656552836));
#3125 = CARTESIAN_POINT('',(0.590311431168,1.856577229378));
#3126 = CARTESIAN_POINT('',(0.555589932851,1.856480407671));
#3127 = CARTESIAN_POINT('',(0.5208527612,1.856366141034));
#3128 = CARTESIAN_POINT('',(0.486095206869,1.856234452935));
#3129 = CARTESIAN_POINT('',(0.451319633027,1.856085543727));
#3130 = CARTESIAN_POINT('',(0.416532801096,1.855919697399));
#3131 = CARTESIAN_POINT('',(0.381741194865,1.85573717768));
#3132 = CARTESIAN_POINT('',(0.346951808885,1.855538253895));
#3133 = CARTESIAN_POINT('',(0.31217165146,1.855323193236));
#3134 = CARTESIAN_POINT('',(0.277407251354,1.855092265837));
#3135 = CARTESIAN_POINT('',(0.242665434739,1.854845732197));
#3136 = CARTESIAN_POINT('',(0.207948693988,1.854583892268));
#3137 = CARTESIAN_POINT('',(0.173252571139,1.854307129382));
#3138 = CARTESIAN_POINT('',(0.138574542068,1.854015812802));
#3139 = CARTESIAN_POINT('',(0.103912180612,1.853710315561));
#3140 = CARTESIAN_POINT('',(6.926342658099E-02,1.85339100968));
#3141 = CARTESIAN_POINT('',(3.462631841504E-02,1.853058267453));
#3142 = CARTESIAN_POINT('',(1.154127497087E-02,1.852827729885));
#3143 = CARTESIAN_POINT('',(0.,1.852710345787));
#3144 = ( GEOMETRIC_REPRESENTATION_CONTEXT(2) 
PARAMETRIC_REPRESENTATION_CONTEXT() REPRESENTATION_CONTEXT('2D SPACE',''
  ) );
#3145 = ORIENTED_EDGE('',*,*,#3146,.F.);
#3146 = EDGE_CURVE('',#2945,#3025,#3147,.T.);
#3147 = SURFACE_CURVE('',#3148,(#3153,#3159),.PCURVE_S1.);
#3148 = B_SPLINE_CURVE_WITH_KNOTS('',3,(#3149,#3150,#3151,#3152),
  .UNSPECIFIED.,.F.,.F.,(4,4),(0.,1.),.PIECEWISE_BEZIER_KNOTS.);
#3149 = CARTESIAN_POINT('',(2.2,0.,-2.4));
#3150 = CARTESIAN_POINT('',(2.2,0.,-2.4007225662));
#3151 = CARTESIAN_POINT('',(2.199992169645,3.683892593637E-05,
    -2.401443179163));
#3152 = CARTESIAN_POINT('',(2.199976628885,1.099524505768E-04,
    -2.402161868812));
#3153 = PCURVE('',#1462,#3154);
#3154 = DEFINITIONAL_REPRESENTATION('',(#3155),#3158);
#3155 = B_SPLINE_CURVE_WITH_KNOTS('',1,(#3156,#3157),.UNSPECIFIED.,.F.,
  .F.,(2,2),(0.,1.),.PIECEWISE_BEZIER_KNOTS.);
#3156 = CARTESIAN_POINT('',(1.570796326795,1.7536));
#3157 = CARTESIAN_POINT('',(1.549175954341,1.753490047549));
#3158 = ( GEOMETRIC_REPRESENTATION_CONTEXT(2) 
PARAMETRIC_REPRESENTATION_CONTEXT() REPRESENTATION_CONTEXT('2D SPACE',''
  ) );
#3159 = PCURVE('',#2622,#3160);
#3160 = DEFINITIONAL_REPRESENTATION('',(#3161),#3166);
#3161 = B_SPLINE_CURVE_WITH_KNOTS('',3,(#3162,#3163,#3164,#3165),
  .UNSPECIFIED.,.F.,.F.,(4,4),(0.,1.),.PIECEWISE_BEZIER_KNOTS.);
#3162 = CARTESIAN_POINT('',(4.9,0.));
#3163 = CARTESIAN_POINT('',(4.9007225662,0.));
#3164 = CARTESIAN_POINT('',(4.901443179163,3.7661929366E-05));
#3165 = CARTESIAN_POINT('',(4.902161868812,1.124088537625E-04));
#3166 = ( GEOMETRIC_REPRESENTATION_CONTEXT(2) 
PARAMETRIC_REPRESENTATION_CONTEXT() REPRESENTATION_CONTEXT('2D SPACE',''
  ) );
#3167 = ORIENTED_EDGE('',*,*,#2944,.T.);
#3168 = ORIENTED_EDGE('',*,*,#1833,.F.);
#3169 = ORIENTED_EDGE('',*,*,#1578,.F.);
#3170 = ORIENTED_EDGE('',*,*,#1444,.F.);
#3171 = ORIENTED_EDGE('',*,*,#3172,.F.);
#3172 = EDGE_CURVE('',#2996,#1445,#3173,.T.);
#3173 = SURFACE_CURVE('',#3174,(#3178,#3185),.PCURVE_S1.);
#3174 = LINE('',#3175,#3176);
#3175 = CARTESIAN_POINT('',(2.1,0.,-2.5));
#3176 = VECTOR('',#3177,1.);
#3177 = DIRECTION('',(0.,-1.,0.));
#3178 = PCURVE('',#1462,#3179);
#3179 = DEFINITIONAL_REPRESENTATION('',(#3180),#3184);
#3180 = LINE('',#3181,#3182);
#3181 = CARTESIAN_POINT('',(0.,1.7536));
#3182 = VECTOR('',#3183,1.);
#3183 = DIRECTION('',(0.,1.));
#3184 = ( GEOMETRIC_REPRESENTATION_CONTEXT(2) 
PARAMETRIC_REPRESENTATION_CONTEXT() REPRESENTATION_CONTEXT('2D SPACE',''
  ) );
#3185 = PCURVE('',#1489,#3186);
#3186 = DEFINITIONAL_REPRESENTATION('',(#3187),#3191);
#3187 = LINE('',#3188,#3189);
#3188 = CARTESIAN_POINT('',(0.1,0.55));
#3189 = VECTOR('',#3190,1.);
#3190 = DIRECTION('',(0.,-1.));
#3191 = ( GEOMETRIC_REPRESENTATION_CONTEXT(2) 
PARAMETRIC_REPRESENTATION_CONTEXT() REPRESENTATION_CONTEXT('2D SPACE',''
  ) );
#3192 = ADVANCED_FACE('',(#3193),#1489,.T.);
#3193 = FACE_BOUND('',#3194,.F.);
#3194 = EDGE_LOOP('',(#3195,#3196,#3219,#3240));
#3195 = ORIENTED_EDGE('',*,*,#3172,.F.);
#3196 = ORIENTED_EDGE('',*,*,#3197,.T.);
#3197 = EDGE_CURVE('',#2996,#3198,#3200,.T.);
#3198 = VERTEX_POINT('',#3199);
#3199 = CARTESIAN_POINT('',(-2.1,0.,-2.5));
#3200 = SURFACE_CURVE('',#3201,(#3205,#3212),.PCURVE_S1.);
#3201 = LINE('',#3202,#3203);
#3202 = CARTESIAN_POINT('',(2.1,0.,-2.5));
#3203 = VECTOR('',#3204,1.);
#3204 = DIRECTION('',(-1.,0.,0.));
#3205 = PCURVE('',#1489,#3206);
#3206 = DEFINITIONAL_REPRESENTATION('',(#3207),#3211);
#3207 = LINE('',#3208,#3209);
#3208 = CARTESIAN_POINT('',(0.1,0.55));
#3209 = VECTOR('',#3210,1.);
#3210 = DIRECTION('',(1.,0.));
#3211 = ( GEOMETRIC_REPRESENTATION_CONTEXT(2) 
PARAMETRIC_REPRESENTATION_CONTEXT() REPRESENTATION_CONTEXT('2D SPACE',''
  ) );
#3212 = PCURVE('',#3011,#3213);
#3213 = DEFINITIONAL_REPRESENTATION('',(#3214),#3218);
#3214 = LINE('',#3215,#3216);
#3215 = CARTESIAN_POINT('',(0.1,0.));
#3216 = VECTOR('',#3217,1.);
#3217 = DIRECTION('',(1.,0.));
#3218 = ( GEOMETRIC_REPRESENTATION_CONTEXT(2) 
PARAMETRIC_REPRESENTATION_CONTEXT() REPRESENTATION_CONTEXT('2D SPACE',''
  ) );
#3219 = ORIENTED_EDGE('',*,*,#3220,.T.);
#3220 = EDGE_CURVE('',#3198,#1474,#3221,.T.);
#3221 = SURFACE_CURVE('',#3222,(#3226,#3233),.PCURVE_S1.);
#3222 = LINE('',#3223,#3224);
#3223 = CARTESIAN_POINT('',(-2.1,0.,-2.5));
#3224 = VECTOR('',#3225,1.);
#3225 = DIRECTION('',(0.,-1.,0.));
#3226 = PCURVE('',#1489,#3227);
#3227 = DEFINITIONAL_REPRESENTATION('',(#3228),#3232);
#3228 = LINE('',#3229,#3230);
#3229 = CARTESIAN_POINT('',(4.3,0.55));
#3230 = VECTOR('',#3231,1.);
#3231 = DIRECTION('',(0.,-1.));
#3232 = ( GEOMETRIC_REPRESENTATION_CONTEXT(2) 
PARAMETRIC_REPRESENTATION_CONTEXT() REPRESENTATION_CONTEXT('2D SPACE',''
  ) );
#3233 = PCURVE('',#1124,#3234);
#3234 = DEFINITIONAL_REPRESENTATION('',(#3235),#3239);
#3235 = LINE('',#3236,#3237);
#3236 = CARTESIAN_POINT('',(1.570796326795,1.7536));
#3237 = VECTOR('',#3238,1.);
#3238 = DIRECTION('',(0.,1.));
#3239 = ( GEOMETRIC_REPRESENTATION_CONTEXT(2) 
PARAMETRIC_REPRESENTATION_CONTEXT() REPRESENTATION_CONTEXT('2D SPACE',''
  ) );
#3240 = ORIENTED_EDGE('',*,*,#1473,.F.);
#3241 = ADVANCED_FACE('',(#3242),#3011,.T.);
#3242 = FACE_BOUND('',#3243,.F.);
#3243 = EDGE_LOOP('',(#3244,#3245,#3268,#3296,#3324,#3346));
#3244 = ORIENTED_EDGE('',*,*,#2993,.F.);
#3245 = ORIENTED_EDGE('',*,*,#3246,.F.);
#3246 = EDGE_CURVE('',#3247,#2994,#3249,.T.);
#3247 = VERTEX_POINT('',#3248);
#3248 = CARTESIAN_POINT('',(2.023371143929,0.370791169082,
    -2.421185904002));
#3249 = SURFACE_CURVE('',#3250,(#3254,#3261),.PCURVE_S1.);
#3250 = LINE('',#3251,#3252);
#3251 = CARTESIAN_POINT('',(2.023371143929,0.370791169082,
    -2.421185904002));
#3252 = VECTOR('',#3253,1.);
#3253 = DIRECTION('',(0.203558594953,-0.957667894858,-0.203558594953));
#3254 = PCURVE('',#3011,#3255);
#3255 = DEFINITIONAL_REPRESENTATION('',(#3256),#3260);
#3256 = LINE('',#3257,#3258);
#3257 = CARTESIAN_POINT('',(0.176628856071,0.37907486437));
#3258 = VECTOR('',#3259,1.);
#3259 = DIRECTION('',(-0.203558594953,-0.979062765312));
#3260 = ( GEOMETRIC_REPRESENTATION_CONTEXT(2) 
PARAMETRIC_REPRESENTATION_CONTEXT() REPRESENTATION_CONTEXT('2D SPACE',''
  ) );
#3261 = PCURVE('',#3090,#3262);
#3262 = DEFINITIONAL_REPRESENTATION('',(#3263),#3267);
#3263 = LINE('',#3264,#3265);
#3264 = CARTESIAN_POINT('',(0.,1.465643786887));
#3265 = VECTOR('',#3266,1.);
#3266 = DIRECTION('',(0.,1.));
#3267 = ( GEOMETRIC_REPRESENTATION_CONTEXT(2) 
PARAMETRIC_REPRESENTATION_CONTEXT() REPRESENTATION_CONTEXT('2D SPACE',''
  ) );
#3268 = ORIENTED_EDGE('',*,*,#3269,.T.);
#3269 = EDGE_CURVE('',#3247,#3270,#3272,.T.);
#3270 = VERTEX_POINT('',#3271);
#3271 = CARTESIAN_POINT('',(-2.023371143929,0.370791169082,
    -2.421185904002));
#3272 = SURFACE_CURVE('',#3273,(#3277,#3284),.PCURVE_S1.);
#3273 = LINE('',#3274,#3275);
#3274 = CARTESIAN_POINT('',(2.023371143929,0.370791169082,
    -2.421185904002));
#3275 = VECTOR('',#3276,1.);
#3276 = DIRECTION('',(-1.,0.,0.));
#3277 = PCURVE('',#3011,#3278);
#3278 = DEFINITIONAL_REPRESENTATION('',(#3279),#3283);
#3279 = LINE('',#3280,#3281);
#3280 = CARTESIAN_POINT('',(0.176628856071,0.37907486437));
#3281 = VECTOR('',#3282,1.);
#3282 = DIRECTION('',(1.,0.));
#3283 = ( GEOMETRIC_REPRESENTATION_CONTEXT(2) 
PARAMETRIC_REPRESENTATION_CONTEXT() REPRESENTATION_CONTEXT('2D SPACE',''
  ) );
#3284 = PCURVE('',#3285,#3290);
#3285 = CYLINDRICAL_SURFACE('',#3286,0.1);
#3286 = AXIS2_PLACEMENT_3D('',#3287,#3288,#3289);
#3287 = CARTESIAN_POINT('',(7.93584,0.35,-2.323371143929));
#3288 = DIRECTION('',(-1.,0.,0.));
#3289 = DIRECTION('',(0.,1.,0.));
#3290 = DEFINITIONAL_REPRESENTATION('',(#3291),#3295);
#3291 = LINE('',#3292,#3293);
#3292 = CARTESIAN_POINT('',(1.361356816555,5.912468856071));
#3293 = VECTOR('',#3294,1.);
#3294 = DIRECTION('',(0.,1.));
#3295 = ( GEOMETRIC_REPRESENTATION_CONTEXT(2) 
PARAMETRIC_REPRESENTATION_CONTEXT() REPRESENTATION_CONTEXT('2D SPACE',''
  ) );
#3296 = ORIENTED_EDGE('',*,*,#3297,.T.);
#3297 = EDGE_CURVE('',#3270,#3298,#3300,.T.);
#3298 = VERTEX_POINT('',#3299);
#3299 = CARTESIAN_POINT('',(-2.102161868812,1.099524505763E-04,
    -2.499976628885));
#3300 = SURFACE_CURVE('',#3301,(#3305,#3312),.PCURVE_S1.);
#3301 = LINE('',#3302,#3303);
#3302 = CARTESIAN_POINT('',(-2.023371143929,0.370791169082,
    -2.421185904002));
#3303 = VECTOR('',#3304,1.);
#3304 = DIRECTION('',(-0.203558594953,-0.957667894858,-0.203558594953));
#3305 = PCURVE('',#3011,#3306);
#3306 = DEFINITIONAL_REPRESENTATION('',(#3307),#3311);
#3307 = LINE('',#3308,#3309);
#3308 = CARTESIAN_POINT('',(4.223371143929,0.37907486437));
#3309 = VECTOR('',#3310,1.);
#3310 = DIRECTION('',(0.203558594953,-0.979062765312));
#3311 = ( GEOMETRIC_REPRESENTATION_CONTEXT(2) 
PARAMETRIC_REPRESENTATION_CONTEXT() REPRESENTATION_CONTEXT('2D SPACE',''
  ) );
#3312 = PCURVE('',#3313,#3318);
#3313 = CYLINDRICAL_SURFACE('',#3314,0.1);
#3314 = AXIS2_PLACEMENT_3D('',#3315,#3316,#3317);
#3315 = CARTESIAN_POINT('',(-1.725026753969,1.7536,-2.025026753969));
#3316 = DIRECTION('',(-0.203558594953,-0.957667894858,-0.203558594953));
#3317 = DIRECTION('',(-0.978147600734,0.207911690818,-5.107025913276E-15
    ));
#3318 = DEFINITIONAL_REPRESENTATION('',(#3319),#3323);
#3319 = LINE('',#3320,#3321);
#3320 = CARTESIAN_POINT('',(1.527555581893,1.465643786887));
#3321 = VECTOR('',#3322,1.);
#3322 = DIRECTION('',(5.736600070962E-16,1.));
#3323 = ( GEOMETRIC_REPRESENTATION_CONTEXT(2) 
PARAMETRIC_REPRESENTATION_CONTEXT() REPRESENTATION_CONTEXT('2D SPACE',''
  ) );
#3324 = ORIENTED_EDGE('',*,*,#3325,.F.);
#3325 = EDGE_CURVE('',#3198,#3298,#3326,.T.);
#3326 = SURFACE_CURVE('',#3327,(#3332,#3340),.PCURVE_S1.);
#3327 = B_SPLINE_CURVE_WITH_KNOTS('',3,(#3328,#3329,#3330,#3331),
  .UNSPECIFIED.,.F.,.F.,(4,4),(0.,1.),.PIECEWISE_BEZIER_KNOTS.);
#3328 = CARTESIAN_POINT('',(-2.1,0.,-2.5));
#3329 = CARTESIAN_POINT('',(-2.1007225662,0.,-2.5));
#3330 = CARTESIAN_POINT('',(-2.101443179163,3.683892593643E-05,
    -2.499992169645));
#3331 = CARTESIAN_POINT('',(-2.102161868812,1.099524505769E-04,
    -2.499976628885));
#3332 = PCURVE('',#3011,#3333);
#3333 = DEFINITIONAL_REPRESENTATION('',(#3334),#3339);
#3334 = B_SPLINE_CURVE_WITH_KNOTS('',3,(#3335,#3336,#3337,#3338),
  .UNSPECIFIED.,.F.,.F.,(4,4),(0.,1.),.PIECEWISE_BEZIER_KNOTS.);
#3335 = CARTESIAN_POINT('',(4.3,0.));
#3336 = CARTESIAN_POINT('',(4.3007225662,0.));
#3337 = CARTESIAN_POINT('',(4.301443179163,3.766192936605E-05));
#3338 = CARTESIAN_POINT('',(4.302161868812,1.124088537626E-04));
#3339 = ( GEOMETRIC_REPRESENTATION_CONTEXT(2) 
PARAMETRIC_REPRESENTATION_CONTEXT() REPRESENTATION_CONTEXT('2D SPACE',''
  ) );
#3340 = PCURVE('',#1124,#3341);
#3341 = DEFINITIONAL_REPRESENTATION('',(#3342),#3345);
#3342 = B_SPLINE_CURVE_WITH_KNOTS('',1,(#3343,#3344),.UNSPECIFIED.,.F.,
  .F.,(2,2),(0.,1.),.PIECEWISE_BEZIER_KNOTS.);
#3343 = CARTESIAN_POINT('',(1.570796326795,1.7536));
#3344 = CARTESIAN_POINT('',(1.549175954341,1.753490047549));
#3345 = ( GEOMETRIC_REPRESENTATION_CONTEXT(2) 
PARAMETRIC_REPRESENTATION_CONTEXT() REPRESENTATION_CONTEXT('2D SPACE',''
  ) );
#3346 = ORIENTED_EDGE('',*,*,#3197,.F.);
#3347 = ADVANCED_FACE('',(#3348),#3090,.T.);
#3348 = FACE_BOUND('',#3349,.T.);
#3349 = EDGE_LOOP('',(#3350,#3401,#3422,#3423));
#3350 = ORIENTED_EDGE('',*,*,#3351,.F.);
#3351 = EDGE_CURVE('',#3352,#3247,#3354,.T.);
#3352 = VERTEX_POINT('',#3353);
#3353 = CARTESIAN_POINT('',(2.121185904002,0.370791169082,
    -2.323371143929));
#3354 = SURFACE_CURVE('',#3355,(#3360,#3367),.PCURVE_S1.);
#3355 = CIRCLE('',#3356,0.1);
#3356 = AXIS2_PLACEMENT_3D('',#3357,#3358,#3359);
#3357 = CARTESIAN_POINT('',(2.023371143929,0.35,-2.323371143929));
#3358 = DIRECTION('',(-0.203558594953,0.957667894858,0.203558594953));
#3359 = DIRECTION('',(0.978147600734,0.207911690818,-5.107025913276E-15)
  );
#3360 = PCURVE('',#3090,#3361);
#3361 = DEFINITIONAL_REPRESENTATION('',(#3362),#3366);
#3362 = LINE('',#3363,#3364);
#3363 = CARTESIAN_POINT('',(1.527555581893,1.465643786887));
#3364 = VECTOR('',#3365,1.);
#3365 = DIRECTION('',(-1.,0.));
#3366 = ( GEOMETRIC_REPRESENTATION_CONTEXT(2) 
PARAMETRIC_REPRESENTATION_CONTEXT() REPRESENTATION_CONTEXT('2D SPACE',''
  ) );
#3367 = PCURVE('',#3368,#3373);
#3368 = SPHERICAL_SURFACE('',#3369,0.1);
#3369 = AXIS2_PLACEMENT_3D('',#3370,#3371,#3372);
#3370 = CARTESIAN_POINT('',(2.023371143929,0.35,-2.323371143929));
#3371 = DIRECTION('',(0.,-0.62932039105,-0.777145961457));
#3372 = DIRECTION('',(0.,0.777145961457,-0.62932039105));
#3373 = DEFINITIONAL_REPRESENTATION('',(#3374),#3400);
#3374 = B_SPLINE_CURVE_WITH_KNOTS('',3,(#3375,#3376,#3377,#3378,#3379,
    #3380,#3381,#3382,#3383,#3384,#3385,#3386,#3387,#3388,#3389,#3390,
    #3391,#3392,#3393,#3394,#3395,#3396,#3397,#3398,#3399),
  .UNSPECIFIED.,.F.,.F.,(4,1,1,1,1,1,1,1,1,1,1,1,1,1,1,1,1,1,1,1,1,1,4),
  (0.,6.943434463145E-02,0.138868689263,0.208303033894,0.277737378526,
    0.347171723157,0.416606067789,0.48604041242,0.555474757052,
    0.624909101683,0.694343446315,0.763777790946,0.833212135577,
    0.902646480209,0.97208082484,1.041515169472,1.110949514103,
    1.180383858735,1.249818203366,1.319252547998,1.388686892629,
    1.45812123726,1.527555581892),.QUASI_UNIFORM_KNOTS.);
#3375 = CARTESIAN_POINT('',(1.407087208681,-0.131219309275));
#3376 = CARTESIAN_POINT('',(1.389170339915,-0.116381367582));
#3377 = CARTESIAN_POINT('',(1.353546536535,-8.658152934412E-02));
#3378 = CARTESIAN_POINT('',(1.300525047567,-4.163740300962E-02));
#3379 = CARTESIAN_POINT('',(1.247701718319,3.422842232337E-03));
#3380 = CARTESIAN_POINT('',(1.1948621375,4.847359703991E-02));
#3381 = CARTESIAN_POINT('',(1.141791636189,9.338883513785E-02));
#3382 = CARTESIAN_POINT('',(1.088274442998,0.138040786042));
#3383 = CARTESIAN_POINT('',(1.034092674943,0.182298135507));
#3384 = CARTESIAN_POINT('',(0.979025640831,0.226024337621));
#3385 = CARTESIAN_POINT('',(0.922849503517,0.269075884194));
#3386 = CARTESIAN_POINT('',(0.865337500395,0.311300588857));
#3387 = CARTESIAN_POINT('',(0.806260929736,0.352535907344));
#3388 = CARTESIAN_POINT('',(0.745391165936,0.392607354387));
#3389 = CARTESIAN_POINT('',(0.68250300957,0.43132710634));
#3390 = CARTESIAN_POINT('',(0.617379715124,0.468492921901));
#3391 = CARTESIAN_POINT('',(0.54982003056,0.503887560169));
#3392 = CARTESIAN_POINT('',(0.479647563754,0.537278938752));
#3393 = CARTESIAN_POINT('',(0.406722489321,0.568421291465));
#3394 = CARTESIAN_POINT('',(0.330955859213,0.597057746049));
#3395 = CARTESIAN_POINT('',(0.252324286229,0.622924262302));
#3396 = CARTESIAN_POINT('',(0.170889718812,0.645756573174));
#3397 = CARTESIAN_POINT('',(8.680001988558E-02,0.665294991789));
#3398 = CARTESIAN_POINT('',(2.916732104972E-02,0.675969243991));
#3399 = CARTESIAN_POINT('',(0.,0.680678408278));
#3400 = ( GEOMETRIC_REPRESENTATION_CONTEXT(2) 
PARAMETRIC_REPRESENTATION_CONTEXT() REPRESENTATION_CONTEXT('2D SPACE',''
  ) );
#3401 = ORIENTED_EDGE('',*,*,#3402,.T.);
#3402 = EDGE_CURVE('',#3352,#3025,#3403,.T.);
#3403 = SURFACE_CURVE('',#3404,(#3408,#3415),.PCURVE_S1.);
#3404 = LINE('',#3405,#3406);
#3405 = CARTESIAN_POINT('',(2.121185904002,0.370791169082,
    -2.323371143929));
#3406 = VECTOR('',#3407,1.);
#3407 = DIRECTION('',(0.203558594953,-0.957667894858,-0.203558594953));
#3408 = PCURVE('',#3090,#3409);
#3409 = DEFINITIONAL_REPRESENTATION('',(#3410),#3414);
#3410 = LINE('',#3411,#3412);
#3411 = CARTESIAN_POINT('',(1.527555581893,1.465643786887));
#3412 = VECTOR('',#3413,1.);
#3413 = DIRECTION('',(0.,1.));
#3414 = ( GEOMETRIC_REPRESENTATION_CONTEXT(2) 
PARAMETRIC_REPRESENTATION_CONTEXT() REPRESENTATION_CONTEXT('2D SPACE',''
  ) );
#3415 = PCURVE('',#2622,#3416);
#3416 = DEFINITIONAL_REPRESENTATION('',(#3417),#3421);
#3417 = LINE('',#3418,#3419);
#3418 = CARTESIAN_POINT('',(4.823371143929,0.37907486437));
#3419 = VECTOR('',#3420,1.);
#3420 = DIRECTION('',(0.203558594953,-0.979062765312));
#3421 = ( GEOMETRIC_REPRESENTATION_CONTEXT(2) 
PARAMETRIC_REPRESENTATION_CONTEXT() REPRESENTATION_CONTEXT('2D SPACE',''
  ) );
#3422 = ORIENTED_EDGE('',*,*,#3024,.T.);
#3423 = ORIENTED_EDGE('',*,*,#3246,.F.);
#3424 = ADVANCED_FACE('',(#3425),#2622,.T.);
#3425 = FACE_BOUND('',#3426,.F.);
#3426 = EDGE_LOOP('',(#3427,#3455,#3456,#3457,#3458,#3459));
#3427 = ORIENTED_EDGE('',*,*,#3428,.T.);
#3428 = EDGE_CURVE('',#3429,#3352,#3431,.T.);
#3429 = VERTEX_POINT('',#3430);
#3430 = CARTESIAN_POINT('',(2.121185904002,0.370791169082,2.323371143929
    ));
#3431 = SURFACE_CURVE('',#3432,(#3436,#3443),.PCURVE_S1.);
#3432 = LINE('',#3433,#3434);
#3433 = CARTESIAN_POINT('',(2.121185904002,0.370791169082,2.323371143929
    ));
#3434 = VECTOR('',#3435,1.);
#3435 = DIRECTION('',(0.,0.,-1.));
#3436 = PCURVE('',#2622,#3437);
#3437 = DEFINITIONAL_REPRESENTATION('',(#3438),#3442);
#3438 = LINE('',#3439,#3440);
#3439 = CARTESIAN_POINT('',(0.176628856071,0.37907486437));
#3440 = VECTOR('',#3441,1.);
#3441 = DIRECTION('',(1.,0.));
#3442 = ( GEOMETRIC_REPRESENTATION_CONTEXT(2) 
PARAMETRIC_REPRESENTATION_CONTEXT() REPRESENTATION_CONTEXT('2D SPACE',''
  ) );
#3443 = PCURVE('',#3444,#3449);
#3444 = CYLINDRICAL_SURFACE('',#3445,0.1);
#3445 = AXIS2_PLACEMENT_3D('',#3446,#3447,#3448);
#3446 = CARTESIAN_POINT('',(2.023371143929,0.35,9.018));
#3447 = DIRECTION('',(0.,0.,-1.));
#3448 = DIRECTION('',(0.,1.,0.));
#3449 = DEFINITIONAL_REPRESENTATION('',(#3450),#3454);
#3450 = LINE('',#3451,#3452);
#3451 = CARTESIAN_POINT('',(1.361356816555,6.694628856071));
#3452 = VECTOR('',#3453,1.);
#3453 = DIRECTION('',(0.,1.));
#3454 = ( GEOMETRIC_REPRESENTATION_CONTEXT(2) 
PARAMETRIC_REPRESENTATION_CONTEXT() REPRESENTATION_CONTEXT('2D SPACE',''
  ) );
#3455 = ORIENTED_EDGE('',*,*,#3402,.T.);
#3456 = ORIENTED_EDGE('',*,*,#3146,.F.);
#3457 = ORIENTED_EDGE('',*,*,#2969,.F.);
#3458 = ORIENTED_EDGE('',*,*,#2604,.F.);
#3459 = ORIENTED_EDGE('',*,*,#3460,.F.);
#3460 = EDGE_CURVE('',#3429,#2605,#3461,.T.);
#3461 = SURFACE_CURVE('',#3462,(#3466,#3473),.PCURVE_S1.);
#3462 = LINE('',#3463,#3464);
#3463 = CARTESIAN_POINT('',(2.121185904002,0.370791169082,2.323371143929
    ));
#3464 = VECTOR('',#3465,1.);
#3465 = DIRECTION('',(0.203558594953,-0.957667894858,0.203558594953));
#3466 = PCURVE('',#2622,#3467);
#3467 = DEFINITIONAL_REPRESENTATION('',(#3468),#3472);
#3468 = LINE('',#3469,#3470);
#3469 = CARTESIAN_POINT('',(0.176628856071,0.37907486437));
#3470 = VECTOR('',#3471,1.);
#3471 = DIRECTION('',(-0.203558594953,-0.979062765312));
#3472 = ( GEOMETRIC_REPRESENTATION_CONTEXT(2) 
PARAMETRIC_REPRESENTATION_CONTEXT() REPRESENTATION_CONTEXT('2D SPACE',''
  ) );
#3473 = PCURVE('',#2701,#3474);
#3474 = DEFINITIONAL_REPRESENTATION('',(#3475),#3479);
#3475 = LINE('',#3476,#3477);
#3476 = CARTESIAN_POINT('',(0.,1.465643786887));
#3477 = VECTOR('',#3478,1.);
#3478 = DIRECTION('',(0.,1.));
#3479 = ( GEOMETRIC_REPRESENTATION_CONTEXT(2) 
PARAMETRIC_REPRESENTATION_CONTEXT() REPRESENTATION_CONTEXT('2D SPACE',''
  ) );
#3480 = ADVANCED_FACE('',(#3481),#3444,.T.);
#3481 = FACE_BOUND('',#3482,.T.);
#3482 = EDGE_LOOP('',(#3483,#3529,#3557,#3584));
#3483 = ORIENTED_EDGE('',*,*,#3484,.F.);
#3484 = EDGE_CURVE('',#3485,#3352,#3487,.T.);
#3485 = VERTEX_POINT('',#3486);
#3486 = CARTESIAN_POINT('',(2.023371143929,0.45,-2.323371143929));
#3487 = SURFACE_CURVE('',#3488,(#3493,#3500),.PCURVE_S1.);
#3488 = CIRCLE('',#3489,0.1);
#3489 = AXIS2_PLACEMENT_3D('',#3490,#3491,#3492);
#3490 = CARTESIAN_POINT('',(2.023371143929,0.35,-2.323371143929));
#3491 = DIRECTION('',(0.,0.,-1.));
#3492 = DIRECTION('',(0.,1.,0.));
#3493 = PCURVE('',#3444,#3494);
#3494 = DEFINITIONAL_REPRESENTATION('',(#3495),#3499);
#3495 = LINE('',#3496,#3497);
#3496 = CARTESIAN_POINT('',(0.,11.341371143929));
#3497 = VECTOR('',#3498,1.);
#3498 = DIRECTION('',(1.,0.));
#3499 = ( GEOMETRIC_REPRESENTATION_CONTEXT(2) 
PARAMETRIC_REPRESENTATION_CONTEXT() REPRESENTATION_CONTEXT('2D SPACE',''
  ) );
#3500 = PCURVE('',#3368,#3501);
#3501 = DEFINITIONAL_REPRESENTATION('',(#3502),#3528);
#3502 = B_SPLINE_CURVE_WITH_KNOTS('',3,(#3503,#3504,#3505,#3506,#3507,
    #3508,#3509,#3510,#3511,#3512,#3513,#3514,#3515,#3516,#3517,#3518,
    #3519,#3520,#3521,#3522,#3523,#3524,#3525,#3526,#3527),
  .UNSPECIFIED.,.F.,.F.,(4,1,1,1,1,1,1,1,1,1,1,1,1,1,1,1,1,1,1,1,1,1,4),
  (0.,6.187985529793E-02,0.123759710596,0.185639565894,0.247519421192,
    0.30939927649,0.371279131788,0.433158987086,0.495038842383,
    0.556918697681,0.618798552979,0.680678408277,0.742558263575,
    0.804438118873,0.866317974171,0.928197829469,0.990077684767,
    1.051957540065,1.113837395363,1.175717250661,1.237597105959,
    1.299476961257,1.361356816555),.QUASI_UNIFORM_KNOTS.);
#3503 = CARTESIAN_POINT('',(0.,-0.680678408278));
#3504 = CARTESIAN_POINT('',(2.654324914542E-02,-0.680681221105));
#3505 = CARTESIAN_POINT('',(7.962356523434E-02,-0.67964253675));
#3506 = CARTESIAN_POINT('',(0.158850663499,-0.675006259728));
#3507 = CARTESIAN_POINT('',(0.237297594278,-0.667333745926));
#3508 = CARTESIAN_POINT('',(0.31461943419,-0.656711339446));
#3509 = CARTESIAN_POINT('',(0.390515704025,-0.643249768781));
#3510 = CARTESIAN_POINT('',(0.464741573826,-0.627083495566));
#3511 = CARTESIAN_POINT('',(0.537111184294,-0.608364177084));
#3512 = CARTESIAN_POINT('',(0.607497818403,-0.587255581544));
#3513 = CARTESIAN_POINT('',(0.675830537841,-0.563928488245));
#3514 = CARTESIAN_POINT('',(0.742088577045,-0.538556326024));
#3515 = CARTESIAN_POINT('',(0.806294392403,-0.511311559004));
#3516 = CARTESIAN_POINT('',(0.868506238616,-0.482362894427));
#3517 = CARTESIAN_POINT('',(0.928810916079,-0.451873266705));
#3518 = CARTESIAN_POINT('',(0.987317128547,-0.419998515729));
#3519 = CARTESIAN_POINT('',(1.044149699408,-0.386886650879));
#3520 = CARTESIAN_POINT('',(1.099444746516,-0.35267758614));
#3521 = CARTESIAN_POINT('',(1.153345812109,-0.3175032435));
#3522 = CARTESIAN_POINT('',(1.206000873435,-0.28148791502));
#3523 = CARTESIAN_POINT('',(1.257560144619,-0.244748865464));
#3524 = CARTESIAN_POINT('',(1.308174492986,-0.207396892198));
#3525 = CARTESIAN_POINT('',(1.357994570778,-0.169537624377));
#3526 = CARTESIAN_POINT('',(1.390778016063,-0.144026165374));
#3527 = CARTESIAN_POINT('',(1.407087208681,-0.131219309276));
#3528 = ( GEOMETRIC_REPRESENTATION_CONTEXT(2) 
PARAMETRIC_REPRESENTATION_CONTEXT() REPRESENTATION_CONTEXT('2D SPACE',''
  ) );
#3529 = ORIENTED_EDGE('',*,*,#3530,.F.);
#3530 = EDGE_CURVE('',#3531,#3485,#3533,.T.);
#3531 = VERTEX_POINT('',#3532);
#3532 = CARTESIAN_POINT('',(2.023371143929,0.45,2.323371143929));
#3533 = SURFACE_CURVE('',#3534,(#3538,#3545),.PCURVE_S1.);
#3534 = LINE('',#3535,#3536);
#3535 = CARTESIAN_POINT('',(2.023371143929,0.45,2.323371143929));
#3536 = VECTOR('',#3537,1.);
#3537 = DIRECTION('',(0.,0.,-1.));
#3538 = PCURVE('',#3444,#3539);
#3539 = DEFINITIONAL_REPRESENTATION('',(#3540),#3544);
#3540 = LINE('',#3541,#3542);
#3541 = CARTESIAN_POINT('',(0.,6.694628856071));
#3542 = VECTOR('',#3543,1.);
#3543 = DIRECTION('',(0.,1.));
#3544 = ( GEOMETRIC_REPRESENTATION_CONTEXT(2) 
PARAMETRIC_REPRESENTATION_CONTEXT() REPRESENTATION_CONTEXT('2D SPACE',''
  ) );
#3545 = PCURVE('',#3546,#3551);
#3546 = PLANE('',#3547);
#3547 = AXIS2_PLACEMENT_3D('',#3548,#3549,#3550);
#3548 = CARTESIAN_POINT('',(0.,0.45,0.));
#3549 = DIRECTION('',(0.,1.,0.));
#3550 = DIRECTION('',(1.,0.,0.));
#3551 = DEFINITIONAL_REPRESENTATION('',(#3552),#3556);
#3552 = LINE('',#3553,#3554);
#3553 = CARTESIAN_POINT('',(2.023371143929,-2.323371143929));
#3554 = VECTOR('',#3555,1.);
#3555 = DIRECTION('',(0.,1.));
#3556 = ( GEOMETRIC_REPRESENTATION_CONTEXT(2) 
PARAMETRIC_REPRESENTATION_CONTEXT() REPRESENTATION_CONTEXT('2D SPACE',''
  ) );
#3557 = ORIENTED_EDGE('',*,*,#3558,.F.);
#3558 = EDGE_CURVE('',#3429,#3531,#3559,.T.);
#3559 = SURFACE_CURVE('',#3560,(#3565,#3572),.PCURVE_S1.);
#3560 = CIRCLE('',#3561,0.1);
#3561 = AXIS2_PLACEMENT_3D('',#3562,#3563,#3564);
#3562 = CARTESIAN_POINT('',(2.023371143929,0.35,2.323371143929));
#3563 = DIRECTION('',(0.,0.,1.));
#3564 = DIRECTION('',(0.978147600734,0.207911690818,-0.));
#3565 = PCURVE('',#3444,#3566);
#3566 = DEFINITIONAL_REPRESENTATION('',(#3567),#3571);
#3567 = LINE('',#3568,#3569);
#3568 = CARTESIAN_POINT('',(1.361356816556,6.694628856071));
#3569 = VECTOR('',#3570,1.);
#3570 = DIRECTION('',(-1.,0.));
#3571 = ( GEOMETRIC_REPRESENTATION_CONTEXT(2) 
PARAMETRIC_REPRESENTATION_CONTEXT() REPRESENTATION_CONTEXT('2D SPACE',''
  ) );
#3572 = PCURVE('',#3573,#3578);
#3573 = SPHERICAL_SURFACE('',#3574,0.1);
#3574 = AXIS2_PLACEMENT_3D('',#3575,#3576,#3577);
#3575 = CARTESIAN_POINT('',(2.023371143929,0.35,2.323371143929));
#3576 = DIRECTION('',(0.777145961457,-0.62932039105,0.));
#3577 = DIRECTION('',(0.62932039105,0.777145961457,0.));
#3578 = DEFINITIONAL_REPRESENTATION('',(#3579),#3583);
#3579 = LINE('',#3580,#3581);
#3580 = CARTESIAN_POINT('',(0.,0.680678408278));
#3581 = VECTOR('',#3582,1.);
#3582 = DIRECTION('',(0.,-1.));
#3583 = ( GEOMETRIC_REPRESENTATION_CONTEXT(2) 
PARAMETRIC_REPRESENTATION_CONTEXT() REPRESENTATION_CONTEXT('2D SPACE',''
  ) );
#3584 = ORIENTED_EDGE('',*,*,#3428,.T.);
#3585 = ADVANCED_FACE('',(#3586),#3573,.T.);
#3586 = FACE_BOUND('',#3587,.T.);
#3587 = EDGE_LOOP('',(#3588,#3634,#3635));
#3588 = ORIENTED_EDGE('',*,*,#3589,.T.);
#3589 = EDGE_CURVE('',#3590,#3429,#3592,.T.);
#3590 = VERTEX_POINT('',#3591);
#3591 = CARTESIAN_POINT('',(2.023371143929,0.370791169082,2.421185904002
    ));
#3592 = SURFACE_CURVE('',#3593,(#3598,#3627),.PCURVE_S1.);
#3593 = CIRCLE('',#3594,0.1);
#3594 = AXIS2_PLACEMENT_3D('',#3595,#3596,#3597);
#3595 = CARTESIAN_POINT('',(2.023371143929,0.35,2.323371143929));
#3596 = DIRECTION('',(-0.203558594953,0.957667894858,-0.203558594953));
#3597 = DIRECTION('',(5.107025913276E-15,0.207911690818,0.978147600734)
  );
#3598 = PCURVE('',#3573,#3599);
#3599 = DEFINITIONAL_REPRESENTATION('',(#3600),#3626);
#3600 = B_SPLINE_CURVE_WITH_KNOTS('',3,(#3601,#3602,#3603,#3604,#3605,
    #3606,#3607,#3608,#3609,#3610,#3611,#3612,#3613,#3614,#3615,#3616,
    #3617,#3618,#3619,#3620,#3621,#3622,#3623,#3624,#3625),
  .UNSPECIFIED.,.F.,.F.,(4,1,1,1,1,1,1,1,1,1,1,1,1,1,1,1,1,1,1,1,1,1,4),
  (0.,6.943434463145E-02,0.138868689263,0.208303033894,0.277737378526,
    0.347171723157,0.416606067789,0.48604041242,0.555474757052,
    0.624909101683,0.694343446315,0.763777790946,0.833212135577,
    0.902646480209,0.97208082484,1.041515169472,1.110949514103,
    1.180383858735,1.249818203366,1.319252547998,1.388686892629,
    1.45812123726,1.527555581892),.QUASI_UNIFORM_KNOTS.);
#3601 = CARTESIAN_POINT('',(1.407087208681,-0.131219309275));
#3602 = CARTESIAN_POINT('',(1.389170339915,-0.116381367582));
#3603 = CARTESIAN_POINT('',(1.353546536535,-8.658152934412E-02));
#3604 = CARTESIAN_POINT('',(1.300525047567,-4.163740300961E-02));
#3605 = CARTESIAN_POINT('',(1.247701718319,3.422842232336E-03));
#3606 = CARTESIAN_POINT('',(1.1948621375,4.847359703992E-02));
#3607 = CARTESIAN_POINT('',(1.141791636189,9.338883513785E-02));
#3608 = CARTESIAN_POINT('',(1.088274442998,0.138040786042));
#3609 = CARTESIAN_POINT('',(1.034092674943,0.182298135507));
#3610 = CARTESIAN_POINT('',(0.979025640831,0.226024337621));
#3611 = CARTESIAN_POINT('',(0.922849503517,0.269075884194));
#3612 = CARTESIAN_POINT('',(0.865337500395,0.311300588857));
#3613 = CARTESIAN_POINT('',(0.806260929736,0.352535907344));
#3614 = CARTESIAN_POINT('',(0.745391165936,0.392607354387));
#3615 = CARTESIAN_POINT('',(0.68250300957,0.43132710634));
#3616 = CARTESIAN_POINT('',(0.617379715124,0.468492921901));
#3617 = CARTESIAN_POINT('',(0.54982003056,0.503887560169));
#3618 = CARTESIAN_POINT('',(0.479647563754,0.537278938752));
#3619 = CARTESIAN_POINT('',(0.406722489321,0.568421291465));
#3620 = CARTESIAN_POINT('',(0.330955859213,0.597057746049));
#3621 = CARTESIAN_POINT('',(0.252324286229,0.622924262302));
#3622 = CARTESIAN_POINT('',(0.170889718812,0.645756573174));
#3623 = CARTESIAN_POINT('',(8.680001988558E-02,0.665294991789));
#3624 = CARTESIAN_POINT('',(2.916732104972E-02,0.675969243991));
#3625 = CARTESIAN_POINT('',(0.,0.680678408278));
#3626 = ( GEOMETRIC_REPRESENTATION_CONTEXT(2) 
PARAMETRIC_REPRESENTATION_CONTEXT() REPRESENTATION_CONTEXT('2D SPACE',''
  ) );
#3627 = PCURVE('',#2701,#3628);
#3628 = DEFINITIONAL_REPRESENTATION('',(#3629),#3633);
#3629 = LINE('',#3630,#3631);
#3630 = CARTESIAN_POINT('',(1.527555581893,1.465643786887));
#3631 = VECTOR('',#3632,1.);
#3632 = DIRECTION('',(-1.,0.));
#3633 = ( GEOMETRIC_REPRESENTATION_CONTEXT(2) 
PARAMETRIC_REPRESENTATION_CONTEXT() REPRESENTATION_CONTEXT('2D SPACE',''
  ) );
#3634 = ORIENTED_EDGE('',*,*,#3558,.T.);
#3635 = ORIENTED_EDGE('',*,*,#3636,.T.);
#3636 = EDGE_CURVE('',#3531,#3590,#3637,.T.);
#3637 = SURFACE_CURVE('',#3638,(#3643,#3672),.PCURVE_S1.);
#3638 = CIRCLE('',#3639,0.1);
#3639 = AXIS2_PLACEMENT_3D('',#3640,#3641,#3642);
#3640 = CARTESIAN_POINT('',(2.023371143929,0.35,2.323371143929));
#3641 = DIRECTION('',(1.,0.,0.));
#3642 = DIRECTION('',(-0.,1.,0.));
#3643 = PCURVE('',#3573,#3644);
#3644 = DEFINITIONAL_REPRESENTATION('',(#3645),#3671);
#3645 = B_SPLINE_CURVE_WITH_KNOTS('',3,(#3646,#3647,#3648,#3649,#3650,
    #3651,#3652,#3653,#3654,#3655,#3656,#3657,#3658,#3659,#3660,#3661,
    #3662,#3663,#3664,#3665,#3666,#3667,#3668,#3669,#3670),
  .UNSPECIFIED.,.F.,.F.,(4,1,1,1,1,1,1,1,1,1,1,1,1,1,1,1,1,1,1,1,1,1,4),
  (0.,6.187985529793E-02,0.123759710596,0.185639565894,0.247519421192,
    0.30939927649,0.371279131788,0.433158987086,0.495038842383,
    0.556918697681,0.618798552979,0.680678408277,0.742558263575,
    0.804438118873,0.866317974171,0.928197829469,0.990077684767,
    1.051957540065,1.113837395363,1.175717250661,1.237597105959,
    1.299476961257,1.361356816555),.QUASI_UNIFORM_KNOTS.);
#3646 = CARTESIAN_POINT('',(0.,-0.680678408278));
#3647 = CARTESIAN_POINT('',(2.654324914542E-02,-0.680681221105));
#3648 = CARTESIAN_POINT('',(7.962356523434E-02,-0.67964253675));
#3649 = CARTESIAN_POINT('',(0.158850663499,-0.675006259728));
#3650 = CARTESIAN_POINT('',(0.237297594278,-0.667333745926));
#3651 = CARTESIAN_POINT('',(0.31461943419,-0.656711339446));
#3652 = CARTESIAN_POINT('',(0.390515704025,-0.643249768781));
#3653 = CARTESIAN_POINT('',(0.464741573826,-0.627083495566));
#3654 = CARTESIAN_POINT('',(0.537111184294,-0.608364177084));
#3655 = CARTESIAN_POINT('',(0.607497818403,-0.587255581544));
#3656 = CARTESIAN_POINT('',(0.675830537841,-0.563928488245));
#3657 = CARTESIAN_POINT('',(0.742088577045,-0.538556326024));
#3658 = CARTESIAN_POINT('',(0.806294392403,-0.511311559004));
#3659 = CARTESIAN_POINT('',(0.868506238616,-0.482362894427));
#3660 = CARTESIAN_POINT('',(0.928810916079,-0.451873266705));
#3661 = CARTESIAN_POINT('',(0.987317128547,-0.419998515729));
#3662 = CARTESIAN_POINT('',(1.044149699408,-0.386886650879));
#3663 = CARTESIAN_POINT('',(1.099444746516,-0.35267758614));
#3664 = CARTESIAN_POINT('',(1.153345812109,-0.3175032435));
#3665 = CARTESIAN_POINT('',(1.206000873435,-0.28148791502));
#3666 = CARTESIAN_POINT('',(1.257560144619,-0.244748865464));
#3667 = CARTESIAN_POINT('',(1.308174492986,-0.207396892198));
#3668 = CARTESIAN_POINT('',(1.357994570778,-0.169537624377));
#3669 = CARTESIAN_POINT('',(1.390778016063,-0.144026165374));
#3670 = CARTESIAN_POINT('',(1.407087208681,-0.131219309276));
#3671 = ( GEOMETRIC_REPRESENTATION_CONTEXT(2) 
PARAMETRIC_REPRESENTATION_CONTEXT() REPRESENTATION_CONTEXT('2D SPACE',''
  ) );
#3672 = PCURVE('',#3673,#3678);
#3673 = CYLINDRICAL_SURFACE('',#3674,0.1);
#3674 = AXIS2_PLACEMENT_3D('',#3675,#3676,#3677);
#3675 = CARTESIAN_POINT('',(-7.93584,0.35,2.323371143929));
#3676 = DIRECTION('',(1.,0.,0.));
#3677 = DIRECTION('',(-0.,1.,0.));
#3678 = DEFINITIONAL_REPRESENTATION('',(#3679),#3683);
#3679 = LINE('',#3680,#3681);
#3680 = CARTESIAN_POINT('',(0.,9.959211143929));
#3681 = VECTOR('',#3682,1.);
#3682 = DIRECTION('',(1.,0.));
#3683 = ( GEOMETRIC_REPRESENTATION_CONTEXT(2) 
PARAMETRIC_REPRESENTATION_CONTEXT() REPRESENTATION_CONTEXT('2D SPACE',''
  ) );
#3684 = ADVANCED_FACE('',(#3685),#3673,.T.);
#3685 = FACE_BOUND('',#3686,.T.);
#3686 = EDGE_LOOP('',(#3687,#3688,#3711,#3740));
#3687 = ORIENTED_EDGE('',*,*,#3636,.F.);
#3688 = ORIENTED_EDGE('',*,*,#3689,.F.);
#3689 = EDGE_CURVE('',#3690,#3531,#3692,.T.);
#3690 = VERTEX_POINT('',#3691);
#3691 = CARTESIAN_POINT('',(-2.023371143929,0.45,2.323371143929));
#3692 = SURFACE_CURVE('',#3693,(#3697,#3704),.PCURVE_S1.);
#3693 = LINE('',#3694,#3695);
#3694 = CARTESIAN_POINT('',(-2.023371143929,0.45,2.323371143929));
#3695 = VECTOR('',#3696,1.);
#3696 = DIRECTION('',(1.,0.,0.));
#3697 = PCURVE('',#3673,#3698);
#3698 = DEFINITIONAL_REPRESENTATION('',(#3699),#3703);
#3699 = LINE('',#3700,#3701);
#3700 = CARTESIAN_POINT('',(0.,5.912468856071));
#3701 = VECTOR('',#3702,1.);
#3702 = DIRECTION('',(0.,1.));
#3703 = ( GEOMETRIC_REPRESENTATION_CONTEXT(2) 
PARAMETRIC_REPRESENTATION_CONTEXT() REPRESENTATION_CONTEXT('2D SPACE',''
  ) );
#3704 = PCURVE('',#3546,#3705);
#3705 = DEFINITIONAL_REPRESENTATION('',(#3706),#3710);
#3706 = LINE('',#3707,#3708);
#3707 = CARTESIAN_POINT('',(-2.023371143929,-2.323371143929));
#3708 = VECTOR('',#3709,1.);
#3709 = DIRECTION('',(1.,0.));
#3710 = ( GEOMETRIC_REPRESENTATION_CONTEXT(2) 
PARAMETRIC_REPRESENTATION_CONTEXT() REPRESENTATION_CONTEXT('2D SPACE',''
  ) );
#3711 = ORIENTED_EDGE('',*,*,#3712,.F.);
#3712 = EDGE_CURVE('',#3713,#3690,#3715,.T.);
#3713 = VERTEX_POINT('',#3714);
#3714 = CARTESIAN_POINT('',(-2.023371143929,0.370791169082,
    2.421185904002));
#3715 = SURFACE_CURVE('',#3716,(#3721,#3728),.PCURVE_S1.);
#3716 = CIRCLE('',#3717,0.1);
#3717 = AXIS2_PLACEMENT_3D('',#3718,#3719,#3720);
#3718 = CARTESIAN_POINT('',(-2.023371143929,0.35,2.323371143929));
#3719 = DIRECTION('',(-1.,0.,0.));
#3720 = DIRECTION('',(0.,0.207911690818,0.978147600734));
#3721 = PCURVE('',#3673,#3722);
#3722 = DEFINITIONAL_REPRESENTATION('',(#3723),#3727);
#3723 = LINE('',#3724,#3725);
#3724 = CARTESIAN_POINT('',(1.361356816556,5.912468856071));
#3725 = VECTOR('',#3726,1.);
#3726 = DIRECTION('',(-1.,0.));
#3727 = ( GEOMETRIC_REPRESENTATION_CONTEXT(2) 
PARAMETRIC_REPRESENTATION_CONTEXT() REPRESENTATION_CONTEXT('2D SPACE',''
  ) );
#3728 = PCURVE('',#3729,#3734);
#3729 = SPHERICAL_SURFACE('',#3730,0.1);
#3730 = AXIS2_PLACEMENT_3D('',#3731,#3732,#3733);
#3731 = CARTESIAN_POINT('',(-2.023371143929,0.35,2.323371143929));
#3732 = DIRECTION('',(0.,-0.62932039105,0.777145961457));
#3733 = DIRECTION('',(0.,0.777145961457,0.62932039105));
#3734 = DEFINITIONAL_REPRESENTATION('',(#3735),#3739);
#3735 = LINE('',#3736,#3737);
#3736 = CARTESIAN_POINT('',(0.,0.680678408278));
#3737 = VECTOR('',#3738,1.);
#3738 = DIRECTION('',(0.,-1.));
#3739 = ( GEOMETRIC_REPRESENTATION_CONTEXT(2) 
PARAMETRIC_REPRESENTATION_CONTEXT() REPRESENTATION_CONTEXT('2D SPACE',''
  ) );
#3740 = ORIENTED_EDGE('',*,*,#3741,.T.);
#3741 = EDGE_CURVE('',#3713,#3590,#3742,.T.);
#3742 = SURFACE_CURVE('',#3743,(#3747,#3754),.PCURVE_S1.);
#3743 = LINE('',#3744,#3745);
#3744 = CARTESIAN_POINT('',(-2.023371143929,0.370791169082,
    2.421185904002));
#3745 = VECTOR('',#3746,1.);
#3746 = DIRECTION('',(1.,0.,0.));
#3747 = PCURVE('',#3673,#3748);
#3748 = DEFINITIONAL_REPRESENTATION('',(#3749),#3753);
#3749 = LINE('',#3750,#3751);
#3750 = CARTESIAN_POINT('',(1.361356816555,5.912468856071));
#3751 = VECTOR('',#3752,1.);
#3752 = DIRECTION('',(0.,1.));
#3753 = ( GEOMETRIC_REPRESENTATION_CONTEXT(2) 
PARAMETRIC_REPRESENTATION_CONTEXT() REPRESENTATION_CONTEXT('2D SPACE',''
  ) );
#3754 = PCURVE('',#2293,#3755);
#3755 = DEFINITIONAL_REPRESENTATION('',(#3756),#3760);
#3756 = LINE('',#3757,#3758);
#3757 = CARTESIAN_POINT('',(0.176628856071,0.37907486437));
#3758 = VECTOR('',#3759,1.);
#3759 = DIRECTION('',(1.,0.));
#3760 = ( GEOMETRIC_REPRESENTATION_CONTEXT(2) 
PARAMETRIC_REPRESENTATION_CONTEXT() REPRESENTATION_CONTEXT('2D SPACE',''
  ) );
#3761 = ADVANCED_FACE('',(#3762),#2293,.T.);
#3762 = FACE_BOUND('',#3763,.F.);
#3763 = EDGE_LOOP('',(#3764,#3765,#3766,#3767,#3788,#3789));
#3764 = ORIENTED_EDGE('',*,*,#2757,.F.);
#3765 = ORIENTED_EDGE('',*,*,#2580,.F.);
#3766 = ORIENTED_EDGE('',*,*,#2275,.F.);
#3767 = ORIENTED_EDGE('',*,*,#3768,.F.);
#3768 = EDGE_CURVE('',#3713,#2276,#3769,.T.);
#3769 = SURFACE_CURVE('',#3770,(#3774,#3781),.PCURVE_S1.);
#3770 = LINE('',#3771,#3772);
#3771 = CARTESIAN_POINT('',(-2.023371143929,0.370791169082,
    2.421185904002));
#3772 = VECTOR('',#3773,1.);
#3773 = DIRECTION('',(-0.203558594953,-0.957667894858,0.203558594953));
#3774 = PCURVE('',#2293,#3775);
#3775 = DEFINITIONAL_REPRESENTATION('',(#3776),#3780);
#3776 = LINE('',#3777,#3778);
#3777 = CARTESIAN_POINT('',(0.176628856071,0.37907486437));
#3778 = VECTOR('',#3779,1.);
#3779 = DIRECTION('',(-0.203558594953,-0.979062765312));
#3780 = ( GEOMETRIC_REPRESENTATION_CONTEXT(2) 
PARAMETRIC_REPRESENTATION_CONTEXT() REPRESENTATION_CONTEXT('2D SPACE',''
  ) );
#3781 = PCURVE('',#2372,#3782);
#3782 = DEFINITIONAL_REPRESENTATION('',(#3783),#3787);
#3783 = LINE('',#3784,#3785);
#3784 = CARTESIAN_POINT('',(0.,1.465643786887));
#3785 = VECTOR('',#3786,1.);
#3786 = DIRECTION('',(0.,1.));
#3787 = ( GEOMETRIC_REPRESENTATION_CONTEXT(2) 
PARAMETRIC_REPRESENTATION_CONTEXT() REPRESENTATION_CONTEXT('2D SPACE',''
  ) );
#3788 = ORIENTED_EDGE('',*,*,#3741,.T.);
#3789 = ORIENTED_EDGE('',*,*,#3790,.T.);
#3790 = EDGE_CURVE('',#3590,#2636,#3791,.T.);
#3791 = SURFACE_CURVE('',#3792,(#3796,#3803),.PCURVE_S1.);
#3792 = LINE('',#3793,#3794);
#3793 = CARTESIAN_POINT('',(2.023371143929,0.370791169082,2.421185904002
    ));
#3794 = VECTOR('',#3795,1.);
#3795 = DIRECTION('',(0.203558594953,-0.957667894858,0.203558594953));
#3796 = PCURVE('',#2293,#3797);
#3797 = DEFINITIONAL_REPRESENTATION('',(#3798),#3802);
#3798 = LINE('',#3799,#3800);
#3799 = CARTESIAN_POINT('',(4.223371143929,0.37907486437));
#3800 = VECTOR('',#3801,1.);
#3801 = DIRECTION('',(0.203558594953,-0.979062765312));
#3802 = ( GEOMETRIC_REPRESENTATION_CONTEXT(2) 
PARAMETRIC_REPRESENTATION_CONTEXT() REPRESENTATION_CONTEXT('2D SPACE',''
  ) );
#3803 = PCURVE('',#2701,#3804);
#3804 = DEFINITIONAL_REPRESENTATION('',(#3805),#3809);
#3805 = LINE('',#3806,#3807);
#3806 = CARTESIAN_POINT('',(1.527555581893,1.465643786887));
#3807 = VECTOR('',#3808,1.);
#3808 = DIRECTION('',(5.736600070962E-16,1.));
#3809 = ( GEOMETRIC_REPRESENTATION_CONTEXT(2) 
PARAMETRIC_REPRESENTATION_CONTEXT() REPRESENTATION_CONTEXT('2D SPACE',''
  ) );
#3810 = ADVANCED_FACE('',(#3811),#2372,.T.);
#3811 = FACE_BOUND('',#3812,.T.);
#3812 = EDGE_LOOP('',(#3813,#3859,#3880,#3881));
#3813 = ORIENTED_EDGE('',*,*,#3814,.F.);
#3814 = EDGE_CURVE('',#3815,#3713,#3817,.T.);
#3815 = VERTEX_POINT('',#3816);
#3816 = CARTESIAN_POINT('',(-2.121185904002,0.370791169082,
    2.323371143929));
#3817 = SURFACE_CURVE('',#3818,(#3823,#3830),.PCURVE_S1.);
#3818 = CIRCLE('',#3819,0.1);
#3819 = AXIS2_PLACEMENT_3D('',#3820,#3821,#3822);
#3820 = CARTESIAN_POINT('',(-2.023371143929,0.35,2.323371143929));
#3821 = DIRECTION('',(0.203558594953,0.957667894858,-0.203558594953));
#3822 = DIRECTION('',(-0.978147600734,0.207911690818,5.107025913276E-15)
  );
#3823 = PCURVE('',#2372,#3824);
#3824 = DEFINITIONAL_REPRESENTATION('',(#3825),#3829);
#3825 = LINE('',#3826,#3827);
#3826 = CARTESIAN_POINT('',(1.527555581893,1.465643786887));
#3827 = VECTOR('',#3828,1.);
#3828 = DIRECTION('',(-1.,0.));
#3829 = ( GEOMETRIC_REPRESENTATION_CONTEXT(2) 
PARAMETRIC_REPRESENTATION_CONTEXT() REPRESENTATION_CONTEXT('2D SPACE',''
  ) );
#3830 = PCURVE('',#3729,#3831);
#3831 = DEFINITIONAL_REPRESENTATION('',(#3832),#3858);
#3832 = B_SPLINE_CURVE_WITH_KNOTS('',3,(#3833,#3834,#3835,#3836,#3837,
    #3838,#3839,#3840,#3841,#3842,#3843,#3844,#3845,#3846,#3847,#3848,
    #3849,#3850,#3851,#3852,#3853,#3854,#3855,#3856,#3857),
  .UNSPECIFIED.,.F.,.F.,(4,1,1,1,1,1,1,1,1,1,1,1,1,1,1,1,1,1,1,1,1,1,4),
  (0.,6.943434463145E-02,0.138868689263,0.208303033894,0.277737378526,
    0.347171723157,0.416606067789,0.48604041242,0.555474757052,
    0.624909101683,0.694343446315,0.763777790946,0.833212135577,
    0.902646480209,0.97208082484,1.041515169472,1.110949514103,
    1.180383858735,1.249818203366,1.319252547998,1.388686892629,
    1.45812123726,1.527555581892),.QUASI_UNIFORM_KNOTS.);
#3833 = CARTESIAN_POINT('',(1.407087208681,-0.131219309275));
#3834 = CARTESIAN_POINT('',(1.389170339915,-0.116381367582));
#3835 = CARTESIAN_POINT('',(1.353546536535,-8.658152934412E-02));
#3836 = CARTESIAN_POINT('',(1.300525047567,-4.163740300962E-02));
#3837 = CARTESIAN_POINT('',(1.247701718319,3.422842232337E-03));
#3838 = CARTESIAN_POINT('',(1.1948621375,4.847359703991E-02));
#3839 = CARTESIAN_POINT('',(1.141791636189,9.338883513785E-02));
#3840 = CARTESIAN_POINT('',(1.088274442998,0.138040786042));
#3841 = CARTESIAN_POINT('',(1.034092674943,0.182298135507));
#3842 = CARTESIAN_POINT('',(0.979025640831,0.226024337621));
#3843 = CARTESIAN_POINT('',(0.922849503517,0.269075884194));
#3844 = CARTESIAN_POINT('',(0.865337500395,0.311300588857));
#3845 = CARTESIAN_POINT('',(0.806260929736,0.352535907344));
#3846 = CARTESIAN_POINT('',(0.745391165936,0.392607354387));
#3847 = CARTESIAN_POINT('',(0.68250300957,0.43132710634));
#3848 = CARTESIAN_POINT('',(0.617379715124,0.468492921901));
#3849 = CARTESIAN_POINT('',(0.54982003056,0.503887560169));
#3850 = CARTESIAN_POINT('',(0.479647563754,0.537278938752));
#3851 = CARTESIAN_POINT('',(0.406722489321,0.568421291465));
#3852 = CARTESIAN_POINT('',(0.330955859213,0.597057746049));
#3853 = CARTESIAN_POINT('',(0.252324286229,0.622924262302));
#3854 = CARTESIAN_POINT('',(0.170889718812,0.645756573174));
#3855 = CARTESIAN_POINT('',(8.680001988558E-02,0.665294991789));
#3856 = CARTESIAN_POINT('',(2.916732104972E-02,0.675969243991));
#3857 = CARTESIAN_POINT('',(0.,0.680678408278));
#3858 = ( GEOMETRIC_REPRESENTATION_CONTEXT(2) 
PARAMETRIC_REPRESENTATION_CONTEXT() REPRESENTATION_CONTEXT('2D SPACE',''
  ) );
#3859 = ORIENTED_EDGE('',*,*,#3860,.T.);
#3860 = EDGE_CURVE('',#3815,#2307,#3861,.T.);
#3861 = SURFACE_CURVE('',#3862,(#3866,#3873),.PCURVE_S1.);
#3862 = LINE('',#3863,#3864);
#3863 = CARTESIAN_POINT('',(-2.121185904002,0.370791169082,
    2.323371143929));
#3864 = VECTOR('',#3865,1.);
#3865 = DIRECTION('',(-0.203558594953,-0.957667894858,0.203558594953));
#3866 = PCURVE('',#2372,#3867);
#3867 = DEFINITIONAL_REPRESENTATION('',(#3868),#3872);
#3868 = LINE('',#3869,#3870);
#3869 = CARTESIAN_POINT('',(1.527555581893,1.465643786887));
#3870 = VECTOR('',#3871,1.);
#3871 = DIRECTION('',(-5.736600070962E-16,1.));
#3872 = ( GEOMETRIC_REPRESENTATION_CONTEXT(2) 
PARAMETRIC_REPRESENTATION_CONTEXT() REPRESENTATION_CONTEXT('2D SPACE',''
  ) );
#3873 = PCURVE('',#2444,#3874);
#3874 = DEFINITIONAL_REPRESENTATION('',(#3875),#3879);
#3875 = LINE('',#3876,#3877);
#3876 = CARTESIAN_POINT('',(4.823371143929,0.37907486437));
#3877 = VECTOR('',#3878,1.);
#3878 = DIRECTION('',(0.203558594953,-0.979062765312));
#3879 = ( GEOMETRIC_REPRESENTATION_CONTEXT(2) 
PARAMETRIC_REPRESENTATION_CONTEXT() REPRESENTATION_CONTEXT('2D SPACE',''
  ) );
#3880 = ORIENTED_EDGE('',*,*,#2306,.T.);
#3881 = ORIENTED_EDGE('',*,*,#3768,.F.);
#3882 = ADVANCED_FACE('',(#3883),#2444,.T.);
#3883 = FACE_BOUND('',#3884,.F.);
#3884 = EDGE_LOOP('',(#3885,#3913,#3914,#3915,#3938,#3962));
#3885 = ORIENTED_EDGE('',*,*,#3886,.T.);
#3886 = EDGE_CURVE('',#3887,#3815,#3889,.T.);
#3887 = VERTEX_POINT('',#3888);
#3888 = CARTESIAN_POINT('',(-2.121185904002,0.370791169082,
    -2.323371143929));
#3889 = SURFACE_CURVE('',#3890,(#3894,#3901),.PCURVE_S1.);
#3890 = LINE('',#3891,#3892);
#3891 = CARTESIAN_POINT('',(-2.121185904002,0.370791169082,
    -2.323371143929));
#3892 = VECTOR('',#3893,1.);
#3893 = DIRECTION('',(0.,0.,1.));
#3894 = PCURVE('',#2444,#3895);
#3895 = DEFINITIONAL_REPRESENTATION('',(#3896),#3900);
#3896 = LINE('',#3897,#3898);
#3897 = CARTESIAN_POINT('',(0.176628856071,0.37907486437));
#3898 = VECTOR('',#3899,1.);
#3899 = DIRECTION('',(1.,0.));
#3900 = ( GEOMETRIC_REPRESENTATION_CONTEXT(2) 
PARAMETRIC_REPRESENTATION_CONTEXT() REPRESENTATION_CONTEXT('2D SPACE',''
  ) );
#3901 = PCURVE('',#3902,#3907);
#3902 = CYLINDRICAL_SURFACE('',#3903,0.1);
#3903 = AXIS2_PLACEMENT_3D('',#3904,#3905,#3906);
#3904 = CARTESIAN_POINT('',(-2.023371143929,0.35,-9.018));
#3905 = DIRECTION('',(0.,0.,1.));
#3906 = DIRECTION('',(0.,1.,0.));
#3907 = DEFINITIONAL_REPRESENTATION('',(#3908),#3912);
#3908 = LINE('',#3909,#3910);
#3909 = CARTESIAN_POINT('',(1.361356816555,6.694628856071));
#3910 = VECTOR('',#3911,1.);
#3911 = DIRECTION('',(0.,1.));
#3912 = ( GEOMETRIC_REPRESENTATION_CONTEXT(2) 
PARAMETRIC_REPRESENTATION_CONTEXT() REPRESENTATION_CONTEXT('2D SPACE',''
  ) );
#3913 = ORIENTED_EDGE('',*,*,#3860,.T.);
#3914 = ORIENTED_EDGE('',*,*,#2428,.F.);
#3915 = ORIENTED_EDGE('',*,*,#3916,.F.);
#3916 = EDGE_CURVE('',#3917,#2429,#3919,.T.);
#3917 = VERTEX_POINT('',#3918);
#3918 = CARTESIAN_POINT('',(-2.2,0.,-2.4));
#3919 = SURFACE_CURVE('',#3920,(#3924,#3931),.PCURVE_S1.);
#3920 = LINE('',#3921,#3922);
#3921 = CARTESIAN_POINT('',(-2.2,0.,-2.4));
#3922 = VECTOR('',#3923,1.);
#3923 = DIRECTION('',(0.,0.,1.));
#3924 = PCURVE('',#2444,#3925);
#3925 = DEFINITIONAL_REPRESENTATION('',(#3926),#3930);
#3926 = LINE('',#3927,#3928);
#3927 = CARTESIAN_POINT('',(0.1,0.));
#3928 = VECTOR('',#3929,1.);
#3929 = DIRECTION('',(1.,0.));
#3930 = ( GEOMETRIC_REPRESENTATION_CONTEXT(2) 
PARAMETRIC_REPRESENTATION_CONTEXT() REPRESENTATION_CONTEXT('2D SPACE',''
  ) );
#3931 = PCURVE('',#1151,#3932);
#3932 = DEFINITIONAL_REPRESENTATION('',(#3933),#3937);
#3933 = LINE('',#3934,#3935);
#3934 = CARTESIAN_POINT('',(0.1,0.55));
#3935 = VECTOR('',#3936,1.);
#3936 = DIRECTION('',(1.,0.));
#3937 = ( GEOMETRIC_REPRESENTATION_CONTEXT(2) 
PARAMETRIC_REPRESENTATION_CONTEXT() REPRESENTATION_CONTEXT('2D SPACE',''
  ) );
#3938 = ORIENTED_EDGE('',*,*,#3939,.F.);
#3939 = EDGE_CURVE('',#3940,#3917,#3942,.T.);
#3940 = VERTEX_POINT('',#3941);
#3941 = CARTESIAN_POINT('',(-2.199976628885,1.099524505777E-04,
    -2.402161868812));
#3942 = SURFACE_CURVE('',#3943,(#3948,#3956),.PCURVE_S1.);
#3943 = B_SPLINE_CURVE_WITH_KNOTS('',3,(#3944,#3945,#3946,#3947),
  .UNSPECIFIED.,.F.,.F.,(4,4),(0.,1.),.PIECEWISE_BEZIER_KNOTS.);
#3944 = CARTESIAN_POINT('',(-2.199976628885,1.099524505768E-04,
    -2.402161868812));
#3945 = CARTESIAN_POINT('',(-2.199992169645,3.683892593636E-05,
    -2.401443179163));
#3946 = CARTESIAN_POINT('',(-2.2,0.,-2.4007225662));
#3947 = CARTESIAN_POINT('',(-2.2,0.,-2.4));
#3948 = PCURVE('',#2444,#3949);
#3949 = DEFINITIONAL_REPRESENTATION('',(#3950),#3955);
#3950 = B_SPLINE_CURVE_WITH_KNOTS('',3,(#3951,#3952,#3953,#3954),
  .UNSPECIFIED.,.F.,.F.,(4,4),(0.,1.),.PIECEWISE_BEZIER_KNOTS.);
#3951 = CARTESIAN_POINT('',(9.7838131188E-02,1.124088537625E-04));
#3952 = CARTESIAN_POINT('',(9.8556820837E-02,3.766192936599E-05));
#3953 = CARTESIAN_POINT('',(9.92774338E-02,0.));
#3954 = CARTESIAN_POINT('',(0.1,0.));
#3955 = ( GEOMETRIC_REPRESENTATION_CONTEXT(2) 
PARAMETRIC_REPRESENTATION_CONTEXT() REPRESENTATION_CONTEXT('2D SPACE',''
  ) );
#3956 = PCURVE('',#1124,#3957);
#3957 = DEFINITIONAL_REPRESENTATION('',(#3958),#3961);
#3958 = B_SPLINE_CURVE_WITH_KNOTS('',1,(#3959,#3960),.UNSPECIFIED.,.F.,
  .F.,(2,2),(0.,1.),.PIECEWISE_BEZIER_KNOTS.);
#3959 = CARTESIAN_POINT('',(2.162037245364E-02,1.753490047549));
#3960 = CARTESIAN_POINT('',(0.,1.7536));
#3961 = ( GEOMETRIC_REPRESENTATION_CONTEXT(2) 
PARAMETRIC_REPRESENTATION_CONTEXT() REPRESENTATION_CONTEXT('2D SPACE',''
  ) );
#3962 = ORIENTED_EDGE('',*,*,#3963,.F.);
#3963 = EDGE_CURVE('',#3887,#3940,#3964,.T.);
#3964 = SURFACE_CURVE('',#3965,(#3969,#3976),.PCURVE_S1.);
#3965 = LINE('',#3966,#3967);
#3966 = CARTESIAN_POINT('',(-2.121185904002,0.370791169082,
    -2.323371143929));
#3967 = VECTOR('',#3968,1.);
#3968 = DIRECTION('',(-0.203558594953,-0.957667894858,-0.203558594953));
#3969 = PCURVE('',#2444,#3970);
#3970 = DEFINITIONAL_REPRESENTATION('',(#3971),#3975);
#3971 = LINE('',#3972,#3973);
#3972 = CARTESIAN_POINT('',(0.176628856071,0.37907486437));
#3973 = VECTOR('',#3974,1.);
#3974 = DIRECTION('',(-0.203558594953,-0.979062765312));
#3975 = ( GEOMETRIC_REPRESENTATION_CONTEXT(2) 
PARAMETRIC_REPRESENTATION_CONTEXT() REPRESENTATION_CONTEXT('2D SPACE',''
  ) );
#3976 = PCURVE('',#3313,#3977);
#3977 = DEFINITIONAL_REPRESENTATION('',(#3978),#3982);
#3978 = LINE('',#3979,#3980);
#3979 = CARTESIAN_POINT('',(0.,1.465643786887));
#3980 = VECTOR('',#3981,1.);
#3981 = DIRECTION('',(0.,1.));
#3982 = ( GEOMETRIC_REPRESENTATION_CONTEXT(2) 
PARAMETRIC_REPRESENTATION_CONTEXT() REPRESENTATION_CONTEXT('2D SPACE',''
  ) );
#3983 = ADVANCED_FACE('',(#3984),#3902,.T.);
#3984 = FACE_BOUND('',#3985,.T.);
#3985 = EDGE_LOOP('',(#3986,#4030,#4053,#4102));
#3986 = ORIENTED_EDGE('',*,*,#3987,.F.);
#3987 = EDGE_CURVE('',#3690,#3815,#3988,.T.);
#3988 = SURFACE_CURVE('',#3989,(#3994,#4001),.PCURVE_S1.);
#3989 = CIRCLE('',#3990,0.1);
#3990 = AXIS2_PLACEMENT_3D('',#3991,#3992,#3993);
#3991 = CARTESIAN_POINT('',(-2.023371143929,0.35,2.323371143929));
#3992 = DIRECTION('',(0.,-0.,1.));
#3993 = DIRECTION('',(0.,1.,0.));
#3994 = PCURVE('',#3902,#3995);
#3995 = DEFINITIONAL_REPRESENTATION('',(#3996),#4000);
#3996 = LINE('',#3997,#3998);
#3997 = CARTESIAN_POINT('',(0.,11.341371143929));
#3998 = VECTOR('',#3999,1.);
#3999 = DIRECTION('',(1.,0.));
#4000 = ( GEOMETRIC_REPRESENTATION_CONTEXT(2) 
PARAMETRIC_REPRESENTATION_CONTEXT() REPRESENTATION_CONTEXT('2D SPACE',''
  ) );
#4001 = PCURVE('',#3729,#4002);
#4002 = DEFINITIONAL_REPRESENTATION('',(#4003),#4029);
#4003 = B_SPLINE_CURVE_WITH_KNOTS('',3,(#4004,#4005,#4006,#4007,#4008,
    #4009,#4010,#4011,#4012,#4013,#4014,#4015,#4016,#4017,#4018,#4019,
    #4020,#4021,#4022,#4023,#4024,#4025,#4026,#4027,#4028),
  .UNSPECIFIED.,.F.,.F.,(4,1,1,1,1,1,1,1,1,1,1,1,1,1,1,1,1,1,1,1,1,1,4),
  (0.,6.187985529793E-02,0.123759710596,0.185639565894,0.247519421192,
    0.30939927649,0.371279131788,0.433158987086,0.495038842383,
    0.556918697681,0.618798552979,0.680678408277,0.742558263575,
    0.804438118873,0.866317974171,0.928197829469,0.990077684767,
    1.051957540065,1.113837395363,1.175717250661,1.237597105959,
    1.299476961257,1.361356816555),.QUASI_UNIFORM_KNOTS.);
#4004 = CARTESIAN_POINT('',(0.,-0.680678408278));
#4005 = CARTESIAN_POINT('',(2.654324914542E-02,-0.680681221105));
#4006 = CARTESIAN_POINT('',(7.962356523434E-02,-0.67964253675));
#4007 = CARTESIAN_POINT('',(0.158850663499,-0.675006259728));
#4008 = CARTESIAN_POINT('',(0.237297594278,-0.667333745926));
#4009 = CARTESIAN_POINT('',(0.31461943419,-0.656711339446));
#4010 = CARTESIAN_POINT('',(0.390515704025,-0.643249768781));
#4011 = CARTESIAN_POINT('',(0.464741573826,-0.627083495566));
#4012 = CARTESIAN_POINT('',(0.537111184294,-0.608364177084));
#4013 = CARTESIAN_POINT('',(0.607497818403,-0.587255581544));
#4014 = CARTESIAN_POINT('',(0.675830537841,-0.563928488245));
#4015 = CARTESIAN_POINT('',(0.742088577045,-0.538556326024));
#4016 = CARTESIAN_POINT('',(0.806294392403,-0.511311559004));
#4017 = CARTESIAN_POINT('',(0.868506238616,-0.482362894427));
#4018 = CARTESIAN_POINT('',(0.928810916079,-0.451873266705));
#4019 = CARTESIAN_POINT('',(0.987317128547,-0.419998515729));
#4020 = CARTESIAN_POINT('',(1.044149699408,-0.386886650879));
#4021 = CARTESIAN_POINT('',(1.099444746516,-0.35267758614));
#4022 = CARTESIAN_POINT('',(1.153345812109,-0.3175032435));
#4023 = CARTESIAN_POINT('',(1.206000873435,-0.28148791502));
#4024 = CARTESIAN_POINT('',(1.257560144619,-0.244748865464));
#4025 = CARTESIAN_POINT('',(1.308174492986,-0.207396892198));
#4026 = CARTESIAN_POINT('',(1.357994570778,-0.169537624377));
#4027 = CARTESIAN_POINT('',(1.390778016063,-0.144026165374));
#4028 = CARTESIAN_POINT('',(1.407087208681,-0.131219309276));
#4029 = ( GEOMETRIC_REPRESENTATION_CONTEXT(2) 
PARAMETRIC_REPRESENTATION_CONTEXT() REPRESENTATION_CONTEXT('2D SPACE',''
  ) );
#4030 = ORIENTED_EDGE('',*,*,#4031,.F.);
#4031 = EDGE_CURVE('',#4032,#3690,#4034,.T.);
#4032 = VERTEX_POINT('',#4033);
#4033 = CARTESIAN_POINT('',(-2.023371143929,0.45,-2.323371143929));
#4034 = SURFACE_CURVE('',#4035,(#4039,#4046),.PCURVE_S1.);
#4035 = LINE('',#4036,#4037);
#4036 = CARTESIAN_POINT('',(-2.023371143929,0.45,-2.323371143929));
#4037 = VECTOR('',#4038,1.);
#4038 = DIRECTION('',(0.,0.,1.));
#4039 = PCURVE('',#3902,#4040);
#4040 = DEFINITIONAL_REPRESENTATION('',(#4041),#4045);
#4041 = LINE('',#4042,#4043);
#4042 = CARTESIAN_POINT('',(0.,6.694628856071));
#4043 = VECTOR('',#4044,1.);
#4044 = DIRECTION('',(0.,1.));
#4045 = ( GEOMETRIC_REPRESENTATION_CONTEXT(2) 
PARAMETRIC_REPRESENTATION_CONTEXT() REPRESENTATION_CONTEXT('2D SPACE',''
  ) );
#4046 = PCURVE('',#3546,#4047);
#4047 = DEFINITIONAL_REPRESENTATION('',(#4048),#4052);
#4048 = LINE('',#4049,#4050);
#4049 = CARTESIAN_POINT('',(-2.023371143929,2.323371143929));
#4050 = VECTOR('',#4051,1.);
#4051 = DIRECTION('',(0.,-1.));
#4052 = ( GEOMETRIC_REPRESENTATION_CONTEXT(2) 
PARAMETRIC_REPRESENTATION_CONTEXT() REPRESENTATION_CONTEXT('2D SPACE',''
  ) );
#4053 = ORIENTED_EDGE('',*,*,#4054,.F.);
#4054 = EDGE_CURVE('',#3887,#4032,#4055,.T.);
#4055 = SURFACE_CURVE('',#4056,(#4061,#4068),.PCURVE_S1.);
#4056 = CIRCLE('',#4057,0.1);
#4057 = AXIS2_PLACEMENT_3D('',#4058,#4059,#4060);
#4058 = CARTESIAN_POINT('',(-2.023371143929,0.35,-2.323371143929));
#4059 = DIRECTION('',(0.,0.,-1.));
#4060 = DIRECTION('',(-0.978147600734,0.207911690818,0.));
#4061 = PCURVE('',#3902,#4062);
#4062 = DEFINITIONAL_REPRESENTATION('',(#4063),#4067);
#4063 = LINE('',#4064,#4065);
#4064 = CARTESIAN_POINT('',(1.361356816556,6.694628856071));
#4065 = VECTOR('',#4066,1.);
#4066 = DIRECTION('',(-1.,0.));
#4067 = ( GEOMETRIC_REPRESENTATION_CONTEXT(2) 
PARAMETRIC_REPRESENTATION_CONTEXT() REPRESENTATION_CONTEXT('2D SPACE',''
  ) );
#4068 = PCURVE('',#4069,#4074);
#4069 = SPHERICAL_SURFACE('',#4070,0.1);
#4070 = AXIS2_PLACEMENT_3D('',#4071,#4072,#4073);
#4071 = CARTESIAN_POINT('',(-2.023371143929,0.35,-2.323371143929));
#4072 = DIRECTION('',(0.707106781187,0.,-0.707106781187));
#4073 = DIRECTION('',(-0.677173462579,0.28787532572,-0.677173462579));
#4074 = DEFINITIONAL_REPRESENTATION('',(#4075),#4101);
#4075 = B_SPLINE_CURVE_WITH_KNOTS('',3,(#4076,#4077,#4078,#4079,#4080,
    #4081,#4082,#4083,#4084,#4085,#4086,#4087,#4088,#4089,#4090,#4091,
    #4092,#4093,#4094,#4095,#4096,#4097,#4098,#4099,#4100),
  .UNSPECIFIED.,.F.,.F.,(4,1,1,1,1,1,1,1,1,1,1,1,1,1,1,1,1,1,1,1,1,1,4),
  (0.,6.187985529798E-02,0.123759710596,0.185639565894,0.247519421192,
    0.30939927649,0.371279131788,0.433158987086,0.495038842384,
    0.556918697682,0.61879855298,0.680678408278,0.742558263576,
    0.804438118874,0.866317974172,0.92819782947,0.990077684768,
    1.051957540066,1.113837395364,1.175717250662,1.23759710596,
    1.299476961258,1.361356816556),.QUASI_UNIFORM_KNOTS.);
#4076 = CARTESIAN_POINT('',(0.,-0.763777790946));
#4077 = CARTESIAN_POINT('',(2.797113788964E-02,-0.759581142177));
#4078 = CARTESIAN_POINT('',(8.320320745565E-02,-0.750007976053));
#4079 = CARTESIAN_POINT('',(0.163633907094,-0.732327194624));
#4080 = CARTESIAN_POINT('',(0.241316525335,-0.711536628782));
#4081 = CARTESIAN_POINT('',(0.316074002647,-0.687873166237));
#4082 = CARTESIAN_POINT('',(0.387819193966,-0.661578144026));
#4083 = CARTESIAN_POINT('',(0.456554243229,-0.632892633929));
#4084 = CARTESIAN_POINT('',(0.522349833369,-0.602050643096));
#4085 = CARTESIAN_POINT('',(0.585329551786,-0.569275198873));
#4086 = CARTESIAN_POINT('',(0.645654594214,-0.53477574131));
#4087 = CARTESIAN_POINT('',(0.703511174992,-0.498746880862));
#4088 = CARTESIAN_POINT('',(0.75910040087,-0.461368112557));
#4089 = CARTESIAN_POINT('',(0.812630601655,-0.422804231677));
#4090 = CARTESIAN_POINT('',(0.864311787013,-0.383206212194));
#4091 = CARTESIAN_POINT('',(0.914351874006,-0.342712370645));
#4092 = CARTESIAN_POINT('',(0.962954321228,-0.301449684215));
#4093 = CARTESIAN_POINT('',(1.010316845295,-0.259535172379));
#4094 = CARTESIAN_POINT('',(1.056630948834,-0.2170772849));
#4095 = CARTESIAN_POINT('',(1.102082035502,-0.174177256082));
#4096 = CARTESIAN_POINT('',(1.146849965406,-0.130930428044));
#4097 = CARTESIAN_POINT('',(1.191109838157,-8.742746248138E-02));
#4098 = CARTESIAN_POINT('',(1.235033225033,-4.375572484336E-02));
#4099 = CARTESIAN_POINT('',(1.26420347429,-1.458510896245E-02));
#4100 = CARTESIAN_POINT('',(1.27878882311,0.));
#4101 = ( GEOMETRIC_REPRESENTATION_CONTEXT(2) 
PARAMETRIC_REPRESENTATION_CONTEXT() REPRESENTATION_CONTEXT('2D SPACE',''
  ) );
#4102 = ORIENTED_EDGE('',*,*,#3886,.T.);
#4103 = ADVANCED_FACE('',(#4104),#4069,.T.);
#4104 = FACE_BOUND('',#4105,.T.);
#4105 = EDGE_LOOP('',(#4106,#4107,#4151));
#4106 = ORIENTED_EDGE('',*,*,#4054,.T.);
#4107 = ORIENTED_EDGE('',*,*,#4108,.T.);
#4108 = EDGE_CURVE('',#4032,#3270,#4109,.T.);
#4109 = SURFACE_CURVE('',#4110,(#4115,#4144),.PCURVE_S1.);
#4110 = CIRCLE('',#4111,0.1);
#4111 = AXIS2_PLACEMENT_3D('',#4112,#4113,#4114);
#4112 = CARTESIAN_POINT('',(-2.023371143929,0.35,-2.323371143929));
#4113 = DIRECTION('',(-1.,0.,0.));
#4114 = DIRECTION('',(0.,1.,0.));
#4115 = PCURVE('',#4069,#4116);
#4116 = DEFINITIONAL_REPRESENTATION('',(#4117),#4143);
#4117 = B_SPLINE_CURVE_WITH_KNOTS('',3,(#4118,#4119,#4120,#4121,#4122,
    #4123,#4124,#4125,#4126,#4127,#4128,#4129,#4130,#4131,#4132,#4133,
    #4134,#4135,#4136,#4137,#4138,#4139,#4140,#4141,#4142),
  .UNSPECIFIED.,.F.,.F.,(4,1,1,1,1,1,1,1,1,1,1,1,1,1,1,1,1,1,1,1,1,1,4),
  (0.,6.187985529793E-02,0.123759710596,0.185639565894,0.247519421192,
    0.30939927649,0.371279131788,0.433158987086,0.495038842383,
    0.556918697681,0.618798552979,0.680678408277,0.742558263575,
    0.804438118873,0.866317974171,0.928197829469,0.990077684767,
    1.051957540065,1.113837395363,1.175717250661,1.237597105959,
    1.299476961257,1.361356816555),.QUASI_UNIFORM_KNOTS.);
#4118 = CARTESIAN_POINT('',(1.27878882311,0.));
#4119 = CARTESIAN_POINT('',(1.26420347429,1.458510896244E-02));
#4120 = CARTESIAN_POINT('',(1.235033225033,4.375572484333E-02));
#4121 = CARTESIAN_POINT('',(1.191109838157,8.742746248132E-02));
#4122 = CARTESIAN_POINT('',(1.146849965406,0.130930428044));
#4123 = CARTESIAN_POINT('',(1.102082035502,0.174177256081));
#4124 = CARTESIAN_POINT('',(1.056630948834,0.217077284899));
#4125 = CARTESIAN_POINT('',(1.010316845295,0.259535172379));
#4126 = CARTESIAN_POINT('',(0.962954321228,0.301449684215));
#4127 = CARTESIAN_POINT('',(0.914351874007,0.342712370645));
#4128 = CARTESIAN_POINT('',(0.864311787013,0.383206212194));
#4129 = CARTESIAN_POINT('',(0.812630601656,0.422804231676));
#4130 = CARTESIAN_POINT('',(0.759100400871,0.461368112557));
#4131 = CARTESIAN_POINT('',(0.703511174992,0.498746880862));
#4132 = CARTESIAN_POINT('',(0.645654594214,0.53477574131));
#4133 = CARTESIAN_POINT('',(0.585329551787,0.569275198873));
#4134 = CARTESIAN_POINT('',(0.522349833369,0.602050643095));
#4135 = CARTESIAN_POINT('',(0.456554243229,0.632892633929));
#4136 = CARTESIAN_POINT('',(0.387819193967,0.661578144025));
#4137 = CARTESIAN_POINT('',(0.316074002648,0.687873166237));
#4138 = CARTESIAN_POINT('',(0.241316525336,0.711536628782));
#4139 = CARTESIAN_POINT('',(0.163633907095,0.732327194624));
#4140 = CARTESIAN_POINT('',(8.320320745714E-02,0.750007976053));
#4141 = CARTESIAN_POINT('',(2.797113789042E-02,0.759581142176));
#4142 = CARTESIAN_POINT('',(0.,0.763777790946));
#4143 = ( GEOMETRIC_REPRESENTATION_CONTEXT(2) 
PARAMETRIC_REPRESENTATION_CONTEXT() REPRESENTATION_CONTEXT('2D SPACE',''
  ) );
#4144 = PCURVE('',#3285,#4145);
#4145 = DEFINITIONAL_REPRESENTATION('',(#4146),#4150);
#4146 = LINE('',#4147,#4148);
#4147 = CARTESIAN_POINT('',(0.,9.959211143929));
#4148 = VECTOR('',#4149,1.);
#4149 = DIRECTION('',(1.,0.));
#4150 = ( GEOMETRIC_REPRESENTATION_CONTEXT(2) 
PARAMETRIC_REPRESENTATION_CONTEXT() REPRESENTATION_CONTEXT('2D SPACE',''
  ) );
#4151 = ORIENTED_EDGE('',*,*,#4152,.T.);
#4152 = EDGE_CURVE('',#3270,#3887,#4153,.T.);
#4153 = SURFACE_CURVE('',#4154,(#4159,#4166),.PCURVE_S1.);
#4154 = CIRCLE('',#4155,0.1);
#4155 = AXIS2_PLACEMENT_3D('',#4156,#4157,#4158);
#4156 = CARTESIAN_POINT('',(-2.023371143929,0.35,-2.323371143929));
#4157 = DIRECTION('',(0.203558594953,0.957667894858,0.203558594953));
#4158 = DIRECTION('',(-5.107025913276E-15,0.207911690818,-0.978147600734
    ));
#4159 = PCURVE('',#4069,#4160);
#4160 = DEFINITIONAL_REPRESENTATION('',(#4161),#4165);
#4161 = LINE('',#4162,#4163);
#4162 = CARTESIAN_POINT('',(0.,0.763777790946));
#4163 = VECTOR('',#4164,1.);
#4164 = DIRECTION('',(0.,-1.));
#4165 = ( GEOMETRIC_REPRESENTATION_CONTEXT(2) 
PARAMETRIC_REPRESENTATION_CONTEXT() REPRESENTATION_CONTEXT('2D SPACE',''
  ) );
#4166 = PCURVE('',#3313,#4167);
#4167 = DEFINITIONAL_REPRESENTATION('',(#4168),#4172);
#4168 = LINE('',#4169,#4170);
#4169 = CARTESIAN_POINT('',(1.527555581893,1.465643786887));
#4170 = VECTOR('',#4171,1.);
#4171 = DIRECTION('',(-1.,0.));
#4172 = ( GEOMETRIC_REPRESENTATION_CONTEXT(2) 
PARAMETRIC_REPRESENTATION_CONTEXT() REPRESENTATION_CONTEXT('2D SPACE',''
  ) );
#4173 = ADVANCED_FACE('',(#4174),#3313,.T.);
#4174 = FACE_BOUND('',#4175,.T.);
#4175 = EDGE_LOOP('',(#4176,#4177,#4178,#4293));
#4176 = ORIENTED_EDGE('',*,*,#4152,.F.);
#4177 = ORIENTED_EDGE('',*,*,#3297,.T.);
#4178 = ORIENTED_EDGE('',*,*,#4179,.T.);
#4179 = EDGE_CURVE('',#3298,#3940,#4180,.T.);
#4180 = SURFACE_CURVE('',#4181,(#4191,#4242),.PCURVE_S1.);
#4181 = B_SPLINE_CURVE_WITH_KNOTS('',3,(#4182,#4183,#4184,#4185,#4186,
    #4187,#4188,#4189,#4190),.UNSPECIFIED.,.F.,.F.,(4,1,1,1,1,1,4),(0.,
    0.166666666667,0.333333333333,0.5,0.666666666667,0.833333333333,1.),
  .UNSPECIFIED.);
#4182 = CARTESIAN_POINT('',(-2.102161868812,1.099524505763E-04,
    -2.499976628885));
#4183 = CARTESIAN_POINT('',(-2.110623505267,9.70769170131E-04,
    -2.499793656643));
#4184 = CARTESIAN_POINT('',(-2.127513219859,2.464888799842E-03,
    -2.497273220002));
#4185 = CARTESIAN_POINT('',(-2.151197636601,3.876727975368E-03,
    -2.487166771938));
#4186 = CARTESIAN_POINT('',(-2.171474915043,4.353520780587E-03,
    -2.471474915043));
#4187 = CARTESIAN_POINT('',(-2.187166771938,3.87672797537E-03,
    -2.451197636601));
#4188 = CARTESIAN_POINT('',(-2.197273220002,2.46488879984E-03,
    -2.427513219859));
#4189 = CARTESIAN_POINT('',(-2.199793656643,9.707691701322E-04,
    -2.410623505267));
#4190 = CARTESIAN_POINT('',(-2.199976628885,1.099524505777E-04,
    -2.402161868812));
#4191 = PCURVE('',#3313,#4192);
#4192 = DEFINITIONAL_REPRESENTATION('',(#4193),#4241);
#4193 = B_SPLINE_CURVE_WITH_KNOTS('',3,(#4194,#4195,#4196,#4197,#4198,
    #4199,#4200,#4201,#4202,#4203,#4204,#4205,#4206,#4207,#4208,#4209,
    #4210,#4211,#4212,#4213,#4214,#4215,#4216,#4217,#4218,#4219,#4220,
    #4221,#4222,#4223,#4224,#4225,#4226,#4227,#4228,#4229,#4230,#4231,
    #4232,#4233,#4234,#4235,#4236,#4237,#4238,#4239,#4240),
  .UNSPECIFIED.,.F.,.F.,(4,1,1,1,1,1,1,1,1,1,1,1,1,1,1,1,1,1,1,1,1,1,1,1
    ,1,1,1,1,1,1,1,1,1,1,1,1,1,1,1,1,1,1,1,1,4),(0.,2.272727272727E-02,
    4.545454545455E-02,6.818181818182E-02,9.090909090909E-02,
    0.113636363636,0.136363636364,0.159090909091,0.181818181818,
    0.204545454545,0.227272727273,0.25,0.272727272727,0.295454545455,
    0.318181818182,0.340909090909,0.363636363636,0.386363636364,
    0.409090909091,0.431818181818,0.454545454545,0.477272727273,0.5,
    0.522727272727,0.545454545455,0.568181818182,0.590909090909,
    0.613636363636,0.636363636364,0.659090909091,0.681818181818,
    0.704545454545,0.727272727273,0.75,0.772727272727,0.795454545455,
    0.818181818182,0.840909090909,0.863636363636,0.886363636364,
    0.909090909091,0.931818181818,0.954545454545,0.977272727273,1.),
  .QUASI_UNIFORM_KNOTS.);
#4194 = CARTESIAN_POINT('',(1.527555581891,1.852710345787));
#4195 = CARTESIAN_POINT('',(1.516014306921,1.852827729885));
#4196 = CARTESIAN_POINT('',(1.492929263477,1.853058267453));
#4197 = CARTESIAN_POINT('',(1.458292155311,1.85339100968));
#4198 = CARTESIAN_POINT('',(1.42364340128,1.853710315561));
#4199 = CARTESIAN_POINT('',(1.388981039824,1.854015812802));
#4200 = CARTESIAN_POINT('',(1.354303010754,1.854307129382));
#4201 = CARTESIAN_POINT('',(1.319606887904,1.854583892268));
#4202 = CARTESIAN_POINT('',(1.284890147154,1.854845732197));
#4203 = CARTESIAN_POINT('',(1.250148330538,1.855092265837));
#4204 = CARTESIAN_POINT('',(1.215383930432,1.855323193236));
#4205 = CARTESIAN_POINT('',(1.180603773008,1.855538253895));
#4206 = CARTESIAN_POINT('',(1.145814387027,1.85573717768));
#4207 = CARTESIAN_POINT('',(1.111022780796,1.855919697399));
#4208 = CARTESIAN_POINT('',(1.076235948865,1.856085543727));
#4209 = CARTESIAN_POINT('',(1.041460375023,1.856234452935));
#4210 = CARTESIAN_POINT('',(1.006702820693,1.856366141034));
#4211 = CARTESIAN_POINT('',(0.971965649041,1.856480407671));
#4212 = CARTESIAN_POINT('',(0.937244150724,1.856577229378));
#4213 = CARTESIAN_POINT('',(0.902535516063,1.856656552836));
#4214 = CARTESIAN_POINT('',(0.86783698438,1.856718332727));
#4215 = CARTESIAN_POINT('',(0.833146127767,1.856762521587));
#4216 = CARTESIAN_POINT('',(0.798460554516,1.856789072528));
#4217 = CARTESIAN_POINT('',(0.763777790946,1.856797938508));
#4218 = CARTESIAN_POINT('',(0.729095027376,1.856789072528));
#4219 = CARTESIAN_POINT('',(0.694409454125,1.856762521587));
#4220 = CARTESIAN_POINT('',(0.659718597512,1.856718332727));
#4221 = CARTESIAN_POINT('',(0.625020065829,1.856656552836));
#4222 = CARTESIAN_POINT('',(0.590311431168,1.856577229378));
#4223 = CARTESIAN_POINT('',(0.555589932851,1.856480407671));
#4224 = CARTESIAN_POINT('',(0.5208527612,1.856366141034));
#4225 = CARTESIAN_POINT('',(0.486095206869,1.856234452935));
#4226 = CARTESIAN_POINT('',(0.451319633027,1.856085543727));
#4227 = CARTESIAN_POINT('',(0.416532801096,1.855919697399));
#4228 = CARTESIAN_POINT('',(0.381741194865,1.85573717768));
#4229 = CARTESIAN_POINT('',(0.346951808885,1.855538253895));
#4230 = CARTESIAN_POINT('',(0.31217165146,1.855323193236));
#4231 = CARTESIAN_POINT('',(0.277407251354,1.855092265837));
#4232 = CARTESIAN_POINT('',(0.242665434739,1.854845732197));
#4233 = CARTESIAN_POINT('',(0.207948693988,1.854583892268));
#4234 = CARTESIAN_POINT('',(0.173252571139,1.854307129382));
#4235 = CARTESIAN_POINT('',(0.138574542068,1.854015812802));
#4236 = CARTESIAN_POINT('',(0.103912180612,1.853710315561));
#4237 = CARTESIAN_POINT('',(6.926342658099E-02,1.85339100968));
#4238 = CARTESIAN_POINT('',(3.462631841504E-02,1.853058267453));
#4239 = CARTESIAN_POINT('',(1.154127497087E-02,1.852827729885));
#4240 = CARTESIAN_POINT('',(0.,1.852710345787));
#4241 = ( GEOMETRIC_REPRESENTATION_CONTEXT(2) 
PARAMETRIC_REPRESENTATION_CONTEXT() REPRESENTATION_CONTEXT('2D SPACE',''
  ) );
#4242 = PCURVE('',#1124,#4243);
#4243 = DEFINITIONAL_REPRESENTATION('',(#4244),#4292);
#4244 = B_SPLINE_CURVE_WITH_KNOTS('',3,(#4245,#4246,#4247,#4248,#4249,
    #4250,#4251,#4252,#4253,#4254,#4255,#4256,#4257,#4258,#4259,#4260,
    #4261,#4262,#4263,#4264,#4265,#4266,#4267,#4268,#4269,#4270,#4271,
    #4272,#4273,#4274,#4275,#4276,#4277,#4278,#4279,#4280,#4281,#4282,
    #4283,#4284,#4285,#4286,#4287,#4288,#4289,#4290,#4291),
  .UNSPECIFIED.,.F.,.F.,(4,1,1,1,1,1,1,1,1,1,1,1,1,1,1,1,1,1,1,1,1,1,1,1
    ,1,1,1,1,1,1,1,1,1,1,1,1,1,1,1,1,1,1,1,1,4),(0.,2.272727272727E-02,
    4.545454545455E-02,6.818181818182E-02,9.090909090909E-02,
    0.113636363636,0.136363636364,0.159090909091,0.181818181818,
    0.204545454545,0.227272727273,0.25,0.272727272727,0.295454545455,
    0.318181818182,0.340909090909,0.363636363636,0.386363636364,
    0.409090909091,0.431818181818,0.454545454545,0.477272727273,0.5,
    0.522727272727,0.545454545455,0.568181818182,0.590909090909,
    0.613636363636,0.636363636364,0.659090909091,0.681818181818,
    0.704545454545,0.727272727273,0.75,0.772727272727,0.795454545455,
    0.818181818182,0.840909090909,0.863636363636,0.886363636364,
    0.909090909091,0.931818181818,0.954545454545,0.977272727273,1.),
  .QUASI_UNIFORM_KNOTS.);
#4245 = CARTESIAN_POINT('',(1.549175954341,1.753490047549));
#4246 = CARTESIAN_POINT('',(1.537634679371,1.753372663451));
#4247 = CARTESIAN_POINT('',(1.514549635928,1.753142125883));
#4248 = CARTESIAN_POINT('',(1.479912527762,1.752809383656));
#4249 = CARTESIAN_POINT('',(1.445263773731,1.752490077776));
#4250 = CARTESIAN_POINT('',(1.410601412275,1.752184580534));
#4251 = CARTESIAN_POINT('',(1.375923383204,1.751893263954));
#4252 = CARTESIAN_POINT('',(1.341227260355,1.751616501068));
#4253 = CARTESIAN_POINT('',(1.306510519604,1.751354661139));
#4254 = CARTESIAN_POINT('',(1.271768702989,1.7511081275));
#4255 = CARTESIAN_POINT('',(1.237004302883,1.7508772001));
#4256 = CARTESIAN_POINT('',(1.202224145459,1.750662139441));
#4257 = CARTESIAN_POINT('',(1.167434759478,1.750463215656));
#4258 = CARTESIAN_POINT('',(1.132643153247,1.750280695937));
#4259 = CARTESIAN_POINT('',(1.097856321316,1.750114849609));
#4260 = CARTESIAN_POINT('',(1.063080747474,1.749965940401));
#4261 = CARTESIAN_POINT('',(1.028323193144,1.749834252303));
#4262 = CARTESIAN_POINT('',(0.993586021493,1.749719985665));
#4263 = CARTESIAN_POINT('',(0.958864523175,1.749623163959));
#4264 = CARTESIAN_POINT('',(0.924155888514,1.7495438405));
#4265 = CARTESIAN_POINT('',(0.889457356831,1.74948206061));
#4266 = CARTESIAN_POINT('',(0.854766500218,1.749437871749));
#4267 = CARTESIAN_POINT('',(0.820080926967,1.749411320808));
#4268 = CARTESIAN_POINT('',(0.785398163397,1.749402454828));
#4269 = CARTESIAN_POINT('',(0.750715399828,1.749411320808));
#4270 = CARTESIAN_POINT('',(0.716029826577,1.749437871749));
#4271 = CARTESIAN_POINT('',(0.681338969964,1.74948206061));
#4272 = CARTESIAN_POINT('',(0.646640438281,1.7495438405));
#4273 = CARTESIAN_POINT('',(0.61193180362,1.749623163959));
#4274 = CARTESIAN_POINT('',(0.577210305302,1.749719985665));
#4275 = CARTESIAN_POINT('',(0.542473133651,1.749834252303));
#4276 = CARTESIAN_POINT('',(0.507715579321,1.749965940401));
#4277 = CARTESIAN_POINT('',(0.472940005479,1.750114849609));
#4278 = CARTESIAN_POINT('',(0.438153173548,1.750280695937));
#4279 = CARTESIAN_POINT('',(0.403361567317,1.750463215656));
#4280 = CARTESIAN_POINT('',(0.368572181336,1.750662139441));
#4281 = CARTESIAN_POINT('',(0.333792023912,1.7508772001));
#4282 = CARTESIAN_POINT('',(0.299027623806,1.7511081275));
#4283 = CARTESIAN_POINT('',(0.264285807191,1.751354661139));
#4284 = CARTESIAN_POINT('',(0.22956906644,1.751616501068));
#4285 = CARTESIAN_POINT('',(0.194872943591,1.751893263954));
#4286 = CARTESIAN_POINT('',(0.16019491452,1.752184580534));
#4287 = CARTESIAN_POINT('',(0.125532553064,1.752490077776));
#4288 = CARTESIAN_POINT('',(9.088379903321E-02,1.752809383656));
#4289 = CARTESIAN_POINT('',(5.624669086694E-02,1.753142125883));
#4290 = CARTESIAN_POINT('',(3.316164742361E-02,1.753372663451));
#4291 = CARTESIAN_POINT('',(2.162037245364E-02,1.753490047549));
#4292 = ( GEOMETRIC_REPRESENTATION_CONTEXT(2) 
PARAMETRIC_REPRESENTATION_CONTEXT() REPRESENTATION_CONTEXT('2D SPACE',''
  ) );
#4293 = ORIENTED_EDGE('',*,*,#3963,.F.);
#4294 = ADVANCED_FACE('',(#4295),#1124,.T.);
#4295 = FACE_BOUND('',#4296,.T.);
#4296 = EDGE_LOOP('',(#4297,#4298,#4299,#4300,#4301,#4302,#4303,#4304));
#4297 = ORIENTED_EDGE('',*,*,#3939,.F.);
#4298 = ORIENTED_EDGE('',*,*,#4179,.F.);
#4299 = ORIENTED_EDGE('',*,*,#3325,.F.);
#4300 = ORIENTED_EDGE('',*,*,#3220,.T.);
#4301 = ORIENTED_EDGE('',*,*,#1501,.F.);
#4302 = ORIENTED_EDGE('',*,*,#1268,.F.);
#4303 = ORIENTED_EDGE('',*,*,#1106,.F.);
#4304 = ORIENTED_EDGE('',*,*,#4305,.F.);
#4305 = EDGE_CURVE('',#3917,#1107,#4306,.T.);
#4306 = SURFACE_CURVE('',#4307,(#4311,#4318),.PCURVE_S1.);
#4307 = LINE('',#4308,#4309);
#4308 = CARTESIAN_POINT('',(-2.2,0.,-2.4));
#4309 = VECTOR('',#4310,1.);
#4310 = DIRECTION('',(0.,-1.,0.));
#4311 = PCURVE('',#1124,#4312);
#4312 = DEFINITIONAL_REPRESENTATION('',(#4313),#4317);
#4313 = LINE('',#4314,#4315);
#4314 = CARTESIAN_POINT('',(0.,1.7536));
#4315 = VECTOR('',#4316,1.);
#4316 = DIRECTION('',(0.,1.));
#4317 = ( GEOMETRIC_REPRESENTATION_CONTEXT(2) 
PARAMETRIC_REPRESENTATION_CONTEXT() REPRESENTATION_CONTEXT('2D SPACE',''
  ) );
#4318 = PCURVE('',#1151,#4319);
#4319 = DEFINITIONAL_REPRESENTATION('',(#4320),#4324);
#4320 = LINE('',#4321,#4322);
#4321 = CARTESIAN_POINT('',(0.1,0.55));
#4322 = VECTOR('',#4323,1.);
#4323 = DIRECTION('',(0.,-1.));
#4324 = ( GEOMETRIC_REPRESENTATION_CONTEXT(2) 
PARAMETRIC_REPRESENTATION_CONTEXT() REPRESENTATION_CONTEXT('2D SPACE',''
  ) );
#4325 = ADVANCED_FACE('',(#4326),#1151,.T.);
#4326 = FACE_BOUND('',#4327,.F.);
#4327 = EDGE_LOOP('',(#4328,#4329,#4330,#4331));
#4328 = ORIENTED_EDGE('',*,*,#4305,.F.);
#4329 = ORIENTED_EDGE('',*,*,#3916,.T.);
#4330 = ORIENTED_EDGE('',*,*,#2457,.T.);
#4331 = ORIENTED_EDGE('',*,*,#1135,.F.);
#4332 = ADVANCED_FACE('',(#4333),#3285,.T.);
#4333 = FACE_BOUND('',#4334,.T.);
#4334 = EDGE_LOOP('',(#4335,#4357,#4358,#4359));
#4335 = ORIENTED_EDGE('',*,*,#4336,.F.);
#4336 = EDGE_CURVE('',#3247,#3485,#4337,.T.);
#4337 = SURFACE_CURVE('',#4338,(#4343,#4350),.PCURVE_S1.);
#4338 = CIRCLE('',#4339,0.1);
#4339 = AXIS2_PLACEMENT_3D('',#4340,#4341,#4342);
#4340 = CARTESIAN_POINT('',(2.023371143929,0.35,-2.323371143929));
#4341 = DIRECTION('',(1.,0.,0.));
#4342 = DIRECTION('',(0.,0.207911690818,-0.978147600734));
#4343 = PCURVE('',#3285,#4344);
#4344 = DEFINITIONAL_REPRESENTATION('',(#4345),#4349);
#4345 = LINE('',#4346,#4347);
#4346 = CARTESIAN_POINT('',(1.361356816556,5.912468856071));
#4347 = VECTOR('',#4348,1.);
#4348 = DIRECTION('',(-1.,0.));
#4349 = ( GEOMETRIC_REPRESENTATION_CONTEXT(2) 
PARAMETRIC_REPRESENTATION_CONTEXT() REPRESENTATION_CONTEXT('2D SPACE',''
  ) );
#4350 = PCURVE('',#3368,#4351);
#4351 = DEFINITIONAL_REPRESENTATION('',(#4352),#4356);
#4352 = LINE('',#4353,#4354);
#4353 = CARTESIAN_POINT('',(0.,0.680678408278));
#4354 = VECTOR('',#4355,1.);
#4355 = DIRECTION('',(0.,-1.));
#4356 = ( GEOMETRIC_REPRESENTATION_CONTEXT(2) 
PARAMETRIC_REPRESENTATION_CONTEXT() REPRESENTATION_CONTEXT('2D SPACE',''
  ) );
#4357 = ORIENTED_EDGE('',*,*,#3269,.T.);
#4358 = ORIENTED_EDGE('',*,*,#4108,.F.);
#4359 = ORIENTED_EDGE('',*,*,#4360,.F.);
#4360 = EDGE_CURVE('',#3485,#4032,#4361,.T.);
#4361 = SURFACE_CURVE('',#4362,(#4366,#4373),.PCURVE_S1.);
#4362 = LINE('',#4363,#4364);
#4363 = CARTESIAN_POINT('',(2.023371143929,0.45,-2.323371143929));
#4364 = VECTOR('',#4365,1.);
#4365 = DIRECTION('',(-1.,0.,0.));
#4366 = PCURVE('',#3285,#4367);
#4367 = DEFINITIONAL_REPRESENTATION('',(#4368),#4372);
#4368 = LINE('',#4369,#4370);
#4369 = CARTESIAN_POINT('',(0.,5.912468856071));
#4370 = VECTOR('',#4371,1.);
#4371 = DIRECTION('',(0.,1.));
#4372 = ( GEOMETRIC_REPRESENTATION_CONTEXT(2) 
PARAMETRIC_REPRESENTATION_CONTEXT() REPRESENTATION_CONTEXT('2D SPACE',''
  ) );
#4373 = PCURVE('',#3546,#4374);
#4374 = DEFINITIONAL_REPRESENTATION('',(#4375),#4379);
#4375 = LINE('',#4376,#4377);
#4376 = CARTESIAN_POINT('',(2.023371143929,2.323371143929));
#4377 = VECTOR('',#4378,1.);
#4378 = DIRECTION('',(-1.,0.));
#4379 = ( GEOMETRIC_REPRESENTATION_CONTEXT(2) 
PARAMETRIC_REPRESENTATION_CONTEXT() REPRESENTATION_CONTEXT('2D SPACE',''
  ) );
#4380 = ADVANCED_FACE('',(#4381,#4387),#3546,.T.);
#4381 = FACE_BOUND('',#4382,.F.);
#4382 = EDGE_LOOP('',(#4383,#4384,#4385,#4386));
#4383 = ORIENTED_EDGE('',*,*,#4031,.F.);
#4384 = ORIENTED_EDGE('',*,*,#4360,.F.);
#4385 = ORIENTED_EDGE('',*,*,#3530,.F.);
#4386 = ORIENTED_EDGE('',*,*,#3689,.F.);
#4387 = FACE_BOUND('',#4388,.F.);
#4388 = EDGE_LOOP('',(#4389,#4424));
#4389 = ORIENTED_EDGE('',*,*,#4390,.F.);
#4390 = EDGE_CURVE('',#4391,#4393,#4395,.T.);
#4391 = VERTEX_POINT('',#4392);
#4392 = CARTESIAN_POINT('',(-1.,0.45,-1.7));
#4393 = VERTEX_POINT('',#4394);
#4394 = CARTESIAN_POINT('',(-1.8,0.45,-1.7));
#4395 = SURFACE_CURVE('',#4396,(#4401,#4412),.PCURVE_S1.);
#4396 = CIRCLE('',#4397,0.4);
#4397 = AXIS2_PLACEMENT_3D('',#4398,#4399,#4400);
#4398 = CARTESIAN_POINT('',(-1.4,0.45,-1.7));
#4399 = DIRECTION('',(0.,-1.,0.));
#4400 = DIRECTION('',(1.,0.,0.));
#4401 = PCURVE('',#3546,#4402);
#4402 = DEFINITIONAL_REPRESENTATION('',(#4403),#4411);
#4403 = ( BOUNDED_CURVE() B_SPLINE_CURVE(2,(#4404,#4405,#4406,#4407,
#4408,#4409,#4410),.UNSPECIFIED.,.T.,.F.) B_SPLINE_CURVE_WITH_KNOTS((1,2
    ,2,2,2,1),(-2.094395102393,0.,2.094395102393,4.188790204786,
6.28318530718,8.377580409573),.UNSPECIFIED.) CURVE() 
GEOMETRIC_REPRESENTATION_ITEM() RATIONAL_B_SPLINE_CURVE((1.,0.5,1.,0.5,
1.,0.5,1.)) REPRESENTATION_ITEM('') );
#4404 = CARTESIAN_POINT('',(-1.,1.7));
#4405 = CARTESIAN_POINT('',(-1.,1.007179676972));
#4406 = CARTESIAN_POINT('',(-1.6,1.353589838486));
#4407 = CARTESIAN_POINT('',(-2.2,1.7));
#4408 = CARTESIAN_POINT('',(-1.6,2.046410161514));
#4409 = CARTESIAN_POINT('',(-1.,2.392820323028));
#4410 = CARTESIAN_POINT('',(-1.,1.7));
#4411 = ( GEOMETRIC_REPRESENTATION_CONTEXT(2) 
PARAMETRIC_REPRESENTATION_CONTEXT() REPRESENTATION_CONTEXT('2D SPACE',''
  ) );
#4412 = PCURVE('',#4413,#4418);
#4413 = CYLINDRICAL_SURFACE('',#4414,0.4);
#4414 = AXIS2_PLACEMENT_3D('',#4415,#4416,#4417);
#4415 = CARTESIAN_POINT('',(-1.4,0.45,-1.7));
#4416 = DIRECTION('',(0.,-1.,0.));
#4417 = DIRECTION('',(1.,0.,0.));
#4418 = DEFINITIONAL_REPRESENTATION('',(#4419),#4423);
#4419 = LINE('',#4420,#4421);
#4420 = CARTESIAN_POINT('',(0.,0.));
#4421 = VECTOR('',#4422,1.);
#4422 = DIRECTION('',(1.,0.));
#4423 = ( GEOMETRIC_REPRESENTATION_CONTEXT(2) 
PARAMETRIC_REPRESENTATION_CONTEXT() REPRESENTATION_CONTEXT('2D SPACE',''
  ) );
#4424 = ORIENTED_EDGE('',*,*,#4425,.F.);
#4425 = EDGE_CURVE('',#4393,#4391,#4426,.T.);
#4426 = SURFACE_CURVE('',#4427,(#4432,#4443),.PCURVE_S1.);
#4427 = CIRCLE('',#4428,0.4);
#4428 = AXIS2_PLACEMENT_3D('',#4429,#4430,#4431);
#4429 = CARTESIAN_POINT('',(-1.4,0.45,-1.7));
#4430 = DIRECTION('',(0.,-1.,0.));
#4431 = DIRECTION('',(-1.,0.,0.));
#4432 = PCURVE('',#3546,#4433);
#4433 = DEFINITIONAL_REPRESENTATION('',(#4434),#4442);
#4434 = ( BOUNDED_CURVE() B_SPLINE_CURVE(2,(#4435,#4436,#4437,#4438,
#4439,#4440,#4441),.UNSPECIFIED.,.T.,.F.) B_SPLINE_CURVE_WITH_KNOTS((1,2
    ,2,2,2,1),(-2.094395102393,0.,2.094395102393,4.188790204786,
6.28318530718,8.377580409573),.UNSPECIFIED.) CURVE() 
GEOMETRIC_REPRESENTATION_ITEM() RATIONAL_B_SPLINE_CURVE((1.,0.5,1.,0.5,
1.,0.5,1.)) REPRESENTATION_ITEM('') );
#4435 = CARTESIAN_POINT('',(-1.8,1.7));
#4436 = CARTESIAN_POINT('',(-1.8,2.392820323028));
#4437 = CARTESIAN_POINT('',(-1.2,2.046410161514));
#4438 = CARTESIAN_POINT('',(-0.6,1.7));
#4439 = CARTESIAN_POINT('',(-1.2,1.353589838486));
#4440 = CARTESIAN_POINT('',(-1.8,1.007179676972));
#4441 = CARTESIAN_POINT('',(-1.8,1.7));
#4442 = ( GEOMETRIC_REPRESENTATION_CONTEXT(2) 
PARAMETRIC_REPRESENTATION_CONTEXT() REPRESENTATION_CONTEXT('2D SPACE',''
  ) );
#4443 = PCURVE('',#4444,#4449);
#4444 = CYLINDRICAL_SURFACE('',#4445,0.4);
#4445 = AXIS2_PLACEMENT_3D('',#4446,#4447,#4448);
#4446 = CARTESIAN_POINT('',(-1.4,0.45,-1.7));
#4447 = DIRECTION('',(0.,-1.,0.));
#4448 = DIRECTION('',(1.,0.,0.));
#4449 = DEFINITIONAL_REPRESENTATION('',(#4450),#4454);
#4450 = LINE('',#4451,#4452);
#4451 = CARTESIAN_POINT('',(3.14159265359,0.));
#4452 = VECTOR('',#4453,1.);
#4453 = DIRECTION('',(1.,0.));
#4454 = ( GEOMETRIC_REPRESENTATION_CONTEXT(2) 
PARAMETRIC_REPRESENTATION_CONTEXT() REPRESENTATION_CONTEXT('2D SPACE',''
  ) );
#4455 = ADVANCED_FACE('',(#4456),#4413,.F.);
#4456 = FACE_BOUND('',#4457,.F.);
#4457 = EDGE_LOOP('',(#4458,#4459,#4482,#4511));
#4458 = ORIENTED_EDGE('',*,*,#4390,.T.);
#4459 = ORIENTED_EDGE('',*,*,#4460,.T.);
#4460 = EDGE_CURVE('',#4393,#4461,#4463,.T.);
#4461 = VERTEX_POINT('',#4462);
#4462 = CARTESIAN_POINT('',(-1.8,0.4,-1.7));
#4463 = SURFACE_CURVE('',#4464,(#4468,#4475),.PCURVE_S1.);
#4464 = LINE('',#4465,#4466);
#4465 = CARTESIAN_POINT('',(-1.8,0.45,-1.7));
#4466 = VECTOR('',#4467,1.);
#4467 = DIRECTION('',(0.,-1.,0.));
#4468 = PCURVE('',#4413,#4469);
#4469 = DEFINITIONAL_REPRESENTATION('',(#4470),#4474);
#4470 = LINE('',#4471,#4472);
#4471 = CARTESIAN_POINT('',(3.14159265359,0.));
#4472 = VECTOR('',#4473,1.);
#4473 = DIRECTION('',(0.,1.));
#4474 = ( GEOMETRIC_REPRESENTATION_CONTEXT(2) 
PARAMETRIC_REPRESENTATION_CONTEXT() REPRESENTATION_CONTEXT('2D SPACE',''
  ) );
#4475 = PCURVE('',#4444,#4476);
#4476 = DEFINITIONAL_REPRESENTATION('',(#4477),#4481);
#4477 = LINE('',#4478,#4479);
#4478 = CARTESIAN_POINT('',(3.14159265359,0.));
#4479 = VECTOR('',#4480,1.);
#4480 = DIRECTION('',(0.,1.));
#4481 = ( GEOMETRIC_REPRESENTATION_CONTEXT(2) 
PARAMETRIC_REPRESENTATION_CONTEXT() REPRESENTATION_CONTEXT('2D SPACE',''
  ) );
#4482 = ORIENTED_EDGE('',*,*,#4483,.F.);
#4483 = EDGE_CURVE('',#4484,#4461,#4486,.T.);
#4484 = VERTEX_POINT('',#4485);
#4485 = CARTESIAN_POINT('',(-1.,0.4,-1.7));
#4486 = SURFACE_CURVE('',#4487,(#4492,#4499),.PCURVE_S1.);
#4487 = CIRCLE('',#4488,0.4);
#4488 = AXIS2_PLACEMENT_3D('',#4489,#4490,#4491);
#4489 = CARTESIAN_POINT('',(-1.4,0.4,-1.7));
#4490 = DIRECTION('',(0.,-1.,0.));
#4491 = DIRECTION('',(1.,0.,0.));
#4492 = PCURVE('',#4413,#4493);
#4493 = DEFINITIONAL_REPRESENTATION('',(#4494),#4498);
#4494 = LINE('',#4495,#4496);
#4495 = CARTESIAN_POINT('',(0.,5.E-02));
#4496 = VECTOR('',#4497,1.);
#4497 = DIRECTION('',(1.,0.));
#4498 = ( GEOMETRIC_REPRESENTATION_CONTEXT(2) 
PARAMETRIC_REPRESENTATION_CONTEXT() REPRESENTATION_CONTEXT('2D SPACE',''
  ) );
#4499 = PCURVE('',#4500,#4505);
#4500 = PLANE('',#4501);
#4501 = AXIS2_PLACEMENT_3D('',#4502,#4503,#4504);
#4502 = CARTESIAN_POINT('',(-1.4,0.4,-1.7));
#4503 = DIRECTION('',(0.,-1.,0.));
#4504 = DIRECTION('',(1.,0.,0.));
#4505 = DEFINITIONAL_REPRESENTATION('',(#4506),#4510);
#4506 = CIRCLE('',#4507,0.4);
#4507 = AXIS2_PLACEMENT_2D('',#4508,#4509);
#4508 = CARTESIAN_POINT('',(0.,0.));
#4509 = DIRECTION('',(1.,0.));
#4510 = ( GEOMETRIC_REPRESENTATION_CONTEXT(2) 
PARAMETRIC_REPRESENTATION_CONTEXT() REPRESENTATION_CONTEXT('2D SPACE',''
  ) );
#4511 = ORIENTED_EDGE('',*,*,#4512,.F.);
#4512 = EDGE_CURVE('',#4391,#4484,#4513,.T.);
#4513 = SURFACE_CURVE('',#4514,(#4518,#4525),.PCURVE_S1.);
#4514 = LINE('',#4515,#4516);
#4515 = CARTESIAN_POINT('',(-1.,0.45,-1.7));
#4516 = VECTOR('',#4517,1.);
#4517 = DIRECTION('',(0.,-1.,0.));
#4518 = PCURVE('',#4413,#4519);
#4519 = DEFINITIONAL_REPRESENTATION('',(#4520),#4524);
#4520 = LINE('',#4521,#4522);
#4521 = CARTESIAN_POINT('',(0.,0.));
#4522 = VECTOR('',#4523,1.);
#4523 = DIRECTION('',(0.,1.));
#4524 = ( GEOMETRIC_REPRESENTATION_CONTEXT(2) 
PARAMETRIC_REPRESENTATION_CONTEXT() REPRESENTATION_CONTEXT('2D SPACE',''
  ) );
#4525 = PCURVE('',#4444,#4526);
#4526 = DEFINITIONAL_REPRESENTATION('',(#4527),#4531);
#4527 = LINE('',#4528,#4529);
#4528 = CARTESIAN_POINT('',(6.28318530718,0.));
#4529 = VECTOR('',#4530,1.);
#4530 = DIRECTION('',(0.,1.));
#4531 = ( GEOMETRIC_REPRESENTATION_CONTEXT(2) 
PARAMETRIC_REPRESENTATION_CONTEXT() REPRESENTATION_CONTEXT('2D SPACE',''
  ) );
#4532 = ADVANCED_FACE('',(#4533),#4444,.F.);
#4533 = FACE_BOUND('',#4534,.F.);
#4534 = EDGE_LOOP('',(#4535,#4536,#4537,#4559));
#4535 = ORIENTED_EDGE('',*,*,#4425,.T.);
#4536 = ORIENTED_EDGE('',*,*,#4512,.T.);
#4537 = ORIENTED_EDGE('',*,*,#4538,.F.);
#4538 = EDGE_CURVE('',#4461,#4484,#4539,.T.);
#4539 = SURFACE_CURVE('',#4540,(#4545,#4552),.PCURVE_S1.);
#4540 = CIRCLE('',#4541,0.4);
#4541 = AXIS2_PLACEMENT_3D('',#4542,#4543,#4544);
#4542 = CARTESIAN_POINT('',(-1.4,0.4,-1.7));
#4543 = DIRECTION('',(0.,-1.,0.));
#4544 = DIRECTION('',(-1.,0.,0.));
#4545 = PCURVE('',#4444,#4546);
#4546 = DEFINITIONAL_REPRESENTATION('',(#4547),#4551);
#4547 = LINE('',#4548,#4549);
#4548 = CARTESIAN_POINT('',(3.14159265359,5.E-02));
#4549 = VECTOR('',#4550,1.);
#4550 = DIRECTION('',(1.,0.));
#4551 = ( GEOMETRIC_REPRESENTATION_CONTEXT(2) 
PARAMETRIC_REPRESENTATION_CONTEXT() REPRESENTATION_CONTEXT('2D SPACE',''
  ) );
#4552 = PCURVE('',#4500,#4553);
#4553 = DEFINITIONAL_REPRESENTATION('',(#4554),#4558);
#4554 = CIRCLE('',#4555,0.4);
#4555 = AXIS2_PLACEMENT_2D('',#4556,#4557);
#4556 = CARTESIAN_POINT('',(0.,0.));
#4557 = DIRECTION('',(-1.,0.));
#4558 = ( GEOMETRIC_REPRESENTATION_CONTEXT(2) 
PARAMETRIC_REPRESENTATION_CONTEXT() REPRESENTATION_CONTEXT('2D SPACE',''
  ) );
#4559 = ORIENTED_EDGE('',*,*,#4460,.F.);
#4560 = ADVANCED_FACE('',(#4561),#4500,.F.);
#4561 = FACE_BOUND('',#4562,.F.);
#4562 = EDGE_LOOP('',(#4563,#4564));
#4563 = ORIENTED_EDGE('',*,*,#4483,.T.);
#4564 = ORIENTED_EDGE('',*,*,#4538,.T.);
#4565 = ADVANCED_FACE('',(#4566),#3368,.T.);
#4566 = FACE_BOUND('',#4567,.T.);
#4567 = EDGE_LOOP('',(#4568,#4569,#4570));
#4568 = ORIENTED_EDGE('',*,*,#3484,.T.);
#4569 = ORIENTED_EDGE('',*,*,#3351,.T.);
#4570 = ORIENTED_EDGE('',*,*,#4336,.T.);
#4571 = ADVANCED_FACE('',(#4572),#3729,.T.);
#4572 = FACE_BOUND('',#4573,.T.);
#4573 = EDGE_LOOP('',(#4574,#4575,#4576));
#4574 = ORIENTED_EDGE('',*,*,#3712,.T.);
#4575 = ORIENTED_EDGE('',*,*,#3987,.T.);
#4576 = ORIENTED_EDGE('',*,*,#3814,.T.);
#4577 = ADVANCED_FACE('',(#4578),#2701,.T.);
#4578 = FACE_BOUND('',#4579,.T.);
#4579 = EDGE_LOOP('',(#4580,#4581,#4582,#4583));
#4580 = ORIENTED_EDGE('',*,*,#3589,.F.);
#4581 = ORIENTED_EDGE('',*,*,#3790,.T.);
#4582 = ORIENTED_EDGE('',*,*,#2635,.T.);
#4583 = ORIENTED_EDGE('',*,*,#3460,.F.);
#4584 = ADVANCED_FACE('',(#4585),#1764,.T.);
#4585 = FACE_BOUND('',#4586,.T.);
#4586 = EDGE_LOOP('',(#4587,#4588,#4589,#4590));
#4587 = ORIENTED_EDGE('',*,*,#1957,.F.);
#4588 = ORIENTED_EDGE('',*,*,#1748,.F.);
#4589 = ORIENTED_EDGE('',*,*,#2804,.T.);
#4590 = ORIENTED_EDGE('',*,*,#4591,.T.);
#4591 = EDGE_CURVE('',#2781,#1958,#4592,.T.);
#4592 = SURFACE_CURVE('',#4593,(#4597,#4604),.PCURVE_S1.);
#4593 = LINE('',#4594,#4595);
#4594 = CARTESIAN_POINT('',(2.102161868812,-0.150109952451,
    2.499976628885));
#4595 = VECTOR('',#4596,1.);
#4596 = DIRECTION('',(-0.203558594953,-0.957667894858,-0.203558594953));
#4597 = PCURVE('',#1764,#4598);
#4598 = DEFINITIONAL_REPRESENTATION('',(#4599),#4603);
#4599 = LINE('',#4600,#4601);
#4600 = CARTESIAN_POINT('',(1.527555581894,1.966150054188));
#4601 = VECTOR('',#4602,1.);
#4602 = DIRECTION('',(-1.326207949421E-14,1.));
#4603 = ( GEOMETRIC_REPRESENTATION_CONTEXT(2) 
PARAMETRIC_REPRESENTATION_CONTEXT() REPRESENTATION_CONTEXT('2D SPACE',''
  ) );
#4604 = PCURVE('',#2045,#4605);
#4605 = DEFINITIONAL_REPRESENTATION('',(#4606),#4610);
#4606 = LINE('',#4607,#4608);
#4607 = CARTESIAN_POINT('',(4.302161868812,-1.124088537851E-04));
#4608 = VECTOR('',#4609,1.);
#4609 = DIRECTION('',(-0.203558594953,-0.979062765312));
#4610 = ( GEOMETRIC_REPRESENTATION_CONTEXT(2) 
PARAMETRIC_REPRESENTATION_CONTEXT() REPRESENTATION_CONTEXT('2D SPACE',''
  ) );
#4611 = ADVANCED_FACE('',(#4612),#2045,.T.);
#4612 = FACE_BOUND('',#4613,.F.);
#4613 = EDGE_LOOP('',(#4614,#4615,#4616,#4617,#4618,#4619));
#4614 = ORIENTED_EDGE('',*,*,#4591,.T.);
#4615 = ORIENTED_EDGE('',*,*,#2029,.T.);
#4616 = ORIENTED_EDGE('',*,*,#2133,.F.);
#4617 = ORIENTED_EDGE('',*,*,#2480,.F.);
#4618 = ORIENTED_EDGE('',*,*,#2558,.T.);
#4619 = ORIENTED_EDGE('',*,*,#2780,.F.);
#4620 = ADVANCED_FACE('',(#4621),#1565,.T.);
#4621 = FACE_BOUND('',#4622,.T.);
#4622 = EDGE_LOOP('',(#4623,#4667,#4668));
#4623 = ORIENTED_EDGE('',*,*,#4624,.T.);
#4624 = EDGE_CURVE('',#103,#1417,#4625,.T.);
#4625 = SURFACE_CURVE('',#4626,(#4631,#4660),.PCURVE_S1.);
#4626 = CIRCLE('',#4627,0.1);
#4627 = AXIS2_PLACEMENT_3D('',#4628,#4629,#4630);
#4628 = CARTESIAN_POINT('',(2.033998972012,-0.45,-2.333998972012));
#4629 = DIRECTION('',(1.,0.,0.));
#4630 = DIRECTION('',(0.,-1.,0.));
#4631 = PCURVE('',#1565,#4632);
#4632 = DEFINITIONAL_REPRESENTATION('',(#4633),#4659);
#4633 = B_SPLINE_CURVE_WITH_KNOTS('',3,(#4634,#4635,#4636,#4637,#4638,
    #4639,#4640,#4641,#4642,#4643,#4644,#4645,#4646,#4647,#4648,#4649,
    #4650,#4651,#4652,#4653,#4654,#4655,#4656,#4657,#4658),
  .UNSPECIFIED.,.F.,.F.,(4,1,1,1,1,1,1,1,1,1,1,1,1,1,1,1,1,1,1,1,1,1,4),
  (0.,6.187985529803E-02,0.123759710596,0.185639565894,0.247519421192,
    0.30939927649,0.371279131788,0.433158987086,0.495038842384,
    0.556918697682,0.61879855298,0.680678408278,0.742558263576,
    0.804438118874,0.866317974172,0.92819782947,0.990077684768,
    1.051957540066,1.113837395365,1.175717250663,1.237597105961,
    1.299476961259,1.361356816557),.QUASI_UNIFORM_KNOTS.);
#4634 = CARTESIAN_POINT('',(1.27878882311,0.));
#4635 = CARTESIAN_POINT('',(1.26420347429,1.458510896246E-02));
#4636 = CARTESIAN_POINT('',(1.235033225033,4.375572484339E-02));
#4637 = CARTESIAN_POINT('',(1.191109838157,8.742746248145E-02));
#4638 = CARTESIAN_POINT('',(1.146849965406,0.130930428044));
#4639 = CARTESIAN_POINT('',(1.102082035502,0.174177256082));
#4640 = CARTESIAN_POINT('',(1.056630948834,0.2170772849));
#4641 = CARTESIAN_POINT('',(1.010316845295,0.259535172379));
#4642 = CARTESIAN_POINT('',(0.962954321228,0.301449684216));
#4643 = CARTESIAN_POINT('',(0.914351874006,0.342712370646));
#4644 = CARTESIAN_POINT('',(0.864311787013,0.383206212195));
#4645 = CARTESIAN_POINT('',(0.812630601655,0.422804231677));
#4646 = CARTESIAN_POINT('',(0.75910040087,0.461368112557));
#4647 = CARTESIAN_POINT('',(0.703511174991,0.498746880863));
#4648 = CARTESIAN_POINT('',(0.645654594213,0.534775741311));
#4649 = CARTESIAN_POINT('',(0.585329551785,0.569275198873));
#4650 = CARTESIAN_POINT('',(0.522349833368,0.602050643096));
#4651 = CARTESIAN_POINT('',(0.456554243228,0.632892633929));
#4652 = CARTESIAN_POINT('',(0.387819193965,0.661578144026));
#4653 = CARTESIAN_POINT('',(0.316074002646,0.687873166238));
#4654 = CARTESIAN_POINT('',(0.241316525334,0.711536628783));
#4655 = CARTESIAN_POINT('',(0.163633907093,0.732327194624));
#4656 = CARTESIAN_POINT('',(8.320320745401E-02,0.750007976053));
#4657 = CARTESIAN_POINT('',(2.797113788876E-02,0.759581142177));
#4658 = CARTESIAN_POINT('',(0.,0.763777790946));
#4659 = ( GEOMETRIC_REPRESENTATION_CONTEXT(2) 
PARAMETRIC_REPRESENTATION_CONTEXT() REPRESENTATION_CONTEXT('2D SPACE',''
  ) );
#4660 = PCURVE('',#144,#4661);
#4661 = DEFINITIONAL_REPRESENTATION('',(#4662),#4666);
#4662 = LINE('',#4663,#4664);
#4663 = CARTESIAN_POINT('',(0.,9.969838972012));
#4664 = VECTOR('',#4665,1.);
#4665 = DIRECTION('',(1.,0.));
#4666 = ( GEOMETRIC_REPRESENTATION_CONTEXT(2) 
PARAMETRIC_REPRESENTATION_CONTEXT() REPRESENTATION_CONTEXT('2D SPACE',''
  ) );
#4667 = ORIENTED_EDGE('',*,*,#1548,.T.);
#4668 = ORIENTED_EDGE('',*,*,#1858,.T.);
#4669 = ADVANCED_FACE('',(#4670),#144,.T.);
#4670 = FACE_BOUND('',#4671,.T.);
#4671 = EDGE_LOOP('',(#4672,#4673,#4674,#4696));
#4672 = ORIENTED_EDGE('',*,*,#4624,.F.);
#4673 = ORIENTED_EDGE('',*,*,#130,.F.);
#4674 = ORIENTED_EDGE('',*,*,#4675,.F.);
#4675 = EDGE_CURVE('',#1222,#42,#4676,.T.);
#4676 = SURFACE_CURVE('',#4677,(#4682,#4689),.PCURVE_S1.);
#4677 = CIRCLE('',#4678,0.1);
#4678 = AXIS2_PLACEMENT_3D('',#4679,#4680,#4681);
#4679 = CARTESIAN_POINT('',(-2.033998972012,-0.45,-2.333998972012));
#4680 = DIRECTION('',(-1.,0.,0.));
#4681 = DIRECTION('',(-0.,-0.207911690818,-0.978147600734));
#4682 = PCURVE('',#144,#4683);
#4683 = DEFINITIONAL_REPRESENTATION('',(#4684),#4688);
#4684 = LINE('',#4685,#4686);
#4685 = CARTESIAN_POINT('',(1.361356816556,5.901841027988));
#4686 = VECTOR('',#4687,1.);
#4687 = DIRECTION('',(-1.,0.));
#4688 = ( GEOMETRIC_REPRESENTATION_CONTEXT(2) 
PARAMETRIC_REPRESENTATION_CONTEXT() REPRESENTATION_CONTEXT('2D SPACE',''
  ) );
#4689 = PCURVE('',#962,#4690);
#4690 = DEFINITIONAL_REPRESENTATION('',(#4691),#4695);
#4691 = LINE('',#4692,#4693);
#4692 = CARTESIAN_POINT('',(0.,0.680678408278));
#4693 = VECTOR('',#4694,1.);
#4694 = DIRECTION('',(0.,-1.));
#4695 = ( GEOMETRIC_REPRESENTATION_CONTEXT(2) 
PARAMETRIC_REPRESENTATION_CONTEXT() REPRESENTATION_CONTEXT('2D SPACE',''
  ) );
#4696 = ORIENTED_EDGE('',*,*,#1524,.T.);
#4697 = ADVANCED_FACE('',(#4698),#962,.T.);
#4698 = FACE_BOUND('',#4699,.T.);
#4699 = EDGE_LOOP('',(#4700,#4701,#4702));
#4700 = ORIENTED_EDGE('',*,*,#945,.T.);
#4701 = ORIENTED_EDGE('',*,*,#1221,.T.);
#4702 = ORIENTED_EDGE('',*,*,#4675,.T.);
#4703 = ADVANCED_FACE('',(#4704),#176,.F.);
#4704 = FACE_BOUND('',#4705,.F.);
#4705 = EDGE_LOOP('',(#4706,#4707,#4730,#4758));
#4706 = ORIENTED_EDGE('',*,*,#158,.T.);
#4707 = ORIENTED_EDGE('',*,*,#4708,.T.);
#4708 = EDGE_CURVE('',#161,#4709,#4711,.T.);
#4709 = VERTEX_POINT('',#4710);
#4710 = CARTESIAN_POINT('',(-1.2545,-0.4,1.155));
#4711 = SURFACE_CURVE('',#4712,(#4716,#4723),.PCURVE_S1.);
#4712 = LINE('',#4713,#4714);
#4713 = CARTESIAN_POINT('',(-1.2545,-0.55,1.155));
#4714 = VECTOR('',#4715,1.);
#4715 = DIRECTION('',(0.,1.,0.));
#4716 = PCURVE('',#176,#4717);
#4717 = DEFINITIONAL_REPRESENTATION('',(#4718),#4722);
#4718 = LINE('',#4719,#4720);
#4719 = CARTESIAN_POINT('',(2.31,0.));
#4720 = VECTOR('',#4721,1.);
#4721 = DIRECTION('',(0.,1.));
#4722 = ( GEOMETRIC_REPRESENTATION_CONTEXT(2) 
PARAMETRIC_REPRESENTATION_CONTEXT() REPRESENTATION_CONTEXT('2D SPACE',''
  ) );
#4723 = PCURVE('',#930,#4724);
#4724 = DEFINITIONAL_REPRESENTATION('',(#4725),#4729);
#4725 = LINE('',#4726,#4727);
#4726 = CARTESIAN_POINT('',(0.,0.));
#4727 = VECTOR('',#4728,1.);
#4728 = DIRECTION('',(0.,1.));
#4729 = ( GEOMETRIC_REPRESENTATION_CONTEXT(2) 
PARAMETRIC_REPRESENTATION_CONTEXT() REPRESENTATION_CONTEXT('2D SPACE',''
  ) );
#4730 = ORIENTED_EDGE('',*,*,#4731,.F.);
#4731 = EDGE_CURVE('',#4732,#4709,#4734,.T.);
#4732 = VERTEX_POINT('',#4733);
#4733 = CARTESIAN_POINT('',(-1.2545,-0.4,-1.155));
#4734 = SURFACE_CURVE('',#4735,(#4739,#4746),.PCURVE_S1.);
#4735 = LINE('',#4736,#4737);
#4736 = CARTESIAN_POINT('',(-1.2545,-0.4,-1.155));
#4737 = VECTOR('',#4738,1.);
#4738 = DIRECTION('',(0.,0.,1.));
#4739 = PCURVE('',#176,#4740);
#4740 = DEFINITIONAL_REPRESENTATION('',(#4741),#4745);
#4741 = LINE('',#4742,#4743);
#4742 = CARTESIAN_POINT('',(0.,0.15));
#4743 = VECTOR('',#4744,1.);
#4744 = DIRECTION('',(1.,0.));
#4745 = ( GEOMETRIC_REPRESENTATION_CONTEXT(2) 
PARAMETRIC_REPRESENTATION_CONTEXT() REPRESENTATION_CONTEXT('2D SPACE',''
  ) );
#4746 = PCURVE('',#4747,#4752);
#4747 = PLANE('',#4748);
#4748 = AXIS2_PLACEMENT_3D('',#4749,#4750,#4751);
#4749 = CARTESIAN_POINT('',(0.,-0.4,0.));
#4750 = DIRECTION('',(0.,1.,0.));
#4751 = DIRECTION('',(1.,0.,0.));
#4752 = DEFINITIONAL_REPRESENTATION('',(#4753),#4757);
#4753 = LINE('',#4754,#4755);
#4754 = CARTESIAN_POINT('',(-1.2545,1.155));
#4755 = VECTOR('',#4756,1.);
#4756 = DIRECTION('',(0.,-1.));
#4757 = ( GEOMETRIC_REPRESENTATION_CONTEXT(2) 
PARAMETRIC_REPRESENTATION_CONTEXT() REPRESENTATION_CONTEXT('2D SPACE',''
  ) );
#4758 = ORIENTED_EDGE('',*,*,#4759,.F.);
#4759 = EDGE_CURVE('',#159,#4732,#4760,.T.);
#4760 = SURFACE_CURVE('',#4761,(#4765,#4772),.PCURVE_S1.);
#4761 = LINE('',#4762,#4763);
#4762 = CARTESIAN_POINT('',(-1.2545,-0.55,-1.155));
#4763 = VECTOR('',#4764,1.);
#4764 = DIRECTION('',(0.,1.,0.));
#4765 = PCURVE('',#176,#4766);
#4766 = DEFINITIONAL_REPRESENTATION('',(#4767),#4771);
#4767 = LINE('',#4768,#4769);
#4768 = CARTESIAN_POINT('',(0.,0.));
#4769 = VECTOR('',#4770,1.);
#4770 = DIRECTION('',(0.,1.));
#4771 = ( GEOMETRIC_REPRESENTATION_CONTEXT(2) 
PARAMETRIC_REPRESENTATION_CONTEXT() REPRESENTATION_CONTEXT('2D SPACE',''
  ) );
#4772 = PCURVE('',#204,#4773);
#4773 = DEFINITIONAL_REPRESENTATION('',(#4774),#4778);
#4774 = LINE('',#4775,#4776);
#4775 = CARTESIAN_POINT('',(2.509,0.));
#4776 = VECTOR('',#4777,1.);
#4777 = DIRECTION('',(0.,1.));
#4778 = ( GEOMETRIC_REPRESENTATION_CONTEXT(2) 
PARAMETRIC_REPRESENTATION_CONTEXT() REPRESENTATION_CONTEXT('2D SPACE',''
  ) );
#4779 = ADVANCED_FACE('',(#4780),#930,.F.);
#4780 = FACE_BOUND('',#4781,.F.);
#4781 = EDGE_LOOP('',(#4782,#4783,#4806,#4827));
#4782 = ORIENTED_EDGE('',*,*,#916,.T.);
#4783 = ORIENTED_EDGE('',*,*,#4784,.T.);
#4784 = EDGE_CURVE('',#889,#4785,#4787,.T.);
#4785 = VERTEX_POINT('',#4786);
#4786 = CARTESIAN_POINT('',(-0.574,-0.4,1.155));
#4787 = SURFACE_CURVE('',#4788,(#4792,#4799),.PCURVE_S1.);
#4788 = LINE('',#4789,#4790);
#4789 = CARTESIAN_POINT('',(-0.574,-0.55,1.155));
#4790 = VECTOR('',#4791,1.);
#4791 = DIRECTION('',(0.,1.,0.));
#4792 = PCURVE('',#930,#4793);
#4793 = DEFINITIONAL_REPRESENTATION('',(#4794),#4798);
#4794 = LINE('',#4795,#4796);
#4795 = CARTESIAN_POINT('',(0.6805,0.));
#4796 = VECTOR('',#4797,1.);
#4797 = DIRECTION('',(0.,1.));
#4798 = ( GEOMETRIC_REPRESENTATION_CONTEXT(2) 
PARAMETRIC_REPRESENTATION_CONTEXT() REPRESENTATION_CONTEXT('2D SPACE',''
  ) );
#4799 = PCURVE('',#904,#4800);
#4800 = DEFINITIONAL_REPRESENTATION('',(#4801),#4805);
#4801 = LINE('',#4802,#4803);
#4802 = CARTESIAN_POINT('',(0.15,0.));
#4803 = VECTOR('',#4804,1.);
#4804 = DIRECTION('',(0.,1.));
#4805 = ( GEOMETRIC_REPRESENTATION_CONTEXT(2) 
PARAMETRIC_REPRESENTATION_CONTEXT() REPRESENTATION_CONTEXT('2D SPACE',''
  ) );
#4806 = ORIENTED_EDGE('',*,*,#4807,.F.);
#4807 = EDGE_CURVE('',#4709,#4785,#4808,.T.);
#4808 = SURFACE_CURVE('',#4809,(#4813,#4820),.PCURVE_S1.);
#4809 = LINE('',#4810,#4811);
#4810 = CARTESIAN_POINT('',(-1.2545,-0.4,1.155));
#4811 = VECTOR('',#4812,1.);
#4812 = DIRECTION('',(1.,0.,0.));
#4813 = PCURVE('',#930,#4814);
#4814 = DEFINITIONAL_REPRESENTATION('',(#4815),#4819);
#4815 = LINE('',#4816,#4817);
#4816 = CARTESIAN_POINT('',(0.,0.15));
#4817 = VECTOR('',#4818,1.);
#4818 = DIRECTION('',(1.,0.));
#4819 = ( GEOMETRIC_REPRESENTATION_CONTEXT(2) 
PARAMETRIC_REPRESENTATION_CONTEXT() REPRESENTATION_CONTEXT('2D SPACE',''
  ) );
#4820 = PCURVE('',#4747,#4821);
#4821 = DEFINITIONAL_REPRESENTATION('',(#4822),#4826);
#4822 = LINE('',#4823,#4824);
#4823 = CARTESIAN_POINT('',(-1.2545,-1.155));
#4824 = VECTOR('',#4825,1.);
#4825 = DIRECTION('',(1.,0.));
#4826 = ( GEOMETRIC_REPRESENTATION_CONTEXT(2) 
PARAMETRIC_REPRESENTATION_CONTEXT() REPRESENTATION_CONTEXT('2D SPACE',''
  ) );
#4827 = ORIENTED_EDGE('',*,*,#4708,.F.);
#4828 = ADVANCED_FACE('',(#4829),#596,.F.);
#4829 = FACE_BOUND('',#4830,.F.);
#4830 = EDGE_LOOP('',(#4831,#4832,#4855,#4878));
#4831 = ORIENTED_EDGE('',*,*,#580,.T.);
#4832 = ORIENTED_EDGE('',*,*,#4833,.T.);
#4833 = EDGE_CURVE('',#553,#4834,#4836,.T.);
#4834 = VERTEX_POINT('',#4835);
#4835 = CARTESIAN_POINT('',(1.2545,-0.4,1.155));
#4836 = SURFACE_CURVE('',#4837,(#4841,#4848),.PCURVE_S1.);
#4837 = LINE('',#4838,#4839);
#4838 = CARTESIAN_POINT('',(1.2545,-0.55,1.155));
#4839 = VECTOR('',#4840,1.);
#4840 = DIRECTION('',(0.,1.,0.));
#4841 = PCURVE('',#596,#4842);
#4842 = DEFINITIONAL_REPRESENTATION('',(#4843),#4847);
#4843 = LINE('',#4844,#4845);
#4844 = CARTESIAN_POINT('',(2.509,0.));
#4845 = VECTOR('',#4846,1.);
#4846 = DIRECTION('',(0.,1.));
#4847 = ( GEOMETRIC_REPRESENTATION_CONTEXT(2) 
PARAMETRIC_REPRESENTATION_CONTEXT() REPRESENTATION_CONTEXT('2D SPACE',''
  ) );
#4848 = PCURVE('',#568,#4849);
#4849 = DEFINITIONAL_REPRESENTATION('',(#4850),#4854);
#4850 = LINE('',#4851,#4852);
#4851 = CARTESIAN_POINT('',(0.,0.));
#4852 = VECTOR('',#4853,1.);
#4853 = DIRECTION('',(0.,1.));
#4854 = ( GEOMETRIC_REPRESENTATION_CONTEXT(2) 
PARAMETRIC_REPRESENTATION_CONTEXT() REPRESENTATION_CONTEXT('2D SPACE',''
  ) );
#4855 = ORIENTED_EDGE('',*,*,#4856,.F.);
#4856 = EDGE_CURVE('',#4857,#4834,#4859,.T.);
#4857 = VERTEX_POINT('',#4858);
#4858 = CARTESIAN_POINT('',(0.574,-0.4,1.155));
#4859 = SURFACE_CURVE('',#4860,(#4864,#4871),.PCURVE_S1.);
#4860 = LINE('',#4861,#4862);
#4861 = CARTESIAN_POINT('',(0.574,-0.4,1.155));
#4862 = VECTOR('',#4863,1.);
#4863 = DIRECTION('',(1.,0.,0.));
#4864 = PCURVE('',#596,#4865);
#4865 = DEFINITIONAL_REPRESENTATION('',(#4866),#4870);
#4866 = LINE('',#4867,#4868);
#4867 = CARTESIAN_POINT('',(1.8285,0.15));
#4868 = VECTOR('',#4869,1.);
#4869 = DIRECTION('',(1.,0.));
#4870 = ( GEOMETRIC_REPRESENTATION_CONTEXT(2) 
PARAMETRIC_REPRESENTATION_CONTEXT() REPRESENTATION_CONTEXT('2D SPACE',''
  ) );
#4871 = PCURVE('',#4747,#4872);
#4872 = DEFINITIONAL_REPRESENTATION('',(#4873),#4877);
#4873 = LINE('',#4874,#4875);
#4874 = CARTESIAN_POINT('',(0.574,-1.155));
#4875 = VECTOR('',#4876,1.);
#4876 = DIRECTION('',(1.,0.));
#4877 = ( GEOMETRIC_REPRESENTATION_CONTEXT(2) 
PARAMETRIC_REPRESENTATION_CONTEXT() REPRESENTATION_CONTEXT('2D SPACE',''
  ) );
#4878 = ORIENTED_EDGE('',*,*,#4879,.F.);
#4879 = EDGE_CURVE('',#581,#4857,#4880,.T.);
#4880 = SURFACE_CURVE('',#4881,(#4885,#4892),.PCURVE_S1.);
#4881 = LINE('',#4882,#4883);
#4882 = CARTESIAN_POINT('',(0.574,-0.55,1.155));
#4883 = VECTOR('',#4884,1.);
#4884 = DIRECTION('',(0.,1.,0.));
#4885 = PCURVE('',#596,#4886);
#4886 = DEFINITIONAL_REPRESENTATION('',(#4887),#4891);
#4887 = LINE('',#4888,#4889);
#4888 = CARTESIAN_POINT('',(1.8285,0.));
#4889 = VECTOR('',#4890,1.);
#4890 = DIRECTION('',(0.,1.));
#4891 = ( GEOMETRIC_REPRESENTATION_CONTEXT(2) 
PARAMETRIC_REPRESENTATION_CONTEXT() REPRESENTATION_CONTEXT('2D SPACE',''
  ) );
#4892 = PCURVE('',#624,#4893);
#4893 = DEFINITIONAL_REPRESENTATION('',(#4894),#4898);
#4894 = LINE('',#4895,#4896);
#4895 = CARTESIAN_POINT('',(0.,0.));
#4896 = VECTOR('',#4897,1.);
#4897 = DIRECTION('',(0.,1.));
#4898 = ( GEOMETRIC_REPRESENTATION_CONTEXT(2) 
PARAMETRIC_REPRESENTATION_CONTEXT() REPRESENTATION_CONTEXT('2D SPACE',''
  ) );
#4899 = ADVANCED_FACE('',(#4900),#904,.T.);
#4900 = FACE_BOUND('',#4901,.F.);
#4901 = EDGE_LOOP('',(#4902,#4903,#4926,#4947));
#4902 = ORIENTED_EDGE('',*,*,#888,.F.);
#4903 = ORIENTED_EDGE('',*,*,#4904,.T.);
#4904 = EDGE_CURVE('',#861,#4905,#4907,.T.);
#4905 = VERTEX_POINT('',#4906);
#4906 = CARTESIAN_POINT('',(-0.574,-0.4,1.305));
#4907 = SURFACE_CURVE('',#4908,(#4912,#4919),.PCURVE_S1.);
#4908 = LINE('',#4909,#4910);
#4909 = CARTESIAN_POINT('',(-0.574,-0.55,1.305));
#4910 = VECTOR('',#4911,1.);
#4911 = DIRECTION('',(0.,1.,0.));
#4912 = PCURVE('',#904,#4913);
#4913 = DEFINITIONAL_REPRESENTATION('',(#4914),#4918);
#4914 = LINE('',#4915,#4916);
#4915 = CARTESIAN_POINT('',(0.,0.));
#4916 = VECTOR('',#4917,1.);
#4917 = DIRECTION('',(0.,1.));
#4918 = ( GEOMETRIC_REPRESENTATION_CONTEXT(2) 
PARAMETRIC_REPRESENTATION_CONTEXT() REPRESENTATION_CONTEXT('2D SPACE',''
  ) );
#4919 = PCURVE('',#876,#4920);
#4920 = DEFINITIONAL_REPRESENTATION('',(#4921),#4925);
#4921 = LINE('',#4922,#4923);
#4922 = CARTESIAN_POINT('',(0.1005,0.));
#4923 = VECTOR('',#4924,1.);
#4924 = DIRECTION('',(0.,1.));
#4925 = ( GEOMETRIC_REPRESENTATION_CONTEXT(2) 
PARAMETRIC_REPRESENTATION_CONTEXT() REPRESENTATION_CONTEXT('2D SPACE',''
  ) );
#4926 = ORIENTED_EDGE('',*,*,#4927,.T.);
#4927 = EDGE_CURVE('',#4905,#4785,#4928,.T.);
#4928 = SURFACE_CURVE('',#4929,(#4933,#4940),.PCURVE_S1.);
#4929 = LINE('',#4930,#4931);
#4930 = CARTESIAN_POINT('',(-0.574,-0.4,1.305));
#4931 = VECTOR('',#4932,1.);
#4932 = DIRECTION('',(0.,0.,-1.));
#4933 = PCURVE('',#904,#4934);
#4934 = DEFINITIONAL_REPRESENTATION('',(#4935),#4939);
#4935 = LINE('',#4936,#4937);
#4936 = CARTESIAN_POINT('',(0.,0.15));
#4937 = VECTOR('',#4938,1.);
#4938 = DIRECTION('',(1.,0.));
#4939 = ( GEOMETRIC_REPRESENTATION_CONTEXT(2) 
PARAMETRIC_REPRESENTATION_CONTEXT() REPRESENTATION_CONTEXT('2D SPACE',''
  ) );
#4940 = PCURVE('',#4747,#4941);
#4941 = DEFINITIONAL_REPRESENTATION('',(#4942),#4946);
#4942 = LINE('',#4943,#4944);
#4943 = CARTESIAN_POINT('',(-0.574,-1.305));
#4944 = VECTOR('',#4945,1.);
#4945 = DIRECTION('',(0.,1.));
#4946 = ( GEOMETRIC_REPRESENTATION_CONTEXT(2) 
PARAMETRIC_REPRESENTATION_CONTEXT() REPRESENTATION_CONTEXT('2D SPACE',''
  ) );
#4947 = ORIENTED_EDGE('',*,*,#4784,.F.);
#4948 = ADVANCED_FACE('',(#4949),#876,.T.);
#4949 = FACE_BOUND('',#4950,.F.);
#4950 = EDGE_LOOP('',(#4951,#4952,#4975,#4996));
#4951 = ORIENTED_EDGE('',*,*,#860,.F.);
#4952 = ORIENTED_EDGE('',*,*,#4953,.T.);
#4953 = EDGE_CURVE('',#833,#4954,#4956,.T.);
#4954 = VERTEX_POINT('',#4955);
#4955 = CARTESIAN_POINT('',(-0.4735,-0.4,1.305));
#4956 = SURFACE_CURVE('',#4957,(#4961,#4968),.PCURVE_S1.);
#4957 = LINE('',#4958,#4959);
#4958 = CARTESIAN_POINT('',(-0.4735,-0.55,1.305));
#4959 = VECTOR('',#4960,1.);
#4960 = DIRECTION('',(0.,1.,0.));
#4961 = PCURVE('',#876,#4962);
#4962 = DEFINITIONAL_REPRESENTATION('',(#4963),#4967);
#4963 = LINE('',#4964,#4965);
#4964 = CARTESIAN_POINT('',(0.,0.));
#4965 = VECTOR('',#4966,1.);
#4966 = DIRECTION('',(0.,1.));
#4967 = ( GEOMETRIC_REPRESENTATION_CONTEXT(2) 
PARAMETRIC_REPRESENTATION_CONTEXT() REPRESENTATION_CONTEXT('2D SPACE',''
  ) );
#4968 = PCURVE('',#848,#4969);
#4969 = DEFINITIONAL_REPRESENTATION('',(#4970),#4974);
#4970 = LINE('',#4971,#4972);
#4971 = CARTESIAN_POINT('',(0.15,0.));
#4972 = VECTOR('',#4973,1.);
#4973 = DIRECTION('',(0.,1.));
#4974 = ( GEOMETRIC_REPRESENTATION_CONTEXT(2) 
PARAMETRIC_REPRESENTATION_CONTEXT() REPRESENTATION_CONTEXT('2D SPACE',''
  ) );
#4975 = ORIENTED_EDGE('',*,*,#4976,.T.);
#4976 = EDGE_CURVE('',#4954,#4905,#4977,.T.);
#4977 = SURFACE_CURVE('',#4978,(#4982,#4989),.PCURVE_S1.);
#4978 = LINE('',#4979,#4980);
#4979 = CARTESIAN_POINT('',(-0.4735,-0.4,1.305));
#4980 = VECTOR('',#4981,1.);
#4981 = DIRECTION('',(-1.,0.,0.));
#4982 = PCURVE('',#876,#4983);
#4983 = DEFINITIONAL_REPRESENTATION('',(#4984),#4988);
#4984 = LINE('',#4985,#4986);
#4985 = CARTESIAN_POINT('',(0.,0.15));
#4986 = VECTOR('',#4987,1.);
#4987 = DIRECTION('',(1.,0.));
#4988 = ( GEOMETRIC_REPRESENTATION_CONTEXT(2) 
PARAMETRIC_REPRESENTATION_CONTEXT() REPRESENTATION_CONTEXT('2D SPACE',''
  ) );
#4989 = PCURVE('',#4747,#4990);
#4990 = DEFINITIONAL_REPRESENTATION('',(#4991),#4995);
#4991 = LINE('',#4992,#4993);
#4992 = CARTESIAN_POINT('',(-0.4735,-1.305));
#4993 = VECTOR('',#4994,1.);
#4994 = DIRECTION('',(-1.,0.));
#4995 = ( GEOMETRIC_REPRESENTATION_CONTEXT(2) 
PARAMETRIC_REPRESENTATION_CONTEXT() REPRESENTATION_CONTEXT('2D SPACE',''
  ) );
#4996 = ORIENTED_EDGE('',*,*,#4904,.F.);
#4997 = ADVANCED_FACE('',(#4998),#848,.T.);
#4998 = FACE_BOUND('',#4999,.F.);
#4999 = EDGE_LOOP('',(#5000,#5001,#5024,#5045));
#5000 = ORIENTED_EDGE('',*,*,#832,.F.);
#5001 = ORIENTED_EDGE('',*,*,#5002,.T.);
#5002 = EDGE_CURVE('',#805,#5003,#5005,.T.);
#5003 = VERTEX_POINT('',#5004);
#5004 = CARTESIAN_POINT('',(-0.4735,-0.4,1.455));
#5005 = SURFACE_CURVE('',#5006,(#5010,#5017),.PCURVE_S1.);
#5006 = LINE('',#5007,#5008);
#5007 = CARTESIAN_POINT('',(-0.4735,-0.55,1.455));
#5008 = VECTOR('',#5009,1.);
#5009 = DIRECTION('',(0.,1.,0.));
#5010 = PCURVE('',#848,#5011);
#5011 = DEFINITIONAL_REPRESENTATION('',(#5012),#5016);
#5012 = LINE('',#5013,#5014);
#5013 = CARTESIAN_POINT('',(0.,0.));
#5014 = VECTOR('',#5015,1.);
#5015 = DIRECTION('',(0.,1.));
#5016 = ( GEOMETRIC_REPRESENTATION_CONTEXT(2) 
PARAMETRIC_REPRESENTATION_CONTEXT() REPRESENTATION_CONTEXT('2D SPACE',''
  ) );
#5017 = PCURVE('',#820,#5018);
#5018 = DEFINITIONAL_REPRESENTATION('',(#5019),#5023);
#5019 = LINE('',#5020,#5021);
#5020 = CARTESIAN_POINT('',(0.3,0.));
#5021 = VECTOR('',#5022,1.);
#5022 = DIRECTION('',(0.,1.));
#5023 = ( GEOMETRIC_REPRESENTATION_CONTEXT(2) 
PARAMETRIC_REPRESENTATION_CONTEXT() REPRESENTATION_CONTEXT('2D SPACE',''
  ) );
#5024 = ORIENTED_EDGE('',*,*,#5025,.T.);
#5025 = EDGE_CURVE('',#5003,#4954,#5026,.T.);
#5026 = SURFACE_CURVE('',#5027,(#5031,#5038),.PCURVE_S1.);
#5027 = LINE('',#5028,#5029);
#5028 = CARTESIAN_POINT('',(-0.4735,-0.4,1.455));
#5029 = VECTOR('',#5030,1.);
#5030 = DIRECTION('',(0.,0.,-1.));
#5031 = PCURVE('',#848,#5032);
#5032 = DEFINITIONAL_REPRESENTATION('',(#5033),#5037);
#5033 = LINE('',#5034,#5035);
#5034 = CARTESIAN_POINT('',(0.,0.15));
#5035 = VECTOR('',#5036,1.);
#5036 = DIRECTION('',(1.,0.));
#5037 = ( GEOMETRIC_REPRESENTATION_CONTEXT(2) 
PARAMETRIC_REPRESENTATION_CONTEXT() REPRESENTATION_CONTEXT('2D SPACE',''
  ) );
#5038 = PCURVE('',#4747,#5039);
#5039 = DEFINITIONAL_REPRESENTATION('',(#5040),#5044);
#5040 = LINE('',#5041,#5042);
#5041 = CARTESIAN_POINT('',(-0.4735,-1.455));
#5042 = VECTOR('',#5043,1.);
#5043 = DIRECTION('',(0.,1.));
#5044 = ( GEOMETRIC_REPRESENTATION_CONTEXT(2) 
PARAMETRIC_REPRESENTATION_CONTEXT() REPRESENTATION_CONTEXT('2D SPACE',''
  ) );
#5045 = ORIENTED_EDGE('',*,*,#4953,.F.);
#5046 = ADVANCED_FACE('',(#5047),#820,.T.);
#5047 = FACE_BOUND('',#5048,.F.);
#5048 = EDGE_LOOP('',(#5049,#5050,#5073,#5094));
#5049 = ORIENTED_EDGE('',*,*,#804,.F.);
#5050 = ORIENTED_EDGE('',*,*,#5051,.T.);
#5051 = EDGE_CURVE('',#777,#5052,#5054,.T.);
#5052 = VERTEX_POINT('',#5053);
#5053 = CARTESIAN_POINT('',(-0.1735,-0.4,1.455));
#5054 = SURFACE_CURVE('',#5055,(#5059,#5066),.PCURVE_S1.);
#5055 = LINE('',#5056,#5057);
#5056 = CARTESIAN_POINT('',(-0.1735,-0.55,1.455));
#5057 = VECTOR('',#5058,1.);
#5058 = DIRECTION('',(0.,1.,0.));
#5059 = PCURVE('',#820,#5060);
#5060 = DEFINITIONAL_REPRESENTATION('',(#5061),#5065);
#5061 = LINE('',#5062,#5063);
#5062 = CARTESIAN_POINT('',(0.,0.));
#5063 = VECTOR('',#5064,1.);
#5064 = DIRECTION('',(0.,1.));
#5065 = ( GEOMETRIC_REPRESENTATION_CONTEXT(2) 
PARAMETRIC_REPRESENTATION_CONTEXT() REPRESENTATION_CONTEXT('2D SPACE',''
  ) );
#5066 = PCURVE('',#792,#5067);
#5067 = DEFINITIONAL_REPRESENTATION('',(#5068),#5072);
#5068 = LINE('',#5069,#5070);
#5069 = CARTESIAN_POINT('',(0.15,0.));
#5070 = VECTOR('',#5071,1.);
#5071 = DIRECTION('',(0.,1.));
#5072 = ( GEOMETRIC_REPRESENTATION_CONTEXT(2) 
PARAMETRIC_REPRESENTATION_CONTEXT() REPRESENTATION_CONTEXT('2D SPACE',''
  ) );
#5073 = ORIENTED_EDGE('',*,*,#5074,.T.);
#5074 = EDGE_CURVE('',#5052,#5003,#5075,.T.);
#5075 = SURFACE_CURVE('',#5076,(#5080,#5087),.PCURVE_S1.);
#5076 = LINE('',#5077,#5078);
#5077 = CARTESIAN_POINT('',(-0.1735,-0.4,1.455));
#5078 = VECTOR('',#5079,1.);
#5079 = DIRECTION('',(-1.,0.,0.));
#5080 = PCURVE('',#820,#5081);
#5081 = DEFINITIONAL_REPRESENTATION('',(#5082),#5086);
#5082 = LINE('',#5083,#5084);
#5083 = CARTESIAN_POINT('',(0.,0.15));
#5084 = VECTOR('',#5085,1.);
#5085 = DIRECTION('',(1.,0.));
#5086 = ( GEOMETRIC_REPRESENTATION_CONTEXT(2) 
PARAMETRIC_REPRESENTATION_CONTEXT() REPRESENTATION_CONTEXT('2D SPACE',''
  ) );
#5087 = PCURVE('',#4747,#5088);
#5088 = DEFINITIONAL_REPRESENTATION('',(#5089),#5093);
#5089 = LINE('',#5090,#5091);
#5090 = CARTESIAN_POINT('',(-0.1735,-1.455));
#5091 = VECTOR('',#5092,1.);
#5092 = DIRECTION('',(-1.,0.));
#5093 = ( GEOMETRIC_REPRESENTATION_CONTEXT(2) 
PARAMETRIC_REPRESENTATION_CONTEXT() REPRESENTATION_CONTEXT('2D SPACE',''
  ) );
#5094 = ORIENTED_EDGE('',*,*,#5002,.F.);
#5095 = ADVANCED_FACE('',(#5096),#792,.T.);
#5096 = FACE_BOUND('',#5097,.F.);
#5097 = EDGE_LOOP('',(#5098,#5099,#5122,#5143));
#5098 = ORIENTED_EDGE('',*,*,#776,.F.);
#5099 = ORIENTED_EDGE('',*,*,#5100,.T.);
#5100 = EDGE_CURVE('',#749,#5101,#5103,.T.);
#5101 = VERTEX_POINT('',#5102);
#5102 = CARTESIAN_POINT('',(-0.1735,-0.4,1.305));
#5103 = SURFACE_CURVE('',#5104,(#5108,#5115),.PCURVE_S1.);
#5104 = LINE('',#5105,#5106);
#5105 = CARTESIAN_POINT('',(-0.1735,-0.55,1.305));
#5106 = VECTOR('',#5107,1.);
#5107 = DIRECTION('',(0.,1.,0.));
#5108 = PCURVE('',#792,#5109);
#5109 = DEFINITIONAL_REPRESENTATION('',(#5110),#5114);
#5110 = LINE('',#5111,#5112);
#5111 = CARTESIAN_POINT('',(0.,0.));
#5112 = VECTOR('',#5113,1.);
#5113 = DIRECTION('',(0.,1.));
#5114 = ( GEOMETRIC_REPRESENTATION_CONTEXT(2) 
PARAMETRIC_REPRESENTATION_CONTEXT() REPRESENTATION_CONTEXT('2D SPACE',''
  ) );
#5115 = PCURVE('',#764,#5116);
#5116 = DEFINITIONAL_REPRESENTATION('',(#5117),#5121);
#5117 = LINE('',#5118,#5119);
#5118 = CARTESIAN_POINT('',(0.347,0.));
#5119 = VECTOR('',#5120,1.);
#5120 = DIRECTION('',(0.,1.));
#5121 = ( GEOMETRIC_REPRESENTATION_CONTEXT(2) 
PARAMETRIC_REPRESENTATION_CONTEXT() REPRESENTATION_CONTEXT('2D SPACE',''
  ) );
#5122 = ORIENTED_EDGE('',*,*,#5123,.T.);
#5123 = EDGE_CURVE('',#5101,#5052,#5124,.T.);
#5124 = SURFACE_CURVE('',#5125,(#5129,#5136),.PCURVE_S1.);
#5125 = LINE('',#5126,#5127);
#5126 = CARTESIAN_POINT('',(-0.1735,-0.4,1.305));
#5127 = VECTOR('',#5128,1.);
#5128 = DIRECTION('',(0.,0.,1.));
#5129 = PCURVE('',#792,#5130);
#5130 = DEFINITIONAL_REPRESENTATION('',(#5131),#5135);
#5131 = LINE('',#5132,#5133);
#5132 = CARTESIAN_POINT('',(0.,0.15));
#5133 = VECTOR('',#5134,1.);
#5134 = DIRECTION('',(1.,0.));
#5135 = ( GEOMETRIC_REPRESENTATION_CONTEXT(2) 
PARAMETRIC_REPRESENTATION_CONTEXT() REPRESENTATION_CONTEXT('2D SPACE',''
  ) );
#5136 = PCURVE('',#4747,#5137);
#5137 = DEFINITIONAL_REPRESENTATION('',(#5138),#5142);
#5138 = LINE('',#5139,#5140);
#5139 = CARTESIAN_POINT('',(-0.1735,-1.305));
#5140 = VECTOR('',#5141,1.);
#5141 = DIRECTION('',(0.,-1.));
#5142 = ( GEOMETRIC_REPRESENTATION_CONTEXT(2) 
PARAMETRIC_REPRESENTATION_CONTEXT() REPRESENTATION_CONTEXT('2D SPACE',''
  ) );
#5143 = ORIENTED_EDGE('',*,*,#5051,.F.);
#5144 = ADVANCED_FACE('',(#5145),#764,.T.);
#5145 = FACE_BOUND('',#5146,.F.);
#5146 = EDGE_LOOP('',(#5147,#5148,#5171,#5192));
#5147 = ORIENTED_EDGE('',*,*,#748,.F.);
#5148 = ORIENTED_EDGE('',*,*,#5149,.T.);
#5149 = EDGE_CURVE('',#721,#5150,#5152,.T.);
#5150 = VERTEX_POINT('',#5151);
#5151 = CARTESIAN_POINT('',(0.1735,-0.4,1.305));
#5152 = SURFACE_CURVE('',#5153,(#5157,#5164),.PCURVE_S1.);
#5153 = LINE('',#5154,#5155);
#5154 = CARTESIAN_POINT('',(0.1735,-0.55,1.305));
#5155 = VECTOR('',#5156,1.);
#5156 = DIRECTION('',(0.,1.,0.));
#5157 = PCURVE('',#764,#5158);
#5158 = DEFINITIONAL_REPRESENTATION('',(#5159),#5163);
#5159 = LINE('',#5160,#5161);
#5160 = CARTESIAN_POINT('',(0.,0.));
#5161 = VECTOR('',#5162,1.);
#5162 = DIRECTION('',(0.,1.));
#5163 = ( GEOMETRIC_REPRESENTATION_CONTEXT(2) 
PARAMETRIC_REPRESENTATION_CONTEXT() REPRESENTATION_CONTEXT('2D SPACE',''
  ) );
#5164 = PCURVE('',#736,#5165);
#5165 = DEFINITIONAL_REPRESENTATION('',(#5166),#5170);
#5166 = LINE('',#5167,#5168);
#5167 = CARTESIAN_POINT('',(0.15,0.));
#5168 = VECTOR('',#5169,1.);
#5169 = DIRECTION('',(0.,1.));
#5170 = ( GEOMETRIC_REPRESENTATION_CONTEXT(2) 
PARAMETRIC_REPRESENTATION_CONTEXT() REPRESENTATION_CONTEXT('2D SPACE',''
  ) );
#5171 = ORIENTED_EDGE('',*,*,#5172,.T.);
#5172 = EDGE_CURVE('',#5150,#5101,#5173,.T.);
#5173 = SURFACE_CURVE('',#5174,(#5178,#5185),.PCURVE_S1.);
#5174 = LINE('',#5175,#5176);
#5175 = CARTESIAN_POINT('',(0.1735,-0.4,1.305));
#5176 = VECTOR('',#5177,1.);
#5177 = DIRECTION('',(-1.,0.,0.));
#5178 = PCURVE('',#764,#5179);
#5179 = DEFINITIONAL_REPRESENTATION('',(#5180),#5184);
#5180 = LINE('',#5181,#5182);
#5181 = CARTESIAN_POINT('',(0.,0.15));
#5182 = VECTOR('',#5183,1.);
#5183 = DIRECTION('',(1.,0.));
#5184 = ( GEOMETRIC_REPRESENTATION_CONTEXT(2) 
PARAMETRIC_REPRESENTATION_CONTEXT() REPRESENTATION_CONTEXT('2D SPACE',''
  ) );
#5185 = PCURVE('',#4747,#5186);
#5186 = DEFINITIONAL_REPRESENTATION('',(#5187),#5191);
#5187 = LINE('',#5188,#5189);
#5188 = CARTESIAN_POINT('',(0.1735,-1.305));
#5189 = VECTOR('',#5190,1.);
#5190 = DIRECTION('',(-1.,0.));
#5191 = ( GEOMETRIC_REPRESENTATION_CONTEXT(2) 
PARAMETRIC_REPRESENTATION_CONTEXT() REPRESENTATION_CONTEXT('2D SPACE',''
  ) );
#5192 = ORIENTED_EDGE('',*,*,#5100,.F.);
#5193 = ADVANCED_FACE('',(#5194),#736,.T.);
#5194 = FACE_BOUND('',#5195,.F.);
#5195 = EDGE_LOOP('',(#5196,#5197,#5220,#5241));
#5196 = ORIENTED_EDGE('',*,*,#720,.F.);
#5197 = ORIENTED_EDGE('',*,*,#5198,.T.);
#5198 = EDGE_CURVE('',#693,#5199,#5201,.T.);
#5199 = VERTEX_POINT('',#5200);
#5200 = CARTESIAN_POINT('',(0.1735,-0.4,1.455));
#5201 = SURFACE_CURVE('',#5202,(#5206,#5213),.PCURVE_S1.);
#5202 = LINE('',#5203,#5204);
#5203 = CARTESIAN_POINT('',(0.1735,-0.55,1.455));
#5204 = VECTOR('',#5205,1.);
#5205 = DIRECTION('',(0.,1.,0.));
#5206 = PCURVE('',#736,#5207);
#5207 = DEFINITIONAL_REPRESENTATION('',(#5208),#5212);
#5208 = LINE('',#5209,#5210);
#5209 = CARTESIAN_POINT('',(0.,0.));
#5210 = VECTOR('',#5211,1.);
#5211 = DIRECTION('',(0.,1.));
#5212 = ( GEOMETRIC_REPRESENTATION_CONTEXT(2) 
PARAMETRIC_REPRESENTATION_CONTEXT() REPRESENTATION_CONTEXT('2D SPACE',''
  ) );
#5213 = PCURVE('',#708,#5214);
#5214 = DEFINITIONAL_REPRESENTATION('',(#5215),#5219);
#5215 = LINE('',#5216,#5217);
#5216 = CARTESIAN_POINT('',(0.3,0.));
#5217 = VECTOR('',#5218,1.);
#5218 = DIRECTION('',(0.,1.));
#5219 = ( GEOMETRIC_REPRESENTATION_CONTEXT(2) 
PARAMETRIC_REPRESENTATION_CONTEXT() REPRESENTATION_CONTEXT('2D SPACE',''
  ) );
#5220 = ORIENTED_EDGE('',*,*,#5221,.T.);
#5221 = EDGE_CURVE('',#5199,#5150,#5222,.T.);
#5222 = SURFACE_CURVE('',#5223,(#5227,#5234),.PCURVE_S1.);
#5223 = LINE('',#5224,#5225);
#5224 = CARTESIAN_POINT('',(0.1735,-0.4,1.455));
#5225 = VECTOR('',#5226,1.);
#5226 = DIRECTION('',(0.,0.,-1.));
#5227 = PCURVE('',#736,#5228);
#5228 = DEFINITIONAL_REPRESENTATION('',(#5229),#5233);
#5229 = LINE('',#5230,#5231);
#5230 = CARTESIAN_POINT('',(0.,0.15));
#5231 = VECTOR('',#5232,1.);
#5232 = DIRECTION('',(1.,0.));
#5233 = ( GEOMETRIC_REPRESENTATION_CONTEXT(2) 
PARAMETRIC_REPRESENTATION_CONTEXT() REPRESENTATION_CONTEXT('2D SPACE',''
  ) );
#5234 = PCURVE('',#4747,#5235);
#5235 = DEFINITIONAL_REPRESENTATION('',(#5236),#5240);
#5236 = LINE('',#5237,#5238);
#5237 = CARTESIAN_POINT('',(0.1735,-1.455));
#5238 = VECTOR('',#5239,1.);
#5239 = DIRECTION('',(0.,1.));
#5240 = ( GEOMETRIC_REPRESENTATION_CONTEXT(2) 
PARAMETRIC_REPRESENTATION_CONTEXT() REPRESENTATION_CONTEXT('2D SPACE',''
  ) );
#5241 = ORIENTED_EDGE('',*,*,#5149,.F.);
#5242 = ADVANCED_FACE('',(#5243),#708,.T.);
#5243 = FACE_BOUND('',#5244,.F.);
#5244 = EDGE_LOOP('',(#5245,#5246,#5269,#5290));
#5245 = ORIENTED_EDGE('',*,*,#692,.F.);
#5246 = ORIENTED_EDGE('',*,*,#5247,.T.);
#5247 = EDGE_CURVE('',#665,#5248,#5250,.T.);
#5248 = VERTEX_POINT('',#5249);
#5249 = CARTESIAN_POINT('',(0.4735,-0.4,1.455));
#5250 = SURFACE_CURVE('',#5251,(#5255,#5262),.PCURVE_S1.);
#5251 = LINE('',#5252,#5253);
#5252 = CARTESIAN_POINT('',(0.4735,-0.55,1.455));
#5253 = VECTOR('',#5254,1.);
#5254 = DIRECTION('',(0.,1.,0.));
#5255 = PCURVE('',#708,#5256);
#5256 = DEFINITIONAL_REPRESENTATION('',(#5257),#5261);
#5257 = LINE('',#5258,#5259);
#5258 = CARTESIAN_POINT('',(0.,0.));
#5259 = VECTOR('',#5260,1.);
#5260 = DIRECTION('',(0.,1.));
#5261 = ( GEOMETRIC_REPRESENTATION_CONTEXT(2) 
PARAMETRIC_REPRESENTATION_CONTEXT() REPRESENTATION_CONTEXT('2D SPACE',''
  ) );
#5262 = PCURVE('',#680,#5263);
#5263 = DEFINITIONAL_REPRESENTATION('',(#5264),#5268);
#5264 = LINE('',#5265,#5266);
#5265 = CARTESIAN_POINT('',(0.15,0.));
#5266 = VECTOR('',#5267,1.);
#5267 = DIRECTION('',(0.,1.));
#5268 = ( GEOMETRIC_REPRESENTATION_CONTEXT(2) 
PARAMETRIC_REPRESENTATION_CONTEXT() REPRESENTATION_CONTEXT('2D SPACE',''
  ) );
#5269 = ORIENTED_EDGE('',*,*,#5270,.T.);
#5270 = EDGE_CURVE('',#5248,#5199,#5271,.T.);
#5271 = SURFACE_CURVE('',#5272,(#5276,#5283),.PCURVE_S1.);
#5272 = LINE('',#5273,#5274);
#5273 = CARTESIAN_POINT('',(0.4735,-0.4,1.455));
#5274 = VECTOR('',#5275,1.);
#5275 = DIRECTION('',(-1.,0.,0.));
#5276 = PCURVE('',#708,#5277);
#5277 = DEFINITIONAL_REPRESENTATION('',(#5278),#5282);
#5278 = LINE('',#5279,#5280);
#5279 = CARTESIAN_POINT('',(0.,0.15));
#5280 = VECTOR('',#5281,1.);
#5281 = DIRECTION('',(1.,0.));
#5282 = ( GEOMETRIC_REPRESENTATION_CONTEXT(2) 
PARAMETRIC_REPRESENTATION_CONTEXT() REPRESENTATION_CONTEXT('2D SPACE',''
  ) );
#5283 = PCURVE('',#4747,#5284);
#5284 = DEFINITIONAL_REPRESENTATION('',(#5285),#5289);
#5285 = LINE('',#5286,#5287);
#5286 = CARTESIAN_POINT('',(0.4735,-1.455));
#5287 = VECTOR('',#5288,1.);
#5288 = DIRECTION('',(-1.,0.));
#5289 = ( GEOMETRIC_REPRESENTATION_CONTEXT(2) 
PARAMETRIC_REPRESENTATION_CONTEXT() REPRESENTATION_CONTEXT('2D SPACE',''
  ) );
#5290 = ORIENTED_EDGE('',*,*,#5198,.F.);
#5291 = ADVANCED_FACE('',(#5292),#680,.T.);
#5292 = FACE_BOUND('',#5293,.F.);
#5293 = EDGE_LOOP('',(#5294,#5295,#5318,#5339));
#5294 = ORIENTED_EDGE('',*,*,#664,.F.);
#5295 = ORIENTED_EDGE('',*,*,#5296,.T.);
#5296 = EDGE_CURVE('',#637,#5297,#5299,.T.);
#5297 = VERTEX_POINT('',#5298);
#5298 = CARTESIAN_POINT('',(0.4735,-0.4,1.305));
#5299 = SURFACE_CURVE('',#5300,(#5304,#5311),.PCURVE_S1.);
#5300 = LINE('',#5301,#5302);
#5301 = CARTESIAN_POINT('',(0.4735,-0.55,1.305));
#5302 = VECTOR('',#5303,1.);
#5303 = DIRECTION('',(0.,1.,0.));
#5304 = PCURVE('',#680,#5305);
#5305 = DEFINITIONAL_REPRESENTATION('',(#5306),#5310);
#5306 = LINE('',#5307,#5308);
#5307 = CARTESIAN_POINT('',(0.,0.));
#5308 = VECTOR('',#5309,1.);
#5309 = DIRECTION('',(0.,1.));
#5310 = ( GEOMETRIC_REPRESENTATION_CONTEXT(2) 
PARAMETRIC_REPRESENTATION_CONTEXT() REPRESENTATION_CONTEXT('2D SPACE',''
  ) );
#5311 = PCURVE('',#652,#5312);
#5312 = DEFINITIONAL_REPRESENTATION('',(#5313),#5317);
#5313 = LINE('',#5314,#5315);
#5314 = CARTESIAN_POINT('',(0.1005,0.));
#5315 = VECTOR('',#5316,1.);
#5316 = DIRECTION('',(0.,1.));
#5317 = ( GEOMETRIC_REPRESENTATION_CONTEXT(2) 
PARAMETRIC_REPRESENTATION_CONTEXT() REPRESENTATION_CONTEXT('2D SPACE',''
  ) );
#5318 = ORIENTED_EDGE('',*,*,#5319,.T.);
#5319 = EDGE_CURVE('',#5297,#5248,#5320,.T.);
#5320 = SURFACE_CURVE('',#5321,(#5325,#5332),.PCURVE_S1.);
#5321 = LINE('',#5322,#5323);
#5322 = CARTESIAN_POINT('',(0.4735,-0.4,1.305));
#5323 = VECTOR('',#5324,1.);
#5324 = DIRECTION('',(0.,0.,1.));
#5325 = PCURVE('',#680,#5326);
#5326 = DEFINITIONAL_REPRESENTATION('',(#5327),#5331);
#5327 = LINE('',#5328,#5329);
#5328 = CARTESIAN_POINT('',(0.,0.15));
#5329 = VECTOR('',#5330,1.);
#5330 = DIRECTION('',(1.,0.));
#5331 = ( GEOMETRIC_REPRESENTATION_CONTEXT(2) 
PARAMETRIC_REPRESENTATION_CONTEXT() REPRESENTATION_CONTEXT('2D SPACE',''
  ) );
#5332 = PCURVE('',#4747,#5333);
#5333 = DEFINITIONAL_REPRESENTATION('',(#5334),#5338);
#5334 = LINE('',#5335,#5336);
#5335 = CARTESIAN_POINT('',(0.4735,-1.305));
#5336 = VECTOR('',#5337,1.);
#5337 = DIRECTION('',(0.,-1.));
#5338 = ( GEOMETRIC_REPRESENTATION_CONTEXT(2) 
PARAMETRIC_REPRESENTATION_CONTEXT() REPRESENTATION_CONTEXT('2D SPACE',''
  ) );
#5339 = ORIENTED_EDGE('',*,*,#5247,.F.);
#5340 = ADVANCED_FACE('',(#5341),#652,.T.);
#5341 = FACE_BOUND('',#5342,.F.);
#5342 = EDGE_LOOP('',(#5343,#5344,#5367,#5388));
#5343 = ORIENTED_EDGE('',*,*,#636,.F.);
#5344 = ORIENTED_EDGE('',*,*,#5345,.T.);
#5345 = EDGE_CURVE('',#609,#5346,#5348,.T.);
#5346 = VERTEX_POINT('',#5347);
#5347 = CARTESIAN_POINT('',(0.574,-0.4,1.305));
#5348 = SURFACE_CURVE('',#5349,(#5353,#5360),.PCURVE_S1.);
#5349 = LINE('',#5350,#5351);
#5350 = CARTESIAN_POINT('',(0.574,-0.55,1.305));
#5351 = VECTOR('',#5352,1.);
#5352 = DIRECTION('',(0.,1.,0.));
#5353 = PCURVE('',#652,#5354);
#5354 = DEFINITIONAL_REPRESENTATION('',(#5355),#5359);
#5355 = LINE('',#5356,#5357);
#5356 = CARTESIAN_POINT('',(0.,0.));
#5357 = VECTOR('',#5358,1.);
#5358 = DIRECTION('',(0.,1.));
#5359 = ( GEOMETRIC_REPRESENTATION_CONTEXT(2) 
PARAMETRIC_REPRESENTATION_CONTEXT() REPRESENTATION_CONTEXT('2D SPACE',''
  ) );
#5360 = PCURVE('',#624,#5361);
#5361 = DEFINITIONAL_REPRESENTATION('',(#5362),#5366);
#5362 = LINE('',#5363,#5364);
#5363 = CARTESIAN_POINT('',(0.15,0.));
#5364 = VECTOR('',#5365,1.);
#5365 = DIRECTION('',(0.,1.));
#5366 = ( GEOMETRIC_REPRESENTATION_CONTEXT(2) 
PARAMETRIC_REPRESENTATION_CONTEXT() REPRESENTATION_CONTEXT('2D SPACE',''
  ) );
#5367 = ORIENTED_EDGE('',*,*,#5368,.T.);
#5368 = EDGE_CURVE('',#5346,#5297,#5369,.T.);
#5369 = SURFACE_CURVE('',#5370,(#5374,#5381),.PCURVE_S1.);
#5370 = LINE('',#5371,#5372);
#5371 = CARTESIAN_POINT('',(0.574,-0.4,1.305));
#5372 = VECTOR('',#5373,1.);
#5373 = DIRECTION('',(-1.,0.,0.));
#5374 = PCURVE('',#652,#5375);
#5375 = DEFINITIONAL_REPRESENTATION('',(#5376),#5380);
#5376 = LINE('',#5377,#5378);
#5377 = CARTESIAN_POINT('',(0.,0.15));
#5378 = VECTOR('',#5379,1.);
#5379 = DIRECTION('',(1.,0.));
#5380 = ( GEOMETRIC_REPRESENTATION_CONTEXT(2) 
PARAMETRIC_REPRESENTATION_CONTEXT() REPRESENTATION_CONTEXT('2D SPACE',''
  ) );
#5381 = PCURVE('',#4747,#5382);
#5382 = DEFINITIONAL_REPRESENTATION('',(#5383),#5387);
#5383 = LINE('',#5384,#5385);
#5384 = CARTESIAN_POINT('',(0.574,-1.305));
#5385 = VECTOR('',#5386,1.);
#5386 = DIRECTION('',(-1.,0.));
#5387 = ( GEOMETRIC_REPRESENTATION_CONTEXT(2) 
PARAMETRIC_REPRESENTATION_CONTEXT() REPRESENTATION_CONTEXT('2D SPACE',''
  ) );
#5388 = ORIENTED_EDGE('',*,*,#5296,.F.);
#5389 = ADVANCED_FACE('',(#5390),#624,.T.);
#5390 = FACE_BOUND('',#5391,.F.);
#5391 = EDGE_LOOP('',(#5392,#5393,#5394,#5415));
#5392 = ORIENTED_EDGE('',*,*,#608,.F.);
#5393 = ORIENTED_EDGE('',*,*,#4879,.T.);
#5394 = ORIENTED_EDGE('',*,*,#5395,.T.);
#5395 = EDGE_CURVE('',#4857,#5346,#5396,.T.);
#5396 = SURFACE_CURVE('',#5397,(#5401,#5408),.PCURVE_S1.);
#5397 = LINE('',#5398,#5399);
#5398 = CARTESIAN_POINT('',(0.574,-0.4,1.155));
#5399 = VECTOR('',#5400,1.);
#5400 = DIRECTION('',(0.,0.,1.));
#5401 = PCURVE('',#624,#5402);
#5402 = DEFINITIONAL_REPRESENTATION('',(#5403),#5407);
#5403 = LINE('',#5404,#5405);
#5404 = CARTESIAN_POINT('',(0.,0.15));
#5405 = VECTOR('',#5406,1.);
#5406 = DIRECTION('',(1.,0.));
#5407 = ( GEOMETRIC_REPRESENTATION_CONTEXT(2) 
PARAMETRIC_REPRESENTATION_CONTEXT() REPRESENTATION_CONTEXT('2D SPACE',''
  ) );
#5408 = PCURVE('',#4747,#5409);
#5409 = DEFINITIONAL_REPRESENTATION('',(#5410),#5414);
#5410 = LINE('',#5411,#5412);
#5411 = CARTESIAN_POINT('',(0.574,-1.155));
#5412 = VECTOR('',#5413,1.);
#5413 = DIRECTION('',(0.,-1.));
#5414 = ( GEOMETRIC_REPRESENTATION_CONTEXT(2) 
PARAMETRIC_REPRESENTATION_CONTEXT() REPRESENTATION_CONTEXT('2D SPACE',''
  ) );
#5415 = ORIENTED_EDGE('',*,*,#5345,.F.);
#5416 = ADVANCED_FACE('',(#5417),#4747,.F.);
#5417 = FACE_BOUND('',#5418,.F.);
#5418 = EDGE_LOOP('',(#5419,#5420,#5443,#5466,#5489,#5512,#5535,#5558,
    #5581,#5604,#5627,#5650,#5673,#5696,#5719,#5740,#5741,#5742,#5743,
    #5744,#5745,#5746,#5747,#5748,#5749,#5750,#5751,#5752));
#5419 = ORIENTED_EDGE('',*,*,#4856,.T.);
#5420 = ORIENTED_EDGE('',*,*,#5421,.T.);
#5421 = EDGE_CURVE('',#4834,#5422,#5424,.T.);
#5422 = VERTEX_POINT('',#5423);
#5423 = CARTESIAN_POINT('',(1.2545,-0.4,-1.155));
#5424 = SURFACE_CURVE('',#5425,(#5429,#5436),.PCURVE_S1.);
#5425 = LINE('',#5426,#5427);
#5426 = CARTESIAN_POINT('',(1.2545,-0.4,1.155));
#5427 = VECTOR('',#5428,1.);
#5428 = DIRECTION('',(0.,0.,-1.));
#5429 = PCURVE('',#4747,#5430);
#5430 = DEFINITIONAL_REPRESENTATION('',(#5431),#5435);
#5431 = LINE('',#5432,#5433);
#5432 = CARTESIAN_POINT('',(1.2545,-1.155));
#5433 = VECTOR('',#5434,1.);
#5434 = DIRECTION('',(0.,1.));
#5435 = ( GEOMETRIC_REPRESENTATION_CONTEXT(2) 
PARAMETRIC_REPRESENTATION_CONTEXT() REPRESENTATION_CONTEXT('2D SPACE',''
  ) );
#5436 = PCURVE('',#568,#5437);
#5437 = DEFINITIONAL_REPRESENTATION('',(#5438),#5442);
#5438 = LINE('',#5439,#5440);
#5439 = CARTESIAN_POINT('',(0.,0.15));
#5440 = VECTOR('',#5441,1.);
#5441 = DIRECTION('',(1.,0.));
#5442 = ( GEOMETRIC_REPRESENTATION_CONTEXT(2) 
PARAMETRIC_REPRESENTATION_CONTEXT() REPRESENTATION_CONTEXT('2D SPACE',''
  ) );
#5443 = ORIENTED_EDGE('',*,*,#5444,.T.);
#5444 = EDGE_CURVE('',#5422,#5445,#5447,.T.);
#5445 = VERTEX_POINT('',#5446);
#5446 = CARTESIAN_POINT('',(0.574,-0.4,-1.155));
#5447 = SURFACE_CURVE('',#5448,(#5452,#5459),.PCURVE_S1.);
#5448 = LINE('',#5449,#5450);
#5449 = CARTESIAN_POINT('',(1.2545,-0.4,-1.155));
#5450 = VECTOR('',#5451,1.);
#5451 = DIRECTION('',(-1.,0.,0.));
#5452 = PCURVE('',#4747,#5453);
#5453 = DEFINITIONAL_REPRESENTATION('',(#5454),#5458);
#5454 = LINE('',#5455,#5456);
#5455 = CARTESIAN_POINT('',(1.2545,1.155));
#5456 = VECTOR('',#5457,1.);
#5457 = DIRECTION('',(-1.,0.));
#5458 = ( GEOMETRIC_REPRESENTATION_CONTEXT(2) 
PARAMETRIC_REPRESENTATION_CONTEXT() REPRESENTATION_CONTEXT('2D SPACE',''
  ) );
#5459 = PCURVE('',#540,#5460);
#5460 = DEFINITIONAL_REPRESENTATION('',(#5461),#5465);
#5461 = LINE('',#5462,#5463);
#5462 = CARTESIAN_POINT('',(0.,0.15));
#5463 = VECTOR('',#5464,1.);
#5464 = DIRECTION('',(1.,0.));
#5465 = ( GEOMETRIC_REPRESENTATION_CONTEXT(2) 
PARAMETRIC_REPRESENTATION_CONTEXT() REPRESENTATION_CONTEXT('2D SPACE',''
  ) );
#5466 = ORIENTED_EDGE('',*,*,#5467,.T.);
#5467 = EDGE_CURVE('',#5445,#5468,#5470,.T.);
#5468 = VERTEX_POINT('',#5469);
#5469 = CARTESIAN_POINT('',(0.574,-0.4,-1.305));
#5470 = SURFACE_CURVE('',#5471,(#5475,#5482),.PCURVE_S1.);
#5471 = LINE('',#5472,#5473);
#5472 = CARTESIAN_POINT('',(0.574,-0.4,-1.155));
#5473 = VECTOR('',#5474,1.);
#5474 = DIRECTION('',(0.,0.,-1.));
#5475 = PCURVE('',#4747,#5476);
#5476 = DEFINITIONAL_REPRESENTATION('',(#5477),#5481);
#5477 = LINE('',#5478,#5479);
#5478 = CARTESIAN_POINT('',(0.574,1.155));
#5479 = VECTOR('',#5480,1.);
#5480 = DIRECTION('',(0.,1.));
#5481 = ( GEOMETRIC_REPRESENTATION_CONTEXT(2) 
PARAMETRIC_REPRESENTATION_CONTEXT() REPRESENTATION_CONTEXT('2D SPACE',''
  ) );
#5482 = PCURVE('',#512,#5483);
#5483 = DEFINITIONAL_REPRESENTATION('',(#5484),#5488);
#5484 = LINE('',#5485,#5486);
#5485 = CARTESIAN_POINT('',(0.,0.15));
#5486 = VECTOR('',#5487,1.);
#5487 = DIRECTION('',(1.,0.));
#5488 = ( GEOMETRIC_REPRESENTATION_CONTEXT(2) 
PARAMETRIC_REPRESENTATION_CONTEXT() REPRESENTATION_CONTEXT('2D SPACE',''
  ) );
#5489 = ORIENTED_EDGE('',*,*,#5490,.T.);
#5490 = EDGE_CURVE('',#5468,#5491,#5493,.T.);
#5491 = VERTEX_POINT('',#5492);
#5492 = CARTESIAN_POINT('',(0.4735,-0.4,-1.305));
#5493 = SURFACE_CURVE('',#5494,(#5498,#5505),.PCURVE_S1.);
#5494 = LINE('',#5495,#5496);
#5495 = CARTESIAN_POINT('',(0.574,-0.4,-1.305));
#5496 = VECTOR('',#5497,1.);
#5497 = DIRECTION('',(-1.,0.,0.));
#5498 = PCURVE('',#4747,#5499);
#5499 = DEFINITIONAL_REPRESENTATION('',(#5500),#5504);
#5500 = LINE('',#5501,#5502);
#5501 = CARTESIAN_POINT('',(0.574,1.305));
#5502 = VECTOR('',#5503,1.);
#5503 = DIRECTION('',(-1.,0.));
#5504 = ( GEOMETRIC_REPRESENTATION_CONTEXT(2) 
PARAMETRIC_REPRESENTATION_CONTEXT() REPRESENTATION_CONTEXT('2D SPACE',''
  ) );
#5505 = PCURVE('',#484,#5506);
#5506 = DEFINITIONAL_REPRESENTATION('',(#5507),#5511);
#5507 = LINE('',#5508,#5509);
#5508 = CARTESIAN_POINT('',(0.,0.15));
#5509 = VECTOR('',#5510,1.);
#5510 = DIRECTION('',(1.,0.));
#5511 = ( GEOMETRIC_REPRESENTATION_CONTEXT(2) 
PARAMETRIC_REPRESENTATION_CONTEXT() REPRESENTATION_CONTEXT('2D SPACE',''
  ) );
#5512 = ORIENTED_EDGE('',*,*,#5513,.T.);
#5513 = EDGE_CURVE('',#5491,#5514,#5516,.T.);
#5514 = VERTEX_POINT('',#5515);
#5515 = CARTESIAN_POINT('',(0.4735,-0.4,-1.455));
#5516 = SURFACE_CURVE('',#5517,(#5521,#5528),.PCURVE_S1.);
#5517 = LINE('',#5518,#5519);
#5518 = CARTESIAN_POINT('',(0.4735,-0.4,-1.305));
#5519 = VECTOR('',#5520,1.);
#5520 = DIRECTION('',(0.,0.,-1.));
#5521 = PCURVE('',#4747,#5522);
#5522 = DEFINITIONAL_REPRESENTATION('',(#5523),#5527);
#5523 = LINE('',#5524,#5525);
#5524 = CARTESIAN_POINT('',(0.4735,1.305));
#5525 = VECTOR('',#5526,1.);
#5526 = DIRECTION('',(0.,1.));
#5527 = ( GEOMETRIC_REPRESENTATION_CONTEXT(2) 
PARAMETRIC_REPRESENTATION_CONTEXT() REPRESENTATION_CONTEXT('2D SPACE',''
  ) );
#5528 = PCURVE('',#456,#5529);
#5529 = DEFINITIONAL_REPRESENTATION('',(#5530),#5534);
#5530 = LINE('',#5531,#5532);
#5531 = CARTESIAN_POINT('',(0.,0.15));
#5532 = VECTOR('',#5533,1.);
#5533 = DIRECTION('',(1.,0.));
#5534 = ( GEOMETRIC_REPRESENTATION_CONTEXT(2) 
PARAMETRIC_REPRESENTATION_CONTEXT() REPRESENTATION_CONTEXT('2D SPACE',''
  ) );
#5535 = ORIENTED_EDGE('',*,*,#5536,.T.);
#5536 = EDGE_CURVE('',#5514,#5537,#5539,.T.);
#5537 = VERTEX_POINT('',#5538);
#5538 = CARTESIAN_POINT('',(0.1735,-0.4,-1.455));
#5539 = SURFACE_CURVE('',#5540,(#5544,#5551),.PCURVE_S1.);
#5540 = LINE('',#5541,#5542);
#5541 = CARTESIAN_POINT('',(0.4735,-0.4,-1.455));
#5542 = VECTOR('',#5543,1.);
#5543 = DIRECTION('',(-1.,0.,0.));
#5544 = PCURVE('',#4747,#5545);
#5545 = DEFINITIONAL_REPRESENTATION('',(#5546),#5550);
#5546 = LINE('',#5547,#5548);
#5547 = CARTESIAN_POINT('',(0.4735,1.455));
#5548 = VECTOR('',#5549,1.);
#5549 = DIRECTION('',(-1.,0.));
#5550 = ( GEOMETRIC_REPRESENTATION_CONTEXT(2) 
PARAMETRIC_REPRESENTATION_CONTEXT() REPRESENTATION_CONTEXT('2D SPACE',''
  ) );
#5551 = PCURVE('',#428,#5552);
#5552 = DEFINITIONAL_REPRESENTATION('',(#5553),#5557);
#5553 = LINE('',#5554,#5555);
#5554 = CARTESIAN_POINT('',(0.,0.15));
#5555 = VECTOR('',#5556,1.);
#5556 = DIRECTION('',(1.,0.));
#5557 = ( GEOMETRIC_REPRESENTATION_CONTEXT(2) 
PARAMETRIC_REPRESENTATION_CONTEXT() REPRESENTATION_CONTEXT('2D SPACE',''
  ) );
#5558 = ORIENTED_EDGE('',*,*,#5559,.T.);
#5559 = EDGE_CURVE('',#5537,#5560,#5562,.T.);
#5560 = VERTEX_POINT('',#5561);
#5561 = CARTESIAN_POINT('',(0.1735,-0.4,-1.305));
#5562 = SURFACE_CURVE('',#5563,(#5567,#5574),.PCURVE_S1.);
#5563 = LINE('',#5564,#5565);
#5564 = CARTESIAN_POINT('',(0.1735,-0.4,-1.455));
#5565 = VECTOR('',#5566,1.);
#5566 = DIRECTION('',(0.,0.,1.));
#5567 = PCURVE('',#4747,#5568);
#5568 = DEFINITIONAL_REPRESENTATION('',(#5569),#5573);
#5569 = LINE('',#5570,#5571);
#5570 = CARTESIAN_POINT('',(0.1735,1.455));
#5571 = VECTOR('',#5572,1.);
#5572 = DIRECTION('',(0.,-1.));
#5573 = ( GEOMETRIC_REPRESENTATION_CONTEXT(2) 
PARAMETRIC_REPRESENTATION_CONTEXT() REPRESENTATION_CONTEXT('2D SPACE',''
  ) );
#5574 = PCURVE('',#400,#5575);
#5575 = DEFINITIONAL_REPRESENTATION('',(#5576),#5580);
#5576 = LINE('',#5577,#5578);
#5577 = CARTESIAN_POINT('',(0.,0.15));
#5578 = VECTOR('',#5579,1.);
#5579 = DIRECTION('',(1.,0.));
#5580 = ( GEOMETRIC_REPRESENTATION_CONTEXT(2) 
PARAMETRIC_REPRESENTATION_CONTEXT() REPRESENTATION_CONTEXT('2D SPACE',''
  ) );
#5581 = ORIENTED_EDGE('',*,*,#5582,.T.);
#5582 = EDGE_CURVE('',#5560,#5583,#5585,.T.);
#5583 = VERTEX_POINT('',#5584);
#5584 = CARTESIAN_POINT('',(-0.1735,-0.4,-1.305));
#5585 = SURFACE_CURVE('',#5586,(#5590,#5597),.PCURVE_S1.);
#5586 = LINE('',#5587,#5588);
#5587 = CARTESIAN_POINT('',(0.1735,-0.4,-1.305));
#5588 = VECTOR('',#5589,1.);
#5589 = DIRECTION('',(-1.,0.,0.));
#5590 = PCURVE('',#4747,#5591);
#5591 = DEFINITIONAL_REPRESENTATION('',(#5592),#5596);
#5592 = LINE('',#5593,#5594);
#5593 = CARTESIAN_POINT('',(0.1735,1.305));
#5594 = VECTOR('',#5595,1.);
#5595 = DIRECTION('',(-1.,0.));
#5596 = ( GEOMETRIC_REPRESENTATION_CONTEXT(2) 
PARAMETRIC_REPRESENTATION_CONTEXT() REPRESENTATION_CONTEXT('2D SPACE',''
  ) );
#5597 = PCURVE('',#372,#5598);
#5598 = DEFINITIONAL_REPRESENTATION('',(#5599),#5603);
#5599 = LINE('',#5600,#5601);
#5600 = CARTESIAN_POINT('',(0.,0.15));
#5601 = VECTOR('',#5602,1.);
#5602 = DIRECTION('',(1.,0.));
#5603 = ( GEOMETRIC_REPRESENTATION_CONTEXT(2) 
PARAMETRIC_REPRESENTATION_CONTEXT() REPRESENTATION_CONTEXT('2D SPACE',''
  ) );
#5604 = ORIENTED_EDGE('',*,*,#5605,.T.);
#5605 = EDGE_CURVE('',#5583,#5606,#5608,.T.);
#5606 = VERTEX_POINT('',#5607);
#5607 = CARTESIAN_POINT('',(-0.1735,-0.4,-1.455));
#5608 = SURFACE_CURVE('',#5609,(#5613,#5620),.PCURVE_S1.);
#5609 = LINE('',#5610,#5611);
#5610 = CARTESIAN_POINT('',(-0.1735,-0.4,-1.305));
#5611 = VECTOR('',#5612,1.);
#5612 = DIRECTION('',(0.,0.,-1.));
#5613 = PCURVE('',#4747,#5614);
#5614 = DEFINITIONAL_REPRESENTATION('',(#5615),#5619);
#5615 = LINE('',#5616,#5617);
#5616 = CARTESIAN_POINT('',(-0.1735,1.305));
#5617 = VECTOR('',#5618,1.);
#5618 = DIRECTION('',(0.,1.));
#5619 = ( GEOMETRIC_REPRESENTATION_CONTEXT(2) 
PARAMETRIC_REPRESENTATION_CONTEXT() REPRESENTATION_CONTEXT('2D SPACE',''
  ) );
#5620 = PCURVE('',#344,#5621);
#5621 = DEFINITIONAL_REPRESENTATION('',(#5622),#5626);
#5622 = LINE('',#5623,#5624);
#5623 = CARTESIAN_POINT('',(0.,0.15));
#5624 = VECTOR('',#5625,1.);
#5625 = DIRECTION('',(1.,0.));
#5626 = ( GEOMETRIC_REPRESENTATION_CONTEXT(2) 
PARAMETRIC_REPRESENTATION_CONTEXT() REPRESENTATION_CONTEXT('2D SPACE',''
  ) );
#5627 = ORIENTED_EDGE('',*,*,#5628,.T.);
#5628 = EDGE_CURVE('',#5606,#5629,#5631,.T.);
#5629 = VERTEX_POINT('',#5630);
#5630 = CARTESIAN_POINT('',(-0.4735,-0.4,-1.455));
#5631 = SURFACE_CURVE('',#5632,(#5636,#5643),.PCURVE_S1.);
#5632 = LINE('',#5633,#5634);
#5633 = CARTESIAN_POINT('',(-0.1735,-0.4,-1.455));
#5634 = VECTOR('',#5635,1.);
#5635 = DIRECTION('',(-1.,0.,0.));
#5636 = PCURVE('',#4747,#5637);
#5637 = DEFINITIONAL_REPRESENTATION('',(#5638),#5642);
#5638 = LINE('',#5639,#5640);
#5639 = CARTESIAN_POINT('',(-0.1735,1.455));
#5640 = VECTOR('',#5641,1.);
#5641 = DIRECTION('',(-1.,0.));
#5642 = ( GEOMETRIC_REPRESENTATION_CONTEXT(2) 
PARAMETRIC_REPRESENTATION_CONTEXT() REPRESENTATION_CONTEXT('2D SPACE',''
  ) );
#5643 = PCURVE('',#316,#5644);
#5644 = DEFINITIONAL_REPRESENTATION('',(#5645),#5649);
#5645 = LINE('',#5646,#5647);
#5646 = CARTESIAN_POINT('',(0.,0.15));
#5647 = VECTOR('',#5648,1.);
#5648 = DIRECTION('',(1.,0.));
#5649 = ( GEOMETRIC_REPRESENTATION_CONTEXT(2) 
PARAMETRIC_REPRESENTATION_CONTEXT() REPRESENTATION_CONTEXT('2D SPACE',''
  ) );
#5650 = ORIENTED_EDGE('',*,*,#5651,.T.);
#5651 = EDGE_CURVE('',#5629,#5652,#5654,.T.);
#5652 = VERTEX_POINT('',#5653);
#5653 = CARTESIAN_POINT('',(-0.4735,-0.4,-1.305));
#5654 = SURFACE_CURVE('',#5655,(#5659,#5666),.PCURVE_S1.);
#5655 = LINE('',#5656,#5657);
#5656 = CARTESIAN_POINT('',(-0.4735,-0.4,-1.455));
#5657 = VECTOR('',#5658,1.);
#5658 = DIRECTION('',(0.,0.,1.));
#5659 = PCURVE('',#4747,#5660);
#5660 = DEFINITIONAL_REPRESENTATION('',(#5661),#5665);
#5661 = LINE('',#5662,#5663);
#5662 = CARTESIAN_POINT('',(-0.4735,1.455));
#5663 = VECTOR('',#5664,1.);
#5664 = DIRECTION('',(0.,-1.));
#5665 = ( GEOMETRIC_REPRESENTATION_CONTEXT(2) 
PARAMETRIC_REPRESENTATION_CONTEXT() REPRESENTATION_CONTEXT('2D SPACE',''
  ) );
#5666 = PCURVE('',#288,#5667);
#5667 = DEFINITIONAL_REPRESENTATION('',(#5668),#5672);
#5668 = LINE('',#5669,#5670);
#5669 = CARTESIAN_POINT('',(0.,0.15));
#5670 = VECTOR('',#5671,1.);
#5671 = DIRECTION('',(1.,0.));
#5672 = ( GEOMETRIC_REPRESENTATION_CONTEXT(2) 
PARAMETRIC_REPRESENTATION_CONTEXT() REPRESENTATION_CONTEXT('2D SPACE',''
  ) );
#5673 = ORIENTED_EDGE('',*,*,#5674,.T.);
#5674 = EDGE_CURVE('',#5652,#5675,#5677,.T.);
#5675 = VERTEX_POINT('',#5676);
#5676 = CARTESIAN_POINT('',(-0.574,-0.4,-1.305));
#5677 = SURFACE_CURVE('',#5678,(#5682,#5689),.PCURVE_S1.);
#5678 = LINE('',#5679,#5680);
#5679 = CARTESIAN_POINT('',(-0.4735,-0.4,-1.305));
#5680 = VECTOR('',#5681,1.);
#5681 = DIRECTION('',(-1.,0.,0.));
#5682 = PCURVE('',#4747,#5683);
#5683 = DEFINITIONAL_REPRESENTATION('',(#5684),#5688);
#5684 = LINE('',#5685,#5686);
#5685 = CARTESIAN_POINT('',(-0.4735,1.305));
#5686 = VECTOR('',#5687,1.);
#5687 = DIRECTION('',(-1.,0.));
#5688 = ( GEOMETRIC_REPRESENTATION_CONTEXT(2) 
PARAMETRIC_REPRESENTATION_CONTEXT() REPRESENTATION_CONTEXT('2D SPACE',''
  ) );
#5689 = PCURVE('',#260,#5690);
#5690 = DEFINITIONAL_REPRESENTATION('',(#5691),#5695);
#5691 = LINE('',#5692,#5693);
#5692 = CARTESIAN_POINT('',(0.,0.15));
#5693 = VECTOR('',#5694,1.);
#5694 = DIRECTION('',(1.,0.));
#5695 = ( GEOMETRIC_REPRESENTATION_CONTEXT(2) 
PARAMETRIC_REPRESENTATION_CONTEXT() REPRESENTATION_CONTEXT('2D SPACE',''
  ) );
#5696 = ORIENTED_EDGE('',*,*,#5697,.T.);
#5697 = EDGE_CURVE('',#5675,#5698,#5700,.T.);
#5698 = VERTEX_POINT('',#5699);
#5699 = CARTESIAN_POINT('',(-0.574,-0.4,-1.155));
#5700 = SURFACE_CURVE('',#5701,(#5705,#5712),.PCURVE_S1.);
#5701 = LINE('',#5702,#5703);
#5702 = CARTESIAN_POINT('',(-0.574,-0.4,-1.305));
#5703 = VECTOR('',#5704,1.);
#5704 = DIRECTION('',(0.,0.,1.));
#5705 = PCURVE('',#4747,#5706);
#5706 = DEFINITIONAL_REPRESENTATION('',(#5707),#5711);
#5707 = LINE('',#5708,#5709);
#5708 = CARTESIAN_POINT('',(-0.574,1.305));
#5709 = VECTOR('',#5710,1.);
#5710 = DIRECTION('',(0.,-1.));
#5711 = ( GEOMETRIC_REPRESENTATION_CONTEXT(2) 
PARAMETRIC_REPRESENTATION_CONTEXT() REPRESENTATION_CONTEXT('2D SPACE',''
  ) );
#5712 = PCURVE('',#232,#5713);
#5713 = DEFINITIONAL_REPRESENTATION('',(#5714),#5718);
#5714 = LINE('',#5715,#5716);
#5715 = CARTESIAN_POINT('',(0.,0.15));
#5716 = VECTOR('',#5717,1.);
#5717 = DIRECTION('',(1.,0.));
#5718 = ( GEOMETRIC_REPRESENTATION_CONTEXT(2) 
PARAMETRIC_REPRESENTATION_CONTEXT() REPRESENTATION_CONTEXT('2D SPACE',''
  ) );
#5719 = ORIENTED_EDGE('',*,*,#5720,.T.);
#5720 = EDGE_CURVE('',#5698,#4732,#5721,.T.);
#5721 = SURFACE_CURVE('',#5722,(#5726,#5733),.PCURVE_S1.);
#5722 = LINE('',#5723,#5724);
#5723 = CARTESIAN_POINT('',(-0.574,-0.4,-1.155));
#5724 = VECTOR('',#5725,1.);
#5725 = DIRECTION('',(-1.,0.,0.));
#5726 = PCURVE('',#4747,#5727);
#5727 = DEFINITIONAL_REPRESENTATION('',(#5728),#5732);
#5728 = LINE('',#5729,#5730);
#5729 = CARTESIAN_POINT('',(-0.574,1.155));
#5730 = VECTOR('',#5731,1.);
#5731 = DIRECTION('',(-1.,0.));
#5732 = ( GEOMETRIC_REPRESENTATION_CONTEXT(2) 
PARAMETRIC_REPRESENTATION_CONTEXT() REPRESENTATION_CONTEXT('2D SPACE',''
  ) );
#5733 = PCURVE('',#204,#5734);
#5734 = DEFINITIONAL_REPRESENTATION('',(#5735),#5739);
#5735 = LINE('',#5736,#5737);
#5736 = CARTESIAN_POINT('',(1.8285,0.15));
#5737 = VECTOR('',#5738,1.);
#5738 = DIRECTION('',(1.,0.));
#5739 = ( GEOMETRIC_REPRESENTATION_CONTEXT(2) 
PARAMETRIC_REPRESENTATION_CONTEXT() REPRESENTATION_CONTEXT('2D SPACE',''
  ) );
#5740 = ORIENTED_EDGE('',*,*,#4731,.T.);
#5741 = ORIENTED_EDGE('',*,*,#4807,.T.);
#5742 = ORIENTED_EDGE('',*,*,#4927,.F.);
#5743 = ORIENTED_EDGE('',*,*,#4976,.F.);
#5744 = ORIENTED_EDGE('',*,*,#5025,.F.);
#5745 = ORIENTED_EDGE('',*,*,#5074,.F.);
#5746 = ORIENTED_EDGE('',*,*,#5123,.F.);
#5747 = ORIENTED_EDGE('',*,*,#5172,.F.);
#5748 = ORIENTED_EDGE('',*,*,#5221,.F.);
#5749 = ORIENTED_EDGE('',*,*,#5270,.F.);
#5750 = ORIENTED_EDGE('',*,*,#5319,.F.);
#5751 = ORIENTED_EDGE('',*,*,#5368,.F.);
#5752 = ORIENTED_EDGE('',*,*,#5395,.F.);
#5753 = ADVANCED_FACE('',(#5754),#568,.F.);
#5754 = FACE_BOUND('',#5755,.F.);
#5755 = EDGE_LOOP('',(#5756,#5757,#5778,#5779));
#5756 = ORIENTED_EDGE('',*,*,#552,.T.);
#5757 = ORIENTED_EDGE('',*,*,#5758,.T.);
#5758 = EDGE_CURVE('',#525,#5422,#5759,.T.);
#5759 = SURFACE_CURVE('',#5760,(#5764,#5771),.PCURVE_S1.);
#5760 = LINE('',#5761,#5762);
#5761 = CARTESIAN_POINT('',(1.2545,-0.55,-1.155));
#5762 = VECTOR('',#5763,1.);
#5763 = DIRECTION('',(0.,1.,0.));
#5764 = PCURVE('',#568,#5765);
#5765 = DEFINITIONAL_REPRESENTATION('',(#5766),#5770);
#5766 = LINE('',#5767,#5768);
#5767 = CARTESIAN_POINT('',(2.31,0.));
#5768 = VECTOR('',#5769,1.);
#5769 = DIRECTION('',(0.,1.));
#5770 = ( GEOMETRIC_REPRESENTATION_CONTEXT(2) 
PARAMETRIC_REPRESENTATION_CONTEXT() REPRESENTATION_CONTEXT('2D SPACE',''
  ) );
#5771 = PCURVE('',#540,#5772);
#5772 = DEFINITIONAL_REPRESENTATION('',(#5773),#5777);
#5773 = LINE('',#5774,#5775);
#5774 = CARTESIAN_POINT('',(0.,0.));
#5775 = VECTOR('',#5776,1.);
#5776 = DIRECTION('',(0.,1.));
#5777 = ( GEOMETRIC_REPRESENTATION_CONTEXT(2) 
PARAMETRIC_REPRESENTATION_CONTEXT() REPRESENTATION_CONTEXT('2D SPACE',''
  ) );
#5778 = ORIENTED_EDGE('',*,*,#5421,.F.);
#5779 = ORIENTED_EDGE('',*,*,#4833,.F.);
#5780 = ADVANCED_FACE('',(#5781),#540,.F.);
#5781 = FACE_BOUND('',#5782,.F.);
#5782 = EDGE_LOOP('',(#5783,#5784,#5805,#5806));
#5783 = ORIENTED_EDGE('',*,*,#524,.T.);
#5784 = ORIENTED_EDGE('',*,*,#5785,.T.);
#5785 = EDGE_CURVE('',#497,#5445,#5786,.T.);
#5786 = SURFACE_CURVE('',#5787,(#5791,#5798),.PCURVE_S1.);
#5787 = LINE('',#5788,#5789);
#5788 = CARTESIAN_POINT('',(0.574,-0.55,-1.155));
#5789 = VECTOR('',#5790,1.);
#5790 = DIRECTION('',(0.,1.,0.));
#5791 = PCURVE('',#540,#5792);
#5792 = DEFINITIONAL_REPRESENTATION('',(#5793),#5797);
#5793 = LINE('',#5794,#5795);
#5794 = CARTESIAN_POINT('',(0.6805,0.));
#5795 = VECTOR('',#5796,1.);
#5796 = DIRECTION('',(0.,1.));
#5797 = ( GEOMETRIC_REPRESENTATION_CONTEXT(2) 
PARAMETRIC_REPRESENTATION_CONTEXT() REPRESENTATION_CONTEXT('2D SPACE',''
  ) );
#5798 = PCURVE('',#512,#5799);
#5799 = DEFINITIONAL_REPRESENTATION('',(#5800),#5804);
#5800 = LINE('',#5801,#5802);
#5801 = CARTESIAN_POINT('',(0.,0.));
#5802 = VECTOR('',#5803,1.);
#5803 = DIRECTION('',(0.,1.));
#5804 = ( GEOMETRIC_REPRESENTATION_CONTEXT(2) 
PARAMETRIC_REPRESENTATION_CONTEXT() REPRESENTATION_CONTEXT('2D SPACE',''
  ) );
#5805 = ORIENTED_EDGE('',*,*,#5444,.F.);
#5806 = ORIENTED_EDGE('',*,*,#5758,.F.);
#5807 = ADVANCED_FACE('',(#5808),#204,.F.);
#5808 = FACE_BOUND('',#5809,.F.);
#5809 = EDGE_LOOP('',(#5810,#5811,#5812,#5813));
#5810 = ORIENTED_EDGE('',*,*,#188,.T.);
#5811 = ORIENTED_EDGE('',*,*,#4759,.T.);
#5812 = ORIENTED_EDGE('',*,*,#5720,.F.);
#5813 = ORIENTED_EDGE('',*,*,#5814,.F.);
#5814 = EDGE_CURVE('',#189,#5698,#5815,.T.);
#5815 = SURFACE_CURVE('',#5816,(#5820,#5827),.PCURVE_S1.);
#5816 = LINE('',#5817,#5818);
#5817 = CARTESIAN_POINT('',(-0.574,-0.55,-1.155));
#5818 = VECTOR('',#5819,1.);
#5819 = DIRECTION('',(0.,1.,0.));
#5820 = PCURVE('',#204,#5821);
#5821 = DEFINITIONAL_REPRESENTATION('',(#5822),#5826);
#5822 = LINE('',#5823,#5824);
#5823 = CARTESIAN_POINT('',(1.8285,0.));
#5824 = VECTOR('',#5825,1.);
#5825 = DIRECTION('',(0.,1.));
#5826 = ( GEOMETRIC_REPRESENTATION_CONTEXT(2) 
PARAMETRIC_REPRESENTATION_CONTEXT() REPRESENTATION_CONTEXT('2D SPACE',''
  ) );
#5827 = PCURVE('',#232,#5828);
#5828 = DEFINITIONAL_REPRESENTATION('',(#5829),#5833);
#5829 = LINE('',#5830,#5831);
#5830 = CARTESIAN_POINT('',(0.15,0.));
#5831 = VECTOR('',#5832,1.);
#5832 = DIRECTION('',(0.,1.));
#5833 = ( GEOMETRIC_REPRESENTATION_CONTEXT(2) 
PARAMETRIC_REPRESENTATION_CONTEXT() REPRESENTATION_CONTEXT('2D SPACE',''
  ) );
#5834 = ADVANCED_FACE('',(#5835),#512,.F.);
#5835 = FACE_BOUND('',#5836,.F.);
#5836 = EDGE_LOOP('',(#5837,#5838,#5859,#5860));
#5837 = ORIENTED_EDGE('',*,*,#496,.T.);
#5838 = ORIENTED_EDGE('',*,*,#5839,.T.);
#5839 = EDGE_CURVE('',#469,#5468,#5840,.T.);
#5840 = SURFACE_CURVE('',#5841,(#5845,#5852),.PCURVE_S1.);
#5841 = LINE('',#5842,#5843);
#5842 = CARTESIAN_POINT('',(0.574,-0.55,-1.305));
#5843 = VECTOR('',#5844,1.);
#5844 = DIRECTION('',(0.,1.,0.));
#5845 = PCURVE('',#512,#5846);
#5846 = DEFINITIONAL_REPRESENTATION('',(#5847),#5851);
#5847 = LINE('',#5848,#5849);
#5848 = CARTESIAN_POINT('',(0.15,0.));
#5849 = VECTOR('',#5850,1.);
#5850 = DIRECTION('',(0.,1.));
#5851 = ( GEOMETRIC_REPRESENTATION_CONTEXT(2) 
PARAMETRIC_REPRESENTATION_CONTEXT() REPRESENTATION_CONTEXT('2D SPACE',''
  ) );
#5852 = PCURVE('',#484,#5853);
#5853 = DEFINITIONAL_REPRESENTATION('',(#5854),#5858);
#5854 = LINE('',#5855,#5856);
#5855 = CARTESIAN_POINT('',(0.,0.));
#5856 = VECTOR('',#5857,1.);
#5857 = DIRECTION('',(0.,1.));
#5858 = ( GEOMETRIC_REPRESENTATION_CONTEXT(2) 
PARAMETRIC_REPRESENTATION_CONTEXT() REPRESENTATION_CONTEXT('2D SPACE',''
  ) );
#5859 = ORIENTED_EDGE('',*,*,#5467,.F.);
#5860 = ORIENTED_EDGE('',*,*,#5785,.F.);
#5861 = ADVANCED_FACE('',(#5862),#484,.F.);
#5862 = FACE_BOUND('',#5863,.F.);
#5863 = EDGE_LOOP('',(#5864,#5865,#5886,#5887));
#5864 = ORIENTED_EDGE('',*,*,#468,.T.);
#5865 = ORIENTED_EDGE('',*,*,#5866,.T.);
#5866 = EDGE_CURVE('',#441,#5491,#5867,.T.);
#5867 = SURFACE_CURVE('',#5868,(#5872,#5879),.PCURVE_S1.);
#5868 = LINE('',#5869,#5870);
#5869 = CARTESIAN_POINT('',(0.4735,-0.55,-1.305));
#5870 = VECTOR('',#5871,1.);
#5871 = DIRECTION('',(0.,1.,0.));
#5872 = PCURVE('',#484,#5873);
#5873 = DEFINITIONAL_REPRESENTATION('',(#5874),#5878);
#5874 = LINE('',#5875,#5876);
#5875 = CARTESIAN_POINT('',(0.1005,0.));
#5876 = VECTOR('',#5877,1.);
#5877 = DIRECTION('',(0.,1.));
#5878 = ( GEOMETRIC_REPRESENTATION_CONTEXT(2) 
PARAMETRIC_REPRESENTATION_CONTEXT() REPRESENTATION_CONTEXT('2D SPACE',''
  ) );
#5879 = PCURVE('',#456,#5880);
#5880 = DEFINITIONAL_REPRESENTATION('',(#5881),#5885);
#5881 = LINE('',#5882,#5883);
#5882 = CARTESIAN_POINT('',(0.,0.));
#5883 = VECTOR('',#5884,1.);
#5884 = DIRECTION('',(0.,1.));
#5885 = ( GEOMETRIC_REPRESENTATION_CONTEXT(2) 
PARAMETRIC_REPRESENTATION_CONTEXT() REPRESENTATION_CONTEXT('2D SPACE',''
  ) );
#5886 = ORIENTED_EDGE('',*,*,#5490,.F.);
#5887 = ORIENTED_EDGE('',*,*,#5839,.F.);
#5888 = ADVANCED_FACE('',(#5889),#456,.F.);
#5889 = FACE_BOUND('',#5890,.F.);
#5890 = EDGE_LOOP('',(#5891,#5892,#5913,#5914));
#5891 = ORIENTED_EDGE('',*,*,#440,.T.);
#5892 = ORIENTED_EDGE('',*,*,#5893,.T.);
#5893 = EDGE_CURVE('',#413,#5514,#5894,.T.);
#5894 = SURFACE_CURVE('',#5895,(#5899,#5906),.PCURVE_S1.);
#5895 = LINE('',#5896,#5897);
#5896 = CARTESIAN_POINT('',(0.4735,-0.55,-1.455));
#5897 = VECTOR('',#5898,1.);
#5898 = DIRECTION('',(0.,1.,0.));
#5899 = PCURVE('',#456,#5900);
#5900 = DEFINITIONAL_REPRESENTATION('',(#5901),#5905);
#5901 = LINE('',#5902,#5903);
#5902 = CARTESIAN_POINT('',(0.15,0.));
#5903 = VECTOR('',#5904,1.);
#5904 = DIRECTION('',(0.,1.));
#5905 = ( GEOMETRIC_REPRESENTATION_CONTEXT(2) 
PARAMETRIC_REPRESENTATION_CONTEXT() REPRESENTATION_CONTEXT('2D SPACE',''
  ) );
#5906 = PCURVE('',#428,#5907);
#5907 = DEFINITIONAL_REPRESENTATION('',(#5908),#5912);
#5908 = LINE('',#5909,#5910);
#5909 = CARTESIAN_POINT('',(0.,0.));
#5910 = VECTOR('',#5911,1.);
#5911 = DIRECTION('',(0.,1.));
#5912 = ( GEOMETRIC_REPRESENTATION_CONTEXT(2) 
PARAMETRIC_REPRESENTATION_CONTEXT() REPRESENTATION_CONTEXT('2D SPACE',''
  ) );
#5913 = ORIENTED_EDGE('',*,*,#5513,.F.);
#5914 = ORIENTED_EDGE('',*,*,#5866,.F.);
#5915 = ADVANCED_FACE('',(#5916),#428,.F.);
#5916 = FACE_BOUND('',#5917,.F.);
#5917 = EDGE_LOOP('',(#5918,#5919,#5940,#5941));
#5918 = ORIENTED_EDGE('',*,*,#412,.T.);
#5919 = ORIENTED_EDGE('',*,*,#5920,.T.);
#5920 = EDGE_CURVE('',#385,#5537,#5921,.T.);
#5921 = SURFACE_CURVE('',#5922,(#5926,#5933),.PCURVE_S1.);
#5922 = LINE('',#5923,#5924);
#5923 = CARTESIAN_POINT('',(0.1735,-0.55,-1.455));
#5924 = VECTOR('',#5925,1.);
#5925 = DIRECTION('',(0.,1.,0.));
#5926 = PCURVE('',#428,#5927);
#5927 = DEFINITIONAL_REPRESENTATION('',(#5928),#5932);
#5928 = LINE('',#5929,#5930);
#5929 = CARTESIAN_POINT('',(0.3,0.));
#5930 = VECTOR('',#5931,1.);
#5931 = DIRECTION('',(0.,1.));
#5932 = ( GEOMETRIC_REPRESENTATION_CONTEXT(2) 
PARAMETRIC_REPRESENTATION_CONTEXT() REPRESENTATION_CONTEXT('2D SPACE',''
  ) );
#5933 = PCURVE('',#400,#5934);
#5934 = DEFINITIONAL_REPRESENTATION('',(#5935),#5939);
#5935 = LINE('',#5936,#5937);
#5936 = CARTESIAN_POINT('',(0.,0.));
#5937 = VECTOR('',#5938,1.);
#5938 = DIRECTION('',(0.,1.));
#5939 = ( GEOMETRIC_REPRESENTATION_CONTEXT(2) 
PARAMETRIC_REPRESENTATION_CONTEXT() REPRESENTATION_CONTEXT('2D SPACE',''
  ) );
#5940 = ORIENTED_EDGE('',*,*,#5536,.F.);
#5941 = ORIENTED_EDGE('',*,*,#5893,.F.);
#5942 = ADVANCED_FACE('',(#5943),#400,.F.);
#5943 = FACE_BOUND('',#5944,.F.);
#5944 = EDGE_LOOP('',(#5945,#5946,#5967,#5968));
#5945 = ORIENTED_EDGE('',*,*,#384,.T.);
#5946 = ORIENTED_EDGE('',*,*,#5947,.T.);
#5947 = EDGE_CURVE('',#357,#5560,#5948,.T.);
#5948 = SURFACE_CURVE('',#5949,(#5953,#5960),.PCURVE_S1.);
#5949 = LINE('',#5950,#5951);
#5950 = CARTESIAN_POINT('',(0.1735,-0.55,-1.305));
#5951 = VECTOR('',#5952,1.);
#5952 = DIRECTION('',(0.,1.,0.));
#5953 = PCURVE('',#400,#5954);
#5954 = DEFINITIONAL_REPRESENTATION('',(#5955),#5959);
#5955 = LINE('',#5956,#5957);
#5956 = CARTESIAN_POINT('',(0.15,0.));
#5957 = VECTOR('',#5958,1.);
#5958 = DIRECTION('',(0.,1.));
#5959 = ( GEOMETRIC_REPRESENTATION_CONTEXT(2) 
PARAMETRIC_REPRESENTATION_CONTEXT() REPRESENTATION_CONTEXT('2D SPACE',''
  ) );
#5960 = PCURVE('',#372,#5961);
#5961 = DEFINITIONAL_REPRESENTATION('',(#5962),#5966);
#5962 = LINE('',#5963,#5964);
#5963 = CARTESIAN_POINT('',(0.,0.));
#5964 = VECTOR('',#5965,1.);
#5965 = DIRECTION('',(0.,1.));
#5966 = ( GEOMETRIC_REPRESENTATION_CONTEXT(2) 
PARAMETRIC_REPRESENTATION_CONTEXT() REPRESENTATION_CONTEXT('2D SPACE',''
  ) );
#5967 = ORIENTED_EDGE('',*,*,#5559,.F.);
#5968 = ORIENTED_EDGE('',*,*,#5920,.F.);
#5969 = ADVANCED_FACE('',(#5970),#372,.F.);
#5970 = FACE_BOUND('',#5971,.F.);
#5971 = EDGE_LOOP('',(#5972,#5973,#5994,#5995));
#5972 = ORIENTED_EDGE('',*,*,#356,.T.);
#5973 = ORIENTED_EDGE('',*,*,#5974,.T.);
#5974 = EDGE_CURVE('',#329,#5583,#5975,.T.);
#5975 = SURFACE_CURVE('',#5976,(#5980,#5987),.PCURVE_S1.);
#5976 = LINE('',#5977,#5978);
#5977 = CARTESIAN_POINT('',(-0.1735,-0.55,-1.305));
#5978 = VECTOR('',#5979,1.);
#5979 = DIRECTION('',(0.,1.,0.));
#5980 = PCURVE('',#372,#5981);
#5981 = DEFINITIONAL_REPRESENTATION('',(#5982),#5986);
#5982 = LINE('',#5983,#5984);
#5983 = CARTESIAN_POINT('',(0.347,0.));
#5984 = VECTOR('',#5985,1.);
#5985 = DIRECTION('',(0.,1.));
#5986 = ( GEOMETRIC_REPRESENTATION_CONTEXT(2) 
PARAMETRIC_REPRESENTATION_CONTEXT() REPRESENTATION_CONTEXT('2D SPACE',''
  ) );
#5987 = PCURVE('',#344,#5988);
#5988 = DEFINITIONAL_REPRESENTATION('',(#5989),#5993);
#5989 = LINE('',#5990,#5991);
#5990 = CARTESIAN_POINT('',(0.,0.));
#5991 = VECTOR('',#5992,1.);
#5992 = DIRECTION('',(0.,1.));
#5993 = ( GEOMETRIC_REPRESENTATION_CONTEXT(2) 
PARAMETRIC_REPRESENTATION_CONTEXT() REPRESENTATION_CONTEXT('2D SPACE',''
  ) );
#5994 = ORIENTED_EDGE('',*,*,#5582,.F.);
#5995 = ORIENTED_EDGE('',*,*,#5947,.F.);
#5996 = ADVANCED_FACE('',(#5997),#344,.F.);
#5997 = FACE_BOUND('',#5998,.F.);
#5998 = EDGE_LOOP('',(#5999,#6000,#6021,#6022));
#5999 = ORIENTED_EDGE('',*,*,#328,.T.);
#6000 = ORIENTED_EDGE('',*,*,#6001,.T.);
#6001 = EDGE_CURVE('',#301,#5606,#6002,.T.);
#6002 = SURFACE_CURVE('',#6003,(#6007,#6014),.PCURVE_S1.);
#6003 = LINE('',#6004,#6005);
#6004 = CARTESIAN_POINT('',(-0.1735,-0.55,-1.455));
#6005 = VECTOR('',#6006,1.);
#6006 = DIRECTION('',(0.,1.,0.));
#6007 = PCURVE('',#344,#6008);
#6008 = DEFINITIONAL_REPRESENTATION('',(#6009),#6013);
#6009 = LINE('',#6010,#6011);
#6010 = CARTESIAN_POINT('',(0.15,0.));
#6011 = VECTOR('',#6012,1.);
#6012 = DIRECTION('',(0.,1.));
#6013 = ( GEOMETRIC_REPRESENTATION_CONTEXT(2) 
PARAMETRIC_REPRESENTATION_CONTEXT() REPRESENTATION_CONTEXT('2D SPACE',''
  ) );
#6014 = PCURVE('',#316,#6015);
#6015 = DEFINITIONAL_REPRESENTATION('',(#6016),#6020);
#6016 = LINE('',#6017,#6018);
#6017 = CARTESIAN_POINT('',(0.,0.));
#6018 = VECTOR('',#6019,1.);
#6019 = DIRECTION('',(0.,1.));
#6020 = ( GEOMETRIC_REPRESENTATION_CONTEXT(2) 
PARAMETRIC_REPRESENTATION_CONTEXT() REPRESENTATION_CONTEXT('2D SPACE',''
  ) );
#6021 = ORIENTED_EDGE('',*,*,#5605,.F.);
#6022 = ORIENTED_EDGE('',*,*,#5974,.F.);
#6023 = ADVANCED_FACE('',(#6024),#316,.F.);
#6024 = FACE_BOUND('',#6025,.F.);
#6025 = EDGE_LOOP('',(#6026,#6027,#6048,#6049));
#6026 = ORIENTED_EDGE('',*,*,#300,.T.);
#6027 = ORIENTED_EDGE('',*,*,#6028,.T.);
#6028 = EDGE_CURVE('',#273,#5629,#6029,.T.);
#6029 = SURFACE_CURVE('',#6030,(#6034,#6041),.PCURVE_S1.);
#6030 = LINE('',#6031,#6032);
#6031 = CARTESIAN_POINT('',(-0.4735,-0.55,-1.455));
#6032 = VECTOR('',#6033,1.);
#6033 = DIRECTION('',(0.,1.,0.));
#6034 = PCURVE('',#316,#6035);
#6035 = DEFINITIONAL_REPRESENTATION('',(#6036),#6040);
#6036 = LINE('',#6037,#6038);
#6037 = CARTESIAN_POINT('',(0.3,0.));
#6038 = VECTOR('',#6039,1.);
#6039 = DIRECTION('',(0.,1.));
#6040 = ( GEOMETRIC_REPRESENTATION_CONTEXT(2) 
PARAMETRIC_REPRESENTATION_CONTEXT() REPRESENTATION_CONTEXT('2D SPACE',''
  ) );
#6041 = PCURVE('',#288,#6042);
#6042 = DEFINITIONAL_REPRESENTATION('',(#6043),#6047);
#6043 = LINE('',#6044,#6045);
#6044 = CARTESIAN_POINT('',(0.,0.));
#6045 = VECTOR('',#6046,1.);
#6046 = DIRECTION('',(0.,1.));
#6047 = ( GEOMETRIC_REPRESENTATION_CONTEXT(2) 
PARAMETRIC_REPRESENTATION_CONTEXT() REPRESENTATION_CONTEXT('2D SPACE',''
  ) );
#6048 = ORIENTED_EDGE('',*,*,#5628,.F.);
#6049 = ORIENTED_EDGE('',*,*,#6001,.F.);
#6050 = ADVANCED_FACE('',(#6051),#288,.F.);
#6051 = FACE_BOUND('',#6052,.F.);
#6052 = EDGE_LOOP('',(#6053,#6054,#6075,#6076));
#6053 = ORIENTED_EDGE('',*,*,#272,.T.);
#6054 = ORIENTED_EDGE('',*,*,#6055,.T.);
#6055 = EDGE_CURVE('',#245,#5652,#6056,.T.);
#6056 = SURFACE_CURVE('',#6057,(#6061,#6068),.PCURVE_S1.);
#6057 = LINE('',#6058,#6059);
#6058 = CARTESIAN_POINT('',(-0.4735,-0.55,-1.305));
#6059 = VECTOR('',#6060,1.);
#6060 = DIRECTION('',(0.,1.,0.));
#6061 = PCURVE('',#288,#6062);
#6062 = DEFINITIONAL_REPRESENTATION('',(#6063),#6067);
#6063 = LINE('',#6064,#6065);
#6064 = CARTESIAN_POINT('',(0.15,0.));
#6065 = VECTOR('',#6066,1.);
#6066 = DIRECTION('',(0.,1.));
#6067 = ( GEOMETRIC_REPRESENTATION_CONTEXT(2) 
PARAMETRIC_REPRESENTATION_CONTEXT() REPRESENTATION_CONTEXT('2D SPACE',''
  ) );
#6068 = PCURVE('',#260,#6069);
#6069 = DEFINITIONAL_REPRESENTATION('',(#6070),#6074);
#6070 = LINE('',#6071,#6072);
#6071 = CARTESIAN_POINT('',(0.,0.));
#6072 = VECTOR('',#6073,1.);
#6073 = DIRECTION('',(0.,1.));
#6074 = ( GEOMETRIC_REPRESENTATION_CONTEXT(2) 
PARAMETRIC_REPRESENTATION_CONTEXT() REPRESENTATION_CONTEXT('2D SPACE',''
  ) );
#6075 = ORIENTED_EDGE('',*,*,#5651,.F.);
#6076 = ORIENTED_EDGE('',*,*,#6028,.F.);
#6077 = ADVANCED_FACE('',(#6078),#260,.F.);
#6078 = FACE_BOUND('',#6079,.F.);
#6079 = EDGE_LOOP('',(#6080,#6081,#6102,#6103));
#6080 = ORIENTED_EDGE('',*,*,#244,.T.);
#6081 = ORIENTED_EDGE('',*,*,#6082,.T.);
#6082 = EDGE_CURVE('',#217,#5675,#6083,.T.);
#6083 = SURFACE_CURVE('',#6084,(#6088,#6095),.PCURVE_S1.);
#6084 = LINE('',#6085,#6086);
#6085 = CARTESIAN_POINT('',(-0.574,-0.55,-1.305));
#6086 = VECTOR('',#6087,1.);
#6087 = DIRECTION('',(0.,1.,0.));
#6088 = PCURVE('',#260,#6089);
#6089 = DEFINITIONAL_REPRESENTATION('',(#6090),#6094);
#6090 = LINE('',#6091,#6092);
#6091 = CARTESIAN_POINT('',(0.1005,0.));
#6092 = VECTOR('',#6093,1.);
#6093 = DIRECTION('',(0.,1.));
#6094 = ( GEOMETRIC_REPRESENTATION_CONTEXT(2) 
PARAMETRIC_REPRESENTATION_CONTEXT() REPRESENTATION_CONTEXT('2D SPACE',''
  ) );
#6095 = PCURVE('',#232,#6096);
#6096 = DEFINITIONAL_REPRESENTATION('',(#6097),#6101);
#6097 = LINE('',#6098,#6099);
#6098 = CARTESIAN_POINT('',(0.,0.));
#6099 = VECTOR('',#6100,1.);
#6100 = DIRECTION('',(0.,1.));
#6101 = ( GEOMETRIC_REPRESENTATION_CONTEXT(2) 
PARAMETRIC_REPRESENTATION_CONTEXT() REPRESENTATION_CONTEXT('2D SPACE',''
  ) );
#6102 = ORIENTED_EDGE('',*,*,#5674,.F.);
#6103 = ORIENTED_EDGE('',*,*,#6055,.F.);
#6104 = ADVANCED_FACE('',(#6105),#232,.F.);
#6105 = FACE_BOUND('',#6106,.F.);
#6106 = EDGE_LOOP('',(#6107,#6108,#6109,#6110));
#6107 = ORIENTED_EDGE('',*,*,#216,.T.);
#6108 = ORIENTED_EDGE('',*,*,#5814,.T.);
#6109 = ORIENTED_EDGE('',*,*,#5697,.F.);
#6110 = ORIENTED_EDGE('',*,*,#6082,.F.);
#6111 = ( GEOMETRIC_REPRESENTATION_CONTEXT(3) 
GLOBAL_UNCERTAINTY_ASSIGNED_CONTEXT((#6115)) 
GLOBAL_UNIT_ASSIGNED_CONTEXT((#6112,#6113,#6114)) REPRESENTATION_CONTEXT
('Context #1','3D Context with UNIT and UNCERTAINTY') );
#6112 = ( LENGTH_UNIT() NAMED_UNIT(*) SI_UNIT(.MILLI.,.METRE.) );
#6113 = ( NAMED_UNIT(*) PLANE_ANGLE_UNIT() SI_UNIT($,.RADIAN.) );
#6114 = ( NAMED_UNIT(*) SI_UNIT($,.STERADIAN.) SOLID_ANGLE_UNIT() );
#6115 = UNCERTAINTY_MEASURE_WITH_UNIT(LENGTH_MEASURE(5.E-06),#6112,
  'distance_accuracy_value','confusion accuracy');
#6116 = CONTEXT_DEPENDENT_SHAPE_REPRESENTATION(#6117,#6119);
#6117 = ( REPRESENTATION_RELATIONSHIP('','',#32,#10) 
REPRESENTATION_RELATIONSHIP_WITH_TRANSFORMATION(#6118) 
SHAPE_REPRESENTATION_RELATIONSHIP() );
#6118 = ITEM_DEFINED_TRANSFORMATION('','',#11,#15);
#6119 = PRODUCT_DEFINITION_SHAPE('Placement','Placement of an item',
  #6120);
#6120 = NEXT_ASSEMBLY_USAGE_OCCURRENCE('1','=>[0:1:1:2]','',#5,#27,$);
#6121 = PRODUCT_RELATED_PRODUCT_CATEGORY('part',$,(#29));
#6122 = SHAPE_DEFINITION_REPRESENTATION(#6123,#6129);
#6123 = PRODUCT_DEFINITION_SHAPE('','',#6124);
#6124 = PRODUCT_DEFINITION('design','',#6125,#6128);
#6125 = PRODUCT_DEFINITION_FORMATION('','',#6126);
#6126 = PRODUCT('=>[0:1:1:4]','=>[0:1:1:4]','',(#6127));
#6127 = PRODUCT_CONTEXT('',#2,'mechanical');
#6128 = PRODUCT_DEFINITION_CONTEXT('part definition',#2,'design');
#6129 = SHAPE_REPRESENTATION('',(#11,#6130),#6134);
#6130 = AXIS2_PLACEMENT_3D('',#6131,#6132,#6133);
#6131 = CARTESIAN_POINT('',(-2.575,2.275,0.25));
#6132 = DIRECTION('',(-1.,0.,0.));
#6133 = DIRECTION('',(0.,-1.,0.));
#6134 = ( GEOMETRIC_REPRESENTATION_CONTEXT(3) 
GLOBAL_UNCERTAINTY_ASSIGNED_CONTEXT((#6138)) 
GLOBAL_UNIT_ASSIGNED_CONTEXT((#6135,#6136,#6137)) REPRESENTATION_CONTEXT
('Context #1','3D Context with UNIT and UNCERTAINTY') );
#6135 = ( LENGTH_UNIT() NAMED_UNIT(*) SI_UNIT(.MILLI.,.METRE.) );
#6136 = ( NAMED_UNIT(*) PLANE_ANGLE_UNIT() SI_UNIT($,.RADIAN.) );
#6137 = ( NAMED_UNIT(*) SI_UNIT($,.STERADIAN.) SOLID_ANGLE_UNIT() );
#6138 = UNCERTAINTY_MEASURE_WITH_UNIT(LENGTH_MEASURE(1.E-07),#6135,
  'distance_accuracy_value','confusion accuracy');
#6139 = PRODUCT_RELATED_PRODUCT_CATEGORY('part',$,(#6126));
#6140 = SHAPE_DEFINITION_REPRESENTATION(#6141,#6147);
#6141 = PRODUCT_DEFINITION_SHAPE('','',#6142);
#6142 = PRODUCT_DEFINITION('design','',#6143,#6146);
#6143 = PRODUCT_DEFINITION_FORMATION('','',#6144);
#6144 = PRODUCT('SOLID','SOLID','',(#6145));
#6145 = PRODUCT_CONTEXT('',#2,'mechanical');
#6146 = PRODUCT_DEFINITION_CONTEXT('part definition',#2,'design');
#6147 = ADVANCED_BREP_SHAPE_REPRESENTATION('',(#11,#6148),#7126);
#6148 = MANIFOLD_SOLID_BREP('',#6149);
#6149 = CLOSED_SHELL('',(#6150,#6506,#6583,#6632,#6681,#6730,#6784,#6833
    ,#6883,#6932,#6981,#7030,#7084,#7111));
#6150 = ADVANCED_FACE('',(#6151),#6166,.F.);
#6151 = FACE_BOUND('',#6152,.F.);
#6152 = EDGE_LOOP('',(#6153,#6193,#6221,#6250,#6278,#6306,#6334,#6367,
    #6395,#6424,#6452,#6480));
#6153 = ORIENTED_EDGE('',*,*,#6154,.F.);
#6154 = EDGE_CURVE('',#6155,#6157,#6159,.T.);
#6155 = VERTEX_POINT('',#6156);
#6156 = CARTESIAN_POINT('',(-0.1225,0.176930339512,0.123846756068));
#6157 = VERTEX_POINT('',#6158);
#6158 = CARTESIAN_POINT('',(-0.1225,0.43,-0.17245974611));
#6159 = SURFACE_CURVE('',#6160,(#6165,#6181),.PCURVE_S1.);
#6160 = CIRCLE('',#6161,0.3);
#6161 = AXIS2_PLACEMENT_3D('',#6162,#6163,#6164);
#6162 = CARTESIAN_POINT('',(-0.1225,0.13,-0.17245974611));
#6163 = DIRECTION('',(-1.,0.,0.));
#6164 = DIRECTION('',(0.,0.15643446504,0.987688340595));
#6165 = PCURVE('',#6166,#6171);
#6166 = PLANE('',#6167);
#6167 = AXIS2_PLACEMENT_3D('',#6168,#6169,#6170);
#6168 = CARTESIAN_POINT('',(-0.1225,0.,0.));
#6169 = DIRECTION('',(1.,0.,0.));
#6170 = DIRECTION('',(0.,0.,-1.));
#6171 = DEFINITIONAL_REPRESENTATION('',(#6172),#6180);
#6172 = ( BOUNDED_CURVE() B_SPLINE_CURVE(2,(#6173,#6174,#6175,#6176,
#6177,#6178,#6179),.UNSPECIFIED.,.T.,.F.) B_SPLINE_CURVE_WITH_KNOTS((1,2
    ,2,2,2,1),(-2.094395102393,0.,2.094395102393,4.188790204786,
6.28318530718,8.377580409573),.UNSPECIFIED.) CURVE() 
GEOMETRIC_REPRESENTATION_ITEM() RATIONAL_B_SPLINE_CURVE((1.,0.5,1.,0.5,
1.,0.5,1.)) REPRESENTATION_ITEM('') );
#6173 = CARTESIAN_POINT('',(-0.123846756068,0.176930339512));
#6174 = CARTESIAN_POINT('',(-4.256102361679E-02,0.690148255898));
#6175 = CARTESIAN_POINT('',(0.361255863425,0.363143788437));
#6176 = CARTESIAN_POINT('',(0.765072750467,3.613932097588E-02));
#6177 = CARTESIAN_POINT('',(0.279970130974,-0.150074127949));
#6178 = CARTESIAN_POINT('',(-0.205132488519,-0.336287576874));
#6179 = CARTESIAN_POINT('',(-0.123846756068,0.176930339512));
#6180 = ( GEOMETRIC_REPRESENTATION_CONTEXT(2) 
PARAMETRIC_REPRESENTATION_CONTEXT() REPRESENTATION_CONTEXT('2D SPACE',''
  ) );
#6181 = PCURVE('',#6182,#6187);
#6182 = CYLINDRICAL_SURFACE('',#6183,0.3);
#6183 = AXIS2_PLACEMENT_3D('',#6184,#6185,#6186);
#6184 = CARTESIAN_POINT('',(0.508014,0.13,-0.17245974611));
#6185 = DIRECTION('',(-1.,0.,0.));
#6186 = DIRECTION('',(0.,0.15643446504,0.987688340595));
#6187 = DEFINITIONAL_REPRESENTATION('',(#6188),#6192);
#6188 = LINE('',#6189,#6190);
#6189 = CARTESIAN_POINT('',(0.,0.630514));
#6190 = VECTOR('',#6191,1.);
#6191 = DIRECTION('',(1.,0.));
#6192 = ( GEOMETRIC_REPRESENTATION_CONTEXT(2) 
PARAMETRIC_REPRESENTATION_CONTEXT() REPRESENTATION_CONTEXT('2D SPACE',''
  ) );
#6193 = ORIENTED_EDGE('',*,*,#6194,.T.);
#6194 = EDGE_CURVE('',#6155,#6195,#6197,.T.);
#6195 = VERTEX_POINT('',#6196);
#6196 = CARTESIAN_POINT('',(-0.1225,4.981201057029E-02,0.143980321453));
#6197 = SURFACE_CURVE('',#6198,(#6202,#6209),.PCURVE_S1.);
#6198 = LINE('',#6199,#6200);
#6199 = CARTESIAN_POINT('',(-0.1225,0.176930339512,0.123846756068));
#6200 = VECTOR('',#6201,1.);
#6201 = DIRECTION('',(0.,-0.987688340595,0.15643446504));
#6202 = PCURVE('',#6166,#6203);
#6203 = DEFINITIONAL_REPRESENTATION('',(#6204),#6208);
#6204 = LINE('',#6205,#6206);
#6205 = CARTESIAN_POINT('',(-0.123846756068,0.176930339512));
#6206 = VECTOR('',#6207,1.);
#6207 = DIRECTION('',(-0.15643446504,-0.987688340595));
#6208 = ( GEOMETRIC_REPRESENTATION_CONTEXT(2) 
PARAMETRIC_REPRESENTATION_CONTEXT() REPRESENTATION_CONTEXT('2D SPACE',''
  ) );
#6209 = PCURVE('',#6210,#6215);
#6210 = PLANE('',#6211);
#6211 = AXIS2_PLACEMENT_3D('',#6212,#6213,#6214);
#6212 = CARTESIAN_POINT('',(-0.1225,2.346516975603E-02,0.148153251089));
#6213 = DIRECTION('',(0.,0.15643446504,0.987688340595));
#6214 = DIRECTION('',(0.,-0.987688340595,0.15643446504));
#6215 = DEFINITIONAL_REPRESENTATION('',(#6216),#6220);
#6216 = LINE('',#6217,#6218);
#6217 = CARTESIAN_POINT('',(-0.155378132401,0.));
#6218 = VECTOR('',#6219,1.);
#6219 = DIRECTION('',(1.,0.));
#6220 = ( GEOMETRIC_REPRESENTATION_CONTEXT(2) 
PARAMETRIC_REPRESENTATION_CONTEXT() REPRESENTATION_CONTEXT('2D SPACE',''
  ) );
#6221 = ORIENTED_EDGE('',*,*,#6222,.F.);
#6222 = EDGE_CURVE('',#6223,#6195,#6225,.T.);
#6223 = VERTEX_POINT('',#6224);
#6224 = CARTESIAN_POINT('',(-0.1225,-7.635742721265E-02,0.28167010148));
#6225 = SURFACE_CURVE('',#6226,(#6231,#6238),.PCURVE_S1.);
#6226 = CIRCLE('',#6227,0.15);
#6227 = AXIS2_PLACEMENT_3D('',#6228,#6229,#6230);
#6228 = CARTESIAN_POINT('',(-0.1225,7.327718032632E-02,0.292133572542));
#6229 = DIRECTION('',(1.,0.,0.));
#6230 = DIRECTION('',(0.,-0.99756405026,-6.975647374412E-02));
#6231 = PCURVE('',#6166,#6232);
#6232 = DEFINITIONAL_REPRESENTATION('',(#6233),#6237);
#6233 = CIRCLE('',#6234,0.15);
#6234 = AXIS2_PLACEMENT_2D('',#6235,#6236);
#6235 = CARTESIAN_POINT('',(-0.292133572542,7.327718032632E-02));
#6236 = DIRECTION('',(6.975647374412E-02,-0.99756405026));
#6237 = ( GEOMETRIC_REPRESENTATION_CONTEXT(2) 
PARAMETRIC_REPRESENTATION_CONTEXT() REPRESENTATION_CONTEXT('2D SPACE',''
  ) );
#6238 = PCURVE('',#6239,#6244);
#6239 = CYLINDRICAL_SURFACE('',#6240,0.15);
#6240 = AXIS2_PLACEMENT_3D('',#6241,#6242,#6243);
#6241 = CARTESIAN_POINT('',(-0.441882,7.327718032632E-02,0.292133572542)
  );
#6242 = DIRECTION('',(1.,0.,0.));
#6243 = DIRECTION('',(0.,-0.99756405026,-6.975647374413E-02));
#6244 = DEFINITIONAL_REPRESENTATION('',(#6245),#6249);
#6245 = LINE('',#6246,#6247);
#6246 = CARTESIAN_POINT('',(0.,0.319382));
#6247 = VECTOR('',#6248,1.);
#6248 = DIRECTION('',(1.,0.));
#6249 = ( GEOMETRIC_REPRESENTATION_CONTEXT(2) 
PARAMETRIC_REPRESENTATION_CONTEXT() REPRESENTATION_CONTEXT('2D SPACE',''
  ) );
#6250 = ORIENTED_EDGE('',*,*,#6251,.T.);
#6251 = EDGE_CURVE('',#6223,#6252,#6254,.T.);
#6252 = VERTEX_POINT('',#6253);
#6253 = CARTESIAN_POINT('',(-0.1225,-0.100365392461,0.625));
#6254 = SURFACE_CURVE('',#6255,(#6259,#6266),.PCURVE_S1.);
#6255 = LINE('',#6256,#6257);
#6256 = CARTESIAN_POINT('',(-0.1225,-7.635742721265E-02,0.28167010148));
#6257 = VECTOR('',#6258,1.);
#6258 = DIRECTION('',(0.,-6.975647374413E-02,0.99756405026));
#6259 = PCURVE('',#6166,#6260);
#6260 = DEFINITIONAL_REPRESENTATION('',(#6261),#6265);
#6261 = LINE('',#6262,#6263);
#6262 = CARTESIAN_POINT('',(-0.28167010148,-7.635742721265E-02));
#6263 = VECTOR('',#6264,1.);
#6264 = DIRECTION('',(-0.99756405026,-6.975647374413E-02));
#6265 = ( GEOMETRIC_REPRESENTATION_CONTEXT(2) 
PARAMETRIC_REPRESENTATION_CONTEXT() REPRESENTATION_CONTEXT('2D SPACE',''
  ) );
#6266 = PCURVE('',#6267,#6272);
#6267 = PLANE('',#6268);
#6268 = AXIS2_PLACEMENT_3D('',#6269,#6270,#6271);
#6269 = CARTESIAN_POINT('',(-0.1225,-6.803440651722E-02,0.162645360267)
  );
#6270 = DIRECTION('',(0.,0.99756405026,6.975647374413E-02));
#6271 = DIRECTION('',(0.,-6.975647374413E-02,0.99756405026));
#6272 = DEFINITIONAL_REPRESENTATION('',(#6273),#6277);
#6273 = LINE('',#6274,#6275);
#6274 = CARTESIAN_POINT('',(0.1193153875,0.));
#6275 = VECTOR('',#6276,1.);
#6276 = DIRECTION('',(1.,0.));
#6277 = ( GEOMETRIC_REPRESENTATION_CONTEXT(2) 
PARAMETRIC_REPRESENTATION_CONTEXT() REPRESENTATION_CONTEXT('2D SPACE',''
  ) );
#6278 = ORIENTED_EDGE('',*,*,#6279,.T.);
#6279 = EDGE_CURVE('',#6252,#6280,#6282,.T.);
#6280 = VERTEX_POINT('',#6281);
#6281 = CARTESIAN_POINT('',(-0.1225,-0.25,0.614536528938));
#6282 = SURFACE_CURVE('',#6283,(#6287,#6294),.PCURVE_S1.);
#6283 = LINE('',#6284,#6285);
#6284 = CARTESIAN_POINT('',(-0.1225,-0.100365392461,0.625));
#6285 = VECTOR('',#6286,1.);
#6286 = DIRECTION('',(0.,-0.99756405026,-6.975647374412E-02));
#6287 = PCURVE('',#6166,#6288);
#6288 = DEFINITIONAL_REPRESENTATION('',(#6289),#6293);
#6289 = LINE('',#6290,#6291);
#6290 = CARTESIAN_POINT('',(-0.625,-0.100365392461));
#6291 = VECTOR('',#6292,1.);
#6292 = DIRECTION('',(6.975647374412E-02,-0.99756405026));
#6293 = ( GEOMETRIC_REPRESENTATION_CONTEXT(2) 
PARAMETRIC_REPRESENTATION_CONTEXT() REPRESENTATION_CONTEXT('2D SPACE',''
  ) );
#6294 = PCURVE('',#6295,#6300);
#6295 = PLANE('',#6296);
#6296 = AXIS2_PLACEMENT_3D('',#6297,#6298,#6299);
#6297 = CARTESIAN_POINT('',(-0.1225,-0.100365392461,0.625));
#6298 = DIRECTION('',(0.,-6.975647374412E-02,0.99756405026));
#6299 = DIRECTION('',(0.,-0.99756405026,-6.975647374412E-02));
#6300 = DEFINITIONAL_REPRESENTATION('',(#6301),#6305);
#6301 = LINE('',#6302,#6303);
#6302 = CARTESIAN_POINT('',(0.,0.));
#6303 = VECTOR('',#6304,1.);
#6304 = DIRECTION('',(1.,0.));
#6305 = ( GEOMETRIC_REPRESENTATION_CONTEXT(2) 
PARAMETRIC_REPRESENTATION_CONTEXT() REPRESENTATION_CONTEXT('2D SPACE',''
  ) );
#6306 = ORIENTED_EDGE('',*,*,#6307,.T.);
#6307 = EDGE_CURVE('',#6280,#6308,#6310,.T.);
#6308 = VERTEX_POINT('',#6309);
#6309 = CARTESIAN_POINT('',(-0.1225,-0.225992034752,0.271206630419));
#6310 = SURFACE_CURVE('',#6311,(#6315,#6322),.PCURVE_S1.);
#6311 = LINE('',#6312,#6313);
#6312 = CARTESIAN_POINT('',(-0.1225,-0.25,0.614536528938));
#6313 = VECTOR('',#6314,1.);
#6314 = DIRECTION('',(0.,6.975647374413E-02,-0.99756405026));
#6315 = PCURVE('',#6166,#6316);
#6316 = DEFINITIONAL_REPRESENTATION('',(#6317),#6321);
#6317 = LINE('',#6318,#6319);
#6318 = CARTESIAN_POINT('',(-0.614536528938,-0.25));
#6319 = VECTOR('',#6320,1.);
#6320 = DIRECTION('',(0.99756405026,6.975647374413E-02));
#6321 = ( GEOMETRIC_REPRESENTATION_CONTEXT(2) 
PARAMETRIC_REPRESENTATION_CONTEXT() REPRESENTATION_CONTEXT('2D SPACE',''
  ) );
#6322 = PCURVE('',#6323,#6328);
#6323 = PLANE('',#6324);
#6324 = AXIS2_PLACEMENT_3D('',#6325,#6326,#6327);
#6325 = CARTESIAN_POINT('',(-0.1225,-0.25,0.614536528938));
#6326 = DIRECTION('',(0.,-0.99756405026,-6.975647374413E-02));
#6327 = DIRECTION('',(0.,6.975647374413E-02,-0.99756405026));
#6328 = DEFINITIONAL_REPRESENTATION('',(#6329),#6333);
#6329 = LINE('',#6330,#6331);
#6330 = CARTESIAN_POINT('',(0.,0.));
#6331 = VECTOR('',#6332,1.);
#6332 = DIRECTION('',(1.,0.));
#6333 = ( GEOMETRIC_REPRESENTATION_CONTEXT(2) 
PARAMETRIC_REPRESENTATION_CONTEXT() REPRESENTATION_CONTEXT('2D SPACE',''
  ) );
#6334 = ORIENTED_EDGE('',*,*,#6335,.F.);
#6335 = EDGE_CURVE('',#6336,#6308,#6338,.T.);
#6336 = VERTEX_POINT('',#6337);
#6337 = CARTESIAN_POINT('',(-0.1225,2.634684081425E-02,
    -4.172929636685E-03));
#6338 = SURFACE_CURVE('',#6339,(#6344,#6355),.PCURVE_S1.);
#6339 = CIRCLE('',#6340,0.3);
#6340 = AXIS2_PLACEMENT_3D('',#6341,#6342,#6343);
#6341 = CARTESIAN_POINT('',(-0.1225,7.327718032632E-02,0.292133572542));
#6342 = DIRECTION('',(-1.,0.,0.));
#6343 = DIRECTION('',(-0.,-0.15643446504,-0.987688340595));
#6344 = PCURVE('',#6166,#6345);
#6345 = DEFINITIONAL_REPRESENTATION('',(#6346),#6354);
#6346 = ( BOUNDED_CURVE() B_SPLINE_CURVE(2,(#6347,#6348,#6349,#6350,
#6351,#6352,#6353),.UNSPECIFIED.,.T.,.F.) B_SPLINE_CURVE_WITH_KNOTS((1,2
    ,2,2,2,1),(-2.094395102393,0.,2.094395102393,4.188790204786,
6.28318530718,8.377580409573),.UNSPECIFIED.) CURVE() 
GEOMETRIC_REPRESENTATION_ITEM() RATIONAL_B_SPLINE_CURVE((1.,0.5,1.,0.5,
1.,0.5,1.)) REPRESENTATION_ITEM('') );
#6347 = CARTESIAN_POINT('',(4.172929636642E-03,2.634684081426E-02));
#6348 = CARTESIAN_POINT('',(-7.711280281471E-02,-0.486871075572));
#6349 = CARTESIAN_POINT('',(-0.480929689857,-0.159866608111));
#6350 = CARTESIAN_POINT('',(-0.884746576899,0.16713785935));
#6351 = CARTESIAN_POINT('',(-0.399643957405,0.353351308275));
#6352 = CARTESIAN_POINT('',(8.545866208799E-02,0.539564757201));
#6353 = CARTESIAN_POINT('',(4.172929636642E-03,2.634684081426E-02));
#6354 = ( GEOMETRIC_REPRESENTATION_CONTEXT(2) 
PARAMETRIC_REPRESENTATION_CONTEXT() REPRESENTATION_CONTEXT('2D SPACE',''
  ) );
#6355 = PCURVE('',#6356,#6361);
#6356 = CYLINDRICAL_SURFACE('',#6357,0.3);
#6357 = AXIS2_PLACEMENT_3D('',#6358,#6359,#6360);
#6358 = CARTESIAN_POINT('',(0.508014,7.327718032632E-02,0.292133572542)
  );
#6359 = DIRECTION('',(-1.,0.,0.));
#6360 = DIRECTION('',(-0.,-0.15643446504,-0.987688340595));
#6361 = DEFINITIONAL_REPRESENTATION('',(#6362),#6366);
#6362 = LINE('',#6363,#6364);
#6363 = CARTESIAN_POINT('',(0.,0.630514));
#6364 = VECTOR('',#6365,1.);
#6365 = DIRECTION('',(1.,0.));
#6366 = ( GEOMETRIC_REPRESENTATION_CONTEXT(2) 
PARAMETRIC_REPRESENTATION_CONTEXT() REPRESENTATION_CONTEXT('2D SPACE',''
  ) );
#6367 = ORIENTED_EDGE('',*,*,#6368,.T.);
#6368 = EDGE_CURVE('',#6336,#6369,#6371,.T.);
#6369 = VERTEX_POINT('',#6370);
#6370 = CARTESIAN_POINT('',(-0.1225,0.153465169756,-2.430649502112E-02)
  );
#6371 = SURFACE_CURVE('',#6372,(#6376,#6383),.PCURVE_S1.);
#6372 = LINE('',#6373,#6374);
#6373 = CARTESIAN_POINT('',(-0.1225,2.634684081425E-02,
    -4.172929636685E-03));
#6374 = VECTOR('',#6375,1.);
#6375 = DIRECTION('',(0.,0.987688340595,-0.15643446504));
#6376 = PCURVE('',#6166,#6377);
#6377 = DEFINITIONAL_REPRESENTATION('',(#6378),#6382);
#6378 = LINE('',#6379,#6380);
#6379 = CARTESIAN_POINT('',(4.172929636685E-03,2.634684081425E-02));
#6380 = VECTOR('',#6381,1.);
#6381 = DIRECTION('',(0.15643446504,0.987688340595));
#6382 = ( GEOMETRIC_REPRESENTATION_CONTEXT(2) 
PARAMETRIC_REPRESENTATION_CONTEXT() REPRESENTATION_CONTEXT('2D SPACE',''
  ) );
#6383 = PCURVE('',#6384,#6389);
#6384 = PLANE('',#6385);
#6385 = AXIS2_PLACEMENT_3D('',#6386,#6387,#6388);
#6386 = CARTESIAN_POINT('',(-0.1225,-0.209345993361,3.315714799263E-02)
  );
#6387 = DIRECTION('',(0.,-0.15643446504,-0.987688340595));
#6388 = DIRECTION('',(0.,0.987688340595,-0.15643446504));
#6389 = DEFINITIONAL_REPRESENTATION('',(#6390),#6394);
#6390 = LINE('',#6391,#6392);
#6391 = CARTESIAN_POINT('',(0.238630775,0.));
#6392 = VECTOR('',#6393,1.);
#6393 = DIRECTION('',(1.,0.));
#6394 = ( GEOMETRIC_REPRESENTATION_CONTEXT(2) 
PARAMETRIC_REPRESENTATION_CONTEXT() REPRESENTATION_CONTEXT('2D SPACE',''
  ) );
#6395 = ORIENTED_EDGE('',*,*,#6396,.F.);
#6396 = EDGE_CURVE('',#6397,#6369,#6399,.T.);
#6397 = VERTEX_POINT('',#6398);
#6398 = CARTESIAN_POINT('',(-0.1225,0.28,-0.17245974611));
#6399 = SURFACE_CURVE('',#6400,(#6405,#6412),.PCURVE_S1.);
#6400 = CIRCLE('',#6401,0.15);
#6401 = AXIS2_PLACEMENT_3D('',#6402,#6403,#6404);
#6402 = CARTESIAN_POINT('',(-0.1225,0.13,-0.17245974611));
#6403 = DIRECTION('',(1.,0.,0.));
#6404 = DIRECTION('',(-0.,1.,0.));
#6405 = PCURVE('',#6166,#6406);
#6406 = DEFINITIONAL_REPRESENTATION('',(#6407),#6411);
#6407 = CIRCLE('',#6408,0.15);
#6408 = AXIS2_PLACEMENT_2D('',#6409,#6410);
#6409 = CARTESIAN_POINT('',(0.17245974611,0.13));
#6410 = DIRECTION('',(0.,1.));
#6411 = ( GEOMETRIC_REPRESENTATION_CONTEXT(2) 
PARAMETRIC_REPRESENTATION_CONTEXT() REPRESENTATION_CONTEXT('2D SPACE',''
  ) );
#6412 = PCURVE('',#6413,#6418);
#6413 = CYLINDRICAL_SURFACE('',#6414,0.15);
#6414 = AXIS2_PLACEMENT_3D('',#6415,#6416,#6417);
#6415 = CARTESIAN_POINT('',(-0.441882,0.13,-0.17245974611));
#6416 = DIRECTION('',(1.,0.,0.));
#6417 = DIRECTION('',(-0.,1.,0.));
#6418 = DEFINITIONAL_REPRESENTATION('',(#6419),#6423);
#6419 = LINE('',#6420,#6421);
#6420 = CARTESIAN_POINT('',(0.,0.319382));
#6421 = VECTOR('',#6422,1.);
#6422 = DIRECTION('',(1.,0.));
#6423 = ( GEOMETRIC_REPRESENTATION_CONTEXT(2) 
PARAMETRIC_REPRESENTATION_CONTEXT() REPRESENTATION_CONTEXT('2D SPACE',''
  ) );
#6424 = ORIENTED_EDGE('',*,*,#6425,.T.);
#6425 = EDGE_CURVE('',#6397,#6426,#6428,.T.);
#6426 = VERTEX_POINT('',#6427);
#6427 = CARTESIAN_POINT('',(-0.1225,0.28,-0.375));
#6428 = SURFACE_CURVE('',#6429,(#6433,#6440),.PCURVE_S1.);
#6429 = LINE('',#6430,#6431);
#6430 = CARTESIAN_POINT('',(-0.1225,0.28,-0.17245974611));
#6431 = VECTOR('',#6432,1.);
#6432 = DIRECTION('',(0.,0.,-1.));
#6433 = PCURVE('',#6166,#6434);
#6434 = DEFINITIONAL_REPRESENTATION('',(#6435),#6439);
#6435 = LINE('',#6436,#6437);
#6436 = CARTESIAN_POINT('',(0.17245974611,0.28));
#6437 = VECTOR('',#6438,1.);
#6438 = DIRECTION('',(1.,0.));
#6439 = ( GEOMETRIC_REPRESENTATION_CONTEXT(2) 
PARAMETRIC_REPRESENTATION_CONTEXT() REPRESENTATION_CONTEXT('2D SPACE',''
  ) );
#6440 = PCURVE('',#6441,#6446);
#6441 = PLANE('',#6442);
#6442 = AXIS2_PLACEMENT_3D('',#6443,#6444,#6445);
#6443 = CARTESIAN_POINT('',(-0.1225,0.28,-4.434764329087E-02));
#6444 = DIRECTION('',(0.,-1.,0.));
#6445 = DIRECTION('',(0.,0.,-1.));
#6446 = DEFINITIONAL_REPRESENTATION('',(#6447),#6451);
#6447 = LINE('',#6448,#6449);
#6448 = CARTESIAN_POINT('',(0.12811210282,0.));
#6449 = VECTOR('',#6450,1.);
#6450 = DIRECTION('',(1.,0.));
#6451 = ( GEOMETRIC_REPRESENTATION_CONTEXT(2) 
PARAMETRIC_REPRESENTATION_CONTEXT() REPRESENTATION_CONTEXT('2D SPACE',''
  ) );
#6452 = ORIENTED_EDGE('',*,*,#6453,.T.);
#6453 = EDGE_CURVE('',#6426,#6454,#6456,.T.);
#6454 = VERTEX_POINT('',#6455);
#6455 = CARTESIAN_POINT('',(-0.1225,0.43,-0.375));
#6456 = SURFACE_CURVE('',#6457,(#6461,#6468),.PCURVE_S1.);
#6457 = LINE('',#6458,#6459);
#6458 = CARTESIAN_POINT('',(-0.1225,0.28,-0.375));
#6459 = VECTOR('',#6460,1.);
#6460 = DIRECTION('',(0.,1.,0.));
#6461 = PCURVE('',#6166,#6462);
#6462 = DEFINITIONAL_REPRESENTATION('',(#6463),#6467);
#6463 = LINE('',#6464,#6465);
#6464 = CARTESIAN_POINT('',(0.375,0.28));
#6465 = VECTOR('',#6466,1.);
#6466 = DIRECTION('',(0.,1.));
#6467 = ( GEOMETRIC_REPRESENTATION_CONTEXT(2) 
PARAMETRIC_REPRESENTATION_CONTEXT() REPRESENTATION_CONTEXT('2D SPACE',''
  ) );
#6468 = PCURVE('',#6469,#6474);
#6469 = PLANE('',#6470);
#6470 = AXIS2_PLACEMENT_3D('',#6471,#6472,#6473);
#6471 = CARTESIAN_POINT('',(-0.1225,0.28,-0.375));
#6472 = DIRECTION('',(0.,0.,-1.));
#6473 = DIRECTION('',(0.,1.,0.));
#6474 = DEFINITIONAL_REPRESENTATION('',(#6475),#6479);
#6475 = LINE('',#6476,#6477);
#6476 = CARTESIAN_POINT('',(0.,0.));
#6477 = VECTOR('',#6478,1.);
#6478 = DIRECTION('',(1.,0.));
#6479 = ( GEOMETRIC_REPRESENTATION_CONTEXT(2) 
PARAMETRIC_REPRESENTATION_CONTEXT() REPRESENTATION_CONTEXT('2D SPACE',''
  ) );
#6480 = ORIENTED_EDGE('',*,*,#6481,.T.);
#6481 = EDGE_CURVE('',#6454,#6157,#6482,.T.);
#6482 = SURFACE_CURVE('',#6483,(#6487,#6494),.PCURVE_S1.);
#6483 = LINE('',#6484,#6485);
#6484 = CARTESIAN_POINT('',(-0.1225,0.43,-0.375));
#6485 = VECTOR('',#6486,1.);
#6486 = DIRECTION('',(0.,0.,1.));
#6487 = PCURVE('',#6166,#6488);
#6488 = DEFINITIONAL_REPRESENTATION('',(#6489),#6493);
#6489 = LINE('',#6490,#6491);
#6490 = CARTESIAN_POINT('',(0.375,0.43));
#6491 = VECTOR('',#6492,1.);
#6492 = DIRECTION('',(-1.,0.));
#6493 = ( GEOMETRIC_REPRESENTATION_CONTEXT(2) 
PARAMETRIC_REPRESENTATION_CONTEXT() REPRESENTATION_CONTEXT('2D SPACE',''
  ) );
#6494 = PCURVE('',#6495,#6500);
#6495 = PLANE('',#6496);
#6496 = AXIS2_PLACEMENT_3D('',#6497,#6498,#6499);
#6497 = CARTESIAN_POINT('',(-0.1225,0.43,-0.375));
#6498 = DIRECTION('',(0.,1.,0.));
#6499 = DIRECTION('',(0.,-0.,1.));
#6500 = DEFINITIONAL_REPRESENTATION('',(#6501),#6505);
#6501 = LINE('',#6502,#6503);
#6502 = CARTESIAN_POINT('',(0.,0.));
#6503 = VECTOR('',#6504,1.);
#6504 = DIRECTION('',(1.,0.));
#6505 = ( GEOMETRIC_REPRESENTATION_CONTEXT(2) 
PARAMETRIC_REPRESENTATION_CONTEXT() REPRESENTATION_CONTEXT('2D SPACE',''
  ) );
#6506 = ADVANCED_FACE('',(#6507),#6182,.T.);
#6507 = FACE_BOUND('',#6508,.T.);
#6508 = EDGE_LOOP('',(#6509,#6532,#6561,#6582));
#6509 = ORIENTED_EDGE('',*,*,#6510,.F.);
#6510 = EDGE_CURVE('',#6511,#6155,#6513,.T.);
#6511 = VERTEX_POINT('',#6512);
#6512 = CARTESIAN_POINT('',(0.1225,0.176930339512,0.123846756068));
#6513 = SURFACE_CURVE('',#6514,(#6518,#6525),.PCURVE_S1.);
#6514 = LINE('',#6515,#6516);
#6515 = CARTESIAN_POINT('',(0.1225,0.176930339512,0.123846756068));
#6516 = VECTOR('',#6517,1.);
#6517 = DIRECTION('',(-1.,0.,0.));
#6518 = PCURVE('',#6182,#6519);
#6519 = DEFINITIONAL_REPRESENTATION('',(#6520),#6524);
#6520 = LINE('',#6521,#6522);
#6521 = CARTESIAN_POINT('',(0.,0.385514));
#6522 = VECTOR('',#6523,1.);
#6523 = DIRECTION('',(0.,1.));
#6524 = ( GEOMETRIC_REPRESENTATION_CONTEXT(2) 
PARAMETRIC_REPRESENTATION_CONTEXT() REPRESENTATION_CONTEXT('2D SPACE',''
  ) );
#6525 = PCURVE('',#6210,#6526);
#6526 = DEFINITIONAL_REPRESENTATION('',(#6527),#6531);
#6527 = LINE('',#6528,#6529);
#6528 = CARTESIAN_POINT('',(-0.155378132401,0.245));
#6529 = VECTOR('',#6530,1.);
#6530 = DIRECTION('',(0.,-1.));
#6531 = ( GEOMETRIC_REPRESENTATION_CONTEXT(2) 
PARAMETRIC_REPRESENTATION_CONTEXT() REPRESENTATION_CONTEXT('2D SPACE',''
  ) );
#6532 = ORIENTED_EDGE('',*,*,#6533,.F.);
#6533 = EDGE_CURVE('',#6534,#6511,#6536,.T.);
#6534 = VERTEX_POINT('',#6535);
#6535 = CARTESIAN_POINT('',(0.1225,0.43,-0.17245974611));
#6536 = SURFACE_CURVE('',#6537,(#6542,#6549),.PCURVE_S1.);
#6537 = CIRCLE('',#6538,0.3);
#6538 = AXIS2_PLACEMENT_3D('',#6539,#6540,#6541);
#6539 = CARTESIAN_POINT('',(0.1225,0.13,-0.17245974611));
#6540 = DIRECTION('',(1.,0.,0.));
#6541 = DIRECTION('',(-0.,1.,0.));
#6542 = PCURVE('',#6182,#6543);
#6543 = DEFINITIONAL_REPRESENTATION('',(#6544),#6548);
#6544 = LINE('',#6545,#6546);
#6545 = CARTESIAN_POINT('',(1.413716694115,0.385514));
#6546 = VECTOR('',#6547,1.);
#6547 = DIRECTION('',(-1.,0.));
#6548 = ( GEOMETRIC_REPRESENTATION_CONTEXT(2) 
PARAMETRIC_REPRESENTATION_CONTEXT() REPRESENTATION_CONTEXT('2D SPACE',''
  ) );
#6549 = PCURVE('',#6550,#6555);
#6550 = PLANE('',#6551);
#6551 = AXIS2_PLACEMENT_3D('',#6552,#6553,#6554);
#6552 = CARTESIAN_POINT('',(0.1225,0.,0.));
#6553 = DIRECTION('',(1.,0.,0.));
#6554 = DIRECTION('',(0.,0.,-1.));
#6555 = DEFINITIONAL_REPRESENTATION('',(#6556),#6560);
#6556 = CIRCLE('',#6557,0.3);
#6557 = AXIS2_PLACEMENT_2D('',#6558,#6559);
#6558 = CARTESIAN_POINT('',(0.17245974611,0.13));
#6559 = DIRECTION('',(0.,1.));
#6560 = ( GEOMETRIC_REPRESENTATION_CONTEXT(2) 
PARAMETRIC_REPRESENTATION_CONTEXT() REPRESENTATION_CONTEXT('2D SPACE',''
  ) );
#6561 = ORIENTED_EDGE('',*,*,#6562,.T.);
#6562 = EDGE_CURVE('',#6534,#6157,#6563,.T.);
#6563 = SURFACE_CURVE('',#6564,(#6568,#6575),.PCURVE_S1.);
#6564 = LINE('',#6565,#6566);
#6565 = CARTESIAN_POINT('',(0.1225,0.43,-0.17245974611));
#6566 = VECTOR('',#6567,1.);
#6567 = DIRECTION('',(-1.,0.,0.));
#6568 = PCURVE('',#6182,#6569);
#6569 = DEFINITIONAL_REPRESENTATION('',(#6570),#6574);
#6570 = LINE('',#6571,#6572);
#6571 = CARTESIAN_POINT('',(1.413716694115,0.385514));
#6572 = VECTOR('',#6573,1.);
#6573 = DIRECTION('',(0.,1.));
#6574 = ( GEOMETRIC_REPRESENTATION_CONTEXT(2) 
PARAMETRIC_REPRESENTATION_CONTEXT() REPRESENTATION_CONTEXT('2D SPACE',''
  ) );
#6575 = PCURVE('',#6495,#6576);
#6576 = DEFINITIONAL_REPRESENTATION('',(#6577),#6581);
#6577 = LINE('',#6578,#6579);
#6578 = CARTESIAN_POINT('',(0.20254025389,0.245));
#6579 = VECTOR('',#6580,1.);
#6580 = DIRECTION('',(0.,-1.));
#6581 = ( GEOMETRIC_REPRESENTATION_CONTEXT(2) 
PARAMETRIC_REPRESENTATION_CONTEXT() REPRESENTATION_CONTEXT('2D SPACE',''
  ) );
#6582 = ORIENTED_EDGE('',*,*,#6154,.F.);
#6583 = ADVANCED_FACE('',(#6584),#6495,.T.);
#6584 = FACE_BOUND('',#6585,.F.);
#6585 = EDGE_LOOP('',(#6586,#6587,#6588,#6611));
#6586 = ORIENTED_EDGE('',*,*,#6562,.T.);
#6587 = ORIENTED_EDGE('',*,*,#6481,.F.);
#6588 = ORIENTED_EDGE('',*,*,#6589,.T.);
#6589 = EDGE_CURVE('',#6454,#6590,#6592,.T.);
#6590 = VERTEX_POINT('',#6591);
#6591 = CARTESIAN_POINT('',(0.1225,0.43,-0.375));
#6592 = SURFACE_CURVE('',#6593,(#6597,#6604),.PCURVE_S1.);
#6593 = LINE('',#6594,#6595);
#6594 = CARTESIAN_POINT('',(-0.1225,0.43,-0.375));
#6595 = VECTOR('',#6596,1.);
#6596 = DIRECTION('',(1.,0.,0.));
#6597 = PCURVE('',#6495,#6598);
#6598 = DEFINITIONAL_REPRESENTATION('',(#6599),#6603);
#6599 = LINE('',#6600,#6601);
#6600 = CARTESIAN_POINT('',(0.,0.));
#6601 = VECTOR('',#6602,1.);
#6602 = DIRECTION('',(0.,1.));
#6603 = ( GEOMETRIC_REPRESENTATION_CONTEXT(2) 
PARAMETRIC_REPRESENTATION_CONTEXT() REPRESENTATION_CONTEXT('2D SPACE',''
  ) );
#6604 = PCURVE('',#6469,#6605);
#6605 = DEFINITIONAL_REPRESENTATION('',(#6606),#6610);
#6606 = LINE('',#6607,#6608);
#6607 = CARTESIAN_POINT('',(0.15,0.));
#6608 = VECTOR('',#6609,1.);
#6609 = DIRECTION('',(0.,1.));
#6610 = ( GEOMETRIC_REPRESENTATION_CONTEXT(2) 
PARAMETRIC_REPRESENTATION_CONTEXT() REPRESENTATION_CONTEXT('2D SPACE',''
  ) );
#6611 = ORIENTED_EDGE('',*,*,#6612,.T.);
#6612 = EDGE_CURVE('',#6590,#6534,#6613,.T.);
#6613 = SURFACE_CURVE('',#6614,(#6618,#6625),.PCURVE_S1.);
#6614 = LINE('',#6615,#6616);
#6615 = CARTESIAN_POINT('',(0.1225,0.43,-0.375));
#6616 = VECTOR('',#6617,1.);
#6617 = DIRECTION('',(0.,0.,1.));
#6618 = PCURVE('',#6495,#6619);
#6619 = DEFINITIONAL_REPRESENTATION('',(#6620),#6624);
#6620 = LINE('',#6621,#6622);
#6621 = CARTESIAN_POINT('',(0.,0.245));
#6622 = VECTOR('',#6623,1.);
#6623 = DIRECTION('',(1.,0.));
#6624 = ( GEOMETRIC_REPRESENTATION_CONTEXT(2) 
PARAMETRIC_REPRESENTATION_CONTEXT() REPRESENTATION_CONTEXT('2D SPACE',''
  ) );
#6625 = PCURVE('',#6550,#6626);
#6626 = DEFINITIONAL_REPRESENTATION('',(#6627),#6631);
#6627 = LINE('',#6628,#6629);
#6628 = CARTESIAN_POINT('',(0.375,0.43));
#6629 = VECTOR('',#6630,1.);
#6630 = DIRECTION('',(-1.,0.));
#6631 = ( GEOMETRIC_REPRESENTATION_CONTEXT(2) 
PARAMETRIC_REPRESENTATION_CONTEXT() REPRESENTATION_CONTEXT('2D SPACE',''
  ) );
#6632 = ADVANCED_FACE('',(#6633),#6469,.T.);
#6633 = FACE_BOUND('',#6634,.F.);
#6634 = EDGE_LOOP('',(#6635,#6636,#6659,#6680));
#6635 = ORIENTED_EDGE('',*,*,#6453,.F.);
#6636 = ORIENTED_EDGE('',*,*,#6637,.T.);
#6637 = EDGE_CURVE('',#6426,#6638,#6640,.T.);
#6638 = VERTEX_POINT('',#6639);
#6639 = CARTESIAN_POINT('',(0.1225,0.28,-0.375));
#6640 = SURFACE_CURVE('',#6641,(#6645,#6652),.PCURVE_S1.);
#6641 = LINE('',#6642,#6643);
#6642 = CARTESIAN_POINT('',(-0.1225,0.28,-0.375));
#6643 = VECTOR('',#6644,1.);
#6644 = DIRECTION('',(1.,0.,0.));
#6645 = PCURVE('',#6469,#6646);
#6646 = DEFINITIONAL_REPRESENTATION('',(#6647),#6651);
#6647 = LINE('',#6648,#6649);
#6648 = CARTESIAN_POINT('',(0.,0.));
#6649 = VECTOR('',#6650,1.);
#6650 = DIRECTION('',(0.,1.));
#6651 = ( GEOMETRIC_REPRESENTATION_CONTEXT(2) 
PARAMETRIC_REPRESENTATION_CONTEXT() REPRESENTATION_CONTEXT('2D SPACE',''
  ) );
#6652 = PCURVE('',#6441,#6653);
#6653 = DEFINITIONAL_REPRESENTATION('',(#6654),#6658);
#6654 = LINE('',#6655,#6656);
#6655 = CARTESIAN_POINT('',(0.330652356709,0.));
#6656 = VECTOR('',#6657,1.);
#6657 = DIRECTION('',(0.,1.));
#6658 = ( GEOMETRIC_REPRESENTATION_CONTEXT(2) 
PARAMETRIC_REPRESENTATION_CONTEXT() REPRESENTATION_CONTEXT('2D SPACE',''
  ) );
#6659 = ORIENTED_EDGE('',*,*,#6660,.T.);
#6660 = EDGE_CURVE('',#6638,#6590,#6661,.T.);
#6661 = SURFACE_CURVE('',#6662,(#6666,#6673),.PCURVE_S1.);
#6662 = LINE('',#6663,#6664);
#6663 = CARTESIAN_POINT('',(0.1225,0.28,-0.375));
#6664 = VECTOR('',#6665,1.);
#6665 = DIRECTION('',(0.,1.,0.));
#6666 = PCURVE('',#6469,#6667);
#6667 = DEFINITIONAL_REPRESENTATION('',(#6668),#6672);
#6668 = LINE('',#6669,#6670);
#6669 = CARTESIAN_POINT('',(0.,0.245));
#6670 = VECTOR('',#6671,1.);
#6671 = DIRECTION('',(1.,0.));
#6672 = ( GEOMETRIC_REPRESENTATION_CONTEXT(2) 
PARAMETRIC_REPRESENTATION_CONTEXT() REPRESENTATION_CONTEXT('2D SPACE',''
  ) );
#6673 = PCURVE('',#6550,#6674);
#6674 = DEFINITIONAL_REPRESENTATION('',(#6675),#6679);
#6675 = LINE('',#6676,#6677);
#6676 = CARTESIAN_POINT('',(0.375,0.28));
#6677 = VECTOR('',#6678,1.);
#6678 = DIRECTION('',(0.,1.));
#6679 = ( GEOMETRIC_REPRESENTATION_CONTEXT(2) 
PARAMETRIC_REPRESENTATION_CONTEXT() REPRESENTATION_CONTEXT('2D SPACE',''
  ) );
#6680 = ORIENTED_EDGE('',*,*,#6589,.F.);
#6681 = ADVANCED_FACE('',(#6682),#6441,.T.);
#6682 = FACE_BOUND('',#6683,.F.);
#6683 = EDGE_LOOP('',(#6684,#6707,#6728,#6729));
#6684 = ORIENTED_EDGE('',*,*,#6685,.T.);
#6685 = EDGE_CURVE('',#6397,#6686,#6688,.T.);
#6686 = VERTEX_POINT('',#6687);
#6687 = CARTESIAN_POINT('',(0.1225,0.28,-0.17245974611));
#6688 = SURFACE_CURVE('',#6689,(#6693,#6700),.PCURVE_S1.);
#6689 = LINE('',#6690,#6691);
#6690 = CARTESIAN_POINT('',(-0.1225,0.28,-0.17245974611));
#6691 = VECTOR('',#6692,1.);
#6692 = DIRECTION('',(1.,0.,0.));
#6693 = PCURVE('',#6441,#6694);
#6694 = DEFINITIONAL_REPRESENTATION('',(#6695),#6699);
#6695 = LINE('',#6696,#6697);
#6696 = CARTESIAN_POINT('',(0.12811210282,0.));
#6697 = VECTOR('',#6698,1.);
#6698 = DIRECTION('',(0.,1.));
#6699 = ( GEOMETRIC_REPRESENTATION_CONTEXT(2) 
PARAMETRIC_REPRESENTATION_CONTEXT() REPRESENTATION_CONTEXT('2D SPACE',''
  ) );
#6700 = PCURVE('',#6413,#6701);
#6701 = DEFINITIONAL_REPRESENTATION('',(#6702),#6706);
#6702 = LINE('',#6703,#6704);
#6703 = CARTESIAN_POINT('',(0.,0.319382));
#6704 = VECTOR('',#6705,1.);
#6705 = DIRECTION('',(0.,1.));
#6706 = ( GEOMETRIC_REPRESENTATION_CONTEXT(2) 
PARAMETRIC_REPRESENTATION_CONTEXT() REPRESENTATION_CONTEXT('2D SPACE',''
  ) );
#6707 = ORIENTED_EDGE('',*,*,#6708,.T.);
#6708 = EDGE_CURVE('',#6686,#6638,#6709,.T.);
#6709 = SURFACE_CURVE('',#6710,(#6714,#6721),.PCURVE_S1.);
#6710 = LINE('',#6711,#6712);
#6711 = CARTESIAN_POINT('',(0.1225,0.28,-0.17245974611));
#6712 = VECTOR('',#6713,1.);
#6713 = DIRECTION('',(0.,0.,-1.));
#6714 = PCURVE('',#6441,#6715);
#6715 = DEFINITIONAL_REPRESENTATION('',(#6716),#6720);
#6716 = LINE('',#6717,#6718);
#6717 = CARTESIAN_POINT('',(0.12811210282,0.245));
#6718 = VECTOR('',#6719,1.);
#6719 = DIRECTION('',(1.,0.));
#6720 = ( GEOMETRIC_REPRESENTATION_CONTEXT(2) 
PARAMETRIC_REPRESENTATION_CONTEXT() REPRESENTATION_CONTEXT('2D SPACE',''
  ) );
#6721 = PCURVE('',#6550,#6722);
#6722 = DEFINITIONAL_REPRESENTATION('',(#6723),#6727);
#6723 = LINE('',#6724,#6725);
#6724 = CARTESIAN_POINT('',(0.17245974611,0.28));
#6725 = VECTOR('',#6726,1.);
#6726 = DIRECTION('',(1.,0.));
#6727 = ( GEOMETRIC_REPRESENTATION_CONTEXT(2) 
PARAMETRIC_REPRESENTATION_CONTEXT() REPRESENTATION_CONTEXT('2D SPACE',''
  ) );
#6728 = ORIENTED_EDGE('',*,*,#6637,.F.);
#6729 = ORIENTED_EDGE('',*,*,#6425,.F.);
#6730 = ADVANCED_FACE('',(#6731),#6413,.F.);
#6731 = FACE_BOUND('',#6732,.F.);
#6732 = EDGE_LOOP('',(#6733,#6734,#6735,#6758));
#6733 = ORIENTED_EDGE('',*,*,#6685,.F.);
#6734 = ORIENTED_EDGE('',*,*,#6396,.T.);
#6735 = ORIENTED_EDGE('',*,*,#6736,.T.);
#6736 = EDGE_CURVE('',#6369,#6737,#6739,.T.);
#6737 = VERTEX_POINT('',#6738);
#6738 = CARTESIAN_POINT('',(0.1225,0.153465169756,-2.430649502112E-02));
#6739 = SURFACE_CURVE('',#6740,(#6744,#6751),.PCURVE_S1.);
#6740 = LINE('',#6741,#6742);
#6741 = CARTESIAN_POINT('',(-0.1225,0.153465169756,-2.430649502112E-02)
  );
#6742 = VECTOR('',#6743,1.);
#6743 = DIRECTION('',(1.,0.,0.));
#6744 = PCURVE('',#6413,#6745);
#6745 = DEFINITIONAL_REPRESENTATION('',(#6746),#6750);
#6746 = LINE('',#6747,#6748);
#6747 = CARTESIAN_POINT('',(1.413716694116,0.319382));
#6748 = VECTOR('',#6749,1.);
#6749 = DIRECTION('',(0.,1.));
#6750 = ( GEOMETRIC_REPRESENTATION_CONTEXT(2) 
PARAMETRIC_REPRESENTATION_CONTEXT() REPRESENTATION_CONTEXT('2D SPACE',''
  ) );
#6751 = PCURVE('',#6384,#6752);
#6752 = DEFINITIONAL_REPRESENTATION('',(#6753),#6757);
#6753 = LINE('',#6754,#6755);
#6754 = CARTESIAN_POINT('',(0.367333649902,0.));
#6755 = VECTOR('',#6756,1.);
#6756 = DIRECTION('',(0.,1.));
#6757 = ( GEOMETRIC_REPRESENTATION_CONTEXT(2) 
PARAMETRIC_REPRESENTATION_CONTEXT() REPRESENTATION_CONTEXT('2D SPACE',''
  ) );
#6758 = ORIENTED_EDGE('',*,*,#6759,.T.);
#6759 = EDGE_CURVE('',#6737,#6686,#6760,.T.);
#6760 = SURFACE_CURVE('',#6761,(#6766,#6773),.PCURVE_S1.);
#6761 = CIRCLE('',#6762,0.15);
#6762 = AXIS2_PLACEMENT_3D('',#6763,#6764,#6765);
#6763 = CARTESIAN_POINT('',(0.1225,0.13,-0.17245974611));
#6764 = DIRECTION('',(-1.,0.,0.));
#6765 = DIRECTION('',(0.,0.15643446504,0.987688340595));
#6766 = PCURVE('',#6413,#6767);
#6767 = DEFINITIONAL_REPRESENTATION('',(#6768),#6772);
#6768 = LINE('',#6769,#6770);
#6769 = CARTESIAN_POINT('',(1.413716694115,0.564382));
#6770 = VECTOR('',#6771,1.);
#6771 = DIRECTION('',(-1.,0.));
#6772 = ( GEOMETRIC_REPRESENTATION_CONTEXT(2) 
PARAMETRIC_REPRESENTATION_CONTEXT() REPRESENTATION_CONTEXT('2D SPACE',''
  ) );
#6773 = PCURVE('',#6550,#6774);
#6774 = DEFINITIONAL_REPRESENTATION('',(#6775),#6783);
#6775 = ( BOUNDED_CURVE() B_SPLINE_CURVE(2,(#6776,#6777,#6778,#6779,
#6780,#6781,#6782),.UNSPECIFIED.,.T.,.F.) B_SPLINE_CURVE_WITH_KNOTS((1,2
    ,2,2,2,1),(-2.094395102393,0.,2.094395102393,4.188790204786,
6.28318530718,8.377580409573),.UNSPECIFIED.) CURVE() 
GEOMETRIC_REPRESENTATION_ITEM() RATIONAL_B_SPLINE_CURVE((1.,0.5,1.,0.5,
1.,0.5,1.)) REPRESENTATION_ITEM('') );
#6776 = CARTESIAN_POINT('',(2.430649502113E-02,0.153465169756));
#6777 = CARTESIAN_POINT('',(6.49493612468E-02,0.410074127949));
#6778 = CARTESIAN_POINT('',(0.266857804768,0.246571894219));
#6779 = CARTESIAN_POINT('',(0.468766248289,8.306966048794E-02));
#6780 = CARTESIAN_POINT('',(0.226214938542,-1.003706397458E-02));
#6781 = CARTESIAN_POINT('',(-1.633637120455E-02,-0.103143788437));
#6782 = CARTESIAN_POINT('',(2.430649502113E-02,0.153465169756));
#6783 = ( GEOMETRIC_REPRESENTATION_CONTEXT(2) 
PARAMETRIC_REPRESENTATION_CONTEXT() REPRESENTATION_CONTEXT('2D SPACE',''
  ) );
#6784 = ADVANCED_FACE('',(#6785),#6384,.T.);
#6785 = FACE_BOUND('',#6786,.F.);
#6786 = EDGE_LOOP('',(#6787,#6810,#6831,#6832));
#6787 = ORIENTED_EDGE('',*,*,#6788,.F.);
#6788 = EDGE_CURVE('',#6789,#6336,#6791,.T.);
#6789 = VERTEX_POINT('',#6790);
#6790 = CARTESIAN_POINT('',(0.1225,2.634684081425E-02,
    -4.172929636685E-03));
#6791 = SURFACE_CURVE('',#6792,(#6796,#6803),.PCURVE_S1.);
#6792 = LINE('',#6793,#6794);
#6793 = CARTESIAN_POINT('',(0.1225,2.634684081425E-02,
    -4.172929636685E-03));
#6794 = VECTOR('',#6795,1.);
#6795 = DIRECTION('',(-1.,0.,0.));
#6796 = PCURVE('',#6384,#6797);
#6797 = DEFINITIONAL_REPRESENTATION('',(#6798),#6802);
#6798 = LINE('',#6799,#6800);
#6799 = CARTESIAN_POINT('',(0.238630775,0.245));
#6800 = VECTOR('',#6801,1.);
#6801 = DIRECTION('',(0.,-1.));
#6802 = ( GEOMETRIC_REPRESENTATION_CONTEXT(2) 
PARAMETRIC_REPRESENTATION_CONTEXT() REPRESENTATION_CONTEXT('2D SPACE',''
  ) );
#6803 = PCURVE('',#6356,#6804);
#6804 = DEFINITIONAL_REPRESENTATION('',(#6805),#6809);
#6805 = LINE('',#6806,#6807);
#6806 = CARTESIAN_POINT('',(0.,0.385514));
#6807 = VECTOR('',#6808,1.);
#6808 = DIRECTION('',(0.,1.));
#6809 = ( GEOMETRIC_REPRESENTATION_CONTEXT(2) 
PARAMETRIC_REPRESENTATION_CONTEXT() REPRESENTATION_CONTEXT('2D SPACE',''
  ) );
#6810 = ORIENTED_EDGE('',*,*,#6811,.F.);
#6811 = EDGE_CURVE('',#6737,#6789,#6812,.T.);
#6812 = SURFACE_CURVE('',#6813,(#6817,#6824),.PCURVE_S1.);
#6813 = LINE('',#6814,#6815);
#6814 = CARTESIAN_POINT('',(0.1225,0.153465169756,-2.430649502112E-02));
#6815 = VECTOR('',#6816,1.);
#6816 = DIRECTION('',(0.,-0.987688340595,0.15643446504));
#6817 = PCURVE('',#6384,#6818);
#6818 = DEFINITIONAL_REPRESENTATION('',(#6819),#6823);
#6819 = LINE('',#6820,#6821);
#6820 = CARTESIAN_POINT('',(0.367333649902,0.245));
#6821 = VECTOR('',#6822,1.);
#6822 = DIRECTION('',(-1.,0.));
#6823 = ( GEOMETRIC_REPRESENTATION_CONTEXT(2) 
PARAMETRIC_REPRESENTATION_CONTEXT() REPRESENTATION_CONTEXT('2D SPACE',''
  ) );
#6824 = PCURVE('',#6550,#6825);
#6825 = DEFINITIONAL_REPRESENTATION('',(#6826),#6830);
#6826 = LINE('',#6827,#6828);
#6827 = CARTESIAN_POINT('',(2.430649502112E-02,0.153465169756));
#6828 = VECTOR('',#6829,1.);
#6829 = DIRECTION('',(-0.15643446504,-0.987688340595));
#6830 = ( GEOMETRIC_REPRESENTATION_CONTEXT(2) 
PARAMETRIC_REPRESENTATION_CONTEXT() REPRESENTATION_CONTEXT('2D SPACE',''
  ) );
#6831 = ORIENTED_EDGE('',*,*,#6736,.F.);
#6832 = ORIENTED_EDGE('',*,*,#6368,.F.);
#6833 = ADVANCED_FACE('',(#6834),#6356,.T.);
#6834 = FACE_BOUND('',#6835,.T.);
#6835 = EDGE_LOOP('',(#6836,#6837,#6861,#6882));
#6836 = ORIENTED_EDGE('',*,*,#6788,.F.);
#6837 = ORIENTED_EDGE('',*,*,#6838,.F.);
#6838 = EDGE_CURVE('',#6839,#6789,#6841,.T.);
#6839 = VERTEX_POINT('',#6840);
#6840 = CARTESIAN_POINT('',(0.1225,-0.225992034752,0.271206630419));
#6841 = SURFACE_CURVE('',#6842,(#6847,#6854),.PCURVE_S1.);
#6842 = CIRCLE('',#6843,0.3);
#6843 = AXIS2_PLACEMENT_3D('',#6844,#6845,#6846);
#6844 = CARTESIAN_POINT('',(0.1225,7.327718032632E-02,0.292133572542));
#6845 = DIRECTION('',(1.,0.,0.));
#6846 = DIRECTION('',(0.,-0.99756405026,-6.975647374413E-02));
#6847 = PCURVE('',#6356,#6848);
#6848 = DEFINITIONAL_REPRESENTATION('',(#6849),#6853);
#6849 = LINE('',#6850,#6851);
#6850 = CARTESIAN_POINT('',(1.343903524036,0.385514));
#6851 = VECTOR('',#6852,1.);
#6852 = DIRECTION('',(-1.,0.));
#6853 = ( GEOMETRIC_REPRESENTATION_CONTEXT(2) 
PARAMETRIC_REPRESENTATION_CONTEXT() REPRESENTATION_CONTEXT('2D SPACE',''
  ) );
#6854 = PCURVE('',#6550,#6855);
#6855 = DEFINITIONAL_REPRESENTATION('',(#6856),#6860);
#6856 = CIRCLE('',#6857,0.3);
#6857 = AXIS2_PLACEMENT_2D('',#6858,#6859);
#6858 = CARTESIAN_POINT('',(-0.292133572542,7.327718032632E-02));
#6859 = DIRECTION('',(6.975647374413E-02,-0.99756405026));
#6860 = ( GEOMETRIC_REPRESENTATION_CONTEXT(2) 
PARAMETRIC_REPRESENTATION_CONTEXT() REPRESENTATION_CONTEXT('2D SPACE',''
  ) );
#6861 = ORIENTED_EDGE('',*,*,#6862,.T.);
#6862 = EDGE_CURVE('',#6839,#6308,#6863,.T.);
#6863 = SURFACE_CURVE('',#6864,(#6868,#6875),.PCURVE_S1.);
#6864 = LINE('',#6865,#6866);
#6865 = CARTESIAN_POINT('',(0.1225,-0.225992034752,0.271206630419));
#6866 = VECTOR('',#6867,1.);
#6867 = DIRECTION('',(-1.,0.,0.));
#6868 = PCURVE('',#6356,#6869);
#6869 = DEFINITIONAL_REPRESENTATION('',(#6870),#6874);
#6870 = LINE('',#6871,#6872);
#6871 = CARTESIAN_POINT('',(1.343903524035,0.385514));
#6872 = VECTOR('',#6873,1.);
#6873 = DIRECTION('',(0.,1.));
#6874 = ( GEOMETRIC_REPRESENTATION_CONTEXT(2) 
PARAMETRIC_REPRESENTATION_CONTEXT() REPRESENTATION_CONTEXT('2D SPACE',''
  ) );
#6875 = PCURVE('',#6323,#6876);
#6876 = DEFINITIONAL_REPRESENTATION('',(#6877),#6881);
#6877 = LINE('',#6878,#6879);
#6878 = CARTESIAN_POINT('',(0.34416827514,0.245));
#6879 = VECTOR('',#6880,1.);
#6880 = DIRECTION('',(0.,-1.));
#6881 = ( GEOMETRIC_REPRESENTATION_CONTEXT(2) 
PARAMETRIC_REPRESENTATION_CONTEXT() REPRESENTATION_CONTEXT('2D SPACE',''
  ) );
#6882 = ORIENTED_EDGE('',*,*,#6335,.F.);
#6883 = ADVANCED_FACE('',(#6884),#6323,.T.);
#6884 = FACE_BOUND('',#6885,.F.);
#6885 = EDGE_LOOP('',(#6886,#6887,#6888,#6911));
#6886 = ORIENTED_EDGE('',*,*,#6862,.T.);
#6887 = ORIENTED_EDGE('',*,*,#6307,.F.);
#6888 = ORIENTED_EDGE('',*,*,#6889,.T.);
#6889 = EDGE_CURVE('',#6280,#6890,#6892,.T.);
#6890 = VERTEX_POINT('',#6891);
#6891 = CARTESIAN_POINT('',(0.1225,-0.25,0.614536528938));
#6892 = SURFACE_CURVE('',#6893,(#6897,#6904),.PCURVE_S1.);
#6893 = LINE('',#6894,#6895);
#6894 = CARTESIAN_POINT('',(-0.1225,-0.25,0.614536528938));
#6895 = VECTOR('',#6896,1.);
#6896 = DIRECTION('',(1.,0.,0.));
#6897 = PCURVE('',#6323,#6898);
#6898 = DEFINITIONAL_REPRESENTATION('',(#6899),#6903);
#6899 = LINE('',#6900,#6901);
#6900 = CARTESIAN_POINT('',(0.,0.));
#6901 = VECTOR('',#6902,1.);
#6902 = DIRECTION('',(0.,1.));
#6903 = ( GEOMETRIC_REPRESENTATION_CONTEXT(2) 
PARAMETRIC_REPRESENTATION_CONTEXT() REPRESENTATION_CONTEXT('2D SPACE',''
  ) );
#6904 = PCURVE('',#6295,#6905);
#6905 = DEFINITIONAL_REPRESENTATION('',(#6906),#6910);
#6906 = LINE('',#6907,#6908);
#6907 = CARTESIAN_POINT('',(0.15,0.));
#6908 = VECTOR('',#6909,1.);
#6909 = DIRECTION('',(0.,1.));
#6910 = ( GEOMETRIC_REPRESENTATION_CONTEXT(2) 
PARAMETRIC_REPRESENTATION_CONTEXT() REPRESENTATION_CONTEXT('2D SPACE',''
  ) );
#6911 = ORIENTED_EDGE('',*,*,#6912,.T.);
#6912 = EDGE_CURVE('',#6890,#6839,#6913,.T.);
#6913 = SURFACE_CURVE('',#6914,(#6918,#6925),.PCURVE_S1.);
#6914 = LINE('',#6915,#6916);
#6915 = CARTESIAN_POINT('',(0.1225,-0.25,0.614536528938));
#6916 = VECTOR('',#6917,1.);
#6917 = DIRECTION('',(0.,6.975647374413E-02,-0.99756405026));
#6918 = PCURVE('',#6323,#6919);
#6919 = DEFINITIONAL_REPRESENTATION('',(#6920),#6924);
#6920 = LINE('',#6921,#6922);
#6921 = CARTESIAN_POINT('',(0.,0.245));
#6922 = VECTOR('',#6923,1.);
#6923 = DIRECTION('',(1.,0.));
#6924 = ( GEOMETRIC_REPRESENTATION_CONTEXT(2) 
PARAMETRIC_REPRESENTATION_CONTEXT() REPRESENTATION_CONTEXT('2D SPACE',''
  ) );
#6925 = PCURVE('',#6550,#6926);
#6926 = DEFINITIONAL_REPRESENTATION('',(#6927),#6931);
#6927 = LINE('',#6928,#6929);
#6928 = CARTESIAN_POINT('',(-0.614536528938,-0.25));
#6929 = VECTOR('',#6930,1.);
#6930 = DIRECTION('',(0.99756405026,6.975647374413E-02));
#6931 = ( GEOMETRIC_REPRESENTATION_CONTEXT(2) 
PARAMETRIC_REPRESENTATION_CONTEXT() REPRESENTATION_CONTEXT('2D SPACE',''
  ) );
#6932 = ADVANCED_FACE('',(#6933),#6295,.T.);
#6933 = FACE_BOUND('',#6934,.F.);
#6934 = EDGE_LOOP('',(#6935,#6936,#6959,#6980));
#6935 = ORIENTED_EDGE('',*,*,#6279,.F.);
#6936 = ORIENTED_EDGE('',*,*,#6937,.T.);
#6937 = EDGE_CURVE('',#6252,#6938,#6940,.T.);
#6938 = VERTEX_POINT('',#6939);
#6939 = CARTESIAN_POINT('',(0.1225,-0.100365392461,0.625));
#6940 = SURFACE_CURVE('',#6941,(#6945,#6952),.PCURVE_S1.);
#6941 = LINE('',#6942,#6943);
#6942 = CARTESIAN_POINT('',(-0.1225,-0.100365392461,0.625));
#6943 = VECTOR('',#6944,1.);
#6944 = DIRECTION('',(1.,0.,0.));
#6945 = PCURVE('',#6295,#6946);
#6946 = DEFINITIONAL_REPRESENTATION('',(#6947),#6951);
#6947 = LINE('',#6948,#6949);
#6948 = CARTESIAN_POINT('',(0.,0.));
#6949 = VECTOR('',#6950,1.);
#6950 = DIRECTION('',(0.,1.));
#6951 = ( GEOMETRIC_REPRESENTATION_CONTEXT(2) 
PARAMETRIC_REPRESENTATION_CONTEXT() REPRESENTATION_CONTEXT('2D SPACE',''
  ) );
#6952 = PCURVE('',#6267,#6953);
#6953 = DEFINITIONAL_REPRESENTATION('',(#6954),#6958);
#6954 = LINE('',#6955,#6956);
#6955 = CARTESIAN_POINT('',(0.46348366264,0.));
#6956 = VECTOR('',#6957,1.);
#6957 = DIRECTION('',(0.,1.));
#6958 = ( GEOMETRIC_REPRESENTATION_CONTEXT(2) 
PARAMETRIC_REPRESENTATION_CONTEXT() REPRESENTATION_CONTEXT('2D SPACE',''
  ) );
#6959 = ORIENTED_EDGE('',*,*,#6960,.T.);
#6960 = EDGE_CURVE('',#6938,#6890,#6961,.T.);
#6961 = SURFACE_CURVE('',#6962,(#6966,#6973),.PCURVE_S1.);
#6962 = LINE('',#6963,#6964);
#6963 = CARTESIAN_POINT('',(0.1225,-0.100365392461,0.625));
#6964 = VECTOR('',#6965,1.);
#6965 = DIRECTION('',(0.,-0.99756405026,-6.975647374412E-02));
#6966 = PCURVE('',#6295,#6967);
#6967 = DEFINITIONAL_REPRESENTATION('',(#6968),#6972);
#6968 = LINE('',#6969,#6970);
#6969 = CARTESIAN_POINT('',(0.,0.245));
#6970 = VECTOR('',#6971,1.);
#6971 = DIRECTION('',(1.,0.));
#6972 = ( GEOMETRIC_REPRESENTATION_CONTEXT(2) 
PARAMETRIC_REPRESENTATION_CONTEXT() REPRESENTATION_CONTEXT('2D SPACE',''
  ) );
#6973 = PCURVE('',#6550,#6974);
#6974 = DEFINITIONAL_REPRESENTATION('',(#6975),#6979);
#6975 = LINE('',#6976,#6977);
#6976 = CARTESIAN_POINT('',(-0.625,-0.100365392461));
#6977 = VECTOR('',#6978,1.);
#6978 = DIRECTION('',(6.975647374412E-02,-0.99756405026));
#6979 = ( GEOMETRIC_REPRESENTATION_CONTEXT(2) 
PARAMETRIC_REPRESENTATION_CONTEXT() REPRESENTATION_CONTEXT('2D SPACE',''
  ) );
#6980 = ORIENTED_EDGE('',*,*,#6889,.F.);
#6981 = ADVANCED_FACE('',(#6982),#6267,.T.);
#6982 = FACE_BOUND('',#6983,.F.);
#6983 = EDGE_LOOP('',(#6984,#7007,#7028,#7029));
#6984 = ORIENTED_EDGE('',*,*,#6985,.T.);
#6985 = EDGE_CURVE('',#6223,#6986,#6988,.T.);
#6986 = VERTEX_POINT('',#6987);
#6987 = CARTESIAN_POINT('',(0.1225,-7.635742721265E-02,0.28167010148));
#6988 = SURFACE_CURVE('',#6989,(#6993,#7000),.PCURVE_S1.);
#6989 = LINE('',#6990,#6991);
#6990 = CARTESIAN_POINT('',(-0.1225,-7.635742721265E-02,0.28167010148));
#6991 = VECTOR('',#6992,1.);
#6992 = DIRECTION('',(1.,0.,0.));
#6993 = PCURVE('',#6267,#6994);
#6994 = DEFINITIONAL_REPRESENTATION('',(#6995),#6999);
#6995 = LINE('',#6996,#6997);
#6996 = CARTESIAN_POINT('',(0.1193153875,0.));
#6997 = VECTOR('',#6998,1.);
#6998 = DIRECTION('',(0.,1.));
#6999 = ( GEOMETRIC_REPRESENTATION_CONTEXT(2) 
PARAMETRIC_REPRESENTATION_CONTEXT() REPRESENTATION_CONTEXT('2D SPACE',''
  ) );
#7000 = PCURVE('',#6239,#7001);
#7001 = DEFINITIONAL_REPRESENTATION('',(#7002),#7006);
#7002 = LINE('',#7003,#7004);
#7003 = CARTESIAN_POINT('',(0.,0.319382));
#7004 = VECTOR('',#7005,1.);
#7005 = DIRECTION('',(0.,1.));
#7006 = ( GEOMETRIC_REPRESENTATION_CONTEXT(2) 
PARAMETRIC_REPRESENTATION_CONTEXT() REPRESENTATION_CONTEXT('2D SPACE',''
  ) );
#7007 = ORIENTED_EDGE('',*,*,#7008,.T.);
#7008 = EDGE_CURVE('',#6986,#6938,#7009,.T.);
#7009 = SURFACE_CURVE('',#7010,(#7014,#7021),.PCURVE_S1.);
#7010 = LINE('',#7011,#7012);
#7011 = CARTESIAN_POINT('',(0.1225,-7.635742721265E-02,0.28167010148));
#7012 = VECTOR('',#7013,1.);
#7013 = DIRECTION('',(0.,-6.975647374413E-02,0.99756405026));
#7014 = PCURVE('',#6267,#7015);
#7015 = DEFINITIONAL_REPRESENTATION('',(#7016),#7020);
#7016 = LINE('',#7017,#7018);
#7017 = CARTESIAN_POINT('',(0.1193153875,0.245));
#7018 = VECTOR('',#7019,1.);
#7019 = DIRECTION('',(1.,0.));
#7020 = ( GEOMETRIC_REPRESENTATION_CONTEXT(2) 
PARAMETRIC_REPRESENTATION_CONTEXT() REPRESENTATION_CONTEXT('2D SPACE',''
  ) );
#7021 = PCURVE('',#6550,#7022);
#7022 = DEFINITIONAL_REPRESENTATION('',(#7023),#7027);
#7023 = LINE('',#7024,#7025);
#7024 = CARTESIAN_POINT('',(-0.28167010148,-7.635742721265E-02));
#7025 = VECTOR('',#7026,1.);
#7026 = DIRECTION('',(-0.99756405026,-6.975647374413E-02));
#7027 = ( GEOMETRIC_REPRESENTATION_CONTEXT(2) 
PARAMETRIC_REPRESENTATION_CONTEXT() REPRESENTATION_CONTEXT('2D SPACE',''
  ) );
#7028 = ORIENTED_EDGE('',*,*,#6937,.F.);
#7029 = ORIENTED_EDGE('',*,*,#6251,.F.);
#7030 = ADVANCED_FACE('',(#7031),#6239,.F.);
#7031 = FACE_BOUND('',#7032,.F.);
#7032 = EDGE_LOOP('',(#7033,#7034,#7035,#7058));
#7033 = ORIENTED_EDGE('',*,*,#6985,.F.);
#7034 = ORIENTED_EDGE('',*,*,#6222,.T.);
#7035 = ORIENTED_EDGE('',*,*,#7036,.T.);
#7036 = EDGE_CURVE('',#6195,#7037,#7039,.T.);
#7037 = VERTEX_POINT('',#7038);
#7038 = CARTESIAN_POINT('',(0.1225,4.981201057029E-02,0.143980321453));
#7039 = SURFACE_CURVE('',#7040,(#7044,#7051),.PCURVE_S1.);
#7040 = LINE('',#7041,#7042);
#7041 = CARTESIAN_POINT('',(-0.1225,4.981201057029E-02,0.143980321453));
#7042 = VECTOR('',#7043,1.);
#7043 = DIRECTION('',(1.,0.,0.));
#7044 = PCURVE('',#6239,#7045);
#7045 = DEFINITIONAL_REPRESENTATION('',(#7046),#7050);
#7046 = LINE('',#7047,#7048);
#7047 = CARTESIAN_POINT('',(1.343903524036,0.319382));
#7048 = VECTOR('',#7049,1.);
#7049 = DIRECTION('',(0.,1.));
#7050 = ( GEOMETRIC_REPRESENTATION_CONTEXT(2) 
PARAMETRIC_REPRESENTATION_CONTEXT() REPRESENTATION_CONTEXT('2D SPACE',''
  ) );
#7051 = PCURVE('',#6210,#7052);
#7052 = DEFINITIONAL_REPRESENTATION('',(#7053),#7057);
#7053 = LINE('',#7054,#7055);
#7054 = CARTESIAN_POINT('',(-2.667525749913E-02,0.));
#7055 = VECTOR('',#7056,1.);
#7056 = DIRECTION('',(0.,1.));
#7057 = ( GEOMETRIC_REPRESENTATION_CONTEXT(2) 
PARAMETRIC_REPRESENTATION_CONTEXT() REPRESENTATION_CONTEXT('2D SPACE',''
  ) );
#7058 = ORIENTED_EDGE('',*,*,#7059,.T.);
#7059 = EDGE_CURVE('',#7037,#6986,#7060,.T.);
#7060 = SURFACE_CURVE('',#7061,(#7066,#7073),.PCURVE_S1.);
#7061 = CIRCLE('',#7062,0.15);
#7062 = AXIS2_PLACEMENT_3D('',#7063,#7064,#7065);
#7063 = CARTESIAN_POINT('',(0.1225,7.327718032632E-02,0.292133572542));
#7064 = DIRECTION('',(-1.,0.,0.));
#7065 = DIRECTION('',(-0.,-0.15643446504,-0.987688340595));
#7066 = PCURVE('',#6239,#7067);
#7067 = DEFINITIONAL_REPRESENTATION('',(#7068),#7072);
#7068 = LINE('',#7069,#7070);
#7069 = CARTESIAN_POINT('',(1.343903524036,0.564382));
#7070 = VECTOR('',#7071,1.);
#7071 = DIRECTION('',(-1.,0.));
#7072 = ( GEOMETRIC_REPRESENTATION_CONTEXT(2) 
PARAMETRIC_REPRESENTATION_CONTEXT() REPRESENTATION_CONTEXT('2D SPACE',''
  ) );
#7073 = PCURVE('',#6550,#7074);
#7074 = DEFINITIONAL_REPRESENTATION('',(#7075),#7083);
#7075 = ( BOUNDED_CURVE() B_SPLINE_CURVE(2,(#7076,#7077,#7078,#7079,
#7080,#7081,#7082),.UNSPECIFIED.,.T.,.F.) B_SPLINE_CURVE_WITH_KNOTS((1,2
    ,2,2,2,1),(-2.094395102393,0.,2.094395102393,4.188790204786,
6.28318530718,8.377580409573),.UNSPECIFIED.) CURVE() 
GEOMETRIC_REPRESENTATION_ITEM() RATIONAL_B_SPLINE_CURVE((1.,0.5,1.,0.5,
1.,0.5,1.)) REPRESENTATION_ITEM('') );
#7076 = CARTESIAN_POINT('',(-0.143980321453,4.981201057029E-02));
#7077 = CARTESIAN_POINT('',(-0.184623187678,-0.206796947623));
#7078 = CARTESIAN_POINT('',(-0.386531631199,-4.329471389223E-02));
#7079 = CARTESIAN_POINT('',(-0.58844007472,0.120207519838));
#7080 = CARTESIAN_POINT('',(-0.345888764974,0.213314244301));
#7081 = CARTESIAN_POINT('',(-0.103337455227,0.306420968763));
#7082 = CARTESIAN_POINT('',(-0.143980321453,4.981201057029E-02));
#7083 = ( GEOMETRIC_REPRESENTATION_CONTEXT(2) 
PARAMETRIC_REPRESENTATION_CONTEXT() REPRESENTATION_CONTEXT('2D SPACE',''
  ) );
#7084 = ADVANCED_FACE('',(#7085),#6210,.T.);
#7085 = FACE_BOUND('',#7086,.F.);
#7086 = EDGE_LOOP('',(#7087,#7088,#7109,#7110));
#7087 = ORIENTED_EDGE('',*,*,#6510,.F.);
#7088 = ORIENTED_EDGE('',*,*,#7089,.F.);
#7089 = EDGE_CURVE('',#7037,#6511,#7090,.T.);
#7090 = SURFACE_CURVE('',#7091,(#7095,#7102),.PCURVE_S1.);
#7091 = LINE('',#7092,#7093);
#7092 = CARTESIAN_POINT('',(0.1225,4.981201057029E-02,0.143980321453));
#7093 = VECTOR('',#7094,1.);
#7094 = DIRECTION('',(0.,0.987688340595,-0.15643446504));
#7095 = PCURVE('',#6210,#7096);
#7096 = DEFINITIONAL_REPRESENTATION('',(#7097),#7101);
#7097 = LINE('',#7098,#7099);
#7098 = CARTESIAN_POINT('',(-2.667525749913E-02,0.245));
#7099 = VECTOR('',#7100,1.);
#7100 = DIRECTION('',(-1.,0.));
#7101 = ( GEOMETRIC_REPRESENTATION_CONTEXT(2) 
PARAMETRIC_REPRESENTATION_CONTEXT() REPRESENTATION_CONTEXT('2D SPACE',''
  ) );
#7102 = PCURVE('',#6550,#7103);
#7103 = DEFINITIONAL_REPRESENTATION('',(#7104),#7108);
#7104 = LINE('',#7105,#7106);
#7105 = CARTESIAN_POINT('',(-0.143980321453,4.981201057029E-02));
#7106 = VECTOR('',#7107,1.);
#7107 = DIRECTION('',(0.15643446504,0.987688340595));
#7108 = ( GEOMETRIC_REPRESENTATION_CONTEXT(2) 
PARAMETRIC_REPRESENTATION_CONTEXT() REPRESENTATION_CONTEXT('2D SPACE',''
  ) );
#7109 = ORIENTED_EDGE('',*,*,#7036,.F.);
#7110 = ORIENTED_EDGE('',*,*,#6194,.F.);
#7111 = ADVANCED_FACE('',(#7112),#6550,.T.);
#7112 = FACE_BOUND('',#7113,.F.);
#7113 = EDGE_LOOP('',(#7114,#7115,#7116,#7117,#7118,#7119,#7120,#7121,
    #7122,#7123,#7124,#7125));
#7114 = ORIENTED_EDGE('',*,*,#6533,.F.);
#7115 = ORIENTED_EDGE('',*,*,#6612,.F.);
#7116 = ORIENTED_EDGE('',*,*,#6660,.F.);
#7117 = ORIENTED_EDGE('',*,*,#6708,.F.);
#7118 = ORIENTED_EDGE('',*,*,#6759,.F.);
#7119 = ORIENTED_EDGE('',*,*,#6811,.T.);
#7120 = ORIENTED_EDGE('',*,*,#6838,.F.);
#7121 = ORIENTED_EDGE('',*,*,#6912,.F.);
#7122 = ORIENTED_EDGE('',*,*,#6960,.F.);
#7123 = ORIENTED_EDGE('',*,*,#7008,.F.);
#7124 = ORIENTED_EDGE('',*,*,#7059,.F.);
#7125 = ORIENTED_EDGE('',*,*,#7089,.T.);
#7126 = ( GEOMETRIC_REPRESENTATION_CONTEXT(3) 
GLOBAL_UNCERTAINTY_ASSIGNED_CONTEXT((#7130)) 
GLOBAL_UNIT_ASSIGNED_CONTEXT((#7127,#7128,#7129)) REPRESENTATION_CONTEXT
('Context #1','3D Context with UNIT and UNCERTAINTY') );
#7127 = ( LENGTH_UNIT() NAMED_UNIT(*) SI_UNIT(.MILLI.,.METRE.) );
#7128 = ( NAMED_UNIT(*) PLANE_ANGLE_UNIT() SI_UNIT($,.RADIAN.) );
#7129 = ( NAMED_UNIT(*) SI_UNIT($,.STERADIAN.) SOLID_ANGLE_UNIT() );
#7130 = UNCERTAINTY_MEASURE_WITH_UNIT(LENGTH_MEASURE(1.E-07),#7127,
  'distance_accuracy_value','confusion accuracy');
#7131 = CONTEXT_DEPENDENT_SHAPE_REPRESENTATION(#7132,#7134);
#7132 = ( REPRESENTATION_RELATIONSHIP('','',#6147,#6129) 
REPRESENTATION_RELATIONSHIP_WITH_TRANSFORMATION(#7133) 
SHAPE_REPRESENTATION_RELATIONSHIP() );
#7133 = ITEM_DEFINED_TRANSFORMATION('','',#11,#6130);
#7134 = PRODUCT_DEFINITION_SHAPE('Placement','Placement of an item',
  #7135);
#7135 = NEXT_ASSEMBLY_USAGE_OCCURRENCE('2','=>[0:1:1:4]','',#6124,#6142,
  $);
#7136 = PRODUCT_RELATED_PRODUCT_CATEGORY('part',$,(#6144));
#7137 = SHAPE_DEFINITION_REPRESENTATION(#7138,#7144);
#7138 = PRODUCT_DEFINITION_SHAPE('','',#7139);
#7139 = PRODUCT_DEFINITION('design','',#7140,#7143);
#7140 = PRODUCT_DEFINITION_FORMATION('','',#7141);
#7141 = PRODUCT('=>[0:1:1:4]','=>[0:1:1:4]','',(#7142));
#7142 = PRODUCT_CONTEXT('',#2,'mechanical');
#7143 = PRODUCT_DEFINITION_CONTEXT('part definition',#2,'design');
#7144 = SHAPE_REPRESENTATION('',(#11,#7145),#7149);
#7145 = AXIS2_PLACEMENT_3D('',#7146,#7147,#7148);
#7146 = CARTESIAN_POINT('',(-2.575,1.625,0.25));
#7147 = DIRECTION('',(-1.,0.,0.));
#7148 = DIRECTION('',(0.,-1.,0.));
#7149 = ( GEOMETRIC_REPRESENTATION_CONTEXT(3) 
GLOBAL_UNCERTAINTY_ASSIGNED_CONTEXT((#7153)) 
GLOBAL_UNIT_ASSIGNED_CONTEXT((#7150,#7151,#7152)) REPRESENTATION_CONTEXT
('Context #1','3D Context with UNIT and UNCERTAINTY') );
#7150 = ( LENGTH_UNIT() NAMED_UNIT(*) SI_UNIT(.MILLI.,.METRE.) );
#7151 = ( NAMED_UNIT(*) PLANE_ANGLE_UNIT() SI_UNIT($,.RADIAN.) );
#7152 = ( NAMED_UNIT(*) SI_UNIT($,.STERADIAN.) SOLID_ANGLE_UNIT() );
#7153 = UNCERTAINTY_MEASURE_WITH_UNIT(LENGTH_MEASURE(1.E-07),#7150,
  'distance_accuracy_value','confusion accuracy');
#7154 = PRODUCT_RELATED_PRODUCT_CATEGORY('part',$,(#7141));
#7155 = CONTEXT_DEPENDENT_SHAPE_REPRESENTATION(#7156,#7158);
#7156 = ( REPRESENTATION_RELATIONSHIP('','',#6147,#7144) 
REPRESENTATION_RELATIONSHIP_WITH_TRANSFORMATION(#7157) 
SHAPE_REPRESENTATION_RELATIONSHIP() );
#7157 = ITEM_DEFINED_TRANSFORMATION('','',#11,#7145);
#7158 = PRODUCT_DEFINITION_SHAPE('Placement','Placement of an item',
  #7159);
#7159 = NEXT_ASSEMBLY_USAGE_OCCURRENCE('3','=>[0:1:1:4]','',#7139,#6142,
  $);
#7160 = SHAPE_DEFINITION_REPRESENTATION(#7161,#7167);
#7161 = PRODUCT_DEFINITION_SHAPE('','',#7162);
#7162 = PRODUCT_DEFINITION('design','',#7163,#7166);
#7163 = PRODUCT_DEFINITION_FORMATION('','',#7164);
#7164 = PRODUCT('=>[0:1:1:4]','=>[0:1:1:4]','',(#7165));
#7165 = PRODUCT_CONTEXT('',#2,'mechanical');
#7166 = PRODUCT_DEFINITION_CONTEXT('part definition',#2,'design');
#7167 = SHAPE_REPRESENTATION('',(#11,#7168),#7172);
#7168 = AXIS2_PLACEMENT_3D('',#7169,#7170,#7171);
#7169 = CARTESIAN_POINT('',(-2.575,0.975,0.25));
#7170 = DIRECTION('',(-1.,0.,0.));
#7171 = DIRECTION('',(0.,-1.,0.));
#7172 = ( GEOMETRIC_REPRESENTATION_CONTEXT(3) 
GLOBAL_UNCERTAINTY_ASSIGNED_CONTEXT((#7176)) 
GLOBAL_UNIT_ASSIGNED_CONTEXT((#7173,#7174,#7175)) REPRESENTATION_CONTEXT
('Context #1','3D Context with UNIT and UNCERTAINTY') );
#7173 = ( LENGTH_UNIT() NAMED_UNIT(*) SI_UNIT(.MILLI.,.METRE.) );
#7174 = ( NAMED_UNIT(*) PLANE_ANGLE_UNIT() SI_UNIT($,.RADIAN.) );
#7175 = ( NAMED_UNIT(*) SI_UNIT($,.STERADIAN.) SOLID_ANGLE_UNIT() );
#7176 = UNCERTAINTY_MEASURE_WITH_UNIT(LENGTH_MEASURE(1.E-07),#7173,
  'distance_accuracy_value','confusion accuracy');
#7177 = PRODUCT_RELATED_PRODUCT_CATEGORY('part',$,(#7164));
#7178 = CONTEXT_DEPENDENT_SHAPE_REPRESENTATION(#7179,#7181);
#7179 = ( REPRESENTATION_RELATIONSHIP('','',#6147,#7167) 
REPRESENTATION_RELATIONSHIP_WITH_TRANSFORMATION(#7180) 
SHAPE_REPRESENTATION_RELATIONSHIP() );
#7180 = ITEM_DEFINED_TRANSFORMATION('','',#11,#7168);
#7181 = PRODUCT_DEFINITION_SHAPE('Placement','Placement of an item',
  #7182);
#7182 = NEXT_ASSEMBLY_USAGE_OCCURRENCE('4','=>[0:1:1:4]','',#7162,#6142,
  $);
#7183 = SHAPE_DEFINITION_REPRESENTATION(#7184,#7190);
#7184 = PRODUCT_DEFINITION_SHAPE('','',#7185);
#7185 = PRODUCT_DEFINITION('design','',#7186,#7189);
#7186 = PRODUCT_DEFINITION_FORMATION('','',#7187);
#7187 = PRODUCT('=>[0:1:1:4]','=>[0:1:1:4]','',(#7188));
#7188 = PRODUCT_CONTEXT('',#2,'mechanical');
#7189 = PRODUCT_DEFINITION_CONTEXT('part definition',#2,'design');
#7190 = SHAPE_REPRESENTATION('',(#11,#7191),#7195);
#7191 = AXIS2_PLACEMENT_3D('',#7192,#7193,#7194);
#7192 = CARTESIAN_POINT('',(-2.575,0.325,0.25));
#7193 = DIRECTION('',(-1.,0.,0.));
#7194 = DIRECTION('',(0.,-1.,0.));
#7195 = ( GEOMETRIC_REPRESENTATION_CONTEXT(3) 
GLOBAL_UNCERTAINTY_ASSIGNED_CONTEXT((#7199)) 
GLOBAL_UNIT_ASSIGNED_CONTEXT((#7196,#7197,#7198)) REPRESENTATION_CONTEXT
('Context #1','3D Context with UNIT and UNCERTAINTY') );
#7196 = ( LENGTH_UNIT() NAMED_UNIT(*) SI_UNIT(.MILLI.,.METRE.) );
#7197 = ( NAMED_UNIT(*) PLANE_ANGLE_UNIT() SI_UNIT($,.RADIAN.) );
#7198 = ( NAMED_UNIT(*) SI_UNIT($,.STERADIAN.) SOLID_ANGLE_UNIT() );
#7199 = UNCERTAINTY_MEASURE_WITH_UNIT(LENGTH_MEASURE(1.E-07),#7196,
  'distance_accuracy_value','confusion accuracy');
#7200 = PRODUCT_RELATED_PRODUCT_CATEGORY('part',$,(#7187));
#7201 = CONTEXT_DEPENDENT_SHAPE_REPRESENTATION(#7202,#7204);
#7202 = ( REPRESENTATION_RELATIONSHIP('','',#6147,#7190) 
REPRESENTATION_RELATIONSHIP_WITH_TRANSFORMATION(#7203) 
SHAPE_REPRESENTATION_RELATIONSHIP() );
#7203 = ITEM_DEFINED_TRANSFORMATION('','',#11,#7191);
#7204 = PRODUCT_DEFINITION_SHAPE('Placement','Placement of an item',
  #7205);
#7205 = NEXT_ASSEMBLY_USAGE_OCCURRENCE('5','=>[0:1:1:4]','',#7185,#6142,
  $);
#7206 = SHAPE_DEFINITION_REPRESENTATION(#7207,#7213);
#7207 = PRODUCT_DEFINITION_SHAPE('','',#7208);
#7208 = PRODUCT_DEFINITION('design','',#7209,#7212);
#7209 = PRODUCT_DEFINITION_FORMATION('','',#7210);
#7210 = PRODUCT('=>[0:1:1:4]','=>[0:1:1:4]','',(#7211));
#7211 = PRODUCT_CONTEXT('',#2,'mechanical');
#7212 = PRODUCT_DEFINITION_CONTEXT('part definition',#2,'design');
#7213 = SHAPE_REPRESENTATION('',(#11,#7214),#7218);
#7214 = AXIS2_PLACEMENT_3D('',#7215,#7216,#7217);
#7215 = CARTESIAN_POINT('',(-2.575,-0.325,0.25));
#7216 = DIRECTION('',(-1.,0.,0.));
#7217 = DIRECTION('',(0.,-1.,0.));
#7218 = ( GEOMETRIC_REPRESENTATION_CONTEXT(3) 
GLOBAL_UNCERTAINTY_ASSIGNED_CONTEXT((#7222)) 
GLOBAL_UNIT_ASSIGNED_CONTEXT((#7219,#7220,#7221)) REPRESENTATION_CONTEXT
('Context #1','3D Context with UNIT and UNCERTAINTY') );
#7219 = ( LENGTH_UNIT() NAMED_UNIT(*) SI_UNIT(.MILLI.,.METRE.) );
#7220 = ( NAMED_UNIT(*) PLANE_ANGLE_UNIT() SI_UNIT($,.RADIAN.) );
#7221 = ( NAMED_UNIT(*) SI_UNIT($,.STERADIAN.) SOLID_ANGLE_UNIT() );
#7222 = UNCERTAINTY_MEASURE_WITH_UNIT(LENGTH_MEASURE(1.E-07),#7219,
  'distance_accuracy_value','confusion accuracy');
#7223 = PRODUCT_RELATED_PRODUCT_CATEGORY('part',$,(#7210));
#7224 = CONTEXT_DEPENDENT_SHAPE_REPRESENTATION(#7225,#7227);
#7225 = ( REPRESENTATION_RELATIONSHIP('','',#6147,#7213) 
REPRESENTATION_RELATIONSHIP_WITH_TRANSFORMATION(#7226) 
SHAPE_REPRESENTATION_RELATIONSHIP() );
#7226 = ITEM_DEFINED_TRANSFORMATION('','',#11,#7214);
#7227 = PRODUCT_DEFINITION_SHAPE('Placement','Placement of an item',
  #7228);
#7228 = NEXT_ASSEMBLY_USAGE_OCCURRENCE('6','=>[0:1:1:4]','',#7208,#6142,
  $);
#7229 = SHAPE_DEFINITION_REPRESENTATION(#7230,#7236);
#7230 = PRODUCT_DEFINITION_SHAPE('','',#7231);
#7231 = PRODUCT_DEFINITION('design','',#7232,#7235);
#7232 = PRODUCT_DEFINITION_FORMATION('','',#7233);
#7233 = PRODUCT('=>[0:1:1:4]','=>[0:1:1:4]','',(#7234));
#7234 = PRODUCT_CONTEXT('',#2,'mechanical');
#7235 = PRODUCT_DEFINITION_CONTEXT('part definition',#2,'design');
#7236 = SHAPE_REPRESENTATION('',(#11,#7237),#7241);
#7237 = AXIS2_PLACEMENT_3D('',#7238,#7239,#7240);
#7238 = CARTESIAN_POINT('',(-2.575,-0.975,0.25));
#7239 = DIRECTION('',(-1.,0.,0.));
#7240 = DIRECTION('',(0.,-1.,0.));
#7241 = ( GEOMETRIC_REPRESENTATION_CONTEXT(3) 
GLOBAL_UNCERTAINTY_ASSIGNED_CONTEXT((#7245)) 
GLOBAL_UNIT_ASSIGNED_CONTEXT((#7242,#7243,#7244)) REPRESENTATION_CONTEXT
('Context #1','3D Context with UNIT and UNCERTAINTY') );
#7242 = ( LENGTH_UNIT() NAMED_UNIT(*) SI_UNIT(.MILLI.,.METRE.) );
#7243 = ( NAMED_UNIT(*) PLANE_ANGLE_UNIT() SI_UNIT($,.RADIAN.) );
#7244 = ( NAMED_UNIT(*) SI_UNIT($,.STERADIAN.) SOLID_ANGLE_UNIT() );
#7245 = UNCERTAINTY_MEASURE_WITH_UNIT(LENGTH_MEASURE(1.E-07),#7242,
  'distance_accuracy_value','confusion accuracy');
#7246 = PRODUCT_RELATED_PRODUCT_CATEGORY('part',$,(#7233));
#7247 = CONTEXT_DEPENDENT_SHAPE_REPRESENTATION(#7248,#7250);
#7248 = ( REPRESENTATION_RELATIONSHIP('','',#6147,#7236) 
REPRESENTATION_RELATIONSHIP_WITH_TRANSFORMATION(#7249) 
SHAPE_REPRESENTATION_RELATIONSHIP() );
#7249 = ITEM_DEFINED_TRANSFORMATION('','',#11,#7237);
#7250 = PRODUCT_DEFINITION_SHAPE('Placement','Placement of an item',
  #7251);
#7251 = NEXT_ASSEMBLY_USAGE_OCCURRENCE('7','=>[0:1:1:4]','',#7231,#6142,
  $);
#7252 = SHAPE_DEFINITION_REPRESENTATION(#7253,#7259);
#7253 = PRODUCT_DEFINITION_SHAPE('','',#7254);
#7254 = PRODUCT_DEFINITION('design','',#7255,#7258);
#7255 = PRODUCT_DEFINITION_FORMATION('','',#7256);
#7256 = PRODUCT('=>[0:1:1:4]','=>[0:1:1:4]','',(#7257));
#7257 = PRODUCT_CONTEXT('',#2,'mechanical');
#7258 = PRODUCT_DEFINITION_CONTEXT('part definition',#2,'design');
#7259 = SHAPE_REPRESENTATION('',(#11,#7260),#7264);
#7260 = AXIS2_PLACEMENT_3D('',#7261,#7262,#7263);
#7261 = CARTESIAN_POINT('',(-2.575,-1.625,0.25));
#7262 = DIRECTION('',(-1.,0.,0.));
#7263 = DIRECTION('',(0.,-1.,0.));
#7264 = ( GEOMETRIC_REPRESENTATION_CONTEXT(3) 
GLOBAL_UNCERTAINTY_ASSIGNED_CONTEXT((#7268)) 
GLOBAL_UNIT_ASSIGNED_CONTEXT((#7265,#7266,#7267)) REPRESENTATION_CONTEXT
('Context #1','3D Context with UNIT and UNCERTAINTY') );
#7265 = ( LENGTH_UNIT() NAMED_UNIT(*) SI_UNIT(.MILLI.,.METRE.) );
#7266 = ( NAMED_UNIT(*) PLANE_ANGLE_UNIT() SI_UNIT($,.RADIAN.) );
#7267 = ( NAMED_UNIT(*) SI_UNIT($,.STERADIAN.) SOLID_ANGLE_UNIT() );
#7268 = UNCERTAINTY_MEASURE_WITH_UNIT(LENGTH_MEASURE(1.E-07),#7265,
  'distance_accuracy_value','confusion accuracy');
#7269 = PRODUCT_RELATED_PRODUCT_CATEGORY('part',$,(#7256));
#7270 = CONTEXT_DEPENDENT_SHAPE_REPRESENTATION(#7271,#7273);
#7271 = ( REPRESENTATION_RELATIONSHIP('','',#6147,#7259) 
REPRESENTATION_RELATIONSHIP_WITH_TRANSFORMATION(#7272) 
SHAPE_REPRESENTATION_RELATIONSHIP() );
#7272 = ITEM_DEFINED_TRANSFORMATION('','',#11,#7260);
#7273 = PRODUCT_DEFINITION_SHAPE('Placement','Placement of an item',
  #7274);
#7274 = NEXT_ASSEMBLY_USAGE_OCCURRENCE('8','=>[0:1:1:4]','',#7254,#6142,
  $);
#7275 = SHAPE_DEFINITION_REPRESENTATION(#7276,#7282);
#7276 = PRODUCT_DEFINITION_SHAPE('','',#7277);
#7277 = PRODUCT_DEFINITION('design','',#7278,#7281);
#7278 = PRODUCT_DEFINITION_FORMATION('','',#7279);
#7279 = PRODUCT('=>[0:1:1:4]','=>[0:1:1:4]','',(#7280));
#7280 = PRODUCT_CONTEXT('',#2,'mechanical');
#7281 = PRODUCT_DEFINITION_CONTEXT('part definition',#2,'design');
#7282 = SHAPE_REPRESENTATION('',(#11,#7283),#7287);
#7283 = AXIS2_PLACEMENT_3D('',#7284,#7285,#7286);
#7284 = CARTESIAN_POINT('',(-2.575,-2.275,0.25));
#7285 = DIRECTION('',(-1.,0.,0.));
#7286 = DIRECTION('',(0.,-1.,0.));
#7287 = ( GEOMETRIC_REPRESENTATION_CONTEXT(3) 
GLOBAL_UNCERTAINTY_ASSIGNED_CONTEXT((#7291)) 
GLOBAL_UNIT_ASSIGNED_CONTEXT((#7288,#7289,#7290)) REPRESENTATION_CONTEXT
('Context #1','3D Context with UNIT and UNCERTAINTY') );
#7288 = ( LENGTH_UNIT() NAMED_UNIT(*) SI_UNIT(.MILLI.,.METRE.) );
#7289 = ( NAMED_UNIT(*) PLANE_ANGLE_UNIT() SI_UNIT($,.RADIAN.) );
#7290 = ( NAMED_UNIT(*) SI_UNIT($,.STERADIAN.) SOLID_ANGLE_UNIT() );
#7291 = UNCERTAINTY_MEASURE_WITH_UNIT(LENGTH_MEASURE(1.E-07),#7288,
  'distance_accuracy_value','confusion accuracy');
#7292 = PRODUCT_RELATED_PRODUCT_CATEGORY('part',$,(#7279));
#7293 = CONTEXT_DEPENDENT_SHAPE_REPRESENTATION(#7294,#7296);
#7294 = ( REPRESENTATION_RELATIONSHIP('','',#6147,#7282) 
REPRESENTATION_RELATIONSHIP_WITH_TRANSFORMATION(#7295) 
SHAPE_REPRESENTATION_RELATIONSHIP() );
#7295 = ITEM_DEFINED_TRANSFORMATION('','',#11,#7283);
#7296 = PRODUCT_DEFINITION_SHAPE('Placement','Placement of an item',
  #7297);
#7297 = NEXT_ASSEMBLY_USAGE_OCCURRENCE('9','=>[0:1:1:4]','',#7277,#6142,
  $);
#7298 = SHAPE_DEFINITION_REPRESENTATION(#7299,#7305);
#7299 = PRODUCT_DEFINITION_SHAPE('','',#7300);
#7300 = PRODUCT_DEFINITION('design','',#7301,#7304);
#7301 = PRODUCT_DEFINITION_FORMATION('','',#7302);
#7302 = PRODUCT('=>[0:1:1:4]','=>[0:1:1:4]','',(#7303));
#7303 = PRODUCT_CONTEXT('',#2,'mechanical');
#7304 = PRODUCT_DEFINITION_CONTEXT('part definition',#2,'design');
#7305 = SHAPE_REPRESENTATION('',(#11,#7306),#7310);
#7306 = AXIS2_PLACEMENT_3D('',#7307,#7308,#7309);
#7307 = CARTESIAN_POINT('',(2.575,-2.275,0.25));
#7308 = DIRECTION('',(1.,0.,0.));
#7309 = DIRECTION('',(0.,1.,0.));
#7310 = ( GEOMETRIC_REPRESENTATION_CONTEXT(3) 
GLOBAL_UNCERTAINTY_ASSIGNED_CONTEXT((#7314)) 
GLOBAL_UNIT_ASSIGNED_CONTEXT((#7311,#7312,#7313)) REPRESENTATION_CONTEXT
('Context #1','3D Context with UNIT and UNCERTAINTY') );
#7311 = ( LENGTH_UNIT() NAMED_UNIT(*) SI_UNIT(.MILLI.,.METRE.) );
#7312 = ( NAMED_UNIT(*) PLANE_ANGLE_UNIT() SI_UNIT($,.RADIAN.) );
#7313 = ( NAMED_UNIT(*) SI_UNIT($,.STERADIAN.) SOLID_ANGLE_UNIT() );
#7314 = UNCERTAINTY_MEASURE_WITH_UNIT(LENGTH_MEASURE(1.E-07),#7311,
  'distance_accuracy_value','confusion accuracy');
#7315 = PRODUCT_RELATED_PRODUCT_CATEGORY('part',$,(#7302));
#7316 = CONTEXT_DEPENDENT_SHAPE_REPRESENTATION(#7317,#7319);
#7317 = ( REPRESENTATION_RELATIONSHIP('','',#6147,#7305) 
REPRESENTATION_RELATIONSHIP_WITH_TRANSFORMATION(#7318) 
SHAPE_REPRESENTATION_RELATIONSHIP() );
#7318 = ITEM_DEFINED_TRANSFORMATION('','',#11,#7306);
#7319 = PRODUCT_DEFINITION_SHAPE('Placement','Placement of an item',
  #7320);
#7320 = NEXT_ASSEMBLY_USAGE_OCCURRENCE('10','=>[0:1:1:4]','',#7300,#6142
  ,$);
#7321 = SHAPE_DEFINITION_REPRESENTATION(#7322,#7328);
#7322 = PRODUCT_DEFINITION_SHAPE('','',#7323);
#7323 = PRODUCT_DEFINITION('design','',#7324,#7327);
#7324 = PRODUCT_DEFINITION_FORMATION('','',#7325);
#7325 = PRODUCT('=>[0:1:1:4]','=>[0:1:1:4]','',(#7326));
#7326 = PRODUCT_CONTEXT('',#2,'mechanical');
#7327 = PRODUCT_DEFINITION_CONTEXT('part definition',#2,'design');
#7328 = SHAPE_REPRESENTATION('',(#11,#7329),#7333);
#7329 = AXIS2_PLACEMENT_3D('',#7330,#7331,#7332);
#7330 = CARTESIAN_POINT('',(2.575,-1.625,0.25));
#7331 = DIRECTION('',(1.,0.,0.));
#7332 = DIRECTION('',(0.,1.,0.));
#7333 = ( GEOMETRIC_REPRESENTATION_CONTEXT(3) 
GLOBAL_UNCERTAINTY_ASSIGNED_CONTEXT((#7337)) 
GLOBAL_UNIT_ASSIGNED_CONTEXT((#7334,#7335,#7336)) REPRESENTATION_CONTEXT
('Context #1','3D Context with UNIT and UNCERTAINTY') );
#7334 = ( LENGTH_UNIT() NAMED_UNIT(*) SI_UNIT(.MILLI.,.METRE.) );
#7335 = ( NAMED_UNIT(*) PLANE_ANGLE_UNIT() SI_UNIT($,.RADIAN.) );
#7336 = ( NAMED_UNIT(*) SI_UNIT($,.STERADIAN.) SOLID_ANGLE_UNIT() );
#7337 = UNCERTAINTY_MEASURE_WITH_UNIT(LENGTH_MEASURE(1.E-07),#7334,
  'distance_accuracy_value','confusion accuracy');
#7338 = PRODUCT_RELATED_PRODUCT_CATEGORY('part',$,(#7325));
#7339 = CONTEXT_DEPENDENT_SHAPE_REPRESENTATION(#7340,#7342);
#7340 = ( REPRESENTATION_RELATIONSHIP('','',#6147,#7328) 
REPRESENTATION_RELATIONSHIP_WITH_TRANSFORMATION(#7341) 
SHAPE_REPRESENTATION_RELATIONSHIP() );
#7341 = ITEM_DEFINED_TRANSFORMATION('','',#11,#7329);
#7342 = PRODUCT_DEFINITION_SHAPE('Placement','Placement of an item',
  #7343);
#7343 = NEXT_ASSEMBLY_USAGE_OCCURRENCE('11','=>[0:1:1:4]','',#7323,#6142
  ,$);
#7344 = SHAPE_DEFINITION_REPRESENTATION(#7345,#7351);
#7345 = PRODUCT_DEFINITION_SHAPE('','',#7346);
#7346 = PRODUCT_DEFINITION('design','',#7347,#7350);
#7347 = PRODUCT_DEFINITION_FORMATION('','',#7348);
#7348 = PRODUCT('=>[0:1:1:4]','=>[0:1:1:4]','',(#7349));
#7349 = PRODUCT_CONTEXT('',#2,'mechanical');
#7350 = PRODUCT_DEFINITION_CONTEXT('part definition',#2,'design');
#7351 = SHAPE_REPRESENTATION('',(#11,#7352),#7356);
#7352 = AXIS2_PLACEMENT_3D('',#7353,#7354,#7355);
#7353 = CARTESIAN_POINT('',(2.575,-0.975,0.25));
#7354 = DIRECTION('',(1.,0.,0.));
#7355 = DIRECTION('',(0.,1.,0.));
#7356 = ( GEOMETRIC_REPRESENTATION_CONTEXT(3) 
GLOBAL_UNCERTAINTY_ASSIGNED_CONTEXT((#7360)) 
GLOBAL_UNIT_ASSIGNED_CONTEXT((#7357,#7358,#7359)) REPRESENTATION_CONTEXT
('Context #1','3D Context with UNIT and UNCERTAINTY') );
#7357 = ( LENGTH_UNIT() NAMED_UNIT(*) SI_UNIT(.MILLI.,.METRE.) );
#7358 = ( NAMED_UNIT(*) PLANE_ANGLE_UNIT() SI_UNIT($,.RADIAN.) );
#7359 = ( NAMED_UNIT(*) SI_UNIT($,.STERADIAN.) SOLID_ANGLE_UNIT() );
#7360 = UNCERTAINTY_MEASURE_WITH_UNIT(LENGTH_MEASURE(1.E-07),#7357,
  'distance_accuracy_value','confusion accuracy');
#7361 = PRODUCT_RELATED_PRODUCT_CATEGORY('part',$,(#7348));
#7362 = CONTEXT_DEPENDENT_SHAPE_REPRESENTATION(#7363,#7365);
#7363 = ( REPRESENTATION_RELATIONSHIP('','',#6147,#7351) 
REPRESENTATION_RELATIONSHIP_WITH_TRANSFORMATION(#7364) 
SHAPE_REPRESENTATION_RELATIONSHIP() );
#7364 = ITEM_DEFINED_TRANSFORMATION('','',#11,#7352);
#7365 = PRODUCT_DEFINITION_SHAPE('Placement','Placement of an item',
  #7366);
#7366 = NEXT_ASSEMBLY_USAGE_OCCURRENCE('12','=>[0:1:1:4]','',#7346,#6142
  ,$);
#7367 = SHAPE_DEFINITION_REPRESENTATION(#7368,#7374);
#7368 = PRODUCT_DEFINITION_SHAPE('','',#7369);
#7369 = PRODUCT_DEFINITION('design','',#7370,#7373);
#7370 = PRODUCT_DEFINITION_FORMATION('','',#7371);
#7371 = PRODUCT('=>[0:1:1:4]','=>[0:1:1:4]','',(#7372));
#7372 = PRODUCT_CONTEXT('',#2,'mechanical');
#7373 = PRODUCT_DEFINITION_CONTEXT('part definition',#2,'design');
#7374 = SHAPE_REPRESENTATION('',(#11,#7375),#7379);
#7375 = AXIS2_PLACEMENT_3D('',#7376,#7377,#7378);
#7376 = CARTESIAN_POINT('',(2.575,-0.325,0.25));
#7377 = DIRECTION('',(1.,0.,0.));
#7378 = DIRECTION('',(0.,1.,0.));
#7379 = ( GEOMETRIC_REPRESENTATION_CONTEXT(3) 
GLOBAL_UNCERTAINTY_ASSIGNED_CONTEXT((#7383)) 
GLOBAL_UNIT_ASSIGNED_CONTEXT((#7380,#7381,#7382)) REPRESENTATION_CONTEXT
('Context #1','3D Context with UNIT and UNCERTAINTY') );
#7380 = ( LENGTH_UNIT() NAMED_UNIT(*) SI_UNIT(.MILLI.,.METRE.) );
#7381 = ( NAMED_UNIT(*) PLANE_ANGLE_UNIT() SI_UNIT($,.RADIAN.) );
#7382 = ( NAMED_UNIT(*) SI_UNIT($,.STERADIAN.) SOLID_ANGLE_UNIT() );
#7383 = UNCERTAINTY_MEASURE_WITH_UNIT(LENGTH_MEASURE(1.E-07),#7380,
  'distance_accuracy_value','confusion accuracy');
#7384 = PRODUCT_RELATED_PRODUCT_CATEGORY('part',$,(#7371));
#7385 = CONTEXT_DEPENDENT_SHAPE_REPRESENTATION(#7386,#7388);
#7386 = ( REPRESENTATION_RELATIONSHIP('','',#6147,#7374) 
REPRESENTATION_RELATIONSHIP_WITH_TRANSFORMATION(#7387) 
SHAPE_REPRESENTATION_RELATIONSHIP() );
#7387 = ITEM_DEFINED_TRANSFORMATION('','',#11,#7375);
#7388 = PRODUCT_DEFINITION_SHAPE('Placement','Placement of an item',
  #7389);
#7389 = NEXT_ASSEMBLY_USAGE_OCCURRENCE('13','=>[0:1:1:4]','',#7369,#6142
  ,$);
#7390 = SHAPE_DEFINITION_REPRESENTATION(#7391,#7397);
#7391 = PRODUCT_DEFINITION_SHAPE('','',#7392);
#7392 = PRODUCT_DEFINITION('design','',#7393,#7396);
#7393 = PRODUCT_DEFINITION_FORMATION('','',#7394);
#7394 = PRODUCT('=>[0:1:1:4]','=>[0:1:1:4]','',(#7395));
#7395 = PRODUCT_CONTEXT('',#2,'mechanical');
#7396 = PRODUCT_DEFINITION_CONTEXT('part definition',#2,'design');
#7397 = SHAPE_REPRESENTATION('',(#11,#7398),#7402);
#7398 = AXIS2_PLACEMENT_3D('',#7399,#7400,#7401);
#7399 = CARTESIAN_POINT('',(2.575,0.325,0.25));
#7400 = DIRECTION('',(1.,0.,0.));
#7401 = DIRECTION('',(0.,1.,0.));
#7402 = ( GEOMETRIC_REPRESENTATION_CONTEXT(3) 
GLOBAL_UNCERTAINTY_ASSIGNED_CONTEXT((#7406)) 
GLOBAL_UNIT_ASSIGNED_CONTEXT((#7403,#7404,#7405)) REPRESENTATION_CONTEXT
('Context #1','3D Context with UNIT and UNCERTAINTY') );
#7403 = ( LENGTH_UNIT() NAMED_UNIT(*) SI_UNIT(.MILLI.,.METRE.) );
#7404 = ( NAMED_UNIT(*) PLANE_ANGLE_UNIT() SI_UNIT($,.RADIAN.) );
#7405 = ( NAMED_UNIT(*) SI_UNIT($,.STERADIAN.) SOLID_ANGLE_UNIT() );
#7406 = UNCERTAINTY_MEASURE_WITH_UNIT(LENGTH_MEASURE(1.E-07),#7403,
  'distance_accuracy_value','confusion accuracy');
#7407 = PRODUCT_RELATED_PRODUCT_CATEGORY('part',$,(#7394));
#7408 = CONTEXT_DEPENDENT_SHAPE_REPRESENTATION(#7409,#7411);
#7409 = ( REPRESENTATION_RELATIONSHIP('','',#6147,#7397) 
REPRESENTATION_RELATIONSHIP_WITH_TRANSFORMATION(#7410) 
SHAPE_REPRESENTATION_RELATIONSHIP() );
#7410 = ITEM_DEFINED_TRANSFORMATION('','',#11,#7398);
#7411 = PRODUCT_DEFINITION_SHAPE('Placement','Placement of an item',
  #7412);
#7412 = NEXT_ASSEMBLY_USAGE_OCCURRENCE('14','=>[0:1:1:4]','',#7392,#6142
  ,$);
#7413 = SHAPE_DEFINITION_REPRESENTATION(#7414,#7420);
#7414 = PRODUCT_DEFINITION_SHAPE('','',#7415);
#7415 = PRODUCT_DEFINITION('design','',#7416,#7419);
#7416 = PRODUCT_DEFINITION_FORMATION('','',#7417);
#7417 = PRODUCT('=>[0:1:1:4]','=>[0:1:1:4]','',(#7418));
#7418 = PRODUCT_CONTEXT('',#2,'mechanical');
#7419 = PRODUCT_DEFINITION_CONTEXT('part definition',#2,'design');
#7420 = SHAPE_REPRESENTATION('',(#11,#7421),#7425);
#7421 = AXIS2_PLACEMENT_3D('',#7422,#7423,#7424);
#7422 = CARTESIAN_POINT('',(2.575,0.975,0.25));
#7423 = DIRECTION('',(1.,0.,0.));
#7424 = DIRECTION('',(0.,1.,0.));
#7425 = ( GEOMETRIC_REPRESENTATION_CONTEXT(3) 
GLOBAL_UNCERTAINTY_ASSIGNED_CONTEXT((#7429)) 
GLOBAL_UNIT_ASSIGNED_CONTEXT((#7426,#7427,#7428)) REPRESENTATION_CONTEXT
('Context #1','3D Context with UNIT and UNCERTAINTY') );
#7426 = ( LENGTH_UNIT() NAMED_UNIT(*) SI_UNIT(.MILLI.,.METRE.) );
#7427 = ( NAMED_UNIT(*) PLANE_ANGLE_UNIT() SI_UNIT($,.RADIAN.) );
#7428 = ( NAMED_UNIT(*) SI_UNIT($,.STERADIAN.) SOLID_ANGLE_UNIT() );
#7429 = UNCERTAINTY_MEASURE_WITH_UNIT(LENGTH_MEASURE(1.E-07),#7426,
  'distance_accuracy_value','confusion accuracy');
#7430 = PRODUCT_RELATED_PRODUCT_CATEGORY('part',$,(#7417));
#7431 = CONTEXT_DEPENDENT_SHAPE_REPRESENTATION(#7432,#7434);
#7432 = ( REPRESENTATION_RELATIONSHIP('','',#6147,#7420) 
REPRESENTATION_RELATIONSHIP_WITH_TRANSFORMATION(#7433) 
SHAPE_REPRESENTATION_RELATIONSHIP() );
#7433 = ITEM_DEFINED_TRANSFORMATION('','',#11,#7421);
#7434 = PRODUCT_DEFINITION_SHAPE('Placement','Placement of an item',
  #7435);
#7435 = NEXT_ASSEMBLY_USAGE_OCCURRENCE('15','=>[0:1:1:4]','',#7415,#6142
  ,$);
#7436 = SHAPE_DEFINITION_REPRESENTATION(#7437,#7443);
#7437 = PRODUCT_DEFINITION_SHAPE('','',#7438);
#7438 = PRODUCT_DEFINITION('design','',#7439,#7442);
#7439 = PRODUCT_DEFINITION_FORMATION('','',#7440);
#7440 = PRODUCT('=>[0:1:1:4]','=>[0:1:1:4]','',(#7441));
#7441 = PRODUCT_CONTEXT('',#2,'mechanical');
#7442 = PRODUCT_DEFINITION_CONTEXT('part definition',#2,'design');
#7443 = SHAPE_REPRESENTATION('',(#11,#7444),#7448);
#7444 = AXIS2_PLACEMENT_3D('',#7445,#7446,#7447);
#7445 = CARTESIAN_POINT('',(2.575,1.625,0.25));
#7446 = DIRECTION('',(1.,0.,0.));
#7447 = DIRECTION('',(0.,1.,0.));
#7448 = ( GEOMETRIC_REPRESENTATION_CONTEXT(3) 
GLOBAL_UNCERTAINTY_ASSIGNED_CONTEXT((#7452)) 
GLOBAL_UNIT_ASSIGNED_CONTEXT((#7449,#7450,#7451)) REPRESENTATION_CONTEXT
('Context #1','3D Context with UNIT and UNCERTAINTY') );
#7449 = ( LENGTH_UNIT() NAMED_UNIT(*) SI_UNIT(.MILLI.,.METRE.) );
#7450 = ( NAMED_UNIT(*) PLANE_ANGLE_UNIT() SI_UNIT($,.RADIAN.) );
#7451 = ( NAMED_UNIT(*) SI_UNIT($,.STERADIAN.) SOLID_ANGLE_UNIT() );
#7452 = UNCERTAINTY_MEASURE_WITH_UNIT(LENGTH_MEASURE(1.E-07),#7449,
  'distance_accuracy_value','confusion accuracy');
#7453 = PRODUCT_RELATED_PRODUCT_CATEGORY('part',$,(#7440));
#7454 = CONTEXT_DEPENDENT_SHAPE_REPRESENTATION(#7455,#7457);
#7455 = ( REPRESENTATION_RELATIONSHIP('','',#6147,#7443) 
REPRESENTATION_RELATIONSHIP_WITH_TRANSFORMATION(#7456) 
SHAPE_REPRESENTATION_RELATIONSHIP() );
#7456 = ITEM_DEFINED_TRANSFORMATION('','',#11,#7444);
#7457 = PRODUCT_DEFINITION_SHAPE('Placement','Placement of an item',
  #7458);
#7458 = NEXT_ASSEMBLY_USAGE_OCCURRENCE('16','=>[0:1:1:4]','',#7438,#6142
  ,$);
#7459 = SHAPE_DEFINITION_REPRESENTATION(#7460,#7466);
#7460 = PRODUCT_DEFINITION_SHAPE('','',#7461);
#7461 = PRODUCT_DEFINITION('design','',#7462,#7465);
#7462 = PRODUCT_DEFINITION_FORMATION('','',#7463);
#7463 = PRODUCT('=>[0:1:1:4]','=>[0:1:1:4]','',(#7464));
#7464 = PRODUCT_CONTEXT('',#2,'mechanical');
#7465 = PRODUCT_DEFINITION_CONTEXT('part definition',#2,'design');
#7466 = SHAPE_REPRESENTATION('',(#11,#7467),#7471);
#7467 = AXIS2_PLACEMENT_3D('',#7468,#7469,#7470);
#7468 = CARTESIAN_POINT('',(2.575,2.275,0.25));
#7469 = DIRECTION('',(1.,0.,0.));
#7470 = DIRECTION('',(0.,1.,0.));
#7471 = ( GEOMETRIC_REPRESENTATION_CONTEXT(3) 
GLOBAL_UNCERTAINTY_ASSIGNED_CONTEXT((#7475)) 
GLOBAL_UNIT_ASSIGNED_CONTEXT((#7472,#7473,#7474)) REPRESENTATION_CONTEXT
('Context #1','3D Context with UNIT and UNCERTAINTY') );
#7472 = ( LENGTH_UNIT() NAMED_UNIT(*) SI_UNIT(.MILLI.,.METRE.) );
#7473 = ( NAMED_UNIT(*) PLANE_ANGLE_UNIT() SI_UNIT($,.RADIAN.) );
#7474 = ( NAMED_UNIT(*) SI_UNIT($,.STERADIAN.) SOLID_ANGLE_UNIT() );
#7475 = UNCERTAINTY_MEASURE_WITH_UNIT(LENGTH_MEASURE(1.E-07),#7472,
  'distance_accuracy_value','confusion accuracy');
#7476 = PRODUCT_RELATED_PRODUCT_CATEGORY('part',$,(#7463));
#7477 = CONTEXT_DEPENDENT_SHAPE_REPRESENTATION(#7478,#7480);
#7478 = ( REPRESENTATION_RELATIONSHIP('','',#6147,#7466) 
REPRESENTATION_RELATIONSHIP_WITH_TRANSFORMATION(#7479) 
SHAPE_REPRESENTATION_RELATIONSHIP() );
#7479 = ITEM_DEFINED_TRANSFORMATION('','',#11,#7467);
#7480 = PRODUCT_DEFINITION_SHAPE('Placement','Placement of an item',
  #7481);
#7481 = NEXT_ASSEMBLY_USAGE_OCCURRENCE('17','=>[0:1:1:4]','',#7461,#6142
  ,$);
#7482 = SHAPE_DEFINITION_REPRESENTATION(#7483,#7489);
#7483 = PRODUCT_DEFINITION_SHAPE('','',#7484);
#7484 = PRODUCT_DEFINITION('design','',#7485,#7488);
#7485 = PRODUCT_DEFINITION_FORMATION('','',#7486);
#7486 = PRODUCT('SOLID','SOLID','',(#7487));
#7487 = PRODUCT_CONTEXT('',#2,'mechanical');
#7488 = PRODUCT_DEFINITION_CONTEXT('part definition',#2,'design');
#7489 = ADVANCED_BREP_SHAPE_REPRESENTATION('',(#11,#7490),#7820);
#7490 = MANIFOLD_SOLID_BREP('',#7491);
#7491 = CLOSED_SHELL('',(#7492,#7612,#7712,#7759,#7806,#7813));
#7492 = ADVANCED_FACE('',(#7493),#7507,.F.);
#7493 = FACE_BOUND('',#7494,.F.);
#7494 = EDGE_LOOP('',(#7495,#7530,#7558,#7586));
#7495 = ORIENTED_EDGE('',*,*,#7496,.F.);
#7496 = EDGE_CURVE('',#7497,#7499,#7501,.T.);
#7497 = VERTEX_POINT('',#7498);
#7498 = CARTESIAN_POINT('',(-1.5,-1.5,0.));
#7499 = VERTEX_POINT('',#7500);
#7500 = CARTESIAN_POINT('',(-1.5,-1.5,0.28));
#7501 = SURFACE_CURVE('',#7502,(#7506,#7518),.PCURVE_S1.);
#7502 = LINE('',#7503,#7504);
#7503 = CARTESIAN_POINT('',(-1.5,-1.5,0.));
#7504 = VECTOR('',#7505,1.);
#7505 = DIRECTION('',(0.,0.,1.));
#7506 = PCURVE('',#7507,#7512);
#7507 = PLANE('',#7508);
#7508 = AXIS2_PLACEMENT_3D('',#7509,#7510,#7511);
#7509 = CARTESIAN_POINT('',(-1.5,-1.5,0.));
#7510 = DIRECTION('',(1.,0.,-0.));
#7511 = DIRECTION('',(0.,0.,1.));
#7512 = DEFINITIONAL_REPRESENTATION('',(#7513),#7517);
#7513 = LINE('',#7514,#7515);
#7514 = CARTESIAN_POINT('',(0.,0.));
#7515 = VECTOR('',#7516,1.);
#7516 = DIRECTION('',(1.,0.));
#7517 = ( GEOMETRIC_REPRESENTATION_CONTEXT(2) 
PARAMETRIC_REPRESENTATION_CONTEXT() REPRESENTATION_CONTEXT('2D SPACE',''
  ) );
#7518 = PCURVE('',#7519,#7524);
#7519 = PLANE('',#7520);
#7520 = AXIS2_PLACEMENT_3D('',#7521,#7522,#7523);
#7521 = CARTESIAN_POINT('',(-1.5,-1.5,0.));
#7522 = DIRECTION('',(-0.,1.,0.));
#7523 = DIRECTION('',(0.,0.,1.));
#7524 = DEFINITIONAL_REPRESENTATION('',(#7525),#7529);
#7525 = LINE('',#7526,#7527);
#7526 = CARTESIAN_POINT('',(0.,0.));
#7527 = VECTOR('',#7528,1.);
#7528 = DIRECTION('',(1.,0.));
#7529 = ( GEOMETRIC_REPRESENTATION_CONTEXT(2) 
PARAMETRIC_REPRESENTATION_CONTEXT() REPRESENTATION_CONTEXT('2D SPACE',''
  ) );
#7530 = ORIENTED_EDGE('',*,*,#7531,.T.);
#7531 = EDGE_CURVE('',#7497,#7532,#7534,.T.);
#7532 = VERTEX_POINT('',#7533);
#7533 = CARTESIAN_POINT('',(-1.5,1.5,0.));
#7534 = SURFACE_CURVE('',#7535,(#7539,#7546),.PCURVE_S1.);
#7535 = LINE('',#7536,#7537);
#7536 = CARTESIAN_POINT('',(-1.5,-1.5,0.));
#7537 = VECTOR('',#7538,1.);
#7538 = DIRECTION('',(-0.,1.,0.));
#7539 = PCURVE('',#7507,#7540);
#7540 = DEFINITIONAL_REPRESENTATION('',(#7541),#7545);
#7541 = LINE('',#7542,#7543);
#7542 = CARTESIAN_POINT('',(0.,0.));
#7543 = VECTOR('',#7544,1.);
#7544 = DIRECTION('',(0.,-1.));
#7545 = ( GEOMETRIC_REPRESENTATION_CONTEXT(2) 
PARAMETRIC_REPRESENTATION_CONTEXT() REPRESENTATION_CONTEXT('2D SPACE',''
  ) );
#7546 = PCURVE('',#7547,#7552);
#7547 = PLANE('',#7548);
#7548 = AXIS2_PLACEMENT_3D('',#7549,#7550,#7551);
#7549 = CARTESIAN_POINT('',(-1.5,-1.5,0.));
#7550 = DIRECTION('',(0.,0.,1.));
#7551 = DIRECTION('',(1.,0.,-0.));
#7552 = DEFINITIONAL_REPRESENTATION('',(#7553),#7557);
#7553 = LINE('',#7554,#7555);
#7554 = CARTESIAN_POINT('',(0.,0.));
#7555 = VECTOR('',#7556,1.);
#7556 = DIRECTION('',(0.,1.));
#7557 = ( GEOMETRIC_REPRESENTATION_CONTEXT(2) 
PARAMETRIC_REPRESENTATION_CONTEXT() REPRESENTATION_CONTEXT('2D SPACE',''
  ) );
#7558 = ORIENTED_EDGE('',*,*,#7559,.T.);
#7559 = EDGE_CURVE('',#7532,#7560,#7562,.T.);
#7560 = VERTEX_POINT('',#7561);
#7561 = CARTESIAN_POINT('',(-1.5,1.5,0.28));
#7562 = SURFACE_CURVE('',#7563,(#7567,#7574),.PCURVE_S1.);
#7563 = LINE('',#7564,#7565);
#7564 = CARTESIAN_POINT('',(-1.5,1.5,0.));
#7565 = VECTOR('',#7566,1.);
#7566 = DIRECTION('',(0.,0.,1.));
#7567 = PCURVE('',#7507,#7568);
#7568 = DEFINITIONAL_REPRESENTATION('',(#7569),#7573);
#7569 = LINE('',#7570,#7571);
#7570 = CARTESIAN_POINT('',(0.,-3.));
#7571 = VECTOR('',#7572,1.);
#7572 = DIRECTION('',(1.,0.));
#7573 = ( GEOMETRIC_REPRESENTATION_CONTEXT(2) 
PARAMETRIC_REPRESENTATION_CONTEXT() REPRESENTATION_CONTEXT('2D SPACE',''
  ) );
#7574 = PCURVE('',#7575,#7580);
#7575 = PLANE('',#7576);
#7576 = AXIS2_PLACEMENT_3D('',#7577,#7578,#7579);
#7577 = CARTESIAN_POINT('',(-1.5,1.5,0.));
#7578 = DIRECTION('',(-0.,1.,0.));
#7579 = DIRECTION('',(0.,0.,1.));
#7580 = DEFINITIONAL_REPRESENTATION('',(#7581),#7585);
#7581 = LINE('',#7582,#7583);
#7582 = CARTESIAN_POINT('',(0.,0.));
#7583 = VECTOR('',#7584,1.);
#7584 = DIRECTION('',(1.,0.));
#7585 = ( GEOMETRIC_REPRESENTATION_CONTEXT(2) 
PARAMETRIC_REPRESENTATION_CONTEXT() REPRESENTATION_CONTEXT('2D SPACE',''
  ) );
#7586 = ORIENTED_EDGE('',*,*,#7587,.F.);
#7587 = EDGE_CURVE('',#7499,#7560,#7588,.T.);
#7588 = SURFACE_CURVE('',#7589,(#7593,#7600),.PCURVE_S1.);
#7589 = LINE('',#7590,#7591);
#7590 = CARTESIAN_POINT('',(-1.5,-1.5,0.28));
#7591 = VECTOR('',#7592,1.);
#7592 = DIRECTION('',(-0.,1.,0.));
#7593 = PCURVE('',#7507,#7594);
#7594 = DEFINITIONAL_REPRESENTATION('',(#7595),#7599);
#7595 = LINE('',#7596,#7597);
#7596 = CARTESIAN_POINT('',(0.28,0.));
#7597 = VECTOR('',#7598,1.);
#7598 = DIRECTION('',(0.,-1.));
#7599 = ( GEOMETRIC_REPRESENTATION_CONTEXT(2) 
PARAMETRIC_REPRESENTATION_CONTEXT() REPRESENTATION_CONTEXT('2D SPACE',''
  ) );
#7600 = PCURVE('',#7601,#7606);
#7601 = PLANE('',#7602);
#7602 = AXIS2_PLACEMENT_3D('',#7603,#7604,#7605);
#7603 = CARTESIAN_POINT('',(-1.5,-1.5,0.28));
#7604 = DIRECTION('',(0.,0.,1.));
#7605 = DIRECTION('',(1.,0.,-0.));
#7606 = DEFINITIONAL_REPRESENTATION('',(#7607),#7611);
#7607 = LINE('',#7608,#7609);
#7608 = CARTESIAN_POINT('',(0.,0.));
#7609 = VECTOR('',#7610,1.);
#7610 = DIRECTION('',(0.,1.));
#7611 = ( GEOMETRIC_REPRESENTATION_CONTEXT(2) 
PARAMETRIC_REPRESENTATION_CONTEXT() REPRESENTATION_CONTEXT('2D SPACE',''
  ) );
#7612 = ADVANCED_FACE('',(#7613),#7627,.T.);
#7613 = FACE_BOUND('',#7614,.T.);
#7614 = EDGE_LOOP('',(#7615,#7645,#7668,#7691));
#7615 = ORIENTED_EDGE('',*,*,#7616,.F.);
#7616 = EDGE_CURVE('',#7617,#7619,#7621,.T.);
#7617 = VERTEX_POINT('',#7618);
#7618 = CARTESIAN_POINT('',(1.5,-1.5,0.));
#7619 = VERTEX_POINT('',#7620);
#7620 = CARTESIAN_POINT('',(1.5,-1.5,0.28));
#7621 = SURFACE_CURVE('',#7622,(#7626,#7638),.PCURVE_S1.);
#7622 = LINE('',#7623,#7624);
#7623 = CARTESIAN_POINT('',(1.5,-1.5,0.));
#7624 = VECTOR('',#7625,1.);
#7625 = DIRECTION('',(0.,0.,1.));
#7626 = PCURVE('',#7627,#7632);
#7627 = PLANE('',#7628);
#7628 = AXIS2_PLACEMENT_3D('',#7629,#7630,#7631);
#7629 = CARTESIAN_POINT('',(1.5,-1.5,0.));
#7630 = DIRECTION('',(1.,0.,-0.));
#7631 = DIRECTION('',(0.,0.,1.));
#7632 = DEFINITIONAL_REPRESENTATION('',(#7633),#7637);
#7633 = LINE('',#7634,#7635);
#7634 = CARTESIAN_POINT('',(0.,0.));
#7635 = VECTOR('',#7636,1.);
#7636 = DIRECTION('',(1.,0.));
#7637 = ( GEOMETRIC_REPRESENTATION_CONTEXT(2) 
PARAMETRIC_REPRESENTATION_CONTEXT() REPRESENTATION_CONTEXT('2D SPACE',''
  ) );
#7638 = PCURVE('',#7519,#7639);
#7639 = DEFINITIONAL_REPRESENTATION('',(#7640),#7644);
#7640 = LINE('',#7641,#7642);
#7641 = CARTESIAN_POINT('',(0.,3.));
#7642 = VECTOR('',#7643,1.);
#7643 = DIRECTION('',(1.,0.));
#7644 = ( GEOMETRIC_REPRESENTATION_CONTEXT(2) 
PARAMETRIC_REPRESENTATION_CONTEXT() REPRESENTATION_CONTEXT('2D SPACE',''
  ) );
#7645 = ORIENTED_EDGE('',*,*,#7646,.T.);
#7646 = EDGE_CURVE('',#7617,#7647,#7649,.T.);
#7647 = VERTEX_POINT('',#7648);
#7648 = CARTESIAN_POINT('',(1.5,1.5,0.));
#7649 = SURFACE_CURVE('',#7650,(#7654,#7661),.PCURVE_S1.);
#7650 = LINE('',#7651,#7652);
#7651 = CARTESIAN_POINT('',(1.5,-1.5,0.));
#7652 = VECTOR('',#7653,1.);
#7653 = DIRECTION('',(-0.,1.,0.));
#7654 = PCURVE('',#7627,#7655);
#7655 = DEFINITIONAL_REPRESENTATION('',(#7656),#7660);
#7656 = LINE('',#7657,#7658);
#7657 = CARTESIAN_POINT('',(0.,0.));
#7658 = VECTOR('',#7659,1.);
#7659 = DIRECTION('',(0.,-1.));
#7660 = ( GEOMETRIC_REPRESENTATION_CONTEXT(2) 
PARAMETRIC_REPRESENTATION_CONTEXT() REPRESENTATION_CONTEXT('2D SPACE',''
  ) );
#7661 = PCURVE('',#7547,#7662);
#7662 = DEFINITIONAL_REPRESENTATION('',(#7663),#7667);
#7663 = LINE('',#7664,#7665);
#7664 = CARTESIAN_POINT('',(3.,0.));
#7665 = VECTOR('',#7666,1.);
#7666 = DIRECTION('',(0.,1.));
#7667 = ( GEOMETRIC_REPRESENTATION_CONTEXT(2) 
PARAMETRIC_REPRESENTATION_CONTEXT() REPRESENTATION_CONTEXT('2D SPACE',''
  ) );
#7668 = ORIENTED_EDGE('',*,*,#7669,.T.);
#7669 = EDGE_CURVE('',#7647,#7670,#7672,.T.);
#7670 = VERTEX_POINT('',#7671);
#7671 = CARTESIAN_POINT('',(1.5,1.5,0.28));
#7672 = SURFACE_CURVE('',#7673,(#7677,#7684),.PCURVE_S1.);
#7673 = LINE('',#7674,#7675);
#7674 = CARTESIAN_POINT('',(1.5,1.5,0.));
#7675 = VECTOR('',#7676,1.);
#7676 = DIRECTION('',(0.,0.,1.));
#7677 = PCURVE('',#7627,#7678);
#7678 = DEFINITIONAL_REPRESENTATION('',(#7679),#7683);
#7679 = LINE('',#7680,#7681);
#7680 = CARTESIAN_POINT('',(0.,-3.));
#7681 = VECTOR('',#7682,1.);
#7682 = DIRECTION('',(1.,0.));
#7683 = ( GEOMETRIC_REPRESENTATION_CONTEXT(2) 
PARAMETRIC_REPRESENTATION_CONTEXT() REPRESENTATION_CONTEXT('2D SPACE',''
  ) );
#7684 = PCURVE('',#7575,#7685);
#7685 = DEFINITIONAL_REPRESENTATION('',(#7686),#7690);
#7686 = LINE('',#7687,#7688);
#7687 = CARTESIAN_POINT('',(0.,3.));
#7688 = VECTOR('',#7689,1.);
#7689 = DIRECTION('',(1.,0.));
#7690 = ( GEOMETRIC_REPRESENTATION_CONTEXT(2) 
PARAMETRIC_REPRESENTATION_CONTEXT() REPRESENTATION_CONTEXT('2D SPACE',''
  ) );
#7691 = ORIENTED_EDGE('',*,*,#7692,.F.);
#7692 = EDGE_CURVE('',#7619,#7670,#7693,.T.);
#7693 = SURFACE_CURVE('',#7694,(#7698,#7705),.PCURVE_S1.);
#7694 = LINE('',#7695,#7696);
#7695 = CARTESIAN_POINT('',(1.5,-1.5,0.28));
#7696 = VECTOR('',#7697,1.);
#7697 = DIRECTION('',(-0.,1.,0.));
#7698 = PCURVE('',#7627,#7699);
#7699 = DEFINITIONAL_REPRESENTATION('',(#7700),#7704);
#7700 = LINE('',#7701,#7702);
#7701 = CARTESIAN_POINT('',(0.28,0.));
#7702 = VECTOR('',#7703,1.);
#7703 = DIRECTION('',(0.,-1.));
#7704 = ( GEOMETRIC_REPRESENTATION_CONTEXT(2) 
PARAMETRIC_REPRESENTATION_CONTEXT() REPRESENTATION_CONTEXT('2D SPACE',''
  ) );
#7705 = PCURVE('',#7601,#7706);
#7706 = DEFINITIONAL_REPRESENTATION('',(#7707),#7711);
#7707 = LINE('',#7708,#7709);
#7708 = CARTESIAN_POINT('',(3.,0.));
#7709 = VECTOR('',#7710,1.);
#7710 = DIRECTION('',(0.,1.));
#7711 = ( GEOMETRIC_REPRESENTATION_CONTEXT(2) 
PARAMETRIC_REPRESENTATION_CONTEXT() REPRESENTATION_CONTEXT('2D SPACE',''
  ) );
#7712 = ADVANCED_FACE('',(#7713),#7519,.F.);
#7713 = FACE_BOUND('',#7714,.F.);
#7714 = EDGE_LOOP('',(#7715,#7736,#7737,#7758));
#7715 = ORIENTED_EDGE('',*,*,#7716,.F.);
#7716 = EDGE_CURVE('',#7497,#7617,#7717,.T.);
#7717 = SURFACE_CURVE('',#7718,(#7722,#7729),.PCURVE_S1.);
#7718 = LINE('',#7719,#7720);
#7719 = CARTESIAN_POINT('',(-1.5,-1.5,0.));
#7720 = VECTOR('',#7721,1.);
#7721 = DIRECTION('',(1.,0.,-0.));
#7722 = PCURVE('',#7519,#7723);
#7723 = DEFINITIONAL_REPRESENTATION('',(#7724),#7728);
#7724 = LINE('',#7725,#7726);
#7725 = CARTESIAN_POINT('',(0.,0.));
#7726 = VECTOR('',#7727,1.);
#7727 = DIRECTION('',(0.,1.));
#7728 = ( GEOMETRIC_REPRESENTATION_CONTEXT(2) 
PARAMETRIC_REPRESENTATION_CONTEXT() REPRESENTATION_CONTEXT('2D SPACE',''
  ) );
#7729 = PCURVE('',#7547,#7730);
#7730 = DEFINITIONAL_REPRESENTATION('',(#7731),#7735);
#7731 = LINE('',#7732,#7733);
#7732 = CARTESIAN_POINT('',(0.,0.));
#7733 = VECTOR('',#7734,1.);
#7734 = DIRECTION('',(1.,0.));
#7735 = ( GEOMETRIC_REPRESENTATION_CONTEXT(2) 
PARAMETRIC_REPRESENTATION_CONTEXT() REPRESENTATION_CONTEXT('2D SPACE',''
  ) );
#7736 = ORIENTED_EDGE('',*,*,#7496,.T.);
#7737 = ORIENTED_EDGE('',*,*,#7738,.T.);
#7738 = EDGE_CURVE('',#7499,#7619,#7739,.T.);
#7739 = SURFACE_CURVE('',#7740,(#7744,#7751),.PCURVE_S1.);
#7740 = LINE('',#7741,#7742);
#7741 = CARTESIAN_POINT('',(-1.5,-1.5,0.28));
#7742 = VECTOR('',#7743,1.);
#7743 = DIRECTION('',(1.,0.,-0.));
#7744 = PCURVE('',#7519,#7745);
#7745 = DEFINITIONAL_REPRESENTATION('',(#7746),#7750);
#7746 = LINE('',#7747,#7748);
#7747 = CARTESIAN_POINT('',(0.28,0.));
#7748 = VECTOR('',#7749,1.);
#7749 = DIRECTION('',(0.,1.));
#7750 = ( GEOMETRIC_REPRESENTATION_CONTEXT(2) 
PARAMETRIC_REPRESENTATION_CONTEXT() REPRESENTATION_CONTEXT('2D SPACE',''
  ) );
#7751 = PCURVE('',#7601,#7752);
#7752 = DEFINITIONAL_REPRESENTATION('',(#7753),#7757);
#7753 = LINE('',#7754,#7755);
#7754 = CARTESIAN_POINT('',(0.,0.));
#7755 = VECTOR('',#7756,1.);
#7756 = DIRECTION('',(1.,0.));
#7757 = ( GEOMETRIC_REPRESENTATION_CONTEXT(2) 
PARAMETRIC_REPRESENTATION_CONTEXT() REPRESENTATION_CONTEXT('2D SPACE',''
  ) );
#7758 = ORIENTED_EDGE('',*,*,#7616,.F.);
#7759 = ADVANCED_FACE('',(#7760),#7575,.T.);
#7760 = FACE_BOUND('',#7761,.T.);
#7761 = EDGE_LOOP('',(#7762,#7783,#7784,#7805));
#7762 = ORIENTED_EDGE('',*,*,#7763,.F.);
#7763 = EDGE_CURVE('',#7532,#7647,#7764,.T.);
#7764 = SURFACE_CURVE('',#7765,(#7769,#7776),.PCURVE_S1.);
#7765 = LINE('',#7766,#7767);
#7766 = CARTESIAN_POINT('',(-1.5,1.5,0.));
#7767 = VECTOR('',#7768,1.);
#7768 = DIRECTION('',(1.,0.,-0.));
#7769 = PCURVE('',#7575,#7770);
#7770 = DEFINITIONAL_REPRESENTATION('',(#7771),#7775);
#7771 = LINE('',#7772,#7773);
#7772 = CARTESIAN_POINT('',(0.,0.));
#7773 = VECTOR('',#7774,1.);
#7774 = DIRECTION('',(0.,1.));
#7775 = ( GEOMETRIC_REPRESENTATION_CONTEXT(2) 
PARAMETRIC_REPRESENTATION_CONTEXT() REPRESENTATION_CONTEXT('2D SPACE',''
  ) );
#7776 = PCURVE('',#7547,#7777);
#7777 = DEFINITIONAL_REPRESENTATION('',(#7778),#7782);
#7778 = LINE('',#7779,#7780);
#7779 = CARTESIAN_POINT('',(0.,3.));
#7780 = VECTOR('',#7781,1.);
#7781 = DIRECTION('',(1.,0.));
#7782 = ( GEOMETRIC_REPRESENTATION_CONTEXT(2) 
PARAMETRIC_REPRESENTATION_CONTEXT() REPRESENTATION_CONTEXT('2D SPACE',''
  ) );
#7783 = ORIENTED_EDGE('',*,*,#7559,.T.);
#7784 = ORIENTED_EDGE('',*,*,#7785,.T.);
#7785 = EDGE_CURVE('',#7560,#7670,#7786,.T.);
#7786 = SURFACE_CURVE('',#7787,(#7791,#7798),.PCURVE_S1.);
#7787 = LINE('',#7788,#7789);
#7788 = CARTESIAN_POINT('',(-1.5,1.5,0.28));
#7789 = VECTOR('',#7790,1.);
#7790 = DIRECTION('',(1.,0.,-0.));
#7791 = PCURVE('',#7575,#7792);
#7792 = DEFINITIONAL_REPRESENTATION('',(#7793),#7797);
#7793 = LINE('',#7794,#7795);
#7794 = CARTESIAN_POINT('',(0.28,0.));
#7795 = VECTOR('',#7796,1.);
#7796 = DIRECTION('',(0.,1.));
#7797 = ( GEOMETRIC_REPRESENTATION_CONTEXT(2) 
PARAMETRIC_REPRESENTATION_CONTEXT() REPRESENTATION_CONTEXT('2D SPACE',''
  ) );
#7798 = PCURVE('',#7601,#7799);
#7799 = DEFINITIONAL_REPRESENTATION('',(#7800),#7804);
#7800 = LINE('',#7801,#7802);
#7801 = CARTESIAN_POINT('',(0.,3.));
#7802 = VECTOR('',#7803,1.);
#7803 = DIRECTION('',(1.,0.));
#7804 = ( GEOMETRIC_REPRESENTATION_CONTEXT(2) 
PARAMETRIC_REPRESENTATION_CONTEXT() REPRESENTATION_CONTEXT('2D SPACE',''
  ) );
#7805 = ORIENTED_EDGE('',*,*,#7669,.F.);
#7806 = ADVANCED_FACE('',(#7807),#7547,.F.);
#7807 = FACE_BOUND('',#7808,.F.);
#7808 = EDGE_LOOP('',(#7809,#7810,#7811,#7812));
#7809 = ORIENTED_EDGE('',*,*,#7531,.F.);
#7810 = ORIENTED_EDGE('',*,*,#7716,.T.);
#7811 = ORIENTED_EDGE('',*,*,#7646,.T.);
#7812 = ORIENTED_EDGE('',*,*,#7763,.F.);
#7813 = ADVANCED_FACE('',(#7814),#7601,.T.);
#7814 = FACE_BOUND('',#7815,.T.);
#7815 = EDGE_LOOP('',(#7816,#7817,#7818,#7819));
#7816 = ORIENTED_EDGE('',*,*,#7587,.F.);
#7817 = ORIENTED_EDGE('',*,*,#7738,.T.);
#7818 = ORIENTED_EDGE('',*,*,#7692,.T.);
#7819 = ORIENTED_EDGE('',*,*,#7785,.F.);
#7820 = ( GEOMETRIC_REPRESENTATION_CONTEXT(3) 
GLOBAL_UNCERTAINTY_ASSIGNED_CONTEXT((#7824)) 
GLOBAL_UNIT_ASSIGNED_CONTEXT((#7821,#7822,#7823)) REPRESENTATION_CONTEXT
('Context #1','3D Context with UNIT and UNCERTAINTY') );
#7821 = ( LENGTH_UNIT() NAMED_UNIT(*) SI_UNIT(.MILLI.,.METRE.) );
#7822 = ( NAMED_UNIT(*) PLANE_ANGLE_UNIT() SI_UNIT($,.RADIAN.) );
#7823 = ( NAMED_UNIT(*) SI_UNIT($,.STERADIAN.) SOLID_ANGLE_UNIT() );
#7824 = UNCERTAINTY_MEASURE_WITH_UNIT(LENGTH_MEASURE(1.E-07),#7821,
  'distance_accuracy_value','confusion accuracy');
#7825 = PRODUCT_RELATED_PRODUCT_CATEGORY('part',$,(#7486));
#7826 = SHAPE_DEFINITION_REPRESENTATION(#6119,#7827);
#7827 = SHAPE_REPRESENTATION('',(#15),#6111);
#7828 = SHAPE_DEFINITION_REPRESENTATION(#6119,#7829);
#7829 = SHAPE_REPRESENTATION('',(#15),#6111);
#7830 = SHAPE_DEFINITION_REPRESENTATION(#7134,#7831);
#7831 = SHAPE_REPRESENTATION('',(#6130),#7126);
#7832 = SHAPE_DEFINITION_REPRESENTATION(#7134,#7833);
#7833 = SHAPE_REPRESENTATION('',(#6130),#7126);
#7834 = SHAPE_DEFINITION_REPRESENTATION(#7158,#7835);
#7835 = SHAPE_REPRESENTATION('',(#7145),#7126);
#7836 = SHAPE_DEFINITION_REPRESENTATION(#7158,#7837);
#7837 = SHAPE_REPRESENTATION('',(#7145),#7126);
#7838 = SHAPE_DEFINITION_REPRESENTATION(#7181,#7839);
#7839 = SHAPE_REPRESENTATION('',(#7168),#7126);
#7840 = SHAPE_DEFINITION_REPRESENTATION(#7181,#7841);
#7841 = SHAPE_REPRESENTATION('',(#7168),#7126);
#7842 = SHAPE_DEFINITION_REPRESENTATION(#7204,#7843);
#7843 = SHAPE_REPRESENTATION('',(#7191),#7126);
#7844 = SHAPE_DEFINITION_REPRESENTATION(#7204,#7845);
#7845 = SHAPE_REPRESENTATION('',(#7191),#7126);
#7846 = SHAPE_DEFINITION_REPRESENTATION(#7227,#7847);
#7847 = SHAPE_REPRESENTATION('',(#7214),#7126);
#7848 = SHAPE_DEFINITION_REPRESENTATION(#7227,#7849);
#7849 = SHAPE_REPRESENTATION('',(#7214),#7126);
#7850 = SHAPE_DEFINITION_REPRESENTATION(#7250,#7851);
#7851 = SHAPE_REPRESENTATION('',(#7237),#7126);
#7852 = SHAPE_DEFINITION_REPRESENTATION(#7250,#7853);
#7853 = SHAPE_REPRESENTATION('',(#7237),#7126);
#7854 = SHAPE_DEFINITION_REPRESENTATION(#7273,#7855);
#7855 = SHAPE_REPRESENTATION('',(#7260),#7126);
#7856 = SHAPE_DEFINITION_REPRESENTATION(#7273,#7857);
#7857 = SHAPE_REPRESENTATION('',(#7260),#7126);
#7858 = SHAPE_DEFINITION_REPRESENTATION(#7296,#7859);
#7859 = SHAPE_REPRESENTATION('',(#7283),#7126);
#7860 = SHAPE_DEFINITION_REPRESENTATION(#7296,#7861);
#7861 = SHAPE_REPRESENTATION('',(#7283),#7126);
#7862 = SHAPE_DEFINITION_REPRESENTATION(#7319,#7863);
#7863 = SHAPE_REPRESENTATION('',(#7306),#7126);
#7864 = SHAPE_DEFINITION_REPRESENTATION(#7319,#7865);
#7865 = SHAPE_REPRESENTATION('',(#7306),#7126);
#7866 = SHAPE_DEFINITION_REPRESENTATION(#7342,#7867);
#7867 = SHAPE_REPRESENTATION('',(#7329),#7126);
#7868 = SHAPE_DEFINITION_REPRESENTATION(#7342,#7869);
#7869 = SHAPE_REPRESENTATION('',(#7329),#7126);
#7870 = SHAPE_DEFINITION_REPRESENTATION(#7365,#7871);
#7871 = SHAPE_REPRESENTATION('',(#7352),#7126);
#7872 = SHAPE_DEFINITION_REPRESENTATION(#7365,#7873);
#7873 = SHAPE_REPRESENTATION('',(#7352),#7126);
#7874 = SHAPE_DEFINITION_REPRESENTATION(#7388,#7875);
#7875 = SHAPE_REPRESENTATION('',(#7375),#7126);
#7876 = SHAPE_DEFINITION_REPRESENTATION(#7388,#7877);
#7877 = SHAPE_REPRESENTATION('',(#7375),#7126);
#7878 = SHAPE_DEFINITION_REPRESENTATION(#7411,#7879);
#7879 = SHAPE_REPRESENTATION('',(#7398),#7126);
#7880 = SHAPE_DEFINITION_REPRESENTATION(#7411,#7881);
#7881 = SHAPE_REPRESENTATION('',(#7398),#7126);
#7882 = SHAPE_DEFINITION_REPRESENTATION(#7434,#7883);
#7883 = SHAPE_REPRESENTATION('',(#7421),#7126);
#7884 = SHAPE_DEFINITION_REPRESENTATION(#7434,#7885);
#7885 = SHAPE_REPRESENTATION('',(#7421),#7126);
#7886 = SHAPE_DEFINITION_REPRESENTATION(#7457,#7887);
#7887 = SHAPE_REPRESENTATION('',(#7444),#7126);
#7888 = SHAPE_DEFINITION_REPRESENTATION(#7457,#7889);
#7889 = SHAPE_REPRESENTATION('',(#7444),#7126);
#7890 = SHAPE_DEFINITION_REPRESENTATION(#7480,#7891);
#7891 = SHAPE_REPRESENTATION('',(#7467),#7126);
#7892 = SHAPE_DEFINITION_REPRESENTATION(#7480,#7893);
#7893 = SHAPE_REPRESENTATION('',(#7467),#7126);
#7894 = MECHANICAL_DESIGN_GEOMETRIC_PRESENTATION_REPRESENTATION('',(
    #7895),#7820);
#7895 = STYLED_ITEM('color',(#7896),#7490);
#7896 = PRESENTATION_STYLE_ASSIGNMENT((#7897,#7903));
#7897 = SURFACE_STYLE_USAGE(.BOTH.,#7898);
#7898 = SURFACE_SIDE_STYLE('',(#7899));
#7899 = SURFACE_STYLE_FILL_AREA(#7900);
#7900 = FILL_AREA_STYLE('',(#7901));
#7901 = FILL_AREA_STYLE_COLOUR('',#7902);
#7902 = COLOUR_RGB('',0.865042042985,0.870344943399,0.88082502109);
#7903 = CURVE_STYLE('',#7904,POSITIVE_LENGTH_MEASURE(0.1),#7902);
#7904 = DRAUGHTING_PRE_DEFINED_CURVE_FONT('continuous');
#7905 = MECHANICAL_DESIGN_GEOMETRIC_PRESENTATION_REPRESENTATION('',(
    #7906,#7916),#6111);
#7906 = STYLED_ITEM('color',(#7907),#33);
#7907 = PRESENTATION_STYLE_BY_CONTEXT((#7908,#7914),#7827);
#7908 = SURFACE_STYLE_USAGE(.BOTH.,#7909);
#7909 = SURFACE_SIDE_STYLE('',(#7910));
#7910 = SURFACE_STYLE_FILL_AREA(#7911);
#7911 = FILL_AREA_STYLE('',(#7912));
#7912 = FILL_AREA_STYLE_COLOUR('',#7913);
#7913 = COLOUR_RGB('',0.395881257971,0.395881257971,0.423582879168);
#7914 = CURVE_STYLE('',#7915,POSITIVE_LENGTH_MEASURE(0.1),#7913);
#7915 = DRAUGHTING_PRE_DEFINED_CURVE_FONT('continuous');
#7916 = STYLED_ITEM('color',(#7917),#33);
#7917 = PRESENTATION_STYLE_BY_CONTEXT((#7918,#7923),#7829);
#7918 = SURFACE_STYLE_USAGE(.BOTH.,#7919);
#7919 = SURFACE_SIDE_STYLE('',(#7920));
#7920 = SURFACE_STYLE_FILL_AREA(#7921);
#7921 = FILL_AREA_STYLE('',(#7922));
#7922 = FILL_AREA_STYLE_COLOUR('',#7913);
#7923 = CURVE_STYLE('',#7924,POSITIVE_LENGTH_MEASURE(0.1),#7913);
#7924 = DRAUGHTING_PRE_DEFINED_CURVE_FONT('continuous');
#7925 = MECHANICAL_DESIGN_GEOMETRIC_PRESENTATION_REPRESENTATION('',(
    #7926,#7935,#7944,#7953,#7962,#7971,#7980,#7989,#7998,#8007,#8016,
    #8025,#8034,#8043,#8052,#8061,#8070,#8079,#8088,#8097,#8106,#8115,
    #8124,#8133,#8142,#8151,#8160,#8169,#8178,#8187,#8196,#8205),#7126);
#7926 = STYLED_ITEM('color',(#7927),#6148);
#7927 = PRESENTATION_STYLE_BY_CONTEXT((#7928,#7933),#7831);
#7928 = SURFACE_STYLE_USAGE(.BOTH.,#7929);
#7929 = SURFACE_SIDE_STYLE('',(#7930));
#7930 = SURFACE_STYLE_FILL_AREA(#7931);
#7931 = FILL_AREA_STYLE('',(#7932));
#7932 = FILL_AREA_STYLE_COLOUR('',#7902);
#7933 = CURVE_STYLE('',#7934,POSITIVE_LENGTH_MEASURE(0.1),#7902);
#7934 = DRAUGHTING_PRE_DEFINED_CURVE_FONT('continuous');
#7935 = STYLED_ITEM('color',(#7936),#6148);
#7936 = PRESENTATION_STYLE_BY_CONTEXT((#7937,#7942),#7833);
#7937 = SURFACE_STYLE_USAGE(.BOTH.,#7938);
#7938 = SURFACE_SIDE_STYLE('',(#7939));
#7939 = SURFACE_STYLE_FILL_AREA(#7940);
#7940 = FILL_AREA_STYLE('',(#7941));
#7941 = FILL_AREA_STYLE_COLOUR('',#7902);
#7942 = CURVE_STYLE('',#7943,POSITIVE_LENGTH_MEASURE(0.1),#7902);
#7943 = DRAUGHTING_PRE_DEFINED_CURVE_FONT('continuous');
#7944 = STYLED_ITEM('color',(#7945),#6148);
#7945 = PRESENTATION_STYLE_BY_CONTEXT((#7946,#7951),#7835);
#7946 = SURFACE_STYLE_USAGE(.BOTH.,#7947);
#7947 = SURFACE_SIDE_STYLE('',(#7948));
#7948 = SURFACE_STYLE_FILL_AREA(#7949);
#7949 = FILL_AREA_STYLE('',(#7950));
#7950 = FILL_AREA_STYLE_COLOUR('',#7902);
#7951 = CURVE_STYLE('',#7952,POSITIVE_LENGTH_MEASURE(0.1),#7902);
#7952 = DRAUGHTING_PRE_DEFINED_CURVE_FONT('continuous');
#7953 = STYLED_ITEM('color',(#7954),#6148);
#7954 = PRESENTATION_STYLE_BY_CONTEXT((#7955,#7960),#7837);
#7955 = SURFACE_STYLE_USAGE(.BOTH.,#7956);
#7956 = SURFACE_SIDE_STYLE('',(#7957));
#7957 = SURFACE_STYLE_FILL_AREA(#7958);
#7958 = FILL_AREA_STYLE('',(#7959));
#7959 = FILL_AREA_STYLE_COLOUR('',#7902);
#7960 = CURVE_STYLE('',#7961,POSITIVE_LENGTH_MEASURE(0.1),#7902);
#7961 = DRAUGHTING_PRE_DEFINED_CURVE_FONT('continuous');
#7962 = STYLED_ITEM('color',(#7963),#6148);
#7963 = PRESENTATION_STYLE_BY_CONTEXT((#7964,#7969),#7839);
#7964 = SURFACE_STYLE_USAGE(.BOTH.,#7965);
#7965 = SURFACE_SIDE_STYLE('',(#7966));
#7966 = SURFACE_STYLE_FILL_AREA(#7967);
#7967 = FILL_AREA_STYLE('',(#7968));
#7968 = FILL_AREA_STYLE_COLOUR('',#7902);
#7969 = CURVE_STYLE('',#7970,POSITIVE_LENGTH_MEASURE(0.1),#7902);
#7970 = DRAUGHTING_PRE_DEFINED_CURVE_FONT('continuous');
#7971 = STYLED_ITEM('color',(#7972),#6148);
#7972 = PRESENTATION_STYLE_BY_CONTEXT((#7973,#7978),#7841);
#7973 = SURFACE_STYLE_USAGE(.BOTH.,#7974);
#7974 = SURFACE_SIDE_STYLE('',(#7975));
#7975 = SURFACE_STYLE_FILL_AREA(#7976);
#7976 = FILL_AREA_STYLE('',(#7977));
#7977 = FILL_AREA_STYLE_COLOUR('',#7902);
#7978 = CURVE_STYLE('',#7979,POSITIVE_LENGTH_MEASURE(0.1),#7902);
#7979 = DRAUGHTING_PRE_DEFINED_CURVE_FONT('continuous');
#7980 = STYLED_ITEM('color',(#7981),#6148);
#7981 = PRESENTATION_STYLE_BY_CONTEXT((#7982,#7987),#7843);
#7982 = SURFACE_STYLE_USAGE(.BOTH.,#7983);
#7983 = SURFACE_SIDE_STYLE('',(#7984));
#7984 = SURFACE_STYLE_FILL_AREA(#7985);
#7985 = FILL_AREA_STYLE('',(#7986));
#7986 = FILL_AREA_STYLE_COLOUR('',#7902);
#7987 = CURVE_STYLE('',#7988,POSITIVE_LENGTH_MEASURE(0.1),#7902);
#7988 = DRAUGHTING_PRE_DEFINED_CURVE_FONT('continuous');
#7989 = STYLED_ITEM('color',(#7990),#6148);
#7990 = PRESENTATION_STYLE_BY_CONTEXT((#7991,#7996),#7845);
#7991 = SURFACE_STYLE_USAGE(.BOTH.,#7992);
#7992 = SURFACE_SIDE_STYLE('',(#7993));
#7993 = SURFACE_STYLE_FILL_AREA(#7994);
#7994 = FILL_AREA_STYLE('',(#7995));
#7995 = FILL_AREA_STYLE_COLOUR('',#7902);
#7996 = CURVE_STYLE('',#7997,POSITIVE_LENGTH_MEASURE(0.1),#7902);
#7997 = DRAUGHTING_PRE_DEFINED_CURVE_FONT('continuous');
#7998 = STYLED_ITEM('color',(#7999),#6148);
#7999 = PRESENTATION_STYLE_BY_CONTEXT((#8000,#8005),#7847);
#8000 = SURFACE_STYLE_USAGE(.BOTH.,#8001);
#8001 = SURFACE_SIDE_STYLE('',(#8002));
#8002 = SURFACE_STYLE_FILL_AREA(#8003);
#8003 = FILL_AREA_STYLE('',(#8004));
#8004 = FILL_AREA_STYLE_COLOUR('',#7902);
#8005 = CURVE_STYLE('',#8006,POSITIVE_LENGTH_MEASURE(0.1),#7902);
#8006 = DRAUGHTING_PRE_DEFINED_CURVE_FONT('continuous');
#8007 = STYLED_ITEM('color',(#8008),#6148);
#8008 = PRESENTATION_STYLE_BY_CONTEXT((#8009,#8014),#7849);
#8009 = SURFACE_STYLE_USAGE(.BOTH.,#8010);
#8010 = SURFACE_SIDE_STYLE('',(#8011));
#8011 = SURFACE_STYLE_FILL_AREA(#8012);
#8012 = FILL_AREA_STYLE('',(#8013));
#8013 = FILL_AREA_STYLE_COLOUR('',#7902);
#8014 = CURVE_STYLE('',#8015,POSITIVE_LENGTH_MEASURE(0.1),#7902);
#8015 = DRAUGHTING_PRE_DEFINED_CURVE_FONT('continuous');
#8016 = STYLED_ITEM('color',(#8017),#6148);
#8017 = PRESENTATION_STYLE_BY_CONTEXT((#8018,#8023),#7851);
#8018 = SURFACE_STYLE_USAGE(.BOTH.,#8019);
#8019 = SURFACE_SIDE_STYLE('',(#8020));
#8020 = SURFACE_STYLE_FILL_AREA(#8021);
#8021 = FILL_AREA_STYLE('',(#8022));
#8022 = FILL_AREA_STYLE_COLOUR('',#7902);
#8023 = CURVE_STYLE('',#8024,POSITIVE_LENGTH_MEASURE(0.1),#7902);
#8024 = DRAUGHTING_PRE_DEFINED_CURVE_FONT('continuous');
#8025 = STYLED_ITEM('color',(#8026),#6148);
#8026 = PRESENTATION_STYLE_BY_CONTEXT((#8027,#8032),#7853);
#8027 = SURFACE_STYLE_USAGE(.BOTH.,#8028);
#8028 = SURFACE_SIDE_STYLE('',(#8029));
#8029 = SURFACE_STYLE_FILL_AREA(#8030);
#8030 = FILL_AREA_STYLE('',(#8031));
#8031 = FILL_AREA_STYLE_COLOUR('',#7902);
#8032 = CURVE_STYLE('',#8033,POSITIVE_LENGTH_MEASURE(0.1),#7902);
#8033 = DRAUGHTING_PRE_DEFINED_CURVE_FONT('continuous');
#8034 = STYLED_ITEM('color',(#8035),#6148);
#8035 = PRESENTATION_STYLE_BY_CONTEXT((#8036,#8041),#7855);
#8036 = SURFACE_STYLE_USAGE(.BOTH.,#8037);
#8037 = SURFACE_SIDE_STYLE('',(#8038));
#8038 = SURFACE_STYLE_FILL_AREA(#8039);
#8039 = FILL_AREA_STYLE('',(#8040));
#8040 = FILL_AREA_STYLE_COLOUR('',#7902);
#8041 = CURVE_STYLE('',#8042,POSITIVE_LENGTH_MEASURE(0.1),#7902);
#8042 = DRAUGHTING_PRE_DEFINED_CURVE_FONT('continuous');
#8043 = STYLED_ITEM('color',(#8044),#6148);
#8044 = PRESENTATION_STYLE_BY_CONTEXT((#8045,#8050),#7857);
#8045 = SURFACE_STYLE_USAGE(.BOTH.,#8046);
#8046 = SURFACE_SIDE_STYLE('',(#8047));
#8047 = SURFACE_STYLE_FILL_AREA(#8048);
#8048 = FILL_AREA_STYLE('',(#8049));
#8049 = FILL_AREA_STYLE_COLOUR('',#7902);
#8050 = CURVE_STYLE('',#8051,POSITIVE_LENGTH_MEASURE(0.1),#7902);
#8051 = DRAUGHTING_PRE_DEFINED_CURVE_FONT('continuous');
#8052 = STYLED_ITEM('color',(#8053),#6148);
#8053 = PRESENTATION_STYLE_BY_CONTEXT((#8054,#8059),#7859);
#8054 = SURFACE_STYLE_USAGE(.BOTH.,#8055);
#8055 = SURFACE_SIDE_STYLE('',(#8056));
#8056 = SURFACE_STYLE_FILL_AREA(#8057);
#8057 = FILL_AREA_STYLE('',(#8058));
#8058 = FILL_AREA_STYLE_COLOUR('',#7902);
#8059 = CURVE_STYLE('',#8060,POSITIVE_LENGTH_MEASURE(0.1),#7902);
#8060 = DRAUGHTING_PRE_DEFINED_CURVE_FONT('continuous');
#8061 = STYLED_ITEM('color',(#8062),#6148);
#8062 = PRESENTATION_STYLE_BY_CONTEXT((#8063,#8068),#7861);
#8063 = SURFACE_STYLE_USAGE(.BOTH.,#8064);
#8064 = SURFACE_SIDE_STYLE('',(#8065));
#8065 = SURFACE_STYLE_FILL_AREA(#8066);
#8066 = FILL_AREA_STYLE('',(#8067));
#8067 = FILL_AREA_STYLE_COLOUR('',#7902);
#8068 = CURVE_STYLE('',#8069,POSITIVE_LENGTH_MEASURE(0.1),#7902);
#8069 = DRAUGHTING_PRE_DEFINED_CURVE_FONT('continuous');
#8070 = STYLED_ITEM('color',(#8071),#6148);
#8071 = PRESENTATION_STYLE_BY_CONTEXT((#8072,#8077),#7863);
#8072 = SURFACE_STYLE_USAGE(.BOTH.,#8073);
#8073 = SURFACE_SIDE_STYLE('',(#8074));
#8074 = SURFACE_STYLE_FILL_AREA(#8075);
#8075 = FILL_AREA_STYLE('',(#8076));
#8076 = FILL_AREA_STYLE_COLOUR('',#7902);
#8077 = CURVE_STYLE('',#8078,POSITIVE_LENGTH_MEASURE(0.1),#7902);
#8078 = DRAUGHTING_PRE_DEFINED_CURVE_FONT('continuous');
#8079 = STYLED_ITEM('color',(#8080),#6148);
#8080 = PRESENTATION_STYLE_BY_CONTEXT((#8081,#8086),#7865);
#8081 = SURFACE_STYLE_USAGE(.BOTH.,#8082);
#8082 = SURFACE_SIDE_STYLE('',(#8083));
#8083 = SURFACE_STYLE_FILL_AREA(#8084);
#8084 = FILL_AREA_STYLE('',(#8085));
#8085 = FILL_AREA_STYLE_COLOUR('',#7902);
#8086 = CURVE_STYLE('',#8087,POSITIVE_LENGTH_MEASURE(0.1),#7902);
#8087 = DRAUGHTING_PRE_DEFINED_CURVE_FONT('continuous');
#8088 = STYLED_ITEM('color',(#8089),#6148);
#8089 = PRESENTATION_STYLE_BY_CONTEXT((#8090,#8095),#7867);
#8090 = SURFACE_STYLE_USAGE(.BOTH.,#8091);
#8091 = SURFACE_SIDE_STYLE('',(#8092));
#8092 = SURFACE_STYLE_FILL_AREA(#8093);
#8093 = FILL_AREA_STYLE('',(#8094));
#8094 = FILL_AREA_STYLE_COLOUR('',#7902);
#8095 = CURVE_STYLE('',#8096,POSITIVE_LENGTH_MEASURE(0.1),#7902);
#8096 = DRAUGHTING_PRE_DEFINED_CURVE_FONT('continuous');
#8097 = STYLED_ITEM('color',(#8098),#6148);
#8098 = PRESENTATION_STYLE_BY_CONTEXT((#8099,#8104),#7869);
#8099 = SURFACE_STYLE_USAGE(.BOTH.,#8100);
#8100 = SURFACE_SIDE_STYLE('',(#8101));
#8101 = SURFACE_STYLE_FILL_AREA(#8102);
#8102 = FILL_AREA_STYLE('',(#8103));
#8103 = FILL_AREA_STYLE_COLOUR('',#7902);
#8104 = CURVE_STYLE('',#8105,POSITIVE_LENGTH_MEASURE(0.1),#7902);
#8105 = DRAUGHTING_PRE_DEFINED_CURVE_FONT('continuous');
#8106 = STYLED_ITEM('color',(#8107),#6148);
#8107 = PRESENTATION_STYLE_BY_CONTEXT((#8108,#8113),#7871);
#8108 = SURFACE_STYLE_USAGE(.BOTH.,#8109);
#8109 = SURFACE_SIDE_STYLE('',(#8110));
#8110 = SURFACE_STYLE_FILL_AREA(#8111);
#8111 = FILL_AREA_STYLE('',(#8112));
#8112 = FILL_AREA_STYLE_COLOUR('',#7902);
#8113 = CURVE_STYLE('',#8114,POSITIVE_LENGTH_MEASURE(0.1),#7902);
#8114 = DRAUGHTING_PRE_DEFINED_CURVE_FONT('continuous');
#8115 = STYLED_ITEM('color',(#8116),#6148);
#8116 = PRESENTATION_STYLE_BY_CONTEXT((#8117,#8122),#7873);
#8117 = SURFACE_STYLE_USAGE(.BOTH.,#8118);
#8118 = SURFACE_SIDE_STYLE('',(#8119));
#8119 = SURFACE_STYLE_FILL_AREA(#8120);
#8120 = FILL_AREA_STYLE('',(#8121));
#8121 = FILL_AREA_STYLE_COLOUR('',#7902);
#8122 = CURVE_STYLE('',#8123,POSITIVE_LENGTH_MEASURE(0.1),#7902);
#8123 = DRAUGHTING_PRE_DEFINED_CURVE_FONT('continuous');
#8124 = STYLED_ITEM('color',(#8125),#6148);
#8125 = PRESENTATION_STYLE_BY_CONTEXT((#8126,#8131),#7875);
#8126 = SURFACE_STYLE_USAGE(.BOTH.,#8127);
#8127 = SURFACE_SIDE_STYLE('',(#8128));
#8128 = SURFACE_STYLE_FILL_AREA(#8129);
#8129 = FILL_AREA_STYLE('',(#8130));
#8130 = FILL_AREA_STYLE_COLOUR('',#7902);
#8131 = CURVE_STYLE('',#8132,POSITIVE_LENGTH_MEASURE(0.1),#7902);
#8132 = DRAUGHTING_PRE_DEFINED_CURVE_FONT('continuous');
#8133 = STYLED_ITEM('color',(#8134),#6148);
#8134 = PRESENTATION_STYLE_BY_CONTEXT((#8135,#8140),#7877);
#8135 = SURFACE_STYLE_USAGE(.BOTH.,#8136);
#8136 = SURFACE_SIDE_STYLE('',(#8137));
#8137 = SURFACE_STYLE_FILL_AREA(#8138);
#8138 = FILL_AREA_STYLE('',(#8139));
#8139 = FILL_AREA_STYLE_COLOUR('',#7902);
#8140 = CURVE_STYLE('',#8141,POSITIVE_LENGTH_MEASURE(0.1),#7902);
#8141 = DRAUGHTING_PRE_DEFINED_CURVE_FONT('continuous');
#8142 = STYLED_ITEM('color',(#8143),#6148);
#8143 = PRESENTATION_STYLE_BY_CONTEXT((#8144,#8149),#7879);
#8144 = SURFACE_STYLE_USAGE(.BOTH.,#8145);
#8145 = SURFACE_SIDE_STYLE('',(#8146));
#8146 = SURFACE_STYLE_FILL_AREA(#8147);
#8147 = FILL_AREA_STYLE('',(#8148));
#8148 = FILL_AREA_STYLE_COLOUR('',#7902);
#8149 = CURVE_STYLE('',#8150,POSITIVE_LENGTH_MEASURE(0.1),#7902);
#8150 = DRAUGHTING_PRE_DEFINED_CURVE_FONT('continuous');
#8151 = STYLED_ITEM('color',(#8152),#6148);
#8152 = PRESENTATION_STYLE_BY_CONTEXT((#8153,#8158),#7881);
#8153 = SURFACE_STYLE_USAGE(.BOTH.,#8154);
#8154 = SURFACE_SIDE_STYLE('',(#8155));
#8155 = SURFACE_STYLE_FILL_AREA(#8156);
#8156 = FILL_AREA_STYLE('',(#8157));
#8157 = FILL_AREA_STYLE_COLOUR('',#7902);
#8158 = CURVE_STYLE('',#8159,POSITIVE_LENGTH_MEASURE(0.1),#7902);
#8159 = DRAUGHTING_PRE_DEFINED_CURVE_FONT('continuous');
#8160 = STYLED_ITEM('color',(#8161),#6148);
#8161 = PRESENTATION_STYLE_BY_CONTEXT((#8162,#8167),#7883);
#8162 = SURFACE_STYLE_USAGE(.BOTH.,#8163);
#8163 = SURFACE_SIDE_STYLE('',(#8164));
#8164 = SURFACE_STYLE_FILL_AREA(#8165);
#8165 = FILL_AREA_STYLE('',(#8166));
#8166 = FILL_AREA_STYLE_COLOUR('',#7902);
#8167 = CURVE_STYLE('',#8168,POSITIVE_LENGTH_MEASURE(0.1),#7902);
#8168 = DRAUGHTING_PRE_DEFINED_CURVE_FONT('continuous');
#8169 = STYLED_ITEM('color',(#8170),#6148);
#8170 = PRESENTATION_STYLE_BY_CONTEXT((#8171,#8176),#7885);
#8171 = SURFACE_STYLE_USAGE(.BOTH.,#8172);
#8172 = SURFACE_SIDE_STYLE('',(#8173));
#8173 = SURFACE_STYLE_FILL_AREA(#8174);
#8174 = FILL_AREA_STYLE('',(#8175));
#8175 = FILL_AREA_STYLE_COLOUR('',#7902);
#8176 = CURVE_STYLE('',#8177,POSITIVE_LENGTH_MEASURE(0.1),#7902);
#8177 = DRAUGHTING_PRE_DEFINED_CURVE_FONT('continuous');
#8178 = STYLED_ITEM('color',(#8179),#6148);
#8179 = PRESENTATION_STYLE_BY_CONTEXT((#8180,#8185),#7887);
#8180 = SURFACE_STYLE_USAGE(.BOTH.,#8181);
#8181 = SURFACE_SIDE_STYLE('',(#8182));
#8182 = SURFACE_STYLE_FILL_AREA(#8183);
#8183 = FILL_AREA_STYLE('',(#8184));
#8184 = FILL_AREA_STYLE_COLOUR('',#7902);
#8185 = CURVE_STYLE('',#8186,POSITIVE_LENGTH_MEASURE(0.1),#7902);
#8186 = DRAUGHTING_PRE_DEFINED_CURVE_FONT('continuous');
#8187 = STYLED_ITEM('color',(#8188),#6148);
#8188 = PRESENTATION_STYLE_BY_CONTEXT((#8189,#8194),#7889);
#8189 = SURFACE_STYLE_USAGE(.BOTH.,#8190);
#8190 = SURFACE_SIDE_STYLE('',(#8191));
#8191 = SURFACE_STYLE_FILL_AREA(#8192);
#8192 = FILL_AREA_STYLE('',(#8193));
#8193 = FILL_AREA_STYLE_COLOUR('',#7902);
#8194 = CURVE_STYLE('',#8195,POSITIVE_LENGTH_MEASURE(0.1),#7902);
#8195 = DRAUGHTING_PRE_DEFINED_CURVE_FONT('continuous');
#8196 = STYLED_ITEM('color',(#8197),#6148);
#8197 = PRESENTATION_STYLE_BY_CONTEXT((#8198,#8203),#7891);
#8198 = SURFACE_STYLE_USAGE(.BOTH.,#8199);
#8199 = SURFACE_SIDE_STYLE('',(#8200));
#8200 = SURFACE_STYLE_FILL_AREA(#8201);
#8201 = FILL_AREA_STYLE('',(#8202));
#8202 = FILL_AREA_STYLE_COLOUR('',#7902);
#8203 = CURVE_STYLE('',#8204,POSITIVE_LENGTH_MEASURE(0.1),#7902);
#8204 = DRAUGHTING_PRE_DEFINED_CURVE_FONT('continuous');
#8205 = STYLED_ITEM('color',(#8206),#6148);
#8206 = PRESENTATION_STYLE_BY_CONTEXT((#8207,#8212),#7893);
#8207 = SURFACE_STYLE_USAGE(.BOTH.,#8208);
#8208 = SURFACE_SIDE_STYLE('',(#8209));
#8209 = SURFACE_STYLE_FILL_AREA(#8210);
#8210 = FILL_AREA_STYLE('',(#8211));
#8211 = FILL_AREA_STYLE_COLOUR('',#7902);
#8212 = CURVE_STYLE('',#8213,POSITIVE_LENGTH_MEASURE(0.1),#7902);
#8213 = DRAUGHTING_PRE_DEFINED_CURVE_FONT('continuous');
ENDSEC;
END-ISO-10303-21;
